threshold,total_kept,total_removed,correct_removed,incorrect_removed,kept_accuracy,percent_data_kept,percent_errors_removed,percent_correct_removed
0.1,4923,283,154,129,0.9230144221003453,94.56396465616596,25.393700787401574,3.2779906343124736
0.2,4762,444,250,194,0.9340613187736245,91.47137917787168,38.188976377952756,5.321413367390379
0.3,4568,638,385,253,0.9441768826619965,87.74490971955437,49.803149606299215,8.194976585781182
0.4,4274,932,620,312,0.9541413196069256,82.09757971571264,61.417322834645674,13.197105151128138
0.5,3900,1306,940,366,0.9635897435897436,74.9135612754514,72.04724409448819,20.008514261387823
0.6,3215,1991,1567,424,0.9738724727838258,61.7556665386093,83.46456692913385,33.3546189868029
0.7,1498,3708,3238,470,0.9746328437917223,28.774490971955437,92.51968503937007,68.92294593444018
0.8,1086,4120,3634,486,0.9797421731123389,20.86054552439493,95.66929133858267,77.35206470838655
0.9,526,4680,4178,502,0.9885931558935361,10.103726469458318,98.81889763779527,88.93146019582801
