threshold,total_kept,total_removed,correct_removed,incorrect_removed,kept_accuracy,percent_data_kept,percent_errors_removed,percent_correct_removed
0.1,4436,770,503,267,0.9310189359783588,85.20937379946216,46.596858638743456,10.856896179581264
0.2,4024,1182,853,329,0.9393638170974155,77.29542835190165,57.417102966841185,18.411396503345564
0.3,3649,1557,1185,372,0.9449164154562893,70.09220130618517,64.92146596858639,25.577379667601985
0.4,3142,2064,1656,408,0.9474856779121579,60.353438340376485,71.20418848167539,35.7435786747248
0.5,2806,2400,1961,439,0.9522451888809693,53.899346907414525,76.61431064572426,42.326786099719406
0.6,2464,2742,2273,469,0.9577922077922078,47.330003841721094,81.84991273996509,49.06108353118929
0.7,2125,3081,2590,491,0.9614117647058823,40.81828659239339,85.68935427574172,55.90330239585582
0.8,1712,3494,2982,512,0.9643691588785047,32.88513253937764,89.3542757417103,64.36434275847184
0.9,1217,3989,3458,531,0.9654889071487264,23.376872839031886,92.67015706806284,74.63846319879129
