{
  "atom transfer radical polymerization": {
    "pca_1": -0.19741755305426062,
    "pca_2": 0.3849913534848175
  },
  "free radical": {
    "pca_1": 0.5175825237282539,
    "pca_2": 0.11884626307072935
  },
  "cationic": {
    "pca_1": 0.011588584697205894,
    "pca_2": -0.31488708503371393
  },
  "na": {
    "pca_1": 0.05910529367537594,
    "pca_2": -0.4048030211730385
  },
  "anionic": {
    "pca_1": 0.08447020056348403,
    "pca_2": -0.3533932078777261
  },
  "photo-induced polymerization": {
    "pca_1": -0.3286293324172177,
    "pca_2": 0.2066140454048031
  },
  "bulk": {
    "pca_1": 0.020655707516546027,
    "pca_2": -0.36557945136264525
  },
  "nickel-mediated radical": {
    "pca_1": 0.27468514804923805,
    "pca_2": 0.12054636953250236
  },
  "Radical": {
    "pca_1": 0.6171036212630941,
    "pca_2": 0.09447471457812011
  },
  "controlled radical": {
    "pca_1": 0.4916491017691375,
    "pca_2": 0.19279935199252402
  },
  "photopolymerization": {
    "pca_1": -0.4875642696400196,
    "pca_2": 0.19223527740519103
  },
  "thermal polymerization": {
    "pca_1": -0.4700664090752607,
    "pca_2": 0.23931086248464284
  },
  "controlled/living radical": {
    "pca_1": 0.44566146253639993,
    "pca_2": 0.18184899728471052
  },
  "radical": {
    "pca_1": 0.5984971397850867,
    "pca_2": 0.0961976157005472
  },
  "thermal": {
    "pca_1": -0.08521663962226184,
    "pca_2": -0.35393842360931993
  },
  "atom-transfer radical polymerization": {
    "pca_1": -0.21198238428716412,
    "pca_2": 0.3923171279597408
  },
  "Free radical": {
    "pca_1": 0.5383186727027377,
    "pca_2": 0.1283155935386589
  },
  "conventional radical polymerization": {
    "pca_1": -0.10262699332289475,
    "pca_2": 0.3651555098834023
  },
  "group transfer polymerization": {
    "pca_1": -0.42910825955859344,
    "pca_2": 0.24571746044747592
  },
  "zirconocene-catalyzed polymerization": {
    "pca_1": -0.32088980500006875,
    "pca_2": 0.20159199009365686
  },
  "Emulsion": {
    "pca_1": -0.2292977544172768,
    "pca_2": -0.5581232717774763
  },
  "Homogeneous Radical": {
    "pca_1": 0.3236036195761247,
    "pca_2": 0.03880873631572747
  },
  "reversible deactivation radical polymerization": {
    "pca_1": -0.09334974369818318,
    "pca_2": 0.3644138947452616
  },
  "semicontinuous emulsion": {
    "pca_1": -0.3008037267230476,
    "pca_2": -0.45420208176139143
  },
  "reversible addition-fragmentation chain transfer polymerization": {
    "pca_1": -0.33929309325503865,
    "pca_2": 0.30574602313107463
  },
  "Free Radical": {
    "pca_1": 0.5144741022633167,
    "pca_2": 0.156209166286821
  },
  "sodium-catalyzed": {
    "pca_1": -0.16375131694629028,
    "pca_2": -0.08605782062843073
  },
  "controlled/living polymerization": {
    "pca_1": -0.3563970489810374,
    "pca_2": 0.2187449710874319
  },
  "charge transfer": {
    "pca_1": -0.07148633988511197,
    "pca_2": -0.2462130419039065
  },
  "reversible addition-fragmentation chain transfer": {
    "pca_1": -0.18300594435650047,
    "pca_2": 0.15871000285574033
  },
  "Radiation-induced": {
    "pca_1": 0.09605404908952675,
    "pca_2": -0.1345199720952608
  },
  "enzyme-catalyzed": {
    "pca_1": -0.1777885737507824,
    "pca_2": -0.05238829527674019
  },
  "metal-catalyzed": {
    "pca_1": -0.1860491690703995,
    "pca_2": 0.007543253896018912
  },
  "emulsion": {
    "pca_1": -0.24950545483885206,
    "pca_2": -0.5487922506034413
  },
  "redox": {
    "pca_1": 0.18602711186360596,
    "pca_2": -0.16298368843819921
  },
  "Radiation-Initiated": {
    "pca_1": 0.04499827297679713,
    "pca_2": -0.09511216981113169
  },
  "radiation-induced": {
    "pca_1": 0.09209621738589031,
    "pca_2": -0.10322307763142986
  },
  "spontaneous": {
    "pca_1": 0.06765898245844032,
    "pca_2": -0.17692172219574354
  }
}