Metric,Train,Test,CV_Average
R² Score,0.8982743730391609,0.4078351743704216,0.4809617656875343
RMSE,0.20072803384798088,0.4842996403196837,
