Metric,Train,Test,CV_Average
R² Score,0.8328670731575861,0.37049337659274373,0.4859360945236366
RMSE,0.26040214250065147,0.5053749318613748,
