Metric,Train,Test,CV_Average
R² Score,0.20981256087865552,0.04073396862302259,0.505051998792666
RMSE,9.145644352504833,9.663395946803828,
