accuracy_mean,accuracy_std,precision_mean,precision_std,recall_mean,recall_std,f1_score_mean,f1_score_std,auc_mean,auc_std,high_confidence_accuracy,medium_confidence_accuracy,low_confidence_accuracy,high_confidence_count,medium_confidence_count,low_confidence_count,mean_confidence,std_confidence
0.8970371327329101,0.012518296025654347,0.9063046537020165,0.019380617077878654,0.986064694863566,0.014366109814027878,0.9442824399530961,0.006437010132551581,0.8718038222681885,0.0068259606211364945,0.9797421731123389,0.9708783466416158,0.7870416875941738,1086,2129,1991,0.6034245598321916,0.23512473091614863
