fold,accuracy,precision,recall,f1_score,auc,best_params
1,0.9165067178502879,0.9321685508735869,0.9773706896551724,0.9542346133613887,0.8789653281911675,"{'subsample': 0.8, 'reg_lambda': 2, 'reg_alpha': 0.5, 'n_estimators': 100, 'max_depth': 5, 'learning_rate': 0.1, 'colsample_bytree': 0.9}"
2,0.8867562380038387,0.8884540117416829,0.9956140350877193,0.9389865563598759,0.8776273616734144,"{'subsample': 1.0, 'reg_lambda': 1.5, 'reg_alpha': 0.5, 'n_estimators': 100, 'max_depth': 6, 'learning_rate': 0.01, 'colsample_bytree': 0.9}"
3,0.9001919385796545,0.9009708737864077,0.9978494623655914,0.9469387755102041,0.8630856374807988,"{'subsample': 1.0, 'reg_lambda': 1.5, 'reg_alpha': 0.5, 'n_estimators': 100, 'max_depth': 6, 'learning_rate': 0.01, 'colsample_bytree': 0.9}"
4,0.885576923076923,0.8894277400581959,0.9945770065075922,0.9390681003584229,0.8725045038420531,"{'subsample': 1.0, 'reg_lambda': 1.5, 'reg_alpha': 0.5, 'n_estimators': 100, 'max_depth': 6, 'learning_rate': 0.01, 'colsample_bytree': 0.9}"
5,0.8961538461538462,0.9205020920502092,0.9649122807017544,0.9421841541755889,0.8668362801535088,"{'subsample': 0.8, 'reg_lambda': 2, 'reg_alpha': 0.5, 'n_estimators': 100, 'max_depth': 5, 'learning_rate': 0.1, 'colsample_bytree': 0.9}"
