accuracy_mean,accuracy_std,precision_mean,precision_std,recall_mean,recall_std,f1_score_mean,f1_score_std,auc_mean,auc_std,high_confidence_accuracy,medium_confidence_accuracy,low_confidence_accuracy,high_confidence_count,medium_confidence_count,low_confidence_count,mean_confidence,std_confidence
0.8899328214971209,0.01919505960247234,0.9484858858900127,0.007456911589578159,0.9258627137813817,0.02433008130653222,0.936873198870894,0.012014803286086244,0.8724705280226622,0.012134259878391394,0.9643691588785047,0.9428191489361702,0.8289569657184537,1712,752,2742,0.5418475693287962,0.3414403641987852
