sample_size,train_r2,test_r2,train_std,test_std
100,0.9997643494555263,0.027193270700553152,4.3177810098416676e-05,0.08323284622356308
250,0.9944891726586864,0.1259753602699428,0.0011582527350463966,0.28021240921943946
500,0.9710686227578517,0.28468687108477686,0.0037997146869107722,0.07106644578018578
1000,0.9019060439564482,0.3684882436592276,0.015576038315760772,0.1101583078275486
2000,0.8203895030098265,0.44702623028635136,0.011626408890538946,0.05088561793964524
2946,0.7731140317921665,0.49505075231500284,0.008406658451099103,0.023771362698165613
