{
    "file": "paper_199.json",
    "monomer1_s": "C=Cc1c(C)cc(C)cc1C",
    "monomer2_s": "C=CC#N",
    "monomer1": "Vinylmesitylene",
    "monomer2": "Acrylonitrile",
    "r_values": {
        "constant_1": 0.16,
        "constant_2": 0.98
    },
    "conf_intervals": {
        "constant_conf_1": 0.02,
        "constant_conf_2": 0.02
    },
    "temperature": 138.0,
    "temperature_unit": "\u00b0C",
    "solvent": "c1ccccc1",
    "method": "solvent",
    "r-product": null,
    "source": "Bull. Soc. Chim. Belg., 59, pp. 629-648, 1950",
    "calculation_method": "Alfrey-Price",
    "polymerization_type": "free radical",
    "logP": 1.6866,
    "monomer1_data": {
        "smiles": "C=Cc1c(C)cc(C)cc1C",
        "ip": 12.780301368449452,
        "ip_corrected": 7.934301368449452,
        "ea": 3.035782749533461,
        "homo": -0.37475467007580265,
        "lumo": -0.20764772427388997,
        "charges": {
            "1": -0.08862274727170809,
            "2": -0.020378512926282746,
            "3": -0.009490413261077454,
            "4": 0.008742494603750928,
            "5": -0.10568410775079842,
            "6": -0.055556948794521756,
            "7": 0.010769119413309186,
            "8": -0.10688162432475734,
            "9": -0.055558708245688856,
            "10": 0.00876748335807917,
            "11": -0.105694107708494,
            "12": 0.030667055351551932,
            "13": 0.03341222282942294,
            "14": 0.032472510032846694,
            "15": 0.04130524500881191,
            "16": 0.043443795213146785,
            "17": 0.0386095107221758,
            "18": 0.026327356467987853,
            "19": 0.04386653864401729,
            "20": 0.03988859407570742,
            "21": 0.03989039128692988,
            "22": 0.026330480531398616,
            "23": 0.04349905222874439,
            "24": 0.03860939413874848,
            "25": 0.04126592637669652
        },
        "dipole": [
            -0.0138484930913698,
            -0.0030628553097927056,
            -0.06895340456983111
        ],
        "global_electrophilicity": 0.4810961904691635,
        "global_nucleophilicity": -7.934301368449452,
        "fukui_electrophilicity": {
            "1": 0.04038148067230689,
            "2": 0.03243360702328793,
            "3": 0.0433991953972899,
            "4": 0.051734308813698705,
            "5": -0.024914696670266273,
            "6": 0.036877286043201306,
            "7": 0.061388571744118506,
            "8": -0.02648784318804545,
            "9": 0.03666415972495221,
            "10": 0.052061604645381815,
            "11": -0.0250016805746211,
            "12": 0.07566695133246565,
            "13": 0.05896159437810462,
            "14": 0.06960254565831855,
            "15": 0.03976734892524805,
            "16": 0.03765694927001985,
            "17": 0.04248632779285351,
            "18": 0.07217388387634044,
            "19": 0.04909316431147723,
            "20": 0.041834484055258254,
            "21": 0.041860004131795026,
            "22": 0.07212251907597345,
            "23": 0.037832535271286515,
            "24": 0.04253702911710154,
            "25": 0.03986866917269836
        },
        "fukui_nucleophilicity": {
            "1": 0.01896214720361776,
            "2": -0.004290741884608484,
            "3": 0.06381142011533021,
            "4": 0.038022139136612176,
            "5": -0.022509202203468998,
            "6": 0.029119971054427728,
            "7": 0.057568821747529975,
            "8": -0.02278580770768915,
            "9": 0.029030385718963977,
            "10": 0.03804407482568245,
            "11": -0.022463653263126576,
            "12": 0.05617910585382511,
            "13": 0.04414557873890901,
            "14": 0.07645590413092977,
            "15": 0.05246147521239659,
            "16": 0.05589152018614882,
            "17": 0.04342705901634062,
            "18": 0.0610195247256172,
            "19": 0.08132986576772144,
            "20": 0.05677454666592006,
            "21": 0.05673905428750235,
            "22": 0.06096128312387839,
            "23": 0.0562312455006285,
            "24": 0.04350016786690523,
            "25": 0.052374114198133766
        },
        "boltzmann_weights": [
            0.5000002441664372,
            0.4999997558335629
        ],
        "best_conformer_elements": [
            6,
            6,
            6,
            6,
            6,
            6,
            6,
            6,
            6,
            6,
            6,
            1,
            1,
            1,
            1,
            1,
            1,
            1,
            1,
            1,
            1,
            1,
            1,
            1,
            1
        ],