{
    "file": "paper_174.json",
    "monomer1_s": "C=C(C)C(=O)OC",
    "monomer2_s": "C=C(C)C(=O)OCc1ccccc1",
    "monomer1": "methyl methacrylate",
    "monomer2": "benzyl methacrylate",
    "r_values": {
        "constant_1": 0.93,
        "constant_2": 1.05
    },
    "conf_intervals": {
        "constant_conf_1": null,
        "constant_conf_2": null
    },
    "temperature": 60.0,
    "temperature_unit": "\u00b0C",
    "solvent": "c1ccccc1",
    "method": "solvent",
    "r-product": null,
    "source": "European Polymer Journal, 1965, Vol. 1, pp. 85-90",
    "calculation_method": "Fineman-Ross",
    "polymerization_type": "radical",
    "logP": 1.6866,
    "monomer1_data": {
        "smiles": "C=C(C)C(=O)OC",
        "ip": 14.236483972656346,
        "ip_corrected": 9.390483972656346,
        "ea": 3.965500029838621,
        "homo": -0.41127032387995544,
        "lumo": -0.26950129410851986,
        "charges": {
            "1": -0.08192644204948094,
            "2": -0.007758938742676788,
            "3": -0.11040535221003818,
            "4": 0.34920872447012063,
            "5": -0.4109728775483542,
            "6": -0.2641504660609933,
            "7": 0.035165391019299455,
            "8": 0.05595603293225091,
            "9": 0.06272990863841402,
            "10": 0.0654729267794723,
            "11": 0.06547300436630195,
            "12": 0.05055145378886996,
            "13": 0.06218368236208788,
            "14": 0.06218369754524128,
            "15": 0.06628925470948674
        },
        "dipole": [
            0.042189455222522244,
            -0.7608520055498939,
            0.06845067776298096
        ],
        "global_electrophilicity": 0.8813642895109609,
        "global_nucleophilicity": -9.390483972656346,
        "fukui_electrophilicity": {
            "1": 0.0916099776458229,
            "2": 0.08194480124254042,
            "3": -0.03870700638664119,
            "4": 0.08164153093062626,
            "5": 0.19459726093903607,
            "6": 0.07836988169535863,
            "7": -0.03498260375536273,
            "8": 0.11948701878867324,
            "9": 0.10428214255764144,
            "10": 0.06198656850236382,
            "11": 0.06198649192249827,
            "12": 0.06017707177149582,
            "13": 0.04047835404033179,
            "14": 0.04047833993174442,
            "15": 0.05665017017387712
        },
        "fukui_nucleophilicity": {
            "1": 0.05119712917593304,
            "2": 0.06180413311607634,
            "3": -0.01940489925170101,
            "4": 0.013324588985722141,
            "5": 0.15569776430206916,
            "6": 0.09388640424022587,
            "7": -0.026619602504503993,
            "8": 0.1033747366245307,
            "9": 0.08566644804667564,
            "10": 0.09644914037738059,
            "11": 0.09644892416456753,
            "12": 0.07537139198169276,
            "13": 0.07058385012774213,
            "14": 0.07058380855498125,
            "15": 0.07163618205861905
        },
        "fukui_radical": {
            "1": 0.07140355341087798,
            "2": 0.07187446717930837,
            "3": -0.029055952819171102,
            "4": 0.0474830599581742,
            "5": 0.17514751262055261,
            "6": 0.08612814296779225,
            "7": -0.030801103129933362,
            "8": 0.11143087770660196,
            "9": 0.09497429530215853,
            "10": 0.0792178544398722,
            "11": 0.0792177080435329,
            "12": 0.06777423187659429,
            "13": 0.05553110208403696,
            "14": 0.05553107424336284,
            "15": 0.06414317611624809
        },
        "best_conformer_coordinates": [
            [
                -1.0679874721335532,
                -1.591695393005097,
                0.1190505870012582
            ],
            [
                -0.9789696677262058,
                -0.2700634531963184,
                0.015569141935180716
            ],
            [
                -2.152414502903391,
                0.6374624311751305,
                -0.17280008390949914
            ],
            [
                0.33254570919277476,
                0.4296358416853463,
                0.08092895025997722
            ],
            [
                0.4667403029430531,
                1.6257720313950312,
                -0.007628838348907176
            ],
            [
                1.368254296471444,
                -0.40841920824982436,
                0.25032440426561303
            ],
            [
                2.6475724912740755,
                0.20137513824591807,
                0.3202395569867531
            ],
            [
                -2.019589027601903,
                -2.0945475365498094,
                0.07121808444667849
            ],
            [
                -0.1962306925063066,
                -2.2069421172817725,
                0.25399723219802745
            ],
            [
                -2.0338701146835967,
                1.2076321838811321,
                -1.092623302807032
            ],
            [
                -2.1989630647919824,
                1.3547927910841435,
                0.6448131655597281
            ],
            [
                -3.078828528124943,
                0.07221525271252598,
                -0.21295259783201617
            ],
            [
                2.690936133782629,
                0.8988648503855212,
                1.159567291618923
            ],
            [
                2.858178339796767,
                0.7497948862504704,
                -0.6004798925286432
            ],
            [
                3.3626258023029116,
                -0.6058776985323392,
                0.4565564987903857
            ]
        ],
        "best_conformer_elements": [
            6,
            6,
            6,
            6,
            8,
            8,
            6,
            1,
            1,
            1,
            1,
            1,
            1,
            1,
            1
        ],
        "best_conformer_energy": -22.894683429971266
    },
    "monomer2_data": {
        "smiles": "C=C(C)C(=O)OCc1ccccc1",
        "ip": 13.309604824990423,
        "ip_corrected": 8.463604824990423,
        "ea": 4.589953631614075,
        "homo": -0.40438276108941296,
        "lumo": -0.26742035649098705,
        "charges": {
            "1": -0.08155152553309578,
            "2": -0.007513520969984852,
            "3": -0.10982011045519974,
            "4": 0.3505782144834032,
            "5": -0.4162802599919058,
            "6": -0.2677264385678789,
            "7": 0.08041875953760033,
            "8": 0.008267841827471506,
            "9": -0.030889778265978884,
            "10": -0.027729421675837092,
            "11": -0.028623668496811444,
            "12": -0.02772895664624645,
            "13": -0.030890336215560775,
            "14": 0.05516113003842644,
            "15": 0.06236229318278555,
            "16": 0.06513527410673217,
            "17": 0.06513547467317693,
            "18": 0.050154231994043445,
            "19": 0.05239986668210031,
            "20": 0.052402451638140425,
            "21": 0.03826461299775454,
            "22": 0.037036379711212375,
            "23": 0.03613672846356421,
            "24": 0.03703629803974258,
            "25": 0.03826445944235402
        },
        "dipole": [
            0.43076554566071745,
            0.7974252919843989,
            0.02742825798830244
        ],
        "global_electrophilicity": 0.9656925249164687,
        "global_nucleophilicity": -8.463604824990423,
        "fukui_electrophilicity": {
            "1": 0.054533552133126884,
            "2": 0.0522675813526757,
            "3": -0.025827707927130877,
            "4": 0.04486135359102428,
            "5": 0.1215032420615742,
            "6": 0.047835678140831395,
            "7": -0.017339867824387317,
            "8": 0.030349340023556437,
            "9": 0.019795239966977407,
            "10": 0.025165813046105427,