{
    "file": "paper_498.json",
    "monomer1_s": "O=C1C=CC(=O)O1",
    "monomer2_s": "O=C1C=CC(=O)N1c1ccccc1",
    "monomer1": "Maleic Anhydride",
    "monomer2": "N-Phenylmaleimide",
    "r_values": {
        "constant_1": 1.0017,
        "constant_2": 11.0025
    },
    "conf_intervals": {
        "constant_conf_1": 0.0176,
        "constant_conf_2": 0.0305
    },
    "temperature": 60.0,
    "temperature_unit": "\u00b0C",
    "solvent": "Cc1ccccc1",
    "method": "solvent",
    "r-product": null,
    "source": "Journal of Polymer Science: Part A: Polymer Chemistry, Vol. 28, 795-801 (1990)",
    "calculation_method": "penultimate mu model",
    "polymerization_type": "free radical",
    "logP": 1.99502,
    "monomer1_data": {
        "smiles": "O=C1C=CC(=O)O1",
        "ip": 15.900878027101923,
        "ip_corrected": 11.054878027101923,
        "ea": 6.460014475622868,
        "homo": -0.46238439929177266,
        "lumo": -0.36195466582110164,
        "charges": {
            "1": -0.2941881850292992,
            "2": 0.36186259667080867,
            "3": -0.04882117032060509,
            "4": -0.048821663932855815,
            "5": 0.3618625986892957,
            "6": -0.29418799581870747,
            "7": -0.2361013463873719,
            "8": 0.0991976641904159,
            "9": 0.09919750193830755
        },
        "dipole": [
            0.02252629972930212,
            1.6095495729881135,
            0.03503157808557637
        ],
        "global_electrophilicity": 2.1250815188994485,
        "global_nucleophilicity": -11.054878027101923,
        "fukui_electrophilicity": {
            "1": 0.20684180079229175,
            "2": 0.05554706628341721,
            "3": 0.07772392122146196,
            "4": 0.07772348160390369,
            "5": 0.055547109381013204,
            "6": 0.2068417997294305,
            "7": 0.09352041805136502,
            "8": 0.11312719556494338,
            "9": 0.11312720737216109
        },
        "fukui_nucleophilicity": {
            "1": 0.24406057875471876,
            "2": 0.03203358320566174,
            "3": 0.048203335562302226,
            "4": 0.048204167711183986,
            "5": 0.03203341222674566,
            "6": 0.24406026138272296,
            "7": 0.11633670520252432,
            "8": 0.11753386857050649,
            "9": 0.11753408759019536
        },
        "boltzmann_weights": [
            1.0
        ],
        "best_conformer_elements": [
            8,
            6,
            6,
            6,
            6,
            8,
            8,
            1,
            1
        ],
        "best_conformer_coordinates": [
            [
                -2.204573649227907,
                -1.115321055707451,
                -0.002298100950483874
            ],
            [
                -1.1093351090393155,
                -0.6532542001429931,
                -0.00048067934597688074
            ],
            [
                -0.6821986468566222,
                0.7759545772718469,
                -0.008942359574604814
            ],
            [
                0.6467155929828198,
                0.8057975343361282,
                -0.0028399914941270982
            ],
            [
                1.137513916088871,
                -0.6027871884116063,
                0.00983683780653634
            ],
            [
                2.2523614973703174,
                -1.0152209131010461,
                0.018168288871179734
            ],
            [
                0.03174611737968137,
                -1.4153007027606417,
                0.0105424647339251
            ],
            [
                -1.3932605337205264,
                1.5795851881535365,
                -0.018225205507185604
            ],
            [
                1.3210308203144236,
                1.6405467550704305,
                -0.005761259831016097
            ]
        ],
        "best_conformer_energy": -21.756575519080812,
        "fukui_radical": {
            "1": 0.22544662819838956,
            "2": 0.04379257545312501,
            "3": 0.06296487536424719,
            "4": 0.06296497760586295,
            "5": 0.04379297948953842,
            "6": 0.22544579064573986,
            "7": 0.10492885010999314,
            "8": 0.11533111453334595,
            "9": 0.11533220870276614
        }
    },
    "monomer2_data": {
        "smiles": "O=C1C=CC(=O)N1C1CCCCC1",
        "ip": 13.577683859491115,
        "ip_corrected": 8.731683859491115,
        "ea": 5.837791906705405,
        "homo": -0.4150320688291327,
        "lumo": -0.33121204792194003,
        "charges": {
            "1": -0.3574656042586242,
            "2": 0.2812756261160977,
            "3": -0.05268355104109626,
            "4": -0.05294621255990479,
            "5": 0.28384745150282037,
            "6": -0.35846029070932606,
            "7": -0.11271197552282261,
            "8": 0.04675031405163444,
            "9": -0.06346951300843229,
            "10": -0.0572720407048654,
            "11": -0.060282070780824086,
            "12": -0.057271915099912335,
            "13": -0.06346807378418214,
            "14": 0.0819840421618484,
            "15": 0.08198660895095924,
            "16": 0.06442690754593619,
            "17": 0.03162488265341429,
            "18": 0.0568665279828529,
            "19": 0.03653215652644022,
            "20": 0.03569793954645098,
            "21": 0.0406341897538824,
            "22": 0.033687173683679746,
            "23": 0.03569859453926426,
            "24": 0.03653199240053322,
            "25": 0.03162536570994437,
            "26": 0.05686147434422608
        },
        "dipole": [
            0.17864034975261328,
            -0.029047688977613208,
            0.14119592099018932
        ],
        "global_electrophilicity": 1.5269266927844904,
        "global_nucleophilicity": -8.731683859491115,
        "fukui_electrophilicity": {
            "1": 0.1829010231851091,
            "2": 0.05458485378252448,
            "3": 0.07288250058772636,
            "4": 0.07286779843713664,
            "5": 0.0554057586645898,
            "6": 0.18384783756224599,
            "7": 0.054013770220806445,
            "8": -0.015740989658846752,
            "9": -0.004342458623758122,
            "10": -0.005483130465085154,
            "11": -0.008575913880547133,
            "12": -0.005483147061271038,
            "13": -0.00434222294154845,
            "14": 0.10185795333100713,
            "15": 0.10184816062169258,
            "16": 0.024854470881630113,
            "17": 0.009176916149210422,
            "18": 0.0031846427198002347,
            "19": 0.024512811240725112,
            "20": 0.014730387647719917,
            "21": 0.010169654710263931,
            "22": 0.025524687747045284,
            "23": 0.014730123191244341,
            "24": 0.0245128337492893,
            "25": 0.009175865204209387,
            "26": 0.0031858129970726914
        },
        "fukui_nucleophilicity": {
            "1": 0.0870503602955569,
            "2": 0.009958965458719327,
            "3": 0.02247554080150882,
            "4": 0.02104783380582497,
            "5": 0.010833409366592495,
            "6": 0.0897909711804194,
            "7": 0.03999464608062753,
            "8": 0.004816775715811843,
            "9": -0.0035821271299178864,
            "10": -0.003496408031750664,
            "11": -0.0016449827576882486,
            "12": -0.003496672892786823,
            "13": -0.003582131764130872,
            "14": 0.057513586043157455,
            "15": 0.054580511578652846,
            "16": 0.04858592950394619,
            "17": 0.06207630116415731,
            "18": 0.041366992914779986,
            "19": 0.0841307478089215,
            "20": 0.050103723696383315,
            "21": 0.04455431221170861,
            "22": 0.049248942272191364,
            "23": 0.0501018745840328,
            "24": 0.08413200602860062,
            "25": 0.062073778751590564,