{
    "file": "paper_241.json",
    "monomer1_s": "C=CCC=C",
    "monomer2_s": "C=CC#N",
    "monomer1": "1,4-Pentadiene",
    "monomer2": "Acrylonitrile",
    "r_values": {
        "constant_1": 0.0,
        "constant_2": 1.13
    },
    "conf_intervals": {
        "constant_conf_1": null,
        "constant_conf_2": null
    },
    "temperature": 50.0,
    "temperature_unit": "\u00b0C",
    "solvent": "CN(C)C=O",
    "method": "solvent",
    "r-product": null,
    "source": "Journal of Polymer Science: Part A, Vol. 3, pp. 501-511 (1965)",
    "calculation_method": "least-squares fit",
    "polymerization_type": "free radical",
    "logP": -0.2956000000000001,
    "monomer1_data": {
        "smiles": "C=CCC=C",
        "ip": 13.865203493055681,
        "ip_corrected": 9.01920349305568,
        "ea": 2.605941182003542,
        "homo": -0.39740030300210394,
        "lumo": -0.2107577516834017,
        "charges": {
            "1": -0.09404704162185493,
            "2": -0.023049587327556936,
            "3": -0.0590165193850463,
            "4": -0.023049596476397538,
            "5": -0.09404703749062719,
            "6": 0.036029297548007176,
            "7": 0.034149785257039295,
            "8": 0.03127955459178438,
            "9": 0.0451462578448934,
            "10": 0.04514626638477104,
            "11": 0.03127954459811049,
            "12": 0.036029292082049594,
            "13": 0.034149783994815185
        },
        "dipole": [
            -0.007608922371565985,
            -0.006636406565065068,
            -0.07740863686558414
        ],
        "global_electrophilicity": 0.5102110739558892,
        "global_nucleophilicity": -9.01920349305568,
        "fukui_electrophilicity": {
            "1": 0.07331883634009104,
            "2": 0.07482243492033205,
            "3": -0.023817143144034825,
            "4": 0.07482252292868616,
            "5": 0.07331873464247647,
            "6": 0.09852657524478392,
            "7": 0.10560549963456205,
            "8": 0.08738224546178774,
            "9": 0.07225297526979998,
            "10": 0.0722529994027456,
            "11": 0.08738224722588889,
            "12": 0.09852656961811945,
            "13": 0.10560550245475406
        },
        "fukui_nucleophilicity": {
            "1": 0.060753921574193515,
            "2": 0.04918622785542082,
            "3": -0.005313472189125236,
            "4": 0.049186269117727555,
            "5": 0.06075391743763592,
            "6": 0.09420417623652166,
            "7": 0.10540030762129113,
            "8": 0.09276738064187104,
            "9": 0.1003446913381498,
            "10": 0.10034468722484968,
            "11": 0.09276741922621265,
            "12": 0.09420417828589243,
            "13": 0.1054002956293347
        },
        "boltzmann_weights": [
            0.3284249520537517,
            0.32833180948191665,
            0.34324323846433163
        ],
        "best_conformer_elements": [
            6,
            6,
            6,
            6,
            6,
            1,
            1,
            1,
            1,
            1,
            1,
            1,
            1
        ],
        "best_conformer_coordinates": [
            [
                -2.170759077909252,
                0.5482847497118984,
                -0.6768769461252045
            ],
            [
                -0.9067267224541792,
                0.7629437773667881,
                -0.3663216747737583
            ],
            [
                -0.14294278016645592,
                -0.005659832228223799,
                0.6707357816608939
            ],
            [
                0.9817060347369495,
                -0.7601181138908243,
                0.026105699286423496
            ],
            [
                2.261052679633116,
                -0.5446527599321775,
                0.2651452051069122
            ],
            [
                -2.677871907786599,
                1.1193646332215175,
                -1.4361021380448382
            ],
            [
                -2.757381729101891,
                -0.20646543762703,
                -0.17808707961320236
            ],
            [
                -0.3352068504949153,
                1.5229863381426796,
                -0.8833876888528808
            ],
            [
                -0.8140583135968998,
                -0.7080911995792115,
                1.1717259609129542
            ],
            [
                0.2611336744943432,
                0.686299773109327,
                1.4141851696390102
            ],
            [
                0.6753610308390042,
                -1.5097956445160203,
                -0.6920888407241463
            ],
            [
                3.037095147265098,
                -1.1050925404520462,
                -0.22818974884285456
            ],
            [
                2.58859880924993,
                0.19999625667328425,
                0.9728043247754148
            ]
        ],
        "best_conformer_energy": -14.711613017800847,
        "fukui_radical": {
            "1": 0.06692434557606586,
            "2": 0.06197663882706939,
            "3": -0.014458318436661906,
            "4": 0.061979111054705646,
            "5": 0.06692965137448992,
            "6": 0.10568671822524012,
            "7": 0.09652099938591899,
            "8": 0.09021778892727458,
            "9": 0.08591555311866837,
            "10": 0.08590256759087805,
            "11": 0.09021067055856438,
            "12": 0.1056817527622446,
            "13": 0.09651252103553137
        }
    },
    "monomer2_data": {
        "smiles": "C=CC#N",
        "ip": 15.437176806318503,
        "ip_corrected": 10.591176806318503,
        "ea": 3.8289813808508004,
        "homo": -0.4277683293695803,
        "lumo": -0.28211163098961317,
        "charges": {
            "1": -0.05961169012740816,
            "2": -0.01732687045759991,
            "3": 0.1182224067521214,
            "4": -0.22501464611972768,
            "5": 0.060876740653373736,
            "6": 0.056910808147125444,
            "7": 0.06594325115211837
        },
        "dipole": [
            -1.3682395954382502,
            0.4193750676404717,
            0.3073979410978311
        ],
        "global_electrophilicity": 0.9870666976349574,
        "global_nucleophilicity": -10.591176806318503,
        "fukui_electrophilicity": {
            "1": 0.11689097730490014,
            "2": 0.09589168721827514,
            "3": 0.0833043050370818,
            "4": 0.27942089987505603,
            "5": 0.1382479191580376,
            "6": 0.1483932400282401,
            "7": 0.1378509713784164
        },
        "fukui_nucleophilicity": {
            "1": 0.046376077246505845,
            "2": 0.06110797532385699,
            "3": 0.06382105585034101,
            "4": 0.3348673323308884,
            "5": 0.1560141376419441,
            "6": 0.1714270905761467,
            "7": 0.16638633108003964
        },
        "boltzmann_weights": [
            1.0
        ],
        "best_conformer_elements": [
            6,
            6,
            6,
            7,
            1,
            1,
            1
        ],