{
    "file": "paper_277.json",
    "monomer1_s": "ClC(Cl)=Cc1ccccc1",
    "monomer2_s": "C=CC#N",
    "monomer1": "dichlorostyrene",
    "monomer2": "acrylonitrile",
    "r_values": {
        "constant_1": 0.08,
        "constant_2": 0.24
    },
    "conf_intervals": {
        "constant_conf_1": null,
        "constant_conf_2": null
    },
    "temperature": 38.5,
    "temperature_unit": "\u00b0C",
    "solvent": "CC(C)=CCC/C(C)=C/C(=O)SCCNC(=O)CCNC(=O)[C@H](O)C(C)(C)COP(=O)(O)OP(=O)(O)OC[C@H]1O[C@@H](n2cnc3c(N)ncnc32)[C@H](O)[C@@H]1OP(=O)(O)O",
    "method": "bulk",
    "r-product": null,
    "source": "Journal of Polymer Science, Volume 3, No. 5 (1948)",
    "calculation_method": "polarization",
    "polymerization_type": "free radical",
    "logP": 1.3574000000000008,
    "monomer1_data": {
        "smiles": "ClC(Cl)=Cc1ccccc1",
        "ip": 13.061768896230866,
        "ip_corrected": 8.215768896230866,
        "ea": 4.89275702704061,
        "homo": -0.39117554479896577,
        "lumo": -0.27383905594845803,
        "charges": {
            "1": -0.13530559920924506,
            "2": 0.15343591271355872,
            "3": -0.11213665722612395,
            "4": -0.05764485436025876,
            "5": 0.022438415886154486,
            "6": -0.03189970568310917,
            "7": -0.02727951589959309,
            "8": -0.026736486275694714,
            "9": -0.026467223156641073,
            "10": -0.0348467820559429,
            "11": 0.07812363982854413,
            "12": 0.03676469898003073,
            "13": 0.0364694717676538,
            "14": 0.0364653272322722,
            "15": 0.03744334446646914,
            "16": 0.0511760129919202
        },
        "dipole": [
            -0.7367387679857829,
            -0.2221468770653146,
            -0.005905801023800883
        ],
        "global_electrophilicity": 1.0446388089209047,
        "global_nucleophilicity": -8.215768896230866,
        "fukui_electrophilicity": {
            "1": 0.15020301694920768,
            "2": 0.059831927009064645,
            "3": 0.14314025491572716,
            "4": 0.04537430318795578,
            "5": 0.047301927130823644,
            "6": 0.030346838738649407,
            "7": 0.023199431322265977,
            "8": 0.05642483618820788,
            "9": 0.022285684996796395,
            "10": 0.029258945579961414,
            "11": 0.07476931328918153,
            "12": 0.060102828895953836,
            "13": 0.06662098951230107,
            "14": 0.07430888984039204,
            "15": 0.06468046954726739,
            "16": 0.0521503428962465
        },
        "fukui_nucleophilicity": {
            "1": 0.21015853205033758,
            "2": 0.021747740832836704,
            "3": 0.1865695263654939,
            "4": 0.03873968785105493,
            "5": 0.04299328188074342,
            "6": 0.028062149164340994,
            "7": 0.023710004724366636,
            "8": 0.05388407193666394,
            "9": 0.023930683216633206,
            "10": 0.024318218574553456,
            "11": 0.06351948645041185,
            "12": 0.05410958171920872,
            "13": 0.06085008306117639,
            "14": 0.06752147360563202,
            "15": 0.05828639447348891,
            "16": 0.04159908475607276
        },
        "boltzmann_weights": [
            0.1250131519730966,
            0.12498682566823954,
            0.12498683690445184,
            0.12501319426218316,
            0.12501315496478252,
            0.12498684060000523,
            0.12501316121251427,
            0.12498683441472683
        ],
        "best_conformer_elements": [
            17,
            6,
            17,
            6,
            6,
            6,
            6,
            6,
            6,
            6,
            1,
            1,
            1,
            1,
            1,
            1
        ],
        "best_conformer_coordinates": [
            [
                -4.448316714015802,
                -0.22178736325805345,
                -0.04842127721111364
            ],
            [
                -2.788524031964884,
                -0.574291029587723,
                0.2968858479751907
            ],
            [
                -2.6188104824038487,
                -1.9332842191373318,
                1.326922018323608
            ],
            [
                -1.8213553794321873,
                0.1824754950756309,
                -0.22532536897677946
            ],
            [
                -0.37481440225172574,
                0.11621117871838982,
                -0.10553225528150366
            ],
            [
                0.36143520441273486,
                1.085042753121112,
                -0.7979304094677153
            ],
            [
                1.7404974901125856,
                1.1068853424156335,
                -0.7476025131067835
            ],
            [
                2.4228737442093093,
                0.15905008790030908,
                -0.0023444545549052135
            ],
            [
                1.709464076985905,
                -0.8060541813357496,
                0.6883315694749115
            ],
            [
                0.32811105191455403,
                -0.8317511014496657,
                0.6407993773486177
            ],
            [
                -2.171755693930862,
                0.9934879724424496,
                -0.8520092101041117
            ],
            [
                -0.1615195733986543,
                1.8286883473236997,
                -1.3820409976135022
            ],
            [
                2.28603184652333,
                1.8646038517216748,
                -1.2905798449658783
            ],
            [
                3.5016811145678193,
                0.17292778247146431,
                0.03943466959125512
            ],
            [
                2.2339755392254173,
                -1.5485343255901745,
                1.2716228679949002
            ],
            [
                -0.1989738011371636,
                -1.5936705961234054,
                1.1877899752820975
            ]
        ],
        "best_conformer_energy": -29.256209305907504,
        "fukui_radical": {
            "1": 0.18017593259947862,
            "2": 0.04079321757936229,
            "3": 0.16484967003620488,
            "4": 0.04205827784520309,
            "5": 0.04514803119230947,
            "6": 0.02920449714637986,
            "7": 0.023457105175967333,
            "8": 0.05515526645156655,
            "9": 0.02310569945674598,
            "10": 0.02678527095470455,
            "11": 0.06914444895889463,
            "12": 0.05710636992600371,
            "13": 0.06373444544000922,
            "14": 0.07091527877622165,
            "15": 0.061485932347671336,
            "16": 0.04688055644295442
        }
    },
    "monomer2_data": {
        "smiles": "C=CC#N",
        "ip": 15.437176806318503,
        "ip_corrected": 10.591176806318503,
        "ea": 3.8289813808508004,
        "homo": -0.4277683293695803,
        "lumo": -0.28211163098961317,
        "charges": {
            "1": -0.05961169012740816,
            "2": -0.01732687045759991,
            "3": 0.1182224067521214,
            "4": -0.22501464611972768,
            "5": 0.060876740653373736,
            "6": 0.056910808147125444,
            "7": 0.06594325115211837
        },
        "dipole": [
            -1.3682395954382502,
            0.4193750676404717,
            0.3073979410978311
        ],
        "global_electrophilicity": 0.9870666976349574,
        "global_nucleophilicity": -10.591176806318503,
        "fukui_electrophilicity": {
            "1": 0.11689097730490014,
            "2": 0.09589168721827514,
            "3": 0.0833043050370818,
            "4": 0.27942089987505603,
            "5": 0.1382479191580376,
            "6": 0.1483932400282401,
            "7": 0.1378509713784164
        },
        "fukui_nucleophilicity": {
            "1": 0.046376077246505845,