{
    "file": "paper_47.json",
    "monomer1_s": "C=C(C)C(=O)OCC",
    "monomer2_s": "C=C(Cl)Cl",
    "monomer1": "Ethyl Methacrylate",
    "monomer2": "Vinylidene Chloride",
    "r_values": {
        "constant_1": 2.2,
        "constant_2": 0.35
    },
    "conf_intervals": {
        "constant_conf_1": null,
        "constant_conf_2": null
    },
    "temperature": 68.0,
    "temperature_unit": "\u00b0C",
    "solvent": "CO",
    "method": "solvent",
    "r-product": null,
    "source": "Journal of Polymer Science, Volume 3, No. 2 (1948)",
    "calculation_method": null,
    "polymerization_type": "free radical",
    "logP": -0.3915,
    "monomer1_data": {
        "smiles": "C=C(C)C(=O)OCC",
        "ip": 13.96010880391395,
        "ip_corrected": 9.11410880391395,
        "ea": 3.925930547586003,
        "homo": -0.4083434542902283,
        "lumo": -0.26713411478143,
        "charges": {
            "1": -0.08234353285529722,
            "2": -0.007599405150234856,
            "3": -0.11003213996737153,
            "4": 0.3492289545610323,
            "5": -0.41744585409495705,
            "6": -0.2683681581302812,
            "7": 0.08629181037524532,
            "8": -0.11546768198654798,
            "9": 0.054801013245178,
            "10": 0.06240903276001086,
            "11": 0.06509289309382087,
            "12": 0.049943004462340096,
            "13": 0.06509287726421302,
            "14": 0.050522388618895464,
            "15": 0.05052251112268471,
            "16": 0.05220722669222546,
            "17": 0.057572537168753,
            "18": 0.057572522820300454
        },
        "dipole": [
            0.22482491325110704,
            0.2238439640839917,
            -0.8142334150866614
        ],
        "global_electrophilicity": 0.8364197742299824,
        "global_nucleophilicity": -9.11410880391395,
        "fukui_electrophilicity": {
            "1": 0.09133928014390158,
            "2": 0.08182362501872026,
            "3": -0.03836580803181132,
            "4": 0.08140541599018913,
            "5": 0.192438643172534,
            "6": 0.07581409683219947,
            "7": -0.01944422745392392,
            "8": -0.013687337534358204,
            "9": 0.11871967146442892,
            "10": 0.10387618578797841,
            "11": 0.06164286919778776,
            "12": 0.05967645360059377,
            "13": 0.06164294031072738,
            "14": 0.033127055774436975,
            "15": 0.03312688576155154,
            "16": 0.037318660895127476,
            "17": 0.019772812254927552,
            "18": 0.019772776815015054
        },
        "fukui_nucleophilicity": {
            "1": 0.0446206365177282,
            "2": 0.05273036477476374,
            "3": -0.018941810732800643,
            "4": 0.010367075179562424,
            "5": 0.12753437444678595,
            "6": 0.07114013736397917,
            "7": -0.01416140049558598,
            "8": -0.014560065653387064,
            "9": 0.08810513596973157,
            "10": 0.06825391380194623,
            "11": 0.08197361039474714,
            "12": 0.06491174807671543,
            "13": 0.08197368202616966,
            "14": 0.08002302914140971,
            "15": 0.08002293495535195,
            "16": 0.060186500942062744,
            "17": 0.06791015659009617,
            "18": 0.06790997670064114
        },
        "boltzmann_weights": [
            0.06215071208165327,
            0.1287333271210662,
            0.1272636322617805,
            0.12726363241214217,
            0.2772943481602787,
            0.2772943479630791
        ],
        "best_conformer_elements": [
            6,
            6,
            6,
            6,
            8,
            8,
            6,
            6,
            1,
            1,
            1,
            1,
            1,
            1,
            1,
            1,
            1,
            1
        ],
        "best_conformer_coordinates": [
            [
                1.6185446817335134,
                -0.6221703133775277,
                -1.3638017784664114
            ],
            [
                1.6153572699987364,
                0.18395734126979074,
                -0.30777522822740994
            ],
            [
                2.8230055111500842,
                0.9029096078081752,
                0.2025134762988739
            ],
            [
                0.3730530775564981,
                0.44110331952402015,
                0.47160345000908105
            ],
            [
                0.32034375199762277,
                1.1647236268682342,
                1.4373192752800963
            ],
            [
                -0.6914357771732346,
                -0.21456245478812325,
                -0.0069085313874725955
            ],
            [
                -1.9189098200286347,
                -0.013812755397885942,
                0.6933836459324655
            ],
            [
                -2.9992417632785395,
                -0.8304325606589854,
                0.009895040864753133
            ],
            [
                2.51905572126496,
                -0.806347257321423,
                -1.9258448188122934
            ],
            [
                0.7244685553079454,
                -1.1194096836559138,
                -1.695747013268518
            ],
            [
                2.6429220086157406,
                1.9765696398691648,
                0.19617330360012666
            ],
            [
                3.695372590282062,
                0.6772907171340056,
                -0.4037293986765274
            ],
            [
                3.013426566963721,
                0.6165728705643296,
                1.2354545448644059
            ],
            [
                -1.7851766616951958,
                -0.3211256984917344,
                1.737038509992309
            ],
            [
                -2.1601863142742084,
                1.0554199220758262,
                0.6851122847732267
            ],
            [
                -3.1101180628431826,
                -0.5137463383839235,
                -1.0236950284380444
            ],
            [
                -3.943876630168046,
                -0.6921291210837959,
                0.5276338788334761
            ],
            [
                -2.7366047001180593,
                -1.8848108778295722,
                0.024046889931533724
            ]
        ],
        "best_conformer_energy": -26.06202109069132,
        "fukui_radical": {
            "1": 0.06797618061510588,
            "2": 0.06728469702706667,
            "3": -0.02865321473216642,
            "4": 0.04589336365645574,
            "5": 0.1600083411898223,
            "6": 0.07346817511056308,
            "7": -0.016775259391591878,
            "8": -0.014119465007432934,
            "9": 0.10342102712783774,
            "10": 0.08608046335182545,
            "11": 0.07180880921980105,
            "12": 0.062296670170785814,
            "13": 0.07180887412345204,
            "14": 0.05652966178815316,
            "15": 0.0565296252309353,
            "16": 0.04383918780044388,
            "17": 0.04876356101855835,
            "18": 0.04383930170031741
        }
    },
    "monomer2_data": {
        "smiles": "C=C(Cl)Cl",
        "ip": 14.545826670036444,
        "ip_corrected": 9.699826670036444,
        "ea": 3.125435773848216,
        "homo": -0.4169969443366817,
        "lumo": -0.24983940943712082,
        "charges": {
            "1": -0.11675257770186528,
            "2": 0.17076445467177065,
            "3": -0.11765574089474207,
            "4": -0.11784955359398736,
            "5": 0.09075124404740334,
            "6": 0.09074217347140139
        },
        "dipole": [
            -0.5522055551960544,
            -0.056955529199193035,
            0.1105385502544702
        ],
        "global_electrophilicity": 0.6968744516621451,
        "global_nucleophilicity": -9.699826670036444,