[Header]
Application Name	LabSolutions
Version	5.97
Data File Name	G:\GC data\Mara\MWH_027\27.04.2026_MWH_027_t60m_051.gcd
Output Date	30.04.2026
Output Time	14:37:07

[File Information]
Type	Data File
Generated	28.04.2026 05:13:01
Generated by	System Administrator
Modified	30.04.2026 14:37:07
Modified by	System Administrator

[Sample Information]
Operator Name	System Administrator
Acquired	28.04.2026 05:16:08
Sample Type	0:Unknown
Level	0
Sample Name	MWH_027_t60m
Sample ID	
ISTD Amount1	1
ISTD Amount2	1
ISTD Amount3	1
ISTD Amount4	1
ISTD Amount5	1
ISTD Amount6	1
ISTD Amount7	1
ISTD Amount8	1
ISTD Amount9	1
ISTD Amount10	1
ISTD Amount11	1
ISTD Amount12	1
ISTD Amount13	1
ISTD Amount14	1
ISTD Amount15	1
ISTD Amount16	1
ISTD Amount17	1
ISTD Amount18	1
ISTD Amount19	1
ISTD Amount20	1
ISTD Amount21	1
ISTD Amount22	1
ISTD Amount23	1
ISTD Amount24	1
ISTD Amount25	1
ISTD Amount26	1
ISTD Amount27	1
ISTD Amount28	1
ISTD Amount29	1
ISTD Amount30	1
ISTD Amount31	1
ISTD Amount32	1
Sample Amount	1
Dilution Factor	1
Vial#	6
Injection Volume	0,2
Injection Count	1
Bar Code	

[Original Files]
Data File	G:\GC data\Mara\27.04.2026_MWH_027_t60m_051.gcd
Method File	G:\GC data\MWH3_60-150-200_0-2uL_split50.gcm
Batch File	G:\GC data\Mara\MWH_027-029.gcb
Report Format File	c:\LabSolutions\System\DEFAULT.lsr

[File Description]


[Configuration]
Instrument Name	GC-3
Instrument #	1
Line #	1
# of Detectors	1
Detector ID	DET#4
Detector Name	FID1
# of Channels	1

[Peak Table(Ch1)]
# of Peaks	7
Peak#	R.Time	I.Time	F.Time	Area	Height	A/H	Conc.	Mark	ID#	Name	k'	Plate #	Plate Ht.	Tailing	Resolution	Sep.Factor	Area Ratio	Height Ratio	Conc. %	Norm Conc.
1	1,339	1,279	1,498	440330	320551	1,374	0,000	SV 			0,000	22871	0,000	1,438	0,000	0,000	0	0	0,000	0,000
2	1,570	1,498	2,128	7074333	5132673	1,378	0,000	SV 			0,173	31748	0,000	1,369	6,556	0,000	0	0	0,000	0,000
3	1,899	1,820	2,002	476872	318487	1,497	0,000	T  			0,418	40762	0,000	1,079	9,056	2,425	0	0	0,000	0,000
4	2,037	2,002	2,110	3064	2040	1,502	0,000	TV 			0,522	45737	0,000	1,364	3,662	1,247	0	0	0,000	0,000
5	2,680	2,595	2,866	914906	617508	1,482	0,000	   			1,002	82471	0,000	1,174	17,104	1,921	0	0	0,000	0,000
6	5,523	5,493	5,596	3241	2025	1,600	0,000	   			3,126	290108	0,000	1,343	72,756	3,119	0	0	0,000	0,000
7	7,554	7,476	8,144	1554075	637305	2,439	0,000	   			4,643	235335	0,000	0,798	39,431	1,485	0	0	0,000	0,000

[Chromatogram (Ch1)]
Interval(msec)	40
# of Points	18945
Start Time(min)	0,000
End Time(min)	12,630
R.Time (min)	Intensity
0,00033	-4
0,00100	-4
0,00167	-4
0,00233	-4
0,00300	-4
0,00367	-4
0,00433	-4
0,00500	-5
0,00567	-5
0,00633	-5
0,00700	-5
0,00767	-5
0,00833	-5
0,00900	-5
0,00967	-5
0,01033	-5
0,01100	-5
0,01167	-5
0,01233	-5
0,01300	-5
0,01367	-5
0,01433	-5
0,01500	-6
0,01567	-6
0,01633	-6
0,01700	-6
0,01767	-7
0,01833	-7
0,01900	-7
0,01967	-7
0,02033	-7
0,02100	-7
0,02167	-7
0,02233	-8
0,02300	-8
0,02367	-8
0,02433	-8
0,02500	-9
0,02567	-9
0,02633	-9
0,02700	-9
0,02767	-9
0,02833	-9
0,02900	-9
0,02967	-8
0,03033	-8
0,03100	-9
0,03167	-8
0,03233	-8
0,03300	-8
0,03367	-8
0,03433	-8
0,03500	-8
0,03567	-8
0,03633	-8
0,03700	-9
0,03767	-9
0,03833	-9
0,03900	-9
0,03967	-9
0,04033	-9
0,04100	-9
0,04167	-9
0,04233	-9
0,04300	-9
0,04367	-9
0,04433	-9
0,04500	-9
0,04567	-9
0,04633	-9
0,04700	-9
0,04767	-8
0,04833	-8
0,04900	-8
0,04967	-8
0,05033	-8
0,05100	-8
0,05167	-8
0,05233	-7
0,05300	-7
0,05367	-7
0,05433	-7
0,05500	-7
0,05567	-7
0,05633	-7
0,05700	-7
0,05767	-7
0,05833	-7
0,05900	-7
0,05967	-7
0,06033	-7
0,06100	-8
0,06167	-8
0,06233	-8
0,06300	-8
0,06367	-8
0,06433	-8
0,06500	-9
0,06567	-9
0,06633	-9
0,06700	-9
0,06767	-9
0,06833	-10
0,06900	-10
0,06967	-10
0,07033	-9
0,07100	-9
0,07167	-9
0,07233	-9
0,07300	-9
0,07367	-9
0,07433	-8
0,07500	-8
0,07567	-8
0,07633	-8
0,07700	-8
0,07767	-8
0,07833	-8
0,07900	-7
0,07967	-7
0,08033	-7
0,08100	-7
0,08167	-7
0,08233	-7
0,08300	-7
0,08367	-7
0,08433	-7
0,08500	-7
0,08567	-8
0,08633	-8
0,08700	-8
0,08767	-8
0,08833	-9
0,08900	-9
0,08967	-9
0,09033	-9
0,09100	-9
0,09167	-8
0,09233	-8
0,09300	-8
0,09367	-8
0,09433	-8
0,09500	-8
0,09567	-8
0,09633	-8
0,09700	-8
0,09767	-8
0,09833	-8
0,09900	-8
0,09967	-8
0,10033	-8
0,10100	-8
0,10167	-7
0,10233	-7
0,10300	-7
0,10367	-7
0,10433	-7
0,10500	-7
0,10567	-7
0,10633	-7
0,10700	-7
0,10767	-7
0,10833	-7
0,10900	-7
0,10967	-7
0,11033	-7
0,11100	-7
0,11167	-7
0,11233	-6
0,11300	-6
0,11367	-6
0,11433	-6
0,11500	-6
0,11567	-6
0,11633	-5
0,11700	-5
0,11767	-5
0,11833	-5
0,11900	-5
0,11967	-6
0,12033	-6
0,12100	-6
0,12167	-6
0,12233	-6
0,12300	-6
0,12367	-6
0,12433	-6
0,12500	-6
0,12567	-6
0,12633	-6
0,12700	-6
0,12767	-6
0,12833	-6
0,12900	-6
0,12967	-7
0,13033	-7
0,13100	-7
0,13167	-7
0,13233	-7
0,13300	-8
0,13367	-8
0,13433	-8
0,13500	-8
0,13567	-8
0,13633	-8
0,13700	-8
0,13767	-8
0,13833	-8
0,13900	-8
0,13967	-8
0,14033	-8
0,14100	-8
0,14167	-8
0,14233	-8
0,14300	-8
0,14367	-8
0,14433	-7
0,14500	-7
0,14567	-7
0,14633	-7
0,14700	-7
0,14767	-7
0,14833	-7
0,14900	-7
0,14967	-7
0,15033	-7
0,15100	-7
0,15167	-7
0,15233	-7
0,15300	-7
0,15367	-7
0,15433	-7
0,15500	-7
0,15567	-7
0,15633	-7
0,15700	-7
0,15767	-7
0,15833	-7
0,15900	-7
0,15967	-7
0,16033	-7
0,16100	-7
0,16167	-7
0,16233	-7
0,16300	-7
0,16367	-7
0,16433	-7
0,16500	-7
0,16567	-8
0,16633	-8
0,16700	-8
0,16767	-8
0,16833	-8
0,16900	-8
0,16967	-8
0,17033	-7
0,17100	-7
0,17167	-7
0,17233	-7
0,17300	-7
0,17367	-7
0,17433	-7
0,17500	-6
0,17567	-6
0,17633	-6
0,17700	-6
0,17767	-6
0,17833	-6
0,17900	-6
0,17967	-6
0,18033	-6
0,18100	-6
0,18167	-7
0,18233	-7
0,18300	-7
0,18367	-7
0,18433	-8
0,18500	-8
0,18567	-8
0,18633	-8
0,18700	-8
0,18767	-8
0,18833	-8
0,18900	-8
0,18967	-8
0,19033	-8
0,19100	-8
0,19167	-8
0,19233	-8
0,19300	-8
0,19367	-8
0,19433	-8
0,19500	-8
0,19567	-8
0,19633	-8
0,19700	-8
0,19767	-7
0,19833	-7
0,19900	-7
0,19967	-6
0,20033	-6
0,20100	-6
0,20167	-5
0,20233	-5
0,20300	-5
0,20367	-5
0,20433	-5
0,20500	-4
0,20567	-4
0,20633	-4
0,20700	-4
0,20767	-4
0,20833	-4
0,20900	-4
0,20967	-4
0,21033	-4
0,21100	-4
0,21167	-4
0,21233	-4
0,21300	-4
0,21367	-4
0,21433	-4
0,21500	-4
0,21567	-4
0,21633	-4
0,21700	-5
0,21767	-5
0,21833	-5
0,21900	-5
0,21967	-5
0,22033	-5
0,22100	-5
0,22167	-5
0,22233	-5
0,22300	-4
0,22367	-4
0,22433	-4
0,22500	-4
0,22567	-4
0,22633	-4
0,22700	-4
0,22767	-4
0,22833	-4
0,22900	-4
0,22967	-4
0,23033	-4
0,23100	-4
0,23167	-4
0,23233	-5
0,23300	-5
0,23367	-5
0,23433	-5
0,23500	-5
0,23567	-5
0,23633	-5
0,23700	-5
0,23767	-5
0,23833	-5
0,23900	-6
0,23967	-6
0,24033	-6
0,24100	-6
0,24167	-6
0,24233	-6
0,24300	-6
0,24367	-6
0,24433	-6
0,24500	-6
0,24567	-6
0,24633	-6
0,24700	-5
0,24767	-6
0,24833	-6
0,24900	-6
0,24967	-6
0,25033	-6
0,25100	-6
0,25167	-6
0,25233	-6
0,25300	-6
0,25367	-6
0,25433	-6
0,25500	-6
0,25567	-6
0,25633	-6
0,25700	-6
0,25767	-6
0,25833	-6
0,25900	-6
0,25967	-6
0,26033	-6
0,26100	-6
0,26167	-6
0,26233	-5
0,26300	-5
0,26367	-5
0,26433	-5
0,26500	-5
0,26567	-5
0,26633	-5
0,26700	-5
0,26767	-5
0,26833	-5
0,26900	-5
0,26967	-5
0,27033	-5
0,27100	-5
0,27167	-6
0,27233	-6
0,27300	-6
0,27367	-6
0,27433	-6
0,27500	-6
0,27567	-6
0,27633	-6
0,27700	-6
0,27767	-6
0,27833	-6
0,27900	-6
0,27967	-7
0,28033	-7
0,28100	-7
0,28167	-7
0,28233	-7
0,28300	-8
0,28367	-8
0,28433	-8
0,28500	-8
0,28567	-8
0,28633	-8
0,28700	-8
0,28767	-8
0,28833	-8
0,28900	-8
0,28967	-8
0,29033	-8
0,29100	-8
0,29167	-8
0,29233	-8
0,29300	-8
0,29367	-8
0,29433	-8
0,29500	-8
0,29567	-8
0,29633	-7
0,29700	-7
0,29767	-7
0,29833	-7
0,29900	-7
0,29967	-7
0,30033	-7
0,30100	-7
0,30167	-6
0,30233	-6
0,30300	-6
0,30367	-5
0,30433	-5
0,30500	-5
0,30567	-4
0,30633	-4
0,30700	-4
0,30767	-4
0,30833	-4
0,30900	-4
0,30967	-4
0,31033	-4
0,31100	-4
0,31167	-4
0,31233	-5
0,31300	-5
0,31367	-5
0,31433	-5
0,31500	-6
0,31567	-6
0,31633	-6
0,31700	-6
0,31767	-6
0,31833	-7
0,31900	-7
0,31967	-7
0,32033	-7
0,32100	-7
0,32167	-7
0,32233	-8
0,32300	-8
0,32367	-8
0,32433	-8
0,32500	-8
0,32567	-8
0,32633	-8
0,32700	-8
0,32767	-8
0,32833	-8
0,32900	-8
0,32967	-7
0,33033	-7
0,33100	-7
0,33167	-7
0,33233	-7
0,33300	-7
0,33367	-6
0,33433	-6
0,33500	-6
0,33567	-6
0,33633	-6
0,33700	-6
0,33767	-6
0,33833	-5
0,33900	-5
0,33967	-5
0,34033	-5
0,34100	-5
0,34167	-4
0,34233	-4
0,34300	-4
0,34367	-4
0,34433	-4
0,34500	-4
0,34567	-4
0,34633	-4
0,34700	-4
0,34767	-4
0,34833	-4
0,34900	-4
0,34967	-4
0,35033	-5
0,35100	-5
0,35167	-5
0,35233	-5
0,35300	-5
0,35367	-5
0,35433	-5
0,35500	-5
0,35567	-6
0,35633	-6
0,35700	-6
0,35767	-6
0,35833	-6
0,35900	-6
0,35967	-6
0,36033	-6
0,36100	-6
0,36167	-6
0,36233	-5
0,36300	-5
0,36367	-5
0,36433	-5
0,36500	-5
0,36567	-6
0,36633	-6
0,36700	-6
0,36767	-6
0,36833	-6
0,36900	-6
0,36967	-6
0,37033	-6
0,37100	-6
0,37167	-6
0,37233	-6
0,37300	-6
0,37367	-6
0,37433	-6
0,37500	-6
0,37567	-7
0,37633	-7
0,37700	-7
0,37767	-7
0,37833	-7
0,37900	-7
0,37967	-7
0,38033	-7
0,38100	-7
0,38167	-7
0,38233	-7
0,38300	-7
0,38367	-8
0,38433	-8
0,38500	-8
0,38567	-8
0,38633	-8
0,38700	-8
0,38767	-8
0,38833	-8
0,38900	-8
0,38967	-8
0,39033	-8
0,39100	-8
0,39167	-8
0,39233	-8
0,39300	-8
0,39367	-8
0,39433	-8
0,39500	-8
0,39567	-8
0,39633	-8
0,39700	-9
0,39767	-9
0,39833	-9
0,39900	-9
0,39967	-9
0,40033	-10
0,40100	-10
0,40167	-10
0,40233	-10
0,40300	-10
0,40367	-10
0,40433	-10
0,40500	-10
0,40567	-10
0,40633	-10
0,40700	-9
0,40767	-9
0,40833	-9
0,40900	-8
0,40967	-8
0,41033	-8
0,41100	-8
0,41167	-8
0,41233	-7
0,41300	-7
0,41367	-7
0,41433	-6
0,41500	-6
0,41567	-6
0,41633	-6
0,41700	-6
0,41767	-6
0,41833	-6
0,41900	-6
0,41967	-6
0,42033	-5
0,42100	-5
0,42167	-5
0,42233	-5
0,42300	-5
0,42367	-5
0,42433	-5
0,42500	-5
0,42567	-5
0,42633	-5
0,42700	-5
0,42767	-5
0,42833	-5
0,42900	-5
0,42967	-5
0,43033	-5
0,43100	-5
0,43167	-5
0,43233	-5
0,43300	-5
0,43367	-5
0,43433	-5
0,43500	-6
0,43567	-6
0,43633	-6
0,43700	-6
0,43767	-6
0,43833	-6
0,43900	-6
0,43967	-7
0,44033	-7
0,44100	-7
0,44167	-7
0,44233	-7
0,44300	-7
0,44367	-7
0,44433	-7
0,44500	-7
0,44567	-7
0,44633	-7
0,44700	-7
0,44767	-7
0,44833	-7
0,44900	-7
0,44967	-7
0,45033	-8
0,45100	-8
0,45167	-8
0,45233	-9
0,45300	-9
0,45367	-9
0,45433	-9
0,45500	-9
0,45567	-9
0,45633	-10
0,45700	-10
0,45767	-10
0,45833	-10
0,45900	-10
0,45967	-10
0,46033	-10
0,46100	-10
0,46167	-10
0,46233	-10
0,46300	-10
0,46367	-10
0,46433	-10
0,46500	-10
0,46567	-10
0,46633	-9
0,46700	-9
0,46767	-9
0,46833	-9
0,46900	-9
0,46967	-9
0,47033	-9
0,47100	-9
0,47167	-9
0,47233	-9
0,47300	-9
0,47367	-9
0,47433	-9
0,47500	-8
0,47567	-8
0,47633	-8
0,47700	-7
0,47767	-7
0,47833	-7
0,47900	-7
0,47967	-6
0,48033	-6
0,48100	-6
0,48167	-6
0,48233	-6
0,48300	-6
0,48367	-6
0,48433	-6
0,48500	-6
0,48567	-6
0,48633	-5
0,48700	-5
0,48767	-5
0,48833	-5
0,48900	-5
0,48967	-5
0,49033	-5
0,49100	-5
0,49167	-5
0,49233	-5
0,49300	-5
0,49367	-5
0,49433	-5
0,49500	-5
0,49567	-5
0,49633	-5
0,49700	-5
0,49767	-4
0,49833	-4
0,49900	-4
0,49967	-4
0,50033	-5
0,50100	-5
0,50167	-5
0,50233	-5
0,50300	-5
0,50367	-5
0,50433	-5
0,50500	-6
0,50567	-6
0,50633	-6
0,50700	-6
0,50767	-6
0,50833	-6
0,50900	-6
0,50967	-6
0,51033	-6
0,51100	-6
0,51167	-6
0,51233	-6
0,51300	-6
0,51367	-6
0,51433	-6
0,51500	-6
0,51567	-6
0,51633	-6
0,51700	-6
0,51767	-6
0,51833	-6
0,51900	-6
0,51967	-6
0,52033	-6
0,52100	-5
0,52167	-6
0,52233	-6
0,52300	-6
0,52367	-6
0,52433	-6
0,52500	-7
0,52567	-7
0,52633	-7
0,52700	-7
0,52767	-7
0,52833	-7
0,52900	-7
0,52967	-8
0,53033	-8
0,53100	-8
0,53167	-8
0,53233	-7
0,53300	-7
0,53367	-7
0,53433	-7
0,53500	-7
0,53567	-7
0,53633	-8
0,53700	-8
0,53767	-8
0,53833	-9
0,53900	-9
0,53967	-9
0,54033	-9
0,54100	-9
0,54167	-9
0,54233	-9
0,54300	-9
0,54367	-9
0,54433	-10
0,54500	-10
0,54567	-10
0,54633	-10
0,54700	-11
0,54767	-11
0,54833	-11
0,54900	-11
0,54967	-11
0,55033	-11
0,55100	-11
0,55167	-11
0,55233	-11
0,55300	-11
0,55367	-11
0,55433	-11
0,55500	-11
0,55567	-11
0,55633	-11
0,55700	-11
0,55767	-11
0,55833	-11
0,55900	-11
0,55967	-12
0,56033	-12
0,56100	-12
0,56167	-12
0,56233	-12
0,56300	-12
0,56367	-12
0,56433	-12
0,56500	-12
0,56567	-12
0,56633	-12
0,56700	-12
0,56767	-12
0,56833	-11
0,56900	-11
0,56967	-11
0,57033	-11
0,57100	-11
0,57167	-10
0,57233	-10
0,57300	-10
0,57367	-9
0,57433	-9
0,57500	-9
0,57567	-8
0,57633	-8
0,57700	-8
0,57767	-8
0,57833	-8
0,57900	-8
0,57967	-8
0,58033	-7
0,58100	-7
0,58167	-7
0,58233	-7
0,58300	-7
0,58367	-7
0,58433	-7
0,58500	-7
0,58567	-7
0,58633	-7
0,58700	-8
0,58767	-8
0,58833	-8
0,58900	-8
0,58967	-8
0,59033	-9
0,59100	-9
0,59167	-9
0,59233	-9
0,59300	-9
0,59367	-9
0,59433	-9
0,59500	-9
0,59567	-9
0,59633	-10
0,59700	-10
0,59767	-10
0,59833	-10
0,59900	-10
0,59967	-10
0,60033	-10
0,60100	-10
0,60167	-10
0,60233	-10
0,60300	-10
0,60367	-10
0,60433	-10
0,60500	-10
0,60567	-10
0,60633	-10
0,60700	-10
0,60767	-10
0,60833	-10
0,60900	-10
0,60967	-10
0,61033	-10
0,61100	-10
0,61167	-10
0,61233	-10
0,61300	-9
0,61367	-9
0,61433	-9
0,61500	-9
0,61567	-9
0,61633	-9
0,61700	-9
0,61767	-9
0,61833	-8
0,61900	-8
0,61967	-8
0,62033	-8
0,62100	-8
0,62167	-7
0,62233	-7
0,62300	-7
0,62367	-7
0,62433	-7
0,62500	-7
0,62567	-7
0,62633	-7
0,62700	-7
0,62767	-7
0,62833	-7
0,62900	-7
0,62967	-6
0,63033	-6
0,63100	-6
0,63167	-6
0,63233	-6
0,63300	-6
0,63367	-6
0,63433	-6
0,63500	-5
0,63567	-5
0,63633	-5
0,63700	-5
0,63767	-5
0,63833	-5
0,63900	-5
0,63967	-5
0,64033	-5
0,64100	-5
0,64167	-5
0,64233	-6
0,64300	-6
0,64367	-6
0,64433	-6
0,64500	-6
0,64567	-7
0,64633	-7
0,64700	-7
0,64767	-7
0,64833	-7
0,64900	-7
0,64967	-7
0,65033	-7
0,65100	-7
0,65167	-7
0,65233	-8
0,65300	-8
0,65367	-8
0,65433	-8
0,65500	-8
0,65567	-8
0,65633	-8
0,65700	-8
0,65767	-8
0,65833	-7
0,65900	-7
0,65967	-7
0,66033	-7
0,66100	-6
0,66167	-6
0,66233	-6
0,66300	-6
0,66367	-7
0,66433	-7
0,66500	-7
0,66567	-7
0,66633	-7
0,66700	-7
0,66767	-7
0,66833	-7
0,66900	-7
0,66967	-7
0,67033	-7
0,67100	-7
0,67167	-7
0,67233	-7
0,67300	-7
0,67367	-7
0,67433	-7
0,67500	-7
0,67567	-7
0,67633	-8
0,67700	-8
0,67767	-8
0,67833	-8
0,67900	-8
0,67967	-7
0,68033	-7
0,68100	-7
0,68167	-6
0,68233	-6
0,68300	-6
0,68367	-5
0,68433	-5
0,68500	-5
0,68567	-5
0,68633	-5
0,68700	-5
0,68767	-5
0,68833	-5
0,68900	-5
0,68967	-5
0,69033	-5
0,69100	-5
0,69167	-5
0,69233	-5
0,69300	-5
0,69367	-5
0,69433	-5
0,69500	-5
0,69567	-5
0,69633	-5
0,69700	-5
0,69767	-6
0,69833	-6
0,69900	-6
0,69967	-6
0,70033	-5
0,70100	-5
0,70167	-5
0,70233	-5
0,70300	-5
0,70367	-5
0,70433	-5
0,70500	-5
0,70567	-5
0,70633	-4
0,70700	-4
0,70767	-4
0,70833	-5
0,70900	-5
0,70967	-5
0,71033	-5
0,71100	-5
0,71167	-6
0,71233	-6
0,71300	-6
0,71367	-6
0,71433	-6
0,71500	-6
0,71567	-7
0,71633	-7
0,71700	-7
0,71767	-7
0,71833	-7
0,71900	-7
0,71967	-7
0,72033	-7
0,72100	-8
0,72167	-8
0,72233	-8
0,72300	-8
0,72367	-8
0,72433	-8
0,72500	-8
0,72567	-7
0,72633	-7
0,72700	-7
0,72767	-7
0,72833	-7
0,72900	-7
0,72967	-7
0,73033	-7
0,73100	-7
0,73167	-7
0,73233	-7
0,73300	-7
0,73367	-7
0,73433	-7
0,73500	-7
0,73567	-7
0,73633	-7
0,73700	-7
0,73767	-6
0,73833	-6
0,73900	-6
0,73967	-6
0,74033	-5
0,74100	-5
0,74167	-5
0,74233	-5
0,74300	-4
0,74367	-4
0,74433	-4
0,74500	-4
0,74567	-4
0,74633	-4
0,74700	-4
0,74767	-4
0,74833	-4
0,74900	-4
0,74967	-4
0,75033	-5
0,75100	-5
0,75167	-5
0,75233	-5
0,75300	-5
0,75367	-5
0,75433	-5
0,75500	-5
0,75567	-5
0,75633	-5
0,75700	-5
0,75767	-5
0,75833	-5
0,75900	-5
0,75967	-6
0,76033	-6
0,76100	-6
0,76167	-7
0,76233	-7
0,76300	-7
0,76367	-7
0,76433	-7
0,76500	-7
0,76567	-7
0,76633	-7
0,76700	-7
0,76767	-7
0,76833	-7
0,76900	-7
0,76967	-7
0,77033	-7
0,77100	-7
0,77167	-7
0,77233	-7
0,77300	-7
0,77367	-7
0,77433	-7
0,77500	-7
0,77567	-7
0,77633	-7
0,77700	-7
0,77767	-7
0,77833	-7
0,77900	-7
0,77967	-7
0,78033	-7
0,78100	-7
0,78167	-7
0,78233	-7
0,78300	-8
0,78367	-8
0,78433	-8
0,78500	-8
0,78567	-8
0,78633	-8
0,78700	-8
0,78767	-8
0,78833	-8
0,78900	-8
0,78967	-8
0,79033	-8
0,79100	-8
0,79167	-9
0,79233	-9
0,79300	-9
0,79367	-9
0,79433	-9
0,79500	-8
0,79567	-8
0,79633	-8
0,79700	-8
0,79767	-8
0,79833	-8
0,79900	-8
0,79967	-9
0,80033	-9
0,80100	-9
0,80167	-9
0,80233	-10
0,80300	-10
0,80367	-10
0,80433	-10
0,80500	-10
0,80567	-10
0,80633	-10
0,80700	-10
0,80767	-10
0,80833	-10
0,80900	-10
0,80967	-10
0,81033	-10
0,81100	-10
0,81167	-10
0,81233	-11
0,81300	-11
0,81367	-11
0,81433	-12
0,81500	-12
0,81567	-12
0,81633	-12
0,81700	-12
0,81767	-13
0,81833	-13
0,81900	-13
0,81967	-13
0,82033	-13
0,82100	-13
0,82167	-13
0,82233	-13
0,82300	-14
0,82367	-14
0,82433	-14
0,82500	-15
0,82567	-15
0,82633	-15
0,82700	-16
0,82767	-16
0,82833	-16
0,82900	-16
0,82967	-16
0,83033	-16
0,83100	-16
0,83167	-16
0,83233	-16
0,83300	-15
0,83367	-15
0,83433	-15
0,83500	-15
0,83567	-15
0,83633	-15
0,83700	-15
0,83767	-14
0,83833	-14
0,83900	-14
0,83967	-14
0,84033	-13
0,84100	-13
0,84167	-13
0,84233	-12
0,84300	-12
0,84367	-12
0,84433	-12
0,84500	-12
0,84567	-12
0,84633	-12
0,84700	-12
0,84767	-12
0,84833	-12
0,84900	-12
0,84967	-12
0,85033	-12
0,85100	-12
0,85167	-12
0,85233	-12
0,85300	-12
0,85367	-12
0,85433	-12
0,85500	-12
0,85567	-12
0,85633	-12
0,85700	-12
0,85767	-12
0,85833	-13
0,85900	-13
0,85967	-13
0,86033	-13
0,86100	-13
0,86167	-13
0,86233	-13
0,86300	-13
0,86367	-13
0,86433	-14
0,86500	-14
0,86567	-14
0,86633	-14
0,86700	-15
0,86767	-15
0,86833	-15
0,86900	-15
0,86967	-15
0,87033	-15
0,87100	-15
0,87167	-15
0,87233	-15
0,87300	-15
0,87367	-15
0,87433	-15
0,87500	-15
0,87567	-15
0,87633	-15
0,87700	-15
0,87767	-15
0,87833	-16
0,87900	-16
0,87967	-16
0,88033	-15
0,88100	-15
0,88167	-15
0,88233	-15
0,88300	-14
0,88367	-14
0,88433	-14
0,88500	-14
0,88567	-14
0,88633	-13
0,88700	-13
0,88767	-13
0,88833	-13
0,88900	-13
0,88967	-13
0,89033	-13
0,89100	-13
0,89167	-13
0,89233	-13
0,89300	-13
0,89367	-13
0,89433	-13
0,89500	-14
0,89567	-14
0,89633	-14
0,89700	-14
0,89767	-14
0,89833	-14
0,89900	-14
0,89967	-15
0,90033	-15
0,90100	-15
0,90167	-15
0,90233	-15
0,90300	-15
0,90367	-15
0,90433	-16
0,90500	-16
0,90567	-16
0,90633	-16
0,90700	-16
0,90767	-16
0,90833	-16
0,90900	-16
0,90967	-16
0,91033	-16
0,91100	-16
0,91167	-17
0,91233	-17
0,91300	-17
0,91367	-17
0,91433	-18
0,91500	-18
0,91567	-18
0,91633	-18
0,91700	-18
0,91767	-19
0,91833	-19
0,91900	-19
0,91967	-19
0,92033	-19
0,92100	-20
0,92167	-20
0,92233	-20
0,92300	-20
0,92367	-20
0,92433	-20
0,92500	-20
0,92567	-20
0,92633	-20
0,92700	-20
0,92767	-20
0,92833	-20
0,92900	-20
0,92967	-20
0,93033	-20
0,93100	-20
0,93167	-20
0,93233	-20
0,93300	-20
0,93367	-20
0,93433	-20
0,93500	-20
0,93567	-20
0,93633	-19
0,93700	-19
0,93767	-19
0,93833	-18
0,93900	-18
0,93967	-18
0,94033	-18
0,94100	-18
0,94167	-18
0,94233	-18
0,94300	-18
0,94367	-18
0,94433	-18
0,94500	-18
0,94567	-17
0,94633	-17
0,94700	-17
0,94767	-16
0,94833	-16
0,94900	-16
0,94967	-16
0,95033	-16
0,95100	-16
0,95167	-16
0,95233	-16
0,95300	-16
0,95367	-15
0,95433	-15
0,95500	-15
0,95567	-15
0,95633	-14
0,95700	-14
0,95767	-14
0,95833	-14
0,95900	-14
0,95967	-14
0,96033	-13
0,96100	-13
0,96167	-13
0,96233	-13
0,96300	-13
0,96367	-13
0,96433	-14
0,96500	-14
0,96567	-14
0,96633	-14
0,96700	-13
0,96767	-13
0,96833	-13
0,96900	-13
0,96967	-13
0,97033	-13
0,97100	-13
0,97167	-13
0,97233	-13
0,97300	-13
0,97367	-13
0,97433	-13
0,97500	-13
0,97567	-13
0,97633	-13
0,97700	-12
0,97767	-13
0,97833	-13
0,97900	-13
0,97967	-13
0,98033	-13
0,98100	-14
0,98167	-14
0,98233	-14
0,98300	-14
0,98367	-15
0,98433	-15
0,98500	-15
0,98567	-15
0,98633	-15
0,98700	-14
0,98767	-14
0,98833	-14
0,98900	-14
0,98967	-14
0,99033	-14
0,99100	-14
0,99167	-14
0,99233	-14
0,99300	-15
0,99367	-15
0,99433	-15
0,99500	-15
0,99567	-15
0,99633	-15
0,99700	-15
0,99767	-15
0,99833	-15
0,99900	-15
0,99967	-14
1,00033	-14
1,00100	-14
1,00167	-14
1,00233	-14
1,00300	-14
1,00367	-14
1,00433	-14
1,00500	-14
1,00567	-14
1,00633	-14
1,00700	-14
1,00767	-14
1,00833	-14
1,00900	-14
1,00967	-14
1,01033	-14
1,01100	-14
1,01167	-15
1,01233	-15
1,01300	-15
1,01367	-15
1,01433	-15
1,01500	-15
1,01567	-15
1,01633	-16
1,01700	-16
1,01767	-16
1,01833	-16
1,01900	-15
1,01967	-15
1,02033	-15
1,02100	-15
1,02167	-15
1,02233	-15
1,02300	-15
1,02367	-15
1,02433	-15
1,02500	-15
1,02567	-15
1,02633	-14
1,02700	-14
1,02767	-14
1,02833	-14
1,02900	-14
1,02967	-13
1,03033	-13
1,03100	-13
1,03167	-13
1,03233	-13
1,03300	-12
1,03367	-12
1,03433	-13
1,03500	-13
1,03567	-13
1,03633	-13
1,03700	-13
1,03767	-14
1,03833	-14
1,03900	-14
1,03967	-14
1,04033	-14
1,04100	-14
1,04167	-13
1,04233	-13
1,04300	-13
1,04367	-13
1,04433	-13
1,04500	-13
1,04567	-13
1,04633	-13
1,04700	-13
1,04767	-13
1,04833	-13
1,04900	-13
1,04967	-13
1,05033	-13
1,05100	-14
1,05167	-14
1,05233	-13
1,05300	-14
1,05367	-14
1,05433	-14
1,05500	-13
1,05567	-13
1,05633	-13
1,05700	-13
1,05767	-14
1,05833	-14
1,05900	-14
1,05967	-14
1,06033	-14
1,06100	-14
1,06167	-14
1,06233	-14
1,06300	-14
1,06367	-14
1,06433	-13
1,06500	-13
1,06567	-13
1,06633	-13
1,06700	-13
1,06767	-13
1,06833	-13
1,06900	-13
1,06967	-13
1,07033	-13
1,07100	-13
1,07167	-13
1,07233	-13
1,07300	-13
1,07367	-13
1,07433	-13
1,07500	-13
1,07567	-14
1,07633	-14
1,07700	-14
1,07767	-14
1,07833	-14
1,07900	-14
1,07967	-14
1,08033	-14
1,08100	-14
1,08167	-14
1,08233	-14
1,08300	-14
1,08367	-14
1,08433	-14
1,08500	-14
1,08567	-14
1,08633	-14
1,08700	-14
1,08767	-14
1,08833	-15
1,08900	-15
1,08967	-15
1,09033	-16
1,09100	-16
1,09167	-16
1,09233	-15
1,09300	-15
1,09367	-15
1,09433	-15
1,09500	-14
1,09567	-14
1,09633	-14
1,09700	-13
1,09767	-13
1,09833	-13
1,09900	-13
1,09967	-12
1,10033	-12
1,10100	-12
1,10167	-12
1,10233	-12
1,10300	-13
1,10367	-13
1,10433	-13
1,10500	-13
1,10567	-13
1,10633	-13
1,10700	-13
1,10767	-13
1,10833	-13
1,10900	-13
1,10967	-13
1,11033	-13
1,11100	-13
1,11167	-13
1,11233	-13
1,11300	-13
1,11367	-13
1,11433	-14
1,11500	-14
1,11567	-14
1,11633	-14
1,11700	-14
1,11767	-14
1,11833	-14
1,11900	-14
1,11967	-14
1,12033	-14
1,12100	-14
1,12167	-14
1,12233	-14
1,12300	-14
1,12367	-15
1,12433	-15
1,12500	-15
1,12567	-15
1,12633	-15
1,12700	-15
1,12767	-15
1,12833	-15
1,12900	-15
1,12967	-15
1,13033	-15
1,13100	-15
1,13167	-15
1,13233	-15
1,13300	-15
1,13367	-15
1,13433	-15
1,13500	-15
1,13567	-15
1,13633	-15
1,13700	-15
1,13767	-15
1,13833	-14
1,13900	-13
1,13967	-11
1,14033	-9
1,14100	-6
1,14167	-2
1,14233	3
1,14300	10
1,14367	19
1,14433	31
1,14500	44
1,14567	60
1,14633	77
1,14700	97
1,14767	117
1,14833	138
1,14900	159
1,14967	180
1,15033	200
1,15100	218
1,15167	234
1,15233	248
1,15300	260
1,15367	269
1,15433	276
1,15500	281
1,15567	283
1,15633	284
1,15700	282
1,15767	280
1,15833	276
1,15900	271
1,15967	266
1,16033	259
1,16100	253
1,16167	245
1,16233	238
1,16300	230
1,16367	222
1,16433	214
1,16500	206
1,16567	198
1,16633	190
1,16700	183
1,16767	175
1,16833	168
1,16900	160
1,16967	153
1,17033	147
1,17100	140
1,17167	133
1,17233	127
1,17300	121
1,17367	115
1,17433	109
1,17500	103
1,17567	98
1,17633	93
1,17700	88
1,17767	83
1,17833	79
1,17900	74
1,17967	70
1,18033	67
1,18100	63
1,18167	60
1,18233	56
1,18300	53
1,18367	51
1,18433	48
1,18500	46
1,18567	43
1,18633	41
1,18700	39
1,18767	37
1,18833	36
1,18900	34
1,18967	33
1,19033	32
1,19100	31
1,19167	31
1,19233	31
1,19300	30
1,19367	31
1,19433	31
1,19500	32
1,19567	33
1,19633	34
1,19700	35
1,19767	37
1,19833	38
1,19900	40
1,19967	42
1,20033	43
1,20100	45
1,20167	46
1,20233	48
1,20300	49
1,20367	50
1,20433	51
1,20500	52
1,20567	52
1,20633	52
1,20700	52
1,20767	51
1,20833	51
1,20900	50
1,20967	49
1,21033	47
1,21100	46
1,21167	45
1,21233	43
1,21300	42
1,21367	40
1,21433	38
1,21500	36
1,21567	34
1,21633	32
1,21700	31
1,21767	29
1,21833	27
1,21900	25
1,21967	23
1,22033	22
1,22100	20
1,22167	19
1,22233	17
1,22300	16
1,22367	14
1,22433	13
1,22500	12
1,22567	10
1,22633	9
1,22700	8
1,22767	6
1,22833	5
1,22900	3
1,22967	2
1,23033	1
1,23100	0
1,23167	-0
1,23233	-1
1,23300	-1
1,23367	-1
1,23433	-1
1,23500	-0
1,23567	1
1,23633	4
1,23700	8
1,23767	14
1,23833	21
1,23900	30
1,23967	41
1,24033	54
1,24100	69
1,24167	86
1,24233	104
1,24300	123
1,24367	143
1,24433	162
1,24500	182
1,24567	200
1,24633	218
1,24700	234
1,24767	249
1,24833	263
1,24900	274
1,24967	284
1,25033	291
1,25100	296
1,25167	300
1,25233	301
1,25300	301
1,25367	298
1,25433	295
1,25500	290
1,25567	283
1,25633	276
1,25700	267
1,25767	258
1,25833	248
1,25900	238
1,25967	228
1,26033	217
1,26100	207
1,26167	196
1,26233	186
1,26300	175
1,26367	165
1,26433	156
1,26500	146
1,26567	137
1,26633	129
1,26700	121
1,26767	113
1,26833	105
1,26900	98
1,26967	92
1,27033	85
1,27100	79
1,27167	74
1,27233	68
1,27300	64
1,27367	59
1,27433	55
1,27500	51
1,27567	47
1,27633	44
1,27700	42
1,27767	40
1,27833	39
1,27900	39
1,27967	41
1,28033	43
1,28100	48
1,28167	54
1,28233	62
1,28300	72
1,28367	85
1,28433	100
1,28500	118
1,28567	138
1,28633	160
1,28700	185
1,28767	211
1,28833	239
1,28900	268
1,28967	299
1,29033	330
1,29100	361
1,29167	393
1,29233	423
1,29300	453
1,29367	480
1,29433	506
1,29500	529
1,29567	550
1,29633	567
1,29700	582
1,29767	593
1,29833	601
1,29900	605
1,29967	607
1,30033	606
1,30100	601
1,30167	594
1,30233	585
1,30300	573
1,30367	559
1,30433	544
1,30500	527
1,30567	509
1,30633	490
1,30700	470
1,30767	450
1,30833	429
1,30900	408
1,30967	388
1,31033	367
1,31100	347
1,31167	328
1,31233	309
1,31300	291
1,31367	274
1,31433	261
1,31500	253
1,31567	255
1,31633	275
1,31700	334
1,31767	464
1,31833	731
1,31900	1229
1,31967	2096
1,32033	3495
1,32100	5642
1,32167	8769
1,32233	13136
1,32300	18986
1,32367	26552
1,32433	35999
1,32500	47430
1,32567	60842
1,32633	76131
1,32700	93087
1,32767	111429
1,32833	130796
1,32900	150787
1,32967	170980
1,33033	190969
1,33100	210382
1,33167	228893
1,33233	246222
1,33300	262153
1,33367	276511
1,33433	289173
1,33500	300038
1,33567	309035
1,33633	316112
1,33700	321244
1,33767	324414
1,33833	325634
1,33900	324942
1,33967	322407
1,34033	318126
1,34100	312229
1,34167	304870
1,34233	296227
1,34300	286491
1,34367	275859
1,34433	264529
1,34500	252690
1,34567	240519
1,34633	228177
1,34700	215808
1,34767	203533
1,34833	191456
1,34900	179664
1,34967	168225
1,35033	157191
1,35100	146602
1,35167	136487
1,35233	126863
1,35300	117738
1,35367	109116
1,35433	100993
1,35500	93360
1,35567	86204
1,35633	79511
1,35700	73264
1,35767	67444
1,35833	62032
1,35900	57006
1,35967	52346
1,36033	48032
1,36100	44043
1,36167	40359
1,36233	36961
1,36300	33829
1,36367	30946
1,36433	28294
1,36500	25858
1,36567	23621
1,36633	21570
1,36700	19689
1,36767	17966
1,36833	16389
1,36900	14947
1,36967	13628
1,37033	12423
1,37100	11323
1,37167	10319
1,37233	9404
1,37300	8569
1,37367	7808
1,37433	7116
1,37500	6485
1,37567	5910
1,37633	5388
1,37700	4912
1,37767	4480
1,37833	4087
1,37900	3730
1,37967	3405
1,38033	3111
1,38100	2843
1,38167	2600
1,38233	2379
1,38300	2179
1,38367	1997
1,38433	1831
1,38500	1681
1,38567	1544
1,38633	1420
1,38700	1308
1,38767	1205
1,38833	1112
1,38900	1028
1,38967	951
1,39033	881
1,39100	818
1,39167	760
1,39233	707
1,39300	659
1,39367	616
1,39433	576
1,39500	540
1,39567	506
1,39633	476
1,39700	449
1,39767	424
1,39833	400
1,39900	379
1,39967	360
1,40033	342
1,40100	325
1,40167	310
1,40233	296
1,40300	283
1,40367	272
1,40433	261
1,40500	251
1,40567	242
1,40633	233
1,40700	225
1,40767	218
1,40833	211
1,40900	204
1,40967	198
1,41033	192
1,41100	187
1,41167	182
1,41233	177
1,41300	173
1,41367	169
1,41433	165
1,41500	161
1,41567	158
1,41633	155
1,41700	152
1,41767	149
1,41833	146
1,41900	143
1,41967	140
1,42033	137
1,42100	134
1,42167	131
1,42233	129
1,42300	126
1,42367	123
1,42433	121
1,42500	119
1,42567	116
1,42633	115
1,42700	113
1,42767	111
1,42833	110
1,42900	109
1,42967	108
1,43033	106
1,43100	106
1,43167	105
1,43233	105
1,43300	105
1,43367	105
1,43433	107
1,43500	110
1,43567	114
1,43633	120
1,43700	129
1,43767	140
1,43833	155
1,43900	174
1,43967	197
1,44033	224
1,44100	255
1,44167	291
1,44233	329
1,44300	370
1,44367	414
1,44433	458
1,44500	503
1,44567	546
1,44633	589
1,44700	629
1,44767	666
1,44833	699
1,44900	729
1,44967	754
1,45033	775
1,45100	792
1,45167	803
1,45233	811
1,45300	813
1,45367	812
1,45433	806
1,45500	796
1,45567	782
1,45633	765
1,45700	746
1,45767	723
1,45833	699
1,45900	673
1,45967	645
1,46033	617
1,46100	588
1,46167	559
1,46233	530
1,46300	502
1,46367	474
1,46433	447
1,46500	420
1,46567	395
1,46633	371
1,46700	348
1,46767	326
1,46833	305
1,46900	286
1,46967	268
1,47033	251
1,47100	235
1,47167	220
1,47233	206
1,47300	192
1,47367	180
1,47433	168
1,47500	157
1,47567	147
1,47633	138
1,47700	129
1,47767	121
1,47833	114
1,47900	108
1,47967	101
1,48033	96
1,48100	91
1,48167	86
1,48233	81
1,48300	77
1,48367	74
1,48433	70
1,48500	67
1,48567	64
1,48633	62
1,48700	59
1,48767	57
1,48833	56
1,48900	54
1,48967	53
1,49033	52
1,49100	51
1,49167	50
1,49233	50
1,49300	49
1,49367	49
1,49433	49
1,49500	49
1,49567	49
1,49633	49
1,49700	50
1,49767	50
1,49833	50
1,49900	51
1,49967	51
1,50033	52
1,50100	52
1,50167	53
1,50233	54
1,50300	54
1,50367	55
1,50433	56
1,50500	57
1,50567	58
1,50633	58
1,50700	59
1,50767	60
1,50833	60
1,50900	61
1,50967	62
1,51033	64
1,51100	65
1,51167	66
1,51233	68
1,51300	70
1,51367	73
1,51433	76
1,51500	79
1,51567	82
1,51633	87
1,51700	92
1,51767	98
1,51833	106
1,51900	114
1,51967	125
1,52033	137
1,52100	152
1,52167	171
1,52233	193
1,52300	219
1,52367	250
1,52433	287
1,52500	328
1,52567	375
1,52633	427
1,52700	484
1,52767	545
1,52833	608
1,52900	674
1,52967	740
1,53033	806
1,53100	870
1,53167	932
1,53233	990
1,53300	1044
1,53367	1093
1,53433	1137
1,53500	1174
1,53567	1206
1,53633	1230
1,53700	1248
1,53767	1260
1,53833	1265
1,53900	1264
1,53967	1259
1,54033	1252
1,54100	1246
1,54167	1249
1,54233	1275
1,54300	1350
1,54367	1524
1,54433	1891
1,54500	2600
1,54567	3880
1,54633	6057
1,54700	9607
1,54767	15158
1,54833	23605
1,54900	36065
1,54967	54007
1,55033	79169
1,55100	113689
1,55167	159879
1,55233	220216
1,55300	297233
1,55367	393475
1,55433	511188
1,55500	652164
1,55567	817741
1,55633	1008685
1,55700	1224939
1,55767	1465190
1,55833	1727327
1,55900	2008479
1,55967	2304524
1,56033	2610730
1,56100	2922044
1,56167	3233049
1,56233	3537977
1,56300	3831272
1,56367	4107731
1,56433	4362741
1,56500	4592077
1,56567	4792318
1,56633	4960726
1,56700	5095540
1,56767	5195621
1,56833	5260715
1,56900	5291180
1,56967	5288004
1,57033	5252737
1,57100	5187436
1,57167	5094582
1,57233	4976990
1,57300	4837754
1,57367	4680088
1,57433	4507296
1,57500	4322610
1,57567	4129157
1,57633	3929858
1,57700	3727417
1,57767	3524219
1,57833	3322343
1,57900	3123560
1,57967	2929340
1,58033	2740865
1,58100	2559058
1,58167	2384605
1,58233	2217988
1,58300	2059515
1,58367	1909348
1,58433	1767526
1,58500	1633987
1,58567	1508591
1,58633	1391133
1,58700	1281360
1,58767	1178983
1,58833	1083686
1,58900	995136
1,58967	912992
1,59033	836905
1,59100	766530
1,59167	701524
1,59233	641552
1,59300	586290
1,59367	535424
1,59433	488653
1,59500	445689
1,59567	406260
1,59633	370107
1,59700	336986
1,59767	306667
1,59833	278935
1,59900	253587
1,59967	230435
1,60033	209302
1,60100	190026
1,60167	172455
1,60233	156446
1,60300	141869
1,60367	128604
1,60433	116539
1,60500	105571
1,60567	95605
1,60633	86554
1,60700	78337
1,60767	70881
1,60833	64119
1,60900	57988
1,60967	52431
1,61033	47397
1,61100	42839
1,61167	38712
1,61233	34977
1,61300	31598
1,61367	28542
1,61433	25780
1,61500	23283
1,61567	21027
1,61633	18989
1,61700	17148
1,61767	15486
1,61833	13987
1,61900	12633
1,61967	11412
1,62033	10310
1,62100	9316
1,62167	8421
1,62233	7613
1,62300	6885
1,62367	6229
1,62433	5638
1,62500	5106
1,62567	4626
1,62633	4194
1,62700	3805
1,62767	3455
1,62833	3140
1,62900	2856
1,62967	2601
1,63033	2371
1,63100	2164
1,63167	1977
1,63233	1809
1,63300	1658
1,63367	1522
1,63433	1399
1,63500	1289
1,63567	1189
1,63633	1099
1,63700	1018
1,63767	945
1,63833	879
1,63900	819
1,63967	765
1,64033	716
1,64100	671
1,64167	631
1,64233	594
1,64300	561
1,64367	531
1,64433	503
1,64500	478
1,64567	455
1,64633	435
1,64700	416
1,64767	398
1,64833	383
1,64900	368
1,64967	355
1,65033	343
1,65100	331
1,65167	320
1,65233	310
1,65300	301
1,65367	292
1,65433	284
1,65500	277
1,65567	269
1,65633	263
1,65700	257
1,65767	251
1,65833	245
1,65900	240
1,65967	236
1,66033	231
1,66100	226
1,66167	222
1,66233	218
1,66300	214
1,66367	210
1,66433	207
1,66500	203
1,66567	200
1,66633	196
1,66700	193
1,66767	189
1,66833	186
1,66900	183
1,66967	180
1,67033	178
1,67100	175
1,67167	173
1,67233	170
1,67300	168
1,67367	166
1,67433	164
1,67500	162
1,67567	160
1,67633	158
1,67700	156
1,67767	154
1,67833	152
1,67900	150
1,67967	149
1,68033	147
1,68100	146
1,68167	144
1,68233	143
1,68300	141
1,68367	140
1,68433	139
1,68500	137
1,68567	136
1,68633	135
1,68700	133
1,68767	131
1,68833	130
1,68900	128
1,68967	126
1,69033	125
1,69100	123
1,69167	121
1,69233	120
1,69300	118
1,69367	117
1,69433	115
1,69500	114
1,69567	112
1,69633	111
1,69700	109
1,69767	108
1,69833	107
1,69900	105
1,69967	104
1,70033	103
1,70100	101
1,70167	100
1,70233	99
1,70300	98
1,70367	97
1,70433	96
1,70500	95
1,70567	94
1,70633	93
1,70700	93
1,70767	92
1,70833	91
1,70900	90
1,70967	89
1,71033	88
1,71100	87
1,71167	86
1,71233	85
1,71300	84
1,71367	83
1,71433	82
1,71500	82
1,71567	81
1,71633	80
1,71700	79
1,71767	79
1,71833	78
1,71900	77
1,71967	76
1,72033	75
1,72100	74
1,72167	73
1,72233	72
1,72300	71
1,72367	70
1,72433	69
1,72500	68
1,72567	67
1,72633	66
1,72700	66
1,72767	65
1,72833	64
1,72900	63
1,72967	62
1,73033	62
1,73100	61
1,73167	61
1,73233	60
1,73300	60
1,73367	59
1,73433	59
1,73500	59
1,73567	58
1,73633	57
1,73700	56
1,73767	56
1,73833	55
1,73900	54
1,73967	53
1,74033	53
1,74100	52
1,74167	51
1,74233	51
1,74300	51
1,74367	50
1,74433	50
1,74500	50
1,74567	49
1,74633	49
1,74700	48
1,74767	48
1,74833	48
1,74900	47
1,74967	47
1,75033	46
1,75100	46
1,75167	45
1,75233	45
1,75300	44
1,75367	44
1,75433	43
1,75500	43
1,75567	43
1,75633	43
1,75700	43
1,75767	43
1,75833	43
1,75900	44
1,75967	44
1,76033	45
1,76100	45
1,76167	46
1,76233	46
1,76300	47
1,76367	48
1,76433	49
1,76500	50
1,76567	51
1,76633	53
1,76700	54
1,76767	55
1,76833	56
1,76900	56
1,76967	57
1,77033	58
1,77100	58
1,77167	58
1,77233	59
1,77300	58
1,77367	58
1,77433	58
1,77500	57
1,77567	57
1,77633	56
1,77700	56
1,77767	55
1,77833	54
1,77900	53
1,77967	52
1,78033	51
1,78100	50
1,78167	50
1,78233	49
1,78300	48
1,78367	47
1,78433	45
1,78500	44
1,78567	43
1,78633	42
1,78700	41
1,78767	40
1,78833	39
1,78900	38
1,78967	37
1,79033	36
1,79100	35
1,79167	35
1,79233	34
1,79300	34
1,79367	33
1,79433	32
1,79500	32
1,79567	31
1,79633	31
1,79700	30
1,79767	30
1,79833	29
1,79900	29
1,79967	28
1,80033	28
1,80100	28
1,80167	27
1,80233	26
1,80300	26
1,80367	25
1,80433	25
1,80500	24
1,80567	24
1,80633	23
1,80700	23
1,80767	23
1,80833	22
1,80900	22
1,80967	22
1,81033	22
1,81100	22
1,81167	22
1,81233	22
1,81300	22
1,81367	21
1,81433	21
1,81500	21
1,81567	21
1,81633	21
1,81700	21
1,81767	21
1,81833	21
1,81900	21
1,81967	21
1,82033	21
1,82100	22
1,82167	22
1,82233	22
1,82300	22
1,82367	22
1,82433	22
1,82500	22
1,82567	22
1,82633	22
1,82700	22
1,82767	22
1,82833	21
1,82900	21
1,82967	21
1,83033	21
1,83100	21
1,83167	21
1,83233	21
1,83300	21
1,83367	21
1,83433	21
1,83500	21
1,83567	20
1,83633	20
1,83700	20
1,83767	20
1,83833	19
1,83900	19
1,83967	19
1,84033	18
1,84100	18
1,84167	18
1,84233	17
1,84300	17
1,84367	17
1,84433	17
1,84500	17
1,84567	17
1,84633	17
1,84700	17
1,84767	17
1,84833	16
1,84900	16
1,84967	16
1,85033	16
1,85100	16
1,85167	16
1,85233	16
1,85300	16
1,85367	16
1,85433	16
1,85500	16
1,85567	16
1,85633	16
1,85700	16
1,85767	16
1,85833	16
1,85900	16
1,85967	16
1,86033	17
1,86100	19
1,86167	23
1,86233	30
1,86300	42
1,86367	65
1,86433	103
1,86500	167
1,86567	272
1,86633	439
1,86700	692
1,86767	1065
1,86833	1587
1,86900	2294
1,86967	3219
1,87033	4397
1,87100	5856
1,87167	7629
1,87233	9742
1,87300	12224
1,87367	15099
1,87433	18383
1,87500	22086
1,87567	26211
1,87633	30762
1,87700	35739
1,87767	41143
1,87833	46971
1,87900	53213
1,87967	59858
1,88033	66903
1,88100	74332
1,88167	82133
1,88233	90289
1,88300	98794
1,88367	107631
1,88433	116779
1,88500	126217
1,88567	135934
1,88633	145918
1,88700	156157
1,88767	166626
1,88833	177301
1,88900	188155
1,88967	199162
1,89033	210305
1,89100	221572
1,89167	232946
1,89233	244391
1,89300	255857
1,89367	267292
1,89433	278606
1,89500	289640
1,89567	300124
1,89633	309648
1,89700	317646
1,89767	323528
1,89833	326780
1,89900	327153
1,89967	324659
1,90033	319543
1,90100	312161
1,90167	302922
1,90233	292221
1,90300	280425
1,90367	267858
1,90433	254798
1,90500	241480
1,90567	228100
1,90633	214816
1,90700	201758
1,90767	189026
1,90833	176699
1,90900	164834
1,90967	153473
1,91033	142644
1,91100	132364
1,91167	122639
1,91233	113468
1,91300	104846
1,91367	96759
1,91433	89194
1,91500	82131
1,91567	75550
1,91633	69430
1,91700	63748
1,91767	58481
1,91833	53606
1,91900	49099
1,91967	44938
1,92033	41102
1,92100	37569
1,92167	34318
1,92233	31330
1,92300	28586
1,92367	26069
1,92433	23762
1,92500	21648
1,92567	19714
1,92633	17945
1,92700	16329
1,92767	14853
1,92833	13505
1,92900	12276
1,92967	11156
1,93033	10135
1,93100	9206
1,93167	8359
1,93233	7590
1,93300	6889
1,93367	6253
1,93433	5675
1,93500	5150
1,93567	4673
1,93633	4240
1,93700	3848
1,93767	3492
1,93833	3169
1,93900	2876
1,93967	2611
1,94033	2371
1,94100	2154
1,94167	1957
1,94233	1778
1,94300	1617
1,94367	1471
1,94433	1339
1,94500	1219
1,94567	1111
1,94633	1013
1,94700	925
1,94767	845
1,94833	773
1,94900	707
1,94967	648
1,95033	595
1,95100	547
1,95167	503
1,95233	463
1,95300	427
1,95367	395
1,95433	365
1,95500	338
1,95567	314
1,95633	292
1,95700	273
1,95767	255
1,95833	238
1,95900	223
1,95967	210
1,96033	197
1,96100	186
1,96167	176
1,96233	166
1,96300	158
1,96367	150
1,96433	142
1,96500	136
1,96567	130
1,96633	124
1,96700	119
1,96767	114
1,96833	110
1,96900	106
1,96967	103
1,97033	99
1,97100	96
1,97167	93
1,97233	91
1,97300	88
1,97367	86
1,97433	84
1,97500	82
1,97567	80
1,97633	78
1,97700	76
1,97767	75
1,97833	73
1,97900	71
1,97967	70
1,98033	69
1,98100	68
1,98167	67
1,98233	66
1,98300	65
1,98367	64
1,98433	63
1,98500	62
1,98567	61
1,98633	60
1,98700	60
1,98767	59
1,98833	58
1,98900	58
1,98967	57
1,99033	56
1,99100	55
1,99167	55
1,99233	54
1,99300	53
1,99367	52
1,99433	52
1,99500	51
1,99567	50
1,99633	49
1,99700	48
1,99767	47
1,99833	46
1,99900	46
1,99967	45
2,00033	44
2,00100	44
2,00167	43
2,00233	43
2,00300	42
2,00367	41
2,00433	41
2,00500	40
2,00567	40
2,00633	39
2,00700	39
2,00767	39
2,00833	38
2,00900	38
2,00967	38
2,01033	38
2,01100	39
2,01167	40
2,01233	41
2,01300	44
2,01367	47
2,01433	51
2,01500	57
2,01567	65
2,01633	76
2,01700	90
2,01767	107
2,01833	129
2,01900	157
2,01967	191
2,02033	232
2,02100	281
2,02167	339
2,02233	405
2,02300	480
2,02367	563
2,02433	654
2,02500	752
2,02567	856
2,02633	965
2,02700	1076
2,02767	1189
2,02833	1301
2,02900	1411
2,02967	1518
2,03033	1618
2,03100	1711
2,03167	1796
2,03233	1871
2,03300	1936
2,03367	1990
2,03433	2033
2,03500	2064
2,03567	2083
2,03633	2091
2,03700	2088
2,03767	2075
2,03833	2052
2,03900	2019
2,03967	1979
2,04033	1931
2,04100	1877
2,04167	1817
2,04233	1753
2,04300	1686
2,04367	1616
2,04433	1545
2,04500	1473
2,04567	1400
2,04633	1328
2,04700	1256
2,04767	1186
2,04833	1117
2,04900	1051
2,04967	987
2,05033	925
2,05100	866
2,05167	809
2,05233	756
2,05300	705
2,05367	657
2,05433	612
2,05500	569
2,05567	529
2,05633	492
2,05700	457
2,05767	424
2,05833	393
2,05900	365
2,05967	339
2,06033	314
2,06100	291
2,06167	270
2,06233	250
2,06300	232
2,06367	215
2,06433	200
2,06500	185
2,06567	172
2,06633	160
2,06700	149
2,06767	138
2,06833	129
2,06900	120
2,06967	112
2,07033	105
2,07100	98
2,07167	92
2,07233	86
2,07300	81
2,07367	76
2,07433	72
2,07500	68
2,07567	64
2,07633	61
2,07700	58
2,07767	56
2,07833	53
2,07900	51
2,07967	48
2,08033	46
2,08100	44
2,08167	42
2,08233	40
2,08300	38
2,08367	36
2,08433	35
2,08500	33
2,08567	32
2,08633	30
2,08700	29
2,08767	28
2,08833	27
2,08900	26
2,08967	25
2,09033	25
2,09100	24
2,09167	23
2,09233	22
2,09300	22
2,09367	21
2,09433	21
2,09500	20
2,09567	20
2,09633	19
2,09700	19
2,09767	19
2,09833	18
2,09900	18
2,09967	18
2,10033	17
2,10100	17
2,10167	16
2,10233	16
2,10300	16
2,10367	15
2,10433	15
2,10500	15
2,10567	14
2,10633	14
2,10700	14
2,10767	14
2,10833	13
2,10900	13
2,10967	13
2,11033	12
2,11100	12
2,11167	12
2,11233	12
2,11300	11
2,11367	11
2,11433	11
2,11500	11
2,11567	11
2,11633	11
2,11700	11
2,11767	11
2,11833	11
2,11900	11
2,11967	11
2,12033	11
2,12100	11
2,12167	10
2,12233	10
2,12300	10
2,12367	10
2,12433	10
2,12500	10
2,12567	10
2,12633	9
2,12700	9
2,12767	9
2,12833	9
2,12900	9
2,12967	8
2,13033	8
2,13100	8
2,13167	8
2,13233	8
2,13300	8
2,13367	8
2,13433	7
2,13500	7
2,13567	7
2,13633	6
2,13700	6
2,13767	6
2,13833	5
2,13900	5
2,13967	5
2,14033	5
2,14100	4
2,14167	4
2,14233	4
2,14300	5
2,14367	5
2,14433	5
2,14500	5
2,14567	5
2,14633	5
2,14700	5
2,14767	5
2,14833	5
2,14900	5
2,14967	5
2,15033	5
2,15100	6
2,15167	6
2,15233	6
2,15300	6
2,15367	6
2,15433	6
2,15500	6
2,15567	5
2,15633	5
2,15700	5
2,15767	5
2,15833	5
2,15900	5
2,15967	5
2,16033	5
2,16100	5
2,16167	5
2,16233	5
2,16300	4
2,16367	4
2,16433	3
2,16500	3
2,16567	3
2,16633	2
2,16700	2
2,16767	1
2,16833	1
2,16900	1
2,16967	0
2,17033	0
2,17100	0
2,17167	0
2,17233	0
2,17300	0
2,17367	0
2,17433	-0
2,17500	-0
2,17567	-0
2,17633	-1
2,17700	-1
2,17767	-1
2,17833	-1
2,17900	-1
2,17967	-1
2,18033	-1
2,18100	-1
2,18167	-1
2,18233	-1
2,18300	-1
2,18367	-1
2,18433	-1
2,18500	-1
2,18567	-1
2,18633	-1
2,18700	-1
2,18767	-1
2,18833	-1
2,18900	-1
2,18967	-1
2,19033	-1
2,19100	-1
2,19167	-1
2,19233	-1
2,19300	-1
2,19367	-1
2,19433	-0
2,19500	-0
2,19567	-0
2,19633	0
2,19700	0
2,19767	0
2,19833	0
2,19900	0
2,19967	-0
2,20033	-0
2,20100	-1
2,20167	-1
2,20233	-1
2,20300	-1
2,20367	-2
2,20433	-2
2,20500	-2
2,20567	-2
2,20633	-3
2,20700	-3
2,20767	-3
2,20833	-3
2,20900	-3
2,20967	-3
2,21033	-3
2,21100	-3
2,21167	-3
2,21233	-2
2,21300	-2
2,21367	-2
2,21433	-2
2,21500	-1
2,21567	-1
2,21633	-1
2,21700	-1
2,21767	-1
2,21833	-1
2,21900	-1
2,21967	-1
2,22033	-1
2,22100	-1
2,22167	-1
2,22233	-1
2,22300	-1
2,22367	-2
2,22433	-2
2,22500	-2
2,22567	-2
2,22633	-2
2,22700	-3
2,22767	-2
2,22833	-3
2,22900	-3
2,22967	-3
2,23033	-3
2,23100	-3
2,23167	-3
2,23233	-3
2,23300	-2
2,23367	-2
2,23433	-2
2,23500	-2
2,23567	-2
2,23633	-2
2,23700	-2
2,23767	-2
2,23833	-2
2,23900	-2
2,23967	-3
2,24033	-3
2,24100	-4
2,24167	-4
2,24233	-4
2,24300	-5
2,24367	-5
2,24433	-5
2,24500	-4
2,24567	-4
2,24633	-4
2,24700	-3
2,24767	-3
2,24833	-3
2,24900	-3
2,24967	-2
2,25033	-2
2,25100	-2
2,25167	-2
2,25233	-2
2,25300	-2
2,25367	-2
2,25433	-3
2,25500	-3
2,25567	-3
2,25633	-3
2,25700	-4
2,25767	-4
2,25833	-4
2,25900	-3
2,25967	-3
2,26033	-3
2,26100	-3
2,26167	-3
2,26233	-3
2,26300	-3
2,26367	-3
2,26433	-3
2,26500	-2
2,26567	-3
2,26633	-3
2,26700	-3
2,26767	-3
2,26833	-3
2,26900	-3
2,26967	-3
2,27033	-2
2,27100	-2
2,27167	-2
2,27233	-2
2,27300	-1
2,27367	-1
2,27433	-1
2,27500	-1
2,27567	-1
2,27633	-0
2,27700	-0
2,27767	0
2,27833	0
2,27900	1
2,27967	1
2,28033	1
2,28100	1
2,28167	1
2,28233	1
2,28300	1
2,28367	1
2,28433	1
2,28500	1
2,28567	1
2,28633	2
2,28700	2
2,28767	2
2,28833	2
2,28900	2
2,28967	1
2,29033	1
2,29100	1
2,29167	1
2,29233	1
2,29300	1
2,29367	1
2,29433	1
2,29500	1
2,29567	1
2,29633	1
2,29700	1
2,29767	1
2,29833	2
2,29900	2
2,29967	2
2,30033	2
2,30100	2
2,30167	2
2,30233	2
2,30300	2
2,30367	2
2,30433	2
2,30500	2
2,30567	2
2,30633	1
2,30700	1
2,30767	1
2,30833	1
2,30900	1
2,30967	1
2,31033	1
2,31100	1
2,31167	1
2,31233	2
2,31300	2
2,31367	2
2,31433	2
2,31500	2
2,31567	1
2,31633	1
2,31700	1
2,31767	1
2,31833	1
2,31900	1
2,31967	0
2,32033	0
2,32100	-0
2,32167	-0
2,32233	-0
2,32300	-0
2,32367	-0
2,32433	-0
2,32500	-0
2,32567	-0
2,32633	0
2,32700	0
2,32767	0
2,32833	0
2,32900	1
2,32967	1
2,33033	1
2,33100	1
2,33167	1
2,33233	1
2,33300	1
2,33367	1
2,33433	1
2,33500	1
2,33567	1
2,33633	1
2,33700	1
2,33767	1
2,33833	0
2,33900	0
2,33967	0
2,34033	0
2,34100	0
2,34167	0
2,34233	1
2,34300	1
2,34367	1
2,34433	1
2,34500	1
2,34567	1
2,34633	1
2,34700	1
2,34767	0
2,34833	-0
2,34900	-0
2,34967	-1
2,35033	-1
2,35100	-1
2,35167	-1
2,35233	-1
2,35300	-1
2,35367	-1
2,35433	-1
2,35500	-1
2,35567	-2
2,35633	-2
2,35700	-2
2,35767	-2
2,35833	-2
2,35900	-2
2,35967	-2
2,36033	-2
2,36100	-2
2,36167	-2
2,36233	-2
2,36300	-2
2,36367	-2
2,36433	-2
2,36500	-2
2,36567	-2
2,36633	-2
2,36700	-1
2,36767	-1
2,36833	-1
2,36900	-1
2,36967	-2
2,37033	-2
2,37100	-2
2,37167	-2
2,37233	-2
2,37300	-2
2,37367	-1
2,37433	-1
2,37500	0
2,37567	1
2,37633	2
2,37700	3
2,37767	3
2,37833	4
2,37900	5
2,37967	5
2,38033	6
2,38100	6
2,38167	7
2,38233	8
2,38300	8
2,38367	9
2,38433	9
2,38500	10
2,38567	11
2,38633	11
2,38700	12
2,38767	12
2,38833	12
2,38900	13
2,38967	13
2,39033	13
2,39100	14
2,39167	14
2,39233	13
2,39300	13
2,39367	13
2,39433	13
2,39500	13
2,39567	13
2,39633	13
2,39700	12
2,39767	12
2,39833	12
2,39900	12
2,39967	12
2,40033	12
2,40100	12
2,40167	12
2,40233	12
2,40300	12
2,40367	12
2,40433	13
2,40500	13
2,40567	13
2,40633	13
2,40700	14
2,40767	15
2,40833	15
2,40900	16
2,40967	17
2,41033	17
2,41100	18
2,41167	19
2,41233	19
2,41300	20
2,41367	21
2,41433	21
2,41500	22
2,41567	22
2,41633	22
2,41700	23
2,41767	23
2,41833	23
2,41900	23
2,41967	23
2,42033	23
2,42100	23
2,42167	22
2,42233	21
2,42300	21
2,42367	20
2,42433	19
2,42500	18
2,42567	17
2,42633	16
2,42700	16
2,42767	15
2,42833	14
2,42900	14
2,42967	13
2,43033	12
2,43100	12
2,43167	11
2,43233	10
2,43300	9
2,43367	9
2,43433	8
2,43500	7
2,43567	6
2,43633	6
2,43700	5
2,43767	5
2,43833	4
2,43900	4
2,43967	4
2,44033	3
2,44100	3
2,44167	3
2,44233	2
2,44300	2
2,44367	2
2,44433	2
2,44500	1
2,44567	1
2,44633	1
2,44700	1
2,44767	1
2,44833	0
2,44900	0
2,44967	0
2,45033	0
2,45100	0
2,45167	-0
2,45233	-0
2,45300	-0
2,45367	-1
2,45433	-1
2,45500	-1
2,45567	-1
2,45633	-1
2,45700	-1
2,45767	-1
2,45833	-1
2,45900	-1
2,45967	-1
2,46033	-1
2,46100	-1
2,46167	-1
2,46233	-1
2,46300	-0
2,46367	-0
2,46433	-0
2,46500	0
2,46567	0
2,46633	0
2,46700	0
2,46767	1
2,46833	1
2,46900	1
2,46967	2
2,47033	2
2,47100	3
2,47167	3
2,47233	3
2,47300	4
2,47367	4
2,47433	4
2,47500	4
2,47567	5
2,47633	5
2,47700	5
2,47767	5
2,47833	4
2,47900	4
2,47967	4
2,48033	4
2,48100	4
2,48167	3
2,48233	3
2,48300	3
2,48367	3
2,48433	3
2,48500	3
2,48567	2
2,48633	2
2,48700	1
2,48767	1
2,48833	0
2,48900	0
2,48967	0
2,49033	0
2,49100	-0
2,49167	-0
2,49233	-0
2,49300	0
2,49367	0
2,49433	0
2,49500	0
2,49567	0
2,49633	0
2,49700	0
2,49767	1
2,49833	1
2,49900	1
2,49967	1
2,50033	1
2,50100	1
2,50167	1
2,50233	1
2,50300	1
2,50367	1
2,50433	1
2,50500	1
2,50567	1
2,50633	1
2,50700	1
2,50767	1
2,50833	1
2,50900	1
2,50967	1
2,51033	1
2,51100	1
2,51167	1
2,51233	1
2,51300	2
2,51367	2
2,51433	3
2,51500	3
2,51567	4
2,51633	5
2,51700	5
2,51767	6
2,51833	7
2,51900	8
2,51967	9
2,52033	10
2,52100	11
2,52167	12
2,52233	14
2,52300	15
2,52367	17
2,52433	19
2,52500	21
2,52567	23
2,52633	25
2,52700	27
2,52767	29
2,52833	31
2,52900	33
2,52967	34
2,53033	36
2,53100	37
2,53167	39
2,53233	40
2,53300	40
2,53367	41
2,53433	41
2,53500	41
2,53567	41
2,53633	40
2,53700	40
2,53767	39
2,53833	38
2,53900	37
2,53967	36
2,54033	35
2,54100	33
2,54167	32
2,54233	31
2,54300	29
2,54367	28
2,54433	27
2,54500	26
2,54567	24
2,54633	23
2,54700	22
2,54767	21
2,54833	19
2,54900	18
2,54967	17
2,55033	16
2,55100	15
2,55167	14
2,55233	12
2,55300	11
2,55367	10
2,55433	9
2,55500	9
2,55567	8
2,55633	7
2,55700	6
2,55767	5
2,55833	5
2,55900	4
2,55967	4
2,56033	3
2,56100	3
2,56167	3
2,56233	2
2,56300	2
2,56367	2
2,56433	2
2,56500	2
2,56567	2
2,56633	2
2,56700	2
2,56767	2
2,56833	2
2,56900	2
2,56967	1
2,57033	1
2,57100	1
2,57167	1
2,57233	1
2,57300	1
2,57367	0
2,57433	0
2,57500	0
2,57567	0
2,57633	0
2,57700	0
2,57767	-0
2,57833	-0
2,57900	-0
2,57967	-0
2,58033	-0
2,58100	-0
2,58167	-0
2,58233	-1
2,58300	-1
2,58367	-1
2,58433	-1
2,58500	-1
2,58567	-1
2,58633	-1
2,58700	-1
2,58767	-1
2,58833	-1
2,58900	-1
2,58967	-1
2,59033	-1
2,59100	-1
2,59167	-1
2,59233	-1
2,59300	-1
2,59367	-0
2,59433	-0
2,59500	0
2,59567	0
2,59633	0
2,59700	1
2,59767	1
2,59833	1
2,59900	2
2,59967	2
2,60033	3
2,60100	3
2,60167	4
2,60233	5
2,60300	6
2,60367	7
2,60433	8
2,60500	8
2,60567	9
2,60633	10
2,60700	11
2,60767	12
2,60833	13
2,60900	14
2,60967	15
2,61033	16
2,61100	17
2,61167	18
2,61233	19
2,61300	20
2,61367	21
2,61433	22
2,61500	23
2,61567	23
2,61633	24
2,61700	25
2,61767	25
2,61833	26
2,61900	26
2,61967	27
2,62033	27
2,62100	28
2,62167	28
2,62233	29
2,62300	29
2,62367	29
2,62433	30
2,62500	30
2,62567	30
2,62633	30
2,62700	31
2,62767	31
2,62833	31
2,62900	32
2,62967	32
2,63033	33
2,63100	33
2,63167	34
2,63233	34
2,63300	34
2,63367	35
2,63433	35
2,63500	35
2,63567	35
2,63633	36
2,63700	36
2,63767	36
2,63833	35
2,63900	35
2,63967	35
2,64033	35
2,64100	35
2,64167	36
2,64233	37
2,64300	39
2,64367	43
2,64433	49
2,64500	58
2,64567	74
2,64633	98
2,64700	136
2,64767	195
2,64833	285
2,64900	422
2,64967	626
2,65033	927
2,65100	1357
2,65167	1960
2,65233	2786
2,65300	3892
2,65367	5336
2,65433	7184
2,65500	9509
2,65567	12385
2,65633	15893
2,65700	20119
2,65767	25138
2,65833	31034
2,65900	37889
2,65967	45787
2,66033	54784
2,66100	64951
2,66167	76353
2,66233	89072
2,66300	103137
2,66367	118578
2,66433	135410
2,66500	153626
2,66567	173187
2,66633	194056
2,66700	216177
2,66767	239458
2,66833	263802
2,66900	289125
2,66967	315301
2,67033	342148
2,67100	369447
2,67167	397026
2,67233	424756
2,67300	452465
2,67367	479860
2,67433	506541
2,67500	532080
2,67567	556006
2,67633	577792
2,67700	596910
2,67767	612813
2,67833	625049
2,67900	633273
2,67967	637315
2,68033	637127
2,68100	632811
2,68167	624586
2,68233	612792
2,68300	597848
2,68367	580198
2,68433	560308
2,68500	538646
2,68567	515661
2,68633	491763
2,68700	467318
2,68767	442645
2,68833	418024
2,68900	393688
2,68967	369830
2,69033	346608
2,69100	324143
2,69167	302528
2,69233	281831
2,69300	262097
2,69367	243354
2,69433	225613
2,69500	208873
2,69567	193121
2,69633	178338
2,69700	164497
2,69767	151566
2,69833	139509
2,69900	128288
2,69967	117863
2,70033	108192
2,70100	99235
2,70167	90951
2,70233	83298
2,70300	76237
2,70367	69729
2,70433	63738
2,70500	58229
2,70567	53167
2,70633	48520
2,70700	44258
2,70767	40352
2,70833	36775
2,70900	33502
2,70967	30509
2,71033	27773
2,71100	25276
2,71167	22996
2,71233	20918
2,71300	19023
2,71367	17296
2,71433	15724
2,71500	14294
2,71567	12993
2,71633	11811
2,71700	10736
2,71767	9761
2,71833	8876
2,71900	8074
2,71967	7347
2,72033	6688
2,72100	6093
2,72167	5555
2,72233	5068
2,72300	4629
2,72367	4233
2,72433	3876
2,72500	3555
2,72567	3266
2,72633	3006
2,72700	2772
2,72767	2562
2,72833	2374
2,72900	2204
2,72967	2052
2,73033	1914
2,73100	1790
2,73167	1678
2,73233	1577
2,73300	1485
2,73367	1401
2,73433	1324
2,73500	1253
2,73567	1188
2,73633	1128
2,73700	1071
2,73767	1019
2,73833	970
2,73900	923
2,73967	879
2,74033	838
2,74100	799
2,74167	761
2,74233	726
2,74300	692
2,74367	660
2,74433	629
2,74500	600
2,74567	572
2,74633	546
2,74700	522
2,74767	499
2,74833	477
2,74900	456
2,74967	437
2,75033	418
2,75100	400
2,75167	384
2,75233	368
2,75300	353
2,75367	339
2,75433	326
2,75500	314
2,75567	302
2,75633	291
2,75700	281
2,75767	271
2,75833	262
2,75900	253
2,75967	246
2,76033	238
2,76100	232
2,76167	225
2,76233	219
2,76300	214
2,76367	208
2,76433	203
2,76500	198
2,76567	193
2,76633	189
2,76700	185
2,76767	181
2,76833	178
2,76900	174
2,76967	171
2,77033	168
2,77100	166
2,77167	163
2,77233	161
2,77300	158
2,77367	156
2,77433	154
2,77500	152
2,77567	150
2,77633	148
2,77700	146
2,77767	144
2,77833	142
2,77900	140
2,77967	138
2,78033	136
2,78100	135
2,78167	133
2,78233	131
2,78300	129
2,78367	128
2,78433	126
2,78500	124
2,78567	123
2,78633	121
2,78700	120
2,78767	119
2,78833	117
2,78900	116
2,78967	115
2,79033	114
2,79100	112
2,79167	111
2,79233	110
2,79300	109
2,79367	108
2,79433	107
2,79500	106
2,79567	104
2,79633	103
2,79700	102
2,79767	101
2,79833	100
2,79900	100
2,79967	99
2,80033	98
2,80100	97
2,80167	96
2,80233	95
2,80300	95
2,80367	94
2,80433	94
2,80500	93
2,80567	93
2,80633	92
2,80700	92
2,80767	91
2,80833	91
2,80900	90
2,80967	90
2,81033	90
2,81100	89
2,81167	89
2,81233	89
2,81300	88
2,81367	88
2,81433	88
2,81500	88
2,81567	88
2,81633	87
2,81700	87
2,81767	87
2,81833	86
2,81900	86
2,81967	86
2,82033	85
2,82100	85
2,82167	85
2,82233	84
2,82300	84
2,82367	84
2,82433	84
2,82500	84
2,82567	83
2,82633	83
2,82700	83
2,82767	83
2,82833	82
2,82900	82
2,82967	81
2,83033	80
2,83100	79
2,83167	79
2,83233	78
2,83300	77
2,83367	76
2,83433	75
2,83500	75
2,83567	74
2,83633	73
2,83700	72
2,83767	71
2,83833	71
2,83900	70
2,83967	70
2,84033	69
2,84100	69
2,84167	68
2,84233	68
2,84300	67
2,84367	66
2,84433	66
2,84500	65
2,84567	64
2,84633	64
2,84700	63
2,84767	62
2,84833	62
2,84900	61
2,84967	61
2,85033	61
2,85100	60
2,85167	60
2,85233	60
2,85300	59
2,85367	59
2,85433	58
2,85500	58
2,85567	58
2,85633	58
2,85700	58
2,85767	57
2,85833	57
2,85900	57
2,85967	57
2,86033	57
2,86100	57
2,86167	57
2,86233	57
2,86300	57
2,86367	57
2,86433	57
2,86500	57
2,86567	57
2,86633	58
2,86700	58
2,86767	59
2,86833	59
2,86900	60
2,86967	60
2,87033	60
2,87100	61
2,87167	61
2,87233	61
2,87300	62
2,87367	62
2,87433	63
2,87500	63
2,87567	64
2,87633	64
2,87700	64
2,87767	65
2,87833	65
2,87900	66
2,87967	66
2,88033	66
2,88100	66
2,88167	66
2,88233	66
2,88300	66
2,88367	66
2,88433	65
2,88500	65
2,88567	65
2,88633	64
2,88700	64
2,88767	63
2,88833	63
2,88900	63
2,88967	62
2,89033	62
2,89100	61
2,89167	61
2,89233	60
2,89300	60
2,89367	59
2,89433	59
2,89500	58
2,89567	58
2,89633	57
2,89700	57
2,89767	57
2,89833	56
2,89900	56
2,89967	55
2,90033	55
2,90100	55
2,90167	54
2,90233	54
2,90300	53
2,90367	53
2,90433	52
2,90500	52
2,90567	51
2,90633	50
2,90700	50
2,90767	49
2,90833	49
2,90900	49
2,90967	48
2,91033	48
2,91100	48
2,91167	47
2,91233	47
2,91300	46
2,91367	46
2,91433	46
2,91500	45
2,91567	45
2,91633	44
2,91700	44
2,91767	44
2,91833	43
2,91900	43
2,91967	43
2,92033	43
2,92100	43
2,92167	43
2,92233	43
2,92300	43
2,92367	43
2,92433	43
2,92500	43
2,92567	43
2,92633	43
2,92700	43
2,92767	43
2,92833	43
2,92900	43
2,92967	43
2,93033	43
2,93100	43
2,93167	43
2,93233	44
2,93300	44
2,93367	44
2,93433	44
2,93500	44
2,93567	44
2,93633	44
2,93700	44
2,93767	44
2,93833	44
2,93900	44
2,93967	44
2,94033	44
2,94100	43
2,94167	43
2,94233	42
2,94300	42
2,94367	42
2,94433	41
2,94500	41
2,94567	40
2,94633	40
2,94700	39
2,94767	39
2,94833	38
2,94900	38
2,94967	37
2,95033	37
2,95100	36
2,95167	36
2,95233	35
2,95300	35
2,95367	34
2,95433	34
2,95500	34
2,95567	33
2,95633	33
2,95700	33
2,95767	33
2,95833	33
2,95900	33
2,95967	33
2,96033	33
2,96100	33
2,96167	33
2,96233	33
2,96300	33
2,96367	33
2,96433	33
2,96500	32
2,96567	32
2,96633	32
2,96700	31
2,96767	31
2,96833	31
2,96900	30
2,96967	30
2,97033	29
2,97100	29
2,97167	29
2,97233	29
2,97300	29
2,97367	29
2,97433	29
2,97500	28
2,97567	28
2,97633	28
2,97700	28
2,97767	28
2,97833	27
2,97900	27
2,97967	27
2,98033	27
2,98100	27
2,98167	27
2,98233	26
2,98300	26
2,98367	26
2,98433	26
2,98500	26
2,98567	26
2,98633	26
2,98700	26
2,98767	26
2,98833	26
2,98900	26
2,98967	26
2,99033	26
2,99100	26
2,99167	26
2,99233	25
2,99300	25
2,99367	25
2,99433	24
2,99500	24
2,99567	24
2,99633	24
2,99700	24
2,99767	24
2,99833	24
2,99900	24
2,99967	24
3,00033	24
3,00100	24
3,00167	24
3,00233	23
3,00300	23
3,00367	23
3,00433	23
3,00500	23
3,00567	23
3,00633	22
3,00700	22
3,00767	22
3,00833	22
3,00900	22
3,00967	22
3,01033	21
3,01100	21
3,01167	21
3,01233	21
3,01300	21
3,01367	21
3,01433	21
3,01500	21
3,01567	20
3,01633	20
3,01700	20
3,01767	20
3,01833	21
3,01900	21
3,01967	21
3,02033	20
3,02100	20
3,02167	20
3,02233	20
3,02300	20
3,02367	20
3,02433	20
3,02500	20
3,02567	20
3,02633	20
3,02700	21
3,02767	21
3,02833	21
3,02900	22
3,02967	22
3,03033	22
3,03100	22
3,03167	22
3,03233	22
3,03300	22
3,03367	22
3,03433	22
3,03500	22
3,03567	22
3,03633	22
3,03700	22
3,03767	22
3,03833	22
3,03900	22
3,03967	22
3,04033	22
3,04100	22
3,04167	22
3,04233	22
3,04300	22
3,04367	22
3,04433	23
3,04500	23
3,04567	24
3,04633	25
3,04700	26
3,04767	28
3,04833	30
3,04900	33
3,04967	36
3,05033	41
3,05100	46
3,05167	52
3,05233	60
3,05300	69
3,05367	79
3,05433	91
3,05500	104
3,05567	119
3,05633	136
3,05700	155
3,05767	175
3,05833	197
3,05900	221
3,05967	247
3,06033	274
3,06100	301
3,06167	330
3,06233	359
3,06300	389
3,06367	418
3,06433	446
3,06500	473
3,06567	498
3,06633	522
3,06700	544
3,06767	563
3,06833	579
3,06900	593
3,06967	604
3,07033	612
3,07100	617
3,07167	619
3,07233	617
3,07300	614
3,07367	607
3,07433	598
3,07500	587
3,07567	574
3,07633	559
3,07700	543
3,07767	525
3,07833	507
3,07900	487
3,07967	468
3,08033	447
3,08100	427
3,08167	406
3,08233	386
3,08300	366
3,08367	346
3,08433	327
3,08500	308
3,08567	290
3,08633	272
3,08700	256
3,08767	240
3,08833	225
3,08900	211
3,08967	197
3,09033	184
3,09100	172
3,09167	161
3,09233	150
3,09300	140
3,09367	131
3,09433	122
3,09500	114
3,09567	106
3,09633	99
3,09700	93
3,09767	87
3,09833	81
3,09900	76
3,09967	72
3,10033	67
3,10100	64
3,10167	60
3,10233	57
3,10300	54
3,10367	51
3,10433	49
3,10500	46
3,10567	44
3,10633	42
3,10700	40
3,10767	38
3,10833	36
3,10900	35
3,10967	33
3,11033	32
3,11100	31
3,11167	29
3,11233	28
3,11300	27
3,11367	27
3,11433	26
3,11500	25
3,11567	24
3,11633	23
3,11700	23
3,11767	22
3,11833	21
3,11900	21
3,11967	20
3,12033	19
3,12100	19
3,12167	19
3,12233	18
3,12300	18
3,12367	17
3,12433	17
3,12500	17
3,12567	16
3,12633	16
3,12700	16
3,12767	16
3,12833	16
3,12900	16
3,12967	16
3,13033	15
3,13100	15
3,13167	15
3,13233	15
3,13300	15
3,13367	16
3,13433	16
3,13500	16
3,13567	16
3,13633	16
3,13700	16
3,13767	16
3,13833	16
3,13900	15
3,13967	15
3,14033	15
3,14100	15
3,14167	15
3,14233	15
3,14300	15
3,14367	15
3,14433	15
3,14500	15
3,14567	15
3,14633	15
3,14700	15
3,14767	15
3,14833	15
3,14900	15
3,14967	15
3,15033	15
3,15100	15
3,15167	15
3,15233	14
3,15300	14
3,15367	14
3,15433	15
3,15500	15
3,15567	15
3,15633	15
3,15700	15
3,15767	15
3,15833	15
3,15900	15
3,15967	15
3,16033	14
3,16100	14
3,16167	14
3,16233	14
3,16300	14
3,16367	15
3,16433	15
3,16500	15
3,16567	15
3,16633	15
3,16700	15
3,16767	15
3,16833	15
3,16900	15
3,16967	14
3,17033	14
3,17100	14
3,17167	13
3,17233	13
3,17300	13
3,17367	13
3,17433	13
3,17500	13
3,17567	12
3,17633	12
3,17700	12
3,17767	12
3,17833	12
3,17900	12
3,17967	12
3,18033	12
3,18100	12
3,18167	12
3,18233	12
3,18300	11
3,18367	11
3,18433	10
3,18500	10
3,18567	10
3,18633	9
3,18700	9
3,18767	9
3,18833	9
3,18900	8
3,18967	8
3,19033	8
3,19100	8
3,19167	7
3,19233	7
3,19300	7
3,19367	7
3,19433	7
3,19500	7
3,19567	8
3,19633	8
3,19700	8
3,19767	9
3,19833	9
3,19900	9
3,19967	10
3,20033	10
3,20100	10
3,20167	10
3,20233	10
3,20300	10
3,20367	10
3,20433	10
3,20500	10
3,20567	10
3,20633	10
3,20700	10
3,20767	10
3,20833	10
3,20900	10
3,20967	10
3,21033	10
3,21100	10
3,21167	10
3,21233	10
3,21300	9
3,21367	9
3,21433	9
3,21500	9
3,21567	9
3,21633	8
3,21700	8
3,21767	8
3,21833	8
3,21900	8
3,21967	8
3,22033	8
3,22100	8
3,22167	8
3,22233	8
3,22300	7
3,22367	7
3,22433	7
3,22500	7
3,22567	7
3,22633	8
3,22700	8
3,22767	8
3,22833	8
3,22900	8
3,22967	8
3,23033	8
3,23100	9
3,23167	9
3,23233	9
3,23300	9
3,23367	9
3,23433	9
3,23500	9
3,23567	9
3,23633	9
3,23700	9
3,23767	9
3,23833	9
3,23900	10
3,23967	10
3,24033	10
3,24100	10
3,24167	10
3,24233	10
3,24300	10
3,24367	11
3,24433	11
3,24500	11
3,24567	11
3,24633	11
3,24700	11
3,24767	12
3,24833	12
3,24900	12
3,24967	12
3,25033	12
3,25100	12
3,25167	12
3,25233	12
3,25300	12
3,25367	12
3,25433	12
3,25500	12
3,25567	11
3,25633	11
3,25700	11
3,25767	10
3,25833	10
3,25900	10
3,25967	10
3,26033	10
3,26100	10
3,26167	9
3,26233	9
3,26300	9
3,26367	8
3,26433	8
3,26500	8
3,26567	7
3,26633	7
3,26700	7
3,26767	7
3,26833	7
3,26900	7
3,26967	7
3,27033	8
3,27100	8
3,27167	8
3,27233	8
3,27300	8
3,27367	9
3,27433	9
3,27500	9
3,27567	9
3,27633	9
3,27700	9
3,27767	9
3,27833	9
3,27900	9
3,27967	9
3,28033	9
3,28100	9
3,28167	9
3,28233	9
3,28300	9
3,28367	9
3,28433	9
3,28500	9
3,28567	9
3,28633	10
3,28700	10
3,28767	10
3,28833	11
3,28900	11
3,28967	11
3,29033	11
3,29100	11
3,29167	12
3,29233	12
3,29300	12
3,29367	12
3,29433	12
3,29500	12
3,29567	12
3,29633	12
3,29700	12
3,29767	11
3,29833	11
3,29900	11
3,29967	11
3,30033	11
3,30100	11
3,30167	11
3,30233	11
3,30300	12
3,30367	12
3,30433	12
3,30500	12
3,30567	12
3,30633	12
3,30700	12
3,30767	12
3,30833	12
3,30900	12
3,30967	11
3,31033	11
3,31100	11
3,31167	10
3,31233	10
3,31300	9
3,31367	9
3,31433	9
3,31500	9
3,31567	8
3,31633	8
3,31700	8
3,31767	8
3,31833	8
3,31900	8
3,31967	8
3,32033	8
3,32100	8
3,32167	7
3,32233	7
3,32300	7
3,32367	8
3,32433	8
3,32500	8
3,32567	8
3,32633	8
3,32700	8
3,32767	8
3,32833	8
3,32900	8
3,32967	8
3,33033	8
3,33100	8
3,33167	8
3,33233	8
3,33300	8
3,33367	7
3,33433	7
3,33500	7
3,33567	7
3,33633	7
3,33700	7
3,33767	7
3,33833	7
3,33900	7
3,33967	7
3,34033	7
3,34100	7
3,34167	7
3,34233	7
3,34300	7
3,34367	7
3,34433	7
3,34500	7
3,34567	7
3,34633	7
3,34700	6
3,34767	6
3,34833	6
3,34900	6
3,34967	6
3,35033	6
3,35100	5
3,35167	5
3,35233	5
3,35300	5
3,35367	6
3,35433	6
3,35500	6
3,35567	6
3,35633	6
3,35700	6
3,35767	6
3,35833	6
3,35900	7
3,35967	7
3,36033	7
3,36100	7
3,36167	7
3,36233	7
3,36300	8
3,36367	8
3,36433	8
3,36500	8
3,36567	9
3,36633	9
3,36700	9
3,36767	10
3,36833	10
3,36900	10
3,36967	10
3,37033	10
3,37100	10
3,37167	10
3,37233	9
3,37300	9
3,37367	9
3,37433	9
3,37500	9
3,37567	9
3,37633	9
3,37700	9
3,37767	9
3,37833	9
3,37900	9
3,37967	9
3,38033	9
3,38100	9
3,38167	9
3,38233	9
3,38300	9
3,38367	9
3,38433	9
3,38500	9
3,38567	9
3,38633	9
3,38700	8
3,38767	8
3,38833	8
3,38900	8
3,38967	8
3,39033	8
3,39100	7
3,39167	7
3,39233	7
3,39300	7
3,39367	7
3,39433	7
3,39500	7
3,39567	7
3,39633	7
3,39700	7
3,39767	7
3,39833	7
3,39900	7
3,39967	7
3,40033	7
3,40100	7
3,40167	7
3,40233	7
3,40300	8
3,40367	8
3,40433	8
3,40500	8
3,40567	8
3,40633	8
3,40700	8
3,40767	8
3,40833	8
3,40900	7
3,40967	7
3,41033	7
3,41100	7
3,41167	7
3,41233	7
3,41300	8
3,41367	7
3,41433	7
3,41500	7
3,41567	7
3,41633	7
3,41700	8
3,41767	8
3,41833	8
3,41900	8
3,41967	8
3,42033	8
3,42100	8
3,42167	8
3,42233	9
3,42300	9
3,42367	9
3,42433	10
3,42500	10
3,42567	10
3,42633	10
3,42700	11
3,42767	11
3,42833	11
3,42900	12
3,42967	12
3,43033	13
3,43100	13
3,43167	14
3,43233	14
3,43300	15
3,43367	16
3,43433	17
3,43500	17
3,43567	18
3,43633	19
3,43700	20
3,43767	21
3,43833	22
3,43900	23
3,43967	24
3,44033	25
3,44100	27
3,44167	29
3,44233	30
3,44300	32
3,44367	34
3,44433	36
3,44500	39
3,44567	41
3,44633	43
3,44700	46
3,44767	48
3,44833	50
3,44900	53
3,44967	55
3,45033	57
3,45100	59
3,45167	61
3,45233	63
3,45300	64
3,45367	66
3,45433	67
3,45500	68
3,45567	70
3,45633	71
3,45700	72
3,45767	72
3,45833	73
3,45900	74
3,45967	74
3,46033	74
3,46100	75
3,46167	75
3,46233	75
3,46300	75
3,46367	76
3,46433	76
3,46500	76
3,46567	76
3,46633	76
3,46700	75
3,46767	75
3,46833	75
3,46900	74
3,46967	74
3,47033	74
3,47100	73
3,47167	73
3,47233	73
3,47300	72
3,47367	72
3,47433	72
3,47500	71
3,47567	71
3,47633	70
3,47700	69
3,47767	69
3,47833	68
3,47900	67
3,47967	67
3,48033	66
3,48100	65
3,48167	65
3,48233	64
3,48300	64
3,48367	63
3,48433	63
3,48500	62
3,48567	62
3,48633	62
3,48700	62
3,48767	62
3,48833	61
3,48900	61
3,48967	61
3,49033	61
3,49100	60
3,49167	60
3,49233	60
3,49300	59
3,49367	59
3,49433	59
3,49500	59
3,49567	59
3,49633	59
3,49700	59
3,49767	59
3,49833	59
3,49900	59
3,49967	59
3,50033	59
3,50100	59
3,50167	59
3,50233	59
3,50300	59
3,50367	59
3,50433	59
3,50500	59
3,50567	58
3,50633	58
3,50700	58
3,50767	58
3,50833	57
3,50900	57
3,50967	57
3,51033	57
3,51100	56
3,51167	56
3,51233	55
3,51300	55
3,51367	55
3,51433	54
3,51500	54
3,51567	54
3,51633	53
3,51700	53
3,51767	53
3,51833	52
3,51900	52
3,51967	51
3,52033	51
3,52100	50
3,52167	50
3,52233	50
3,52300	49
3,52367	49
3,52433	48
3,52500	48
3,52567	48
3,52633	48
3,52700	47
3,52767	47
3,52833	47
3,52900	46
3,52967	46
3,53033	46
3,53100	45
3,53167	45
3,53233	45
3,53300	44
3,53367	44
3,53433	44
3,53500	43
3,53567	43
3,53633	43
3,53700	43
3,53767	43
3,53833	42
3,53900	42
3,53967	42
3,54033	42
3,54100	42
3,54167	42
3,54233	42
3,54300	42
3,54367	41
3,54433	41
3,54500	41
3,54567	41
3,54633	42
3,54700	42
3,54767	42
3,54833	42
3,54900	43
3,54967	43
3,55033	44
3,55100	44
3,55167	44
3,55233	45
3,55300	45
3,55367	46
3,55433	46
3,55500	47
3,55567	47
3,55633	47
3,55700	48
3,55767	48
3,55833	48
3,55900	49
3,55967	49
3,56033	49
3,56100	49
3,56167	49
3,56233	49
3,56300	49
3,56367	49
3,56433	49
3,56500	49
3,56567	48
3,56633	48
3,56700	47
3,56767	47
3,56833	47
3,56900	46
3,56967	46
3,57033	45
3,57100	45
3,57167	44
3,57233	44
3,57300	43
3,57367	42
3,57433	42
3,57500	41
3,57567	40
3,57633	40
3,57700	39
3,57767	39
3,57833	38
3,57900	38
3,57967	38
3,58033	38
3,58100	38
3,58167	38
3,58233	37
3,58300	37
3,58367	37
3,58433	37
3,58500	36
3,58567	36
3,58633	36
3,58700	36
3,58767	36
3,58833	36
3,58900	36
3,58967	36
3,59033	36
3,59100	36
3,59167	36
3,59233	36
3,59300	36
3,59367	36
3,59433	36
3,59500	36
3,59567	36
3,59633	36
3,59700	37
3,59767	37
3,59833	37
3,59900	37
3,59967	37
3,60033	37
3,60100	37
3,60167	37
3,60233	38
3,60300	38
3,60367	38
3,60433	38
3,60500	38
3,60567	38
3,60633	38
3,60700	38
3,60767	37
3,60833	37
3,60900	37
3,60967	37
3,61033	37
3,61100	37
3,61167	37
3,61233	37
3,61300	37
3,61367	36
3,61433	36
3,61500	36
3,61567	35
3,61633	34
3,61700	34
3,61767	33
3,61833	33
3,61900	32
3,61967	32
3,62033	32
3,62100	32
3,62167	32
3,62233	32
3,62300	32
3,62367	32
3,62433	32
3,62500	33
3,62567	33
3,62633	33
3,62700	33
3,62767	34
3,62833	34
3,62900	34
3,62967	34
3,63033	34
3,63100	34
3,63167	34
3,63233	34
3,63300	34
3,63367	34
3,63433	34
3,63500	34
3,63567	34
3,63633	34
3,63700	34
3,63767	34
3,63833	35
3,63900	35
3,63967	35
3,64033	35
3,64100	35
3,64167	36
3,64233	36
3,64300	37
3,64367	37
3,64433	38
3,64500	39
3,64567	39
3,64633	40
3,64700	41
3,64767	42
3,64833	42
3,64900	43
3,64967	44
3,65033	44
3,65100	45
3,65167	46
3,65233	47
3,65300	47
3,65367	48
3,65433	49
3,65500	50
3,65567	51
3,65633	52
3,65700	52
3,65767	53
3,65833	53
3,65900	53
3,65967	53
3,66033	53
3,66100	53
3,66167	53
3,66233	52
3,66300	52
3,66367	52
3,66433	51
3,66500	51
3,66567	50
3,66633	49
3,66700	49
3,66767	48
3,66833	47
3,66900	47
3,66967	46
3,67033	45
3,67100	44
3,67167	44
3,67233	43
3,67300	42
3,67367	42
3,67433	42
3,67500	41
3,67567	41
3,67633	41
3,67700	41
3,67767	41
3,67833	41
3,67900	40
3,67967	40
3,68033	40
3,68100	40
3,68167	40
3,68233	40
3,68300	39
3,68367	39
3,68433	39
3,68500	39
3,68567	39
3,68633	39
3,68700	39
3,68767	39
3,68833	39
3,68900	39
3,68967	39
3,69033	39
3,69100	39
3,69167	39
3,69233	39
3,69300	38
3,69367	38
3,69433	38
3,69500	38
3,69567	38
3,69633	38
3,69700	38
3,69767	38
3,69833	38
3,69900	39
3,69967	39
3,70033	39
3,70100	39
3,70167	39
3,70233	38
3,70300	38
3,70367	39
3,70433	38
3,70500	38
3,70567	38
3,70633	38
3,70700	38
3,70767	38
3,70833	38
3,70900	38
3,70967	38
3,71033	39
3,71100	39
3,71167	39
3,71233	39
3,71300	39
3,71367	39
3,71433	40
3,71500	40
3,71567	40
3,71633	40
3,71700	40
3,71767	40
3,71833	40
3,71900	39
3,71967	39
3,72033	39
3,72100	39
3,72167	39
3,72233	39
3,72300	39
3,72367	39
3,72433	39
3,72500	39
3,72567	39
3,72633	38
3,72700	38
3,72767	38
3,72833	38
3,72900	38
3,72967	38
3,73033	37
3,73100	37
3,73167	37
3,73233	37
3,73300	37
3,73367	37
3,73433	37
3,73500	37
3,73567	37
3,73633	37
3,73700	37
3,73767	37
3,73833	37
3,73900	37
3,73967	37
3,74033	37
3,74100	37
3,74167	37
3,74233	37
3,74300	37
3,74367	37
3,74433	36
3,74500	36
3,74567	36
3,74633	35
3,74700	35
3,74767	35
3,74833	35
3,74900	35
3,74967	35
3,75033	35
3,75100	35
3,75167	36
3,75233	36
3,75300	36
3,75367	36
3,75433	36
3,75500	36
3,75567	36
3,75633	36
3,75700	36
3,75767	36
3,75833	37
3,75900	37
3,75967	37
3,76033	37
3,76100	38
3,76167	38
3,76233	38
3,76300	38
3,76367	38
3,76433	38
3,76500	38
3,76567	38
3,76633	38
3,76700	38
3,76767	38
3,76833	38
3,76900	37
3,76967	37
3,77033	37
3,77100	37
3,77167	37
3,77233	37
3,77300	37
3,77367	37
3,77433	36
3,77500	36
3,77567	36
3,77633	36
3,77700	36
3,77767	35
3,77833	35
3,77900	35
3,77967	35
3,78033	35
3,78100	35
3,78167	35
3,78233	35
3,78300	35
3,78367	35
3,78433	35
3,78500	36
3,78567	36
3,78633	36
3,78700	36
3,78767	36
3,78833	36
3,78900	36
3,78967	36
3,79033	35
3,79100	35
3,79167	35
3,79233	35
3,79300	35
3,79367	35
3,79433	34
3,79500	34
3,79567	34
3,79633	34
3,79700	34
3,79767	34
3,79833	34
3,79900	34
3,79967	33
3,80033	33
3,80100	33
3,80167	32
3,80233	32
3,80300	32
3,80367	32
3,80433	31
3,80500	31
3,80567	31
3,80633	31
3,80700	31
3,80767	31
3,80833	31
3,80900	31
3,80967	31
3,81033	31
3,81100	31
3,81167	31
3,81233	31
3,81300	31
3,81367	32
3,81433	32
3,81500	32
3,81567	32
3,81633	32
3,81700	32
3,81767	33
3,81833	33
3,81900	33
3,81967	33
3,82033	33
3,82100	33
3,82167	32
3,82233	32
3,82300	32
3,82367	32
3,82433	32
3,82500	32
3,82567	32
3,82633	32
3,82700	33
3,82767	33
3,82833	33
3,82900	33
3,82967	33
3,83033	33
3,83100	33
3,83167	32
3,83233	32
3,83300	32
3,83367	31
3,83433	31
3,83500	31
3,83567	30
3,83633	30
3,83700	30
3,83767	30
3,83833	30
3,83900	31
3,83967	31
3,84033	31
3,84100	32
3,84167	32
3,84233	32
3,84300	33
3,84367	33
3,84433	33
3,84500	33
3,84567	33
3,84633	33
3,84700	33
3,84767	33
3,84833	33
3,84900	33
3,84967	33
3,85033	33
3,85100	32
3,85167	32
3,85233	32
3,85300	31
3,85367	31
3,85433	30
3,85500	30
3,85567	30
3,85633	30
3,85700	30
3,85767	30
3,85833	30
3,85900	30
3,85967	30
3,86033	31
3,86100	31
3,86167	31
3,86233	31
3,86300	31
3,86367	31
3,86433	30
3,86500	30
3,86567	30
3,86633	30
3,86700	31
3,86767	31
3,86833	31
3,86900	31
3,86967	31
3,87033	32
3,87100	32
3,87167	32
3,87233	32
3,87300	33
3,87367	33
3,87433	32
3,87500	33
3,87567	33
3,87633	33
3,87700	33
3,87767	33
3,87833	33
3,87900	33
3,87967	33
3,88033	33
3,88100	33
3,88167	34
3,88233	34
3,88300	34
3,88367	34
3,88433	34
3,88500	34
3,88567	34
3,88633	35
3,88700	35
3,88767	35
3,88833	35
3,88900	35
3,88967	36
3,89033	36
3,89100	36
3,89167	37
3,89233	37
3,89300	38
3,89367	39
3,89433	39
3,89500	40
3,89567	41
3,89633	43
3,89700	44
3,89767	46
3,89833	48
3,89900	50
3,89967	52
3,90033	55
3,90100	58
3,90167	62
3,90233	66
3,90300	70
3,90367	75
3,90433	79
3,90500	84
3,90567	90
3,90633	95
3,90700	100
3,90767	106
3,90833	111
3,90900	116
3,90967	121
3,91033	126
3,91100	130
3,91167	135
3,91233	138
3,91300	141
3,91367	144
3,91433	147
3,91500	148
3,91567	149
3,91633	150
3,91700	150
3,91767	150
3,91833	149
3,91900	148
3,91967	146
3,92033	144
3,92100	142
3,92167	139
3,92233	137
3,92300	134
3,92367	131
3,92433	128
3,92500	124
3,92567	121
3,92633	118
3,92700	114
3,92767	111
3,92833	108
3,92900	104
3,92967	101
3,93033	98
3,93100	95
3,93167	92
3,93233	89
3,93300	86
3,93367	84
3,93433	81
3,93500	79
3,93567	77
3,93633	75
3,93700	73
3,93767	70
3,93833	69
3,93900	67
3,93967	65
3,94033	63
3,94100	62
3,94167	61
3,94233	59
3,94300	58
3,94367	57
3,94433	56
3,94500	55
3,94567	54
3,94633	53
3,94700	52
3,94767	51
3,94833	50
3,94900	49
3,94967	48
3,95033	47
3,95100	46
3,95167	46
3,95233	45
3,95300	44
3,95367	44
3,95433	43
3,95500	42
3,95567	42
3,95633	41
3,95700	41
3,95767	41
3,95833	40
3,95900	40
3,95967	39
3,96033	39
3,96100	39
3,96167	39
3,96233	39
3,96300	38
3,96367	38
3,96433	38
3,96500	38
3,96567	38
3,96633	38
3,96700	37
3,96767	37
3,96833	37
3,96900	36
3,96967	36
3,97033	36
3,97100	35
3,97167	35
3,97233	35
3,97300	35
3,97367	35
3,97433	34
3,97500	34
3,97567	34
3,97633	34
3,97700	34
3,97767	34
3,97833	34
3,97900	34
3,97967	34
3,98033	34
3,98100	34
3,98167	34
3,98233	34
3,98300	34
3,98367	34
3,98433	33
3,98500	33
3,98567	33
3,98633	33
3,98700	33
3,98767	33
3,98833	33
3,98900	34
3,98967	34
3,99033	34
3,99100	34
3,99167	34
3,99233	34
3,99300	34
3,99367	34
3,99433	33
3,99500	33
3,99567	33
3,99633	33
3,99700	33
3,99767	32
3,99833	32
3,99900	32
3,99967	32
4,00033	31
4,00100	31
4,00167	31
4,00233	31
4,00300	30
4,00367	30
4,00433	30
4,00500	30
4,00567	30
4,00633	30
4,00700	30
4,00767	30
4,00833	30
4,00900	30
4,00967	30
4,01033	30
4,01100	30
4,01167	30
4,01233	30
4,01300	30
4,01367	29
4,01433	29
4,01500	29
4,01567	29
4,01633	29
4,01700	29
4,01767	29
4,01833	29
4,01900	29
4,01967	29
4,02033	29
4,02100	29
4,02167	29
4,02233	30
4,02300	30
4,02367	30
4,02433	30
4,02500	30
4,02567	30
4,02633	30
4,02700	31
4,02767	31
4,02833	31
4,02900	31
4,02967	31
4,03033	31
4,03100	31
4,03167	31
4,03233	31
4,03300	31
4,03367	31
4,03433	31
4,03500	31
4,03567	31
4,03633	31
4,03700	30
4,03767	30
4,03833	30
4,03900	30
4,03967	30
4,04033	30
4,04100	30
4,04167	30
4,04233	30
4,04300	30
4,04367	30
4,04433	30
4,04500	30
4,04567	29
4,04633	29
4,04700	29
4,04767	29
4,04833	29
4,04900	28
4,04967	28
4,05033	28
4,05100	28
4,05167	28
4,05233	28
4,05300	28
4,05367	28
4,05433	28
4,05500	27
4,05567	27
4,05633	27
4,05700	27
4,05767	27
4,05833	27
4,05900	27
4,05967	27
4,06033	27
4,06100	27
4,06167	28
4,06233	28
4,06300	28
4,06367	28
4,06433	28
4,06500	28
4,06567	28
4,06633	28
4,06700	27
4,06767	27
4,06833	27
4,06900	27
4,06967	27
4,07033	27
4,07100	28
4,07167	28
4,07233	28
4,07300	28
4,07367	27
4,07433	27
4,07500	27
4,07567	27
4,07633	27
4,07700	27
4,07767	27
4,07833	27
4,07900	26
4,07967	26
4,08033	26
4,08100	26
4,08167	26
4,08233	26
4,08300	26
4,08367	26
4,08433	26
4,08500	26
4,08567	26
4,08633	25
4,08700	25
4,08767	25
4,08833	25
4,08900	24
4,08967	24
4,09033	24
4,09100	24
4,09167	24
4,09233	24
4,09300	24
4,09367	24
4,09433	24
4,09500	24
4,09567	24
4,09633	24
4,09700	24
4,09767	24
4,09833	24
4,09900	25
4,09967	25
4,10033	25
4,10100	25
4,10167	25
4,10233	25
4,10300	26
4,10367	26
4,10433	26
4,10500	26
4,10567	27
4,10633	27
4,10700	27
4,10767	27
4,10833	27
4,10900	27
4,10967	27
4,11033	27
4,11100	27
4,11167	27
4,11233	27
4,11300	27
4,11367	27
4,11433	27
4,11500	26
4,11567	26
4,11633	26
4,11700	26
4,11767	26
4,11833	26
4,11900	26
4,11967	25
4,12033	25
4,12100	25
4,12167	25
4,12233	25
4,12300	25
4,12367	25
4,12433	26
4,12500	26
4,12567	26
4,12633	26
4,12700	26
4,12767	26
4,12833	26
4,12900	26
4,12967	26
4,13033	26
4,13100	26
4,13167	26
4,13233	26
4,13300	26
4,13367	26
4,13433	26
4,13500	26
4,13567	26
4,13633	26
4,13700	26
4,13767	26
4,13833	26
4,13900	26
4,13967	26
4,14033	26
4,14100	25
4,14167	25
4,14233	25
4,14300	25
4,14367	25
4,14433	25
4,14500	25
4,14567	25
4,14633	25
4,14700	25
4,14767	25
4,14833	25
4,14900	25
4,14967	25
4,15033	26
4,15100	26
4,15167	26
4,15233	26
4,15300	26
4,15367	26
4,15433	26
4,15500	26
4,15567	26
4,15633	26
4,15700	26
4,15767	26
4,15833	25
4,15900	25
4,15967	25
4,16033	25
4,16100	24
4,16167	24
4,16233	24
4,16300	23
4,16367	23
4,16433	23
4,16500	23
4,16567	23
4,16633	22
4,16700	23
4,16767	23
4,16833	23
4,16900	23
4,16967	23
4,17033	23
4,17100	23
4,17167	23
4,17233	23
4,17300	23
4,17367	23
4,17433	23
4,17500	22
4,17567	22
4,17633	22
4,17700	22
4,17767	22
4,17833	22
4,17900	22
4,17967	22
4,18033	22
4,18100	22
4,18167	22
4,18233	22
4,18300	22
4,18367	22
4,18433	22
4,18500	22
4,18567	22
4,18633	22
4,18700	22
4,18767	22
4,18833	22
4,18900	22
4,18967	22
4,19033	22
4,19100	22
4,19167	22
4,19233	22
4,19300	22
4,19367	22
4,19433	22
4,19500	21
4,19567	21
4,19633	21
4,19700	21
4,19767	21
4,19833	21
4,19900	21
4,19967	21
4,20033	21
4,20100	22
4,20167	22
4,20233	22
4,20300	22
4,20367	22
4,20433	22
4,20500	22
4,20567	22
4,20633	22
4,20700	22
4,20767	23
4,20833	23
4,20900	23
4,20967	24
4,21033	24
4,21100	24
4,21167	24
4,21233	24
4,21300	24
4,21367	24
4,21433	23
4,21500	23
4,21567	23
4,21633	23
4,21700	22
4,21767	22
4,21833	22
4,21900	21
4,21967	21
4,22033	21
4,22100	21
4,22167	21
4,22233	21
4,22300	21
4,22367	21
4,22433	21
4,22500	21
4,22567	21
4,22633	21
4,22700	21
4,22767	21
4,22833	22
4,22900	22
4,22967	22
4,23033	22
4,23100	22
4,23167	22
4,23233	23
4,23300	23
4,23367	23
4,23433	23
4,23500	24
4,23567	24
4,23633	24
4,23700	24
4,23767	24
4,23833	24
4,23900	24
4,23967	24
4,24033	25
4,24100	25
4,24167	25
4,24233	26
4,24300	27
4,24367	27
4,24433	28
4,24500	29
4,24567	30
4,24633	31
4,24700	32
4,24767	33
4,24833	34
4,24900	36
4,24967	37
4,25033	38
4,25100	39
4,25167	40
4,25233	41
4,25300	42
4,25367	43
4,25433	44
4,25500	45
4,25567	46
4,25633	47
4,25700	47
4,25767	48
4,25833	48
4,25900	48
4,25967	48
4,26033	48
4,26100	48
4,26167	48
4,26233	47
4,26300	47
4,26367	47
4,26433	46
4,26500	45
4,26567	44
4,26633	44
4,26700	43
4,26767	42
4,26833	41
4,26900	40
4,26967	40
4,27033	39
4,27100	38
4,27167	38
4,27233	37
4,27300	36
4,27367	36
4,27433	35
4,27500	34
4,27567	34
4,27633	33
4,27700	32
4,27767	32
4,27833	31
4,27900	31
4,27967	30
4,28033	29
4,28100	29
4,28167	28
4,28233	28
4,28300	28
4,28367	27
4,28433	27
4,28500	27
4,28567	27
4,28633	27
4,28700	27
4,28767	26
4,28833	26
4,28900	26
4,28967	26
4,29033	26
4,29100	26
4,29167	26
4,29233	26
4,29300	25
4,29367	25
4,29433	25
4,29500	25
4,29567	25
4,29633	25
4,29700	25
4,29767	25
4,29833	25
4,29900	25
4,29967	24
4,30033	24
4,30100	24
4,30167	23
4,30233	23
4,30300	23
4,30367	23
4,30433	23
4,30500	23
4,30567	22
4,30633	22
4,30700	22
4,30767	22
4,30833	22
4,30900	22
4,30967	22
4,31033	22
4,31100	22
4,31167	22
4,31233	22
4,31300	23
4,31367	23
4,31433	23
4,31500	23
4,31567	23
4,31633	23
4,31700	24
4,31767	24
4,31833	24
4,31900	24
4,31967	24
4,32033	25
4,32100	25
4,32167	25
4,32233	25
4,32300	25
4,32367	25
4,32433	25
4,32500	25
4,32567	25
4,32633	25
4,32700	25
4,32767	25
4,32833	26
4,32900	26
4,32967	26
4,33033	26
4,33100	26
4,33167	27
4,33233	27
4,33300	27
4,33367	27
4,33433	27
4,33500	27
4,33567	27
4,33633	27
4,33700	27
4,33767	27
4,33833	26
4,33900	26
4,33967	26
4,34033	26
4,34100	25
4,34167	25
4,34233	25
4,34300	25
4,34367	24
4,34433	24
4,34500	23
4,34567	23
4,34633	23
4,34700	23
4,34767	23
4,34833	23
4,34900	23
4,34967	23
4,35033	22
4,35100	22
4,35167	22
4,35233	22
4,35300	22
4,35367	22
4,35433	22
4,35500	22
4,35567	22
4,35633	22
4,35700	21
4,35767	21
4,35833	21
4,35900	21
4,35967	21
4,36033	21
4,36100	21
4,36167	21
4,36233	21
4,36300	21
4,36367	21
4,36433	21
4,36500	21
4,36567	21
4,36633	21
4,36700	21
4,36767	21
4,36833	21
4,36900	21
4,36967	22
4,37033	22
4,37100	22
4,37167	22
4,37233	22
4,37300	22
4,37367	22
4,37433	23
4,37500	23
4,37567	23
4,37633	23
4,37700	23
4,37767	24
4,37833	24
4,37900	24
4,37967	24
4,38033	24
4,38100	23
4,38167	23
4,38233	23
4,38300	23
4,38367	22
4,38433	22
4,38500	22
4,38567	22
4,38633	21
4,38700	21
4,38767	21
4,38833	21
4,38900	21
4,38967	21
4,39033	21
4,39100	21
4,39167	22
4,39233	22
4,39300	22
4,39367	22
4,39433	23
4,39500	23
4,39567	23
4,39633	23
4,39700	23
4,39767	23
4,39833	22
4,39900	22
4,39967	22
4,40033	22
4,40100	22
4,40167	22
4,40233	21
4,40300	21
4,40367	21
4,40433	21
4,40500	21
4,40567	21
4,40633	21
4,40700	21
4,40767	21
4,40833	21
4,40900	21
4,40967	20
4,41033	20
4,41100	20
4,41167	20
4,41233	20
4,41300	20
4,41367	20
4,41433	20
4,41500	20
4,41567	20
4,41633	20
4,41700	20
4,41767	20
4,41833	20
4,41900	20
4,41967	20
4,42033	19
4,42100	19
4,42167	19
4,42233	19
4,42300	18
4,42367	18
4,42433	18
4,42500	18
4,42567	17
4,42633	17
4,42700	17
4,42767	17
4,42833	17
4,42900	17
4,42967	17
4,43033	17
4,43100	17
4,43167	17
4,43233	17
4,43300	17
4,43367	18
4,43433	18
4,43500	18
4,43567	18
4,43633	17
4,43700	17
4,43767	17
4,43833	17
4,43900	18
4,43967	18
4,44033	18
4,44100	18
4,44167	18
4,44233	19
4,44300	19
4,44367	19
4,44433	19
4,44500	20
4,44567	20
4,44633	20
4,44700	20
4,44767	20
4,44833	21
4,44900	21
4,44967	21
4,45033	21
4,45100	21
4,45167	21
4,45233	22
4,45300	22
4,45367	22
4,45433	22
4,45500	23
4,45567	23
4,45633	22
4,45700	22
4,45767	22
4,45833	22
4,45900	22
4,45967	21
4,46033	21
4,46100	21
4,46167	20
4,46233	20
4,46300	20
4,46367	20
4,46433	20
4,46500	20
4,46567	19
4,46633	19
4,46700	19
4,46767	19
4,46833	19
4,46900	19
4,46967	18
4,47033	18
4,47100	18
4,47167	18
4,47233	17
4,47300	17
4,47367	17
4,47433	17
4,47500	16
4,47567	16
4,47633	16
4,47700	16
4,47767	16
4,47833	16
4,47900	16
4,47967	16
4,48033	16
4,48100	16
4,48167	16
4,48233	16
4,48300	16
4,48367	16
4,48433	16
4,48500	16
4,48567	16
4,48633	16
4,48700	16
4,48767	15
4,48833	15
4,48900	15
4,48967	15
4,49033	15
4,49100	14
4,49167	14
4,49233	14
4,49300	14
4,49367	14
4,49433	14
4,49500	14
4,49567	14
4,49633	15
4,49700	15
4,49767	15
4,49833	15
4,49900	15
4,49967	16
4,50033	16
4,50100	16
4,50167	16
4,50233	16
4,50300	16
4,50367	16
4,50433	16
4,50500	17
4,50567	16
4,50633	16
4,50700	16
4,50767	16
4,50833	16
4,50900	16
4,50967	16
4,51033	16
4,51100	16
4,51167	16
4,51233	16
4,51300	16
4,51367	16
4,51433	16
4,51500	16
4,51567	16
4,51633	16
4,51700	16
4,51767	16
4,51833	16
4,51900	16
4,51967	16
4,52033	16
4,52100	16
4,52167	16
4,52233	16
4,52300	16
4,52367	16
4,52433	16
4,52500	16
4,52567	16
4,52633	16
4,52700	17
4,52767	17
4,52833	17
4,52900	17
4,52967	18
4,53033	18
4,53100	18
4,53167	18
4,53233	18
4,53300	18
4,53367	18
4,53433	18
4,53500	18
4,53567	18
4,53633	18
4,53700	17
4,53767	17
4,53833	17
4,53900	17
4,53967	17
4,54033	16
4,54100	16
4,54167	16
4,54233	16
4,54300	16
4,54367	17
4,54433	17
4,54500	17
4,54567	17
4,54633	18
4,54700	18
4,54767	18
4,54833	18
4,54900	18
4,54967	18
4,55033	19
4,55100	19
4,55167	19
4,55233	19
4,55300	19
4,55367	19
4,55433	19
4,55500	19
4,55567	18
4,55633	18
4,55700	18
4,55767	18
4,55833	17
4,55900	17
4,55967	17
4,56033	17
4,56100	17
4,56167	16
4,56233	16
4,56300	16
4,56367	16
4,56433	16
4,56500	16
4,56567	16
4,56633	16
4,56700	16
4,56767	16
4,56833	15
4,56900	15
4,56967	15
4,57033	15
4,57100	15
4,57167	15
4,57233	15
4,57300	15
4,57367	15
4,57433	15
4,57500	14
4,57567	14
4,57633	14
4,57700	14
4,57767	14
4,57833	14
4,57900	14
4,57967	14
4,58033	14
4,58100	14
4,58167	14
4,58233	14
4,58300	15
4,58367	15
4,58433	15
4,58500	15
4,58567	15
4,58633	16
4,58700	16
4,58767	16
4,58833	16
4,58900	16
4,58967	17
4,59033	17
4,59100	17
4,59167	17
4,59233	17
4,59300	17
4,59367	18
4,59433	18
4,59500	18
4,59567	18
4,59633	18
4,59700	18
4,59767	19
4,59833	19
4,59900	19
4,59967	18
4,60033	19
4,60100	19
4,60167	19
4,60233	19
4,60300	18
4,60367	18
4,60433	18
4,60500	18
4,60567	18
4,60633	18
4,60700	18
4,60767	18
4,60833	18
4,60900	18
4,60967	17
4,61033	17
4,61100	17
4,61167	17
4,61233	17
4,61300	17
4,61367	17
4,61433	17
4,61500	17
4,61567	17
4,61633	17
4,61700	17
4,61767	17
4,61833	17
4,61900	17
4,61967	17
4,62033	17
4,62100	17
4,62167	16
4,62233	16
4,62300	15
4,62367	15
4,62433	15
4,62500	15
4,62567	15
4,62633	15
4,62700	15
4,62767	15
4,62833	15
4,62900	15
4,62967	15
4,63033	15
4,63100	15
4,63167	15
4,63233	15
4,63300	14
4,63367	14
4,63433	14
4,63500	14
4,63567	14
4,63633	14
4,63700	14
4,63767	14
4,63833	14
4,63900	14
4,63967	14
4,64033	14
4,64100	14
4,64167	14
4,64233	14
4,64300	13
4,64367	13
4,64433	13
4,64500	13
4,64567	13
4,64633	13
4,64700	13
4,64767	14
4,64833	14
4,64900	14
4,64967	14
4,65033	14
4,65100	14
4,65167	14
4,65233	14
4,65300	14
4,65367	14
4,65433	14
4,65500	14
4,65567	14
4,65633	15
4,65700	15
4,65767	15
4,65833	15
4,65900	15
4,65967	15
4,66033	15
4,66100	15
4,66167	15
4,66233	15
4,66300	15
4,66367	15
4,66433	15
4,66500	15
4,66567	15
4,66633	16
4,66700	16
4,66767	16
4,66833	16
4,66900	16
4,66967	17
4,67033	17
4,67100	17
4,67167	17
4,67233	17
4,67300	17
4,67367	17
4,67433	17
4,67500	17
4,67567	17
4,67633	17
4,67700	17
4,67767	16
4,67833	16
4,67900	16
4,67967	16
4,68033	16
4,68100	16
4,68167	16
4,68233	16
4,68300	15
4,68367	15
4,68433	15
4,68500	14
4,68567	14
4,68633	14
4,68700	14
4,68767	14
4,68833	14
4,68900	14
4,68967	14
4,69033	14
4,69100	14
4,69167	14
4,69233	14
4,69300	13
4,69367	13
4,69433	13
4,69500	13
4,69567	13
4,69633	13
4,69700	13
4,69767	13
4,69833	13
4,69900	13
4,69967	13
4,70033	14
4,70100	14
4,70167	14
4,70233	14
4,70300	14
4,70367	14
4,70433	14
4,70500	14
4,70567	14
4,70633	15
4,70700	15
4,70767	15
4,70833	15
4,70900	16
4,70967	16
4,71033	17
4,71100	17
4,71167	18
4,71233	18
4,71300	18
4,71367	19
4,71433	19
4,71500	19
4,71567	19
4,71633	19
4,71700	19
4,71767	19
4,71833	19
4,71900	19
4,71967	18
4,72033	18
4,72100	18
4,72167	18
4,72233	18
4,72300	17
4,72367	17
4,72433	17
4,72500	17
4,72567	17
4,72633	16
4,72700	16
4,72767	16
4,72833	16
4,72900	16
4,72967	15
4,73033	15
4,73100	15
4,73167	15
4,73233	15
4,73300	15
4,73367	15
4,73433	15
4,73500	15
4,73567	15
4,73633	15
4,73700	15
4,73767	15
4,73833	15
4,73900	15
4,73967	15
4,74033	15
4,74100	14
4,74167	14
4,74233	14
4,74300	14
4,74367	14
4,74433	14
4,74500	14
4,74567	14
4,74633	14
4,74700	14
4,74767	14
4,74833	14
4,74900	13
4,74967	13
4,75033	13
4,75100	12
4,75167	12
4,75233	12
4,75300	12
4,75367	12
4,75433	12
4,75500	12
4,75567	12
4,75633	12
4,75700	12
4,75767	12
4,75833	12
4,75900	12
4,75967	11
4,76033	11
4,76100	11
4,76167	12
4,76233	12
4,76300	12
4,76367	12
4,76433	12
4,76500	12
4,76567	12
4,76633	12
4,76700	12
4,76767	12
4,76833	13
4,76900	13
4,76967	13
4,77033	12
4,77100	12
4,77167	12
4,77233	12
4,77300	12
4,77367	12
4,77433	12
4,77500	12
4,77567	12
4,77633	12
4,77700	12
4,77767	12
4,77833	12
4,77900	12
4,77967	12
4,78033	12
4,78100	12
4,78167	12
4,78233	12
4,78300	12
4,78367	12
4,78433	12
4,78500	13
4,78567	13
4,78633	13
4,78700	13
4,78767	13
4,78833	13
4,78900	13
4,78967	13
4,79033	13
4,79100	13
4,79167	13
4,79233	13
4,79300	13
4,79367	13
4,79433	13
4,79500	13
4,79567	13
4,79633	14
4,79700	14
4,79767	14
4,79833	14
4,79900	14
4,79967	14
4,80033	14
4,80100	14
4,80167	13
4,80233	13
4,80300	13
4,80367	13
4,80433	13
4,80500	13
4,80567	13
4,80633	13
4,80700	12
4,80767	12
4,80833	12
4,80900	12
4,80967	12
4,81033	12
4,81100	12
4,81167	11
4,81233	11
4,81300	11
4,81367	10
4,81433	10
4,81500	10
4,81567	10
4,81633	10
4,81700	10
4,81767	10
4,81833	10
4,81900	10
4,81967	10
4,82033	10
4,82100	10
4,82167	11
4,82233	11
4,82300	11
4,82367	11
4,82433	11
4,82500	11
4,82567	11
4,82633	11
4,82700	11
4,82767	11
4,82833	11
4,82900	11
4,82967	11
4,83033	11
4,83100	11
4,83167	11
4,83233	11
4,83300	11
4,83367	11
4,83433	11
4,83500	11
4,83567	11
4,83633	11
4,83700	11
4,83767	11
4,83833	11
4,83900	11
4,83967	11
4,84033	11
4,84100	11
4,84167	11
4,84233	11
4,84300	11
4,84367	11
4,84433	10
4,84500	10
4,84567	10
4,84633	10
4,84700	10
4,84767	10
4,84833	10
4,84900	10
4,84967	10
4,85033	10
4,85100	9
4,85167	9
4,85233	9
4,85300	9
4,85367	9
4,85433	9
4,85500	9
4,85567	9
4,85633	9
4,85700	9
4,85767	9
4,85833	9
4,85900	9
4,85967	9
4,86033	9
4,86100	9
4,86167	10
4,86233	10
4,86300	10
4,86367	10
4,86433	10
4,86500	10
4,86567	10
4,86633	10
4,86700	10
4,86767	10
4,86833	10
4,86900	10
4,86967	9
4,87033	9
4,87100	9
4,87167	9
4,87233	9
4,87300	10
4,87367	10
4,87433	10
4,87500	10
4,87567	11
4,87633	11
4,87700	11
4,87767	11
4,87833	11
4,87900	11
4,87967	11
4,88033	11
4,88100	11
4,88167	12
4,88233	12
4,88300	12
4,88367	12
4,88433	12
4,88500	12
4,88567	11
4,88633	11
4,88700	11
4,88767	11
4,88833	11
4,88900	11
4,88967	11
4,89033	11
4,89100	11
4,89167	11
4,89233	11
4,89300	11
4,89367	11
4,89433	11
4,89500	11
4,89567	11
4,89633	11
4,89700	10
4,89767	10
4,89833	10
4,89900	10
4,89967	10
4,90033	10
4,90100	10
4,90167	10
4,90233	11
4,90300	11
4,90367	11
4,90433	11
4,90500	11
4,90567	11
4,90633	12
4,90700	12
4,90767	12
4,90833	12
4,90900	12
4,90967	12
4,91033	12
4,91100	12
4,91167	12
4,91233	12
4,91300	12
4,91367	12
4,91433	12
4,91500	12
4,91567	12
4,91633	12
4,91700	12
4,91767	12
4,91833	12
4,91900	12
4,91967	12
4,92033	12
4,92100	12
4,92167	12
4,92233	12
4,92300	12
4,92367	12
4,92433	12
4,92500	12
4,92567	12
4,92633	12
4,92700	12
4,92767	12
4,92833	12
4,92900	12
4,92967	12
4,93033	12
4,93100	12
4,93167	12
4,93233	12
4,93300	12
4,93367	12
4,93433	12
4,93500	12
4,93567	12
4,93633	12
4,93700	12
4,93767	12
4,93833	12
4,93900	12
4,93967	12
4,94033	12
4,94100	12
4,94167	12
4,94233	12
4,94300	12
4,94367	12
4,94433	12
4,94500	11
4,94567	11
4,94633	11
4,94700	11
4,94767	11
4,94833	10
4,94900	10
4,94967	10
4,95033	10
4,95100	9
4,95167	9
4,95233	9
4,95300	9
4,95367	9
4,95433	9
4,95500	9
4,95567	9
4,95633	10
4,95700	10
4,95767	10
4,95833	10
4,95900	10
4,95967	11
4,96033	11
4,96100	10
4,96167	10
4,96233	10
4,96300	10
4,96367	10
4,96433	10
4,96500	9
4,96567	9
4,96633	9
4,96700	9
4,96767	9
4,96833	9
4,96900	9
4,96967	9
4,97033	9
4,97100	9
4,97167	9
4,97233	9
4,97300	9
4,97367	9
4,97433	9
4,97500	9
4,97567	9
4,97633	9
4,97700	9
4,97767	9
4,97833	9
4,97900	9
4,97967	9
4,98033	9
4,98100	9
4,98167	9
4,98233	9
4,98300	9
4,98367	9
4,98433	9
4,98500	9
4,98567	9
4,98633	9
4,98700	9
4,98767	9
4,98833	9
4,98900	9
4,98967	9
4,99033	9
4,99100	9
4,99167	8
4,99233	8
4,99300	8
4,99367	8
4,99433	9
4,99500	9
4,99567	9
4,99633	9
4,99700	10
4,99767	10
4,99833	10
4,99900	10
4,99967	11
5,00033	11
5,00100	11
5,00167	11
5,00233	11
5,00300	11
5,00367	11
5,00433	11
5,00500	11
5,00567	11
5,00633	11
5,00700	11
5,00767	11
5,00833	10
5,00900	10
5,00967	10
5,01033	10
5,01100	10
5,01167	10
5,01233	10
5,01300	10
5,01367	10
5,01433	10
5,01500	9
5,01567	9
5,01633	9
5,01700	9
5,01767	9
5,01833	8
5,01900	8
5,01967	8
5,02033	8
5,02100	8
5,02167	8
5,02233	8
5,02300	8
5,02367	8
5,02433	8
5,02500	8
5,02567	8
5,02633	8
5,02700	8
5,02767	8
5,02833	8
5,02900	8
5,02967	8
5,03033	8
5,03100	8
5,03167	8
5,03233	8
5,03300	9
5,03367	9
5,03433	8
5,03500	8
5,03567	8
5,03633	8
5,03700	8
5,03767	8
5,03833	8
5,03900	8
5,03967	8
5,04033	9
5,04100	9
5,04167	9
5,04233	9
5,04300	10
5,04367	10
5,04433	10
5,04500	11
5,04567	11
5,04633	11
5,04700	11
5,04767	11
5,04833	12
5,04900	12
5,04967	12
5,05033	12
5,05100	12
5,05167	12
5,05233	12
5,05300	12
5,05367	12
5,05433	12
5,05500	11
5,05567	11
5,05633	11
5,05700	10
5,05767	10
5,05833	10
5,05900	10
5,05967	10
5,06033	10
5,06100	10
5,06167	10
5,06233	10
5,06300	10
5,06367	10
5,06433	10
5,06500	11
5,06567	11
5,06633	11
5,06700	11
5,06767	11
5,06833	11
5,06900	11
5,06967	11
5,07033	11
5,07100	11
5,07167	11
5,07233	11
5,07300	11
5,07367	11
5,07433	11
5,07500	11
5,07567	11
5,07633	11
5,07700	11
5,07767	11
5,07833	11
5,07900	11
5,07967	11
5,08033	11
5,08100	11
5,08167	11
5,08233	11
5,08300	11
5,08367	11
5,08433	12
5,08500	12
5,08567	12
5,08633	12
5,08700	13
5,08767	13
5,08833	13
5,08900	13
5,08967	13
5,09033	13
5,09100	13
5,09167	13
5,09233	13
5,09300	13
5,09367	14
5,09433	14
5,09500	14
5,09567	14
5,09633	13
5,09700	14
5,09767	14
5,09833	14
5,09900	13
5,09967	13
5,10033	13
5,10100	13
5,10167	13
5,10233	13
5,10300	13
5,10367	13
5,10433	13
5,10500	13
5,10567	13
5,10633	13
5,10700	13
5,10767	13
5,10833	12
5,10900	12
5,10967	12
5,11033	12
5,11100	11
5,11167	11
5,11233	11
5,11300	11
5,11367	11
5,11433	11
5,11500	11
5,11567	11
5,11633	11
5,11700	11
5,11767	11
5,11833	11
5,11900	11
5,11967	11
5,12033	11
5,12100	10
5,12167	10
5,12233	9
5,12300	9
5,12367	9
5,12433	8
5,12500	8
5,12567	9
5,12633	9
5,12700	9
5,12767	9
5,12833	10
5,12900	10
5,12967	10
5,13033	11
5,13100	11
5,13167	11
5,13233	11
5,13300	11
5,13367	11
5,13433	11
5,13500	11
5,13567	11
5,13633	11
5,13700	11
5,13767	11
5,13833	11
5,13900	11
5,13967	12
5,14033	12
5,14100	12
5,14167	12
5,14233	12
5,14300	12
5,14367	12
5,14433	12
5,14500	12
5,14567	12
5,14633	12
5,14700	12
5,14767	12
5,14833	12
5,14900	13
5,14967	13
5,15033	13
5,15100	13
5,15167	13
5,15233	13
5,15300	13
5,15367	13
5,15433	14
5,15500	14
5,15567	14
5,15633	14
5,15700	14
5,15767	14
5,15833	14
5,15900	14
5,15967	14
5,16033	14
5,16100	14
5,16167	14
5,16233	14
5,16300	14
5,16367	14
5,16433	13
5,16500	13
5,16567	13
5,16633	13
5,16700	12
5,16767	12
5,16833	12
5,16900	12
5,16967	12
5,17033	12
5,17100	12
5,17167	12
5,17233	13
5,17300	13
5,17367	13
5,17433	13
5,17500	13
5,17567	13
5,17633	13
5,17700	14
5,17767	14
5,17833	14
5,17900	14
5,17967	14
5,18033	14
5,18100	14
5,18167	14
5,18233	14
5,18300	14
5,18367	14
5,18433	14
5,18500	14
5,18567	14
5,18633	14
5,18700	14
5,18767	14
5,18833	14
5,18900	13
5,18967	13
5,19033	13
5,19100	13
5,19167	13
5,19233	12
5,19300	12
5,19367	12
5,19433	12
5,19500	12
5,19567	11
5,19633	11
5,19700	11
5,19767	11
5,19833	11
5,19900	10
5,19967	10
5,20033	10
5,20100	9
5,20167	9
5,20233	9
5,20300	8
5,20367	8
5,20433	8
5,20500	8
5,20567	8
5,20633	7
5,20700	7
5,20767	7
5,20833	7
5,20900	7
5,20967	7
5,21033	7
5,21100	7
5,21167	7
5,21233	7
5,21300	8
5,21367	8
5,21433	8
5,21500	9
5,21567	9
5,21633	9
5,21700	9
5,21767	9
5,21833	9
5,21900	9
5,21967	9
5,22033	9
5,22100	10
5,22167	10
5,22233	10
5,22300	10
5,22367	10
5,22433	10
5,22500	10
5,22567	10
5,22633	10
5,22700	10
5,22767	10
5,22833	10
5,22900	10
5,22967	10
5,23033	10
5,23100	10
5,23167	10
5,23233	10
5,23300	11
5,23367	11
5,23433	11
5,23500	12
5,23567	12
5,23633	12
5,23700	12
5,23767	13
5,23833	13
5,23900	13
5,23967	12
5,24033	12
5,24100	12
5,24167	12
5,24233	12
5,24300	12
5,24367	13
5,24433	13
5,24500	13
5,24567	12
5,24633	12
5,24700	12
5,24767	12
5,24833	12
5,24900	12
5,24967	12
5,25033	12
5,25100	12
5,25167	12
5,25233	12
5,25300	12
5,25367	12
5,25433	12
5,25500	12
5,25567	12
5,25633	12
5,25700	11
5,25767	11
5,25833	11
5,25900	12
5,25967	12
5,26033	12
5,26100	12
5,26167	11
5,26233	11
5,26300	11
5,26367	11
5,26433	11
5,26500	10
5,26567	10
5,26633	10
5,26700	10
5,26767	10
5,26833	10
5,26900	10
5,26967	10
5,27033	10
5,27100	10
5,27167	10
5,27233	10
5,27300	10
5,27367	10
5,27433	10
5,27500	10
5,27567	10
5,27633	10
5,27700	9
5,27767	9
5,27833	9
5,27900	9
5,27967	9
5,28033	8
5,28100	8
5,28167	8
5,28233	8
5,28300	8
5,28367	8
5,28433	8
5,28500	8
5,28567	8
5,28633	8
5,28700	9
5,28767	9
5,28833	9
5,28900	9
5,28967	9
5,29033	9
5,29100	9
5,29167	9
5,29233	8
5,29300	8
5,29367	8
5,29433	8
5,29500	8
5,29567	8
5,29633	8
5,29700	8
5,29767	8
5,29833	8
5,29900	8
5,29967	8
5,30033	8
5,30100	8
5,30167	7
5,30233	7
5,30300	7
5,30367	7
5,30433	7
5,30500	7
5,30567	7
5,30633	7
5,30700	7
5,30767	7
5,30833	7
5,30900	7
5,30967	7
5,31033	7
5,31100	7
5,31167	7
5,31233	7
5,31300	7
5,31367	7
5,31433	7
5,31500	7
5,31567	7
5,31633	7
5,31700	7
5,31767	7
5,31833	7
5,31900	7
5,31967	7
5,32033	7
5,32100	7
5,32167	7
5,32233	8
5,32300	8
5,32367	8
5,32433	8
5,32500	8
5,32567	8
5,32633	9
5,32700	9
5,32767	9
5,32833	9
5,32900	9
5,32967	9
5,33033	9
5,33100	9
5,33167	9
5,33233	9
5,33300	10
5,33367	10
5,33433	10
5,33500	10
5,33567	10
5,33633	10
5,33700	10
5,33767	11
5,33833	11
5,33900	12
5,33967	12
5,34033	13
5,34100	13
5,34167	14
5,34233	14
5,34300	14
5,34367	14
5,34433	14
5,34500	14
5,34567	14
5,34633	14
5,34700	14
5,34767	15
5,34833	15
5,34900	15
5,34967	15
5,35033	15
5,35100	16
5,35167	16
5,35233	16
5,35300	16
5,35367	17
5,35433	17
5,35500	17
5,35567	17
5,35633	17
5,35700	17
5,35767	16
5,35833	16
5,35900	16
5,35967	16
5,36033	16
5,36100	16
5,36167	16
5,36233	16
5,36300	16
5,36367	16
5,36433	16
5,36500	16
5,36567	15
5,36633	15
5,36700	15
5,36767	15
5,36833	15
5,36900	14
5,36967	14
5,37033	14
5,37100	14
5,37167	14
5,37233	14
5,37300	14
5,37367	14
5,37433	14
5,37500	14
5,37567	14
5,37633	14
5,37700	13
5,37767	13
5,37833	13
5,37900	13
5,37967	13
5,38033	13
5,38100	13
5,38167	13
5,38233	13
5,38300	13
5,38367	13
5,38433	13
5,38500	13
5,38567	13
5,38633	13
5,38700	14
5,38767	14
5,38833	13
5,38900	13
5,38967	13
5,39033	13
5,39100	13
5,39167	13
5,39233	13
5,39300	13
5,39367	13
5,39433	13
5,39500	13
5,39567	13
5,39633	13
5,39700	13
5,39767	13
5,39833	12
5,39900	12
5,39967	12
5,40033	12
5,40100	12
5,40167	12
5,40233	12
5,40300	12
5,40367	12
5,40433	12
5,40500	12
5,40567	12
5,40633	12
5,40700	12
5,40767	12
5,40833	12
5,40900	12
5,40967	12
5,41033	12
5,41100	12
5,41167	12
5,41233	12
5,41300	12
5,41367	12
5,41433	13
5,41500	13
5,41567	13
5,41633	13
5,41700	13
5,41767	13
5,41833	12
5,41900	12
5,41967	12
5,42033	12
5,42100	12
5,42167	12
5,42233	12
5,42300	12
5,42367	11
5,42433	11
5,42500	11
5,42567	11
5,42633	11
5,42700	11
5,42767	11
5,42833	11
5,42900	11
5,42967	11
5,43033	11
5,43100	11
5,43167	10
5,43233	10
5,43300	11
5,43367	11
5,43433	11
5,43500	11
5,43567	11
5,43633	11
5,43700	11
5,43767	11
5,43833	11
5,43900	11
5,43967	11
5,44033	11
5,44100	11
5,44167	11
5,44233	11
5,44300	10
5,44367	10
5,44433	10
5,44500	10
5,44567	10
5,44633	11
5,44700	11
5,44767	11
5,44833	11
5,44900	11
5,44967	11
5,45033	11
5,45100	11
5,45167	11
5,45233	11
5,45300	11
5,45367	11
5,45433	11
5,45500	11
5,45567	11
5,45633	11
5,45700	11
5,45767	11
5,45833	11
5,45900	11
5,45967	11
5,46033	11
5,46100	11
5,46167	11
5,46233	11
5,46300	11
5,46367	11
5,46433	10
5,46500	10
5,46567	10
5,46633	10
5,46700	10
5,46767	9
5,46833	9
5,46900	9
5,46967	9
5,47033	9
5,47100	9
5,47167	8
5,47233	8
5,47300	8
5,47367	8
5,47433	8
5,47500	8
5,47567	8
5,47633	8
5,47700	8
5,47767	8
5,47833	7
5,47900	7
5,47967	6
5,48033	6
5,48100	6
5,48167	6
5,48233	6
5,48300	5
5,48367	5
5,48433	5
5,48500	5
5,48567	5
5,48633	5
5,48700	5
5,48767	5
5,48833	5
5,48900	5
5,48967	5
5,49033	5
5,49100	5
5,49167	5
5,49233	6
5,49300	6
5,49367	7
5,49433	8
5,49500	9
5,49567	11
5,49633	13
5,49700	16
5,49767	20
5,49833	26
5,49900	33
5,49967	42
5,50033	53
5,50100	67
5,50167	85
5,50233	107
5,50300	133
5,50367	164
5,50433	200
5,50500	243
5,50567	292
5,50633	348
5,50700	411
5,50767	480
5,50833	556
5,50900	638
5,50967	725
5,51033	817
5,51100	912
5,51167	1010
5,51233	1111
5,51300	1212
5,51367	1312
5,51433	1411
5,51500	1507
5,51567	1598
5,51633	1684
5,51700	1762
5,51767	1833
5,51833	1896
5,51900	1949
5,51967	1992
5,52033	2026
5,52100	2050
5,52167	2065
5,52233	2069
5,52300	2064
5,52367	2051
5,52433	2028
5,52500	1998
5,52567	1961
5,52633	1918
5,52700	1869
5,52767	1816
5,52833	1758
5,52900	1697
5,52967	1634
5,53033	1568
5,53100	1502
5,53167	1434
5,53233	1367
5,53300	1300
5,53367	1233
5,53433	1168
5,53500	1104
5,53567	1041
5,53633	981
5,53700	922
5,53767	866
5,53833	811
5,53900	760
5,53967	710
5,54033	664
5,54100	619
5,54167	578
5,54233	538
5,54300	502
5,54367	467
5,54433	435
5,54500	404
5,54567	376
5,54633	349
5,54700	325
5,54767	301
5,54833	280
5,54900	260
5,54967	241
5,55033	224
5,55100	208
5,55167	193
5,55233	179
5,55300	167
5,55367	155
5,55433	145
5,55500	135
5,55567	126
5,55633	118
5,55700	111
5,55767	104
5,55833	98
5,55900	92
5,55967	86
5,56033	81
5,56100	77
5,56167	72
5,56233	68
5,56300	65
5,56367	62
5,56433	58
5,56500	56
5,56567	53
5,56633	50
5,56700	48
5,56767	46
5,56833	44
5,56900	42
5,56967	41
5,57033	39
5,57100	37
5,57167	36
5,57233	35
5,57300	34
5,57367	33
5,57433	32
5,57500	31
5,57567	31
5,57633	30
5,57700	29
5,57767	28
5,57833	28
5,57900	27
5,57967	26
5,58033	26
5,58100	25
5,58167	24
5,58233	24
5,58300	23
5,58367	23
5,58433	22
5,58500	22
5,58567	22
5,58633	21
5,58700	21
5,58767	20
5,58833	20
5,58900	20
5,58967	19
5,59033	19
5,59100	18
5,59167	18
5,59233	18
5,59300	18
5,59367	18
5,59433	18
5,59500	18
5,59567	18
5,59633	18
5,59700	18
5,59767	18
5,59833	18
5,59900	19
5,59967	19
5,60033	19
5,60100	19
5,60167	19
5,60233	18
5,60300	18
5,60367	18
5,60433	18
5,60500	18
5,60567	17
5,60633	17
5,60700	17
5,60767	17
5,60833	17
5,60900	17
5,60967	17
5,61033	17
5,61100	17
5,61167	17
5,61233	16
5,61300	16
5,61367	16
5,61433	16
5,61500	16
5,61567	16
5,61633	15
5,61700	15
5,61767	15
5,61833	15
5,61900	15
5,61967	15
5,62033	15
5,62100	15
5,62167	15
5,62233	15
5,62300	15
5,62367	15
5,62433	14
5,62500	14
5,62567	14
5,62633	14
5,62700	13
5,62767	14
5,62833	14
5,62900	14
5,62967	14
5,63033	14
5,63100	14
5,63167	14
5,63233	14
5,63300	14
5,63367	14
5,63433	14
5,63500	14
5,63567	14
5,63633	14
5,63700	14
5,63767	14
5,63833	13
5,63900	13
5,63967	13
5,64033	13
5,64100	13
5,64167	12
5,64233	12
5,64300	12
5,64367	12
5,64433	12
5,64500	12
5,64567	13
5,64633	13
5,64700	13
5,64767	13
5,64833	13
5,64900	13
5,64967	13
5,65033	13
5,65100	13
5,65167	13
5,65233	13
5,65300	13
5,65367	13
5,65433	13
5,65500	13
5,65567	13
5,65633	13
5,65700	13
5,65767	13
5,65833	13
5,65900	13
5,65967	14
5,66033	14
5,66100	14
5,66167	14
5,66233	14
5,66300	14
5,66367	14
5,66433	14
5,66500	14
5,66567	13
5,66633	13
5,66700	13
5,66767	12
5,66833	12
5,66900	12
5,66967	12
5,67033	12
5,67100	12
5,67167	12
5,67233	12
5,67300	12
5,67367	12
5,67433	12
5,67500	11
5,67567	11
5,67633	11
5,67700	11
5,67767	11
5,67833	11
5,67900	11
5,67967	11
5,68033	11
5,68100	11
5,68167	11
5,68233	11
5,68300	11
5,68367	11
5,68433	11
5,68500	11
5,68567	10
5,68633	10
5,68700	10
5,68767	10
5,68833	10
5,68900	10
5,68967	10
5,69033	10
5,69100	10
5,69167	11
5,69233	11
5,69300	11
5,69367	11
5,69433	12
5,69500	12
5,69567	12
5,69633	12
5,69700	12
5,69767	12
5,69833	12
5,69900	12
5,69967	12
5,70033	12
5,70100	12
5,70167	12
5,70233	13
5,70300	13
5,70367	13
5,70433	13
5,70500	12
5,70567	12
5,70633	12
5,70700	12
5,70767	12
5,70833	11
5,70900	11
5,70967	11
5,71033	11
5,71100	10
5,71167	10
5,71233	9
5,71300	9
5,71367	9
5,71433	9
5,71500	9
5,71567	9
5,71633	9
5,71700	9
5,71767	9
5,71833	9
5,71900	9
5,71967	9
5,72033	9
5,72100	9
5,72167	9
5,72233	9
5,72300	9
5,72367	9
5,72433	9
5,72500	9
5,72567	9
5,72633	10
5,72700	10
5,72767	10
5,72833	10
5,72900	10
5,72967	10
5,73033	10
5,73100	10
5,73167	10
5,73233	10
5,73300	10
5,73367	10
5,73433	10
5,73500	10
5,73567	10
5,73633	10
5,73700	11
5,73767	11
5,73833	11
5,73900	11
5,73967	11
5,74033	11
5,74100	11
5,74167	11
5,74233	11
5,74300	11
5,74367	11
5,74433	11
5,74500	11
5,74567	11
5,74633	11
5,74700	10
5,74767	10
5,74833	10
5,74900	10
5,74967	10
5,75033	10
5,75100	10
5,75167	10
5,75233	10
5,75300	10
5,75367	10
5,75433	10
5,75500	10
5,75567	11
5,75633	11
5,75700	11
5,75767	12
5,75833	12
5,75900	12
5,75967	12
5,76033	12
5,76100	12
5,76167	12
5,76233	12
5,76300	12
5,76367	12
5,76433	12
5,76500	12
5,76567	12
5,76633	12
5,76700	13
5,76767	13
5,76833	13
5,76900	13
5,76967	13
5,77033	13
5,77100	13
5,77167	13
5,77233	13
5,77300	13
5,77367	13
5,77433	13
5,77500	13
5,77567	13
5,77633	13
5,77700	13
5,77767	13
5,77833	14
5,77900	14
5,77967	15
5,78033	15
5,78100	15
5,78167	16
5,78233	16
5,78300	16
5,78367	16
5,78433	16
5,78500	17
5,78567	17
5,78633	17
5,78700	17
5,78767	17
5,78833	17
5,78900	17
5,78967	17
5,79033	16
5,79100	16
5,79167	16
5,79233	16
5,79300	16
5,79367	15
5,79433	15
5,79500	15
5,79567	15
5,79633	14
5,79700	14
5,79767	14
5,79833	14
5,79900	14
5,79967	15
5,80033	15
5,80100	15
5,80167	15
5,80233	15
5,80300	15
5,80367	16
5,80433	16
5,80500	16
5,80567	16
5,80633	16
5,80700	16
5,80767	16
5,80833	16
5,80900	17
5,80967	17
5,81033	17
5,81100	17
5,81167	17
5,81233	17
5,81300	17
5,81367	17
5,81433	16
5,81500	16
5,81567	16
5,81633	16
5,81700	16
5,81767	15
5,81833	15
5,81900	15
5,81967	15
5,82033	16
5,82100	16
5,82167	16
5,82233	16
5,82300	16
5,82367	16
5,82433	16
5,82500	16
5,82567	16
5,82633	16
5,82700	16
5,82767	16
5,82833	16
5,82900	16
5,82967	16
5,83033	16
5,83100	16
5,83167	16
5,83233	16
5,83300	16
5,83367	16
5,83433	16
5,83500	16
5,83567	16
5,83633	16
5,83700	16
5,83767	15
5,83833	15
5,83900	15
5,83967	14
5,84033	14
5,84100	14
5,84167	14
5,84233	14
5,84300	14
5,84367	14
5,84433	14
5,84500	15
5,84567	15
5,84633	15
5,84700	15
5,84767	15
5,84833	15
5,84900	16
5,84967	16
5,85033	16
5,85100	16
5,85167	16
5,85233	17
5,85300	17
5,85367	17
5,85433	17
5,85500	17
5,85567	18
5,85633	18
5,85700	18
5,85767	18
5,85833	18
5,85900	18
5,85967	18
5,86033	18
5,86100	18
5,86167	18
5,86233	18
5,86300	18
5,86367	18
5,86433	18
5,86500	18
5,86567	18
5,86633	18
5,86700	17
5,86767	17
5,86833	17
5,86900	16
5,86967	16
5,87033	16
5,87100	16
5,87167	16
5,87233	15
5,87300	15
5,87367	15
5,87433	15
5,87500	15
5,87567	15
5,87633	15
5,87700	15
5,87767	15
5,87833	15
5,87900	15
5,87967	14
5,88033	14
5,88100	14
5,88167	13
5,88233	13
5,88300	12
5,88367	12
5,88433	12
5,88500	12
5,88567	12
5,88633	12
5,88700	12
5,88767	12
5,88833	12
5,88900	12
5,88967	12
5,89033	12
5,89100	12
5,89167	12
5,89233	12
5,89300	12
5,89367	12
5,89433	12
5,89500	12
5,89567	12
5,89633	12
5,89700	12
5,89767	12
5,89833	12
5,89900	12
5,89967	12
5,90033	12
5,90100	12
5,90167	12
5,90233	12
5,90300	11
5,90367	11
5,90433	11
5,90500	11
5,90567	11
5,90633	11
5,90700	11
5,90767	11
5,90833	11
5,90900	11
5,90967	11
5,91033	11
5,91100	11
5,91167	11
5,91233	11
5,91300	11
5,91367	12
5,91433	12
5,91500	13
5,91567	13
5,91633	13
5,91700	13
5,91767	13
5,91833	14
5,91900	14
5,91967	14
5,92033	14
5,92100	14
5,92167	14
5,92233	14
5,92300	14
5,92367	14
5,92433	14
5,92500	14
5,92567	14
5,92633	13
5,92700	13
5,92767	13
5,92833	13
5,92900	12
5,92967	12
5,93033	12
5,93100	11
5,93167	11
5,93233	11
5,93300	11
5,93367	10
5,93433	10
5,93500	10
5,93567	10
5,93633	10
5,93700	10
5,93767	9
5,93833	9
5,93900	9
5,93967	9
5,94033	9
5,94100	9
5,94167	9
5,94233	10
5,94300	10
5,94367	10
5,94433	10
5,94500	10
5,94567	10
5,94633	10
5,94700	10
5,94767	10
5,94833	10
5,94900	10
5,94967	10
5,95033	10
5,95100	10
5,95167	10
5,95233	10
5,95300	10
5,95367	10
5,95433	9
5,95500	9
5,95567	9
5,95633	9
5,95700	9
5,95767	10
5,95833	10
5,95900	10
5,95967	10
5,96033	10
5,96100	11
5,96167	11
5,96233	11
5,96300	11
5,96367	11
5,96433	12
5,96500	12
5,96567	12
5,96633	12
5,96700	12
5,96767	12
5,96833	12
5,96900	13
5,96967	13
5,97033	13
5,97100	13
5,97167	13
5,97233	13
5,97300	13
5,97367	13
5,97433	13
5,97500	13
5,97567	13
5,97633	14
5,97700	14
5,97767	14
5,97833	14
5,97900	14
5,97967	15
5,98033	15
5,98100	15
5,98167	15
5,98233	16
5,98300	16
5,98367	16
5,98433	16
5,98500	17
5,98567	17
5,98633	17
5,98700	17
5,98767	17
5,98833	17
5,98900	17
5,98967	17
5,99033	17
5,99100	17
5,99167	16
5,99233	16
5,99300	16
5,99367	16
5,99433	16
5,99500	15
5,99567	15
5,99633	15
5,99700	14
5,99767	14
5,99833	13
5,99900	13
5,99967	13
6,00033	13
6,00100	13
6,00167	13
6,00233	13
6,00300	13
6,00367	12
6,00433	12
6,00500	12
6,00567	12
6,00633	12
6,00700	12
6,00767	12
6,00833	12
6,00900	12
6,00967	12
6,01033	12
6,01100	12
6,01167	12
6,01233	12
6,01300	12
6,01367	13
6,01433	13
6,01500	13
6,01567	13
6,01633	14
6,01700	14
6,01767	14
6,01833	14
6,01900	15
6,01967	15
6,02033	15
6,02100	15
6,02167	15
6,02233	15
6,02300	15
6,02367	16
6,02433	16
6,02500	16
6,02567	16
6,02633	16
6,02700	16
6,02767	16
6,02833	16
6,02900	15
6,02967	15
6,03033	15
6,03100	15
6,03167	15
6,03233	16
6,03300	16
6,03367	16
6,03433	16
6,03500	15
6,03567	15
6,03633	15
6,03700	15
6,03767	15
6,03833	15
6,03900	15
6,03967	15
6,04033	15
6,04100	15
6,04167	15
6,04233	15
6,04300	15
6,04367	15
6,04433	15
6,04500	16
6,04567	16
6,04633	16
6,04700	17
6,04767	17
6,04833	17
6,04900	17
6,04967	17
6,05033	17
6,05100	18
6,05167	18
6,05233	18
6,05300	18
6,05367	18
6,05433	18
6,05500	18
6,05567	18
6,05633	18
6,05700	18
6,05767	18
6,05833	18
6,05900	18
6,05967	18
6,06033	18
6,06100	17
6,06167	17
6,06233	17
6,06300	17
6,06367	17
6,06433	17
6,06500	17
6,06567	17
6,06633	18
6,06700	18
6,06767	18
6,06833	19
6,06900	19
6,06967	19
6,07033	19
6,07100	19
6,07167	20
6,07233	20
6,07300	20
6,07367	20
6,07433	20
6,07500	20
6,07567	19
6,07633	19
6,07700	19
6,07767	19
6,07833	18
6,07900	18
6,07967	18
6,08033	18
6,08100	17
6,08167	17
6,08233	17
6,08300	17
6,08367	16
6,08433	16
6,08500	16
6,08567	16
6,08633	16
6,08700	16
6,08767	16
6,08833	16
6,08900	17
6,08967	17
6,09033	17
6,09100	17
6,09167	17
6,09233	17
6,09300	17
6,09367	17
6,09433	17
6,09500	17
6,09567	17
6,09633	17
6,09700	17
6,09767	17
6,09833	17
6,09900	17
6,09967	17
6,10033	17
6,10100	17
6,10167	16
6,10233	16
6,10300	16
6,10367	16
6,10433	15
6,10500	15
6,10567	15
6,10633	15
6,10700	14
6,10767	14
6,10833	14
6,10900	14
6,10967	14
6,11033	14
6,11100	14
6,11167	14
6,11233	14
6,11300	13
6,11367	13
6,11433	13
6,11500	13
6,11567	12
6,11633	12
6,11700	12
6,11767	12
6,11833	12
6,11900	13
6,11967	13
6,12033	13
6,12100	13
6,12167	13
6,12233	13
6,12300	13
6,12367	13
6,12433	13
6,12500	13
6,12567	13
6,12633	13
6,12700	13
6,12767	13
6,12833	14
6,12900	14
6,12967	14
6,13033	14
6,13100	15
6,13167	15
6,13233	15
6,13300	16
6,13367	16
6,13433	16
6,13500	16
6,13567	16
6,13633	16
6,13700	16
6,13767	16
6,13833	16
6,13900	16
6,13967	16
6,14033	16
6,14100	16
6,14167	16
6,14233	16
6,14300	16
6,14367	15
6,14433	15
6,14500	15
6,14567	15
6,14633	15
6,14700	15
6,14767	15
6,14833	15
6,14900	15
6,14967	15
6,15033	14
6,15100	14
6,15167	14
6,15233	14
6,15300	14
6,15367	14
6,15433	14
6,15500	14
6,15567	14
6,15633	14
6,15700	14
6,15767	14
6,15833	14
6,15900	14
6,15967	14
6,16033	14
6,16100	14
6,16167	14
6,16233	14
6,16300	14
6,16367	14
6,16433	14
6,16500	14
6,16567	14
6,16633	14
6,16700	14
6,16767	14
6,16833	14
6,16900	14
6,16967	14
6,17033	14
6,17100	14
6,17167	13
6,17233	14
6,17300	14
6,17367	14
6,17433	14
6,17500	14
6,17567	14
6,17633	14
6,17700	14
6,17767	14
6,17833	13
6,17900	13
6,17967	13
6,18033	13
6,18100	13
6,18167	12
6,18233	12
6,18300	12
6,18367	12
6,18433	12
6,18500	12
6,18567	12
6,18633	12
6,18700	12
6,18767	12
6,18833	12
6,18900	12
6,18967	12
6,19033	12
6,19100	12
6,19167	12
6,19233	12
6,19300	12
6,19367	12
6,19433	12
6,19500	12
6,19567	12
6,19633	12
6,19700	12
6,19767	12
6,19833	12
6,19900	12
6,19967	12
6,20033	12
6,20100	12
6,20167	12
6,20233	12
6,20300	12
6,20367	12
6,20433	12
6,20500	12
6,20567	12
6,20633	12
6,20700	12
6,20767	12
6,20833	12
6,20900	12
6,20967	11
6,21033	11
6,21100	11
6,21167	11
6,21233	10
6,21300	10
6,21367	10
6,21433	10
6,21500	10
6,21567	10
6,21633	10
6,21700	10
6,21767	10
6,21833	10
6,21900	10
6,21967	10
6,22033	10
6,22100	10
6,22167	10
6,22233	10
6,22300	10
6,22367	10
6,22433	10
6,22500	10
6,22567	10
6,22633	10
6,22700	10
6,22767	10
6,22833	10
6,22900	10
6,22967	10
6,23033	10
6,23100	10
6,23167	10
6,23233	10
6,23300	10
6,23367	10
6,23433	10
6,23500	10
6,23567	10
6,23633	10
6,23700	10
6,23767	10
6,23833	10
6,23900	11
6,23967	11
6,24033	11
6,24100	11
6,24167	11
6,24233	11
6,24300	11
6,24367	11
6,24433	11
6,24500	10
6,24567	10
6,24633	10
6,24700	10
6,24767	10
6,24833	10
6,24900	10
6,24967	10
6,25033	10
6,25100	10
6,25167	10
6,25233	10
6,25300	10
6,25367	11
6,25433	11
6,25500	11
6,25567	11
6,25633	11
6,25700	12
6,25767	12
6,25833	12
6,25900	12
6,25967	12
6,26033	12
6,26100	12
6,26167	12
6,26233	13
6,26300	13
6,26367	12
6,26433	12
6,26500	12
6,26567	12
6,26633	12
6,26700	12
6,26767	12
6,26833	12
6,26900	12
6,26967	12
6,27033	12
6,27100	12
6,27167	12
6,27233	12
6,27300	12
6,27367	12
6,27433	12
6,27500	12
6,27567	12
6,27633	13
6,27700	13
6,27767	13
6,27833	13
6,27900	13
6,27967	13
6,28033	13
6,28100	13
6,28167	13
6,28233	13
6,28300	13
6,28367	13
6,28433	12
6,28500	12
6,28567	12
6,28633	11
6,28700	11
6,28767	11
6,28833	11
6,28900	11
6,28967	11
6,29033	11
6,29100	11
6,29167	11
6,29233	11
6,29300	11
6,29367	11
6,29433	11
6,29500	11
6,29567	11
6,29633	11
6,29700	11
6,29767	11
6,29833	11
6,29900	11
6,29967	11
6,30033	12
6,30100	12
6,30167	12
6,30233	12
6,30300	12
6,30367	12
6,30433	13
6,30500	13
6,30567	13
6,30633	13
6,30700	13
6,30767	13
6,30833	14
6,30900	14
6,30967	14
6,31033	14
6,31100	14
6,31167	14
6,31233	14
6,31300	14
6,31367	14
6,31433	14
6,31500	14
6,31567	14
6,31633	14
6,31700	13
6,31767	13
6,31833	13
6,31900	13
6,31967	13
6,32033	12
6,32100	12
6,32167	12
6,32233	12
6,32300	12
6,32367	12
6,32433	12
6,32500	12
6,32567	12
6,32633	12
6,32700	12
6,32767	12
6,32833	12
6,32900	12
6,32967	11
6,33033	11
6,33100	11
6,33167	11
6,33233	11
6,33300	11
6,33367	11
6,33433	12
6,33500	12
6,33567	12
6,33633	12
6,33700	12
6,33767	13
6,33833	13
6,33900	13
6,33967	13
6,34033	13
6,34100	13
6,34167	12
6,34233	13
6,34300	13
6,34367	13
6,34433	13
6,34500	13
6,34567	13
6,34633	12
6,34700	12
6,34767	12
6,34833	12
6,34900	11
6,34967	11
6,35033	11
6,35100	11
6,35167	11
6,35233	11
6,35300	11
6,35367	10
6,35433	10
6,35500	10
6,35567	10
6,35633	10
6,35700	10
6,35767	10
6,35833	10
6,35900	10
6,35967	10
6,36033	10
6,36100	10
6,36167	10
6,36233	10
6,36300	9
6,36367	9
6,36433	9
6,36500	9
6,36567	10
6,36633	10
6,36700	10
6,36767	10
6,36833	10
6,36900	10
6,36967	10
6,37033	10
6,37100	10
6,37167	10
6,37233	10
6,37300	10
6,37367	10
6,37433	10
6,37500	10
6,37567	10
6,37633	10
6,37700	10
6,37767	10
6,37833	10
6,37900	10
6,37967	10
6,38033	10
6,38100	10
6,38167	10
6,38233	10
6,38300	10
6,38367	11
6,38433	11
6,38500	11
6,38567	12
6,38633	12
6,38700	12
6,38767	12
6,38833	12
6,38900	13
6,38967	13
6,39033	13
6,39100	13
6,39167	13
6,39233	13
6,39300	13
6,39367	14
6,39433	14
6,39500	15
6,39567	15
6,39633	16
6,39700	17
6,39767	17
6,39833	18
6,39900	18
6,39967	19
6,40033	19
6,40100	19
6,40167	19
6,40233	19
6,40300	19
6,40367	20
6,40433	20
6,40500	20
6,40567	20
6,40633	20
6,40700	20
6,40767	20
6,40833	20
6,40900	20
6,40967	20
6,41033	20
6,41100	20
6,41167	20
6,41233	20
6,41300	20
6,41367	19
6,41433	19
6,41500	19
6,41567	19
6,41633	19
6,41700	19
6,41767	19
6,41833	19
6,41900	19
6,41967	19
6,42033	19
6,42100	19
6,42167	19
6,42233	19
6,42300	19
6,42367	19
6,42433	19
6,42500	19
6,42567	19
6,42633	18
6,42700	18
6,42767	19
6,42833	19
6,42900	18
6,42967	18
6,43033	18
6,43100	18
6,43167	18
6,43233	17
6,43300	17
6,43367	17
6,43433	17
6,43500	16
6,43567	16
6,43633	16
6,43700	16
6,43767	16
6,43833	16
6,43900	16
6,43967	16
6,44033	15
6,44100	15
6,44167	15
6,44233	15
6,44300	15
6,44367	14
6,44433	14
6,44500	14
6,44567	14
6,44633	14
6,44700	13
6,44767	13
6,44833	13
6,44900	13
6,44967	13
6,45033	13
6,45100	13
6,45167	13
6,45233	13
6,45300	14
6,45367	14
6,45433	14
6,45500	14
6,45567	14
6,45633	14
6,45700	14
6,45767	14
6,45833	14
6,45900	15
6,45967	15
6,46033	15
6,46100	14
6,46167	14
6,46233	14
6,46300	14
6,46367	14
6,46433	14
6,46500	13
6,46567	13
6,46633	13
6,46700	13
6,46767	12
6,46833	12
6,46900	12
6,46967	12
6,47033	12
6,47100	12
6,47167	12
6,47233	12
6,47300	12
6,47367	12
6,47433	12
6,47500	12
6,47567	13
6,47633	13
6,47700	13
6,47767	13
6,47833	13
6,47900	13
6,47967	13
6,48033	13
6,48100	13
6,48167	13
6,48233	13
6,48300	14
6,48367	14
6,48433	14
6,48500	14
6,48567	14
6,48633	13
6,48700	13
6,48767	13
6,48833	13
6,48900	13
6,48967	13
6,49033	12
6,49100	12
6,49167	13
6,49233	13
6,49300	13
6,49367	13
6,49433	13
6,49500	13
6,49567	13
6,49633	13
6,49700	13
6,49767	13
6,49833	13
6,49900	13
6,49967	13
6,50033	13
6,50100	13
6,50167	14
6,50233	14
6,50300	14
6,50367	14
6,50433	13
6,50500	13
6,50567	13
6,50633	13
6,50700	13
6,50767	12
6,50833	12
6,50900	12
6,50967	11
6,51033	11
6,51100	11
6,51167	10
6,51233	10
6,51300	10
6,51367	10
6,51433	10
6,51500	10
6,51567	10
6,51633	10
6,51700	10
6,51767	10
6,51833	9
6,51900	9
6,51967	10
6,52033	10
6,52100	10
6,52167	10
6,52233	11
6,52300	11
6,52367	11
6,52433	12
6,52500	12
6,52567	12
6,52633	12
6,52700	12
6,52767	12
6,52833	12
6,52900	12
6,52967	12
6,53033	12
6,53100	11
6,53167	11
6,53233	11
6,53300	11
6,53367	10
6,53433	10
6,53500	10
6,53567	10
6,53633	10
6,53700	10
6,53767	10
6,53833	9
6,53900	9
6,53967	9
6,54033	10
6,54100	10
6,54167	10
6,54233	10
6,54300	10
6,54367	11
6,54433	11
6,54500	11
6,54567	11
6,54633	12
6,54700	12
6,54767	12
6,54833	12
6,54900	12
6,54967	12
6,55033	12
6,55100	12
6,55167	12
6,55233	12
6,55300	11
6,55367	11
6,55433	11
6,55500	11
6,55567	12
6,55633	12
6,55700	12
6,55767	12
6,55833	12
6,55900	12
6,55967	12
6,56033	12
6,56100	12
6,56167	12
6,56233	12
6,56300	12
6,56367	12
6,56433	12
6,56500	12
6,56567	12
6,56633	12
6,56700	12
6,56767	11
6,56833	12
6,56900	12
6,56967	11
6,57033	11
6,57100	11
6,57167	11
6,57233	11
6,57300	10
6,57367	10
6,57433	9
6,57500	9
6,57567	8
6,57633	8
6,57700	8
6,57767	8
6,57833	8
6,57900	7
6,57967	7
6,58033	7
6,58100	7
6,58167	6
6,58233	6
6,58300	6
6,58367	6
6,58433	5
6,58500	5
6,58567	5
6,58633	5
6,58700	5
6,58767	5
6,58833	5
6,58900	5
6,58967	5
6,59033	5
6,59100	5
6,59167	5
6,59233	5
6,59300	5
6,59367	5
6,59433	5
6,59500	6
6,59567	6
6,59633	6
6,59700	6
6,59767	6
6,59833	7
6,59900	7
6,59967	7
6,60033	7
6,60100	7
6,60167	8
6,60233	8
6,60300	8
6,60367	8
6,60433	8
6,60500	9
6,60567	9
6,60633	9
6,60700	9
6,60767	9
6,60833	9
6,60900	9
6,60967	9
6,61033	10
6,61100	10
6,61167	10
6,61233	10
6,61300	11
6,61367	11
6,61433	11
6,61500	11
6,61567	11
6,61633	11
6,61700	11
6,61767	11
6,61833	11
6,61900	11
6,61967	11
6,62033	11
6,62100	11
6,62167	12
6,62233	12
6,62300	13
6,62367	13
6,62433	13
6,62500	13
6,62567	13
6,62633	13
6,62700	14
6,62767	14
6,62833	14
6,62900	14
6,62967	14
6,63033	14
6,63100	14
6,63167	14
6,63233	14
6,63300	14
6,63367	14
6,63433	14
6,63500	13
6,63567	13
6,63633	12
6,63700	11
6,63767	11
6,63833	10
6,63900	10
6,63967	9
6,64033	9
6,64100	8
6,64167	8
6,64233	8
6,64300	8
6,64367	7
6,64433	7
6,64500	7
6,64567	7
6,64633	7
6,64700	7
6,64767	7
6,64833	7
6,64900	7
6,64967	8
6,65033	8
6,65100	8
6,65167	8
6,65233	8
6,65300	8
6,65367	9
6,65433	9
6,65500	9
6,65567	9
6,65633	9
6,65700	9
6,65767	9
6,65833	9
6,65900	9
6,65967	9
6,66033	9
6,66100	9
6,66167	9
6,66233	9
6,66300	10
6,66367	10
6,66433	10
6,66500	10
6,66567	10
6,66633	10
6,66700	10
6,66767	10
6,66833	10
6,66900	10
6,66967	9
6,67033	9
6,67100	9
6,67167	9
6,67233	9
6,67300	9
6,67367	9
6,67433	9
6,67500	9
6,67567	9
6,67633	9
6,67700	9
6,67767	9
6,67833	8
6,67900	9
6,67967	9
6,68033	9
6,68100	9
6,68167	9
6,68233	9
6,68300	9
6,68367	10
6,68433	10
6,68500	10
6,68567	11
6,68633	11
6,68700	11
6,68767	11
6,68833	11
6,68900	11
6,68967	11
6,69033	10
6,69100	10
6,69167	10
6,69233	9
6,69300	9
6,69367	9
6,69433	9
6,69500	9
6,69567	9
6,69633	9
6,69700	9
6,69767	9
6,69833	9
6,69900	9
6,69967	9
6,70033	10
6,70100	10
6,70167	10
6,70233	10
6,70300	10
6,70367	11
6,70433	11
6,70500	11
6,70567	11
6,70633	11
6,70700	11
6,70767	11
6,70833	11
6,70900	11
6,70967	11
6,71033	11
6,71100	11
6,71167	11
6,71233	10
6,71300	10
6,71367	10
6,71433	10
6,71500	10
6,71567	10
6,71633	10
6,71700	10
6,71767	11
6,71833	11
6,71900	11
6,71967	11
6,72033	12
6,72100	12
6,72167	12
6,72233	12
6,72300	13
6,72367	13
6,72433	13
6,72500	13
6,72567	14
6,72633	14
6,72700	14
6,72767	14
6,72833	15
6,72900	15
6,72967	15
6,73033	16
6,73100	16
6,73167	16
6,73233	17
6,73300	17
6,73367	17
6,73433	17
6,73500	17
6,73567	17
6,73633	18
6,73700	18
6,73767	18
6,73833	18
6,73900	19
6,73967	19
6,74033	20
6,74100	20
6,74167	20
6,74233	20
6,74300	21
6,74367	21
6,74433	21
6,74500	21
6,74567	21
6,74633	21
6,74700	21
6,74767	20
6,74833	20
6,74900	20
6,74967	20
6,75033	20
6,75100	19
6,75167	19
6,75233	19
6,75300	19
6,75367	19
6,75433	18
6,75500	18
6,75567	18
6,75633	17
6,75700	17
6,75767	17
6,75833	16
6,75900	16
6,75967	16
6,76033	16
6,76100	16
6,76167	16
6,76233	16
6,76300	16
6,76367	16
6,76433	16
6,76500	16
6,76567	16
6,76633	16
6,76700	15
6,76767	15
6,76833	15
6,76900	15
6,76967	15
6,77033	15
6,77100	15
6,77167	15
6,77233	15
6,77300	15
6,77367	15
6,77433	15
6,77500	15
6,77567	15
6,77633	15
6,77700	15
6,77767	15
6,77833	14
6,77900	14
6,77967	14
6,78033	14
6,78100	14
6,78167	13
6,78233	13
6,78300	13
6,78367	13
6,78433	13
6,78500	13
6,78567	13
6,78633	12
6,78700	12
6,78767	12
6,78833	12
6,78900	11
6,78967	11
6,79033	11
6,79100	11
6,79167	11
6,79233	11
6,79300	11
6,79367	11
6,79433	11
6,79500	12
6,79567	12
6,79633	12
6,79700	12
6,79767	12
6,79833	12
6,79900	12
6,79967	12
6,80033	12
6,80100	12
6,80167	12
6,80233	12
6,80300	12
6,80367	12
6,80433	12
6,80500	13
6,80567	13
6,80633	13
6,80700	13
6,80767	14
6,80833	14
6,80900	14
6,80967	15
6,81033	15
6,81100	16
6,81167	16
6,81233	16
6,81300	17
6,81367	17
6,81433	18
6,81500	18
6,81567	19
6,81633	19
6,81700	19
6,81767	19
6,81833	19
6,81900	19
6,81967	19
6,82033	19
6,82100	19
6,82167	19
6,82233	19
6,82300	19
6,82367	19
6,82433	18
6,82500	18
6,82567	18
6,82633	18
6,82700	17
6,82767	17
6,82833	17
6,82900	17
6,82967	16
6,83033	16
6,83100	16
6,83167	16
6,83233	17
6,83300	17
6,83367	17
6,83433	17
6,83500	18
6,83567	18
6,83633	18
6,83700	18
6,83767	18
6,83833	18
6,83900	18
6,83967	18
6,84033	17
6,84100	17
6,84167	16
6,84233	16
6,84300	16
6,84367	16
6,84433	16
6,84500	15
6,84567	15
6,84633	15
6,84700	15
6,84767	16
6,84833	16
6,84900	16
6,84967	16
6,85033	16
6,85100	16
6,85167	16
6,85233	16
6,85300	16
6,85367	17
6,85433	17
6,85500	17
6,85567	17
6,85633	17
6,85700	17
6,85767	17
6,85833	18
6,85900	18
6,85967	18
6,86033	18
6,86100	18
6,86167	18
6,86233	18
6,86300	18
6,86367	18
6,86433	18
6,86500	18
6,86567	18
6,86633	17
6,86700	17
6,86767	17
6,86833	17
6,86900	17
6,86967	17
6,87033	17
6,87100	17
6,87167	17
6,87233	17
6,87300	17
6,87367	17
6,87433	17
6,87500	16
6,87567	16
6,87633	16
6,87700	16
6,87767	17
6,87833	17
6,87900	17
6,87967	17
6,88033	17
6,88100	17
6,88167	17
6,88233	17
6,88300	17
6,88367	18
6,88433	18
6,88500	18
6,88567	19
6,88633	19
6,88700	20
6,88767	21
6,88833	22
6,88900	23
6,88967	24
6,89033	25
6,89100	26
6,89167	27
6,89233	28
6,89300	29
6,89367	30
6,89433	32
6,89500	33
6,89567	35
6,89633	36
6,89700	38
6,89767	40
6,89833	42
6,89900	44
6,89967	46
6,90033	47
6,90100	49
6,90167	51
6,90233	54
6,90300	56
6,90367	58
6,90433	60
6,90500	63
6,90567	65
6,90633	67
6,90700	70
6,90767	72
6,90833	75
6,90900	77
6,90967	80
6,91033	82
6,91100	85
6,91167	88
6,91233	90
6,91300	93
6,91367	95
6,91433	98
6,91500	100
6,91567	102
6,91633	105
6,91700	107
6,91767	109
6,91833	111
6,91900	113
6,91967	116
6,92033	118
6,92100	120
6,92167	122
6,92233	124
6,92300	125
6,92367	127
6,92433	128
6,92500	130
6,92567	131
6,92633	133
6,92700	134
6,92767	135
6,92833	136
6,92900	136
6,92967	137
6,93033	138
6,93100	138
6,93167	139
6,93233	140
6,93300	141
6,93367	141
6,93433	142
6,93500	142
6,93567	143
6,93633	143
6,93700	144
6,93767	144
6,93833	144
6,93900	145
6,93967	145
6,94033	146
6,94100	146
6,94167	146
6,94233	147
6,94300	147
6,94367	147
6,94433	147
6,94500	147
6,94567	147
6,94633	147
6,94700	147
6,94767	148
6,94833	148
6,94900	148
6,94967	148
6,95033	148
6,95100	149
6,95167	149
6,95233	149
6,95300	149
6,95367	149
6,95433	149
6,95500	149
6,95567	149
6,95633	149
6,95700	149
6,95767	148
6,95833	148
6,95900	148
6,95967	148
6,96033	147
6,96100	147
6,96167	147
6,96233	147
6,96300	147
6,96367	147
6,96433	146
6,96500	146
6,96567	145
6,96633	145
6,96700	144
6,96767	144
6,96833	143
6,96900	143
6,96967	142
6,97033	141
6,97100	140
6,97167	140
6,97233	139
6,97300	138
6,97367	138
6,97433	137
6,97500	137
6,97567	136
6,97633	136
6,97700	135
6,97767	135
6,97833	135
6,97900	134
6,97967	134
6,98033	134
6,98100	133
6,98167	133
6,98233	133
6,98300	133
6,98367	133
6,98433	132
6,98500	132
6,98567	132
6,98633	132
6,98700	132
6,98767	132
6,98833	132
6,98900	132
6,98967	132
6,99033	132
6,99100	132
6,99167	132
6,99233	132
6,99300	132
6,99367	133
6,99433	133
6,99500	133
6,99567	134
6,99633	135
6,99700	136
6,99767	137
6,99833	138
6,99900	140
6,99967	142
7,00033	143
7,00100	145
7,00167	147
7,00233	149
7,00300	152
7,00367	154
7,00433	156
7,00500	159
7,00567	161
7,00633	163
7,00700	165
7,00767	167
7,00833	169
7,00900	171
7,00967	172
7,01033	173
7,01100	174
7,01167	175
7,01233	176
7,01300	177
7,01367	178
7,01433	178
7,01500	179
7,01567	179
7,01633	179
7,01700	179
7,01767	179
7,01833	178
7,01900	177
7,01967	177
7,02033	176
7,02100	174
7,02167	173
7,02233	171
7,02300	170
7,02367	168
7,02433	166
7,02500	165
7,02567	163
7,02633	161
7,02700	160
7,02767	158
7,02833	156
7,02900	154
7,02967	152
7,03033	150
7,03100	149
7,03167	147
7,03233	145
7,03300	143
7,03367	142
7,03433	140
7,03500	138
7,03567	137
7,03633	135
7,03700	133
7,03767	132
7,03833	131
7,03900	129
7,03967	128
7,04033	127
7,04100	126
7,04167	125
7,04233	124
7,04300	122
7,04367	121
7,04433	120
7,04500	118
7,04567	117
7,04633	116
7,04700	114
7,04767	113
7,04833	112
7,04900	111
7,04967	110
7,05033	109
7,05100	108
7,05167	107
7,05233	105
7,05300	104
7,05367	103
7,05433	102
7,05500	101
7,05567	99
7,05633	98
7,05700	97
7,05767	96
7,05833	95
7,05900	95
7,05967	94
7,06033	93
7,06100	92
7,06167	91
7,06233	91
7,06300	90
7,06367	89
7,06433	89
7,06500	88
7,06567	88
7,06633	88
7,06700	87
7,06767	87
7,06833	87
7,06900	87
7,06967	87
7,07033	86
7,07100	86
7,07167	85
7,07233	85
7,07300	84
7,07367	84
7,07433	83
7,07500	82
7,07567	82
7,07633	81
7,07700	81
7,07767	80
7,07833	80
7,07900	80
7,07967	80
7,08033	80
7,08100	80
7,08167	80
7,08233	79
7,08300	79
7,08367	79
7,08433	79
7,08500	78
7,08567	78
7,08633	77
7,08700	77
7,08767	76
7,08833	76
7,08900	75
7,08967	75
7,09033	74
7,09100	74
7,09167	73
7,09233	73
7,09300	72
7,09367	71
7,09433	71
7,09500	70
7,09567	69
7,09633	68
7,09700	68
7,09767	67
7,09833	67
7,09900	67
7,09967	66
7,10033	66
7,10100	66
7,10167	65
7,10233	65
7,10300	65
7,10367	64
7,10433	64
7,10500	63
7,10567	63
7,10633	62
7,10700	61
7,10767	60
7,10833	60
7,10900	59
7,10967	59
7,11033	58
7,11100	58
7,11167	58
7,11233	58
7,11300	58
7,11367	58
7,11433	57
7,11500	57
7,11567	57
7,11633	56
7,11700	56
7,11767	55
7,11833	55
7,11900	55
7,11967	54
7,12033	54
7,12100	54
7,12167	54
7,12233	54
7,12300	54
7,12367	54
7,12433	54
7,12500	54
7,12567	53
7,12633	53
7,12700	53
7,12767	53
7,12833	53
7,12900	53
7,12967	53
7,13033	53
7,13100	53
7,13167	53
7,13233	53
7,13300	53
7,13367	53
7,13433	53
7,13500	52
7,13567	52
7,13633	52
7,13700	51
7,13767	51
7,13833	50
7,13900	50
7,13967	49
7,14033	49
7,14100	49
7,14167	48
7,14233	48
7,14300	48
7,14367	48
7,14433	48
7,14500	47
7,14567	47
7,14633	47
7,14700	47
7,14767	46
7,14833	46
7,14900	46
7,14967	45
7,15033	45
7,15100	45
7,15167	45
7,15233	45
7,15300	45
7,15367	45
7,15433	45
7,15500	44
7,15567	44
7,15633	44
7,15700	44
7,15767	44
7,15833	43
7,15900	43
7,15967	43
7,16033	43
7,16100	43
7,16167	43
7,16233	43
7,16300	43
7,16367	43
7,16433	43
7,16500	43
7,16567	43
7,16633	43
7,16700	43
7,16767	43
7,16833	43
7,16900	43
7,16967	43
7,17033	43
7,17100	43
7,17167	43
7,17233	43
7,17300	43
7,17367	43
7,17433	42
7,17500	42
7,17567	42
7,17633	42
7,17700	41
7,17767	41
7,17833	41
7,17900	40
7,17967	40
7,18033	40
7,18100	39
7,18167	39
7,18233	38
7,18300	38
7,18367	38
7,18433	38
7,18500	38
7,18567	38
7,18633	38
7,18700	38
7,18767	38
7,18833	38
7,18900	38
7,18967	38
7,19033	38
7,19100	38
7,19167	38
7,19233	37
7,19300	37
7,19367	37
7,19433	37
7,19500	37
7,19567	36
7,19633	36
7,19700	36
7,19767	36
7,19833	36
7,19900	36
7,19967	36
7,20033	36
7,20100	36
7,20167	36
7,20233	36
7,20300	36
7,20367	36
7,20433	36
7,20500	37
7,20567	37
7,20633	37
7,20700	37
7,20767	37
7,20833	37
7,20900	37
7,20967	37
7,21033	37
7,21100	37
7,21167	37
7,21233	37
7,21300	37
7,21367	36
7,21433	36
7,21500	36
7,21567	36
7,21633	35
7,21700	35
7,21767	35
7,21833	35
7,21900	35
7,21967	34
7,22033	34
7,22100	34
7,22167	34
7,22233	34
7,22300	34
7,22367	34
7,22433	34
7,22500	34
7,22567	34
7,22633	35
7,22700	35
7,22767	35
7,22833	35
7,22900	35
7,22967	35
7,23033	35
7,23100	35
7,23167	35
7,23233	35
7,23300	35
7,23367	35
7,23433	35
7,23500	35
7,23567	35
7,23633	36
7,23700	36
7,23767	36
7,23833	36
7,23900	36
7,23967	37
7,24033	37
7,24100	37
7,24167	38
7,24233	38
7,24300	38
7,24367	38
7,24433	38
7,24500	38
7,24567	38
7,24633	38
7,24700	38
7,24767	38
7,24833	37
7,24900	37
7,24967	37
7,25033	37
7,25100	37
7,25167	36
7,25233	36
7,25300	36
7,25367	36
7,25433	36
7,25500	35
7,25567	35
7,25633	35
7,25700	35
7,25767	35
7,25833	35
7,25900	34
7,25967	34
7,26033	34
7,26100	34
7,26167	34
7,26233	35
7,26300	35
7,26367	35
7,26433	35
7,26500	35
7,26567	35
7,26633	34
7,26700	34
7,26767	34
7,26833	33
7,26900	33
7,26967	33
7,27033	33
7,27100	33
7,27167	32
7,27233	32
7,27300	32
7,27367	32
7,27433	32
7,27500	31
7,27567	31
7,27633	31
7,27700	31
7,27767	31
7,27833	31
7,27900	31
7,27967	31
7,28033	31
7,28100	31
7,28167	31
7,28233	31
7,28300	31
7,28367	32
7,28433	32
7,28500	32
7,28567	32
7,28633	32
7,28700	32
7,28767	32
7,28833	32
7,28900	32
7,28967	32
7,29033	32
7,29100	32
7,29167	32
7,29233	32
7,29300	33
7,29367	33
7,29433	33
7,29500	33
7,29567	33
7,29633	33
7,29700	33
7,29767	33
7,29833	32
7,29900	32
7,29967	32
7,30033	32
7,30100	32
7,30167	32
7,30233	32
7,30300	32
7,30367	32
7,30433	32
7,30500	32
7,30567	32
7,30633	32
7,30700	32
7,30767	33
7,30833	33
7,30900	33
7,30967	33
7,31033	33
7,31100	33
7,31167	33
7,31233	33
7,31300	33
7,31367	33
7,31433	33
7,31500	33
7,31567	33
7,31633	33
7,31700	33
7,31767	33
7,31833	33
7,31900	33
7,31967	33
7,32033	34
7,32100	34
7,32167	34
7,32233	35
7,32300	35
7,32367	36
7,32433	36
7,32500	37
7,32567	37
7,32633	38
7,32700	38
7,32767	39
7,32833	40
7,32900	40
7,32967	41
7,33033	41
7,33100	41
7,33167	42
7,33233	42
7,33300	42
7,33367	42
7,33433	43
7,33500	43
7,33567	43
7,33633	43
7,33700	42
7,33767	42
7,33833	42
7,33900	42
7,33967	41
7,34033	41
7,34100	41
7,34167	40
7,34233	40
7,34300	40
7,34367	39
7,34433	39
7,34500	38
7,34567	37
7,34633	37
7,34700	36
7,34767	36
7,34833	35
7,34900	35
7,34967	34
7,35033	33
7,35100	33
7,35167	32
7,35233	31
7,35300	31
7,35367	30
7,35433	30
7,35500	29
7,35567	29
7,35633	29
7,35700	29
7,35767	28
7,35833	28
7,35900	27
7,35967	27
7,36033	27
7,36100	26
7,36167	26
7,36233	25
7,36300	25
7,36367	24
7,36433	24
7,36500	23
7,36567	23
7,36633	23
7,36700	23
7,36767	23
7,36833	23
7,36900	23
7,36967	23
7,37033	23
7,37100	24
7,37167	24
7,37233	24
7,37300	24
7,37367	24
7,37433	24
7,37500	24
7,37567	24
7,37633	24
7,37700	24
7,37767	24
7,37833	24
7,37900	24
7,37967	24
7,38033	24
7,38100	24
7,38167	24
7,38233	25
7,38300	25
7,38367	25
7,38433	25
7,38500	26
7,38567	26
7,38633	26
7,38700	27
7,38767	27
7,38833	27
7,38900	27
7,38967	27
7,39033	27
7,39100	27
7,39167	27
7,39233	27
7,39300	27
7,39367	27
7,39433	27
7,39500	26
7,39567	26
7,39633	26
7,39700	27
7,39767	27
7,39833	27
7,39900	27
7,39967	27
7,40033	27
7,40100	27
7,40167	27
7,40233	27
7,40300	27
7,40367	26
7,40433	26
7,40500	26
7,40567	26
7,40633	25
7,40700	25
7,40767	25
7,40833	25
7,40900	24
7,40967	24
7,41033	24
7,41100	24
7,41167	24
7,41233	25
7,41300	25
7,41367	25
7,41433	25
7,41500	25
7,41567	25
7,41633	25
7,41700	25
7,41767	25
7,41833	25
7,41900	25
7,41967	24
7,42033	24
7,42100	24
7,42167	24
7,42233	24
7,42300	23
7,42367	23
7,42433	23
7,42500	23
7,42567	22
7,42633	22
7,42700	22
7,42767	22
7,42833	23
7,42900	23
7,42967	23
7,43033	23
7,43100	24
7,43167	24
7,43233	24
7,43300	25
7,43367	25
7,43433	25
7,43500	25
7,43567	25
7,43633	26
7,43700	26
7,43767	26
7,43833	26
7,43900	26
7,43967	26
7,44033	26
7,44100	26
7,44167	26
7,44233	26
7,44300	26
7,44367	25
7,44433	25
7,44500	25
7,44567	25
7,44633	25
7,44700	25
7,44767	25
7,44833	25
7,44900	25
7,44967	25
7,45033	26
7,45100	26
7,45167	26
7,45233	26
7,45300	26
7,45367	26
7,45433	26
7,45500	26
7,45567	26
7,45633	26
7,45700	26
7,45767	26
7,45833	26
7,45900	26
7,45967	26
7,46033	27
7,46100	27
7,46167	27
7,46233	27
7,46300	27
7,46367	28
7,46433	28
7,46500	28
7,46567	28
7,46633	29
7,46700	29
7,46767	29
7,46833	29
7,46900	29
7,46967	28
7,47033	28
7,47100	28
7,47167	28
7,47233	28
7,47300	28
7,47367	28
7,47433	28
7,47500	28
7,47567	28
7,47633	28
7,47700	28
7,47767	29
7,47833	29
7,47900	31
7,47967	33
7,48033	36
7,48100	42
7,48167	51
7,48233	63
7,48300	82
7,48367	109
7,48433	148
7,48500	201
7,48567	274
7,48633	372
7,48700	503
7,48767	675
7,48833	899
7,48900	1185
7,48967	1543
7,49033	1985
7,49100	2523
7,49167	3171
7,49233	3948
7,49300	4869
7,49367	5949
7,49433	7198
7,49500	8629
7,49567	10254
7,49633	12079
7,49700	14107
7,49767	16336
7,49833	18768
7,49900	21398
7,49967	24228
7,50033	27262
7,50100	30496
7,50167	33920
7,50233	37532
7,50300	41339
7,50367	45345
7,50433	49551
7,50500	53967
7,50567	58600
7,50633	63462
7,50700	68561
7,50767	73884
7,50833	79405
7,50900	85101
7,50967	90957
7,51033	96968
7,51100	103143
7,51167	109489
7,51233	116004
7,51300	122680
7,51367	129500
7,51433	136459
7,51500	143561
7,51567	150793
7,51633	158156
7,51700	165634
7,51767	173203
7,51833	180846
7,51900	188552
7,51967	196311
7,52033	204125
7,52100	211982
7,52167	219874
7,52233	227815
7,52300	235828
7,52367	243926
7,52433	252127
7,52500	260435
7,52567	268856
7,52633	277401
7,52700	286065
7,52767	294839
7,52833	303716
7,52900	312713
7,52967	321825
7,53033	331012
7,53100	340264
7,53167	349589
7,53233	358959
7,53300	368292
7,53367	377506
7,53433	386612
7,53500	395621
7,53567	404546
7,53633	413409
7,53700	422215
7,53767	430974
7,53833	439775
7,53900	448696
7,53967	457748
7,54033	466872
7,54100	476023
7,54167	485168
7,54233	494337
7,54300	503575
7,54367	512854
7,54433	522128
7,54500	531374
7,54567	540610
7,54633	549844
7,54700	559072
7,54767	568284
7,54833	577506
7,54900	586712
7,54967	595836
7,55033	604800
7,55100	613522
7,55167	621844
7,55233	629525
7,55300	636242
7,55367	641498
7,55433	644688
7,55500	645194
7,55567	642419
7,55633	636010
7,55700	625877
7,55767	612182
7,55833	595271
7,55900	575635
7,55967	553814
7,56033	530353
7,56100	505761
7,56167	480494
7,56233	454938
7,56300	429421
7,56367	404212
7,56433	379529
7,56500	355541
7,56567	332379
7,56633	310140
7,56700	288889
7,56767	268670
7,56833	249504
7,56900	231399
7,56967	214347
7,57033	198332
7,57100	183327
7,57167	169300
7,57233	156216
7,57300	144034
7,57367	132712
7,57433	122205
7,57500	112470
7,57567	103462
7,57633	95136
7,57700	87452
7,57767	80366
7,57833	73841
7,57900	67837
7,57967	62318
7,58033	57249
7,58100	52598
7,58167	48334
7,58233	44427
7,58300	40850
7,58367	37577
7,58433	34585
7,58500	31850
7,58567	29352
7,58633	27070
7,58700	24987
7,58767	23086
7,58833	21351
7,58900	19767
7,58967	18322
7,59033	17005
7,59100	15804
7,59167	14709
7,59233	13712
7,59300	12804
7,59367	11977
7,59433	11224
7,59500	10538
7,59567	9914
7,59633	9346
7,59700	8829
7,59767	8358
7,59833	7931
7,59900	7542
7,59967	7189
7,60033	6868
7,60100	6576
7,60167	6310
7,60233	6068
7,60300	5847
7,60367	5647
7,60433	5463
7,60500	5296
7,60567	5144
7,60633	5005
7,60700	4879
7,60767	4764
7,60833	4660
7,60900	4566
7,60967	4481
7,61033	4404
7,61100	4334
7,61167	4271
7,61233	4213
7,61300	4161
7,61367	4112
7,61433	4068
7,61500	4026
7,61567	3988
7,61633	3952
7,61700	3919
7,61767	3887
7,61833	3857
7,61900	3828
7,61967	3800
7,62033	3772
7,62100	3745
7,62167	3718
7,62233	3691
7,62300	3663
7,62367	3636
7,62433	3609
7,62500	3584
7,62567	3559
7,62633	3535
7,62700	3511
7,62767	3488
7,62833	3466
7,62900	3445
7,62967	3424
7,63033	3404
7,63100	3385
7,63167	3367
7,63233	3350
7,63300	3333
7,63367	3315
7,63433	3298
7,63500	3280
7,63567	3262
7,63633	3244
7,63700	3226
7,63767	3207
7,63833	3188
7,63900	3168
7,63967	3148
7,64033	3127
7,64100	3107
7,64167	3086
7,64233	3065
7,64300	3045
7,64367	3025
7,64433	3006
7,64500	2986
7,64567	2966
7,64633	2946
7,64700	2926
7,64767	2905
7,64833	2884
7,64900	2862
7,64967	2840
7,65033	2817
7,65100	2794
7,65167	2770
7,65233	2746
7,65300	2721
7,65367	2697
7,65433	2672
7,65500	2648
7,65567	2625
7,65633	2602
7,65700	2579
7,65767	2557
7,65833	2535
7,65900	2514
7,65967	2493
7,66033	2472
7,66100	2452
7,66167	2432
7,66233	2413
7,66300	2394
7,66367	2375
7,66433	2356
7,66500	2338
7,66567	2319
7,66633	2301
7,66700	2283
7,66767	2265
7,66833	2248
7,66900	2231
7,66967	2215
7,67033	2199
7,67100	2184
7,67167	2169
7,67233	2154
7,67300	2139
7,67367	2124
7,67433	2110
7,67500	2096
7,67567	2082
7,67633	2069
7,67700	2055
7,67767	2041
7,67833	2027
7,67900	2014
7,67967	2001
7,68033	1987
7,68100	1974
7,68167	1961
7,68233	1947
7,68300	1933
7,68367	1919
7,68433	1906
7,68500	1892
7,68567	1878
7,68633	1865
7,68700	1851
7,68767	1838
7,68833	1825
7,68900	1813
7,68967	1802
7,69033	1791
7,69100	1780
7,69167	1769
7,69233	1759
7,69300	1749
7,69367	1739
7,69433	1729
7,69500	1719
7,69567	1709
7,69633	1699
7,69700	1689
7,69767	1679
7,69833	1669
7,69900	1659
7,69967	1648
7,70033	1637
7,70100	1626
7,70167	1615
7,70233	1604
7,70300	1592
7,70367	1580
7,70433	1568
7,70500	1556
7,70567	1543
7,70633	1531
7,70700	1519
7,70767	1507
7,70833	1495
7,70900	1484
7,70967	1472
7,71033	1461
7,71100	1449
7,71167	1437
7,71233	1426
7,71300	1414
7,71367	1402
7,71433	1390
7,71500	1379
7,71567	1367
7,71633	1355
7,71700	1344
7,71767	1333
7,71833	1322
7,71900	1311
7,71967	1301
7,72033	1291
7,72100	1282
7,72167	1272
7,72233	1263
7,72300	1254
7,72367	1245
7,72433	1237
7,72500	1228
7,72567	1219
7,72633	1211
7,72700	1203
7,72767	1195
7,72833	1187
7,72900	1180
7,72967	1173
7,73033	1165
7,73100	1158
7,73167	1151
7,73233	1144
7,73300	1137
7,73367	1131
7,73433	1124
7,73500	1118
7,73567	1111
7,73633	1105
7,73700	1098
7,73767	1092
7,73833	1085
7,73900	1079
7,73967	1072
7,74033	1066
7,74100	1060
7,74167	1054
7,74233	1048
7,74300	1042
7,74367	1036
7,74433	1030
7,74500	1024
7,74567	1017
7,74633	1011
7,74700	1005
7,74767	999
7,74833	993
7,74900	988
7,74967	982
7,75033	976
7,75100	970
7,75167	965
7,75233	960
7,75300	954
7,75367	949
7,75433	944
7,75500	939
7,75567	934
7,75633	928
7,75700	923
7,75767	918
7,75833	913
7,75900	907
7,75967	902
7,76033	897
7,76100	892
7,76167	888
7,76233	883
7,76300	878
7,76367	874
7,76433	870
7,76500	866
7,76567	862
7,76633	858
7,76700	853
7,76767	849
7,76833	845
7,76900	841
7,76967	837
7,77033	833
7,77100	829
7,77167	825
7,77233	822
7,77300	818
7,77367	815
7,77433	812
7,77500	809
7,77567	805
7,77633	802
7,77700	799
7,77767	795
7,77833	792
7,77900	789
7,77967	785
7,78033	782
7,78100	779
7,78167	776
7,78233	774
7,78300	771
7,78367	768
7,78433	766
7,78500	763
7,78567	761
7,78633	759
7,78700	756
7,78767	754
7,78833	752
7,78900	750
7,78967	748
7,79033	746
7,79100	744
7,79167	742
7,79233	740
7,79300	738
7,79367	736
7,79433	734
7,79500	732
7,79567	729
7,79633	727
7,79700	724
7,79767	721
7,79833	718
7,79900	715
7,79967	712
7,80033	709
7,80100	706
7,80167	702
7,80233	699
7,80300	695
7,80367	691
7,80433	687
7,80500	683
7,80567	679
7,80633	675
7,80700	670
7,80767	666
7,80833	662
7,80900	657
7,80967	653
7,81033	648
7,81100	643
7,81167	639
7,81233	634
7,81300	629
7,81367	625
7,81433	620
7,81500	616
7,81567	612
7,81633	607
7,81700	603
7,81767	599
7,81833	596
7,81900	592
7,81967	588
7,82033	585
7,82100	581
7,82167	578
7,82233	575
7,82300	572
7,82367	569
7,82433	566
7,82500	562
7,82567	559
7,82633	556
7,82700	554
7,82767	551
7,82833	548
7,82900	546
7,82967	543
7,83033	541
7,83100	538
7,83167	535
7,83233	533
7,83300	530
7,83367	528
7,83433	525
7,83500	523
7,83567	520
7,83633	518
7,83700	516
7,83767	514
7,83833	511
7,83900	509
7,83967	507
7,84033	505
7,84100	503
7,84167	501
7,84233	500
7,84300	498
7,84367	497
7,84433	496
7,84500	495
7,84567	494
7,84633	493
7,84700	492
7,84767	491
7,84833	491
7,84900	490
7,84967	489
7,85033	488
7,85100	487
7,85167	486
7,85233	485
7,85300	483
7,85367	482
7,85433	480
7,85500	478
7,85567	477
7,85633	475
7,85700	473
7,85767	471
7,85833	469
7,85900	466
7,85967	464
7,86033	462
7,86100	459
7,86167	456
7,86233	453
7,86300	451
7,86367	448
7,86433	446
7,86500	443
7,86567	441
7,86633	439
7,86700	437
7,86767	436
7,86833	434
7,86900	432
7,86967	430
7,87033	428
7,87100	426
7,87167	424
7,87233	422
7,87300	420
7,87367	418
7,87433	416
7,87500	415
7,87567	413
7,87633	412
7,87700	410
7,87767	409
7,87833	407
7,87900	406
7,87967	404
7,88033	403
7,88100	401
7,88167	400
7,88233	398
7,88300	396
7,88367	395
7,88433	393
7,88500	391
7,88567	389
7,88633	387
7,88700	385
7,88767	384
7,88833	382
7,88900	380
7,88967	378
7,89033	377
7,89100	375
7,89167	374
7,89233	372
7,89300	371
7,89367	369
7,89433	368
7,89500	367
7,89567	365
7,89633	364
7,89700	364
7,89767	363
7,89833	362
7,89900	362
7,89967	361
7,90033	361
7,90100	360
7,90167	359
7,90233	358
7,90300	357
7,90367	356
7,90433	355
7,90500	353
7,90567	352
7,90633	350
7,90700	348
7,90767	347
7,90833	345
7,90900	344
7,90967	342
7,91033	341
7,91100	339
7,91167	338
7,91233	336
7,91300	334
7,91367	333
7,91433	331
7,91500	330
7,91567	328
7,91633	327
7,91700	325
7,91767	324
7,91833	323
7,91900	321
7,91967	320
7,92033	319
7,92100	317
7,92167	316
7,92233	315
7,92300	314
7,92367	313
7,92433	312
7,92500	311
7,92567	310
7,92633	309
7,92700	308
7,92767	307
7,92833	305
7,92900	304
7,92967	303
7,93033	302
7,93100	301
7,93167	300
7,93233	298
7,93300	297
7,93367	296
7,93433	295
7,93500	294
7,93567	293
7,93633	291
7,93700	290
7,93767	289
7,93833	288
7,93900	287
7,93967	286
7,94033	285
7,94100	284
7,94167	283
7,94233	282
7,94300	281
7,94367	280
7,94433	280
7,94500	279
7,94567	278
7,94633	278
7,94700	277
7,94767	276
7,94833	275
7,94900	275
7,94967	274
7,95033	273
7,95100	272
7,95167	271
7,95233	271
7,95300	270
7,95367	269
7,95433	268
7,95500	267
7,95567	267
7,95633	266
7,95700	265
7,95767	265
7,95833	264
7,95900	263
7,95967	262
7,96033	262
7,96100	261
7,96167	260
7,96233	259
7,96300	259
7,96367	258
7,96433	258
7,96500	257
7,96567	256
7,96633	255
7,96700	255
7,96767	254
7,96833	253
7,96900	252
7,96967	251
7,97033	250
7,97100	249
7,97167	248
7,97233	247
7,97300	246
7,97367	245
7,97433	244
7,97500	244
7,97567	243
7,97633	242
7,97700	241
7,97767	240
7,97833	239
7,97900	239
7,97967	237
7,98033	236
7,98100	235
7,98167	234
7,98233	232
7,98300	231
7,98367	230
7,98433	229
7,98500	228
7,98567	227
7,98633	226
7,98700	225
7,98767	224
7,98833	224
7,98900	223
7,98967	223
7,99033	222
7,99100	221
7,99167	221
7,99233	220
7,99300	220
7,99367	220
7,99433	219
7,99500	219
7,99567	218
7,99633	218
7,99700	218
7,99767	219
7,99833	219
7,99900	219
7,99967	219
8,00033	219
8,00100	219
8,00167	219
8,00233	219
8,00300	218
8,00367	218
8,00433	218
8,00500	217
8,00567	217
8,00633	216
8,00700	215
8,00767	214
8,00833	213
8,00900	212
8,00967	211
8,01033	210
8,01100	209
8,01167	208
8,01233	207
8,01300	206
8,01367	205
8,01433	204
8,01500	203
8,01567	202
8,01633	200
8,01700	199
8,01767	199
8,01833	198
8,01900	197
8,01967	196
8,02033	195
8,02100	194
8,02167	193
8,02233	193
8,02300	192
8,02367	191
8,02433	190
8,02500	189
8,02567	189
8,02633	188
8,02700	187
8,02767	187
8,02833	186
8,02900	185
8,02967	185
8,03033	184
8,03100	184
8,03167	183
8,03233	183
8,03300	183
8,03367	182
8,03433	182
8,03500	181
8,03567	181
8,03633	181
8,03700	180
8,03767	180
8,03833	179
8,03900	179
8,03967	179
8,04033	179
8,04100	179
8,04167	178
8,04233	178
8,04300	178
8,04367	178
8,04433	178
8,04500	178
8,04567	178
8,04633	177
8,04700	177
8,04767	177
8,04833	177
8,04900	177
8,04967	177
8,05033	176
8,05100	176
8,05167	176
8,05233	176
8,05300	175
8,05367	175
8,05433	174
8,05500	174
8,05567	173
8,05633	173
8,05700	172
8,05767	172
8,05833	172
8,05900	171
8,05967	171
8,06033	171
8,06100	171
8,06167	170
8,06233	170
8,06300	170
8,06367	169
8,06433	169
8,06500	168
8,06567	168
8,06633	168
8,06700	167
8,06767	167
8,06833	166
8,06900	166
8,06967	166
8,07033	165
8,07100	165
8,07167	164
8,07233	164
8,07300	163
8,07367	163
8,07433	162
8,07500	162
8,07567	162
8,07633	161
8,07700	161
8,07767	161
8,07833	160
8,07900	160
8,07967	160
8,08033	159
8,08100	159
8,08167	159
8,08233	158
8,08300	158
8,08367	157
8,08433	157
8,08500	156
8,08567	156
8,08633	155
8,08700	155
8,08767	155
8,08833	154
8,08900	154
8,08967	153
8,09033	153
8,09100	153
8,09167	152
8,09233	152
8,09300	152
8,09367	152
8,09433	151
8,09500	151
8,09567	151
8,09633	151
8,09700	150
8,09767	150
8,09833	150
8,09900	149
8,09967	149
8,10033	149
8,10100	148
8,10167	148
8,10233	147
8,10300	147
8,10367	146
8,10433	146
8,10500	145
8,10567	145
8,10633	144
8,10700	143
8,10767	143
8,10833	142
8,10900	142
8,10967	141
8,11033	140
8,11100	140
8,11167	139
8,11233	139
8,11300	138
8,11367	138
8,11433	137
8,11500	137
8,11567	136
8,11633	136
8,11700	136
8,11767	135
8,11833	135
8,11900	135
8,11967	134
8,12033	134
8,12100	133
8,12167	133
8,12233	132
8,12300	132
8,12367	131
8,12433	131
8,12500	130
8,12567	130
8,12633	130
8,12700	129
8,12767	129
8,12833	129
8,12900	128
8,12967	128
8,13033	128
8,13100	128
8,13167	128
8,13233	127
8,13300	127
8,13367	128
8,13433	128
8,13500	128
8,13567	128
8,13633	128
8,13700	128
8,13767	128
8,13833	128
8,13900	128
8,13967	127
8,14033	127
8,14100	127
8,14167	127
8,14233	127
8,14300	127
8,14367	127
8,14433	127
8,14500	127
8,14567	127
8,14633	127
8,14700	126
8,14767	126
8,14833	125
8,14900	125
8,14967	125
8,15033	124
8,15100	124
8,15167	123
8,15233	123
8,15300	122
8,15367	122
8,15433	122
8,15500	122
8,15567	122
8,15633	122
8,15700	122
8,15767	122
8,15833	122
8,15900	122
8,15967	122
8,16033	122
8,16100	122
8,16167	121
8,16233	121
8,16300	121
8,16367	120
8,16433	120
8,16500	119
8,16567	119
8,16633	118
8,16700	118
8,16767	117
8,16833	117
8,16900	116
8,16967	116
8,17033	116
8,17100	115
8,17167	115
8,17233	115
8,17300	115
8,17367	115
8,17433	114
8,17500	114
8,17567	114
8,17633	113
8,17700	113
8,17767	112
8,17833	112
8,17900	112
8,17967	111
8,18033	111
8,18100	111
8,18167	111
8,18233	110
8,18300	110
8,18367	110
8,18433	110
8,18500	109
8,18567	109
8,18633	109
8,18700	108
8,18767	108
8,18833	108
8,18900	108
8,18967	108
8,19033	107
8,19100	107
8,19167	107
8,19233	107
8,19300	106
8,19367	106
8,19433	105
8,19500	105
8,19567	104
8,19633	104
8,19700	103
8,19767	103
8,19833	103
8,19900	102
8,19967	102
8,20033	102
8,20100	102
8,20167	102
8,20233	102
8,20300	102
8,20367	102
8,20433	101
8,20500	101
8,20567	101
8,20633	101
8,20700	101
8,20767	101
8,20833	101
8,20900	101
8,20967	101
8,21033	102
8,21100	102
8,21167	102
8,21233	102
8,21300	102
8,21367	102
8,21433	102
8,21500	102
8,21567	102
8,21633	102
8,21700	102
8,21767	102
8,21833	102
8,21900	102
8,21967	102
8,22033	102
8,22100	102
8,22167	102
8,22233	102
8,22300	102
8,22367	102
8,22433	102
8,22500	102
8,22567	102
8,22633	101
8,22700	101
8,22767	100
8,22833	100
8,22900	100
8,22967	99
8,23033	99
8,23100	99
8,23167	98
8,23233	98
8,23300	97
8,23367	97
8,23433	96
8,23500	95
8,23567	95
8,23633	94
8,23700	93
8,23767	93
8,23833	92
8,23900	92
8,23967	91
8,24033	91
8,24100	91
8,24167	90
8,24233	90
8,24300	90
8,24367	90
8,24433	90
8,24500	90
8,24567	90
8,24633	89
8,24700	89
8,24767	89
8,24833	89
8,24900	88
8,24967	88
8,25033	88
8,25100	88
8,25167	88
8,25233	88
8,25300	88
8,25367	88
8,25433	88
8,25500	88
8,25567	88
8,25633	88
8,25700	88
8,25767	88
8,25833	89
8,25900	89
8,25967	89
8,26033	89
8,26100	89
8,26167	89
8,26233	90
8,26300	90
8,26367	90
8,26433	90
8,26500	90
8,26567	89
8,26633	89
8,26700	89
8,26767	88
8,26833	88
8,26900	87
8,26967	87
8,27033	87
8,27100	86
8,27167	86
8,27233	86
8,27300	85
8,27367	85
8,27433	85
8,27500	85
8,27567	84
8,27633	84
8,27700	84
8,27767	83
8,27833	83
8,27900	82
8,27967	82
8,28033	82
8,28100	82
8,28167	81
8,28233	81
8,28300	81
8,28367	81
8,28433	81
8,28500	80
8,28567	80
8,28633	80
8,28700	80
8,28767	80
8,28833	80
8,28900	80
8,28967	80
8,29033	80
8,29100	80
8,29167	80
8,29233	81
8,29300	81
8,29367	81
8,29433	81
8,29500	82
8,29567	82
8,29633	82
8,29700	83
8,29767	83
8,29833	84
8,29900	85
8,29967	86
8,30033	87
8,30100	88
8,30167	90
8,30233	91
8,30300	93
8,30367	95
8,30433	97
8,30500	100
8,30567	102
8,30633	105
8,30700	108
8,30767	112
8,30833	115
8,30900	119
8,30967	123
8,31033	126
8,31100	130
8,31167	134
8,31233	138
8,31300	142
8,31367	146
8,31433	150
8,31500	154
8,31567	158
8,31633	162
8,31700	165
8,31767	169
8,31833	172
8,31900	175
8,31967	178
8,32033	181
8,32100	183
8,32167	185
8,32233	187
8,32300	188
8,32367	190
8,32433	191
8,32500	192
8,32567	193
8,32633	193
8,32700	193
8,32767	193
8,32833	193
8,32900	193
8,32967	192
8,33033	191
8,33100	190
8,33167	189
8,33233	187
8,33300	186
8,33367	184
8,33433	182
8,33500	181
8,33567	179
8,33633	178
8,33700	177
8,33767	175
8,33833	174
8,33900	173
8,33967	173
8,34033	172
8,34100	172
8,34167	171
8,34233	171
8,34300	170
8,34367	170
8,34433	170
8,34500	170
8,34567	170
8,34633	170
8,34700	171
8,34767	171
8,34833	172
8,34900	172
8,34967	173
8,35033	174
8,35100	174
8,35167	175
8,35233	175
8,35300	175
8,35367	175
8,35433	175
8,35500	175
8,35567	175
8,35633	175
8,35700	175
8,35767	175
8,35833	174
8,35900	173
8,35967	173
8,36033	172
8,36100	171
8,36167	170
8,36233	170
8,36300	169
8,36367	167
8,36433	166
8,36500	165
8,36567	164
8,36633	163
8,36700	161
8,36767	160
8,36833	159
8,36900	157
8,36967	156
8,37033	154
8,37100	152
8,37167	151
8,37233	150
8,37300	148
8,37367	147
8,37433	145
8,37500	144
8,37567	142
8,37633	141
8,37700	139
8,37767	138
8,37833	136
8,37900	135
8,37967	133
8,38033	132
8,38100	130
8,38167	129
8,38233	127
8,38300	126
8,38367	124
8,38433	123
8,38500	122
8,38567	120
8,38633	119
8,38700	118
8,38767	117
8,38833	116
8,38900	115
8,38967	114
8,39033	113
8,39100	112
8,39167	111
8,39233	110
8,39300	109
8,39367	109
8,39433	108
8,39500	108
8,39567	107
8,39633	106
8,39700	106
8,39767	105
8,39833	104
8,39900	104
8,39967	103
8,40033	103
8,40100	102
8,40167	101
8,40233	101
8,40300	100
8,40367	99
8,40433	98
8,40500	98
8,40567	97
8,40633	96
8,40700	95
8,40767	94
8,40833	94
8,40900	93
8,40967	92
8,41033	92
8,41100	91
8,41167	90
8,41233	90
8,41300	89
8,41367	88
8,41433	88
8,41500	87
8,41567	87
8,41633	86
8,41700	85
8,41767	85
8,41833	84
8,41900	84
8,41967	84
8,42033	84
8,42100	83
8,42167	83
8,42233	83
8,42300	83
8,42367	82
8,42433	82
8,42500	82
8,42567	82
8,42633	81
8,42700	81
8,42767	80
8,42833	80
8,42900	79
8,42967	79
8,43033	78
8,43100	78
8,43167	77
8,43233	76
8,43300	76
8,43367	75
8,43433	75
8,43500	74
8,43567	74
8,43633	73
8,43700	73
8,43767	72
8,43833	72
8,43900	71
8,43967	71
8,44033	70
8,44100	70
8,44167	70
8,44233	69
8,44300	69
8,44367	69
8,44433	69
8,44500	69
8,44567	69
8,44633	69
8,44700	68
8,44767	68
8,44833	68
8,44900	67
8,44967	67
8,45033	67
8,45100	66
8,45167	66
8,45233	66
8,45300	66
8,45367	66
8,45433	67
8,45500	67
8,45567	67
8,45633	67
8,45700	67
8,45767	67
8,45833	66
8,45900	66
8,45967	66
8,46033	66
8,46100	66
8,46167	66
8,46233	65
8,46300	65
8,46367	65
8,46433	65
8,46500	65
8,46567	65
8,46633	65
8,46700	64
8,46767	64
8,46833	64
8,46900	64
8,46967	63
8,47033	63
8,47100	62
8,47167	62
8,47233	62
8,47300	62
8,47367	62
8,47433	62
8,47500	62
8,47567	63
8,47633	63
8,47700	63
8,47767	63
8,47833	64
8,47900	64
8,47967	64
8,48033	64
8,48100	64
8,48167	64
8,48233	64
8,48300	64
8,48367	64
8,48433	64
8,48500	64
8,48567	64
8,48633	64
8,48700	64
8,48767	64
8,48833	64
8,48900	64
8,48967	64
8,49033	64
8,49100	64
8,49167	65
8,49233	65
8,49300	65
8,49367	65
8,49433	65
8,49500	65
8,49567	64
8,49633	64
8,49700	64
8,49767	64
8,49833	64
8,49900	63
8,49967	63
8,50033	63
8,50100	63
8,50167	63
8,50233	63
8,50300	63
8,50367	63
8,50433	62
8,50500	62
8,50567	62
8,50633	62
8,50700	62
8,50767	62
8,50833	62
8,50900	62
8,50967	62
8,51033	62
8,51100	61
8,51167	61
8,51233	61
8,51300	61
8,51367	60
8,51433	60
8,51500	60
8,51567	60
8,51633	60
8,51700	60
8,51767	59
8,51833	59
8,51900	59
8,51967	59
8,52033	59
8,52100	59
8,52167	59
8,52233	59
8,52300	59
8,52367	59
8,52433	59
8,52500	59
8,52567	59
8,52633	59
8,52700	59
8,52767	59
8,52833	59
8,52900	59
8,52967	59
8,53033	59
8,53100	59
8,53167	60
8,53233	60
8,53300	61
8,53367	61
8,53433	61
8,53500	62
8,53567	62
8,53633	62
8,53700	63
8,53767	63
8,53833	63
8,53900	63
8,53967	63
8,54033	63
8,54100	63
8,54167	63
8,54233	63
8,54300	63
8,54367	63
8,54433	63
8,54500	63
8,54567	63
8,54633	63
8,54700	63
8,54767	63
8,54833	63
8,54900	63
8,54967	62
8,55033	62
8,55100	62
8,55167	61
8,55233	61
8,55300	61
8,55367	60
8,55433	60
8,55500	60
8,55567	60
8,55633	59
8,55700	59
8,55767	58
8,55833	58
8,55900	58
8,55967	57
8,56033	57
8,56100	56
8,56167	56
8,56233	56
8,56300	56
8,56367	56
8,56433	55
8,56500	55
8,56567	55
8,56633	54
8,56700	54
8,56767	54
8,56833	53
8,56900	53
8,56967	52
8,57033	52
8,57100	52
8,57167	52
8,57233	52
8,57300	53
8,57367	53
8,57433	53
8,57500	53
8,57567	53
8,57633	53
8,57700	53
8,57767	53
8,57833	53
8,57900	53
8,57967	53
8,58033	53
8,58100	53
8,58167	53
8,58233	53
8,58300	53
8,58367	53
8,58433	53
8,58500	53
8,58567	54
8,58633	54
8,58700	54
8,58767	54
8,58833	54
8,58900	53
8,58967	53
8,59033	53
8,59100	53
8,59167	53
8,59233	53
8,59300	53
8,59367	52
8,59433	53
8,59500	53
8,59567	53
8,59633	53
8,59700	53
8,59767	53
8,59833	53
8,59900	53
8,59967	53
8,60033	52
8,60100	52
8,60167	52
8,60233	52
8,60300	53
8,60367	53
8,60433	53
8,60500	53
8,60567	53
8,60633	53
8,60700	53
8,60767	53
8,60833	53
8,60900	53
8,60967	53
8,61033	53
8,61100	53
8,61167	53
8,61233	53
8,61300	52
8,61367	52
8,61433	52
8,61500	52
8,61567	51
8,61633	51
8,61700	51
8,61767	51
8,61833	50
8,61900	50
8,61967	49
8,62033	49
8,62100	48
8,62167	48
8,62233	47
8,62300	47
8,62367	47
8,62433	47
8,62500	47
8,62567	47
8,62633	47
8,62700	47
8,62767	47
8,62833	47
8,62900	47
8,62967	47
8,63033	47
8,63100	47
8,63167	47
8,63233	47
8,63300	47
8,63367	47
8,63433	46
8,63500	46
8,63567	46
8,63633	46
8,63700	46
8,63767	45
8,63833	45
8,63900	45
8,63967	46
8,64033	46
8,64100	46
8,64167	46
8,64233	47
8,64300	47
8,64367	47
8,64433	47
8,64500	47
8,64567	47
8,64633	48
8,64700	48
8,64767	48
8,64833	49
8,64900	49
8,64967	49
8,65033	49
8,65100	49
8,65167	49
8,65233	49
8,65300	49
8,65367	49
8,65433	49
8,65500	49
8,65567	49
8,65633	49
8,65700	49
8,65767	49
8,65833	49
8,65900	49
8,65967	49
8,66033	50
8,66100	50
8,66167	50
8,66233	50
8,66300	50
8,66367	51
8,66433	51
8,66500	51
8,66567	51
8,66633	51
8,66700	51
8,66767	51
8,66833	51
8,66900	51
8,66967	51
8,67033	51
8,67100	51
8,67167	51
8,67233	51
8,67300	51
8,67367	50
8,67433	50
8,67500	50
8,67567	50
8,67633	49
8,67700	49
8,67767	49
8,67833	49
8,67900	49
8,67967	49
8,68033	49
8,68100	49
8,68167	49
8,68233	49
8,68300	49
8,68367	49
8,68433	48
8,68500	48
8,68567	48
8,68633	48
8,68700	48
8,68767	48
8,68833	48
8,68900	48
8,68967	48
8,69033	48
8,69100	48
8,69167	48
8,69233	48
8,69300	47
8,69367	47
8,69433	47
8,69500	47
8,69567	47
8,69633	47
8,69700	47
8,69767	47
8,69833	46
8,69900	46
8,69967	46
8,70033	46
8,70100	46
8,70167	46
8,70233	46
8,70300	46
8,70367	46
8,70433	46
8,70500	46
8,70567	46
8,70633	45
8,70700	45
8,70767	45
8,70833	45
8,70900	45
8,70967	45
8,71033	44
8,71100	44
8,71167	44
8,71233	44
8,71300	43
8,71367	43
8,71433	43
8,71500	43
8,71567	43
8,71633	43
8,71700	43
8,71767	42
8,71833	42
8,71900	42
8,71967	42
8,72033	41
8,72100	41
8,72167	41
8,72233	41
8,72300	42
8,72367	42
8,72433	42
8,72500	41
8,72567	41
8,72633	41
8,72700	41
8,72767	41
8,72833	41
8,72900	41
8,72967	41
8,73033	41
8,73100	41
8,73167	41
8,73233	41
8,73300	41
8,73367	41
8,73433	41
8,73500	41
8,73567	42
8,73633	42
8,73700	42
8,73767	42
8,73833	42
8,73900	42
8,73967	42
8,74033	42
8,74100	42
8,74167	43
8,74233	43
8,74300	43
8,74367	44
8,74433	44
8,74500	44
8,74567	45
8,74633	45
8,74700	45
8,74767	45
8,74833	45
8,74900	45
8,74967	45
8,75033	45
8,75100	44
8,75167	44
8,75233	44
8,75300	44
8,75367	44
8,75433	44
8,75500	44
8,75567	44
8,75633	44
8,75700	44
8,75767	44
8,75833	44
8,75900	43
8,75967	43
8,76033	43
8,76100	43
8,76167	43
8,76233	43
8,76300	43
8,76367	43
8,76433	43
8,76500	43
8,76567	43
8,76633	43
8,76700	43
8,76767	43
8,76833	43
8,76900	44
8,76967	44
8,77033	44
8,77100	44
8,77167	44
8,77233	44
8,77300	43
8,77367	43
8,77433	43
8,77500	43
8,77567	43
8,77633	43
8,77700	43
8,77767	43
8,77833	43
8,77900	43
8,77967	43
8,78033	44
8,78100	44
8,78167	44
8,78233	44
8,78300	44
8,78367	44
8,78433	44
8,78500	45
8,78567	45
8,78633	45
8,78700	45
8,78767	46
8,78833	46
8,78900	46
8,78967	46
8,79033	46
8,79100	46
8,79167	47
8,79233	47
8,79300	46
8,79367	46
8,79433	46
8,79500	46
8,79567	46
8,79633	46
8,79700	46
8,79767	46
8,79833	46
8,79900	46
8,79967	46
8,80033	46
8,80100	46
8,80167	45
8,80233	45
8,80300	45
8,80367	45
8,80433	45
8,80500	45
8,80567	44
8,80633	44
8,80700	44
8,80767	44
8,80833	44
8,80900	44
8,80967	44
8,81033	44
8,81100	44
8,81167	44
8,81233	44
8,81300	44
8,81367	44
8,81433	44
8,81500	44
8,81567	44
8,81633	44
8,81700	44
8,81767	45
8,81833	45
8,81900	45
8,81967	46
8,82033	46
8,82100	46
8,82167	46
8,82233	46
8,82300	46
8,82367	46
8,82433	46
8,82500	46
8,82567	46
8,82633	46
8,82700	47
8,82767	47
8,82833	47
8,82900	47
8,82967	47
8,83033	47
8,83100	47
8,83167	47
8,83233	47
8,83300	47
8,83367	47
8,83433	47
8,83500	47
8,83567	47
8,83633	47
8,83700	47
8,83767	47
8,83833	47
8,83900	47
8,83967	47
8,84033	47
8,84100	47
8,84167	47
8,84233	47
8,84300	47
8,84367	46
8,84433	46
8,84500	46
8,84567	46
8,84633	46
8,84700	46
8,84767	46
8,84833	46
8,84900	47
8,84967	47
8,85033	47
8,85100	47
8,85167	47
8,85233	47
8,85300	47
8,85367	47
8,85433	47
8,85500	47
8,85567	47
8,85633	46
8,85700	46
8,85767	46
8,85833	46
8,85900	46
8,85967	46
8,86033	46
8,86100	46
8,86167	46
8,86233	46
8,86300	46
8,86367	46
8,86433	47
8,86500	47
8,86567	47
8,86633	47
8,86700	47
8,86767	47
8,86833	47
8,86900	47
8,86967	47
8,87033	47
8,87100	47
8,87167	47
8,87233	47
8,87300	47
8,87367	47
8,87433	46
8,87500	46
8,87567	46
8,87633	46
8,87700	46
8,87767	46
8,87833	46
8,87900	46
8,87967	45
8,88033	46
8,88100	46
8,88167	46
8,88233	46
8,88300	46
8,88367	46
8,88433	47
8,88500	47
8,88567	47
8,88633	47
8,88700	47
8,88767	47
8,88833	47
8,88900	48
8,88967	48
8,89033	48
8,89100	49
8,89167	49
8,89233	49
8,89300	49
8,89367	50
8,89433	50
8,89500	50
8,89567	50
8,89633	50
8,89700	50
8,89767	50
8,89833	49
8,89900	49
8,89967	49
8,90033	49
8,90100	49
8,90167	48
8,90233	48
8,90300	48
8,90367	48
8,90433	48
8,90500	48
8,90567	49
8,90633	49
8,90700	49
8,90767	49
8,90833	49
8,90900	49
8,90967	50
8,91033	50
8,91100	50
8,91167	50
8,91233	50
8,91300	50
8,91367	50
8,91433	50
8,91500	50
8,91567	50
8,91633	50
8,91700	50
8,91767	50
8,91833	50
8,91900	50
8,91967	50
8,92033	50
8,92100	50
8,92167	49
8,92233	49
8,92300	49
8,92367	49
8,92433	49
8,92500	49
8,92567	49
8,92633	48
8,92700	48
8,92767	47
8,92833	47
8,92900	46
8,92967	46
8,93033	45
8,93100	45
8,93167	44
8,93233	44
8,93300	44
8,93367	44
8,93433	44
8,93500	44
8,93567	44
8,93633	44
8,93700	44
8,93767	44
8,93833	44
8,93900	44
8,93967	43
8,94033	43
8,94100	43
8,94167	43
8,94233	42
8,94300	42
8,94367	42
8,94433	42
8,94500	42
8,94567	42
8,94633	42
8,94700	42
8,94767	42
8,94833	42
8,94900	42
8,94967	42
8,95033	42
8,95100	42
8,95167	42
8,95233	42
8,95300	42
8,95367	42
8,95433	42
8,95500	42
8,95567	42
8,95633	42
8,95700	42
8,95767	42
8,95833	42
8,95900	42
8,95967	42
8,96033	42
8,96100	42
8,96167	42
8,96233	42
8,96300	42
8,96367	42
8,96433	42
8,96500	43
8,96567	43
8,96633	43
8,96700	43
8,96767	44
8,96833	44
8,96900	44
8,96967	44
8,97033	44
8,97100	44
8,97167	44
8,97233	44
8,97300	44
8,97367	44
8,97433	44
8,97500	44
8,97567	45
8,97633	45
8,97700	45
8,97767	45
8,97833	46
8,97900	46
8,97967	46
8,98033	46
8,98100	46
8,98167	46
8,98233	45
8,98300	45
8,98367	45
8,98433	45
8,98500	44
8,98567	44
8,98633	43
8,98700	43
8,98767	42
8,98833	42
8,98900	42
8,98967	41
8,99033	41
8,99100	41
8,99167	41
8,99233	41
8,99300	41
8,99367	42
8,99433	42
8,99500	42
8,99567	42
8,99633	42
8,99700	42
8,99767	42
8,99833	43
8,99900	43
8,99967	43
9,00033	43
9,00100	43
9,00167	44
9,00233	44
9,00300	44
9,00367	44
9,00433	44
9,00500	44
9,00567	44
9,00633	44
9,00700	45
9,00767	45
9,00833	45
9,00900	45
9,00967	45
9,01033	45
9,01100	46
9,01167	46
9,01233	46
9,01300	46
9,01367	46
9,01433	46
9,01500	46
9,01567	46
9,01633	46
9,01700	46
9,01767	46
9,01833	46
9,01900	46
9,01967	46
9,02033	46
9,02100	45
9,02167	45
9,02233	45
9,02300	45
9,02367	45
9,02433	46
9,02500	46
9,02567	45
9,02633	45
9,02700	45
9,02767	45
9,02833	45
9,02900	45
9,02967	45
9,03033	44
9,03100	44
9,03167	44
9,03233	43
9,03300	43
9,03367	43
9,03433	43
9,03500	42
9,03567	42
9,03633	42
9,03700	42
9,03767	41
9,03833	41
9,03900	41
9,03967	41
9,04033	41
9,04100	41
9,04167	41
9,04233	42
9,04300	42
9,04367	42
9,04433	42
9,04500	42
9,04567	42
9,04633	42
9,04700	42
9,04767	42
9,04833	42
9,04900	42
9,04967	41
9,05033	41
9,05100	41
9,05167	41
9,05233	42
9,05300	42
9,05367	42
9,05433	42
9,05500	42
9,05567	42
9,05633	42
9,05700	42
9,05767	42
9,05833	42
9,05900	42
9,05967	42
9,06033	42
9,06100	42
9,06167	42
9,06233	42
9,06300	42
9,06367	42
9,06433	42
9,06500	42
9,06567	42
9,06633	42
9,06700	42
9,06767	42
9,06833	42
9,06900	42
9,06967	41
9,07033	41
9,07100	41
9,07167	41
9,07233	41
9,07300	41
9,07367	41
9,07433	41
9,07500	41
9,07567	42
9,07633	42
9,07700	42
9,07767	42
9,07833	42
9,07900	42
9,07967	42
9,08033	42
9,08100	42
9,08167	42
9,08233	42
9,08300	42
9,08367	42
9,08433	42
9,08500	42
9,08567	42
9,08633	42
9,08700	43
9,08767	43
9,08833	43
9,08900	42
9,08967	42
9,09033	42
9,09100	42
9,09167	42
9,09233	42
9,09300	42
9,09367	42
9,09433	42
9,09500	43
9,09567	43
9,09633	43
9,09700	43
9,09767	43
9,09833	43
9,09900	44
9,09967	44
9,10033	44
9,10100	44
9,10167	44
9,10233	44
9,10300	44
9,10367	44
9,10433	44
9,10500	44
9,10567	44
9,10633	44
9,10700	44
9,10767	44
9,10833	44
9,10900	44
9,10967	43
9,11033	43
9,11100	43
9,11167	42
9,11233	42
9,11300	42
9,11367	42
9,11433	42
9,11500	42
9,11567	42
9,11633	42
9,11700	43
9,11767	43
9,11833	43
9,11900	43
9,11967	43
9,12033	44
9,12100	44
9,12167	44
9,12233	44
9,12300	45
9,12367	45
9,12433	45
9,12500	45
9,12567	45
9,12633	45
9,12700	46
9,12767	46
9,12833	46
9,12900	46
9,12967	46
9,13033	46
9,13100	46
9,13167	45
9,13233	45
9,13300	45
9,13367	45
9,13433	44
9,13500	44
9,13567	44
9,13633	44
9,13700	44
9,13767	44
9,13833	44
9,13900	44
9,13967	44
9,14033	44
9,14100	44
9,14167	44
9,14233	44
9,14300	44
9,14367	43
9,14433	43
9,14500	43
9,14567	43
9,14633	43
9,14700	43
9,14767	43
9,14833	43
9,14900	43
9,14967	43
9,15033	43
9,15100	42
9,15167	42
9,15233	42
9,15300	42
9,15367	41
9,15433	41
9,15500	41
9,15567	40
9,15633	40
9,15700	40
9,15767	39
9,15833	39
9,15900	39
9,15967	39
9,16033	39
9,16100	39
9,16167	39
9,16233	39
9,16300	39
9,16367	39
9,16433	39
9,16500	39
9,16567	39
9,16633	39
9,16700	39
9,16767	39
9,16833	39
9,16900	39
9,16967	39
9,17033	39
9,17100	39
9,17167	39
9,17233	39
9,17300	39
9,17367	39
9,17433	39
9,17500	40
9,17567	40
9,17633	40
9,17700	40
9,17767	40
9,17833	40
9,17900	40
9,17967	40
9,18033	40
9,18100	40
9,18167	41
9,18233	41
9,18300	41
9,18367	41
9,18433	41
9,18500	41
9,18567	41
9,18633	41
9,18700	41
9,18767	41
9,18833	41
9,18900	41
9,18967	41
9,19033	41
9,19100	41
9,19167	41
9,19233	41
9,19300	41
9,19367	41
9,19433	41
9,19500	41
9,19567	40
9,19633	40
9,19700	40
9,19767	39
9,19833	39
9,19900	39
9,19967	39
9,20033	40
9,20100	40
9,20167	40
9,20233	41
9,20300	41
9,20367	41
9,20433	42
9,20500	42
9,20567	42
9,20633	42
9,20700	42
9,20767	42
9,20833	42
9,20900	43
9,20967	43
9,21033	43
9,21100	43
9,21167	43
9,21233	43
9,21300	43
9,21367	43
9,21433	43
9,21500	43
9,21567	44
9,21633	44
9,21700	44
9,21767	44
9,21833	44
9,21900	44
9,21967	44
9,22033	44
9,22100	44
9,22167	43
9,22233	43
9,22300	43
9,22367	43
9,22433	43
9,22500	43
9,22567	43
9,22633	43
9,22700	43
9,22767	43
9,22833	43
9,22900	43
9,22967	42
9,23033	42
9,23100	42
9,23167	42
9,23233	43
9,23300	43
9,23367	43
9,23433	43
9,23500	43
9,23567	43
9,23633	43
9,23700	43
9,23767	43
9,23833	43
9,23900	43
9,23967	43
9,24033	43
9,24100	43
9,24167	43
9,24233	42
9,24300	42
9,24367	42
9,24433	42
9,24500	42
9,24567	42
9,24633	42
9,24700	42
9,24767	42
9,24833	42
9,24900	42
9,24967	42
9,25033	42
9,25100	42
9,25167	42
9,25233	42
9,25300	42
9,25367	42
9,25433	42
9,25500	42
9,25567	42
9,25633	43
9,25700	43
9,25767	43
9,25833	43
9,25900	43
9,25967	43
9,26033	44
9,26100	44
9,26167	44
9,26233	44
9,26300	44
9,26367	44
9,26433	44
9,26500	44
9,26567	44
9,26633	44
9,26700	44
9,26767	44
9,26833	43
9,26900	43
9,26967	43
9,27033	43
9,27100	42
9,27167	42
9,27233	42
9,27300	42
9,27367	42
9,27433	41
9,27500	41
9,27567	41
9,27633	41
9,27700	41
9,27767	41
9,27833	41
9,27900	41
9,27967	41
9,28033	41
9,28100	40
9,28167	40
9,28233	40
9,28300	40
9,28367	40
9,28433	40
9,28500	40
9,28567	40
9,28633	40
9,28700	40
9,28767	40
9,28833	40
9,28900	40
9,28967	40
9,29033	40
9,29100	39
9,29167	39
9,29233	39
9,29300	39
9,29367	39
9,29433	39
9,29500	39
9,29567	39
9,29633	39
9,29700	39
9,29767	39
9,29833	39
9,29900	39
9,29967	39
9,30033	39
9,30100	39
9,30167	39
9,30233	39
9,30300	39
9,30367	40
9,30433	40
9,30500	40
9,30567	41
9,30633	41
9,30700	41
9,30767	41
9,30833	42
9,30900	42
9,30967	42
9,31033	42
9,31100	42
9,31167	42
9,31233	42
9,31300	42
9,31367	41
9,31433	41
9,31500	41
9,31567	41
9,31633	41
9,31700	41
9,31767	41
9,31833	41
9,31900	41
9,31967	41
9,32033	41
9,32100	42
9,32167	42
9,32233	42
9,32300	42
9,32367	42
9,32433	42
9,32500	42
9,32567	42
9,32633	42
9,32700	42
9,32767	42
9,32833	42
9,32900	42
9,32967	42
9,33033	41
9,33100	41
9,33167	41
9,33233	41
9,33300	41
9,33367	41
9,33433	40
9,33500	40
9,33567	40
9,33633	40
9,33700	40
9,33767	40
9,33833	40
9,33900	40
9,33967	40
9,34033	40
9,34100	40
9,34167	40
9,34233	41
9,34300	41
9,34367	41
9,34433	41
9,34500	41
9,34567	41
9,34633	41
9,34700	41
9,34767	41
9,34833	41
9,34900	42
9,34967	42
9,35033	42
9,35100	43
9,35167	43
9,35233	43
9,35300	44
9,35367	44
9,35433	44
9,35500	44
9,35567	44
9,35633	44
9,35700	44
9,35767	44
9,35833	45
9,35900	45
9,35967	45
9,36033	45
9,36100	45
9,36167	45
9,36233	45
9,36300	45
9,36367	45
9,36433	45
9,36500	44
9,36567	44
9,36633	44
9,36700	43
9,36767	43
9,36833	43
9,36900	42
9,36967	42
9,37033	42
9,37100	42
9,37167	42
9,37233	42
9,37300	43
9,37367	43
9,37433	43
9,37500	43
9,37567	43
9,37633	42
9,37700	42
9,37767	42
9,37833	42
9,37900	41
9,37967	41
9,38033	41
9,38100	40
9,38167	40
9,38233	40
9,38300	41
9,38367	41
9,38433	41
9,38500	41
9,38567	41
9,38633	41
9,38700	41
9,38767	41
9,38833	41
9,38900	41
9,38967	41
9,39033	41
9,39100	41
9,39167	41
9,39233	41
9,39300	41
9,39367	41
9,39433	41
9,39500	41
9,39567	42
9,39633	42
9,39700	42
9,39767	42
9,39833	42
9,39900	42
9,39967	42
9,40033	42
9,40100	42
9,40167	42
9,40233	41
9,40300	41
9,40367	41
9,40433	41
9,40500	41
9,40567	41
9,40633	41
9,40700	41
9,40767	41
9,40833	41
9,40900	41
9,40967	40
9,41033	40
9,41100	41
9,41167	41
9,41233	41
9,41300	41
9,41367	42
9,41433	42
9,41500	42
9,41567	43
9,41633	43
9,41700	44
9,41767	44
9,41833	45
9,41900	46
9,41967	47
9,42033	47
9,42100	48
9,42167	49
9,42233	50
9,42300	51
9,42367	52
9,42433	52
9,42500	53
9,42567	54
9,42633	55
9,42700	56
9,42767	57
9,42833	57
9,42900	58
9,42967	58
9,43033	58
9,43100	58
9,43167	58
9,43233	58
9,43300	58
9,43367	58
9,43433	58
9,43500	58
9,43567	58
9,43633	58
9,43700	58
9,43767	58
9,43833	57
9,43900	57
9,43967	57
9,44033	56
9,44100	55
9,44167	55
9,44233	54
9,44300	54
9,44367	53
9,44433	53
9,44500	52
9,44567	52
9,44633	51
9,44700	51
9,44767	50
9,44833	50
9,44900	49
9,44967	49
9,45033	48
9,45100	48
9,45167	47
9,45233	47
9,45300	46
9,45367	46
9,45433	46
9,45500	45
9,45567	45
9,45633	45
9,45700	44
9,45767	44
9,45833	43
9,45900	43
9,45967	43
9,46033	42
9,46100	42
9,46167	42
9,46233	42
9,46300	42
9,46367	42
9,46433	42
9,46500	42
9,46567	42
9,46633	42
9,46700	42
9,46767	42
9,46833	41
9,46900	41
9,46967	41
9,47033	41
9,47100	41
9,47167	41
9,47233	41
9,47300	40
9,47367	40
9,47433	40
9,47500	40
9,47567	40
9,47633	40
9,47700	40
9,47767	40
9,47833	40
9,47900	40
9,47967	40
9,48033	40
9,48100	40
9,48167	40
9,48233	40
9,48300	40
9,48367	39
9,48433	39
9,48500	39
9,48567	39
9,48633	38
9,48700	38
9,48767	38
9,48833	38
9,48900	38
9,48967	38
9,49033	38
9,49100	38
9,49167	37
9,49233	37
9,49300	37
9,49367	37
9,49433	37
9,49500	37
9,49567	37
9,49633	38
9,49700	38
9,49767	38
9,49833	38
9,49900	39
9,49967	39
9,50033	39
9,50100	39
9,50167	39
9,50233	40
9,50300	40
9,50367	40
9,50433	39
9,50500	39
9,50567	39
9,50633	38
9,50700	38
9,50767	38
9,50833	38
9,50900	38
9,50967	38
9,51033	37
9,51100	37
9,51167	37
9,51233	37
9,51300	37
9,51367	37
9,51433	37
9,51500	37
9,51567	37
9,51633	37
9,51700	37
9,51767	38
9,51833	38
9,51900	38
9,51967	38
9,52033	38
9,52100	39
9,52167	39
9,52233	39
9,52300	39
9,52367	40
9,52433	40
9,52500	40
9,52567	41
9,52633	41
9,52700	41
9,52767	41
9,52833	42
9,52900	42
9,52967	42
9,53033	42
9,53100	43
9,53167	43
9,53233	43
9,53300	43
9,53367	43
9,53433	44
9,53500	44
9,53567	44
9,53633	44
9,53700	44
9,53767	43
9,53833	43
9,53900	43
9,53967	43
9,54033	43
9,54100	44
9,54167	44
9,54233	44
9,54300	45
9,54367	45
9,54433	45
9,54500	45
9,54567	46
9,54633	46
9,54700	46
9,54767	46
9,54833	46
9,54900	46
9,54967	46
9,55033	46
9,55100	45
9,55167	46
9,55233	46
9,55300	46
9,55367	46
9,55433	47
9,55500	47
9,55567	47
9,55633	47
9,55700	48
9,55767	48
9,55833	48
9,55900	48
9,55967	48
9,56033	48
9,56100	48
9,56167	48
9,56233	48
9,56300	48
9,56367	48
9,56433	48
9,56500	48
9,56567	48
9,56633	48
9,56700	48
9,56767	48
9,56833	48
9,56900	47
9,56967	47
9,57033	47
9,57100	47
9,57167	47
9,57233	47
9,57300	47
9,57367	47
9,57433	47
9,57500	47
9,57567	47
9,57633	47
9,57700	47
9,57767	47
9,57833	47
9,57900	47
9,57967	47
9,58033	47
9,58100	46
9,58167	46
9,58233	46
9,58300	46
9,58367	46
9,58433	46
9,58500	46
9,58567	47
9,58633	47
9,58700	47
9,58767	47
9,58833	47
9,58900	47
9,58967	47
9,59033	47
9,59100	47
9,59167	47
9,59233	47
9,59300	47
9,59367	47
9,59433	47
9,59500	47
9,59567	47
9,59633	47
9,59700	48
9,59767	48
9,59833	48
9,59900	48
9,59967	47
9,60033	47
9,60100	47
9,60167	47
9,60233	46
9,60300	46
9,60367	46
9,60433	46
9,60500	45
9,60567	45
9,60633	45
9,60700	45
9,60767	45
9,60833	45
9,60900	45
9,60967	45
9,61033	45
9,61100	45
9,61167	45
9,61233	45
9,61300	45
9,61367	45
9,61433	45
9,61500	44
9,61567	44
9,61633	44
9,61700	44
9,61767	44
9,61833	44
9,61900	44
9,61967	44
9,62033	44
9,62100	45
9,62167	45
9,62233	45
9,62300	46
9,62367	46
9,62433	46
9,62500	47
9,62567	47
9,62633	47
9,62700	48
9,62767	48
9,62833	49
9,62900	49
9,62967	50
9,63033	50
9,63100	50
9,63167	51
9,63233	51
9,63300	51
9,63367	51
9,63433	51
9,63500	51
9,63567	51
9,63633	51
9,63700	51
9,63767	51
9,63833	51
9,63900	51
9,63967	52
9,64033	52
9,64100	52
9,64167	52
9,64233	52
9,64300	52
9,64367	51
9,64433	51
9,64500	51
9,64567	51
9,64633	51
9,64700	51
9,64767	51
9,64833	50
9,64900	50
9,64967	50
9,65033	50
9,65100	50
9,65167	50
9,65233	50
9,65300	50
9,65367	51
9,65433	51
9,65500	51
9,65567	51
9,65633	51
9,65700	51
9,65767	51
9,65833	51
9,65900	51
9,65967	51
9,66033	51
9,66100	51
9,66167	51
9,66233	51
9,66300	51
9,66367	51
9,66433	51
9,66500	51
9,66567	51
9,66633	51
9,66700	50
9,66767	50
9,66833	50
9,66900	50
9,66967	50
9,67033	50
9,67100	50
9,67167	50
9,67233	50
9,67300	50
9,67367	50
9,67433	50
9,67500	50
9,67567	50
9,67633	50
9,67700	50
9,67767	50
9,67833	50
9,67900	50
9,67967	50
9,68033	51
9,68100	51
9,68167	51
9,68233	51
9,68300	51
9,68367	52
9,68433	52
9,68500	52
9,68567	52
9,68633	52
9,68700	52
9,68767	52
9,68833	52
9,68900	51
9,68967	51
9,69033	51
9,69100	51
9,69167	51
9,69233	51
9,69300	51
9,69367	51
9,69433	51
9,69500	51
9,69567	51
9,69633	51
9,69700	50
9,69767	50
9,69833	50
9,69900	50
9,69967	49
9,70033	49
9,70100	49
9,70167	48
9,70233	48
9,70300	48
9,70367	48
9,70433	48
9,70500	48
9,70567	48
9,70633	48
9,70700	49
9,70767	49
9,70833	49
9,70900	49
9,70967	49
9,71033	49
9,71100	50
9,71167	50
9,71233	50
9,71300	50
9,71367	50
9,71433	50
9,71500	49
9,71567	49
9,71633	49
9,71700	49
9,71767	49
9,71833	48
9,71900	48
9,71967	48
9,72033	48
9,72100	47
9,72167	47
9,72233	47
9,72300	47
9,72367	47
9,72433	47
9,72500	47
9,72567	46
9,72633	46
9,72700	46
9,72767	46
9,72833	46
9,72900	46
9,72967	46
9,73033	46
9,73100	46
9,73167	46
9,73233	46
9,73300	46
9,73367	46
9,73433	46
9,73500	46
9,73567	46
9,73633	46
9,73700	47
9,73767	47
9,73833	47
9,73900	48
9,73967	48
9,74033	48
9,74100	48
9,74167	48
9,74233	48
9,74300	48
9,74367	49
9,74433	49
9,74500	49
9,74567	49
9,74633	49
9,74700	49
9,74767	49
9,74833	49
9,74900	49
9,74967	49
9,75033	49
9,75100	49
9,75167	49
9,75233	49
9,75300	50
9,75367	50
9,75433	50
9,75500	50
9,75567	50
9,75633	51
9,75700	51
9,75767	51
9,75833	51
9,75900	51
9,75967	51
9,76033	51
9,76100	52
9,76167	52
9,76233	52
9,76300	52
9,76367	52
9,76433	52
9,76500	53
9,76567	53
9,76633	53
9,76700	53
9,76767	54
9,76833	54
9,76900	54
9,76967	55
9,77033	55
9,77100	55
9,77167	55
9,77233	55
9,77300	55
9,77367	55
9,77433	55
9,77500	55
9,77567	55
9,77633	55
9,77700	56
9,77767	56
9,77833	56
9,77900	57
9,77967	57
9,78033	57
9,78100	58
9,78167	58
9,78233	58
9,78300	59
9,78367	59
9,78433	59
9,78500	59
9,78567	59
9,78633	59
9,78700	58
9,78767	58
9,78833	58
9,78900	57
9,78967	57
9,79033	57
9,79100	56
9,79167	56
9,79233	55
9,79300	55
9,79367	54
9,79433	54
9,79500	53
9,79567	53
9,79633	52
9,79700	52
9,79767	52
9,79833	52
9,79900	51
9,79967	51
9,80033	51
9,80100	51
9,80167	50
9,80233	50
9,80300	50
9,80367	50
9,80433	50
9,80500	50
9,80567	50
9,80633	50
9,80700	50
9,80767	50
9,80833	50
9,80900	50
9,80967	50
9,81033	50
9,81100	50
9,81167	50
9,81233	51
9,81300	51
9,81367	51
9,81433	51
9,81500	51
9,81567	51
9,81633	51
9,81700	51
9,81767	51
9,81833	51
9,81900	51
9,81967	51
9,82033	51
9,82100	51
9,82167	51
9,82233	51
9,82300	50
9,82367	50
9,82433	50
9,82500	50
9,82567	50
9,82633	50
9,82700	50
9,82767	50
9,82833	50
9,82900	51
9,82967	51
9,83033	51
9,83100	51
9,83167	51
9,83233	51
9,83300	52
9,83367	52
9,83433	52
9,83500	52
9,83567	52
9,83633	52
9,83700	52
9,83767	52
9,83833	52
9,83900	52
9,83967	52
9,84033	52
9,84100	51
9,84167	51
9,84233	52
9,84300	52
9,84367	52
9,84433	52
9,84500	52
9,84567	53
9,84633	53
9,84700	53
9,84767	53
9,84833	52
9,84900	52
9,84967	52
9,85033	52
9,85100	51
9,85167	51
9,85233	51
9,85300	51
9,85367	51
9,85433	51
9,85500	51
9,85567	51
9,85633	51
9,85700	51
9,85767	51
9,85833	51
9,85900	51
9,85967	51
9,86033	51
9,86100	51
9,86167	51
9,86233	52
9,86300	52
9,86367	52
9,86433	52
9,86500	52
9,86567	52
9,86633	52
9,86700	52
9,86767	52
9,86833	52
9,86900	52
9,86967	52
9,87033	52
9,87100	52
9,87167	52
9,87233	52
9,87300	52
9,87367	52
9,87433	53
9,87500	53
9,87567	53
9,87633	53
9,87700	53
9,87767	53
9,87833	52
9,87900	52
9,87967	52
9,88033	52
9,88100	52
9,88167	52
9,88233	52
9,88300	52
9,88367	52
9,88433	52
9,88500	52
9,88567	52
9,88633	52
9,88700	52
9,88767	52
9,88833	52
9,88900	52
9,88967	52
9,89033	52
9,89100	53
9,89167	53
9,89233	53
9,89300	53
9,89367	53
9,89433	54
9,89500	54
9,89567	54
9,89633	55
9,89700	55
9,89767	55
9,89833	55
9,89900	56
9,89967	56
9,90033	56
9,90100	57
9,90167	57
9,90233	57
9,90300	57
9,90367	57
9,90433	57
9,90500	57
9,90567	57
9,90633	57
9,90700	57
9,90767	57
9,90833	57
9,90900	57
9,90967	57
9,91033	58
9,91100	58
9,91167	58
9,91233	58
9,91300	59
9,91367	59
9,91433	59
9,91500	59
9,91567	60
9,91633	60
9,91700	60
9,91767	60
9,91833	60
9,91900	61
9,91967	61
9,92033	61
9,92100	61
9,92167	61
9,92233	61
9,92300	61
9,92367	61
9,92433	61
9,92500	61
9,92567	60
9,92633	60
9,92700	60
9,92767	60
9,92833	60
9,92900	60
9,92967	60
9,93033	60
9,93100	60
9,93167	60
9,93233	60
9,93300	60
9,93367	60
9,93433	60
9,93500	60
9,93567	60
9,93633	60
9,93700	60
9,93767	60
9,93833	60
9,93900	60
9,93967	60
9,94033	60
9,94100	60
9,94167	60
9,94233	60
9,94300	60
9,94367	60
9,94433	60
9,94500	60
9,94567	60
9,94633	60
9,94700	60
9,94767	60
9,94833	60
9,94900	60
9,94967	60
9,95033	60
9,95100	60
9,95167	60
9,95233	60
9,95300	60
9,95367	59
9,95433	59
9,95500	59
9,95567	59
9,95633	59
9,95700	59
9,95767	59
9,95833	59
9,95900	59
9,95967	59
9,96033	59
9,96100	60
9,96167	60
9,96233	60
9,96300	60
9,96367	60
9,96433	60
9,96500	60
9,96567	60
9,96633	60
9,96700	60
9,96767	60
9,96833	60
9,96900	60
9,96967	60
9,97033	60
9,97100	60
9,97167	60
9,97233	60
9,97300	60
9,97367	59
9,97433	59
9,97500	59
9,97567	59
9,97633	59
9,97700	60
9,97767	60
9,97833	60
9,97900	61
9,97967	61
9,98033	62
9,98100	62
9,98167	63
9,98233	63
9,98300	63
9,98367	64
9,98433	64
9,98500	64
9,98567	65
9,98633	65
9,98700	66
9,98767	66
9,98833	66
9,98900	67
9,98967	67
9,99033	68
9,99100	68
9,99167	68
9,99233	69
9,99300	69
9,99367	69
9,99433	68
9,99500	68
9,99567	68
9,99633	67
9,99700	67
9,99767	66
9,99833	66
9,99900	65
9,99967	65
10,00033	65
10,00100	65
10,00167	64
10,00233	64
10,00300	64
10,00367	64
10,00433	64
10,00500	64
10,00567	64
10,00633	64
10,00700	64
10,00767	63
10,00833	63
10,00900	63
10,00967	63
10,01033	63
10,01100	63
10,01167	63
10,01233	63
10,01300	62
10,01367	62
10,01433	62
10,01500	62
10,01567	62
10,01633	61
10,01700	61
10,01767	61
10,01833	61
10,01900	60
10,01967	60
10,02033	60
10,02100	59
10,02167	59
10,02233	59
10,02300	59
10,02367	59
10,02433	59
10,02500	59
10,02567	59
10,02633	59
10,02700	59
10,02767	59
10,02833	59
10,02900	59
10,02967	58
10,03033	58
10,03100	58
10,03167	58
10,03233	58
10,03300	58
10,03367	59
10,03433	59
10,03500	59
10,03567	59
10,03633	59
10,03700	59
10,03767	59
10,03833	59
10,03900	59
10,03967	59
10,04033	60
10,04100	60
10,04167	60
10,04233	60
10,04300	61
10,04367	61
10,04433	61
10,04500	62
10,04567	62
10,04633	63
10,04700	63
10,04767	63
10,04833	64
10,04900	64
10,04967	64
10,05033	64
10,05100	64
10,05167	64
10,05233	64
10,05300	64
10,05367	64
10,05433	64
10,05500	65
10,05567	65
10,05633	65
10,05700	65
10,05767	65
10,05833	66
10,05900	66
10,05967	66
10,06033	66
10,06100	65
10,06167	65
10,06233	65
10,06300	65
10,06367	65
10,06433	65
10,06500	65
10,06567	65
10,06633	64
10,06700	64
10,06767	64
10,06833	64
10,06900	64
10,06967	64
10,07033	64
10,07100	64
10,07167	64
10,07233	64
10,07300	64
10,07367	64
10,07433	64
10,07500	64
10,07567	64
10,07633	64
10,07700	64
10,07767	64
10,07833	64
10,07900	64
10,07967	64
10,08033	64
10,08100	64
10,08167	64
10,08233	65
10,08300	65
10,08367	65
10,08433	65
10,08500	65
10,08567	65
10,08633	65
10,08700	65
10,08767	66
10,08833	66
10,08900	66
10,08967	67
10,09033	67
10,09100	68
10,09167	68
10,09233	68
10,09300	69
10,09367	70
10,09433	70
10,09500	71
10,09567	72
10,09633	72
10,09700	73
10,09767	73
10,09833	73
10,09900	74
10,09967	74
10,10033	74
10,10100	74
10,10167	74
10,10233	74
10,10300	75
10,10367	75
10,10433	75
10,10500	75
10,10567	75
10,10633	75
10,10700	76
10,10767	76
10,10833	77
10,10900	77
10,10967	77
10,11033	78
10,11100	78
10,11167	78
10,11233	78
10,11300	78
10,11367	78
10,11433	78
10,11500	78
10,11567	79
10,11633	79
10,11700	79
10,11767	79
10,11833	79
10,11900	79
10,11967	80
10,12033	80
10,12100	81
10,12167	81
10,12233	81
10,12300	81
10,12367	81
10,12433	81
10,12500	80
10,12567	80
10,12633	80
10,12700	80
10,12767	79
10,12833	79
10,12900	79
10,12967	79
10,13033	79
10,13100	79
10,13167	79
10,13233	79
10,13300	79
10,13367	79
10,13433	79
10,13500	79
10,13567	79
10,13633	78
10,13700	78
10,13767	78
10,13833	78
10,13900	78
10,13967	78
10,14033	78
10,14100	78
10,14167	78
10,14233	78
10,14300	78
10,14367	78
10,14433	78
10,14500	77
10,14567	77
10,14633	77
10,14700	76
10,14767	76
10,14833	76
10,14900	76
10,14967	76
10,15033	76
10,15100	76
10,15167	76
10,15233	76
10,15300	76
10,15367	76
10,15433	76
10,15500	76
10,15567	76
10,15633	76
10,15700	76
10,15767	76
10,15833	76
10,15900	76
10,15967	76
10,16033	76
10,16100	75
10,16167	75
10,16233	75
10,16300	74
10,16367	74
10,16433	74
10,16500	74
10,16567	74
10,16633	74
10,16700	74
10,16767	74
10,16833	73
10,16900	73
10,16967	73
10,17033	72
10,17100	72
10,17167	72
10,17233	72
10,17300	72
10,17367	72
10,17433	72
10,17500	72
10,17567	72
10,17633	72
10,17700	72
10,17767	72
10,17833	72
10,17900	71
10,17967	71
10,18033	71
10,18100	71
10,18167	71
10,18233	71
10,18300	71
10,18367	71
10,18433	71
10,18500	71
10,18567	72
10,18633	72
10,18700	72
10,18767	72
10,18833	72
10,18900	72
10,18967	72
10,19033	72
10,19100	72
10,19167	72
10,19233	72
10,19300	72
10,19367	72
10,19433	72
10,19500	72
10,19567	72
10,19633	72
10,19700	72
10,19767	72
10,19833	72
10,19900	72
10,19967	72
10,20033	73
10,20100	73
10,20167	73
10,20233	73
10,20300	73
10,20367	73
10,20433	74
10,20500	74
10,20567	74
10,20633	74
10,20700	74
10,20767	74
10,20833	74
10,20900	74
10,20967	74
10,21033	74
10,21100	74
10,21167	75
10,21233	75
10,21300	75
10,21367	76
10,21433	76
10,21500	77
10,21567	77
10,21633	78
10,21700	78
10,21767	79
10,21833	79
10,21900	80
10,21967	80
10,22033	80
10,22100	81
10,22167	81
10,22233	81
10,22300	81
10,22367	82
10,22433	82
10,22500	82
10,22567	82
10,22633	82
10,22700	82
10,22767	82
10,22833	81
10,22900	81
10,22967	81
10,23033	80
10,23100	80
10,23167	79
10,23233	79
10,23300	78
10,23367	78
10,23433	78
10,23500	77
10,23567	77
10,23633	77
10,23700	76
10,23767	76
10,23833	76
10,23900	76
10,23967	76
10,24033	75
10,24100	75
10,24167	75
10,24233	75
10,24300	74
10,24367	74
10,24433	74
10,24500	74
10,24567	74
10,24633	73
10,24700	73
10,24767	74
10,24833	74
10,24900	74
10,24967	74
10,25033	74
10,25100	74
10,25167	74
10,25233	74
10,25300	74
10,25367	75
10,25433	75
10,25500	75
10,25567	75
10,25633	75
10,25700	75
10,25767	75
10,25833	75
10,25900	75
10,25967	76
10,26033	76
10,26100	76
10,26167	76
10,26233	76
10,26300	76
10,26367	77
10,26433	77
10,26500	77
10,26567	77
10,26633	78
10,26700	78
10,26767	78
10,26833	79
10,26900	79
10,26967	79
10,27033	80
10,27100	80
10,27167	81
10,27233	81
10,27300	81
10,27367	81
10,27433	81
10,27500	81
10,27567	81
10,27633	81
10,27700	81
10,27767	81
10,27833	81
10,27900	80
10,27967	80
10,28033	80
10,28100	80
10,28167	80
10,28233	80
10,28300	79
10,28367	79
10,28433	79
10,28500	79
10,28567	78
10,28633	78
10,28700	78
10,28767	78
10,28833	78
10,28900	78
10,28967	77
10,29033	77
10,29100	77
10,29167	77
10,29233	77
10,29300	76
10,29367	76
10,29433	76
10,29500	75
10,29567	75
10,29633	75
10,29700	75
10,29767	75
10,29833	74
10,29900	74
10,29967	74
10,30033	74
10,30100	74
10,30167	73
10,30233	73
10,30300	73
10,30367	73
10,30433	73
10,30500	73
10,30567	73
10,30633	73
10,30700	73
10,30767	72
10,30833	72
10,30900	72
10,30967	72
10,31033	72
10,31100	72
10,31167	72
10,31233	72
10,31300	71
10,31367	71
10,31433	71
10,31500	71
10,31567	71
10,31633	71
10,31700	71
10,31767	71
10,31833	71
10,31900	71
10,31967	71
10,32033	70
10,32100	70
10,32167	70
10,32233	70
10,32300	70
10,32367	70
10,32433	70
10,32500	70
10,32567	70
10,32633	70
10,32700	70
10,32767	69
10,32833	69
10,32900	69
10,32967	69
10,33033	69
10,33100	69
10,33167	69
10,33233	69
10,33300	69
10,33367	70
10,33433	70
10,33500	70
10,33567	70
10,33633	70
10,33700	70
10,33767	70
10,33833	70
10,33900	70
10,33967	70
10,34033	70
10,34100	69
10,34167	69
10,34233	69
10,34300	69
10,34367	69
10,34433	69
10,34500	69
10,34567	68
10,34633	68
10,34700	68
10,34767	68
10,34833	68
10,34900	68
10,34967	67
10,35033	67
10,35100	67
10,35167	67
10,35233	68
10,35300	68
10,35367	68
10,35433	69
10,35500	69
10,35567	70
10,35633	70
10,35700	71
10,35767	71
10,35833	71
10,35900	72
10,35967	72
10,36033	72
10,36100	73
10,36167	73
10,36233	73
10,36300	73
10,36367	73
10,36433	73
10,36500	73
10,36567	73
10,36633	73
10,36700	73
10,36767	73
10,36833	73
10,36900	73
10,36967	73
10,37033	73
10,37100	73
10,37167	73
10,37233	72
10,37300	72
10,37367	71
10,37433	71
10,37500	71
10,37567	70
10,37633	70
10,37700	70
10,37767	70
10,37833	70
10,37900	70
10,37967	70
10,38033	71
10,38100	71
10,38167	71
10,38233	71
10,38300	71
10,38367	71
10,38433	72
10,38500	72
10,38567	72
10,38633	72
10,38700	73
10,38767	73
10,38833	73
10,38900	73
10,38967	73
10,39033	72
10,39100	72
10,39167	72
10,39233	72
10,39300	72
10,39367	72
10,39433	72
10,39500	73
10,39567	73
10,39633	73
10,39700	73
10,39767	73
10,39833	73
10,39900	73
10,39967	73
10,40033	73
10,40100	73
10,40167	73
10,40233	73
10,40300	73
10,40367	73
10,40433	73
10,40500	74
10,40567	74
10,40633	75
10,40700	75
10,40767	76
10,40833	76
10,40900	76
10,40967	77
10,41033	77
10,41100	77
10,41167	77
10,41233	77
10,41300	77
10,41367	77
10,41433	78
10,41500	78
10,41567	78
10,41633	78
10,41700	78
10,41767	78
10,41833	78
10,41900	78
10,41967	78
10,42033	77
10,42100	77
10,42167	77
10,42233	77
10,42300	77
10,42367	77
10,42433	77
10,42500	77
10,42567	77
10,42633	77
10,42700	76
10,42767	76
10,42833	77
10,42900	77
10,42967	77
10,43033	77
10,43100	77
10,43167	77
10,43233	77
10,43300	77
10,43367	77
10,43433	77
10,43500	77
10,43567	77
10,43633	77
10,43700	77
10,43767	77
10,43833	77
10,43900	77
10,43967	77
10,44033	76
10,44100	76
10,44167	76
10,44233	76
10,44300	76
10,44367	76
10,44433	76
10,44500	75
10,44567	75
10,44633	76
10,44700	76
10,44767	76
10,44833	76
10,44900	76
10,44967	76
10,45033	77
10,45100	77
10,45167	77
10,45233	77
10,45300	77
10,45367	77
10,45433	77
10,45500	78
10,45567	78
10,45633	78
10,45700	78
10,45767	78
10,45833	79
10,45900	79
10,45967	79
10,46033	80
10,46100	80
10,46167	80
10,46233	81
10,46300	81
10,46367	81
10,46433	82
10,46500	82
10,46567	82
10,46633	82
10,46700	82
10,46767	83
10,46833	82
10,46900	82
10,46967	82
10,47033	82
10,47100	82
10,47167	82
10,47233	82
10,47300	82
10,47367	82
10,47433	82
10,47500	82
10,47567	82
10,47633	81
10,47700	81
10,47767	81
10,47833	81
10,47900	81
10,47967	81
10,48033	81
10,48100	81
10,48167	82
10,48233	82
10,48300	82
10,48367	82
10,48433	82
10,48500	83
10,48567	83
10,48633	83
10,48700	83
10,48767	83
10,48833	83
10,48900	83
10,48967	83
10,49033	83
10,49100	83
10,49167	84
10,49233	84
10,49300	84
10,49367	84
10,49433	84
10,49500	84
10,49567	84
10,49633	84
10,49700	85
10,49767	85
10,49833	85
10,49900	85
10,49967	85
10,50033	86
10,50100	86
10,50167	86
10,50233	86
10,50300	86
10,50367	86
10,50433	87
10,50500	87
10,50567	87
10,50633	87
10,50700	87
10,50767	86
10,50833	86
10,50900	86
10,50967	86
10,51033	86
10,51100	86
10,51167	86
10,51233	86
10,51300	86
10,51367	86
10,51433	86
10,51500	86
10,51567	86
10,51633	86
10,51700	86
10,51767	86
10,51833	86
10,51900	86
10,51967	86
10,52033	86
10,52100	86
10,52167	86
10,52233	86
10,52300	87
10,52367	87
10,52433	87
10,52500	87
10,52567	87
10,52633	87
10,52700	87
10,52767	87
10,52833	87
10,52900	86
10,52967	86
10,53033	86
10,53100	86
10,53167	86
10,53233	85
10,53300	85
10,53367	85
10,53433	85
10,53500	85
10,53567	85
10,53633	85
10,53700	85
10,53767	85
10,53833	85
10,53900	85
10,53967	84
10,54033	84
10,54100	84
10,54167	83
10,54233	83
10,54300	83
10,54367	82
10,54433	82
10,54500	82
10,54567	82
10,54633	82
10,54700	82
10,54767	82
10,54833	82
10,54900	82
10,54967	82
10,55033	82
10,55100	82
10,55167	82
10,55233	82
10,55300	82
10,55367	81
10,55433	81
10,55500	81
10,55567	81
10,55633	81
10,55700	81
10,55767	81
10,55833	81
10,55900	81
10,55967	81
10,56033	81
10,56100	81
10,56167	81
10,56233	82
10,56300	82
10,56367	82
10,56433	83
10,56500	83
10,56567	83
10,56633	83
10,56700	84
10,56767	84
10,56833	84
10,56900	84
10,56967	84
10,57033	84
10,57100	84
10,57167	84
10,57233	84
10,57300	84
10,57367	84
10,57433	84
10,57500	84
10,57567	84
10,57633	84
10,57700	84
10,57767	84
10,57833	84
10,57900	84
10,57967	84
10,58033	84
10,58100	84
10,58167	84
10,58233	83
10,58300	83
10,58367	83
10,58433	83
10,58500	82
10,58567	82
10,58633	82
10,58700	82
10,58767	83
10,58833	83
10,58900	83
10,58967	83
10,59033	84
10,59100	84
10,59167	84
10,59233	84
10,59300	84
10,59367	84
10,59433	84
10,59500	84
10,59567	84
10,59633	84
10,59700	84
10,59767	84
10,59833	84
10,59900	84
10,59967	84
10,60033	85
10,60100	85
10,60167	85
10,60233	85
10,60300	84
10,60367	84
10,60433	84
10,60500	84
10,60567	84
10,60633	85
10,60700	85
10,60767	85
10,60833	85
10,60900	85
10,60967	85
10,61033	85
10,61100	85
10,61167	85
10,61233	85
10,61300	85
10,61367	85
10,61433	85
10,61500	85
10,61567	85
10,61633	85
10,61700	84
10,61767	84
10,61833	84
10,61900	84
10,61967	85
10,62033	85
10,62100	85
10,62167	85
10,62233	85
10,62300	86
10,62367	86
10,62433	86
10,62500	86
10,62567	86
10,62633	85
10,62700	85
10,62767	85
10,62833	85
10,62900	86
10,62967	86
10,63033	86
10,63100	86
10,63167	86
10,63233	86
10,63300	87
10,63367	87
10,63433	87
10,63500	87
10,63567	86
10,63633	86
10,63700	86
10,63767	86
10,63833	86
10,63900	85
10,63967	85
10,64033	85
10,64100	85
10,64167	85
10,64233	85
10,64300	85
10,64367	86
10,64433	86
10,64500	86
10,64567	86
10,64633	86
10,64700	86
10,64767	86
10,64833	86
10,64900	86
10,64967	86
10,65033	86
10,65100	86
10,65167	86
10,65233	86
10,65300	87
10,65367	87
10,65433	87
10,65500	87
10,65567	88
10,65633	88
10,65700	88
10,65767	88
10,65833	88
10,65900	88
10,65967	88
10,66033	88
10,66100	88
10,66167	88
10,66233	88
10,66300	88
10,66367	88
10,66433	88
10,66500	89
10,66567	89
10,66633	89
10,66700	90
10,66767	90
10,66833	90
10,66900	90
10,66967	90
10,67033	90
10,67100	91
10,67167	91
10,67233	91
10,67300	91
10,67367	92
10,67433	92
10,67500	93
10,67567	93
10,67633	93
10,67700	93
10,67767	94
10,67833	94
10,67900	94
10,67967	94
10,68033	94
10,68100	94
10,68167	94
10,68233	94
10,68300	94
10,68367	94
10,68433	94
10,68500	94
10,68567	94
10,68633	94
10,68700	94
10,68767	94
10,68833	94
10,68900	93
10,68967	93
10,69033	93
10,69100	94
10,69167	94
10,69233	94
10,69300	94
10,69367	94
10,69433	94
10,69500	94
10,69567	94
10,69633	94
10,69700	94
10,69767	95
10,69833	95
10,69900	95
10,69967	96
10,70033	96
10,70100	96
10,70167	96
10,70233	97
10,70300	97
10,70367	97
10,70433	98
10,70500	98
10,70567	98
10,70633	98
10,70700	98
10,70767	99
10,70833	99
10,70900	99
10,70967	100
10,71033	100
10,71100	100
10,71167	100
10,71233	100
10,71300	100
10,71367	101
10,71433	101
10,71500	101
10,71567	101
10,71633	102
10,71700	102
10,71767	102
10,71833	103
10,71900	103
10,71967	104
10,72033	104
10,72100	104
10,72167	105
10,72233	106
10,72300	106
10,72367	107
10,72433	107
10,72500	108
10,72567	108
10,72633	109
10,72700	109
10,72767	110
10,72833	110
10,72900	110
10,72967	111
10,73033	111
10,73100	111
10,73167	111
10,73233	111
10,73300	111
10,73367	111
10,73433	112
10,73500	112
10,73567	112
10,73633	112
10,73700	112
10,73767	112
10,73833	112
10,73900	112
10,73967	112
10,74033	112
10,74100	112
10,74167	112
10,74233	112
10,74300	113
10,74367	113
10,74433	113
10,74500	112
10,74567	112
10,74633	112
10,74700	112
10,74767	112
10,74833	112
10,74900	112
10,74967	112
10,75033	112
10,75100	112
10,75167	113
10,75233	113
10,75300	112
10,75367	112
10,75433	112
10,75500	112
10,75567	111
10,75633	111
10,75700	111
10,75767	111
10,75833	111
10,75900	111
10,75967	111
10,76033	111
10,76100	111
10,76167	111
10,76233	111
10,76300	111
10,76367	112
10,76433	112
10,76500	112
10,76567	112
10,76633	111
10,76700	111
10,76767	111
10,76833	111
10,76900	111
10,76967	110
10,77033	110
10,77100	110
10,77167	110
10,77233	109
10,77300	109
10,77367	109
10,77433	108
10,77500	108
10,77567	108
10,77633	107
10,77700	107
10,77767	106
10,77833	106
10,77900	105
10,77967	105
10,78033	105
10,78100	105
10,78167	105
10,78233	105
10,78300	105
10,78367	105
10,78433	105
10,78500	105
10,78567	105
10,78633	105
10,78700	105
10,78767	105
10,78833	105
10,78900	106
10,78967	106
10,79033	106
10,79100	106
10,79167	106
10,79233	107
10,79300	107
10,79367	107
10,79433	107
10,79500	107
10,79567	107
10,79633	107
10,79700	107
10,79767	107
10,79833	107
10,79900	107
10,79967	107
10,80033	107
10,80100	108
10,80167	108
10,80233	108
10,80300	109
10,80367	109
10,80433	109
10,80500	109
10,80567	109
10,80633	109
10,80700	109
10,80767	109
10,80833	110
10,80900	110
10,80967	110
10,81033	111
10,81100	111
10,81167	111
10,81233	112
10,81300	112
10,81367	113
10,81433	113
10,81500	113
10,81567	114
10,81633	114
10,81700	114
10,81767	114
10,81833	114
10,81900	113
10,81967	113
10,82033	113
10,82100	113
10,82167	113
10,82233	113
10,82300	113
10,82367	114
10,82433	114
10,82500	114
10,82567	114
10,82633	115
10,82700	115
10,82767	115
10,82833	115
10,82900	115
10,82967	115
10,83033	115
10,83100	115
10,83167	114
10,83233	114
10,83300	114
10,83367	114
10,83433	114
10,83500	113
10,83567	113
10,83633	113
10,83700	113
10,83767	113
10,83833	113
10,83900	113
10,83967	112
10,84033	112
10,84100	112
10,84167	112
10,84233	112
10,84300	112
10,84367	112
10,84433	112
10,84500	112
10,84567	112
10,84633	112
10,84700	112
10,84767	112
10,84833	112
10,84900	112
10,84967	112
10,85033	111
10,85100	111
10,85167	111
10,85233	111
10,85300	111
10,85367	111
10,85433	111
10,85500	111
10,85567	111
10,85633	110
10,85700	110
10,85767	110
10,85833	110
10,85900	109
10,85967	109
10,86033	109
10,86100	109
10,86167	109
10,86233	109
10,86300	109
10,86367	109
10,86433	109
10,86500	109
10,86567	109
10,86633	109
10,86700	109
10,86767	109
10,86833	109
10,86900	109
10,86967	109
10,87033	109
10,87100	109
10,87167	109
10,87233	109
10,87300	109
10,87367	110
10,87433	110
10,87500	110
10,87567	110
10,87633	110
10,87700	110
10,87767	111
10,87833	111
10,87900	111
10,87967	112
10,88033	112
10,88100	112
10,88167	113
10,88233	113
10,88300	113
10,88367	113
10,88433	114
10,88500	114
10,88567	114
10,88633	115
10,88700	115
10,88767	115
10,88833	115
10,88900	115
10,88967	115
10,89033	115
10,89100	115
10,89167	115
10,89233	115
10,89300	115
10,89367	115
10,89433	115
10,89500	115
10,89567	115
10,89633	115
10,89700	114
10,89767	114
10,89833	114
10,89900	114
10,89967	114
10,90033	113
10,90100	113
10,90167	113
10,90233	112
10,90300	112
10,90367	112
10,90433	111
10,90500	111
10,90567	111
10,90633	111
10,90700	111
10,90767	111
10,90833	111
10,90900	111
10,90967	111
10,91033	110
10,91100	110
10,91167	110
10,91233	109
10,91300	109
10,91367	108
10,91433	108
10,91500	108
10,91567	107
10,91633	107
10,91700	107
10,91767	106
10,91833	106
10,91900	105
10,91967	105
10,92033	104
10,92100	104
10,92167	104
10,92233	104
10,92300	103
10,92367	103
10,92433	103
10,92500	102
10,92567	102
10,92633	102
10,92700	102
10,92767	102
10,92833	102
10,92900	102
10,92967	102
10,93033	102
10,93100	102
10,93167	102
10,93233	102
10,93300	103
10,93367	103
10,93433	103
10,93500	103
10,93567	103
10,93633	103
10,93700	103
10,93767	103
10,93833	103
10,93900	103
10,93967	103
10,94033	103
10,94100	103
10,94167	103
10,94233	103
10,94300	103
10,94367	103
10,94433	103
10,94500	103
10,94567	103
10,94633	103
10,94700	104
10,94767	104
10,94833	104
10,94900	104
10,94967	104
10,95033	104
10,95100	104
10,95167	103
10,95233	103
10,95300	103
10,95367	103
10,95433	103
10,95500	102
10,95567	102
10,95633	102
10,95700	101
10,95767	101
10,95833	101
10,95900	101
10,95967	101
10,96033	101
10,96100	102
10,96167	102
10,96233	102
10,96300	102
10,96367	102
10,96433	101
10,96500	101
10,96567	101
10,96633	101
10,96700	100
10,96767	100
10,96833	100
10,96900	100
10,96967	100
10,97033	100
10,97100	100
10,97167	100
10,97233	100
10,97300	100
10,97367	100
10,97433	100
10,97500	100
10,97567	100
10,97633	100
10,97700	100
10,97767	100
10,97833	100
10,97900	100
10,97967	100
10,98033	101
10,98100	101
10,98167	101
10,98233	101
10,98300	102
10,98367	102
10,98433	102
10,98500	103
10,98567	103
10,98633	103
10,98700	103
10,98767	103
10,98833	103
10,98900	103
10,98967	103
10,99033	103
10,99100	103
10,99167	103
10,99233	103
10,99300	103
10,99367	103
10,99433	104
10,99500	104
10,99567	104
10,99633	104
10,99700	105
10,99767	105
10,99833	105
10,99900	105
10,99967	105
11,00033	105
11,00100	105
11,00167	105
11,00233	105
11,00300	105
11,00367	105
11,00433	106
11,00500	106
11,00567	106
11,00633	107
11,00700	107
11,00767	107
11,00833	108
11,00900	108
11,00967	108
11,01033	109
11,01100	109
11,01167	110
11,01233	110
11,01300	110
11,01367	111
11,01433	111
11,01500	112
11,01567	113
11,01633	113
11,01700	114
11,01767	114
11,01833	115
11,01900	115
11,01967	116
11,02033	116
11,02100	117
11,02167	117
11,02233	118
11,02300	118
11,02367	118
11,02433	119
11,02500	120
11,02567	120
11,02633	120
11,02700	121
11,02767	121
11,02833	121
11,02900	121
11,02967	121
11,03033	121
11,03100	121
11,03167	122
11,03233	122
11,03300	122
11,03367	122
11,03433	123
11,03500	123
11,03567	123
11,03633	124
11,03700	124
11,03767	124
11,03833	123
11,03900	123
11,03967	123
11,04033	122
11,04100	122
11,04167	121
11,04233	121
11,04300	121
11,04367	120
11,04433	120
11,04500	120
11,04567	120
11,04633	120
11,04700	120
11,04767	120
11,04833	120
11,04900	120
11,04967	120
11,05033	120
11,05100	120
11,05167	121
11,05233	121
11,05300	120
11,05367	120
11,05433	120
11,05500	120
11,05567	120
11,05633	120
11,05700	120
11,05767	120
11,05833	119
11,05900	119
11,05967	119
11,06033	119
11,06100	119
11,06167	119
11,06233	119
11,06300	119
11,06367	119
11,06433	119
11,06500	118
11,06567	118
11,06633	118
11,06700	118
11,06767	117
11,06833	117
11,06900	117
11,06967	117
11,07033	117
11,07100	117
11,07167	117
11,07233	117
11,07300	117
11,07367	117
11,07433	116
11,07500	116
11,07567	116
11,07633	116
11,07700	116
11,07767	116
11,07833	116
11,07900	116
11,07967	116
11,08033	116
11,08100	117
11,08167	117
11,08233	117
11,08300	117
11,08367	117
11,08433	118
11,08500	118
11,08567	118
11,08633	118
11,08700	118
11,08767	118
11,08833	118
11,08900	118
11,08967	118
11,09033	118
11,09100	118
11,09167	118
11,09233	117
11,09300	117
11,09367	117
11,09433	117
11,09500	117
11,09567	116
11,09633	116
11,09700	116
11,09767	116
11,09833	116
11,09900	115
11,09967	115
11,10033	115
11,10100	115
11,10167	115
11,10233	115
11,10300	115
11,10367	115
11,10433	115
11,10500	115
11,10567	115
11,10633	115
11,10700	115
11,10767	115
11,10833	115
11,10900	114
11,10967	114
11,11033	114
11,11100	114
11,11167	114
11,11233	114
11,11300	113
11,11367	113
11,11433	113
11,11500	112
11,11567	112
11,11633	112
11,11700	111
11,11767	111
11,11833	111
11,11900	111
11,11967	110
11,12033	110
11,12100	109
11,12167	109
11,12233	108
11,12300	108
11,12367	108
11,12433	108
11,12500	107
11,12567	107
11,12633	107
11,12700	106
11,12767	106
11,12833	105
11,12900	105
11,12967	104
11,13033	104
11,13100	104
11,13167	104
11,13233	104
11,13300	104
11,13367	104
11,13433	104
11,13500	104
11,13567	104
11,13633	104
11,13700	104
11,13767	104
11,13833	104
11,13900	104
11,13967	104
11,14033	104
11,14100	104
11,14167	104
11,14233	104
11,14300	104
11,14367	104
11,14433	103
11,14500	103
11,14567	103
11,14633	104
11,14700	104
11,14767	104
11,14833	104
11,14900	103
11,14967	103
11,15033	103
11,15100	103
11,15167	102
11,15233	102
11,15300	102
11,15367	101
11,15433	101
11,15500	101
11,15567	101
11,15633	100
11,15700	100
11,15767	99
11,15833	99
11,15900	99
11,15967	98
11,16033	98
11,16100	98
11,16167	98
11,16233	98
11,16300	99
11,16367	99
11,16433	99
11,16500	99
11,16567	98
11,16633	98
11,16700	98
11,16767	98
11,16833	98
11,16900	97
11,16967	97
11,17033	97
11,17100	97
11,17167	97
11,17233	97
11,17300	97
11,17367	97
11,17433	97
11,17500	97
11,17567	97
11,17633	97
11,17700	97
11,17767	97
11,17833	97
11,17900	97
11,17967	97
11,18033	97
11,18100	96
11,18167	96
11,18233	96
11,18300	95
11,18367	95
11,18433	95
11,18500	95
11,18567	94
11,18633	94
11,18700	94
11,18767	94
11,18833	94
11,18900	94
11,18967	94
11,19033	94
11,19100	94
11,19167	94
11,19233	94
11,19300	94
11,19367	94
11,19433	94
11,19500	94
11,19567	94
11,19633	95
11,19700	95
11,19767	95
11,19833	95
11,19900	95
11,19967	96
11,20033	96
11,20100	96
11,20167	96
11,20233	97
11,20300	97
11,20367	97
11,20433	97
11,20500	97
11,20567	97
11,20633	98
11,20700	98
11,20767	98
11,20833	98
11,20900	98
11,20967	98
11,21033	98
11,21100	98
11,21167	98
11,21233	98
11,21300	98
11,21367	98
11,21433	98
11,21500	98
11,21567	99
11,21633	99
11,21700	100
11,21767	100
11,21833	100
11,21900	101
11,21967	101
11,22033	102
11,22100	102
11,22167	102
11,22233	102
11,22300	103
11,22367	103
11,22433	103
11,22500	103
11,22567	103
11,22633	103
11,22700	103
11,22767	104
11,22833	104
11,22900	104
11,22967	104
11,23033	104
11,23100	105
11,23167	105
11,23233	105
11,23300	105
11,23367	105
11,23433	105
11,23500	105
11,23567	105
11,23633	105
11,23700	105
11,23767	106
11,23833	106
11,23900	106
11,23967	106
11,24033	107
11,24100	107
11,24167	107
11,24233	107
11,24300	107
11,24367	107
11,24433	107
11,24500	107
11,24567	107
11,24633	107
11,24700	107
11,24767	107
11,24833	107
11,24900	107
11,24967	107
11,25033	107
11,25100	106
11,25167	106
11,25233	107
11,25300	107
11,25367	107
11,25433	107
11,25500	107
11,25567	106
11,25633	106
11,25700	106
11,25767	106
11,25833	106
11,25900	106
11,25967	105
11,26033	105
11,26100	105
11,26167	105
11,26233	105
11,26300	104
11,26367	104
11,26433	104
11,26500	104
11,26567	105
11,26633	105
11,26700	105
11,26767	105
11,26833	105
11,26900	105
11,26967	105
11,27033	105
11,27100	105
11,27167	105
11,27233	105
11,27300	105
11,27367	104
11,27433	104
11,27500	104
11,27567	104
11,27633	103
11,27700	103
11,27767	103
11,27833	103
11,27900	103
11,27967	103
11,28033	103
11,28100	103
11,28167	103
11,28233	103
11,28300	103
11,28367	103
11,28433	104
11,28500	104
11,28567	104
11,28633	104
11,28700	104
11,28767	104
11,28833	104
11,28900	104
11,28967	104
11,29033	104
11,29100	104
11,29167	105
11,29233	105
11,29300	106
11,29367	106
11,29433	107
11,29500	108
11,29567	108
11,29633	109
11,29700	109
11,29767	109
11,29833	110
11,29900	110
11,29967	111
11,30033	111
11,30100	112
11,30167	112
11,30233	113
11,30300	114
11,30367	114
11,30433	115
11,30500	115
11,30567	116
11,30633	117
11,30700	117
11,30767	118
11,30833	118
11,30900	119
11,30967	119
11,31033	119
11,31100	120
11,31167	120
11,31233	120
11,31300	120
11,31367	120
11,31433	120
11,31500	120
11,31567	120
11,31633	120
11,31700	119
11,31767	119
11,31833	119
11,31900	119
11,31967	119
11,32033	119
11,32100	119
11,32167	119
11,32233	119
11,32300	118
11,32367	118
11,32433	118
11,32500	118
11,32567	118
11,32633	118
11,32700	118
11,32767	118
11,32833	117
11,32900	117
11,32967	117
11,33033	117
11,33100	117
11,33167	117
11,33233	117
11,33300	117
11,33367	117
11,33433	117
11,33500	117
11,33567	117
11,33633	117
11,33700	117
11,33767	117
11,33833	117
11,33900	117
11,33967	117
11,34033	117
11,34100	117
11,34167	116
11,34233	116
11,34300	116
11,34367	116
11,34433	116
11,34500	116
11,34567	116
11,34633	116
11,34700	116
11,34767	116
11,34833	116
11,34900	116
11,34967	116
11,35033	116
11,35100	116
11,35167	116
11,35233	116
11,35300	115
11,35367	115
11,35433	115
11,35500	115
11,35567	115
11,35633	115
11,35700	115
11,35767	115
11,35833	115
11,35900	114
11,35967	114
11,36033	114
11,36100	113
11,36167	113
11,36233	112
11,36300	112
11,36367	112
11,36433	112
11,36500	111
11,36567	111
11,36633	111
11,36700	111
11,36767	111
11,36833	111
11,36900	112
11,36967	112
11,37033	112
11,37100	111
11,37167	111
11,37233	111
11,37300	111
11,37367	111
11,37433	110
11,37500	110
11,37567	110
11,37633	110
11,37700	110
11,37767	110
11,37833	110
11,37900	111
11,37967	111
11,38033	111
11,38100	111
11,38167	111
11,38233	112
11,38300	112
11,38367	112
11,38433	112
11,38500	113
11,38567	113
11,38633	113
11,38700	113
11,38767	114
11,38833	114
11,38900	114
11,38967	115
11,39033	115
11,39100	116
11,39167	116
11,39233	117
11,39300	117
11,39367	117
11,39433	118
11,39500	118
11,39567	119
11,39633	119
11,39700	120
11,39767	120
11,39833	121
11,39900	121
11,39967	122
11,40033	122
11,40100	123
11,40167	123
11,40233	123
11,40300	123
11,40367	123
11,40433	123
11,40500	123
11,40567	123
11,40633	123
11,40700	123
11,40767	123
11,40833	123
11,40900	123
11,40967	123
11,41033	122
11,41100	122
11,41167	123
11,41233	123
11,41300	123
11,41367	123
11,41433	123
11,41500	123
11,41567	123
11,41633	123
11,41700	123
11,41767	123
11,41833	123
11,41900	123
11,41967	123
11,42033	123
11,42100	123
11,42167	123
11,42233	123
11,42300	123
11,42367	123
11,42433	124
11,42500	124
11,42567	124
11,42633	124
11,42700	124
11,42767	124
11,42833	124
11,42900	124
11,42967	124
11,43033	124
11,43100	124
11,43167	124
11,43233	124
11,43300	123
11,43367	123
11,43433	123
11,43500	123
11,43567	122
11,43633	122
11,43700	122
11,43767	122
11,43833	121
11,43900	121
11,43967	121
11,44033	121
11,44100	121
11,44167	121
11,44233	120
11,44300	120
11,44367	120
11,44433	120
11,44500	121
11,44567	121
11,44633	120
11,44700	120
11,44767	120
11,44833	120
11,44900	120
11,44967	120
11,45033	120
11,45100	120
11,45167	120
11,45233	121
11,45300	121
11,45367	121
11,45433	121
11,45500	121
11,45567	121
11,45633	120
11,45700	120
11,45767	120
11,45833	120
11,45900	120
11,45967	120
11,46033	119
11,46100	119
11,46167	119
11,46233	119
11,46300	119
11,46367	118
11,46433	118
11,46500	118
11,46567	118
11,46633	117
11,46700	117
11,46767	117
11,46833	116
11,46900	116
11,46967	116
11,47033	116
11,47100	116
11,47167	116
11,47233	115
11,47300	115
11,47367	115
11,47433	115
11,47500	115
11,47567	115
11,47633	115
11,47700	115
11,47767	115
11,47833	115
11,47900	115
11,47967	115
11,48033	115
11,48100	115
11,48167	115
11,48233	115
11,48300	115
11,48367	115
11,48433	115
11,48500	115
11,48567	114
11,48633	114
11,48700	114
11,48767	114
11,48833	113
11,48900	113
11,48967	113
11,49033	112
11,49100	112
11,49167	112
11,49233	112
11,49300	112
11,49367	112
11,49433	112
11,49500	112
11,49567	112
11,49633	112
11,49700	112
11,49767	112
11,49833	112
11,49900	112
11,49967	112
11,50033	112
11,50100	112
11,50167	112
11,50233	112
11,50300	112
11,50367	112
11,50433	113
11,50500	113
11,50567	113
11,50633	113
11,50700	113
11,50767	113
11,50833	114
11,50900	114
11,50967	114
11,51033	114
11,51100	113
11,51167	113
11,51233	113
11,51300	113
11,51367	113
11,51433	113
11,51500	113
11,51567	113
11,51633	113
11,51700	113
11,51767	113
11,51833	113
11,51900	113
11,51967	113
11,52033	113
11,52100	112
11,52167	112
11,52233	112
11,52300	112
11,52367	112
11,52433	112
11,52500	112
11,52567	112
11,52633	112
11,52700	112
11,52767	112
11,52833	112
11,52900	113
11,52967	113
11,53033	113
11,53100	113
11,53167	113
11,53233	113
11,53300	114
11,53367	114
11,53433	114
11,53500	114
11,53567	114
11,53633	113
11,53700	113
11,53767	113
11,53833	113
11,53900	113
11,53967	113
11,54033	113
11,54100	113
11,54167	113
11,54233	113
11,54300	113
11,54367	113
11,54433	112
11,54500	112
11,54567	112
11,54633	111
11,54700	111
11,54767	111
11,54833	111
11,54900	111
11,54967	111
11,55033	110
11,55100	110
11,55167	110
11,55233	110
11,55300	110
11,55367	109
11,55433	109
11,55500	109
11,55567	109
11,55633	109
11,55700	109
11,55767	109
11,55833	109
11,55900	109
11,55967	109
11,56033	109
11,56100	109
11,56167	109
11,56233	109
11,56300	109
11,56367	109
11,56433	108
11,56500	108
11,56567	108
11,56633	107
11,56700	107
11,56767	107
11,56833	107
11,56900	106
11,56967	106
11,57033	106
11,57100	106
11,57167	106
11,57233	106
11,57300	106
11,57367	106
11,57433	106
11,57500	105
11,57567	105
11,57633	105
11,57700	104
11,57767	104
11,57833	103
11,57900	103
11,57967	102
11,58033	102
11,58100	102
11,58167	101
11,58233	101
11,58300	101
11,58367	100
11,58433	100
11,58500	99
11,58567	99
11,58633	99
11,58700	98
11,58767	98
11,58833	98
11,58900	98
11,58967	97
11,59033	97
11,59100	97
11,59167	98
11,59233	98
11,59300	98
11,59367	98
11,59433	98
11,59500	99
11,59567	99
11,59633	99
11,59700	99
11,59767	98
11,59833	98
11,59900	98
11,59967	97
11,60033	97
11,60100	97
11,60167	96
11,60233	96
11,60300	95
11,60367	95
11,60433	95
11,60500	95
11,60567	95
11,60633	95
11,60700	95
11,60767	95
11,60833	95
11,60900	95
11,60967	95
11,61033	95
11,61100	96
11,61167	96
11,61233	96
11,61300	96
11,61367	97
11,61433	96
11,61500	96
11,61567	96
11,61633	96
11,61700	97
11,61767	97
11,61833	97
11,61900	97
11,61967	97
11,62033	98
11,62100	98
11,62167	98
11,62233	98
11,62300	98
11,62367	97
11,62433	97
11,62500	97
11,62567	97
11,62633	97
11,62700	97
11,62767	97
11,62833	97
11,62900	97
11,62967	97
11,63033	97
11,63100	97
11,63167	97
11,63233	97
11,63300	97
11,63367	97
11,63433	96
11,63500	96
11,63567	96
11,63633	96
11,63700	96
11,63767	95
11,63833	95
11,63900	95
11,63967	95
11,64033	94
11,64100	94
11,64167	94
11,64233	94
11,64300	94
11,64367	94
11,64433	94
11,64500	94
11,64567	94
11,64633	95
11,64700	95
11,64767	95
11,64833	95
11,64900	95
11,64967	95
11,65033	96
11,65100	96
11,65167	96
11,65233	96
11,65300	96
11,65367	96
11,65433	96
11,65500	97
11,65567	97
11,65633	97
11,65700	98
11,65767	98
11,65833	99
11,65900	99
11,65967	100
11,66033	100
11,66100	101
11,66167	101
11,66233	102
11,66300	103
11,66367	104
11,66433	104
11,66500	105
11,66567	106
11,66633	107
11,66700	109
11,66767	110
11,66833	111
11,66900	113
11,66967	115
11,67033	116
11,67100	118
11,67167	120
11,67233	121
11,67300	123
11,67367	125
11,67433	127
11,67500	128
11,67567	130
11,67633	132
11,67700	133
11,67767	135
11,67833	137
11,67900	138
11,67967	140
11,68033	141
11,68100	142
11,68167	144
11,68233	145
11,68300	146
11,68367	147
11,68433	147
11,68500	148
11,68567	149
11,68633	149
11,68700	150
11,68767	150
11,68833	151
11,68900	151
11,68967	151
11,69033	151
11,69100	151
11,69167	151
11,69233	151
11,69300	150
11,69367	150
11,69433	150
11,69500	150
11,69567	149
11,69633	149
11,69700	149
11,69767	148
11,69833	148
11,69900	147
11,69967	146
11,70033	146
11,70100	145
11,70167	144
11,70233	143
11,70300	142
11,70367	141
11,70433	140
11,70500	139
11,70567	138
11,70633	137
11,70700	136
11,70767	135
11,70833	134
11,70900	134
11,70967	133
11,71033	133
11,71100	132
11,71167	131
11,71233	131
11,71300	130
11,71367	130
11,71433	129
11,71500	129
11,71567	128
11,71633	128
11,71700	127
11,71767	127
11,71833	126
11,71900	126
11,71967	125
11,72033	125
11,72100	124
11,72167	124
11,72233	124
11,72300	124
11,72367	123
11,72433	123
11,72500	122
11,72567	122
11,72633	121
11,72700	121
11,72767	120
11,72833	120
11,72900	119
11,72967	119
11,73033	119
11,73100	119
11,73167	118
11,73233	118
11,73300	117
11,73367	117
11,73433	116
11,73500	116
11,73567	115
11,73633	115
11,73700	114
11,73767	114
11,73833	114
11,73900	114
11,73967	113
11,74033	113
11,74100	113
11,74167	113
11,74233	113
11,74300	113
11,74367	112
11,74433	112
11,74500	111
11,74567	111
11,74633	110
11,74700	110
11,74767	110
11,74833	110
11,74900	110
11,74967	110
11,75033	110
11,75100	110
11,75167	109
11,75233	109
11,75300	109
11,75367	109
11,75433	109
11,75500	108
11,75567	108
11,75633	107
11,75700	107
11,75767	107
11,75833	106
11,75900	106
11,75967	105
11,76033	105
11,76100	105
11,76167	105
11,76233	105
11,76300	104
11,76367	104
11,76433	104
11,76500	104
11,76567	104
11,76633	104
11,76700	104
11,76767	104
11,76833	104
11,76900	104
11,76967	104
11,77033	104
11,77100	103
11,77167	103
11,77233	103
11,77300	103
11,77367	103
11,77433	103
11,77500	104
11,77567	104
11,77633	104
11,77700	103
11,77767	103
11,77833	103
11,77900	103
11,77967	103
11,78033	103
11,78100	103
11,78167	103
11,78233	103
11,78300	103
11,78367	103
11,78433	103
11,78500	103
11,78567	103
11,78633	104
11,78700	104
11,78767	104
11,78833	104
11,78900	104
11,78967	104
11,79033	104
11,79100	104
11,79167	104
11,79233	103
11,79300	103
11,79367	103
11,79433	103
11,79500	103
11,79567	102
11,79633	102
11,79700	102
11,79767	102
11,79833	101
11,79900	101
11,79967	101
11,80033	101
11,80100	100
11,80167	100
11,80233	100
11,80300	100
11,80367	101
11,80433	101
11,80500	101
11,80567	101
11,80633	102
11,80700	102
11,80767	102
11,80833	102
11,80900	102
11,80967	102
11,81033	101
11,81100	101
11,81167	101
11,81233	101
11,81300	101
11,81367	102
11,81433	102
11,81500	103
11,81567	103
11,81633	103
11,81700	104
11,81767	104
11,81833	104
11,81900	104
11,81967	104
11,82033	104
11,82100	104
11,82167	104
11,82233	104
11,82300	104
11,82367	104
11,82433	104
11,82500	104
11,82567	104
11,82633	104
11,82700	104
11,82767	104
11,82833	104
11,82900	103
11,82967	103
11,83033	102
11,83100	102
11,83167	102
11,83233	101
11,83300	101
11,83367	100
11,83433	100
11,83500	99
11,83567	98
11,83633	98
11,83700	97
11,83767	97
11,83833	97
11,83900	97
11,83967	97
11,84033	97
11,84100	97
11,84167	97
11,84233	97
11,84300	97
11,84367	97
11,84433	97
11,84500	96
11,84567	96
11,84633	96
11,84700	96
11,84767	95
11,84833	95
11,84900	95
11,84967	95
11,85033	94
11,85100	94
11,85167	94
11,85233	94
11,85300	94
11,85367	94
11,85433	94
11,85500	94
11,85567	93
11,85633	93
11,85700	93
11,85767	93
11,85833	94
11,85900	94
11,85967	94
11,86033	94
11,86100	94
11,86167	94
11,86233	94
11,86300	94
11,86367	94
11,86433	94
11,86500	94
11,86567	94
11,86633	94
11,86700	94
11,86767	94
11,86833	94
11,86900	94
11,86967	94
11,87033	94
11,87100	94
11,87167	94
11,87233	94
11,87300	94
11,87367	94
11,87433	94
11,87500	93
11,87567	93
11,87633	93
11,87700	92
11,87767	92
11,87833	92
11,87900	91
11,87967	91
11,88033	91
11,88100	91
11,88167	90
11,88233	90
11,88300	90
11,88367	90
11,88433	90
11,88500	90
11,88567	89
11,88633	89
11,88700	89
11,88767	89
11,88833	89
11,88900	89
11,88967	89
11,89033	89
11,89100	89
11,89167	88
11,89233	88
11,89300	88
11,89367	87
11,89433	87
11,89500	87
11,89567	87
11,89633	87
11,89700	87
11,89767	87
11,89833	87
11,89900	87
11,89967	87
11,90033	87
11,90100	87
11,90167	87
11,90233	87
11,90300	86
11,90367	86
11,90433	86
11,90500	85
11,90567	85
11,90633	85
11,90700	85
11,90767	84
11,90833	84
11,90900	84
11,90967	84
11,91033	84
11,91100	84
11,91167	84
11,91233	84
11,91300	84
11,91367	84
11,91433	84
11,91500	84
11,91567	84
11,91633	84
11,91700	84
11,91767	84
11,91833	85
11,91900	85
11,91967	85
11,92033	85
11,92100	86
11,92167	86
11,92233	86
11,92300	86
11,92367	87
11,92433	87
11,92500	87
11,92567	88
11,92633	88
11,92700	88
11,92767	88
11,92833	88
11,92900	88
11,92967	89
11,93033	89
11,93100	89
11,93167	89
11,93233	89
11,93300	89
11,93367	89
11,93433	89
11,93500	89
11,93567	88
11,93633	88
11,93700	88
11,93767	87
11,93833	87
11,93900	87
11,93967	87
11,94033	87
11,94100	87
11,94167	87
11,94233	88
11,94300	88
11,94367	88
11,94433	89
11,94500	89
11,94567	89
11,94633	89
11,94700	89
11,94767	89
11,94833	90
11,94900	90
11,94967	90
11,95033	90
11,95100	90
11,95167	90
11,95233	91
11,95300	91
11,95367	91
11,95433	92
11,95500	92
11,95567	92
11,95633	93
11,95700	93
11,95767	94
11,95833	94
11,95900	95
11,95967	95
11,96033	96
11,96100	96
11,96167	96
11,96233	97
11,96300	97
11,96367	97
11,96433	98
11,96500	98
11,96567	98
11,96633	98
11,96700	99
11,96767	98
11,96833	98
11,96900	98
11,96967	98
11,97033	98
11,97100	98
11,97167	98
11,97233	98
11,97300	98
11,97367	98
11,97433	98
11,97500	98
11,97567	98
11,97633	98
11,97700	99
11,97767	99
11,97833	99
11,97900	99
11,97967	99
11,98033	99
11,98100	99
11,98167	99
11,98233	99
11,98300	99
11,98367	99
11,98433	99
11,98500	100
11,98567	100
11,98633	100
11,98700	99
11,98767	99
11,98833	99
11,98900	100
11,98967	100
11,99033	100
11,99100	100
11,99167	100
11,99233	100
11,99300	100
11,99367	100
11,99433	100
11,99500	100
11,99567	100
11,99633	100
11,99700	100
11,99767	100
11,99833	100
11,99900	100
11,99967	100
12,00033	101
12,00100	101
12,00167	101
12,00233	101
12,00300	101
12,00367	101
12,00433	101
12,00500	102
12,00567	102
12,00633	102
12,00700	103
12,00767	103
12,00833	104
12,00900	104
12,00967	105
12,01033	105
12,01100	106
12,01167	106
12,01233	107
12,01300	107
12,01367	108
12,01433	108
12,01500	109
12,01567	110
12,01633	111
12,01700	111
12,01767	112
12,01833	113
12,01900	113
12,01967	114
12,02033	114
12,02100	115
12,02167	116
12,02233	116
12,02300	117
12,02367	117
12,02433	118
12,02500	119
12,02567	119
12,02633	120
12,02700	121
12,02767	122
12,02833	123
12,02900	124
12,02967	125
12,03033	125
12,03100	126
12,03167	126
12,03233	126
12,03300	127
12,03367	127
12,03433	128
12,03500	128
12,03567	129
12,03633	129
12,03700	130
12,03767	130
12,03833	131
12,03900	132
12,03967	133
12,04033	133
12,04100	134
12,04167	135
12,04233	135
12,04300	135
12,04367	136
12,04433	136
12,04500	136
12,04567	136
12,04633	137
12,04700	137
12,04767	136
12,04833	136
12,04900	136
12,04967	136
12,05033	136
12,05100	135
12,05167	135
12,05233	135
12,05300	135
12,05367	135
12,05433	135
12,05500	135
12,05567	135
12,05633	135
12,05700	135
12,05767	135
12,05833	135
12,05900	135
12,05967	135
12,06033	136
12,06100	136
12,06167	136
12,06233	136
12,06300	136
12,06367	136
12,06433	136
12,06500	136
12,06567	136
12,06633	135
12,06700	135
12,06767	135
12,06833	135
12,06900	135
12,06967	135
12,07033	135
12,07100	135
12,07167	135
12,07233	135
12,07300	135
12,07367	135
12,07433	135
12,07500	135
12,07567	135
12,07633	135
12,07700	135
12,07767	135
12,07833	134
12,07900	134
12,07967	133
12,08033	133
12,08100	133
12,08167	132
12,08233	132
12,08300	132
12,08367	132
12,08433	132
12,08500	132
12,08567	131
12,08633	131
12,08700	131
12,08767	131
12,08833	130
12,08900	130
12,08967	130
12,09033	129
12,09100	129
12,09167	129
12,09233	129
12,09300	129
12,09367	129
12,09433	128
12,09500	128
12,09567	128
12,09633	127
12,09700	127
12,09767	126
12,09833	126
12,09900	125
12,09967	125
12,10033	124
12,10100	124
12,10167	123
12,10233	122
12,10300	122
12,10367	121
12,10433	120
12,10500	120
12,10567	119
12,10633	119
12,10700	118
12,10767	117
12,10833	116
12,10900	116
12,10967	115
12,11033	114
12,11100	114
12,11167	113
12,11233	112
12,11300	112
12,11367	111
12,11433	110
12,11500	110
12,11567	109
12,11633	108
12,11700	107
12,11767	106
12,11833	105
12,11900	105
12,11967	104
12,12033	104
12,12100	103
12,12167	103
12,12233	102
12,12300	102
12,12367	101
12,12433	101
12,12500	100
12,12567	100
12,12633	100
12,12700	99
12,12767	99
12,12833	99
12,12900	98
12,12967	98
12,13033	97
12,13100	97
12,13167	97
12,13233	96
12,13300	96
12,13367	96
12,13433	96
12,13500	95
12,13567	95
12,13633	95
12,13700	95
12,13767	95
12,13833	95
12,13900	95
12,13967	95
12,14033	95
12,14100	95
12,14167	95
12,14233	95
12,14300	95
12,14367	95
12,14433	95
12,14500	95
12,14567	95
12,14633	95
12,14700	95
12,14767	96
12,14833	96
12,14900	96
12,14967	96
12,15033	96
12,15100	96
12,15167	97
12,15233	97
12,15300	97
12,15367	97
12,15433	98
12,15500	98
12,15567	98
12,15633	99
12,15700	99
12,15767	99
12,15833	99
12,15900	99
12,15967	100
12,16033	100
12,16100	100
12,16167	100
12,16233	100
12,16300	100
12,16367	100
12,16433	100
12,16500	100
12,16567	100
12,16633	100
12,16700	100
12,16767	100
12,16833	100
12,16900	99
12,16967	99
12,17033	99
12,17100	98
12,17167	98
12,17233	98
12,17300	97
12,17367	97
12,17433	97
12,17500	96
12,17567	96
12,17633	96
12,17700	96
12,17767	96
12,17833	96
12,17900	96
12,17967	96
12,18033	96
12,18100	96
12,18167	96
12,18233	95
12,18300	95
12,18367	95
12,18433	95
12,18500	95
12,18567	95
12,18633	94
12,18700	94
12,18767	94
12,18833	94
12,18900	94
12,18967	94
12,19033	95
12,19100	95
12,19167	95
12,19233	95
12,19300	94
12,19367	94
12,19433	94
12,19500	94
12,19567	93
12,19633	93
12,19700	92
12,19767	92
12,19833	92
12,19900	92
12,19967	92
12,20033	91
12,20100	91
12,20167	91
12,20233	91
12,20300	91
12,20367	91
12,20433	90
12,20500	90
12,20567	90
12,20633	90
12,20700	89
12,20767	89
12,20833	89
12,20900	89
12,20967	89
12,21033	89
12,21100	89
12,21167	89
12,21233	89
12,21300	89
12,21367	88
12,21433	88
12,21500	88
12,21567	88
12,21633	88
12,21700	88
12,21767	88
12,21833	88
12,21900	88
12,21967	88
12,22033	88
12,22100	89
12,22167	89
12,22233	88
12,22300	88
12,22367	88
12,22433	88
12,22500	88
12,22567	87
12,22633	87
12,22700	87
12,22767	87
12,22833	86
12,22900	86
12,22967	86
12,23033	86
12,23100	87
12,23167	87
12,23233	87
12,23300	87
12,23367	87
12,23433	88
12,23500	88
12,23567	88
12,23633	88
12,23700	88
12,23767	88
12,23833	88
12,23900	88
12,23967	88
12,24033	87
12,24100	87
12,24167	87
12,24233	87
12,24300	87
12,24367	87
12,24433	88
12,24500	88
12,24567	88
12,24633	88
12,24700	88
12,24767	88
12,24833	88
12,24900	88
12,24967	87
12,25033	88
12,25100	88
12,25167	88
12,25233	88
12,25300	88
12,25367	88
12,25433	88
12,25500	88
12,25567	89
12,25633	89
12,25700	89
12,25767	89
12,25833	89
12,25900	89
12,25967	89
12,26033	89
12,26100	89
12,26167	89
12,26233	89
12,26300	89
12,26367	89
12,26433	89
12,26500	89
12,26567	89
12,26633	88
12,26700	88
12,26767	88
12,26833	87
12,26900	87
12,26967	87
12,27033	86
12,27100	86
12,27167	86
12,27233	86
12,27300	86
12,27367	85
12,27433	85
12,27500	85
12,27567	85
12,27633	85
12,27700	85
12,27767	85
12,27833	85
12,27900	85
12,27967	84
12,28033	84
12,28100	84
12,28167	84
12,28233	85
12,28300	85
12,28367	85
12,28433	85
12,28500	85
12,28567	85
12,28633	86
12,28700	86
12,28767	86
12,28833	86
12,28900	86
12,28967	86
12,29033	86
12,29100	86
12,29167	86
12,29233	86
12,29300	86
12,29367	86
12,29433	85
12,29500	85
12,29567	85
12,29633	85
12,29700	85
12,29767	85
12,29833	85
12,29900	85
12,29967	85
12,30033	85
12,30100	85
12,30167	85
12,30233	84
12,30300	84
12,30367	84
12,30433	84
12,30500	84
12,30567	84
12,30633	84
12,30700	84
12,30767	84
12,30833	84
12,30900	84
12,30967	83
12,31033	83
12,31100	83
12,31167	83
12,31233	82
12,31300	82
12,31367	82
12,31433	82
12,31500	82
12,31567	82
12,31633	82
12,31700	82
12,31767	82
12,31833	82
12,31900	82
12,31967	82
12,32033	81
12,32100	81
12,32167	81
12,32233	81
12,32300	81
12,32367	81
12,32433	81
12,32500	81
12,32567	81
12,32633	80
12,32700	80
12,32767	81
12,32833	81
12,32900	81
12,32967	81
12,33033	81
12,33100	81
12,33167	81
12,33233	81
12,33300	81
12,33367	81
12,33433	81
12,33500	80
12,33567	80
12,33633	80
12,33700	80
12,33767	80
12,33833	80
12,33900	81
12,33967	81
12,34033	81
12,34100	81
12,34167	81
12,34233	82
12,34300	82
12,34367	82
12,34433	82
12,34500	82
12,34567	82
12,34633	82
12,34700	82
12,34767	82
12,34833	82
12,34900	82
12,34967	82
12,35033	82
12,35100	82
12,35167	82
12,35233	82
12,35300	81
12,35367	81
12,35433	81
12,35500	81
12,35567	81
12,35633	81
12,35700	81
12,35767	82
12,35833	82
12,35900	82
12,35967	82
12,36033	82
12,36100	82
12,36167	83
12,36233	83
12,36300	83
12,36367	83
12,36433	83
12,36500	83
12,36567	83
12,36633	83
12,36700	83
12,36767	83
12,36833	83
12,36900	83
12,36967	83
12,37033	83
12,37100	83
12,37167	83
12,37233	83
12,37300	83
12,37367	83
12,37433	82
12,37500	82
12,37567	82
12,37633	82
12,37700	82
12,37767	82
12,37833	82
12,37900	82
12,37967	82
12,38033	82
12,38100	82
12,38167	82
12,38233	82
12,38300	82
12,38367	82
12,38433	82
12,38500	82
12,38567	82
12,38633	82
12,38700	82
12,38767	83
12,38833	83
12,38900	83
12,38967	83
12,39033	83
12,39100	83
12,39167	83
12,39233	83
12,39300	83
12,39367	83
12,39433	83
12,39500	83
12,39567	83
12,39633	83
12,39700	83
12,39767	83
12,39833	82
12,39900	82
12,39967	82
12,40033	81
12,40100	81
12,40167	81
12,40233	81
12,40300	81
12,40367	81
12,40433	81
12,40500	81
12,40567	81
12,40633	81
12,40700	81
12,40767	81
12,40833	80
12,40900	80
12,40967	80
12,41033	80
12,41100	79
12,41167	79
12,41233	79
12,41300	78
12,41367	78
12,41433	78
12,41500	77
12,41567	77
12,41633	77
12,41700	77
12,41767	77
12,41833	77
12,41900	77
12,41967	77
12,42033	77
12,42100	77
12,42167	77
12,42233	77
12,42300	77
12,42367	77
12,42433	77
12,42500	77
12,42567	77
12,42633	78
12,42700	78
12,42767	78
12,42833	78
12,42900	78
12,42967	78
12,43033	78
12,43100	77
12,43167	77
12,43233	77
12,43300	77
12,43367	77
12,43433	77
12,43500	77
12,43567	77
12,43633	77
12,43700	77
12,43767	77
12,43833	77
12,43900	77
12,43967	76
12,44033	76
12,44100	76
12,44167	76
12,44233	76
12,44300	76
12,44367	76
12,44433	76
12,44500	76
12,44567	76
12,44633	76
12,44700	76
12,44767	76
12,44833	76
12,44900	76
12,44967	76
12,45033	76
12,45100	76
12,45167	77
12,45233	77
12,45300	77
12,45367	78
12,45433	78
12,45500	79
12,45567	79
12,45633	79
12,45700	79
12,45767	79
12,45833	80
12,45900	80
12,45967	80
12,46033	80
12,46100	80
12,46167	80
12,46233	80
12,46300	81
12,46367	81
12,46433	81
12,46500	82
12,46567	82
12,46633	83
12,46700	84
12,46767	84
12,46833	85
12,46900	86
12,46967	87
12,47033	88
12,47100	89
12,47167	90
12,47233	91
12,47300	92
12,47367	94
12,47433	95
12,47500	97
12,47567	99
12,47633	101
12,47700	103
12,47767	106
12,47833	109
12,47900	111
12,47967	114
12,48033	118
12,48100	121
12,48167	125
12,48233	128
12,48300	132
12,48367	136
12,48433	140
12,48500	145
12,48567	149
12,48633	154
12,48700	159
12,48767	165
12,48833	170
12,48900	175
12,48967	181
12,49033	186
12,49100	191
12,49167	196
12,49233	201
12,49300	206
12,49367	211
12,49433	216
12,49500	221
12,49567	226
12,49633	230
12,49700	235
12,49767	239
12,49833	244
12,49900	248
12,49967	251
12,50033	255
12,50100	258
12,50167	261
12,50233	263
12,50300	265
12,50367	267
12,50433	268
12,50500	270
12,50567	271
12,50633	271
12,50700	272
12,50767	272
12,50833	272
12,50900	272
12,50967	272
12,51033	271
12,51100	270
12,51167	268
12,51233	267
12,51300	265
12,51367	263
12,51433	261
12,51500	258
12,51567	256
12,51633	254
12,51700	251
12,51767	249
12,51833	246
12,51900	243
12,51967	240
12,52033	237
12,52100	234
12,52167	231
12,52233	228
12,52300	225
12,52367	221
12,52433	218
12,52500	215
12,52567	211
12,52633	208
12,52700	204
12,52767	201
12,52833	198
12,52900	195
12,52967	192
12,53033	189
12,53100	186
12,53167	183
12,53233	180
12,53300	177
12,53367	174
12,53433	171
12,53500	168
12,53567	166
12,53633	163
12,53700	161
12,53767	158
12,53833	156
12,53900	154
12,53967	152
12,54033	150
12,54100	147
12,54167	146
12,54233	144
12,54300	142
12,54367	140
12,54433	139
12,54500	137
12,54567	136
12,54633	135
12,54700	133
12,54767	132
12,54833	131
12,54900	130
12,54967	129
12,55033	128
12,55100	127
12,55167	127
12,55233	126
12,55300	125
12,55367	125
12,55433	124
12,55500	124
12,55567	123
12,55633	122
12,55700	122
12,55767	121
12,55833	121
12,55900	120
12,55967	119
12,56033	119
12,56100	118
12,56167	117
12,56233	117
12,56300	116
12,56367	115
12,56433	115
12,56500	114
12,56567	113
12,56633	112
12,56700	112
12,56767	111
12,56833	111
12,56900	110
12,56967	110
12,57033	110
12,57100	109
12,57167	109
12,57233	108
12,57300	108
12,57367	108
12,57433	107
12,57500	107
12,57567	106
12,57633	105
12,57700	105
12,57767	104
12,57833	103
12,57900	103
12,57967	102
12,58033	102
12,58100	102
12,58167	102
12,58233	102
12,58300	102
12,58367	102
12,58433	102
12,58500	102
12,58567	101
12,58633	101
12,58700	101
12,58767	101
12,58833	100
12,58900	100
12,58967	100
12,59033	99
12,59100	99
12,59167	98
12,59233	98
12,59300	98
12,59367	97
12,59433	97
12,59500	96
12,59567	96
12,59633	96
12,59700	95
12,59767	95
12,59833	94
12,59900	94
12,59967	94
12,60033	93
12,60100	93
12,60167	93
12,60233	93
12,60300	93
12,60367	93
12,60433	92
12,60500	92
12,60567	92
12,60633	92
12,60700	92
12,60767	92
12,60833	92
12,60900	91
12,60967	91
12,61033	91
12,61100	91
12,61167	92
12,61233	92
12,61300	92
12,61367	92
12,61433	92
12,61500	92
12,61567	92
12,61633	92
12,61700	92
12,61767	92
12,61833	92
12,61900	92
12,61967	91
12,62033	91
12,62100	91
12,62167	91
12,62233	91
12,62300	91
12,62367	91
12,62433	92
12,62500	92
12,62567	92
12,62633	92
12,62700	92
12,62767	93
12,62833	93
12,62900	92
12,62967	92

