[Header]
Application Name	LabSolutions
Version	5.97
Data File Name	G:\GC data\Mara\MWH_027\27.04.2026_MWH_027_t30m_001.gcd
Output Date	30.04.2026
Output Time	14:37:02

[File Information]
Type	Data File
Generated	27.04.2026 15:50:44
Generated by	System Administrator
Modified	30.04.2026 14:37:02
Modified by	System Administrator

[Sample Information]
Operator Name	System Administrator
Acquired	27.04.2026 15:53:57
Sample Type	0:Unknown
Level	0
Sample Name	MWH_027_t30m
Sample ID	
ISTD Amount1	1
ISTD Amount2	1
ISTD Amount3	1
ISTD Amount4	1
ISTD Amount5	1
ISTD Amount6	1
ISTD Amount7	1
ISTD Amount8	1
ISTD Amount9	1
ISTD Amount10	1
ISTD Amount11	1
ISTD Amount12	1
ISTD Amount13	1
ISTD Amount14	1
ISTD Amount15	1
ISTD Amount16	1
ISTD Amount17	1
ISTD Amount18	1
ISTD Amount19	1
ISTD Amount20	1
ISTD Amount21	1
ISTD Amount22	1
ISTD Amount23	1
ISTD Amount24	1
ISTD Amount25	1
ISTD Amount26	1
ISTD Amount27	1
ISTD Amount28	1
ISTD Amount29	1
ISTD Amount30	1
ISTD Amount31	1
ISTD Amount32	1
Sample Amount	1
Dilution Factor	1
Vial#	4
Injection Volume	0,2
Injection Count	1
Bar Code	

[Original Files]
Data File	G:\GC data\Mara\27.04.2026_MWH_027_t30m_001.gcd
Method File	G:\GC data\MWH3_60-150-200_0-2uL_split50.gcm
Batch File	G:\GC data\Mara\MWH_027-029.gcb
Report Format File	c:\LabSolutions\System\DEFAULT.lsr

[File Description]


[Configuration]
Instrument Name	GC-3
Instrument #	1
Line #	1
# of Detectors	1
Detector ID	DET#4
Detector Name	FID1
# of Channels	1

[Peak Table(Ch1)]
# of Peaks	7
Peak#	R.Time	I.Time	F.Time	Area	Height	A/H	Conc.	Mark	ID#	Name	k'	Plate #	Plate Ht.	Tailing	Resolution	Sep.Factor	Area Ratio	Height Ratio	Conc. %	Norm Conc.
1	1,338	1,279	1,508	398171	314620	1,266	0,000	SV 			0,000	27711	0,000	1,482	0,000	0,000	0	0	0,000	0,000
2	1,570	1,508	2,142	7042989	5425184	1,298	0,000	SV 			0,173	36588	0,000	1,378	7,158	0,000	0	0	0,000	0,000
3	1,898	1,825	1,993	409431	284603	1,439	0,000	T  			0,419	44480	0,000	1,113	9,566	2,416	0	0	0,000	0,000
4	2,037	1,993	2,124	2652	1817	1,460	0,000	TV 			0,523	50669	0,000	1,409	3,858	1,248	0	0	0,000	0,000
5	2,680	2,646	2,866	777675	543136	1,432	0,000	 V 			1,004	88423	0,000	1,210	17,857	1,920	0	0	0,000	0,000
6	5,527	5,493	5,614	2857	1791	1,595	0,000	   			3,131	293845	0,000	1,352	74,294	3,120	0	0	0,000	0,000
7	7,554	7,476	8,144	1389685	571089	2,433	0,000	   			4,647	229911	0,000	0,814	39,160	1,484	0	0	0,000	0,000

[Chromatogram (Ch1)]
Interval(msec)	40
# of Points	18945
Start Time(min)	0,000
End Time(min)	12,630
R.Time (min)	Intensity
0,00017	3
0,00083	3
0,00150	3
0,00217	3
0,00283	4
0,00350	4
0,00417	4
0,00483	4
0,00550	4
0,00617	4
0,00683	4
0,00750	4
0,00817	4
0,00883	4
0,00950	4
0,01017	4
0,01083	4
0,01150	4
0,01217	3
0,01283	3
0,01350	3
0,01417	3
0,01483	3
0,01550	4
0,01617	4
0,01683	4
0,01750	4
0,01817	4
0,01883	4
0,01950	4
0,02017	4
0,02083	4
0,02150	4
0,02217	4
0,02283	4
0,02350	4
0,02417	4
0,02483	4
0,02550	4
0,02617	4
0,02683	4
0,02750	4
0,02817	4
0,02883	4
0,02950	3
0,03017	3
0,03083	3
0,03150	3
0,03217	3
0,03283	3
0,03350	3
0,03417	3
0,03483	3
0,03550	3
0,03617	3
0,03683	3
0,03750	3
0,03817	3
0,03883	3
0,03950	2
0,04017	2
0,04083	2
0,04150	2
0,04217	2
0,04283	2
0,04350	1
0,04417	1
0,04483	1
0,04550	1
0,04617	1
0,04683	1
0,04750	1
0,04817	1
0,04883	1
0,04950	1
0,05017	1
0,05083	1
0,05150	1
0,05217	1
0,05283	1
0,05350	1
0,05417	1
0,05483	2
0,05550	2
0,05617	2
0,05683	3
0,05750	3
0,05817	3
0,05883	3
0,05950	3
0,06017	2
0,06083	2
0,06150	2
0,06217	1
0,06283	1
0,06350	1
0,06417	0
0,06483	0
0,06550	0
0,06617	1
0,06683	1
0,06750	1
0,06817	1
0,06883	2
0,06950	2
0,07017	2
0,07083	3
0,07150	3
0,07217	3
0,07283	3
0,07350	3
0,07417	2
0,07483	2
0,07550	2
0,07617	2
0,07683	2
0,07750	2
0,07817	2
0,07883	2
0,07950	1
0,08017	1
0,08083	1
0,08150	1
0,08217	1
0,08283	0
0,08350	0
0,08417	0
0,08483	0
0,08550	0
0,08617	0
0,08683	0
0,08750	0
0,08817	0
0,08883	0
0,08950	0
0,09017	1
0,09083	1
0,09150	1
0,09217	1
0,09283	1
0,09350	1
0,09417	1
0,09483	1
0,09550	1
0,09617	1
0,09683	1
0,09750	1
0,09817	1
0,09883	1
0,09950	1
0,10017	0
0,10083	0
0,10150	0
0,10217	0
0,10283	0
0,10350	-0
0,10417	-0
0,10483	-0
0,10550	-0
0,10617	-0
0,10683	-1
0,10750	-1
0,10817	-1
0,10883	-1
0,10950	-1
0,11017	-1
0,11083	-0
0,11150	-0
0,11217	-0
0,11283	-0
0,11350	-0
0,11417	-0
0,11483	-0
0,11550	-0
0,11617	-0
0,11683	-0
0,11750	-0
0,11817	-0
0,11883	-0
0,11950	-0
0,12017	-0
0,12083	0
0,12150	0
0,12217	0
0,12283	0
0,12350	0
0,12417	0
0,12483	-0
0,12550	-0
0,12617	-0
0,12683	-0
0,12750	-1
0,12817	-1
0,12883	-1
0,12950	-1
0,13017	-1
0,13083	-1
0,13150	-1
0,13217	-1
0,13283	-1
0,13350	-1
0,13417	-1
0,13483	-1
0,13550	-1
0,13617	-1
0,13683	-2
0,13750	-2
0,13817	-2
0,13883	-2
0,13950	-2
0,14017	-2
0,14083	-2
0,14150	-2
0,14217	-2
0,14283	-2
0,14350	-2
0,14417	-2
0,14483	-2
0,14550	-2
0,14617	-2
0,14683	-2
0,14750	-2
0,14817	-2
0,14883	-2
0,14950	-2
0,15017	-2
0,15083	-2
0,15150	-2
0,15217	-2
0,15283	-3
0,15350	-3
0,15417	-3
0,15483	-3
0,15550	-3
0,15617	-3
0,15683	-3
0,15750	-3
0,15817	-3
0,15883	-3
0,15950	-3
0,16017	-3
0,16083	-3
0,16150	-3
0,16217	-3
0,16283	-3
0,16350	-3
0,16417	-3
0,16483	-3
0,16550	-3
0,16617	-3
0,16683	-3
0,16750	-3
0,16817	-4
0,16883	-4
0,16950	-4
0,17017	-4
0,17083	-4
0,17150	-5
0,17217	-5
0,17283	-5
0,17350	-4
0,17417	-4
0,17483	-4
0,17550	-4
0,17617	-4
0,17683	-4
0,17750	-4
0,17817	-4
0,17883	-4
0,17950	-4
0,18017	-5
0,18083	-5
0,18150	-5
0,18217	-4
0,18283	-4
0,18350	-4
0,18417	-4
0,18483	-4
0,18550	-4
0,18617	-4
0,18683	-4
0,18750	-4
0,18817	-5
0,18883	-5
0,18950	-5
0,19017	-5
0,19083	-5
0,19150	-5
0,19217	-5
0,19283	-5
0,19350	-6
0,19417	-6
0,19483	-6
0,19550	-6
0,19617	-6
0,19683	-5
0,19750	-5
0,19817	-5
0,19883	-4
0,19950	-4
0,20017	-4
0,20083	-3
0,20150	-3
0,20217	-3
0,20283	-2
0,20350	-2
0,20417	-2
0,20483	-1
0,20550	-1
0,20617	-1
0,20683	-1
0,20750	-0
0,20817	-0
0,20883	-0
0,20950	-0
0,21017	-0
0,21083	-1
0,21150	-1
0,21217	-1
0,21283	-0
0,21350	-0
0,21417	-0
0,21483	0
0,21550	0
0,21617	0
0,21683	0
0,21750	1
0,21817	1
0,21883	1
0,21950	1
0,22017	1
0,22083	1
0,22150	1
0,22217	1
0,22283	1
0,22350	0
0,22417	0
0,22483	-0
0,22550	-0
0,22617	-1
0,22683	-1
0,22750	-1
0,22817	-1
0,22883	-1
0,22950	-1
0,23017	-1
0,23083	-1
0,23150	-1
0,23217	-1
0,23283	-1
0,23350	-1
0,23417	-0
0,23483	-0
0,23550	-0
0,23617	-0
0,23683	-0
0,23750	0
0,23817	0
0,23883	0
0,23950	0
0,24017	0
0,24083	0
0,24150	0
0,24217	0
0,24283	0
0,24350	1
0,24417	1
0,24483	1
0,24550	1
0,24617	2
0,24683	2
0,24750	2
0,24817	2
0,24883	2
0,24950	2
0,25017	2
0,25083	2
0,25150	2
0,25217	2
0,25283	2
0,25350	2
0,25417	2
0,25483	1
0,25550	1
0,25617	1
0,25683	0
0,25750	-0
0,25817	-1
0,25883	-1
0,25950	-2
0,26017	-2
0,26083	-2
0,26150	-2
0,26217	-2
0,26283	-3
0,26350	-3
0,26417	-3
0,26483	-3
0,26550	-3
0,26617	-3
0,26683	-3
0,26750	-3
0,26817	-3
0,26883	-3
0,26950	-3
0,27017	-3
0,27083	-3
0,27150	-3
0,27217	-3
0,27283	-3
0,27350	-3
0,27417	-3
0,27483	-3
0,27550	-3
0,27617	-3
0,27683	-2
0,27750	-2
0,27817	-2
0,27883	-2
0,27950	-1
0,28017	-1
0,28083	-1
0,28150	-1
0,28217	-1
0,28283	-1
0,28350	-1
0,28417	-1
0,28483	-1
0,28550	-1
0,28617	-1
0,28683	-1
0,28750	-1
0,28817	-2
0,28883	-2
0,28950	-1
0,29017	-1
0,29083	-1
0,29150	-1
0,29217	-1
0,29283	-1
0,29350	-1
0,29417	-1
0,29483	-1
0,29550	-1
0,29617	-1
0,29683	-0
0,29750	-0
0,29817	0
0,29883	0
0,29950	1
0,30017	1
0,30083	1
0,30150	1
0,30217	1
0,30283	1
0,30350	1
0,30417	1
0,30483	1
0,30550	1
0,30617	1
0,30683	1
0,30750	1
0,30817	1
0,30883	0
0,30950	0
0,31017	0
0,31083	0
0,31150	0
0,31217	0
0,31283	-0
0,31350	-0
0,31417	-1
0,31483	-1
0,31550	-1
0,31617	-2
0,31683	-2
0,31750	-3
0,31817	-3
0,31883	-4
0,31950	-4
0,32017	-4
0,32083	-4
0,32150	-4
0,32217	-4
0,32283	-4
0,32350	-4
0,32417	-4
0,32483	-4
0,32550	-4
0,32617	-4
0,32683	-4
0,32750	-4
0,32817	-4
0,32883	-4
0,32950	-4
0,33017	-4
0,33083	-4
0,33150	-3
0,33217	-3
0,33283	-3
0,33350	-3
0,33417	-3
0,33483	-3
0,33550	-2
0,33617	-2
0,33683	-2
0,33750	-2
0,33817	-2
0,33883	-1
0,33950	-1
0,34017	-1
0,34083	-1
0,34150	-1
0,34217	-1
0,34283	-1
0,34350	-1
0,34417	-0
0,34483	-0
0,34550	-0
0,34617	-0
0,34683	0
0,34750	0
0,34817	0
0,34883	1
0,34950	1
0,35017	1
0,35083	1
0,35150	1
0,35217	1
0,35283	1
0,35350	1
0,35417	1
0,35483	1
0,35550	1
0,35617	1
0,35683	1
0,35750	1
0,35817	1
0,35883	1
0,35950	1
0,36017	1
0,36083	0
0,36150	0
0,36217	0
0,36283	0
0,36350	1
0,36417	1
0,36483	0
0,36550	0
0,36617	0
0,36683	0
0,36750	0
0,36817	0
0,36883	0
0,36950	0
0,37017	0
0,37083	0
0,37150	-0
0,37217	-0
0,37283	-0
0,37350	-0
0,37417	-0
0,37483	-0
0,37550	-0
0,37617	-0
0,37683	0
0,37750	0
0,37817	0
0,37883	1
0,37950	1
0,38017	1
0,38083	1
0,38150	2
0,38217	2
0,38283	2
0,38350	2
0,38417	2
0,38483	3
0,38550	3
0,38617	3
0,38683	3
0,38750	3
0,38817	3
0,38883	3
0,38950	3
0,39017	3
0,39083	3
0,39150	3
0,39217	3
0,39283	2
0,39350	2
0,39417	2
0,39483	2
0,39550	2
0,39617	2
0,39683	2
0,39750	2
0,39817	2
0,39883	2
0,39950	2
0,40017	2
0,40083	1
0,40150	1
0,40217	1
0,40283	1
0,40350	1
0,40417	1
0,40483	1
0,40550	1
0,40617	2
0,40683	2
0,40750	2
0,40817	1
0,40883	1
0,40950	1
0,41017	1
0,41083	1
0,41150	1
0,41217	1
0,41283	1
0,41350	1
0,41417	1
0,41483	1
0,41550	1
0,41617	1
0,41683	1
0,41750	1
0,41817	1
0,41883	0
0,41950	0
0,42017	-0
0,42083	-1
0,42150	-1
0,42217	-1
0,42283	-1
0,42350	-1
0,42417	-1
0,42483	-1
0,42550	-1
0,42617	-1
0,42683	-1
0,42750	-1
0,42817	-1
0,42883	-1
0,42950	-1
0,43017	-0
0,43083	-0
0,43150	0
0,43217	0
0,43283	0
0,43350	0
0,43417	0
0,43483	0
0,43550	0
0,43617	0
0,43683	1
0,43750	1
0,43817	1
0,43883	1
0,43950	1
0,44017	1
0,44083	1
0,44150	2
0,44217	2
0,44283	2
0,44350	2
0,44417	2
0,44483	2
0,44550	2
0,44617	2
0,44683	2
0,44750	3
0,44817	3
0,44883	3
0,44950	3
0,45017	3
0,45083	4
0,45150	4
0,45217	4
0,45283	5
0,45350	5
0,45417	5
0,45483	5
0,45550	6
0,45617	6
0,45683	5
0,45750	5
0,45817	5
0,45883	5
0,45950	4
0,46017	4
0,46083	4
0,46150	4
0,46217	4
0,46283	4
0,46350	4
0,46417	4
0,46483	3
0,46550	3
0,46617	3
0,46683	2
0,46750	2
0,46817	2
0,46883	2
0,46950	2
0,47017	2
0,47083	2
0,47150	2
0,47217	2
0,47283	2
0,47350	2
0,47417	2
0,47483	2
0,47550	2
0,47617	2
0,47683	2
0,47750	2
0,47817	2
0,47883	2
0,47950	2
0,48017	2
0,48083	1
0,48150	1
0,48217	1
0,48283	2
0,48350	2
0,48417	2
0,48483	2
0,48550	2
0,48617	2
0,48683	2
0,48750	2
0,48817	3
0,48883	3
0,48950	3
0,49017	3
0,49083	3
0,49150	3
0,49217	3
0,49283	3
0,49350	3
0,49417	3
0,49483	3
0,49550	3
0,49617	3
0,49683	3
0,49750	3
0,49817	3
0,49883	3
0,49950	3
0,50017	3
0,50083	3
0,50150	3
0,50217	2
0,50283	2
0,50350	2
0,50417	2
0,50483	2
0,50550	2
0,50617	2
0,50683	2
0,50750	2
0,50817	2
0,50883	2
0,50950	2
0,51017	3
0,51083	2
0,51150	2
0,51217	2
0,51283	2
0,51350	2
0,51417	2
0,51483	2
0,51550	2
0,51617	3
0,51683	3
0,51750	4
0,51817	4
0,51883	5
0,51950	5
0,52017	6
0,52083	6
0,52150	7
0,52217	7
0,52283	7
0,52350	7
0,52417	7
0,52483	7
0,52550	7
0,52617	6
0,52683	6
0,52750	6
0,52817	6
0,52883	5
0,52950	5
0,53017	5
0,53083	4
0,53150	4
0,53217	4
0,53283	4
0,53350	4
0,53417	3
0,53483	3
0,53550	3
0,53617	3
0,53683	3
0,53750	3
0,53817	4
0,53883	4
0,53950	4
0,54017	4
0,54083	4
0,54150	5
0,54217	5
0,54283	5
0,54350	5
0,54417	5
0,54483	5
0,54550	5
0,54617	6
0,54683	6
0,54750	6
0,54817	6
0,54883	6
0,54950	6
0,55017	6
0,55083	6
0,55150	6
0,55217	5
0,55283	5
0,55350	5
0,55417	5
0,55483	5
0,55550	4
0,55617	4
0,55683	4
0,55750	4
0,55817	4
0,55883	4
0,55950	4
0,56017	3
0,56083	3
0,56150	3
0,56217	2
0,56283	2
0,56350	2
0,56417	2
0,56483	2
0,56550	2
0,56617	2
0,56683	2
0,56750	2
0,56817	2
0,56883	2
0,56950	2
0,57017	2
0,57083	2
0,57150	1
0,57217	1
0,57283	1
0,57350	1
0,57417	0
0,57483	0
0,57550	0
0,57617	1
0,57683	1
0,57750	1
0,57817	1
0,57883	1
0,57950	1
0,58017	1
0,58083	2
0,58150	2
0,58217	2
0,58283	2
0,58350	2
0,58417	2
0,58483	3
0,58550	3
0,58617	3
0,58683	3
0,58750	3
0,58817	3
0,58883	3
0,58950	3
0,59017	3
0,59083	4
0,59150	4
0,59217	4
0,59283	4
0,59350	4
0,59417	4
0,59483	4
0,59550	5
0,59617	5
0,59683	5
0,59750	5
0,59817	5
0,59883	5
0,59950	5
0,60017	5
0,60083	5
0,60150	5
0,60217	5
0,60283	5
0,60350	4
0,60417	4
0,60483	4
0,60550	4
0,60617	4
0,60683	4
0,60750	4
0,60817	4
0,60883	4
0,60950	4
0,61017	4
0,61083	4
0,61150	4
0,61217	4
0,61283	4
0,61350	4
0,61417	4
0,61483	4
0,61550	3
0,61617	3
0,61683	3
0,61750	2
0,61817	2
0,61883	2
0,61950	2
0,62017	1
0,62083	1
0,62150	1
0,62217	1
0,62283	1
0,62350	1
0,62417	1
0,62483	0
0,62550	0
0,62617	-0
0,62683	-0
0,62750	-1
0,62817	-1
0,62883	-1
0,62950	-1
0,63017	-1
0,63083	-1
0,63150	-1
0,63217	-0
0,63283	-0
0,63350	-0
0,63417	-0
0,63483	-1
0,63550	-1
0,63617	-1
0,63683	-1
0,63750	-2
0,63817	-2
0,63883	-2
0,63950	-2
0,64017	-2
0,64083	-1
0,64150	-1
0,64217	-1
0,64283	-1
0,64350	-0
0,64417	-0
0,64483	0
0,64550	0
0,64617	0
0,64683	0
0,64750	0
0,64817	0
0,64883	0
0,64950	-0
0,65017	0
0,65083	0
0,65150	0
0,65217	0
0,65283	0
0,65350	0
0,65417	1
0,65483	1
0,65550	1
0,65617	1
0,65683	2
0,65750	2
0,65817	2
0,65883	2
0,65950	2
0,66017	2
0,66083	2
0,66150	3
0,66217	3
0,66283	3
0,66350	2
0,66417	2
0,66483	2
0,66550	2
0,66617	2
0,66683	2
0,66750	1
0,66817	1
0,66883	1
0,66950	1
0,67017	0
0,67083	0
0,67150	0
0,67217	0
0,67283	0
0,67350	1
0,67417	1
0,67483	1
0,67550	1
0,67617	1
0,67683	1
0,67750	2
0,67817	2
0,67883	2
0,67950	2
0,68017	2
0,68083	2
0,68150	2
0,68217	2
0,68283	2
0,68350	2
0,68417	1
0,68483	1
0,68550	1
0,68617	1
0,68683	0
0,68750	0
0,68817	-0
0,68883	-1
0,68950	-1
0,69017	-1
0,69083	-1
0,69150	-2
0,69217	-2
0,69283	-2
0,69350	-2
0,69417	-2
0,69483	-2
0,69550	-2
0,69617	-2
0,69683	-2
0,69750	-1
0,69817	-1
0,69883	-1
0,69950	-1
0,70017	-1
0,70083	-1
0,70150	-1
0,70217	-1
0,70283	-1
0,70350	-1
0,70417	-1
0,70483	-1
0,70550	-1
0,70617	-1
0,70683	-1
0,70750	-1
0,70817	-1
0,70883	-1
0,70950	-1
0,71017	-1
0,71083	-1
0,71150	-1
0,71217	-1
0,71283	-1
0,71350	-1
0,71417	-0
0,71483	-0
0,71550	0
0,71617	0
0,71683	0
0,71750	1
0,71817	1
0,71883	1
0,71950	1
0,72017	1
0,72083	2
0,72150	2
0,72217	2
0,72283	2
0,72350	2
0,72417	2
0,72483	2
0,72550	3
0,72617	3
0,72683	3
0,72750	3
0,72817	2
0,72883	2
0,72950	2
0,73017	2
0,73083	2
0,73150	2
0,73217	2
0,73283	2
0,73350	2
0,73417	1
0,73483	1
0,73550	1
0,73617	1
0,73683	1
0,73750	1
0,73817	1
0,73883	1
0,73950	1
0,74017	1
0,74083	1
0,74150	1
0,74217	1
0,74283	1
0,74350	1
0,74417	1
0,74483	1
0,74550	1
0,74617	1
0,74683	1
0,74750	1
0,74817	1
0,74883	2
0,74950	2
0,75017	2
0,75083	2
0,75150	3
0,75217	3
0,75283	3
0,75350	3
0,75417	3
0,75483	3
0,75550	3
0,75617	3
0,75683	3
0,75750	3
0,75817	3
0,75883	3
0,75950	3
0,76017	3
0,76083	3
0,76150	3
0,76217	3
0,76283	2
0,76350	2
0,76417	2
0,76483	2
0,76550	2
0,76617	2
0,76683	2
0,76750	2
0,76817	2
0,76883	2
0,76950	2
0,77017	2
0,77083	3
0,77150	3
0,77217	4
0,77283	4
0,77350	4
0,77417	5
0,77483	5
0,77550	5
0,77617	5
0,77683	5
0,77750	5
0,77817	5
0,77883	5
0,77950	5
0,78017	4
0,78083	4
0,78150	5
0,78217	5
0,78283	5
0,78350	5
0,78417	5
0,78483	5
0,78550	5
0,78617	5
0,78683	5
0,78750	4
0,78817	4
0,78883	4
0,78950	4
0,79017	3
0,79083	3
0,79150	3
0,79217	2
0,79283	2
0,79350	2
0,79417	1
0,79483	1
0,79550	1
0,79617	1
0,79683	1
0,79750	1
0,79817	0
0,79883	0
0,79950	0
0,80017	0
0,80083	0
0,80150	0
0,80217	0
0,80283	0
0,80350	0
0,80417	1
0,80483	1
0,80550	1
0,80617	1
0,80683	1
0,80750	1
0,80817	1
0,80883	0
0,80950	0
0,81017	0
0,81083	0
0,81150	0
0,81217	0
0,81283	0
0,81350	0
0,81417	0
0,81483	-0
0,81550	-0
0,81617	-0
0,81683	-1
0,81750	-1
0,81817	-1
0,81883	-1
0,81950	-1
0,82017	-1
0,82083	-1
0,82150	-1
0,82217	-1
0,82283	-1
0,82350	-1
0,82417	-1
0,82483	-0
0,82550	-0
0,82617	0
0,82683	1
0,82750	1
0,82817	1
0,82883	1
0,82950	1
0,83017	1
0,83083	1
0,83150	2
0,83217	2
0,83283	2
0,83350	2
0,83417	3
0,83483	3
0,83550	3
0,83617	3
0,83683	3
0,83750	3
0,83817	3
0,83883	3
0,83950	3
0,84017	3
0,84083	2
0,84150	2
0,84217	2
0,84283	2
0,84350	3
0,84417	3
0,84483	3
0,84550	2
0,84617	2
0,84683	2
0,84750	2
0,84817	2
0,84883	2
0,84950	1
0,85017	1
0,85083	1
0,85150	1
0,85217	1
0,85283	0
0,85350	0
0,85417	0
0,85483	0
0,85550	1
0,85617	1
0,85683	1
0,85750	1
0,85817	1
0,85883	1
0,85950	1
0,86017	1
0,86083	1
0,86150	1
0,86217	1
0,86283	1
0,86350	1
0,86417	1
0,86483	2
0,86550	2
0,86617	2
0,86683	2
0,86750	3
0,86817	3
0,86883	3
0,86950	3
0,87017	4
0,87083	4
0,87150	4
0,87217	3
0,87283	3
0,87350	3
0,87417	3
0,87483	3
0,87550	3
0,87617	2
0,87683	2
0,87750	2
0,87817	2
0,87883	2
0,87950	2
0,88017	2
0,88083	2
0,88150	2
0,88217	1
0,88283	1
0,88350	1
0,88417	1
0,88483	1
0,88550	0
0,88617	0
0,88683	0
0,88750	0
0,88817	0
0,88883	0
0,88950	0
0,89017	0
0,89083	0
0,89150	0
0,89217	0
0,89283	0
0,89350	0
0,89417	0
0,89483	0
0,89550	0
0,89617	0
0,89683	-0
0,89750	-0
0,89817	-0
0,89883	-0
0,89950	-1
0,90017	-1
0,90083	-1
0,90150	-1
0,90217	-1
0,90283	-1
0,90350	-1
0,90417	-1
0,90483	-1
0,90550	-1
0,90617	-1
0,90683	-0
0,90750	-0
0,90817	-0
0,90883	-0
0,90950	-0
0,91017	-0
0,91083	-0
0,91150	-0
0,91217	-0
0,91283	-1
0,91350	-1
0,91417	-1
0,91483	-1
0,91550	-2
0,91617	-2
0,91683	-2
0,91750	-2
0,91817	-3
0,91883	-3
0,91950	-3
0,92017	-3
0,92083	-3
0,92150	-2
0,92217	-2
0,92283	-2
0,92350	-1
0,92417	-1
0,92483	-1
0,92550	-1
0,92617	-0
0,92683	-0
0,92750	0
0,92817	0
0,92883	0
0,92950	0
0,93017	0
0,93083	0
0,93150	0
0,93217	1
0,93283	1
0,93350	1
0,93417	1
0,93483	1
0,93550	0
0,93617	0
0,93683	0
0,93750	0
0,93817	-0
0,93883	-1
0,93950	-1
0,94017	-1
0,94083	-1
0,94150	-1
0,94217	-1
0,94283	-0
0,94350	-0
0,94417	-0
0,94483	-0
0,94550	-0
0,94617	-0
0,94683	-0
0,94750	-0
0,94817	-0
0,94883	-0
0,94950	0
0,95017	0
0,95083	0
0,95150	0
0,95217	1
0,95283	1
0,95350	1
0,95417	1
0,95483	1
0,95550	1
0,95617	1
0,95683	0
0,95750	0
0,95817	-0
0,95883	-0
0,95950	-1
0,96017	-1
0,96083	-1
0,96150	-1
0,96217	-1
0,96283	-1
0,96350	-1
0,96417	-1
0,96483	-0
0,96550	-0
0,96617	-0
0,96683	-0
0,96750	-1
0,96817	-1
0,96883	-1
0,96950	-1
0,97017	-1
0,97083	-1
0,97150	-1
0,97217	-0
0,97283	0
0,97350	0
0,97417	0
0,97483	0
0,97550	0
0,97617	0
0,97683	0
0,97750	0
0,97817	-0
0,97883	-0
0,97950	-0
0,98017	-0
0,98083	-0
0,98150	-0
0,98217	0
0,98283	0
0,98350	0
0,98417	0
0,98483	0
0,98550	0
0,98617	0
0,98683	0
0,98750	0
0,98817	-0
0,98883	-1
0,98950	-1
0,99017	-1
0,99083	-1
0,99150	-1
0,99217	-1
0,99283	-1
0,99350	-1
0,99417	-1
0,99483	-1
0,99550	-1
0,99617	-1
0,99683	-1
0,99750	-1
0,99817	-1
0,99883	-1
0,99950	-1
1,00017	-1
1,00083	-1
1,00150	-1
1,00217	-1
1,00283	-1
1,00350	-1
1,00417	-1
1,00483	-1
1,00550	-1
1,00617	-1
1,00683	-1
1,00750	-1
1,00817	-1
1,00883	-1
1,00950	-1
1,01017	-1
1,01083	-0
1,01150	-0
1,01217	0
1,01283	0
1,01350	0
1,01417	1
1,01483	1
1,01550	1
1,01617	1
1,01683	2
1,01750	2
1,01817	2
1,01883	2
1,01950	2
1,02017	2
1,02083	3
1,02150	3
1,02217	2
1,02283	2
1,02350	2
1,02417	2
1,02483	2
1,02550	2
1,02617	2
1,02683	2
1,02750	2
1,02817	2
1,02883	2
1,02950	2
1,03017	2
1,03083	2
1,03150	2
1,03217	1
1,03283	1
1,03350	0
1,03417	0
1,03483	-0
1,03550	-1
1,03617	-1
1,03683	-1
1,03750	-1
1,03817	-1
1,03883	-1
1,03950	-1
1,04017	-1
1,04083	-0
1,04150	-0
1,04217	0
1,04283	0
1,04350	0
1,04417	0
1,04483	1
1,04550	1
1,04617	1
1,04683	2
1,04750	2
1,04817	2
1,04883	2
1,04950	2
1,05017	2
1,05083	2
1,05150	2
1,05217	2
1,05283	2
1,05350	2
1,05417	2
1,05483	2
1,05550	2
1,05617	2
1,05683	2
1,05750	2
1,05817	2
1,05883	2
1,05950	2
1,06017	2
1,06083	2
1,06150	2
1,06217	2
1,06283	2
1,06350	2
1,06417	2
1,06483	2
1,06550	2
1,06617	2
1,06683	3
1,06750	3
1,06817	3
1,06883	3
1,06950	3
1,07017	3
1,07083	4
1,07150	4
1,07217	4
1,07283	4
1,07350	4
1,07417	4
1,07483	4
1,07550	4
1,07617	4
1,07683	4
1,07750	3
1,07817	4
1,07883	4
1,07950	4
1,08017	4
1,08083	4
1,08150	4
1,08217	4
1,08283	4
1,08350	4
1,08417	4
1,08483	4
1,08550	4
1,08617	5
1,08683	5
1,08750	5
1,08817	5
1,08883	5
1,08950	5
1,09017	5
1,09083	5
1,09150	5
1,09217	5
1,09283	5
1,09350	5
1,09417	5
1,09483	5
1,09550	5
1,09617	5
1,09683	4
1,09750	4
1,09817	4
1,09883	4
1,09950	4
1,10017	4
1,10083	4
1,10150	4
1,10217	4
1,10283	5
1,10350	5
1,10417	5
1,10483	5
1,10550	5
1,10617	5
1,10683	5
1,10750	5
1,10817	5
1,10883	5
1,10950	5
1,11017	5
1,11083	6
1,11150	6
1,11217	6
1,11283	6
1,11350	6
1,11417	6
1,11483	5
1,11550	5
1,11617	4
1,11683	4
1,11750	3
1,11817	3
1,11883	3
1,11950	2
1,12017	2
1,12083	2
1,12150	2
1,12217	2
1,12283	2
1,12350	2
1,12417	2
1,12483	2
1,12550	2
1,12617	2
1,12683	2
1,12750	2
1,12817	1
1,12883	1
1,12950	1
1,13017	1
1,13083	0
1,13150	0
1,13217	0
1,13283	0
1,13350	0
1,13417	0
1,13483	0
1,13550	0
1,13617	0
1,13683	1
1,13750	1
1,13817	1
1,13883	2
1,13950	3
1,14017	4
1,14083	5
1,14150	7
1,14217	9
1,14283	12
1,14350	17
1,14417	22
1,14483	27
1,14550	34
1,14617	42
1,14683	51
1,14750	60
1,14817	69
1,14883	79
1,14950	89
1,15017	98
1,15083	107
1,15150	115
1,15217	122
1,15283	129
1,15350	134
1,15417	138
1,15483	141
1,15550	143
1,15617	144
1,15683	144
1,15750	144
1,15817	143
1,15883	142
1,15950	140
1,16017	138
1,16083	136
1,16150	134
1,16217	131
1,16283	128
1,16350	126
1,16417	123
1,16483	120
1,16550	117
1,16617	113
1,16683	110
1,16750	107
1,16817	104
1,16883	101
1,16950	97
1,17017	94
1,17083	91
1,17150	88
1,17217	85
1,17283	82
1,17350	79
1,17417	76
1,17483	73
1,17550	70
1,17617	68
1,17683	65
1,17750	62
1,17817	60
1,17883	57
1,17950	55
1,18017	53
1,18083	50
1,18150	48
1,18217	46
1,18283	45
1,18350	43
1,18417	42
1,18483	41
1,18550	40
1,18617	39
1,18683	38
1,18750	37
1,18817	37
1,18883	37
1,18950	36
1,19017	36
1,19083	36
1,19150	36
1,19217	36
1,19283	37
1,19350	37
1,19417	38
1,19483	39
1,19550	40
1,19617	41
1,19683	42
1,19750	44
1,19817	46
1,19883	48
1,19950	50
1,20017	51
1,20083	53
1,20150	55
1,20217	56
1,20283	57
1,20350	58
1,20417	59
1,20483	59
1,20550	59
1,20617	59
1,20683	58
1,20750	58
1,20817	57
1,20883	55
1,20950	54
1,21017	53
1,21083	51
1,21150	49
1,21217	48
1,21283	46
1,21350	44
1,21417	42
1,21483	41
1,21550	39
1,21617	37
1,21683	36
1,21750	34
1,21817	33
1,21883	31
1,21950	30
1,22017	29
1,22083	27
1,22150	26
1,22217	24
1,22283	23
1,22350	22
1,22417	20
1,22483	19
1,22550	18
1,22617	17
1,22683	16
1,22750	15
1,22817	14
1,22883	13
1,22950	13
1,23017	12
1,23083	11
1,23150	11
1,23217	10
1,23283	10
1,23350	10
1,23417	10
1,23483	11
1,23550	12
1,23617	14
1,23683	17
1,23750	21
1,23817	27
1,23883	34
1,23950	44
1,24017	56
1,24083	69
1,24150	85
1,24217	102
1,24283	121
1,24350	141
1,24417	161
1,24483	182
1,24550	201
1,24617	220
1,24683	237
1,24750	252
1,24817	266
1,24883	277
1,24950	285
1,25017	292
1,25083	296
1,25150	297
1,25217	296
1,25283	294
1,25350	289
1,25417	284
1,25483	276
1,25550	268
1,25617	259
1,25683	249
1,25750	239
1,25817	229
1,25883	218
1,25950	208
1,26017	197
1,26083	187
1,26150	177
1,26217	167
1,26283	158
1,26350	149
1,26417	140
1,26483	131
1,26550	123
1,26617	116
1,26683	108
1,26750	101
1,26817	95
1,26883	89
1,26950	83
1,27017	78
1,27083	73
1,27150	68
1,27217	64
1,27283	60
1,27350	56
1,27417	53
1,27483	49
1,27550	47
1,27617	44
1,27683	42
1,27750	40
1,27817	39
1,27883	38
1,27950	38
1,28017	39
1,28083	42
1,28150	46
1,28217	52
1,28283	60
1,28350	70
1,28417	82
1,28483	98
1,28550	116
1,28617	137
1,28683	160
1,28750	187
1,28817	216
1,28883	247
1,28950	281
1,29017	316
1,29083	352
1,29150	387
1,29217	423
1,29283	456
1,29350	487
1,29417	515
1,29483	539
1,29550	558
1,29617	572
1,29683	582
1,29750	587
1,29817	588
1,29883	584
1,29950	576
1,30017	564
1,30083	550
1,30150	533
1,30217	514
1,30283	494
1,30350	472
1,30417	450
1,30483	428
1,30550	405
1,30617	383
1,30683	361
1,30750	339
1,30817	319
1,30883	299
1,30950	279
1,31017	261
1,31083	243
1,31150	226
1,31217	211
1,31283	196
1,31350	183
1,31417	172
1,31483	164
1,31550	160
1,31617	166
1,31683	190
1,31750	248
1,31817	373
1,31883	627
1,31950	1102
1,32017	1931
1,32083	3281
1,32150	5355
1,32217	8402
1,32283	12690
1,32350	18488
1,32417	26049
1,32483	35567
1,32550	47175
1,32617	60903
1,32683	76684
1,32750	94338
1,32817	113597
1,32883	134090
1,32950	155384
1,33017	177010
1,33083	198471
1,33150	219286
1,33217	238992
1,33283	257171
1,33350	273452
1,33417	287531
1,33483	299176
1,33550	308235
1,33617	314627
1,33683	318350
1,33750	319479
1,33817	318156
1,33883	314569
1,33950	308953
1,34017	301572
1,34083	292698
1,34150	282611
1,34217	271576
1,34283	259841
1,34350	247632
1,34417	235149
1,34483	222562
1,34550	210021
1,34617	197644
1,34683	185533
1,34750	173764
1,34817	162399
1,34883	151484
1,34950	141049
1,35017	131115
1,35083	121694
1,35150	112789
1,35217	104396
1,35283	96509
1,35350	89113
1,35417	82196
1,35483	75738
1,35550	69722
1,35617	64125
1,35683	58929
1,35750	54110
1,35817	49648
1,35883	45523
1,35950	41712
1,36017	38197
1,36083	34958
1,36150	31976
1,36217	29233
1,36283	26713
1,36350	24399
1,36417	22276
1,36483	20330
1,36550	18548
1,36617	16917
1,36683	15424
1,36750	14060
1,36817	12814
1,36883	11677
1,36950	10639
1,37017	9692
1,37083	8829
1,37150	8042
1,37217	7326
1,37283	6674
1,37350	6080
1,37417	5540
1,37483	5048
1,37550	4602
1,37617	4195
1,37683	3826
1,37750	3491
1,37817	3186
1,37883	2910
1,37950	2658
1,38017	2430
1,38083	2223
1,38150	2035
1,38217	1864
1,38283	1709
1,38350	1569
1,38417	1441
1,38483	1325
1,38550	1219
1,38617	1124
1,38683	1037
1,38750	958
1,38817	886
1,38883	821
1,38950	762
1,39017	709
1,39083	660
1,39150	616
1,39217	575
1,39283	539
1,39350	505
1,39417	475
1,39483	447
1,39550	421
1,39617	398
1,39683	377
1,39750	358
1,39817	340
1,39883	324
1,39950	309
1,40017	295
1,40083	282
1,40150	271
1,40217	260
1,40283	250
1,40350	241
1,40417	232
1,40483	224
1,40550	217
1,40617	210
1,40683	204
1,40750	199
1,40817	193
1,40883	189
1,40950	184
1,41017	180
1,41083	176
1,41150	172
1,41217	168
1,41283	165
1,41350	162
1,41417	158
1,41483	155
1,41550	152
1,41617	149
1,41683	146
1,41750	144
1,41817	141
1,41883	138
1,41950	136
1,42017	133
1,42083	131
1,42150	129
1,42217	127
1,42283	125
1,42350	124
1,42417	122
1,42483	120
1,42550	118
1,42617	117
1,42683	115
1,42750	113
1,42817	112
1,42883	111
1,42950	109
1,43017	108
1,43083	107
1,43150	106
1,43217	105
1,43283	104
1,43350	104
1,43417	105
1,43483	106
1,43550	108
1,43617	112
1,43683	117
1,43750	126
1,43817	137
1,43883	152
1,43950	171
1,44017	194
1,44083	223
1,44150	256
1,44217	294
1,44283	337
1,44350	383
1,44417	431
1,44483	481
1,44550	532
1,44617	581
1,44683	629
1,44750	673
1,44817	713
1,44883	748
1,44950	778
1,45017	801
1,45083	818
1,45150	829
1,45217	834
1,45283	833
1,45350	826
1,45417	815
1,45483	799
1,45550	779
1,45617	756
1,45683	730
1,45750	703
1,45817	674
1,45883	644
1,45950	614
1,46017	583
1,46083	553
1,46150	523
1,46217	494
1,46283	466
1,46350	438
1,46417	412
1,46483	387
1,46550	364
1,46617	341
1,46683	320
1,46750	299
1,46817	280
1,46883	262
1,46950	246
1,47017	230
1,47083	215
1,47150	202
1,47217	190
1,47283	178
1,47350	167
1,47417	157
1,47483	148
1,47550	140
1,47617	132
1,47683	125
1,47750	118
1,47817	112
1,47883	106
1,47950	100
1,48017	95
1,48083	91
1,48150	87
1,48217	83
1,48283	79
1,48350	76
1,48417	73
1,48483	70
1,48550	68
1,48617	66
1,48683	64
1,48750	62
1,48817	61
1,48883	59
1,48950	58
1,49017	57
1,49083	56
1,49150	55
1,49217	55
1,49283	55
1,49350	54
1,49417	54
1,49483	54
1,49550	54
1,49617	54
1,49683	54
1,49750	54
1,49817	54
1,49883	54
1,49950	54
1,50017	54
1,50083	54
1,50150	54
1,50217	54
1,50283	54
1,50350	54
1,50417	53
1,50483	53
1,50550	53
1,50617	54
1,50683	54
1,50750	55
1,50817	55
1,50883	56
1,50950	57
1,51017	58
1,51083	60
1,51150	61
1,51217	63
1,51283	66
1,51350	68
1,51417	71
1,51483	74
1,51550	77
1,51617	81
1,51683	86
1,51750	90
1,51817	95
1,51883	102
1,51950	109
1,52017	117
1,52083	128
1,52150	141
1,52217	158
1,52283	178
1,52350	204
1,52417	235
1,52483	273
1,52550	317
1,52617	369
1,52683	427
1,52750	491
1,52817	562
1,52883	637
1,52950	715
1,53017	795
1,53083	876
1,53150	955
1,53217	1031
1,53283	1102
1,53350	1167
1,53417	1225
1,53483	1275
1,53550	1316
1,53617	1348
1,53683	1370
1,53750	1382
1,53817	1385
1,53883	1379
1,53950	1366
1,54017	1345
1,54083	1319
1,54150	1291
1,54217	1266
1,54283	1252
1,54350	1267
1,54417	1344
1,54483	1549
1,54550	1998
1,54617	2873
1,54683	4444
1,54750	7106
1,54817	11419
1,54883	18159
1,54950	28333
1,55017	43254
1,55083	64564
1,55150	94228
1,55217	134421
1,55283	187632
1,55350	256313
1,55417	343242
1,55483	451078
1,55550	582197
1,55617	738390
1,55683	921263
1,55750	1131550
1,55817	1369540
1,55883	1634403
1,55950	1924475
1,56017	2236782
1,56083	2567166
1,56150	2910071
1,56217	3258825
1,56283	3606204
1,56350	3944686
1,56417	4266641
1,56483	4564779
1,56550	4832653
1,56617	5064990
1,56683	5257439
1,56750	5406983
1,56817	5511868
1,56883	5571790
1,56950	5587533
1,57017	5561138
1,57083	5495507
1,57150	5394446
1,57217	5262247
1,57283	5103679
1,57350	4923529
1,57417	4726554
1,57483	4517211
1,57550	4299609
1,57617	4077382
1,57683	3853682
1,57750	3631157
1,57817	3411994
1,57883	3197945
1,57950	2990385
1,58017	2790353
1,58083	2598607
1,58150	2415664
1,58217	2241840
1,58283	2077287
1,58350	1922022
1,58417	1775954
1,58483	1638904
1,58550	1510629
1,58617	1390833
1,58683	1279183
1,58750	1175320
1,58817	1078868
1,58883	989442
1,58950	906655
1,59017	830120
1,59083	759457
1,59150	694296
1,59217	634278
1,59283	579056
1,59350	528300
1,59417	481694
1,59483	438937
1,59550	399747
1,59617	363855
1,59683	331010
1,59750	300977
1,59817	273535
1,59883	248477
1,59950	225612
1,60017	204762
1,60083	185760
1,60150	168452
1,60217	152698
1,60283	138364
1,60350	125331
1,60417	113486
1,60483	102725
1,60550	92955
1,60617	84088
1,60683	76045
1,60750	68751
1,60817	62140
1,60883	56151
1,60950	50726
1,61017	45815
1,61083	41371
1,61150	37350
1,61217	33713
1,61283	30425
1,61350	27454
1,61417	24770
1,61483	22345
1,61550	20155
1,61617	18178
1,61683	16395
1,61750	14785
1,61817	13333
1,61883	12024
1,61950	10844
1,62017	9780
1,62083	8821
1,62150	7957
1,62217	7179
1,62283	6478
1,62350	5847
1,62417	5279
1,62483	4768
1,62550	4308
1,62617	3894
1,62683	3522
1,62750	3187
1,62817	2885
1,62883	2614
1,62950	2371
1,63017	2152
1,63083	1955
1,63150	1778
1,63217	1619
1,63283	1476
1,63350	1347
1,63417	1232
1,63483	1128
1,63550	1035
1,63617	951
1,63683	876
1,63750	808
1,63817	746
1,63883	691
1,63950	641
1,64017	596
1,64083	556
1,64150	519
1,64217	486
1,64283	456
1,64350	429
1,64417	405
1,64483	383
1,64550	362
1,64617	344
1,64683	328
1,64750	313
1,64817	299
1,64883	286
1,64950	274
1,65017	263
1,65083	253
1,65150	244
1,65217	235
1,65283	227
1,65350	220
1,65417	213
1,65483	207
1,65550	201
1,65617	196
1,65683	191
1,65750	187
1,65817	182
1,65883	178
1,65950	175
1,66017	171
1,66083	168
1,66150	165
1,66217	161
1,66283	158
1,66350	156
1,66417	153
1,66483	150
1,66550	148
1,66617	145
1,66683	143
1,66750	141
1,66817	139
1,66883	137
1,66950	135
1,67017	133
1,67083	131
1,67150	129
1,67217	127
1,67283	126
1,67350	124
1,67417	123
1,67483	121
1,67550	120
1,67617	118
1,67683	117
1,67750	116
1,67817	116
1,67883	115
1,67950	114
1,68017	113
1,68083	112
1,68150	111
1,68217	110
1,68283	109
1,68350	108
1,68417	107
1,68483	107
1,68550	106
1,68617	105
1,68683	105
1,68750	104
1,68817	103
1,68883	102
1,68950	101
1,69017	100
1,69083	99
1,69150	98
1,69217	97
1,69283	95
1,69350	94
1,69417	93
1,69483	91
1,69550	90
1,69617	89
1,69683	88
1,69750	87
1,69817	86
1,69883	85
1,69950	85
1,70017	84
1,70083	83
1,70150	83
1,70217	82
1,70283	81
1,70350	80
1,70417	79
1,70483	78
1,70550	77
1,70617	76
1,70683	76
1,70750	75
1,70817	74
1,70883	74
1,70950	73
1,71017	72
1,71083	71
1,71150	71
1,71217	70
1,71283	70
1,71350	69
1,71417	69
1,71483	68
1,71550	67
1,71617	67
1,71683	66
1,71750	66
1,71817	65
1,71883	65
1,71950	64
1,72017	64
1,72083	63
1,72150	63
1,72217	63
1,72283	62
1,72350	62
1,72417	61
1,72483	61
1,72550	60
1,72617	59
1,72683	59
1,72750	58
1,72817	58
1,72883	57
1,72950	57
1,73017	56
1,73083	56
1,73150	55
1,73217	55
1,73283	54
1,73350	54
1,73417	53
1,73483	53
1,73550	52
1,73617	52
1,73683	51
1,73750	51
1,73817	50
1,73883	50
1,73950	49
1,74017	49
1,74083	49
1,74150	48
1,74217	48
1,74283	48
1,74350	48
1,74417	48
1,74483	48
1,74550	47
1,74617	47
1,74683	47
1,74750	47
1,74817	46
1,74883	46
1,74950	46
1,75017	45
1,75083	45
1,75150	45
1,75217	44
1,75283	44
1,75350	44
1,75417	44
1,75483	44
1,75550	44
1,75617	44
1,75683	44
1,75750	44
1,75817	44
1,75883	44
1,75950	44
1,76017	45
1,76083	45
1,76150	46
1,76217	47
1,76283	48
1,76350	49
1,76417	50
1,76483	52
1,76550	53
1,76617	54
1,76683	56
1,76750	57
1,76817	58
1,76883	59
1,76950	60
1,77017	61
1,77083	61
1,77150	62
1,77217	62
1,77283	63
1,77350	63
1,77417	63
1,77483	62
1,77550	62
1,77617	61
1,77683	61
1,77750	60
1,77817	59
1,77883	58
1,77950	56
1,78017	55
1,78083	54
1,78150	53
1,78217	51
1,78283	50
1,78350	49
1,78417	48
1,78483	47
1,78550	46
1,78617	45
1,78683	44
1,78750	43
1,78817	42
1,78883	41
1,78950	40
1,79017	39
1,79083	38
1,79150	38
1,79217	37
1,79283	37
1,79350	37
1,79417	36
1,79483	36
1,79550	36
1,79617	36
1,79683	36
1,79750	36
1,79817	36
1,79883	36
1,79950	35
1,80017	35
1,80083	34
1,80150	34
1,80217	33
1,80283	33
1,80350	32
1,80417	32
1,80483	32
1,80550	32
1,80617	31
1,80683	31
1,80750	31
1,80817	31
1,80883	30
1,80950	30
1,81017	29
1,81083	29
1,81150	28
1,81217	28
1,81283	27
1,81350	27
1,81417	27
1,81483	26
1,81550	26
1,81617	26
1,81683	26
1,81750	26
1,81817	26
1,81883	26
1,81950	26
1,82017	26
1,82083	26
1,82150	26
1,82217	26
1,82283	26
1,82350	26
1,82417	26
1,82483	26
1,82550	26
1,82617	26
1,82683	26
1,82750	26
1,82817	26
1,82883	26
1,82950	26
1,83017	25
1,83083	25
1,83150	25
1,83217	25
1,83283	24
1,83350	24
1,83417	24
1,83483	24
1,83550	24
1,83617	24
1,83683	24
1,83750	24
1,83817	24
1,83883	24
1,83950	24
1,84017	24
1,84083	23
1,84150	23
1,84217	23
1,84283	23
1,84350	22
1,84417	22
1,84483	22
1,84550	22
1,84617	22
1,84683	22
1,84750	22
1,84817	22
1,84883	22
1,84950	22
1,85017	22
1,85083	22
1,85150	22
1,85217	22
1,85283	22
1,85350	21
1,85417	21
1,85483	21
1,85550	22
1,85617	22
1,85683	22
1,85750	22
1,85817	22
1,85883	22
1,85950	23
1,86017	24
1,86083	24
1,86150	25
1,86217	27
1,86283	30
1,86350	35
1,86417	46
1,86483	64
1,86550	96
1,86617	150
1,86683	238
1,86750	381
1,86817	601
1,86883	926
1,86950	1388
1,87017	2020
1,87083	2857
1,87150	3935
1,87217	5285
1,87283	6937
1,87350	8920
1,87417	11256
1,87483	13964
1,87550	17061
1,87617	20568
1,87683	24497
1,87750	28854
1,87817	33638
1,87883	38849
1,87950	44488
1,88017	50558
1,88083	57046
1,88150	63936
1,88217	71215
1,88283	78875
1,88350	86902
1,88417	95284
1,88483	104007
1,88550	113059
1,88617	122425
1,88683	132085
1,88750	142013
1,88817	152181
1,88883	162574
1,88950	173176
1,89017	183976
1,89083	194948
1,89150	206061
1,89217	217278
1,89283	228542
1,89350	239751
1,89417	250747
1,89483	261271
1,89550	270935
1,89617	279243
1,89683	285638
1,89750	289661
1,89817	291047
1,89883	289792
1,89950	286083
1,90017	280230
1,90083	272590
1,90150	263524
1,90217	253370
1,90283	242427
1,90350	230960
1,90417	219188
1,90483	207300
1,90550	195447
1,90617	183755
1,90683	172320
1,90750	161220
1,90817	150514
1,90883	140243
1,90950	130436
1,91017	121113
1,91083	112281
1,91150	103943
1,91217	96095
1,91283	88728
1,91350	81829
1,91417	75384
1,91483	69373
1,91550	63780
1,91617	58583
1,91683	53762
1,91750	49298
1,91817	45169
1,91883	41355
1,91950	37837
1,92017	34596
1,92083	31612
1,92150	28868
1,92217	26348
1,92283	24035
1,92350	21914
1,92417	19971
1,92483	18192
1,92550	16565
1,92617	15077
1,92683	13717
1,92750	12476
1,92817	11344
1,92883	10311
1,92950	9370
1,93017	8513
1,93083	7732
1,93150	7022
1,93217	6375
1,93283	5788
1,93350	5254
1,93417	4769
1,93483	4328
1,93550	3928
1,93617	3565
1,93683	3236
1,93750	2938
1,93817	2667
1,93883	2421
1,93950	2199
1,94017	1998
1,94083	1816
1,94150	1651
1,94217	1502
1,94283	1367
1,94350	1245
1,94417	1134
1,94483	1035
1,94550	944
1,94617	862
1,94683	789
1,94750	722
1,94817	661
1,94883	606
1,94950	557
1,95017	512
1,95083	472
1,95150	435
1,95217	402
1,95283	372
1,95350	345
1,95417	321
1,95483	298
1,95550	278
1,95617	260
1,95683	243
1,95750	228
1,95817	214
1,95883	202
1,95950	190
1,96017	180
1,96083	170
1,96150	161
1,96217	154
1,96283	146
1,96350	140
1,96417	134
1,96483	128
1,96550	123
1,96617	118
1,96683	114
1,96750	110
1,96817	106
1,96883	102
1,96950	99
1,97017	96
1,97083	93
1,97150	91
1,97217	88
1,97283	86
1,97350	84
1,97417	82
1,97483	81
1,97550	79
1,97617	78
1,97683	77
1,97750	76
1,97817	75
1,97883	74
1,97950	72
1,98017	71
1,98083	70
1,98150	70
1,98217	69
1,98283	68
1,98350	67
1,98417	66
1,98483	66
1,98550	65
1,98617	64
1,98683	64
1,98750	63
1,98817	62
1,98883	61
1,98950	60
1,99017	60
1,99083	59
1,99150	58
1,99217	57
1,99283	57
1,99350	56
1,99417	56
1,99483	55
1,99550	55
1,99617	55
1,99683	54
1,99750	54
1,99817	53
1,99883	52
1,99950	52
2,00017	51
2,00083	51
2,00150	50
2,00217	50
2,00283	50
2,00350	49
2,00417	49
2,00483	49
2,00550	49
2,00617	49
2,00683	48
2,00750	48
2,00817	48
2,00883	48
2,00950	48
2,01017	48
2,01083	48
2,01150	48
2,01217	49
2,01283	49
2,01350	50
2,01417	52
2,01483	54
2,01550	58
2,01617	62
2,01683	69
2,01750	78
2,01817	90
2,01883	105
2,01950	125
2,02017	150
2,02083	181
2,02150	219
2,02217	265
2,02283	319
2,02350	381
2,02417	452
2,02483	531
2,02550	619
2,02617	713
2,02683	813
2,02750	917
2,02817	1024
2,02883	1131
2,02950	1237
2,03017	1339
2,03083	1436
2,03150	1527
2,03217	1609
2,03283	1681
2,03350	1742
2,03417	1791
2,03483	1829
2,03550	1854
2,03617	1867
2,03683	1869
2,03750	1860
2,03817	1841
2,03883	1813
2,03950	1777
2,04017	1733
2,04083	1683
2,04150	1629
2,04217	1570
2,04283	1509
2,04350	1445
2,04417	1380
2,04483	1315
2,04550	1249
2,04617	1184
2,04683	1120
2,04750	1057
2,04817	996
2,04883	937
2,04950	881
2,05017	826
2,05083	774
2,05150	725
2,05217	678
2,05283	634
2,05350	592
2,05417	552
2,05483	515
2,05550	480
2,05617	448
2,05683	417
2,05750	389
2,05817	362
2,05883	337
2,05950	314
2,06017	292
2,06083	272
2,06150	254
2,06217	236
2,06283	220
2,06350	205
2,06417	192
2,06483	179
2,06550	167
2,06617	156
2,06683	146
2,06750	137
2,06817	129
2,06883	121
2,06950	114
2,07017	108
2,07083	102
2,07150	96
2,07217	91
2,07283	87
2,07350	83
2,07417	79
2,07483	75
2,07550	72
2,07617	69
2,07683	66
2,07750	64
2,07817	61
2,07883	59
2,07950	57
2,08017	55
2,08083	54
2,08150	52
2,08217	51
2,08283	49
2,08350	48
2,08417	47
2,08483	46
2,08550	44
2,08617	43
2,08683	42
2,08750	41
2,08817	40
2,08883	39
2,08950	38
2,09017	37
2,09083	36
2,09150	35
2,09217	34
2,09283	34
2,09350	33
2,09417	32
2,09483	31
2,09550	31
2,09617	30
2,09683	30
2,09750	30
2,09817	29
2,09883	29
2,09950	29
2,10017	28
2,10083	28
2,10150	28
2,10217	28
2,10283	28
2,10350	28
2,10417	28
2,10483	28
2,10550	28
2,10617	28
2,10683	28
2,10750	28
2,10817	28
2,10883	28
2,10950	27
2,11017	27
2,11083	27
2,11150	27
2,11217	26
2,11283	26
2,11350	26
2,11417	26
2,11483	25
2,11550	25
2,11617	25
2,11683	24
2,11750	24
2,11817	24
2,11883	24
2,11950	24
2,12017	23
2,12083	23
2,12150	23
2,12217	22
2,12283	22
2,12350	22
2,12417	21
2,12483	21
2,12550	21
2,12617	21
2,12683	20
2,12750	20
2,12817	20
2,12883	20
2,12950	20
2,13017	20
2,13083	20
2,13150	20
2,13217	20
2,13283	20
2,13350	20
2,13417	20
2,13483	20
2,13550	20
2,13617	19
2,13683	19
2,13750	19
2,13817	19
2,13883	19
2,13950	18
2,14017	18
2,14083	18
2,14150	18
2,14217	17
2,14283	17
2,14350	17
2,14417	16
2,14483	16
2,14550	16
2,14617	16
2,14683	17
2,14750	17
2,14817	17
2,14883	17
2,14950	18
2,15017	18
2,15083	19
2,15150	19
2,15217	19
2,15283	20
2,15350	20
2,15417	20
2,15483	20
2,15550	21
2,15617	21
2,15683	21
2,15750	21
2,15817	21
2,15883	22
2,15950	22
2,16017	22
2,16083	22
2,16150	22
2,16217	22
2,16283	22
2,16350	22
2,16417	22
2,16483	21
2,16550	21
2,16617	21
2,16683	21
2,16750	21
2,16817	20
2,16883	20
2,16950	20
2,17017	19
2,17083	19
2,17150	19
2,17217	18
2,17283	18
2,17350	18
2,17417	17
2,17483	17
2,17550	17
2,17617	17
2,17683	17
2,17750	16
2,17817	16
2,17883	16
2,17950	15
2,18017	15
2,18083	15
2,18150	14
2,18217	14
2,18283	14
2,18350	14
2,18417	13
2,18483	13
2,18550	13
2,18617	12
2,18683	12
2,18750	12
2,18817	12
2,18883	12
2,18950	12
2,19017	12
2,19083	12
2,19150	13
2,19217	13
2,19283	13
2,19350	12
2,19417	12
2,19483	12
2,19550	12
2,19617	12
2,19683	12
2,19750	11
2,19817	11
2,19883	11
2,19950	11
2,20017	11
2,20083	11
2,20150	11
2,20217	11
2,20283	12
2,20350	12
2,20417	12
2,20483	12
2,20550	12
2,20617	12
2,20683	12
2,20750	13
2,20817	13
2,20883	13
2,20950	14
2,21017	14
2,21083	14
2,21150	14
2,21217	15
2,21283	15
2,21350	15
2,21417	15
2,21483	15
2,21550	15
2,21617	15
2,21683	15
2,21750	15
2,21817	15
2,21883	15
2,21950	15
2,22017	14
2,22083	14
2,22150	14
2,22217	15
2,22283	15
2,22350	15
2,22417	15
2,22483	15
2,22550	15
2,22617	15
2,22683	15
2,22750	15
2,22817	15
2,22883	15
2,22950	16
2,23017	16
2,23083	16
2,23150	16
2,23217	16
2,23283	15
2,23350	15
2,23417	15
2,23483	15
2,23550	15
2,23617	15
2,23683	14
2,23750	14
2,23817	14
2,23883	13
2,23950	13
2,24017	13
2,24083	12
2,24150	12
2,24217	13
2,24283	13
2,24350	13
2,24417	13
2,24483	13
2,24550	13
2,24617	14
2,24683	14
2,24750	14
2,24817	14
2,24883	13
2,24950	13
2,25017	13
2,25083	13
2,25150	12
2,25217	12
2,25283	12
2,25350	12
2,25417	12
2,25483	12
2,25550	11
2,25617	11
2,25683	11
2,25750	11
2,25817	11
2,25883	11
2,25950	11
2,26017	11
2,26083	11
2,26150	11
2,26217	11
2,26283	11
2,26350	11
2,26417	11
2,26483	11
2,26550	12
2,26617	12
2,26683	12
2,26750	12
2,26817	12
2,26883	12
2,26950	12
2,27017	12
2,27083	12
2,27150	12
2,27217	12
2,27283	12
2,27350	12
2,27417	12
2,27483	12
2,27550	12
2,27617	12
2,27683	11
2,27750	11
2,27817	11
2,27883	11
2,27950	12
2,28017	12
2,28083	12
2,28150	12
2,28217	12
2,28283	12
2,28350	13
2,28417	13
2,28483	13
2,28550	13
2,28617	13
2,28683	13
2,28750	13
2,28817	13
2,28883	13
2,28950	13
2,29017	12
2,29083	12
2,29150	12
2,29217	12
2,29283	11
2,29350	11
2,29417	11
2,29483	11
2,29550	11
2,29617	10
2,29683	10
2,29750	10
2,29817	10
2,29883	10
2,29950	10
2,30017	10
2,30083	10
2,30150	9
2,30217	9
2,30283	9
2,30350	8
2,30417	8
2,30483	8
2,30550	8
2,30617	8
2,30683	8
2,30750	8
2,30817	8
2,30883	8
2,30950	8
2,31017	8
2,31083	8
2,31150	8
2,31217	8
2,31283	8
2,31350	8
2,31417	8
2,31483	8
2,31550	8
2,31617	9
2,31683	9
2,31750	9
2,31817	9
2,31883	9
2,31950	9
2,32017	9
2,32083	10
2,32150	10
2,32217	10
2,32283	10
2,32350	10
2,32417	10
2,32483	9
2,32550	9
2,32617	9
2,32683	9
2,32750	9
2,32817	9
2,32883	9
2,32950	10
2,33017	10
2,33083	10
2,33150	10
2,33217	10
2,33283	9
2,33350	9
2,33417	9
2,33483	9
2,33550	8
2,33617	8
2,33683	8
2,33750	8
2,33817	8
2,33883	7
2,33950	7
2,34017	7
2,34083	7
2,34150	7
2,34217	7
2,34283	7
2,34350	7
2,34417	7
2,34483	7
2,34550	6
2,34617	6
2,34683	6
2,34750	6
2,34817	6
2,34883	6
2,34950	6
2,35017	7
2,35083	7
2,35150	7
2,35217	7
2,35283	7
2,35350	7
2,35417	7
2,35483	7
2,35550	7
2,35617	7
2,35683	7
2,35750	7
2,35817	7
2,35883	6
2,35950	6
2,36017	6
2,36083	6
2,36150	6
2,36217	7
2,36283	7
2,36350	7
2,36417	7
2,36483	7
2,36550	7
2,36617	7
2,36683	7
2,36750	7
2,36817	7
2,36883	8
2,36950	8
2,37017	8
2,37083	8
2,37150	8
2,37217	9
2,37283	9
2,37350	9
2,37417	10
2,37483	10
2,37550	11
2,37617	11
2,37683	11
2,37750	12
2,37817	12
2,37883	12
2,37950	12
2,38017	13
2,38083	13
2,38150	13
2,38217	14
2,38283	14
2,38350	15
2,38417	15
2,38483	15
2,38550	16
2,38617	16
2,38683	16
2,38750	16
2,38817	16
2,38883	16
2,38950	17
2,39017	17
2,39083	17
2,39150	17
2,39217	17
2,39283	17
2,39350	17
2,39417	17
2,39483	17
2,39550	17
2,39617	16
2,39683	16
2,39750	16
2,39817	16
2,39883	16
2,39950	16
2,40017	16
2,40083	16
2,40150	16
2,40217	16
2,40283	16
2,40350	17
2,40417	17
2,40483	17
2,40550	18
2,40617	18
2,40683	19
2,40750	19
2,40817	20
2,40883	20
2,40950	21
2,41017	22
2,41083	23
2,41150	23
2,41217	24
2,41283	25
2,41350	26
2,41417	27
2,41483	28
2,41550	29
2,41617	29
2,41683	30
2,41750	30
2,41817	30
2,41883	30
2,41950	30
2,42017	30
2,42083	30
2,42150	30
2,42217	29
2,42283	29
2,42350	29
2,42417	28
2,42483	28
2,42550	28
2,42617	28
2,42683	27
2,42750	27
2,42817	27
2,42883	26
2,42950	26
2,43017	25
2,43083	24
2,43150	24
2,43217	23
2,43283	23
2,43350	22
2,43417	22
2,43483	21
2,43550	21
2,43617	21
2,43683	21
2,43750	20
2,43817	20
2,43883	20
2,43950	20
2,44017	20
2,44083	19
2,44150	19
2,44217	19
2,44283	19
2,44350	18
2,44417	18
2,44483	17
2,44550	17
2,44617	16
2,44683	16
2,44750	16
2,44817	15
2,44883	15
2,44950	14
2,45017	14
2,45083	14
2,45150	14
2,45217	13
2,45283	13
2,45350	13
2,45417	13
2,45483	13
2,45550	13
2,45617	13
2,45683	13
2,45750	13
2,45817	13
2,45883	12
2,45950	12
2,46017	12
2,46083	12
2,46150	13
2,46217	13
2,46283	13
2,46350	13
2,46417	13
2,46483	13
2,46550	13
2,46617	13
2,46683	13
2,46750	13
2,46817	13
2,46883	13
2,46950	13
2,47017	14
2,47083	14
2,47150	14
2,47217	14
2,47283	15
2,47350	15
2,47417	15
2,47483	15
2,47550	15
2,47617	15
2,47683	15
2,47750	15
2,47817	15
2,47883	15
2,47950	16
2,48017	16
2,48083	16
2,48150	16
2,48217	16
2,48283	16
2,48350	16
2,48417	16
2,48483	15
2,48550	15
2,48617	15
2,48683	15
2,48750	15
2,48817	15
2,48883	15
2,48950	15
2,49017	15
2,49083	15
2,49150	15
2,49217	15
2,49283	15
2,49350	15
2,49417	15
2,49483	15
2,49550	15
2,49617	15
2,49683	15
2,49750	15
2,49817	15
2,49883	15
2,49950	15
2,50017	14
2,50083	14
2,50150	14
2,50217	13
2,50283	13
2,50350	13
2,50417	12
2,50483	12
2,50550	12
2,50617	12
2,50683	12
2,50750	12
2,50817	12
2,50883	12
2,50950	12
2,51017	12
2,51083	11
2,51150	11
2,51217	11
2,51283	11
2,51350	11
2,51417	11
2,51483	11
2,51550	11
2,51617	11
2,51683	11
2,51750	11
2,51817	11
2,51883	12
2,51950	12
2,52017	13
2,52083	13
2,52150	14
2,52217	14
2,52283	15
2,52350	16
2,52417	17
2,52483	17
2,52550	18
2,52617	19
2,52683	20
2,52750	21
2,52817	21
2,52883	22
2,52950	22
2,53017	23
2,53083	23
2,53150	24
2,53217	24
2,53283	25
2,53350	25
2,53417	26
2,53483	26
2,53550	26
2,53617	27
2,53683	26
2,53750	26
2,53817	26
2,53883	26
2,53950	26
2,54017	26
2,54083	26
2,54150	26
2,54217	25
2,54283	25
2,54350	24
2,54417	24
2,54483	23
2,54550	22
2,54617	22
2,54683	21
2,54750	20
2,54817	19
2,54883	19
2,54950	18
2,55017	18
2,55083	17
2,55150	16
2,55217	16
2,55283	15
2,55350	15
2,55417	15
2,55483	14
2,55550	14
2,55617	14
2,55683	13
2,55750	13
2,55817	13
2,55883	13
2,55950	13
2,56017	13
2,56083	13
2,56150	13
2,56217	13
2,56283	12
2,56350	12
2,56417	12
2,56483	12
2,56550	12
2,56617	12
2,56683	12
2,56750	12
2,56817	11
2,56883	11
2,56950	11
2,57017	10
2,57083	10
2,57150	9
2,57217	9
2,57283	9
2,57350	9
2,57417	9
2,57483	9
2,57550	9
2,57617	9
2,57683	10
2,57750	10
2,57817	10
2,57883	10
2,57950	10
2,58017	10
2,58083	10
2,58150	9
2,58217	10
2,58283	10
2,58350	10
2,58417	10
2,58483	10
2,58550	10
2,58617	11
2,58683	11
2,58750	11
2,58817	11
2,58883	11
2,58950	12
2,59017	12
2,59083	12
2,59150	13
2,59217	13
2,59283	13
2,59350	13
2,59417	14
2,59483	14
2,59550	15
2,59617	16
2,59683	16
2,59750	17
2,59817	18
2,59883	18
2,59950	19
2,60017	20
2,60083	22
2,60150	23
2,60217	24
2,60283	25
2,60350	26
2,60417	27
2,60483	29
2,60550	30
2,60617	32
2,60683	33
2,60750	34
2,60817	36
2,60883	37
2,60950	38
2,61017	39
2,61083	40
2,61150	42
2,61217	43
2,61283	44
2,61350	45
2,61417	46
2,61483	47
2,61550	48
2,61617	49
2,61683	50
2,61750	51
2,61817	51
2,61883	52
2,61950	53
2,62017	54
2,62083	55
2,62150	55
2,62217	56
2,62283	57
2,62350	57
2,62417	57
2,62483	58
2,62550	58
2,62617	58
2,62683	59
2,62750	59
2,62817	60
2,62883	60
2,62950	60
2,63017	60
2,63083	61
2,63150	61
2,63217	61
2,63283	60
2,63350	60
2,63417	60
2,63483	60
2,63550	60
2,63617	60
2,63683	60
2,63750	60
2,63817	59
2,63883	59
2,63950	59
2,64017	59
2,64083	59
2,64150	58
2,64217	58
2,64283	58
2,64350	58
2,64417	58
2,64483	60
2,64550	62
2,64617	66
2,64683	73
2,64750	85
2,64817	104
2,64883	134
2,64950	182
2,65017	256
2,65083	371
2,65150	544
2,65217	802
2,65283	1179
2,65350	1716
2,65417	2463
2,65483	3473
2,65550	4810
2,65617	6548
2,65683	8773
2,65750	11573
2,65817	15035
2,65883	19235
2,65950	24254
2,66017	30172
2,66083	37077
2,66150	45058
2,66217	54187
2,66283	64504
2,66350	76046
2,66417	88873
2,66483	103052
2,66550	118635
2,66617	135638
2,66683	154037
2,66750	173764
2,66817	194796
2,66883	217061
2,66950	240465
2,67017	264897
2,67083	290170
2,67150	316109
2,67217	342536
2,67283	369121
2,67350	395489
2,67417	421271
2,67483	446075
2,67550	469449
2,67617	490905
2,67683	509968
2,67750	526202
2,67817	539222
2,67883	548746
2,67950	554588
2,68017	556671
2,68083	555019
2,68150	549775
2,68217	541177
2,68283	529571
2,68350	515350
2,68417	498931
2,68483	480732
2,68550	461162
2,68617	440598
2,68683	419387
2,68750	397835
2,68817	376211
2,68883	354741
2,68950	333613
2,69017	312982
2,69083	292967
2,69150	273665
2,69217	255144
2,69283	237454
2,69350	220625
2,69417	204673
2,69483	189601
2,69550	175404
2,69617	162067
2,69683	149567
2,69750	137879
2,69817	126973
2,69883	116815
2,69950	107371
2,70017	98606
2,70083	90482
2,70150	82963
2,70217	76014
2,70283	69599
2,70350	63684
2,70417	58236
2,70483	53224
2,70550	48616
2,70617	44385
2,70683	40503
2,70750	36943
2,70817	33682
2,70883	30697
2,70950	27967
2,71017	25471
2,71083	23191
2,71150	21109
2,71217	19209
2,71283	17477
2,71350	15898
2,71417	14459
2,71483	13149
2,71550	11957
2,71617	10872
2,71683	9885
2,71750	8988
2,71817	8172
2,71883	7431
2,71950	6758
2,72017	6147
2,72083	5593
2,72150	5089
2,72217	4633
2,72283	4219
2,72350	3844
2,72417	3504
2,72483	3196
2,72550	2917
2,72617	2664
2,72683	2435
2,72750	2228
2,72817	2040
2,72883	1870
2,72950	1716
2,73017	1577
2,73083	1451
2,73150	1337
2,73217	1233
2,73283	1139
2,73350	1054
2,73417	977
2,73483	907
2,73550	844
2,73617	786
2,73683	734
2,73750	686
2,73817	643
2,73883	604
2,73950	568
2,74017	536
2,74083	506
2,74150	479
2,74217	454
2,74283	432
2,74350	411
2,74417	392
2,74483	375
2,74550	359
2,74617	345
2,74683	332
2,74750	319
2,74817	308
2,74883	297
2,74950	288
2,75017	279
2,75083	271
2,75150	263
2,75217	257
2,75283	250
2,75350	244
2,75417	239
2,75483	234
2,75550	229
2,75617	224
2,75683	220
2,75750	216
2,75817	212
2,75883	209
2,75950	205
2,76017	201
2,76083	198
2,76150	195
2,76217	192
2,76283	189
2,76350	186
2,76417	183
2,76483	180
2,76550	177
2,76617	175
2,76683	172
2,76750	169
2,76817	167
2,76883	164
2,76950	162
2,77017	160
2,77083	158
2,77150	155
2,77217	153
2,77283	151
2,77350	150
2,77417	148
2,77483	146
2,77550	145
2,77617	143
2,77683	141
2,77750	140
2,77817	138
2,77883	137
2,77950	136
2,78017	134
2,78083	133
2,78150	132
2,78217	130
2,78283	129
2,78350	128
2,78417	127
2,78483	126
2,78550	125
2,78617	124
2,78683	122
2,78750	122
2,78817	121
2,78883	120
2,78950	120
2,79017	119
2,79083	119
2,79150	118
2,79217	117
2,79283	116
2,79350	116
2,79417	115
2,79483	114
2,79550	113
2,79617	112
2,79683	111
2,79750	110
2,79817	109
2,79883	109
2,79950	108
2,80017	107
2,80083	106
2,80150	106
2,80217	105
2,80283	105
2,80350	104
2,80417	104
2,80483	103
2,80550	103
2,80617	102
2,80683	102
2,80750	101
2,80817	100
2,80883	100
2,80950	99
2,81017	99
2,81083	98
2,81150	97
2,81217	97
2,81283	96
2,81350	96
2,81417	95
2,81483	95
2,81550	94
2,81617	94
2,81683	94
2,81750	93
2,81817	93
2,81883	93
2,81950	92
2,82017	92
2,82083	92
2,82150	92
2,82217	91
2,82283	91
2,82350	91
2,82417	90
2,82483	90
2,82550	89
2,82617	88
2,82683	88
2,82750	87
2,82817	86
2,82883	86
2,82950	85
2,83017	85
2,83083	84
2,83150	84
2,83217	84
2,83283	83
2,83350	83
2,83417	82
2,83483	82
2,83550	81
2,83617	81
2,83683	81
2,83750	80
2,83817	80
2,83883	80
2,83950	79
2,84017	79
2,84083	78
2,84150	78
2,84217	78
2,84283	77
2,84350	76
2,84417	76
2,84483	75
2,84550	75
2,84617	74
2,84683	73
2,84750	73
2,84817	72
2,84883	71
2,84950	71
2,85017	71
2,85083	70
2,85150	70
2,85217	69
2,85283	69
2,85350	69
2,85417	68
2,85483	68
2,85550	67
2,85617	67
2,85683	66
2,85750	66
2,85817	66
2,85883	65
2,85950	65
2,86017	65
2,86083	65
2,86150	65
2,86217	65
2,86283	65
2,86350	65
2,86417	65
2,86483	65
2,86550	65
2,86617	65
2,86683	65
2,86750	65
2,86817	66
2,86883	66
2,86950	67
2,87017	67
2,87083	68
2,87150	68
2,87217	68
2,87283	69
2,87350	69
2,87417	69
2,87483	69
2,87550	69
2,87617	69
2,87683	69
2,87750	70
2,87817	70
2,87883	70
2,87950	70
2,88017	70
2,88083	70
2,88150	70
2,88217	70
2,88283	70
2,88350	70
2,88417	70
2,88483	70
2,88550	70
2,88617	70
2,88683	69
2,88750	69
2,88817	69
2,88883	69
2,88950	69
2,89017	69
2,89083	68
2,89150	68
2,89217	68
2,89283	68
2,89350	68
2,89417	67
2,89483	67
2,89550	67
2,89617	67
2,89683	66
2,89750	66
2,89817	66
2,89883	65
2,89950	65
2,90017	64
2,90083	63
2,90150	63
2,90217	62
2,90283	62
2,90350	62
2,90417	61
2,90483	61
2,90550	60
2,90617	60
2,90683	59
2,90750	59
2,90817	58
2,90883	58
2,90950	58
2,91017	58
2,91083	57
2,91150	57
2,91217	57
2,91283	57
2,91350	57
2,91417	57
2,91483	57
2,91550	57
2,91617	57
2,91683	57
2,91750	57
2,91817	56
2,91883	56
2,91950	56
2,92017	56
2,92083	55
2,92150	55
2,92217	55
2,92283	55
2,92350	55
2,92417	55
2,92483	55
2,92550	55
2,92617	55
2,92683	54
2,92750	54
2,92817	54
2,92883	54
2,92950	54
2,93017	53
2,93083	53
2,93150	52
2,93217	52
2,93283	52
2,93350	51
2,93417	51
2,93483	51
2,93550	51
2,93617	51
2,93683	50
2,93750	50
2,93817	50
2,93883	50
2,93950	50
2,94017	50
2,94083	50
2,94150	50
2,94217	50
2,94283	50
2,94350	50
2,94417	50
2,94483	50
2,94550	50
2,94617	50
2,94683	50
2,94750	50
2,94817	50
2,94883	50
2,94950	50
2,95017	51
2,95083	51
2,95150	51
2,95217	51
2,95283	50
2,95350	50
2,95417	50
2,95483	50
2,95550	50
2,95617	49
2,95683	49
2,95750	49
2,95817	49
2,95883	49
2,95950	49
2,96017	49
2,96083	49
2,96150	49
2,96217	49
2,96283	49
2,96350	48
2,96417	48
2,96483	48
2,96550	49
2,96617	49
2,96683	49
2,96750	49
2,96817	50
2,96883	50
2,96950	50
2,97017	50
2,97083	51
2,97150	51
2,97217	51
2,97283	51
2,97350	51
2,97417	51
2,97483	51
2,97550	51
2,97617	51
2,97683	51
2,97750	50
2,97817	50
2,97883	50
2,97950	50
2,98017	50
2,98083	49
2,98150	49
2,98217	49
2,98283	48
2,98350	48
2,98417	47
2,98483	47
2,98550	47
2,98617	46
2,98683	46
2,98750	46
2,98817	46
2,98883	46
2,98950	45
2,99017	45
2,99083	45
2,99150	45
2,99217	45
2,99283	44
2,99350	44
2,99417	44
2,99483	44
2,99550	43
2,99617	43
2,99683	43
2,99750	43
2,99817	43
2,99883	43
2,99950	43
3,00017	43
3,00083	43
3,00150	43
3,00217	43
3,00283	43
3,00350	42
3,00417	42
3,00483	41
3,00550	41
3,00617	40
3,00683	40
3,00750	40
3,00817	39
3,00883	39
3,00950	39
3,01017	39
3,01083	38
3,01150	38
3,01217	38
3,01283	38
3,01350	38
3,01417	38
3,01483	38
3,01550	38
3,01617	38
3,01683	38
3,01750	38
3,01817	38
3,01883	38
3,01950	38
3,02017	39
3,02083	39
3,02150	39
3,02217	40
3,02283	40
3,02350	40
3,02417	41
3,02483	41
3,02550	41
3,02617	41
3,02683	41
3,02750	41
3,02817	41
3,02883	42
3,02950	42
3,03017	42
3,03083	42
3,03150	42
3,03217	42
3,03283	42
3,03350	42
3,03417	42
3,03483	42
3,03550	42
3,03617	42
3,03683	42
3,03750	41
3,03817	41
3,03883	41
3,03950	41
3,04017	41
3,04083	40
3,04150	40
3,04217	40
3,04283	40
3,04350	41
3,04417	41
3,04483	41
3,04550	42
3,04617	42
3,04683	43
3,04750	43
3,04817	44
3,04883	46
3,04950	47
3,05017	49
3,05083	52
3,05150	56
3,05217	60
3,05283	65
3,05350	71
3,05417	79
3,05483	87
3,05550	98
3,05617	109
3,05683	123
3,05750	138
3,05817	154
3,05883	173
3,05950	193
3,06017	215
3,06083	237
3,06150	262
3,06217	287
3,06283	312
3,06350	338
3,06417	364
3,06483	389
3,06550	413
3,06617	436
3,06683	458
3,06750	478
3,06817	495
3,06883	511
3,06950	524
3,07017	534
3,07083	542
3,07150	547
3,07217	549
3,07283	548
3,07350	545
3,07417	540
3,07483	532
3,07550	522
3,07617	511
3,07683	497
3,07750	483
3,07817	467
3,07883	451
3,07950	434
3,08017	416
3,08083	399
3,08150	381
3,08217	363
3,08283	346
3,08350	328
3,08417	311
3,08483	295
3,08550	279
3,08617	264
3,08683	249
3,08750	235
3,08817	222
3,08883	209
3,08950	198
3,09017	186
3,09083	176
3,09150	166
3,09217	157
3,09283	148
3,09350	140
3,09417	133
3,09483	126
3,09550	119
3,09617	113
3,09683	108
3,09750	103
3,09817	98
3,09883	93
3,09950	89
3,10017	85
3,10083	82
3,10150	78
3,10217	75
3,10283	72
3,10350	70
3,10417	68
3,10483	65
3,10550	63
3,10617	62
3,10683	60
3,10750	58
3,10817	57
3,10883	56
3,10950	55
3,11017	53
3,11083	52
3,11150	51
3,11217	50
3,11283	50
3,11350	49
3,11417	48
3,11483	47
3,11550	47
3,11617	46
3,11683	46
3,11750	45
3,11817	45
3,11883	44
3,11950	44
3,12017	44
3,12083	43
3,12150	43
3,12217	43
3,12283	42
3,12350	42
3,12417	42
3,12483	41
3,12550	41
3,12617	40
3,12683	40
3,12750	40
3,12817	39
3,12883	39
3,12950	39
3,13017	39
3,13083	39
3,13150	38
3,13217	38
3,13283	38
3,13350	38
3,13417	37
3,13483	37
3,13550	37
3,13617	37
3,13683	37
3,13750	37
3,13817	37
3,13883	37
3,13950	37
3,14017	37
3,14083	37
3,14150	37
3,14217	37
3,14283	37
3,14350	37
3,14417	37
3,14483	37
3,14550	37
3,14617	37
3,14683	37
3,14750	37
3,14817	37
3,14883	37
3,14950	37
3,15017	37
3,15083	37
3,15150	37
3,15217	36
3,15283	36
3,15350	36
3,15417	35
3,15483	35
3,15550	34
3,15617	34
3,15683	34
3,15750	34
3,15817	33
3,15883	33
3,15950	33
3,16017	33
3,16083	32
3,16150	32
3,16217	32
3,16283	32
3,16350	32
3,16417	31
3,16483	31
3,16550	31
3,16617	30
3,16683	30
3,16750	30
3,16817	30
3,16883	29
3,16950	29
3,17017	29
3,17083	29
3,17150	29
3,17217	29
3,17283	29
3,17350	29
3,17417	29
3,17483	29
3,17550	29
3,17617	29
3,17683	29
3,17750	29
3,17817	30
3,17883	30
3,17950	30
3,18017	31
3,18083	31
3,18150	31
3,18217	32
3,18283	32
3,18350	32
3,18417	32
3,18483	33
3,18550	33
3,18617	33
3,18683	34
3,18750	34
3,18817	34
3,18883	34
3,18950	34
3,19017	34
3,19083	34
3,19150	34
3,19217	35
3,19283	35
3,19350	35
3,19417	35
3,19483	35
3,19550	35
3,19617	35
3,19683	35
3,19750	35
3,19817	35
3,19883	34
3,19950	34
3,20017	34
3,20083	33
3,20150	33
3,20217	33
3,20283	33
3,20350	32
3,20417	32
3,20483	32
3,20550	32
3,20617	31
3,20683	31
3,20750	31
3,20817	30
3,20883	30
3,20950	30
3,21017	30
3,21083	29
3,21150	29
3,21217	28
3,21283	28
3,21350	28
3,21417	28
3,21483	28
3,21550	28
3,21617	28
3,21683	27
3,21750	27
3,21817	27
3,21883	27
3,21950	27
3,22017	27
3,22083	28
3,22150	28
3,22217	28
3,22283	28
3,22350	28
3,22417	28
3,22483	28
3,22550	29
3,22617	29
3,22683	29
3,22750	29
3,22817	29
3,22883	30
3,22950	30
3,23017	30
3,23083	30
3,23150	30
3,23217	30
3,23283	29
3,23350	29
3,23417	29
3,23483	29
3,23550	29
3,23617	29
3,23683	29
3,23750	29
3,23817	29
3,23883	29
3,23950	29
3,24017	29
3,24083	29
3,24150	29
3,24217	30
3,24283	30
3,24350	30
3,24417	30
3,24483	30
3,24550	31
3,24617	31
3,24683	31
3,24750	31
3,24817	31
3,24883	31
3,24950	32
3,25017	32
3,25083	32
3,25150	32
3,25217	32
3,25283	32
3,25350	32
3,25417	32
3,25483	32
3,25550	32
3,25617	31
3,25683	31
3,25750	31
3,25817	31
3,25883	31
3,25950	30
3,26017	30
3,26083	30
3,26150	29
3,26217	29
3,26283	29
3,26350	29
3,26417	29
3,26483	29
3,26550	29
3,26617	30
3,26683	30
3,26750	30
3,26817	30
3,26883	30
3,26950	30
3,27017	29
3,27083	29
3,27150	29
3,27217	29
3,27283	28
3,27350	28
3,27417	28
3,27483	28
3,27550	28
3,27617	28
3,27683	28
3,27750	28
3,27817	28
3,27883	28
3,27950	28
3,28017	28
3,28083	28
3,28150	28
3,28217	29
3,28283	29
3,28350	29
3,28417	29
3,28483	29
3,28550	29
3,28617	29
3,28683	29
3,28750	29
3,28817	30
3,28883	30
3,28950	30
3,29017	30
3,29083	30
3,29150	30
3,29217	30
3,29283	30
3,29350	30
3,29417	30
3,29483	30
3,29550	30
3,29617	30
3,29683	30
3,29750	30
3,29817	30
3,29883	30
3,29950	30
3,30017	30
3,30083	30
3,30150	30
3,30217	30
3,30283	30
3,30350	30
3,30417	29
3,30483	29
3,30550	29
3,30617	28
3,30683	28
3,30750	27
3,30817	27
3,30883	27
3,30950	26
3,31017	26
3,31083	26
3,31150	26
3,31217	26
3,31283	26
3,31350	26
3,31417	26
3,31483	26
3,31550	26
3,31617	26
3,31683	26
3,31750	26
3,31817	26
3,31883	27
3,31950	27
3,32017	27
3,32083	27
3,32150	27
3,32217	27
3,32283	27
3,32350	27
3,32417	27
3,32483	26
3,32550	26
3,32617	26
3,32683	25
3,32750	25
3,32817	25
3,32883	25
3,32950	25
3,33017	25
3,33083	25
3,33150	25
3,33217	25
3,33283	25
3,33350	26
3,33417	26
3,33483	26
3,33550	26
3,33617	26
3,33683	26
3,33750	26
3,33817	26
3,33883	26
3,33950	26
3,34017	26
3,34083	26
3,34150	27
3,34217	27
3,34283	27
3,34350	27
3,34417	27
3,34483	27
3,34550	27
3,34617	27
3,34683	27
3,34750	28
3,34817	28
3,34883	28
3,34950	28
3,35017	27
3,35083	27
3,35150	27
3,35217	27
3,35283	27
3,35350	27
3,35417	27
3,35483	28
3,35550	28
3,35617	28
3,35683	27
3,35750	27
3,35817	27
3,35883	27
3,35950	27
3,36017	28
3,36083	28
3,36150	28
3,36217	29
3,36283	29
3,36350	29
3,36417	30
3,36483	30
3,36550	30
3,36617	30
3,36683	31
3,36750	31
3,36817	31
3,36883	31
3,36950	30
3,37017	30
3,37083	30
3,37150	30
3,37217	30
3,37283	30
3,37350	30
3,37417	30
3,37483	30
3,37550	30
3,37617	29
3,37683	29
3,37750	29
3,37817	29
3,37883	28
3,37950	28
3,38017	28
3,38083	28
3,38150	27
3,38217	27
3,38283	27
3,38350	27
3,38417	26
3,38483	26
3,38550	26
3,38617	26
3,38683	26
3,38750	26
3,38817	26
3,38883	26
3,38950	26
3,39017	27
3,39083	27
3,39150	27
3,39217	28
3,39283	28
3,39350	28
3,39417	29
3,39483	29
3,39550	29
3,39617	30
3,39683	30
3,39750	30
3,39817	31
3,39883	31
3,39950	31
3,40017	31
3,40083	31
3,40150	31
3,40217	31
3,40283	31
3,40350	32
3,40417	32
3,40483	32
3,40550	33
3,40617	33
3,40683	33
3,40750	33
3,40817	33
3,40883	33
3,40950	33
3,41017	34
3,41083	34
3,41150	33
3,41217	33
3,41283	33
3,41350	33
3,41417	33
3,41483	33
3,41550	32
3,41617	32
3,41683	32
3,41750	32
3,41817	31
3,41883	31
3,41950	30
3,42017	30
3,42083	30
3,42150	29
3,42217	29
3,42283	29
3,42350	28
3,42417	28
3,42483	28
3,42550	28
3,42617	28
3,42683	28
3,42750	28
3,42817	29
3,42883	29
3,42950	29
3,43017	29
3,43083	29
3,43150	29
3,43217	30
3,43283	30
3,43350	30
3,43417	31
3,43483	31
3,43550	31
3,43617	32
3,43683	32
3,43750	33
3,43817	34
3,43883	34
3,43950	35
3,44017	35
3,44083	36
3,44150	36
3,44217	37
3,44283	37
3,44350	38
3,44417	39
3,44483	40
3,44550	40
3,44617	41
3,44683	42
3,44750	43
3,44817	44
3,44883	44
3,44950	45
3,45017	46
3,45083	47
3,45150	48
3,45217	49
3,45283	50
3,45350	50
3,45417	51
3,45483	52
3,45550	52
3,45617	53
3,45683	53
3,45750	54
3,45817	54
3,45883	55
3,45950	55
3,46017	55
3,46083	56
3,46150	56
3,46217	57
3,46283	57
3,46350	57
3,46417	57
3,46483	57
3,46550	57
3,46617	57
3,46683	57
3,46750	57
3,46817	57
3,46883	57
3,46950	57
3,47017	56
3,47083	56
3,47150	56
3,47217	56
3,47283	55
3,47350	55
3,47417	54
3,47483	54
3,47550	53
3,47617	53
3,47683	52
3,47750	52
3,47817	51
3,47883	51
3,47950	51
3,48017	50
3,48083	50
3,48150	50
3,48217	50
3,48283	50
3,48350	49
3,48417	49
3,48483	49
3,48550	49
3,48617	48
3,48683	48
3,48750	48
3,48817	47
3,48883	47
3,48950	47
3,49017	47
3,49083	47
3,49150	47
3,49217	47
3,49283	47
3,49350	47
3,49417	47
3,49483	47
3,49550	47
3,49617	47
3,49683	47
3,49750	47
3,49817	47
3,49883	47
3,49950	47
3,50017	47
3,50083	47
3,50150	47
3,50217	47
3,50283	46
3,50350	46
3,50417	46
3,50483	46
3,50550	46
3,50617	46
3,50683	45
3,50750	45
3,50817	45
3,50883	44
3,50950	44
3,51017	44
3,51083	43
3,51150	43
3,51217	43
3,51283	43
3,51350	43
3,51417	43
3,51483	43
3,51550	42
3,51617	42
3,51683	42
3,51750	41
3,51817	41
3,51883	40
3,51950	40
3,52017	40
3,52083	39
3,52150	39
3,52217	39
3,52283	39
3,52350	39
3,52417	39
3,52483	38
3,52550	38
3,52617	38
3,52683	38
3,52750	38
3,52817	38
3,52883	38
3,52950	38
3,53017	37
3,53083	37
3,53150	37
3,53217	36
3,53283	36
3,53350	36
3,53417	35
3,53483	35
3,53550	35
3,53617	35
3,53683	34
3,53750	34
3,53817	34
3,53883	34
3,53950	33
3,54017	33
3,54083	33
3,54150	32
3,54217	32
3,54283	32
3,54350	32
3,54417	32
3,54483	32
3,54550	32
3,54617	32
3,54683	32
3,54750	32
3,54817	32
3,54883	32
3,54950	32
3,55017	32
3,55083	32
3,55150	33
3,55217	33
3,55283	33
3,55350	34
3,55417	34
3,55483	34
3,55550	34
3,55617	34
3,55683	35
3,55750	35
3,55817	35
3,55883	35
3,55950	35
3,56017	35
3,56083	35
3,56150	35
3,56217	35
3,56283	35
3,56350	35
3,56417	35
3,56483	35
3,56550	35
3,56617	35
3,56683	35
3,56750	35
3,56817	35
3,56883	35
3,56950	35
3,57017	35
3,57083	35
3,57150	35
3,57217	35
3,57283	35
3,57350	35
3,57417	35
3,57483	35
3,57550	35
3,57617	35
3,57683	34
3,57750	34
3,57817	34
3,57883	34
3,57950	33
3,58017	33
3,58083	33
3,58150	32
3,58217	32
3,58283	32
3,58350	31
3,58417	31
3,58483	30
3,58550	30
3,58617	30
3,58683	29
3,58750	29
3,58817	29
3,58883	29
3,58950	29
3,59017	29
3,59083	29
3,59150	29
3,59217	28
3,59283	28
3,59350	28
3,59417	28
3,59483	27
3,59550	27
3,59617	27
3,59683	27
3,59750	27
3,59817	27
3,59883	27
3,59950	27
3,60017	27
3,60083	27
3,60150	27
3,60217	27
3,60283	27
3,60350	27
3,60417	27
3,60483	27
3,60550	27
3,60617	27
3,60683	27
3,60750	27
3,60817	27
3,60883	28
3,60950	28
3,61017	28
3,61083	28
3,61150	28
3,61217	28
3,61283	29
3,61350	29
3,61417	29
3,61483	29
3,61550	29
3,61617	29
3,61683	29
3,61750	29
3,61817	29
3,61883	30
3,61950	30
3,62017	29
3,62083	29
3,62150	29
3,62217	29
3,62283	28
3,62350	28
3,62417	28
3,62483	27
3,62550	27
3,62617	27
3,62683	27
3,62750	27
3,62817	26
3,62883	26
3,62950	26
3,63017	26
3,63083	26
3,63150	26
3,63217	26
3,63283	26
3,63350	26
3,63417	26
3,63483	27
3,63550	27
3,63617	27
3,63683	27
3,63750	27
3,63817	27
3,63883	27
3,63950	27
3,64017	28
3,64083	28
3,64150	28
3,64217	28
3,64283	29
3,64350	29
3,64417	29
3,64483	29
3,64550	30
3,64617	30
3,64683	30
3,64750	30
3,64817	31
3,64883	31
3,64950	32
3,65017	33
3,65083	33
3,65150	34
3,65217	35
3,65283	35
3,65350	36
3,65417	36
3,65483	37
3,65550	38
3,65617	38
3,65683	38
3,65750	39
3,65817	39
3,65883	40
3,65950	40
3,66017	41
3,66083	42
3,66150	42
3,66217	42
3,66283	43
3,66350	43
3,66417	43
3,66483	43
3,66550	43
3,66617	42
3,66683	42
3,66750	42
3,66817	41
3,66883	41
3,66950	40
3,67017	40
3,67083	39
3,67150	39
3,67217	38
3,67283	37
3,67350	37
3,67417	36
3,67483	35
3,67550	35
3,67617	34
3,67683	33
3,67750	33
3,67817	32
3,67883	32
3,67950	31
3,68017	31
3,68083	30
3,68150	30
3,68217	30
3,68283	29
3,68350	29
3,68417	29
3,68483	29
3,68550	28
3,68617	28
3,68683	28
3,68750	27
3,68817	27
3,68883	26
3,68950	26
3,69017	26
3,69083	26
3,69150	25
3,69217	25
3,69283	25
3,69350	25
3,69417	25
3,69483	25
3,69550	26
3,69617	26
3,69683	26
3,69750	26
3,69817	26
3,69883	25
3,69950	25
3,70017	25
3,70083	25
3,70150	25
3,70217	25
3,70283	26
3,70350	26
3,70417	26
3,70483	26
3,70550	27
3,70617	27
3,70683	27
3,70750	27
3,70817	27
3,70883	27
3,70950	27
3,71017	27
3,71083	27
3,71150	27
3,71217	27
3,71283	27
3,71350	27
3,71417	27
3,71483	27
3,71550	27
3,71617	27
3,71683	27
3,71750	27
3,71817	27
3,71883	27
3,71950	27
3,72017	26
3,72083	26
3,72150	25
3,72217	25
3,72283	25
3,72350	24
3,72417	24
3,72483	24
3,72550	24
3,72617	24
3,72683	24
3,72750	24
3,72817	24
3,72883	24
3,72950	24
3,73017	24
3,73083	24
3,73150	24
3,73217	24
3,73283	24
3,73350	24
3,73417	24
3,73483	24
3,73550	25
3,73617	25
3,73683	25
3,73750	25
3,73817	25
3,73883	25
3,73950	25
3,74017	25
3,74083	25
3,74150	25
3,74217	25
3,74283	25
3,74350	25
3,74417	25
3,74483	24
3,74550	24
3,74617	24
3,74683	24
3,74750	24
3,74817	24
3,74883	23
3,74950	23
3,75017	23
3,75083	23
3,75150	23
3,75217	23
3,75283	23
3,75350	22
3,75417	22
3,75483	22
3,75550	22
3,75617	22
3,75683	22
3,75750	22
3,75817	22
3,75883	22
3,75950	23
3,76017	23
3,76083	23
3,76150	23
3,76217	23
3,76283	23
3,76350	23
3,76417	24
3,76483	24
3,76550	24
3,76617	24
3,76683	24
3,76750	24
3,76817	24
3,76883	24
3,76950	24
3,77017	24
3,77083	24
3,77150	24
3,77217	24
3,77283	24
3,77350	24
3,77417	24
3,77483	24
3,77550	24
3,77617	24
3,77683	24
3,77750	25
3,77817	25
3,77883	25
3,77950	25
3,78017	26
3,78083	26
3,78150	26
3,78217	26
3,78283	26
3,78350	26
3,78417	26
3,78483	26
3,78550	26
3,78617	26
3,78683	26
3,78750	26
3,78817	26
3,78883	26
3,78950	26
3,79017	26
3,79083	26
3,79150	26
3,79217	26
3,79283	26
3,79350	25
3,79417	25
3,79483	25
3,79550	25
3,79617	25
3,79683	26
3,79750	26
3,79817	26
3,79883	27
3,79950	27
3,80017	27
3,80083	27
3,80150	27
3,80217	27
3,80283	27
3,80350	27
3,80417	27
3,80483	27
3,80550	27
3,80617	26
3,80683	26
3,80750	26
3,80817	25
3,80883	25
3,80950	25
3,81017	25
3,81083	25
3,81150	25
3,81217	25
3,81283	26
3,81350	26
3,81417	26
3,81483	26
3,81550	26
3,81617	26
3,81683	26
3,81750	26
3,81817	26
3,81883	26
3,81950	26
3,82017	26
3,82083	26
3,82150	26
3,82217	26
3,82283	26
3,82350	26
3,82417	26
3,82483	26
3,82550	26
3,82617	26
3,82683	26
3,82750	27
3,82817	27
3,82883	27
3,82950	27
3,83017	27
3,83083	27
3,83150	27
3,83217	27
3,83283	27
3,83350	27
3,83417	27
3,83483	28
3,83550	28
3,83617	28
3,83683	28
3,83750	28
3,83817	28
3,83883	28
3,83950	28
3,84017	28
3,84083	29
3,84150	29
3,84217	29
3,84283	29
3,84350	29
3,84417	29
3,84483	29
3,84550	29
3,84617	29
3,84683	29
3,84750	29
3,84817	29
3,84883	29
3,84950	28
3,85017	28
3,85083	28
3,85150	28
3,85217	28
3,85283	28
3,85350	28
3,85417	28
3,85483	28
3,85550	28
3,85617	28
3,85683	27
3,85750	27
3,85817	27
3,85883	26
3,85950	26
3,86017	25
3,86083	25
3,86150	25
3,86217	25
3,86283	25
3,86350	25
3,86417	25
3,86483	25
3,86550	26
3,86617	26
3,86683	26
3,86750	25
3,86817	25
3,86883	25
3,86950	25
3,87017	25
3,87083	25
3,87150	25
3,87217	24
3,87283	24
3,87350	24
3,87417	24
3,87483	24
3,87550	24
3,87617	24
3,87683	25
3,87750	25
3,87817	25
3,87883	25
3,87950	25
3,88017	25
3,88083	25
3,88150	26
3,88217	26
3,88283	26
3,88350	26
3,88417	26
3,88483	27
3,88550	27
3,88617	27
3,88683	27
3,88750	27
3,88817	27
3,88883	27
3,88950	27
3,89017	27
3,89083	27
3,89150	27
3,89217	27
3,89283	27
3,89350	27
3,89417	27
3,89483	27
3,89550	27
3,89617	27
3,89683	26
3,89750	26
3,89817	26
3,89883	26
3,89950	26
3,90017	26
3,90083	26
3,90150	26
3,90217	26
3,90283	26
3,90350	26
3,90417	26
3,90483	26
3,90550	26
3,90617	26
3,90683	26
3,90750	26
3,90817	26
3,90883	26
3,90950	25
3,91017	25
3,91083	25
3,91150	25
3,91217	25
3,91283	25
3,91350	25
3,91417	25
3,91483	25
3,91550	25
3,91617	25
3,91683	25
3,91750	26
3,91817	26
3,91883	26
3,91950	26
3,92017	26
3,92083	27
3,92150	27
3,92217	27
3,92283	27
3,92350	27
3,92417	27
3,92483	28
3,92550	28
3,92617	28
3,92683	28
3,92750	28
3,92817	29
3,92883	29
3,92950	29
3,93017	29
3,93083	29
3,93150	29
3,93217	30
3,93283	30
3,93350	30
3,93417	30
3,93483	30
3,93550	30
3,93617	30
3,93683	30
3,93750	31
3,93817	31
3,93883	31
3,93950	31
3,94017	31
3,94083	32
3,94150	32
3,94217	32
3,94283	33
3,94350	33
3,94417	33
3,94483	34
3,94550	34
3,94617	34
3,94683	34
3,94750	34
3,94817	34
3,94883	34
3,94950	34
3,95017	34
3,95083	34
3,95150	33
3,95217	33
3,95283	33
3,95350	32
3,95417	32
3,95483	31
3,95550	31
3,95617	30
3,95683	30
3,95750	29
3,95817	29
3,95883	28
3,95950	28
3,96017	28
3,96083	27
3,96150	27
3,96217	27
3,96283	26
3,96350	26
3,96417	26
3,96483	25
3,96550	25
3,96617	25
3,96683	24
3,96750	24
3,96817	24
3,96883	24
3,96950	24
3,97017	24
3,97083	25
3,97150	25
3,97217	25
3,97283	24
3,97350	24
3,97417	24
3,97483	24
3,97550	24
3,97617	24
3,97683	24
3,97750	24
3,97817	25
3,97883	25
3,97950	25
3,98017	25
3,98083	25
3,98150	25
3,98217	25
3,98283	25
3,98350	25
3,98417	25
3,98483	25
3,98550	25
3,98617	25
3,98683	25
3,98750	25
3,98817	24
3,98883	24
3,98950	24
3,99017	24
3,99083	24
3,99150	24
3,99217	24
3,99283	24
3,99350	24
3,99417	24
3,99483	24
3,99550	24
3,99617	24
3,99683	24
3,99750	24
3,99817	24
3,99883	24
3,99950	24
4,00017	24
4,00083	24
4,00150	25
4,00217	25
4,00283	25
4,00350	25
4,00417	25
4,00483	25
4,00550	25
4,00617	25
4,00683	25
4,00750	25
4,00817	25
4,00883	25
4,00950	25
4,01017	25
4,01083	25
4,01150	25
4,01217	25
4,01283	25
4,01350	25
4,01417	24
4,01483	24
4,01550	24
4,01617	24
4,01683	24
4,01750	24
4,01817	23
4,01883	23
4,01950	23
4,02017	23
4,02083	23
4,02150	23
4,02217	23
4,02283	23
4,02350	23
4,02417	24
4,02483	24
4,02550	24
4,02617	25
4,02683	25
4,02750	25
4,02817	25
4,02883	25
4,02950	25
4,03017	25
4,03083	25
4,03150	25
4,03217	25
4,03283	25
4,03350	26
4,03417	26
4,03483	26
4,03550	26
4,03617	26
4,03683	27
4,03750	27
4,03817	27
4,03883	27
4,03950	27
4,04017	26
4,04083	26
4,04150	26
4,04217	26
4,04283	26
4,04350	25
4,04417	25
4,04483	25
4,04550	25
4,04617	24
4,04683	24
4,04750	24
4,04817	24
4,04883	23
4,04950	23
4,05017	23
4,05083	23
4,05150	23
4,05217	22
4,05283	22
4,05350	23
4,05417	23
4,05483	23
4,05550	23
4,05617	22
4,05683	22
4,05750	22
4,05817	22
4,05883	22
4,05950	22
4,06017	22
4,06083	21
4,06150	21
4,06217	21
4,06283	21
4,06350	20
4,06417	20
4,06483	20
4,06550	20
4,06617	20
4,06683	20
4,06750	19
4,06817	19
4,06883	19
4,06950	19
4,07017	19
4,07083	19
4,07150	19
4,07217	19
4,07283	19
4,07350	19
4,07417	19
4,07483	19
4,07550	19
4,07617	19
4,07683	18
4,07750	18
4,07817	18
4,07883	18
4,07950	18
4,08017	18
4,08083	18
4,08150	18
4,08217	18
4,08283	18
4,08350	18
4,08417	18
4,08483	18
4,08550	18
4,08617	18
4,08683	18
4,08750	18
4,08817	18
4,08883	18
4,08950	19
4,09017	19
4,09083	19
4,09150	19
4,09217	19
4,09283	19
4,09350	19
4,09417	19
4,09483	19
4,09550	19
4,09617	19
4,09683	19
4,09750	19
4,09817	19
4,09883	19
4,09950	18
4,10017	18
4,10083	18
4,10150	18
4,10217	18
4,10283	18
4,10350	18
4,10417	18
4,10483	18
4,10550	18
4,10617	18
4,10683	18
4,10750	18
4,10817	18
4,10883	18
4,10950	18
4,11017	18
4,11083	18
4,11150	19
4,11217	19
4,11283	19
4,11350	19
4,11417	19
4,11483	19
4,11550	20
4,11617	20
4,11683	20
4,11750	20
4,11817	20
4,11883	20
4,11950	20
4,12017	20
4,12083	20
4,12150	20
4,12217	20
4,12283	19
4,12350	19
4,12417	19
4,12483	19
4,12550	19
4,12617	18
4,12683	18
4,12750	18
4,12817	18
4,12883	18
4,12950	18
4,13017	17
4,13083	17
4,13150	17
4,13217	17
4,13283	17
4,13350	17
4,13417	17
4,13483	16
4,13550	16
4,13617	16
4,13683	16
4,13750	16
4,13817	16
4,13883	15
4,13950	15
4,14017	15
4,14083	15
4,14150	15
4,14217	15
4,14283	15
4,14350	15
4,14417	15
4,14483	16
4,14550	15
4,14617	15
4,14683	15
4,14750	15
4,14817	15
4,14883	15
4,14950	14
4,15017	14
4,15083	14
4,15150	14
4,15217	14
4,15283	14
4,15350	14
4,15417	14
4,15483	14
4,15550	14
4,15617	14
4,15683	14
4,15750	15
4,15817	14
4,15883	14
4,15950	14
4,16017	14
4,16083	14
4,16150	15
4,16217	15
4,16283	15
4,16350	15
4,16417	15
4,16483	16
4,16550	16
4,16617	16
4,16683	16
4,16750	16
4,16817	16
4,16883	16
4,16950	16
4,17017	16
4,17083	17
4,17150	17
4,17217	17
4,17283	18
4,17350	18
4,17417	18
4,17483	18
4,17550	18
4,17617	18
4,17683	18
4,17750	18
4,17817	17
4,17883	17
4,17950	17
4,18017	17
4,18083	17
4,18150	17
4,18217	17
4,18283	17
4,18350	17
4,18417	17
4,18483	17
4,18550	17
4,18617	17
4,18683	17
4,18750	17
4,18817	17
4,18883	17
4,18950	17
4,19017	17
4,19083	17
4,19150	17
4,19217	18
4,19283	18
4,19350	18
4,19417	19
4,19483	19
4,19550	19
4,19617	19
4,19683	19
4,19750	19
4,19817	19
4,19883	19
4,19950	19
4,20017	19
4,20083	19
4,20150	19
4,20217	18
4,20283	18
4,20350	18
4,20417	18
4,20483	18
4,20550	18
4,20617	18
4,20683	18
4,20750	18
4,20817	18
4,20883	18
4,20950	18
4,21017	17
4,21083	17
4,21150	17
4,21217	17
4,21283	17
4,21350	17
4,21417	17
4,21483	17
4,21550	17
4,21617	17
4,21683	17
4,21750	16
4,21817	16
4,21883	16
4,21950	16
4,22017	16
4,22083	16
4,22150	16
4,22217	16
4,22283	16
4,22350	16
4,22417	17
4,22483	17
4,22550	17
4,22617	17
4,22683	17
4,22750	18
4,22817	18
4,22883	18
4,22950	18
4,23017	18
4,23083	18
4,23150	18
4,23217	18
4,23283	18
4,23350	18
4,23417	18
4,23483	18
4,23550	18
4,23617	19
4,23683	19
4,23750	19
4,23817	19
4,23883	20
4,23950	20
4,24017	21
4,24083	21
4,24150	21
4,24217	22
4,24283	22
4,24350	23
4,24417	23
4,24483	23
4,24550	24
4,24617	24
4,24683	25
4,24750	26
4,24817	27
4,24883	28
4,24950	28
4,25017	29
4,25083	30
4,25150	31
4,25217	31
4,25283	32
4,25350	33
4,25417	33
4,25483	34
4,25550	35
4,25617	36
4,25683	36
4,25750	37
4,25817	37
4,25883	38
4,25950	38
4,26017	39
4,26083	39
4,26150	39
4,26217	39
4,26283	39
4,26350	39
4,26417	39
4,26483	39
4,26550	39
4,26617	39
4,26683	39
4,26750	39
4,26817	38
4,26883	38
4,26950	38
4,27017	38
4,27083	37
4,27150	37
4,27217	37
4,27283	36
4,27350	36
4,27417	36
4,27483	35
4,27550	35
4,27617	35
4,27683	34
4,27750	34
4,27817	34
4,27883	33
4,27950	33
4,28017	32
4,28083	32
4,28150	32
4,28217	31
4,28283	31
4,28350	30
4,28417	30
4,28483	30
4,28550	29
4,28617	29
4,28683	28
4,28750	28
4,28817	28
4,28883	27
4,28950	27
4,29017	27
4,29083	27
4,29150	26
4,29217	26
4,29283	26
4,29350	26
4,29417	26
4,29483	26
4,29550	26
4,29617	25
4,29683	25
4,29750	25
4,29817	25
4,29883	24
4,29950	24
4,30017	24
4,30083	24
4,30150	23
4,30217	23
4,30283	23
4,30350	23
4,30417	22
4,30483	22
4,30550	22
4,30617	22
4,30683	21
4,30750	21
4,30817	21
4,30883	21
4,30950	21
4,31017	20
4,31083	21
4,31150	21
4,31217	21
4,31283	21
4,31350	21
4,31417	21
4,31483	22
4,31550	22
4,31617	22
4,31683	22
4,31750	22
4,31817	22
4,31883	22
4,31950	22
4,32017	21
4,32083	21
4,32150	21
4,32217	21
4,32283	21
4,32350	21
4,32417	21
4,32483	21
4,32550	21
4,32617	21
4,32683	21
4,32750	21
4,32817	20
4,32883	20
4,32950	21
4,33017	21
4,33083	21
4,33150	20
4,33217	20
4,33283	20
4,33350	20
4,33417	20
4,33483	19
4,33550	19
4,33617	19
4,33683	19
4,33750	18
4,33817	18
4,33883	18
4,33950	18
4,34017	18
4,34083	18
4,34150	18
4,34217	18
4,34283	18
4,34350	18
4,34417	18
4,34483	18
4,34550	18
4,34617	18
4,34683	18
4,34750	18
4,34817	18
4,34883	18
4,34950	18
4,35017	18
4,35083	18
4,35150	18
4,35217	19
4,35283	19
4,35350	19
4,35417	19
4,35483	19
4,35550	19
4,35617	19
4,35683	19
4,35750	19
4,35817	19
4,35883	19
4,35950	19
4,36017	19
4,36083	20
4,36150	20
4,36217	20
4,36283	20
4,36350	20
4,36417	20
4,36483	20
4,36550	20
4,36617	20
4,36683	20
4,36750	21
4,36817	21
4,36883	21
4,36950	21
4,37017	21
4,37083	21
4,37150	21
4,37217	21
4,37283	21
4,37350	22
4,37417	22
4,37483	22
4,37550	22
4,37617	22
4,37683	22
4,37750	22
4,37817	22
4,37883	22
4,37950	22
4,38017	21
4,38083	21
4,38150	21
4,38217	21
4,38283	20
4,38350	20
4,38417	20
4,38483	19
4,38550	19
4,38617	19
4,38683	19
4,38750	19
4,38817	19
4,38883	18
4,38950	18
4,39017	18
4,39083	17
4,39150	17
4,39217	17
4,39283	17
4,39350	17
4,39417	17
4,39483	17
4,39550	17
4,39617	17
4,39683	17
4,39750	17
4,39817	17
4,39883	17
4,39950	17
4,40017	17
4,40083	17
4,40150	17
4,40217	17
4,40283	17
4,40350	17
4,40417	17
4,40483	17
4,40550	17
4,40617	17
4,40683	17
4,40750	17
4,40817	17
4,40883	17
4,40950	18
4,41017	18
4,41083	18
4,41150	18
4,41217	18
4,41283	18
4,41350	18
4,41417	18
4,41483	17
4,41550	17
4,41617	17
4,41683	17
4,41750	17
4,41817	16
4,41883	16
4,41950	16
4,42017	17
4,42083	17
4,42150	17
4,42217	17
4,42283	16
4,42350	16
4,42417	16
4,42483	15
4,42550	15
4,42617	15
4,42683	14
4,42750	14
4,42817	14
4,42883	14
4,42950	14
4,43017	15
4,43083	15
4,43150	15
4,43217	15
4,43283	15
4,43350	15
4,43417	15
4,43483	15
4,43550	15
4,43617	15
4,43683	14
4,43750	14
4,43817	14
4,43883	14
4,43950	14
4,44017	14
4,44083	14
4,44150	14
4,44217	14
4,44283	14
4,44350	15
4,44417	15
4,44483	15
4,44550	15
4,44617	16
4,44683	16
4,44750	16
4,44817	17
4,44883	17
4,44950	18
4,45017	18
4,45083	18
4,45150	18
4,45217	19
4,45283	19
4,45350	19
4,45417	19
4,45483	19
4,45550	19
4,45617	19
4,45683	18
4,45750	18
4,45817	18
4,45883	18
4,45950	18
4,46017	18
4,46083	18
4,46150	18
4,46217	18
4,46283	18
4,46350	18
4,46417	18
4,46483	18
4,46550	18
4,46617	18
4,46683	18
4,46750	18
4,46817	18
4,46883	18
4,46950	18
4,47017	18
4,47083	18
4,47150	18
4,47217	18
4,47283	19
4,47350	19
4,47417	19
4,47483	19
4,47550	19
4,47617	19
4,47683	19
4,47750	20
4,47817	20
4,47883	20
4,47950	20
4,48017	20
4,48083	21
4,48150	21
4,48217	21
4,48283	21
4,48350	22
4,48417	22
4,48483	22
4,48550	22
4,48617	22
4,48683	22
4,48750	22
4,48817	22
4,48883	22
4,48950	22
4,49017	21
4,49083	21
4,49150	21
4,49217	21
4,49283	21
4,49350	21
4,49417	20
4,49483	20
4,49550	20
4,49617	19
4,49683	19
4,49750	18
4,49817	18
4,49883	17
4,49950	17
4,50017	17
4,50083	17
4,50150	16
4,50217	16
4,50283	16
4,50350	16
4,50417	15
4,50483	15
4,50550	15
4,50617	15
4,50683	15
4,50750	15
4,50817	15
4,50883	15
4,50950	15
4,51017	15
4,51083	15
4,51150	15
4,51217	15
4,51283	15
4,51350	15
4,51417	15
4,51483	15
4,51550	15
4,51617	15
4,51683	16
4,51750	16
4,51817	16
4,51883	16
4,51950	15
4,52017	15
4,52083	15
4,52150	15
4,52217	14
4,52283	14
4,52350	14
4,52417	13
4,52483	13
4,52550	13
4,52617	13
4,52683	14
4,52750	14
4,52817	14
4,52883	14
4,52950	14
4,53017	14
4,53083	14
4,53150	14
4,53217	14
4,53283	14
4,53350	14
4,53417	14
4,53483	14
4,53550	14
4,53617	14
4,53683	14
4,53750	14
4,53817	14
4,53883	14
4,53950	14
4,54017	14
4,54083	14
4,54150	14
4,54217	14
4,54283	14
4,54350	14
4,54417	14
4,54483	14
4,54550	14
4,54617	14
4,54683	14
4,54750	14
4,54817	13
4,54883	13
4,54950	13
4,55017	13
4,55083	13
4,55150	13
4,55217	14
4,55283	14
4,55350	14
4,55417	14
4,55483	14
4,55550	15
4,55617	15
4,55683	16
4,55750	16
4,55817	16
4,55883	17
4,55950	17
4,56017	17
4,56083	17
4,56150	17
4,56217	17
4,56283	18
4,56350	18
4,56417	18
4,56483	17
4,56550	17
4,56617	17
4,56683	17
4,56750	17
4,56817	17
4,56883	16
4,56950	16
4,57017	16
4,57083	16
4,57150	15
4,57217	15
4,57283	15
4,57350	15
4,57417	15
4,57483	15
4,57550	15
4,57617	15
4,57683	15
4,57750	15
4,57817	15
4,57883	15
4,57950	15
4,58017	16
4,58083	16
4,58150	16
4,58217	16
4,58283	16
4,58350	15
4,58417	15
4,58483	15
4,58550	15
4,58617	15
4,58683	15
4,58750	15
4,58817	15
4,58883	16
4,58950	16
4,59017	16
4,59083	16
4,59150	17
4,59217	17
4,59283	17
4,59350	17
4,59417	17
4,59483	17
4,59550	17
4,59617	17
4,59683	17
4,59750	17
4,59817	17
4,59883	17
4,59950	17
4,60017	17
4,60083	17
4,60150	17
4,60217	17
4,60283	16
4,60350	16
4,60417	16
4,60483	16
4,60550	15
4,60617	15
4,60683	15
4,60750	14
4,60817	14
4,60883	14
4,60950	14
4,61017	14
4,61083	14
4,61150	15
4,61217	15
4,61283	15
4,61350	15
4,61417	15
4,61483	15
4,61550	15
4,61617	15
4,61683	14
4,61750	14
4,61817	14
4,61883	14
4,61950	13
4,62017	13
4,62083	13
4,62150	13
4,62217	13
4,62283	13
4,62350	13
4,62417	13
4,62483	13
4,62550	13
4,62617	13
4,62683	13
4,62750	13
4,62817	13
4,62883	13
4,62950	13
4,63017	13
4,63083	13
4,63150	13
4,63217	13
4,63283	13
4,63350	13
4,63417	13
4,63483	13
4,63550	13
4,63617	13
4,63683	14
4,63750	14
4,63817	14
4,63883	14
4,63950	14
4,64017	14
4,64083	14
4,64150	14
4,64217	14
4,64283	15
4,64350	15
4,64417	15
4,64483	15
4,64550	16
4,64617	16
4,64683	16
4,64750	16
4,64817	16
4,64883	17
4,64950	17
4,65017	17
4,65083	17
4,65150	18
4,65217	18
4,65283	18
4,65350	19
4,65417	19
4,65483	19
4,65550	19
4,65617	19
4,65683	19
4,65750	19
4,65817	19
4,65883	20
4,65950	20
4,66017	20
4,66083	20
4,66150	20
4,66217	20
4,66283	20
4,66350	21
4,66417	21
4,66483	21
4,66550	21
4,66617	21
4,66683	21
4,66750	21
4,66817	21
4,66883	21
4,66950	21
4,67017	21
4,67083	22
4,67150	22
4,67217	22
4,67283	22
4,67350	22
4,67417	22
4,67483	22
4,67550	22
4,67617	22
4,67683	22
4,67750	22
4,67817	22
4,67883	22
4,67950	22
4,68017	22
4,68083	22
4,68150	22
4,68217	22
4,68283	22
4,68350	22
4,68417	22
4,68483	22
4,68550	22
4,68617	22
4,68683	22
4,68750	21
4,68817	21
4,68883	21
4,68950	20
4,69017	20
4,69083	20
4,69150	20
4,69217	20
4,69283	19
4,69350	19
4,69417	19
4,69483	19
4,69550	19
4,69617	19
4,69683	19
4,69750	19
4,69817	18
4,69883	18
4,69950	18
4,70017	18
4,70083	17
4,70150	17
4,70217	17
4,70283	16
4,70350	16
4,70417	16
4,70483	16
4,70550	16
4,70617	16
4,70683	16
4,70750	16
4,70817	16
4,70883	16
4,70950	16
4,71017	16
4,71083	16
4,71150	15
4,71217	15
4,71283	15
4,71350	15
4,71417	15
4,71483	15
4,71550	15
4,71617	15
4,71683	15
4,71750	15
4,71817	15
4,71883	15
4,71950	15
4,72017	15
4,72083	15
4,72150	15
4,72217	15
4,72283	15
4,72350	15
4,72417	15
4,72483	14
4,72550	14
4,72617	14
4,72683	14
4,72750	13
4,72817	13
4,72883	13
4,72950	13
4,73017	13
4,73083	14
4,73150	14
4,73217	14
4,73283	14
4,73350	14
4,73417	14
4,73483	14
4,73550	14
4,73617	14
4,73683	14
4,73750	14
4,73817	14
4,73883	14
4,73950	14
4,74017	14
4,74083	14
4,74150	14
4,74217	14
4,74283	14
4,74350	13
4,74417	13
4,74483	13
4,74550	13
4,74617	13
4,74683	12
4,74750	12
4,74817	12
4,74883	12
4,74950	12
4,75017	12
4,75083	12
4,75150	12
4,75217	11
4,75283	11
4,75350	11
4,75417	11
4,75483	11
4,75550	11
4,75617	11
4,75683	11
4,75750	11
4,75817	11
4,75883	11
4,75950	11
4,76017	11
4,76083	11
4,76150	11
4,76217	11
4,76283	11
4,76350	11
4,76417	11
4,76483	11
4,76550	12
4,76617	12
4,76683	12
4,76750	12
4,76817	12
4,76883	13
4,76950	13
4,77017	13
4,77083	13
4,77150	13
4,77217	13
4,77283	14
4,77350	14
4,77417	14
4,77483	14
4,77550	14
4,77617	14
4,77683	14
4,77750	14
4,77817	14
4,77883	14
4,77950	14
4,78017	14
4,78083	14
4,78150	14
4,78217	14
4,78283	14
4,78350	14
4,78417	14
4,78483	14
4,78550	14
4,78617	14
4,78683	14
4,78750	14
4,78817	14
4,78883	14
4,78950	14
4,79017	13
4,79083	13
4,79150	13
4,79217	13
4,79283	13
4,79350	13
4,79417	13
4,79483	14
4,79550	14
4,79617	14
4,79683	14
4,79750	14
4,79817	14
4,79883	14
4,79950	14
4,80017	14
4,80083	14
4,80150	13
4,80217	13
4,80283	13
4,80350	13
4,80417	13
4,80483	13
4,80550	13
4,80617	13
4,80683	13
4,80750	13
4,80817	13
4,80883	13
4,80950	13
4,81017	12
4,81083	12
4,81150	12
4,81217	12
4,81283	13
4,81350	13
4,81417	13
4,81483	13
4,81550	13
4,81617	14
4,81683	14
4,81750	14
4,81817	14
4,81883	14
4,81950	14
4,82017	15
4,82083	15
4,82150	15
4,82217	15
4,82283	16
4,82350	16
4,82417	16
4,82483	16
4,82550	16
4,82617	16
4,82683	16
4,82750	16
4,82817	16
4,82883	16
4,82950	15
4,83017	15
4,83083	15
4,83150	15
4,83217	14
4,83283	14
4,83350	14
4,83417	14
4,83483	13
4,83550	13
4,83617	13
4,83683	13
4,83750	12
4,83817	12
4,83883	12
4,83950	11
4,84017	11
4,84083	11
4,84150	10
4,84217	10
4,84283	10
4,84350	10
4,84417	10
4,84483	10
4,84550	10
4,84617	10
4,84683	10
4,84750	10
4,84817	10
4,84883	9
4,84950	9
4,85017	9
4,85083	9
4,85150	9
4,85217	9
4,85283	9
4,85350	9
4,85417	9
4,85483	9
4,85550	9
4,85617	9
4,85683	10
4,85750	10
4,85817	10
4,85883	9
4,85950	9
4,86017	9
4,86083	9
4,86150	9
4,86217	8
4,86283	8
4,86350	8
4,86417	8
4,86483	8
4,86550	7
4,86617	7
4,86683	7
4,86750	7
4,86817	7
4,86883	8
4,86950	8
4,87017	8
4,87083	8
4,87150	9
4,87217	9
4,87283	9
4,87350	9
4,87417	9
4,87483	9
4,87550	9
4,87617	9
4,87683	9
4,87750	9
4,87817	9
4,87883	9
4,87950	9
4,88017	9
4,88083	9
4,88150	9
4,88217	9
4,88283	9
4,88350	10
4,88417	10
4,88483	10
4,88550	10
4,88617	10
4,88683	10
4,88750	10
4,88817	10
4,88883	11
4,88950	11
4,89017	11
4,89083	11
4,89150	11
4,89217	12
4,89283	12
4,89350	12
4,89417	12
4,89483	12
4,89550	12
4,89617	12
4,89683	12
4,89750	12
4,89817	12
4,89883	12
4,89950	13
4,90017	13
4,90083	13
4,90150	13
4,90217	13
4,90283	13
4,90350	13
4,90417	13
4,90483	13
4,90550	13
4,90617	12
4,90683	12
4,90750	12
4,90817	12
4,90883	12
4,90950	11
4,91017	11
4,91083	11
4,91150	11
4,91217	11
4,91283	11
4,91350	11
4,91417	11
4,91483	11
4,91550	11
4,91617	11
4,91683	11
4,91750	11
4,91817	11
4,91883	11
4,91950	11
4,92017	11
4,92083	11
4,92150	11
4,92217	11
4,92283	11
4,92350	11
4,92417	11
4,92483	11
4,92550	11
4,92617	10
4,92683	10
4,92750	10
4,92817	10
4,92883	10
4,92950	11
4,93017	11
4,93083	11
4,93150	12
4,93217	12
4,93283	12
4,93350	12
4,93417	12
4,93483	12
4,93550	12
4,93617	13
4,93683	13
4,93750	13
4,93817	13
4,93883	13
4,93950	13
4,94017	13
4,94083	13
4,94150	13
4,94217	13
4,94283	13
4,94350	13
4,94417	13
4,94483	13
4,94550	13
4,94617	13
4,94683	12
4,94750	12
4,94817	12
4,94883	12
4,94950	12
4,95017	12
4,95083	12
4,95150	12
4,95217	13
4,95283	13
4,95350	13
4,95417	13
4,95483	13
4,95550	13
4,95617	13
4,95683	13
4,95750	13
4,95817	12
4,95883	12
4,95950	12
4,96017	12
4,96083	12
4,96150	12
4,96217	12
4,96283	12
4,96350	12
4,96417	12
4,96483	12
4,96550	12
4,96617	12
4,96683	12
4,96750	12
4,96817	12
4,96883	12
4,96950	12
4,97017	12
4,97083	12
4,97150	12
4,97217	12
4,97283	12
4,97350	12
4,97417	12
4,97483	12
4,97550	12
4,97617	12
4,97683	12
4,97750	12
4,97817	12
4,97883	12
4,97950	12
4,98017	12
4,98083	12
4,98150	12
4,98217	12
4,98283	12
4,98350	12
4,98417	12
4,98483	12
4,98550	12
4,98617	12
4,98683	12
4,98750	12
4,98817	12
4,98883	11
4,98950	11
4,99017	11
4,99083	11
4,99150	11
4,99217	10
4,99283	10
4,99350	10
4,99417	10
4,99483	10
4,99550	10
4,99617	10
4,99683	10
4,99750	10
4,99817	10
4,99883	10
4,99950	10
5,00017	10
5,00083	10
5,00150	10
5,00217	10
5,00283	10
5,00350	10
5,00417	10
5,00483	10
5,00550	10
5,00617	10
5,00683	10
5,00750	10
5,00817	10
5,00883	11
5,00950	11
5,01017	11
5,01083	11
5,01150	11
5,01217	11
5,01283	12
5,01350	12
5,01417	12
5,01483	12
5,01550	12
5,01617	12
5,01683	12
5,01750	12
5,01817	12
5,01883	12
5,01950	12
5,02017	12
5,02083	12
5,02150	12
5,02217	11
5,02283	11
5,02350	11
5,02417	11
5,02483	11
5,02550	11
5,02617	11
5,02683	11
5,02750	11
5,02817	11
5,02883	11
5,02950	11
5,03017	11
5,03083	11
5,03150	11
5,03217	12
5,03283	12
5,03350	12
5,03417	12
5,03483	12
5,03550	12
5,03617	12
5,03683	12
5,03750	12
5,03817	12
5,03883	12
5,03950	12
5,04017	12
5,04083	13
5,04150	13
5,04217	13
5,04283	13
5,04350	13
5,04417	14
5,04483	14
5,04550	14
5,04617	14
5,04683	15
5,04750	15
5,04817	15
5,04883	14
5,04950	14
5,05017	14
5,05083	14
5,05150	14
5,05217	14
5,05283	14
5,05350	14
5,05417	14
5,05483	14
5,05550	14
5,05617	15
5,05683	15
5,05750	15
5,05817	15
5,05883	15
5,05950	16
5,06017	16
5,06083	16
5,06150	15
5,06217	15
5,06283	15
5,06350	15
5,06417	15
5,06483	15
5,06550	15
5,06617	15
5,06683	15
5,06750	15
5,06817	15
5,06883	14
5,06950	14
5,07017	14
5,07083	14
5,07150	13
5,07217	13
5,07283	13
5,07350	13
5,07417	13
5,07483	13
5,07550	13
5,07617	13
5,07683	13
5,07750	13
5,07817	13
5,07883	13
5,07950	13
5,08017	13
5,08083	12
5,08150	12
5,08217	12
5,08283	12
5,08350	13
5,08417	13
5,08483	13
5,08550	14
5,08617	14
5,08683	15
5,08750	15
5,08817	15
5,08883	16
5,08950	16
5,09017	17
5,09083	17
5,09150	17
5,09217	17
5,09283	17
5,09350	17
5,09417	17
5,09483	17
5,09550	17
5,09617	17
5,09683	17
5,09750	17
5,09817	17
5,09883	17
5,09950	17
5,10017	16
5,10083	16
5,10150	16
5,10217	16
5,10283	16
5,10350	16
5,10417	15
5,10483	15
5,10550	15
5,10617	15
5,10683	15
5,10750	15
5,10817	15
5,10883	15
5,10950	15
5,11017	15
5,11083	15
5,11150	15
5,11217	15
5,11283	15
5,11350	14
5,11417	14
5,11483	14
5,11550	14
5,11617	14
5,11683	14
5,11750	14
5,11817	14
5,11883	14
5,11950	14
5,12017	14
5,12083	14
5,12150	14
5,12217	15
5,12283	15
5,12350	15
5,12417	14
5,12483	14
5,12550	14
5,12617	14
5,12683	14
5,12750	14
5,12817	14
5,12883	14
5,12950	14
5,13017	14
5,13083	14
5,13150	14
5,13217	15
5,13283	14
5,13350	14
5,13417	14
5,13483	14
5,13550	14
5,13617	13
5,13683	13
5,13750	13
5,13817	12
5,13883	12
5,13950	12
5,14017	12
5,14083	12
5,14150	12
5,14217	12
5,14283	12
5,14350	12
5,14417	12
5,14483	12
5,14550	13
5,14617	13
5,14683	13
5,14750	13
5,14817	13
5,14883	13
5,14950	13
5,15017	14
5,15083	14
5,15150	14
5,15217	15
5,15283	15
5,15350	15
5,15417	15
5,15483	16
5,15550	16
5,15617	16
5,15683	16
5,15750	16
5,15817	16
5,15883	16
5,15950	15
5,16017	15
5,16083	15
5,16150	14
5,16217	14
5,16283	14
5,16350	13
5,16417	13
5,16483	13
5,16550	13
5,16617	13
5,16683	14
5,16750	14
5,16817	14
5,16883	14
5,16950	14
5,17017	15
5,17083	15
5,17150	15
5,17217	15
5,17283	15
5,17350	15
5,17417	15
5,17483	15
5,17550	16
5,17617	16
5,17683	16
5,17750	16
5,17817	16
5,17883	16
5,17950	17
5,18017	17
5,18083	16
5,18150	16
5,18217	16
5,18283	16
5,18350	16
5,18417	16
5,18483	16
5,18550	16
5,18617	15
5,18683	15
5,18750	15
5,18817	15
5,18883	15
5,18950	15
5,19017	15
5,19083	15
5,19150	15
5,19217	14
5,19283	14
5,19350	14
5,19417	14
5,19483	13
5,19550	13
5,19617	13
5,19683	13
5,19750	13
5,19817	13
5,19883	13
5,19950	13
5,20017	13
5,20083	13
5,20150	13
5,20217	13
5,20283	13
5,20350	13
5,20417	13
5,20483	13
5,20550	13
5,20617	13
5,20683	13
5,20750	13
5,20817	13
5,20883	13
5,20950	13
5,21017	13
5,21083	13
5,21150	13
5,21217	13
5,21283	13
5,21350	12
5,21417	12
5,21483	12
5,21550	11
5,21617	11
5,21683	11
5,21750	11
5,21817	11
5,21883	11
5,21950	11
5,22017	10
5,22083	10
5,22150	10
5,22217	10
5,22283	10
5,22350	10
5,22417	10
5,22483	10
5,22550	10
5,22617	10
5,22683	10
5,22750	10
5,22817	11
5,22883	11
5,22950	11
5,23017	11
5,23083	11
5,23150	11
5,23217	12
5,23283	12
5,23350	12
5,23417	12
5,23483	12
5,23550	12
5,23617	12
5,23683	12
5,23750	12
5,23817	12
5,23883	12
5,23950	12
5,24017	13
5,24083	13
5,24150	13
5,24217	13
5,24283	13
5,24350	13
5,24417	13
5,24483	13
5,24550	13
5,24617	14
5,24683	14
5,24750	14
5,24817	14
5,24883	14
5,24950	13
5,25017	13
5,25083	13
5,25150	13
5,25217	13
5,25283	13
5,25350	13
5,25417	12
5,25483	12
5,25550	12
5,25617	12
5,25683	12
5,25750	12
5,25817	12
5,25883	13
5,25950	13
5,26017	13
5,26083	13
5,26150	13
5,26217	13
5,26283	13
5,26350	13
5,26417	13
5,26483	13
5,26550	13
5,26617	12
5,26683	12
5,26750	12
5,26817	12
5,26883	12
5,26950	12
5,27017	12
5,27083	12
5,27150	12
5,27217	13
5,27283	13
5,27350	13
5,27417	13
5,27483	13
5,27550	14
5,27617	14
5,27683	14
5,27750	14
5,27817	14
5,27883	14
5,27950	13
5,28017	13
5,28083	13
5,28150	13
5,28217	13
5,28283	12
5,28350	12
5,28417	12
5,28483	12
5,28550	12
5,28617	11
5,28683	11
5,28750	11
5,28817	11
5,28883	11
5,28950	11
5,29017	11
5,29083	11
5,29150	11
5,29217	11
5,29283	11
5,29350	11
5,29417	11
5,29483	11
5,29550	11
5,29617	11
5,29683	10
5,29750	10
5,29817	10
5,29883	10
5,29950	11
5,30017	11
5,30083	11
5,30150	11
5,30217	12
5,30283	12
5,30350	12
5,30417	12
5,30483	13
5,30550	13
5,30617	13
5,30683	13
5,30750	14
5,30817	14
5,30883	14
5,30950	14
5,31017	14
5,31083	14
5,31150	14
5,31217	14
5,31283	15
5,31350	15
5,31417	15
5,31483	15
5,31550	15
5,31617	15
5,31683	15
5,31750	15
5,31817	15
5,31883	15
5,31950	15
5,32017	15
5,32083	15
5,32150	15
5,32217	15
5,32283	16
5,32350	16
5,32417	16
5,32483	16
5,32550	16
5,32617	16
5,32683	16
5,32750	16
5,32817	16
5,32883	16
5,32950	16
5,33017	16
5,33083	16
5,33150	16
5,33217	16
5,33283	16
5,33350	16
5,33417	15
5,33483	15
5,33550	15
5,33617	15
5,33683	15
5,33750	16
5,33817	16
5,33883	16
5,33950	16
5,34017	16
5,34083	16
5,34150	16
5,34217	16
5,34283	16
5,34350	16
5,34417	16
5,34483	16
5,34550	16
5,34617	16
5,34683	16
5,34750	16
5,34817	16
5,34883	16
5,34950	17
5,35017	17
5,35083	17
5,35150	17
5,35217	17
5,35283	17
5,35350	17
5,35417	17
5,35483	17
5,35550	17
5,35617	17
5,35683	17
5,35750	17
5,35817	17
5,35883	16
5,35950	16
5,36017	16
5,36083	16
5,36150	16
5,36217	15
5,36283	15
5,36350	14
5,36417	14
5,36483	14
5,36550	13
5,36617	13
5,36683	13
5,36750	13
5,36817	13
5,36883	13
5,36950	13
5,37017	13
5,37083	13
5,37150	13
5,37217	14
5,37283	14
5,37350	14
5,37417	14
5,37483	15
5,37550	15
5,37617	15
5,37683	15
5,37750	15
5,37817	15
5,37883	15
5,37950	15
5,38017	15
5,38083	15
5,38150	15
5,38217	15
5,38283	15
5,38350	15
5,38417	15
5,38483	15
5,38550	15
5,38617	15
5,38683	15
5,38750	15
5,38817	16
5,38883	16
5,38950	16
5,39017	16
5,39083	17
5,39150	17
5,39217	16
5,39283	16
5,39350	16
5,39417	16
5,39483	16
5,39550	16
5,39617	16
5,39683	16
5,39750	16
5,39817	15
5,39883	15
5,39950	16
5,40017	16
5,40083	16
5,40150	16
5,40217	16
5,40283	16
5,40350	17
5,40417	17
5,40483	17
5,40550	17
5,40617	17
5,40683	17
5,40750	17
5,40817	17
5,40883	17
5,40950	17
5,41017	17
5,41083	17
5,41150	17
5,41217	17
5,41283	17
5,41350	17
5,41417	17
5,41483	17
5,41550	17
5,41617	17
5,41683	17
5,41750	17
5,41817	17
5,41883	17
5,41950	17
5,42017	17
5,42083	17
5,42150	17
5,42217	18
5,42283	18
5,42350	18
5,42417	19
5,42483	19
5,42550	19
5,42617	19
5,42683	19
5,42750	19
5,42817	19
5,42883	19
5,42950	19
5,43017	19
5,43083	19
5,43150	19
5,43217	20
5,43283	20
5,43350	20
5,43417	21
5,43483	21
5,43550	21
5,43617	21
5,43683	21
5,43750	21
5,43817	20
5,43883	20
5,43950	20
5,44017	19
5,44083	19
5,44150	19
5,44217	18
5,44283	18
5,44350	18
5,44417	17
5,44483	17
5,44550	17
5,44617	16
5,44683	16
5,44750	16
5,44817	15
5,44883	15
5,44950	15
5,45017	15
5,45083	14
5,45150	14
5,45217	14
5,45283	15
5,45350	15
5,45417	15
5,45483	15
5,45550	15
5,45617	16
5,45683	16
5,45750	16
5,45817	16
5,45883	16
5,45950	16
5,46017	16
5,46083	16
5,46150	16
5,46217	16
5,46283	16
5,46350	17
5,46417	17
5,46483	17
5,46550	17
5,46617	17
5,46683	17
5,46750	17
5,46817	17
5,46883	17
5,46950	17
5,47017	17
5,47083	17
5,47150	17
5,47217	17
5,47283	17
5,47350	17
5,47417	17
5,47483	17
5,47550	17
5,47617	17
5,47683	17
5,47750	17
5,47817	17
5,47883	17
5,47950	16
5,48017	16
5,48083	16
5,48150	16
5,48217	16
5,48283	16
5,48350	16
5,48417	16
5,48483	16
5,48550	16
5,48617	16
5,48683	16
5,48750	16
5,48817	16
5,48883	15
5,48950	15
5,49017	15
5,49083	15
5,49150	15
5,49217	15
5,49283	15
5,49350	15
5,49417	16
5,49483	16
5,49550	16
5,49617	16
5,49683	16
5,49750	17
5,49817	17
5,49883	18
5,49950	19
5,50017	20
5,50083	22
5,50150	24
5,50217	27
5,50283	31
5,50350	36
5,50417	43
5,50483	52
5,50550	63
5,50617	77
5,50683	94
5,50750	114
5,50817	139
5,50883	169
5,50950	205
5,51017	245
5,51083	292
5,51150	345
5,51217	404
5,51283	469
5,51350	539
5,51417	615
5,51483	696
5,51550	781
5,51617	868
5,51683	958
5,51750	1049
5,51817	1139
5,51883	1227
5,51950	1312
5,52017	1394
5,52083	1470
5,52150	1541
5,52217	1605
5,52283	1661
5,52350	1710
5,52417	1751
5,52483	1784
5,52550	1808
5,52617	1824
5,52683	1832
5,52750	1831
5,52817	1822
5,52883	1806
5,52950	1782
5,53017	1752
5,53083	1715
5,53150	1673
5,53217	1627
5,53283	1577
5,53350	1523
5,53417	1466
5,53483	1408
5,53550	1348
5,53617	1288
5,53683	1227
5,53750	1167
5,53817	1108
5,53883	1050
5,53950	993
5,54017	937
5,54083	883
5,54150	831
5,54217	781
5,54283	732
5,54350	686
5,54417	643
5,54483	601
5,54550	561
5,54617	524
5,54683	489
5,54750	456
5,54817	425
5,54883	396
5,54950	369
5,55017	343
5,55083	320
5,55150	298
5,55217	277
5,55283	258
5,55350	241
5,55417	224
5,55483	209
5,55550	195
5,55617	182
5,55683	170
5,55750	159
5,55817	149
5,55883	139
5,55950	130
5,56017	122
5,56083	114
5,56150	107
5,56217	100
5,56283	94
5,56350	89
5,56417	84
5,56483	79
5,56550	74
5,56617	70
5,56683	67
5,56750	63
5,56817	60
5,56883	57
5,56950	55
5,57017	52
5,57083	50
5,57150	48
5,57217	46
5,57283	44
5,57350	42
5,57417	40
5,57483	39
5,57550	37
5,57617	36
5,57683	35
5,57750	33
5,57817	32
5,57883	31
5,57950	31
5,58017	30
5,58083	29
5,58150	29
5,58217	28
5,58283	27
5,58350	27
5,58417	26
5,58483	25
5,58550	25
5,58617	24
5,58683	24
5,58750	23
5,58817	23
5,58883	23
5,58950	23
5,59017	22
5,59083	22
5,59150	22
5,59217	22
5,59283	22
5,59350	22
5,59417	22
5,59483	22
5,59550	21
5,59617	21
5,59683	21
5,59750	21
5,59817	21
5,59883	21
5,59950	20
5,60017	20
5,60083	20
5,60150	20
5,60217	20
5,60283	19
5,60350	19
5,60417	19
5,60483	19
5,60550	19
5,60617	18
5,60683	18
5,60750	18
5,60817	17
5,60883	17
5,60950	17
5,61017	17
5,61083	17
5,61150	17
5,61217	16
5,61283	16
5,61350	16
5,61417	16
5,61483	16
5,61550	16
5,61617	16
5,61683	16
5,61750	16
5,61817	15
5,61883	15
5,61950	15
5,62017	15
5,62083	15
5,62150	15
5,62217	15
5,62283	15
5,62350	15
5,62417	15
5,62483	15
5,62550	15
5,62617	15
5,62683	15
5,62750	15
5,62817	15
5,62883	15
5,62950	15
5,63017	15
5,63083	15
5,63150	15
5,63217	15
5,63283	15
5,63350	15
5,63417	15
5,63483	15
5,63550	15
5,63617	15
5,63683	15
5,63750	15
5,63817	15
5,63883	15
5,63950	15
5,64017	15
5,64083	15
5,64150	15
5,64217	15
5,64283	15
5,64350	15
5,64417	16
5,64483	16
5,64550	16
5,64617	16
5,64683	16
5,64750	17
5,64817	17
5,64883	17
5,64950	17
5,65017	17
5,65083	17
5,65150	17
5,65217	17
5,65283	17
5,65350	17
5,65417	17
5,65483	16
5,65550	16
5,65617	16
5,65683	16
5,65750	16
5,65817	16
5,65883	16
5,65950	16
5,66017	16
5,66083	15
5,66150	15
5,66217	15
5,66283	15
5,66350	15
5,66417	15
5,66483	16
5,66550	16
5,66617	16
5,66683	16
5,66750	16
5,66817	16
5,66883	16
5,66950	16
5,67017	16
5,67083	16
5,67150	16
5,67217	15
5,67283	15
5,67350	15
5,67417	15
5,67483	14
5,67550	14
5,67617	14
5,67683	14
5,67750	13
5,67817	13
5,67883	13
5,67950	13
5,68017	13
5,68083	13
5,68150	13
5,68217	12
5,68283	12
5,68350	12
5,68417	12
5,68483	12
5,68550	12
5,68617	12
5,68683	13
5,68750	13
5,68817	13
5,68883	13
5,68950	13
5,69017	13
5,69083	13
5,69150	13
5,69217	13
5,69283	13
5,69350	13
5,69417	13
5,69483	12
5,69550	12
5,69617	12
5,69683	12
5,69750	12
5,69817	12
5,69883	12
5,69950	12
5,70017	12
5,70083	12
5,70150	12
5,70217	12
5,70283	12
5,70350	12
5,70417	12
5,70483	12
5,70550	12
5,70617	12
5,70683	12
5,70750	12
5,70817	12
5,70883	12
5,70950	11
5,71017	11
5,71083	11
5,71150	11
5,71217	11
5,71283	11
5,71350	11
5,71417	10
5,71483	10
5,71550	10
5,71617	10
5,71683	10
5,71750	11
5,71817	11
5,71883	11
5,71950	11
5,72017	11
5,72083	12
5,72150	12
5,72217	12
5,72283	12
5,72350	12
5,72417	13
5,72483	13
5,72550	13
5,72617	13
5,72683	13
5,72750	13
5,72817	13
5,72883	14
5,72950	14
5,73017	14
5,73083	14
5,73150	14
5,73217	14
5,73283	14
5,73350	14
5,73417	14
5,73483	14
5,73550	13
5,73617	13
5,73683	13
5,73750	12
5,73817	12
5,73883	12
5,73950	11
5,74017	11
5,74083	11
5,74150	11
5,74217	11
5,74283	11
5,74350	11
5,74417	11
5,74483	11
5,74550	11
5,74617	11
5,74683	11
5,74750	11
5,74817	11
5,74883	11
5,74950	11
5,75017	11
5,75083	11
5,75150	11
5,75217	11
5,75283	11
5,75350	11
5,75417	11
5,75483	11
5,75550	11
5,75617	11
5,75683	11
5,75750	11
5,75817	11
5,75883	11
5,75950	11
5,76017	11
5,76083	11
5,76150	11
5,76217	11
5,76283	12
5,76350	12
5,76417	12
5,76483	12
5,76550	12
5,76617	12
5,76683	12
5,76750	11
5,76817	12
5,76883	12
5,76950	12
5,77017	12
5,77083	12
5,77150	12
5,77217	12
5,77283	12
5,77350	12
5,77417	13
5,77483	13
5,77550	13
5,77617	13
5,77683	13
5,77750	13
5,77817	13
5,77883	13
5,77950	13
5,78017	12
5,78083	12
5,78150	12
5,78217	11
5,78283	11
5,78350	11
5,78417	11
5,78483	11
5,78550	11
5,78617	11
5,78683	10
5,78750	10
5,78817	10
5,78883	10
5,78950	9
5,79017	9
5,79083	9
5,79150	9
5,79217	10
5,79283	10
5,79350	10
5,79417	10
5,79483	10
5,79550	11
5,79617	11
5,79683	11
5,79750	12
5,79817	12
5,79883	12
5,79950	12
5,80017	12
5,80083	12
5,80150	13
5,80217	13
5,80283	13
5,80350	13
5,80417	13
5,80483	13
5,80550	13
5,80617	13
5,80683	13
5,80750	13
5,80817	13
5,80883	13
5,80950	13
5,81017	13
5,81083	13
5,81150	13
5,81217	13
5,81283	13
5,81350	13
5,81417	13
5,81483	13
5,81550	13
5,81617	13
5,81683	13
5,81750	13
5,81817	13
5,81883	13
5,81950	13
5,82017	13
5,82083	13
5,82150	13
5,82217	13
5,82283	13
5,82350	13
5,82417	13
5,82483	13
5,82550	14
5,82617	14
5,82683	14
5,82750	15
5,82817	15
5,82883	15
5,82950	15
5,83017	15
5,83083	16
5,83150	16
5,83217	16
5,83283	16
5,83350	16
5,83417	16
5,83483	16
5,83550	16
5,83617	16
5,83683	16
5,83750	17
5,83817	17
5,83883	17
5,83950	17
5,84017	17
5,84083	17
5,84150	17
5,84217	16
5,84283	16
5,84350	16
5,84417	16
5,84483	16
5,84550	17
5,84617	17
5,84683	17
5,84750	18
5,84817	18
5,84883	19
5,84950	19
5,85017	19
5,85083	20
5,85150	20
5,85217	20
5,85283	20
5,85350	20
5,85417	20
5,85483	20
5,85550	21
5,85617	21
5,85683	21
5,85750	22
5,85817	22
5,85883	22
5,85950	22
5,86017	22
5,86083	22
5,86150	22
5,86217	22
5,86283	21
5,86350	21
5,86417	21
5,86483	21
5,86550	21
5,86617	20
5,86683	20
5,86750	20
5,86817	20
5,86883	20
5,86950	21
5,87017	21
5,87083	21
5,87150	21
5,87217	21
5,87283	21
5,87350	20
5,87417	20
5,87483	20
5,87550	20
5,87617	20
5,87683	20
5,87750	20
5,87817	20
5,87883	20
5,87950	20
5,88017	19
5,88083	19
5,88150	19
5,88217	19
5,88283	19
5,88350	19
5,88417	18
5,88483	18
5,88550	18
5,88617	18
5,88683	17
5,88750	17
5,88817	17
5,88883	17
5,88950	17
5,89017	16
5,89083	16
5,89150	16
5,89217	16
5,89283	16
5,89350	16
5,89417	16
5,89483	16
5,89550	15
5,89617	15
5,89683	15
5,89750	14
5,89817	14
5,89883	14
5,89950	13
5,90017	13
5,90083	13
5,90150	12
5,90217	12
5,90283	12
5,90350	12
5,90417	12
5,90483	12
5,90550	11
5,90617	11
5,90683	11
5,90750	11
5,90817	10
5,90883	10
5,90950	10
5,91017	10
5,91083	11
5,91150	11
5,91217	11
5,91283	11
5,91350	11
5,91417	11
5,91483	12
5,91550	12
5,91617	12
5,91683	12
5,91750	12
5,91817	12
5,91883	12
5,91950	12
5,92017	12
5,92083	12
5,92150	12
5,92217	12
5,92283	12
5,92350	12
5,92417	12
5,92483	12
5,92550	12
5,92617	12
5,92683	11
5,92750	11
5,92817	11
5,92883	11
5,92950	11
5,93017	11
5,93083	11
5,93150	11
5,93217	11
5,93283	11
5,93350	11
5,93417	11
5,93483	11
5,93550	11
5,93617	11
5,93683	12
5,93750	12
5,93817	11
5,93883	11
5,93950	12
5,94017	12
5,94083	11
5,94150	11
5,94217	12
5,94283	12
5,94350	12
5,94417	12
5,94483	12
5,94550	12
5,94617	12
5,94683	12
5,94750	12
5,94817	12
5,94883	12
5,94950	12
5,95017	12
5,95083	12
5,95150	13
5,95217	13
5,95283	13
5,95350	13
5,95417	13
5,95483	13
5,95550	13
5,95617	14
5,95683	14
5,95750	14
5,95817	14
5,95883	14
5,95950	14
5,96017	14
5,96083	14
5,96150	14
5,96217	14
5,96283	14
5,96350	14
5,96417	14
5,96483	14
5,96550	14
5,96617	15
5,96683	15
5,96750	15
5,96817	15
5,96883	16
5,96950	16
5,97017	16
5,97083	17
5,97150	17
5,97217	17
5,97283	17
5,97350	17
5,97417	17
5,97483	17
5,97550	17
5,97617	17
5,97683	17
5,97750	17
5,97817	17
5,97883	16
5,97950	16
5,98017	16
5,98083	16
5,98150	16
5,98217	16
5,98283	16
5,98350	16
5,98417	16
5,98483	16
5,98550	16
5,98617	16
5,98683	16
5,98750	16
5,98817	17
5,98883	17
5,98950	17
5,99017	17
5,99083	17
5,99150	17
5,99217	17
5,99283	17
5,99350	17
5,99417	17
5,99483	17
5,99550	17
5,99617	17
5,99683	17
5,99750	17
5,99817	17
5,99883	17
5,99950	17
6,00017	17
6,00083	17
6,00150	17
6,00217	17
6,00283	17
6,00350	17
6,00417	17
6,00483	17
6,00550	16
6,00617	16
6,00683	16
6,00750	16
6,00817	16
6,00883	16
6,00950	15
6,01017	15
6,01083	15
6,01150	15
6,01217	14
6,01283	14
6,01350	14
6,01417	14
6,01483	14
6,01550	13
6,01617	13
6,01683	13
6,01750	13
6,01817	13
6,01883	13
6,01950	13
6,02017	14
6,02083	14
6,02150	14
6,02217	14
6,02283	14
6,02350	14
6,02417	14
6,02483	13
6,02550	13
6,02617	13
6,02683	13
6,02750	13
6,02817	13
6,02883	13
6,02950	14
6,03017	14
6,03083	14
6,03150	14
6,03217	14
6,03283	14
6,03350	14
6,03417	14
6,03483	15
6,03550	15
6,03617	15
6,03683	15
6,03750	15
6,03817	15
6,03883	16
6,03950	16
6,04017	16
6,04083	17
6,04150	17
6,04217	18
6,04283	18
6,04350	18
6,04417	18
6,04483	18
6,04550	18
6,04617	17
6,04683	17
6,04750	17
6,04817	17
6,04883	17
6,04950	17
6,05017	17
6,05083	18
6,05150	18
6,05217	18
6,05283	19
6,05350	19
6,05417	20
6,05483	20
6,05550	20
6,05617	20
6,05683	20
6,05750	19
6,05817	19
6,05883	19
6,05950	19
6,06017	18
6,06083	18
6,06150	18
6,06217	18
6,06283	18
6,06350	17
6,06417	17
6,06483	17
6,06550	16
6,06617	16
6,06683	16
6,06750	16
6,06817	16
6,06883	16
6,06950	16
6,07017	16
6,07083	17
6,07150	17
6,07217	17
6,07283	17
6,07350	17
6,07417	17
6,07483	17
6,07550	17
6,07617	18
6,07683	18
6,07750	18
6,07817	18
6,07883	19
6,07950	19
6,08017	19
6,08083	19
6,08150	19
6,08217	19
6,08283	19
6,08350	19
6,08417	19
6,08483	19
6,08550	19
6,08617	19
6,08683	19
6,08750	19
6,08817	19
6,08883	19
6,08950	19
6,09017	19
6,09083	19
6,09150	19
6,09217	19
6,09283	19
6,09350	19
6,09417	19
6,09483	19
6,09550	19
6,09617	19
6,09683	18
6,09750	18
6,09817	18
6,09883	18
6,09950	18
6,10017	18
6,10083	18
6,10150	18
6,10217	18
6,10283	18
6,10350	18
6,10417	18
6,10483	18
6,10550	18
6,10617	18
6,10683	18
6,10750	17
6,10817	17
6,10883	17
6,10950	17
6,11017	17
6,11083	17
6,11150	17
6,11217	17
6,11283	17
6,11350	17
6,11417	17
6,11483	17
6,11550	17
6,11617	17
6,11683	17
6,11750	17
6,11817	17
6,11883	17
6,11950	17
6,12017	16
6,12083	16
6,12150	16
6,12217	16
6,12283	16
6,12350	16
6,12417	16
6,12483	16
6,12550	16
6,12617	15
6,12683	15
6,12750	15
6,12817	14
6,12883	14
6,12950	14
6,13017	13
6,13083	13
6,13150	13
6,13217	12
6,13283	12
6,13350	12
6,13417	12
6,13483	13
6,13550	13
6,13617	13
6,13683	14
6,13750	14
6,13817	14
6,13883	14
6,13950	15
6,14017	15
6,14083	15
6,14150	16
6,14217	16
6,14283	16
6,14350	16
6,14417	17
6,14483	17
6,14550	17
6,14617	17
6,14683	17
6,14750	17
6,14817	17
6,14883	17
6,14950	17
6,15017	17
6,15083	17
6,15150	16
6,15217	16
6,15283	16
6,15350	16
6,15417	16
6,15483	16
6,15550	16
6,15617	17
6,15683	16
6,15750	16
6,15817	17
6,15883	17
6,15950	17
6,16017	17
6,16083	16
6,16150	16
6,16217	16
6,16283	16
6,16350	16
6,16417	16
6,16483	15
6,16550	15
6,16617	15
6,16683	15
6,16750	15
6,16817	15
6,16883	15
6,16950	14
6,17017	14
6,17083	14
6,17150	14
6,17217	14
6,17283	14
6,17350	14
6,17417	14
6,17483	14
6,17550	14
6,17617	14
6,17683	14
6,17750	15
6,17817	15
6,17883	15
6,17950	15
6,18017	15
6,18083	15
6,18150	16
6,18217	16
6,18283	16
6,18350	16
6,18417	16
6,18483	16
6,18550	16
6,18617	16
6,18683	16
6,18750	16
6,18817	16
6,18883	16
6,18950	16
6,19017	16
6,19083	16
6,19150	16
6,19217	16
6,19283	16
6,19350	15
6,19417	15
6,19483	15
6,19550	15
6,19617	15
6,19683	15
6,19750	15
6,19817	15
6,19883	15
6,19950	15
6,20017	15
6,20083	15
6,20150	15
6,20217	15
6,20283	15
6,20350	15
6,20417	15
6,20483	15
6,20550	15
6,20617	14
6,20683	14
6,20750	15
6,20817	15
6,20883	15
6,20950	15
6,21017	15
6,21083	15
6,21150	16
6,21217	16
6,21283	15
6,21350	15
6,21417	15
6,21483	15
6,21550	15
6,21617	15
6,21683	14
6,21750	15
6,21817	15
6,21883	15
6,21950	15
6,22017	15
6,22083	15
6,22150	15
6,22217	15
6,22283	16
6,22350	16
6,22417	15
6,22483	15
6,22550	15
6,22617	15
6,22683	15
6,22750	14
6,22817	14
6,22883	14
6,22950	14
6,23017	14
6,23083	14
6,23150	14
6,23217	14
6,23283	13
6,23350	13
6,23417	13
6,23483	13
6,23550	13
6,23617	13
6,23683	13
6,23750	13
6,23817	13
6,23883	12
6,23950	12
6,24017	13
6,24083	13
6,24150	12
6,24217	12
6,24283	12
6,24350	12
6,24417	12
6,24483	12
6,24550	12
6,24617	12
6,24683	12
6,24750	12
6,24817	11
6,24883	11
6,24950	11
6,25017	11
6,25083	10
6,25150	10
6,25217	10
6,25283	10
6,25350	10
6,25417	10
6,25483	10
6,25550	9
6,25617	9
6,25683	9
6,25750	9
6,25817	9
6,25883	9
6,25950	8
6,26017	8
6,26083	8
6,26150	8
6,26217	8
6,26283	8
6,26350	8
6,26417	8
6,26483	7
6,26550	7
6,26617	7
6,26683	7
6,26750	7
6,26817	7
6,26883	7
6,26950	7
6,27017	7
6,27083	8
6,27150	8
6,27217	8
6,27283	8
6,27350	8
6,27417	8
6,27483	8
6,27550	8
6,27617	8
6,27683	8
6,27750	8
6,27817	8
6,27883	8
6,27950	8
6,28017	8
6,28083	8
6,28150	8
6,28217	8
6,28283	8
6,28350	8
6,28417	8
6,28483	8
6,28550	8
6,28617	8
6,28683	8
6,28750	8
6,28817	8
6,28883	8
6,28950	8
6,29017	8
6,29083	8
6,29150	8
6,29217	8
6,29283	8
6,29350	8
6,29417	8
6,29483	8
6,29550	8
6,29617	8
6,29683	8
6,29750	8
6,29817	8
6,29883	8
6,29950	8
6,30017	8
6,30083	8
6,30150	8
6,30217	8
6,30283	8
6,30350	8
6,30417	8
6,30483	8
6,30550	8
6,30617	8
6,30683	8
6,30750	8
6,30817	8
6,30883	9
6,30950	9
6,31017	9
6,31083	9
6,31150	9
6,31217	8
6,31283	8
6,31350	8
6,31417	8
6,31483	8
6,31550	9
6,31617	9
6,31683	9
6,31750	10
6,31817	10
6,31883	10
6,31950	10
6,32017	11
6,32083	11
6,32150	11
6,32217	11
6,32283	11
6,32350	11
6,32417	11
6,32483	11
6,32550	11
6,32617	11
6,32683	11
6,32750	12
6,32817	12
6,32883	12
6,32950	12
6,33017	12
6,33083	13
6,33150	13
6,33217	13
6,33283	13
6,33350	13
6,33417	13
6,33483	13
6,33550	13
6,33617	13
6,33683	13
6,33750	13
6,33817	13
6,33883	14
6,33950	14
6,34017	14
6,34083	14
6,34150	14
6,34217	14
6,34283	14
6,34350	14
6,34417	14
6,34483	14
6,34550	14
6,34617	13
6,34683	13
6,34750	13
6,34817	13
6,34883	13
6,34950	13
6,35017	13
6,35083	13
6,35150	13
6,35217	13
6,35283	13
6,35350	14
6,35417	14
6,35483	14
6,35550	14
6,35617	14
6,35683	14
6,35750	14
6,35817	14
6,35883	14
6,35950	15
6,36017	15
6,36083	15
6,36150	15
6,36217	16
6,36283	16
6,36350	17
6,36417	17
6,36483	17
6,36550	18
6,36617	18
6,36683	18
6,36750	18
6,36817	19
6,36883	19
6,36950	19
6,37017	19
6,37083	19
6,37150	19
6,37217	19
6,37283	19
6,37350	19
6,37417	19
6,37483	18
6,37550	18
6,37617	18
6,37683	18
6,37750	18
6,37817	18
6,37883	18
6,37950	18
6,38017	18
6,38083	18
6,38150	18
6,38217	18
6,38283	18
6,38350	18
6,38417	18
6,38483	18
6,38550	18
6,38617	18
6,38683	17
6,38750	17
6,38817	17
6,38883	16
6,38950	16
6,39017	16
6,39083	16
6,39150	15
6,39217	15
6,39283	15
6,39350	15
6,39417	15
6,39483	15
6,39550	15
6,39617	15
6,39683	15
6,39750	15
6,39817	15
6,39883	14
6,39950	14
6,40017	14
6,40083	14
6,40150	14
6,40217	14
6,40283	14
6,40350	14
6,40417	14
6,40483	14
6,40550	14
6,40617	14
6,40683	14
6,40750	13
6,40817	13
6,40883	13
6,40950	13
6,41017	13
6,41083	13
6,41150	13
6,41217	13
6,41283	13
6,41350	13
6,41417	13
6,41483	13
6,41550	13
6,41617	13
6,41683	12
6,41750	12
6,41817	12
6,41883	11
6,41950	11
6,42017	11
6,42083	10
6,42150	10
6,42217	10
6,42283	10
6,42350	10
6,42417	10
6,42483	10
6,42550	10
6,42617	10
6,42683	10
6,42750	9
6,42817	9
6,42883	9
6,42950	9
6,43017	9
6,43083	9
6,43150	9
6,43217	9
6,43283	9
6,43350	10
6,43417	10
6,43483	10
6,43550	10
6,43617	11
6,43683	11
6,43750	11
6,43817	11
6,43883	10
6,43950	10
6,44017	10
6,44083	10
6,44150	10
6,44217	9
6,44283	9
6,44350	9
6,44417	9
6,44483	9
6,44550	9
6,44617	9
6,44683	9
6,44750	9
6,44817	9
6,44883	9
6,44950	9
6,45017	9
6,45083	9
6,45150	9
6,45217	9
6,45283	9
6,45350	9
6,45417	9
6,45483	9
6,45550	9
6,45617	9
6,45683	9
6,45750	9
6,45817	9
6,45883	9
6,45950	9
6,46017	9
6,46083	8
6,46150	8
6,46217	8
6,46283	8
6,46350	8
6,46417	9
6,46483	9
6,46550	9
6,46617	9
6,46683	10
6,46750	10
6,46817	11
6,46883	11
6,46950	11
6,47017	11
6,47083	11
6,47150	12
6,47217	12
6,47283	12
6,47350	12
6,47417	12
6,47483	12
6,47550	12
6,47617	12
6,47683	12
6,47750	12
6,47817	11
6,47883	11
6,47950	11
6,48017	11
6,48083	11
6,48150	11
6,48217	10
6,48283	10
6,48350	10
6,48417	9
6,48483	9
6,48550	9
6,48617	9
6,48683	9
6,48750	10
6,48817	10
6,48883	10
6,48950	10
6,49017	10
6,49083	11
6,49150	11
6,49217	11
6,49283	11
6,49350	11
6,49417	11
6,49483	11
6,49550	11
6,49617	10
6,49683	10
6,49750	10
6,49817	10
6,49883	10
6,49950	10
6,50017	10
6,50083	10
6,50150	10
6,50217	10
6,50283	10
6,50350	10
6,50417	10
6,50483	11
6,50550	11
6,50617	11
6,50683	11
6,50750	11
6,50817	11
6,50883	11
6,50950	11
6,51017	11
6,51083	11
6,51150	11
6,51217	11
6,51283	11
6,51350	11
6,51417	11
6,51483	12
6,51550	12
6,51617	12
6,51683	12
6,51750	12
6,51817	12
6,51883	13
6,51950	13
6,52017	13
6,52083	13
6,52150	13
6,52217	13
6,52283	13
6,52350	13
6,52417	13
6,52483	13
6,52550	13
6,52617	12
6,52683	12
6,52750	12
6,52817	12
6,52883	12
6,52950	12
6,53017	12
6,53083	12
6,53150	12
6,53217	12
6,53283	12
6,53350	12
6,53417	12
6,53483	12
6,53550	12
6,53617	12
6,53683	12
6,53750	12
6,53817	12
6,53883	12
6,53950	11
6,54017	11
6,54083	11
6,54150	11
6,54217	11
6,54283	11
6,54350	11
6,54417	11
6,54483	11
6,54550	11
6,54617	11
6,54683	11
6,54750	11
6,54817	11
6,54883	11
6,54950	12
6,55017	12
6,55083	12
6,55150	12
6,55217	12
6,55283	13
6,55350	13
6,55417	13
6,55483	13
6,55550	13
6,55617	13
6,55683	13
6,55750	13
6,55817	14
6,55883	14
6,55950	14
6,56017	13
6,56083	13
6,56150	13
6,56217	13
6,56283	13
6,56350	13
6,56417	13
6,56483	13
6,56550	13
6,56617	13
6,56683	13
6,56750	13
6,56817	13
6,56883	13
6,56950	13
6,57017	13
6,57083	12
6,57150	12
6,57217	12
6,57283	12
6,57350	12
6,57417	12
6,57483	12
6,57550	12
6,57617	12
6,57683	12
6,57750	13
6,57817	13
6,57883	13
6,57950	13
6,58017	13
6,58083	13
6,58150	13
6,58217	13
6,58283	13
6,58350	13
6,58417	13
6,58483	13
6,58550	13
6,58617	12
6,58683	12
6,58750	12
6,58817	12
6,58883	12
6,58950	12
6,59017	12
6,59083	11
6,59150	11
6,59217	11
6,59283	11
6,59350	11
6,59417	11
6,59483	11
6,59550	11
6,59617	11
6,59683	11
6,59750	11
6,59817	11
6,59883	12
6,59950	12
6,60017	12
6,60083	11
6,60150	11
6,60217	11
6,60283	11
6,60350	11
6,60417	11
6,60483	10
6,60550	10
6,60617	10
6,60683	10
6,60750	10
6,60817	10
6,60883	10
6,60950	10
6,61017	10
6,61083	10
6,61150	9
6,61217	9
6,61283	9
6,61350	9
6,61417	9
6,61483	9
6,61550	9
6,61617	9
6,61683	9
6,61750	9
6,61817	10
6,61883	10
6,61950	10
6,62017	10
6,62083	10
6,62150	10
6,62217	10
6,62283	11
6,62350	11
6,62417	11
6,62483	11
6,62550	12
6,62617	12
6,62683	13
6,62750	13
6,62817	13
6,62883	14
6,62950	14
6,63017	14
6,63083	14
6,63150	14
6,63217	14
6,63283	15
6,63350	15
6,63417	15
6,63483	14
6,63550	14
6,63617	14
6,63683	14
6,63750	14
6,63817	14
6,63883	14
6,63950	14
6,64017	14
6,64083	14
6,64150	14
6,64217	13
6,64283	13
6,64350	13
6,64417	13
6,64483	13
6,64550	12
6,64617	12
6,64683	12
6,64750	11
6,64817	11
6,64883	10
6,64950	10
6,65017	9
6,65083	9
6,65150	9
6,65217	8
6,65283	8
6,65350	8
6,65417	7
6,65483	7
6,65550	7
6,65617	7
6,65683	6
6,65750	6
6,65817	6
6,65883	6
6,65950	6
6,66017	6
6,66083	7
6,66150	7
6,66217	7
6,66283	7
6,66350	7
6,66417	7
6,66483	8
6,66550	8
6,66617	8
6,66683	8
6,66750	8
6,66817	8
6,66883	9
6,66950	9
6,67017	9
6,67083	9
6,67150	9
6,67217	9
6,67283	9
6,67350	9
6,67417	9
6,67483	9
6,67550	10
6,67617	10
6,67683	10
6,67750	10
6,67817	10
6,67883	11
6,67950	11
6,68017	11
6,68083	12
6,68150	12
6,68217	12
6,68283	12
6,68350	13
6,68417	13
6,68483	13
6,68550	13
6,68617	12
6,68683	12
6,68750	12
6,68817	12
6,68883	12
6,68950	11
6,69017	11
6,69083	11
6,69150	11
6,69217	11
6,69283	11
6,69350	11
6,69417	11
6,69483	10
6,69550	10
6,69617	10
6,69683	10
6,69750	10
6,69817	10
6,69883	10
6,69950	10
6,70017	10
6,70083	10
6,70150	11
6,70217	11
6,70283	10
6,70350	10
6,70417	10
6,70483	10
6,70550	10
6,70617	10
6,70683	10
6,70750	10
6,70817	10
6,70883	10
6,70950	10
6,71017	10
6,71083	10
6,71150	10
6,71217	10
6,71283	10
6,71350	10
6,71417	11
6,71483	11
6,71550	11
6,71617	11
6,71683	11
6,71750	11
6,71817	11
6,71883	10
6,71950	10
6,72017	10
6,72083	10
6,72150	10
6,72217	9
6,72283	9
6,72350	9
6,72417	9
6,72483	9
6,72550	8
6,72617	8
6,72683	8
6,72750	8
6,72817	8
6,72883	8
6,72950	8
6,73017	8
6,73083	8
6,73150	8
6,73217	8
6,73283	9
6,73350	9
6,73417	9
6,73483	8
6,73550	8
6,73617	8
6,73683	8
6,73750	8
6,73817	8
6,73883	8
6,73950	8
6,74017	8
6,74083	8
6,74150	8
6,74217	8
6,74283	8
6,74350	8
6,74417	8
6,74483	8
6,74550	8
6,74617	8
6,74683	7
6,74750	7
6,74817	7
6,74883	6
6,74950	6
6,75017	5
6,75083	5
6,75150	5
6,75217	5
6,75283	5
6,75350	5
6,75417	5
6,75483	6
6,75550	6
6,75617	6
6,75683	6
6,75750	6
6,75817	6
6,75883	6
6,75950	6
6,76017	6
6,76083	6
6,76150	6
6,76217	5
6,76283	5
6,76350	5
6,76417	5
6,76483	5
6,76550	5
6,76617	5
6,76683	6
6,76750	6
6,76817	6
6,76883	6
6,76950	6
6,77017	6
6,77083	6
6,77150	6
6,77217	6
6,77283	6
6,77350	6
6,77417	7
6,77483	7
6,77550	7
6,77617	7
6,77683	7
6,77750	7
6,77817	7
6,77883	7
6,77950	7
6,78017	7
6,78083	7
6,78150	7
6,78217	7
6,78283	7
6,78350	8
6,78417	8
6,78483	8
6,78550	8
6,78617	8
6,78683	8
6,78750	9
6,78817	9
6,78883	9
6,78950	9
6,79017	9
6,79083	9
6,79150	9
6,79217	9
6,79283	9
6,79350	9
6,79417	9
6,79483	10
6,79550	10
6,79617	10
6,79683	10
6,79750	10
6,79817	10
6,79883	10
6,79950	10
6,80017	10
6,80083	10
6,80150	10
6,80217	10
6,80283	10
6,80350	10
6,80417	11
6,80483	11
6,80550	11
6,80617	11
6,80683	11
6,80750	11
6,80817	12
6,80883	12
6,80950	13
6,81017	13
6,81083	13
6,81150	13
6,81217	13
6,81283	13
6,81350	13
6,81417	13
6,81483	12
6,81550	12
6,81617	12
6,81683	12
6,81750	12
6,81817	12
6,81883	12
6,81950	12
6,82017	12
6,82083	12
6,82150	11
6,82217	11
6,82283	11
6,82350	10
6,82417	10
6,82483	9
6,82550	9
6,82617	9
6,82683	8
6,82750	8
6,82817	8
6,82883	8
6,82950	8
6,83017	8
6,83083	8
6,83150	7
6,83217	7
6,83283	7
6,83350	7
6,83417	7
6,83483	6
6,83550	6
6,83617	6
6,83683	6
6,83750	6
6,83817	6
6,83883	6
6,83950	6
6,84017	6
6,84083	6
6,84150	6
6,84217	5
6,84283	5
6,84350	5
6,84417	5
6,84483	5
6,84550	5
6,84617	4
6,84683	4
6,84750	4
6,84817	4
6,84883	4
6,84950	4
6,85017	4
6,85083	4
6,85150	4
6,85217	4
6,85283	4
6,85350	4
6,85417	4
6,85483	5
6,85550	5
6,85617	5
6,85683	5
6,85750	5
6,85817	5
6,85883	5
6,85950	5
6,86017	6
6,86083	6
6,86150	6
6,86217	6
6,86283	6
6,86350	6
6,86417	6
6,86483	6
6,86550	7
6,86617	7
6,86683	7
6,86750	7
6,86817	7
6,86883	7
6,86950	7
6,87017	7
6,87083	8
6,87150	8
6,87217	9
6,87283	9
6,87350	10
6,87417	10
6,87483	11
6,87550	11
6,87617	12
6,87683	12
6,87750	13
6,87817	13
6,87883	14
6,87950	14
6,88017	15
6,88083	15
6,88150	16
6,88217	17
6,88283	18
6,88350	19
6,88417	19
6,88483	20
6,88550	21
6,88617	23
6,88683	24
6,88750	25
6,88817	26
6,88883	27
6,88950	28
6,89017	29
6,89083	30
6,89150	31
6,89217	32
6,89283	33
6,89350	34
6,89417	35
6,89483	36
6,89550	37
6,89617	38
6,89683	39
6,89750	40
6,89817	41
6,89883	42
6,89950	42
6,90017	43
6,90083	44
6,90150	45
6,90217	45
6,90283	46
6,90350	47
6,90417	48
6,90483	49
6,90550	50
6,90617	50
6,90683	51
6,90750	52
6,90817	52
6,90883	53
6,90950	54
6,91017	54
6,91083	54
6,91150	55
6,91217	55
6,91283	56
6,91350	56
6,91417	57
6,91483	57
6,91550	57
6,91617	57
6,91683	58
6,91750	58
6,91817	58
6,91883	58
6,91950	58
6,92017	58
6,92083	58
6,92150	58
6,92217	58
6,92283	58
6,92350	58
6,92417	58
6,92483	58
6,92550	59
6,92617	59
6,92683	59
6,92750	59
6,92817	59
6,92883	59
6,92950	59
6,93017	59
6,93083	58
6,93150	58
6,93217	58
6,93283	59
6,93350	59
6,93417	59
6,93483	59
6,93550	58
6,93617	58
6,93683	58
6,93750	58
6,93817	58
6,93883	58
6,93950	57
6,94017	57
6,94083	57
6,94150	57
6,94217	56
6,94283	56
6,94350	56
6,94417	56
6,94483	55
6,94550	55
6,94617	55
6,94683	55
6,94750	55
6,94817	54
6,94883	54
6,94950	54
6,95017	53
6,95083	53
6,95150	53
6,95217	53
6,95283	53
6,95350	52
6,95417	52
6,95483	52
6,95550	52
6,95617	52
6,95683	52
6,95750	52
6,95817	52
6,95883	52
6,95950	52
6,96017	52
6,96083	52
6,96150	52
6,96217	52
6,96283	52
6,96350	52
6,96417	52
6,96483	52
6,96550	53
6,96617	53
6,96683	53
6,96750	53
6,96817	53
6,96883	53
6,96950	53
6,97017	53
6,97083	53
6,97150	53
6,97217	53
6,97283	53
6,97350	53
6,97417	52
6,97483	52
6,97550	51
6,97617	51
6,97683	51
6,97750	51
6,97817	50
6,97883	50
6,97950	50
6,98017	50
6,98083	50
6,98150	49
6,98217	49
6,98283	49
6,98350	49
6,98417	48
6,98483	48
6,98550	48
6,98617	48
6,98683	47
6,98750	47
6,98817	46
6,98883	46
6,98950	46
6,99017	46
6,99083	45
6,99150	45
6,99217	45
6,99283	45
6,99350	45
6,99417	45
6,99483	46
6,99550	46
6,99617	46
6,99683	46
6,99750	47
6,99817	47
6,99883	48
6,99950	49
7,00017	49
7,00083	50
7,00150	50
7,00217	51
7,00283	52
7,00350	53
7,00417	54
7,00483	55
7,00550	56
7,00617	57
7,00683	58
7,00750	59
7,00817	60
7,00883	62
7,00950	63
7,01017	65
7,01083	66
7,01150	68
7,01217	69
7,01283	71
7,01350	72
7,01417	73
7,01483	75
7,01550	76
7,01617	77
7,01683	78
7,01750	79
7,01817	80
7,01883	81
7,01950	82
7,02017	83
7,02083	84
7,02150	84
7,02217	85
7,02283	86
7,02350	87
7,02417	87
7,02483	87
7,02550	88
7,02617	88
7,02683	88
7,02750	87
7,02817	87
7,02883	87
7,02950	86
7,03017	86
7,03083	85
7,03150	85
7,03217	84
7,03283	84
7,03350	83
7,03417	83
7,03483	82
7,03550	81
7,03617	80
7,03683	79
7,03750	78
7,03817	77
7,03883	76
7,03950	75
7,04017	74
7,04083	73
7,04150	72
7,04217	71
7,04283	70
7,04350	69
7,04417	68
7,04483	67
7,04550	67
7,04617	66
7,04683	65
7,04750	64
7,04817	63
7,04883	62
7,04950	62
7,05017	61
7,05083	60
7,05150	60
7,05217	59
7,05283	59
7,05350	58
7,05417	58
7,05483	57
7,05550	57
7,05617	56
7,05683	56
7,05750	55
7,05817	54
7,05883	54
7,05950	53
7,06017	53
7,06083	52
7,06150	52
7,06217	51
7,06283	51
7,06350	50
7,06417	50
7,06483	49
7,06550	49
7,06617	48
7,06683	48
7,06750	47
7,06817	46
7,06883	45
7,06950	45
7,07017	44
7,07083	43
7,07150	43
7,07217	42
7,07283	42
7,07350	41
7,07417	41
7,07483	41
7,07550	40
7,07617	40
7,07683	39
7,07750	39
7,07817	38
7,07883	38
7,07950	37
7,08017	37
7,08083	36
7,08150	36
7,08217	35
7,08283	35
7,08350	34
7,08417	34
7,08483	34
7,08550	33
7,08617	33
7,08683	33
7,08750	33
7,08817	33
7,08883	33
7,08950	33
7,09017	33
7,09083	33
7,09150	33
7,09217	32
7,09283	32
7,09350	32
7,09417	32
7,09483	32
7,09550	32
7,09617	32
7,09683	32
7,09750	32
7,09817	32
7,09883	32
7,09950	32
7,10017	32
7,10083	32
7,10150	32
7,10217	32
7,10283	32
7,10350	32
7,10417	32
7,10483	32
7,10550	32
7,10617	32
7,10683	32
7,10750	31
7,10817	31
7,10883	31
7,10950	31
7,11017	30
7,11083	30
7,11150	30
7,11217	30
7,11283	30
7,11350	29
7,11417	29
7,11483	29
7,11550	29
7,11617	29
7,11683	29
7,11750	29
7,11817	29
7,11883	28
7,11950	28
7,12017	28
7,12083	27
7,12150	27
7,12217	27
7,12283	27
7,12350	27
7,12417	27
7,12483	27
7,12550	27
7,12617	27
7,12683	27
7,12750	27
7,12817	27
7,12883	27
7,12950	27
7,13017	27
7,13083	27
7,13150	27
7,13217	27
7,13283	27
7,13350	27
7,13417	26
7,13483	26
7,13550	26
7,13617	26
7,13683	26
7,13750	26
7,13817	26
7,13883	26
7,13950	26
7,14017	26
7,14083	26
7,14150	26
7,14217	25
7,14283	25
7,14350	25
7,14417	24
7,14483	24
7,14550	24
7,14617	23
7,14683	23
7,14750	23
7,14817	22
7,14883	22
7,14950	22
7,15017	22
7,15083	22
7,15150	22
7,15217	21
7,15283	21
7,15350	21
7,15417	21
7,15483	21
7,15550	22
7,15617	22
7,15683	22
7,15750	21
7,15817	21
7,15883	21
7,15950	21
7,16017	21
7,16083	21
7,16150	21
7,16217	21
7,16283	21
7,16350	21
7,16417	21
7,16483	20
7,16550	20
7,16617	20
7,16683	20
7,16750	20
7,16817	20
7,16883	20
7,16950	21
7,17017	21
7,17083	21
7,17150	21
7,17217	21
7,17283	21
7,17350	21
7,17417	21
7,17483	21
7,17550	21
7,17617	21
7,17683	21
7,17750	21
7,17817	21
7,17883	21
7,17950	21
7,18017	21
7,18083	21
7,18150	21
7,18217	21
7,18283	21
7,18350	20
7,18417	20
7,18483	20
7,18550	20
7,18617	19
7,18683	19
7,18750	19
7,18817	19
7,18883	19
7,18950	18
7,19017	18
7,19083	18
7,19150	18
7,19217	18
7,19283	18
7,19350	17
7,19417	17
7,19483	17
7,19550	16
7,19617	16
7,19683	16
7,19750	16
7,19817	16
7,19883	16
7,19950	16
7,20017	16
7,20083	16
7,20150	16
7,20217	16
7,20283	16
7,20350	17
7,20417	17
7,20483	17
7,20550	18
7,20617	18
7,20683	18
7,20750	18
7,20817	19
7,20883	19
7,20950	19
7,21017	18
7,21083	18
7,21150	18
7,21217	18
7,21283	18
7,21350	18
7,21417	17
7,21483	17
7,21550	17
7,21617	16
7,21683	16
7,21750	16
7,21817	16
7,21883	15
7,21950	15
7,22017	15
7,22083	15
7,22150	15
7,22217	15
7,22283	15
7,22350	15
7,22417	15
7,22483	14
7,22550	14
7,22617	14
7,22683	14
7,22750	14
7,22817	14
7,22883	14
7,22950	14
7,23017	14
7,23083	15
7,23150	15
7,23217	15
7,23283	15
7,23350	15
7,23417	15
7,23483	16
7,23550	16
7,23617	16
7,23683	16
7,23750	16
7,23817	16
7,23883	16
7,23950	16
7,24017	16
7,24083	16
7,24150	16
7,24217	16
7,24283	16
7,24350	16
7,24417	15
7,24483	15
7,24550	15
7,24617	15
7,24683	15
7,24750	15
7,24817	15
7,24883	15
7,24950	15
7,25017	15
7,25083	15
7,25150	15
7,25217	15
7,25283	15
7,25350	15
7,25417	15
7,25483	15
7,25550	15
7,25617	15
7,25683	15
7,25750	15
7,25817	16
7,25883	16
7,25950	16
7,26017	16
7,26083	16
7,26150	16
7,26217	16
7,26283	16
7,26350	16
7,26417	16
7,26483	16
7,26550	16
7,26617	15
7,26683	15
7,26750	15
7,26817	15
7,26883	14
7,26950	14
7,27017	14
7,27083	14
7,27150	14
7,27217	14
7,27283	14
7,27350	14
7,27417	14
7,27483	15
7,27550	15
7,27617	15
7,27683	15
7,27750	15
7,27817	15
7,27883	15
7,27950	15
7,28017	15
7,28083	15
7,28150	15
7,28217	15
7,28283	15
7,28350	15
7,28417	15
7,28483	15
7,28550	14
7,28617	14
7,28683	14
7,28750	14
7,28817	14
7,28883	14
7,28950	14
7,29017	14
7,29083	14
7,29150	14
7,29217	13
7,29283	13
7,29350	13
7,29417	13
7,29483	13
7,29550	13
7,29617	13
7,29683	13
7,29750	13
7,29817	13
7,29883	12
7,29950	12
7,30017	12
7,30083	12
7,30150	12
7,30217	12
7,30283	11
7,30350	11
7,30417	11
7,30483	11
7,30550	11
7,30617	11
7,30683	11
7,30750	11
7,30817	11
7,30883	11
7,30950	12
7,31017	12
7,31083	12
7,31150	12
7,31217	12
7,31283	12
7,31350	12
7,31417	11
7,31483	11
7,31550	11
7,31617	11
7,31683	11
7,31750	11
7,31817	11
7,31883	11
7,31950	11
7,32017	11
7,32083	11
7,32150	11
7,32217	11
7,32283	12
7,32350	12
7,32417	12
7,32483	12
7,32550	12
7,32617	12
7,32683	12
7,32750	12
7,32817	12
7,32883	13
7,32950	13
7,33017	14
7,33083	14
7,33150	15
7,33217	15
7,33283	16
7,33350	16
7,33417	17
7,33483	17
7,33550	18
7,33617	19
7,33683	19
7,33750	19
7,33817	20
7,33883	20
7,33950	21
7,34017	21
7,34083	22
7,34150	22
7,34217	23
7,34283	23
7,34350	24
7,34417	24
7,34483	24
7,34550	24
7,34617	24
7,34683	24
7,34750	24
7,34817	23
7,34883	23
7,34950	23
7,35017	23
7,35083	23
7,35150	23
7,35217	23
7,35283	23
7,35350	23
7,35417	23
7,35483	23
7,35550	23
7,35617	22
7,35683	22
7,35750	21
7,35817	21
7,35883	20
7,35950	20
7,36017	19
7,36083	19
7,36150	19
7,36217	18
7,36283	18
7,36350	18
7,36417	18
7,36483	18
7,36550	18
7,36617	17
7,36683	17
7,36750	17
7,36817	17
7,36883	17
7,36950	17
7,37017	16
7,37083	16
7,37150	16
7,37217	16
7,37283	16
7,37350	16
7,37417	16
7,37483	16
7,37550	16
7,37617	16
7,37683	17
7,37750	16
7,37817	16
7,37883	16
7,37950	16
7,38017	15
7,38083	15
7,38150	15
7,38217	15
7,38283	14
7,38350	14
7,38417	14
7,38483	14
7,38550	14
7,38617	14
7,38683	14
7,38750	13
7,38817	13
7,38883	13
7,38950	12
7,39017	12
7,39083	12
7,39150	12
7,39217	12
7,39283	12
7,39350	13
7,39417	13
7,39483	13
7,39550	13
7,39617	13
7,39683	13
7,39750	13
7,39817	13
7,39883	13
7,39950	13
7,40017	13
7,40083	12
7,40150	12
7,40217	12
7,40283	12
7,40350	12
7,40417	12
7,40483	12
7,40550	12
7,40617	13
7,40683	13
7,40750	13
7,40817	13
7,40883	13
7,40950	13
7,41017	13
7,41083	13
7,41150	13
7,41217	13
7,41283	13
7,41350	13
7,41417	13
7,41483	14
7,41550	14
7,41617	14
7,41683	15
7,41750	15
7,41817	15
7,41883	15
7,41950	16
7,42017	16
7,42083	16
7,42150	16
7,42217	16
7,42283	16
7,42350	17
7,42417	17
7,42483	17
7,42550	17
7,42617	17
7,42683	18
7,42750	18
7,42817	18
7,42883	18
7,42950	18
7,43017	18
7,43083	18
7,43150	18
7,43217	18
7,43283	18
7,43350	18
7,43417	18
7,43483	18
7,43550	18
7,43617	18
7,43683	18
7,43750	18
7,43817	18
7,43883	18
7,43950	18
7,44017	18
7,44083	18
7,44150	18
7,44217	18
7,44283	18
7,44350	17
7,44417	17
7,44483	17
7,44550	17
7,44617	17
7,44683	17
7,44750	17
7,44817	18
7,44883	18
7,44950	18
7,45017	18
7,45083	18
7,45150	18
7,45217	18
7,45283	18
7,45350	18
7,45417	18
7,45483	18
7,45550	18
7,45617	18
7,45683	18
7,45750	18
7,45817	18
7,45883	17
7,45950	17
7,46017	17
7,46083	17
7,46150	17
7,46217	17
7,46283	17
7,46350	17
7,46417	17
7,46483	16
7,46550	16
7,46617	15
7,46683	15
7,46750	15
7,46817	15
7,46883	14
7,46950	14
7,47017	14
7,47083	14
7,47150	13
7,47217	13
7,47283	13
7,47350	13
7,47417	13
7,47483	14
7,47550	14
7,47617	14
7,47683	15
7,47750	15
7,47817	15
7,47883	15
7,47950	15
7,48017	15
7,48083	16
7,48150	16
7,48217	17
7,48283	18
7,48350	19
7,48417	22
7,48483	26
7,48550	33
7,48617	44
7,48683	60
7,48750	84
7,48817	120
7,48883	170
7,48950	240
7,49017	338
7,49083	471
7,49150	649
7,49217	882
7,49283	1178
7,49350	1549
7,49417	2006
7,49483	2561
7,49550	3227
7,49617	4018
7,49683	4946
7,49750	6025
7,49817	7263
7,49883	8672
7,49950	10265
7,50017	12059
7,50083	14060
7,50150	16263
7,50217	18672
7,50283	21291
7,50350	24126
7,50417	27190
7,50483	30492
7,50550	34037
7,50617	37819
7,50683	41836
7,50750	46093
7,50817	50599
7,50883	55353
7,50950	60352
7,51017	65590
7,51083	71064
7,51150	76753
7,51217	82639
7,51283	88710
7,51350	94952
7,51417	101353
7,51483	107923
7,51550	114670
7,51617	121611
7,51683	128754
7,51750	136080
7,51817	143572
7,51883	151213
7,51950	158986
7,52017	166874
7,52083	174860
7,52150	182927
7,52217	191055
7,52283	199226
7,52350	207434
7,52417	215658
7,52483	223898
7,52550	232174
7,52617	240506
7,52683	248900
7,52750	257366
7,52817	265884
7,52883	274445
7,52950	283050
7,53017	291716
7,53083	300485
7,53150	309362
7,53217	318272
7,53283	327150
7,53350	335944
7,53417	344586
7,53483	353054
7,53550	361364
7,53617	369534
7,53683	377584
7,53750	385527
7,53817	393337
7,53883	400988
7,53950	408474
7,54017	415836
7,54083	423119
7,54150	430363
7,54217	437601
7,54283	444884
7,54350	452258
7,54417	459768
7,54483	467423
7,54550	475246
7,54617	483272
7,54683	491504
7,54750	499926
7,54817	508526
7,54883	517284
7,54950	526153
7,55017	535035
7,55083	543788
7,55150	552273
7,55217	560339
7,55283	567730
7,55350	574076
7,55417	578940
7,55483	581912
7,55550	582537
7,55617	580376
7,55683	575055
7,55750	566442
7,55817	554617
7,55883	539873
7,55950	522617
7,56017	503328
7,56083	482488
7,56150	460554
7,56217	437936
7,56283	414995
7,56350	392033
7,56417	369303
7,56483	347007
7,56550	325308
7,56617	304328
7,56683	284159
7,56750	264867
7,56817	246494
7,56883	229063
7,56950	212583
7,57017	197049
7,57083	182446
7,57150	168754
7,57217	155944
7,57283	143986
7,57350	132844
7,57417	122481
7,57483	112859
7,57550	103938
7,57617	95679
7,57683	88042
7,57750	80988
7,57817	74481
7,57883	68484
7,57950	62963
7,58017	57885
7,58083	53219
7,58150	48935
7,58217	45004
7,58283	41400
7,58350	38099
7,58417	35078
7,58483	32314
7,58550	29789
7,58617	27483
7,58683	25377
7,58750	23456
7,58817	21704
7,58883	20106
7,58950	18648
7,59017	17320
7,59083	16111
7,59150	15010
7,59217	14007
7,59283	13093
7,59350	12260
7,59417	11502
7,59483	10812
7,59550	10184
7,59617	9613
7,59683	9093
7,59750	8621
7,59817	8191
7,59883	7801
7,59950	7446
7,60017	7125
7,60083	6833
7,60150	6568
7,60217	6328
7,60283	6111
7,60350	5914
7,60417	5736
7,60483	5574
7,60550	5426
7,60617	5292
7,60683	5170
7,60750	5058
7,60817	4955
7,60883	4859
7,60950	4772
7,61017	4691
7,61083	4616
7,61150	4547
7,61217	4483
7,61283	4424
7,61350	4369
7,61417	4316
7,61483	4266
7,61550	4218
7,61617	4173
7,61683	4130
7,61750	4090
7,61817	4051
7,61883	4014
7,61950	3979
7,62017	3944
7,62083	3911
7,62150	3878
7,62217	3845
7,62283	3813
7,62350	3781
7,62417	3749
7,62483	3719
7,62550	3688
7,62617	3658
7,62683	3629
7,62750	3600
7,62817	3571
7,62883	3543
7,62950	3515
7,63017	3488
7,63083	3462
7,63150	3437
7,63217	3412
7,63283	3388
7,63350	3364
7,63417	3341
7,63483	3318
7,63550	3295
7,63617	3273
7,63683	3252
7,63750	3231
7,63817	3211
7,63883	3192
7,63950	3173
7,64017	3155
7,64083	3138
7,64150	3121
7,64217	3105
7,64283	3088
7,64350	3071
7,64417	3054
7,64483	3037
7,64550	3019
7,64617	3000
7,64683	2981
7,64750	2962
7,64817	2942
7,64883	2921
7,64950	2900
7,65017	2878
7,65083	2856
7,65150	2833
7,65217	2809
7,65283	2785
7,65350	2760
7,65417	2735
7,65483	2710
7,65550	2685
7,65617	2660
7,65683	2635
7,65750	2611
7,65817	2587
7,65883	2564
7,65950	2542
7,66017	2521
7,66083	2501
7,66150	2482
7,66217	2463
7,66283	2445
7,66350	2428
7,66417	2410
7,66483	2393
7,66550	2376
7,66617	2359
7,66683	2342
7,66750	2324
7,66817	2307
7,66883	2290
7,66950	2273
7,67017	2257
7,67083	2241
7,67150	2226
7,67217	2211
7,67283	2197
7,67350	2183
7,67417	2169
7,67483	2155
7,67550	2141
7,67617	2127
7,67683	2113
7,67750	2098
7,67817	2084
7,67883	2069
7,67950	2054
7,68017	2038
7,68083	2023
7,68150	2008
7,68217	1993
7,68283	1978
7,68350	1963
7,68417	1949
7,68483	1935
7,68550	1922
7,68617	1908
7,68683	1895
7,68750	1882
7,68817	1869
7,68883	1856
7,68950	1843
7,69017	1830
7,69083	1817
7,69150	1804
7,69217	1791
7,69283	1778
7,69350	1765
7,69417	1752
7,69483	1739
7,69550	1726
7,69617	1713
7,69683	1700
7,69750	1687
7,69817	1675
7,69883	1663
7,69950	1651
7,70017	1639
7,70083	1628
7,70150	1617
7,70217	1605
7,70283	1595
7,70350	1584
7,70417	1572
7,70483	1561
7,70550	1551
7,70617	1540
7,70683	1529
7,70750	1519
7,70817	1509
7,70883	1499
7,70950	1489
7,71017	1480
7,71083	1470
7,71150	1461
7,71217	1452
7,71283	1444
7,71350	1435
7,71417	1427
7,71483	1420
7,71550	1412
7,71617	1404
7,71683	1396
7,71750	1388
7,71817	1381
7,71883	1373
7,71950	1365
7,72017	1357
7,72083	1349
7,72150	1342
7,72217	1334
7,72283	1327
7,72350	1319
7,72417	1312
7,72483	1304
7,72550	1297
7,72617	1289
7,72683	1282
7,72750	1275
7,72817	1267
7,72883	1260
7,72950	1253
7,73017	1245
7,73083	1237
7,73150	1230
7,73217	1222
7,73283	1215
7,73350	1207
7,73417	1200
7,73483	1192
7,73550	1185
7,73617	1177
7,73683	1169
7,73750	1162
7,73817	1154
7,73883	1146
7,73950	1137
7,74017	1129
7,74083	1121
7,74150	1112
7,74217	1104
7,74283	1095
7,74350	1087
7,74417	1078
7,74483	1070
7,74550	1062
7,74617	1055
7,74683	1047
7,74750	1040
7,74817	1033
7,74883	1026
7,74950	1019
7,75017	1012
7,75083	1005
7,75150	998
7,75217	991
7,75283	984
7,75350	978
7,75417	971
7,75483	965
7,75550	959
7,75617	954
7,75683	948
7,75750	943
7,75817	938
7,75883	932
7,75950	928
7,76017	923
7,76083	918
7,76150	914
7,76217	909
7,76283	905
7,76350	902
7,76417	898
7,76483	895
7,76550	891
7,76617	888
7,76683	884
7,76750	881
7,76817	877
7,76883	874
7,76950	870
7,77017	867
7,77083	863
7,77150	860
7,77217	856
7,77283	852
7,77350	848
7,77417	844
7,77483	840
7,77550	836
7,77617	832
7,77683	828
7,77750	824
7,77817	820
7,77883	816
7,77950	812
7,78017	807
7,78083	803
7,78150	798
7,78217	793
7,78283	788
7,78350	784
7,78417	779
7,78483	774
7,78550	770
7,78617	765
7,78683	761
7,78750	757
7,78817	753
7,78883	749
7,78950	745
7,79017	741
7,79083	737
7,79150	734
7,79217	730
7,79283	727
7,79350	723
7,79417	719
7,79483	716
7,79550	713
7,79617	709
7,79683	706
7,79750	703
7,79817	699
7,79883	696
7,79950	693
7,80017	690
7,80083	687
7,80150	684
7,80217	681
7,80283	678
7,80350	675
7,80417	672
7,80483	669
7,80550	666
7,80617	663
7,80683	660
7,80750	657
7,80817	653
7,80883	650
7,80950	647
7,81017	644
7,81083	641
7,81150	638
7,81217	635
7,81283	633
7,81350	630
7,81417	627
7,81483	624
7,81550	621
7,81617	618
7,81683	615
7,81750	612
7,81817	609
7,81883	606
7,81950	603
7,82017	600
7,82083	597
7,82150	594
7,82217	590
7,82283	587
7,82350	584
7,82417	580
7,82483	577
7,82550	573
7,82617	569
7,82683	566
7,82750	562
7,82817	559
7,82883	556
7,82950	553
7,83017	550
7,83083	547
7,83150	544
7,83217	541
7,83283	539
7,83350	536
7,83417	533
7,83483	530
7,83550	527
7,83617	524
7,83683	522
7,83750	519
7,83817	517
7,83883	514
7,83950	512
7,84017	510
7,84083	509
7,84150	507
7,84217	506
7,84283	504
7,84350	503
7,84417	502
7,84483	500
7,84550	499
7,84617	498
7,84683	496
7,84750	495
7,84817	493
7,84883	492
7,84950	490
7,85017	488
7,85083	486
7,85150	484
7,85217	482
7,85283	479
7,85350	477
7,85417	474
7,85483	471
7,85550	468
7,85617	466
7,85683	463
7,85750	459
7,85817	456
7,85883	453
7,85950	450
7,86017	448
7,86083	445
7,86150	442
7,86217	439
7,86283	437
7,86350	435
7,86417	433
7,86483	431
7,86550	430
7,86617	428
7,86683	426
7,86750	425
7,86817	423
7,86883	422
7,86950	421
7,87017	419
7,87083	418
7,87150	417
7,87217	416
7,87283	415
7,87350	413
7,87417	412
7,87483	411
7,87550	409
7,87617	408
7,87683	407
7,87750	406
7,87817	405
7,87883	403
7,87950	402
7,88017	401
7,88083	400
7,88150	399
7,88217	398
7,88283	396
7,88350	395
7,88417	394
7,88483	392
7,88550	391
7,88617	389
7,88683	387
7,88750	385
7,88817	384
7,88883	382
7,88950	380
7,89017	378
7,89083	376
7,89150	374
7,89217	372
7,89283	370
7,89350	368
7,89417	367
7,89483	365
7,89550	364
7,89617	363
7,89683	361
7,89750	360
7,89817	358
7,89883	357
7,89950	356
7,90017	354
7,90083	352
7,90150	351
7,90217	349
7,90283	348
7,90350	346
7,90417	344
7,90483	343
7,90550	342
7,90617	340
7,90683	339
7,90750	337
7,90817	336
7,90883	334
7,90950	332
7,91017	331
7,91083	329
7,91150	328
7,91217	326
7,91283	325
7,91350	323
7,91417	322
7,91483	320
7,91550	319
7,91617	317
7,91683	316
7,91750	315
7,91817	314
7,91883	313
7,91950	312
7,92017	311
7,92083	310
7,92150	309
7,92217	308
7,92283	307
7,92350	306
7,92417	306
7,92483	305
7,92550	305
7,92617	304
7,92683	303
7,92750	303
7,92817	302
7,92883	301
7,92950	300
7,93017	299
7,93083	298
7,93150	297
7,93217	296
7,93283	295
7,93350	294
7,93417	292
7,93483	291
7,93550	290
7,93617	289
7,93683	288
7,93750	287
7,93817	286
7,93883	285
7,93950	284
7,94017	283
7,94083	282
7,94150	281
7,94217	279
7,94283	278
7,94350	277
7,94417	275
7,94483	274
7,94550	272
7,94617	271
7,94683	270
7,94750	269
7,94817	268
7,94883	267
7,94950	266
7,95017	265
7,95083	264
7,95150	263
7,95217	261
7,95283	260
7,95350	259
7,95417	258
7,95483	257
7,95550	257
7,95617	256
7,95683	255
7,95750	254
7,95817	253
7,95883	252
7,95950	251
7,96017	250
7,96083	249
7,96150	248
7,96217	248
7,96283	247
7,96350	246
7,96417	245
7,96483	244
7,96550	243
7,96617	242
7,96683	241
7,96750	241
7,96817	240
7,96883	240
7,96950	239
7,97017	239
7,97083	238
7,97150	238
7,97217	238
7,97283	237
7,97350	237
7,97417	236
7,97483	236
7,97550	235
7,97617	235
7,97683	234
7,97750	233
7,97817	233
7,97883	232
7,97950	232
7,98017	231
7,98083	231
7,98150	230
7,98217	229
7,98283	229
7,98350	228
7,98417	228
7,98483	227
7,98550	226
7,98617	226
7,98683	225
7,98750	224
7,98817	224
7,98883	223
7,98950	222
7,99017	221
7,99083	221
7,99150	220
7,99217	219
7,99283	219
7,99350	218
7,99417	218
7,99483	217
7,99550	217
7,99617	216
7,99683	215
7,99750	214
7,99817	214
7,99883	213
7,99950	212
8,00017	212
8,00083	211
8,00150	211
8,00217	211
8,00283	210
8,00350	209
8,00417	209
8,00483	208
8,00550	208
8,00617	207
8,00683	206
8,00750	206
8,00817	205
8,00883	205
8,00950	204
8,01017	204
8,01083	204
8,01150	203
8,01217	203
8,01283	202
8,01350	202
8,01417	201
8,01483	201
8,01550	200
8,01617	200
8,01683	199
8,01750	198
8,01817	198
8,01883	197
8,01950	196
8,02017	196
8,02083	195
8,02150	194
8,02217	194
8,02283	194
8,02350	193
8,02417	193
8,02483	192
8,02550	192
8,02617	191
8,02683	190
8,02750	190
8,02817	189
8,02883	189
8,02950	188
8,03017	188
8,03083	187
8,03150	186
8,03217	186
8,03283	185
8,03350	185
8,03417	185
8,03483	184
8,03550	184
8,03617	184
8,03683	184
8,03750	183
8,03817	183
8,03883	182
8,03950	182
8,04017	181
8,04083	181
8,04150	180
8,04217	179
8,04283	179
8,04350	178
8,04417	178
8,04483	177
8,04550	176
8,04617	176
8,04683	175
8,04750	175
8,04817	175
8,04883	174
8,04950	174
8,05017	173
8,05083	173
8,05150	173
8,05217	172
8,05283	172
8,05350	171
8,05417	171
8,05483	170
8,05550	169
8,05617	169
8,05683	168
8,05750	167
8,05817	167
8,05883	166
8,05950	165
8,06017	165
8,06083	164
8,06150	164
8,06217	163
8,06283	163
8,06350	163
8,06417	163
8,06483	162
8,06550	162
8,06617	162
8,06683	161
8,06750	161
8,06817	160
8,06883	159
8,06950	159
8,07017	158
8,07083	158
8,07150	157
8,07217	157
8,07283	156
8,07350	156
8,07417	156
8,07483	155
8,07550	155
8,07617	154
8,07683	154
8,07750	153
8,07817	153
8,07883	152
8,07950	152
8,08017	151
8,08083	150
8,08150	150
8,08217	149
8,08283	149
8,08350	148
8,08417	147
8,08483	146
8,08550	146
8,08617	145
8,08683	145
8,08750	144
8,08817	144
8,08883	143
8,08950	143
8,09017	142
8,09083	142
8,09150	142
8,09217	141
8,09283	141
8,09350	141
8,09417	140
8,09483	140
8,09550	140
8,09617	140
8,09683	139
8,09750	139
8,09817	139
8,09883	139
8,09950	138
8,10017	138
8,10083	138
8,10150	138
8,10217	137
8,10283	137
8,10350	137
8,10417	136
8,10483	136
8,10550	136
8,10617	135
8,10683	135
8,10750	134
8,10817	134
8,10883	133
8,10950	133
8,11017	132
8,11083	132
8,11150	132
8,11217	132
8,11283	131
8,11350	131
8,11417	131
8,11483	131
8,11550	131
8,11617	131
8,11683	130
8,11750	130
8,11817	130
8,11883	130
8,11950	130
8,12017	130
8,12083	130
8,12150	130
8,12217	129
8,12283	129
8,12350	129
8,12417	129
8,12483	128
8,12550	128
8,12617	128
8,12683	128
8,12750	128
8,12817	128
8,12883	127
8,12950	127
8,13017	127
8,13083	126
8,13150	126
8,13217	126
8,13283	125
8,13350	125
8,13417	125
8,13483	124
8,13550	124
8,13617	124
8,13683	124
8,13750	124
8,13817	124
8,13883	123
8,13950	123
8,14017	124
8,14083	124
8,14150	124
8,14217	124
8,14283	124
8,14350	124
8,14417	123
8,14483	123
8,14550	123
8,14617	123
8,14683	123
8,14750	123
8,14817	122
8,14883	122
8,14950	122
8,15017	122
8,15083	122
8,15150	122
8,15217	122
8,15283	122
8,15350	122
8,15417	121
8,15483	121
8,15550	121
8,15617	120
8,15683	120
8,15750	119
8,15817	119
8,15883	118
8,15950	118
8,16017	117
8,16083	117
8,16150	117
8,16217	117
8,16283	116
8,16350	116
8,16417	116
8,16483	116
8,16550	115
8,16617	115
8,16683	115
8,16750	114
8,16817	114
8,16883	113
8,16950	113
8,17017	113
8,17083	112
8,17150	112
8,17217	111
8,17283	111
8,17350	111
8,17417	110
8,17483	110
8,17550	109
8,17617	109
8,17683	109
8,17750	108
8,17817	108
8,17883	108
8,17950	108
8,18017	108
8,18083	107
8,18150	107
8,18217	107
8,18283	107
8,18350	107
8,18417	106
8,18483	106
8,18550	106
8,18617	106
8,18683	105
8,18750	105
8,18817	105
8,18883	104
8,18950	104
8,19017	104
8,19083	103
8,19150	103
8,19217	102
8,19283	102
8,19350	102
8,19417	102
8,19483	102
8,19550	102
8,19617	102
8,19683	102
8,19750	101
8,19817	101
8,19883	101
8,19950	101
8,20017	101
8,20083	100
8,20150	100
8,20217	100
8,20283	100
8,20350	99
8,20417	99
8,20483	99
8,20550	98
8,20617	98
8,20683	98
8,20750	97
8,20817	97
8,20883	96
8,20950	96
8,21017	95
8,21083	95
8,21150	95
8,21217	94
8,21283	94
8,21350	94
8,21417	93
8,21483	93
8,21550	93
8,21617	93
8,21683	93
8,21750	93
8,21817	93
8,21883	93
8,21950	93
8,22017	93
8,22083	93
8,22150	93
8,22217	93
8,22283	92
8,22350	92
8,22417	92
8,22483	92
8,22550	92
8,22617	92
8,22683	92
8,22750	92
8,22817	92
8,22883	92
8,22950	92
8,23017	92
8,23083	93
8,23150	93
8,23217	92
8,23283	92
8,23350	92
8,23417	92
8,23483	92
8,23550	91
8,23617	91
8,23683	91
8,23750	91
8,23817	91
8,23883	91
8,23950	91
8,24017	91
8,24083	91
8,24150	90
8,24217	90
8,24283	90
8,24350	90
8,24417	89
8,24483	89
8,24550	89
8,24617	88
8,24683	88
8,24750	88
8,24817	88
8,24883	88
8,24950	88
8,25017	88
8,25083	88
8,25150	88
8,25217	87
8,25283	87
8,25350	87
8,25417	87
8,25483	86
8,25550	86
8,25617	86
8,25683	86
8,25750	85
8,25817	85
8,25883	85
8,25950	85
8,26017	85
8,26083	84
8,26150	84
8,26217	83
8,26283	83
8,26350	83
8,26417	82
8,26483	82
8,26550	82
8,26617	81
8,26683	81
8,26750	81
8,26817	81
8,26883	81
8,26950	81
8,27017	80
8,27083	80
8,27150	80
8,27217	80
8,27283	80
8,27350	79
8,27417	79
8,27483	79
8,27550	79
8,27617	79
8,27683	79
8,27750	79
8,27817	79
8,27883	79
8,27950	80
8,28017	80
8,28083	80
8,28150	80
8,28217	80
8,28283	80
8,28350	80
8,28417	80
8,28483	80
8,28550	80
8,28617	80
8,28683	79
8,28750	79
8,28817	79
8,28883	79
8,28950	79
8,29017	78
8,29083	78
8,29150	78
8,29217	78
8,29283	78
8,29350	77
8,29417	77
8,29483	77
8,29550	77
8,29617	76
8,29683	76
8,29750	76
8,29817	75
8,29883	75
8,29950	75
8,30017	74
8,30083	74
8,30150	74
8,30217	74
8,30283	74
8,30350	74
8,30417	74
8,30483	74
8,30550	74
8,30617	74
8,30683	75
8,30750	76
8,30817	77
8,30883	78
8,30950	79
8,31017	81
8,31083	82
8,31150	84
8,31217	86
8,31283	89
8,31350	91
8,31417	94
8,31483	96
8,31550	99
8,31617	102
8,31683	105
8,31750	109
8,31817	112
8,31883	116
8,31950	119
8,32017	123
8,32083	127
8,32150	130
8,32217	134
8,32283	137
8,32350	141
8,32417	144
8,32483	147
8,32550	150
8,32617	152
8,32683	155
8,32750	157
8,32817	159
8,32883	161
8,32950	162
8,33017	164
8,33083	165
8,33150	166
8,33217	167
8,33283	168
8,33350	168
8,33417	169
8,33483	169
8,33550	170
8,33617	170
8,33683	170
8,33750	169
8,33817	169
8,33883	168
8,33950	168
8,34017	167
8,34083	167
8,34150	166
8,34217	165
8,34283	165
8,34350	164
8,34417	163
8,34483	163
8,34550	162
8,34617	161
8,34683	161
8,34750	160
8,34817	159
8,34883	159
8,34950	158
8,35017	158
8,35083	157
8,35150	157
8,35217	156
8,35283	156
8,35350	156
8,35417	156
8,35483	156
8,35550	156
8,35617	156
8,35683	156
8,35750	156
8,35817	156
8,35883	155
8,35950	155
8,36017	155
8,36083	155
8,36150	154
8,36217	154
8,36283	154
8,36350	154
8,36417	154
8,36483	154
8,36550	154
8,36617	153
8,36683	152
8,36750	151
8,36817	150
8,36883	148
8,36950	147
8,37017	145
8,37083	144
8,37150	142
8,37217	140
8,37283	139
8,37350	137
8,37417	136
8,37483	134
8,37550	133
8,37617	131
8,37683	130
8,37750	129
8,37817	128
8,37883	126
8,37950	125
8,38017	124
8,38083	123
8,38150	122
8,38217	121
8,38283	120
8,38350	118
8,38417	117
8,38483	116
8,38550	115
8,38617	114
8,38683	113
8,38750	112
8,38817	110
8,38883	109
8,38950	108
8,39017	107
8,39083	106
8,39150	105
8,39217	104
8,39283	103
8,39350	103
8,39417	102
8,39483	101
8,39550	101
8,39617	100
8,39683	100
8,39750	99
8,39817	99
8,39883	98
8,39950	98
8,40017	97
8,40083	96
8,40150	95
8,40217	95
8,40283	94
8,40350	93
8,40417	93
8,40483	92
8,40550	91
8,40617	90
8,40683	90
8,40750	89
8,40817	88
8,40883	87
8,40950	87
8,41017	86
8,41083	85
8,41150	85
8,41217	84
8,41283	83
8,41350	83
8,41417	82
8,41483	81
8,41550	81
8,41617	80
8,41683	80
8,41750	80
8,41817	79
8,41883	79
8,41950	78
8,42017	78
8,42083	77
8,42150	76
8,42217	76
8,42283	75
8,42350	74
8,42417	74
8,42483	73
8,42550	72
8,42617	72
8,42683	71
8,42750	70
8,42817	70
8,42883	69
8,42950	69
8,43017	68
8,43083	68
8,43150	68
8,43217	69
8,43283	69
8,43350	69
8,43417	70
8,43483	70
8,43550	70
8,43617	70
8,43683	70
8,43750	70
8,43817	70
8,43883	70
8,43950	70
8,44017	70
8,44083	70
8,44150	70
8,44217	70
8,44283	69
8,44350	69
8,44417	69
8,44483	68
8,44550	68
8,44617	68
8,44683	68
8,44750	67
8,44817	67
8,44883	67
8,44950	67
8,45017	67
8,45083	66
8,45150	66
8,45217	66
8,45283	66
8,45350	66
8,45417	66
8,45483	65
8,45550	65
8,45617	65
8,45683	65
8,45750	65
8,45817	65
8,45883	64
8,45950	64
8,46017	64
8,46083	64
8,46150	64
8,46217	64
8,46283	63
8,46350	63
8,46417	63
8,46483	63
8,46550	63
8,46617	63
8,46683	63
8,46750	63
8,46817	62
8,46883	62
8,46950	62
8,47017	62
8,47083	62
8,47150	63
8,47217	63
8,47283	63
8,47350	63
8,47417	62
8,47483	62
8,47550	62
8,47617	62
8,47683	61
8,47750	61
8,47817	61
8,47883	61
8,47950	61
8,48017	61
8,48083	61
8,48150	61
8,48217	61
8,48283	61
8,48350	61
8,48417	61
8,48483	60
8,48550	60
8,48617	60
8,48683	60
8,48750	60
8,48817	60
8,48883	59
8,48950	59
8,49017	59
8,49083	59
8,49150	59
8,49217	59
8,49283	59
8,49350	59
8,49417	59
8,49483	59
8,49550	59
8,49617	59
8,49683	59
8,49750	59
8,49817	60
8,49883	60
8,49950	59
8,50017	59
8,50083	59
8,50150	59
8,50217	58
8,50283	58
8,50350	58
8,50417	58
8,50483	58
8,50550	58
8,50617	58
8,50683	58
8,50750	58
8,50817	57
8,50883	57
8,50950	57
8,51017	57
8,51083	56
8,51150	56
8,51217	56
8,51283	56
8,51350	56
8,51417	56
8,51483	56
8,51550	55
8,51617	55
8,51683	55
8,51750	55
8,51817	55
8,51883	55
8,51950	55
8,52017	55
8,52083	55
8,52150	55
8,52217	55
8,52283	55
8,52350	55
8,52417	55
8,52483	55
8,52550	55
8,52617	56
8,52683	56
8,52750	56
8,52817	56
8,52883	56
8,52950	57
8,53017	57
8,53083	57
8,53150	58
8,53217	58
8,53283	58
8,53350	58
8,53417	58
8,53483	59
8,53550	59
8,53617	59
8,53683	59
8,53750	59
8,53817	60
8,53883	60
8,53950	59
8,54017	59
8,54083	59
8,54150	59
8,54217	59
8,54283	59
8,54350	59
8,54417	59
8,54483	59
8,54550	59
8,54617	59
8,54683	59
8,54750	59
8,54817	59
8,54883	58
8,54950	58
8,55017	58
8,55083	58
8,55150	58
8,55217	58
8,55283	58
8,55350	58
8,55417	58
8,55483	58
8,55550	58
8,55617	58
8,55683	58
8,55750	58
8,55817	58
8,55883	58
8,55950	58
8,56017	57
8,56083	57
8,56150	57
8,56217	57
8,56283	57
8,56350	56
8,56417	56
8,56483	56
8,56550	56
8,56617	55
8,56683	55
8,56750	55
8,56817	55
8,56883	54
8,56950	54
8,57017	54
8,57083	54
8,57150	53
8,57217	53
8,57283	53
8,57350	52
8,57417	52
8,57483	52
8,57550	52
8,57617	52
8,57683	52
8,57750	51
8,57817	51
8,57883	51
8,57950	51
8,58017	51
8,58083	51
8,58150	51
8,58217	50
8,58283	50
8,58350	50
8,58417	49
8,58483	49
8,58550	49
8,58617	48
8,58683	48
8,58750	48
8,58817	48
8,58883	49
8,58950	49
8,59017	49
8,59083	49
8,59150	49
8,59217	49
8,59283	49
8,59350	49
8,59417	48
8,59483	48
8,59550	48
8,59617	48
8,59683	48
8,59750	48
8,59817	49
8,59883	49
8,59950	49
8,60017	49
8,60083	49
8,60150	49
8,60217	49
8,60283	49
8,60350	49
8,60417	50
8,60483	50
8,60550	50
8,60617	50
8,60683	50
8,60750	50
8,60817	50
8,60883	50
8,60950	50
8,61017	49
8,61083	49
8,61150	49
8,61217	50
8,61283	50
8,61350	50
8,61417	50
8,61483	50
8,61550	50
8,61617	49
8,61683	49
8,61750	49
8,61817	49
8,61883	49
8,61950	48
8,62017	48
8,62083	47
8,62150	47
8,62217	46
8,62283	46
8,62350	46
8,62417	46
8,62483	46
8,62550	46
8,62617	46
8,62683	46
8,62750	46
8,62817	47
8,62883	47
8,62950	47
8,63017	47
8,63083	47
8,63150	47
8,63217	47
8,63283	47
8,63350	48
8,63417	48
8,63483	48
8,63550	48
8,63617	48
8,63683	47
8,63750	47
8,63817	47
8,63883	47
8,63950	47
8,64017	47
8,64083	47
8,64150	47
8,64217	47
8,64283	48
8,64350	48
8,64417	48
8,64483	48
8,64550	48
8,64617	49
8,64683	49
8,64750	49
8,64817	49
8,64883	48
8,64950	48
8,65017	49
8,65083	49
8,65150	49
8,65217	49
8,65283	49
8,65350	49
8,65417	50
8,65483	50
8,65550	50
8,65617	51
8,65683	51
8,65750	51
8,65817	51
8,65883	51
8,65950	52
8,66017	52
8,66083	52
8,66150	52
8,66217	52
8,66283	52
8,66350	52
8,66417	52
8,66483	52
8,66550	52
8,66617	52
8,66683	52
8,66750	52
8,66817	52
8,66883	52
8,66950	52
8,67017	52
8,67083	51
8,67150	51
8,67217	51
8,67283	51
8,67350	51
8,67417	51
8,67483	51
8,67550	51
8,67617	51
8,67683	51
8,67750	51
8,67817	50
8,67883	50
8,67950	50
8,68017	49
8,68083	49
8,68150	48
8,68217	48
8,68283	48
8,68350	47
8,68417	47
8,68483	47
8,68550	46
8,68617	46
8,68683	46
8,68750	46
8,68817	45
8,68883	45
8,68950	45
8,69017	45
8,69083	45
8,69150	44
8,69217	44
8,69283	44
8,69350	44
8,69417	44
8,69483	44
8,69550	44
8,69617	44
8,69683	44
8,69750	44
8,69817	44
8,69883	44
8,69950	44
8,70017	43
8,70083	43
8,70150	43
8,70217	43
8,70283	43
8,70350	43
8,70417	43
8,70483	43
8,70550	43
8,70617	43
8,70683	43
8,70750	44
8,70817	44
8,70883	44
8,70950	45
8,71017	45
8,71083	45
8,71150	45
8,71217	45
8,71283	45
8,71350	45
8,71417	45
8,71483	45
8,71550	45
8,71617	45
8,71683	45
8,71750	45
8,71817	45
8,71883	44
8,71950	45
8,72017	45
8,72083	45
8,72150	44
8,72217	44
8,72283	44
8,72350	44
8,72417	44
8,72483	44
8,72550	44
8,72617	44
8,72683	44
8,72750	44
8,72817	44
8,72883	44
8,72950	44
8,73017	44
8,73083	44
8,73150	44
8,73217	44
8,73283	44
8,73350	44
8,73417	44
8,73483	44
8,73550	44
8,73617	44
8,73683	43
8,73750	43
8,73817	44
8,73883	44
8,73950	44
8,74017	44
8,74083	44
8,74150	44
8,74217	44
8,74283	44
8,74350	44
8,74417	44
8,74483	44
8,74550	44
8,74617	43
8,74683	43
8,74750	43
8,74817	43
8,74883	43
8,74950	43
8,75017	42
8,75083	42
8,75150	42
8,75217	41
8,75283	41
8,75350	41
8,75417	40
8,75483	40
8,75550	40
8,75617	40
8,75683	40
8,75750	40
8,75817	40
8,75883	40
8,75950	41
8,76017	41
8,76083	41
8,76150	41
8,76217	42
8,76283	42
8,76350	42
8,76417	42
8,76483	42
8,76550	42
8,76617	42
8,76683	43
8,76750	43
8,76817	43
8,76883	43
8,76950	43
8,77017	43
8,77083	43
8,77150	43
8,77217	43
8,77283	43
8,77350	43
8,77417	43
8,77483	43
8,77550	43
8,77617	43
8,77683	42
8,77750	42
8,77817	42
8,77883	42
8,77950	41
8,78017	41
8,78083	41
8,78150	41
8,78217	41
8,78283	41
8,78350	41
8,78417	41
8,78483	41
8,78550	40
8,78617	40
8,78683	40
8,78750	40
8,78817	40
8,78883	40
8,78950	40
8,79017	40
8,79083	40
8,79150	40
8,79217	40
8,79283	40
8,79350	40
8,79417	40
8,79483	40
8,79550	41
8,79617	41
8,79683	41
8,79750	41
8,79817	41
8,79883	41
8,79950	41
8,80017	41
8,80083	41
8,80150	41
8,80217	42
8,80283	42
8,80350	42
8,80417	43
8,80483	43
8,80550	44
8,80617	44
8,80683	44
8,80750	44
8,80817	44
8,80883	44
8,80950	45
8,81017	45
8,81083	45
8,81150	45
8,81217	46
8,81283	46
8,81350	46
8,81417	47
8,81483	47
8,81550	47
8,81617	48
8,81683	48
8,81750	48
8,81817	48
8,81883	48
8,81950	49
8,82017	49
8,82083	49
8,82150	50
8,82217	50
8,82283	50
8,82350	50
8,82417	50
8,82483	50
8,82550	50
8,82617	50
8,82683	50
8,82750	50
8,82817	50
8,82883	50
8,82950	50
8,83017	51
8,83083	51
8,83150	51
8,83217	51
8,83283	51
8,83350	51
8,83417	51
8,83483	51
8,83550	52
8,83617	52
8,83683	52
8,83750	52
8,83817	52
8,83883	53
8,83950	53
8,84017	53
8,84083	53
8,84150	52
8,84217	52
8,84283	52
8,84350	52
8,84417	52
8,84483	53
8,84550	52
8,84617	52
8,84683	52
8,84750	52
8,84817	52
8,84883	52
8,84950	52
8,85017	52
8,85083	52
8,85150	52
8,85217	53
8,85283	53
8,85350	53
8,85417	53
8,85483	54
8,85550	54
8,85617	54
8,85683	54
8,85750	55
8,85817	55
8,85883	55
8,85950	55
8,86017	55
8,86083	54
8,86150	54
8,86217	54
8,86283	54
8,86350	53
8,86417	53
8,86483	53
8,86550	53
8,86617	53
8,86683	53
8,86750	53
8,86817	53
8,86883	54
8,86950	54
8,87017	54
8,87083	54
8,87150	54
8,87217	54
8,87283	54
8,87350	54
8,87417	53
8,87483	53
8,87550	53
8,87617	53
8,87683	53
8,87750	53
8,87817	53
8,87883	53
8,87950	53
8,88017	53
8,88083	53
8,88150	53
8,88217	53
8,88283	53
8,88350	53
8,88417	52
8,88483	52
8,88550	52
8,88617	51
8,88683	51
8,88750	51
8,88817	51
8,88883	51
8,88950	51
8,89017	51
8,89083	51
8,89150	51
8,89217	51
8,89283	51
8,89350	51
8,89417	51
8,89483	52
8,89550	52
8,89617	52
8,89683	52
8,89750	52
8,89817	52
8,89883	53
8,89950	53
8,90017	54
8,90083	54
8,90150	54
8,90217	54
8,90283	54
8,90350	54
8,90417	55
8,90483	55
8,90550	55
8,90617	55
8,90683	55
8,90750	55
8,90817	55
8,90883	56
8,90950	56
8,91017	56
8,91083	56
8,91150	56
8,91217	56
8,91283	56
8,91350	56
8,91417	56
8,91483	56
8,91550	56
8,91617	56
8,91683	56
8,91750	56
8,91817	56
8,91883	56
8,91950	56
8,92017	56
8,92083	57
8,92150	57
8,92217	57
8,92283	58
8,92350	58
8,92417	58
8,92483	58
8,92550	58
8,92617	58
8,92683	59
8,92750	59
8,92817	59
8,92883	59
8,92950	59
8,93017	59
8,93083	59
8,93150	59
8,93217	59
8,93283	59
8,93350	60
8,93417	60
8,93483	60
8,93550	60
8,93617	60
8,93683	60
8,93750	60
8,93817	59
8,93883	59
8,93950	59
8,94017	59
8,94083	59
8,94150	58
8,94217	58
8,94283	58
8,94350	58
8,94417	58
8,94483	58
8,94550	58
8,94617	59
8,94683	59
8,94750	59
8,94817	59
8,94883	59
8,94950	59
8,95017	59
8,95083	59
8,95150	59
8,95217	59
8,95283	59
8,95350	59
8,95417	58
8,95483	58
8,95550	58
8,95617	58
8,95683	57
8,95750	57
8,95817	57
8,95883	57
8,95950	56
8,96017	56
8,96083	56
8,96150	56
8,96217	55
8,96283	55
8,96350	55
8,96417	55
8,96483	55
8,96550	54
8,96617	54
8,96683	54
8,96750	54
8,96817	53
8,96883	53
8,96950	53
8,97017	53
8,97083	53
8,97150	53
8,97217	53
8,97283	53
8,97350	53
8,97417	53
8,97483	53
8,97550	53
8,97617	53
8,97683	53
8,97750	53
8,97817	53
8,97883	53
8,97950	53
8,98017	53
8,98083	53
8,98150	53
8,98217	53
8,98283	53
8,98350	53
8,98417	53
8,98483	53
8,98550	53
8,98617	54
8,98683	54
8,98750	54
8,98817	54
8,98883	54
8,98950	54
8,99017	54
8,99083	54
8,99150	55
8,99217	54
8,99283	54
8,99350	54
8,99417	54
8,99483	54
8,99550	54
8,99617	54
8,99683	55
8,99750	55
8,99817	55
8,99883	55
8,99950	55
9,00017	55
9,00083	55
9,00150	54
9,00217	54
9,00283	54
9,00350	54
9,00417	54
9,00483	54
9,00550	54
9,00617	54
9,00683	54
9,00750	55
9,00817	55
9,00883	55
9,00950	56
9,01017	56
9,01083	56
9,01150	56
9,01217	56
9,01283	56
9,01350	56
9,01417	56
9,01483	56
9,01550	56
9,01617	56
9,01683	56
9,01750	56
9,01817	55
9,01883	55
9,01950	54
9,02017	54
9,02083	54
9,02150	54
9,02217	54
9,02283	54
9,02350	54
9,02417	54
9,02483	55
9,02550	55
9,02617	55
9,02683	55
9,02750	56
9,02817	56
9,02883	56
9,02950	56
9,03017	56
9,03083	56
9,03150	56
9,03217	56
9,03283	56
9,03350	56
9,03417	56
9,03483	56
9,03550	56
9,03617	56
9,03683	57
9,03750	57
9,03817	57
9,03883	57
9,03950	57
9,04017	58
9,04083	58
9,04150	58
9,04217	58
9,04283	58
9,04350	58
9,04417	58
9,04483	58
9,04550	58
9,04617	58
9,04683	58
9,04750	58
9,04817	58
9,04883	58
9,04950	58
9,05017	58
9,05083	58
9,05150	58
9,05217	57
9,05283	57
9,05350	57
9,05417	57
9,05483	57
9,05550	57
9,05617	57
9,05683	57
9,05750	57
9,05817	57
9,05883	57
9,05950	57
9,06017	57
9,06083	57
9,06150	57
9,06217	57
9,06283	57
9,06350	57
9,06417	57
9,06483	57
9,06550	58
9,06617	58
9,06683	58
9,06750	58
9,06817	58
9,06883	58
9,06950	58
9,07017	58
9,07083	58
9,07150	58
9,07217	58
9,07283	58
9,07350	58
9,07417	58
9,07483	58
9,07550	58
9,07617	58
9,07683	58
9,07750	58
9,07817	58
9,07883	58
9,07950	58
9,08017	58
9,08083	58
9,08150	59
9,08217	59
9,08283	59
9,08350	59
9,08417	59
9,08483	59
9,08550	59
9,08617	59
9,08683	59
9,08750	59
9,08817	59
9,08883	59
9,08950	59
9,09017	59
9,09083	59
9,09150	59
9,09217	59
9,09283	59
9,09350	59
9,09417	59
9,09483	59
9,09550	59
9,09617	58
9,09683	58
9,09750	58
9,09817	58
9,09883	57
9,09950	57
9,10017	57
9,10083	57
9,10150	57
9,10217	57
9,10283	57
9,10350	57
9,10417	57
9,10483	57
9,10550	57
9,10617	57
9,10683	56
9,10750	56
9,10817	56
9,10883	56
9,10950	55
9,11017	55
9,11083	55
9,11150	55
9,11217	55
9,11283	55
9,11350	55
9,11417	55
9,11483	55
9,11550	55
9,11617	55
9,11683	55
9,11750	55
9,11817	55
9,11883	54
9,11950	54
9,12017	54
9,12083	54
9,12150	54
9,12217	54
9,12283	54
9,12350	53
9,12417	53
9,12483	53
9,12550	53
9,12617	53
9,12683	53
9,12750	53
9,12817	53
9,12883	53
9,12950	53
9,13017	53
9,13083	53
9,13150	53
9,13217	53
9,13283	53
9,13350	53
9,13417	53
9,13483	53
9,13550	52
9,13617	52
9,13683	52
9,13750	52
9,13817	52
9,13883	52
9,13950	52
9,14017	52
9,14083	52
9,14150	51
9,14217	51
9,14283	51
9,14350	51
9,14417	51
9,14483	51
9,14550	51
9,14617	51
9,14683	51
9,14750	50
9,14817	50
9,14883	50
9,14950	50
9,15017	50
9,15083	50
9,15150	50
9,15217	50
9,15283	50
9,15350	49
9,15417	49
9,15483	49
9,15550	49
9,15617	49
9,15683	49
9,15750	49
9,15817	49
9,15883	49
9,15950	49
9,16017	49
9,16083	48
9,16150	48
9,16217	48
9,16283	48
9,16350	48
9,16417	48
9,16483	48
9,16550	48
9,16617	48
9,16683	48
9,16750	48
9,16817	48
9,16883	49
9,16950	49
9,17017	49
9,17083	49
9,17150	49
9,17217	50
9,17283	50
9,17350	50
9,17417	50
9,17483	50
9,17550	50
9,17617	50
9,17683	50
9,17750	50
9,17817	50
9,17883	51
9,17950	51
9,18017	51
9,18083	51
9,18150	51
9,18217	51
9,18283	51
9,18350	51
9,18417	52
9,18483	52
9,18550	52
9,18617	52
9,18683	52
9,18750	52
9,18817	52
9,18883	52
9,18950	52
9,19017	52
9,19083	52
9,19150	52
9,19217	52
9,19283	52
9,19350	52
9,19417	52
9,19483	52
9,19550	52
9,19617	52
9,19683	52
9,19750	52
9,19817	52
9,19883	52
9,19950	52
9,20017	52
9,20083	52
9,20150	52
9,20217	52
9,20283	52
9,20350	51
9,20417	51
9,20483	51
9,20550	51
9,20617	51
9,20683	51
9,20750	50
9,20817	50
9,20883	50
9,20950	50
9,21017	50
9,21083	50
9,21150	50
9,21217	50
9,21283	51
9,21350	51
9,21417	51
9,21483	51
9,21550	52
9,21617	52
9,21683	52
9,21750	52
9,21817	53
9,21883	53
9,21950	53
9,22017	53
9,22083	54
9,22150	54
9,22217	54
9,22283	54
9,22350	54
9,22417	54
9,22483	53
9,22550	53
9,22617	53
9,22683	53
9,22750	53
9,22817	53
9,22883	53
9,22950	53
9,23017	53
9,23083	53
9,23150	53
9,23217	53
9,23283	53
9,23350	53
9,23417	54
9,23483	54
9,23550	54
9,23617	54
9,23683	54
9,23750	54
9,23817	54
9,23883	54
9,23950	55
9,24017	55
9,24083	55
9,24150	55
9,24217	55
9,24283	55
9,24350	55
9,24417	55
9,24483	55
9,24550	55
9,24617	55
9,24683	55
9,24750	55
9,24817	55
9,24883	55
9,24950	55
9,25017	55
9,25083	55
9,25150	55
9,25217	55
9,25283	55
9,25350	55
9,25417	55
9,25483	55
9,25550	55
9,25617	55
9,25683	54
9,25750	54
9,25817	54
9,25883	54
9,25950	54
9,26017	54
9,26083	54
9,26150	54
9,26217	54
9,26283	54
9,26350	54
9,26417	54
9,26483	54
9,26550	54
9,26617	54
9,26683	54
9,26750	53
9,26817	53
9,26883	53
9,26950	53
9,27017	53
9,27083	53
9,27150	53
9,27217	53
9,27283	53
9,27350	53
9,27417	53
9,27483	53
9,27550	53
9,27617	53
9,27683	53
9,27750	53
9,27817	53
9,27883	53
9,27950	53
9,28017	53
9,28083	53
9,28150	53
9,28217	53
9,28283	53
9,28350	54
9,28417	54
9,28483	54
9,28550	54
9,28617	54
9,28683	54
9,28750	54
9,28817	54
9,28883	54
9,28950	54
9,29017	55
9,29083	55
9,29150	55
9,29217	55
9,29283	56
9,29350	56
9,29417	57
9,29483	57
9,29550	57
9,29617	57
9,29683	57
9,29750	57
9,29817	57
9,29883	57
9,29950	58
9,30017	58
9,30083	58
9,30150	58
9,30217	58
9,30283	59
9,30350	59
9,30417	59
9,30483	59
9,30550	60
9,30617	60
9,30683	60
9,30750	60
9,30817	60
9,30883	60
9,30950	60
9,31017	60
9,31083	59
9,31150	59
9,31217	59
9,31283	59
9,31350	59
9,31417	59
9,31483	59
9,31550	59
9,31617	59
9,31683	59
9,31750	59
9,31817	59
9,31883	59
9,31950	59
9,32017	59
9,32083	59
9,32150	59
9,32217	59
9,32283	59
9,32350	59
9,32417	59
9,32483	58
9,32550	58
9,32617	58
9,32683	58
9,32750	58
9,32817	58
9,32883	58
9,32950	58
9,33017	58
9,33083	58
9,33150	58
9,33217	58
9,33283	58
9,33350	57
9,33417	57
9,33483	57
9,33550	57
9,33617	57
9,33683	57
9,33750	57
9,33817	57
9,33883	57
9,33950	57
9,34017	57
9,34083	57
9,34150	57
9,34217	56
9,34283	56
9,34350	56
9,34417	56
9,34483	56
9,34550	56
9,34617	56
9,34683	56
9,34750	56
9,34817	56
9,34883	56
9,34950	56
9,35017	55
9,35083	55
9,35150	55
9,35217	55
9,35283	55
9,35350	55
9,35417	55
9,35483	55
9,35550	55
9,35617	55
9,35683	55
9,35750	55
9,35817	55
9,35883	56
9,35950	56
9,36017	56
9,36083	56
9,36150	57
9,36217	57
9,36283	57
9,36350	57
9,36417	57
9,36483	57
9,36550	58
9,36617	58
9,36683	58
9,36750	58
9,36817	58
9,36883	58
9,36950	58
9,37017	58
9,37083	58
9,37150	58
9,37217	57
9,37283	57
9,37350	57
9,37417	57
9,37483	56
9,37550	56
9,37617	56
9,37683	56
9,37750	56
9,37817	56
9,37883	56
9,37950	56
9,38017	57
9,38083	57
9,38150	57
9,38217	57
9,38283	57
9,38350	57
9,38417	57
9,38483	57
9,38550	57
9,38617	57
9,38683	57
9,38750	57
9,38817	57
9,38883	57
9,38950	57
9,39017	57
9,39083	56
9,39150	56
9,39217	56
9,39283	56
9,39350	56
9,39417	56
9,39483	56
9,39550	56
9,39617	57
9,39683	57
9,39750	57
9,39817	57
9,39883	57
9,39950	57
9,40017	57
9,40083	57
9,40150	57
9,40217	57
9,40283	57
9,40350	57
9,40417	57
9,40483	57
9,40550	57
9,40617	57
9,40683	57
9,40750	57
9,40817	57
9,40883	56
9,40950	56
9,41017	56
9,41083	56
9,41150	56
9,41217	55
9,41283	55
9,41350	55
9,41417	54
9,41483	54
9,41550	54
9,41617	53
9,41683	53
9,41750	53
9,41817	53
9,41883	53
9,41950	53
9,42017	53
9,42083	53
9,42150	54
9,42217	54
9,42283	54
9,42350	55
9,42417	55
9,42483	56
9,42550	56
9,42617	57
9,42683	57
9,42750	57
9,42817	58
9,42883	58
9,42950	59
9,43017	59
9,43083	59
9,43150	60
9,43217	60
9,43283	60
9,43350	61
9,43417	61
9,43483	61
9,43550	61
9,43617	61
9,43683	61
9,43750	61
9,43817	61
9,43883	61
9,43950	60
9,44017	60
9,44083	60
9,44150	60
9,44217	60
9,44283	60
9,44350	60
9,44417	60
9,44483	60
9,44550	60
9,44617	60
9,44683	61
9,44750	61
9,44817	61
9,44883	61
9,44950	61
9,45017	61
9,45083	61
9,45150	62
9,45217	62
9,45283	62
9,45350	62
9,45417	62
9,45483	62
9,45550	61
9,45617	61
9,45683	61
9,45750	60
9,45817	60
9,45883	60
9,45950	59
9,46017	59
9,46083	59
9,46150	59
9,46217	59
9,46283	59
9,46350	59
9,46417	59
9,46483	59
9,46550	59
9,46617	59
9,46683	59
9,46750	59
9,46817	58
9,46883	58
9,46950	58
9,47017	58
9,47083	58
9,47150	58
9,47217	58
9,47283	58
9,47350	58
9,47417	58
9,47483	58
9,47550	58
9,47617	58
9,47683	58
9,47750	58
9,47817	58
9,47883	58
9,47950	58
9,48017	58
9,48083	58
9,48150	59
9,48217	59
9,48283	59
9,48350	59
9,48417	59
9,48483	59
9,48550	59
9,48617	59
9,48683	59
9,48750	59
9,48817	59
9,48883	59
9,48950	59
9,49017	59
9,49083	59
9,49150	59
9,49217	59
9,49283	58
9,49350	58
9,49417	58
9,49483	58
9,49550	58
9,49617	57
9,49683	57
9,49750	57
9,49817	57
9,49883	57
9,49950	57
9,50017	57
9,50083	57
9,50150	57
9,50217	57
9,50283	56
9,50350	56
9,50417	56
9,50483	56
9,50550	56
9,50617	56
9,50683	56
9,50750	56
9,50817	55
9,50883	55
9,50950	55
9,51017	55
9,51083	55
9,51150	55
9,51217	55
9,51283	55
9,51350	55
9,51417	55
9,51483	55
9,51550	55
9,51617	56
9,51683	56
9,51750	56
9,51817	56
9,51883	56
9,51950	56
9,52017	56
9,52083	56
9,52150	56
9,52217	56
9,52283	56
9,52350	56
9,52417	56
9,52483	56
9,52550	55
9,52617	55
9,52683	55
9,52750	55
9,52817	56
9,52883	56
9,52950	56
9,53017	56
9,53083	56
9,53150	56
9,53217	56
9,53283	55
9,53350	55
9,53417	55
9,53483	55
9,53550	55
9,53617	55
9,53683	55
9,53750	55
9,53817	56
9,53883	56
9,53950	56
9,54017	56
9,54083	56
9,54150	56
9,54217	56
9,54283	56
9,54350	56
9,54417	56
9,54483	57
9,54550	57
9,54617	56
9,54683	56
9,54750	56
9,54817	56
9,54883	56
9,54950	56
9,55017	56
9,55083	56
9,55150	56
9,55217	56
9,55283	56
9,55350	56
9,55417	56
9,55483	56
9,55550	56
9,55617	56
9,55683	55
9,55750	55
9,55817	55
9,55883	56
9,55950	56
9,56017	56
9,56083	56
9,56150	56
9,56217	57
9,56283	57
9,56350	58
9,56417	58
9,56483	59
9,56550	59
9,56617	60
9,56683	60
9,56750	61
9,56817	62
9,56883	63
9,56950	63
9,57017	64
9,57083	64
9,57150	63
9,57217	63
9,57283	62
9,57350	62
9,57417	61
9,57483	60
9,57550	60
9,57617	59
9,57683	59
9,57750	58
9,57817	58
9,57883	58
9,57950	57
9,58017	57
9,58083	57
9,58150	57
9,58217	57
9,58283	57
9,58350	57
9,58417	56
9,58483	56
9,58550	56
9,58617	56
9,58683	55
9,58750	55
9,58817	55
9,58883	55
9,58950	55
9,59017	55
9,59083	55
9,59150	55
9,59217	55
9,59283	54
9,59350	54
9,59417	54
9,59483	54
9,59550	54
9,59617	54
9,59683	54
9,59750	54
9,59817	54
9,59883	54
9,59950	54
9,60017	55
9,60083	55
9,60150	55
9,60217	56
9,60283	56
9,60350	57
9,60417	57
9,60483	58
9,60550	58
9,60617	58
9,60683	59
9,60750	59
9,60817	59
9,60883	60
9,60950	60
9,61017	60
9,61083	60
9,61150	61
9,61217	61
9,61283	61
9,61350	61
9,61417	61
9,61483	62
9,61550	62
9,61617	62
9,61683	62
9,61750	62
9,61817	61
9,61883	61
9,61950	61
9,62017	60
9,62083	60
9,62150	60
9,62217	59
9,62283	59
9,62350	59
9,62417	59
9,62483	59
9,62550	59
9,62617	59
9,62683	59
9,62750	58
9,62817	58
9,62883	58
9,62950	58
9,63017	59
9,63083	59
9,63150	60
9,63217	60
9,63283	61
9,63350	61
9,63417	61
9,63483	61
9,63550	61
9,63617	61
9,63683	61
9,63750	61
9,63817	60
9,63883	60
9,63950	60
9,64017	60
9,64083	59
9,64150	59
9,64217	59
9,64283	58
9,64350	58
9,64417	58
9,64483	58
9,64550	57
9,64617	57
9,64683	57
9,64750	57
9,64817	57
9,64883	57
9,64950	57
9,65017	57
9,65083	57
9,65150	56
9,65217	56
9,65283	56
9,65350	55
9,65417	55
9,65483	55
9,65550	55
9,65617	55
9,65683	55
9,65750	55
9,65817	55
9,65883	55
9,65950	55
9,66017	55
9,66083	55
9,66150	55
9,66217	55
9,66283	56
9,66350	56
9,66417	56
9,66483	56
9,66550	57
9,66617	57
9,66683	57
9,66750	57
9,66817	57
9,66883	57
9,66950	57
9,67017	58
9,67083	58
9,67150	58
9,67217	58
9,67283	58
9,67350	58
9,67417	58
9,67483	58
9,67550	57
9,67617	57
9,67683	57
9,67750	57
9,67817	57
9,67883	57
9,67950	57
9,68017	57
9,68083	58
9,68150	58
9,68217	58
9,68283	58
9,68350	58
9,68417	58
9,68483	59
9,68550	59
9,68617	59
9,68683	59
9,68750	59
9,68817	59
9,68883	60
9,68950	60
9,69017	60
9,69083	60
9,69150	60
9,69217	60
9,69283	60
9,69350	60
9,69417	59
9,69483	59
9,69550	59
9,69617	59
9,69683	59
9,69750	59
9,69817	60
9,69883	60
9,69950	60
9,70017	60
9,70083	60
9,70150	60
9,70217	60
9,70283	60
9,70350	60
9,70417	60
9,70483	60
9,70550	60
9,70617	60
9,70683	60
9,70750	61
9,70817	61
9,70883	61
9,70950	62
9,71017	62
9,71083	62
9,71150	62
9,71217	62
9,71283	62
9,71350	62
9,71417	62
9,71483	62
9,71550	62
9,71617	62
9,71683	62
9,71750	62
9,71817	62
9,71883	62
9,71950	63
9,72017	62
9,72083	63
9,72150	62
9,72217	62
9,72283	62
9,72350	62
9,72417	62
9,72483	62
9,72550	62
9,72617	62
9,72683	62
9,72750	62
9,72817	62
9,72883	61
9,72950	61
9,73017	61
9,73083	61
9,73150	62
9,73217	62
9,73283	62
9,73350	62
9,73417	62
9,73483	63
9,73550	63
9,73617	63
9,73683	63
9,73750	63
9,73817	64
9,73883	64
9,73950	65
9,74017	65
9,74083	66
9,74150	66
9,74217	66
9,74283	66
9,74350	66
9,74417	66
9,74483	66
9,74550	66
9,74617	66
9,74683	65
9,74750	65
9,74817	65
9,74883	65
9,74950	65
9,75017	66
9,75083	66
9,75150	66
9,75217	67
9,75283	67
9,75350	67
9,75417	68
9,75483	68
9,75550	68
9,75617	68
9,75683	68
9,75750	68
9,75817	68
9,75883	68
9,75950	68
9,76017	68
9,76083	68
9,76150	68
9,76217	68
9,76283	68
9,76350	68
9,76417	68
9,76483	68
9,76550	68
9,76617	68
9,76683	68
9,76750	68
9,76817	68
9,76883	68
9,76950	68
9,77017	68
9,77083	67
9,77150	67
9,77217	67
9,77283	67
9,77350	67
9,77417	67
9,77483	67
9,77550	66
9,77617	66
9,77683	66
9,77750	66
9,77817	66
9,77883	66
9,77950	66
9,78017	65
9,78083	65
9,78150	65
9,78217	65
9,78283	65
9,78350	65
9,78417	66
9,78483	66
9,78550	66
9,78617	67
9,78683	67
9,78750	67
9,78817	67
9,78883	67
9,78950	67
9,79017	67
9,79083	67
9,79150	67
9,79217	67
9,79283	67
9,79350	67
9,79417	67
9,79483	67
9,79550	67
9,79617	67
9,79683	67
9,79750	67
9,79817	66
9,79883	66
9,79950	66
9,80017	66
9,80083	66
9,80150	66
9,80217	66
9,80283	66
9,80350	66
9,80417	66
9,80483	66
9,80550	66
9,80617	66
9,80683	66
9,80750	66
9,80817	66
9,80883	66
9,80950	66
9,81017	66
9,81083	65
9,81150	65
9,81217	65
9,81283	65
9,81350	64
9,81417	64
9,81483	64
9,81550	64
9,81617	64
9,81683	64
9,81750	64
9,81817	64
9,81883	64
9,81950	64
9,82017	65
9,82083	65
9,82150	65
9,82217	65
9,82283	65
9,82350	65
9,82417	65
9,82483	65
9,82550	66
9,82617	66
9,82683	66
9,82750	66
9,82817	66
9,82883	66
9,82950	66
9,83017	66
9,83083	66
9,83150	66
9,83217	66
9,83283	66
9,83350	66
9,83417	66
9,83483	66
9,83550	65
9,83617	65
9,83683	65
9,83750	65
9,83817	65
9,83883	64
9,83950	64
9,84017	64
9,84083	64
9,84150	64
9,84217	63
9,84283	63
9,84350	63
9,84417	63
9,84483	63
9,84550	63
9,84617	63
9,84683	63
9,84750	64
9,84817	64
9,84883	64
9,84950	64
9,85017	63
9,85083	63
9,85150	63
9,85217	63
9,85283	63
9,85350	63
9,85417	63
9,85483	63
9,85550	64
9,85617	64
9,85683	64
9,85750	64
9,85817	64
9,85883	64
9,85950	64
9,86017	64
9,86083	64
9,86150	64
9,86217	64
9,86283	64
9,86350	64
9,86417	64
9,86483	64
9,86550	64
9,86617	64
9,86683	63
9,86750	63
9,86817	63
9,86883	63
9,86950	63
9,87017	63
9,87083	63
9,87150	63
9,87217	63
9,87283	63
9,87350	63
9,87417	63
9,87483	63
9,87550	63
9,87617	62
9,87683	62
9,87750	62
9,87817	62
9,87883	62
9,87950	62
9,88017	62
9,88083	62
9,88150	62
9,88217	63
9,88283	63
9,88350	63
9,88417	64
9,88483	64
9,88550	64
9,88617	64
9,88683	64
9,88750	64
9,88817	65
9,88883	65
9,88950	65
9,89017	65
9,89083	65
9,89150	65
9,89217	65
9,89283	65
9,89350	65
9,89417	65
9,89483	65
9,89550	64
9,89617	64
9,89683	64
9,89750	64
9,89817	64
9,89883	64
9,89950	64
9,90017	64
9,90083	64
9,90150	64
9,90217	65
9,90283	65
9,90350	66
9,90417	66
9,90483	67
9,90550	67
9,90617	67
9,90683	68
9,90750	68
9,90817	68
9,90883	69
9,90950	69
9,91017	69
9,91083	69
9,91150	69
9,91217	69
9,91283	70
9,91350	70
9,91417	70
9,91483	70
9,91550	71
9,91617	71
9,91683	71
9,91750	71
9,91817	71
9,91883	71
9,91950	71
9,92017	71
9,92083	72
9,92150	72
9,92217	72
9,92283	72
9,92350	72
9,92417	73
9,92483	73
9,92550	73
9,92617	73
9,92683	73
9,92750	73
9,92817	73
9,92883	73
9,92950	73
9,93017	73
9,93083	72
9,93150	72
9,93217	72
9,93283	72
9,93350	72
9,93417	71
9,93483	71
9,93550	71
9,93617	71
9,93683	71
9,93750	71
9,93817	71
9,93883	71
9,93950	70
9,94017	70
9,94083	70
9,94150	70
9,94217	69
9,94283	69
9,94350	69
9,94417	69
9,94483	69
9,94550	69
9,94617	69
9,94683	69
9,94750	69
9,94817	69
9,94883	69
9,94950	69
9,95017	69
9,95083	69
9,95150	69
9,95217	69
9,95283	69
9,95350	69
9,95417	69
9,95483	70
9,95550	70
9,95617	70
9,95683	70
9,95750	70
9,95817	70
9,95883	70
9,95950	70
9,96017	70
9,96083	70
9,96150	70
9,96217	70
9,96283	70
9,96350	70
9,96417	70
9,96483	70
9,96550	70
9,96617	70
9,96683	70
9,96750	70
9,96817	70
9,96883	70
9,96950	70
9,97017	70
9,97083	70
9,97150	70
9,97217	70
9,97283	70
9,97350	70
9,97417	70
9,97483	70
9,97550	70
9,97617	70
9,97683	71
9,97750	71
9,97817	72
9,97883	72
9,97950	73
9,98017	73
9,98083	74
9,98150	74
9,98217	75
9,98283	75
9,98350	75
9,98417	76
9,98483	76
9,98550	76
9,98617	77
9,98683	77
9,98750	77
9,98817	78
9,98883	78
9,98950	78
9,99017	78
9,99083	78
9,99150	78
9,99217	78
9,99283	78
9,99350	77
9,99417	77
9,99483	77
9,99550	77
9,99617	77
9,99683	77
9,99750	77
9,99817	78
9,99883	78
9,99950	78
10,00017	78
10,00083	79
10,00150	79
10,00217	79
10,00283	79
10,00350	79
10,00417	79
10,00483	79
10,00550	79
10,00617	79
10,00683	79
10,00750	79
10,00817	79
10,00883	79
10,00950	79
10,01017	79
10,01083	78
10,01150	78
10,01217	78
10,01283	78
10,01350	77
10,01417	77
10,01483	77
10,01550	77
10,01617	77
10,01683	77
10,01750	78
10,01817	78
10,01883	78
10,01950	78
10,02017	78
10,02083	78
10,02150	78
10,02217	78
10,02283	78
10,02350	78
10,02417	78
10,02483	78
10,02550	78
10,02617	78
10,02683	78
10,02750	78
10,02817	79
10,02883	79
10,02950	79
10,03017	79
10,03083	79
10,03150	79
10,03217	79
10,03283	79
10,03350	79
10,03417	79
10,03483	79
10,03550	79
10,03617	79
10,03683	79
10,03750	79
10,03817	78
10,03883	78
10,03950	78
10,04017	78
10,04083	78
10,04150	77
10,04217	77
10,04283	77
10,04350	76
10,04417	76
10,04483	75
10,04550	75
10,04617	74
10,04683	74
10,04750	74
10,04817	73
10,04883	73
10,04950	73
10,05017	72
10,05083	72
10,05150	72
10,05217	72
10,05283	71
10,05350	71
10,05417	71
10,05483	71
10,05550	71
10,05617	71
10,05683	70
10,05750	70
10,05817	70
10,05883	70
10,05950	70
10,06017	70
10,06083	70
10,06150	69
10,06217	69
10,06283	70
10,06350	70
10,06417	70
10,06483	69
10,06550	69
10,06617	69
10,06683	68
10,06750	68
10,06817	68
10,06883	68
10,06950	68
10,07017	68
10,07083	68
10,07150	68
10,07217	68
10,07283	69
10,07350	69
10,07417	69
10,07483	70
10,07550	70
10,07617	70
10,07683	70
10,07750	70
10,07817	70
10,07883	70
10,07950	70
10,08017	70
10,08083	71
10,08150	71
10,08217	71
10,08283	72
10,08350	72
10,08417	72
10,08483	72
10,08550	73
10,08617	73
10,08683	73
10,08750	73
10,08817	74
10,08883	74
10,08950	74
10,09017	75
10,09083	75
10,09150	75
10,09217	76
10,09283	76
10,09350	77
10,09417	77
10,09483	77
10,09550	77
10,09617	78
10,09683	78
10,09750	78
10,09817	78
10,09883	78
10,09950	78
10,10017	78
10,10083	79
10,10150	79
10,10217	79
10,10283	80
10,10350	80
10,10417	81
10,10483	81
10,10550	82
10,10617	82
10,10683	83
10,10750	83
10,10817	83
10,10883	84
10,10950	84
10,11017	84
10,11083	85
10,11150	85
10,11217	85
10,11283	86
10,11350	86
10,11417	87
10,11483	87
10,11550	87
10,11617	88
10,11683	88
10,11750	89
10,11817	89
10,11883	89
10,11950	89
10,12017	90
10,12083	90
10,12150	90
10,12217	91
10,12283	91
10,12350	91
10,12417	92
10,12483	92
10,12550	93
10,12617	94
10,12683	94
10,12750	95
10,12817	95
10,12883	96
10,12950	96
10,13017	96
10,13083	96
10,13150	97
10,13217	97
10,13283	97
10,13350	97
10,13417	98
10,13483	98
10,13550	98
10,13617	99
10,13683	99
10,13750	99
10,13817	100
10,13883	100
10,13950	101
10,14017	101
10,14083	101
10,14150	102
10,14217	102
10,14283	102
10,14350	102
10,14417	102
10,14483	102
10,14550	102
10,14617	102
10,14683	102
10,14750	102
10,14817	101
10,14883	101
10,14950	101
10,15017	100
10,15083	100
10,15150	100
10,15217	99
10,15283	99
10,15350	99
10,15417	98
10,15483	98
10,15550	98
10,15617	98
10,15683	97
10,15750	97
10,15817	97
10,15883	96
10,15950	96
10,16017	95
10,16083	95
10,16150	94
10,16217	94
10,16283	93
10,16350	93
10,16417	92
10,16483	92
10,16550	91
10,16617	91
10,16683	90
10,16750	89
10,16817	89
10,16883	88
10,16950	88
10,17017	87
10,17083	87
10,17150	86
10,17217	86
10,17283	86
10,17350	85
10,17417	85
10,17483	85
10,17550	84
10,17617	84
10,17683	84
10,17750	84
10,17817	84
10,17883	84
10,17950	84
10,18017	84
10,18083	84
10,18150	84
10,18217	84
10,18283	84
10,18350	85
10,18417	85
10,18483	85
10,18550	85
10,18617	85
10,18683	85
10,18750	85
10,18817	85
10,18883	86
10,18950	86
10,19017	87
10,19083	87
10,19150	87
10,19217	87
10,19283	88
10,19350	88
10,19417	88
10,19483	88
10,19550	88
10,19617	88
10,19683	88
10,19750	88
10,19817	88
10,19883	88
10,19950	88
10,20017	88
10,20083	88
10,20150	88
10,20217	88
10,20283	88
10,20350	88
10,20417	88
10,20483	88
10,20550	88
10,20617	88
10,20683	88
10,20750	88
10,20817	89
10,20883	89
10,20950	89
10,21017	89
10,21083	89
10,21150	89
10,21217	89
10,21283	89
10,21350	89
10,21417	89
10,21483	89
10,21550	88
10,21617	88
10,21683	88
10,21750	88
10,21817	88
10,21883	89
10,21950	89
10,22017	89
10,22083	89
10,22150	89
10,22217	90
10,22283	90
10,22350	90
10,22417	90
10,22483	90
10,22550	90
10,22617	90
10,22683	90
10,22750	90
10,22817	90
10,22883	89
10,22950	89
10,23017	89
10,23083	89
10,23150	90
10,23217	90
10,23283	89
10,23350	89
10,23417	89
10,23483	89
10,23550	89
10,23617	89
10,23683	89
10,23750	88
10,23817	88
10,23883	88
10,23950	88
10,24017	87
10,24083	87
10,24150	87
10,24217	87
10,24283	87
10,24350	87
10,24417	87
10,24483	87
10,24550	87
10,24617	87
10,24683	87
10,24750	87
10,24817	87
10,24883	87
10,24950	87
10,25017	87
10,25083	87
10,25150	87
10,25217	87
10,25283	87
10,25350	87
10,25417	87
10,25483	87
10,25550	87
10,25617	87
10,25683	87
10,25750	87
10,25817	87
10,25883	87
10,25950	86
10,26017	86
10,26083	86
10,26150	86
10,26217	86
10,26283	86
10,26350	86
10,26417	86
10,26483	86
10,26550	86
10,26617	86
10,26683	86
10,26750	86
10,26817	86
10,26883	86
10,26950	86
10,27017	86
10,27083	85
10,27150	85
10,27217	85
10,27283	86
10,27350	86
10,27417	86
10,27483	86
10,27550	86
10,27617	87
10,27683	87
10,27750	87
10,27817	88
10,27883	88
10,27950	88
10,28017	88
10,28083	88
10,28150	88
10,28217	89
10,28283	89
10,28350	89
10,28417	89
10,28483	88
10,28550	88
10,28617	88
10,28683	87
10,28750	87
10,28817	87
10,28883	86
10,28950	86
10,29017	86
10,29083	86
10,29150	86
10,29217	86
10,29283	86
10,29350	86
10,29417	86
10,29483	86
10,29550	86
10,29617	86
10,29683	87
10,29750	87
10,29817	87
10,29883	87
10,29950	87
10,30017	87
10,30083	87
10,30150	87
10,30217	87
10,30283	87
10,30350	87
10,30417	87
10,30483	87
10,30550	87
10,30617	87
10,30683	86
10,30750	86
10,30817	86
10,30883	85
10,30950	85
10,31017	85
10,31083	85
10,31150	85
10,31217	84
10,31283	84
10,31350	84
10,31417	85
10,31483	85
10,31550	85
10,31617	85
10,31683	85
10,31750	85
10,31817	86
10,31883	86
10,31950	86
10,32017	86
10,32083	86
10,32150	86
10,32217	87
10,32283	87
10,32350	87
10,32417	88
10,32483	88
10,32550	88
10,32617	88
10,32683	88
10,32750	88
10,32817	88
10,32883	88
10,32950	88
10,33017	88
10,33083	88
10,33150	88
10,33217	88
10,33283	88
10,33350	88
10,33417	88
10,33483	88
10,33550	88
10,33617	88
10,33683	88
10,33750	88
10,33817	88
10,33883	88
10,33950	88
10,34017	88
10,34083	88
10,34150	88
10,34217	88
10,34283	88
10,34350	88
10,34417	87
10,34483	87
10,34550	87
10,34617	87
10,34683	87
10,34750	87
10,34817	87
10,34883	87
10,34950	87
10,35017	86
10,35083	86
10,35150	86
10,35217	86
10,35283	86
10,35350	86
10,35417	86
10,35483	86
10,35550	86
10,35617	86
10,35683	86
10,35750	86
10,35817	86
10,35883	86
10,35950	86
10,36017	86
10,36083	86
10,36150	86
10,36217	86
10,36283	86
10,36350	86
10,36417	86
10,36483	86
10,36550	86
10,36617	86
10,36683	86
10,36750	85
10,36817	85
10,36883	85
10,36950	85
10,37017	85
10,37083	85
10,37150	85
10,37217	85
10,37283	85
10,37350	85
10,37417	85
10,37483	85
10,37550	85
10,37617	85
10,37683	84
10,37750	84
10,37817	84
10,37883	84
10,37950	84
10,38017	84
10,38083	84
10,38150	84
10,38217	83
10,38283	83
10,38350	83
10,38417	83
10,38483	83
10,38550	83
10,38617	83
10,38683	84
10,38750	84
10,38817	84
10,38883	84
10,38950	85
10,39017	85
10,39083	85
10,39150	86
10,39217	86
10,39283	87
10,39350	87
10,39417	88
10,39483	88
10,39550	88
10,39617	88
10,39683	89
10,39750	89
10,39817	89
10,39883	89
10,39950	89
10,40017	89
10,40083	89
10,40150	90
10,40217	90
10,40283	90
10,40350	90
10,40417	90
10,40483	90
10,40550	90
10,40617	90
10,40683	90
10,40750	90
10,40817	90
10,40883	90
10,40950	90
10,41017	90
10,41083	90
10,41150	90
10,41217	90
10,41283	91
10,41350	91
10,41417	91
10,41483	91
10,41550	91
10,41617	91
10,41683	91
10,41750	91
10,41817	91
10,41883	91
10,41950	91
10,42017	91
10,42083	91
10,42150	91
10,42217	91
10,42283	91
10,42350	91
10,42417	91
10,42483	91
10,42550	90
10,42617	90
10,42683	90
10,42750	90
10,42817	90
10,42883	89
10,42950	89
10,43017	89
10,43083	89
10,43150	89
10,43217	88
10,43283	88
10,43350	88
10,43417	88
10,43483	88
10,43550	88
10,43617	88
10,43683	88
10,43750	88
10,43817	88
10,43883	88
10,43950	88
10,44017	88
10,44083	88
10,44150	88
10,44217	88
10,44283	88
10,44350	88
10,44417	88
10,44483	88
10,44550	88
10,44617	88
10,44683	88
10,44750	88
10,44817	88
10,44883	88
10,44950	88
10,45017	88
10,45083	88
10,45150	87
10,45217	87
10,45283	87
10,45350	87
10,45417	87
10,45483	87
10,45550	87
10,45617	87
10,45683	87
10,45750	87
10,45817	87
10,45883	87
10,45950	87
10,46017	87
10,46083	87
10,46150	87
10,46217	87
10,46283	87
10,46350	87
10,46417	87
10,46483	87
10,46550	88
10,46617	88
10,46683	88
10,46750	88
10,46817	88
10,46883	88
10,46950	88
10,47017	88
10,47083	88
10,47150	89
10,47217	89
10,47283	89
10,47350	89
10,47417	89
10,47483	89
10,47550	89
10,47617	89
10,47683	89
10,47750	90
10,47817	90
10,47883	90
10,47950	90
10,48017	90
10,48083	90
10,48150	90
10,48217	90
10,48283	90
10,48350	90
10,48417	90
10,48483	90
10,48550	90
10,48617	90
10,48683	90
10,48750	90
10,48817	90
10,48883	90
10,48950	90
10,49017	90
10,49083	90
10,49150	90
10,49217	90
10,49283	90
10,49350	90
10,49417	90
10,49483	90
10,49550	90
10,49617	90
10,49683	90
10,49750	90
10,49817	90
10,49883	90
10,49950	90
10,50017	89
10,50083	89
10,50150	89
10,50217	90
10,50283	90
10,50350	90
10,50417	90
10,50483	90
10,50550	90
10,50617	90
10,50683	90
10,50750	90
10,50817	90
10,50883	90
10,50950	90
10,51017	90
10,51083	91
10,51150	91
10,51217	91
10,51283	91
10,51350	91
10,51417	91
10,51483	91
10,51550	91
10,51617	91
10,51683	91
10,51750	92
10,51817	92
10,51883	92
10,51950	92
10,52017	92
10,52083	92
10,52150	92
10,52217	92
10,52283	92
10,52350	93
10,52417	93
10,52483	93
10,52550	93
10,52617	93
10,52683	93
10,52750	94
10,52817	94
10,52883	94
10,52950	94
10,53017	94
10,53083	95
10,53150	95
10,53217	95
10,53283	95
10,53350	95
10,53417	95
10,53483	94
10,53550	94
10,53617	94
10,53683	94
10,53750	94
10,53817	93
10,53883	93
10,53950	93
10,54017	94
10,54083	94
10,54150	94
10,54217	94
10,54283	94
10,54350	94
10,54417	94
10,54483	94
10,54550	94
10,54617	93
10,54683	93
10,54750	93
10,54817	93
10,54883	92
10,54950	92
10,55017	92
10,55083	91
10,55150	91
10,55217	91
10,55283	90
10,55350	90
10,55417	90
10,55483	90
10,55550	89
10,55617	90
10,55683	90
10,55750	90
10,55817	90
10,55883	90
10,55950	90
10,56017	91
10,56083	91
10,56150	91
10,56217	91
10,56283	92
10,56350	92
10,56417	92
10,56483	93
10,56550	93
10,56617	93
10,56683	93
10,56750	93
10,56817	93
10,56883	93
10,56950	93
10,57017	94
10,57083	94
10,57150	94
10,57217	94
10,57283	94
10,57350	95
10,57417	95
10,57483	95
10,57550	95
10,57617	95
10,57683	95
10,57750	95
10,57817	95
10,57883	95
10,57950	94
10,58017	94
10,58083	94
10,58150	94
10,58217	94
10,58283	94
10,58350	94
10,58417	94
10,58483	94
10,58550	94
10,58617	94
10,58683	94
10,58750	94
10,58817	94
10,58883	94
10,58950	94
10,59017	94
10,59083	94
10,59150	94
10,59217	94
10,59283	94
10,59350	94
10,59417	94
10,59483	94
10,59550	94
10,59617	94
10,59683	94
10,59750	95
10,59817	95
10,59883	95
10,59950	95
10,60017	95
10,60083	95
10,60150	95
10,60217	95
10,60283	95
10,60350	95
10,60417	95
10,60483	95
10,60550	95
10,60617	95
10,60683	95
10,60750	96
10,60817	96
10,60883	96
10,60950	96
10,61017	97
10,61083	97
10,61150	97
10,61217	97
10,61283	98
10,61350	98
10,61417	98
10,61483	98
10,61550	98
10,61617	98
10,61683	98
10,61750	98
10,61817	98
10,61883	98
10,61950	98
10,62017	98
10,62083	97
10,62150	97
10,62217	97
10,62283	96
10,62350	96
10,62417	96
10,62483	96
10,62550	96
10,62617	96
10,62683	96
10,62750	96
10,62817	96
10,62883	96
10,62950	96
10,63017	95
10,63083	95
10,63150	95
10,63217	94
10,63283	94
10,63350	94
10,63417	94
10,63483	94
10,63550	94
10,63617	95
10,63683	95
10,63750	95
10,63817	95
10,63883	95
10,63950	95
10,64017	95
10,64083	95
10,64150	95
10,64217	95
10,64283	96
10,64350	96
10,64417	96
10,64483	96
10,64550	96
10,64617	96
10,64683	95
10,64750	95
10,64817	95
10,64883	95
10,64950	95
10,65017	95
10,65083	95
10,65150	95
10,65217	94
10,65283	94
10,65350	94
10,65417	94
10,65483	95
10,65550	95
10,65617	95
10,65683	95
10,65750	96
10,65817	96
10,65883	96
10,65950	96
10,66017	96
10,66083	96
10,66150	96
10,66217	96
10,66283	97
10,66350	97
10,66417	96
10,66483	96
10,66550	96
10,66617	97
10,66683	97
10,66750	97
10,66817	97
10,66883	96
10,66950	96
10,67017	96
10,67083	96
10,67150	96
10,67217	95
10,67283	95
10,67350	94
10,67417	94
10,67483	94
10,67550	93
10,67617	93
10,67683	93
10,67750	93
10,67817	93
10,67883	93
10,67950	93
10,68017	94
10,68083	94
10,68150	94
10,68217	94
10,68283	94
10,68350	95
10,68417	95
10,68483	95
10,68550	95
10,68617	95
10,68683	95
10,68750	96
10,68817	96
10,68883	96
10,68950	96
10,69017	96
10,69083	97
10,69150	97
10,69217	97
10,69283	97
10,69350	98
10,69417	98
10,69483	98
10,69550	98
10,69617	98
10,69683	98
10,69750	98
10,69817	98
10,69883	98
10,69950	98
10,70017	98
10,70083	98
10,70150	98
10,70217	98
10,70283	98
10,70350	98
10,70417	97
10,70483	97
10,70550	97
10,70617	97
10,70683	97
10,70750	96
10,70817	96
10,70883	96
10,70950	96
10,71017	96
10,71083	96
10,71150	96
10,71217	96
10,71283	96
10,71350	96
10,71417	96
10,71483	97
10,71550	97
10,71617	97
10,71683	98
10,71750	98
10,71817	98
10,71883	98
10,71950	98
10,72017	98
10,72083	98
10,72150	98
10,72217	98
10,72283	98
10,72350	98
10,72417	98
10,72483	98
10,72550	98
10,72617	99
10,72683	98
10,72750	98
10,72817	98
10,72883	98
10,72950	98
10,73017	98
10,73083	98
10,73150	98
10,73217	98
10,73283	98
10,73350	98
10,73417	98
10,73483	98
10,73550	98
10,73617	98
10,73683	98
10,73750	98
10,73817	98
10,73883	98
10,73950	98
10,74017	98
10,74083	98
10,74150	98
10,74217	97
10,74283	97
10,74350	97
10,74417	97
10,74483	98
10,74550	98
10,74617	98
10,74683	98
10,74750	98
10,74817	98
10,74883	97
10,74950	97
10,75017	97
10,75083	97
10,75150	96
10,75217	96
10,75283	96
10,75350	96
10,75417	96
10,75483	96
10,75550	96
10,75617	96
10,75683	96
10,75750	95
10,75817	95
10,75883	95
10,75950	95
10,76017	95
10,76083	95
10,76150	95
10,76217	95
10,76283	95
10,76350	95
10,76417	95
10,76483	95
10,76550	95
10,76617	95
10,76683	95
10,76750	95
10,76817	95
10,76883	95
10,76950	96
10,77017	96
10,77083	96
10,77150	96
10,77217	96
10,77283	96
10,77350	97
10,77417	97
10,77483	97
10,77550	97
10,77617	98
10,77683	98
10,77750	98
10,77817	97
10,77883	97
10,77950	97
10,78017	97
10,78083	96
10,78150	96
10,78217	95
10,78283	95
10,78350	95
10,78417	95
10,78483	94
10,78550	94
10,78617	94
10,78683	94
10,78750	94
10,78817	94
10,78883	94
10,78950	94
10,79017	94
10,79083	94
10,79150	94
10,79217	94
10,79283	94
10,79350	94
10,79417	94
10,79483	93
10,79550	93
10,79617	94
10,79683	94
10,79750	93
10,79817	94
10,79883	94
10,79950	94
10,80017	94
10,80083	94
10,80150	94
10,80217	94
10,80283	94
10,80350	94
10,80417	94
10,80483	94
10,80550	94
10,80617	95
10,80683	95
10,80750	95
10,80817	95
10,80883	95
10,80950	96
10,81017	96
10,81083	96
10,81150	96
10,81217	96
10,81283	96
10,81350	97
10,81417	97
10,81483	97
10,81550	97
10,81617	96
10,81683	96
10,81750	96
10,81817	96
10,81883	96
10,81950	97
10,82017	97
10,82083	97
10,82150	97
10,82217	97
10,82283	97
10,82350	97
10,82417	97
10,82483	97
10,82550	97
10,82617	96
10,82683	96
10,82750	97
10,82817	97
10,82883	97
10,82950	97
10,83017	97
10,83083	97
10,83150	97
10,83217	97
10,83283	96
10,83350	96
10,83417	96
10,83483	96
10,83550	95
10,83617	95
10,83683	95
10,83750	95
10,83817	94
10,83883	94
10,83950	94
10,84017	94
10,84083	95
10,84150	95
10,84217	95
10,84283	95
10,84350	95
10,84417	95
10,84483	95
10,84550	95
10,84617	95
10,84683	96
10,84750	96
10,84817	96
10,84883	96
10,84950	96
10,85017	97
10,85083	97
10,85150	97
10,85217	98
10,85283	98
10,85350	98
10,85417	98
10,85483	98
10,85550	98
10,85617	98
10,85683	98
10,85750	98
10,85817	98
10,85883	98
10,85950	98
10,86017	99
10,86083	99
10,86150	99
10,86217	98
10,86283	98
10,86350	98
10,86417	98
10,86483	98
10,86550	98
10,86617	98
10,86683	98
10,86750	98
10,86817	98
10,86883	98
10,86950	98
10,87017	98
10,87083	99
10,87150	99
10,87217	99
10,87283	100
10,87350	100
10,87417	100
10,87483	100
10,87550	100
10,87617	100
10,87683	100
10,87750	100
10,87817	100
10,87883	100
10,87950	100
10,88017	100
10,88083	101
10,88150	101
10,88217	101
10,88283	101
10,88350	101
10,88417	102
10,88483	102
10,88550	102
10,88617	102
10,88683	102
10,88750	103
10,88817	103
10,88883	103
10,88950	104
10,89017	104
10,89083	104
10,89150	104
10,89217	104
10,89283	104
10,89350	104
10,89417	104
10,89483	104
10,89550	104
10,89617	104
10,89683	104
10,89750	104
10,89817	103
10,89883	103
10,89950	102
10,90017	102
10,90083	102
10,90150	101
10,90217	101
10,90283	101
10,90350	101
10,90417	100
10,90483	100
10,90550	100
10,90617	100
10,90683	100
10,90750	100
10,90817	100
10,90883	100
10,90950	100
10,91017	100
10,91083	100
10,91150	99
10,91217	99
10,91283	99
10,91350	99
10,91417	99
10,91483	100
10,91550	100
10,91617	100
10,91683	100
10,91750	100
10,91817	100
10,91883	100
10,91950	100
10,92017	99
10,92083	99
10,92150	99
10,92217	99
10,92283	99
10,92350	99
10,92417	99
10,92483	99
10,92550	99
10,92617	99
10,92683	100
10,92750	100
10,92817	100
10,92883	100
10,92950	100
10,93017	101
10,93083	101
10,93150	101
10,93217	101
10,93283	101
10,93350	101
10,93417	101
10,93483	101
10,93550	101
10,93617	101
10,93683	101
10,93750	101
10,93817	101
10,93883	101
10,93950	101
10,94017	101
10,94083	101
10,94150	101
10,94217	101
10,94283	101
10,94350	101
10,94417	101
10,94483	101
10,94550	101
10,94617	101
10,94683	102
10,94750	102
10,94817	102
10,94883	102
10,94950	102
10,95017	102
10,95083	102
10,95150	102
10,95217	102
10,95283	102
10,95350	102
10,95417	101
10,95483	101
10,95550	101
10,95617	101
10,95683	101
10,95750	101
10,95817	101
10,95883	100
10,95950	100
10,96017	100
10,96083	100
10,96150	100
10,96217	100
10,96283	100
10,96350	100
10,96417	100
10,96483	100
10,96550	100
10,96617	100
10,96683	100
10,96750	100
10,96817	100
10,96883	100
10,96950	100
10,97017	101
10,97083	101
10,97150	100
10,97217	100
10,97283	100
10,97350	100
10,97417	100
10,97483	100
10,97550	100
10,97617	100
10,97683	100
10,97750	100
10,97817	100
10,97883	101
10,97950	101
10,98017	101
10,98083	101
10,98150	101
10,98217	101
10,98283	101
10,98350	101
10,98417	101
10,98483	101
10,98550	101
10,98617	101
10,98683	101
10,98750	101
10,98817	101
10,98883	102
10,98950	102
10,99017	102
10,99083	103
10,99150	103
10,99217	103
10,99283	103
10,99350	103
10,99417	103
10,99483	103
10,99550	103
10,99617	103
10,99683	103
10,99750	103
10,99817	103
10,99883	103
10,99950	104
11,00017	104
11,00083	104
11,00150	105
11,00217	105
11,00283	105
11,00350	106
11,00417	106
11,00483	107
11,00550	107
11,00617	107
11,00683	108
11,00750	109
11,00817	109
11,00883	110
11,00950	111
11,01017	112
11,01083	112
11,01150	113
11,01217	114
11,01283	115
11,01350	116
11,01417	117
11,01483	118
11,01550	119
11,01617	119
11,01683	120
11,01750	121
11,01817	121
11,01883	122
11,01950	122
11,02017	123
11,02083	124
11,02150	124
11,02217	125
11,02283	126
11,02350	126
11,02417	127
11,02483	127
11,02550	128
11,02617	129
11,02683	130
11,02750	131
11,02817	132
11,02883	132
11,02950	132
11,03017	133
11,03083	133
11,03150	133
11,03217	133
11,03283	133
11,03350	134
11,03417	134
11,03483	135
11,03550	135
11,03617	135
11,03683	136
11,03750	136
11,03817	136
11,03883	137
11,03950	137
11,04017	138
11,04083	138
11,04150	139
11,04217	139
11,04283	140
11,04350	141
11,04417	141
11,04483	142
11,04550	143
11,04617	144
11,04683	144
11,04750	145
11,04817	146
11,04883	147
11,04950	147
11,05017	148
11,05083	148
11,05150	149
11,05217	150
11,05283	150
11,05350	151
11,05417	152
11,05483	152
11,05550	153
11,05617	153
11,05683	153
11,05750	154
11,05817	154
11,05883	154
11,05950	154
11,06017	154
11,06083	154
11,06150	154
11,06217	154
11,06283	154
11,06350	154
11,06417	154
11,06483	154
11,06550	153
11,06617	153
11,06683	153
11,06750	152
11,06817	152
11,06883	151
11,06950	150
11,07017	149
11,07083	149
11,07150	148
11,07217	147
11,07283	146
11,07350	145
11,07417	144
11,07483	143
11,07550	142
11,07617	141
11,07683	140
11,07750	139
11,07817	138
11,07883	137
11,07950	136
11,08017	135
11,08083	134
11,08150	134
11,08217	133
11,08283	132
11,08350	131
11,08417	130
11,08483	130
11,08550	129
11,08617	127
11,08683	127
11,08750	126
11,08817	125
11,08883	125
11,08950	125
11,09017	125
11,09083	125
11,09150	124
11,09217	124
11,09283	124
11,09350	123
11,09417	123
11,09483	122
11,09550	122
11,09617	122
11,09683	121
11,09750	121
11,09817	121
11,09883	120
11,09950	120
11,10017	120
11,10083	119
11,10150	119
11,10217	118
11,10283	118
11,10350	117
11,10417	117
11,10483	117
11,10550	117
11,10617	117
11,10683	117
11,10750	117
11,10817	117
11,10883	117
11,10950	117
11,11017	117
11,11083	117
11,11150	116
11,11217	116
11,11283	116
11,11350	116
11,11417	115
11,11483	115
11,11550	115
11,11617	115
11,11683	115
11,11750	114
11,11817	114
11,11883	114
11,11950	114
11,12017	114
11,12083	114
11,12150	113
11,12217	113
11,12283	113
11,12350	113
11,12417	112
11,12483	112
11,12550	112
11,12617	112
11,12683	112
11,12750	112
11,12817	111
11,12883	111
11,12950	111
11,13017	111
11,13083	111
11,13150	110
11,13217	110
11,13283	110
11,13350	110
11,13417	110
11,13483	110
11,13550	109
11,13617	109
11,13683	109
11,13750	109
11,13817	108
11,13883	108
11,13950	108
11,14017	108
11,14083	108
11,14150	108
11,14217	108
11,14283	108
11,14350	108
11,14417	108
11,14483	108
11,14550	108
11,14617	108
11,14683	109
11,14750	109
11,14817	109
11,14883	109
11,14950	109
11,15017	109
11,15083	109
11,15150	109
11,15217	109
11,15283	109
11,15350	109
11,15417	109
11,15483	109
11,15550	109
11,15617	109
11,15683	109
11,15750	109
11,15817	109
11,15883	109
11,15950	109
11,16017	109
11,16083	109
11,16150	109
11,16217	109
11,16283	109
11,16350	109
11,16417	109
11,16483	109
11,16550	109
11,16617	109
11,16683	109
11,16750	109
11,16817	109
11,16883	109
11,16950	109
11,17017	109
11,17083	109
11,17150	109
11,17217	109
11,17283	109
11,17350	109
11,17417	109
11,17483	109
11,17550	109
11,17617	109
11,17683	109
11,17750	109
11,17817	109
11,17883	109
11,17950	108
11,18017	108
11,18083	108
11,18150	108
11,18217	108
11,18283	108
11,18350	108
11,18417	108
11,18483	108
11,18550	107
11,18617	107
11,18683	107
11,18750	107
11,18817	106
11,18883	106
11,18950	106
11,19017	105
11,19083	105
11,19150	105
11,19217	105
11,19283	104
11,19350	104
11,19417	104
11,19483	104
11,19550	105
11,19617	105
11,19683	105
11,19750	105
11,19817	105
11,19883	105
11,19950	105
11,20017	105
11,20083	105
11,20150	105
11,20217	105
11,20283	105
11,20350	105
11,20417	105
11,20483	105
11,20550	105
11,20617	105
11,20683	105
11,20750	104
11,20817	104
11,20883	104
11,20950	104
11,21017	104
11,21083	103
11,21150	103
11,21217	103
11,21283	103
11,21350	103
11,21417	103
11,21483	103
11,21550	103
11,21617	104
11,21683	104
11,21750	104
11,21817	104
11,21883	104
11,21950	104
11,22017	104
11,22083	104
11,22150	104
11,22217	103
11,22283	103
11,22350	103
11,22417	103
11,22483	103
11,22550	103
11,22617	103
11,22683	103
11,22750	103
11,22817	103
11,22883	103
11,22950	103
11,23017	103
11,23083	103
11,23150	103
11,23217	103
11,23283	103
11,23350	103
11,23417	103
11,23483	103
11,23550	103
11,23617	103
11,23683	103
11,23750	103
11,23817	104
11,23883	104
11,23950	104
11,24017	104
11,24083	104
11,24150	103
11,24217	103
11,24283	103
11,24350	103
11,24417	103
11,24483	103
11,24550	103
11,24617	103
11,24683	103
11,24750	103
11,24817	103
11,24883	103
11,24950	103
11,25017	103
11,25083	102
11,25150	102
11,25217	102
11,25283	102
11,25350	102
11,25417	102
11,25483	101
11,25550	101
11,25617	101
11,25683	102
11,25750	102
11,25817	102
11,25883	102
11,25950	103
11,26017	103
11,26083	103
11,26150	103
11,26217	103
11,26283	103
11,26350	103
11,26417	103
11,26483	103
11,26550	103
11,26617	103
11,26683	103
11,26750	103
11,26817	103
11,26883	103
11,26950	103
11,27017	103
11,27083	103
11,27150	103
11,27217	103
11,27283	103
11,27350	103
11,27417	103
11,27483	102
11,27550	102
11,27617	102
11,27683	102
11,27750	102
11,27817	102
11,27883	102
11,27950	102
11,28017	102
11,28083	102
11,28150	102
11,28217	102
11,28283	102
11,28350	102
11,28417	102
11,28483	102
11,28550	102
11,28617	102
11,28683	102
11,28750	101
11,28817	101
11,28883	101
11,28950	102
11,29017	102
11,29083	102
11,29150	102
11,29217	103
11,29283	103
11,29350	103
11,29417	104
11,29483	104
11,29550	104
11,29617	104
11,29683	104
11,29750	104
11,29817	104
11,29883	105
11,29950	105
11,30017	105
11,30083	105
11,30150	105
11,30217	104
11,30283	104
11,30350	104
11,30417	104
11,30483	104
11,30550	104
11,30617	103
11,30683	103
11,30750	103
11,30817	103
11,30883	103
11,30950	103
11,31017	103
11,31083	103
11,31150	103
11,31217	102
11,31283	102
11,31350	102
11,31417	102
11,31483	103
11,31550	103
11,31617	103
11,31683	103
11,31750	104
11,31817	104
11,31883	104
11,31950	104
11,32017	104
11,32083	104
11,32150	105
11,32217	105
11,32283	105
11,32350	106
11,32417	106
11,32483	106
11,32550	106
11,32617	107
11,32683	107
11,32750	106
11,32817	106
11,32883	106
11,32950	106
11,33017	106
11,33083	106
11,33150	106
11,33217	106
11,33283	106
11,33350	105
11,33417	105
11,33483	105
11,33550	104
11,33617	104
11,33683	103
11,33750	103
11,33817	103
11,33883	102
11,33950	102
11,34017	102
11,34083	101
11,34150	101
11,34217	101
11,34283	101
11,34350	101
11,34417	101
11,34483	101
11,34550	101
11,34617	102
11,34683	102
11,34750	102
11,34817	101
11,34883	101
11,34950	102
11,35017	102
11,35083	102
11,35150	102
11,35217	103
11,35283	103
11,35350	103
11,35417	104
11,35483	104
11,35550	104
11,35617	105
11,35683	105
11,35750	105
11,35817	106
11,35883	106
11,35950	106
11,36017	107
11,36083	107
11,36150	107
11,36217	107
11,36283	107
11,36350	107
11,36417	107
11,36483	107
11,36550	106
11,36617	106
11,36683	106
11,36750	106
11,36817	106
11,36883	106
11,36950	106
11,37017	106
11,37083	106
11,37150	106
11,37217	106
11,37283	106
11,37350	106
11,37417	106
11,37483	106
11,37550	106
11,37617	106
11,37683	106
11,37750	106
11,37817	106
11,37883	106
11,37950	106
11,38017	106
11,38083	106
11,38150	106
11,38217	106
11,38283	106
11,38350	107
11,38417	107
11,38483	107
11,38550	107
11,38617	107
11,38683	108
11,38750	108
11,38817	108
11,38883	108
11,38950	109
11,39017	109
11,39083	109
11,39150	109
11,39217	110
11,39283	110
11,39350	110
11,39417	111
11,39483	112
11,39550	112
11,39617	113
11,39683	114
11,39750	114
11,39817	114
11,39883	115
11,39950	115
11,40017	115
11,40083	115
11,40150	115
11,40217	116
11,40283	116
11,40350	116
11,40417	116
11,40483	116
11,40550	116
11,40617	116
11,40683	116
11,40750	116
11,40817	117
11,40883	117
11,40950	116
11,41017	116
11,41083	116
11,41150	116
11,41217	116
11,41283	115
11,41350	115
11,41417	115
11,41483	114
11,41550	114
11,41617	114
11,41683	114
11,41750	114
11,41817	113
11,41883	113
11,41950	113
11,42017	113
11,42083	112
11,42150	112
11,42217	111
11,42283	111
11,42350	111
11,42417	110
11,42483	110
11,42550	110
11,42617	110
11,42683	110
11,42750	110
11,42817	109
11,42883	109
11,42950	109
11,43017	108
11,43083	108
11,43150	108
11,43217	108
11,43283	107
11,43350	107
11,43417	107
11,43483	107
11,43550	107
11,43617	107
11,43683	107
11,43750	107
11,43817	107
11,43883	107
11,43950	107
11,44017	106
11,44083	106
11,44150	106
11,44217	106
11,44283	106
11,44350	106
11,44417	105
11,44483	105
11,44550	105
11,44617	105
11,44683	104
11,44750	104
11,44817	104
11,44883	104
11,44950	104
11,45017	104
11,45083	104
11,45150	103
11,45217	103
11,45283	103
11,45350	102
11,45417	102
11,45483	102
11,45550	102
11,45617	102
11,45683	102
11,45750	102
11,45817	102
11,45883	102
11,45950	102
11,46017	102
11,46083	102
11,46150	102
11,46217	103
11,46283	103
11,46350	103
11,46417	103
11,46483	103
11,46550	103
11,46617	104
11,46683	104
11,46750	104
11,46817	104
11,46883	105
11,46950	105
11,47017	105
11,47083	105
11,47150	105
11,47217	105
11,47283	104
11,47350	104
11,47417	104
11,47483	104
11,47550	104
11,47617	104
11,47683	104
11,47750	104
11,47817	104
11,47883	104
11,47950	104
11,48017	104
11,48083	104
11,48150	104
11,48217	104
11,48283	104
11,48350	104
11,48417	104
11,48483	104
11,48550	104
11,48617	104
11,48683	104
11,48750	104
11,48817	104
11,48883	104
11,48950	104
11,49017	104
11,49083	104
11,49150	104
11,49217	104
11,49283	103
11,49350	103
11,49417	103
11,49483	104
11,49550	104
11,49617	104
11,49683	104
11,49750	104
11,49817	104
11,49883	104
11,49950	104
11,50017	103
11,50083	104
11,50150	104
11,50217	104
11,50283	105
11,50350	105
11,50417	105
11,50483	105
11,50550	106
11,50617	106
11,50683	106
11,50750	106
11,50817	106
11,50883	106
11,50950	106
11,51017	107
11,51083	107
11,51150	107
11,51217	107
11,51283	107
11,51350	107
11,51417	107
11,51483	107
11,51550	107
11,51617	107
11,51683	107
11,51750	107
11,51817	107
11,51883	107
11,51950	107
11,52017	107
11,52083	108
11,52150	108
11,52217	108
11,52283	108
11,52350	108
11,52417	108
11,52483	108
11,52550	108
11,52617	108
11,52683	108
11,52750	107
11,52817	107
11,52883	107
11,52950	107
11,53017	107
11,53083	107
11,53150	107
11,53217	107
11,53283	107
11,53350	107
11,53417	107
11,53483	108
11,53550	108
11,53617	108
11,53683	108
11,53750	108
11,53817	108
11,53883	108
11,53950	108
11,54017	108
11,54083	108
11,54150	108
11,54217	108
11,54283	108
11,54350	107
11,54417	107
11,54483	107
11,54550	107
11,54617	107
11,54683	107
11,54750	107
11,54817	107
11,54883	107
11,54950	107
11,55017	107
11,55083	107
11,55150	107
11,55217	107
11,55283	107
11,55350	107
11,55417	107
11,55483	108
11,55550	108
11,55617	108
11,55683	108
11,55750	109
11,55817	109
11,55883	109
11,55950	109
11,56017	109
11,56083	109
11,56150	109
11,56217	109
11,56283	109
11,56350	109
11,56417	110
11,56483	110
11,56550	110
11,56617	110
11,56683	110
11,56750	109
11,56817	109
11,56883	109
11,56950	108
11,57017	108
11,57083	108
11,57150	107
11,57217	107
11,57283	107
11,57350	107
11,57417	106
11,57483	106
11,57550	106
11,57617	106
11,57683	105
11,57750	105
11,57817	105
11,57883	105
11,57950	105
11,58017	105
11,58083	105
11,58150	105
11,58217	106
11,58283	106
11,58350	106
11,58417	106
11,58483	106
11,58550	107
11,58617	107
11,58683	107
11,58750	108
11,58817	108
11,58883	108
11,58950	108
11,59017	108
11,59083	108
11,59150	108
11,59217	108
11,59283	108
11,59350	108
11,59417	108
11,59483	107
11,59550	107
11,59617	107
11,59683	107
11,59750	107
11,59817	107
11,59883	107
11,59950	107
11,60017	107
11,60083	107
11,60150	107
11,60217	106
11,60283	106
11,60350	106
11,60417	106
11,60483	106
11,60550	106
11,60617	105
11,60683	105
11,60750	105
11,60817	105
11,60883	105
11,60950	105
11,61017	105
11,61083	105
11,61150	105
11,61217	105
11,61283	105
11,61350	104
11,61417	104
11,61483	104
11,61550	104
11,61617	104
11,61683	103
11,61750	103
11,61817	103
11,61883	103
11,61950	103
11,62017	103
11,62083	103
11,62150	103
11,62217	103
11,62283	103
11,62350	103
11,62417	102
11,62483	102
11,62550	102
11,62617	102
11,62683	101
11,62750	101
11,62817	101
11,62883	101
11,62950	101
11,63017	101
11,63083	101
11,63150	101
11,63217	101
11,63283	101
11,63350	101
11,63417	100
11,63483	100
11,63550	100
11,63617	100
11,63683	100
11,63750	100
11,63817	100
11,63883	100
11,63950	100
11,64017	100
11,64083	100
11,64150	101
11,64217	101
11,64283	101
11,64350	101
11,64417	101
11,64483	101
11,64550	101
11,64617	101
11,64683	101
11,64750	101
11,64817	101
11,64883	101
11,64950	101
11,65017	101
11,65083	101
11,65150	101
11,65217	101
11,65283	102
11,65350	102
11,65417	102
11,65483	102
11,65550	102
11,65617	102
11,65683	103
11,65750	103
11,65817	103
11,65883	103
11,65950	103
11,66017	103
11,66083	104
11,66150	104
11,66217	104
11,66283	104
11,66350	104
11,66417	104
11,66483	105
11,66550	105
11,66617	105
11,66683	105
11,66750	104
11,66817	104
11,66883	104
11,66950	104
11,67017	104
11,67083	104
11,67150	104
11,67217	104
11,67283	104
11,67350	104
11,67417	104
11,67483	105
11,67550	105
11,67617	105
11,67683	104
11,67750	104
11,67817	104
11,67883	104
11,67950	104
11,68017	104
11,68083	104
11,68150	104
11,68217	104
11,68283	104
11,68350	104
11,68417	104
11,68483	104
11,68550	104
11,68617	104
11,68683	104
11,68750	103
11,68817	103
11,68883	103
11,68950	103
11,69017	103
11,69083	103
11,69150	104
11,69217	104
11,69283	104
11,69350	104
11,69417	104
11,69483	104
11,69550	104
11,69617	104
11,69683	104
11,69750	104
11,69817	104
11,69883	104
11,69950	104
11,70017	104
11,70083	104
11,70150	104
11,70217	104
11,70283	103
11,70350	103
11,70417	103
11,70483	103
11,70550	103
11,70617	103
11,70683	103
11,70750	103
11,70817	103
11,70883	103
11,70950	103
11,71017	103
11,71083	103
11,71150	103
11,71217	103
11,71283	103
11,71350	103
11,71417	103
11,71483	103
11,71550	103
11,71617	103
11,71683	103
11,71750	103
11,71817	103
11,71883	103
11,71950	103
11,72017	103
11,72083	102
11,72150	102
11,72217	102
11,72283	102
11,72350	102
11,72417	102
11,72483	102
11,72550	102
11,72617	102
11,72683	103
11,72750	103
11,72817	103
11,72883	103
11,72950	103
11,73017	103
11,73083	103
11,73150	103
11,73217	103
11,73283	103
11,73350	103
11,73417	102
11,73483	102
11,73550	102
11,73617	101
11,73683	101
11,73750	101
11,73817	101
11,73883	101
11,73950	100
11,74017	100
11,74083	99
11,74150	99
11,74217	99
11,74283	99
11,74350	98
11,74417	98
11,74483	98
11,74550	99
11,74617	99
11,74683	99
11,74750	99
11,74817	99
11,74883	99
11,74950	99
11,75017	99
11,75083	99
11,75150	99
11,75217	99
11,75283	99
11,75350	99
11,75417	99
11,75483	99
11,75550	99
11,75617	99
11,75683	98
11,75750	98
11,75817	98
11,75883	98
11,75950	98
11,76017	98
11,76083	98
11,76150	98
11,76217	98
11,76283	98
11,76350	98
11,76417	98
11,76483	98
11,76550	98
11,76617	98
11,76683	98
11,76750	98
11,76817	99
11,76883	99
11,76950	99
11,77017	99
11,77083	100
11,77150	100
11,77217	100
11,77283	100
11,77350	100
11,77417	100
11,77483	100
11,77550	100
11,77617	100
11,77683	100
11,77750	100
11,77817	100
11,77883	100
11,77950	100
11,78017	100
11,78083	100
11,78150	100
11,78217	101
11,78283	100
11,78350	100
11,78417	100
11,78483	100
11,78550	100
11,78617	101
11,78683	101
11,78750	101
11,78817	101
11,78883	101
11,78950	102
11,79017	102
11,79083	102
11,79150	103
11,79217	103
11,79283	103
11,79350	103
11,79417	103
11,79483	103
11,79550	103
11,79617	103
11,79683	104
11,79750	104
11,79817	104
11,79883	104
11,79950	104
11,80017	104
11,80083	104
11,80150	104
11,80217	104
11,80283	104
11,80350	103
11,80417	103
11,80483	103
11,80550	103
11,80617	102
11,80683	102
11,80750	102
11,80817	102
11,80883	102
11,80950	102
11,81017	102
11,81083	102
11,81150	102
11,81217	102
11,81283	102
11,81350	102
11,81417	102
11,81483	102
11,81550	102
11,81617	102
11,81683	102
11,81750	102
11,81817	102
11,81883	102
11,81950	103
11,82017	103
11,82083	103
11,82150	104
11,82217	104
11,82283	104
11,82350	104
11,82417	104
11,82483	104
11,82550	104
11,82617	104
11,82683	104
11,82750	103
11,82817	103
11,82883	103
11,82950	103
11,83017	103
11,83083	103
11,83150	103
11,83217	103
11,83283	103
11,83350	103
11,83417	103
11,83483	103
11,83550	102
11,83617	102
11,83683	102
11,83750	102
11,83817	102
11,83883	101
11,83950	101
11,84017	101
11,84083	101
11,84150	101
11,84217	101
11,84283	101
11,84350	101
11,84417	101
11,84483	101
11,84550	101
11,84617	101
11,84683	101
11,84750	101
11,84817	101
11,84883	101
11,84950	101
11,85017	101
11,85083	101
11,85150	101
11,85217	101
11,85283	101
11,85350	101
11,85417	101
11,85483	101
11,85550	101
11,85617	101
11,85683	101
11,85750	101
11,85817	101
11,85883	101
11,85950	102
11,86017	102
11,86083	102
11,86150	102
11,86217	103
11,86283	103
11,86350	103
11,86417	103
11,86483	103
11,86550	104
11,86617	104
11,86683	104
11,86750	104
11,86817	104
11,86883	104
11,86950	104
11,87017	104
11,87083	104
11,87150	105
11,87217	105
11,87283	105
11,87350	105
11,87417	105
11,87483	105
11,87550	106
11,87617	106
11,87683	106
11,87750	106
11,87817	106
11,87883	106
11,87950	106
11,88017	106
11,88083	106
11,88150	106
11,88217	106
11,88283	105
11,88350	105
11,88417	105
11,88483	105
11,88550	105
11,88617	105
11,88683	104
11,88750	104
11,88817	104
11,88883	104
11,88950	103
11,89017	103
11,89083	103
11,89150	103
11,89217	103
11,89283	102
11,89350	102
11,89417	102
11,89483	103
11,89550	103
11,89617	103
11,89683	103
11,89750	104
11,89817	104
11,89883	104
11,89950	104
11,90017	104
11,90083	104
11,90150	104
11,90217	104
11,90283	104
11,90350	104
11,90417	104
11,90483	104
11,90550	104
11,90617	104
11,90683	104
11,90750	104
11,90817	104
11,90883	104
11,90950	103
11,91017	104
11,91083	104
11,91150	104
11,91217	104
11,91283	104
11,91350	104
11,91417	104
11,91483	104
11,91550	104
11,91617	104
11,91683	104
11,91750	104
11,91817	104
11,91883	104
11,91950	104
11,92017	104
11,92083	104
11,92150	104
11,92217	104
11,92283	104
11,92350	105
11,92417	105
11,92483	105
11,92550	105
11,92617	105
11,92683	105
11,92750	105
11,92817	105
11,92883	105
11,92950	105
11,93017	106
11,93083	106
11,93150	106
11,93217	105
11,93283	105
11,93350	105
11,93417	105
11,93483	105
11,93550	105
11,93617	105
11,93683	105
11,93750	105
11,93817	105
11,93883	105
11,93950	105
11,94017	105
11,94083	105
11,94150	105
11,94217	105
11,94283	105
11,94350	104
11,94417	104
11,94483	104
11,94550	104
11,94617	104
11,94683	104
11,94750	104
11,94817	105
11,94883	105
11,94950	105
11,95017	105
11,95083	106
11,95150	106
11,95217	106
11,95283	106
11,95350	107
11,95417	107
11,95483	107
11,95550	107
11,95617	108
11,95683	108
11,95750	108
11,95817	108
11,95883	109
11,95950	109
11,96017	109
11,96083	109
11,96150	109
11,96217	109
11,96283	109
11,96350	109
11,96417	108
11,96483	108
11,96550	108
11,96617	108
11,96683	107
11,96750	107
11,96817	107
11,96883	107
11,96950	107
11,97017	107
11,97083	107
11,97150	107
11,97217	107
11,97283	106
11,97350	106
11,97417	106
11,97483	106
11,97550	105
11,97617	105
11,97683	105
11,97750	106
11,97817	106
11,97883	106
11,97950	106
11,98017	106
11,98083	106
11,98150	106
11,98217	107
11,98283	107
11,98350	107
11,98417	107
11,98483	107
11,98550	107
11,98617	107
11,98683	107
11,98750	107
11,98817	107
11,98883	107
11,98950	107
11,99017	107
11,99083	107
11,99150	107
11,99217	107
11,99283	108
11,99350	107
11,99417	107
11,99483	107
11,99550	107
11,99617	107
11,99683	106
11,99750	106
11,99817	106
11,99883	105
11,99950	105
12,00017	105
12,00083	105
12,00150	105
12,00217	105
12,00283	105
12,00350	105
12,00417	106
12,00483	106
12,00550	106
12,00617	106
12,00683	106
12,00750	106
12,00817	106
12,00883	106
12,00950	106
12,01017	106
12,01083	106
12,01150	105
12,01217	105
12,01283	105
12,01350	105
12,01417	105
12,01483	105
12,01550	105
12,01617	105
12,01683	104
12,01750	104
12,01817	104
12,01883	103
12,01950	103
12,02017	103
12,02083	103
12,02150	103
12,02217	103
12,02283	103
12,02350	104
12,02417	104
12,02483	104
12,02550	104
12,02617	103
12,02683	103
12,02750	103
12,02817	103
12,02883	103
12,02950	103
12,03017	103
12,03083	103
12,03150	103
12,03217	103
12,03283	103
12,03350	103
12,03417	103
12,03483	103
12,03550	103
12,03617	103
12,03683	103
12,03750	103
12,03817	103
12,03883	103
12,03950	103
12,04017	103
12,04083	103
12,04150	103
12,04217	103
12,04283	103
12,04350	103
12,04417	103
12,04483	103
12,04550	103
12,04617	103
12,04683	103
12,04750	103
12,04817	102
12,04883	102
12,04950	102
12,05017	101
12,05083	101
12,05150	100
12,05217	100
12,05283	100
12,05350	100
12,05417	100
12,05483	100
12,05550	100
12,05617	100
12,05683	101
12,05750	101
12,05817	101
12,05883	101
12,05950	101
12,06017	102
12,06083	102
12,06150	102
12,06217	102
12,06283	102
12,06350	102
12,06417	102
12,06483	102
12,06550	102
12,06617	102
12,06683	102
12,06750	102
12,06817	102
12,06883	102
12,06950	102
12,07017	102
12,07083	102
12,07150	102
12,07217	102
12,07283	102
12,07350	102
12,07417	102
12,07483	102
12,07550	102
12,07617	102
12,07683	102
12,07750	102
12,07817	102
12,07883	103
12,07950	103
12,08017	102
12,08083	102
12,08150	102
12,08217	102
12,08283	102
12,08350	102
12,08417	102
12,08483	102
12,08550	102
12,08617	102
12,08683	102
12,08750	102
12,08817	102
12,08883	103
12,08950	103
12,09017	103
12,09083	104
12,09150	104
12,09217	104
12,09283	104
12,09350	104
12,09417	104
12,09483	104
12,09550	104
12,09617	103
12,09683	103
12,09750	103
12,09817	103
12,09883	103
12,09950	103
12,10017	103
12,10083	103
12,10150	103
12,10217	102
12,10283	102
12,10350	102
12,10417	102
12,10483	102
12,10550	101
12,10617	101
12,10683	101
12,10750	101
12,10817	101
12,10883	101
12,10950	101
12,11017	101
12,11083	101
12,11150	102
12,11217	102
12,11283	102
12,11350	101
12,11417	101
12,11483	101
12,11550	101
12,11617	101
12,11683	101
12,11750	101
12,11817	101
12,11883	101
12,11950	101
12,12017	101
12,12083	101
12,12150	101
12,12217	100
12,12283	100
12,12350	100
12,12417	100
12,12483	100
12,12550	100
12,12617	100
12,12683	100
12,12750	100
12,12817	101
12,12883	101
12,12950	101
12,13017	101
12,13083	101
12,13150	101
12,13217	101
12,13283	102
12,13350	102
12,13417	102
12,13483	102
12,13550	102
12,13617	102
12,13683	102
12,13750	102
12,13817	102
12,13883	102
12,13950	102
12,14017	102
12,14083	102
12,14150	102
12,14217	102
12,14283	101
12,14350	101
12,14417	101
12,14483	101
12,14550	101
12,14617	101
12,14683	101
12,14750	101
12,14817	101
12,14883	101
12,14950	101
12,15017	101
12,15083	101
12,15150	101
12,15217	101
12,15283	101
12,15350	101
12,15417	101
12,15483	101
12,15550	100
12,15617	100
12,15683	100
12,15750	100
12,15817	100
12,15883	100
12,15950	100
12,16017	100
12,16083	101
12,16150	101
12,16217	101
12,16283	102
12,16350	102
12,16417	102
12,16483	102
12,16550	102
12,16617	102
12,16683	102
12,16750	101
12,16817	101
12,16883	101
12,16950	101
12,17017	101
12,17083	101
12,17150	101
12,17217	101
12,17283	101
12,17350	101
12,17417	101
12,17483	101
12,17550	101
12,17617	101
12,17683	101
12,17750	100
12,17817	100
12,17883	100
12,17950	99
12,18017	99
12,18083	99
12,18150	99
12,18217	99
12,18283	99
12,18350	99
12,18417	99
12,18483	99
12,18550	99
12,18617	99
12,18683	100
12,18750	100
12,18817	100
12,18883	100
12,18950	100
12,19017	100
12,19083	100
12,19150	100
12,19217	100
12,19283	100
12,19350	100
12,19417	101
12,19483	101
12,19550	101
12,19617	101
12,19683	102
12,19750	102
12,19817	102
12,19883	102
12,19950	103
12,20017	103
12,20083	103
12,20150	103
12,20217	103
12,20283	103
12,20350	103
12,20417	103
12,20483	103
12,20550	103
12,20617	103
12,20683	103
12,20750	103
12,20817	103
12,20883	102
12,20950	102
12,21017	102
12,21083	102
12,21150	102
12,21217	102
12,21283	102
12,21350	102
12,21417	102
12,21483	102
12,21550	102
12,21617	102
12,21683	103
12,21750	103
12,21817	103
12,21883	103
12,21950	103
12,22017	103
12,22083	103
12,22150	103
12,22217	103
12,22283	103
12,22350	103
12,22417	103
12,22483	103
12,22550	103
12,22617	103
12,22683	103
12,22750	103
12,22817	103
12,22883	103
12,22950	103
12,23017	103
12,23083	103
12,23150	104
12,23217	104
12,23283	104
12,23350	104
12,23417	104
12,23483	104
12,23550	104
12,23617	105
12,23683	105
12,23750	105
12,23817	106
12,23883	106
12,23950	106
12,24017	106
12,24083	105
12,24150	105
12,24217	105
12,24283	105
12,24350	105
12,24417	105
12,24483	105
12,24550	105
12,24617	105
12,24683	105
12,24750	105
12,24817	105
12,24883	105
12,24950	105
12,25017	105
12,25083	105
12,25150	105
12,25217	105
12,25283	104
12,25350	104
12,25417	104
12,25483	104
12,25550	104
12,25617	104
12,25683	103
12,25750	103
12,25817	103
12,25883	103
12,25950	103
12,26017	103
12,26083	103
12,26150	103
12,26217	103
12,26283	103
12,26350	102
12,26417	102
12,26483	101
12,26550	101
12,26617	101
12,26683	101
12,26750	101
12,26817	101
12,26883	102
12,26950	102
12,27017	102
12,27083	102
12,27150	102
12,27217	102
12,27283	102
12,27350	102
12,27417	102
12,27483	101
12,27550	101
12,27617	101
12,27683	100
12,27750	100
12,27817	100
12,27883	99
12,27950	99
12,28017	99
12,28083	99
12,28150	99
12,28217	99
12,28283	99
12,28350	100
12,28417	100
12,28483	100
12,28550	100
12,28617	99
12,28683	99
12,28750	99
12,28817	99
12,28883	100
12,28950	100
12,29017	100
12,29083	101
12,29150	101
12,29217	101
12,29283	101
12,29350	102
12,29417	102
12,29483	102
12,29550	102
12,29617	101
12,29683	102
12,29750	102
12,29817	102
12,29883	102
12,29950	102
12,30017	102
12,30083	102
12,30150	101
12,30217	101
12,30283	101
12,30350	101
12,30417	100
12,30483	100
12,30550	100
12,30617	99
12,30683	99
12,30750	99
12,30817	98
12,30883	98
12,30950	98
12,31017	98
12,31083	97
12,31150	97
12,31217	97
12,31283	97
12,31350	97
12,31417	97
12,31483	97
12,31550	97
12,31617	97
12,31683	97
12,31750	97
12,31817	97
12,31883	97
12,31950	96
12,32017	96
12,32083	96
12,32150	96
12,32217	96
12,32283	96
12,32350	96
12,32417	97
12,32483	97
12,32550	97
12,32617	97
12,32683	97
12,32750	97
12,32817	97
12,32883	97
12,32950	97
12,33017	97
12,33083	97
12,33150	97
12,33217	98
12,33283	98
12,33350	98
12,33417	98
12,33483	98
12,33550	99
12,33617	99
12,33683	98
12,33750	98
12,33817	98
12,33883	98
12,33950	98
12,34017	97
12,34083	97
12,34150	97
12,34217	97
12,34283	97
12,34350	97
12,34417	97
12,34483	97
12,34550	98
12,34617	98
12,34683	98
12,34750	98
12,34817	98
12,34883	98
12,34950	98
12,35017	98
12,35083	98
12,35150	98
12,35217	98
12,35283	98
12,35350	98
12,35417	98
12,35483	98
12,35550	98
12,35617	98
12,35683	98
12,35750	97
12,35817	97
12,35883	97
12,35950	97
12,36017	96
12,36083	96
12,36150	96
12,36217	96
12,36283	96
12,36350	96
12,36417	97
12,36483	97
12,36550	97
12,36617	97
12,36683	98
12,36750	98
12,36817	98
12,36883	98
12,36950	98
12,37017	99
12,37083	99
12,37150	99
12,37217	99
12,37283	99
12,37350	100
12,37417	100
12,37483	100
12,37550	100
12,37617	100
12,37683	100
12,37750	100
12,37817	100
12,37883	100
12,37950	100
12,38017	100
12,38083	100
12,38150	100
12,38217	100
12,38283	100
12,38350	100
12,38417	101
12,38483	101
12,38550	102
12,38617	102
12,38683	102
12,38750	103
12,38817	103
12,38883	103
12,38950	103
12,39017	104
12,39083	103
12,39150	103
12,39217	103
12,39283	103
12,39350	103
12,39417	102
12,39483	102
12,39550	102
12,39617	102
12,39683	103
12,39750	103
12,39817	103
12,39883	103
12,39950	103
12,40017	102
12,40083	102
12,40150	102
12,40217	102
12,40283	101
12,40350	101
12,40417	101
12,40483	101
12,40550	101
12,40617	101
12,40683	101
12,40750	101
12,40817	101
12,40883	101
12,40950	101
12,41017	101
12,41083	101
12,41150	101
12,41217	101
12,41283	102
12,41350	102
12,41417	102
12,41483	102
12,41550	102
12,41617	102
12,41683	102
12,41750	102
12,41817	102
12,41883	102
12,41950	102
12,42017	102
12,42083	102
12,42150	102
12,42217	102
12,42283	102
12,42350	102
12,42417	102
12,42483	102
12,42550	102
12,42617	102
12,42683	101
12,42750	101
12,42817	101
12,42883	101
12,42950	101
12,43017	101
12,43083	102
12,43150	102
12,43217	102
12,43283	102
12,43350	102
12,43417	101
12,43483	101
12,43550	101
12,43617	101
12,43683	101
12,43750	101
12,43817	101
12,43883	101
12,43950	101
12,44017	101
12,44083	101
12,44150	101
12,44217	101
12,44283	101
12,44350	101
12,44417	101
12,44483	101
12,44550	101
12,44617	101
12,44683	101
12,44750	101
12,44817	100
12,44883	100
12,44950	100
12,45017	100
12,45083	100
12,45150	101
12,45217	101
12,45283	101
12,45350	101
12,45417	100
12,45483	100
12,45550	100
12,45617	100
12,45683	99
12,45750	99
12,45817	99
12,45883	99
12,45950	98
12,46017	98
12,46083	98
12,46150	98
12,46217	99
12,46283	99
12,46350	99
12,46417	98
12,46483	98
12,46550	98
12,46617	98
12,46683	98
12,46750	97
12,46817	97
12,46883	97
12,46950	97
12,47017	97
12,47083	97
12,47150	97
12,47217	97
12,47283	97
12,47350	98
12,47417	98
12,47483	98
12,47550	98
12,47617	98
12,47683	98
12,47750	98
12,47817	98
12,47883	98
12,47950	98
12,48017	98
12,48083	98
12,48150	98
12,48217	98
12,48283	97
12,48350	97
12,48417	97
12,48483	96
12,48550	96
12,48617	96
12,48683	96
12,48750	96
12,48817	96
12,48883	96
12,48950	96
12,49017	96
12,49083	96
12,49150	96
12,49217	97
12,49283	97
12,49350	97
12,49417	97
12,49483	97
12,49550	97
12,49617	97
12,49683	97
12,49750	97
12,49817	97
12,49883	97
12,49950	97
12,50017	97
12,50083	97
12,50150	97
12,50217	98
12,50283	98
12,50350	98
12,50417	99
12,50483	99
12,50550	99
12,50617	99
12,50683	100
12,50750	100
12,50817	100
12,50883	100
12,50950	101
12,51017	101
12,51083	101
12,51150	101
12,51217	102
12,51283	102
12,51350	102
12,51417	103
12,51483	103
12,51550	103
12,51617	104
12,51683	104
12,51750	104
12,51817	103
12,51883	103
12,51950	103
12,52017	103
12,52083	103
12,52150	102
12,52217	102
12,52283	102
12,52350	101
12,52417	101
12,52483	101
12,52550	101
12,52617	101
12,52683	101
12,52750	101
12,52817	101
12,52883	101
12,52950	101
12,53017	101
12,53083	101
12,53150	101
12,53217	101
12,53283	101
12,53350	100
12,53417	100
12,53483	100
12,53550	100
12,53617	100
12,53683	99
12,53750	99
12,53817	100
12,53883	99
12,53950	99
12,54017	99
12,54083	99
12,54150	99
12,54217	99
12,54283	99
12,54350	99
12,54417	99
12,54483	99
12,54550	99
12,54617	99
12,54683	99
12,54750	99
12,54817	98
12,54883	98
12,54950	98
12,55017	97
12,55083	97
12,55150	97
12,55217	96
12,55283	96
12,55350	96
12,55417	96
12,55483	95
12,55550	95
12,55617	95
12,55683	96
12,55750	96
12,55817	96
12,55883	96
12,55950	96
12,56017	96
12,56083	96
12,56150	96
12,56217	96
12,56283	96
12,56350	96
12,56417	96
12,56483	96
12,56550	97
12,56617	97
12,56683	97
12,56750	97
12,56817	97
12,56883	97
12,56950	98
12,57017	97
12,57083	97
12,57150	97
12,57217	97
12,57283	97
12,57350	96
12,57417	96
12,57483	96
12,57550	96
12,57617	96
12,57683	95
12,57750	95
12,57817	95
12,57883	95
12,57950	95
12,58017	95
12,58083	95
12,58150	95
12,58217	95
12,58283	96
12,58350	96
12,58417	96
12,58483	95
12,58550	95
12,58617	95
12,58683	96
12,58750	96
12,58817	96
12,58883	96
12,58950	97
12,59017	97
12,59083	97
12,59150	97
12,59217	98
12,59283	98
12,59350	98
12,59417	99
12,59483	99
12,59550	99
12,59617	99
12,59683	99
12,59750	99
12,59817	98
12,59883	98
12,59950	98
12,60017	98
12,60083	97
12,60150	97
12,60217	97
12,60283	97
12,60350	97
12,60417	97
12,60483	97
12,60550	97
12,60617	97
12,60683	98
12,60750	98
12,60817	98
12,60883	99
12,60950	99
12,61017	99
12,61083	99
12,61150	100
12,61217	100
12,61283	101
12,61350	101
12,61417	101
12,61483	101
12,61550	102
12,61617	102
12,61683	102
12,61750	102
12,61817	102
12,61883	102
12,61950	103
12,62017	103
12,62083	103
12,62150	103
12,62217	104
12,62283	104
12,62350	104
12,62417	104
12,62483	104
12,62550	104
12,62617	104
12,62683	104
12,62750	104
12,62817	105
12,62883	106
12,62950	113

