[Header]
Application Name	LabSolutions
Version	5.97
Data File Name	G:\GC data\Mara\MWH_027\27.04.2026_MWH_027_t15m_048.gcd
Output Date	30.04.2026
Output Time	14:37:02

[File Information]
Type	Data File
Generated	28.04.2026 04:25:25
Generated by	System Administrator
Modified	30.04.2026 14:37:02
Modified by	System Administrator

[Sample Information]
Operator Name	System Administrator
Acquired	28.04.2026 04:28:32
Sample Type	0:Unknown
Level	0
Sample Name	MWH_027_t15m
Sample ID	
ISTD Amount1	1
ISTD Amount2	1
ISTD Amount3	1
ISTD Amount4	1
ISTD Amount5	1
ISTD Amount6	1
ISTD Amount7	1
ISTD Amount8	1
ISTD Amount9	1
ISTD Amount10	1
ISTD Amount11	1
ISTD Amount12	1
ISTD Amount13	1
ISTD Amount14	1
ISTD Amount15	1
ISTD Amount16	1
ISTD Amount17	1
ISTD Amount18	1
ISTD Amount19	1
ISTD Amount20	1
ISTD Amount21	1
ISTD Amount22	1
ISTD Amount23	1
ISTD Amount24	1
ISTD Amount25	1
ISTD Amount26	1
ISTD Amount27	1
ISTD Amount28	1
ISTD Amount29	1
ISTD Amount30	1
ISTD Amount31	1
ISTD Amount32	1
Sample Amount	1
Dilution Factor	1
Vial#	3
Injection Volume	0,2
Injection Count	1
Bar Code	

[Original Files]
Data File	G:\GC data\Mara\27.04.2026_MWH_027_t15m_048.gcd
Method File	G:\GC data\MWH3_60-150-200_0-2uL_split50.gcm
Batch File	G:\GC data\Mara\MWH_027-029.gcb
Report Format File	c:\LabSolutions\System\DEFAULT.lsr

[File Description]


[Configuration]
Instrument Name	GC-3
Instrument #	1
Line #	1
# of Detectors	1
Detector ID	DET#4
Detector Name	FID1
# of Channels	1

[Peak Table(Ch1)]
# of Peaks	7
Peak#	R.Time	I.Time	F.Time	Area	Height	A/H	Conc.	Mark	ID#	Name	k'	Plate #	Plate Ht.	Tailing	Resolution	Sep.Factor	Area Ratio	Height Ratio	Conc. %	Norm Conc.
1	1,338	1,279	1,498	451699	333527	1,354	0,000	SV 			0,000	23579	0,000	1,452	0,000	0,000	0	0	0,000	0,000
2	1,570	1,498	1,746	7118517	5258288	1,354	0,000	 V 			0,173	32959	0,000	1,380	6,674	0,000	0	0	0,000	0,000
3	1,898	1,853	2,007	440389	301380	1,461	0,000	   			0,418	42906	0,000	1,094	9,242	2,420	0	0	0,000	0,000
4	2,037	2,007	2,133	3064	2052	1,493	0,000	 V 			0,522	46776	0,000	1,384	3,747	1,248	0	0	0,000	0,000
5	2,680	2,642	2,861	923599	628780	1,469	0,000	   			1,003	83876	0,000	1,173	17,277	1,921	0	0	0,000	0,000
6	5,523	5,479	5,596	3443	2136	1,612	0,000	   			3,126	281551	0,000	1,330	72,479	3,119	0	0	0,000	0,000
7	7,545	7,476	8,106	1106208	495685	2,232	0,000	   			4,637	296429	0,000	0,863	41,764	1,483	0	0	0,000	0,000

[Chromatogram (Ch1)]
Interval(msec)	40
# of Points	18945
Start Time(min)	0,000
End Time(min)	12,630
R.Time (min)	Intensity
0,00017	-16
0,00083	-16
0,00150	-16
0,00217	-16
0,00283	-16
0,00350	-16
0,00417	-15
0,00483	-15
0,00550	-14
0,00617	-14
0,00683	-13
0,00750	-13
0,00817	-13
0,00883	-12
0,00950	-12
0,01017	-12
0,01083	-12
0,01150	-12
0,01217	-12
0,01283	-12
0,01350	-12
0,01417	-12
0,01483	-12
0,01550	-13
0,01617	-13
0,01683	-13
0,01750	-13
0,01817	-13
0,01883	-14
0,01950	-14
0,02017	-14
0,02083	-14
0,02150	-15
0,02217	-15
0,02283	-15
0,02350	-15
0,02417	-15
0,02483	-15
0,02550	-15
0,02617	-15
0,02683	-15
0,02750	-15
0,02817	-15
0,02883	-15
0,02950	-15
0,03017	-15
0,03083	-15
0,03150	-15
0,03217	-15
0,03283	-16
0,03350	-16
0,03417	-16
0,03483	-16
0,03550	-16
0,03617	-16
0,03683	-16
0,03750	-16
0,03817	-16
0,03883	-16
0,03950	-16
0,04017	-16
0,04083	-16
0,04150	-17
0,04217	-17
0,04283	-17
0,04350	-17
0,04417	-17
0,04483	-17
0,04550	-17
0,04617	-17
0,04683	-17
0,04750	-17
0,04817	-17
0,04883	-17
0,04950	-17
0,05017	-17
0,05083	-17
0,05150	-17
0,05217	-17
0,05283	-17
0,05350	-17
0,05417	-17
0,05483	-17
0,05550	-17
0,05617	-17
0,05683	-17
0,05750	-17
0,05817	-17
0,05883	-16
0,05950	-16
0,06017	-16
0,06083	-16
0,06150	-16
0,06217	-15
0,06283	-15
0,06350	-15
0,06417	-15
0,06483	-15
0,06550	-15
0,06617	-15
0,06683	-15
0,06750	-15
0,06817	-16
0,06883	-15
0,06950	-15
0,07017	-15
0,07083	-15
0,07150	-14
0,07217	-14
0,07283	-14
0,07350	-14
0,07417	-14
0,07483	-14
0,07550	-14
0,07617	-14
0,07683	-14
0,07750	-14
0,07817	-14
0,07883	-15
0,07950	-15
0,08017	-15
0,08083	-15
0,08150	-15
0,08217	-15
0,08283	-15
0,08350	-15
0,08417	-15
0,08483	-15
0,08550	-14
0,08617	-14
0,08683	-14
0,08750	-14
0,08817	-14
0,08883	-14
0,08950	-14
0,09017	-14
0,09083	-14
0,09150	-14
0,09217	-14
0,09283	-13
0,09350	-14
0,09417	-14
0,09483	-14
0,09550	-14
0,09617	-14
0,09683	-14
0,09750	-14
0,09817	-14
0,09883	-14
0,09950	-14
0,10017	-14
0,10083	-14
0,10150	-15
0,10217	-15
0,10283	-15
0,10350	-15
0,10417	-15
0,10483	-15
0,10550	-15
0,10617	-15
0,10683	-16
0,10750	-16
0,10817	-16
0,10883	-16
0,10950	-16
0,11017	-16
0,11083	-15
0,11150	-15
0,11217	-15
0,11283	-16
0,11350	-16
0,11417	-16
0,11483	-16
0,11550	-16
0,11617	-16
0,11683	-16
0,11750	-16
0,11817	-17
0,11883	-17
0,11950	-17
0,12017	-18
0,12083	-18
0,12150	-18
0,12217	-18
0,12283	-18
0,12350	-18
0,12417	-18
0,12483	-18
0,12550	-18
0,12617	-18
0,12683	-18
0,12750	-18
0,12817	-18
0,12883	-18
0,12950	-19
0,13017	-19
0,13083	-19
0,13150	-19
0,13217	-19
0,13283	-19
0,13350	-19
0,13417	-19
0,13483	-19
0,13550	-19
0,13617	-19
0,13683	-19
0,13750	-19
0,13817	-19
0,13883	-19
0,13950	-19
0,14017	-19
0,14083	-19
0,14150	-18
0,14217	-18
0,14283	-17
0,14350	-17
0,14417	-16
0,14483	-16
0,14550	-16
0,14617	-15
0,14683	-15
0,14750	-15
0,14817	-15
0,14883	-15
0,14950	-15
0,15017	-15
0,15083	-15
0,15150	-15
0,15217	-15
0,15283	-16
0,15350	-16
0,15417	-16
0,15483	-16
0,15550	-16
0,15617	-16
0,15683	-16
0,15750	-16
0,15817	-17
0,15883	-17
0,15950	-17
0,16017	-17
0,16083	-18
0,16150	-18
0,16217	-18
0,16283	-18
0,16350	-18
0,16417	-18
0,16483	-18
0,16550	-18
0,16617	-18
0,16683	-18
0,16750	-18
0,16817	-18
0,16883	-19
0,16950	-18
0,17017	-18
0,17083	-18
0,17150	-18
0,17217	-18
0,17283	-18
0,17350	-18
0,17417	-18
0,17483	-18
0,17550	-18
0,17617	-18
0,17683	-18
0,17750	-18
0,17817	-18
0,17883	-18
0,17950	-18
0,18017	-18
0,18083	-17
0,18150	-17
0,18217	-17
0,18283	-17
0,18350	-18
0,18417	-18
0,18483	-18
0,18550	-18
0,18617	-18
0,18683	-19
0,18750	-19
0,18817	-19
0,18883	-19
0,18950	-19
0,19017	-19
0,19083	-19
0,19150	-19
0,19217	-19
0,19283	-19
0,19350	-18
0,19417	-18
0,19483	-18
0,19550	-18
0,19617	-18
0,19683	-18
0,19750	-18
0,19817	-18
0,19883	-18
0,19950	-18
0,20017	-18
0,20083	-18
0,20150	-18
0,20217	-19
0,20283	-19
0,20350	-19
0,20417	-19
0,20483	-20
0,20550	-20
0,20617	-20
0,20683	-20
0,20750	-19
0,20817	-19
0,20883	-19
0,20950	-19
0,21017	-19
0,21083	-19
0,21150	-19
0,21217	-19
0,21283	-19
0,21350	-19
0,21417	-19
0,21483	-19
0,21550	-19
0,21617	-19
0,21683	-19
0,21750	-18
0,21817	-18
0,21883	-18
0,21950	-18
0,22017	-17
0,22083	-17
0,22150	-17
0,22217	-16
0,22283	-16
0,22350	-16
0,22417	-16
0,22483	-16
0,22550	-16
0,22617	-16
0,22683	-16
0,22750	-16
0,22817	-16
0,22883	-15
0,22950	-15
0,23017	-15
0,23083	-15
0,23150	-14
0,23217	-14
0,23283	-14
0,23350	-13
0,23417	-13
0,23483	-13
0,23550	-13
0,23617	-13
0,23683	-13
0,23750	-13
0,23817	-13
0,23883	-13
0,23950	-13
0,24017	-13
0,24083	-13
0,24150	-13
0,24217	-13
0,24283	-13
0,24350	-13
0,24417	-13
0,24483	-14
0,24550	-14
0,24617	-14
0,24683	-14
0,24750	-14
0,24817	-14
0,24883	-14
0,24950	-14
0,25017	-14
0,25083	-14
0,25150	-14
0,25217	-14
0,25283	-14
0,25350	-14
0,25417	-14
0,25483	-14
0,25550	-14
0,25617	-14
0,25683	-14
0,25750	-14
0,25817	-14
0,25883	-14
0,25950	-15
0,26017	-15
0,26083	-15
0,26150	-16
0,26217	-16
0,26283	-17
0,26350	-17
0,26417	-17
0,26483	-18
0,26550	-18
0,26617	-18
0,26683	-18
0,26750	-19
0,26817	-19
0,26883	-19
0,26950	-19
0,27017	-19
0,27083	-19
0,27150	-19
0,27217	-19
0,27283	-19
0,27350	-19
0,27417	-18
0,27483	-18
0,27550	-18
0,27617	-18
0,27683	-18
0,27750	-18
0,27817	-18
0,27883	-18
0,27950	-18
0,28017	-18
0,28083	-18
0,28150	-18
0,28217	-17
0,28283	-17
0,28350	-17
0,28417	-17
0,28483	-17
0,28550	-17
0,28617	-17
0,28683	-17
0,28750	-17
0,28817	-17
0,28883	-17
0,28950	-17
0,29017	-17
0,29083	-17
0,29150	-17
0,29217	-17
0,29283	-18
0,29350	-18
0,29417	-18
0,29483	-18
0,29550	-17
0,29617	-17
0,29683	-17
0,29750	-17
0,29817	-17
0,29883	-17
0,29950	-17
0,30017	-17
0,30083	-17
0,30150	-17
0,30217	-17
0,30283	-17
0,30350	-17
0,30417	-17
0,30483	-17
0,30550	-17
0,30617	-17
0,30683	-17
0,30750	-17
0,30817	-17
0,30883	-18
0,30950	-18
0,31017	-18
0,31083	-18
0,31150	-18
0,31217	-18
0,31283	-18
0,31350	-18
0,31417	-19
0,31483	-19
0,31550	-19
0,31617	-19
0,31683	-19
0,31750	-19
0,31817	-19
0,31883	-19
0,31950	-19
0,32017	-19
0,32083	-18
0,32150	-18
0,32217	-18
0,32283	-18
0,32350	-17
0,32417	-17
0,32483	-17
0,32550	-17
0,32617	-16
0,32683	-16
0,32750	-16
0,32817	-16
0,32883	-16
0,32950	-16
0,33017	-16
0,33083	-16
0,33150	-17
0,33217	-17
0,33283	-17
0,33350	-17
0,33417	-17
0,33483	-17
0,33550	-17
0,33617	-16
0,33683	-17
0,33750	-17
0,33817	-17
0,33883	-17
0,33950	-17
0,34017	-17
0,34083	-17
0,34150	-17
0,34217	-17
0,34283	-17
0,34350	-17
0,34417	-17
0,34483	-17
0,34550	-17
0,34617	-16
0,34683	-16
0,34750	-16
0,34817	-16
0,34883	-15
0,34950	-15
0,35017	-15
0,35083	-15
0,35150	-15
0,35217	-15
0,35283	-16
0,35350	-16
0,35417	-16
0,35483	-16
0,35550	-16
0,35617	-16
0,35683	-16
0,35750	-16
0,35817	-16
0,35883	-16
0,35950	-16
0,36017	-16
0,36083	-16
0,36150	-16
0,36217	-17
0,36283	-17
0,36350	-17
0,36417	-17
0,36483	-17
0,36550	-17
0,36617	-17
0,36683	-17
0,36750	-17
0,36817	-17
0,36883	-17
0,36950	-17
0,37017	-17
0,37083	-18
0,37150	-18
0,37217	-18
0,37283	-18
0,37350	-18
0,37417	-18
0,37483	-19
0,37550	-19
0,37617	-19
0,37683	-19
0,37750	-20
0,37817	-20
0,37883	-20
0,37950	-20
0,38017	-19
0,38083	-19
0,38150	-19
0,38217	-19
0,38283	-19
0,38350	-19
0,38417	-19
0,38483	-19
0,38550	-19
0,38617	-19
0,38683	-19
0,38750	-19
0,38817	-19
0,38883	-18
0,38950	-18
0,39017	-18
0,39083	-18
0,39150	-18
0,39217	-18
0,39283	-18
0,39350	-18
0,39417	-18
0,39483	-18
0,39550	-18
0,39617	-17
0,39683	-17
0,39750	-17
0,39817	-17
0,39883	-17
0,39950	-18
0,40017	-18
0,40083	-18
0,40150	-18
0,40217	-17
0,40283	-17
0,40350	-17
0,40417	-17
0,40483	-17
0,40550	-18
0,40617	-18
0,40683	-18
0,40750	-17
0,40817	-17
0,40883	-17
0,40950	-17
0,41017	-17
0,41083	-17
0,41150	-17
0,41217	-17
0,41283	-17
0,41350	-17
0,41417	-17
0,41483	-17
0,41550	-17
0,41617	-17
0,41683	-17
0,41750	-17
0,41817	-17
0,41883	-17
0,41950	-17
0,42017	-17
0,42083	-17
0,42150	-17
0,42217	-18
0,42283	-18
0,42350	-18
0,42417	-17
0,42483	-17
0,42550	-17
0,42617	-17
0,42683	-17
0,42750	-16
0,42817	-16
0,42883	-15
0,42950	-15
0,43017	-15
0,43083	-14
0,43150	-14
0,43217	-14
0,43283	-13
0,43350	-13
0,43417	-13
0,43483	-13
0,43550	-13
0,43617	-13
0,43683	-13
0,43750	-13
0,43817	-13
0,43883	-14
0,43950	-14
0,44017	-14
0,44083	-14
0,44150	-14
0,44217	-14
0,44283	-14
0,44350	-14
0,44417	-15
0,44483	-15
0,44550	-15
0,44617	-16
0,44683	-16
0,44750	-16
0,44817	-17
0,44883	-17
0,44950	-17
0,45017	-17
0,45083	-17
0,45150	-17
0,45217	-17
0,45283	-17
0,45350	-17
0,45417	-17
0,45483	-17
0,45550	-17
0,45617	-17
0,45683	-17
0,45750	-17
0,45817	-17
0,45883	-17
0,45950	-17
0,46017	-17
0,46083	-17
0,46150	-17
0,46217	-16
0,46283	-16
0,46350	-16
0,46417	-15
0,46483	-15
0,46550	-15
0,46617	-15
0,46683	-15
0,46750	-14
0,46817	-14
0,46883	-14
0,46950	-14
0,47017	-14
0,47083	-15
0,47150	-15
0,47217	-15
0,47283	-15
0,47350	-15
0,47417	-15
0,47483	-16
0,47550	-16
0,47617	-16
0,47683	-16
0,47750	-16
0,47817	-16
0,47883	-16
0,47950	-16
0,48017	-16
0,48083	-16
0,48150	-17
0,48217	-17
0,48283	-16
0,48350	-16
0,48417	-16
0,48483	-16
0,48550	-16
0,48617	-16
0,48683	-16
0,48750	-17
0,48817	-17
0,48883	-17
0,48950	-17
0,49017	-17
0,49083	-17
0,49150	-18
0,49217	-18
0,49283	-18
0,49350	-18
0,49417	-19
0,49483	-19
0,49550	-19
0,49617	-19
0,49683	-19
0,49750	-19
0,49817	-19
0,49883	-19
0,49950	-19
0,50017	-20
0,50083	-20
0,50150	-20
0,50217	-20
0,50283	-20
0,50350	-20
0,50417	-20
0,50483	-19
0,50550	-19
0,50617	-19
0,50683	-19
0,50750	-19
0,50817	-19
0,50883	-19
0,50950	-19
0,51017	-19
0,51083	-19
0,51150	-19
0,51217	-19
0,51283	-19
0,51350	-19
0,51417	-18
0,51483	-18
0,51550	-18
0,51617	-18
0,51683	-18
0,51750	-18
0,51817	-18
0,51883	-18
0,51950	-18
0,52017	-17
0,52083	-17
0,52150	-18
0,52217	-18
0,52283	-18
0,52350	-18
0,52417	-18
0,52483	-19
0,52550	-19
0,52617	-18
0,52683	-18
0,52750	-18
0,52817	-18
0,52883	-18
0,52950	-18
0,53017	-17
0,53083	-17
0,53150	-17
0,53217	-17
0,53283	-16
0,53350	-16
0,53417	-16
0,53483	-16
0,53550	-16
0,53617	-15
0,53683	-15
0,53750	-15
0,53817	-15
0,53883	-15
0,53950	-15
0,54017	-15
0,54083	-14
0,54150	-14
0,54217	-14
0,54283	-14
0,54350	-15
0,54417	-15
0,54483	-15
0,54550	-15
0,54617	-15
0,54683	-16
0,54750	-16
0,54817	-16
0,54883	-16
0,54950	-16
0,55017	-16
0,55083	-16
0,55150	-15
0,55217	-15
0,55283	-15
0,55350	-15
0,55417	-15
0,55483	-15
0,55550	-15
0,55617	-15
0,55683	-15
0,55750	-15
0,55817	-15
0,55883	-16
0,55950	-16
0,56017	-16
0,56083	-16
0,56150	-16
0,56217	-16
0,56283	-16
0,56350	-16
0,56417	-16
0,56483	-16
0,56550	-16
0,56617	-16
0,56683	-16
0,56750	-16
0,56817	-16
0,56883	-16
0,56950	-16
0,57017	-16
0,57083	-16
0,57150	-16
0,57217	-15
0,57283	-15
0,57350	-15
0,57417	-15
0,57483	-15
0,57550	-15
0,57617	-15
0,57683	-15
0,57750	-15
0,57817	-15
0,57883	-15
0,57950	-15
0,58017	-15
0,58083	-15
0,58150	-15
0,58217	-15
0,58283	-15
0,58350	-15
0,58417	-15
0,58483	-15
0,58550	-16
0,58617	-16
0,58683	-16
0,58750	-16
0,58817	-16
0,58883	-16
0,58950	-16
0,59017	-16
0,59083	-15
0,59150	-15
0,59217	-15
0,59283	-15
0,59350	-15
0,59417	-15
0,59483	-16
0,59550	-16
0,59617	-16
0,59683	-16
0,59750	-16
0,59817	-16
0,59883	-16
0,59950	-16
0,60017	-17
0,60083	-17
0,60150	-17
0,60217	-17
0,60283	-17
0,60350	-17
0,60417	-17
0,60483	-17
0,60550	-16
0,60617	-16
0,60683	-16
0,60750	-16
0,60817	-16
0,60883	-16
0,60950	-16
0,61017	-16
0,61083	-15
0,61150	-15
0,61217	-16
0,61283	-16
0,61350	-16
0,61417	-16
0,61483	-16
0,61550	-16
0,61617	-16
0,61683	-17
0,61750	-17
0,61817	-17
0,61883	-17
0,61950	-17
0,62017	-17
0,62083	-17
0,62150	-17
0,62217	-17
0,62283	-17
0,62350	-17
0,62417	-17
0,62483	-17
0,62550	-17
0,62617	-17
0,62683	-17
0,62750	-17
0,62817	-17
0,62883	-17
0,62950	-17
0,63017	-17
0,63083	-17
0,63150	-17
0,63217	-16
0,63283	-16
0,63350	-16
0,63417	-16
0,63483	-16
0,63550	-16
0,63617	-16
0,63683	-15
0,63750	-15
0,63817	-15
0,63883	-15
0,63950	-15
0,64017	-15
0,64083	-14
0,64150	-14
0,64217	-14
0,64283	-13
0,64350	-13
0,64417	-13
0,64483	-13
0,64550	-13
0,64617	-13
0,64683	-13
0,64750	-13
0,64817	-13
0,64883	-13
0,64950	-13
0,65017	-13
0,65083	-13
0,65150	-13
0,65217	-13
0,65283	-13
0,65350	-13
0,65417	-13
0,65483	-13
0,65550	-13
0,65617	-13
0,65683	-13
0,65750	-12
0,65817	-12
0,65883	-12
0,65950	-12
0,66017	-13
0,66083	-13
0,66150	-13
0,66217	-13
0,66283	-13
0,66350	-13
0,66417	-12
0,66483	-12
0,66550	-12
0,66617	-12
0,66683	-12
0,66750	-11
0,66817	-11
0,66883	-11
0,66950	-11
0,67017	-11
0,67083	-11
0,67150	-11
0,67217	-11
0,67283	-11
0,67350	-11
0,67417	-11
0,67483	-11
0,67550	-12
0,67617	-12
0,67683	-12
0,67750	-12
0,67817	-12
0,67883	-12
0,67950	-12
0,68017	-12
0,68083	-12
0,68150	-12
0,68217	-12
0,68283	-12
0,68350	-12
0,68417	-12
0,68483	-12
0,68550	-12
0,68617	-12
0,68683	-12
0,68750	-13
0,68817	-13
0,68883	-13
0,68950	-13
0,69017	-13
0,69083	-13
0,69150	-13
0,69217	-13
0,69283	-13
0,69350	-13
0,69417	-13
0,69483	-13
0,69550	-13
0,69617	-13
0,69683	-13
0,69750	-13
0,69817	-13
0,69883	-13
0,69950	-13
0,70017	-13
0,70083	-13
0,70150	-12
0,70217	-12
0,70283	-12
0,70350	-12
0,70417	-12
0,70483	-12
0,70550	-12
0,70617	-12
0,70683	-12
0,70750	-12
0,70817	-13
0,70883	-13
0,70950	-13
0,71017	-13
0,71083	-13
0,71150	-13
0,71217	-13
0,71283	-13
0,71350	-13
0,71417	-13
0,71483	-14
0,71550	-14
0,71617	-14
0,71683	-14
0,71750	-15
0,71817	-15
0,71883	-15
0,71950	-15
0,72017	-16
0,72083	-16
0,72150	-16
0,72217	-16
0,72283	-16
0,72350	-16
0,72417	-16
0,72483	-16
0,72550	-16
0,72617	-16
0,72683	-16
0,72750	-16
0,72817	-16
0,72883	-16
0,72950	-16
0,73017	-16
0,73083	-17
0,73150	-17
0,73217	-17
0,73283	-17
0,73350	-17
0,73417	-17
0,73483	-17
0,73550	-17
0,73617	-17
0,73683	-17
0,73750	-17
0,73817	-17
0,73883	-17
0,73950	-17
0,74017	-17
0,74083	-17
0,74150	-17
0,74217	-17
0,74283	-17
0,74350	-16
0,74417	-16
0,74483	-16
0,74550	-16
0,74617	-15
0,74683	-15
0,74750	-15
0,74817	-15
0,74883	-15
0,74950	-15
0,75017	-15
0,75083	-15
0,75150	-15
0,75217	-14
0,75283	-14
0,75350	-14
0,75417	-14
0,75483	-14
0,75550	-14
0,75617	-14
0,75683	-14
0,75750	-14
0,75817	-14
0,75883	-15
0,75950	-15
0,76017	-15
0,76083	-15
0,76150	-15
0,76217	-15
0,76283	-15
0,76350	-15
0,76417	-15
0,76483	-15
0,76550	-15
0,76617	-15
0,76683	-15
0,76750	-15
0,76817	-15
0,76883	-15
0,76950	-15
0,77017	-15
0,77083	-15
0,77150	-15
0,77217	-15
0,77283	-15
0,77350	-15
0,77417	-15
0,77483	-15
0,77550	-15
0,77617	-15
0,77683	-15
0,77750	-15
0,77817	-15
0,77883	-15
0,77950	-15
0,78017	-15
0,78083	-15
0,78150	-15
0,78217	-15
0,78283	-16
0,78350	-16
0,78417	-16
0,78483	-17
0,78550	-17
0,78617	-18
0,78683	-18
0,78750	-18
0,78817	-19
0,78883	-19
0,78950	-20
0,79017	-20
0,79083	-21
0,79150	-21
0,79217	-21
0,79283	-21
0,79350	-21
0,79417	-21
0,79483	-21
0,79550	-21
0,79617	-21
0,79683	-21
0,79750	-21
0,79817	-21
0,79883	-21
0,79950	-21
0,80017	-22
0,80083	-22
0,80150	-22
0,80217	-22
0,80283	-22
0,80350	-22
0,80417	-22
0,80483	-22
0,80550	-22
0,80617	-22
0,80683	-22
0,80750	-22
0,80817	-22
0,80883	-22
0,80950	-22
0,81017	-22
0,81083	-22
0,81150	-22
0,81217	-22
0,81283	-22
0,81350	-22
0,81417	-21
0,81483	-21
0,81550	-21
0,81617	-21
0,81683	-21
0,81750	-21
0,81817	-21
0,81883	-21
0,81950	-21
0,82017	-21
0,82083	-21
0,82150	-21
0,82217	-21
0,82283	-21
0,82350	-21
0,82417	-21
0,82483	-21
0,82550	-21
0,82617	-21
0,82683	-21
0,82750	-21
0,82817	-21
0,82883	-21
0,82950	-21
0,83017	-20
0,83083	-20
0,83150	-20
0,83217	-20
0,83283	-20
0,83350	-20
0,83417	-21
0,83483	-21
0,83550	-21
0,83617	-21
0,83683	-21
0,83750	-21
0,83817	-21
0,83883	-21
0,83950	-21
0,84017	-21
0,84083	-21
0,84150	-21
0,84217	-21
0,84283	-21
0,84350	-22
0,84417	-22
0,84483	-22
0,84550	-23
0,84617	-23
0,84683	-23
0,84750	-23
0,84817	-23
0,84883	-23
0,84950	-22
0,85017	-22
0,85083	-22
0,85150	-22
0,85217	-22
0,85283	-22
0,85350	-22
0,85417	-22
0,85483	-21
0,85550	-21
0,85617	-21
0,85683	-21
0,85750	-21
0,85817	-21
0,85883	-21
0,85950	-21
0,86017	-21
0,86083	-21
0,86150	-21
0,86217	-21
0,86283	-21
0,86350	-21
0,86417	-21
0,86483	-22
0,86550	-22
0,86617	-22
0,86683	-22
0,86750	-23
0,86817	-23
0,86883	-23
0,86950	-23
0,87017	-23
0,87083	-24
0,87150	-24
0,87217	-24
0,87283	-24
0,87350	-24
0,87417	-24
0,87483	-24
0,87550	-23
0,87617	-23
0,87683	-23
0,87750	-23
0,87817	-23
0,87883	-23
0,87950	-23
0,88017	-23
0,88083	-23
0,88150	-23
0,88217	-23
0,88283	-22
0,88350	-22
0,88417	-22
0,88483	-22
0,88550	-22
0,88617	-22
0,88683	-22
0,88750	-21
0,88817	-21
0,88883	-21
0,88950	-21
0,89017	-21
0,89083	-22
0,89150	-22
0,89217	-22
0,89283	-22
0,89350	-22
0,89417	-22
0,89483	-22
0,89550	-23
0,89617	-23
0,89683	-23
0,89750	-23
0,89817	-23
0,89883	-23
0,89950	-23
0,90017	-23
0,90083	-23
0,90150	-23
0,90217	-23
0,90283	-23
0,90350	-23
0,90417	-23
0,90483	-23
0,90550	-23
0,90617	-22
0,90683	-22
0,90750	-22
0,90817	-22
0,90883	-23
0,90950	-23
0,91017	-23
0,91083	-23
0,91150	-23
0,91217	-23
0,91283	-23
0,91350	-23
0,91417	-23
0,91483	-23
0,91550	-23
0,91617	-23
0,91683	-23
0,91750	-23
0,91817	-23
0,91883	-23
0,91950	-23
0,92017	-23
0,92083	-23
0,92150	-24
0,92217	-24
0,92283	-24
0,92350	-25
0,92417	-25
0,92483	-25
0,92550	-25
0,92617	-25
0,92683	-26
0,92750	-26
0,92817	-26
0,92883	-26
0,92950	-26
0,93017	-26
0,93083	-26
0,93150	-26
0,93217	-26
0,93283	-26
0,93350	-26
0,93417	-26
0,93483	-26
0,93550	-26
0,93617	-25
0,93683	-25
0,93750	-25
0,93817	-25
0,93883	-25
0,93950	-25
0,94017	-25
0,94083	-25
0,94150	-25
0,94217	-25
0,94283	-25
0,94350	-25
0,94417	-25
0,94483	-25
0,94550	-25
0,94617	-24
0,94683	-24
0,94750	-24
0,94817	-25
0,94883	-25
0,94950	-25
0,95017	-25
0,95083	-25
0,95150	-25
0,95217	-25
0,95283	-24
0,95350	-24
0,95417	-24
0,95483	-24
0,95550	-23
0,95617	-23
0,95683	-23
0,95750	-22
0,95817	-22
0,95883	-22
0,95950	-21
0,96017	-21
0,96083	-21
0,96150	-20
0,96217	-20
0,96283	-20
0,96350	-19
0,96417	-19
0,96483	-19
0,96550	-19
0,96617	-19
0,96683	-19
0,96750	-19
0,96817	-20
0,96883	-20
0,96950	-20
0,97017	-20
0,97083	-20
0,97150	-21
0,97217	-21
0,97283	-21
0,97350	-21
0,97417	-21
0,97483	-21
0,97550	-22
0,97617	-22
0,97683	-22
0,97750	-22
0,97817	-21
0,97883	-21
0,97950	-21
0,98017	-21
0,98083	-21
0,98150	-21
0,98217	-21
0,98283	-22
0,98350	-22
0,98417	-22
0,98483	-22
0,98550	-22
0,98617	-22
0,98683	-22
0,98750	-22
0,98817	-22
0,98883	-22
0,98950	-22
0,99017	-22
0,99083	-23
0,99150	-23
0,99217	-23
0,99283	-23
0,99350	-23
0,99417	-23
0,99483	-23
0,99550	-23
0,99617	-23
0,99683	-23
0,99750	-23
0,99817	-23
0,99883	-23
0,99950	-23
1,00017	-24
1,00083	-24
1,00150	-24
1,00217	-25
1,00283	-25
1,00350	-25
1,00417	-25
1,00483	-26
1,00550	-26
1,00617	-26
1,00683	-26
1,00750	-26
1,00817	-26
1,00883	-25
1,00950	-25
1,01017	-25
1,01083	-25
1,01150	-24
1,01217	-24
1,01283	-24
1,01350	-23
1,01417	-23
1,01483	-23
1,01550	-22
1,01617	-22
1,01683	-22
1,01750	-21
1,01817	-21
1,01883	-21
1,01950	-20
1,02017	-20
1,02083	-20
1,02150	-19
1,02217	-19
1,02283	-19
1,02350	-19
1,02417	-19
1,02483	-19
1,02550	-19
1,02617	-20
1,02683	-20
1,02750	-20
1,02817	-20
1,02883	-20
1,02950	-20
1,03017	-20
1,03083	-20
1,03150	-20
1,03217	-20
1,03283	-20
1,03350	-21
1,03417	-21
1,03483	-21
1,03550	-21
1,03617	-21
1,03683	-21
1,03750	-21
1,03817	-21
1,03883	-21
1,03950	-21
1,04017	-21
1,04083	-21
1,04150	-21
1,04217	-21
1,04283	-21
1,04350	-21
1,04417	-21
1,04483	-21
1,04550	-21
1,04617	-21
1,04683	-21
1,04750	-21
1,04817	-21
1,04883	-21
1,04950	-21
1,05017	-21
1,05083	-21
1,05150	-22
1,05217	-22
1,05283	-22
1,05350	-22
1,05417	-22
1,05483	-23
1,05550	-23
1,05617	-23
1,05683	-23
1,05750	-23
1,05817	-23
1,05883	-23
1,05950	-23
1,06017	-22
1,06083	-22
1,06150	-22
1,06217	-22
1,06283	-21
1,06350	-21
1,06417	-21
1,06483	-21
1,06550	-21
1,06617	-20
1,06683	-20
1,06750	-20
1,06817	-20
1,06883	-20
1,06950	-20
1,07017	-20
1,07083	-19
1,07150	-19
1,07217	-19
1,07283	-19
1,07350	-19
1,07417	-19
1,07483	-19
1,07550	-19
1,07617	-19
1,07683	-20
1,07750	-20
1,07817	-20
1,07883	-20
1,07950	-20
1,08017	-21
1,08083	-21
1,08150	-21
1,08217	-21
1,08283	-20
1,08350	-20
1,08417	-20
1,08483	-20
1,08550	-20
1,08617	-19
1,08683	-19
1,08750	-19
1,08817	-19
1,08883	-19
1,08950	-20
1,09017	-20
1,09083	-20
1,09150	-20
1,09217	-20
1,09283	-20
1,09350	-20
1,09417	-20
1,09483	-20
1,09550	-20
1,09617	-20
1,09683	-21
1,09750	-21
1,09817	-21
1,09883	-22
1,09950	-22
1,10017	-22
1,10083	-22
1,10150	-22
1,10217	-23
1,10283	-23
1,10350	-23
1,10417	-23
1,10483	-23
1,10550	-23
1,10617	-23
1,10683	-23
1,10750	-23
1,10817	-23
1,10883	-23
1,10950	-24
1,11017	-24
1,11083	-24
1,11150	-24
1,11217	-23
1,11283	-23
1,11350	-23
1,11417	-23
1,11483	-23
1,11550	-23
1,11617	-23
1,11683	-23
1,11750	-22
1,11817	-22
1,11883	-23
1,11950	-22
1,12017	-22
1,12083	-22
1,12150	-22
1,12217	-22
1,12283	-22
1,12350	-22
1,12417	-22
1,12483	-22
1,12550	-23
1,12617	-23
1,12683	-23
1,12750	-23
1,12817	-23
1,12883	-23
1,12950	-23
1,13017	-23
1,13083	-23
1,13150	-23
1,13217	-23
1,13283	-23
1,13350	-23
1,13417	-23
1,13483	-23
1,13550	-23
1,13617	-23
1,13683	-23
1,13750	-22
1,13817	-22
1,13883	-21
1,13950	-20
1,14017	-18
1,14083	-15
1,14150	-11
1,14217	-6
1,14283	0
1,14350	8
1,14417	19
1,14483	31
1,14550	45
1,14617	61
1,14683	78
1,14750	96
1,14817	115
1,14883	133
1,14950	152
1,15017	169
1,15083	185
1,15150	199
1,15217	211
1,15283	220
1,15350	228
1,15417	233
1,15483	237
1,15550	238
1,15617	238
1,15683	237
1,15750	234
1,15817	230
1,15883	226
1,15950	221
1,16017	215
1,16083	209
1,16150	202
1,16217	195
1,16283	188
1,16350	182
1,16417	175
1,16483	168
1,16550	162
1,16617	155
1,16683	149
1,16750	143
1,16817	136
1,16883	130
1,16950	124
1,17017	119
1,17083	113
1,17150	107
1,17217	102
1,17283	96
1,17350	91
1,17417	86
1,17483	81
1,17550	77
1,17617	72
1,17683	68
1,17750	64
1,17817	60
1,17883	56
1,17950	52
1,18017	49
1,18083	45
1,18150	42
1,18217	39
1,18283	37
1,18350	34
1,18417	32
1,18483	31
1,18550	29
1,18617	27
1,18683	26
1,18750	25
1,18817	23
1,18883	22
1,18950	21
1,19017	21
1,19083	20
1,19150	20
1,19217	20
1,19283	20
1,19350	20
1,19417	21
1,19483	21
1,19550	22
1,19617	23
1,19683	24
1,19750	25
1,19817	27
1,19883	28
1,19950	30
1,20017	32
1,20083	33
1,20150	35
1,20217	36
1,20283	37
1,20350	38
1,20417	39
1,20483	39
1,20550	39
1,20617	39
1,20683	39
1,20750	38
1,20817	37
1,20883	36
1,20950	35
1,21017	34
1,21083	33
1,21150	31
1,21217	30
1,21283	28
1,21350	27
1,21417	25
1,21483	23
1,21550	21
1,21617	19
1,21683	18
1,21750	16
1,21817	14
1,21883	13
1,21950	11
1,22017	10
1,22083	8
1,22150	7
1,22217	6
1,22283	5
1,22350	4
1,22417	3
1,22483	1
1,22550	0
1,22617	-1
1,22683	-2
1,22750	-3
1,22817	-4
1,22883	-5
1,22950	-6
1,23017	-6
1,23083	-7
1,23150	-8
1,23217	-8
1,23283	-9
1,23350	-9
1,23417	-9
1,23483	-8
1,23550	-7
1,23617	-5
1,23683	-2
1,23750	3
1,23817	9
1,23883	16
1,23950	26
1,24017	38
1,24083	52
1,24150	67
1,24217	84
1,24283	102
1,24350	121
1,24417	140
1,24483	159
1,24550	177
1,24617	195
1,24683	210
1,24750	225
1,24817	237
1,24883	248
1,24950	258
1,25017	265
1,25083	270
1,25150	274
1,25217	276
1,25283	276
1,25350	274
1,25417	271
1,25483	266
1,25550	260
1,25617	253
1,25683	245
1,25750	237
1,25817	227
1,25883	217
1,25950	207
1,26017	197
1,26083	187
1,26150	176
1,26217	166
1,26283	156
1,26350	146
1,26417	137
1,26483	128
1,26550	119
1,26617	110
1,26683	102
1,26750	95
1,26817	88
1,26883	81
1,26950	75
1,27017	69
1,27083	63
1,27150	58
1,27217	53
1,27283	49
1,27350	44
1,27417	40
1,27483	37
1,27550	34
1,27617	31
1,27683	28
1,27750	26
1,27817	25
1,27883	24
1,27950	25
1,28017	27
1,28083	30
1,28150	35
1,28217	42
1,28283	51
1,28350	62
1,28417	76
1,28483	92
1,28550	111
1,28617	132
1,28683	156
1,28750	181
1,28817	209
1,28883	239
1,28950	269
1,29017	301
1,29083	333
1,29150	365
1,29217	396
1,29283	425
1,29350	452
1,29417	477
1,29483	498
1,29550	517
1,29617	531
1,29683	542
1,29750	549
1,29817	552
1,29883	552
1,29950	547
1,30017	540
1,30083	530
1,30150	517
1,30217	503
1,30283	486
1,30350	468
1,30417	448
1,30483	428
1,30550	407
1,30617	385
1,30683	364
1,30750	343
1,30817	322
1,30883	301
1,30950	281
1,31017	262
1,31083	244
1,31150	227
1,31217	210
1,31283	195
1,31350	181
1,31417	170
1,31483	161
1,31550	160
1,31617	170
1,31683	204
1,31750	285
1,31817	460
1,31883	809
1,31950	1456
1,32017	2560
1,32083	4331
1,32150	7005
1,32217	10861
1,32283	16175
1,32350	23224
1,32417	32220
1,32483	43324
1,32550	56578
1,32617	71915
1,32683	89154
1,32750	108027
1,32817	128161
1,32883	149132
1,32950	170491
1,33017	191785
1,33083	212591
1,33150	232538
1,33217	251331
1,33283	268710
1,33350	284458
1,33417	298411
1,33483	310441
1,33550	320454
1,33617	328374
1,33683	334155
1,33750	337773
1,33817	339245
1,33883	338617
1,33950	335981
1,34017	331452
1,34083	325186
1,34150	317361
1,34217	308179
1,34283	297853
1,34350	286599
1,34417	274631
1,34483	262153
1,34550	249353
1,34617	236399
1,34683	223439
1,34750	210599
1,34817	197987
1,34883	185688
1,34950	173772
1,35017	162291
1,35083	151285
1,35150	140781
1,35217	130795
1,35283	121336
1,35350	112403
1,35417	103992
1,35483	96094
1,35550	88694
1,35617	81777
1,35683	75323
1,35750	69314
1,35817	63727
1,35883	58542
1,35950	53736
1,36017	49288
1,36083	45177
1,36150	41382
1,36217	37882
1,36283	34657
1,36350	31690
1,36417	28962
1,36483	26456
1,36550	24156
1,36617	22047
1,36683	20114
1,36750	18344
1,36817	16725
1,36883	15244
1,36950	13890
1,37017	12653
1,37083	11524
1,37150	10494
1,37217	9555
1,37283	8699
1,37350	7919
1,37417	7209
1,37483	6562
1,37550	5973
1,37617	5438
1,37683	4951
1,37750	4508
1,37817	4106
1,37883	3741
1,37950	3409
1,38017	3107
1,38083	2833
1,38150	2585
1,38217	2359
1,38283	2154
1,38350	1968
1,38417	1800
1,38483	1647
1,38550	1508
1,38617	1383
1,38683	1268
1,38750	1165
1,38817	1071
1,38883	985
1,38950	908
1,39017	838
1,39083	774
1,39150	716
1,39217	664
1,39283	616
1,39350	573
1,39417	534
1,39483	498
1,39550	466
1,39617	436
1,39683	409
1,39750	384
1,39817	361
1,39883	341
1,39950	322
1,40017	305
1,40083	289
1,40150	274
1,40217	261
1,40283	248
1,40350	237
1,40417	226
1,40483	216
1,40550	207
1,40617	198
1,40683	190
1,40750	183
1,40817	176
1,40883	170
1,40950	164
1,41017	159
1,41083	154
1,41150	149
1,41217	145
1,41283	142
1,41350	138
1,41417	135
1,41483	131
1,41550	128
1,41617	125
1,41683	122
1,41750	119
1,41817	117
1,41883	114
1,41950	112
1,42017	110
1,42083	108
1,42150	106
1,42217	103
1,42283	101
1,42350	99
1,42417	98
1,42483	96
1,42550	94
1,42617	92
1,42683	91
1,42750	89
1,42817	87
1,42883	86
1,42950	84
1,43017	83
1,43083	81
1,43150	80
1,43217	79
1,43283	78
1,43350	78
1,43417	79
1,43483	80
1,43550	83
1,43617	88
1,43683	95
1,43750	104
1,43817	117
1,43883	133
1,43950	153
1,44017	177
1,44083	206
1,44150	238
1,44217	275
1,44283	314
1,44350	356
1,44417	400
1,44483	444
1,44550	488
1,44617	530
1,44683	571
1,44750	608
1,44817	643
1,44883	673
1,44950	699
1,45017	721
1,45083	739
1,45150	751
1,45217	759
1,45283	763
1,45350	762
1,45417	756
1,45483	747
1,45550	733
1,45617	717
1,45683	698
1,45750	676
1,45817	653
1,45883	628
1,45950	601
1,46017	574
1,46083	546
1,46150	518
1,46217	490
1,46283	463
1,46350	437
1,46417	411
1,46483	386
1,46550	362
1,46617	339
1,46683	317
1,46750	296
1,46817	276
1,46883	258
1,46950	240
1,47017	224
1,47083	209
1,47150	194
1,47217	181
1,47283	169
1,47350	157
1,47417	147
1,47483	137
1,47550	128
1,47617	120
1,47683	112
1,47750	104
1,47817	97
1,47883	91
1,47950	85
1,48017	80
1,48083	75
1,48150	70
1,48217	65
1,48283	61
1,48350	58
1,48417	54
1,48483	51
1,48550	48
1,48617	46
1,48683	43
1,48750	41
1,48817	39
1,48883	37
1,48950	35
1,49017	34
1,49083	33
1,49150	32
1,49217	31
1,49283	30
1,49350	29
1,49417	29
1,49483	29
1,49550	28
1,49617	28
1,49683	28
1,49750	29
1,49817	29
1,49883	29
1,49950	30
1,50017	30
1,50083	31
1,50150	32
1,50217	32
1,50283	33
1,50350	34
1,50417	35
1,50483	36
1,50550	36
1,50617	37
1,50683	38
1,50750	39
1,50817	40
1,50883	41
1,50950	42
1,51017	43
1,51083	45
1,51150	46
1,51217	48
1,51283	50
1,51350	53
1,51417	56
1,51483	59
1,51550	63
1,51617	67
1,51683	73
1,51750	79
1,51817	86
1,51883	94
1,51950	104
1,52017	115
1,52083	129
1,52150	146
1,52217	167
1,52283	192
1,52350	222
1,52417	257
1,52483	297
1,52550	344
1,52617	396
1,52683	453
1,52750	515
1,52817	581
1,52883	649
1,52950	719
1,53017	789
1,53083	858
1,53150	925
1,53217	988
1,53283	1047
1,53350	1100
1,53417	1148
1,53483	1189
1,53550	1224
1,53617	1252
1,53683	1272
1,53750	1285
1,53817	1291
1,53883	1290
1,53950	1283
1,54017	1271
1,54083	1256
1,54150	1240
1,54217	1230
1,54283	1238
1,54350	1287
1,54417	1425
1,54483	1743
1,54550	2389
1,54617	3587
1,54683	5679
1,54750	9149
1,54817	14698
1,54883	23257
1,54950	36099
1,55017	54780
1,55083	81288
1,55150	117875
1,55217	167199
1,55283	231970
1,55350	315182
1,55417	419471
1,55483	547344
1,55550	700563
1,55617	880453
1,55683	1087246
1,55750	1320435
1,55817	1578335
1,55883	1858421
1,55950	2157345
1,56017	2470920
1,56083	2793707
1,56150	3119706
1,56217	3442693
1,56283	3756487
1,56350	4055190
1,56417	4333301
1,56483	4585856
1,56550	4808894
1,56617	4999048
1,56683	5153935
1,56750	5272043
1,56817	5352930
1,56883	5396691
1,56950	5404277
1,57017	5377144
1,57083	5317527
1,57150	5228042
1,57217	5111918
1,57283	4972407
1,57350	4813029
1,57417	4637288
1,57483	4448697
1,57550	4250606
1,57617	4046151
1,57683	3838181
1,57750	3629236
1,57817	3421516
1,57883	3216891
1,57950	3016908
1,58017	2822804
1,58083	2635543
1,58150	2455842
1,58217	2284204
1,58283	2120952
1,58350	1966253
1,58417	1820149
1,58483	1682579
1,58550	1553397
1,58617	1432394
1,58683	1319309
1,58750	1213843
1,58817	1115673
1,58883	1024454
1,58950	939835
1,59017	861457
1,59083	788963
1,59150	722001
1,59217	660226
1,59283	603303
1,59350	550908
1,59417	502732
1,59483	458479
1,59550	417867
1,59617	380630
1,59683	346516
1,59750	315289
1,59817	286725
1,59883	260618
1,59950	236772
1,60017	215007
1,60083	195153
1,60150	177055
1,60217	160566
1,60283	145552
1,60350	131890
1,60417	119464
1,60483	108168
1,60550	97904
1,60617	88583
1,60683	80122
1,60750	72445
1,60817	65482
1,60883	59170
1,60950	53451
1,61017	48270
1,61083	43579
1,61150	39333
1,61217	35492
1,61283	32018
1,61350	28877
1,61417	26038
1,61483	23473
1,61550	21156
1,61617	19064
1,61683	17176
1,61750	15472
1,61817	13935
1,61883	12548
1,61950	11298
1,62017	10171
1,62083	9156
1,62150	8241
1,62217	7417
1,62283	6676
1,62350	6008
1,62417	5407
1,62483	4867
1,62550	4381
1,62617	3943
1,62683	3550
1,62750	3197
1,62817	2879
1,62883	2593
1,62950	2336
1,63017	2106
1,63083	1898
1,63150	1712
1,63217	1545
1,63283	1395
1,63350	1259
1,63417	1138
1,63483	1029
1,63550	932
1,63617	844
1,63683	765
1,63750	695
1,63817	632
1,63883	575
1,63950	524
1,64017	478
1,64083	437
1,64150	400
1,64217	367
1,64283	337
1,64350	310
1,64417	286
1,64483	264
1,64550	244
1,64617	227
1,64683	211
1,64750	196
1,64817	183
1,64883	172
1,64950	161
1,65017	151
1,65083	142
1,65150	134
1,65217	127
1,65283	121
1,65350	115
1,65417	110
1,65483	105
1,65550	101
1,65617	97
1,65683	93
1,65750	90
1,65817	87
1,65883	84
1,65950	81
1,66017	79
1,66083	76
1,66150	74
1,66217	72
1,66283	70
1,66350	68
1,66417	65
1,66483	63
1,66550	61
1,66617	59
1,66683	58
1,66750	56
1,66817	55
1,66883	54
1,66950	52
1,67017	51
1,67083	51
1,67150	50
1,67217	49
1,67283	48
1,67350	47
1,67417	46
1,67483	46
1,67550	45
1,67617	44
1,67683	43
1,67750	43
1,67817	42
1,67883	41
1,67950	41
1,68017	41
1,68083	40
1,68150	40
1,68217	40
1,68283	40
1,68350	40
1,68417	39
1,68483	39
1,68550	39
1,68617	39
1,68683	38
1,68750	38
1,68817	38
1,68883	37
1,68950	37
1,69017	36
1,69083	36
1,69150	36
1,69217	35
1,69283	35
1,69350	35
1,69417	34
1,69483	34
1,69550	34
1,69617	33
1,69683	33
1,69750	32
1,69817	32
1,69883	31
1,69950	30
1,70017	30
1,70083	29
1,70150	28
1,70217	28
1,70283	27
1,70350	26
1,70417	26
1,70483	25
1,70550	24
1,70617	23
1,70683	23
1,70750	22
1,70817	22
1,70883	21
1,70950	21
1,71017	20
1,71083	20
1,71150	20
1,71217	19
1,71283	19
1,71350	19
1,71417	18
1,71483	18
1,71550	17
1,71617	16
1,71683	16
1,71750	15
1,71817	15
1,71883	15
1,71950	14
1,72017	14
1,72083	14
1,72150	14
1,72217	14
1,72283	13
1,72350	13
1,72417	13
1,72483	13
1,72550	12
1,72617	12
1,72683	11
1,72750	11
1,72817	10
1,72883	10
1,72950	10
1,73017	10
1,73083	9
1,73150	9
1,73217	9
1,73283	9
1,73350	9
1,73417	10
1,73483	10
1,73550	10
1,73617	10
1,73683	9
1,73750	9
1,73817	9
1,73883	8
1,73950	8
1,74017	8
1,74083	8
1,74150	8
1,74217	8
1,74283	7
1,74350	7
1,74417	7
1,74483	7
1,74550	7
1,74617	7
1,74683	7
1,74750	7
1,74817	7
1,74883	6
1,74950	6
1,75017	6
1,75083	6
1,75150	5
1,75217	5
1,75283	5
1,75350	5
1,75417	5
1,75483	5
1,75550	5
1,75617	5
1,75683	5
1,75750	5
1,75817	5
1,75883	6
1,75950	6
1,76017	6
1,76083	7
1,76150	8
1,76217	8
1,76283	10
1,76350	11
1,76417	12
1,76483	13
1,76550	15
1,76617	16
1,76683	17
1,76750	18
1,76817	19
1,76883	20
1,76950	21
1,77017	21
1,77083	21
1,77150	22
1,77217	22
1,77283	22
1,77350	21
1,77417	21
1,77483	21
1,77550	20
1,77617	20
1,77683	19
1,77750	18
1,77817	18
1,77883	17
1,77950	16
1,78017	15
1,78083	14
1,78150	13
1,78217	12
1,78283	10
1,78350	9
1,78417	8
1,78483	7
1,78550	5
1,78617	4
1,78683	3
1,78750	3
1,78817	2
1,78883	1
1,78950	0
1,79017	-1
1,79083	-1
1,79150	-2
1,79217	-3
1,79283	-3
1,79350	-3
1,79417	-4
1,79483	-4
1,79550	-4
1,79617	-4
1,79683	-4
1,79750	-4
1,79817	-5
1,79883	-5
1,79950	-5
1,80017	-5
1,80083	-6
1,80150	-6
1,80217	-6
1,80283	-7
1,80350	-7
1,80417	-7
1,80483	-8
1,80550	-8
1,80617	-8
1,80683	-9
1,80750	-9
1,80817	-9
1,80883	-9
1,80950	-9
1,81017	-9
1,81083	-9
1,81150	-9
1,81217	-9
1,81283	-9
1,81350	-9
1,81417	-9
1,81483	-9
1,81550	-9
1,81617	-9
1,81683	-9
1,81750	-9
1,81817	-9
1,81883	-9
1,81950	-9
1,82017	-9
1,82083	-9
1,82150	-8
1,82217	-8
1,82283	-8
1,82350	-8
1,82417	-8
1,82483	-8
1,82550	-8
1,82617	-8
1,82683	-8
1,82750	-9
1,82817	-9
1,82883	-9
1,82950	-9
1,83017	-9
1,83083	-9
1,83150	-9
1,83217	-8
1,83283	-8
1,83350	-8
1,83417	-8
1,83483	-7
1,83550	-7
1,83617	-7
1,83683	-6
1,83750	-6
1,83817	-6
1,83883	-6
1,83950	-6
1,84017	-6
1,84083	-6
1,84150	-6
1,84217	-6
1,84283	-6
1,84350	-6
1,84417	-6
1,84483	-7
1,84550	-7
1,84617	-7
1,84683	-7
1,84750	-7
1,84817	-8
1,84883	-8
1,84950	-8
1,85017	-8
1,85083	-8
1,85150	-8
1,85217	-7
1,85283	-7
1,85350	-7
1,85417	-7
1,85483	-7
1,85550	-7
1,85617	-7
1,85683	-6
1,85750	-6
1,85817	-7
1,85883	-7
1,85950	-6
1,86017	-6
1,86083	-5
1,86150	-3
1,86217	1
1,86283	9
1,86350	22
1,86417	46
1,86483	86
1,86550	154
1,86617	265
1,86683	441
1,86750	710
1,86817	1104
1,86883	1659
1,86950	2410
1,87017	3392
1,87083	4640
1,87150	6187
1,87217	8058
1,87283	10280
1,87350	12872
1,87417	15856
1,87483	19250
1,87550	23068
1,87617	27312
1,87683	31988
1,87750	37089
1,87817	42613
1,87883	48558
1,87950	54915
1,88017	61673
1,88083	68816
1,88150	76331
1,88217	84206
1,88283	92432
1,88350	100990
1,88417	109860
1,88483	119028
1,88550	128485
1,88617	138214
1,88683	148213
1,88750	158465
1,88817	168939
1,88883	179606
1,88950	190459
1,89017	201482
1,89083	212659
1,89150	223945
1,89217	235286
1,89283	246621
1,89350	257861
1,89417	268842
1,89483	279294
1,89550	288817
1,89617	296906
1,89683	302989
1,89750	306589
1,89817	307457
1,89883	305602
1,89950	301236
1,90017	294684
1,90083	286320
1,90150	276519
1,90217	265629
1,90283	253961
1,90350	241782
1,90417	229320
1,90483	216764
1,90550	204271
1,90617	191966
1,90683	179948
1,90750	168295
1,90817	157065
1,90883	146301
1,90950	136031
1,91017	126272
1,91083	117033
1,91150	108315
1,91217	100112
1,91283	92415
1,91350	85209
1,91417	78479
1,91483	72206
1,91550	66368
1,91617	60947
1,91683	55919
1,91750	51263
1,91817	46958
1,91883	42982
1,91950	39315
1,92017	35936
1,92083	32827
1,92150	29969
1,92217	27343
1,92283	24934
1,92350	22725
1,92417	20702
1,92483	18849
1,92550	17155
1,92617	15606
1,92683	14191
1,92750	12900
1,92817	11722
1,92883	10648
1,92950	9669
1,93017	8777
1,93083	7966
1,93150	7227
1,93217	6555
1,93283	5945
1,93350	5390
1,93417	4886
1,93483	4428
1,93550	4013
1,93617	3637
1,93683	3295
1,93750	2985
1,93817	2705
1,93883	2450
1,93950	2220
1,94017	2011
1,94083	1822
1,94150	1650
1,94217	1495
1,94283	1355
1,94350	1228
1,94417	1113
1,94483	1010
1,94550	916
1,94617	831
1,94683	755
1,94750	685
1,94817	623
1,94883	566
1,94950	515
1,95017	469
1,95083	427
1,95150	390
1,95217	355
1,95283	324
1,95350	296
1,95417	271
1,95483	248
1,95550	228
1,95617	209
1,95683	192
1,95750	177
1,95817	163
1,95883	151
1,95950	140
1,96017	129
1,96083	120
1,96150	111
1,96217	103
1,96283	96
1,96350	90
1,96417	83
1,96483	78
1,96550	73
1,96617	69
1,96683	65
1,96750	61
1,96817	58
1,96883	55
1,96950	52
1,97017	49
1,97083	47
1,97150	44
1,97217	42
1,97283	40
1,97350	38
1,97417	37
1,97483	35
1,97550	34
1,97617	32
1,97683	31
1,97750	30
1,97817	29
1,97883	28
1,97950	26
1,98017	25
1,98083	24
1,98150	23
1,98217	22
1,98283	21
1,98350	20
1,98417	19
1,98483	18
1,98550	18
1,98617	17
1,98683	16
1,98750	15
1,98817	14
1,98883	13
1,98950	12
1,99017	12
1,99083	11
1,99150	10
1,99217	9
1,99283	9
1,99350	8
1,99417	8
1,99483	7
1,99550	7
1,99617	7
1,99683	6
1,99750	6
1,99817	6
1,99883	5
1,99950	5
2,00017	5
2,00083	5
2,00150	5
2,00217	5
2,00283	5
2,00350	4
2,00417	4
2,00483	4
2,00550	4
2,00617	4
2,00683	4
2,00750	4
2,00817	4
2,00883	4
2,00950	5
2,01017	5
2,01083	6
2,01150	7
2,01217	8
2,01283	10
2,01350	13
2,01417	17
2,01483	22
2,01550	29
2,01617	38
2,01683	50
2,01750	66
2,01817	86
2,01883	112
2,01950	144
2,02017	182
2,02083	228
2,02150	282
2,02217	345
2,02283	417
2,02350	497
2,02417	585
2,02483	682
2,02550	784
2,02617	892
2,02683	1003
2,02750	1117
2,02817	1230
2,02883	1342
2,02950	1451
2,03017	1555
2,03083	1652
2,03150	1742
2,03217	1822
2,03283	1892
2,03350	1951
2,03417	1999
2,03483	2034
2,03550	2058
2,03617	2069
2,03683	2069
2,03750	2059
2,03817	2037
2,03883	2006
2,03950	1967
2,04017	1920
2,04083	1866
2,04150	1806
2,04217	1742
2,04283	1674
2,04350	1604
2,04417	1532
2,04483	1459
2,04550	1385
2,04617	1312
2,04683	1240
2,04750	1169
2,04817	1100
2,04883	1033
2,04950	968
2,05017	906
2,05083	846
2,05150	790
2,05217	736
2,05283	685
2,05350	636
2,05417	591
2,05483	548
2,05550	508
2,05617	470
2,05683	435
2,05750	402
2,05817	371
2,05883	343
2,05950	316
2,06017	291
2,06083	269
2,06150	247
2,06217	228
2,06283	210
2,06350	193
2,06417	178
2,06483	163
2,06550	150
2,06617	138
2,06683	126
2,06750	116
2,06817	106
2,06883	98
2,06950	89
2,07017	82
2,07083	75
2,07150	68
2,07217	62
2,07283	56
2,07350	51
2,07417	47
2,07483	43
2,07550	39
2,07617	36
2,07683	33
2,07750	30
2,07817	28
2,07883	25
2,07950	23
2,08017	20
2,08083	18
2,08150	16
2,08217	14
2,08283	12
2,08350	11
2,08417	9
2,08483	8
2,08550	7
2,08617	5
2,08683	4
2,08750	3
2,08817	3
2,08883	2
2,08950	1
2,09017	0
2,09083	-1
2,09150	-1
2,09217	-2
2,09283	-2
2,09350	-3
2,09417	-3
2,09483	-3
2,09550	-4
2,09617	-4
2,09683	-4
2,09750	-4
2,09817	-5
2,09883	-5
2,09950	-5
2,10017	-5
2,10083	-6
2,10150	-6
2,10217	-6
2,10283	-7
2,10350	-7
2,10417	-7
2,10483	-8
2,10550	-8
2,10617	-9
2,10683	-9
2,10750	-10
2,10817	-10
2,10883	-11
2,10950	-11
2,11017	-11
2,11083	-12
2,11150	-12
2,11217	-13
2,11283	-13
2,11350	-14
2,11417	-14
2,11483	-14
2,11550	-15
2,11617	-15
2,11683	-15
2,11750	-15
2,11817	-16
2,11883	-16
2,11950	-16
2,12017	-16
2,12083	-16
2,12150	-16
2,12217	-16
2,12283	-16
2,12350	-17
2,12417	-17
2,12483	-17
2,12550	-17
2,12617	-17
2,12683	-17
2,12750	-17
2,12817	-17
2,12883	-18
2,12950	-18
2,13017	-18
2,13083	-18
2,13150	-18
2,13217	-18
2,13283	-18
2,13350	-18
2,13417	-18
2,13483	-18
2,13550	-18
2,13617	-18
2,13683	-18
2,13750	-18
2,13817	-18
2,13883	-18
2,13950	-18
2,14017	-18
2,14083	-18
2,14150	-18
2,14217	-18
2,14283	-18
2,14350	-18
2,14417	-18
2,14483	-18
2,14550	-18
2,14617	-18
2,14683	-18
2,14750	-18
2,14817	-18
2,14883	-18
2,14950	-18
2,15017	-18
2,15083	-18
2,15150	-18
2,15217	-18
2,15283	-18
2,15350	-18
2,15417	-18
2,15483	-18
2,15550	-17
2,15617	-17
2,15683	-17
2,15750	-17
2,15817	-17
2,15883	-17
2,15950	-17
2,16017	-17
2,16083	-17
2,16150	-18
2,16217	-18
2,16283	-18
2,16350	-18
2,16417	-19
2,16483	-19
2,16550	-20
2,16617	-20
2,16683	-20
2,16750	-20
2,16817	-21
2,16883	-21
2,16950	-21
2,17017	-21
2,17083	-21
2,17150	-21
2,17217	-21
2,17283	-21
2,17350	-21
2,17417	-21
2,17483	-21
2,17550	-21
2,17617	-21
2,17683	-21
2,17750	-21
2,17817	-21
2,17883	-21
2,17950	-21
2,18017	-21
2,18083	-21
2,18150	-21
2,18217	-21
2,18283	-20
2,18350	-20
2,18417	-20
2,18483	-20
2,18550	-20
2,18617	-20
2,18683	-20
2,18750	-20
2,18817	-20
2,18883	-20
2,18950	-20
2,19017	-20
2,19083	-20
2,19150	-20
2,19217	-21
2,19283	-21
2,19350	-21
2,19417	-21
2,19483	-21
2,19550	-22
2,19617	-22
2,19683	-22
2,19750	-22
2,19817	-22
2,19883	-22
2,19950	-22
2,20017	-22
2,20083	-22
2,20150	-22
2,20217	-22
2,20283	-22
2,20350	-22
2,20417	-21
2,20483	-21
2,20550	-21
2,20617	-21
2,20683	-21
2,20750	-21
2,20817	-22
2,20883	-22
2,20950	-22
2,21017	-22
2,21083	-22
2,21150	-22
2,21217	-22
2,21283	-22
2,21350	-22
2,21417	-21
2,21483	-21
2,21550	-21
2,21617	-21
2,21683	-21
2,21750	-22
2,21817	-22
2,21883	-22
2,21950	-22
2,22017	-22
2,22083	-23
2,22150	-23
2,22217	-23
2,22283	-23
2,22350	-23
2,22417	-23
2,22483	-23
2,22550	-23
2,22617	-23
2,22683	-23
2,22750	-23
2,22817	-23
2,22883	-23
2,22950	-23
2,23017	-23
2,23083	-23
2,23150	-22
2,23217	-22
2,23283	-22
2,23350	-21
2,23417	-21
2,23483	-21
2,23550	-21
2,23617	-21
2,23683	-21
2,23750	-21
2,23817	-21
2,23883	-21
2,23950	-21
2,24017	-21
2,24083	-21
2,24150	-22
2,24217	-22
2,24283	-22
2,24350	-22
2,24417	-22
2,24483	-23
2,24550	-23
2,24617	-23
2,24683	-23
2,24750	-23
2,24817	-24
2,24883	-24
2,24950	-24
2,25017	-24
2,25083	-24
2,25150	-24
2,25217	-25
2,25283	-25
2,25350	-25
2,25417	-25
2,25483	-25
2,25550	-25
2,25617	-25
2,25683	-25
2,25750	-24
2,25817	-24
2,25883	-24
2,25950	-23
2,26017	-23
2,26083	-23
2,26150	-23
2,26217	-22
2,26283	-22
2,26350	-22
2,26417	-22
2,26483	-22
2,26550	-22
2,26617	-21
2,26683	-21
2,26750	-21
2,26817	-21
2,26883	-21
2,26950	-21
2,27017	-21
2,27083	-21
2,27150	-21
2,27217	-21
2,27283	-21
2,27350	-21
2,27417	-22
2,27483	-22
2,27550	-22
2,27617	-22
2,27683	-22
2,27750	-22
2,27817	-22
2,27883	-21
2,27950	-21
2,28017	-21
2,28083	-21
2,28150	-21
2,28217	-21
2,28283	-21
2,28350	-21
2,28417	-21
2,28483	-21
2,28550	-21
2,28617	-21
2,28683	-20
2,28750	-20
2,28817	-20
2,28883	-20
2,28950	-19
2,29017	-19
2,29083	-19
2,29150	-19
2,29217	-19
2,29283	-19
2,29350	-19
2,29417	-18
2,29483	-18
2,29550	-18
2,29617	-18
2,29683	-17
2,29750	-17
2,29817	-17
2,29883	-17
2,29950	-17
2,30017	-17
2,30083	-17
2,30150	-17
2,30217	-17
2,30283	-17
2,30350	-17
2,30417	-17
2,30483	-18
2,30550	-18
2,30617	-18
2,30683	-18
2,30750	-18
2,30817	-19
2,30883	-19
2,30950	-19
2,31017	-19
2,31083	-19
2,31150	-19
2,31217	-19
2,31283	-19
2,31350	-19
2,31417	-19
2,31483	-18
2,31550	-18
2,31617	-18
2,31683	-19
2,31750	-19
2,31817	-19
2,31883	-19
2,31950	-19
2,32017	-19
2,32083	-20
2,32150	-20
2,32217	-20
2,32283	-20
2,32350	-20
2,32417	-19
2,32483	-19
2,32550	-19
2,32617	-19
2,32683	-19
2,32750	-19
2,32817	-18
2,32883	-18
2,32950	-18
2,33017	-18
2,33083	-18
2,33150	-19
2,33217	-19
2,33283	-19
2,33350	-19
2,33417	-19
2,33483	-20
2,33550	-20
2,33617	-20
2,33683	-20
2,33750	-20
2,33817	-20
2,33883	-20
2,33950	-20
2,34017	-20
2,34083	-20
2,34150	-19
2,34217	-19
2,34283	-19
2,34350	-18
2,34417	-18
2,34483	-18
2,34550	-18
2,34617	-18
2,34683	-18
2,34750	-18
2,34817	-18
2,34883	-18
2,34950	-18
2,35017	-18
2,35083	-18
2,35150	-18
2,35217	-18
2,35283	-18
2,35350	-18
2,35417	-18
2,35483	-19
2,35550	-19
2,35617	-19
2,35683	-19
2,35750	-19
2,35817	-20
2,35883	-20
2,35950	-20
2,36017	-20
2,36083	-20
2,36150	-20
2,36217	-20
2,36283	-19
2,36350	-19
2,36417	-19
2,36483	-19
2,36550	-18
2,36617	-18
2,36683	-18
2,36750	-17
2,36817	-17
2,36883	-17
2,36950	-17
2,37017	-16
2,37083	-16
2,37150	-16
2,37217	-15
2,37283	-15
2,37350	-14
2,37417	-14
2,37483	-13
2,37550	-13
2,37617	-12
2,37683	-12
2,37750	-11
2,37817	-10
2,37883	-9
2,37950	-8
2,38017	-7
2,38083	-6
2,38150	-5
2,38217	-4
2,38283	-3
2,38350	-3
2,38417	-2
2,38483	-1
2,38550	-0
2,38617	0
2,38683	1
2,38750	1
2,38817	1
2,38883	2
2,38950	2
2,39017	2
2,39083	2
2,39150	2
2,39217	3
2,39283	3
2,39350	3
2,39417	3
2,39483	3
2,39550	4
2,39617	3
2,39683	3
2,39750	3
2,39817	3
2,39883	2
2,39950	2
2,40017	2
2,40083	1
2,40150	1
2,40217	1
2,40283	0
2,40350	0
2,40417	0
2,40483	0
2,40550	1
2,40617	1
2,40683	1
2,40750	2
2,40817	2
2,40883	3
2,40950	3
2,41017	3
2,41083	3
2,41150	4
2,41217	4
2,41283	4
2,41350	5
2,41417	5
2,41483	5
2,41550	5
2,41617	5
2,41683	5
2,41750	5
2,41817	5
2,41883	5
2,41950	5
2,42017	5
2,42083	5
2,42150	4
2,42217	4
2,42283	4
2,42350	4
2,42417	3
2,42483	3
2,42550	2
2,42617	2
2,42683	1
2,42750	1
2,42817	0
2,42883	-0
2,42950	-1
2,43017	-2
2,43083	-3
2,43150	-4
2,43217	-4
2,43283	-5
2,43350	-5
2,43417	-6
2,43483	-6
2,43550	-7
2,43617	-7
2,43683	-7
2,43750	-8
2,43817	-8
2,43883	-8
2,43950	-9
2,44017	-9
2,44083	-10
2,44150	-10
2,44217	-10
2,44283	-11
2,44350	-11
2,44417	-11
2,44483	-11
2,44550	-12
2,44617	-12
2,44683	-12
2,44750	-12
2,44817	-12
2,44883	-12
2,44950	-13
2,45017	-13
2,45083	-13
2,45150	-13
2,45217	-13
2,45283	-13
2,45350	-13
2,45417	-13
2,45483	-14
2,45550	-14
2,45617	-14
2,45683	-14
2,45750	-14
2,45817	-14
2,45883	-14
2,45950	-14
2,46017	-14
2,46083	-14
2,46150	-15
2,46217	-15
2,46283	-15
2,46350	-15
2,46417	-15
2,46483	-15
2,46550	-16
2,46617	-16
2,46683	-16
2,46750	-16
2,46817	-16
2,46883	-17
2,46950	-17
2,47017	-17
2,47083	-17
2,47150	-17
2,47217	-17
2,47283	-17
2,47350	-17
2,47417	-18
2,47483	-18
2,47550	-18
2,47617	-18
2,47683	-18
2,47750	-18
2,47817	-18
2,47883	-19
2,47950	-19
2,48017	-19
2,48083	-19
2,48150	-19
2,48217	-19
2,48283	-19
2,48350	-20
2,48417	-20
2,48483	-20
2,48550	-20
2,48617	-21
2,48683	-21
2,48750	-21
2,48817	-21
2,48883	-21
2,48950	-21
2,49017	-21
2,49083	-21
2,49150	-21
2,49217	-22
2,49283	-22
2,49350	-22
2,49417	-22
2,49483	-22
2,49550	-22
2,49617	-22
2,49683	-21
2,49750	-21
2,49817	-22
2,49883	-22
2,49950	-21
2,50017	-21
2,50083	-21
2,50150	-21
2,50217	-20
2,50283	-20
2,50350	-20
2,50417	-19
2,50483	-19
2,50550	-19
2,50617	-18
2,50683	-18
2,50750	-18
2,50817	-17
2,50883	-17
2,50950	-17
2,51017	-17
2,51083	-16
2,51150	-16
2,51217	-16
2,51283	-16
2,51350	-16
2,51417	-16
2,51483	-16
2,51550	-16
2,51617	-16
2,51683	-16
2,51750	-16
2,51817	-16
2,51883	-15
2,51950	-15
2,52017	-14
2,52083	-14
2,52150	-13
2,52217	-12
2,52283	-12
2,52350	-11
2,52417	-10
2,52483	-9
2,52550	-8
2,52617	-7
2,52683	-7
2,52750	-6
2,52817	-5
2,52883	-5
2,52950	-4
2,53017	-4
2,53083	-3
2,53150	-3
2,53217	-3
2,53283	-2
2,53350	-2
2,53417	-2
2,53483	-2
2,53550	-2
2,53617	-2
2,53683	-2
2,53750	-3
2,53817	-3
2,53883	-4
2,53950	-4
2,54017	-5
2,54083	-5
2,54150	-6
2,54217	-6
2,54283	-7
2,54350	-7
2,54417	-8
2,54483	-8
2,54550	-9
2,54617	-9
2,54683	-10
2,54750	-10
2,54817	-10
2,54883	-11
2,54950	-11
2,55017	-12
2,55083	-12
2,55150	-12
2,55217	-13
2,55283	-13
2,55350	-13
2,55417	-14
2,55483	-14
2,55550	-14
2,55617	-14
2,55683	-14
2,55750	-15
2,55817	-15
2,55883	-15
2,55950	-15
2,56017	-15
2,56083	-15
2,56150	-16
2,56217	-16
2,56283	-16
2,56350	-16
2,56417	-16
2,56483	-16
2,56550	-16
2,56617	-16
2,56683	-16
2,56750	-17
2,56817	-17
2,56883	-16
2,56950	-17
2,57017	-17
2,57083	-17
2,57150	-17
2,57217	-18
2,57283	-18
2,57350	-18
2,57417	-18
2,57483	-18
2,57550	-18
2,57617	-18
2,57683	-18
2,57750	-18
2,57817	-18
2,57883	-18
2,57950	-18
2,58017	-18
2,58083	-18
2,58150	-18
2,58217	-18
2,58283	-18
2,58350	-18
2,58417	-18
2,58483	-18
2,58550	-18
2,58617	-18
2,58683	-18
2,58750	-18
2,58817	-18
2,58883	-19
2,58950	-19
2,59017	-19
2,59083	-19
2,59150	-19
2,59217	-19
2,59283	-19
2,59350	-19
2,59417	-19
2,59483	-19
2,59550	-19
2,59617	-19
2,59683	-19
2,59750	-19
2,59817	-18
2,59883	-18
2,59950	-18
2,60017	-18
2,60083	-18
2,60150	-18
2,60217	-17
2,60283	-17
2,60350	-17
2,60417	-17
2,60483	-17
2,60550	-17
2,60617	-17
2,60683	-17
2,60750	-17
2,60817	-17
2,60883	-17
2,60950	-17
2,61017	-16
2,61083	-16
2,61150	-16
2,61217	-16
2,61283	-16
2,61350	-15
2,61417	-15
2,61483	-15
2,61550	-15
2,61617	-14
2,61683	-14
2,61750	-14
2,61817	-14
2,61883	-13
2,61950	-13
2,62017	-13
2,62083	-13
2,62150	-13
2,62217	-13
2,62283	-13
2,62350	-14
2,62417	-14
2,62483	-14
2,62550	-14
2,62617	-14
2,62683	-14
2,62750	-14
2,62817	-13
2,62883	-13
2,62950	-12
2,63017	-12
2,63083	-12
2,63150	-12
2,63217	-12
2,63283	-11
2,63350	-12
2,63417	-12
2,63483	-12
2,63550	-12
2,63617	-12
2,63683	-12
2,63750	-12
2,63817	-12
2,63883	-13
2,63950	-12
2,64017	-12
2,64083	-12
2,64150	-11
2,64217	-10
2,64283	-8
2,64350	-5
2,64417	0
2,64483	9
2,64550	22
2,64617	42
2,64683	74
2,64750	122
2,64817	197
2,64883	311
2,64950	482
2,65017	733
2,65083	1098
2,65150	1616
2,65217	2335
2,65283	3306
2,65350	4592
2,65417	6255
2,65483	8363
2,65550	10986
2,65617	14203
2,65683	18095
2,65750	22746
2,65817	28240
2,65883	34650
2,65950	42052
2,66017	50513
2,66083	60105
2,66150	70897
2,66217	82969
2,66283	96357
2,66350	111079
2,66417	127139
2,66483	144558
2,66550	163339
2,66617	183480
2,66683	204932
2,66750	227647
2,66817	251531
2,66883	276501
2,66950	302473
2,67017	329319
2,67083	356859
2,67150	384924
2,67217	413339
2,67283	441873
2,67350	470266
2,67417	498196
2,67483	525163
2,67550	550629
2,67617	574055
2,67683	594913
2,67750	612645
2,67817	626796
2,67883	637027
2,67950	643132
2,68017	644981
2,68083	642622
2,68150	636211
2,68217	626041
2,68283	612478
2,68350	595965
2,68417	576960
2,68483	555939
2,68550	533355
2,68617	509638
2,68683	485183
2,68750	460338
2,68817	435406
2,68883	410645
2,68950	386269
2,69017	362457
2,69083	339349
2,69150	317053
2,69217	295651
2,69283	275201
2,69350	255739
2,69417	237284
2,69483	219842
2,69550	203406
2,69617	187960
2,69683	173480
2,69750	159937
2,69817	147296
2,69883	135520
2,69950	124569
2,70017	114403
2,70083	104978
2,70150	96254
2,70217	88190
2,70283	80744
2,70350	73878
2,70417	67552
2,70483	61732
2,70550	56381
2,70617	51466
2,70683	46956
2,70750	42821
2,70817	39032
2,70883	35563
2,70950	32390
2,71017	29489
2,71083	26838
2,71150	24418
2,71217	22210
2,71283	20196
2,71350	18360
2,71417	16688
2,71483	15165
2,71550	13779
2,71617	12517
2,71683	11370
2,71750	10327
2,71817	9380
2,71883	8519
2,71950	7738
2,72017	7028
2,72083	6385
2,72150	5801
2,72217	5272
2,72283	4792
2,72350	4358
2,72417	3964
2,72483	3608
2,72550	3285
2,72617	2993
2,72683	2728
2,72750	2489
2,72817	2272
2,72883	2075
2,72950	1897
2,73017	1737
2,73083	1591
2,73150	1459
2,73217	1340
2,73283	1231
2,73350	1134
2,73417	1045
2,73483	964
2,73550	892
2,73617	826
2,73683	766
2,73750	711
2,73817	662
2,73883	617
2,73950	576
2,74017	539
2,74083	505
2,74150	474
2,74217	446
2,74283	421
2,74350	397
2,74417	376
2,74483	357
2,74550	339
2,74617	323
2,74683	308
2,74750	294
2,74817	282
2,74883	271
2,74950	261
2,75017	251
2,75083	242
2,75150	234
2,75217	226
2,75283	219
2,75350	212
2,75417	206
2,75483	200
2,75550	195
2,75617	190
2,75683	185
2,75750	181
2,75817	177
2,75883	173
2,75950	169
2,76017	166
2,76083	162
2,76150	159
2,76217	157
2,76283	154
2,76350	151
2,76417	149
2,76483	147
2,76550	144
2,76617	142
2,76683	139
2,76750	137
2,76817	135
2,76883	132
2,76950	130
2,77017	128
2,77083	126
2,77150	124
2,77217	122
2,77283	120
2,77350	118
2,77417	116
2,77483	114
2,77550	112
2,77617	110
2,77683	109
2,77750	107
2,77817	105
2,77883	103
2,77950	102
2,78017	100
2,78083	99
2,78150	97
2,78217	96
2,78283	94
2,78350	93
2,78417	91
2,78483	90
2,78550	88
2,78617	87
2,78683	86
2,78750	85
2,78817	83
2,78883	83
2,78950	82
2,79017	81
2,79083	80
2,79150	79
2,79217	78
2,79283	77
2,79350	76
2,79417	75
2,79483	74
2,79550	73
2,79617	72
2,79683	71
2,79750	70
2,79817	69
2,79883	68
2,79950	67
2,80017	67
2,80083	66
2,80150	65
2,80217	64
2,80283	64
2,80350	63
2,80417	63
2,80483	62
2,80550	61
2,80617	61
2,80683	61
2,80750	60
2,80817	60
2,80883	60
2,80950	60
2,81017	60
2,81083	60
2,81150	60
2,81217	60
2,81283	60
2,81350	60
2,81417	59
2,81483	59
2,81550	58
2,81617	58
2,81683	57
2,81750	57
2,81817	56
2,81883	56
2,81950	56
2,82017	56
2,82083	56
2,82150	55
2,82217	55
2,82283	55
2,82350	55
2,82417	55
2,82483	54
2,82550	54
2,82617	54
2,82683	53
2,82750	53
2,82817	52
2,82883	52
2,82950	51
2,83017	50
2,83083	49
2,83150	49
2,83217	48
2,83283	48
2,83350	47
2,83417	47
2,83483	46
2,83550	46
2,83617	45
2,83683	45
2,83750	44
2,83817	43
2,83883	42
2,83950	42
2,84017	41
2,84083	40
2,84150	40
2,84217	39
2,84283	39
2,84350	38
2,84417	38
2,84483	37
2,84550	37
2,84617	36
2,84683	36
2,84750	35
2,84817	35
2,84883	34
2,84950	34
2,85017	34
2,85083	33
2,85150	33
2,85217	33
2,85283	33
2,85350	32
2,85417	32
2,85483	32
2,85550	32
2,85617	32
2,85683	32
2,85750	32
2,85817	32
2,85883	32
2,85950	32
2,86017	32
2,86083	32
2,86150	32
2,86217	32
2,86283	32
2,86350	32
2,86417	32
2,86483	33
2,86550	33
2,86617	33
2,86683	33
2,86750	34
2,86817	34
2,86883	34
2,86950	34
2,87017	34
2,87083	35
2,87150	35
2,87217	35
2,87283	36
2,87350	36
2,87417	36
2,87483	37
2,87550	37
2,87617	37
2,87683	36
2,87750	36
2,87817	36
2,87883	36
2,87950	36
2,88017	36
2,88083	36
2,88150	36
2,88217	35
2,88283	35
2,88350	35
2,88417	35
2,88483	35
2,88550	35
2,88617	35
2,88683	35
2,88750	35
2,88817	35
2,88883	34
2,88950	34
2,89017	33
2,89083	33
2,89150	32
2,89217	31
2,89283	31
2,89350	30
2,89417	30
2,89483	29
2,89550	29
2,89617	28
2,89683	28
2,89750	27
2,89817	27
2,89883	26
2,89950	26
2,90017	25
2,90083	25
2,90150	24
2,90217	24
2,90283	23
2,90350	23
2,90417	22
2,90483	22
2,90550	22
2,90617	22
2,90683	22
2,90750	21
2,90817	21
2,90883	21
2,90950	20
2,91017	20
2,91083	20
2,91150	20
2,91217	20
2,91283	20
2,91350	20
2,91417	20
2,91483	20
2,91550	20
2,91617	20
2,91683	20
2,91750	20
2,91817	19
2,91883	19
2,91950	19
2,92017	19
2,92083	18
2,92150	18
2,92217	18
2,92283	18
2,92350	18
2,92417	18
2,92483	18
2,92550	18
2,92617	18
2,92683	18
2,92750	18
2,92817	18
2,92883	18
2,92950	18
2,93017	18
2,93083	18
2,93150	18
2,93217	18
2,93283	18
2,93350	18
2,93417	18
2,93483	17
2,93550	17
2,93617	17
2,93683	17
2,93750	17
2,93817	17
2,93883	17
2,93950	17
2,94017	16
2,94083	16
2,94150	16
2,94217	16
2,94283	15
2,94350	15
2,94417	14
2,94483	14
2,94550	14
2,94617	13
2,94683	13
2,94750	13
2,94817	12
2,94883	12
2,94950	12
2,95017	11
2,95083	11
2,95150	11
2,95217	11
2,95283	10
2,95350	10
2,95417	9
2,95483	9
2,95550	9
2,95617	9
2,95683	9
2,95750	9
2,95817	9
2,95883	10
2,95950	10
2,96017	10
2,96083	10
2,96150	10
2,96217	10
2,96283	10
2,96350	10
2,96417	10
2,96483	9
2,96550	9
2,96617	9
2,96683	8
2,96750	8
2,96817	8
2,96883	7
2,96950	7
2,97017	7
2,97083	7
2,97150	6
2,97217	6
2,97283	6
2,97350	6
2,97417	6
2,97483	6
2,97550	6
2,97617	6
2,97683	6
2,97750	6
2,97817	5
2,97883	5
2,97950	5
2,98017	4
2,98083	4
2,98150	3
2,98217	3
2,98283	3
2,98350	3
2,98417	3
2,98483	3
2,98550	3
2,98617	3
2,98683	3
2,98750	3
2,98817	3
2,98883	3
2,98950	3
2,99017	4
2,99083	4
2,99150	4
2,99217	4
2,99283	4
2,99350	4
2,99417	4
2,99483	4
2,99550	4
2,99617	4
2,99683	4
2,99750	3
2,99817	3
2,99883	3
2,99950	3
3,00017	3
3,00083	3
3,00150	3
3,00217	3
3,00283	3
3,00350	3
3,00417	3
3,00483	3
3,00550	2
3,00617	2
3,00683	2
3,00750	2
3,00817	2
3,00883	2
3,00950	2
3,01017	2
3,01083	2
3,01150	2
3,01217	2
3,01283	2
3,01350	2
3,01417	2
3,01483	2
3,01550	2
3,01617	2
3,01683	2
3,01750	2
3,01817	2
3,01883	2
3,01950	3
3,02017	3
3,02083	3
3,02150	3
3,02217	3
3,02283	4
3,02350	4
3,02417	4
3,02483	4
3,02550	4
3,02617	4
3,02683	4
3,02750	4
3,02817	4
3,02883	4
3,02950	4
3,03017	3
3,03083	3
3,03150	3
3,03217	3
3,03283	3
3,03350	3
3,03417	3
3,03483	2
3,03550	2
3,03617	2
3,03683	2
3,03750	2
3,03817	2
3,03883	2
3,03950	1
3,04017	1
3,04083	1
3,04150	1
3,04217	0
3,04283	0
3,04350	0
3,04417	1
3,04483	1
3,04550	2
3,04617	2
3,04683	4
3,04750	5
3,04817	7
3,04883	9
3,04950	11
3,05017	15
3,05083	19
3,05150	24
3,05217	30
3,05283	37
3,05350	46
3,05417	57
3,05483	69
3,05550	83
3,05617	99
3,05683	117
3,05750	136
3,05817	158
3,05883	182
3,05950	207
3,06017	234
3,06083	262
3,06150	291
3,06217	321
3,06283	352
3,06350	382
3,06417	411
3,06483	440
3,06550	468
3,06617	494
3,06683	517
3,06750	539
3,06817	558
3,06883	575
3,06950	588
3,07017	598
3,07083	605
3,07150	609
3,07217	610
3,07283	607
3,07350	602
3,07417	594
3,07483	584
3,07550	572
3,07617	558
3,07683	542
3,07750	525
3,07817	506
3,07883	487
3,07950	467
3,08017	446
3,08083	425
3,08150	404
3,08217	384
3,08283	363
3,08350	343
3,08417	324
3,08483	305
3,08550	286
3,08617	269
3,08683	252
3,08750	235
3,08817	220
3,08883	205
3,08950	191
3,09017	178
3,09083	166
3,09150	154
3,09217	143
3,09283	133
3,09350	123
3,09417	114
3,09483	105
3,09550	97
3,09617	90
3,09683	83
3,09750	77
3,09817	71
3,09883	65
3,09950	60
3,10017	56
3,10083	51
3,10150	47
3,10217	44
3,10283	41
3,10350	38
3,10417	35
3,10483	32
3,10550	30
3,10617	28
3,10683	25
3,10750	23
3,10817	21
3,10883	20
3,10950	18
3,11017	16
3,11083	15
3,11150	14
3,11217	13
3,11283	12
3,11350	11
3,11417	11
3,11483	10
3,11550	10
3,11617	9
3,11683	9
3,11750	8
3,11817	8
3,11883	7
3,11950	7
3,12017	6
3,12083	6
3,12150	5
3,12217	5
3,12283	4
3,12350	4
3,12417	3
3,12483	3
3,12550	2
3,12617	2
3,12683	1
3,12750	1
3,12817	1
3,12883	0
3,12950	0
3,13017	0
3,13083	-0
3,13150	-0
3,13217	-0
3,13283	-1
3,13350	-1
3,13417	-1
3,13483	-1
3,13550	-1
3,13617	-2
3,13683	-2
3,13750	-2
3,13817	-2
3,13883	-3
3,13950	-3
3,14017	-3
3,14083	-3
3,14150	-3
3,14217	-2
3,14283	-2
3,14350	-2
3,14417	-2
3,14483	-2
3,14550	-2
3,14617	-2
3,14683	-2
3,14750	-3
3,14817	-3
3,14883	-3
3,14950	-3
3,15017	-3
3,15083	-3
3,15150	-4
3,15217	-4
3,15283	-4
3,15350	-4
3,15417	-4
3,15483	-4
3,15550	-4
3,15617	-3
3,15683	-3
3,15750	-3
3,15817	-3
3,15883	-3
3,15950	-3
3,16017	-4
3,16083	-4
3,16150	-4
3,16217	-5
3,16283	-5
3,16350	-5
3,16417	-5
3,16483	-5
3,16550	-5
3,16617	-5
3,16683	-5
3,16750	-5
3,16817	-5
3,16883	-5
3,16950	-5
3,17017	-5
3,17083	-5
3,17150	-4
3,17217	-4
3,17283	-4
3,17350	-3
3,17417	-3
3,17483	-3
3,17550	-2
3,17617	-2
3,17683	-2
3,17750	-2
3,17817	-2
3,17883	-2
3,17950	-1
3,18017	-1
3,18083	-1
3,18150	-1
3,18217	-1
3,18283	-1
3,18350	-1
3,18417	-1
3,18483	-1
3,18550	-1
3,18617	-1
3,18683	-1
3,18750	-2
3,18817	-2
3,18883	-2
3,18950	-3
3,19017	-3
3,19083	-4
3,19150	-4
3,19217	-4
3,19283	-5
3,19350	-5
3,19417	-5
3,19483	-5
3,19550	-5
3,19617	-6
3,19683	-6
3,19750	-6
3,19817	-6
3,19883	-7
3,19950	-7
3,20017	-7
3,20083	-7
3,20150	-7
3,20217	-7
3,20283	-7
3,20350	-7
3,20417	-7
3,20483	-7
3,20550	-7
3,20617	-7
3,20683	-7
3,20750	-6
3,20817	-6
3,20883	-6
3,20950	-7
3,21017	-7
3,21083	-7
3,21150	-7
3,21217	-7
3,21283	-7
3,21350	-7
3,21417	-7
3,21483	-7
3,21550	-7
3,21617	-7
3,21683	-7
3,21750	-7
3,21817	-7
3,21883	-7
3,21950	-8
3,22017	-8
3,22083	-8
3,22150	-8
3,22217	-8
3,22283	-8
3,22350	-8
3,22417	-8
3,22483	-8
3,22550	-7
3,22617	-7
3,22683	-7
3,22750	-7
3,22817	-7
3,22883	-7
3,22950	-7
3,23017	-7
3,23083	-8
3,23150	-8
3,23217	-8
3,23283	-8
3,23350	-8
3,23417	-8
3,23483	-8
3,23550	-8
3,23617	-8
3,23683	-8
3,23750	-8
3,23817	-8
3,23883	-8
3,23950	-7
3,24017	-7
3,24083	-7
3,24150	-7
3,24217	-7
3,24283	-7
3,24350	-7
3,24417	-7
3,24483	-7
3,24550	-7
3,24617	-6
3,24683	-6
3,24750	-6
3,24817	-6
3,24883	-6
3,24950	-6
3,25017	-6
3,25083	-6
3,25150	-6
3,25217	-6
3,25283	-7
3,25350	-7
3,25417	-7
3,25483	-7
3,25550	-8
3,25617	-8
3,25683	-8
3,25750	-8
3,25817	-9
3,25883	-9
3,25950	-9
3,26017	-9
3,26083	-9
3,26150	-9
3,26217	-9
3,26283	-9
3,26350	-9
3,26417	-9
3,26483	-9
3,26550	-8
3,26617	-8
3,26683	-8
3,26750	-8
3,26817	-8
3,26883	-8
3,26950	-8
3,27017	-8
3,27083	-7
3,27150	-7
3,27217	-7
3,27283	-7
3,27350	-7
3,27417	-7
3,27483	-7
3,27550	-6
3,27617	-6
3,27683	-6
3,27750	-6
3,27817	-6
3,27883	-6
3,27950	-6
3,28017	-6
3,28083	-6
3,28150	-6
3,28217	-6
3,28283	-6
3,28350	-6
3,28417	-6
3,28483	-6
3,28550	-6
3,28617	-6
3,28683	-6
3,28750	-6
3,28817	-6
3,28883	-5
3,28950	-5
3,29017	-5
3,29083	-5
3,29150	-5
3,29217	-5
3,29283	-5
3,29350	-5
3,29417	-4
3,29483	-4
3,29550	-4
3,29617	-4
3,29683	-4
3,29750	-4
3,29817	-4
3,29883	-4
3,29950	-5
3,30017	-5
3,30083	-5
3,30150	-5
3,30217	-5
3,30283	-5
3,30350	-4
3,30417	-4
3,30483	-4
3,30550	-4
3,30617	-4
3,30683	-4
3,30750	-4
3,30817	-3
3,30883	-3
3,30950	-3
3,31017	-3
3,31083	-3
3,31150	-3
3,31217	-3
3,31283	-3
3,31350	-3
3,31417	-3
3,31483	-3
3,31550	-3
3,31617	-3
3,31683	-4
3,31750	-4
3,31817	-4
3,31883	-4
3,31950	-5
3,32017	-5
3,32083	-5
3,32150	-5
3,32217	-6
3,32283	-6
3,32350	-6
3,32417	-6
3,32483	-6
3,32550	-6
3,32617	-6
3,32683	-6
3,32750	-6
3,32817	-6
3,32883	-6
3,32950	-6
3,33017	-6
3,33083	-6
3,33150	-6
3,33217	-6
3,33283	-6
3,33350	-6
3,33417	-6
3,33483	-6
3,33550	-6
3,33617	-6
3,33683	-6
3,33750	-6
3,33817	-6
3,33883	-6
3,33950	-6
3,34017	-6
3,34083	-6
3,34150	-6
3,34217	-6
3,34283	-6
3,34350	-6
3,34417	-6
3,34483	-6
3,34550	-7
3,34617	-7
3,34683	-7
3,34750	-7
3,34817	-8
3,34883	-8
3,34950	-9
3,35017	-9
3,35083	-9
3,35150	-9
3,35217	-9
3,35283	-9
3,35350	-9
3,35417	-9
3,35483	-8
3,35550	-8
3,35617	-8
3,35683	-7
3,35750	-7
3,35817	-7
3,35883	-7
3,35950	-7
3,36017	-7
3,36083	-8
3,36150	-8
3,36217	-8
3,36283	-8
3,36350	-8
3,36417	-8
3,36483	-8
3,36550	-8
3,36617	-8
3,36683	-8
3,36750	-8
3,36817	-8
3,36883	-8
3,36950	-8
3,37017	-8
3,37083	-8
3,37150	-8
3,37217	-8
3,37283	-8
3,37350	-8
3,37417	-8
3,37483	-8
3,37550	-8
3,37617	-8
3,37683	-7
3,37750	-7
3,37817	-7
3,37883	-7
3,37950	-7
3,38017	-7
3,38083	-7
3,38150	-6
3,38217	-6
3,38283	-6
3,38350	-6
3,38417	-6
3,38483	-6
3,38550	-6
3,38617	-6
3,38683	-6
3,38750	-6
3,38817	-5
3,38883	-5
3,38950	-5
3,39017	-5
3,39083	-4
3,39150	-4
3,39217	-4
3,39283	-4
3,39350	-4
3,39417	-4
3,39483	-4
3,39550	-4
3,39617	-4
3,39683	-4
3,39750	-4
3,39817	-4
3,39883	-4
3,39950	-4
3,40017	-4
3,40083	-4
3,40150	-5
3,40217	-5
3,40283	-5
3,40350	-5
3,40417	-5
3,40483	-5
3,40550	-5
3,40617	-5
3,40683	-5
3,40750	-5
3,40817	-5
3,40883	-5
3,40950	-5
3,41017	-5
3,41083	-5
3,41150	-5
3,41217	-5
3,41283	-5
3,41350	-5
3,41417	-5
3,41483	-5
3,41550	-5
3,41617	-5
3,41683	-5
3,41750	-5
3,41817	-5
3,41883	-5
3,41950	-5
3,42017	-5
3,42083	-5
3,42150	-4
3,42217	-4
3,42283	-4
3,42350	-4
3,42417	-3
3,42483	-3
3,42550	-3
3,42617	-3
3,42683	-3
3,42750	-2
3,42817	-2
3,42883	-1
3,42950	-0
3,43017	1
3,43083	1
3,43150	2
3,43217	3
3,43283	4
3,43350	4
3,43417	5
3,43483	5
3,43550	6
3,43617	6
3,43683	7
3,43750	7
3,43817	7
3,43883	8
3,43950	8
3,44017	9
3,44083	10
3,44150	10
3,44217	11
3,44283	12
3,44350	13
3,44417	14
3,44483	14
3,44550	15
3,44617	16
3,44683	16
3,44750	17
3,44817	17
3,44883	18
3,44950	18
3,45017	18
3,45083	19
3,45150	19
3,45217	19
3,45283	20
3,45350	20
3,45417	20
3,45483	20
3,45550	20
3,45617	20
3,45683	20
3,45750	20
3,45817	20
3,45883	20
3,45950	20
3,46017	20
3,46083	20
3,46150	20
3,46217	20
3,46283	20
3,46350	20
3,46417	20
3,46483	20
3,46550	19
3,46617	19
3,46683	19
3,46750	19
3,46817	18
3,46883	18
3,46950	18
3,47017	18
3,47083	18
3,47150	18
3,47217	17
3,47283	17
3,47350	17
3,47417	16
3,47483	16
3,47550	16
3,47617	16
3,47683	16
3,47750	16
3,47817	16
3,47883	17
3,47950	17
3,48017	17
3,48083	17
3,48150	17
3,48217	17
3,48283	17
3,48350	17
3,48417	17
3,48483	18
3,48550	18
3,48617	19
3,48683	19
3,48750	19
3,48817	19
3,48883	20
3,48950	20
3,49017	20
3,49083	20
3,49150	21
3,49217	21
3,49283	21
3,49350	21
3,49417	21
3,49483	21
3,49550	21
3,49617	22
3,49683	22
3,49750	22
3,49817	21
3,49883	21
3,49950	21
3,50017	21
3,50083	22
3,50150	22
3,50217	22
3,50283	23
3,50350	23
3,50417	23
3,50483	23
3,50550	23
3,50617	24
3,50683	24
3,50750	24
3,50817	23
3,50883	23
3,50950	23
3,51017	23
3,51083	23
3,51150	23
3,51217	23
3,51283	23
3,51350	23
3,51417	23
3,51483	23
3,51550	23
3,51617	23
3,51683	24
3,51750	24
3,51817	24
3,51883	23
3,51950	23
3,52017	22
3,52083	22
3,52150	22
3,52217	21
3,52283	21
3,52350	21
3,52417	20
3,52483	20
3,52550	20
3,52617	20
3,52683	20
3,52750	20
3,52817	19
3,52883	19
3,52950	19
3,53017	19
3,53083	19
3,53150	18
3,53217	18
3,53283	18
3,53350	18
3,53417	18
3,53483	18
3,53550	19
3,53617	19
3,53683	19
3,53750	19
3,53817	19
3,53883	20
3,53950	20
3,54017	20
3,54083	20
3,54150	20
3,54217	20
3,54283	20
3,54350	21
3,54417	21
3,54483	21
3,54550	21
3,54617	21
3,54683	21
3,54750	22
3,54817	22
3,54883	22
3,54950	22
3,55017	22
3,55083	22
3,55150	23
3,55217	23
3,55283	23
3,55350	23
3,55417	23
3,55483	24
3,55550	24
3,55617	24
3,55683	24
3,55750	25
3,55817	25
3,55883	25
3,55950	25
3,56017	25
3,56083	25
3,56150	25
3,56217	25
3,56283	25
3,56350	25
3,56417	24
3,56483	24
3,56550	24
3,56617	24
3,56683	23
3,56750	23
3,56817	23
3,56883	22
3,56950	22
3,57017	22
3,57083	21
3,57150	21
3,57217	21
3,57283	20
3,57350	20
3,57417	20
3,57483	20
3,57550	19
3,57617	19
3,57683	19
3,57750	19
3,57817	19
3,57883	19
3,57950	19
3,58017	19
3,58083	19
3,58150	19
3,58217	19
3,58283	19
3,58350	19
3,58417	19
3,58483	19
3,58550	19
3,58617	19
3,58683	19
3,58750	19
3,58817	19
3,58883	19
3,58950	19
3,59017	19
3,59083	19
3,59150	19
3,59217	19
3,59283	19
3,59350	19
3,59417	19
3,59483	19
3,59550	19
3,59617	19
3,59683	18
3,59750	18
3,59817	18
3,59883	18
3,59950	17
3,60017	17
3,60083	17
3,60150	17
3,60217	17
3,60283	17
3,60350	17
3,60417	17
3,60483	17
3,60550	17
3,60617	16
3,60683	16
3,60750	16
3,60817	16
3,60883	16
3,60950	16
3,61017	16
3,61083	16
3,61150	16
3,61217	16
3,61283	16
3,61350	16
3,61417	16
3,61483	16
3,61550	16
3,61617	16
3,61683	16
3,61750	16
3,61817	16
3,61883	16
3,61950	16
3,62017	16
3,62083	16
3,62150	16
3,62217	16
3,62283	16
3,62350	16
3,62417	16
3,62483	15
3,62550	15
3,62617	15
3,62683	15
3,62750	15
3,62817	15
3,62883	15
3,62950	15
3,63017	15
3,63083	15
3,63150	15
3,63217	15
3,63283	15
3,63350	15
3,63417	15
3,63483	15
3,63550	15
3,63617	15
3,63683	15
3,63750	15
3,63817	15
3,63883	16
3,63950	16
3,64017	17
3,64083	17
3,64150	18
3,64217	19
3,64283	20
3,64350	21
3,64417	22
3,64483	23
3,64550	24
3,64617	25
3,64683	26
3,64750	27
3,64817	27
3,64883	28
3,64950	29
3,65017	29
3,65083	30
3,65150	30
3,65217	31
3,65283	31
3,65350	32
3,65417	32
3,65483	33
3,65550	33
3,65617	33
3,65683	34
3,65750	34
3,65817	34
3,65883	34
3,65950	33
3,66017	33
3,66083	32
3,66150	32
3,66217	31
3,66283	31
3,66350	30
3,66417	29
3,66483	29
3,66550	28
3,66617	27
3,66683	27
3,66750	26
3,66817	25
3,66883	24
3,66950	24
3,67017	23
3,67083	22
3,67150	22
3,67217	21
3,67283	21
3,67350	20
3,67417	20
3,67483	20
3,67550	19
3,67617	19
3,67683	18
3,67750	18
3,67817	18
3,67883	17
3,67950	17
3,68017	17
3,68083	17
3,68150	17
3,68217	17
3,68283	17
3,68350	17
3,68417	17
3,68483	17
3,68550	18
3,68617	18
3,68683	18
3,68750	19
3,68817	19
3,68883	19
3,68950	19
3,69017	19
3,69083	19
3,69150	20
3,69217	20
3,69283	20
3,69350	20
3,69417	21
3,69483	21
3,69550	21
3,69617	21
3,69683	22
3,69750	22
3,69817	22
3,69883	22
3,69950	22
3,70017	23
3,70083	23
3,70150	23
3,70217	23
3,70283	23
3,70350	23
3,70417	23
3,70483	23
3,70550	23
3,70617	23
3,70683	23
3,70750	23
3,70817	23
3,70883	23
3,70950	23
3,71017	23
3,71083	22
3,71150	22
3,71217	22
3,71283	22
3,71350	22
3,71417	22
3,71483	21
3,71550	21
3,71617	21
3,71683	21
3,71750	21
3,71817	22
3,71883	22
3,71950	22
3,72017	22
3,72083	22
3,72150	22
3,72217	22
3,72283	22
3,72350	21
3,72417	21
3,72483	21
3,72550	21
3,72617	21
3,72683	21
3,72750	22
3,72817	22
3,72883	22
3,72950	22
3,73017	22
3,73083	22
3,73150	22
3,73217	22
3,73283	22
3,73350	21
3,73417	21
3,73483	21
3,73550	21
3,73617	21
3,73683	21
3,73750	21
3,73817	21
3,73883	21
3,73950	21
3,74017	21
3,74083	21
3,74150	20
3,74217	20
3,74283	20
3,74350	20
3,74417	19
3,74483	19
3,74550	19
3,74617	20
3,74683	20
3,74750	20
3,74817	20
3,74883	20
3,74950	21
3,75017	21
3,75083	21
3,75150	21
3,75217	21
3,75283	21
3,75350	21
3,75417	21
3,75483	21
3,75550	21
3,75617	22
3,75683	22
3,75750	22
3,75817	22
3,75883	22
3,75950	22
3,76017	22
3,76083	23
3,76150	23
3,76217	23
3,76283	23
3,76350	23
3,76417	23
3,76483	22
3,76550	22
3,76617	22
3,76683	22
3,76750	22
3,76817	21
3,76883	21
3,76950	21
3,77017	21
3,77083	21
3,77150	21
3,77217	21
3,77283	21
3,77350	21
3,77417	21
3,77483	20
3,77550	20
3,77617	20
3,77683	19
3,77750	19
3,77817	19
3,77883	19
3,77950	19
3,78017	19
3,78083	20
3,78150	20
3,78217	20
3,78283	20
3,78350	21
3,78417	21
3,78483	21
3,78550	21
3,78617	22
3,78683	22
3,78750	22
3,78817	22
3,78883	22
3,78950	22
3,79017	22
3,79083	22
3,79150	22
3,79217	22
3,79283	22
3,79350	22
3,79417	23
3,79483	23
3,79550	23
3,79617	22
3,79683	22
3,79750	22
3,79817	22
3,79883	22
3,79950	22
3,80017	22
3,80083	22
3,80150	22
3,80217	22
3,80283	23
3,80350	23
3,80417	23
3,80483	24
3,80550	24
3,80617	24
3,80683	24
3,80750	24
3,80817	24
3,80883	24
3,80950	24
3,81017	24
3,81083	24
3,81150	24
3,81217	24
3,81283	24
3,81350	24
3,81417	24
3,81483	24
3,81550	23
3,81617	23
3,81683	23
3,81750	23
3,81817	22
3,81883	22
3,81950	21
3,82017	21
3,82083	21
3,82150	20
3,82217	20
3,82283	20
3,82350	20
3,82417	20
3,82483	20
3,82550	20
3,82617	20
3,82683	20
3,82750	20
3,82817	20
3,82883	20
3,82950	20
3,83017	20
3,83083	20
3,83150	20
3,83217	20
3,83283	20
3,83350	20
3,83417	20
3,83483	20
3,83550	20
3,83617	20
3,83683	20
3,83750	20
3,83817	20
3,83883	20
3,83950	20
3,84017	20
3,84083	20
3,84150	19
3,84217	19
3,84283	19
3,84350	19
3,84417	19
3,84483	19
3,84550	19
3,84617	18
3,84683	18
3,84750	18
3,84817	18
3,84883	18
3,84950	17
3,85017	17
3,85083	17
3,85150	17
3,85217	16
3,85283	16
3,85350	16
3,85417	16
3,85483	16
3,85550	16
3,85617	16
3,85683	16
3,85750	16
3,85817	16
3,85883	16
3,85950	16
3,86017	16
3,86083	16
3,86150	16
3,86217	17
3,86283	17
3,86350	17
3,86417	17
3,86483	17
3,86550	17
3,86617	17
3,86683	18
3,86750	18
3,86817	18
3,86883	18
3,86950	18
3,87017	18
3,87083	18
3,87150	18
3,87217	18
3,87283	18
3,87350	18
3,87417	18
3,87483	18
3,87550	18
3,87617	19
3,87683	19
3,87750	19
3,87817	19
3,87883	19
3,87950	19
3,88017	19
3,88083	19
3,88150	19
3,88217	18
3,88283	18
3,88350	18
3,88417	18
3,88483	18
3,88550	18
3,88617	19
3,88683	19
3,88750	19
3,88817	19
3,88883	19
3,88950	20
3,89017	20
3,89083	20
3,89150	20
3,89217	20
3,89283	20
3,89350	19
3,89417	19
3,89483	19
3,89550	19
3,89617	19
3,89683	19
3,89750	19
3,89817	19
3,89883	20
3,89950	20
3,90017	20
3,90083	21
3,90150	21
3,90217	21
3,90283	21
3,90350	21
3,90417	22
3,90483	22
3,90550	22
3,90617	22
3,90683	22
3,90750	23
3,90817	23
3,90883	24
3,90950	24
3,91017	25
3,91083	25
3,91150	26
3,91217	26
3,91283	26
3,91350	26
3,91417	26
3,91483	26
3,91550	26
3,91617	26
3,91683	26
3,91750	26
3,91817	26
3,91883	26
3,91950	25
3,92017	25
3,92083	25
3,92150	25
3,92217	24
3,92283	24
3,92350	24
3,92417	23
3,92483	23
3,92550	22
3,92617	22
3,92683	22
3,92750	22
3,92817	23
3,92883	23
3,92950	24
3,93017	24
3,93083	24
3,93150	25
3,93217	25
3,93283	25
3,93350	26
3,93417	26
3,93483	26
3,93550	27
3,93617	27
3,93683	27
3,93750	27
3,93817	27
3,93883	27
3,93950	27
3,94017	27
3,94083	28
3,94150	28
3,94217	28
3,94283	28
3,94350	28
3,94417	28
3,94483	29
3,94550	29
3,94617	29
3,94683	29
3,94750	29
3,94817	29
3,94883	28
3,94950	28
3,95017	27
3,95083	27
3,95150	26
3,95217	26
3,95283	25
3,95350	25
3,95417	24
3,95483	24
3,95550	23
3,95617	23
3,95683	23
3,95750	22
3,95817	22
3,95883	22
3,95950	21
3,96017	21
3,96083	21
3,96150	21
3,96217	21
3,96283	20
3,96350	20
3,96417	20
3,96483	19
3,96550	19
3,96617	19
3,96683	19
3,96750	19
3,96817	18
3,96883	18
3,96950	18
3,97017	19
3,97083	19
3,97150	19
3,97217	19
3,97283	19
3,97350	19
3,97417	19
3,97483	19
3,97550	19
3,97617	20
3,97683	20
3,97750	19
3,97817	19
3,97883	19
3,97950	18
3,98017	18
3,98083	18
3,98150	18
3,98217	18
3,98283	17
3,98350	17
3,98417	17
3,98483	17
3,98550	17
3,98617	17
3,98683	17
3,98750	17
3,98817	17
3,98883	17
3,98950	17
3,99017	16
3,99083	16
3,99150	16
3,99217	16
3,99283	16
3,99350	16
3,99417	16
3,99483	16
3,99550	16
3,99617	16
3,99683	17
3,99750	17
3,99817	17
3,99883	17
3,99950	17
4,00017	16
4,00083	16
4,00150	16
4,00217	16
4,00283	15
4,00350	15
4,00417	15
4,00483	14
4,00550	13
4,00617	13
4,00683	13
4,00750	13
4,00817	13
4,00883	13
4,00950	14
4,01017	14
4,01083	14
4,01150	14
4,01217	15
4,01283	15
4,01350	15
4,01417	15
4,01483	15
4,01550	15
4,01617	15
4,01683	16
4,01750	16
4,01817	16
4,01883	16
4,01950	16
4,02017	16
4,02083	16
4,02150	16
4,02217	16
4,02283	16
4,02350	16
4,02417	16
4,02483	16
4,02550	16
4,02617	16
4,02683	16
4,02750	16
4,02817	17
4,02883	17
4,02950	17
4,03017	17
4,03083	17
4,03150	17
4,03217	17
4,03283	17
4,03350	17
4,03417	16
4,03483	16
4,03550	17
4,03617	17
4,03683	17
4,03750	17
4,03817	17
4,03883	17
4,03950	17
4,04017	17
4,04083	17
4,04150	17
4,04217	17
4,04283	17
4,04350	17
4,04417	17
4,04483	17
4,04550	16
4,04617	16
4,04683	16
4,04750	16
4,04817	16
4,04883	16
4,04950	16
4,05017	16
4,05083	16
4,05150	16
4,05217	16
4,05283	16
4,05350	16
4,05417	16
4,05483	16
4,05550	16
4,05617	16
4,05683	16
4,05750	16
4,05817	16
4,05883	16
4,05950	16
4,06017	15
4,06083	15
4,06150	15
4,06217	15
4,06283	15
4,06350	15
4,06417	15
4,06483	16
4,06550	16
4,06617	16
4,06683	16
4,06750	16
4,06817	16
4,06883	15
4,06950	15
4,07017	15
4,07083	15
4,07150	15
4,07217	15
4,07283	15
4,07350	15
4,07417	15
4,07483	15
4,07550	15
4,07617	15
4,07683	14
4,07750	14
4,07817	14
4,07883	14
4,07950	14
4,08017	14
4,08083	14
4,08150	14
4,08217	14
4,08283	14
4,08350	14
4,08417	13
4,08483	13
4,08550	13
4,08617	13
4,08683	13
4,08750	12
4,08817	12
4,08883	12
4,08950	12
4,09017	12
4,09083	12
4,09150	12
4,09217	12
4,09283	11
4,09350	11
4,09417	11
4,09483	11
4,09550	11
4,09617	11
4,09683	11
4,09750	11
4,09817	11
4,09883	11
4,09950	11
4,10017	11
4,10083	11
4,10150	11
4,10217	11
4,10283	12
4,10350	12
4,10417	12
4,10483	13
4,10550	13
4,10617	13
4,10683	13
4,10750	13
4,10817	14
4,10883	14
4,10950	14
4,11017	14
4,11083	14
4,11150	14
4,11217	14
4,11283	14
4,11350	14
4,11417	14
4,11483	14
4,11550	14
4,11617	15
4,11683	15
4,11750	15
4,11817	15
4,11883	15
4,11950	15
4,12017	15
4,12083	15
4,12150	15
4,12217	15
4,12283	16
4,12350	16
4,12417	16
4,12483	16
4,12550	15
4,12617	15
4,12683	15
4,12750	15
4,12817	15
4,12883	15
4,12950	15
4,13017	15
4,13083	14
4,13150	14
4,13217	14
4,13283	14
4,13350	13
4,13417	13
4,13483	13
4,13550	12
4,13617	12
4,13683	12
4,13750	12
4,13817	12
4,13883	12
4,13950	11
4,14017	11
4,14083	11
4,14150	11
4,14217	11
4,14283	11
4,14350	11
4,14417	11
4,14483	11
4,14550	11
4,14617	12
4,14683	12
4,14750	12
4,14817	12
4,14883	12
4,14950	12
4,15017	12
4,15083	12
4,15150	12
4,15217	12
4,15283	12
4,15350	12
4,15417	12
4,15483	12
4,15550	13
4,15617	13
4,15683	13
4,15750	13
4,15817	13
4,15883	13
4,15950	12
4,16017	12
4,16083	12
4,16150	12
4,16217	12
4,16283	12
4,16350	12
4,16417	12
4,16483	12
4,16550	12
4,16617	12
4,16683	12
4,16750	12
4,16817	12
4,16883	12
4,16950	12
4,17017	12
4,17083	12
4,17150	12
4,17217	12
4,17283	12
4,17350	12
4,17417	13
4,17483	13
4,17550	13
4,17617	12
4,17683	12
4,17750	13
4,17817	13
4,17883	13
4,17950	13
4,18017	13
4,18083	13
4,18150	13
4,18217	14
4,18283	14
4,18350	14
4,18417	14
4,18483	14
4,18550	14
4,18617	14
4,18683	14
4,18750	14
4,18817	14
4,18883	13
4,18950	13
4,19017	13
4,19083	12
4,19150	12
4,19217	12
4,19283	12
4,19350	12
4,19417	11
4,19483	11
4,19550	11
4,19617	10
4,19683	10
4,19750	10
4,19817	10
4,19883	10
4,19950	11
4,20017	11
4,20083	11
4,20150	11
4,20217	11
4,20283	11
4,20350	11
4,20417	11
4,20483	11
4,20550	11
4,20617	11
4,20683	11
4,20750	11
4,20817	12
4,20883	11
4,20950	11
4,21017	11
4,21083	11
4,21150	11
4,21217	11
4,21283	11
4,21350	11
4,21417	11
4,21483	10
4,21550	10
4,21617	10
4,21683	10
4,21750	11
4,21817	11
4,21883	11
4,21950	11
4,22017	12
4,22083	12
4,22150	12
4,22217	12
4,22283	12
4,22350	12
4,22417	12
4,22483	12
4,22550	12
4,22617	12
4,22683	12
4,22750	13
4,22817	13
4,22883	13
4,22950	13
4,23017	14
4,23083	14
4,23150	14
4,23217	14
4,23283	14
4,23350	14
4,23417	14
4,23483	14
4,23550	14
4,23617	14
4,23683	14
4,23750	14
4,23817	14
4,23883	14
4,23950	14
4,24017	15
4,24083	15
4,24150	15
4,24217	15
4,24283	15
4,24350	16
4,24417	16
4,24483	17
4,24550	17
4,24617	18
4,24683	19
4,24750	19
4,24817	20
4,24883	20
4,24950	21
4,25017	22
4,25083	22
4,25150	22
4,25217	23
4,25283	23
4,25350	24
4,25417	24
4,25483	25
4,25550	25
4,25617	25
4,25683	25
4,25750	25
4,25817	25
4,25883	25
4,25950	25
4,26017	25
4,26083	25
4,26150	25
4,26217	25
4,26283	25
4,26350	25
4,26417	24
4,26483	24
4,26550	23
4,26617	23
4,26683	22
4,26750	22
4,26817	21
4,26883	21
4,26950	20
4,27017	20
4,27083	20
4,27150	20
4,27217	19
4,27283	19
4,27350	19
4,27417	19
4,27483	19
4,27550	19
4,27617	18
4,27683	18
4,27750	18
4,27817	18
4,27883	18
4,27950	18
4,28017	17
4,28083	17
4,28150	17
4,28217	17
4,28283	17
4,28350	16
4,28417	16
4,28483	16
4,28550	16
4,28617	16
4,28683	16
4,28750	15
4,28817	15
4,28883	15
4,28950	15
4,29017	14
4,29083	14
4,29150	13
4,29217	13
4,29283	13
4,29350	13
4,29417	12
4,29483	12
4,29550	12
4,29617	12
4,29683	12
4,29750	12
4,29817	12
4,29883	12
4,29950	12
4,30017	12
4,30083	13
4,30150	13
4,30217	13
4,30283	13
4,30350	13
4,30417	14
4,30483	14
4,30550	14
4,30617	14
4,30683	14
4,30750	14
4,30817	14
4,30883	14
4,30950	14
4,31017	14
4,31083	14
4,31150	14
4,31217	14
4,31283	14
4,31350	14
4,31417	14
4,31483	14
4,31550	14
4,31617	14
4,31683	13
4,31750	13
4,31817	13
4,31883	12
4,31950	12
4,32017	12
4,32083	11
4,32150	11
4,32217	11
4,32283	11
4,32350	11
4,32417	11
4,32483	11
4,32550	12
4,32617	12
4,32683	12
4,32750	13
4,32817	13
4,32883	13
4,32950	13
4,33017	13
4,33083	13
4,33150	13
4,33217	13
4,33283	13
4,33350	13
4,33417	13
4,33483	13
4,33550	13
4,33617	14
4,33683	14
4,33750	14
4,33817	14
4,33883	14
4,33950	14
4,34017	14
4,34083	14
4,34150	14
4,34217	14
4,34283	14
4,34350	15
4,34417	15
4,34483	14
4,34550	14
4,34617	14
4,34683	14
4,34750	14
4,34817	14
4,34883	14
4,34950	14
4,35017	14
4,35083	14
4,35150	14
4,35217	14
4,35283	14
4,35350	14
4,35417	14
4,35483	14
4,35550	14
4,35617	14
4,35683	14
4,35750	14
4,35817	14
4,35883	13
4,35950	13
4,36017	13
4,36083	13
4,36150	12
4,36217	12
4,36283	12
4,36350	12
4,36417	12
4,36483	12
4,36550	12
4,36617	12
4,36683	13
4,36750	13
4,36817	13
4,36883	13
4,36950	13
4,37017	13
4,37083	13
4,37150	13
4,37217	12
4,37283	12
4,37350	12
4,37417	12
4,37483	12
4,37550	12
4,37617	12
4,37683	13
4,37750	13
4,37817	13
4,37883	13
4,37950	14
4,38017	14
4,38083	14
4,38150	14
4,38217	14
4,38283	14
4,38350	15
4,38417	15
4,38483	15
4,38550	15
4,38617	15
4,38683	15
4,38750	15
4,38817	16
4,38883	16
4,38950	16
4,39017	16
4,39083	16
4,39150	16
4,39217	17
4,39283	17
4,39350	17
4,39417	16
4,39483	16
4,39550	16
4,39617	16
4,39683	16
4,39750	15
4,39817	15
4,39883	15
4,39950	15
4,40017	15
4,40083	15
4,40150	15
4,40217	15
4,40283	15
4,40350	15
4,40417	15
4,40483	15
4,40550	14
4,40617	14
4,40683	14
4,40750	14
4,40817	14
4,40883	14
4,40950	14
4,41017	14
4,41083	14
4,41150	14
4,41217	14
4,41283	13
4,41350	13
4,41417	13
4,41483	13
4,41550	12
4,41617	12
4,41683	12
4,41750	12
4,41817	11
4,41883	11
4,41950	11
4,42017	11
4,42083	11
4,42150	11
4,42217	11
4,42283	11
4,42350	12
4,42417	12
4,42483	12
4,42550	12
4,42617	12
4,42683	12
4,42750	12
4,42817	13
4,42883	13
4,42950	13
4,43017	14
4,43083	14
4,43150	14
4,43217	14
4,43283	15
4,43350	15
4,43417	15
4,43483	15
4,43550	15
4,43617	15
4,43683	14
4,43750	14
4,43817	14
4,43883	14
4,43950	14
4,44017	14
4,44083	14
4,44150	14
4,44217	14
4,44283	14
4,44350	14
4,44417	14
4,44483	15
4,44550	15
4,44617	15
4,44683	15
4,44750	16
4,44817	16
4,44883	16
4,44950	16
4,45017	16
4,45083	15
4,45150	15
4,45217	15
4,45283	15
4,45350	14
4,45417	14
4,45483	14
4,45550	14
4,45617	14
4,45683	14
4,45750	14
4,45817	14
4,45883	14
4,45950	14
4,46017	14
4,46083	14
4,46150	14
4,46217	14
4,46283	14
4,46350	14
4,46417	14
4,46483	14
4,46550	14
4,46617	14
4,46683	14
4,46750	13
4,46817	13
4,46883	13
4,46950	13
4,47017	13
4,47083	13
4,47150	13
4,47217	13
4,47283	13
4,47350	13
4,47417	13
4,47483	13
4,47550	13
4,47617	13
4,47683	13
4,47750	13
4,47817	13
4,47883	13
4,47950	13
4,48017	13
4,48083	12
4,48150	12
4,48217	12
4,48283	12
4,48350	12
4,48417	12
4,48483	12
4,48550	12
4,48617	12
4,48683	12
4,48750	12
4,48817	12
4,48883	12
4,48950	12
4,49017	12
4,49083	11
4,49150	11
4,49217	10
4,49283	10
4,49350	10
4,49417	10
4,49483	10
4,49550	10
4,49617	10
4,49683	10
4,49750	10
4,49817	10
4,49883	10
4,49950	10
4,50017	10
4,50083	9
4,50150	9
4,50217	9
4,50283	9
4,50350	8
4,50417	9
4,50483	9
4,50550	9
4,50617	9
4,50683	10
4,50750	10
4,50817	10
4,50883	10
4,50950	10
4,51017	10
4,51083	10
4,51150	10
4,51217	9
4,51283	9
4,51350	9
4,51417	8
4,51483	8
4,51550	8
4,51617	8
4,51683	8
4,51750	7
4,51817	7
4,51883	7
4,51950	7
4,52017	7
4,52083	7
4,52150	7
4,52217	8
4,52283	8
4,52350	8
4,52417	8
4,52483	8
4,52550	8
4,52617	8
4,52683	8
4,52750	9
4,52817	9
4,52883	9
4,52950	9
4,53017	9
4,53083	9
4,53150	9
4,53217	9
4,53283	9
4,53350	9
4,53417	9
4,53483	8
4,53550	8
4,53617	8
4,53683	9
4,53750	9
4,53817	9
4,53883	9
4,53950	10
4,54017	10
4,54083	10
4,54150	10
4,54217	10
4,54283	10
4,54350	10
4,54417	10
4,54483	10
4,54550	10
4,54617	10
4,54683	10
4,54750	10
4,54817	10
4,54883	11
4,54950	11
4,55017	11
4,55083	11
4,55150	11
4,55217	11
4,55283	12
4,55350	12
4,55417	12
4,55483	12
4,55550	12
4,55617	11
4,55683	11
4,55750	11
4,55817	11
4,55883	11
4,55950	11
4,56017	11
4,56083	10
4,56150	10
4,56217	10
4,56283	9
4,56350	9
4,56417	9
4,56483	9
4,56550	8
4,56617	8
4,56683	8
4,56750	8
4,56817	8
4,56883	8
4,56950	8
4,57017	8
4,57083	8
4,57150	8
4,57217	8
4,57283	8
4,57350	8
4,57417	8
4,57483	8
4,57550	8
4,57617	8
4,57683	8
4,57750	8
4,57817	9
4,57883	9
4,57950	9
4,58017	9
4,58083	9
4,58150	9
4,58217	9
4,58283	9
4,58350	9
4,58417	8
4,58483	8
4,58550	8
4,58617	8
4,58683	8
4,58750	8
4,58817	8
4,58883	8
4,58950	8
4,59017	8
4,59083	8
4,59150	8
4,59217	9
4,59283	9
4,59350	9
4,59417	9
4,59483	9
4,59550	9
4,59617	8
4,59683	8
4,59750	8
4,59817	7
4,59883	7
4,59950	7
4,60017	6
4,60083	6
4,60150	6
4,60217	6
4,60283	6
4,60350	6
4,60417	6
4,60483	6
4,60550	6
4,60617	6
4,60683	6
4,60750	6
4,60817	6
4,60883	6
4,60950	6
4,61017	6
4,61083	6
4,61150	7
4,61217	7
4,61283	7
4,61350	7
4,61417	7
4,61483	7
4,61550	7
4,61617	7
4,61683	7
4,61750	7
4,61817	7
4,61883	6
4,61950	6
4,62017	6
4,62083	6
4,62150	6
4,62217	6
4,62283	6
4,62350	6
4,62417	6
4,62483	6
4,62550	6
4,62617	6
4,62683	6
4,62750	6
4,62817	6
4,62883	6
4,62950	6
4,63017	6
4,63083	6
4,63150	6
4,63217	6
4,63283	6
4,63350	6
4,63417	6
4,63483	6
4,63550	6
4,63617	6
4,63683	6
4,63750	6
4,63817	7
4,63883	7
4,63950	7
4,64017	7
4,64083	7
4,64150	7
4,64217	7
4,64283	7
4,64350	7
4,64417	7
4,64483	7
4,64550	7
4,64617	7
4,64683	7
4,64750	7
4,64817	7
4,64883	7
4,64950	7
4,65017	6
4,65083	6
4,65150	6
4,65217	5
4,65283	5
4,65350	5
4,65417	5
4,65483	5
4,65550	5
4,65617	5
4,65683	5
4,65750	5
4,65817	5
4,65883	5
4,65950	5
4,66017	5
4,66083	6
4,66150	6
4,66217	6
4,66283	6
4,66350	6
4,66417	6
4,66483	6
4,66550	6
4,66617	6
4,66683	6
4,66750	6
4,66817	6
4,66883	7
4,66950	7
4,67017	7
4,67083	7
4,67150	7
4,67217	7
4,67283	7
4,67350	6
4,67417	6
4,67483	6
4,67550	6
4,67617	6
4,67683	6
4,67750	5
4,67817	5
4,67883	5
4,67950	5
4,68017	5
4,68083	4
4,68150	4
4,68217	4
4,68283	4
4,68350	4
4,68417	4
4,68483	4
4,68550	3
4,68617	3
4,68683	3
4,68750	3
4,68817	3
4,68883	3
4,68950	3
4,69017	3
4,69083	3
4,69150	3
4,69217	3
4,69283	2
4,69350	2
4,69417	3
4,69483	3
4,69550	2
4,69617	2
4,69683	2
4,69750	2
4,69817	2
4,69883	2
4,69950	2
4,70017	2
4,70083	2
4,70150	2
4,70217	2
4,70283	2
4,70350	2
4,70417	2
4,70483	2
4,70550	2
4,70617	2
4,70683	2
4,70750	2
4,70817	2
4,70883	2
4,70950	1
4,71017	1
4,71083	1
4,71150	1
4,71217	0
4,71283	0
4,71350	-0
4,71417	-0
4,71483	-1
4,71550	-1
4,71617	-1
4,71683	-2
4,71750	-2
4,71817	-1
4,71883	-1
4,71950	-1
4,72017	-1
4,72083	-1
4,72150	-0
4,72217	-0
4,72283	0
4,72350	0
4,72417	0
4,72483	0
4,72550	0
4,72617	0
4,72683	0
4,72750	-0
4,72817	-0
4,72883	-0
4,72950	-0
4,73017	-0
4,73083	-0
4,73150	-0
4,73217	-0
4,73283	-0
4,73350	0
4,73417	0
4,73483	0
4,73550	0
4,73617	0
4,73683	0
4,73750	0
4,73817	-0
4,73883	-0
4,73950	-1
4,74017	-1
4,74083	-1
4,74150	-1
4,74217	-1
4,74283	-0
4,74350	0
4,74417	0
4,74483	1
4,74550	1
4,74617	1
4,74683	2
4,74750	2
4,74817	3
4,74883	3
4,74950	3
4,75017	4
4,75083	4
4,75150	4
4,75217	4
4,75283	5
4,75350	5
4,75417	5
4,75483	5
4,75550	5
4,75617	5
4,75683	5
4,75750	5
4,75817	5
4,75883	5
4,75950	4
4,76017	4
4,76083	4
4,76150	5
4,76217	5
4,76283	5
4,76350	5
4,76417	5
4,76483	5
4,76550	5
4,76617	5
4,76683	5
4,76750	5
4,76817	5
4,76883	5
4,76950	5
4,77017	5
4,77083	5
4,77150	5
4,77217	5
4,77283	5
4,77350	5
4,77417	5
4,77483	5
4,77550	4
4,77617	4
4,77683	4
4,77750	4
4,77817	4
4,77883	4
4,77950	4
4,78017	4
4,78083	4
4,78150	4
4,78217	4
4,78283	4
4,78350	4
4,78417	5
4,78483	5
4,78550	5
4,78617	5
4,78683	5
4,78750	5
4,78817	5
4,78883	5
4,78950	5
4,79017	5
4,79083	5
4,79150	4
4,79217	4
4,79283	4
4,79350	4
4,79417	3
4,79483	3
4,79550	3
4,79617	3
4,79683	3
4,79750	3
4,79817	4
4,79883	4
4,79950	4
4,80017	4
4,80083	4
4,80150	5
4,80217	5
4,80283	5
4,80350	5
4,80417	5
4,80483	5
4,80550	5
4,80617	5
4,80683	5
4,80750	5
4,80817	5
4,80883	5
4,80950	5
4,81017	5
4,81083	5
4,81150	5
4,81217	5
4,81283	5
4,81350	4
4,81417	4
4,81483	4
4,81550	4
4,81617	3
4,81683	3
4,81750	3
4,81817	3
4,81883	3
4,81950	2
4,82017	2
4,82083	2
4,82150	2
4,82217	2
4,82283	2
4,82350	2
4,82417	2
4,82483	2
4,82550	2
4,82617	2
4,82683	2
4,82750	2
4,82817	3
4,82883	3
4,82950	3
4,83017	3
4,83083	3
4,83150	3
4,83217	3
4,83283	3
4,83350	3
4,83417	3
4,83483	2
4,83550	2
4,83617	2
4,83683	1
4,83750	1
4,83817	1
4,83883	1
4,83950	1
4,84017	0
4,84083	0
4,84150	0
4,84217	-0
4,84283	-0
4,84350	-1
4,84417	-1
4,84483	-1
4,84550	-1
4,84617	-1
4,84683	-0
4,84750	0
4,84817	0
4,84883	1
4,84950	1
4,85017	1
4,85083	1
4,85150	1
4,85217	1
4,85283	1
4,85350	1
4,85417	1
4,85483	1
4,85550	0
4,85617	0
4,85683	0
4,85750	0
4,85817	0
4,85883	0
4,85950	0
4,86017	0
4,86083	0
4,86150	0
4,86217	0
4,86283	0
4,86350	0
4,86417	0
4,86483	-0
4,86550	-0
4,86617	-0
4,86683	-0
4,86750	-0
4,86817	-0
4,86883	-0
4,86950	-0
4,87017	0
4,87083	0
4,87150	0
4,87217	0
4,87283	0
4,87350	0
4,87417	0
4,87483	0
4,87550	0
4,87617	1
4,87683	1
4,87750	1
4,87817	1
4,87883	1
4,87950	1
4,88017	1
4,88083	1
4,88150	1
4,88217	1
4,88283	0
4,88350	0
4,88417	-0
4,88483	-1
4,88550	-1
4,88617	-1
4,88683	-1
4,88750	-1
4,88817	-2
4,88883	-1
4,88950	-1
4,89017	-1
4,89083	-1
4,89150	-1
4,89217	-1
4,89283	-0
4,89350	-0
4,89417	-0
4,89483	0
4,89550	0
4,89617	0
4,89683	0
4,89750	0
4,89817	0
4,89883	0
4,89950	1
4,90017	1
4,90083	1
4,90150	1
4,90217	1
4,90283	1
4,90350	0
4,90417	0
4,90483	0
4,90550	0
4,90617	0
4,90683	-0
4,90750	-0
4,90817	-0
4,90883	-1
4,90950	-1
4,91017	-1
4,91083	-1
4,91150	-1
4,91217	-1
4,91283	-2
4,91350	-2
4,91417	-2
4,91483	-3
4,91550	-3
4,91617	-3
4,91683	-4
4,91750	-4
4,91817	-4
4,91883	-4
4,91950	-5
4,92017	-5
4,92083	-5
4,92150	-5
4,92217	-5
4,92283	-5
4,92350	-5
4,92417	-5
4,92483	-5
4,92550	-5
4,92617	-4
4,92683	-4
4,92750	-4
4,92817	-4
4,92883	-4
4,92950	-4
4,93017	-4
4,93083	-4
4,93150	-3
4,93217	-3
4,93283	-3
4,93350	-3
4,93417	-2
4,93483	-2
4,93550	-2
4,93617	-1
4,93683	-1
4,93750	-1
4,93817	-1
4,93883	-1
4,93950	-1
4,94017	-1
4,94083	-1
4,94150	-1
4,94217	-1
4,94283	-1
4,94350	-1
4,94417	-1
4,94483	-1
4,94550	-1
4,94617	-0
4,94683	-0
4,94750	-1
4,94817	-1
4,94883	-1
4,94950	-1
4,95017	-1
4,95083	-1
4,95150	-1
4,95217	-1
4,95283	-1
4,95350	-0
4,95417	0
4,95483	1
4,95550	1
4,95617	1
4,95683	1
4,95750	1
4,95817	2
4,95883	1
4,95950	1
4,96017	1
4,96083	1
4,96150	1
4,96217	2
4,96283	2
4,96350	2
4,96417	2
4,96483	2
4,96550	3
4,96617	3
4,96683	3
4,96750	3
4,96817	3
4,96883	3
4,96950	3
4,97017	3
4,97083	2
4,97150	2
4,97217	2
4,97283	2
4,97350	2
4,97417	1
4,97483	1
4,97550	1
4,97617	1
4,97683	1
4,97750	1
4,97817	1
4,97883	1
4,97950	1
4,98017	1
4,98083	1
4,98150	1
4,98217	2
4,98283	2
4,98350	2
4,98417	2
4,98483	2
4,98550	1
4,98617	1
4,98683	1
4,98750	1
4,98817	0
4,98883	0
4,98950	0
4,99017	0
4,99083	0
4,99150	0
4,99217	0
4,99283	1
4,99350	1
4,99417	1
4,99483	1
4,99550	1
4,99617	0
4,99683	0
4,99750	0
4,99817	1
4,99883	1
4,99950	1
5,00017	1
5,00083	1
5,00150	1
5,00217	1
5,00283	1
5,00350	1
5,00417	1
5,00483	1
5,00550	1
5,00617	1
5,00683	1
5,00750	1
5,00817	1
5,00883	1
5,00950	1
5,01017	0
5,01083	0
5,01150	0
5,01217	-0
5,01283	-0
5,01350	-1
5,01417	-1
5,01483	-1
5,01550	-1
5,01617	-1
5,01683	-1
5,01750	-1
5,01817	-1
5,01883	-1
5,01950	-1
5,02017	-0
5,02083	-0
5,02150	-0
5,02217	-1
5,02283	-1
5,02350	-1
5,02417	-1
5,02483	-1
5,02550	-2
5,02617	-2
5,02683	-2
5,02750	-2
5,02817	-2
5,02883	-2
5,02950	-2
5,03017	-2
5,03083	-2
5,03150	-2
5,03217	-2
5,03283	-2
5,03350	-2
5,03417	-2
5,03483	-2
5,03550	-2
5,03617	-2
5,03683	-2
5,03750	-2
5,03817	-2
5,03883	-3
5,03950	-3
5,04017	-3
5,04083	-3
5,04150	-3
5,04217	-4
5,04283	-4
5,04350	-4
5,04417	-4
5,04483	-5
5,04550	-5
5,04617	-5
5,04683	-5
5,04750	-5
5,04817	-5
5,04883	-5
5,04950	-5
5,05017	-5
5,05083	-5
5,05150	-5
5,05217	-4
5,05283	-4
5,05350	-4
5,05417	-4
5,05483	-4
5,05550	-4
5,05617	-4
5,05683	-3
5,05750	-3
5,05817	-3
5,05883	-3
5,05950	-3
5,06017	-3
5,06083	-3
5,06150	-3
5,06217	-3
5,06283	-3
5,06350	-3
5,06417	-3
5,06483	-3
5,06550	-3
5,06617	-3
5,06683	-3
5,06750	-3
5,06817	-3
5,06883	-3
5,06950	-2
5,07017	-2
5,07083	-2
5,07150	-2
5,07217	-2
5,07283	-1
5,07350	-1
5,07417	-1
5,07483	-1
5,07550	-1
5,07617	-1
5,07683	-1
5,07750	-1
5,07817	-1
5,07883	-1
5,07950	-1
5,08017	-2
5,08083	-2
5,08150	-2
5,08217	-2
5,08283	-2
5,08350	-3
5,08417	-3
5,08483	-3
5,08550	-3
5,08617	-3
5,08683	-3
5,08750	-3
5,08817	-3
5,08883	-3
5,08950	-3
5,09017	-3
5,09083	-3
5,09150	-3
5,09217	-3
5,09283	-3
5,09350	-3
5,09417	-3
5,09483	-3
5,09550	-3
5,09617	-3
5,09683	-3
5,09750	-3
5,09817	-3
5,09883	-3
5,09950	-3
5,10017	-3
5,10083	-3
5,10150	-3
5,10217	-3
5,10283	-3
5,10350	-3
5,10417	-3
5,10483	-3
5,10550	-3
5,10617	-3
5,10683	-3
5,10750	-3
5,10817	-3
5,10883	-2
5,10950	-2
5,11017	-2
5,11083	-2
5,11150	-2
5,11217	-2
5,11283	-2
5,11350	-2
5,11417	-2
5,11483	-2
5,11550	-2
5,11617	-2
5,11683	-1
5,11750	-1
5,11817	-1
5,11883	-1
5,11950	-1
5,12017	-1
5,12083	-1
5,12150	-1
5,12217	-1
5,12283	-1
5,12350	-1
5,12417	-1
5,12483	-1
5,12550	-1
5,12617	-0
5,12683	-0
5,12750	-0
5,12817	-0
5,12883	-0
5,12950	0
5,13017	0
5,13083	0
5,13150	1
5,13217	1
5,13283	1
5,13350	1
5,13417	1
5,13483	2
5,13550	2
5,13617	2
5,13683	2
5,13750	2
5,13817	2
5,13883	2
5,13950	3
5,14017	3
5,14083	3
5,14150	3
5,14217	3
5,14283	3
5,14350	3
5,14417	3
5,14483	3
5,14550	3
5,14617	3
5,14683	3
5,14750	3
5,14817	3
5,14883	3
5,14950	3
5,15017	3
5,15083	2
5,15150	2
5,15217	2
5,15283	1
5,15350	1
5,15417	0
5,15483	-0
5,15550	-1
5,15617	-1
5,15683	-1
5,15750	-2
5,15817	-2
5,15883	-2
5,15950	-2
5,16017	-3
5,16083	-3
5,16150	-3
5,16217	-3
5,16283	-3
5,16350	-3
5,16417	-3
5,16483	-3
5,16550	-3
5,16617	-2
5,16683	-2
5,16750	-1
5,16817	-1
5,16883	0
5,16950	0
5,17017	1
5,17083	1
5,17150	2
5,17217	2
5,17283	2
5,17350	2
5,17417	3
5,17483	3
5,17550	3
5,17617	3
5,17683	3
5,17750	3
5,17817	3
5,17883	3
5,17950	3
5,18017	3
5,18083	3
5,18150	3
5,18217	3
5,18283	3
5,18350	3
5,18417	3
5,18483	3
5,18550	3
5,18617	3
5,18683	3
5,18750	3
5,18817	3
5,18883	3
5,18950	3
5,19017	3
5,19083	3
5,19150	3
5,19217	3
5,19283	3
5,19350	3
5,19417	3
5,19483	3
5,19550	2
5,19617	2
5,19683	2
5,19750	2
5,19817	2
5,19883	2
5,19950	2
5,20017	2
5,20083	2
5,20150	2
5,20217	2
5,20283	1
5,20350	1
5,20417	1
5,20483	1
5,20550	1
5,20617	1
5,20683	1
5,20750	1
5,20817	1
5,20883	1
5,20950	1
5,21017	1
5,21083	1
5,21150	1
5,21217	1
5,21283	1
5,21350	1
5,21417	1
5,21483	1
5,21550	1
5,21617	1
5,21683	1
5,21750	1
5,21817	1
5,21883	1
5,21950	1
5,22017	1
5,22083	1
5,22150	1
5,22217	1
5,22283	1
5,22350	1
5,22417	1
5,22483	1
5,22550	1
5,22617	1
5,22683	1
5,22750	1
5,22817	2
5,22883	2
5,22950	2
5,23017	2
5,23083	2
5,23150	2
5,23217	2
5,23283	2
5,23350	2
5,23417	2
5,23483	2
5,23550	2
5,23617	2
5,23683	1
5,23750	1
5,23817	1
5,23883	0
5,23950	-0
5,24017	-1
5,24083	-1
5,24150	-2
5,24217	-2
5,24283	-2
5,24350	-2
5,24417	-3
5,24483	-3
5,24550	-3
5,24617	-3
5,24683	-4
5,24750	-4
5,24817	-5
5,24883	-5
5,24950	-5
5,25017	-5
5,25083	-5
5,25150	-5
5,25217	-5
5,25283	-5
5,25350	-5
5,25417	-5
5,25483	-5
5,25550	-5
5,25617	-5
5,25683	-4
5,25750	-4
5,25817	-4
5,25883	-4
5,25950	-4
5,26017	-4
5,26083	-4
5,26150	-4
5,26217	-4
5,26283	-4
5,26350	-4
5,26417	-4
5,26483	-4
5,26550	-4
5,26617	-4
5,26683	-4
5,26750	-4
5,26817	-4
5,26883	-4
5,26950	-4
5,27017	-4
5,27083	-4
5,27150	-4
5,27217	-4
5,27283	-3
5,27350	-3
5,27417	-3
5,27483	-2
5,27550	-2
5,27617	-2
5,27683	-2
5,27750	-2
5,27817	-2
5,27883	-2
5,27950	-2
5,28017	-2
5,28083	-2
5,28150	-2
5,28217	-2
5,28283	-2
5,28350	-2
5,28417	-1
5,28483	-1
5,28550	-1
5,28617	-1
5,28683	-2
5,28750	-2
5,28817	-2
5,28883	-3
5,28950	-3
5,29017	-3
5,29083	-3
5,29150	-4
5,29217	-4
5,29283	-4
5,29350	-4
5,29417	-4
5,29483	-4
5,29550	-4
5,29617	-4
5,29683	-3
5,29750	-3
5,29817	-3
5,29883	-3
5,29950	-3
5,30017	-3
5,30083	-3
5,30150	-3
5,30217	-3
5,30283	-3
5,30350	-3
5,30417	-3
5,30483	-3
5,30550	-2
5,30617	-2
5,30683	-2
5,30750	-2
5,30817	-2
5,30883	-2
5,30950	-2
5,31017	-2
5,31083	-2
5,31150	-3
5,31217	-3
5,31283	-3
5,31350	-3
5,31417	-3
5,31483	-3
5,31550	-3
5,31617	-3
5,31683	-3
5,31750	-3
5,31817	-3
5,31883	-3
5,31950	-3
5,32017	-4
5,32083	-4
5,32150	-4
5,32217	-4
5,32283	-5
5,32350	-5
5,32417	-5
5,32483	-5
5,32550	-5
5,32617	-5
5,32683	-5
5,32750	-5
5,32817	-4
5,32883	-4
5,32950	-4
5,33017	-3
5,33083	-3
5,33150	-3
5,33217	-3
5,33283	-3
5,33350	-3
5,33417	-3
5,33483	-2
5,33550	-2
5,33617	-2
5,33683	-2
5,33750	-2
5,33817	-2
5,33883	-2
5,33950	-1
5,34017	-1
5,34083	-1
5,34150	-0
5,34217	0
5,34283	0
5,34350	1
5,34417	1
5,34483	1
5,34550	2
5,34617	2
5,34683	2
5,34750	2
5,34817	2
5,34883	2
5,34950	3
5,35017	3
5,35083	3
5,35150	3
5,35217	3
5,35283	3
5,35350	3
5,35417	3
5,35483	3
5,35550	3
5,35617	3
5,35683	3
5,35750	3
5,35817	3
5,35883	2
5,35950	2
5,36017	2
5,36083	2
5,36150	1
5,36217	1
5,36283	0
5,36350	-0
5,36417	-1
5,36483	-1
5,36550	-2
5,36617	-2
5,36683	-3
5,36750	-3
5,36817	-4
5,36883	-4
5,36950	-4
5,37017	-4
5,37083	-4
5,37150	-4
5,37217	-4
5,37283	-5
5,37350	-5
5,37417	-5
5,37483	-5
5,37550	-4
5,37617	-4
5,37683	-4
5,37750	-3
5,37817	-3
5,37883	-3
5,37950	-2
5,38017	-2
5,38083	-2
5,38150	-1
5,38217	-1
5,38283	-0
5,38350	0
5,38417	1
5,38483	1
5,38550	1
5,38617	2
5,38683	2
5,38750	2
5,38817	2
5,38883	2
5,38950	2
5,39017	2
5,39083	2
5,39150	2
5,39217	2
5,39283	2
5,39350	2
5,39417	2
5,39483	2
5,39550	2
5,39617	1
5,39683	1
5,39750	1
5,39817	0
5,39883	0
5,39950	0
5,40017	0
5,40083	0
5,40150	0
5,40217	0
5,40283	0
5,40350	0
5,40417	1
5,40483	1
5,40550	1
5,40617	1
5,40683	1
5,40750	1
5,40817	1
5,40883	1
5,40950	1
5,41017	1
5,41083	1
5,41150	1
5,41217	1
5,41283	1
5,41350	1
5,41417	1
5,41483	1
5,41550	1
5,41617	1
5,41683	0
5,41750	0
5,41817	0
5,41883	-0
5,41950	-0
5,42017	-1
5,42083	-1
5,42150	-1
5,42217	-1
5,42283	-0
5,42350	0
5,42417	0
5,42483	1
5,42550	1
5,42617	1
5,42683	1
5,42750	1
5,42817	1
5,42883	1
5,42950	1
5,43017	1
5,43083	2
5,43150	2
5,43217	2
5,43283	2
5,43350	2
5,43417	2
5,43483	3
5,43550	3
5,43617	3
5,43683	3
5,43750	3
5,43817	3
5,43883	3
5,43950	3
5,44017	3
5,44083	3
5,44150	3
5,44217	2
5,44283	2
5,44350	2
5,44417	2
5,44483	2
5,44550	2
5,44617	2
5,44683	2
5,44750	3
5,44817	3
5,44883	3
5,44950	3
5,45017	3
5,45083	3
5,45150	3
5,45217	2
5,45283	2
5,45350	2
5,45417	2
5,45483	2
5,45550	2
5,45617	2
5,45683	2
5,45750	2
5,45817	2
5,45883	2
5,45950	2
5,46017	2
5,46083	2
5,46150	2
5,46217	1
5,46283	1
5,46350	1
5,46417	1
5,46483	1
5,46550	1
5,46617	0
5,46683	0
5,46750	0
5,46817	0
5,46883	0
5,46950	1
5,47017	1
5,47083	1
5,47150	1
5,47217	0
5,47283	0
5,47350	0
5,47417	0
5,47483	0
5,47550	0
5,47617	0
5,47683	0
5,47750	0
5,47817	1
5,47883	1
5,47950	1
5,48017	1
5,48083	2
5,48150	2
5,48217	2
5,48283	2
5,48350	2
5,48417	2
5,48483	1
5,48550	1
5,48617	1
5,48683	1
5,48750	1
5,48817	1
5,48883	2
5,48950	2
5,49017	2
5,49083	3
5,49150	3
5,49217	3
5,49283	3
5,49350	4
5,49417	5
5,49483	6
5,49550	8
5,49617	10
5,49683	12
5,49750	16
5,49817	21
5,49883	27
5,49950	35
5,50017	45
5,50083	58
5,50150	73
5,50217	92
5,50283	115
5,50350	143
5,50417	177
5,50483	216
5,50550	262
5,50617	314
5,50683	374
5,50750	441
5,50817	515
5,50883	596
5,50950	683
5,51017	776
5,51083	873
5,51150	974
5,51217	1077
5,51283	1182
5,51350	1286
5,51417	1390
5,51483	1490
5,51550	1587
5,51617	1679
5,51683	1766
5,51750	1846
5,51817	1918
5,51883	1981
5,51950	2035
5,52017	2079
5,52083	2114
5,52150	2139
5,52217	2154
5,52283	2160
5,52350	2157
5,52417	2144
5,52483	2124
5,52550	2096
5,52617	2060
5,52683	2017
5,52750	1969
5,52817	1915
5,52883	1858
5,52950	1796
5,53017	1732
5,53083	1665
5,53150	1596
5,53217	1527
5,53283	1457
5,53350	1387
5,53417	1318
5,53483	1249
5,53550	1182
5,53617	1116
5,53683	1052
5,53750	990
5,53817	930
5,53883	873
5,53950	818
5,54017	765
5,54083	715
5,54150	668
5,54217	623
5,54283	580
5,54350	540
5,54417	503
5,54483	467
5,54550	434
5,54617	403
5,54683	374
5,54750	346
5,54817	321
5,54883	297
5,54950	275
5,55017	255
5,55083	236
5,55150	219
5,55217	202
5,55283	188
5,55350	174
5,55417	161
5,55483	149
5,55550	138
5,55617	128
5,55683	119
5,55750	110
5,55817	102
5,55883	94
5,55950	88
5,56017	81
5,56083	76
5,56150	71
5,56217	66
5,56283	61
5,56350	57
5,56417	54
5,56483	50
5,56550	47
5,56617	44
5,56683	41
5,56750	38
5,56817	36
5,56883	33
5,56950	31
5,57017	29
5,57083	27
5,57150	26
5,57217	24
5,57283	23
5,57350	22
5,57417	21
5,57483	20
5,57550	19
5,57617	18
5,57683	18
5,57750	17
5,57817	16
5,57883	15
5,57950	14
5,58017	13
5,58083	13
5,58150	12
5,58217	12
5,58283	11
5,58350	11
5,58417	10
5,58483	10
5,58550	10
5,58617	10
5,58683	9
5,58750	9
5,58817	9
5,58883	9
5,58950	9
5,59017	8
5,59083	8
5,59150	8
5,59217	8
5,59283	8
5,59350	8
5,59417	8
5,59483	8
5,59550	8
5,59617	8
5,59683	8
5,59750	9
5,59817	9
5,59883	9
5,59950	9
5,60017	9
5,60083	9
5,60150	9
5,60217	8
5,60283	8
5,60350	8
5,60417	8
5,60483	8
5,60550	8
5,60617	8
5,60683	8
5,60750	8
5,60817	8
5,60883	8
5,60950	8
5,61017	8
5,61083	8
5,61150	8
5,61217	8
5,61283	8
5,61350	8
5,61417	8
5,61483	8
5,61550	8
5,61617	8
5,61683	8
5,61750	7
5,61817	7
5,61883	7
5,61950	7
5,62017	6
5,62083	6
5,62150	6
5,62217	5
5,62283	5
5,62350	5
5,62417	5
5,62483	5
5,62550	5
5,62617	5
5,62683	5
5,62750	5
5,62817	4
5,62883	4
5,62950	4
5,63017	3
5,63083	3
5,63150	3
5,63217	2
5,63283	2
5,63350	1
5,63417	1
5,63483	1
5,63550	1
5,63617	1
5,63683	1
5,63750	1
5,63817	1
5,63883	1
5,63950	1
5,64017	1
5,64083	1
5,64150	1
5,64217	1
5,64283	0
5,64350	0
5,64417	-0
5,64483	-1
5,64550	-1
5,64617	-1
5,64683	-1
5,64750	-1
5,64817	-1
5,64883	-2
5,64950	-2
5,65017	-2
5,65083	-2
5,65150	-2
5,65217	-2
5,65283	-2
5,65350	-2
5,65417	-2
5,65483	-1
5,65550	-1
5,65617	-1
5,65683	-1
5,65750	-1
5,65817	-1
5,65883	-0
5,65950	-0
5,66017	0
5,66083	0
5,66150	0
5,66217	0
5,66283	0
5,66350	0
5,66417	0
5,66483	0
5,66550	0
5,66617	0
5,66683	0
5,66750	0
5,66817	0
5,66883	0
5,66950	0
5,67017	0
5,67083	-0
5,67150	-0
5,67217	-0
5,67283	-1
5,67350	-1
5,67417	-1
5,67483	-1
5,67550	-1
5,67617	-2
5,67683	-2
5,67750	-2
5,67817	-2
5,67883	-2
5,67950	-2
5,68017	-2
5,68083	-2
5,68150	-2
5,68217	-2
5,68283	-3
5,68350	-3
5,68417	-3
5,68483	-3
5,68550	-3
5,68617	-3
5,68683	-3
5,68750	-2
5,68817	-2
5,68883	-2
5,68950	-1
5,69017	-1
5,69083	-1
5,69150	-1
5,69217	-0
5,69283	-0
5,69350	0
5,69417	0
5,69483	0
5,69550	0
5,69617	0
5,69683	0
5,69750	0
5,69817	-0
5,69883	-0
5,69950	-0
5,70017	-0
5,70083	-0
5,70150	-0
5,70217	-0
5,70283	-0
5,70350	-0
5,70417	-0
5,70483	-1
5,70550	-1
5,70617	-1
5,70683	-1
5,70750	-1
5,70817	-1
5,70883	-1
5,70950	-1
5,71017	-1
5,71083	-1
5,71150	-1
5,71217	-1
5,71283	-1
5,71350	-1
5,71417	-1
5,71483	-0
5,71550	-0
5,71617	-0
5,71683	0
5,71750	0
5,71817	0
5,71883	0
5,71950	0
5,72017	0
5,72083	0
5,72150	0
5,72217	0
5,72283	0
5,72350	1
5,72417	1
5,72483	1
5,72550	1
5,72617	1
5,72683	1
5,72750	1
5,72817	0
5,72883	0
5,72950	-0
5,73017	-0
5,73083	-1
5,73150	-1
5,73217	-1
5,73283	-1
5,73350	-1
5,73417	-0
5,73483	-0
5,73550	-0
5,73617	0
5,73683	0
5,73750	0
5,73817	1
5,73883	1
5,73950	1
5,74017	2
5,74083	2
5,74150	2
5,74217	2
5,74283	2
5,74350	2
5,74417	2
5,74483	2
5,74550	2
5,74617	2
5,74683	1
5,74750	1
5,74817	1
5,74883	1
5,74950	1
5,75017	1
5,75083	1
5,75150	1
5,75217	1
5,75283	1
5,75350	1
5,75417	1
5,75483	1
5,75550	1
5,75617	2
5,75683	2
5,75750	2
5,75817	2
5,75883	2
5,75950	2
5,76017	1
5,76083	1
5,76150	1
5,76217	1
5,76283	1
5,76350	1
5,76417	1
5,76483	1
5,76550	1
5,76617	1
5,76683	1
5,76750	1
5,76817	1
5,76883	1
5,76950	1
5,77017	1
5,77083	1
5,77150	1
5,77217	1
5,77283	1
5,77350	1
5,77417	2
5,77483	2
5,77550	3
5,77617	3
5,77683	3
5,77750	3
5,77817	3
5,77883	3
5,77950	3
5,78017	3
5,78083	3
5,78150	3
5,78217	2
5,78283	2
5,78350	2
5,78417	2
5,78483	1
5,78550	1
5,78617	1
5,78683	1
5,78750	1
5,78817	1
5,78883	1
5,78950	0
5,79017	0
5,79083	0
5,79150	0
5,79217	0
5,79283	0
5,79350	0
5,79417	0
5,79483	0
5,79550	0
5,79617	1
5,79683	1
5,79750	1
5,79817	1
5,79883	1
5,79950	1
5,80017	1
5,80083	1
5,80150	1
5,80217	1
5,80283	1
5,80350	1
5,80417	1
5,80483	1
5,80550	1
5,80617	1
5,80683	1
5,80750	1
5,80817	1
5,80883	0
5,80950	0
5,81017	0
5,81083	0
5,81150	0
5,81217	0
5,81283	-0
5,81350	-0
5,81417	-0
5,81483	-1
5,81550	-1
5,81617	-1
5,81683	-1
5,81750	-1
5,81817	-2
5,81883	-2
5,81950	-2
5,82017	-2
5,82083	-2
5,82150	-2
5,82217	-2
5,82283	-2
5,82350	-2
5,82417	-1
5,82483	-1
5,82550	-1
5,82617	-1
5,82683	-1
5,82750	-0
5,82817	-0
5,82883	-0
5,82950	-0
5,83017	-0
5,83083	-0
5,83150	-0
5,83217	-0
5,83283	-0
5,83350	-0
5,83417	-0
5,83483	-0
5,83550	-0
5,83617	-1
5,83683	-1
5,83750	-1
5,83817	-1
5,83883	-2
5,83950	-2
5,84017	-2
5,84083	-2
5,84150	-2
5,84217	-2
5,84283	-2
5,84350	-2
5,84417	-2
5,84483	-1
5,84550	-1
5,84617	-1
5,84683	-1
5,84750	-0
5,84817	0
5,84883	0
5,84950	1
5,85017	1
5,85083	1
5,85150	2
5,85217	2
5,85283	2
5,85350	2
5,85417	2
5,85483	2
5,85550	2
5,85617	2
5,85683	2
5,85750	2
5,85817	2
5,85883	2
5,85950	2
5,86017	2
5,86083	2
5,86150	2
5,86217	2
5,86283	2
5,86350	2
5,86417	1
5,86483	1
5,86550	1
5,86617	1
5,86683	1
5,86750	1
5,86817	1
5,86883	1
5,86950	1
5,87017	1
5,87083	1
5,87150	1
5,87217	2
5,87283	2
5,87350	2
5,87417	2
5,87483	2
5,87550	3
5,87617	3
5,87683	3
5,87750	2
5,87817	2
5,87883	2
5,87950	2
5,88017	2
5,88083	2
5,88150	2
5,88217	2
5,88283	2
5,88350	2
5,88417	2
5,88483	3
5,88550	3
5,88617	3
5,88683	3
5,88750	2
5,88817	2
5,88883	2
5,88950	2
5,89017	2
5,89083	2
5,89150	2
5,89217	1
5,89283	1
5,89350	1
5,89417	1
5,89483	1
5,89550	1
5,89617	2
5,89683	2
5,89750	2
5,89817	1
5,89883	1
5,89950	1
5,90017	1
5,90083	1
5,90150	2
5,90217	2
5,90283	2
5,90350	3
5,90417	3
5,90483	3
5,90550	3
5,90617	3
5,90683	3
5,90750	3
5,90817	4
5,90883	4
5,90950	4
5,91017	4
5,91083	4
5,91150	4
5,91217	3
5,91283	3
5,91350	3
5,91417	3
5,91483	3
5,91550	3
5,91617	3
5,91683	3
5,91750	3
5,91817	3
5,91883	3
5,91950	3
5,92017	3
5,92083	3
5,92150	3
5,92217	3
5,92283	3
5,92350	3
5,92417	3
5,92483	3
5,92550	3
5,92617	4
5,92683	4
5,92750	4
5,92817	5
5,92883	5
5,92950	5
5,93017	5
5,93083	5
5,93150	5
5,93217	5
5,93283	5
5,93350	5
5,93417	5
5,93483	5
5,93550	5
5,93617	5
5,93683	5
5,93750	5
5,93817	5
5,93883	5
5,93950	4
5,94017	4
5,94083	4
5,94150	4
5,94217	4
5,94283	3
5,94350	3
5,94417	3
5,94483	2
5,94550	2
5,94617	2
5,94683	2
5,94750	2
5,94817	2
5,94883	2
5,94950	2
5,95017	2
5,95083	2
5,95150	2
5,95217	2
5,95283	2
5,95350	2
5,95417	2
5,95483	2
5,95550	2
5,95617	2
5,95683	2
5,95750	2
5,95817	2
5,95883	3
5,95950	3
5,96017	3
5,96083	3
5,96150	3
5,96217	3
5,96283	3
5,96350	2
5,96417	2
5,96483	2
5,96550	2
5,96617	2
5,96683	2
5,96750	2
5,96817	3
5,96883	3
5,96950	3
5,97017	2
5,97083	2
5,97150	2
5,97217	2
5,97283	2
5,97350	2
5,97417	2
5,97483	2
5,97550	2
5,97617	1
5,97683	2
5,97750	2
5,97817	2
5,97883	2
5,97950	2
5,98017	3
5,98083	3
5,98150	3
5,98217	3
5,98283	2
5,98350	2
5,98417	2
5,98483	2
5,98550	2
5,98617	2
5,98683	2
5,98750	2
5,98817	2
5,98883	2
5,98950	2
5,99017	2
5,99083	2
5,99150	1
5,99217	1
5,99283	1
5,99350	1
5,99417	0
5,99483	0
5,99550	-0
5,99617	-1
5,99683	-1
5,99750	-1
5,99817	-2
5,99883	-2
5,99950	-2
6,00017	-2
6,00083	-1
6,00150	-1
6,00217	-1
6,00283	-1
6,00350	-0
6,00417	-0
6,00483	-0
6,00550	0
6,00617	0
6,00683	0
6,00750	0
6,00817	0
6,00883	1
6,00950	1
6,01017	1
6,01083	1
6,01150	2
6,01217	2
6,01283	3
6,01350	3
6,01417	4
6,01483	4
6,01550	4
6,01617	4
6,01683	4
6,01750	4
6,01817	5
6,01883	5
6,01950	5
6,02017	4
6,02083	4
6,02150	4
6,02217	4
6,02283	4
6,02350	4
6,02417	4
6,02483	4
6,02550	4
6,02617	4
6,02683	4
6,02750	4
6,02817	4
6,02883	4
6,02950	4
6,03017	4
6,03083	3
6,03150	3
6,03217	3
6,03283	3
6,03350	3
6,03417	3
6,03483	3
6,03550	3
6,03617	3
6,03683	3
6,03750	3
6,03817	3
6,03883	3
6,03950	3
6,04017	4
6,04083	4
6,04150	4
6,04217	4
6,04283	4
6,04350	4
6,04417	4
6,04483	4
6,04550	4
6,04617	4
6,04683	4
6,04750	4
6,04817	4
6,04883	4
6,04950	4
6,05017	4
6,05083	4
6,05150	4
6,05217	5
6,05283	5
6,05350	5
6,05417	5
6,05483	5
6,05550	5
6,05617	5
6,05683	5
6,05750	5
6,05817	5
6,05883	5
6,05950	5
6,06017	5
6,06083	5
6,06150	5
6,06217	5
6,06283	5
6,06350	5
6,06417	5
6,06483	6
6,06550	6
6,06617	6
6,06683	6
6,06750	6
6,06817	6
6,06883	6
6,06950	6
6,07017	6
6,07083	6
6,07150	6
6,07217	6
6,07283	6
6,07350	6
6,07417	5
6,07483	5
6,07550	5
6,07617	5
6,07683	5
6,07750	4
6,07817	4
6,07883	4
6,07950	4
6,08017	4
6,08083	4
6,08150	5
6,08217	5
6,08283	5
6,08350	5
6,08417	5
6,08483	5
6,08550	5
6,08617	6
6,08683	6
6,08750	6
6,08817	6
6,08883	6
6,08950	6
6,09017	6
6,09083	5
6,09150	5
6,09217	5
6,09283	5
6,09350	5
6,09417	5
6,09483	5
6,09550	5
6,09617	6
6,09683	6
6,09750	6
6,09817	6
6,09883	6
6,09950	6
6,10017	6
6,10083	6
6,10150	5
6,10217	5
6,10283	5
6,10350	5
6,10417	5
6,10483	5
6,10550	5
6,10617	6
6,10683	6
6,10750	6
6,10817	6
6,10883	6
6,10950	6
6,11017	6
6,11083	6
6,11150	6
6,11217	6
6,11283	6
6,11350	6
6,11417	6
6,11483	6
6,11550	6
6,11617	6
6,11683	5
6,11750	5
6,11817	5
6,11883	5
6,11950	5
6,12017	5
6,12083	5
6,12150	4
6,12217	4
6,12283	4
6,12350	3
6,12417	3
6,12483	3
6,12550	3
6,12617	3
6,12683	3
6,12750	3
6,12817	3
6,12883	3
6,12950	3
6,13017	2
6,13083	2
6,13150	2
6,13217	2
6,13283	2
6,13350	2
6,13417	2
6,13483	3
6,13550	3
6,13617	3
6,13683	3
6,13750	3
6,13817	4
6,13883	4
6,13950	4
6,14017	4
6,14083	5
6,14150	5
6,14217	5
6,14283	5
6,14350	5
6,14417	5
6,14483	5
6,14550	5
6,14617	5
6,14683	5
6,14750	5
6,14817	5
6,14883	5
6,14950	6
6,15017	6
6,15083	6
6,15150	6
6,15217	6
6,15283	5
6,15350	5
6,15417	5
6,15483	5
6,15550	5
6,15617	5
6,15683	5
6,15750	5
6,15817	4
6,15883	4
6,15950	5
6,16017	5
6,16083	5
6,16150	5
6,16217	5
6,16283	5
6,16350	5
6,16417	5
6,16483	6
6,16550	6
6,16617	6
6,16683	6
6,16750	6
6,16817	6
6,16883	6
6,16950	6
6,17017	6
6,17083	6
6,17150	6
6,17217	6
6,17283	6
6,17350	6
6,17417	5
6,17483	5
6,17550	6
6,17617	6
6,17683	6
6,17750	5
6,17817	5
6,17883	5
6,17950	5
6,18017	5
6,18083	5
6,18150	5
6,18217	5
6,18283	5
6,18350	5
6,18417	5
6,18483	5
6,18550	5
6,18617	5
6,18683	5
6,18750	5
6,18817	5
6,18883	5
6,18950	6
6,19017	6
6,19083	6
6,19150	6
6,19217	6
6,19283	6
6,19350	6
6,19417	6
6,19483	6
6,19550	6
6,19617	6
6,19683	6
6,19750	6
6,19817	6
6,19883	6
6,19950	6
6,20017	6
6,20083	6
6,20150	6
6,20217	6
6,20283	6
6,20350	6
6,20417	6
6,20483	6
6,20550	7
6,20617	7
6,20683	7
6,20750	7
6,20817	6
6,20883	6
6,20950	6
6,21017	6
6,21083	6
6,21150	6
6,21217	6
6,21283	6
6,21350	6
6,21417	6
6,21483	6
6,21550	6
6,21617	7
6,21683	7
6,21750	7
6,21817	7
6,21883	6
6,21950	6
6,22017	6
6,22083	6
6,22150	6
6,22217	5
6,22283	5
6,22350	5
6,22417	5
6,22483	5
6,22550	5
6,22617	5
6,22683	5
6,22750	5
6,22817	5
6,22883	4
6,22950	4
6,23017	4
6,23083	4
6,23150	4
6,23217	4
6,23283	4
6,23350	4
6,23417	4
6,23483	3
6,23550	3
6,23617	3
6,23683	3
6,23750	3
6,23817	3
6,23883	2
6,23950	2
6,24017	2
6,24083	2
6,24150	2
6,24217	2
6,24283	1
6,24350	1
6,24417	1
6,24483	1
6,24550	1
6,24617	1
6,24683	1
6,24750	1
6,24817	1
6,24883	1
6,24950	0
6,25017	1
6,25083	1
6,25150	1
6,25217	1
6,25283	2
6,25350	2
6,25417	2
6,25483	2
6,25550	3
6,25617	3
6,25683	3
6,25750	3
6,25817	3
6,25883	3
6,25950	2
6,26017	2
6,26083	2
6,26150	3
6,26217	3
6,26283	3
6,26350	3
6,26417	3
6,26483	3
6,26550	3
6,26617	3
6,26683	3
6,26750	3
6,26817	3
6,26883	3
6,26950	3
6,27017	3
6,27083	3
6,27150	3
6,27217	3
6,27283	3
6,27350	3
6,27417	3
6,27483	3
6,27550	3
6,27617	3
6,27683	3
6,27750	4
6,27817	4
6,27883	4
6,27950	4
6,28017	4
6,28083	4
6,28150	4
6,28217	4
6,28283	3
6,28350	3
6,28417	3
6,28483	3
6,28550	2
6,28617	2
6,28683	2
6,28750	2
6,28817	2
6,28883	2
6,28950	2
6,29017	2
6,29083	2
6,29150	2
6,29217	2
6,29283	2
6,29350	3
6,29417	2
6,29483	2
6,29550	2
6,29617	3
6,29683	3
6,29750	3
6,29817	3
6,29883	3
6,29950	3
6,30017	3
6,30083	3
6,30150	3
6,30217	3
6,30283	3
6,30350	3
6,30417	3
6,30483	3
6,30550	3
6,30617	4
6,30683	4
6,30750	4
6,30817	4
6,30883	4
6,30950	4
6,31017	4
6,31083	4
6,31150	4
6,31217	4
6,31283	4
6,31350	4
6,31417	4
6,31483	4
6,31550	4
6,31617	4
6,31683	4
6,31750	4
6,31817	5
6,31883	5
6,31950	5
6,32017	5
6,32083	5
6,32150	5
6,32217	5
6,32283	5
6,32350	5
6,32417	5
6,32483	5
6,32550	4
6,32617	4
6,32683	4
6,32750	3
6,32817	3
6,32883	2
6,32950	2
6,33017	2
6,33083	3
6,33150	3
6,33217	3
6,33283	4
6,33350	4
6,33417	5
6,33483	5
6,33550	5
6,33617	5
6,33683	5
6,33750	5
6,33817	5
6,33883	5
6,33950	5
6,34017	5
6,34083	5
6,34150	5
6,34217	5
6,34283	6
6,34350	6
6,34417	6
6,34483	6
6,34550	7
6,34617	7
6,34683	7
6,34750	7
6,34817	8
6,34883	8
6,34950	8
6,35017	8
6,35083	8
6,35150	8
6,35217	8
6,35283	8
6,35350	8
6,35417	8
6,35483	8
6,35550	8
6,35617	8
6,35683	8
6,35750	8
6,35817	8
6,35883	8
6,35950	9
6,36017	9
6,36083	9
6,36150	9
6,36217	9
6,36283	9
6,36350	8
6,36417	8
6,36483	8
6,36550	8
6,36617	7
6,36683	7
6,36750	7
6,36817	7
6,36883	7
6,36950	7
6,37017	7
6,37083	7
6,37150	7
6,37217	7
6,37283	7
6,37350	7
6,37417	7
6,37483	7
6,37550	8
6,37617	8
6,37683	8
6,37750	8
6,37817	8
6,37883	7
6,37950	8
6,38017	8
6,38083	8
6,38150	8
6,38217	8
6,38283	8
6,38350	8
6,38417	8
6,38483	8
6,38550	8
6,38617	8
6,38683	8
6,38750	8
6,38817	8
6,38883	8
6,38950	8
6,39017	8
6,39083	8
6,39150	7
6,39217	7
6,39283	7
6,39350	7
6,39417	7
6,39483	7
6,39550	7
6,39617	8
6,39683	8
6,39750	8
6,39817	8
6,39883	9
6,39950	9
6,40017	9
6,40083	8
6,40150	8
6,40217	8
6,40283	8
6,40350	8
6,40417	8
6,40483	8
6,40550	8
6,40617	7
6,40683	7
6,40750	7
6,40817	7
6,40883	6
6,40950	6
6,41017	6
6,41083	6
6,41150	6
6,41217	5
6,41283	5
6,41350	5
6,41417	5
6,41483	4
6,41550	4
6,41617	4
6,41683	4
6,41750	4
6,41817	3
6,41883	3
6,41950	3
6,42017	2
6,42083	2
6,42150	1
6,42217	1
6,42283	1
6,42350	0
6,42417	0
6,42483	0
6,42550	0
6,42617	0
6,42683	1
6,42750	1
6,42817	1
6,42883	1
6,42950	2
6,43017	2
6,43083	2
6,43150	2
6,43217	3
6,43283	3
6,43350	3
6,43417	3
6,43483	4
6,43550	4
6,43617	4
6,43683	4
6,43750	4
6,43817	5
6,43883	5
6,43950	5
6,44017	5
6,44083	5
6,44150	5
6,44217	5
6,44283	5
6,44350	5
6,44417	5
6,44483	5
6,44550	5
6,44617	5
6,44683	5
6,44750	5
6,44817	5
6,44883	5
6,44950	5
6,45017	5
6,45083	5
6,45150	5
6,45217	5
6,45283	4
6,45350	4
6,45417	4
6,45483	4
6,45550	4
6,45617	3
6,45683	4
6,45750	4
6,45817	4
6,45883	4
6,45950	4
6,46017	4
6,46083	4
6,46150	4
6,46217	4
6,46283	4
6,46350	4
6,46417	4
6,46483	4
6,46550	4
6,46617	4
6,46683	4
6,46750	4
6,46817	4
6,46883	4
6,46950	4
6,47017	5
6,47083	5
6,47150	5
6,47217	4
6,47283	4
6,47350	4
6,47417	4
6,47483	3
6,47550	3
6,47617	3
6,47683	3
6,47750	3
6,47817	3
6,47883	3
6,47950	3
6,48017	2
6,48083	2
6,48150	2
6,48217	2
6,48283	2
6,48350	2
6,48417	2
6,48483	1
6,48550	1
6,48617	2
6,48683	2
6,48750	2
6,48817	2
6,48883	2
6,48950	3
6,49017	3
6,49083	3
6,49150	4
6,49217	4
6,49283	4
6,49350	4
6,49417	4
6,49483	4
6,49550	4
6,49617	4
6,49683	4
6,49750	3
6,49817	3
6,49883	3
6,49950	2
6,50017	2
6,50083	2
6,50150	2
6,50217	2
6,50283	2
6,50350	2
6,50417	2
6,50483	2
6,50550	1
6,50617	1
6,50683	1
6,50750	1
6,50817	2
6,50883	2
6,50950	2
6,51017	2
6,51083	2
6,51150	2
6,51217	2
6,51283	2
6,51350	2
6,51417	2
6,51483	1
6,51550	1
6,51617	1
6,51683	1
6,51750	0
6,51817	0
6,51883	0
6,51950	-0
6,52017	-0
6,52083	0
6,52150	0
6,52217	0
6,52283	1
6,52350	1
6,52417	1
6,52483	1
6,52550	1
6,52617	1
6,52683	2
6,52750	2
6,52817	2
6,52883	2
6,52950	2
6,53017	2
6,53083	2
6,53150	2
6,53217	2
6,53283	2
6,53350	2
6,53417	2
6,53483	2
6,53550	2
6,53617	2
6,53683	2
6,53750	2
6,53817	2
6,53883	2
6,53950	2
6,54017	2
6,54083	2
6,54150	2
6,54217	2
6,54283	2
6,54350	1
6,54417	1
6,54483	1
6,54550	1
6,54617	1
6,54683	1
6,54750	1
6,54817	0
6,54883	0
6,54950	-0
6,55017	-0
6,55083	-0
6,55150	-0
6,55217	-0
6,55283	0
6,55350	0
6,55417	1
6,55483	1
6,55550	1
6,55617	2
6,55683	2
6,55750	2
6,55817	2
6,55883	2
6,55950	3
6,56017	3
6,56083	3
6,56150	3
6,56217	3
6,56283	3
6,56350	3
6,56417	3
6,56483	4
6,56550	4
6,56617	4
6,56683	4
6,56750	4
6,56817	4
6,56883	4
6,56950	4
6,57017	4
6,57083	4
6,57150	4
6,57217	4
6,57283	4
6,57350	3
6,57417	3
6,57483	3
6,57550	3
6,57617	3
6,57683	3
6,57750	3
6,57817	2
6,57883	2
6,57950	2
6,58017	2
6,58083	2
6,58150	2
6,58217	1
6,58283	1
6,58350	1
6,58417	0
6,58483	0
6,58550	0
6,58617	0
6,58683	0
6,58750	0
6,58817	1
6,58883	1
6,58950	1
6,59017	1
6,59083	1
6,59150	1
6,59217	1
6,59283	1
6,59350	1
6,59417	2
6,59483	2
6,59550	2
6,59617	2
6,59683	2
6,59750	2
6,59817	2
6,59883	2
6,59950	3
6,60017	3
6,60083	3
6,60150	3
6,60217	3
6,60283	3
6,60350	3
6,60417	3
6,60483	3
6,60550	2
6,60617	2
6,60683	2
6,60750	2
6,60817	2
6,60883	2
6,60950	3
6,61017	3
6,61083	3
6,61150	3
6,61217	3
6,61283	3
6,61350	4
6,61417	4
6,61483	4
6,61550	5
6,61617	5
6,61683	5
6,61750	5
6,61817	6
6,61883	6
6,61950	6
6,62017	7
6,62083	7
6,62150	7
6,62217	8
6,62283	8
6,62350	8
6,62417	8
6,62483	9
6,62550	9
6,62617	9
6,62683	9
6,62750	10
6,62817	10
6,62883	10
6,62950	10
6,63017	10
6,63083	10
6,63150	10
6,63217	11
6,63283	11
6,63350	11
6,63417	11
6,63483	11
6,63550	11
6,63617	10
6,63683	10
6,63750	10
6,63817	10
6,63883	10
6,63950	10
6,64017	10
6,64083	9
6,64150	9
6,64217	9
6,64283	9
6,64350	9
6,64417	9
6,64483	8
6,64550	8
6,64617	8
6,64683	8
6,64750	8
6,64817	8
6,64883	8
6,64950	8
6,65017	8
6,65083	8
6,65150	8
6,65217	8
6,65283	9
6,65350	8
6,65417	8
6,65483	8
6,65550	8
6,65617	8
6,65683	8
6,65750	7
6,65817	7
6,65883	8
6,65950	8
6,66017	8
6,66083	8
6,66150	8
6,66217	8
6,66283	8
6,66350	8
6,66417	8
6,66483	8
6,66550	8
6,66617	8
6,66683	8
6,66750	8
6,66817	8
6,66883	8
6,66950	8
6,67017	8
6,67083	8
6,67150	8
6,67217	7
6,67283	7
6,67350	8
6,67417	8
6,67483	8
6,67550	8
6,67617	8
6,67683	8
6,67750	8
6,67817	8
6,67883	8
6,67950	8
6,68017	8
6,68083	8
6,68150	8
6,68217	8
6,68283	8
6,68350	7
6,68417	7
6,68483	7
6,68550	7
6,68617	7
6,68683	7
6,68750	7
6,68817	7
6,68883	7
6,68950	7
6,69017	7
6,69083	7
6,69150	7
6,69217	7
6,69283	7
6,69350	7
6,69417	7
6,69483	7
6,69550	7
6,69617	7
6,69683	6
6,69750	6
6,69817	6
6,69883	6
6,69950	6
6,70017	6
6,70083	6
6,70150	7
6,70217	7
6,70283	7
6,70350	7
6,70417	7
6,70483	7
6,70550	7
6,70617	7
6,70683	7
6,70750	7
6,70817	7
6,70883	7
6,70950	7
6,71017	7
6,71083	7
6,71150	7
6,71217	7
6,71283	7
6,71350	7
6,71417	7
6,71483	7
6,71550	7
6,71617	7
6,71683	7
6,71750	7
6,71817	7
6,71883	7
6,71950	7
6,72017	7
6,72083	7
6,72150	7
6,72217	7
6,72283	6
6,72350	6
6,72417	6
6,72483	6
6,72550	6
6,72617	5
6,72683	5
6,72750	5
6,72817	5
6,72883	5
6,72950	5
6,73017	6
6,73083	6
6,73150	6
6,73217	6
6,73283	6
6,73350	6
6,73417	6
6,73483	6
6,73550	6
6,73617	5
6,73683	5
6,73750	5
6,73817	5
6,73883	5
6,73950	5
6,74017	5
6,74083	5
6,74150	5
6,74217	5
6,74283	5
6,74350	5
6,74417	5
6,74483	5
6,74550	6
6,74617	6
6,74683	6
6,74750	5
6,74817	5
6,74883	5
6,74950	5
6,75017	5
6,75083	5
6,75150	5
6,75217	5
6,75283	5
6,75350	5
6,75417	5
6,75483	5
6,75550	5
6,75617	5
6,75683	5
6,75750	6
6,75817	6
6,75883	6
6,75950	6
6,76017	6
6,76083	6
6,76150	6
6,76217	7
6,76283	7
6,76350	7
6,76417	7
6,76483	7
6,76550	7
6,76617	7
6,76683	7
6,76750	7
6,76817	7
6,76883	7
6,76950	6
6,77017	6
6,77083	5
6,77150	5
6,77217	5
6,77283	5
6,77350	4
6,77417	4
6,77483	4
6,77550	4
6,77617	4
6,77683	4
6,77750	4
6,77817	4
6,77883	4
6,77950	5
6,78017	5
6,78083	5
6,78150	5
6,78217	5
6,78283	5
6,78350	5
6,78417	4
6,78483	4
6,78550	4
6,78617	4
6,78683	4
6,78750	4
6,78817	4
6,78883	4
6,78950	4
6,79017	4
6,79083	4
6,79150	4
6,79217	5
6,79283	5
6,79350	5
6,79417	5
6,79483	5
6,79550	5
6,79617	5
6,79683	5
6,79750	5
6,79817	5
6,79883	5
6,79950	5
6,80017	5
6,80083	5
6,80150	5
6,80217	5
6,80283	5
6,80350	5
6,80417	5
6,80483	5
6,80550	5
6,80617	5
6,80683	5
6,80750	4
6,80817	4
6,80883	4
6,80950	4
6,81017	4
6,81083	4
6,81150	3
6,81217	3
6,81283	3
6,81350	3
6,81417	3
6,81483	2
6,81550	2
6,81617	2
6,81683	2
6,81750	2
6,81817	2
6,81883	2
6,81950	2
6,82017	2
6,82083	2
6,82150	2
6,82217	2
6,82283	2
6,82350	2
6,82417	2
6,82483	2
6,82550	2
6,82617	2
6,82683	2
6,82750	2
6,82817	2
6,82883	2
6,82950	2
6,83017	3
6,83083	3
6,83150	3
6,83217	3
6,83283	4
6,83350	4
6,83417	4
6,83483	4
6,83550	4
6,83617	4
6,83683	4
6,83750	4
6,83817	3
6,83883	3
6,83950	3
6,84017	3
6,84083	3
6,84150	3
6,84217	3
6,84283	3
6,84350	3
6,84417	3
6,84483	3
6,84550	4
6,84617	4
6,84683	4
6,84750	4
6,84817	4
6,84883	4
6,84950	4
6,85017	5
6,85083	5
6,85150	6
6,85217	6
6,85283	7
6,85350	7
6,85417	8
6,85483	8
6,85550	8
6,85617	8
6,85683	9
6,85750	9
6,85817	9
6,85883	9
6,85950	9
6,86017	8
6,86083	8
6,86150	8
6,86217	9
6,86283	9
6,86350	9
6,86417	9
6,86483	9
6,86550	9
6,86617	9
6,86683	9
6,86750	8
6,86817	8
6,86883	8
6,86950	8
6,87017	8
6,87083	7
6,87150	7
6,87217	7
6,87283	7
6,87350	7
6,87417	7
6,87483	6
6,87550	6
6,87617	6
6,87683	5
6,87750	5
6,87817	4
6,87883	4
6,87950	3
6,88017	3
6,88083	2
6,88150	2
6,88217	2
6,88283	1
6,88350	1
6,88417	1
6,88483	1
6,88550	2
6,88617	2
6,88683	2
6,88750	2
6,88817	3
6,88883	3
6,88950	3
6,89017	3
6,89083	3
6,89150	3
6,89217	3
6,89283	4
6,89350	4
6,89417	4
6,89483	5
6,89550	5
6,89617	6
6,89683	7
6,89750	8
6,89817	8
6,89883	9
6,89950	10
6,90017	11
6,90083	13
6,90150	14
6,90217	15
6,90283	16
6,90350	17
6,90417	18
6,90483	19
6,90550	20
6,90617	22
6,90683	23
6,90750	24
6,90817	26
6,90883	27
6,90950	28
6,91017	30
6,91083	31
6,91150	32
6,91217	34
6,91283	35
6,91350	37
6,91417	38
6,91483	40
6,91550	42
6,91617	43
6,91683	45
6,91750	46
6,91817	48
6,91883	49
6,91950	51
6,92017	52
6,92083	53
6,92150	55
6,92217	56
6,92283	58
6,92350	59
6,92417	61
6,92483	62
6,92550	63
6,92617	64
6,92683	66
6,92750	67
6,92817	68
6,92883	69
6,92950	71
6,93017	72
6,93083	73
6,93150	74
6,93217	75
6,93283	76
6,93350	76
6,93417	77
6,93483	78
6,93550	78
6,93617	79
6,93683	80
6,93750	80
6,93817	81
6,93883	81
6,93950	82
6,94017	82
6,94083	82
6,94150	82
6,94217	83
6,94283	83
6,94350	83
6,94417	83
6,94483	83
6,94550	83
6,94617	83
6,94683	83
6,94750	83
6,94817	83
6,94883	83
6,94950	83
6,95017	83
6,95083	83
6,95150	83
6,95217	84
6,95283	84
6,95350	85
6,95417	85
6,95483	85
6,95550	86
6,95617	86
6,95683	86
6,95750	87
6,95817	87
6,95883	87
6,95950	87
6,96017	87
6,96083	88
6,96150	88
6,96217	88
6,96283	88
6,96350	88
6,96417	88
6,96483	88
6,96550	88
6,96617	89
6,96683	89
6,96750	89
6,96817	89
6,96883	89
6,96950	89
6,97017	89
6,97083	90
6,97150	89
6,97217	89
6,97283	89
6,97350	89
6,97417	89
6,97483	88
6,97550	88
6,97617	88
6,97683	88
6,97750	87
6,97817	87
6,97883	87
6,97950	86
6,98017	86
6,98083	85
6,98150	85
6,98217	85
6,98283	84
6,98350	84
6,98417	84
6,98483	83
6,98550	83
6,98617	83
6,98683	82
6,98750	82
6,98817	82
6,98883	82
6,98950	81
6,99017	81
6,99083	81
6,99150	81
6,99217	81
6,99283	81
6,99350	81
6,99417	81
6,99483	82
6,99550	82
6,99617	82
6,99683	82
6,99750	83
6,99817	83
6,99883	84
6,99950	84
7,00017	85
7,00083	86
7,00150	87
7,00217	88
7,00283	89
7,00350	90
7,00417	91
7,00483	92
7,00550	93
7,00617	94
7,00683	95
7,00750	96
7,00817	98
7,00883	99
7,00950	100
7,01017	102
7,01083	103
7,01150	104
7,01217	105
7,01283	106
7,01350	107
7,01417	108
7,01483	109
7,01550	110
7,01617	111
7,01683	112
7,01750	112
7,01817	113
7,01883	113
7,01950	113
7,02017	113
7,02083	113
7,02150	113
7,02217	113
7,02283	112
7,02350	112
7,02417	111
7,02483	110
7,02550	109
7,02617	109
7,02683	108
7,02750	107
7,02817	106
7,02883	106
7,02950	105
7,03017	104
7,03083	103
7,03150	101
7,03217	100
7,03283	99
7,03350	98
7,03417	97
7,03483	96
7,03550	95
7,03617	94
7,03683	92
7,03750	91
7,03817	90
7,03883	89
7,03950	88
7,04017	87
7,04083	86
7,04150	84
7,04217	83
7,04283	82
7,04350	81
7,04417	79
7,04483	78
7,04550	77
7,04617	76
7,04683	75
7,04750	74
7,04817	73
7,04883	72
7,04950	71
7,05017	70
7,05083	69
7,05150	68
7,05217	68
7,05283	67
7,05350	67
7,05417	66
7,05483	66
7,05550	66
7,05617	65
7,05683	65
7,05750	65
7,05817	65
7,05883	64
7,05950	64
7,06017	63
7,06083	63
7,06150	62
7,06217	62
7,06283	62
7,06350	61
7,06417	61
7,06483	60
7,06550	60
7,06617	60
7,06683	59
7,06750	59
7,06817	59
7,06883	58
7,06950	58
7,07017	58
7,07083	58
7,07150	58
7,07217	57
7,07283	57
7,07350	57
7,07417	57
7,07483	57
7,07550	56
7,07617	56
7,07683	56
7,07750	55
7,07817	55
7,07883	54
7,07950	54
7,08017	54
7,08083	53
7,08150	53
7,08217	52
7,08283	52
7,08350	52
7,08417	51
7,08483	51
7,08550	50
7,08617	50
7,08683	50
7,08750	49
7,08817	49
7,08883	49
7,08950	48
7,09017	47
7,09083	47
7,09150	46
7,09217	45
7,09283	45
7,09350	44
7,09417	44
7,09483	44
7,09550	43
7,09617	43
7,09683	43
7,09750	43
7,09817	42
7,09883	42
7,09950	42
7,10017	42
7,10083	41
7,10150	41
7,10217	41
7,10283	41
7,10350	41
7,10417	41
7,10483	40
7,10550	40
7,10617	40
7,10683	40
7,10750	40
7,10817	39
7,10883	39
7,10950	39
7,11017	39
7,11083	39
7,11150	38
7,11217	38
7,11283	38
7,11350	38
7,11417	38
7,11483	38
7,11550	38
7,11617	38
7,11683	38
7,11750	37
7,11817	37
7,11883	37
7,11950	36
7,12017	36
7,12083	36
7,12150	35
7,12217	35
7,12283	34
7,12350	34
7,12417	33
7,12483	33
7,12550	32
7,12617	32
7,12683	31
7,12750	31
7,12817	30
7,12883	30
7,12950	30
7,13017	29
7,13083	29
7,13150	28
7,13217	28
7,13283	28
7,13350	28
7,13417	28
7,13483	27
7,13550	27
7,13617	27
7,13683	26
7,13750	26
7,13817	26
7,13883	26
7,13950	26
7,14017	25
7,14083	25
7,14150	25
7,14217	25
7,14283	25
7,14350	25
7,14417	25
7,14483	25
7,14550	25
7,14617	25
7,14683	25
7,14750	25
7,14817	25
7,14883	25
7,14950	25
7,15017	25
7,15083	25
7,15150	24
7,15217	24
7,15283	24
7,15350	23
7,15417	23
7,15483	23
7,15550	23
7,15617	22
7,15683	22
7,15750	22
7,15817	22
7,15883	22
7,15950	22
7,16017	22
7,16083	23
7,16150	23
7,16217	23
7,16283	23
7,16350	23
7,16417	23
7,16483	23
7,16550	23
7,16617	23
7,16683	22
7,16750	22
7,16817	22
7,16883	22
7,16950	22
7,17017	22
7,17083	22
7,17150	22
7,17217	22
7,17283	22
7,17350	22
7,17417	22
7,17483	22
7,17550	22
7,17617	22
7,17683	22
7,17750	22
7,17817	22
7,17883	22
7,17950	22
7,18017	21
7,18083	21
7,18150	21
7,18217	21
7,18283	21
7,18350	20
7,18417	20
7,18483	20
7,18550	20
7,18617	20
7,18683	20
7,18750	20
7,18817	20
7,18883	20
7,18950	19
7,19017	19
7,19083	19
7,19150	19
7,19217	19
7,19283	19
7,19350	19
7,19417	19
7,19483	18
7,19550	18
7,19617	19
7,19683	19
7,19750	19
7,19817	19
7,19883	19
7,19950	19
7,20017	19
7,20083	18
7,20150	18
7,20217	18
7,20283	18
7,20350	17
7,20417	17
7,20483	17
7,20550	17
7,20617	16
7,20683	16
7,20750	16
7,20817	16
7,20883	16
7,20950	16
7,21017	16
7,21083	16
7,21150	16
7,21217	16
7,21283	15
7,21350	15
7,21417	15
7,21483	15
7,21550	15
7,21617	15
7,21683	15
7,21750	15
7,21817	15
7,21883	15
7,21950	14
7,22017	14
7,22083	14
7,22150	14
7,22217	14
7,22283	14
7,22350	14
7,22417	13
7,22483	13
7,22550	13
7,22617	14
7,22683	14
7,22750	14
7,22817	14
7,22883	14
7,22950	14
7,23017	14
7,23083	14
7,23150	14
7,23217	13
7,23283	13
7,23350	13
7,23417	13
7,23483	13
7,23550	13
7,23617	13
7,23683	13
7,23750	13
7,23817	13
7,23883	13
7,23950	13
7,24017	13
7,24083	13
7,24150	13
7,24217	13
7,24283	13
7,24350	13
7,24417	13
7,24483	12
7,24550	12
7,24617	12
7,24683	12
7,24750	11
7,24817	11
7,24883	11
7,24950	11
7,25017	11
7,25083	11
7,25150	11
7,25217	11
7,25283	11
7,25350	11
7,25417	11
7,25483	11
7,25550	12
7,25617	12
7,25683	12
7,25750	12
7,25817	12
7,25883	12
7,25950	12
7,26017	11
7,26083	11
7,26150	11
7,26217	10
7,26283	10
7,26350	10
7,26417	10
7,26483	9
7,26550	9
7,26617	9
7,26683	9
7,26750	9
7,26817	9
7,26883	10
7,26950	10
7,27017	10
7,27083	10
7,27150	11
7,27217	11
7,27283	11
7,27350	12
7,27417	12
7,27483	12
7,27550	12
7,27617	12
7,27683	13
7,27750	13
7,27817	13
7,27883	13
7,27950	13
7,28017	13
7,28083	13
7,28150	13
7,28217	13
7,28283	13
7,28350	13
7,28417	13
7,28483	13
7,28550	13
7,28617	13
7,28683	13
7,28750	14
7,28817	14
7,28883	14
7,28950	14
7,29017	14
7,29083	14
7,29150	15
7,29217	15
7,29283	15
7,29350	15
7,29417	15
7,29483	15
7,29550	15
7,29617	15
7,29683	14
7,29750	14
7,29817	14
7,29883	14
7,29950	14
7,30017	14
7,30083	14
7,30150	14
7,30217	14
7,30283	15
7,30350	15
7,30417	15
7,30483	15
7,30550	15
7,30617	15
7,30683	15
7,30750	15
7,30817	15
7,30883	15
7,30950	15
7,31017	15
7,31083	15
7,31150	15
7,31217	15
7,31283	15
7,31350	15
7,31417	15
7,31483	15
7,31550	15
7,31617	14
7,31683	14
7,31750	14
7,31817	14
7,31883	14
7,31950	14
7,32017	14
7,32083	14
7,32150	14
7,32217	14
7,32283	15
7,32350	15
7,32417	15
7,32483	16
7,32550	16
7,32617	16
7,32683	16
7,32750	16
7,32817	16
7,32883	17
7,32950	17
7,33017	17
7,33083	17
7,33150	17
7,33217	18
7,33283	18
7,33350	18
7,33417	18
7,33483	19
7,33550	19
7,33617	19
7,33683	19
7,33750	19
7,33817	19
7,33883	18
7,33950	18
7,34017	18
7,34083	18
7,34150	18
7,34217	18
7,34283	18
7,34350	18
7,34417	18
7,34483	18
7,34550	18
7,34617	17
7,34683	17
7,34750	17
7,34817	16
7,34883	16
7,34950	16
7,35017	15
7,35083	15
7,35150	15
7,35217	14
7,35283	14
7,35350	14
7,35417	14
7,35483	14
7,35550	14
7,35617	14
7,35683	14
7,35750	14
7,35817	14
7,35883	14
7,35950	14
7,36017	14
7,36083	14
7,36150	14
7,36217	14
7,36283	14
7,36350	13
7,36417	13
7,36483	13
7,36550	13
7,36617	12
7,36683	12
7,36750	12
7,36817	12
7,36883	12
7,36950	12
7,37017	12
7,37083	11
7,37150	11
7,37217	11
7,37283	11
7,37350	11
7,37417	11
7,37483	11
7,37550	11
7,37617	11
7,37683	11
7,37750	12
7,37817	12
7,37883	12
7,37950	12
7,38017	12
7,38083	12
7,38150	12
7,38217	12
7,38283	12
7,38350	11
7,38417	11
7,38483	11
7,38550	11
7,38617	11
7,38683	11
7,38750	11
7,38817	11
7,38883	11
7,38950	11
7,39017	12
7,39083	12
7,39150	12
7,39217	12
7,39283	12
7,39350	12
7,39417	13
7,39483	13
7,39550	13
7,39617	13
7,39683	13
7,39750	13
7,39817	13
7,39883	13
7,39950	13
7,40017	13
7,40083	13
7,40150	12
7,40217	12
7,40283	12
7,40350	12
7,40417	12
7,40483	11
7,40550	11
7,40617	11
7,40683	11
7,40750	10
7,40817	10
7,40883	10
7,40950	10
7,41017	10
7,41083	10
7,41150	9
7,41217	9
7,41283	9
7,41350	9
7,41417	8
7,41483	8
7,41550	8
7,41617	7
7,41683	7
7,41750	7
7,41817	6
7,41883	6
7,41950	5
7,42017	5
7,42083	5
7,42150	5
7,42217	5
7,42283	5
7,42350	5
7,42417	5
7,42483	5
7,42550	5
7,42617	5
7,42683	5
7,42750	5
7,42817	6
7,42883	6
7,42950	6
7,43017	6
7,43083	5
7,43150	5
7,43217	5
7,43283	5
7,43350	5
7,43417	5
7,43483	5
7,43550	5
7,43617	5
7,43683	5
7,43750	5
7,43817	5
7,43883	5
7,43950	5
7,44017	5
7,44083	5
7,44150	5
7,44217	5
7,44283	5
7,44350	5
7,44417	5
7,44483	5
7,44550	6
7,44617	6
7,44683	6
7,44750	6
7,44817	7
7,44883	7
7,44950	8
7,45017	8
7,45083	8
7,45150	8
7,45217	8
7,45283	8
7,45350	8
7,45417	8
7,45483	8
7,45550	8
7,45617	8
7,45683	8
7,45750	8
7,45817	8
7,45883	8
7,45950	8
7,46017	8
7,46083	8
7,46150	8
7,46217	8
7,46283	8
7,46350	8
7,46417	8
7,46483	8
7,46550	8
7,46617	8
7,46683	8
7,46750	7
7,46817	7
7,46883	6
7,46950	6
7,47017	6
7,47083	6
7,47150	5
7,47217	5
7,47283	5
7,47350	5
7,47417	5
7,47483	6
7,47550	6
7,47617	6
7,47683	6
7,47750	6
7,47817	7
7,47883	8
7,47950	9
7,48017	10
7,48083	13
7,48150	16
7,48217	22
7,48283	30
7,48350	42
7,48417	61
7,48483	87
7,48550	124
7,48617	177
7,48683	251
7,48750	351
7,48817	486
7,48883	664
7,48950	897
7,49017	1196
7,49083	1574
7,49150	2047
7,49217	2627
7,49283	3327
7,49350	4163
7,49417	5146
7,49483	6293
7,49550	7615
7,49617	9123
7,49683	10832
7,49750	12752
7,49817	14892
7,49883	17259
7,49950	19849
7,50017	22656
7,50083	25679
7,50150	28921
7,50217	32381
7,50283	36059
7,50350	39955
7,50417	44065
7,50483	48399
7,50550	52971
7,50617	57787
7,50683	62824
7,50750	68041
7,50817	73398
7,50883	78872
7,50950	84456
7,51017	90167
7,51083	96012
7,51150	101982
7,51217	108073
7,51283	114296
7,51350	120647
7,51417	127124
7,51483	133728
7,51550	140443
7,51617	147261
7,51683	154193
7,51750	161267
7,51817	168510
7,51883	175932
7,51950	183521
7,52017	191260
7,52083	199133
7,52150	207140
7,52217	215310
7,52283	223652
7,52350	232170
7,52417	240855
7,52483	249662
7,52550	258579
7,52617	267605
7,52683	276754
7,52750	286005
7,52817	295341
7,52883	304793
7,52950	314406
7,53017	324175
7,53083	334070
7,53150	344062
7,53217	354114
7,53283	364146
7,53350	374037
7,53417	383728
7,53483	393231
7,53550	402526
7,53617	411620
7,53683	420560
7,53750	429330
7,53817	437870
7,53883	446128
7,53950	454072
7,54017	461699
7,54083	468990
7,54150	475897
7,54217	482360
7,54283	488338
7,54350	493728
7,54417	498264
7,54483	501542
7,54550	503110
7,54617	502570
7,54683	499607
7,54750	494037
7,54817	485813
7,54883	475041
7,54950	461957
7,55017	446892
7,55083	430211
7,55150	412297
7,55217	393511
7,55283	374184
7,55350	354608
7,55417	335033
7,55483	315665
7,55550	296676
7,55617	278198
7,55683	260336
7,55750	243166
7,55817	226743
7,55883	211103
7,55950	196266
7,56017	182238
7,56083	169016
7,56150	156588
7,56217	144938
7,56283	134040
7,56350	123869
7,56417	114394
7,56483	105582
7,56550	97400
7,56617	89814
7,56683	82790
7,56750	76294
7,56817	70294
7,56883	64757
7,56950	59653
7,57017	54952
7,57083	50626
7,57150	46649
7,57217	42996
7,57283	39644
7,57350	36568
7,57417	33749
7,57483	31166
7,57550	28800
7,57617	26634
7,57683	24653
7,57750	22841
7,57817	21186
7,57883	19674
7,57950	18294
7,58017	17033
7,58083	15883
7,58150	14832
7,58217	13874
7,58283	12999
7,58350	12201
7,58417	11473
7,58483	10808
7,58550	10201
7,58617	9646
7,58683	9138
7,58750	8674
7,58817	8248
7,58883	7859
7,58950	7502
7,59017	7175
7,59083	6875
7,59150	6601
7,59217	6350
7,59283	6121
7,59350	5911
7,59417	5720
7,59483	5545
7,59550	5384
7,59617	5238
7,59683	5104
7,59750	4981
7,59817	4868
7,59883	4764
7,59950	4668
7,60017	4580
7,60083	4499
7,60150	4424
7,60217	4353
7,60283	4288
7,60350	4226
7,60417	4170
7,60483	4118
7,60550	4069
7,60617	4024
7,60683	3982
7,60750	3943
7,60817	3906
7,60883	3872
7,60950	3841
7,61017	3812
7,61083	3785
7,61150	3760
7,61217	3737
7,61283	3714
7,61350	3693
7,61417	3673
7,61483	3654
7,61550	3636
7,61617	3618
7,61683	3600
7,61750	3582
7,61817	3565
7,61883	3547
7,61950	3529
7,62017	3511
7,62083	3493
7,62150	3475
7,62217	3457
7,62283	3439
7,62350	3421
7,62417	3404
7,62483	3386
7,62550	3368
7,62617	3350
7,62683	3332
7,62750	3314
7,62817	3297
7,62883	3279
7,62950	3262
7,63017	3245
7,63083	3227
7,63150	3210
7,63217	3192
7,63283	3175
7,63350	3157
7,63417	3138
7,63483	3119
7,63550	3100
7,63617	3079
7,63683	3058
7,63750	3037
7,63817	3015
7,63883	2994
7,63950	2973
7,64017	2952
7,64083	2932
7,64150	2911
7,64217	2891
7,64283	2870
7,64350	2849
7,64417	2828
7,64483	2807
7,64550	2785
7,64617	2763
7,64683	2741
7,64750	2720
7,64817	2699
7,64883	2679
7,64950	2660
7,65017	2641
7,65083	2622
7,65150	2604
7,65217	2585
7,65283	2567
7,65350	2550
7,65417	2532
7,65483	2515
7,65550	2499
7,65617	2482
7,65683	2464
7,65750	2447
7,65817	2429
7,65883	2411
7,65950	2392
7,66017	2373
7,66083	2354
7,66150	2335
7,66217	2315
7,66283	2296
7,66350	2276
7,66417	2257
7,66483	2237
7,66550	2218
7,66617	2199
7,66683	2179
7,66750	2160
7,66817	2141
7,66883	2122
7,66950	2104
7,67017	2085
7,67083	2067
7,67150	2050
7,67217	2033
7,67283	2017
7,67350	2001
7,67417	1985
7,67483	1970
7,67550	1956
7,67617	1942
7,67683	1928
7,67750	1915
7,67817	1902
7,67883	1889
7,67950	1876
7,68017	1863
7,68083	1850
7,68150	1838
7,68217	1825
7,68283	1813
7,68350	1801
7,68417	1789
7,68483	1777
7,68550	1765
7,68617	1754
7,68683	1743
7,68750	1732
7,68817	1721
7,68883	1710
7,68950	1699
7,69017	1689
7,69083	1679
7,69150	1669
7,69217	1660
7,69283	1650
7,69350	1641
7,69417	1632
7,69483	1623
7,69550	1614
7,69617	1605
7,69683	1596
7,69750	1588
7,69817	1579
7,69883	1570
7,69950	1561
7,70017	1551
7,70083	1542
7,70150	1532
7,70217	1523
7,70283	1513
7,70350	1503
7,70417	1493
7,70483	1483
7,70550	1472
7,70617	1461
7,70683	1450
7,70750	1439
7,70817	1427
7,70883	1415
7,70950	1402
7,71017	1389
7,71083	1377
7,71150	1364
7,71217	1351
7,71283	1338
7,71350	1325
7,71417	1312
7,71483	1299
7,71550	1286
7,71617	1274
7,71683	1262
7,71750	1250
7,71817	1238
7,71883	1227
7,71950	1216
7,72017	1205
7,72083	1195
7,72150	1185
7,72217	1175
7,72283	1166
7,72350	1157
7,72417	1149
7,72483	1141
7,72550	1134
7,72617	1126
7,72683	1119
7,72750	1112
7,72817	1106
7,72883	1100
7,72950	1094
7,73017	1088
7,73083	1083
7,73150	1078
7,73217	1073
7,73283	1067
7,73350	1062
7,73417	1057
7,73483	1052
7,73550	1046
7,73617	1041
7,73683	1035
7,73750	1030
7,73817	1024
7,73883	1019
7,73950	1014
7,74017	1009
7,74083	1003
7,74150	998
7,74217	993
7,74283	988
7,74350	982
7,74417	977
7,74483	971
7,74550	966
7,74617	960
7,74683	954
7,74750	948
7,74817	942
7,74883	937
7,74950	932
7,75017	926
7,75083	921
7,75150	915
7,75217	910
7,75283	905
7,75350	899
7,75417	894
7,75483	888
7,75550	882
7,75617	876
7,75683	871
7,75750	865
7,75817	859
7,75883	854
7,75950	848
7,76017	843
7,76083	837
7,76150	831
7,76217	826
7,76283	821
7,76350	815
7,76417	810
7,76483	804
7,76550	799
7,76617	794
7,76683	788
7,76750	783
7,76817	778
7,76883	773
7,76950	768
7,77017	763
7,77083	759
7,77150	754
7,77217	750
7,77283	746
7,77350	741
7,77417	737
7,77483	733
7,77550	730
7,77617	726
7,77683	722
7,77750	719
7,77817	716
7,77883	713
7,77950	710
7,78017	707
7,78083	705
7,78150	703
7,78217	701
7,78283	700
7,78350	699
7,78417	698
7,78483	697
7,78550	696
7,78617	696
7,78683	696
7,78750	695
7,78817	695
7,78883	695
7,78950	695
7,79017	695
7,79083	695
7,79150	695
7,79217	695
7,79283	695
7,79350	694
7,79417	693
7,79483	692
7,79550	690
7,79617	688
7,79683	685
7,79750	682
7,79817	679
7,79883	675
7,79950	671
7,80017	666
7,80083	662
7,80150	657
7,80217	653
7,80283	648
7,80350	643
7,80417	639
7,80483	634
7,80550	629
7,80617	624
7,80683	619
7,80750	614
7,80817	609
7,80883	604
7,80950	599
7,81017	594
7,81083	590
7,81150	586
7,81217	581
7,81283	577
7,81350	574
7,81417	570
7,81483	566
7,81550	562
7,81617	558
7,81683	554
7,81750	551
7,81817	547
7,81883	544
7,81950	541
7,82017	538
7,82083	535
7,82150	532
7,82217	529
7,82283	526
7,82350	524
7,82417	521
7,82483	519
7,82550	517
7,82617	514
7,82683	512
7,82750	510
7,82817	507
7,82883	504
7,82950	501
7,83017	498
7,83083	495
7,83150	492
7,83217	489
7,83283	486
7,83350	483
7,83417	480
7,83483	477
7,83550	474
7,83617	471
7,83683	468
7,83750	465
7,83817	462
7,83883	459
7,83950	456
7,84017	453
7,84083	450
7,84150	447
7,84217	444
7,84283	441
7,84350	438
7,84417	436
7,84483	433
7,84550	430
7,84617	428
7,84683	425
7,84750	423
7,84817	420
7,84883	417
7,84950	415
7,85017	413
7,85083	410
7,85150	408
7,85217	406
7,85283	404
7,85350	402
7,85417	400
7,85483	399
7,85550	398
7,85617	397
7,85683	396
7,85750	395
7,85817	394
7,85883	394
7,85950	393
7,86017	392
7,86083	392
7,86150	391
7,86217	391
7,86283	390
7,86350	389
7,86417	388
7,86483	387
7,86550	386
7,86617	385
7,86683	385
7,86750	383
7,86817	382
7,86883	381
7,86950	380
7,87017	378
7,87083	377
7,87150	375
7,87217	374
7,87283	372
7,87350	371
7,87417	369
7,87483	368
7,87550	366
7,87617	364
7,87683	363
7,87750	361
7,87817	359
7,87883	357
7,87950	355
7,88017	353
7,88083	351
7,88150	348
7,88217	346
7,88283	344
7,88350	342
7,88417	340
7,88483	338
7,88550	336
7,88617	334
7,88683	332
7,88750	331
7,88817	329
7,88883	327
7,88950	326
7,89017	324
7,89083	322
7,89150	320
7,89217	319
7,89283	317
7,89350	316
7,89417	314
7,89483	313
7,89550	311
7,89617	309
7,89683	308
7,89750	307
7,89817	305
7,89883	304
7,89950	303
7,90017	302
7,90083	301
7,90150	299
7,90217	298
7,90283	297
7,90350	295
7,90417	294
7,90483	293
7,90550	292
7,90617	291
7,90683	290
7,90750	289
7,90817	288
7,90883	287
7,90950	286
7,91017	285
7,91083	284
7,91150	283
7,91217	282
7,91283	281
7,91350	281
7,91417	280
7,91483	279
7,91550	279
7,91617	278
7,91683	277
7,91750	276
7,91817	275
7,91883	274
7,91950	273
7,92017	272
7,92083	271
7,92150	269
7,92217	268
7,92283	267
7,92350	265
7,92417	264
7,92483	263
7,92550	262
7,92617	261
7,92683	259
7,92750	258
7,92817	257
7,92883	256
7,92950	255
7,93017	254
7,93083	253
7,93150	252
7,93217	251
7,93283	250
7,93350	249
7,93417	248
7,93483	247
7,93550	246
7,93617	245
7,93683	244
7,93750	243
7,93817	242
7,93883	241
7,93950	240
7,94017	239
7,94083	238
7,94150	238
7,94217	237
7,94283	236
7,94350	235
7,94417	234
7,94483	233
7,94550	232
7,94617	231
7,94683	230
7,94750	229
7,94817	229
7,94883	228
7,94950	227
7,95017	226
7,95083	226
7,95150	225
7,95217	224
7,95283	223
7,95350	222
7,95417	221
7,95483	220
7,95550	218
7,95617	217
7,95683	216
7,95750	215
7,95817	213
7,95883	212
7,95950	211
7,96017	210
7,96083	210
7,96150	209
7,96217	209
7,96283	208
7,96350	208
7,96417	207
7,96483	207
7,96550	206
7,96617	206
7,96683	206
7,96750	205
7,96817	205
7,96883	204
7,96950	204
7,97017	203
7,97083	202
7,97150	202
7,97217	201
7,97283	200
7,97350	200
7,97417	199
7,97483	199
7,97550	198
7,97617	198
7,97683	198
7,97750	197
7,97817	197
7,97883	196
7,97950	195
7,98017	195
7,98083	194
7,98150	193
7,98217	192
7,98283	191
7,98350	190
7,98417	190
7,98483	189
7,98550	188
7,98617	187
7,98683	186
7,98750	185
7,98817	184
7,98883	183
7,98950	182
7,99017	181
7,99083	181
7,99150	180
7,99217	179
7,99283	178
7,99350	177
7,99417	176
7,99483	176
7,99550	175
7,99617	175
7,99683	174
7,99750	174
7,99817	173
7,99883	173
7,99950	172
8,00017	171
8,00083	170
8,00150	170
8,00217	169
8,00283	168
8,00350	168
8,00417	167
8,00483	167
8,00550	166
8,00617	166
8,00683	165
8,00750	165
8,00817	164
8,00883	164
8,00950	163
8,01017	163
8,01083	162
8,01150	161
8,01217	161
8,01283	160
8,01350	160
8,01417	159
8,01483	159
8,01550	158
8,01617	158
8,01683	157
8,01750	157
8,01817	156
8,01883	155
8,01950	155
8,02017	154
8,02083	153
8,02150	153
8,02217	152
8,02283	152
8,02350	151
8,02417	151
8,02483	150
8,02550	150
8,02617	149
8,02683	149
8,02750	149
8,02817	148
8,02883	148
8,02950	148
8,03017	147
8,03083	146
8,03150	146
8,03217	145
8,03283	145
8,03350	144
8,03417	143
8,03483	143
8,03550	142
8,03617	141
8,03683	141
8,03750	141
8,03817	140
8,03883	140
8,03950	140
8,04017	139
8,04083	139
8,04150	138
8,04217	138
8,04283	138
8,04350	137
8,04417	137
8,04483	137
8,04550	136
8,04617	136
8,04683	135
8,04750	135
8,04817	134
8,04883	134
8,04950	133
8,05017	132
8,05083	132
8,05150	131
8,05217	131
8,05283	131
8,05350	130
8,05417	130
8,05483	129
8,05550	128
8,05617	128
8,05683	127
8,05750	127
8,05817	127
8,05883	126
8,05950	126
8,06017	126
8,06083	126
8,06150	126
8,06217	125
8,06283	125
8,06350	125
8,06417	124
8,06483	124
8,06550	124
8,06617	123
8,06683	123
8,06750	123
8,06817	123
8,06883	123
8,06950	122
8,07017	122
8,07083	121
8,07150	121
8,07217	121
8,07283	121
8,07350	121
8,07417	120
8,07483	120
8,07550	119
8,07617	119
8,07683	118
8,07750	118
8,07817	117
8,07883	117
8,07950	116
8,08017	116
8,08083	116
8,08150	115
8,08217	115
8,08283	115
8,08350	114
8,08417	114
8,08483	114
8,08550	113
8,08617	113
8,08683	113
8,08750	113
8,08817	113
8,08883	112
8,08950	112
8,09017	112
8,09083	112
8,09150	112
8,09217	111
8,09283	111
8,09350	111
8,09417	111
8,09483	111
8,09550	110
8,09617	110
8,09683	110
8,09750	110
8,09817	110
8,09883	110
8,09950	110
8,10017	110
8,10083	110
8,10150	110
8,10217	109
8,10283	109
8,10350	109
8,10417	109
8,10483	109
8,10550	108
8,10617	108
8,10683	109
8,10750	109
8,10817	109
8,10883	109
8,10950	110
8,11017	110
8,11083	110
8,11150	110
8,11217	110
8,11283	109
8,11350	109
8,11417	109
8,11483	109
8,11550	109
8,11617	108
8,11683	108
8,11750	107
8,11817	106
8,11883	106
8,11950	105
8,12017	104
8,12083	104
8,12150	103
8,12217	103
8,12283	102
8,12350	102
8,12417	102
8,12483	101
8,12550	101
8,12617	100
8,12683	100
8,12750	100
8,12817	99
8,12883	99
8,12950	99
8,13017	98
8,13083	98
8,13150	98
8,13217	97
8,13283	97
8,13350	97
8,13417	96
8,13483	96
8,13550	95
8,13617	95
8,13683	95
8,13750	95
8,13817	94
8,13883	94
8,13950	94
8,14017	94
8,14083	94
8,14150	93
8,14217	94
8,14283	94
8,14350	94
8,14417	94
8,14483	95
8,14550	95
8,14617	95
8,14683	95
8,14750	96
8,14817	96
8,14883	96
8,14950	96
8,15017	95
8,15083	95
8,15150	95
8,15217	94
8,15283	94
8,15350	93
8,15417	93
8,15483	93
8,15550	92
8,15617	92
8,15683	92
8,15750	91
8,15817	91
8,15883	90
8,15950	90
8,16017	89
8,16083	89
8,16150	88
8,16217	88
8,16283	87
8,16350	86
8,16417	86
8,16483	85
8,16550	85
8,16617	84
8,16683	84
8,16750	83
8,16817	82
8,16883	82
8,16950	81
8,17017	81
8,17083	80
8,17150	79
8,17217	79
8,17283	79
8,17350	78
8,17417	78
8,17483	78
8,17550	77
8,17617	77
8,17683	77
8,17750	77
8,17817	76
8,17883	76
8,17950	76
8,18017	75
8,18083	74
8,18150	74
8,18217	73
8,18283	73
8,18350	72
8,18417	72
8,18483	72
8,18550	72
8,18617	71
8,18683	71
8,18750	71
8,18817	71
8,18883	71
8,18950	71
8,19017	71
8,19083	71
8,19150	71
8,19217	71
8,19283	71
8,19350	71
8,19417	71
8,19483	71
8,19550	71
8,19617	71
8,19683	71
8,19750	71
8,19817	70
8,19883	70
8,19950	70
8,20017	70
8,20083	70
8,20150	69
8,20217	69
8,20283	69
8,20350	69
8,20417	68
8,20483	68
8,20550	68
8,20617	67
8,20683	67
8,20750	67
8,20817	67
8,20883	66
8,20950	66
8,21017	66
8,21083	65
8,21150	65
8,21217	65
8,21283	64
8,21350	64
8,21417	64
8,21483	63
8,21550	63
8,21617	63
8,21683	63
8,21750	63
8,21817	63
8,21883	63
8,21950	63
8,22017	63
8,22083	63
8,22150	63
8,22217	63
8,22283	63
8,22350	63
8,22417	62
8,22483	62
8,22550	63
8,22617	63
8,22683	63
8,22750	63
8,22817	63
8,22883	63
8,22950	63
8,23017	63
8,23083	63
8,23150	63
8,23217	63
8,23283	63
8,23350	63
8,23417	63
8,23483	63
8,23550	63
8,23617	63
8,23683	63
8,23750	63
8,23817	64
8,23883	64
8,23950	64
8,24017	65
8,24083	65
8,24150	65
8,24217	65
8,24283	65
8,24350	65
8,24417	64
8,24483	64
8,24550	64
8,24617	63
8,24683	63
8,24750	63
8,24817	63
8,24883	62
8,24950	62
8,25017	62
8,25083	62
8,25150	62
8,25217	61
8,25283	61
8,25350	61
8,25417	61
8,25483	61
8,25550	61
8,25617	61
8,25683	60
8,25750	60
8,25817	60
8,25883	60
8,25950	60
8,26017	60
8,26083	60
8,26150	60
8,26217	60
8,26283	60
8,26350	60
8,26417	59
8,26483	59
8,26550	59
8,26617	58
8,26683	58
8,26750	58
8,26817	57
8,26883	57
8,26950	57
8,27017	57
8,27083	57
8,27150	56
8,27217	56
8,27283	56
8,27350	56
8,27417	56
8,27483	56
8,27550	55
8,27617	55
8,27683	55
8,27750	55
8,27817	54
8,27883	54
8,27950	54
8,28017	54
8,28083	53
8,28150	53
8,28217	53
8,28283	52
8,28350	52
8,28417	51
8,28483	51
8,28550	50
8,28617	49
8,28683	49
8,28750	48
8,28817	48
8,28883	47
8,28950	47
8,29017	46
8,29083	46
8,29150	46
8,29217	46
8,29283	46
8,29350	46
8,29417	46
8,29483	46
8,29550	47
8,29617	47
8,29683	47
8,29750	48
8,29817	48
8,29883	48
8,29950	49
8,30017	49
8,30083	50
8,30150	51
8,30217	52
8,30283	53
8,30350	54
8,30417	55
8,30483	56
8,30550	57
8,30617	59
8,30683	60
8,30750	62
8,30817	64
8,30883	66
8,30950	68
8,31017	70
8,31083	72
8,31150	74
8,31217	77
8,31283	79
8,31350	82
8,31417	84
8,31483	87
8,31550	90
8,31617	93
8,31683	96
8,31750	98
8,31817	101
8,31883	104
8,31950	106
8,32017	108
8,32083	110
8,32150	112
8,32217	114
8,32283	116
8,32350	118
8,32417	119
8,32483	121
8,32550	122
8,32617	123
8,32683	124
8,32750	124
8,32817	125
8,32883	125
8,32950	125
8,33017	125
8,33083	125
8,33150	124
8,33217	124
8,33283	123
8,33350	123
8,33417	122
8,33483	121
8,33550	121
8,33617	120
8,33683	120
8,33750	119
8,33817	118
8,33883	118
8,33950	117
8,34017	117
8,34083	116
8,34150	116
8,34217	116
8,34283	115
8,34350	115
8,34417	115
8,34483	115
8,34550	115
8,34617	115
8,34683	115
8,34750	115
8,34817	115
8,34883	115
8,34950	115
8,35017	115
8,35083	115
8,35150	115
8,35217	115
8,35283	115
8,35350	115
8,35417	115
8,35483	115
8,35550	115
8,35617	115
8,35683	115
8,35750	116
8,35817	116
8,35883	116
8,35950	116
8,36017	115
8,36083	115
8,36150	114
8,36217	114
8,36283	113
8,36350	112
8,36417	111
8,36483	111
8,36550	110
8,36617	109
8,36683	107
8,36750	106
8,36817	105
8,36883	104
8,36950	103
8,37017	102
8,37083	101
8,37150	100
8,37217	99
8,37283	98
8,37350	97
8,37417	95
8,37483	94
8,37550	93
8,37617	92
8,37683	91
8,37750	90
8,37817	89
8,37883	88
8,37950	88
8,38017	87
8,38083	86
8,38150	86
8,38217	85
8,38283	84
8,38350	84
8,38417	83
8,38483	82
8,38550	81
8,38617	81
8,38683	80
8,38750	79
8,38817	79
8,38883	78
8,38950	77
8,39017	77
8,39083	76
8,39150	76
8,39217	75
8,39283	75
8,39350	74
8,39417	73
8,39483	73
8,39550	72
8,39617	71
8,39683	71
8,39750	70
8,39817	69
8,39883	69
8,39950	68
8,40017	67
8,40083	66
8,40150	66
8,40217	65
8,40283	64
8,40350	63
8,40417	63
8,40483	62
8,40550	62
8,40617	61
8,40683	61
8,40750	60
8,40817	60
8,40883	59
8,40950	59
8,41017	59
8,41083	58
8,41150	58
8,41217	58
8,41283	57
8,41350	57
8,41417	57
8,41483	56
8,41550	56
8,41617	55
8,41683	55
8,41750	54
8,41817	54
8,41883	54
8,41950	53
8,42017	53
8,42083	53
8,42150	53
8,42217	52
8,42283	52
8,42350	52
8,42417	52
8,42483	52
8,42550	52
8,42617	51
8,42683	51
8,42750	51
8,42817	50
8,42883	50
8,42950	49
8,43017	49
8,43083	49
8,43150	49
8,43217	48
8,43283	48
8,43350	48
8,43417	48
8,43483	48
8,43550	47
8,43617	47
8,43683	46
8,43750	46
8,43817	46
8,43883	45
8,43950	45
8,44017	44
8,44083	44
8,44150	44
8,44217	43
8,44283	43
8,44350	43
8,44417	42
8,44483	42
8,44550	42
8,44617	42
8,44683	42
8,44750	42
8,44817	42
8,44883	42
8,44950	42
8,45017	41
8,45083	41
8,45150	41
8,45217	41
8,45283	40
8,45350	40
8,45417	40
8,45483	39
8,45550	39
8,45617	39
8,45683	39
8,45750	39
8,45817	39
8,45883	40
8,45950	40
8,46017	40
8,46083	40
8,46150	40
8,46217	40
8,46283	40
8,46350	41
8,46417	41
8,46483	41
8,46550	41
8,46617	41
8,46683	40
8,46750	40
8,46817	40
8,46883	40
8,46950	40
8,47017	39
8,47083	39
8,47150	39
8,47217	39
8,47283	38
8,47350	38
8,47417	38
8,47483	37
8,47550	37
8,47617	37
8,47683	36
8,47750	36
8,47817	36
8,47883	36
8,47950	35
8,48017	35
8,48083	35
8,48150	35
8,48217	35
8,48283	35
8,48350	35
8,48417	35
8,48483	35
8,48550	35
8,48617	35
8,48683	35
8,48750	35
8,48817	35
8,48883	35
8,48950	36
8,49017	36
8,49083	36
8,49150	36
8,49217	36
8,49283	36
8,49350	36
8,49417	37
8,49483	37
8,49550	37
8,49617	37
8,49683	37
8,49750	37
8,49817	38
8,49883	37
8,49950	37
8,50017	37
8,50083	37
8,50150	37
8,50217	37
8,50283	36
8,50350	36
8,50417	36
8,50483	36
8,50550	35
8,50617	35
8,50683	35
8,50750	35
8,50817	35
8,50883	35
8,50950	35
8,51017	35
8,51083	35
8,51150	35
8,51217	35
8,51283	34
8,51350	34
8,51417	34
8,51483	34
8,51550	33
8,51617	33
8,51683	33
8,51750	33
8,51817	33
8,51883	33
8,51950	33
8,52017	33
8,52083	33
8,52150	32
8,52217	32
8,52283	32
8,52350	32
8,52417	32
8,52483	32
8,52550	32
8,52617	32
8,52683	32
8,52750	32
8,52817	32
8,52883	32
8,52950	32
8,53017	32
8,53083	32
8,53150	32
8,53217	32
8,53283	33
8,53350	33
8,53417	33
8,53483	33
8,53550	33
8,53617	33
8,53683	34
8,53750	34
8,53817	34
8,53883	34
8,53950	34
8,54017	35
8,54083	35
8,54150	35
8,54217	35
8,54283	34
8,54350	34
8,54417	34
8,54483	34
8,54550	33
8,54617	33
8,54683	33
8,54750	32
8,54817	32
8,54883	32
8,54950	32
8,55017	32
8,55083	32
8,55150	32
8,55217	32
8,55283	31
8,55350	31
8,55417	31
8,55483	31
8,55550	31
8,55617	31
8,55683	31
8,55750	31
8,55817	31
8,55883	31
8,55950	31
8,56017	31
8,56083	31
8,56150	32
8,56217	32
8,56283	32
8,56350	32
8,56417	32
8,56483	32
8,56550	32
8,56617	32
8,56683	32
8,56750	32
8,56817	32
8,56883	32
8,56950	33
8,57017	33
8,57083	33
8,57150	33
8,57217	34
8,57283	34
8,57350	34
8,57417	34
8,57483	34
8,57550	34
8,57617	34
8,57683	34
8,57750	34
8,57817	33
8,57883	33
8,57950	33
8,58017	32
8,58083	32
8,58150	32
8,58217	31
8,58283	31
8,58350	31
8,58417	31
8,58483	30
8,58550	30
8,58617	30
8,58683	29
8,58750	29
8,58817	29
8,58883	28
8,58950	28
8,59017	28
8,59083	28
8,59150	28
8,59217	27
8,59283	27
8,59350	27
8,59417	26
8,59483	26
8,59550	26
8,59617	26
8,59683	26
8,59750	26
8,59817	26
8,59883	26
8,59950	26
8,60017	26
8,60083	26
8,60150	26
8,60217	26
8,60283	26
8,60350	25
8,60417	25
8,60483	25
8,60550	25
8,60617	25
8,60683	25
8,60750	25
8,60817	25
8,60883	25
8,60950	25
8,61017	25
8,61083	25
8,61150	25
8,61217	25
8,61283	25
8,61350	25
8,61417	25
8,61483	26
8,61550	26
8,61617	26
8,61683	26
8,61750	26
8,61817	26
8,61883	26
8,61950	27
8,62017	27
8,62083	26
8,62150	26
8,62217	26
8,62283	26
8,62350	26
8,62417	26
8,62483	26
8,62550	25
8,62617	25
8,62683	25
8,62750	25
8,62817	25
8,62883	25
8,62950	25
8,63017	25
8,63083	24
8,63150	24
8,63217	24
8,63283	24
8,63350	24
8,63417	25
8,63483	25
8,63550	25
8,63617	25
8,63683	25
8,63750	25
8,63817	25
8,63883	25
8,63950	25
8,64017	25
8,64083	25
8,64150	25
8,64217	25
8,64283	25
8,64350	25
8,64417	26
8,64483	26
8,64550	26
8,64617	26
8,64683	26
8,64750	26
8,64817	26
8,64883	26
8,64950	26
8,65017	26
8,65083	26
8,65150	26
8,65217	26
8,65283	26
8,65350	26
8,65417	26
8,65483	26
8,65550	26
8,65617	26
8,65683	26
8,65750	27
8,65817	27
8,65883	27
8,65950	27
8,66017	27
8,66083	27
8,66150	27
8,66217	27
8,66283	26
8,66350	26
8,66417	26
8,66483	26
8,66550	26
8,66617	26
8,66683	26
8,66750	26
8,66817	26
8,66883	26
8,66950	26
8,67017	26
8,67083	26
8,67150	26
8,67217	25
8,67283	25
8,67350	25
8,67417	25
8,67483	25
8,67550	25
8,67617	25
8,67683	25
8,67750	25
8,67817	25
8,67883	25
8,67950	24
8,68017	24
8,68083	24
8,68150	24
8,68217	24
8,68283	24
8,68350	24
8,68417	24
8,68483	24
8,68550	24
8,68617	24
8,68683	24
8,68750	24
8,68817	24
8,68883	23
8,68950	23
8,69017	23
8,69083	23
8,69150	22
8,69217	22
8,69283	22
8,69350	22
8,69417	22
8,69483	22
8,69550	22
8,69617	22
8,69683	22
8,69750	22
8,69817	22
8,69883	22
8,69950	22
8,70017	22
8,70083	22
8,70150	22
8,70217	22
8,70283	22
8,70350	22
8,70417	22
8,70483	22
8,70550	22
8,70617	21
8,70683	21
8,70750	21
8,70817	21
8,70883	22
8,70950	22
8,71017	22
8,71083	22
8,71150	22
8,71217	22
8,71283	22
8,71350	22
8,71417	22
8,71483	22
8,71550	22
8,71617	22
8,71683	22
8,71750	21
8,71817	21
8,71883	21
8,71950	21
8,72017	22
8,72083	22
8,72150	22
8,72217	22
8,72283	23
8,72350	23
8,72417	23
8,72483	23
8,72550	23
8,72617	23
8,72683	23
8,72750	23
8,72817	23
8,72883	23
8,72950	23
8,73017	23
8,73083	23
8,73150	23
8,73217	23
8,73283	23
8,73350	23
8,73417	23
8,73483	23
8,73550	22
8,73617	22
8,73683	22
8,73750	22
8,73817	22
8,73883	22
8,73950	22
8,74017	23
8,74083	23
8,74150	23
8,74217	23
8,74283	23
8,74350	23
8,74417	22
8,74483	22
8,74550	22
8,74617	22
8,74683	22
8,74750	21
8,74817	21
8,74883	21
8,74950	21
8,75017	21
8,75083	21
8,75150	21
8,75217	22
8,75283	22
8,75350	22
8,75417	22
8,75483	23
8,75550	23
8,75617	23
8,75683	23
8,75750	23
8,75817	23
8,75883	24
8,75950	24
8,76017	24
8,76083	24
8,76150	24
8,76217	24
8,76283	25
8,76350	25
8,76417	24
8,76483	24
8,76550	24
8,76617	24
8,76683	24
8,76750	24
8,76817	25
8,76883	25
8,76950	25
8,77017	25
8,77083	25
8,77150	25
8,77217	25
8,77283	25
8,77350	25
8,77417	25
8,77483	25
8,77550	25
8,77617	26
8,77683	26
8,77750	26
8,77817	26
8,77883	26
8,77950	26
8,78017	26
8,78083	26
8,78150	26
8,78217	26
8,78283	25
8,78350	25
8,78417	25
8,78483	25
8,78550	25
8,78617	25
8,78683	25
8,78750	25
8,78817	25
8,78883	25
8,78950	25
8,79017	25
8,79083	25
8,79150	24
8,79217	24
8,79283	24
8,79350	23
8,79417	23
8,79483	23
8,79550	23
8,79617	23
8,79683	23
8,79750	22
8,79817	22
8,79883	22
8,79950	22
8,80017	21
8,80083	21
8,80150	21
8,80217	20
8,80283	20
8,80350	20
8,80417	21
8,80483	21
8,80550	21
8,80617	21
8,80683	21
8,80750	22
8,80817	22
8,80883	22
8,80950	22
8,81017	22
8,81083	22
8,81150	23
8,81217	23
8,81283	23
8,81350	23
8,81417	23
8,81483	23
8,81550	23
8,81617	23
8,81683	23
8,81750	23
8,81817	23
8,81883	23
8,81950	23
8,82017	23
8,82083	23
8,82150	23
8,82217	23
8,82283	23
8,82350	24
8,82417	24
8,82483	24
8,82550	24
8,82617	25
8,82683	25
8,82750	25
8,82817	25
8,82883	26
8,82950	26
8,83017	26
8,83083	26
8,83150	26
8,83217	26
8,83283	26
8,83350	25
8,83417	25
8,83483	25
8,83550	25
8,83617	25
8,83683	25
8,83750	25
8,83817	25
8,83883	25
8,83950	25
8,84017	25
8,84083	25
8,84150	25
8,84217	25
8,84283	24
8,84350	24
8,84417	24
8,84483	24
8,84550	24
8,84617	24
8,84683	24
8,84750	23
8,84817	23
8,84883	23
8,84950	23
8,85017	23
8,85083	23
8,85150	23
8,85217	24
8,85283	24
8,85350	24
8,85417	24
8,85483	24
8,85550	24
8,85617	24
8,85683	24
8,85750	25
8,85817	25
8,85883	25
8,85950	25
8,86017	25
8,86083	25
8,86150	25
8,86217	25
8,86283	25
8,86350	25
8,86417	25
8,86483	25
8,86550	24
8,86617	24
8,86683	24
8,86750	25
8,86817	25
8,86883	25
8,86950	25
8,87017	25
8,87083	25
8,87150	24
8,87217	24
8,87283	24
8,87350	24
8,87417	24
8,87483	23
8,87550	23
8,87617	23
8,87683	23
8,87750	23
8,87817	23
8,87883	23
8,87950	23
8,88017	23
8,88083	23
8,88150	23
8,88217	23
8,88283	23
8,88350	22
8,88417	22
8,88483	22
8,88550	22
8,88617	22
8,88683	21
8,88750	21
8,88817	21
8,88883	21
8,88950	21
8,89017	21
8,89083	21
8,89150	21
8,89217	21
8,89283	21
8,89350	21
8,89417	21
8,89483	21
8,89550	21
8,89617	21
8,89683	21
8,89750	21
8,89817	21
8,89883	21
8,89950	21
8,90017	22
8,90083	22
8,90150	22
8,90217	22
8,90283	23
8,90350	23
8,90417	23
8,90483	23
8,90550	23
8,90617	23
8,90683	23
8,90750	23
8,90817	24
8,90883	24
8,90950	24
8,91017	24
8,91083	24
8,91150	24
8,91217	25
8,91283	25
8,91350	25
8,91417	25
8,91483	25
8,91550	25
8,91617	25
8,91683	24
8,91750	24
8,91817	24
8,91883	24
8,91950	23
8,92017	23
8,92083	23
8,92150	23
8,92217	23
8,92283	22
8,92350	22
8,92417	22
8,92483	22
8,92550	21
8,92617	21
8,92683	21
8,92750	21
8,92817	21
8,92883	21
8,92950	21
8,93017	21
8,93083	22
8,93150	22
8,93217	22
8,93283	22
8,93350	23
8,93417	23
8,93483	23
8,93550	23
8,93617	23
8,93683	23
8,93750	23
8,93817	23
8,93883	23
8,93950	24
8,94017	24
8,94083	24
8,94150	24
8,94217	24
8,94283	24
8,94350	25
8,94417	25
8,94483	25
8,94550	25
8,94617	25
8,94683	25
8,94750	26
8,94817	26
8,94883	26
8,94950	27
8,95017	27
8,95083	27
8,95150	27
8,95217	27
8,95283	27
8,95350	27
8,95417	26
8,95483	26
8,95550	26
8,95617	26
8,95683	26
8,95750	26
8,95817	26
8,95883	26
8,95950	26
8,96017	26
8,96083	26
8,96150	26
8,96217	26
8,96283	25
8,96350	25
8,96417	24
8,96483	24
8,96550	24
8,96617	24
8,96683	23
8,96750	23
8,96817	23
8,96883	22
8,96950	22
8,97017	22
8,97083	22
8,97150	21
8,97217	21
8,97283	21
8,97350	21
8,97417	21
8,97483	21
8,97550	21
8,97617	21
8,97683	21
8,97750	22
8,97817	22
8,97883	22
8,97950	22
8,98017	21
8,98083	21
8,98150	21
8,98217	22
8,98283	22
8,98350	22
8,98417	22
8,98483	22
8,98550	22
8,98617	22
8,98683	22
8,98750	22
8,98817	22
8,98883	22
8,98950	22
8,99017	22
8,99083	22
8,99150	22
8,99217	21
8,99283	21
8,99350	21
8,99417	21
8,99483	21
8,99550	20
8,99617	20
8,99683	20
8,99750	20
8,99817	20
8,99883	21
8,99950	21
9,00017	21
9,00083	20
9,00150	20
9,00217	20
9,00283	20
9,00350	20
9,00417	20
9,00483	20
9,00550	20
9,00617	20
9,00683	21
9,00750	21
9,00817	21
9,00883	21
9,00950	22
9,01017	22
9,01083	22
9,01150	21
9,01217	21
9,01283	21
9,01350	21
9,01417	20
9,01483	20
9,01550	20
9,01617	21
9,01683	21
9,01750	21
9,01817	21
9,01883	21
9,01950	21
9,02017	21
9,02083	21
9,02150	22
9,02217	22
9,02283	22
9,02350	22
9,02417	22
9,02483	22
9,02550	23
9,02617	23
9,02683	22
9,02750	22
9,02817	22
9,02883	22
9,02950	22
9,03017	22
9,03083	22
9,03150	22
9,03217	22
9,03283	22
9,03350	21
9,03417	21
9,03483	21
9,03550	21
9,03617	21
9,03683	21
9,03750	21
9,03817	21
9,03883	21
9,03950	21
9,04017	21
9,04083	22
9,04150	22
9,04217	22
9,04283	22
9,04350	22
9,04417	22
9,04483	22
9,04550	23
9,04617	23
9,04683	23
9,04750	23
9,04817	23
9,04883	24
9,04950	24
9,05017	24
9,05083	24
9,05150	24
9,05217	25
9,05283	25
9,05350	25
9,05417	24
9,05483	24
9,05550	24
9,05617	24
9,05683	24
9,05750	24
9,05817	25
9,05883	24
9,05950	24
9,06017	25
9,06083	25
9,06150	24
9,06217	24
9,06283	24
9,06350	24
9,06417	24
9,06483	24
9,06550	23
9,06617	23
9,06683	23
9,06750	23
9,06817	23
9,06883	23
9,06950	23
9,07017	23
9,07083	23
9,07150	23
9,07217	24
9,07283	24
9,07350	24
9,07417	24
9,07483	24
9,07550	24
9,07617	24
9,07683	24
9,07750	24
9,07817	24
9,07883	24
9,07950	24
9,08017	24
9,08083	24
9,08150	24
9,08217	24
9,08283	24
9,08350	24
9,08417	24
9,08483	24
9,08550	24
9,08617	24
9,08683	24
9,08750	24
9,08817	25
9,08883	25
9,08950	25
9,09017	25
9,09083	25
9,09150	25
9,09217	25
9,09283	26
9,09350	26
9,09417	26
9,09483	26
9,09550	26
9,09617	26
9,09683	26
9,09750	26
9,09817	26
9,09883	25
9,09950	25
9,10017	25
9,10083	25
9,10150	25
9,10217	25
9,10283	24
9,10350	24
9,10417	24
9,10483	24
9,10550	24
9,10617	23
9,10683	23
9,10750	23
9,10817	23
9,10883	23
9,10950	23
9,11017	23
9,11083	23
9,11150	23
9,11217	23
9,11283	23
9,11350	23
9,11417	23
9,11483	23
9,11550	23
9,11617	23
9,11683	23
9,11750	23
9,11817	23
9,11883	23
9,11950	22
9,12017	22
9,12083	22
9,12150	22
9,12217	22
9,12283	22
9,12350	22
9,12417	22
9,12483	22
9,12550	21
9,12617	21
9,12683	21
9,12750	21
9,12817	21
9,12883	21
9,12950	20
9,13017	20
9,13083	20
9,13150	20
9,13217	20
9,13283	20
9,13350	20
9,13417	21
9,13483	21
9,13550	21
9,13617	21
9,13683	22
9,13750	22
9,13817	22
9,13883	22
9,13950	22
9,14017	22
9,14083	22
9,14150	22
9,14217	22
9,14283	22
9,14350	22
9,14417	22
9,14483	22
9,14550	23
9,14617	23
9,14683	23
9,14750	24
9,14817	24
9,14883	24
9,14950	24
9,15017	24
9,15083	25
9,15150	25
9,15217	25
9,15283	25
9,15350	25
9,15417	25
9,15483	25
9,15550	25
9,15617	25
9,15683	25
9,15750	25
9,15817	25
9,15883	25
9,15950	25
9,16017	24
9,16083	24
9,16150	24
9,16217	24
9,16283	24
9,16350	23
9,16417	23
9,16483	23
9,16550	23
9,16617	23
9,16683	23
9,16750	23
9,16817	23
9,16883	23
9,16950	23
9,17017	23
9,17083	23
9,17150	23
9,17217	23
9,17283	23
9,17350	23
9,17417	23
9,17483	23
9,17550	23
9,17617	23
9,17683	23
9,17750	23
9,17817	23
9,17883	23
9,17950	23
9,18017	23
9,18083	23
9,18150	23
9,18217	23
9,18283	23
9,18350	23
9,18417	23
9,18483	23
9,18550	23
9,18617	23
9,18683	23
9,18750	23
9,18817	23
9,18883	23
9,18950	23
9,19017	23
9,19083	23
9,19150	23
9,19217	23
9,19283	24
9,19350	24
9,19417	24
9,19483	24
9,19550	24
9,19617	24
9,19683	24
9,19750	24
9,19817	25
9,19883	25
9,19950	25
9,20017	24
9,20083	24
9,20150	24
9,20217	24
9,20283	24
9,20350	24
9,20417	23
9,20483	23
9,20550	23
9,20617	23
9,20683	23
9,20750	23
9,20817	23
9,20883	23
9,20950	24
9,21017	24
9,21083	24
9,21150	24
9,21217	25
9,21283	25
9,21350	25
9,21417	25
9,21483	24
9,21550	24
9,21617	24
9,21683	24
9,21750	24
9,21817	24
9,21883	24
9,21950	24
9,22017	24
9,22083	24
9,22150	24
9,22217	24
9,22283	24
9,22350	24
9,22417	24
9,22483	24
9,22550	24
9,22617	24
9,22683	23
9,22750	23
9,22817	23
9,22883	23
9,22950	23
9,23017	23
9,23083	22
9,23150	22
9,23217	22
9,23283	22
9,23350	22
9,23417	22
9,23483	22
9,23550	22
9,23617	22
9,23683	22
9,23750	22
9,23817	21
9,23883	21
9,23950	21
9,24017	21
9,24083	21
9,24150	21
9,24217	21
9,24283	21
9,24350	20
9,24417	20
9,24483	20
9,24550	20
9,24617	20
9,24683	20
9,24750	20
9,24817	20
9,24883	20
9,24950	20
9,25017	20
9,25083	20
9,25150	20
9,25217	21
9,25283	21
9,25350	21
9,25417	21
9,25483	21
9,25550	21
9,25617	21
9,25683	21
9,25750	21
9,25817	21
9,25883	21
9,25950	21
9,26017	21
9,26083	21
9,26150	21
9,26217	21
9,26283	21
9,26350	21
9,26417	21
9,26483	21
9,26550	21
9,26617	22
9,26683	22
9,26750	22
9,26817	22
9,26883	22
9,26950	22
9,27017	22
9,27083	23
9,27150	23
9,27217	23
9,27283	23
9,27350	23
9,27417	23
9,27483	23
9,27550	23
9,27617	23
9,27683	23
9,27750	23
9,27817	23
9,27883	23
9,27950	23
9,28017	23
9,28083	23
9,28150	23
9,28217	23
9,28283	22
9,28350	23
9,28417	23
9,28483	23
9,28550	22
9,28617	22
9,28683	22
9,28750	22
9,28817	22
9,28883	22
9,28950	22
9,29017	22
9,29083	22
9,29150	21
9,29217	21
9,29283	21
9,29350	21
9,29417	21
9,29483	21
9,29550	21
9,29617	21
9,29683	21
9,29750	21
9,29817	22
9,29883	22
9,29950	22
9,30017	22
9,30083	22
9,30150	22
9,30217	22
9,30283	22
9,30350	21
9,30417	21
9,30483	21
9,30550	21
9,30617	21
9,30683	21
9,30750	21
9,30817	21
9,30883	21
9,30950	21
9,31017	22
9,31083	22
9,31150	22
9,31217	22
9,31283	22
9,31350	22
9,31417	22
9,31483	22
9,31550	22
9,31617	22
9,31683	22
9,31750	22
9,31817	22
9,31883	22
9,31950	22
9,32017	22
9,32083	22
9,32150	22
9,32217	22
9,32283	22
9,32350	22
9,32417	21
9,32483	21
9,32550	21
9,32617	21
9,32683	21
9,32750	21
9,32817	21
9,32883	21
9,32950	21
9,33017	22
9,33083	22
9,33150	22
9,33217	22
9,33283	22
9,33350	22
9,33417	21
9,33483	21
9,33550	21
9,33617	21
9,33683	21
9,33750	21
9,33817	21
9,33883	21
9,33950	21
9,34017	21
9,34083	21
9,34150	21
9,34217	21
9,34283	21
9,34350	21
9,34417	21
9,34483	21
9,34550	21
9,34617	20
9,34683	20
9,34750	20
9,34817	20
9,34883	20
9,34950	20
9,35017	20
9,35083	20
9,35150	21
9,35217	21
9,35283	22
9,35350	22
9,35417	22
9,35483	23
9,35550	23
9,35617	23
9,35683	24
9,35750	24
9,35817	25
9,35883	25
9,35950	25
9,36017	26
9,36083	26
9,36150	26
9,36217	26
9,36283	26
9,36350	27
9,36417	27
9,36483	26
9,36550	26
9,36617	26
9,36683	26
9,36750	25
9,36817	25
9,36883	25
9,36950	25
9,37017	24
9,37083	24
9,37150	24
9,37217	24
9,37283	24
9,37350	24
9,37417	23
9,37483	23
9,37550	23
9,37617	23
9,37683	23
9,37750	22
9,37817	22
9,37883	22
9,37950	22
9,38017	22
9,38083	22
9,38150	22
9,38217	22
9,38283	22
9,38350	22
9,38417	22
9,38483	22
9,38550	22
9,38617	22
9,38683	22
9,38750	21
9,38817	21
9,38883	21
9,38950	21
9,39017	21
9,39083	21
9,39150	21
9,39217	21
9,39283	21
9,39350	21
9,39417	21
9,39483	21
9,39550	21
9,39617	21
9,39683	21
9,39750	20
9,39817	20
9,39883	20
9,39950	20
9,40017	20
9,40083	19
9,40150	19
9,40217	19
9,40283	20
9,40350	20
9,40417	20
9,40483	20
9,40550	21
9,40617	21
9,40683	21
9,40750	21
9,40817	21
9,40883	21
9,40950	22
9,41017	22
9,41083	22
9,41150	22
9,41217	23
9,41283	23
9,41350	23
9,41417	23
9,41483	24
9,41550	24
9,41617	24
9,41683	24
9,41750	25
9,41817	25
9,41883	25
9,41950	25
9,42017	25
9,42083	25
9,42150	26
9,42217	26
9,42283	26
9,42350	26
9,42417	27
9,42483	27
9,42550	27
9,42617	28
9,42683	28
9,42750	28
9,42817	29
9,42883	29
9,42950	29
9,43017	30
9,43083	30
9,43150	30
9,43217	30
9,43283	30
9,43350	30
9,43417	30
9,43483	30
9,43550	30
9,43617	30
9,43683	30
9,43750	30
9,43817	29
9,43883	29
9,43950	29
9,44017	29
9,44083	28
9,44150	28
9,44217	27
9,44283	27
9,44350	27
9,44417	27
9,44483	26
9,44550	26
9,44617	26
9,44683	26
9,44750	26
9,44817	26
9,44883	26
9,44950	26
9,45017	26
9,45083	26
9,45150	25
9,45217	25
9,45283	25
9,45350	25
9,45417	25
9,45483	25
9,45550	25
9,45617	25
9,45683	25
9,45750	25
9,45817	25
9,45883	25
9,45950	25
9,46017	25
9,46083	25
9,46150	25
9,46217	25
9,46283	25
9,46350	25
9,46417	26
9,46483	26
9,46550	26
9,46617	26
9,46683	26
9,46750	27
9,46817	27
9,46883	27
9,46950	27
9,47017	27
9,47083	27
9,47150	27
9,47217	27
9,47283	26
9,47350	26
9,47417	26
9,47483	26
9,47550	26
9,47617	25
9,47683	25
9,47750	25
9,47817	25
9,47883	25
9,47950	25
9,48017	25
9,48083	26
9,48150	26
9,48217	26
9,48283	26
9,48350	26
9,48417	26
9,48483	26
9,48550	26
9,48617	26
9,48683	26
9,48750	27
9,48817	27
9,48883	27
9,48950	27
9,49017	26
9,49083	26
9,49150	26
9,49217	26
9,49283	26
9,49350	26
9,49417	26
9,49483	26
9,49550	26
9,49617	26
9,49683	26
9,49750	26
9,49817	25
9,49883	25
9,49950	25
9,50017	25
9,50083	25
9,50150	25
9,50217	25
9,50283	25
9,50350	25
9,50417	25
9,50483	24
9,50550	24
9,50617	24
9,50683	24
9,50750	24
9,50817	24
9,50883	24
9,50950	24
9,51017	24
9,51083	24
9,51150	24
9,51217	24
9,51283	24
9,51350	24
9,51417	24
9,51483	24
9,51550	24
9,51617	24
9,51683	24
9,51750	25
9,51817	25
9,51883	25
9,51950	26
9,52017	26
9,52083	26
9,52150	26
9,52217	26
9,52283	26
9,52350	26
9,52417	26
9,52483	26
9,52550	26
9,52617	25
9,52683	25
9,52750	25
9,52817	24
9,52883	24
9,52950	24
9,53017	24
9,53083	23
9,53150	23
9,53217	23
9,53283	23
9,53350	23
9,53417	23
9,53483	23
9,53550	22
9,53617	22
9,53683	22
9,53750	22
9,53817	21
9,53883	21
9,53950	21
9,54017	21
9,54083	21
9,54150	21
9,54217	22
9,54283	22
9,54350	22
9,54417	22
9,54483	22
9,54550	22
9,54617	22
9,54683	22
9,54750	22
9,54817	22
9,54883	22
9,54950	23
9,55017	23
9,55083	23
9,55150	23
9,55217	23
9,55283	23
9,55350	23
9,55417	23
9,55483	23
9,55550	24
9,55617	24
9,55683	24
9,55750	24
9,55817	24
9,55883	24
9,55950	24
9,56017	25
9,56083	25
9,56150	25
9,56217	25
9,56283	25
9,56350	25
9,56417	25
9,56483	25
9,56550	25
9,56617	25
9,56683	24
9,56750	24
9,56817	24
9,56883	24
9,56950	24
9,57017	23
9,57083	23
9,57150	23
9,57217	23
9,57283	23
9,57350	23
9,57417	23
9,57483	24
9,57550	24
9,57617	25
9,57683	25
9,57750	25
9,57817	26
9,57883	26
9,57950	26
9,58017	26
9,58083	26
9,58150	26
9,58217	26
9,58283	26
9,58350	26
9,58417	25
9,58483	25
9,58550	26
9,58617	26
9,58683	26
9,58750	26
9,58817	26
9,58883	26
9,58950	26
9,59017	26
9,59083	26
9,59150	26
9,59217	26
9,59283	26
9,59350	26
9,59417	27
9,59483	27
9,59550	27
9,59617	27
9,59683	27
9,59750	27
9,59817	27
9,59883	27
9,59950	27
9,60017	27
9,60083	27
9,60150	26
9,60217	26
9,60283	26
9,60350	26
9,60417	26
9,60483	26
9,60550	26
9,60617	26
9,60683	26
9,60750	25
9,60817	25
9,60883	25
9,60950	25
9,61017	25
9,61083	25
9,61150	25
9,61217	24
9,61283	24
9,61350	24
9,61417	24
9,61483	24
9,61550	24
9,61617	24
9,61683	25
9,61750	25
9,61817	25
9,61883	25
9,61950	25
9,62017	24
9,62083	24
9,62150	24
9,62217	24
9,62283	23
9,62350	23
9,62417	23
9,62483	22
9,62550	22
9,62617	23
9,62683	23
9,62750	23
9,62817	23
9,62883	23
9,62950	23
9,63017	23
9,63083	24
9,63150	24
9,63217	24
9,63283	24
9,63350	24
9,63417	24
9,63483	24
9,63550	24
9,63617	24
9,63683	23
9,63750	23
9,63817	23
9,63883	23
9,63950	23
9,64017	22
9,64083	22
9,64150	22
9,64217	22
9,64283	22
9,64350	22
9,64417	22
9,64483	22
9,64550	22
9,64617	23
9,64683	23
9,64750	23
9,64817	23
9,64883	23
9,64950	23
9,65017	23
9,65083	22
9,65150	22
9,65217	22
9,65283	22
9,65350	21
9,65417	21
9,65483	21
9,65550	21
9,65617	21
9,65683	21
9,65750	22
9,65817	22
9,65883	22
9,65950	22
9,66017	22
9,66083	22
9,66150	22
9,66217	22
9,66283	23
9,66350	23
9,66417	23
9,66483	23
9,66550	23
9,66617	23
9,66683	24
9,66750	24
9,66817	24
9,66883	25
9,66950	25
9,67017	25
9,67083	25
9,67150	25
9,67217	25
9,67283	25
9,67350	25
9,67417	25
9,67483	25
9,67550	25
9,67617	24
9,67683	24
9,67750	24
9,67817	24
9,67883	24
9,67950	24
9,68017	24
9,68083	24
9,68150	24
9,68217	24
9,68283	24
9,68350	25
9,68417	25
9,68483	25
9,68550	25
9,68617	25
9,68683	25
9,68750	25
9,68817	25
9,68883	25
9,68950	25
9,69017	25
9,69083	25
9,69150	25
9,69217	24
9,69283	24
9,69350	24
9,69417	24
9,69483	24
9,69550	23
9,69617	23
9,69683	23
9,69750	23
9,69817	22
9,69883	22
9,69950	22
9,70017	22
9,70083	22
9,70150	22
9,70217	22
9,70283	22
9,70350	22
9,70417	22
9,70483	22
9,70550	22
9,70617	22
9,70683	22
9,70750	21
9,70817	21
9,70883	21
9,70950	21
9,71017	21
9,71083	21
9,71150	21
9,71217	21
9,71283	21
9,71350	21
9,71417	21
9,71483	20
9,71550	20
9,71617	20
9,71683	20
9,71750	20
9,71817	20
9,71883	21
9,71950	21
9,72017	21
9,72083	21
9,72150	21
9,72217	21
9,72283	21
9,72350	21
9,72417	21
9,72483	21
9,72550	21
9,72617	21
9,72683	21
9,72750	21
9,72817	21
9,72883	21
9,72950	21
9,73017	21
9,73083	21
9,73150	21
9,73217	21
9,73283	21
9,73350	22
9,73417	22
9,73483	22
9,73550	23
9,73617	23
9,73683	23
9,73750	23
9,73817	24
9,73883	24
9,73950	24
9,74017	24
9,74083	24
9,74150	25
9,74217	25
9,74283	25
9,74350	24
9,74417	24
9,74483	24
9,74550	24
9,74617	24
9,74683	24
9,74750	23
9,74817	24
9,74883	24
9,74950	24
9,75017	24
9,75083	24
9,75150	25
9,75217	25
9,75283	25
9,75350	26
9,75417	26
9,75483	26
9,75550	27
9,75617	27
9,75683	27
9,75750	28
9,75817	28
9,75883	28
9,75950	29
9,76017	29
9,76083	29
9,76150	30
9,76217	30
9,76283	30
9,76350	30
9,76417	30
9,76483	31
9,76550	31
9,76617	31
9,76683	31
9,76750	31
9,76817	31
9,76883	31
9,76950	32
9,77017	32
9,77083	32
9,77150	32
9,77217	32
9,77283	32
9,77350	32
9,77417	32
9,77483	32
9,77550	32
9,77617	32
9,77683	32
9,77750	33
9,77817	33
9,77883	33
9,77950	33
9,78017	33
9,78083	33
9,78150	33
9,78217	33
9,78283	33
9,78350	33
9,78417	33
9,78483	34
9,78550	34
9,78617	34
9,78683	34
9,78750	34
9,78817	34
9,78883	35
9,78950	35
9,79017	35
9,79083	34
9,79150	34
9,79217	34
9,79283	34
9,79350	33
9,79417	33
9,79483	33
9,79550	33
9,79617	33
9,79683	33
9,79750	33
9,79817	33
9,79883	33
9,79950	33
9,80017	33
9,80083	32
9,80150	32
9,80217	32
9,80283	32
9,80350	31
9,80417	31
9,80483	31
9,80550	31
9,80617	31
9,80683	31
9,80750	30
9,80817	30
9,80883	30
9,80950	30
9,81017	30
9,81083	30
9,81150	30
9,81217	30
9,81283	30
9,81350	30
9,81417	30
9,81483	30
9,81550	30
9,81617	30
9,81683	30
9,81750	30
9,81817	31
9,81883	31
9,81950	31
9,82017	31
9,82083	31
9,82150	31
9,82217	31
9,82283	31
9,82350	31
9,82417	31
9,82483	31
9,82550	31
9,82617	31
9,82683	31
9,82750	31
9,82817	31
9,82883	31
9,82950	31
9,83017	31
9,83083	31
9,83150	31
9,83217	31
9,83283	31
9,83350	31
9,83417	31
9,83483	31
9,83550	31
9,83617	31
9,83683	31
9,83750	31
9,83817	31
9,83883	31
9,83950	31
9,84017	31
9,84083	31
9,84150	31
9,84217	31
9,84283	31
9,84350	31
9,84417	31
9,84483	31
9,84550	30
9,84617	30
9,84683	30
9,84750	30
9,84817	29
9,84883	29
9,84950	30
9,85017	30
9,85083	30
9,85150	30
9,85217	30
9,85283	30
9,85350	31
9,85417	31
9,85483	31
9,85550	31
9,85617	31
9,85683	31
9,85750	31
9,85817	31
9,85883	31
9,85950	31
9,86017	31
9,86083	31
9,86150	31
9,86217	31
9,86283	31
9,86350	31
9,86417	31
9,86483	31
9,86550	30
9,86617	30
9,86683	30
9,86750	29
9,86817	29
9,86883	29
9,86950	28
9,87017	28
9,87083	28
9,87150	28
9,87217	28
9,87283	27
9,87350	27
9,87417	27
9,87483	27
9,87550	27
9,87617	27
9,87683	27
9,87750	27
9,87817	27
9,87883	27
9,87950	27
9,88017	27
9,88083	27
9,88150	27
9,88217	27
9,88283	27
9,88350	27
9,88417	27
9,88483	27
9,88550	27
9,88617	27
9,88683	27
9,88750	27
9,88817	27
9,88883	27
9,88950	28
9,89017	28
9,89083	28
9,89150	28
9,89217	29
9,89283	29
9,89350	29
9,89417	29
9,89483	29
9,89550	29
9,89617	29
9,89683	29
9,89750	29
9,89817	29
9,89883	30
9,89950	30
9,90017	30
9,90083	30
9,90150	30
9,90217	31
9,90283	31
9,90350	31
9,90417	32
9,90483	32
9,90550	33
9,90617	33
9,90683	34
9,90750	34
9,90817	35
9,90883	35
9,90950	36
9,91017	36
9,91083	36
9,91150	37
9,91217	37
9,91283	37
9,91350	38
9,91417	38
9,91483	39
9,91550	39
9,91617	40
9,91683	40
9,91750	40
9,91817	41
9,91883	41
9,91950	41
9,92017	41
9,92083	41
9,92150	41
9,92217	41
9,92283	41
9,92350	41
9,92417	41
9,92483	41
9,92550	41
9,92617	41
9,92683	41
9,92750	42
9,92817	42
9,92883	42
9,92950	42
9,93017	42
9,93083	42
9,93150	41
9,93217	41
9,93283	41
9,93350	41
9,93417	40
9,93483	40
9,93550	40
9,93617	39
9,93683	39
9,93750	38
9,93817	38
9,93883	38
9,93950	37
9,94017	37
9,94083	37
9,94150	36
9,94217	36
9,94283	36
9,94350	36
9,94417	36
9,94483	35
9,94550	35
9,94617	35
9,94683	35
9,94750	35
9,94817	35
9,94883	36
9,94950	36
9,95017	36
9,95083	36
9,95150	36
9,95217	36
9,95283	36
9,95350	36
9,95417	36
9,95483	36
9,95550	36
9,95617	36
9,95683	36
9,95750	36
9,95817	35
9,95883	35
9,95950	35
9,96017	35
9,96083	35
9,96150	35
9,96217	35
9,96283	35
9,96350	35
9,96417	35
9,96483	34
9,96550	34
9,96617	34
9,96683	34
9,96750	35
9,96817	35
9,96883	35
9,96950	35
9,97017	35
9,97083	35
9,97150	35
9,97217	35
9,97283	35
9,97350	35
9,97417	35
9,97483	35
9,97550	36
9,97617	36
9,97683	36
9,97750	36
9,97817	36
9,97883	36
9,97950	37
9,98017	37
9,98083	37
9,98150	38
9,98217	38
9,98283	38
9,98350	38
9,98417	39
9,98483	39
9,98550	39
9,98617	39
9,98683	39
9,98750	40
9,98817	40
9,98883	40
9,98950	40
9,99017	41
9,99083	41
9,99150	41
9,99217	41
9,99283	42
9,99350	42
9,99417	42
9,99483	42
9,99550	42
9,99617	43
9,99683	43
9,99750	43
9,99817	43
9,99883	43
9,99950	44
10,00017	44
10,00083	44
10,00150	44
10,00217	44
10,00283	44
10,00350	44
10,00417	44
10,00483	43
10,00550	43
10,00617	43
10,00683	43
10,00750	43
10,00817	43
10,00883	43
10,00950	43
10,01017	43
10,01083	43
10,01150	43
10,01217	44
10,01283	44
10,01350	44
10,01417	44
10,01483	44
10,01550	44
10,01617	44
10,01683	44
10,01750	44
10,01817	44
10,01883	44
10,01950	45
10,02017	45
10,02083	45
10,02150	45
10,02217	45
10,02283	45
10,02350	45
10,02417	45
10,02483	45
10,02550	45
10,02617	45
10,02683	45
10,02750	44
10,02817	44
10,02883	44
10,02950	44
10,03017	43
10,03083	43
10,03150	43
10,03217	44
10,03283	44
10,03350	44
10,03417	44
10,03483	43
10,03550	43
10,03617	43
10,03683	43
10,03750	43
10,03817	43
10,03883	43
10,03950	43
10,04017	42
10,04083	43
10,04150	43
10,04217	43
10,04283	43
10,04350	43
10,04417	43
10,04483	43
10,04550	43
10,04617	44
10,04683	44
10,04750	44
10,04817	44
10,04883	44
10,04950	44
10,05017	43
10,05083	43
10,05150	43
10,05217	43
10,05283	43
10,05350	42
10,05417	42
10,05483	42
10,05550	41
10,05617	41
10,05683	41
10,05750	41
10,05817	41
10,05883	41
10,05950	41
10,06017	41
10,06083	41
10,06150	41
10,06217	42
10,06283	42
10,06350	42
10,06417	42
10,06483	42
10,06550	43
10,06617	43
10,06683	43
10,06750	43
10,06817	43
10,06883	43
10,06950	43
10,07017	43
10,07083	43
10,07150	43
10,07217	43
10,07283	44
10,07350	44
10,07417	44
10,07483	44
10,07550	44
10,07617	44
10,07683	44
10,07750	43
10,07817	43
10,07883	43
10,07950	43
10,08017	43
10,08083	43
10,08150	43
10,08217	43
10,08283	43
10,08350	43
10,08417	43
10,08483	43
10,08550	43
10,08617	44
10,08683	44
10,08750	44
10,08817	45
10,08883	45
10,08950	45
10,09017	46
10,09083	46
10,09150	46
10,09217	47
10,09283	47
10,09350	47
10,09417	47
10,09483	48
10,09550	48
10,09617	48
10,09683	49
10,09750	49
10,09817	49
10,09883	50
10,09950	50
10,10017	50
10,10083	50
10,10150	51
10,10217	51
10,10283	51
10,10350	52
10,10417	52
10,10483	53
10,10550	53
10,10617	53
10,10683	54
10,10750	54
10,10817	55
10,10883	55
10,10950	56
10,11017	56
10,11083	57
10,11150	57
10,11217	57
10,11283	57
10,11350	58
10,11417	58
10,11483	58
10,11550	58
10,11617	58
10,11683	58
10,11750	58
10,11817	58
10,11883	58
10,11950	58
10,12017	58
10,12083	58
10,12150	58
10,12217	58
10,12283	58
10,12350	58
10,12417	58
10,12483	58
10,12550	58
10,12617	58
10,12683	58
10,12750	59
10,12817	59
10,12883	59
10,12950	59
10,13017	60
10,13083	60
10,13150	60
10,13217	60
10,13283	60
10,13350	60
10,13417	60
10,13483	61
10,13550	61
10,13617	61
10,13683	61
10,13750	62
10,13817	62
10,13883	63
10,13950	63
10,14017	63
10,14083	64
10,14150	64
10,14217	64
10,14283	64
10,14350	64
10,14417	64
10,14483	63
10,14550	63
10,14617	62
10,14683	62
10,14750	62
10,14817	61
10,14883	61
10,14950	61
10,15017	61
10,15083	60
10,15150	60
10,15217	60
10,15283	60
10,15350	59
10,15417	59
10,15483	58
10,15550	58
10,15617	57
10,15683	57
10,15750	56
10,15817	56
10,15883	56
10,15950	55
10,16017	55
10,16083	55
10,16150	55
10,16217	55
10,16283	55
10,16350	55
10,16417	54
10,16483	54
10,16550	54
10,16617	54
10,16683	54
10,16750	54
10,16817	53
10,16883	53
10,16950	53
10,17017	53
10,17083	53
10,17150	53
10,17217	53
10,17283	53
10,17350	53
10,17417	53
10,17483	52
10,17550	52
10,17617	52
10,17683	52
10,17750	52
10,17817	52
10,17883	53
10,17950	53
10,18017	53
10,18083	53
10,18150	53
10,18217	53
10,18283	53
10,18350	53
10,18417	53
10,18483	53
10,18550	53
10,18617	53
10,18683	53
10,18750	53
10,18817	54
10,18883	54
10,18950	54
10,19017	54
10,19083	54
10,19150	54
10,19217	54
10,19283	55
10,19350	55
10,19417	55
10,19483	56
10,19550	56
10,19617	56
10,19683	56
10,19750	56
10,19817	56
10,19883	56
10,19950	56
10,20017	56
10,20083	56
10,20150	56
10,20217	56
10,20283	56
10,20350	57
10,20417	57
10,20483	57
10,20550	57
10,20617	57
10,20683	57
10,20750	57
10,20817	57
10,20883	57
10,20950	57
10,21017	57
10,21083	57
10,21150	57
10,21217	57
10,21283	57
10,21350	57
10,21417	57
10,21483	57
10,21550	57
10,21617	57
10,21683	57
10,21750	57
10,21817	57
10,21883	56
10,21950	56
10,22017	56
10,22083	56
10,22150	56
10,22217	56
10,22283	56
10,22350	56
10,22417	56
10,22483	56
10,22550	56
10,22617	56
10,22683	56
10,22750	56
10,22817	56
10,22883	56
10,22950	56
10,23017	56
10,23083	56
10,23150	56
10,23217	56
10,23283	56
10,23350	56
10,23417	56
10,23483	56
10,23550	56
10,23617	56
10,23683	56
10,23750	56
10,23817	56
10,23883	56
10,23950	56
10,24017	55
10,24083	55
10,24150	55
10,24217	55
10,24283	55
10,24350	55
10,24417	55
10,24483	55
10,24550	55
10,24617	55
10,24683	55
10,24750	55
10,24817	55
10,24883	55
10,24950	55
10,25017	55
10,25083	55
10,25150	55
10,25217	55
10,25283	55
10,25350	55
10,25417	55
10,25483	55
10,25550	55
10,25617	55
10,25683	55
10,25750	55
10,25817	55
10,25883	55
10,25950	55
10,26017	55
10,26083	55
10,26150	55
10,26217	55
10,26283	56
10,26350	56
10,26417	56
10,26483	56
10,26550	56
10,26617	56
10,26683	56
10,26750	56
10,26817	57
10,26883	57
10,26950	57
10,27017	57
10,27083	57
10,27150	57
10,27217	57
10,27283	57
10,27350	57
10,27417	56
10,27483	56
10,27550	56
10,27617	56
10,27683	55
10,27750	55
10,27817	55
10,27883	55
10,27950	55
10,28017	55
10,28083	54
10,28150	54
10,28217	54
10,28283	53
10,28350	53
10,28417	53
10,28483	53
10,28550	52
10,28617	52
10,28683	52
10,28750	52
10,28817	52
10,28883	52
10,28950	53
10,29017	53
10,29083	53
10,29150	53
10,29217	53
10,29283	52
10,29350	52
10,29417	52
10,29483	52
10,29550	52
10,29617	52
10,29683	52
10,29750	52
10,29817	52
10,29883	53
10,29950	53
10,30017	53
10,30083	53
10,30150	53
10,30217	53
10,30283	53
10,30350	53
10,30417	53
10,30483	53
10,30550	53
10,30617	53
10,30683	53
10,30750	53
10,30817	53
10,30883	53
10,30950	54
10,31017	54
10,31083	54
10,31150	54
10,31217	54
10,31283	54
10,31350	54
10,31417	54
10,31483	54
10,31550	55
10,31617	55
10,31683	55
10,31750	55
10,31817	55
10,31883	55
10,31950	55
10,32017	55
10,32083	55
10,32150	55
10,32217	54
10,32283	54
10,32350	54
10,32417	54
10,32483	54
10,32550	54
10,32617	55
10,32683	55
10,32750	55
10,32817	55
10,32883	55
10,32950	55
10,33017	55
10,33083	54
10,33150	54
10,33217	54
10,33283	54
10,33350	53
10,33417	53
10,33483	53
10,33550	52
10,33617	52
10,33683	52
10,33750	52
10,33817	51
10,33883	51
10,33950	51
10,34017	51
10,34083	51
10,34150	51
10,34217	50
10,34283	50
10,34350	50
10,34417	50
10,34483	50
10,34550	51
10,34617	51
10,34683	51
10,34750	51
10,34817	51
10,34883	51
10,34950	51
10,35017	51
10,35083	51
10,35150	51
10,35217	51
10,35283	51
10,35350	51
10,35417	51
10,35483	50
10,35550	50
10,35617	50
10,35683	50
10,35750	50
10,35817	50
10,35883	49
10,35950	49
10,36017	49
10,36083	49
10,36150	49
10,36217	49
10,36283	49
10,36350	49
10,36417	49
10,36483	49
10,36550	49
10,36617	49
10,36683	49
10,36750	48
10,36817	48
10,36883	48
10,36950	48
10,37017	48
10,37083	48
10,37150	48
10,37217	48
10,37283	48
10,37350	49
10,37417	49
10,37483	50
10,37550	50
10,37617	50
10,37683	50
10,37750	51
10,37817	51
10,37883	51
10,37950	52
10,38017	52
10,38083	52
10,38150	52
10,38217	52
10,38283	52
10,38350	52
10,38417	52
10,38483	52
10,38550	52
10,38617	52
10,38683	53
10,38750	53
10,38817	53
10,38883	53
10,38950	53
10,39017	53
10,39083	53
10,39150	54
10,39217	54
10,39283	54
10,39350	54
10,39417	54
10,39483	55
10,39550	55
10,39617	55
10,39683	55
10,39750	55
10,39817	56
10,39883	56
10,39950	56
10,40017	56
10,40083	57
10,40150	57
10,40217	57
10,40283	58
10,40350	58
10,40417	58
10,40483	59
10,40550	59
10,40617	59
10,40683	59
10,40750	60
10,40817	60
10,40883	59
10,40950	59
10,41017	59
10,41083	59
10,41150	59
10,41217	59
10,41283	59
10,41350	59
10,41417	59
10,41483	59
10,41550	59
10,41617	59
10,41683	59
10,41750	59
10,41817	59
10,41883	59
10,41950	59
10,42017	59
10,42083	58
10,42150	58
10,42217	58
10,42283	58
10,42350	58
10,42417	58
10,42483	58
10,42550	58
10,42617	58
10,42683	58
10,42750	58
10,42817	58
10,42883	58
10,42950	57
10,43017	57
10,43083	57
10,43150	57
10,43217	57
10,43283	57
10,43350	57
10,43417	56
10,43483	56
10,43550	56
10,43617	56
10,43683	57
10,43750	57
10,43817	57
10,43883	57
10,43950	57
10,44017	58
10,44083	58
10,44150	58
10,44217	58
10,44283	58
10,44350	58
10,44417	58
10,44483	58
10,44550	58
10,44617	58
10,44683	58
10,44750	58
10,44817	58
10,44883	58
10,44950	58
10,45017	58
10,45083	58
10,45150	58
10,45217	58
10,45283	58
10,45350	58
10,45417	58
10,45483	58
10,45550	58
10,45617	58
10,45683	58
10,45750	58
10,45817	58
10,45883	59
10,45950	59
10,46017	59
10,46083	60
10,46150	60
10,46217	60
10,46283	60
10,46350	60
10,46417	60
10,46483	60
10,46550	61
10,46617	61
10,46683	61
10,46750	61
10,46817	61
10,46883	61
10,46950	61
10,47017	61
10,47083	61
10,47150	62
10,47217	62
10,47283	61
10,47350	61
10,47417	61
10,47483	61
10,47550	61
10,47617	61
10,47683	61
10,47750	61
10,47817	61
10,47883	61
10,47950	61
10,48017	61
10,48083	61
10,48150	61
10,48217	61
10,48283	61
10,48350	61
10,48417	61
10,48483	61
10,48550	61
10,48617	61
10,48683	61
10,48750	61
10,48817	61
10,48883	61
10,48950	62
10,49017	62
10,49083	62
10,49150	63
10,49217	63
10,49283	63
10,49350	63
10,49417	63
10,49483	63
10,49550	63
10,49617	63
10,49683	63
10,49750	63
10,49817	62
10,49883	62
10,49950	62
10,50017	62
10,50083	63
10,50150	63
10,50217	63
10,50283	63
10,50350	63
10,50417	63
10,50483	62
10,50550	62
10,50617	62
10,50683	62
10,50750	62
10,50817	61
10,50883	61
10,50950	61
10,51017	61
10,51083	61
10,51150	61
10,51217	61
10,51283	61
10,51350	61
10,51417	61
10,51483	61
10,51550	61
10,51617	61
10,51683	61
10,51750	61
10,51817	61
10,51883	62
10,51950	62
10,52017	62
10,52083	62
10,52150	62
10,52217	62
10,52283	62
10,52350	62
10,52417	62
10,52483	62
10,52550	62
10,52617	62
10,52683	62
10,52750	61
10,52817	61
10,52883	61
10,52950	61
10,53017	61
10,53083	61
10,53150	61
10,53217	61
10,53283	61
10,53350	62
10,53417	62
10,53483	62
10,53550	62
10,53617	62
10,53683	62
10,53750	62
10,53817	62
10,53883	62
10,53950	62
10,54017	62
10,54083	62
10,54150	61
10,54217	61
10,54283	61
10,54350	61
10,54417	61
10,54483	61
10,54550	61
10,54617	61
10,54683	61
10,54750	61
10,54817	61
10,54883	61
10,54950	61
10,55017	61
10,55083	61
10,55150	61
10,55217	61
10,55283	61
10,55350	61
10,55417	61
10,55483	61
10,55550	61
10,55617	61
10,55683	62
10,55750	62
10,55817	62
10,55883	62
10,55950	62
10,56017	62
10,56083	62
10,56150	62
10,56217	62
10,56283	62
10,56350	62
10,56417	62
10,56483	63
10,56550	63
10,56617	63
10,56683	63
10,56750	63
10,56817	63
10,56883	63
10,56950	63
10,57017	63
10,57083	62
10,57150	62
10,57217	62
10,57283	62
10,57350	62
10,57417	61
10,57483	61
10,57550	61
10,57617	61
10,57683	61
10,57750	61
10,57817	60
10,57883	60
10,57950	60
10,58017	60
10,58083	60
10,58150	60
10,58217	60
10,58283	60
10,58350	61
10,58417	61
10,58483	61
10,58550	61
10,58617	61
10,58683	62
10,58750	62
10,58817	62
10,58883	62
10,58950	62
10,59017	62
10,59083	62
10,59150	61
10,59217	61
10,59283	61
10,59350	61
10,59417	61
10,59483	61
10,59550	61
10,59617	61
10,59683	60
10,59750	60
10,59817	60
10,59883	60
10,59950	60
10,60017	60
10,60083	60
10,60150	60
10,60217	61
10,60283	61
10,60350	61
10,60417	61
10,60483	61
10,60550	62
10,60617	62
10,60683	63
10,60750	63
10,60817	64
10,60883	64
10,60950	65
10,61017	66
10,61083	66
10,61150	67
10,61217	67
10,61283	67
10,61350	68
10,61417	68
10,61483	68
10,61550	69
10,61617	69
10,61683	69
10,61750	70
10,61817	70
10,61883	70
10,61950	71
10,62017	71
10,62083	72
10,62150	72
10,62217	72
10,62283	72
10,62350	72
10,62417	72
10,62483	72
10,62550	72
10,62617	72
10,62683	73
10,62750	73
10,62817	73
10,62883	73
10,62950	73
10,63017	73
10,63083	73
10,63150	73
10,63217	72
10,63283	72
10,63350	72
10,63417	72
10,63483	72
10,63550	73
10,63617	73
10,63683	73
10,63750	73
10,63817	73
10,63883	73
10,63950	73
10,64017	73
10,64083	73
10,64150	73
10,64217	73
10,64283	73
10,64350	73
10,64417	73
10,64483	73
10,64550	72
10,64617	72
10,64683	72
10,64750	72
10,64817	72
10,64883	71
10,64950	71
10,65017	71
10,65083	71
10,65150	71
10,65217	71
10,65283	71
10,65350	71
10,65417	71
10,65483	70
10,65550	70
10,65617	70
10,65683	70
10,65750	70
10,65817	69
10,65883	69
10,65950	69
10,66017	69
10,66083	69
10,66150	69
10,66217	69
10,66283	69
10,66350	69
10,66417	69
10,66483	69
10,66550	69
10,66617	69
10,66683	68
10,66750	68
10,66817	68
10,66883	68
10,66950	67
10,67017	67
10,67083	67
10,67150	67
10,67217	67
10,67283	67
10,67350	67
10,67417	66
10,67483	66
10,67550	66
10,67617	66
10,67683	66
10,67750	66
10,67817	66
10,67883	66
10,67950	67
10,68017	67
10,68083	67
10,68150	67
10,68217	68
10,68283	68
10,68350	68
10,68417	69
10,68483	69
10,68550	69
10,68617	69
10,68683	70
10,68750	70
10,68817	70
10,68883	70
10,68950	70
10,69017	70
10,69083	70
10,69150	70
10,69217	70
10,69283	70
10,69350	70
10,69417	70
10,69483	70
10,69550	70
10,69617	70
10,69683	69
10,69750	69
10,69817	69
10,69883	68
10,69950	68
10,70017	68
10,70083	68
10,70150	67
10,70217	67
10,70283	67
10,70350	67
10,70417	67
10,70483	68
10,70550	68
10,70617	68
10,70683	68
10,70750	68
10,70817	69
10,70883	69
10,70950	69
10,71017	69
10,71083	69
10,71150	69
10,71217	69
10,71283	70
10,71350	70
10,71417	70
10,71483	70
10,71550	70
10,71617	70
10,71683	71
10,71750	71
10,71817	71
10,71883	71
10,71950	71
10,72017	72
10,72083	72
10,72150	72
10,72217	72
10,72283	72
10,72350	73
10,72417	73
10,72483	73
10,72550	73
10,72617	73
10,72683	73
10,72750	72
10,72817	72
10,72883	72
10,72950	72
10,73017	72
10,73083	72
10,73150	72
10,73217	73
10,73283	73
10,73350	73
10,73417	72
10,73483	72
10,73550	72
10,73617	72
10,73683	72
10,73750	72
10,73817	72
10,73883	72
10,73950	72
10,74017	72
10,74083	72
10,74150	72
10,74217	72
10,74283	72
10,74350	71
10,74417	71
10,74483	71
10,74550	71
10,74617	71
10,74683	71
10,74750	71
10,74817	71
10,74883	71
10,74950	71
10,75017	71
10,75083	71
10,75150	70
10,75217	70
10,75283	70
10,75350	70
10,75417	70
10,75483	70
10,75550	70
10,75617	70
10,75683	70
10,75750	70
10,75817	69
10,75883	69
10,75950	69
10,76017	68
10,76083	68
10,76150	68
10,76217	68
10,76283	68
10,76350	68
10,76417	68
10,76483	68
10,76550	68
10,76617	68
10,76683	68
10,76750	68
10,76817	68
10,76883	68
10,76950	68
10,77017	68
10,77083	68
10,77150	68
10,77217	68
10,77283	68
10,77350	68
10,77417	68
10,77483	68
10,77550	68
10,77617	68
10,77683	68
10,77750	68
10,77817	69
10,77883	69
10,77950	69
10,78017	69
10,78083	69
10,78150	69
10,78217	70
10,78283	70
10,78350	70
10,78417	70
10,78483	70
10,78550	70
10,78617	70
10,78683	70
10,78750	70
10,78817	70
10,78883	70
10,78950	70
10,79017	69
10,79083	69
10,79150	69
10,79217	69
10,79283	69
10,79350	69
10,79417	69
10,79483	69
10,79550	68
10,79617	68
10,79683	68
10,79750	68
10,79817	68
10,79883	68
10,79950	68
10,80017	68
10,80083	68
10,80150	68
10,80217	68
10,80283	68
10,80350	69
10,80417	69
10,80483	69
10,80550	69
10,80617	69
10,80683	69
10,80750	69
10,80817	69
10,80883	69
10,80950	69
10,81017	69
10,81083	69
10,81150	69
10,81217	69
10,81283	69
10,81350	69
10,81417	69
10,81483	68
10,81550	68
10,81617	68
10,81683	68
10,81750	69
10,81817	69
10,81883	69
10,81950	69
10,82017	69
10,82083	69
10,82150	69
10,82217	69
10,82283	70
10,82350	70
10,82417	70
10,82483	70
10,82550	70
10,82617	69
10,82683	69
10,82750	69
10,82817	69
10,82883	69
10,82950	69
10,83017	69
10,83083	69
10,83150	69
10,83217	69
10,83283	69
10,83350	69
10,83417	69
10,83483	69
10,83550	69
10,83617	69
10,83683	69
10,83750	69
10,83817	69
10,83883	69
10,83950	69
10,84017	69
10,84083	69
10,84150	69
10,84217	69
10,84283	69
10,84350	69
10,84417	69
10,84483	69
10,84550	70
10,84617	70
10,84683	70
10,84750	70
10,84817	70
10,84883	69
10,84950	69
10,85017	69
10,85083	69
10,85150	69
10,85217	69
10,85283	69
10,85350	69
10,85417	69
10,85483	69
10,85550	69
10,85617	69
10,85683	69
10,85750	69
10,85817	69
10,85883	69
10,85950	68
10,86017	68
10,86083	68
10,86150	68
10,86217	68
10,86283	68
10,86350	69
10,86417	69
10,86483	69
10,86550	69
10,86617	69
10,86683	69
10,86750	70
10,86817	70
10,86883	70
10,86950	70
10,87017	70
10,87083	70
10,87150	70
10,87217	70
10,87283	70
10,87350	71
10,87417	71
10,87483	71
10,87550	71
10,87617	71
10,87683	71
10,87750	72
10,87817	72
10,87883	72
10,87950	72
10,88017	72
10,88083	72
10,88150	72
10,88217	72
10,88283	72
10,88350	72
10,88417	72
10,88483	72
10,88550	72
10,88617	72
10,88683	72
10,88750	73
10,88817	73
10,88883	73
10,88950	73
10,89017	73
10,89083	73
10,89150	73
10,89217	73
10,89283	73
10,89350	73
10,89417	73
10,89483	73
10,89550	73
10,89617	73
10,89683	73
10,89750	73
10,89817	73
10,89883	73
10,89950	73
10,90017	73
10,90083	73
10,90150	73
10,90217	73
10,90283	72
10,90350	72
10,90417	72
10,90483	71
10,90550	71
10,90617	71
10,90683	71
10,90750	71
10,90817	71
10,90883	71
10,90950	71
10,91017	71
10,91083	71
10,91150	71
10,91217	71
10,91283	71
10,91350	71
10,91417	71
10,91483	71
10,91550	71
10,91617	71
10,91683	71
10,91750	71
10,91817	71
10,91883	71
10,91950	71
10,92017	71
10,92083	71
10,92150	70
10,92217	70
10,92283	70
10,92350	70
10,92417	70
10,92483	70
10,92550	69
10,92617	69
10,92683	70
10,92750	70
10,92817	70
10,92883	70
10,92950	70
10,93017	70
10,93083	70
10,93150	70
10,93217	70
10,93283	70
10,93350	70
10,93417	70
10,93483	70
10,93550	70
10,93617	70
10,93683	70
10,93750	70
10,93817	70
10,93883	71
10,93950	71
10,94017	71
10,94083	71
10,94150	71
10,94217	71
10,94283	71
10,94350	71
10,94417	71
10,94483	71
10,94550	71
10,94617	71
10,94683	70
10,94750	70
10,94817	70
10,94883	70
10,94950	70
10,95017	70
10,95083	70
10,95150	70
10,95217	69
10,95283	69
10,95350	69
10,95417	68
10,95483	68
10,95550	68
10,95617	67
10,95683	67
10,95750	67
10,95817	67
10,95883	67
10,95950	67
10,96017	67
10,96083	67
10,96150	67
10,96217	67
10,96283	67
10,96350	67
10,96417	67
10,96483	67
10,96550	67
10,96617	67
10,96683	67
10,96750	67
10,96817	68
10,96883	68
10,96950	68
10,97017	68
10,97083	68
10,97150	68
10,97217	69
10,97283	69
10,97350	69
10,97417	69
10,97483	69
10,97550	69
10,97617	69
10,97683	69
10,97750	69
10,97817	69
10,97883	69
10,97950	69
10,98017	69
10,98083	69
10,98150	70
10,98217	70
10,98283	70
10,98350	70
10,98417	70
10,98483	70
10,98550	69
10,98617	69
10,98683	69
10,98750	69
10,98817	69
10,98883	68
10,98950	68
10,99017	68
10,99083	68
10,99150	68
10,99217	68
10,99283	68
10,99350	68
10,99417	68
10,99483	68
10,99550	68
10,99617	68
10,99683	68
10,99750	68
10,99817	67
10,99883	67
10,99950	67
11,00017	67
11,00083	67
11,00150	67
11,00217	67
11,00283	67
11,00350	68
11,00417	68
11,00483	68
11,00550	68
11,00617	68
11,00683	68
11,00750	68
11,00817	69
11,00883	69
11,00950	69
11,01017	69
11,01083	70
11,01150	70
11,01217	70
11,01283	71
11,01350	71
11,01417	72
11,01483	72
11,01550	73
11,01617	73
11,01683	74
11,01750	74
11,01817	75
11,01883	75
11,01950	76
11,02017	77
11,02083	77
11,02150	78
11,02217	78
11,02283	79
11,02350	79
11,02417	80
11,02483	81
11,02550	81
11,02617	82
11,02683	83
11,02750	84
11,02817	85
11,02883	85
11,02950	86
11,03017	87
11,03083	88
11,03150	88
11,03217	89
11,03283	89
11,03350	90
11,03417	91
11,03483	91
11,03550	91
11,03617	92
11,03683	92
11,03750	92
11,03817	93
11,03883	93
11,03950	94
11,04017	94
11,04083	94
11,04150	94
11,04217	95
11,04283	95
11,04350	95
11,04417	95
11,04483	95
11,04550	96
11,04617	96
11,04683	96
11,04750	96
11,04817	97
11,04883	97
11,04950	97
11,05017	97
11,05083	97
11,05150	97
11,05217	97
11,05283	98
11,05350	98
11,05417	98
11,05483	98
11,05550	98
11,05617	98
11,05683	99
11,05750	99
11,05817	99
11,05883	99
11,05950	99
11,06017	99
11,06083	98
11,06150	98
11,06217	98
11,06283	97
11,06350	97
11,06417	96
11,06483	96
11,06550	96
11,06617	95
11,06683	95
11,06750	95
11,06817	95
11,06883	94
11,06950	94
11,07017	94
11,07083	94
11,07150	93
11,07217	93
11,07283	93
11,07350	92
11,07417	92
11,07483	92
11,07550	92
11,07617	92
11,07683	91
11,07750	91
11,07817	91
11,07883	91
11,07950	91
11,08017	91
11,08083	91
11,08150	91
11,08217	91
11,08283	91
11,08350	90
11,08417	90
11,08483	90
11,08550	89
11,08617	89
11,08683	89
11,08750	88
11,08817	88
11,08883	88
11,08950	88
11,09017	88
11,09083	88
11,09150	88
11,09217	88
11,09283	87
11,09350	87
11,09417	87
11,09483	87
11,09550	86
11,09617	86
11,09683	86
11,09750	86
11,09817	86
11,09883	85
11,09950	85
11,10017	85
11,10083	85
11,10150	84
11,10217	84
11,10283	84
11,10350	83
11,10417	83
11,10483	83
11,10550	83
11,10617	83
11,10683	83
11,10750	82
11,10817	82
11,10883	82
11,10950	82
11,11017	82
11,11083	81
11,11150	81
11,11217	81
11,11283	81
11,11350	81
11,11417	81
11,11483	81
11,11550	81
11,11617	80
11,11683	80
11,11750	80
11,11817	80
11,11883	81
11,11950	81
11,12017	81
11,12083	81
11,12150	81
11,12217	81
11,12283	81
11,12350	81
11,12417	80
11,12483	80
11,12550	80
11,12617	80
11,12683	80
11,12750	80
11,12817	79
11,12883	79
11,12950	79
11,13017	79
11,13083	78
11,13150	78
11,13217	78
11,13283	78
11,13350	78
11,13417	77
11,13483	77
11,13550	77
11,13617	77
11,13683	77
11,13750	76
11,13817	76
11,13883	76
11,13950	76
11,14017	76
11,14083	75
11,14150	75
11,14217	75
11,14283	75
11,14350	75
11,14417	76
11,14483	76
11,14550	76
11,14617	76
11,14683	76
11,14750	75
11,14817	75
11,14883	75
11,14950	75
11,15017	75
11,15083	75
11,15150	75
11,15217	75
11,15283	75
11,15350	75
11,15417	75
11,15483	75
11,15550	75
11,15617	75
11,15683	74
11,15750	74
11,15817	74
11,15883	74
11,15950	74
11,16017	74
11,16083	74
11,16150	74
11,16217	74
11,16283	74
11,16350	74
11,16417	74
11,16483	74
11,16550	74
11,16617	74
11,16683	74
11,16750	74
11,16817	74
11,16883	73
11,16950	73
11,17017	73
11,17083	73
11,17150	73
11,17217	73
11,17283	73
11,17350	73
11,17417	73
11,17483	72
11,17550	72
11,17617	72
11,17683	72
11,17750	71
11,17817	71
11,17883	71
11,17950	71
11,18017	71
11,18083	70
11,18150	70
11,18217	70
11,18283	70
11,18350	70
11,18417	70
11,18483	70
11,18550	70
11,18617	70
11,18683	70
11,18750	70
11,18817	70
11,18883	70
11,18950	70
11,19017	70
11,19083	70
11,19150	70
11,19217	70
11,19283	70
11,19350	70
11,19417	71
11,19483	71
11,19550	71
11,19617	71
11,19683	72
11,19750	72
11,19817	72
11,19883	72
11,19950	73
11,20017	73
11,20083	73
11,20150	73
11,20217	74
11,20283	74
11,20350	74
11,20417	74
11,20483	74
11,20550	74
11,20617	74
11,20683	74
11,20750	74
11,20817	74
11,20883	74
11,20950	75
11,21017	75
11,21083	75
11,21150	75
11,21217	75
11,21283	75
11,21350	76
11,21417	76
11,21483	76
11,21550	77
11,21617	77
11,21683	78
11,21750	78
11,21817	78
11,21883	78
11,21950	78
11,22017	78
11,22083	78
11,22150	78
11,22217	78
11,22283	77
11,22350	77
11,22417	77
11,22483	76
11,22550	76
11,22617	76
11,22683	76
11,22750	76
11,22817	76
11,22883	76
11,22950	76
11,23017	76
11,23083	76
11,23150	76
11,23217	76
11,23283	76
11,23350	76
11,23417	76
11,23483	76
11,23550	76
11,23617	76
11,23683	76
11,23750	76
11,23817	76
11,23883	77
11,23950	77
11,24017	77
11,24083	77
11,24150	77
11,24217	77
11,24283	77
11,24350	77
11,24417	77
11,24483	76
11,24550	76
11,24617	76
11,24683	76
11,24750	76
11,24817	76
11,24883	75
11,24950	75
11,25017	75
11,25083	75
11,25150	75
11,25217	74
11,25283	74
11,25350	74
11,25417	74
11,25483	74
11,25550	74
11,25617	74
11,25683	74
11,25750	74
11,25817	74
11,25883	74
11,25950	74
11,26017	74
11,26083	74
11,26150	74
11,26217	74
11,26283	74
11,26350	74
11,26417	75
11,26483	74
11,26550	74
11,26617	74
11,26683	74
11,26750	74
11,26817	74
11,26883	74
11,26950	74
11,27017	74
11,27083	74
11,27150	74
11,27217	74
11,27283	74
11,27350	74
11,27417	74
11,27483	73
11,27550	73
11,27617	73
11,27683	73
11,27750	73
11,27817	72
11,27883	72
11,27950	72
11,28017	72
11,28083	72
11,28150	71
11,28217	71
11,28283	71
11,28350	71
11,28417	71
11,28483	70
11,28550	70
11,28617	70
11,28683	69
11,28750	69
11,28817	69
11,28883	69
11,28950	69
11,29017	70
11,29083	70
11,29150	70
11,29217	70
11,29283	70
11,29350	70
11,29417	70
11,29483	70
11,29550	69
11,29617	69
11,29683	69
11,29750	69
11,29817	69
11,29883	69
11,29950	69
11,30017	69
11,30083	69
11,30150	69
11,30217	69
11,30283	69
11,30350	69
11,30417	69
11,30483	69
11,30550	69
11,30617	69
11,30683	69
11,30750	68
11,30817	68
11,30883	68
11,30950	69
11,31017	69
11,31083	69
11,31150	69
11,31217	69
11,31283	69
11,31350	70
11,31417	70
11,31483	70
11,31550	70
11,31617	71
11,31683	71
11,31750	71
11,31817	71
11,31883	71
11,31950	71
11,32017	71
11,32083	71
11,32150	71
11,32217	71
11,32283	71
11,32350	71
11,32417	71
11,32483	71
11,32550	71
11,32617	71
11,32683	71
11,32750	71
11,32817	71
11,32883	71
11,32950	71
11,33017	71
11,33083	71
11,33150	71
11,33217	71
11,33283	72
11,33350	72
11,33417	71
11,33483	71
11,33550	71
11,33617	71
11,33683	71
11,33750	70
11,33817	70
11,33883	70
11,33950	70
11,34017	70
11,34083	70
11,34150	70
11,34217	70
11,34283	70
11,34350	70
11,34417	71
11,34483	71
11,34550	71
11,34617	71
11,34683	71
11,34750	71
11,34817	72
11,34883	72
11,34950	72
11,35017	73
11,35083	73
11,35150	73
11,35217	73
11,35283	74
11,35350	74
11,35417	74
11,35483	75
11,35550	75
11,35617	75
11,35683	75
11,35750	75
11,35817	75
11,35883	75
11,35950	75
11,36017	75
11,36083	74
11,36150	74
11,36217	74
11,36283	74
11,36350	74
11,36417	75
11,36483	75
11,36550	75
11,36617	76
11,36683	76
11,36750	76
11,36817	76
11,36883	76
11,36950	76
11,37017	76
11,37083	76
11,37150	76
11,37217	76
11,37283	76
11,37350	75
11,37417	75
11,37483	75
11,37550	75
11,37617	75
11,37683	75
11,37750	74
11,37817	74
11,37883	74
11,37950	74
11,38017	73
11,38083	73
11,38150	73
11,38217	72
11,38283	72
11,38350	72
11,38417	72
11,38483	72
11,38550	72
11,38617	72
11,38683	72
11,38750	72
11,38817	72
11,38883	72
11,38950	72
11,39017	72
11,39083	71
11,39150	71
11,39217	71
11,39283	71
11,39350	71
11,39417	70
11,39483	70
11,39550	70
11,39617	70
11,39683	70
11,39750	70
11,39817	70
11,39883	70
11,39950	70
11,40017	70
11,40083	70
11,40150	70
11,40217	70
11,40283	71
11,40350	71
11,40417	71
11,40483	71
11,40550	71
11,40617	71
11,40683	71
11,40750	71
11,40817	71
11,40883	71
11,40950	71
11,41017	71
11,41083	71
11,41150	70
11,41217	70
11,41283	70
11,41350	70
11,41417	69
11,41483	69
11,41550	68
11,41617	68
11,41683	68
11,41750	67
11,41817	67
11,41883	67
11,41950	67
11,42017	67
11,42083	67
11,42150	67
11,42217	67
11,42283	67
11,42350	67
11,42417	67
11,42483	67
11,42550	67
11,42617	67
11,42683	67
11,42750	66
11,42817	66
11,42883	66
11,42950	66
11,43017	66
11,43083	66
11,43150	66
11,43217	66
11,43283	67
11,43350	67
11,43417	67
11,43483	67
11,43550	66
11,43617	66
11,43683	66
11,43750	66
11,43817	66
11,43883	66
11,43950	66
11,44017	66
11,44083	66
11,44150	65
11,44217	65
11,44283	65
11,44350	65
11,44417	65
11,44483	65
11,44550	65
11,44617	65
11,44683	66
11,44750	66
11,44817	66
11,44883	66
11,44950	66
11,45017	66
11,45083	66
11,45150	67
11,45217	67
11,45283	67
11,45350	67
11,45417	67
11,45483	67
11,45550	67
11,45617	67
11,45683	68
11,45750	67
11,45817	67
11,45883	67
11,45950	67
11,46017	67
11,46083	67
11,46150	67
11,46217	67
11,46283	66
11,46350	66
11,46417	66
11,46483	65
11,46550	65
11,46617	65
11,46683	64
11,46750	64
11,46817	64
11,46883	63
11,46950	63
11,47017	63
11,47083	63
11,47150	63
11,47217	63
11,47283	63
11,47350	63
11,47417	63
11,47483	63
11,47550	63
11,47617	64
11,47683	64
11,47750	64
11,47817	64
11,47883	64
11,47950	64
11,48017	65
11,48083	65
11,48150	65
11,48217	65
11,48283	66
11,48350	66
11,48417	67
11,48483	67
11,48550	67
11,48617	67
11,48683	67
11,48750	67
11,48817	67
11,48883	67
11,48950	67
11,49017	67
11,49083	67
11,49150	67
11,49217	67
11,49283	67
11,49350	67
11,49417	67
11,49483	67
11,49550	67
11,49617	67
11,49683	68
11,49750	68
11,49817	68
11,49883	68
11,49950	68
11,50017	68
11,50083	68
11,50150	67
11,50217	67
11,50283	67
11,50350	67
11,50417	67
11,50483	67
11,50550	66
11,50617	66
11,50683	66
11,50750	66
11,50817	65
11,50883	65
11,50950	65
11,51017	64
11,51083	64
11,51150	64
11,51217	64
11,51283	63
11,51350	63
11,51417	63
11,51483	63
11,51550	63
11,51617	63
11,51683	63
11,51750	63
11,51817	63
11,51883	62
11,51950	62
11,52017	62
11,52083	62
11,52150	62
11,52217	62
11,52283	62
11,52350	62
11,52417	62
11,52483	62
11,52550	62
11,52617	62
11,52683	62
11,52750	63
11,52817	63
11,52883	64
11,52950	64
11,53017	64
11,53083	64
11,53150	65
11,53217	65
11,53283	65
11,53350	65
11,53417	65
11,53483	65
11,53550	65
11,53617	65
11,53683	66
11,53750	66
11,53817	66
11,53883	66
11,53950	67
11,54017	67
11,54083	67
11,54150	67
11,54217	67
11,54283	68
11,54350	68
11,54417	68
11,54483	68
11,54550	68
11,54617	68
11,54683	67
11,54750	67
11,54817	67
11,54883	67
11,54950	68
11,55017	68
11,55083	67
11,55150	67
11,55217	67
11,55283	67
11,55350	66
11,55417	66
11,55483	66
11,55550	66
11,55617	66
11,55683	67
11,55750	67
11,55817	67
11,55883	67
11,55950	67
11,56017	67
11,56083	67
11,56150	68
11,56217	68
11,56283	68
11,56350	68
11,56417	68
11,56483	68
11,56550	68
11,56617	68
11,56683	68
11,56750	68
11,56817	68
11,56883	68
11,56950	68
11,57017	68
11,57083	68
11,57150	68
11,57217	68
11,57283	68
11,57350	68
11,57417	68
11,57483	67
11,57550	67
11,57617	67
11,57683	67
11,57750	67
11,57817	67
11,57883	66
11,57950	66
11,58017	66
11,58083	66
11,58150	65
11,58217	65
11,58283	65
11,58350	65
11,58417	65
11,58483	64
11,58550	64
11,58617	64
11,58683	64
11,58750	64
11,58817	64
11,58883	63
11,58950	63
11,59017	63
11,59083	63
11,59150	63
11,59217	63
11,59283	63
11,59350	64
11,59417	64
11,59483	64
11,59550	65
11,59617	65
11,59683	65
11,59750	65
11,59817	66
11,59883	66
11,59950	66
11,60017	66
11,60083	66
11,60150	66
11,60217	66
11,60283	66
11,60350	66
11,60417	66
11,60483	66
11,60550	66
11,60617	65
11,60683	65
11,60750	65
11,60817	65
11,60883	65
11,60950	65
11,61017	65
11,61083	65
11,61150	65
11,61217	65
11,61283	65
11,61350	65
11,61417	65
11,61483	65
11,61550	65
11,61617	64
11,61683	64
11,61750	64
11,61817	64
11,61883	64
11,61950	64
11,62017	64
11,62083	64
11,62150	64
11,62217	64
11,62283	64
11,62350	64
11,62417	64
11,62483	63
11,62550	63
11,62617	62
11,62683	62
11,62750	61
11,62817	61
11,62883	61
11,62950	61
11,63017	60
11,63083	60
11,63150	60
11,63217	60
11,63283	60
11,63350	60
11,63417	60
11,63483	60
11,63550	60
11,63617	61
11,63683	60
11,63750	60
11,63817	60
11,63883	60
11,63950	60
11,64017	61
11,64083	61
11,64150	61
11,64217	61
11,64283	62
11,64350	62
11,64417	62
11,64483	62
11,64550	62
11,64617	62
11,64683	62
11,64750	62
11,64817	61
11,64883	61
11,64950	61
11,65017	61
11,65083	61
11,65150	61
11,65217	61
11,65283	61
11,65350	62
11,65417	62
11,65483	62
11,65550	62
11,65617	62
11,65683	62
11,65750	63
11,65817	63
11,65883	63
11,65950	64
11,66017	64
11,66083	65
11,66150	66
11,66217	66
11,66283	67
11,66350	68
11,66417	68
11,66483	69
11,66550	70
11,66617	70
11,66683	71
11,66750	72
11,66817	73
11,66883	74
11,66950	74
11,67017	75
11,67083	76
11,67150	77
11,67217	79
11,67283	80
11,67350	81
11,67417	82
11,67483	83
11,67550	84
11,67617	85
11,67683	85
11,67750	86
11,67817	87
11,67883	88
11,67950	89
11,68017	90
11,68083	90
11,68150	91
11,68217	92
11,68283	92
11,68350	93
11,68417	94
11,68483	94
11,68550	95
11,68617	96
11,68683	97
11,68750	97
11,68817	98
11,68883	99
11,68950	99
11,69017	100
11,69083	100
11,69150	100
11,69217	101
11,69283	101
11,69350	101
11,69417	101
11,69483	101
11,69550	101
11,69617	101
11,69683	101
11,69750	101
11,69817	100
11,69883	100
11,69950	100
11,70017	99
11,70083	99
11,70150	99
11,70217	98
11,70283	98
11,70350	97
11,70417	97
11,70483	97
11,70550	96
11,70617	96
11,70683	96
11,70750	95
11,70817	95
11,70883	95
11,70950	94
11,71017	94
11,71083	93
11,71150	93
11,71217	93
11,71283	93
11,71350	92
11,71417	92
11,71483	92
11,71550	91
11,71617	91
11,71683	90
11,71750	90
11,71817	89
11,71883	89
11,71950	89
11,72017	88
11,72083	88
11,72150	87
11,72217	87
11,72283	87
11,72350	86
11,72417	86
11,72483	86
11,72550	86
11,72617	86
11,72683	85
11,72750	85
11,72817	85
11,72883	85
11,72950	84
11,73017	84
11,73083	84
11,73150	83
11,73217	83
11,73283	83
11,73350	83
11,73417	82
11,73483	82
11,73550	82
11,73617	82
11,73683	81
11,73750	81
11,73817	81
11,73883	81
11,73950	81
11,74017	80
11,74083	80
11,74150	80
11,74217	79
11,74283	79
11,74350	78
11,74417	78
11,74483	77
11,74550	77
11,74617	77
11,74683	76
11,74750	76
11,74817	76
11,74883	75
11,74950	75
11,75017	75
11,75083	74
11,75150	74
11,75217	73
11,75283	73
11,75350	72
11,75417	72
11,75483	71
11,75550	70
11,75617	70
11,75683	69
11,75750	68
11,75817	68
11,75883	68
11,75950	67
11,76017	67
11,76083	67
11,76150	68
11,76217	68
11,76283	68
11,76350	68
11,76417	68
11,76483	68
11,76550	68
11,76617	68
11,76683	68
11,76750	68
11,76817	68
11,76883	68
11,76950	68
11,77017	68
11,77083	68
11,77150	68
11,77217	68
11,77283	69
11,77350	69
11,77417	69
11,77483	69
11,77550	69
11,77617	69
11,77683	69
11,77750	69
11,77817	69
11,77883	69
11,77950	69
11,78017	69
11,78083	69
11,78150	69
11,78217	68
11,78283	68
11,78350	68
11,78417	68
11,78483	68
11,78550	68
11,78617	68
11,78683	68
11,78750	67
11,78817	67
11,78883	67
11,78950	67
11,79017	67
11,79083	67
11,79150	67
11,79217	68
11,79283	68
11,79350	68
11,79417	68
11,79483	69
11,79550	69
11,79617	69
11,79683	69
11,79750	70
11,79817	70
11,79883	70
11,79950	70
11,80017	70
11,80083	71
11,80150	71
11,80217	71
11,80283	71
11,80350	71
11,80417	72
11,80483	72
11,80550	72
11,80617	72
11,80683	72
11,80750	72
11,80817	72
11,80883	72
11,80950	72
11,81017	72
11,81083	72
11,81150	72
11,81217	72
11,81283	73
11,81350	73
11,81417	74
11,81483	74
11,81550	75
11,81617	75
11,81683	75
11,81750	75
11,81817	75
11,81883	75
11,81950	75
11,82017	76
11,82083	76
11,82150	76
11,82217	76
11,82283	76
11,82350	77
11,82417	77
11,82483	77
11,82550	78
11,82617	78
11,82683	78
11,82750	78
11,82817	78
11,82883	78
11,82950	77
11,83017	77
11,83083	77
11,83150	77
11,83217	76
11,83283	76
11,83350	75
11,83417	75
11,83483	75
11,83550	74
11,83617	74
11,83683	74
11,83750	74
11,83817	73
11,83883	73
11,83950	73
11,84017	72
11,84083	72
11,84150	72
11,84217	72
11,84283	71
11,84350	71
11,84417	71
11,84483	71
11,84550	71
11,84617	71
11,84683	71
11,84750	71
11,84817	71
11,84883	71
11,84950	71
11,85017	70
11,85083	70
11,85150	70
11,85217	70
11,85283	69
11,85350	69
11,85417	69
11,85483	69
11,85550	69
11,85617	69
11,85683	69
11,85750	69
11,85817	69
11,85883	69
11,85950	69
11,86017	69
11,86083	69
11,86150	69
11,86217	69
11,86283	69
11,86350	69
11,86417	69
11,86483	69
11,86550	69
11,86617	69
11,86683	70
11,86750	70
11,86817	70
11,86883	70
11,86950	70
11,87017	69
11,87083	69
11,87150	69
11,87217	69
11,87283	69
11,87350	69
11,87417	69
11,87483	69
11,87550	69
11,87617	69
11,87683	69
11,87750	70
11,87817	70
11,87883	70
11,87950	70
11,88017	71
11,88083	71
11,88150	71
11,88217	71
11,88283	71
11,88350	71
11,88417	71
11,88483	70
11,88550	70
11,88617	70
11,88683	70
11,88750	70
11,88817	70
11,88883	70
11,88950	70
11,89017	70
11,89083	70
11,89150	70
11,89217	70
11,89283	70
11,89350	71
11,89417	71
11,89483	71
11,89550	71
11,89617	71
11,89683	70
11,89750	70
11,89817	70
11,89883	70
11,89950	70
11,90017	69
11,90083	69
11,90150	69
11,90217	69
11,90283	69
11,90350	68
11,90417	68
11,90483	68
11,90550	68
11,90617	67
11,90683	67
11,90750	67
11,90817	67
11,90883	66
11,90950	66
11,91017	66
11,91083	66
11,91150	66
11,91217	66
11,91283	65
11,91350	65
11,91417	65
11,91483	65
11,91550	65
11,91617	65
11,91683	65
11,91750	65
11,91817	65
11,91883	65
11,91950	65
11,92017	65
11,92083	65
11,92150	65
11,92217	65
11,92283	65
11,92350	65
11,92417	65
11,92483	65
11,92550	65
11,92617	65
11,92683	65
11,92750	65
11,92817	65
11,92883	65
11,92950	65
11,93017	65
11,93083	65
11,93150	65
11,93217	65
11,93283	65
11,93350	66
11,93417	66
11,93483	66
11,93550	66
11,93617	66
11,93683	66
11,93750	66
11,93817	67
11,93883	67
11,93950	67
11,94017	67
11,94083	67
11,94150	68
11,94217	68
11,94283	68
11,94350	68
11,94417	68
11,94483	68
11,94550	68
11,94617	68
11,94683	68
11,94750	69
11,94817	69
11,94883	69
11,94950	69
11,95017	70
11,95083	70
11,95150	70
11,95217	70
11,95283	70
11,95350	70
11,95417	70
11,95483	70
11,95550	70
11,95617	70
11,95683	70
11,95750	70
11,95817	69
11,95883	69
11,95950	69
11,96017	69
11,96083	69
11,96150	69
11,96217	69
11,96283	69
11,96350	69
11,96417	69
11,96483	69
11,96550	69
11,96617	69
11,96683	69
11,96750	69
11,96817	69
11,96883	69
11,96950	69
11,97017	69
11,97083	69
11,97150	69
11,97217	69
11,97283	69
11,97350	69
11,97417	69
11,97483	69
11,97550	69
11,97617	69
11,97683	69
11,97750	69
11,97817	69
11,97883	68
11,97950	68
11,98017	69
11,98083	69
11,98150	69
11,98217	69
11,98283	69
11,98350	69
11,98417	69
11,98483	69
11,98550	69
11,98617	69
11,98683	69
11,98750	69
11,98817	69
11,98883	69
11,98950	70
11,99017	69
11,99083	69
11,99150	69
11,99217	69
11,99283	69
11,99350	69
11,99417	69
11,99483	69
11,99550	69
11,99617	69
11,99683	68
11,99750	68
11,99817	68
11,99883	67
11,99950	67
12,00017	66
12,00083	66
12,00150	65
12,00217	65
12,00283	65
12,00350	65
12,00417	65
12,00483	65
12,00550	64
12,00617	64
12,00683	64
12,00750	64
12,00817	64
12,00883	64
12,00950	64
12,01017	64
12,01083	64
12,01150	64
12,01217	64
12,01283	64
12,01350	64
12,01417	64
12,01483	64
12,01550	64
12,01617	63
12,01683	63
12,01750	63
12,01817	63
12,01883	63
12,01950	63
12,02017	63
12,02083	63
12,02150	63
12,02217	63
12,02283	63
12,02350	63
12,02417	63
12,02483	63
12,02550	63
12,02617	63
12,02683	64
12,02750	64
12,02817	64
12,02883	64
12,02950	64
12,03017	64
12,03083	64
12,03150	64
12,03217	63
12,03283	63
12,03350	63
12,03417	63
12,03483	63
12,03550	63
12,03617	63
12,03683	63
12,03750	63
12,03817	63
12,03883	62
12,03950	62
12,04017	62
12,04083	62
12,04150	62
12,04217	61
12,04283	61
12,04350	61
12,04417	61
12,04483	60
12,04550	60
12,04617	60
12,04683	60
12,04750	59
12,04817	59
12,04883	59
12,04950	59
12,05017	59
12,05083	59
12,05150	59
12,05217	58
12,05283	58
12,05350	57
12,05417	57
12,05483	57
12,05550	57
12,05617	57
12,05683	57
12,05750	56
12,05817	56
12,05883	56
12,05950	56
12,06017	57
12,06083	57
12,06150	57
12,06217	57
12,06283	57
12,06350	57
12,06417	57
12,06483	57
12,06550	57
12,06617	57
12,06683	58
12,06750	58
12,06817	58
12,06883	58
12,06950	59
12,07017	59
12,07083	59
12,07150	60
12,07217	60
12,07283	60
12,07350	60
12,07417	61
12,07483	61
12,07550	61
12,07617	61
12,07683	61
12,07750	61
12,07817	62
12,07883	62
12,07950	62
12,08017	63
12,08083	63
12,08150	63
12,08217	63
12,08283	63
12,08350	63
12,08417	63
12,08483	63
12,08550	63
12,08617	63
12,08683	63
12,08750	63
12,08817	63
12,08883	63
12,08950	63
12,09017	63
12,09083	63
12,09150	63
12,09217	63
12,09283	62
12,09350	62
12,09417	62
12,09483	62
12,09550	62
12,09617	62
12,09683	62
12,09750	62
12,09817	62
12,09883	62
12,09950	62
12,10017	62
12,10083	62
12,10150	62
12,10217	62
12,10283	62
12,10350	62
12,10417	61
12,10483	61
12,10550	61
12,10617	61
12,10683	60
12,10750	60
12,10817	59
12,10883	59
12,10950	59
12,11017	59
12,11083	58
12,11150	58
12,11217	58
12,11283	58
12,11350	58
12,11417	58
12,11483	58
12,11550	58
12,11617	58
12,11683	58
12,11750	58
12,11817	58
12,11883	58
12,11950	58
12,12017	58
12,12083	58
12,12150	58
12,12217	58
12,12283	58
12,12350	59
12,12417	59
12,12483	59
12,12550	59
12,12617	59
12,12683	59
12,12750	59
12,12817	59
12,12883	59
12,12950	59
12,13017	59
12,13083	60
12,13150	60
12,13217	60
12,13283	60
12,13350	60
12,13417	60
12,13483	60
12,13550	60
12,13617	60
12,13683	60
12,13750	60
12,13817	60
12,13883	60
12,13950	60
12,14017	60
12,14083	60
12,14150	60
12,14217	60
12,14283	60
12,14350	60
12,14417	60
12,14483	60
12,14550	60
12,14617	60
12,14683	60
12,14750	60
12,14817	59
12,14883	59
12,14950	59
12,15017	58
12,15083	58
12,15150	58
12,15217	58
12,15283	58
12,15350	58
12,15417	58
12,15483	58
12,15550	58
12,15617	58
12,15683	58
12,15750	59
12,15817	59
12,15883	59
12,15950	59
12,16017	59
12,16083	58
12,16150	58
12,16217	58
12,16283	58
12,16350	58
12,16417	58
12,16483	58
12,16550	58
12,16617	58
12,16683	58
12,16750	57
12,16817	57
12,16883	57
12,16950	57
12,17017	57
12,17083	56
12,17150	56
12,17217	56
12,17283	56
12,17350	56
12,17417	56
12,17483	56
12,17550	56
12,17617	56
12,17683	56
12,17750	57
12,17817	57
12,17883	57
12,17950	57
12,18017	58
12,18083	58
12,18150	58
12,18217	58
12,18283	58
12,18350	58
12,18417	58
12,18483	58
12,18550	58
12,18617	59
12,18683	59
12,18750	59
12,18817	59
12,18883	59
12,18950	59
12,19017	59
12,19083	59
12,19150	59
12,19217	59
12,19283	59
12,19350	59
12,19417	59
12,19483	59
12,19550	59
12,19617	59
12,19683	59
12,19750	59
12,19817	60
12,19883	60
12,19950	60
12,20017	60
12,20083	60
12,20150	60
12,20217	60
12,20283	60
12,20350	60
12,20417	60
12,20483	60
12,20550	60
12,20617	59
12,20683	59
12,20750	59
12,20817	59
12,20883	59
12,20950	59
12,21017	58
12,21083	58
12,21150	58
12,21217	58
12,21283	58
12,21350	58
12,21417	57
12,21483	57
12,21550	57
12,21617	57
12,21683	56
12,21750	56
12,21817	56
12,21883	56
12,21950	56
12,22017	56
12,22083	56
12,22150	56
12,22217	55
12,22283	55
12,22350	55
12,22417	54
12,22483	54
12,22550	54
12,22617	54
12,22683	53
12,22750	53
12,22817	53
12,22883	53
12,22950	53
12,23017	53
12,23083	53
12,23150	53
12,23217	53
12,23283	53
12,23350	53
12,23417	53
12,23483	53
12,23550	53
12,23617	52
12,23683	52
12,23750	52
12,23817	52
12,23883	52
12,23950	52
12,24017	52
12,24083	52
12,24150	52
12,24217	52
12,24283	51
12,24350	51
12,24417	51
12,24483	52
12,24550	52
12,24617	52
12,24683	52
12,24750	52
12,24817	52
12,24883	53
12,24950	53
12,25017	53
12,25083	53
12,25150	53
12,25217	53
12,25283	53
12,25350	53
12,25417	53
12,25483	53
12,25550	52
12,25617	52
12,25683	52
12,25750	52
12,25817	52
12,25883	52
12,25950	52
12,26017	52
12,26083	52
12,26150	52
12,26217	52
12,26283	52
12,26350	52
12,26417	52
12,26483	52
12,26550	52
12,26617	52
12,26683	52
12,26750	52
12,26817	52
12,26883	52
12,26950	52
12,27017	52
12,27083	52
12,27150	52
12,27217	52
12,27283	52
12,27350	52
12,27417	52
12,27483	52
12,27550	51
12,27617	51
12,27683	51
12,27750	51
12,27817	51
12,27883	50
12,27950	50
12,28017	51
12,28083	51
12,28150	51
12,28217	51
12,28283	52
12,28350	52
12,28417	53
12,28483	53
12,28550	54
12,28617	54
12,28683	54
12,28750	54
12,28817	54
12,28883	54
12,28950	54
12,29017	54
12,29083	54
12,29150	54
12,29217	55
12,29283	55
12,29350	55
12,29417	55
12,29483	56
12,29550	56
12,29617	56
12,29683	57
12,29750	57
12,29817	57
12,29883	58
12,29950	58
12,30017	58
12,30083	58
12,30150	59
12,30217	59
12,30283	60
12,30350	60
12,30417	60
12,30483	60
12,30550	60
12,30617	61
12,30683	61
12,30750	61
12,30817	61
12,30883	61
12,30950	61
12,31017	61
12,31083	61
12,31150	61
12,31217	61
12,31283	61
12,31350	61
12,31417	62
12,31483	62
12,31550	62
12,31617	62
12,31683	62
12,31750	62
12,31817	62
12,31883	61
12,31950	61
12,32017	61
12,32083	61
12,32150	61
12,32217	61
12,32283	60
12,32350	60
12,32417	60
12,32483	60
12,32550	60
12,32617	60
12,32683	60
12,32750	60
12,32817	60
12,32883	60
12,32950	60
12,33017	60
12,33083	60
12,33150	60
12,33217	60
12,33283	60
12,33350	59
12,33417	59
12,33483	59
12,33550	59
12,33617	59
12,33683	59
12,33750	59
12,33817	60
12,33883	60
12,33950	60
12,34017	60
12,34083	60
12,34150	60
12,34217	60
12,34283	59
12,34350	59
12,34417	59
12,34483	59
12,34550	59
12,34617	59
12,34683	59
12,34750	58
12,34817	58
12,34883	58
12,34950	58
12,35017	58
12,35083	58
12,35150	58
12,35217	58
12,35283	58
12,35350	58
12,35417	58
12,35483	58
12,35550	59
12,35617	59
12,35683	59
12,35750	59
12,35817	60
12,35883	60
12,35950	60
12,36017	60
12,36083	60
12,36150	60
12,36217	60
12,36283	60
12,36350	60
12,36417	60
12,36483	60
12,36550	59
12,36617	59
12,36683	59
12,36750	59
12,36817	58
12,36883	58
12,36950	58
12,37017	57
12,37083	57
12,37150	57
12,37217	57
12,37283	57
12,37350	57
12,37417	57
12,37483	57
12,37550	56
12,37617	56
12,37683	56
12,37750	56
12,37817	56
12,37883	57
12,37950	57
12,38017	57
12,38083	57
12,38150	57
12,38217	57
12,38283	57
12,38350	57
12,38417	58
12,38483	58
12,38550	58
12,38617	58
12,38683	59
12,38750	59
12,38817	59
12,38883	60
12,38950	60
12,39017	60
12,39083	60
12,39150	60
12,39217	60
12,39283	60
12,39350	60
12,39417	60
12,39483	60
12,39550	60
12,39617	59
12,39683	59
12,39750	59
12,39817	58
12,39883	58
12,39950	58
12,40017	57
12,40083	57
12,40150	57
12,40217	57
12,40283	57
12,40350	57
12,40417	57
12,40483	57
12,40550	56
12,40617	56
12,40683	56
12,40750	56
12,40817	56
12,40883	56
12,40950	56
12,41017	56
12,41083	56
12,41150	56
12,41217	57
12,41283	57
12,41350	58
12,41417	58
12,41483	58
12,41550	59
12,41617	59
12,41683	59
12,41750	59
12,41817	60
12,41883	60
12,41950	60
12,42017	60
12,42083	60
12,42150	60
12,42217	60
12,42283	60
12,42350	60
12,42417	60
12,42483	59
12,42550	59
12,42617	59
12,42683	59
12,42750	59
12,42817	59
12,42883	59
12,42950	59
12,43017	59
12,43083	59
12,43150	59
12,43217	59
12,43283	59
12,43350	58
12,43417	58
12,43483	58
12,43550	58
12,43617	58
12,43683	58
12,43750	58
12,43817	58
12,43883	57
12,43950	57
12,44017	57
12,44083	57
12,44150	57
12,44217	57
12,44283	57
12,44350	57
12,44417	57
12,44483	57
12,44550	57
12,44617	57
12,44683	57
12,44750	57
12,44817	56
12,44883	56
12,44950	56
12,45017	56
12,45083	56
12,45150	56
12,45217	56
12,45283	56
12,45350	56
12,45417	57
12,45483	57
12,45550	57
12,45617	57
12,45683	57
12,45750	57
12,45817	57
12,45883	57
12,45950	57
12,46017	58
12,46083	58
12,46150	58
12,46217	58
12,46283	59
12,46350	59
12,46417	60
12,46483	60
12,46550	61
12,46617	61
12,46683	62
12,46750	62
12,46817	62
12,46883	63
12,46950	63
12,47017	64
12,47083	64
12,47150	65
12,47217	65
12,47283	66
12,47350	67
12,47417	68
12,47483	69
12,47550	70
12,47617	71
12,47683	72
12,47750	74
12,47817	75
12,47883	76
12,47950	78
12,48017	79
12,48083	81
12,48150	82
12,48217	84
12,48283	86
12,48350	89
12,48417	91
12,48483	94
12,48550	97
12,48617	99
12,48683	102
12,48750	105
12,48817	108
12,48883	111
12,48950	114
12,49017	117
12,49083	120
12,49150	123
12,49217	126
12,49283	129
12,49350	132
12,49417	135
12,49483	139
12,49550	142
12,49617	145
12,49683	148
12,49750	151
12,49817	154
12,49883	157
12,49950	159
12,50017	162
12,50083	165
12,50150	167
12,50217	169
12,50283	171
12,50350	173
12,50417	175
12,50483	177
12,50550	179
12,50617	180
12,50683	182
12,50750	183
12,50817	184
12,50883	185
12,50950	186
12,51017	186
12,51083	186
12,51150	186
12,51217	186
12,51283	186
12,51350	185
12,51417	184
12,51483	184
12,51550	183
12,51617	182
12,51683	180
12,51750	179
12,51817	178
12,51883	177
12,51950	175
12,52017	174
12,52083	172
12,52150	171
12,52217	169
12,52283	167
12,52350	166
12,52417	164
12,52483	162
12,52550	160
12,52617	158
12,52683	156
12,52750	154
12,52817	152
12,52883	149
12,52950	147
12,53017	145
12,53083	144
12,53150	142
12,53217	140
12,53283	138
12,53350	136
12,53417	134
12,53483	132
12,53550	131
12,53617	129
12,53683	127
12,53750	126
12,53817	124
12,53883	123
12,53950	121
12,54017	120
12,54083	119
12,54150	118
12,54217	116
12,54283	115
12,54350	114
12,54417	113
12,54483	112
12,54550	112
12,54617	111
12,54683	110
12,54750	109
12,54817	108
12,54883	107
12,54950	106
12,55017	105
12,55083	104
12,55150	103
12,55217	102
12,55283	101
12,55350	100
12,55417	99
12,55483	99
12,55550	98
12,55617	97
12,55683	96
12,55750	96
12,55817	95
12,55883	94
12,55950	93
12,56017	92
12,56083	92
12,56150	91
12,56217	90
12,56283	90
12,56350	89
12,56417	88
12,56483	87
12,56550	86
12,56617	86
12,56683	85
12,56750	84
12,56817	84
12,56883	83
12,56950	82
12,57017	82
12,57083	81
12,57150	81
12,57217	80
12,57283	80
12,57350	80
12,57417	79
12,57483	79
12,57550	79
12,57617	78
12,57683	78
12,57750	78
12,57817	78
12,57883	77
12,57950	77
12,58017	77
12,58083	76
12,58150	76
12,58217	76
12,58283	75
12,58350	75
12,58417	75
12,58483	74
12,58550	74
12,58617	73
12,58683	73
12,58750	72
12,58817	72
12,58883	72
12,58950	72
12,59017	71
12,59083	71
12,59150	71
12,59217	70
12,59283	70
12,59350	70
12,59417	70
12,59483	70
12,59550	70
12,59617	70
12,59683	70
12,59750	70
12,59817	70
12,59883	70
12,59950	70
12,60017	70
12,60083	71
12,60150	71
12,60217	71
12,60283	71
12,60350	71
12,60417	71
12,60483	71
12,60550	71
12,60617	71
12,60683	71
12,60750	71
12,60817	71
12,60883	70
12,60950	70
12,61017	70
12,61083	70
12,61150	70
12,61217	70
12,61283	71
12,61350	71
12,61417	71
12,61483	71
12,61550	71
12,61617	71
12,61683	71
12,61750	71
12,61817	71
12,61883	71
12,61950	71
12,62017	71
12,62083	71
12,62150	71
12,62217	70
12,62283	70
12,62350	70
12,62417	70
12,62483	70
12,62550	69
12,62617	69
12,62683	69
12,62750	69
12,62817	69
12,62883	69
12,62950	69

