[Header]
Application Name	LabSolutions
Version	5.97
Data File Name	G:\GC data\Mara\MWH_027\27.04.2026_MWH_027_t90m_052.gcd
Output Date	30.04.2026
Output Time	14:37:09

[File Information]
Type	Data File
Generated	28.04.2026 05:28:54
Generated by	System Administrator
Modified	30.04.2026 14:37:09
Modified by	System Administrator

[Sample Information]
Operator Name	System Administrator
Acquired	28.04.2026 05:32:00
Sample Type	0:Unknown
Level	0
Sample Name	MWH_027_t90m
Sample ID	
ISTD Amount1	1
ISTD Amount2	1
ISTD Amount3	1
ISTD Amount4	1
ISTD Amount5	1
ISTD Amount6	1
ISTD Amount7	1
ISTD Amount8	1
ISTD Amount9	1
ISTD Amount10	1
ISTD Amount11	1
ISTD Amount12	1
ISTD Amount13	1
ISTD Amount14	1
ISTD Amount15	1
ISTD Amount16	1
ISTD Amount17	1
ISTD Amount18	1
ISTD Amount19	1
ISTD Amount20	1
ISTD Amount21	1
ISTD Amount22	1
ISTD Amount23	1
ISTD Amount24	1
ISTD Amount25	1
ISTD Amount26	1
ISTD Amount27	1
ISTD Amount28	1
ISTD Amount29	1
ISTD Amount30	1
ISTD Amount31	1
ISTD Amount32	1
Sample Amount	1
Dilution Factor	1
Vial#	7
Injection Volume	0,2
Injection Count	1
Bar Code	

[Original Files]
Data File	G:\GC data\Mara\27.04.2026_MWH_027_t90m_052.gcd
Method File	G:\GC data\MWH3_60-150-200_0-2uL_split50.gcm
Batch File	G:\GC data\Mara\MWH_027-029.gcb
Report Format File	c:\LabSolutions\System\DEFAULT.lsr

[File Description]


[Configuration]
Instrument Name	GC-3
Instrument #	1
Line #	1
# of Detectors	1
Detector ID	DET#4
Detector Name	FID1
# of Channels	1

[Peak Table(Ch1)]
# of Peaks	8
Peak#	R.Time	I.Time	F.Time	Area	Height	A/H	Conc.	Mark	ID#	Name	k'	Plate #	Plate Ht.	Tailing	Resolution	Sep.Factor	Area Ratio	Height Ratio	Conc. %	Norm Conc.
1	1,339	1,279	1,498	446465	323122	1,382	0,000	SV 			0,000	22630	0,000	1,442	0,000	0,000	0	0	0,000	0,000
2	1,570	1,498	1,727	7063572	5185696	1,362	0,000	 V 			0,172	32280	0,000	1,372	6,564	0,000	0	0	0,000	0,000
3	1,898	1,858	2,012	431739	295593	1,461	0,000	   			0,418	42976	0,000	1,098	9,193	2,421	0	0	0,000	0,000
4	2,037	2,012	2,124	2984	2008	1,486	0,000	 V 			0,521	46508	0,000	1,367	3,748	1,249	0	0	0,000	0,000
5	2,680	2,642	2,870	907670	619749	1,465	0,000	   			1,002	84526	0,000	1,169	17,278	1,921	0	0	0,000	0,000
6	5,522	5,488	5,619	3482	2159	1,613	0,000	   			3,124	287679	0,000	1,351	73,004	3,118	0	0	0,000	0,000
7	6,941	6,884	7,159	2091	246	8,489	0,000	   			4,184	13830	0,000	2,394	10,260	1,339	0	0	0,000	0,000
8	7,552	7,476	8,456	1440792	598483	2,407	0,000	S  			4,640	236314	0,000	0,800	4,112	1,109	0	0	0,000	0,000

[Chromatogram (Ch1)]
Interval(msec)	40
# of Points	18945
Start Time(min)	0,000
End Time(min)	12,630
R.Time (min)	Intensity
0,00017	-9
0,00083	-9
0,00150	-9
0,00217	-9
0,00283	-8
0,00350	-8
0,00417	-7
0,00483	-7
0,00550	-6
0,00617	-6
0,00683	-6
0,00750	-5
0,00817	-5
0,00883	-5
0,00950	-5
0,01017	-5
0,01083	-5
0,01150	-5
0,01217	-5
0,01283	-5
0,01350	-5
0,01417	-5
0,01483	-5
0,01550	-5
0,01617	-5
0,01683	-5
0,01750	-5
0,01817	-5
0,01883	-5
0,01950	-6
0,02017	-6
0,02083	-6
0,02150	-6
0,02217	-6
0,02283	-6
0,02350	-5
0,02417	-5
0,02483	-5
0,02550	-5
0,02617	-5
0,02683	-5
0,02750	-5
0,02817	-6
0,02883	-6
0,02950	-6
0,03017	-6
0,03083	-6
0,03150	-6
0,03217	-7
0,03283	-7
0,03350	-7
0,03417	-7
0,03483	-7
0,03550	-7
0,03617	-7
0,03683	-8
0,03750	-8
0,03817	-8
0,03883	-8
0,03950	-8
0,04017	-8
0,04083	-8
0,04150	-8
0,04217	-8
0,04283	-8
0,04350	-8
0,04417	-7
0,04483	-7
0,04550	-7
0,04617	-7
0,04683	-7
0,04750	-6
0,04817	-6
0,04883	-6
0,04950	-6
0,05017	-6
0,05083	-6
0,05150	-6
0,05217	-6
0,05283	-6
0,05350	-6
0,05417	-6
0,05483	-6
0,05550	-6
0,05617	-6
0,05683	-6
0,05750	-6
0,05817	-6
0,05883	-6
0,05950	-6
0,06017	-6
0,06083	-7
0,06150	-7
0,06217	-7
0,06283	-7
0,06350	-7
0,06417	-8
0,06483	-8
0,06550	-8
0,06617	-8
0,06683	-8
0,06750	-8
0,06817	-9
0,06883	-9
0,06950	-9
0,07017	-9
0,07083	-9
0,07150	-9
0,07217	-9
0,07283	-8
0,07350	-8
0,07417	-8
0,07483	-8
0,07550	-7
0,07617	-7
0,07683	-7
0,07750	-7
0,07817	-6
0,07883	-6
0,07950	-6
0,08017	-6
0,08083	-5
0,08150	-5
0,08217	-5
0,08283	-5
0,08350	-5
0,08417	-5
0,08483	-5
0,08550	-5
0,08617	-5
0,08683	-5
0,08750	-6
0,08817	-6
0,08883	-6
0,08950	-6
0,09017	-6
0,09083	-6
0,09150	-6
0,09217	-7
0,09283	-7
0,09350	-7
0,09417	-7
0,09483	-7
0,09550	-7
0,09617	-6
0,09683	-6
0,09750	-6
0,09817	-6
0,09883	-6
0,09950	-6
0,10017	-6
0,10083	-6
0,10150	-5
0,10217	-5
0,10283	-5
0,10350	-5
0,10417	-5
0,10483	-5
0,10550	-5
0,10617	-5
0,10683	-5
0,10750	-5
0,10817	-5
0,10883	-4
0,10950	-4
0,11017	-4
0,11083	-4
0,11150	-4
0,11217	-4
0,11283	-4
0,11350	-4
0,11417	-4
0,11483	-4
0,11550	-4
0,11617	-5
0,11683	-5
0,11750	-5
0,11817	-6
0,11883	-6
0,11950	-6
0,12017	-6
0,12083	-7
0,12150	-7
0,12217	-7
0,12283	-7
0,12350	-7
0,12417	-7
0,12483	-7
0,12550	-7
0,12617	-7
0,12683	-7
0,12750	-8
0,12817	-8
0,12883	-8
0,12950	-8
0,13017	-8
0,13083	-8
0,13150	-8
0,13217	-8
0,13283	-8
0,13350	-8
0,13417	-8
0,13483	-9
0,13550	-9
0,13617	-9
0,13683	-10
0,13750	-10
0,13817	-10
0,13883	-10
0,13950	-10
0,14017	-10
0,14083	-10
0,14150	-10
0,14217	-10
0,14283	-10
0,14350	-10
0,14417	-10
0,14483	-10
0,14550	-10
0,14617	-10
0,14683	-10
0,14750	-10
0,14817	-9
0,14883	-9
0,14950	-9
0,15017	-8
0,15083	-8
0,15150	-8
0,15217	-7
0,15283	-7
0,15350	-6
0,15417	-6
0,15483	-5
0,15550	-5
0,15617	-5
0,15683	-5
0,15750	-5
0,15817	-5
0,15883	-4
0,15950	-4
0,16017	-4
0,16083	-4
0,16150	-4
0,16217	-4
0,16283	-5
0,16350	-5
0,16417	-5
0,16483	-5
0,16550	-5
0,16617	-6
0,16683	-6
0,16750	-6
0,16817	-7
0,16883	-7
0,16950	-7
0,17017	-7
0,17083	-7
0,17150	-7
0,17217	-7
0,17283	-7
0,17350	-7
0,17417	-7
0,17483	-7
0,17550	-7
0,17617	-7
0,17683	-7
0,17750	-7
0,17817	-7
0,17883	-6
0,17950	-6
0,18017	-6
0,18083	-6
0,18150	-5
0,18217	-5
0,18283	-5
0,18350	-5
0,18417	-5
0,18483	-5
0,18550	-4
0,18617	-4
0,18683	-4
0,18750	-5
0,18817	-5
0,18883	-5
0,18950	-5
0,19017	-6
0,19083	-6
0,19150	-6
0,19217	-6
0,19283	-6
0,19350	-6
0,19417	-6
0,19483	-6
0,19550	-6
0,19617	-6
0,19683	-6
0,19750	-6
0,19817	-6
0,19883	-6
0,19950	-6
0,20017	-6
0,20083	-6
0,20150	-6
0,20217	-6
0,20283	-6
0,20350	-5
0,20417	-5
0,20483	-5
0,20550	-5
0,20617	-5
0,20683	-5
0,20750	-5
0,20817	-5
0,20883	-5
0,20950	-5
0,21017	-5
0,21083	-5
0,21150	-5
0,21217	-6
0,21283	-6
0,21350	-6
0,21417	-6
0,21483	-6
0,21550	-6
0,21617	-6
0,21683	-7
0,21750	-7
0,21817	-7
0,21883	-7
0,21950	-7
0,22017	-7
0,22083	-7
0,22150	-7
0,22217	-7
0,22283	-7
0,22350	-7
0,22417	-7
0,22483	-7
0,22550	-7
0,22617	-6
0,22683	-6
0,22750	-6
0,22817	-6
0,22883	-6
0,22950	-5
0,23017	-5
0,23083	-5
0,23150	-6
0,23217	-6
0,23283	-6
0,23350	-6
0,23417	-6
0,23483	-6
0,23550	-7
0,23617	-7
0,23683	-7
0,23750	-7
0,23817	-7
0,23883	-7
0,23950	-7
0,24017	-7
0,24083	-7
0,24150	-7
0,24217	-7
0,24283	-7
0,24350	-7
0,24417	-7
0,24483	-7
0,24550	-7
0,24617	-7
0,24683	-7
0,24750	-7
0,24817	-7
0,24883	-7
0,24950	-7
0,25017	-7
0,25083	-7
0,25150	-8
0,25217	-8
0,25283	-8
0,25350	-8
0,25417	-8
0,25483	-8
0,25550	-8
0,25617	-8
0,25683	-8
0,25750	-8
0,25817	-8
0,25883	-8
0,25950	-8
0,26017	-8
0,26083	-8
0,26150	-8
0,26217	-8
0,26283	-8
0,26350	-8
0,26417	-8
0,26483	-8
0,26550	-8
0,26617	-8
0,26683	-8
0,26750	-8
0,26817	-7
0,26883	-7
0,26950	-7
0,27017	-7
0,27083	-7
0,27150	-7
0,27217	-7
0,27283	-7
0,27350	-7
0,27417	-7
0,27483	-7
0,27550	-7
0,27617	-7
0,27683	-7
0,27750	-7
0,27817	-7
0,27883	-7
0,27950	-7
0,28017	-7
0,28083	-7
0,28150	-6
0,28217	-7
0,28283	-7
0,28350	-7
0,28417	-7
0,28483	-7
0,28550	-7
0,28617	-7
0,28683	-7
0,28750	-8
0,28817	-8
0,28883	-8
0,28950	-8
0,29017	-7
0,29083	-7
0,29150	-7
0,29217	-7
0,29283	-7
0,29350	-7
0,29417	-7
0,29483	-8
0,29550	-8
0,29617	-8
0,29683	-8
0,29750	-8
0,29817	-9
0,29883	-9
0,29950	-9
0,30017	-8
0,30083	-8
0,30150	-8
0,30217	-8
0,30283	-8
0,30350	-8
0,30417	-9
0,30483	-9
0,30550	-9
0,30617	-9
0,30683	-9
0,30750	-9
0,30817	-8
0,30883	-8
0,30950	-8
0,31017	-8
0,31083	-7
0,31150	-7
0,31217	-7
0,31283	-7
0,31350	-8
0,31417	-8
0,31483	-8
0,31550	-8
0,31617	-8
0,31683	-8
0,31750	-9
0,31817	-9
0,31883	-9
0,31950	-9
0,32017	-9
0,32083	-9
0,32150	-9
0,32217	-9
0,32283	-9
0,32350	-9
0,32417	-8
0,32483	-8
0,32550	-8
0,32617	-8
0,32683	-8
0,32750	-8
0,32817	-8
0,32883	-8
0,32950	-8
0,33017	-8
0,33083	-8
0,33150	-8
0,33217	-8
0,33283	-7
0,33350	-7
0,33417	-7
0,33483	-7
0,33550	-7
0,33617	-7
0,33683	-7
0,33750	-7
0,33817	-7
0,33883	-7
0,33950	-7
0,34017	-7
0,34083	-7
0,34150	-7
0,34217	-7
0,34283	-7
0,34350	-7
0,34417	-7
0,34483	-7
0,34550	-6
0,34617	-6
0,34683	-6
0,34750	-6
0,34817	-6
0,34883	-6
0,34950	-6
0,35017	-6
0,35083	-6
0,35150	-7
0,35217	-7
0,35283	-7
0,35350	-8
0,35417	-8
0,35483	-8
0,35550	-9
0,35617	-9
0,35683	-9
0,35750	-9
0,35817	-9
0,35883	-9
0,35950	-9
0,36017	-9
0,36083	-9
0,36150	-9
0,36217	-9
0,36283	-9
0,36350	-9
0,36417	-9
0,36483	-9
0,36550	-9
0,36617	-9
0,36683	-9
0,36750	-8
0,36817	-8
0,36883	-8
0,36950	-8
0,37017	-8
0,37083	-8
0,37150	-8
0,37217	-8
0,37283	-8
0,37350	-7
0,37417	-7
0,37483	-7
0,37550	-7
0,37617	-7
0,37683	-7
0,37750	-7
0,37817	-7
0,37883	-7
0,37950	-7
0,38017	-7
0,38083	-7
0,38150	-8
0,38217	-8
0,38283	-8
0,38350	-8
0,38417	-8
0,38483	-8
0,38550	-8
0,38617	-8
0,38683	-7
0,38750	-7
0,38817	-7
0,38883	-7
0,38950	-7
0,39017	-6
0,39083	-6
0,39150	-6
0,39217	-6
0,39283	-6
0,39350	-7
0,39417	-7
0,39483	-7
0,39550	-7
0,39617	-7
0,39683	-7
0,39750	-7
0,39817	-7
0,39883	-7
0,39950	-7
0,40017	-7
0,40083	-7
0,40150	-7
0,40217	-7
0,40283	-7
0,40350	-7
0,40417	-7
0,40483	-7
0,40550	-8
0,40617	-8
0,40683	-8
0,40750	-8
0,40817	-8
0,40883	-8
0,40950	-8
0,41017	-8
0,41083	-8
0,41150	-8
0,41217	-8
0,41283	-8
0,41350	-8
0,41417	-9
0,41483	-9
0,41550	-9
0,41617	-9
0,41683	-9
0,41750	-9
0,41817	-9
0,41883	-9
0,41950	-9
0,42017	-9
0,42083	-9
0,42150	-10
0,42217	-10
0,42283	-10
0,42350	-10
0,42417	-10
0,42483	-10
0,42550	-10
0,42617	-10
0,42683	-10
0,42750	-10
0,42817	-10
0,42883	-10
0,42950	-9
0,43017	-9
0,43083	-9
0,43150	-9
0,43217	-9
0,43283	-9
0,43350	-8
0,43417	-8
0,43483	-8
0,43550	-8
0,43617	-8
0,43683	-7
0,43750	-7
0,43817	-7
0,43883	-7
0,43950	-7
0,44017	-7
0,44083	-7
0,44150	-7
0,44217	-8
0,44283	-8
0,44350	-8
0,44417	-8
0,44483	-8
0,44550	-8
0,44617	-8
0,44683	-8
0,44750	-8
0,44817	-7
0,44883	-7
0,44950	-6
0,45017	-6
0,45083	-6
0,45150	-6
0,45217	-5
0,45283	-5
0,45350	-5
0,45417	-5
0,45483	-5
0,45550	-6
0,45617	-6
0,45683	-6
0,45750	-7
0,45817	-7
0,45883	-7
0,45950	-8
0,46017	-8
0,46083	-8
0,46150	-8
0,46217	-9
0,46283	-9
0,46350	-8
0,46417	-8
0,46483	-8
0,46550	-8
0,46617	-8
0,46683	-8
0,46750	-7
0,46817	-7
0,46883	-7
0,46950	-7
0,47017	-7
0,47083	-7
0,47150	-6
0,47217	-6
0,47283	-6
0,47350	-6
0,47417	-5
0,47483	-5
0,47550	-5
0,47617	-4
0,47683	-4
0,47750	-4
0,47817	-4
0,47883	-4
0,47950	-3
0,48017	-3
0,48083	-3
0,48150	-3
0,48217	-3
0,48283	-2
0,48350	-2
0,48417	-2
0,48483	-2
0,48550	-2
0,48617	-2
0,48683	-2
0,48750	-2
0,48817	-2
0,48883	-2
0,48950	-2
0,49017	-2
0,49083	-3
0,49150	-2
0,49217	-2
0,49283	-2
0,49350	-2
0,49417	-2
0,49483	-2
0,49550	-1
0,49617	-1
0,49683	-1
0,49750	-1
0,49817	-2
0,49883	-2
0,49950	-2
0,50017	-2
0,50083	-3
0,50150	-3
0,50217	-3
0,50283	-3
0,50350	-3
0,50417	-3
0,50483	-3
0,50550	-3
0,50617	-3
0,50683	-3
0,50750	-3
0,50817	-4
0,50883	-4
0,50950	-4
0,51017	-5
0,51083	-5
0,51150	-5
0,51217	-5
0,51283	-5
0,51350	-5
0,51417	-5
0,51483	-5
0,51550	-5
0,51617	-5
0,51683	-5
0,51750	-5
0,51817	-5
0,51883	-5
0,51950	-5
0,52017	-5
0,52083	-5
0,52150	-5
0,52217	-6
0,52283	-6
0,52350	-6
0,52417	-6
0,52483	-6
0,52550	-6
0,52617	-6
0,52683	-6
0,52750	-5
0,52817	-5
0,52883	-5
0,52950	-5
0,53017	-5
0,53083	-5
0,53150	-5
0,53217	-5
0,53283	-5
0,53350	-5
0,53417	-5
0,53483	-5
0,53550	-5
0,53617	-6
0,53683	-6
0,53750	-6
0,53817	-5
0,53883	-5
0,53950	-5
0,54017	-5
0,54083	-5
0,54150	-5
0,54217	-4
0,54283	-4
0,54350	-4
0,54417	-4
0,54483	-4
0,54550	-4
0,54617	-3
0,54683	-3
0,54750	-3
0,54817	-3
0,54883	-3
0,54950	-3
0,55017	-3
0,55083	-3
0,55150	-3
0,55217	-4
0,55283	-4
0,55350	-4
0,55417	-4
0,55483	-4
0,55550	-4
0,55617	-4
0,55683	-4
0,55750	-4
0,55817	-3
0,55883	-3
0,55950	-3
0,56017	-4
0,56083	-4
0,56150	-4
0,56217	-4
0,56283	-4
0,56350	-4
0,56417	-4
0,56483	-4
0,56550	-4
0,56617	-4
0,56683	-4
0,56750	-4
0,56817	-4
0,56883	-4
0,56950	-4
0,57017	-4
0,57083	-4
0,57150	-4
0,57217	-4
0,57283	-4
0,57350	-4
0,57417	-4
0,57483	-4
0,57550	-4
0,57617	-4
0,57683	-4
0,57750	-4
0,57817	-4
0,57883	-4
0,57950	-4
0,58017	-4
0,58083	-3
0,58150	-3
0,58217	-3
0,58283	-3
0,58350	-3
0,58417	-3
0,58483	-3
0,58550	-3
0,58617	-3
0,58683	-3
0,58750	-2
0,58817	-2
0,58883	-2
0,58950	-2
0,59017	-1
0,59083	-1
0,59150	-1
0,59217	-0
0,59283	0
0,59350	0
0,59417	0
0,59483	0
0,59550	1
0,59617	1
0,59683	1
0,59750	1
0,59817	1
0,59883	0
0,59950	0
0,60017	0
0,60083	-0
0,60150	-0
0,60217	-1
0,60283	-1
0,60350	-1
0,60417	-1
0,60483	-1
0,60550	-1
0,60617	-1
0,60683	-1
0,60750	-1
0,60817	-1
0,60883	-2
0,60950	-2
0,61017	-2
0,61083	-2
0,61150	-2
0,61217	-2
0,61283	-2
0,61350	-2
0,61417	-2
0,61483	-2
0,61550	-2
0,61617	-3
0,61683	-3
0,61750	-3
0,61817	-3
0,61883	-3
0,61950	-4
0,62017	-4
0,62083	-4
0,62150	-4
0,62217	-5
0,62283	-5
0,62350	-5
0,62417	-5
0,62483	-6
0,62550	-6
0,62617	-6
0,62683	-6
0,62750	-7
0,62817	-7
0,62883	-7
0,62950	-7
0,63017	-7
0,63083	-7
0,63150	-7
0,63217	-7
0,63283	-7
0,63350	-7
0,63417	-7
0,63483	-7
0,63550	-7
0,63617	-7
0,63683	-7
0,63750	-7
0,63817	-7
0,63883	-7
0,63950	-7
0,64017	-7
0,64083	-7
0,64150	-7
0,64217	-7
0,64283	-7
0,64350	-7
0,64417	-7
0,64483	-7
0,64550	-7
0,64617	-7
0,64683	-7
0,64750	-7
0,64817	-7
0,64883	-7
0,64950	-7
0,65017	-7
0,65083	-7
0,65150	-7
0,65217	-7
0,65283	-7
0,65350	-7
0,65417	-6
0,65483	-6
0,65550	-6
0,65617	-6
0,65683	-5
0,65750	-5
0,65817	-5
0,65883	-4
0,65950	-4
0,66017	-4
0,66083	-4
0,66150	-4
0,66217	-4
0,66283	-4
0,66350	-3
0,66417	-3
0,66483	-3
0,66550	-3
0,66617	-3
0,66683	-3
0,66750	-3
0,66817	-3
0,66883	-4
0,66950	-4
0,67017	-4
0,67083	-4
0,67150	-5
0,67217	-5
0,67283	-5
0,67350	-5
0,67417	-5
0,67483	-5
0,67550	-5
0,67617	-5
0,67683	-5
0,67750	-5
0,67817	-5
0,67883	-4
0,67950	-4
0,68017	-4
0,68083	-4
0,68150	-4
0,68217	-4
0,68283	-4
0,68350	-4
0,68417	-4
0,68483	-4
0,68550	-4
0,68617	-4
0,68683	-4
0,68750	-4
0,68817	-4
0,68883	-4
0,68950	-4
0,69017	-4
0,69083	-5
0,69150	-5
0,69217	-5
0,69283	-5
0,69350	-5
0,69417	-5
0,69483	-5
0,69550	-5
0,69617	-5
0,69683	-5
0,69750	-6
0,69817	-6
0,69883	-6
0,69950	-6
0,70017	-6
0,70083	-6
0,70150	-7
0,70217	-7
0,70283	-7
0,70350	-7
0,70417	-7
0,70483	-6
0,70550	-6
0,70617	-6
0,70683	-6
0,70750	-6
0,70817	-6
0,70883	-6
0,70950	-6
0,71017	-6
0,71083	-6
0,71150	-6
0,71217	-6
0,71283	-6
0,71350	-5
0,71417	-5
0,71483	-5
0,71550	-4
0,71617	-4
0,71683	-4
0,71750	-3
0,71817	-3
0,71883	-3
0,71950	-3
0,72017	-3
0,72083	-2
0,72150	-2
0,72217	-2
0,72283	-2
0,72350	-2
0,72417	-2
0,72483	-3
0,72550	-3
0,72617	-3
0,72683	-3
0,72750	-3
0,72817	-3
0,72883	-3
0,72950	-3
0,73017	-3
0,73083	-3
0,73150	-3
0,73217	-3
0,73283	-3
0,73350	-3
0,73417	-3
0,73483	-3
0,73550	-3
0,73617	-3
0,73683	-3
0,73750	-3
0,73817	-3
0,73883	-3
0,73950	-3
0,74017	-4
0,74083	-4
0,74150	-4
0,74217	-4
0,74283	-4
0,74350	-5
0,74417	-5
0,74483	-5
0,74550	-6
0,74617	-6
0,74683	-6
0,74750	-6
0,74817	-6
0,74883	-7
0,74950	-7
0,75017	-7
0,75083	-7
0,75150	-7
0,75217	-8
0,75283	-8
0,75350	-8
0,75417	-9
0,75483	-9
0,75550	-9
0,75617	-9
0,75683	-9
0,75750	-9
0,75817	-9
0,75883	-8
0,75950	-8
0,76017	-8
0,76083	-8
0,76150	-7
0,76217	-7
0,76283	-7
0,76350	-7
0,76417	-7
0,76483	-7
0,76550	-6
0,76617	-6
0,76683	-6
0,76750	-6
0,76817	-6
0,76883	-6
0,76950	-6
0,77017	-6
0,77083	-6
0,77150	-6
0,77217	-6
0,77283	-6
0,77350	-6
0,77417	-6
0,77483	-6
0,77550	-6
0,77617	-6
0,77683	-7
0,77750	-7
0,77817	-7
0,77883	-7
0,77950	-7
0,78017	-6
0,78083	-6
0,78150	-6
0,78217	-6
0,78283	-6
0,78350	-5
0,78417	-5
0,78483	-5
0,78550	-4
0,78617	-4
0,78683	-3
0,78750	-3
0,78817	-3
0,78883	-3
0,78950	-2
0,79017	-2
0,79083	-2
0,79150	-2
0,79217	-2
0,79283	-2
0,79350	-2
0,79417	-2
0,79483	-2
0,79550	-2
0,79617	-2
0,79683	-2
0,79750	-2
0,79817	-2
0,79883	-3
0,79950	-3
0,80017	-3
0,80083	-3
0,80150	-3
0,80217	-3
0,80283	-4
0,80350	-4
0,80417	-4
0,80483	-4
0,80550	-4
0,80617	-4
0,80683	-4
0,80750	-5
0,80817	-5
0,80883	-5
0,80950	-5
0,81017	-5
0,81083	-5
0,81150	-6
0,81217	-6
0,81283	-6
0,81350	-6
0,81417	-7
0,81483	-7
0,81550	-7
0,81617	-8
0,81683	-8
0,81750	-9
0,81817	-9
0,81883	-10
0,81950	-11
0,82017	-11
0,82083	-11
0,82150	-11
0,82217	-11
0,82283	-11
0,82350	-11
0,82417	-11
0,82483	-11
0,82550	-11
0,82617	-12
0,82683	-12
0,82750	-12
0,82817	-12
0,82883	-12
0,82950	-12
0,83017	-12
0,83083	-12
0,83150	-12
0,83217	-12
0,83283	-12
0,83350	-11
0,83417	-11
0,83483	-11
0,83550	-11
0,83617	-11
0,83683	-11
0,83750	-11
0,83817	-11
0,83883	-11
0,83950	-11
0,84017	-11
0,84083	-11
0,84150	-11
0,84217	-12
0,84283	-12
0,84350	-12
0,84417	-11
0,84483	-11
0,84550	-11
0,84617	-11
0,84683	-12
0,84750	-12
0,84817	-12
0,84883	-12
0,84950	-12
0,85017	-12
0,85083	-12
0,85150	-13
0,85217	-13
0,85283	-13
0,85350	-14
0,85417	-14
0,85483	-14
0,85550	-14
0,85617	-14
0,85683	-14
0,85750	-14
0,85817	-14
0,85883	-13
0,85950	-13
0,86017	-13
0,86083	-13
0,86150	-13
0,86217	-13
0,86283	-13
0,86350	-12
0,86417	-12
0,86483	-12
0,86550	-12
0,86617	-11
0,86683	-11
0,86750	-11
0,86817	-11
0,86883	-11
0,86950	-11
0,87017	-11
0,87083	-11
0,87150	-11
0,87217	-11
0,87283	-11
0,87350	-11
0,87417	-11
0,87483	-12
0,87550	-12
0,87617	-12
0,87683	-12
0,87750	-12
0,87817	-12
0,87883	-12
0,87950	-13
0,88017	-13
0,88083	-13
0,88150	-13
0,88217	-13
0,88283	-14
0,88350	-14
0,88417	-14
0,88483	-13
0,88550	-13
0,88617	-13
0,88683	-13
0,88750	-13
0,88817	-12
0,88883	-12
0,88950	-12
0,89017	-12
0,89083	-11
0,89150	-11
0,89217	-11
0,89283	-11
0,89350	-11
0,89417	-11
0,89483	-10
0,89550	-10
0,89617	-10
0,89683	-10
0,89750	-10
0,89817	-9
0,89883	-9
0,89950	-9
0,90017	-9
0,90083	-8
0,90150	-8
0,90217	-8
0,90283	-8
0,90350	-8
0,90417	-8
0,90483	-8
0,90550	-8
0,90617	-8
0,90683	-8
0,90750	-8
0,90817	-8
0,90883	-8
0,90950	-8
0,91017	-8
0,91083	-8
0,91150	-9
0,91217	-9
0,91283	-9
0,91350	-9
0,91417	-10
0,91483	-10
0,91550	-10
0,91617	-10
0,91683	-10
0,91750	-10
0,91817	-10
0,91883	-10
0,91950	-11
0,92017	-11
0,92083	-11
0,92150	-11
0,92217	-12
0,92283	-12
0,92350	-12
0,92417	-13
0,92483	-13
0,92550	-13
0,92617	-13
0,92683	-13
0,92750	-13
0,92817	-13
0,92883	-12
0,92950	-12
0,93017	-12
0,93083	-13
0,93150	-13
0,93217	-13
0,93283	-13
0,93350	-13
0,93417	-13
0,93483	-14
0,93550	-14
0,93617	-14
0,93683	-14
0,93750	-15
0,93817	-15
0,93883	-15
0,93950	-15
0,94017	-15
0,94083	-15
0,94150	-14
0,94217	-14
0,94283	-14
0,94350	-14
0,94417	-14
0,94483	-14
0,94550	-14
0,94617	-14
0,94683	-14
0,94750	-14
0,94817	-14
0,94883	-15
0,94950	-15
0,95017	-15
0,95083	-15
0,95150	-15
0,95217	-15
0,95283	-15
0,95350	-15
0,95417	-15
0,95483	-15
0,95550	-15
0,95617	-15
0,95683	-15
0,95750	-15
0,95817	-15
0,95883	-15
0,95950	-15
0,96017	-15
0,96083	-15
0,96150	-15
0,96217	-15
0,96283	-15
0,96350	-15
0,96417	-15
0,96483	-14
0,96550	-14
0,96617	-14
0,96683	-14
0,96750	-14
0,96817	-14
0,96883	-14
0,96950	-14
0,97017	-14
0,97083	-14
0,97150	-14
0,97217	-14
0,97283	-14
0,97350	-13
0,97417	-13
0,97483	-13
0,97550	-12
0,97617	-12
0,97683	-12
0,97750	-12
0,97817	-12
0,97883	-12
0,97950	-12
0,98017	-12
0,98083	-12
0,98150	-12
0,98217	-12
0,98283	-12
0,98350	-13
0,98417	-13
0,98483	-13
0,98550	-13
0,98617	-13
0,98683	-13
0,98750	-13
0,98817	-13
0,98883	-13
0,98950	-13
0,99017	-13
0,99083	-12
0,99150	-12
0,99217	-12
0,99283	-12
0,99350	-12
0,99417	-12
0,99483	-12
0,99550	-11
0,99617	-11
0,99683	-11
0,99750	-11
0,99817	-12
0,99883	-12
0,99950	-12
1,00017	-12
1,00083	-12
1,00150	-12
1,00217	-12
1,00283	-12
1,00350	-12
1,00417	-12
1,00483	-12
1,00550	-12
1,00617	-12
1,00683	-12
1,00750	-12
1,00817	-12
1,00883	-12
1,00950	-12
1,01017	-12
1,01083	-12
1,01150	-13
1,01217	-13
1,01283	-13
1,01350	-13
1,01417	-13
1,01483	-13
1,01550	-13
1,01617	-13
1,01683	-13
1,01750	-13
1,01817	-14
1,01883	-14
1,01950	-14
1,02017	-14
1,02083	-14
1,02150	-14
1,02217	-14
1,02283	-14
1,02350	-14
1,02417	-14
1,02483	-14
1,02550	-14
1,02617	-15
1,02683	-15
1,02750	-15
1,02817	-15
1,02883	-15
1,02950	-16
1,03017	-16
1,03083	-16
1,03150	-16
1,03217	-17
1,03283	-17
1,03350	-17
1,03417	-17
1,03483	-17
1,03550	-17
1,03617	-17
1,03683	-17
1,03750	-17
1,03817	-17
1,03883	-17
1,03950	-17
1,04017	-17
1,04083	-17
1,04150	-17
1,04217	-17
1,04283	-17
1,04350	-17
1,04417	-17
1,04483	-17
1,04550	-17
1,04617	-17
1,04683	-17
1,04750	-16
1,04817	-16
1,04883	-16
1,04950	-16
1,05017	-16
1,05083	-16
1,05150	-16
1,05217	-16
1,05283	-16
1,05350	-16
1,05417	-16
1,05483	-16
1,05550	-16
1,05617	-16
1,05683	-16
1,05750	-16
1,05817	-16
1,05883	-16
1,05950	-16
1,06017	-16
1,06083	-17
1,06150	-17
1,06217	-17
1,06283	-17
1,06350	-17
1,06417	-17
1,06483	-17
1,06550	-18
1,06617	-18
1,06683	-18
1,06750	-18
1,06817	-18
1,06883	-18
1,06950	-18
1,07017	-18
1,07083	-18
1,07150	-18
1,07217	-18
1,07283	-18
1,07350	-18
1,07417	-18
1,07483	-18
1,07550	-18
1,07617	-18
1,07683	-17
1,07750	-17
1,07817	-17
1,07883	-17
1,07950	-17
1,08017	-17
1,08083	-17
1,08150	-17
1,08217	-16
1,08283	-16
1,08350	-16
1,08417	-16
1,08483	-16
1,08550	-15
1,08617	-15
1,08683	-15
1,08750	-15
1,08817	-16
1,08883	-16
1,08950	-16
1,09017	-16
1,09083	-16
1,09150	-16
1,09217	-16
1,09283	-16
1,09350	-16
1,09417	-16
1,09483	-16
1,09550	-16
1,09617	-16
1,09683	-16
1,09750	-16
1,09817	-16
1,09883	-16
1,09950	-16
1,10017	-16
1,10083	-16
1,10150	-16
1,10217	-16
1,10283	-16
1,10350	-16
1,10417	-16
1,10483	-15
1,10550	-15
1,10617	-15
1,10683	-15
1,10750	-15
1,10817	-15
1,10883	-15
1,10950	-15
1,11017	-15
1,11083	-15
1,11150	-15
1,11217	-15
1,11283	-15
1,11350	-15
1,11417	-15
1,11483	-15
1,11550	-14
1,11617	-14
1,11683	-14
1,11750	-14
1,11817	-14
1,11883	-14
1,11950	-14
1,12017	-14
1,12083	-14
1,12150	-14
1,12217	-14
1,12283	-14
1,12350	-14
1,12417	-14
1,12483	-14
1,12550	-14
1,12617	-14
1,12683	-14
1,12750	-15
1,12817	-15
1,12883	-15
1,12950	-15
1,13017	-15
1,13083	-15
1,13150	-15
1,13217	-15
1,13283	-16
1,13350	-16
1,13417	-16
1,13483	-16
1,13550	-16
1,13617	-16
1,13683	-16
1,13750	-16
1,13817	-15
1,13883	-15
1,13950	-14
1,14017	-12
1,14083	-9
1,14150	-6
1,14217	-1
1,14283	6
1,14350	15
1,14417	26
1,14483	39
1,14550	54
1,14617	72
1,14683	92
1,14750	113
1,14817	135
1,14883	157
1,14950	179
1,15017	200
1,15083	220
1,15150	238
1,15217	253
1,15283	266
1,15350	276
1,15417	284
1,15483	289
1,15550	292
1,15617	293
1,15683	293
1,15750	290
1,15817	286
1,15883	281
1,15950	275
1,16017	269
1,16083	261
1,16150	254
1,16217	246
1,16283	237
1,16350	229
1,16417	220
1,16483	212
1,16550	204
1,16617	196
1,16683	188
1,16750	180
1,16817	173
1,16883	166
1,16950	159
1,17017	152
1,17083	145
1,17150	139
1,17217	132
1,17283	126
1,17350	120
1,17417	114
1,17483	108
1,17550	102
1,17617	97
1,17683	92
1,17750	87
1,17817	82
1,17883	77
1,17950	72
1,18017	68
1,18083	64
1,18150	60
1,18217	57
1,18283	53
1,18350	50
1,18417	47
1,18483	45
1,18550	42
1,18617	40
1,18683	38
1,18750	36
1,18817	35
1,18883	33
1,18950	32
1,19017	31
1,19083	30
1,19150	29
1,19217	28
1,19283	28
1,19350	28
1,19417	28
1,19483	28
1,19550	29
1,19617	30
1,19683	30
1,19750	32
1,19817	33
1,19883	34
1,19950	36
1,20017	38
1,20083	39
1,20150	41
1,20217	42
1,20283	43
1,20350	44
1,20417	45
1,20483	45
1,20550	45
1,20617	45
1,20683	45
1,20750	45
1,20817	45
1,20883	44
1,20950	43
1,21017	43
1,21083	41
1,21150	40
1,21217	39
1,21283	37
1,21350	35
1,21417	34
1,21483	32
1,21550	30
1,21617	29
1,21683	27
1,21750	26
1,21817	24
1,21883	22
1,21950	21
1,22017	19
1,22083	18
1,22150	16
1,22217	14
1,22283	13
1,22350	11
1,22417	10
1,22483	9
1,22550	8
1,22617	7
1,22683	6
1,22750	6
1,22817	5
1,22883	4
1,22950	4
1,23017	3
1,23083	3
1,23150	2
1,23217	2
1,23283	1
1,23350	1
1,23417	2
1,23483	2
1,23550	3
1,23617	5
1,23683	8
1,23750	12
1,23817	18
1,23883	25
1,23950	34
1,24017	46
1,24083	58
1,24150	73
1,24217	89
1,24283	106
1,24350	124
1,24417	142
1,24483	160
1,24550	178
1,24617	195
1,24683	211
1,24750	225
1,24817	239
1,24883	251
1,24950	261
1,25017	269
1,25083	276
1,25150	281
1,25217	284
1,25283	285
1,25350	284
1,25417	282
1,25483	278
1,25550	273
1,25617	267
1,25683	260
1,25750	252
1,25817	243
1,25883	234
1,25950	225
1,26017	215
1,26083	206
1,26150	196
1,26217	186
1,26283	176
1,26350	167
1,26417	157
1,26483	149
1,26550	140
1,26617	132
1,26683	124
1,26750	116
1,26817	109
1,26883	102
1,26950	95
1,27017	89
1,27083	83
1,27150	78
1,27217	72
1,27283	67
1,27350	62
1,27417	58
1,27483	54
1,27550	50
1,27617	46
1,27683	43
1,27750	41
1,27817	39
1,27883	38
1,27950	37
1,28017	38
1,28083	41
1,28150	45
1,28217	51
1,28283	59
1,28350	69
1,28417	81
1,28483	96
1,28550	113
1,28617	132
1,28683	154
1,28750	178
1,28817	203
1,28883	231
1,28950	260
1,29017	290
1,29083	321
1,29150	351
1,29217	382
1,29283	411
1,29350	439
1,29417	464
1,29483	487
1,29550	506
1,29617	523
1,29683	535
1,29750	544
1,29817	549
1,29883	551
1,29950	549
1,30017	545
1,30083	537
1,30150	527
1,30217	514
1,30283	499
1,30350	483
1,30417	465
1,30483	445
1,30550	426
1,30617	405
1,30683	385
1,30750	364
1,30817	343
1,30883	322
1,30950	302
1,31017	283
1,31083	264
1,31150	247
1,31217	230
1,31283	214
1,31350	200
1,31417	187
1,31483	177
1,31550	173
1,31617	178
1,31683	202
1,31750	264
1,31817	400
1,31883	677
1,31950	1197
1,32017	2106
1,32083	3581
1,32150	5846
1,32217	9146
1,32283	13757
1,32350	19940
1,32417	27921
1,32483	37863
1,32550	49845
1,32617	63843
1,32683	79724
1,32750	97256
1,32817	116121
1,32883	135936
1,32950	156291
1,33017	176764
1,33083	196953
1,33150	216491
1,33217	235070
1,33283	252431
1,33350	268369
1,33417	282715
1,33483	295350
1,33550	306173
1,33617	315108
1,33683	322095
1,33750	327096
1,33817	330094
1,33883	331102
1,33950	330159
1,34017	327334
1,34083	322736
1,34150	316500
1,34217	308790
1,34283	299791
1,34350	289702
1,34417	278728
1,34483	267072
1,34550	254929
1,34617	242478
1,34683	229880
1,34750	217278
1,34817	204795
1,34883	192533
1,34950	180575
1,35017	168990
1,35083	157828
1,35150	147127
1,35217	136913
1,35283	127203
1,35350	118005
1,35417	109319
1,35483	101140
1,35550	93460
1,35617	86264
1,35683	79538
1,35750	73262
1,35817	67418
1,35883	61985
1,35950	56942
1,36017	52269
1,36083	47943
1,36150	43945
1,36217	40253
1,36283	36849
1,36350	33713
1,36417	30827
1,36483	28173
1,36550	25736
1,36617	23499
1,36683	21448
1,36750	19568
1,36817	17847
1,36883	16272
1,36950	14831
1,37017	13515
1,37083	12312
1,37150	11215
1,37217	10213
1,37283	9300
1,37350	8467
1,37417	7708
1,37483	7018
1,37550	6389
1,37617	5816
1,37683	5296
1,37750	4822
1,37817	4392
1,37883	4001
1,37950	3646
1,38017	3323
1,38083	3029
1,38150	2763
1,38217	2521
1,38283	2302
1,38350	2102
1,38417	1922
1,38483	1757
1,38550	1609
1,38617	1473
1,38683	1351
1,38750	1240
1,38817	1139
1,38883	1048
1,38950	965
1,39017	889
1,39083	821
1,39150	759
1,39217	703
1,39283	652
1,39350	606
1,39417	564
1,39483	525
1,39550	491
1,39617	459
1,39683	430
1,39750	403
1,39817	379
1,39883	357
1,39950	336
1,40017	318
1,40083	301
1,40150	286
1,40217	272
1,40283	258
1,40350	246
1,40417	235
1,40483	224
1,40550	215
1,40617	206
1,40683	198
1,40750	190
1,40817	183
1,40883	177
1,40950	171
1,41017	166
1,41083	161
1,41150	156
1,41217	152
1,41283	148
1,41350	144
1,41417	140
1,41483	137
1,41550	133
1,41617	130
1,41683	127
1,41750	124
1,41817	122
1,41883	119
1,41950	116
1,42017	114
1,42083	111
1,42150	109
1,42217	107
1,42283	104
1,42350	102
1,42417	100
1,42483	98
1,42550	96
1,42617	94
1,42683	92
1,42750	90
1,42817	89
1,42883	87
1,42950	85
1,43017	84
1,43083	82
1,43150	81
1,43217	80
1,43283	79
1,43350	79
1,43417	79
1,43483	80
1,43550	83
1,43617	87
1,43683	93
1,43750	102
1,43817	113
1,43883	128
1,43950	147
1,44017	170
1,44083	197
1,44150	228
1,44217	262
1,44283	300
1,44350	340
1,44417	382
1,44483	425
1,44550	467
1,44617	509
1,44683	548
1,44750	585
1,44817	620
1,44883	650
1,44950	677
1,45017	700
1,45083	719
1,45150	733
1,45217	743
1,45283	749
1,45350	751
1,45417	749
1,45483	742
1,45550	733
1,45617	719
1,45683	703
1,45750	684
1,45817	662
1,45883	639
1,45950	614
1,46017	589
1,46083	562
1,46150	535
1,46217	508
1,46283	482
1,46350	455
1,46417	430
1,46483	405
1,46550	381
1,46617	358
1,46683	335
1,46750	314
1,46817	294
1,46883	275
1,46950	257
1,47017	240
1,47083	224
1,47150	209
1,47217	195
1,47283	182
1,47350	169
1,47417	158
1,47483	147
1,47550	137
1,47617	128
1,47683	120
1,47750	112
1,47817	105
1,47883	98
1,47950	92
1,48017	86
1,48083	80
1,48150	75
1,48217	70
1,48283	66
1,48350	62
1,48417	59
1,48483	56
1,48550	53
1,48617	50
1,48683	48
1,48750	46
1,48817	45
1,48883	43
1,48950	42
1,49017	41
1,49083	40
1,49150	39
1,49217	38
1,49283	37
1,49350	36
1,49417	36
1,49483	36
1,49550	36
1,49617	36
1,49683	36
1,49750	36
1,49817	37
1,49883	37
1,49950	37
1,50017	37
1,50083	38
1,50150	38
1,50217	38
1,50283	39
1,50350	39
1,50417	40
1,50483	41
1,50550	42
1,50617	42
1,50683	43
1,50750	44
1,50817	45
1,50883	46
1,50950	47
1,51017	49
1,51083	50
1,51150	52
1,51217	54
1,51283	56
1,51350	58
1,51417	61
1,51483	64
1,51550	68
1,51617	72
1,51683	77
1,51750	83
1,51817	89
1,51883	97
1,51950	107
1,52017	118
1,52083	131
1,52150	148
1,52217	167
1,52283	191
1,52350	219
1,52417	251
1,52483	290
1,52550	334
1,52617	383
1,52683	437
1,52750	496
1,52817	559
1,52883	624
1,52950	691
1,53017	758
1,53083	825
1,53150	890
1,53217	952
1,53283	1010
1,53350	1064
1,53417	1112
1,53483	1155
1,53550	1192
1,53617	1222
1,53683	1245
1,53750	1262
1,53817	1273
1,53883	1276
1,53950	1273
1,54017	1265
1,54083	1253
1,54150	1241
1,54217	1232
1,54283	1238
1,54350	1279
1,54417	1396
1,54483	1672
1,54550	2243
1,54617	3324
1,54683	5233
1,54750	8447
1,54817	13631
1,54883	21711
1,54950	33889
1,55017	51704
1,55083	77027
1,55150	112049
1,55217	159249
1,55283	221288
1,55350	300898
1,55417	400720
1,55483	523230
1,55550	670204
1,55617	842928
1,55683	1041778
1,55750	1266351
1,55817	1515005
1,55883	1785215
1,55950	2073535
1,56017	2375813
1,56083	2687103
1,56150	3001820
1,56217	3314005
1,56283	3617871
1,56350	3908170
1,56417	4179925
1,56483	4428762
1,56550	4650954
1,56617	4843521
1,56683	5003794
1,56750	5130056
1,56817	5221386
1,56883	5277611
1,56950	5299366
1,57017	5287736
1,57083	5244404
1,57150	5171474
1,57217	5071615
1,57283	4947727
1,57350	4802980
1,57417	4640600
1,57483	4463912
1,57550	4276138
1,57617	4080396
1,57683	3879554
1,57750	3676237
1,57817	3472762
1,57883	3271143
1,57950	3073070
1,58017	2879940
1,58083	2692860
1,58150	2512686
1,58217	2340044
1,58283	2175367
1,58350	2018918
1,58417	1870820
1,58483	1731081
1,58550	1599614
1,58617	1476258
1,58683	1360791
1,58750	1252949
1,58817	1152431
1,58883	1058917
1,58950	972069
1,59017	891541
1,59083	816985
1,59150	748054
1,59217	684407
1,59283	625711
1,59350	571643
1,59417	521893
1,59483	476161
1,59550	434165
1,59617	395636
1,59683	360317
1,59750	327968
1,59817	298364
1,59883	271291
1,59950	246551
1,60017	223959
1,60083	203342
1,60150	184540
1,60217	167403
1,60283	151794
1,60350	137583
1,60417	124653
1,60483	112895
1,60550	102208
1,60617	92499
1,60683	83682
1,60750	75681
1,60817	68421
1,60883	61839
1,60950	55872
1,61017	50466
1,61083	45570
1,61150	41137
1,61217	37125
1,61283	33497
1,61350	30215
1,61417	27248
1,61483	24567
1,61550	22145
1,61617	19958
1,61683	17983
1,61750	16201
1,61817	14592
1,61883	13142
1,61950	11834
1,62017	10655
1,62083	9592
1,62150	8634
1,62217	7771
1,62283	6994
1,62350	6295
1,62417	5665
1,62483	5098
1,62550	4588
1,62617	4130
1,62683	3717
1,62750	3347
1,62817	3013
1,62883	2713
1,62950	2444
1,63017	2201
1,63083	1983
1,63150	1788
1,63217	1612
1,63283	1455
1,63350	1313
1,63417	1186
1,63483	1072
1,63550	970
1,63617	879
1,63683	796
1,63750	723
1,63817	657
1,63883	597
1,63950	544
1,64017	496
1,64083	453
1,64150	414
1,64217	379
1,64283	347
1,64350	319
1,64417	294
1,64483	271
1,64550	250
1,64617	232
1,64683	215
1,64750	200
1,64817	187
1,64883	175
1,64950	164
1,65017	153
1,65083	144
1,65150	136
1,65217	129
1,65283	122
1,65350	116
1,65417	111
1,65483	106
1,65550	101
1,65617	97
1,65683	93
1,65750	90
1,65817	86
1,65883	84
1,65950	81
1,66017	79
1,66083	77
1,66150	75
1,66217	73
1,66283	72
1,66350	70
1,66417	68
1,66483	67
1,66550	66
1,66617	64
1,66683	63
1,66750	62
1,66817	61
1,66883	60
1,66950	60
1,67017	59
1,67083	58
1,67150	56
1,67217	55
1,67283	54
1,67350	53
1,67417	52
1,67483	51
1,67550	51
1,67617	50
1,67683	49
1,67750	49
1,67817	48
1,67883	47
1,67950	47
1,68017	46
1,68083	46
1,68150	45
1,68217	45
1,68283	44
1,68350	44
1,68417	43
1,68483	43
1,68550	42
1,68617	42
1,68683	42
1,68750	41
1,68817	41
1,68883	41
1,68950	40
1,69017	40
1,69083	39
1,69150	39
1,69217	38
1,69283	37
1,69350	36
1,69417	36
1,69483	35
1,69550	35
1,69617	34
1,69683	34
1,69750	33
1,69817	33
1,69883	33
1,69950	33
1,70017	32
1,70083	32
1,70150	31
1,70217	31
1,70283	30
1,70350	30
1,70417	29
1,70483	28
1,70550	28
1,70617	27
1,70683	27
1,70750	26
1,70817	26
1,70883	26
1,70950	25
1,71017	25
1,71083	24
1,71150	23
1,71217	23
1,71283	22
1,71350	22
1,71417	21
1,71483	21
1,71550	21
1,71617	20
1,71683	20
1,71750	19
1,71817	19
1,71883	19
1,71950	19
1,72017	19
1,72083	18
1,72150	18
1,72217	18
1,72283	18
1,72350	18
1,72417	18
1,72483	18
1,72550	18
1,72617	19
1,72683	19
1,72750	19
1,72817	19
1,72883	19
1,72950	19
1,73017	19
1,73083	19
1,73150	19
1,73217	19
1,73283	19
1,73350	19
1,73417	18
1,73483	18
1,73550	17
1,73617	17
1,73683	17
1,73750	16
1,73817	16
1,73883	16
1,73950	16
1,74017	16
1,74083	16
1,74150	16
1,74217	16
1,74283	16
1,74350	16
1,74417	15
1,74483	15
1,74550	15
1,74617	14
1,74683	14
1,74750	14
1,74817	14
1,74883	13
1,74950	13
1,75017	13
1,75083	12
1,75150	12
1,75217	12
1,75283	12
1,75350	11
1,75417	11
1,75483	11
1,75550	11
1,75617	11
1,75683	11
1,75750	11
1,75817	11
1,75883	12
1,75950	12
1,76017	12
1,76083	13
1,76150	13
1,76217	14
1,76283	14
1,76350	15
1,76417	16
1,76483	16
1,76550	17
1,76617	18
1,76683	19
1,76750	19
1,76817	20
1,76883	21
1,76950	21
1,77017	21
1,77083	22
1,77150	22
1,77217	22
1,77283	22
1,77350	22
1,77417	22
1,77483	22
1,77550	22
1,77617	22
1,77683	21
1,77750	21
1,77817	20
1,77883	20
1,77950	19
1,78017	18
1,78083	18
1,78150	17
1,78217	16
1,78283	16
1,78350	15
1,78417	14
1,78483	14
1,78550	13
1,78617	13
1,78683	12
1,78750	11
1,78817	11
1,78883	10
1,78950	10
1,79017	9
1,79083	9
1,79150	8
1,79217	8
1,79283	7
1,79350	7
1,79417	7
1,79483	6
1,79550	6
1,79617	5
1,79683	5
1,79750	4
1,79817	4
1,79883	4
1,79950	4
1,80017	4
1,80083	3
1,80150	3
1,80217	3
1,80283	2
1,80350	2
1,80417	2
1,80483	2
1,80550	2
1,80617	2
1,80683	2
1,80750	2
1,80817	2
1,80883	2
1,80950	2
1,81017	2
1,81083	2
1,81150	2
1,81217	3
1,81283	3
1,81350	2
1,81417	2
1,81483	2
1,81550	2
1,81617	2
1,81683	2
1,81750	2
1,81817	2
1,81883	2
1,81950	2
1,82017	2
1,82083	2
1,82150	2
1,82217	2
1,82283	2
1,82350	2
1,82417	1
1,82483	1
1,82550	1
1,82617	1
1,82683	1
1,82750	1
1,82817	1
1,82883	1
1,82950	1
1,83017	1
1,83083	1
1,83150	1
1,83217	1
1,83283	1
1,83350	1
1,83417	1
1,83483	1
1,83550	1
1,83617	1
1,83683	1
1,83750	1
1,83817	1
1,83883	1
1,83950	1
1,84017	1
1,84083	1
1,84150	1
1,84217	1
1,84283	1
1,84350	1
1,84417	1
1,84483	0
1,84550	0
1,84617	-0
1,84683	-0
1,84750	-0
1,84817	-0
1,84883	-0
1,84950	-1
1,85017	-1
1,85083	-1
1,85150	-1
1,85217	-1
1,85283	-1
1,85350	-1
1,85417	-2
1,85483	-2
1,85550	-2
1,85617	-2
1,85683	-3
1,85750	-3
1,85817	-3
1,85883	-3
1,85950	-2
1,86017	-2
1,86083	-1
1,86150	1
1,86217	5
1,86283	11
1,86350	22
1,86417	42
1,86483	76
1,86550	135
1,86617	230
1,86683	383
1,86750	617
1,86817	964
1,86883	1456
1,86950	2128
1,87017	3013
1,87083	4147
1,87150	5563
1,87217	7292
1,87283	9360
1,87350	11791
1,87417	14604
1,87483	17814
1,87550	21437
1,87617	25480
1,87683	29948
1,87750	34840
1,87817	40161
1,87883	45908
1,87950	52068
1,88017	58628
1,88083	65582
1,88150	72922
1,88217	80638
1,88283	88707
1,88350	97111
1,88417	105832
1,88483	114858
1,88550	124175
1,88617	133769
1,88683	143617
1,88750	153699
1,88817	164009
1,88883	174524
1,88950	185225
1,89017	196094
1,89083	207101
1,89150	218218
1,89217	229414
1,89283	240627
1,89350	251756
1,89417	262640
1,89483	273015
1,89550	282512
1,89617	290625
1,89683	296822
1,89750	300639
1,89817	301821
1,89883	300338
1,89950	296378
1,90017	290242
1,90083	282286
1,90150	272874
1,90217	262351
1,90283	251020
1,90350	239151
1,90417	226970
1,90483	214668
1,90550	202404
1,90617	190304
1,90683	178471
1,90750	166983
1,90817	155900
1,90883	145267
1,90950	135114
1,91017	125459
1,91083	116313
1,91150	107677
1,91217	99548
1,91283	91916
1,91350	84768
1,91417	78089
1,91483	71861
1,91550	66064
1,91617	60677
1,91683	55681
1,91750	51053
1,91817	46773
1,91883	42819
1,91950	39172
1,92017	35811
1,92083	32717
1,92150	29872
1,92217	27258
1,92283	24860
1,92350	22660
1,92417	20644
1,92483	18799
1,92550	17110
1,92617	15567
1,92683	14157
1,92750	12869
1,92817	11694
1,92883	10623
1,92950	9646
1,93017	8757
1,93083	7947
1,93150	7210
1,93217	6540
1,93283	5931
1,93350	5378
1,93417	4876
1,93483	4419
1,93550	4005
1,93617	3629
1,93683	3288
1,93750	2979
1,93817	2699
1,93883	2445
1,93950	2215
1,94017	2007
1,94083	1818
1,94150	1647
1,94217	1493
1,94283	1353
1,94350	1226
1,94417	1112
1,94483	1009
1,94550	915
1,94617	831
1,94683	755
1,94750	686
1,94817	623
1,94883	567
1,94950	517
1,95017	471
1,95083	429
1,95150	392
1,95217	358
1,95283	328
1,95350	300
1,95417	275
1,95483	253
1,95550	232
1,95617	214
1,95683	197
1,95750	182
1,95817	168
1,95883	156
1,95950	145
1,96017	135
1,96083	126
1,96150	118
1,96217	111
1,96283	104
1,96350	98
1,96417	92
1,96483	87
1,96550	83
1,96617	78
1,96683	74
1,96750	71
1,96817	67
1,96883	64
1,96950	61
1,97017	58
1,97083	55
1,97150	53
1,97217	50
1,97283	48
1,97350	46
1,97417	45
1,97483	43
1,97550	42
1,97617	40
1,97683	39
1,97750	38
1,97817	37
1,97883	36
1,97950	35
1,98017	34
1,98083	33
1,98150	32
1,98217	31
1,98283	30
1,98350	29
1,98417	28
1,98483	28
1,98550	27
1,98617	26
1,98683	26
1,98750	25
1,98817	25
1,98883	24
1,98950	24
1,99017	23
1,99083	22
1,99150	22
1,99217	21
1,99283	20
1,99350	19
1,99417	19
1,99483	18
1,99550	17
1,99617	17
1,99683	16
1,99750	16
1,99817	15
1,99883	15
1,99950	15
2,00017	14
2,00083	14
2,00150	14
2,00217	13
2,00283	13
2,00350	12
2,00417	12
2,00483	12
2,00550	11
2,00617	11
2,00683	11
2,00750	11
2,00817	10
2,00883	11
2,00950	11
2,01017	11
2,01083	12
2,01150	13
2,01217	14
2,01283	16
2,01350	19
2,01417	22
2,01483	28
2,01550	34
2,01617	43
2,01683	55
2,01750	70
2,01817	90
2,01883	114
2,01950	143
2,02017	180
2,02083	223
2,02150	274
2,02217	333
2,02283	401
2,02350	476
2,02417	560
2,02483	651
2,02550	748
2,02617	851
2,02683	958
2,02750	1067
2,02817	1176
2,02883	1285
2,02950	1392
2,03017	1494
2,03083	1591
2,03150	1680
2,03217	1762
2,03283	1833
2,03350	1894
2,03417	1944
2,03483	1983
2,03550	2011
2,03617	2027
2,03683	2031
2,03750	2025
2,03817	2009
2,03883	1983
2,03950	1949
2,04017	1906
2,04083	1857
2,04150	1802
2,04217	1742
2,04283	1678
2,04350	1611
2,04417	1541
2,04483	1470
2,04550	1398
2,04617	1326
2,04683	1255
2,04750	1185
2,04817	1116
2,04883	1050
2,04950	985
2,05017	923
2,05083	863
2,05150	806
2,05217	752
2,05283	701
2,05350	652
2,05417	606
2,05483	563
2,05550	522
2,05617	484
2,05683	448
2,05750	415
2,05817	383
2,05883	354
2,05950	327
2,06017	302
2,06083	279
2,06150	257
2,06217	237
2,06283	219
2,06350	202
2,06417	186
2,06483	172
2,06550	158
2,06617	146
2,06683	135
2,06750	124
2,06817	115
2,06883	106
2,06950	98
2,07017	90
2,07083	83
2,07150	77
2,07217	71
2,07283	66
2,07350	60
2,07417	56
2,07483	51
2,07550	47
2,07617	43
2,07683	40
2,07750	36
2,07817	34
2,07883	31
2,07950	28
2,08017	26
2,08083	24
2,08150	22
2,08217	21
2,08283	19
2,08350	18
2,08417	16
2,08483	15
2,08550	14
2,08617	13
2,08683	13
2,08750	12
2,08817	11
2,08883	10
2,08950	9
2,09017	9
2,09083	8
2,09150	7
2,09217	7
2,09283	6
2,09350	6
2,09417	6
2,09483	5
2,09550	5
2,09617	4
2,09683	4
2,09750	4
2,09817	3
2,09883	3
2,09950	3
2,10017	2
2,10083	2
2,10150	2
2,10217	1
2,10283	1
2,10350	1
2,10417	0
2,10483	-0
2,10550	-0
2,10617	-1
2,10683	-1
2,10750	-1
2,10817	-2
2,10883	-2
2,10950	-2
2,11017	-2
2,11083	-3
2,11150	-3
2,11217	-3
2,11283	-3
2,11350	-3
2,11417	-3
2,11483	-3
2,11550	-3
2,11617	-3
2,11683	-3
2,11750	-3
2,11817	-3
2,11883	-4
2,11950	-4
2,12017	-4
2,12083	-4
2,12150	-4
2,12217	-4
2,12283	-5
2,12350	-5
2,12417	-5
2,12483	-4
2,12550	-4
2,12617	-4
2,12683	-4
2,12750	-4
2,12817	-4
2,12883	-4
2,12950	-4
2,13017	-4
2,13083	-4
2,13150	-4
2,13217	-3
2,13283	-3
2,13350	-3
2,13417	-3
2,13483	-3
2,13550	-3
2,13617	-3
2,13683	-2
2,13750	-2
2,13817	-2
2,13883	-2
2,13950	-2
2,14017	-2
2,14083	-2
2,14150	-2
2,14217	-3
2,14283	-3
2,14350	-3
2,14417	-4
2,14483	-4
2,14550	-4
2,14617	-5
2,14683	-5
2,14750	-5
2,14817	-5
2,14883	-5
2,14950	-5
2,15017	-5
2,15083	-5
2,15150	-5
2,15217	-6
2,15283	-6
2,15350	-6
2,15417	-6
2,15483	-6
2,15550	-6
2,15617	-6
2,15683	-6
2,15750	-6
2,15817	-6
2,15883	-6
2,15950	-6
2,16017	-6
2,16083	-6
2,16150	-6
2,16217	-5
2,16283	-5
2,16350	-5
2,16417	-5
2,16483	-5
2,16550	-5
2,16617	-5
2,16683	-5
2,16750	-4
2,16817	-4
2,16883	-4
2,16950	-4
2,17017	-4
2,17083	-4
2,17150	-4
2,17217	-4
2,17283	-5
2,17350	-5
2,17417	-6
2,17483	-6
2,17550	-6
2,17617	-7
2,17683	-7
2,17750	-7
2,17817	-7
2,17883	-7
2,17950	-8
2,18017	-8
2,18083	-8
2,18150	-9
2,18217	-9
2,18283	-9
2,18350	-10
2,18417	-10
2,18483	-10
2,18550	-11
2,18617	-11
2,18683	-11
2,18750	-11
2,18817	-11
2,18883	-11
2,18950	-11
2,19017	-10
2,19083	-10
2,19150	-10
2,19217	-10
2,19283	-10
2,19350	-10
2,19417	-10
2,19483	-10
2,19550	-9
2,19617	-9
2,19683	-9
2,19750	-9
2,19817	-9
2,19883	-9
2,19950	-9
2,20017	-9
2,20083	-9
2,20150	-9
2,20217	-9
2,20283	-9
2,20350	-9
2,20417	-10
2,20483	-10
2,20550	-10
2,20617	-10
2,20683	-10
2,20750	-10
2,20817	-10
2,20883	-10
2,20950	-10
2,21017	-10
2,21083	-9
2,21150	-9
2,21217	-9
2,21283	-9
2,21350	-9
2,21417	-9
2,21483	-9
2,21550	-9
2,21617	-9
2,21683	-9
2,21750	-9
2,21817	-9
2,21883	-9
2,21950	-9
2,22017	-9
2,22083	-9
2,22150	-9
2,22217	-9
2,22283	-9
2,22350	-9
2,22417	-9
2,22483	-9
2,22550	-9
2,22617	-9
2,22683	-9
2,22750	-9
2,22817	-9
2,22883	-9
2,22950	-9
2,23017	-9
2,23083	-9
2,23150	-9
2,23217	-10
2,23283	-10
2,23350	-10
2,23417	-10
2,23483	-10
2,23550	-10
2,23617	-10
2,23683	-10
2,23750	-10
2,23817	-10
2,23883	-11
2,23950	-11
2,24017	-11
2,24083	-11
2,24150	-11
2,24217	-11
2,24283	-12
2,24350	-12
2,24417	-11
2,24483	-11
2,24550	-11
2,24617	-11
2,24683	-11
2,24750	-11
2,24817	-11
2,24883	-12
2,24950	-12
2,25017	-12
2,25083	-12
2,25150	-12
2,25217	-12
2,25283	-12
2,25350	-12
2,25417	-12
2,25483	-12
2,25550	-12
2,25617	-12
2,25683	-12
2,25750	-11
2,25817	-11
2,25883	-11
2,25950	-11
2,26017	-11
2,26083	-11
2,26150	-11
2,26217	-11
2,26283	-11
2,26350	-11
2,26417	-11
2,26483	-11
2,26550	-11
2,26617	-11
2,26683	-11
2,26750	-11
2,26817	-11
2,26883	-11
2,26950	-11
2,27017	-11
2,27083	-10
2,27150	-10
2,27217	-10
2,27283	-10
2,27350	-10
2,27417	-10
2,27483	-10
2,27550	-9
2,27617	-9
2,27683	-9
2,27750	-9
2,27817	-9
2,27883	-9
2,27950	-9
2,28017	-9
2,28083	-9
2,28150	-9
2,28217	-9
2,28283	-9
2,28350	-9
2,28417	-9
2,28483	-9
2,28550	-9
2,28617	-9
2,28683	-9
2,28750	-9
2,28817	-9
2,28883	-9
2,28950	-9
2,29017	-9
2,29083	-9
2,29150	-8
2,29217	-8
2,29283	-8
2,29350	-8
2,29417	-8
2,29483	-8
2,29550	-8
2,29617	-8
2,29683	-8
2,29750	-8
2,29817	-8
2,29883	-8
2,29950	-8
2,30017	-8
2,30083	-8
2,30150	-9
2,30217	-9
2,30283	-9
2,30350	-9
2,30417	-9
2,30483	-9
2,30550	-9
2,30617	-9
2,30683	-9
2,30750	-8
2,30817	-8
2,30883	-8
2,30950	-8
2,31017	-8
2,31083	-8
2,31150	-8
2,31217	-8
2,31283	-8
2,31350	-7
2,31417	-7
2,31483	-8
2,31550	-8
2,31617	-8
2,31683	-8
2,31750	-8
2,31817	-8
2,31883	-8
2,31950	-8
2,32017	-8
2,32083	-8
2,32150	-8
2,32217	-8
2,32283	-8
2,32350	-7
2,32417	-7
2,32483	-7
2,32550	-7
2,32617	-6
2,32683	-6
2,32750	-6
2,32817	-6
2,32883	-6
2,32950	-6
2,33017	-6
2,33083	-6
2,33150	-7
2,33217	-7
2,33283	-7
2,33350	-7
2,33417	-7
2,33483	-7
2,33550	-6
2,33617	-6
2,33683	-6
2,33750	-6
2,33817	-5
2,33883	-5
2,33950	-5
2,34017	-5
2,34083	-5
2,34150	-5
2,34217	-4
2,34283	-4
2,34350	-4
2,34417	-4
2,34483	-4
2,34550	-4
2,34617	-5
2,34683	-5
2,34750	-5
2,34817	-5
2,34883	-5
2,34950	-5
2,35017	-4
2,35083	-5
2,35150	-5
2,35217	-5
2,35283	-5
2,35350	-5
2,35417	-5
2,35483	-6
2,35550	-6
2,35617	-6
2,35683	-6
2,35750	-6
2,35817	-6
2,35883	-6
2,35950	-6
2,36017	-6
2,36083	-5
2,36150	-5
2,36217	-5
2,36283	-5
2,36350	-5
2,36417	-5
2,36483	-5
2,36550	-4
2,36617	-4
2,36683	-4
2,36750	-4
2,36817	-3
2,36883	-3
2,36950	-3
2,37017	-2
2,37083	-2
2,37150	-2
2,37217	-2
2,37283	-2
2,37350	-2
2,37417	-2
2,37483	-2
2,37550	-2
2,37617	-2
2,37683	-2
2,37750	-2
2,37817	-2
2,37883	-1
2,37950	-1
2,38017	-1
2,38083	-1
2,38150	-1
2,38217	-1
2,38283	-1
2,38350	-0
2,38417	-0
2,38483	0
2,38550	0
2,38617	1
2,38683	1
2,38750	1
2,38817	1
2,38883	1
2,38950	1
2,39017	2
2,39083	2
2,39150	2
2,39217	2
2,39283	2
2,39350	3
2,39417	3
2,39483	3
2,39550	3
2,39617	3
2,39683	3
2,39750	2
2,39817	3
2,39883	3
2,39950	3
2,40017	3
2,40083	3
2,40150	3
2,40217	3
2,40283	4
2,40350	4
2,40417	5
2,40483	5
2,40550	5
2,40617	6
2,40683	6
2,40750	7
2,40817	7
2,40883	8
2,40950	8
2,41017	9
2,41083	9
2,41150	10
2,41217	11
2,41283	11
2,41350	12
2,41417	13
2,41483	13
2,41550	14
2,41617	14
2,41683	15
2,41750	15
2,41817	15
2,41883	15
2,41950	15
2,42017	14
2,42083	14
2,42150	13
2,42217	13
2,42283	12
2,42350	11
2,42417	11
2,42483	10
2,42550	9
2,42617	8
2,42683	7
2,42750	7
2,42817	6
2,42883	5
2,42950	5
2,43017	4
2,43083	3
2,43150	2
2,43217	2
2,43283	1
2,43350	0
2,43417	-1
2,43483	-1
2,43550	-2
2,43617	-2
2,43683	-2
2,43750	-3
2,43817	-3
2,43883	-4
2,43950	-4
2,44017	-4
2,44083	-5
2,44150	-5
2,44217	-6
2,44283	-6
2,44350	-6
2,44417	-7
2,44483	-7
2,44550	-7
2,44617	-7
2,44683	-8
2,44750	-8
2,44817	-8
2,44883	-8
2,44950	-8
2,45017	-8
2,45083	-8
2,45150	-8
2,45217	-8
2,45283	-8
2,45350	-8
2,45417	-8
2,45483	-8
2,45550	-8
2,45617	-8
2,45683	-8
2,45750	-8
2,45817	-8
2,45883	-8
2,45950	-8
2,46017	-8
2,46083	-8
2,46150	-8
2,46217	-8
2,46283	-8
2,46350	-8
2,46417	-8
2,46483	-8
2,46550	-7
2,46617	-7
2,46683	-7
2,46750	-6
2,46817	-6
2,46883	-6
2,46950	-5
2,47017	-5
2,47083	-5
2,47150	-5
2,47217	-4
2,47283	-4
2,47350	-4
2,47417	-4
2,47483	-4
2,47550	-4
2,47617	-4
2,47683	-4
2,47750	-4
2,47817	-4
2,47883	-4
2,47950	-4
2,48017	-4
2,48083	-4
2,48150	-4
2,48217	-4
2,48283	-4
2,48350	-4
2,48417	-4
2,48483	-5
2,48550	-5
2,48617	-5
2,48683	-5
2,48750	-5
2,48817	-4
2,48883	-4
2,48950	-4
2,49017	-4
2,49083	-4
2,49150	-3
2,49217	-3
2,49283	-3
2,49350	-3
2,49417	-3
2,49483	-3
2,49550	-3
2,49617	-3
2,49683	-3
2,49750	-3
2,49817	-3
2,49883	-3
2,49950	-3
2,50017	-3
2,50083	-3
2,50150	-3
2,50217	-4
2,50283	-4
2,50350	-4
2,50417	-4
2,50483	-4
2,50550	-4
2,50617	-4
2,50683	-5
2,50750	-5
2,50817	-5
2,50883	-5
2,50950	-5
2,51017	-5
2,51083	-5
2,51150	-5
2,51217	-5
2,51283	-6
2,51350	-6
2,51417	-6
2,51483	-6
2,51550	-6
2,51617	-6
2,51683	-6
2,51750	-6
2,51817	-5
2,51883	-5
2,51950	-5
2,52017	-5
2,52083	-4
2,52150	-4
2,52217	-3
2,52283	-3
2,52350	-2
2,52417	-1
2,52483	-1
2,52550	-0
2,52617	0
2,52683	1
2,52750	2
2,52817	2
2,52883	3
2,52950	4
2,53017	5
2,53083	5
2,53150	6
2,53217	6
2,53283	6
2,53350	7
2,53417	6
2,53483	6
2,53550	6
2,53617	6
2,53683	6
2,53750	5
2,53817	5
2,53883	5
2,53950	5
2,54017	5
2,54083	5
2,54150	5
2,54217	5
2,54283	5
2,54350	5
2,54417	5
2,54483	5
2,54550	5
2,54617	5
2,54683	5
2,54750	4
2,54817	4
2,54883	4
2,54950	4
2,55017	3
2,55083	3
2,55150	3
2,55217	2
2,55283	2
2,55350	1
2,55417	1
2,55483	0
2,55550	0
2,55617	-0
2,55683	-0
2,55750	-1
2,55817	-1
2,55883	-1
2,55950	-1
2,56017	-1
2,56083	-1
2,56150	-1
2,56217	-1
2,56283	-1
2,56350	-1
2,56417	-1
2,56483	-1
2,56550	-1
2,56617	-1
2,56683	-1
2,56750	-2
2,56817	-2
2,56883	-2
2,56950	-2
2,57017	-2
2,57083	-2
2,57150	-3
2,57217	-3
2,57283	-3
2,57350	-3
2,57417	-3
2,57483	-3
2,57550	-3
2,57617	-3
2,57683	-3
2,57750	-3
2,57817	-4
2,57883	-4
2,57950	-4
2,58017	-4
2,58083	-5
2,58150	-5
2,58217	-5
2,58283	-5
2,58350	-5
2,58417	-5
2,58483	-5
2,58550	-5
2,58617	-5
2,58683	-6
2,58750	-6
2,58817	-6
2,58883	-6
2,58950	-6
2,59017	-6
2,59083	-6
2,59150	-6
2,59217	-6
2,59283	-6
2,59350	-6
2,59417	-6
2,59483	-6
2,59550	-6
2,59617	-6
2,59683	-6
2,59750	-6
2,59817	-6
2,59883	-7
2,59950	-7
2,60017	-7
2,60083	-7
2,60150	-7
2,60217	-7
2,60283	-7
2,60350	-7
2,60417	-6
2,60483	-6
2,60550	-6
2,60617	-6
2,60683	-6
2,60750	-5
2,60817	-5
2,60883	-5
2,60950	-5
2,61017	-4
2,61083	-4
2,61150	-3
2,61217	-3
2,61283	-2
2,61350	-2
2,61417	-1
2,61483	-1
2,61550	-1
2,61617	-1
2,61683	-0
2,61750	-0
2,61817	0
2,61883	0
2,61950	0
2,62017	0
2,62083	0
2,62150	0
2,62217	0
2,62283	-0
2,62350	-0
2,62417	-0
2,62483	-1
2,62550	-1
2,62617	-1
2,62683	-1
2,62750	-1
2,62817	-1
2,62883	-1
2,62950	-1
2,63017	-1
2,63083	-1
2,63150	-1
2,63217	-1
2,63283	-1
2,63350	-1
2,63417	-1
2,63483	-1
2,63550	-1
2,63617	-1
2,63683	-1
2,63750	-1
2,63817	-1
2,63883	-1
2,63950	-1
2,64017	-0
2,64083	0
2,64150	1
2,64217	2
2,64283	4
2,64350	7
2,64417	12
2,64483	20
2,64550	32
2,64617	51
2,64683	81
2,64750	127
2,64817	197
2,64883	306
2,64950	469
2,65017	712
2,65083	1066
2,65150	1566
2,65217	2261
2,65283	3201
2,65350	4445
2,65417	6057
2,65483	8106
2,65550	10665
2,65617	13821
2,65683	17655
2,65750	22246
2,65817	27665
2,65883	33988
2,65950	41286
2,66017	49641
2,66083	59124
2,66150	69773
2,66217	81631
2,66283	94754
2,66350	109175
2,66417	124916
2,66483	141967
2,66550	160319
2,66617	179935
2,66683	200780
2,66750	222834
2,66817	246060
2,66883	270387
2,66950	295693
2,67017	321871
2,67083	348755
2,67150	376180
2,67217	403965
2,67283	431856
2,67350	459579
2,67417	486866
2,67483	513382
2,67550	538618
2,67617	562031
2,67683	583071
2,67750	601158
2,67817	615766
2,67883	626493
2,67950	633053
2,68017	635320
2,68083	633334
2,68150	627259
2,68217	617387
2,68283	604102
2,68350	587852
2,68417	569102
2,68483	548333
2,68550	526005
2,68617	502553
2,68683	478368
2,68750	453800
2,68817	429150
2,68883	404675
2,68950	380589
2,69017	357066
2,69083	334245
2,69150	312233
2,69217	291111
2,69283	270933
2,69350	251735
2,69417	233536
2,69483	216340
2,69550	200140
2,69617	184919
2,69683	170653
2,69750	157313
2,69817	144864
2,69883	133268
2,69950	122487
2,70017	112479
2,70083	103203
2,70150	94619
2,70217	86684
2,70283	79359
2,70350	72604
2,70417	66383
2,70483	60658
2,70550	55396
2,70617	50564
2,70683	46130
2,70750	42065
2,70817	38342
2,70883	34933
2,70950	31815
2,71017	28965
2,71083	26362
2,71150	23985
2,71217	21816
2,71283	19839
2,71350	18037
2,71417	16395
2,71483	14900
2,71550	13540
2,71617	12302
2,71683	11177
2,71750	10155
2,71817	9226
2,71883	8382
2,71950	7616
2,72017	6920
2,72083	6290
2,72150	5717
2,72217	5198
2,72283	4728
2,72350	4301
2,72417	3915
2,72483	3564
2,72550	3247
2,72617	2960
2,72683	2700
2,72750	2465
2,72817	2252
2,72883	2059
2,72950	1884
2,73017	1727
2,73083	1584
2,73150	1455
2,73217	1338
2,73283	1232
2,73350	1136
2,73417	1049
2,73483	970
2,73550	899
2,73617	834
2,73683	776
2,73750	723
2,73817	674
2,73883	631
2,73950	591
2,74017	555
2,74083	522
2,74150	492
2,74217	465
2,74283	440
2,74350	418
2,74417	397
2,74483	378
2,74550	361
2,74617	346
2,74683	332
2,74750	318
2,74817	307
2,74883	296
2,74950	286
2,75017	276
2,75083	268
2,75150	260
2,75217	253
2,75283	246
2,75350	240
2,75417	234
2,75483	229
2,75550	223
2,75617	218
2,75683	213
2,75750	209
2,75817	205
2,75883	200
2,75950	196
2,76017	193
2,76083	189
2,76150	186
2,76217	182
2,76283	179
2,76350	177
2,76417	174
2,76483	172
2,76550	170
2,76617	167
2,76683	165
2,76750	163
2,76817	161
2,76883	159
2,76950	157
2,77017	155
2,77083	153
2,77150	151
2,77217	149
2,77283	148
2,77350	146
2,77417	144
2,77483	143
2,77550	141
2,77617	139
2,77683	138
2,77750	136
2,77817	134
2,77883	132
2,77950	130
2,78017	129
2,78083	127
2,78150	125
2,78217	124
2,78283	122
2,78350	121
2,78417	120
2,78483	119
2,78550	117
2,78617	116
2,78683	115
2,78750	113
2,78817	112
2,78883	111
2,78950	110
2,79017	109
2,79083	108
2,79150	107
2,79217	106
2,79283	105
2,79350	104
2,79417	103
2,79483	102
2,79550	101
2,79617	100
2,79683	99
2,79750	99
2,79817	98
2,79883	97
2,79950	96
2,80017	95
2,80083	95
2,80150	94
2,80217	93
2,80283	93
2,80350	92
2,80417	92
2,80483	91
2,80550	91
2,80617	90
2,80683	90
2,80750	89
2,80817	89
2,80883	88
2,80950	87
2,81017	87
2,81083	86
2,81150	86
2,81217	85
2,81283	85
2,81350	84
2,81417	84
2,81483	83
2,81550	83
2,81617	83
2,81683	82
2,81750	82
2,81817	82
2,81883	81
2,81950	81
2,82017	81
2,82083	81
2,82150	80
2,82217	80
2,82283	79
2,82350	79
2,82417	79
2,82483	78
2,82550	78
2,82617	77
2,82683	77
2,82750	77
2,82817	76
2,82883	76
2,82950	76
2,83017	76
2,83083	75
2,83150	75
2,83217	75
2,83283	74
2,83350	74
2,83417	74
2,83483	73
2,83550	73
2,83617	72
2,83683	72
2,83750	71
2,83817	71
2,83883	70
2,83950	70
2,84017	69
2,84083	69
2,84150	68
2,84217	67
2,84283	67
2,84350	66
2,84417	66
2,84483	65
2,84550	65
2,84617	64
2,84683	64
2,84750	63
2,84817	63
2,84883	63
2,84950	63
2,85017	62
2,85083	62
2,85150	62
2,85217	61
2,85283	61
2,85350	61
2,85417	60
2,85483	60
2,85550	59
2,85617	59
2,85683	58
2,85750	58
2,85817	57
2,85883	57
2,85950	57
2,86017	57
2,86083	56
2,86150	56
2,86217	56
2,86283	56
2,86350	56
2,86417	56
2,86483	56
2,86550	56
2,86617	55
2,86683	55
2,86750	55
2,86817	55
2,86883	55
2,86950	56
2,87017	56
2,87083	56
2,87150	57
2,87217	57
2,87283	58
2,87350	58
2,87417	59
2,87483	59
2,87550	59
2,87617	59
2,87683	60
2,87750	60
2,87817	60
2,87883	60
2,87950	61
2,88017	61
2,88083	61
2,88150	61
2,88217	61
2,88283	60
2,88350	60
2,88417	60
2,88483	60
2,88550	60
2,88617	59
2,88683	59
2,88750	59
2,88817	58
2,88883	58
2,88950	57
2,89017	57
2,89083	56
2,89150	55
2,89217	55
2,89283	55
2,89350	54
2,89417	54
2,89483	53
2,89550	53
2,89617	53
2,89683	52
2,89750	52
2,89817	51
2,89883	51
2,89950	50
2,90017	50
2,90083	50
2,90150	50
2,90217	50
2,90283	49
2,90350	49
2,90417	49
2,90483	49
2,90550	49
2,90617	49
2,90683	48
2,90750	48
2,90817	47
2,90883	47
2,90950	46
2,91017	46
2,91083	46
2,91150	45
2,91217	45
2,91283	45
2,91350	45
2,91417	44
2,91483	44
2,91550	44
2,91617	44
2,91683	44
2,91750	44
2,91817	44
2,91883	44
2,91950	43
2,92017	43
2,92083	43
2,92150	42
2,92217	42
2,92283	41
2,92350	41
2,92417	41
2,92483	40
2,92550	40
2,92617	40
2,92683	40
2,92750	40
2,92817	40
2,92883	39
2,92950	39
2,93017	39
2,93083	39
2,93150	39
2,93217	38
2,93283	38
2,93350	38
2,93417	38
2,93483	38
2,93550	38
2,93617	38
2,93683	38
2,93750	38
2,93817	38
2,93883	37
2,93950	37
2,94017	37
2,94083	37
2,94150	37
2,94217	37
2,94283	36
2,94350	36
2,94417	36
2,94483	35
2,94550	35
2,94617	35
2,94683	35
2,94750	35
2,94817	34
2,94883	34
2,94950	34
2,95017	34
2,95083	34
2,95150	34
2,95217	33
2,95283	33
2,95350	33
2,95417	33
2,95483	33
2,95550	32
2,95617	32
2,95683	32
2,95750	31
2,95817	31
2,95883	31
2,95950	30
2,96017	30
2,96083	30
2,96150	30
2,96217	30
2,96283	29
2,96350	29
2,96417	29
2,96483	29
2,96550	29
2,96617	28
2,96683	28
2,96750	28
2,96817	28
2,96883	29
2,96950	29
2,97017	29
2,97083	29
2,97150	29
2,97217	29
2,97283	28
2,97350	28
2,97417	28
2,97483	28
2,97550	28
2,97617	28
2,97683	27
2,97750	27
2,97817	27
2,97883	27
2,97950	27
2,98017	27
2,98083	26
2,98150	26
2,98217	26
2,98283	26
2,98350	25
2,98417	25
2,98483	25
2,98550	25
2,98617	24
2,98683	24
2,98750	24
2,98817	24
2,98883	24
2,98950	24
2,99017	24
2,99083	24
2,99150	24
2,99217	24
2,99283	24
2,99350	24
2,99417	24
2,99483	24
2,99550	24
2,99617	24
2,99683	24
2,99750	23
2,99817	23
2,99883	23
2,99950	23
3,00017	23
3,00083	23
3,00150	23
3,00217	23
3,00283	23
3,00350	24
3,00417	24
3,00483	24
3,00550	24
3,00617	24
3,00683	24
3,00750	24
3,00817	23
3,00883	23
3,00950	23
3,01017	24
3,01083	24
3,01150	24
3,01217	24
3,01283	24
3,01350	24
3,01417	24
3,01483	24
3,01550	24
3,01617	23
3,01683	23
3,01750	24
3,01817	24
3,01883	24
3,01950	24
3,02017	24
3,02083	24
3,02150	24
3,02217	24
3,02283	24
3,02350	24
3,02417	24
3,02483	24
3,02550	24
3,02617	24
3,02683	24
3,02750	24
3,02817	24
3,02883	24
3,02950	24
3,03017	24
3,03083	24
3,03150	24
3,03217	24
3,03283	24
3,03350	24
3,03417	24
3,03483	24
3,03550	24
3,03617	24
3,03683	24
3,03750	24
3,03817	23
3,03883	23
3,03950	22
3,04017	22
3,04083	22
3,04150	21
3,04217	21
3,04283	21
3,04350	21
3,04417	21
3,04483	21
3,04550	21
3,04617	22
3,04683	23
3,04750	24
3,04817	26
3,04883	28
3,04950	31
3,05017	34
3,05083	38
3,05150	44
3,05217	50
3,05283	58
3,05350	67
3,05417	78
3,05483	90
3,05550	104
3,05617	119
3,05683	137
3,05750	156
3,05817	177
3,05883	201
3,05950	226
3,06017	253
3,06083	281
3,06150	310
3,06217	341
3,06283	371
3,06350	401
3,06417	431
3,06483	460
3,06550	487
3,06617	513
3,06683	536
3,06750	557
3,06817	575
3,06883	590
3,06950	602
3,07017	611
3,07083	617
3,07150	620
3,07217	620
3,07283	617
3,07350	611
3,07417	603
3,07483	593
3,07550	580
3,07617	565
3,07683	549
3,07750	532
3,07817	513
3,07883	494
3,07950	474
3,08017	453
3,08083	433
3,08150	412
3,08217	391
3,08283	371
3,08350	351
3,08417	332
3,08483	313
3,08550	295
3,08617	277
3,08683	260
3,08750	244
3,08817	229
3,08883	215
3,08950	201
3,09017	188
3,09083	175
3,09150	164
3,09217	153
3,09283	142
3,09350	132
3,09417	123
3,09483	114
3,09550	107
3,09617	99
3,09683	92
3,09750	86
3,09817	81
3,09883	75
3,09950	70
3,10017	65
3,10083	61
3,10150	57
3,10217	54
3,10283	50
3,10350	48
3,10417	45
3,10483	43
3,10550	40
3,10617	38
3,10683	36
3,10750	35
3,10817	33
3,10883	31
3,10950	30
3,11017	28
3,11083	27
3,11150	26
3,11217	25
3,11283	24
3,11350	23
3,11417	22
3,11483	22
3,11550	21
3,11617	21
3,11683	21
3,11750	20
3,11817	20
3,11883	19
3,11950	19
3,12017	19
3,12083	18
3,12150	18
3,12217	18
3,12283	18
3,12350	18
3,12417	18
3,12483	17
3,12550	17
3,12617	17
3,12683	17
3,12750	17
3,12817	17
3,12883	17
3,12950	17
3,13017	17
3,13083	17
3,13150	16
3,13217	16
3,13283	16
3,13350	16
3,13417	16
3,13483	16
3,13550	16
3,13617	16
3,13683	16
3,13750	16
3,13817	16
3,13883	16
3,13950	16
3,14017	16
3,14083	17
3,14150	17
3,14217	17
3,14283	16
3,14350	16
3,14417	16
3,14483	16
3,14550	16
3,14617	16
3,14683	16
3,14750	16
3,14817	16
3,14883	15
3,14950	15
3,15017	15
3,15083	15
3,15150	15
3,15217	15
3,15283	15
3,15350	15
3,15417	15
3,15483	15
3,15550	15
3,15617	15
3,15683	15
3,15750	15
3,15817	15
3,15883	15
3,15950	15
3,16017	15
3,16083	15
3,16150	15
3,16217	14
3,16283	14
3,16350	14
3,16417	14
3,16483	14
3,16550	13
3,16617	13
3,16683	13
3,16750	13
3,16817	13
3,16883	13
3,16950	13
3,17017	13
3,17083	13
3,17150	13
3,17217	13
3,17283	12
3,17350	12
3,17417	12
3,17483	12
3,17550	12
3,17617	11
3,17683	11
3,17750	11
3,17817	11
3,17883	10
3,17950	10
3,18017	10
3,18083	10
3,18150	10
3,18217	10
3,18283	10
3,18350	11
3,18417	11
3,18483	11
3,18550	11
3,18617	11
3,18683	10
3,18750	10
3,18817	10
3,18883	10
3,18950	10
3,19017	10
3,19083	9
3,19150	9
3,19217	9
3,19283	9
3,19350	9
3,19417	9
3,19483	9
3,19550	9
3,19617	9
3,19683	9
3,19750	8
3,19817	8
3,19883	8
3,19950	8
3,20017	8
3,20083	8
3,20150	8
3,20217	8
3,20283	8
3,20350	9
3,20417	9
3,20483	9
3,20550	9
3,20617	9
3,20683	9
3,20750	9
3,20817	9
3,20883	9
3,20950	9
3,21017	9
3,21083	9
3,21150	9
3,21217	9
3,21283	10
3,21350	10
3,21417	10
3,21483	11
3,21550	11
3,21617	11
3,21683	11
3,21750	11
3,21817	11
3,21883	11
3,21950	11
3,22017	11
3,22083	11
3,22150	11
3,22217	10
3,22283	10
3,22350	10
3,22417	10
3,22483	10
3,22550	10
3,22617	10
3,22683	9
3,22750	9
3,22817	9
3,22883	9
3,22950	9
3,23017	9
3,23083	9
3,23150	9
3,23217	9
3,23283	9
3,23350	9
3,23417	9
3,23483	9
3,23550	9
3,23617	9
3,23683	9
3,23750	9
3,23817	9
3,23883	9
3,23950	9
3,24017	9
3,24083	9
3,24150	9
3,24217	9
3,24283	9
3,24350	9
3,24417	9
3,24483	9
3,24550	10
3,24617	10
3,24683	10
3,24750	10
3,24817	10
3,24883	10
3,24950	9
3,25017	9
3,25083	9
3,25150	9
3,25217	9
3,25283	9
3,25350	8
3,25417	8
3,25483	8
3,25550	7
3,25617	7
3,25683	7
3,25750	7
3,25817	7
3,25883	7
3,25950	6
3,26017	6
3,26083	6
3,26150	6
3,26217	6
3,26283	5
3,26350	5
3,26417	5
3,26483	5
3,26550	5
3,26617	5
3,26683	5
3,26750	5
3,26817	5
3,26883	5
3,26950	5
3,27017	5
3,27083	6
3,27150	6
3,27217	6
3,27283	6
3,27350	6
3,27417	6
3,27483	6
3,27550	6
3,27617	6
3,27683	6
3,27750	7
3,27817	7
3,27883	7
3,27950	7
3,28017	7
3,28083	8
3,28150	8
3,28217	8
3,28283	8
3,28350	8
3,28417	8
3,28483	8
3,28550	8
3,28617	8
3,28683	8
3,28750	8
3,28817	9
3,28883	9
3,28950	9
3,29017	9
3,29083	9
3,29150	9
3,29217	9
3,29283	9
3,29350	9
3,29417	9
3,29483	9
3,29550	9
3,29617	9
3,29683	9
3,29750	9
3,29817	10
3,29883	10
3,29950	10
3,30017	10
3,30083	10
3,30150	11
3,30217	11
3,30283	11
3,30350	11
3,30417	11
3,30483	11
3,30550	11
3,30617	11
3,30683	11
3,30750	11
3,30817	11
3,30883	11
3,30950	11
3,31017	11
3,31083	11
3,31150	12
3,31217	12
3,31283	12
3,31350	12
3,31417	12
3,31483	12
3,31550	12
3,31617	12
3,31683	12
3,31750	12
3,31817	12
3,31883	12
3,31950	12
3,32017	13
3,32083	12
3,32150	12
3,32217	12
3,32283	12
3,32350	12
3,32417	12
3,32483	12
3,32550	12
3,32617	12
3,32683	12
3,32750	12
3,32817	12
3,32883	12
3,32950	12
3,33017	12
3,33083	12
3,33150	12
3,33217	11
3,33283	11
3,33350	11
3,33417	11
3,33483	11
3,33550	11
3,33617	11
3,33683	11
3,33750	11
3,33817	11
3,33883	11
3,33950	11
3,34017	11
3,34083	11
3,34150	11
3,34217	11
3,34283	11
3,34350	11
3,34417	11
3,34483	11
3,34550	10
3,34617	10
3,34683	10
3,34750	10
3,34817	10
3,34883	9
3,34950	9
3,35017	9
3,35083	8
3,35150	8
3,35217	8
3,35283	9
3,35350	9
3,35417	9
3,35483	9
3,35550	9
3,35617	9
3,35683	9
3,35750	9
3,35817	9
3,35883	8
3,35950	8
3,36017	8
3,36083	8
3,36150	8
3,36217	8
3,36283	8
3,36350	7
3,36417	7
3,36483	7
3,36550	7
3,36617	7
3,36683	7
3,36750	8
3,36817	8
3,36883	8
3,36950	8
3,37017	8
3,37083	8
3,37150	9
3,37217	9
3,37283	9
3,37350	9
3,37417	10
3,37483	10
3,37550	10
3,37617	10
3,37683	10
3,37750	11
3,37817	11
3,37883	11
3,37950	11
3,38017	11
3,38083	11
3,38150	11
3,38217	11
3,38283	11
3,38350	11
3,38417	11
3,38483	11
3,38550	10
3,38617	10
3,38683	10
3,38750	10
3,38817	10
3,38883	10
3,38950	10
3,39017	10
3,39083	10
3,39150	10
3,39217	10
3,39283	11
3,39350	11
3,39417	11
3,39483	11
3,39550	11
3,39617	11
3,39683	11
3,39750	11
3,39817	11
3,39883	11
3,39950	11
3,40017	11
3,40083	10
3,40150	10
3,40217	10
3,40283	10
3,40350	10
3,40417	9
3,40483	9
3,40550	9
3,40617	9
3,40683	9
3,40750	9
3,40817	9
3,40883	9
3,40950	9
3,41017	9
3,41083	9
3,41150	9
3,41217	8
3,41283	8
3,41350	8
3,41417	8
3,41483	8
3,41550	8
3,41617	8
3,41683	8
3,41750	8
3,41817	8
3,41883	8
3,41950	9
3,42017	9
3,42083	9
3,42150	10
3,42217	10
3,42283	11
3,42350	11
3,42417	11
3,42483	12
3,42550	12
3,42617	13
3,42683	14
3,42750	14
3,42817	15
3,42883	15
3,42950	16
3,43017	17
3,43083	18
3,43150	19
3,43217	19
3,43283	20
3,43350	21
3,43417	22
3,43483	23
3,43550	24
3,43617	25
3,43683	26
3,43750	27
3,43817	28
3,43883	29
3,43950	30
3,44017	31
3,44083	32
3,44150	32
3,44217	33
3,44283	34
3,44350	36
3,44417	37
3,44483	38
3,44550	39
3,44617	41
3,44683	42
3,44750	43
3,44817	44
3,44883	45
3,44950	46
3,45017	47
3,45083	47
3,45150	48
3,45217	49
3,45283	49
3,45350	49
3,45417	49
3,45483	49
3,45550	49
3,45617	49
3,45683	49
3,45750	49
3,45817	50
3,45883	50
3,45950	50
3,46017	50
3,46083	51
3,46150	51
3,46217	51
3,46283	51
3,46350	51
3,46417	51
3,46483	51
3,46550	51
3,46617	51
3,46683	50
3,46750	50
3,46817	50
3,46883	50
3,46950	49
3,47017	49
3,47083	49
3,47150	49
3,47217	48
3,47283	48
3,47350	48
3,47417	48
3,47483	48
3,47550	47
3,47617	47
3,47683	47
3,47750	47
3,47817	47
3,47883	47
3,47950	47
3,48017	47
3,48083	47
3,48150	47
3,48217	46
3,48283	46
3,48350	46
3,48417	46
3,48483	46
3,48550	45
3,48617	45
3,48683	45
3,48750	45
3,48817	45
3,48883	45
3,48950	45
3,49017	45
3,49083	45
3,49150	45
3,49217	45
3,49283	45
3,49350	45
3,49417	45
3,49483	45
3,49550	45
3,49617	45
3,49683	45
3,49750	45
3,49817	45
3,49883	45
3,49950	45
3,50017	45
3,50083	45
3,50150	45
3,50217	45
3,50283	45
3,50350	45
3,50417	45
3,50483	45
3,50550	45
3,50617	45
3,50683	45
3,50750	44
3,50817	44
3,50883	44
3,50950	44
3,51017	44
3,51083	43
3,51150	43
3,51217	43
3,51283	42
3,51350	42
3,51417	41
3,51483	41
3,51550	40
3,51617	40
3,51683	39
3,51750	39
3,51817	39
3,51883	38
3,51950	38
3,52017	38
3,52083	38
3,52150	38
3,52217	38
3,52283	38
3,52350	38
3,52417	39
3,52483	39
3,52550	40
3,52617	40
3,52683	41
3,52750	41
3,52817	42
3,52883	42
3,52950	43
3,53017	43
3,53083	43
3,53150	44
3,53217	44
3,53283	44
3,53350	44
3,53417	44
3,53483	45
3,53550	45
3,53617	45
3,53683	45
3,53750	45
3,53817	45
3,53883	46
3,53950	46
3,54017	46
3,54083	46
3,54150	46
3,54217	46
3,54283	46
3,54350	46
3,54417	46
3,54483	46
3,54550	46
3,54617	46
3,54683	45
3,54750	45
3,54817	45
3,54883	45
3,54950	45
3,55017	45
3,55083	45
3,55150	45
3,55217	46
3,55283	46
3,55350	46
3,55417	46
3,55483	46
3,55550	46
3,55617	47
3,55683	47
3,55750	47
3,55817	47
3,55883	47
3,55950	48
3,56017	48
3,56083	48
3,56150	48
3,56217	48
3,56283	48
3,56350	48
3,56417	48
3,56483	48
3,56550	47
3,56617	47
3,56683	47
3,56750	46
3,56817	46
3,56883	45
3,56950	45
3,57017	44
3,57083	44
3,57150	43
3,57217	43
3,57283	43
3,57350	42
3,57417	42
3,57483	42
3,57550	42
3,57617	41
3,57683	41
3,57750	41
3,57817	41
3,57883	41
3,57950	41
3,58017	41
3,58083	41
3,58150	40
3,58217	40
3,58283	40
3,58350	40
3,58417	40
3,58483	40
3,58550	40
3,58617	40
3,58683	40
3,58750	40
3,58817	41
3,58883	41
3,58950	41
3,59017	41
3,59083	41
3,59150	41
3,59217	42
3,59283	42
3,59350	42
3,59417	42
3,59483	42
3,59550	42
3,59617	42
3,59683	42
3,59750	42
3,59817	42
3,59883	42
3,59950	42
3,60017	42
3,60083	42
3,60150	41
3,60217	41
3,60283	41
3,60350	41
3,60417	41
3,60483	41
3,60550	40
3,60617	40
3,60683	40
3,60750	40
3,60817	40
3,60883	39
3,60950	39
3,61017	39
3,61083	39
3,61150	38
3,61217	38
3,61283	38
3,61350	37
3,61417	37
3,61483	37
3,61550	36
3,61617	36
3,61683	36
3,61750	36
3,61817	36
3,61883	36
3,61950	36
3,62017	36
3,62083	36
3,62150	36
3,62217	36
3,62283	36
3,62350	36
3,62417	36
3,62483	36
3,62550	35
3,62617	35
3,62683	35
3,62750	35
3,62817	35
3,62883	35
3,62950	36
3,63017	36
3,63083	36
3,63150	37
3,63217	37
3,63283	37
3,63350	37
3,63417	37
3,63483	37
3,63550	37
3,63617	37
3,63683	37
3,63750	38
3,63817	38
3,63883	38
3,63950	39
3,64017	39
3,64083	40
3,64150	40
3,64217	41
3,64283	42
3,64350	42
3,64417	43
3,64483	44
3,64550	45
3,64617	46
3,64683	47
3,64750	47
3,64817	48
3,64883	49
3,64950	50
3,65017	51
3,65083	51
3,65150	52
3,65217	53
3,65283	54
3,65350	55
3,65417	56
3,65483	57
3,65550	57
3,65617	58
3,65683	58
3,65750	58
3,65817	58
3,65883	58
3,65950	58
3,66017	58
3,66083	57
3,66150	57
3,66217	57
3,66283	56
3,66350	56
3,66417	55
3,66483	54
3,66550	53
3,66617	53
3,66683	52
3,66750	51
3,66817	51
3,66883	50
3,66950	50
3,67017	50
3,67083	49
3,67150	49
3,67217	49
3,67283	48
3,67350	48
3,67417	47
3,67483	47
3,67550	46
3,67617	45
3,67683	44
3,67750	44
3,67817	43
3,67883	42
3,67950	42
3,68017	41
3,68083	41
3,68150	41
3,68217	41
3,68283	40
3,68350	40
3,68417	40
3,68483	40
3,68550	40
3,68617	40
3,68683	40
3,68750	40
3,68817	40
3,68883	40
3,68950	40
3,69017	40
3,69083	40
3,69150	40
3,69217	40
3,69283	40
3,69350	41
3,69417	41
3,69483	41
3,69550	41
3,69617	41
3,69683	41
3,69750	41
3,69817	41
3,69883	42
3,69950	42
3,70017	42
3,70083	43
3,70150	43
3,70217	43
3,70283	43
3,70350	43
3,70417	43
3,70483	44
3,70550	44
3,70617	44
3,70683	44
3,70750	44
3,70817	44
3,70883	44
3,70950	44
3,71017	43
3,71083	43
3,71150	43
3,71217	43
3,71283	43
3,71350	42
3,71417	42
3,71483	42
3,71550	42
3,71617	42
3,71683	42
3,71750	42
3,71817	42
3,71883	42
3,71950	42
3,72017	42
3,72083	42
3,72150	42
3,72217	42
3,72283	42
3,72350	42
3,72417	42
3,72483	42
3,72550	42
3,72617	42
3,72683	42
3,72750	42
3,72817	42
3,72883	42
3,72950	42
3,73017	42
3,73083	42
3,73150	42
3,73217	42
3,73283	42
3,73350	42
3,73417	42
3,73483	43
3,73550	43
3,73617	43
3,73683	43
3,73750	43
3,73817	44
3,73883	44
3,73950	44
3,74017	44
3,74083	44
3,74150	44
3,74217	44
3,74283	44
3,74350	44
3,74417	44
3,74483	44
3,74550	44
3,74617	44
3,74683	44
3,74750	45
3,74817	45
3,74883	45
3,74950	45
3,75017	45
3,75083	45
3,75150	45
3,75217	45
3,75283	45
3,75350	44
3,75417	44
3,75483	44
3,75550	44
3,75617	44
3,75683	44
3,75750	44
3,75817	44
3,75883	44
3,75950	43
3,76017	43
3,76083	43
3,76150	43
3,76217	43
3,76283	43
3,76350	43
3,76417	42
3,76483	42
3,76550	42
3,76617	42
3,76683	42
3,76750	41
3,76817	41
3,76883	41
3,76950	41
3,77017	41
3,77083	41
3,77150	41
3,77217	41
3,77283	41
3,77350	40
3,77417	40
3,77483	40
3,77550	40
3,77617	40
3,77683	40
3,77750	39
3,77817	39
3,77883	39
3,77950	39
3,78017	39
3,78083	39
3,78150	39
3,78217	39
3,78283	39
3,78350	39
3,78417	39
3,78483	39
3,78550	39
3,78617	39
3,78683	39
3,78750	39
3,78817	39
3,78883	39
3,78950	39
3,79017	39
3,79083	39
3,79150	40
3,79217	40
3,79283	40
3,79350	40
3,79417	40
3,79483	40
3,79550	40
3,79617	40
3,79683	40
3,79750	40
3,79817	40
3,79883	40
3,79950	40
3,80017	40
3,80083	39
3,80150	39
3,80217	38
3,80283	38
3,80350	38
3,80417	38
3,80483	38
3,80550	37
3,80617	37
3,80683	37
3,80750	37
3,80817	37
3,80883	37
3,80950	36
3,81017	36
3,81083	36
3,81150	37
3,81217	37
3,81283	37
3,81350	37
3,81417	37
3,81483	37
3,81550	37
3,81617	36
3,81683	36
3,81750	36
3,81817	36
3,81883	37
3,81950	37
3,82017	37
3,82083	37
3,82150	37
3,82217	38
3,82283	38
3,82350	38
3,82417	39
3,82483	39
3,82550	40
3,82617	40
3,82683	40
3,82750	41
3,82817	41
3,82883	41
3,82950	41
3,83017	42
3,83083	42
3,83150	42
3,83217	42
3,83283	42
3,83350	42
3,83417	42
3,83483	42
3,83550	41
3,83617	41
3,83683	41
3,83750	41
3,83817	41
3,83883	41
3,83950	41
3,84017	41
3,84083	41
3,84150	41
3,84217	41
3,84283	41
3,84350	41
3,84417	41
3,84483	41
3,84550	41
3,84617	41
3,84683	41
3,84750	41
3,84817	41
3,84883	41
3,84950	42
3,85017	42
3,85083	42
3,85150	42
3,85217	41
3,85283	41
3,85350	41
3,85417	41
3,85483	41
3,85550	41
3,85617	41
3,85683	41
3,85750	41
3,85817	41
3,85883	41
3,85950	41
3,86017	41
3,86083	41
3,86150	41
3,86217	40
3,86283	40
3,86350	40
3,86417	40
3,86483	40
3,86550	40
3,86617	40
3,86683	40
3,86750	40
3,86817	40
3,86883	40
3,86950	40
3,87017	40
3,87083	40
3,87150	40
3,87217	40
3,87283	40
3,87350	40
3,87417	40
3,87483	40
3,87550	40
3,87617	40
3,87683	40
3,87750	40
3,87817	40
3,87883	39
3,87950	39
3,88017	39
3,88083	39
3,88150	39
3,88217	39
3,88283	39
3,88350	39
3,88417	38
3,88483	38
3,88550	38
3,88617	38
3,88683	38
3,88750	38
3,88817	38
3,88883	38
3,88950	37
3,89017	37
3,89083	37
3,89150	37
3,89217	37
3,89283	37
3,89350	37
3,89417	37
3,89483	37
3,89550	37
3,89617	37
3,89683	38
3,89750	38
3,89817	38
3,89883	39
3,89950	39
3,90017	40
3,90083	40
3,90150	40
3,90217	40
3,90283	41
3,90350	41
3,90417	41
3,90483	41
3,90550	41
3,90617	41
3,90683	42
3,90750	42
3,90817	42
3,90883	42
3,90950	42
3,91017	42
3,91083	42
3,91150	42
3,91217	42
3,91283	42
3,91350	42
3,91417	42
3,91483	42
3,91550	42
3,91617	42
3,91683	42
3,91750	43
3,91817	43
3,91883	43
3,91950	43
3,92017	43
3,92083	43
3,92150	43
3,92217	43
3,92283	43
3,92350	43
3,92417	43
3,92483	43
3,92550	43
3,92617	43
3,92683	43
3,92750	43
3,92817	43
3,92883	43
3,92950	43
3,93017	43
3,93083	43
3,93150	43
3,93217	43
3,93283	43
3,93350	43
3,93417	43
3,93483	43
3,93550	44
3,93617	44
3,93683	44
3,93750	44
3,93817	44
3,93883	45
3,93950	45
3,94017	45
3,94083	45
3,94150	45
3,94217	46
3,94283	46
3,94350	46
3,94417	46
3,94483	46
3,94550	47
3,94617	47
3,94683	47
3,94750	47
3,94817	47
3,94883	47
3,94950	47
3,95017	47
3,95083	47
3,95150	47
3,95217	47
3,95283	47
3,95350	46
3,95417	46
3,95483	46
3,95550	45
3,95617	45
3,95683	44
3,95750	44
3,95817	43
3,95883	43
3,95950	42
3,96017	42
3,96083	42
3,96150	41
3,96217	41
3,96283	41
3,96350	40
3,96417	40
3,96483	40
3,96550	39
3,96617	39
3,96683	39
3,96750	39
3,96817	39
3,96883	39
3,96950	39
3,97017	39
3,97083	39
3,97150	39
3,97217	39
3,97283	39
3,97350	38
3,97417	38
3,97483	38
3,97550	37
3,97617	37
3,97683	37
3,97750	37
3,97817	36
3,97883	36
3,97950	36
3,98017	36
3,98083	36
3,98150	36
3,98217	36
3,98283	36
3,98350	36
3,98417	35
3,98483	36
3,98550	36
3,98617	36
3,98683	37
3,98750	37
3,98817	38
3,98883	38
3,98950	38
3,99017	38
3,99083	38
3,99150	38
3,99217	38
3,99283	38
3,99350	38
3,99417	38
3,99483	38
3,99550	38
3,99617	37
3,99683	37
3,99750	37
3,99817	36
3,99883	36
3,99950	36
4,00017	36
4,00083	36
4,00150	36
4,00217	35
4,00283	35
4,00350	35
4,00417	35
4,00483	35
4,00550	35
4,00617	35
4,00683	35
4,00750	35
4,00817	35
4,00883	34
4,00950	34
4,01017	34
4,01083	34
4,01150	34
4,01217	34
4,01283	34
4,01350	35
4,01417	35
4,01483	35
4,01550	35
4,01617	35
4,01683	35
4,01750	35
4,01817	35
4,01883	35
4,01950	35
4,02017	35
4,02083	35
4,02150	35
4,02217	35
4,02283	35
4,02350	35
4,02417	35
4,02483	36
4,02550	36
4,02617	36
4,02683	36
4,02750	36
4,02817	36
4,02883	36
4,02950	36
4,03017	35
4,03083	35
4,03150	35
4,03217	35
4,03283	34
4,03350	34
4,03417	34
4,03483	34
4,03550	34
4,03617	34
4,03683	34
4,03750	34
4,03817	34
4,03883	34
4,03950	34
4,04017	34
4,04083	34
4,04150	33
4,04217	33
4,04283	33
4,04350	33
4,04417	33
4,04483	33
4,04550	33
4,04617	33
4,04683	33
4,04750	33
4,04817	33
4,04883	33
4,04950	34
4,05017	34
4,05083	34
4,05150	34
4,05217	35
4,05283	35
4,05350	35
4,05417	35
4,05483	36
4,05550	36
4,05617	36
4,05683	36
4,05750	36
4,05817	36
4,05883	36
4,05950	36
4,06017	35
4,06083	35
4,06150	35
4,06217	35
4,06283	35
4,06350	34
4,06417	34
4,06483	34
4,06550	34
4,06617	34
4,06683	34
4,06750	34
4,06817	34
4,06883	34
4,06950	34
4,07017	34
4,07083	34
4,07150	34
4,07217	34
4,07283	34
4,07350	35
4,07417	35
4,07483	35
4,07550	35
4,07617	35
4,07683	35
4,07750	35
4,07817	35
4,07883	35
4,07950	35
4,08017	35
4,08083	35
4,08150	34
4,08217	34
4,08283	34
4,08350	33
4,08417	33
4,08483	33
4,08550	32
4,08617	32
4,08683	32
4,08750	32
4,08817	32
4,08883	32
4,08950	32
4,09017	32
4,09083	32
4,09150	32
4,09217	32
4,09283	32
4,09350	33
4,09417	33
4,09483	33
4,09550	33
4,09617	33
4,09683	33
4,09750	32
4,09817	32
4,09883	32
4,09950	32
4,10017	32
4,10083	32
4,10150	32
4,10217	33
4,10283	32
4,10350	32
4,10417	32
4,10483	32
4,10550	32
4,10617	32
4,10683	31
4,10750	31
4,10817	31
4,10883	31
4,10950	31
4,11017	31
4,11083	31
4,11150	30
4,11217	30
4,11283	30
4,11350	30
4,11417	30
4,11483	30
4,11550	30
4,11617	30
4,11683	30
4,11750	30
4,11817	29
4,11883	29
4,11950	29
4,12017	29
4,12083	29
4,12150	29
4,12217	29
4,12283	29
4,12350	29
4,12417	28
4,12483	28
4,12550	28
4,12617	27
4,12683	27
4,12750	27
4,12817	27
4,12883	27
4,12950	27
4,13017	27
4,13083	27
4,13150	27
4,13217	28
4,13283	28
4,13350	28
4,13417	28
4,13483	28
4,13550	28
4,13617	28
4,13683	28
4,13750	28
4,13817	28
4,13883	28
4,13950	28
4,14017	28
4,14083	28
4,14150	29
4,14217	29
4,14283	29
4,14350	29
4,14417	29
4,14483	29
4,14550	29
4,14617	29
4,14683	29
4,14750	29
4,14817	29
4,14883	29
4,14950	29
4,15017	29
4,15083	29
4,15150	29
4,15217	30
4,15283	30
4,15350	30
4,15417	30
4,15483	31
4,15550	31
4,15617	31
4,15683	32
4,15750	32
4,15817	33
4,15883	33
4,15950	33
4,16017	34
4,16083	34
4,16150	34
4,16217	35
4,16283	35
4,16350	35
4,16417	35
4,16483	35
4,16550	36
4,16617	36
4,16683	36
4,16750	36
4,16817	36
4,16883	36
4,16950	36
4,17017	36
4,17083	36
4,17150	36
4,17217	36
4,17283	36
4,17350	36
4,17417	36
4,17483	37
4,17550	37
4,17617	37
4,17683	37
4,17750	37
4,17817	37
4,17883	37
4,17950	36
4,18017	36
4,18083	36
4,18150	36
4,18217	36
4,18283	36
4,18350	36
4,18417	36
4,18483	36
4,18550	36
4,18617	36
4,18683	36
4,18750	36
4,18817	37
4,18883	37
4,18950	37
4,19017	37
4,19083	37
4,19150	36
4,19217	36
4,19283	36
4,19350	36
4,19417	36
4,19483	36
4,19550	36
4,19617	36
4,19683	36
4,19750	36
4,19817	36
4,19883	36
4,19950	36
4,20017	36
4,20083	36
4,20150	36
4,20217	36
4,20283	35
4,20350	35
4,20417	35
4,20483	35
4,20550	35
4,20617	35
4,20683	35
4,20750	35
4,20817	35
4,20883	35
4,20950	35
4,21017	36
4,21083	36
4,21150	36
4,21217	36
4,21283	37
4,21350	37
4,21417	37
4,21483	37
4,21550	37
4,21617	37
4,21683	37
4,21750	36
4,21817	36
4,21883	36
4,21950	36
4,22017	35
4,22083	35
4,22150	35
4,22217	35
4,22283	35
4,22350	35
4,22417	34
4,22483	34
4,22550	34
4,22617	34
4,22683	34
4,22750	34
4,22817	34
4,22883	34
4,22950	34
4,23017	33
4,23083	33
4,23150	33
4,23217	33
4,23283	33
4,23350	33
4,23417	33
4,23483	33
4,23550	33
4,23617	34
4,23683	34
4,23750	34
4,23817	35
4,23883	35
4,23950	35
4,24017	36
4,24083	36
4,24150	37
4,24217	37
4,24283	38
4,24350	39
4,24417	40
4,24483	41
4,24550	42
4,24617	43
4,24683	45
4,24750	46
4,24817	47
4,24883	49
4,24950	50
4,25017	51
4,25083	52
4,25150	53
4,25217	54
4,25283	55
4,25350	56
4,25417	57
4,25483	58
4,25550	58
4,25617	59
4,25683	59
4,25750	60
4,25817	60
4,25883	60
4,25950	60
4,26017	60
4,26083	60
4,26150	60
4,26217	59
4,26283	58
4,26350	58
4,26417	57
4,26483	56
4,26550	55
4,26617	54
4,26683	53
4,26750	52
4,26817	51
4,26883	50
4,26950	49
4,27017	49
4,27083	48
4,27150	47
4,27217	46
4,27283	45
4,27350	44
4,27417	44
4,27483	43
4,27550	42
4,27617	42
4,27683	41
4,27750	40
4,27817	40
4,27883	39
4,27950	39
4,28017	39
4,28083	39
4,28150	38
4,28217	38
4,28283	38
4,28350	38
4,28417	38
4,28483	37
4,28550	37
4,28617	37
4,28683	36
4,28750	36
4,28817	35
4,28883	35
4,28950	34
4,29017	34
4,29083	33
4,29150	33
4,29217	33
4,29283	32
4,29350	32
4,29417	32
4,29483	32
4,29550	32
4,29617	32
4,29683	32
4,29750	32
4,29817	32
4,29883	32
4,29950	32
4,30017	32
4,30083	32
4,30150	32
4,30217	32
4,30283	32
4,30350	32
4,30417	32
4,30483	32
4,30550	32
4,30617	32
4,30683	31
4,30750	31
4,30817	31
4,30883	31
4,30950	31
4,31017	31
4,31083	30
4,31150	30
4,31217	30
4,31283	30
4,31350	30
4,31417	29
4,31483	29
4,31550	29
4,31617	29
4,31683	29
4,31750	29
4,31817	29
4,31883	28
4,31950	28
4,32017	28
4,32083	28
4,32150	28
4,32217	28
4,32283	28
4,32350	28
4,32417	28
4,32483	29
4,32550	29
4,32617	29
4,32683	29
4,32750	29
4,32817	29
4,32883	29
4,32950	29
4,33017	29
4,33083	29
4,33150	29
4,33217	29
4,33283	30
4,33350	30
4,33417	30
4,33483	30
4,33550	30
4,33617	30
4,33683	30
4,33750	30
4,33817	30
4,33883	29
4,33950	29
4,34017	29
4,34083	29
4,34150	29
4,34217	28
4,34283	28
4,34350	28
4,34417	28
4,34483	29
4,34550	29
4,34617	29
4,34683	29
4,34750	29
4,34817	29
4,34883	29
4,34950	29
4,35017	29
4,35083	29
4,35150	29
4,35217	29
4,35283	29
4,35350	29
4,35417	29
4,35483	29
4,35550	29
4,35617	29
4,35683	29
4,35750	29
4,35817	29
4,35883	29
4,35950	29
4,36017	29
4,36083	29
4,36150	29
4,36217	29
4,36283	29
4,36350	29
4,36417	29
4,36483	29
4,36550	29
4,36617	29
4,36683	29
4,36750	29
4,36817	29
4,36883	29
4,36950	29
4,37017	29
4,37083	29
4,37150	29
4,37217	29
4,37283	29
4,37350	29
4,37417	29
4,37483	29
4,37550	29
4,37617	29
4,37683	29
4,37750	30
4,37817	30
4,37883	30
4,37950	30
4,38017	30
4,38083	30
4,38150	30
4,38217	29
4,38283	29
4,38350	29
4,38417	29
4,38483	29
4,38550	29
4,38617	29
4,38683	29
4,38750	29
4,38817	29
4,38883	29
4,38950	29
4,39017	29
4,39083	29
4,39150	29
4,39217	29
4,39283	28
4,39350	28
4,39417	29
4,39483	29
4,39550	28
4,39617	28
4,39683	28
4,39750	28
4,39817	28
4,39883	28
4,39950	29
4,40017	29
4,40083	29
4,40150	29
4,40217	29
4,40283	29
4,40350	29
4,40417	29
4,40483	29
4,40550	29
4,40617	29
4,40683	29
4,40750	29
4,40817	29
4,40883	30
4,40950	30
4,41017	30
4,41083	30
4,41150	30
4,41217	30
4,41283	30
4,41350	30
4,41417	30
4,41483	30
4,41550	30
4,41617	30
4,41683	30
4,41750	30
4,41817	30
4,41883	30
4,41950	30
4,42017	30
4,42083	30
4,42150	29
4,42217	29
4,42283	29
4,42350	29
4,42417	29
4,42483	28
4,42550	28
4,42617	28
4,42683	28
4,42750	28
4,42817	28
4,42883	28
4,42950	28
4,43017	29
4,43083	29
4,43150	29
4,43217	29
4,43283	29
4,43350	29
4,43417	29
4,43483	29
4,43550	29
4,43617	29
4,43683	29
4,43750	29
4,43817	29
4,43883	30
4,43950	30
4,44017	30
4,44083	31
4,44150	31
4,44217	32
4,44283	32
4,44350	33
4,44417	33
4,44483	33
4,44550	33
4,44617	33
4,44683	33
4,44750	33
4,44817	33
4,44883	33
4,44950	33
4,45017	33
4,45083	33
4,45150	33
4,45217	33
4,45283	33
4,45350	33
4,45417	33
4,45483	33
4,45550	33
4,45617	32
4,45683	32
4,45750	32
4,45817	32
4,45883	31
4,45950	31
4,46017	31
4,46083	31
4,46150	30
4,46217	30
4,46283	30
4,46350	30
4,46417	29
4,46483	29
4,46550	29
4,46617	28
4,46683	28
4,46750	28
4,46817	28
4,46883	28
4,46950	28
4,47017	28
4,47083	29
4,47150	29
4,47217	29
4,47283	30
4,47350	30
4,47417	30
4,47483	30
4,47550	30
4,47617	30
4,47683	30
4,47750	30
4,47817	30
4,47883	30
4,47950	30
4,48017	30
4,48083	30
4,48150	30
4,48217	30
4,48283	31
4,48350	31
4,48417	31
4,48483	31
4,48550	31
4,48617	31
4,48683	31
4,48750	30
4,48817	30
4,48883	30
4,48950	29
4,49017	29
4,49083	29
4,49150	29
4,49217	28
4,49283	28
4,49350	28
4,49417	28
4,49483	28
4,49550	28
4,49617	27
4,49683	27
4,49750	27
4,49817	27
4,49883	27
4,49950	27
4,50017	27
4,50083	27
4,50150	27
4,50217	27
4,50283	27
4,50350	27
4,50417	26
4,50483	26
4,50550	26
4,50617	26
4,50683	26
4,50750	26
4,50817	26
4,50883	25
4,50950	25
4,51017	25
4,51083	24
4,51150	24
4,51217	24
4,51283	24
4,51350	24
4,51417	24
4,51483	23
4,51550	23
4,51617	23
4,51683	23
4,51750	23
4,51817	23
4,51883	23
4,51950	22
4,52017	22
4,52083	22
4,52150	22
4,52217	21
4,52283	21
4,52350	21
4,52417	21
4,52483	21
4,52550	21
4,52617	21
4,52683	21
4,52750	21
4,52817	21
4,52883	21
4,52950	21
4,53017	21
4,53083	21
4,53150	21
4,53217	21
4,53283	21
4,53350	21
4,53417	22
4,53483	22
4,53550	22
4,53617	22
4,53683	22
4,53750	22
4,53817	22
4,53883	22
4,53950	22
4,54017	22
4,54083	22
4,54150	22
4,54217	22
4,54283	22
4,54350	22
4,54417	22
4,54483	22
4,54550	22
4,54617	22
4,54683	22
4,54750	22
4,54817	22
4,54883	22
4,54950	22
4,55017	22
4,55083	21
4,55150	21
4,55217	21
4,55283	21
4,55350	21
4,55417	21
4,55483	21
4,55550	21
4,55617	21
4,55683	21
4,55750	21
4,55817	21
4,55883	21
4,55950	22
4,56017	22
4,56083	22
4,56150	22
4,56217	22
4,56283	22
4,56350	22
4,56417	22
4,56483	21
4,56550	21
4,56617	21
4,56683	21
4,56750	21
4,56817	21
4,56883	21
4,56950	21
4,57017	21
4,57083	21
4,57150	21
4,57217	21
4,57283	21
4,57350	21
4,57417	22
4,57483	22
4,57550	22
4,57617	22
4,57683	22
4,57750	22
4,57817	22
4,57883	22
4,57950	22
4,58017	22
4,58083	22
4,58150	22
4,58217	22
4,58283	22
4,58350	22
4,58417	22
4,58483	22
4,58550	22
4,58617	21
4,58683	21
4,58750	21
4,58817	21
4,58883	21
4,58950	22
4,59017	22
4,59083	22
4,59150	22
4,59217	22
4,59283	22
4,59350	22
4,59417	22
4,59483	23
4,59550	23
4,59617	23
4,59683	23
4,59750	23
4,59817	23
4,59883	23
4,59950	23
4,60017	23
4,60083	23
4,60150	23
4,60217	23
4,60283	23
4,60350	24
4,60417	24
4,60483	24
4,60550	24
4,60617	24
4,60683	24
4,60750	24
4,60817	24
4,60883	24
4,60950	24
4,61017	24
4,61083	24
4,61150	24
4,61217	24
4,61283	24
4,61350	24
4,61417	24
4,61483	24
4,61550	24
4,61617	24
4,61683	24
4,61750	23
4,61817	23
4,61883	23
4,61950	23
4,62017	22
4,62083	22
4,62150	22
4,62217	22
4,62283	21
4,62350	21
4,62417	21
4,62483	21
4,62550	21
4,62617	21
4,62683	21
4,62750	21
4,62817	21
4,62883	22
4,62950	22
4,63017	22
4,63083	22
4,63150	23
4,63217	23
4,63283	24
4,63350	24
4,63417	24
4,63483	25
4,63550	25
4,63617	25
4,63683	25
4,63750	25
4,63817	24
4,63883	24
4,63950	24
4,64017	24
4,64083	24
4,64150	23
4,64217	23
4,64283	23
4,64350	23
4,64417	23
4,64483	23
4,64550	23
4,64617	22
4,64683	22
4,64750	22
4,64817	21
4,64883	21
4,64950	20
4,65017	20
4,65083	20
4,65150	20
4,65217	20
4,65283	20
4,65350	20
4,65417	20
4,65483	20
4,65550	20
4,65617	20
4,65683	20
4,65750	20
4,65817	20
4,65883	20
4,65950	20
4,66017	20
4,66083	21
4,66150	21
4,66217	21
4,66283	21
4,66350	21
4,66417	21
4,66483	21
4,66550	21
4,66617	22
4,66683	22
4,66750	22
4,66817	22
4,66883	22
4,66950	22
4,67017	22
4,67083	22
4,67150	22
4,67217	22
4,67283	22
4,67350	22
4,67417	21
4,67483	21
4,67550	21
4,67617	21
4,67683	22
4,67750	22
4,67817	22
4,67883	22
4,67950	22
4,68017	22
4,68083	22
4,68150	22
4,68217	22
4,68283	23
4,68350	23
4,68417	23
4,68483	23
4,68550	24
4,68617	24
4,68683	24
4,68750	24
4,68817	24
4,68883	24
4,68950	24
4,69017	24
4,69083	24
4,69150	23
4,69217	23
4,69283	22
4,69350	22
4,69417	22
4,69483	21
4,69550	21
4,69617	21
4,69683	21
4,69750	20
4,69817	20
4,69883	20
4,69950	20
4,70017	20
4,70083	20
4,70150	20
4,70217	20
4,70283	20
4,70350	20
4,70417	20
4,70483	20
4,70550	20
4,70617	20
4,70683	20
4,70750	20
4,70817	20
4,70883	20
4,70950	20
4,71017	20
4,71083	20
4,71150	20
4,71217	20
4,71283	20
4,71350	20
4,71417	20
4,71483	20
4,71550	20
4,71617	20
4,71683	20
4,71750	20
4,71817	20
4,71883	20
4,71950	20
4,72017	19
4,72083	19
4,72150	19
4,72217	18
4,72283	18
4,72350	18
4,72417	18
4,72483	17
4,72550	17
4,72617	17
4,72683	17
4,72750	17
4,72817	17
4,72883	17
4,72950	17
4,73017	17
4,73083	17
4,73150	17
4,73217	17
4,73283	17
4,73350	17
4,73417	17
4,73483	17
4,73550	17
4,73617	17
4,73683	17
4,73750	17
4,73817	17
4,73883	17
4,73950	17
4,74017	17
4,74083	17
4,74150	17
4,74217	17
4,74283	17
4,74350	17
4,74417	18
4,74483	18
4,74550	18
4,74617	18
4,74683	18
4,74750	19
4,74817	19
4,74883	19
4,74950	20
4,75017	20
4,75083	20
4,75150	20
4,75217	20
4,75283	21
4,75350	21
4,75417	21
4,75483	21
4,75550	21
4,75617	21
4,75683	21
4,75750	21
4,75817	21
4,75883	21
4,75950	21
4,76017	21
4,76083	21
4,76150	21
4,76217	20
4,76283	20
4,76350	19
4,76417	19
4,76483	19
4,76550	18
4,76617	18
4,76683	18
4,76750	18
4,76817	18
4,76883	18
4,76950	18
4,77017	18
4,77083	18
4,77150	18
4,77217	18
4,77283	18
4,77350	18
4,77417	18
4,77483	18
4,77550	18
4,77617	18
4,77683	17
4,77750	17
4,77817	17
4,77883	17
4,77950	17
4,78017	17
4,78083	17
4,78150	17
4,78217	17
4,78283	17
4,78350	17
4,78417	17
4,78483	17
4,78550	17
4,78617	17
4,78683	17
4,78750	17
4,78817	17
4,78883	17
4,78950	17
4,79017	18
4,79083	18
4,79150	18
4,79217	18
4,79283	19
4,79350	19
4,79417	19
4,79483	19
4,79550	19
4,79617	19
4,79683	19
4,79750	19
4,79817	19
4,79883	19
4,79950	19
4,80017	19
4,80083	18
4,80150	18
4,80217	18
4,80283	18
4,80350	18
4,80417	18
4,80483	18
4,80550	18
4,80617	18
4,80683	18
4,80750	17
4,80817	17
4,80883	17
4,80950	17
4,81017	17
4,81083	17
4,81150	17
4,81217	17
4,81283	17
4,81350	17
4,81417	17
4,81483	17
4,81550	17
4,81617	17
4,81683	18
4,81750	18
4,81817	18
4,81883	18
4,81950	18
4,82017	18
4,82083	18
4,82150	19
4,82217	19
4,82283	19
4,82350	19
4,82417	19
4,82483	19
4,82550	19
4,82617	19
4,82683	19
4,82750	19
4,82817	18
4,82883	18
4,82950	18
4,83017	18
4,83083	18
4,83150	18
4,83217	17
4,83283	17
4,83350	17
4,83417	16
4,83483	16
4,83550	16
4,83617	16
4,83683	16
4,83750	16
4,83817	15
4,83883	15
4,83950	15
4,84017	15
4,84083	15
4,84150	15
4,84217	15
4,84283	15
4,84350	15
4,84417	15
4,84483	15
4,84550	15
4,84617	15
4,84683	16
4,84750	16
4,84817	16
4,84883	16
4,84950	16
4,85017	16
4,85083	16
4,85150	16
4,85217	16
4,85283	15
4,85350	15
4,85417	15
4,85483	16
4,85550	16
4,85617	16
4,85683	16
4,85750	16
4,85817	16
4,85883	16
4,85950	16
4,86017	16
4,86083	16
4,86150	16
4,86217	16
4,86283	16
4,86350	16
4,86417	17
4,86483	17
4,86550	17
4,86617	17
4,86683	17
4,86750	17
4,86817	18
4,86883	18
4,86950	18
4,87017	17
4,87083	17
4,87150	17
4,87217	17
4,87283	17
4,87350	16
4,87417	16
4,87483	16
4,87550	16
4,87617	16
4,87683	16
4,87750	16
4,87817	16
4,87883	16
4,87950	16
4,88017	16
4,88083	16
4,88150	16
4,88217	16
4,88283	16
4,88350	16
4,88417	17
4,88483	17
4,88550	17
4,88617	17
4,88683	17
4,88750	17
4,88817	17
4,88883	17
4,88950	17
4,89017	17
4,89083	17
4,89150	17
4,89217	17
4,89283	17
4,89350	17
4,89417	17
4,89483	17
4,89550	17
4,89617	18
4,89683	18
4,89750	18
4,89817	18
4,89883	18
4,89950	18
4,90017	18
4,90083	18
4,90150	18
4,90217	18
4,90283	18
4,90350	17
4,90417	17
4,90483	17
4,90550	17
4,90617	17
4,90683	17
4,90750	17
4,90817	17
4,90883	17
4,90950	17
4,91017	17
4,91083	17
4,91150	16
4,91217	16
4,91283	16
4,91350	16
4,91417	15
4,91483	15
4,91550	15
4,91617	15
4,91683	15
4,91750	14
4,91817	15
4,91883	15
4,91950	15
4,92017	15
4,92083	15
4,92150	15
4,92217	15
4,92283	15
4,92350	15
4,92417	15
4,92483	15
4,92550	15
4,92617	15
4,92683	15
4,92750	16
4,92817	16
4,92883	16
4,92950	16
4,93017	17
4,93083	17
4,93150	17
4,93217	17
4,93283	17
4,93350	17
4,93417	17
4,93483	17
4,93550	17
4,93617	17
4,93683	17
4,93750	17
4,93817	17
4,93883	16
4,93950	16
4,94017	16
4,94083	16
4,94150	16
4,94217	15
4,94283	15
4,94350	15
4,94417	15
4,94483	15
4,94550	14
4,94617	14
4,94683	14
4,94750	14
4,94817	14
4,94883	14
4,94950	15
4,95017	15
4,95083	15
4,95150	15
4,95217	15
4,95283	16
4,95350	16
4,95417	16
4,95483	16
4,95550	16
4,95617	16
4,95683	16
4,95750	16
4,95817	16
4,95883	16
4,95950	16
4,96017	16
4,96083	16
4,96150	17
4,96217	17
4,96283	17
4,96350	17
4,96417	17
4,96483	16
4,96550	16
4,96617	16
4,96683	16
4,96750	16
4,96817	16
4,96883	17
4,96950	16
4,97017	16
4,97083	16
4,97150	16
4,97217	16
4,97283	16
4,97350	16
4,97417	16
4,97483	16
4,97550	16
4,97617	16
4,97683	16
4,97750	16
4,97817	16
4,97883	16
4,97950	16
4,98017	16
4,98083	16
4,98150	16
4,98217	16
4,98283	16
4,98350	16
4,98417	16
4,98483	17
4,98550	17
4,98617	17
4,98683	17
4,98750	17
4,98817	17
4,98883	17
4,98950	16
4,99017	16
4,99083	16
4,99150	16
4,99217	16
4,99283	16
4,99350	16
4,99417	17
4,99483	17
4,99550	17
4,99617	17
4,99683	17
4,99750	18
4,99817	18
4,99883	18
4,99950	18
5,00017	18
5,00083	18
5,00150	18
5,00217	18
5,00283	18
5,00350	18
5,00417	18
5,00483	18
5,00550	18
5,00617	18
5,00683	18
5,00750	19
5,00817	19
5,00883	19
5,00950	19
5,01017	19
5,01083	19
5,01150	19
5,01217	19
5,01283	19
5,01350	18
5,01417	18
5,01483	18
5,01550	18
5,01617	18
5,01683	17
5,01750	17
5,01817	17
5,01883	17
5,01950	17
5,02017	16
5,02083	16
5,02150	16
5,02217	16
5,02283	16
5,02350	16
5,02417	16
5,02483	16
5,02550	16
5,02617	16
5,02683	16
5,02750	16
5,02817	16
5,02883	16
5,02950	16
5,03017	16
5,03083	16
5,03150	16
5,03217	16
5,03283	16
5,03350	16
5,03417	16
5,03483	16
5,03550	16
5,03617	15
5,03683	15
5,03750	15
5,03817	15
5,03883	15
5,03950	15
5,04017	15
5,04083	15
5,04150	14
5,04217	14
5,04283	14
5,04350	14
5,04417	14
5,04483	14
5,04550	14
5,04617	14
5,04683	15
5,04750	15
5,04817	15
5,04883	15
5,04950	15
5,05017	15
5,05083	15
5,05150	15
5,05217	15
5,05283	15
5,05350	15
5,05417	15
5,05483	15
5,05550	15
5,05617	15
5,05683	15
5,05750	15
5,05817	16
5,05883	16
5,05950	16
5,06017	16
5,06083	17
5,06150	17
5,06217	17
5,06283	17
5,06350	17
5,06417	16
5,06483	16
5,06550	16
5,06617	16
5,06683	15
5,06750	15
5,06817	15
5,06883	14
5,06950	14
5,07017	13
5,07083	13
5,07150	13
5,07217	13
5,07283	12
5,07350	12
5,07417	12
5,07483	12
5,07550	12
5,07617	12
5,07683	13
5,07750	13
5,07817	13
5,07883	13
5,07950	13
5,08017	14
5,08083	14
5,08150	14
5,08217	14
5,08283	14
5,08350	15
5,08417	15
5,08483	15
5,08550	16
5,08617	16
5,08683	16
5,08750	16
5,08817	16
5,08883	16
5,08950	17
5,09017	17
5,09083	17
5,09150	17
5,09217	17
5,09283	17
5,09350	17
5,09417	17
5,09483	17
5,09550	16
5,09617	16
5,09683	16
5,09750	16
5,09817	16
5,09883	16
5,09950	16
5,10017	16
5,10083	16
5,10150	16
5,10217	16
5,10283	17
5,10350	17
5,10417	17
5,10483	17
5,10550	16
5,10617	16
5,10683	16
5,10750	16
5,10817	15
5,10883	15
5,10950	15
5,11017	15
5,11083	15
5,11150	15
5,11217	15
5,11283	14
5,11350	14
5,11417	14
5,11483	14
5,11550	14
5,11617	14
5,11683	14
5,11750	14
5,11817	14
5,11883	14
5,11950	14
5,12017	14
5,12083	14
5,12150	14
5,12217	14
5,12283	14
5,12350	14
5,12417	15
5,12483	15
5,12550	15
5,12617	15
5,12683	15
5,12750	15
5,12817	15
5,12883	15
5,12950	15
5,13017	15
5,13083	15
5,13150	15
5,13217	16
5,13283	16
5,13350	16
5,13417	16
5,13483	16
5,13550	16
5,13617	16
5,13683	16
5,13750	16
5,13817	16
5,13883	16
5,13950	16
5,14017	16
5,14083	16
5,14150	16
5,14217	16
5,14283	16
5,14350	16
5,14417	16
5,14483	16
5,14550	16
5,14617	16
5,14683	16
5,14750	16
5,14817	16
5,14883	16
5,14950	16
5,15017	16
5,15083	16
5,15150	17
5,15217	17
5,15283	17
5,15350	17
5,15417	17
5,15483	17
5,15550	17
5,15617	17
5,15683	17
5,15750	17
5,15817	17
5,15883	17
5,15950	17
5,16017	17
5,16083	18
5,16150	18
5,16217	18
5,16283	18
5,16350	18
5,16417	18
5,16483	18
5,16550	18
5,16617	18
5,16683	18
5,16750	19
5,16817	19
5,16883	18
5,16950	18
5,17017	18
5,17083	18
5,17150	18
5,17217	18
5,17283	18
5,17350	18
5,17417	18
5,17483	18
5,17550	18
5,17617	17
5,17683	17
5,17750	18
5,17817	18
5,17883	18
5,17950	18
5,18017	18
5,18083	18
5,18150	17
5,18217	17
5,18283	17
5,18350	17
5,18417	17
5,18483	17
5,18550	17
5,18617	17
5,18683	17
5,18750	17
5,18817	17
5,18883	16
5,18950	16
5,19017	16
5,19083	16
5,19150	16
5,19217	16
5,19283	16
5,19350	16
5,19417	15
5,19483	15
5,19550	15
5,19617	14
5,19683	14
5,19750	14
5,19817	14
5,19883	13
5,19950	13
5,20017	13
5,20083	13
5,20150	13
5,20217	13
5,20283	12
5,20350	12
5,20417	12
5,20483	12
5,20550	12
5,20617	12
5,20683	12
5,20750	12
5,20817	12
5,20883	12
5,20950	12
5,21017	13
5,21083	13
5,21150	13
5,21217	13
5,21283	13
5,21350	13
5,21417	13
5,21483	13
5,21550	14
5,21617	14
5,21683	14
5,21750	15
5,21817	15
5,21883	15
5,21950	16
5,22017	16
5,22083	16
5,22150	16
5,22217	16
5,22283	17
5,22350	17
5,22417	17
5,22483	17
5,22550	17
5,22617	17
5,22683	17
5,22750	17
5,22817	17
5,22883	17
5,22950	17
5,23017	17
5,23083	17
5,23150	17
5,23217	17
5,23283	17
5,23350	17
5,23417	17
5,23483	17
5,23550	17
5,23617	16
5,23683	16
5,23750	16
5,23817	16
5,23883	16
5,23950	16
5,24017	16
5,24083	16
5,24150	16
5,24217	16
5,24283	16
5,24350	15
5,24417	15
5,24483	16
5,24550	16
5,24617	16
5,24683	16
5,24750	16
5,24817	16
5,24883	16
5,24950	15
5,25017	15
5,25083	15
5,25150	15
5,25217	15
5,25283	15
5,25350	15
5,25417	15
5,25483	15
5,25550	15
5,25617	14
5,25683	14
5,25750	14
5,25817	14
5,25883	14
5,25950	14
5,26017	14
5,26083	14
5,26150	14
5,26217	14
5,26283	14
5,26350	14
5,26417	14
5,26483	14
5,26550	14
5,26617	14
5,26683	15
5,26750	15
5,26817	15
5,26883	15
5,26950	15
5,27017	16
5,27083	16
5,27150	16
5,27217	16
5,27283	16
5,27350	17
5,27417	17
5,27483	17
5,27550	17
5,27617	17
5,27683	17
5,27750	17
5,27817	16
5,27883	16
5,27950	16
5,28017	16
5,28083	16
5,28150	16
5,28217	16
5,28283	16
5,28350	16
5,28417	15
5,28483	15
5,28550	15
5,28617	15
5,28683	14
5,28750	14
5,28817	14
5,28883	13
5,28950	13
5,29017	13
5,29083	12
5,29150	12
5,29217	12
5,29283	12
5,29350	12
5,29417	12
5,29483	12
5,29550	12
5,29617	12
5,29683	12
5,29750	13
5,29817	12
5,29883	12
5,29950	12
5,30017	12
5,30083	12
5,30150	12
5,30217	12
5,30283	12
5,30350	12
5,30417	12
5,30483	12
5,30550	12
5,30617	12
5,30683	12
5,30750	12
5,30817	12
5,30883	12
5,30950	12
5,31017	12
5,31083	12
5,31150	12
5,31217	12
5,31283	12
5,31350	12
5,31417	12
5,31483	13
5,31550	13
5,31617	13
5,31683	13
5,31750	13
5,31817	13
5,31883	12
5,31950	12
5,32017	11
5,32083	11
5,32150	11
5,32217	10
5,32283	10
5,32350	10
5,32417	10
5,32483	9
5,32550	9
5,32617	9
5,32683	9
5,32750	10
5,32817	10
5,32883	9
5,32950	9
5,33017	9
5,33083	9
5,33150	9
5,33217	8
5,33283	8
5,33350	8
5,33417	8
5,33483	8
5,33550	8
5,33617	8
5,33683	8
5,33750	8
5,33817	8
5,33883	8
5,33950	9
5,34017	9
5,34083	9
5,34150	10
5,34217	10
5,34283	10
5,34350	10
5,34417	10
5,34483	10
5,34550	11
5,34617	11
5,34683	11
5,34750	11
5,34817	12
5,34883	12
5,34950	12
5,35017	12
5,35083	12
5,35150	12
5,35217	12
5,35283	12
5,35350	12
5,35417	13
5,35483	13
5,35550	13
5,35617	13
5,35683	13
5,35750	13
5,35817	14
5,35883	14
5,35950	14
5,36017	14
5,36083	14
5,36150	14
5,36217	14
5,36283	14
5,36350	14
5,36417	13
5,36483	13
5,36550	13
5,36617	13
5,36683	13
5,36750	13
5,36817	13
5,36883	13
5,36950	13
5,37017	13
5,37083	13
5,37150	13
5,37217	13
5,37283	13
5,37350	13
5,37417	13
5,37483	13
5,37550	13
5,37617	13
5,37683	13
5,37750	13
5,37817	13
5,37883	13
5,37950	13
5,38017	13
5,38083	13
5,38150	13
5,38217	14
5,38283	14
5,38350	14
5,38417	13
5,38483	13
5,38550	13
5,38617	13
5,38683	13
5,38750	13
5,38817	13
5,38883	13
5,38950	13
5,39017	13
5,39083	14
5,39150	14
5,39217	14
5,39283	13
5,39350	13
5,39417	13
5,39483	13
5,39550	13
5,39617	13
5,39683	13
5,39750	13
5,39817	13
5,39883	13
5,39950	13
5,40017	13
5,40083	13
5,40150	13
5,40217	13
5,40283	14
5,40350	14
5,40417	13
5,40483	13
5,40550	13
5,40617	13
5,40683	13
5,40750	13
5,40817	12
5,40883	12
5,40950	12
5,41017	12
5,41083	11
5,41150	11
5,41217	11
5,41283	11
5,41350	11
5,41417	11
5,41483	11
5,41550	11
5,41617	11
5,41683	11
5,41750	11
5,41817	12
5,41883	12
5,41950	12
5,42017	13
5,42083	13
5,42150	13
5,42217	14
5,42283	14
5,42350	14
5,42417	14
5,42483	14
5,42550	14
5,42617	14
5,42683	14
5,42750	13
5,42817	13
5,42883	13
5,42950	13
5,43017	13
5,43083	13
5,43150	12
5,43217	12
5,43283	12
5,43350	12
5,43417	12
5,43483	12
5,43550	12
5,43617	12
5,43683	12
5,43750	12
5,43817	12
5,43883	12
5,43950	12
5,44017	12
5,44083	13
5,44150	13
5,44217	13
5,44283	13
5,44350	13
5,44417	13
5,44483	13
5,44550	13
5,44617	13
5,44683	13
5,44750	12
5,44817	12
5,44883	12
5,44950	11
5,45017	11
5,45083	11
5,45150	11
5,45217	11
5,45283	11
5,45350	11
5,45417	11
5,45483	11
5,45550	11
5,45617	11
5,45683	11
5,45750	11
5,45817	11
5,45883	10
5,45950	10
5,46017	10
5,46083	9
5,46150	9
5,46217	9
5,46283	9
5,46350	9
5,46417	9
5,46483	9
5,46550	9
5,46617	9
5,46683	9
5,46750	9
5,46817	9
5,46883	9
5,46950	9
5,47017	9
5,47083	9
5,47150	10
5,47217	10
5,47283	10
5,47350	10
5,47417	10
5,47483	11
5,47550	11
5,47617	11
5,47683	11
5,47750	11
5,47817	11
5,47883	11
5,47950	10
5,48017	10
5,48083	10
5,48150	9
5,48217	9
5,48283	9
5,48350	9
5,48417	8
5,48483	8
5,48550	8
5,48617	8
5,48683	8
5,48750	9
5,48817	9
5,48883	9
5,48950	9
5,49017	9
5,49083	10
5,49150	10
5,49217	10
5,49283	11
5,49350	12
5,49417	13
5,49483	15
5,49550	17
5,49617	20
5,49683	24
5,49750	28
5,49817	34
5,49883	41
5,49950	51
5,50017	63
5,50083	78
5,50150	97
5,50217	120
5,50283	148
5,50350	181
5,50417	221
5,50483	267
5,50550	320
5,50617	380
5,50683	447
5,50750	521
5,50817	603
5,50883	692
5,50950	787
5,51017	888
5,51083	994
5,51150	1102
5,51217	1212
5,51283	1323
5,51350	1432
5,51417	1539
5,51483	1641
5,51550	1738
5,51617	1829
5,51683	1911
5,51750	1984
5,51817	2048
5,51883	2102
5,51950	2145
5,52017	2178
5,52083	2200
5,52150	2211
5,52217	2213
5,52283	2204
5,52350	2186
5,52417	2160
5,52483	2126
5,52550	2085
5,52617	2038
5,52683	1985
5,52750	1927
5,52817	1866
5,52883	1801
5,52950	1734
5,53017	1664
5,53083	1594
5,53150	1522
5,53217	1451
5,53283	1379
5,53350	1309
5,53417	1240
5,53483	1172
5,53550	1106
5,53617	1042
5,53683	980
5,53750	920
5,53817	863
5,53883	809
5,53950	756
5,54017	707
5,54083	660
5,54150	616
5,54217	574
5,54283	534
5,54350	497
5,54417	463
5,54483	430
5,54550	400
5,54617	371
5,54683	345
5,54750	320
5,54817	298
5,54883	276
5,54950	256
5,55017	238
5,55083	221
5,55150	205
5,55217	190
5,55283	177
5,55350	164
5,55417	153
5,55483	142
5,55550	133
5,55617	124
5,55683	116
5,55750	108
5,55817	101
5,55883	95
5,55950	89
5,56017	84
5,56083	79
5,56150	75
5,56217	71
5,56283	67
5,56350	64
5,56417	60
5,56483	58
5,56550	55
5,56617	53
5,56683	50
5,56750	48
5,56817	46
5,56883	45
5,56950	43
5,57017	41
5,57083	40
5,57150	39
5,57217	37
5,57283	36
5,57350	36
5,57417	35
5,57483	34
5,57550	33
5,57617	33
5,57683	32
5,57750	31
5,57817	30
5,57883	30
5,57950	29
5,58017	29
5,58083	28
5,58150	28
5,58217	28
5,58283	27
5,58350	27
5,58417	26
5,58483	26
5,58550	25
5,58617	25
5,58683	25
5,58750	25
5,58817	24
5,58883	24
5,58950	24
5,59017	24
5,59083	24
5,59150	23
5,59217	23
5,59283	23
5,59350	23
5,59417	23
5,59483	22
5,59550	22
5,59617	22
5,59683	21
5,59750	21
5,59817	20
5,59883	20
5,59950	19
5,60017	19
5,60083	19
5,60150	18
5,60217	18
5,60283	18
5,60350	18
5,60417	17
5,60483	17
5,60550	17
5,60617	17
5,60683	17
5,60750	17
5,60817	17
5,60883	17
5,60950	17
5,61017	17
5,61083	17
5,61150	17
5,61217	17
5,61283	17
5,61350	17
5,61417	17
5,61483	17
5,61550	17
5,61617	17
5,61683	17
5,61750	16
5,61817	16
5,61883	16
5,61950	16
5,62017	15
5,62083	15
5,62150	15
5,62217	16
5,62283	16
5,62350	16
5,62417	16
5,62483	16
5,62550	16
5,62617	16
5,62683	16
5,62750	16
5,62817	16
5,62883	16
5,62950	16
5,63017	16
5,63083	16
5,63150	16
5,63217	16
5,63283	16
5,63350	16
5,63417	16
5,63483	17
5,63550	17
5,63617	17
5,63683	17
5,63750	17
5,63817	17
5,63883	16
5,63950	16
5,64017	16
5,64083	16
5,64150	15
5,64217	15
5,64283	15
5,64350	14
5,64417	14
5,64483	14
5,64550	14
5,64617	14
5,64683	14
5,64750	14
5,64817	14
5,64883	14
5,64950	14
5,65017	14
5,65083	14
5,65150	14
5,65217	14
5,65283	13
5,65350	13
5,65417	13
5,65483	13
5,65550	13
5,65617	13
5,65683	13
5,65750	13
5,65817	12
5,65883	12
5,65950	12
5,66017	12
5,66083	11
5,66150	11
5,66217	10
5,66283	10
5,66350	10
5,66417	10
5,66483	9
5,66550	9
5,66617	9
5,66683	9
5,66750	9
5,66817	9
5,66883	10
5,66950	10
5,67017	10
5,67083	9
5,67150	9
5,67217	9
5,67283	10
5,67350	10
5,67417	10
5,67483	10
5,67550	10
5,67617	10
5,67683	11
5,67750	11
5,67817	11
5,67883	11
5,67950	11
5,68017	11
5,68083	11
5,68150	11
5,68217	11
5,68283	11
5,68350	10
5,68417	10
5,68483	10
5,68550	10
5,68617	10
5,68683	10
5,68750	10
5,68817	11
5,68883	11
5,68950	11
5,69017	11
5,69083	11
5,69150	11
5,69217	11
5,69283	11
5,69350	11
5,69417	11
5,69483	11
5,69550	11
5,69617	11
5,69683	11
5,69750	11
5,69817	11
5,69883	11
5,69950	11
5,70017	11
5,70083	12
5,70150	12
5,70217	12
5,70283	12
5,70350	13
5,70417	13
5,70483	13
5,70550	13
5,70617	14
5,70683	14
5,70750	14
5,70817	14
5,70883	14
5,70950	14
5,71017	14
5,71083	14
5,71150	14
5,71217	14
5,71283	13
5,71350	13
5,71417	13
5,71483	13
5,71550	13
5,71617	13
5,71683	13
5,71750	13
5,71817	13
5,71883	13
5,71950	12
5,72017	12
5,72083	12
5,72150	11
5,72217	11
5,72283	11
5,72350	11
5,72417	10
5,72483	10
5,72550	10
5,72617	10
5,72683	10
5,72750	11
5,72817	11
5,72883	11
5,72950	11
5,73017	11
5,73083	12
5,73150	12
5,73217	12
5,73283	12
5,73350	12
5,73417	12
5,73483	12
5,73550	12
5,73617	12
5,73683	12
5,73750	11
5,73817	11
5,73883	11
5,73950	11
5,74017	10
5,74083	10
5,74150	11
5,74217	11
5,74283	11
5,74350	11
5,74417	12
5,74483	12
5,74550	12
5,74617	12
5,74683	12
5,74750	12
5,74817	12
5,74883	12
5,74950	12
5,75017	12
5,75083	12
5,75150	12
5,75217	11
5,75283	11
5,75350	11
5,75417	11
5,75483	12
5,75550	12
5,75617	12
5,75683	12
5,75750	12
5,75817	12
5,75883	11
5,75950	11
5,76017	11
5,76083	11
5,76150	11
5,76217	11
5,76283	11
5,76350	10
5,76417	10
5,76483	10
5,76550	10
5,76617	10
5,76683	10
5,76750	10
5,76817	10
5,76883	10
5,76950	10
5,77017	10
5,77083	10
5,77150	10
5,77217	10
5,77283	10
5,77350	10
5,77417	10
5,77483	10
5,77550	10
5,77617	10
5,77683	10
5,77750	10
5,77817	10
5,77883	10
5,77950	10
5,78017	10
5,78083	10
5,78150	10
5,78217	10
5,78283	11
5,78350	11
5,78417	11
5,78483	11
5,78550	11
5,78617	11
5,78683	11
5,78750	11
5,78817	10
5,78883	10
5,78950	10
5,79017	10
5,79083	10
5,79150	9
5,79217	9
5,79283	9
5,79350	9
5,79417	8
5,79483	8
5,79550	8
5,79617	8
5,79683	8
5,79750	8
5,79817	8
5,79883	7
5,79950	7
5,80017	7
5,80083	7
5,80150	7
5,80217	7
5,80283	7
5,80350	7
5,80417	8
5,80483	8
5,80550	8
5,80617	9
5,80683	9
5,80750	9
5,80817	10
5,80883	10
5,80950	10
5,81017	10
5,81083	11
5,81150	11
5,81217	11
5,81283	11
5,81350	11
5,81417	11
5,81483	12
5,81550	12
5,81617	12
5,81683	12
5,81750	12
5,81817	12
5,81883	12
5,81950	12
5,82017	12
5,82083	12
5,82150	12
5,82217	12
5,82283	12
5,82350	12
5,82417	12
5,82483	12
5,82550	13
5,82617	13
5,82683	13
5,82750	13
5,82817	13
5,82883	13
5,82950	13
5,83017	13
5,83083	13
5,83150	13
5,83217	13
5,83283	14
5,83350	14
5,83417	14
5,83483	14
5,83550	14
5,83617	14
5,83683	15
5,83750	15
5,83817	15
5,83883	15
5,83950	15
5,84017	15
5,84083	15
5,84150	16
5,84217	16
5,84283	16
5,84350	16
5,84417	16
5,84483	16
5,84550	16
5,84617	17
5,84683	17
5,84750	17
5,84817	17
5,84883	17
5,84950	17
5,85017	18
5,85083	18
5,85150	18
5,85217	18
5,85283	18
5,85350	18
5,85417	18
5,85483	18
5,85550	18
5,85617	18
5,85683	18
5,85750	18
5,85817	18
5,85883	18
5,85950	18
5,86017	18
5,86083	18
5,86150	18
5,86217	18
5,86283	17
5,86350	17
5,86417	17
5,86483	18
5,86550	18
5,86617	18
5,86683	18
5,86750	18
5,86817	19
5,86883	19
5,86950	19
5,87017	19
5,87083	20
5,87150	20
5,87217	20
5,87283	19
5,87350	19
5,87417	19
5,87483	19
5,87550	19
5,87617	19
5,87683	18
5,87750	18
5,87817	18
5,87883	18
5,87950	18
5,88017	18
5,88083	18
5,88150	18
5,88217	18
5,88283	18
5,88350	18
5,88417	18
5,88483	18
5,88550	18
5,88617	18
5,88683	18
5,88750	18
5,88817	17
5,88883	17
5,88950	17
5,89017	17
5,89083	16
5,89150	16
5,89217	15
5,89283	15
5,89350	15
5,89417	15
5,89483	14
5,89550	14
5,89617	14
5,89683	14
5,89750	14
5,89817	14
5,89883	14
5,89950	14
5,90017	14
5,90083	14
5,90150	14
5,90217	14
5,90283	14
5,90350	14
5,90417	14
5,90483	14
5,90550	14
5,90617	14
5,90683	13
5,90750	13
5,90817	13
5,90883	13
5,90950	13
5,91017	13
5,91083	13
5,91150	13
5,91217	13
5,91283	13
5,91350	13
5,91417	13
5,91483	13
5,91550	13
5,91617	13
5,91683	13
5,91750	13
5,91817	13
5,91883	12
5,91950	12
5,92017	13
5,92083	13
5,92150	13
5,92217	13
5,92283	13
5,92350	13
5,92417	13
5,92483	13
5,92550	13
5,92617	13
5,92683	13
5,92750	13
5,92817	13
5,92883	13
5,92950	12
5,93017	12
5,93083	12
5,93150	12
5,93217	12
5,93283	12
5,93350	12
5,93417	12
5,93483	12
5,93550	12
5,93617	12
5,93683	12
5,93750	12
5,93817	13
5,93883	13
5,93950	13
5,94017	13
5,94083	14
5,94150	14
5,94217	14
5,94283	14
5,94350	15
5,94417	14
5,94483	14
5,94550	14
5,94617	14
5,94683	15
5,94750	15
5,94817	15
5,94883	16
5,94950	16
5,95017	17
5,95083	17
5,95150	18
5,95217	18
5,95283	18
5,95350	19
5,95417	19
5,95483	19
5,95550	20
5,95617	20
5,95683	20
5,95750	20
5,95817	20
5,95883	20
5,95950	20
5,96017	20
5,96083	20
5,96150	20
5,96217	20
5,96283	20
5,96350	20
5,96417	20
5,96483	20
5,96550	20
5,96617	19
5,96683	19
5,96750	19
5,96817	19
5,96883	19
5,96950	19
5,97017	19
5,97083	19
5,97150	19
5,97217	18
5,97283	18
5,97350	18
5,97417	18
5,97483	18
5,97550	18
5,97617	18
5,97683	18
5,97750	18
5,97817	17
5,97883	17
5,97950	17
5,98017	16
5,98083	16
5,98150	16
5,98217	15
5,98283	15
5,98350	15
5,98417	15
5,98483	15
5,98550	15
5,98617	15
5,98683	15
5,98750	15
5,98817	15
5,98883	15
5,98950	15
5,99017	15
5,99083	15
5,99150	14
5,99217	14
5,99283	14
5,99350	14
5,99417	14
5,99483	14
5,99550	14
5,99617	14
5,99683	14
5,99750	14
5,99817	14
5,99883	14
5,99950	14
6,00017	14
6,00083	14
6,00150	14
6,00217	14
6,00283	14
6,00350	14
6,00417	14
6,00483	14
6,00550	14
6,00617	14
6,00683	14
6,00750	14
6,00817	14
6,00883	14
6,00950	14
6,01017	14
6,01083	14
6,01150	14
6,01217	13
6,01283	13
6,01350	13
6,01417	12
6,01483	12
6,01550	12
6,01617	12
6,01683	12
6,01750	12
6,01817	11
6,01883	11
6,01950	11
6,02017	11
6,02083	11
6,02150	11
6,02217	11
6,02283	11
6,02350	11
6,02417	11
6,02483	10
6,02550	10
6,02617	10
6,02683	10
6,02750	10
6,02817	10
6,02883	10
6,02950	10
6,03017	10
6,03083	10
6,03150	10
6,03217	11
6,03283	11
6,03350	11
6,03417	11
6,03483	11
6,03550	12
6,03617	12
6,03683	12
6,03750	12
6,03817	12
6,03883	13
6,03950	13
6,04017	13
6,04083	13
6,04150	14
6,04217	14
6,04283	14
6,04350	14
6,04417	14
6,04483	14
6,04550	14
6,04617	14
6,04683	14
6,04750	14
6,04817	14
6,04883	14
6,04950	14
6,05017	14
6,05083	14
6,05150	14
6,05217	14
6,05283	14
6,05350	14
6,05417	14
6,05483	14
6,05550	14
6,05617	14
6,05683	14
6,05750	14
6,05817	14
6,05883	14
6,05950	15
6,06017	15
6,06083	15
6,06150	15
6,06217	15
6,06283	15
6,06350	15
6,06417	15
6,06483	15
6,06550	15
6,06617	15
6,06683	15
6,06750	15
6,06817	15
6,06883	15
6,06950	15
6,07017	15
6,07083	16
6,07150	16
6,07217	16
6,07283	16
6,07350	16
6,07417	16
6,07483	16
6,07550	16
6,07617	15
6,07683	15
6,07750	15
6,07817	15
6,07883	15
6,07950	15
6,08017	15
6,08083	15
6,08150	16
6,08217	16
6,08283	16
6,08350	16
6,08417	16
6,08483	16
6,08550	16
6,08617	16
6,08683	16
6,08750	16
6,08817	16
6,08883	15
6,08950	15
6,09017	15
6,09083	15
6,09150	15
6,09217	15
6,09283	15
6,09350	15
6,09417	15
6,09483	15
6,09550	15
6,09617	15
6,09683	16
6,09750	16
6,09817	16
6,09883	16
6,09950	16
6,10017	16
6,10083	16
6,10150	16
6,10217	16
6,10283	16
6,10350	16
6,10417	16
6,10483	16
6,10550	16
6,10617	15
6,10683	15
6,10750	15
6,10817	15
6,10883	15
6,10950	15
6,11017	15
6,11083	15
6,11150	14
6,11217	14
6,11283	14
6,11350	14
6,11417	14
6,11483	14
6,11550	14
6,11617	14
6,11683	14
6,11750	14
6,11817	14
6,11883	13
6,11950	13
6,12017	13
6,12083	12
6,12150	12
6,12217	12
6,12283	12
6,12350	12
6,12417	12
6,12483	11
6,12550	11
6,12617	11
6,12683	11
6,12750	12
6,12817	12
6,12883	12
6,12950	12
6,13017	12
6,13083	12
6,13150	12
6,13217	12
6,13283	12
6,13350	12
6,13417	12
6,13483	12
6,13550	12
6,13617	12
6,13683	12
6,13750	12
6,13817	12
6,13883	12
6,13950	12
6,14017	12
6,14083	12
6,14150	12
6,14217	13
6,14283	13
6,14350	13
6,14417	13
6,14483	14
6,14550	14
6,14617	14
6,14683	14
6,14750	14
6,14817	15
6,14883	15
6,14950	15
6,15017	15
6,15083	15
6,15150	15
6,15217	15
6,15283	15
6,15350	15
6,15417	15
6,15483	15
6,15550	15
6,15617	15
6,15683	15
6,15750	15
6,15817	15
6,15883	15
6,15950	15
6,16017	15
6,16083	15
6,16150	15
6,16217	15
6,16283	15
6,16350	14
6,16417	14
6,16483	14
6,16550	14
6,16617	14
6,16683	14
6,16750	14
6,16817	14
6,16883	14
6,16950	14
6,17017	14
6,17083	14
6,17150	14
6,17217	14
6,17283	14
6,17350	14
6,17417	13
6,17483	13
6,17550	13
6,17617	13
6,17683	13
6,17750	13
6,17817	13
6,17883	13
6,17950	13
6,18017	13
6,18083	13
6,18150	13
6,18217	13
6,18283	13
6,18350	13
6,18417	13
6,18483	13
6,18550	12
6,18617	12
6,18683	12
6,18750	12
6,18817	12
6,18883	12
6,18950	12
6,19017	13
6,19083	13
6,19150	13
6,19217	13
6,19283	14
6,19350	14
6,19417	14
6,19483	14
6,19550	14
6,19617	14
6,19683	14
6,19750	14
6,19817	14
6,19883	14
6,19950	14
6,20017	14
6,20083	14
6,20150	14
6,20217	14
6,20283	14
6,20350	14
6,20417	14
6,20483	14
6,20550	14
6,20617	14
6,20683	14
6,20750	13
6,20817	13
6,20883	13
6,20950	13
6,21017	14
6,21083	14
6,21150	14
6,21217	14
6,21283	14
6,21350	14
6,21417	14
6,21483	14
6,21550	14
6,21617	14
6,21683	14
6,21750	14
6,21817	14
6,21883	13
6,21950	13
6,22017	13
6,22083	13
6,22150	13
6,22217	13
6,22283	13
6,22350	14
6,22417	14
6,22483	14
6,22550	14
6,22617	14
6,22683	14
6,22750	14
6,22817	14
6,22883	14
6,22950	14
6,23017	15
6,23083	15
6,23150	15
6,23217	15
6,23283	15
6,23350	15
6,23417	15
6,23483	15
6,23550	15
6,23617	15
6,23683	14
6,23750	14
6,23817	14
6,23883	13
6,23950	13
6,24017	13
6,24083	12
6,24150	12
6,24217	12
6,24283	12
6,24350	12
6,24417	12
6,24483	11
6,24550	11
6,24617	11
6,24683	11
6,24750	11
6,24817	11
6,24883	11
6,24950	11
6,25017	11
6,25083	11
6,25150	12
6,25217	12
6,25283	12
6,25350	13
6,25417	13
6,25483	14
6,25550	14
6,25617	14
6,25683	15
6,25750	15
6,25817	15
6,25883	15
6,25950	15
6,26017	16
6,26083	16
6,26150	16
6,26217	16
6,26283	17
6,26350	17
6,26417	17
6,26483	18
6,26550	18
6,26617	18
6,26683	18
6,26750	18
6,26817	19
6,26883	19
6,26950	19
6,27017	19
6,27083	19
6,27150	19
6,27217	19
6,27283	19
6,27350	19
6,27417	19
6,27483	19
6,27550	18
6,27617	18
6,27683	18
6,27750	18
6,27817	18
6,27883	18
6,27950	18
6,28017	18
6,28083	18
6,28150	18
6,28217	18
6,28283	18
6,28350	18
6,28417	18
6,28483	18
6,28550	18
6,28617	17
6,28683	17
6,28750	17
6,28817	17
6,28883	17
6,28950	17
6,29017	17
6,29083	17
6,29150	16
6,29217	16
6,29283	16
6,29350	16
6,29417	17
6,29483	17
6,29550	17
6,29617	17
6,29683	17
6,29750	17
6,29817	17
6,29883	17
6,29950	18
6,30017	18
6,30083	18
6,30150	18
6,30217	18
6,30283	18
6,30350	18
6,30417	19
6,30483	19
6,30550	20
6,30617	20
6,30683	21
6,30750	21
6,30817	22
6,30883	22
6,30950	23
6,31017	23
6,31083	23
6,31150	23
6,31217	23
6,31283	23
6,31350	23
6,31417	23
6,31483	23
6,31550	23
6,31617	23
6,31683	23
6,31750	23
6,31817	23
6,31883	23
6,31950	23
6,32017	23
6,32083	23
6,32150	23
6,32217	22
6,32283	22
6,32350	22
6,32417	21
6,32483	21
6,32550	21
6,32617	20
6,32683	20
6,32750	20
6,32817	20
6,32883	19
6,32950	19
6,33017	20
6,33083	20
6,33150	20
6,33217	20
6,33283	20
6,33350	20
6,33417	19
6,33483	19
6,33550	19
6,33617	19
6,33683	19
6,33750	19
6,33817	19
6,33883	19
6,33950	19
6,34017	19
6,34083	20
6,34150	20
6,34217	19
6,34283	19
6,34350	19
6,34417	19
6,34483	19
6,34550	19
6,34617	19
6,34683	19
6,34750	19
6,34817	20
6,34883	20
6,34950	21
6,35017	21
6,35083	21
6,35150	21
6,35217	22
6,35283	22
6,35350	22
6,35417	22
6,35483	22
6,35550	21
6,35617	21
6,35683	21
6,35750	21
6,35817	21
6,35883	21
6,35950	22
6,36017	22
6,36083	22
6,36150	22
6,36217	22
6,36283	22
6,36350	22
6,36417	22
6,36483	22
6,36550	22
6,36617	22
6,36683	21
6,36750	21
6,36817	21
6,36883	21
6,36950	21
6,37017	21
6,37083	21
6,37150	21
6,37217	21
6,37283	21
6,37350	21
6,37417	20
6,37483	20
6,37550	20
6,37617	20
6,37683	20
6,37750	19
6,37817	19
6,37883	18
6,37950	18
6,38017	18
6,38083	18
6,38150	18
6,38217	18
6,38283	18
6,38350	18
6,38417	19
6,38483	19
6,38550	19
6,38617	19
6,38683	19
6,38750	19
6,38817	19
6,38883	19
6,38950	19
6,39017	20
6,39083	20
6,39150	20
6,39217	21
6,39283	21
6,39350	21
6,39417	21
6,39483	21
6,39550	21
6,39617	22
6,39683	22
6,39750	22
6,39817	22
6,39883	22
6,39950	22
6,40017	22
6,40083	21
6,40150	22
6,40217	22
6,40283	22
6,40350	22
6,40417	22
6,40483	21
6,40550	21
6,40617	21
6,40683	21
6,40750	20
6,40817	20
6,40883	20
6,40950	19
6,41017	19
6,41083	18
6,41150	18
6,41217	17
6,41283	17
6,41350	17
6,41417	17
6,41483	16
6,41550	16
6,41617	16
6,41683	16
6,41750	15
6,41817	15
6,41883	15
6,41950	14
6,42017	14
6,42083	14
6,42150	14
6,42217	14
6,42283	14
6,42350	14
6,42417	14
6,42483	14
6,42550	14
6,42617	13
6,42683	13
6,42750	13
6,42817	13
6,42883	13
6,42950	12
6,43017	12
6,43083	12
6,43150	12
6,43217	11
6,43283	11
6,43350	11
6,43417	11
6,43483	11
6,43550	11
6,43617	11
6,43683	11
6,43750	11
6,43817	11
6,43883	11
6,43950	11
6,44017	11
6,44083	11
6,44150	11
6,44217	12
6,44283	12
6,44350	12
6,44417	12
6,44483	12
6,44550	12
6,44617	12
6,44683	12
6,44750	13
6,44817	13
6,44883	13
6,44950	13
6,45017	13
6,45083	12
6,45150	12
6,45217	12
6,45283	12
6,45350	12
6,45417	12
6,45483	11
6,45550	11
6,45617	12
6,45683	12
6,45750	12
6,45817	12
6,45883	12
6,45950	12
6,46017	12
6,46083	13
6,46150	13
6,46217	13
6,46283	13
6,46350	14
6,46417	14
6,46483	14
6,46550	15
6,46617	15
6,46683	15
6,46750	15
6,46817	16
6,46883	16
6,46950	16
6,47017	16
6,47083	16
6,47150	16
6,47217	16
6,47283	16
6,47350	16
6,47417	16
6,47483	15
6,47550	15
6,47617	15
6,47683	15
6,47750	15
6,47817	15
6,47883	15
6,47950	15
6,48017	15
6,48083	15
6,48150	15
6,48217	15
6,48283	15
6,48350	15
6,48417	15
6,48483	15
6,48550	14
6,48617	14
6,48683	14
6,48750	14
6,48817	14
6,48883	14
6,48950	14
6,49017	14
6,49083	14
6,49150	13
6,49217	13
6,49283	13
6,49350	13
6,49417	13
6,49483	13
6,49550	12
6,49617	13
6,49683	13
6,49750	13
6,49817	13
6,49883	13
6,49950	13
6,50017	13
6,50083	13
6,50150	13
6,50217	13
6,50283	13
6,50350	13
6,50417	13
6,50483	13
6,50550	13
6,50617	13
6,50683	13
6,50750	13
6,50817	13
6,50883	13
6,50950	13
6,51017	13
6,51083	13
6,51150	13
6,51217	13
6,51283	13
6,51350	13
6,51417	13
6,51483	13
6,51550	13
6,51617	13
6,51683	13
6,51750	13
6,51817	13
6,51883	13
6,51950	12
6,52017	12
6,52083	12
6,52150	11
6,52217	11
6,52283	11
6,52350	11
6,52417	10
6,52483	10
6,52550	10
6,52617	10
6,52683	10
6,52750	10
6,52817	10
6,52883	10
6,52950	10
6,53017	11
6,53083	11
6,53150	11
6,53217	11
6,53283	12
6,53350	12
6,53417	12
6,53483	12
6,53550	12
6,53617	12
6,53683	13
6,53750	13
6,53817	13
6,53883	13
6,53950	13
6,54017	13
6,54083	13
6,54150	12
6,54217	12
6,54283	12
6,54350	12
6,54417	11
6,54483	11
6,54550	11
6,54617	11
6,54683	10
6,54750	10
6,54817	10
6,54883	10
6,54950	10
6,55017	10
6,55083	9
6,55150	9
6,55217	9
6,55283	10
6,55350	10
6,55417	10
6,55483	10
6,55550	10
6,55617	11
6,55683	11
6,55750	11
6,55817	11
6,55883	12
6,55950	12
6,56017	12
6,56083	12
6,56150	12
6,56217	12
6,56283	12
6,56350	12
6,56417	13
6,56483	13
6,56550	13
6,56617	13
6,56683	13
6,56750	13
6,56817	13
6,56883	13
6,56950	13
6,57017	13
6,57083	13
6,57150	13
6,57217	14
6,57283	14
6,57350	14
6,57417	14
6,57483	14
6,57550	14
6,57617	14
6,57683	14
6,57750	14
6,57817	13
6,57883	13
6,57950	13
6,58017	13
6,58083	13
6,58150	13
6,58217	13
6,58283	13
6,58350	13
6,58417	13
6,58483	13
6,58550	13
6,58617	13
6,58683	13
6,58750	13
6,58817	13
6,58883	13
6,58950	13
6,59017	13
6,59083	13
6,59150	13
6,59217	13
6,59283	14
6,59350	14
6,59417	14
6,59483	14
6,59550	15
6,59617	15
6,59683	15
6,59750	15
6,59817	15
6,59883	16
6,59950	16
6,60017	16
6,60083	16
6,60150	16
6,60217	16
6,60283	16
6,60350	17
6,60417	17
6,60483	17
6,60550	17
6,60617	17
6,60683	17
6,60750	17
6,60817	17
6,60883	17
6,60950	17
6,61017	17
6,61083	17
6,61150	16
6,61217	16
6,61283	16
6,61350	16
6,61417	16
6,61483	16
6,61550	15
6,61617	15
6,61683	15
6,61750	15
6,61817	15
6,61883	15
6,61950	15
6,62017	15
6,62083	15
6,62150	16
6,62217	16
6,62283	16
6,62350	16
6,62417	16
6,62483	15
6,62550	15
6,62617	15
6,62683	15
6,62750	15
6,62817	15
6,62883	15
6,62950	15
6,63017	15
6,63083	15
6,63150	14
6,63217	14
6,63283	14
6,63350	14
6,63417	14
6,63483	14
6,63550	14
6,63617	14
6,63683	14
6,63750	14
6,63817	14
6,63883	14
6,63950	14
6,64017	14
6,64083	14
6,64150	13
6,64217	13
6,64283	13
6,64350	12
6,64417	12
6,64483	11
6,64550	11
6,64617	10
6,64683	10
6,64750	10
6,64817	10
6,64883	10
6,64950	10
6,65017	10
6,65083	11
6,65150	11
6,65217	11
6,65283	11
6,65350	10
6,65417	10
6,65483	10
6,65550	10
6,65617	10
6,65683	10
6,65750	10
6,65817	10
6,65883	10
6,65950	10
6,66017	10
6,66083	10
6,66150	11
6,66217	11
6,66283	11
6,66350	11
6,66417	11
6,66483	11
6,66550	11
6,66617	11
6,66683	11
6,66750	11
6,66817	11
6,66883	11
6,66950	11
6,67017	11
6,67083	11
6,67150	11
6,67217	11
6,67283	11
6,67350	11
6,67417	11
6,67483	11
6,67550	11
6,67617	11
6,67683	11
6,67750	11
6,67817	12
6,67883	12
6,67950	12
6,68017	13
6,68083	13
6,68150	13
6,68217	14
6,68283	14
6,68350	14
6,68417	15
6,68483	15
6,68550	15
6,68617	15
6,68683	16
6,68750	16
6,68817	16
6,68883	16
6,68950	16
6,69017	16
6,69083	16
6,69150	16
6,69217	16
6,69283	16
6,69350	16
6,69417	16
6,69483	16
6,69550	15
6,69617	15
6,69683	15
6,69750	15
6,69817	15
6,69883	15
6,69950	15
6,70017	16
6,70083	16
6,70150	16
6,70217	16
6,70283	16
6,70350	16
6,70417	15
6,70483	15
6,70550	15
6,70617	15
6,70683	14
6,70750	14
6,70817	14
6,70883	14
6,70950	13
6,71017	13
6,71083	13
6,71150	13
6,71217	13
6,71283	13
6,71350	13
6,71417	13
6,71483	13
6,71550	13
6,71617	12
6,71683	12
6,71750	11
6,71817	11
6,71883	11
6,71950	10
6,72017	10
6,72083	10
6,72150	10
6,72217	10
6,72283	10
6,72350	10
6,72417	10
6,72483	10
6,72550	10
6,72617	10
6,72683	10
6,72750	10
6,72817	10
6,72883	10
6,72950	11
6,73017	11
6,73083	11
6,73150	11
6,73217	11
6,73283	11
6,73350	12
6,73417	12
6,73483	12
6,73550	12
6,73617	12
6,73683	13
6,73750	13
6,73817	13
6,73883	13
6,73950	13
6,74017	12
6,74083	12
6,74150	12
6,74217	12
6,74283	11
6,74350	11
6,74417	11
6,74483	11
6,74550	10
6,74617	10
6,74683	10
6,74750	9
6,74817	9
6,74883	9
6,74950	9
6,75017	9
6,75083	9
6,75150	9
6,75217	9
6,75283	9
6,75350	9
6,75417	9
6,75483	9
6,75550	9
6,75617	10
6,75683	10
6,75750	10
6,75817	9
6,75883	9
6,75950	9
6,76017	9
6,76083	9
6,76150	9
6,76217	9
6,76283	9
6,76350	9
6,76417	10
6,76483	10
6,76550	11
6,76617	11
6,76683	11
6,76750	11
6,76817	12
6,76883	12
6,76950	12
6,77017	11
6,77083	11
6,77150	11
6,77217	11
6,77283	11
6,77350	11
6,77417	10
6,77483	10
6,77550	10
6,77617	10
6,77683	10
6,77750	10
6,77817	10
6,77883	9
6,77950	9
6,78017	9
6,78083	9
6,78150	9
6,78217	9
6,78283	9
6,78350	9
6,78417	9
6,78483	9
6,78550	9
6,78617	9
6,78683	9
6,78750	9
6,78817	10
6,78883	10
6,78950	10
6,79017	10
6,79083	10
6,79150	10
6,79217	10
6,79283	10
6,79350	10
6,79417	10
6,79483	9
6,79550	9
6,79617	9
6,79683	9
6,79750	10
6,79817	10
6,79883	10
6,79950	10
6,80017	11
6,80083	11
6,80150	11
6,80217	11
6,80283	12
6,80350	12
6,80417	11
6,80483	11
6,80550	11
6,80617	11
6,80683	11
6,80750	11
6,80817	12
6,80883	12
6,80950	12
6,81017	12
6,81083	12
6,81150	12
6,81217	11
6,81283	12
6,81350	12
6,81417	11
6,81483	11
6,81550	11
6,81617	11
6,81683	11
6,81750	10
6,81817	10
6,81883	10
6,81950	10
6,82017	10
6,82083	10
6,82150	10
6,82217	10
6,82283	10
6,82350	10
6,82417	10
6,82483	10
6,82550	10
6,82617	10
6,82683	10
6,82750	10
6,82817	10
6,82883	10
6,82950	10
6,83017	10
6,83083	10
6,83150	10
6,83217	11
6,83283	11
6,83350	11
6,83417	11
6,83483	11
6,83550	11
6,83617	11
6,83683	11
6,83750	11
6,83817	11
6,83883	11
6,83950	11
6,84017	11
6,84083	11
6,84150	11
6,84217	11
6,84283	12
6,84350	12
6,84417	12
6,84483	12
6,84550	12
6,84617	12
6,84683	12
6,84750	12
6,84817	12
6,84883	12
6,84950	12
6,85017	12
6,85083	12
6,85150	11
6,85217	11
6,85283	11
6,85350	11
6,85417	11
6,85483	11
6,85550	11
6,85617	10
6,85683	10
6,85750	10
6,85817	10
6,85883	10
6,85950	10
6,86017	10
6,86083	9
6,86150	10
6,86217	10
6,86283	10
6,86350	10
6,86417	10
6,86483	10
6,86550	10
6,86617	10
6,86683	10
6,86750	10
6,86817	10
6,86883	10
6,86950	10
6,87017	10
6,87083	10
6,87150	10
6,87217	10
6,87283	11
6,87350	11
6,87417	11
6,87483	11
6,87550	11
6,87617	11
6,87683	11
6,87750	11
6,87817	11
6,87883	11
6,87950	10
6,88017	10
6,88083	10
6,88150	11
6,88217	11
6,88283	11
6,88350	11
6,88417	12
6,88483	13
6,88550	13
6,88617	14
6,88683	16
6,88750	17
6,88817	19
6,88883	21
6,88950	23
6,89017	25
6,89083	27
6,89150	30
6,89217	33
6,89283	35
6,89350	38
6,89417	42
6,89483	45
6,89550	49
6,89617	53
6,89683	57
6,89750	61
6,89817	66
6,89883	71
6,89950	76
6,90017	81
6,90083	86
6,90150	92
6,90217	98
6,90283	104
6,90350	110
6,90417	116
6,90483	122
6,90550	128
6,90617	134
6,90683	140
6,90750	146
6,90817	152
6,90883	158
6,90950	163
6,91017	169
6,91083	174
6,91150	180
6,91217	184
6,91283	189
6,91350	194
6,91417	198
6,91483	202
6,91550	206
6,91617	210
6,91683	213
6,91750	217
6,91817	220
6,91883	223
6,91950	226
6,92017	229
6,92083	232
6,92150	234
6,92217	237
6,92283	239
6,92350	242
6,92417	244
6,92483	247
6,92550	249
6,92617	251
6,92683	253
6,92750	255
6,92817	256
6,92883	257
6,92950	259
6,93017	260
6,93083	260
6,93150	261
6,93217	262
6,93283	263
6,93350	264
6,93417	264
6,93483	265
6,93550	266
6,93617	266
6,93683	267
6,93750	267
6,93817	268
6,93883	268
6,93950	268
6,94017	268
6,94083	268
6,94150	268
6,94217	268
6,94283	268
6,94350	267
6,94417	267
6,94483	266
6,94550	266
6,94617	266
6,94683	266
6,94750	265
6,94817	265
6,94883	264
6,94950	264
6,95017	264
6,95083	263
6,95150	262
6,95217	262
6,95283	261
6,95350	260
6,95417	260
6,95483	259
6,95550	258
6,95617	258
6,95683	257
6,95750	257
6,95817	256
6,95883	256
6,95950	255
6,96017	255
6,96083	254
6,96150	254
6,96217	253
6,96283	252
6,96350	252
6,96417	252
6,96483	251
6,96550	251
6,96617	251
6,96683	250
6,96750	250
6,96817	249
6,96883	249
6,96950	248
6,97017	247
6,97083	247
6,97150	246
6,97217	246
6,97283	245
6,97350	245
6,97417	244
6,97483	243
6,97550	243
6,97617	242
6,97683	242
6,97750	241
6,97817	241
6,97883	241
6,97950	240
6,98017	240
6,98083	239
6,98150	238
6,98217	238
6,98283	237
6,98350	236
6,98417	236
6,98483	235
6,98550	234
6,98617	233
6,98683	233
6,98750	232
6,98817	231
6,98883	231
6,98950	230
6,99017	230
6,99083	229
6,99150	229
6,99217	228
6,99283	228
6,99350	227
6,99417	227
6,99483	227
6,99550	227
6,99617	227
6,99683	227
6,99750	228
6,99817	228
6,99883	229
6,99950	230
7,00017	231
7,00083	232
7,00150	233
7,00217	234
7,00283	236
7,00350	237
7,00417	238
7,00483	240
7,00550	241
7,00617	243
7,00683	244
7,00750	245
7,00817	246
7,00883	247
7,00950	249
7,01017	250
7,01083	251
7,01150	252
7,01217	253
7,01283	253
7,01350	253
7,01417	253
7,01483	252
7,01550	251
7,01617	250
7,01683	249
7,01750	248
7,01817	246
7,01883	245
7,01950	243
7,02017	241
7,02083	239
7,02150	237
7,02217	235
7,02283	233
7,02350	231
7,02417	229
7,02483	226
7,02550	224
7,02617	221
7,02683	219
7,02750	216
7,02817	214
7,02883	211
7,02950	208
7,03017	206
7,03083	204
7,03150	202
7,03217	200
7,03283	197
7,03350	195
7,03417	193
7,03483	191
7,03550	189
7,03617	187
7,03683	185
7,03750	183
7,03817	182
7,03883	180
7,03950	178
7,04017	177
7,04083	175
7,04150	173
7,04217	172
7,04283	170
7,04350	169
7,04417	167
7,04483	166
7,04550	164
7,04617	163
7,04683	162
7,04750	161
7,04817	159
7,04883	158
7,04950	156
7,05017	155
7,05083	153
7,05150	152
7,05217	151
7,05283	149
7,05350	148
7,05417	147
7,05483	146
7,05550	145
7,05617	144
7,05683	143
7,05750	142
7,05817	141
7,05883	140
7,05950	139
7,06017	139
7,06083	138
7,06150	137
7,06217	136
7,06283	135
7,06350	134
7,06417	133
7,06483	132
7,06550	132
7,06617	131
7,06683	130
7,06750	129
7,06817	128
7,06883	127
7,06950	126
7,07017	125
7,07083	124
7,07150	123
7,07217	122
7,07283	122
7,07350	121
7,07417	120
7,07483	120
7,07550	119
7,07617	118
7,07683	118
7,07750	117
7,07817	116
7,07883	116
7,07950	115
7,08017	114
7,08083	113
7,08150	112
7,08217	111
7,08283	110
7,08350	109
7,08417	109
7,08483	108
7,08550	107
7,08617	106
7,08683	105
7,08750	104
7,08817	103
7,08883	103
7,08950	102
7,09017	101
7,09083	101
7,09150	100
7,09217	99
7,09283	99
7,09350	98
7,09417	98
7,09483	98
7,09550	97
7,09617	97
7,09683	97
7,09750	96
7,09817	96
7,09883	95
7,09950	95
7,10017	94
7,10083	94
7,10150	93
7,10217	93
7,10283	92
7,10350	92
7,10417	91
7,10483	91
7,10550	90
7,10617	90
7,10683	89
7,10750	89
7,10817	88
7,10883	88
7,10950	87
7,11017	87
7,11083	87
7,11150	86
7,11217	86
7,11283	85
7,11350	85
7,11417	84
7,11483	83
7,11550	83
7,11617	82
7,11683	82
7,11750	82
7,11817	81
7,11883	81
7,11950	81
7,12017	80
7,12083	80
7,12150	79
7,12217	79
7,12283	78
7,12350	77
7,12417	77
7,12483	76
7,12550	76
7,12617	75
7,12683	75
7,12750	74
7,12817	74
7,12883	73
7,12950	73
7,13017	72
7,13083	72
7,13150	71
7,13217	71
7,13283	70
7,13350	70
7,13417	69
7,13483	69
7,13550	69
7,13617	68
7,13683	68
7,13750	68
7,13817	67
7,13883	67
7,13950	67
7,14017	66
7,14083	66
7,14150	66
7,14217	66
7,14283	65
7,14350	65
7,14417	65
7,14483	64
7,14550	64
7,14617	64
7,14683	64
7,14750	63
7,14817	63
7,14883	63
7,14950	63
7,15017	63
7,15083	63
7,15150	63
7,15217	63
7,15283	63
7,15350	63
7,15417	63
7,15483	63
7,15550	63
7,15617	63
7,15683	63
7,15750	63
7,15817	63
7,15883	63
7,15950	62
7,16017	62
7,16083	62
7,16150	62
7,16217	62
7,16283	62
7,16350	61
7,16417	61
7,16483	61
7,16550	61
7,16617	61
7,16683	60
7,16750	60
7,16817	60
7,16883	60
7,16950	60
7,17017	59
7,17083	59
7,17150	59
7,17217	58
7,17283	57
7,17350	57
7,17417	56
7,17483	55
7,17550	55
7,17617	54
7,17683	53
7,17750	52
7,17817	52
7,17883	51
7,17950	51
7,18017	51
7,18083	50
7,18150	50
7,18217	49
7,18283	49
7,18350	48
7,18417	48
7,18483	47
7,18550	47
7,18617	46
7,18683	46
7,18750	45
7,18817	45
7,18883	45
7,18950	44
7,19017	44
7,19083	43
7,19150	43
7,19217	43
7,19283	43
7,19350	43
7,19417	43
7,19483	43
7,19550	43
7,19617	43
7,19683	43
7,19750	43
7,19817	43
7,19883	43
7,19950	43
7,20017	43
7,20083	43
7,20150	43
7,20217	43
7,20283	43
7,20350	43
7,20417	43
7,20483	44
7,20550	44
7,20617	44
7,20683	44
7,20750	44
7,20817	44
7,20883	44
7,20950	44
7,21017	44
7,21083	44
7,21150	44
7,21217	43
7,21283	43
7,21350	43
7,21417	42
7,21483	42
7,21550	42
7,21617	41
7,21683	41
7,21750	40
7,21817	40
7,21883	40
7,21950	39
7,22017	39
7,22083	39
7,22150	39
7,22217	39
7,22283	39
7,22350	39
7,22417	38
7,22483	38
7,22550	39
7,22617	39
7,22683	39
7,22750	39
7,22817	39
7,22883	39
7,22950	39
7,23017	38
7,23083	38
7,23150	38
7,23217	37
7,23283	37
7,23350	37
7,23417	38
7,23483	38
7,23550	38
7,23617	38
7,23683	38
7,23750	38
7,23817	38
7,23883	38
7,23950	38
7,24017	38
7,24083	38
7,24150	38
7,24217	37
7,24283	37
7,24350	37
7,24417	37
7,24483	37
7,24550	37
7,24617	37
7,24683	37
7,24750	37
7,24817	37
7,24883	37
7,24950	37
7,25017	37
7,25083	38
7,25150	38
7,25217	37
7,25283	37
7,25350	37
7,25417	37
7,25483	37
7,25550	37
7,25617	37
7,25683	37
7,25750	37
7,25817	36
7,25883	36
7,25950	36
7,26017	36
7,26083	36
7,26150	36
7,26217	36
7,26283	36
7,26350	36
7,26417	35
7,26483	35
7,26550	36
7,26617	36
7,26683	36
7,26750	35
7,26817	35
7,26883	35
7,26950	35
7,27017	35
7,27083	34
7,27150	34
7,27217	34
7,27283	34
7,27350	34
7,27417	33
7,27483	33
7,27550	33
7,27617	33
7,27683	33
7,27750	32
7,27817	32
7,27883	32
7,27950	32
7,28017	32
7,28083	32
7,28150	32
7,28217	32
7,28283	32
7,28350	31
7,28417	31
7,28483	31
7,28550	31
7,28617	31
7,28683	31
7,28750	31
7,28817	31
7,28883	31
7,28950	31
7,29017	31
7,29083	31
7,29150	30
7,29217	30
7,29283	30
7,29350	30
7,29417	30
7,29483	29
7,29550	29
7,29617	29
7,29683	29
7,29750	29
7,29817	29
7,29883	29
7,29950	29
7,30017	29
7,30083	29
7,30150	29
7,30217	30
7,30283	30
7,30350	30
7,30417	30
7,30483	29
7,30550	29
7,30617	29
7,30683	29
7,30750	29
7,30817	29
7,30883	29
7,30950	29
7,31017	30
7,31083	30
7,31150	30
7,31217	30
7,31283	30
7,31350	30
7,31417	29
7,31483	29
7,31550	29
7,31617	29
7,31683	29
7,31750	29
7,31817	29
7,31883	29
7,31950	29
7,32017	29
7,32083	30
7,32150	30
7,32217	30
7,32283	31
7,32350	31
7,32417	32
7,32483	32
7,32550	33
7,32617	33
7,32683	34
7,32750	35
7,32817	36
7,32883	37
7,32950	37
7,33017	38
7,33083	39
7,33150	39
7,33217	39
7,33283	40
7,33350	40
7,33417	40
7,33483	40
7,33550	40
7,33617	40
7,33683	40
7,33750	39
7,33817	39
7,33883	39
7,33950	38
7,34017	38
7,34083	37
7,34150	37
7,34217	36
7,34283	36
7,34350	35
7,34417	34
7,34483	34
7,34550	33
7,34617	33
7,34683	32
7,34750	31
7,34817	31
7,34883	31
7,34950	30
7,35017	30
7,35083	30
7,35150	29
7,35217	29
7,35283	29
7,35350	29
7,35417	29
7,35483	29
7,35550	30
7,35617	30
7,35683	30
7,35750	30
7,35817	30
7,35883	30
7,35950	30
7,36017	30
7,36083	30
7,36150	30
7,36217	30
7,36283	30
7,36350	30
7,36417	30
7,36483	29
7,36550	29
7,36617	29
7,36683	29
7,36750	28
7,36817	28
7,36883	28
7,36950	28
7,37017	28
7,37083	28
7,37150	28
7,37217	27
7,37283	27
7,37350	27
7,37417	26
7,37483	26
7,37550	26
7,37617	25
7,37683	25
7,37750	25
7,37817	24
7,37883	24
7,37950	24
7,38017	23
7,38083	23
7,38150	23
7,38217	23
7,38283	23
7,38350	22
7,38417	22
7,38483	22
7,38550	22
7,38617	22
7,38683	22
7,38750	22
7,38817	22
7,38883	22
7,38950	22
7,39017	22
7,39083	22
7,39150	22
7,39217	22
7,39283	22
7,39350	22
7,39417	22
7,39483	22
7,39550	23
7,39617	23
7,39683	23
7,39750	23
7,39817	23
7,39883	23
7,39950	23
7,40017	23
7,40083	23
7,40150	23
7,40217	23
7,40283	23
7,40350	23
7,40417	23
7,40483	23
7,40550	23
7,40617	24
7,40683	24
7,40750	24
7,40817	24
7,40883	24
7,40950	24
7,41017	23
7,41083	23
7,41150	23
7,41217	22
7,41283	22
7,41350	22
7,41417	22
7,41483	22
7,41550	22
7,41617	22
7,41683	22
7,41750	22
7,41817	22
7,41883	22
7,41950	22
7,42017	22
7,42083	22
7,42150	22
7,42217	21
7,42283	21
7,42350	21
7,42417	21
7,42483	21
7,42550	20
7,42617	20
7,42683	20
7,42750	20
7,42817	20
7,42883	20
7,42950	21
7,43017	21
7,43083	21
7,43150	21
7,43217	21
7,43283	21
7,43350	21
7,43417	21
7,43483	21
7,43550	21
7,43617	22
7,43683	22
7,43750	21
7,43817	21
7,43883	21
7,43950	21
7,44017	21
7,44083	21
7,44150	21
7,44217	21
7,44283	21
7,44350	21
7,44417	21
7,44483	21
7,44550	21
7,44617	21
7,44683	21
7,44750	21
7,44817	21
7,44883	22
7,44950	22
7,45017	22
7,45083	23
7,45150	23
7,45217	23
7,45283	24
7,45350	24
7,45417	23
7,45483	23
7,45550	23
7,45617	23
7,45683	23
7,45750	22
7,45817	22
7,45883	22
7,45950	22
7,46017	21
7,46083	21
7,46150	21
7,46217	21
7,46283	21
7,46350	21
7,46417	21
7,46483	21
7,46550	21
7,46617	21
7,46683	21
7,46750	21
7,46817	21
7,46883	21
7,46950	21
7,47017	21
7,47083	21
7,47150	21
7,47217	21
7,47283	20
7,47350	20
7,47417	20
7,47483	20
7,47550	20
7,47617	20
7,47683	20
7,47750	20
7,47817	21
7,47883	21
7,47950	23
7,48017	26
7,48083	30
7,48150	36
7,48217	46
7,48283	60
7,48350	82
7,48417	112
7,48483	155
7,48550	215
7,48617	299
7,48683	414
7,48750	570
7,48817	776
7,48883	1043
7,48950	1387
7,49017	1820
7,49083	2356
7,49150	3006
7,49217	3782
7,49283	4694
7,49350	5756
7,49417	6979
7,49483	8377
7,49550	9954
7,49617	11721
7,49683	13685
7,49750	15844
7,49817	18193
7,49883	20732
7,49950	23466
7,50017	26401
7,50083	29547
7,50150	32913
7,50217	36503
7,50283	40321
7,50350	44360
7,50417	48616
7,50483	53094
7,50550	57787
7,50617	62696
7,50683	67823
7,50750	73157
7,50817	78682
7,50883	84400
7,50950	90308
7,51017	96395
7,51083	102664
7,51150	109123
7,51217	115769
7,51283	122590
7,51350	129570
7,51417	136696
7,51483	143958
7,51550	151389
7,51617	159006
7,51683	166796
7,51750	174725
7,51817	182753
7,51883	190841
7,51950	198987
7,52017	207210
7,52083	215508
7,52150	223841
7,52217	232165
7,52283	240447
7,52350	248701
7,52417	256968
7,52483	265253
7,52550	273568
7,52617	281898
7,52683	290201
7,52750	298434
7,52817	306581
7,52883	314694
7,52950	322846
7,53017	331073
7,53083	339372
7,53150	347757
7,53217	356231
7,53283	364716
7,53350	373132
7,53417	381443
7,53483	389631
7,53550	397730
7,53617	405788
7,53683	413817
7,53750	421817
7,53817	429819
7,53883	437851
7,53950	445951
7,54017	454116
7,54083	462332
7,54150	470609
7,54217	478992
7,54283	487505
7,54350	496197
7,54417	505118
7,54483	514268
7,54550	523615
7,54617	533134
7,54683	542711
7,54750	552302
7,54817	561845
7,54883	571162
7,54950	580051
7,55017	588298
7,55083	595552
7,55150	601367
7,55217	605241
7,55283	606639
7,55350	605039
7,55417	600070
7,55483	591565
7,55550	579622
7,55617	564549
7,55683	546796
7,55750	526864
7,55817	505261
7,55883	482467
7,55950	458916
7,56017	434987
7,56083	411002
7,56150	387232
7,56217	363895
7,56283	341162
7,56350	319168
7,56417	298012
7,56483	277765
7,56550	258475
7,56617	240167
7,56683	222853
7,56750	206530
7,56817	191183
7,56883	176791
7,56950	163327
7,57017	150756
7,57083	139043
7,57150	128148
7,57217	118029
7,57283	108647
7,57350	99961
7,57417	91929
7,57483	84513
7,57550	77672
7,57617	71369
7,57683	65567
7,57750	60232
7,57817	55331
7,57883	50832
7,57950	46706
7,58017	42924
7,58083	39460
7,58150	36291
7,58217	33393
7,58283	30744
7,58350	28325
7,58417	26116
7,58483	24102
7,58550	22265
7,58617	20591
7,58683	19066
7,58750	17678
7,58817	16413
7,58883	15263
7,58950	14216
7,59017	13264
7,59083	12398
7,59150	11611
7,59217	10894
7,59283	10242
7,59350	9649
7,59417	9109
7,59483	8618
7,59550	8171
7,59617	7764
7,59683	7393
7,59750	7055
7,59817	6749
7,59883	6469
7,59950	6215
7,60017	5984
7,60083	5774
7,60150	5583
7,60217	5410
7,60283	5254
7,60350	5112
7,60417	4983
7,60483	4867
7,60550	4761
7,60617	4664
7,60683	4576
7,60750	4495
7,60817	4420
7,60883	4351
7,60950	4287
7,61017	4227
7,61083	4171
7,61150	4118
7,61217	4069
7,61283	4022
7,61350	3977
7,61417	3934
7,61483	3892
7,61550	3851
7,61617	3812
7,61683	3773
7,61750	3736
7,61817	3699
7,61883	3662
7,61950	3627
7,62017	3592
7,62083	3558
7,62150	3525
7,62217	3493
7,62283	3461
7,62350	3430
7,62417	3400
7,62483	3369
7,62550	3340
7,62617	3312
7,62683	3284
7,62750	3257
7,62817	3231
7,62883	3206
7,62950	3182
7,63017	3159
7,63083	3136
7,63150	3114
7,63217	3093
7,63283	3072
7,63350	3052
7,63417	3033
7,63483	3015
7,63550	2998
7,63617	2982
7,63683	2967
7,63750	2953
7,63817	2939
7,63883	2926
7,63950	2912
7,64017	2899
7,64083	2885
7,64150	2871
7,64217	2857
7,64283	2842
7,64350	2827
7,64417	2811
7,64483	2796
7,64550	2781
7,64617	2765
7,64683	2750
7,64750	2734
7,64817	2719
7,64883	2703
7,64950	2686
7,65017	2669
7,65083	2653
7,65150	2636
7,65217	2620
7,65283	2603
7,65350	2587
7,65417	2571
7,65483	2554
7,65550	2537
7,65617	2519
7,65683	2501
7,65750	2483
7,65817	2465
7,65883	2445
7,65950	2425
7,66017	2405
7,66083	2384
7,66150	2364
7,66217	2343
7,66283	2321
7,66350	2300
7,66417	2279
7,66483	2257
7,66550	2235
7,66617	2213
7,66683	2191
7,66750	2168
7,66817	2146
7,66883	2123
7,66950	2101
7,67017	2080
7,67083	2058
7,67150	2037
7,67217	2017
7,67283	1996
7,67350	1976
7,67417	1957
7,67483	1939
7,67550	1922
7,67617	1905
7,67683	1890
7,67750	1876
7,67817	1863
7,67883	1851
7,67950	1839
7,68017	1827
7,68083	1816
7,68150	1806
7,68217	1796
7,68283	1786
7,68350	1776
7,68417	1766
7,68483	1757
7,68550	1747
7,68617	1738
7,68683	1728
7,68750	1718
7,68817	1708
7,68883	1698
7,68950	1688
7,69017	1678
7,69083	1669
7,69150	1659
7,69217	1650
7,69283	1641
7,69350	1632
7,69417	1623
7,69483	1614
7,69550	1605
7,69617	1597
7,69683	1588
7,69750	1579
7,69817	1569
7,69883	1560
7,69950	1551
7,70017	1541
7,70083	1532
7,70150	1522
7,70217	1512
7,70283	1503
7,70350	1492
7,70417	1482
7,70483	1472
7,70550	1462
7,70617	1452
7,70683	1442
7,70750	1432
7,70817	1422
7,70883	1412
7,70950	1402
7,71017	1391
7,71083	1381
7,71150	1371
7,71217	1361
7,71283	1351
7,71350	1341
7,71417	1331
7,71483	1321
7,71550	1311
7,71617	1301
7,71683	1291
7,71750	1281
7,71817	1271
7,71883	1261
7,71950	1251
7,72017	1242
7,72083	1233
7,72150	1223
7,72217	1214
7,72283	1205
7,72350	1196
7,72417	1187
7,72483	1178
7,72550	1169
7,72617	1160
7,72683	1151
7,72750	1142
7,72817	1133
7,72883	1124
7,72950	1116
7,73017	1107
7,73083	1098
7,73150	1089
7,73217	1080
7,73283	1072
7,73350	1063
7,73417	1055
7,73483	1047
7,73550	1039
7,73617	1031
7,73683	1024
7,73750	1017
7,73817	1011
7,73883	1004
7,73950	998
7,74017	993
7,74083	987
7,74150	982
7,74217	977
7,74283	973
7,74350	968
7,74417	964
7,74483	960
7,74550	956
7,74617	952
7,74683	949
7,74750	945
7,74817	941
7,74883	937
7,74950	933
7,75017	929
7,75083	924
7,75150	919
7,75217	914
7,75283	909
7,75350	904
7,75417	899
7,75483	894
7,75550	889
7,75617	884
7,75683	879
7,75750	874
7,75817	869
7,75883	864
7,75950	859
7,76017	854
7,76083	849
7,76150	844
7,76217	839
7,76283	834
7,76350	829
7,76417	824
7,76483	819
7,76550	814
7,76617	810
7,76683	805
7,76750	800
7,76817	796
7,76883	791
7,76950	786
7,77017	781
7,77083	776
7,77150	771
7,77217	767
7,77283	762
7,77350	757
7,77417	752
7,77483	748
7,77550	743
7,77617	739
7,77683	735
7,77750	731
7,77817	727
7,77883	723
7,77950	719
7,78017	716
7,78083	712
7,78150	708
7,78217	705
7,78283	701
7,78350	697
7,78417	693
7,78483	689
7,78550	685
7,78617	681
7,78683	677
7,78750	673
7,78817	669
7,78883	665
7,78950	661
7,79017	657
7,79083	654
7,79150	651
7,79217	648
7,79283	645
7,79350	641
7,79417	638
7,79483	635
7,79550	632
7,79617	629
7,79683	627
7,79750	624
7,79817	622
7,79883	619
7,79950	617
7,80017	614
7,80083	612
7,80150	609
7,80217	607
7,80283	605
7,80350	602
7,80417	600
7,80483	598
7,80550	596
7,80617	594
7,80683	592
7,80750	590
7,80817	588
7,80883	586
7,80950	584
7,81017	583
7,81083	581
7,81150	579
7,81217	576
7,81283	574
7,81350	572
7,81417	569
7,81483	566
7,81550	563
7,81617	560
7,81683	557
7,81750	554
7,81817	551
7,81883	548
7,81950	545
7,82017	542
7,82083	540
7,82150	537
7,82217	534
7,82283	532
7,82350	530
7,82417	528
7,82483	525
7,82550	523
7,82617	521
7,82683	518
7,82750	516
7,82817	513
7,82883	511
7,82950	508
7,83017	506
7,83083	504
7,83150	501
7,83217	499
7,83283	497
7,83350	494
7,83417	492
7,83483	490
7,83550	487
7,83617	485
7,83683	482
7,83750	480
7,83817	478
7,83883	475
7,83950	473
7,84017	471
7,84083	469
7,84150	467
7,84217	465
7,84283	463
7,84350	461
7,84417	459
7,84483	457
7,84550	455
7,84617	453
7,84683	451
7,84750	449
7,84817	447
7,84883	445
7,84950	444
7,85017	442
7,85083	440
7,85150	439
7,85217	437
7,85283	436
7,85350	434
7,85417	433
7,85483	432
7,85550	430
7,85617	429
7,85683	428
7,85750	427
7,85817	426
7,85883	424
7,85950	423
7,86017	422
7,86083	420
7,86150	419
7,86217	417
7,86283	416
7,86350	414
7,86417	413
7,86483	412
7,86550	410
7,86617	409
7,86683	408
7,86750	407
7,86817	405
7,86883	404
7,86950	402
7,87017	400
7,87083	399
7,87150	397
7,87217	395
7,87283	394
7,87350	392
7,87417	390
7,87483	388
7,87550	386
7,87617	384
7,87683	382
7,87750	380
7,87817	378
7,87883	377
7,87950	375
7,88017	373
7,88083	371
7,88150	369
7,88217	368
7,88283	366
7,88350	364
7,88417	362
7,88483	360
7,88550	358
7,88617	356
7,88683	354
7,88750	352
7,88817	351
7,88883	348
7,88950	346
7,89017	344
7,89083	342
7,89150	340
7,89217	338
7,89283	336
7,89350	335
7,89417	333
7,89483	332
7,89550	331
7,89617	329
7,89683	328
7,89750	327
7,89817	326
7,89883	325
7,89950	324
7,90017	323
7,90083	322
7,90150	321
7,90217	320
7,90283	320
7,90350	319
7,90417	319
7,90483	318
7,90550	318
7,90617	317
7,90683	317
7,90750	316
7,90817	316
7,90883	315
7,90950	315
7,91017	314
7,91083	313
7,91150	312
7,91217	311
7,91283	310
7,91350	309
7,91417	308
7,91483	306
7,91550	305
7,91617	303
7,91683	302
7,91750	300
7,91817	299
7,91883	297
7,91950	295
7,92017	293
7,92083	292
7,92150	290
7,92217	289
7,92283	287
7,92350	285
7,92417	284
7,92483	282
7,92550	281
7,92617	279
7,92683	278
7,92750	277
7,92817	275
7,92883	274
7,92950	273
7,93017	272
7,93083	271
7,93150	270
7,93217	269
7,93283	268
7,93350	267
7,93417	266
7,93483	265
7,93550	264
7,93617	263
7,93683	262
7,93750	261
7,93817	260
7,93883	260
7,93950	259
7,94017	258
7,94083	258
7,94150	257
7,94217	257
7,94283	257
7,94350	256
7,94417	256
7,94483	256
7,94550	255
7,94617	255
7,94683	255
7,94750	254
7,94817	254
7,94883	254
7,94950	253
7,95017	253
7,95083	253
7,95150	252
7,95217	252
7,95283	251
7,95350	250
7,95417	250
7,95483	249
7,95550	249
7,95617	248
7,95683	247
7,95750	247
7,95817	246
7,95883	246
7,95950	245
7,96017	245
7,96083	244
7,96150	244
7,96217	243
7,96283	242
7,96350	241
7,96417	240
7,96483	240
7,96550	239
7,96617	238
7,96683	237
7,96750	236
7,96817	235
7,96883	235
7,96950	234
7,97017	234
7,97083	233
7,97150	232
7,97217	232
7,97283	231
7,97350	230
7,97417	229
7,97483	228
7,97550	227
7,97617	226
7,97683	225
7,97750	224
7,97817	223
7,97883	222
7,97950	221
7,98017	221
7,98083	220
7,98150	219
7,98217	218
7,98283	218
7,98350	217
7,98417	216
7,98483	215
7,98550	215
7,98617	214
7,98683	213
7,98750	212
7,98817	212
7,98883	211
7,98950	210
7,99017	210
7,99083	209
7,99150	208
7,99217	207
7,99283	206
7,99350	205
7,99417	204
7,99483	203
7,99550	202
7,99617	201
7,99683	201
7,99750	200
7,99817	199
7,99883	198
7,99950	198
8,00017	197
8,00083	197
8,00150	196
8,00217	196
8,00283	195
8,00350	195
8,00417	194
8,00483	193
8,00550	193
8,00617	192
8,00683	191
8,00750	191
8,00817	190
8,00883	189
8,00950	189
8,01017	188
8,01083	187
8,01150	187
8,01217	186
8,01283	185
8,01350	185
8,01417	184
8,01483	183
8,01550	182
8,01617	182
8,01683	181
8,01750	180
8,01817	179
8,01883	178
8,01950	177
8,02017	176
8,02083	176
8,02150	175
8,02217	174
8,02283	173
8,02350	173
8,02417	172
8,02483	172
8,02550	171
8,02617	171
8,02683	170
8,02750	170
8,02817	169
8,02883	169
8,02950	168
8,03017	168
8,03083	167
8,03150	166
8,03217	166
8,03283	165
8,03350	165
8,03417	164
8,03483	163
8,03550	163
8,03617	162
8,03683	162
8,03750	161
8,03817	161
8,03883	160
8,03950	159
8,04017	159
8,04083	158
8,04150	158
8,04217	157
8,04283	157
8,04350	156
8,04417	155
8,04483	155
8,04550	154
8,04617	154
8,04683	153
8,04750	153
8,04817	152
8,04883	152
8,04950	152
8,05017	151
8,05083	151
8,05150	151
8,05217	151
8,05283	151
8,05350	151
8,05417	151
8,05483	151
8,05550	151
8,05617	151
8,05683	151
8,05750	150
8,05817	150
8,05883	150
8,05950	150
8,06017	150
8,06083	150
8,06150	150
8,06217	150
8,06283	149
8,06350	149
8,06417	149
8,06483	148
8,06550	148
8,06617	148
8,06683	147
8,06750	147
8,06817	147
8,06883	146
8,06950	146
8,07017	146
8,07083	145
8,07150	145
8,07217	145
8,07283	144
8,07350	144
8,07417	144
8,07483	143
8,07550	143
8,07617	143
8,07683	142
8,07750	142
8,07817	142
8,07883	142
8,07950	141
8,08017	141
8,08083	141
8,08150	141
8,08217	140
8,08283	140
8,08350	139
8,08417	139
8,08483	138
8,08550	137
8,08617	137
8,08683	136
8,08750	135
8,08817	135
8,08883	134
8,08950	133
8,09017	133
8,09083	132
8,09150	132
8,09217	131
8,09283	131
8,09350	130
8,09417	130
8,09483	129
8,09550	129
8,09617	128
8,09683	128
8,09750	128
8,09817	127
8,09883	127
8,09950	127
8,10017	126
8,10083	126
8,10150	125
8,10217	125
8,10283	125
8,10350	124
8,10417	124
8,10483	124
8,10550	123
8,10617	123
8,10683	122
8,10750	122
8,10817	121
8,10883	121
8,10950	121
8,11017	120
8,11083	120
8,11150	120
8,11217	120
8,11283	120
8,11350	120
8,11417	119
8,11483	119
8,11550	119
8,11617	119
8,11683	118
8,11750	118
8,11817	118
8,11883	118
8,11950	118
8,12017	117
8,12083	117
8,12150	117
8,12217	117
8,12283	116
8,12350	116
8,12417	116
8,12483	116
8,12550	115
8,12617	115
8,12683	115
8,12750	115
8,12817	115
8,12883	115
8,12950	115
8,13017	115
8,13083	115
8,13150	115
8,13217	115
8,13283	114
8,13350	114
8,13417	114
8,13483	114
8,13550	113
8,13617	113
8,13683	113
8,13750	112
8,13817	112
8,13883	112
8,13950	111
8,14017	111
8,14083	111
8,14150	110
8,14217	110
8,14283	110
8,14350	110
8,14417	110
8,14483	109
8,14550	109
8,14617	109
8,14683	109
8,14750	109
8,14817	108
8,14883	108
8,14950	108
8,15017	108
8,15083	108
8,15150	107
8,15217	107
8,15283	107
8,15350	107
8,15417	107
8,15483	107
8,15550	106
8,15617	106
8,15683	106
8,15750	105
8,15817	105
8,15883	104
8,15950	104
8,16017	104
8,16083	103
8,16150	103
8,16217	102
8,16283	102
8,16350	101
8,16417	101
8,16483	100
8,16550	99
8,16617	99
8,16683	98
8,16750	98
8,16817	97
8,16883	97
8,16950	96
8,17017	96
8,17083	96
8,17150	96
8,17217	96
8,17283	95
8,17350	95
8,17417	95
8,17483	95
8,17550	95
8,17617	94
8,17683	94
8,17750	94
8,17817	94
8,17883	94
8,17950	94
8,18017	94
8,18083	93
8,18150	93
8,18217	93
8,18283	93
8,18350	93
8,18417	94
8,18483	94
8,18550	94
8,18617	93
8,18683	93
8,18750	93
8,18817	93
8,18883	92
8,18950	92
8,19017	92
8,19083	91
8,19150	91
8,19217	91
8,19283	90
8,19350	90
8,19417	89
8,19483	89
8,19550	89
8,19617	88
8,19683	88
8,19750	88
8,19817	88
8,19883	87
8,19950	87
8,20017	87
8,20083	87
8,20150	86
8,20217	86
8,20283	86
8,20350	86
8,20417	86
8,20483	86
8,20550	85
8,20617	85
8,20683	85
8,20750	84
8,20817	84
8,20883	84
8,20950	84
8,21017	83
8,21083	83
8,21150	82
8,21217	82
8,21283	82
8,21350	81
8,21417	81
8,21483	80
8,21550	80
8,21617	79
8,21683	79
8,21750	78
8,21817	78
8,21883	77
8,21950	77
8,22017	76
8,22083	76
8,22150	76
8,22217	75
8,22283	75
8,22350	75
8,22417	75
8,22483	75
8,22550	75
8,22617	74
8,22683	74
8,22750	74
8,22817	73
8,22883	73
8,22950	73
8,23017	73
8,23083	73
8,23150	73
8,23217	73
8,23283	73
8,23350	73
8,23417	74
8,23483	74
8,23550	74
8,23617	74
8,23683	75
8,23750	75
8,23817	75
8,23883	76
8,23950	76
8,24017	76
8,24083	76
8,24150	76
8,24217	76
8,24283	76
8,24350	76
8,24417	77
8,24483	77
8,24550	77
8,24617	77
8,24683	77
8,24750	76
8,24817	76
8,24883	76
8,24950	75
8,25017	75
8,25083	75
8,25150	74
8,25217	74
8,25283	73
8,25350	73
8,25417	72
8,25483	72
8,25550	72
8,25617	72
8,25683	72
8,25750	72
8,25817	72
8,25883	72
8,25950	72
8,26017	72
8,26083	72
8,26150	72
8,26217	72
8,26283	72
8,26350	72
8,26417	72
8,26483	72
8,26550	72
8,26617	72
8,26683	72
8,26750	72
8,26817	71
8,26883	71
8,26950	71
8,27017	71
8,27083	70
8,27150	70
8,27217	70
8,27283	69
8,27350	69
8,27417	69
8,27483	68
8,27550	68
8,27617	67
8,27683	66
8,27750	66
8,27817	66
8,27883	65
8,27950	65
8,28017	65
8,28083	65
8,28150	65
8,28217	65
8,28283	64
8,28350	64
8,28417	64
8,28483	64
8,28550	64
8,28617	65
8,28683	65
8,28750	65
8,28817	65
8,28883	65
8,28950	66
8,29017	66
8,29083	66
8,29150	66
8,29217	67
8,29283	67
8,29350	67
8,29417	68
8,29483	68
8,29550	68
8,29617	69
8,29683	69
8,29750	70
8,29817	70
8,29883	71
8,29950	72
8,30017	73
8,30083	74
8,30150	75
8,30217	77
8,30283	78
8,30350	80
8,30417	82
8,30483	84
8,30550	86
8,30617	88
8,30683	90
8,30750	93
8,30817	95
8,30883	98
8,30950	101
8,31017	104
8,31083	107
8,31150	111
8,31217	114
8,31283	118
8,31350	122
8,31417	126
8,31483	130
8,31550	134
8,31617	137
8,31683	141
8,31750	145
8,31817	148
8,31883	151
8,31950	154
8,32017	156
8,32083	159
8,32150	162
8,32217	164
8,32283	166
8,32350	168
8,32417	170
8,32483	171
8,32550	172
8,32617	173
8,32683	174
8,32750	174
8,32817	174
8,32883	174
8,32950	173
8,33017	173
8,33083	172
8,33150	171
8,33217	170
8,33283	169
8,33350	168
8,33417	167
8,33483	166
8,33550	165
8,33617	164
8,33683	163
8,33750	162
8,33817	161
8,33883	160
8,33950	159
8,34017	159
8,34083	158
8,34150	157
8,34217	157
8,34283	157
8,34350	157
8,34417	157
8,34483	157
8,34550	157
8,34617	157
8,34683	157
8,34750	157
8,34817	157
8,34883	158
8,34950	157
8,35017	157
8,35083	157
8,35150	157
8,35217	157
8,35283	157
8,35350	157
8,35417	156
8,35483	156
8,35550	156
8,35617	155
8,35683	155
8,35750	154
8,35817	154
8,35883	153
8,35950	152
8,36017	151
8,36083	150
8,36150	149
8,36217	147
8,36283	146
8,36350	145
8,36417	144
8,36483	142
8,36550	141
8,36617	140
8,36683	139
8,36750	137
8,36817	136
8,36883	134
8,36950	133
8,37017	132
8,37083	130
8,37150	128
8,37217	127
8,37283	125
8,37350	124
8,37417	122
8,37483	121
8,37550	119
8,37617	117
8,37683	116
8,37750	114
8,37817	113
8,37883	111
8,37950	110
8,38017	109
8,38083	107
8,38150	106
8,38217	105
8,38283	103
8,38350	102
8,38417	101
8,38483	100
8,38550	99
8,38617	98
8,38683	97
8,38750	96
8,38817	95
8,38883	94
8,38950	93
8,39017	92
8,39083	91
8,39150	90
8,39217	90
8,39283	89
8,39350	88
8,39417	87
8,39483	87
8,39550	86
8,39617	85
8,39683	85
8,39750	84
8,39817	83
8,39883	83
8,39950	82
8,40017	81
8,40083	81
8,40150	80
8,40217	79
8,40283	79
8,40350	78
8,40417	78
8,40483	77
8,40550	77
8,40617	76
8,40683	76
8,40750	75
8,40817	75
8,40883	74
8,40950	74
8,41017	74
8,41083	73
8,41150	73
8,41217	72
8,41283	72
8,41350	71
8,41417	71
8,41483	71
8,41550	70
8,41617	70
8,41683	70
8,41750	69
8,41817	69
8,41883	69
8,41950	69
8,42017	68
8,42083	68
8,42150	68
8,42217	67
8,42283	67
8,42350	66
8,42417	66
8,42483	65
8,42550	65
8,42617	65
8,42683	65
8,42750	64
8,42817	64
8,42883	64
8,42950	64
8,43017	64
8,43083	63
8,43150	63
8,43217	63
8,43283	62
8,43350	62
8,43417	61
8,43483	61
8,43550	61
8,43617	60
8,43683	60
8,43750	59
8,43817	59
8,43883	58
8,43950	58
8,44017	58
8,44083	58
8,44150	58
8,44217	57
8,44283	57
8,44350	57
8,44417	57
8,44483	57
8,44550	57
8,44617	57
8,44683	57
8,44750	57
8,44817	57
8,44883	56
8,44950	56
8,45017	56
8,45083	56
8,45150	56
8,45217	56
8,45283	56
8,45350	56
8,45417	56
8,45483	56
8,45550	56
8,45617	55
8,45683	55
8,45750	55
8,45817	55
8,45883	55
8,45950	54
8,46017	54
8,46083	54
8,46150	54
8,46217	54
8,46283	54
8,46350	54
8,46417	55
8,46483	55
8,46550	54
8,46617	54
8,46683	54
8,46750	54
8,46817	54
8,46883	54
8,46950	54
8,47017	54
8,47083	54
8,47150	54
8,47217	54
8,47283	54
8,47350	53
8,47417	53
8,47483	53
8,47550	53
8,47617	53
8,47683	53
8,47750	53
8,47817	52
8,47883	53
8,47950	53
8,48017	53
8,48083	53
8,48150	53
8,48217	53
8,48283	53
8,48350	53
8,48417	52
8,48483	52
8,48550	52
8,48617	52
8,48683	51
8,48750	51
8,48817	51
8,48883	50
8,48950	50
8,49017	50
8,49083	50
8,49150	50
8,49217	50
8,49283	50
8,49350	50
8,49417	50
8,49483	50
8,49550	50
8,49617	50
8,49683	50
8,49750	50
8,49817	49
8,49883	49
8,49950	49
8,50017	49
8,50083	49
8,50150	49
8,50217	48
8,50283	48
8,50350	48
8,50417	48
8,50483	48
8,50550	48
8,50617	47
8,50683	47
8,50750	47
8,50817	47
8,50883	47
8,50950	47
8,51017	46
8,51083	46
8,51150	47
8,51217	47
8,51283	47
8,51350	47
8,51417	47
8,51483	47
8,51550	47
8,51617	48
8,51683	48
8,51750	48
8,51817	48
8,51883	48
8,51950	48
8,52017	48
8,52083	47
8,52150	47
8,52217	47
8,52283	47
8,52350	48
8,52417	48
8,52483	48
8,52550	48
8,52617	48
8,52683	48
8,52750	48
8,52817	48
8,52883	48
8,52950	48
8,53017	49
8,53083	49
8,53150	49
8,53217	50
8,53283	50
8,53350	50
8,53417	51
8,53483	51
8,53550	51
8,53617	52
8,53683	52
8,53750	52
8,53817	52
8,53883	53
8,53950	53
8,54017	53
8,54083	52
8,54150	52
8,54217	52
8,54283	52
8,54350	52
8,54417	52
8,54483	52
8,54550	52
8,54617	52
8,54683	52
8,54750	52
8,54817	52
8,54883	52
8,54950	52
8,55017	52
8,55083	52
8,55150	52
8,55217	51
8,55283	51
8,55350	50
8,55417	50
8,55483	50
8,55550	49
8,55617	49
8,55683	49
8,55750	49
8,55817	49
8,55883	48
8,55950	48
8,56017	48
8,56083	47
8,56150	47
8,56217	47
8,56283	46
8,56350	46
8,56417	46
8,56483	45
8,56550	45
8,56617	45
8,56683	45
8,56750	45
8,56817	45
8,56883	45
8,56950	45
8,57017	45
8,57083	45
8,57150	45
8,57217	45
8,57283	45
8,57350	45
8,57417	45
8,57483	44
8,57550	44
8,57617	44
8,57683	44
8,57750	44
8,57817	44
8,57883	44
8,57950	44
8,58017	44
8,58083	44
8,58150	44
8,58217	44
8,58283	43
8,58350	43
8,58417	43
8,58483	43
8,58550	42
8,58617	42
8,58683	42
8,58750	41
8,58817	41
8,58883	41
8,58950	41
8,59017	41
8,59083	41
8,59150	40
8,59217	40
8,59283	40
8,59350	40
8,59417	40
8,59483	40
8,59550	40
8,59617	40
8,59683	39
8,59750	39
8,59817	39
8,59883	39
8,59950	39
8,60017	38
8,60083	38
8,60150	38
8,60217	38
8,60283	38
8,60350	38
8,60417	38
8,60483	38
8,60550	38
8,60617	38
8,60683	38
8,60750	38
8,60817	38
8,60883	38
8,60950	38
8,61017	39
8,61083	39
8,61150	39
8,61217	39
8,61283	39
8,61350	39
8,61417	39
8,61483	39
8,61550	39
8,61617	38
8,61683	38
8,61750	38
8,61817	37
8,61883	37
8,61950	37
8,62017	37
8,62083	37
8,62150	36
8,62217	36
8,62283	36
8,62350	36
8,62417	36
8,62483	36
8,62550	36
8,62617	36
8,62683	36
8,62750	36
8,62817	36
8,62883	36
8,62950	36
8,63017	36
8,63083	36
8,63150	36
8,63217	36
8,63283	36
8,63350	36
8,63417	36
8,63483	36
8,63550	37
8,63617	37
8,63683	37
8,63750	37
8,63817	37
8,63883	37
8,63950	37
8,64017	37
8,64083	37
8,64150	38
8,64217	38
8,64283	38
8,64350	38
8,64417	38
8,64483	38
8,64550	38
8,64617	38
8,64683	38
8,64750	38
8,64817	38
8,64883	38
8,64950	38
8,65017	38
8,65083	38
8,65150	38
8,65217	38
8,65283	38
8,65350	39
8,65417	39
8,65483	39
8,65550	40
8,65617	40
8,65683	40
8,65750	40
8,65817	40
8,65883	40
8,65950	40
8,66017	40
8,66083	40
8,66150	40
8,66217	40
8,66283	41
8,66350	41
8,66417	41
8,66483	41
8,66550	41
8,66617	41
8,66683	41
8,66750	41
8,66817	41
8,66883	41
8,66950	41
8,67017	41
8,67083	40
8,67150	40
8,67217	40
8,67283	40
8,67350	40
8,67417	40
8,67483	41
8,67550	41
8,67617	41
8,67683	42
8,67750	42
8,67817	42
8,67883	42
8,67950	42
8,68017	43
8,68083	43
8,68150	43
8,68217	43
8,68283	43
8,68350	43
8,68417	43
8,68483	43
8,68550	44
8,68617	44
8,68683	44
8,68750	44
8,68817	44
8,68883	44
8,68950	44
8,69017	44
8,69083	44
8,69150	44
8,69217	44
8,69283	43
8,69350	43
8,69417	43
8,69483	43
8,69550	43
8,69617	43
8,69683	43
8,69750	42
8,69817	42
8,69883	42
8,69950	42
8,70017	41
8,70083	41
8,70150	41
8,70217	41
8,70283	41
8,70350	41
8,70417	41
8,70483	41
8,70550	41
8,70617	40
8,70683	40
8,70750	40
8,70817	39
8,70883	39
8,70950	39
8,71017	39
8,71083	38
8,71150	38
8,71217	38
8,71283	37
8,71350	37
8,71417	37
8,71483	37
8,71550	36
8,71617	36
8,71683	36
8,71750	36
8,71817	36
8,71883	36
8,71950	37
8,72017	37
8,72083	37
8,72150	37
8,72217	37
8,72283	37
8,72350	37
8,72417	37
8,72483	38
8,72550	38
8,72617	38
8,72683	38
8,72750	38
8,72817	38
8,72883	39
8,72950	39
8,73017	39
8,73083	39
8,73150	39
8,73217	39
8,73283	39
8,73350	40
8,73417	40
8,73483	40
8,73550	40
8,73617	40
8,73683	40
8,73750	40
8,73817	39
8,73883	39
8,73950	39
8,74017	39
8,74083	39
8,74150	39
8,74217	39
8,74283	39
8,74350	39
8,74417	39
8,74483	39
8,74550	39
8,74617	39
8,74683	39
8,74750	38
8,74817	38
8,74883	38
8,74950	38
8,75017	38
8,75083	38
8,75150	38
8,75217	38
8,75283	38
8,75350	38
8,75417	38
8,75483	38
8,75550	38
8,75617	38
8,75683	38
8,75750	38
8,75817	38
8,75883	38
8,75950	38
8,76017	39
8,76083	39
8,76150	39
8,76217	39
8,76283	39
8,76350	39
8,76417	39
8,76483	39
8,76550	40
8,76617	40
8,76683	40
8,76750	40
8,76817	40
8,76883	39
8,76950	39
8,77017	39
8,77083	39
8,77150	39
8,77217	39
8,77283	39
8,77350	39
8,77417	38
8,77483	38
8,77550	38
8,77617	38
8,77683	37
8,77750	37
8,77817	37
8,77883	37
8,77950	37
8,78017	37
8,78083	37
8,78150	37
8,78217	37
8,78283	37
8,78350	37
8,78417	37
8,78483	37
8,78550	37
8,78617	36
8,78683	36
8,78750	36
8,78817	35
8,78883	35
8,78950	35
8,79017	35
8,79083	35
8,79150	35
8,79217	35
8,79283	35
8,79350	36
8,79417	36
8,79483	36
8,79550	36
8,79617	36
8,79683	36
8,79750	36
8,79817	36
8,79883	36
8,79950	36
8,80017	36
8,80083	36
8,80150	36
8,80217	36
8,80283	36
8,80350	36
8,80417	36
8,80483	36
8,80550	36
8,80617	36
8,80683	36
8,80750	37
8,80817	37
8,80883	37
8,80950	37
8,81017	37
8,81083	37
8,81150	37
8,81217	37
8,81283	37
8,81350	37
8,81417	37
8,81483	37
8,81550	37
8,81617	37
8,81683	37
8,81750	37
8,81817	37
8,81883	37
8,81950	37
8,82017	37
8,82083	37
8,82150	38
8,82217	38
8,82283	38
8,82350	38
8,82417	38
8,82483	38
8,82550	38
8,82617	38
8,82683	38
8,82750	38
8,82817	38
8,82883	38
8,82950	38
8,83017	38
8,83083	38
8,83150	38
8,83217	38
8,83283	38
8,83350	39
8,83417	39
8,83483	39
8,83550	39
8,83617	39
8,83683	39
8,83750	40
8,83817	40
8,83883	40
8,83950	40
8,84017	40
8,84083	40
8,84150	40
8,84217	40
8,84283	40
8,84350	40
8,84417	40
8,84483	40
8,84550	40
8,84617	40
8,84683	40
8,84750	41
8,84817	41
8,84883	41
8,84950	40
8,85017	40
8,85083	40
8,85150	40
8,85217	40
8,85283	39
8,85350	39
8,85417	39
8,85483	39
8,85550	38
8,85617	38
8,85683	38
8,85750	38
8,85817	38
8,85883	38
8,85950	38
8,86017	38
8,86083	38
8,86150	39
8,86217	39
8,86283	39
8,86350	39
8,86417	39
8,86483	38
8,86550	38
8,86617	38
8,86683	38
8,86750	38
8,86817	37
8,86883	37
8,86950	37
8,87017	37
8,87083	36
8,87150	36
8,87217	36
8,87283	36
8,87350	35
8,87417	35
8,87483	35
8,87550	36
8,87617	36
8,87683	36
8,87750	36
8,87817	37
8,87883	37
8,87950	37
8,88017	37
8,88083	38
8,88150	38
8,88217	38
8,88283	38
8,88350	39
8,88417	39
8,88483	39
8,88550	40
8,88617	40
8,88683	40
8,88750	41
8,88817	41
8,88883	42
8,88950	42
8,89017	42
8,89083	43
8,89150	43
8,89217	43
8,89283	43
8,89350	43
8,89417	43
8,89483	42
8,89550	42
8,89617	42
8,89683	42
8,89750	42
8,89817	42
8,89883	42
8,89950	41
8,90017	41
8,90083	41
8,90150	41
8,90217	41
8,90283	41
8,90350	41
8,90417	41
8,90483	41
8,90550	41
8,90617	41
8,90683	41
8,90750	41
8,90817	41
8,90883	41
8,90950	41
8,91017	41
8,91083	41
8,91150	41
8,91217	41
8,91283	41
8,91350	41
8,91417	41
8,91483	41
8,91550	41
8,91617	41
8,91683	41
8,91750	41
8,91817	40
8,91883	40
8,91950	40
8,92017	40
8,92083	40
8,92150	40
8,92217	40
8,92283	40
8,92350	40
8,92417	40
8,92483	40
8,92550	39
8,92617	39
8,92683	39
8,92750	39
8,92817	39
8,92883	39
8,92950	39
8,93017	39
8,93083	39
8,93150	39
8,93217	39
8,93283	39
8,93350	39
8,93417	39
8,93483	39
8,93550	39
8,93617	39
8,93683	39
8,93750	39
8,93817	39
8,93883	39
8,93950	39
8,94017	39
8,94083	39
8,94150	39
8,94217	39
8,94283	39
8,94350	39
8,94417	39
8,94483	39
8,94550	39
8,94617	38
8,94683	38
8,94750	38
8,94817	37
8,94883	37
8,94950	37
8,95017	37
8,95083	37
8,95150	37
8,95217	36
8,95283	36
8,95350	36
8,95417	36
8,95483	35
8,95550	35
8,95617	35
8,95683	35
8,95750	35
8,95817	34
8,95883	34
8,95950	34
8,96017	34
8,96083	34
8,96150	34
8,96217	34
8,96283	34
8,96350	34
8,96417	34
8,96483	34
8,96550	34
8,96617	35
8,96683	35
8,96750	35
8,96817	35
8,96883	35
8,96950	35
8,97017	35
8,97083	35
8,97150	35
8,97217	35
8,97283	35
8,97350	35
8,97417	35
8,97483	35
8,97550	35
8,97617	35
8,97683	35
8,97750	35
8,97817	35
8,97883	35
8,97950	35
8,98017	35
8,98083	35
8,98150	34
8,98217	34
8,98283	34
8,98350	34
8,98417	34
8,98483	35
8,98550	35
8,98617	35
8,98683	35
8,98750	36
8,98817	36
8,98883	36
8,98950	36
8,99017	36
8,99083	36
8,99150	36
8,99217	36
8,99283	35
8,99350	35
8,99417	35
8,99483	34
8,99550	34
8,99617	34
8,99683	34
8,99750	34
8,99817	34
8,99883	34
8,99950	34
9,00017	34
9,00083	34
9,00150	34
9,00217	34
9,00283	34
9,00350	34
9,00417	34
9,00483	34
9,00550	34
9,00617	34
9,00683	34
9,00750	34
9,00817	34
9,00883	34
9,00950	34
9,01017	34
9,01083	35
9,01150	35
9,01217	34
9,01283	34
9,01350	34
9,01417	34
9,01483	34
9,01550	34
9,01617	34
9,01683	34
9,01750	34
9,01817	34
9,01883	34
9,01950	34
9,02017	34
9,02083	34
9,02150	34
9,02217	34
9,02283	34
9,02350	34
9,02417	34
9,02483	34
9,02550	34
9,02617	34
9,02683	34
9,02750	34
9,02817	35
9,02883	35
9,02950	35
9,03017	35
9,03083	35
9,03150	35
9,03217	35
9,03283	35
9,03350	35
9,03417	35
9,03483	34
9,03550	34
9,03617	34
9,03683	33
9,03750	33
9,03817	33
9,03883	33
9,03950	33
9,04017	32
9,04083	32
9,04150	32
9,04217	32
9,04283	32
9,04350	31
9,04417	31
9,04483	31
9,04550	31
9,04617	31
9,04683	31
9,04750	31
9,04817	31
9,04883	31
9,04950	31
9,05017	32
9,05083	32
9,05150	32
9,05217	32
9,05283	32
9,05350	32
9,05417	33
9,05483	33
9,05550	33
9,05617	33
9,05683	33
9,05750	33
9,05817	33
9,05883	33
9,05950	33
9,06017	33
9,06083	33
9,06150	33
9,06217	33
9,06283	33
9,06350	33
9,06417	33
9,06483	33
9,06550	33
9,06617	33
9,06683	33
9,06750	34
9,06817	34
9,06883	34
9,06950	35
9,07017	35
9,07083	35
9,07150	35
9,07217	36
9,07283	36
9,07350	36
9,07417	36
9,07483	37
9,07550	37
9,07617	37
9,07683	37
9,07750	37
9,07817	37
9,07883	37
9,07950	37
9,08017	37
9,08083	37
9,08150	37
9,08217	37
9,08283	37
9,08350	37
9,08417	36
9,08483	36
9,08550	36
9,08617	36
9,08683	35
9,08750	35
9,08817	35
9,08883	35
9,08950	34
9,09017	34
9,09083	34
9,09150	35
9,09217	35
9,09283	35
9,09350	35
9,09417	35
9,09483	35
9,09550	35
9,09617	35
9,09683	35
9,09750	36
9,09817	36
9,09883	36
9,09950	37
9,10017	37
9,10083	37
9,10150	37
9,10217	38
9,10283	38
9,10350	38
9,10417	38
9,10483	39
9,10550	39
9,10617	39
9,10683	39
9,10750	39
9,10817	39
9,10883	38
9,10950	38
9,11017	38
9,11083	38
9,11150	38
9,11217	39
9,11283	39
9,11350	39
9,11417	39
9,11483	38
9,11550	38
9,11617	38
9,11683	38
9,11750	38
9,11817	37
9,11883	37
9,11950	37
9,12017	37
9,12083	37
9,12150	37
9,12217	37
9,12283	37
9,12350	37
9,12417	37
9,12483	37
9,12550	37
9,12617	37
9,12683	37
9,12750	37
9,12817	37
9,12883	37
9,12950	37
9,13017	37
9,13083	37
9,13150	38
9,13217	38
9,13283	38
9,13350	38
9,13417	38
9,13483	38
9,13550	38
9,13617	38
9,13683	38
9,13750	37
9,13817	37
9,13883	37
9,13950	37
9,14017	37
9,14083	37
9,14150	37
9,14217	36
9,14283	36
9,14350	36
9,14417	36
9,14483	36
9,14550	36
9,14617	36
9,14683	36
9,14750	36
9,14817	36
9,14883	36
9,14950	37
9,15017	37
9,15083	37
9,15150	37
9,15217	37
9,15283	37
9,15350	37
9,15417	37
9,15483	37
9,15550	37
9,15617	37
9,15683	36
9,15750	36
9,15817	36
9,15883	36
9,15950	36
9,16017	36
9,16083	35
9,16150	36
9,16217	36
9,16283	36
9,16350	36
9,16417	37
9,16483	37
9,16550	37
9,16617	38
9,16683	38
9,16750	38
9,16817	37
9,16883	37
9,16950	37
9,17017	37
9,17083	37
9,17150	37
9,17217	36
9,17283	36
9,17350	36
9,17417	36
9,17483	36
9,17550	36
9,17617	35
9,17683	35
9,17750	35
9,17817	35
9,17883	35
9,17950	35
9,18017	35
9,18083	34
9,18150	34
9,18217	34
9,18283	34
9,18350	34
9,18417	33
9,18483	33
9,18550	33
9,18617	34
9,18683	34
9,18750	34
9,18817	34
9,18883	34
9,18950	34
9,19017	34
9,19083	34
9,19150	34
9,19217	34
9,19283	34
9,19350	34
9,19417	34
9,19483	34
9,19550	34
9,19617	34
9,19683	34
9,19750	34
9,19817	35
9,19883	35
9,19950	35
9,20017	36
9,20083	36
9,20150	36
9,20217	37
9,20283	37
9,20350	37
9,20417	38
9,20483	38
9,20550	38
9,20617	39
9,20683	39
9,20750	39
9,20817	39
9,20883	39
9,20950	39
9,21017	39
9,21083	39
9,21150	39
9,21217	38
9,21283	38
9,21350	38
9,21417	37
9,21483	37
9,21550	37
9,21617	37
9,21683	37
9,21750	37
9,21817	37
9,21883	37
9,21950	37
9,22017	37
9,22083	37
9,22150	37
9,22217	37
9,22283	37
9,22350	37
9,22417	36
9,22483	36
9,22550	36
9,22617	36
9,22683	36
9,22750	36
9,22817	36
9,22883	37
9,22950	37
9,23017	37
9,23083	37
9,23150	38
9,23217	38
9,23283	38
9,23350	38
9,23417	38
9,23483	38
9,23550	38
9,23617	38
9,23683	38
9,23750	38
9,23817	38
9,23883	37
9,23950	37
9,24017	37
9,24083	37
9,24150	37
9,24217	37
9,24283	37
9,24350	37
9,24417	37
9,24483	37
9,24550	37
9,24617	37
9,24683	36
9,24750	36
9,24817	36
9,24883	35
9,24950	35
9,25017	35
9,25083	35
9,25150	35
9,25217	35
9,25283	35
9,25350	35
9,25417	35
9,25483	35
9,25550	35
9,25617	35
9,25683	35
9,25750	35
9,25817	35
9,25883	35
9,25950	35
9,26017	35
9,26083	35
9,26150	35
9,26217	35
9,26283	35
9,26350	35
9,26417	35
9,26483	35
9,26550	35
9,26617	35
9,26683	35
9,26750	35
9,26817	34
9,26883	34
9,26950	34
9,27017	34
9,27083	34
9,27150	34
9,27217	34
9,27283	34
9,27350	34
9,27417	33
9,27483	33
9,27550	33
9,27617	33
9,27683	33
9,27750	33
9,27817	33
9,27883	33
9,27950	33
9,28017	33
9,28083	33
9,28150	33
9,28217	33
9,28283	33
9,28350	34
9,28417	34
9,28483	34
9,28550	34
9,28617	34
9,28683	34
9,28750	34
9,28817	34
9,28883	34
9,28950	34
9,29017	34
9,29083	34
9,29150	34
9,29217	34
9,29283	34
9,29350	35
9,29417	35
9,29483	35
9,29550	35
9,29617	35
9,29683	35
9,29750	35
9,29817	35
9,29883	35
9,29950	35
9,30017	36
9,30083	36
9,30150	36
9,30217	36
9,30283	36
9,30350	36
9,30417	36
9,30483	36
9,30550	37
9,30617	37
9,30683	37
9,30750	37
9,30817	37
9,30883	37
9,30950	37
9,31017	37
9,31083	37
9,31150	37
9,31217	37
9,31283	37
9,31350	37
9,31417	37
9,31483	37
9,31550	37
9,31617	37
9,31683	37
9,31750	38
9,31817	38
9,31883	38
9,31950	38
9,32017	38
9,32083	38
9,32150	38
9,32217	38
9,32283	38
9,32350	38
9,32417	38
9,32483	39
9,32550	39
9,32617	39
9,32683	38
9,32750	38
9,32817	38
9,32883	38
9,32950	38
9,33017	38
9,33083	38
9,33150	37
9,33217	37
9,33283	37
9,33350	37
9,33417	37
9,33483	36
9,33550	36
9,33617	36
9,33683	36
9,33750	36
9,33817	35
9,33883	35
9,33950	35
9,34017	34
9,34083	34
9,34150	34
9,34217	33
9,34283	33
9,34350	33
9,34417	33
9,34483	33
9,34550	33
9,34617	33
9,34683	33
9,34750	33
9,34817	33
9,34883	33
9,34950	33
9,35017	33
9,35083	32
9,35150	32
9,35217	32
9,35283	31
9,35350	31
9,35417	31
9,35483	31
9,35550	31
9,35617	31
9,35683	32
9,35750	32
9,35817	32
9,35883	32
9,35950	32
9,36017	32
9,36083	32
9,36150	32
9,36217	32
9,36283	32
9,36350	32
9,36417	33
9,36483	33
9,36550	33
9,36617	33
9,36683	33
9,36750	34
9,36817	34
9,36883	34
9,36950	34
9,37017	34
9,37083	34
9,37150	34
9,37217	33
9,37283	33
9,37350	33
9,37417	33
9,37483	33
9,37550	34
9,37617	34
9,37683	34
9,37750	34
9,37817	35
9,37883	35
9,37950	35
9,38017	36
9,38083	36
9,38150	36
9,38217	36
9,38283	36
9,38350	36
9,38417	37
9,38483	37
9,38550	37
9,38617	37
9,38683	37
9,38750	38
9,38817	38
9,38883	38
9,38950	38
9,39017	38
9,39083	38
9,39150	38
9,39217	38
9,39283	38
9,39350	38
9,39417	39
9,39483	39
9,39550	39
9,39617	39
9,39683	38
9,39750	38
9,39817	38
9,39883	38
9,39950	37
9,40017	37
9,40083	37
9,40150	37
9,40217	37
9,40283	36
9,40350	36
9,40417	36
9,40483	36
9,40550	36
9,40617	36
9,40683	36
9,40750	36
9,40817	36
9,40883	36
9,40950	35
9,41017	36
9,41083	36
9,41150	36
9,41217	36
9,41283	37
9,41350	37
9,41417	38
9,41483	38
9,41550	38
9,41617	39
9,41683	39
9,41750	40
9,41817	40
9,41883	41
9,41950	42
9,42017	42
9,42083	43
9,42150	44
9,42217	45
9,42283	45
9,42350	46
9,42417	46
9,42483	47
9,42550	47
9,42617	48
9,42683	48
9,42750	48
9,42817	49
9,42883	49
9,42950	49
9,43017	49
9,43083	49
9,43150	49
9,43217	50
9,43283	50
9,43350	50
9,43417	50
9,43483	50
9,43550	50
9,43617	51
9,43683	51
9,43750	51
9,43817	51
9,43883	51
9,43950	50
9,44017	50
9,44083	50
9,44150	50
9,44217	50
9,44283	50
9,44350	50
9,44417	50
9,44483	49
9,44550	49
9,44617	49
9,44683	49
9,44750	48
9,44817	48
9,44883	48
9,44950	48
9,45017	47
9,45083	47
9,45150	47
9,45217	46
9,45283	46
9,45350	46
9,45417	45
9,45483	45
9,45550	45
9,45617	45
9,45683	44
9,45750	44
9,45817	43
9,45883	43
9,45950	42
9,46017	42
9,46083	41
9,46150	41
9,46217	40
9,46283	40
9,46350	40
9,46417	40
9,46483	39
9,46550	39
9,46617	39
9,46683	39
9,46750	38
9,46817	38
9,46883	38
9,46950	38
9,47017	38
9,47083	37
9,47150	37
9,47217	37
9,47283	37
9,47350	37
9,47417	37
9,47483	36
9,47550	36
9,47617	36
9,47683	36
9,47750	36
9,47817	36
9,47883	36
9,47950	36
9,48017	36
9,48083	35
9,48150	35
9,48217	35
9,48283	35
9,48350	35
9,48417	35
9,48483	36
9,48550	36
9,48617	36
9,48683	36
9,48750	36
9,48817	36
9,48883	36
9,48950	35
9,49017	35
9,49083	35
9,49150	35
9,49217	35
9,49283	35
9,49350	35
9,49417	35
9,49483	35
9,49550	35
9,49617	36
9,49683	36
9,49750	36
9,49817	37
9,49883	37
9,49950	37
9,50017	37
9,50083	38
9,50150	38
9,50217	38
9,50283	38
9,50350	39
9,50417	39
9,50483	39
9,50550	39
9,50617	39
9,50683	39
9,50750	39
9,50817	39
9,50883	39
9,50950	39
9,51017	40
9,51083	40
9,51150	40
9,51217	40
9,51283	40
9,51350	40
9,51417	40
9,51483	40
9,51550	40
9,51617	41
9,51683	41
9,51750	41
9,51817	42
9,51883	42
9,51950	42
9,52017	42
9,52083	43
9,52150	43
9,52217	43
9,52283	43
9,52350	43
9,52417	43
9,52483	43
9,52550	43
9,52617	43
9,52683	43
9,52750	43
9,52817	42
9,52883	42
9,52950	42
9,53017	42
9,53083	42
9,53150	42
9,53217	42
9,53283	42
9,53350	42
9,53417	42
9,53483	42
9,53550	42
9,53617	42
9,53683	42
9,53750	42
9,53817	42
9,53883	42
9,53950	43
9,54017	43
9,54083	43
9,54150	43
9,54217	43
9,54283	43
9,54350	43
9,54417	42
9,54483	42
9,54550	42
9,54617	42
9,54683	42
9,54750	41
9,54817	41
9,54883	41
9,54950	41
9,55017	41
9,55083	41
9,55150	42
9,55217	42
9,55283	42
9,55350	42
9,55417	43
9,55483	43
9,55550	43
9,55617	43
9,55683	43
9,55750	43
9,55817	43
9,55883	43
9,55950	44
9,56017	44
9,56083	44
9,56150	44
9,56217	44
9,56283	44
9,56350	44
9,56417	44
9,56483	44
9,56550	44
9,56617	44
9,56683	43
9,56750	43
9,56817	43
9,56883	43
9,56950	44
9,57017	44
9,57083	44
9,57150	44
9,57217	44
9,57283	44
9,57350	43
9,57417	43
9,57483	43
9,57550	43
9,57617	43
9,57683	43
9,57750	43
9,57817	43
9,57883	43
9,57950	43
9,58017	43
9,58083	43
9,58150	43
9,58217	43
9,58283	43
9,58350	43
9,58417	42
9,58483	42
9,58550	42
9,58617	42
9,58683	42
9,58750	42
9,58817	42
9,58883	41
9,58950	41
9,59017	41
9,59083	41
9,59150	40
9,59217	40
9,59283	40
9,59350	40
9,59417	40
9,59483	40
9,59550	40
9,59617	39
9,59683	39
9,59750	39
9,59817	39
9,59883	39
9,59950	40
9,60017	40
9,60083	40
9,60150	40
9,60217	40
9,60283	41
9,60350	41
9,60417	41
9,60483	41
9,60550	41
9,60617	42
9,60683	42
9,60750	42
9,60817	42
9,60883	42
9,60950	42
9,61017	42
9,61083	42
9,61150	41
9,61217	42
9,61283	41
9,61350	41
9,61417	41
9,61483	41
9,61550	41
9,61617	42
9,61683	42
9,61750	42
9,61817	42
9,61883	42
9,61950	43
9,62017	43
9,62083	43
9,62150	44
9,62217	44
9,62283	44
9,62350	44
9,62417	44
9,62483	44
9,62550	44
9,62617	44
9,62683	44
9,62750	44
9,62817	44
9,62883	44
9,62950	44
9,63017	44
9,63083	44
9,63150	44
9,63217	44
9,63283	44
9,63350	44
9,63417	44
9,63483	44
9,63550	44
9,63617	44
9,63683	44
9,63750	44
9,63817	43
9,63883	43
9,63950	43
9,64017	42
9,64083	42
9,64150	42
9,64217	41
9,64283	41
9,64350	41
9,64417	41
9,64483	41
9,64550	41
9,64617	41
9,64683	41
9,64750	41
9,64817	41
9,64883	41
9,64950	41
9,65017	41
9,65083	41
9,65150	41
9,65217	41
9,65283	41
9,65350	41
9,65417	41
9,65483	41
9,65550	41
9,65617	41
9,65683	40
9,65750	40
9,65817	40
9,65883	40
9,65950	40
9,66017	40
9,66083	40
9,66150	40
9,66217	40
9,66283	40
9,66350	40
9,66417	40
9,66483	40
9,66550	40
9,66617	40
9,66683	40
9,66750	40
9,66817	40
9,66883	40
9,66950	40
9,67017	39
9,67083	39
9,67150	39
9,67217	39
9,67283	39
9,67350	39
9,67417	39
9,67483	39
9,67550	39
9,67617	39
9,67683	39
9,67750	39
9,67817	39
9,67883	40
9,67950	40
9,68017	40
9,68083	41
9,68150	41
9,68217	41
9,68283	41
9,68350	41
9,68417	41
9,68483	40
9,68550	40
9,68617	40
9,68683	40
9,68750	40
9,68817	40
9,68883	40
9,68950	40
9,69017	41
9,69083	41
9,69150	40
9,69217	40
9,69283	40
9,69350	40
9,69417	40
9,69483	40
9,69550	40
9,69617	40
9,69683	41
9,69750	41
9,69817	41
9,69883	41
9,69950	41
9,70017	41
9,70083	41
9,70150	42
9,70217	42
9,70283	42
9,70350	42
9,70417	42
9,70483	42
9,70550	41
9,70617	41
9,70683	41
9,70750	40
9,70817	40
9,70883	40
9,70950	40
9,71017	40
9,71083	40
9,71150	39
9,71217	39
9,71283	39
9,71350	39
9,71417	39
9,71483	38
9,71550	38
9,71617	38
9,71683	37
9,71750	37
9,71817	37
9,71883	37
9,71950	37
9,72017	37
9,72083	37
9,72150	36
9,72217	36
9,72283	36
9,72350	36
9,72417	36
9,72483	35
9,72550	35
9,72617	35
9,72683	35
9,72750	35
9,72817	35
9,72883	35
9,72950	35
9,73017	36
9,73083	36
9,73150	36
9,73217	37
9,73283	37
9,73350	38
9,73417	38
9,73483	39
9,73550	39
9,73617	40
9,73683	40
9,73750	41
9,73817	41
9,73883	42
9,73950	42
9,74017	43
9,74083	43
9,74150	43
9,74217	44
9,74283	44
9,74350	44
9,74417	44
9,74483	44
9,74550	44
9,74617	44
9,74683	44
9,74750	44
9,74817	44
9,74883	44
9,74950	44
9,75017	43
9,75083	43
9,75150	43
9,75217	43
9,75283	43
9,75350	43
9,75417	43
9,75483	43
9,75550	43
9,75617	43
9,75683	43
9,75750	43
9,75817	42
9,75883	42
9,75950	42
9,76017	42
9,76083	42
9,76150	42
9,76217	42
9,76283	42
9,76350	42
9,76417	42
9,76483	42
9,76550	42
9,76617	42
9,76683	42
9,76750	42
9,76817	42
9,76883	42
9,76950	42
9,77017	42
9,77083	42
9,77150	42
9,77217	42
9,77283	42
9,77350	42
9,77417	42
9,77483	42
9,77550	43
9,77617	43
9,77683	43
9,77750	44
9,77817	44
9,77883	44
9,77950	44
9,78017	44
9,78083	44
9,78150	45
9,78217	45
9,78283	45
9,78350	45
9,78417	45
9,78483	45
9,78550	45
9,78617	45
9,78683	45
9,78750	45
9,78817	45
9,78883	45
9,78950	45
9,79017	45
9,79083	45
9,79150	45
9,79217	45
9,79283	45
9,79350	45
9,79417	45
9,79483	45
9,79550	45
9,79617	45
9,79683	45
9,79750	45
9,79817	45
9,79883	45
9,79950	45
9,80017	45
9,80083	45
9,80150	45
9,80217	45
9,80283	45
9,80350	45
9,80417	46
9,80483	46
9,80550	47
9,80617	48
9,80683	48
9,80750	49
9,80817	50
9,80883	50
9,80950	50
9,81017	51
9,81083	51
9,81150	51
9,81217	51
9,81283	51
9,81350	51
9,81417	51
9,81483	50
9,81550	50
9,81617	50
9,81683	49
9,81750	49
9,81817	49
9,81883	48
9,81950	48
9,82017	48
9,82083	47
9,82150	47
9,82217	46
9,82283	46
9,82350	45
9,82417	45
9,82483	44
9,82550	44
9,82617	44
9,82683	44
9,82750	43
9,82817	43
9,82883	43
9,82950	43
9,83017	43
9,83083	43
9,83150	43
9,83217	43
9,83283	43
9,83350	44
9,83417	44
9,83483	44
9,83550	44
9,83617	44
9,83683	44
9,83750	44
9,83817	44
9,83883	44
9,83950	44
9,84017	44
9,84083	44
9,84150	44
9,84217	44
9,84283	44
9,84350	44
9,84417	44
9,84483	44
9,84550	44
9,84617	44
9,84683	44
9,84750	44
9,84817	44
9,84883	44
9,84950	44
9,85017	44
9,85083	44
9,85150	44
9,85217	44
9,85283	44
9,85350	44
9,85417	44
9,85483	44
9,85550	44
9,85617	44
9,85683	44
9,85750	44
9,85817	44
9,85883	44
9,85950	44
9,86017	45
9,86083	45
9,86150	45
9,86217	45
9,86283	45
9,86350	45
9,86417	45
9,86483	44
9,86550	44
9,86617	44
9,86683	43
9,86750	43
9,86817	43
9,86883	43
9,86950	43
9,87017	42
9,87083	42
9,87150	42
9,87217	42
9,87283	42
9,87350	42
9,87417	42
9,87483	42
9,87550	42
9,87617	42
9,87683	42
9,87750	42
9,87817	42
9,87883	42
9,87950	43
9,88017	43
9,88083	43
9,88150	44
9,88217	44
9,88283	44
9,88350	45
9,88417	45
9,88483	46
9,88550	46
9,88617	46
9,88683	47
9,88750	47
9,88817	47
9,88883	47
9,88950	48
9,89017	48
9,89083	48
9,89150	48
9,89217	48
9,89283	48
9,89350	48
9,89417	48
9,89483	48
9,89550	48
9,89617	48
9,89683	48
9,89750	48
9,89817	48
9,89883	48
9,89950	48
9,90017	48
9,90083	49
9,90150	49
9,90217	49
9,90283	49
9,90350	49
9,90417	49
9,90483	49
9,90550	49
9,90617	49
9,90683	49
9,90750	49
9,90817	49
9,90883	49
9,90950	49
9,91017	49
9,91083	49
9,91150	49
9,91217	49
9,91283	49
9,91350	49
9,91417	48
9,91483	48
9,91550	48
9,91617	48
9,91683	48
9,91750	48
9,91817	47
9,91883	47
9,91950	47
9,92017	47
9,92083	47
9,92150	47
9,92217	47
9,92283	47
9,92350	47
9,92417	47
9,92483	47
9,92550	47
9,92617	47
9,92683	47
9,92750	47
9,92817	47
9,92883	46
9,92950	46
9,93017	46
9,93083	46
9,93150	45
9,93217	45
9,93283	45
9,93350	46
9,93417	46
9,93483	46
9,93550	46
9,93617	46
9,93683	47
9,93750	47
9,93817	47
9,93883	48
9,93950	48
9,94017	48
9,94083	48
9,94150	48
9,94217	49
9,94283	49
9,94350	49
9,94417	49
9,94483	49
9,94550	50
9,94617	50
9,94683	51
9,94750	51
9,94817	51
9,94883	51
9,94950	52
9,95017	52
9,95083	52
9,95150	52
9,95217	52
9,95283	51
9,95350	51
9,95417	51
9,95483	51
9,95550	50
9,95617	50
9,95683	50
9,95750	50
9,95817	50
9,95883	50
9,95950	50
9,96017	50
9,96083	50
9,96150	50
9,96217	50
9,96283	50
9,96350	50
9,96417	50
9,96483	50
9,96550	50
9,96617	51
9,96683	51
9,96750	51
9,96817	51
9,96883	51
9,96950	51
9,97017	51
9,97083	50
9,97150	50
9,97217	50
9,97283	50
9,97350	50
9,97417	50
9,97483	50
9,97550	50
9,97617	50
9,97683	51
9,97750	51
9,97817	51
9,97883	51
9,97950	51
9,98017	52
9,98083	52
9,98150	52
9,98217	52
9,98283	53
9,98350	53
9,98417	53
9,98483	54
9,98550	54
9,98617	55
9,98683	55
9,98750	56
9,98817	56
9,98883	57
9,98950	57
9,99017	58
9,99083	58
9,99150	59
9,99217	59
9,99283	60
9,99350	60
9,99417	61
9,99483	61
9,99550	62
9,99617	62
9,99683	62
9,99750	63
9,99817	63
9,99883	64
9,99950	64
10,00017	64
10,00083	64
10,00150	64
10,00217	64
10,00283	64
10,00350	63
10,00417	63
10,00483	63
10,00550	62
10,00617	62
10,00683	62
10,00750	61
10,00817	61
10,00883	61
10,00950	61
10,01017	61
10,01083	60
10,01150	60
10,01217	60
10,01283	60
10,01350	60
10,01417	60
10,01483	60
10,01550	59
10,01617	59
10,01683	59
10,01750	59
10,01817	59
10,01883	59
10,01950	59
10,02017	58
10,02083	58
10,02150	58
10,02217	58
10,02283	57
10,02350	57
10,02417	57
10,02483	57
10,02550	57
10,02617	57
10,02683	57
10,02750	57
10,02817	58
10,02883	58
10,02950	58
10,03017	58
10,03083	59
10,03150	59
10,03217	59
10,03283	59
10,03350	59
10,03417	58
10,03483	58
10,03550	58
10,03617	58
10,03683	57
10,03750	57
10,03817	57
10,03883	57
10,03950	57
10,04017	57
10,04083	57
10,04150	57
10,04217	57
10,04283	57
10,04350	57
10,04417	57
10,04483	57
10,04550	57
10,04617	57
10,04683	57
10,04750	57
10,04817	58
10,04883	58
10,04950	58
10,05017	58
10,05083	58
10,05150	58
10,05217	58
10,05283	58
10,05350	58
10,05417	58
10,05483	58
10,05550	58
10,05617	57
10,05683	57
10,05750	57
10,05817	57
10,05883	57
10,05950	57
10,06017	57
10,06083	57
10,06150	57
10,06217	57
10,06283	57
10,06350	57
10,06417	57
10,06483	57
10,06550	57
10,06617	57
10,06683	56
10,06750	56
10,06817	56
10,06883	56
10,06950	56
10,07017	56
10,07083	56
10,07150	56
10,07217	57
10,07283	57
10,07350	57
10,07417	57
10,07483	57
10,07550	57
10,07617	56
10,07683	56
10,07750	56
10,07817	56
10,07883	56
10,07950	56
10,08017	57
10,08083	57
10,08150	57
10,08217	57
10,08283	58
10,08350	58
10,08417	58
10,08483	59
10,08550	59
10,08617	59
10,08683	59
10,08750	59
10,08817	59
10,08883	59
10,08950	60
10,09017	60
10,09083	60
10,09150	60
10,09217	60
10,09283	60
10,09350	60
10,09417	61
10,09483	61
10,09550	61
10,09617	61
10,09683	61
10,09750	61
10,09817	61
10,09883	62
10,09950	62
10,10017	62
10,10083	63
10,10150	63
10,10217	64
10,10283	64
10,10350	65
10,10417	65
10,10483	65
10,10550	66
10,10617	66
10,10683	66
10,10750	66
10,10817	67
10,10883	67
10,10950	67
10,11017	67
10,11083	67
10,11150	67
10,11217	67
10,11283	67
10,11350	67
10,11417	67
10,11483	67
10,11550	67
10,11617	68
10,11683	68
10,11750	68
10,11817	68
10,11883	68
10,11950	68
10,12017	68
10,12083	68
10,12150	68
10,12217	69
10,12283	69
10,12350	69
10,12417	69
10,12483	69
10,12550	69
10,12617	69
10,12683	69
10,12750	68
10,12817	68
10,12883	68
10,12950	68
10,13017	68
10,13083	68
10,13150	68
10,13217	67
10,13283	67
10,13350	67
10,13417	67
10,13483	67
10,13550	67
10,13617	67
10,13683	67
10,13750	67
10,13817	68
10,13883	68
10,13950	68
10,14017	68
10,14083	68
10,14150	67
10,14217	67
10,14283	67
10,14350	67
10,14417	67
10,14483	67
10,14550	68
10,14617	67
10,14683	67
10,14750	67
10,14817	67
10,14883	67
10,14950	67
10,15017	67
10,15083	67
10,15150	67
10,15217	67
10,15283	67
10,15350	66
10,15417	66
10,15483	66
10,15550	66
10,15617	66
10,15683	66
10,15750	66
10,15817	66
10,15883	66
10,15950	66
10,16017	65
10,16083	65
10,16150	65
10,16217	65
10,16283	65
10,16350	65
10,16417	65
10,16483	65
10,16550	65
10,16617	65
10,16683	65
10,16750	65
10,16817	65
10,16883	65
10,16950	65
10,17017	65
10,17083	65
10,17150	65
10,17217	65
10,17283	65
10,17350	65
10,17417	65
10,17483	65
10,17550	65
10,17617	65
10,17683	65
10,17750	65
10,17817	65
10,17883	65
10,17950	66
10,18017	66
10,18083	66
10,18150	66
10,18217	66
10,18283	67
10,18350	67
10,18417	67
10,18483	67
10,18550	67
10,18617	67
10,18683	67
10,18750	67
10,18817	67
10,18883	67
10,18950	67
10,19017	66
10,19083	66
10,19150	66
10,19217	66
10,19283	65
10,19350	65
10,19417	65
10,19483	65
10,19550	65
10,19617	65
10,19683	65
10,19750	65
10,19817	65
10,19883	66
10,19950	66
10,20017	66
10,20083	67
10,20150	67
10,20217	67
10,20283	67
10,20350	67
10,20417	68
10,20483	68
10,20550	68
10,20617	68
10,20683	68
10,20750	69
10,20817	69
10,20883	69
10,20950	69
10,21017	70
10,21083	70
10,21150	71
10,21217	71
10,21283	71
10,21350	71
10,21417	71
10,21483	71
10,21550	71
10,21617	71
10,21683	71
10,21750	71
10,21817	71
10,21883	70
10,21950	70
10,22017	70
10,22083	70
10,22150	70
10,22217	70
10,22283	70
10,22350	70
10,22417	70
10,22483	70
10,22550	70
10,22617	70
10,22683	70
10,22750	70
10,22817	71
10,22883	71
10,22950	71
10,23017	71
10,23083	72
10,23150	72
10,23217	71
10,23283	71
10,23350	71
10,23417	71
10,23483	70
10,23550	70
10,23617	70
10,23683	69
10,23750	69
10,23817	68
10,23883	68
10,23950	68
10,24017	67
10,24083	67
10,24150	67
10,24217	66
10,24283	66
10,24350	66
10,24417	66
10,24483	66
10,24550	66
10,24617	66
10,24683	66
10,24750	65
10,24817	65
10,24883	65
10,24950	66
10,25017	66
10,25083	66
10,25150	66
10,25217	66
10,25283	66
10,25350	67
10,25417	67
10,25483	67
10,25550	67
10,25617	67
10,25683	67
10,25750	67
10,25817	67
10,25883	67
10,25950	67
10,26017	67
10,26083	66
10,26150	66
10,26217	66
10,26283	66
10,26350	66
10,26417	66
10,26483	66
10,26550	66
10,26617	66
10,26683	66
10,26750	66
10,26817	66
10,26883	66
10,26950	66
10,27017	66
10,27083	66
10,27150	66
10,27217	66
10,27283	66
10,27350	66
10,27417	66
10,27483	67
10,27550	67
10,27617	67
10,27683	67
10,27750	67
10,27817	67
10,27883	67
10,27950	67
10,28017	67
10,28083	67
10,28150	67
10,28217	67
10,28283	67
10,28350	66
10,28417	66
10,28483	66
10,28550	66
10,28617	65
10,28683	65
10,28750	64
10,28817	64
10,28883	64
10,28950	63
10,29017	63
10,29083	62
10,29150	62
10,29217	62
10,29283	62
10,29350	62
10,29417	62
10,29483	63
10,29550	63
10,29617	63
10,29683	63
10,29750	63
10,29817	64
10,29883	64
10,29950	64
10,30017	64
10,30083	63
10,30150	64
10,30217	64
10,30283	64
10,30350	64
10,30417	64
10,30483	64
10,30550	64
10,30617	64
10,30683	64
10,30750	64
10,30817	64
10,30883	64
10,30950	64
10,31017	64
10,31083	64
10,31150	63
10,31217	63
10,31283	63
10,31350	63
10,31417	63
10,31483	63
10,31550	62
10,31617	62
10,31683	62
10,31750	61
10,31817	61
10,31883	60
10,31950	60
10,32017	60
10,32083	60
10,32150	60
10,32217	60
10,32283	60
10,32350	60
10,32417	60
10,32483	60
10,32550	60
10,32617	60
10,32683	60
10,32750	60
10,32817	60
10,32883	60
10,32950	60
10,33017	60
10,33083	60
10,33150	60
10,33217	60
10,33283	60
10,33350	61
10,33417	61
10,33483	61
10,33550	61
10,33617	61
10,33683	61
10,33750	62
10,33817	62
10,33883	62
10,33950	62
10,34017	62
10,34083	62
10,34150	62
10,34217	62
10,34283	61
10,34350	61
10,34417	61
10,34483	62
10,34550	62
10,34617	62
10,34683	62
10,34750	62
10,34817	63
10,34883	63
10,34950	63
10,35017	63
10,35083	63
10,35150	63
10,35217	62
10,35283	62
10,35350	62
10,35417	62
10,35483	62
10,35550	61
10,35617	61
10,35683	61
10,35750	61
10,35817	62
10,35883	62
10,35950	62
10,36017	63
10,36083	63
10,36150	63
10,36217	63
10,36283	64
10,36350	64
10,36417	64
10,36483	64
10,36550	64
10,36617	64
10,36683	64
10,36750	65
10,36817	65
10,36883	65
10,36950	65
10,37017	66
10,37083	66
10,37150	67
10,37217	67
10,37283	67
10,37350	67
10,37417	67
10,37483	67
10,37550	67
10,37617	67
10,37683	67
10,37750	67
10,37817	67
10,37883	67
10,37950	68
10,38017	68
10,38083	68
10,38150	68
10,38217	68
10,38283	68
10,38350	69
10,38417	69
10,38483	69
10,38550	69
10,38617	69
10,38683	69
10,38750	69
10,38817	69
10,38883	69
10,38950	69
10,39017	69
10,39083	69
10,39150	70
10,39217	70
10,39283	71
10,39350	72
10,39417	73
10,39483	73
10,39550	74
10,39617	75
10,39683	76
10,39750	76
10,39817	77
10,39883	78
10,39950	79
10,40017	80
10,40083	82
10,40150	83
10,40217	84
10,40283	85
10,40350	86
10,40417	87
10,40483	89
10,40550	90
10,40617	91
10,40683	91
10,40750	92
10,40817	93
10,40883	93
10,40950	94
10,41017	94
10,41083	94
10,41150	94
10,41217	94
10,41283	94
10,41350	94
10,41417	93
10,41483	93
10,41550	92
10,41617	92
10,41683	91
10,41750	90
10,41817	89
10,41883	89
10,41950	88
10,42017	87
10,42083	86
10,42150	85
10,42217	85
10,42283	84
10,42350	84
10,42417	83
10,42483	82
10,42550	82
10,42617	82
10,42683	81
10,42750	81
10,42817	80
10,42883	80
10,42950	80
10,43017	79
10,43083	79
10,43150	79
10,43217	78
10,43283	78
10,43350	78
10,43417	78
10,43483	77
10,43550	77
10,43617	77
10,43683	76
10,43750	76
10,43817	76
10,43883	76
10,43950	76
10,44017	76
10,44083	76
10,44150	76
10,44217	77
10,44283	77
10,44350	77
10,44417	77
10,44483	77
10,44550	77
10,44617	76
10,44683	76
10,44750	76
10,44817	76
10,44883	76
10,44950	76
10,45017	76
10,45083	75
10,45150	75
10,45217	75
10,45283	75
10,45350	75
10,45417	75
10,45483	75
10,45550	75
10,45617	75
10,45683	75
10,45750	75
10,45817	75
10,45883	75
10,45950	75
10,46017	75
10,46083	75
10,46150	75
10,46217	75
10,46283	75
10,46350	75
10,46417	75
10,46483	75
10,46550	75
10,46617	76
10,46683	76
10,46750	76
10,46817	76
10,46883	76
10,46950	76
10,47017	76
10,47083	76
10,47150	76
10,47217	76
10,47283	76
10,47350	76
10,47417	76
10,47483	76
10,47550	77
10,47617	77
10,47683	77
10,47750	77
10,47817	77
10,47883	77
10,47950	77
10,48017	77
10,48083	77
10,48150	77
10,48217	77
10,48283	78
10,48350	78
10,48417	78
10,48483	78
10,48550	78
10,48617	78
10,48683	78
10,48750	78
10,48817	78
10,48883	79
10,48950	79
10,49017	80
10,49083	80
10,49150	80
10,49217	81
10,49283	81
10,49350	81
10,49417	81
10,49483	82
10,49550	82
10,49617	82
10,49683	82
10,49750	81
10,49817	81
10,49883	81
10,49950	81
10,50017	80
10,50083	80
10,50150	80
10,50217	80
10,50283	79
10,50350	79
10,50417	79
10,50483	79
10,50550	79
10,50617	78
10,50683	78
10,50750	78
10,50817	78
10,50883	78
10,50950	78
10,51017	78
10,51083	78
10,51150	78
10,51217	78
10,51283	78
10,51350	78
10,51417	77
10,51483	77
10,51550	77
10,51617	77
10,51683	77
10,51750	77
10,51817	77
10,51883	77
10,51950	78
10,52017	78
10,52083	78
10,52150	78
10,52217	78
10,52283	78
10,52350	78
10,52417	78
10,52483	78
10,52550	78
10,52617	78
10,52683	78
10,52750	78
10,52817	78
10,52883	78
10,52950	78
10,53017	78
10,53083	78
10,53150	79
10,53217	79
10,53283	79
10,53350	79
10,53417	79
10,53483	79
10,53550	79
10,53617	79
10,53683	79
10,53750	79
10,53817	79
10,53883	79
10,53950	79
10,54017	79
10,54083	79
10,54150	78
10,54217	78
10,54283	78
10,54350	78
10,54417	78
10,54483	77
10,54550	77
10,54617	77
10,54683	77
10,54750	76
10,54817	76
10,54883	76
10,54950	75
10,55017	75
10,55083	75
10,55150	75
10,55217	74
10,55283	74
10,55350	74
10,55417	74
10,55483	74
10,55550	74
10,55617	74
10,55683	74
10,55750	74
10,55817	74
10,55883	74
10,55950	73
10,56017	73
10,56083	73
10,56150	73
10,56217	73
10,56283	73
10,56350	73
10,56417	73
10,56483	73
10,56550	73
10,56617	73
10,56683	73
10,56750	74
10,56817	74
10,56883	74
10,56950	74
10,57017	75
10,57083	75
10,57150	76
10,57217	76
10,57283	76
10,57350	76
10,57417	77
10,57483	77
10,57550	77
10,57617	77
10,57683	77
10,57750	78
10,57817	78
10,57883	78
10,57950	78
10,58017	78
10,58083	78
10,58150	78
10,58217	78
10,58283	78
10,58350	78
10,58417	78
10,58483	78
10,58550	78
10,58617	78
10,58683	78
10,58750	78
10,58817	78
10,58883	77
10,58950	77
10,59017	77
10,59083	77
10,59150	76
10,59217	76
10,59283	76
10,59350	76
10,59417	76
10,59483	76
10,59550	76
10,59617	75
10,59683	75
10,59750	75
10,59817	76
10,59883	76
10,59950	76
10,60017	76
10,60083	76
10,60150	77
10,60217	77
10,60283	77
10,60350	78
10,60417	78
10,60483	78
10,60550	79
10,60617	79
10,60683	79
10,60750	79
10,60817	80
10,60883	80
10,60950	80
10,61017	80
10,61083	80
10,61150	80
10,61217	79
10,61283	79
10,61350	80
10,61417	80
10,61483	80
10,61550	80
10,61617	81
10,61683	81
10,61750	81
10,61817	82
10,61883	82
10,61950	82
10,62017	82
10,62083	83
10,62150	83
10,62217	83
10,62283	83
10,62350	83
10,62417	83
10,62483	83
10,62550	84
10,62617	84
10,62683	84
10,62750	84
10,62817	84
10,62883	84
10,62950	84
10,63017	84
10,63083	84
10,63150	83
10,63217	83
10,63283	83
10,63350	83
10,63417	82
10,63483	82
10,63550	82
10,63617	82
10,63683	82
10,63750	82
10,63817	81
10,63883	81
10,63950	81
10,64017	81
10,64083	81
10,64150	80
10,64217	80
10,64283	80
10,64350	80
10,64417	80
10,64483	80
10,64550	79
10,64617	80
10,64683	80
10,64750	80
10,64817	80
10,64883	80
10,64950	80
10,65017	80
10,65083	80
10,65150	80
10,65217	80
10,65283	80
10,65350	80
10,65417	80
10,65483	80
10,65550	80
10,65617	80
10,65683	80
10,65750	80
10,65817	81
10,65883	81
10,65950	81
10,66017	81
10,66083	82
10,66150	82
10,66217	82
10,66283	82
10,66350	82
10,66417	83
10,66483	83
10,66550	83
10,66617	83
10,66683	84
10,66750	84
10,66817	85
10,66883	85
10,66950	86
10,67017	86
10,67083	87
10,67150	87
10,67217	87
10,67283	88
10,67350	88
10,67417	88
10,67483	88
10,67550	89
10,67617	89
10,67683	89
10,67750	89
10,67817	90
10,67883	90
10,67950	90
10,68017	91
10,68083	91
10,68150	91
10,68217	92
10,68283	92
10,68350	92
10,68417	93
10,68483	93
10,68550	93
10,68617	93
10,68683	93
10,68750	94
10,68817	94
10,68883	94
10,68950	95
10,69017	95
10,69083	95
10,69150	95
10,69217	96
10,69283	96
10,69350	96
10,69417	97
10,69483	97
10,69550	97
10,69617	97
10,69683	97
10,69750	97
10,69817	97
10,69883	97
10,69950	97
10,70017	97
10,70083	97
10,70150	97
10,70217	97
10,70283	97
10,70350	97
10,70417	97
10,70483	97
10,70550	98
10,70617	98
10,70683	98
10,70750	98
10,70817	99
10,70883	99
10,70950	99
10,71017	100
10,71083	100
10,71150	101
10,71217	102
10,71283	102
10,71350	103
10,71417	104
10,71483	104
10,71550	105
10,71617	105
10,71683	106
10,71750	106
10,71817	107
10,71883	107
10,71950	107
10,72017	108
10,72083	108
10,72150	109
10,72217	109
10,72283	110
10,72350	111
10,72417	111
10,72483	112
10,72550	112
10,72617	112
10,72683	112
10,72750	113
10,72817	113
10,72883	113
10,72950	113
10,73017	113
10,73083	113
10,73150	113
10,73217	114
10,73283	114
10,73350	114
10,73417	114
10,73483	114
10,73550	115
10,73617	115
10,73683	115
10,73750	115
10,73817	116
10,73883	116
10,73950	116
10,74017	116
10,74083	116
10,74150	116
10,74217	116
10,74283	116
10,74350	116
10,74417	116
10,74483	116
10,74550	116
10,74617	116
10,74683	116
10,74750	116
10,74817	116
10,74883	116
10,74950	116
10,75017	116
10,75083	116
10,75150	116
10,75217	115
10,75283	115
10,75350	115
10,75417	115
10,75483	115
10,75550	115
10,75617	115
10,75683	116
10,75750	116
10,75817	116
10,75883	115
10,75950	115
10,76017	115
10,76083	114
10,76150	114
10,76217	113
10,76283	113
10,76350	113
10,76417	113
10,76483	113
10,76550	112
10,76617	112
10,76683	112
10,76750	112
10,76817	111
10,76883	111
10,76950	110
10,77017	110
10,77083	109
10,77150	109
10,77217	109
10,77283	108
10,77350	108
10,77417	108
10,77483	108
10,77550	108
10,77617	108
10,77683	109
10,77750	109
10,77817	108
10,77883	108
10,77950	108
10,78017	108
10,78083	108
10,78150	108
10,78217	108
10,78283	107
10,78350	107
10,78417	107
10,78483	107
10,78550	107
10,78617	107
10,78683	107
10,78750	107
10,78817	107
10,78883	108
10,78950	108
10,79017	108
10,79083	108
10,79150	108
10,79217	108
10,79283	109
10,79350	109
10,79417	109
10,79483	109
10,79550	110
10,79617	110
10,79683	111
10,79750	111
10,79817	111
10,79883	112
10,79950	112
10,80017	112
10,80083	113
10,80150	113
10,80217	113
10,80283	113
10,80350	113
10,80417	114
10,80483	114
10,80550	114
10,80617	115
10,80683	115
10,80750	115
10,80817	115
10,80883	116
10,80950	116
10,81017	116
10,81083	116
10,81150	117
10,81217	117
10,81283	117
10,81350	117
10,81417	117
10,81483	117
10,81550	117
10,81617	117
10,81683	117
10,81750	117
10,81817	117
10,81883	117
10,81950	117
10,82017	117
10,82083	117
10,82150	117
10,82217	117
10,82283	117
10,82350	117
10,82417	117
10,82483	116
10,82550	116
10,82617	116
10,82683	116
10,82750	115
10,82817	115
10,82883	115
10,82950	115
10,83017	114
10,83083	114
10,83150	114
10,83217	113
10,83283	113
10,83350	113
10,83417	112
10,83483	112
10,83550	112
10,83617	112
10,83683	111
10,83750	111
10,83817	111
10,83883	111
10,83950	111
10,84017	110
10,84083	110
10,84150	110
10,84217	110
10,84283	110
10,84350	110
10,84417	110
10,84483	110
10,84550	110
10,84617	110
10,84683	110
10,84750	110
10,84817	110
10,84883	110
10,84950	110
10,85017	110
10,85083	110
10,85150	111
10,85217	111
10,85283	111
10,85350	111
10,85417	110
10,85483	110
10,85550	110
10,85617	110
10,85683	110
10,85750	110
10,85817	110
10,85883	110
10,85950	110
10,86017	110
10,86083	110
10,86150	111
10,86217	111
10,86283	111
10,86350	112
10,86417	112
10,86483	112
10,86550	112
10,86617	112
10,86683	111
10,86750	111
10,86817	111
10,86883	111
10,86950	111
10,87017	111
10,87083	111
10,87150	111
10,87217	111
10,87283	110
10,87350	110
10,87417	110
10,87483	110
10,87550	110
10,87617	110
10,87683	110
10,87750	110
10,87817	110
10,87883	110
10,87950	110
10,88017	109
10,88083	109
10,88150	109
10,88217	109
10,88283	109
10,88350	109
10,88417	108
10,88483	108
10,88550	108
10,88617	108
10,88683	108
10,88750	107
10,88817	107
10,88883	106
10,88950	106
10,89017	106
10,89083	105
10,89150	105
10,89217	105
10,89283	104
10,89350	104
10,89417	104
10,89483	104
10,89550	104
10,89617	103
10,89683	103
10,89750	103
10,89817	102
10,89883	102
10,89950	102
10,90017	102
10,90083	101
10,90150	101
10,90217	101
10,90283	101
10,90350	101
10,90417	101
10,90483	101
10,90550	100
10,90617	100
10,90683	100
10,90750	100
10,90817	100
10,90883	99
10,90950	99
10,91017	98
10,91083	98
10,91150	97
10,91217	97
10,91283	97
10,91350	97
10,91417	96
10,91483	96
10,91550	96
10,91617	96
10,91683	96
10,91750	95
10,91817	95
10,91883	95
10,91950	95
10,92017	94
10,92083	94
10,92150	94
10,92217	94
10,92283	94
10,92350	94
10,92417	93
10,92483	94
10,92550	94
10,92617	94
10,92683	94
10,92750	94
10,92817	94
10,92883	94
10,92950	94
10,93017	94
10,93083	93
10,93150	93
10,93217	93
10,93283	93
10,93350	93
10,93417	93
10,93483	93
10,93550	93
10,93617	93
10,93683	93
10,93750	93
10,93817	93
10,93883	94
10,93950	94
10,94017	94
10,94083	94
10,94150	94
10,94217	94
10,94283	94
10,94350	94
10,94417	94
10,94483	94
10,94550	94
10,94617	94
10,94683	94
10,94750	95
10,94817	95
10,94883	95
10,94950	95
10,95017	95
10,95083	95
10,95150	95
10,95217	95
10,95283	95
10,95350	95
10,95417	96
10,95483	96
10,95550	96
10,95617	97
10,95683	97
10,95750	97
10,95817	97
10,95883	97
10,95950	97
10,96017	98
10,96083	98
10,96150	98
10,96217	98
10,96283	98
10,96350	97
10,96417	98
10,96483	98
10,96550	98
10,96617	98
10,96683	98
10,96750	98
10,96817	98
10,96883	98
10,96950	98
10,97017	98
10,97083	98
10,97150	98
10,97217	98
10,97283	98
10,97350	98
10,97417	98
10,97483	97
10,97550	97
10,97617	97
10,97683	96
10,97750	96
10,97817	96
10,97883	96
10,97950	96
10,98017	96
10,98083	96
10,98150	96
10,98217	96
10,98283	96
10,98350	96
10,98417	95
10,98483	95
10,98550	95
10,98617	96
10,98683	96
10,98750	96
10,98817	96
10,98883	96
10,98950	97
10,99017	97
10,99083	97
10,99150	98
10,99217	98
10,99283	98
10,99350	98
10,99417	98
10,99483	98
10,99550	99
10,99617	99
10,99683	99
10,99750	99
10,99817	99
10,99883	99
10,99950	99
11,00017	99
11,00083	100
11,00150	100
11,00217	100
11,00283	100
11,00350	100
11,00417	101
11,00483	101
11,00550	101
11,00617	102
11,00683	102
11,00750	102
11,00817	103
11,00883	103
11,00950	103
11,01017	104
11,01083	104
11,01150	104
11,01217	105
11,01283	105
11,01350	105
11,01417	105
11,01483	106
11,01550	106
11,01617	106
11,01683	106
11,01750	106
11,01817	106
11,01883	106
11,01950	106
11,02017	107
11,02083	107
11,02150	107
11,02217	108
11,02283	108
11,02350	108
11,02417	108
11,02483	108
11,02550	108
11,02617	108
11,02683	108
11,02750	108
11,02817	108
11,02883	108
11,02950	108
11,03017	108
11,03083	108
11,03150	109
11,03217	109
11,03283	109
11,03350	110
11,03417	110
11,03483	111
11,03550	111
11,03617	112
11,03683	112
11,03750	113
11,03817	113
11,03883	113
11,03950	114
11,04017	114
11,04083	114
11,04150	114
11,04217	115
11,04283	115
11,04350	115
11,04417	115
11,04483	115
11,04550	115
11,04617	115
11,04683	115
11,04750	116
11,04817	116
11,04883	116
11,04950	116
11,05017	116
11,05083	116
11,05150	116
11,05217	117
11,05283	117
11,05350	117
11,05417	117
11,05483	118
11,05550	118
11,05617	118
11,05683	118
11,05750	119
11,05817	119
11,05883	120
11,05950	120
11,06017	120
11,06083	121
11,06150	121
11,06217	121
11,06283	121
11,06350	122
11,06417	122
11,06483	123
11,06550	123
11,06617	123
11,06683	123
11,06750	123
11,06817	123
11,06883	123
11,06950	123
11,07017	123
11,07083	123
11,07150	123
11,07217	123
11,07283	123
11,07350	124
11,07417	123
11,07483	124
11,07550	124
11,07617	124
11,07683	123
11,07750	123
11,07817	123
11,07883	122
11,07950	122
11,08017	121
11,08083	121
11,08150	120
11,08217	120
11,08283	119
11,08350	119
11,08417	119
11,08483	119
11,08550	118
11,08617	118
11,08683	118
11,08750	118
11,08817	118
11,08883	117
11,08950	117
11,09017	117
11,09083	116
11,09150	116
11,09217	116
11,09283	115
11,09350	115
11,09417	114
11,09483	113
11,09550	113
11,09617	112
11,09683	112
11,09750	111
11,09817	111
11,09883	111
11,09950	110
11,10017	110
11,10083	109
11,10150	109
11,10217	109
11,10283	108
11,10350	108
11,10417	107
11,10483	107
11,10550	106
11,10617	105
11,10683	105
11,10750	104
11,10817	104
11,10883	103
11,10950	103
11,11017	103
11,11083	102
11,11150	102
11,11217	102
11,11283	102
11,11350	102
11,11417	102
11,11483	102
11,11550	102
11,11617	102
11,11683	102
11,11750	102
11,11817	102
11,11883	101
11,11950	101
11,12017	101
11,12083	101
11,12150	101
11,12217	101
11,12283	101
11,12350	101
11,12417	101
11,12483	101
11,12550	100
11,12617	100
11,12683	100
11,12750	99
11,12817	98
11,12883	98
11,12950	97
11,13017	97
11,13083	96
11,13150	95
11,13217	95
11,13283	94
11,13350	94
11,13417	93
11,13483	93
11,13550	93
11,13617	92
11,13683	92
11,13750	92
11,13817	92
11,13883	93
11,13950	93
11,14017	93
11,14083	93
11,14150	93
11,14217	94
11,14283	94
11,14350	94
11,14417	94
11,14483	94
11,14550	94
11,14617	94
11,14683	94
11,14750	94
11,14817	94
11,14883	94
11,14950	95
11,15017	95
11,15083	95
11,15150	95
11,15217	95
11,15283	95
11,15350	95
11,15417	95
11,15483	95
11,15550	95
11,15617	95
11,15683	94
11,15750	94
11,15817	94
11,15883	94
11,15950	94
11,16017	94
11,16083	95
11,16150	95
11,16217	95
11,16283	95
11,16350	95
11,16417	95
11,16483	95
11,16550	95
11,16617	95
11,16683	95
11,16750	94
11,16817	94
11,16883	94
11,16950	94
11,17017	94
11,17083	94
11,17150	94
11,17217	94
11,17283	94
11,17350	94
11,17417	94
11,17483	94
11,17550	93
11,17617	93
11,17683	93
11,17750	93
11,17817	93
11,17883	93
11,17950	93
11,18017	93
11,18083	93
11,18150	93
11,18217	93
11,18283	93
11,18350	93
11,18417	93
11,18483	93
11,18550	93
11,18617	93
11,18683	93
11,18750	93
11,18817	93
11,18883	93
11,18950	93
11,19017	93
11,19083	93
11,19150	93
11,19217	94
11,19283	94
11,19350	94
11,19417	95
11,19483	95
11,19550	95
11,19617	95
11,19683	95
11,19750	95
11,19817	96
11,19883	96
11,19950	96
11,20017	96
11,20083	96
11,20150	96
11,20217	96
11,20283	97
11,20350	97
11,20417	97
11,20483	98
11,20550	98
11,20617	98
11,20683	99
11,20750	99
11,20817	99
11,20883	100
11,20950	100
11,21017	101
11,21083	102
11,21150	102
11,21217	103
11,21283	104
11,21350	104
11,21417	105
11,21483	106
11,21550	106
11,21617	107
11,21683	108
11,21750	108
11,21817	109
11,21883	109
11,21950	110
11,22017	110
11,22083	111
11,22150	111
11,22217	111
11,22283	111
11,22350	112
11,22417	112
11,22483	112
11,22550	112
11,22617	112
11,22683	112
11,22750	113
11,22817	113
11,22883	113
11,22950	113
11,23017	113
11,23083	114
11,23150	114
11,23217	114
11,23283	115
11,23350	115
11,23417	116
11,23483	116
11,23550	117
11,23617	117
11,23683	117
11,23750	117
11,23817	117
11,23883	117
11,23950	117
11,24017	117
11,24083	117
11,24150	117
11,24217	117
11,24283	117
11,24350	117
11,24417	117
11,24483	117
11,24550	117
11,24617	117
11,24683	117
11,24750	117
11,24817	117
11,24883	117
11,24950	117
11,25017	116
11,25083	116
11,25150	116
11,25217	115
11,25283	115
11,25350	115
11,25417	114
11,25483	114
11,25550	114
11,25617	113
11,25683	113
11,25750	113
11,25817	113
11,25883	112
11,25950	112
11,26017	112
11,26083	112
11,26150	112
11,26217	112
11,26283	111
11,26350	111
11,26417	111
11,26483	111
11,26550	111
11,26617	111
11,26683	111
11,26750	111
11,26817	111
11,26883	111
11,26950	111
11,27017	110
11,27083	110
11,27150	110
11,27217	109
11,27283	109
11,27350	109
11,27417	109
11,27483	109
11,27550	109
11,27617	109
11,27683	109
11,27750	109
11,27817	108
11,27883	108
11,27950	108
11,28017	108
11,28083	108
11,28150	108
11,28217	108
11,28283	108
11,28350	108
11,28417	108
11,28483	107
11,28550	107
11,28617	107
11,28683	107
11,28750	107
11,28817	107
11,28883	107
11,28950	107
11,29017	107
11,29083	107
11,29150	107
11,29217	107
11,29283	107
11,29350	108
11,29417	108
11,29483	108
11,29550	108
11,29617	109
11,29683	109
11,29750	109
11,29817	109
11,29883	110
11,29950	110
11,30017	110
11,30083	110
11,30150	110
11,30217	110
11,30283	110
11,30350	110
11,30417	111
11,30483	111
11,30550	111
11,30617	112
11,30683	112
11,30750	112
11,30817	112
11,30883	113
11,30950	113
11,31017	113
11,31083	113
11,31150	113
11,31217	114
11,31283	114
11,31350	114
11,31417	114
11,31483	114
11,31550	114
11,31617	114
11,31683	113
11,31750	113
11,31817	113
11,31883	113
11,31950	113
11,32017	114
11,32083	114
11,32150	114
11,32217	114
11,32283	114
11,32350	114
11,32417	114
11,32483	113
11,32550	113
11,32617	113
11,32683	113
11,32750	113
11,32817	113
11,32883	113
11,32950	113
11,33017	113
11,33083	113
11,33150	113
11,33217	112
11,33283	112
11,33350	112
11,33417	112
11,33483	112
11,33550	112
11,33617	112
11,33683	112
11,33750	112
11,33817	113
11,33883	113
11,33950	113
11,34017	113
11,34083	113
11,34150	113
11,34217	113
11,34283	113
11,34350	113
11,34417	113
11,34483	113
11,34550	113
11,34617	113
11,34683	113
11,34750	113
11,34817	113
11,34883	112
11,34950	112
11,35017	112
11,35083	112
11,35150	112
11,35217	112
11,35283	112
11,35350	112
11,35417	112
11,35483	112
11,35550	112
11,35617	112
11,35683	112
11,35750	112
11,35817	111
11,35883	111
11,35950	111
11,36017	111
11,36083	111
11,36150	112
11,36217	112
11,36283	112
11,36350	112
11,36417	113
11,36483	113
11,36550	113
11,36617	114
11,36683	114
11,36750	114
11,36817	114
11,36883	114
11,36950	114
11,37017	114
11,37083	114
11,37150	114
11,37217	114
11,37283	114
11,37350	114
11,37417	115
11,37483	115
11,37550	115
11,37617	115
11,37683	115
11,37750	115
11,37817	115
11,37883	115
11,37950	115
11,38017	115
11,38083	115
11,38150	115
11,38217	115
11,38283	115
11,38350	115
11,38417	115
11,38483	115
11,38550	115
11,38617	115
11,38683	115
11,38750	115
11,38817	114
11,38883	114
11,38950	114
11,39017	113
11,39083	113
11,39150	113
11,39217	113
11,39283	113
11,39350	113
11,39417	113
11,39483	113
11,39550	113
11,39617	114
11,39683	114
11,39750	114
11,39817	115
11,39883	115
11,39950	115
11,40017	115
11,40083	115
11,40150	116
11,40217	116
11,40283	116
11,40350	116
11,40417	117
11,40483	117
11,40550	117
11,40617	117
11,40683	117
11,40750	117
11,40817	117
11,40883	118
11,40950	118
11,41017	118
11,41083	118
11,41150	118
11,41217	118
11,41283	119
11,41350	119
11,41417	119
11,41483	119
11,41550	120
11,41617	120
11,41683	120
11,41750	121
11,41817	121
11,41883	121
11,41950	121
11,42017	122
11,42083	122
11,42150	122
11,42217	122
11,42283	122
11,42350	122
11,42417	122
11,42483	122
11,42550	122
11,42617	123
11,42683	123
11,42750	123
11,42817	124
11,42883	124
11,42950	124
11,43017	124
11,43083	124
11,43150	124
11,43217	124
11,43283	124
11,43350	124
11,43417	124
11,43483	124
11,43550	124
11,43617	124
11,43683	124
11,43750	124
11,43817	124
11,43883	124
11,43950	124
11,44017	123
11,44083	123
11,44150	123
11,44217	123
11,44283	122
11,44350	122
11,44417	122
11,44483	121
11,44550	121
11,44617	120
11,44683	120
11,44750	120
11,44817	119
11,44883	119
11,44950	119
11,45017	118
11,45083	118
11,45150	117
11,45217	117
11,45283	117
11,45350	116
11,45417	116
11,45483	116
11,45550	116
11,45617	116
11,45683	115
11,45750	115
11,45817	115
11,45883	115
11,45950	115
11,46017	116
11,46083	116
11,46150	116
11,46217	116
11,46283	116
11,46350	116
11,46417	115
11,46483	115
11,46550	115
11,46617	115
11,46683	114
11,46750	114
11,46817	114
11,46883	114
11,46950	114
11,47017	113
11,47083	113
11,47150	113
11,47217	113
11,47283	113
11,47350	113
11,47417	113
11,47483	113
11,47550	113
11,47617	113
11,47683	113
11,47750	113
11,47817	113
11,47883	114
11,47950	114
11,48017	114
11,48083	114
11,48150	114
11,48217	113
11,48283	113
11,48350	113
11,48417	113
11,48483	112
11,48550	112
11,48617	111
11,48683	110
11,48750	110
11,48817	109
11,48883	109
11,48950	108
11,49017	108
11,49083	108
11,49150	107
11,49217	107
11,49283	107
11,49350	107
11,49417	107
11,49483	107
11,49550	107
11,49617	106
11,49683	106
11,49750	106
11,49817	106
11,49883	106
11,49950	106
11,50017	106
11,50083	107
11,50150	107
11,50217	107
11,50283	107
11,50350	108
11,50417	108
11,50483	108
11,50550	108
11,50617	108
11,50683	109
11,50750	109
11,50817	109
11,50883	109
11,50950	109
11,51017	110
11,51083	110
11,51150	110
11,51217	110
11,51283	110
11,51350	110
11,51417	110
11,51483	110
11,51550	110
11,51617	110
11,51683	110
11,51750	109
11,51817	109
11,51883	109
11,51950	109
11,52017	109
11,52083	109
11,52150	109
11,52217	109
11,52283	109
11,52350	108
11,52417	108
11,52483	108
11,52550	108
11,52617	108
11,52683	108
11,52750	108
11,52817	108
11,52883	108
11,52950	108
11,53017	108
11,53083	108
11,53150	108
11,53217	108
11,53283	108
11,53350	108
11,53417	109
11,53483	109
11,53550	109
11,53617	109
11,53683	109
11,53750	109
11,53817	110
11,53883	110
11,53950	110
11,54017	110
11,54083	110
11,54150	110
11,54217	110
11,54283	110
11,54350	109
11,54417	109
11,54483	109
11,54550	109
11,54617	109
11,54683	109
11,54750	108
11,54817	108
11,54883	108
11,54950	108
11,55017	107
11,55083	107
11,55150	107
11,55217	106
11,55283	106
11,55350	106
11,55417	106
11,55483	106
11,55550	106
11,55617	106
11,55683	106
11,55750	106
11,55817	106
11,55883	106
11,55950	106
11,56017	106
11,56083	106
11,56150	106
11,56217	106
11,56283	106
11,56350	106
11,56417	106
11,56483	107
11,56550	107
11,56617	107
11,56683	107
11,56750	107
11,56817	107
11,56883	107
11,56950	107
11,57017	106
11,57083	106
11,57150	106
11,57217	106
11,57283	105
11,57350	105
11,57417	105
11,57483	105
11,57550	105
11,57617	104
11,57683	104
11,57750	104
11,57817	104
11,57883	104
11,57950	104
11,58017	104
11,58083	104
11,58150	103
11,58217	103
11,58283	103
11,58350	103
11,58417	102
11,58483	102
11,58550	102
11,58617	102
11,58683	102
11,58750	101
11,58817	101
11,58883	101
11,58950	100
11,59017	100
11,59083	100
11,59150	99
11,59217	99
11,59283	99
11,59350	98
11,59417	98
11,59483	98
11,59550	98
11,59617	98
11,59683	98
11,59750	99
11,59817	100
11,59883	100
11,59950	101
11,60017	101
11,60083	101
11,60150	101
11,60217	101
11,60283	101
11,60350	101
11,60417	101
11,60483	101
11,60550	101
11,60617	101
11,60683	101
11,60750	101
11,60817	101
11,60883	101
11,60950	101
11,61017	101
11,61083	101
11,61150	101
11,61217	101
11,61283	101
11,61350	101
11,61417	101
11,61483	101
11,61550	101
11,61617	101
11,61683	101
11,61750	102
11,61817	102
11,61883	102
11,61950	102
11,62017	103
11,62083	103
11,62150	103
11,62217	103
11,62283	104
11,62350	104
11,62417	104
11,62483	104
11,62550	104
11,62617	104
11,62683	103
11,62750	103
11,62817	103
11,62883	103
11,62950	103
11,63017	102
11,63083	102
11,63150	102
11,63217	101
11,63283	101
11,63350	100
11,63417	100
11,63483	99
11,63550	99
11,63617	99
11,63683	98
11,63750	98
11,63817	98
11,63883	97
11,63950	97
11,64017	97
11,64083	97
11,64150	97
11,64217	98
11,64283	98
11,64350	98
11,64417	98
11,64483	99
11,64550	99
11,64617	99
11,64683	99
11,64750	99
11,64817	99
11,64883	100
11,64950	100
11,65017	100
11,65083	100
11,65150	101
11,65217	101
11,65283	101
11,65350	102
11,65417	102
11,65483	103
11,65550	103
11,65617	104
11,65683	105
11,65750	105
11,65817	106
11,65883	107
11,65950	109
11,66017	110
11,66083	112
11,66150	113
11,66217	115
11,66283	117
11,66350	120
11,66417	122
11,66483	125
11,66550	127
11,66617	130
11,66683	133
11,66750	136
11,66817	139
11,66883	142
11,66950	145
11,67017	148
11,67083	151
11,67150	154
11,67217	157
11,67283	161
11,67350	164
11,67417	167
11,67483	170
11,67550	173
11,67617	176
11,67683	178
11,67750	181
11,67817	183
11,67883	186
11,67950	188
11,68017	190
11,68083	192
11,68150	193
11,68217	195
11,68283	197
11,68350	198
11,68417	199
11,68483	199
11,68550	200
11,68617	200
11,68683	200
11,68750	200
11,68817	200
11,68883	199
11,68950	199
11,69017	198
11,69083	197
11,69150	196
11,69217	195
11,69283	194
11,69350	193
11,69417	192
11,69483	191
11,69550	190
11,69617	188
11,69683	187
11,69750	185
11,69817	183
11,69883	182
11,69950	180
11,70017	178
11,70083	176
11,70150	174
11,70217	172
11,70283	170
11,70350	168
11,70417	167
11,70483	165
11,70550	163
11,70617	161
11,70683	159
11,70750	158
11,70817	156
11,70883	154
11,70950	153
11,71017	151
11,71083	150
11,71150	148
11,71217	147
11,71283	146
11,71350	144
11,71417	143
11,71483	142
11,71550	142
11,71617	141
11,71683	140
11,71750	140
11,71817	139
11,71883	139
11,71950	138
11,72017	137
11,72083	137
11,72150	136
11,72217	136
11,72283	135
11,72350	135
11,72417	134
11,72483	134
11,72550	134
11,72617	133
11,72683	133
11,72750	132
11,72817	132
11,72883	131
11,72950	131
11,73017	130
11,73083	130
11,73150	129
11,73217	128
11,73283	127
11,73350	127
11,73417	126
11,73483	126
11,73550	125
11,73617	125
11,73683	124
11,73750	124
11,73817	123
11,73883	122
11,73950	122
11,74017	121
11,74083	121
11,74150	120
11,74217	119
11,74283	119
11,74350	118
11,74417	118
11,74483	118
11,74550	117
11,74617	117
11,74683	117
11,74750	117
11,74817	116
11,74883	116
11,74950	116
11,75017	116
11,75083	115
11,75150	115
11,75217	115
11,75283	114
11,75350	114
11,75417	114
11,75483	114
11,75550	114
11,75617	114
11,75683	113
11,75750	113
11,75817	113
11,75883	112
11,75950	112
11,76017	112
11,76083	111
11,76150	111
11,76217	110
11,76283	110
11,76350	109
11,76417	109
11,76483	109
11,76550	108
11,76617	108
11,76683	108
11,76750	107
11,76817	107
11,76883	107
11,76950	107
11,77017	107
11,77083	106
11,77150	106
11,77217	106
11,77283	106
11,77350	106
11,77417	106
11,77483	106
11,77550	106
11,77617	106
11,77683	106
11,77750	106
11,77817	106
11,77883	106
11,77950	106
11,78017	106
11,78083	106
11,78150	105
11,78217	105
11,78283	105
11,78350	104
11,78417	103
11,78483	103
11,78550	103
11,78617	102
11,78683	102
11,78750	102
11,78817	102
11,78883	102
11,78950	102
11,79017	102
11,79083	101
11,79150	101
11,79217	101
11,79283	101
11,79350	101
11,79417	101
11,79483	100
11,79550	100
11,79617	100
11,79683	99
11,79750	99
11,79817	99
11,79883	99
11,79950	99
11,80017	99
11,80083	99
11,80150	99
11,80217	99
11,80283	100
11,80350	100
11,80417	100
11,80483	100
11,80550	100
11,80617	100
11,80683	100
11,80750	100
11,80817	101
11,80883	101
11,80950	101
11,81017	101
11,81083	101
11,81150	101
11,81217	102
11,81283	102
11,81350	102
11,81417	102
11,81483	102
11,81550	102
11,81617	102
11,81683	102
11,81750	103
11,81817	103
11,81883	103
11,81950	104
11,82017	104
11,82083	104
11,82150	104
11,82217	105
11,82283	105
11,82350	105
11,82417	105
11,82483	105
11,82550	105
11,82617	106
11,82683	106
11,82750	106
11,82817	105
11,82883	105
11,82950	105
11,83017	105
11,83083	104
11,83150	104
11,83217	104
11,83283	104
11,83350	104
11,83417	104
11,83483	103
11,83550	103
11,83617	103
11,83683	102
11,83750	102
11,83817	102
11,83883	101
11,83950	101
11,84017	101
11,84083	100
11,84150	100
11,84217	100
11,84283	100
11,84350	99
11,84417	99
11,84483	99
11,84550	98
11,84617	98
11,84683	98
11,84750	97
11,84817	97
11,84883	97
11,84950	97
11,85017	97
11,85083	97
11,85150	97
11,85217	97
11,85283	97
11,85350	97
11,85417	98
11,85483	98
11,85550	98
11,85617	98
11,85683	97
11,85750	97
11,85817	97
11,85883	97
11,85950	96
11,86017	96
11,86083	96
11,86150	96
11,86217	96
11,86283	96
11,86350	96
11,86417	96
11,86483	96
11,86550	96
11,86617	96
11,86683	96
11,86750	96
11,86817	96
11,86883	96
11,86950	96
11,87017	96
11,87083	96
11,87150	96
11,87217	95
11,87283	95
11,87350	95
11,87417	95
11,87483	94
11,87550	94
11,87617	94
11,87683	93
11,87750	93
11,87817	93
11,87883	93
11,87950	92
11,88017	92
11,88083	92
11,88150	92
11,88217	92
11,88283	92
11,88350	92
11,88417	92
11,88483	92
11,88550	92
11,88617	92
11,88683	92
11,88750	92
11,88817	92
11,88883	92
11,88950	92
11,89017	91
11,89083	91
11,89150	91
11,89217	91
11,89283	91
11,89350	91
11,89417	91
11,89483	91
11,89550	91
11,89617	91
11,89683	91
11,89750	91
11,89817	91
11,89883	90
11,89950	90
11,90017	90
11,90083	90
11,90150	90
11,90217	89
11,90283	89
11,90350	89
11,90417	89
11,90483	89
11,90550	90
11,90617	90
11,90683	90
11,90750	90
11,90817	90
11,90883	90
11,90950	90
11,91017	90
11,91083	90
11,91150	90
11,91217	90
11,91283	90
11,91350	90
11,91417	89
11,91483	89
11,91550	89
11,91617	89
11,91683	89
11,91750	90
11,91817	90
11,91883	90
11,91950	90
11,92017	90
11,92083	91
11,92150	91
11,92217	91
11,92283	91
11,92350	91
11,92417	91
11,92483	91
11,92550	91
11,92617	91
11,92683	92
11,92750	92
11,92817	92
11,92883	92
11,92950	92
11,93017	93
11,93083	93
11,93150	93
11,93217	93
11,93283	94
11,93350	94
11,93417	94
11,93483	94
11,93550	94
11,93617	94
11,93683	94
11,93750	95
11,93817	95
11,93883	95
11,93950	95
11,94017	95
11,94083	95
11,94150	95
11,94217	95
11,94283	95
11,94350	96
11,94417	96
11,94483	96
11,94550	96
11,94617	96
11,94683	96
11,94750	96
11,94817	97
11,94883	97
11,94950	98
11,95017	98
11,95083	99
11,95150	99
11,95217	99
11,95283	100
11,95350	100
11,95417	100
11,95483	100
11,95550	100
11,95617	100
11,95683	100
11,95750	100
11,95817	101
11,95883	101
11,95950	101
11,96017	101
11,96083	102
11,96150	102
11,96217	102
11,96283	102
11,96350	102
11,96417	102
11,96483	102
11,96550	102
11,96617	102
11,96683	102
11,96750	102
11,96817	102
11,96883	102
11,96950	102
11,97017	102
11,97083	102
11,97150	102
11,97217	102
11,97283	103
11,97350	103
11,97417	103
11,97483	103
11,97550	103
11,97617	103
11,97683	103
11,97750	103
11,97817	103
11,97883	103
11,97950	104
11,98017	104
11,98083	105
11,98150	105
11,98217	106
11,98283	107
11,98350	107
11,98417	108
11,98483	109
11,98550	109
11,98617	110
11,98683	110
11,98750	111
11,98817	111
11,98883	112
11,98950	112
11,99017	112
11,99083	113
11,99150	113
11,99217	113
11,99283	113
11,99350	113
11,99417	114
11,99483	114
11,99550	114
11,99617	115
11,99683	115
11,99750	115
11,99817	116
11,99883	116
11,99950	117
12,00017	117
12,00083	118
12,00150	118
12,00217	119
12,00283	119
12,00350	119
12,00417	119
12,00483	120
12,00550	120
12,00617	120
12,00683	120
12,00750	120
12,00817	120
12,00883	120
12,00950	120
12,01017	120
12,01083	120
12,01150	120
12,01217	121
12,01283	121
12,01350	122
12,01417	122
12,01483	123
12,01550	123
12,01617	124
12,01683	125
12,01750	125
12,01817	126
12,01883	126
12,01950	127
12,02017	127
12,02083	128
12,02150	129
12,02217	130
12,02283	131
12,02350	132
12,02417	133
12,02483	134
12,02550	135
12,02617	136
12,02683	136
12,02750	137
12,02817	138
12,02883	138
12,02950	139
12,03017	140
12,03083	140
12,03150	141
12,03217	141
12,03283	141
12,03350	142
12,03417	142
12,03483	143
12,03550	143
12,03617	144
12,03683	144
12,03750	144
12,03817	145
12,03883	145
12,03950	145
12,04017	145
12,04083	145
12,04150	145
12,04217	145
12,04283	145
12,04350	146
12,04417	146
12,04483	147
12,04550	147
12,04617	148
12,04683	148
12,04750	149
12,04817	149
12,04883	150
12,04950	150
12,05017	150
12,05083	151
12,05150	151
12,05217	151
12,05283	151
12,05350	152
12,05417	152
12,05483	152
12,05550	152
12,05617	152
12,05683	152
12,05750	151
12,05817	151
12,05883	151
12,05950	151
12,06017	150
12,06083	150
12,06150	149
12,06217	149
12,06283	149
12,06350	149
12,06417	148
12,06483	148
12,06550	148
12,06617	148
12,06683	148
12,06750	148
12,06817	147
12,06883	147
12,06950	147
12,07017	147
12,07083	147
12,07150	146
12,07217	146
12,07283	145
12,07350	145
12,07417	145
12,07483	145
12,07550	145
12,07617	145
12,07683	145
12,07750	145
12,07817	145
12,07883	145
12,07950	145
12,08017	145
12,08083	145
12,08150	145
12,08217	144
12,08283	144
12,08350	144
12,08417	143
12,08483	142
12,08550	142
12,08617	141
12,08683	140
12,08750	140
12,08817	139
12,08883	138
12,08950	138
12,09017	137
12,09083	136
12,09150	136
12,09217	135
12,09283	134
12,09350	134
12,09417	133
12,09483	132
12,09550	131
12,09617	131
12,09683	130
12,09750	129
12,09817	128
12,09883	128
12,09950	127
12,10017	126
12,10083	126
12,10150	125
12,10217	125
12,10283	124
12,10350	124
12,10417	123
12,10483	123
12,10550	122
12,10617	122
12,10683	121
12,10750	121
12,10817	120
12,10883	119
12,10950	119
12,11017	118
12,11083	118
12,11150	117
12,11217	117
12,11283	117
12,11350	116
12,11417	115
12,11483	114
12,11550	114
12,11617	113
12,11683	112
12,11750	112
12,11817	112
12,11883	111
12,11950	111
12,12017	110
12,12083	109
12,12150	109
12,12217	108
12,12283	108
12,12350	107
12,12417	107
12,12483	106
12,12550	106
12,12617	106
12,12683	105
12,12750	105
12,12817	104
12,12883	103
12,12950	103
12,13017	103
12,13083	102
12,13150	102
12,13217	101
12,13283	101
12,13350	100
12,13417	100
12,13483	100
12,13550	99
12,13617	99
12,13683	99
12,13750	99
12,13817	98
12,13883	98
12,13950	98
12,14017	98
12,14083	98
12,14150	98
12,14217	99
12,14283	99
12,14350	99
12,14417	99
12,14483	99
12,14550	99
12,14617	100
12,14683	100
12,14750	100
12,14817	100
12,14883	100
12,14950	101
12,15017	101
12,15083	102
12,15150	102
12,15217	102
12,15283	103
12,15350	103
12,15417	103
12,15483	103
12,15550	103
12,15617	103
12,15683	103
12,15750	103
12,15817	102
12,15883	102
12,15950	102
12,16017	102
12,16083	102
12,16150	102
12,16217	102
12,16283	102
12,16350	102
12,16417	101
12,16483	101
12,16550	101
12,16617	101
12,16683	101
12,16750	100
12,16817	100
12,16883	100
12,16950	99
12,17017	99
12,17083	99
12,17150	99
12,17217	98
12,17283	98
12,17350	98
12,17417	98
12,17483	98
12,17550	98
12,17617	98
12,17683	98
12,17750	98
12,17817	98
12,17883	98
12,17950	98
12,18017	98
12,18083	98
12,18150	98
12,18217	98
12,18283	99
12,18350	99
12,18417	99
12,18483	99
12,18550	99
12,18617	99
12,18683	99
12,18750	99
12,18817	99
12,18883	99
12,18950	99
12,19017	99
12,19083	100
12,19150	100
12,19217	100
12,19283	100
12,19350	100
12,19417	100
12,19483	99
12,19550	99
12,19617	99
12,19683	98
12,19750	98
12,19817	97
12,19883	97
12,19950	96
12,20017	96
12,20083	95
12,20150	95
12,20217	95
12,20283	94
12,20350	94
12,20417	95
12,20483	95
12,20550	95
12,20617	95
12,20683	95
12,20750	95
12,20817	95
12,20883	95
12,20950	94
12,21017	94
12,21083	94
12,21150	94
12,21217	94
12,21283	94
12,21350	94
12,21417	94
12,21483	94
12,21550	94
12,21617	94
12,21683	94
12,21750	94
12,21817	94
12,21883	94
12,21950	94
12,22017	93
12,22083	93
12,22150	93
12,22217	93
12,22283	93
12,22350	93
12,22417	93
12,22483	92
12,22550	93
12,22617	93
12,22683	93
12,22750	93
12,22817	93
12,22883	93
12,22950	93
12,23017	93
12,23083	93
12,23150	94
12,23217	94
12,23283	94
12,23350	94
12,23417	94
12,23483	95
12,23550	95
12,23617	95
12,23683	96
12,23750	96
12,23817	96
12,23883	96
12,23950	95
12,24017	95
12,24083	95
12,24150	95
12,24217	95
12,24283	95
12,24350	95
12,24417	95
12,24483	95
12,24550	95
12,24617	95
12,24683	95
12,24750	95
12,24817	95
12,24883	95
12,24950	95
12,25017	95
12,25083	94
12,25150	94
12,25217	94
12,25283	94
12,25350	94
12,25417	94
12,25483	94
12,25550	94
12,25617	94
12,25683	94
12,25750	94
12,25817	94
12,25883	94
12,25950	94
12,26017	94
12,26083	94
12,26150	94
12,26217	94
12,26283	94
12,26350	94
12,26417	94
12,26483	94
12,26550	94
12,26617	93
12,26683	93
12,26750	93
12,26817	93
12,26883	92
12,26950	92
12,27017	92
12,27083	91
12,27150	91
12,27217	91
12,27283	91
12,27350	91
12,27417	91
12,27483	91
12,27550	91
12,27617	91
12,27683	91
12,27750	91
12,27817	91
12,27883	91
12,27950	91
12,28017	91
12,28083	91
12,28150	91
12,28217	91
12,28283	91
12,28350	91
12,28417	91
12,28483	91
12,28550	91
12,28617	91
12,28683	91
12,28750	90
12,28817	90
12,28883	90
12,28950	90
12,29017	90
12,29083	90
12,29150	89
12,29217	89
12,29283	89
12,29350	89
12,29417	89
12,29483	89
12,29550	89
12,29617	89
12,29683	89
12,29750	89
12,29817	89
12,29883	89
12,29950	89
12,30017	89
12,30083	88
12,30150	88
12,30217	88
12,30283	88
12,30350	87
12,30417	87
12,30483	87
12,30550	87
12,30617	86
12,30683	86
12,30750	86
12,30817	86
12,30883	86
12,30950	85
12,31017	85
12,31083	85
12,31150	85
12,31217	85
12,31283	85
12,31350	85
12,31417	85
12,31483	85
12,31550	85
12,31617	85
12,31683	85
12,31750	85
12,31817	84
12,31883	84
12,31950	84
12,32017	84
12,32083	84
12,32150	84
12,32217	84
12,32283	84
12,32350	84
12,32417	84
12,32483	84
12,32550	84
12,32617	84
12,32683	84
12,32750	84
12,32817	83
12,32883	83
12,32950	83
12,33017	82
12,33083	82
12,33150	82
12,33217	81
12,33283	81
12,33350	81
12,33417	81
12,33483	81
12,33550	82
12,33617	82
12,33683	82
12,33750	82
12,33817	82
12,33883	82
12,33950	82
12,34017	82
12,34083	83
12,34150	83
12,34217	83
12,34283	84
12,34350	84
12,34417	84
12,34483	84
12,34550	84
12,34617	84
12,34683	84
12,34750	84
12,34817	84
12,34883	84
12,34950	84
12,35017	84
12,35083	84
12,35150	84
12,35217	83
12,35283	83
12,35350	83
12,35417	83
12,35483	83
12,35550	83
12,35617	83
12,35683	83
12,35750	83
12,35817	83
12,35883	83
12,35950	83
12,36017	83
12,36083	83
12,36150	83
12,36217	83
12,36283	83
12,36350	83
12,36417	83
12,36483	83
12,36550	83
12,36617	83
12,36683	83
12,36750	83
12,36817	83
12,36883	82
12,36950	82
12,37017	82
12,37083	82
12,37150	82
12,37217	82
12,37283	82
12,37350	82
12,37417	82
12,37483	82
12,37550	82
12,37617	83
12,37683	83
12,37750	83
12,37817	83
12,37883	83
12,37950	83
12,38017	83
12,38083	83
12,38150	83
12,38217	83
12,38283	83
12,38350	83
12,38417	83
12,38483	84
12,38550	84
12,38617	84
12,38683	84
12,38750	84
12,38817	84
12,38883	85
12,38950	85
12,39017	85
12,39083	85
12,39150	85
12,39217	85
12,39283	85
12,39350	85
12,39417	85
12,39483	85
12,39550	86
12,39617	86
12,39683	86
12,39750	86
12,39817	86
12,39883	86
12,39950	86
12,40017	86
12,40083	86
12,40150	86
12,40217	85
12,40283	85
12,40350	85
12,40417	85
12,40483	84
12,40550	84
12,40617	84
12,40683	84
12,40750	84
12,40817	83
12,40883	83
12,40950	83
12,41017	83
12,41083	83
12,41150	83
12,41217	83
12,41283	83
12,41350	83
12,41417	83
12,41483	83
12,41550	83
12,41617	83
12,41683	83
12,41750	83
12,41817	83
12,41883	83
12,41950	83
12,42017	83
12,42083	83
12,42150	83
12,42217	83
12,42283	82
12,42350	82
12,42417	82
12,42483	82
12,42550	81
12,42617	81
12,42683	82
12,42750	82
12,42817	82
12,42883	82
12,42950	82
12,43017	82
12,43083	83
12,43150	83
12,43217	83
12,43283	83
12,43350	83
12,43417	83
12,43483	83
12,43550	83
12,43617	82
12,43683	82
12,43750	82
12,43817	82
12,43883	82
12,43950	82
12,44017	82
12,44083	82
12,44150	82
12,44217	82
12,44283	82
12,44350	82
12,44417	82
12,44483	82
12,44550	81
12,44617	81
12,44683	81
12,44750	81
12,44817	81
12,44883	81
12,44950	80
12,45017	80
12,45083	80
12,45150	80
12,45217	80
12,45283	80
12,45350	80
12,45417	81
12,45483	81
12,45550	81
12,45617	81
12,45683	81
12,45750	81
12,45817	81
12,45883	82
12,45950	82
12,46017	82
12,46083	83
12,46150	83
12,46217	83
12,46283	84
12,46350	84
12,46417	85
12,46483	86
12,46550	86
12,46617	87
12,46683	88
12,46750	89
12,46817	90
12,46883	91
12,46950	93
12,47017	94
12,47083	96
12,47150	98
12,47217	100
12,47283	103
12,47350	105
12,47417	108
12,47483	111
12,47550	114
12,47617	118
12,47683	122
12,47750	126
12,47817	130
12,47883	135
12,47950	140
12,48017	146
12,48083	152
12,48150	158
12,48217	164
12,48283	171
12,48350	178
12,48417	185
12,48483	193
12,48550	200
12,48617	208
12,48683	216
12,48750	224
12,48817	232
12,48883	240
12,48950	249
12,49017	257
12,49083	265
12,49150	273
12,49217	281
12,49283	288
12,49350	296
12,49417	303
12,49483	311
12,49550	317
12,49617	324
12,49683	330
12,49750	336
12,49817	341
12,49883	346
12,49950	351
12,50017	356
12,50083	360
12,50150	364
12,50217	367
12,50283	370
12,50350	373
12,50417	375
12,50483	376
12,50550	377
12,50617	378
12,50683	378
12,50750	378
12,50817	377
12,50883	376
12,50950	374
12,51017	372
12,51083	370
12,51150	368
12,51217	365
12,51283	362
12,51350	359
12,51417	355
12,51483	351
12,51550	347
12,51617	343
12,51683	339
12,51750	335
12,51817	330
12,51883	326
12,51950	321
12,52017	316
12,52083	311
12,52150	306
12,52217	301
12,52283	296
12,52350	291
12,52417	286
12,52483	281
12,52550	276
12,52617	271
12,52683	266
12,52750	261
12,52817	256
12,52883	252
12,52950	247
12,53017	242
12,53083	237
12,53150	233
12,53217	228
12,53283	224
12,53350	219
12,53417	215
12,53483	211
12,53550	207
12,53617	203
12,53683	199
12,53750	196
12,53817	192
12,53883	189
12,53950	186
12,54017	182
12,54083	179
12,54150	177
12,54217	174
12,54283	171
12,54350	169
12,54417	167
12,54483	165
12,54550	163
12,54617	161
12,54683	159
12,54750	157
12,54817	156
12,54883	154
12,54950	152
12,55017	150
12,55083	149
12,55150	147
12,55217	146
12,55283	144
12,55350	143
12,55417	141
12,55483	140
12,55550	139
12,55617	138
12,55683	137
12,55750	136
12,55817	135
12,55883	134
12,55950	133
12,56017	133
12,56083	132
12,56150	131
12,56217	130
12,56283	129
12,56350	128
12,56417	127
12,56483	127
12,56550	126
12,56617	125
12,56683	125
12,56750	124
12,56817	124
12,56883	123
12,56950	123
12,57017	122
12,57083	121
12,57150	121
12,57217	120
12,57283	119
12,57350	119
12,57417	118
12,57483	118
12,57550	117
12,57617	117
12,57683	116
12,57750	116
12,57817	115
12,57883	115
12,57950	115
12,58017	114
12,58083	114
12,58150	114
12,58217	114
12,58283	113
12,58350	113
12,58417	113
12,58483	112
12,58550	112
12,58617	112
12,58683	112
12,58750	112
12,58817	112
12,58883	112
12,58950	112
12,59017	111
12,59083	111
12,59150	111
12,59217	110
12,59283	110
12,59350	110
12,59417	109
12,59483	109
12,59550	108
12,59617	108
12,59683	108
12,59750	107
12,59817	107
12,59883	107
12,59950	107
12,60017	107
12,60083	107
12,60150	107
12,60217	107
12,60283	107
12,60350	107
12,60417	107
12,60483	106
12,60550	106
12,60617	106
12,60683	105
12,60750	105
12,60817	105
12,60883	105
12,60950	105
12,61017	104
12,61083	104
12,61150	104
12,61217	104
12,61283	104
12,61350	104
12,61417	104
12,61483	104
12,61550	104
12,61617	104
12,61683	104
12,61750	103
12,61817	103
12,61883	103
12,61950	103
12,62017	103
12,62083	103
12,62150	103
12,62217	103
12,62283	102
12,62350	102
12,62417	102
12,62483	102
12,62550	102
12,62617	102
12,62683	102
12,62750	102
12,62817	102
12,62883	102
12,62950	106

