[Header]
Application Name	LabSolutions
Version	5.97
Data File Name	G:\GC data\Mara\MWH_027\27.04.2026_MWH_027_t180m_031.gcd
Output Date	30.04.2026
Output Time	14:37:13

[File Information]
Type	Data File
Generated	27.04.2026 23:51:55
Generated by	System Administrator
Modified	30.04.2026 14:37:13
Modified by	System Administrator

[Sample Information]
Operator Name	System Administrator
Acquired	27.04.2026 23:55:01
Sample Type	0:Unknown
Level	0
Sample Name	MWH_027_t180m
Sample ID	
ISTD Amount1	1
ISTD Amount2	1
ISTD Amount3	1
ISTD Amount4	1
ISTD Amount5	1
ISTD Amount6	1
ISTD Amount7	1
ISTD Amount8	1
ISTD Amount9	1
ISTD Amount10	1
ISTD Amount11	1
ISTD Amount12	1
ISTD Amount13	1
ISTD Amount14	1
ISTD Amount15	1
ISTD Amount16	1
ISTD Amount17	1
ISTD Amount18	1
ISTD Amount19	1
ISTD Amount20	1
ISTD Amount21	1
ISTD Amount22	1
ISTD Amount23	1
ISTD Amount24	1
ISTD Amount25	1
ISTD Amount26	1
ISTD Amount27	1
ISTD Amount28	1
ISTD Amount29	1
ISTD Amount30	1
ISTD Amount31	1
ISTD Amount32	1
Sample Amount	1
Dilution Factor	1
Vial#	10
Injection Volume	0,2
Injection Count	1
Bar Code	

[Original Files]
Data File	G:\GC data\Mara\27.04.2026_MWH_027_t180m_031.gcd
Method File	G:\GC data\MWH3_60-150-200_0-2uL_split50.gcm
Batch File	G:\GC data\Mara\MWH_027-029.gcb
Report Format File	c:\LabSolutions\System\DEFAULT.lsr

[File Description]


[Configuration]
Instrument Name	GC-3
Instrument #	1
Line #	1
# of Detectors	1
Detector ID	DET#4
Detector Name	FID1
# of Channels	1

[Peak Table(Ch1)]
# of Peaks	8
Peak#	R.Time	I.Time	F.Time	Area	Height	A/H	Conc.	Mark	ID#	Name	k'	Plate #	Plate Ht.	Tailing	Resolution	Sep.Factor	Area Ratio	Height Ratio	Conc. %	Norm Conc.
1	1,338	1,279	1,498	367256	272053	1,350	0,000	SV 			0,000	23762	0,000	1,457	0,000	0,000	0	0	0,000	0,000
2	1,569	1,498	1,755	7069167	5227175	1,352	0,000	 V 			0,173	33169	0,000	1,377	6,702	0,000	0	0	0,000	0,000
3	1,898	1,858	2,007	426407	293997	1,450	0,000	   			0,418	43427	0,000	1,097	9,283	2,419	0	0	0,000	0,000
4	2,037	2,007	2,119	2312	1546	1,496	0,000	 V 			0,522	46621	0,000	1,356	3,755	1,248	0	0	0,000	0,000
5	2,679	2,642	2,824	673756	455133	1,480	0,000	   			1,002	82387	0,000	1,220	17,159	1,920	0	0	0,000	0,000
6	5,524	5,484	5,605	2486	1583	1,571	0,000	   			3,128	299720	0,000	1,314	73,443	3,123	0	0	0,000	0,000
7	7,554	7,467	8,134	1529085	635399	2,406	0,000	   			4,645	243242	0,000	0,801	40,051	1,485	0	0	0,000	0,000
8	12,502	12,460	12,596	1152	442	2,604	0,000	   			8,343	567390	0,000	1,387	77,735	1,796	0	0	0,000	0,000

[Chromatogram (Ch1)]
Interval(msec)	40
# of Points	18945
Start Time(min)	0,000
End Time(min)	12,630
R.Time (min)	Intensity
0,00017	-15
0,00083	-15
0,00150	-15
0,00217	-15
0,00283	-15
0,00350	-15
0,00417	-15
0,00483	-15
0,00550	-16
0,00617	-16
0,00683	-16
0,00750	-16
0,00817	-16
0,00883	-17
0,00950	-17
0,01017	-17
0,01083	-17
0,01150	-16
0,01217	-17
0,01283	-17
0,01350	-17
0,01417	-17
0,01483	-17
0,01550	-17
0,01617	-17
0,01683	-18
0,01750	-18
0,01817	-18
0,01883	-18
0,01950	-18
0,02017	-19
0,02083	-18
0,02150	-18
0,02217	-18
0,02283	-18
0,02350	-18
0,02417	-18
0,02483	-18
0,02550	-18
0,02617	-18
0,02683	-18
0,02750	-18
0,02817	-17
0,02883	-17
0,02950	-17
0,03017	-17
0,03083	-17
0,03150	-17
0,03217	-17
0,03283	-17
0,03350	-17
0,03417	-17
0,03483	-17
0,03550	-16
0,03617	-16
0,03683	-16
0,03750	-16
0,03817	-15
0,03883	-15
0,03950	-15
0,04017	-15
0,04083	-15
0,04150	-14
0,04217	-14
0,04283	-14
0,04350	-14
0,04417	-14
0,04483	-14
0,04550	-13
0,04617	-13
0,04683	-13
0,04750	-14
0,04817	-14
0,04883	-14
0,04950	-14
0,05017	-15
0,05083	-15
0,05150	-15
0,05217	-15
0,05283	-16
0,05350	-16
0,05417	-16
0,05483	-16
0,05550	-16
0,05617	-16
0,05683	-16
0,05750	-16
0,05817	-16
0,05883	-16
0,05950	-16
0,06017	-16
0,06083	-16
0,06150	-16
0,06217	-16
0,06283	-16
0,06350	-16
0,06417	-16
0,06483	-16
0,06550	-16
0,06617	-15
0,06683	-15
0,06750	-15
0,06817	-15
0,06883	-15
0,06950	-16
0,07017	-16
0,07083	-16
0,07150	-16
0,07217	-16
0,07283	-16
0,07350	-15
0,07417	-15
0,07483	-15
0,07550	-15
0,07617	-15
0,07683	-15
0,07750	-15
0,07817	-16
0,07883	-16
0,07950	-16
0,08017	-16
0,08083	-16
0,08150	-16
0,08217	-16
0,08283	-17
0,08350	-17
0,08417	-17
0,08483	-17
0,08550	-17
0,08617	-17
0,08683	-17
0,08750	-17
0,08817	-17
0,08883	-17
0,08950	-17
0,09017	-17
0,09083	-16
0,09150	-16
0,09217	-16
0,09283	-16
0,09350	-15
0,09417	-15
0,09483	-15
0,09550	-15
0,09617	-15
0,09683	-15
0,09750	-15
0,09817	-15
0,09883	-15
0,09950	-15
0,10017	-15
0,10083	-15
0,10150	-15
0,10217	-16
0,10283	-16
0,10350	-16
0,10417	-16
0,10483	-16
0,10550	-16
0,10617	-16
0,10683	-16
0,10750	-16
0,10817	-16
0,10883	-16
0,10950	-16
0,11017	-16
0,11083	-16
0,11150	-16
0,11217	-16
0,11283	-16
0,11350	-16
0,11417	-16
0,11483	-15
0,11550	-15
0,11617	-15
0,11683	-15
0,11750	-16
0,11817	-16
0,11883	-16
0,11950	-16
0,12017	-16
0,12083	-16
0,12150	-16
0,12217	-16
0,12283	-16
0,12350	-16
0,12417	-17
0,12483	-17
0,12550	-17
0,12617	-17
0,12683	-17
0,12750	-16
0,12817	-16
0,12883	-16
0,12950	-16
0,13017	-16
0,13083	-16
0,13150	-16
0,13217	-16
0,13283	-16
0,13350	-16
0,13417	-16
0,13483	-16
0,13550	-16
0,13617	-16
0,13683	-16
0,13750	-16
0,13817	-16
0,13883	-16
0,13950	-16
0,14017	-16
0,14083	-16
0,14150	-16
0,14217	-16
0,14283	-16
0,14350	-16
0,14417	-15
0,14483	-15
0,14550	-15
0,14617	-15
0,14683	-14
0,14750	-14
0,14817	-14
0,14883	-14
0,14950	-14
0,15017	-14
0,15083	-14
0,15150	-14
0,15217	-14
0,15283	-14
0,15350	-14
0,15417	-14
0,15483	-14
0,15550	-15
0,15617	-15
0,15683	-15
0,15750	-15
0,15817	-15
0,15883	-15
0,15950	-15
0,16017	-15
0,16083	-15
0,16150	-16
0,16217	-16
0,16283	-16
0,16350	-16
0,16417	-17
0,16483	-17
0,16550	-17
0,16617	-17
0,16683	-17
0,16750	-17
0,16817	-17
0,16883	-17
0,16950	-17
0,17017	-17
0,17083	-17
0,17150	-17
0,17217	-17
0,17283	-16
0,17350	-16
0,17417	-16
0,17483	-16
0,17550	-16
0,17617	-16
0,17683	-16
0,17750	-16
0,17817	-16
0,17883	-16
0,17950	-16
0,18017	-16
0,18083	-15
0,18150	-15
0,18217	-15
0,18283	-15
0,18350	-15
0,18417	-15
0,18483	-15
0,18550	-15
0,18617	-15
0,18683	-15
0,18750	-15
0,18817	-15
0,18883	-15
0,18950	-15
0,19017	-15
0,19083	-15
0,19150	-15
0,19217	-15
0,19283	-15
0,19350	-14
0,19417	-14
0,19483	-14
0,19550	-14
0,19617	-14
0,19683	-14
0,19750	-14
0,19817	-14
0,19883	-14
0,19950	-13
0,20017	-13
0,20083	-13
0,20150	-13
0,20217	-13
0,20283	-13
0,20350	-13
0,20417	-13
0,20483	-13
0,20550	-13
0,20617	-13
0,20683	-13
0,20750	-13
0,20817	-14
0,20883	-14
0,20950	-14
0,21017	-15
0,21083	-15
0,21150	-15
0,21217	-15
0,21283	-16
0,21350	-16
0,21417	-16
0,21483	-16
0,21550	-16
0,21617	-16
0,21683	-16
0,21750	-16
0,21817	-16
0,21883	-17
0,21950	-17
0,22017	-17
0,22083	-17
0,22150	-17
0,22217	-17
0,22283	-17
0,22350	-18
0,22417	-18
0,22483	-18
0,22550	-18
0,22617	-18
0,22683	-18
0,22750	-18
0,22817	-18
0,22883	-18
0,22950	-19
0,23017	-19
0,23083	-19
0,23150	-19
0,23217	-19
0,23283	-19
0,23350	-19
0,23417	-18
0,23483	-18
0,23550	-18
0,23617	-18
0,23683	-18
0,23750	-18
0,23817	-18
0,23883	-18
0,23950	-18
0,24017	-18
0,24083	-18
0,24150	-18
0,24217	-19
0,24283	-19
0,24350	-19
0,24417	-19
0,24483	-19
0,24550	-19
0,24617	-19
0,24683	-19
0,24750	-19
0,24817	-19
0,24883	-18
0,24950	-18
0,25017	-18
0,25083	-18
0,25150	-18
0,25217	-19
0,25283	-19
0,25350	-19
0,25417	-19
0,25483	-19
0,25550	-19
0,25617	-19
0,25683	-20
0,25750	-20
0,25817	-20
0,25883	-20
0,25950	-20
0,26017	-21
0,26083	-21
0,26150	-21
0,26217	-21
0,26283	-21
0,26350	-21
0,26417	-21
0,26483	-20
0,26550	-20
0,26617	-20
0,26683	-19
0,26750	-19
0,26817	-19
0,26883	-19
0,26950	-19
0,27017	-19
0,27083	-19
0,27150	-19
0,27217	-18
0,27283	-18
0,27350	-18
0,27417	-18
0,27483	-18
0,27550	-18
0,27617	-18
0,27683	-18
0,27750	-18
0,27817	-18
0,27883	-18
0,27950	-18
0,28017	-18
0,28083	-18
0,28150	-18
0,28217	-18
0,28283	-18
0,28350	-18
0,28417	-17
0,28483	-17
0,28550	-17
0,28617	-17
0,28683	-18
0,28750	-18
0,28817	-18
0,28883	-18
0,28950	-18
0,29017	-18
0,29083	-19
0,29150	-19
0,29217	-19
0,29283	-19
0,29350	-19
0,29417	-19
0,29483	-19
0,29550	-19
0,29617	-19
0,29683	-19
0,29750	-19
0,29817	-19
0,29883	-19
0,29950	-19
0,30017	-19
0,30083	-19
0,30150	-20
0,30217	-20
0,30283	-20
0,30350	-20
0,30417	-20
0,30483	-20
0,30550	-20
0,30617	-20
0,30683	-19
0,30750	-19
0,30817	-19
0,30883	-19
0,30950	-19
0,31017	-18
0,31083	-18
0,31150	-18
0,31217	-18
0,31283	-18
0,31350	-18
0,31417	-18
0,31483	-18
0,31550	-18
0,31617	-18
0,31683	-19
0,31750	-19
0,31817	-19
0,31883	-19
0,31950	-19
0,32017	-19
0,32083	-19
0,32150	-19
0,32217	-19
0,32283	-20
0,32350	-20
0,32417	-20
0,32483	-20
0,32550	-20
0,32617	-20
0,32683	-20
0,32750	-20
0,32817	-20
0,32883	-20
0,32950	-20
0,33017	-20
0,33083	-20
0,33150	-20
0,33217	-19
0,33283	-19
0,33350	-19
0,33417	-19
0,33483	-19
0,33550	-19
0,33617	-19
0,33683	-19
0,33750	-19
0,33817	-19
0,33883	-18
0,33950	-18
0,34017	-18
0,34083	-18
0,34150	-18
0,34217	-18
0,34283	-17
0,34350	-17
0,34417	-17
0,34483	-16
0,34550	-16
0,34617	-16
0,34683	-16
0,34750	-16
0,34817	-16
0,34883	-16
0,34950	-16
0,35017	-16
0,35083	-15
0,35150	-15
0,35217	-15
0,35283	-15
0,35350	-14
0,35417	-14
0,35483	-14
0,35550	-14
0,35617	-14
0,35683	-14
0,35750	-14
0,35817	-14
0,35883	-15
0,35950	-15
0,36017	-14
0,36083	-14
0,36150	-14
0,36217	-14
0,36283	-14
0,36350	-15
0,36417	-15
0,36483	-15
0,36550	-15
0,36617	-15
0,36683	-16
0,36750	-16
0,36817	-16
0,36883	-17
0,36950	-17
0,37017	-17
0,37083	-17
0,37150	-18
0,37217	-18
0,37283	-18
0,37350	-18
0,37417	-19
0,37483	-19
0,37550	-19
0,37617	-18
0,37683	-18
0,37750	-18
0,37817	-19
0,37883	-19
0,37950	-19
0,38017	-19
0,38083	-19
0,38150	-20
0,38217	-20
0,38283	-20
0,38350	-20
0,38417	-20
0,38483	-20
0,38550	-20
0,38617	-20
0,38683	-20
0,38750	-20
0,38817	-20
0,38883	-20
0,38950	-20
0,39017	-20
0,39083	-20
0,39150	-19
0,39217	-19
0,39283	-19
0,39350	-19
0,39417	-19
0,39483	-19
0,39550	-19
0,39617	-19
0,39683	-19
0,39750	-19
0,39817	-19
0,39883	-19
0,39950	-19
0,40017	-19
0,40083	-19
0,40150	-19
0,40217	-19
0,40283	-19
0,40350	-19
0,40417	-18
0,40483	-18
0,40550	-18
0,40617	-18
0,40683	-18
0,40750	-17
0,40817	-17
0,40883	-17
0,40950	-17
0,41017	-17
0,41083	-17
0,41150	-17
0,41217	-17
0,41283	-17
0,41350	-17
0,41417	-17
0,41483	-17
0,41550	-17
0,41617	-17
0,41683	-17
0,41750	-17
0,41817	-17
0,41883	-17
0,41950	-17
0,42017	-17
0,42083	-16
0,42150	-16
0,42217	-16
0,42283	-16
0,42350	-16
0,42417	-16
0,42483	-16
0,42550	-16
0,42617	-16
0,42683	-16
0,42750	-16
0,42817	-16
0,42883	-16
0,42950	-16
0,43017	-16
0,43083	-16
0,43150	-16
0,43217	-16
0,43283	-16
0,43350	-16
0,43417	-15
0,43483	-15
0,43550	-15
0,43617	-15
0,43683	-14
0,43750	-14
0,43817	-14
0,43883	-14
0,43950	-14
0,44017	-14
0,44083	-14
0,44150	-14
0,44217	-14
0,44283	-15
0,44350	-15
0,44417	-15
0,44483	-15
0,44550	-15
0,44617	-15
0,44683	-15
0,44750	-15
0,44817	-15
0,44883	-15
0,44950	-15
0,45017	-15
0,45083	-15
0,45150	-15
0,45217	-15
0,45283	-15
0,45350	-15
0,45417	-15
0,45483	-15
0,45550	-15
0,45617	-15
0,45683	-15
0,45750	-15
0,45817	-15
0,45883	-15
0,45950	-15
0,46017	-15
0,46083	-15
0,46150	-15
0,46217	-15
0,46283	-15
0,46350	-15
0,46417	-15
0,46483	-15
0,46550	-15
0,46617	-15
0,46683	-15
0,46750	-15
0,46817	-14
0,46883	-14
0,46950	-14
0,47017	-14
0,47083	-14
0,47150	-13
0,47217	-13
0,47283	-13
0,47350	-13
0,47417	-13
0,47483	-13
0,47550	-14
0,47617	-14
0,47683	-14
0,47750	-14
0,47817	-14
0,47883	-14
0,47950	-14
0,48017	-14
0,48083	-14
0,48150	-15
0,48217	-15
0,48283	-15
0,48350	-15
0,48417	-15
0,48483	-15
0,48550	-15
0,48617	-15
0,48683	-15
0,48750	-15
0,48817	-15
0,48883	-14
0,48950	-14
0,49017	-14
0,49083	-14
0,49150	-13
0,49217	-13
0,49283	-13
0,49350	-13
0,49417	-13
0,49483	-13
0,49550	-13
0,49617	-13
0,49683	-13
0,49750	-13
0,49817	-13
0,49883	-13
0,49950	-13
0,50017	-13
0,50083	-14
0,50150	-14
0,50217	-14
0,50283	-15
0,50350	-15
0,50417	-15
0,50483	-16
0,50550	-16
0,50617	-16
0,50683	-16
0,50750	-17
0,50817	-17
0,50883	-17
0,50950	-17
0,51017	-17
0,51083	-17
0,51150	-17
0,51217	-16
0,51283	-16
0,51350	-16
0,51417	-16
0,51483	-16
0,51550	-16
0,51617	-16
0,51683	-16
0,51750	-16
0,51817	-16
0,51883	-16
0,51950	-16
0,52017	-16
0,52083	-16
0,52150	-16
0,52217	-16
0,52283	-16
0,52350	-16
0,52417	-16
0,52483	-16
0,52550	-16
0,52617	-17
0,52683	-17
0,52750	-17
0,52817	-18
0,52883	-18
0,52950	-18
0,53017	-18
0,53083	-19
0,53150	-19
0,53217	-19
0,53283	-19
0,53350	-19
0,53417	-19
0,53483	-19
0,53550	-19
0,53617	-20
0,53683	-20
0,53750	-20
0,53817	-20
0,53883	-20
0,53950	-20
0,54017	-20
0,54083	-20
0,54150	-20
0,54217	-20
0,54283	-20
0,54350	-20
0,54417	-20
0,54483	-20
0,54550	-20
0,54617	-20
0,54683	-19
0,54750	-19
0,54817	-19
0,54883	-19
0,54950	-19
0,55017	-19
0,55083	-19
0,55150	-19
0,55217	-19
0,55283	-19
0,55350	-18
0,55417	-18
0,55483	-18
0,55550	-18
0,55617	-18
0,55683	-18
0,55750	-18
0,55817	-18
0,55883	-18
0,55950	-18
0,56017	-18
0,56083	-18
0,56150	-18
0,56217	-18
0,56283	-18
0,56350	-17
0,56417	-17
0,56483	-17
0,56550	-16
0,56617	-16
0,56683	-16
0,56750	-15
0,56817	-15
0,56883	-15
0,56950	-15
0,57017	-15
0,57083	-14
0,57150	-14
0,57217	-14
0,57283	-14
0,57350	-13
0,57417	-13
0,57483	-13
0,57550	-12
0,57617	-12
0,57683	-12
0,57750	-13
0,57817	-13
0,57883	-13
0,57950	-13
0,58017	-13
0,58083	-13
0,58150	-13
0,58217	-13
0,58283	-14
0,58350	-14
0,58417	-14
0,58483	-14
0,58550	-14
0,58617	-14
0,58683	-14
0,58750	-14
0,58817	-14
0,58883	-15
0,58950	-15
0,59017	-15
0,59083	-15
0,59150	-15
0,59217	-16
0,59283	-16
0,59350	-16
0,59417	-16
0,59483	-16
0,59550	-16
0,59617	-15
0,59683	-15
0,59750	-15
0,59817	-15
0,59883	-15
0,59950	-15
0,60017	-15
0,60083	-15
0,60150	-15
0,60217	-15
0,60283	-15
0,60350	-16
0,60417	-16
0,60483	-16
0,60550	-17
0,60617	-17
0,60683	-17
0,60750	-17
0,60817	-17
0,60883	-18
0,60950	-18
0,61017	-18
0,61083	-18
0,61150	-18
0,61217	-18
0,61283	-17
0,61350	-17
0,61417	-17
0,61483	-17
0,61550	-17
0,61617	-17
0,61683	-17
0,61750	-17
0,61817	-17
0,61883	-17
0,61950	-17
0,62017	-18
0,62083	-18
0,62150	-18
0,62217	-18
0,62283	-18
0,62350	-19
0,62417	-19
0,62483	-19
0,62550	-19
0,62617	-19
0,62683	-19
0,62750	-19
0,62817	-19
0,62883	-19
0,62950	-19
0,63017	-19
0,63083	-19
0,63150	-19
0,63217	-19
0,63283	-19
0,63350	-19
0,63417	-19
0,63483	-19
0,63550	-19
0,63617	-18
0,63683	-18
0,63750	-18
0,63817	-18
0,63883	-18
0,63950	-18
0,64017	-18
0,64083	-18
0,64150	-18
0,64217	-18
0,64283	-19
0,64350	-19
0,64417	-19
0,64483	-19
0,64550	-19
0,64617	-19
0,64683	-19
0,64750	-19
0,64817	-20
0,64883	-20
0,64950	-19
0,65017	-19
0,65083	-19
0,65150	-19
0,65217	-18
0,65283	-18
0,65350	-18
0,65417	-18
0,65483	-18
0,65550	-18
0,65617	-18
0,65683	-18
0,65750	-18
0,65817	-18
0,65883	-18
0,65950	-18
0,66017	-18
0,66083	-18
0,66150	-18
0,66217	-18
0,66283	-18
0,66350	-18
0,66417	-19
0,66483	-19
0,66550	-19
0,66617	-19
0,66683	-19
0,66750	-19
0,66817	-19
0,66883	-19
0,66950	-19
0,67017	-19
0,67083	-19
0,67150	-18
0,67217	-18
0,67283	-18
0,67350	-18
0,67417	-18
0,67483	-17
0,67550	-17
0,67617	-17
0,67683	-17
0,67750	-17
0,67817	-17
0,67883	-17
0,67950	-17
0,68017	-17
0,68083	-17
0,68150	-17
0,68217	-17
0,68283	-17
0,68350	-17
0,68417	-17
0,68483	-17
0,68550	-17
0,68617	-17
0,68683	-17
0,68750	-17
0,68817	-17
0,68883	-17
0,68950	-17
0,69017	-17
0,69083	-17
0,69150	-16
0,69217	-16
0,69283	-16
0,69350	-16
0,69417	-16
0,69483	-16
0,69550	-16
0,69617	-16
0,69683	-16
0,69750	-16
0,69817	-16
0,69883	-16
0,69950	-16
0,70017	-16
0,70083	-16
0,70150	-16
0,70217	-16
0,70283	-16
0,70350	-16
0,70417	-16
0,70483	-16
0,70550	-16
0,70617	-16
0,70683	-16
0,70750	-16
0,70817	-16
0,70883	-16
0,70950	-17
0,71017	-17
0,71083	-17
0,71150	-17
0,71217	-17
0,71283	-17
0,71350	-17
0,71417	-17
0,71483	-17
0,71550	-17
0,71617	-17
0,71683	-17
0,71750	-18
0,71817	-18
0,71883	-18
0,71950	-18
0,72017	-18
0,72083	-18
0,72150	-18
0,72217	-18
0,72283	-18
0,72350	-18
0,72417	-18
0,72483	-18
0,72550	-18
0,72617	-18
0,72683	-18
0,72750	-18
0,72817	-18
0,72883	-18
0,72950	-18
0,73017	-18
0,73083	-18
0,73150	-19
0,73217	-19
0,73283	-20
0,73350	-20
0,73417	-20
0,73483	-21
0,73550	-21
0,73617	-21
0,73683	-21
0,73750	-21
0,73817	-21
0,73883	-21
0,73950	-21
0,74017	-21
0,74083	-21
0,74150	-21
0,74217	-21
0,74283	-21
0,74350	-21
0,74417	-21
0,74483	-22
0,74550	-22
0,74617	-22
0,74683	-22
0,74750	-22
0,74817	-22
0,74883	-22
0,74950	-22
0,75017	-22
0,75083	-22
0,75150	-22
0,75217	-22
0,75283	-21
0,75350	-21
0,75417	-21
0,75483	-21
0,75550	-21
0,75617	-21
0,75683	-20
0,75750	-20
0,75817	-20
0,75883	-20
0,75950	-19
0,76017	-19
0,76083	-19
0,76150	-19
0,76217	-19
0,76283	-19
0,76350	-19
0,76417	-19
0,76483	-19
0,76550	-19
0,76617	-18
0,76683	-18
0,76750	-17
0,76817	-17
0,76883	-17
0,76950	-17
0,77017	-16
0,77083	-16
0,77150	-17
0,77217	-17
0,77283	-17
0,77350	-17
0,77417	-17
0,77483	-17
0,77550	-17
0,77617	-17
0,77683	-17
0,77750	-17
0,77817	-17
0,77883	-16
0,77950	-16
0,78017	-16
0,78083	-16
0,78150	-16
0,78217	-16
0,78283	-16
0,78350	-16
0,78417	-16
0,78483	-16
0,78550	-16
0,78617	-16
0,78683	-16
0,78750	-16
0,78817	-16
0,78883	-16
0,78950	-16
0,79017	-16
0,79083	-16
0,79150	-16
0,79217	-16
0,79283	-17
0,79350	-17
0,79417	-17
0,79483	-17
0,79550	-18
0,79617	-18
0,79683	-18
0,79750	-18
0,79817	-18
0,79883	-18
0,79950	-18
0,80017	-18
0,80083	-18
0,80150	-18
0,80217	-18
0,80283	-18
0,80350	-18
0,80417	-18
0,80483	-18
0,80550	-19
0,80617	-19
0,80683	-19
0,80750	-19
0,80817	-19
0,80883	-19
0,80950	-19
0,81017	-19
0,81083	-19
0,81150	-19
0,81217	-19
0,81283	-19
0,81350	-19
0,81417	-19
0,81483	-19
0,81550	-19
0,81617	-19
0,81683	-20
0,81750	-20
0,81817	-20
0,81883	-20
0,81950	-20
0,82017	-20
0,82083	-20
0,82150	-20
0,82217	-20
0,82283	-21
0,82350	-21
0,82417	-21
0,82483	-21
0,82550	-21
0,82617	-21
0,82683	-21
0,82750	-20
0,82817	-20
0,82883	-20
0,82950	-20
0,83017	-20
0,83083	-20
0,83150	-20
0,83217	-20
0,83283	-20
0,83350	-20
0,83417	-20
0,83483	-20
0,83550	-20
0,83617	-20
0,83683	-20
0,83750	-20
0,83817	-20
0,83883	-20
0,83950	-21
0,84017	-21
0,84083	-21
0,84150	-21
0,84217	-20
0,84283	-20
0,84350	-20
0,84417	-20
0,84483	-20
0,84550	-20
0,84617	-20
0,84683	-20
0,84750	-20
0,84817	-21
0,84883	-21
0,84950	-21
0,85017	-22
0,85083	-22
0,85150	-22
0,85217	-23
0,85283	-23
0,85350	-23
0,85417	-22
0,85483	-22
0,85550	-22
0,85617	-22
0,85683	-22
0,85750	-22
0,85817	-22
0,85883	-22
0,85950	-23
0,86017	-23
0,86083	-23
0,86150	-23
0,86217	-23
0,86283	-23
0,86350	-23
0,86417	-23
0,86483	-23
0,86550	-23
0,86617	-23
0,86683	-24
0,86750	-24
0,86817	-24
0,86883	-24
0,86950	-24
0,87017	-24
0,87083	-24
0,87150	-24
0,87217	-24
0,87283	-24
0,87350	-24
0,87417	-24
0,87483	-24
0,87550	-24
0,87617	-24
0,87683	-24
0,87750	-24
0,87817	-24
0,87883	-24
0,87950	-24
0,88017	-24
0,88083	-23
0,88150	-23
0,88217	-22
0,88283	-22
0,88350	-21
0,88417	-21
0,88483	-20
0,88550	-20
0,88617	-19
0,88683	-19
0,88750	-18
0,88817	-18
0,88883	-17
0,88950	-17
0,89017	-17
0,89083	-17
0,89150	-16
0,89217	-16
0,89283	-16
0,89350	-16
0,89417	-16
0,89483	-16
0,89550	-16
0,89617	-16
0,89683	-15
0,89750	-15
0,89817	-15
0,89883	-15
0,89950	-15
0,90017	-15
0,90083	-15
0,90150	-16
0,90217	-16
0,90283	-16
0,90350	-16
0,90417	-16
0,90483	-15
0,90550	-15
0,90617	-15
0,90683	-15
0,90750	-15
0,90817	-15
0,90883	-15
0,90950	-15
0,91017	-15
0,91083	-15
0,91150	-15
0,91217	-15
0,91283	-15
0,91350	-15
0,91417	-15
0,91483	-15
0,91550	-15
0,91617	-15
0,91683	-15
0,91750	-15
0,91817	-15
0,91883	-16
0,91950	-16
0,92017	-16
0,92083	-16
0,92150	-16
0,92217	-16
0,92283	-16
0,92350	-16
0,92417	-16
0,92483	-16
0,92550	-16
0,92617	-16
0,92683	-16
0,92750	-16
0,92817	-16
0,92883	-16
0,92950	-16
0,93017	-16
0,93083	-16
0,93150	-16
0,93217	-16
0,93283	-16
0,93350	-16
0,93417	-16
0,93483	-16
0,93550	-16
0,93617	-16
0,93683	-16
0,93750	-16
0,93817	-16
0,93883	-16
0,93950	-16
0,94017	-17
0,94083	-17
0,94150	-17
0,94217	-17
0,94283	-17
0,94350	-17
0,94417	-18
0,94483	-18
0,94550	-18
0,94617	-18
0,94683	-18
0,94750	-18
0,94817	-18
0,94883	-18
0,94950	-18
0,95017	-18
0,95083	-18
0,95150	-18
0,95217	-18
0,95283	-18
0,95350	-18
0,95417	-18
0,95483	-18
0,95550	-18
0,95617	-19
0,95683	-19
0,95750	-19
0,95817	-19
0,95883	-19
0,95950	-19
0,96017	-19
0,96083	-18
0,96150	-18
0,96217	-18
0,96283	-18
0,96350	-17
0,96417	-17
0,96483	-17
0,96550	-17
0,96617	-17
0,96683	-17
0,96750	-17
0,96817	-17
0,96883	-17
0,96950	-17
0,97017	-17
0,97083	-16
0,97150	-16
0,97217	-16
0,97283	-16
0,97350	-15
0,97417	-15
0,97483	-15
0,97550	-15
0,97617	-15
0,97683	-16
0,97750	-16
0,97817	-16
0,97883	-16
0,97950	-16
0,98017	-16
0,98083	-17
0,98150	-17
0,98217	-17
0,98283	-17
0,98350	-18
0,98417	-18
0,98483	-18
0,98550	-19
0,98617	-19
0,98683	-19
0,98750	-19
0,98817	-19
0,98883	-19
0,98950	-20
0,99017	-20
0,99083	-20
0,99150	-20
0,99217	-20
0,99283	-20
0,99350	-20
0,99417	-20
0,99483	-20
0,99550	-20
0,99617	-20
0,99683	-20
0,99750	-20
0,99817	-19
0,99883	-19
0,99950	-19
1,00017	-19
1,00083	-18
1,00150	-18
1,00217	-18
1,00283	-17
1,00350	-17
1,00417	-17
1,00483	-16
1,00550	-16
1,00617	-16
1,00683	-15
1,00750	-15
1,00817	-15
1,00883	-15
1,00950	-15
1,01017	-15
1,01083	-15
1,01150	-15
1,01217	-15
1,01283	-15
1,01350	-15
1,01417	-15
1,01483	-15
1,01550	-15
1,01617	-16
1,01683	-16
1,01750	-16
1,01817	-16
1,01883	-16
1,01950	-16
1,02017	-16
1,02083	-16
1,02150	-15
1,02217	-15
1,02283	-15
1,02350	-15
1,02417	-15
1,02483	-15
1,02550	-14
1,02617	-14
1,02683	-14
1,02750	-14
1,02817	-14
1,02883	-14
1,02950	-14
1,03017	-14
1,03083	-14
1,03150	-14
1,03217	-14
1,03283	-14
1,03350	-14
1,03417	-15
1,03483	-15
1,03550	-15
1,03617	-15
1,03683	-15
1,03750	-15
1,03817	-15
1,03883	-15
1,03950	-15
1,04017	-15
1,04083	-15
1,04150	-15
1,04217	-15
1,04283	-15
1,04350	-15
1,04417	-15
1,04483	-15
1,04550	-15
1,04617	-15
1,04683	-15
1,04750	-15
1,04817	-16
1,04883	-16
1,04950	-16
1,05017	-16
1,05083	-16
1,05150	-16
1,05217	-16
1,05283	-16
1,05350	-16
1,05417	-15
1,05483	-15
1,05550	-15
1,05617	-15
1,05683	-14
1,05750	-14
1,05817	-14
1,05883	-15
1,05950	-15
1,06017	-15
1,06083	-15
1,06150	-16
1,06217	-16
1,06283	-16
1,06350	-16
1,06417	-16
1,06483	-16
1,06550	-16
1,06617	-16
1,06683	-17
1,06750	-17
1,06817	-17
1,06883	-17
1,06950	-17
1,07017	-17
1,07083	-18
1,07150	-18
1,07217	-18
1,07283	-18
1,07350	-18
1,07417	-18
1,07483	-18
1,07550	-18
1,07617	-18
1,07683	-18
1,07750	-17
1,07817	-17
1,07883	-17
1,07950	-17
1,08017	-17
1,08083	-17
1,08150	-17
1,08217	-17
1,08283	-17
1,08350	-17
1,08417	-18
1,08483	-18
1,08550	-18
1,08617	-18
1,08683	-18
1,08750	-19
1,08817	-19
1,08883	-19
1,08950	-19
1,09017	-20
1,09083	-20
1,09150	-20
1,09217	-20
1,09283	-19
1,09350	-19
1,09417	-19
1,09483	-19
1,09550	-18
1,09617	-18
1,09683	-18
1,09750	-17
1,09817	-17
1,09883	-16
1,09950	-16
1,10017	-16
1,10083	-16
1,10150	-16
1,10217	-16
1,10283	-16
1,10350	-16
1,10417	-16
1,10483	-16
1,10550	-16
1,10617	-17
1,10683	-17
1,10750	-17
1,10817	-17
1,10883	-17
1,10950	-17
1,11017	-17
1,11083	-17
1,11150	-17
1,11217	-17
1,11283	-17
1,11350	-17
1,11417	-17
1,11483	-17
1,11550	-17
1,11617	-17
1,11683	-18
1,11750	-18
1,11817	-18
1,11883	-18
1,11950	-18
1,12017	-18
1,12083	-18
1,12150	-18
1,12217	-18
1,12283	-18
1,12350	-19
1,12417	-19
1,12483	-19
1,12550	-20
1,12617	-20
1,12683	-20
1,12750	-20
1,12817	-20
1,12883	-20
1,12950	-20
1,13017	-20
1,13083	-20
1,13150	-20
1,13217	-20
1,13283	-20
1,13350	-20
1,13417	-20
1,13483	-20
1,13550	-20
1,13617	-20
1,13683	-20
1,13750	-20
1,13817	-20
1,13883	-20
1,13950	-19
1,14017	-18
1,14083	-16
1,14150	-14
1,14217	-11
1,14283	-7
1,14350	-2
1,14417	5
1,14483	12
1,14550	21
1,14617	31
1,14683	42
1,14750	53
1,14817	65
1,14883	77
1,14950	89
1,15017	101
1,15083	112
1,15150	122
1,15217	131
1,15283	138
1,15350	144
1,15417	149
1,15483	152
1,15550	155
1,15617	156
1,15683	157
1,15750	156
1,15817	155
1,15883	154
1,15950	152
1,16017	149
1,16083	147
1,16150	144
1,16217	140
1,16283	137
1,16350	133
1,16417	130
1,16483	126
1,16550	123
1,16617	119
1,16683	115
1,16750	111
1,16817	107
1,16883	103
1,16950	100
1,17017	96
1,17083	92
1,17150	89
1,17217	86
1,17283	82
1,17350	79
1,17417	76
1,17483	73
1,17550	70
1,17617	66
1,17683	63
1,17750	60
1,17817	57
1,17883	54
1,17950	51
1,18017	48
1,18083	45
1,18150	43
1,18217	41
1,18283	38
1,18350	37
1,18417	35
1,18483	33
1,18550	32
1,18617	31
1,18683	30
1,18750	29
1,18817	28
1,18883	27
1,18950	26
1,19017	26
1,19083	25
1,19150	25
1,19217	25
1,19283	25
1,19350	26
1,19417	26
1,19483	27
1,19550	27
1,19617	28
1,19683	29
1,19750	30
1,19817	31
1,19883	32
1,19950	33
1,20017	34
1,20083	35
1,20150	36
1,20217	37
1,20283	38
1,20350	39
1,20417	40
1,20483	40
1,20550	41
1,20617	41
1,20683	41
1,20750	40
1,20817	40
1,20883	39
1,20950	38
1,21017	37
1,21083	35
1,21150	34
1,21217	32
1,21283	30
1,21350	29
1,21417	27
1,21483	25
1,21550	23
1,21617	21
1,21683	20
1,21750	18
1,21817	16
1,21883	15
1,21950	13
1,22017	12
1,22083	10
1,22150	9
1,22217	8
1,22283	6
1,22350	5
1,22417	4
1,22483	3
1,22550	2
1,22617	2
1,22683	1
1,22750	0
1,22817	-0
1,22883	-1
1,22950	-1
1,23017	-2
1,23083	-2
1,23150	-3
1,23217	-3
1,23283	-3
1,23350	-3
1,23417	-3
1,23483	-2
1,23550	-0
1,23617	2
1,23683	6
1,23750	11
1,23817	18
1,23883	27
1,23950	37
1,24017	49
1,24083	63
1,24150	79
1,24217	95
1,24283	113
1,24350	131
1,24417	149
1,24483	166
1,24550	183
1,24617	199
1,24683	214
1,24750	227
1,24817	238
1,24883	248
1,24950	256
1,25017	262
1,25083	266
1,25150	268
1,25217	268
1,25283	267
1,25350	264
1,25417	260
1,25483	255
1,25550	248
1,25617	240
1,25683	232
1,25750	223
1,25817	214
1,25883	204
1,25950	194
1,26017	184
1,26083	175
1,26150	165
1,26217	156
1,26283	146
1,26350	138
1,26417	129
1,26483	121
1,26550	113
1,26617	105
1,26683	98
1,26750	91
1,26817	84
1,26883	78
1,26950	72
1,27017	66
1,27083	61
1,27150	56
1,27217	51
1,27283	47
1,27350	43
1,27417	39
1,27483	35
1,27550	32
1,27617	29
1,27683	27
1,27750	25
1,27817	24
1,27883	24
1,27950	25
1,28017	27
1,28083	30
1,28150	36
1,28217	43
1,28283	52
1,28350	63
1,28417	76
1,28483	92
1,28550	110
1,28617	131
1,28683	154
1,28750	178
1,28817	205
1,28883	233
1,28950	263
1,29017	294
1,29083	324
1,29150	355
1,29217	385
1,29283	413
1,29350	439
1,29417	463
1,29483	483
1,29550	500
1,29617	513
1,29683	522
1,29750	528
1,29817	530
1,29883	528
1,29950	524
1,30017	516
1,30083	506
1,30150	494
1,30217	479
1,30283	463
1,30350	445
1,30417	427
1,30483	407
1,30550	387
1,30617	367
1,30683	347
1,30750	327
1,30817	307
1,30883	288
1,30950	269
1,31017	251
1,31083	234
1,31150	218
1,31217	203
1,31283	189
1,31350	176
1,31417	166
1,31483	160
1,31550	161
1,31617	176
1,31683	217
1,31750	309
1,31817	497
1,31883	855
1,31950	1490
1,32017	2542
1,32083	4186
1,32150	6629
1,32217	10089
1,32283	14798
1,32350	20966
1,32417	28771
1,32483	38319
1,32550	49641
1,32617	62659
1,32683	77215
1,32750	93060
1,32817	109883
1,32883	127318
1,32950	144974
1,33017	162470
1,33083	179446
1,33150	195592
1,33217	210648
1,33283	224407
1,33350	236708
1,33417	247438
1,33483	256516
1,33550	263877
1,33617	269492
1,33683	273348
1,33750	275456
1,33817	275845
1,33883	274574
1,33950	271726
1,34017	267410
1,34083	261757
1,34150	254919
1,34217	247058
1,34283	238349
1,34350	228964
1,34417	219071
1,34483	208829
1,34550	198382
1,34617	187860
1,34683	177376
1,34750	167026
1,34817	156888
1,34883	147027
1,34950	137494
1,35017	128328
1,35083	119557
1,35150	111198
1,35217	103263
1,35283	95755
1,35350	88673
1,35417	82012
1,35483	75762
1,35550	69911
1,35617	64446
1,35683	59350
1,35750	54608
1,35817	50202
1,35883	46115
1,35950	42328
1,36017	38825
1,36083	35589
1,36150	32601
1,36217	29847
1,36283	27311
1,36350	24977
1,36417	22832
1,36483	20862
1,36550	19054
1,36617	17396
1,36683	15877
1,36750	14486
1,36817	13214
1,36883	12050
1,36950	10986
1,37017	10014
1,37083	9127
1,37150	8318
1,37217	7580
1,37283	6907
1,37350	6293
1,37417	5735
1,37483	5226
1,37550	4763
1,37617	4342
1,37683	3959
1,37750	3610
1,37817	3293
1,37883	3005
1,37950	2743
1,38017	2506
1,38083	2289
1,38150	2093
1,38217	1915
1,38283	1753
1,38350	1606
1,38417	1472
1,38483	1351
1,38550	1241
1,38617	1141
1,38683	1051
1,38750	968
1,38817	893
1,38883	825
1,38950	763
1,39017	707
1,39083	655
1,39150	608
1,39217	566
1,39283	527
1,39350	491
1,39417	459
1,39483	430
1,39550	403
1,39617	378
1,39683	356
1,39750	336
1,39817	318
1,39883	301
1,39950	285
1,40017	271
1,40083	258
1,40150	245
1,40217	234
1,40283	224
1,40350	214
1,40417	205
1,40483	197
1,40550	189
1,40617	182
1,40683	176
1,40750	169
1,40817	164
1,40883	158
1,40950	153
1,41017	148
1,41083	144
1,41150	140
1,41217	136
1,41283	132
1,41350	129
1,41417	125
1,41483	122
1,41550	119
1,41617	116
1,41683	114
1,41750	111
1,41817	109
1,41883	107
1,41950	104
1,42017	102
1,42083	100
1,42150	98
1,42217	97
1,42283	95
1,42350	93
1,42417	91
1,42483	89
1,42550	87
1,42617	85
1,42683	84
1,42750	82
1,42817	81
1,42883	79
1,42950	78
1,43017	77
1,43083	76
1,43150	75
1,43217	74
1,43283	74
1,43350	74
1,43417	75
1,43483	77
1,43550	80
1,43617	85
1,43683	93
1,43750	103
1,43817	117
1,43883	134
1,43950	156
1,44017	182
1,44083	213
1,44150	247
1,44217	286
1,44283	327
1,44350	371
1,44417	415
1,44483	460
1,44550	505
1,44617	548
1,44683	588
1,44750	625
1,44817	658
1,44883	687
1,44950	712
1,45017	732
1,45083	747
1,45150	758
1,45217	764
1,45283	765
1,45350	762
1,45417	755
1,45483	744
1,45550	729
1,45617	711
1,45683	691
1,45750	668
1,45817	643
1,45883	618
1,45950	591
1,46017	564
1,46083	537
1,46150	509
1,46217	482
1,46283	455
1,46350	429
1,46417	404
1,46483	379
1,46550	355
1,46617	333
1,46683	311
1,46750	291
1,46817	272
1,46883	254
1,46950	237
1,47017	221
1,47083	206
1,47150	192
1,47217	179
1,47283	167
1,47350	156
1,47417	146
1,47483	136
1,47550	127
1,47617	119
1,47683	111
1,47750	103
1,47817	97
1,47883	91
1,47950	85
1,48017	80
1,48083	75
1,48150	70
1,48217	66
1,48283	62
1,48350	59
1,48417	56
1,48483	53
1,48550	51
1,48617	48
1,48683	46
1,48750	44
1,48817	42
1,48883	40
1,48950	39
1,49017	37
1,49083	36
1,49150	35
1,49217	34
1,49283	34
1,49350	33
1,49417	32
1,49483	32
1,49550	31
1,49617	31
1,49683	31
1,49750	31
1,49817	31
1,49883	31
1,49950	31
1,50017	31
1,50083	32
1,50150	32
1,50217	33
1,50283	33
1,50350	34
1,50417	35
1,50483	36
1,50550	37
1,50617	38
1,50683	39
1,50750	40
1,50817	41
1,50883	42
1,50950	43
1,51017	44
1,51083	45
1,51150	47
1,51217	48
1,51283	50
1,51350	52
1,51417	54
1,51483	56
1,51550	59
1,51617	62
1,51683	66
1,51750	70
1,51817	76
1,51883	82
1,51950	91
1,52017	101
1,52083	114
1,52150	131
1,52217	151
1,52283	176
1,52350	207
1,52417	244
1,52483	286
1,52550	335
1,52617	390
1,52683	450
1,52750	514
1,52817	583
1,52883	654
1,52950	726
1,53017	799
1,53083	869
1,53150	938
1,53217	1002
1,53283	1062
1,53350	1116
1,53417	1163
1,53483	1204
1,53550	1238
1,53617	1264
1,53683	1282
1,53750	1293
1,53817	1297
1,53883	1294
1,53950	1285
1,54017	1271
1,54083	1255
1,54150	1240
1,54217	1236
1,54283	1259
1,54350	1339
1,54417	1540
1,54483	1974
1,54550	2819
1,54617	4341
1,54683	6928
1,54750	11133
1,54817	17720
1,54883	27721
1,54950	42463
1,55017	63614
1,55083	93073
1,55150	133058
1,55217	186001
1,55283	254662
1,55350	341580
1,55417	449269
1,55483	579792
1,55550	735095
1,55617	916363
1,55683	1124205
1,55750	1358114
1,55817	1616853
1,55883	1897942
1,55950	2197806
1,56017	2511759
1,56083	2834583
1,56150	3160489
1,56217	3483190
1,56283	3796293
1,56350	4093713
1,56417	4369756
1,56483	4619372
1,56550	4838352
1,56617	5023539
1,56683	5172505
1,56750	5283795
1,56817	5356840
1,56883	5392028
1,56950	5390488
1,57017	5354203
1,57083	5285584
1,57150	5187627
1,57217	5063518
1,57283	4916816
1,57350	4751129
1,57417	4570134
1,57483	4377336
1,57550	4176101
1,57617	3969517
1,57683	3760388
1,57750	3551159
1,57817	3343937
1,57883	3140475
1,57950	2942208
1,58017	2750268
1,58083	2565523
1,58150	2388602
1,58217	2219932
1,58283	2059770
1,58350	1908227
1,58417	1765300
1,58483	1630889
1,58550	1504818
1,58617	1386853
1,58683	1276713
1,58750	1174087
1,58817	1078639
1,58883	990019
1,58950	907870
1,59017	831831
1,59083	761546
1,59150	696663
1,59217	636839
1,59283	581744
1,59350	531058
1,59417	484476
1,59483	441706
1,59550	402473
1,59617	366516
1,59683	333587
1,59750	303457
1,59817	275907
1,59883	250736
1,59950	227753
1,60017	206782
1,60083	187659
1,60150	170233
1,60217	154362
1,60283	139915
1,60350	126771
1,60417	114820
1,60483	103959
1,60550	94093
1,60617	85135
1,60683	77005
1,60750	69631
1,60817	62944
1,60883	56884
1,60950	51393
1,61017	46421
1,61083	41919
1,61150	37846
1,61217	34160
1,61283	30827
1,61350	27814
1,61417	25091
1,61483	22631
1,61550	20409
1,61617	18403
1,61683	16591
1,61750	14957
1,61817	13483
1,61883	12153
1,61950	10954
1,62017	9873
1,62083	8898
1,62150	8020
1,62217	7229
1,62283	6517
1,62350	5876
1,62417	5298
1,62483	4779
1,62550	4311
1,62617	3890
1,62683	3512
1,62750	3171
1,62817	2865
1,62883	2589
1,62950	2341
1,63017	2119
1,63083	1918
1,63150	1739
1,63217	1577
1,63283	1432
1,63350	1302
1,63417	1184
1,63483	1079
1,63550	984
1,63617	899
1,63683	822
1,63750	753
1,63817	691
1,63883	635
1,63950	585
1,64017	539
1,64083	498
1,64150	461
1,64217	428
1,64283	398
1,64350	371
1,64417	346
1,64483	324
1,64550	304
1,64617	286
1,64683	269
1,64750	254
1,64817	240
1,64883	228
1,64950	216
1,65017	206
1,65083	197
1,65150	189
1,65217	181
1,65283	174
1,65350	168
1,65417	162
1,65483	156
1,65550	151
1,65617	146
1,65683	142
1,65750	138
1,65817	134
1,65883	131
1,65950	128
1,66017	125
1,66083	122
1,66150	120
1,66217	117
1,66283	115
1,66350	112
1,66417	110
1,66483	108
1,66550	106
1,66617	104
1,66683	103
1,66750	101
1,66817	99
1,66883	97
1,66950	95
1,67017	93
1,67083	91
1,67150	90
1,67217	88
1,67283	86
1,67350	85
1,67417	83
1,67483	82
1,67550	81
1,67617	79
1,67683	78
1,67750	77
1,67817	76
1,67883	75
1,67950	74
1,68017	72
1,68083	71
1,68150	70
1,68217	69
1,68283	69
1,68350	68
1,68417	67
1,68483	67
1,68550	66
1,68617	66
1,68683	65
1,68750	64
1,68817	63
1,68883	63
1,68950	62
1,69017	61
1,69083	60
1,69150	59
1,69217	59
1,69283	58
1,69350	57
1,69417	56
1,69483	56
1,69550	55
1,69617	54
1,69683	54
1,69750	53
1,69817	52
1,69883	52
1,69950	51
1,70017	50
1,70083	49
1,70150	49
1,70217	48
1,70283	47
1,70350	47
1,70417	46
1,70483	45
1,70550	45
1,70617	44
1,70683	44
1,70750	43
1,70817	42
1,70883	41
1,70950	41
1,71017	40
1,71083	39
1,71150	39
1,71217	38
1,71283	38
1,71350	37
1,71417	37
1,71483	36
1,71550	36
1,71617	35
1,71683	35
1,71750	35
1,71817	34
1,71883	33
1,71950	33
1,72017	32
1,72083	31
1,72150	30
1,72217	30
1,72283	29
1,72350	28
1,72417	27
1,72483	27
1,72550	26
1,72617	25
1,72683	25
1,72750	24
1,72817	24
1,72883	24
1,72950	23
1,73017	23
1,73083	23
1,73150	23
1,73217	22
1,73283	22
1,73350	21
1,73417	21
1,73483	21
1,73550	20
1,73617	20
1,73683	20
1,73750	20
1,73817	20
1,73883	20
1,73950	20
1,74017	20
1,74083	20
1,74150	20
1,74217	20
1,74283	20
1,74350	20
1,74417	20
1,74483	20
1,74550	20
1,74617	20
1,74683	19
1,74750	19
1,74817	19
1,74883	19
1,74950	18
1,75017	18
1,75083	18
1,75150	18
1,75217	17
1,75283	17
1,75350	17
1,75417	17
1,75483	16
1,75550	16
1,75617	16
1,75683	16
1,75750	15
1,75817	16
1,75883	16
1,75950	16
1,76017	16
1,76083	17
1,76150	17
1,76217	18
1,76283	18
1,76350	19
1,76417	19
1,76483	20
1,76550	21
1,76617	21
1,76683	22
1,76750	23
1,76817	24
1,76883	25
1,76950	25
1,77017	26
1,77083	27
1,77150	27
1,77217	28
1,77283	28
1,77350	28
1,77417	28
1,77483	28
1,77550	27
1,77617	27
1,77683	26
1,77750	26
1,77817	25
1,77883	24
1,77950	24
1,78017	23
1,78083	22
1,78150	21
1,78217	21
1,78283	20
1,78350	19
1,78417	18
1,78483	17
1,78550	17
1,78617	16
1,78683	15
1,78750	15
1,78817	14
1,78883	14
1,78950	14
1,79017	13
1,79083	13
1,79150	13
1,79217	13
1,79283	13
1,79350	12
1,79417	12
1,79483	12
1,79550	12
1,79617	12
1,79683	12
1,79750	12
1,79817	11
1,79883	11
1,79950	11
1,80017	11
1,80083	10
1,80150	10
1,80217	10
1,80283	10
1,80350	10
1,80417	10
1,80483	10
1,80550	10
1,80617	10
1,80683	9
1,80750	9
1,80817	9
1,80883	8
1,80950	8
1,81017	8
1,81083	7
1,81150	7
1,81217	7
1,81283	7
1,81350	7
1,81417	7
1,81483	7
1,81550	6
1,81617	6
1,81683	6
1,81750	6
1,81817	6
1,81883	6
1,81950	6
1,82017	6
1,82083	6
1,82150	6
1,82217	7
1,82283	7
1,82350	7
1,82417	7
1,82483	7
1,82550	8
1,82617	8
1,82683	8
1,82750	8
1,82817	8
1,82883	7
1,82950	7
1,83017	7
1,83083	7
1,83150	7
1,83217	7
1,83283	7
1,83350	7
1,83417	7
1,83483	7
1,83550	7
1,83617	7
1,83683	7
1,83750	7
1,83817	7
1,83883	7
1,83950	7
1,84017	7
1,84083	7
1,84150	7
1,84217	7
1,84283	7
1,84350	7
1,84417	7
1,84483	7
1,84550	7
1,84617	7
1,84683	7
1,84750	7
1,84817	7
1,84883	7
1,84950	6
1,85017	6
1,85083	5
1,85150	5
1,85217	5
1,85283	4
1,85350	4
1,85417	4
1,85483	4
1,85550	3
1,85617	3
1,85683	3
1,85750	3
1,85817	3
1,85883	3
1,85950	3
1,86017	3
1,86083	4
1,86150	6
1,86217	10
1,86283	19
1,86350	34
1,86417	60
1,86483	105
1,86550	179
1,86617	298
1,86683	483
1,86750	763
1,86817	1168
1,86883	1732
1,86950	2492
1,87017	3482
1,87083	4735
1,87150	6282
1,87217	8154
1,87283	10375
1,87350	12967
1,87417	15946
1,87483	19330
1,87550	23126
1,87617	27343
1,87683	31980
1,87750	37039
1,87817	42522
1,87883	48428
1,87950	54750
1,88017	61477
1,88083	68596
1,88150	76106
1,88217	83994
1,88283	92251
1,88350	100863
1,88417	109809
1,88483	119066
1,88550	128600
1,88617	138387
1,88683	148399
1,88750	158620
1,88817	169029
1,88883	179600
1,88950	190314
1,89017	201164
1,89083	212130
1,89150	223187
1,89217	234300
1,89283	245407
1,89350	256374
1,89417	266971
1,89483	276852
1,89550	285540
1,89617	292475
1,89683	297132
1,89750	299181
1,89817	298530
1,89883	295316
1,89950	289823
1,90017	282410
1,90083	273443
1,90150	263272
1,90217	252216
1,90283	240553
1,90350	228522
1,90417	216323
1,90483	204121
1,90550	192052
1,90617	180223
1,90683	168718
1,90750	157603
1,90817	146924
1,90883	136715
1,90950	126999
1,91017	117785
1,91083	109079
1,91150	100878
1,91217	93174
1,91283	85955
1,91350	79205
1,91417	72908
1,91483	67045
1,91550	61595
1,91617	56537
1,91683	51851
1,91750	47516
1,91817	43510
1,91883	39814
1,91950	36407
1,92017	33270
1,92083	30385
1,92150	27734
1,92217	25300
1,92283	23068
1,92350	21022
1,92417	19148
1,92483	17434
1,92550	15867
1,92617	14435
1,92683	13127
1,92750	11934
1,92817	10845
1,92883	9853
1,92950	8950
1,93017	8127
1,93083	7378
1,93150	6697
1,93217	6078
1,93283	5515
1,93350	5004
1,93417	4539
1,93483	4118
1,93550	3735
1,93617	3388
1,93683	3073
1,93750	2788
1,93817	2530
1,93883	2295
1,93950	2083
1,94017	1891
1,94083	1717
1,94150	1560
1,94217	1418
1,94283	1289
1,94350	1172
1,94417	1067
1,94483	972
1,94550	885
1,94617	807
1,94683	737
1,94750	673
1,94817	615
1,94883	563
1,94950	515
1,95017	473
1,95083	434
1,95150	400
1,95217	369
1,95283	340
1,95350	315
1,95417	292
1,95483	271
1,95550	251
1,95617	234
1,95683	218
1,95750	204
1,95817	191
1,95883	179
1,95950	168
1,96017	159
1,96083	150
1,96150	142
1,96217	135
1,96283	128
1,96350	122
1,96417	116
1,96483	110
1,96550	105
1,96617	101
1,96683	96
1,96750	92
1,96817	88
1,96883	85
1,96950	82
1,97017	78
1,97083	76
1,97150	73
1,97217	71
1,97283	68
1,97350	66
1,97417	64
1,97483	63
1,97550	61
1,97617	59
1,97683	58
1,97750	56
1,97817	55
1,97883	53
1,97950	52
1,98017	51
1,98083	50
1,98150	48
1,98217	47
1,98283	46
1,98350	45
1,98417	44
1,98483	44
1,98550	43
1,98617	42
1,98683	41
1,98750	40
1,98817	39
1,98883	39
1,98950	38
1,99017	37
1,99083	36
1,99150	36
1,99217	35
1,99283	34
1,99350	34
1,99417	33
1,99483	32
1,99550	32
1,99617	31
1,99683	31
1,99750	31
1,99817	30
1,99883	30
1,99950	29
2,00017	29
2,00083	29
2,00150	28
2,00217	28
2,00283	28
2,00350	27
2,00417	27
2,00483	27
2,00550	27
2,00617	27
2,00683	27
2,00750	27
2,00817	27
2,00883	27
2,00950	27
2,01017	27
2,01083	28
2,01150	28
2,01217	29
2,01283	31
2,01350	33
2,01417	37
2,01483	41
2,01550	47
2,01617	55
2,01683	65
2,01750	78
2,01817	95
2,01883	116
2,01950	142
2,02017	173
2,02083	210
2,02150	254
2,02217	303
2,02283	360
2,02350	422
2,02417	491
2,02483	565
2,02550	643
2,02617	725
2,02683	810
2,02750	895
2,02817	981
2,02883	1064
2,02950	1145
2,03017	1222
2,03083	1293
2,03150	1357
2,03217	1415
2,03283	1464
2,03350	1505
2,03417	1537
2,03483	1560
2,03550	1573
2,03617	1578
2,03683	1574
2,03750	1562
2,03817	1543
2,03883	1516
2,03950	1483
2,04017	1445
2,04083	1402
2,04150	1355
2,04217	1306
2,04283	1253
2,04350	1199
2,04417	1144
2,04483	1088
2,04550	1032
2,04617	977
2,04683	923
2,04750	869
2,04817	818
2,04883	768
2,04950	720
2,05017	673
2,05083	629
2,05150	587
2,05217	547
2,05283	509
2,05350	474
2,05417	440
2,05483	409
2,05550	380
2,05617	352
2,05683	326
2,05750	302
2,05817	280
2,05883	259
2,05950	240
2,06017	222
2,06083	206
2,06150	190
2,06217	176
2,06283	163
2,06350	151
2,06417	139
2,06483	129
2,06550	119
2,06617	110
2,06683	101
2,06750	94
2,06817	87
2,06883	80
2,06950	74
2,07017	68
2,07083	63
2,07150	58
2,07217	54
2,07283	50
2,07350	46
2,07417	43
2,07483	39
2,07550	36
2,07617	33
2,07683	31
2,07750	28
2,07817	26
2,07883	25
2,07950	23
2,08017	21
2,08083	20
2,08150	19
2,08217	18
2,08283	16
2,08350	15
2,08417	14
2,08483	13
2,08550	12
2,08617	11
2,08683	11
2,08750	10
2,08817	10
2,08883	9
2,08950	9
2,09017	9
2,09083	8
2,09150	8
2,09217	8
2,09283	8
2,09350	7
2,09417	7
2,09483	6
2,09550	6
2,09617	5
2,09683	5
2,09750	5
2,09817	4
2,09883	4
2,09950	4
2,10017	4
2,10083	3
2,10150	3
2,10217	3
2,10283	3
2,10350	3
2,10417	3
2,10483	3
2,10550	3
2,10617	3
2,10683	3
2,10750	2
2,10817	2
2,10883	2
2,10950	2
2,11017	2
2,11083	2
2,11150	1
2,11217	1
2,11283	1
2,11350	1
2,11417	1
2,11483	1
2,11550	0
2,11617	0
2,11683	-0
2,11750	-0
2,11817	-1
2,11883	-1
2,11950	-1
2,12017	-1
2,12083	-2
2,12150	-2
2,12217	-2
2,12283	-2
2,12350	-3
2,12417	-3
2,12483	-3
2,12550	-3
2,12617	-3
2,12683	-4
2,12750	-4
2,12817	-4
2,12883	-4
2,12950	-4
2,13017	-4
2,13083	-4
2,13150	-4
2,13217	-5
2,13283	-5
2,13350	-5
2,13417	-5
2,13483	-5
2,13550	-5
2,13617	-5
2,13683	-6
2,13750	-6
2,13817	-6
2,13883	-6
2,13950	-6
2,14017	-6
2,14083	-6
2,14150	-6
2,14217	-6
2,14283	-6
2,14350	-6
2,14417	-6
2,14483	-6
2,14550	-6
2,14617	-6
2,14683	-6
2,14750	-5
2,14817	-5
2,14883	-5
2,14950	-5
2,15017	-5
2,15083	-5
2,15150	-5
2,15217	-5
2,15283	-5
2,15350	-5
2,15417	-5
2,15483	-5
2,15550	-5
2,15617	-5
2,15683	-5
2,15750	-5
2,15817	-5
2,15883	-5
2,15950	-5
2,16017	-5
2,16083	-5
2,16150	-5
2,16217	-5
2,16283	-5
2,16350	-5
2,16417	-5
2,16483	-5
2,16550	-5
2,16617	-5
2,16683	-5
2,16750	-5
2,16817	-5
2,16883	-6
2,16950	-6
2,17017	-6
2,17083	-6
2,17150	-7
2,17217	-7
2,17283	-7
2,17350	-7
2,17417	-7
2,17483	-7
2,17550	-7
2,17617	-8
2,17683	-7
2,17750	-7
2,17817	-7
2,17883	-7
2,17950	-7
2,18017	-7
2,18083	-7
2,18150	-7
2,18217	-7
2,18283	-6
2,18350	-6
2,18417	-6
2,18483	-6
2,18550	-6
2,18617	-6
2,18683	-6
2,18750	-6
2,18817	-6
2,18883	-6
2,18950	-6
2,19017	-6
2,19083	-6
2,19150	-6
2,19217	-6
2,19283	-6
2,19350	-6
2,19417	-6
2,19483	-7
2,19550	-7
2,19617	-7
2,19683	-7
2,19750	-7
2,19817	-8
2,19883	-8
2,19950	-8
2,20017	-8
2,20083	-8
2,20150	-8
2,20217	-8
2,20283	-8
2,20350	-8
2,20417	-8
2,20483	-8
2,20550	-8
2,20617	-8
2,20683	-8
2,20750	-8
2,20817	-8
2,20883	-8
2,20950	-8
2,21017	-8
2,21083	-8
2,21150	-9
2,21217	-9
2,21283	-9
2,21350	-9
2,21417	-9
2,21483	-9
2,21550	-10
2,21617	-10
2,21683	-10
2,21750	-10
2,21817	-10
2,21883	-10
2,21950	-10
2,22017	-10
2,22083	-10
2,22150	-10
2,22217	-10
2,22283	-10
2,22350	-10
2,22417	-10
2,22483	-10
2,22550	-10
2,22617	-10
2,22683	-10
2,22750	-10
2,22817	-10
2,22883	-10
2,22950	-9
2,23017	-9
2,23083	-9
2,23150	-9
2,23217	-8
2,23283	-8
2,23350	-8
2,23417	-8
2,23483	-7
2,23550	-7
2,23617	-7
2,23683	-7
2,23750	-7
2,23817	-7
2,23883	-7
2,23950	-7
2,24017	-7
2,24083	-7
2,24150	-7
2,24217	-7
2,24283	-7
2,24350	-7
2,24417	-7
2,24483	-7
2,24550	-7
2,24617	-7
2,24683	-7
2,24750	-7
2,24817	-7
2,24883	-7
2,24950	-7
2,25017	-6
2,25083	-7
2,25150	-7
2,25217	-7
2,25283	-7
2,25350	-7
2,25417	-8
2,25483	-8
2,25550	-8
2,25617	-9
2,25683	-9
2,25750	-9
2,25817	-9
2,25883	-10
2,25950	-10
2,26017	-10
2,26083	-10
2,26150	-10
2,26217	-10
2,26283	-10
2,26350	-9
2,26417	-9
2,26483	-9
2,26550	-9
2,26617	-9
2,26683	-9
2,26750	-9
2,26817	-9
2,26883	-9
2,26950	-9
2,27017	-9
2,27083	-9
2,27150	-8
2,27217	-8
2,27283	-8
2,27350	-8
2,27417	-7
2,27483	-7
2,27550	-7
2,27617	-7
2,27683	-7
2,27750	-7
2,27817	-7
2,27883	-7
2,27950	-7
2,28017	-7
2,28083	-7
2,28150	-7
2,28217	-7
2,28283	-7
2,28350	-7
2,28417	-7
2,28483	-7
2,28550	-7
2,28617	-7
2,28683	-7
2,28750	-7
2,28817	-8
2,28883	-8
2,28950	-8
2,29017	-8
2,29083	-8
2,29150	-8
2,29217	-9
2,29283	-9
2,29350	-9
2,29417	-9
2,29483	-10
2,29550	-10
2,29617	-10
2,29683	-10
2,29750	-11
2,29817	-11
2,29883	-11
2,29950	-11
2,30017	-11
2,30083	-11
2,30150	-11
2,30217	-11
2,30283	-10
2,30350	-10
2,30417	-10
2,30483	-10
2,30550	-10
2,30617	-10
2,30683	-10
2,30750	-10
2,30817	-10
2,30883	-10
2,30950	-10
2,31017	-10
2,31083	-10
2,31150	-10
2,31217	-10
2,31283	-11
2,31350	-11
2,31417	-11
2,31483	-11
2,31550	-10
2,31617	-10
2,31683	-10
2,31750	-10
2,31817	-10
2,31883	-10
2,31950	-10
2,32017	-10
2,32083	-10
2,32150	-10
2,32217	-10
2,32283	-10
2,32350	-10
2,32417	-10
2,32483	-10
2,32550	-10
2,32617	-10
2,32683	-10
2,32750	-10
2,32817	-10
2,32883	-10
2,32950	-10
2,33017	-11
2,33083	-11
2,33150	-11
2,33217	-11
2,33283	-11
2,33350	-11
2,33417	-11
2,33483	-11
2,33550	-10
2,33617	-10
2,33683	-10
2,33750	-10
2,33817	-10
2,33883	-10
2,33950	-10
2,34017	-10
2,34083	-10
2,34150	-10
2,34217	-10
2,34283	-11
2,34350	-11
2,34417	-11
2,34483	-11
2,34550	-11
2,34617	-11
2,34683	-11
2,34750	-11
2,34817	-11
2,34883	-11
2,34950	-11
2,35017	-11
2,35083	-11
2,35150	-11
2,35217	-11
2,35283	-11
2,35350	-10
2,35417	-10
2,35483	-10
2,35550	-9
2,35617	-9
2,35683	-8
2,35750	-8
2,35817	-7
2,35883	-7
2,35950	-7
2,36017	-6
2,36083	-6
2,36150	-6
2,36217	-6
2,36283	-6
2,36350	-6
2,36417	-6
2,36483	-5
2,36550	-5
2,36617	-5
2,36683	-5
2,36750	-5
2,36817	-5
2,36883	-5
2,36950	-5
2,37017	-5
2,37083	-5
2,37150	-5
2,37217	-5
2,37283	-4
2,37350	-4
2,37417	-4
2,37483	-4
2,37550	-4
2,37617	-3
2,37683	-3
2,37750	-2
2,37817	-2
2,37883	-2
2,37950	-1
2,38017	-1
2,38083	-0
2,38150	-0
2,38217	0
2,38283	1
2,38350	1
2,38417	1
2,38483	1
2,38550	2
2,38617	2
2,38683	2
2,38750	2
2,38817	2
2,38883	2
2,38950	2
2,39017	2
2,39083	2
2,39150	2
2,39217	2
2,39283	2
2,39350	2
2,39417	2
2,39483	1
2,39550	1
2,39617	1
2,39683	1
2,39750	1
2,39817	1
2,39883	1
2,39950	1
2,40017	1
2,40083	1
2,40150	1
2,40217	1
2,40283	1
2,40350	1
2,40417	2
2,40483	2
2,40550	3
2,40617	3
2,40683	4
2,40750	4
2,40817	5
2,40883	5
2,40950	6
2,41017	7
2,41083	8
2,41150	9
2,41217	9
2,41283	10
2,41350	11
2,41417	12
2,41483	12
2,41550	12
2,41617	13
2,41683	13
2,41750	13
2,41817	13
2,41883	13
2,41950	13
2,42017	13
2,42083	13
2,42150	12
2,42217	12
2,42283	11
2,42350	11
2,42417	10
2,42483	9
2,42550	9
2,42617	8
2,42683	7
2,42750	6
2,42817	6
2,42883	5
2,42950	4
2,43017	4
2,43083	3
2,43150	2
2,43217	2
2,43283	1
2,43350	0
2,43417	-0
2,43483	-1
2,43550	-1
2,43617	-2
2,43683	-2
2,43750	-3
2,43817	-3
2,43883	-3
2,43950	-3
2,44017	-3
2,44083	-2
2,44150	-2
2,44217	-2
2,44283	-2
2,44350	-2
2,44417	-2
2,44483	-2
2,44550	-2
2,44617	-2
2,44683	-2
2,44750	-2
2,44817	-2
2,44883	-2
2,44950	-3
2,45017	-3
2,45083	-3
2,45150	-3
2,45217	-3
2,45283	-3
2,45350	-3
2,45417	-3
2,45483	-3
2,45550	-3
2,45617	-3
2,45683	-3
2,45750	-3
2,45817	-3
2,45883	-3
2,45950	-3
2,46017	-3
2,46083	-3
2,46150	-3
2,46217	-3
2,46283	-2
2,46350	-2
2,46417	-2
2,46483	-2
2,46550	-2
2,46617	-2
2,46683	-2
2,46750	-2
2,46817	-2
2,46883	-2
2,46950	-2
2,47017	-1
2,47083	-1
2,47150	-1
2,47217	-1
2,47283	-1
2,47350	-0
2,47417	-0
2,47483	0
2,47550	0
2,47617	0
2,47683	0
2,47750	0
2,47817	0
2,47883	0
2,47950	0
2,48017	0
2,48083	0
2,48150	-0
2,48217	-0
2,48283	-1
2,48350	-1
2,48417	-1
2,48483	-1
2,48550	-1
2,48617	-1
2,48683	-1
2,48750	-1
2,48817	-1
2,48883	-1
2,48950	-1
2,49017	-2
2,49083	-2
2,49150	-2
2,49217	-2
2,49283	-2
2,49350	-2
2,49417	-2
2,49483	-2
2,49550	-2
2,49617	-2
2,49683	-2
2,49750	-2
2,49817	-2
2,49883	-2
2,49950	-2
2,50017	-2
2,50083	-2
2,50150	-2
2,50217	-2
2,50283	-2
2,50350	-2
2,50417	-2
2,50483	-2
2,50550	-3
2,50617	-3
2,50683	-4
2,50750	-4
2,50817	-4
2,50883	-4
2,50950	-5
2,51017	-5
2,51083	-5
2,51150	-5
2,51217	-5
2,51283	-5
2,51350	-4
2,51417	-4
2,51483	-4
2,51550	-4
2,51617	-4
2,51683	-4
2,51750	-3
2,51817	-3
2,51883	-3
2,51950	-3
2,52017	-3
2,52083	-2
2,52150	-1
2,52217	-1
2,52283	0
2,52350	1
2,52417	2
2,52483	3
2,52550	4
2,52617	5
2,52683	6
2,52750	7
2,52817	8
2,52883	9
2,52950	10
2,53017	10
2,53083	11
2,53150	11
2,53217	12
2,53283	12
2,53350	12
2,53417	12
2,53483	12
2,53550	12
2,53617	12
2,53683	12
2,53750	11
2,53817	11
2,53883	10
2,53950	10
2,54017	9
2,54083	9
2,54150	8
2,54217	7
2,54283	7
2,54350	6
2,54417	6
2,54483	5
2,54550	5
2,54617	4
2,54683	4
2,54750	4
2,54817	3
2,54883	3
2,54950	3
2,55017	3
2,55083	3
2,55150	3
2,55217	3
2,55283	3
2,55350	3
2,55417	3
2,55483	3
2,55550	3
2,55617	3
2,55683	3
2,55750	3
2,55817	2
2,55883	2
2,55950	2
2,56017	2
2,56083	2
2,56150	2
2,56217	1
2,56283	1
2,56350	1
2,56417	1
2,56483	0
2,56550	0
2,56617	0
2,56683	-0
2,56750	-0
2,56817	-1
2,56883	-1
2,56950	-1
2,57017	-1
2,57083	-1
2,57150	-1
2,57217	-1
2,57283	-2
2,57350	-2
2,57417	-2
2,57483	-2
2,57550	-2
2,57617	-2
2,57683	-2
2,57750	-2
2,57817	-2
2,57883	-2
2,57950	-2
2,58017	-2
2,58083	-2
2,58150	-2
2,58217	-2
2,58283	-2
2,58350	-2
2,58417	-2
2,58483	-3
2,58550	-3
2,58617	-4
2,58683	-4
2,58750	-5
2,58817	-5
2,58883	-5
2,58950	-5
2,59017	-5
2,59083	-5
2,59150	-5
2,59217	-5
2,59283	-4
2,59350	-4
2,59417	-4
2,59483	-4
2,59550	-4
2,59617	-4
2,59683	-3
2,59750	-3
2,59817	-3
2,59883	-2
2,59950	-2
2,60017	-2
2,60083	-1
2,60150	-1
2,60217	-0
2,60283	0
2,60350	0
2,60417	1
2,60483	1
2,60550	1
2,60617	2
2,60683	2
2,60750	3
2,60817	3
2,60883	3
2,60950	3
2,61017	4
2,61083	4
2,61150	5
2,61217	5
2,61283	6
2,61350	6
2,61417	7
2,61483	8
2,61550	9
2,61617	9
2,61683	10
2,61750	10
2,61817	11
2,61883	11
2,61950	12
2,62017	12
2,62083	12
2,62150	12
2,62217	13
2,62283	13
2,62350	13
2,62417	13
2,62483	13
2,62550	13
2,62617	13
2,62683	13
2,62750	13
2,62817	13
2,62883	13
2,62950	13
2,63017	12
2,63083	12
2,63150	12
2,63217	12
2,63283	12
2,63350	12
2,63417	12
2,63483	12
2,63550	12
2,63617	12
2,63683	12
2,63750	12
2,63817	12
2,63883	12
2,63950	12
2,64017	12
2,64083	12
2,64150	12
2,64217	13
2,64283	14
2,64350	17
2,64417	20
2,64483	26
2,64550	35
2,64617	50
2,64683	73
2,64750	108
2,64817	163
2,64883	246
2,64950	371
2,65017	557
2,65083	831
2,65150	1226
2,65217	1781
2,65283	2545
2,65350	3568
2,65417	4913
2,65483	6645
2,65550	8838
2,65617	11567
2,65683	14920
2,65750	18975
2,65817	23809
2,65883	29490
2,65950	36077
2,66017	43616
2,66083	52142
2,66150	61687
2,66217	72282
2,66283	83949
2,66350	96710
2,66417	110599
2,66483	125597
2,66550	141665
2,66617	158747
2,66683	176814
2,66750	195817
2,66817	215708
2,66883	236388
2,66950	257679
2,67017	279396
2,67083	301343
2,67150	323301
2,67217	345029
2,67283	366254
2,67350	386597
2,67417	405611
2,67483	422891
2,67550	438071
2,67617	450834
2,67683	460899
2,67750	468047
2,67817	472155
2,67883	473205
2,67950	471257
2,68017	466453
2,68083	458998
2,68150	449168
2,68217	437266
2,68283	423614
2,68350	408528
2,68417	392321
2,68483	375284
2,68550	357688
2,68617	339776
2,68683	321760
2,68750	303825
2,68817	286128
2,68883	268797
2,68950	251940
2,69017	235640
2,69083	219960
2,69150	204948
2,69217	190635
2,69283	177039
2,69350	164168
2,69417	152022
2,69483	140590
2,69550	129859
2,69617	119810
2,69683	110419
2,69750	101661
2,69817	93508
2,69883	85931
2,69950	78902
2,70017	72389
2,70083	66364
2,70150	60796
2,70217	55659
2,70283	50923
2,70350	46562
2,70417	42550
2,70483	38864
2,70550	35479
2,70617	32373
2,70683	29527
2,70750	26920
2,70817	24533
2,70883	22351
2,70950	20356
2,71017	18534
2,71083	16870
2,71150	15352
2,71217	13968
2,71283	12706
2,71350	11557
2,71417	10511
2,71483	9559
2,71550	8692
2,71617	7904
2,71683	7188
2,71750	6538
2,71817	5946
2,71883	5410
2,71950	4922
2,72017	4480
2,72083	4079
2,72150	3715
2,72217	3385
2,72283	3086
2,72350	2815
2,72417	2569
2,72483	2347
2,72550	2145
2,72617	1963
2,72683	1797
2,72750	1647
2,72817	1512
2,72883	1389
2,72950	1277
2,73017	1176
2,73083	1085
2,73150	1002
2,73217	927
2,73283	858
2,73350	797
2,73417	740
2,73483	690
2,73550	643
2,73617	602
2,73683	564
2,73750	529
2,73817	498
2,73883	469
2,73950	443
2,74017	419
2,74083	397
2,74150	378
2,74217	359
2,74283	343
2,74350	328
2,74417	314
2,74483	301
2,74550	289
2,74617	277
2,74683	267
2,74750	258
2,74817	249
2,74883	241
2,74950	233
2,75017	226
2,75083	220
2,75150	214
2,75217	208
2,75283	203
2,75350	198
2,75417	193
2,75483	189
2,75550	185
2,75617	182
2,75683	178
2,75750	175
2,75817	172
2,75883	169
2,75950	166
2,76017	163
2,76083	161
2,76150	158
2,76217	156
2,76283	154
2,76350	152
2,76417	150
2,76483	148
2,76550	146
2,76617	144
2,76683	141
2,76750	139
2,76817	137
2,76883	135
2,76950	134
2,77017	132
2,77083	130
2,77150	128
2,77217	127
2,77283	125
2,77350	124
2,77417	122
2,77483	121
2,77550	120
2,77617	119
2,77683	118
2,77750	116
2,77817	115
2,77883	114
2,77950	112
2,78017	111
2,78083	110
2,78150	109
2,78217	108
2,78283	107
2,78350	106
2,78417	105
2,78483	104
2,78550	103
2,78617	102
2,78683	101
2,78750	100
2,78817	98
2,78883	97
2,78950	97
2,79017	96
2,79083	95
2,79150	94
2,79217	93
2,79283	93
2,79350	92
2,79417	91
2,79483	91
2,79550	90
2,79617	89
2,79683	89
2,79750	88
2,79817	87
2,79883	87
2,79950	86
2,80017	85
2,80083	84
2,80150	83
2,80217	82
2,80283	82
2,80350	81
2,80417	80
2,80483	79
2,80550	78
2,80617	78
2,80683	77
2,80750	77
2,80817	76
2,80883	76
2,80950	76
2,81017	76
2,81083	76
2,81150	75
2,81217	75
2,81283	75
2,81350	75
2,81417	75
2,81483	75
2,81550	75
2,81617	75
2,81683	74
2,81750	74
2,81817	74
2,81883	74
2,81950	74
2,82017	74
2,82083	74
2,82150	74
2,82217	74
2,82283	74
2,82350	74
2,82417	74
2,82483	74
2,82550	74
2,82617	75
2,82683	74
2,82750	74
2,82817	74
2,82883	74
2,82950	73
2,83017	73
2,83083	72
2,83150	71
2,83217	71
2,83283	70
2,83350	69
2,83417	69
2,83483	68
2,83550	67
2,83617	67
2,83683	66
2,83750	66
2,83817	65
2,83883	64
2,83950	63
2,84017	62
2,84083	61
2,84150	60
2,84217	59
2,84283	58
2,84350	57
2,84417	56
2,84483	55
2,84550	55
2,84617	54
2,84683	53
2,84750	53
2,84817	52
2,84883	51
2,84950	51
2,85017	51
2,85083	50
2,85150	50
2,85217	49
2,85283	49
2,85350	49
2,85417	49
2,85483	48
2,85550	48
2,85617	49
2,85683	49
2,85750	49
2,85817	49
2,85883	49
2,85950	50
2,86017	50
2,86083	50
2,86150	50
2,86217	50
2,86283	50
2,86350	51
2,86417	51
2,86483	51
2,86550	51
2,86617	52
2,86683	52
2,86750	52
2,86817	53
2,86883	53
2,86950	54
2,87017	54
2,87083	54
2,87150	55
2,87217	55
2,87283	56
2,87350	56
2,87417	56
2,87483	57
2,87550	57
2,87617	58
2,87683	58
2,87750	59
2,87817	59
2,87883	59
2,87950	59
2,88017	59
2,88083	59
2,88150	59
2,88217	59
2,88283	59
2,88350	59
2,88417	58
2,88483	58
2,88550	58
2,88617	57
2,88683	57
2,88750	57
2,88817	56
2,88883	56
2,88950	56
2,89017	55
2,89083	55
2,89150	55
2,89217	54
2,89283	54
2,89350	53
2,89417	53
2,89483	52
2,89550	52
2,89617	51
2,89683	50
2,89750	50
2,89817	49
2,89883	48
2,89950	47
2,90017	47
2,90083	46
2,90150	46
2,90217	45
2,90283	45
2,90350	44
2,90417	44
2,90483	43
2,90550	43
2,90617	42
2,90683	42
2,90750	41
2,90817	41
2,90883	40
2,90950	40
2,91017	40
2,91083	40
2,91150	40
2,91217	40
2,91283	40
2,91350	40
2,91417	40
2,91483	40
2,91550	40
2,91617	39
2,91683	39
2,91750	39
2,91817	39
2,91883	39
2,91950	38
2,92017	38
2,92083	38
2,92150	38
2,92217	38
2,92283	38
2,92350	37
2,92417	37
2,92483	37
2,92550	37
2,92617	37
2,92683	37
2,92750	37
2,92817	37
2,92883	37
2,92950	36
2,93017	36
2,93083	36
2,93150	36
2,93217	36
2,93283	35
2,93350	35
2,93417	35
2,93483	35
2,93550	34
2,93617	34
2,93683	33
2,93750	33
2,93817	32
2,93883	32
2,93950	31
2,94017	31
2,94083	31
2,94150	30
2,94217	30
2,94283	30
2,94350	30
2,94417	30
2,94483	30
2,94550	30
2,94617	30
2,94683	30
2,94750	30
2,94817	30
2,94883	30
2,94950	30
2,95017	30
2,95083	30
2,95150	30
2,95217	30
2,95283	30
2,95350	30
2,95417	29
2,95483	29
2,95550	29
2,95617	29
2,95683	29
2,95750	29
2,95817	29
2,95883	29
2,95950	29
2,96017	29
2,96083	29
2,96150	29
2,96217	29
2,96283	29
2,96350	28
2,96417	28
2,96483	28
2,96550	28
2,96617	28
2,96683	28
2,96750	29
2,96817	29
2,96883	29
2,96950	29
2,97017	29
2,97083	29
2,97150	29
2,97217	29
2,97283	29
2,97350	29
2,97417	29
2,97483	30
2,97550	30
2,97617	30
2,97683	30
2,97750	30
2,97817	30
2,97883	30
2,97950	30
2,98017	30
2,98083	29
2,98150	29
2,98217	29
2,98283	29
2,98350	29
2,98417	29
2,98483	29
2,98550	29
2,98617	29
2,98683	29
2,98750	29
2,98817	30
2,98883	30
2,98950	30
2,99017	30
2,99083	30
2,99150	30
2,99217	30
2,99283	30
2,99350	29
2,99417	29
2,99483	29
2,99550	29
2,99617	29
2,99683	29
2,99750	29
2,99817	29
2,99883	29
2,99950	29
3,00017	29
3,00083	29
3,00150	29
3,00217	29
3,00283	29
3,00350	28
3,00417	28
3,00483	28
3,00550	28
3,00617	29
3,00683	29
3,00750	29
3,00817	28
3,00883	28
3,00950	28
3,01017	28
3,01083	27
3,01150	27
3,01217	27
3,01283	27
3,01350	27
3,01417	27
3,01483	28
3,01550	28
3,01617	28
3,01683	28
3,01750	28
3,01817	28
3,01883	28
3,01950	28
3,02017	27
3,02083	27
3,02150	27
3,02217	27
3,02283	27
3,02350	26
3,02417	26
3,02483	26
3,02550	26
3,02617	26
3,02683	26
3,02750	26
3,02817	26
3,02883	26
3,02950	26
3,03017	26
3,03083	26
3,03150	25
3,03217	25
3,03283	25
3,03350	25
3,03417	24
3,03483	24
3,03550	24
3,03617	24
3,03683	24
3,03750	24
3,03817	24
3,03883	24
3,03950	24
3,04017	24
3,04083	24
3,04150	23
3,04217	23
3,04283	23
3,04350	23
3,04417	23
3,04483	23
3,04550	24
3,04617	24
3,04683	25
3,04750	26
3,04817	27
3,04883	28
3,04950	31
3,05017	33
3,05083	36
3,05150	41
3,05217	45
3,05283	51
3,05350	57
3,05417	65
3,05483	74
3,05550	84
3,05617	96
3,05683	109
3,05750	124
3,05817	140
3,05883	158
3,05950	177
3,06017	197
3,06083	218
3,06150	241
3,06217	264
3,06283	287
3,06350	310
3,06417	332
3,06483	354
3,06550	375
3,06617	394
3,06683	411
3,06750	427
3,06817	440
3,06883	452
3,06950	461
3,07017	467
3,07083	472
3,07150	474
3,07217	473
3,07283	470
3,07350	465
3,07417	459
3,07483	450
3,07550	439
3,07617	428
3,07683	415
3,07750	401
3,07817	386
3,07883	371
3,07950	355
3,08017	340
3,08083	324
3,08150	308
3,08217	292
3,08283	277
3,08350	262
3,08417	247
3,08483	233
3,08550	219
3,08617	206
3,08683	193
3,08750	181
3,08817	170
3,08883	159
3,08950	149
3,09017	140
3,09083	131
3,09150	122
3,09217	115
3,09283	107
3,09350	101
3,09417	94
3,09483	88
3,09550	83
3,09617	77
3,09683	73
3,09750	68
3,09817	64
3,09883	60
3,09950	56
3,10017	53
3,10083	50
3,10150	47
3,10217	45
3,10283	43
3,10350	41
3,10417	39
3,10483	37
3,10550	35
3,10617	34
3,10683	33
3,10750	31
3,10817	30
3,10883	29
3,10950	28
3,11017	27
3,11083	26
3,11150	25
3,11217	25
3,11283	24
3,11350	24
3,11417	23
3,11483	22
3,11550	22
3,11617	22
3,11683	21
3,11750	21
3,11817	20
3,11883	20
3,11950	19
3,12017	19
3,12083	18
3,12150	18
3,12217	17
3,12283	17
3,12350	17
3,12417	16
3,12483	16
3,12550	16
3,12617	16
3,12683	16
3,12750	16
3,12817	16
3,12883	16
3,12950	16
3,13017	16
3,13083	16
3,13150	15
3,13217	15
3,13283	15
3,13350	15
3,13417	15
3,13483	15
3,13550	15
3,13617	15
3,13683	15
3,13750	15
3,13817	15
3,13883	14
3,13950	14
3,14017	14
3,14083	14
3,14150	14
3,14217	14
3,14283	14
3,14350	13
3,14417	13
3,14483	13
3,14550	14
3,14617	14
3,14683	14
3,14750	14
3,14817	14
3,14883	14
3,14950	14
3,15017	14
3,15083	14
3,15150	14
3,15217	14
3,15283	14
3,15350	14
3,15417	14
3,15483	14
3,15550	14
3,15617	14
3,15683	14
3,15750	14
3,15817	15
3,15883	15
3,15950	15
3,16017	15
3,16083	15
3,16150	15
3,16217	15
3,16283	14
3,16350	14
3,16417	14
3,16483	13
3,16550	13
3,16617	12
3,16683	12
3,16750	12
3,16817	11
3,16883	11
3,16950	10
3,17017	10
3,17083	10
3,17150	10
3,17217	10
3,17283	9
3,17350	9
3,17417	9
3,17483	9
3,17550	9
3,17617	10
3,17683	10
3,17750	10
3,17817	10
3,17883	10
3,17950	11
3,18017	11
3,18083	11
3,18150	11
3,18217	11
3,18283	11
3,18350	11
3,18417	11
3,18483	11
3,18550	11
3,18617	11
3,18683	11
3,18750	11
3,18817	11
3,18883	11
3,18950	12
3,19017	12
3,19083	12
3,19150	12
3,19217	12
3,19283	12
3,19350	13
3,19417	13
3,19483	13
3,19550	13
3,19617	13
3,19683	13
3,19750	12
3,19817	12
3,19883	12
3,19950	13
3,20017	13
3,20083	13
3,20150	13
3,20217	13
3,20283	13
3,20350	14
3,20417	14
3,20483	14
3,20550	14
3,20617	14
3,20683	14
3,20750	14
3,20817	14
3,20883	14
3,20950	14
3,21017	14
3,21083	14
3,21150	14
3,21217	14
3,21283	15
3,21350	14
3,21417	14
3,21483	14
3,21550	14
3,21617	14
3,21683	14
3,21750	14
3,21817	14
3,21883	13
3,21950	13
3,22017	13
3,22083	13
3,22150	12
3,22217	12
3,22283	11
3,22350	11
3,22417	11
3,22483	10
3,22550	10
3,22617	10
3,22683	9
3,22750	9
3,22817	9
3,22883	9
3,22950	9
3,23017	9
3,23083	9
3,23150	10
3,23217	10
3,23283	10
3,23350	11
3,23417	11
3,23483	11
3,23550	11
3,23617	11
3,23683	11
3,23750	11
3,23817	11
3,23883	11
3,23950	11
3,24017	11
3,24083	11
3,24150	11
3,24217	10
3,24283	10
3,24350	10
3,24417	10
3,24483	10
3,24550	10
3,24617	10
3,24683	10
3,24750	10
3,24817	10
3,24883	10
3,24950	10
3,25017	10
3,25083	10
3,25150	10
3,25217	10
3,25283	9
3,25350	9
3,25417	9
3,25483	9
3,25550	9
3,25617	9
3,25683	9
3,25750	9
3,25817	9
3,25883	9
3,25950	9
3,26017	9
3,26083	10
3,26150	10
3,26217	10
3,26283	9
3,26350	9
3,26417	9
3,26483	9
3,26550	9
3,26617	9
3,26683	9
3,26750	9
3,26817	9
3,26883	9
3,26950	9
3,27017	9
3,27083	8
3,27150	8
3,27217	8
3,27283	7
3,27350	7
3,27417	7
3,27483	7
3,27550	7
3,27617	7
3,27683	7
3,27750	7
3,27817	7
3,27883	7
3,27950	7
3,28017	7
3,28083	8
3,28150	8
3,28217	8
3,28283	8
3,28350	8
3,28417	8
3,28483	8
3,28550	9
3,28617	9
3,28683	9
3,28750	9
3,28817	9
3,28883	9
3,28950	9
3,29017	9
3,29083	9
3,29150	10
3,29217	10
3,29283	10
3,29350	10
3,29417	10
3,29483	10
3,29550	11
3,29617	11
3,29683	11
3,29750	11
3,29817	12
3,29883	12
3,29950	12
3,30017	12
3,30083	12
3,30150	13
3,30217	13
3,30283	13
3,30350	13
3,30417	13
3,30483	13
3,30550	13
3,30617	14
3,30683	14
3,30750	14
3,30817	14
3,30883	14
3,30950	13
3,31017	13
3,31083	13
3,31150	12
3,31217	12
3,31283	12
3,31350	12
3,31417	11
3,31483	11
3,31550	11
3,31617	11
3,31683	11
3,31750	11
3,31817	11
3,31883	11
3,31950	11
3,32017	11
3,32083	11
3,32150	11
3,32217	11
3,32283	11
3,32350	10
3,32417	10
3,32483	10
3,32550	10
3,32617	10
3,32683	10
3,32750	9
3,32817	9
3,32883	9
3,32950	9
3,33017	9
3,33083	8
3,33150	8
3,33217	8
3,33283	7
3,33350	7
3,33417	7
3,33483	7
3,33550	7
3,33617	7
3,33683	7
3,33750	7
3,33817	7
3,33883	7
3,33950	7
3,34017	7
3,34083	7
3,34150	7
3,34217	7
3,34283	8
3,34350	8
3,34417	8
3,34483	8
3,34550	8
3,34617	8
3,34683	8
3,34750	8
3,34817	8
3,34883	8
3,34950	8
3,35017	8
3,35083	9
3,35150	9
3,35217	8
3,35283	8
3,35350	8
3,35417	8
3,35483	7
3,35550	7
3,35617	7
3,35683	7
3,35750	7
3,35817	7
3,35883	6
3,35950	6
3,36017	6
3,36083	6
3,36150	6
3,36217	6
3,36283	6
3,36350	6
3,36417	6
3,36483	5
3,36550	5
3,36617	5
3,36683	5
3,36750	5
3,36817	5
3,36883	5
3,36950	5
3,37017	5
3,37083	5
3,37150	6
3,37217	6
3,37283	6
3,37350	6
3,37417	6
3,37483	6
3,37550	6
3,37617	6
3,37683	6
3,37750	6
3,37817	5
3,37883	5
3,37950	5
3,38017	5
3,38083	5
3,38150	5
3,38217	5
3,38283	5
3,38350	5
3,38417	5
3,38483	5
3,38550	5
3,38617	5
3,38683	5
3,38750	5
3,38817	6
3,38883	6
3,38950	6
3,39017	6
3,39083	7
3,39150	7
3,39217	7
3,39283	7
3,39350	8
3,39417	8
3,39483	8
3,39550	8
3,39617	9
3,39683	9
3,39750	9
3,39817	9
3,39883	9
3,39950	9
3,40017	9
3,40083	9
3,40150	9
3,40217	9
3,40283	9
3,40350	9
3,40417	9
3,40483	9
3,40550	9
3,40617	9
3,40683	9
3,40750	9
3,40817	9
3,40883	9
3,40950	9
3,41017	9
3,41083	9
3,41150	9
3,41217	9
3,41283	9
3,41350	9
3,41417	9
3,41483	9
3,41550	9
3,41617	9
3,41683	8
3,41750	8
3,41817	8
3,41883	8
3,41950	8
3,42017	8
3,42083	8
3,42150	8
3,42217	8
3,42283	8
3,42350	9
3,42417	9
3,42483	10
3,42550	10
3,42617	11
3,42683	12
3,42750	12
3,42817	13
3,42883	13
3,42950	14
3,43017	15
3,43083	16
3,43150	16
3,43217	17
3,43283	18
3,43350	19
3,43417	20
3,43483	21
3,43550	22
3,43617	23
3,43683	25
3,43750	26
3,43817	27
3,43883	29
3,43950	30
3,44017	32
3,44083	34
3,44150	36
3,44217	38
3,44283	40
3,44350	42
3,44417	44
3,44483	46
3,44550	49
3,44617	51
3,44683	53
3,44750	55
3,44817	56
3,44883	58
3,44950	60
3,45017	61
3,45083	63
3,45150	64
3,45217	65
3,45283	66
3,45350	68
3,45417	69
3,45483	70
3,45550	71
3,45617	71
3,45683	72
3,45750	73
3,45817	73
3,45883	73
3,45950	74
3,46017	74
3,46083	74
3,46150	74
3,46217	73
3,46283	73
3,46350	73
3,46417	73
3,46483	73
3,46550	73
3,46617	72
3,46683	72
3,46750	72
3,46817	71
3,46883	71
3,46950	70
3,47017	70
3,47083	69
3,47150	69
3,47217	68
3,47283	68
3,47350	67
3,47417	67
3,47483	66
3,47550	65
3,47617	65
3,47683	65
3,47750	64
3,47817	63
3,47883	63
3,47950	62
3,48017	61
3,48083	61
3,48150	60
3,48217	59
3,48283	59
3,48350	58
3,48417	58
3,48483	57
3,48550	57
3,48617	57
3,48683	57
3,48750	57
3,48817	56
3,48883	56
3,48950	56
3,49017	56
3,49083	56
3,49150	56
3,49217	56
3,49283	56
3,49350	57
3,49417	57
3,49483	57
3,49550	57
3,49617	58
3,49683	58
3,49750	58
3,49817	59
3,49883	59
3,49950	60
3,50017	60
3,50083	60
3,50150	60
3,50217	60
3,50283	60
3,50350	60
3,50417	60
3,50483	60
3,50550	60
3,50617	60
3,50683	59
3,50750	59
3,50817	59
3,50883	58
3,50950	58
3,51017	57
3,51083	57
3,51150	57
3,51217	56
3,51283	56
3,51350	56
3,51417	56
3,51483	55
3,51550	55
3,51617	55
3,51683	54
3,51750	54
3,51817	53
3,51883	53
3,51950	53
3,52017	52
3,52083	52
3,52150	52
3,52217	51
3,52283	51
3,52350	50
3,52417	50
3,52483	49
3,52550	49
3,52617	49
3,52683	48
3,52750	48
3,52817	48
3,52883	47
3,52950	47
3,53017	47
3,53083	47
3,53150	47
3,53217	47
3,53283	47
3,53350	47
3,53417	47
3,53483	47
3,53550	46
3,53617	46
3,53683	46
3,53750	46
3,53817	45
3,53883	45
3,53950	45
3,54017	45
3,54083	45
3,54150	45
3,54217	45
3,54283	45
3,54350	45
3,54417	45
3,54483	45
3,54550	45
3,54617	45
3,54683	45
3,54750	45
3,54817	45
3,54883	45
3,54950	45
3,55017	45
3,55083	46
3,55150	46
3,55217	47
3,55283	47
3,55350	48
3,55417	48
3,55483	48
3,55550	48
3,55617	49
3,55683	49
3,55750	49
3,55817	49
3,55883	49
3,55950	49
3,56017	49
3,56083	49
3,56150	49
3,56217	49
3,56283	49
3,56350	49
3,56417	48
3,56483	48
3,56550	48
3,56617	47
3,56683	46
3,56750	46
3,56817	45
3,56883	45
3,56950	44
3,57017	44
3,57083	43
3,57150	43
3,57217	42
3,57283	42
3,57350	41
3,57417	41
3,57483	41
3,57550	40
3,57617	40
3,57683	40
3,57750	40
3,57817	39
3,57883	39
3,57950	39
3,58017	39
3,58083	39
3,58150	38
3,58217	38
3,58283	38
3,58350	38
3,58417	38
3,58483	38
3,58550	38
3,58617	38
3,58683	38
3,58750	38
3,58817	38
3,58883	38
3,58950	37
3,59017	37
3,59083	37
3,59150	37
3,59217	37
3,59283	37
3,59350	37
3,59417	37
3,59483	37
3,59550	37
3,59617	37
3,59683	36
3,59750	36
3,59817	36
3,59883	36
3,59950	36
3,60017	36
3,60083	36
3,60150	36
3,60217	36
3,60283	37
3,60350	37
3,60417	37
3,60483	37
3,60550	37
3,60617	37
3,60683	37
3,60750	37
3,60817	37
3,60883	37
3,60950	37
3,61017	37
3,61083	37
3,61150	36
3,61217	36
3,61283	36
3,61350	37
3,61417	37
3,61483	37
3,61550	37
3,61617	37
3,61683	37
3,61750	37
3,61817	37
3,61883	37
3,61950	37
3,62017	37
3,62083	37
3,62150	37
3,62217	37
3,62283	37
3,62350	37
3,62417	37
3,62483	37
3,62550	37
3,62617	36
3,62683	36
3,62750	36
3,62817	36
3,62883	36
3,62950	35
3,63017	35
3,63083	35
3,63150	34
3,63217	34
3,63283	34
3,63350	34
3,63417	34
3,63483	34
3,63550	34
3,63617	35
3,63683	35
3,63750	36
3,63817	36
3,63883	37
3,63950	37
3,64017	38
3,64083	38
3,64150	39
3,64217	39
3,64283	40
3,64350	40
3,64417	41
3,64483	42
3,64550	43
3,64617	44
3,64683	45
3,64750	46
3,64817	46
3,64883	47
3,64950	48
3,65017	49
3,65083	49
3,65150	50
3,65217	51
3,65283	52
3,65350	52
3,65417	52
3,65483	53
3,65550	53
3,65617	53
3,65683	54
3,65750	54
3,65817	54
3,65883	54
3,65950	55
3,66017	55
3,66083	55
3,66150	54
3,66217	54
3,66283	54
3,66350	54
3,66417	53
3,66483	53
3,66550	53
3,66617	52
3,66683	52
3,66750	51
3,66817	51
3,66883	50
3,66950	49
3,67017	49
3,67083	48
3,67150	47
3,67217	47
3,67283	46
3,67350	46
3,67417	45
3,67483	45
3,67550	44
3,67617	44
3,67683	44
3,67750	44
3,67817	43
3,67883	43
3,67950	43
3,68017	42
3,68083	42
3,68150	42
3,68217	41
3,68283	41
3,68350	41
3,68417	40
3,68483	40
3,68550	39
3,68617	39
3,68683	39
3,68750	38
3,68817	38
3,68883	38
3,68950	38
3,69017	38
3,69083	38
3,69150	38
3,69217	38
3,69283	38
3,69350	38
3,69417	37
3,69483	37
3,69550	37
3,69617	37
3,69683	37
3,69750	37
3,69817	36
3,69883	36
3,69950	36
3,70017	36
3,70083	36
3,70150	36
3,70217	36
3,70283	36
3,70350	36
3,70417	36
3,70483	36
3,70550	36
3,70617	36
3,70683	36
3,70750	37
3,70817	37
3,70883	37
3,70950	37
3,71017	37
3,71083	37
3,71150	37
3,71217	37
3,71283	38
3,71350	38
3,71417	38
3,71483	38
3,71550	38
3,71617	38
3,71683	38
3,71750	38
3,71817	38
3,71883	38
3,71950	38
3,72017	38
3,72083	38
3,72150	38
3,72217	38
3,72283	38
3,72350	38
3,72417	37
3,72483	37
3,72550	37
3,72617	36
3,72683	36
3,72750	36
3,72817	35
3,72883	35
3,72950	35
3,73017	34
3,73083	34
3,73150	34
3,73217	34
3,73283	35
3,73350	35
3,73417	35
3,73483	35
3,73550	35
3,73617	36
3,73683	36
3,73750	36
3,73817	36
3,73883	36
3,73950	36
3,74017	37
3,74083	37
3,74150	37
3,74217	37
3,74283	37
3,74350	37
3,74417	37
3,74483	38
3,74550	38
3,74617	38
3,74683	38
3,74750	38
3,74817	38
3,74883	38
3,74950	38
3,75017	38
3,75083	38
3,75150	38
3,75217	39
3,75283	39
3,75350	39
3,75417	39
3,75483	39
3,75550	39
3,75617	39
3,75683	40
3,75750	40
3,75817	40
3,75883	40
3,75950	40
3,76017	40
3,76083	40
3,76150	40
3,76217	40
3,76283	40
3,76350	40
3,76417	40
3,76483	40
3,76550	40
3,76617	40
3,76683	40
3,76750	40
3,76817	40
3,76883	40
3,76950	39
3,77017	39
3,77083	39
3,77150	39
3,77217	39
3,77283	39
3,77350	38
3,77417	38
3,77483	38
3,77550	38
3,77617	38
3,77683	38
3,77750	38
3,77817	38
3,77883	38
3,77950	38
3,78017	38
3,78083	38
3,78150	38
3,78217	39
3,78283	39
3,78350	39
3,78417	39
3,78483	39
3,78550	39
3,78617	39
3,78683	39
3,78750	39
3,78817	39
3,78883	39
3,78950	39
3,79017	38
3,79083	38
3,79150	38
3,79217	38
3,79283	38
3,79350	38
3,79417	37
3,79483	37
3,79550	38
3,79617	38
3,79683	38
3,79750	38
3,79817	38
3,79883	39
3,79950	39
3,80017	39
3,80083	39
3,80150	39
3,80217	39
3,80283	39
3,80350	39
3,80417	39
3,80483	38
3,80550	38
3,80617	38
3,80683	38
3,80750	38
3,80817	38
3,80883	38
3,80950	38
3,81017	38
3,81083	38
3,81150	38
3,81217	38
3,81283	38
3,81350	38
3,81417	38
3,81483	38
3,81550	38
3,81617	38
3,81683	38
3,81750	39
3,81817	39
3,81883	39
3,81950	39
3,82017	39
3,82083	39
3,82150	39
3,82217	39
3,82283	39
3,82350	38
3,82417	38
3,82483	38
3,82550	37
3,82617	37
3,82683	37
3,82750	37
3,82817	37
3,82883	37
3,82950	37
3,83017	37
3,83083	36
3,83150	36
3,83217	36
3,83283	36
3,83350	35
3,83417	35
3,83483	35
3,83550	35
3,83617	35
3,83683	34
3,83750	34
3,83817	34
3,83883	34
3,83950	34
3,84017	34
3,84083	34
3,84150	34
3,84217	34
3,84283	34
3,84350	34
3,84417	34
3,84483	34
3,84550	34
3,84617	33
3,84683	33
3,84750	33
3,84817	33
3,84883	33
3,84950	33
3,85017	32
3,85083	32
3,85150	32
3,85217	32
3,85283	32
3,85350	32
3,85417	32
3,85483	32
3,85550	32
3,85617	32
3,85683	32
3,85750	31
3,85817	31
3,85883	31
3,85950	31
3,86017	31
3,86083	31
3,86150	31
3,86217	31
3,86283	31
3,86350	31
3,86417	31
3,86483	31
3,86550	31
3,86617	31
3,86683	32
3,86750	32
3,86817	32
3,86883	32
3,86950	32
3,87017	32
3,87083	32
3,87150	32
3,87217	32
3,87283	32
3,87350	32
3,87417	32
3,87483	32
3,87550	32
3,87617	32
3,87683	32
3,87750	32
3,87817	32
3,87883	32
3,87950	32
3,88017	32
3,88083	32
3,88150	32
3,88217	32
3,88283	32
3,88350	32
3,88417	32
3,88483	32
3,88550	32
3,88617	32
3,88683	32
3,88750	32
3,88817	32
3,88883	32
3,88950	31
3,89017	31
3,89083	31
3,89150	31
3,89217	31
3,89283	31
3,89350	30
3,89417	30
3,89483	30
3,89550	30
3,89617	30
3,89683	29
3,89750	29
3,89817	29
3,89883	29
3,89950	29
3,90017	29
3,90083	29
3,90150	29
3,90217	29
3,90283	29
3,90350	29
3,90417	30
3,90483	30
3,90550	30
3,90617	30
3,90683	30
3,90750	31
3,90817	31
3,90883	31
3,90950	31
3,91017	31
3,91083	31
3,91150	32
3,91217	32
3,91283	32
3,91350	32
3,91417	32
3,91483	32
3,91550	33
3,91617	33
3,91683	33
3,91750	33
3,91817	33
3,91883	33
3,91950	33
3,92017	33
3,92083	33
3,92150	33
3,92217	33
3,92283	33
3,92350	33
3,92417	33
3,92483	33
3,92550	33
3,92617	33
3,92683	33
3,92750	33
3,92817	33
3,92883	33
3,92950	33
3,93017	33
3,93083	33
3,93150	33
3,93217	33
3,93283	34
3,93350	34
3,93417	34
3,93483	34
3,93550	35
3,93617	35
3,93683	35
3,93750	36
3,93817	36
3,93883	37
3,93950	37
3,94017	37
3,94083	38
3,94150	38
3,94217	38
3,94283	38
3,94350	39
3,94417	39
3,94483	40
3,94550	40
3,94617	40
3,94683	41
3,94750	41
3,94817	41
3,94883	41
3,94950	40
3,95017	40
3,95083	40
3,95150	40
3,95217	39
3,95283	39
3,95350	39
3,95417	38
3,95483	38
3,95550	38
3,95617	38
3,95683	38
3,95750	38
3,95817	37
3,95883	37
3,95950	37
3,96017	37
3,96083	36
3,96150	36
3,96217	35
3,96283	35
3,96350	34
3,96417	34
3,96483	34
3,96550	33
3,96617	33
3,96683	33
3,96750	33
3,96817	32
3,96883	32
3,96950	32
3,97017	32
3,97083	32
3,97150	31
3,97217	31
3,97283	31
3,97350	30
3,97417	30
3,97483	30
3,97550	29
3,97617	29
3,97683	29
3,97750	29
3,97817	29
3,97883	29
3,97950	29
3,98017	29
3,98083	29
3,98150	29
3,98217	30
3,98283	30
3,98350	30
3,98417	30
3,98483	30
3,98550	31
3,98617	31
3,98683	31
3,98750	31
3,98817	31
3,98883	31
3,98950	31
3,99017	31
3,99083	31
3,99150	31
3,99217	32
3,99283	32
3,99350	32
3,99417	32
3,99483	32
3,99550	32
3,99617	32
3,99683	32
3,99750	32
3,99817	32
3,99883	32
3,99950	32
4,00017	32
4,00083	32
4,00150	32
4,00217	32
4,00283	32
4,00350	31
4,00417	31
4,00483	31
4,00550	31
4,00617	31
4,00683	30
4,00750	30
4,00817	30
4,00883	30
4,00950	30
4,01017	30
4,01083	29
4,01150	29
4,01217	30
4,01283	30
4,01350	30
4,01417	30
4,01483	30
4,01550	30
4,01617	30
4,01683	30
4,01750	29
4,01817	29
4,01883	29
4,01950	29
4,02017	29
4,02083	30
4,02150	30
4,02217	30
4,02283	30
4,02350	30
4,02417	30
4,02483	30
4,02550	30
4,02617	30
4,02683	30
4,02750	30
4,02817	30
4,02883	30
4,02950	30
4,03017	31
4,03083	31
4,03150	31
4,03217	32
4,03283	32
4,03350	32
4,03417	33
4,03483	33
4,03550	33
4,03617	33
4,03683	33
4,03750	33
4,03817	33
4,03883	33
4,03950	33
4,04017	32
4,04083	32
4,04150	32
4,04217	32
4,04283	32
4,04350	31
4,04417	31
4,04483	31
4,04550	31
4,04617	31
4,04683	31
4,04750	30
4,04817	30
4,04883	30
4,04950	30
4,05017	30
4,05083	30
4,05150	30
4,05217	30
4,05283	30
4,05350	30
4,05417	30
4,05483	30
4,05550	30
4,05617	30
4,05683	30
4,05750	30
4,05817	30
4,05883	30
4,05950	30
4,06017	30
4,06083	31
4,06150	31
4,06217	31
4,06283	31
4,06350	31
4,06417	31
4,06483	31
4,06550	31
4,06617	31
4,06683	31
4,06750	31
4,06817	30
4,06883	30
4,06950	30
4,07017	30
4,07083	29
4,07150	29
4,07217	29
4,07283	29
4,07350	29
4,07417	29
4,07483	29
4,07550	29
4,07617	29
4,07683	29
4,07750	29
4,07817	29
4,07883	29
4,07950	29
4,08017	28
4,08083	28
4,08150	28
4,08217	28
4,08283	28
4,08350	28
4,08417	28
4,08483	29
4,08550	29
4,08617	29
4,08683	29
4,08750	30
4,08817	30
4,08883	30
4,08950	30
4,09017	30
4,09083	30
4,09150	31
4,09217	31
4,09283	31
4,09350	31
4,09417	31
4,09483	31
4,09550	31
4,09617	31
4,09683	31
4,09750	31
4,09817	31
4,09883	31
4,09950	31
4,10017	31
4,10083	31
4,10150	31
4,10217	31
4,10283	30
4,10350	30
4,10417	30
4,10483	30
4,10550	30
4,10617	30
4,10683	30
4,10750	29
4,10817	29
4,10883	29
4,10950	29
4,11017	29
4,11083	29
4,11150	29
4,11217	29
4,11283	29
4,11350	29
4,11417	29
4,11483	29
4,11550	29
4,11617	29
4,11683	28
4,11750	28
4,11817	28
4,11883	28
4,11950	27
4,12017	27
4,12083	27
4,12150	26
4,12217	26
4,12283	26
4,12350	26
4,12417	26
4,12483	26
4,12550	26
4,12617	26
4,12683	25
4,12750	25
4,12817	25
4,12883	25
4,12950	25
4,13017	25
4,13083	25
4,13150	24
4,13217	24
4,13283	24
4,13350	24
4,13417	23
4,13483	23
4,13550	23
4,13617	23
4,13683	23
4,13750	23
4,13817	23
4,13883	23
4,13950	23
4,14017	23
4,14083	23
4,14150	23
4,14217	23
4,14283	23
4,14350	23
4,14417	22
4,14483	22
4,14550	21
4,14617	21
4,14683	21
4,14750	21
4,14817	21
4,14883	21
4,14950	21
4,15017	21
4,15083	21
4,15150	21
4,15217	21
4,15283	21
4,15350	20
4,15417	20
4,15483	20
4,15550	20
4,15617	20
4,15683	20
4,15750	20
4,15817	20
4,15883	20
4,15950	20
4,16017	20
4,16083	20
4,16150	20
4,16217	20
4,16283	20
4,16350	20
4,16417	20
4,16483	20
4,16550	20
4,16617	20
4,16683	20
4,16750	20
4,16817	20
4,16883	20
4,16950	20
4,17017	20
4,17083	20
4,17150	20
4,17217	20
4,17283	20
4,17350	20
4,17417	20
4,17483	19
4,17550	19
4,17617	19
4,17683	19
4,17750	19
4,17817	18
4,17883	18
4,17950	18
4,18017	18
4,18083	18
4,18150	18
4,18217	18
4,18283	18
4,18350	18
4,18417	18
4,18483	18
4,18550	19
4,18617	19
4,18683	19
4,18750	19
4,18817	19
4,18883	19
4,18950	19
4,19017	19
4,19083	19
4,19150	19
4,19217	19
4,19283	19
4,19350	19
4,19417	18
4,19483	18
4,19550	18
4,19617	18
4,19683	18
4,19750	18
4,19817	17
4,19883	17
4,19950	17
4,20017	17
4,20083	17
4,20150	17
4,20217	17
4,20283	17
4,20350	17
4,20417	17
4,20483	17
4,20550	17
4,20617	17
4,20683	17
4,20750	17
4,20817	17
4,20883	17
4,20950	16
4,21017	16
4,21083	16
4,21150	16
4,21217	16
4,21283	16
4,21350	17
4,21417	17
4,21483	17
4,21550	17
4,21617	17
4,21683	17
4,21750	17
4,21817	17
4,21883	17
4,21950	17
4,22017	17
4,22083	17
4,22150	18
4,22217	18
4,22283	18
4,22350	19
4,22417	19
4,22483	19
4,22550	19
4,22617	19
4,22683	19
4,22750	19
4,22817	19
4,22883	19
4,22950	19
4,23017	18
4,23083	18
4,23150	18
4,23217	18
4,23283	18
4,23350	18
4,23417	18
4,23483	18
4,23550	18
4,23617	19
4,23683	19
4,23750	19
4,23817	19
4,23883	19
4,23950	20
4,24017	20
4,24083	20
4,24150	21
4,24217	21
4,24283	22
4,24350	23
4,24417	24
4,24483	25
4,24550	27
4,24617	28
4,24683	30
4,24750	31
4,24817	33
4,24883	34
4,24950	36
4,25017	37
4,25083	39
4,25150	40
4,25217	41
4,25283	42
4,25350	43
4,25417	44
4,25483	45
4,25550	46
4,25617	47
4,25683	47
4,25750	48
4,25817	48
4,25883	48
4,25950	48
4,26017	48
4,26083	48
4,26150	48
4,26217	47
4,26283	46
4,26350	46
4,26417	45
4,26483	44
4,26550	43
4,26617	42
4,26683	41
4,26750	40
4,26817	39
4,26883	38
4,26950	37
4,27017	36
4,27083	35
4,27150	34
4,27217	32
4,27283	31
4,27350	30
4,27417	29
4,27483	28
4,27550	27
4,27617	26
4,27683	25
4,27750	24
4,27817	24
4,27883	23
4,27950	22
4,28017	22
4,28083	21
4,28150	21
4,28217	20
4,28283	20
4,28350	19
4,28417	19
4,28483	18
4,28550	18
4,28617	18
4,28683	18
4,28750	18
4,28817	18
4,28883	18
4,28950	18
4,29017	18
4,29083	18
4,29150	17
4,29217	17
4,29283	17
4,29350	17
4,29417	17
4,29483	16
4,29550	16
4,29617	16
4,29683	16
4,29750	16
4,29817	17
4,29883	17
4,29950	17
4,30017	17
4,30083	17
4,30150	18
4,30217	18
4,30283	18
4,30350	18
4,30417	18
4,30483	18
4,30550	18
4,30617	18
4,30683	18
4,30750	18
4,30817	18
4,30883	18
4,30950	18
4,31017	18
4,31083	18
4,31150	18
4,31217	18
4,31283	17
4,31350	17
4,31417	17
4,31483	17
4,31550	16
4,31617	16
4,31683	16
4,31750	16
4,31817	16
4,31883	15
4,31950	15
4,32017	15
4,32083	15
4,32150	15
4,32217	15
4,32283	15
4,32350	16
4,32417	16
4,32483	16
4,32550	16
4,32617	16
4,32683	17
4,32750	17
4,32817	17
4,32883	18
4,32950	18
4,33017	18
4,33083	19
4,33150	19
4,33217	19
4,33283	19
4,33350	19
4,33417	18
4,33483	18
4,33550	18
4,33617	18
4,33683	18
4,33750	18
4,33817	18
4,33883	18
4,33950	18
4,34017	17
4,34083	18
4,34150	18
4,34217	18
4,34283	18
4,34350	18
4,34417	18
4,34483	18
4,34550	18
4,34617	18
4,34683	18
4,34750	18
4,34817	18
4,34883	18
4,34950	18
4,35017	18
4,35083	18
4,35150	18
4,35217	18
4,35283	18
4,35350	18
4,35417	18
4,35483	18
4,35550	18
4,35617	18
4,35683	18
4,35750	18
4,35817	18
4,35883	18
4,35950	18
4,36017	18
4,36083	18
4,36150	18
4,36217	18
4,36283	18
4,36350	18
4,36417	19
4,36483	19
4,36550	19
4,36617	19
4,36683	19
4,36750	19
4,36817	19
4,36883	19
4,36950	20
4,37017	20
4,37083	20
4,37150	20
4,37217	20
4,37283	20
4,37350	20
4,37417	20
4,37483	20
4,37550	20
4,37617	20
4,37683	20
4,37750	20
4,37817	20
4,37883	19
4,37950	19
4,38017	18
4,38083	18
4,38150	18
4,38217	18
4,38283	17
4,38350	17
4,38417	17
4,38483	16
4,38550	16
4,38617	15
4,38683	15
4,38750	15
4,38817	14
4,38883	14
4,38950	14
4,39017	14
4,39083	14
4,39150	14
4,39217	13
4,39283	13
4,39350	13
4,39417	13
4,39483	14
4,39550	14
4,39617	14
4,39683	14
4,39750	14
4,39817	14
4,39883	14
4,39950	13
4,40017	13
4,40083	14
4,40150	14
4,40217	14
4,40283	14
4,40350	14
4,40417	14
4,40483	14
4,40550	15
4,40617	15
4,40683	15
4,40750	15
4,40817	15
4,40883	15
4,40950	15
4,41017	15
4,41083	15
4,41150	14
4,41217	14
4,41283	14
4,41350	14
4,41417	14
4,41483	14
4,41550	14
4,41617	13
4,41683	13
4,41750	13
4,41817	13
4,41883	13
4,41950	13
4,42017	13
4,42083	13
4,42150	13
4,42217	13
4,42283	13
4,42350	13
4,42417	13
4,42483	13
4,42550	13
4,42617	13
4,42683	13
4,42750	13
4,42817	13
4,42883	13
4,42950	13
4,43017	13
4,43083	13
4,43150	13
4,43217	12
4,43283	12
4,43350	12
4,43417	12
4,43483	12
4,43550	11
4,43617	11
4,43683	11
4,43750	11
4,43817	11
4,43883	11
4,43950	11
4,44017	11
4,44083	11
4,44150	11
4,44217	11
4,44283	12
4,44350	12
4,44417	13
4,44483	13
4,44550	13
4,44617	14
4,44683	14
4,44750	15
4,44817	15
4,44883	16
4,44950	16
4,45017	16
4,45083	16
4,45150	16
4,45217	17
4,45283	17
4,45350	17
4,45417	17
4,45483	17
4,45550	17
4,45617	17
4,45683	17
4,45750	17
4,45817	17
4,45883	16
4,45950	16
4,46017	16
4,46083	16
4,46150	16
4,46217	16
4,46283	15
4,46350	15
4,46417	14
4,46483	14
4,46550	13
4,46617	13
4,46683	13
4,46750	13
4,46817	13
4,46883	13
4,46950	13
4,47017	12
4,47083	13
4,47150	13
4,47217	13
4,47283	13
4,47350	13
4,47417	13
4,47483	13
4,47550	13
4,47617	13
4,47683	13
4,47750	14
4,47817	13
4,47883	13
4,47950	13
4,48017	13
4,48083	13
4,48150	13
4,48217	13
4,48283	14
4,48350	14
4,48417	14
4,48483	14
4,48550	14
4,48617	14
4,48683	14
4,48750	14
4,48817	15
4,48883	15
4,48950	15
4,49017	15
4,49083	15
4,49150	15
4,49217	15
4,49283	15
4,49350	15
4,49417	15
4,49483	16
4,49550	16
4,49617	16
4,49683	16
4,49750	16
4,49817	16
4,49883	15
4,49950	15
4,50017	15
4,50083	15
4,50150	14
4,50217	14
4,50283	14
4,50350	14
4,50417	14
4,50483	13
4,50550	13
4,50617	13
4,50683	14
4,50750	14
4,50817	14
4,50883	14
4,50950	14
4,51017	15
4,51083	15
4,51150	15
4,51217	15
4,51283	15
4,51350	15
4,51417	15
4,51483	15
4,51550	15
4,51617	15
4,51683	14
4,51750	14
4,51817	13
4,51883	13
4,51950	13
4,52017	13
4,52083	13
4,52150	12
4,52217	12
4,52283	12
4,52350	12
4,52417	12
4,52483	11
4,52550	11
4,52617	11
4,52683	11
4,52750	11
4,52817	11
4,52883	11
4,52950	11
4,53017	11
4,53083	11
4,53150	11
4,53217	11
4,53283	11
4,53350	11
4,53417	11
4,53483	11
4,53550	11
4,53617	11
4,53683	11
4,53750	11
4,53817	11
4,53883	11
4,53950	12
4,54017	12
4,54083	12
4,54150	12
4,54217	12
4,54283	12
4,54350	12
4,54417	12
4,54483	12
4,54550	12
4,54617	12
4,54683	12
4,54750	13
4,54817	13
4,54883	13
4,54950	13
4,55017	13
4,55083	13
4,55150	13
4,55217	13
4,55283	13
4,55350	13
4,55417	13
4,55483	13
4,55550	13
4,55617	13
4,55683	13
4,55750	14
4,55817	14
4,55883	14
4,55950	14
4,56017	14
4,56083	14
4,56150	14
4,56217	14
4,56283	15
4,56350	15
4,56417	15
4,56483	15
4,56550	15
4,56617	15
4,56683	15
4,56750	15
4,56817	15
4,56883	15
4,56950	15
4,57017	15
4,57083	15
4,57150	15
4,57217	15
4,57283	15
4,57350	15
4,57417	15
4,57483	15
4,57550	15
4,57617	15
4,57683	15
4,57750	14
4,57817	14
4,57883	14
4,57950	14
4,58017	14
4,58083	14
4,58150	14
4,58217	14
4,58283	14
4,58350	14
4,58417	14
4,58483	14
4,58550	14
4,58617	14
4,58683	14
4,58750	14
4,58817	14
4,58883	14
4,58950	14
4,59017	14
4,59083	14
4,59150	14
4,59217	15
4,59283	15
4,59350	15
4,59417	15
4,59483	16
4,59550	16
4,59617	16
4,59683	16
4,59750	16
4,59817	16
4,59883	16
4,59950	16
4,60017	16
4,60083	16
4,60150	16
4,60217	16
4,60283	16
4,60350	16
4,60417	16
4,60483	15
4,60550	15
4,60617	15
4,60683	15
4,60750	15
4,60817	15
4,60883	16
4,60950	16
4,61017	16
4,61083	16
4,61150	16
4,61217	16
4,61283	15
4,61350	15
4,61417	15
4,61483	15
4,61550	15
4,61617	15
4,61683	15
4,61750	15
4,61817	15
4,61883	15
4,61950	15
4,62017	15
4,62083	15
4,62150	15
4,62217	15
4,62283	15
4,62350	14
4,62417	14
4,62483	14
4,62550	14
4,62617	14
4,62683	13
4,62750	13
4,62817	13
4,62883	13
4,62950	13
4,63017	13
4,63083	13
4,63150	13
4,63217	13
4,63283	13
4,63350	12
4,63417	12
4,63483	12
4,63550	12
4,63617	12
4,63683	12
4,63750	12
4,63817	12
4,63883	12
4,63950	12
4,64017	12
4,64083	12
4,64150	12
4,64217	12
4,64283	12
4,64350	12
4,64417	12
4,64483	12
4,64550	12
4,64617	12
4,64683	12
4,64750	12
4,64817	12
4,64883	12
4,64950	13
4,65017	13
4,65083	14
4,65150	14
4,65217	14
4,65283	15
4,65350	15
4,65417	16
4,65483	16
4,65550	17
4,65617	17
4,65683	18
4,65750	18
4,65817	18
4,65883	19
4,65950	19
4,66017	20
4,66083	20
4,66150	20
4,66217	20
4,66283	20
4,66350	20
4,66417	20
4,66483	20
4,66550	20
4,66617	20
4,66683	19
4,66750	19
4,66817	19
4,66883	18
4,66950	18
4,67017	18
4,67083	18
4,67150	18
4,67217	18
4,67283	18
4,67350	18
4,67417	18
4,67483	17
4,67550	17
4,67617	17
4,67683	16
4,67750	16
4,67817	16
4,67883	16
4,67950	15
4,68017	15
4,68083	16
4,68150	16
4,68217	16
4,68283	16
4,68350	16
4,68417	16
4,68483	16
4,68550	16
4,68617	16
4,68683	15
4,68750	15
4,68817	15
4,68883	15
4,68950	15
4,69017	14
4,69083	14
4,69150	14
4,69217	14
4,69283	14
4,69350	14
4,69417	15
4,69483	15
4,69550	15
4,69617	15
4,69683	14
4,69750	14
4,69817	14
4,69883	14
4,69950	14
4,70017	14
4,70083	14
4,70150	14
4,70217	14
4,70283	14
4,70350	14
4,70417	14
4,70483	15
4,70550	15
4,70617	15
4,70683	15
4,70750	16
4,70817	16
4,70883	16
4,70950	16
4,71017	16
4,71083	16
4,71150	16
4,71217	16
4,71283	17
4,71350	17
4,71417	17
4,71483	17
4,71550	18
4,71617	18
4,71683	18
4,71750	18
4,71817	18
4,71883	18
4,71950	18
4,72017	18
4,72083	18
4,72150	18
4,72217	19
4,72283	19
4,72350	19
4,72417	19
4,72483	19
4,72550	19
4,72617	19
4,72683	19
4,72750	19
4,72817	19
4,72883	19
4,72950	18
4,73017	18
4,73083	18
4,73150	17
4,73217	17
4,73283	17
4,73350	16
4,73417	16
4,73483	16
4,73550	16
4,73617	15
4,73683	15
4,73750	15
4,73817	15
4,73883	14
4,73950	14
4,74017	14
4,74083	14
4,74150	14
4,74217	14
4,74283	13
4,74350	13
4,74417	13
4,74483	14
4,74550	14
4,74617	14
4,74683	14
4,74750	14
4,74817	15
4,74883	15
4,74950	15
4,75017	14
4,75083	14
4,75150	14
4,75217	14
4,75283	14
4,75350	14
4,75417	13
4,75483	13
4,75550	13
4,75617	13
4,75683	13
4,75750	13
4,75817	13
4,75883	13
4,75950	13
4,76017	13
4,76083	13
4,76150	12
4,76217	12
4,76283	12
4,76350	12
4,76417	12
4,76483	12
4,76550	12
4,76617	12
4,76683	12
4,76750	12
4,76817	12
4,76883	12
4,76950	12
4,77017	12
4,77083	12
4,77150	12
4,77217	12
4,77283	12
4,77350	12
4,77417	12
4,77483	12
4,77550	12
4,77617	12
4,77683	12
4,77750	12
4,77817	13
4,77883	13
4,77950	13
4,78017	13
4,78083	13
4,78150	13
4,78217	13
4,78283	12
4,78350	12
4,78417	13
4,78483	13
4,78550	13
4,78617	13
4,78683	14
4,78750	14
4,78817	14
4,78883	14
4,78950	14
4,79017	14
4,79083	14
4,79150	14
4,79217	14
4,79283	14
4,79350	14
4,79417	14
4,79483	13
4,79550	13
4,79617	13
4,79683	12
4,79750	12
4,79817	12
4,79883	12
4,79950	12
4,80017	12
4,80083	12
4,80150	12
4,80217	13
4,80283	13
4,80350	13
4,80417	12
4,80483	12
4,80550	12
4,80617	12
4,80683	12
4,80750	12
4,80817	12
4,80883	11
4,80950	11
4,81017	11
4,81083	11
4,81150	11
4,81217	11
4,81283	11
4,81350	11
4,81417	11
4,81483	11
4,81550	11
4,81617	11
4,81683	11
4,81750	11
4,81817	11
4,81883	10
4,81950	10
4,82017	10
4,82083	10
4,82150	10
4,82217	11
4,82283	11
4,82350	11
4,82417	11
4,82483	11
4,82550	11
4,82617	11
4,82683	11
4,82750	12
4,82817	12
4,82883	12
4,82950	12
4,83017	12
4,83083	12
4,83150	12
4,83217	13
4,83283	13
4,83350	13
4,83417	13
4,83483	13
4,83550	13
4,83617	13
4,83683	13
4,83750	13
4,83817	13
4,83883	14
4,83950	14
4,84017	14
4,84083	14
4,84150	14
4,84217	14
4,84283	14
4,84350	14
4,84417	14
4,84483	14
4,84550	15
4,84617	15
4,84683	15
4,84750	14
4,84817	14
4,84883	14
4,84950	14
4,85017	14
4,85083	14
4,85150	14
4,85217	14
4,85283	14
4,85350	14
4,85417	14
4,85483	14
4,85550	14
4,85617	13
4,85683	13
4,85750	13
4,85817	12
4,85883	12
4,85950	12
4,86017	12
4,86083	12
4,86150	12
4,86217	12
4,86283	12
4,86350	12
4,86417	12
4,86483	12
4,86550	12
4,86617	13
4,86683	13
4,86750	13
4,86817	12
4,86883	12
4,86950	12
4,87017	12
4,87083	12
4,87150	12
4,87217	13
4,87283	13
4,87350	13
4,87417	14
4,87483	14
4,87550	14
4,87617	14
4,87683	14
4,87750	15
4,87817	15
4,87883	15
4,87950	15
4,88017	15
4,88083	15
4,88150	14
4,88217	14
4,88283	14
4,88350	14
4,88417	14
4,88483	14
4,88550	14
4,88617	14
4,88683	14
4,88750	14
4,88817	14
4,88883	13
4,88950	13
4,89017	13
4,89083	13
4,89150	13
4,89217	13
4,89283	13
4,89350	13
4,89417	13
4,89483	13
4,89550	13
4,89617	13
4,89683	13
4,89750	12
4,89817	12
4,89883	12
4,89950	11
4,90017	11
4,90083	11
4,90150	11
4,90217	11
4,90283	10
4,90350	10
4,90417	10
4,90483	10
4,90550	10
4,90617	10
4,90683	11
4,90750	11
4,90817	11
4,90883	11
4,90950	10
4,91017	10
4,91083	10
4,91150	10
4,91217	10
4,91283	10
4,91350	10
4,91417	10
4,91483	10
4,91550	10
4,91617	11
4,91683	11
4,91750	11
4,91817	12
4,91883	12
4,91950	12
4,92017	12
4,92083	12
4,92150	12
4,92217	12
4,92283	12
4,92350	12
4,92417	12
4,92483	12
4,92550	12
4,92617	12
4,92683	11
4,92750	11
4,92817	11
4,92883	11
4,92950	11
4,93017	10
4,93083	10
4,93150	10
4,93217	10
4,93283	10
4,93350	10
4,93417	10
4,93483	10
4,93550	10
4,93617	10
4,93683	10
4,93750	10
4,93817	10
4,93883	10
4,93950	10
4,94017	11
4,94083	11
4,94150	11
4,94217	11
4,94283	11
4,94350	11
4,94417	11
4,94483	11
4,94550	11
4,94617	11
4,94683	11
4,94750	10
4,94817	10
4,94883	10
4,94950	10
4,95017	10
4,95083	10
4,95150	10
4,95217	10
4,95283	10
4,95350	10
4,95417	10
4,95483	10
4,95550	10
4,95617	10
4,95683	10
4,95750	10
4,95817	10
4,95883	10
4,95950	10
4,96017	10
4,96083	10
4,96150	10
4,96217	10
4,96283	10
4,96350	10
4,96417	10
4,96483	10
4,96550	10
4,96617	10
4,96683	10
4,96750	10
4,96817	9
4,96883	10
4,96950	10
4,97017	10
4,97083	10
4,97150	11
4,97217	11
4,97283	11
4,97350	11
4,97417	11
4,97483	11
4,97550	11
4,97617	11
4,97683	11
4,97750	11
4,97817	11
4,97883	11
4,97950	10
4,98017	10
4,98083	10
4,98150	10
4,98217	10
4,98283	10
4,98350	10
4,98417	9
4,98483	9
4,98550	9
4,98617	9
4,98683	9
4,98750	9
4,98817	9
4,98883	9
4,98950	9
4,99017	9
4,99083	9
4,99150	8
4,99217	8
4,99283	8
4,99350	8
4,99417	8
4,99483	8
4,99550	9
4,99617	9
4,99683	9
4,99750	9
4,99817	9
4,99883	9
4,99950	9
5,00017	9
5,00083	10
5,00150	10
5,00217	10
5,00283	10
5,00350	10
5,00417	10
5,00483	10
5,00550	10
5,00617	10
5,00683	10
5,00750	9
5,00817	9
5,00883	9
5,00950	9
5,01017	9
5,01083	9
5,01150	8
5,01217	8
5,01283	8
5,01350	8
5,01417	8
5,01483	8
5,01550	8
5,01617	8
5,01683	8
5,01750	9
5,01817	9
5,01883	9
5,01950	9
5,02017	9
5,02083	9
5,02150	9
5,02217	9
5,02283	10
5,02350	10
5,02417	10
5,02483	10
5,02550	10
5,02617	10
5,02683	10
5,02750	10
5,02817	10
5,02883	10
5,02950	10
5,03017	10
5,03083	10
5,03150	10
5,03217	10
5,03283	10
5,03350	10
5,03417	9
5,03483	9
5,03550	9
5,03617	9
5,03683	9
5,03750	8
5,03817	8
5,03883	8
5,03950	7
5,04017	7
5,04083	7
5,04150	7
5,04217	7
5,04283	7
5,04350	6
5,04417	6
5,04483	6
5,04550	6
5,04617	7
5,04683	7
5,04750	7
5,04817	7
5,04883	7
5,04950	7
5,05017	7
5,05083	7
5,05150	7
5,05217	7
5,05283	7
5,05350	7
5,05417	7
5,05483	7
5,05550	8
5,05617	8
5,05683	8
5,05750	8
5,05817	8
5,05883	8
5,05950	8
5,06017	8
5,06083	8
5,06150	9
5,06217	9
5,06283	9
5,06350	9
5,06417	9
5,06483	10
5,06550	10
5,06617	10
5,06683	10
5,06750	10
5,06817	10
5,06883	10
5,06950	9
5,07017	9
5,07083	9
5,07150	9
5,07217	9
5,07283	8
5,07350	8
5,07417	8
5,07483	8
5,07550	8
5,07617	8
5,07683	8
5,07750	9
5,07817	9
5,07883	9
5,07950	9
5,08017	9
5,08083	9
5,08150	9
5,08217	10
5,08283	10
5,08350	10
5,08417	9
5,08483	9
5,08550	9
5,08617	9
5,08683	9
5,08750	9
5,08817	10
5,08883	10
5,08950	10
5,09017	10
5,09083	10
5,09150	10
5,09217	10
5,09283	10
5,09350	10
5,09417	10
5,09483	10
5,09550	10
5,09617	10
5,09683	10
5,09750	10
5,09817	11
5,09883	11
5,09950	11
5,10017	12
5,10083	12
5,10150	12
5,10217	12
5,10283	12
5,10350	12
5,10417	12
5,10483	12
5,10550	12
5,10617	12
5,10683	12
5,10750	13
5,10817	13
5,10883	13
5,10950	13
5,11017	13
5,11083	13
5,11150	14
5,11217	14
5,11283	14
5,11350	14
5,11417	14
5,11483	14
5,11550	13
5,11617	13
5,11683	13
5,11750	12
5,11817	12
5,11883	12
5,11950	12
5,12017	11
5,12083	11
5,12150	11
5,12217	11
5,12283	11
5,12350	11
5,12417	11
5,12483	11
5,12550	11
5,12617	12
5,12683	12
5,12750	12
5,12817	12
5,12883	12
5,12950	12
5,13017	13
5,13083	13
5,13150	13
5,13217	13
5,13283	13
5,13350	13
5,13417	13
5,13483	13
5,13550	12
5,13617	12
5,13683	12
5,13750	12
5,13817	12
5,13883	12
5,13950	12
5,14017	12
5,14083	12
5,14150	12
5,14217	12
5,14283	12
5,14350	13
5,14417	13
5,14483	13
5,14550	13
5,14617	13
5,14683	13
5,14750	13
5,14817	13
5,14883	13
5,14950	13
5,15017	13
5,15083	13
5,15150	13
5,15217	13
5,15283	13
5,15350	13
5,15417	13
5,15483	13
5,15550	12
5,15617	12
5,15683	12
5,15750	12
5,15817	13
5,15883	13
5,15950	13
5,16017	14
5,16083	14
5,16150	15
5,16217	15
5,16283	15
5,16350	15
5,16417	15
5,16483	15
5,16550	15
5,16617	15
5,16683	14
5,16750	14
5,16817	13
5,16883	13
5,16950	13
5,17017	13
5,17083	13
5,17150	13
5,17217	13
5,17283	13
5,17350	13
5,17417	13
5,17483	13
5,17550	13
5,17617	13
5,17683	13
5,17750	13
5,17817	13
5,17883	13
5,17950	13
5,18017	13
5,18083	13
5,18150	13
5,18217	13
5,18283	13
5,18350	13
5,18417	14
5,18483	14
5,18550	14
5,18617	14
5,18683	14
5,18750	14
5,18817	14
5,18883	14
5,18950	14
5,19017	14
5,19083	14
5,19150	14
5,19217	14
5,19283	14
5,19350	14
5,19417	14
5,19483	14
5,19550	14
5,19617	14
5,19683	14
5,19750	13
5,19817	13
5,19883	13
5,19950	13
5,20017	13
5,20083	12
5,20150	12
5,20217	12
5,20283	12
5,20350	12
5,20417	12
5,20483	12
5,20550	12
5,20617	12
5,20683	12
5,20750	12
5,20817	12
5,20883	12
5,20950	12
5,21017	12
5,21083	12
5,21150	12
5,21217	12
5,21283	12
5,21350	12
5,21417	12
5,21483	12
5,21550	12
5,21617	12
5,21683	11
5,21750	11
5,21817	11
5,21883	11
5,21950	10
5,22017	10
5,22083	10
5,22150	10
5,22217	10
5,22283	9
5,22350	9
5,22417	9
5,22483	9
5,22550	9
5,22617	9
5,22683	9
5,22750	9
5,22817	9
5,22883	9
5,22950	9
5,23017	9
5,23083	9
5,23150	10
5,23217	10
5,23283	10
5,23350	10
5,23417	10
5,23483	10
5,23550	10
5,23617	10
5,23683	10
5,23750	10
5,23817	10
5,23883	10
5,23950	10
5,24017	10
5,24083	9
5,24150	9
5,24217	9
5,24283	9
5,24350	9
5,24417	9
5,24483	8
5,24550	8
5,24617	8
5,24683	8
5,24750	8
5,24817	8
5,24883	8
5,24950	8
5,25017	8
5,25083	8
5,25150	8
5,25217	8
5,25283	8
5,25350	8
5,25417	8
5,25483	8
5,25550	8
5,25617	8
5,25683	8
5,25750	8
5,25817	8
5,25883	8
5,25950	8
5,26017	8
5,26083	9
5,26150	9
5,26217	9
5,26283	9
5,26350	9
5,26417	9
5,26483	8
5,26550	8
5,26617	8
5,26683	8
5,26750	8
5,26817	8
5,26883	8
5,26950	9
5,27017	9
5,27083	9
5,27150	9
5,27217	9
5,27283	9
5,27350	9
5,27417	9
5,27483	9
5,27550	10
5,27617	10
5,27683	10
5,27750	10
5,27817	10
5,27883	10
5,27950	10
5,28017	10
5,28083	10
5,28150	10
5,28217	10
5,28283	10
5,28350	10
5,28417	10
5,28483	10
5,28550	11
5,28617	11
5,28683	11
5,28750	11
5,28817	11
5,28883	12
5,28950	12
5,29017	12
5,29083	12
5,29150	12
5,29217	12
5,29283	12
5,29350	12
5,29417	12
5,29483	12
5,29550	12
5,29617	12
5,29683	11
5,29750	11
5,29817	11
5,29883	11
5,29950	11
5,30017	11
5,30083	11
5,30150	11
5,30217	11
5,30283	11
5,30350	11
5,30417	11
5,30483	11
5,30550	11
5,30617	11
5,30683	10
5,30750	10
5,30817	10
5,30883	10
5,30950	10
5,31017	10
5,31083	10
5,31150	11
5,31217	11
5,31283	11
5,31350	11
5,31417	11
5,31483	11
5,31550	11
5,31617	11
5,31683	11
5,31750	11
5,31817	11
5,31883	10
5,31950	10
5,32017	10
5,32083	10
5,32150	10
5,32217	10
5,32283	10
5,32350	10
5,32417	10
5,32483	10
5,32550	10
5,32617	10
5,32683	10
5,32750	10
5,32817	10
5,32883	10
5,32950	10
5,33017	10
5,33083	10
5,33150	10
5,33217	10
5,33283	10
5,33350	10
5,33417	10
5,33483	10
5,33550	9
5,33617	9
5,33683	9
5,33750	9
5,33817	9
5,33883	9
5,33950	10
5,34017	10
5,34083	10
5,34150	10
5,34217	11
5,34283	11
5,34350	11
5,34417	11
5,34483	12
5,34550	12
5,34617	12
5,34683	12
5,34750	12
5,34817	12
5,34883	12
5,34950	12
5,35017	12
5,35083	13
5,35150	13
5,35217	13
5,35283	13
5,35350	13
5,35417	13
5,35483	13
5,35550	13
5,35617	13
5,35683	13
5,35750	13
5,35817	13
5,35883	13
5,35950	13
5,36017	13
5,36083	13
5,36150	13
5,36217	13
5,36283	13
5,36350	13
5,36417	12
5,36483	13
5,36550	13
5,36617	13
5,36683	13
5,36750	13
5,36817	13
5,36883	12
5,36950	12
5,37017	12
5,37083	11
5,37150	11
5,37217	11
5,37283	11
5,37350	10
5,37417	10
5,37483	10
5,37550	10
5,37617	10
5,37683	10
5,37750	10
5,37817	10
5,37883	10
5,37950	10
5,38017	10
5,38083	9
5,38150	9
5,38217	10
5,38283	10
5,38350	10
5,38417	10
5,38483	10
5,38550	10
5,38617	10
5,38683	10
5,38750	10
5,38817	10
5,38883	10
5,38950	10
5,39017	9
5,39083	9
5,39150	9
5,39217	8
5,39283	8
5,39350	8
5,39417	7
5,39483	7
5,39550	7
5,39617	7
5,39683	7
5,39750	7
5,39817	7
5,39883	8
5,39950	8
5,40017	8
5,40083	8
5,40150	8
5,40217	8
5,40283	8
5,40350	8
5,40417	8
5,40483	9
5,40550	9
5,40617	9
5,40683	9
5,40750	10
5,40817	10
5,40883	10
5,40950	10
5,41017	10
5,41083	10
5,41150	10
5,41217	10
5,41283	9
5,41350	9
5,41417	9
5,41483	9
5,41550	9
5,41617	9
5,41683	9
5,41750	9
5,41817	9
5,41883	9
5,41950	9
5,42017	9
5,42083	9
5,42150	9
5,42217	9
5,42283	9
5,42350	9
5,42417	9
5,42483	9
5,42550	9
5,42617	9
5,42683	9
5,42750	9
5,42817	9
5,42883	9
5,42950	9
5,43017	9
5,43083	9
5,43150	9
5,43217	9
5,43283	9
5,43350	8
5,43417	8
5,43483	8
5,43550	8
5,43617	8
5,43683	7
5,43750	7
5,43817	8
5,43883	8
5,43950	8
5,44017	8
5,44083	8
5,44150	8
5,44217	8
5,44283	8
5,44350	8
5,44417	8
5,44483	8
5,44550	8
5,44617	8
5,44683	8
5,44750	9
5,44817	9
5,44883	9
5,44950	9
5,45017	9
5,45083	10
5,45150	10
5,45217	10
5,45283	10
5,45350	10
5,45417	10
5,45483	10
5,45550	10
5,45617	10
5,45683	10
5,45750	10
5,45817	10
5,45883	10
5,45950	10
5,46017	10
5,46083	10
5,46150	10
5,46217	10
5,46283	10
5,46350	10
5,46417	10
5,46483	10
5,46550	10
5,46617	10
5,46683	10
5,46750	10
5,46817	10
5,46883	10
5,46950	9
5,47017	9
5,47083	9
5,47150	9
5,47217	9
5,47283	9
5,47350	8
5,47417	8
5,47483	8
5,47550	8
5,47617	7
5,47683	7
5,47750	7
5,47817	7
5,47883	7
5,47950	7
5,48017	6
5,48083	6
5,48150	6
5,48217	6
5,48283	6
5,48350	6
5,48417	7
5,48483	7
5,48550	7
5,48617	7
5,48683	7
5,48750	7
5,48817	7
5,48883	7
5,48950	7
5,49017	7
5,49083	7
5,49150	7
5,49217	7
5,49283	7
5,49350	7
5,49417	7
5,49483	8
5,49550	8
5,49617	9
5,49683	10
5,49750	12
5,49817	14
5,49883	17
5,49950	21
5,50017	26
5,50083	32
5,50150	40
5,50217	50
5,50283	63
5,50350	78
5,50417	96
5,50483	118
5,50550	144
5,50617	174
5,50683	208
5,50750	247
5,50817	291
5,50883	340
5,50950	394
5,51017	453
5,51083	515
5,51150	582
5,51217	653
5,51283	727
5,51350	803
5,51417	881
5,51483	959
5,51550	1037
5,51617	1114
5,51683	1188
5,51750	1258
5,51817	1324
5,51883	1384
5,51950	1437
5,52017	1484
5,52083	1524
5,52150	1556
5,52217	1581
5,52283	1597
5,52350	1606
5,52417	1607
5,52483	1601
5,52550	1588
5,52617	1569
5,52683	1543
5,52750	1512
5,52817	1477
5,52883	1437
5,52950	1393
5,53017	1347
5,53083	1298
5,53150	1247
5,53217	1195
5,53283	1142
5,53350	1089
5,53417	1035
5,53483	982
5,53550	930
5,53617	878
5,53683	828
5,53750	779
5,53817	732
5,53883	687
5,53950	643
5,54017	602
5,54083	562
5,54150	525
5,54217	489
5,54283	455
5,54350	424
5,54417	394
5,54483	366
5,54550	339
5,54617	315
5,54683	292
5,54750	271
5,54817	251
5,54883	233
5,54950	216
5,55017	200
5,55083	185
5,55150	171
5,55217	158
5,55283	147
5,55350	136
5,55417	126
5,55483	117
5,55550	108
5,55617	101
5,55683	94
5,55750	87
5,55817	82
5,55883	76
5,55950	71
5,56017	66
5,56083	62
5,56150	58
5,56217	54
5,56283	50
5,56350	47
5,56417	44
5,56483	41
5,56550	39
5,56617	37
5,56683	35
5,56750	33
5,56817	31
5,56883	29
5,56950	28
5,57017	27
5,57083	26
5,57150	25
5,57217	24
5,57283	23
5,57350	23
5,57417	22
5,57483	22
5,57550	21
5,57617	21
5,57683	20
5,57750	20
5,57817	19
5,57883	19
5,57950	19
5,58017	18
5,58083	18
5,58150	17
5,58217	17
5,58283	17
5,58350	16
5,58417	16
5,58483	16
5,58550	15
5,58617	15
5,58683	15
5,58750	15
5,58817	15
5,58883	15
5,58950	15
5,59017	15
5,59083	15
5,59150	15
5,59217	15
5,59283	15
5,59350	14
5,59417	14
5,59483	14
5,59550	14
5,59617	13
5,59683	13
5,59750	13
5,59817	13
5,59883	13
5,59950	13
5,60017	13
5,60083	13
5,60150	13
5,60217	12
5,60283	12
5,60350	12
5,60417	12
5,60483	11
5,60550	11
5,60617	11
5,60683	11
5,60750	11
5,60817	11
5,60883	11
5,60950	11
5,61017	11
5,61083	11
5,61150	11
5,61217	11
5,61283	11
5,61350	11
5,61417	11
5,61483	11
5,61550	10
5,61617	10
5,61683	10
5,61750	10
5,61817	10
5,61883	10
5,61950	10
5,62017	10
5,62083	10
5,62150	10
5,62217	10
5,62283	10
5,62350	10
5,62417	10
5,62483	10
5,62550	10
5,62617	10
5,62683	10
5,62750	10
5,62817	10
5,62883	10
5,62950	10
5,63017	11
5,63083	11
5,63150	11
5,63217	11
5,63283	11
5,63350	11
5,63417	11
5,63483	11
5,63550	11
5,63617	10
5,63683	10
5,63750	10
5,63817	9
5,63883	9
5,63950	9
5,64017	9
5,64083	9
5,64150	9
5,64217	9
5,64283	9
5,64350	9
5,64417	9
5,64483	9
5,64550	9
5,64617	9
5,64683	9
5,64750	9
5,64817	8
5,64883	8
5,64950	8
5,65017	8
5,65083	8
5,65150	8
5,65217	8
5,65283	8
5,65350	8
5,65417	8
5,65483	8
5,65550	8
5,65617	8
5,65683	8
5,65750	8
5,65817	8
5,65883	8
5,65950	8
5,66017	8
5,66083	7
5,66150	7
5,66217	7
5,66283	7
5,66350	7
5,66417	7
5,66483	7
5,66550	7
5,66617	7
5,66683	7
5,66750	7
5,66817	7
5,66883	7
5,66950	7
5,67017	7
5,67083	6
5,67150	7
5,67217	7
5,67283	7
5,67350	7
5,67417	7
5,67483	7
5,67550	7
5,67617	6
5,67683	6
5,67750	6
5,67817	6
5,67883	6
5,67950	5
5,68017	5
5,68083	5
5,68150	5
5,68217	5
5,68283	5
5,68350	5
5,68417	5
5,68483	5
5,68550	6
5,68617	6
5,68683	6
5,68750	6
5,68817	6
5,68883	6
5,68950	6
5,69017	6
5,69083	7
5,69150	7
5,69217	7
5,69283	7
5,69350	8
5,69417	8
5,69483	8
5,69550	8
5,69617	8
5,69683	9
5,69750	9
5,69817	9
5,69883	9
5,69950	9
5,70017	9
5,70083	9
5,70150	9
5,70217	9
5,70283	9
5,70350	9
5,70417	9
5,70483	10
5,70550	10
5,70617	10
5,70683	10
5,70750	11
5,70817	11
5,70883	11
5,70950	11
5,71017	11
5,71083	11
5,71150	11
5,71217	11
5,71283	11
5,71350	11
5,71417	11
5,71483	11
5,71550	11
5,71617	11
5,71683	11
5,71750	11
5,71817	11
5,71883	11
5,71950	11
5,72017	11
5,72083	11
5,72150	11
5,72217	11
5,72283	11
5,72350	11
5,72417	11
5,72483	10
5,72550	10
5,72617	10
5,72683	10
5,72750	10
5,72817	10
5,72883	10
5,72950	10
5,73017	10
5,73083	10
5,73150	10
5,73217	10
5,73283	10
5,73350	11
5,73417	11
5,73483	11
5,73550	10
5,73617	10
5,73683	10
5,73750	10
5,73817	10
5,73883	10
5,73950	10
5,74017	10
5,74083	10
5,74150	10
5,74217	10
5,74283	10
5,74350	10
5,74417	10
5,74483	10
5,74550	10
5,74617	10
5,74683	10
5,74750	10
5,74817	10
5,74883	9
5,74950	9
5,75017	9
5,75083	9
5,75150	9
5,75217	8
5,75283	8
5,75350	8
5,75417	7
5,75483	7
5,75550	7
5,75617	7
5,75683	7
5,75750	7
5,75817	8
5,75883	8
5,75950	8
5,76017	8
5,76083	8
5,76150	8
5,76217	8
5,76283	8
5,76350	8
5,76417	8
5,76483	7
5,76550	7
5,76617	7
5,76683	6
5,76750	6
5,76817	6
5,76883	6
5,76950	6
5,77017	6
5,77083	6
5,77150	6
5,77217	6
5,77283	6
5,77350	7
5,77417	7
5,77483	7
5,77550	7
5,77617	7
5,77683	7
5,77750	7
5,77817	7
5,77883	7
5,77950	7
5,78017	7
5,78083	7
5,78150	7
5,78217	7
5,78283	8
5,78350	8
5,78417	8
5,78483	8
5,78550	8
5,78617	8
5,78683	9
5,78750	9
5,78817	9
5,78883	9
5,78950	10
5,79017	10
5,79083	11
5,79150	11
5,79217	11
5,79283	12
5,79350	12
5,79417	12
5,79483	12
5,79550	12
5,79617	12
5,79683	12
5,79750	12
5,79817	11
5,79883	11
5,79950	11
5,80017	11
5,80083	10
5,80150	10
5,80217	10
5,80283	10
5,80350	9
5,80417	9
5,80483	9
5,80550	9
5,80617	9
5,80683	9
5,80750	9
5,80817	8
5,80883	8
5,80950	8
5,81017	8
5,81083	8
5,81150	9
5,81217	9
5,81283	9
5,81350	9
5,81417	10
5,81483	10
5,81550	10
5,81617	10
5,81683	10
5,81750	10
5,81817	10
5,81883	10
5,81950	10
5,82017	10
5,82083	10
5,82150	9
5,82217	9
5,82283	9
5,82350	10
5,82417	10
5,82483	10
5,82550	10
5,82617	10
5,82683	10
5,82750	10
5,82817	10
5,82883	10
5,82950	10
5,83017	9
5,83083	9
5,83150	9
5,83217	9
5,83283	9
5,83350	9
5,83417	9
5,83483	9
5,83550	9
5,83617	9
5,83683	9
5,83750	10
5,83817	10
5,83883	10
5,83950	9
5,84017	9
5,84083	9
5,84150	9
5,84217	9
5,84283	9
5,84350	9
5,84417	9
5,84483	9
5,84550	9
5,84617	9
5,84683	9
5,84750	9
5,84817	9
5,84883	9
5,84950	9
5,85017	9
5,85083	9
5,85150	9
5,85217	9
5,85283	9
5,85350	9
5,85417	10
5,85483	10
5,85550	10
5,85617	10
5,85683	10
5,85750	10
5,85817	10
5,85883	10
5,85950	10
5,86017	10
5,86083	10
5,86150	10
5,86217	10
5,86283	10
5,86350	11
5,86417	11
5,86483	11
5,86550	11
5,86617	11
5,86683	11
5,86750	11
5,86817	11
5,86883	11
5,86950	11
5,87017	10
5,87083	10
5,87150	10
5,87217	10
5,87283	10
5,87350	10
5,87417	10
5,87483	10
5,87550	10
5,87617	10
5,87683	10
5,87750	10
5,87817	10
5,87883	10
5,87950	10
5,88017	10
5,88083	10
5,88150	10
5,88217	10
5,88283	9
5,88350	9
5,88417	9
5,88483	9
5,88550	8
5,88617	8
5,88683	8
5,88750	8
5,88817	8
5,88883	8
5,88950	8
5,89017	8
5,89083	8
5,89150	8
5,89217	8
5,89283	8
5,89350	8
5,89417	8
5,89483	8
5,89550	8
5,89617	8
5,89683	8
5,89750	8
5,89817	8
5,89883	8
5,89950	8
5,90017	8
5,90083	8
5,90150	8
5,90217	8
5,90283	8
5,90350	8
5,90417	8
5,90483	7
5,90550	7
5,90617	7
5,90683	7
5,90750	6
5,90817	6
5,90883	6
5,90950	6
5,91017	5
5,91083	5
5,91150	5
5,91217	5
5,91283	5
5,91350	5
5,91417	5
5,91483	5
5,91550	5
5,91617	6
5,91683	6
5,91750	6
5,91817	7
5,91883	7
5,91950	7
5,92017	7
5,92083	7
5,92150	8
5,92217	8
5,92283	8
5,92350	8
5,92417	8
5,92483	8
5,92550	8
5,92617	7
5,92683	7
5,92750	7
5,92817	7
5,92883	7
5,92950	7
5,93017	7
5,93083	7
5,93150	7
5,93217	8
5,93283	8
5,93350	8
5,93417	8
5,93483	8
5,93550	8
5,93617	8
5,93683	8
5,93750	8
5,93817	8
5,93883	8
5,93950	8
5,94017	8
5,94083	8
5,94150	8
5,94217	8
5,94283	8
5,94350	8
5,94417	8
5,94483	8
5,94550	8
5,94617	8
5,94683	8
5,94750	8
5,94817	8
5,94883	8
5,94950	8
5,95017	8
5,95083	8
5,95150	8
5,95217	8
5,95283	8
5,95350	8
5,95417	8
5,95483	8
5,95550	8
5,95617	8
5,95683	8
5,95750	8
5,95817	8
5,95883	8
5,95950	8
5,96017	9
5,96083	9
5,96150	9
5,96217	10
5,96283	10
5,96350	10
5,96417	11
5,96483	11
5,96550	11
5,96617	11
5,96683	11
5,96750	10
5,96817	10
5,96883	10
5,96950	10
5,97017	10
5,97083	10
5,97150	10
5,97217	10
5,97283	10
5,97350	10
5,97417	10
5,97483	10
5,97550	10
5,97617	10
5,97683	10
5,97750	10
5,97817	10
5,97883	10
5,97950	10
5,98017	10
5,98083	10
5,98150	10
5,98217	10
5,98283	10
5,98350	10
5,98417	9
5,98483	9
5,98550	9
5,98617	9
5,98683	9
5,98750	9
5,98817	9
5,98883	9
5,98950	9
5,99017	9
5,99083	9
5,99150	9
5,99217	9
5,99283	9
5,99350	9
5,99417	9
5,99483	9
5,99550	9
5,99617	9
5,99683	9
5,99750	9
5,99817	8
5,99883	8
5,99950	8
6,00017	8
6,00083	8
6,00150	9
6,00217	9
6,00283	8
6,00350	8
6,00417	8
6,00483	8
6,00550	8
6,00617	8
6,00683	8
6,00750	8
6,00817	8
6,00883	8
6,00950	8
6,01017	8
6,01083	7
6,01150	7
6,01217	7
6,01283	7
6,01350	8
6,01417	8
6,01483	8
6,01550	8
6,01617	8
6,01683	8
6,01750	8
6,01817	8
6,01883	8
6,01950	8
6,02017	8
6,02083	8
6,02150	8
6,02217	8
6,02283	8
6,02350	8
6,02417	8
6,02483	9
6,02550	9
6,02617	9
6,02683	10
6,02750	10
6,02817	10
6,02883	10
6,02950	10
6,03017	10
6,03083	10
6,03150	10
6,03217	9
6,03283	9
6,03350	9
6,03417	9
6,03483	10
6,03550	10
6,03617	10
6,03683	10
6,03750	10
6,03817	10
6,03883	10
6,03950	11
6,04017	11
6,04083	11
6,04150	11
6,04217	11
6,04283	11
6,04350	11
6,04417	11
6,04483	11
6,04550	10
6,04617	10
6,04683	10
6,04750	10
6,04817	10
6,04883	10
6,04950	10
6,05017	10
6,05083	10
6,05150	9
6,05217	9
6,05283	9
6,05350	9
6,05417	9
6,05483	9
6,05550	9
6,05617	9
6,05683	10
6,05750	10
6,05817	10
6,05883	10
6,05950	10
6,06017	10
6,06083	11
6,06150	11
6,06217	11
6,06283	11
6,06350	11
6,06417	11
6,06483	11
6,06550	11
6,06617	11
6,06683	11
6,06750	11
6,06817	11
6,06883	12
6,06950	12
6,07017	12
6,07083	12
6,07150	12
6,07217	12
6,07283	12
6,07350	12
6,07417	13
6,07483	13
6,07550	13
6,07617	13
6,07683	13
6,07750	13
6,07817	14
6,07883	14
6,07950	14
6,08017	14
6,08083	14
6,08150	14
6,08217	14
6,08283	14
6,08350	14
6,08417	14
6,08483	13
6,08550	13
6,08617	13
6,08683	13
6,08750	13
6,08817	13
6,08883	13
6,08950	13
6,09017	13
6,09083	13
6,09150	13
6,09217	13
6,09283	13
6,09350	13
6,09417	13
6,09483	13
6,09550	13
6,09617	13
6,09683	13
6,09750	13
6,09817	13
6,09883	14
6,09950	14
6,10017	15
6,10083	15
6,10150	15
6,10217	15
6,10283	16
6,10350	16
6,10417	16
6,10483	16
6,10550	16
6,10617	16
6,10683	15
6,10750	15
6,10817	15
6,10883	15
6,10950	15
6,11017	15
6,11083	14
6,11150	14
6,11217	14
6,11283	14
6,11350	14
6,11417	14
6,11483	13
6,11550	13
6,11617	13
6,11683	12
6,11750	12
6,11817	12
6,11883	11
6,11950	11
6,12017	11
6,12083	11
6,12150	11
6,12217	11
6,12283	11
6,12350	11
6,12417	11
6,12483	11
6,12550	11
6,12617	11
6,12683	11
6,12750	11
6,12817	11
6,12883	11
6,12950	11
6,13017	11
6,13083	11
6,13150	11
6,13217	11
6,13283	11
6,13350	12
6,13417	12
6,13483	12
6,13550	12
6,13617	12
6,13683	12
6,13750	12
6,13817	12
6,13883	13
6,13950	13
6,14017	13
6,14083	13
6,14150	13
6,14217	13
6,14283	13
6,14350	13
6,14417	13
6,14483	13
6,14550	13
6,14617	14
6,14683	14
6,14750	14
6,14817	14
6,14883	14
6,14950	14
6,15017	13
6,15083	13
6,15150	13
6,15217	12
6,15283	12
6,15350	12
6,15417	12
6,15483	12
6,15550	11
6,15617	11
6,15683	11
6,15750	11
6,15817	11
6,15883	11
6,15950	11
6,16017	11
6,16083	11
6,16150	11
6,16217	11
6,16283	10
6,16350	10
6,16417	10
6,16483	10
6,16550	10
6,16617	9
6,16683	9
6,16750	9
6,16817	9
6,16883	10
6,16950	10
6,17017	10
6,17083	10
6,17150	9
6,17217	9
6,17283	9
6,17350	9
6,17417	9
6,17483	9
6,17550	9
6,17617	8
6,17683	8
6,17750	8
6,17817	8
6,17883	7
6,17950	7
6,18017	7
6,18083	7
6,18150	7
6,18217	7
6,18283	7
6,18350	7
6,18417	8
6,18483	8
6,18550	8
6,18617	8
6,18683	8
6,18750	8
6,18817	8
6,18883	9
6,18950	9
6,19017	9
6,19083	8
6,19150	8
6,19217	8
6,19283	8
6,19350	8
6,19417	8
6,19483	8
6,19550	8
6,19617	9
6,19683	9
6,19750	9
6,19817	9
6,19883	9
6,19950	9
6,20017	8
6,20083	8
6,20150	8
6,20217	8
6,20283	7
6,20350	7
6,20417	7
6,20483	7
6,20550	7
6,20617	7
6,20683	7
6,20750	7
6,20817	8
6,20883	8
6,20950	8
6,21017	8
6,21083	8
6,21150	8
6,21217	8
6,21283	8
6,21350	9
6,21417	9
6,21483	9
6,21550	9
6,21617	9
6,21683	9
6,21750	8
6,21817	8
6,21883	8
6,21950	8
6,22017	8
6,22083	8
6,22150	8
6,22217	8
6,22283	8
6,22350	8
6,22417	8
6,22483	8
6,22550	8
6,22617	8
6,22683	8
6,22750	8
6,22817	8
6,22883	8
6,22950	8
6,23017	8
6,23083	8
6,23150	8
6,23217	8
6,23283	8
6,23350	8
6,23417	8
6,23483	8
6,23550	8
6,23617	9
6,23683	9
6,23750	9
6,23817	8
6,23883	8
6,23950	8
6,24017	8
6,24083	8
6,24150	8
6,24217	8
6,24283	8
6,24350	8
6,24417	8
6,24483	8
6,24550	9
6,24617	9
6,24683	9
6,24750	9
6,24817	10
6,24883	10
6,24950	10
6,25017	11
6,25083	11
6,25150	11
6,25217	11
6,25283	11
6,25350	11
6,25417	11
6,25483	11
6,25550	11
6,25617	11
6,25683	11
6,25750	11
6,25817	12
6,25883	12
6,25950	12
6,26017	12
6,26083	12
6,26150	12
6,26217	12
6,26283	12
6,26350	12
6,26417	12
6,26483	12
6,26550	11
6,26617	11
6,26683	11
6,26750	11
6,26817	11
6,26883	11
6,26950	11
6,27017	11
6,27083	11
6,27150	12
6,27217	12
6,27283	12
6,27350	12
6,27417	12
6,27483	12
6,27550	11
6,27617	11
6,27683	11
6,27750	11
6,27817	11
6,27883	11
6,27950	11
6,28017	11
6,28083	11
6,28150	12
6,28217	12
6,28283	12
6,28350	12
6,28417	12
6,28483	12
6,28550	12
6,28617	12
6,28683	12
6,28750	11
6,28817	11
6,28883	11
6,28950	11
6,29017	11
6,29083	11
6,29150	12
6,29217	12
6,29283	13
6,29350	13
6,29417	13
6,29483	13
6,29550	13
6,29617	13
6,29683	13
6,29750	13
6,29817	13
6,29883	13
6,29950	13
6,30017	13
6,30083	13
6,30150	13
6,30217	14
6,30283	14
6,30350	14
6,30417	14
6,30483	15
6,30550	15
6,30617	15
6,30683	15
6,30750	15
6,30817	15
6,30883	15
6,30950	15
6,31017	15
6,31083	15
6,31150	15
6,31217	15
6,31283	15
6,31350	14
6,31417	14
6,31483	14
6,31550	14
6,31617	14
6,31683	13
6,31750	13
6,31817	13
6,31883	13
6,31950	13
6,32017	13
6,32083	13
6,32150	13
6,32217	12
6,32283	12
6,32350	12
6,32417	12
6,32483	12
6,32550	12
6,32617	12
6,32683	12
6,32750	13
6,32817	13
6,32883	13
6,32950	13
6,33017	13
6,33083	13
6,33150	13
6,33217	13
6,33283	13
6,33350	13
6,33417	13
6,33483	13
6,33550	13
6,33617	13
6,33683	14
6,33750	14
6,33817	14
6,33883	14
6,33950	15
6,34017	15
6,34083	16
6,34150	16
6,34217	17
6,34283	17
6,34350	17
6,34417	18
6,34483	18
6,34550	18
6,34617	19
6,34683	19
6,34750	20
6,34817	20
6,34883	20
6,34950	21
6,35017	21
6,35083	21
6,35150	21
6,35217	22
6,35283	22
6,35350	22
6,35417	22
6,35483	22
6,35550	22
6,35617	22
6,35683	22
6,35750	22
6,35817	23
6,35883	23
6,35950	23
6,36017	22
6,36083	22
6,36150	22
6,36217	22
6,36283	21
6,36350	21
6,36417	21
6,36483	20
6,36550	20
6,36617	20
6,36683	20
6,36750	20
6,36817	20
6,36883	20
6,36950	20
6,37017	20
6,37083	19
6,37150	19
6,37217	19
6,37283	19
6,37350	18
6,37417	18
6,37483	18
6,37550	18
6,37617	18
6,37683	17
6,37750	17
6,37817	17
6,37883	17
6,37950	17
6,38017	17
6,38083	17
6,38150	17
6,38217	17
6,38283	18
6,38350	18
6,38417	18
6,38483	18
6,38550	18
6,38617	18
6,38683	18
6,38750	18
6,38817	18
6,38883	18
6,38950	18
6,39017	18
6,39083	18
6,39150	18
6,39217	18
6,39283	18
6,39350	18
6,39417	18
6,39483	18
6,39550	18
6,39617	19
6,39683	19
6,39750	19
6,39817	19
6,39883	20
6,39950	20
6,40017	20
6,40083	20
6,40150	20
6,40217	20
6,40283	21
6,40350	21
6,40417	21
6,40483	20
6,40550	20
6,40617	20
6,40683	20
6,40750	20
6,40817	20
6,40883	20
6,40950	20
6,41017	20
6,41083	20
6,41150	19
6,41217	19
6,41283	19
6,41350	19
6,41417	18
6,41483	18
6,41550	18
6,41617	18
6,41683	17
6,41750	17
6,41817	17
6,41883	17
6,41950	17
6,42017	17
6,42083	17
6,42150	16
6,42217	16
6,42283	16
6,42350	16
6,42417	16
6,42483	16
6,42550	16
6,42617	15
6,42683	15
6,42750	15
6,42817	15
6,42883	15
6,42950	15
6,43017	15
6,43083	15
6,43150	15
6,43217	15
6,43283	15
6,43350	16
6,43417	16
6,43483	16
6,43550	16
6,43617	16
6,43683	16
6,43750	16
6,43817	16
6,43883	15
6,43950	15
6,44017	15
6,44083	15
6,44150	15
6,44217	15
6,44283	14
6,44350	14
6,44417	15
6,44483	15
6,44550	15
6,44617	15
6,44683	15
6,44750	15
6,44817	15
6,44883	15
6,44950	15
6,45017	15
6,45083	15
6,45150	15
6,45217	15
6,45283	15
6,45350	15
6,45417	15
6,45483	15
6,45550	15
6,45617	16
6,45683	16
6,45750	16
6,45817	16
6,45883	16
6,45950	16
6,46017	16
6,46083	16
6,46150	16
6,46217	15
6,46283	15
6,46350	15
6,46417	15
6,46483	15
6,46550	15
6,46617	15
6,46683	15
6,46750	15
6,46817	15
6,46883	15
6,46950	15
6,47017	15
6,47083	15
6,47150	15
6,47217	15
6,47283	15
6,47350	16
6,47417	16
6,47483	16
6,47550	17
6,47617	17
6,47683	17
6,47750	18
6,47817	18
6,47883	18
6,47950	18
6,48017	18
6,48083	18
6,48150	19
6,48217	19
6,48283	19
6,48350	19
6,48417	19
6,48483	19
6,48550	19
6,48617	19
6,48683	19
6,48750	19
6,48817	19
6,48883	19
6,48950	19
6,49017	18
6,49083	18
6,49150	18
6,49217	18
6,49283	18
6,49350	17
6,49417	17
6,49483	18
6,49550	18
6,49617	18
6,49683	18
6,49750	18
6,49817	18
6,49883	18
6,49950	18
6,50017	18
6,50083	18
6,50150	18
6,50217	18
6,50283	18
6,50350	18
6,50417	18
6,50483	18
6,50550	18
6,50617	17
6,50683	17
6,50750	17
6,50817	17
6,50883	16
6,50950	16
6,51017	16
6,51083	16
6,51150	16
6,51217	16
6,51283	16
6,51350	16
6,51417	16
6,51483	16
6,51550	16
6,51617	16
6,51683	16
6,51750	16
6,51817	16
6,51883	16
6,51950	16
6,52017	16
6,52083	15
6,52150	15
6,52217	15
6,52283	15
6,52350	15
6,52417	15
6,52483	15
6,52550	15
6,52617	15
6,52683	15
6,52750	15
6,52817	15
6,52883	15
6,52950	16
6,53017	16
6,53083	16
6,53150	17
6,53217	17
6,53283	17
6,53350	17
6,53417	17
6,53483	17
6,53550	17
6,53617	18
6,53683	18
6,53750	18
6,53817	18
6,53883	19
6,53950	19
6,54017	19
6,54083	19
6,54150	19
6,54217	19
6,54283	19
6,54350	19
6,54417	19
6,54483	19
6,54550	19
6,54617	19
6,54683	19
6,54750	19
6,54817	19
6,54883	18
6,54950	18
6,55017	18
6,55083	18
6,55150	18
6,55217	18
6,55283	18
6,55350	18
6,55417	18
6,55483	18
6,55550	18
6,55617	18
6,55683	18
6,55750	18
6,55817	18
6,55883	17
6,55950	17
6,56017	17
6,56083	17
6,56150	17
6,56217	16
6,56283	16
6,56350	16
6,56417	16
6,56483	16
6,56550	16
6,56617	15
6,56683	15
6,56750	15
6,56817	14
6,56883	14
6,56950	14
6,57017	13
6,57083	13
6,57150	13
6,57217	13
6,57283	13
6,57350	13
6,57417	13
6,57483	14
6,57550	14
6,57617	14
6,57683	14
6,57750	15
6,57817	15
6,57883	15
6,57950	16
6,58017	16
6,58083	16
6,58150	17
6,58217	17
6,58283	17
6,58350	17
6,58417	18
6,58483	18
6,58550	18
6,58617	18
6,58683	18
6,58750	18
6,58817	18
6,58883	18
6,58950	19
6,59017	19
6,59083	19
6,59150	19
6,59217	19
6,59283	19
6,59350	19
6,59417	19
6,59483	19
6,59550	19
6,59617	19
6,59683	19
6,59750	19
6,59817	18
6,59883	18
6,59950	17
6,60017	17
6,60083	17
6,60150	17
6,60217	17
6,60283	16
6,60350	16
6,60417	16
6,60483	16
6,60550	16
6,60617	16
6,60683	16
6,60750	16
6,60817	16
6,60883	15
6,60950	16
6,61017	16
6,61083	16
6,61150	16
6,61217	17
6,61283	17
6,61350	17
6,61417	17
6,61483	17
6,61550	17
6,61617	18
6,61683	18
6,61750	18
6,61817	18
6,61883	19
6,61950	19
6,62017	19
6,62083	19
6,62150	19
6,62217	19
6,62283	19
6,62350	19
6,62417	19
6,62483	19
6,62550	19
6,62617	19
6,62683	18
6,62750	18
6,62817	18
6,62883	18
6,62950	18
6,63017	18
6,63083	18
6,63150	17
6,63217	17
6,63283	17
6,63350	16
6,63417	16
6,63483	17
6,63550	17
6,63617	17
6,63683	17
6,63750	17
6,63817	17
6,63883	17
6,63950	18
6,64017	17
6,64083	17
6,64150	17
6,64217	17
6,64283	17
6,64350	17
6,64417	17
6,64483	17
6,64550	17
6,64617	17
6,64683	17
6,64750	17
6,64817	17
6,64883	17
6,64950	16
6,65017	16
6,65083	16
6,65150	16
6,65217	15
6,65283	15
6,65350	15
6,65417	15
6,65483	15
6,65550	15
6,65617	15
6,65683	15
6,65750	15
6,65817	16
6,65883	16
6,65950	16
6,66017	16
6,66083	16
6,66150	16
6,66217	16
6,66283	16
6,66350	16
6,66417	16
6,66483	16
6,66550	15
6,66617	15
6,66683	15
6,66750	15
6,66817	15
6,66883	15
6,66950	16
6,67017	16
6,67083	16
6,67150	16
6,67217	17
6,67283	17
6,67350	17
6,67417	18
6,67483	18
6,67550	18
6,67617	18
6,67683	18
6,67750	19
6,67817	19
6,67883	19
6,67950	19
6,68017	19
6,68083	19
6,68150	19
6,68217	19
6,68283	19
6,68350	19
6,68417	18
6,68483	18
6,68550	18
6,68617	18
6,68683	18
6,68750	18
6,68817	18
6,68883	18
6,68950	18
6,69017	18
6,69083	18
6,69150	18
6,69217	18
6,69283	17
6,69350	17
6,69417	17
6,69483	17
6,69550	17
6,69617	17
6,69683	17
6,69750	17
6,69817	16
6,69883	16
6,69950	16
6,70017	16
6,70083	16
6,70150	16
6,70217	16
6,70283	16
6,70350	16
6,70417	15
6,70483	15
6,70550	15
6,70617	15
6,70683	15
6,70750	15
6,70817	15
6,70883	15
6,70950	15
6,71017	15
6,71083	15
6,71150	15
6,71217	15
6,71283	15
6,71350	15
6,71417	15
6,71483	15
6,71550	15
6,71617	15
6,71683	15
6,71750	15
6,71817	15
6,71883	15
6,71950	16
6,72017	16
6,72083	16
6,72150	16
6,72217	17
6,72283	17
6,72350	17
6,72417	17
6,72483	18
6,72550	18
6,72617	18
6,72683	18
6,72750	18
6,72817	19
6,72883	19
6,72950	19
6,73017	19
6,73083	19
6,73150	19
6,73217	19
6,73283	18
6,73350	18
6,73417	18
6,73483	18
6,73550	18
6,73617	18
6,73683	17
6,73750	17
6,73817	17
6,73883	17
6,73950	17
6,74017	17
6,74083	17
6,74150	16
6,74217	16
6,74283	16
6,74350	16
6,74417	16
6,74483	16
6,74550	16
6,74617	16
6,74683	16
6,74750	16
6,74817	16
6,74883	16
6,74950	16
6,75017	16
6,75083	16
6,75150	16
6,75217	16
6,75283	16
6,75350	16
6,75417	15
6,75483	15
6,75550	15
6,75617	15
6,75683	15
6,75750	15
6,75817	15
6,75883	15
6,75950	15
6,76017	16
6,76083	16
6,76150	16
6,76217	16
6,76283	16
6,76350	16
6,76417	16
6,76483	16
6,76550	16
6,76617	16
6,76683	16
6,76750	17
6,76817	17
6,76883	17
6,76950	16
6,77017	16
6,77083	17
6,77150	17
6,77217	17
6,77283	17
6,77350	18
6,77417	18
6,77483	19
6,77550	19
6,77617	19
6,77683	19
6,77750	19
6,77817	19
6,77883	19
6,77950	19
6,78017	19
6,78083	19
6,78150	19
6,78217	19
6,78283	18
6,78350	19
6,78417	19
6,78483	19
6,78550	19
6,78617	19
6,78683	19
6,78750	19
6,78817	19
6,78883	19
6,78950	19
6,79017	19
6,79083	19
6,79150	19
6,79217	19
6,79283	19
6,79350	19
6,79417	19
6,79483	19
6,79550	19
6,79617	19
6,79683	19
6,79750	19
6,79817	19
6,79883	19
6,79950	19
6,80017	20
6,80083	20
6,80150	20
6,80217	19
6,80283	19
6,80350	19
6,80417	19
6,80483	19
6,80550	19
6,80617	19
6,80683	19
6,80750	19
6,80817	19
6,80883	19
6,80950	19
6,81017	19
6,81083	19
6,81150	19
6,81217	19
6,81283	19
6,81350	19
6,81417	19
6,81483	20
6,81550	20
6,81617	20
6,81683	20
6,81750	20
6,81817	21
6,81883	21
6,81950	21
6,82017	21
6,82083	21
6,82150	22
6,82217	22
6,82283	22
6,82350	22
6,82417	22
6,82483	22
6,82550	22
6,82617	22
6,82683	23
6,82750	23
6,82817	23
6,82883	24
6,82950	24
6,83017	24
6,83083	24
6,83150	24
6,83217	24
6,83283	24
6,83350	24
6,83417	24
6,83483	23
6,83550	23
6,83617	23
6,83683	23
6,83750	23
6,83817	22
6,83883	22
6,83950	22
6,84017	22
6,84083	21
6,84150	21
6,84217	21
6,84283	21
6,84350	21
6,84417	21
6,84483	22
6,84550	22
6,84617	22
6,84683	22
6,84750	23
6,84817	23
6,84883	23
6,84950	22
6,85017	22
6,85083	22
6,85150	22
6,85217	22
6,85283	22
6,85350	22
6,85417	21
6,85483	21
6,85550	21
6,85617	21
6,85683	20
6,85750	20
6,85817	20
6,85883	20
6,85950	20
6,86017	20
6,86083	20
6,86150	20
6,86217	20
6,86283	20
6,86350	20
6,86417	20
6,86483	20
6,86550	20
6,86617	20
6,86683	20
6,86750	21
6,86817	21
6,86883	21
6,86950	22
6,87017	22
6,87083	23
6,87150	24
6,87217	24
6,87283	25
6,87350	26
6,87417	27
6,87483	29
6,87550	30
6,87617	32
6,87683	34
6,87750	35
6,87817	37
6,87883	39
6,87950	42
6,88017	44
6,88083	47
6,88150	49
6,88217	52
6,88283	55
6,88350	59
6,88417	62
6,88483	65
6,88550	69
6,88617	73
6,88683	77
6,88750	81
6,88817	85
6,88883	90
6,88950	94
6,89017	98
6,89083	103
6,89150	107
6,89217	111
6,89283	116
6,89350	120
6,89417	125
6,89483	129
6,89550	133
6,89617	137
6,89683	141
6,89750	145
6,89817	148
6,89883	152
6,89950	155
6,90017	158
6,90083	161
6,90150	164
6,90217	167
6,90283	170
6,90350	172
6,90417	175
6,90483	177
6,90550	179
6,90617	182
6,90683	184
6,90750	185
6,90817	187
6,90883	189
6,90950	190
6,91017	192
6,91083	194
6,91150	195
6,91217	196
6,91283	198
6,91350	199
6,91417	200
6,91483	201
6,91550	203
6,91617	204
6,91683	205
6,91750	206
6,91817	207
6,91883	208
6,91950	210
6,92017	211
6,92083	212
6,92150	213
6,92217	214
6,92283	215
6,92350	216
6,92417	217
6,92483	218
6,92550	219
6,92617	220
6,92683	221
6,92750	221
6,92817	222
6,92883	222
6,92950	223
6,93017	223
6,93083	224
6,93150	224
6,93217	225
6,93283	226
6,93350	227
6,93417	227
6,93483	227
6,93550	227
6,93617	227
6,93683	227
6,93750	226
6,93817	226
6,93883	225
6,93950	225
6,94017	224
6,94083	224
6,94150	223
6,94217	222
6,94283	222
6,94350	221
6,94417	220
6,94483	220
6,94550	219
6,94617	218
6,94683	217
6,94750	216
6,94817	215
6,94883	214
6,94950	213
6,95017	212
6,95083	211
6,95150	210
6,95217	209
6,95283	208
6,95350	207
6,95417	206
6,95483	205
6,95550	204
6,95617	204
6,95683	203
6,95750	202
6,95817	201
6,95883	200
6,95950	199
6,96017	198
6,96083	196
6,96150	195
6,96217	194
6,96283	193
6,96350	192
6,96417	191
6,96483	190
6,96550	189
6,96617	188
6,96683	187
6,96750	186
6,96817	185
6,96883	185
6,96950	184
6,97017	183
6,97083	182
6,97150	182
6,97217	181
6,97283	181
6,97350	180
6,97417	180
6,97483	179
6,97550	179
6,97617	179
6,97683	178
6,97750	178
6,97817	178
6,97883	178
6,97950	177
6,98017	177
6,98083	177
6,98150	176
6,98217	176
6,98283	176
6,98350	175
6,98417	175
6,98483	175
6,98550	175
6,98617	175
6,98683	175
6,98750	175
6,98817	176
6,98883	176
6,98950	176
6,99017	177
6,99083	177
6,99150	178
6,99217	178
6,99283	179
6,99350	181
6,99417	182
6,99483	184
6,99550	186
6,99617	188
6,99683	191
6,99750	193
6,99817	196
6,99883	200
6,99950	203
7,00017	206
7,00083	209
7,00150	213
7,00217	216
7,00283	219
7,00350	222
7,00417	225
7,00483	228
7,00550	230
7,00617	232
7,00683	234
7,00750	235
7,00817	236
7,00883	237
7,00950	237
7,01017	237
7,01083	236
7,01150	235
7,01217	234
7,01283	232
7,01350	231
7,01417	228
7,01483	226
7,01550	223
7,01617	220
7,01683	218
7,01750	215
7,01817	211
7,01883	208
7,01950	205
7,02017	202
7,02083	198
7,02150	195
7,02217	192
7,02283	188
7,02350	185
7,02417	182
7,02483	179
7,02550	175
7,02617	172
7,02683	170
7,02750	167
7,02817	164
7,02883	162
7,02950	159
7,03017	157
7,03083	155
7,03150	153
7,03217	151
7,03283	149
7,03350	147
7,03417	145
7,03483	143
7,03550	141
7,03617	140
7,03683	138
7,03750	136
7,03817	135
7,03883	134
7,03950	133
7,04017	132
7,04083	130
7,04150	129
7,04217	128
7,04283	127
7,04350	126
7,04417	125
7,04483	124
7,04550	122
7,04617	121
7,04683	120
7,04750	119
7,04817	118
7,04883	117
7,04950	116
7,05017	115
7,05083	114
7,05150	113
7,05217	112
7,05283	112
7,05350	111
7,05417	110
7,05483	109
7,05550	108
7,05617	107
7,05683	106
7,05750	105
7,05817	104
7,05883	104
7,05950	103
7,06017	102
7,06083	101
7,06150	100
7,06217	100
7,06283	99
7,06350	98
7,06417	98
7,06483	97
7,06550	96
7,06617	95
7,06683	95
7,06750	94
7,06817	93
7,06883	92
7,06950	92
7,07017	91
7,07083	90
7,07150	89
7,07217	88
7,07283	87
7,07350	87
7,07417	86
7,07483	86
7,07550	85
7,07617	85
7,07683	84
7,07750	84
7,07817	84
7,07883	83
7,07950	83
7,08017	83
7,08083	83
7,08150	83
7,08217	83
7,08283	82
7,08350	82
7,08417	82
7,08483	81
7,08550	81
7,08617	81
7,08683	80
7,08750	80
7,08817	79
7,08883	78
7,08950	78
7,09017	77
7,09083	77
7,09150	76
7,09217	76
7,09283	75
7,09350	75
7,09417	74
7,09483	74
7,09550	74
7,09617	73
7,09683	73
7,09750	72
7,09817	72
7,09883	71
7,09950	71
7,10017	70
7,10083	70
7,10150	70
7,10217	70
7,10283	69
7,10350	69
7,10417	69
7,10483	68
7,10550	68
7,10617	67
7,10683	66
7,10750	66
7,10817	65
7,10883	64
7,10950	64
7,11017	63
7,11083	63
7,11150	63
7,11217	63
7,11283	62
7,11350	62
7,11417	62
7,11483	62
7,11550	62
7,11617	62
7,11683	62
7,11750	61
7,11817	61
7,11883	60
7,11950	60
7,12017	59
7,12083	59
7,12150	59
7,12217	58
7,12283	58
7,12350	58
7,12417	58
7,12483	58
7,12550	58
7,12617	58
7,12683	58
7,12750	58
7,12817	58
7,12883	58
7,12950	58
7,13017	58
7,13083	58
7,13150	58
7,13217	58
7,13283	58
7,13350	58
7,13417	57
7,13483	57
7,13550	57
7,13617	57
7,13683	57
7,13750	56
7,13817	56
7,13883	56
7,13950	56
7,14017	55
7,14083	55
7,14150	55
7,14217	55
7,14283	54
7,14350	54
7,14417	54
7,14483	54
7,14550	54
7,14617	54
7,14683	53
7,14750	53
7,14817	53
7,14883	53
7,14950	53
7,15017	53
7,15083	53
7,15150	52
7,15217	52
7,15283	52
7,15350	52
7,15417	52
7,15483	52
7,15550	52
7,15617	52
7,15683	52
7,15750	52
7,15817	52
7,15883	51
7,15950	51
7,16017	51
7,16083	51
7,16150	51
7,16217	51
7,16283	51
7,16350	50
7,16417	50
7,16483	50
7,16550	50
7,16617	50
7,16683	50
7,16750	49
7,16817	49
7,16883	49
7,16950	50
7,17017	49
7,17083	49
7,17150	49
7,17217	49
7,17283	49
7,17350	48
7,17417	48
7,17483	47
7,17550	47
7,17617	47
7,17683	46
7,17750	46
7,17817	46
7,17883	46
7,17950	46
7,18017	46
7,18083	47
7,18150	47
7,18217	47
7,18283	47
7,18350	47
7,18417	47
7,18483	47
7,18550	47
7,18617	47
7,18683	47
7,18750	47
7,18817	48
7,18883	48
7,18950	48
7,19017	48
7,19083	48
7,19150	48
7,19217	48
7,19283	47
7,19350	47
7,19417	47
7,19483	47
7,19550	46
7,19617	46
7,19683	46
7,19750	46
7,19817	46
7,19883	46
7,19950	46
7,20017	46
7,20083	46
7,20150	46
7,20217	46
7,20283	46
7,20350	46
7,20417	46
7,20483	46
7,20550	46
7,20617	46
7,20683	47
7,20750	47
7,20817	47
7,20883	47
7,20950	47
7,21017	48
7,21083	48
7,21150	48
7,21217	48
7,21283	49
7,21350	49
7,21417	49
7,21483	49
7,21550	49
7,21617	49
7,21683	49
7,21750	49
7,21817	49
7,21883	49
7,21950	49
7,22017	49
7,22083	48
7,22150	48
7,22217	48
7,22283	48
7,22350	47
7,22417	47
7,22483	47
7,22550	47
7,22617	46
7,22683	46
7,22750	46
7,22817	46
7,22883	45
7,22950	45
7,23017	45
7,23083	45
7,23150	45
7,23217	45
7,23283	45
7,23350	45
7,23417	45
7,23483	45
7,23550	45
7,23617	44
7,23683	44
7,23750	44
7,23817	44
7,23883	44
7,23950	43
7,24017	43
7,24083	43
7,24150	43
7,24217	43
7,24283	43
7,24350	43
7,24417	44
7,24483	44
7,24550	44
7,24617	44
7,24683	44
7,24750	44
7,24817	44
7,24883	44
7,24950	44
7,25017	45
7,25083	45
7,25150	45
7,25217	46
7,25283	46
7,25350	46
7,25417	46
7,25483	46
7,25550	46
7,25617	46
7,25683	46
7,25750	46
7,25817	46
7,25883	45
7,25950	45
7,26017	45
7,26083	45
7,26150	45
7,26217	45
7,26283	45
7,26350	45
7,26417	45
7,26483	45
7,26550	45
7,26617	46
7,26683	46
7,26750	46
7,26817	46
7,26883	45
7,26950	45
7,27017	45
7,27083	45
7,27150	45
7,27217	45
7,27283	46
7,27350	46
7,27417	46
7,27483	46
7,27550	46
7,27617	46
7,27683	46
7,27750	46
7,27817	46
7,27883	46
7,27950	46
7,28017	46
7,28083	46
7,28150	46
7,28217	46
7,28283	46
7,28350	46
7,28417	46
7,28483	46
7,28550	47
7,28617	47
7,28683	47
7,28750	47
7,28817	47
7,28883	47
7,28950	48
7,29017	48
7,29083	48
7,29150	48
7,29217	48
7,29283	49
7,29350	49
7,29417	49
7,29483	49
7,29550	49
7,29617	49
7,29683	49
7,29750	49
7,29817	49
7,29883	48
7,29950	48
7,30017	48
7,30083	48
7,30150	48
7,30217	48
7,30283	48
7,30350	48
7,30417	48
7,30483	48
7,30550	48
7,30617	48
7,30683	48
7,30750	48
7,30817	48
7,30883	48
7,30950	47
7,31017	47
7,31083	47
7,31150	47
7,31217	47
7,31283	47
7,31350	47
7,31417	48
7,31483	48
7,31550	48
7,31617	48
7,31683	48
7,31750	48
7,31817	48
7,31883	48
7,31950	48
7,32017	48
7,32083	49
7,32150	49
7,32217	49
7,32283	49
7,32350	49
7,32417	50
7,32483	50
7,32550	51
7,32617	52
7,32683	53
7,32750	53
7,32817	54
7,32883	55
7,32950	56
7,33017	56
7,33083	57
7,33150	57
7,33217	58
7,33283	58
7,33350	59
7,33417	59
7,33483	59
7,33550	60
7,33617	60
7,33683	60
7,33750	60
7,33817	60
7,33883	60
7,33950	60
7,34017	59
7,34083	58
7,34150	58
7,34217	57
7,34283	56
7,34350	56
7,34417	55
7,34483	55
7,34550	54
7,34617	53
7,34683	53
7,34750	52
7,34817	51
7,34883	51
7,34950	50
7,35017	50
7,35083	49
7,35150	49
7,35217	48
7,35283	47
7,35350	47
7,35417	46
7,35483	46
7,35550	45
7,35617	45
7,35683	44
7,35750	44
7,35817	44
7,35883	44
7,35950	44
7,36017	43
7,36083	43
7,36150	43
7,36217	43
7,36283	43
7,36350	43
7,36417	43
7,36483	43
7,36550	43
7,36617	43
7,36683	43
7,36750	43
7,36817	43
7,36883	43
7,36950	43
7,37017	43
7,37083	43
7,37150	43
7,37217	43
7,37283	43
7,37350	42
7,37417	42
7,37483	42
7,37550	42
7,37617	42
7,37683	42
7,37750	42
7,37817	42
7,37883	42
7,37950	41
7,38017	41
7,38083	41
7,38150	41
7,38217	41
7,38283	41
7,38350	41
7,38417	41
7,38483	41
7,38550	41
7,38617	41
7,38683	41
7,38750	41
7,38817	41
7,38883	41
7,38950	41
7,39017	42
7,39083	42
7,39150	42
7,39217	42
7,39283	42
7,39350	43
7,39417	43
7,39483	43
7,39550	43
7,39617	43
7,39683	43
7,39750	43
7,39817	43
7,39883	43
7,39950	43
7,40017	43
7,40083	42
7,40150	42
7,40217	42
7,40283	42
7,40350	42
7,40417	42
7,40483	42
7,40550	42
7,40617	42
7,40683	41
7,40750	41
7,40817	41
7,40883	41
7,40950	41
7,41017	41
7,41083	41
7,41150	41
7,41217	41
7,41283	41
7,41350	42
7,41417	42
7,41483	42
7,41550	42
7,41617	43
7,41683	43
7,41750	43
7,41817	43
7,41883	44
7,41950	44
7,42017	44
7,42083	45
7,42150	45
7,42217	45
7,42283	45
7,42350	46
7,42417	46
7,42483	46
7,42550	46
7,42617	46
7,42683	46
7,42750	46
7,42817	46
7,42883	46
7,42950	46
7,43017	46
7,43083	46
7,43150	46
7,43217	46
7,43283	46
7,43350	46
7,43417	46
7,43483	46
7,43550	46
7,43617	46
7,43683	46
7,43750	46
7,43817	46
7,43883	46
7,43950	46
7,44017	46
7,44083	46
7,44150	46
7,44217	46
7,44283	46
7,44350	46
7,44417	46
7,44483	46
7,44550	46
7,44617	47
7,44683	47
7,44750	47
7,44817	47
7,44883	47
7,44950	47
7,45017	47
7,45083	47
7,45150	46
7,45217	46
7,45283	46
7,45350	46
7,45417	46
7,45483	46
7,45550	46
7,45617	46
7,45683	46
7,45750	47
7,45817	47
7,45883	47
7,45950	47
7,46017	47
7,46083	47
7,46150	47
7,46217	47
7,46283	47
7,46350	47
7,46417	47
7,46483	48
7,46550	48
7,46617	48
7,46683	48
7,46750	48
7,46817	49
7,46883	49
7,46950	49
7,47017	49
7,47083	49
7,47150	49
7,47217	50
7,47283	50
7,47350	50
7,47417	50
7,47483	50
7,47550	50
7,47617	50
7,47683	50
7,47750	51
7,47817	52
7,47883	53
7,47950	54
7,48017	57
7,48083	61
7,48150	67
7,48217	75
7,48283	88
7,48350	106
7,48417	132
7,48483	169
7,48550	220
7,48617	290
7,48683	385
7,48750	512
7,48817	679
7,48883	894
7,48950	1166
7,49017	1508
7,49083	1928
7,49150	2440
7,49217	3056
7,49283	3785
7,49350	4642
7,49417	5642
7,49483	6798
7,49550	8125
7,49617	9635
7,49683	11332
7,49750	13222
7,49817	15312
7,49883	17608
7,49950	20122
7,50017	22860
7,50083	25823
7,50150	29004
7,50217	32395
7,50283	36001
7,50350	39823
7,50417	43862
7,50483	48119
7,50550	52598
7,50617	57290
7,50683	62181
7,50750	67258
7,50817	72518
7,50883	77954
7,50950	83561
7,51017	89326
7,51083	95252
7,51150	101341
7,51217	107592
7,51283	113997
7,51350	120540
7,51417	127203
7,51483	133965
7,51550	140819
7,51617	147758
7,51683	154778
7,51750	161870
7,51817	169031
7,51883	176279
7,51950	183618
7,52017	191055
7,52083	198610
7,52150	206276
7,52217	214051
7,52283	221946
7,52350	229961
7,52417	238121
7,52483	246479
7,52550	255029
7,52617	263729
7,52683	272541
7,52750	281409
7,52817	290301
7,52883	299199
7,52950	308060
7,53017	316878
7,53083	325687
7,53150	334509
7,53217	343346
7,53283	352212
7,53350	361132
7,53417	370135
7,53483	379214
7,53550	388326
7,53617	397446
7,53683	406581
7,53750	415780
7,53817	425078
7,53883	434504
7,53950	444078
7,54017	453825
7,54083	463746
7,54150	473819
7,54217	483968
7,54283	494119
7,54350	504221
7,54417	514228
7,54483	524179
7,54550	534171
7,54617	544244
7,54683	554336
7,54750	564310
7,54817	574071
7,54883	583580
7,54950	592834
7,55017	601814
7,55083	610492
7,55150	618785
7,55217	626530
7,55283	633440
7,55350	639073
7,55417	642901
7,55483	644413
7,55550	643066
7,55617	638436
7,55683	630246
7,55750	618483
7,55817	603350
7,55883	585250
7,55950	564681
7,56017	542177
7,56083	518259
7,56150	493410
7,56217	468052
7,56283	442548
7,56350	417199
7,56417	392252
7,56483	367904
7,56550	344306
7,56617	321576
7,56683	299796
7,56750	279023
7,56817	259291
7,56883	240615
7,56950	222997
7,57017	206423
7,57083	190873
7,57150	176316
7,57217	162719
7,57283	150045
7,57350	138251
7,57417	127294
7,57483	117133
7,57550	107723
7,57617	99020
7,57683	90981
7,57750	83564
7,57817	76729
7,57883	70437
7,57950	64651
7,58017	59334
7,58083	54454
7,58150	49979
7,58217	45878
7,58283	42122
7,58350	38685
7,58417	35543
7,58483	32671
7,58550	30048
7,58617	27654
7,58683	25469
7,58750	23476
7,58817	21658
7,58883	20000
7,58950	18489
7,59017	17111
7,59083	15856
7,59150	14713
7,59217	13672
7,59283	12724
7,59350	11861
7,59417	11076
7,59483	10362
7,59550	9712
7,59617	9122
7,59683	8584
7,59750	8095
7,59817	7649
7,59883	7243
7,59950	6874
7,60017	6538
7,60083	6232
7,60150	5954
7,60217	5700
7,60283	5469
7,60350	5259
7,60417	5068
7,60483	4894
7,60550	4735
7,60617	4590
7,60683	4458
7,60750	4338
7,60817	4230
7,60883	4131
7,60950	4042
7,61017	3961
7,61083	3887
7,61150	3820
7,61217	3759
7,61283	3703
7,61350	3651
7,61417	3603
7,61483	3559
7,61550	3517
7,61617	3477
7,61683	3439
7,61750	3402
7,61817	3368
7,61883	3335
7,61950	3304
7,62017	3274
7,62083	3245
7,62150	3218
7,62217	3191
7,62283	3167
7,62350	3144
7,62417	3122
7,62483	3101
7,62550	3082
7,62617	3064
7,62683	3046
7,62750	3030
7,62817	3015
7,62883	3001
7,62950	2988
7,63017	2975
7,63083	2962
7,63150	2950
7,63217	2938
7,63283	2926
7,63350	2914
7,63417	2901
7,63483	2889
7,63550	2875
7,63617	2861
7,63683	2847
7,63750	2832
7,63817	2816
7,63883	2799
7,63950	2781
7,64017	2763
7,64083	2744
7,64150	2725
7,64217	2705
7,64283	2686
7,64350	2665
7,64417	2645
7,64483	2624
7,64550	2604
7,64617	2583
7,64683	2563
7,64750	2542
7,64817	2522
7,64883	2502
7,64950	2482
7,65017	2462
7,65083	2442
7,65150	2422
7,65217	2403
7,65283	2383
7,65350	2363
7,65417	2343
7,65483	2323
7,65550	2302
7,65617	2281
7,65683	2260
7,65750	2239
7,65817	2218
7,65883	2196
7,65950	2174
7,66017	2152
7,66083	2130
7,66150	2108
7,66217	2086
7,66283	2065
7,66350	2043
7,66417	2023
7,66483	2002
7,66550	1983
7,66617	1963
7,66683	1945
7,66750	1927
7,66817	1909
7,66883	1891
7,66950	1874
7,67017	1858
7,67083	1842
7,67150	1827
7,67217	1813
7,67283	1800
7,67350	1788
7,67417	1777
7,67483	1767
7,67550	1758
7,67617	1750
7,67683	1743
7,67750	1736
7,67817	1730
7,67883	1725
7,67950	1720
7,68017	1716
7,68083	1712
7,68150	1707
7,68217	1703
7,68283	1698
7,68350	1694
7,68417	1689
7,68483	1684
7,68550	1678
7,68617	1672
7,68683	1666
7,68750	1660
7,68817	1653
7,68883	1646
7,68950	1638
7,69017	1630
7,69083	1621
7,69150	1612
7,69217	1602
7,69283	1592
7,69350	1581
7,69417	1571
7,69483	1560
7,69550	1549
7,69617	1537
7,69683	1525
7,69750	1513
7,69817	1501
7,69883	1489
7,69950	1477
7,70017	1464
7,70083	1452
7,70150	1439
7,70217	1427
7,70283	1414
7,70350	1402
7,70417	1389
7,70483	1376
7,70550	1364
7,70617	1352
7,70683	1340
7,70750	1328
7,70817	1316
7,70883	1304
7,70950	1292
7,71017	1281
7,71083	1270
7,71150	1259
7,71217	1248
7,71283	1238
7,71350	1228
7,71417	1218
7,71483	1208
7,71550	1199
7,71617	1190
7,71683	1182
7,71750	1173
7,71817	1165
7,71883	1157
7,71950	1150
7,72017	1142
7,72083	1134
7,72150	1127
7,72217	1119
7,72283	1112
7,72350	1105
7,72417	1097
7,72483	1090
7,72550	1082
7,72617	1075
7,72683	1068
7,72750	1061
7,72817	1055
7,72883	1048
7,72950	1042
7,73017	1035
7,73083	1029
7,73150	1023
7,73217	1018
7,73283	1012
7,73350	1007
7,73417	1002
7,73483	997
7,73550	992
7,73617	987
7,73683	982
7,73750	976
7,73817	971
7,73883	966
7,73950	961
7,74017	956
7,74083	951
7,74150	946
7,74217	941
7,74283	936
7,74350	931
7,74417	926
7,74483	921
7,74550	915
7,74617	910
7,74683	904
7,74750	898
7,74817	892
7,74883	886
7,74950	880
7,75017	875
7,75083	870
7,75150	864
7,75217	859
7,75283	854
7,75350	850
7,75417	845
7,75483	840
7,75550	835
7,75617	830
7,75683	825
7,75750	820
7,75817	816
7,75883	811
7,75950	806
7,76017	802
7,76083	797
7,76150	793
7,76217	789
7,76283	785
7,76350	782
7,76417	778
7,76483	774
7,76550	771
7,76617	767
7,76683	764
7,76750	760
7,76817	757
7,76883	753
7,76950	749
7,77017	746
7,77083	742
7,77150	739
7,77217	735
7,77283	731
7,77350	727
7,77417	723
7,77483	719
7,77550	716
7,77617	712
7,77683	708
7,77750	704
7,77817	700
7,77883	697
7,77950	693
7,78017	690
7,78083	686
7,78150	683
7,78217	680
7,78283	677
7,78350	674
7,78417	671
7,78483	668
7,78550	666
7,78617	663
7,78683	661
7,78750	659
7,78817	657
7,78883	654
7,78950	652
7,79017	650
7,79083	647
7,79150	645
7,79217	642
7,79283	639
7,79350	637
7,79417	634
7,79483	632
7,79550	630
7,79617	628
7,79683	625
7,79750	623
7,79817	621
7,79883	619
7,79950	617
7,80017	614
7,80083	611
7,80150	609
7,80217	606
7,80283	603
7,80350	600
7,80417	598
7,80483	595
7,80550	592
7,80617	589
7,80683	587
7,80750	585
7,80817	582
7,80883	580
7,80950	577
7,81017	575
7,81083	573
7,81150	570
7,81217	568
7,81283	566
7,81350	563
7,81417	561
7,81483	558
7,81550	556
7,81617	553
7,81683	551
7,81750	548
7,81817	546
7,81883	543
7,81950	541
7,82017	538
7,82083	536
7,82150	533
7,82217	530
7,82283	528
7,82350	525
7,82417	522
7,82483	519
7,82550	516
7,82617	513
7,82683	510
7,82750	508
7,82817	505
7,82883	502
7,82950	500
7,83017	497
7,83083	495
7,83150	492
7,83217	490
7,83283	488
7,83350	485
7,83417	483
7,83483	480
7,83550	478
7,83617	475
7,83683	473
7,83750	470
7,83817	468
7,83883	466
7,83950	464
7,84017	462
7,84083	459
7,84150	457
7,84217	455
7,84283	453
7,84350	451
7,84417	449
7,84483	448
7,84550	446
7,84617	444
7,84683	443
7,84750	441
7,84817	440
7,84883	438
7,84950	437
7,85017	435
7,85083	434
7,85150	433
7,85217	432
7,85283	431
7,85350	429
7,85417	428
7,85483	427
7,85550	426
7,85617	425
7,85683	424
7,85750	423
7,85817	421
7,85883	420
7,85950	419
7,86017	418
7,86083	417
7,86150	415
7,86217	414
7,86283	413
7,86350	412
7,86417	411
7,86483	410
7,86550	408
7,86617	407
7,86683	405
7,86750	404
7,86817	402
7,86883	401
7,86950	399
7,87017	397
7,87083	396
7,87150	394
7,87217	392
7,87283	390
7,87350	388
7,87417	386
7,87483	384
7,87550	381
7,87617	379
7,87683	377
7,87750	374
7,87817	372
7,87883	369
7,87950	367
7,88017	364
7,88083	362
7,88150	359
7,88217	357
7,88283	355
7,88350	352
7,88417	350
7,88483	348
7,88550	346
7,88617	344
7,88683	342
7,88750	340
7,88817	339
7,88883	337
7,88950	336
7,89017	334
7,89083	333
7,89150	332
7,89217	331
7,89283	330
7,89350	329
7,89417	328
7,89483	328
7,89550	327
7,89617	327
7,89683	326
7,89750	326
7,89817	326
7,89883	325
7,89950	325
7,90017	325
7,90083	324
7,90150	324
7,90217	323
7,90283	323
7,90350	322
7,90417	321
7,90483	321
7,90550	320
7,90617	319
7,90683	318
7,90750	317
7,90817	316
7,90883	315
7,90950	314
7,91017	313
7,91083	312
7,91150	311
7,91217	311
7,91283	310
7,91350	309
7,91417	308
7,91483	307
7,91550	307
7,91617	306
7,91683	305
7,91750	305
7,91817	304
7,91883	303
7,91950	303
7,92017	302
7,92083	302
7,92150	301
7,92217	301
7,92283	300
7,92350	300
7,92417	299
7,92483	299
7,92550	298
7,92617	297
7,92683	296
7,92750	295
7,92817	294
7,92883	293
7,92950	292
7,93017	291
7,93083	290
7,93150	289
7,93217	287
7,93283	286
7,93350	285
7,93417	284
7,93483	282
7,93550	281
7,93617	280
7,93683	278
7,93750	277
7,93817	276
7,93883	275
7,93950	273
7,94017	272
7,94083	271
7,94150	270
7,94217	269
7,94283	268
7,94350	267
7,94417	266
7,94483	265
7,94550	264
7,94617	263
7,94683	262
7,94750	261
7,94817	260
7,94883	259
7,94950	258
7,95017	257
7,95083	256
7,95150	255
7,95217	254
7,95283	254
7,95350	253
7,95417	252
7,95483	251
7,95550	251
7,95617	250
7,95683	250
7,95750	249
7,95817	249
7,95883	249
7,95950	249
7,96017	249
7,96083	249
7,96150	249
7,96217	249
7,96283	249
7,96350	248
7,96417	248
7,96483	248
7,96550	248
7,96617	248
7,96683	248
7,96750	249
7,96817	249
7,96883	249
7,96950	249
7,97017	249
7,97083	249
7,97150	249
7,97217	248
7,97283	248
7,97350	247
7,97417	247
7,97483	246
7,97550	246
7,97617	245
7,97683	245
7,97750	244
7,97817	243
7,97883	243
7,97950	242
7,98017	241
7,98083	240
7,98150	239
7,98217	237
7,98283	236
7,98350	235
7,98417	234
7,98483	233
7,98550	231
7,98617	230
7,98683	229
7,98750	228
7,98817	227
7,98883	226
7,98950	225
7,99017	223
7,99083	222
7,99150	221
7,99217	220
7,99283	219
7,99350	219
7,99417	218
7,99483	217
7,99550	216
7,99617	216
7,99683	215
7,99750	214
7,99817	214
7,99883	213
7,99950	213
8,00017	212
8,00083	211
8,00150	211
8,00217	210
8,00283	210
8,00350	209
8,00417	208
8,00483	208
8,00550	207
8,00617	206
8,00683	206
8,00750	205
8,00817	205
8,00883	204
8,00950	203
8,01017	203
8,01083	202
8,01150	202
8,01217	201
8,01283	201
8,01350	201
8,01417	200
8,01483	200
8,01550	200
8,01617	199
8,01683	199
8,01750	199
8,01817	198
8,01883	198
8,01950	198
8,02017	198
8,02083	197
8,02150	197
8,02217	197
8,02283	196
8,02350	196
8,02417	196
8,02483	195
8,02550	195
8,02617	194
8,02683	194
8,02750	193
8,02817	193
8,02883	192
8,02950	192
8,03017	191
8,03083	191
8,03150	190
8,03217	190
8,03283	189
8,03350	189
8,03417	188
8,03483	187
8,03550	186
8,03617	186
8,03683	185
8,03750	185
8,03817	185
8,03883	184
8,03950	184
8,04017	183
8,04083	183
8,04150	182
8,04217	182
8,04283	181
8,04350	180
8,04417	180
8,04483	179
8,04550	178
8,04617	177
8,04683	177
8,04750	176
8,04817	175
8,04883	175
8,04950	174
8,05017	174
8,05083	173
8,05150	173
8,05217	173
8,05283	172
8,05350	172
8,05417	172
8,05483	172
8,05550	171
8,05617	171
8,05683	171
8,05750	171
8,05817	170
8,05883	170
8,05950	170
8,06017	169
8,06083	169
8,06150	168
8,06217	167
8,06283	167
8,06350	166
8,06417	166
8,06483	165
8,06550	164
8,06617	164
8,06683	163
8,06750	163
8,06817	163
8,06883	162
8,06950	162
8,07017	161
8,07083	161
8,07150	160
8,07217	160
8,07283	160
8,07350	159
8,07417	159
8,07483	159
8,07550	159
8,07617	158
8,07683	158
8,07750	158
8,07817	158
8,07883	157
8,07950	157
8,08017	157
8,08083	157
8,08150	156
8,08217	156
8,08283	156
8,08350	156
8,08417	156
8,08483	156
8,08550	156
8,08617	156
8,08683	156
8,08750	156
8,08817	155
8,08883	155
8,08950	154
8,09017	154
8,09083	153
8,09150	153
8,09217	152
8,09283	152
8,09350	151
8,09417	151
8,09483	150
8,09550	150
8,09617	150
8,09683	149
8,09750	149
8,09817	149
8,09883	148
8,09950	148
8,10017	148
8,10083	147
8,10150	147
8,10217	146
8,10283	146
8,10350	145
8,10417	145
8,10483	144
8,10550	144
8,10617	143
8,10683	143
8,10750	142
8,10817	142
8,10883	141
8,10950	141
8,11017	140
8,11083	140
8,11150	140
8,11217	139
8,11283	139
8,11350	139
8,11417	138
8,11483	138
8,11550	138
8,11617	138
8,11683	138
8,11750	138
8,11817	138
8,11883	138
8,11950	138
8,12017	138
8,12083	138
8,12150	137
8,12217	137
8,12283	137
8,12350	137
8,12417	136
8,12483	136
8,12550	136
8,12617	136
8,12683	136
8,12750	136
8,12817	136
8,12883	135
8,12950	135
8,13017	135
8,13083	135
8,13150	135
8,13217	134
8,13283	134
8,13350	134
8,13417	134
8,13483	133
8,13550	133
8,13617	133
8,13683	133
8,13750	133
8,13817	133
8,13883	133
8,13950	133
8,14017	133
8,14083	133
8,14150	133
8,14217	133
8,14283	132
8,14350	132
8,14417	132
8,14483	132
8,14550	132
8,14617	132
8,14683	132
8,14750	132
8,14817	132
8,14883	131
8,14950	131
8,15017	131
8,15083	131
8,15150	131
8,15217	131
8,15283	131
8,15350	131
8,15417	130
8,15483	130
8,15550	130
8,15617	129
8,15683	129
8,15750	129
8,15817	128
8,15883	128
8,15950	128
8,16017	127
8,16083	127
8,16150	127
8,16217	126
8,16283	126
8,16350	125
8,16417	125
8,16483	125
8,16550	124
8,16617	124
8,16683	123
8,16750	123
8,16817	123
8,16883	122
8,16950	122
8,17017	121
8,17083	121
8,17150	120
8,17217	119
8,17283	119
8,17350	119
8,17417	118
8,17483	118
8,17550	117
8,17617	117
8,17683	117
8,17750	116
8,17817	116
8,17883	116
8,17950	116
8,18017	116
8,18083	116
8,18150	115
8,18217	115
8,18283	115
8,18350	114
8,18417	114
8,18483	113
8,18550	112
8,18617	112
8,18683	111
8,18750	111
8,18817	110
8,18883	109
8,18950	109
8,19017	108
8,19083	108
8,19150	107
8,19217	107
8,19283	106
8,19350	106
8,19417	106
8,19483	105
8,19550	105
8,19617	105
8,19683	104
8,19750	104
8,19817	104
8,19883	103
8,19950	103
8,20017	103
8,20083	103
8,20150	103
8,20217	103
8,20283	103
8,20350	102
8,20417	102
8,20483	103
8,20550	103
8,20617	103
8,20683	103
8,20750	103
8,20817	103
8,20883	103
8,20950	103
8,21017	103
8,21083	103
8,21150	103
8,21217	103
8,21283	103
8,21350	103
8,21417	103
8,21483	103
8,21550	103
8,21617	104
8,21683	104
8,21750	104
8,21817	103
8,21883	103
8,21950	103
8,22017	103
8,22083	103
8,22150	103
8,22217	102
8,22283	102
8,22350	102
8,22417	102
8,22483	102
8,22550	102
8,22617	102
8,22683	102
8,22750	102
8,22817	102
8,22883	102
8,22950	102
8,23017	102
8,23083	102
8,23150	102
8,23217	101
8,23283	101
8,23350	101
8,23417	101
8,23483	101
8,23550	101
8,23617	101
8,23683	101
8,23750	100
8,23817	100
8,23883	100
8,23950	100
8,24017	100
8,24083	100
8,24150	99
8,24217	99
8,24283	99
8,24350	98
8,24417	98
8,24483	97
8,24550	97
8,24617	97
8,24683	97
8,24750	96
8,24817	96
8,24883	96
8,24950	96
8,25017	95
8,25083	95
8,25150	95
8,25217	95
8,25283	95
8,25350	95
8,25417	94
8,25483	94
8,25550	94
8,25617	94
8,25683	94
8,25750	94
8,25817	94
8,25883	94
8,25950	94
8,26017	94
8,26083	94
8,26150	94
8,26217	94
8,26283	94
8,26350	94
8,26417	94
8,26483	94
8,26550	93
8,26617	93
8,26683	93
8,26750	93
8,26817	93
8,26883	93
8,26950	93
8,27017	93
8,27083	92
8,27150	92
8,27217	92
8,27283	92
8,27350	91
8,27417	91
8,27483	91
8,27550	91
8,27617	91
8,27683	91
8,27750	91
8,27817	91
8,27883	91
8,27950	91
8,28017	90
8,28083	90
8,28150	90
8,28217	90
8,28283	90
8,28350	89
8,28417	89
8,28483	89
8,28550	89
8,28617	89
8,28683	89
8,28750	89
8,28817	89
8,28883	89
8,28950	89
8,29017	89
8,29083	89
8,29150	89
8,29217	89
8,29283	89
8,29350	90
8,29417	90
8,29483	90
8,29550	91
8,29617	91
8,29683	92
8,29750	93
8,29817	94
8,29883	95
8,29950	97
8,30017	98
8,30083	100
8,30150	102
8,30217	104
8,30283	107
8,30350	110
8,30417	113
8,30483	117
8,30550	120
8,30617	124
8,30683	128
8,30750	131
8,30817	135
8,30883	139
8,30950	143
8,31017	147
8,31083	151
8,31150	155
8,31217	159
8,31283	163
8,31350	167
8,31417	170
8,31483	174
8,31550	177
8,31617	180
8,31683	183
8,31750	186
8,31817	188
8,31883	190
8,31950	192
8,32017	194
8,32083	195
8,32150	197
8,32217	198
8,32283	198
8,32350	199
8,32417	199
8,32483	199
8,32550	199
8,32617	199
8,32683	199
8,32750	199
8,32817	198
8,32883	198
8,32950	197
8,33017	196
8,33083	195
8,33150	194
8,33217	193
8,33283	192
8,33350	192
8,33417	191
8,33483	190
8,33550	189
8,33617	188
8,33683	187
8,33750	186
8,33817	186
8,33883	185
8,33950	185
8,34017	185
8,34083	185
8,34150	184
8,34217	184
8,34283	184
8,34350	184
8,34417	183
8,34483	183
8,34550	183
8,34617	183
8,34683	183
8,34750	184
8,34817	184
8,34883	184
8,34950	184
8,35017	185
8,35083	185
8,35150	185
8,35217	184
8,35283	184
8,35350	184
8,35417	183
8,35483	182
8,35550	182
8,35617	181
8,35683	180
8,35750	178
8,35817	177
8,35883	176
8,35950	175
8,36017	173
8,36083	172
8,36150	171
8,36217	169
8,36283	168
8,36350	166
8,36417	165
8,36483	163
8,36550	162
8,36617	160
8,36683	158
8,36750	156
8,36817	154
8,36883	153
8,36950	151
8,37017	149
8,37083	148
8,37150	146
8,37217	144
8,37283	143
8,37350	141
8,37417	140
8,37483	138
8,37550	137
8,37617	136
8,37683	135
8,37750	133
8,37817	132
8,37883	131
8,37950	129
8,38017	128
8,38083	127
8,38150	126
8,38217	124
8,38283	123
8,38350	122
8,38417	121
8,38483	120
8,38550	118
8,38617	117
8,38683	116
8,38750	115
8,38817	114
8,38883	113
8,38950	112
8,39017	111
8,39083	110
8,39150	109
8,39217	108
8,39283	108
8,39350	107
8,39417	106
8,39483	106
8,39550	105
8,39617	105
8,39683	105
8,39750	105
8,39817	105
8,39883	104
8,39950	104
8,40017	104
8,40083	104
8,40150	103
8,40217	103
8,40283	103
8,40350	103
8,40417	103
8,40483	103
8,40550	103
8,40617	103
8,40683	103
8,40750	102
8,40817	102
8,40883	102
8,40950	101
8,41017	101
8,41083	100
8,41150	100
8,41217	99
8,41283	99
8,41350	98
8,41417	98
8,41483	98
8,41550	98
8,41617	98
8,41683	97
8,41750	97
8,41817	97
8,41883	97
8,41950	97
8,42017	97
8,42083	96
8,42150	96
8,42217	95
8,42283	95
8,42350	94
8,42417	94
8,42483	93
8,42550	93
8,42617	92
8,42683	92
8,42750	91
8,42817	91
8,42883	90
8,42950	90
8,43017	89
8,43083	88
8,43150	88
8,43217	87
8,43283	86
8,43350	86
8,43417	85
8,43483	85
8,43550	85
8,43617	84
8,43683	84
8,43750	84
8,43817	83
8,43883	83
8,43950	83
8,44017	83
8,44083	83
8,44150	83
8,44217	83
8,44283	83
8,44350	83
8,44417	83
8,44483	83
8,44550	83
8,44617	83
8,44683	84
8,44750	84
8,44817	85
8,44883	85
8,44950	85
8,45017	86
8,45083	86
8,45150	86
8,45217	86
8,45283	86
8,45350	86
8,45417	85
8,45483	85
8,45550	85
8,45617	85
8,45683	85
8,45750	84
8,45817	84
8,45883	84
8,45950	84
8,46017	84
8,46083	84
8,46150	84
8,46217	84
8,46283	84
8,46350	84
8,46417	84
8,46483	84
8,46550	84
8,46617	84
8,46683	84
8,46750	84
8,46817	84
8,46883	84
8,46950	84
8,47017	83
8,47083	83
8,47150	83
8,47217	83
8,47283	83
8,47350	83
8,47417	83
8,47483	83
8,47550	83
8,47617	83
8,47683	83
8,47750	83
8,47817	84
8,47883	84
8,47950	84
8,48017	84
8,48083	84
8,48150	84
8,48217	84
8,48283	84
8,48350	84
8,48417	84
8,48483	84
8,48550	84
8,48617	84
8,48683	83
8,48750	83
8,48817	83
8,48883	82
8,48950	82
8,49017	82
8,49083	82
8,49150	81
8,49217	81
8,49283	81
8,49350	81
8,49417	81
8,49483	80
8,49550	80
8,49617	80
8,49683	79
8,49750	79
8,49817	79
8,49883	78
8,49950	78
8,50017	78
8,50083	78
8,50150	77
8,50217	77
8,50283	77
8,50350	76
8,50417	76
8,50483	76
8,50550	76
8,50617	75
8,50683	75
8,50750	75
8,50817	75
8,50883	75
8,50950	75
8,51017	75
8,51083	75
8,51150	75
8,51217	75
8,51283	74
8,51350	74
8,51417	74
8,51483	74
8,51550	74
8,51617	73
8,51683	73
8,51750	73
8,51817	73
8,51883	73
8,51950	73
8,52017	73
8,52083	73
8,52150	73
8,52217	73
8,52283	73
8,52350	72
8,52417	72
8,52483	72
8,52550	72
8,52617	72
8,52683	72
8,52750	72
8,52817	72
8,52883	72
8,52950	72
8,53017	73
8,53083	73
8,53150	73
8,53217	73
8,53283	73
8,53350	73
8,53417	74
8,53483	74
8,53550	74
8,53617	74
8,53683	74
8,53750	74
8,53817	74
8,53883	74
8,53950	75
8,54017	75
8,54083	75
8,54150	76
8,54217	76
8,54283	76
8,54350	77
8,54417	77
8,54483	78
8,54550	78
8,54617	78
8,54683	78
8,54750	78
8,54817	78
8,54883	77
8,54950	77
8,55017	77
8,55083	76
8,55150	76
8,55217	76
8,55283	75
8,55350	75
8,55417	75
8,55483	75
8,55550	75
8,55617	75
8,55683	75
8,55750	75
8,55817	75
8,55883	75
8,55950	75
8,56017	75
8,56083	75
8,56150	74
8,56217	74
8,56283	74
8,56350	74
8,56417	74
8,56483	74
8,56550	74
8,56617	74
8,56683	73
8,56750	73
8,56817	73
8,56883	73
8,56950	73
8,57017	73
8,57083	72
8,57150	72
8,57217	72
8,57283	71
8,57350	71
8,57417	71
8,57483	70
8,57550	70
8,57617	70
8,57683	69
8,57750	69
8,57817	69
8,57883	69
8,57950	69
8,58017	69
8,58083	69
8,58150	69
8,58217	69
8,58283	69
8,58350	69
8,58417	69
8,58483	69
8,58550	69
8,58617	70
8,58683	70
8,58750	70
8,58817	70
8,58883	70
8,58950	69
8,59017	69
8,59083	69
8,59150	69
8,59217	69
8,59283	68
8,59350	68
8,59417	68
8,59483	68
8,59550	68
8,59617	68
8,59683	68
8,59750	68
8,59817	68
8,59883	68
8,59950	68
8,60017	68
8,60083	68
8,60150	68
8,60217	68
8,60283	68
8,60350	68
8,60417	68
8,60483	68
8,60550	68
8,60617	67
8,60683	67
8,60750	67
8,60817	67
8,60883	67
8,60950	67
8,61017	67
8,61083	66
8,61150	66
8,61217	65
8,61283	65
8,61350	65
8,61417	65
8,61483	64
8,61550	64
8,61617	64
8,61683	64
8,61750	64
8,61817	64
8,61883	64
8,61950	64
8,62017	63
8,62083	63
8,62150	64
8,62217	63
8,62283	63
8,62350	63
8,62417	63
8,62483	63
8,62550	63
8,62617	63
8,62683	63
8,62750	63
8,62817	62
8,62883	62
8,62950	62
8,63017	62
8,63083	62
8,63150	63
8,63217	62
8,63283	62
8,63350	62
8,63417	62
8,63483	62
8,63550	62
8,63617	62
8,63683	63
8,63750	63
8,63817	63
8,63883	63
8,63950	64
8,64017	64
8,64083	64
8,64150	64
8,64217	64
8,64283	64
8,64350	64
8,64417	64
8,64483	64
8,64550	64
8,64617	64
8,64683	64
8,64750	64
8,64817	64
8,64883	63
8,64950	63
8,65017	63
8,65083	63
8,65150	63
8,65217	63
8,65283	63
8,65350	63
8,65417	63
8,65483	63
8,65550	63
8,65617	63
8,65683	63
8,65750	63
8,65817	63
8,65883	63
8,65950	63
8,66017	63
8,66083	63
8,66150	64
8,66217	64
8,66283	64
8,66350	64
8,66417	64
8,66483	64
8,66550	64
8,66617	64
8,66683	64
8,66750	64
8,66817	64
8,66883	64
8,66950	64
8,67017	64
8,67083	64
8,67150	64
8,67217	64
8,67283	64
8,67350	65
8,67417	65
8,67483	66
8,67550	66
8,67617	66
8,67683	66
8,67750	66
8,67817	67
8,67883	67
8,67950	66
8,68017	66
8,68083	66
8,68150	66
8,68217	66
8,68283	66
8,68350	65
8,68417	65
8,68483	65
8,68550	65
8,68617	65
8,68683	65
8,68750	65
8,68817	65
8,68883	65
8,68950	65
8,69017	64
8,69083	64
8,69150	64
8,69217	64
8,69283	64
8,69350	64
8,69417	63
8,69483	63
8,69550	63
8,69617	63
8,69683	63
8,69750	63
8,69817	63
8,69883	63
8,69950	63
8,70017	63
8,70083	63
8,70150	63
8,70217	63
8,70283	63
8,70350	63
8,70417	63
8,70483	63
8,70550	63
8,70617	63
8,70683	63
8,70750	63
8,70817	63
8,70883	63
8,70950	63
8,71017	63
8,71083	62
8,71150	62
8,71217	63
8,71283	63
8,71350	63
8,71417	63
8,71483	63
8,71550	63
8,71617	63
8,71683	63
8,71750	63
8,71817	63
8,71883	63
8,71950	63
8,72017	63
8,72083	63
8,72150	63
8,72217	63
8,72283	63
8,72350	63
8,72417	64
8,72483	64
8,72550	64
8,72617	65
8,72683	65
8,72750	66
8,72817	66
8,72883	66
8,72950	67
8,73017	67
8,73083	67
8,73150	67
8,73217	67
8,73283	67
8,73350	67
8,73417	67
8,73483	67
8,73550	67
8,73617	67
8,73683	67
8,73750	67
8,73817	67
8,73883	67
8,73950	67
8,74017	67
8,74083	67
8,74150	67
8,74217	67
8,74283	67
8,74350	67
8,74417	67
8,74483	67
8,74550	67
8,74617	66
8,74683	66
8,74750	66
8,74817	66
8,74883	67
8,74950	67
8,75017	67
8,75083	67
8,75150	68
8,75217	68
8,75283	68
8,75350	68
8,75417	68
8,75483	69
8,75550	69
8,75617	69
8,75683	70
8,75750	70
8,75817	71
8,75883	71
8,75950	72
8,76017	72
8,76083	72
8,76150	72
8,76217	72
8,76283	72
8,76350	72
8,76417	72
8,76483	72
8,76550	72
8,76617	72
8,76683	72
8,76750	73
8,76817	73
8,76883	73
8,76950	73
8,77017	73
8,77083	73
8,77150	73
8,77217	74
8,77283	74
8,77350	74
8,77417	74
8,77483	74
8,77550	75
8,77617	75
8,77683	75
8,77750	75
8,77817	75
8,77883	75
8,77950	75
8,78017	75
8,78083	75
8,78150	75
8,78217	75
8,78283	75
8,78350	74
8,78417	74
8,78483	74
8,78550	74
8,78617	74
8,78683	74
8,78750	74
8,78817	74
8,78883	74
8,78950	74
8,79017	74
8,79083	74
8,79150	73
8,79217	73
8,79283	73
8,79350	72
8,79417	72
8,79483	71
8,79550	71
8,79617	71
8,79683	70
8,79750	70
8,79817	70
8,79883	70
8,79950	70
8,80017	70
8,80083	70
8,80150	69
8,80217	69
8,80283	70
8,80350	70
8,80417	70
8,80483	70
8,80550	70
8,80617	70
8,80683	70
8,80750	71
8,80817	71
8,80883	71
8,80950	71
8,81017	71
8,81083	71
8,81150	71
8,81217	71
8,81283	71
8,81350	71
8,81417	71
8,81483	72
8,81550	72
8,81617	72
8,81683	72
8,81750	72
8,81817	72
8,81883	72
8,81950	72
8,82017	72
8,82083	72
8,82150	73
8,82217	73
8,82283	73
8,82350	73
8,82417	73
8,82483	73
8,82550	73
8,82617	73
8,82683	73
8,82750	72
8,82817	72
8,82883	72
8,82950	72
8,83017	72
8,83083	72
8,83150	72
8,83217	72
8,83283	72
8,83350	73
8,83417	73
8,83483	73
8,83550	73
8,83617	73
8,83683	74
8,83750	74
8,83817	74
8,83883	74
8,83950	74
8,84017	74
8,84083	75
8,84150	75
8,84217	75
8,84283	76
8,84350	76
8,84417	76
8,84483	76
8,84550	76
8,84617	76
8,84683	76
8,84750	76
8,84817	76
8,84883	75
8,84950	75
8,85017	75
8,85083	75
8,85150	75
8,85217	76
8,85283	76
8,85350	76
8,85417	76
8,85483	76
8,85550	76
8,85617	77
8,85683	77
8,85750	77
8,85817	77
8,85883	77
8,85950	77
8,86017	77
8,86083	77
8,86150	77
8,86217	77
8,86283	77
8,86350	78
8,86417	78
8,86483	78
8,86550	78
8,86617	78
8,86683	78
8,86750	78
8,86817	78
8,86883	78
8,86950	78
8,87017	78
8,87083	78
8,87150	78
8,87217	78
8,87283	78
8,87350	78
8,87417	78
8,87483	78
8,87550	78
8,87617	78
8,87683	79
8,87750	79
8,87817	80
8,87883	80
8,87950	80
8,88017	81
8,88083	81
8,88150	81
8,88217	82
8,88283	82
8,88350	82
8,88417	83
8,88483	83
8,88550	83
8,88617	83
8,88683	83
8,88750	83
8,88817	83
8,88883	83
8,88950	84
8,89017	84
8,89083	84
8,89150	84
8,89217	84
8,89283	84
8,89350	84
8,89417	83
8,89483	83
8,89550	83
8,89617	83
8,89683	82
8,89750	82
8,89817	82
8,89883	82
8,89950	81
8,90017	81
8,90083	81
8,90150	81
8,90217	81
8,90283	81
8,90350	81
8,90417	81
8,90483	80
8,90550	80
8,90617	80
8,90683	79
8,90750	79
8,90817	79
8,90883	78
8,90950	78
8,91017	78
8,91083	77
8,91150	77
8,91217	77
8,91283	77
8,91350	76
8,91417	76
8,91483	76
8,91550	76
8,91617	75
8,91683	75
8,91750	75
8,91817	75
8,91883	75
8,91950	75
8,92017	75
8,92083	74
8,92150	74
8,92217	74
8,92283	74
8,92350	74
8,92417	74
8,92483	74
8,92550	74
8,92617	73
8,92683	74
8,92750	74
8,92817	74
8,92883	74
8,92950	74
8,93017	74
8,93083	74
8,93150	74
8,93217	74
8,93283	74
8,93350	74
8,93417	74
8,93483	74
8,93550	74
8,93617	74
8,93683	74
8,93750	74
8,93817	74
8,93883	75
8,93950	75
8,94017	75
8,94083	75
8,94150	75
8,94217	75
8,94283	75
8,94350	75
8,94417	74
8,94483	74
8,94550	74
8,94617	74
8,94683	74
8,94750	73
8,94817	73
8,94883	73
8,94950	73
8,95017	73
8,95083	73
8,95150	73
8,95217	73
8,95283	72
8,95350	72
8,95417	71
8,95483	71
8,95550	70
8,95617	70
8,95683	69
8,95750	69
8,95817	69
8,95883	69
8,95950	68
8,96017	68
8,96083	68
8,96150	68
8,96217	68
8,96283	68
8,96350	68
8,96417	68
8,96483	68
8,96550	68
8,96617	68
8,96683	68
8,96750	68
8,96817	68
8,96883	68
8,96950	68
8,97017	68
8,97083	68
8,97150	68
8,97217	69
8,97283	69
8,97350	69
8,97417	69
8,97483	69
8,97550	69
8,97617	69
8,97683	69
8,97750	69
8,97817	69
8,97883	69
8,97950	69
8,98017	69
8,98083	70
8,98150	70
8,98217	70
8,98283	70
8,98350	70
8,98417	70
8,98483	70
8,98550	70
8,98617	70
8,98683	70
8,98750	70
8,98817	69
8,98883	69
8,98950	69
8,99017	69
8,99083	70
8,99150	70
8,99217	70
8,99283	70
8,99350	70
8,99417	70
8,99483	70
8,99550	70
8,99617	70
8,99683	70
8,99750	70
8,99817	70
8,99883	70
8,99950	70
9,00017	70
9,00083	70
9,00150	70
9,00217	70
9,00283	71
9,00350	70
9,00417	70
9,00483	71
9,00550	71
9,00617	70
9,00683	70
9,00750	70
9,00817	70
9,00883	70
9,00950	70
9,01017	70
9,01083	70
9,01150	70
9,01217	70
9,01283	70
9,01350	70
9,01417	70
9,01483	70
9,01550	70
9,01617	70
9,01683	70
9,01750	69
9,01817	69
9,01883	69
9,01950	69
9,02017	69
9,02083	69
9,02150	69
9,02217	69
9,02283	69
9,02350	69
9,02417	69
9,02483	70
9,02550	70
9,02617	70
9,02683	70
9,02750	70
9,02817	70
9,02883	71
9,02950	71
9,03017	71
9,03083	71
9,03150	71
9,03217	71
9,03283	71
9,03350	71
9,03417	70
9,03483	70
9,03550	70
9,03617	70
9,03683	70
9,03750	70
9,03817	70
9,03883	70
9,03950	70
9,04017	70
9,04083	70
9,04150	70
9,04217	70
9,04283	70
9,04350	71
9,04417	71
9,04483	71
9,04550	71
9,04617	71
9,04683	71
9,04750	71
9,04817	71
9,04883	71
9,04950	71
9,05017	71
9,05083	71
9,05150	71
9,05217	71
9,05283	71
9,05350	71
9,05417	70
9,05483	70
9,05550	70
9,05617	70
9,05683	70
9,05750	70
9,05817	70
9,05883	69
9,05950	69
9,06017	69
9,06083	68
9,06150	68
9,06217	68
9,06283	68
9,06350	67
9,06417	67
9,06483	67
9,06550	67
9,06617	68
9,06683	68
9,06750	68
9,06817	69
9,06883	69
9,06950	69
9,07017	69
9,07083	69
9,07150	69
9,07217	69
9,07283	68
9,07350	68
9,07417	68
9,07483	68
9,07550	68
9,07617	68
9,07683	68
9,07750	68
9,07817	68
9,07883	68
9,07950	68
9,08017	68
9,08083	68
9,08150	68
9,08217	68
9,08283	68
9,08350	68
9,08417	68
9,08483	68
9,08550	68
9,08617	68
9,08683	69
9,08750	69
9,08817	69
9,08883	69
9,08950	69
9,09017	69
9,09083	69
9,09150	69
9,09217	70
9,09283	70
9,09350	70
9,09417	70
9,09483	70
9,09550	70
9,09617	70
9,09683	70
9,09750	71
9,09817	71
9,09883	71
9,09950	71
9,10017	71
9,10083	71
9,10150	71
9,10217	71
9,10283	71
9,10350	71
9,10417	71
9,10483	71
9,10550	71
9,10617	72
9,10683	72
9,10750	72
9,10817	72
9,10883	72
9,10950	72
9,11017	72
9,11083	73
9,11150	73
9,11217	73
9,11283	72
9,11350	72
9,11417	72
9,11483	72
9,11550	72
9,11617	71
9,11683	71
9,11750	71
9,11817	71
9,11883	71
9,11950	71
9,12017	71
9,12083	71
9,12150	71
9,12217	72
9,12283	72
9,12350	72
9,12417	72
9,12483	72
9,12550	72
9,12617	71
9,12683	71
9,12750	71
9,12817	71
9,12883	71
9,12950	71
9,13017	71
9,13083	71
9,13150	71
9,13217	71
9,13283	72
9,13350	72
9,13417	72
9,13483	72
9,13550	72
9,13617	72
9,13683	72
9,13750	72
9,13817	72
9,13883	72
9,13950	72
9,14017	72
9,14083	72
9,14150	72
9,14217	72
9,14283	72
9,14350	72
9,14417	72
9,14483	72
9,14550	72
9,14617	72
9,14683	72
9,14750	72
9,14817	72
9,14883	72
9,14950	72
9,15017	72
9,15083	72
9,15150	72
9,15217	72
9,15283	72
9,15350	73
9,15417	73
9,15483	73
9,15550	73
9,15617	73
9,15683	73
9,15750	73
9,15817	73
9,15883	73
9,15950	73
9,16017	73
9,16083	73
9,16150	73
9,16217	73
9,16283	73
9,16350	72
9,16417	72
9,16483	72
9,16550	72
9,16617	71
9,16683	71
9,16750	71
9,16817	71
9,16883	70
9,16950	70
9,17017	70
9,17083	70
9,17150	71
9,17217	71
9,17283	72
9,17350	72
9,17417	73
9,17483	73
9,17550	73
9,17617	74
9,17683	74
9,17750	74
9,17817	75
9,17883	75
9,17950	75
9,18017	75
9,18083	75
9,18150	76
9,18217	76
9,18283	76
9,18350	76
9,18417	76
9,18483	76
9,18550	76
9,18617	76
9,18683	76
9,18750	76
9,18817	76
9,18883	76
9,18950	75
9,19017	75
9,19083	75
9,19150	75
9,19217	75
9,19283	75
9,19350	75
9,19417	75
9,19483	75
9,19550	75
9,19617	76
9,19683	76
9,19750	76
9,19817	76
9,19883	76
9,19950	76
9,20017	76
9,20083	76
9,20150	76
9,20217	77
9,20283	77
9,20350	77
9,20417	77
9,20483	76
9,20550	76
9,20617	76
9,20683	76
9,20750	76
9,20817	76
9,20883	76
9,20950	76
9,21017	76
9,21083	75
9,21150	75
9,21217	75
9,21283	75
9,21350	75
9,21417	75
9,21483	75
9,21550	75
9,21617	75
9,21683	75
9,21750	75
9,21817	75
9,21883	75
9,21950	75
9,22017	75
9,22083	75
9,22150	74
9,22217	74
9,22283	74
9,22350	74
9,22417	74
9,22483	74
9,22550	74
9,22617	75
9,22683	75
9,22750	75
9,22817	75
9,22883	75
9,22950	76
9,23017	76
9,23083	76
9,23150	76
9,23217	76
9,23283	76
9,23350	76
9,23417	77
9,23483	77
9,23550	77
9,23617	77
9,23683	78
9,23750	78
9,23817	78
9,23883	79
9,23950	79
9,24017	79
9,24083	79
9,24150	79
9,24217	79
9,24283	79
9,24350	79
9,24417	79
9,24483	79
9,24550	79
9,24617	79
9,24683	79
9,24750	79
9,24817	79
9,24883	79
9,24950	79
9,25017	79
9,25083	79
9,25150	79
9,25217	78
9,25283	78
9,25350	78
9,25417	78
9,25483	78
9,25550	78
9,25617	78
9,25683	78
9,25750	78
9,25817	78
9,25883	78
9,25950	78
9,26017	78
9,26083	78
9,26150	78
9,26217	78
9,26283	78
9,26350	78
9,26417	78
9,26483	78
9,26550	78
9,26617	78
9,26683	78
9,26750	78
9,26817	78
9,26883	78
9,26950	77
9,27017	77
9,27083	77
9,27150	77
9,27217	77
9,27283	77
9,27350	77
9,27417	76
9,27483	76
9,27550	76
9,27617	76
9,27683	76
9,27750	76
9,27817	76
9,27883	76
9,27950	77
9,28017	77
9,28083	77
9,28150	77
9,28217	78
9,28283	78
9,28350	78
9,28417	78
9,28483	79
9,28550	79
9,28617	79
9,28683	79
9,28750	79
9,28817	79
9,28883	78
9,28950	78
9,29017	78
9,29083	78
9,29150	78
9,29217	78
9,29283	77
9,29350	77
9,29417	77
9,29483	77
9,29550	77
9,29617	76
9,29683	76
9,29750	76
9,29817	76
9,29883	76
9,29950	76
9,30017	76
9,30083	76
9,30150	76
9,30217	76
9,30283	76
9,30350	76
9,30417	76
9,30483	76
9,30550	75
9,30617	75
9,30683	75
9,30750	75
9,30817	75
9,30883	74
9,30950	74
9,31017	74
9,31083	74
9,31150	74
9,31217	74
9,31283	74
9,31350	74
9,31417	74
9,31483	74
9,31550	74
9,31617	75
9,31683	75
9,31750	75
9,31817	75
9,31883	75
9,31950	75
9,32017	76
9,32083	76
9,32150	76
9,32217	76
9,32283	76
9,32350	76
9,32417	76
9,32483	76
9,32550	75
9,32617	75
9,32683	75
9,32750	75
9,32817	75
9,32883	75
9,32950	75
9,33017	75
9,33083	75
9,33150	75
9,33217	75
9,33283	76
9,33350	76
9,33417	76
9,33483	76
9,33550	76
9,33617	76
9,33683	76
9,33750	75
9,33817	75
9,33883	75
9,33950	75
9,34017	75
9,34083	75
9,34150	75
9,34217	75
9,34283	75
9,34350	75
9,34417	75
9,34483	75
9,34550	75
9,34617	75
9,34683	75
9,34750	76
9,34817	76
9,34883	76
9,34950	76
9,35017	76
9,35083	76
9,35150	76
9,35217	77
9,35283	77
9,35350	78
9,35417	78
9,35483	79
9,35550	79
9,35617	79
9,35683	79
9,35750	80
9,35817	80
9,35883	80
9,35950	80
9,36017	80
9,36083	80
9,36150	80
9,36217	80
9,36283	80
9,36350	80
9,36417	80
9,36483	80
9,36550	80
9,36617	80
9,36683	80
9,36750	81
9,36817	81
9,36883	81
9,36950	81
9,37017	81
9,37083	81
9,37150	81
9,37217	81
9,37283	81
9,37350	81
9,37417	81
9,37483	81
9,37550	81
9,37617	81
9,37683	81
9,37750	81
9,37817	81
9,37883	81
9,37950	81
9,38017	81
9,38083	81
9,38150	81
9,38217	82
9,38283	82
9,38350	82
9,38417	83
9,38483	83
9,38550	83
9,38617	84
9,38683	84
9,38750	85
9,38817	85
9,38883	85
9,38950	85
9,39017	85
9,39083	85
9,39150	85
9,39217	85
9,39283	85
9,39350	85
9,39417	85
9,39483	85
9,39550	85
9,39617	85
9,39683	86
9,39750	86
9,39817	86
9,39883	86
9,39950	86
9,40017	86
9,40083	86
9,40150	86
9,40217	86
9,40283	85
9,40350	85
9,40417	85
9,40483	85
9,40550	86
9,40617	86
9,40683	86
9,40750	86
9,40817	87
9,40883	87
9,40950	87
9,41017	87
9,41083	87
9,41150	88
9,41217	88
9,41283	89
9,41350	89
9,41417	90
9,41483	90
9,41550	91
9,41617	92
9,41683	93
9,41750	94
9,41817	95
9,41883	96
9,41950	97
9,42017	99
9,42083	100
9,42150	101
9,42217	101
9,42283	102
9,42350	103
9,42417	104
9,42483	105
9,42550	106
9,42617	106
9,42683	107
9,42750	108
9,42817	108
9,42883	109
9,42950	109
9,43017	110
9,43083	110
9,43150	110
9,43217	110
9,43283	111
9,43350	111
9,43417	111
9,43483	110
9,43550	110
9,43617	110
9,43683	110
9,43750	109
9,43817	109
9,43883	108
9,43950	108
9,44017	107
9,44083	107
9,44150	106
9,44217	105
9,44283	105
9,44350	104
9,44417	103
9,44483	102
9,44550	101
9,44617	100
9,44683	99
9,44750	98
9,44817	97
9,44883	96
9,44950	95
9,45017	94
9,45083	94
9,45150	93
9,45217	93
9,45283	92
9,45350	92
9,45417	92
9,45483	91
9,45550	91
9,45617	91
9,45683	91
9,45750	91
9,45817	91
9,45883	91
9,45950	91
9,46017	91
9,46083	91
9,46150	91
9,46217	91
9,46283	91
9,46350	91
9,46417	91
9,46483	90
9,46550	90
9,46617	90
9,46683	90
9,46750	90
9,46817	90
9,46883	89
9,46950	89
9,47017	89
9,47083	89
9,47150	89
9,47217	89
9,47283	89
9,47350	89
9,47417	89
9,47483	89
9,47550	88
9,47617	88
9,47683	88
9,47750	88
9,47817	88
9,47883	88
9,47950	88
9,48017	88
9,48083	88
9,48150	88
9,48217	88
9,48283	88
9,48350	88
9,48417	88
9,48483	88
9,48550	88
9,48617	88
9,48683	88
9,48750	89
9,48817	89
9,48883	89
9,48950	89
9,49017	89
9,49083	89
9,49150	89
9,49217	89
9,49283	90
9,49350	90
9,49417	90
9,49483	91
9,49550	91
9,49617	91
9,49683	91
9,49750	91
9,49817	91
9,49883	91
9,49950	92
9,50017	92
9,50083	92
9,50150	92
9,50217	92
9,50283	93
9,50350	93
9,50417	93
9,50483	93
9,50550	93
9,50617	93
9,50683	93
9,50750	93
9,50817	93
9,50883	93
9,50950	93
9,51017	93
9,51083	93
9,51150	93
9,51217	93
9,51283	93
9,51350	93
9,51417	93
9,51483	94
9,51550	94
9,51617	94
9,51683	94
9,51750	95
9,51817	95
9,51883	95
9,51950	95
9,52017	95
9,52083	96
9,52150	96
9,52217	96
9,52283	96
9,52350	97
9,52417	97
9,52483	97
9,52550	98
9,52617	98
9,52683	98
9,52750	98
9,52817	98
9,52883	97
9,52950	97
9,53017	97
9,53083	97
9,53150	98
9,53217	98
9,53283	98
9,53350	98
9,53417	98
9,53483	98
9,53550	98
9,53617	98
9,53683	98
9,53750	98
9,53817	98
9,53883	98
9,53950	97
9,54017	97
9,54083	97
9,54150	97
9,54217	97
9,54283	97
9,54350	97
9,54417	97
9,54483	97
9,54550	97
9,54617	97
9,54683	97
9,54750	96
9,54817	96
9,54883	96
9,54950	96
9,55017	96
9,55083	96
9,55150	95
9,55217	95
9,55283	95
9,55350	95
9,55417	95
9,55483	95
9,55550	95
9,55617	96
9,55683	96
9,55750	96
9,55817	96
9,55883	96
9,55950	96
9,56017	96
9,56083	95
9,56150	95
9,56217	95
9,56283	95
9,56350	95
9,56417	96
9,56483	96
9,56550	96
9,56617	97
9,56683	97
9,56750	98
9,56817	98
9,56883	99
9,56950	99
9,57017	100
9,57083	100
9,57150	100
9,57217	101
9,57283	101
9,57350	101
9,57417	101
9,57483	101
9,57550	101
9,57617	101
9,57683	101
9,57750	101
9,57817	101
9,57883	101
9,57950	101
9,58017	101
9,58083	101
9,58150	101
9,58217	101
9,58283	101
9,58350	100
9,58417	100
9,58483	100
9,58550	100
9,58617	99
9,58683	99
9,58750	99
9,58817	99
9,58883	99
9,58950	99
9,59017	99
9,59083	99
9,59150	99
9,59217	99
9,59283	99
9,59350	99
9,59417	100
9,59483	100
9,59550	100
9,59617	100
9,59683	101
9,59750	101
9,59817	101
9,59883	102
9,59950	102
9,60017	102
9,60083	102
9,60150	103
9,60217	103
9,60283	103
9,60350	103
9,60417	103
9,60483	103
9,60550	102
9,60617	102
9,60683	102
9,60750	102
9,60817	102
9,60883	102
9,60950	102
9,61017	102
9,61083	102
9,61150	102
9,61217	102
9,61283	102
9,61350	102
9,61417	102
9,61483	102
9,61550	102
9,61617	102
9,61683	103
9,61750	103
9,61817	103
9,61883	103
9,61950	103
9,62017	103
9,62083	103
9,62150	103
9,62217	103
9,62283	103
9,62350	104
9,62417	104
9,62483	104
9,62550	104
9,62617	104
9,62683	104
9,62750	104
9,62817	104
9,62883	104
9,62950	105
9,63017	105
9,63083	106
9,63150	106
9,63217	106
9,63283	107
9,63350	107
9,63417	107
9,63483	107
9,63550	107
9,63617	107
9,63683	107
9,63750	107
9,63817	107
9,63883	107
9,63950	107
9,64017	107
9,64083	107
9,64150	107
9,64217	107
9,64283	107
9,64350	107
9,64417	107
9,64483	108
9,64550	108
9,64617	108
9,64683	108
9,64750	108
9,64817	108
9,64883	108
9,64950	108
9,65017	108
9,65083	108
9,65150	108
9,65217	108
9,65283	108
9,65350	108
9,65417	109
9,65483	109
9,65550	109
9,65617	109
9,65683	109
9,65750	109
9,65817	109
9,65883	109
9,65950	110
9,66017	110
9,66083	110
9,66150	110
9,66217	110
9,66283	110
9,66350	110
9,66417	111
9,66483	111
9,66550	111
9,66617	111
9,66683	111
9,66750	111
9,66817	111
9,66883	111
9,66950	111
9,67017	110
9,67083	110
9,67150	110
9,67217	110
9,67283	110
9,67350	110
9,67417	109
9,67483	109
9,67550	109
9,67617	109
9,67683	109
9,67750	109
9,67817	109
9,67883	109
9,67950	109
9,68017	109
9,68083	109
9,68150	109
9,68217	109
9,68283	109
9,68350	109
9,68417	109
9,68483	109
9,68550	109
9,68617	109
9,68683	110
9,68750	110
9,68817	110
9,68883	110
9,68950	110
9,69017	110
9,69083	110
9,69150	109
9,69217	109
9,69283	109
9,69350	109
9,69417	110
9,69483	110
9,69550	110
9,69617	110
9,69683	110
9,69750	110
9,69817	110
9,69883	110
9,69950	110
9,70017	110
9,70083	110
9,70150	110
9,70217	110
9,70283	110
9,70350	111
9,70417	111
9,70483	111
9,70550	111
9,70617	111
9,70683	111
9,70750	112
9,70817	112
9,70883	112
9,70950	112
9,71017	111
9,71083	111
9,71150	111
9,71217	111
9,71283	110
9,71350	110
9,71417	110
9,71483	110
9,71550	110
9,71617	110
9,71683	110
9,71750	110
9,71817	110
9,71883	110
9,71950	110
9,72017	110
9,72083	110
9,72150	110
9,72217	110
9,72283	110
9,72350	110
9,72417	110
9,72483	110
9,72550	110
9,72617	110
9,72683	110
9,72750	110
9,72817	111
9,72883	111
9,72950	111
9,73017	111
9,73083	111
9,73150	111
9,73217	111
9,73283	111
9,73350	111
9,73417	111
9,73483	111
9,73550	111
9,73617	111
9,73683	111
9,73750	111
9,73817	111
9,73883	111
9,73950	111
9,74017	111
9,74083	111
9,74150	111
9,74217	110
9,74283	110
9,74350	110
9,74417	110
9,74483	109
9,74550	109
9,74617	109
9,74683	109
9,74750	109
9,74817	109
9,74883	109
9,74950	109
9,75017	110
9,75083	110
9,75150	110
9,75217	110
9,75283	110
9,75350	110
9,75417	111
9,75483	111
9,75550	111
9,75617	111
9,75683	111
9,75750	112
9,75817	112
9,75883	112
9,75950	113
9,76017	113
9,76083	114
9,76150	114
9,76217	114
9,76283	115
9,76350	115
9,76417	115
9,76483	115
9,76550	115
9,76617	115
9,76683	115
9,76750	115
9,76817	116
9,76883	116
9,76950	116
9,77017	116
9,77083	117
9,77150	117
9,77217	117
9,77283	116
9,77350	116
9,77417	116
9,77483	116
9,77550	116
9,77617	116
9,77683	116
9,77750	117
9,77817	117
9,77883	117
9,77950	117
9,78017	117
9,78083	118
9,78150	118
9,78217	117
9,78283	117
9,78350	117
9,78417	117
9,78483	117
9,78550	117
9,78617	117
9,78683	117
9,78750	117
9,78817	118
9,78883	118
9,78950	118
9,79017	119
9,79083	119
9,79150	119
9,79217	120
9,79283	120
9,79350	120
9,79417	120
9,79483	120
9,79550	121
9,79617	121
9,79683	121
9,79750	121
9,79817	122
9,79883	122
9,79950	123
9,80017	123
9,80083	124
9,80150	124
9,80217	125
9,80283	125
9,80350	125
9,80417	126
9,80483	126
9,80550	126
9,80617	126
9,80683	126
9,80750	126
9,80817	126
9,80883	126
9,80950	126
9,81017	126
9,81083	126
9,81150	126
9,81217	126
9,81283	126
9,81350	127
9,81417	127
9,81483	127
9,81550	127
9,81617	127
9,81683	127
9,81750	127
9,81817	127
9,81883	127
9,81950	127
9,82017	127
9,82083	126
9,82150	126
9,82217	126
9,82283	126
9,82350	126
9,82417	126
9,82483	126
9,82550	126
9,82617	126
9,82683	126
9,82750	126
9,82817	126
9,82883	126
9,82950	126
9,83017	127
9,83083	127
9,83150	127
9,83217	127
9,83283	128
9,83350	128
9,83417	128
9,83483	129
9,83550	129
9,83617	129
9,83683	129
9,83750	129
9,83817	129
9,83883	130
9,83950	130
9,84017	130
9,84083	130
9,84150	130
9,84217	130
9,84283	130
9,84350	130
9,84417	130
9,84483	130
9,84550	130
9,84617	130
9,84683	130
9,84750	130
9,84817	130
9,84883	129
9,84950	129
9,85017	129
9,85083	128
9,85150	128
9,85217	128
9,85283	128
9,85350	128
9,85417	129
9,85483	128
9,85550	128
9,85617	128
9,85683	128
9,85750	128
9,85817	127
9,85883	127
9,85950	127
9,86017	126
9,86083	126
9,86150	126
9,86217	126
9,86283	125
9,86350	125
9,86417	125
9,86483	125
9,86550	125
9,86617	124
9,86683	124
9,86750	124
9,86817	124
9,86883	123
9,86950	123
9,87017	123
9,87083	123
9,87150	123
9,87217	122
9,87283	122
9,87350	123
9,87417	123
9,87483	123
9,87550	123
9,87617	124
9,87683	124
9,87750	124
9,87817	125
9,87883	125
9,87950	125
9,88017	125
9,88083	125
9,88150	126
9,88217	126
9,88283	126
9,88350	127
9,88417	127
9,88483	127
9,88550	127
9,88617	128
9,88683	128
9,88750	128
9,88817	128
9,88883	129
9,88950	129
9,89017	130
9,89083	130
9,89150	130
9,89217	130
9,89283	131
9,89350	131
9,89417	131
9,89483	131
9,89550	132
9,89617	132
9,89683	133
9,89750	133
9,89817	134
9,89883	134
9,89950	135
9,90017	135
9,90083	136
9,90150	136
9,90217	137
9,90283	137
9,90350	137
9,90417	138
9,90483	139
9,90550	139
9,90617	140
9,90683	140
9,90750	141
9,90817	141
9,90883	141
9,90950	142
9,91017	142
9,91083	142
9,91150	143
9,91217	143
9,91283	143
9,91350	144
9,91417	144
9,91483	144
9,91550	144
9,91617	144
9,91683	144
9,91750	144
9,91817	144
9,91883	144
9,91950	144
9,92017	143
9,92083	143
9,92150	143
9,92217	143
9,92283	143
9,92350	143
9,92417	143
9,92483	143
9,92550	143
9,92617	143
9,92683	143
9,92750	143
9,92817	143
9,92883	143
9,92950	142
9,93017	142
9,93083	142
9,93150	142
9,93217	143
9,93283	143
9,93350	143
9,93417	144
9,93483	144
9,93550	144
9,93617	145
9,93683	145
9,93750	145
9,93817	146
9,93883	146
9,93950	146
9,94017	146
9,94083	146
9,94150	147
9,94217	147
9,94283	147
9,94350	147
9,94417	148
9,94483	148
9,94550	148
9,94617	149
9,94683	149
9,94750	150
9,94817	150
9,94883	150
9,94950	150
9,95017	151
9,95083	151
9,95150	151
9,95217	151
9,95283	151
9,95350	151
9,95417	151
9,95483	151
9,95550	151
9,95617	152
9,95683	152
9,95750	152
9,95817	152
9,95883	152
9,95950	152
9,96017	152
9,96083	152
9,96150	152
9,96217	152
9,96283	152
9,96350	152
9,96417	153
9,96483	153
9,96550	153
9,96617	153
9,96683	153
9,96750	153
9,96817	153
9,96883	153
9,96950	153
9,97017	153
9,97083	152
9,97150	153
9,97217	153
9,97283	153
9,97350	153
9,97417	153
9,97483	153
9,97550	154
9,97617	154
9,97683	154
9,97750	155
9,97817	155
9,97883	156
9,97950	156
9,98017	157
9,98083	158
9,98150	158
9,98217	159
9,98283	160
9,98350	161
9,98417	162
9,98483	163
9,98550	164
9,98617	165
9,98683	167
9,98750	168
9,98817	169
9,98883	170
9,98950	170
9,99017	171
9,99083	172
9,99150	172
9,99217	172
9,99283	173
9,99350	173
9,99417	173
9,99483	173
9,99550	173
9,99617	173
9,99683	173
9,99750	173
9,99817	172
9,99883	172
9,99950	172
10,00017	171
10,00083	170
10,00150	170
10,00217	169
10,00283	168
10,00350	168
10,00417	167
10,00483	167
10,00550	166
10,00617	166
10,00683	166
10,00750	165
10,00817	165
10,00883	165
10,00950	164
10,01017	164
10,01083	164
10,01150	165
10,01217	165
10,01283	165
10,01350	165
10,01417	165
10,01483	165
10,01550	165
10,01617	165
10,01683	165
10,01750	165
10,01817	165
10,01883	165
10,01950	165
10,02017	164
10,02083	164
10,02150	164
10,02217	164
10,02283	164
10,02350	164
10,02417	164
10,02483	164
10,02550	164
10,02617	165
10,02683	165
10,02750	165
10,02817	165
10,02883	165
10,02950	165
10,03017	165
10,03083	165
10,03150	165
10,03217	165
10,03283	164
10,03350	164
10,03417	164
10,03483	164
10,03550	164
10,03617	164
10,03683	164
10,03750	164
10,03817	164
10,03883	164
10,03950	164
10,04017	164
10,04083	163
10,04150	163
10,04217	163
10,04283	163
10,04350	162
10,04417	162
10,04483	162
10,04550	162
10,04617	162
10,04683	162
10,04750	161
10,04817	161
10,04883	161
10,04950	160
10,05017	160
10,05083	159
10,05150	159
10,05217	158
10,05283	158
10,05350	157
10,05417	157
10,05483	157
10,05550	157
10,05617	156
10,05683	156
10,05750	156
10,05817	156
10,05883	156
10,05950	156
10,06017	156
10,06083	156
10,06150	156
10,06217	156
10,06283	156
10,06350	156
10,06417	156
10,06483	156
10,06550	156
10,06617	156
10,06683	156
10,06750	156
10,06817	156
10,06883	156
10,06950	156
10,07017	156
10,07083	156
10,07150	156
10,07217	156
10,07283	156
10,07350	156
10,07417	156
10,07483	156
10,07550	156
10,07617	156
10,07683	156
10,07750	157
10,07817	157
10,07883	157
10,07950	158
10,08017	158
10,08083	158
10,08150	159
10,08217	159
10,08283	159
10,08350	159
10,08417	160
10,08483	160
10,08550	161
10,08617	161
10,08683	162
10,08750	162
10,08817	163
10,08883	163
10,08950	164
10,09017	165
10,09083	165
10,09150	166
10,09217	166
10,09283	167
10,09350	167
10,09417	167
10,09483	168
10,09550	168
10,09617	168
10,09683	168
10,09750	169
10,09817	169
10,09883	169
10,09950	169
10,10017	169
10,10083	170
10,10150	170
10,10217	170
10,10283	171
10,10350	171
10,10417	172
10,10483	172
10,10550	172
10,10617	173
10,10683	173
10,10750	173
10,10817	174
10,10883	174
10,10950	175
10,11017	175
10,11083	176
10,11150	177
10,11217	177
10,11283	178
10,11350	178
10,11417	179
10,11483	179
10,11550	180
10,11617	180
10,11683	181
10,11750	181
10,11817	181
10,11883	182
10,11950	182
10,12017	182
10,12083	182
10,12150	182
10,12217	182
10,12283	183
10,12350	183
10,12417	183
10,12483	184
10,12550	184
10,12617	185
10,12683	185
10,12750	186
10,12817	186
10,12883	186
10,12950	187
10,13017	187
10,13083	187
10,13150	188
10,13217	188
10,13283	188
10,13350	188
10,13417	188
10,13483	188
10,13550	188
10,13617	188
10,13683	188
10,13750	188
10,13817	188
10,13883	188
10,13950	188
10,14017	188
10,14083	188
10,14150	188
10,14217	188
10,14283	188
10,14350	188
10,14417	188
10,14483	188
10,14550	188
10,14617	188
10,14683	189
10,14750	188
10,14817	188
10,14883	188
10,14950	188
10,15017	188
10,15083	188
10,15150	188
10,15217	188
10,15283	188
10,15350	189
10,15417	189
10,15483	189
10,15550	189
10,15617	189
10,15683	189
10,15750	188
10,15817	188
10,15883	188
10,15950	188
10,16017	188
10,16083	187
10,16150	187
10,16217	187
10,16283	187
10,16350	187
10,16417	187
10,16483	187
10,16550	187
10,16617	187
10,16683	187
10,16750	187
10,16817	187
10,16883	186
10,16950	186
10,17017	186
10,17083	186
10,17150	186
10,17217	187
10,17283	187
10,17350	187
10,17417	187
10,17483	187
10,17550	187
10,17617	187
10,17683	187
10,17750	186
10,17817	186
10,17883	186
10,17950	185
10,18017	185
10,18083	184
10,18150	184
10,18217	184
10,18283	183
10,18350	183
10,18417	183
10,18483	182
10,18550	182
10,18617	182
10,18683	182
10,18750	182
10,18817	182
10,18883	182
10,18950	182
10,19017	181
10,19083	182
10,19150	182
10,19217	182
10,19283	182
10,19350	182
10,19417	182
10,19483	183
10,19550	183
10,19617	183
10,19683	184
10,19750	184
10,19817	184
10,19883	185
10,19950	185
10,20017	185
10,20083	185
10,20150	185
10,20217	186
10,20283	186
10,20350	186
10,20417	187
10,20483	187
10,20550	187
10,20617	187
10,20683	187
10,20750	188
10,20817	188
10,20883	188
10,20950	188
10,21017	188
10,21083	189
10,21150	189
10,21217	189
10,21283	190
10,21350	191
10,21417	192
10,21483	193
10,21550	194
10,21617	195
10,21683	196
10,21750	197
10,21817	198
10,21883	199
10,21950	200
10,22017	201
10,22083	201
10,22150	202
10,22217	202
10,22283	202
10,22350	202
10,22417	202
10,22483	202
10,22550	202
10,22617	202
10,22683	202
10,22750	202
10,22817	201
10,22883	201
10,22950	201
10,23017	200
10,23083	200
10,23150	199
10,23217	198
10,23283	198
10,23350	197
10,23417	196
10,23483	196
10,23550	195
10,23617	195
10,23683	194
10,23750	194
10,23817	194
10,23883	194
10,23950	194
10,24017	194
10,24083	194
10,24150	194
10,24217	194
10,24283	194
10,24350	194
10,24417	194
10,24483	194
10,24550	194
10,24617	194
10,24683	194
10,24750	194
10,24817	195
10,24883	195
10,24950	195
10,25017	195
10,25083	196
10,25150	196
10,25217	196
10,25283	196
10,25350	197
10,25417	197
10,25483	197
10,25550	197
10,25617	198
10,25683	198
10,25750	198
10,25817	198
10,25883	198
10,25950	198
10,26017	199
10,26083	199
10,26150	200
10,26217	200
10,26283	200
10,26350	201
10,26417	201
10,26483	201
10,26550	201
10,26617	201
10,26683	202
10,26750	202
10,26817	202
10,26883	202
10,26950	202
10,27017	202
10,27083	201
10,27150	201
10,27217	201
10,27283	201
10,27350	201
10,27417	200
10,27483	200
10,27550	199
10,27617	199
10,27683	199
10,27750	198
10,27817	198
10,27883	197
10,27950	197
10,28017	197
10,28083	196
10,28150	196
10,28217	196
10,28283	195
10,28350	195
10,28417	194
10,28483	194
10,28550	193
10,28617	192
10,28683	192
10,28750	191
10,28817	190
10,28883	189
10,28950	189
10,29017	188
10,29083	187
10,29150	187
10,29217	186
10,29283	186
10,29350	186
10,29417	186
10,29483	185
10,29550	185
10,29617	185
10,29683	185
10,29750	185
10,29817	185
10,29883	185
10,29950	185
10,30017	185
10,30083	185
10,30150	185
10,30217	185
10,30283	185
10,30350	185
10,30417	185
10,30483	185
10,30550	185
10,30617	185
10,30683	185
10,30750	185
10,30817	185
10,30883	184
10,30950	184
10,31017	184
10,31083	184
10,31150	184
10,31217	184
10,31283	184
10,31350	184
10,31417	184
10,31483	183
10,31550	183
10,31617	183
10,31683	183
10,31750	183
10,31817	183
10,31883	183
10,31950	183
10,32017	183
10,32083	183
10,32150	184
10,32217	184
10,32283	185
10,32350	185
10,32417	186
10,32483	186
10,32550	186
10,32617	186
10,32683	187
10,32750	187
10,32817	187
10,32883	187
10,32950	188
10,33017	188
10,33083	188
10,33150	188
10,33217	189
10,33283	189
10,33350	189
10,33417	190
10,33483	190
10,33550	190
10,33617	191
10,33683	191
10,33750	192
10,33817	192
10,33883	192
10,33950	193
10,34017	193
10,34083	193
10,34150	193
10,34217	193
10,34283	193
10,34350	193
10,34417	193
10,34483	194
10,34550	194
10,34617	194
10,34683	194
10,34750	195
10,34817	195
10,34883	195
10,34950	196
10,35017	196
10,35083	196
10,35150	196
10,35217	196
10,35283	196
10,35350	196
10,35417	197
10,35483	197
10,35550	198
10,35617	198
10,35683	199
10,35750	200
10,35817	200
10,35883	201
10,35950	202
10,36017	202
10,36083	203
10,36150	203
10,36217	204
10,36283	204
10,36350	204
10,36417	205
10,36483	205
10,36550	205
10,36617	206
10,36683	206
10,36750	206
10,36817	207
10,36883	207
10,36950	208
10,37017	209
10,37083	209
10,37150	210
10,37217	210
10,37283	210
10,37350	211
10,37417	211
10,37483	212
10,37550	213
10,37617	213
10,37683	214
10,37750	215
10,37817	216
10,37883	216
10,37950	217
10,38017	218
10,38083	218
10,38150	219
10,38217	219
10,38283	219
10,38350	220
10,38417	220
10,38483	221
10,38550	221
10,38617	221
10,38683	222
10,38750	222
10,38817	222
10,38883	223
10,38950	223
10,39017	223
10,39083	223
10,39150	224
10,39217	224
10,39283	224
10,39350	225
10,39417	225
10,39483	225
10,39550	225
10,39617	226
10,39683	227
10,39750	227
10,39817	228
10,39883	229
10,39950	230
10,40017	231
10,40083	232
10,40150	233
10,40217	234
10,40283	235
10,40350	236
10,40417	237
10,40483	238
10,40550	239
10,40617	239
10,40683	240
10,40750	240
10,40817	241
10,40883	241
10,40950	242
10,41017	242
10,41083	243
10,41150	243
10,41217	244
10,41283	244
10,41350	244
10,41417	245
10,41483	245
10,41550	245
10,41617	245
10,41683	245
10,41750	245
10,41817	245
10,41883	244
10,41950	244
10,42017	243
10,42083	243
10,42150	243
10,42217	242
10,42283	242
10,42350	242
10,42417	241
10,42483	241
10,42550	240
10,42617	239
10,42683	239
10,42750	238
10,42817	238
10,42883	237
10,42950	236
10,43017	236
10,43083	235
10,43150	235
10,43217	234
10,43283	234
10,43350	233
10,43417	233
10,43483	233
10,43550	233
10,43617	233
10,43683	233
10,43750	233
10,43817	233
10,43883	233
10,43950	234
10,44017	234
10,44083	234
10,44150	234
10,44217	234
10,44283	234
10,44350	234
10,44417	235
10,44483	235
10,44550	235
10,44617	235
10,44683	235
10,44750	235
10,44817	234
10,44883	234
10,44950	234
10,45017	234
10,45083	233
10,45150	233
10,45217	233
10,45283	232
10,45350	232
10,45417	232
10,45483	231
10,45550	231
10,45617	231
10,45683	230
10,45750	230
10,45817	229
10,45883	229
10,45950	229
10,46017	228
10,46083	228
10,46150	228
10,46217	228
10,46283	228
10,46350	227
10,46417	227
10,46483	227
10,46550	227
10,46617	227
10,46683	226
10,46750	226
10,46817	226
10,46883	226
10,46950	226
10,47017	226
10,47083	226
10,47150	227
10,47217	227
10,47283	227
10,47350	227
10,47417	228
10,47483	228
10,47550	228
10,47617	228
10,47683	229
10,47750	229
10,47817	229
10,47883	229
10,47950	229
10,48017	229
10,48083	228
10,48150	228
10,48217	228
10,48283	228
10,48350	227
10,48417	227
10,48483	227
10,48550	227
10,48617	227
10,48683	227
10,48750	227
10,48817	227
10,48883	227
10,48950	227
10,49017	227
10,49083	227
10,49150	227
10,49217	227
10,49283	227
10,49350	227
10,49417	227
10,49483	227
10,49550	227
10,49617	227
10,49683	226
10,49750	226
10,49817	225
10,49883	225
10,49950	225
10,50017	225
10,50083	225
10,50150	225
10,50217	225
10,50283	225
10,50350	226
10,50417	226
10,50483	226
10,50550	227
10,50617	227
10,50683	227
10,50750	227
10,50817	228
10,50883	228
10,50950	228
10,51017	228
10,51083	228
10,51150	228
10,51217	228
10,51283	228
10,51350	228
10,51417	228
10,51483	229
10,51550	229
10,51617	229
10,51683	229
10,51750	230
10,51817	230
10,51883	230
10,51950	230
10,52017	231
10,52083	231
10,52150	231
10,52217	231
10,52283	231
10,52350	231
10,52417	231
10,52483	231
10,52550	231
10,52617	231
10,52683	231
10,52750	231
10,52817	232
10,52883	232
10,52950	233
10,53017	233
10,53083	233
10,53150	234
10,53217	235
10,53283	235
10,53350	236
10,53417	236
10,53483	236
10,53550	237
10,53617	237
10,53683	238
10,53750	238
10,53817	239
10,53883	239
10,53950	239
10,54017	240
10,54083	240
10,54150	240
10,54217	240
10,54283	240
10,54350	240
10,54417	239
10,54483	239
10,54550	239
10,54617	239
10,54683	239
10,54750	239
10,54817	239
10,54883	239
10,54950	239
10,55017	239
10,55083	239
10,55150	239
10,55217	240
10,55283	240
10,55350	240
10,55417	240
10,55483	240
10,55550	240
10,55617	240
10,55683	241
10,55750	241
10,55817	241
10,55883	241
10,55950	241
10,56017	242
10,56083	242
10,56150	242
10,56217	243
10,56283	243
10,56350	244
10,56417	244
10,56483	244
10,56550	245
10,56617	245
10,56683	246
10,56750	246
10,56817	247
10,56883	248
10,56950	249
10,57017	250
10,57083	251
10,57150	252
10,57217	253
10,57283	255
10,57350	256
10,57417	257
10,57483	259
10,57550	260
10,57617	262
10,57683	263
10,57750	265
10,57817	266
10,57883	267
10,57950	269
10,58017	270
10,58083	271
10,58150	273
10,58217	274
10,58283	275
10,58350	277
10,58417	278
10,58483	279
10,58550	280
10,58617	281
10,58683	283
10,58750	284
10,58817	285
10,58883	286
10,58950	288
10,59017	289
10,59083	290
10,59150	291
10,59217	293
10,59283	294
10,59350	295
10,59417	297
10,59483	298
10,59550	299
10,59617	300
10,59683	301
10,59750	302
10,59817	303
10,59883	304
10,59950	305
10,60017	306
10,60083	307
10,60150	307
10,60217	308
10,60283	309
10,60350	309
10,60417	310
10,60483	310
10,60550	310
10,60617	310
10,60683	311
10,60750	311
10,60817	311
10,60883	311
10,60950	311
10,61017	311
10,61083	310
10,61150	310
10,61217	309
10,61283	309
10,61350	308
10,61417	307
10,61483	307
10,61550	306
10,61617	306
10,61683	306
10,61750	305
10,61817	305
10,61883	305
10,61950	305
10,62017	304
10,62083	304
10,62150	303
10,62217	303
10,62283	302
10,62350	302
10,62417	301
10,62483	301
10,62550	300
10,62617	299
10,62683	299
10,62750	298
10,62817	298
10,62883	297
10,62950	297
10,63017	296
10,63083	296
10,63150	296
10,63217	295
10,63283	295
10,63350	295
10,63417	294
10,63483	294
10,63550	293
10,63617	293
10,63683	292
10,63750	292
10,63817	291
10,63883	290
10,63950	289
10,64017	289
10,64083	288
10,64150	288
10,64217	288
10,64283	288
10,64350	288
10,64417	288
10,64483	288
10,64550	288
10,64617	289
10,64683	289
10,64750	290
10,64817	291
10,64883	292
10,64950	293
10,65017	294
10,65083	295
10,65150	296
10,65217	297
10,65283	299
10,65350	300
10,65417	301
10,65483	302
10,65550	303
10,65617	303
10,65683	304
10,65750	304
10,65817	305
10,65883	305
10,65950	305
10,66017	305
10,66083	305
10,66150	305
10,66217	305
10,66283	304
10,66350	304
10,66417	304
10,66483	303
10,66550	303
10,66617	303
10,66683	302
10,66750	302
10,66817	301
10,66883	300
10,66950	300
10,67017	299
10,67083	298
10,67150	297
10,67217	296
10,67283	296
10,67350	295
10,67417	293
10,67483	292
10,67550	291
10,67617	290
10,67683	289
10,67750	288
10,67817	287
10,67883	286
10,67950	285
10,68017	284
10,68083	283
10,68150	283
10,68217	282
10,68283	281
10,68350	281
10,68417	280
10,68483	279
10,68550	279
10,68617	278
10,68683	278
10,68750	277
10,68817	277
10,68883	277
10,68950	277
10,69017	276
10,69083	276
10,69150	276
10,69217	276
10,69283	276
10,69350	276
10,69417	277
10,69483	277
10,69550	278
10,69617	278
10,69683	279
10,69750	280
10,69817	280
10,69883	281
10,69950	282
10,70017	283
10,70083	284
10,70150	285
10,70217	286
10,70283	287
10,70350	288
10,70417	289
10,70483	290
10,70550	291
10,70617	291
10,70683	292
10,70750	293
10,70817	293
10,70883	294
10,70950	294
10,71017	295
10,71083	295
10,71150	296
10,71217	296
10,71283	296
10,71350	297
10,71417	297
10,71483	298
10,71550	299
10,71617	299
10,71683	299
10,71750	299
10,71817	300
10,71883	300
10,71950	300
10,72017	300
10,72083	300
10,72150	300
10,72217	300
10,72283	300
10,72350	300
10,72417	299
10,72483	299
10,72550	299
10,72617	298
10,72683	297
10,72750	296
10,72817	295
10,72883	294
10,72950	293
10,73017	292
10,73083	291
10,73150	290
10,73217	289
10,73283	289
10,73350	288
10,73417	287
10,73483	286
10,73550	286
10,73617	285
10,73683	284
10,73750	283
10,73817	282
10,73883	282
10,73950	281
10,74017	280
10,74083	280
10,74150	280
10,74217	279
10,74283	279
10,74350	279
10,74417	278
10,74483	278
10,74550	277
10,74617	277
10,74683	276
10,74750	276
10,74817	276
10,74883	275
10,74950	275
10,75017	274
10,75083	274
10,75150	274
10,75217	273
10,75283	273
10,75350	273
10,75417	272
10,75483	271
10,75550	270
10,75617	270
10,75683	269
10,75750	268
10,75817	267
10,75883	266
10,75950	265
10,76017	264
10,76083	263
10,76150	261
10,76217	260
10,76283	259
10,76350	257
10,76417	256
10,76483	255
10,76550	253
10,76617	252
10,76683	251
10,76750	250
10,76817	248
10,76883	248
10,76950	247
10,77017	246
10,77083	245
10,77150	244
10,77217	243
10,77283	243
10,77350	242
10,77417	242
10,77483	241
10,77550	240
10,77617	239
10,77683	238
10,77750	237
10,77817	236
10,77883	235
10,77950	235
10,78017	234
10,78083	233
10,78150	233
10,78217	232
10,78283	232
10,78350	232
10,78417	232
10,78483	232
10,78550	232
10,78617	232
10,78683	232
10,78750	232
10,78817	232
10,78883	233
10,78950	233
10,79017	233
10,79083	234
10,79150	234
10,79217	234
10,79283	235
10,79350	235
10,79417	236
10,79483	236
10,79550	237
10,79617	237
10,79683	238
10,79750	238
10,79817	239
10,79883	239
10,79950	240
10,80017	240
10,80083	241
10,80150	242
10,80217	242
10,80283	243
10,80350	243
10,80417	244
10,80483	244
10,80550	245
10,80617	245
10,80683	246
10,80750	246
10,80817	246
10,80883	247
10,80950	247
10,81017	247
10,81083	247
10,81150	247
10,81217	247
10,81283	247
10,81350	247
10,81417	247
10,81483	247
10,81550	248
10,81617	248
10,81683	248
10,81750	248
10,81817	248
10,81883	249
10,81950	249
10,82017	249
10,82083	249
10,82150	249
10,82217	249
10,82283	248
10,82350	248
10,82417	248
10,82483	248
10,82550	248
10,82617	247
10,82683	247
10,82750	247
10,82817	246
10,82883	246
10,82950	246
10,83017	245
10,83083	245
10,83150	244
10,83217	244
10,83283	244
10,83350	243
10,83417	243
10,83483	243
10,83550	244
10,83617	244
10,83683	244
10,83750	244
10,83817	245
10,83883	245
10,83950	246
10,84017	246
10,84083	247
10,84150	247
10,84217	248
10,84283	248
10,84350	249
10,84417	249
10,84483	250
10,84550	250
10,84617	250
10,84683	251
10,84750	251
10,84817	251
10,84883	251
10,84950	251
10,85017	252
10,85083	252
10,85150	252
10,85217	252
10,85283	252
10,85350	253
10,85417	253
10,85483	253
10,85550	253
10,85617	253
10,85683	253
10,85750	253
10,85817	253
10,85883	254
10,85950	254
10,86017	254
10,86083	254
10,86150	254
10,86217	253
10,86283	253
10,86350	253
10,86417	253
10,86483	253
10,86550	253
10,86617	253
10,86683	253
10,86750	253
10,86817	253
10,86883	253
10,86950	252
10,87017	252
10,87083	252
10,87150	251
10,87217	250
10,87283	250
10,87350	249
10,87417	248
10,87483	247
10,87550	246
10,87617	245
10,87683	244
10,87750	243
10,87817	242
10,87883	242
10,87950	241
10,88017	241
10,88083	240
10,88150	240
10,88217	240
10,88283	239
10,88350	239
10,88417	239
10,88483	239
10,88550	239
10,88617	239
10,88683	239
10,88750	239
10,88817	239
10,88883	239
10,88950	239
10,89017	239
10,89083	239
10,89150	239
10,89217	239
10,89283	239
10,89350	239
10,89417	239
10,89483	239
10,89550	239
10,89617	238
10,89683	238
10,89750	238
10,89817	238
10,89883	237
10,89950	237
10,90017	237
10,90083	237
10,90150	236
10,90217	236
10,90283	235
10,90350	235
10,90417	235
10,90483	235
10,90550	235
10,90617	235
10,90683	234
10,90750	234
10,90817	234
10,90883	234
10,90950	234
10,91017	234
10,91083	234
10,91150	233
10,91217	233
10,91283	233
10,91350	233
10,91417	232
10,91483	232
10,91550	232
10,91617	232
10,91683	231
10,91750	231
10,91817	231
10,91883	231
10,91950	230
10,92017	230
10,92083	229
10,92150	229
10,92217	228
10,92283	228
10,92350	228
10,92417	227
10,92483	227
10,92550	227
10,92617	227
10,92683	226
10,92750	226
10,92817	226
10,92883	226
10,92950	226
10,93017	226
10,93083	226
10,93150	225
10,93217	225
10,93283	225
10,93350	225
10,93417	225
10,93483	225
10,93550	225
10,93617	225
10,93683	225
10,93750	225
10,93817	226
10,93883	226
10,93950	226
10,94017	226
10,94083	226
10,94150	226
10,94217	227
10,94283	227
10,94350	228
10,94417	228
10,94483	229
10,94550	229
10,94617	230
10,94683	230
10,94750	231
10,94817	231
10,94883	232
10,94950	232
10,95017	233
10,95083	234
10,95150	234
10,95217	235
10,95283	235
10,95350	236
10,95417	237
10,95483	237
10,95550	237
10,95617	237
10,95683	238
10,95750	238
10,95817	238
10,95883	237
10,95950	237
10,96017	237
10,96083	237
10,96150	236
10,96217	236
10,96283	236
10,96350	236
10,96417	236
10,96483	236
10,96550	236
10,96617	236
10,96683	236
10,96750	236
10,96817	236
10,96883	237
10,96950	237
10,97017	237
10,97083	237
10,97150	237
10,97217	237
10,97283	238
10,97350	238
10,97417	239
10,97483	239
10,97550	239
10,97617	240
10,97683	240
10,97750	240
10,97817	240
10,97883	240
10,97950	240
10,98017	240
10,98083	240
10,98150	239
10,98217	239
10,98283	239
10,98350	239
10,98417	238
10,98483	238
10,98550	237
10,98617	237
10,98683	236
10,98750	236
10,98817	235
10,98883	234
10,98950	234
10,99017	233
10,99083	232
10,99150	231
10,99217	231
10,99283	230
10,99350	229
10,99417	229
10,99483	228
10,99550	228
10,99617	227
10,99683	227
10,99750	227
10,99817	227
10,99883	227
10,99950	227
11,00017	227
11,00083	227
11,00150	226
11,00217	226
11,00283	226
11,00350	226
11,00417	226
11,00483	225
11,00550	225
11,00617	225
11,00683	225
11,00750	226
11,00817	226
11,00883	226
11,00950	227
11,01017	227
11,01083	227
11,01150	228
11,01217	228
11,01283	229
11,01350	229
11,01417	230
11,01483	231
11,01550	232
11,01617	233
11,01683	234
11,01750	234
11,01817	235
11,01883	236
11,01950	237
11,02017	238
11,02083	239
11,02150	240
11,02217	242
11,02283	243
11,02350	244
11,02417	245
11,02483	246
11,02550	247
11,02617	248
11,02683	249
11,02750	250
11,02817	251
11,02883	252
11,02950	254
11,03017	255
11,03083	256
11,03150	258
11,03217	259
11,03283	260
11,03350	262
11,03417	264
11,03483	265
11,03550	267
11,03617	269
11,03683	271
11,03750	273
11,03817	276
11,03883	278
11,03950	280
11,04017	283
11,04083	285
11,04150	288
11,04217	290
11,04283	293
11,04350	295
11,04417	297
11,04483	300
11,04550	302
11,04617	304
11,04683	306
11,04750	308
11,04817	309
11,04883	311
11,04950	312
11,05017	313
11,05083	314
11,05150	315
11,05217	315
11,05283	315
11,05350	316
11,05417	315
11,05483	315
11,05550	315
11,05617	315
11,05683	314
11,05750	314
11,05817	314
11,05883	313
11,05950	313
11,06017	312
11,06083	312
11,06150	311
11,06217	310
11,06283	310
11,06350	309
11,06417	308
11,06483	307
11,06550	306
11,06617	305
11,06683	304
11,06750	304
11,06817	303
11,06883	302
11,06950	301
11,07017	299
11,07083	298
11,07150	297
11,07217	295
11,07283	294
11,07350	293
11,07417	291
11,07483	289
11,07550	287
11,07617	285
11,07683	283
11,07750	281
11,07817	279
11,07883	278
11,07950	276
11,08017	274
11,08083	272
11,08150	270
11,08217	268
11,08283	267
11,08350	265
11,08417	263
11,08483	261
11,08550	259
11,08617	258
11,08683	256
11,08750	254
11,08817	253
11,08883	252
11,08950	250
11,09017	249
11,09083	248
11,09150	248
11,09217	247
11,09283	246
11,09350	245
11,09417	245
11,09483	244
11,09550	243
11,09617	243
11,09683	242
11,09750	242
11,09817	241
11,09883	241
11,09950	240
11,10017	240
11,10083	240
11,10150	239
11,10217	239
11,10283	239
11,10350	239
11,10417	238
11,10483	238
11,10550	238
11,10617	237
11,10683	237
11,10750	237
11,10817	237
11,10883	237
11,10950	237
11,11017	237
11,11083	238
11,11150	238
11,11217	238
11,11283	239
11,11350	239
11,11417	239
11,11483	240
11,11550	240
11,11617	240
11,11683	241
11,11750	241
11,11817	241
11,11883	242
11,11950	242
11,12017	243
11,12083	243
11,12150	244
11,12217	244
11,12283	245
11,12350	245
11,12417	246
11,12483	246
11,12550	247
11,12617	247
11,12683	248
11,12750	249
11,12817	249
11,12883	250
11,12950	251
11,13017	251
11,13083	252
11,13150	252
11,13217	253
11,13283	253
11,13350	254
11,13417	254
11,13483	254
11,13550	254
11,13617	255
11,13683	255
11,13750	255
11,13817	255
11,13883	255
11,13950	255
11,14017	255
11,14083	255
11,14150	255
11,14217	255
11,14283	255
11,14350	255
11,14417	255
11,14483	255
11,14550	256
11,14617	256
11,14683	256
11,14750	256
11,14817	256
11,14883	256
11,14950	256
11,15017	256
11,15083	256
11,15150	255
11,15217	255
11,15283	255
11,15350	255
11,15417	255
11,15483	255
11,15550	254
11,15617	254
11,15683	254
11,15750	254
11,15817	254
11,15883	254
11,15950	254
11,16017	254
11,16083	254
11,16150	254
11,16217	254
11,16283	254
11,16350	254
11,16417	254
11,16483	254
11,16550	255
11,16617	255
11,16683	255
11,16750	256
11,16817	256
11,16883	256
11,16950	257
11,17017	257
11,17083	257
11,17150	257
11,17217	257
11,17283	257
11,17350	257
11,17417	257
11,17483	257
11,17550	257
11,17617	258
11,17683	258
11,17750	258
11,17817	258
11,17883	258
11,17950	258
11,18017	258
11,18083	258
11,18150	258
11,18217	258
11,18283	258
11,18350	259
11,18417	259
11,18483	260
11,18550	260
11,18617	261
11,18683	262
11,18750	263
11,18817	264
11,18883	266
11,18950	267
11,19017	269
11,19083	271
11,19150	272
11,19217	274
11,19283	276
11,19350	278
11,19417	280
11,19483	282
11,19550	284
11,19617	286
11,19683	288
11,19750	290
11,19817	291
11,19883	293
11,19950	295
11,20017	296
11,20083	298
11,20150	299
11,20217	300
11,20283	301
11,20350	302
11,20417	302
11,20483	303
11,20550	304
11,20617	304
11,20683	305
11,20750	305
11,20817	305
11,20883	306
11,20950	306
11,21017	306
11,21083	306
11,21150	307
11,21217	307
11,21283	307
11,21350	306
11,21417	306
11,21483	306
11,21550	305
11,21617	304
11,21683	303
11,21750	302
11,21817	302
11,21883	301
11,21950	300
11,22017	299
11,22083	298
11,22150	297
11,22217	296
11,22283	295
11,22350	294
11,22417	293
11,22483	292
11,22550	292
11,22617	291
11,22683	290
11,22750	289
11,22817	289
11,22883	288
11,22950	287
11,23017	287
11,23083	286
11,23150	285
11,23217	285
11,23283	284
11,23350	284
11,23417	283
11,23483	283
11,23550	282
11,23617	282
11,23683	281
11,23750	281
11,23817	280
11,23883	279
11,23950	279
11,24017	278
11,24083	278
11,24150	277
11,24217	276
11,24283	276
11,24350	276
11,24417	275
11,24483	274
11,24550	274
11,24617	273
11,24683	273
11,24750	272
11,24817	271
11,24883	271
11,24950	270
11,25017	270
11,25083	269
11,25150	268
11,25217	268
11,25283	267
11,25350	267
11,25417	267
11,25483	266
11,25550	266
11,25617	266
11,25683	265
11,25750	265
11,25817	265
11,25883	264
11,25950	264
11,26017	263
11,26083	263
11,26150	262
11,26217	262
11,26283	261
11,26350	261
11,26417	260
11,26483	260
11,26550	259
11,26617	259
11,26683	259
11,26750	258
11,26817	258
11,26883	258
11,26950	258
11,27017	258
11,27083	258
11,27150	258
11,27217	258
11,27283	258
11,27350	258
11,27417	258
11,27483	259
11,27550	260
11,27617	260
11,27683	261
11,27750	261
11,27817	261
11,27883	262
11,27950	262
11,28017	262
11,28083	263
11,28150	263
11,28217	263
11,28283	264
11,28350	265
11,28417	265
11,28483	266
11,28550	266
11,28617	267
11,28683	267
11,28750	268
11,28817	268
11,28883	269
11,28950	269
11,29017	270
11,29083	270
11,29150	270
11,29217	271
11,29283	271
11,29350	271
11,29417	271
11,29483	272
11,29550	272
11,29617	273
11,29683	273
11,29750	274
11,29817	274
11,29883	275
11,29950	275
11,30017	275
11,30083	275
11,30150	275
11,30217	276
11,30283	276
11,30350	276
11,30417	276
11,30483	276
11,30550	277
11,30617	277
11,30683	277
11,30750	277
11,30817	277
11,30883	277
11,30950	277
11,31017	277
11,31083	277
11,31150	278
11,31217	277
11,31283	277
11,31350	278
11,31417	278
11,31483	278
11,31550	278
11,31617	278
11,31683	278
11,31750	278
11,31817	278
11,31883	278
11,31950	278
11,32017	277
11,32083	277
11,32150	277
11,32217	277
11,32283	276
11,32350	276
11,32417	276
11,32483	276
11,32550	276
11,32617	276
11,32683	275
11,32750	275
11,32817	275
11,32883	275
11,32950	275
11,33017	275
11,33083	275
11,33150	274
11,33217	274
11,33283	274
11,33350	273
11,33417	273
11,33483	272
11,33550	272
11,33617	271
11,33683	271
11,33750	270
11,33817	270
11,33883	269
11,33950	269
11,34017	268
11,34083	268
11,34150	268
11,34217	267
11,34283	267
11,34350	267
11,34417	266
11,34483	266
11,34550	265
11,34617	265
11,34683	265
11,34750	264
11,34817	264
11,34883	264
11,34950	264
11,35017	264
11,35083	263
11,35150	263
11,35217	263
11,35283	263
11,35350	262
11,35417	263
11,35483	263
11,35550	263
11,35617	263
11,35683	263
11,35750	264
11,35817	264
11,35883	264
11,35950	265
11,36017	265
11,36083	265
11,36150	266
11,36217	266
11,36283	267
11,36350	267
11,36417	268
11,36483	269
11,36550	269
11,36617	270
11,36683	271
11,36750	271
11,36817	272
11,36883	273
11,36950	273
11,37017	274
11,37083	274
11,37150	275
11,37217	276
11,37283	276
11,37350	277
11,37417	277
11,37483	278
11,37550	278
11,37617	279
11,37683	280
11,37750	280
11,37817	281
11,37883	281
11,37950	282
11,38017	282
11,38083	283
11,38150	283
11,38217	284
11,38283	284
11,38350	284
11,38417	284
11,38483	285
11,38550	285
11,38617	285
11,38683	285
11,38750	285
11,38817	285
11,38883	285
11,38950	285
11,39017	285
11,39083	285
11,39150	285
11,39217	285
11,39283	285
11,39350	285
11,39417	285
11,39483	285
11,39550	285
11,39617	285
11,39683	284
11,39750	284
11,39817	284
11,39883	284
11,39950	284
11,40017	285
11,40083	285
11,40150	285
11,40217	286
11,40283	286
11,40350	287
11,40417	287
11,40483	288
11,40550	288
11,40617	288
11,40683	289
11,40750	289
11,40817	289
11,40883	290
11,40950	290
11,41017	290
11,41083	290
11,41150	291
11,41217	291
11,41283	291
11,41350	291
11,41417	291
11,41483	291
11,41550	291
11,41617	291
11,41683	291
11,41750	290
11,41817	290
11,41883	289
11,41950	289
11,42017	289
11,42083	288
11,42150	287
11,42217	287
11,42283	286
11,42350	285
11,42417	285
11,42483	284
11,42550	284
11,42617	283
11,42683	283
11,42750	282
11,42817	282
11,42883	281
11,42950	281
11,43017	280
11,43083	280
11,43150	280
11,43217	280
11,43283	280
11,43350	279
11,43417	279
11,43483	279
11,43550	279
11,43617	278
11,43683	278
11,43750	277
11,43817	277
11,43883	276
11,43950	275
11,44017	275
11,44083	274
11,44150	274
11,44217	273
11,44283	273
11,44350	272
11,44417	271
11,44483	271
11,44550	270
11,44617	270
11,44683	269
11,44750	269
11,44817	268
11,44883	267
11,44950	266
11,45017	265
11,45083	264
11,45150	263
11,45217	263
11,45283	262
11,45350	261
11,45417	261
11,45483	260
11,45550	260
11,45617	259
11,45683	259
11,45750	258
11,45817	257
11,45883	257
11,45950	256
11,46017	255
11,46083	255
11,46150	254
11,46217	254
11,46283	253
11,46350	252
11,46417	252
11,46483	251
11,46550	251
11,46617	251
11,46683	250
11,46750	250
11,46817	250
11,46883	250
11,46950	249
11,47017	249
11,47083	249
11,47150	248
11,47217	248
11,47283	248
11,47350	247
11,47417	247
11,47483	247
11,47550	247
11,47617	247
11,47683	246
11,47750	246
11,47817	246
11,47883	246
11,47950	246
11,48017	245
11,48083	245
11,48150	245
11,48217	245
11,48283	245
11,48350	245
11,48417	245
11,48483	245
11,48550	245
11,48617	245
11,48683	245
11,48750	244
11,48817	244
11,48883	244
11,48950	244
11,49017	243
11,49083	243
11,49150	243
11,49217	242
11,49283	241
11,49350	241
11,49417	240
11,49483	240
11,49550	239
11,49617	239
11,49683	239
11,49750	239
11,49817	239
11,49883	239
11,49950	239
11,50017	239
11,50083	239
11,50150	238
11,50217	238
11,50283	238
11,50350	238
11,50417	238
11,50483	237
11,50550	237
11,50617	237
11,50683	237
11,50750	237
11,50817	237
11,50883	237
11,50950	237
11,51017	236
11,51083	236
11,51150	236
11,51217	235
11,51283	235
11,51350	234
11,51417	234
11,51483	234
11,51550	233
11,51617	233
11,51683	233
11,51750	232
11,51817	232
11,51883	232
11,51950	232
11,52017	232
11,52083	232
11,52150	232
11,52217	232
11,52283	232
11,52350	232
11,52417	232
11,52483	232
11,52550	232
11,52617	232
11,52683	232
11,52750	232
11,52817	232
11,52883	232
11,52950	233
11,53017	233
11,53083	233
11,53150	233
11,53217	234
11,53283	234
11,53350	234
11,53417	234
11,53483	235
11,53550	235
11,53617	235
11,53683	236
11,53750	236
11,53817	236
11,53883	237
11,53950	237
11,54017	238
11,54083	238
11,54150	238
11,54217	238
11,54283	239
11,54350	239
11,54417	239
11,54483	239
11,54550	239
11,54617	240
11,54683	240
11,54750	240
11,54817	241
11,54883	241
11,54950	241
11,55017	242
11,55083	242
11,55150	243
11,55217	243
11,55283	244
11,55350	244
11,55417	245
11,55483	245
11,55550	245
11,55617	245
11,55683	246
11,55750	246
11,55817	246
11,55883	246
11,55950	246
11,56017	246
11,56083	246
11,56150	246
11,56217	247
11,56283	247
11,56350	247
11,56417	247
11,56483	247
11,56550	247
11,56617	247
11,56683	247
11,56750	247
11,56817	246
11,56883	246
11,56950	246
11,57017	246
11,57083	246
11,57150	246
11,57217	245
11,57283	245
11,57350	245
11,57417	245
11,57483	244
11,57550	244
11,57617	243
11,57683	242
11,57750	242
11,57817	241
11,57883	240
11,57950	240
11,58017	239
11,58083	238
11,58150	238
11,58217	237
11,58283	237
11,58350	236
11,58417	236
11,58483	235
11,58550	235
11,58617	235
11,58683	234
11,58750	234
11,58817	234
11,58883	233
11,58950	233
11,59017	233
11,59083	232
11,59150	232
11,59217	232
11,59283	231
11,59350	231
11,59417	231
11,59483	231
11,59550	231
11,59617	230
11,59683	230
11,59750	230
11,59817	230
11,59883	229
11,59950	229
11,60017	228
11,60083	228
11,60150	228
11,60217	227
11,60283	227
11,60350	227
11,60417	227
11,60483	226
11,60550	226
11,60617	226
11,60683	225
11,60750	225
11,60817	225
11,60883	225
11,60950	225
11,61017	225
11,61083	225
11,61150	225
11,61217	225
11,61283	224
11,61350	224
11,61417	224
11,61483	224
11,61550	224
11,61617	224
11,61683	223
11,61750	223
11,61817	223
11,61883	223
11,61950	223
11,62017	223
11,62083	223
11,62150	223
11,62217	223
11,62283	223
11,62350	223
11,62417	223
11,62483	223
11,62550	223
11,62617	223
11,62683	223
11,62750	223
11,62817	223
11,62883	223
11,62950	223
11,63017	223
11,63083	224
11,63150	224
11,63217	224
11,63283	225
11,63350	226
11,63417	226
11,63483	227
11,63550	227
11,63617	228
11,63683	229
11,63750	230
11,63817	231
11,63883	231
11,63950	232
11,64017	233
11,64083	234
11,64150	235
11,64217	236
11,64283	237
11,64350	238
11,64417	240
11,64483	241
11,64550	243
11,64617	244
11,64683	246
11,64750	248
11,64817	250
11,64883	253
11,64950	256
11,65017	259
11,65083	262
11,65150	265
11,65217	269
11,65283	274
11,65350	278
11,65417	284
11,65483	289
11,65550	295
11,65617	301
11,65683	308
11,65750	315
11,65817	323
11,65883	331
11,65950	339
11,66017	347
11,66083	356
11,66150	364
11,66217	372
11,66283	381
11,66350	389
11,66417	397
11,66483	404
11,66550	412
11,66617	419
11,66683	425
11,66750	432
11,66817	438
11,66883	443
11,66950	448
11,67017	452
11,67083	456
11,67150	459
11,67217	461
11,67283	462
11,67350	463
11,67417	464
11,67483	463
11,67550	463
11,67617	462
11,67683	460
11,67750	458
11,67817	456
11,67883	453
11,67950	450
11,68017	447
11,68083	443
11,68150	439
11,68217	435
11,68283	431
11,68350	426
11,68417	422
11,68483	417
11,68550	412
11,68617	407
11,68683	403
11,68750	398
11,68817	394
11,68883	389
11,68950	385
11,69017	380
11,69083	376
11,69150	371
11,69217	367
11,69283	363
11,69350	359
11,69417	355
11,69483	351
11,69550	347
11,69617	344
11,69683	340
11,69750	337
11,69817	335
11,69883	332
11,69950	329
11,70017	327
11,70083	324
11,70150	322
11,70217	320
11,70283	318
11,70350	316
11,70417	314
11,70483	312
11,70550	310
11,70617	308
11,70683	307
11,70750	305
11,70817	304
11,70883	302
11,70950	301
11,71017	300
11,71083	299
11,71150	298
11,71217	297
11,71283	296
11,71350	295
11,71417	294
11,71483	293
11,71550	293
11,71617	292
11,71683	291
11,71750	290
11,71817	290
11,71883	289
11,71950	288
11,72017	287
11,72083	286
11,72150	285
11,72217	284
11,72283	284
11,72350	283
11,72417	282
11,72483	281
11,72550	280
11,72617	279
11,72683	277
11,72750	276
11,72817	275
11,72883	274
11,72950	274
11,73017	273
11,73083	272
11,73150	271
11,73217	270
11,73283	270
11,73350	269
11,73417	268
11,73483	267
11,73550	266
11,73617	265
11,73683	265
11,73750	264
11,73817	263
11,73883	262
11,73950	261
11,74017	261
11,74083	260
11,74150	259
11,74217	258
11,74283	257
11,74350	257
11,74417	256
11,74483	255
11,74550	255
11,74617	254
11,74683	254
11,74750	253
11,74817	253
11,74883	252
11,74950	252
11,75017	251
11,75083	251
11,75150	250
11,75217	250
11,75283	249
11,75350	248
11,75417	248
11,75483	247
11,75550	246
11,75617	246
11,75683	245
11,75750	244
11,75817	244
11,75883	243
11,75950	242
11,76017	241
11,76083	241
11,76150	240
11,76217	240
11,76283	239
11,76350	239
11,76417	239
11,76483	239
11,76550	238
11,76617	238
11,76683	238
11,76750	238
11,76817	237
11,76883	237
11,76950	236
11,77017	236
11,77083	235
11,77150	234
11,77217	234
11,77283	234
11,77350	233
11,77417	233
11,77483	233
11,77550	233
11,77617	232
11,77683	232
11,77750	232
11,77817	232
11,77883	231
11,77950	231
11,78017	230
11,78083	230
11,78150	229
11,78217	229
11,78283	228
11,78350	228
11,78417	228
11,78483	228
11,78550	228
11,78617	228
11,78683	228
11,78750	227
11,78817	227
11,78883	227
11,78950	227
11,79017	227
11,79083	227
11,79150	227
11,79217	226
11,79283	226
11,79350	226
11,79417	226
11,79483	227
11,79550	227
11,79617	227
11,79683	228
11,79750	228
11,79817	229
11,79883	229
11,79950	230
11,80017	230
11,80083	231
11,80150	231
11,80217	231
11,80283	232
11,80350	232
11,80417	232
11,80483	233
11,80550	233
11,80617	233
11,80683	234
11,80750	234
11,80817	234
11,80883	234
11,80950	235
11,81017	235
11,81083	235
11,81150	235
11,81217	235
11,81283	235
11,81350	236
11,81417	236
11,81483	237
11,81550	237
11,81617	237
11,81683	238
11,81750	238
11,81817	239
11,81883	240
11,81950	240
11,82017	241
11,82083	241
11,82150	242
11,82217	242
11,82283	242
11,82350	243
11,82417	243
11,82483	243
11,82550	243
11,82617	243
11,82683	244
11,82750	244
11,82817	244
11,82883	244
11,82950	244
11,83017	244
11,83083	244
11,83150	245
11,83217	245
11,83283	245
11,83350	245
11,83417	245
11,83483	245
11,83550	246
11,83617	246
11,83683	246
11,83750	246
11,83817	246
11,83883	246
11,83950	246
11,84017	246
11,84083	246
11,84150	246
11,84217	246
11,84283	247
11,84350	247
11,84417	247
11,84483	247
11,84550	247
11,84617	248
11,84683	248
11,84750	248
11,84817	249
11,84883	249
11,84950	250
11,85017	250
11,85083	251
11,85150	251
11,85217	252
11,85283	252
11,85350	253
11,85417	253
11,85483	253
11,85550	253
11,85617	253
11,85683	253
11,85750	253
11,85817	253
11,85883	253
11,85950	254
11,86017	254
11,86083	254
11,86150	254
11,86217	253
11,86283	253
11,86350	253
11,86417	253
11,86483	253
11,86550	253
11,86617	253
11,86683	253
11,86750	254
11,86817	254
11,86883	254
11,86950	254
11,87017	254
11,87083	254
11,87150	254
11,87217	255
11,87283	255
11,87350	255
11,87417	255
11,87483	255
11,87550	256
11,87617	256
11,87683	256
11,87750	256
11,87817	256
11,87883	256
11,87950	255
11,88017	255
11,88083	255
11,88150	255
11,88217	255
11,88283	254
11,88350	254
11,88417	254
11,88483	253
11,88550	253
11,88617	253
11,88683	252
11,88750	252
11,88817	252
11,88883	251
11,88950	251
11,89017	251
11,89083	251
11,89150	251
11,89217	251
11,89283	251
11,89350	251
11,89417	251
11,89483	251
11,89550	251
11,89617	251
11,89683	251
11,89750	251
11,89817	251
11,89883	250
11,89950	250
11,90017	250
11,90083	250
11,90150	250
11,90217	249
11,90283	249
11,90350	249
11,90417	249
11,90483	248
11,90550	248
11,90617	248
11,90683	247
11,90750	247
11,90817	247
11,90883	246
11,90950	246
11,91017	246
11,91083	246
11,91150	246
11,91217	246
11,91283	246
11,91350	246
11,91417	246
11,91483	246
11,91550	246
11,91617	246
11,91683	247
11,91750	247
11,91817	247
11,91883	247
11,91950	247
11,92017	247
11,92083	247
11,92150	247
11,92217	247
11,92283	248
11,92350	248
11,92417	248
11,92483	248
11,92550	248
11,92617	248
11,92683	248
11,92750	248
11,92817	248
11,92883	248
11,92950	247
11,93017	247
11,93083	247
11,93150	247
11,93217	247
11,93283	247
11,93350	247
11,93417	247
11,93483	248
11,93550	248
11,93617	248
11,93683	249
11,93750	249
11,93817	249
11,93883	250
11,93950	250
11,94017	250
11,94083	250
11,94150	250
11,94217	250
11,94283	251
11,94350	251
11,94417	251
11,94483	251
11,94550	252
11,94617	252
11,94683	252
11,94750	253
11,94817	253
11,94883	253
11,94950	254
11,95017	254
11,95083	254
11,95150	254
11,95217	254
11,95283	253
11,95350	253
11,95417	253
11,95483	253
11,95550	253
11,95617	253
11,95683	253
11,95750	253
11,95817	253
11,95883	254
11,95950	254
11,96017	254
11,96083	254
11,96150	253
11,96217	253
11,96283	253
11,96350	253
11,96417	253
11,96483	254
11,96550	254
11,96617	254
11,96683	254
11,96750	254
11,96817	255
11,96883	255
11,96950	255
11,97017	256
11,97083	256
11,97150	257
11,97217	257
11,97283	257
11,97350	258
11,97417	258
11,97483	258
11,97550	259
11,97617	260
11,97683	260
11,97750	261
11,97817	262
11,97883	262
11,97950	263
11,98017	264
11,98083	264
11,98150	264
11,98217	265
11,98283	265
11,98350	266
11,98417	266
11,98483	266
11,98550	266
11,98617	267
11,98683	267
11,98750	267
11,98817	267
11,98883	267
11,98950	267
11,99017	267
11,99083	267
11,99150	267
11,99217	267
11,99283	267
11,99350	267
11,99417	267
11,99483	267
11,99550	267
11,99617	267
11,99683	267
11,99750	267
11,99817	266
11,99883	266
11,99950	266
12,00017	266
12,00083	266
12,00150	266
12,00217	266
12,00283	266
12,00350	265
12,00417	265
12,00483	265
12,00550	265
12,00617	265
12,00683	266
12,00750	266
12,00817	266
12,00883	266
12,00950	266
12,01017	266
12,01083	266
12,01150	266
12,01217	266
12,01283	266
12,01350	266
12,01417	266
12,01483	266
12,01550	266
12,01617	266
12,01683	266
12,01750	266
12,01817	266
12,01883	267
12,01950	267
12,02017	267
12,02083	268
12,02150	268
12,02217	269
12,02283	269
12,02350	270
12,02417	270
12,02483	271
12,02550	271
12,02617	272
12,02683	272
12,02750	273
12,02817	274
12,02883	274
12,02950	275
12,03017	275
12,03083	275
12,03150	275
12,03217	275
12,03283	275
12,03350	275
12,03417	275
12,03483	275
12,03550	274
12,03617	274
12,03683	274
12,03750	273
12,03817	273
12,03883	273
12,03950	273
12,04017	273
12,04083	272
12,04150	272
12,04217	272
12,04283	272
12,04350	271
12,04417	271
12,04483	270
12,04550	270
12,04617	269
12,04683	268
12,04750	267
12,04817	266
12,04883	265
12,04950	264
12,05017	263
12,05083	263
12,05150	262
12,05217	261
12,05283	260
12,05350	259
12,05417	258
12,05483	257
12,05550	256
12,05617	255
12,05683	255
12,05750	254
12,05817	253
12,05883	252
12,05950	252
12,06017	251
12,06083	250
12,06150	250
12,06217	249
12,06283	249
12,06350	248
12,06417	248
12,06483	247
12,06550	246
12,06617	246
12,06683	245
12,06750	245
12,06817	244
12,06883	243
12,06950	243
12,07017	242
12,07083	242
12,07150	241
12,07217	241
12,07283	241
12,07350	240
12,07417	240
12,07483	240
12,07550	240
12,07617	240
12,07683	240
12,07750	240
12,07817	240
12,07883	240
12,07950	240
12,08017	239
12,08083	239
12,08150	239
12,08217	239
12,08283	239
12,08350	238
12,08417	238
12,08483	238
12,08550	238
12,08617	238
12,08683	238
12,08750	238
12,08817	237
12,08883	237
12,08950	237
12,09017	236
12,09083	236
12,09150	236
12,09217	235
12,09283	235
12,09350	235
12,09417	234
12,09483	234
12,09550	234
12,09617	234
12,09683	233
12,09750	233
12,09817	233
12,09883	233
12,09950	232
12,10017	232
12,10083	231
12,10150	231
12,10217	231
12,10283	231
12,10350	231
12,10417	231
12,10483	231
12,10550	231
12,10617	231
12,10683	231
12,10750	231
12,10817	231
12,10883	231
12,10950	231
12,11017	231
12,11083	231
12,11150	231
12,11217	231
12,11283	231
12,11350	231
12,11417	231
12,11483	231
12,11550	231
12,11617	231
12,11683	231
12,11750	231
12,11817	231
12,11883	232
12,11950	232
12,12017	232
12,12083	232
12,12150	232
12,12217	232
12,12283	233
12,12350	233
12,12417	233
12,12483	234
12,12550	234
12,12617	235
12,12683	235
12,12750	236
12,12817	236
12,12883	237
12,12950	237
12,13017	238
12,13083	238
12,13150	239
12,13217	239
12,13283	240
12,13350	240
12,13417	241
12,13483	241
12,13550	242
12,13617	242
12,13683	242
12,13750	243
12,13817	243
12,13883	243
12,13950	243
12,14017	243
12,14083	243
12,14150	243
12,14217	243
12,14283	243
12,14350	243
12,14417	243
12,14483	243
12,14550	243
12,14617	243
12,14683	243
12,14750	243
12,14817	243
12,14883	243
12,14950	243
12,15017	243
12,15083	243
12,15150	243
12,15217	244
12,15283	244
12,15350	244
12,15417	244
12,15483	244
12,15550	244
12,15617	244
12,15683	244
12,15750	244
12,15817	244
12,15883	244
12,15950	244
12,16017	244
12,16083	244
12,16150	244
12,16217	244
12,16283	244
12,16350	244
12,16417	244
12,16483	243
12,16550	243
12,16617	243
12,16683	242
12,16750	242
12,16817	242
12,16883	242
12,16950	242
12,17017	242
12,17083	242
12,17150	241
12,17217	241
12,17283	241
12,17350	241
12,17417	241
12,17483	240
12,17550	240
12,17617	240
12,17683	239
12,17750	239
12,17817	238
12,17883	238
12,17950	237
12,18017	237
12,18083	237
12,18150	236
12,18217	236
12,18283	236
12,18350	236
12,18417	236
12,18483	235
12,18550	235
12,18617	235
12,18683	234
12,18750	234
12,18817	234
12,18883	234
12,18950	234
12,19017	234
12,19083	234
12,19150	235
12,19217	235
12,19283	235
12,19350	236
12,19417	236
12,19483	236
12,19550	237
12,19617	237
12,19683	237
12,19750	237
12,19817	237
12,19883	237
12,19950	237
12,20017	238
12,20083	238
12,20150	238
12,20217	238
12,20283	238
12,20350	238
12,20417	238
12,20483	238
12,20550	238
12,20617	238
12,20683	238
12,20750	237
12,20817	237
12,20883	237
12,20950	237
12,21017	236
12,21083	236
12,21150	236
12,21217	236
12,21283	236
12,21350	236
12,21417	236
12,21483	235
12,21550	235
12,21617	235
12,21683	235
12,21750	234
12,21817	234
12,21883	234
12,21950	234
12,22017	233
12,22083	233
12,22150	233
12,22217	233
12,22283	233
12,22350	233
12,22417	233
12,22483	233
12,22550	234
12,22617	234
12,22683	234
12,22750	234
12,22817	234
12,22883	234
12,22950	234
12,23017	234
12,23083	234
12,23150	234
12,23217	234
12,23283	234
12,23350	234
12,23417	234
12,23483	234
12,23550	234
12,23617	234
12,23683	235
12,23750	235
12,23817	235
12,23883	234
12,23950	234
12,24017	234
12,24083	234
12,24150	233
12,24217	233
12,24283	233
12,24350	233
12,24417	233
12,24483	233
12,24550	233
12,24617	233
12,24683	232
12,24750	232
12,24817	232
12,24883	232
12,24950	231
12,25017	231
12,25083	231
12,25150	231
12,25217	231
12,25283	230
12,25350	230
12,25417	230
12,25483	230
12,25550	230
12,25617	230
12,25683	230
12,25750	230
12,25817	230
12,25883	230
12,25950	229
12,26017	229
12,26083	229
12,26150	229
12,26217	229
12,26283	229
12,26350	228
12,26417	228
12,26483	228
12,26550	228
12,26617	228
12,26683	228
12,26750	228
12,26817	228
12,26883	228
12,26950	227
12,27017	227
12,27083	227
12,27150	226
12,27217	226
12,27283	226
12,27350	226
12,27417	226
12,27483	226
12,27550	226
12,27617	226
12,27683	226
12,27750	226
12,27817	226
12,27883	226
12,27950	226
12,28017	226
12,28083	226
12,28150	226
12,28217	226
12,28283	226
12,28350	226
12,28417	226
12,28483	226
12,28550	227
12,28617	227
12,28683	227
12,28750	227
12,28817	227
12,28883	227
12,28950	227
12,29017	227
12,29083	228
12,29150	228
12,29217	228
12,29283	228
12,29350	228
12,29417	228
12,29483	228
12,29550	228
12,29617	228
12,29683	228
12,29750	228
12,29817	227
12,29883	227
12,29950	227
12,30017	227
12,30083	227
12,30150	227
12,30217	227
12,30283	227
12,30350	227
12,30417	227
12,30483	227
12,30550	227
12,30617	227
12,30683	227
12,30750	227
12,30817	227
12,30883	227
12,30950	227
12,31017	227
12,31083	227
12,31150	226
12,31217	226
12,31283	226
12,31350	226
12,31417	226
12,31483	226
12,31550	226
12,31617	226
12,31683	226
12,31750	226
12,31817	226
12,31883	226
12,31950	226
12,32017	227
12,32083	227
12,32150	227
12,32217	227
12,32283	227
12,32350	227
12,32417	227
12,32483	227
12,32550	227
12,32617	227
12,32683	227
12,32750	227
12,32817	227
12,32883	227
12,32950	227
12,33017	227
12,33083	228
12,33150	228
12,33217	228
12,33283	228
12,33350	228
12,33417	228
12,33483	228
12,33550	228
12,33617	228
12,33683	228
12,33750	228
12,33817	228
12,33883	228
12,33950	228
12,34017	228
12,34083	228
12,34150	228
12,34217	228
12,34283	227
12,34350	227
12,34417	226
12,34483	226
12,34550	225
12,34617	225
12,34683	225
12,34750	224
12,34817	224
12,34883	224
12,34950	224
12,35017	224
12,35083	224
12,35150	224
12,35217	224
12,35283	224
12,35350	224
12,35417	225
12,35483	225
12,35550	225
12,35617	225
12,35683	226
12,35750	226
12,35817	226
12,35883	226
12,35950	226
12,36017	226
12,36083	226
12,36150	225
12,36217	225
12,36283	225
12,36350	225
12,36417	225
12,36483	224
12,36550	224
12,36617	223
12,36683	222
12,36750	222
12,36817	221
12,36883	221
12,36950	220
12,37017	220
12,37083	219
12,37150	219
12,37217	219
12,37283	218
12,37350	218
12,37417	218
12,37483	217
12,37550	217
12,37617	217
12,37683	216
12,37750	216
12,37817	215
12,37883	215
12,37950	214
12,38017	214
12,38083	213
12,38150	212
12,38217	211
12,38283	211
12,38350	210
12,38417	210
12,38483	209
12,38550	209
12,38617	209
12,38683	208
12,38750	208
12,38817	208
12,38883	207
12,38950	207
12,39017	207
12,39083	206
12,39150	206
12,39217	206
12,39283	206
12,39350	205
12,39417	205
12,39483	205
12,39550	205
12,39617	205
12,39683	205
12,39750	205
12,39817	205
12,39883	205
12,39950	205
12,40017	205
12,40083	205
12,40150	205
12,40217	205
12,40283	205
12,40350	205
12,40417	205
12,40483	206
12,40550	206
12,40617	206
12,40683	207
12,40750	207
12,40817	208
12,40883	208
12,40950	209
12,41017	209
12,41083	209
12,41150	209
12,41217	209
12,41283	210
12,41350	210
12,41417	210
12,41483	210
12,41550	210
12,41617	210
12,41683	211
12,41750	211
12,41817	211
12,41883	212
12,41950	212
12,42017	212
12,42083	212
12,42150	212
12,42217	212
12,42283	213
12,42350	213
12,42417	213
12,42483	213
12,42550	213
12,42617	213
12,42683	212
12,42750	212
12,42817	212
12,42883	212
12,42950	212
12,43017	211
12,43083	211
12,43150	211
12,43217	211
12,43283	211
12,43350	211
12,43417	212
12,43483	212
12,43550	213
12,43617	213
12,43683	213
12,43750	214
12,43817	214
12,43883	214
12,43950	214
12,44017	215
12,44083	215
12,44150	215
12,44217	215
12,44283	215
12,44350	215
12,44417	215
12,44483	215
12,44550	215
12,44617	215
12,44683	215
12,44750	215
12,44817	215
12,44883	215
12,44950	214
12,45017	214
12,45083	214
12,45150	214
12,45217	214
12,45283	214
12,45350	214
12,45417	214
12,45483	213
12,45550	213
12,45617	213
12,45683	214
12,45750	214
12,45817	214
12,45883	215
12,45950	215
12,46017	215
12,46083	216
12,46150	217
12,46217	217
12,46283	218
12,46350	219
12,46417	221
12,46483	222
12,46550	224
12,46617	226
12,46683	228
12,46750	230
12,46817	233
12,46883	236
12,46950	239
12,47017	243
12,47083	247
12,47150	252
12,47217	257
12,47283	263
12,47350	269
12,47417	275
12,47483	282
12,47550	289
12,47617	297
12,47683	306
12,47750	315
12,47817	325
12,47883	335
12,47950	346
12,48017	357
12,48083	368
12,48150	381
12,48217	393
12,48283	406
12,48350	419
12,48417	432
12,48483	446
12,48550	459
12,48617	473
12,48683	487
12,48750	500
12,48817	513
12,48883	526
12,48950	539
12,49017	551
12,49083	563
12,49150	574
12,49217	585
12,49283	595
12,49350	605
12,49417	614
12,49483	622
12,49550	630
12,49617	637
12,49683	643
12,49750	649
12,49817	654
12,49883	659
12,49950	662
12,50017	665
12,50083	668
12,50150	669
12,50217	669
12,50283	669
12,50350	668
12,50417	667
12,50483	664
12,50550	661
12,50617	657
12,50683	653
12,50750	648
12,50817	642
12,50883	636
12,50950	629
12,51017	622
12,51083	615
12,51150	607
12,51217	599
12,51283	591
12,51350	582
12,51417	574
12,51483	565
12,51550	556
12,51617	547
12,51683	538
12,51750	528
12,51817	519
12,51883	510
12,51950	501
12,52017	491
12,52083	482
12,52150	474
12,52217	465
12,52283	456
12,52350	447
12,52417	439
12,52483	430
12,52550	422
12,52617	414
12,52683	407
12,52750	399
12,52817	392
12,52883	386
12,52950	379
12,53017	373
12,53083	367
12,53150	361
12,53217	356
12,53283	350
12,53350	345
12,53417	341
12,53483	337
12,53550	332
12,53617	328
12,53683	324
12,53750	321
12,53817	317
12,53883	314
12,53950	310
12,54017	307
12,54083	304
12,54150	301
12,54217	299
12,54283	296
12,54350	294
12,54417	291
12,54483	289
12,54550	286
12,54617	284
12,54683	282
12,54750	280
12,54817	278
12,54883	276
12,54950	274
12,55017	272
12,55083	271
12,55150	269
12,55217	267
12,55283	266
12,55350	265
12,55417	263
12,55483	262
12,55550	261
12,55617	260
12,55683	259
12,55750	258
12,55817	257
12,55883	256
12,55950	255
12,56017	255
12,56083	254
12,56150	253
12,56217	252
12,56283	251
12,56350	250
12,56417	250
12,56483	249
12,56550	248
12,56617	248
12,56683	247
12,56750	246
12,56817	246
12,56883	245
12,56950	244
12,57017	243
12,57083	243
12,57150	242
12,57217	242
12,57283	241
12,57350	241
12,57417	241
12,57483	240
12,57550	240
12,57617	240
12,57683	240
12,57750	240
12,57817	240
12,57883	240
12,57950	239
12,58017	239
12,58083	239
12,58150	238
12,58217	238
12,58283	238
12,58350	237
12,58417	237
12,58483	237
12,58550	237
12,58617	237
12,58683	237
12,58750	237
12,58817	237
12,58883	237
12,58950	237
12,59017	237
12,59083	237
12,59150	237
12,59217	237
12,59283	237
12,59350	237
12,59417	237
12,59483	237
12,59550	236
12,59617	236
12,59683	236
12,59750	236
12,59817	235
12,59883	235
12,59950	235
12,60017	235
12,60083	235
12,60150	235
12,60217	235
12,60283	235
12,60350	235
12,60417	235
12,60483	235
12,60550	235
12,60617	235
12,60683	235
12,60750	235
12,60817	235
12,60883	236
12,60950	236
12,61017	236
12,61083	236
12,61150	237
12,61217	237
12,61283	238
12,61350	238
12,61417	239
12,61483	239
12,61550	239
12,61617	240
12,61683	240
12,61750	241
12,61817	241
12,61883	242
12,61950	242
12,62017	242
12,62083	243
12,62150	243
12,62217	243
12,62283	243
12,62350	243
12,62417	244
12,62483	244
12,62550	244
12,62617	244
12,62683	244
12,62750	244
12,62817	244
12,62883	245
12,62950	251

