{
    "file": "paper_47.json",
    "monomer1_s": "C=C(C)C(=O)OC",
    "monomer2_s": "C=Cc1cc(Cl)ccc1Cl",
    "monomer1": "Methyl Methacrylate",
    "monomer2": "2,5-Dichlorostyrene",
    "r_values": {
        "constant_1": 0.44,
        "constant_2": 2.25
    },
    "conf_intervals": {
        "constant_conf_1": null,
        "constant_conf_2": null
    },
    "temperature": null,
    "temperature_unit": "\u00b0C",
    "solvent": "c1ccccc1",
    "method": "solvent",
    "r-product": null,
    "source": "Journal of Polymer Science, Volume 3, No. 2 (1948)",
    "calculation_method": null,
    "polymerization_type": "free radical",
    "logP": 1.6866,
    "monomer2_data": {
        "smiles": "C=Cc1cc(Cl)ccc1Cl",
        "ip": 13.155640643452212,
        "ip_corrected": 8.309640643452212,
        "ea": 4.814674889258847,
        "homo": -0.3966359176683437,
        "lumo": -0.27294686675313945,
        "charges": {
            "1": -0.0811563428277322,
            "2": -0.025225975154556247,
            "3": 0.014078526725567392,
            "4": -0.044322753712228186,
            "5": 0.0959107385181687,
            "6": -0.1680981506784495,
            "7": -0.039936278212783116,
            "8": -0.038234714044370385,
            "9": 0.08824350312652676,
            "10": -0.16463237845080883,
            "11": 0.049919166811308265,
            "12": 0.04846840383065566,
            "13": 0.05811647280781492,
            "14": 0.07156251328141205,
            "15": 0.06771879785444229,
            "16": 0.06758847012503097
        },
        "dipole": [
            0.1768680252307638,
            -0.006134046625670436,
            0.024337088202347625
        ],
        "global_electrophilicity": 1.02701698578297,
        "global_nucleophilicity": -8.309640643452212,
        "fukui_electrophilicity": {
            "1": 0.06241208698527011,
            "2": 0.033518734658980635,
            "3": 0.06727363549360209,
            "4": 0.02411264603338531,
            "5": 0.027635829382605878,
            "6": 0.11133618487732985,
            "7": 0.0672122761216647,
            "8": 0.02385745922080905,
            "9": 0.031718869106096476,
            "10": 0.10980067374651722,
            "11": 0.0883865885708181,
            "12": 0.07397923634541476,
            "13": 0.07211832737781063,
            "14": 0.05847544780510205,
            "15": 0.07943326635576656,
            "16": 0.06872873791883274
        },
        "fukui_nucleophilicity": {
            "1": 0.039990430962800194,
            "2": 0.01749462251762151,
            "3": 0.0347829948654704,
            "4": 0.011983853697245,
            "5": 0.02599767579639259,
            "6": 0.22777352981197974,
            "7": 0.036782348894283085,
            "8": 0.01903736636518337,
            "9": 0.032577733459558014,
            "10": 0.2329485598508411,
            "11": 0.06425382302746677,
            "12": 0.050411291101075145,
            "13": 0.043897781732317114,
            "14": 0.0462101268755427,
            "15": 0.06003807915074688,
            "16": 0.05581978189148963
        },
        "boltzmann_weights": [
            1.0
        ]
    }
}