{
    "file": "paper_591.json",
    "monomer1_s": null,
    "monomer2_s": "O=C1C=CC(=O)N1",
    "monomer1": "2,3-bis-(diethylphosphono)butadiene-1,3",
    "monomer2": "maleimide",
    "r_values": {
        "constant_1": 0.03,
        "constant_2": 0.41
    },
    "conf_intervals": {
        "constant_conf_1": 0.01,
        "constant_conf_2": 0.05
    },
    "temperature": 70.0,
    "temperature_unit": "\u00b0C",
    "solvent": "CN(C)C=O",
    "method": "solvent",
    "r-product": 0.01,
    "source": "Polymer Science U.S.S.R. Vol. 21, pp. 1077-1084, Pergamon Press Ltd. 1980",
    "calculation_method": "integral equation of Mayo and Lewis",
    "polymerization_type": "free radical",
    "logP": -0.2956000000000001,
    "monomer2_data": {
        "smiles": "O=C1C=CC(=O)N1",
        "ip": 15.047040638683567,
        "ip_corrected": 10.201040638683567,
        "ea": 5.934733461963486,
        "homo": -0.4330420164388482,
        "lumo": -0.3404140743808057,
        "charges": {
            "1": -0.344227572547082,
            "2": 0.29234472821028373,
            "3": -0.04836879482546047,
            "4": -0.048367471096118185,
            "5": 0.2923447008213634,
            "6": -0.34422765671109723,
            "7": -0.1808514475000751,
            "8": 0.0871025976870925,
            "9": 0.08710286961580571,
            "10": 0.2071480463452933
        },
        "dipole": [
            0.0008513337660791877,
            -0.5827704146684206,
            -0.012106581277840067
        ],
        "global_electrophilicity": 1.7484457664200344,
        "global_nucleophilicity": -10.201040638683567,
        "fukui_electrophilicity": {
            "1": 0.19609614100384903,
            "2": 0.0571062297706576,
            "3": 0.07578330618921764,
            "4": 0.07578449131510429,
            "5": 0.05710617371919954,
            "6": 0.19609620605101163,
            "7": 0.052217593085887665,
            "8": 0.10904890242799113,
            "9": 0.10904887637744289,
            "10": 0.0717120800596508
        },
        "fukui_nucleophilicity": {
            "1": 0.23323014169735873,
            "2": 0.03277079663658139,
            "3": 0.045753755210566,
            "4": 0.045751324091292934,
            "5": 0.032771079208819665,
            "6": 0.23323076463829995,
            "7": 0.08311965397089727,
            "8": 0.11340017150718076,
            "9": 0.11339991332155219,
            "10": 0.06657239971713677
        },
        "boltzmann_weights": [
            1.0
        ]
    }
}