{
    "file": "paper_479.json",
    "monomer1_s": "C=Cc1ccccc1",
    "monomer2_s": "C=CNC(=O)NCC",
    "monomer1": "styrene",
    "monomer2": "N-vinyl-N'-ethylurea",
    "r_values": {
        "constant_1": 20.0,
        "constant_2": 0.02
    },
    "conf_intervals": {
        "constant_conf_1": null,
        "constant_conf_2": null
    },
    "temperature": 75.0,
    "temperature_unit": "\u00b0C",
    "solvent": "CCC(C)=O",
    "method": "solvent",
    "r-product": null,
    "source": "Bull. Soc. Chim. Belg., 67, pp. 123-130, 1958",
    "calculation_method": "Alfrey-Price",
    "polymerization_type": "free radical",
    "logP": 0.9854,
    "monomer1_data": {
        "smiles": "C=Cc1ccccc1",
        "ip": 13.323305315341791,
        "ip_corrected": 8.477305315341791,
        "ea": 3.959877946938991,
        "homo": -0.3831985290395731,
        "lumo": -0.2501966690470822,
        "charges": {
            "1": -0.08578934436600626,
            "2": -0.030259830597504936,
            "3": 0.01460321229207634,
            "4": -0.032430750206366904,
            "5": -0.029945437580900583,
            "6": -0.030379977266510892,
            "7": -0.029893803249294533,
            "8": -0.033985609164289644,
            "9": 0.038721208943534896,
            "10": 0.036165150785770366,
            "11": 0.033044651543264955,
            "12": 0.03404524115950842,
            "13": 0.028965873902585763,
            "14": 0.02897855112451052,
            "15": 0.028735857233840652,
            "16": 0.029425005445779806
        },
        "dipole": [
            -0.00599695759505601,
            0.00019607223034193996,
            -0.0018463290012354543
        ],
        "global_electrophilicity": 0.7692971421446727,
        "global_nucleophilicity": -8.477305315341791,
        "fukui_electrophilicity": {
            "1": 0.07209309972414436,
            "2": 0.04352510810351072,
            "3": 0.06230438364782903,
            "4": 0.03213425829454332,
            "5": 0.026312904098299825,
            "6": 0.06792045239213465,
            "7": 0.02876303434297292,
            "8": 0.03213381752054322,
            "9": 0.08376002497375698,
            "10": 0.09874578293688194,
            "11": 0.08145474392689236,
            "12": 0.06271242240018035,
            "13": 0.07540055911977092,
            "14": 0.08585900759002232,
            "15": 0.07693189708388407,
            "16": 0.06994850384463236
        },
        "fukui_nucleophilicity": {
            "1": 0.07260243947817689,
            "2": 0.04230113696056051,
            "3": 0.06268064465096645,
            "4": 0.03400845310298767,
            "5": 0.03110749772289005,
            "6": 0.07019025477516763,
            "7": 0.03211552237109847,
            "8": 0.03545308497970195,
            "9": 0.07943182497266889,
            "10": 0.09534951030583766,
            "11": 0.07725609403564751,
            "12": 0.06257820938745395,
            "13": 0.07457311950887512,
            "14": 0.0843599501650384,
            "15": 0.07603725882191792,
            "16": 0.06995499876126071
        },
        "boltzmann_weights": [
            0.500000013411314,
            0.499999986588686
        ]
    },
    "monomer2_data": {
        "smiles": "C=CNC(=O)NCC",
        "ip": 13.174819463920176,
        "ip_corrected": 8.328819463920176,
        "ea": 2.522047182094089,
        "homo": -0.3731459031230521,
        "lumo": -0.20871919303543304,
        "charges": {
            "1": -0.12935394216222762,
            "2": 0.032469996811450116,
            "3": -0.17619135761543864,
            "4": 0.3283460971697576,
            "5": -0.45682842826667014,
            "6": -0.21234708167421168,
            "7": 0.009246498354263714,
            "8": -0.11376961962933582,
            "9": 0.030345684842976058,
            "10": 0.04335065344525074,
            "11": 0.07187780488811651,
            "12": 0.16212488928475463,
            "13": 0.15645336472220478,
            "14": 0.04014843841023653,
            "15": 0.08007573537084385,
            "16": 0.03687591301093763,
            "17": 0.04919642387060926,
            "18": 0.04797892916648506
        },
        "dipole": [
            -0.5607546216586962,
            1.6294781573648494,
            -0.6342616840570917
        ],
        "global_electrophilicity": 0.42311079316333494,
        "global_nucleophilicity": -8.328819463920176,
        "fukui_electrophilicity": {
            "1": 0.08396748372082916,
            "2": 0.07055970428706057,
            "3": 0.03805526161258185,
            "4": 0.08539021614558151,
            "5": 0.15071609350226045,
            "6": 0.05877617717899075,
            "7": -0.018011010898075143,
            "8": -0.013264744630906433,
            "9": 0.10354837616200056,
            "10": 0.11004390493767384,
            "11": 0.08597552284640861,
            "12": 0.05913448687687167,
            "13": 0.052555705518014625,
            "14": 0.045455066684999046,
            "15": 0.01845380328250073,
            "16": 0.02258832854595625,
            "17": 0.009484665074436661,
            "18": 0.036570959152833885
        },
        "fukui_nucleophilicity": {
            "1": 0.07996879514414888,
            "2": 0.03486186739242228,
            "3": 0.08925922416500709,
            "4": 0.0013017051624365505,
            "5": 0.09327916136800923,
            "6": 0.09505501903264346,
            "7": -0.012439343662042045,
            "8": -0.0067085658373585155,
            "9": 0.0844666059902271,
            "10": 0.09420182871721808,
            "11": 0.07036476835725594,
            "12": 0.05616620058622257,
            "13": 0.05175836311502424,
            "14": 0.08992274475803724,
            "15": 0.04255031372702728,
            "16": 0.03970881950505974,
            "17": 0.041955551806898174,
            "18": 0.054326940671751776
        },
        "boltzmann_weights": [
            0.49753066804720103,
            0.4973930707853424,
            0.0016920189463562288,
            0.001692120963619067,
            0.0016921212574814266
        ]
    }
}