{
    "file": "paper_825.json",
    "monomer1_s": "C=Cc1ccc(C)o1",
    "monomer2_s": "C=C(C)C(=O)OC",
    "monomer1": "2-vinyl-5-methyl furan",
    "monomer2": "methyl methacrylate",
    "r_values": {
        "constant_1": 0.89,
        "constant_2": 0.23
    },
    "conf_intervals": {
        "constant_conf_1": 0.0748,
        "constant_conf_2": 0.635
    },
    "temperature": 65.0,
    "temperature_unit": "\u00b0C",
    "solvent": "CO",
    "method": "solvent",
    "r-product": 0.2,
    "source": "Polymer Bulletin 34, 399-404 (1995)",
    "calculation_method": "nonlinear least squares error-in-variables",
    "polymerization_type": "free radical",
    "logP": -0.3915,
    "monomer1_data": {
        "smiles": "C=Cc1ccc(C)o1",
        "ip": 12.824934747883455,
        "ip_corrected": 7.978934747883455,
        "ea": 3.601550797764826,
        "homo": -0.36465624130232605,
        "lumo": -0.24205572684385163,
        "charges": {
            "1": -0.08656208787236963,
            "2": -0.03862027019866226,
            "3": 0.10617730185269522,
            "4": -0.07024683234906676,
            "5": -0.07724334426451013,
            "6": 0.11559086889674239,
            "7": -0.11549627422780247,
            "8": -0.19894485647193383,
            "9": 0.03826314741910189,
            "10": 0.04943496189869471,
            "11": 0.04045419065240769,
            "12": 0.03258222524866973,
            "13": 0.03133895984544484,
            "14": 0.06003640245481788,
            "15": 0.06003640323350722,
            "16": 0.05319920388227307
        },
        "dipole": [
            0.32154270083513636,
            -0.028057739393058563,
            -0.04862176699542597
        ],
        "global_electrophilicity": 0.6146509758487597,
        "global_nucleophilicity": -7.978934747883455,
        "fukui_electrophilicity": {
            "1": 0.08122949630700296,
            "2": 0.05592786680930032,
            "3": 0.045906623225167885,
            "4": 0.05655133056351727,
            "5": 0.022576294697018717,
            "6": 0.07153366226129768,
            "7": -0.027389929098299223,
            "8": 0.08640766623486396,
            "9": 0.10611612770847163,
            "10": 0.09132044692093912,
            "11": 0.09045158458767814,
            "12": 0.08407036495348377,
            "13": 0.08251927740000331,
            "14": 0.05189164383214953,
            "15": 0.051891637986912396,
            "16": 0.04899590561050702
        },
        "fukui_nucleophilicity": {
            "1": 0.06831839665032655,
            "2": 0.033217926552709255,
            "3": 0.06682968027833974,
            "4": 0.047834531150023576,
            "5": 0.04533762904907573,
            "6": 0.07450443180702654,
            "7": -0.02374805829859976,
            "8": 0.05579754078395888,
            "9": 0.09090667225396867,
            "10": 0.07219984906709415,
            "11": 0.0744745767820669,
            "12": 0.08203688427137804,
            "13": 0.08327913425007094,
            "14": 0.08482215863891594,
            "15": 0.0848221438936426,
            "16": 0.059366502879623924
        },
        "boltzmann_weights": [
            0.5433555628310197,
            0.4566444371689802
        ],
        "best_conformer_elements": [
            6,
            6,
            6,
            6,
            6,
            6,
            6,
            8,
            1,
            1,
            1,
            1,
            1,
            1,
            1,
            1
        ],
        "best_conformer_coordinates": [
            [
                -2.838037954235365,
                -0.8484189299900966,
                0.18063781221245281
            ],
            [
                -2.220623355478282,
                0.3294116672458169,
                0.2007012739446091
            ],
            [
                -0.7917887944313441,
                0.5010020925459676,
                0.22322444123435528
            ],
            [
                -0.038343350918014225,
                1.6485532433995382,
                0.24499486684811062
            ],
            [
                1.3125160081013656,
                1.2390831457600942,
                0.26093805777579093
            ],
            [
                1.3002242211982773,
                -0.1267158600022976,
                0.24797491770111388
            ],
            [
                2.404757453518682,
                -1.121344168271771,
                0.2548345672942676
            ],
            [
                0.03073793263270107,
                -0.5781596916361953,
                0.22516522455931517
            ],
            [
                -2.2810163615556456,
                -1.769637381868319,
                0.18016920937696254
            ],
            [
                -3.9107550175433694,
                -0.9250653466226897,
                0.16421663539783052
            ],
            [
                -2.7810521169407165,
                1.2541665911063833,
                0.2011530740951146
            ],
            [
                -0.4079560878519788,
                2.65389076032922,
                0.2489935220268766
            ],
            [
                2.1776757216052873,
                1.870234305625365,
                0.2795107335032574
            ],
            [
                2.354182908143665,
                -1.7514109433810514,
                -0.6326154422677385
            ],
            [
                3.36109409321876,
                -0.6076759100797214,
                0.27365706867515704
            ],
            [
                2.3283847058277636,
                -1.7679135741603091,
                1.1284617063881326
            ]
        ],
        "best_conformer_energy": -23.099219415183093,
        "fukui_radical": {
            "1": 0.07477593178750996,
            "2": 0.04456903801666227,
            "3": 0.05636836050325897,
            "4": 0.052192785413255005,
            "5": 0.03395757996761359,
            "6": 0.07301945722310792,
            "7": -0.02556965200159332,
            "8": 0.07110617074380077,
            "9": 0.08175746974264944,
            "10": 0.09851001814620579,
            "11": 0.08246120586099191,
            "12": 0.08305419510912122,
            "13": 0.08290018369683112,
            "14": 0.0683585449060371,
            "15": 0.054180868367931824,
            "16": 0.06835784252141362
        }
    },
    "monomer2_data": {
        "smiles": "C=C(C)C(=O)OC",
        "ip": 14.236483972656346,
        "ip_corrected": 9.390483972656346,
        "ea": 3.965500029838621,
        "homo": -0.41127032387995544,
        "lumo": -0.26950129410851986,
        "charges": {
            "1": -0.08192644204948094,
            "2": -0.007758938742676788,
            "3": -0.11040535221003818,
            "4": 0.34920872447012063,
            "5": -0.4109728775483542,
            "6": -0.2641504660609933,
            "7": 0.035165391019299455,
            "8": 0.05595603293225091,
            "9": 0.06272990863841402,
            "10": 0.0654729267794723,
            "11": 0.06547300436630195,
            "12": 0.05055145378886996,
            "13": 0.06218368236208788,
            "14": 0.06218369754524128,
            "15": 0.06628925470948674
        },
        "dipole": [
            0.042189455222522244,
            -0.7608520055498939,
            0.06845067776298096
        ],
        "global_electrophilicity": 0.8813642895109609,
        "global_nucleophilicity": -9.390483972656346,
        "fukui_electrophilicity": {
            "1": 0.0916099776458229,
            "2": 0.08194480124254042,
            "3": -0.03870700638664119,
            "4": 0.08164153093062626,
            "5": 0.19459726093903607,
            "6": 0.07836988169535863,
            "7": -0.03498260375536273,
            "8": 0.11948701878867324,
            "9": 0.10428214255764144,