{
    "file": "paper_588.json",
    "monomer1_s": "C=CC#N",
    "monomer2_s": "C#Cc1ccccc1",
    "monomer1": "Acrylonitrile",
    "monomer2": "Phenylacetylene",
    "r_values": {
        "constant_1": 0.26,
        "constant_2": 0.33
    },
    "conf_intervals": {
        "constant_conf_1": null,
        "constant_conf_2": null
    },
    "temperature": 60.0,
    "temperature_unit": "\u00b0C",
    "solvent": "c1ccccc1",
    "method": "solvent",
    "r-product": null,
    "source": "Journal of Polymer Science, Vol. VI, No. 1, Pages 111-115",
    "calculation_method": "graphic solution",
    "polymerization_type": "free radical",
    "logP": 1.6866,
    "monomer1_data": {
        "smiles": "C=CC#N",
        "ip": 15.437176806318503,
        "ip_corrected": 10.591176806318503,
        "ea": 3.8289813808508004,
        "homo": -0.4277683293695803,
        "lumo": -0.28211163098961317,
        "charges": {
            "1": -0.05961169012740816,
            "2": -0.01732687045759991,
            "3": 0.1182224067521214,
            "4": -0.22501464611972768,
            "5": 0.060876740653373736,
            "6": 0.056910808147125444,
            "7": 0.06594325115211837
        },
        "dipole": [
            -1.3682395954382502,
            0.4193750676404717,
            0.3073979410978311
        ],
        "global_electrophilicity": 0.9870666976349574,
        "global_nucleophilicity": -10.591176806318503,
        "fukui_electrophilicity": {
            "1": 0.11689097730490014,
            "2": 0.09589168721827514,
            "3": 0.0833043050370818,
            "4": 0.27942089987505603,
            "5": 0.1382479191580376,
            "6": 0.1483932400282401,
            "7": 0.1378509713784164
        },
        "fukui_nucleophilicity": {
            "1": 0.046376077246505845,
            "2": 0.06110797532385699,
            "3": 0.06382105585034101,
            "4": 0.3348673323308884,
            "5": 0.1560141376419441,
            "6": 0.1714270905761467,
            "7": 0.16638633108003964
        },
        "boltzmann_weights": [
            1.0
        ]
    },
    "monomer2_data": {
        "smiles": "C#Cc1ccccc1",
        "ip": 13.564241631122004,
        "ip_corrected": 8.718241631122003,
        "ea": 3.6473791487023295,
        "homo": -0.3882736203067431,
        "lumo": -0.24208517970776783,
        "charges": {
            "1": -0.10039710165937993,
            "2": -0.02263151406619586,
            "3": 0.038594072418230235,
            "4": -0.028468918943649453,
            "5": -0.028306937556409152,
            "6": -0.029171608619137417,
            "7": -0.028310933570539515,
            "8": -0.028468101365492653,
            "9": 0.07512322865516388,
            "10": 0.03234857461859576,
            "11": 0.02914940879146275,
            "12": 0.02904066040587076,
            "13": 0.029172702862238976,
            "14": 0.032326468029231385
        },
        "dipole": [
            -0.09602769301091293,
            0.01546842556598293,
            0.011683123865369047
        ],
        "global_electrophilicity": 0.7127342036431218,
        "global_nucleophilicity": -8.718241631122003,
        "fukui_electrophilicity": {
            "1": 0.10839100056429563,
            "2": 0.059004313009703685,
            "3": 0.08622810792488854,
            "4": 0.03766218780074335,
            "5": 0.0314901788545918,
            "6": 0.07855372292637558,
            "7": 0.03152340866644165,
            "8": 0.03763135296343926,
            "9": 0.10494937484761001,
            "10": 0.07982681251854051,
            "11": 0.08481041421073172,
            "12": 0.09529105195657815,
            "13": 0.08482320377536745,
            "14": 0.07981486998067226
        },
        "fukui_nucleophilicity": {
            "1": 0.11857483766733062,
            "2": 0.07984860932622542,
            "3": 0.07049299407007123,
            "4": 0.03944934235724846,
            "5": 0.03474717227270966,
            "6": 0.07353719535671902,
            "7": 0.03472388510703883,
            "8": 0.03949678383025492,
            "9": 0.10709304275974377,
            "10": 0.0750619918726047,
            "11": 0.08129331804691939,
            "12": 0.08931721905432041,
            "13": 0.08129397505601985,
            "14": 0.07506963325291355
        },
        "boltzmann_weights": [
            1.0
        ]
    }
}