{
    "file": "paper_74.json",
    "monomer1_s": "C=Cc1ccccc1",
    "monomer2_s": "C=CN1CCCC1=O",
    "monomer1": "Styrene",
    "monomer2": "N-Vinylpyrrolidone",
    "r_values": {
        "constant_1": 15.7,
        "constant_2": 0.045
    },
    "conf_intervals": {
        "constant_conf_1": 0.5,
        "constant_conf_2": 0.05
    },
    "temperature": 50.0,
    "temperature_unit": "\u00b0C",
    "solvent": "c1ccccc1",
    "method": "solvent",
    "r-product": null,
    "source": "Journal of Polymer Science, Vol. XLIII, Pages 413-421 (1960)",
    "calculation_method": "Fineman-Ross",
    "polymerization_type": "free radical",
    "logP": 1.6866,
    "monomer1_data": {
        "smiles": "C=Cc1ccccc1",
        "ip": 13.323305315341791,
        "ip_corrected": 8.477305315341791,
        "ea": 3.959877946938991,
        "homo": -0.3831985290395731,
        "lumo": -0.2501966690470822,
        "charges": {
            "1": -0.08578934436600626,
            "2": -0.030259830597504936,
            "3": 0.01460321229207634,
            "4": -0.032430750206366904,
            "5": -0.029945437580900583,
            "6": -0.030379977266510892,
            "7": -0.029893803249294533,
            "8": -0.033985609164289644,
            "9": 0.038721208943534896,
            "10": 0.036165150785770366,
            "11": 0.033044651543264955,
            "12": 0.03404524115950842,
            "13": 0.028965873902585763,
            "14": 0.02897855112451052,
            "15": 0.028735857233840652,
            "16": 0.029425005445779806
        },
        "dipole": [
            -0.00599695759505601,
            0.00019607223034193996,
            -0.0018463290012354543
        ],
        "global_electrophilicity": 0.7692971421446727,
        "global_nucleophilicity": -8.477305315341791,
        "fukui_electrophilicity": {
            "1": 0.07209309972414436,
            "2": 0.04352510810351072,
            "3": 0.06230438364782903,
            "4": 0.03213425829454332,
            "5": 0.026312904098299825,
            "6": 0.06792045239213465,
            "7": 0.02876303434297292,
            "8": 0.03213381752054322,
            "9": 0.08376002497375698,
            "10": 0.09874578293688194,
            "11": 0.08145474392689236,
            "12": 0.06271242240018035,
            "13": 0.07540055911977092,
            "14": 0.08585900759002232,
            "15": 0.07693189708388407,
            "16": 0.06994850384463236
        },
        "fukui_nucleophilicity": {
            "1": 0.07260243947817689,
            "2": 0.04230113696056051,
            "3": 0.06268064465096645,
            "4": 0.03400845310298767,
            "5": 0.03110749772289005,
            "6": 0.07019025477516763,
            "7": 0.03211552237109847,
            "8": 0.03545308497970195,
            "9": 0.07943182497266889,
            "10": 0.09534951030583766,
            "11": 0.07725609403564751,
            "12": 0.06257820938745395,
            "13": 0.07457311950887512,
            "14": 0.0843599501650384,
            "15": 0.07603725882191792,
            "16": 0.06995499876126071
        },
        "boltzmann_weights": [
            0.500000013411314,
            0.499999986588686
        ],
        "best_conformer_elements": [
            6,
            6,
            6,
            6,
            6,
            6,
            6,
            6,
            1,
            1,
            1,
            1,
            1,
            1,
            1,
            1
        ],
        "best_conformer_coordinates": [
            [
                -2.7996504883392213,
                0.5067268078443541,
                -0.3307757375296494
            ],
            [
                -1.8569195165461714,
                -0.42690007797501867,
                -0.28622356006066363
            ],
            [
                -0.41676751008175084,
                -0.2137695987077826,
                -0.201669273122216
            ],
            [
                0.42662331397264364,
                -1.3257786864929022,
                -0.16462382115517377
            ],
            [
                1.7979836205106778,
                -1.1786700332337077,
                -0.08467855669649194
            ],
            [
                2.3586778805752897,
                0.08669579947474147,
                -0.03984625155398522
            ],
            [
                1.535500161801921,
                1.2006125291369882,
                -0.07571377159817176
            ],
            [
                0.16438284527030772,
                1.054224105562994,
                -0.15563770481452763
            ],
            [
                -2.5807350472122574,
                1.5604467593574072,
                -0.30764549962305027
            ],
            [
                -3.84233837136736,
                0.2458441308630186,
                -0.39306838601271116
            ],
            [
                -2.1533557273489103,
                -1.4689784286781729,
                -0.3136745326715254
            ],
            [
                -0.004100778556855408,
                -2.317010607449955,
                -0.1992554256323922
            ],
            [
                2.432537807928637,
                -2.052797839845991,
                -0.05718467471006832
            ],
            [
                3.4304258000072263,
                0.20491108070838962,
                0.022664187100062603
            ],
            [
                1.9676045890247913,
                2.190467602677497,
                -0.04101419015886248
            ],
            [
                -0.4598685796390594,
                1.9339764620498727,
                -0.18248094282351895
            ]
        ],
        "best_conformer_energy": -21.158608850502983,
        "fukui_radical": {
            "1": 0.07234813599322018,
            "2": 0.04291309873393513,
            "3": 0.06249235896699714,
            "4": 0.03379355109266154,
            "5": 0.03043928194186729,
            "6": 0.06905534188080434,
            "7": 0.028710059427083993,
            "8": 0.03307125813746206,
            "9": 0.08159578301382218,
            "10": 0.09704772989059883,
            "11": 0.07935561247948747,
            "12": 0.06995185022654472,
            "13": 0.0764846271348809,
            "14": 0.0851094403734144,
            "15": 0.07498679088705272,
            "16": 0.06264507982020588
        }
    },
    "monomer2_data": {
        "smiles": "C=CN1CCCC1=O",
        "ip": 13.37823492640183,
        "ip_corrected": 8.53223492640183,
        "ea": 3.110490528713574,
        "homo": -0.3789173403999514,
        "lumo": -0.23113056633898044,
        "charges": {
            "1": -0.1211077192016036,
            "2": 0.022136294251985086,
            "3": -0.06910573709137108,
            "4": -0.0027676116833827286,
            "5": -0.06509690367358469,
            "6": -0.0910107644195765,
            "7": 0.27161945079505045,
            "8": -0.4175889401795349,
            "9": 0.043933493954723554,
            "10": 0.03613009463987398,
            "11": 0.06721815522561857,
            "12": 0.04720038729052176,
            "13": 0.054155234434116635,
            "14": 0.04832987133732095,
            "15": 0.048575903425175586,
            "16": 0.06457369537303193,
            "17": 0.06280509552163123
        },
        "dipole": [
            -0.6005621140091192,
            1.1773082192286208,
            -1.014835901013765
        ],
        "global_electrophilicity": 0.5623858941528388,
        "global_nucleophilicity": -8.53223492640183,
        "fukui_electrophilicity": {
            "1": 0.07967459628825524,
            "2": 0.05568424198036035,
            "3": 0.057412751954590835,
            "4": -0.026974417232942,
            "5": -0.013366967924093448,
            "6": -0.017133699634112196,
            "7": 0.10331742730875593,