{
    "file": "paper_591.json",
    "monomer1_s": null,
    "monomer2_s": "O=C1C=CC(=O)N1",
    "monomer1": "2,3-bis-(diethylphosphono)butadiene-1,3",
    "monomer2": "maleimide",
    "r_values": {
        "constant_1": 0.12,
        "constant_2": 0.49
    },
    "conf_intervals": {
        "constant_conf_1": 0.03,
        "constant_conf_2": 0.03
    },
    "temperature": 70.0,
    "temperature_unit": "\u00b0C",
    "solvent": "CN(C)C=O",
    "method": "solvent",
    "r-product": 0.06,
    "source": "Polymer Science U.S.S.R. Vol. 21, pp. 1077-1084, Pergamon Press Ltd. 1980",
    "calculation_method": "integral equation of Mayo and Lewis",
    "polymerization_type": "free radical",
    "logP": -0.2956000000000001,
    "monomer2_data": {
        "smiles": "O=C1C=CC(=O)N1",
        "ip": 15.047040638683567,
        "ip_corrected": 10.201040638683567,
        "ea": 5.934733461963486,
        "homo": -0.4330420164388482,
        "lumo": -0.3404140743808057,
        "charges": {
            "1": -0.344227572547082,
            "2": 0.29234472821028373,
            "3": -0.04836879482546047,
            "4": -0.048367471096118185,
            "5": 0.2923447008213634,
            "6": -0.34422765671109723,
            "7": -0.1808514475000751,
            "8": 0.0871025976870925,
            "9": 0.08710286961580571,
            "10": 0.2071480463452933
        },
        "dipole": [
            0.0008513337660791877,
            -0.5827704146684206,
            -0.012106581277840067
        ],
        "global_electrophilicity": 1.7484457664200344,
        "global_nucleophilicity": -10.201040638683567,
        "fukui_electrophilicity": {
            "1": 0.19609614100384903,
            "2": 0.0571062297706576,
            "3": 0.07578330618921764,
            "4": 0.07578449131510429,
            "5": 0.05710617371919954,
            "6": 0.19609620605101163,
            "7": 0.052217593085887665,
            "8": 0.10904890242799113,
            "9": 0.10904887637744289,
            "10": 0.0717120800596508
        },
        "fukui_nucleophilicity": {
            "1": 0.23323014169735873,
            "2": 0.03277079663658139,
            "3": 0.045753755210566,
            "4": 0.045751324091292934,
            "5": 0.032771079208819665,
            "6": 0.23323076463829995,
            "7": 0.08311965397089727,
            "8": 0.11340017150718076,
            "9": 0.11339991332155219,
            "10": 0.06657239971713677
        },
        "boltzmann_weights": [
            1.0
        ],
        "best_conformer_elements": [
            8,
            6,
            6,
            6,
            6,
            8,
            7,
            1,
            1,
            1
        ],
        "best_conformer_coordinates": [
            [
                2.268242574998144,
                0.8244435537985789,
                -0.13215784448732923
            ],
            [
                1.1361217632302247,
                0.42885966349328886,
                -0.0881557914003614
            ],
            [
                -0.13604782190499864,
                1.2093131464521703,
                -0.022716619665525902
            ],
            [
                -1.1607306330977936,
                0.3620784234165634,
                0.010722437304364531
            ],
            [
                -0.6352628068275382,
                -1.0357780604990128,
                -0.030349309881952988
            ],
            [
                -1.2371352037341161,
                -2.07390733036123,
                -0.01776495670394469
            ],
            [
                0.7399588109322721,
                -0.8966578025241171,
                -0.08825742217240741
            ],
            [
                -0.14412683926683348,
                2.2831123155657003,
                -0.008345641795077612
            ],
            [
                -2.2126701554403496,
                0.572779106163044,
                0.05915821209358255
            ],
            [
                1.3816503164027492,
                -1.6742430260885321,
                -0.1262781322845045
            ]
        ],
        "best_conformer_energy": -21.135610049961148,
        "fukui_radical": {
            "1": 0.2146629621020054,
            "2": 0.04493856452910641,
            "3": 0.06076848523358496,
            "4": 0.06076809472308561,
            "5": 0.04493852813295969,
            "6": 0.21466353727178195,
            "7": 0.06766866372633017,
            "8": 0.11122473725546439,
            "9": 0.11122413667264493,
            "10": 0.06914229035292405
        }
    }
}