{
    "file": "paper_24.json",
    "monomer1_s": "C=C(C)C(=O)Oc1ccccc1C(=O)OC",
    "monomer2_s": "C=Cc1ccccc1",
    "monomer1": "methyl 2-methacryloyloxybenzoate",
    "monomer2": "styrene",
    "r_values": {
        "constant_1": 0.282,
        "constant_2": 0.479
    },
    "conf_intervals": {
        "constant_conf_1": 0.028,
        "constant_conf_2": 0.026
    },
    "temperature": 50.0,
    "temperature_unit": "\u00b0C",
    "solvent": "c1ccccc1",
    "method": "solvent",
    "r-product": null,
    "source": "10.1002/macp.1982.021830111",
    "calculation_method": "Joshi-Joshi",
    "polymerization_type": "free radical",
    "logP": 1.6866,
    "monomer1_data": {
        "smiles": "C=C(C)C(=O)Oc1ccccc1C(=O)OC",
        "ip": 13.369242740378303,
        "ip_corrected": 8.523242740378302,
        "ea": 5.229780074224538,
        "homo": -0.40894555724620324,
        "lumo": -0.2785091017388755,
        "charges": {
            "1": -0.0766156678728934,
            "2": -0.0011514446550694585,
            "3": -0.11249734595103789,
            "4": 0.36389781858674436,
            "5": -0.41383725653260084,
            "6": -0.2400567764655594,
            "7": 0.1590603768157529,
            "8": -0.0439077051393417,
            "9": -0.022517585771831918,
            "10": -0.030542197880974592,
            "11": -0.021361912173944696,
            "12": -0.0280670648325078,
            "13": 0.3691321950349514,
            "14": -0.4239930429836641,
            "15": -0.25091089939880273,
            "16": 0.034422829695341106,
            "17": 0.0593485724290166,
            "18": 0.06885231132626632,
            "19": 0.061397149766266715,
            "20": 0.07213992918066814,
            "21": 0.05240825303605718,
            "22": 0.06078864079786413,
            "23": 0.052556892146663224,
            "24": 0.05106737331518324,
            "25": 0.06096138595572001,
            "26": 0.06243601567491188,
            "27": 0.06754906280682721,
            "28": 0.06944009308998869
        },
        "dipole": [
            -0.12627642876950618,
            0.5735657389616505,
            0.051527822125927686
        ],
        "global_electrophilicity": 1.2183705895868524,
        "global_nucleophilicity": -8.523242740378302,
        "fukui_electrophilicity": {
            "1": 0.04135627182092583,
            "2": 0.030735324776079424,
            "3": -0.019335895359935212,
            "4": 0.03319231641560583,
            "5": 0.07773202427551268,
            "6": 0.04411689687355291,
            "7": 0.021429472215509393,
            "8": 0.015935546713547577,
            "9": 0.04160644392872246,
            "10": 0.025352951075873265,
            "11": 0.02059746282145184,
            "12": 0.03567039301383779,
            "13": 0.02976698836903624,
            "14": 0.07370882700190307,
            "15": 0.04731185379716418,
            "16": -0.01948057461979401,
            "17": 0.06443579238188933,
            "18": 0.04788433587959564,
            "19": 0.031066438752462573,
            "20": 0.02440014655599624,
            "21": 0.03645836747916689,
            "22": 0.04864689701985348,
            "23": 0.06137012176027759,
            "24": 0.05803319431110967,
            "25": 0.049163645961182556,
            "26": 0.026194697611397914,
            "27": 0.01723814793324139,
            "28": 0.03541191123605332
        },
        "fukui_nucleophilicity": {
            "1": 0.03368103521049405,
            "2": 0.03426652741071791,
            "3": -0.01537443397273991,
            "4": 0.004624902351670457,
            "5": 0.07499762173497204,
            "6": 0.04666345263313271,
            "7": 0.01836964539625427,
            "8": 0.022467038187980924,
            "9": 0.019469918952748473,
            "10": 0.033898921556308664,
            "11": 0.02009186499938346,
            "12": 0.02219768611670038,
            "13": 0.00626040290764851,
            "14": 0.07909493818094426,
            "15": 0.04737108771272641,
            "16": -0.01654875230069161,
            "17": 0.06109069298110405,
            "18": 0.047405482207137084,
            "19": 0.05590010096918978,
            "20": 0.04875439897601515,
            "21": 0.05184593699259219,
            "22": 0.04736407150251053,
            "23": 0.061493552497138594,
            "24": 0.056827258019387206,
            "25": 0.049481824508484304,
            "26": 0.026633427794490273,
            "27": 0.022111210322524916,
            "28": 0.03956018615118004
        },
        "boltzmann_weights": [
            0.2791220863276517,
            0.279118579879986,
            0.08735396648075307,
            0.08735324256752748,
            0.0849066428119643,
            0.08490632419110794,
            0.037593352630096506,
            0.03759332329459639,
            0.015302920924354535,
            0.0067495608919621065
        ]
    },
    "monomer2_data": {
        "smiles": "C=Cc1ccccc1",
        "ip": 13.323305315341791,
        "ip_corrected": 8.477305315341791,
        "ea": 3.959877946938991,
        "homo": -0.3831985290395731,
        "lumo": -0.2501966690470822,
        "charges": {
            "1": -0.08578934436600626,
            "2": -0.030259830597504936,
            "3": 0.01460321229207634,
            "4": -0.032430750206366904,
            "5": -0.029945437580900583,
            "6": -0.030379977266510892,
            "7": -0.029893803249294533,
            "8": -0.033985609164289644,
            "9": 0.038721208943534896,
            "10": 0.036165150785770366,
            "11": 0.033044651543264955,
            "12": 0.03404524115950842,
            "13": 0.028965873902585763,
            "14": 0.02897855112451052,
            "15": 0.028735857233840652,
            "16": 0.029425005445779806
        },
        "dipole": [
            -0.00599695759505601,
            0.00019607223034193996,
            -0.0018463290012354543
        ],
        "global_electrophilicity": 0.7692971421446727,
        "global_nucleophilicity": -8.477305315341791,
        "fukui_electrophilicity": {
            "1": 0.07209309972414436,
            "2": 0.04352510810351072,
            "3": 0.06230438364782903,
            "4": 0.03213425829454332,
            "5": 0.026312904098299825,
            "6": 0.06792045239213465,
            "7": 0.02876303434297292,
            "8": 0.03213381752054322,
            "9": 0.08376002497375698,
            "10": 0.09874578293688194,
            "11": 0.08145474392689236,
            "12": 0.06271242240018035,
            "13": 0.07540055911977092,
            "14": 0.08585900759002232,
            "15": 0.07693189708388407,
            "16": 0.06994850384463236
        },
        "fukui_nucleophilicity": {
            "1": 0.07260243947817689,
            "2": 0.04230113696056051,
            "3": 0.06268064465096645,
            "4": 0.03400845310298767,
            "5": 0.03110749772289005,
            "6": 0.07019025477516763,
            "7": 0.03211552237109847,
            "8": 0.03545308497970195,
            "9": 0.07943182497266889,
            "10": 0.09534951030583766,
            "11": 0.07725609403564751,
            "12": 0.06257820938745395,
            "13": 0.07457311950887512,
            "14": 0.0843599501650384,
            "15": 0.07603725882191792,
            "16": 0.06995499876126071
        },
        "boltzmann_weights": [
            0.500000013411314,
            0.499999986588686
        ]
    }
}