{
    "file": "paper_47.json",
    "monomer1_s": "C=CCl",
    "monomer2_s": "C=C(Cl)Cl",
    "monomer1": "Vinyl Chloride",
    "monomer2": "Vinylidene Chloride",
    "r_values": {
        "constant_1": 0.42,
        "constant_2": null
    },
    "conf_intervals": {
        "constant_conf_1": null,
        "constant_conf_2": null
    },
    "temperature": null,
    "temperature_unit": "\u00b0C",
    "solvent": "CO",
    "method": "solvent",
    "r-product": null,
    "source": "Journal of Polymer Science, Volume 3, No. 2 (1948)",
    "calculation_method": null,
    "polymerization_type": "free radical",
    "logP": -0.3915,
    "monomer1_data": {
        "smiles": "C=CCl",
        "ip": 14.754770645217608,
        "ip_corrected": 9.908770645217608,
        "ea": 2.307245382256785,
        "homo": -0.4076052769098549,
        "lumo": -0.2320222117939838,
        "charges": {
            "1": -0.09705224793662236,
            "2": 0.05699516530444872,
            "3": -0.16350975738566184,
            "4": 0.06542783772641927,
            "5": 0.07139312092857801,
            "6": 0.06674588136282644
        },
        "dipole": [
            -0.5175366509494663,
            0.2927077803368346,
            -0.01146851212032033
        ],
        "global_electrophilicity": 0.545461197082854,
        "global_nucleophilicity": -9.908770645217608,
        "fukui_electrophilicity": {
            "1": 0.13072544059183683,
            "2": 0.11626085539209755,
            "3": 0.2562663443385017,
            "4": 0.1681933622199825,
            "5": 0.16064111264756686,
            "6": 0.167912884810003
        },
        "fukui_nucleophilicity": {
            "1": 0.09824950220524913,
            "2": 0.03642702645821169,
            "3": 0.48965207548113454,
            "4": 0.13487827820759216,
            "5": 0.11560914029761075,
            "6": 0.12518397735498896
        },
        "boltzmann_weights": [
            1.0
        ],
        "best_conformer_elements": [
            6,
            6,
            17,
            1,
            1,
            1
        ],
        "best_conformer_coordinates": [
            [
                -0.7077915080208962,
                -0.10105725381266828,
                0.16548276426342198
            ],
            [
                0.5426831018189576,
                0.23086149201485703,
                -0.08360837120779033
            ],
            [
                1.6974486086233311,
                -0.8784698822936139,
                -0.7130796722216319
            ],
            [
                -1.0842782030936247,
                -1.0932283312462243,
                -0.011244722066341384
            ],
            [
                -1.3965039718446586,
                0.6252292555082153,
                0.5591504326247929
            ],
            [
                0.9484419778086636,
                1.2166647198294431,
                0.08329956860755285
            ]
        ],
        "best_conformer_energy": -10.32189947493295,
        "fukui_radical": {
            "1": 0.11448843783985634,
            "2": 0.07634633162550628,
            "3": 0.3729557814369195,
            "4": 0.13812455192456854,
            "5": 0.15153560714997333,
            "6": 0.14654929002558126
        }
    },
    "monomer2_data": {
        "smiles": "C=C(Cl)Cl",
        "ip": 14.545826670036444,
        "ip_corrected": 9.699826670036444,
        "ea": 3.125435773848216,
        "homo": -0.4169969443366817,
        "lumo": -0.24983940943712082,
        "charges": {
            "1": -0.11675257770186528,
            "2": 0.17076445467177065,
            "3": -0.11765574089474207,
            "4": -0.11784955359398736,
            "5": 0.09075124404740334,
            "6": 0.09074217347140139
        },
        "dipole": [
            -0.5522055551960544,
            -0.056955529199193035,
            0.1105385502544702
        ],
        "global_electrophilicity": 0.6968744516621451,
        "global_nucleophilicity": -9.699826670036444,
        "fukui_electrophilicity": {
            "1": 0.11977765816987376,
            "2": 0.10055574869485487,
            "3": 0.23977157488083534,
            "4": 0.23975018173987045,
            "5": 0.1500758774170347,
            "6": 0.15006895909751944
        },
        "fukui_nucleophilicity": {
            "1": 0.09085708277069589,
            "2": 0.014334766795091713,
            "3": 0.33451930573195604,
            "4": 0.33459517393105725,
            "5": 0.11284510846996021,
            "6": 0.11284856230124969
        },
        "boltzmann_weights": [
            1.0
        ],
        "best_conformer_elements": [
            6,
            6,
            17,
            17,
            1,
            1
        ],
        "best_conformer_coordinates": [
            [
                -0.7827949170738707,
                -0.08180892723677569,
                0.055122835996198855
            ],
            [
                0.527311518924798,
                0.055011227185247376,
                -0.03711912001987348
            ],
            [
                1.6197686670599762,
                -1.2682315122157641,
                0.0791441924504079
            ],
            [
                1.2972979552970054,
                1.5731347807024703,
                -0.284564074072238
            ],
            [
                -1.2277110534340032,
                -1.0474466535922802,
                0.20998758999503517
            ],
            [
                -1.4338721654821402,
                0.7693410851570951,
                -0.022571419057756812
            ]
        ],
        "best_conformer_energy": -14.36970540646129,
        "fukui_radical": {
            "1": 0.1053162211630245,
            "2": 0.05744479891926864,
            "3": 0.2871521829636079,
            "4": 0.2871678237738007,
            "5": 0.13145879623421866,
            "6": 0.13146017694605439
        }
    }
}