{
    "file": "paper_154.json",
    "monomer1_s": "C=CC(=O)N(C)C",
    "monomer2_s": "C=CC(=O)O",
    "monomer1": "N,N-Dimethylacrylamide",
    "monomer2": "Acrylic Acid",
    "r_values": {
        "constant_1": 0.5,
        "constant_2": 0.4
    },
    "conf_intervals": {
        "constant_conf_1": 0.1,
        "constant_conf_2": 0.05
    },
    "temperature": 75.0,
    "temperature_unit": "\u00b0C",
    "solvent": "C1COCCO1",
    "method": "solvent",
    "r-product": null,
    "source": "Journal of Polymer Science. Vol. L, Issue 153 (1961)",
    "calculation_method": null,
    "polymerization_type": "free radical",
    "logP": 0.03320000000000001,
    "monomer1_data": {
        "smiles": "C=CC(=O)N(C)C",
        "ip": 13.512580340525421,
        "ip_corrected": 8.666580340525421,
        "ea": 3.539741363474088,
        "homo": -0.38353675309134244,
        "lumo": -0.253719344107965,
        "charges": {
            "1": -0.06289715688460595,
            "2": -0.06076734132305557,
            "3": 0.26169571673607095,
            "4": -0.45059573289784993,
            "5": -0.09402837196303793,
            "6": -0.04845629848489792,
            "7": -0.04701376286086236,
            "8": 0.04739321343747846,
            "9": 0.07536912602254377,
            "10": 0.040434586013414354,
            "11": 0.04461781981050096,
            "12": 0.08947982071335565,
            "13": 0.044555794163141524,
            "14": 0.049760254120428705,
            "15": 0.060572987027541096,
            "16": 0.04987934636982454
        },
        "dipole": [
            -0.9295802346284427,
            0.3479155285349271,
            1.3133994543830554
        ],
        "global_electrophilicity": 0.6790234920947247,
        "global_nucleophilicity": -8.666580340525421,
        "fukui_electrophilicity": {
            "1": 0.09760254962915396,
            "2": 0.06726860664019137,
            "3": 0.06955518593004723,
            "4": 0.15583690044492338,
            "5": 0.08279831064960225,
            "6": -0.03626764308936682,
            "7": -0.03794308126634146,
            "8": 0.12603879575584095,
            "9": 0.10945962511570745,
            "10": 0.10891663036340377,
            "11": 0.05416659065431945,
            "12": 0.022286211713139714,
            "13": 0.054056504591747906,
            "14": 0.03569983814148079,
            "15": 0.05479063202001637,
            "16": 0.03573434270612685
        },
        "fukui_nucleophilicity": {
            "1": 0.031227504216849666,
            "2": 0.01564714673210535,
            "3": 0.01697739200142212,
            "4": 0.1789919106650476,
            "5": 0.14159156209870818,
            "6": -0.03908491791075276,
            "7": -0.04533938968612198,
            "8": 0.08783678758236063,
            "9": 0.06142461632950981,
            "10": 0.06835399884787252,
            "11": 0.10017376151680842,
            "12": 0.047621900662884284,
            "13": 0.10088919797113556,
            "14": 0.08485588910794253,
            "15": 0.06459377280046597,
            "16": 0.08423886706374674
        },
        "boltzmann_weights": [
            0.23873982195066598,
            0.23876833338558762,
            0.1741654866584034,
            0.17416354870532563,
            0.1741628093000173
        ],
        "best_conformer_elements": [
            6,
            6,
            6,
            8,
            7,
            6,
            6,
            1,
            1,
            1,
            1,
            1,
            1,
            1,
            1,
            1
        ],
        "best_conformer_coordinates": [
            [
                2.7733035169659495,
                -0.23165037617011822,
                -0.39997917394841476
            ],
            [
                1.4709964940986167,
                -0.4080834448987141,
                -0.5559201656615163
            ],
            [
                0.549613422129078,
                -0.3413091855888934,
                0.6109236734500437
            ],
            [
                0.9147877759827515,
                -0.6439967617895647,
                1.7344462961379896
            ],
            [
                -0.7225013068758908,
                0.057923985624538675,
                0.3522478325451069
            ],
            [
                -1.7018303196595603,
                0.025073998116934518,
                1.4128829054190928
            ],
            [
                -1.1868030556246592,
                0.5199757425284149,
                -0.9334175732741868
            ],
            [
                3.4701100835804226,
                -0.3103382932738438,
                -1.217481803128948
            ],
            [
                3.176742828660348,
                0.00225728403964474,
                0.5714152800522917
            ],
            [
                1.0472579731359188,
                -0.6609736906953624,
                -1.516755280323574
            ],
            [
                -1.2173396683984479,
                -0.37248105572362405,
                2.302643374024695
            ],
            [
                -2.5402537457509835,
                -0.6179079336454066,
                1.1350237345282617
            ],
            [
                -2.075934739439352,
                1.0295875201929243,
                1.6251159697084938
            ],
            [
                -0.41158873083851893,
                1.0877517753810884,
                -1.4461587617795788
            ],
            [
                -2.042930002357393,
                1.176651837175995,
                -0.7800880414149964
            ],
            [
                -1.5036305256082914,
                -0.3124814065657716,
                -1.5712740662962654
            ]
        ],
        "best_conformer_energy": -22.25702957129107,
        "fukui_radical": {
            "1": 0.06249398313287906,
            "2": 0.042848341619389635,
            "3": 0.04435440454855584,
            "4": 0.17161545140042544,
            "5": 0.10820001674085244,
            "6": -0.037514348799186414,
            "7": -0.040383626302813086,
            "8": 0.10794177568128094,
            "9": 0.08782111456112125,
            "10": 0.09188718465778384,
            "11": 0.03443581965850913,
            "12": 0.07603807268998958,
            "13": 0.07446840150720618,
            "14": 0.043010271679426795,
            "15": 0.06360158230817027,
            "16": 0.06918155491641324
        }
    },
    "monomer2_data": {
        "smiles": "C=CC(=O)O",
        "ip": 15.113020924008806,
        "ip_corrected": 10.267020924008806,
        "ea": 4.067449324943119,
        "homo": -0.423676349262343,
        "lumo": -0.28303031940261253,
        "charges": {
            "1": -0.057759860240966944,
            "2": -0.05670716670833633,
            "3": 0.35956727582020165,
            "4": -0.40991137253167126,
            "5": -0.3783472531361546,
            "6": 0.06567161842359118,
            "7": 0.08050244265217343,
            "8": 0.06965647780753571,
            "9": 0.32732783791363257
        },
        "dipole": [
            -0.04692561358917844,
            0.47222757372533103,
            -0.45982084219565383
        ],
        "global_electrophilicity": 1.0188593100159398,
        "global_nucleophilicity": -10.267020924008806,
        "fukui_electrophilicity": {
            "1": 0.10295109663845603,
            "2": 0.06870441891976073,
            "3": 0.08572242261980412,
            "4": 0.19958986555369557,
            "5": 0.09976487667783479,
            "6": 0.13612744579777425,
            "7": 0.11688117902617103,
            "8": 0.12088745250956676,
            "9": 0.06937124225694113
        },
        "fukui_nucleophilicity": {
            "1": 0.0320237358752602,
            "2": 0.054111954586519996,
            "3": 0.04023440155960695,