{
    "file": "paper_347.json",
    "monomer1_s": "C=Cc1ccccc1",
    "monomer2_s": "C=C(OC)c1ccccc1",
    "monomer1": "Styrene",
    "monomer2": "alpha-Methoxystyrene",
    "r_values": {
        "constant_1": 2.7,
        "constant_2": 0.0
    },
    "conf_intervals": {
        "constant_conf_1": 0.6,
        "constant_conf_2": null
    },
    "temperature": 60.0,
    "temperature_unit": "\u00b0C",
    "solvent": "C1CCOC1",
    "method": "solvent",
    "r-product": null,
    "source": "Die Makromolekulare Chemie 103 (1967) 68-73",
    "calculation_method": "Kelen-Tudor",
    "polymerization_type": "free radical",
    "logP": 0.7968,
    "monomer1_data": {
        "smiles": "C=Cc1ccccc1",
        "ip": 13.323305315341791,
        "ip_corrected": 8.477305315341791,
        "ea": 3.959877946938991,
        "homo": -0.3831985290395731,
        "lumo": -0.2501966690470822,
        "charges": {
            "1": -0.08578934436600626,
            "2": -0.030259830597504936,
            "3": 0.01460321229207634,
            "4": -0.032430750206366904,
            "5": -0.029945437580900583,
            "6": -0.030379977266510892,
            "7": -0.029893803249294533,
            "8": -0.033985609164289644,
            "9": 0.038721208943534896,
            "10": 0.036165150785770366,
            "11": 0.033044651543264955,
            "12": 0.03404524115950842,
            "13": 0.028965873902585763,
            "14": 0.02897855112451052,
            "15": 0.028735857233840652,
            "16": 0.029425005445779806
        },
        "dipole": [
            -0.00599695759505601,
            0.00019607223034193996,
            -0.0018463290012354543
        ],
        "global_electrophilicity": 0.7692971421446727,
        "global_nucleophilicity": -8.477305315341791,
        "fukui_electrophilicity": {
            "1": 0.07209309972414436,
            "2": 0.04352510810351072,
            "3": 0.06230438364782903,
            "4": 0.03213425829454332,
            "5": 0.026312904098299825,
            "6": 0.06792045239213465,
            "7": 0.02876303434297292,
            "8": 0.03213381752054322,
            "9": 0.08376002497375698,
            "10": 0.09874578293688194,
            "11": 0.08145474392689236,
            "12": 0.06271242240018035,
            "13": 0.07540055911977092,
            "14": 0.08585900759002232,
            "15": 0.07693189708388407,
            "16": 0.06994850384463236
        },
        "fukui_nucleophilicity": {
            "1": 0.07260243947817689,
            "2": 0.04230113696056051,
            "3": 0.06268064465096645,
            "4": 0.03400845310298767,
            "5": 0.03110749772289005,
            "6": 0.07019025477516763,
            "7": 0.03211552237109847,
            "8": 0.03545308497970195,
            "9": 0.07943182497266889,
            "10": 0.09534951030583766,
            "11": 0.07725609403564751,
            "12": 0.06257820938745395,
            "13": 0.07457311950887512,
            "14": 0.0843599501650384,
            "15": 0.07603725882191792,
            "16": 0.06995499876126071
        },
        "boltzmann_weights": [
            0.500000013411314,
            0.499999986588686
        ]
    },
    "monomer2_data": {
        "smiles": "C=C(OC)c1ccccc1",
        "ip": 12.939049917447772,
        "ip_corrected": 8.093049917447772,
        "ea": 3.7295117121693697,
        "homo": -0.3714306311517489,
        "lumo": -0.23852043777585738,
        "charges": {
            "1": -0.14432485898061306,
            "2": 0.1368697720872403,
            "3": -0.2713634270525952,
            "4": 0.03954558636984699,
            "5": 0.0065716614971105675,
            "6": -0.033804383983217196,
            "7": -0.029108586809281745,
            "8": -0.030031254462376637,
            "9": -0.029152680852421023,
            "10": -0.027157440636746494,
            "11": 0.03492849093335781,
            "12": 0.03681506326907359,
            "13": 0.03876823531263353,
            "14": 0.057490979002607565,
            "15": 0.03846108517121871,
            "16": 0.035534036910224685,
            "17": 0.03161650247103305,
            "18": 0.030965395611668195,
            "19": 0.031776854259742304,
            "20": 0.04559896988150473
        },
        "dipole": [
            -0.31351669773867863,
            -0.057825319200177035,
            0.17689639341593102
        ],
        "global_electrophilicity": 0.660625037419762,
        "global_nucleophilicity": -8.093049917447772,
        "fukui_electrophilicity": {
            "1": 0.05535829042583565,
            "2": 0.04524052288487326,
            "3": 0.04404789358254818,
            "4": -0.025580179662862114,
            "5": 0.06840816346613886,
            "6": 0.03161106591790287,
            "7": 0.027252012271992858,
            "8": 0.07039464706359994,
            "9": 0.02965238188542388,
            "10": 0.032327260025482724,
            "11": 0.08445137656778454,
            "12": 0.0673487200887502,
            "13": 0.027414608187933072,
            "14": 0.0415083511491986,
            "15": 0.02646517802621872,
            "16": 0.06504903790672205,
            "17": 0.07590549398074753,
            "18": 0.08666890141413051,
            "19": 0.07714574271923078,
            "20": 0.06933053209836586
        },
        "fukui_nucleophilicity": {
            "1": 0.0803346537476276,
            "2": 0.03817368758705614,
            "3": 0.1005817055529043,
            "4": -0.033625302298530745,
            "5": 0.034884003593909446,
            "6": 0.023965410147540098,
            "7": 0.02659279278878529,
            "8": 0.0510816167044539,
            "9": 0.027843837141707628,
            "10": 0.024546043798831838,
            "11": 0.08733970399080546,
            "12": 0.08457738093964903,
            "13": 0.053486753340911256,
            "14": 0.05415566931982395,
            "15": 0.05277189566999094,
            "16": 0.04621088612177703,
            "17": 0.06382250683487087,
            "18": 0.06976226592091808,
            "19": 0.06375990658011799,
            "20": 0.0497345825177163
        },
        "boltzmann_weights": [
            0.3317159054264892,
            0.33178580965854515,
            0.33179077210573216,
            0.0011768783692742615,
            0.0011768782014027306,
            0.001176878125413515,
            0.001176878113142763
        ]
    }
}