{
    "file": "paper_174.json",
    "monomer1_s": "C=C(C)C(=O)OC",
    "monomer2_s": "C=C(C)C(=O)OCc1ccccc1",
    "monomer1": "methyl methacrylate",
    "monomer2": "benzyl methacrylate",
    "r_values": {
        "constant_1": 0.93,
        "constant_2": 1.05
    },
    "conf_intervals": {
        "constant_conf_1": null,
        "constant_conf_2": null
    },
    "temperature": 60.0,
    "temperature_unit": "\u00b0C",
    "solvent": "c1ccccc1",
    "method": "solvent",
    "r-product": null,
    "source": "European Polymer Journal, 1965, Vol. 1, pp. 85-90",
    "calculation_method": "Fineman-Ross",
    "polymerization_type": "radical",
    "logP": 1.6866,
    "monomer2_data": {
        "smiles": "C=C(C)C(=O)OCc1ccccc1",
        "ip": 13.309604824990423,
        "ip_corrected": 8.463604824990423,
        "ea": 4.589953631614075,
        "homo": -0.40438276108941296,
        "lumo": -0.26742035649098705,
        "charges": {
            "1": -0.08155152553309578,
            "2": -0.007513520969984852,
            "3": -0.10982011045519974,
            "4": 0.3505782144834032,
            "5": -0.4162802599919058,
            "6": -0.2677264385678789,
            "7": 0.08041875953760033,
            "8": 0.008267841827471506,
            "9": -0.030889778265978884,
            "10": -0.027729421675837092,
            "11": -0.028623668496811444,
            "12": -0.02772895664624645,
            "13": -0.030890336215560775,
            "14": 0.05516113003842644,
            "15": 0.06236229318278555,
            "16": 0.06513527410673217,
            "17": 0.06513547467317693,
            "18": 0.050154231994043445,
            "19": 0.05239986668210031,
            "20": 0.052402451638140425,
            "21": 0.03826461299775454,
            "22": 0.037036379711212375,
            "23": 0.03613672846356421,
            "24": 0.03703629803974258,
            "25": 0.03826445944235402
        },
        "dipole": [
            0.43076554566071745,
            0.7974252919843989,
            0.02742825798830244
        ],
        "global_electrophilicity": 0.9656925249164687,
        "global_nucleophilicity": -8.463604824990423,
        "fukui_electrophilicity": {
            "1": 0.054533552133126884,
            "2": 0.0522675813526757,
            "3": -0.025827707927130877,
            "4": 0.04486135359102428,
            "5": 0.1215032420615742,
            "6": 0.047835678140831395,
            "7": -0.017339867824387317,
            "8": 0.030349340023556437,
            "9": 0.019795239966977407,
            "10": 0.025165813046105427,
            "11": 0.03423159709831933,
            "12": 0.025164062066544625,
            "13": 0.01979870929725166,
            "14": 0.07764448361966075,
            "15": 0.057294901307539815,
            "16": 0.04188139035065484,
            "17": 0.041881236480422565,
            "18": 0.04153497958290898,
            "19": 0.035291157227464884,
            "20": 0.03529087068552187,
            "21": 0.03984099795614288,
            "22": 0.05107241939204573,
            "23": 0.055011438360265764,
            "24": 0.05107264451401648,
            "25": 0.03984488749717451
        },
        "fukui_nucleophilicity": {
            "1": 0.02721218450866042,
            "2": 0.039443741371160565,
            "3": -0.01553302558862818,
            "4": 0.013163946195445697,
            "5": 0.11321735003054612,
            "6": 0.04067939572717144,
            "7": -0.014237439093254992,
            "8": 0.041023628400674236,
            "9": 0.02397587394137192,
            "10": 0.027755297045753975,
            "11": 0.043394184031997754,
            "12": 0.0277578216750513,
            "13": 0.02397476966524193,
            "14": 0.06724846676197643,
            "15": 0.04335018493877742,
            "16": 0.05475472627366694,
            "17": 0.05475400747892274,
            "18": 0.050551053652225265,
            "19": 0.036307798605370104,
            "20": 0.036310295879450304,
            "21": 0.04660757906113675,
            "22": 0.05560024786674146,
            "23": 0.06047706461538514,
            "24": 0.055601025787058195,
            "25": 0.04660982116834029
        },
        "boltzmann_weights": [
            0.013118775254891843,
            0.013125521772510883,
            0.027137194921464634,
            0.1414871833521937,
            0.05978286506630578,
            0.05982068012258255,
            0.0598206826318762,
            0.059782876048661414,
            0.14148140740819196,
            0.14148150361355807,
            0.14147991591397197,
            0.14148139389379102
        ]
    }
}