{
    "file": "paper_577.json",
    "monomer1_s": "C=C(CC(=O)[O-])C(=O)[O-].CCCC[Sn+](CCCC)CCCC.CCCC[Sn+](CCCC)CCCC",
    "monomer2_s": "C=CC(=O)OCCCl",
    "monomer1": "Di(tri-n-butyltin) itaconate",
    "monomer2": "2-Chloroethyl acrylate",
    "r_values": {
        "constant_1": 0.391,
        "constant_2": 0.683
    },
    "conf_intervals": {
        "constant_conf_1": 0.021,
        "constant_conf_2": 0.012
    },
    "temperature": 70.0,
    "temperature_unit": "\u00b0C",
    "solvent": "Cc1ccccc1",
    "method": "solvent",
    "r-product": null,
    "source": "Acta Polymerica 38 (1987) Nr. 8",
    "calculation_method": "Fineman-Ross",
    "polymerization_type": "free radical",
    "logP": 1.99502,
    "monomer2_data": {
        "smiles": "C=CC(=O)OCCCl",
        "ip": 14.010686759446875,
        "ip_corrected": 9.164686759446875,
        "ea": 4.357199096887822,
        "homo": -0.41744716663062376,
        "lumo": -0.28487484592812107,
        "charges": {
            "1": -0.057152197810321034,
            "2": -0.05716927107881811,
            "3": 0.35686288397483007,
            "4": -0.41216252694289296,
            "5": -0.25504614076531423,
            "6": 0.07688839614974202,
            "7": 0.018939168232327205,
            "8": -0.19136465933914426,
            "9": 0.0671418178633204,
            "10": 0.0806828737930388,
            "11": 0.06961875340589427,
            "12": 0.06623879061354483,
            "13": 0.07584876154587761,
            "14": 0.08706175435187528,
            "15": 0.07361159600604557
        },
        "dipole": [
            -0.3365280732242854,
            0.4590169502980192,
            0.05924764090973465
        ],
        "global_electrophilicity": 0.9746606359182258,
        "global_nucleophilicity": -9.164686759446875,
        "fukui_electrophilicity": {
            "1": 0.09033702194796965,
            "2": 0.0584175872961063,
            "3": 0.07632300695901395,
            "4": 0.17281802915596495,
            "5": 0.08764490447470386,
            "6": -0.03170890218402003,
            "7": -0.010805037843653373,
            "8": 0.07350659388857755,
            "9": 0.11877798776291948,
            "10": 0.10214043170239658,
            "11": 0.10383520350808985,
            "12": 0.03519367086868798,
            "13": 0.055882317690269454,
            "14": 0.017479878080656736,
            "15": 0.050157306692306905
        },
        "fukui_nucleophilicity": {
            "1": 0.0209660265073668,
            "2": 0.02325525884093231,
            "3": 0.01702339953737908,
            "4": 0.13446713604357913,
            "5": 0.05866741426861877,
            "6": -0.0256037780670577,
            "7": -0.031103998437932726,
            "8": 0.3096760819432862,
            "9": 0.08966821862399664,
            "10": 0.0651189457212794,
            "11": 0.07382377752535793,
            "12": 0.0504694533853646,
            "13": 0.06147946072306859,
            "14": 0.07109218591006995,
            "15": 0.08100041747485966
        },
        "boltzmann_weights": [
            0.12895404639160643,
            0.1289560593317034,
            0.04590518870762381,
            0.04588432456331309,
            0.22423605939327515,
            0.2242360766460708,
            0.03327947965453829,
            0.006014917307056084,
            0.006014909066087421,
            0.06091471195158847,
            0.06091364791822821,
            0.034690579068908906
        ]
    }
}