{
    "file": "paper_347.json",
    "monomer1_s": "C=C(C)C(=O)[O-]",
    "monomer2_s": "C=C(OC)c1ccccc1",
    "monomer1": "Methacrylate",
    "monomer2": "alpha-Methoxystyrene",
    "r_values": {
        "constant_1": 0.17,
        "constant_2": 0.0
    },
    "conf_intervals": {
        "constant_conf_1": 0.01,
        "constant_conf_2": null
    },
    "temperature": 60.0,
    "temperature_unit": "\u00b0C",
    "solvent": "C1CCOC1",
    "method": "solvent",
    "r-product": null,
    "source": "Die Makromolekulare Chemie 103 (1967) 68-73",
    "calculation_method": "Kelen-Tudor",
    "polymerization_type": "free radical",
    "logP": 0.7968,
    "monomer1_data": {
        "smiles": "C=C(C)C(=O)[O-]",
        "ip": 14.831421471261669,
        "ip_corrected": 9.985421471261668,
        "ea": 8.012444419220191,
        "homo": -0.45161138081017915,
        "lumo": -0.4238227021712913,
        "charges": {
            "1": -0.07904741856808119,
            "2": 0.04254861867368796,
            "3": -0.11353758502021381,
            "4": 0.39944032654145867,
            "5": -0.34184154748387613,
            "6": -0.3469391222674615,
            "7": 0.09655146946334907,
            "8": 0.09540432960793278,
            "9": 0.08490717788352836,
            "10": 0.07760675455701593,
            "11": 0.08490699661946001
        },
        "dipole": [
            -0.06732803506230506,
            -1.91436164661265,
            0.8228515899289781
        ],
        "global_electrophilicity": 3.1707757461479447,
        "global_nucleophilicity": -9.985421471261668,
        "fukui_electrophilicity": {
            "1": 0.021165041194625006,
            "2": 0.08370379445611474,
            "3": -0.03438410664823009,
            "4": 0.037659427089030584,
            "5": 0.2565270297445467,
            "6": 0.24840774324885795,
            "7": 0.12248056325141396,
            "8": 0.07181358478481724,
            "9": 0.0542820527999249,
            "10": 0.08406268070926681,
            "11": 0.05428218937643055
        },
        "fukui_nucleophilicity": {
            "1": 0.02349995132393709,
            "2": 0.06747265525780374,
            "3": -0.02016466347024827,
            "4": 0.03652620601059292,
            "5": 0.2047078193140156,
            "6": 0.201850159795269,
            "7": 0.13675726614632683,
            "8": 0.0888963014146275,
            "9": 0.07108331827031847,
            "10": 0.11828726547534782,
            "11": 0.07108372063440992
        },
        "boltzmann_weights": [
            0.4999743202855839,
            0.5000256797144161
        ]
    },
    "monomer2_data": {
        "smiles": "C=C(OC)c1ccccc1",
        "ip": 12.939049917447772,
        "ip_corrected": 8.093049917447772,
        "ea": 3.7295117121693697,
        "homo": -0.3714306311517489,
        "lumo": -0.23852043777585738,
        "charges": {
            "1": -0.14432485898061306,
            "2": 0.1368697720872403,
            "3": -0.2713634270525952,
            "4": 0.03954558636984699,
            "5": 0.0065716614971105675,
            "6": -0.033804383983217196,
            "7": -0.029108586809281745,
            "8": -0.030031254462376637,
            "9": -0.029152680852421023,
            "10": -0.027157440636746494,
            "11": 0.03492849093335781,
            "12": 0.03681506326907359,
            "13": 0.03876823531263353,
            "14": 0.057490979002607565,
            "15": 0.03846108517121871,
            "16": 0.035534036910224685,
            "17": 0.03161650247103305,
            "18": 0.030965395611668195,
            "19": 0.031776854259742304,
            "20": 0.04559896988150473
        },
        "dipole": [
            -0.31351669773867863,
            -0.057825319200177035,
            0.17689639341593102
        ],
        "global_electrophilicity": 0.660625037419762,
        "global_nucleophilicity": -8.093049917447772,
        "fukui_electrophilicity": {
            "1": 0.05535829042583565,
            "2": 0.04524052288487326,
            "3": 0.04404789358254818,
            "4": -0.025580179662862114,
            "5": 0.06840816346613886,
            "6": 0.03161106591790287,
            "7": 0.027252012271992858,
            "8": 0.07039464706359994,
            "9": 0.02965238188542388,
            "10": 0.032327260025482724,
            "11": 0.08445137656778454,
            "12": 0.0673487200887502,
            "13": 0.027414608187933072,
            "14": 0.0415083511491986,
            "15": 0.02646517802621872,
            "16": 0.06504903790672205,
            "17": 0.07590549398074753,
            "18": 0.08666890141413051,
            "19": 0.07714574271923078,
            "20": 0.06933053209836586
        },
        "fukui_nucleophilicity": {
            "1": 0.0803346537476276,
            "2": 0.03817368758705614,
            "3": 0.1005817055529043,
            "4": -0.033625302298530745,
            "5": 0.034884003593909446,
            "6": 0.023965410147540098,
            "7": 0.02659279278878529,
            "8": 0.0510816167044539,
            "9": 0.027843837141707628,
            "10": 0.024546043798831838,
            "11": 0.08733970399080546,
            "12": 0.08457738093964903,
            "13": 0.053486753340911256,
            "14": 0.05415566931982395,
            "15": 0.05277189566999094,
            "16": 0.04621088612177703,
            "17": 0.06382250683487087,
            "18": 0.06976226592091808,
            "19": 0.06375990658011799,
            "20": 0.0497345825177163
        },
        "boltzmann_weights": [
            0.3317159054264892,
            0.33178580965854515,
            0.33179077210573216,
            0.0011768783692742615,
            0.0011768782014027306,
            0.001176878125413515,
            0.001176878113142763
        ]
    }
}