{
    "file": "paper_347.json",
    "monomer1_s": "C=COCC",
    "monomer2_s": "C=C(OC)c1ccccc1",
    "monomer1": "Vinyl ethyl ether",
    "monomer2": "alpha-Methoxystyrene",
    "r_values": {
        "constant_1": 0.99,
        "constant_2": 1.17
    },
    "conf_intervals": {
        "constant_conf_1": null,
        "constant_conf_2": null
    },
    "temperature": -78.0,
    "temperature_unit": "\u00b0C",
    "solvent": "ClCCl",
    "method": "solvent",
    "r-product": null,
    "source": "Die Makromolekulare Chemie 103 (1967) 68-73",
    "calculation_method": null,
    "polymerization_type": "cationic",
    "logP": 1.4215,
    "monomer1_data": {
        "smiles": "C=COCC",
        "ip": 13.742557982828957,
        "ip_corrected": 8.896557982828957,
        "ea": 0.9145307157213795,
        "homo": -0.37788168745774087,
        "lumo": -0.18579484334450466,
        "charges": {
            "1": -0.14296442434366408,
            "2": 0.10039575060176434,
            "3": -0.2657204866474109,
            "4": 0.085050219408192,
            "5": -0.11314408943865062,
            "6": 0.0360913774898244,
            "7": 0.036745806898728826,
            "8": 0.04583349596928588,
            "9": 0.03051014972196421,
            "10": 0.030510147237762117,
            "11": 0.04547546579155813,
            "12": 0.05560828528326049,
            "13": 0.05560830202738663
        },
        "dipole": [
            -0.14708452336402394,
            0.2851272522003326,
            -0.3156545285757571
        ],
        "global_electrophilicity": 0.24021723363188993,
        "global_nucleophilicity": -8.896557982828957,
        "fukui_electrophilicity": {
            "1": 0.12382928094998108,
            "2": 0.16005006972427824,
            "3": 0.1094850413864134,
            "4": -0.02735885691279591,
            "5": -0.015752307523987416,
            "6": 0.1576736847419818,
            "7": 0.16033044824162745,
            "8": 0.15921352117469076,
            "9": 0.03646842389689134,
            "10": 0.03646843615659669,
            "11": 0.042102789405886375,
            "12": 0.028744737467927935,
            "13": 0.0287447312905155
        },
        "fukui_nucleophilicity": {
            "1": 0.09083727286960255,
            "2": 0.03297555012651593,
            "3": 0.17087366732340464,
            "4": -0.030949325739255372,
            "5": -0.022761721413045694,
            "6": 0.09069459808130399,
            "7": 0.1140700852353993,
            "8": 0.09880143508945469,
            "9": 0.11736964036487584,
            "10": 0.11736966576363302,
            "11": 0.06280462395076206,
            "12": 0.07895727411484961,
            "13": 0.07895723423275817
        },
        "boltzmann_weights": [
            0.8700823388237107,
            0.02305098322750558,
            0.10686667794878381
        ]
    },
    "monomer2_data": {
        "smiles": "C=C(OC)c1ccccc1",
        "ip": 12.939049917447772,
        "ip_corrected": 8.093049917447772,
        "ea": 3.7295117121693697,
        "homo": -0.3714306311517489,
        "lumo": -0.23852043777585738,
        "charges": {
            "1": -0.14432485898061306,
            "2": 0.1368697720872403,
            "3": -0.2713634270525952,
            "4": 0.03954558636984699,
            "5": 0.0065716614971105675,
            "6": -0.033804383983217196,
            "7": -0.029108586809281745,
            "8": -0.030031254462376637,
            "9": -0.029152680852421023,
            "10": -0.027157440636746494,
            "11": 0.03492849093335781,
            "12": 0.03681506326907359,
            "13": 0.03876823531263353,
            "14": 0.057490979002607565,
            "15": 0.03846108517121871,
            "16": 0.035534036910224685,
            "17": 0.03161650247103305,
            "18": 0.030965395611668195,
            "19": 0.031776854259742304,
            "20": 0.04559896988150473
        },
        "dipole": [
            -0.31351669773867863,
            -0.057825319200177035,
            0.17689639341593102
        ],
        "global_electrophilicity": 0.660625037419762,
        "global_nucleophilicity": -8.093049917447772,
        "fukui_electrophilicity": {
            "1": 0.05535829042583565,
            "2": 0.04524052288487326,
            "3": 0.04404789358254818,
            "4": -0.025580179662862114,
            "5": 0.06840816346613886,
            "6": 0.03161106591790287,
            "7": 0.027252012271992858,
            "8": 0.07039464706359994,
            "9": 0.02965238188542388,
            "10": 0.032327260025482724,
            "11": 0.08445137656778454,
            "12": 0.0673487200887502,
            "13": 0.027414608187933072,
            "14": 0.0415083511491986,
            "15": 0.02646517802621872,
            "16": 0.06504903790672205,
            "17": 0.07590549398074753,
            "18": 0.08666890141413051,
            "19": 0.07714574271923078,
            "20": 0.06933053209836586
        },
        "fukui_nucleophilicity": {
            "1": 0.0803346537476276,
            "2": 0.03817368758705614,
            "3": 0.1005817055529043,
            "4": -0.033625302298530745,
            "5": 0.034884003593909446,
            "6": 0.023965410147540098,
            "7": 0.02659279278878529,
            "8": 0.0510816167044539,
            "9": 0.027843837141707628,
            "10": 0.024546043798831838,
            "11": 0.08733970399080546,
            "12": 0.08457738093964903,
            "13": 0.053486753340911256,
            "14": 0.05415566931982395,
            "15": 0.05277189566999094,
            "16": 0.04621088612177703,
            "17": 0.06382250683487087,
            "18": 0.06976226592091808,
            "19": 0.06375990658011799,
            "20": 0.0497345825177163
        },
        "boltzmann_weights": [
            0.3317159054264892,
            0.33178580965854515,
            0.33179077210573216,
            0.0011768783692742615,
            0.0011768782014027306,
            0.001176878125413515,
            0.001176878113142763
        ]
    }
}