{
    "file": "paper_179.json",
    "monomer1_s": "C=Cc1ccncc1",
    "monomer2_s": "C=C(C)C(=O)OC",
    "monomer1": "4-vinylpyridine",
    "monomer2": "methyl methacrylate",
    "r_values": {
        "constant_1": 0.543,
        "constant_2": 1.05
    },
    "conf_intervals": {
        "constant_conf_1": 0.025,
        "constant_conf_2": 0.02
    },
    "temperature": 65.0,
    "temperature_unit": "\u00b0C",
    "solvent": "Cc1ccccc1",
    "method": "solvent",
    "r-product": 0.57,
    "source": "10.1002/macp.1982.021830104",
    "calculation_method": null,
    "polymerization_type": "radical",
    "logP": 1.99502,
    "monomer1_data": {
        "smiles": "C=Cc1ccncc1",
        "ip": 13.31047873556881,
        "ip_corrected": 8.46447873556881,
        "ea": 4.489329144039849,
        "homo": -0.36674151881844164,
        "lumo": -0.27170132262577157,
        "charges": {
            "1": -0.0790446398635718,
            "2": -0.03069616409297196,
            "3": 0.03119726935284864,
            "4": -0.04458577236448932,
            "5": 0.059104992599388284,
            "6": -0.22369982791828266,
            "7": 0.05872271396748957,
            "8": -0.04312254207631775,
            "9": 0.04515196661952631,
            "10": 0.043207291258970965,
            "11": 0.038550290517910375,
            "12": 0.03369352062076057,
            "13": 0.037048223484409795,
            "14": 0.03723700119951185,
            "15": 0.03723567669481686
        },
        "dipole": [
            -0.9197544486684538,
            0.32443270634792193,
            -0.061990223589914566
        ],
        "global_electrophilicity": 0.9315190147632756,
        "global_nucleophilicity": -8.46447873556881,
        "fukui_electrophilicity": {
            "1": 0.0719124075488137,
            "2": 0.039629770556649985,
            "3": 0.06875869148558177,
            "4": 0.03277049713026592,
            "5": 0.02392572590331428,
            "6": 0.13644312352504998,
            "7": 0.021612350800891356,
            "8": 0.031805368842602384,
            "9": 0.08286694998180798,
            "10": 0.09902956269093913,
            "11": 0.0810407206561044,
            "12": 0.07472617037149897,
            "13": 0.08480900016376308,
            "14": 0.08325937291536205,
            "15": 0.06741028742736946
        },
        "fukui_nucleophilicity": {
            "1": 0.03965639949239111,
            "2": 0.029021659774634195,
            "3": 0.037297108501379087,
            "4": 0.034945025060534735,
            "5": 0.008988575588494654,
            "6": 0.22430167013620056,
            "7": 0.00810709591547805,
            "8": 0.03451907539635291,
            "9": 0.05876910030698165,
            "10": 0.08443374033781026,
            "11": 0.06637215983960013,
            "12": 0.08768835973551332,
            "13": 0.10236387686601638,
            "14": 0.10238187601834148,
            "15": 0.08115427703025818
        },
        "boltzmann_weights": [
            0.4999999991656144,
            0.5000000008343856
        ],
        "best_conformer_elements": [
            6,
            6,
            6,
            6,
            6,
            7,
            6,
            6,
            1,
            1,
            1,
            1,
            1,
            1,
            1
        ],
        "best_conformer_coordinates": [
            [
                2.583203343514438,
                0.5424970682321326,
                -0.01656925993116874
            ],
            [
                1.652911135624292,
                -0.3976852289921173,
                -0.12758126625178445
            ],
            [
                0.21077132789537248,
                -0.200678783197628,
                -0.03982342700312502
            ],
            [
                -0.39004891762000715,
                1.0409641135800483,
                0.1787859981509415
            ],
            [
                -1.7698857226968912,
                1.1160675997462601,
                0.24495106157262414
            ],
            [
                -2.5710899659347635,
                0.07164037400834267,
                0.11254846430585584
            ],
            [
                -2.010052338245473,
                -1.1078163204120814,
                -0.09473247779059403
            ],
            [
                -0.642219336562489,
                -1.2984356956467173,
                -0.17855797621896635
            ],
            [
                3.630266247886355,
                0.3051773869381099,
                -0.09509273891209662
            ],
            [
                2.3474591904015703,
                1.5787770159631942,
                0.155478386858762
            ],
            [
                1.9555816071907184,
                -1.423394740127262,
                -0.30059764941295475
            ],
            [
                0.20301682875056853,
                1.9337550085730388,
                0.2955768734967944
            ],
            [
                -2.2661196284653222,
                2.0634098020949976,
                0.41323713200877665
            ],
            [
                -2.695940861905883,
                -1.9389248787187494,
                -0.19819064198482508
            ],
            [
                -0.23785290983248536,
                -2.2853527220411802,
                -0.3494324841799965
            ]
        ],
        "best_conformer_energy": -21.429757650954585,
        "fukui_radical": {
            "1": 0.05578435176489365,
            "2": 0.034326016576658326,
            "3": 0.05302771172792213,
            "4": 0.033162085129742246,
            "5": 0.014859696629112101,
            "6": 0.18037261283084408,
            "7": 0.0164572407822249,
            "8": 0.033857902062000705,
            "9": 0.09173179280558619,
            "10": 0.0708178333866188,
            "11": 0.07370674188198335,
            "12": 0.07428203793376184,
            "13": 0.09282059186026047,
            "14": 0.09358616910186651,
            "15": 0.08120721552651923
        }
    },
    "monomer2_data": {
        "smiles": "C=C(C)C(=O)OC",
        "ip": 14.236483972656346,
        "ip_corrected": 9.390483972656346,
        "ea": 3.965500029838621,
        "homo": -0.41127032387995544,
        "lumo": -0.26950129410851986,
        "charges": {
            "1": -0.08192644204948094,
            "2": -0.007758938742676788,
            "3": -0.11040535221003818,
            "4": 0.34920872447012063,
            "5": -0.4109728775483542,
            "6": -0.2641504660609933,
            "7": 0.035165391019299455,
            "8": 0.05595603293225091,
            "9": 0.06272990863841402,
            "10": 0.0654729267794723,
            "11": 0.06547300436630195,
            "12": 0.05055145378886996,
            "13": 0.06218368236208788,
            "14": 0.06218369754524128,
            "15": 0.06628925470948674
        },
        "dipole": [
            0.042189455222522244,
            -0.7608520055498939,
            0.06845067776298096
        ],
        "global_electrophilicity": 0.8813642895109609,
        "global_nucleophilicity": -9.390483972656346,
        "fukui_electrophilicity": {
            "1": 0.0916099776458229,
            "2": 0.08194480124254042,
            "3": -0.03870700638664119,
            "4": 0.08164153093062626,
            "5": 0.19459726093903607,
            "6": 0.07836988169535863,
            "7": -0.03498260375536273,
            "8": 0.11948701878867324,
            "9": 0.10428214255764144,
            "10": 0.06198656850236382,
            "11": 0.06198649192249827,
            "12": 0.06017707177149582,
            "13": 0.04047835404033179,
            "14": 0.04047833993174442,
            "15": 0.05665017017387712
        },
        "fukui_nucleophilicity": {
            "1": 0.05119712917593304,
            "2": 0.06180413311607634,