{
    "file": "paper_682.json",
    "monomer1_s": "C=C(C)C(=O)OCCCCCC",
    "monomer2_s": "C=C(C)C#N",
    "monomer1": "n-Hexyl methacrylate",
    "monomer2": "Methacrylonitrile",
    "r_values": {
        "constant_1": 0.73,
        "constant_2": 0.56
    },
    "conf_intervals": {
        "constant_conf_1": null,
        "constant_conf_2": null
    },
    "temperature": 80.0,
    "temperature_unit": "\u00b0C",
    "solvent": "CC(C)=O",
    "method": "solvent",
    "r-product": 0.42,
    "source": "Journal of Polymer Science Vol. XXXVI, Pages 173-182 (1959)",
    "calculation_method": "intersection method",
    "polymerization_type": "free radical",
    "logP": 0.5952999999999999,
    "monomer1_data": {
        "smiles": "C=C(C)C(=O)OCCCCCC",
        "ip": 13.283292105341589,
        "ip_corrected": 8.437292105341589,
        "ea": 3.931047008214545,
        "homo": -0.4071926073582667,
        "lumo": -0.26644365360372313,
        "charges": {
            "1": -0.08247074461720551,
            "2": -0.007623494344336179,
            "3": -0.11004996938540164,
            "4": 0.34974513552710573,
            "5": -0.41668735276909036,
            "6": -0.2689926289245347,
            "7": 0.08324856744418722,
            "8": -0.06644549752777959,
            "9": -0.06202564221414821,
            "10": -0.06023285552382339,
            "11": -0.05404362501144259,
            "12": -0.1034521498396043,
            "13": 0.06207311919506616,
            "14": 0.054835476256462456,
            "15": 0.06512906820539063,
            "16": 0.06513294568983571,
            "17": 0.04994808099169974,
            "18": 0.04879670181455584,
            "19": 0.04879473502820161,
            "20": 0.049617799473925354,
            "21": 0.049618385615750465,
            "22": 0.03514986845205831,
            "23": 0.03514998894831674,
            "24": 0.034178330392490214,
            "25": 0.0341784447945878,
            "26": 0.030961558692795692,
            "27": 0.030961458393927204,
            "28": 0.03470389572623054,
            "29": 0.03509647848201845,
            "30": 0.034703921032751
        },
        "dipole": [
            0.20680996172983157,
            0.4559348139955195,
            -0.7460606627893838
        ],
        "global_electrophilicity": 0.7563101847694204,
        "global_nucleophilicity": -8.437292105341589,
        "fukui_electrophilicity": {
            "1": 0.09121726428191694,
            "2": 0.08144274012821989,
            "3": -0.03804182334503013,
            "4": 0.08168493186585912,
            "5": 0.1918004766668236,
            "6": 0.07458849783735544,
            "7": -0.019964209419190887,
            "8": -0.0034997828929123898,
            "9": -0.003629683157604792,
            "10": -0.002423869881369778,
            "11": -0.0017664688678047172,
            "12": -0.00401648256942988,
            "13": 0.10366422805097178,
            "14": 0.11797489010571376,
            "15": 0.06125826925318144,
            "16": 0.061257500162163574,
            "17": 0.05920748889291022,
            "18": 0.03129982645128687,
            "19": 0.03130314739779558,
            "20": 0.01332631211023199,
            "21": 0.013327318976606842,
            "22": 0.009600467693873113,
            "23": 0.009600052732023641,
            "24": 0.00586475781365077,
            "25": 0.005864608764851911,
            "26": 0.0048192189200748185,
            "27": 0.0048194725884720055,
            "28": 0.004503046867029389,
            "29": 0.010414948661824276,
            "30": 0.004502853910512233
        },
        "fukui_nucleophilicity": {
            "1": 0.02848829862400909,
            "2": 0.03787644962270596,
            "3": -0.014676139794677759,
            "4": 0.010654030985513041,
            "5": 0.09927304416506638,
            "6": 0.042148817190271914,
            "7": -0.011020632917572187,
            "8": -0.005600581288693951,
            "9": -0.008934399931968769,
            "10": -0.00888731121960605,
            "11": -0.006068887785504254,
            "12": -0.01638900790635922,
            "13": 0.04544523337828988,
            "14": 0.06318327419778798,
            "15": 0.0522884435747379,
            "16": 0.0522875052549589,
            "17": 0.04500886010584146,
            "18": 0.029282944183118984,
            "19": 0.02928544885456147,
            "20": 0.027061132606926698,
            "21": 0.027062366284473324,
            "22": 0.03662371674231259,
            "23": 0.03662409946692091,
            "24": 0.057874517635153236,
            "25": 0.05787359317590625,
            "26": 0.07129606885485211,
            "27": 0.07129650841930849,
            "28": 0.05324539199122557,
            "29": 0.04415202952871505,
            "30": 0.05324518695489076
        },