{
    "file": "paper_347.json",
    "monomer1_s": "C=COCC",
    "monomer2_s": "C=C(OC)c1ccccc1",
    "monomer1": "Vinyl ethyl ether",
    "monomer2": "alpha-Methoxystyrene",
    "r_values": {
        "constant_1": 0.25,
        "constant_2": 0.22
    },
    "conf_intervals": {
        "constant_conf_1": null,
        "constant_conf_2": null
    },
    "temperature": -70.0,
    "temperature_unit": "\u00b0C",
    "solvent": "ClCCl",
    "method": "solvent",
    "r-product": null,
    "source": "Die Makromolekulare Chemie 103 (1967) 68-73",
    "logP": 1.4215,
    "monomer1_data": {
        "smiles": "C=COCC",
        "ip": 13.742557982828957,
        "ip_corrected": 8.896557982828957,
        "ea": 0.9145307157213795,
        "homo": -0.37788168745774087,
        "lumo": -0.18579484334450466,
        "charges": {
            "1": -0.14296442434366408,
            "2": 0.10039575060176434,
            "3": -0.2657204866474109,
            "4": 0.085050219408192,
            "5": -0.11314408943865062,
            "6": 0.0360913774898244,
            "7": 0.036745806898728826,
            "8": 0.04583349596928588,
            "9": 0.03051014972196421,
            "10": 0.030510147237762117,
            "11": 0.04547546579155813,
            "12": 0.05560828528326049,
            "13": 0.05560830202738663
        },
        "dipole": [
            -0.14708452336402394,
            0.2851272522003326,
            -0.3156545285757571
        ],
        "global_electrophilicity": 0.24021723363188993,
        "global_nucleophilicity": -8.896557982828957,
        "fukui_electrophilicity": {
            "1": 0.12382928094998108,
            "2": 0.16005006972427824,
            "3": 0.1094850413864134,
            "4": -0.02735885691279591,
            "5": -0.015752307523987416,
            "6": 0.1576736847419818,
            "7": 0.16033044824162745,
            "8": 0.15921352117469076,
            "9": 0.03646842389689134,
            "10": 0.03646843615659669,
            "11": 0.042102789405886375,
            "12": 0.028744737467927935,
            "13": 0.0287447312905155
        },
        "fukui_nucleophilicity": {
            "1": 0.09083727286960255,
            "2": 0.03297555012651593,
            "3": 0.17087366732340464,
            "4": -0.030949325739255372,
            "5": -0.022761721413045694,
            "6": 0.09069459808130399,
            "7": 0.1140700852353993,
            "8": 0.09880143508945469,
            "9": 0.11736964036487584,
            "10": 0.11736966576363302,
            "11": 0.06280462395076206,
            "12": 0.07895727411484961,
            "13": 0.07895723423275817
        },
        "boltzmann_weights": [
            0.8700823388237107,
            0.02305098322750558,
            0.10686667794878381
        ]
    }
}