{
    "file": "paper_202.json",
    "monomer1_s": "C=C(C)C(=O)OCCO",
    "monomer2_s": "C=CC(=O)OCCCC",
    "monomer1": "2-hydroxyethyl methacrylate",
    "monomer2": "n-butyl acrylate",
    "r_values": {
        "constant_1": 5.404,
        "constant_2": 0.039
    },
    "conf_intervals": {
        "constant_conf_1": 0.187,
        "constant_conf_2": 0.092
    },
    "temperature": 60.0,
    "temperature_unit": "\u00b0C",
    "solvent": "ClC(Cl)Cl",
    "method": "bulk",
    "r-product": null,
    "source": "European Polymer Journal, Vol. 12, pp. 259 to 261. Pergamon Press 1976. Printed in Great Britain.",
    "calculation_method": "Joshi-Joshi",
    "polymerization_type": "free radical",
    "logP": 1.9864,
    "monomer2_data": {
        "smiles": "C=CC(=O)OCCCC",
        "ip": 13.787313557775578,
        "ip_corrected": 8.941313557775578,
        "ea": 3.9925591146808466,
        "homo": -0.4127272628246189,
        "lumo": -0.2743804319193664,
        "charges": {
            "1": -0.05974349118711409,
            "2": -0.05857873771035605,
            "3": 0.35520528143914426,
            "4": -0.4141800042273293,
            "5": -0.2677821935008226,
            "6": 0.08217908677405981,
            "7": -0.06734727761554657,
            "8": -0.05644562635654057,
            "9": -0.10525102602139863,
            "10": 0.06270521067099835,
            "11": 0.07867825313713442,
            "12": 0.06410267240460353,
            "13": 0.04848740094028653,
            "14": 0.04848743310769251,
            "15": 0.05096610824048667,
            "16": 0.05096612459751028,
            "17": 0.03529697108331478,
            "18": 0.03529696382048248,
            "19": 0.038628309862929734,
            "20": 0.03970023110752155,
            "21": 0.03862830943294505
        },
        "dipole": [
            -0.3977269369628635,
            0.6387143298338241,
            0.4234044801003376
        ],
        "global_electrophilicity": 0.8348050574660377,
        "global_nucleophilicity": -8.941313557775578,
        "fukui_electrophilicity": {
            "1": 0.0998331675014838,
            "2": 0.06639142085720429,
            "3": 0.08304167106843008,
            "4": 0.18608603208860336,
            "5": 0.09026133669714703,
            "6": -0.020887769395365408,
            "7": -0.0038805864344462065,
            "8": -0.003314689050342802,
            "9": -0.007577159599243002,
            "10": 0.1297702490522501,
            "11": 0.11201724163635822,
            "12": 0.11499826693126959,
            "13": 0.03218980289627936,
            "14": 0.03218976986059464,
            "15": 0.016150659069800344,
            "16": 0.016150635033566334,
            "17": 0.009932771807928637,
            "18": 0.009932781393251548,
            "19": 0.0092986782292814,
            "20": 0.01811703918691682,
            "21": 0.009298681169044552
        },
        "fukui_nucleophilicity": {
            "1": 0.019989111836371594,
            "2": 0.023390025134843263,
            "3": 0.020069065648740836,
            "4": 0.13462886920133071,
            "5": 0.05454926336170063,
            "6": -0.01729573736947146,
            "7": -0.007943857228474668,
            "8": -0.006123508937575524,
            "9": -0.01827633808765726,
            "10": 0.08365419418848738,
            "11": 0.05982951178934659,
            "12": 0.0691381578290839,
            "13": 0.04132517030486409,
            "14": 0.041325101710033556,
            "15": 0.06554119744764274,
            "16": 0.06554120834489653,
            "17": 0.08524610827117389,
            "18": 0.08524612271423221,
            "19": 0.07088258746409554,
            "20": 0.05840116034085999,
            "21": 0.07088258603675981
        },
        "boltzmann_weights": [
            0.03693414337813413,
            0.09732528929105856,
            0.0973252901912,
            0.10103584125115438,
            0.10103584585083969,
            0.011237201320747651,
            0.11958486180602856,
            0.021552593262464673,
            0.029078313671439062,
            0.03770295505864699,
            0.061676136571156864,
            0.06167613687308087,
            0.09732050619542909,
            0.05216903835550857,
            0.006534385856919049,
            0.017939430874259123,
            0.017939383762294096,
            0.016395978608603128,
            0.015536667821035723
        ]
    }
}