{
    "file": "paper_138.json",
    "monomer1_s": "C=CNC(C)=O",
    "monomer2_s": "C=COC(C)=O",
    "monomer1": "N-Vinylacetamide",
    "monomer2": "Vinyl acetate",
    "r_values": {
        "constant_1": 5.5,
        "constant_2": 0.6
    },
    "conf_intervals": {
        "constant_conf_1": null,
        "constant_conf_2": null
    },
    "temperature": 60.0,
    "temperature_unit": "\u00b0C",
    "solvent": "CO",
    "method": "solvent",
    "r-product": 3.3,
    "source": "Journal of Polymer Science: Part A: Polymer Chemistry, Vol. 28, 3487\u20133497 (1990)",
    "calculation_method": "Fineman-Ross",
    "polymerization_type": "free radical",
    "logP": -0.3915,
    "monomer1_data": {
        "smiles": "C=CNC(C)=O",
        "ip": 13.842531895683509,
        "ip_corrected": 8.996531895683509,
        "ea": 3.106752754928546,
        "homo": -0.38645933449178915,
        "lumo": -0.23426202018811101,
        "charges": {
            "1": -0.12277197085183936,
            "2": 0.029810337346789728,
            "3": -0.15074563017234488,
            "4": 0.2798010813719912,
            "5": -0.14556704782149762,
            "6": -0.4089754089388563,
            "7": 0.04782515451173005,
            "8": 0.035932825337327265,
            "9": 0.0727124867728733,
            "10": 0.17264061588606439,
            "11": 0.05789417942753526,
            "12": 0.07355368878253489,
            "13": 0.057889688347683495
        },
        "dipole": [
            0.09040622116785924,
            1.571435341415329,
            0.3189797739778907
        ],
        "global_electrophilicity": 0.6132319299964847,
        "global_nucleophilicity": -8.996531895683509,
        "fukui_electrophilicity": {
            "1": 0.08192113506706836,
            "2": 0.05640808031362203,
            "3": 0.046067757590991715,
            "4": 0.10553929831563016,
            "5": -0.03636733903540637,
            "6": 0.18607849253060182,
            "7": 0.10763566083872309,
            "8": 0.09997337669195426,
            "9": 0.07912427011380599,
            "10": 0.06556611400365929,
            "11": 0.07232816994437091,
            "12": 0.06339742833765367,
            "13": 0.0723275552873136
        },
        "fukui_nucleophilicity": {
            "1": 0.08861283773667167,
            "2": 0.042486034315339316,
            "3": 0.10182402816351727,
            "4": 0.022065272169320083,
            "5": -0.010896572672526722,
            "6": 0.1945301548407617,
            "7": 0.10961032513997718,
            "8": 0.0991113106618232,
            "9": 0.07678617801184696,
            "10": 0.07120733517848502,
            "11": 0.07131122915994144,
            "12": 0.06204121482526655,
            "13": 0.07131065246957799
        },
        "boltzmann_weights": [
            0.9943603876417847,
            0.005639612358215384
        ]
    },
    "monomer2_data": {
        "smiles": "C=COC(C)=O",
        "ip": 14.601504628221,
        "ip_corrected": 9.755504628221,
        "ea": 3.490615368816575,
        "homo": -0.4145390017965533,
        "lumo": -0.25140710840020714,
        "charges": {
            "1": -0.1113144265465606,
            "2": 0.10275648997074144,
            "3": -0.23854567980417674,
            "4": 0.36051791203275774,
            "5": -0.14792469300456296,
            "6": -0.3941835952860412,
            "7": 0.0672027324062841,
            "8": 0.061754928475895525,
            "9": 0.06259426290396605,
            "10": 0.0798657892235391,
            "11": 0.07986554111784669,
            "12": 0.07741073851030468
        },
        "dipole": [
            -0.05662756234607951,
            0.8569322894357296,
            0.3032221954910163
        ],
        "global_electrophilicity": 0.7938385299010362,
        "global_nucleophilicity": -9.755504628221,
        "fukui_electrophilicity": {
            "1": 0.08578275154992779,
            "2": 0.05012042592149622,
            "3": 0.08548542688035027,
            "4": 0.1077747470395175,
            "5": -0.03566661197540642,
            "6": 0.1945451708476108,
            "7": 0.10129460191247838,
            "8": 0.10886613014224744,
            "9": 0.08002416146027588,
            "10": 0.07769818359128527,
            "11": 0.07769768191324698,
            "12": 0.06637733071696028
        },
        "fukui_nucleophilicity": {
            "1": 0.08397544139564725,
            "2": 0.05141341223033291,
            "3": 0.1192110587495277,
            "4": 0.020656009635123818,
            "5": 0.0005916960941607929,
            "6": 0.19418607171709723,
            "7": 0.10376364413597791,
            "8": 0.11328100818473896,
            "9": 0.08001761147510311,
            "10": 0.08274267589853532,
            "11": 0.08274260610176629,
            "12": 0.06741876460304048
        },
        "boltzmann_weights": [
            0.8944295654127825,
            0.10557043458721739
        ]
    }
}