{
    "file": "paper_47.json",
    "monomer1_s": "C=COC(C)=O",
    "monomer2_s": "ClC(Cl)=C(Cl)Cl",
    "monomer1": "Vinyl Acetate",
    "monomer2": "Tetrachloroethylene",
    "r_values": {
        "constant_1": 5.0,
        "constant_2": 0.0
    },
    "conf_intervals": {
        "constant_conf_1": null,
        "constant_conf_2": null
    },
    "temperature": null,
    "temperature_unit": "\u00b0C",
    "solvent": "CCCCCC",
    "method": "solvent",
    "r-product": null,
    "source": "Journal of Polymer Science, Volume 3, No. 2 (1948)",
    "calculation_method": null,
    "polymerization_type": "free radical",
    "logP": 2.5866000000000007,
    "monomer1_data": {
        "smiles": "C=COC(C)=O",
        "ip": 14.601504628221,
        "ip_corrected": 9.755504628221,
        "ea": 3.490615368816575,
        "homo": -0.4145390017965533,
        "lumo": -0.25140710840020714,
        "charges": {
            "1": -0.1113144265465606,
            "2": 0.10275648997074144,
            "3": -0.23854567980417674,
            "4": 0.36051791203275774,
            "5": -0.14792469300456296,
            "6": -0.3941835952860412,
            "7": 0.0672027324062841,
            "8": 0.061754928475895525,
            "9": 0.06259426290396605,
            "10": 0.0798657892235391,
            "11": 0.07986554111784669,
            "12": 0.07741073851030468
        },
        "dipole": [
            -0.05662756234607951,
            0.8569322894357296,
            0.3032221954910163
        ],
        "global_electrophilicity": 0.7938385299010362,
        "global_nucleophilicity": -9.755504628221,
        "fukui_electrophilicity": {
            "1": 0.08578275154992779,
            "2": 0.05012042592149622,
            "3": 0.08548542688035027,
            "4": 0.1077747470395175,
            "5": -0.03566661197540642,
            "6": 0.1945451708476108,
            "7": 0.10129460191247838,
            "8": 0.10886613014224744,
            "9": 0.08002416146027588,
            "10": 0.07769818359128527,
            "11": 0.07769768191324698,
            "12": 0.06637733071696028
        },
        "fukui_nucleophilicity": {
            "1": 0.08397544139564725,
            "2": 0.05141341223033291,
            "3": 0.1192110587495277,
            "4": 0.020656009635123818,
            "5": 0.0005916960941607929,
            "6": 0.19418607171709723,
            "7": 0.10376364413597791,
            "8": 0.11328100818473896,
            "9": 0.08001761147510311,
            "10": 0.08274267589853532,
            "11": 0.08274260610176629,
            "12": 0.06741876460304048
        },
        "boltzmann_weights": [
            0.8944295654127825,
            0.10557043458721739
        ]
    },
    "monomer2_data": {
        "smiles": "ClC(Cl)=C(Cl)Cl",
        "ip": 13.971851261779934,
        "ip_corrected": 9.125851261779934,
        "ea": 4.463222266637436,
        "homo": -0.41639090643726373,
        "lumo": -0.2799247331331657,
        "charges": {
            "1": -0.06512842453314469,
            "2": 0.13016888390749226,
            "3": -0.06503013322571363,
            "4": 0.13014694676508465,
            "5": -0.06516166041509731,
            "6": -0.06499561249861797
        },
        "dipole": [
            -7.690684998099738e-05,
            -3.288298409773386e-05,
            1.2805150216074233e-05
        ],
        "global_electrophilicity": 1.004894275010135,
        "global_nucleophilicity": -9.125851261779934,
        "fukui_electrophilicity": {
            "1": 0.20790817871984787,
            "2": 0.08416438429179413,
            "3": 0.20792948286256405,
            "4": 0.08416637621779087,
            "5": 0.20790315778337354,
            "6": 0.20792842012464247
        },
        "fukui_nucleophilicity": {
            "1": 0.23931813612676583,
            "2": 0.021342031742374007,
            "3": 0.23931875507351166,
            "4": 0.021355233741293944,
            "5": 0.2393357898395605,
            "6": 0.23933005347684716
        },
        "boltzmann_weights": [
            0.4999999997008629,
            0.5000000002991372
        ]
    }
}