{
    "file": "paper_53.json",
    "monomer1_s": "C=CCl",
    "monomer2_s": "O=C1C=CC(=O)O1",
    "monomer1": "Vinyl chloride",
    "monomer2": "Maleic anhydride",
    "r_values": {
        "constant_1": 0.296,
        "constant_2": 0.008
    },
    "conf_intervals": {
        "constant_conf_1": 0.07,
        "constant_conf_2": null
    },
    "temperature": 75.0,
    "temperature_unit": "\u00b0C",
    "solvent": "c1ccccc1",
    "method": "solvent",
    "r-product": null,
    "source": "Journal of Polymer Science, Vol. V, No. 2, Pages 253-258",
    "calculation_method": "Mayo-Lewis",
    "polymerization_type": "free radical",
    "logP": 1.6866,
    "monomer1_data": {
        "smiles": "C=CCl",
        "ip": 14.754770645217608,
        "ip_corrected": 9.908770645217608,
        "ea": 2.307245382256785,
        "homo": -0.4076052769098549,
        "lumo": -0.2320222117939838,
        "charges": {
            "1": -0.09705224793662236,
            "2": 0.05699516530444872,
            "3": -0.16350975738566184,
            "4": 0.06542783772641927,
            "5": 0.07139312092857801,
            "6": 0.06674588136282644
        },
        "dipole": [
            -0.5175366509494663,
            0.2927077803368346,
            -0.01146851212032033
        ],
        "global_electrophilicity": 0.545461197082854,
        "global_nucleophilicity": -9.908770645217608,
        "fukui_electrophilicity": {
            "1": 0.13072544059183683,
            "2": 0.11626085539209755,
            "3": 0.2562663443385017,
            "4": 0.1681933622199825,
            "5": 0.16064111264756686,
            "6": 0.167912884810003
        },
        "fukui_nucleophilicity": {
            "1": 0.09824950220524913,
            "2": 0.03642702645821169,
            "3": 0.48965207548113454,
            "4": 0.13487827820759216,
            "5": 0.11560914029761075,
            "6": 0.12518397735498896
        },
        "boltzmann_weights": [
            1.0
        ],
        "best_conformer_elements": [
            6,
            6,
            17,
            1,
            1,
            1
        ],
        "best_conformer_coordinates": [
            [
                -0.7077915080208962,
                -0.10105725381266828,
                0.16548276426342198
            ],
            [
                0.5426831018189576,
                0.23086149201485703,
                -0.08360837120779033
            ],
            [
                1.6974486086233311,
                -0.8784698822936139,
                -0.7130796722216319
            ],
            [
                -1.0842782030936247,
                -1.0932283312462243,
                -0.011244722066341384
            ],
            [
                -1.3965039718446586,
                0.6252292555082153,
                0.5591504326247929
            ],
            [
                0.9484419778086636,
                1.2166647198294431,
                0.08329956860755285
            ]
        ],
        "best_conformer_energy": -10.32189947493295,
        "fukui_radical": {
            "1": 0.11448843783985634,
            "2": 0.07634633162550628,
            "3": 0.3729557814369195,
            "4": 0.13812455192456854,
            "5": 0.15153560714997333,
            "6": 0.14654929002558126
        }
    },
    "monomer2_data": {
        "smiles": "O=C1C=CC(=O)O1",
        "ip": 15.900878027101923,
        "ip_corrected": 11.054878027101923,
        "ea": 6.460014475622868,
        "homo": -0.46238439929177266,
        "lumo": -0.36195466582110164,
        "charges": {
            "1": -0.2941881850292992,
            "2": 0.36186259667080867,
            "3": -0.04882117032060509,
            "4": -0.048821663932855815,
            "5": 0.3618625986892957,
            "6": -0.29418799581870747,
            "7": -0.2361013463873719,
            "8": 0.0991976641904159,
            "9": 0.09919750193830755
        },
        "dipole": [
            0.02252629972930212,
            1.6095495729881135,
            0.03503157808557637
        ],
        "global_electrophilicity": 2.1250815188994485,
        "global_nucleophilicity": -11.054878027101923,
        "fukui_electrophilicity": {
            "1": 0.20684180079229175,
            "2": 0.05554706628341721,
            "3": 0.07772392122146196,
            "4": 0.07772348160390369,
            "5": 0.055547109381013204,
            "6": 0.2068417997294305,
            "7": 0.09352041805136502,
            "8": 0.11312719556494338,
            "9": 0.11312720737216109
        },
        "fukui_nucleophilicity": {
            "1": 0.24406057875471876,
            "2": 0.03203358320566174,
            "3": 0.048203335562302226,
            "4": 0.048204167711183986,
            "5": 0.03203341222674566,
            "6": 0.24406026138272296,
            "7": 0.11633670520252432,
            "8": 0.11753386857050649,
            "9": 0.11753408759019536
        },
        "boltzmann_weights": [
            1.0
        ],
        "best_conformer_elements": [
            8,
            6,
            6,
            6,
            6,
            8,
            8,
            1,
            1
        ],
        "best_conformer_coordinates": [
            [
                -2.204573649227907,
                -1.115321055707451,
                -0.002298100950483874
            ],
            [
                -1.1093351090393155,
                -0.6532542001429931,
                -0.00048067934597688074
            ],
            [
                -0.6821986468566222,
                0.7759545772718469,
                -0.008942359574604814
            ],
            [
                0.6467155929828198,
                0.8057975343361282,
                -0.0028399914941270982
            ],
            [
                1.137513916088871,
                -0.6027871884116063,
                0.00983683780653634
            ],
            [
                2.2523614973703174,
                -1.0152209131010461,
                0.018168288871179734
            ],
            [
                0.03174611737968137,
                -1.4153007027606417,
                0.0105424647339251
            ],
            [
                -1.3932605337205264,
                1.5795851881535365,
                -0.018225205507185604
            ],
            [
                1.3210308203144236,
                1.6405467550704305,
                -0.005761259831016097
            ]
        ],
        "best_conformer_energy": -21.756575519080812,
        "fukui_radical": {
            "1": 0.22544662819838956,
            "2": 0.04379257545312501,
            "3": 0.06296487536424719,
            "4": 0.06296497760586295,
            "5": 0.04379297948953842,
            "6": 0.22544579064573986,
            "7": 0.10492885010999314,
            "8": 0.11533111453334595,
            "9": 0.11533220870276614
        }
    }
}