{
    "file": "paper_24.json",
    "monomer1_s": "C=CC(=O)Oc1ccccc1C(=O)O",
    "monomer2_s": "C=Cc1ccccc1",
    "monomer1": "2-acryloyloxybenzoic acid",
    "monomer2": "styrene",
    "r_values": {
        "constant_1": 0.053,
        "constant_2": 0.639
    },
    "conf_intervals": {
        "constant_conf_1": 0.017,
        "constant_conf_2": 0.014
    },
    "temperature": 50.0,
    "temperature_unit": "\u00b0C",
    "solvent": "c1ccccc1",
    "method": "solvent",
    "r-product": null,
    "source": "10.1002/macp.1982.021830111",
    "calculation_method": "Joshi-Joshi",
    "polymerization_type": "free radical",
    "logP": 1.6866,
    "monomer1_data": {
        "smiles": "C=CC(=O)Oc1ccccc1C(=O)O",
        "ip": 13.671325997025406,
        "ip_corrected": 8.825325997025406,
        "ea": 5.369907503666495,
        "homo": -0.4147323812445505,
        "lumo": -0.2862670692999514,
        "charges": {
            "1": -0.05603833957845031,
            "2": -0.052308017921611605,
            "3": 0.36937362525940687,
            "4": -0.40538011003755814,
            "5": -0.2430125998241769,
            "6": 0.15936548495828076,
            "7": -0.04337608967984574,
            "8": -0.02122882036652652,
            "9": -0.030499546928919666,
            "10": -0.01995963530054086,
            "11": -0.02519774573287921,
            "12": 0.37281070165451197,
            "13": -0.42160295855821794,
            "14": -0.36944017876180585,
            "15": 0.07992635377857343,
            "16": 0.06713611867839624,
            "17": 0.07161997371710199,
            "18": 0.06232953423685422,
            "19": 0.0538876256947992,
            "20": 0.052419397137111544,
            "21": 0.06679364331087499,
            "22": 0.33238158426461695
        },
        "dipole": [
            -0.33179577064734544,
            -0.45743592993020193,
            0.0691432415681694
        ],
        "global_electrophilicity": 1.3161631220071872,
        "global_nucleophilicity": -8.825325997025406,
        "fukui_electrophilicity": {
            "1": 0.048589359259951614,
            "2": 0.0251908996063423,
            "3": 0.033252656448176376,
            "4": 0.08281109278322063,
            "5": 0.04588301276651102,
            "6": 0.021301004615601388,
            "7": 0.016474415097290356,
            "8": 0.04164427689422736,
            "9": 0.025255815620129525,
            "10": 0.021518933685100966,
            "11": 0.03501468655700394,
            "12": 0.031432990135924654,
            "13": 0.07924015551496333,
            "14": 0.050089183106664936,
            "15": 0.055753230397666054,
            "16": 0.07188747382299475,
            "17": 0.0567152888750512,
            "18": 0.04943735479856314,
            "19": 0.062208440229949716,
            "20": 0.05890669606550326,
            "21": 0.05010320598542879,
            "22": 0.03728982773401873
        },
        "fukui_nucleophilicity": {
            "1": 0.021137857663258777,
            "2": 0.01743951948332481,
            "3": 0.01199591185785126,
            "4": 0.09976023799883016,
            "5": 0.0622205980390903,
            "6": 0.02252728660603545,
            "7": 0.028821366765791598,
            "8": 0.02108943984360207,
            "9": 0.03935686295760618,
            "10": 0.026017698160292813,
            "11": 0.024023650846379252,
            "12": 0.008436326829752872,
            "13": 0.09660713460653503,
            "14": 0.04805302955344376,
            "15": 0.05266261301792832,
            "16": 0.0754626707715348,
            "17": 0.06005082332345868,
            "18": 0.05594586978314531,
            "19": 0.07070476222373519,
            "20": 0.06510377198552486,
            "21": 0.05736660303645408,
            "22": 0.03521596471394667
        },
        "boltzmann_weights": [
            0.3152890500598239,
            0.3152884174594303,
            0.12497895724354728,
            0.1249800328017773,
            0.04474361542581799,
            0.04474383259056307,
            0.014988091187395046,
            0.014988003231645109
        ]
    },
    "monomer2_data": {
        "smiles": "C=Cc1ccccc1",
        "ip": 13.323305315341791,
        "ip_corrected": 8.477305315341791,
        "ea": 3.959877946938991,
        "homo": -0.3831985290395731,
        "lumo": -0.2501966690470822,
        "charges": {
            "1": -0.08578934436600626,
            "2": -0.030259830597504936,
            "3": 0.01460321229207634,
            "4": -0.032430750206366904,
            "5": -0.029945437580900583,
            "6": -0.030379977266510892,
            "7": -0.029893803249294533,
            "8": -0.033985609164289644,
            "9": 0.038721208943534896,
            "10": 0.036165150785770366,
            "11": 0.033044651543264955,
            "12": 0.03404524115950842,
            "13": 0.028965873902585763,
            "14": 0.02897855112451052,
            "15": 0.028735857233840652,
            "16": 0.029425005445779806
        },
        "dipole": [
            -0.00599695759505601,
            0.00019607223034193996,
            -0.0018463290012354543
        ],
        "global_electrophilicity": 0.7692971421446727,
        "global_nucleophilicity": -8.477305315341791,
        "fukui_electrophilicity": {
            "1": 0.07209309972414436,
            "2": 0.04352510810351072,
            "3": 0.06230438364782903,
            "4": 0.03213425829454332,
            "5": 0.026312904098299825,
            "6": 0.06792045239213465,
            "7": 0.02876303434297292,
            "8": 0.03213381752054322,
            "9": 0.08376002497375698,
            "10": 0.09874578293688194,
            "11": 0.08145474392689236,
            "12": 0.06271242240018035,
            "13": 0.07540055911977092,
            "14": 0.08585900759002232,
            "15": 0.07693189708388407,
            "16": 0.06994850384463236
        },
        "fukui_nucleophilicity": {
            "1": 0.07260243947817689,
            "2": 0.04230113696056051,
            "3": 0.06268064465096645,
            "4": 0.03400845310298767,
            "5": 0.03110749772289005,
            "6": 0.07019025477516763,
            "7": 0.03211552237109847,
            "8": 0.03545308497970195,
            "9": 0.07943182497266889,
            "10": 0.09534951030583766,
            "11": 0.07725609403564751,
            "12": 0.06257820938745395,
            "13": 0.07457311950887512,
            "14": 0.0843599501650384,
            "15": 0.07603725882191792,
            "16": 0.06995499876126071
        },
        "boltzmann_weights": [
            0.500000013411314,
            0.499999986588686
        ]
    }
}