{
    "file": "paper_24.json",
    "monomer1_s": "C=CC(=O)Oc1ccccc1C(=O)O",
    "monomer2_s": "C=C(C)C(=O)OCCN(C)c1ccccc1",
    "monomer1": "2-acryloyloxybenzoic acid",
    "monomer2": "N-methyl-N-phenyl-2-aminoethyl methacrylate",
    "r_values": {
        "constant_1": 2.559,
        "constant_2": 0.19
    },
    "conf_intervals": {
        "constant_conf_1": 0.008,
        "constant_conf_2": 0.026
    },
    "temperature": 50.0,
    "temperature_unit": "\u00b0C",
    "solvent": "c1ccccc1",
    "method": "solvent",
    "r-product": null,
    "source": "10.1002/macp.1982.021830111",
    "calculation_method": "Joshi-Joshi",
    "polymerization_type": "free radical",
    "logP": 1.6866,
    "monomer1_data": {
        "smiles": "C=CC(=O)Oc1ccccc1C(=O)O",
        "ip": 13.671325997025406,
        "ip_corrected": 8.825325997025406,
        "ea": 5.369907503666495,
        "homo": -0.4147323812445505,
        "lumo": -0.2862670692999514,
        "charges": {
            "1": -0.05603833957845031,
            "2": -0.052308017921611605,
            "3": 0.36937362525940687,
            "4": -0.40538011003755814,
            "5": -0.2430125998241769,
            "6": 0.15936548495828076,
            "7": -0.04337608967984574,
            "8": -0.02122882036652652,
            "9": -0.030499546928919666,
            "10": -0.01995963530054086,
            "11": -0.02519774573287921,
            "12": 0.37281070165451197,
            "13": -0.42160295855821794,
            "14": -0.36944017876180585,
            "15": 0.07992635377857343,
            "16": 0.06713611867839624,
            "17": 0.07161997371710199,
            "18": 0.06232953423685422,
            "19": 0.0538876256947992,
            "20": 0.052419397137111544,
            "21": 0.06679364331087499,
            "22": 0.33238158426461695
        },
        "dipole": [
            -0.33179577064734544,
            -0.45743592993020193,
            0.0691432415681694
        ],
        "global_electrophilicity": 1.3161631220071872,
        "global_nucleophilicity": -8.825325997025406,
        "fukui_electrophilicity": {
            "1": 0.048589359259951614,
            "2": 0.0251908996063423,
            "3": 0.033252656448176376,
            "4": 0.08281109278322063,
            "5": 0.04588301276651102,
            "6": 0.021301004615601388,
            "7": 0.016474415097290356,
            "8": 0.04164427689422736,
            "9": 0.025255815620129525,
            "10": 0.021518933685100966,
            "11": 0.03501468655700394,
            "12": 0.031432990135924654,
            "13": 0.07924015551496333,
            "14": 0.050089183106664936,
            "15": 0.055753230397666054,
            "16": 0.07188747382299475,
            "17": 0.0567152888750512,
            "18": 0.04943735479856314,
            "19": 0.062208440229949716,
            "20": 0.05890669606550326,
            "21": 0.05010320598542879,
            "22": 0.03728982773401873
        },
        "fukui_nucleophilicity": {
            "1": 0.021137857663258777,
            "2": 0.01743951948332481,
            "3": 0.01199591185785126,
            "4": 0.09976023799883016,
            "5": 0.0622205980390903,
            "6": 0.02252728660603545,
            "7": 0.028821366765791598,
            "8": 0.02108943984360207,
            "9": 0.03935686295760618,
            "10": 0.026017698160292813,
            "11": 0.024023650846379252,
            "12": 0.008436326829752872,
            "13": 0.09660713460653503,
            "14": 0.04805302955344376,
            "15": 0.05266261301792832,
            "16": 0.0754626707715348,
            "17": 0.06005082332345868,
            "18": 0.05594586978314531,
            "19": 0.07070476222373519,
            "20": 0.06510377198552486,
            "21": 0.05736660303645408,
            "22": 0.03521596471394667
        },
        "boltzmann_weights": [
            0.3152890500598239,
            0.3152884174594303,
            0.12497895724354728,
            0.1249800328017773,
            0.04474361542581799,
            0.04474383259056307,
            0.014988091187395046,
            0.014988003231645109
        ]
    },
    "monomer2_data": {
        "smiles": "C=C(C)C(=O)OCCN(C)c1ccccc1",
        "ip": 12.054923574323645,
        "ip_corrected": 7.208923574323645,
        "ea": 4.573176681417691,
        "homo": -0.34601539286521926,
        "lumo": -0.27332637131884,
        "charges": {
            "1": -0.08175281093206309,
            "2": -0.0083452924788818,
            "3": -0.11011787412436061,
            "4": 0.35058142663852154,
            "5": -0.4194890657230621,
            "6": -0.2645955802384803,
            "7": 0.07188427473209932,
            "8": -0.005425041597509124,
            "9": -0.10370322172436786,
            "10": -0.036383625232552175,
            "11": 0.06288151620306154,
            "12": -0.0613985285601641,
            "13": -0.03105353789641438,
            "14": -0.046903156666657134,
            "15": -0.031328710692359825,
            "16": -0.06297147641182653,
            "17": 0.061856291479113465,
            "18": 0.05584122161500651,
            "19": 0.050707462664533035,
            "20": 0.06487561476244752,
            "21": 0.06522265967293722,
            "22": 0.05668092237741256,
            "23": 0.062203241961616,
            "24": 0.05368229151313321,
            "25": 0.06342046568862976,
            "26": 0.0486815227016609,
            "27": 0.037478193421215306,
            "28": 0.04352449561850992,
            "29": 0.026018153114911482,
            "30": 0.023385252790114133,
            "31": 0.0219955841470055,
            "32": 0.02328253480370174,
            "33": 0.019264796373082857
        },
        "dipole": [
            0.29695239301247156,
            0.44719006780793613,
            0.4258086894426718
        ],
        "global_electrophilicity": 0.8037809793343769,
        "global_nucleophilicity": -7.208923574323645,
        "fukui_electrophilicity": {
            "1": 0.06163344279852055,
            "2": 0.05705878836141293,
            "3": -0.027621938093000592,
            "4": 0.05477593302130246,
            "5": 0.13528664103433719,
            "6": 0.0536519655511154,
            "7": -0.01784342159872228,
            "8": -0.010459822234119509,
            "9": 0.010943553854824595,
            "10": -0.011087349721072937,
            "11": 0.005077167108407485,
            "12": 0.021019377117759058,
            "13": 0.026315656230955255,
            "14": 0.012869715632860462,
            "15": 0.025165766940648496,
            "16": 0.021277990856702456,
            "17": 0.06752796997259883,
            "18": 0.08381271954353438,
            "19": 0.043764909993228615,
            "20": 0.04593047758245451,
            "21": 0.04381134794192472,
            "22": 0.026202683117931475,
            "23": 0.029151343771908318,
            "24": 0.027968517237323437,
            "25": 0.009905841331989046,
            "26": 0.02259765438832246,
            "27": -0.0051010417762536245,
            "28": 0.0040941991248066925,
            "29": 0.02959377915366772,
            "30": 0.04114063335700368,
            "31": 0.04029097605637602,
            "32": 0.04131037328165528,
            "33": 0.029934149077770283
        },
        "fukui_nucleophilicity": {
            "1": 0.011396613826277324,
            "2": 0.01333247599017963,
            "3": -0.010760230104292196,
            "4": -0.0013723237503662222,
            "5": 0.03501123180504545,
            "6": 0.01109174727501111,
            "7": -0.0017135244156339657,
            "8": -0.021688319393926958,
            "9": 0.12548029466330776,
            "10": -0.03671176850961409,
            "11": 0.0172429107238095,
            "12": 0.03065542185781585,
            "13": 0.02109549969746266,
            "14": 0.05263153826893392,
            "15": 0.020487942982748954,