{
    "file": "paper_53.json",
    "monomer1_s": "C=Cc1ccccc1",
    "monomer2_s": "O=C1C=CC(=O)O1",
    "monomer1": "Styrene",
    "monomer2": "Maleic anhydride",
    "r_values": {
        "constant_1": 0.04,
        "constant_2": null
    },
    "conf_intervals": {
        "constant_conf_1": 0.006,
        "constant_conf_2": null
    },
    "temperature": 75.0,
    "temperature_unit": "\u00b0C",
    "solvent": "c1ccccc1",
    "method": "solvent",
    "r-product": null,
    "source": "Journal of Polymer Science, Vol. V, No. 2, Pages 253-258",
    "calculation_method": "Mayo-Lewis",
    "polymerization_type": "free radical",
    "logP": 1.6866,
    "monomer1_data": {
        "smiles": "C=Cc1ccccc1",
        "ip": 13.323305315341791,
        "ip_corrected": 8.477305315341791,
        "ea": 3.959877946938991,
        "homo": -0.3831985290395731,
        "lumo": -0.2501966690470822,
        "charges": {
            "1": -0.08578934436600626,
            "2": -0.030259830597504936,
            "3": 0.01460321229207634,
            "4": -0.032430750206366904,
            "5": -0.029945437580900583,
            "6": -0.030379977266510892,
            "7": -0.029893803249294533,
            "8": -0.033985609164289644,
            "9": 0.038721208943534896,
            "10": 0.036165150785770366,
            "11": 0.033044651543264955,
            "12": 0.03404524115950842,
            "13": 0.028965873902585763,
            "14": 0.02897855112451052,
            "15": 0.028735857233840652,
            "16": 0.029425005445779806
        },
        "dipole": [
            -0.00599695759505601,
            0.00019607223034193996,
            -0.0018463290012354543
        ],
        "global_electrophilicity": 0.7692971421446727,
        "global_nucleophilicity": -8.477305315341791,
        "fukui_electrophilicity": {
            "1": 0.07209309972414436,
            "2": 0.04352510810351072,
            "3": 0.06230438364782903,
            "4": 0.03213425829454332,
            "5": 0.026312904098299825,
            "6": 0.06792045239213465,
            "7": 0.02876303434297292,
            "8": 0.03213381752054322,
            "9": 0.08376002497375698,
            "10": 0.09874578293688194,
            "11": 0.08145474392689236,
            "12": 0.06271242240018035,
            "13": 0.07540055911977092,
            "14": 0.08585900759002232,
            "15": 0.07693189708388407,
            "16": 0.06994850384463236
        },
        "fukui_nucleophilicity": {
            "1": 0.07260243947817689,
            "2": 0.04230113696056051,
            "3": 0.06268064465096645,
            "4": 0.03400845310298767,
            "5": 0.03110749772289005,
            "6": 0.07019025477516763,
            "7": 0.03211552237109847,
            "8": 0.03545308497970195,
            "9": 0.07943182497266889,
            "10": 0.09534951030583766,
            "11": 0.07725609403564751,
            "12": 0.06257820938745395,
            "13": 0.07457311950887512,
            "14": 0.0843599501650384,
            "15": 0.07603725882191792,
            "16": 0.06995499876126071
        },
        "boltzmann_weights": [
            0.500000013411314,
            0.499999986588686
        ]
    },
    "monomer2_data": {
        "smiles": "O=C1C=CC(=O)O1",
        "ip": 15.900878027101923,
        "ip_corrected": 11.054878027101923,
        "ea": 6.460014475622868,
        "homo": -0.46238439929177266,
        "lumo": -0.36195466582110164,
        "charges": {
            "1": -0.2941881850292992,
            "2": 0.36186259667080867,
            "3": -0.04882117032060509,
            "4": -0.048821663932855815,
            "5": 0.3618625986892957,
            "6": -0.29418799581870747,
            "7": -0.2361013463873719,
            "8": 0.0991976641904159,
            "9": 0.09919750193830755
        },
        "dipole": [
            0.02252629972930212,
            1.6095495729881135,
            0.03503157808557637
        ],
        "global_electrophilicity": 2.1250815188994485,
        "global_nucleophilicity": -11.054878027101923,
        "fukui_electrophilicity": {
            "1": 0.20684180079229175,
            "2": 0.05554706628341721,
            "3": 0.07772392122146196,
            "4": 0.07772348160390369,
            "5": 0.055547109381013204,
            "6": 0.2068417997294305,
            "7": 0.09352041805136502,
            "8": 0.11312719556494338,
            "9": 0.11312720737216109
        },
        "fukui_nucleophilicity": {
            "1": 0.24406057875471876,
            "2": 0.03203358320566174,
            "3": 0.048203335562302226,
            "4": 0.048204167711183986,
            "5": 0.03203341222674566,
            "6": 0.24406026138272296,
            "7": 0.11633670520252432,
            "8": 0.11753386857050649,
            "9": 0.11753408759019536
        },
        "boltzmann_weights": [
            1.0
        ]
    }
}