{
    "file": "paper_861.json",
    "monomer1_s": "O=S(=O)([O-])C=Cc1ccccc1.[Na+]",
    "monomer2_s": "C=CC(=O)OCl.[Na]",
    "monomer1": "Sodium Styrene Sulfonate",
    "monomer2": "Sodium Chloroacrylate",
    "r_values": {
        "constant_1": 1.39,
        "constant_2": 0.26
    },
    "conf_intervals": {
        "constant_conf_1": 0.14,
        "constant_conf_2": 0.05
    },
    "temperature": 70.0,
    "temperature_unit": "\u00b0C",
    "solvent": "CC(C)O",
    "method": "solvent",
    "r-product": null,
    "source": "Polymer Bulletin 13, 357-364 (1985)",
    "calculation_method": "integrated copolymer equation",
    "polymerization_type": "free radical",
    "logP": 0.38710000000000006,
    "monomer1_data": {
        "smiles": "O=S(=O)([O-])C=Cc1ccccc1.[Na+]",
        "ip": 13.141049120384025,
        "ip_corrected": 8.295049120384025,
        "ea": 5.219151085796918,
        "homo": -0.3963647266599137,
        "lumo": -0.28991714927385465,
        "charges": {
            "1": -0.6215223958456855,
            "2": 1.1920313779012655,
            "3": -0.6985720588536559,
            "4": -0.6986191379963935,
            "5": -0.14082266437671767,
            "6": -0.022314336721369815,
            "7": 0.020080473534069457,
            "8": -0.02966313331252069,
            "9": -0.02734925108362256,
            "10": -0.026937868274014273,
            "11": -0.027475294060373585,
            "12": -0.02999820094726309,
            "13": 0.7713695807528919,
            "14": 0.0700846097728748,
            "15": 0.073809751849263,
            "16": 0.04326267798719622,
            "17": 0.03887015675523031,
            "18": 0.03800260623180851,
            "19": 0.03781218261656055,
            "20": 0.037950924070453786
        },
        "dipole": [
            0.5335928004818793,
            0.9056873999281861,
            -0.5562783810715508
        ],
        "global_electrophilicity": 1.1856012045090587,
        "global_nucleophilicity": -8.295049120384025,
        "fukui_electrophilicity": {
            "1": 0.046318923822740166,
            "2": 0.047292338560456004,
            "3": 0.027546185401853496,
            "4": 0.027548160611556627,
            "5": 0.041033625899351944,
            "6": 0.03457891450423847,
            "7": 0.03431825675694606,
            "8": 0.022551491246758627,
            "9": 0.019351021660351346,
            "10": 0.04355266754531596,
            "11": 0.01766780692530661,
            "12": 0.021752132443918368,
            "13": 0.2578226243309504,
            "14": 0.05833719151004377,
            "15": 0.05312809478717208,
            "16": 0.04516652340700972,
            "17": 0.0528562467347608,
            "18": 0.0588953788626113,
            "19": 0.05122839089512139,
            "20": 0.0390540240970399
        },
        "fukui_nucleophilicity": {
            "1": 0.07327422104170356,
            "2": 0.10242148793174,
            "3": 0.07302537006456267,
            "4": 0.073042121257616,
            "5": 0.027153370811010477,
            "6": 0.02184297238808748,
            "7": 0.04510199834086949,
            "8": 0.023580212783014122,
            "9": 0.024457371181848944,
            "10": 0.051027982329030636,
            "11": 0.02339283328148451,
            "12": 0.022367354172240922,
            "13": 0.07138950013306455,
            "14": 0.05262765470733939,
            "15": 0.04517447704247976,
            "16": 0.04884242942445697,
            "17": 0.057552399564643184,
            "18": 0.06445754866001949,
            "19": 0.05654577870084154,
            "20": 0.04272291618511211
        },
        "boltzmann_weights": [
            0.023853739771293625,
            0.023854009450054305,
            0.02383934038908681,
            0.02385385318462632,
            0.023837226755632043,
            0.02383630199673659,
            0.023839363241689775,
            0.023853862199683808,
            0.02385401668781755,
            0.02385387738850163,
            0.023841213194366564,
            0.023853863136194458,
            0.023839246215395602,
            0.023853859117833425,
            0.023839694665380426,
            0.023839538482424854,
            0.02385386103124456,
            0.023853861218474874,
            0.023833092387713372,
            0.06836351069086546,
            0.0683635179119247,
            0.06836351199349593,
            0.06836592496045235,
            0.06836366722740521,
            0.06836880649879168,
            0.06836373270380196,
            0.06836350749911224
        ]
    },
    "monomer2_data": {
        "smiles": "C=CC(=O)OCl.[Na]",
        "ip": 13.433020191196015,
        "ip_corrected": 8.587020191196014,
        "ea": 7.604791529036231,
        "homo": -0.41045088707183486,
        "lumo": -0.38798377979205984,
        "charges": {
            "1": -0.06314171138090913,
            "2": -0.04457964728309824,
            "3": 0.36809146483901045,
            "4": -0.504070957342873,
            "5": -0.4448675924734139,
            "6": -0.2739493731504295,
            "7": 0.7349156320392825,
            "8": 0.08276204063511565,
            "9": 0.07174352840576577,
            "10": 0.07309661571156047
        },
        "dipole": [
            -0.5814466580953014,
            1.4104582442652782,
            -0.4490694908606917
        ],
        "global_electrophilicity": 2.7608612121452114,
        "global_nucleophilicity": -8.587020191196014,
        "fukui_electrophilicity": {
            "1": 0.02226442545751156,
            "2": 0.020481279993108836,
            "3": 0.012501005300812551,
            "4": 0.09299641974143402,
            "5": 0.08860615267464078,
            "6": 0.537215756312351,
            "7": 0.06456479210377464,
            "8": 0.04497432435104572,
            "9": 0.06973698102688612,
            "10": 0.04665886303844302
        },
        "fukui_nucleophilicity": {
            "1": 0.02594991769326077,
            "2": 0.03976951615442642,
            "3": 0.018098021203211356,
            "4": 0.12400024351378092,
            "5": 0.13142066058003643,
            "6": 0.3468680300318041,
            "7": 0.060012050926906424,
            "8": 0.0704534398515727,
            "9": 0.10789556771130011,
            "10": 0.075532552333699
        },
        "boltzmann_weights": [
            0.053128866093209964,
            0.94687113390679
        ]
    }
}