{
    "file": "paper_53.json",
    "monomer1_s": "C=C(C)OC(C)=O",
    "monomer2_s": "O=C1C=CC(=O)O1",
    "monomer1": "Isopropenyl acetate",
    "monomer2": "Maleic anhydride",
    "r_values": {
        "constant_1": 0.032,
        "constant_2": 0.002
    },
    "conf_intervals": {
        "constant_conf_1": 0.005,
        "constant_conf_2": null
    },
    "temperature": 75.0,
    "temperature_unit": "\u00b0C",
    "solvent": "c1ccccc1",
    "method": "solvent",
    "r-product": null,
    "source": "Journal of Polymer Science, Vol. V, No. 2, Pages 253-258",
    "calculation_method": "Mayo-Lewis",
    "polymerization_type": "free radical",
    "logP": 1.6866,
    "monomer1_data": {
        "smiles": "C=C(C)OC(C)=O",
        "ip": 13.96943366509465,
        "ip_corrected": 9.12343366509465,
        "ea": 3.2329224580619185,
        "homo": -0.40205678292858654,
        "lumo": -0.23879370515021772,
        "charges": {
            "1": -0.12052132826718975,
            "2": 0.1484663076110747,
            "3": -0.12247022166691501,
            "4": -0.2600815150409276,
            "5": 0.36650054454431263,
            "6": -0.14715309560482231,
            "7": -0.40402292933105893,
            "8": 0.05845779624463378,
            "9": 0.05660767735148935,
            "10": 0.05711804265440288,
            "11": 0.05428192882626917,
            "12": 0.0845135997719354,
            "13": 0.07475221457851809,
            "14": 0.07751435352563756,
            "15": 0.07603662480264008
        },
        "dipole": [
            0.11916887304312632,
            0.13404304748090004,
            -0.782667229193821
        ],
        "global_electrophilicity": 0.6567013251437782,
        "global_nucleophilicity": -9.12343366509465,
        "fukui_electrophilicity": {
            "1": 0.0735814556815177,
            "2": 0.06640937022107395,
            "3": -0.03335773510669274,
            "4": 0.08364266642446333,
            "5": 0.10228359875666049,
            "6": -0.0339516480786967,
            "7": 0.17855600459407778,
            "8": 0.0890915053828563,
            "9": 0.10113378354984032,
            "10": 0.05764640929538396,
            "11": 0.058659921244610544,
            "12": 0.04557672252737972,
            "13": 0.06364402452535715,
            "14": 0.07271310515059196,
            "15": 0.07437081583156632
        },
        "fukui_nucleophilicity": {
            "1": 0.07889717865569992,
            "2": 0.0471806937953633,
            "3": -0.019836359716869256,
            "4": 0.08072057689107953,
            "5": 0.017726281785027886,
            "6": -0.0024455431228750657,
            "7": 0.16231589549312164,
            "8": 0.090981907791143,
            "9": 0.09431269938344773,
            "10": 0.08821524862167879,
            "11": 0.07514690218395997,
            "12": 0.09718289559931242,
            "13": 0.05646169094248589,
            "14": 0.06335277005001237,
            "15": 0.06978716165311401
        },
        "boltzmann_weights": [
            0.500001197024446,
            0.499998802975554
        ],
        "best_conformer_elements": [
            6,
            6,
            6,
            8,
            6,
            6,
            8,
            1,
            1,
            1,
            1,
            1,
            1,
            1,
            1
        ],
        "best_conformer_coordinates": [
            [
                -1.666937873052579,
                1.5543253665085068,
                -0.00877929273037652
            ],
            [
                -1.0446852526366175,
                0.3917685372273493,
                0.09580948421936868
            ],
            [
                -1.6886348280279988,
                -0.9510494411650344,
                -0.010954445959054726
            ],
            [
                0.3210058720681418,
                0.40650990431266726,
                0.3970625219184125
            ],
            [
                1.2019784291451714,
                -0.2923343966318096,
                -0.33474858917253536
            ],
            [
                2.5860587948595053,
                -0.131387857725012,
                0.23851357671913198
            ],
            [
                0.9287371484800058,
                -0.9368620250344065,
                -1.3101443239984951
            ],
            [
                -1.1348117753173401,
                2.4842954420387686,
                0.07992530094700624
            ],
            [
                -2.7252908520326016,
                1.601951289955694,
                -0.181753311254552
            ],
            [
                -1.3156078568469116,
                -1.4737102632808914,
                -0.8908443041267352
            ],
            [
                -2.7658125887209515,
                -0.8430330031113292,
                -0.0859187459912822
            ],
            [
                -1.4440044933075458,
                -1.5516974048003562,
                0.8647954928187128
            ],
            [
                2.5936810139207966,
                -0.4723069424736209,
                1.2708531669940588
            ],
            [
                3.292876408838399,
                -0.7067832065942364,
                -0.35086417109522877
            ],
            [
                2.8614478420469647,
                0.9203140113571469,
                0.22704764600327798
            ]
        ],
        "best_conformer_energy": -22.90221254669371,
        "fukui_radical": {
            "1": 0.07623975134668859,
            "2": 0.056794653560561494,
            "3": -0.02659656005042598,
            "4": 0.08218323102854652,
            "5": 0.060004024324216254,
            "6": -0.01819808369440406,
            "7": 0.1704354179531852,
            "8": 0.09003615225230686,
            "9": 0.09772197281482806,
            "10": 0.07137989903922275,
            "11": 0.06690328398865446,
            "12": 0.07293129566807811,
            "13": 0.07207898043180416,
            "14": 0.06005303235653889,
            "15": 0.06803294898306102
        }
    },
    "monomer2_data": {
        "smiles": "O=C1C=CC(=O)O1",
        "ip": 15.900878027101923,
        "ip_corrected": 11.054878027101923,
        "ea": 6.460014475622868,
        "homo": -0.46238439929177266,
        "lumo": -0.36195466582110164,
        "charges": {
            "1": -0.2941881850292992,
            "2": 0.36186259667080867,
            "3": -0.04882117032060509,
            "4": -0.048821663932855815,
            "5": 0.3618625986892957,
            "6": -0.29418799581870747,
            "7": -0.2361013463873719,
            "8": 0.0991976641904159,
            "9": 0.09919750193830755
        },
        "dipole": [
            0.02252629972930212,
            1.6095495729881135,
            0.03503157808557637
        ],
        "global_electrophilicity": 2.1250815188994485,
        "global_nucleophilicity": -11.054878027101923,
        "fukui_electrophilicity": {
            "1": 0.20684180079229175,
            "2": 0.05554706628341721,
            "3": 0.07772392122146196,
            "4": 0.07772348160390369,
            "5": 0.055547109381013204,
            "6": 0.2068417997294305,
            "7": 0.09352041805136502,
            "8": 0.11312719556494338,
            "9": 0.11312720737216109
        },
        "fukui_nucleophilicity": {
            "1": 0.24406057875471876,
            "2": 0.03203358320566174,
            "3": 0.048203335562302226,
            "4": 0.048204167711183986,
            "5": 0.03203341222674566,
            "6": 0.24406026138272296,
            "7": 0.11633670520252432,
            "8": 0.11753386857050649,
            "9": 0.11753408759019536
        },
        "boltzmann_weights": [
            1.0
        ],