{
    "file": "paper_24.json",
    "monomer1_s": "C=C(C)C(=O)OCCN(C)c1ccccc1",
    "monomer2_s": "C=Cc1ccccc1",
    "monomer1": "N-methyl-N-phenyl-2-aminoethyl methacrylate",
    "monomer2": "styrene",
    "r_values": {
        "constant_1": 0.438,
        "constant_2": 0.584
    },
    "conf_intervals": {
        "constant_conf_1": 0.017,
        "constant_conf_2": 0.021
    },
    "temperature": 50.0,
    "temperature_unit": "\u00b0C",
    "solvent": "c1ccccc1",
    "method": "solvent",
    "r-product": null,
    "source": "10.1002/macp.1982.021830111",
    "calculation_method": "Joshi-Joshi",
    "polymerization_type": "free radical",
    "logP": 1.6866,
    "monomer1_data": {
        "smiles": "C=C(C)C(=O)OCCN(C)c1ccccc1",
        "ip": 12.054923574323645,
        "ip_corrected": 7.208923574323645,
        "ea": 4.573176681417691,
        "homo": -0.34601539286521926,
        "lumo": -0.27332637131884,
        "charges": {
            "1": -0.08175281093206309,
            "2": -0.0083452924788818,
            "3": -0.11011787412436061,
            "4": 0.35058142663852154,
            "5": -0.4194890657230621,
            "6": -0.2645955802384803,
            "7": 0.07188427473209932,
            "8": -0.005425041597509124,
            "9": -0.10370322172436786,
            "10": -0.036383625232552175,
            "11": 0.06288151620306154,
            "12": -0.0613985285601641,
            "13": -0.03105353789641438,
            "14": -0.046903156666657134,
            "15": -0.031328710692359825,
            "16": -0.06297147641182653,
            "17": 0.061856291479113465,
            "18": 0.05584122161500651,
            "19": 0.050707462664533035,
            "20": 0.06487561476244752,
            "21": 0.06522265967293722,
            "22": 0.05668092237741256,
            "23": 0.062203241961616,
            "24": 0.05368229151313321,
            "25": 0.06342046568862976,
            "26": 0.0486815227016609,
            "27": 0.037478193421215306,
            "28": 0.04352449561850992,
            "29": 0.026018153114911482,
            "30": 0.023385252790114133,
            "31": 0.0219955841470055,
            "32": 0.02328253480370174,
            "33": 0.019264796373082857
        },
        "dipole": [
            0.29695239301247156,
            0.44719006780793613,
            0.4258086894426718
        ],
        "global_electrophilicity": 0.8037809793343769,
        "global_nucleophilicity": -7.208923574323645,
        "fukui_electrophilicity": {
            "1": 0.06163344279852055,
            "2": 0.05705878836141293,
            "3": -0.027621938093000592,
            "4": 0.05477593302130246,
            "5": 0.13528664103433719,
            "6": 0.0536519655511154,
            "7": -0.01784342159872228,
            "8": -0.010459822234119509,
            "9": 0.010943553854824595,
            "10": -0.011087349721072937,
            "11": 0.005077167108407485,
            "12": 0.021019377117759058,
            "13": 0.026315656230955255,
            "14": 0.012869715632860462,
            "15": 0.025165766940648496,
            "16": 0.021277990856702456,
            "17": 0.06752796997259883,
            "18": 0.08381271954353438,
            "19": 0.043764909993228615,
            "20": 0.04593047758245451,
            "21": 0.04381134794192472,
            "22": 0.026202683117931475,
            "23": 0.029151343771908318,
            "24": 0.027968517237323437,
            "25": 0.009905841331989046,
            "26": 0.02259765438832246,
            "27": -0.0051010417762536245,
            "28": 0.0040941991248066925,
            "29": 0.02959377915366772,
            "30": 0.04114063335700368,
            "31": 0.04029097605637602,
            "32": 0.04131037328165528,
            "33": 0.029934149077770283
        },
        "fukui_nucleophilicity": {
            "1": 0.011396613826277324,
            "2": 0.01333247599017963,
            "3": -0.010760230104292196,
            "4": -0.0013723237503662222,
            "5": 0.03501123180504545,
            "6": 0.01109174727501111,
            "7": -0.0017135244156339657,
            "8": -0.021688319393926958,
            "9": 0.12548029466330776,
            "10": -0.03671176850961409,
            "11": 0.0172429107238095,
            "12": 0.03065542185781585,
            "13": 0.02109549969746266,
            "14": 0.05263153826893392,
            "15": 0.020487942982748954,
            "16": 0.03196450429017568,
            "17": 0.009477777744213683,
            "18": 0.031209107958275743,
            "19": 0.02354211078907599,
            "20": 0.02944708782236466,
            "21": 0.02261969488850181,
            "22": 0.04197886256643573,
            "23": 0.018694235487919736,
            "24": 0.042758342877443054,
            "25": 0.0421064823238612,
            "26": 0.05224868681190652,
            "27": 0.06130193119577891,
            "28": 0.045605542701811025,
            "29": 0.04826352463988651,
            "30": 0.058412947287526856,
            "31": 0.0660910184845569,
            "32": 0.05820972012930263,
            "33": 0.04988891108502247
        },
        "boltzmann_weights": [
            0.006176739628170552,
            0.004978326283603334,
            0.004978326815182972,
            0.004977882116373629,
            0.0038791216029615758,
            0.003879127661978895,
            0.003879120272411328,
            0.004978084592259133,
            0.011647708786899847,
            0.011646839375541626,
            0.011647713053215098,
            0.011646638451421285,
            0.008604810887198392,
            0.008604810531951492,
            0.011245947256896038,
            0.0036267480725610812,
            0.008604640890153685,
            0.008604810718316888,
            1.8737678799370393e-06,
            0.004978325515624644,
            0.01164771579846427,
            0.011647617768426963,
            0.011647605481049416,
            0.057269590406532754,
            0.004978083387468929,
            0.004977633907334685,
            0.001749706501997658,
            0.01164729535845715,
            0.7020493059995659,
            0.004977639224192344,
            0.0038791777708200676,
            0.01164587453900934,
            0.011647510213181762,
            0.011647647362897357
        ]
    },
    "monomer2_data": {
        "smiles": "C=Cc1ccccc1",
        "ip": 13.323305315341791,
        "ip_corrected": 8.477305315341791,
        "ea": 3.959877946938991,
        "homo": -0.3831985290395731,
        "lumo": -0.2501966690470822,
        "charges": {
            "1": -0.08578934436600626,
            "2": -0.030259830597504936,
            "3": 0.01460321229207634,
            "4": -0.032430750206366904,
            "5": -0.029945437580900583,
            "6": -0.030379977266510892,
            "7": -0.029893803249294533,
            "8": -0.033985609164289644,
            "9": 0.038721208943534896,
            "10": 0.036165150785770366,
            "11": 0.033044651543264955,
            "12": 0.03404524115950842,
            "13": 0.028965873902585763,
            "14": 0.02897855112451052,
            "15": 0.028735857233840652,
            "16": 0.029425005445779806
        },
        "dipole": [
            -0.00599695759505601,
            0.00019607223034193996,
            -0.0018463290012354543
        ],
        "global_electrophilicity": 0.7692971421446727,
        "global_nucleophilicity": -8.477305315341791,
        "fukui_electrophilicity": {
            "1": 0.07209309972414436,
            "2": 0.04352510810351072,
            "3": 0.06230438364782903,
            "4": 0.03213425829454332,
            "5": 0.026312904098299825,
            "6": 0.06792045239213465,
            "7": 0.02876303434297292,
            "8": 0.03213381752054322,
            "9": 0.08376002497375698,
            "10": 0.09874578293688194,
            "11": 0.08145474392689236,