{
    "file": "paper_200.json",
    "monomer1_s": "C=C(C)C(=O)OC",
    "monomer2_s": "C=COC=O",
    "monomer1": "methyl methacrylate",
    "monomer2": "vinyl formate",
    "r_values": {
        "constant_1": 28.6,
        "constant_2": 0.05
    },
    "conf_intervals": {
        "constant_conf_1": 2.5,
        "constant_conf_2": 0.01
    },
    "temperature": 60.0,
    "temperature_unit": "\u00b0C",
    "solvent": "c1ccccc1",
    "method": "solvent",
    "r-product": null,
    "source": "European Polymer Journal, 1968, Vol. 4, pp. 669-675",
    "calculation_method": "Fineman-Ross",
    "polymerization_type": "free radical",
    "logP": 1.6866,
    "monomer2_data": {
        "smiles": "C=COC=O",
        "ip": 15.095664405764445,
        "ip_corrected": 10.249664405764445,
        "ea": 3.7093961662322927,
        "homo": -0.427067050978025,
        "lumo": -0.2665070779874438,
        "charges": {
            "1": -0.10593073289359523,
            "2": 0.10079696638704877,
            "3": -0.21437382257476428,
            "4": 0.3355541779994532,
            "5": -0.3613187502954499,
            "6": 0.07375274153427677,
            "7": 0.06885402785661185,
            "8": 0.06863659104913053,
            "9": 0.0340288009372891
        },
        "dipole": [
            -0.5644268699859094,
            -0.35551094395722327,
            0.595092246695048
        ],
        "global_electrophilicity": 0.9117108349483893,
        "global_nucleophilicity": -10.249664405764445,
        "fukui_electrophilicity": {
            "1": 0.09149660519812852,
            "2": 0.051926420262891494,
            "3": 0.10061236796887557,
            "4": 0.08254249854274243,
            "5": 0.21835874343050088,
            "6": 0.10771112200488014,
            "7": 0.11526149782565238,
            "8": 0.08600380003455631,
            "9": 0.14608694473177125
        },
        "fukui_nucleophilicity": {
            "1": 0.08619020009088652,
            "2": 0.05455353514860234,
            "3": 0.1313701682653864,
            "4": 0.0017529429760413384,
            "5": 0.22767996500273346,
            "6": 0.11617377496316023,
            "7": 0.12513658155476085,
            "8": 0.08853609006249943,
            "9": 0.16860674194774672
        },
        "boltzmann_weights": [
            0.8322752498290082,
            0.1677247501709918
        ]
    }
}