{
    "file": "paper_682.json",
    "monomer1_s": "C=C(C)C(=O)O",
    "monomer2_s": "C=C(C)C#N",
    "monomer1": "Methacrylic acid",
    "monomer2": "Methacrylonitrile",
    "r_values": {
        "constant_1": 0.59,
        "constant_2": 1.63
    },
    "conf_intervals": {
        "constant_conf_1": null,
        "constant_conf_2": null
    },
    "temperature": 80.0,
    "temperature_unit": "\u00b0C",
    "solvent": "CC(C)=O",
    "method": "solvent",
    "r-product": 0.96,
    "source": "Journal of Polymer Science Vol. XXXVI, Pages 173-182 (1959)",
    "calculation_method": "intersection method",
    "polymerization_type": "free radical",
    "logP": 0.5952999999999999,
    "monomer1_data": {
        "smiles": "C=C(C)C(=O)O",
        "ip": 14.557682246810447,
        "ip_corrected": 9.711682246810447,
        "ea": 4.004062496588917,
        "homo": -0.41778278313142936,
        "lumo": -0.2749266616788741,
        "charges": {
            "1": -0.07871362959229097,
            "2": -0.004761890054797921,
            "3": -0.11191541812555254,
            "4": 0.35349913135182187,
            "5": -0.41270490691080813,
            "6": -0.38156612931272826,
            "7": 0.05657688235850899,
            "8": 0.06791481882027398,
            "9": 0.06583713719745438,
            "10": 0.05133482025125581,
            "11": 0.06583720548265033,
            "12": 0.32866197853421286
        },
        "dipole": [
            -0.20547456624602475,
            0.6811286414239859,
            -0.09727921748272907
        ],
        "global_electrophilicity": 0.9318173962470228,
        "global_nucleophilicity": -9.711682246810447,
        "fukui_electrophilicity": {
            "1": 0.0935156691111948,
            "2": 0.08440794825953787,
            "3": -0.04034123534305835,
            "4": 0.08390374590686717,
            "5": 0.20509395998602703,
            "6": 0.0844326409434733,
            "7": 0.12400854214058155,
            "8": 0.1076735407752478,
            "9": 0.06409191280271537,
            "10": 0.06276256417506247,
            "11": 0.06409188256979909,
            "12": 0.06635882867255477
        },
        "fukui_nucleophilicity": {
            "1": 0.056099703279498175,
            "2": 0.07022646362219762,
            "3": -0.018960867380870758,
            "4": 0.021625946252767925,
            "5": 0.19382921214549897,
            "6": 0.08668195935983714,
            "7": 0.11918183343275016,
            "8": 0.10282221742275324,
            "9": 0.11338992032861575,
            "10": 0.08623960657151068,
            "11": 0.11338984791251401,
            "12": 0.05547415709134046
        },
        "boltzmann_weights": [
            0.3861739900089664,
            0.6138260099910335
        ],
        "best_conformer_elements": [
            6,
            6,
            6,
            6,
            8,
            8,
            1,
            1,
            1,
            1,
            1,
            1
        ],
        "best_conformer_coordinates": [
            [
                -0.44948051312854803,
                1.441076312595962,
                -0.23080068712237523
            ],
            [
                -0.22023751223587776,
                0.1472916796702346,
                -0.029730817104113266
            ],
            [
                -1.2908774762908357,
                -0.8895255072480963,
                0.08721070180383599
            ],
            [
                1.1630328136691623,
                -0.3765333155232355,
                0.09714239909778716
            ],
            [
                1.438704547095284,
                -1.536350350837824,
                0.27986310483121773
            ],
            [
                2.1137833001097386,
                0.5664858942594289,
                -0.010029972542151851
            ],
            [
                -1.4518557302282644,
                1.8243475270756504,
                -0.32328818073041204
            ],
            [
                0.35524297037268177,
                2.1506937995418602,
                -0.3083025232461203
            ],
            [
                -2.2757436713806096,
                -0.4435738618299096,
                -0.014011661041301504
            ],
            [
                -1.1545746135692607,
                -1.649010082394822,
                -0.6807776363692132
            ],
            [
                -1.215579515089806,
                -1.3907222667606738,
                1.0507113181437298
            ],
            [
                2.987585395384527,
                0.15582016615967428,
                0.08201394898737989
            ]
        ],
        "best_conformer_energy": -19.73470761176464,
        "fukui_radical": {
            "1": 0.07481391946720131,
            "2": 0.07732509375509179,
            "3": -0.02965483012831581,
            "4": 0.0527609263752182,
            "5": 0.19946029736360732,
            "6": 0.085553179167593,
            "7": 0.12158827713671636,
            "8": 0.10525017087894031,
            "9": 0.07450116878946533,
            "10": 0.08874295774719514,
            "11": 0.08874309061957461,
            "12": 0.06091574884668516
        }
    },
    "monomer2_data": {
        "smiles": "C=C(C)C#N",
        "ip": 14.814502696773244,
        "ip_corrected": 9.968502696773244,
        "ea": 3.711417131193119,
        "homo": -0.4232155436448872,
        "lumo": -0.27080463189506665,
        "charges": {
            "1": -0.0781133869377532,
            "2": 0.030759322340414244,
            "3": -0.10235125772553276,
            "4": 0.11294311225544726,
            "5": -0.22953893131429193,
            "6": 0.05080459369112169,
            "7": 0.05162378907179067,
            "8": 0.05634633696620614,
            "9": 0.056346336399623054,
            "10": 0.051180085252968785
        },
        "dipole": [
            0.3101213134911075,
            -1.4331383927190686,
            -0.09963856177120364
        ],
        "global_electrophilicity": 0.8785636554136996,
        "global_nucleophilicity": -9.968502696773244,
        "fukui_electrophilicity": {
            "1": 0.10670726367351506,
            "2": 0.11421884813379911,
            "3": -0.04090883499902255,
            "4": 0.07899246086086956,
            "5": 0.2639823356205677,
            "6": 0.13606274497650392,
            "7": 0.12391616167938599,
            "8": 0.07569857226299913,
            "9": 0.07569857095457252,
            "10": 0.06563187683680773
        },
        "fukui_nucleophilicity": {
            "1": 0.07224429219613314,
            "2": 0.08196569977174407,
            "3": -0.02222900698304421,
            "4": 0.03773436085719137,
            "5": 0.2673712629901044,
            "6": 0.11533835764354095,
            "7": 0.10576380798629015,
            "8": 0.12450099926812008,
            "9": 0.12450099319636779,
            "10": 0.09280923307514534
        },
        "boltzmann_weights": [
            1.0
        ],
        "best_conformer_elements": [
            6,
            6,
            6,
            6,
            7,
            1,
            1,
            1,
            1,
            1
        ],