{
    "file": "paper_682.json",
    "monomer1_s": "C=C(C)C(=O)OCCCC",
    "monomer2_s": "C=C(C)C#N",
    "monomer1": "n-Butyl methacrylate",
    "monomer2": "Methacrylonitrile",
    "r_values": {
        "constant_1": 0.51,
        "constant_2": 0.69
    },
    "conf_intervals": {
        "constant_conf_1": null,
        "constant_conf_2": null
    },
    "temperature": 80.0,
    "temperature_unit": "\u00b0C",
    "solvent": "CC(C)=O",
    "method": "solvent",
    "r-product": 0.352,
    "source": "Journal of Polymer Science Vol. XXXVI, Pages 173-182 (1959)",
    "logP": 0.5952999999999999,
    "monomer1_data": {
        "smiles": "C=C(C)C(=O)OCCCC",
        "ip": 13.57832744012544,
        "ip_corrected": 8.73232744012544,
        "ea": 3.9288400055857764,
        "homo": -0.4074506933980901,
        "lumo": -0.2665568651782244,
        "charges": {
            "1": -0.08243500431489127,
            "2": -0.0076278969792436535,
            "3": -0.11004256302985922,
            "4": 0.3497664957680842,
            "5": -0.41671760392897983,
            "6": -0.26897197653433214,
            "7": 0.08310437725266998,
            "8": -0.06724824252072423,
            "9": -0.05646088006131461,
            "10": -0.1052020292246561,
            "11": 0.062049114403261184,
            "12": 0.054822886573732396,
            "13": 0.06512409173771042,
            "14": 0.06512388129192885,
            "15": 0.04995275992058373,
            "16": 0.04838217355165031,
            "17": 0.04838234284271289,
            "18": 0.050361501085939765,
            "19": 0.05036148471468222,
            "20": 0.03533133324347258,
            "21": 0.0353313086668648,
            "22": 0.03963275217568438,
            "23": 0.03848984529244019,
            "24": 0.03848984807258407
        },
        "dipole": [
            -0.25188761696899675,
            -0.3705872580111424,
            0.7719403712694402
        ],
        "global_electrophilicity": 0.7911928304332013,
        "global_nucleophilicity": -8.73232744012544,
        "fukui_electrophilicity": {
            "1": 0.09123199448917156,
            "2": 0.08151996370321989,
            "3": -0.038102576079383735,
            "4": 0.08163088454641582,
            "5": 0.1918822251918929,
            "6": 0.07471887553012574,
            "7": -0.02009982566408701,
            "8": -0.003577264924989873,
            "9": -0.003373837017369631,
            "10": -0.007491234658611887,
            "11": 0.10369761579455362,
            "12": 0.11810759593814238,
            "13": 0.061330163964137666,
            "14": 0.061330444732222794,
            "15": 0.05928903311845826,
            "16": 0.0315657920035783,
            "17": 0.0315655823190866,
            "18": 0.013797437704505588,
            "19": 0.013797512629297723,
            "20": 0.010478675643342296,
            "21": 0.010478694037887468,
            "22": 0.018525656522898257,
            "23": 0.008848296278182923,
            "24": 0.008848294197329638
        },
        "fukui_nucleophilicity": {
            "1": 0.03364818066636534,
            "2": 0.042963767704852954,
            "3": -0.01638033061948936,
            "4": 0.011089552393457491,
            "5": 0.10956550913957586,
            "6": 0.046604295431646126,
            "7": -0.01578581389023133,
            "8": -0.008127316708345406,
            "9": -0.006010975276358868,
            "10": -0.01647435471031626,
            "11": 0.05268143616495783,
            "12": 0.07248905607786742,
            "13": 0.06319526286091351,
            "14": 0.06319574957121983,
            "15": 0.052556179338845495,
            "16": 0.040991224180222094,
            "17": 0.040991023145843915,
            "18": 0.05484425979466014,
            "19": 0.05484425414969705,
            "20": 0.07412043647030556,
            "21": 0.07412038984875796,
            "22": 0.051186573189707193,
            "23": 0.06184584606902421,
            "24": 0.06184579501359501
        },
        "boltzmann_weights": [
            0.018293844836495828,
            0.03833434510342578,
            0.04547129740665084,
            0.04547376855001966,
            0.09837806138640061,
            0.06015909471574353,
            0.10107582599265355,
            0.04363874003511302,
            0.022326270266198687,
            0.02232627051334949,
            0.09488624696398561,
            0.02802652837606897,
            0.028026518122766936,
            0.026644951068178303,
            0.046458044785178475,
            0.024406896957840523,
            0.06153832284879775,
            0.0615383659925367,
            0.05363231200126865,
            0.05393228849214504,
            0.025432005585181883
        ]
    },
    "monomer2_data": {
        "smiles": "C=C(C)C#N",
        "ip": 14.814502696773244,
        "ip_corrected": 9.968502696773244,
        "ea": 3.711417131193119,
        "homo": -0.4232155436448872,
        "lumo": -0.27080463189506665,
        "charges": {
            "1": -0.0781133869377532,
            "2": 0.030759322340414244,
            "3": -0.10235125772553276,
            "4": 0.11294311225544726,
            "5": -0.22953893131429193,
            "6": 0.05080459369112169,
            "7": 0.05162378907179067,
            "8": 0.05634633696620614,
            "9": 0.056346336399623054,
            "10": 0.051180085252968785
        },
        "dipole": [
            0.3101213134911075,
            -1.4331383927190686,
            -0.09963856177120364
        ],
        "global_electrophilicity": 0.8785636554136996,
        "global_nucleophilicity": -9.968502696773244,
        "fukui_electrophilicity": {
            "1": 0.10670726367351506,
            "2": 0.11421884813379911,
            "3": -0.04090883499902255,
            "4": 0.07899246086086956,
            "5": 0.2639823356205677,
            "6": 0.13606274497650392,
            "7": 0.12391616167938599,
            "8": 0.07569857226299913,
            "9": 0.07569857095457252,
            "10": 0.06563187683680773
        },
        "fukui_nucleophilicity": {
            "1": 0.07224429219613314,
            "2": 0.08196569977174407,
            "3": -0.02222900698304421,
            "4": 0.03773436085719137,
            "5": 0.2673712629901044,
            "6": 0.11533835764354095,
            "7": 0.10576380798629015,
            "8": 0.12450099926812008,
            "9": 0.12450099319636779,
            "10": 0.09280923307514534
        },
        "boltzmann_weights": [
            1.0
        ]
    }
}