{
    "file": "paper_24.json",
    "monomer1_s": "C=CC(=O)Oc1ccccc1C(=O)O",
    "monomer2_s": "C=Cc1ccccc1",
    "monomer1": "2-acryloyloxybenzoic acid",
    "monomer2": "styrene",
    "r_values": {
        "constant_1": 0.053,
        "constant_2": 0.639
    },
    "conf_intervals": {
        "constant_conf_1": 0.017,
        "constant_conf_2": 0.014
    },
    "temperature": 50.0,
    "temperature_unit": "\u00b0C",
    "solvent": "c1ccccc1",
    "method": "solvent",
    "r-product": null,
    "source": "10.1002/macp.1982.021830111",
    "calculation_method": "Joshi-Joshi",
    "polymerization_type": "free radical",
    "logP": 1.6866,
    "monomer1_data": {
        "smiles": "C=CC(=O)Oc1ccccc1C(=O)O",
        "ip": 13.671325997025406,
        "ip_corrected": 8.825325997025406,
        "ea": 5.369907503666495,
        "homo": -0.4147323812445505,
        "lumo": -0.2862670692999514,
        "charges": {
            "1": -0.05603833957845031,
            "2": -0.052308017921611605,
            "3": 0.36937362525940687,
            "4": -0.40538011003755814,
            "5": -0.2430125998241769,
            "6": 0.15936548495828076,
            "7": -0.04337608967984574,
            "8": -0.02122882036652652,
            "9": -0.030499546928919666,
            "10": -0.01995963530054086,
            "11": -0.02519774573287921,
            "12": 0.37281070165451197,
            "13": -0.42160295855821794,
            "14": -0.36944017876180585,
            "15": 0.07992635377857343,
            "16": 0.06713611867839624,
            "17": 0.07161997371710199,
            "18": 0.06232953423685422,
            "19": 0.0538876256947992,
            "20": 0.052419397137111544,
            "21": 0.06679364331087499,
            "22": 0.33238158426461695
        },
        "dipole": [
            -0.33179577064734544,
            -0.45743592993020193,
            0.0691432415681694
        ],
        "global_electrophilicity": 1.3161631220071872,
        "global_nucleophilicity": -8.825325997025406,
        "fukui_electrophilicity": {
            "1": 0.048589359259951614,
            "2": 0.0251908996063423,
            "3": 0.033252656448176376,
            "4": 0.08281109278322063,
            "5": 0.04588301276651102,
            "6": 0.021301004615601388,
            "7": 0.016474415097290356,
            "8": 0.04164427689422736,
            "9": 0.025255815620129525,
            "10": 0.021518933685100966,
            "11": 0.03501468655700394,
            "12": 0.031432990135924654,
            "13": 0.07924015551496333,
            "14": 0.050089183106664936,
            "15": 0.055753230397666054,
            "16": 0.07188747382299475,
            "17": 0.0567152888750512,
            "18": 0.04943735479856314,
            "19": 0.062208440229949716,
            "20": 0.05890669606550326,
            "21": 0.05010320598542879,
            "22": 0.03728982773401873
        },
        "fukui_nucleophilicity": {
            "1": 0.021137857663258777,
            "2": 0.01743951948332481,
            "3": 0.01199591185785126,
            "4": 0.09976023799883016,
            "5": 0.0622205980390903,
            "6": 0.02252728660603545,
            "7": 0.028821366765791598,
            "8": 0.02108943984360207,
            "9": 0.03935686295760618,
            "10": 0.026017698160292813,
            "11": 0.024023650846379252,
            "12": 0.008436326829752872,
            "13": 0.09660713460653503,
            "14": 0.04805302955344376,
            "15": 0.05266261301792832,
            "16": 0.0754626707715348,
            "17": 0.06005082332345868,
            "18": 0.05594586978314531,
            "19": 0.07070476222373519,
            "20": 0.06510377198552486,
            "21": 0.05736660303645408,
            "22": 0.03521596471394667
        },
        "boltzmann_weights": [
            0.3152890500598239,
            0.3152884174594303,
            0.12497895724354728,
            0.1249800328017773,
            0.04474361542581799,
            0.04474383259056307,
            0.014988091187395046,
            0.014988003231645109
        ],
        "best_conformer_elements": [
            6,
            6,
            6,
            8,
            8,
            6,
            6,
            6,
            6,
            6,
            6,
            6,
            8,
            8,
            1,
            1,
            1,
            1,
            1,
            1,
            1,
            1
        ],
        "best_conformer_coordinates": [
            [
                3.853781256267777,
                -1.1006589409477057,
                1.0432889580133264
            ],
            [
                2.7681733102493746,
                -1.4069305596801904,
                0.34773299670913865
            ],
            [
                1.698397903556461,
                -0.41555028291319546,
                0.13582299035279985
            ],
            [
                1.7002219995827463,
                0.7233712926537327,
                0.5242600580777229
            ],
            [
                0.7057983060309232,
                -0.9550951483410445,
                -0.6104834148883037
            ],
            [
                -0.45227875137753776,
                -0.23748324357684697,
                -0.8166000588333384
            ],
            [
                -0.8926324973644665,
                -0.08253624102792327,
                -2.123625652076036
            ],
            [
                -2.0568512015930334,
                0.6166577826817662,
                -2.383656911657135
            ],
            [
                -2.7768199735439043,
                1.182760984358201,
                -1.3434685591981192
            ],
            [
                -2.34115612930184,
                1.0319539033765834,
                -0.04129295467432991
            ],
            [
                -1.18347082812001,
                0.3118591568854144,
                0.2415690875010294
            ],
            [
                -0.7645155122560215,
                0.0959268749946929,
                1.6488475998017773
            ],
            [
                -0.16699254759405074,
                -0.8688370274649129,
                2.0563592521287366
            ],
            [
                -1.1628157889709874,
                1.0837412964979762,
                2.457265969438031
            ],
            [
                4.641201284319,
                -1.8118297515199193,
                1.2242001215902876
            ],
            [
                3.972087124440998,
                -0.1110054370807695,
                1.4539565668746839
            ],
            [
                2.5927017696729764,
                -2.382055675932826,
                -0.07937025404175366
            ],
            [
                -0.31033288793293307,
                -0.515466714543967,
                -2.9220829430510538
            ],
            [
                -2.3962490095980717,
                0.7276521524291338,
                -3.4023819211657607
            ],
            [
                -3.6782171661738667,
                1.7395499921990363,
                -1.5485025404010222
            ],
            [
                -2.8972087978511407,
                1.4604785823264237,
                0.7776525116545591
            ],
            [
                -0.8528218624421607,
                0.9134969993344378,
                3.360509092552996
            ]
        ],
        "best_conformer_energy": -41.735683148138015,
        "fukui_radical": {
            "1": 0.03486500154105564,
            "2": 0.021315067078636955,
            "3": 0.02262520045430355,
            "4": 0.09128672344011585,
            "5": 0.05405284238335403,
            "6": 0.021913960780724787,
            "7": 0.022648571293139262,
            "8": 0.031366479056530595,