{
    "file": "paper_416.json",
    "monomer1_s": "C=CC(=O)OC",
    "monomer2_s": "C=COC(C)=O",
    "monomer1": "methyl acrylate",
    "monomer2": "vinyl acetate",
    "r_values": {
        "constant_1": 6.3,
        "constant_2": 0.031
    },
    "conf_intervals": {
        "constant_conf_1": 0.4,
        "constant_conf_2": 0.006
    },
    "temperature": 60.0,
    "temperature_unit": "\u00b0C",
    "solvent": "ClC(Cl)Cl",
    "method": "bulk",
    "r-product": null,
    "source": "Die Makromolekulare Chemie 139 (1970) 165-170",
    "calculation_method": "intersection line method",
    "polymerization_type": "free radical",
    "logP": 1.9864,
    "monomer1_data": {
        "smiles": "C=CC(=O)OC",
        "ip": 14.692732411397026,
        "ip_corrected": 9.846732411397026,
        "ea": 4.030066384655581,
        "homo": -0.4168160434029768,
        "lumo": -0.2773691414537491,
        "charges": {
            "1": -0.05910028257802403,
            "2": -0.05891213215875579,
            "3": 0.35476352912512465,
            "4": -0.40846952249873264,
            "5": -0.2625731186295399,
            "6": 0.033879670341886575,
            "7": 0.06373910620529047,
            "8": 0.07928391219632687,
            "9": 0.06499169701591358,
            "10": 0.06245444367086885,
            "11": 0.0674878155430939,
            "12": 0.06245488176655236
        },
        "dipole": [
            -0.21046297932765884,
            0.4997949964478015,
            0.48599304453707654
        ],
        "global_electrophilicity": 0.9560850763102827,
        "global_nucleophilicity": -9.846732411397026,
        "fukui_electrophilicity": {
            "1": 0.10045528904100862,
            "2": 0.06659787353463309,
            "3": 0.08309718067197513,
            "4": 0.18886974595517186,
            "5": 0.09414612400709466,
            "6": -0.03671390395244005,
            "7": 0.13123909598665776,
            "8": 0.11309867892022751,
            "9": 0.11608063227745903,
            "10": 0.041356623377842835,
            "11": 0.06041668562395025,
            "12": 0.04135597455642097
        },
        "fukui_nucleophilicity": {
            "1": 0.03183016716631685,
            "2": 0.04342538760330884,
            "3": 0.02745713021547752,
            "4": 0.1972799705633549,
            "5": 0.11741773446980242,
            "6": -0.02896784140331135,
            "7": 0.13225214038505362,
            "8": 0.10144028310281646,
            "9": 0.11688162778501492,
            "10": 0.084423043138663,
            "11": 0.09213950423458996,
            "12": 0.08442085273883593
        },
        "boltzmann_weights": [
            0.7809023146078801,
            0.21909768539211993
        ]
    },
    "monomer2_data": {
        "smiles": "C=COC(C)=O",
        "ip": 14.601504628221,
        "ip_corrected": 9.755504628221,
        "ea": 3.490615368816575,
        "homo": -0.4145390017965533,
        "lumo": -0.25140710840020714,
        "charges": {
            "1": -0.1113144265465606,
            "2": 0.10275648997074144,
            "3": -0.23854567980417674,
            "4": 0.36051791203275774,
            "5": -0.14792469300456296,
            "6": -0.3941835952860412,
            "7": 0.0672027324062841,
            "8": 0.061754928475895525,
            "9": 0.06259426290396605,
            "10": 0.0798657892235391,
            "11": 0.07986554111784669,
            "12": 0.07741073851030468
        },
        "dipole": [
            -0.05662756234607951,
            0.8569322894357296,
            0.3032221954910163
        ],
        "global_electrophilicity": 0.7938385299010362,
        "global_nucleophilicity": -9.755504628221,
        "fukui_electrophilicity": {
            "1": 0.08578275154992779,
            "2": 0.05012042592149622,
            "3": 0.08548542688035027,
            "4": 0.1077747470395175,
            "5": -0.03566661197540642,
            "6": 0.1945451708476108,
            "7": 0.10129460191247838,
            "8": 0.10886613014224744,
            "9": 0.08002416146027588,
            "10": 0.07769818359128527,
            "11": 0.07769768191324698,
            "12": 0.06637733071696028
        },
        "fukui_nucleophilicity": {
            "1": 0.08397544139564725,
            "2": 0.05141341223033291,
            "3": 0.1192110587495277,
            "4": 0.020656009635123818,
            "5": 0.0005916960941607929,
            "6": 0.19418607171709723,
            "7": 0.10376364413597791,
            "8": 0.11328100818473896,
            "9": 0.08001761147510311,
            "10": 0.08274267589853532,
            "11": 0.08274260610176629,
            "12": 0.06741876460304048
        },
        "boltzmann_weights": [
            0.8944295654127825,
            0.10557043458721739
        ]
    }
}