{
    "file": "paper_47.json",
    "monomer1_s": "C=COC(C)=O",
    "monomer2_s": "C=C(Cl)Cl",
    "monomer1": "Vinyl Acetate",
    "monomer2": "Vinylidene Chloride",
    "r_values": {
        "constant_1": 0.1,
        "constant_2": 6.0
    },
    "conf_intervals": {
        "constant_conf_1": null,
        "constant_conf_2": null
    },
    "temperature": null,
    "temperature_unit": "\u00b0C",
    "solvent": "CO",
    "method": "solvent",
    "r-product": null,
    "source": "Journal of Polymer Science, Volume 3, No. 2 (1948)",
    "calculation_method": null,
    "polymerization_type": "free radical",
    "logP": -0.3915,
    "monomer1_data": {
        "smiles": "C=COC(C)=O",
        "ip": 14.601504628221,
        "ip_corrected": 9.755504628221,
        "ea": 3.490615368816575,
        "homo": -0.4145390017965533,
        "lumo": -0.25140710840020714,
        "charges": {
            "1": -0.1113144265465606,
            "2": 0.10275648997074144,
            "3": -0.23854567980417674,
            "4": 0.36051791203275774,
            "5": -0.14792469300456296,
            "6": -0.3941835952860412,
            "7": 0.0672027324062841,
            "8": 0.061754928475895525,
            "9": 0.06259426290396605,
            "10": 0.0798657892235391,
            "11": 0.07986554111784669,
            "12": 0.07741073851030468
        },
        "dipole": [
            -0.05662756234607951,
            0.8569322894357296,
            0.3032221954910163
        ],
        "global_electrophilicity": 0.7938385299010362,
        "global_nucleophilicity": -9.755504628221,
        "fukui_electrophilicity": {
            "1": 0.08578275154992779,
            "2": 0.05012042592149622,
            "3": 0.08548542688035027,
            "4": 0.1077747470395175,
            "5": -0.03566661197540642,
            "6": 0.1945451708476108,
            "7": 0.10129460191247838,
            "8": 0.10886613014224744,
            "9": 0.08002416146027588,
            "10": 0.07769818359128527,
            "11": 0.07769768191324698,
            "12": 0.06637733071696028
        },
        "fukui_nucleophilicity": {
            "1": 0.08397544139564725,
            "2": 0.05141341223033291,
            "3": 0.1192110587495277,
            "4": 0.020656009635123818,
            "5": 0.0005916960941607929,
            "6": 0.19418607171709723,
            "7": 0.10376364413597791,
            "8": 0.11328100818473896,
            "9": 0.08001761147510311,
            "10": 0.08274267589853532,
            "11": 0.08274260610176629,
            "12": 0.06741876460304048
        },
        "boltzmann_weights": [
            0.8944295654127825,
            0.10557043458721739
        ],
        "best_conformer_elements": [
            6,
            6,
            8,
            6,
            6,
            8,
            1,
            1,
            1,
            1,
            1,
            1
        ],
        "best_conformer_coordinates": [
            [
                -2.437324228179656,
                0.3937548641510361,
                0.7661558261260201
            ],
            [
                -1.419191674043415,
                0.15504350740379952,
                -0.03816350317343079
            ],
            [
                -0.13699470142679498,
                0.054584682291651455,
                0.4494470065971148
            ],
            [
                0.8676324074492782,
                -0.1906823427582238,
                -0.417050161203271
            ],
            [
                2.1783763205131863,
                -0.2621161673275299,
                0.3157577022447546
            ],
            [
                0.7153681453467421,
                -0.3287492440260778,
                -1.5993730034685176
            ],
            [
                -3.434625797340854,
                0.47063688603689013,
                0.37747406080027257
            ],
            [
                -2.298308572482812,
                0.5171088664124686,
                1.8253979062734973
            ],
            [
                -1.5051742223637885,
                0.023233201377353147,
                -1.1094807066069712
            ],
            [
                2.9803502386050886,
                -0.4595729552317396,
                -0.3883925357283291
            ],
            [
                2.3566758152573186,
                0.6789522285520536,
                0.8306132330041143
            ],
            [
                2.133216268665729,
                -1.0521935268816693,
                1.0615558584970322
            ]
        ],
        "best_conformer_energy": -19.732766794333997,
        "fukui_radical": {
            "1": 0.08487933457318195,
            "2": 0.05076628160926413,
            "3": 0.10235031259099811,
            "4": 0.06421611335671049,
            "5": -0.01753875511643964,
            "6": 0.1943629934637996,
            "7": 0.1110728645776535,
            "8": 0.10253149006745386,
            "9": 0.08002125775720795,
            "10": 0.06689794903707227,
            "11": 0.080220216853419,
            "12": 0.0802199413401228
        }
    },
    "monomer2_data": {
        "smiles": "C=C(Cl)Cl",
        "ip": 14.545826670036444,
        "ip_corrected": 9.699826670036444,
        "ea": 3.125435773848216,
        "homo": -0.4169969443366817,
        "lumo": -0.24983940943712082,
        "charges": {
            "1": -0.11675257770186528,
            "2": 0.17076445467177065,
            "3": -0.11765574089474207,
            "4": -0.11784955359398736,
            "5": 0.09075124404740334,
            "6": 0.09074217347140139
        },
        "dipole": [
            -0.5522055551960544,
            -0.056955529199193035,
            0.1105385502544702
        ],
        "global_electrophilicity": 0.6968744516621451,
        "global_nucleophilicity": -9.699826670036444,
        "fukui_electrophilicity": {
            "1": 0.11977765816987376,
            "2": 0.10055574869485487,
            "3": 0.23977157488083534,
            "4": 0.23975018173987045,
            "5": 0.1500758774170347,
            "6": 0.15006895909751944
        },
        "fukui_nucleophilicity": {
            "1": 0.09085708277069589,
            "2": 0.014334766795091713,
            "3": 0.33451930573195604,
            "4": 0.33459517393105725,
            "5": 0.11284510846996021,
            "6": 0.11284856230124969
        },
        "boltzmann_weights": [
            1.0
        ],
        "best_conformer_elements": [
            6,
            6,
            17,
            17,
            1,
            1
        ],
        "best_conformer_coordinates": [
            [
                -0.7827949170738707,
                -0.08180892723677569,
                0.055122835996198855
            ],
            [
                0.527311518924798,
                0.055011227185247376,
                -0.03711912001987348
            ],
            [
                1.6197686670599762,
                -1.2682315122157641,
                0.0791441924504079
            ],
            [
                1.2972979552970054,
                1.5731347807024703,
                -0.284564074072238
            ],
            [
                -1.2277110534340032,
                -1.0474466535922802,
                0.20998758999503517
            ],
            [
                -1.4338721654821402,
                0.7693410851570951,
                -0.022571419057756812
            ]
        ],
        "best_conformer_energy": -14.36970540646129,
        "fukui_radical": {
            "1": 0.1053162211630245,
            "2": 0.05744479891926864,
            "3": 0.2871521829636079,
            "4": 0.2871678237738007,
            "5": 0.13145879623421866,
            "6": 0.13146017694605439
        }
    }
}