{
    "file": "paper_179.json",
    "monomer1_s": "C=CC(N)=O",
    "monomer2_s": "C=C(C)C(=O)OC",
    "monomer1": "acrylamide",
    "monomer2": "methyl methacrylate",
    "r_values": {
        "constant_1": 3.05,
        "constant_2": 0.982
    },
    "conf_intervals": {
        "constant_conf_1": 0.274,
        "constant_conf_2": 0.09
    },
    "temperature": 65.0,
    "temperature_unit": "\u00b0C",
    "solvent": "C1COCCO1",
    "method": "solvent",
    "r-product": 2.995,
    "source": "10.1002/macp.1982.021830104",
    "calculation_method": null,
    "polymerization_type": "radical",
    "logP": 0.03320000000000001,
    "monomer1_data": {
        "smiles": "C=CC(N)=O",
        "ip": 14.396444294307445,
        "ip_corrected": 9.550444294307445,
        "ea": 3.5423695595534164,
        "homo": -0.39401396257847593,
        "lumo": -0.2606192727360158,
        "charges": {
            "1": -0.06127203139337946,
            "2": -0.06041137761362244,
            "3": 0.28505226421757374,
            "4": -0.27132209282905034,
            "5": -0.4275501285819636,
            "6": 0.07726688505354735,
            "7": 0.052759553307413394,
            "8": 0.03916791610784761,
            "9": 0.17666328749347557,
            "10": 0.18964572423816586
        },
        "dipole": [
            -0.4192705326108602,
            1.5197565579746541,
            0.019355894758248202
        ],
        "global_electrophilicity": 0.783230496405973,
        "global_nucleophilicity": -9.550444294307445,
        "fukui_electrophilicity": {
            "1": 0.10252634722417124,
            "2": 0.0713246488099776,
            "3": 0.0742451037082526,
            "4": 0.06321111426782594,
            "5": 0.17644472151035429,
            "6": 0.1166635689343475,
            "7": 0.13400690661257628,
            "8": 0.1175362337457507,
            "9": 0.06917671066436366,
            "10": 0.07486464452239423
        },
        "fukui_nucleophilicity": {
            "1": 0.029492937123420132,
            "2": 0.04719476834770198,
            "3": 0.038408422678363474,
            "4": 0.0852122204219119,
            "5": 0.2663784104862439,
            "6": 0.10409787114908685,
            "7": 0.14759876455560303,
            "8": 0.1297174144753765,
            "9": 0.07480700169602153,
            "10": 0.07709218906624885
        },
        "boltzmann_weights": [
            0.8367396353496088,
            0.16326036465039115
        ],
        "best_conformer_elements": [
            6,
            6,
            6,
            7,
            8,
            1,
            1,
            1,
            1,
            1
        ],
        "best_conformer_coordinates": [
            [
                -1.776228219213687,
                -0.33326127328008764,
                -0.13573058099745852
            ],
            [
                -0.49290128937616573,
                -0.4969043175421534,
                0.14615916420921893
            ],
            [
                0.4995683975529287,
                0.5609080708443074,
                -0.17417302086883052
            ],
            [
                1.77534661830717,
                0.24983733450793164,
                0.17350580808145452
            ],
            [
                0.2173853934153199,
                1.6166585429342932,
                -0.6996736701482243
            ],
            [
                -2.521032023960598,
                -1.0793407198388607,
                0.08295529487293732
            ],
            [
                -2.1069574503135136,
                0.5795600035562176,
                -0.6041152980026999
            ],
            [
                -0.11903508347283134,
                -1.39642775076736,
                0.6154746257123161
            ],
            [
                2.0210877216350056,
                -0.6204063562224454,
                0.6087974592971204
            ],
            [
                2.5027659407181564,
                0.9193764658081478,
                -0.013199792739394915
            ]
        ],
        "best_conformer_energy": -15.923423150960385,
        "fukui_radical": {
            "1": 0.06601443537863491,
            "2": 0.0592661518314892,
            "3": 0.05631548475518461,
            "4": 0.07422508392223534,
            "5": 0.22139462893346679,
            "6": 0.14081138412082267,
            "7": 0.11038728738522063,
            "8": 0.12362748838793866,
            "9": 0.07199864238244438,
            "10": 0.07595941290257027
        }
    },
    "monomer2_data": {
        "smiles": "C=C(C)C(=O)OC",
        "ip": 14.236483972656346,
        "ip_corrected": 9.390483972656346,
        "ea": 3.965500029838621,
        "homo": -0.41127032387995544,
        "lumo": -0.26950129410851986,
        "charges": {
            "1": -0.08192644204948094,
            "2": -0.007758938742676788,
            "3": -0.11040535221003818,
            "4": 0.34920872447012063,
            "5": -0.4109728775483542,
            "6": -0.2641504660609933,
            "7": 0.035165391019299455,
            "8": 0.05595603293225091,
            "9": 0.06272990863841402,
            "10": 0.0654729267794723,
            "11": 0.06547300436630195,
            "12": 0.05055145378886996,
            "13": 0.06218368236208788,
            "14": 0.06218369754524128,
            "15": 0.06628925470948674
        },
        "dipole": [
            0.042189455222522244,
            -0.7608520055498939,
            0.06845067776298096
        ],
        "global_electrophilicity": 0.8813642895109609,
        "global_nucleophilicity": -9.390483972656346,
        "fukui_electrophilicity": {
            "1": 0.0916099776458229,
            "2": 0.08194480124254042,
            "3": -0.03870700638664119,
            "4": 0.08164153093062626,
            "5": 0.19459726093903607,
            "6": 0.07836988169535863,
            "7": -0.03498260375536273,
            "8": 0.11948701878867324,
            "9": 0.10428214255764144,
            "10": 0.06198656850236382,
            "11": 0.06198649192249827,
            "12": 0.06017707177149582,
            "13": 0.04047835404033179,
            "14": 0.04047833993174442,
            "15": 0.05665017017387712
        },
        "fukui_nucleophilicity": {
            "1": 0.05119712917593304,
            "2": 0.06180413311607634,
            "3": -0.01940489925170101,
            "4": 0.013324588985722141,
            "5": 0.15569776430206916,
            "6": 0.09388640424022587,
            "7": -0.026619602504503993,
            "8": 0.1033747366245307,
            "9": 0.08566644804667564,
            "10": 0.09644914037738059,
            "11": 0.09644892416456753,
            "12": 0.07537139198169276,
            "13": 0.07058385012774213,
            "14": 0.07058380855498125,
            "15": 0.07163618205861905
        },
        "fukui_radical": {
            "1": 0.07140355341087798,
            "2": 0.07187446717930837,
            "3": -0.029055952819171102,
            "4": 0.0474830599581742,
            "5": 0.17514751262055261,
            "6": 0.08612814296779225,
            "7": -0.030801103129933362,
            "8": 0.11143087770660196,
            "9": 0.09497429530215853,
            "10": 0.0792178544398722,
            "11": 0.0792177080435329,
            "12": 0.06777423187659429,
            "13": 0.05553110208403696,
            "14": 0.05553107424336284,
            "15": 0.06414317611624809
        },