{
    "file": "paper_337.json",
    "monomer1_s": "C=CC#N",
    "monomer2_s": "C=Cc1ccncc1",
    "monomer1": "Acrylonitrile",
    "monomer2": "4-Vinyl pyridine",
    "r_values": {
        "constant_1": 0.113,
        "constant_2": 0.41
    },
    "conf_intervals": {
        "constant_conf_1": 0.005,
        "constant_conf_2": 0.09
    },
    "temperature": 60.0,
    "temperature_unit": "\u00b0C",
    "solvent": "CC(=O)O",
    "method": "bulk",
    "r-product": null,
    "source": "Journal of Polymer Science Vol. XXXIX, Pages 203-209 (1959)",
    "calculation_method": "Fineman-Ross",
    "polymerization_type": "free radical",
    "logP": 0.09089999999999993,
    "monomer1_data": {
        "smiles": "C=CC#N",
        "ip": 15.437176806318503,
        "ip_corrected": 10.591176806318503,
        "ea": 3.8289813808508004,
        "homo": -0.4277683293695803,
        "lumo": -0.28211163098961317,
        "charges": {
            "1": -0.05961169012740816,
            "2": -0.01732687045759991,
            "3": 0.1182224067521214,
            "4": -0.22501464611972768,
            "5": 0.060876740653373736,
            "6": 0.056910808147125444,
            "7": 0.06594325115211837
        },
        "dipole": [
            -1.3682395954382502,
            0.4193750676404717,
            0.3073979410978311
        ],
        "global_electrophilicity": 0.9870666976349574,
        "global_nucleophilicity": -10.591176806318503,
        "fukui_electrophilicity": {
            "1": 0.11689097730490014,
            "2": 0.09589168721827514,
            "3": 0.0833043050370818,
            "4": 0.27942089987505603,
            "5": 0.1382479191580376,
            "6": 0.1483932400282401,
            "7": 0.1378509713784164
        },
        "fukui_nucleophilicity": {
            "1": 0.046376077246505845,
            "2": 0.06110797532385699,
            "3": 0.06382105585034101,
            "4": 0.3348673323308884,
            "5": 0.1560141376419441,
            "6": 0.1714270905761467,
            "7": 0.16638633108003964
        },
        "boltzmann_weights": [
            1.0
        ]
    },
    "monomer2_data": {
        "smiles": "C=Cc1ccncc1",
        "ip": 13.31047873556881,
        "ip_corrected": 8.46447873556881,
        "ea": 4.489329144039849,
        "homo": -0.36674151881844164,
        "lumo": -0.27170132262577157,
        "charges": {
            "1": -0.0790446398635718,
            "2": -0.03069616409297196,
            "3": 0.03119726935284864,
            "4": -0.04458577236448932,
            "5": 0.059104992599388284,
            "6": -0.22369982791828266,
            "7": 0.05872271396748957,
            "8": -0.04312254207631775,
            "9": 0.04515196661952631,
            "10": 0.043207291258970965,
            "11": 0.038550290517910375,
            "12": 0.03369352062076057,
            "13": 0.037048223484409795,
            "14": 0.03723700119951185,
            "15": 0.03723567669481686
        },
        "dipole": [
            -0.9197544486684538,
            0.32443270634792193,
            -0.061990223589914566
        ],
        "global_electrophilicity": 0.9315190147632756,
        "global_nucleophilicity": -8.46447873556881,
        "fukui_electrophilicity": {
            "1": 0.0719124075488137,
            "2": 0.039629770556649985,
            "3": 0.06875869148558177,
            "4": 0.03277049713026592,
            "5": 0.02392572590331428,
            "6": 0.13644312352504998,
            "7": 0.021612350800891356,
            "8": 0.031805368842602384,
            "9": 0.08286694998180798,
            "10": 0.09902956269093913,
            "11": 0.0810407206561044,
            "12": 0.07472617037149897,
            "13": 0.08480900016376308,
            "14": 0.08325937291536205,
            "15": 0.06741028742736946
        },
        "fukui_nucleophilicity": {
            "1": 0.03965639949239111,
            "2": 0.029021659774634195,
            "3": 0.037297108501379087,
            "4": 0.034945025060534735,
            "5": 0.008988575588494654,
            "6": 0.22430167013620056,
            "7": 0.00810709591547805,
            "8": 0.03451907539635291,
            "9": 0.05876910030698165,
            "10": 0.08443374033781026,
            "11": 0.06637215983960013,
            "12": 0.08768835973551332,
            "13": 0.10236387686601638,
            "14": 0.10238187601834148,
            "15": 0.08115427703025818
        },
        "boltzmann_weights": [
            0.4999999991656144,
            0.5000000008343856
        ]
    }
}