{
    "file": "paper_200.json",
    "monomer1_s": "C=COC(C)=O",
    "monomer2_s": "C=COC=O",
    "monomer1": "vinyl acetate",
    "monomer2": "vinyl formate",
    "r_values": {
        "constant_1": 0.94,
        "constant_2": 0.95
    },
    "conf_intervals": {
        "constant_conf_1": 0.07,
        "constant_conf_2": 0.07
    },
    "temperature": 60.0,
    "temperature_unit": "\u00b0C",
    "solvent": "c1ccccc1",
    "method": "solvent",
    "r-product": null,
    "source": "European Polymer Journal, 1968, Vol. 4, pp. 669-675",
    "calculation_method": "Fineman-Ross",
    "polymerization_type": "free radical",
    "logP": 1.6866,
    "monomer1_data": {
        "smiles": "C=COC(C)=O",
        "ip": 14.601504628221,
        "ip_corrected": 9.755504628221,
        "ea": 3.490615368816575,
        "homo": -0.4145390017965533,
        "lumo": -0.25140710840020714,
        "charges": {
            "1": -0.1113144265465606,
            "2": 0.10275648997074144,
            "3": -0.23854567980417674,
            "4": 0.36051791203275774,
            "5": -0.14792469300456296,
            "6": -0.3941835952860412,
            "7": 0.0672027324062841,
            "8": 0.061754928475895525,
            "9": 0.06259426290396605,
            "10": 0.0798657892235391,
            "11": 0.07986554111784669,
            "12": 0.07741073851030468
        },
        "dipole": [
            -0.05662756234607951,
            0.8569322894357296,
            0.3032221954910163
        ],
        "global_electrophilicity": 0.7938385299010362,
        "global_nucleophilicity": -9.755504628221,
        "fukui_electrophilicity": {
            "1": 0.08578275154992779,
            "2": 0.05012042592149622,
            "3": 0.08548542688035027,
            "4": 0.1077747470395175,
            "5": -0.03566661197540642,
            "6": 0.1945451708476108,
            "7": 0.10129460191247838,
            "8": 0.10886613014224744,
            "9": 0.08002416146027588,
            "10": 0.07769818359128527,
            "11": 0.07769768191324698,
            "12": 0.06637733071696028
        },
        "fukui_nucleophilicity": {
            "1": 0.08397544139564725,
            "2": 0.05141341223033291,
            "3": 0.1192110587495277,
            "4": 0.020656009635123818,
            "5": 0.0005916960941607929,
            "6": 0.19418607171709723,
            "7": 0.10376364413597791,
            "8": 0.11328100818473896,
            "9": 0.08001761147510311,
            "10": 0.08274267589853532,
            "11": 0.08274260610176629,
            "12": 0.06741876460304048
        },
        "boltzmann_weights": [
            0.8944295654127825,
            0.10557043458721739
        ],
        "best_conformer_elements": [
            6,
            6,
            8,
            6,
            6,
            8,
            1,
            1,
            1,
            1,
            1,
            1
        ],
        "best_conformer_coordinates": [
            [
                -2.437324228179656,
                0.3937548641510361,
                0.7661558261260201
            ],
            [
                -1.419191674043415,
                0.15504350740379952,
                -0.03816350317343079
            ],
            [
                -0.13699470142679498,
                0.054584682291651455,
                0.4494470065971148
            ],
            [
                0.8676324074492782,
                -0.1906823427582238,
                -0.417050161203271
            ],
            [
                2.1783763205131863,
                -0.2621161673275299,
                0.3157577022447546
            ],
            [
                0.7153681453467421,
                -0.3287492440260778,
                -1.5993730034685176
            ],
            [
                -3.434625797340854,
                0.47063688603689013,
                0.37747406080027257
            ],
            [
                -2.298308572482812,
                0.5171088664124686,
                1.8253979062734973
            ],
            [
                -1.5051742223637885,
                0.023233201377353147,
                -1.1094807066069712
            ],
            [
                2.9803502386050886,
                -0.4595729552317396,
                -0.3883925357283291
            ],
            [
                2.3566758152573186,
                0.6789522285520536,
                0.8306132330041143
            ],
            [
                2.133216268665729,
                -1.0521935268816693,
                1.0615558584970322
            ]
        ],
        "best_conformer_energy": -19.732766794333997,
        "fukui_radical": {
            "1": 0.08487933457318195,
            "2": 0.05076628160926413,
            "3": 0.10235031259099811,
            "4": 0.06421611335671049,
            "5": -0.01753875511643964,
            "6": 0.1943629934637996,
            "7": 0.1110728645776535,
            "8": 0.10253149006745386,
            "9": 0.08002125775720795,
            "10": 0.06689794903707227,
            "11": 0.080220216853419,
            "12": 0.0802199413401228
        }
    },
    "monomer2_data": {
        "smiles": "C=COC=O",
        "ip": 15.095664405764445,
        "ip_corrected": 10.249664405764445,
        "ea": 3.7093961662322927,
        "homo": -0.427067050978025,
        "lumo": -0.2665070779874438,
        "charges": {
            "1": -0.10593073289359523,
            "2": 0.10079696638704877,
            "3": -0.21437382257476428,
            "4": 0.3355541779994532,
            "5": -0.3613187502954499,
            "6": 0.07375274153427677,
            "7": 0.06885402785661185,
            "8": 0.06863659104913053,
            "9": 0.0340288009372891
        },
        "dipole": [
            -0.5644268699859094,
            -0.35551094395722327,
            0.595092246695048
        ],
        "global_electrophilicity": 0.9117108349483893,
        "global_nucleophilicity": -10.249664405764445,
        "fukui_electrophilicity": {
            "1": 0.09149660519812852,
            "2": 0.051926420262891494,
            "3": 0.10061236796887557,
            "4": 0.08254249854274243,
            "5": 0.21835874343050088,
            "6": 0.10771112200488014,
            "7": 0.11526149782565238,
            "8": 0.08600380003455631,
            "9": 0.14608694473177125
        },
        "fukui_nucleophilicity": {
            "1": 0.08619020009088652,
            "2": 0.05455353514860234,
            "3": 0.1313701682653864,
            "4": 0.0017529429760413384,
            "5": 0.22767996500273346,
            "6": 0.11617377496316023,
            "7": 0.12513658155476085,
            "8": 0.08853609006249943,
            "9": 0.16860674194774672
        },
        "boltzmann_weights": [
            0.8322752498290082,
            0.1677247501709918
        ],
        "best_conformer_elements": [
            6,
            6,
            8,
            6,
            8,
            1,
            1,
            1,
            1
        ],