{
    "file": "paper_318.json",
    "monomer1_s": "C=Cc1ccccc1",
    "monomer2_s": "C=CC[SiH](OCC)OCC",
    "monomer1": "Styrene",
    "monomer2": "Vinylmethyldiethoxysilane",
    "r_values": {
        "constant_1": 1.17,
        "constant_2": 0.0
    },
    "conf_intervals": {
        "constant_conf_1": 0.01,
        "constant_conf_2": 0.0
    },
    "temperature": 60.0,
    "temperature_unit": "\u00b0C",
    "solvent": null,
    "method": "Bulk",
    "r-product": null,
    "source": "10.1016/0014-3057(79)90150-0",
    "calculation_method": "Kelen-Tudos",
    "polymerization_type": "Free radical",
    "monomer1_data": {
        "smiles": "C=Cc1ccccc1",
        "ip": 13.323305315341791,
        "ip_corrected": 8.477305315341791,
        "ea": 3.959877946938991,
        "homo": -0.3831985290395731,
        "lumo": -0.2501966690470822,
        "charges": {
            "1": -0.08578934436600626,
            "2": -0.030259830597504936,
            "3": 0.01460321229207634,
            "4": -0.032430750206366904,
            "5": -0.029945437580900583,
            "6": -0.030379977266510892,
            "7": -0.029893803249294533,
            "8": -0.033985609164289644,
            "9": 0.038721208943534896,
            "10": 0.036165150785770366,
            "11": 0.033044651543264955,
            "12": 0.03404524115950842,
            "13": 0.028965873902585763,
            "14": 0.02897855112451052,
            "15": 0.028735857233840652,
            "16": 0.029425005445779806
        },
        "dipole": [
            -0.00599695759505601,
            0.00019607223034193996,
            -0.0018463290012354543
        ],
        "global_electrophilicity": 0.7692971421446727,
        "global_nucleophilicity": -8.477305315341791,
        "fukui_electrophilicity": {
            "1": 0.07209309972414436,
            "2": 0.04352510810351072,
            "3": 0.06230438364782903,
            "4": 0.03213425829454332,
            "5": 0.026312904098299825,
            "6": 0.06792045239213465,
            "7": 0.02876303434297292,
            "8": 0.03213381752054322,
            "9": 0.08376002497375698,
            "10": 0.09874578293688194,
            "11": 0.08145474392689236,
            "12": 0.06271242240018035,
            "13": 0.07540055911977092,
            "14": 0.08585900759002232,
            "15": 0.07693189708388407,
            "16": 0.06994850384463236
        },
        "fukui_nucleophilicity": {
            "1": 0.07260243947817689,
            "2": 0.04230113696056051,
            "3": 0.06268064465096645,
            "4": 0.03400845310298767,
            "5": 0.03110749772289005,
            "6": 0.07019025477516763,
            "7": 0.03211552237109847,
            "8": 0.03545308497970195,
            "9": 0.07943182497266889,
            "10": 0.09534951030583766,
            "11": 0.07725609403564751,
            "12": 0.06257820938745395,
            "13": 0.07457311950887512,
            "14": 0.0843599501650384,
            "15": 0.07603725882191792,
            "16": 0.06995499876126071
        },
        "boltzmann_weights": [
            0.500000013411314,
            0.499999986588686
        ]
    },
    "monomer2_data": {
        "smiles": "C=CC[SiH](OCC)OCC",
        "ip": 12.761123192910489,
        "ip_corrected": 7.915123192910489,
        "ea": 2.0462321951950164,
        "homo": -0.3687357509133536,
        "lumo": -0.1900130894311278,
        "charges": {
            "1": -0.10687978113936625,
            "2": -0.024598290238822637,
            "3": -0.15113902839717497,
            "4": 0.5891975162311134,
            "5": -0.3560758559308218,
            "6": 0.08639862966898149,
            "7": -0.11220440318113559,
            "8": -0.3671927047293022,
            "9": 0.08841274927159262,
            "10": -0.11374580750374937,
            "11": 0.024352333104149426,
            "12": 0.024251566210732607,
            "13": 0.030319981381580163,
            "14": 0.03185082447852147,
            "15": 0.01928019838683177,
            "16": -0.06989422872060777,
            "17": 0.017852574994335058,
            "18": 0.03673568048744149,
            "19": 0.048167381956073264,
            "20": 0.04306629712977187,
            "21": 0.05552256564106183,
            "22": 0.03711483418627218,
            "23": 0.024393895544609735,
            "24": 0.044379603068118126,
            "25": 0.045666359232363986,
            "26": 0.0547671088674301
        },
        "dipole": [
            0.19260111122771295,
            0.46165851381191436,
            -0.5826414994527087
        ],
        "global_electrophilicity": 0.30526279679605556,
        "global_nucleophilicity": -7.915123192910489,
        "fukui_electrophilicity": {
            "1": 0.07813601547005566,
            "2": 0.08240950907113445,
            "3": -0.022431515494954868,
            "4": 0.12337094897081391,
            "5": 0.04585051777020188,
            "6": -0.016220742351041817,
            "7": -0.013767420966382324,
            "8": 0.04489169455585307,
            "9": -0.012136707400077773,
            "10": -0.014945294929747568,
            "11": 0.10265834357169443,
            "12": 0.10851727903105274,
            "13": 0.09388077444968002,
            "14": 0.06526351533937938,
            "15": 0.053939654804501774,
            "16": 0.06899112553194545,
            "17": 0.02282839659310986,
            "18": 0.037736492013723644,
            "19": 0.004595944642839057,
            "20": 0.032701221252550663,
            "21": 0.015097415839364407,
            "22": 0.029440394221790078,
            "23": -4.0857536003292144e-05,
            "24": 0.029772476535268374,
            "25": 0.014764909917496676,
            "26": 0.02469590909574635
        },
        "fukui_nucleophilicity": {
            "1": 0.057778362683128096,
            "2": 0.027987482053187948,
            "3": 0.03492007010700621,
            "4": 0.036944225728387736,
            "5": 0.05242501864641341,
            "6": -0.014424352176472324,
            "7": -0.012863789231797734,
            "8": 0.06191631298793038,
            "9": -0.009455790064432562,
            "10": -0.010667475921737599,
            "11": 0.07015857718307612,
            "12": 0.08283913727781189,
            "13": 0.06276617891551015,
            "14": 0.07884123571288001,
            "15": 0.06392878926176489,
            "16": 0.11161511682667932,
            "17": 0.029194152268314188,
            "18": 0.05499210926327488,
            "19": 0.01690496364420562,
            "20": 0.03611403570139598,
            "21": 0.02397412496589723,
            "22": 0.03738407308619822,
            "23": 0.020607224333783338,
            "24": 0.03419547407119443,
            "25": 0.02003562419715032,
            "26": 0.031889118480378655
        },