{
    "file": "paper_24.json",
    "monomer1_s": "C=C(C)C(=O)Oc1ccccc1C(=O)O",
    "monomer2_s": "C=Cc1ccccc1",
    "monomer1": "2-methacryloyloxybenzoic acid",
    "monomer2": "styrene",
    "r_values": {
        "constant_1": 0.155,
        "constant_2": 1.175
    },
    "conf_intervals": {
        "constant_conf_1": 0.172,
        "constant_conf_2": 1.204
    },
    "temperature": 50.0,
    "temperature_unit": "\u00b0C",
    "solvent": "c1ccccc1",
    "method": "solvent",
    "r-product": null,
    "source": "10.1002/macp.1982.021830111",
    "calculation_method": "Fineman-Ross",
    "polymerization_type": "free radical",
    "logP": 1.6866,
    "monomer1_data": {
        "smiles": "C=C(C)C(=O)Oc1ccccc1C(=O)O",
        "ip": 13.470924824013952,
        "ip_corrected": 8.624924824013952,
        "ea": 5.299658029277278,
        "homo": -0.4106491099838447,
        "lumo": -0.2826757076630141,
        "charges": {
            "1": -0.07656273042758131,
            "2": -0.0009716969107473189,
            "3": -0.11279931259080102,
            "4": 0.3637873981027133,
            "5": -0.4113657588984541,
            "6": -0.24056406978916406,
            "7": 0.1600521610732532,
            "8": -0.043609274132940135,
            "9": -0.021049721278298503,
            "10": -0.03069770362883959,
            "11": -0.019844523347855553,
            "12": -0.025980238463791078,
            "13": 0.37206717775788667,
            "14": -0.42360159364002975,
            "15": -0.3697914264521104,
            "16": 0.059692141785515095,
            "17": 0.06972438162204112,
            "18": 0.05250884245951415,
            "19": 0.07210176764811757,
            "20": 0.06136974987904236,
            "21": 0.06130564028420295,
            "22": 0.05340311478225323,
            "23": 0.05194816920500363,
            "24": 0.06655309018388503,
            "25": 0.33232441477719016
        },
        "dipole": [
            -0.3205690081558294,
            0.028070904250475464,
            -0.658677633166581
        ],
        "global_electrophilicity": 1.2608306137605683,
        "global_nucleophilicity": -8.624924824013952,
        "fukui_electrophilicity": {
            "1": 0.04018460600902728,
            "2": 0.029115513926600375,
            "3": -0.019001569958112516,
            "4": 0.030435675574927545,
            "5": 0.07556090476873745,
            "6": 0.043354366373138054,
            "7": 0.023105642104942342,
            "8": 0.01657449727831177,
            "9": 0.04325440760069581,
            "10": 0.02505369113010384,
            "11": 0.022520162375303125,
            "12": 0.03638632800153979,
            "13": 0.034602092185014977,
            "14": 0.08426728932509892,
            "15": 0.05202600919780448,
            "16": 0.06328793055700087,
            "17": 0.04679789183923444,
            "18": 0.0362015014786612,
            "19": 0.022920744721752956,
            "20": 0.030079285581926615,
            "21": 0.05065968323106254,
            "22": 0.06334341057177692,
            "23": 0.059697431747078145,
            "24": 0.05104749037267731,
            "25": 0.03852501400590169
        },
        "fukui_nucleophilicity": {
            "1": 0.035959288676102444,
            "2": 0.037286738133958164,
            "3": -0.015923594785612658,
            "4": 0.005572254107117591,
            "5": 0.08451596832277358,
            "6": 0.04992776373188956,
            "7": 0.019174810081682953,
            "8": 0.024597786164628016,
            "9": 0.01898005251138496,
            "10": 0.03681616491880128,
            "11": 0.023045976241316823,
            "12": 0.021000029195155367,
            "13": 0.007135419052552772,
            "14": 0.07238596330194952,
            "15": 0.042063380144557516,
            "16": 0.06483394973565154,
            "17": 0.050974230475968926,
            "18": 0.056123300239713986,
            "19": 0.05431807561330895,
            "20": 0.06015023210412742,
            "21": 0.04788705736693624,
            "22": 0.06168764401981416,
            "23": 0.05864987488196563,
            "24": 0.051903054662620865,
            "25": 0.030934581101619396
        },
        "boltzmann_weights": [
            0.33363098723612183,
            0.33363434234544415,
            0.11264555487624531,
            0.11263434980721708,
            0.037852516982122573,
            0.037852752929333815,
            0.015874747012247305,
            0.015874748811267915
        ]
    },
    "monomer2_data": {
        "smiles": "C=Cc1ccccc1",
        "ip": 13.323305315341791,
        "ip_corrected": 8.477305315341791,
        "ea": 3.959877946938991,
        "homo": -0.3831985290395731,
        "lumo": -0.2501966690470822,
        "charges": {
            "1": -0.08578934436600626,
            "2": -0.030259830597504936,
            "3": 0.01460321229207634,
            "4": -0.032430750206366904,
            "5": -0.029945437580900583,
            "6": -0.030379977266510892,
            "7": -0.029893803249294533,
            "8": -0.033985609164289644,
            "9": 0.038721208943534896,
            "10": 0.036165150785770366,
            "11": 0.033044651543264955,
            "12": 0.03404524115950842,
            "13": 0.028965873902585763,
            "14": 0.02897855112451052,
            "15": 0.028735857233840652,
            "16": 0.029425005445779806
        },
        "dipole": [
            -0.00599695759505601,
            0.00019607223034193996,
            -0.0018463290012354543
        ],
        "global_electrophilicity": 0.7692971421446727,
        "global_nucleophilicity": -8.477305315341791,
        "fukui_electrophilicity": {
            "1": 0.07209309972414436,
            "2": 0.04352510810351072,
            "3": 0.06230438364782903,
            "4": 0.03213425829454332,
            "5": 0.026312904098299825,
            "6": 0.06792045239213465,
            "7": 0.02876303434297292,
            "8": 0.03213381752054322,
            "9": 0.08376002497375698,
            "10": 0.09874578293688194,
            "11": 0.08145474392689236,
            "12": 0.06271242240018035,
            "13": 0.07540055911977092,
            "14": 0.08585900759002232,
            "15": 0.07693189708388407,
            "16": 0.06994850384463236
        },
        "fukui_nucleophilicity": {
            "1": 0.07260243947817689,
            "2": 0.04230113696056051,
            "3": 0.06268064465096645,
            "4": 0.03400845310298767,
            "5": 0.03110749772289005,
            "6": 0.07019025477516763,
            "7": 0.03211552237109847,
            "8": 0.03545308497970195,
            "9": 0.07943182497266889,
            "10": 0.09534951030583766,
            "11": 0.07725609403564751,
            "12": 0.06257820938745395,
            "13": 0.07457311950887512,
            "14": 0.0843599501650384,
            "15": 0.07603725882191792,
            "16": 0.06995499876126071
        },
        "boltzmann_weights": [
            0.500000013411314,
            0.499999986588686
        ]
    }
}