{
    "file": "paper_171.json",
    "monomer1_s": "C=COC(C)=O",
    "monomer2_s": "FC(F)=C(F)Cl",
    "monomer1": "Vinyl Acetate",
    "monomer2": "Chlorotrifluoroethylene",
    "r_values": {
        "constant_1": 0.01,
        "constant_2": 0.6
    },
    "conf_intervals": {
        "constant_conf_1": null,
        "constant_conf_2": null
    },
    "temperature": 60.3,
    "temperature_unit": "\u00b0C",
    "solvent": "CCC(C)=O",
    "method": "solvent",
    "r-product": null,
    "source": "Journal of Polymer Science, Vol. XI, No. 5, Pages 455-470",
    "calculation_method": null,
    "polymerization_type": "free radical",
    "logP": 0.9854,
    "monomer1_data": {
        "smiles": "C=COC(C)=O",
        "ip": 14.601504628221,
        "ip_corrected": 9.755504628221,
        "ea": 3.490615368816575,
        "homo": -0.4145390017965533,
        "lumo": -0.25140710840020714,
        "charges": {
            "1": -0.1113144265465606,
            "2": 0.10275648997074144,
            "3": -0.23854567980417674,
            "4": 0.36051791203275774,
            "5": -0.14792469300456296,
            "6": -0.3941835952860412,
            "7": 0.0672027324062841,
            "8": 0.061754928475895525,
            "9": 0.06259426290396605,
            "10": 0.0798657892235391,
            "11": 0.07986554111784669,
            "12": 0.07741073851030468
        },
        "dipole": [
            -0.05662756234607951,
            0.8569322894357296,
            0.3032221954910163
        ],
        "global_electrophilicity": 0.7938385299010362,
        "global_nucleophilicity": -9.755504628221,
        "fukui_electrophilicity": {
            "1": 0.08578275154992779,
            "2": 0.05012042592149622,
            "3": 0.08548542688035027,
            "4": 0.1077747470395175,
            "5": -0.03566661197540642,
            "6": 0.1945451708476108,
            "7": 0.10129460191247838,
            "8": 0.10886613014224744,
            "9": 0.08002416146027588,
            "10": 0.07769818359128527,
            "11": 0.07769768191324698,
            "12": 0.06637733071696028
        },
        "fukui_nucleophilicity": {
            "1": 0.08397544139564725,
            "2": 0.05141341223033291,
            "3": 0.1192110587495277,
            "4": 0.020656009635123818,
            "5": 0.0005916960941607929,
            "6": 0.19418607171709723,
            "7": 0.10376364413597791,
            "8": 0.11328100818473896,
            "9": 0.08001761147510311,
            "10": 0.08274267589853532,
            "11": 0.08274260610176629,
            "12": 0.06741876460304048
        },
        "boltzmann_weights": [
            0.8944295654127825,
            0.10557043458721739
        ]
    },
    "monomer2_data": {
        "smiles": "FC(F)=C(F)Cl",
        "ip": 15.599068603177273,
        "ip_corrected": 10.753068603177272,
        "ea": 3.608103056734076,
        "homo": -0.44568397057387826,
        "lumo": -0.28046767794724836,
        "charges": {
            "1": -0.15259700820914765,
            "2": 0.2998010622021333,
            "3": -0.14526783064729323,
            "4": 0.20087175350060857,
            "5": -0.15078631123597977,
            "6": -0.05202166561030061
        },
        "dipole": [
            0.2582008067370291,
            -0.26255352829448175,
            -0.3319499863615961
        ],
        "global_electrophilicity": 0.9438198634516547,
        "global_nucleophilicity": -10.753068603177272,
        "fukui_electrophilicity": {
            "1": 0.1429636042117933,
            "2": 0.16294854755019728,
            "3": 0.14761128162970757,
            "4": 0.1337563178933498,
            "5": 0.13926457609915585,
            "6": 0.27345567261583004
        },
        "fukui_nucleophilicity": {
            "1": 0.1549364319699113,
            "2": 0.08128938975364403,
            "3": 0.17001370125517332,
            "4": 0.05539712191892007,
            "5": 0.1466072802307921,
            "6": 0.39175607487153574
        },
        "boltzmann_weights": [
            0.4999999868850011,
            0.500000013114999
        ]
    }
}