{
    "file": "paper_185.json",
    "monomer1_s": "C=C(C)C(=O)OC",
    "monomer2_s": "C=Cc1ccccn1",
    "monomer1": "Methyl Methacrylate",
    "monomer2": "2-Vinyl Pyridine",
    "r_values": {
        "constant_1": 0.27,
        "constant_2": 1.1
    },
    "conf_intervals": {
        "constant_conf_1": null,
        "constant_conf_2": null
    },
    "temperature": 60.0,
    "temperature_unit": "\u00b0C",
    "solvent": "c1ccccc1",
    "method": "solvent",
    "r-product": null,
    "source": "POLYMER, 1979, Vol 20, May",
    "calculation_method": "Kelen-Tudos",
    "polymerization_type": "free radical",
    "logP": 1.6866,
    "monomer1_data": {
        "smiles": "C=C(C)C(=O)OC",
        "ip": 14.236483972656346,
        "ip_corrected": 9.390483972656346,
        "ea": 3.965500029838621,
        "homo": -0.41127032387995544,
        "lumo": -0.26950129410851986,
        "charges": {
            "1": -0.08192644204948094,
            "2": -0.007758938742676788,
            "3": -0.11040535221003818,
            "4": 0.34920872447012063,
            "5": -0.4109728775483542,
            "6": -0.2641504660609933,
            "7": 0.035165391019299455,
            "8": 0.05595603293225091,
            "9": 0.06272990863841402,
            "10": 0.0654729267794723,
            "11": 0.06547300436630195,
            "12": 0.05055145378886996,
            "13": 0.06218368236208788,
            "14": 0.06218369754524128,
            "15": 0.06628925470948674
        },
        "dipole": [
            0.042189455222522244,
            -0.7608520055498939,
            0.06845067776298096
        ],
        "global_electrophilicity": 0.8813642895109609,
        "global_nucleophilicity": -9.390483972656346,
        "fukui_electrophilicity": {
            "1": 0.0916099776458229,
            "2": 0.08194480124254042,
            "3": -0.03870700638664119,
            "4": 0.08164153093062626,
            "5": 0.19459726093903607,
            "6": 0.07836988169535863,
            "7": -0.03498260375536273,
            "8": 0.11948701878867324,
            "9": 0.10428214255764144,
            "10": 0.06198656850236382,
            "11": 0.06198649192249827,
            "12": 0.06017707177149582,
            "13": 0.04047835404033179,
            "14": 0.04047833993174442,
            "15": 0.05665017017387712
        },
        "fukui_nucleophilicity": {
            "1": 0.05119712917593304,
            "2": 0.06180413311607634,
            "3": -0.01940489925170101,
            "4": 0.013324588985722141,
            "5": 0.15569776430206916,
            "6": 0.09388640424022587,
            "7": -0.026619602504503993,
            "8": 0.1033747366245307,
            "9": 0.08566644804667564,
            "10": 0.09644914037738059,
            "11": 0.09644892416456753,
            "12": 0.07537139198169276,
            "13": 0.07058385012774213,
            "14": 0.07058380855498125,
            "15": 0.07163618205861905
        },
        "fukui_radical": {
            "1": 0.07140355341087798,
            "2": 0.07187446717930837,
            "3": -0.029055952819171102,
            "4": 0.0474830599581742,
            "5": 0.17514751262055261,
            "6": 0.08612814296779225,
            "7": -0.030801103129933362,
            "8": 0.11143087770660196,
            "9": 0.09497429530215853,
            "10": 0.0792178544398722,
            "11": 0.0792177080435329,
            "12": 0.06777423187659429,
            "13": 0.05553110208403696,
            "14": 0.05553107424336284,
            "15": 0.06414317611624809
        },
        "best_conformer_coordinates": [
            [
                -1.0679874721335532,
                -1.591695393005097,
                0.1190505870012582
            ],
            [
                -0.9789696677262058,
                -0.2700634531963184,
                0.015569141935180716
            ],
            [
                -2.152414502903391,
                0.6374624311751305,
                -0.17280008390949914
            ],
            [
                0.33254570919277476,
                0.4296358416853463,
                0.08092895025997722
            ],
            [
                0.4667403029430531,
                1.6257720313950312,
                -0.007628838348907176
            ],
            [
                1.368254296471444,
                -0.40841920824982436,
                0.25032440426561303
            ],
            [
                2.6475724912740755,
                0.20137513824591807,
                0.3202395569867531
            ],
            [
                -2.019589027601903,
                -2.0945475365498094,
                0.07121808444667849
            ],
            [
                -0.1962306925063066,
                -2.2069421172817725,
                0.25399723219802745
            ],
            [
                -2.0338701146835967,
                1.2076321838811321,
                -1.092623302807032
            ],
            [
                -2.1989630647919824,
                1.3547927910841435,
                0.6448131655597281
            ],
            [
                -3.078828528124943,
                0.07221525271252598,
                -0.21295259783201617
            ],
            [
                2.690936133782629,
                0.8988648503855212,
                1.159567291618923
            ],
            [
                2.858178339796767,
                0.7497948862504704,
                -0.6004798925286432
            ],
            [
                3.3626258023029116,
                -0.6058776985323392,
                0.4565564987903857
            ]
        ],
        "best_conformer_elements": [
            6,
            6,
            6,
            6,
            8,
            8,
            6,
            1,
            1,
            1,
            1,
            1,
            1,
            1,
            1
        ],
        "best_conformer_energy": -22.894683429971266
    },
    "monomer2_data": {
        "smiles": "C=Cc1ccccn1",
        "ip": 13.201223226157223,
        "ip_corrected": 8.355223226157223,
        "ea": 4.237070194336044,
        "homo": -0.3636559341580553,
        "lumo": -0.26257460038069136,
        "charges": {
            "1": -0.07530521132368516,
            "2": -0.035226696565262554,
            "3": 0.09750181082480712,
            "4": -0.04434270604400282,
            "5": -0.012716128018304837,
            "6": -0.04232858448902489,
            "7": 0.06027405908592043,
            "8": -0.2267296432838055,
            "9": 0.044383360247027936,
            "10": 0.06771418221994255,
            "11": 0.03448703169897081,
            "12": 0.03259095780404444,
            "13": 0.03165806036145266,
            "14": 0.032708342304983797,
            "15": 0.03533116517692729
        },
        "dipole": [
            -0.3556132917420013,
            0.5117134101670725,
            0.05585066642298136
        ],
        "global_electrophilicity": 0.8367363534425643,
        "global_nucleophilicity": -8.355223226157223,
        "fukui_electrophilicity": {
            "1": 0.07204126148407276,
            "2": 0.0396323609933082,
            "3": 0.060960388566049545,
            "4": 0.0236127299598868,
            "5": 0.043044963152316706,
            "6": 0.06479787573689029,
            "7": 0.01289655017093927,
            "8": 0.09798437276096619,
            "9": 0.09841480791191187,
            "10": 0.08001680828583885,
            "11": 0.08161253918358077,
            "12": 0.07271509071105593,
            "13": 0.0839784856837093,
            "14": 0.08910382129507806,
            "15": 0.07918794410438643
        },
        "fukui_nucleophilicity": {
            "1": 0.04648942286299322,
            "2": 0.03015202046134361,
            "3": 0.024992905692831788,
            "4": 0.03853861072793261,
            "5": 0.024814871506768157,