{
    "file": "paper_588.json",
    "monomer1_s": "C=CC(=O)OC",
    "monomer2_s": "C#Cc1ccccc1",
    "monomer1": "Methyl acrylate",
    "monomer2": "Phenylacetylene",
    "r_values": {
        "constant_1": 0.62,
        "constant_2": 0.27
    },
    "conf_intervals": {
        "constant_conf_1": null,
        "constant_conf_2": null
    },
    "temperature": 60.0,
    "temperature_unit": "\u00b0C",
    "solvent": "c1ccccc1",
    "method": "solvent",
    "r-product": null,
    "source": "Journal of Polymer Science, Vol. VI, No. 1, Pages 111-115",
    "calculation_method": "graphic solution",
    "polymerization_type": "free radical",
    "logP": 1.6866,
    "monomer1_data": {
        "smiles": "C=CC(=O)OC",
        "ip": 14.692732411397026,
        "ip_corrected": 9.846732411397026,
        "ea": 4.030066384655581,
        "homo": -0.4168160434029768,
        "lumo": -0.2773691414537491,
        "charges": {
            "1": -0.05910028257802403,
            "2": -0.05891213215875579,
            "3": 0.35476352912512465,
            "4": -0.40846952249873264,
            "5": -0.2625731186295399,
            "6": 0.033879670341886575,
            "7": 0.06373910620529047,
            "8": 0.07928391219632687,
            "9": 0.06499169701591358,
            "10": 0.06245444367086885,
            "11": 0.0674878155430939,
            "12": 0.06245488176655236
        },
        "dipole": [
            -0.21046297932765884,
            0.4997949964478015,
            0.48599304453707654
        ],
        "global_electrophilicity": 0.9560850763102827,
        "global_nucleophilicity": -9.846732411397026,
        "fukui_electrophilicity": {
            "1": 0.10045528904100862,
            "2": 0.06659787353463309,
            "3": 0.08309718067197513,
            "4": 0.18886974595517186,
            "5": 0.09414612400709466,
            "6": -0.03671390395244005,
            "7": 0.13123909598665776,
            "8": 0.11309867892022751,
            "9": 0.11608063227745903,
            "10": 0.041356623377842835,
            "11": 0.06041668562395025,
            "12": 0.04135597455642097
        },
        "fukui_nucleophilicity": {
            "1": 0.03183016716631685,
            "2": 0.04342538760330884,
            "3": 0.02745713021547752,
            "4": 0.1972799705633549,
            "5": 0.11741773446980242,
            "6": -0.02896784140331135,
            "7": 0.13225214038505362,
            "8": 0.10144028310281646,
            "9": 0.11688162778501492,
            "10": 0.084423043138663,
            "11": 0.09213950423458996,
            "12": 0.08442085273883593
        },
        "boltzmann_weights": [
            0.7809023146078801,
            0.21909768539211993
        ],
        "best_conformer_elements": [
            6,
            6,
            6,
            8,
            8,
            6,
            1,
            1,
            1,
            1,
            1,
            1
        ],
        "best_conformer_coordinates": [
            [
                2.375424253170833,
                -0.042464140977707156,
                -0.4723742197909711
            ],
            [
                1.2118789673370156,
                -0.6032180699507831,
                -0.1778923349614194
            ],
            [
                0.07573264959292948,
                0.20527961374389403,
                0.313405683545105
            ],
            [
                0.0842737382714263,
                1.397737925563697,
                0.48979711281800653
            ],
            [
                -0.9959034802211988,
                -0.570104593056496,
                0.5457210463207341
            ],
            [
                -2.154643966463659,
                0.0955089680808996,
                1.0229047305535233
            ],
            [
                3.21578035662919,
                -0.6112512968509941,
                -0.8313744780665208
            ],
            [
                2.507578563756908,
                1.0211127492421515,
                -0.3555848968312252
            ],
            [
                1.0221292290557205,
                -1.6612436490330131,
                -0.2751001150022963
            ],
            [
                -2.4857492614290058,
                0.8449871259167941,
                0.3008348277662345
            ],
            [
                -1.9420815999057395,
                0.5940269322202341,
                1.9710767843292463
            ],
            [
                -2.91441945508618,
                -0.6703715596068814,
                1.1551369575003487
            ]
        ],
        "best_conformer_energy": -19.72419792074873,
        "fukui_radical": {
            "1": 0.06614234405092229,
            "2": 0.05501143593739626,
            "3": 0.05527674562022347,
            "4": 0.1930754795185456,
            "5": 0.10578229887992882,
            "6": -0.03284110158087987,
            "7": 0.13174568347369603,
            "8": 0.10726967677866533,
            "9": 0.1164811191205049,
            "10": 0.06288924532380025,
            "11": 0.06288922954329282,
            "12": 0.07627784333393672
        }
    },
    "monomer2_data": {
        "smiles": "C#Cc1ccccc1",
        "ip": 13.564241631122004,
        "ip_corrected": 8.718241631122003,
        "ea": 3.6473791487023295,
        "homo": -0.3882736203067431,
        "lumo": -0.24208517970776783,
        "charges": {
            "1": -0.10039710165937993,
            "2": -0.02263151406619586,
            "3": 0.038594072418230235,
            "4": -0.028468918943649453,
            "5": -0.028306937556409152,
            "6": -0.029171608619137417,
            "7": -0.028310933570539515,
            "8": -0.028468101365492653,
            "9": 0.07512322865516388,
            "10": 0.03234857461859576,
            "11": 0.02914940879146275,
            "12": 0.02904066040587076,
            "13": 0.029172702862238976,
            "14": 0.032326468029231385
        },
        "dipole": [
            -0.09602769301091293,
            0.01546842556598293,
            0.011683123865369047
        ],
        "global_electrophilicity": 0.7127342036431218,
        "global_nucleophilicity": -8.718241631122003,
        "fukui_electrophilicity": {
            "1": 0.10839100056429563,
            "2": 0.059004313009703685,
            "3": 0.08622810792488854,
            "4": 0.03766218780074335,
            "5": 0.0314901788545918,
            "6": 0.07855372292637558,
            "7": 0.03152340866644165,
            "8": 0.03763135296343926,
            "9": 0.10494937484761001,
            "10": 0.07982681251854051,
            "11": 0.08481041421073172,
            "12": 0.09529105195657815,
            "13": 0.08482320377536745,
            "14": 0.07981486998067226
        },
        "fukui_nucleophilicity": {
            "1": 0.11857483766733062,
            "2": 0.07984860932622542,
            "3": 0.07049299407007123,
            "4": 0.03944934235724846,
            "5": 0.03474717227270966,
            "6": 0.07353719535671902,
            "7": 0.03472388510703883,
            "8": 0.03949678383025492,
            "9": 0.10709304275974377,
            "10": 0.0750619918726047,
            "11": 0.08129331804691939,
            "12": 0.08931721905432041,
            "13": 0.08129397505601985,
            "14": 0.07506963325291355
        },
        "boltzmann_weights": [
            1.0
        ],
        "best_conformer_elements": [
            6,
            6,
            6,
            6,
            6,
            6,
            6,
            6,
            1,
            1,
            1,
            1,
            1,
            1
        ],