{
    "file": "paper_847.json",
    "monomer1_s": "C=CC(=O)OC",
    "monomer2_s": "C=C(C)N=C=O",
    "monomer1": "methyl acrylate",
    "monomer2": "isopropenyl isocyanate",
    "r_values": {
        "constant_1": 0.8,
        "constant_2": 0.08
    },
    "conf_intervals": {
        "constant_conf_1": 0.1,
        "constant_conf_2": 0.01
    },
    "temperature": 60.0,
    "temperature_unit": "\u00b0C",
    "solvent": "c1ccccc1",
    "method": "solvent",
    "r-product": null,
    "source": "Bull. Soc. Chim. Belg., 65, pp. 571-579, 1956",
    "calculation_method": "approximations successives",
    "polymerization_type": "free radical",
    "logP": 1.6866,
    "monomer1_data": {
        "smiles": "C=CC(=O)OC",
        "ip": 14.692732411397026,
        "ip_corrected": 9.846732411397026,
        "ea": 4.030066384655581,
        "homo": -0.4168160434029768,
        "lumo": -0.2773691414537491,
        "charges": {
            "1": -0.05910028257802403,
            "2": -0.05891213215875579,
            "3": 0.35476352912512465,
            "4": -0.40846952249873264,
            "5": -0.2625731186295399,
            "6": 0.033879670341886575,
            "7": 0.06373910620529047,
            "8": 0.07928391219632687,
            "9": 0.06499169701591358,
            "10": 0.06245444367086885,
            "11": 0.0674878155430939,
            "12": 0.06245488176655236
        },
        "dipole": [
            -0.21046297932765884,
            0.4997949964478015,
            0.48599304453707654
        ],
        "global_electrophilicity": 0.9560850763102827,
        "global_nucleophilicity": -9.846732411397026,
        "fukui_electrophilicity": {
            "1": 0.10045528904100862,
            "2": 0.06659787353463309,
            "3": 0.08309718067197513,
            "4": 0.18886974595517186,
            "5": 0.09414612400709466,
            "6": -0.03671390395244005,
            "7": 0.13123909598665776,
            "8": 0.11309867892022751,
            "9": 0.11608063227745903,
            "10": 0.041356623377842835,
            "11": 0.06041668562395025,
            "12": 0.04135597455642097
        },
        "fukui_nucleophilicity": {
            "1": 0.03183016716631685,
            "2": 0.04342538760330884,
            "3": 0.02745713021547752,
            "4": 0.1972799705633549,
            "5": 0.11741773446980242,
            "6": -0.02896784140331135,
            "7": 0.13225214038505362,
            "8": 0.10144028310281646,
            "9": 0.11688162778501492,
            "10": 0.084423043138663,
            "11": 0.09213950423458996,
            "12": 0.08442085273883593
        },
        "boltzmann_weights": [
            0.7809023146078801,
            0.21909768539211993
        ],
        "best_conformer_elements": [
            6,
            6,
            6,
            8,
            8,
            6,
            1,
            1,
            1,
            1,
            1,
            1
        ],
        "best_conformer_coordinates": [
            [
                2.375424253170833,
                -0.042464140977707156,
                -0.4723742197909711
            ],
            [
                1.2118789673370156,
                -0.6032180699507831,
                -0.1778923349614194
            ],
            [
                0.07573264959292948,
                0.20527961374389403,
                0.313405683545105
            ],
            [
                0.0842737382714263,
                1.397737925563697,
                0.48979711281800653
            ],
            [
                -0.9959034802211988,
                -0.570104593056496,
                0.5457210463207341
            ],
            [
                -2.154643966463659,
                0.0955089680808996,
                1.0229047305535233
            ],
            [
                3.21578035662919,
                -0.6112512968509941,
                -0.8313744780665208
            ],
            [
                2.507578563756908,
                1.0211127492421515,
                -0.3555848968312252
            ],
            [
                1.0221292290557205,
                -1.6612436490330131,
                -0.2751001150022963
            ],
            [
                -2.4857492614290058,
                0.8449871259167941,
                0.3008348277662345
            ],
            [
                -1.9420815999057395,
                0.5940269322202341,
                1.9710767843292463
            ],
            [
                -2.91441945508618,
                -0.6703715596068814,
                1.1551369575003487
            ]
        ],
        "best_conformer_energy": -19.72419792074873,
        "fukui_radical": {
            "1": 0.06614234405092229,
            "2": 0.05501143593739626,
            "3": 0.05527674562022347,
            "4": 0.1930754795185456,
            "5": 0.10578229887992882,
            "6": -0.03284110158087987,
            "7": 0.13174568347369603,
            "8": 0.10726967677866533,
            "9": 0.1164811191205049,
            "10": 0.06288924532380025,
            "11": 0.06288922954329282,
            "12": 0.07627784333393672
        }
    },
    "monomer2_data": {
        "smiles": "C=C(C)N=C=O",
        "ip": 14.163688872602215,
        "ip_corrected": 9.317688872602215,
        "ea": 3.0044566882463295,
        "homo": -0.3972852824703561,
        "lumo": -0.2352486568258291,
        "charges": {
            "1": -0.11390455176368511,
            "2": 0.09881326150661239,
            "3": -0.11734053170008629,
            "4": -0.17094246387231296,
            "5": 0.31139573895423966,
            "6": -0.27757991436576007,
            "7": 0.0501268209408604,
            "8": 0.055168431009181625,
            "9": 0.05302291626580996,
            "10": 0.05315259219521826,
            "11": 0.05808770082992797
        },
        "dipole": [
            -0.9686655664867889,
            0.3278481400034461,
            0.21464887591158927
        ],
        "global_electrophilicity": 0.6260819687638476,
        "global_nucleophilicity": -9.317688872602215,
        "fukui_electrophilicity": {
            "1": 0.1006458843280425,
            "2": 0.10040789202739749,
            "3": -0.03958396971367753,
            "4": 0.10263015906663717,
            "5": 0.10006622133911952,
            "6": 0.19846354825877588,
            "7": 0.12394673037392695,
            "8": 0.11402395811190652,
            "9": 0.06855683202332352,
            "10": 0.06876487013997672,
            "11": 0.06207787404458269
        },
        "fukui_nucleophilicity": {
            "1": 0.10706468004462852,
            "2": 0.06557929897928795,
            "3": -0.030099752678470093,
            "4": 0.12150427934531396,
            "5": 0.04356570046808711,
            "6": 0.19905200178833804,
            "7": 0.11516646838376582,
            "8": 0.10992722339298924,
            "9": 0.09929222577232072,
            "10": 0.09984781791143388,
            "11": 0.06910005659336238
        },
        "boltzmann_weights": [
            0.5000011129038909,
            0.499998887096109
        ],
        "best_conformer_elements": [
            6,
            6,
            6,
            7,
            6,
            8,
            1,
            1,
            1,
            1,
            1
        ],