{
    "file": "paper_200.json",
    "monomer1_s": "C=COC(C)=O",
    "monomer2_s": "C=COC(=O)CCC",
    "monomer1": "vinyl acetate",
    "monomer2": "vinyl butyrate",
    "r_values": {
        "constant_1": 1.0,
        "constant_2": 0.97
    },
    "conf_intervals": {
        "constant_conf_1": 0.07,
        "constant_conf_2": 0.07
    },
    "temperature": 60.0,
    "temperature_unit": "\u00b0C",
    "solvent": "c1ccccc1",
    "method": "solvent",
    "r-product": null,
    "source": "European Polymer Journal, 1968, Vol. 4, pp. 669-675",
    "calculation_method": "Fineman-Ross",
    "polymerization_type": "free radical",
    "logP": 1.6866,
    "monomer1_data": {
        "smiles": "C=COC(C)=O",
        "ip": 14.601504628221,
        "ip_corrected": 9.755504628221,
        "ea": 3.490615368816575,
        "homo": -0.4145390017965533,
        "lumo": -0.25140710840020714,
        "charges": {
            "1": -0.1113144265465606,
            "2": 0.10275648997074144,
            "3": -0.23854567980417674,
            "4": 0.36051791203275774,
            "5": -0.14792469300456296,
            "6": -0.3941835952860412,
            "7": 0.0672027324062841,
            "8": 0.061754928475895525,
            "9": 0.06259426290396605,
            "10": 0.0798657892235391,
            "11": 0.07986554111784669,
            "12": 0.07741073851030468
        },
        "dipole": [
            -0.05662756234607951,
            0.8569322894357296,
            0.3032221954910163
        ],
        "global_electrophilicity": 0.7938385299010362,
        "global_nucleophilicity": -9.755504628221,
        "fukui_electrophilicity": {
            "1": 0.08578275154992779,
            "2": 0.05012042592149622,
            "3": 0.08548542688035027,
            "4": 0.1077747470395175,
            "5": -0.03566661197540642,
            "6": 0.1945451708476108,
            "7": 0.10129460191247838,
            "8": 0.10886613014224744,
            "9": 0.08002416146027588,
            "10": 0.07769818359128527,
            "11": 0.07769768191324698,
            "12": 0.06637733071696028
        },
        "fukui_nucleophilicity": {
            "1": 0.08397544139564725,
            "2": 0.05141341223033291,
            "3": 0.1192110587495277,
            "4": 0.020656009635123818,
            "5": 0.0005916960941607929,
            "6": 0.19418607171709723,
            "7": 0.10376364413597791,
            "8": 0.11328100818473896,
            "9": 0.08001761147510311,
            "10": 0.08274267589853532,
            "11": 0.08274260610176629,
            "12": 0.06741876460304048
        },
        "boltzmann_weights": [
            0.8944295654127825,
            0.10557043458721739
        ],
        "best_conformer_elements": [
            6,
            6,
            8,
            6,
            6,
            8,
            1,
            1,
            1,
            1,
            1,
            1
        ],
        "best_conformer_coordinates": [
            [
                -2.437324228179656,
                0.3937548641510361,
                0.7661558261260201
            ],
            [
                -1.419191674043415,
                0.15504350740379952,
                -0.03816350317343079
            ],
            [
                -0.13699470142679498,
                0.054584682291651455,
                0.4494470065971148
            ],
            [
                0.8676324074492782,
                -0.1906823427582238,
                -0.417050161203271
            ],
            [
                2.1783763205131863,
                -0.2621161673275299,
                0.3157577022447546
            ],
            [
                0.7153681453467421,
                -0.3287492440260778,
                -1.5993730034685176
            ],
            [
                -3.434625797340854,
                0.47063688603689013,
                0.37747406080027257
            ],
            [
                -2.298308572482812,
                0.5171088664124686,
                1.8253979062734973
            ],
            [
                -1.5051742223637885,
                0.023233201377353147,
                -1.1094807066069712
            ],
            [
                2.9803502386050886,
                -0.4595729552317396,
                -0.3883925357283291
            ],
            [
                2.3566758152573186,
                0.6789522285520536,
                0.8306132330041143
            ],
            [
                2.133216268665729,
                -1.0521935268816693,
                1.0615558584970322
            ]
        ],
        "best_conformer_energy": -19.732766794333997,
        "fukui_radical": {
            "1": 0.08487933457318195,
            "2": 0.05076628160926413,
            "3": 0.10235031259099811,
            "4": 0.06421611335671049,
            "5": -0.01753875511643964,
            "6": 0.1943629934637996,
            "7": 0.1110728645776535,
            "8": 0.10253149006745386,
            "9": 0.08002125775720795,
            "10": 0.06689794903707227,
            "11": 0.080220216853419,
            "12": 0.0802199413401228
        }
    },
    "monomer2_data": {
        "smiles": "C=COC(=O)CCC",
        "ip": 13.909256519647863,
        "ip_corrected": 9.063256519647863,
        "ea": 3.4899714542289324,
        "homo": -0.4126014381158866,
        "lumo": -0.24921216501624074,
        "charges": {
            "1": -0.11199528106323589,
            "2": 0.10359678493309894,
            "3": -0.24348368505654877,
            "4": 0.35492077695066926,
            "5": -0.3940821173071733,
            "6": -0.09140461354198079,
            "7": -0.052902042322484646,
            "8": -0.10644599369621438,
            "9": 0.06654842974955483,
            "10": 0.06124168905062869,
            "11": 0.062375686166086734,
            "12": 0.06945953757183039,
            "13": 0.06945957985367152,
            "14": 0.04813056985104264,
            "15": 0.04813063195321195,
            "16": 0.037428496877794856,
            "17": 0.03742849748392874,
            "18": 0.04159305254612501
        },
        "dipole": [
            -0.06271931334744203,
            0.8549656475793567,
            -0.03705374596906649
        ],
        "global_electrophilicity": 0.7126372235276857,
        "global_nucleophilicity": -9.063256519647863,
        "fukui_electrophilicity": {
            "1": 0.0846160590660783,
            "2": 0.049864760154397864,
            "3": 0.0826014993809554,
            "4": 0.10631738826064932,
            "5": 0.1920683525672338,
            "6": -0.018836101993812193,
            "7": -0.009534119333519567,
            "8": -0.013716072291416526,
            "9": 0.09961639779949044,
            "10": 0.1069201982124611,
            "11": 0.07839747759176115,
            "12": 0.0680757444878278,
            "13": 0.06807582053901608,
            "14": 0.018822293812766434,
            "15": 0.018822270987903504,
            "16": 0.018249826971989198,
            "17": 0.018249826077092503,
            "18": 0.03138837770914681
        },
        "fukui_nucleophilicity": {
            "1": 0.06377243229379397,
            "2": 0.03764900920179322,
            "3": 0.08051504374725965,
            "4": 0.0039358730916100315,
            "5": 0.0913744384676431,
            "6": -0.007611254818733634,
            "7": -0.0049228258189026874,
            "8": -0.018375076669744236,
            "9": 0.0730622547900788,
            "10": 0.0820991985034249,
            "11": 0.0601923897015666,
            "12": 0.06253648484579909,
            "13": 0.06253653940944437,
            "14": 0.09305237349316176,
            "15": 0.09305234385458148,
            "16": 0.08261538008653366,
            "17": 0.08261539463987227,
            "18": 0.06190000216657429
        },