{
    "file": "paper_123.json",
    "monomer1_s": "C=Cc1ccccn1",
    "monomer2_s": "C=Cc1ccccc1",
    "monomer1": "2-Vinyl pyridine",
    "monomer2": "Styrene",
    "r_values": {
        "constant_1": 1.81,
        "constant_2": 0.55
    },
    "conf_intervals": {
        "constant_conf_1": 0.05,
        "constant_conf_2": 0.03
    },
    "temperature": 60.0,
    "temperature_unit": "\u00b0C",
    "solvent": null,
    "method": "bulk",
    "r-product": null,
    "source": "Journal of Polymer Science, Vol. XXX, Pages 331-341 (1958)",
    "calculation_method": null,
    "polymerization_type": "free radical",
    "monomer1_data": {
        "smiles": "C=Cc1ccccn1",
        "ip": 13.201223226157223,
        "ip_corrected": 8.355223226157223,
        "ea": 4.237070194336044,
        "homo": -0.3636559341580553,
        "lumo": -0.26257460038069136,
        "charges": {
            "1": -0.07530521132368516,
            "2": -0.035226696565262554,
            "3": 0.09750181082480712,
            "4": -0.04434270604400282,
            "5": -0.012716128018304837,
            "6": -0.04232858448902489,
            "7": 0.06027405908592043,
            "8": -0.2267296432838055,
            "9": 0.044383360247027936,
            "10": 0.06771418221994255,
            "11": 0.03448703169897081,
            "12": 0.03259095780404444,
            "13": 0.03165806036145266,
            "14": 0.032708342304983797,
            "15": 0.03533116517692729
        },
        "dipole": [
            -0.3556132917420013,
            0.5117134101670725,
            0.05585066642298136
        ],
        "global_electrophilicity": 0.8367363534425643,
        "global_nucleophilicity": -8.355223226157223,
        "fukui_electrophilicity": {
            "1": 0.07204126148407276,
            "2": 0.0396323609933082,
            "3": 0.060960388566049545,
            "4": 0.0236127299598868,
            "5": 0.043044963152316706,
            "6": 0.06479787573689029,
            "7": 0.01289655017093927,
            "8": 0.09798437276096619,
            "9": 0.09841480791191187,
            "10": 0.08001680828583885,
            "11": 0.08161253918358077,
            "12": 0.07271509071105593,
            "13": 0.0839784856837093,
            "14": 0.08910382129507806,
            "15": 0.07918794410438643
        },
        "fukui_nucleophilicity": {
            "1": 0.04648942286299322,
            "2": 0.03015202046134361,
            "3": 0.024992905692831788,
            "4": 0.03853861072793261,
            "5": 0.024814871506768157,
            "6": 0.04475859984373037,
            "7": 0.014413525538630359,
            "8": 0.18931798590253116,
            "9": 0.07964582289409332,
            "10": 0.047360850341848074,
            "11": 0.06823938211971978,
            "12": 0.09054248327173081,
            "13": 0.10561405250250827,
            "14": 0.09226905768397375,
            "15": 0.10285040906267191
        },
        "boltzmann_weights": [
            0.6758142455098677,
            0.3241857544901322
        ],
        "best_conformer_elements": [
            6,
            6,
            6,
            6,
            6,
            6,
            6,
            7,
            1,
            1,
            1,
            1,
            1,
            1,
            1
        ],
        "best_conformer_coordinates": [
            [
                2.5635168578946845,
                1.1593508995600794,
                -0.1061867426505919
            ],
            [
                1.7546252014544719,
                0.39254672039031674,
                0.6140087470711316
            ],
            [
                0.39692919382072406,
                0.050937498307734,
                0.20374390270832698
            ],
            [
                -0.4042323302148411,
                -0.7629366160791479,
                1.0102027659963628
            ],
            [
                -1.6866448107350658,
                -1.068068123525575,
                0.5926569308107704
            ],
            [
                -2.136329548946158,
                -0.5556908141929798,
                -0.6144322646900634
            ],
            [
                -1.2670339791875838,
                0.24299185409847784,
                -1.344929721290687
            ],
            [
                -0.04469612089726532,
                0.5390400528424774,
                -0.9558669390860066
            ],
            [
                3.5623796721495515,
                1.3988023305229669,
                0.21597750362922824
            ],
            [
                2.2311041933691693,
                1.5656877833591252,
                -1.0457230399723583
            ],
            [
                2.0748496304574773,
                -0.023204582499509734,
                1.5607325203034619
            ],
            [
                -0.02098169753086187,
                -1.1447456619204617,
                1.944994136918074
            ],
            [
                -2.326509046894622,
                -1.695200720974442,
                1.1975618087190862
            ],
            [
                -3.129469306831709,
                -0.7683273256340974,
                -0.9783215872876734
            ],
            [
                -1.5675079131996983,
                0.6688167057450253,
                -2.294418031762597
            ]
        ],
        "best_conformer_energy": -21.43070258665842,
        "fukui_radical": {
            "1": 0.05926450017840455,
            "2": 0.03489245569326216,
            "3": 0.042976366537975326,
            "4": 0.031075964285771508,
            "5": 0.03392917223475853,
            "6": 0.0547786932205058,
            "7": 0.013654149414284257,
            "8": 0.1436529696787043,
            "9": 0.08903027770347022,
            "10": 0.06368820403532759,
            "11": 0.074925844590204,
            "12": 0.08162899231033223,
            "13": 0.09479663981834746,
            "14": 0.0906862701642882,
            "15": 0.09101950034099633
        }
    },
    "monomer2_data": {
        "smiles": "C=Cc1ccccc1",
        "ip": 13.323305315341791,
        "ip_corrected": 8.477305315341791,
        "ea": 3.959877946938991,
        "homo": -0.3831985290395731,
        "lumo": -0.2501966690470822,
        "charges": {
            "1": -0.08578934436600626,
            "2": -0.030259830597504936,
            "3": 0.01460321229207634,
            "4": -0.032430750206366904,
            "5": -0.029945437580900583,
            "6": -0.030379977266510892,
            "7": -0.029893803249294533,
            "8": -0.033985609164289644,
            "9": 0.038721208943534896,
            "10": 0.036165150785770366,
            "11": 0.033044651543264955,
            "12": 0.03404524115950842,
            "13": 0.028965873902585763,
            "14": 0.02897855112451052,
            "15": 0.028735857233840652,
            "16": 0.029425005445779806
        },
        "dipole": [
            -0.00599695759505601,
            0.00019607223034193996,
            -0.0018463290012354543
        ],
        "global_electrophilicity": 0.7692971421446727,
        "global_nucleophilicity": -8.477305315341791,
        "fukui_electrophilicity": {
            "1": 0.07209309972414436,
            "2": 0.04352510810351072,
            "3": 0.06230438364782903,
            "4": 0.03213425829454332,
            "5": 0.026312904098299825,
            "6": 0.06792045239213465,
            "7": 0.02876303434297292,
            "8": 0.03213381752054322,
            "9": 0.08376002497375698,
            "10": 0.09874578293688194,
            "11": 0.08145474392689236,
            "12": 0.06271242240018035,
            "13": 0.07540055911977092,
            "14": 0.08585900759002232,
            "15": 0.07693189708388407,
            "16": 0.06994850384463236
        },
        "fukui_nucleophilicity": {
            "1": 0.07260243947817689,