{
    "file": "paper_24.json",
    "monomer1_s": "C=C(C)C(=O)Oc1ccccc1C(=O)OC",
    "monomer2_s": "C=Cc1ccccc1",
    "monomer1": "methyl 2-methacryloyloxybenzoate",
    "monomer2": "styrene",
    "r_values": {
        "constant_1": 0.245,
        "constant_2": 0.433
    },
    "conf_intervals": {
        "constant_conf_1": 0.248,
        "constant_conf_2": 0.48
    },
    "temperature": 50.0,
    "temperature_unit": "\u00b0C",
    "solvent": "c1ccccc1",
    "method": "solvent",
    "r-product": null,
    "source": "10.1002/macp.1982.021830111",
    "calculation_method": "Fineman-Ross",
    "polymerization_type": "free radical",
    "logP": 1.6866,
    "monomer1_data": {
        "smiles": "C=C(C)C(=O)Oc1ccccc1C(=O)OC",
        "ip": 13.369242740378303,
        "ip_corrected": 8.523242740378302,
        "ea": 5.229780074224538,
        "homo": -0.40894555724620324,
        "lumo": -0.2785091017388755,
        "charges": {
            "1": -0.0766156678728934,
            "2": -0.0011514446550694585,
            "3": -0.11249734595103789,
            "4": 0.36389781858674436,
            "5": -0.41383725653260084,
            "6": -0.2400567764655594,
            "7": 0.1590603768157529,
            "8": -0.0439077051393417,
            "9": -0.022517585771831918,
            "10": -0.030542197880974592,
            "11": -0.021361912173944696,
            "12": -0.0280670648325078,
            "13": 0.3691321950349514,
            "14": -0.4239930429836641,
            "15": -0.25091089939880273,
            "16": 0.034422829695341106,
            "17": 0.0593485724290166,
            "18": 0.06885231132626632,
            "19": 0.061397149766266715,
            "20": 0.07213992918066814,
            "21": 0.05240825303605718,
            "22": 0.06078864079786413,
            "23": 0.052556892146663224,
            "24": 0.05106737331518324,
            "25": 0.06096138595572001,
            "26": 0.06243601567491188,
            "27": 0.06754906280682721,
            "28": 0.06944009308998869
        },
        "dipole": [
            -0.12627642876950618,
            0.5735657389616505,
            0.051527822125927686
        ],
        "global_electrophilicity": 1.2183705895868524,
        "global_nucleophilicity": -8.523242740378302,
        "fukui_electrophilicity": {
            "1": 0.04135627182092583,
            "2": 0.030735324776079424,
            "3": -0.019335895359935212,
            "4": 0.03319231641560583,
            "5": 0.07773202427551268,
            "6": 0.04411689687355291,
            "7": 0.021429472215509393,
            "8": 0.015935546713547577,
            "9": 0.04160644392872246,
            "10": 0.025352951075873265,
            "11": 0.02059746282145184,
            "12": 0.03567039301383779,
            "13": 0.02976698836903624,
            "14": 0.07370882700190307,
            "15": 0.04731185379716418,
            "16": -0.01948057461979401,
            "17": 0.06443579238188933,
            "18": 0.04788433587959564,
            "19": 0.031066438752462573,
            "20": 0.02440014655599624,
            "21": 0.03645836747916689,
            "22": 0.04864689701985348,
            "23": 0.06137012176027759,
            "24": 0.05803319431110967,
            "25": 0.049163645961182556,
            "26": 0.026194697611397914,
            "27": 0.01723814793324139,
            "28": 0.03541191123605332
        },
        "fukui_nucleophilicity": {
            "1": 0.03368103521049405,
            "2": 0.03426652741071791,
            "3": -0.01537443397273991,
            "4": 0.004624902351670457,
            "5": 0.07499762173497204,
            "6": 0.04666345263313271,
            "7": 0.01836964539625427,
            "8": 0.022467038187980924,
            "9": 0.019469918952748473,
            "10": 0.033898921556308664,
            "11": 0.02009186499938346,
            "12": 0.02219768611670038,
            "13": 0.00626040290764851,
            "14": 0.07909493818094426,
            "15": 0.04737108771272641,
            "16": -0.01654875230069161,
            "17": 0.06109069298110405,
            "18": 0.047405482207137084,
            "19": 0.05590010096918978,
            "20": 0.04875439897601515,
            "21": 0.05184593699259219,
            "22": 0.04736407150251053,
            "23": 0.061493552497138594,
            "24": 0.056827258019387206,
            "25": 0.049481824508484304,
            "26": 0.026633427794490273,
            "27": 0.022111210322524916,
            "28": 0.03956018615118004
        },
        "boltzmann_weights": [
            0.2791220863276517,
            0.279118579879986,
            0.08735396648075307,
            0.08735324256752748,
            0.0849066428119643,
            0.08490632419110794,
            0.037593352630096506,
            0.03759332329459639,
            0.015302920924354535,
            0.0067495608919621065
        ],
        "best_conformer_elements": [
            6,
            6,
            6,
            6,
            8,
            8,
            6,
            6,
            6,
            6,
            6,
            6,
            6,
            8,
            8,
            6,
            1,
            1,
            1,
            1,
            1,
            1,
            1,
            1,
            1,
            1,
            1,
            1
        ],