{
    "file": "paper_599.json",
    "monomer1_s": "C=CCOC(C)=O",
    "monomer2_s": "C=CC(=O)OCCCC",
    "monomer1": "allyl acetate",
    "monomer2": "n-butyl acrylate",
    "r_values": {
        "constant_1": 0.04,
        "constant_2": 11.7
    },
    "conf_intervals": {
        "constant_conf_1": 0.02,
        "constant_conf_2": 1.0
    },
    "temperature": 80.0,
    "temperature_unit": "\u00b0C",
    "solvent": "Cc1ccccc1",
    "method": "solvent",
    "r-product": null,
    "source": "10.1016/0014-3057(93)90008-5",
    "calculation_method": "NMR spectroscopy",
    "polymerization_type": "free radical",
    "logP": 1.99502,
    "monomer1_data": {
        "smiles": "C=CCOC(C)=O",
        "ip": 14.175935609722522,
        "ip_corrected": 9.329935609722522,
        "ea": 3.0648039861199505,
        "homo": -0.414098136521325,
        "lumo": -0.2286430926160556,
        "charges": {
            "1": -0.08548288627445036,
            "2": -0.03594326750927282,
            "3": 0.08209884594272815,
            "4": -0.2607811399970586,
            "5": 0.36066124879151973,
            "6": -0.146775105220526,
            "7": -0.4109543477969183,
            "8": 0.0586390332902596,
            "9": 0.047282749570411134,
            "10": 0.044965770043134866,
            "11": 0.058869455263493395,
            "12": 0.058869631826315036,
            "13": 0.07556008199118612,
            "14": 0.07649502208731829,
            "15": 0.07649490799184909
        },
        "dipole": [
            -0.2969213716178875,
            0.8436944414706466,
            0.09258310214425158
        ],
        "global_electrophilicity": 0.6410628482340418,
        "global_nucleophilicity": -9.329935609722522,
        "fukui_electrophilicity": {
            "1": 0.06413485123882876,
            "2": 0.0745061707070947,
            "3": -0.03060249680480845,
            "4": 0.07602590192086289,
            "5": 0.09469368505495451,
            "6": -0.03136841896038614,
            "7": 0.1670856430568669,
            "8": 0.07656229830749167,
            "9": 0.09545659045964905,
            "10": 0.09019301243195935,
            "11": 0.06600751081224437,
            "12": 0.06600723379505154,
            "13": 0.059157650842028606,
            "14": 0.06607032705622344,
            "15": 0.06607004008193972
        },
        "fukui_nucleophilicity": {
            "1": 0.06566055891688587,
            "2": 0.05627023080029844,
            "3": -0.018138316268801094,
            "4": 0.0705974612178486,
            "5": 0.017982965204874357,
            "6": 0.0005882037232599335,
            "7": 0.16656545187169847,
            "8": 0.07445376001213333,
            "9": 0.09289694800799515,
            "10": 0.08579699416824169,
            "11": 0.09981819664093645,
            "12": 0.09981782473428362,
            "13": 0.0564719250881857,
            "14": 0.06560889503181738,
            "15": 0.06560890085035924
        },
        "boltzmann_weights": [
            0.12431559248538084,
            0.07797288717003718,
            0.0779784349628569,
            0.3598665410206036,
            0.3598665443611214
        ],
        "best_conformer_elements": [
            6,
            6,
            6,
            8,
            6,
            6,
            8,
            1,
            1,
            1,
            1,
            1,
            1,
            1,
            1
        ],
        "best_conformer_coordinates": [
            [
                2.1023929242354042,
                1.3574319200359595,
                0.49296472619647863
            ],
            [
                2.1346244103605967,
                0.06084610728593341,
                0.2548455943642209
            ],
            [
                0.9373311270827616,
                -0.8004267854282682,
                0.01148982700286644
            ],
            [
                -0.26320000498298085,
                -0.03587855085055709,
                0.06931713255454912
            ],
            [
                -1.402306094759323,
                -0.7049379826600544,
                -0.13433792895948152
            ],
            [
                -2.5892664880550433,
                0.21793511441014496,
                -0.04621009742253505
            ],
            [
                -1.4506741855806389,
                -1.8854952541239909,
                -0.3565815638464805
            ],
            [
                1.1722391822910279,
                1.8971114670764682,
                0.5280012963818492
            ],
            [
                3.0021708995916816,
                1.9230939303527104,
                0.6607225729904354
            ],
            [
                3.0682698724788953,
                -0.4838918209735502,
                0.21911534852940545
            ],
            [
                1.0086756658700196,
                -1.2829132759838153,
                -0.9732555985407179
            ],
            [
                0.8875779309523188,
                -1.6041105551312085,
                0.7593025113469454
            ],
            [
                -2.4925569055313153,
                1.0032018705698973,
                -0.7917498427999262
            ],
            [
                -3.5019437069405472,
                -0.3448232623595487,
                -0.2143344735927991
            ],
            [
                -2.613334616429328,
                0.6828570830716894,
                0.9361821216265334
            ]
        ],
        "best_conformer_energy": -22.890267313692284,
        "fukui_radical": {
            "1": 0.06489626051708036,
            "2": 0.06538336242716691,
            "3": -0.024372377535566217,
            "4": 0.0733165736172757,
            "5": 0.05634149890092496,
            "6": -0.01539577210872365,
            "7": 0.166822096825373,
            "8": 0.07550474572642976,
            "9": 0.09417467033027371,
            "10": 0.08799199587370812,
            "11": 0.08291943952259428,
            "12": 0.08291943911343976,
            "13": 0.06584122232376594,
            "14": 0.057815528458916965,
            "15": 0.06584131600732442
        }
    },
    "monomer2_data": {
        "smiles": "C=CC(=O)OCCCC",
        "ip": 13.787313557775578,
        "ip_corrected": 8.941313557775578,
        "ea": 3.9925591146808466,
        "homo": -0.4127272628246189,
        "lumo": -0.2743804319193664,
        "charges": {
            "1": -0.05974349118711409,
            "2": -0.05857873771035605,
            "3": 0.35520528143914426,
            "4": -0.4141800042273293,
            "5": -0.2677821935008226,
            "6": 0.08217908677405981,
            "7": -0.06734727761554657,
            "8": -0.05644562635654057,
            "9": -0.10525102602139863,
            "10": 0.06270521067099835,
            "11": 0.07867825313713442,
            "12": 0.06410267240460353,
            "13": 0.04848740094028653,
            "14": 0.04848743310769251,
            "15": 0.05096610824048667,
            "16": 0.05096612459751028,
            "17": 0.03529697108331478,
            "18": 0.03529696382048248,
            "19": 0.038628309862929734,
            "20": 0.03970023110752155,
            "21": 0.03862830943294505
        },
        "dipole": [
            -0.3977269369628635,
            0.6387143298338241,
            0.4234044801003376
        ],
        "global_electrophilicity": 0.8348050574660377,
        "global_nucleophilicity": -8.941313557775578,
        "fukui_electrophilicity": {
            "1": 0.0998331675014838,
            "2": 0.06639142085720429,
            "3": 0.08304167106843008,
            "4": 0.18608603208860336,
            "5": 0.09026133669714703,
            "6": -0.020887769395365408,
            "7": -0.0038805864344462065,
            "8": -0.003314689050342802,
            "9": -0.007577159599243002,
            "10": 0.1297702490522501,