{
    "file": "paper_74.json",
    "monomer1_s": "C=CCl",
    "monomer2_s": "C=CN1CCCC1=O",
    "monomer1": "Vinyl Chloride",
    "monomer2": "N-Vinylpyrrolidone",
    "r_values": {
        "constant_1": 0.53,
        "constant_2": 0.38
    },
    "conf_intervals": {
        "constant_conf_1": null,
        "constant_conf_2": null
    },
    "temperature": 50.0,
    "temperature_unit": "\u00b0C",
    "solvent": null,
    "method": "bulk",
    "r-product": null,
    "source": "Journal of Polymer Science, Vol. XLIII, Pages 413-421 (1960)",
    "calculation_method": "Fineman-Ross",
    "polymerization_type": "free radical",
    "monomer1_data": {
        "smiles": "C=CCl",
        "ip": 14.754770645217608,
        "ip_corrected": 9.908770645217608,
        "ea": 2.307245382256785,
        "homo": -0.4076052769098549,
        "lumo": -0.2320222117939838,
        "charges": {
            "1": -0.09705224793662236,
            "2": 0.05699516530444872,
            "3": -0.16350975738566184,
            "4": 0.06542783772641927,
            "5": 0.07139312092857801,
            "6": 0.06674588136282644
        },
        "dipole": [
            -0.5175366509494663,
            0.2927077803368346,
            -0.01146851212032033
        ],
        "global_electrophilicity": 0.545461197082854,
        "global_nucleophilicity": -9.908770645217608,
        "fukui_electrophilicity": {
            "1": 0.13072544059183683,
            "2": 0.11626085539209755,
            "3": 0.2562663443385017,
            "4": 0.1681933622199825,
            "5": 0.16064111264756686,
            "6": 0.167912884810003
        },
        "fukui_nucleophilicity": {
            "1": 0.09824950220524913,
            "2": 0.03642702645821169,
            "3": 0.48965207548113454,
            "4": 0.13487827820759216,
            "5": 0.11560914029761075,
            "6": 0.12518397735498896
        },
        "boltzmann_weights": [
            1.0
        ],
        "best_conformer_elements": [
            6,
            6,
            17,
            1,
            1,
            1
        ],
        "best_conformer_coordinates": [
            [
                -0.7077915080208962,
                -0.10105725381266828,
                0.16548276426342198
            ],
            [
                0.5426831018189576,
                0.23086149201485703,
                -0.08360837120779033
            ],
            [
                1.6974486086233311,
                -0.8784698822936139,
                -0.7130796722216319
            ],
            [
                -1.0842782030936247,
                -1.0932283312462243,
                -0.011244722066341384
            ],
            [
                -1.3965039718446586,
                0.6252292555082153,
                0.5591504326247929
            ],
            [
                0.9484419778086636,
                1.2166647198294431,
                0.08329956860755285
            ]
        ],
        "best_conformer_energy": -10.32189947493295,
        "fukui_radical": {
            "1": 0.11448843783985634,
            "2": 0.07634633162550628,
            "3": 0.3729557814369195,
            "4": 0.13812455192456854,
            "5": 0.15153560714997333,
            "6": 0.14654929002558126
        }
    },
    "monomer2_data": {
        "smiles": "C=CN1CCCC1=O",
        "ip": 13.37823492640183,
        "ip_corrected": 8.53223492640183,
        "ea": 3.110490528713574,
        "homo": -0.3789173403999514,
        "lumo": -0.23113056633898044,
        "charges": {
            "1": -0.1211077192016036,
            "2": 0.022136294251985086,
            "3": -0.06910573709137108,
            "4": -0.0027676116833827286,
            "5": -0.06509690367358469,
            "6": -0.0910107644195765,
            "7": 0.27161945079505045,
            "8": -0.4175889401795349,
            "9": 0.043933493954723554,
            "10": 0.03613009463987398,
            "11": 0.06721815522561857,
            "12": 0.04720038729052176,
            "13": 0.054155234434116635,
            "14": 0.04832987133732095,
            "15": 0.048575903425175586,
            "16": 0.06457369537303193,
            "17": 0.06280509552163123
        },
        "dipole": [
            -0.6005621140091192,
            1.1773082192286208,
            -1.014835901013765
        ],
        "global_electrophilicity": 0.5623858941528388,
        "global_nucleophilicity": -8.53223492640183,
        "fukui_electrophilicity": {
            "1": 0.07967459628825524,
            "2": 0.05568424198036035,
            "3": 0.057412751954590835,
            "4": -0.026974417232942,
            "5": -0.013366967924093448,
            "6": -0.017133699634112196,
            "7": 0.10331742730875593,
            "8": 0.17546881644801143,
            "9": 0.1027128203909006,
            "10": 0.09599163109041359,
            "11": 0.07315344622416288,
            "12": 0.044631764775846995,
            "13": 0.042029225447296745,
            "14": 0.03893015663967909,
            "15": 0.05281637168810928,
            "16": 0.06567325131554697,
            "17": 0.06997858323921419
        },
        "fukui_nucleophilicity": {
            "1": 0.07799880851613611,
            "2": 0.025638882515713057,
            "3": 0.11463610510736116,
            "4": -0.02751235725652449,
            "5": -0.010643515034231832,
            "6": -0.006035069381128619,
            "7": 0.012914812089909411,
            "8": 0.1488798292303059,
            "9": 0.09658495171038332,
            "10": 0.08084914564587323,
            "11": 0.06895802933258562,
            "12": 0.09029944860201633,
            "13": 0.07229698616061173,
            "14": 0.06182167595218704,
            "15": 0.059260189934605086,
            "16": 0.0666896227075475,
            "17": 0.06736245417149782
        },
        "boltzmann_weights": [
            0.9806987540794585,
            0.019301245920541447
        ],
        "best_conformer_elements": [
            6,
            6,
            7,
            6,
            6,
            6,
            6,
            8,
            1,
            1,
            1,
            1,
            1,
            1,
            1,
            1,
            1
        ],