{
    "file": "paper_380.json",
    "monomer1_s": "C=Cn1cnnn1",
    "monomer2_s": "C=CC#N",
    "monomer1": "1-Vinyltetrazole",
    "monomer2": "Acrylonitrile",
    "r_values": {
        "constant_1": 0.34,
        "constant_2": 0.57
    },
    "conf_intervals": {
        "constant_conf_1": 0.01,
        "constant_conf_2": 0.05
    },
    "temperature": 65.0,
    "temperature_unit": "\u00b0C",
    "solvent": "CN(C)C=O",
    "method": "solvent",
    "r-product": null,
    "source": "Journal of Applied Polymer Science, Vol. 33, 769-773 (1987)",
    "calculation_method": "Fineman-Ross",
    "polymerization_type": "free radical",
    "logP": -0.2956000000000001,
    "monomer1_data": {
        "smiles": "C=Cn1cnnn1",
        "ip": 14.412269637960453,
        "ip_corrected": 9.566269637960453,
        "ea": 4.576248874283135,
        "homo": -0.394847067323109,
        "lumo": -0.28691500421322635,
        "charges": {
            "1": -0.08608150768116181,
            "2": 0.011303196429423429,
            "3": 0.07900293441490347,
            "4": 0.0914943700513507,
            "5": -0.18525352466307315,
            "6": -0.055723757605217895,
            "7": -0.11162050612390505,
            "8": 0.06790621430759028,
            "9": 0.08604957755986424,
            "10": 0.05636890446066681,
            "11": 0.04655409884956263
        },
        "dipole": [
            -1.3561657537778162,
            1.646156375163747,
            0.26792074328849663
        ],
        "global_electrophilicity": 1.0983259710019229,
        "global_nucleophilicity": -9.566269637960453,
        "fukui_electrophilicity": {
            "1": 0.08473790439971006,
            "2": 0.04928631031091738,
            "3": 0.06305602693651571,
            "4": 0.04004312953549992,
            "5": 0.10980332148461996,
            "6": 0.1240916616611,
            "7": 0.12353494971144731,
            "8": 0.11197996405696259,
            "9": 0.09290543729061419,
            "10": 0.09554871122872248,
            "11": 0.10501258338389016
        },
        "fukui_nucleophilicity": {
            "1": 0.05400650271704639,
            "2": 0.02788503572540156,
            "3": 0.06813016206141218,
            "4": 0.001998998748564504,
            "5": 0.19782772612575972,
            "6": 0.1931067156336242,
            "7": 0.10356828033964134,
            "8": 0.08869152872904282,
            "9": 0.0688625299774296,
            "10": 0.08605173802186064,
            "11": 0.10987078192024713
        },
        "boltzmann_weights": [
            0.5635909743663933,
            0.43640902563360684
        ],
        "best_conformer_energy": -20.080734926688642,
        "best_conformer_coordinates": [
            [
                -2.0060988205486443,
                -0.007248579465613034,
                0.44323241755004045
            ],
            [
                -0.8401405104919022,
                0.6163452644214822,
                0.45525166265021993
            ],
            [
                0.3681640514100061,
                -0.05727304711295847,
                0.3108406781441549
            ],
            [
                1.6355742419995138,
                0.43521371688915084,
                0.30184353117534835
            ],
            [
                2.4637038660903583,
                -0.5594323240375304,
                0.139484736215395
            ],
            [
                1.7127249349783733,
                -1.6543550129921007,
                0.04934909798727235
            ],
            [
                0.4842503406296687,
                -1.3849395536657925,
                0.14683630060140979
            ],
            [
                -2.925850833305639,
                0.5354855414389658,
                0.5567162738807108
            ],
            [
                -2.05827179022781,
                -1.0749037354165498,
                0.3191204184569154
            ],
            [
                -0.7265752058757647,
                1.6843144037518436,
                0.5761323796529073
            ],
            [
                1.892519735925363,
                1.4667933261891632,
                0.41077544729251536
            ]
        ],
        "best_conformer_elements": [
            6,
            6,
            7,
            6,
            7,
            7,
            7,
            1,
            1,
            1,
            1
        ],
        "fukui_radical": {
            "1": 0.06937220355837634,
            "2": 0.03858567301815813,
            "3": 0.06559309449896296,
            "4": 0.021021064142031844,
            "5": 0.1538155238051878,
            "6": 0.15859918864736078,
            "7": 0.11355161502554337,
            "8": 0.10033574639300308,
            "9": 0.08088398363402183,
            "10": 0.09080022462529116,
            "11": 0.1074416826520689
        }
    },
    "monomer2_data": {
        "smiles": "C=CC#N",
        "ip": 15.437176806318503,
        "ip_corrected": 10.591176806318503,
        "ea": 3.8289813808508004,
        "homo": -0.4277683293695803,
        "lumo": -0.28211163098961317,
        "charges": {
            "1": -0.05961169012740816,
            "2": -0.01732687045759991,
            "3": 0.1182224067521214,
            "4": -0.22501464611972768,
            "5": 0.060876740653373736,
            "6": 0.056910808147125444,
            "7": 0.06594325115211837
        },
        "dipole": [
            -1.3682395954382502,
            0.4193750676404717,
            0.3073979410978311
        ],
        "global_electrophilicity": 0.9870666976349574,
        "global_nucleophilicity": -10.591176806318503,
        "fukui_electrophilicity": {
            "1": 0.11689097730490014,
            "2": 0.09589168721827514,
            "3": 0.0833043050370818,
            "4": 0.27942089987505603,
            "5": 0.1382479191580376,
            "6": 0.1483932400282401,
            "7": 0.1378509713784164
        },
        "fukui_nucleophilicity": {
            "1": 0.046376077246505845,
            "2": 0.06110797532385699,
            "3": 0.06382105585034101,
            "4": 0.3348673323308884,
            "5": 0.1560141376419441,
            "6": 0.1714270905761467,
            "7": 0.16638633108003964
        },
        "boltzmann_weights": [
            1.0
        ],
        "best_conformer_elements": [
            6,
            6,
            6,
            7,
            1,
            1,
            1
        ],
        "best_conformer_coordinates": [
            [
                -0.9016384047148559,
                -0.45919578416436035,
                -0.030680752421494126
            ],
            [
                -0.03133887486045679,
                0.4750179204570864,
                0.33412550579689987
            ],
            [
                1.3413190298728732,
                0.20293977262825588,
                0.5154865184659979
            ],
            [
                2.457902722380965,
                -0.00894504881153441,
                0.6651431422029201
            ],
            [
                -1.946002725249464,
                -0.2338337288304437,
                -0.16452309959900452
            ],
            [
                -0.5958059974068218,
                -1.4775501660291765,
                -0.20646164096824965
            ],
            [
                -0.32443575002222486,
                1.5015670294584123,
                0.5140087192113937
            ]
        ],
        "best_conformer_energy": -10.79113366694523,
        "fukui_radical": {
            "1": 0.08164051438776673,
            "2": 0.07850509074248685,
            "3": 0.07355981073640835,
            "4": 0.30714514424221057,
            "5": 0.15989706723025732,
            "6": 0.14713580820257063,
            "7": 0.152116564483423
        }
    }
}