{
    "file": "paper_630.json",
    "monomer1_s": "C=C(C)C(=O)OCCO",
    "monomer2_s": "C=C(C)C(=O)OCC(O)CO",
    "monomer1": "2-Hydroxyethylmethacrylate",
    "monomer2": "2,3-Dihydroxypropylmethacrylate",
    "r_values": {
        "constant_1": 1.81,
        "constant_2": 0.55
    },
    "conf_intervals": {
        "constant_conf_1": null,
        "constant_conf_2": null
    },
    "temperature": 60.0,
    "temperature_unit": "\u00b0C",
    "solvent": "COCCO",
    "method": "solvent",
    "r-product": null,
    "source": "POLYMER, 1982, Vol 23, January",
    "calculation_method": "Fineman-Ross",
    "polymerization_type": "free radical",
    "logP": -0.37489999999999996,
    "monomer1_data": {
        "smiles": "C=C(C)C(=O)OCCO",
        "ip": 13.89883343788266,
        "ip_corrected": 9.05283343788266,
        "ea": 4.287374310042405,
        "homo": -0.4091232859391058,
        "lumo": -0.28026877223819135,
        "charges": {
            "1": -0.07566485682227042,
            "2": -0.008597322036880628,
            "3": -0.11292612713149316,
            "4": 0.3546548479539437,
            "5": -0.42814381051296685,
            "6": -0.2619356121255887,
            "7": 0.06017167518851512,
            "8": 0.0791926479889068,
            "9": -0.449065563069907,
            "10": 0.0735881646196977,
            "11": 0.060691224207169374,
            "12": 0.06189116176685636,
            "13": 0.05422099758004086,
            "14": 0.06200867902758192,
            "15": 0.06069983748889996,
            "16": 0.06571133348938624,
            "17": 0.05181137353362462,
            "18": 0.029253223436034335,
            "19": 0.32243812541845246
        },
        "dipole": [
            -1.0108619041978995,
            -0.8484286903537416,
            0.8457639362566312
        ],
        "global_electrophilicity": 0.9383534318935792,
        "global_nucleophilicity": -9.05283343788266,
        "fukui_electrophilicity": {
            "1": 0.0890232391212874,
            "2": 0.0781577605730598,
            "3": -0.036309897534395175,
            "4": 0.08605205431034096,
            "5": 0.17507702896514804,
            "6": 0.08867825760516385,
            "7": -0.024721389469769768,
            "8": -0.013014317536757775,
            "9": 0.02486338248708897,
            "10": 0.09774800692812738,
            "11": 0.11819698924651845,
            "12": 0.062462956914232745,
            "13": 0.05756482306431851,
            "14": 0.06241403396157043,
            "15": 0.05164913363031516,
            "16": 0.034011696512097324,
            "17": 0.044274752096148534,
            "18": 0.011486128126011304,
            "19": -0.007614639000516177
        },
        "fukui_nucleophilicity": {
            "1": 0.04162852351310617,
            "2": 0.04486277893378489,
            "3": -0.018287934495701624,
            "4": 0.007072079735859771,
            "5": 0.08090991059837094,
            "6": 0.04746546874785512,
            "7": -0.006724421005884579,
            "8": -0.01821131851698314,
            "9": 0.1562216900271809,
            "10": 0.056283722858695595,
            "11": 0.07144339838886452,
            "12": 0.07187763667411037,
            "13": 0.06203173729034523,
            "14": 0.07145703594486091,
            "15": 0.07201350499228071,
            "16": 0.04562132628016846,
            "17": 0.07245860554556455,
            "18": 0.09880047992426932,
            "19": 0.04307577456267858
        },
        "fukui_radical": {
            "1": 0.06532588131719679,
            "2": 0.061510269753422345,
            "3": -0.0272989160150484,
            "4": 0.04656206702310037,
            "5": 0.1279934697817595,
            "6": 0.06807186317650948,
            "7": -0.015722905237827173,
            "8": -0.015612818026870458,
            "9": 0.09054253625713493,
            "10": 0.07701586489341149,
            "11": 0.0948201938176915,
            "12": 0.06717029679417155,
            "13": 0.05979828017733187,
            "14": 0.06693553495321566,
            "15": 0.061831319311297935,
            "16": 0.03981651139613289,
            "17": 0.05836667882085654,
            "18": 0.05514330402514032,
            "19": 0.017730567781081202
        },
        "best_conformer_coordinates": [
            [
                -2.350986263481831,
                1.5703346264633522,
                0.22140241923508908
            ],
            [
                -1.6480980396891167,
                0.4589356072816394,
                0.41913254460108645
            ],
            [
                -2.059822678502709,
                -0.6476889114321449,
                1.3347586463009558
            ],
            [
                -0.36600595624315113,
                0.3009054241779243,
                -0.3148327290269616
            ],
            [
                0.08005396700026257,
                1.1180114360476447,
                -1.0898604100987643
            ],
            [
                0.24286910415474605,
                -0.8515352721079618,
                -0.022764789356606162
            ],
            [
                1.4635402477136172,
                -1.1604420307624497,
                -0.6972625754551849
            ],
            [
                2.6224048647250746,
                -0.21743972629780012,
                -0.329573149548908
            ],
            [
                2.825172204009677,
                0.7961747489854283,
                -1.2684066841874237
            ],
            [
                -1.9952853379261368,
                2.329826166799428,
                -0.4540696470381401
            ],
            [
                -3.2877039580719916,
                1.749273997429645,
                0.7202956873386741
            ],
            [
                -2.158398706625211,
                -1.5782583537551755,
                0.7787538335785482
            ],
            [
                -3.0075826564511274,
                -0.4134314853996634,
                1.8114533830501676
            ],
            [
                -1.302015202603847,
                -0.8035655305208838,
                2.100411250306842
            ],
            [
                1.6808216713159567,
                -2.185070679922249,
                -0.3936938705688862
            ],
            [
                1.3033487286699053,
                -1.119171857950438,
                -1.780460932955341
            ],
            [
                3.554771696324466,
                -0.7860834058909789,
                -0.29591258333095455
            ],
            [
                2.431010514078273,
                0.19660596908771677,
                0.6732400552823286
            ],
            [
                1.9719058016028608,
                1.2426192830589233,
                -1.4126104428346091
            ]
        ],
        "best_conformer_elements": [
            6,
            6,
            6,
            6,
            8,
            8,
            6,
            6,
            8,
            1,
            1,
            1,
            1,
            1,
            1,
            1,
            1,
            1,
            1
        ],
        "best_conformer_energy": -30.12316433284193
    },
    "monomer2_data": {
        "smiles": "C=C(C)C(=O)OCC(O)CO",
        "ip": 13.655481966246665,
        "ip_corrected": 8.809481966246665,
        "ea": 4.423368329292981,
        "homo": -0.4114038884424821,
        "lumo": -0.28406437694617065,
        "charges": {
            "1": -0.0796581345380969,
            "2": -0.007077891961216665,
            "3": -0.11127005404808463,
            "4": 0.3542525137875782,
            "5": -0.4283602008279894,
            "6": -0.265080480247304,
            "7": 0.061804249673627285,
            "8": 0.10412469036257821,
            "9": -0.4606589735644252,
            "10": 0.07026398495644316,