{
    "file": "paper_200.json",
    "monomer1_s": "C=COC(C)=O",
    "monomer2_s": "C=COC(=O)Cc1ccccc1",
    "monomer1": "vinyl acetate",
    "monomer2": "vinyl phenylacetate",
    "r_values": {
        "constant_1": 0.96,
        "constant_2": 0.92
    },
    "conf_intervals": {
        "constant_conf_1": 0.07,
        "constant_conf_2": 0.07
    },
    "temperature": 60.0,
    "temperature_unit": "\u00b0C",
    "solvent": "c1ccccc1",
    "method": "solvent",
    "r-product": null,
    "source": "European Polymer Journal, 1968, Vol. 4, pp. 669-675",
    "calculation_method": "Fineman-Ross",
    "polymerization_type": "free radical",
    "logP": 1.6866,
    "monomer1_data": {
        "smiles": "C=COC(C)=O",
        "ip": 14.601504628221,
        "ip_corrected": 9.755504628221,
        "ea": 3.490615368816575,
        "homo": -0.4145390017965533,
        "lumo": -0.25140710840020714,
        "charges": {
            "1": -0.1113144265465606,
            "2": 0.10275648997074144,
            "3": -0.23854567980417674,
            "4": 0.36051791203275774,
            "5": -0.14792469300456296,
            "6": -0.3941835952860412,
            "7": 0.0672027324062841,
            "8": 0.061754928475895525,
            "9": 0.06259426290396605,
            "10": 0.0798657892235391,
            "11": 0.07986554111784669,
            "12": 0.07741073851030468
        },
        "dipole": [
            -0.05662756234607951,
            0.8569322894357296,
            0.3032221954910163
        ],
        "global_electrophilicity": 0.7938385299010362,
        "global_nucleophilicity": -9.755504628221,
        "fukui_electrophilicity": {
            "1": 0.08578275154992779,
            "2": 0.05012042592149622,
            "3": 0.08548542688035027,
            "4": 0.1077747470395175,
            "5": -0.03566661197540642,
            "6": 0.1945451708476108,
            "7": 0.10129460191247838,
            "8": 0.10886613014224744,
            "9": 0.08002416146027588,
            "10": 0.07769818359128527,
            "11": 0.07769768191324698,
            "12": 0.06637733071696028
        },
        "fukui_nucleophilicity": {
            "1": 0.08397544139564725,
            "2": 0.05141341223033291,
            "3": 0.1192110587495277,
            "4": 0.020656009635123818,
            "5": 0.0005916960941607929,
            "6": 0.19418607171709723,
            "7": 0.10376364413597791,
            "8": 0.11328100818473896,
            "9": 0.08001761147510311,
            "10": 0.08274267589853532,
            "11": 0.08274260610176629,
            "12": 0.06741876460304048
        },
        "boltzmann_weights": [
            0.8944295654127825,
            0.10557043458721739
        ],
        "best_conformer_elements": [
            6,
            6,
            8,
            6,
            6,
            8,
            1,
            1,
            1,
            1,
            1,
            1
        ],
        "best_conformer_coordinates": [
            [
                -2.437324228179656,
                0.3937548641510361,
                0.7661558261260201
            ],
            [
                -1.419191674043415,
                0.15504350740379952,
                -0.03816350317343079
            ],
            [
                -0.13699470142679498,
                0.054584682291651455,
                0.4494470065971148
            ],
            [
                0.8676324074492782,
                -0.1906823427582238,
                -0.417050161203271
            ],
            [
                2.1783763205131863,
                -0.2621161673275299,
                0.3157577022447546
            ],
            [
                0.7153681453467421,
                -0.3287492440260778,
                -1.5993730034685176
            ],
            [
                -3.434625797340854,
                0.47063688603689013,
                0.37747406080027257
            ],
            [
                -2.298308572482812,
                0.5171088664124686,
                1.8253979062734973
            ],
            [
                -1.5051742223637885,
                0.023233201377353147,
                -1.1094807066069712
            ],
            [
                2.9803502386050886,
                -0.4595729552317396,
                -0.3883925357283291
            ],
            [
                2.3566758152573186,
                0.6789522285520536,
                0.8306132330041143
            ],
            [
                2.133216268665729,
                -1.0521935268816693,
                1.0615558584970322
            ]
        ],
        "best_conformer_energy": -19.732766794333997,
        "fukui_radical": {
            "1": 0.08487933457318195,
            "2": 0.05076628160926413,
            "3": 0.10235031259099811,
            "4": 0.06421611335671049,
            "5": -0.01753875511643964,
            "6": 0.1943629934637996,
            "7": 0.1110728645776535,
            "8": 0.10253149006745386,
            "9": 0.08002125775720795,
            "10": 0.06689794903707227,
            "11": 0.080220216853419,
            "12": 0.0802199413401228
        }
    },
    "monomer2_data": {
        "smiles": "C=COC(=O)Cc1ccccc1",
        "ip": 13.307826574425528,
        "ip_corrected": 8.461826574425528,
        "ea": 4.173923945834673,
        "homo": -0.39826577293962195,
        "lumo": -0.25121747389022203,
        "charges": {
            "1": -0.11129323555295285,
            "2": 0.10342886084760651,
            "3": -0.2426528796397841,
            "4": 0.3604255881156511,
            "5": -0.3893008256344158,
            "6": -0.09392613842293296,
            "7": 0.020040361527582984,
            "8": -0.03246018852167112,
            "9": -0.02724332302632622,
            "10": -0.02988595969722921,
            "11": -0.027242213260486196,
            "12": -0.032458669286294164,
            "13": 0.06724678264502258,
            "14": 0.06201969654914905,
            "15": 0.0625489553385592,
            "16": 0.07304554950049577,
            "17": 0.07304495799126334,
            "18": 0.0316965443950683,
            "19": 0.034006972463028626,
            "20": 0.03325229448982156,
            "21": 0.03399762762283799,
            "22": 0.03170924155599896
        },
        "dipole": [
            0.3640853839302161,
            0.7174323062358126,
            -0.2401791325199403
        ],
        "global_electrophilicity": 0.8304256082437512,
        "global_nucleophilicity": -8.461826574425528,
        "fukui_electrophilicity": {
            "1": 0.05574674463694222,
            "2": 0.030641465197657272,
            "3": 0.053796086676712984,
            "4": 0.056547966848631004,
            "5": 0.11096266870837967,
            "6": -0.01567320954220852,
            "7": 0.020946970030814555,
            "8": 0.02294347176193045,
            "9": 0.030003036152822737,
            "10": 0.02958513952554849,
            "11": 0.029985478586116478,
            "12": 0.022959846496679502,
            "13": 0.06650581656181273,
            "14": 0.07321849811206796,
            "15": 0.05056664087187025,
            "16": 0.053437200731744836,
            "17": 0.053438519205389626,
            "18": 0.043109316004701956,
            "19": 0.05548224595619762,
            "20": 0.05720139018558485,
            "21": 0.05547703186797788,
            "22": 0.043117675427548026
        },
        "fukui_nucleophilicity": {
            "1": 0.0476539166613868,
            "2": 0.026352126885319058,
            "3": 0.06143451890116891,
            "4": 0.011254880470549622,
            "5": 0.07370892024074932,
            "6": -0.003869988430349275,
            "7": 0.0479488883210864,
            "8": 0.026190591875973827,
            "9": 0.02955959596173538,
            "10": 0.053419840066101856,
            "11": 0.029582431893101106,
            "12": 0.026163495017635652,