[Header]
Application Name	LabSolutions
Version	5.97
Data File Name	G:\GC data\Mara\MWH_018\MWH_018_t0_27.02.2026_4.gcd
Output Date	09.04.2026
Output Time	10:47:41

[File Information]
Type	Data File
Generated	27.02.2026 09:10:21
Generated by	System Administrator
Modified	09.04.2026 10:47:41
Modified by	System Administrator

[Sample Information]
Operator Name	System Administrator
Acquired	27.02.2026 09:13:34
Sample Type	0:Unknown
Level	1
Sample Name	MWH_018_t0
Sample ID	
ISTD Amount1	1
ISTD Amount2	1
ISTD Amount3	1
ISTD Amount4	1
ISTD Amount5	1
ISTD Amount6	1
ISTD Amount7	1
ISTD Amount8	1
ISTD Amount9	1
ISTD Amount10	1
ISTD Amount11	1
ISTD Amount12	1
ISTD Amount13	1
ISTD Amount14	1
ISTD Amount15	1
ISTD Amount16	1
ISTD Amount17	1
ISTD Amount18	1
ISTD Amount19	1
ISTD Amount20	1
ISTD Amount21	1
ISTD Amount22	1
ISTD Amount23	1
ISTD Amount24	1
ISTD Amount25	1
ISTD Amount26	1
ISTD Amount27	1
ISTD Amount28	1
ISTD Amount29	1
ISTD Amount30	1
ISTD Amount31	1
ISTD Amount32	1
Sample Amount	1
Dilution Factor	1
Vial#	2
Injection Volume	0,2
Injection Count	1
Bar Code	

[Original Files]
Data File	G:\GC data\Mara\MWH_018_t0_27.02.2026_4.gcd
Method File	G:\GC data\MWH3_60-150-200_0-2uL_split50.gcm
Batch File	G:\GC data\Mara\wash_2026-02-27.gcb
Report Format File	c:\LabSolutions\System\DEFAULT.lsr

[File Description]


[Configuration]
Instrument Name	GC-3
Instrument #	1
Line #	1
# of Detectors	1
Detector ID	DET#4
Detector Name	FID1
# of Channels	1

[Peak Table(Ch1)]
# of Peaks	6
Peak#	R.Time	I.Time	F.Time	Area	Height	A/H	Conc.	Mark	ID#	Name	k'	Plate #	Plate Ht.	Tailing	Resolution	Sep.Factor	Area Ratio	Height Ratio	Conc. %	Norm Conc.
1	1,333	1,316	1,410	2285	1843	1,240	0,000	 V 			0,000	30845	0,000	0,000	0,000	0,000	0	0	0,000	0,000
2	1,450	1,410	1,517	52296	40633	1,287	0,000	   			0,088	31449	0,000	1,461	3,727	0,000	0	0	0,000	0,000
3	1,568	1,517	1,858	5518651	4280580	1,289	0,000	 V 			0,176	37204	0,000	1,428	3,615	2,003	0	0	0,000	0,000
4	1,892	1,858	2,063	248787	182854	1,361	0,000	 V 			0,420	49851	0,000	1,207	9,797	2,382	0	0	0,000	0,000
5	2,538	2,488	2,810	2222067	1544711	1,439	0,000	   			0,904	79903	0,000	1,153	18,542	2,154	0	0	0,000	0,000
6	3,924	3,888	4,140	144083	96943	1,486	0,000	S  			1,944	173115	0,000	1,304	37,750	2,151	0	0	0,000	0,000

[Chromatogram (Ch1)]
Interval(msec)	40
# of Points	18945
Start Time(min)	0,000
End Time(min)	12,630
R.Time (min)	Intensity
0,00033	-20
0,00100	-20
0,00167	-20
0,00233	-20
0,00300	-20
0,00367	-20
0,00433	-20
0,00500	-19
0,00567	-19
0,00633	-19
0,00700	-19
0,00767	-18
0,00833	-18
0,00900	-18
0,00967	-18
0,01033	-17
0,01100	-17
0,01167	-17
0,01233	-16
0,01300	-16
0,01367	-16
0,01433	-16
0,01500	-16
0,01567	-16
0,01633	-16
0,01700	-17
0,01767	-17
0,01833	-17
0,01900	-17
0,01967	-17
0,02033	-17
0,02100	-17
0,02167	-18
0,02233	-18
0,02300	-18
0,02367	-18
0,02433	-18
0,02500	-18
0,02567	-18
0,02633	-18
0,02700	-18
0,02767	-18
0,02833	-18
0,02900	-19
0,02967	-19
0,03033	-19
0,03100	-19
0,03167	-19
0,03233	-19
0,03300	-20
0,03367	-20
0,03433	-20
0,03500	-20
0,03567	-20
0,03633	-21
0,03700	-21
0,03767	-21
0,03833	-21
0,03900	-22
0,03967	-22
0,04033	-22
0,04100	-22
0,04167	-22
0,04233	-23
0,04300	-23
0,04367	-23
0,04433	-23
0,04500	-23
0,04567	-23
0,04633	-23
0,04700	-23
0,04767	-23
0,04833	-23
0,04900	-24
0,04967	-24
0,05033	-24
0,05100	-24
0,05167	-24
0,05233	-24
0,05300	-24
0,05367	-23
0,05433	-23
0,05500	-23
0,05567	-23
0,05633	-23
0,05700	-23
0,05767	-22
0,05833	-22
0,05900	-21
0,05967	-21
0,06033	-21
0,06100	-21
0,06167	-21
0,06233	-20
0,06300	-20
0,06367	-20
0,06433	-20
0,06500	-20
0,06567	-20
0,06633	-20
0,06700	-20
0,06767	-20
0,06833	-20
0,06900	-20
0,06967	-20
0,07033	-20
0,07100	-20
0,07167	-20
0,07233	-21
0,07300	-21
0,07367	-21
0,07433	-21
0,07500	-21
0,07567	-21
0,07633	-21
0,07700	-21
0,07767	-20
0,07833	-20
0,07900	-20
0,07967	-20
0,08033	-20
0,08100	-20
0,08167	-20
0,08233	-20
0,08300	-21
0,08367	-21
0,08433	-21
0,08500	-22
0,08567	-22
0,08633	-22
0,08700	-22
0,08767	-22
0,08833	-22
0,08900	-22
0,08967	-22
0,09033	-22
0,09100	-22
0,09167	-23
0,09233	-23
0,09300	-23
0,09367	-23
0,09433	-23
0,09500	-24
0,09567	-24
0,09633	-24
0,09700	-24
0,09767	-24
0,09833	-25
0,09900	-25
0,09967	-25
0,10033	-24
0,10100	-24
0,10167	-24
0,10233	-24
0,10300	-24
0,10367	-24
0,10433	-24
0,10500	-23
0,10567	-23
0,10633	-23
0,10700	-23
0,10767	-23
0,10833	-23
0,10900	-23
0,10967	-23
0,11033	-23
0,11100	-23
0,11167	-23
0,11233	-22
0,11300	-22
0,11367	-22
0,11433	-22
0,11500	-22
0,11567	-22
0,11633	-22
0,11700	-22
0,11767	-21
0,11833	-21
0,11900	-21
0,11967	-21
0,12033	-21
0,12100	-21
0,12167	-22
0,12233	-22
0,12300	-22
0,12367	-22
0,12433	-22
0,12500	-22
0,12567	-22
0,12633	-22
0,12700	-22
0,12767	-22
0,12833	-22
0,12900	-22
0,12967	-22
0,13033	-22
0,13100	-22
0,13167	-22
0,13233	-22
0,13300	-22
0,13367	-21
0,13433	-21
0,13500	-21
0,13567	-21
0,13633	-21
0,13700	-21
0,13767	-21
0,13833	-21
0,13900	-20
0,13967	-20
0,14033	-20
0,14100	-20
0,14167	-20
0,14233	-20
0,14300	-20
0,14367	-19
0,14433	-19
0,14500	-19
0,14567	-19
0,14633	-19
0,14700	-19
0,14767	-19
0,14833	-19
0,14900	-19
0,14967	-19
0,15033	-19
0,15100	-19
0,15167	-19
0,15233	-19
0,15300	-18
0,15367	-18
0,15433	-18
0,15500	-18
0,15567	-18
0,15633	-19
0,15700	-19
0,15767	-19
0,15833	-20
0,15900	-20
0,15967	-20
0,16033	-20
0,16100	-21
0,16167	-21
0,16233	-21
0,16300	-21
0,16367	-22
0,16433	-22
0,16500	-22
0,16567	-22
0,16633	-22
0,16700	-22
0,16767	-22
0,16833	-22
0,16900	-22
0,16967	-22
0,17033	-22
0,17100	-22
0,17167	-22
0,17233	-22
0,17300	-22
0,17367	-22
0,17433	-22
0,17500	-22
0,17567	-22
0,17633	-21
0,17700	-21
0,17767	-21
0,17833	-22
0,17900	-22
0,17967	-22
0,18033	-22
0,18100	-22
0,18167	-22
0,18233	-22
0,18300	-22
0,18367	-22
0,18433	-22
0,18500	-22
0,18567	-22
0,18633	-22
0,18700	-21
0,18767	-21
0,18833	-21
0,18900	-21
0,18967	-21
0,19033	-21
0,19100	-21
0,19167	-21
0,19233	-21
0,19300	-21
0,19367	-21
0,19433	-21
0,19500	-21
0,19567	-21
0,19633	-21
0,19700	-21
0,19767	-21
0,19833	-21
0,19900	-21
0,19967	-21
0,20033	-21
0,20100	-21
0,20167	-21
0,20233	-21
0,20300	-21
0,20367	-20
0,20433	-20
0,20500	-20
0,20567	-20
0,20633	-20
0,20700	-20
0,20767	-21
0,20833	-21
0,20900	-21
0,20967	-21
0,21033	-21
0,21100	-21
0,21167	-21
0,21233	-21
0,21300	-21
0,21367	-22
0,21433	-22
0,21500	-22
0,21567	-22
0,21633	-23
0,21700	-23
0,21767	-23
0,21833	-23
0,21900	-23
0,21967	-23
0,22033	-23
0,22100	-23
0,22167	-23
0,22233	-23
0,22300	-23
0,22367	-23
0,22433	-23
0,22500	-23
0,22567	-23
0,22633	-22
0,22700	-22
0,22767	-22
0,22833	-22
0,22900	-22
0,22967	-21
0,23033	-21
0,23100	-21
0,23167	-21
0,23233	-20
0,23300	-20
0,23367	-20
0,23433	-20
0,23500	-19
0,23567	-19
0,23633	-19
0,23700	-19
0,23767	-19
0,23833	-18
0,23900	-18
0,23967	-18
0,24033	-19
0,24100	-18
0,24167	-18
0,24233	-18
0,24300	-18
0,24367	-18
0,24433	-18
0,24500	-18
0,24567	-18
0,24633	-18
0,24700	-18
0,24767	-18
0,24833	-18
0,24900	-18
0,24967	-18
0,25033	-18
0,25100	-18
0,25167	-18
0,25233	-19
0,25300	-19
0,25367	-20
0,25433	-20
0,25500	-20
0,25567	-20
0,25633	-20
0,25700	-20
0,25767	-20
0,25833	-20
0,25900	-20
0,25967	-20
0,26033	-20
0,26100	-19
0,26167	-19
0,26233	-18
0,26300	-18
0,26367	-18
0,26433	-17
0,26500	-17
0,26567	-17
0,26633	-17
0,26700	-18
0,26767	-18
0,26833	-18
0,26900	-18
0,26967	-18
0,27033	-18
0,27100	-19
0,27167	-19
0,27233	-19
0,27300	-19
0,27367	-19
0,27433	-19
0,27500	-19
0,27567	-19
0,27633	-19
0,27700	-19
0,27767	-19
0,27833	-19
0,27900	-19
0,27967	-19
0,28033	-19
0,28100	-19
0,28167	-19
0,28233	-19
0,28300	-19
0,28367	-19
0,28433	-19
0,28500	-19
0,28567	-19
0,28633	-19
0,28700	-19
0,28767	-19
0,28833	-19
0,28900	-19
0,28967	-19
0,29033	-19
0,29100	-19
0,29167	-19
0,29233	-20
0,29300	-20
0,29367	-20
0,29433	-20
0,29500	-20
0,29567	-20
0,29633	-21
0,29700	-21
0,29767	-21
0,29833	-21
0,29900	-21
0,29967	-21
0,30033	-21
0,30100	-21
0,30167	-20
0,30233	-20
0,30300	-20
0,30367	-20
0,30433	-20
0,30500	-20
0,30567	-20
0,30633	-20
0,30700	-20
0,30767	-21
0,30833	-21
0,30900	-21
0,30967	-22
0,31033	-22
0,31100	-22
0,31167	-22
0,31233	-22
0,31300	-22
0,31367	-22
0,31433	-22
0,31500	-22
0,31567	-22
0,31633	-21
0,31700	-21
0,31767	-22
0,31833	-22
0,31900	-22
0,31967	-22
0,32033	-22
0,32100	-22
0,32167	-22
0,32233	-22
0,32300	-22
0,32367	-22
0,32433	-22
0,32500	-22
0,32567	-22
0,32633	-22
0,32700	-23
0,32767	-23
0,32833	-23
0,32900	-23
0,32967	-23
0,33033	-23
0,33100	-23
0,33167	-22
0,33233	-22
0,33300	-22
0,33367	-22
0,33433	-23
0,33500	-23
0,33567	-22
0,33633	-22
0,33700	-22
0,33767	-22
0,33833	-22
0,33900	-22
0,33967	-22
0,34033	-22
0,34100	-22
0,34167	-22
0,34233	-22
0,34300	-23
0,34367	-22
0,34433	-22
0,34500	-22
0,34567	-22
0,34633	-22
0,34700	-21
0,34767	-21
0,34833	-21
0,34900	-22
0,34967	-22
0,35033	-22
0,35100	-22
0,35167	-22
0,35233	-22
0,35300	-22
0,35367	-22
0,35433	-22
0,35500	-22
0,35567	-22
0,35633	-22
0,35700	-22
0,35767	-23
0,35833	-23
0,35900	-23
0,35967	-23
0,36033	-23
0,36100	-23
0,36167	-24
0,36233	-24
0,36300	-24
0,36367	-24
0,36433	-24
0,36500	-24
0,36567	-24
0,36633	-24
0,36700	-23
0,36767	-23
0,36833	-23
0,36900	-23
0,36967	-23
0,37033	-23
0,37100	-23
0,37167	-23
0,37233	-23
0,37300	-24
0,37367	-24
0,37433	-24
0,37500	-25
0,37567	-25
0,37633	-25
0,37700	-25
0,37767	-25
0,37833	-25
0,37900	-25
0,37967	-25
0,38033	-25
0,38100	-25
0,38167	-25
0,38233	-25
0,38300	-25
0,38367	-26
0,38433	-26
0,38500	-26
0,38567	-26
0,38633	-26
0,38700	-25
0,38767	-25
0,38833	-25
0,38900	-25
0,38967	-24
0,39033	-24
0,39100	-24
0,39167	-23
0,39233	-23
0,39300	-23
0,39367	-23
0,39433	-23
0,39500	-23
0,39567	-24
0,39633	-24
0,39700	-24
0,39767	-24
0,39833	-24
0,39900	-25
0,39967	-25
0,40033	-25
0,40100	-25
0,40167	-25
0,40233	-26
0,40300	-26
0,40367	-26
0,40433	-27
0,40500	-27
0,40567	-27
0,40633	-28
0,40700	-28
0,40767	-28
0,40833	-28
0,40900	-29
0,40967	-29
0,41033	-29
0,41100	-29
0,41167	-29
0,41233	-29
0,41300	-30
0,41367	-30
0,41433	-30
0,41500	-30
0,41567	-30
0,41633	-30
0,41700	-30
0,41767	-29
0,41833	-29
0,41900	-29
0,41967	-29
0,42033	-28
0,42100	-28
0,42167	-28
0,42233	-28
0,42300	-27
0,42367	-27
0,42433	-27
0,42500	-27
0,42567	-27
0,42633	-27
0,42700	-27
0,42767	-26
0,42833	-26
0,42900	-25
0,42967	-25
0,43033	-25
0,43100	-25
0,43167	-24
0,43233	-24
0,43300	-24
0,43367	-24
0,43433	-24
0,43500	-23
0,43567	-23
0,43633	-23
0,43700	-23
0,43767	-23
0,43833	-23
0,43900	-23
0,43967	-23
0,44033	-23
0,44100	-23
0,44167	-23
0,44233	-23
0,44300	-23
0,44367	-23
0,44433	-23
0,44500	-23
0,44567	-23
0,44633	-23
0,44700	-24
0,44767	-24
0,44833	-24
0,44900	-25
0,44967	-25
0,45033	-25
0,45100	-25
0,45167	-25
0,45233	-25
0,45300	-25
0,45367	-25
0,45433	-25
0,45500	-25
0,45567	-25
0,45633	-25
0,45700	-25
0,45767	-25
0,45833	-25
0,45900	-25
0,45967	-25
0,46033	-25
0,46100	-25
0,46167	-25
0,46233	-25
0,46300	-25
0,46367	-25
0,46433	-25
0,46500	-25
0,46567	-25
0,46633	-25
0,46700	-25
0,46767	-25
0,46833	-25
0,46900	-25
0,46967	-25
0,47033	-26
0,47100	-25
0,47167	-25
0,47233	-25
0,47300	-25
0,47367	-25
0,47433	-25
0,47500	-25
0,47567	-25
0,47633	-25
0,47700	-25
0,47767	-25
0,47833	-25
0,47900	-26
0,47967	-26
0,48033	-26
0,48100	-26
0,48167	-26
0,48233	-26
0,48300	-26
0,48367	-26
0,48433	-26
0,48500	-26
0,48567	-26
0,48633	-26
0,48700	-26
0,48767	-27
0,48833	-27
0,48900	-27
0,48967	-27
0,49033	-27
0,49100	-27
0,49167	-27
0,49233	-27
0,49300	-27
0,49367	-28
0,49433	-28
0,49500	-28
0,49567	-27
0,49633	-27
0,49700	-27
0,49767	-27
0,49833	-27
0,49900	-27
0,49967	-27
0,50033	-27
0,50100	-27
0,50167	-28
0,50233	-28
0,50300	-27
0,50367	-27
0,50433	-27
0,50500	-27
0,50567	-27
0,50633	-27
0,50700	-26
0,50767	-26
0,50833	-26
0,50900	-26
0,50967	-26
0,51033	-26
0,51100	-26
0,51167	-25
0,51233	-25
0,51300	-25
0,51367	-25
0,51433	-25
0,51500	-26
0,51567	-26
0,51633	-26
0,51700	-26
0,51767	-26
0,51833	-26
0,51900	-26
0,51967	-26
0,52033	-26
0,52100	-26
0,52167	-26
0,52233	-26
0,52300	-26
0,52367	-26
0,52433	-26
0,52500	-26
0,52567	-26
0,52633	-26
0,52700	-26
0,52767	-26
0,52833	-26
0,52900	-26
0,52967	-26
0,53033	-26
0,53100	-26
0,53167	-26
0,53233	-27
0,53300	-27
0,53367	-27
0,53433	-27
0,53500	-27
0,53567	-27
0,53633	-27
0,53700	-27
0,53767	-27
0,53833	-27
0,53900	-27
0,53967	-27
0,54033	-27
0,54100	-27
0,54167	-27
0,54233	-27
0,54300	-27
0,54367	-27
0,54433	-27
0,54500	-27
0,54567	-27
0,54633	-26
0,54700	-26
0,54767	-26
0,54833	-26
0,54900	-26
0,54967	-25
0,55033	-25
0,55100	-25
0,55167	-25
0,55233	-25
0,55300	-25
0,55367	-25
0,55433	-25
0,55500	-25
0,55567	-25
0,55633	-25
0,55700	-25
0,55767	-25
0,55833	-25
0,55900	-25
0,55967	-25
0,56033	-25
0,56100	-25
0,56167	-25
0,56233	-25
0,56300	-25
0,56367	-26
0,56433	-26
0,56500	-26
0,56567	-26
0,56633	-26
0,56700	-26
0,56767	-26
0,56833	-26
0,56900	-26
0,56967	-26
0,57033	-26
0,57100	-26
0,57167	-26
0,57233	-26
0,57300	-26
0,57367	-26
0,57433	-26
0,57500	-26
0,57567	-26
0,57633	-26
0,57700	-26
0,57767	-26
0,57833	-26
0,57900	-26
0,57967	-26
0,58033	-26
0,58100	-26
0,58167	-26
0,58233	-27
0,58300	-27
0,58367	-27
0,58433	-27
0,58500	-28
0,58567	-28
0,58633	-28
0,58700	-29
0,58767	-29
0,58833	-29
0,58900	-29
0,58967	-29
0,59033	-28
0,59100	-28
0,59167	-28
0,59233	-28
0,59300	-28
0,59367	-28
0,59433	-28
0,59500	-28
0,59567	-28
0,59633	-28
0,59700	-28
0,59767	-28
0,59833	-27
0,59900	-27
0,59967	-27
0,60033	-27
0,60100	-27
0,60167	-27
0,60233	-28
0,60300	-28
0,60367	-28
0,60433	-28
0,60500	-28
0,60567	-28
0,60633	-28
0,60700	-28
0,60767	-29
0,60833	-29
0,60900	-29
0,60967	-29
0,61033	-29
0,61100	-29
0,61167	-29
0,61233	-29
0,61300	-29
0,61367	-29
0,61433	-29
0,61500	-29
0,61567	-29
0,61633	-29
0,61700	-29
0,61767	-29
0,61833	-29
0,61900	-29
0,61967	-30
0,62033	-30
0,62100	-30
0,62167	-31
0,62233	-31
0,62300	-31
0,62367	-31
0,62433	-31
0,62500	-31
0,62567	-31
0,62633	-31
0,62700	-32
0,62767	-32
0,62833	-32
0,62900	-32
0,62967	-32
0,63033	-32
0,63100	-32
0,63167	-32
0,63233	-32
0,63300	-32
0,63367	-32
0,63433	-32
0,63500	-32
0,63567	-32
0,63633	-32
0,63700	-32
0,63767	-32
0,63833	-32
0,63900	-31
0,63967	-31
0,64033	-31
0,64100	-31
0,64167	-30
0,64233	-30
0,64300	-29
0,64367	-29
0,64433	-28
0,64500	-28
0,64567	-27
0,64633	-27
0,64700	-27
0,64767	-27
0,64833	-26
0,64900	-26
0,64967	-26
0,65033	-26
0,65100	-26
0,65167	-26
0,65233	-26
0,65300	-26
0,65367	-26
0,65433	-26
0,65500	-26
0,65567	-26
0,65633	-26
0,65700	-26
0,65767	-26
0,65833	-26
0,65900	-26
0,65967	-26
0,66033	-26
0,66100	-27
0,66167	-27
0,66233	-27
0,66300	-27
0,66367	-27
0,66433	-27
0,66500	-27
0,66567	-27
0,66633	-27
0,66700	-27
0,66767	-27
0,66833	-27
0,66900	-27
0,66967	-27
0,67033	-27
0,67100	-27
0,67167	-27
0,67233	-27
0,67300	-27
0,67367	-27
0,67433	-28
0,67500	-28
0,67567	-28
0,67633	-28
0,67700	-28
0,67767	-28
0,67833	-28
0,67900	-28
0,67967	-28
0,68033	-28
0,68100	-29
0,68167	-29
0,68233	-29
0,68300	-29
0,68367	-29
0,68433	-30
0,68500	-30
0,68567	-30
0,68633	-30
0,68700	-31
0,68767	-31
0,68833	-31
0,68900	-31
0,68967	-31
0,69033	-32
0,69100	-32
0,69167	-32
0,69233	-32
0,69300	-32
0,69367	-31
0,69433	-31
0,69500	-31
0,69567	-31
0,69633	-31
0,69700	-31
0,69767	-30
0,69833	-30
0,69900	-30
0,69967	-30
0,70033	-30
0,70100	-30
0,70167	-30
0,70233	-30
0,70300	-30
0,70367	-30
0,70433	-30
0,70500	-30
0,70567	-29
0,70633	-29
0,70700	-29
0,70767	-29
0,70833	-29
0,70900	-28
0,70967	-28
0,71033	-28
0,71100	-28
0,71167	-28
0,71233	-28
0,71300	-28
0,71367	-28
0,71433	-28
0,71500	-28
0,71567	-28
0,71633	-28
0,71700	-28
0,71767	-28
0,71833	-27
0,71900	-27
0,71967	-27
0,72033	-27
0,72100	-27
0,72167	-27
0,72233	-27
0,72300	-27
0,72367	-27
0,72433	-27
0,72500	-27
0,72567	-27
0,72633	-27
0,72700	-27
0,72767	-27
0,72833	-27
0,72900	-26
0,72967	-26
0,73033	-26
0,73100	-26
0,73167	-26
0,73233	-27
0,73300	-27
0,73367	-28
0,73433	-28
0,73500	-29
0,73567	-29
0,73633	-30
0,73700	-30
0,73767	-30
0,73833	-30
0,73900	-31
0,73967	-31
0,74033	-31
0,74100	-31
0,74167	-31
0,74233	-31
0,74300	-31
0,74367	-31
0,74433	-31
0,74500	-31
0,74567	-30
0,74633	-30
0,74700	-30
0,74767	-29
0,74833	-29
0,74900	-29
0,74967	-29
0,75033	-29
0,75100	-29
0,75167	-29
0,75233	-28
0,75300	-28
0,75367	-28
0,75433	-28
0,75500	-27
0,75567	-27
0,75633	-27
0,75700	-27
0,75767	-27
0,75833	-27
0,75900	-26
0,75967	-26
0,76033	-26
0,76100	-26
0,76167	-26
0,76233	-26
0,76300	-26
0,76367	-26
0,76433	-25
0,76500	-25
0,76567	-26
0,76633	-26
0,76700	-26
0,76767	-26
0,76833	-27
0,76900	-27
0,76967	-27
0,77033	-28
0,77100	-28
0,77167	-28
0,77233	-28
0,77300	-29
0,77367	-29
0,77433	-29
0,77500	-29
0,77567	-29
0,77633	-30
0,77700	-30
0,77767	-31
0,77833	-31
0,77900	-31
0,77967	-31
0,78033	-31
0,78100	-32
0,78167	-32
0,78233	-32
0,78300	-32
0,78367	-32
0,78433	-32
0,78500	-32
0,78567	-32
0,78633	-32
0,78700	-33
0,78767	-33
0,78833	-33
0,78900	-33
0,78967	-33
0,79033	-32
0,79100	-32
0,79167	-32
0,79233	-32
0,79300	-32
0,79367	-32
0,79433	-32
0,79500	-32
0,79567	-32
0,79633	-32
0,79700	-32
0,79767	-33
0,79833	-33
0,79900	-33
0,79967	-33
0,80033	-33
0,80100	-33
0,80167	-33
0,80233	-33
0,80300	-33
0,80367	-33
0,80433	-33
0,80500	-33
0,80567	-33
0,80633	-33
0,80700	-33
0,80767	-33
0,80833	-33
0,80900	-32
0,80967	-32
0,81033	-32
0,81100	-32
0,81167	-32
0,81233	-31
0,81300	-31
0,81367	-31
0,81433	-31
0,81500	-31
0,81567	-31
0,81633	-31
0,81700	-30
0,81767	-31
0,81833	-31
0,81900	-31
0,81967	-31
0,82033	-32
0,82100	-32
0,82167	-32
0,82233	-32
0,82300	-32
0,82367	-31
0,82433	-31
0,82500	-31
0,82567	-31
0,82633	-31
0,82700	-31
0,82767	-31
0,82833	-31
0,82900	-31
0,82967	-31
0,83033	-31
0,83100	-31
0,83167	-31
0,83233	-31
0,83300	-31
0,83367	-31
0,83433	-31
0,83500	-31
0,83567	-31
0,83633	-32
0,83700	-32
0,83767	-32
0,83833	-32
0,83900	-32
0,83967	-32
0,84033	-32
0,84100	-32
0,84167	-32
0,84233	-32
0,84300	-32
0,84367	-33
0,84433	-33
0,84500	-33
0,84567	-33
0,84633	-33
0,84700	-33
0,84767	-33
0,84833	-33
0,84900	-33
0,84967	-33
0,85033	-33
0,85100	-33
0,85167	-33
0,85233	-33
0,85300	-33
0,85367	-33
0,85433	-33
0,85500	-33
0,85567	-33
0,85633	-32
0,85700	-32
0,85767	-32
0,85833	-31
0,85900	-31
0,85967	-31
0,86033	-30
0,86100	-30
0,86167	-30
0,86233	-30
0,86300	-30
0,86367	-30
0,86433	-30
0,86500	-30
0,86567	-30
0,86633	-30
0,86700	-30
0,86767	-30
0,86833	-30
0,86900	-30
0,86967	-30
0,87033	-30
0,87100	-30
0,87167	-29
0,87233	-29
0,87300	-29
0,87367	-29
0,87433	-30
0,87500	-30
0,87567	-30
0,87633	-30
0,87700	-30
0,87767	-30
0,87833	-30
0,87900	-30
0,87967	-30
0,88033	-30
0,88100	-30
0,88167	-29
0,88233	-29
0,88300	-29
0,88367	-29
0,88433	-29
0,88500	-29
0,88567	-29
0,88633	-29
0,88700	-29
0,88767	-29
0,88833	-29
0,88900	-29
0,88967	-29
0,89033	-29
0,89100	-29
0,89167	-30
0,89233	-30
0,89300	-30
0,89367	-30
0,89433	-30
0,89500	-30
0,89567	-30
0,89633	-30
0,89700	-30
0,89767	-30
0,89833	-30
0,89900	-30
0,89967	-30
0,90033	-31
0,90100	-31
0,90167	-31
0,90233	-31
0,90300	-31
0,90367	-31
0,90433	-31
0,90500	-31
0,90567	-31
0,90633	-31
0,90700	-31
0,90767	-31
0,90833	-31
0,90900	-31
0,90967	-30
0,91033	-30
0,91100	-30
0,91167	-30
0,91233	-30
0,91300	-30
0,91367	-30
0,91433	-31
0,91500	-31
0,91567	-31
0,91633	-31
0,91700	-31
0,91767	-31
0,91833	-31
0,91900	-31
0,91967	-31
0,92033	-31
0,92100	-31
0,92167	-31
0,92233	-31
0,92300	-31
0,92367	-32
0,92433	-32
0,92500	-32
0,92567	-32
0,92633	-32
0,92700	-32
0,92767	-32
0,92833	-32
0,92900	-32
0,92967	-32
0,93033	-32
0,93100	-32
0,93167	-32
0,93233	-32
0,93300	-32
0,93367	-32
0,93433	-32
0,93500	-32
0,93567	-31
0,93633	-31
0,93700	-31
0,93767	-31
0,93833	-31
0,93900	-31
0,93967	-31
0,94033	-31
0,94100	-30
0,94167	-30
0,94233	-30
0,94300	-30
0,94367	-30
0,94433	-30
0,94500	-31
0,94567	-31
0,94633	-31
0,94700	-31
0,94767	-31
0,94833	-31
0,94900	-31
0,94967	-31
0,95033	-31
0,95100	-32
0,95167	-32
0,95233	-32
0,95300	-31
0,95367	-32
0,95433	-32
0,95500	-32
0,95567	-32
0,95633	-32
0,95700	-32
0,95767	-32
0,95833	-32
0,95900	-32
0,95967	-31
0,96033	-31
0,96100	-31
0,96167	-31
0,96233	-31
0,96300	-31
0,96367	-31
0,96433	-31
0,96500	-31
0,96567	-31
0,96633	-31
0,96700	-31
0,96767	-31
0,96833	-31
0,96900	-31
0,96967	-31
0,97033	-31
0,97100	-31
0,97167	-30
0,97233	-30
0,97300	-30
0,97367	-30
0,97433	-30
0,97500	-30
0,97567	-30
0,97633	-30
0,97700	-30
0,97767	-30
0,97833	-30
0,97900	-30
0,97967	-30
0,98033	-31
0,98100	-31
0,98167	-31
0,98233	-31
0,98300	-31
0,98367	-31
0,98433	-31
0,98500	-30
0,98567	-30
0,98633	-30
0,98700	-30
0,98767	-30
0,98833	-30
0,98900	-31
0,98967	-31
0,99033	-31
0,99100	-31
0,99167	-32
0,99233	-32
0,99300	-32
0,99367	-32
0,99433	-33
0,99500	-33
0,99567	-33
0,99633	-32
0,99700	-32
0,99767	-32
0,99833	-32
0,99900	-32
0,99967	-32
1,00033	-32
1,00100	-32
1,00167	-32
1,00233	-33
1,00300	-33
1,00367	-33
1,00433	-33
1,00500	-34
1,00567	-34
1,00633	-34
1,00700	-34
1,00767	-33
1,00833	-33
1,00900	-33
1,00967	-33
1,01033	-32
1,01100	-32
1,01167	-32
1,01233	-32
1,01300	-31
1,01367	-31
1,01433	-31
1,01500	-31
1,01567	-31
1,01633	-30
1,01700	-30
1,01767	-30
1,01833	-29
1,01900	-29
1,01967	-29
1,02033	-29
1,02100	-29
1,02167	-29
1,02233	-29
1,02300	-29
1,02367	-29
1,02433	-29
1,02500	-29
1,02567	-29
1,02633	-29
1,02700	-29
1,02767	-29
1,02833	-29
1,02900	-29
1,02967	-29
1,03033	-29
1,03100	-30
1,03167	-30
1,03233	-30
1,03300	-31
1,03367	-31
1,03433	-31
1,03500	-31
1,03567	-31
1,03633	-31
1,03700	-31
1,03767	-31
1,03833	-31
1,03900	-31
1,03967	-32
1,04033	-32
1,04100	-32
1,04167	-32
1,04233	-32
1,04300	-33
1,04367	-33
1,04433	-33
1,04500	-33
1,04567	-33
1,04633	-33
1,04700	-33
1,04767	-33
1,04833	-33
1,04900	-33
1,04967	-33
1,05033	-32
1,05100	-32
1,05167	-32
1,05233	-32
1,05300	-32
1,05367	-33
1,05433	-33
1,05500	-33
1,05567	-33
1,05633	-33
1,05700	-33
1,05767	-33
1,05833	-33
1,05900	-33
1,05967	-34
1,06033	-34
1,06100	-34
1,06167	-34
1,06233	-34
1,06300	-34
1,06367	-34
1,06433	-34
1,06500	-34
1,06567	-34
1,06633	-34
1,06700	-34
1,06767	-34
1,06833	-34
1,06900	-34
1,06967	-34
1,07033	-34
1,07100	-34
1,07167	-34
1,07233	-34
1,07300	-34
1,07367	-34
1,07433	-34
1,07500	-34
1,07567	-33
1,07633	-33
1,07700	-33
1,07767	-33
1,07833	-34
1,07900	-34
1,07967	-34
1,08033	-34
1,08100	-34
1,08167	-34
1,08233	-34
1,08300	-34
1,08367	-34
1,08433	-34
1,08500	-34
1,08567	-34
1,08633	-34
1,08700	-34
1,08767	-34
1,08833	-34
1,08900	-35
1,08967	-35
1,09033	-35
1,09100	-34
1,09167	-34
1,09233	-34
1,09300	-33
1,09367	-33
1,09433	-33
1,09500	-33
1,09567	-33
1,09633	-33
1,09700	-33
1,09767	-33
1,09833	-33
1,09900	-33
1,09967	-33
1,10033	-33
1,10100	-33
1,10167	-33
1,10233	-33
1,10300	-33
1,10367	-33
1,10433	-33
1,10500	-33
1,10567	-33
1,10633	-33
1,10700	-33
1,10767	-33
1,10833	-33
1,10900	-33
1,10967	-33
1,11033	-33
1,11100	-34
1,11167	-34
1,11233	-34
1,11300	-34
1,11367	-34
1,11433	-34
1,11500	-34
1,11567	-34
1,11633	-34
1,11700	-33
1,11767	-33
1,11833	-33
1,11900	-33
1,11967	-33
1,12033	-34
1,12100	-34
1,12167	-34
1,12233	-34
1,12300	-34
1,12367	-34
1,12433	-34
1,12500	-34
1,12567	-34
1,12633	-34
1,12700	-34
1,12767	-34
1,12833	-34
1,12900	-34
1,12967	-34
1,13033	-35
1,13100	-35
1,13167	-35
1,13233	-35
1,13300	-35
1,13367	-35
1,13433	-35
1,13500	-35
1,13567	-35
1,13633	-35
1,13700	-35
1,13767	-35
1,13833	-34
1,13900	-34
1,13967	-33
1,14033	-32
1,14100	-31
1,14167	-29
1,14233	-28
1,14300	-25
1,14367	-22
1,14433	-19
1,14500	-15
1,14567	-11
1,14633	-6
1,14700	-0
1,14767	5
1,14833	12
1,14900	18
1,14967	24
1,15033	30
1,15100	36
1,15167	42
1,15233	47
1,15300	51
1,15367	55
1,15433	59
1,15500	62
1,15567	64
1,15633	66
1,15700	67
1,15767	67
1,15833	67
1,15900	66
1,15967	64
1,16033	62
1,16100	60
1,16167	57
1,16233	54
1,16300	51
1,16367	48
1,16433	44
1,16500	41
1,16567	37
1,16633	34
1,16700	31
1,16767	27
1,16833	24
1,16900	21
1,16967	18
1,17033	15
1,17100	12
1,17167	9
1,17233	6
1,17300	4
1,17367	1
1,17433	-1
1,17500	-3
1,17567	-5
1,17633	-6
1,17700	-8
1,17767	-9
1,17833	-11
1,17900	-12
1,17967	-13
1,18033	-14
1,18100	-15
1,18167	-16
1,18233	-16
1,18300	-17
1,18367	-17
1,18433	-17
1,18500	-17
1,18567	-16
1,18633	-16
1,18700	-15
1,18767	-15
1,18833	-15
1,18900	-15
1,18967	-15
1,19033	-15
1,19100	-15
1,19167	-15
1,19233	-16
1,19300	-16
1,19367	-17
1,19433	-17
1,19500	-18
1,19567	-18
1,19633	-18
1,19700	-18
1,19767	-18
1,19833	-18
1,19900	-17
1,19967	-17
1,20033	-16
1,20100	-15
1,20167	-15
1,20233	-14
1,20300	-13
1,20367	-13
1,20433	-12
1,20500	-11
1,20567	-11
1,20633	-11
1,20700	-11
1,20767	-11
1,20833	-11
1,20900	-11
1,20967	-12
1,21033	-13
1,21100	-14
1,21167	-15
1,21233	-16
1,21300	-17
1,21367	-18
1,21433	-19
1,21500	-19
1,21567	-20
1,21633	-21
1,21700	-22
1,21767	-22
1,21833	-23
1,21900	-23
1,21967	-23
1,22033	-24
1,22100	-24
1,22167	-25
1,22233	-25
1,22300	-25
1,22367	-26
1,22433	-26
1,22500	-27
1,22567	-28
1,22633	-28
1,22700	-29
1,22767	-29
1,22833	-29
1,22900	-29
1,22967	-30
1,23033	-30
1,23100	-30
1,23167	-30
1,23233	-30
1,23300	-30
1,23367	-29
1,23433	-29
1,23500	-28
1,23567	-26
1,23633	-24
1,23700	-21
1,23767	-16
1,23833	-10
1,23900	-3
1,23967	5
1,24033	15
1,24100	27
1,24167	39
1,24233	52
1,24300	66
1,24367	80
1,24433	94
1,24500	107
1,24567	119
1,24633	130
1,24700	139
1,24767	146
1,24833	152
1,24900	156
1,24967	158
1,25033	159
1,25100	159
1,25167	157
1,25233	153
1,25300	149
1,25367	144
1,25433	138
1,25500	131
1,25567	125
1,25633	117
1,25700	110
1,25767	103
1,25833	95
1,25900	88
1,25967	81
1,26033	74
1,26100	67
1,26167	61
1,26233	55
1,26300	49
1,26367	43
1,26433	38
1,26500	33
1,26567	28
1,26633	23
1,26700	19
1,26767	14
1,26833	11
1,26900	7
1,26967	4
1,27033	1
1,27100	-2
1,27167	-5
1,27233	-7
1,27300	-9
1,27367	-11
1,27433	-13
1,27500	-14
1,27567	-16
1,27633	-17
1,27700	-18
1,27767	-19
1,27833	-19
1,27900	-19
1,27967	-18
1,28033	-16
1,28100	-14
1,28167	-10
1,28233	-5
1,28300	2
1,28367	11
1,28433	22
1,28500	36
1,28567	51
1,28633	70
1,28700	90
1,28767	113
1,28833	138
1,28900	166
1,28967	194
1,29033	224
1,29100	255
1,29167	285
1,29233	313
1,29300	340
1,29367	365
1,29433	386
1,29500	403
1,29567	417
1,29633	426
1,29700	431
1,29767	432
1,29833	429
1,29900	423
1,29967	414
1,30033	402
1,30100	388
1,30167	373
1,30233	356
1,30300	339
1,30367	321
1,30433	302
1,30500	284
1,30567	266
1,30633	248
1,30700	231
1,30767	214
1,30833	197
1,30900	181
1,30967	166
1,31033	152
1,31100	139
1,31167	126
1,31233	114
1,31300	103
1,31367	93
1,31433	84
1,31500	76
1,31567	70
1,31633	66
1,31700	65
1,31767	67
1,31833	75
1,31900	89
1,31967	111
1,32033	144
1,32100	191
1,32167	252
1,32233	329
1,32300	423
1,32367	533
1,32433	656
1,32500	791
1,32567	933
1,32633	1076
1,32700	1217
1,32767	1351
1,32833	1473
1,32900	1580
1,32967	1671
1,33033	1742
1,33100	1794
1,33167	1827
1,33233	1841
1,33300	1838
1,33367	1820
1,33433	1788
1,33500	1745
1,33567	1692
1,33633	1631
1,33700	1565
1,33767	1495
1,33833	1421
1,33900	1347
1,33967	1272
1,34033	1198
1,34100	1124
1,34167	1053
1,34233	983
1,34300	917
1,34367	853
1,34433	792
1,34500	735
1,34567	681
1,34633	631
1,34700	584
1,34767	541
1,34833	500
1,34900	463
1,34967	429
1,35033	398
1,35100	368
1,35167	341
1,35233	316
1,35300	293
1,35367	272
1,35433	251
1,35500	232
1,35567	215
1,35633	198
1,35700	182
1,35767	167
1,35833	153
1,35900	140
1,35967	127
1,36033	116
1,36100	105
1,36167	94
1,36233	84
1,36300	75
1,36367	67
1,36433	59
1,36500	51
1,36567	45
1,36633	38
1,36700	32
1,36767	27
1,36833	22
1,36900	17
1,36967	13
1,37033	9
1,37100	5
1,37167	2
1,37233	-1
1,37300	-4
1,37367	-6
1,37433	-9
1,37500	-11
1,37567	-13
1,37633	-15
1,37700	-17
1,37767	-18
1,37833	-20
1,37900	-21
1,37967	-22
1,38033	-24
1,38100	-25
1,38167	-26
1,38233	-26
1,38300	-27
1,38367	-28
1,38433	-29
1,38500	-29
1,38567	-30
1,38633	-30
1,38700	-31
1,38767	-31
1,38833	-31
1,38900	-32
1,38967	-32
1,39033	-32
1,39100	-32
1,39167	-33
1,39233	-33
1,39300	-33
1,39367	-34
1,39433	-34
1,39500	-34
1,39567	-34
1,39633	-34
1,39700	-34
1,39767	-34
1,39833	-35
1,39900	-35
1,39967	-35
1,40033	-35
1,40100	-35
1,40167	-35
1,40233	-35
1,40300	-35
1,40367	-35
1,40433	-35
1,40500	-35
1,40567	-35
1,40633	-35
1,40700	-35
1,40767	-35
1,40833	-35
1,40900	-35
1,40967	-35
1,41033	-35
1,41100	-35
1,41167	-34
1,41233	-34
1,41300	-34
1,41367	-34
1,41433	-34
1,41500	-34
1,41567	-34
1,41633	-34
1,41700	-34
1,41767	-34
1,41833	-34
1,41900	-34
1,41967	-34
1,42033	-34
1,42100	-34
1,42167	-34
1,42233	-34
1,42300	-34
1,42367	-34
1,42433	-34
1,42500	-34
1,42567	-34
1,42633	-33
1,42700	-31
1,42767	-28
1,42833	-22
1,42900	-11
1,42967	9
1,43033	42
1,43100	95
1,43167	182
1,43233	317
1,43300	523
1,43367	825
1,43433	1251
1,43500	1830
1,43567	2590
1,43633	3558
1,43700	4750
1,43767	6182
1,43833	7855
1,43900	9764
1,43967	11893
1,44033	14214
1,44100	16690
1,44167	19279
1,44233	21934
1,44300	24600
1,44367	27224
1,44433	29749
1,44500	32123
1,44567	34297
1,44633	36227
1,44700	37876
1,44767	39215
1,44833	40225
1,44900	40899
1,44967	41238
1,45033	41253
1,45100	40966
1,45167	40403
1,45233	39595
1,45300	38578
1,45367	37385
1,45433	36050
1,45500	34606
1,45567	33084
1,45633	31508
1,45700	29905
1,45767	28294
1,45833	26692
1,45900	25114
1,45967	23572
1,46033	22075
1,46100	20632
1,46167	19246
1,46233	17922
1,46300	16662
1,46367	15467
1,46433	14338
1,46500	13275
1,46567	12275
1,46633	11338
1,46700	10461
1,46767	9643
1,46833	8881
1,46900	8171
1,46967	7513
1,47033	6902
1,47100	6336
1,47167	5813
1,47233	5329
1,47300	4883
1,47367	4472
1,47433	4093
1,47500	3745
1,47567	3424
1,47633	3130
1,47700	2860
1,47767	2612
1,47833	2385
1,47900	2177
1,47967	1986
1,48033	1812
1,48100	1652
1,48167	1506
1,48233	1373
1,48300	1252
1,48367	1141
1,48433	1040
1,48500	948
1,48567	864
1,48633	787
1,48700	718
1,48767	654
1,48833	597
1,48900	544
1,48967	496
1,49033	453
1,49100	413
1,49167	377
1,49233	344
1,49300	315
1,49367	288
1,49433	263
1,49500	241
1,49567	221
1,49633	202
1,49700	186
1,49767	170
1,49833	157
1,49900	144
1,49967	132
1,50033	121
1,50100	112
1,50167	102
1,50233	94
1,50300	87
1,50367	80
1,50433	74
1,50500	68
1,50567	63
1,50633	58
1,50700	53
1,50767	49
1,50833	45
1,50900	41
1,50967	37
1,51033	34
1,51100	31
1,51167	28
1,51233	25
1,51300	22
1,51367	20
1,51433	18
1,51500	16
1,51567	14
1,51633	14
1,51700	13
1,51767	14
1,51833	16
1,51900	19
1,51967	24
1,52033	31
1,52100	42
1,52167	56
1,52233	75
1,52300	99
1,52367	128
1,52433	165
1,52500	207
1,52567	257
1,52633	313
1,52700	376
1,52767	443
1,52833	514
1,52900	589
1,52967	664
1,53033	738
1,53100	810
1,53167	878
1,53233	940
1,53300	995
1,53367	1043
1,53433	1081
1,53500	1110
1,53567	1130
1,53633	1140
1,53700	1141
1,53767	1134
1,53833	1120
1,53900	1099
1,53967	1073
1,54033	1045
1,54100	1018
1,54167	997
1,54233	992
1,54300	1026
1,54367	1137
1,54433	1403
1,54500	1953
1,54567	2987
1,54633	4792
1,54700	7789
1,54767	12562
1,54833	19923
1,54900	30892
1,54967	46814
1,55033	69266
1,55100	100191
1,55167	141693
1,55233	196185
1,55300	266003
1,55367	353690
1,55433	461450
1,55500	591261
1,55567	744550
1,55633	922280
1,55700	1124392
1,55767	1349979
1,55833	1596909
1,55900	1861874
1,55967	2140268
1,56033	2426605
1,56100	2714658
1,56167	2997758
1,56233	3269182
1,56300	3522716
1,56367	3752657
1,56433	3954143
1,56500	4123120
1,56567	4257013
1,56633	4354073
1,56700	4413863
1,56767	4436879
1,56833	4424778
1,56900	4379967
1,56967	4305641
1,57033	4205363
1,57100	4083049
1,57167	3942655
1,57233	3788110
1,57300	3623083
1,57367	3450948
1,57433	3274682
1,57500	3096868
1,57567	2919682
1,57633	2744919
1,57700	2574021
1,57767	2408123
1,57833	2248089
1,57900	2094552
1,57967	1947950
1,58033	1808557
1,58100	1676512
1,58167	1551846
1,58233	1434497
1,58300	1324335
1,58367	1221175
1,58433	1124788
1,58500	1034914
1,58567	951273
1,58633	873569
1,58700	801496
1,58767	734749
1,58833	673019
1,58900	616005
1,58967	563412
1,59033	514954
1,59100	470353
1,59167	429346
1,59233	391680
1,59300	357114
1,59367	325422
1,59433	296388
1,59500	269812
1,59567	245504
1,59633	223286
1,59700	202992
1,59767	184470
1,59833	167574
1,59900	152173
1,59967	138140
1,60033	125363
1,60100	113735
1,60167	103159
1,60233	93543
1,60300	84805
1,60367	76868
1,60433	69661
1,60500	63121
1,60567	57188
1,60633	51807
1,60700	46928
1,60767	42507
1,60833	38501
1,60900	34873
1,60967	31588
1,61033	28613
1,61100	25921
1,61167	23486
1,61233	21282
1,61300	19289
1,61367	17486
1,61433	15857
1,61500	14383
1,61567	13052
1,61633	11848
1,61700	10760
1,61767	9778
1,61833	8889
1,61900	8087
1,61967	7362
1,62033	6707
1,62100	6115
1,62167	5580
1,62233	5097
1,62300	4661
1,62367	4266
1,62433	3910
1,62500	3588
1,62567	3296
1,62633	3033
1,62700	2795
1,62767	2579
1,62833	2385
1,62900	2208
1,62967	2048
1,63033	1904
1,63100	1772
1,63167	1653
1,63233	1545
1,63300	1447
1,63367	1358
1,63433	1276
1,63500	1203
1,63567	1135
1,63633	1074
1,63700	1017
1,63767	966
1,63833	918
1,63900	875
1,63967	835
1,64033	798
1,64100	764
1,64167	733
1,64233	704
1,64300	677
1,64367	652
1,64433	628
1,64500	606
1,64567	586
1,64633	567
1,64700	549
1,64767	532
1,64833	517
1,64900	502
1,64967	488
1,65033	474
1,65100	461
1,65167	449
1,65233	437
1,65300	426
1,65367	416
1,65433	406
1,65500	397
1,65567	388
1,65633	379
1,65700	371
1,65767	363
1,65833	355
1,65900	348
1,65967	341
1,66033	334
1,66100	328
1,66167	321
1,66233	315
1,66300	309
1,66367	303
1,66433	298
1,66500	292
1,66567	287
1,66633	282
1,66700	277
1,66767	273
1,66833	268
1,66900	264
1,66967	259
1,67033	255
1,67100	251
1,67167	247
1,67233	243
1,67300	239
1,67367	235
1,67433	231
1,67500	227
1,67567	224
1,67633	220
1,67700	217
1,67767	213
1,67833	210
1,67900	206
1,67967	203
1,68033	200
1,68100	197
1,68167	194
1,68233	191
1,68300	188
1,68367	186
1,68433	183
1,68500	180
1,68567	178
1,68633	175
1,68700	173
1,68767	170
1,68833	168
1,68900	166
1,68967	164
1,69033	161
1,69100	159
1,69167	157
1,69233	155
1,69300	153
1,69367	151
1,69433	149
1,69500	147
1,69567	144
1,69633	142
1,69700	140
1,69767	138
1,69833	136
1,69900	134
1,69967	132
1,70033	130
1,70100	128
1,70167	126
1,70233	125
1,70300	123
1,70367	121
1,70433	120
1,70500	118
1,70567	116
1,70633	115
1,70700	113
1,70767	112
1,70833	111
1,70900	109
1,70967	108
1,71033	107
1,71100	106
1,71167	105
1,71233	103
1,71300	102
1,71367	101
1,71433	100
1,71500	99
1,71567	98
1,71633	97
1,71700	95
1,71767	94
1,71833	93
1,71900	91
1,71967	90
1,72033	88
1,72100	87
1,72167	86
1,72233	85
1,72300	84
1,72367	83
1,72433	82
1,72500	81
1,72567	80
1,72633	80
1,72700	79
1,72767	79
1,72833	78
1,72900	78
1,72967	78
1,73033	78
1,73100	78
1,73167	78
1,73233	79
1,73300	79
1,73367	79
1,73433	80
1,73500	80
1,73567	81
1,73633	81
1,73700	81
1,73767	81
1,73833	81
1,73900	81
1,73967	81
1,74033	80
1,74100	80
1,74167	79
1,74233	78
1,74300	76
1,74367	75
1,74433	74
1,74500	73
1,74567	71
1,74633	70
1,74700	69
1,74767	67
1,74833	66
1,74900	64
1,74967	63
1,75033	62
1,75100	60
1,75167	59
1,75233	58
1,75300	57
1,75367	56
1,75433	55
1,75500	53
1,75567	53
1,75633	52
1,75700	51
1,75767	50
1,75833	50
1,75900	50
1,75967	49
1,76033	50
1,76100	50
1,76167	50
1,76233	50
1,76300	51
1,76367	51
1,76433	52
1,76500	52
1,76567	52
1,76633	53
1,76700	53
1,76767	53
1,76833	53
1,76900	53
1,76967	53
1,77033	52
1,77100	52
1,77167	51
1,77233	51
1,77300	50
1,77367	49
1,77433	49
1,77500	48
1,77567	47
1,77633	46
1,77700	45
1,77767	44
1,77833	43
1,77900	42
1,77967	41
1,78033	39
1,78100	38
1,78167	37
1,78233	36
1,78300	35
1,78367	34
1,78433	33
1,78500	33
1,78567	32
1,78633	31
1,78700	30
1,78767	29
1,78833	28
1,78900	28
1,78967	27
1,79033	26
1,79100	25
1,79167	25
1,79233	24
1,79300	24
1,79367	24
1,79433	23
1,79500	23
1,79567	23
1,79633	23
1,79700	23
1,79767	22
1,79833	22
1,79900	22
1,79967	22
1,80033	21
1,80100	21
1,80167	20
1,80233	20
1,80300	20
1,80367	19
1,80433	19
1,80500	19
1,80567	18
1,80633	18
1,80700	18
1,80767	18
1,80833	17
1,80900	17
1,80967	17
1,81033	17
1,81100	16
1,81167	16
1,81233	16
1,81300	16
1,81367	15
1,81433	15
1,81500	15
1,81567	15
1,81633	14
1,81700	14
1,81767	14
1,81833	14
1,81900	14
1,81967	14
1,82033	14
1,82100	14
1,82167	14
1,82233	13
1,82300	13
1,82367	13
1,82433	12
1,82500	12
1,82567	12
1,82633	12
1,82700	11
1,82767	11
1,82833	11
1,82900	11
1,82967	11
1,83033	11
1,83100	10
1,83167	10
1,83233	10
1,83300	9
1,83367	9
1,83433	8
1,83500	8
1,83567	7
1,83633	7
1,83700	6
1,83767	6
1,83833	6
1,83900	5
1,83967	5
1,84033	5
1,84100	4
1,84167	4
1,84233	3
1,84300	3
1,84367	3
1,84433	2
1,84500	2
1,84567	2
1,84633	2
1,84700	2
1,84767	1
1,84833	1
1,84900	1
1,84967	1
1,85033	1
1,85100	1
1,85167	0
1,85233	0
1,85300	0
1,85367	-0
1,85433	-0
1,85500	-0
1,85567	-0
1,85633	-1
1,85700	-1
1,85767	-1
1,85833	-1
1,85900	-2
1,85967	-2
1,86033	-1
1,86100	0
1,86167	4
1,86233	10
1,86300	22
1,86367	43
1,86433	79
1,86500	138
1,86567	235
1,86633	387
1,86700	618
1,86767	957
1,86833	1437
1,86900	2091
1,86967	2949
1,87033	4044
1,87100	5406
1,87167	7066
1,87233	9047
1,87300	11375
1,87367	14067
1,87433	17139
1,87500	20604
1,87567	24471
1,87633	28745
1,87700	33426
1,87767	38510
1,87833	43993
1,87900	49870
1,87967	56136
1,88033	62779
1,88100	69788
1,88167	77148
1,88233	84835
1,88300	92830
1,88367	101113
1,88433	109654
1,88500	118407
1,88567	127309
1,88633	136274
1,88700	145181
1,88767	153854
1,88833	162070
1,88900	169561
1,88967	176019
1,89033	181164
1,89100	184768
1,89167	186714
1,89233	186986
1,89300	185671
1,89367	182922
1,89433	178930
1,89500	173901
1,89567	168040
1,89633	161539
1,89700	154572
1,89767	147293
1,89833	139832
1,89900	132301
1,89967	124794
1,90033	117387
1,90100	110140
1,90167	103101
1,90233	96308
1,90300	89786
1,90367	83556
1,90433	77628
1,90500	72009
1,90567	66702
1,90633	61702
1,90700	57007
1,90767	52607
1,90833	48494
1,90900	44657
1,90967	41083
1,91033	37762
1,91100	34680
1,91167	31823
1,91233	29180
1,91300	26738
1,91367	24484
1,91433	22406
1,91500	20492
1,91567	18731
1,91633	17113
1,91700	15627
1,91767	14263
1,91833	13014
1,91900	11869
1,91967	10821
1,92033	9862
1,92100	8986
1,92167	8186
1,92233	7456
1,92300	6789
1,92367	6182
1,92433	5628
1,92500	5123
1,92567	4664
1,92633	4246
1,92700	3865
1,92767	3520
1,92833	3205
1,92900	2919
1,92967	2660
1,93033	2424
1,93100	2210
1,93167	2015
1,93233	1838
1,93300	1678
1,93367	1533
1,93433	1401
1,93500	1281
1,93567	1172
1,93633	1073
1,93700	984
1,93767	902
1,93833	828
1,93900	761
1,93967	700
1,94033	645
1,94100	595
1,94167	550
1,94233	509
1,94300	471
1,94367	437
1,94433	405
1,94500	377
1,94567	351
1,94633	328
1,94700	306
1,94767	287
1,94833	269
1,94900	253
1,94967	238
1,95033	224
1,95100	212
1,95167	200
1,95233	190
1,95300	180
1,95367	171
1,95433	163
1,95500	156
1,95567	149
1,95633	142
1,95700	137
1,95767	131
1,95833	126
1,95900	121
1,95967	116
1,96033	112
1,96100	108
1,96167	104
1,96233	101
1,96300	98
1,96367	95
1,96433	92
1,96500	89
1,96567	87
1,96633	85
1,96700	83
1,96767	80
1,96833	78
1,96900	76
1,96967	74
1,97033	72
1,97100	71
1,97167	69
1,97233	67
1,97300	66
1,97367	64
1,97433	63
1,97500	61
1,97567	60
1,97633	59
1,97700	58
1,97767	57
1,97833	56
1,97900	55
1,97967	53
1,98033	52
1,98100	51
1,98167	50
1,98233	49
1,98300	48
1,98367	47
1,98433	46
1,98500	45
1,98567	44
1,98633	44
1,98700	43
1,98767	42
1,98833	41
1,98900	40
1,98967	39
1,99033	38
1,99100	37
1,99167	36
1,99233	35
1,99300	34
1,99367	32
1,99433	31
1,99500	30
1,99567	29
1,99633	29
1,99700	28
1,99767	27
1,99833	26
1,99900	25
1,99967	25
2,00033	24
2,00100	23
2,00167	23
2,00233	22
2,00300	21
2,00367	20
2,00433	19
2,00500	18
2,00567	18
2,00633	17
2,00700	16
2,00767	16
2,00833	15
2,00900	15
2,00967	15
2,01033	14
2,01100	14
2,01167	14
2,01233	14
2,01300	14
2,01367	13
2,01433	13
2,01500	13
2,01567	13
2,01633	12
2,01700	12
2,01767	12
2,01833	12
2,01900	11
2,01967	11
2,02033	11
2,02100	10
2,02167	10
2,02233	10
2,02300	9
2,02367	9
2,02433	9
2,02500	8
2,02567	8
2,02633	8
2,02700	7
2,02767	7
2,02833	7
2,02900	6
2,02967	6
2,03033	6
2,03100	6
2,03167	6
2,03233	6
2,03300	5
2,03367	5
2,03433	5
2,03500	4
2,03567	4
2,03633	3
2,03700	3
2,03767	2
2,03833	2
2,03900	1
2,03967	1
2,04033	1
2,04100	0
2,04167	0
2,04233	0
2,04300	0
2,04367	0
2,04433	0
2,04500	0
2,04567	0
2,04633	-0
2,04700	-0
2,04767	-0
2,04833	-0
2,04900	-0
2,04967	-0
2,05033	-1
2,05100	-1
2,05167	-1
2,05233	-1
2,05300	-1
2,05367	-1
2,05433	-2
2,05500	-2
2,05567	-2
2,05633	-2
2,05700	-3
2,05767	-3
2,05833	-3
2,05900	-4
2,05967	-4
2,06033	-4
2,06100	-4
2,06167	-5
2,06233	-5
2,06300	-5
2,06367	-5
2,06433	-6
2,06500	-6
2,06567	-6
2,06633	-6
2,06700	-6
2,06767	-6
2,06833	-6
2,06900	-7
2,06967	-7
2,07033	-7
2,07100	-7
2,07167	-7
2,07233	-8
2,07300	-8
2,07367	-8
2,07433	-8
2,07500	-8
2,07567	-8
2,07633	-9
2,07700	-9
2,07767	-9
2,07833	-9
2,07900	-9
2,07967	-9
2,08033	-10
2,08100	-10
2,08167	-10
2,08233	-10
2,08300	-10
2,08367	-10
2,08433	-11
2,08500	-11
2,08567	-11
2,08633	-11
2,08700	-12
2,08767	-12
2,08833	-12
2,08900	-13
2,08967	-13
2,09033	-14
2,09100	-14
2,09167	-14
2,09233	-14
2,09300	-14
2,09367	-14
2,09433	-14
2,09500	-14
2,09567	-14
2,09633	-14
2,09700	-14
2,09767	-14
2,09833	-14
2,09900	-14
2,09967	-14
2,10033	-14
2,10100	-14
2,10167	-15
2,10233	-15
2,10300	-15
2,10367	-15
2,10433	-15
2,10500	-15
2,10567	-15
2,10633	-16
2,10700	-16
2,10767	-16
2,10833	-16
2,10900	-17
2,10967	-17
2,11033	-17
2,11100	-17
2,11167	-17
2,11233	-17
2,11300	-17
2,11367	-17
2,11433	-17
2,11500	-17
2,11567	-17
2,11633	-17
2,11700	-17
2,11767	-17
2,11833	-17
2,11900	-17
2,11967	-17
2,12033	-17
2,12100	-17
2,12167	-17
2,12233	-18
2,12300	-18
2,12367	-18
2,12433	-19
2,12500	-19
2,12567	-19
2,12633	-19
2,12700	-19
2,12767	-19
2,12833	-20
2,12900	-20
2,12967	-20
2,13033	-21
2,13100	-21
2,13167	-21
2,13233	-21
2,13300	-21
2,13367	-21
2,13433	-22
2,13500	-22
2,13567	-22
2,13633	-21
2,13700	-21
2,13767	-21
2,13833	-21
2,13900	-20
2,13967	-20
2,14033	-20
2,14100	-20
2,14167	-20
2,14233	-20
2,14300	-20
2,14367	-20
2,14433	-20
2,14500	-20
2,14567	-20
2,14633	-20
2,14700	-20
2,14767	-20
2,14833	-20
2,14900	-20
2,14967	-20
2,15033	-20
2,15100	-20
2,15167	-20
2,15233	-20
2,15300	-20
2,15367	-20
2,15433	-20
2,15500	-20
2,15567	-20
2,15633	-20
2,15700	-20
2,15767	-20
2,15833	-20
2,15900	-20
2,15967	-20
2,16033	-20
2,16100	-20
2,16167	-20
2,16233	-20
2,16300	-21
2,16367	-21
2,16433	-22
2,16500	-22
2,16567	-23
2,16633	-23
2,16700	-24
2,16767	-24
2,16833	-24
2,16900	-24
2,16967	-24
2,17033	-25
2,17100	-25
2,17167	-25
2,17233	-25
2,17300	-25
2,17367	-26
2,17433	-26
2,17500	-26
2,17567	-27
2,17633	-27
2,17700	-27
2,17767	-27
2,17833	-27
2,17900	-28
2,17967	-28
2,18033	-28
2,18100	-28
2,18167	-28
2,18233	-28
2,18300	-28
2,18367	-28
2,18433	-28
2,18500	-28
2,18567	-28
2,18633	-28
2,18700	-28
2,18767	-28
2,18833	-28
2,18900	-28
2,18967	-28
2,19033	-28
2,19100	-28
2,19167	-28
2,19233	-27
2,19300	-27
2,19367	-27
2,19433	-27
2,19500	-27
2,19567	-27
2,19633	-27
2,19700	-27
2,19767	-27
2,19833	-27
2,19900	-28
2,19967	-28
2,20033	-28
2,20100	-28
2,20167	-28
2,20233	-28
2,20300	-28
2,20367	-28
2,20433	-28
2,20500	-29
2,20567	-29
2,20633	-29
2,20700	-29
2,20767	-29
2,20833	-29
2,20900	-29
2,20967	-30
2,21033	-30
2,21100	-30
2,21167	-30
2,21233	-30
2,21300	-30
2,21367	-30
2,21433	-30
2,21500	-30
2,21567	-31
2,21633	-31
2,21700	-31
2,21767	-31
2,21833	-31
2,21900	-31
2,21967	-31
2,22033	-31
2,22100	-31
2,22167	-31
2,22233	-31
2,22300	-30
2,22367	-30
2,22433	-30
2,22500	-30
2,22567	-30
2,22633	-30
2,22700	-30
2,22767	-29
2,22833	-29
2,22900	-29
2,22967	-29
2,23033	-29
2,23100	-29
2,23167	-28
2,23233	-28
2,23300	-28
2,23367	-27
2,23433	-27
2,23500	-27
2,23567	-27
2,23633	-26
2,23700	-26
2,23767	-26
2,23833	-26
2,23900	-26
2,23967	-26
2,24033	-26
2,24100	-26
2,24167	-26
2,24233	-27
2,24300	-27
2,24367	-27
2,24433	-27
2,24500	-27
2,24567	-27
2,24633	-27
2,24700	-27
2,24767	-27
2,24833	-27
2,24900	-27
2,24967	-27
2,25033	-28
2,25100	-28
2,25167	-28
2,25233	-28
2,25300	-28
2,25367	-28
2,25433	-28
2,25500	-28
2,25567	-28
2,25633	-28
2,25700	-28
2,25767	-27
2,25833	-27
2,25900	-27
2,25967	-27
2,26033	-27
2,26100	-26
2,26167	-26
2,26233	-26
2,26300	-26
2,26367	-26
2,26433	-26
2,26500	-26
2,26567	-26
2,26633	-26
2,26700	-26
2,26767	-26
2,26833	-26
2,26900	-26
2,26967	-26
2,27033	-25
2,27100	-26
2,27167	-26
2,27233	-26
2,27300	-25
2,27367	-25
2,27433	-26
2,27500	-26
2,27567	-26
2,27633	-26
2,27700	-25
2,27767	-25
2,27833	-25
2,27900	-25
2,27967	-25
2,28033	-25
2,28100	-26
2,28167	-26
2,28233	-26
2,28300	-26
2,28367	-26
2,28433	-26
2,28500	-26
2,28567	-26
2,28633	-26
2,28700	-26
2,28767	-26
2,28833	-25
2,28900	-25
2,28967	-25
2,29033	-25
2,29100	-25
2,29167	-26
2,29233	-26
2,29300	-26
2,29367	-25
2,29433	-25
2,29500	-25
2,29567	-25
2,29633	-25
2,29700	-25
2,29767	-26
2,29833	-26
2,29900	-26
2,29967	-26
2,30033	-26
2,30100	-27
2,30167	-27
2,30233	-27
2,30300	-27
2,30367	-28
2,30433	-28
2,30500	-28
2,30567	-28
2,30633	-29
2,30700	-29
2,30767	-29
2,30833	-29
2,30900	-29
2,30967	-29
2,31033	-30
2,31100	-30
2,31167	-30
2,31233	-30
2,31300	-30
2,31367	-30
2,31433	-31
2,31500	-31
2,31567	-31
2,31633	-31
2,31700	-30
2,31767	-30
2,31833	-30
2,31900	-29
2,31967	-29
2,32033	-29
2,32100	-29
2,32167	-29
2,32233	-29
2,32300	-29
2,32367	-29
2,32433	-30
2,32500	-30
2,32567	-30
2,32633	-30
2,32700	-31
2,32767	-31
2,32833	-31
2,32900	-31
2,32967	-31
2,33033	-31
2,33100	-31
2,33167	-31
2,33233	-31
2,33300	-31
2,33367	-30
2,33433	-30
2,33500	-30
2,33567	-30
2,33633	-30
2,33700	-30
2,33767	-30
2,33833	-29
2,33900	-29
2,33967	-29
2,34033	-28
2,34100	-28
2,34167	-28
2,34233	-28
2,34300	-28
2,34367	-28
2,34433	-27
2,34500	-27
2,34567	-27
2,34633	-27
2,34700	-28
2,34767	-28
2,34833	-28
2,34900	-28
2,34967	-28
2,35033	-28
2,35100	-28
2,35167	-28
2,35233	-28
2,35300	-28
2,35367	-28
2,35433	-28
2,35500	-28
2,35567	-28
2,35633	-28
2,35700	-28
2,35767	-29
2,35833	-29
2,35900	-29
2,35967	-29
2,36033	-29
2,36100	-30
2,36167	-30
2,36233	-30
2,36300	-31
2,36367	-31
2,36433	-31
2,36500	-31
2,36567	-32
2,36633	-32
2,36700	-32
2,36767	-32
2,36833	-33
2,36900	-33
2,36967	-33
2,37033	-33
2,37100	-33
2,37167	-33
2,37233	-33
2,37300	-34
2,37367	-34
2,37433	-34
2,37500	-34
2,37567	-34
2,37633	-34
2,37700	-34
2,37767	-34
2,37833	-34
2,37900	-33
2,37967	-33
2,38033	-33
2,38100	-33
2,38167	-33
2,38233	-33
2,38300	-32
2,38367	-32
2,38433	-32
2,38500	-31
2,38567	-31
2,38633	-30
2,38700	-30
2,38767	-30
2,38833	-30
2,38900	-29
2,38967	-29
2,39033	-29
2,39100	-29
2,39167	-29
2,39233	-29
2,39300	-29
2,39367	-29
2,39433	-29
2,39500	-29
2,39567	-28
2,39633	-28
2,39700	-28
2,39767	-28
2,39833	-27
2,39900	-27
2,39967	-27
2,40033	-27
2,40100	-27
2,40167	-27
2,40233	-26
2,40300	-26
2,40367	-26
2,40433	-25
2,40500	-25
2,40567	-25
2,40633	-25
2,40700	-24
2,40767	-24
2,40833	-24
2,40900	-24
2,40967	-24
2,41033	-24
2,41100	-24
2,41167	-24
2,41233	-24
2,41300	-24
2,41367	-24
2,41433	-24
2,41500	-24
2,41567	-24
2,41633	-25
2,41700	-25
2,41767	-25
2,41833	-26
2,41900	-27
2,41967	-27
2,42033	-27
2,42100	-28
2,42167	-28
2,42233	-28
2,42300	-28
2,42367	-28
2,42433	-28
2,42500	-28
2,42567	-28
2,42633	-28
2,42700	-28
2,42767	-28
2,42833	-28
2,42900	-28
2,42967	-28
2,43033	-28
2,43100	-28
2,43167	-28
2,43233	-27
2,43300	-27
2,43367	-27
2,43433	-27
2,43500	-27
2,43567	-27
2,43633	-27
2,43700	-27
2,43767	-27
2,43833	-27
2,43900	-27
2,43967	-27
2,44033	-27
2,44100	-27
2,44167	-27
2,44233	-27
2,44300	-27
2,44367	-27
2,44433	-27
2,44500	-27
2,44567	-27
2,44633	-27
2,44700	-27
2,44767	-27
2,44833	-27
2,44900	-27
2,44967	-27
2,45033	-27
2,45100	-27
2,45167	-27
2,45233	-27
2,45300	-28
2,45367	-28
2,45433	-29
2,45500	-29
2,45567	-29
2,45633	-30
2,45700	-30
2,45767	-30
2,45833	-30
2,45900	-30
2,45967	-30
2,46033	-30
2,46100	-30
2,46167	-30
2,46233	-30
2,46300	-30
2,46367	-30
2,46433	-30
2,46500	-30
2,46567	-30
2,46633	-29
2,46700	-29
2,46767	-29
2,46833	-29
2,46900	-29
2,46967	-28
2,47033	-28
2,47100	-28
2,47167	-28
2,47233	-28
2,47300	-28
2,47367	-27
2,47433	-27
2,47500	-27
2,47567	-27
2,47633	-26
2,47700	-26
2,47767	-26
2,47833	-26
2,47900	-26
2,47967	-25
2,48033	-25
2,48100	-25
2,48167	-25
2,48233	-26
2,48300	-26
2,48367	-26
2,48433	-26
2,48500	-26
2,48567	-26
2,48633	-26
2,48700	-26
2,48767	-26
2,48833	-25
2,48900	-25
2,48967	-25
2,49033	-25
2,49100	-24
2,49167	-24
2,49233	-24
2,49300	-24
2,49367	-24
2,49433	-24
2,49500	-23
2,49567	-23
2,49633	-22
2,49700	-21
2,49767	-19
2,49833	-16
2,49900	-11
2,49967	-4
2,50033	8
2,50100	26
2,50167	54
2,50233	98
2,50300	164
2,50367	265
2,50433	417
2,50500	642
2,50567	974
2,50633	1453
2,50700	2130
2,50767	3067
2,50833	4337
2,50900	6028
2,50967	8229
2,51033	11044
2,51100	14584
2,51167	18984
2,51233	24395
2,51300	30990
2,51367	38929
2,51433	48396
2,51500	59545
2,51567	72558
2,51633	87601
2,51700	104825
2,51767	124366
2,51833	146351
2,51900	170873
2,51967	198018
2,52033	227887
2,52100	260598
2,52167	296220
2,52233	334750
2,52300	376243
2,52367	420730
2,52433	468226
2,52500	518747
2,52567	572260
2,52633	628594
2,52700	687645
2,52767	749211
2,52833	813093
2,52900	879040
2,52967	946755
2,53033	1015809
2,53100	1085656
2,53167	1155557
2,53233	1224537
2,53300	1291415
2,53367	1354847
2,53433	1413334
2,53500	1465327
2,53567	1509247
2,53633	1543600
2,53700	1567172
2,53767	1579240
2,53833	1579634
2,53900	1568655
2,53967	1546973
2,54033	1515596
2,54100	1475770
2,54167	1428884
2,54233	1376336
2,54300	1319485
2,54367	1259571
2,54433	1197708
2,54500	1134865
2,54567	1071871
2,54633	1009418
2,54700	948070
2,54767	888280
2,54833	830399
2,54900	774693
2,54967	721353
2,55033	670506
2,55100	622230
2,55167	576556
2,55233	533483
2,55300	492978
2,55367	454988
2,55433	419442
2,55500	386253
2,55567	355328
2,55633	326565
2,55700	299859
2,55767	275101
2,55833	252184
2,55900	230998
2,55967	211439
2,56033	193402
2,56100	176789
2,56167	161504
2,56233	147453
2,56300	134551
2,56367	122713
2,56433	111861
2,56500	101921
2,56567	92824
2,56633	84503
2,56700	76898
2,56767	69952
2,56833	63611
2,56900	57827
2,56967	52554
2,57033	47748
2,57100	43372
2,57167	39388
2,57233	35764
2,57300	32468
2,57367	29472
2,57433	26750
2,57500	24277
2,57567	22033
2,57633	19996
2,57700	18148
2,57767	16472
2,57833	14953
2,57900	13575
2,57967	12327
2,58033	11197
2,58100	10174
2,58167	9247
2,58233	8409
2,58300	7650
2,58367	6964
2,58433	6343
2,58500	5782
2,58567	5274
2,58633	4815
2,58700	4400
2,58767	4025
2,58833	3686
2,58900	3380
2,58967	3103
2,59033	2852
2,59100	2626
2,59167	2421
2,59233	2236
2,59300	2069
2,59367	1918
2,59433	1781
2,59500	1658
2,59567	1546
2,59633	1445
2,59700	1354
2,59767	1271
2,59833	1196
2,59900	1128
2,59967	1067
2,60033	1011
2,60100	961
2,60167	916
2,60233	875
2,60300	838
2,60367	805
2,60433	775
2,60500	747
2,60567	723
2,60633	700
2,60700	680
2,60767	661
2,60833	644
2,60900	628
2,60967	613
2,61033	600
2,61100	588
2,61167	577
2,61233	566
2,61300	557
2,61367	548
2,61433	540
2,61500	533
2,61567	527
2,61633	521
2,61700	515
2,61767	510
2,61833	505
2,61900	500
2,61967	496
2,62033	491
2,62100	487
2,62167	483
2,62233	479
2,62300	474
2,62367	470
2,62433	466
2,62500	462
2,62567	457
2,62633	453
2,62700	449
2,62767	446
2,62833	442
2,62900	438
2,62967	435
2,63033	431
2,63100	428
2,63167	424
2,63233	421
2,63300	417
2,63367	414
2,63433	410
2,63500	407
2,63567	404
2,63633	400
2,63700	397
2,63767	394
2,63833	390
2,63900	387
2,63967	384
2,64033	380
2,64100	377
2,64167	373
2,64233	370
2,64300	366
2,64367	362
2,64433	358
2,64500	354
2,64567	351
2,64633	347
2,64700	343
2,64767	340
2,64833	336
2,64900	332
2,64967	328
2,65033	324
2,65100	321
2,65167	317
2,65233	314
2,65300	310
2,65367	307
2,65433	303
2,65500	300
2,65567	296
2,65633	293
2,65700	289
2,65767	286
2,65833	283
2,65900	280
2,65967	277
2,66033	274
2,66100	272
2,66167	269
2,66233	267
2,66300	265
2,66367	262
2,66433	260
2,66500	258
2,66567	256
2,66633	254
2,66700	251
2,66767	249
2,66833	247
2,66900	245
2,66967	243
2,67033	241
2,67100	239
2,67167	237
2,67233	235
2,67300	234
2,67367	232
2,67433	231
2,67500	229
2,67567	228
2,67633	226
2,67700	225
2,67767	223
2,67833	222
2,67900	221
2,67967	220
2,68033	218
2,68100	217
2,68167	216
2,68233	214
2,68300	213
2,68367	211
2,68433	210
2,68500	209
2,68567	207
2,68633	206
2,68700	204
2,68767	203
2,68833	201
2,68900	200
2,68967	198
2,69033	197
2,69100	195
2,69167	194
2,69233	193
2,69300	192
2,69367	190
2,69433	189
2,69500	187
2,69567	186
2,69633	184
2,69700	183
2,69767	181
2,69833	179
2,69900	178
2,69967	176
2,70033	175
2,70100	173
2,70167	171
2,70233	170
2,70300	168
2,70367	167
2,70433	165
2,70500	163
2,70567	162
2,70633	160
2,70700	159
2,70767	157
2,70833	155
2,70900	154
2,70967	152
2,71033	151
2,71100	150
2,71167	148
2,71233	147
2,71300	145
2,71367	144
2,71433	142
2,71500	141
2,71567	140
2,71633	138
2,71700	137
2,71767	135
2,71833	134
2,71900	132
2,71967	131
2,72033	129
2,72100	128
2,72167	126
2,72233	125
2,72300	124
2,72367	123
2,72433	122
2,72500	121
2,72567	120
2,72633	118
2,72700	117
2,72767	116
2,72833	115
2,72900	114
2,72967	113
2,73033	112
2,73100	111
2,73167	110
2,73233	109
2,73300	108
2,73367	107
2,73433	106
2,73500	105
2,73567	104
2,73633	103
2,73700	102
2,73767	101
2,73833	101
2,73900	100
2,73967	99
2,74033	98
2,74100	97
2,74167	96
2,74233	95
2,74300	94
2,74367	94
2,74433	93
2,74500	93
2,74567	92
2,74633	91
2,74700	90
2,74767	89
2,74833	89
2,74900	88
2,74967	87
2,75033	86
2,75100	85
2,75167	85
2,75233	84
2,75300	83
2,75367	83
2,75433	82
2,75500	81
2,75567	81
2,75633	80
2,75700	80
2,75767	79
2,75833	79
2,75900	79
2,75967	78
2,76033	78
2,76100	78
2,76167	77
2,76233	77
2,76300	77
2,76367	76
2,76433	76
2,76500	76
2,76567	75
2,76633	75
2,76700	74
2,76767	74
2,76833	73
2,76900	73
2,76967	73
2,77033	72
2,77100	71
2,77167	70
2,77233	70
2,77300	69
2,77367	68
2,77433	67
2,77500	66
2,77567	66
2,77633	65
2,77700	64
2,77767	64
2,77833	63
2,77900	62
2,77967	62
2,78033	61
2,78100	61
2,78167	61
2,78233	60
2,78300	60
2,78367	60
2,78433	59
2,78500	59
2,78567	58
2,78633	58
2,78700	58
2,78767	57
2,78833	57
2,78900	56
2,78967	56
2,79033	56
2,79100	55
2,79167	55
2,79233	54
2,79300	54
2,79367	53
2,79433	53
2,79500	52
2,79567	52
2,79633	52
2,79700	51
2,79767	51
2,79833	51
2,79900	51
2,79967	50
2,80033	50
2,80100	50
2,80167	50
2,80233	50
2,80300	50
2,80367	49
2,80433	49
2,80500	49
2,80567	49
2,80633	49
2,80700	49
2,80767	49
2,80833	49
2,80900	49
2,80967	49
2,81033	49
2,81100	49
2,81167	49
2,81233	50
2,81300	49
2,81367	49
2,81433	49
2,81500	49
2,81567	49
2,81633	50
2,81700	50
2,81767	50
2,81833	50
2,81900	50
2,81967	50
2,82033	50
2,82100	50
2,82167	50
2,82233	50
2,82300	50
2,82367	50
2,82433	50
2,82500	49
2,82567	49
2,82633	49
2,82700	49
2,82767	49
2,82833	49
2,82900	48
2,82967	48
2,83033	48
2,83100	48
2,83167	48
2,83233	48
2,83300	48
2,83367	47
2,83433	47
2,83500	47
2,83567	47
2,83633	47
2,83700	47
2,83767	46
2,83833	46
2,83900	46
2,83967	45
2,84033	45
2,84100	45
2,84167	44
2,84233	44
2,84300	44
2,84367	43
2,84433	43
2,84500	43
2,84567	42
2,84633	42
2,84700	42
2,84767	42
2,84833	42
2,84900	42
2,84967	42
2,85033	42
2,85100	41
2,85167	41
2,85233	41
2,85300	40
2,85367	40
2,85433	40
2,85500	39
2,85567	39
2,85633	39
2,85700	38
2,85767	38
2,85833	37
2,85900	37
2,85967	36
2,86033	36
2,86100	35
2,86167	35
2,86233	35
2,86300	35
2,86367	35
2,86433	34
2,86500	34
2,86567	34
2,86633	34
2,86700	34
2,86767	34
2,86833	34
2,86900	34
2,86967	34
2,87033	34
2,87100	34
2,87167	34
2,87233	34
2,87300	34
2,87367	34
2,87433	34
2,87500	34
2,87567	35
2,87633	35
2,87700	35
2,87767	35
2,87833	35
2,87900	35
2,87967	35
2,88033	35
2,88100	35
2,88167	35
2,88233	35
2,88300	35
2,88367	35
2,88433	35
2,88500	35
2,88567	35
2,88633	36
2,88700	36
2,88767	36
2,88833	37
2,88900	37
2,88967	38
2,89033	38
2,89100	38
2,89167	39
2,89233	39
2,89300	39
2,89367	40
2,89433	40
2,89500	40
2,89567	41
2,89633	41
2,89700	41
2,89767	41
2,89833	41
2,89900	41
2,89967	41
2,90033	41
2,90100	41
2,90167	41
2,90233	41
2,90300	41
2,90367	41
2,90433	41
2,90500	41
2,90567	41
2,90633	41
2,90700	41
2,90767	41
2,90833	40
2,90900	40
2,90967	40
2,91033	39
2,91100	39
2,91167	39
2,91233	38
2,91300	38
2,91367	38
2,91433	38
2,91500	38
2,91567	38
2,91633	38
2,91700	38
2,91767	38
2,91833	37
2,91900	37
2,91967	37
2,92033	37
2,92100	36
2,92167	36
2,92233	36
2,92300	35
2,92367	35
2,92433	35
2,92500	34
2,92567	34
2,92633	34
2,92700	34
2,92767	34
2,92833	33
2,92900	33
2,92967	32
2,93033	32
2,93100	32
2,93167	31
2,93233	31
2,93300	30
2,93367	30
2,93433	29
2,93500	29
2,93567	29
2,93633	29
2,93700	29
2,93767	29
2,93833	28
2,93900	28
2,93967	28
2,94033	28
2,94100	28
2,94167	28
2,94233	28
2,94300	28
2,94367	27
2,94433	27
2,94500	26
2,94567	26
2,94633	26
2,94700	26
2,94767	25
2,94833	25
2,94900	25
2,94967	24
2,95033	24
2,95100	24
2,95167	24
2,95233	24
2,95300	24
2,95367	24
2,95433	25
2,95500	25
2,95567	26
2,95633	27
2,95700	29
2,95767	30
2,95833	32
2,95900	34
2,95967	36
2,96033	38
2,96100	41
2,96167	44
2,96233	47
2,96300	50
2,96367	53
2,96433	56
2,96500	59
2,96567	63
2,96633	66
2,96700	69
2,96767	71
2,96833	74
2,96900	77
2,96967	79
2,97033	81
2,97100	82
2,97167	83
2,97233	84
2,97300	84
2,97367	85
2,97433	84
2,97500	84
2,97567	83
2,97633	81
2,97700	80
2,97767	78
2,97833	77
2,97900	75
2,97967	73
2,98033	71
2,98100	69
2,98167	67
2,98233	64
2,98300	62
2,98367	60
2,98433	57
2,98500	55
2,98567	53
2,98633	51
2,98700	49
2,98767	47
2,98833	45
2,98900	43
2,98967	41
2,99033	39
2,99100	38
2,99167	37
2,99233	35
2,99300	34
2,99367	33
2,99433	33
2,99500	32
2,99567	31
2,99633	30
2,99700	29
2,99767	29
2,99833	28
2,99900	27
2,99967	27
3,00033	26
3,00100	25
3,00167	25
3,00233	24
3,00300	23
3,00367	23
3,00433	22
3,00500	21
3,00567	20
3,00633	19
3,00700	18
3,00767	18
3,00833	17
3,00900	17
3,00967	16
3,01033	16
3,01100	16
3,01167	15
3,01233	15
3,01300	15
3,01367	14
3,01433	14
3,01500	13
3,01567	12
3,01633	12
3,01700	11
3,01767	11
3,01833	11
3,01900	10
3,01967	10
3,02033	10
3,02100	10
3,02167	10
3,02233	9
3,02300	9
3,02367	9
3,02433	10
3,02500	10
3,02567	10
3,02633	10
3,02700	9
3,02767	9
3,02833	9
3,02900	9
3,02967	9
3,03033	9
3,03100	9
3,03167	8
3,03233	8
3,03300	8
3,03367	8
3,03433	7
3,03500	7
3,03567	7
3,03633	7
3,03700	7
3,03767	6
3,03833	6
3,03900	6
3,03967	6
3,04033	6
3,04100	6
3,04167	6
3,04233	5
3,04300	5
3,04367	5
3,04433	5
3,04500	5
3,04567	5
3,04633	5
3,04700	5
3,04767	5
3,04833	5
3,04900	5
3,04967	5
3,05033	5
3,05100	5
3,05167	4
3,05233	4
3,05300	4
3,05367	4
3,05433	4
3,05500	4
3,05567	4
3,05633	4
3,05700	4
3,05767	4
3,05833	3
3,05900	3
3,05967	3
3,06033	3
3,06100	3
3,06167	2
3,06233	2
3,06300	2
3,06367	2
3,06433	2
3,06500	2
3,06567	2
3,06633	2
3,06700	2
3,06767	2
3,06833	2
3,06900	2
3,06967	1
3,07033	1
3,07100	1
3,07167	1
3,07233	1
3,07300	1
3,07367	1
3,07433	1
3,07500	1
3,07567	1
3,07633	1
3,07700	1
3,07767	0
3,07833	0
3,07900	0
3,07967	-0
3,08033	-0
3,08100	-0
3,08167	-1
3,08233	-1
3,08300	-1
3,08367	-1
3,08433	-1
3,08500	-1
3,08567	-1
3,08633	-1
3,08700	-1
3,08767	-1
3,08833	-1
3,08900	-1
3,08967	-1
3,09033	-2
3,09100	-2
3,09167	-2
3,09233	-2
3,09300	-2
3,09367	-2
3,09433	-2
3,09500	-2
3,09567	-2
3,09633	-1
3,09700	-1
3,09767	-1
3,09833	-1
3,09900	-1
3,09967	-1
3,10033	-0
3,10100	-0
3,10167	0
3,10233	0
3,10300	1
3,10367	1
3,10433	1
3,10500	1
3,10567	2
3,10633	2
3,10700	2
3,10767	2
3,10833	2
3,10900	2
3,10967	1
3,11033	1
3,11100	1
3,11167	0
3,11233	-0
3,11300	-1
3,11367	-1
3,11433	-1
3,11500	-2
3,11567	-2
3,11633	-2
3,11700	-2
3,11767	-3
3,11833	-3
3,11900	-3
3,11967	-3
3,12033	-3
3,12100	-3
3,12167	-3
3,12233	-4
3,12300	-4
3,12367	-4
3,12433	-5
3,12500	-5
3,12567	-5
3,12633	-4
3,12700	-4
3,12767	-4
3,12833	-4
3,12900	-3
3,12967	-3
3,13033	-3
3,13100	-2
3,13167	-2
3,13233	-2
3,13300	-2
3,13367	-2
3,13433	-2
3,13500	-2
3,13567	-3
3,13633	-3
3,13700	-4
3,13767	-4
3,13833	-4
3,13900	-4
3,13967	-5
3,14033	-5
3,14100	-5
3,14167	-5
3,14233	-6
3,14300	-6
3,14367	-6
3,14433	-7
3,14500	-7
3,14567	-7
3,14633	-7
3,14700	-8
3,14767	-8
3,14833	-8
3,14900	-8
3,14967	-8
3,15033	-8
3,15100	-8
3,15167	-8
3,15233	-8
3,15300	-8
3,15367	-9
3,15433	-9
3,15500	-9
3,15567	-9
3,15633	-9
3,15700	-9
3,15767	-10
3,15833	-10
3,15900	-10
3,15967	-10
3,16033	-10
3,16100	-11
3,16167	-11
3,16233	-11
3,16300	-11
3,16367	-11
3,16433	-11
3,16500	-11
3,16567	-12
3,16633	-12
3,16700	-12
3,16767	-13
3,16833	-13
3,16900	-13
3,16967	-13
3,17033	-13
3,17100	-13
3,17167	-13
3,17233	-13
3,17300	-13
3,17367	-13
3,17433	-13
3,17500	-13
3,17567	-12
3,17633	-12
3,17700	-12
3,17767	-12
3,17833	-11
3,17900	-11
3,17967	-11
3,18033	-10
3,18100	-10
3,18167	-10
3,18233	-10
3,18300	-9
3,18367	-9
3,18433	-9
3,18500	-9
3,18567	-9
3,18633	-9
3,18700	-9
3,18767	-9
3,18833	-8
3,18900	-8
3,18967	-8
3,19033	-8
3,19100	-8
3,19167	-7
3,19233	-7
3,19300	-7
3,19367	-7
3,19433	-7
3,19500	-7
3,19567	-7
3,19633	-7
3,19700	-7
3,19767	-7
3,19833	-7
3,19900	-8
3,19967	-8
3,20033	-8
3,20100	-8
3,20167	-8
3,20233	-8
3,20300	-7
3,20367	-7
3,20433	-7
3,20500	-6
3,20567	-6
3,20633	-5
3,20700	-5
3,20767	-5
3,20833	-4
3,20900	-4
3,20967	-3
3,21033	-3
3,21100	-3
3,21167	-2
3,21233	-2
3,21300	-2
3,21367	-1
3,21433	-1
3,21500	0
3,21567	1
3,21633	1
3,21700	2
3,21767	2
3,21833	2
3,21900	2
3,21967	2
3,22033	2
3,22100	2
3,22167	1
3,22233	1
3,22300	1
3,22367	1
3,22433	1
3,22500	0
3,22567	0
3,22633	0
3,22700	0
3,22767	0
3,22833	0
3,22900	0
3,22967	0
3,23033	0
3,23100	0
3,23167	-0
3,23233	-0
3,23300	-1
3,23367	-1
3,23433	-1
3,23500	-1
3,23567	-1
3,23633	-1
3,23700	-1
3,23767	-1
3,23833	-1
3,23900	-1
3,23967	-1
3,24033	-2
3,24100	-2
3,24167	-2
3,24233	-2
3,24300	-2
3,24367	-2
3,24433	-2
3,24500	-2
3,24567	-2
3,24633	-2
3,24700	-2
3,24767	-2
3,24833	-2
3,24900	-2
3,24967	-2
3,25033	-2
3,25100	-3
3,25167	-3
3,25233	-3
3,25300	-4
3,25367	-4
3,25433	-4
3,25500	-5
3,25567	-5
3,25633	-5
3,25700	-5
3,25767	-5
3,25833	-5
3,25900	-5
3,25967	-5
3,26033	-5
3,26100	-6
3,26167	-6
3,26233	-6
3,26300	-6
3,26367	-6
3,26433	-6
3,26500	-6
3,26567	-6
3,26633	-6
3,26700	-6
3,26767	-6
3,26833	-6
3,26900	-6
3,26967	-6
3,27033	-6
3,27100	-6
3,27167	-7
3,27233	-7
3,27300	-7
3,27367	-7
3,27433	-7
3,27500	-7
3,27567	-7
3,27633	-7
3,27700	-7
3,27767	-7
3,27833	-7
3,27900	-7
3,27967	-8
3,28033	-8
3,28100	-8
3,28167	-8
3,28233	-8
3,28300	-9
3,28367	-9
3,28433	-9
3,28500	-9
3,28567	-9
3,28633	-10
3,28700	-10
3,28767	-10
3,28833	-10
3,28900	-10
3,28967	-10
3,29033	-10
3,29100	-9
3,29167	-9
3,29233	-9
3,29300	-9
3,29367	-9
3,29433	-9
3,29500	-9
3,29567	-9
3,29633	-8
3,29700	-8
3,29767	-8
3,29833	-7
3,29900	-7
3,29967	-7
3,30033	-6
3,30100	-6
3,30167	-6
3,30233	-6
3,30300	-6
3,30367	-6
3,30433	-6
3,30500	-7
3,30567	-7
3,30633	-7
3,30700	-7
3,30767	-7
3,30833	-7
3,30900	-7
3,30967	-8
3,31033	-8
3,31100	-7
3,31167	-7
3,31233	-7
3,31300	-7
3,31367	-7
3,31433	-8
3,31500	-8
3,31567	-8
3,31633	-8
3,31700	-8
3,31767	-9
3,31833	-9
3,31900	-9
3,31967	-9
3,32033	-9
3,32100	-10
3,32167	-10
3,32233	-10
3,32300	-10
3,32367	-10
3,32433	-10
3,32500	-10
3,32567	-10
3,32633	-10
3,32700	-10
3,32767	-10
3,32833	-11
3,32900	-11
3,32967	-11
3,33033	-11
3,33100	-11
3,33167	-11
3,33233	-11
3,33300	-10
3,33367	-10
3,33433	-10
3,33500	-9
3,33567	-8
3,33633	-8
3,33700	-7
3,33767	-7
3,33833	-6
3,33900	-5
3,33967	-4
3,34033	-2
3,34100	-1
3,34167	1
3,34233	3
3,34300	5
3,34367	7
3,34433	10
3,34500	12
3,34567	16
3,34633	19
3,34700	22
3,34767	26
3,34833	30
3,34900	35
3,34967	40
3,35033	45
3,35100	50
3,35167	56
3,35233	62
3,35300	68
3,35367	74
3,35433	80
3,35500	87
3,35567	93
3,35633	100
3,35700	106
3,35767	112
3,35833	119
3,35900	125
3,35967	131
3,36033	138
3,36100	144
3,36167	150
3,36233	155
3,36300	161
3,36367	166
3,36433	171
3,36500	176
3,36567	180
3,36633	185
3,36700	189
3,36767	192
3,36833	195
3,36900	198
3,36967	201
3,37033	203
3,37100	205
3,37167	206
3,37233	208
3,37300	209
3,37367	209
3,37433	210
3,37500	210
3,37567	210
3,37633	209
3,37700	209
3,37767	208
3,37833	207
3,37900	206
3,37967	204
3,38033	203
3,38100	201
3,38167	199
3,38233	196
3,38300	194
3,38367	192
3,38433	189
3,38500	186
3,38567	184
3,38633	181
3,38700	178
3,38767	175
3,38833	173
3,38900	170
3,38967	167
3,39033	164
3,39100	161
3,39167	158
3,39233	156
3,39300	153
3,39367	151
3,39433	149
3,39500	147
3,39567	145
3,39633	143
3,39700	141
3,39767	139
3,39833	138
3,39900	136
3,39967	135
3,40033	134
3,40100	132
3,40167	131
3,40233	130
3,40300	129
3,40367	128
3,40433	127
3,40500	126
3,40567	125
3,40633	124
3,40700	124
3,40767	123
3,40833	123
3,40900	122
3,40967	122
3,41033	121
3,41100	120
3,41167	120
3,41233	119
3,41300	118
3,41367	117
3,41433	116
3,41500	116
3,41567	115
3,41633	115
3,41700	114
3,41767	114
3,41833	113
3,41900	113
3,41967	112
3,42033	111
3,42100	110
3,42167	110
3,42233	109
3,42300	108
3,42367	107
3,42433	106
3,42500	106
3,42567	105
3,42633	104
3,42700	104
3,42767	103
3,42833	103
3,42900	102
3,42967	101
3,43033	101
3,43100	100
3,43167	99
3,43233	98
3,43300	96
3,43367	95
3,43433	94
3,43500	92
3,43567	90
3,43633	89
3,43700	87
3,43767	85
3,43833	84
3,43900	82
3,43967	80
3,44033	78
3,44100	76
3,44167	74
3,44233	72
3,44300	70
3,44367	68
3,44433	66
3,44500	64
3,44567	62
3,44633	60
3,44700	58
3,44767	56
3,44833	54
3,44900	53
3,44967	51
3,45033	49
3,45100	48
3,45167	46
3,45233	44
3,45300	43
3,45367	41
3,45433	39
3,45500	38
3,45567	36
3,45633	35
3,45700	34
3,45767	33
3,45833	32
3,45900	32
3,45967	31
3,46033	30
3,46100	29
3,46167	29
3,46233	28
3,46300	27
3,46367	27
3,46433	26
3,46500	25
3,46567	25
3,46633	24
3,46700	24
3,46767	23
3,46833	22
3,46900	22
3,46967	22
3,47033	21
3,47100	21
3,47167	21
3,47233	20
3,47300	20
3,47367	19
3,47433	19
3,47500	18
3,47567	18
3,47633	18
3,47700	17
3,47767	17
3,47833	17
3,47900	16
3,47967	16
3,48033	16
3,48100	15
3,48167	15
3,48233	15
3,48300	15
3,48367	15
3,48433	14
3,48500	14
3,48567	14
3,48633	14
3,48700	13
3,48767	13
3,48833	13
3,48900	12
3,48967	12
3,49033	11
3,49100	11
3,49167	11
3,49233	10
3,49300	10
3,49367	10
3,49433	10
3,49500	10
3,49567	9
3,49633	9
3,49700	9
3,49767	9
3,49833	9
3,49900	8
3,49967	8
3,50033	8
3,50100	7
3,50167	7
3,50233	7
3,50300	7
3,50367	7
3,50433	6
3,50500	6
3,50567	6
3,50633	6
3,50700	6
3,50767	6
3,50833	6
3,50900	6
3,50967	6
3,51033	6
3,51100	5
3,51167	5
3,51233	5
3,51300	5
3,51367	5
3,51433	5
3,51500	5
3,51567	5
3,51633	5
3,51700	5
3,51767	5
3,51833	5
3,51900	5
3,51967	5
3,52033	5
3,52100	5
3,52167	5
3,52233	5
3,52300	5
3,52367	5
3,52433	5
3,52500	5
3,52567	5
3,52633	5
3,52700	5
3,52767	5
3,52833	5
3,52900	4
3,52967	4
3,53033	4
3,53100	4
3,53167	4
3,53233	4
3,53300	4
3,53367	4
3,53433	4
3,53500	4
3,53567	4
3,53633	4
3,53700	4
3,53767	4
3,53833	5
3,53900	5
3,53967	6
3,54033	6
3,54100	7
3,54167	8
3,54233	10
3,54300	12
3,54367	14
3,54433	17
3,54500	21
3,54567	25
3,54633	30
3,54700	35
3,54767	41
3,54833	48
3,54900	55
3,54967	63
3,55033	72
3,55100	82
3,55167	93
3,55233	104
3,55300	115
3,55367	127
3,55433	140
3,55500	153
3,55567	165
3,55633	178
3,55700	190
3,55767	201
3,55833	211
3,55900	221
3,55967	229
3,56033	236
3,56100	242
3,56167	246
3,56233	249
3,56300	251
3,56367	251
3,56433	250
3,56500	248
3,56567	245
3,56633	241
3,56700	236
3,56767	230
3,56833	224
3,56900	217
3,56967	209
3,57033	201
3,57100	192
3,57167	184
3,57233	175
3,57300	166
3,57367	157
3,57433	149
3,57500	140
3,57567	132
3,57633	124
3,57700	117
3,57767	109
3,57833	102
3,57900	96
3,57967	89
3,58033	83
3,58100	77
3,58167	72
3,58233	67
3,58300	62
3,58367	58
3,58433	53
3,58500	49
3,58567	45
3,58633	41
3,58700	38
3,58767	35
3,58833	32
3,58900	29
3,58967	26
3,59033	24
3,59100	22
3,59167	20
3,59233	18
3,59300	16
3,59367	14
3,59433	12
3,59500	11
3,59567	9
3,59633	8
3,59700	7
3,59767	6
3,59833	5
3,59900	5
3,59967	4
3,60033	3
3,60100	2
3,60167	1
3,60233	0
3,60300	-1
3,60367	-1
3,60433	-2
3,60500	-3
3,60567	-4
3,60633	-4
3,60700	-4
3,60767	-5
3,60833	-5
3,60900	-5
3,60967	-5
3,61033	-5
3,61100	-5
3,61167	-5
3,61233	-5
3,61300	-5
3,61367	-5
3,61433	-5
3,61500	-5
3,61567	-5
3,61633	-5
3,61700	-5
3,61767	-5
3,61833	-6
3,61900	-6
3,61967	-6
3,62033	-6
3,62100	-6
3,62167	-6
3,62233	-6
3,62300	-6
3,62367	-6
3,62433	-6
3,62500	-5
3,62567	-5
3,62633	-5
3,62700	-5
3,62767	-5
3,62833	-4
3,62900	-4
3,62967	-4
3,63033	-3
3,63100	-3
3,63167	-3
3,63233	-2
3,63300	-1
3,63367	-1
3,63433	0
3,63500	1
3,63567	2
3,63633	3
3,63700	5
3,63767	6
3,63833	8
3,63900	11
3,63967	13
3,64033	16
3,64100	20
3,64167	24
3,64233	29
3,64300	34
3,64367	39
3,64433	45
3,64500	51
3,64567	58
3,64633	65
3,64700	71
3,64767	78
3,64833	85
3,64900	92
3,64967	99
3,65033	106
3,65100	113
3,65167	120
3,65233	126
3,65300	132
3,65367	137
3,65433	142
3,65500	146
3,65567	149
3,65633	152
3,65700	154
3,65767	155
3,65833	156
3,65900	156
3,65967	155
3,66033	154
3,66100	152
3,66167	150
3,66233	147
3,66300	143
3,66367	140
3,66433	136
3,66500	131
3,66567	127
3,66633	122
3,66700	116
3,66767	111
3,66833	106
3,66900	100
3,66967	95
3,67033	90
3,67100	84
3,67167	79
3,67233	74
3,67300	70
3,67367	65
3,67433	61
3,67500	57
3,67567	53
3,67633	49
3,67700	45
3,67767	42
3,67833	38
3,67900	35
3,67967	32
3,68033	29
3,68100	27
3,68167	24
3,68233	22
3,68300	19
3,68367	17
3,68433	15
3,68500	13
3,68567	12
3,68633	10
3,68700	8
3,68767	7
3,68833	6
3,68900	4
3,68967	3
3,69033	3
3,69100	2
3,69167	1
3,69233	0
3,69300	-0
3,69367	-1
3,69433	-1
3,69500	-2
3,69567	-2
3,69633	-3
3,69700	-3
3,69767	-4
3,69833	-5
3,69900	-5
3,69967	-6
3,70033	-7
3,70100	-7
3,70167	-8
3,70233	-8
3,70300	-8
3,70367	-8
3,70433	-8
3,70500	-8
3,70567	-8
3,70633	-8
3,70700	-7
3,70767	-7
3,70833	-7
3,70900	-7
3,70967	-7
3,71033	-7
3,71100	-7
3,71167	-8
3,71233	-8
3,71300	-8
3,71367	-9
3,71433	-9
3,71500	-9
3,71567	-9
3,71633	-9
3,71700	-9
3,71767	-9
3,71833	-9
3,71900	-9
3,71967	-9
3,72033	-9
3,72100	-9
3,72167	-10
3,72233	-10
3,72300	-10
3,72367	-10
3,72433	-10
3,72500	-10
3,72567	-10
3,72633	-10
3,72700	-10
3,72767	-10
3,72833	-10
3,72900	-10
3,72967	-10
3,73033	-10
3,73100	-10
3,73167	-10
3,73233	-10
3,73300	-10
3,73367	-10
3,73433	-10
3,73500	-10
3,73567	-10
3,73633	-11
3,73700	-11
3,73767	-11
3,73833	-11
3,73900	-10
3,73967	-10
3,74033	-10
3,74100	-10
3,74167	-10
3,74233	-10
3,74300	-10
3,74367	-10
3,74433	-10
3,74500	-10
3,74567	-10
3,74633	-10
3,74700	-10
3,74767	-10
3,74833	-10
3,74900	-10
3,74967	-9
3,75033	-9
3,75100	-9
3,75167	-9
3,75233	-8
3,75300	-8
3,75367	-8
3,75433	-7
3,75500	-7
3,75567	-7
3,75633	-6
3,75700	-6
3,75767	-5
3,75833	-5
3,75900	-4
3,75967	-3
3,76033	-3
3,76100	-2
3,76167	-1
3,76233	-0
3,76300	0
3,76367	1
3,76433	1
3,76500	2
3,76567	2
3,76633	3
3,76700	4
3,76767	5
3,76833	6
3,76900	7
3,76967	8
3,77033	9
3,77100	10
3,77167	11
3,77233	11
3,77300	12
3,77367	13
3,77433	13
3,77500	14
3,77567	15
3,77633	15
3,77700	15
3,77767	15
3,77833	16
3,77900	16
3,77967	16
3,78033	16
3,78100	16
3,78167	15
3,78233	15
3,78300	15
3,78367	14
3,78433	13
3,78500	13
3,78567	12
3,78633	11
3,78700	10
3,78767	9
3,78833	8
3,78900	8
3,78967	7
3,79033	6
3,79100	5
3,79167	5
3,79233	4
3,79300	3
3,79367	3
3,79433	2
3,79500	1
3,79567	1
3,79633	0
3,79700	-1
3,79767	-1
3,79833	-2
3,79900	-2
3,79967	-3
3,80033	-3
3,80100	-4
3,80167	-5
3,80233	-5
3,80300	-6
3,80367	-6
3,80433	-7
3,80500	-7
3,80567	-8
3,80633	-8
3,80700	-8
3,80767	-9
3,80833	-9
3,80900	-9
3,80967	-10
3,81033	-10
3,81100	-10
3,81167	-10
3,81233	-10
3,81300	-10
3,81367	-10
3,81433	-10
3,81500	-10
3,81567	-10
3,81633	-11
3,81700	-11
3,81767	-11
3,81833	-11
3,81900	-11
3,81967	-11
3,82033	-11
3,82100	-11
3,82167	-11
3,82233	-11
3,82300	-11
3,82367	-10
3,82433	-10
3,82500	-10
3,82567	-10
3,82633	-10
3,82700	-10
3,82767	-10
3,82833	-10
3,82900	-11
3,82967	-11
3,83033	-11
3,83100	-12
3,83167	-12
3,83233	-12
3,83300	-12
3,83367	-12
3,83433	-13
3,83500	-13
3,83567	-13
3,83633	-13
3,83700	-14
3,83767	-14
3,83833	-14
3,83900	-15
3,83967	-15
3,84033	-16
3,84100	-16
3,84167	-16
3,84233	-16
3,84300	-16
3,84367	-16
3,84433	-16
3,84500	-16
3,84567	-16
3,84633	-15
3,84700	-15
3,84767	-15
3,84833	-15
3,84900	-15
3,84967	-15
3,85033	-15
3,85100	-15
3,85167	-15
3,85233	-15
3,85300	-15
3,85367	-14
3,85433	-14
3,85500	-14
3,85567	-14
3,85633	-14
3,85700	-13
3,85767	-13
3,85833	-13
3,85900	-13
3,85967	-13
3,86033	-13
3,86100	-13
3,86167	-13
3,86233	-13
3,86300	-13
3,86367	-13
3,86433	-13
3,86500	-13
3,86567	-13
3,86633	-13
3,86700	-13
3,86767	-13
3,86833	-13
3,86900	-13
3,86967	-13
3,87033	-13
3,87100	-13
3,87167	-13
3,87233	-13
3,87300	-13
3,87367	-13
3,87433	-13
3,87500	-12
3,87567	-12
3,87633	-12
3,87700	-12
3,87767	-12
3,87833	-12
3,87900	-12
3,87967	-12
3,88033	-12
3,88100	-12
3,88167	-12
3,88233	-12
3,88300	-12
3,88367	-12
3,88433	-12
3,88500	-12
3,88567	-12
3,88633	-12
3,88700	-12
3,88767	-12
3,88833	-12
3,88900	-11
3,88967	-11
3,89033	-11
3,89100	-10
3,89167	-9
3,89233	-7
3,89300	-4
3,89367	1
3,89433	9
3,89500	21
3,89567	38
3,89633	63
3,89700	100
3,89767	152
3,89833	226
3,89900	329
3,89967	472
3,90033	667
3,90100	931
3,90167	1279
3,90233	1731
3,90300	2307
3,90367	3027
3,90433	3916
3,90500	4998
3,90567	6301
3,90633	7848
3,90700	9662
3,90767	11763
3,90833	14168
3,90900	16887
3,90967	19923
3,91033	23274
3,91100	26924
3,91167	30854
3,91233	35040
3,91300	39463
3,91367	44085
3,91433	48858
3,91500	53739
3,91567	58678
3,91633	63618
3,91700	68495
3,91767	73244
3,91833	77787
3,91900	82039
3,91967	85928
3,92033	89393
3,92100	92378
3,92167	94840
3,92233	96747
3,92300	98083
3,92367	98840
3,92433	99019
3,92500	98635
3,92567	97717
3,92633	96308
3,92700	94452
3,92767	92202
3,92833	89611
3,92900	86735
3,92967	83627
3,93033	80338
3,93100	76916
3,93167	73404
3,93233	69845
3,93300	66272
3,93367	62719
3,93433	59211
3,93500	55772
3,93567	52421
3,93633	49172
3,93700	46038
3,93767	43028
3,93833	40150
3,93900	37406
3,93967	34800
3,94033	32332
3,94100	30001
3,94167	27805
3,94233	25741
3,94300	23806
3,94367	21995
3,94433	20304
3,94500	18727
3,94567	17260
3,94633	15896
3,94700	14631
3,94767	13458
3,94833	12372
3,94900	11368
3,94967	10440
3,95033	9585
3,95100	8797
3,95167	8071
3,95233	7403
3,95300	6789
3,95367	6225
3,95433	5707
3,95500	5232
3,95567	4797
3,95633	4398
3,95700	4032
3,95767	3698
3,95833	3391
3,95900	3111
3,95967	2855
3,96033	2621
3,96100	2407
3,96167	2212
3,96233	2033
3,96300	1870
3,96367	1721
3,96433	1586
3,96500	1461
3,96567	1348
3,96633	1245
3,96700	1151
3,96767	1065
3,96833	986
3,96900	915
3,96967	849
3,97033	790
3,97100	736
3,97167	686
3,97233	641
3,97300	599
3,97367	561
3,97433	527
3,97500	495
3,97567	466
3,97633	439
3,97700	415
3,97767	392
3,97833	372
3,97900	353
3,97967	335
3,98033	319
3,98100	304
3,98167	290
3,98233	277
3,98300	265
3,98367	255
3,98433	245
3,98500	235
3,98567	227
3,98633	218
3,98700	211
3,98767	203
3,98833	196
3,98900	190
3,98967	184
3,99033	178
3,99100	173
3,99167	168
3,99233	163
3,99300	159
3,99367	155
3,99433	151
3,99500	147
3,99567	144
3,99633	140
3,99700	137
3,99767	134
3,99833	131
3,99900	128
3,99967	125
4,00033	122
4,00100	120
4,00167	117
4,00233	115
4,00300	113
4,00367	111
4,00433	109
4,00500	108
4,00567	106
4,00633	104
4,00700	103
4,00767	101
4,00833	99
4,00900	98
4,00967	97
4,01033	96
4,01100	94
4,01167	93
4,01233	92
4,01300	92
4,01367	91
4,01433	90
4,01500	89
4,01567	88
4,01633	86
4,01700	85
4,01767	84
4,01833	83
4,01900	81
4,01967	80
4,02033	79
4,02100	78
4,02167	76
4,02233	75
4,02300	74
4,02367	72
4,02433	71
4,02500	70
4,02567	69
4,02633	68
4,02700	68
4,02767	67
4,02833	66
4,02900	65
4,02967	64
4,03033	63
4,03100	62
4,03167	61
4,03233	61
4,03300	60
4,03367	59
4,03433	59
4,03500	58
4,03567	58
4,03633	57
4,03700	57
4,03767	56
4,03833	55
4,03900	55
4,03967	54
4,04033	54
4,04100	53
4,04167	52
4,04233	52
4,04300	51
4,04367	51
4,04433	50
4,04500	49
4,04567	49
4,04633	48
4,04700	47
4,04767	47
4,04833	46
4,04900	46
4,04967	46
4,05033	46
4,05100	46
4,05167	45
4,05233	45
4,05300	45
4,05367	44
4,05433	44
4,05500	44
4,05567	45
4,05633	45
4,05700	46
4,05767	46
4,05833	47
4,05900	48
4,05967	49
4,06033	51
4,06100	52
4,06167	53
4,06233	55
4,06300	56
4,06367	58
4,06433	60
4,06500	61
4,06567	63
4,06633	65
4,06700	67
4,06767	68
4,06833	70
4,06900	71
4,06967	72
4,07033	73
4,07100	74
4,07167	75
4,07233	75
4,07300	76
4,07367	76
4,07433	75
4,07500	75
4,07567	74
4,07633	74
4,07700	73
4,07767	72
4,07833	70
4,07900	69
4,07967	67
4,08033	66
4,08100	64
4,08167	62
4,08233	61
4,08300	59
4,08367	57
4,08433	56
4,08500	54
4,08567	52
4,08633	51
4,08700	49
4,08767	47
4,08833	46
4,08900	44
4,08967	42
4,09033	41
4,09100	39
4,09167	38
4,09233	37
4,09300	35
4,09367	34
4,09433	33
4,09500	32
4,09567	31
4,09633	30
4,09700	29
4,09767	28
4,09833	28
4,09900	27
4,09967	26
4,10033	25
4,10100	25
4,10167	24
4,10233	23
4,10300	22
4,10367	22
4,10433	21
4,10500	20
4,10567	19
4,10633	19
4,10700	18
4,10767	18
4,10833	17
4,10900	17
4,10967	16
4,11033	16
4,11100	16
4,11167	15
4,11233	15
4,11300	15
4,11367	15
4,11433	15
4,11500	14
4,11567	14
4,11633	14
4,11700	14
4,11767	13
4,11833	13
4,11900	13
4,11967	13
4,12033	13
4,12100	12
4,12167	12
4,12233	12
4,12300	12
4,12367	12
4,12433	12
4,12500	11
4,12567	11
4,12633	11
4,12700	10
4,12767	10
4,12833	9
4,12900	9
4,12967	9
4,13033	9
4,13100	9
4,13167	9
4,13233	8
4,13300	8
4,13367	8
4,13433	8
4,13500	8
4,13567	8
4,13633	7
4,13700	7
4,13767	7
4,13833	7
4,13900	7
4,13967	7
4,14033	7
4,14100	7
4,14167	7
4,14233	7
4,14300	7
4,14367	7
4,14433	7
4,14500	7
4,14567	7
4,14633	6
4,14700	6
4,14767	6
4,14833	5
4,14900	5
4,14967	5
4,15033	5
4,15100	4
4,15167	4
4,15233	4
4,15300	4
4,15367	4
4,15433	4
4,15500	4
4,15567	4
4,15633	4
4,15700	4
4,15767	3
4,15833	3
4,15900	3
4,15967	2
4,16033	2
4,16100	2
4,16167	2
4,16233	2
4,16300	2
4,16367	2
4,16433	2
4,16500	2
4,16567	2
4,16633	3
4,16700	3
4,16767	3
4,16833	3
4,16900	3
4,16967	3
4,17033	3
4,17100	3
4,17167	3
4,17233	3
4,17300	3
4,17367	4
4,17433	4
4,17500	4
4,17567	4
4,17633	4
4,17700	4
4,17767	4
4,17833	4
4,17900	4
4,17967	4
4,18033	4
4,18100	3
4,18167	3
4,18233	3
4,18300	2
4,18367	2
4,18433	2
4,18500	2
4,18567	1
4,18633	1
4,18700	1
4,18767	1
4,18833	1
4,18900	1
4,18967	1
4,19033	1
4,19100	1
4,19167	1
4,19233	1
4,19300	0
4,19367	0
4,19433	0
4,19500	0
4,19567	-0
4,19633	-1
4,19700	-1
4,19767	-1
4,19833	-1
4,19900	-1
4,19967	-1
4,20033	-1
4,20100	-1
4,20167	-1
4,20233	-1
4,20300	-1
4,20367	-1
4,20433	-1
4,20500	-1
4,20567	-1
4,20633	-1
4,20700	-1
4,20767	-1
4,20833	-1
4,20900	-2
4,20967	-2
4,21033	-2
4,21100	-2
4,21167	-2
4,21233	-3
4,21300	-3
4,21367	-3
4,21433	-2
4,21500	-2
4,21567	-2
4,21633	-2
4,21700	-2
4,21767	-1
4,21833	-1
4,21900	-1
4,21967	-1
4,22033	-1
4,22100	-2
4,22167	-2
4,22233	-2
4,22300	-3
4,22367	-3
4,22433	-3
4,22500	-4
4,22567	-4
4,22633	-4
4,22700	-5
4,22767	-5
4,22833	-5
4,22900	-5
4,22967	-5
4,23033	-6
4,23100	-6
4,23167	-6
4,23233	-6
4,23300	-7
4,23367	-7
4,23433	-7
4,23500	-8
4,23567	-8
4,23633	-8
4,23700	-8
4,23767	-8
4,23833	-8
4,23900	-9
4,23967	-9
4,24033	-9
4,24100	-9
4,24167	-9
4,24233	-9
4,24300	-9
4,24367	-9
4,24433	-9
4,24500	-9
4,24567	-10
4,24633	-10
4,24700	-10
4,24767	-10
4,24833	-10
4,24900	-10
4,24967	-11
4,25033	-11
4,25100	-11
4,25167	-10
4,25233	-10
4,25300	-10
4,25367	-10
4,25433	-10
4,25500	-10
4,25567	-10
4,25633	-10
4,25700	-10
4,25767	-10
4,25833	-11
4,25900	-11
4,25967	-11
4,26033	-11
4,26100	-11
4,26167	-10
4,26233	-10
4,26300	-10
4,26367	-9
4,26433	-9
4,26500	-9
4,26567	-9
4,26633	-8
4,26700	-8
4,26767	-8
4,26833	-8
4,26900	-7
4,26967	-7
4,27033	-7
4,27100	-7
4,27167	-7
4,27233	-7
4,27300	-7
4,27367	-7
4,27433	-7
4,27500	-7
4,27567	-7
4,27633	-7
4,27700	-7
4,27767	-7
4,27833	-7
4,27900	-8
4,27967	-8
4,28033	-8
4,28100	-8
4,28167	-8
4,28233	-8
4,28300	-8
4,28367	-8
4,28433	-8
4,28500	-8
4,28567	-9
4,28633	-9
4,28700	-9
4,28767	-10
4,28833	-10
4,28900	-11
4,28967	-11
4,29033	-11
4,29100	-11
4,29167	-11
4,29233	-12
4,29300	-12
4,29367	-12
4,29433	-12
4,29500	-12
4,29567	-12
4,29633	-12
4,29700	-12
4,29767	-12
4,29833	-12
4,29900	-11
4,29967	-11
4,30033	-11
4,30100	-11
4,30167	-10
4,30233	-10
4,30300	-10
4,30367	-10
4,30433	-9
4,30500	-9
4,30567	-9
4,30633	-9
4,30700	-9
4,30767	-10
4,30833	-10
4,30900	-10
4,30967	-10
4,31033	-10
4,31100	-10
4,31167	-10
4,31233	-10
4,31300	-10
4,31367	-10
4,31433	-10
4,31500	-10
4,31567	-10
4,31633	-10
4,31700	-11
4,31767	-11
4,31833	-11
4,31900	-12
4,31967	-12
4,32033	-12
4,32100	-12
4,32167	-13
4,32233	-13
4,32300	-13
4,32367	-13
4,32433	-13
4,32500	-13
4,32567	-13
4,32633	-13
4,32700	-14
4,32767	-14
4,32833	-14
4,32900	-14
4,32967	-14
4,33033	-14
4,33100	-14
4,33167	-14
4,33233	-14
4,33300	-14
4,33367	-14
4,33433	-15
4,33500	-15
4,33567	-15
4,33633	-15
4,33700	-15
4,33767	-15
4,33833	-16
4,33900	-16
4,33967	-16
4,34033	-16
4,34100	-16
4,34167	-16
4,34233	-16
4,34300	-16
4,34367	-16
4,34433	-16
4,34500	-16
4,34567	-16
4,34633	-16
4,34700	-16
4,34767	-16
4,34833	-16
4,34900	-16
4,34967	-16
4,35033	-16
4,35100	-16
4,35167	-16
4,35233	-16
4,35300	-16
4,35367	-16
4,35433	-16
4,35500	-16
4,35567	-16
4,35633	-16
4,35700	-16
4,35767	-16
4,35833	-16
4,35900	-16
4,35967	-16
4,36033	-16
4,36100	-16
4,36167	-15
4,36233	-15
4,36300	-15
4,36367	-15
4,36433	-15
4,36500	-15
4,36567	-15
4,36633	-15
4,36700	-14
4,36767	-14
4,36833	-14
4,36900	-13
4,36967	-13
4,37033	-12
4,37100	-12
4,37167	-11
4,37233	-10
4,37300	-9
4,37367	-8
4,37433	-7
4,37500	-5
4,37567	-4
4,37633	-3
4,37700	-1
4,37767	0
4,37833	2
4,37900	3
4,37967	5
4,38033	6
4,38100	8
4,38167	9
4,38233	11
4,38300	12
4,38367	14
4,38433	15
4,38500	17
4,38567	18
4,38633	20
4,38700	21
4,38767	22
4,38833	23
4,38900	24
4,38967	25
4,39033	26
4,39100	27
4,39167	27
4,39233	27
4,39300	28
4,39367	28
4,39433	28
4,39500	28
4,39567	28
4,39633	28
4,39700	28
4,39767	28
4,39833	28
4,39900	28
4,39967	27
4,40033	27
4,40100	27
4,40167	26
4,40233	26
4,40300	25
4,40367	25
4,40433	24
4,40500	24
4,40567	23
4,40633	22
4,40700	21
4,40767	21
4,40833	20
4,40900	20
4,40967	19
4,41033	19
4,41100	18
4,41167	18
4,41233	17
4,41300	16
4,41367	16
4,41433	15
4,41500	14
4,41567	13
4,41633	13
4,41700	12
4,41767	12
4,41833	11
4,41900	11
4,41967	10
4,42033	9
4,42100	9
4,42167	8
4,42233	8
4,42300	7
4,42367	6
4,42433	6
4,42500	5
4,42567	5
4,42633	4
4,42700	4
4,42767	3
4,42833	3
4,42900	2
4,42967	1
4,43033	1
4,43100	0
4,43167	-1
4,43233	-1
4,43300	-2
4,43367	-2
4,43433	-2
4,43500	-3
4,43567	-3
4,43633	-4
4,43700	-5
4,43767	-5
4,43833	-5
4,43900	-5
4,43967	-5
4,44033	-5
4,44100	-6
4,44167	-6
4,44233	-6
4,44300	-7
4,44367	-7
4,44433	-7
4,44500	-7
4,44567	-7
4,44633	-8
4,44700	-8
4,44767	-8
4,44833	-9
4,44900	-9
4,44967	-9
4,45033	-9
4,45100	-9
4,45167	-9
4,45233	-9
4,45300	-9
4,45367	-9
4,45433	-9
4,45500	-9
4,45567	-10
4,45633	-10
4,45700	-10
4,45767	-10
4,45833	-11
4,45900	-11
4,45967	-11
4,46033	-11
4,46100	-11
4,46167	-11
4,46233	-12
4,46300	-12
4,46367	-12
4,46433	-12
4,46500	-13
4,46567	-13
4,46633	-13
4,46700	-13
4,46767	-14
4,46833	-14
4,46900	-14
4,46967	-14
4,47033	-15
4,47100	-15
4,47167	-15
4,47233	-15
4,47300	-15
4,47367	-15
4,47433	-15
4,47500	-15
4,47567	-15
4,47633	-16
4,47700	-16
4,47767	-16
4,47833	-17
4,47900	-17
4,47967	-17
4,48033	-18
4,48100	-18
4,48167	-18
4,48233	-18
4,48300	-18
4,48367	-18
4,48433	-18
4,48500	-18
4,48567	-18
4,48633	-18
4,48700	-18
4,48767	-18
4,48833	-18
4,48900	-18
4,48967	-18
4,49033	-18
4,49100	-19
4,49167	-19
4,49233	-19
4,49300	-19
4,49367	-19
4,49433	-19
4,49500	-19
4,49567	-19
4,49633	-19
4,49700	-18
4,49767	-18
4,49833	-19
4,49900	-19
4,49967	-19
4,50033	-19
4,50100	-19
4,50167	-19
4,50233	-19
4,50300	-19
4,50367	-19
4,50433	-19
4,50500	-19
4,50567	-19
4,50633	-19
4,50700	-19
4,50767	-19
4,50833	-19
4,50900	-19
4,50967	-19
4,51033	-19
4,51100	-19
4,51167	-19
4,51233	-20
4,51300	-20
4,51367	-20
4,51433	-20
4,51500	-20
4,51567	-20
4,51633	-20
4,51700	-21
4,51767	-21
4,51833	-21
4,51900	-21
4,51967	-21
4,52033	-21
4,52100	-21
4,52167	-21
4,52233	-21
4,52300	-21
4,52367	-21
4,52433	-21
4,52500	-21
4,52567	-20
4,52633	-20
4,52700	-20
4,52767	-20
4,52833	-20
4,52900	-20
4,52967	-20
4,53033	-20
4,53100	-20
4,53167	-20
4,53233	-20
4,53300	-19
4,53367	-19
4,53433	-19
4,53500	-19
4,53567	-19
4,53633	-19
4,53700	-19
4,53767	-18
4,53833	-18
4,53900	-18
4,53967	-18
4,54033	-18
4,54100	-18
4,54167	-18
4,54233	-18
4,54300	-18
4,54367	-18
4,54433	-18
4,54500	-18
4,54567	-18
4,54633	-18
4,54700	-18
4,54767	-18
4,54833	-18
4,54900	-18
4,54967	-18
4,55033	-18
4,55100	-18
4,55167	-18
4,55233	-19
4,55300	-19
4,55367	-19
4,55433	-19
4,55500	-19
4,55567	-19
4,55633	-20
4,55700	-20
4,55767	-20
4,55833	-20
4,55900	-20
4,55967	-20
4,56033	-20
4,56100	-20
4,56167	-20
4,56233	-20
4,56300	-20
4,56367	-20
4,56433	-20
4,56500	-20
4,56567	-20
4,56633	-20
4,56700	-21
4,56767	-21
4,56833	-21
4,56900	-21
4,56967	-21
4,57033	-21
4,57100	-21
4,57167	-20
4,57233	-20
4,57300	-20
4,57367	-20
4,57433	-20
4,57500	-20
4,57567	-20
4,57633	-20
4,57700	-20
4,57767	-20
4,57833	-20
4,57900	-20
4,57967	-20
4,58033	-19
4,58100	-19
4,58167	-19
4,58233	-18
4,58300	-18
4,58367	-18
4,58433	-17
4,58500	-17
4,58567	-17
4,58633	-17
4,58700	-17
4,58767	-17
4,58833	-17
4,58900	-17
4,58967	-18
4,59033	-18
4,59100	-18
4,59167	-17
4,59233	-17
4,59300	-17
4,59367	-17
4,59433	-17
4,59500	-17
4,59567	-18
4,59633	-18
4,59700	-18
4,59767	-18
4,59833	-18
4,59900	-18
4,59967	-19
4,60033	-19
4,60100	-19
4,60167	-19
4,60233	-19
4,60300	-19
4,60367	-19
4,60433	-19
4,60500	-19
4,60567	-20
4,60633	-20
4,60700	-20
4,60767	-20
4,60833	-20
4,60900	-20
4,60967	-20
4,61033	-20
4,61100	-20
4,61167	-20
4,61233	-20
4,61300	-19
4,61367	-19
4,61433	-19
4,61500	-19
4,61567	-19
4,61633	-19
4,61700	-19
4,61767	-19
4,61833	-20
4,61900	-20
4,61967	-20
4,62033	-20
4,62100	-21
4,62167	-21
4,62233	-21
4,62300	-21
4,62367	-21
4,62433	-21
4,62500	-21
4,62567	-21
4,62633	-21
4,62700	-21
4,62767	-21
4,62833	-22
4,62900	-22
4,62967	-22
4,63033	-22
4,63100	-22
4,63167	-22
4,63233	-22
4,63300	-22
4,63367	-23
4,63433	-23
4,63500	-23
4,63567	-22
4,63633	-22
4,63700	-22
4,63767	-22
4,63833	-22
4,63900	-22
4,63967	-22
4,64033	-22
4,64100	-22
4,64167	-22
4,64233	-22
4,64300	-22
4,64367	-22
4,64433	-22
4,64500	-22
4,64567	-22
4,64633	-22
4,64700	-22
4,64767	-22
4,64833	-22
4,64900	-22
4,64967	-23
4,65033	-23
4,65100	-23
4,65167	-23
4,65233	-23
4,65300	-23
4,65367	-23
4,65433	-23
4,65500	-23
4,65567	-22
4,65633	-23
4,65700	-23
4,65767	-23
4,65833	-23
4,65900	-23
4,65967	-23
4,66033	-23
4,66100	-23
4,66167	-23
4,66233	-23
4,66300	-23
4,66367	-23
4,66433	-23
4,66500	-23
4,66567	-23
4,66633	-23
4,66700	-23
4,66767	-23
4,66833	-23
4,66900	-23
4,66967	-23
4,67033	-23
4,67100	-24
4,67167	-24
4,67233	-24
4,67300	-25
4,67367	-25
4,67433	-25
4,67500	-26
4,67567	-26
4,67633	-26
4,67700	-26
4,67767	-26
4,67833	-26
4,67900	-26
4,67967	-26
4,68033	-26
4,68100	-26
4,68167	-25
4,68233	-25
4,68300	-24
4,68367	-24
4,68433	-24
4,68500	-23
4,68567	-23
4,68633	-22
4,68700	-22
4,68767	-22
4,68833	-22
4,68900	-22
4,68967	-22
4,69033	-23
4,69100	-23
4,69167	-23
4,69233	-23
4,69300	-23
4,69367	-23
4,69433	-23
4,69500	-23
4,69567	-23
4,69633	-23
4,69700	-23
4,69767	-22
4,69833	-22
4,69900	-22
4,69967	-22
4,70033	-22
4,70100	-22
4,70167	-22
4,70233	-22
4,70300	-22
4,70367	-22
4,70433	-22
4,70500	-22
4,70567	-22
4,70633	-22
4,70700	-22
4,70767	-22
4,70833	-22
4,70900	-22
4,70967	-23
4,71033	-23
4,71100	-23
4,71167	-23
4,71233	-23
4,71300	-23
4,71367	-23
4,71433	-23
4,71500	-23
4,71567	-23
4,71633	-23
4,71700	-23
4,71767	-23
4,71833	-23
4,71900	-23
4,71967	-23
4,72033	-23
4,72100	-23
4,72167	-23
4,72233	-23
4,72300	-23
4,72367	-23
4,72433	-23
4,72500	-23
4,72567	-23
4,72633	-23
4,72700	-23
4,72767	-23
4,72833	-23
4,72900	-23
4,72967	-23
4,73033	-23
4,73100	-23
4,73167	-23
4,73233	-23
4,73300	-23
4,73367	-23
4,73433	-23
4,73500	-23
4,73567	-23
4,73633	-23
4,73700	-24
4,73767	-24
4,73833	-24
4,73900	-24
4,73967	-24
4,74033	-24
4,74100	-24
4,74167	-23
4,74233	-23
4,74300	-23
4,74367	-23
4,74433	-23
4,74500	-23
4,74567	-23
4,74633	-23
4,74700	-22
4,74767	-22
4,74833	-22
4,74900	-22
4,74967	-22
4,75033	-22
4,75100	-22
4,75167	-22
4,75233	-22
4,75300	-22
4,75367	-22
4,75433	-22
4,75500	-22
4,75567	-22
4,75633	-22
4,75700	-22
4,75767	-22
4,75833	-22
4,75900	-22
4,75967	-22
4,76033	-22
4,76100	-22
4,76167	-22
4,76233	-22
4,76300	-23
4,76367	-23
4,76433	-23
4,76500	-23
4,76567	-24
4,76633	-24
4,76700	-24
4,76767	-25
4,76833	-25
4,76900	-25
4,76967	-25
4,77033	-25
4,77100	-25
4,77167	-25
4,77233	-25
4,77300	-25
4,77367	-24
4,77433	-24
4,77500	-24
4,77567	-24
4,77633	-24
4,77700	-23
4,77767	-23
4,77833	-23
4,77900	-23
4,77967	-23
4,78033	-23
4,78100	-22
4,78167	-22
4,78233	-22
4,78300	-22
4,78367	-22
4,78433	-22
4,78500	-22
4,78567	-22
4,78633	-23
4,78700	-23
4,78767	-23
4,78833	-24
4,78900	-24
4,78967	-24
4,79033	-25
4,79100	-25
4,79167	-25
4,79233	-25
4,79300	-25
4,79367	-25
4,79433	-25
4,79500	-25
4,79567	-25
4,79633	-25
4,79700	-25
4,79767	-25
4,79833	-25
4,79900	-25
4,79967	-25
4,80033	-25
4,80100	-25
4,80167	-25
4,80233	-26
4,80300	-26
4,80367	-26
4,80433	-25
4,80500	-25
4,80567	-25
4,80633	-25
4,80700	-25
4,80767	-25
4,80833	-25
4,80900	-25
4,80967	-25
4,81033	-25
4,81100	-25
4,81167	-25
4,81233	-25
4,81300	-25
4,81367	-24
4,81433	-24
4,81500	-24
4,81567	-24
4,81633	-24
4,81700	-24
4,81767	-24
4,81833	-25
4,81900	-25
4,81967	-25
4,82033	-26
4,82100	-26
4,82167	-26
4,82233	-26
4,82300	-26
4,82367	-26
4,82433	-26
4,82500	-26
4,82567	-26
4,82633	-26
4,82700	-26
4,82767	-26
4,82833	-26
4,82900	-26
4,82967	-27
4,83033	-27
4,83100	-27
4,83167	-27
4,83233	-27
4,83300	-27
4,83367	-27
4,83433	-27
4,83500	-27
4,83567	-27
4,83633	-27
4,83700	-26
4,83767	-26
4,83833	-26
4,83900	-26
4,83967	-26
4,84033	-26
4,84100	-26
4,84167	-26
4,84233	-26
4,84300	-27
4,84367	-27
4,84433	-27
4,84500	-27
4,84567	-27
4,84633	-27
4,84700	-27
4,84767	-27
4,84833	-27
4,84900	-27
4,84967	-28
4,85033	-28
4,85100	-28
4,85167	-28
4,85233	-28
4,85300	-28
4,85367	-27
4,85433	-27
4,85500	-27
4,85567	-27
4,85633	-27
4,85700	-26
4,85767	-26
4,85833	-26
4,85900	-26
4,85967	-26
4,86033	-26
4,86100	-26
4,86167	-26
4,86233	-26
4,86300	-26
4,86367	-26
4,86433	-25
4,86500	-25
4,86567	-25
4,86633	-25
4,86700	-24
4,86767	-24
4,86833	-24
4,86900	-24
4,86967	-24
4,87033	-24
4,87100	-24
4,87167	-24
4,87233	-24
4,87300	-24
4,87367	-24
4,87433	-24
4,87500	-23
4,87567	-23
4,87633	-23
4,87700	-23
4,87767	-23
4,87833	-23
4,87900	-23
4,87967	-23
4,88033	-24
4,88100	-24
4,88167	-24
4,88233	-24
4,88300	-24
4,88367	-24
4,88433	-25
4,88500	-25
4,88567	-25
4,88633	-26
4,88700	-26
4,88767	-26
4,88833	-26
4,88900	-26
4,88967	-26
4,89033	-26
4,89100	-26
4,89167	-26
4,89233	-26
4,89300	-26
4,89367	-26
4,89433	-26
4,89500	-26
4,89567	-26
4,89633	-26
4,89700	-26
4,89767	-26
4,89833	-26
4,89900	-25
4,89967	-25
4,90033	-25
4,90100	-25
4,90167	-25
4,90233	-24
4,90300	-24
4,90367	-23
4,90433	-23
4,90500	-23
4,90567	-23
4,90633	-22
4,90700	-22
4,90767	-22
4,90833	-22
4,90900	-22
4,90967	-21
4,91033	-21
4,91100	-21
4,91167	-21
4,91233	-21
4,91300	-20
4,91367	-20
4,91433	-20
4,91500	-20
4,91567	-20
4,91633	-20
4,91700	-20
4,91767	-20
4,91833	-21
4,91900	-21
4,91967	-21
4,92033	-21
4,92100	-21
4,92167	-21
4,92233	-21
4,92300	-22
4,92367	-22
4,92433	-22
4,92500	-22
4,92567	-22
4,92633	-22
4,92700	-22
4,92767	-22
4,92833	-22
4,92900	-22
4,92967	-22
4,93033	-22
4,93100	-22
4,93167	-22
4,93233	-22
4,93300	-22
4,93367	-22
4,93433	-22
4,93500	-22
4,93567	-22
4,93633	-23
4,93700	-23
4,93767	-23
4,93833	-23
4,93900	-23
4,93967	-24
4,94033	-24
4,94100	-24
4,94167	-24
4,94233	-25
4,94300	-25
4,94367	-25
4,94433	-25
4,94500	-26
4,94567	-26
4,94633	-26
4,94700	-26
4,94767	-26
4,94833	-26
4,94900	-26
4,94967	-26
4,95033	-26
4,95100	-26
4,95167	-26
4,95233	-26
4,95300	-26
4,95367	-26
4,95433	-26
4,95500	-26
4,95567	-25
4,95633	-25
4,95700	-25
4,95767	-25
4,95833	-25
4,95900	-25
4,95967	-25
4,96033	-26
4,96100	-26
4,96167	-25
4,96233	-25
4,96300	-25
4,96367	-25
4,96433	-25
4,96500	-25
4,96567	-25
4,96633	-26
4,96700	-26
4,96767	-26
4,96833	-26
4,96900	-27
4,96967	-27
4,97033	-27
4,97100	-27
4,97167	-28
4,97233	-28
4,97300	-28
4,97367	-28
4,97433	-28
4,97500	-28
4,97567	-28
4,97633	-28
4,97700	-29
4,97767	-29
4,97833	-29
4,97900	-29
4,97967	-29
4,98033	-29
4,98100	-29
4,98167	-29
4,98233	-29
4,98300	-29
4,98367	-29
4,98433	-29
4,98500	-28
4,98567	-28
4,98633	-28
4,98700	-28
4,98767	-28
4,98833	-28
4,98900	-27
4,98967	-27
4,99033	-28
4,99100	-28
4,99167	-28
4,99233	-28
4,99300	-28
4,99367	-27
4,99433	-27
4,99500	-27
4,99567	-27
4,99633	-27
4,99700	-27
4,99767	-27
4,99833	-27
4,99900	-27
4,99967	-27
5,00033	-27
5,00100	-27
5,00167	-27
5,00233	-27
5,00300	-27
5,00367	-27
5,00433	-27
5,00500	-27
5,00567	-27
5,00633	-26
5,00700	-26
5,00767	-26
5,00833	-26
5,00900	-26
5,00967	-26
5,01033	-26
5,01100	-25
5,01167	-25
5,01233	-25
5,01300	-25
5,01367	-25
5,01433	-25
5,01500	-25
5,01567	-25
5,01633	-25
5,01700	-24
5,01767	-24
5,01833	-24
5,01900	-24
5,01967	-24
5,02033	-24
5,02100	-24
5,02167	-24
5,02233	-24
5,02300	-24
5,02367	-24
5,02433	-24
5,02500	-23
5,02567	-23
5,02633	-23
5,02700	-23
5,02767	-23
5,02833	-23
5,02900	-23
5,02967	-23
5,03033	-23
5,03100	-23
5,03167	-24
5,03233	-24
5,03300	-24
5,03367	-25
5,03433	-25
5,03500	-25
5,03567	-26
5,03633	-26
5,03700	-26
5,03767	-26
5,03833	-26
5,03900	-27
5,03967	-27
5,04033	-27
5,04100	-28
5,04167	-28
5,04233	-28
5,04300	-28
5,04367	-28
5,04433	-28
5,04500	-28
5,04567	-28
5,04633	-28
5,04700	-27
5,04767	-27
5,04833	-27
5,04900	-27
5,04967	-27
5,05033	-27
5,05100	-27
5,05167	-27
5,05233	-27
5,05300	-27
5,05367	-27
5,05433	-28
5,05500	-28
5,05567	-28
5,05633	-28
5,05700	-27
5,05767	-27
5,05833	-27
5,05900	-27
5,05967	-26
5,06033	-26
5,06100	-26
5,06167	-26
5,06233	-26
5,06300	-25
5,06367	-26
5,06433	-26
5,06500	-26
5,06567	-26
5,06633	-26
5,06700	-27
5,06767	-27
5,06833	-27
5,06900	-27
5,06967	-27
5,07033	-27
5,07100	-26
5,07167	-26
5,07233	-26
5,07300	-26
5,07367	-25
5,07433	-25
5,07500	-25
5,07567	-25
5,07633	-24
5,07700	-24
5,07767	-24
5,07833	-23
5,07900	-23
5,07967	-23
5,08033	-23
5,08100	-23
5,08167	-23
5,08233	-23
5,08300	-23
5,08367	-22
5,08433	-22
5,08500	-22
5,08567	-22
5,08633	-22
5,08700	-22
5,08767	-22
5,08833	-22
5,08900	-23
5,08967	-23
5,09033	-23
5,09100	-23
5,09167	-24
5,09233	-24
5,09300	-24
5,09367	-24
5,09433	-24
5,09500	-24
5,09567	-25
5,09633	-25
5,09700	-25
5,09767	-25
5,09833	-25
5,09900	-25
5,09967	-26
5,10033	-26
5,10100	-26
5,10167	-26
5,10233	-26
5,10300	-27
5,10367	-27
5,10433	-27
5,10500	-27
5,10567	-27
5,10633	-27
5,10700	-27
5,10767	-27
5,10833	-27
5,10900	-27
5,10967	-27
5,11033	-27
5,11100	-27
5,11167	-27
5,11233	-27
5,11300	-27
5,11367	-27
5,11433	-27
5,11500	-27
5,11567	-27
5,11633	-27
5,11700	-27
5,11767	-27
5,11833	-27
5,11900	-28
5,11967	-28
5,12033	-28
5,12100	-28
5,12167	-28
5,12233	-28
5,12300	-28
5,12367	-28
5,12433	-28
5,12500	-28
5,12567	-27
5,12633	-27
5,12700	-27
5,12767	-26
5,12833	-26
5,12900	-26
5,12967	-26
5,13033	-26
5,13100	-25
5,13167	-25
5,13233	-25
5,13300	-25
5,13367	-25
5,13433	-25
5,13500	-24
5,13567	-24
5,13633	-24
5,13700	-24
5,13767	-24
5,13833	-24
5,13900	-24
5,13967	-24
5,14033	-24
5,14100	-24
5,14167	-24
5,14233	-24
5,14300	-24
5,14367	-24
5,14433	-24
5,14500	-24
5,14567	-24
5,14633	-24
5,14700	-24
5,14767	-23
5,14833	-23
5,14900	-23
5,14967	-23
5,15033	-23
5,15100	-23
5,15167	-23
5,15233	-23
5,15300	-23
5,15367	-23
5,15433	-23
5,15500	-23
5,15567	-23
5,15633	-24
5,15700	-23
5,15767	-23
5,15833	-23
5,15900	-23
5,15967	-23
5,16033	-23
5,16100	-23
5,16167	-23
5,16233	-23
5,16300	-24
5,16367	-24
5,16433	-24
5,16500	-24
5,16567	-24
5,16633	-24
5,16700	-24
5,16767	-24
5,16833	-24
5,16900	-25
5,16967	-25
5,17033	-25
5,17100	-25
5,17167	-25
5,17233	-25
5,17300	-25
5,17367	-25
5,17433	-25
5,17500	-25
5,17567	-25
5,17633	-25
5,17700	-25
5,17767	-25
5,17833	-25
5,17900	-25
5,17967	-25
5,18033	-25
5,18100	-25
5,18167	-25
5,18233	-25
5,18300	-26
5,18367	-26
5,18433	-27
5,18500	-27
5,18567	-28
5,18633	-28
5,18700	-28
5,18767	-28
5,18833	-29
5,18900	-29
5,18967	-29
5,19033	-29
5,19100	-28
5,19167	-28
5,19233	-28
5,19300	-28
5,19367	-28
5,19433	-28
5,19500	-28
5,19567	-28
5,19633	-28
5,19700	-28
5,19767	-28
5,19833	-28
5,19900	-27
5,19967	-27
5,20033	-27
5,20100	-27
5,20167	-27
5,20233	-28
5,20300	-28
5,20367	-28
5,20433	-28
5,20500	-28
5,20567	-28
5,20633	-28
5,20700	-28
5,20767	-29
5,20833	-29
5,20900	-29
5,20967	-29
5,21033	-30
5,21100	-30
5,21167	-30
5,21233	-31
5,21300	-31
5,21367	-31
5,21433	-32
5,21500	-32
5,21567	-31
5,21633	-31
5,21700	-31
5,21767	-31
5,21833	-31
5,21900	-30
5,21967	-30
5,22033	-30
5,22100	-30
5,22167	-29
5,22233	-29
5,22300	-29
5,22367	-29
5,22433	-29
5,22500	-29
5,22567	-28
5,22633	-28
5,22700	-28
5,22767	-28
5,22833	-28
5,22900	-28
5,22967	-27
5,23033	-27
5,23100	-27
5,23167	-27
5,23233	-27
5,23300	-26
5,23367	-26
5,23433	-26
5,23500	-26
5,23567	-26
5,23633	-26
5,23700	-26
5,23767	-26
5,23833	-26
5,23900	-26
5,23967	-26
5,24033	-25
5,24100	-25
5,24167	-25
5,24233	-25
5,24300	-24
5,24367	-24
5,24433	-23
5,24500	-23
5,24567	-23
5,24633	-23
5,24700	-23
5,24767	-23
5,24833	-24
5,24900	-24
5,24967	-24
5,25033	-24
5,25100	-24
5,25167	-23
5,25233	-23
5,25300	-23
5,25367	-23
5,25433	-23
5,25500	-24
5,25567	-24
5,25633	-24
5,25700	-24
5,25767	-24
5,25833	-24
5,25900	-24
5,25967	-24
5,26033	-24
5,26100	-25
5,26167	-25
5,26233	-25
5,26300	-24
5,26367	-25
5,26433	-25
5,26500	-25
5,26567	-25
5,26633	-25
5,26700	-25
5,26767	-26
5,26833	-26
5,26900	-26
5,26967	-26
5,27033	-26
5,27100	-26
5,27167	-26
5,27233	-26
5,27300	-26
5,27367	-25
5,27433	-25
5,27500	-25
5,27567	-25
5,27633	-25
5,27700	-25
5,27767	-25
5,27833	-25
5,27900	-25
5,27967	-25
5,28033	-25
5,28100	-25
5,28167	-25
5,28233	-25
5,28300	-25
5,28367	-25
5,28433	-25
5,28500	-26
5,28567	-26
5,28633	-26
5,28700	-26
5,28767	-26
5,28833	-27
5,28900	-27
5,28967	-27
5,29033	-27
5,29100	-26
5,29167	-26
5,29233	-26
5,29300	-26
5,29367	-26
5,29433	-26
5,29500	-25
5,29567	-25
5,29633	-25
5,29700	-25
5,29767	-25
5,29833	-25
5,29900	-25
5,29967	-25
5,30033	-25
5,30100	-26
5,30167	-26
5,30233	-26
5,30300	-26
5,30367	-26
5,30433	-26
5,30500	-26
5,30567	-26
5,30633	-26
5,30700	-26
5,30767	-27
5,30833	-27
5,30900	-27
5,30967	-27
5,31033	-27
5,31100	-28
5,31167	-28
5,31233	-27
5,31300	-27
5,31367	-27
5,31433	-27
5,31500	-27
5,31567	-27
5,31633	-28
5,31700	-28
5,31767	-28
5,31833	-28
5,31900	-28
5,31967	-28
5,32033	-29
5,32100	-29
5,32167	-29
5,32233	-29
5,32300	-30
5,32367	-30
5,32433	-29
5,32500	-29
5,32567	-29
5,32633	-29
5,32700	-29
5,32767	-29
5,32833	-29
5,32900	-29
5,32967	-29
5,33033	-29
5,33100	-29
5,33167	-29
5,33233	-29
5,33300	-29
5,33367	-29
5,33433	-29
5,33500	-29
5,33567	-29
5,33633	-29
5,33700	-29
5,33767	-29
5,33833	-28
5,33900	-28
5,33967	-28
5,34033	-28
5,34100	-28
5,34167	-27
5,34233	-27
5,34300	-27
5,34367	-27
5,34433	-27
5,34500	-27
5,34567	-27
5,34633	-27
5,34700	-27
5,34767	-27
5,34833	-26
5,34900	-26
5,34967	-26
5,35033	-26
5,35100	-26
5,35167	-26
5,35233	-26
5,35300	-26
5,35367	-26
5,35433	-26
5,35500	-26
5,35567	-26
5,35633	-26
5,35700	-27
5,35767	-27
5,35833	-27
5,35900	-27
5,35967	-26
5,36033	-26
5,36100	-26
5,36167	-26
5,36233	-26
5,36300	-26
5,36367	-26
5,36433	-26
5,36500	-25
5,36567	-25
5,36633	-25
5,36700	-25
5,36767	-25
5,36833	-24
5,36900	-24
5,36967	-24
5,37033	-24
5,37100	-24
5,37167	-24
5,37233	-24
5,37300	-24
5,37367	-24
5,37433	-25
5,37500	-25
5,37567	-25
5,37633	-25
5,37700	-25
5,37767	-26
5,37833	-26
5,37900	-26
5,37967	-26
5,38033	-26
5,38100	-26
5,38167	-26
5,38233	-26
5,38300	-26
5,38367	-26
5,38433	-26
5,38500	-26
5,38567	-26
5,38633	-26
5,38700	-26
5,38767	-26
5,38833	-26
5,38900	-26
5,38967	-27
5,39033	-27
5,39100	-27
5,39167	-27
5,39233	-27
5,39300	-28
5,39367	-28
5,39433	-28
5,39500	-28
5,39567	-28
5,39633	-28
5,39700	-28
5,39767	-28
5,39833	-28
5,39900	-28
5,39967	-28
5,40033	-28
5,40100	-28
5,40167	-28
5,40233	-28
5,40300	-28
5,40367	-28
5,40433	-28
5,40500	-28
5,40567	-28
5,40633	-27
5,40700	-27
5,40767	-27
5,40833	-27
5,40900	-27
5,40967	-27
5,41033	-27
5,41100	-27
5,41167	-27
5,41233	-27
5,41300	-27
5,41367	-27
5,41433	-27
5,41500	-27
5,41567	-28
5,41633	-28
5,41700	-29
5,41767	-29
5,41833	-29
5,41900	-30
5,41967	-30
5,42033	-30
5,42100	-30
5,42167	-30
5,42233	-30
5,42300	-30
5,42367	-30
5,42433	-30
5,42500	-30
5,42567	-31
5,42633	-31
5,42700	-31
5,42767	-31
5,42833	-31
5,42900	-31
5,42967	-31
5,43033	-31
5,43100	-31
5,43167	-31
5,43233	-31
5,43300	-31
5,43367	-31
5,43433	-30
5,43500	-30
5,43567	-30
5,43633	-30
5,43700	-30
5,43767	-30
5,43833	-29
5,43900	-29
5,43967	-29
5,44033	-29
5,44100	-29
5,44167	-29
5,44233	-29
5,44300	-29
5,44367	-29
5,44433	-30
5,44500	-30
5,44567	-30
5,44633	-30
5,44700	-30
5,44767	-30
5,44833	-30
5,44900	-30
5,44967	-30
5,45033	-30
5,45100	-29
5,45167	-29
5,45233	-29
5,45300	-29
5,45367	-28
5,45433	-28
5,45500	-28
5,45567	-27
5,45633	-27
5,45700	-27
5,45767	-27
5,45833	-27
5,45900	-27
5,45967	-27
5,46033	-27
5,46100	-27
5,46167	-27
5,46233	-27
5,46300	-28
5,46367	-28
5,46433	-28
5,46500	-28
5,46567	-28
5,46633	-28
5,46700	-28
5,46767	-28
5,46833	-28
5,46900	-28
5,46967	-29
5,47033	-29
5,47100	-29
5,47167	-29
5,47233	-30
5,47300	-30
5,47367	-30
5,47433	-30
5,47500	-30
5,47567	-30
5,47633	-31
5,47700	-31
5,47767	-31
5,47833	-31
5,47900	-31
5,47967	-32
5,48033	-32
5,48100	-32
5,48167	-32
5,48233	-31
5,48300	-31
5,48367	-31
5,48433	-31
5,48500	-31
5,48567	-30
5,48633	-30
5,48700	-30
5,48767	-30
5,48833	-30
5,48900	-30
5,48967	-29
5,49033	-29
5,49100	-29
5,49167	-29
5,49233	-29
5,49300	-29
5,49367	-29
5,49433	-28
5,49500	-28
5,49567	-28
5,49633	-27
5,49700	-27
5,49767	-27
5,49833	-26
5,49900	-26
5,49967	-26
5,50033	-26
5,50100	-26
5,50167	-26
5,50233	-26
5,50300	-26
5,50367	-26
5,50433	-26
5,50500	-26
5,50567	-26
5,50633	-26
5,50700	-26
5,50767	-26
5,50833	-26
5,50900	-27
5,50967	-27
5,51033	-27
5,51100	-27
5,51167	-27
5,51233	-27
5,51300	-27
5,51367	-27
5,51433	-28
5,51500	-28
5,51567	-28
5,51633	-28
5,51700	-28
5,51767	-29
5,51833	-29
5,51900	-29
5,51967	-29
5,52033	-29
5,52100	-28
5,52167	-28
5,52233	-28
5,52300	-28
5,52367	-28
5,52433	-28
5,52500	-28
5,52567	-28
5,52633	-28
5,52700	-28
5,52767	-28
5,52833	-28
5,52900	-28
5,52967	-28
5,53033	-29
5,53100	-29
5,53167	-29
5,53233	-29
5,53300	-29
5,53367	-29
5,53433	-29
5,53500	-30
5,53567	-30
5,53633	-30
5,53700	-30
5,53767	-30
5,53833	-30
5,53900	-29
5,53967	-29
5,54033	-29
5,54100	-29
5,54167	-29
5,54233	-29
5,54300	-29
5,54367	-29
5,54433	-29
5,54500	-29
5,54567	-29
5,54633	-29
5,54700	-29
5,54767	-29
5,54833	-29
5,54900	-29
5,54967	-29
5,55033	-29
5,55100	-29
5,55167	-29
5,55233	-30
5,55300	-30
5,55367	-30
5,55433	-30
5,55500	-30
5,55567	-31
5,55633	-31
5,55700	-31
5,55767	-31
5,55833	-31
5,55900	-31
5,55967	-31
5,56033	-31
5,56100	-31
5,56167	-31
5,56233	-31
5,56300	-31
5,56367	-30
5,56433	-30
5,56500	-30
5,56567	-29
5,56633	-29
5,56700	-29
5,56767	-29
5,56833	-29
5,56900	-29
5,56967	-28
5,57033	-28
5,57100	-28
5,57167	-28
5,57233	-27
5,57300	-27
5,57367	-27
5,57433	-27
5,57500	-27
5,57567	-27
5,57633	-27
5,57700	-27
5,57767	-27
5,57833	-27
5,57900	-27
5,57967	-27
5,58033	-27
5,58100	-27
5,58167	-27
5,58233	-27
5,58300	-27
5,58367	-27
5,58433	-27
5,58500	-27
5,58567	-27
5,58633	-26
5,58700	-26
5,58767	-26
5,58833	-25
5,58900	-25
5,58967	-25
5,59033	-25
5,59100	-25
5,59167	-25
5,59233	-25
5,59300	-25
5,59367	-25
5,59433	-25
5,59500	-24
5,59567	-24
5,59633	-24
5,59700	-24
5,59767	-24
5,59833	-24
5,59900	-24
5,59967	-24
5,60033	-24
5,60100	-24
5,60167	-24
5,60233	-24
5,60300	-24
5,60367	-24
5,60433	-24
5,60500	-24
5,60567	-24
5,60633	-24
5,60700	-24
5,60767	-25
5,60833	-25
5,60900	-25
5,60967	-25
5,61033	-25
5,61100	-26
5,61167	-26
5,61233	-27
5,61300	-27
5,61367	-27
5,61433	-28
5,61500	-28
5,61567	-28
5,61633	-28
5,61700	-28
5,61767	-29
5,61833	-29
5,61900	-29
5,61967	-29
5,62033	-29
5,62100	-29
5,62167	-29
5,62233	-29
5,62300	-29
5,62367	-29
5,62433	-29
5,62500	-29
5,62567	-30
5,62633	-30
5,62700	-30
5,62767	-30
5,62833	-30
5,62900	-30
5,62967	-31
5,63033	-31
5,63100	-31
5,63167	-31
5,63233	-31
5,63300	-31
5,63367	-31
5,63433	-31
5,63500	-31
5,63567	-31
5,63633	-31
5,63700	-31
5,63767	-31
5,63833	-30
5,63900	-30
5,63967	-30
5,64033	-29
5,64100	-29
5,64167	-29
5,64233	-29
5,64300	-28
5,64367	-28
5,64433	-28
5,64500	-27
5,64567	-27
5,64633	-27
5,64700	-26
5,64767	-26
5,64833	-26
5,64900	-26
5,64967	-26
5,65033	-26
5,65100	-26
5,65167	-26
5,65233	-26
5,65300	-26
5,65367	-27
5,65433	-27
5,65500	-27
5,65567	-27
5,65633	-27
5,65700	-27
5,65767	-27
5,65833	-27
5,65900	-27
5,65967	-28
5,66033	-28
5,66100	-28
5,66167	-28
5,66233	-28
5,66300	-29
5,66367	-29
5,66433	-29
5,66500	-29
5,66567	-29
5,66633	-28
5,66700	-28
5,66767	-28
5,66833	-28
5,66900	-28
5,66967	-28
5,67033	-28
5,67100	-27
5,67167	-27
5,67233	-27
5,67300	-27
5,67367	-27
5,67433	-27
5,67500	-27
5,67567	-27
5,67633	-27
5,67700	-27
5,67767	-26
5,67833	-26
5,67900	-26
5,67967	-26
5,68033	-27
5,68100	-27
5,68167	-27
5,68233	-27
5,68300	-27
5,68367	-27
5,68433	-28
5,68500	-28
5,68567	-28
5,68633	-28
5,68700	-28
5,68767	-28
5,68833	-28
5,68900	-28
5,68967	-28
5,69033	-28
5,69100	-28
5,69167	-28
5,69233	-28
5,69300	-28
5,69367	-28
5,69433	-29
5,69500	-29
5,69567	-29
5,69633	-29
5,69700	-30
5,69767	-30
5,69833	-29
5,69900	-29
5,69967	-29
5,70033	-29
5,70100	-28
5,70167	-28
5,70233	-28
5,70300	-27
5,70367	-27
5,70433	-27
5,70500	-27
5,70567	-27
5,70633	-27
5,70700	-27
5,70767	-27
5,70833	-27
5,70900	-27
5,70967	-27
5,71033	-27
5,71100	-27
5,71167	-28
5,71233	-28
5,71300	-28
5,71367	-28
5,71433	-28
5,71500	-29
5,71567	-29
5,71633	-29
5,71700	-29
5,71767	-29
5,71833	-29
5,71900	-29
5,71967	-29
5,72033	-29
5,72100	-29
5,72167	-28
5,72233	-28
5,72300	-28
5,72367	-28
5,72433	-28
5,72500	-28
5,72567	-28
5,72633	-28
5,72700	-28
5,72767	-28
5,72833	-29
5,72900	-29
5,72967	-29
5,73033	-29
5,73100	-29
5,73167	-29
5,73233	-29
5,73300	-29
5,73367	-29
5,73433	-30
5,73500	-30
5,73567	-30
5,73633	-30
5,73700	-30
5,73767	-30
5,73833	-30
5,73900	-30
5,73967	-30
5,74033	-30
5,74100	-30
5,74167	-30
5,74233	-30
5,74300	-30
5,74367	-30
5,74433	-30
5,74500	-30
5,74567	-30
5,74633	-30
5,74700	-30
5,74767	-30
5,74833	-30
5,74900	-30
5,74967	-30
5,75033	-29
5,75100	-29
5,75167	-29
5,75233	-29
5,75300	-28
5,75367	-28
5,75433	-28
5,75500	-27
5,75567	-27
5,75633	-27
5,75700	-26
5,75767	-26
5,75833	-26
5,75900	-26
5,75967	-26
5,76033	-26
5,76100	-26
5,76167	-26
5,76233	-26
5,76300	-25
5,76367	-25
5,76433	-25
5,76500	-25
5,76567	-25
5,76633	-24
5,76700	-24
5,76767	-24
5,76833	-24
5,76900	-24
5,76967	-23
5,77033	-23
5,77100	-23
5,77167	-22
5,77233	-22
5,77300	-22
5,77367	-22
5,77433	-21
5,77500	-21
5,77567	-21
5,77633	-20
5,77700	-20
5,77767	-20
5,77833	-20
5,77900	-20
5,77967	-20
5,78033	-20
5,78100	-20
5,78167	-21
5,78233	-21
5,78300	-21
5,78367	-21
5,78433	-21
5,78500	-21
5,78567	-21
5,78633	-22
5,78700	-22
5,78767	-22
5,78833	-22
5,78900	-22
5,78967	-23
5,79033	-23
5,79100	-23
5,79167	-24
5,79233	-24
5,79300	-24
5,79367	-24
5,79433	-24
5,79500	-24
5,79567	-24
5,79633	-24
5,79700	-24
5,79767	-24
5,79833	-24
5,79900	-24
5,79967	-24
5,80033	-24
5,80100	-24
5,80167	-24
5,80233	-24
5,80300	-24
5,80367	-24
5,80433	-23
5,80500	-23
5,80567	-23
5,80633	-22
5,80700	-22
5,80767	-22
5,80833	-22
5,80900	-22
5,80967	-22
5,81033	-22
5,81100	-22
5,81167	-22
5,81233	-22
5,81300	-22
5,81367	-22
5,81433	-22
5,81500	-22
5,81567	-22
5,81633	-22
5,81700	-22
5,81767	-22
5,81833	-22
5,81900	-23
5,81967	-23
5,82033	-23
5,82100	-23
5,82167	-23
5,82233	-23
5,82300	-24
5,82367	-24
5,82433	-23
5,82500	-23
5,82567	-23
5,82633	-23
5,82700	-23
5,82767	-23
5,82833	-23
5,82900	-24
5,82967	-24
5,83033	-24
5,83100	-24
5,83167	-25
5,83233	-25
5,83300	-25
5,83367	-25
5,83433	-25
5,83500	-26
5,83567	-26
5,83633	-26
5,83700	-26
5,83767	-26
5,83833	-26
5,83900	-25
5,83967	-25
5,84033	-25
5,84100	-25
5,84167	-25
5,84233	-25
5,84300	-25
5,84367	-25
5,84433	-25
5,84500	-25
5,84567	-25
5,84633	-25
5,84700	-25
5,84767	-25
5,84833	-25
5,84900	-25
5,84967	-25
5,85033	-25
5,85100	-25
5,85167	-25
5,85233	-24
5,85300	-24
5,85367	-24
5,85433	-24
5,85500	-23
5,85567	-23
5,85633	-23
5,85700	-23
5,85767	-23
5,85833	-23
5,85900	-23
5,85967	-23
5,86033	-23
5,86100	-23
5,86167	-23
5,86233	-23
5,86300	-22
5,86367	-22
5,86433	-22
5,86500	-22
5,86567	-22
5,86633	-22
5,86700	-22
5,86767	-22
5,86833	-22
5,86900	-22
5,86967	-22
5,87033	-22
5,87100	-22
5,87167	-21
5,87233	-21
5,87300	-22
5,87367	-22
5,87433	-22
5,87500	-22
5,87567	-22
5,87633	-22
5,87700	-22
5,87767	-22
5,87833	-22
5,87900	-22
5,87967	-22
5,88033	-21
5,88100	-21
5,88167	-21
5,88233	-21
5,88300	-22
5,88367	-22
5,88433	-22
5,88500	-22
5,88567	-22
5,88633	-22
5,88700	-22
5,88767	-23
5,88833	-23
5,88900	-23
5,88967	-23
5,89033	-23
5,89100	-23
5,89167	-23
5,89233	-23
5,89300	-23
5,89367	-23
5,89433	-23
5,89500	-24
5,89567	-24
5,89633	-24
5,89700	-25
5,89767	-25
5,89833	-26
5,89900	-26
5,89967	-26
5,90033	-26
5,90100	-26
5,90167	-26
5,90233	-26
5,90300	-26
5,90367	-26
5,90433	-26
5,90500	-26
5,90567	-26
5,90633	-26
5,90700	-26
5,90767	-26
5,90833	-26
5,90900	-26
5,90967	-26
5,91033	-26
5,91100	-26
5,91167	-26
5,91233	-25
5,91300	-25
5,91367	-25
5,91433	-24
5,91500	-24
5,91567	-24
5,91633	-24
5,91700	-24
5,91767	-24
5,91833	-24
5,91900	-24
5,91967	-24
5,92033	-25
5,92100	-25
5,92167	-25
5,92233	-25
5,92300	-25
5,92367	-25
5,92433	-25
5,92500	-25
5,92567	-25
5,92633	-25
5,92700	-25
5,92767	-25
5,92833	-25
5,92900	-24
5,92967	-24
5,93033	-24
5,93100	-24
5,93167	-23
5,93233	-23
5,93300	-23
5,93367	-23
5,93433	-22
5,93500	-22
5,93567	-22
5,93633	-22
5,93700	-22
5,93767	-22
5,93833	-22
5,93900	-22
5,93967	-22
5,94033	-22
5,94100	-22
5,94167	-22
5,94233	-22
5,94300	-22
5,94367	-22
5,94433	-21
5,94500	-21
5,94567	-21
5,94633	-21
5,94700	-21
5,94767	-21
5,94833	-21
5,94900	-21
5,94967	-21
5,95033	-22
5,95100	-22
5,95167	-22
5,95233	-22
5,95300	-22
5,95367	-22
5,95433	-22
5,95500	-23
5,95567	-23
5,95633	-22
5,95700	-22
5,95767	-22
5,95833	-22
5,95900	-22
5,95967	-22
5,96033	-22
5,96100	-22
5,96167	-22
5,96233	-22
5,96300	-23
5,96367	-23
5,96433	-23
5,96500	-23
5,96567	-23
5,96633	-23
5,96700	-23
5,96767	-22
5,96833	-22
5,96900	-22
5,96967	-22
5,97033	-22
5,97100	-22
5,97167	-22
5,97233	-22
5,97300	-22
5,97367	-22
5,97433	-22
5,97500	-22
5,97567	-22
5,97633	-22
5,97700	-22
5,97767	-22
5,97833	-22
5,97900	-22
5,97967	-22
5,98033	-22
5,98100	-22
5,98167	-22
5,98233	-22
5,98300	-22
5,98367	-22
5,98433	-22
5,98500	-22
5,98567	-22
5,98633	-22
5,98700	-22
5,98767	-22
5,98833	-22
5,98900	-21
5,98967	-21
5,99033	-21
5,99100	-21
5,99167	-21
5,99233	-22
5,99300	-22
5,99367	-22
5,99433	-22
5,99500	-22
5,99567	-23
5,99633	-23
5,99700	-23
5,99767	-23
5,99833	-23
5,99900	-24
5,99967	-24
6,00033	-25
6,00100	-25
6,00167	-25
6,00233	-26
6,00300	-26
6,00367	-27
6,00433	-27
6,00500	-28
6,00567	-28
6,00633	-29
6,00700	-29
6,00767	-29
6,00833	-29
6,00900	-29
6,00967	-29
6,01033	-29
6,01100	-28
6,01167	-28
6,01233	-28
6,01300	-28
6,01367	-28
6,01433	-28
6,01500	-27
6,01567	-27
6,01633	-27
6,01700	-27
6,01767	-26
6,01833	-26
6,01900	-26
6,01967	-26
6,02033	-26
6,02100	-25
6,02167	-25
6,02233	-25
6,02300	-25
6,02367	-25
6,02433	-24
6,02500	-24
6,02567	-24
6,02633	-24
6,02700	-24
6,02767	-24
6,02833	-24
6,02900	-24
6,02967	-24
6,03033	-24
6,03100	-23
6,03167	-23
6,03233	-23
6,03300	-23
6,03367	-23
6,03433	-23
6,03500	-23
6,03567	-23
6,03633	-24
6,03700	-24
6,03767	-24
6,03833	-24
6,03900	-24
6,03967	-24
6,04033	-24
6,04100	-24
6,04167	-24
6,04233	-24
6,04300	-24
6,04367	-24
6,04433	-24
6,04500	-24
6,04567	-24
6,04633	-24
6,04700	-24
6,04767	-25
6,04833	-25
6,04900	-25
6,04967	-25
6,05033	-25
6,05100	-25
6,05167	-25
6,05233	-25
6,05300	-25
6,05367	-25
6,05433	-25
6,05500	-26
6,05567	-26
6,05633	-26
6,05700	-26
6,05767	-26
6,05833	-26
6,05900	-26
6,05967	-26
6,06033	-26
6,06100	-26
6,06167	-26
6,06233	-26
6,06300	-26
6,06367	-26
6,06433	-25
6,06500	-25
6,06567	-25
6,06633	-25
6,06700	-25
6,06767	-25
6,06833	-25
6,06900	-25
6,06967	-25
6,07033	-25
6,07100	-24
6,07167	-24
6,07233	-24
6,07300	-23
6,07367	-23
6,07433	-23
6,07500	-23
6,07567	-22
6,07633	-22
6,07700	-22
6,07767	-22
6,07833	-22
6,07900	-21
6,07967	-21
6,08033	-21
6,08100	-21
6,08167	-21
6,08233	-21
6,08300	-21
6,08367	-21
6,08433	-21
6,08500	-21
6,08567	-21
6,08633	-21
6,08700	-21
6,08767	-21
6,08833	-21
6,08900	-21
6,08967	-21
6,09033	-21
6,09100	-21
6,09167	-20
6,09233	-20
6,09300	-20
6,09367	-20
6,09433	-20
6,09500	-20
6,09567	-19
6,09633	-19
6,09700	-19
6,09767	-19
6,09833	-19
6,09900	-18
6,09967	-18
6,10033	-18
6,10100	-18
6,10167	-18
6,10233	-18
6,10300	-18
6,10367	-18
6,10433	-18
6,10500	-18
6,10567	-19
6,10633	-19
6,10700	-19
6,10767	-19
6,10833	-20
6,10900	-20
6,10967	-20
6,11033	-21
6,11100	-21
6,11167	-21
6,11233	-22
6,11300	-22
6,11367	-22
6,11433	-22
6,11500	-22
6,11567	-22
6,11633	-22
6,11700	-22
6,11767	-22
6,11833	-22
6,11900	-22
6,11967	-22
6,12033	-22
6,12100	-22
6,12167	-21
6,12233	-21
6,12300	-21
6,12367	-21
6,12433	-21
6,12500	-21
6,12567	-21
6,12633	-21
6,12700	-21
6,12767	-21
6,12833	-21
6,12900	-21
6,12967	-21
6,13033	-21
6,13100	-21
6,13167	-21
6,13233	-21
6,13300	-21
6,13367	-21
6,13433	-21
6,13500	-21
6,13567	-21
6,13633	-21
6,13700	-21
6,13767	-20
6,13833	-20
6,13900	-20
6,13967	-20
6,14033	-20
6,14100	-20
6,14167	-20
6,14233	-20
6,14300	-20
6,14367	-20
6,14433	-20
6,14500	-20
6,14567	-20
6,14633	-20
6,14700	-20
6,14767	-20
6,14833	-20
6,14900	-21
6,14967	-21
6,15033	-21
6,15100	-21
6,15167	-22
6,15233	-22
6,15300	-22
6,15367	-22
6,15433	-23
6,15500	-23
6,15567	-23
6,15633	-23
6,15700	-24
6,15767	-24
6,15833	-24
6,15900	-24
6,15967	-24
6,16033	-24
6,16100	-24
6,16167	-24
6,16233	-24
6,16300	-24
6,16367	-24
6,16433	-25
6,16500	-25
6,16567	-25
6,16633	-24
6,16700	-24
6,16767	-24
6,16833	-24
6,16900	-24
6,16967	-24
6,17033	-23
6,17100	-23
6,17167	-24
6,17233	-24
6,17300	-24
6,17367	-24
6,17433	-24
6,17500	-24
6,17567	-24
6,17633	-23
6,17700	-23
6,17767	-23
6,17833	-23
6,17900	-23
6,17967	-23
6,18033	-23
6,18100	-24
6,18167	-24
6,18233	-24
6,18300	-24
6,18367	-24
6,18433	-24
6,18500	-24
6,18567	-24
6,18633	-24
6,18700	-24
6,18767	-24
6,18833	-25
6,18900	-24
6,18967	-24
6,19033	-24
6,19100	-24
6,19167	-24
6,19233	-24
6,19300	-24
6,19367	-24
6,19433	-24
6,19500	-24
6,19567	-24
6,19633	-24
6,19700	-24
6,19767	-24
6,19833	-24
6,19900	-24
6,19967	-24
6,20033	-24
6,20100	-24
6,20167	-23
6,20233	-23
6,20300	-23
6,20367	-23
6,20433	-23
6,20500	-24
6,20567	-24
6,20633	-24
6,20700	-24
6,20767	-24
6,20833	-24
6,20900	-24
6,20967	-24
6,21033	-24
6,21100	-24
6,21167	-24
6,21233	-24
6,21300	-24
6,21367	-24
6,21433	-24
6,21500	-24
6,21567	-24
6,21633	-24
6,21700	-24
6,21767	-24
6,21833	-24
6,21900	-23
6,21967	-23
6,22033	-23
6,22100	-23
6,22167	-23
6,22233	-23
6,22300	-23
6,22367	-23
6,22433	-23
6,22500	-23
6,22567	-23
6,22633	-23
6,22700	-24
6,22767	-24
6,22833	-24
6,22900	-24
6,22967	-24
6,23033	-24
6,23100	-24
6,23167	-24
6,23233	-24
6,23300	-24
6,23367	-24
6,23433	-24
6,23500	-24
6,23567	-24
6,23633	-24
6,23700	-24
6,23767	-24
6,23833	-25
6,23900	-25
6,23967	-25
6,24033	-25
6,24100	-26
6,24167	-26
6,24233	-26
6,24300	-26
6,24367	-26
6,24433	-26
6,24500	-26
6,24567	-26
6,24633	-26
6,24700	-26
6,24767	-26
6,24833	-26
6,24900	-26
6,24967	-26
6,25033	-26
6,25100	-25
6,25167	-25
6,25233	-25
6,25300	-25
6,25367	-25
6,25433	-25
6,25500	-25
6,25567	-26
6,25633	-26
6,25700	-26
6,25767	-26
6,25833	-26
6,25900	-26
6,25967	-27
6,26033	-27
6,26100	-27
6,26167	-27
6,26233	-27
6,26300	-27
6,26367	-27
6,26433	-27
6,26500	-27
6,26567	-27
6,26633	-27
6,26700	-27
6,26767	-27
6,26833	-27
6,26900	-28
6,26967	-28
6,27033	-28
6,27100	-28
6,27167	-29
6,27233	-28
6,27300	-28
6,27367	-28
6,27433	-28
6,27500	-28
6,27567	-28
6,27633	-28
6,27700	-28
6,27767	-28
6,27833	-28
6,27900	-28
6,27967	-28
6,28033	-28
6,28100	-28
6,28167	-28
6,28233	-28
6,28300	-28
6,28367	-28
6,28433	-28
6,28500	-28
6,28567	-28
6,28633	-28
6,28700	-28
6,28767	-28
6,28833	-28
6,28900	-28
6,28967	-28
6,29033	-27
6,29100	-27
6,29167	-27
6,29233	-27
6,29300	-27
6,29367	-27
6,29433	-27
6,29500	-27
6,29567	-27
6,29633	-27
6,29700	-27
6,29767	-27
6,29833	-27
6,29900	-27
6,29967	-27
6,30033	-27
6,30100	-27
6,30167	-27
6,30233	-26
6,30300	-26
6,30367	-26
6,30433	-26
6,30500	-26
6,30567	-26
6,30633	-26
6,30700	-25
6,30767	-25
6,30833	-25
6,30900	-25
6,30967	-25
6,31033	-26
6,31100	-26
6,31167	-26
6,31233	-27
6,31300	-27
6,31367	-27
6,31433	-28
6,31500	-28
6,31567	-28
6,31633	-28
6,31700	-28
6,31767	-28
6,31833	-28
6,31900	-28
6,31967	-28
6,32033	-28
6,32100	-28
6,32167	-28
6,32233	-28
6,32300	-28
6,32367	-28
6,32433	-28
6,32500	-28
6,32567	-29
6,32633	-29
6,32700	-29
6,32767	-29
6,32833	-29
6,32900	-29
6,32967	-28
6,33033	-28
6,33100	-28
6,33167	-28
6,33233	-28
6,33300	-28
6,33367	-28
6,33433	-28
6,33500	-28
6,33567	-28
6,33633	-28
6,33700	-28
6,33767	-28
6,33833	-28
6,33900	-27
6,33967	-27
6,34033	-27
6,34100	-27
6,34167	-27
6,34233	-28
6,34300	-28
6,34367	-28
6,34433	-28
6,34500	-28
6,34567	-27
6,34633	-27
6,34700	-27
6,34767	-27
6,34833	-27
6,34900	-27
6,34967	-27
6,35033	-26
6,35100	-26
6,35167	-26
6,35233	-25
6,35300	-25
6,35367	-25
6,35433	-25
6,35500	-25
6,35567	-25
6,35633	-26
6,35700	-26
6,35767	-26
6,35833	-26
6,35900	-27
6,35967	-27
6,36033	-27
6,36100	-28
6,36167	-28
6,36233	-28
6,36300	-28
6,36367	-28
6,36433	-28
6,36500	-28
6,36567	-29
6,36633	-29
6,36700	-29
6,36767	-29
6,36833	-30
6,36900	-30
6,36967	-30
6,37033	-31
6,37100	-31
6,37167	-31
6,37233	-31
6,37300	-31
6,37367	-32
6,37433	-32
6,37500	-32
6,37567	-32
6,37633	-32
6,37700	-32
6,37767	-32
6,37833	-32
6,37900	-32
6,37967	-32
6,38033	-32
6,38100	-32
6,38167	-32
6,38233	-32
6,38300	-31
6,38367	-31
6,38433	-31
6,38500	-31
6,38567	-30
6,38633	-30
6,38700	-30
6,38767	-30
6,38833	-30
6,38900	-30
6,38967	-30
6,39033	-30
6,39100	-30
6,39167	-30
6,39233	-30
6,39300	-30
6,39367	-30
6,39433	-30
6,39500	-30
6,39567	-30
6,39633	-30
6,39700	-30
6,39767	-29
6,39833	-29
6,39900	-29
6,39967	-29
6,40033	-29
6,40100	-30
6,40167	-30
6,40233	-30
6,40300	-30
6,40367	-30
6,40433	-30
6,40500	-30
6,40567	-30
6,40633	-30
6,40700	-30
6,40767	-31
6,40833	-31
6,40900	-31
6,40967	-31
6,41033	-31
6,41100	-31
6,41167	-31
6,41233	-31
6,41300	-31
6,41367	-31
6,41433	-31
6,41500	-31
6,41567	-31
6,41633	-31
6,41700	-31
6,41767	-31
6,41833	-31
6,41900	-31
6,41967	-31
6,42033	-31
6,42100	-31
6,42167	-31
6,42233	-31
6,42300	-31
6,42367	-31
6,42433	-30
6,42500	-30
6,42567	-30
6,42633	-30
6,42700	-30
6,42767	-30
6,42833	-30
6,42900	-29
6,42967	-29
6,43033	-29
6,43100	-29
6,43167	-28
6,43233	-28
6,43300	-28
6,43367	-28
6,43433	-28
6,43500	-28
6,43567	-27
6,43633	-27
6,43700	-27
6,43767	-27
6,43833	-27
6,43900	-27
6,43967	-27
6,44033	-27
6,44100	-28
6,44167	-28
6,44233	-28
6,44300	-28
6,44367	-28
6,44433	-29
6,44500	-29
6,44567	-29
6,44633	-29
6,44700	-29
6,44767	-29
6,44833	-29
6,44900	-29
6,44967	-29
6,45033	-29
6,45100	-29
6,45167	-30
6,45233	-30
6,45300	-30
6,45367	-30
6,45433	-30
6,45500	-30
6,45567	-30
6,45633	-30
6,45700	-30
6,45767	-29
6,45833	-29
6,45900	-29
6,45967	-29
6,46033	-29
6,46100	-29
6,46167	-29
6,46233	-30
6,46300	-30
6,46367	-30
6,46433	-30
6,46500	-30
6,46567	-30
6,46633	-31
6,46700	-30
6,46767	-30
6,46833	-30
6,46900	-30
6,46967	-30
6,47033	-30
6,47100	-30
6,47167	-30
6,47233	-30
6,47300	-30
6,47367	-30
6,47433	-30
6,47500	-30
6,47567	-30
6,47633	-29
6,47700	-29
6,47767	-29
6,47833	-28
6,47900	-28
6,47967	-28
6,48033	-28
6,48100	-28
6,48167	-28
6,48233	-28
6,48300	-28
6,48367	-28
6,48433	-28
6,48500	-28
6,48567	-28
6,48633	-28
6,48700	-28
6,48767	-28
6,48833	-27
6,48900	-27
6,48967	-27
6,49033	-27
6,49100	-27
6,49167	-27
6,49233	-27
6,49300	-27
6,49367	-27
6,49433	-27
6,49500	-27
6,49567	-27
6,49633	-27
6,49700	-27
6,49767	-26
6,49833	-26
6,49900	-26
6,49967	-26
6,50033	-26
6,50100	-26
6,50167	-26
6,50233	-25
6,50300	-25
6,50367	-25
6,50433	-25
6,50500	-24
6,50567	-24
6,50633	-24
6,50700	-23
6,50767	-23
6,50833	-23
6,50900	-22
6,50967	-22
6,51033	-21
6,51100	-21
6,51167	-20
6,51233	-20
6,51300	-20
6,51367	-20
6,51433	-20
6,51500	-20
6,51567	-20
6,51633	-20
6,51700	-20
6,51767	-21
6,51833	-21
6,51900	-21
6,51967	-21
6,52033	-21
6,52100	-21
6,52167	-21
6,52233	-21
6,52300	-21
6,52367	-21
6,52433	-21
6,52500	-22
6,52567	-22
6,52633	-22
6,52700	-22
6,52767	-23
6,52833	-23
6,52900	-23
6,52967	-23
6,53033	-23
6,53100	-23
6,53167	-23
6,53233	-23
6,53300	-23
6,53367	-23
6,53433	-23
6,53500	-23
6,53567	-23
6,53633	-23
6,53700	-22
6,53767	-22
6,53833	-22
6,53900	-22
6,53967	-22
6,54033	-22
6,54100	-22
6,54167	-22
6,54233	-22
6,54300	-22
6,54367	-22
6,54433	-22
6,54500	-22
6,54567	-22
6,54633	-22
6,54700	-23
6,54767	-23
6,54833	-23
6,54900	-23
6,54967	-23
6,55033	-23
6,55100	-23
6,55167	-23
6,55233	-23
6,55300	-23
6,55367	-23
6,55433	-23
6,55500	-23
6,55567	-23
6,55633	-23
6,55700	-23
6,55767	-23
6,55833	-24
6,55900	-24
6,55967	-24
6,56033	-24
6,56100	-24
6,56167	-24
6,56233	-24
6,56300	-24
6,56367	-24
6,56433	-23
6,56500	-23
6,56567	-23
6,56633	-23
6,56700	-22
6,56767	-22
6,56833	-22
6,56900	-22
6,56967	-22
6,57033	-21
6,57100	-21
6,57167	-21
6,57233	-21
6,57300	-21
6,57367	-21
6,57433	-21
6,57500	-21
6,57567	-21
6,57633	-21
6,57700	-21
6,57767	-21
6,57833	-21
6,57900	-21
6,57967	-21
6,58033	-22
6,58100	-22
6,58167	-22
6,58233	-22
6,58300	-22
6,58367	-22
6,58433	-22
6,58500	-22
6,58567	-22
6,58633	-22
6,58700	-22
6,58767	-22
6,58833	-22
6,58900	-22
6,58967	-23
6,59033	-23
6,59100	-23
6,59167	-22
6,59233	-23
6,59300	-23
6,59367	-23
6,59433	-23
6,59500	-23
6,59567	-23
6,59633	-23
6,59700	-23
6,59767	-23
6,59833	-23
6,59900	-23
6,59967	-23
6,60033	-23
6,60100	-23
6,60167	-23
6,60233	-23
6,60300	-23
6,60367	-23
6,60433	-23
6,60500	-23
6,60567	-23
6,60633	-23
6,60700	-23
6,60767	-22
6,60833	-22
6,60900	-22
6,60967	-22
6,61033	-22
6,61100	-22
6,61167	-22
6,61233	-23
6,61300	-23
6,61367	-23
6,61433	-23
6,61500	-24
6,61567	-24
6,61633	-24
6,61700	-25
6,61767	-25
6,61833	-25
6,61900	-26
6,61967	-26
6,62033	-26
6,62100	-26
6,62167	-26
6,62233	-26
6,62300	-26
6,62367	-26
6,62433	-26
6,62500	-26
6,62567	-26
6,62633	-26
6,62700	-26
6,62767	-25
6,62833	-25
6,62900	-25
6,62967	-25
6,63033	-25
6,63100	-24
6,63167	-24
6,63233	-24
6,63300	-24
6,63367	-24
6,63433	-24
6,63500	-24
6,63567	-24
6,63633	-24
6,63700	-24
6,63767	-24
6,63833	-24
6,63900	-24
6,63967	-24
6,64033	-24
6,64100	-24
6,64167	-24
6,64233	-24
6,64300	-24
6,64367	-24
6,64433	-24
6,64500	-24
6,64567	-24
6,64633	-25
6,64700	-25
6,64767	-25
6,64833	-25
6,64900	-25
6,64967	-25
6,65033	-25
6,65100	-25
6,65167	-25
6,65233	-25
6,65300	-25
6,65367	-25
6,65433	-24
6,65500	-24
6,65567	-24
6,65633	-24
6,65700	-24
6,65767	-24
6,65833	-24
6,65900	-24
6,65967	-24
6,66033	-24
6,66100	-24
6,66167	-24
6,66233	-24
6,66300	-24
6,66367	-24
6,66433	-24
6,66500	-24
6,66567	-24
6,66633	-24
6,66700	-24
6,66767	-24
6,66833	-23
6,66900	-23
6,66967	-23
6,67033	-23
6,67100	-23
6,67167	-23
6,67233	-23
6,67300	-23
6,67367	-23
6,67433	-23
6,67500	-23
6,67567	-23
6,67633	-23
6,67700	-24
6,67767	-24
6,67833	-24
6,67900	-24
6,67967	-24
6,68033	-24
6,68100	-23
6,68167	-23
6,68233	-23
6,68300	-23
6,68367	-23
6,68433	-23
6,68500	-23
6,68567	-23
6,68633	-23
6,68700	-23
6,68767	-24
6,68833	-24
6,68900	-24
6,68967	-24
6,69033	-24
6,69100	-24
6,69167	-24
6,69233	-25
6,69300	-25
6,69367	-25
6,69433	-25
6,69500	-25
6,69567	-25
6,69633	-25
6,69700	-25
6,69767	-25
6,69833	-25
6,69900	-25
6,69967	-24
6,70033	-24
6,70100	-23
6,70167	-23
6,70233	-22
6,70300	-22
6,70367	-22
6,70433	-22
6,70500	-21
6,70567	-21
6,70633	-21
6,70700	-21
6,70767	-21
6,70833	-21
6,70900	-21
6,70967	-21
6,71033	-21
6,71100	-21
6,71167	-21
6,71233	-21
6,71300	-21
6,71367	-21
6,71433	-21
6,71500	-21
6,71567	-20
6,71633	-20
6,71700	-20
6,71767	-20
6,71833	-20
6,71900	-20
6,71967	-20
6,72033	-20
6,72100	-20
6,72167	-20
6,72233	-20
6,72300	-20
6,72367	-20
6,72433	-20
6,72500	-20
6,72567	-20
6,72633	-20
6,72700	-20
6,72767	-20
6,72833	-20
6,72900	-20
6,72967	-19
6,73033	-19
6,73100	-19
6,73167	-20
6,73233	-20
6,73300	-20
6,73367	-20
6,73433	-20
6,73500	-20
6,73567	-20
6,73633	-19
6,73700	-19
6,73767	-20
6,73833	-20
6,73900	-20
6,73967	-20
6,74033	-20
6,74100	-21
6,74167	-21
6,74233	-21
6,74300	-21
6,74367	-21
6,74433	-21
6,74500	-21
6,74567	-21
6,74633	-22
6,74700	-22
6,74767	-22
6,74833	-23
6,74900	-23
6,74967	-24
6,75033	-24
6,75100	-24
6,75167	-25
6,75233	-25
6,75300	-25
6,75367	-25
6,75433	-25
6,75500	-25
6,75567	-25
6,75633	-25
6,75700	-25
6,75767	-24
6,75833	-24
6,75900	-24
6,75967	-24
6,76033	-25
6,76100	-25
6,76167	-25
6,76233	-25
6,76300	-25
6,76367	-25
6,76433	-25
6,76500	-25
6,76567	-25
6,76633	-25
6,76700	-25
6,76767	-25
6,76833	-25
6,76900	-25
6,76967	-25
6,77033	-26
6,77100	-26
6,77167	-26
6,77233	-26
6,77300	-27
6,77367	-27
6,77433	-27
6,77500	-27
6,77567	-27
6,77633	-27
6,77700	-27
6,77767	-27
6,77833	-27
6,77900	-27
6,77967	-27
6,78033	-27
6,78100	-27
6,78167	-27
6,78233	-28
6,78300	-28
6,78367	-28
6,78433	-28
6,78500	-28
6,78567	-29
6,78633	-29
6,78700	-29
6,78767	-29
6,78833	-29
6,78900	-29
6,78967	-29
6,79033	-29
6,79100	-29
6,79167	-29
6,79233	-29
6,79300	-29
6,79367	-29
6,79433	-29
6,79500	-29
6,79567	-29
6,79633	-29
6,79700	-29
6,79767	-29
6,79833	-28
6,79900	-28
6,79967	-28
6,80033	-28
6,80100	-28
6,80167	-28
6,80233	-27
6,80300	-27
6,80367	-27
6,80433	-27
6,80500	-26
6,80567	-26
6,80633	-26
6,80700	-26
6,80767	-26
6,80833	-26
6,80900	-25
6,80967	-25
6,81033	-25
6,81100	-25
6,81167	-26
6,81233	-26
6,81300	-26
6,81367	-26
6,81433	-26
6,81500	-26
6,81567	-26
6,81633	-26
6,81700	-26
6,81767	-26
6,81833	-26
6,81900	-26
6,81967	-27
6,82033	-27
6,82100	-27
6,82167	-27
6,82233	-27
6,82300	-27
6,82367	-27
6,82433	-27
6,82500	-27
6,82567	-27
6,82633	-27
6,82700	-27
6,82767	-27
6,82833	-27
6,82900	-27
6,82967	-27
6,83033	-26
6,83100	-26
6,83167	-26
6,83233	-26
6,83300	-26
6,83367	-26
6,83433	-27
6,83500	-27
6,83567	-27
6,83633	-27
6,83700	-28
6,83767	-28
6,83833	-28
6,83900	-28
6,83967	-28
6,84033	-29
6,84100	-29
6,84167	-29
6,84233	-29
6,84300	-29
6,84367	-30
6,84433	-30
6,84500	-30
6,84567	-30
6,84633	-30
6,84700	-30
6,84767	-30
6,84833	-31
6,84900	-31
6,84967	-31
6,85033	-31
6,85100	-31
6,85167	-31
6,85233	-31
6,85300	-31
6,85367	-30
6,85433	-30
6,85500	-30
6,85567	-30
6,85633	-29
6,85700	-29
6,85767	-29
6,85833	-28
6,85900	-28
6,85967	-27
6,86033	-27
6,86100	-27
6,86167	-26
6,86233	-26
6,86300	-26
6,86367	-26
6,86433	-26
6,86500	-26
6,86567	-26
6,86633	-26
6,86700	-27
6,86767	-27
6,86833	-27
6,86900	-27
6,86967	-28
6,87033	-28
6,87100	-28
6,87167	-28
6,87233	-28
6,87300	-28
6,87367	-28
6,87433	-28
6,87500	-28
6,87567	-28
6,87633	-28
6,87700	-29
6,87767	-29
6,87833	-29
6,87900	-29
6,87967	-29
6,88033	-30
6,88100	-30
6,88167	-30
6,88233	-30
6,88300	-30
6,88367	-30
6,88433	-30
6,88500	-30
6,88567	-31
6,88633	-31
6,88700	-31
6,88767	-31
6,88833	-31
6,88900	-31
6,88967	-31
6,89033	-31
6,89100	-30
6,89167	-30
6,89233	-30
6,89300	-30
6,89367	-30
6,89433	-30
6,89500	-29
6,89567	-29
6,89633	-29
6,89700	-29
6,89767	-29
6,89833	-29
6,89900	-30
6,89967	-30
6,90033	-30
6,90100	-30
6,90167	-29
6,90233	-29
6,90300	-29
6,90367	-29
6,90433	-29
6,90500	-29
6,90567	-29
6,90633	-28
6,90700	-28
6,90767	-28
6,90833	-27
6,90900	-27
6,90967	-27
6,91033	-27
6,91100	-26
6,91167	-26
6,91233	-26
6,91300	-26
6,91367	-26
6,91433	-25
6,91500	-25
6,91567	-25
6,91633	-25
6,91700	-24
6,91767	-24
6,91833	-24
6,91900	-23
6,91967	-23
6,92033	-22
6,92100	-22
6,92167	-22
6,92233	-22
6,92300	-22
6,92367	-22
6,92433	-22
6,92500	-22
6,92567	-22
6,92633	-22
6,92700	-22
6,92767	-22
6,92833	-21
6,92900	-21
6,92967	-21
6,93033	-21
6,93100	-22
6,93167	-22
6,93233	-22
6,93300	-22
6,93367	-22
6,93433	-22
6,93500	-22
6,93567	-22
6,93633	-22
6,93700	-22
6,93767	-22
6,93833	-22
6,93900	-22
6,93967	-22
6,94033	-22
6,94100	-22
6,94167	-22
6,94233	-22
6,94300	-22
6,94367	-22
6,94433	-22
6,94500	-22
6,94567	-22
6,94633	-22
6,94700	-22
6,94767	-22
6,94833	-22
6,94900	-23
6,94967	-23
6,95033	-23
6,95100	-23
6,95167	-23
6,95233	-23
6,95300	-23
6,95367	-23
6,95433	-24
6,95500	-24
6,95567	-24
6,95633	-24
6,95700	-24
6,95767	-24
6,95833	-24
6,95900	-23
6,95967	-23
6,96033	-23
6,96100	-22
6,96167	-22
6,96233	-22
6,96300	-22
6,96367	-22
6,96433	-22
6,96500	-22
6,96567	-22
6,96633	-22
6,96700	-22
6,96767	-22
6,96833	-22
6,96900	-22
6,96967	-22
6,97033	-21
6,97100	-21
6,97167	-21
6,97233	-21
6,97300	-21
6,97367	-21
6,97433	-21
6,97500	-21
6,97567	-21
6,97633	-21
6,97700	-21
6,97767	-21
6,97833	-21
6,97900	-21
6,97967	-21
6,98033	-21
6,98100	-21
6,98167	-22
6,98233	-22
6,98300	-22
6,98367	-22
6,98433	-23
6,98500	-23
6,98567	-23
6,98633	-23
6,98700	-23
6,98767	-24
6,98833	-24
6,98900	-24
6,98967	-24
6,99033	-24
6,99100	-25
6,99167	-25
6,99233	-25
6,99300	-25
6,99367	-25
6,99433	-25
6,99500	-26
6,99567	-26
6,99633	-26
6,99700	-26
6,99767	-26
6,99833	-26
6,99900	-26
6,99967	-26
7,00033	-25
7,00100	-25
7,00167	-25
7,00233	-25
7,00300	-25
7,00367	-25
7,00433	-25
7,00500	-25
7,00567	-24
7,00633	-24
7,00700	-24
7,00767	-24
7,00833	-25
7,00900	-25
7,00967	-25
7,01033	-24
7,01100	-24
7,01167	-24
7,01233	-24
7,01300	-24
7,01367	-23
7,01433	-23
7,01500	-23
7,01567	-23
7,01633	-23
7,01700	-23
7,01767	-24
7,01833	-24
7,01900	-24
7,01967	-24
7,02033	-25
7,02100	-25
7,02167	-25
7,02233	-25
7,02300	-25
7,02367	-25
7,02433	-25
7,02500	-25
7,02567	-25
7,02633	-25
7,02700	-24
7,02767	-24
7,02833	-24
7,02900	-24
7,02967	-24
7,03033	-24
7,03100	-24
7,03167	-24
7,03233	-24
7,03300	-24
7,03367	-24
7,03433	-24
7,03500	-24
7,03567	-24
7,03633	-24
7,03700	-24
7,03767	-24
7,03833	-24
7,03900	-24
7,03967	-24
7,04033	-24
7,04100	-24
7,04167	-24
7,04233	-24
7,04300	-24
7,04367	-23
7,04433	-23
7,04500	-23
7,04567	-24
7,04633	-24
7,04700	-24
7,04767	-24
7,04833	-24
7,04900	-25
7,04967	-25
7,05033	-25
7,05100	-25
7,05167	-26
7,05233	-26
7,05300	-26
7,05367	-26
7,05433	-25
7,05500	-25
7,05567	-25
7,05633	-25
7,05700	-25
7,05767	-25
7,05833	-25
7,05900	-25
7,05967	-25
7,06033	-25
7,06100	-25
7,06167	-25
7,06233	-25
7,06300	-25
7,06367	-25
7,06433	-25
7,06500	-26
7,06567	-26
7,06633	-26
7,06700	-26
7,06767	-26
7,06833	-26
7,06900	-27
7,06967	-27
7,07033	-27
7,07100	-27
7,07167	-27
7,07233	-27
7,07300	-28
7,07367	-28
7,07433	-28
7,07500	-28
7,07567	-27
7,07633	-27
7,07700	-27
7,07767	-27
7,07833	-27
7,07900	-27
7,07967	-27
7,08033	-27
7,08100	-27
7,08167	-27
7,08233	-27
7,08300	-27
7,08367	-27
7,08433	-27
7,08500	-27
7,08567	-27
7,08633	-27
7,08700	-27
7,08767	-27
7,08833	-27
7,08900	-27
7,08967	-27
7,09033	-27
7,09100	-27
7,09167	-27
7,09233	-27
7,09300	-27
7,09367	-27
7,09433	-26
7,09500	-26
7,09567	-26
7,09633	-26
7,09700	-25
7,09767	-25
7,09833	-24
7,09900	-24
7,09967	-24
7,10033	-24
7,10100	-23
7,10167	-23
7,10233	-23
7,10300	-23
7,10367	-23
7,10433	-23
7,10500	-23
7,10567	-23
7,10633	-22
7,10700	-22
7,10767	-22
7,10833	-22
7,10900	-21
7,10967	-21
7,11033	-21
7,11100	-21
7,11167	-21
7,11233	-21
7,11300	-21
7,11367	-21
7,11433	-21
7,11500	-22
7,11567	-22
7,11633	-22
7,11700	-22
7,11767	-23
7,11833	-23
7,11900	-23
7,11967	-23
7,12033	-23
7,12100	-23
7,12167	-23
7,12233	-23
7,12300	-23
7,12367	-23
7,12433	-23
7,12500	-23
7,12567	-23
7,12633	-23
7,12700	-24
7,12767	-24
7,12833	-24
7,12900	-24
7,12967	-24
7,13033	-24
7,13100	-24
7,13167	-24
7,13233	-24
7,13300	-25
7,13367	-25
7,13433	-25
7,13500	-25
7,13567	-25
7,13633	-25
7,13700	-25
7,13767	-26
7,13833	-26
7,13900	-26
7,13967	-26
7,14033	-27
7,14100	-27
7,14167	-27
7,14233	-27
7,14300	-27
7,14367	-28
7,14433	-28
7,14500	-28
7,14567	-28
7,14633	-28
7,14700	-28
7,14767	-28
7,14833	-28
7,14900	-28
7,14967	-28
7,15033	-28
7,15100	-28
7,15167	-28
7,15233	-28
7,15300	-28
7,15367	-28
7,15433	-28
7,15500	-28
7,15567	-28
7,15633	-28
7,15700	-28
7,15767	-28
7,15833	-28
7,15900	-28
7,15967	-28
7,16033	-28
7,16100	-28
7,16167	-28
7,16233	-28
7,16300	-28
7,16367	-28
7,16433	-27
7,16500	-27
7,16567	-27
7,16633	-27
7,16700	-26
7,16767	-26
7,16833	-26
7,16900	-26
7,16967	-25
7,17033	-25
7,17100	-25
7,17167	-25
7,17233	-24
7,17300	-24
7,17367	-24
7,17433	-23
7,17500	-23
7,17567	-23
7,17633	-23
7,17700	-23
7,17767	-23
7,17833	-24
7,17900	-24
7,17967	-24
7,18033	-24
7,18100	-23
7,18167	-23
7,18233	-23
7,18300	-23
7,18367	-23
7,18433	-23
7,18500	-23
7,18567	-23
7,18633	-23
7,18700	-23
7,18767	-23
7,18833	-23
7,18900	-23
7,18967	-23
7,19033	-24
7,19100	-24
7,19167	-24
7,19233	-24
7,19300	-24
7,19367	-24
7,19433	-24
7,19500	-24
7,19567	-25
7,19633	-25
7,19700	-25
7,19767	-25
7,19833	-25
7,19900	-26
7,19967	-26
7,20033	-26
7,20100	-27
7,20167	-27
7,20233	-27
7,20300	-27
7,20367	-27
7,20433	-27
7,20500	-27
7,20567	-27
7,20633	-27
7,20700	-27
7,20767	-27
7,20833	-27
7,20900	-27
7,20967	-27
7,21033	-27
7,21100	-27
7,21167	-27
7,21233	-27
7,21300	-27
7,21367	-26
7,21433	-26
7,21500	-26
7,21567	-26
7,21633	-26
7,21700	-26
7,21767	-26
7,21833	-26
7,21900	-25
7,21967	-25
7,22033	-25
7,22100	-25
7,22167	-25
7,22233	-25
7,22300	-25
7,22367	-25
7,22433	-24
7,22500	-24
7,22567	-24
7,22633	-24
7,22700	-23
7,22767	-23
7,22833	-23
7,22900	-23
7,22967	-23
7,23033	-23
7,23100	-23
7,23167	-23
7,23233	-23
7,23300	-23
7,23367	-23
7,23433	-23
7,23500	-24
7,23567	-24
7,23633	-24
7,23700	-24
7,23767	-24
7,23833	-23
7,23900	-23
7,23967	-23
7,24033	-23
7,24100	-23
7,24167	-23
7,24233	-23
7,24300	-23
7,24367	-23
7,24433	-23
7,24500	-23
7,24567	-23
7,24633	-23
7,24700	-23
7,24767	-23
7,24833	-22
7,24900	-22
7,24967	-22
7,25033	-22
7,25100	-22
7,25167	-22
7,25233	-22
7,25300	-22
7,25367	-22
7,25433	-22
7,25500	-22
7,25567	-23
7,25633	-23
7,25700	-23
7,25767	-23
7,25833	-23
7,25900	-23
7,25967	-24
7,26033	-24
7,26100	-24
7,26167	-25
7,26233	-25
7,26300	-25
7,26367	-25
7,26433	-25
7,26500	-25
7,26567	-25
7,26633	-25
7,26700	-25
7,26767	-25
7,26833	-26
7,26900	-26
7,26967	-26
7,27033	-26
7,27100	-26
7,27167	-26
7,27233	-26
7,27300	-26
7,27367	-26
7,27433	-26
7,27500	-26
7,27567	-26
7,27633	-26
7,27700	-26
7,27767	-26
7,27833	-25
7,27900	-25
7,27967	-25
7,28033	-25
7,28100	-24
7,28167	-24
7,28233	-24
7,28300	-25
7,28367	-25
7,28433	-25
7,28500	-25
7,28567	-25
7,28633	-25
7,28700	-26
7,28767	-26
7,28833	-26
7,28900	-26
7,28967	-26
7,29033	-26
7,29100	-25
7,29167	-25
7,29233	-25
7,29300	-25
7,29367	-25
7,29433	-25
7,29500	-24
7,29567	-24
7,29633	-24
7,29700	-24
7,29767	-24
7,29833	-24
7,29900	-23
7,29967	-23
7,30033	-23
7,30100	-22
7,30167	-22
7,30233	-22
7,30300	-22
7,30367	-22
7,30433	-22
7,30500	-22
7,30567	-22
7,30633	-22
7,30700	-22
7,30767	-22
7,30833	-22
7,30900	-22
7,30967	-22
7,31033	-22
7,31100	-22
7,31167	-23
7,31233	-23
7,31300	-23
7,31367	-23
7,31433	-23
7,31500	-23
7,31567	-23
7,31633	-23
7,31700	-23
7,31767	-23
7,31833	-22
7,31900	-22
7,31967	-22
7,32033	-22
7,32100	-22
7,32167	-21
7,32233	-21
7,32300	-21
7,32367	-21
7,32433	-21
7,32500	-21
7,32567	-21
7,32633	-21
7,32700	-21
7,32767	-20
7,32833	-20
7,32900	-20
7,32967	-20
7,33033	-19
7,33100	-19
7,33167	-19
7,33233	-18
7,33300	-18
7,33367	-17
7,33433	-17
7,33500	-17
7,33567	-17
7,33633	-16
7,33700	-16
7,33767	-16
7,33833	-16
7,33900	-16
7,33967	-16
7,34033	-16
7,34100	-16
7,34167	-16
7,34233	-16
7,34300	-15
7,34367	-15
7,34433	-16
7,34500	-16
7,34567	-16
7,34633	-16
7,34700	-16
7,34767	-16
7,34833	-16
7,34900	-17
7,34967	-17
7,35033	-17
7,35100	-18
7,35167	-18
7,35233	-18
7,35300	-18
7,35367	-18
7,35433	-18
7,35500	-18
7,35567	-18
7,35633	-18
7,35700	-18
7,35767	-18
7,35833	-18
7,35900	-19
7,35967	-19
7,36033	-20
7,36100	-20
7,36167	-21
7,36233	-21
7,36300	-21
7,36367	-21
7,36433	-21
7,36500	-21
7,36567	-21
7,36633	-21
7,36700	-21
7,36767	-21
7,36833	-22
7,36900	-22
7,36967	-22
7,37033	-22
7,37100	-21
7,37167	-21
7,37233	-21
7,37300	-21
7,37367	-21
7,37433	-21
7,37500	-21
7,37567	-21
7,37633	-22
7,37700	-22
7,37767	-22
7,37833	-22
7,37900	-22
7,37967	-23
7,38033	-23
7,38100	-23
7,38167	-23
7,38233	-23
7,38300	-23
7,38367	-23
7,38433	-23
7,38500	-23
7,38567	-23
7,38633	-23
7,38700	-22
7,38767	-22
7,38833	-22
7,38900	-22
7,38967	-22
7,39033	-22
7,39100	-22
7,39167	-22
7,39233	-21
7,39300	-21
7,39367	-21
7,39433	-21
7,39500	-21
7,39567	-21
7,39633	-21
7,39700	-21
7,39767	-21
7,39833	-22
7,39900	-22
7,39967	-22
7,40033	-22
7,40100	-22
7,40167	-23
7,40233	-23
7,40300	-23
7,40367	-23
7,40433	-23
7,40500	-23
7,40567	-23
7,40633	-23
7,40700	-23
7,40767	-23
7,40833	-23
7,40900	-23
7,40967	-23
7,41033	-24
7,41100	-24
7,41167	-24
7,41233	-24
7,41300	-25
7,41367	-25
7,41433	-25
7,41500	-25
7,41567	-25
7,41633	-25
7,41700	-25
7,41767	-25
7,41833	-25
7,41900	-25
7,41967	-25
7,42033	-24
7,42100	-24
7,42167	-24
7,42233	-24
7,42300	-24
7,42367	-24
7,42433	-24
7,42500	-24
7,42567	-23
7,42633	-23
7,42700	-23
7,42767	-23
7,42833	-23
7,42900	-22
7,42967	-22
7,43033	-22
7,43100	-22
7,43167	-22
7,43233	-22
7,43300	-22
7,43367	-22
7,43433	-22
7,43500	-22
7,43567	-22
7,43633	-22
7,43700	-22
7,43767	-22
7,43833	-21
7,43900	-21
7,43967	-21
7,44033	-21
7,44100	-21
7,44167	-21
7,44233	-21
7,44300	-21
7,44367	-21
7,44433	-22
7,44500	-22
7,44567	-22
7,44633	-22
7,44700	-22
7,44767	-22
7,44833	-22
7,44900	-22
7,44967	-21
7,45033	-21
7,45100	-21
7,45167	-21
7,45233	-21
7,45300	-22
7,45367	-22
7,45433	-22
7,45500	-22
7,45567	-22
7,45633	-22
7,45700	-22
7,45767	-22
7,45833	-22
7,45900	-22
7,45967	-22
7,46033	-21
7,46100	-21
7,46167	-21
7,46233	-21
7,46300	-21
7,46367	-21
7,46433	-21
7,46500	-21
7,46567	-20
7,46633	-20
7,46700	-20
7,46767	-20
7,46833	-20
7,46900	-20
7,46967	-20
7,47033	-20
7,47100	-20
7,47167	-20
7,47233	-21
7,47300	-21
7,47367	-21
7,47433	-21
7,47500	-21
7,47567	-22
7,47633	-22
7,47700	-22
7,47767	-22
7,47833	-22
7,47900	-22
7,47967	-22
7,48033	-22
7,48100	-22
7,48167	-23
7,48233	-23
7,48300	-23
7,48367	-23
7,48433	-23
7,48500	-23
7,48567	-23
7,48633	-23
7,48700	-23
7,48767	-23
7,48833	-23
7,48900	-24
7,48967	-24
7,49033	-24
7,49100	-24
7,49167	-24
7,49233	-24
7,49300	-23
7,49367	-23
7,49433	-23
7,49500	-23
7,49567	-23
7,49633	-24
7,49700	-24
7,49767	-24
7,49833	-24
7,49900	-24
7,49967	-24
7,50033	-24
7,50100	-24
7,50167	-24
7,50233	-24
7,50300	-24
7,50367	-24
7,50433	-24
7,50500	-24
7,50567	-24
7,50633	-25
7,50700	-25
7,50767	-25
7,50833	-25
7,50900	-25
7,50967	-25
7,51033	-25
7,51100	-26
7,51167	-26
7,51233	-25
7,51300	-25
7,51367	-25
7,51433	-25
7,51500	-25
7,51567	-25
7,51633	-25
7,51700	-25
7,51767	-25
7,51833	-25
7,51900	-25
7,51967	-26
7,52033	-26
7,52100	-26
7,52167	-27
7,52233	-27
7,52300	-27
7,52367	-27
7,52433	-26
7,52500	-26
7,52567	-26
7,52633	-26
7,52700	-26
7,52767	-26
7,52833	-26
7,52900	-25
7,52967	-25
7,53033	-25
7,53100	-25
7,53167	-25
7,53233	-25
7,53300	-25
7,53367	-25
7,53433	-25
7,53500	-25
7,53567	-25
7,53633	-25
7,53700	-25
7,53767	-24
7,53833	-24
7,53900	-24
7,53967	-23
7,54033	-23
7,54100	-22
7,54167	-22
7,54233	-22
7,54300	-21
7,54367	-21
7,54433	-20
7,54500	-20
7,54567	-19
7,54633	-19
7,54700	-18
7,54767	-18
7,54833	-18
7,54900	-17
7,54967	-17
7,55033	-17
7,55100	-17
7,55167	-17
7,55233	-17
7,55300	-17
7,55367	-17
7,55433	-17
7,55500	-18
7,55567	-18
7,55633	-18
7,55700	-18
7,55767	-18
7,55833	-18
7,55900	-18
7,55967	-18
7,56033	-18
7,56100	-19
7,56167	-19
7,56233	-19
7,56300	-19
7,56367	-19
7,56433	-19
7,56500	-19
7,56567	-19
7,56633	-20
7,56700	-20
7,56767	-20
7,56833	-20
7,56900	-20
7,56967	-20
7,57033	-20
7,57100	-21
7,57167	-21
7,57233	-21
7,57300	-21
7,57367	-22
7,57433	-22
7,57500	-22
7,57567	-22
7,57633	-22
7,57700	-22
7,57767	-22
7,57833	-22
7,57900	-22
7,57967	-22
7,58033	-22
7,58100	-22
7,58167	-22
7,58233	-22
7,58300	-22
7,58367	-22
7,58433	-22
7,58500	-22
7,58567	-22
7,58633	-22
7,58700	-22
7,58767	-22
7,58833	-22
7,58900	-22
7,58967	-22
7,59033	-23
7,59100	-23
7,59167	-23
7,59233	-24
7,59300	-24
7,59367	-24
7,59433	-24
7,59500	-24
7,59567	-24
7,59633	-24
7,59700	-24
7,59767	-24
7,59833	-24
7,59900	-23
7,59967	-23
7,60033	-23
7,60100	-22
7,60167	-22
7,60233	-22
7,60300	-22
7,60367	-21
7,60433	-21
7,60500	-21
7,60567	-21
7,60633	-21
7,60700	-21
7,60767	-21
7,60833	-21
7,60900	-21
7,60967	-21
7,61033	-20
7,61100	-20
7,61167	-20
7,61233	-20
7,61300	-19
7,61367	-19
7,61433	-19
7,61500	-19
7,61567	-20
7,61633	-20
7,61700	-20
7,61767	-20
7,61833	-20
7,61900	-20
7,61967	-19
7,62033	-20
7,62100	-20
7,62167	-20
7,62233	-20
7,62300	-20
7,62367	-20
7,62433	-20
7,62500	-20
7,62567	-20
7,62633	-20
7,62700	-20
7,62767	-20
7,62833	-20
7,62900	-20
7,62967	-20
7,63033	-20
7,63100	-20
7,63167	-20
7,63233	-20
7,63300	-20
7,63367	-20
7,63433	-20
7,63500	-20
7,63567	-20
7,63633	-20
7,63700	-20
7,63767	-20
7,63833	-20
7,63900	-20
7,63967	-20
7,64033	-20
7,64100	-20
7,64167	-20
7,64233	-20
7,64300	-20
7,64367	-20
7,64433	-21
7,64500	-21
7,64567	-21
7,64633	-21
7,64700	-22
7,64767	-22
7,64833	-22
7,64900	-22
7,64967	-22
7,65033	-22
7,65100	-22
7,65167	-22
7,65233	-22
7,65300	-22
7,65367	-22
7,65433	-22
7,65500	-22
7,65567	-22
7,65633	-22
7,65700	-22
7,65767	-22
7,65833	-22
7,65900	-22
7,65967	-21
7,66033	-21
7,66100	-20
7,66167	-20
7,66233	-20
7,66300	-19
7,66367	-19
7,66433	-19
7,66500	-18
7,66567	-18
7,66633	-18
7,66700	-18
7,66767	-18
7,66833	-17
7,66900	-17
7,66967	-17
7,67033	-17
7,67100	-17
7,67167	-17
7,67233	-17
7,67300	-17
7,67367	-17
7,67433	-18
7,67500	-18
7,67567	-18
7,67633	-19
7,67700	-19
7,67767	-19
7,67833	-20
7,67900	-20
7,67967	-20
7,68033	-20
7,68100	-21
7,68167	-21
7,68233	-21
7,68300	-21
7,68367	-22
7,68433	-22
7,68500	-22
7,68567	-22
7,68633	-21
7,68700	-21
7,68767	-21
7,68833	-21
7,68900	-21
7,68967	-21
7,69033	-21
7,69100	-21
7,69167	-22
7,69233	-22
7,69300	-22
7,69367	-22
7,69433	-22
7,69500	-22
7,69567	-22
7,69633	-22
7,69700	-22
7,69767	-22
7,69833	-22
7,69900	-22
7,69967	-22
7,70033	-22
7,70100	-22
7,70167	-22
7,70233	-21
7,70300	-21
7,70367	-21
7,70433	-21
7,70500	-21
7,70567	-21
7,70633	-21
7,70700	-20
7,70767	-20
7,70833	-20
7,70900	-20
7,70967	-20
7,71033	-20
7,71100	-20
7,71167	-20
7,71233	-20
7,71300	-20
7,71367	-20
7,71433	-21
7,71500	-21
7,71567	-21
7,71633	-21
7,71700	-21
7,71767	-21
7,71833	-21
7,71900	-21
7,71967	-21
7,72033	-21
7,72100	-21
7,72167	-22
7,72233	-22
7,72300	-22
7,72367	-22
7,72433	-22
7,72500	-22
7,72567	-22
7,72633	-21
7,72700	-21
7,72767	-21
7,72833	-21
7,72900	-21
7,72967	-21
7,73033	-21
7,73100	-21
7,73167	-21
7,73233	-21
7,73300	-21
7,73367	-21
7,73433	-21
7,73500	-21
7,73567	-21
7,73633	-21
7,73700	-21
7,73767	-21
7,73833	-21
7,73900	-21
7,73967	-21
7,74033	-21
7,74100	-21
7,74167	-21
7,74233	-21
7,74300	-21
7,74367	-21
7,74433	-21
7,74500	-21
7,74567	-21
7,74633	-21
7,74700	-22
7,74767	-22
7,74833	-22
7,74900	-22
7,74967	-22
7,75033	-22
7,75100	-22
7,75167	-21
7,75233	-21
7,75300	-21
7,75367	-21
7,75433	-21
7,75500	-21
7,75567	-20
7,75633	-20
7,75700	-20
7,75767	-19
7,75833	-19
7,75900	-19
7,75967	-19
7,76033	-19
7,76100	-18
7,76167	-18
7,76233	-18
7,76300	-18
7,76367	-18
7,76433	-18
7,76500	-18
7,76567	-19
7,76633	-19
7,76700	-19
7,76767	-19
7,76833	-19
7,76900	-19
7,76967	-18
7,77033	-18
7,77100	-18
7,77167	-18
7,77233	-17
7,77300	-17
7,77367	-17
7,77433	-17
7,77500	-18
7,77567	-18
7,77633	-18
7,77700	-18
7,77767	-18
7,77833	-18
7,77900	-18
7,77967	-18
7,78033	-18
7,78100	-18
7,78167	-18
7,78233	-18
7,78300	-18
7,78367	-18
7,78433	-18
7,78500	-18
7,78567	-18
7,78633	-19
7,78700	-19
7,78767	-19
7,78833	-19
7,78900	-19
7,78967	-19
7,79033	-19
7,79100	-19
7,79167	-19
7,79233	-19
7,79300	-19
7,79367	-19
7,79433	-20
7,79500	-20
7,79567	-20
7,79633	-20
7,79700	-20
7,79767	-20
7,79833	-20
7,79900	-20
7,79967	-20
7,80033	-20
7,80100	-20
7,80167	-21
7,80233	-21
7,80300	-21
7,80367	-21
7,80433	-21
7,80500	-21
7,80567	-21
7,80633	-21
7,80700	-21
7,80767	-21
7,80833	-21
7,80900	-21
7,80967	-21
7,81033	-21
7,81100	-21
7,81167	-21
7,81233	-21
7,81300	-20
7,81367	-20
7,81433	-20
7,81500	-20
7,81567	-21
7,81633	-21
7,81700	-21
7,81767	-21
7,81833	-21
7,81900	-21
7,81967	-21
7,82033	-21
7,82100	-21
7,82167	-21
7,82233	-21
7,82300	-21
7,82367	-21
7,82433	-21
7,82500	-21
7,82567	-21
7,82633	-21
7,82700	-21
7,82767	-21
7,82833	-21
7,82900	-21
7,82967	-21
7,83033	-21
7,83100	-21
7,83167	-21
7,83233	-21
7,83300	-21
7,83367	-21
7,83433	-21
7,83500	-21
7,83567	-21
7,83633	-21
7,83700	-21
7,83767	-21
7,83833	-21
7,83900	-21
7,83967	-21
7,84033	-21
7,84100	-21
7,84167	-21
7,84233	-21
7,84300	-21
7,84367	-20
7,84433	-20
7,84500	-20
7,84567	-20
7,84633	-20
7,84700	-20
7,84767	-20
7,84833	-20
7,84900	-20
7,84967	-20
7,85033	-20
7,85100	-20
7,85167	-20
7,85233	-20
7,85300	-20
7,85367	-20
7,85433	-20
7,85500	-20
7,85567	-20
7,85633	-20
7,85700	-20
7,85767	-20
7,85833	-20
7,85900	-20
7,85967	-20
7,86033	-19
7,86100	-19
7,86167	-19
7,86233	-19
7,86300	-19
7,86367	-19
7,86433	-19
7,86500	-19
7,86567	-19
7,86633	-19
7,86700	-19
7,86767	-19
7,86833	-19
7,86900	-19
7,86967	-19
7,87033	-19
7,87100	-20
7,87167	-20
7,87233	-20
7,87300	-21
7,87367	-21
7,87433	-21
7,87500	-21
7,87567	-21
7,87633	-22
7,87700	-22
7,87767	-22
7,87833	-22
7,87900	-22
7,87967	-22
7,88033	-22
7,88100	-22
7,88167	-22
7,88233	-23
7,88300	-23
7,88367	-23
7,88433	-23
7,88500	-23
7,88567	-23
7,88633	-23
7,88700	-23
7,88767	-23
7,88833	-23
7,88900	-22
7,88967	-22
7,89033	-22
7,89100	-22
7,89167	-22
7,89233	-22
7,89300	-22
7,89367	-22
7,89433	-22
7,89500	-22
7,89567	-22
7,89633	-22
7,89700	-21
7,89767	-21
7,89833	-21
7,89900	-21
7,89967	-22
7,90033	-22
7,90100	-22
7,90167	-23
7,90233	-23
7,90300	-23
7,90367	-24
7,90433	-24
7,90500	-24
7,90567	-24
7,90633	-24
7,90700	-25
7,90767	-25
7,90833	-25
7,90900	-25
7,90967	-25
7,91033	-25
7,91100	-25
7,91167	-24
7,91233	-24
7,91300	-25
7,91367	-25
7,91433	-25
7,91500	-25
7,91567	-25
7,91633	-25
7,91700	-25
7,91767	-25
7,91833	-25
7,91900	-24
7,91967	-24
7,92033	-24
7,92100	-24
7,92167	-24
7,92233	-24
7,92300	-24
7,92367	-24
7,92433	-24
7,92500	-24
7,92567	-24
7,92633	-24
7,92700	-24
7,92767	-23
7,92833	-23
7,92900	-22
7,92967	-22
7,93033	-22
7,93100	-22
7,93167	-21
7,93233	-21
7,93300	-21
7,93367	-21
7,93433	-21
7,93500	-22
7,93567	-22
7,93633	-22
7,93700	-22
7,93767	-22
7,93833	-23
7,93900	-23
7,93967	-23
7,94033	-23
7,94100	-23
7,94167	-23
7,94233	-23
7,94300	-24
7,94367	-24
7,94433	-24
7,94500	-24
7,94567	-25
7,94633	-25
7,94700	-25
7,94767	-25
7,94833	-25
7,94900	-25
7,94967	-25
7,95033	-25
7,95100	-24
7,95167	-24
7,95233	-24
7,95300	-24
7,95367	-24
7,95433	-24
7,95500	-24
7,95567	-24
7,95633	-24
7,95700	-24
7,95767	-24
7,95833	-24
7,95900	-24
7,95967	-25
7,96033	-25
7,96100	-25
7,96167	-24
7,96233	-24
7,96300	-24
7,96367	-24
7,96433	-24
7,96500	-23
7,96567	-23
7,96633	-23
7,96700	-23
7,96767	-22
7,96833	-22
7,96900	-22
7,96967	-22
7,97033	-21
7,97100	-21
7,97167	-21
7,97233	-21
7,97300	-21
7,97367	-21
7,97433	-21
7,97500	-21
7,97567	-21
7,97633	-21
7,97700	-21
7,97767	-21
7,97833	-21
7,97900	-21
7,97967	-21
7,98033	-21
7,98100	-22
7,98167	-22
7,98233	-22
7,98300	-22
7,98367	-22
7,98433	-23
7,98500	-23
7,98567	-23
7,98633	-23
7,98700	-23
7,98767	-23
7,98833	-23
7,98900	-23
7,98967	-24
7,99033	-24
7,99100	-24
7,99167	-24
7,99233	-23
7,99300	-23
7,99367	-23
7,99433	-23
7,99500	-23
7,99567	-23
7,99633	-22
7,99700	-22
7,99767	-22
7,99833	-22
7,99900	-22
7,99967	-22
8,00033	-22
8,00100	-22
8,00167	-22
8,00233	-21
8,00300	-21
8,00367	-21
8,00433	-21
8,00500	-21
8,00567	-22
8,00633	-22
8,00700	-22
8,00767	-22
8,00833	-22
8,00900	-23
8,00967	-23
8,01033	-23
8,01100	-23
8,01167	-23
8,01233	-23
8,01300	-23
8,01367	-23
8,01433	-23
8,01500	-23
8,01567	-23
8,01633	-23
8,01700	-23
8,01767	-22
8,01833	-22
8,01900	-22
8,01967	-22
8,02033	-22
8,02100	-22
8,02167	-22
8,02233	-22
8,02300	-21
8,02367	-21
8,02433	-21
8,02500	-21
8,02567	-21
8,02633	-21
8,02700	-21
8,02767	-20
8,02833	-20
8,02900	-20
8,02967	-20
8,03033	-20
8,03100	-20
8,03167	-20
8,03233	-20
8,03300	-19
8,03367	-19
8,03433	-19
8,03500	-20
8,03567	-20
8,03633	-20
8,03700	-20
8,03767	-20
8,03833	-20
8,03900	-20
8,03967	-20
8,04033	-19
8,04100	-19
8,04167	-19
8,04233	-19
8,04300	-19
8,04367	-19
8,04433	-19
8,04500	-19
8,04567	-19
8,04633	-19
8,04700	-19
8,04767	-19
8,04833	-19
8,04900	-19
8,04967	-19
8,05033	-19
8,05100	-19
8,05167	-20
8,05233	-20
8,05300	-20
8,05367	-20
8,05433	-20
8,05500	-20
8,05567	-21
8,05633	-21
8,05700	-21
8,05767	-21
8,05833	-21
8,05900	-21
8,05967	-21
8,06033	-21
8,06100	-21
8,06167	-21
8,06233	-21
8,06300	-21
8,06367	-21
8,06433	-21
8,06500	-20
8,06567	-20
8,06633	-20
8,06700	-19
8,06767	-19
8,06833	-19
8,06900	-18
8,06967	-18
8,07033	-18
8,07100	-18
8,07167	-18
8,07233	-18
8,07300	-18
8,07367	-18
8,07433	-18
8,07500	-18
8,07567	-18
8,07633	-18
8,07700	-19
8,07767	-19
8,07833	-19
8,07900	-19
8,07967	-19
8,08033	-20
8,08100	-20
8,08167	-20
8,08233	-20
8,08300	-20
8,08367	-21
8,08433	-21
8,08500	-21
8,08567	-21
8,08633	-21
8,08700	-21
8,08767	-21
8,08833	-21
8,08900	-21
8,08967	-21
8,09033	-21
8,09100	-21
8,09167	-21
8,09233	-21
8,09300	-21
8,09367	-21
8,09433	-21
8,09500	-21
8,09567	-21
8,09633	-21
8,09700	-22
8,09767	-22
8,09833	-22
8,09900	-22
8,09967	-22
8,10033	-22
8,10100	-22
8,10167	-22
8,10233	-21
8,10300	-21
8,10367	-21
8,10433	-21
8,10500	-21
8,10567	-21
8,10633	-21
8,10700	-21
8,10767	-21
8,10833	-21
8,10900	-21
8,10967	-21
8,11033	-21
8,11100	-21
8,11167	-21
8,11233	-21
8,11300	-21
8,11367	-21
8,11433	-21
8,11500	-21
8,11567	-21
8,11633	-21
8,11700	-21
8,11767	-21
8,11833	-21
8,11900	-21
8,11967	-21
8,12033	-20
8,12100	-20
8,12167	-20
8,12233	-19
8,12300	-19
8,12367	-19
8,12433	-19
8,12500	-20
8,12567	-20
8,12633	-20
8,12700	-20
8,12767	-20
8,12833	-21
8,12900	-21
8,12967	-21
8,13033	-21
8,13100	-21
8,13167	-21
8,13233	-21
8,13300	-20
8,13367	-20
8,13433	-20
8,13500	-19
8,13567	-19
8,13633	-19
8,13700	-19
8,13767	-19
8,13833	-19
8,13900	-19
8,13967	-19
8,14033	-19
8,14100	-19
8,14167	-18
8,14233	-19
8,14300	-19
8,14367	-19
8,14433	-19
8,14500	-19
8,14567	-19
8,14633	-19
8,14700	-19
8,14767	-19
8,14833	-18
8,14900	-18
8,14967	-18
8,15033	-18
8,15100	-17
8,15167	-17
8,15233	-17
8,15300	-17
8,15367	-17
8,15433	-17
8,15500	-17
8,15567	-17
8,15633	-17
8,15700	-17
8,15767	-17
8,15833	-18
8,15900	-18
8,15967	-18
8,16033	-18
8,16100	-19
8,16167	-19
8,16233	-19
8,16300	-19
8,16367	-19
8,16433	-20
8,16500	-20
8,16567	-20
8,16633	-20
8,16700	-21
8,16767	-21
8,16833	-21
8,16900	-21
8,16967	-21
8,17033	-21
8,17100	-21
8,17167	-21
8,17233	-21
8,17300	-21
8,17367	-21
8,17433	-20
8,17500	-20
8,17567	-20
8,17633	-19
8,17700	-19
8,17767	-19
8,17833	-19
8,17900	-19
8,17967	-19
8,18033	-19
8,18100	-19
8,18167	-19
8,18233	-19
8,18300	-18
8,18367	-18
8,18433	-18
8,18500	-18
8,18567	-18
8,18633	-17
8,18700	-17
8,18767	-17
8,18833	-17
8,18900	-17
8,18967	-17
8,19033	-17
8,19100	-17
8,19167	-16
8,19233	-16
8,19300	-16
8,19367	-16
8,19433	-16
8,19500	-16
8,19567	-16
8,19633	-17
8,19700	-17
8,19767	-17
8,19833	-17
8,19900	-17
8,19967	-18
8,20033	-18
8,20100	-18
8,20167	-18
8,20233	-19
8,20300	-19
8,20367	-19
8,20433	-20
8,20500	-20
8,20567	-20
8,20633	-20
8,20700	-20
8,20767	-21
8,20833	-21
8,20900	-21
8,20967	-21
8,21033	-21
8,21100	-22
8,21167	-22
8,21233	-22
8,21300	-22
8,21367	-22
8,21433	-22
8,21500	-23
8,21567	-23
8,21633	-23
8,21700	-23
8,21767	-23
8,21833	-23
8,21900	-23
8,21967	-23
8,22033	-23
8,22100	-23
8,22167	-23
8,22233	-23
8,22300	-23
8,22367	-23
8,22433	-23
8,22500	-23
8,22567	-23
8,22633	-23
8,22700	-23
8,22767	-23
8,22833	-23
8,22900	-22
8,22967	-22
8,23033	-22
8,23100	-22
8,23167	-22
8,23233	-21
8,23300	-21
8,23367	-21
8,23433	-21
8,23500	-21
8,23567	-20
8,23633	-20
8,23700	-20
8,23767	-19
8,23833	-19
8,23900	-19
8,23967	-19
8,24033	-18
8,24100	-18
8,24167	-18
8,24233	-19
8,24300	-19
8,24367	-19
8,24433	-19
8,24500	-19
8,24567	-19
8,24633	-19
8,24700	-20
8,24767	-20
8,24833	-20
8,24900	-20
8,24967	-19
8,25033	-19
8,25100	-19
8,25167	-19
8,25233	-18
8,25300	-18
8,25367	-18
8,25433	-18
8,25500	-18
8,25567	-19
8,25633	-19
8,25700	-19
8,25767	-19
8,25833	-19
8,25900	-20
8,25967	-20
8,26033	-20
8,26100	-20
8,26167	-20
8,26233	-21
8,26300	-21
8,26367	-21
8,26433	-21
8,26500	-21
8,26567	-21
8,26633	-22
8,26700	-22
8,26767	-22
8,26833	-21
8,26900	-21
8,26967	-22
8,27033	-22
8,27100	-22
8,27167	-22
8,27233	-22
8,27300	-22
8,27367	-22
8,27433	-23
8,27500	-23
8,27567	-23
8,27633	-23
8,27700	-23
8,27767	-23
8,27833	-23
8,27900	-23
8,27967	-23
8,28033	-23
8,28100	-22
8,28167	-22
8,28233	-22
8,28300	-21
8,28367	-21
8,28433	-21
8,28500	-20
8,28567	-20
8,28633	-20
8,28700	-19
8,28767	-19
8,28833	-19
8,28900	-19
8,28967	-19
8,29033	-19
8,29100	-19
8,29167	-19
8,29233	-19
8,29300	-19
8,29367	-19
8,29433	-20
8,29500	-20
8,29567	-20
8,29633	-20
8,29700	-21
8,29767	-21
8,29833	-21
8,29900	-21
8,29967	-21
8,30033	-21
8,30100	-21
8,30167	-21
8,30233	-21
8,30300	-20
8,30367	-20
8,30433	-20
8,30500	-20
8,30567	-20
8,30633	-20
8,30700	-21
8,30767	-21
8,30833	-21
8,30900	-21
8,30967	-21
8,31033	-21
8,31100	-21
8,31167	-20
8,31233	-20
8,31300	-20
8,31367	-20
8,31433	-20
8,31500	-20
8,31567	-20
8,31633	-20
8,31700	-20
8,31767	-20
8,31833	-21
8,31900	-21
8,31967	-21
8,32033	-21
8,32100	-21
8,32167	-22
8,32233	-22
8,32300	-22
8,32367	-22
8,32433	-22
8,32500	-23
8,32567	-23
8,32633	-23
8,32700	-23
8,32767	-23
8,32833	-23
8,32900	-23
8,32967	-22
8,33033	-22
8,33100	-21
8,33167	-21
8,33233	-21
8,33300	-20
8,33367	-20
8,33433	-19
8,33500	-19
8,33567	-18
8,33633	-18
8,33700	-17
8,33767	-17
8,33833	-17
8,33900	-16
8,33967	-16
8,34033	-16
8,34100	-16
8,34167	-16
8,34233	-16
8,34300	-16
8,34367	-16
8,34433	-17
8,34500	-17
8,34567	-17
8,34633	-18
8,34700	-18
8,34767	-18
8,34833	-18
8,34900	-19
8,34967	-19
8,35033	-19
8,35100	-20
8,35167	-20
8,35233	-20
8,35300	-20
8,35367	-21
8,35433	-21
8,35500	-21
8,35567	-21
8,35633	-21
8,35700	-21
8,35767	-21
8,35833	-22
8,35900	-22
8,35967	-22
8,36033	-22
8,36100	-23
8,36167	-23
8,36233	-23
8,36300	-23
8,36367	-23
8,36433	-23
8,36500	-23
8,36567	-23
8,36633	-23
8,36700	-23
8,36767	-22
8,36833	-22
8,36900	-23
8,36967	-23
8,37033	-23
8,37100	-23
8,37167	-23
8,37233	-23
8,37300	-23
8,37367	-23
8,37433	-23
8,37500	-23
8,37567	-23
8,37633	-23
8,37700	-23
8,37767	-24
8,37833	-24
8,37900	-24
8,37967	-24
8,38033	-24
8,38100	-24
8,38167	-24
8,38233	-25
8,38300	-25
8,38367	-25
8,38433	-25
8,38500	-25
8,38567	-25
8,38633	-24
8,38700	-24
8,38767	-24
8,38833	-24
8,38900	-23
8,38967	-23
8,39033	-23
8,39100	-23
8,39167	-23
8,39233	-23
8,39300	-23
8,39367	-24
8,39433	-24
8,39500	-24
8,39567	-24
8,39633	-23
8,39700	-23
8,39767	-23
8,39833	-23
8,39900	-23
8,39967	-22
8,40033	-22
8,40100	-22
8,40167	-22
8,40233	-22
8,40300	-22
8,40367	-22
8,40433	-22
8,40500	-22
8,40567	-22
8,40633	-22
8,40700	-22
8,40767	-22
8,40833	-22
8,40900	-22
8,40967	-22
8,41033	-22
8,41100	-22
8,41167	-23
8,41233	-23
8,41300	-23
8,41367	-23
8,41433	-23
8,41500	-24
8,41567	-24
8,41633	-24
8,41700	-24
8,41767	-24
8,41833	-24
8,41900	-24
8,41967	-24
8,42033	-24
8,42100	-24
8,42167	-24
8,42233	-24
8,42300	-24
8,42367	-24
8,42433	-24
8,42500	-24
8,42567	-24
8,42633	-23
8,42700	-23
8,42767	-23
8,42833	-23
8,42900	-23
8,42967	-23
8,43033	-23
8,43100	-23
8,43167	-23
8,43233	-23
8,43300	-23
8,43367	-23
8,43433	-23
8,43500	-23
8,43567	-23
8,43633	-23
8,43700	-23
8,43767	-23
8,43833	-23
8,43900	-23
8,43967	-22
8,44033	-22
8,44100	-22
8,44167	-22
8,44233	-22
8,44300	-21
8,44367	-21
8,44433	-21
8,44500	-21
8,44567	-21
8,44633	-21
8,44700	-21
8,44767	-21
8,44833	-22
8,44900	-22
8,44967	-22
8,45033	-22
8,45100	-22
8,45167	-22
8,45233	-22
8,45300	-23
8,45367	-23
8,45433	-23
8,45500	-23
8,45567	-23
8,45633	-23
8,45700	-23
8,45767	-23
8,45833	-23
8,45900	-23
8,45967	-23
8,46033	-23
8,46100	-23
8,46167	-24
8,46233	-24
8,46300	-24
8,46367	-24
8,46433	-24
8,46500	-24
8,46567	-24
8,46633	-24
8,46700	-24
8,46767	-24
8,46833	-24
8,46900	-24
8,46967	-24
8,47033	-24
8,47100	-24
8,47167	-24
8,47233	-24
8,47300	-24
8,47367	-24
8,47433	-24
8,47500	-24
8,47567	-25
8,47633	-25
8,47700	-25
8,47767	-25
8,47833	-25
8,47900	-25
8,47967	-26
8,48033	-26
8,48100	-26
8,48167	-26
8,48233	-26
8,48300	-26
8,48367	-26
8,48433	-26
8,48500	-26
8,48567	-26
8,48633	-25
8,48700	-25
8,48767	-25
8,48833	-25
8,48900	-25
8,48967	-25
8,49033	-24
8,49100	-24
8,49167	-24
8,49233	-24
8,49300	-23
8,49367	-23
8,49433	-23
8,49500	-23
8,49567	-23
8,49633	-23
8,49700	-23
8,49767	-23
8,49833	-23
8,49900	-23
8,49967	-23
8,50033	-23
8,50100	-23
8,50167	-23
8,50233	-22
8,50300	-22
8,50367	-22
8,50433	-22
8,50500	-22
8,50567	-22
8,50633	-22
8,50700	-22
8,50767	-22
8,50833	-22
8,50900	-22
8,50967	-22
8,51033	-22
8,51100	-23
8,51167	-23
8,51233	-23
8,51300	-23
8,51367	-23
8,51433	-23
8,51500	-23
8,51567	-23
8,51633	-23
8,51700	-23
8,51767	-23
8,51833	-23
8,51900	-23
8,51967	-23
8,52033	-23
8,52100	-23
8,52167	-23
8,52233	-24
8,52300	-24
8,52367	-24
8,52433	-24
8,52500	-24
8,52567	-24
8,52633	-24
8,52700	-25
8,52767	-25
8,52833	-25
8,52900	-25
8,52967	-24
8,53033	-24
8,53100	-24
8,53167	-24
8,53233	-24
8,53300	-24
8,53367	-24
8,53433	-24
8,53500	-24
8,53567	-24
8,53633	-24
8,53700	-24
8,53767	-23
8,53833	-23
8,53900	-23
8,53967	-23
8,54033	-23
8,54100	-23
8,54167	-23
8,54233	-23
8,54300	-22
8,54367	-22
8,54433	-22
8,54500	-22
8,54567	-22
8,54633	-22
8,54700	-21
8,54767	-21
8,54833	-21
8,54900	-22
8,54967	-22
8,55033	-22
8,55100	-22
8,55167	-22
8,55233	-22
8,55300	-23
8,55367	-23
8,55433	-23
8,55500	-23
8,55567	-23
8,55633	-24
8,55700	-23
8,55767	-23
8,55833	-23
8,55900	-23
8,55967	-23
8,56033	-23
8,56100	-23
8,56167	-23
8,56233	-23
8,56300	-23
8,56367	-23
8,56433	-23
8,56500	-23
8,56567	-23
8,56633	-24
8,56700	-24
8,56767	-24
8,56833	-24
8,56900	-24
8,56967	-24
8,57033	-24
8,57100	-24
8,57167	-24
8,57233	-24
8,57300	-24
8,57367	-24
8,57433	-24
8,57500	-24
8,57567	-25
8,57633	-25
8,57700	-25
8,57767	-25
8,57833	-25
8,57900	-25
8,57967	-25
8,58033	-25
8,58100	-25
8,58167	-25
8,58233	-25
8,58300	-25
8,58367	-25
8,58433	-25
8,58500	-25
8,58567	-25
8,58633	-24
8,58700	-24
8,58767	-24
8,58833	-24
8,58900	-23
8,58967	-23
8,59033	-23
8,59100	-23
8,59167	-23
8,59233	-23
8,59300	-23
8,59367	-22
8,59433	-22
8,59500	-22
8,59567	-22
8,59633	-22
8,59700	-21
8,59767	-21
8,59833	-21
8,59900	-20
8,59967	-20
8,60033	-19
8,60100	-19
8,60167	-19
8,60233	-19
8,60300	-18
8,60367	-18
8,60433	-18
8,60500	-18
8,60567	-18
8,60633	-18
8,60700	-18
8,60767	-17
8,60833	-17
8,60900	-17
8,60967	-17
8,61033	-17
8,61100	-17
8,61167	-17
8,61233	-18
8,61300	-17
8,61367	-17
8,61433	-17
8,61500	-17
8,61567	-17
8,61633	-16
8,61700	-16
8,61767	-16
8,61833	-16
8,61900	-16
8,61967	-16
8,62033	-16
8,62100	-16
8,62167	-16
8,62233	-16
8,62300	-16
8,62367	-16
8,62433	-16
8,62500	-16
8,62567	-16
8,62633	-16
8,62700	-16
8,62767	-16
8,62833	-16
8,62900	-16
8,62967	-16
8,63033	-16
8,63100	-16
8,63167	-16
8,63233	-16
8,63300	-16
8,63367	-16
8,63433	-16
8,63500	-16
8,63567	-15
8,63633	-15
8,63700	-15
8,63767	-15
8,63833	-15
8,63900	-15
8,63967	-15
8,64033	-16
8,64100	-16
8,64167	-16
8,64233	-16
8,64300	-15
8,64367	-15
8,64433	-15
8,64500	-15
8,64567	-15
8,64633	-15
8,64700	-15
8,64767	-15
8,64833	-15
8,64900	-15
8,64967	-15
8,65033	-15
8,65100	-15
8,65167	-15
8,65233	-15
8,65300	-15
8,65367	-15
8,65433	-15
8,65500	-15
8,65567	-15
8,65633	-15
8,65700	-15
8,65767	-15
8,65833	-16
8,65900	-16
8,65967	-16
8,66033	-16
8,66100	-16
8,66167	-16
8,66233	-17
8,66300	-17
8,66367	-18
8,66433	-18
8,66500	-18
8,66567	-18
8,66633	-18
8,66700	-18
8,66767	-18
8,66833	-18
8,66900	-18
8,66967	-18
8,67033	-18
8,67100	-18
8,67167	-18
8,67233	-18
8,67300	-18
8,67367	-18
8,67433	-18
8,67500	-18
8,67567	-18
8,67633	-18
8,67700	-18
8,67767	-18
8,67833	-19
8,67900	-19
8,67967	-19
8,68033	-19
8,68100	-20
8,68167	-20
8,68233	-20
8,68300	-20
8,68367	-20
8,68433	-20
8,68500	-20
8,68567	-20
8,68633	-20
8,68700	-20
8,68767	-20
8,68833	-20
8,68900	-20
8,68967	-20
8,69033	-20
8,69100	-20
8,69167	-20
8,69233	-20
8,69300	-21
8,69367	-21
8,69433	-21
8,69500	-21
8,69567	-21
8,69633	-21
8,69700	-21
8,69767	-21
8,69833	-22
8,69900	-22
8,69967	-22
8,70033	-22
8,70100	-22
8,70167	-22
8,70233	-22
8,70300	-22
8,70367	-22
8,70433	-21
8,70500	-21
8,70567	-21
8,70633	-21
8,70700	-21
8,70767	-21
8,70833	-21
8,70900	-20
8,70967	-20
8,71033	-20
8,71100	-20
8,71167	-20
8,71233	-20
8,71300	-20
8,71367	-19
8,71433	-20
8,71500	-20
8,71567	-20
8,71633	-20
8,71700	-20
8,71767	-20
8,71833	-20
8,71900	-20
8,71967	-20
8,72033	-20
8,72100	-20
8,72167	-20
8,72233	-20
8,72300	-20
8,72367	-20
8,72433	-20
8,72500	-20
8,72567	-20
8,72633	-20
8,72700	-20
8,72767	-20
8,72833	-20
8,72900	-20
8,72967	-20
8,73033	-20
8,73100	-20
8,73167	-20
8,73233	-20
8,73300	-20
8,73367	-20
8,73433	-21
8,73500	-21
8,73567	-21
8,73633	-21
8,73700	-21
8,73767	-21
8,73833	-22
8,73900	-22
8,73967	-22
8,74033	-22
8,74100	-22
8,74167	-22
8,74233	-22
8,74300	-22
8,74367	-22
8,74433	-21
8,74500	-21
8,74567	-21
8,74633	-20
8,74700	-20
8,74767	-20
8,74833	-20
8,74900	-20
8,74967	-19
8,75033	-19
8,75100	-19
8,75167	-19
8,75233	-19
8,75300	-18
8,75367	-18
8,75433	-18
8,75500	-18
8,75567	-18
8,75633	-18
8,75700	-17
8,75767	-17
8,75833	-17
8,75900	-17
8,75967	-17
8,76033	-17
8,76100	-17
8,76167	-16
8,76233	-16
8,76300	-16
8,76367	-16
8,76433	-16
8,76500	-16
8,76567	-16
8,76633	-17
8,76700	-17
8,76767	-17
8,76833	-17
8,76900	-17
8,76967	-17
8,77033	-18
8,77100	-18
8,77167	-18
8,77233	-18
8,77300	-18
8,77367	-18
8,77433	-19
8,77500	-19
8,77567	-19
8,77633	-19
8,77700	-20
8,77767	-20
8,77833	-20
8,77900	-20
8,77967	-19
8,78033	-19
8,78100	-19
8,78167	-19
8,78233	-19
8,78300	-18
8,78367	-18
8,78433	-18
8,78500	-18
8,78567	-18
8,78633	-18
8,78700	-18
8,78767	-18
8,78833	-18
8,78900	-18
8,78967	-19
8,79033	-19
8,79100	-19
8,79167	-19
8,79233	-19
8,79300	-19
8,79367	-19
8,79433	-19
8,79500	-19
8,79567	-19
8,79633	-18
8,79700	-18
8,79767	-18
8,79833	-18
8,79900	-18
8,79967	-18
8,80033	-18
8,80100	-18
8,80167	-18
8,80233	-18
8,80300	-18
8,80367	-18
8,80433	-18
8,80500	-18
8,80567	-18
8,80633	-18
8,80700	-18
8,80767	-18
8,80833	-18
8,80900	-18
8,80967	-18
8,81033	-18
8,81100	-18
8,81167	-18
8,81233	-18
8,81300	-18
8,81367	-18
8,81433	-17
8,81500	-17
8,81567	-17
8,81633	-17
8,81700	-16
8,81767	-16
8,81833	-16
8,81900	-16
8,81967	-16
8,82033	-16
8,82100	-16
8,82167	-16
8,82233	-16
8,82300	-17
8,82367	-17
8,82433	-17
8,82500	-17
8,82567	-16
8,82633	-16
8,82700	-16
8,82767	-16
8,82833	-16
8,82900	-15
8,82967	-15
8,83033	-15
8,83100	-15
8,83167	-16
8,83233	-16
8,83300	-16
8,83367	-16
8,83433	-17
8,83500	-17
8,83567	-17
8,83633	-17
8,83700	-17
8,83767	-17
8,83833	-18
8,83900	-18
8,83967	-18
8,84033	-19
8,84100	-19
8,84167	-19
8,84233	-19
8,84300	-20
8,84367	-20
8,84433	-20
8,84500	-20
8,84567	-19
8,84633	-19
8,84700	-19
8,84767	-19
8,84833	-19
8,84900	-19
8,84967	-19
8,85033	-19
8,85100	-19
8,85167	-19
8,85233	-19
8,85300	-19
8,85367	-19
8,85433	-19
8,85500	-19
8,85567	-19
8,85633	-19
8,85700	-18
8,85767	-18
8,85833	-18
8,85900	-18
8,85967	-18
8,86033	-18
8,86100	-18
8,86167	-18
8,86233	-18
8,86300	-18
8,86367	-19
8,86433	-19
8,86500	-19
8,86567	-19
8,86633	-19
8,86700	-19
8,86767	-19
8,86833	-19
8,86900	-19
8,86967	-18
8,87033	-18
8,87100	-18
8,87167	-18
8,87233	-18
8,87300	-18
8,87367	-17
8,87433	-17
8,87500	-17
8,87567	-17
8,87633	-17
8,87700	-16
8,87767	-16
8,87833	-15
8,87900	-15
8,87967	-15
8,88033	-15
8,88100	-14
8,88167	-14
8,88233	-14
8,88300	-14
8,88367	-14
8,88433	-14
8,88500	-14
8,88567	-14
8,88633	-14
8,88700	-14
8,88767	-13
8,88833	-13
8,88900	-13
8,88967	-13
8,89033	-13
8,89100	-13
8,89167	-12
8,89233	-12
8,89300	-13
8,89367	-13
8,89433	-13
8,89500	-13
8,89567	-13
8,89633	-13
8,89700	-13
8,89767	-13
8,89833	-13
8,89900	-13
8,89967	-14
8,90033	-14
8,90100	-14
8,90167	-14
8,90233	-14
8,90300	-14
8,90367	-14
8,90433	-14
8,90500	-14
8,90567	-15
8,90633	-15
8,90700	-15
8,90767	-15
8,90833	-16
8,90900	-16
8,90967	-16
8,91033	-16
8,91100	-16
8,91167	-16
8,91233	-16
8,91300	-16
8,91367	-16
8,91433	-16
8,91500	-15
8,91567	-15
8,91633	-15
8,91700	-15
8,91767	-15
8,91833	-15
8,91900	-15
8,91967	-15
8,92033	-15
8,92100	-15
8,92167	-16
8,92233	-16
8,92300	-16
8,92367	-16
8,92433	-16
8,92500	-16
8,92567	-16
8,92633	-17
8,92700	-17
8,92767	-17
8,92833	-17
8,92900	-18
8,92967	-18
8,93033	-18
8,93100	-18
8,93167	-19
8,93233	-19
8,93300	-19
8,93367	-19
8,93433	-20
8,93500	-20
8,93567	-20
8,93633	-20
8,93700	-20
8,93767	-20
8,93833	-20
8,93900	-20
8,93967	-19
8,94033	-19
8,94100	-19
8,94167	-19
8,94233	-18
8,94300	-18
8,94367	-18
8,94433	-17
8,94500	-17
8,94567	-17
8,94633	-17
8,94700	-17
8,94767	-17
8,94833	-18
8,94900	-18
8,94967	-18
8,95033	-18
8,95100	-18
8,95167	-18
8,95233	-18
8,95300	-18
8,95367	-18
8,95433	-18
8,95500	-18
8,95567	-18
8,95633	-19
8,95700	-19
8,95767	-19
8,95833	-19
8,95900	-19
8,95967	-20
8,96033	-20
8,96100	-20
8,96167	-20
8,96233	-20
8,96300	-20
8,96367	-20
8,96433	-20
8,96500	-20
8,96567	-20
8,96633	-20
8,96700	-20
8,96767	-20
8,96833	-21
8,96900	-21
8,96967	-21
8,97033	-21
8,97100	-22
8,97167	-22
8,97233	-22
8,97300	-22
8,97367	-22
8,97433	-22
8,97500	-22
8,97567	-22
8,97633	-22
8,97700	-21
8,97767	-21
8,97833	-21
8,97900	-21
8,97967	-21
8,98033	-20
8,98100	-20
8,98167	-20
8,98233	-20
8,98300	-20
8,98367	-20
8,98433	-20
8,98500	-20
8,98567	-20
8,98633	-20
8,98700	-20
8,98767	-20
8,98833	-20
8,98900	-20
8,98967	-20
8,99033	-21
8,99100	-21
8,99167	-21
8,99233	-21
8,99300	-21
8,99367	-21
8,99433	-21
8,99500	-21
8,99567	-20
8,99633	-20
8,99700	-19
8,99767	-19
8,99833	-18
8,99900	-18
8,99967	-18
9,00033	-18
9,00100	-17
9,00167	-17
9,00233	-17
9,00300	-17
9,00367	-17
9,00433	-18
9,00500	-18
9,00567	-18
9,00633	-18
9,00700	-18
9,00767	-18
9,00833	-18
9,00900	-18
9,00967	-18
9,01033	-18
9,01100	-18
9,01167	-18
9,01233	-18
9,01300	-18
9,01367	-17
9,01433	-17
9,01500	-17
9,01567	-17
9,01633	-17
9,01700	-16
9,01767	-16
9,01833	-16
9,01900	-16
9,01967	-15
9,02033	-15
9,02100	-15
9,02167	-15
9,02233	-15
9,02300	-14
9,02367	-14
9,02433	-14
9,02500	-14
9,02567	-14
9,02633	-14
9,02700	-14
9,02767	-14
9,02833	-14
9,02900	-14
9,02967	-13
9,03033	-13
9,03100	-13
9,03167	-13
9,03233	-13
9,03300	-13
9,03367	-13
9,03433	-13
9,03500	-12
9,03567	-12
9,03633	-12
9,03700	-12
9,03767	-12
9,03833	-12
9,03900	-13
9,03967	-13
9,04033	-13
9,04100	-13
9,04167	-13
9,04233	-13
9,04300	-13
9,04367	-14
9,04433	-14
9,04500	-14
9,04567	-14
9,04633	-14
9,04700	-14
9,04767	-14
9,04833	-14
9,04900	-14
9,04967	-14
9,05033	-15
9,05100	-15
9,05167	-15
9,05233	-15
9,05300	-15
9,05367	-15
9,05433	-15
9,05500	-15
9,05567	-15
9,05633	-15
9,05700	-15
9,05767	-15
9,05833	-15
9,05900	-15
9,05967	-14
9,06033	-14
9,06100	-14
9,06167	-14
9,06233	-14
9,06300	-14
9,06367	-14
9,06433	-13
9,06500	-13
9,06567	-13
9,06633	-13
9,06700	-14
9,06767	-14
9,06833	-14
9,06900	-14
9,06967	-13
9,07033	-13
9,07100	-13
9,07167	-13
9,07233	-13
9,07300	-13
9,07367	-12
9,07433	-12
9,07500	-12
9,07567	-12
9,07633	-12
9,07700	-12
9,07767	-11
9,07833	-11
9,07900	-11
9,07967	-11
9,08033	-11
9,08100	-11
9,08167	-11
9,08233	-11
9,08300	-11
9,08367	-11
9,08433	-11
9,08500	-11
9,08567	-11
9,08633	-11
9,08700	-11
9,08767	-11
9,08833	-12
9,08900	-12
9,08967	-13
9,09033	-13
9,09100	-13
9,09167	-14
9,09233	-14
9,09300	-14
9,09367	-14
9,09433	-14
9,09500	-14
9,09567	-14
9,09633	-14
9,09700	-14
9,09767	-14
9,09833	-14
9,09900	-14
9,09967	-14
9,10033	-14
9,10100	-14
9,10167	-13
9,10233	-13
9,10300	-13
9,10367	-13
9,10433	-12
9,10500	-12
9,10567	-12
9,10633	-12
9,10700	-12
9,10767	-11
9,10833	-11
9,10900	-11
9,10967	-11
9,11033	-11
9,11100	-11
9,11167	-11
9,11233	-11
9,11300	-11
9,11367	-11
9,11433	-11
9,11500	-11
9,11567	-11
9,11633	-11
9,11700	-11
9,11767	-11
9,11833	-12
9,11900	-12
9,11967	-12
9,12033	-12
9,12100	-13
9,12167	-13
9,12233	-13
9,12300	-13
9,12367	-13
9,12433	-13
9,12500	-13
9,12567	-13
9,12633	-13
9,12700	-12
9,12767	-12
9,12833	-12
9,12900	-11
9,12967	-11
9,13033	-11
9,13100	-11
9,13167	-11
9,13233	-11
9,13300	-11
9,13367	-11
9,13433	-10
9,13500	-10
9,13567	-10
9,13633	-10
9,13700	-10
9,13767	-10
9,13833	-10
9,13900	-10
9,13967	-10
9,14033	-10
9,14100	-10
9,14167	-10
9,14233	-10
9,14300	-10
9,14367	-10
9,14433	-11
9,14500	-11
9,14567	-11
9,14633	-12
9,14700	-12
9,14767	-12
9,14833	-12
9,14900	-12
9,14967	-12
9,15033	-12
9,15100	-12
9,15167	-12
9,15233	-12
9,15300	-12
9,15367	-12
9,15433	-12
9,15500	-12
9,15567	-12
9,15633	-12
9,15700	-12
9,15767	-11
9,15833	-11
9,15900	-11
9,15967	-12
9,16033	-12
9,16100	-12
9,16167	-12
9,16233	-11
9,16300	-11
9,16367	-11
9,16433	-11
9,16500	-11
9,16567	-11
9,16633	-11
9,16700	-11
9,16767	-11
9,16833	-11
9,16900	-12
9,16967	-12
9,17033	-12
9,17100	-12
9,17167	-12
9,17233	-12
9,17300	-12
9,17367	-12
9,17433	-12
9,17500	-12
9,17567	-12
9,17633	-11
9,17700	-11
9,17767	-11
9,17833	-11
9,17900	-10
9,17967	-10
9,18033	-10
9,18100	-10
9,18167	-10
9,18233	-10
9,18300	-9
9,18367	-9
9,18433	-9
9,18500	-9
9,18567	-9
9,18633	-9
9,18700	-9
9,18767	-9
9,18833	-9
9,18900	-9
9,18967	-9
9,19033	-9
9,19100	-9
9,19167	-9
9,19233	-10
9,19300	-10
9,19367	-10
9,19433	-9
9,19500	-9
9,19567	-9
9,19633	-9
9,19700	-9
9,19767	-9
9,19833	-9
9,19900	-9
9,19967	-9
9,20033	-9
9,20100	-9
9,20167	-9
9,20233	-9
9,20300	-9
9,20367	-9
9,20433	-9
9,20500	-9
9,20567	-9
9,20633	-9
9,20700	-9
9,20767	-9
9,20833	-9
9,20900	-9
9,20967	-9
9,21033	-9
9,21100	-9
9,21167	-9
9,21233	-8
9,21300	-9
9,21367	-9
9,21433	-9
9,21500	-9
9,21567	-9
9,21633	-9
9,21700	-9
9,21767	-9
9,21833	-9
9,21900	-10
9,21967	-10
9,22033	-10
9,22100	-10
9,22167	-11
9,22233	-11
9,22300	-11
9,22367	-11
9,22433	-11
9,22500	-12
9,22567	-12
9,22633	-12
9,22700	-12
9,22767	-12
9,22833	-12
9,22900	-12
9,22967	-11
9,23033	-11
9,23100	-11
9,23167	-10
9,23233	-10
9,23300	-9
9,23367	-9
9,23433	-9
9,23500	-9
9,23567	-9
9,23633	-9
9,23700	-9
9,23767	-9
9,23833	-10
9,23900	-10
9,23967	-10
9,24033	-10
9,24100	-10
9,24167	-9
9,24233	-9
9,24300	-9
9,24367	-9
9,24433	-9
9,24500	-9
9,24567	-9
9,24633	-9
9,24700	-9
9,24767	-9
9,24833	-9
9,24900	-9
9,24967	-9
9,25033	-9
9,25100	-9
9,25167	-10
9,25233	-10
9,25300	-9
9,25367	-9
9,25433	-9
9,25500	-9
9,25567	-9
9,25633	-9
9,25700	-9
9,25767	-10
9,25833	-10
9,25900	-10
9,25967	-10
9,26033	-11
9,26100	-11
9,26167	-11
9,26233	-11
9,26300	-11
9,26367	-12
9,26433	-12
9,26500	-12
9,26567	-12
9,26633	-13
9,26700	-13
9,26767	-13
9,26833	-13
9,26900	-14
9,26967	-14
9,27033	-13
9,27100	-13
9,27167	-13
9,27233	-13
9,27300	-13
9,27367	-12
9,27433	-12
9,27500	-12
9,27567	-12
9,27633	-12
9,27700	-12
9,27767	-12
9,27833	-13
9,27900	-13
9,27967	-13
9,28033	-13
9,28100	-14
9,28167	-14
9,28233	-14
9,28300	-14
9,28367	-14
9,28433	-15
9,28500	-15
9,28567	-15
9,28633	-15
9,28700	-15
9,28767	-15
9,28833	-15
9,28900	-15
9,28967	-15
9,29033	-16
9,29100	-16
9,29167	-16
9,29233	-16
9,29300	-15
9,29367	-15
9,29433	-15
9,29500	-15
9,29567	-14
9,29633	-14
9,29700	-13
9,29767	-13
9,29833	-13
9,29900	-13
9,29967	-13
9,30033	-13
9,30100	-13
9,30167	-13
9,30233	-13
9,30300	-13
9,30367	-13
9,30433	-13
9,30500	-13
9,30567	-13
9,30633	-13
9,30700	-13
9,30767	-13
9,30833	-13
9,30900	-13
9,30967	-13
9,31033	-14
9,31100	-14
9,31167	-13
9,31233	-13
9,31300	-13
9,31367	-13
9,31433	-13
9,31500	-12
9,31567	-12
9,31633	-12
9,31700	-12
9,31767	-12
9,31833	-11
9,31900	-11
9,31967	-11
9,32033	-11
9,32100	-11
9,32167	-11
9,32233	-12
9,32300	-12
9,32367	-12
9,32433	-12
9,32500	-12
9,32567	-12
9,32633	-13
9,32700	-13
9,32767	-13
9,32833	-13
9,32900	-13
9,32967	-12
9,33033	-12
9,33100	-12
9,33167	-12
9,33233	-12
9,33300	-12
9,33367	-12
9,33433	-12
9,33500	-12
9,33567	-11
9,33633	-11
9,33700	-11
9,33767	-11
9,33833	-11
9,33900	-11
9,33967	-11
9,34033	-11
9,34100	-11
9,34167	-11
9,34233	-11
9,34300	-11
9,34367	-11
9,34433	-11
9,34500	-11
9,34567	-11
9,34633	-11
9,34700	-11
9,34767	-11
9,34833	-11
9,34900	-11
9,34967	-11
9,35033	-10
9,35100	-10
9,35167	-10
9,35233	-10
9,35300	-10
9,35367	-10
9,35433	-10
9,35500	-10
9,35567	-10
9,35633	-10
9,35700	-10
9,35767	-10
9,35833	-10
9,35900	-11
9,35967	-11
9,36033	-11
9,36100	-11
9,36167	-11
9,36233	-11
9,36300	-11
9,36367	-11
9,36433	-11
9,36500	-11
9,36567	-11
9,36633	-11
9,36700	-11
9,36767	-11
9,36833	-11
9,36900	-11
9,36967	-11
9,37033	-11
9,37100	-10
9,37167	-10
9,37233	-10
9,37300	-10
9,37367	-10
9,37433	-10
9,37500	-10
9,37567	-10
9,37633	-10
9,37700	-10
9,37767	-10
9,37833	-10
9,37900	-10
9,37967	-10
9,38033	-9
9,38100	-9
9,38167	-9
9,38233	-9
9,38300	-9
9,38367	-9
9,38433	-9
9,38500	-9
9,38567	-10
9,38633	-10
9,38700	-10
9,38767	-10
9,38833	-10
9,38900	-10
9,38967	-10
9,39033	-10
9,39100	-10
9,39167	-10
9,39233	-10
9,39300	-10
9,39367	-10
9,39433	-10
9,39500	-9
9,39567	-10
9,39633	-10
9,39700	-10
9,39767	-10
9,39833	-10
9,39900	-10
9,39967	-10
9,40033	-10
9,40100	-10
9,40167	-10
9,40233	-9
9,40300	-9
9,40367	-9
9,40433	-9
9,40500	-9
9,40567	-9
9,40633	-9
9,40700	-9
9,40767	-8
9,40833	-8
9,40900	-8
9,40967	-8
9,41033	-9
9,41100	-9
9,41167	-9
9,41233	-9
9,41300	-9
9,41367	-9
9,41433	-9
9,41500	-9
9,41567	-9
9,41633	-9
9,41700	-9
9,41767	-9
9,41833	-9
9,41900	-9
9,41967	-9
9,42033	-9
9,42100	-9
9,42167	-9
9,42233	-9
9,42300	-9
9,42367	-8
9,42433	-8
9,42500	-8
9,42567	-7
9,42633	-7
9,42700	-7
9,42767	-7
9,42833	-7
9,42900	-7
9,42967	-7
9,43033	-6
9,43100	-6
9,43167	-6
9,43233	-6
9,43300	-5
9,43367	-5
9,43433	-5
9,43500	-5
9,43567	-5
9,43633	-5
9,43700	-5
9,43767	-6
9,43833	-6
9,43900	-6
9,43967	-6
9,44033	-5
9,44100	-5
9,44167	-5
9,44233	-5
9,44300	-5
9,44367	-5
9,44433	-5
9,44500	-5
9,44567	-5
9,44633	-5
9,44700	-5
9,44767	-5
9,44833	-5
9,44900	-5
9,44967	-5
9,45033	-5
9,45100	-5
9,45167	-4
9,45233	-4
9,45300	-4
9,45367	-4
9,45433	-3
9,45500	-3
9,45567	-3
9,45633	-3
9,45700	-3
9,45767	-3
9,45833	-3
9,45900	-4
9,45967	-4
9,46033	-4
9,46100	-4
9,46167	-5
9,46233	-5
9,46300	-5
9,46367	-5
9,46433	-5
9,46500	-5
9,46567	-5
9,46633	-5
9,46700	-5
9,46767	-6
9,46833	-6
9,46900	-6
9,46967	-6
9,47033	-7
9,47100	-7
9,47167	-7
9,47233	-8
9,47300	-8
9,47367	-8
9,47433	-8
9,47500	-7
9,47567	-7
9,47633	-7
9,47700	-7
9,47767	-7
9,47833	-7
9,47900	-7
9,47967	-7
9,48033	-7
9,48100	-7
9,48167	-7
9,48233	-7
9,48300	-7
9,48367	-7
9,48433	-7
9,48500	-7
9,48567	-7
9,48633	-7
9,48700	-7
9,48767	-7
9,48833	-6
9,48900	-6
9,48967	-6
9,49033	-6
9,49100	-6
9,49167	-6
9,49233	-6
9,49300	-5
9,49367	-5
9,49433	-5
9,49500	-5
9,49567	-5
9,49633	-4
9,49700	-4
9,49767	-4
9,49833	-4
9,49900	-4
9,49967	-4
9,50033	-4
9,50100	-5
9,50167	-5
9,50233	-5
9,50300	-5
9,50367	-5
9,50433	-5
9,50500	-5
9,50567	-5
9,50633	-5
9,50700	-5
9,50767	-5
9,50833	-5
9,50900	-5
9,50967	-5
9,51033	-5
9,51100	-5
9,51167	-5
9,51233	-6
9,51300	-6
9,51367	-6
9,51433	-6
9,51500	-6
9,51567	-6
9,51633	-6
9,51700	-6
9,51767	-6
9,51833	-6
9,51900	-6
9,51967	-6
9,52033	-6
9,52100	-6
9,52167	-6
9,52233	-6
9,52300	-6
9,52367	-6
9,52433	-6
9,52500	-6
9,52567	-6
9,52633	-6
9,52700	-6
9,52767	-6
9,52833	-6
9,52900	-6
9,52967	-6
9,53033	-6
9,53100	-6
9,53167	-6
9,53233	-6
9,53300	-6
9,53367	-6
9,53433	-6
9,53500	-6
9,53567	-6
9,53633	-6
9,53700	-6
9,53767	-6
9,53833	-6
9,53900	-6
9,53967	-6
9,54033	-6
9,54100	-6
9,54167	-6
9,54233	-6
9,54300	-5
9,54367	-5
9,54433	-5
9,54500	-5
9,54567	-5
9,54633	-5
9,54700	-6
9,54767	-6
9,54833	-6
9,54900	-6
9,54967	-6
9,55033	-6
9,55100	-6
9,55167	-6
9,55233	-6
9,55300	-6
9,55367	-6
9,55433	-6
9,55500	-6
9,55567	-6
9,55633	-6
9,55700	-6
9,55767	-6
9,55833	-6
9,55900	-6
9,55967	-6
9,56033	-5
9,56100	-5
9,56167	-5
9,56233	-6
9,56300	-6
9,56367	-6
9,56433	-7
9,56500	-7
9,56567	-7
9,56633	-8
9,56700	-8
9,56767	-8
9,56833	-9
9,56900	-9
9,56967	-9
9,57033	-9
9,57100	-9
9,57167	-9
9,57233	-9
9,57300	-9
9,57367	-9
9,57433	-9
9,57500	-8
9,57567	-8
9,57633	-8
9,57700	-8
9,57767	-8
9,57833	-8
9,57900	-8
9,57967	-8
9,58033	-8
9,58100	-8
9,58167	-8
9,58233	-8
9,58300	-8
9,58367	-7
9,58433	-7
9,58500	-7
9,58567	-7
9,58633	-7
9,58700	-6
9,58767	-6
9,58833	-6
9,58900	-6
9,58967	-6
9,59033	-7
9,59100	-7
9,59167	-7
9,59233	-6
9,59300	-6
9,59367	-6
9,59433	-6
9,59500	-6
9,59567	-6
9,59633	-5
9,59700	-5
9,59767	-5
9,59833	-5
9,59900	-5
9,59967	-5
9,60033	-5
9,60100	-5
9,60167	-5
9,60233	-5
9,60300	-5
9,60367	-5
9,60433	-5
9,60500	-5
9,60567	-5
9,60633	-5
9,60700	-5
9,60767	-5
9,60833	-5
9,60900	-5
9,60967	-5
9,61033	-6
9,61100	-6
9,61167	-6
9,61233	-6
9,61300	-6
9,61367	-6
9,61433	-6
9,61500	-6
9,61567	-6
9,61633	-7
9,61700	-7
9,61767	-7
9,61833	-7
9,61900	-8
9,61967	-8
9,62033	-8
9,62100	-9
9,62167	-9
9,62233	-9
9,62300	-9
9,62367	-9
9,62433	-9
9,62500	-9
9,62567	-8
9,62633	-8
9,62700	-8
9,62767	-8
9,62833	-8
9,62900	-7
9,62967	-8
9,63033	-8
9,63100	-8
9,63167	-8
9,63233	-8
9,63300	-8
9,63367	-7
9,63433	-7
9,63500	-7
9,63567	-7
9,63633	-7
9,63700	-7
9,63767	-7
9,63833	-7
9,63900	-7
9,63967	-7
9,64033	-7
9,64100	-7
9,64167	-8
9,64233	-8
9,64300	-8
9,64367	-8
9,64433	-8
9,64500	-8
9,64567	-7
9,64633	-7
9,64700	-7
9,64767	-7
9,64833	-7
9,64900	-6
9,64967	-6
9,65033	-6
9,65100	-6
9,65167	-6
9,65233	-5
9,65300	-5
9,65367	-5
9,65433	-5
9,65500	-5
9,65567	-5
9,65633	-5
9,65700	-5
9,65767	-5
9,65833	-5
9,65900	-5
9,65967	-5
9,66033	-5
9,66100	-5
9,66167	-5
9,66233	-5
9,66300	-5
9,66367	-5
9,66433	-5
9,66500	-6
9,66567	-6
9,66633	-6
9,66700	-6
9,66767	-6
9,66833	-7
9,66900	-7
9,66967	-7
9,67033	-7
9,67100	-7
9,67167	-7
9,67233	-7
9,67300	-7
9,67367	-7
9,67433	-7
9,67500	-7
9,67567	-7
9,67633	-7
9,67700	-6
9,67767	-6
9,67833	-6
9,67900	-6
9,67967	-6
9,68033	-6
9,68100	-5
9,68167	-5
9,68233	-5
9,68300	-5
9,68367	-5
9,68433	-5
9,68500	-5
9,68567	-5
9,68633	-5
9,68700	-5
9,68767	-5
9,68833	-5
9,68900	-5
9,68967	-5
9,69033	-5
9,69100	-5
9,69167	-5
9,69233	-5
9,69300	-5
9,69367	-5
9,69433	-6
9,69500	-6
9,69567	-6
9,69633	-6
9,69700	-6
9,69767	-6
9,69833	-6
9,69900	-6
9,69967	-6
9,70033	-6
9,70100	-6
9,70167	-6
9,70233	-6
9,70300	-6
9,70367	-6
9,70433	-6
9,70500	-6
9,70567	-6
9,70633	-6
9,70700	-5
9,70767	-5
9,70833	-5
9,70900	-5
9,70967	-6
9,71033	-6
9,71100	-6
9,71167	-6
9,71233	-6
9,71300	-6
9,71367	-6
9,71433	-6
9,71500	-6
9,71567	-7
9,71633	-7
9,71700	-7
9,71767	-7
9,71833	-7
9,71900	-7
9,71967	-7
9,72033	-7
9,72100	-7
9,72167	-7
9,72233	-7
9,72300	-7
9,72367	-7
9,72433	-7
9,72500	-8
9,72567	-8
9,72633	-8
9,72700	-8
9,72767	-8
9,72833	-7
9,72900	-7
9,72967	-7
9,73033	-7
9,73100	-6
9,73167	-6
9,73233	-6
9,73300	-5
9,73367	-5
9,73433	-5
9,73500	-5
9,73567	-5
9,73633	-5
9,73700	-5
9,73767	-4
9,73833	-4
9,73900	-4
9,73967	-4
9,74033	-4
9,74100	-4
9,74167	-4
9,74233	-4
9,74300	-4
9,74367	-4
9,74433	-4
9,74500	-4
9,74567	-4
9,74633	-4
9,74700	-4
9,74767	-4
9,74833	-4
9,74900	-4
9,74967	-4
9,75033	-4
9,75100	-5
9,75167	-5
9,75233	-5
9,75300	-5
9,75367	-5
9,75433	-5
9,75500	-4
9,75567	-4
9,75633	-4
9,75700	-4
9,75767	-4
9,75833	-5
9,75900	-5
9,75967	-5
9,76033	-5
9,76100	-5
9,76167	-5
9,76233	-5
9,76300	-5
9,76367	-5
9,76433	-5
9,76500	-5
9,76567	-5
9,76633	-5
9,76700	-4
9,76767	-4
9,76833	-4
9,76900	-4
9,76967	-4
9,77033	-4
9,77100	-4
9,77167	-4
9,77233	-4
9,77300	-4
9,77367	-3
9,77433	-3
9,77500	-3
9,77567	-3
9,77633	-2
9,77700	-2
9,77767	-2
9,77833	-2
9,77900	-2
9,77967	-2
9,78033	-2
9,78100	-2
9,78167	-2
9,78233	-2
9,78300	-2
9,78367	-2
9,78433	-1
9,78500	-1
9,78567	-1
9,78633	-1
9,78700	-1
9,78767	-1
9,78833	-1
9,78900	-1
9,78967	-2
9,79033	-2
9,79100	-2
9,79167	-2
9,79233	-2
9,79300	-2
9,79367	-2
9,79433	-2
9,79500	-2
9,79567	-1
9,79633	-1
9,79700	-1
9,79767	-1
9,79833	-1
9,79900	-1
9,79967	-1
9,80033	-1
9,80100	-1
9,80167	-2
9,80233	-2
9,80300	-2
9,80367	-2
9,80433	-2
9,80500	-2
9,80567	-2
9,80633	-2
9,80700	-2
9,80767	-2
9,80833	-2
9,80900	-2
9,80967	-2
9,81033	-1
9,81100	-1
9,81167	-1
9,81233	-0
9,81300	0
9,81367	0
9,81433	1
9,81500	1
9,81567	1
9,81633	1
9,81700	1
9,81767	1
9,81833	1
9,81900	2
9,81967	2
9,82033	2
9,82100	2
9,82167	2
9,82233	2
9,82300	2
9,82367	2
9,82433	2
9,82500	2
9,82567	2
9,82633	2
9,82700	2
9,82767	2
9,82833	2
9,82900	2
9,82967	1
9,83033	1
9,83100	1
9,83167	1
9,83233	1
9,83300	1
9,83367	1
9,83433	1
9,83500	1
9,83567	0
9,83633	0
9,83700	0
9,83767	0
9,83833	0
9,83900	0
9,83967	0
9,84033	0
9,84100	0
9,84167	1
9,84233	0
9,84300	0
9,84367	0
9,84433	-0
9,84500	-1
9,84567	-1
9,84633	-1
9,84700	-1
9,84767	-1
9,84833	-1
9,84900	-1
9,84967	-0
9,85033	-0
9,85100	0
9,85167	0
9,85233	1
9,85300	1
9,85367	1
9,85433	2
9,85500	2
9,85567	2
9,85633	2
9,85700	2
9,85767	2
9,85833	2
9,85900	2
9,85967	2
9,86033	2
9,86100	2
9,86167	2
9,86233	2
9,86300	2
9,86367	2
9,86433	2
9,86500	2
9,86567	2
9,86633	2
9,86700	2
9,86767	2
9,86833	2
9,86900	2
9,86967	2
9,87033	2
9,87100	2
9,87167	2
9,87233	2
9,87300	2
9,87367	2
9,87433	2
9,87500	1
9,87567	1
9,87633	1
9,87700	1
9,87767	0
9,87833	0
9,87900	0
9,87967	0
9,88033	0
9,88100	0
9,88167	0
9,88233	1
9,88300	1
9,88367	1
9,88433	1
9,88500	1
9,88567	1
9,88633	1
9,88700	1
9,88767	1
9,88833	1
9,88900	1
9,88967	1
9,89033	1
9,89100	2
9,89167	2
9,89233	2
9,89300	3
9,89367	3
9,89433	3
9,89500	3
9,89567	3
9,89633	3
9,89700	3
9,89767	3
9,89833	3
9,89900	3
9,89967	3
9,90033	3
9,90100	3
9,90167	3
9,90233	3
9,90300	3
9,90367	3
9,90433	3
9,90500	3
9,90567	3
9,90633	4
9,90700	3
9,90767	3
9,90833	3
9,90900	3
9,90967	3
9,91033	3
9,91100	4
9,91167	4
9,91233	4
9,91300	4
9,91367	4
9,91433	4
9,91500	4
9,91567	4
9,91633	5
9,91700	5
9,91767	5
9,91833	5
9,91900	5
9,91967	5
9,92033	5
9,92100	5
9,92167	5
9,92233	5
9,92300	5
9,92367	5
9,92433	5
9,92500	5
9,92567	4
9,92633	4
9,92700	4
9,92767	4
9,92833	4
9,92900	4
9,92967	3
9,93033	3
9,93100	3
9,93167	3
9,93233	3
9,93300	3
9,93367	3
9,93433	3
9,93500	2
9,93567	2
9,93633	2
9,93700	2
9,93767	1
9,93833	1
9,93900	1
9,93967	0
9,94033	0
9,94100	0
9,94167	0
9,94233	0
9,94300	0
9,94367	-0
9,94433	0
9,94500	0
9,94567	0
9,94633	0
9,94700	1
9,94767	1
9,94833	1
9,94900	1
9,94967	1
9,95033	1
9,95100	1
9,95167	2
9,95233	2
9,95300	2
9,95367	2
9,95433	2
9,95500	2
9,95567	2
9,95633	3
9,95700	3
9,95767	3
9,95833	3
9,95900	3
9,95967	3
9,96033	3
9,96100	3
9,96167	4
9,96233	4
9,96300	4
9,96367	4
9,96433	4
9,96500	5
9,96567	5
9,96633	5
9,96700	5
9,96767	6
9,96833	6
9,96900	6
9,96967	6
9,97033	6
9,97100	6
9,97167	6
9,97233	7
9,97300	7
9,97367	7
9,97433	7
9,97500	7
9,97567	7
9,97633	7
9,97700	7
9,97767	7
9,97833	7
9,97900	7
9,97967	7
9,98033	7
9,98100	8
9,98167	8
9,98233	8
9,98300	8
9,98367	8
9,98433	8
9,98500	8
9,98567	8
9,98633	9
9,98700	9
9,98767	9
9,98833	10
9,98900	10
9,98967	10
9,99033	11
9,99100	11
9,99167	11
9,99233	11
9,99300	12
9,99367	12
9,99433	12
9,99500	12
9,99567	12
9,99633	12
9,99700	12
9,99767	12
9,99833	12
9,99900	12
9,99967	12
10,00033	12
10,00100	12
10,00167	11
10,00233	11
10,00300	10
10,00367	10
10,00433	10
10,00500	9
10,00567	9
10,00633	9
10,00700	9
10,00767	8
10,00833	8
10,00900	8
10,00967	8
10,01033	8
10,01100	8
10,01167	8
10,01233	8
10,01300	8
10,01367	8
10,01433	8
10,01500	8
10,01567	8
10,01633	8
10,01700	8
10,01767	8
10,01833	8
10,01900	9
10,01967	9
10,02033	9
10,02100	9
10,02167	9
10,02233	9
10,02300	9
10,02367	9
10,02433	9
10,02500	9
10,02567	9
10,02633	9
10,02700	10
10,02767	10
10,02833	10
10,02900	10
10,02967	10
10,03033	10
10,03100	10
10,03167	11
10,03233	11
10,03300	11
10,03367	12
10,03433	12
10,03500	12
10,03567	12
10,03633	12
10,03700	12
10,03767	12
10,03833	12
10,03900	12
10,03967	12
10,04033	11
10,04100	11
10,04167	11
10,04233	11
10,04300	11
10,04367	11
10,04433	11
10,04500	11
10,04567	11
10,04633	11
10,04700	11
10,04767	11
10,04833	11
10,04900	11
10,04967	11
10,05033	11
10,05100	11
10,05167	11
10,05233	11
10,05300	11
10,05367	11
10,05433	11
10,05500	11
10,05567	11
10,05633	11
10,05700	11
10,05767	11
10,05833	11
10,05900	11
10,05967	11
10,06033	11
10,06100	11
10,06167	11
10,06233	10
10,06300	10
10,06367	10
10,06433	10
10,06500	10
10,06567	10
10,06633	10
10,06700	10
10,06767	10
10,06833	10
10,06900	10
10,06967	11
10,07033	11
10,07100	11
10,07167	11
10,07233	12
10,07300	12
10,07367	12
10,07433	12
10,07500	13
10,07567	13
10,07633	13
10,07700	13
10,07767	14
10,07833	14
10,07900	14
10,07967	15
10,08033	15
10,08100	16
10,08167	16
10,08233	17
10,08300	17
10,08367	18
10,08433	18
10,08500	19
10,08567	19
10,08633	20
10,08700	20
10,08767	21
10,08833	21
10,08900	22
10,08967	22
10,09033	23
10,09100	23
10,09167	24
10,09233	24
10,09300	24
10,09367	25
10,09433	25
10,09500	25
10,09567	26
10,09633	26
10,09700	27
10,09767	27
10,09833	28
10,09900	28
10,09967	29
10,10033	30
10,10100	30
10,10167	31
10,10233	31
10,10300	32
10,10367	33
10,10433	34
10,10500	35
10,10567	35
10,10633	36
10,10700	37
10,10767	37
10,10833	38
10,10900	38
10,10967	39
10,11033	39
10,11100	40
10,11167	40
10,11233	40
10,11300	41
10,11367	41
10,11433	41
10,11500	41
10,11567	41
10,11633	41
10,11700	40
10,11767	40
10,11833	40
10,11900	40
10,11967	40
10,12033	40
10,12100	40
10,12167	39
10,12233	39
10,12300	39
10,12367	39
10,12433	39
10,12500	38
10,12567	38
10,12633	38
10,12700	38
10,12767	37
10,12833	37
10,12900	36
10,12967	36
10,13033	35
10,13100	34
10,13167	33
10,13233	33
10,13300	32
10,13367	31
10,13433	31
10,13500	30
10,13567	30
10,13633	29
10,13700	29
10,13767	29
10,13833	28
10,13900	28
10,13967	28
10,14033	27
10,14100	26
10,14167	26
10,14233	25
10,14300	25
10,14367	25
10,14433	24
10,14500	24
10,14567	24
10,14633	24
10,14700	23
10,14767	23
10,14833	23
10,14900	23
10,14967	23
10,15033	22
10,15100	22
10,15167	22
10,15233	22
10,15300	21
10,15367	21
10,15433	21
10,15500	21
10,15567	20
10,15633	20
10,15700	20
10,15767	20
10,15833	20
10,15900	20
10,15967	20
10,16033	20
10,16100	20
10,16167	20
10,16233	20
10,16300	20
10,16367	20
10,16433	20
10,16500	20
10,16567	20
10,16633	20
10,16700	20
10,16767	20
10,16833	20
10,16900	20
10,16967	20
10,17033	20
10,17100	20
10,17167	20
10,17233	20
10,17300	20
10,17367	19
10,17433	19
10,17500	19
10,17567	19
10,17633	18
10,17700	18
10,17767	18
10,17833	18
10,17900	19
10,17967	19
10,18033	19
10,18100	19
10,18167	19
10,18233	19
10,18300	19
10,18367	20
10,18433	20
10,18500	20
10,18567	20
10,18633	20
10,18700	20
10,18767	21
10,18833	21
10,18900	21
10,18967	21
10,19033	21
10,19100	21
10,19167	21
10,19233	21
10,19300	21
10,19367	21
10,19433	21
10,19500	20
10,19567	20
10,19633	20
10,19700	20
10,19767	20
10,19833	20
10,19900	20
10,19967	19
10,20033	19
10,20100	19
10,20167	20
10,20233	20
10,20300	20
10,20367	20
10,20433	20
10,20500	20
10,20567	20
10,20633	20
10,20700	20
10,20767	20
10,20833	20
10,20900	20
10,20967	21
10,21033	21
10,21100	21
10,21167	21
10,21233	21
10,21300	21
10,21367	21
10,21433	21
10,21500	21
10,21567	21
10,21633	20
10,21700	20
10,21767	20
10,21833	20
10,21900	19
10,21967	19
10,22033	19
10,22100	19
10,22167	19
10,22233	19
10,22300	19
10,22367	19
10,22433	19
10,22500	19
10,22567	19
10,22633	19
10,22700	19
10,22767	19
10,22833	19
10,22900	20
10,22967	20
10,23033	20
10,23100	20
10,23167	20
10,23233	20
10,23300	20
10,23367	20
10,23433	20
10,23500	20
10,23567	20
10,23633	20
10,23700	20
10,23767	20
10,23833	20
10,23900	20
10,23967	20
10,24033	20
10,24100	19
10,24167	19
10,24233	19
10,24300	19
10,24367	19
10,24433	19
10,24500	19
10,24567	19
10,24633	19
10,24700	18
10,24767	18
10,24833	18
10,24900	18
10,24967	17
10,25033	17
10,25100	17
10,25167	17
10,25233	17
10,25300	17
10,25367	17
10,25433	17
10,25500	17
10,25567	17
10,25633	17
10,25700	17
10,25767	17
10,25833	17
10,25900	17
10,25967	16
10,26033	16
10,26100	16
10,26167	16
10,26233	16
10,26300	16
10,26367	16
10,26433	16
10,26500	16
10,26567	16
10,26633	16
10,26700	17
10,26767	17
10,26833	17
10,26900	17
10,26967	18
10,27033	18
10,27100	18
10,27167	18
10,27233	18
10,27300	19
10,27367	19
10,27433	19
10,27500	20
10,27567	20
10,27633	20
10,27700	20
10,27767	21
10,27833	21
10,27900	21
10,27967	21
10,28033	21
10,28100	22
10,28167	22
10,28233	22
10,28300	22
10,28367	23
10,28433	23
10,28500	23
10,28567	23
10,28633	23
10,28700	23
10,28767	24
10,28833	24
10,28900	24
10,28967	25
10,29033	25
10,29100	25
10,29167	25
10,29233	25
10,29300	25
10,29367	25
10,29433	25
10,29500	25
10,29567	25
10,29633	26
10,29700	26
10,29767	26
10,29833	26
10,29900	27
10,29967	27
10,30033	27
10,30100	27
10,30167	27
10,30233	27
10,30300	27
10,30367	27
10,30433	27
10,30500	27
10,30567	27
10,30633	27
10,30700	27
10,30767	27
10,30833	27
10,30900	27
10,30967	27
10,31033	27
10,31100	27
10,31167	27
10,31233	26
10,31300	26
10,31367	26
10,31433	26
10,31500	26
10,31567	26
10,31633	25
10,31700	25
10,31767	25
10,31833	25
10,31900	25
10,31967	25
10,32033	25
10,32100	25
10,32167	25
10,32233	24
10,32300	24
10,32367	24
10,32433	24
10,32500	23
10,32567	23
10,32633	23
10,32700	23
10,32767	23
10,32833	23
10,32900	23
10,32967	23
10,33033	23
10,33100	23
10,33167	23
10,33233	23
10,33300	23
10,33367	23
10,33433	23
10,33500	22
10,33567	22
10,33633	22
10,33700	22
10,33767	23
10,33833	23
10,33900	23
10,33967	24
10,34033	24
10,34100	24
10,34167	25
10,34233	25
10,34300	25
10,34367	25
10,34433	25
10,34500	25
10,34567	25
10,34633	25
10,34700	25
10,34767	25
10,34833	26
10,34900	26
10,34967	26
10,35033	26
10,35100	26
10,35167	26
10,35233	27
10,35300	27
10,35367	27
10,35433	27
10,35500	27
10,35567	27
10,35633	27
10,35700	27
10,35767	26
10,35833	26
10,35900	26
10,35967	26
10,36033	27
10,36100	27
10,36167	27
10,36233	27
10,36300	27
10,36367	27
10,36433	27
10,36500	27
10,36567	27
10,36633	26
10,36700	26
10,36767	26
10,36833	25
10,36900	25
10,36967	25
10,37033	25
10,37100	25
10,37167	25
10,37233	25
10,37300	26
10,37367	26
10,37433	26
10,37500	27
10,37567	27
10,37633	27
10,37700	27
10,37767	27
10,37833	27
10,37900	27
10,37967	27
10,38033	27
10,38100	27
10,38167	27
10,38233	27
10,38300	27
10,38367	27
10,38433	28
10,38500	28
10,38567	28
10,38633	28
10,38700	28
10,38767	29
10,38833	29
10,38900	29
10,38967	29
10,39033	29
10,39100	30
10,39167	30
10,39233	31
10,39300	31
10,39367	32
10,39433	32
10,39500	33
10,39567	33
10,39633	33
10,39700	34
10,39767	34
10,39833	34
10,39900	34
10,39967	34
10,40033	35
10,40100	35
10,40167	35
10,40233	35
10,40300	36
10,40367	36
10,40433	36
10,40500	36
10,40567	36
10,40633	37
10,40700	37
10,40767	37
10,40833	37
10,40900	36
10,40967	36
10,41033	36
10,41100	36
10,41167	36
10,41233	36
10,41300	37
10,41367	37
10,41433	37
10,41500	37
10,41567	37
10,41633	37
10,41700	37
10,41767	37
10,41833	37
10,41900	37
10,41967	36
10,42033	36
10,42100	36
10,42167	36
10,42233	36
10,42300	36
10,42367	36
10,42433	36
10,42500	36
10,42567	36
10,42633	36
10,42700	37
10,42767	37
10,42833	37
10,42900	37
10,42967	37
10,43033	37
10,43100	37
10,43167	37
10,43233	37
10,43300	36
10,43367	36
10,43433	36
10,43500	36
10,43567	36
10,43633	36
10,43700	36
10,43767	36
10,43833	36
10,43900	36
10,43967	36
10,44033	36
10,44100	36
10,44167	36
10,44233	37
10,44300	37
10,44367	38
10,44433	38
10,44500	38
10,44567	39
10,44633	39
10,44700	39
10,44767	39
10,44833	39
10,44900	39
10,44967	39
10,45033	39
10,45100	39
10,45167	39
10,45233	39
10,45300	39
10,45367	39
10,45433	39
10,45500	39
10,45567	39
10,45633	39
10,45700	39
10,45767	40
10,45833	40
10,45900	40
10,45967	40
10,46033	40
10,46100	40
10,46167	40
10,46233	40
10,46300	40
10,46367	40
10,46433	40
10,46500	40
10,46567	40
10,46633	41
10,46700	41
10,46767	41
10,46833	41
10,46900	42
10,46967	42
10,47033	42
10,47100	42
10,47167	43
10,47233	43
10,47300	43
10,47367	43
10,47433	43
10,47500	43
10,47567	43
10,47633	43
10,47700	43
10,47767	43
10,47833	44
10,47900	44
10,47967	44
10,48033	44
10,48100	45
10,48167	45
10,48233	45
10,48300	45
10,48367	45
10,48433	45
10,48500	45
10,48567	45
10,48633	45
10,48700	45
10,48767	45
10,48833	45
10,48900	45
10,48967	45
10,49033	46
10,49100	46
10,49167	46
10,49233	46
10,49300	46
10,49367	46
10,49433	46
10,49500	46
10,49567	46
10,49633	47
10,49700	47
10,49767	48
10,49833	48
10,49900	48
10,49967	49
10,50033	49
10,50100	49
10,50167	49
10,50233	49
10,50300	49
10,50367	49
10,50433	49
10,50500	49
10,50567	50
10,50633	50
10,50700	50
10,50767	51
10,50833	51
10,50900	52
10,50967	52
10,51033	53
10,51100	53
10,51167	53
10,51233	53
10,51300	53
10,51367	53
10,51433	53
10,51500	53
10,51567	53
10,51633	53
10,51700	53
10,51767	54
10,51833	54
10,51900	54
10,51967	54
10,52033	54
10,52100	54
10,52167	54
10,52233	54
10,52300	55
10,52367	55
10,52433	55
10,52500	54
10,52567	54
10,52633	54
10,52700	54
10,52767	54
10,52833	53
10,52900	53
10,52967	54
10,53033	54
10,53100	54
10,53167	54
10,53233	54
10,53300	54
10,53367	54
10,53433	54
10,53500	54
10,53567	54
10,53633	54
10,53700	54
10,53767	53
10,53833	53
10,53900	53
10,53967	53
10,54033	52
10,54100	52
10,54167	52
10,54233	52
10,54300	53
10,54367	53
10,54433	53
10,54500	53
10,54567	53
10,54633	53
10,54700	53
10,54767	53
10,54833	53
10,54900	54
10,54967	54
10,55033	54
10,55100	54
10,55167	54
10,55233	55
10,55300	55
10,55367	55
10,55433	55
10,55500	56
10,55567	56
10,55633	56
10,55700	56
10,55767	56
10,55833	56
10,55900	56
10,55967	56
10,56033	56
10,56100	55
10,56167	55
10,56233	55
10,56300	55
10,56367	55
10,56433	55
10,56500	55
10,56567	55
10,56633	56
10,56700	56
10,56767	56
10,56833	56
10,56900	56
10,56967	56
10,57033	56
10,57100	56
10,57167	56
10,57233	56
10,57300	55
10,57367	55
10,57433	55
10,57500	55
10,57567	55
10,57633	55
10,57700	55
10,57767	55
10,57833	55
10,57900	55
10,57967	55
10,58033	55
10,58100	54
10,58167	54
10,58233	54
10,58300	55
10,58367	55
10,58433	55
10,58500	55
10,58567	55
10,58633	55
10,58700	55
10,58767	55
10,58833	55
10,58900	55
10,58967	55
10,59033	55
10,59100	55
10,59167	55
10,59233	55
10,59300	55
10,59367	55
10,59433	55
10,59500	55
10,59567	55
10,59633	56
10,59700	56
10,59767	57
10,59833	57
10,59900	57
10,59967	58
10,60033	58
10,60100	58
10,60167	58
10,60233	58
10,60300	59
10,60367	59
10,60433	59
10,60500	59
10,60567	60
10,60633	60
10,60700	60
10,60767	60
10,60833	60
10,60900	61
10,60967	61
10,61033	61
10,61100	61
10,61167	61
10,61233	62
10,61300	62
10,61367	62
10,61433	62
10,61500	62
10,61567	62
10,61633	63
10,61700	63
10,61767	64
10,61833	64
10,61900	64
10,61967	64
10,62033	65
10,62100	65
10,62167	65
10,62233	65
10,62300	65
10,62367	65
10,62433	65
10,62500	65
10,62567	65
10,62633	65
10,62700	66
10,62767	66
10,62833	66
10,62900	66
10,62967	66
10,63033	66
10,63100	66
10,63167	65
10,63233	65
10,63300	65
10,63367	65
10,63433	65
10,63500	65
10,63567	65
10,63633	64
10,63700	64
10,63767	64
10,63833	64
10,63900	64
10,63967	64
10,64033	65
10,64100	65
10,64167	65
10,64233	65
10,64300	65
10,64367	65
10,64433	65
10,64500	65
10,64567	65
10,64633	66
10,64700	66
10,64767	67
10,64833	67
10,64900	67
10,64967	68
10,65033	68
10,65100	69
10,65167	69
10,65233	69
10,65300	69
10,65367	69
10,65433	69
10,65500	69
10,65567	70
10,65633	70
10,65700	70
10,65767	70
10,65833	70
10,65900	71
10,65967	71
10,66033	72
10,66100	72
10,66167	72
10,66233	73
10,66300	73
10,66367	74
10,66433	74
10,66500	74
10,66567	74
10,66633	74
10,66700	74
10,66767	74
10,66833	74
10,66900	74
10,66967	74
10,67033	75
10,67100	75
10,67167	75
10,67233	75
10,67300	75
10,67367	75
10,67433	75
10,67500	75
10,67567	76
10,67633	76
10,67700	76
10,67767	76
10,67833	76
10,67900	76
10,67967	76
10,68033	76
10,68100	76
10,68167	76
10,68233	76
10,68300	75
10,68367	75
10,68433	76
10,68500	76
10,68567	75
10,68633	75
10,68700	75
10,68767	75
10,68833	75
10,68900	75
10,68967	75
10,69033	75
10,69100	74
10,69167	74
10,69233	74
10,69300	74
10,69367	74
10,69433	74
10,69500	74
10,69567	74
10,69633	74
10,69700	74
10,69767	74
10,69833	74
10,69900	74
10,69967	74
10,70033	74
10,70100	75
10,70167	75
10,70233	75
10,70300	75
10,70367	75
10,70433	76
10,70500	76
10,70567	76
10,70633	75
10,70700	75
10,70767	75
10,70833	75
10,70900	75
10,70967	75
10,71033	75
10,71100	75
10,71167	76
10,71233	76
10,71300	76
10,71367	77
10,71433	77
10,71500	77
10,71567	77
10,71633	78
10,71700	78
10,71767	78
10,71833	78
10,71900	78
10,71967	78
10,72033	79
10,72100	79
10,72167	79
10,72233	79
10,72300	80
10,72367	80
10,72433	80
10,72500	80
10,72567	81
10,72633	81
10,72700	81
10,72767	81
10,72833	81
10,72900	81
10,72967	81
10,73033	81
10,73100	81
10,73167	81
10,73233	81
10,73300	81
10,73367	82
10,73433	82
10,73500	82
10,73567	82
10,73633	82
10,73700	82
10,73767	82
10,73833	82
10,73900	82
10,73967	81
10,74033	81
10,74100	81
10,74167	80
10,74233	80
10,74300	80
10,74367	80
10,74433	80
10,74500	80
10,74567	80
10,74633	80
10,74700	79
10,74767	79
10,74833	79
10,74900	79
10,74967	79
10,75033	79
10,75100	79
10,75167	79
10,75233	79
10,75300	79
10,75367	79
10,75433	79
10,75500	79
10,75567	80
10,75633	80
10,75700	80
10,75767	80
10,75833	80
10,75900	80
10,75967	81
10,76033	81
10,76100	81
10,76167	80
10,76233	80
10,76300	81
10,76367	81
10,76433	81
10,76500	81
10,76567	81
10,76633	82
10,76700	82
10,76767	82
10,76833	82
10,76900	82
10,76967	82
10,77033	82
10,77100	82
10,77167	82
10,77233	82
10,77300	82
10,77367	81
10,77433	81
10,77500	81
10,77567	81
10,77633	80
10,77700	80
10,77767	80
10,77833	80
10,77900	80
10,77967	80
10,78033	80
10,78100	79
10,78167	79
10,78233	79
10,78300	79
10,78367	79
10,78433	79
10,78500	79
10,78567	79
10,78633	79
10,78700	79
10,78767	79
10,78833	79
10,78900	79
10,78967	79
10,79033	79
10,79100	79
10,79167	79
10,79233	79
10,79300	79
10,79367	79
10,79433	78
10,79500	79
10,79567	79
10,79633	79
10,79700	79
10,79767	79
10,79833	79
10,79900	79
10,79967	79
10,80033	79
10,80100	79
10,80167	79
10,80233	79
10,80300	79
10,80367	79
10,80433	79
10,80500	78
10,80567	78
10,80633	78
10,80700	78
10,80767	78
10,80833	78
10,80900	78
10,80967	78
10,81033	78
10,81100	78
10,81167	78
10,81233	78
10,81300	78
10,81367	78
10,81433	78
10,81500	78
10,81567	78
10,81633	77
10,81700	77
10,81767	77
10,81833	77
10,81900	77
10,81967	77
10,82033	77
10,82100	77
10,82167	76
10,82233	76
10,82300	76
10,82367	76
10,82433	76
10,82500	76
10,82567	76
10,82633	76
10,82700	75
10,82767	75
10,82833	75
10,82900	75
10,82967	75
10,83033	75
10,83100	75
10,83167	76
10,83233	76
10,83300	76
10,83367	76
10,83433	76
10,83500	76
10,83567	76
10,83633	76
10,83700	76
10,83767	76
10,83833	76
10,83900	76
10,83967	76
10,84033	76
10,84100	75
10,84167	75
10,84233	75
10,84300	75
10,84367	75
10,84433	75
10,84500	75
10,84567	74
10,84633	74
10,84700	74
10,84767	74
10,84833	74
10,84900	74
10,84967	75
10,85033	75
10,85100	75
10,85167	75
10,85233	75
10,85300	75
10,85367	75
10,85433	74
10,85500	74
10,85567	74
10,85633	74
10,85700	74
10,85767	74
10,85833	74
10,85900	73
10,85967	73
10,86033	73
10,86100	72
10,86167	72
10,86233	72
10,86300	72
10,86367	71
10,86433	71
10,86500	71
10,86567	71
10,86633	70
10,86700	70
10,86767	70
10,86833	70
10,86900	69
10,86967	69
10,87033	69
10,87100	69
10,87167	69
10,87233	69
10,87300	69
10,87367	70
10,87433	70
10,87500	70
10,87567	70
10,87633	70
10,87700	69
10,87767	69
10,87833	69
10,87900	69
10,87967	69
10,88033	69
10,88100	69
10,88167	69
10,88233	69
10,88300	68
10,88367	68
10,88433	68
10,88500	68
10,88567	68
10,88633	68
10,88700	68
10,88767	68
10,88833	68
10,88900	68
10,88967	67
10,89033	67
10,89100	67
10,89167	67
10,89233	67
10,89300	68
10,89367	68
10,89433	68
10,89500	68
10,89567	68
10,89633	68
10,89700	68
10,89767	68
10,89833	68
10,89900	68
10,89967	68
10,90033	68
10,90100	68
10,90167	68
10,90233	67
10,90300	67
10,90367	67
10,90433	67
10,90500	67
10,90567	67
10,90633	67
10,90700	67
10,90767	67
10,90833	67
10,90900	67
10,90967	68
10,91033	68
10,91100	68
10,91167	68
10,91233	68
10,91300	68
10,91367	68
10,91433	68
10,91500	68
10,91567	69
10,91633	69
10,91700	69
10,91767	70
10,91833	70
10,91900	70
10,91967	70
10,92033	70
10,92100	70
10,92167	70
10,92233	70
10,92300	70
10,92367	70
10,92433	70
10,92500	70
10,92567	70
10,92633	70
10,92700	70
10,92767	69
10,92833	69
10,92900	69
10,92967	69
10,93033	69
10,93100	69
10,93167	69
10,93233	69
10,93300	69
10,93367	69
10,93433	69
10,93500	69
10,93567	69
10,93633	69
10,93700	69
10,93767	70
10,93833	70
10,93900	70
10,93967	70
10,94033	71
10,94100	71
10,94167	71
10,94233	71
10,94300	71
10,94367	71
10,94433	70
10,94500	70
10,94567	70
10,94633	70
10,94700	70
10,94767	70
10,94833	70
10,94900	70
10,94967	70
10,95033	71
10,95100	71
10,95167	71
10,95233	71
10,95300	71
10,95367	72
10,95433	72
10,95500	72
10,95567	72
10,95633	72
10,95700	72
10,95767	72
10,95833	72
10,95900	71
10,95967	71
10,96033	71
10,96100	71
10,96167	71
10,96233	70
10,96300	70
10,96367	69
10,96433	69
10,96500	69
10,96567	68
10,96633	68
10,96700	68
10,96767	68
10,96833	68
10,96900	68
10,96967	68
10,97033	68
10,97100	68
10,97167	68
10,97233	68
10,97300	68
10,97367	68
10,97433	67
10,97500	67
10,97567	68
10,97633	68
10,97700	68
10,97767	68
10,97833	68
10,97900	68
10,97967	68
10,98033	68
10,98100	67
10,98167	67
10,98233	67
10,98300	67
10,98367	66
10,98433	66
10,98500	65
10,98567	65
10,98633	65
10,98700	65
10,98767	65
10,98833	64
10,98900	64
10,98967	64
10,99033	64
10,99100	64
10,99167	64
10,99233	64
10,99300	64
10,99367	64
10,99433	64
10,99500	64
10,99567	64
10,99633	64
10,99700	64
10,99767	64
10,99833	64
10,99900	64
10,99967	64
11,00033	64
11,00100	65
11,00167	65
11,00233	65
11,00300	65
11,00367	65
11,00433	66
11,00500	66
11,00567	66
11,00633	66
11,00700	66
11,00767	66
11,00833	66
11,00900	66
11,00967	66
11,01033	66
11,01100	66
11,01167	66
11,01233	66
11,01300	67
11,01367	67
11,01433	67
11,01500	67
11,01567	68
11,01633	68
11,01700	68
11,01767	68
11,01833	69
11,01900	69
11,01967	69
11,02033	69
11,02100	70
11,02167	70
11,02233	71
11,02300	71
11,02367	71
11,02433	72
11,02500	72
11,02567	72
11,02633	73
11,02700	73
11,02767	73
11,02833	73
11,02900	73
11,02967	73
11,03033	73
11,03100	73
11,03167	73
11,03233	73
11,03300	73
11,03367	73
11,03433	73
11,03500	73
11,03567	74
11,03633	74
11,03700	74
11,03767	74
11,03833	74
11,03900	74
11,03967	74
11,04033	75
11,04100	75
11,04167	75
11,04233	75
11,04300	76
11,04367	76
11,04433	76
11,04500	77
11,04567	77
11,04633	77
11,04700	77
11,04767	78
11,04833	78
11,04900	78
11,04967	77
11,05033	77
11,05100	78
11,05167	78
11,05233	78
11,05300	78
11,05367	78
11,05433	78
11,05500	78
11,05567	78
11,05633	78
11,05700	78
11,05767	78
11,05833	78
11,05900	77
11,05967	77
11,06033	77
11,06100	76
11,06167	76
11,06233	76
11,06300	75
11,06367	75
11,06433	75
11,06500	74
11,06567	74
11,06633	74
11,06700	74
11,06767	74
11,06833	74
11,06900	74
11,06967	73
11,07033	73
11,07100	73
11,07167	73
11,07233	72
11,07300	72
11,07367	72
11,07433	72
11,07500	72
11,07567	72
11,07633	72
11,07700	72
11,07767	72
11,07833	72
11,07900	72
11,07967	72
11,08033	72
11,08100	72
11,08167	72
11,08233	71
11,08300	71
11,08367	71
11,08433	71
11,08500	71
11,08567	71
11,08633	71
11,08700	71
11,08767	71
11,08833	71
11,08900	71
11,08967	71
11,09033	71
11,09100	71
11,09167	70
11,09233	70
11,09300	70
11,09367	70
11,09433	70
11,09500	70
11,09567	70
11,09633	70
11,09700	70
11,09767	70
11,09833	70
11,09900	70
11,09967	70
11,10033	70
11,10100	71
11,10167	71
11,10233	71
11,10300	71
11,10367	70
11,10433	70
11,10500	70
11,10567	70
11,10633	70
11,10700	70
11,10767	70
11,10833	70
11,10900	70
11,10967	70
11,11033	70
11,11100	70
11,11167	70
11,11233	70
11,11300	70
11,11367	70
11,11433	69
11,11500	69
11,11567	69
11,11633	69
11,11700	69
11,11767	69
11,11833	70
11,11900	70
11,11967	71
11,12033	71
11,12100	71
11,12167	72
11,12233	72
11,12300	72
11,12367	72
11,12433	72
11,12500	72
11,12567	73
11,12633	73
11,12700	73
11,12767	73
11,12833	73
11,12900	73
11,12967	73
11,13033	73
11,13100	73
11,13167	73
11,13233	73
11,13300	73
11,13367	73
11,13433	73
11,13500	73
11,13567	73
11,13633	73
11,13700	73
11,13767	73
11,13833	73
11,13900	73
11,13967	74
11,14033	74
11,14100	74
11,14167	74
11,14233	73
11,14300	73
11,14367	73
11,14433	73
11,14500	73
11,14567	72
11,14633	72
11,14700	72
11,14767	72
11,14833	71
11,14900	71
11,14967	71
11,15033	71
11,15100	71
11,15167	71
11,15233	72
11,15300	72
11,15367	72
11,15433	72
11,15500	72
11,15567	72
11,15633	72
11,15700	72
11,15767	72
11,15833	72
11,15900	72
11,15967	72
11,16033	72
11,16100	72
11,16167	72
11,16233	72
11,16300	72
11,16367	72
11,16433	72
11,16500	72
11,16567	72
11,16633	72
11,16700	72
11,16767	72
11,16833	72
11,16900	72
11,16967	72
11,17033	71
11,17100	71
11,17167	71
11,17233	71
11,17300	72
11,17367	72
11,17433	72
11,17500	72
11,17567	71
11,17633	71
11,17700	71
11,17767	71
11,17833	71
11,17900	71
11,17967	71
11,18033	71
11,18100	71
11,18167	71
11,18233	71
11,18300	71
11,18367	71
11,18433	71
11,18500	71
11,18567	71
11,18633	71
11,18700	71
11,18767	71
11,18833	71
11,18900	71
11,18967	71
11,19033	71
11,19100	71
11,19167	71
11,19233	71
11,19300	71
11,19367	71
11,19433	71
11,19500	71
11,19567	71
11,19633	71
11,19700	71
11,19767	71
11,19833	71
11,19900	71
11,19967	70
11,20033	70
11,20100	70
11,20167	69
11,20233	69
11,20300	69
11,20367	68
11,20433	68
11,20500	68
11,20567	68
11,20633	68
11,20700	67
11,20767	67
11,20833	67
11,20900	66
11,20967	66
11,21033	66
11,21100	66
11,21167	66
11,21233	66
11,21300	66
11,21367	66
11,21433	66
11,21500	66
11,21567	66
11,21633	66
11,21700	66
11,21767	67
11,21833	67
11,21900	67
11,21967	67
11,22033	67
11,22100	68
11,22167	68
11,22233	68
11,22300	68
11,22367	68
11,22433	69
11,22500	69
11,22567	69
11,22633	70
11,22700	70
11,22767	70
11,22833	70
11,22900	70
11,22967	70
11,23033	70
11,23100	69
11,23167	69
11,23233	69
11,23300	68
11,23367	68
11,23433	68
11,23500	68
11,23567	67
11,23633	67
11,23700	67
11,23767	68
11,23833	67
11,23900	67
11,23967	67
11,24033	67
11,24100	67
11,24167	66
11,24233	66
11,24300	66
11,24367	66
11,24433	66
11,24500	66
11,24567	66
11,24633	66
11,24700	66
11,24767	66
11,24833	66
11,24900	65
11,24967	65
11,25033	65
11,25100	64
11,25167	64
11,25233	64
11,25300	63
11,25367	63
11,25433	63
11,25500	63
11,25567	62
11,25633	62
11,25700	62
11,25767	62
11,25833	61
11,25900	61
11,25967	61
11,26033	61
11,26100	61
11,26167	60
11,26233	60
11,26300	60
11,26367	60
11,26433	60
11,26500	60
11,26567	59
11,26633	59
11,26700	59
11,26767	59
11,26833	58
11,26900	58
11,26967	58
11,27033	58
11,27100	58
11,27167	57
11,27233	57
11,27300	57
11,27367	57
11,27433	57
11,27500	57
11,27567	57
11,27633	57
11,27700	57
11,27767	57
11,27833	57
11,27900	57
11,27967	56
11,28033	56
11,28100	56
11,28167	56
11,28233	56
11,28300	56
11,28367	56
11,28433	56
11,28500	56
11,28567	56
11,28633	56
11,28700	56
11,28767	56
11,28833	56
11,28900	56
11,28967	56
11,29033	56
11,29100	56
11,29167	56
11,29233	56
11,29300	56
11,29367	56
11,29433	56
11,29500	55
11,29567	55
11,29633	55
11,29700	54
11,29767	54
11,29833	54
11,29900	54
11,29967	54
11,30033	54
11,30100	54
11,30167	54
11,30233	54
11,30300	54
11,30367	54
11,30433	54
11,30500	54
11,30567	54
11,30633	54
11,30700	54
11,30767	54
11,30833	54
11,30900	54
11,30967	54
11,31033	54
11,31100	54
11,31167	54
11,31233	53
11,31300	53
11,31367	53
11,31433	52
11,31500	52
11,31567	52
11,31633	52
11,31700	52
11,31767	52
11,31833	51
11,31900	51
11,31967	51
11,32033	51
11,32100	51
11,32167	50
11,32233	50
11,32300	50
11,32367	50
11,32433	50
11,32500	50
11,32567	50
11,32633	50
11,32700	50
11,32767	51
11,32833	51
11,32900	51
11,32967	51
11,33033	51
11,33100	52
11,33167	52
11,33233	52
11,33300	52
11,33367	52
11,33433	52
11,33500	52
11,33567	52
11,33633	52
11,33700	52
11,33767	52
11,33833	52
11,33900	52
11,33967	52
11,34033	52
11,34100	52
11,34167	53
11,34233	53
11,34300	53
11,34367	53
11,34433	53
11,34500	53
11,34567	53
11,34633	53
11,34700	52
11,34767	52
11,34833	52
11,34900	51
11,34967	51
11,35033	51
11,35100	51
11,35167	50
11,35233	50
11,35300	50
11,35367	50
11,35433	50
11,35500	50
11,35567	50
11,35633	50
11,35700	50
11,35767	50
11,35833	50
11,35900	50
11,35967	50
11,36033	50
11,36100	50
11,36167	50
11,36233	50
11,36300	50
11,36367	51
11,36433	51
11,36500	51
11,36567	51
11,36633	51
11,36700	51
11,36767	51
11,36833	51
11,36900	51
11,36967	51
11,37033	51
11,37100	51
11,37167	51
11,37233	51
11,37300	50
11,37367	51
11,37433	51
11,37500	51
11,37567	51
11,37633	51
11,37700	51
11,37767	51
11,37833	52
11,37900	52
11,37967	52
11,38033	52
11,38100	52
11,38167	52
11,38233	52
11,38300	53
11,38367	53
11,38433	53
11,38500	54
11,38567	54
11,38633	54
11,38700	54
11,38767	55
11,38833	55
11,38900	55
11,38967	55
11,39033	55
11,39100	54
11,39167	55
11,39233	55
11,39300	55
11,39367	55
11,39433	55
11,39500	55
11,39567	56
11,39633	56
11,39700	56
11,39767	56
11,39833	57
11,39900	57
11,39967	57
11,40033	57
11,40100	57
11,40167	57
11,40233	57
11,40300	57
11,40367	57
11,40433	57
11,40500	57
11,40567	57
11,40633	57
11,40700	58
11,40767	58
11,40833	57
11,40900	57
11,40967	57
11,41033	57
11,41100	57
11,41167	57
11,41233	56
11,41300	56
11,41367	56
11,41433	56
11,41500	55
11,41567	55
11,41633	55
11,41700	55
11,41767	55
11,41833	55
11,41900	55
11,41967	55
11,42033	55
11,42100	55
11,42167	55
11,42233	54
11,42300	54
11,42367	54
11,42433	53
11,42500	53
11,42567	53
11,42633	52
11,42700	52
11,42767	52
11,42833	51
11,42900	51
11,42967	51
11,43033	51
11,43100	51
11,43167	51
11,43233	52
11,43300	52
11,43367	52
11,43433	53
11,43500	53
11,43567	53
11,43633	54
11,43700	54
11,43767	54
11,43833	54
11,43900	54
11,43967	54
11,44033	54
11,44100	54
11,44167	54
11,44233	54
11,44300	54
11,44367	54
11,44433	54
11,44500	55
11,44567	55
11,44633	55
11,44700	55
11,44767	55
11,44833	55
11,44900	55
11,44967	56
11,45033	56
11,45100	56
11,45167	56
11,45233	56
11,45300	56
11,45367	56
11,45433	56
11,45500	56
11,45567	56
11,45633	56
11,45700	56
11,45767	56
11,45833	56
11,45900	56
11,45967	56
11,46033	56
11,46100	56
11,46167	56
11,46233	56
11,46300	55
11,46367	55
11,46433	55
11,46500	55
11,46567	55
11,46633	55
11,46700	54
11,46767	54
11,46833	54
11,46900	54
11,46967	54
11,47033	54
11,47100	54
11,47167	53
11,47233	53
11,47300	53
11,47367	53
11,47433	53
11,47500	52
11,47567	52
11,47633	52
11,47700	52
11,47767	51
11,47833	51
11,47900	51
11,47967	51
11,48033	51
11,48100	51
11,48167	51
11,48233	51
11,48300	51
11,48367	51
11,48433	51
11,48500	51
11,48567	51
11,48633	51
11,48700	51
11,48767	51
11,48833	51
11,48900	51
11,48967	50
11,49033	50
11,49100	50
11,49167	50
11,49233	50
11,49300	50
11,49367	50
11,49433	50
11,49500	50
11,49567	50
11,49633	50
11,49700	50
11,49767	50
11,49833	50
11,49900	50
11,49967	50
11,50033	51
11,50100	51
11,50167	51
11,50233	51
11,50300	51
11,50367	51
11,50433	51
11,50500	51
11,50567	51
11,50633	51
11,50700	51
11,50767	51
11,50833	51
11,50900	51
11,50967	51
11,51033	51
11,51100	52
11,51167	52
11,51233	52
11,51300	53
11,51367	53
11,51433	53
11,51500	53
11,51567	53
11,51633	53
11,51700	53
11,51767	53
11,51833	53
11,51900	53
11,51967	53
11,52033	53
11,52100	53
11,52167	53
11,52233	53
11,52300	53
11,52367	53
11,52433	53
11,52500	53
11,52567	53
11,52633	53
11,52700	53
11,52767	53
11,52833	53
11,52900	53
11,52967	53
11,53033	53
11,53100	53
11,53167	53
11,53233	53
11,53300	53
11,53367	54
11,53433	54
11,53500	54
11,53567	54
11,53633	54
11,53700	54
11,53767	54
11,53833	54
11,53900	54
11,53967	54
11,54033	54
11,54100	54
11,54167	53
11,54233	53
11,54300	53
11,54367	52
11,54433	52
11,54500	52
11,54567	52
11,54633	52
11,54700	52
11,54767	52
11,54833	52
11,54900	52
11,54967	53
11,55033	53
11,55100	53
11,55167	53
11,55233	53
11,55300	53
11,55367	53
11,55433	53
11,55500	53
11,55567	53
11,55633	53
11,55700	52
11,55767	52
11,55833	52
11,55900	52
11,55967	52
11,56033	52
11,56100	52
11,56167	52
11,56233	52
11,56300	52
11,56367	52
11,56433	52
11,56500	53
11,56567	53
11,56633	53
11,56700	53
11,56767	53
11,56833	53
11,56900	53
11,56967	53
11,57033	53
11,57100	53
11,57167	53
11,57233	52
11,57300	52
11,57367	52
11,57433	52
11,57500	52
11,57567	51
11,57633	51
11,57700	51
11,57767	51
11,57833	51
11,57900	51
11,57967	51
11,58033	51
11,58100	51
11,58167	51
11,58233	50
11,58300	50
11,58367	50
11,58433	50
11,58500	50
11,58567	50
11,58633	50
11,58700	50
11,58767	51
11,58833	51
11,58900	51
11,58967	52
11,59033	52
11,59100	52
11,59167	53
11,59233	53
11,59300	53
11,59367	53
11,59433	53
11,59500	53
11,59567	53
11,59633	53
11,59700	54
11,59767	54
11,59833	54
11,59900	54
11,59967	54
11,60033	54
11,60100	54
11,60167	54
11,60233	53
11,60300	53
11,60367	53
11,60433	53
11,60500	53
11,60567	53
11,60633	52
11,60700	52
11,60767	52
11,60833	52
11,60900	52
11,60967	52
11,61033	52
11,61100	52
11,61167	52
11,61233	52
11,61300	51
11,61367	51
11,61433	51
11,61500	51
11,61567	50
11,61633	50
11,61700	50
11,61767	50
11,61833	50
11,61900	50
11,61967	50
11,62033	50
11,62100	50
11,62167	50
11,62233	50
11,62300	50
11,62367	50
11,62433	50
11,62500	50
11,62567	50
11,62633	50
11,62700	49
11,62767	49
11,62833	49
11,62900	50
11,62967	50
11,63033	50
11,63100	50
11,63167	51
11,63233	51
11,63300	51
11,63367	51
11,63433	51
11,63500	52
11,63567	52
11,63633	52
11,63700	52
11,63767	52
11,63833	52
11,63900	53
11,63967	53
11,64033	53
11,64100	53
11,64167	54
11,64233	54
11,64300	55
11,64367	55
11,64433	55
11,64500	56
11,64567	56
11,64633	56
11,64700	57
11,64767	57
11,64833	58
11,64900	58
11,64967	59
11,65033	59
11,65100	59
11,65167	60
11,65233	60
11,65300	60
11,65367	61
11,65433	61
11,65500	62
11,65567	62
11,65633	62
11,65700	63
11,65767	63
11,65833	63
11,65900	64
11,65967	64
11,66033	64
11,66100	65
11,66167	65
11,66233	65
11,66300	66
11,66367	66
11,66433	66
11,66500	67
11,66567	67
11,66633	67
11,66700	67
11,66767	68
11,66833	68
11,66900	68
11,66967	69
11,67033	69
11,67100	69
11,67167	70
11,67233	70
11,67300	70
11,67367	71
11,67433	71
11,67500	72
11,67567	72
11,67633	73
11,67700	73
11,67767	73
11,67833	73
11,67900	73
11,67967	73
11,68033	72
11,68100	72
11,68167	72
11,68233	72
11,68300	72
11,68367	72
11,68433	71
11,68500	71
11,68567	71
11,68633	71
11,68700	71
11,68767	71
11,68833	71
11,68900	71
11,68967	71
11,69033	70
11,69100	70
11,69167	70
11,69233	70
11,69300	69
11,69367	69
11,69433	69
11,69500	69
11,69567	69
11,69633	69
11,69700	69
11,69767	69
11,69833	69
11,69900	69
11,69967	69
11,70033	68
11,70100	68
11,70167	68
11,70233	67
11,70300	67
11,70367	67
11,70433	67
11,70500	67
11,70567	67
11,70633	68
11,70700	68
11,70767	68
11,70833	68
11,70900	68
11,70967	68
11,71033	68
11,71100	68
11,71167	68
11,71233	68
11,71300	68
11,71367	68
11,71433	68
11,71500	68
11,71567	68
11,71633	67
11,71700	67
11,71767	67
11,71833	67
11,71900	66
11,71967	66
11,72033	66
11,72100	66
11,72167	66
11,72233	66
11,72300	65
11,72367	65
11,72433	65
11,72500	65
11,72567	65
11,72633	65
11,72700	65
11,72767	65
11,72833	65
11,72900	65
11,72967	64
11,73033	64
11,73100	63
11,73167	63
11,73233	63
11,73300	62
11,73367	62
11,73433	62
11,73500	62
11,73567	62
11,73633	62
11,73700	62
11,73767	62
11,73833	62
11,73900	62
11,73967	61
11,74033	61
11,74100	61
11,74167	60
11,74233	60
11,74300	60
11,74367	60
11,74433	59
11,74500	59
11,74567	59
11,74633	59
11,74700	59
11,74767	60
11,74833	60
11,74900	60
11,74967	61
11,75033	61
11,75100	61
11,75167	61
11,75233	61
11,75300	61
11,75367	61
11,75433	61
11,75500	61
11,75567	61
11,75633	61
11,75700	61
11,75767	61
11,75833	61
11,75900	61
11,75967	61
11,76033	61
11,76100	61
11,76167	61
11,76233	61
11,76300	61
11,76367	60
11,76433	60
11,76500	60
11,76567	60
11,76633	59
11,76700	59
11,76767	59
11,76833	59
11,76900	59
11,76967	59
11,77033	59
11,77100	59
11,77167	60
11,77233	60
11,77300	60
11,77367	60
11,77433	60
11,77500	60
11,77567	59
11,77633	59
11,77700	59
11,77767	59
11,77833	59
11,77900	58
11,77967	58
11,78033	58
11,78100	58
11,78167	57
11,78233	57
11,78300	57
11,78367	57
11,78433	56
11,78500	56
11,78567	56
11,78633	56
11,78700	56
11,78767	56
11,78833	56
11,78900	56
11,78967	57
11,79033	57
11,79100	57
11,79167	57
11,79233	57
11,79300	57
11,79367	57
11,79433	57
11,79500	57
11,79567	56
11,79633	56
11,79700	56
11,79767	56
11,79833	56
11,79900	56
11,79967	56
11,80033	56
11,80100	57
11,80167	57
11,80233	57
11,80300	57
11,80367	57
11,80433	57
11,80500	57
11,80567	58
11,80633	58
11,80700	58
11,80767	58
11,80833	58
11,80900	58
11,80967	58
11,81033	59
11,81100	59
11,81167	59
11,81233	59
11,81300	59
11,81367	59
11,81433	59
11,81500	59
11,81567	59
11,81633	59
11,81700	60
11,81767	60
11,81833	60
11,81900	60
11,81967	60
11,82033	60
11,82100	60
11,82167	60
11,82233	60
11,82300	60
11,82367	60
11,82433	60
11,82500	61
11,82567	61
11,82633	61
11,82700	61
11,82767	61
11,82833	61
11,82900	61
11,82967	61
11,83033	60
11,83100	60
11,83167	60
11,83233	60
11,83300	60
11,83367	59
11,83433	59
11,83500	58
11,83567	58
11,83633	58
11,83700	57
11,83767	57
11,83833	57
11,83900	57
11,83967	56
11,84033	56
11,84100	56
11,84167	56
11,84233	56
11,84300	56
11,84367	56
11,84433	56
11,84500	56
11,84567	56
11,84633	56
11,84700	56
11,84767	56
11,84833	55
11,84900	55
11,84967	55
11,85033	55
11,85100	55
11,85167	56
11,85233	56
11,85300	56
11,85367	56
11,85433	56
11,85500	56
11,85567	56
11,85633	56
11,85700	56
11,85767	56
11,85833	56
11,85900	56
11,85967	56
11,86033	56
11,86100	56
11,86167	56
11,86233	56
11,86300	56
11,86367	56
11,86433	56
11,86500	56
11,86567	55
11,86633	55
11,86700	55
11,86767	55
11,86833	55
11,86900	54
11,86967	54
11,87033	54
11,87100	54
11,87167	54
11,87233	54
11,87300	53
11,87367	53
11,87433	53
11,87500	53
11,87567	53
11,87633	52
11,87700	52
11,87767	52
11,87833	52
11,87900	52
11,87967	51
11,88033	51
11,88100	51
11,88167	51
11,88233	50
11,88300	50
11,88367	50
11,88433	50
11,88500	50
11,88567	50
11,88633	50
11,88700	50
11,88767	50
11,88833	49
11,88900	49
11,88967	50
11,89033	50
11,89100	50
11,89167	50
11,89233	50
11,89300	50
11,89367	50
11,89433	50
11,89500	51
11,89567	51
11,89633	51
11,89700	51
11,89767	51
11,89833	51
11,89900	51
11,89967	51
11,90033	51
11,90100	51
11,90167	51
11,90233	51
11,90300	52
11,90367	52
11,90433	52
11,90500	52
11,90567	52
11,90633	53
11,90700	53
11,90767	53
11,90833	53
11,90900	53
11,90967	52
11,91033	52
11,91100	52
11,91167	52
11,91233	52
11,91300	52
11,91367	52
11,91433	52
11,91500	52
11,91567	52
11,91633	53
11,91700	53
11,91767	53
11,91833	54
11,91900	54
11,91967	54
11,92033	54
11,92100	54
11,92167	54
11,92233	54
11,92300	54
11,92367	54
11,92433	54
11,92500	54
11,92567	54
11,92633	54
11,92700	54
11,92767	54
11,92833	54
11,92900	54
11,92967	54
11,93033	54
11,93100	54
11,93167	54
11,93233	54
11,93300	54
11,93367	54
11,93433	53
11,93500	53
11,93567	53
11,93633	53
11,93700	54
11,93767	54
11,93833	54
11,93900	54
11,93967	54
11,94033	54
11,94100	54
11,94167	54
11,94233	54
11,94300	54
11,94367	54
11,94433	54
11,94500	54
11,94567	54
11,94633	53
11,94700	53
11,94767	53
11,94833	53
11,94900	53
11,94967	53
11,95033	53
11,95100	53
11,95167	53
11,95233	53
11,95300	53
11,95367	53
11,95433	53
11,95500	54
11,95567	54
11,95633	54
11,95700	55
11,95767	55
11,95833	56
11,95900	56
11,95967	57
11,96033	58
11,96100	58
11,96167	59
11,96233	59
11,96300	60
11,96367	60
11,96433	60
11,96500	60
11,96567	60
11,96633	60
11,96700	60
11,96767	60
11,96833	60
11,96900	60
11,96967	60
11,97033	60
11,97100	60
11,97167	60
11,97233	60
11,97300	60
11,97367	60
11,97433	60
11,97500	60
11,97567	60
11,97633	60
11,97700	60
11,97767	60
11,97833	60
11,97900	60
11,97967	60
11,98033	60
11,98100	61
11,98167	61
11,98233	61
11,98300	61
11,98367	61
11,98433	61
11,98500	61
11,98567	61
11,98633	60
11,98700	60
11,98767	59
11,98833	59
11,98900	58
11,98967	58
11,99033	58
11,99100	58
11,99167	57
11,99233	57
11,99300	57
11,99367	57
11,99433	57
11,99500	57
11,99567	57
11,99633	58
11,99700	58
11,99767	58
11,99833	58
11,99900	58
11,99967	58
12,00033	58
12,00100	58
12,00167	58
12,00233	59
12,00300	59
12,00367	59
12,00433	59
12,00500	59
12,00567	59
12,00633	59
12,00700	59
12,00767	59
12,00833	58
12,00900	58
12,00967	58
12,01033	58
12,01100	58
12,01167	58
12,01233	58
12,01300	58
12,01367	58
12,01433	58
12,01500	58
12,01567	58
12,01633	58
12,01700	58
12,01767	58
12,01833	58
12,01900	58
12,01967	58
12,02033	58
12,02100	58
12,02167	57
12,02233	57
12,02300	57
12,02367	57
12,02433	57
12,02500	58
12,02567	58
12,02633	57
12,02700	57
12,02767	57
12,02833	57
12,02900	57
12,02967	57
12,03033	57
12,03100	57
12,03167	57
12,03233	57
12,03300	57
12,03367	57
12,03433	57
12,03500	57
12,03567	57
12,03633	57
12,03700	57
12,03767	57
12,03833	57
12,03900	57
12,03967	57
12,04033	56
12,04100	56
12,04167	56
12,04233	55
12,04300	55
12,04367	55
12,04433	55
12,04500	55
12,04567	55
12,04633	55
12,04700	55
12,04767	55
12,04833	55
12,04900	55
12,04967	55
12,05033	54
12,05100	54
12,05167	54
12,05233	54
12,05300	54
12,05367	53
12,05433	53
12,05500	53
12,05567	53
12,05633	53
12,05700	53
12,05767	53
12,05833	52
12,05900	52
12,05967	53
12,06033	53
12,06100	53
12,06167	53
12,06233	53
12,06300	53
12,06367	53
12,06433	53
12,06500	53
12,06567	53
12,06633	53
12,06700	53
12,06767	53
12,06833	53
12,06900	53
12,06967	53
12,07033	53
12,07100	53
12,07167	53
12,07233	53
12,07300	53
12,07367	53
12,07433	53
12,07500	53
12,07567	53
12,07633	53
12,07700	53
12,07767	53
12,07833	53
12,07900	53
12,07967	53
12,08033	53
12,08100	53
12,08167	53
12,08233	53
12,08300	52
12,08367	52
12,08433	52
12,08500	51
12,08567	51
12,08633	51
12,08700	51
12,08767	51
12,08833	51
12,08900	51
12,08967	51
12,09033	51
12,09100	51
12,09167	51
12,09233	51
12,09300	51
12,09367	51
12,09433	51
12,09500	50
12,09567	50
12,09633	50
12,09700	50
12,09767	50
12,09833	50
12,09900	50
12,09967	50
12,10033	50
12,10100	50
12,10167	50
12,10233	50
12,10300	50
12,10367	50
12,10433	50
12,10500	50
12,10567	50
12,10633	49
12,10700	49
12,10767	49
12,10833	49
12,10900	49
12,10967	50
12,11033	50
12,11100	50
12,11167	51
12,11233	51
12,11300	52
12,11367	52
12,11433	53
12,11500	53
12,11567	53
12,11633	53
12,11700	54
12,11767	53
12,11833	53
12,11900	53
12,11967	53
12,12033	53
12,12100	53
12,12167	53
12,12233	53
12,12300	53
12,12367	53
12,12433	53
12,12500	53
12,12567	53
12,12633	53
12,12700	53
12,12767	53
12,12833	53
12,12900	53
12,12967	53
12,13033	53
12,13100	53
12,13167	53
12,13233	53
12,13300	53
12,13367	53
12,13433	54
12,13500	54
12,13567	54
12,13633	54
12,13700	54
12,13767	54
12,13833	54
12,13900	54
12,13967	54
12,14033	54
12,14100	54
12,14167	54
12,14233	54
12,14300	54
12,14367	54
12,14433	54
12,14500	54
12,14567	54
12,14633	54
12,14700	54
12,14767	54
12,14833	54
12,14900	54
12,14967	54
12,15033	54
12,15100	54
12,15167	54
12,15233	54
12,15300	54
12,15367	54
12,15433	54
12,15500	54
12,15567	54
12,15633	54
12,15700	54
12,15767	54
12,15833	54
12,15900	54
12,15967	54
12,16033	54
12,16100	54
12,16167	53
12,16233	53
12,16300	53
12,16367	53
12,16433	52
12,16500	52
12,16567	52
12,16633	52
12,16700	52
12,16767	52
12,16833	52
12,16900	52
12,16967	52
12,17033	52
12,17100	52
12,17167	52
12,17233	53
12,17300	53
12,17367	53
12,17433	53
12,17500	53
12,17567	53
12,17633	53
12,17700	54
12,17767	54
12,17833	54
12,17900	54
12,17967	54
12,18033	54
12,18100	54
12,18167	53
12,18233	53
12,18300	53
12,18367	53
12,18433	53
12,18500	53
12,18567	53
12,18633	53
12,18700	53
12,18767	53
12,18833	53
12,18900	53
12,18967	53
12,19033	53
12,19100	53
12,19167	53
12,19233	53
12,19300	53
12,19367	52
12,19433	52
12,19500	52
12,19567	52
12,19633	52
12,19700	52
12,19767	52
12,19833	52
12,19900	52
12,19967	52
12,20033	52
12,20100	52
12,20167	51
12,20233	51
12,20300	51
12,20367	51
12,20433	51
12,20500	51
12,20567	51
12,20633	51
12,20700	51
12,20767	51
12,20833	51
12,20900	51
12,20967	51
12,21033	51
12,21100	51
12,21167	51
12,21233	51
12,21300	51
12,21367	51
12,21433	51
12,21500	51
12,21567	52
12,21633	52
12,21700	52
12,21767	52
12,21833	52
12,21900	52
12,21967	51
12,22033	52
12,22100	52
12,22167	52
12,22233	52
12,22300	52
12,22367	52
12,22433	52
12,22500	52
12,22567	53
12,22633	53
12,22700	53
12,22767	53
12,22833	53
12,22900	53
12,22967	53
12,23033	53
12,23100	53
12,23167	52
12,23233	52
12,23300	52
12,23367	52
12,23433	52
12,23500	51
12,23567	51
12,23633	51
12,23700	51
12,23767	51
12,23833	51
12,23900	51
12,23967	51
12,24033	51
12,24100	51
12,24167	51
12,24233	51
12,24300	51
12,24367	51
12,24433	51
12,24500	51
12,24567	51
12,24633	51
12,24700	51
12,24767	51
12,24833	51
12,24900	52
12,24967	52
12,25033	52
12,25100	52
12,25167	52
12,25233	53
12,25300	53
12,25367	52
12,25433	52
12,25500	52
12,25567	52
12,25633	52
12,25700	52
12,25767	51
12,25833	51
12,25900	51
12,25967	51
12,26033	50
12,26100	50
12,26167	50
12,26233	50
12,26300	50
12,26367	50
12,26433	50
12,26500	50
12,26567	49
12,26633	50
12,26700	50
12,26767	50
12,26833	50
12,26900	50
12,26967	50
12,27033	50
12,27100	50
12,27167	50
12,27233	50
12,27300	51
12,27367	51
12,27433	51
12,27500	51
12,27567	50
12,27633	50
12,27700	50
12,27767	50
12,27833	50
12,27900	50
12,27967	50
12,28033	50
12,28100	50
12,28167	51
12,28233	51
12,28300	51
12,28367	51
12,28433	51
12,28500	51
12,28567	51
12,28633	51
12,28700	51
12,28767	51
12,28833	51
12,28900	51
12,28967	51
12,29033	51
12,29100	51
12,29167	50
12,29233	50
12,29300	50
12,29367	50
12,29433	50
12,29500	50
12,29567	50
12,29633	50
12,29700	50
12,29767	50
12,29833	50
12,29900	50
12,29967	49
12,30033	49
12,30100	49
12,30167	50
12,30233	50
12,30300	50
12,30367	50
12,30433	50
12,30500	51
12,30567	51
12,30633	51
12,30700	51
12,30767	51
12,30833	51
12,30900	51
12,30967	51
12,31033	51
12,31100	51
12,31167	51
12,31233	51
12,31300	51
12,31367	51
12,31433	51
12,31500	52
12,31567	52
12,31633	52
12,31700	52
12,31767	52
12,31833	52
12,31900	51
12,31967	51
12,32033	51
12,32100	51
12,32167	51
12,32233	51
12,32300	51
12,32367	51
12,32433	51
12,32500	51
12,32567	51
12,32633	52
12,32700	52
12,32767	52
12,32833	52
12,32900	52
12,32967	52
12,33033	52
12,33100	51
12,33167	51
12,33233	51
12,33300	51
12,33367	51
12,33433	51
12,33500	51
12,33567	51
12,33633	51
12,33700	51
12,33767	51
12,33833	51
12,33900	51
12,33967	51
12,34033	51
12,34100	51
12,34167	51
12,34233	51
12,34300	51
12,34367	51
12,34433	51
12,34500	51
12,34567	51
12,34633	51
12,34700	51
12,34767	50
12,34833	50
12,34900	50
12,34967	50
12,35033	50
12,35100	50
12,35167	49
12,35233	49
12,35300	49
12,35367	49
12,35433	48
12,35500	48
12,35567	48
12,35633	48
12,35700	48
12,35767	48
12,35833	48
12,35900	48
12,35967	47
12,36033	47
12,36100	47
12,36167	47
12,36233	47
12,36300	47
12,36367	48
12,36433	48
12,36500	48
12,36567	48
12,36633	49
12,36700	49
12,36767	49
12,36833	50
12,36900	50
12,36967	50
12,37033	51
12,37100	51
12,37167	51
12,37233	51
12,37300	51
12,37367	51
12,37433	51
12,37500	51
12,37567	51
12,37633	51
12,37700	51
12,37767	51
12,37833	51
12,37900	51
12,37967	51
12,38033	52
12,38100	52
12,38167	52
12,38233	52
12,38300	52
12,38367	52
12,38433	52
12,38500	52
12,38567	53
12,38633	53
12,38700	53
12,38767	53
12,38833	53
12,38900	54
12,38967	54
12,39033	54
12,39100	54
12,39167	55
12,39233	55
12,39300	55
12,39367	55
12,39433	55
12,39500	55
12,39567	55
12,39633	55
12,39700	55
12,39767	55
12,39833	55
12,39900	55
12,39967	55
12,40033	55
12,40100	55
12,40167	55
12,40233	54
12,40300	54
12,40367	54
12,40433	53
12,40500	53
12,40567	53
12,40633	52
12,40700	52
12,40767	52
12,40833	52
12,40900	51
12,40967	51
12,41033	51
12,41100	51
12,41167	52
12,41233	52
12,41300	52
12,41367	52
12,41433	53
12,41500	53
12,41567	53
12,41633	53
12,41700	53
12,41767	53
12,41833	53
12,41900	53
12,41967	53
12,42033	53
12,42100	53
12,42167	54
12,42233	54
12,42300	54
12,42367	54
12,42433	54
12,42500	54
12,42567	54
12,42633	54
12,42700	54
12,42767	54
12,42833	54
12,42900	54
12,42967	54
12,43033	54
12,43100	54
12,43167	54
12,43233	54
12,43300	54
12,43367	54
12,43433	54
12,43500	54
12,43567	53
12,43633	53
12,43700	53
12,43767	53
12,43833	52
12,43900	52
12,43967	52
12,44033	52
12,44100	52
12,44167	52
12,44233	52
12,44300	52
12,44367	52
12,44433	52
12,44500	52
12,44567	51
12,44633	51
12,44700	51
12,44767	51
12,44833	51
12,44900	51
12,44967	51
12,45033	51
12,45100	51
12,45167	51
12,45233	51
12,45300	51
12,45367	51
12,45433	51
12,45500	51
12,45567	51
12,45633	51
12,45700	51
12,45767	51
12,45833	51
12,45900	51
12,45967	51
12,46033	51
12,46100	52
12,46167	52
12,46233	52
12,46300	52
12,46367	52
12,46433	51
12,46500	51
12,46567	51
12,46633	51
12,46700	51
12,46767	50
12,46833	50
12,46900	50
12,46967	50
12,47033	50
12,47100	50
12,47167	50
12,47233	50
12,47300	50
12,47367	50
12,47433	50
12,47500	50
12,47567	50
12,47633	50
12,47700	50
12,47767	49
12,47833	49
12,47900	49
12,47967	49
12,48033	50
12,48100	50
12,48167	50
12,48233	50
12,48300	50
12,48367	50
12,48433	50
12,48500	50
12,48567	51
12,48633	51
12,48700	51
12,48767	51
12,48833	51
12,48900	51
12,48967	51
12,49033	51
12,49100	51
12,49167	52
12,49233	52
12,49300	51
12,49367	51
12,49433	51
12,49500	51
12,49567	51
12,49633	51
12,49700	51
12,49767	51
12,49833	50
12,49900	50
12,49967	50
12,50033	50
12,50100	49
12,50167	49
12,50233	49
12,50300	48
12,50367	48
12,50433	48
12,50500	48
12,50567	48
12,50633	48
12,50700	48
12,50767	48
12,50833	49
12,50900	49
12,50967	49
12,51033	49
12,51100	49
12,51167	49
12,51233	48
12,51300	48
12,51367	48
12,51433	48
12,51500	47
12,51567	47
12,51633	47
12,51700	48
12,51767	48
12,51833	48
12,51900	48
12,51967	48
12,52033	49
12,52100	49
12,52167	49
12,52233	49
12,52300	49
12,52367	49
12,52433	49
12,52500	49
12,52567	49
12,52633	49
12,52700	49
12,52767	49
12,52833	49
12,52900	49
12,52967	49
12,53033	49
12,53100	49
12,53167	49
12,53233	49
12,53300	49
12,53367	49
12,53433	49
12,53500	48
12,53567	48
12,53633	48
12,53700	48
12,53767	48
12,53833	48
12,53900	49
12,53967	49
12,54033	49
12,54100	49
12,54167	49
12,54233	49
12,54300	49
12,54367	49
12,54433	49
12,54500	49
12,54567	49
12,54633	49
12,54700	50
12,54767	50
12,54833	50
12,54900	51
12,54967	51
12,55033	51
12,55100	51
12,55167	52
12,55233	52
12,55300	52
12,55367	52
12,55433	51
12,55500	51
12,55567	51
12,55633	51
12,55700	50
12,55767	50
12,55833	50
12,55900	50
12,55967	51
12,56033	51
12,56100	51
12,56167	51
12,56233	50
12,56300	50
12,56367	50
12,56433	50
12,56500	51
12,56567	51
12,56633	51
12,56700	51
12,56767	51
12,56833	51
12,56900	51
12,56967	51
12,57033	51
12,57100	51
12,57167	51
12,57233	52
12,57300	52
12,57367	52
12,57433	52
12,57500	52
12,57567	52
12,57633	52
12,57700	51
12,57767	51
12,57833	51
12,57900	51
12,57967	51
12,58033	51
12,58100	51
12,58167	51
12,58233	51
12,58300	51
12,58367	51
12,58433	50
12,58500	50
12,58567	50
12,58633	50
12,58700	50
12,58767	50
12,58833	50
12,58900	50
12,58967	50
12,59033	50
12,59100	50
12,59167	50
12,59233	50
12,59300	50
12,59367	51
12,59433	51
12,59500	51
12,59567	51
12,59633	52
12,59700	52
12,59767	52
12,59833	52
12,59900	52
12,59967	52
12,60033	52
12,60100	52
12,60167	52
12,60233	52
12,60300	52
12,60367	51
12,60433	51
12,60500	51
12,60567	51
12,60633	51
12,60700	51
12,60767	51
12,60833	50
12,60900	51
12,60967	51
12,61033	51
12,61100	51
12,61167	51
12,61233	51
12,61300	51
12,61367	52
12,61433	52
12,61500	52
12,61567	52
12,61633	52
12,61700	52
12,61767	52
12,61833	52
12,61900	52
12,61967	52
12,62033	51
12,62100	51
12,62167	51
12,62233	51
12,62300	51
12,62367	51
12,62433	51
12,62500	51
12,62567	50
12,62633	50
12,62700	50
12,62767	50
12,62833	50
12,62900	50
12,62967	51

