[Header]
Application Name	LabSolutions
Version	5.97
Data File Name	G:\GC data\Mara\MWH_018\MWH_018_t5m_04.03.2026_41.gcd
Output Date	09.04.2026
Output Time	10:47:42

[File Information]
Type	Data File
Generated	05.03.2026 01:41:05
Generated by	System Administrator
Modified	09.04.2026 10:47:42
Modified by	System Administrator

[Sample Information]
Operator Name	System Administrator
Acquired	05.03.2026 01:44:18
Sample Type	0:Unknown
Level	1
Sample Name	MWH_018_t5m
Sample ID	
ISTD Amount1	1
ISTD Amount2	1
ISTD Amount3	1
ISTD Amount4	1
ISTD Amount5	1
ISTD Amount6	1
ISTD Amount7	1
ISTD Amount8	1
ISTD Amount9	1
ISTD Amount10	1
ISTD Amount11	1
ISTD Amount12	1
ISTD Amount13	1
ISTD Amount14	1
ISTD Amount15	1
ISTD Amount16	1
ISTD Amount17	1
ISTD Amount18	1
ISTD Amount19	1
ISTD Amount20	1
ISTD Amount21	1
ISTD Amount22	1
ISTD Amount23	1
ISTD Amount24	1
ISTD Amount25	1
ISTD Amount26	1
ISTD Amount27	1
ISTD Amount28	1
ISTD Amount29	1
ISTD Amount30	1
ISTD Amount31	1
ISTD Amount32	1
Sample Amount	1
Dilution Factor	1
Vial#	13
Injection Volume	0,2
Injection Count	1
Bar Code	

[Original Files]
Data File	G:\GC data\Mara\MWH_018_t5m_04.03.2026_41.gcd
Method File	G:\GC data\MWH3_60-150-200_0-2uL_split50.gcm
Batch File	G:\GC data\Mara\wash_2026-03-04.gcb
Report Format File	c:\LabSolutions\System\DEFAULT.lsr

[File Description]


[Configuration]
Instrument Name	GC-3
Instrument #	1
Line #	1
# of Detectors	1
Detector ID	DET#4
Detector Name	FID1
# of Channels	1

[Peak Table(Ch1)]
# of Peaks	8
Peak#	R.Time	I.Time	F.Time	Area	Height	A/H	Conc.	Mark	ID#	Name	k'	Plate #	Plate Ht.	Tailing	Resolution	Sep.Factor	Area Ratio	Height Ratio	Conc. %	Norm Conc.
1	1,333	1,321	1,410	2035	1566	1,299	0,000	 V 			0,000	27124	0,000	0,000	0,000	0,000	0	0	0,000	0,000
2	1,450	1,410	1,517	99651	75272	1,324	0,000	 V 			0,088	29121	0,000	1,444	3,537	0,000	0	0	0,000	0,000
3	1,568	1,517	2,086	5661324	4350624	1,301	0,000	SV 			0,176	35992	0,000	1,427	3,520	2,005	0	0	0,000	0,000
4	1,894	1,820	2,002	335571	237252	1,414	0,000	T  			0,421	46161	0,000	1,159	9,580	2,390	0	0	0,000	0,000
5	2,544	2,478	2,810	4576180	2879510	1,589	0,000	   			0,908	66217	0,000	1,032	17,414	2,158	0	0	0,000	0,000
6	3,926	3,888	4,135	294988	195893	1,506	0,000	S  			1,945	169944	0,000	1,228	35,710	2,142	0	0	0,000	0,000
7	5,523	5,493	5,600	1392	898	1,551	0,000	   			3,143	309954	0,000	1,333	41,173	1,616	0	0	0,000	0,000
8	7,519	7,476	7,943	203125	118538	1,714	0,000	   			4,641	563936	0,000	1,265	50,199	1,476	0	0	0,000	0,000

[Chromatogram (Ch1)]
Interval(msec)	40
# of Points	18945
Start Time(min)	0,000
End Time(min)	12,630
R.Time (min)	Intensity
0,00033	-23
0,00100	-24
0,00167	-24
0,00233	-24
0,00300	-24
0,00367	-24
0,00433	-24
0,00500	-24
0,00567	-24
0,00633	-24
0,00700	-24
0,00767	-25
0,00833	-25
0,00900	-25
0,00967	-25
0,01033	-24
0,01100	-24
0,01167	-24
0,01233	-24
0,01300	-24
0,01367	-24
0,01433	-24
0,01500	-24
0,01567	-24
0,01633	-25
0,01700	-25
0,01767	-25
0,01833	-25
0,01900	-25
0,01967	-25
0,02033	-25
0,02100	-25
0,02167	-24
0,02233	-24
0,02300	-24
0,02367	-23
0,02433	-23
0,02500	-23
0,02567	-23
0,02633	-23
0,02700	-23
0,02767	-23
0,02833	-23
0,02900	-23
0,02967	-23
0,03033	-23
0,03100	-22
0,03167	-22
0,03233	-22
0,03300	-22
0,03367	-22
0,03433	-22
0,03500	-22
0,03567	-21
0,03633	-21
0,03700	-21
0,03767	-21
0,03833	-21
0,03900	-21
0,03967	-21
0,04033	-21
0,04100	-21
0,04167	-21
0,04233	-21
0,04300	-21
0,04367	-21
0,04433	-21
0,04500	-21
0,04567	-22
0,04633	-22
0,04700	-23
0,04767	-23
0,04833	-23
0,04900	-24
0,04967	-24
0,05033	-24
0,05100	-24
0,05167	-24
0,05233	-24
0,05300	-24
0,05367	-24
0,05433	-24
0,05500	-24
0,05567	-25
0,05633	-25
0,05700	-25
0,05767	-25
0,05833	-25
0,05900	-25
0,05967	-25
0,06033	-25
0,06100	-25
0,06167	-25
0,06233	-25
0,06300	-25
0,06367	-25
0,06433	-24
0,06500	-24
0,06567	-24
0,06633	-24
0,06700	-24
0,06767	-24
0,06833	-23
0,06900	-23
0,06967	-23
0,07033	-22
0,07100	-22
0,07167	-22
0,07233	-22
0,07300	-22
0,07367	-23
0,07433	-23
0,07500	-23
0,07567	-22
0,07633	-22
0,07700	-22
0,07767	-22
0,07833	-22
0,07900	-22
0,07967	-22
0,08033	-22
0,08100	-22
0,08167	-22
0,08233	-22
0,08300	-22
0,08367	-22
0,08433	-21
0,08500	-21
0,08567	-21
0,08633	-21
0,08700	-21
0,08767	-21
0,08833	-22
0,08900	-22
0,08967	-22
0,09033	-22
0,09100	-23
0,09167	-23
0,09233	-23
0,09300	-23
0,09367	-23
0,09433	-23
0,09500	-23
0,09567	-23
0,09633	-23
0,09700	-23
0,09767	-23
0,09833	-23
0,09900	-23
0,09967	-24
0,10033	-24
0,10100	-24
0,10167	-25
0,10233	-25
0,10300	-25
0,10367	-26
0,10433	-26
0,10500	-27
0,10567	-27
0,10633	-27
0,10700	-27
0,10767	-27
0,10833	-27
0,10900	-27
0,10967	-27
0,11033	-27
0,11100	-26
0,11167	-26
0,11233	-26
0,11300	-26
0,11367	-26
0,11433	-26
0,11500	-26
0,11567	-26
0,11633	-26
0,11700	-26
0,11767	-25
0,11833	-25
0,11900	-25
0,11967	-25
0,12033	-25
0,12100	-25
0,12167	-25
0,12233	-25
0,12300	-26
0,12367	-26
0,12433	-26
0,12500	-26
0,12567	-26
0,12633	-26
0,12700	-26
0,12767	-26
0,12833	-27
0,12900	-27
0,12967	-27
0,13033	-27
0,13100	-27
0,13167	-27
0,13233	-27
0,13300	-27
0,13367	-27
0,13433	-27
0,13500	-27
0,13567	-27
0,13633	-27
0,13700	-26
0,13767	-26
0,13833	-26
0,13900	-26
0,13967	-26
0,14033	-26
0,14100	-26
0,14167	-26
0,14233	-26
0,14300	-26
0,14367	-26
0,14433	-26
0,14500	-27
0,14567	-27
0,14633	-27
0,14700	-27
0,14767	-28
0,14833	-28
0,14900	-28
0,14967	-28
0,15033	-28
0,15100	-28
0,15167	-27
0,15233	-27
0,15300	-27
0,15367	-27
0,15433	-27
0,15500	-27
0,15567	-27
0,15633	-26
0,15700	-26
0,15767	-26
0,15833	-26
0,15900	-25
0,15967	-25
0,16033	-25
0,16100	-25
0,16167	-25
0,16233	-24
0,16300	-24
0,16367	-24
0,16433	-24
0,16500	-24
0,16567	-23
0,16633	-23
0,16700	-23
0,16767	-22
0,16833	-22
0,16900	-22
0,16967	-22
0,17033	-22
0,17100	-22
0,17167	-22
0,17233	-22
0,17300	-22
0,17367	-22
0,17433	-22
0,17500	-22
0,17567	-22
0,17633	-22
0,17700	-23
0,17767	-23
0,17833	-23
0,17900	-23
0,17967	-23
0,18033	-24
0,18100	-24
0,18167	-24
0,18233	-25
0,18300	-25
0,18367	-25
0,18433	-26
0,18500	-26
0,18567	-26
0,18633	-26
0,18700	-26
0,18767	-26
0,18833	-26
0,18900	-26
0,18967	-26
0,19033	-25
0,19100	-25
0,19167	-25
0,19233	-25
0,19300	-25
0,19367	-25
0,19433	-25
0,19500	-26
0,19567	-26
0,19633	-26
0,19700	-27
0,19767	-27
0,19833	-27
0,19900	-27
0,19967	-27
0,20033	-27
0,20100	-27
0,20167	-27
0,20233	-27
0,20300	-27
0,20367	-27
0,20433	-27
0,20500	-28
0,20567	-28
0,20633	-28
0,20700	-28
0,20767	-28
0,20833	-28
0,20900	-29
0,20967	-28
0,21033	-28
0,21100	-28
0,21167	-28
0,21233	-28
0,21300	-28
0,21367	-28
0,21433	-27
0,21500	-27
0,21567	-27
0,21633	-27
0,21700	-28
0,21767	-28
0,21833	-28
0,21900	-28
0,21967	-28
0,22033	-28
0,22100	-29
0,22167	-29
0,22233	-29
0,22300	-29
0,22367	-28
0,22433	-28
0,22500	-28
0,22567	-27
0,22633	-27
0,22700	-26
0,22767	-26
0,22833	-26
0,22900	-25
0,22967	-25
0,23033	-25
0,23100	-25
0,23167	-25
0,23233	-25
0,23300	-25
0,23367	-25
0,23433	-25
0,23500	-25
0,23567	-25
0,23633	-25
0,23700	-25
0,23767	-25
0,23833	-25
0,23900	-25
0,23967	-25
0,24033	-25
0,24100	-25
0,24167	-25
0,24233	-25
0,24300	-25
0,24367	-24
0,24433	-24
0,24500	-24
0,24567	-24
0,24633	-24
0,24700	-24
0,24767	-24
0,24833	-24
0,24900	-24
0,24967	-24
0,25033	-24
0,25100	-24
0,25167	-24
0,25233	-24
0,25300	-24
0,25367	-23
0,25433	-23
0,25500	-23
0,25567	-22
0,25633	-22
0,25700	-22
0,25767	-22
0,25833	-22
0,25900	-22
0,25967	-22
0,26033	-22
0,26100	-22
0,26167	-22
0,26233	-22
0,26300	-22
0,26367	-22
0,26433	-23
0,26500	-23
0,26567	-23
0,26633	-24
0,26700	-24
0,26767	-24
0,26833	-24
0,26900	-25
0,26967	-25
0,27033	-26
0,27100	-26
0,27167	-26
0,27233	-26
0,27300	-26
0,27367	-27
0,27433	-27
0,27500	-27
0,27567	-27
0,27633	-27
0,27700	-27
0,27767	-27
0,27833	-27
0,27900	-27
0,27967	-27
0,28033	-27
0,28100	-27
0,28167	-26
0,28233	-26
0,28300	-26
0,28367	-26
0,28433	-25
0,28500	-25
0,28567	-25
0,28633	-24
0,28700	-24
0,28767	-24
0,28833	-24
0,28900	-23
0,28967	-23
0,29033	-23
0,29100	-24
0,29167	-24
0,29233	-24
0,29300	-24
0,29367	-24
0,29433	-25
0,29500	-25
0,29567	-25
0,29633	-25
0,29700	-25
0,29767	-25
0,29833	-26
0,29900	-26
0,29967	-26
0,30033	-27
0,30100	-27
0,30167	-28
0,30233	-28
0,30300	-28
0,30367	-28
0,30433	-28
0,30500	-28
0,30567	-28
0,30633	-28
0,30700	-28
0,30767	-28
0,30833	-28
0,30900	-28
0,30967	-28
0,31033	-28
0,31100	-28
0,31167	-29
0,31233	-29
0,31300	-29
0,31367	-30
0,31433	-30
0,31500	-30
0,31567	-31
0,31633	-31
0,31700	-31
0,31767	-31
0,31833	-31
0,31900	-32
0,31967	-32
0,32033	-32
0,32100	-32
0,32167	-32
0,32233	-32
0,32300	-32
0,32367	-32
0,32433	-32
0,32500	-32
0,32567	-33
0,32633	-33
0,32700	-33
0,32767	-33
0,32833	-32
0,32900	-32
0,32967	-32
0,33033	-31
0,33100	-31
0,33167	-31
0,33233	-31
0,33300	-30
0,33367	-30
0,33433	-30
0,33500	-30
0,33567	-30
0,33633	-30
0,33700	-30
0,33767	-30
0,33833	-30
0,33900	-30
0,33967	-29
0,34033	-29
0,34100	-29
0,34167	-29
0,34233	-29
0,34300	-29
0,34367	-29
0,34433	-29
0,34500	-29
0,34567	-29
0,34633	-30
0,34700	-30
0,34767	-30
0,34833	-30
0,34900	-30
0,34967	-30
0,35033	-30
0,35100	-30
0,35167	-30
0,35233	-30
0,35300	-31
0,35367	-31
0,35433	-31
0,35500	-31
0,35567	-31
0,35633	-31
0,35700	-31
0,35767	-31
0,35833	-31
0,35900	-31
0,35967	-31
0,36033	-31
0,36100	-31
0,36167	-31
0,36233	-31
0,36300	-31
0,36367	-31
0,36433	-31
0,36500	-32
0,36567	-32
0,36633	-32
0,36700	-32
0,36767	-32
0,36833	-32
0,36900	-32
0,36967	-32
0,37033	-32
0,37100	-32
0,37167	-32
0,37233	-32
0,37300	-32
0,37367	-32
0,37433	-32
0,37500	-32
0,37567	-32
0,37633	-32
0,37700	-32
0,37767	-31
0,37833	-31
0,37900	-31
0,37967	-31
0,38033	-31
0,38100	-31
0,38167	-31
0,38233	-30
0,38300	-30
0,38367	-30
0,38433	-29
0,38500	-29
0,38567	-29
0,38633	-29
0,38700	-29
0,38767	-29
0,38833	-29
0,38900	-29
0,38967	-29
0,39033	-29
0,39100	-29
0,39167	-29
0,39233	-29
0,39300	-29
0,39367	-28
0,39433	-28
0,39500	-29
0,39567	-29
0,39633	-29
0,39700	-29
0,39767	-29
0,39833	-29
0,39900	-30
0,39967	-30
0,40033	-30
0,40100	-30
0,40167	-30
0,40233	-30
0,40300	-30
0,40367	-30
0,40433	-30
0,40500	-30
0,40567	-30
0,40633	-30
0,40700	-31
0,40767	-31
0,40833	-31
0,40900	-31
0,40967	-31
0,41033	-31
0,41100	-31
0,41167	-31
0,41233	-31
0,41300	-31
0,41367	-32
0,41433	-31
0,41500	-31
0,41567	-32
0,41633	-32
0,41700	-32
0,41767	-32
0,41833	-32
0,41900	-32
0,41967	-32
0,42033	-32
0,42100	-32
0,42167	-32
0,42233	-32
0,42300	-32
0,42367	-32
0,42433	-32
0,42500	-32
0,42567	-32
0,42633	-32
0,42700	-32
0,42767	-32
0,42833	-32
0,42900	-32
0,42967	-32
0,43033	-32
0,43100	-32
0,43167	-32
0,43233	-32
0,43300	-32
0,43367	-32
0,43433	-31
0,43500	-31
0,43567	-31
0,43633	-31
0,43700	-31
0,43767	-30
0,43833	-30
0,43900	-30
0,43967	-29
0,44033	-29
0,44100	-29
0,44167	-29
0,44233	-29
0,44300	-29
0,44367	-28
0,44433	-28
0,44500	-28
0,44567	-28
0,44633	-28
0,44700	-28
0,44767	-27
0,44833	-27
0,44900	-27
0,44967	-27
0,45033	-26
0,45100	-26
0,45167	-26
0,45233	-26
0,45300	-26
0,45367	-27
0,45433	-27
0,45500	-27
0,45567	-27
0,45633	-27
0,45700	-27
0,45767	-27
0,45833	-27
0,45900	-26
0,45967	-26
0,46033	-26
0,46100	-26
0,46167	-25
0,46233	-25
0,46300	-25
0,46367	-25
0,46433	-25
0,46500	-25
0,46567	-26
0,46633	-26
0,46700	-26
0,46767	-26
0,46833	-26
0,46900	-26
0,46967	-26
0,47033	-27
0,47100	-27
0,47167	-27
0,47233	-27
0,47300	-28
0,47367	-28
0,47433	-28
0,47500	-28
0,47567	-29
0,47633	-29
0,47700	-29
0,47767	-29
0,47833	-29
0,47900	-29
0,47967	-29
0,48033	-29
0,48100	-28
0,48167	-28
0,48233	-28
0,48300	-28
0,48367	-28
0,48433	-28
0,48500	-28
0,48567	-28
0,48633	-27
0,48700	-27
0,48767	-27
0,48833	-27
0,48900	-27
0,48967	-27
0,49033	-27
0,49100	-27
0,49167	-27
0,49233	-27
0,49300	-28
0,49367	-28
0,49433	-28
0,49500	-28
0,49567	-28
0,49633	-28
0,49700	-28
0,49767	-28
0,49833	-28
0,49900	-28
0,49967	-28
0,50033	-27
0,50100	-27
0,50167	-27
0,50233	-27
0,50300	-27
0,50367	-27
0,50433	-27
0,50500	-27
0,50567	-27
0,50633	-27
0,50700	-27
0,50767	-27
0,50833	-28
0,50900	-28
0,50967	-28
0,51033	-28
0,51100	-28
0,51167	-28
0,51233	-28
0,51300	-28
0,51367	-28
0,51433	-28
0,51500	-28
0,51567	-28
0,51633	-28
0,51700	-28
0,51767	-28
0,51833	-28
0,51900	-28
0,51967	-28
0,52033	-28
0,52100	-28
0,52167	-28
0,52233	-29
0,52300	-29
0,52367	-28
0,52433	-28
0,52500	-29
0,52567	-29
0,52633	-29
0,52700	-29
0,52767	-29
0,52833	-29
0,52900	-29
0,52967	-29
0,53033	-29
0,53100	-29
0,53167	-29
0,53233	-29
0,53300	-29
0,53367	-30
0,53433	-30
0,53500	-30
0,53567	-30
0,53633	-30
0,53700	-29
0,53767	-29
0,53833	-29
0,53900	-29
0,53967	-30
0,54033	-29
0,54100	-29
0,54167	-29
0,54233	-29
0,54300	-29
0,54367	-29
0,54433	-29
0,54500	-29
0,54567	-29
0,54633	-28
0,54700	-28
0,54767	-28
0,54833	-29
0,54900	-29
0,54967	-29
0,55033	-29
0,55100	-29
0,55167	-29
0,55233	-29
0,55300	-28
0,55367	-28
0,55433	-28
0,55500	-28
0,55567	-28
0,55633	-27
0,55700	-27
0,55767	-27
0,55833	-27
0,55900	-27
0,55967	-27
0,56033	-27
0,56100	-27
0,56167	-27
0,56233	-27
0,56300	-27
0,56367	-27
0,56433	-27
0,56500	-27
0,56567	-26
0,56633	-26
0,56700	-26
0,56767	-26
0,56833	-26
0,56900	-26
0,56967	-26
0,57033	-26
0,57100	-26
0,57167	-26
0,57233	-27
0,57300	-27
0,57367	-27
0,57433	-28
0,57500	-28
0,57567	-28
0,57633	-28
0,57700	-29
0,57767	-29
0,57833	-29
0,57900	-29
0,57967	-30
0,58033	-30
0,58100	-30
0,58167	-31
0,58233	-31
0,58300	-31
0,58367	-31
0,58433	-31
0,58500	-31
0,58567	-31
0,58633	-31
0,58700	-30
0,58767	-30
0,58833	-30
0,58900	-30
0,58967	-29
0,59033	-29
0,59100	-29
0,59167	-29
0,59233	-29
0,59300	-28
0,59367	-28
0,59433	-28
0,59500	-28
0,59567	-28
0,59633	-27
0,59700	-27
0,59767	-27
0,59833	-27
0,59900	-27
0,59967	-27
0,60033	-27
0,60100	-28
0,60167	-28
0,60233	-28
0,60300	-29
0,60367	-29
0,60433	-29
0,60500	-29
0,60567	-29
0,60633	-29
0,60700	-29
0,60767	-29
0,60833	-29
0,60900	-29
0,60967	-29
0,61033	-29
0,61100	-29
0,61167	-29
0,61233	-29
0,61300	-29
0,61367	-29
0,61433	-30
0,61500	-30
0,61567	-30
0,61633	-30
0,61700	-30
0,61767	-30
0,61833	-30
0,61900	-30
0,61967	-30
0,62033	-30
0,62100	-30
0,62167	-31
0,62233	-31
0,62300	-31
0,62367	-32
0,62433	-32
0,62500	-32
0,62567	-32
0,62633	-33
0,62700	-33
0,62767	-33
0,62833	-33
0,62900	-33
0,62967	-33
0,63033	-33
0,63100	-33
0,63167	-34
0,63233	-34
0,63300	-34
0,63367	-34
0,63433	-34
0,63500	-34
0,63567	-34
0,63633	-34
0,63700	-34
0,63767	-34
0,63833	-34
0,63900	-34
0,63967	-34
0,64033	-33
0,64100	-33
0,64167	-33
0,64233	-33
0,64300	-33
0,64367	-32
0,64433	-32
0,64500	-32
0,64567	-31
0,64633	-31
0,64700	-31
0,64767	-30
0,64833	-30
0,64900	-30
0,64967	-30
0,65033	-30
0,65100	-30
0,65167	-30
0,65233	-29
0,65300	-29
0,65367	-29
0,65433	-29
0,65500	-30
0,65567	-30
0,65633	-30
0,65700	-30
0,65767	-31
0,65833	-31
0,65900	-31
0,65967	-31
0,66033	-31
0,66100	-31
0,66167	-31
0,66233	-31
0,66300	-31
0,66367	-31
0,66433	-31
0,66500	-31
0,66567	-31
0,66633	-31
0,66700	-31
0,66767	-31
0,66833	-31
0,66900	-31
0,66967	-31
0,67033	-31
0,67100	-31
0,67167	-31
0,67233	-30
0,67300	-30
0,67367	-30
0,67433	-30
0,67500	-30
0,67567	-30
0,67633	-31
0,67700	-31
0,67767	-31
0,67833	-31
0,67900	-32
0,67967	-32
0,68033	-32
0,68100	-33
0,68167	-33
0,68233	-33
0,68300	-33
0,68367	-33
0,68433	-33
0,68500	-33
0,68567	-33
0,68633	-33
0,68700	-33
0,68767	-33
0,68833	-33
0,68900	-33
0,68967	-33
0,69033	-33
0,69100	-32
0,69167	-32
0,69233	-32
0,69300	-31
0,69367	-31
0,69433	-31
0,69500	-30
0,69567	-30
0,69633	-30
0,69700	-30
0,69767	-30
0,69833	-30
0,69900	-31
0,69967	-31
0,70033	-31
0,70100	-31
0,70167	-30
0,70233	-30
0,70300	-30
0,70367	-30
0,70433	-30
0,70500	-30
0,70567	-30
0,70633	-30
0,70700	-30
0,70767	-30
0,70833	-30
0,70900	-30
0,70967	-30
0,71033	-30
0,71100	-30
0,71167	-30
0,71233	-30
0,71300	-30
0,71367	-30
0,71433	-31
0,71500	-31
0,71567	-31
0,71633	-31
0,71700	-32
0,71767	-32
0,71833	-32
0,71900	-32
0,71967	-32
0,72033	-32
0,72100	-32
0,72167	-32
0,72233	-32
0,72300	-32
0,72367	-32
0,72433	-32
0,72500	-32
0,72567	-32
0,72633	-32
0,72700	-32
0,72767	-31
0,72833	-31
0,72900	-31
0,72967	-31
0,73033	-31
0,73100	-32
0,73167	-32
0,73233	-32
0,73300	-32
0,73367	-32
0,73433	-32
0,73500	-32
0,73567	-32
0,73633	-32
0,73700	-32
0,73767	-32
0,73833	-32
0,73900	-32
0,73967	-32
0,74033	-32
0,74100	-32
0,74167	-32
0,74233	-32
0,74300	-31
0,74367	-31
0,74433	-31
0,74500	-30
0,74567	-30
0,74633	-29
0,74700	-29
0,74767	-28
0,74833	-28
0,74900	-28
0,74967	-28
0,75033	-28
0,75100	-28
0,75167	-28
0,75233	-29
0,75300	-29
0,75367	-29
0,75433	-29
0,75500	-29
0,75567	-30
0,75633	-30
0,75700	-30
0,75767	-30
0,75833	-30
0,75900	-30
0,75967	-30
0,76033	-30
0,76100	-30
0,76167	-30
0,76233	-30
0,76300	-31
0,76367	-31
0,76433	-31
0,76500	-31
0,76567	-31
0,76633	-31
0,76700	-31
0,76767	-31
0,76833	-31
0,76900	-32
0,76967	-32
0,77033	-32
0,77100	-32
0,77167	-33
0,77233	-33
0,77300	-33
0,77367	-33
0,77433	-33
0,77500	-33
0,77567	-33
0,77633	-33
0,77700	-33
0,77767	-33
0,77833	-32
0,77900	-32
0,77967	-32
0,78033	-32
0,78100	-32
0,78167	-32
0,78233	-32
0,78300	-32
0,78367	-32
0,78433	-32
0,78500	-33
0,78567	-33
0,78633	-33
0,78700	-33
0,78767	-33
0,78833	-33
0,78900	-32
0,78967	-32
0,79033	-32
0,79100	-31
0,79167	-31
0,79233	-31
0,79300	-31
0,79367	-31
0,79433	-32
0,79500	-32
0,79567	-33
0,79633	-33
0,79700	-33
0,79767	-33
0,79833	-33
0,79900	-33
0,79967	-33
0,80033	-33
0,80100	-33
0,80167	-33
0,80233	-33
0,80300	-33
0,80367	-33
0,80433	-33
0,80500	-33
0,80567	-33
0,80633	-33
0,80700	-33
0,80767	-33
0,80833	-33
0,80900	-33
0,80967	-33
0,81033	-33
0,81100	-32
0,81167	-32
0,81233	-32
0,81300	-32
0,81367	-32
0,81433	-32
0,81500	-33
0,81567	-33
0,81633	-33
0,81700	-33
0,81767	-34
0,81833	-34
0,81900	-34
0,81967	-34
0,82033	-34
0,82100	-34
0,82167	-34
0,82233	-34
0,82300	-34
0,82367	-34
0,82433	-34
0,82500	-34
0,82567	-34
0,82633	-33
0,82700	-33
0,82767	-33
0,82833	-34
0,82900	-34
0,82967	-34
0,83033	-34
0,83100	-34
0,83167	-35
0,83233	-35
0,83300	-35
0,83367	-35
0,83433	-35
0,83500	-35
0,83567	-35
0,83633	-35
0,83700	-35
0,83767	-35
0,83833	-35
0,83900	-35
0,83967	-35
0,84033	-35
0,84100	-35
0,84167	-34
0,84233	-34
0,84300	-34
0,84367	-33
0,84433	-33
0,84500	-33
0,84567	-33
0,84633	-33
0,84700	-33
0,84767	-33
0,84833	-33
0,84900	-33
0,84967	-33
0,85033	-33
0,85100	-32
0,85167	-32
0,85233	-32
0,85300	-32
0,85367	-32
0,85433	-31
0,85500	-31
0,85567	-31
0,85633	-31
0,85700	-31
0,85767	-31
0,85833	-31
0,85900	-31
0,85967	-31
0,86033	-31
0,86100	-30
0,86167	-30
0,86233	-30
0,86300	-30
0,86367	-29
0,86433	-29
0,86500	-29
0,86567	-29
0,86633	-29
0,86700	-30
0,86767	-30
0,86833	-30
0,86900	-30
0,86967	-30
0,87033	-30
0,87100	-30
0,87167	-30
0,87233	-31
0,87300	-31
0,87367	-31
0,87433	-31
0,87500	-31
0,87567	-31
0,87633	-31
0,87700	-31
0,87767	-31
0,87833	-31
0,87900	-31
0,87967	-32
0,88033	-32
0,88100	-32
0,88167	-32
0,88233	-32
0,88300	-32
0,88367	-32
0,88433	-32
0,88500	-32
0,88567	-32
0,88633	-33
0,88700	-33
0,88767	-33
0,88833	-33
0,88900	-33
0,88967	-33
0,89033	-34
0,89100	-34
0,89167	-34
0,89233	-34
0,89300	-34
0,89367	-34
0,89433	-34
0,89500	-34
0,89567	-34
0,89633	-34
0,89700	-34
0,89767	-34
0,89833	-35
0,89900	-35
0,89967	-35
0,90033	-35
0,90100	-35
0,90167	-35
0,90233	-35
0,90300	-36
0,90367	-36
0,90433	-36
0,90500	-36
0,90567	-36
0,90633	-36
0,90700	-36
0,90767	-36
0,90833	-36
0,90900	-36
0,90967	-36
0,91033	-36
0,91100	-36
0,91167	-36
0,91233	-36
0,91300	-35
0,91367	-35
0,91433	-35
0,91500	-34
0,91567	-34
0,91633	-34
0,91700	-33
0,91767	-33
0,91833	-33
0,91900	-33
0,91967	-33
0,92033	-33
0,92100	-33
0,92167	-33
0,92233	-33
0,92300	-33
0,92367	-33
0,92433	-33
0,92500	-33
0,92567	-33
0,92633	-34
0,92700	-34
0,92767	-33
0,92833	-33
0,92900	-33
0,92967	-33
0,93033	-33
0,93100	-32
0,93167	-32
0,93233	-32
0,93300	-32
0,93367	-33
0,93433	-33
0,93500	-33
0,93567	-33
0,93633	-33
0,93700	-33
0,93767	-33
0,93833	-33
0,93900	-33
0,93967	-33
0,94033	-33
0,94100	-33
0,94167	-33
0,94233	-33
0,94300	-33
0,94367	-34
0,94433	-34
0,94500	-34
0,94567	-35
0,94633	-35
0,94700	-35
0,94767	-35
0,94833	-36
0,94900	-36
0,94967	-36
0,95033	-36
0,95100	-37
0,95167	-37
0,95233	-37
0,95300	-37
0,95367	-37
0,95433	-37
0,95500	-37
0,95567	-37
0,95633	-37
0,95700	-36
0,95767	-36
0,95833	-36
0,95900	-36
0,95967	-35
0,96033	-35
0,96100	-35
0,96167	-35
0,96233	-34
0,96300	-34
0,96367	-34
0,96433	-34
0,96500	-33
0,96567	-33
0,96633	-33
0,96700	-33
0,96767	-33
0,96833	-33
0,96900	-33
0,96967	-33
0,97033	-33
0,97100	-32
0,97167	-32
0,97233	-32
0,97300	-32
0,97367	-32
0,97433	-32
0,97500	-31
0,97567	-31
0,97633	-31
0,97700	-31
0,97767	-31
0,97833	-31
0,97900	-31
0,97967	-31
0,98033	-31
0,98100	-31
0,98167	-31
0,98233	-31
0,98300	-31
0,98367	-31
0,98433	-31
0,98500	-32
0,98567	-32
0,98633	-32
0,98700	-32
0,98767	-32
0,98833	-33
0,98900	-33
0,98967	-33
0,99033	-33
0,99100	-33
0,99167	-34
0,99233	-34
0,99300	-33
0,99367	-33
0,99433	-33
0,99500	-33
0,99567	-33
0,99633	-33
0,99700	-33
0,99767	-33
0,99833	-33
0,99900	-34
0,99967	-34
1,00033	-34
1,00100	-34
1,00167	-34
1,00233	-34
1,00300	-34
1,00367	-34
1,00433	-34
1,00500	-34
1,00567	-34
1,00633	-33
1,00700	-33
1,00767	-33
1,00833	-33
1,00900	-33
1,00967	-33
1,01033	-33
1,01100	-32
1,01167	-32
1,01233	-32
1,01300	-32
1,01367	-32
1,01433	-31
1,01500	-31
1,01567	-31
1,01633	-31
1,01700	-31
1,01767	-31
1,01833	-31
1,01900	-31
1,01967	-31
1,02033	-31
1,02100	-31
1,02167	-31
1,02233	-31
1,02300	-31
1,02367	-31
1,02433	-31
1,02500	-31
1,02567	-31
1,02633	-31
1,02700	-31
1,02767	-31
1,02833	-31
1,02900	-31
1,02967	-31
1,03033	-31
1,03100	-31
1,03167	-31
1,03233	-31
1,03300	-31
1,03367	-30
1,03433	-30
1,03500	-30
1,03567	-30
1,03633	-30
1,03700	-30
1,03767	-30
1,03833	-30
1,03900	-30
1,03967	-31
1,04033	-31
1,04100	-31
1,04167	-31
1,04233	-31
1,04300	-31
1,04367	-32
1,04433	-31
1,04500	-31
1,04567	-32
1,04633	-32
1,04700	-32
1,04767	-32
1,04833	-32
1,04900	-32
1,04967	-32
1,05033	-32
1,05100	-32
1,05167	-32
1,05233	-32
1,05300	-32
1,05367	-32
1,05433	-32
1,05500	-32
1,05567	-32
1,05633	-32
1,05700	-32
1,05767	-31
1,05833	-31
1,05900	-31
1,05967	-31
1,06033	-31
1,06100	-31
1,06167	-31
1,06233	-30
1,06300	-30
1,06367	-30
1,06433	-30
1,06500	-30
1,06567	-30
1,06633	-29
1,06700	-29
1,06767	-29
1,06833	-29
1,06900	-29
1,06967	-29
1,07033	-29
1,07100	-29
1,07167	-29
1,07233	-30
1,07300	-30
1,07367	-30
1,07433	-30
1,07500	-30
1,07567	-31
1,07633	-31
1,07700	-31
1,07767	-31
1,07833	-32
1,07900	-32
1,07967	-32
1,08033	-32
1,08100	-33
1,08167	-33
1,08233	-34
1,08300	-34
1,08367	-34
1,08433	-34
1,08500	-34
1,08567	-34
1,08633	-34
1,08700	-33
1,08767	-33
1,08833	-33
1,08900	-32
1,08967	-32
1,09033	-32
1,09100	-32
1,09167	-32
1,09233	-32
1,09300	-32
1,09367	-32
1,09433	-32
1,09500	-32
1,09567	-32
1,09633	-31
1,09700	-31
1,09767	-31
1,09833	-31
1,09900	-31
1,09967	-31
1,10033	-31
1,10100	-30
1,10167	-31
1,10233	-31
1,10300	-31
1,10367	-31
1,10433	-32
1,10500	-32
1,10567	-32
1,10633	-32
1,10700	-32
1,10767	-32
1,10833	-33
1,10900	-33
1,10967	-33
1,11033	-32
1,11100	-32
1,11167	-32
1,11233	-32
1,11300	-32
1,11367	-32
1,11433	-32
1,11500	-32
1,11567	-32
1,11633	-32
1,11700	-32
1,11767	-32
1,11833	-32
1,11900	-31
1,11967	-31
1,12033	-31
1,12100	-31
1,12167	-31
1,12233	-31
1,12300	-31
1,12367	-32
1,12433	-32
1,12500	-32
1,12567	-32
1,12633	-33
1,12700	-33
1,12767	-33
1,12833	-33
1,12900	-33
1,12967	-34
1,13033	-34
1,13100	-34
1,13167	-34
1,13233	-34
1,13300	-34
1,13367	-34
1,13433	-34
1,13500	-34
1,13567	-34
1,13633	-34
1,13700	-34
1,13767	-33
1,13833	-33
1,13900	-33
1,13967	-32
1,14033	-31
1,14100	-30
1,14167	-28
1,14233	-26
1,14300	-23
1,14367	-20
1,14433	-16
1,14500	-11
1,14567	-6
1,14633	-0
1,14700	6
1,14767	12
1,14833	19
1,14900	25
1,14967	32
1,15033	38
1,15100	44
1,15167	49
1,15233	55
1,15300	59
1,15367	63
1,15433	66
1,15500	69
1,15567	71
1,15633	72
1,15700	72
1,15767	72
1,15833	70
1,15900	69
1,15967	67
1,16033	64
1,16100	62
1,16167	59
1,16233	56
1,16300	53
1,16367	49
1,16433	46
1,16500	43
1,16567	39
1,16633	35
1,16700	32
1,16767	28
1,16833	25
1,16900	22
1,16967	19
1,17033	16
1,17100	13
1,17167	10
1,17233	7
1,17300	5
1,17367	2
1,17433	0
1,17500	-2
1,17567	-4
1,17633	-6
1,17700	-7
1,17767	-9
1,17833	-10
1,17900	-11
1,17967	-12
1,18033	-13
1,18100	-14
1,18167	-15
1,18233	-15
1,18300	-15
1,18367	-15
1,18433	-14
1,18500	-14
1,18567	-14
1,18633	-13
1,18700	-13
1,18767	-13
1,18833	-12
1,18900	-12
1,18967	-12
1,19033	-11
1,19100	-11
1,19167	-11
1,19233	-10
1,19300	-10
1,19367	-9
1,19433	-9
1,19500	-8
1,19567	-7
1,19633	-6
1,19700	-5
1,19767	-3
1,19833	-2
1,19900	-0
1,19967	1
1,20033	3
1,20100	4
1,20167	6
1,20233	7
1,20300	8
1,20367	9
1,20433	9
1,20500	10
1,20567	10
1,20633	10
1,20700	10
1,20767	9
1,20833	8
1,20900	8
1,20967	6
1,21033	5
1,21100	4
1,21167	3
1,21233	2
1,21300	2
1,21367	1
1,21433	-0
1,21500	-1
1,21567	-2
1,21633	-3
1,21700	-4
1,21767	-5
1,21833	-6
1,21900	-7
1,21967	-8
1,22033	-9
1,22100	-10
1,22167	-11
1,22233	-12
1,22300	-13
1,22367	-14
1,22433	-15
1,22500	-16
1,22567	-16
1,22633	-17
1,22700	-17
1,22767	-18
1,22833	-19
1,22900	-19
1,22967	-20
1,23033	-20
1,23100	-20
1,23167	-21
1,23233	-21
1,23300	-21
1,23367	-20
1,23433	-19
1,23500	-17
1,23567	-15
1,23633	-12
1,23700	-7
1,23767	-1
1,23833	7
1,23900	16
1,23967	27
1,24033	39
1,24100	53
1,24167	67
1,24233	82
1,24300	97
1,24367	112
1,24433	126
1,24500	139
1,24567	151
1,24633	161
1,24700	170
1,24767	177
1,24833	182
1,24900	185
1,24967	187
1,25033	187
1,25100	185
1,25167	182
1,25233	178
1,25300	173
1,25367	167
1,25433	161
1,25500	154
1,25567	146
1,25633	139
1,25700	131
1,25767	123
1,25833	114
1,25900	106
1,25967	98
1,26033	90
1,26100	83
1,26167	76
1,26233	69
1,26300	62
1,26367	55
1,26433	49
1,26500	44
1,26567	39
1,26633	34
1,26700	29
1,26767	24
1,26833	20
1,26900	17
1,26967	13
1,27033	10
1,27100	8
1,27167	5
1,27233	3
1,27300	0
1,27367	-2
1,27433	-3
1,27500	-5
1,27567	-6
1,27633	-7
1,27700	-8
1,27767	-8
1,27833	-8
1,27900	-6
1,27967	-3
1,28033	1
1,28100	6
1,28167	14
1,28233	23
1,28300	35
1,28367	48
1,28433	64
1,28500	83
1,28567	104
1,28633	127
1,28700	152
1,28767	178
1,28833	207
1,28900	237
1,28967	268
1,29033	300
1,29100	333
1,29167	365
1,29233	396
1,29300	427
1,29367	456
1,29433	484
1,29500	510
1,29567	534
1,29633	556
1,29700	576
1,29767	593
1,29833	607
1,29900	618
1,29967	627
1,30033	632
1,30100	634
1,30167	632
1,30233	628
1,30300	620
1,30367	610
1,30433	597
1,30500	581
1,30567	564
1,30633	544
1,30700	523
1,30767	501
1,30833	478
1,30900	455
1,30967	431
1,31033	407
1,31100	383
1,31167	360
1,31233	337
1,31300	315
1,31367	294
1,31433	275
1,31500	256
1,31567	240
1,31633	225
1,31700	215
1,31767	208
1,31833	207
1,31900	214
1,31967	230
1,32033	257
1,32100	296
1,32167	350
1,32233	417
1,32300	497
1,32367	589
1,32433	691
1,32500	799
1,32567	909
1,32633	1018
1,32700	1123
1,32767	1221
1,32833	1309
1,32900	1385
1,32967	1448
1,33033	1497
1,33100	1533
1,33167	1554
1,33233	1562
1,33300	1558
1,33367	1543
1,33433	1517
1,33500	1482
1,33567	1440
1,33633	1392
1,33700	1340
1,33767	1283
1,33833	1225
1,33900	1164
1,33967	1103
1,34033	1043
1,34100	983
1,34167	924
1,34233	867
1,34300	812
1,34367	760
1,34433	709
1,34500	662
1,34567	617
1,34633	575
1,34700	536
1,34767	499
1,34833	464
1,34900	432
1,34967	403
1,35033	375
1,35100	349
1,35167	325
1,35233	303
1,35300	282
1,35367	262
1,35433	243
1,35500	226
1,35567	210
1,35633	194
1,35700	180
1,35767	166
1,35833	153
1,35900	140
1,35967	129
1,36033	118
1,36100	108
1,36167	98
1,36233	89
1,36300	80
1,36367	73
1,36433	66
1,36500	59
1,36567	53
1,36633	47
1,36700	42
1,36767	37
1,36833	33
1,36900	28
1,36967	25
1,37033	21
1,37100	17
1,37167	14
1,37233	11
1,37300	9
1,37367	6
1,37433	4
1,37500	2
1,37567	0
1,37633	-1
1,37700	-3
1,37767	-4
1,37833	-5
1,37900	-7
1,37967	-8
1,38033	-9
1,38100	-10
1,38167	-11
1,38233	-12
1,38300	-13
1,38367	-14
1,38433	-15
1,38500	-15
1,38567	-16
1,38633	-17
1,38700	-17
1,38767	-18
1,38833	-18
1,38900	-19
1,38967	-19
1,39033	-20
1,39100	-20
1,39167	-21
1,39233	-21
1,39300	-21
1,39367	-21
1,39433	-22
1,39500	-22
1,39567	-23
1,39633	-23
1,39700	-23
1,39767	-23
1,39833	-24
1,39900	-24
1,39967	-24
1,40033	-24
1,40100	-24
1,40167	-25
1,40233	-25
1,40300	-25
1,40367	-26
1,40433	-26
1,40500	-26
1,40567	-26
1,40633	-26
1,40700	-27
1,40767	-27
1,40833	-26
1,40900	-26
1,40967	-26
1,41033	-26
1,41100	-26
1,41167	-26
1,41233	-26
1,41300	-26
1,41367	-25
1,41433	-25
1,41500	-25
1,41567	-25
1,41633	-25
1,41700	-24
1,41767	-24
1,41833	-24
1,41900	-24
1,41967	-23
1,42033	-23
1,42100	-23
1,42167	-23
1,42233	-23
1,42300	-22
1,42367	-22
1,42433	-21
1,42500	-20
1,42567	-18
1,42633	-15
1,42700	-9
1,42767	0
1,42833	18
1,42900	48
1,42967	101
1,43033	192
1,43100	346
1,43167	597
1,43233	987
1,43300	1571
1,43367	2404
1,43433	3546
1,43500	5047
1,43567	6954
1,43633	9297
1,43700	12092
1,43767	15334
1,43833	18992
1,43900	23022
1,43967	27361
1,44033	31930
1,44100	36644
1,44167	41413
1,44233	46146
1,44300	50757
1,44367	55165
1,44433	59295
1,44500	63080
1,44567	66461
1,44633	69391
1,44700	71829
1,44767	73746
1,44833	75123
1,44900	75960
1,44967	76262
1,45033	76050
1,45100	75353
1,45167	74211
1,45233	72668
1,45300	70777
1,45367	68590
1,45433	66161
1,45500	63543
1,45567	60784
1,45633	57930
1,45700	55023
1,45767	52097
1,45833	49184
1,45900	46309
1,45967	43495
1,46033	40759
1,46100	38115
1,46167	35573
1,46233	33140
1,46300	30822
1,46367	28622
1,46433	26540
1,46500	24577
1,46567	22730
1,46633	20997
1,46700	19375
1,46767	17860
1,46833	16447
1,46900	15133
1,46967	13911
1,47033	12778
1,47100	11729
1,47167	10758
1,47233	9860
1,47300	9032
1,47367	8268
1,47433	7564
1,47500	6916
1,47567	6321
1,47633	5775
1,47700	5274
1,47767	4814
1,47833	4393
1,47900	4007
1,47967	3654
1,48033	3332
1,48100	3037
1,48167	2767
1,48233	2521
1,48300	2297
1,48367	2092
1,48433	1906
1,48500	1735
1,48567	1580
1,48633	1439
1,48700	1311
1,48767	1194
1,48833	1087
1,48900	991
1,48967	903
1,49033	823
1,49100	751
1,49167	685
1,49233	626
1,49300	571
1,49367	522
1,49433	478
1,49500	437
1,49567	401
1,49633	367
1,49700	337
1,49767	309
1,49833	284
1,49900	261
1,49967	240
1,50033	222
1,50100	205
1,50167	189
1,50233	175
1,50300	162
1,50367	151
1,50433	140
1,50500	131
1,50567	123
1,50633	115
1,50700	108
1,50767	102
1,50833	97
1,50900	93
1,50967	89
1,51033	85
1,51100	82
1,51167	80
1,51233	78
1,51300	77
1,51367	75
1,51433	74
1,51500	74
1,51567	73
1,51633	73
1,51700	74
1,51767	75
1,51833	78
1,51900	82
1,51967	88
1,52033	98
1,52100	110
1,52167	126
1,52233	147
1,52300	174
1,52367	206
1,52433	244
1,52500	288
1,52567	338
1,52633	393
1,52700	453
1,52767	516
1,52833	581
1,52900	646
1,52967	711
1,53033	774
1,53100	834
1,53167	889
1,53233	939
1,53300	982
1,53367	1018
1,53433	1047
1,53500	1068
1,53567	1081
1,53633	1086
1,53700	1084
1,53767	1075
1,53833	1060
1,53900	1040
1,53967	1017
1,54033	992
1,54100	969
1,54167	955
1,54233	963
1,54300	1018
1,54367	1173
1,54433	1520
1,54500	2213
1,54567	3490
1,54633	5706
1,54700	9372
1,54767	15216
1,54833	24192
1,54900	37602
1,54967	57022
1,55033	84430
1,55100	122001
1,55167	172213
1,55233	237523
1,55300	320647
1,55367	423978
1,55433	549593
1,55500	698833
1,55567	872690
1,55633	1071119
1,55700	1293247
1,55767	1536737
1,55833	1798252
1,55900	2073454
1,55967	2357223
1,56033	2643573
1,56100	2926328
1,56167	3199202
1,56233	3456246
1,56300	3692160
1,56367	3902229
1,56433	4082429
1,56500	4229900
1,56567	4342778
1,56633	4420250
1,56700	4462409
1,56767	4470408
1,56833	4446006
1,56900	4391688
1,56967	4310386
1,57033	4205491
1,57100	4080514
1,57167	3939067
1,57233	3784617
1,57300	3620483
1,57367	3449705
1,57433	3275027
1,57500	3098848
1,57567	2923226
1,57633	2749872
1,57700	2580191
1,57767	2415302
1,57833	2256070
1,57900	2103140
1,57967	1956968
1,58033	1817848
1,58100	1685940
1,58167	1561294
1,58233	1443868
1,58300	1333551
1,58367	1230170
1,58433	1133511
1,58500	1043327
1,58567	959345
1,58633	881280
1,58700	808833
1,58767	741703
1,58833	679590
1,58900	622194
1,58967	569224
1,59033	520397
1,59100	475438
1,59167	434084
1,59233	396084
1,59300	361198
1,59367	329201
1,59433	299878
1,59500	273026
1,59567	248458
1,59633	225994
1,59700	205471
1,59767	186731
1,59833	169633
1,59900	154041
1,59967	139830
1,60033	126887
1,60100	115105
1,60167	104384
1,60233	94634
1,60300	85771
1,60367	77719
1,60433	70407
1,60500	63768
1,60567	57744
1,60633	52280
1,60700	47326
1,60767	42835
1,60833	38766
1,60900	35081
1,60967	31743
1,61033	28722
1,61100	25988
1,61167	23513
1,61233	21275
1,61300	19251
1,61367	17421
1,61433	15767
1,61500	14272
1,61567	12921
1,61633	11701
1,61700	10599
1,61767	9603
1,61833	8704
1,61900	7893
1,61967	7160
1,62033	6498
1,62100	5901
1,62167	5362
1,62233	4876
1,62300	4437
1,62367	4040
1,62433	3683
1,62500	3360
1,62567	3068
1,62633	2805
1,62700	2568
1,62767	2353
1,62833	2160
1,62900	1985
1,62967	1827
1,63033	1685
1,63100	1556
1,63167	1439
1,63233	1334
1,63300	1239
1,63367	1152
1,63433	1074
1,63500	1003
1,63567	938
1,63633	880
1,63700	826
1,63767	777
1,63833	733
1,63900	692
1,63967	655
1,64033	621
1,64100	590
1,64167	561
1,64233	535
1,64300	510
1,64367	488
1,64433	467
1,64500	448
1,64567	430
1,64633	414
1,64700	398
1,64767	384
1,64833	370
1,64900	358
1,64967	346
1,65033	335
1,65100	325
1,65167	315
1,65233	306
1,65300	298
1,65367	290
1,65433	282
1,65500	275
1,65567	269
1,65633	262
1,65700	256
1,65767	250
1,65833	244
1,65900	239
1,65967	234
1,66033	229
1,66100	224
1,66167	220
1,66233	215
1,66300	211
1,66367	207
1,66433	203
1,66500	199
1,66567	194
1,66633	190
1,66700	186
1,66767	182
1,66833	179
1,66900	175
1,66967	172
1,67033	168
1,67100	165
1,67167	162
1,67233	159
1,67300	156
1,67367	153
1,67433	151
1,67500	148
1,67567	146
1,67633	143
1,67700	141
1,67767	138
1,67833	136
1,67900	134
1,67967	131
1,68033	129
1,68100	126
1,68167	124
1,68233	122
1,68300	120
1,68367	118
1,68433	116
1,68500	115
1,68567	113
1,68633	111
1,68700	110
1,68767	108
1,68833	107
1,68900	105
1,68967	104
1,69033	103
1,69100	102
1,69167	100
1,69233	99
1,69300	97
1,69367	96
1,69433	95
1,69500	93
1,69567	92
1,69633	90
1,69700	89
1,69767	88
1,69833	87
1,69900	85
1,69967	84
1,70033	82
1,70100	81
1,70167	79
1,70233	78
1,70300	76
1,70367	75
1,70433	74
1,70500	73
1,70567	72
1,70633	71
1,70700	70
1,70767	70
1,70833	69
1,70900	68
1,70967	67
1,71033	67
1,71100	66
1,71167	65
1,71233	64
1,71300	64
1,71367	63
1,71433	62
1,71500	62
1,71567	61
1,71633	60
1,71700	60
1,71767	59
1,71833	58
1,71900	58
1,71967	57
1,72033	57
1,72100	56
1,72167	56
1,72233	55
1,72300	55
1,72367	55
1,72433	55
1,72500	55
1,72567	55
1,72633	56
1,72700	56
1,72767	57
1,72833	58
1,72900	60
1,72967	61
1,73033	63
1,73100	64
1,73167	66
1,73233	68
1,73300	70
1,73367	72
1,73433	73
1,73500	75
1,73567	76
1,73633	78
1,73700	79
1,73767	80
1,73833	80
1,73900	80
1,73967	80
1,74033	79
1,74100	78
1,74167	78
1,74233	76
1,74300	75
1,74367	74
1,74433	72
1,74500	70
1,74567	68
1,74633	66
1,74700	64
1,74767	62
1,74833	60
1,74900	58
1,74967	56
1,75033	54
1,75100	53
1,75167	51
1,75233	50
1,75300	48
1,75367	47
1,75433	45
1,75500	44
1,75567	43
1,75633	42
1,75700	41
1,75767	40
1,75833	39
1,75900	39
1,75967	39
1,76033	38
1,76100	38
1,76167	39
1,76233	39
1,76300	39
1,76367	39
1,76433	39
1,76500	39
1,76567	39
1,76633	39
1,76700	39
1,76767	39
1,76833	39
1,76900	39
1,76967	39
1,77033	39
1,77100	38
1,77167	38
1,77233	37
1,77300	36
1,77367	35
1,77433	34
1,77500	33
1,77567	31
1,77633	30
1,77700	29
1,77767	28
1,77833	27
1,77900	26
1,77967	25
1,78033	24
1,78100	23
1,78167	22
1,78233	21
1,78300	20
1,78367	19
1,78433	18
1,78500	17
1,78567	17
1,78633	16
1,78700	15
1,78767	15
1,78833	14
1,78900	13
1,78967	13
1,79033	12
1,79100	12
1,79167	12
1,79233	12
1,79300	11
1,79367	11
1,79433	11
1,79500	10
1,79567	10
1,79633	9
1,79700	9
1,79767	8
1,79833	7
1,79900	7
1,79967	6
1,80033	6
1,80100	5
1,80167	5
1,80233	4
1,80300	4
1,80367	4
1,80433	4
1,80500	4
1,80567	4
1,80633	4
1,80700	3
1,80767	3
1,80833	3
1,80900	3
1,80967	2
1,81033	2
1,81100	2
1,81167	1
1,81233	1
1,81300	1
1,81367	1
1,81433	1
1,81500	1
1,81567	1
1,81633	1
1,81700	1
1,81767	1
1,81833	1
1,81900	1
1,81967	1
1,82033	1
1,82100	1
1,82167	1
1,82233	1
1,82300	1
1,82367	1
1,82433	1
1,82500	1
1,82567	1
1,82633	1
1,82700	1
1,82767	0
1,82833	0
1,82900	-0
1,82967	-0
1,83033	0
1,83100	0
1,83167	0
1,83233	0
1,83300	0
1,83367	1
1,83433	1
1,83500	1
1,83567	1
1,83633	1
1,83700	1
1,83767	1
1,83833	1
1,83900	1
1,83967	1
1,84033	1
1,84100	1
1,84167	1
1,84233	0
1,84300	0
1,84367	-0
1,84433	-0
1,84500	-0
1,84567	-0
1,84633	-0
1,84700	-0
1,84767	-0
1,84833	0
1,84900	-0
1,84967	-0
1,85033	-1
1,85100	-1
1,85167	-1
1,85233	-2
1,85300	-3
1,85367	-3
1,85433	-3
1,85500	-4
1,85567	-4
1,85633	-4
1,85700	-4
1,85767	-4
1,85833	-5
1,85900	-4
1,85967	-4
1,86033	-2
1,86100	1
1,86167	8
1,86233	20
1,86300	42
1,86367	79
1,86433	142
1,86500	245
1,86567	406
1,86633	651
1,86700	1008
1,86767	1510
1,86833	2190
1,86900	3083
1,86967	4224
1,87033	5643
1,87100	7371
1,87167	9432
1,87233	11848
1,87300	14639
1,87367	17824
1,87433	21414
1,87500	25415
1,87567	29830
1,87633	34668
1,87700	39924
1,87767	45598
1,87833	51682
1,87900	58164
1,87967	65034
1,88033	72281
1,88100	79888
1,88167	87839
1,88233	96125
1,88300	104736
1,88367	113659
1,88433	122873
1,88500	132358
1,88567	142089
1,88633	152031
1,88700	162159
1,88767	172425
1,88833	182755
1,88900	193053
1,88967	203183
1,89033	212942
1,89100	222036
1,89167	230076
1,89233	236644
1,89300	241339
1,89367	243906
1,89433	244258
1,89500	242485
1,89567	238781
1,89633	233416
1,89700	226676
1,89767	218846
1,89833	210188
1,89900	200939
1,89967	191303
1,90033	181453
1,90100	171536
1,90167	161671
1,90233	151957
1,90300	142471
1,90367	133272
1,90433	124407
1,90500	115909
1,90567	107799
1,90633	100092
1,90700	92795
1,90767	85908
1,90833	79426
1,90900	73343
1,90967	67648
1,91033	62327
1,91100	57366
1,91167	52749
1,91233	48459
1,91300	44481
1,91367	40796
1,91433	37388
1,91500	34240
1,91567	31336
1,91633	28659
1,91700	26196
1,91767	23930
1,91833	21849
1,91900	19938
1,91967	18186
1,92033	16580
1,92100	15109
1,92167	13764
1,92233	12533
1,92300	11409
1,92367	10382
1,92433	9445
1,92500	8590
1,92567	7811
1,92633	7101
1,92700	6455
1,92767	5866
1,92833	5331
1,92900	4844
1,92967	4402
1,93033	3999
1,93100	3634
1,93167	3302
1,93233	3001
1,93300	2728
1,93367	2479
1,93433	2254
1,93500	2050
1,93567	1865
1,93633	1698
1,93700	1546
1,93767	1408
1,93833	1283
1,93900	1170
1,93967	1068
1,94033	975
1,94100	891
1,94167	815
1,94233	746
1,94300	684
1,94367	627
1,94433	576
1,94500	529
1,94567	487
1,94633	449
1,94700	414
1,94767	382
1,94833	353
1,94900	327
1,94967	303
1,95033	281
1,95100	262
1,95167	244
1,95233	227
1,95300	213
1,95367	199
1,95433	187
1,95500	175
1,95567	165
1,95633	155
1,95700	146
1,95767	138
1,95833	131
1,95900	124
1,95967	117
1,96033	111
1,96100	106
1,96167	101
1,96233	96
1,96300	92
1,96367	88
1,96433	84
1,96500	81
1,96567	78
1,96633	74
1,96700	71
1,96767	69
1,96833	66
1,96900	63
1,96967	61
1,97033	59
1,97100	57
1,97167	55
1,97233	53
1,97300	52
1,97367	50
1,97433	49
1,97500	47
1,97567	46
1,97633	44
1,97700	43
1,97767	41
1,97833	40
1,97900	38
1,97967	37
1,98033	36
1,98100	34
1,98167	33
1,98233	32
1,98300	32
1,98367	31
1,98433	30
1,98500	29
1,98567	28
1,98633	28
1,98700	27
1,98767	26
1,98833	25
1,98900	25
1,98967	24
1,99033	23
1,99100	22
1,99167	22
1,99233	21
1,99300	21
1,99367	20
1,99433	20
1,99500	19
1,99567	18
1,99633	17
1,99700	17
1,99767	16
1,99833	15
1,99900	14
1,99967	13
2,00033	13
2,00100	12
2,00167	12
2,00233	11
2,00300	11
2,00367	10
2,00433	10
2,00500	9
2,00567	9
2,00633	8
2,00700	8
2,00767	8
2,00833	7
2,00900	7
2,00967	7
2,01033	6
2,01100	6
2,01167	6
2,01233	6
2,01300	5
2,01367	5
2,01433	5
2,01500	4
2,01567	4
2,01633	4
2,01700	4
2,01767	4
2,01833	4
2,01900	4
2,01967	4
2,02033	4
2,02100	4
2,02167	5
2,02233	5
2,02300	6
2,02367	6
2,02433	7
2,02500	8
2,02567	9
2,02633	10
2,02700	11
2,02767	12
2,02833	14
2,02900	15
2,02967	17
2,03033	18
2,03100	20
2,03167	21
2,03233	23
2,03300	24
2,03367	26
2,03433	27
2,03500	28
2,03567	29
2,03633	30
2,03700	30
2,03767	31
2,03833	31
2,03900	31
2,03967	31
2,04033	31
2,04100	30
2,04167	30
2,04233	29
2,04300	28
2,04367	27
2,04433	26
2,04500	24
2,04567	23
2,04633	22
2,04700	20
2,04767	18
2,04833	17
2,04900	15
2,04967	14
2,05033	12
2,05100	11
2,05167	9
2,05233	8
2,05300	6
2,05367	5
2,05433	3
2,05500	2
2,05567	0
2,05633	-1
2,05700	-2
2,05767	-3
2,05833	-4
2,05900	-5
2,05967	-5
2,06033	-6
2,06100	-7
2,06167	-8
2,06233	-8
2,06300	-9
2,06367	-10
2,06433	-10
2,06500	-11
2,06567	-11
2,06633	-12
2,06700	-12
2,06767	-13
2,06833	-13
2,06900	-13
2,06967	-14
2,07033	-14
2,07100	-14
2,07167	-14
2,07233	-15
2,07300	-15
2,07367	-16
2,07433	-16
2,07500	-17
2,07567	-17
2,07633	-17
2,07700	-18
2,07767	-18
2,07833	-18
2,07900	-18
2,07967	-18
2,08033	-18
2,08100	-19
2,08167	-19
2,08233	-19
2,08300	-19
2,08367	-19
2,08433	-19
2,08500	-19
2,08567	-18
2,08633	-18
2,08700	-19
2,08767	-19
2,08833	-19
2,08900	-18
2,08967	-18
2,09033	-18
2,09100	-18
2,09167	-18
2,09233	-18
2,09300	-18
2,09367	-18
2,09433	-18
2,09500	-18
2,09567	-18
2,09633	-18
2,09700	-18
2,09767	-18
2,09833	-18
2,09900	-18
2,09967	-18
2,10033	-18
2,10100	-18
2,10167	-18
2,10233	-18
2,10300	-18
2,10367	-18
2,10433	-18
2,10500	-18
2,10567	-18
2,10633	-18
2,10700	-18
2,10767	-18
2,10833	-17
2,10900	-17
2,10967	-17
2,11033	-17
2,11100	-17
2,11167	-17
2,11233	-17
2,11300	-16
2,11367	-16
2,11433	-16
2,11500	-16
2,11567	-16
2,11633	-16
2,11700	-16
2,11767	-16
2,11833	-16
2,11900	-16
2,11967	-16
2,12033	-16
2,12100	-16
2,12167	-16
2,12233	-16
2,12300	-16
2,12367	-16
2,12433	-16
2,12500	-16
2,12567	-16
2,12633	-16
2,12700	-16
2,12767	-17
2,12833	-17
2,12900	-17
2,12967	-17
2,13033	-17
2,13100	-17
2,13167	-17
2,13233	-18
2,13300	-18
2,13367	-18
2,13433	-18
2,13500	-17
2,13567	-17
2,13633	-17
2,13700	-17
2,13767	-17
2,13833	-17
2,13900	-17
2,13967	-17
2,14033	-17
2,14100	-17
2,14167	-17
2,14233	-17
2,14300	-18
2,14367	-18
2,14433	-18
2,14500	-18
2,14567	-18
2,14633	-18
2,14700	-18
2,14767	-18
2,14833	-18
2,14900	-17
2,14967	-17
2,15033	-17
2,15100	-17
2,15167	-16
2,15233	-16
2,15300	-16
2,15367	-16
2,15433	-15
2,15500	-15
2,15567	-15
2,15633	-15
2,15700	-15
2,15767	-15
2,15833	-16
2,15900	-16
2,15967	-16
2,16033	-17
2,16100	-17
2,16167	-17
2,16233	-18
2,16300	-18
2,16367	-18
2,16433	-18
2,16500	-18
2,16567	-19
2,16633	-19
2,16700	-19
2,16767	-19
2,16833	-19
2,16900	-20
2,16967	-20
2,17033	-20
2,17100	-20
2,17167	-21
2,17233	-21
2,17300	-21
2,17367	-22
2,17433	-22
2,17500	-22
2,17567	-22
2,17633	-22
2,17700	-23
2,17767	-23
2,17833	-23
2,17900	-23
2,17967	-23
2,18033	-23
2,18100	-24
2,18167	-24
2,18233	-24
2,18300	-24
2,18367	-24
2,18433	-24
2,18500	-24
2,18567	-24
2,18633	-25
2,18700	-24
2,18767	-24
2,18833	-24
2,18900	-24
2,18967	-24
2,19033	-24
2,19100	-24
2,19167	-25
2,19233	-25
2,19300	-25
2,19367	-25
2,19433	-25
2,19500	-25
2,19567	-24
2,19633	-24
2,19700	-24
2,19767	-23
2,19833	-23
2,19900	-23
2,19967	-23
2,20033	-23
2,20100	-24
2,20167	-24
2,20233	-24
2,20300	-24
2,20367	-24
2,20433	-24
2,20500	-24
2,20567	-24
2,20633	-24
2,20700	-24
2,20767	-24
2,20833	-24
2,20900	-24
2,20967	-24
2,21033	-24
2,21100	-24
2,21167	-24
2,21233	-25
2,21300	-25
2,21367	-25
2,21433	-25
2,21500	-26
2,21567	-26
2,21633	-26
2,21700	-27
2,21767	-27
2,21833	-27
2,21900	-27
2,21967	-27
2,22033	-27
2,22100	-27
2,22167	-27
2,22233	-28
2,22300	-28
2,22367	-28
2,22433	-27
2,22500	-27
2,22567	-27
2,22633	-27
2,22700	-27
2,22767	-27
2,22833	-27
2,22900	-27
2,22967	-27
2,23033	-27
2,23100	-27
2,23167	-27
2,23233	-26
2,23300	-26
2,23367	-26
2,23433	-26
2,23500	-26
2,23567	-26
2,23633	-26
2,23700	-26
2,23767	-26
2,23833	-26
2,23900	-27
2,23967	-27
2,24033	-27
2,24100	-27
2,24167	-27
2,24233	-27
2,24300	-27
2,24367	-27
2,24433	-27
2,24500	-28
2,24567	-28
2,24633	-28
2,24700	-29
2,24767	-29
2,24833	-30
2,24900	-30
2,24967	-30
2,25033	-30
2,25100	-31
2,25167	-31
2,25233	-30
2,25300	-30
2,25367	-30
2,25433	-30
2,25500	-30
2,25567	-30
2,25633	-30
2,25700	-30
2,25767	-30
2,25833	-30
2,25900	-30
2,25967	-30
2,26033	-30
2,26100	-30
2,26167	-30
2,26233	-30
2,26300	-29
2,26367	-29
2,26433	-29
2,26500	-29
2,26567	-29
2,26633	-29
2,26700	-28
2,26767	-28
2,26833	-28
2,26900	-28
2,26967	-28
2,27033	-27
2,27100	-27
2,27167	-27
2,27233	-27
2,27300	-27
2,27367	-27
2,27433	-27
2,27500	-27
2,27567	-27
2,27633	-27
2,27700	-28
2,27767	-28
2,27833	-28
2,27900	-28
2,27967	-28
2,28033	-28
2,28100	-28
2,28167	-28
2,28233	-28
2,28300	-28
2,28367	-28
2,28433	-28
2,28500	-28
2,28567	-28
2,28633	-28
2,28700	-28
2,28767	-28
2,28833	-28
2,28900	-28
2,28967	-28
2,29033	-28
2,29100	-28
2,29167	-28
2,29233	-28
2,29300	-28
2,29367	-28
2,29433	-28
2,29500	-28
2,29567	-27
2,29633	-27
2,29700	-27
2,29767	-26
2,29833	-26
2,29900	-26
2,29967	-26
2,30033	-25
2,30100	-25
2,30167	-25
2,30233	-24
2,30300	-24
2,30367	-23
2,30433	-23
2,30500	-23
2,30567	-22
2,30633	-22
2,30700	-22
2,30767	-22
2,30833	-22
2,30900	-22
2,30967	-23
2,31033	-23
2,31100	-23
2,31167	-23
2,31233	-24
2,31300	-24
2,31367	-25
2,31433	-25
2,31500	-25
2,31567	-26
2,31633	-26
2,31700	-26
2,31767	-26
2,31833	-26
2,31900	-26
2,31967	-26
2,32033	-26
2,32100	-27
2,32167	-27
2,32233	-27
2,32300	-27
2,32367	-28
2,32433	-28
2,32500	-28
2,32567	-28
2,32633	-29
2,32700	-29
2,32767	-29
2,32833	-30
2,32900	-30
2,32967	-30
2,33033	-30
2,33100	-30
2,33167	-30
2,33233	-30
2,33300	-30
2,33367	-30
2,33433	-31
2,33500	-31
2,33567	-31
2,33633	-31
2,33700	-31
2,33767	-31
2,33833	-31
2,33900	-31
2,33967	-31
2,34033	-31
2,34100	-31
2,34167	-31
2,34233	-31
2,34300	-31
2,34367	-30
2,34433	-30
2,34500	-30
2,34567	-30
2,34633	-30
2,34700	-30
2,34767	-29
2,34833	-29
2,34900	-29
2,34967	-29
2,35033	-29
2,35100	-29
2,35167	-29
2,35233	-29
2,35300	-29
2,35367	-29
2,35433	-29
2,35500	-30
2,35567	-30
2,35633	-30
2,35700	-30
2,35767	-29
2,35833	-29
2,35900	-29
2,35967	-29
2,36033	-29
2,36100	-29
2,36167	-29
2,36233	-29
2,36300	-29
2,36367	-29
2,36433	-29
2,36500	-29
2,36567	-29
2,36633	-29
2,36700	-29
2,36767	-29
2,36833	-28
2,36900	-28
2,36967	-28
2,37033	-27
2,37100	-27
2,37167	-27
2,37233	-26
2,37300	-26
2,37367	-25
2,37433	-25
2,37500	-25
2,37567	-25
2,37633	-25
2,37700	-24
2,37767	-24
2,37833	-24
2,37900	-24
2,37967	-24
2,38033	-24
2,38100	-24
2,38167	-24
2,38233	-24
2,38300	-24
2,38367	-24
2,38433	-24
2,38500	-24
2,38567	-24
2,38633	-23
2,38700	-23
2,38767	-23
2,38833	-23
2,38900	-23
2,38967	-24
2,39033	-24
2,39100	-24
2,39167	-24
2,39233	-24
2,39300	-25
2,39367	-25
2,39433	-25
2,39500	-26
2,39567	-26
2,39633	-26
2,39700	-26
2,39767	-27
2,39833	-27
2,39900	-27
2,39967	-27
2,40033	-27
2,40100	-27
2,40167	-27
2,40233	-27
2,40300	-27
2,40367	-27
2,40433	-27
2,40500	-26
2,40567	-26
2,40633	-26
2,40700	-26
2,40767	-26
2,40833	-26
2,40900	-26
2,40967	-26
2,41033	-26
2,41100	-26
2,41167	-26
2,41233	-26
2,41300	-26
2,41367	-26
2,41433	-27
2,41500	-27
2,41567	-27
2,41633	-28
2,41700	-28
2,41767	-28
2,41833	-28
2,41900	-29
2,41967	-29
2,42033	-29
2,42100	-29
2,42167	-29
2,42233	-29
2,42300	-29
2,42367	-29
2,42433	-29
2,42500	-29
2,42567	-30
2,42633	-30
2,42700	-30
2,42767	-30
2,42833	-30
2,42900	-30
2,42967	-30
2,43033	-30
2,43100	-30
2,43167	-30
2,43233	-30
2,43300	-29
2,43367	-29
2,43433	-29
2,43500	-28
2,43567	-28
2,43633	-28
2,43700	-27
2,43767	-27
2,43833	-27
2,43900	-26
2,43967	-26
2,44033	-26
2,44100	-26
2,44167	-26
2,44233	-26
2,44300	-26
2,44367	-26
2,44433	-27
2,44500	-27
2,44567	-27
2,44633	-27
2,44700	-28
2,44767	-28
2,44833	-28
2,44900	-28
2,44967	-28
2,45033	-28
2,45100	-28
2,45167	-28
2,45233	-28
2,45300	-28
2,45367	-28
2,45433	-28
2,45500	-28
2,45567	-28
2,45633	-27
2,45700	-27
2,45767	-27
2,45833	-27
2,45900	-27
2,45967	-27
2,46033	-27
2,46100	-27
2,46167	-27
2,46233	-27
2,46300	-27
2,46367	-27
2,46433	-27
2,46500	-27
2,46567	-27
2,46633	-26
2,46700	-26
2,46767	-26
2,46833	-26
2,46900	-26
2,46967	-26
2,47033	-26
2,47100	-26
2,47167	-26
2,47233	-26
2,47300	-26
2,47367	-25
2,47433	-25
2,47500	-25
2,47567	-25
2,47633	-25
2,47700	-25
2,47767	-24
2,47833	-24
2,47900	-23
2,47967	-23
2,48033	-23
2,48100	-23
2,48167	-23
2,48233	-22
2,48300	-22
2,48367	-22
2,48433	-22
2,48500	-22
2,48567	-22
2,48633	-21
2,48700	-21
2,48767	-21
2,48833	-22
2,48900	-22
2,48967	-22
2,49033	-22
2,49100	-23
2,49167	-23
2,49233	-23
2,49300	-23
2,49367	-23
2,49433	-23
2,49500	-23
2,49567	-22
2,49633	-20
2,49700	-17
2,49767	-13
2,49833	-5
2,49900	6
2,49967	24
2,50033	53
2,50100	97
2,50167	165
2,50233	269
2,50300	426
2,50367	660
2,50433	1008
2,50500	1514
2,50567	2233
2,50633	3230
2,50700	4587
2,50767	6402
2,50833	8787
2,50900	11859
2,50967	15757
2,51033	20629
2,51100	26648
2,51167	33974
2,51233	42782
2,51300	53238
2,51367	65543
2,51433	79865
2,51500	96346
2,51567	115119
2,51633	136380
2,51700	160267
2,51767	186893
2,51833	216324
2,51900	248676
2,51967	284058
2,52033	322612
2,52100	364423
2,52167	409517
2,52233	457885
2,52300	509459
2,52367	564220
2,52433	622127
2,52500	683145
2,52567	747336
2,52633	814750
2,52700	885322
2,52767	958821
2,52833	1035033
2,52900	1114015
2,52967	1195878
2,53033	1280768
2,53100	1368622
2,53167	1459046
2,53233	1551787
2,53300	1646663
2,53367	1743495
2,53433	1842142
2,53500	1942347
2,53567	2043988
2,53633	2146784
2,53700	2250451
2,53767	2354708
2,53833	2458746
2,53900	2561167
2,53967	2660145
2,54033	2753236
2,54100	2837677
2,54167	2910194
2,54233	2967354
2,54300	3005620
2,54367	3022257
2,54433	3015676
2,54500	2986140
2,54567	2935150
2,54633	2865211
2,54700	2779265
2,54767	2680461
2,54833	2571851
2,54900	2456261
2,54967	2336177
2,55033	2213735
2,55100	2090725
2,55167	1968614
2,55233	1848588
2,55300	1731578
2,55367	1618304
2,55433	1509303
2,55500	1404958
2,55567	1305521
2,55633	1211143
2,55700	1121885
2,55767	1037737
2,55833	958635
2,55900	884468
2,55967	815094
2,56033	750343
2,56100	690026
2,56167	633942
2,56233	581883
2,56300	533635
2,56367	488984
2,56433	447719
2,56500	409632
2,56567	374520
2,56633	342187
2,56700	312444
2,56767	285112
2,56833	260018
2,56900	237001
2,56967	215907
2,57033	196589
2,57100	178913
2,57167	162751
2,57233	147983
2,57300	134498
2,57367	122193
2,57433	110972
2,57500	100744
2,57567	91428
2,57633	82947
2,57700	75229
2,57767	68211
2,57833	61831
2,57900	56035
2,57967	50770
2,58033	45992
2,58100	41656
2,58167	37723
2,58233	34157
2,58300	30925
2,58367	27996
2,58433	25344
2,58500	22942
2,58567	20768
2,58633	18801
2,58700	17022
2,58767	15412
2,58833	13958
2,58900	12643
2,58967	11455
2,59033	10381
2,59100	9412
2,59167	8537
2,59233	7747
2,59300	7034
2,59367	6391
2,59433	5811
2,59500	5287
2,59567	4814
2,59633	4388
2,59700	4004
2,59767	3657
2,59833	3345
2,59900	3063
2,59967	2809
2,60033	2580
2,60100	2373
2,60167	2187
2,60233	2019
2,60300	1868
2,60367	1731
2,60433	1607
2,60500	1496
2,60567	1395
2,60633	1304
2,60700	1221
2,60767	1147
2,60833	1080
2,60900	1019
2,60967	964
2,61033	914
2,61100	869
2,61167	828
2,61233	790
2,61300	756
2,61367	725
2,61433	697
2,61500	671
2,61567	647
2,61633	625
2,61700	605
2,61767	586
2,61833	569
2,61900	554
2,61967	539
2,62033	526
2,62100	514
2,62167	502
2,62233	491
2,62300	481
2,62367	471
2,62433	462
2,62500	454
2,62567	445
2,62633	438
2,62700	431
2,62767	424
2,62833	417
2,62900	411
2,62967	406
2,63033	400
2,63100	395
2,63167	389
2,63233	385
2,63300	380
2,63367	376
2,63433	371
2,63500	367
2,63567	363
2,63633	359
2,63700	356
2,63767	352
2,63833	348
2,63900	344
2,63967	341
2,64033	337
2,64100	333
2,64167	329
2,64233	325
2,64300	322
2,64367	318
2,64433	314
2,64500	311
2,64567	307
2,64633	303
2,64700	299
2,64767	296
2,64833	292
2,64900	288
2,64967	284
2,65033	280
2,65100	277
2,65167	273
2,65233	270
2,65300	267
2,65367	264
2,65433	261
2,65500	258
2,65567	255
2,65633	253
2,65700	250
2,65767	247
2,65833	245
2,65900	242
2,65967	240
2,66033	237
2,66100	235
2,66167	232
2,66233	230
2,66300	228
2,66367	226
2,66433	223
2,66500	221
2,66567	219
2,66633	216
2,66700	214
2,66767	212
2,66833	210
2,66900	208
2,66967	207
2,67033	205
2,67100	203
2,67167	201
2,67233	200
2,67300	198
2,67367	196
2,67433	195
2,67500	193
2,67567	192
2,67633	191
2,67700	189
2,67767	187
2,67833	186
2,67900	185
2,67967	183
2,68033	182
2,68100	181
2,68167	179
2,68233	178
2,68300	177
2,68367	176
2,68433	174
2,68500	173
2,68567	172
2,68633	171
2,68700	169
2,68767	168
2,68833	167
2,68900	166
2,68967	164
2,69033	163
2,69100	161
2,69167	160
2,69233	158
2,69300	157
2,69367	156
2,69433	155
2,69500	153
2,69567	152
2,69633	151
2,69700	149
2,69767	148
2,69833	147
2,69900	146
2,69967	145
2,70033	144
2,70100	142
2,70167	141
2,70233	139
2,70300	137
2,70367	136
2,70433	134
2,70500	133
2,70567	132
2,70633	130
2,70700	129
2,70767	127
2,70833	126
2,70900	125
2,70967	124
2,71033	123
2,71100	121
2,71167	120
2,71233	119
2,71300	117
2,71367	116
2,71433	114
2,71500	113
2,71567	111
2,71633	110
2,71700	108
2,71767	107
2,71833	106
2,71900	105
2,71967	103
2,72033	103
2,72100	102
2,72167	101
2,72233	101
2,72300	100
2,72367	99
2,72433	98
2,72500	98
2,72567	97
2,72633	96
2,72700	96
2,72767	95
2,72833	94
2,72900	94
2,72967	93
2,73033	92
2,73100	92
2,73167	91
2,73233	91
2,73300	90
2,73367	89
2,73433	89
2,73500	88
2,73567	87
2,73633	87
2,73700	86
2,73767	86
2,73833	85
2,73900	84
2,73967	84
2,74033	83
2,74100	83
2,74167	82
2,74233	82
2,74300	81
2,74367	80
2,74433	80
2,74500	79
2,74567	78
2,74633	77
2,74700	77
2,74767	76
2,74833	75
2,74900	75
2,74967	74
2,75033	73
2,75100	73
2,75167	72
2,75233	72
2,75300	71
2,75367	71
2,75433	70
2,75500	70
2,75567	69
2,75633	69
2,75700	68
2,75767	68
2,75833	68
2,75900	68
2,75967	68
2,76033	68
2,76100	68
2,76167	68
2,76233	68
2,76300	68
2,76367	68
2,76433	68
2,76500	67
2,76567	67
2,76633	67
2,76700	66
2,76767	66
2,76833	66
2,76900	65
2,76967	65
2,77033	64
2,77100	64
2,77167	63
2,77233	62
2,77300	61
2,77367	60
2,77433	60
2,77500	59
2,77567	59
2,77633	58
2,77700	58
2,77767	57
2,77833	57
2,77900	56
2,77967	56
2,78033	55
2,78100	55
2,78167	54
2,78233	53
2,78300	53
2,78367	52
2,78433	51
2,78500	51
2,78567	50
2,78633	49
2,78700	48
2,78767	47
2,78833	47
2,78900	46
2,78967	45
2,79033	44
2,79100	44
2,79167	43
2,79233	43
2,79300	42
2,79367	42
2,79433	42
2,79500	42
2,79567	42
2,79633	42
2,79700	42
2,79767	42
2,79833	42
2,79900	42
2,79967	42
2,80033	41
2,80100	41
2,80167	41
2,80233	41
2,80300	41
2,80367	41
2,80433	41
2,80500	41
2,80567	41
2,80633	40
2,80700	40
2,80767	40
2,80833	40
2,80900	40
2,80967	40
2,81033	40
2,81100	40
2,81167	40
2,81233	40
2,81300	40
2,81367	40
2,81433	41
2,81500	41
2,81567	41
2,81633	41
2,81700	41
2,81767	42
2,81833	42
2,81900	42
2,81967	43
2,82033	43
2,82100	43
2,82167	43
2,82233	43
2,82300	43
2,82367	43
2,82433	43
2,82500	43
2,82567	43
2,82633	43
2,82700	42
2,82767	42
2,82833	42
2,82900	41
2,82967	41
2,83033	40
2,83100	40
2,83167	39
2,83233	39
2,83300	39
2,83367	38
2,83433	38
2,83500	37
2,83567	37
2,83633	36
2,83700	36
2,83767	35
2,83833	35
2,83900	34
2,83967	34
2,84033	34
2,84100	33
2,84167	33
2,84233	33
2,84300	32
2,84367	32
2,84433	31
2,84500	31
2,84567	30
2,84633	30
2,84700	30
2,84767	29
2,84833	29
2,84900	29
2,84967	28
2,85033	28
2,85100	27
2,85167	27
2,85233	26
2,85300	25
2,85367	25
2,85433	24
2,85500	24
2,85567	24
2,85633	23
2,85700	23
2,85767	23
2,85833	22
2,85900	22
2,85967	22
2,86033	22
2,86100	22
2,86167	22
2,86233	22
2,86300	23
2,86367	23
2,86433	23
2,86500	23
2,86567	23
2,86633	23
2,86700	23
2,86767	24
2,86833	24
2,86900	24
2,86967	24
2,87033	24
2,87100	24
2,87167	24
2,87233	24
2,87300	24
2,87367	24
2,87433	24
2,87500	24
2,87567	24
2,87633	24
2,87700	25
2,87767	25
2,87833	25
2,87900	25
2,87967	25
2,88033	25
2,88100	25
2,88167	25
2,88233	25
2,88300	25
2,88367	25
2,88433	25
2,88500	25
2,88567	25
2,88633	25
2,88700	25
2,88767	25
2,88833	25
2,88900	25
2,88967	25
2,89033	24
2,89100	24
2,89167	24
2,89233	24
2,89300	24
2,89367	24
2,89433	24
2,89500	23
2,89567	23
2,89633	23
2,89700	23
2,89767	23
2,89833	23
2,89900	23
2,89967	23
2,90033	23
2,90100	23
2,90167	23
2,90233	23
2,90300	23
2,90367	23
2,90433	23
2,90500	22
2,90567	22
2,90633	22
2,90700	22
2,90767	22
2,90833	22
2,90900	22
2,90967	23
2,91033	23
2,91100	23
2,91167	23
2,91233	23
2,91300	23
2,91367	23
2,91433	23
2,91500	23
2,91567	23
2,91633	23
2,91700	23
2,91767	22
2,91833	22
2,91900	22
2,91967	22
2,92033	22
2,92100	22
2,92167	22
2,92233	22
2,92300	21
2,92367	21
2,92433	21
2,92500	21
2,92567	20
2,92633	20
2,92700	20
2,92767	19
2,92833	19
2,92900	18
2,92967	18
2,93033	18
2,93100	17
2,93167	17
2,93233	17
2,93300	17
2,93367	17
2,93433	17
2,93500	17
2,93567	17
2,93633	16
2,93700	16
2,93767	16
2,93833	16
2,93900	16
2,93967	15
2,94033	15
2,94100	15
2,94167	15
2,94233	14
2,94300	14
2,94367	14
2,94433	14
2,94500	14
2,94567	14
2,94633	14
2,94700	14
2,94767	14
2,94833	14
2,94900	14
2,94967	14
2,95033	14
2,95100	15
2,95167	15
2,95233	16
2,95300	17
2,95367	19
2,95433	20
2,95500	23
2,95567	25
2,95633	28
2,95700	31
2,95767	35
2,95833	39
2,95900	44
2,95967	49
2,96033	54
2,96100	60
2,96167	67
2,96233	73
2,96300	80
2,96367	87
2,96433	94
2,96500	101
2,96567	108
2,96633	114
2,96700	120
2,96767	126
2,96833	130
2,96900	134
2,96967	138
2,97033	140
2,97100	142
2,97167	143
2,97233	144
2,97300	144
2,97367	143
2,97433	142
2,97500	140
2,97567	137
2,97633	134
2,97700	131
2,97767	127
2,97833	123
2,97900	118
2,97967	114
2,98033	109
2,98100	104
2,98167	99
2,98233	95
2,98300	90
2,98367	86
2,98433	82
2,98500	77
2,98567	73
2,98633	70
2,98700	66
2,98767	62
2,98833	59
2,98900	56
2,98967	53
2,99033	50
2,99100	47
2,99167	44
2,99233	41
2,99300	39
2,99367	36
2,99433	34
2,99500	32
2,99567	30
2,99633	28
2,99700	26
2,99767	24
2,99833	23
2,99900	21
2,99967	19
3,00033	18
3,00100	17
3,00167	15
3,00233	14
3,00300	13
3,00367	12
3,00433	11
3,00500	10
3,00567	9
3,00633	8
3,00700	8
3,00767	7
3,00833	6
3,00900	6
3,00967	5
3,01033	4
3,01100	4
3,01167	3
3,01233	3
3,01300	2
3,01367	2
3,01433	2
3,01500	1
3,01567	1
3,01633	1
3,01700	0
3,01767	0
3,01833	-0
3,01900	-1
3,01967	-1
3,02033	-1
3,02100	-1
3,02167	-1
3,02233	-1
3,02300	-2
3,02367	-2
3,02433	-2
3,02500	-2
3,02567	-3
3,02633	-3
3,02700	-3
3,02767	-4
3,02833	-4
3,02900	-4
3,02967	-4
3,03033	-5
3,03100	-5
3,03167	-6
3,03233	-6
3,03300	-6
3,03367	-6
3,03433	-6
3,03500	-6
3,03567	-6
3,03633	-6
3,03700	-6
3,03767	-6
3,03833	-6
3,03900	-6
3,03967	-5
3,04033	-5
3,04100	-5
3,04167	-5
3,04233	-5
3,04300	-5
3,04367	-5
3,04433	-5
3,04500	-5
3,04567	-5
3,04633	-5
3,04700	-5
3,04767	-5
3,04833	-5
3,04900	-5
3,04967	-5
3,05033	-5
3,05100	-5
3,05167	-5
3,05233	-6
3,05300	-6
3,05367	-6
3,05433	-6
3,05500	-6
3,05567	-6
3,05633	-6
3,05700	-6
3,05767	-6
3,05833	-6
3,05900	-6
3,05967	-6
3,06033	-6
3,06100	-5
3,06167	-5
3,06233	-5
3,06300	-5
3,06367	-5
3,06433	-5
3,06500	-5
3,06567	-5
3,06633	-5
3,06700	-5
3,06767	-4
3,06833	-4
3,06900	-4
3,06967	-4
3,07033	-3
3,07100	-3
3,07167	-3
3,07233	-3
3,07300	-3
3,07367	-3
3,07433	-3
3,07500	-3
3,07567	-3
3,07633	-3
3,07700	-3
3,07767	-3
3,07833	-3
3,07900	-3
3,07967	-3
3,08033	-3
3,08100	-3
3,08167	-3
3,08233	-3
3,08300	-3
3,08367	-3
3,08433	-3
3,08500	-3
3,08567	-3
3,08633	-3
3,08700	-3
3,08767	-3
3,08833	-3
3,08900	-3
3,08967	-3
3,09033	-3
3,09100	-2
3,09167	-2
3,09233	-2
3,09300	-1
3,09367	-1
3,09433	-1
3,09500	-0
3,09567	0
3,09633	0
3,09700	1
3,09767	1
3,09833	2
3,09900	2
3,09967	3
3,10033	3
3,10100	3
3,10167	4
3,10233	4
3,10300	4
3,10367	4
3,10433	4
3,10500	4
3,10567	4
3,10633	4
3,10700	4
3,10767	4
3,10833	4
3,10900	3
3,10967	3
3,11033	3
3,11100	3
3,11167	2
3,11233	2
3,11300	2
3,11367	2
3,11433	1
3,11500	1
3,11567	1
3,11633	1
3,11700	0
3,11767	0
3,11833	-0
3,11900	-0
3,11967	-0
3,12033	-0
3,12100	-0
3,12167	-1
3,12233	-1
3,12300	-1
3,12367	-1
3,12433	-1
3,12500	-2
3,12567	-2
3,12633	-2
3,12700	-3
3,12767	-3
3,12833	-3
3,12900	-3
3,12967	-4
3,13033	-4
3,13100	-4
3,13167	-4
3,13233	-5
3,13300	-5
3,13367	-5
3,13433	-5
3,13500	-5
3,13567	-6
3,13633	-6
3,13700	-6
3,13767	-6
3,13833	-6
3,13900	-6
3,13967	-6
3,14033	-7
3,14100	-7
3,14167	-6
3,14233	-6
3,14300	-6
3,14367	-6
3,14433	-6
3,14500	-6
3,14567	-6
3,14633	-6
3,14700	-6
3,14767	-6
3,14833	-5
3,14900	-5
3,14967	-5
3,15033	-5
3,15100	-6
3,15167	-6
3,15233	-6
3,15300	-6
3,15367	-6
3,15433	-6
3,15500	-6
3,15567	-6
3,15633	-6
3,15700	-6
3,15767	-6
3,15833	-6
3,15900	-6
3,15967	-6
3,16033	-6
3,16100	-7
3,16167	-7
3,16233	-7
3,16300	-7
3,16367	-7
3,16433	-8
3,16500	-8
3,16567	-8
3,16633	-8
3,16700	-8
3,16767	-8
3,16833	-8
3,16900	-9
3,16967	-9
3,17033	-9
3,17100	-9
3,17167	-9
3,17233	-10
3,17300	-10
3,17367	-10
3,17433	-10
3,17500	-11
3,17567	-11
3,17633	-11
3,17700	-11
3,17767	-11
3,17833	-11
3,17900	-11
3,17967	-11
3,18033	-11
3,18100	-11
3,18167	-11
3,18233	-11
3,18300	-11
3,18367	-11
3,18433	-11
3,18500	-11
3,18567	-11
3,18633	-10
3,18700	-10
3,18767	-10
3,18833	-10
3,18900	-10
3,18967	-9
3,19033	-9
3,19100	-9
3,19167	-8
3,19233	-8
3,19300	-8
3,19367	-8
3,19433	-8
3,19500	-8
3,19567	-8
3,19633	-7
3,19700	-7
3,19767	-7
3,19833	-6
3,19900	-6
3,19967	-5
3,20033	-5
3,20100	-5
3,20167	-4
3,20233	-4
3,20300	-4
3,20367	-4
3,20433	-4
3,20500	-4
3,20567	-4
3,20633	-3
3,20700	-3
3,20767	-3
3,20833	-3
3,20900	-3
3,20967	-3
3,21033	-3
3,21100	-3
3,21167	-2
3,21233	-2
3,21300	-1
3,21367	-1
3,21433	-1
3,21500	-0
3,21567	-0
3,21633	0
3,21700	0
3,21767	0
3,21833	0
3,21900	1
3,21967	1
3,22033	1
3,22100	1
3,22167	1
3,22233	1
3,22300	1
3,22367	0
3,22433	-0
3,22500	-1
3,22567	-1
3,22633	-1
3,22700	-1
3,22767	-2
3,22833	-2
3,22900	-2
3,22967	-3
3,23033	-3
3,23100	-3
3,23167	-3
3,23233	-4
3,23300	-4
3,23367	-4
3,23433	-4
3,23500	-4
3,23567	-3
3,23633	-3
3,23700	-3
3,23767	-3
3,23833	-2
3,23900	-2
3,23967	-2
3,24033	-2
3,24100	-2
3,24167	-2
3,24233	-2
3,24300	-1
3,24367	-1
3,24433	-2
3,24500	-2
3,24567	-2
3,24633	-2
3,24700	-2
3,24767	-2
3,24833	-2
3,24900	-3
3,24967	-3
3,25033	-3
3,25100	-3
3,25167	-3
3,25233	-4
3,25300	-4
3,25367	-5
3,25433	-5
3,25500	-6
3,25567	-6
3,25633	-7
3,25700	-7
3,25767	-7
3,25833	-8
3,25900	-8
3,25967	-9
3,26033	-9
3,26100	-10
3,26167	-10
3,26233	-10
3,26300	-11
3,26367	-11
3,26433	-11
3,26500	-11
3,26567	-11
3,26633	-11
3,26700	-12
3,26767	-12
3,26833	-12
3,26900	-12
3,26967	-12
3,27033	-12
3,27100	-13
3,27167	-13
3,27233	-13
3,27300	-13
3,27367	-13
3,27433	-13
3,27500	-13
3,27567	-12
3,27633	-12
3,27700	-11
3,27767	-11
3,27833	-11
3,27900	-10
3,27967	-10
3,28033	-10
3,28100	-10
3,28167	-10
3,28233	-10
3,28300	-10
3,28367	-10
3,28433	-9
3,28500	-9
3,28567	-9
3,28633	-9
3,28700	-9
3,28767	-8
3,28833	-8
3,28900	-8
3,28967	-8
3,29033	-8
3,29100	-8
3,29167	-7
3,29233	-7
3,29300	-7
3,29367	-7
3,29433	-6
3,29500	-6
3,29567	-6
3,29633	-6
3,29700	-6
3,29767	-5
3,29833	-5
3,29900	-5
3,29967	-5
3,30033	-5
3,30100	-5
3,30167	-6
3,30233	-6
3,30300	-6
3,30367	-6
3,30433	-6
3,30500	-6
3,30567	-7
3,30633	-7
3,30700	-7
3,30767	-8
3,30833	-8
3,30900	-9
3,30967	-10
3,31033	-10
3,31100	-11
3,31167	-12
3,31233	-12
3,31300	-13
3,31367	-13
3,31433	-13
3,31500	-13
3,31567	-13
3,31633	-13
3,31700	-13
3,31767	-13
3,31833	-13
3,31900	-13
3,31967	-13
3,32033	-14
3,32100	-14
3,32167	-14
3,32233	-14
3,32300	-14
3,32367	-14
3,32433	-14
3,32500	-14
3,32567	-14
3,32633	-14
3,32700	-14
3,32767	-14
3,32833	-14
3,32900	-14
3,32967	-14
3,33033	-14
3,33100	-14
3,33167	-14
3,33233	-14
3,33300	-14
3,33367	-14
3,33433	-14
3,33500	-14
3,33567	-14
3,33633	-14
3,33700	-14
3,33767	-13
3,33833	-13
3,33900	-12
3,33967	-11
3,34033	-10
3,34100	-9
3,34167	-7
3,34233	-6
3,34300	-4
3,34367	-3
3,34433	-0
3,34500	2
3,34567	5
3,34633	8
3,34700	11
3,34767	15
3,34833	19
3,34900	24
3,34967	28
3,35033	33
3,35100	39
3,35167	44
3,35233	50
3,35300	56
3,35367	63
3,35433	69
3,35500	76
3,35567	82
3,35633	89
3,35700	96
3,35767	103
3,35833	110
3,35900	116
3,35967	123
3,36033	129
3,36100	135
3,36167	141
3,36233	147
3,36300	152
3,36367	157
3,36433	161
3,36500	166
3,36567	169
3,36633	173
3,36700	176
3,36767	179
3,36833	181
3,36900	184
3,36967	186
3,37033	187
3,37100	189
3,37167	190
3,37233	191
3,37300	192
3,37367	192
3,37433	192
3,37500	192
3,37567	192
3,37633	192
3,37700	192
3,37767	191
3,37833	190
3,37900	190
3,37967	189
3,38033	188
3,38100	186
3,38167	185
3,38233	183
3,38300	182
3,38367	180
3,38433	178
3,38500	176
3,38567	173
3,38633	171
3,38700	169
3,38767	167
3,38833	165
3,38900	162
3,38967	160
3,39033	158
3,39100	156
3,39167	154
3,39233	152
3,39300	150
3,39367	148
3,39433	146
3,39500	144
3,39567	142
3,39633	140
3,39700	137
3,39767	136
3,39833	134
3,39900	132
3,39967	130
3,40033	129
3,40100	128
3,40167	126
3,40233	126
3,40300	125
3,40367	124
3,40433	124
3,40500	123
3,40567	123
3,40633	122
3,40700	122
3,40767	122
3,40833	121
3,40900	121
3,40967	120
3,41033	120
3,41100	120
3,41167	119
3,41233	119
3,41300	119
3,41367	118
3,41433	118
3,41500	118
3,41567	118
3,41633	118
3,41700	117
3,41767	117
3,41833	117
3,41900	117
3,41967	117
3,42033	117
3,42100	117
3,42167	117
3,42233	117
3,42300	117
3,42367	118
3,42433	118
3,42500	118
3,42567	119
3,42633	119
3,42700	119
3,42767	119
3,42833	119
3,42900	119
3,42967	118
3,43033	118
3,43100	117
3,43167	116
3,43233	115
3,43300	114
3,43367	113
3,43433	112
3,43500	110
3,43567	108
3,43633	106
3,43700	104
3,43767	102
3,43833	99
3,43900	97
3,43967	94
3,44033	92
3,44100	89
3,44167	86
3,44233	84
3,44300	81
3,44367	79
3,44433	76
3,44500	73
3,44567	71
3,44633	68
3,44700	66
3,44767	63
3,44833	60
3,44900	58
3,44967	55
3,45033	53
3,45100	50
3,45167	48
3,45233	46
3,45300	44
3,45367	42
3,45433	40
3,45500	38
3,45567	37
3,45633	35
3,45700	34
3,45767	33
3,45833	31
3,45900	30
3,45967	29
3,46033	28
3,46100	27
3,46167	26
3,46233	25
3,46300	24
3,46367	23
3,46433	22
3,46500	22
3,46567	21
3,46633	21
3,46700	20
3,46767	20
3,46833	20
3,46900	19
3,46967	19
3,47033	19
3,47100	18
3,47167	18
3,47233	17
3,47300	16
3,47367	16
3,47433	15
3,47500	15
3,47567	14
3,47633	14
3,47700	13
3,47767	13
3,47833	13
3,47900	13
3,47967	13
3,48033	13
3,48100	13
3,48167	13
3,48233	12
3,48300	12
3,48367	12
3,48433	12
3,48500	12
3,48567	12
3,48633	12
3,48700	11
3,48767	11
3,48833	11
3,48900	11
3,48967	11
3,49033	10
3,49100	10
3,49167	9
3,49233	9
3,49300	8
3,49367	8
3,49433	8
3,49500	7
3,49567	7
3,49633	6
3,49700	6
3,49767	5
3,49833	5
3,49900	5
3,49967	4
3,50033	4
3,50100	4
3,50167	4
3,50233	4
3,50300	3
3,50367	3
3,50433	3
3,50500	3
3,50567	3
3,50633	3
3,50700	3
3,50767	3
3,50833	3
3,50900	3
3,50967	3
3,51033	3
3,51100	2
3,51167	2
3,51233	2
3,51300	2
3,51367	2
3,51433	2
3,51500	2
3,51567	2
3,51633	2
3,51700	2
3,51767	2
3,51833	3
3,51900	3
3,51967	3
3,52033	3
3,52100	3
3,52167	3
3,52233	2
3,52300	2
3,52367	2
3,52433	2
3,52500	2
3,52567	1
3,52633	1
3,52700	1
3,52767	0
3,52833	0
3,52900	-0
3,52967	-1
3,53033	-1
3,53100	-1
3,53167	-1
3,53233	-1
3,53300	-1
3,53367	-1
3,53433	-1
3,53500	-1
3,53567	-1
3,53633	-0
3,53700	1
3,53767	2
3,53833	3
3,53900	4
3,53967	6
3,54033	9
3,54100	12
3,54167	15
3,54233	20
3,54300	25
3,54367	31
3,54433	39
3,54500	48
3,54567	58
3,54633	70
3,54700	83
3,54767	97
3,54833	114
3,54900	131
3,54967	151
3,55033	172
3,55100	194
3,55167	217
3,55233	241
3,55300	266
3,55367	292
3,55433	317
3,55500	342
3,55567	366
3,55633	390
3,55700	412
3,55767	432
3,55833	450
3,55900	467
3,55967	481
3,56033	493
3,56100	503
3,56167	510
3,56233	514
3,56300	516
3,56367	515
3,56433	512
3,56500	506
3,56567	498
3,56633	489
3,56700	477
3,56767	464
3,56833	449
3,56900	434
3,56967	417
3,57033	400
3,57100	383
3,57167	365
3,57233	347
3,57300	329
3,57367	311
3,57433	293
3,57500	276
3,57567	259
3,57633	243
3,57700	227
3,57767	212
3,57833	197
3,57900	183
3,57967	170
3,58033	158
3,58100	146
3,58167	135
3,58233	125
3,58300	116
3,58367	107
3,58433	99
3,58500	92
3,58567	85
3,58633	78
3,58700	72
3,58767	66
3,58833	61
3,58900	56
3,58967	51
3,59033	47
3,59100	44
3,59167	40
3,59233	37
3,59300	34
3,59367	31
3,59433	28
3,59500	25
3,59567	23
3,59633	20
3,59700	18
3,59767	16
3,59833	14
3,59900	13
3,59967	11
3,60033	10
3,60100	9
3,60167	8
3,60233	7
3,60300	6
3,60367	5
3,60433	4
3,60500	4
3,60567	3
3,60633	2
3,60700	1
3,60767	1
3,60833	0
3,60900	-1
3,60967	-1
3,61033	-2
3,61100	-2
3,61167	-3
3,61233	-3
3,61300	-3
3,61367	-3
3,61433	-3
3,61500	-3
3,61567	-4
3,61633	-4
3,61700	-4
3,61767	-4
3,61833	-4
3,61900	-4
3,61967	-4
3,62033	-4
3,62100	-4
3,62167	-4
3,62233	-5
3,62300	-5
3,62367	-5
3,62433	-5
3,62500	-5
3,62567	-5
3,62633	-5
3,62700	-5
3,62767	-5
3,62833	-4
3,62900	-4
3,62967	-4
3,63033	-3
3,63100	-3
3,63167	-2
3,63233	-1
3,63300	0
3,63367	2
3,63433	4
3,63500	6
3,63567	9
3,63633	12
3,63700	16
3,63767	21
3,63833	26
3,63900	32
3,63967	39
3,64033	46
3,64100	55
3,64167	64
3,64233	74
3,64300	86
3,64367	97
3,64433	110
3,64500	124
3,64567	138
3,64633	152
3,64700	167
3,64767	182
3,64833	197
3,64900	212
3,64967	226
3,65033	240
3,65100	253
3,65167	266
3,65233	277
3,65300	287
3,65367	296
3,65433	304
3,65500	311
3,65567	317
3,65633	321
3,65700	324
3,65767	326
3,65833	326
3,65900	324
3,65967	322
3,66033	318
3,66100	313
3,66167	306
3,66233	299
3,66300	291
3,66367	282
3,66433	273
3,66500	263
3,66567	253
3,66633	242
3,66700	231
3,66767	221
3,66833	210
3,66900	199
3,66967	188
3,67033	178
3,67100	167
3,67167	157
3,67233	147
3,67300	138
3,67367	128
3,67433	120
3,67500	111
3,67567	103
3,67633	95
3,67700	88
3,67767	81
3,67833	75
3,67900	69
3,67967	64
3,68033	58
3,68100	53
3,68167	49
3,68233	44
3,68300	41
3,68367	37
3,68433	33
3,68500	30
3,68567	27
3,68633	25
3,68700	23
3,68767	21
3,68833	19
3,68900	17
3,68967	15
3,69033	14
3,69100	12
3,69167	11
3,69233	10
3,69300	8
3,69367	7
3,69433	6
3,69500	5
3,69567	4
3,69633	3
3,69700	2
3,69767	1
3,69833	1
3,69900	0
3,69967	-0
3,70033	-1
3,70100	-1
3,70167	-1
3,70233	-2
3,70300	-2
3,70367	-2
3,70433	-2
3,70500	-3
3,70567	-3
3,70633	-4
3,70700	-4
3,70767	-4
3,70833	-5
3,70900	-5
3,70967	-5
3,71033	-5
3,71100	-5
3,71167	-6
3,71233	-6
3,71300	-6
3,71367	-6
3,71433	-6
3,71500	-6
3,71567	-6
3,71633	-6
3,71700	-6
3,71767	-6
3,71833	-6
3,71900	-6
3,71967	-6
3,72033	-6
3,72100	-6
3,72167	-6
3,72233	-6
3,72300	-6
3,72367	-6
3,72433	-6
3,72500	-6
3,72567	-6
3,72633	-6
3,72700	-5
3,72767	-5
3,72833	-5
3,72900	-5
3,72967	-5
3,73033	-5
3,73100	-5
3,73167	-5
3,73233	-5
3,73300	-5
3,73367	-5
3,73433	-5
3,73500	-5
3,73567	-5
3,73633	-6
3,73700	-6
3,73767	-6
3,73833	-6
3,73900	-6
3,73967	-6
3,74033	-6
3,74100	-6
3,74167	-6
3,74233	-5
3,74300	-5
3,74367	-5
3,74433	-5
3,74500	-5
3,74567	-6
3,74633	-6
3,74700	-6
3,74767	-6
3,74833	-7
3,74900	-7
3,74967	-7
3,75033	-7
3,75100	-7
3,75167	-7
3,75233	-7
3,75300	-7
3,75367	-7
3,75433	-7
3,75500	-7
3,75567	-7
3,75633	-7
3,75700	-7
3,75767	-7
3,75833	-7
3,75900	-6
3,75967	-6
3,76033	-5
3,76100	-5
3,76167	-4
3,76233	-3
3,76300	-2
3,76367	0
3,76433	2
3,76500	4
3,76567	6
3,76633	8
3,76700	10
3,76767	12
3,76833	15
3,76900	17
3,76967	19
3,77033	22
3,77100	24
3,77167	27
3,77233	29
3,77300	32
3,77367	34
3,77433	37
3,77500	39
3,77567	40
3,77633	41
3,77700	42
3,77767	43
3,77833	43
3,77900	43
3,77967	43
3,78033	42
3,78100	41
3,78167	40
3,78233	39
3,78300	38
3,78367	36
3,78433	34
3,78500	33
3,78567	31
3,78633	30
3,78700	28
3,78767	26
3,78833	24
3,78900	22
3,78967	21
3,79033	19
3,79100	18
3,79167	16
3,79233	15
3,79300	13
3,79367	12
3,79433	10
3,79500	9
3,79567	8
3,79633	7
3,79700	6
3,79767	5
3,79833	4
3,79900	3
3,79967	2
3,80033	2
3,80100	1
3,80167	0
3,80233	-1
3,80300	-2
3,80367	-3
3,80433	-4
3,80500	-4
3,80567	-5
3,80633	-5
3,80700	-6
3,80767	-6
3,80833	-7
3,80900	-7
3,80967	-7
3,81033	-7
3,81100	-8
3,81167	-8
3,81233	-8
3,81300	-9
3,81367	-9
3,81433	-9
3,81500	-9
3,81567	-9
3,81633	-9
3,81700	-9
3,81767	-10
3,81833	-10
3,81900	-10
3,81967	-9
3,82033	-10
3,82100	-10
3,82167	-10
3,82233	-10
3,82300	-11
3,82367	-11
3,82433	-11
3,82500	-11
3,82567	-12
3,82633	-12
3,82700	-12
3,82767	-12
3,82833	-12
3,82900	-12
3,82967	-12
3,83033	-11
3,83100	-11
3,83167	-11
3,83233	-10
3,83300	-10
3,83367	-10
3,83433	-10
3,83500	-10
3,83567	-10
3,83633	-10
3,83700	-11
3,83767	-11
3,83833	-11
3,83900	-11
3,83967	-11
3,84033	-11
3,84100	-11
3,84167	-11
3,84233	-11
3,84300	-11
3,84367	-11
3,84433	-11
3,84500	-11
3,84567	-11
3,84633	-11
3,84700	-10
3,84767	-10
3,84833	-10
3,84900	-10
3,84967	-9
3,85033	-9
3,85100	-9
3,85167	-9
3,85233	-9
3,85300	-9
3,85367	-9
3,85433	-9
3,85500	-9
3,85567	-9
3,85633	-9
3,85700	-9
3,85767	-9
3,85833	-9
3,85900	-9
3,85967	-9
3,86033	-9
3,86100	-9
3,86167	-9
3,86233	-10
3,86300	-10
3,86367	-10
3,86433	-11
3,86500	-11
3,86567	-11
3,86633	-12
3,86700	-12
3,86767	-12
3,86833	-13
3,86900	-13
3,86967	-13
3,87033	-13
3,87100	-14
3,87167	-14
3,87233	-14
3,87300	-14
3,87367	-14
3,87433	-14
3,87500	-14
3,87567	-14
3,87633	-14
3,87700	-14
3,87767	-14
3,87833	-14
3,87900	-14
3,87967	-15
3,88033	-14
3,88100	-15
3,88167	-15
3,88233	-15
3,88300	-15
3,88367	-15
3,88433	-15
3,88500	-15
3,88567	-15
3,88633	-15
3,88700	-15
3,88767	-15
3,88833	-15
3,88900	-14
3,88967	-13
3,89033	-11
3,89100	-9
3,89167	-4
3,89233	2
3,89300	12
3,89367	26
3,89433	47
3,89500	77
3,89567	120
3,89633	181
3,89700	266
3,89767	387
3,89833	554
3,89900	781
3,89967	1086
3,90033	1491
3,90100	2017
3,90167	2686
3,90233	3526
3,90300	4563
3,90367	5826
3,90433	7347
3,90500	9161
3,90567	11303
3,90633	13805
3,90700	16694
3,90767	20009
3,90833	23788
3,90900	28053
3,90967	32819
3,91033	38094
3,91100	43889
3,91167	50193
3,91233	56983
3,91300	64243
3,91367	71981
3,91433	80190
3,91500	88824
3,91567	97814
3,91633	107081
3,91700	116533
3,91767	126077
3,91833	135580
3,91900	144898
3,91967	153903
3,92033	162487
3,92100	170527
3,92167	177894
3,92233	184436
3,92300	190020
3,92367	194556
3,92433	197983
3,92500	200254
3,92567	201354
3,92633	201292
3,92700	200106
3,92767	197848
3,92833	194601
3,92900	190456
3,92967	185522
3,93033	179912
3,93100	173740
3,93167	167115
3,93233	160146
3,93300	152935
3,93367	145576
3,93433	138152
3,93500	130738
3,93567	123396
3,93633	116182
3,93700	109139
3,93767	102304
3,93833	95706
3,93900	89367
3,93967	83303
3,94033	77525
3,94100	72037
3,94167	66843
3,94233	61942
3,94300	57328
3,94367	52995
3,94433	48937
3,94500	45143
3,94567	41604
3,94633	38307
3,94700	35242
3,94767	32396
3,94833	29758
3,94900	27315
3,94967	25057
3,95033	22971
3,95100	21047
3,95167	19274
3,95233	17641
3,95300	16139
3,95367	14759
3,95433	13491
3,95500	12329
3,95567	11263
3,95633	10286
3,95700	9392
3,95767	8573
3,95833	7825
3,95900	7141
3,95967	6517
3,96033	5947
3,96100	5426
3,96167	4952
3,96233	4519
3,96300	4125
3,96367	3766
3,96433	3439
3,96500	3141
3,96567	2871
3,96633	2624
3,96700	2401
3,96767	2197
3,96833	2012
3,96900	1843
3,96967	1690
3,97033	1550
3,97100	1423
3,97167	1308
3,97233	1204
3,97300	1109
3,97367	1022
3,97433	944
3,97500	873
3,97567	808
3,97633	749
3,97700	696
3,97767	647
3,97833	603
3,97900	563
3,97967	527
3,98033	494
3,98100	463
3,98167	435
3,98233	410
3,98300	387
3,98367	366
3,98433	347
3,98500	329
3,98567	313
3,98633	298
3,98700	285
3,98767	272
3,98833	261
3,98900	250
3,98967	241
3,99033	232
3,99100	223
3,99167	216
3,99233	209
3,99300	202
3,99367	196
3,99433	190
3,99500	184
3,99567	179
3,99633	174
3,99700	169
3,99767	165
3,99833	161
3,99900	157
3,99967	154
4,00033	150
4,00100	147
4,00167	144
4,00233	141
4,00300	138
4,00367	136
4,00433	133
4,00500	130
4,00567	128
4,00633	125
4,00700	123
4,00767	121
4,00833	119
4,00900	117
4,00967	115
4,01033	113
4,01100	111
4,01167	109
4,01233	108
4,01300	106
4,01367	104
4,01433	103
4,01500	101
4,01567	100
4,01633	98
4,01700	96
4,01767	94
4,01833	93
4,01900	92
4,01967	90
4,02033	89
4,02100	88
4,02167	87
4,02233	86
4,02300	85
4,02367	84
4,02433	83
4,02500	82
4,02567	81
4,02633	79
4,02700	78
4,02767	77
4,02833	77
4,02900	76
4,02967	74
4,03033	73
4,03100	72
4,03167	71
4,03233	70
4,03300	69
4,03367	68
4,03433	67
4,03500	66
4,03567	65
4,03633	64
4,03700	63
4,03767	62
4,03833	61
4,03900	61
4,03967	60
4,04033	59
4,04100	59
4,04167	58
4,04233	57
4,04300	57
4,04367	56
4,04433	56
4,04500	55
4,04567	54
4,04633	54
4,04700	53
4,04767	52
4,04833	52
4,04900	52
4,04967	51
4,05033	51
4,05100	51
4,05167	51
4,05233	52
4,05300	52
4,05367	53
4,05433	54
4,05500	55
4,05567	56
4,05633	58
4,05700	60
4,05767	62
4,05833	64
4,05900	67
4,05967	70
4,06033	73
4,06100	76
4,06167	80
4,06233	84
4,06300	89
4,06367	93
4,06433	97
4,06500	102
4,06567	106
4,06633	109
4,06700	113
4,06767	116
4,06833	118
4,06900	121
4,06967	122
4,07033	124
4,07100	125
4,07167	125
4,07233	125
4,07300	124
4,07367	123
4,07433	122
4,07500	120
4,07567	118
4,07633	115
4,07700	113
4,07767	110
4,07833	107
4,07900	104
4,07967	101
4,08033	97
4,08100	94
4,08167	90
4,08233	87
4,08300	84
4,08367	81
4,08433	77
4,08500	74
4,08567	72
4,08633	69
4,08700	66
4,08767	64
4,08833	61
4,08900	59
4,08967	56
4,09033	54
4,09100	52
4,09167	50
4,09233	48
4,09300	46
4,09367	44
4,09433	42
4,09500	40
4,09567	39
4,09633	37
4,09700	36
4,09767	34
4,09833	33
4,09900	31
4,09967	30
4,10033	29
4,10100	28
4,10167	27
4,10233	26
4,10300	26
4,10367	25
4,10433	24
4,10500	24
4,10567	23
4,10633	23
4,10700	22
4,10767	22
4,10833	22
4,10900	21
4,10967	21
4,11033	21
4,11100	20
4,11167	20
4,11233	19
4,11300	19
4,11367	19
4,11433	18
4,11500	18
4,11567	18
4,11633	18
4,11700	17
4,11767	17
4,11833	17
4,11900	16
4,11967	16
4,12033	15
4,12100	15
4,12167	15
4,12233	15
4,12300	14
4,12367	14
4,12433	14
4,12500	14
4,12567	14
4,12633	14
4,12700	14
4,12767	14
4,12833	14
4,12900	14
4,12967	14
4,13033	14
4,13100	14
4,13167	14
4,13233	14
4,13300	14
4,13367	14
4,13433	14
4,13500	13
4,13567	13
4,13633	13
4,13700	13
4,13767	13
4,13833	12
4,13900	12
4,13967	12
4,14033	12
4,14100	12
4,14167	12
4,14233	12
4,14300	11
4,14367	11
4,14433	11
4,14500	11
4,14567	11
4,14633	11
4,14700	11
4,14767	11
4,14833	11
4,14900	10
4,14967	10
4,15033	10
4,15100	10
4,15167	10
4,15233	10
4,15300	10
4,15367	10
4,15433	9
4,15500	9
4,15567	9
4,15633	9
4,15700	9
4,15767	9
4,15833	8
4,15900	8
4,15967	8
4,16033	8
4,16100	8
4,16167	7
4,16233	8
4,16300	8
4,16367	8
4,16433	7
4,16500	7
4,16567	7
4,16633	7
4,16700	7
4,16767	7
4,16833	7
4,16900	7
4,16967	7
4,17033	7
4,17100	7
4,17167	8
4,17233	8
4,17300	8
4,17367	8
4,17433	7
4,17500	7
4,17567	7
4,17633	7
4,17700	7
4,17767	7
4,17833	7
4,17900	7
4,17967	7
4,18033	7
4,18100	6
4,18167	6
4,18233	6
4,18300	6
4,18367	6
4,18433	5
4,18500	5
4,18567	4
4,18633	4
4,18700	4
4,18767	3
4,18833	3
4,18900	3
4,18967	3
4,19033	2
4,19100	3
4,19167	3
4,19233	3
4,19300	3
4,19367	3
4,19433	3
4,19500	3
4,19567	4
4,19633	4
4,19700	4
4,19767	4
4,19833	4
4,19900	4
4,19967	4
4,20033	4
4,20100	4
4,20167	4
4,20233	5
4,20300	5
4,20367	5
4,20433	5
4,20500	5
4,20567	5
4,20633	5
4,20700	5
4,20767	5
4,20833	5
4,20900	5
4,20967	4
4,21033	4
4,21100	4
4,21167	4
4,21233	4
4,21300	4
4,21367	4
4,21433	4
4,21500	4
4,21567	4
4,21633	4
4,21700	4
4,21767	4
4,21833	4
4,21900	4
4,21967	4
4,22033	5
4,22100	5
4,22167	5
4,22233	5
4,22300	5
4,22367	5
4,22433	5
4,22500	5
4,22567	5
4,22633	5
4,22700	5
4,22767	5
4,22833	4
4,22900	4
4,22967	4
4,23033	3
4,23100	3
4,23167	3
4,23233	3
4,23300	2
4,23367	2
4,23433	2
4,23500	2
4,23567	2
4,23633	2
4,23700	2
4,23767	2
4,23833	2
4,23900	2
4,23967	2
4,24033	2
4,24100	2
4,24167	2
4,24233	2
4,24300	2
4,24367	2
4,24433	1
4,24500	1
4,24567	1
4,24633	1
4,24700	1
4,24767	1
4,24833	0
4,24900	0
4,24967	-0
4,25033	-0
4,25100	-1
4,25167	-1
4,25233	-1
4,25300	-1
4,25367	-1
4,25433	-2
4,25500	-2
4,25567	-2
4,25633	-2
4,25700	-3
4,25767	-3
4,25833	-3
4,25900	-3
4,25967	-4
4,26033	-4
4,26100	-4
4,26167	-4
4,26233	-4
4,26300	-4
4,26367	-4
4,26433	-4
4,26500	-4
4,26567	-4
4,26633	-3
4,26700	-3
4,26767	-3
4,26833	-3
4,26900	-3
4,26967	-3
4,27033	-4
4,27100	-4
4,27167	-4
4,27233	-4
4,27300	-3
4,27367	-3
4,27433	-3
4,27500	-3
4,27567	-3
4,27633	-3
4,27700	-3
4,27767	-3
4,27833	-3
4,27900	-3
4,27967	-3
4,28033	-3
4,28100	-3
4,28167	-3
4,28233	-3
4,28300	-3
4,28367	-4
4,28433	-4
4,28500	-4
4,28567	-4
4,28633	-4
4,28700	-4
4,28767	-4
4,28833	-4
4,28900	-4
4,28967	-5
4,29033	-5
4,29100	-5
4,29167	-6
4,29233	-6
4,29300	-6
4,29367	-6
4,29433	-6
4,29500	-6
4,29567	-6
4,29633	-6
4,29700	-7
4,29767	-7
4,29833	-7
4,29900	-7
4,29967	-7
4,30033	-7
4,30100	-7
4,30167	-7
4,30233	-7
4,30300	-7
4,30367	-7
4,30433	-7
4,30500	-7
4,30567	-7
4,30633	-7
4,30700	-7
4,30767	-7
4,30833	-7
4,30900	-7
4,30967	-7
4,31033	-8
4,31100	-8
4,31167	-8
4,31233	-8
4,31300	-8
4,31367	-9
4,31433	-9
4,31500	-9
4,31567	-9
4,31633	-9
4,31700	-9
4,31767	-9
4,31833	-9
4,31900	-9
4,31967	-9
4,32033	-9
4,32100	-9
4,32167	-9
4,32233	-9
4,32300	-9
4,32367	-8
4,32433	-8
4,32500	-8
4,32567	-8
4,32633	-8
4,32700	-8
4,32767	-8
4,32833	-8
4,32900	-8
4,32967	-8
4,33033	-8
4,33100	-8
4,33167	-8
4,33233	-8
4,33300	-8
4,33367	-8
4,33433	-9
4,33500	-9
4,33567	-9
4,33633	-10
4,33700	-10
4,33767	-10
4,33833	-10
4,33900	-11
4,33967	-10
4,34033	-10
4,34100	-10
4,34167	-10
4,34233	-9
4,34300	-9
4,34367	-9
4,34433	-9
4,34500	-8
4,34567	-8
4,34633	-8
4,34700	-8
4,34767	-8
4,34833	-8
4,34900	-8
4,34967	-8
4,35033	-8
4,35100	-8
4,35167	-8
4,35233	-8
4,35300	-8
4,35367	-8
4,35433	-8
4,35500	-8
4,35567	-8
4,35633	-8
4,35700	-8
4,35767	-9
4,35833	-9
4,35900	-9
4,35967	-9
4,36033	-9
4,36100	-9
4,36167	-9
4,36233	-10
4,36300	-10
4,36367	-10
4,36433	-9
4,36500	-9
4,36567	-9
4,36633	-9
4,36700	-9
4,36767	-8
4,36833	-8
4,36900	-7
4,36967	-7
4,37033	-6
4,37100	-5
4,37167	-4
4,37233	-3
4,37300	-1
4,37367	0
4,37433	2
4,37500	4
4,37567	6
4,37633	7
4,37700	9
4,37767	11
4,37833	13
4,37900	15
4,37967	17
4,38033	18
4,38100	20
4,38167	21
4,38233	23
4,38300	25
4,38367	26
4,38433	27
4,38500	29
4,38567	30
4,38633	32
4,38700	33
4,38767	34
4,38833	35
4,38900	36
4,38967	37
4,39033	38
4,39100	39
4,39167	40
4,39233	40
4,39300	41
4,39367	41
4,39433	41
4,39500	42
4,39567	41
4,39633	41
4,39700	41
4,39767	41
4,39833	40
4,39900	40
4,39967	39
4,40033	39
4,40100	38
4,40167	38
4,40233	37
4,40300	37
4,40367	36
4,40433	35
4,40500	34
4,40567	34
4,40633	33
4,40700	32
4,40767	31
4,40833	30
4,40900	29
4,40967	28
4,41033	27
4,41100	25
4,41167	24
4,41233	23
4,41300	22
4,41367	21
4,41433	21
4,41500	20
4,41567	19
4,41633	19
4,41700	18
4,41767	17
4,41833	17
4,41900	16
4,41967	15
4,42033	15
4,42100	14
4,42167	13
4,42233	12
4,42300	12
4,42367	11
4,42433	10
4,42500	9
4,42567	9
4,42633	8
4,42700	8
4,42767	7
4,42833	6
4,42900	6
4,42967	5
4,43033	5
4,43100	4
4,43167	3
4,43233	2
4,43300	2
4,43367	1
4,43433	1
4,43500	0
4,43567	-0
4,43633	-1
4,43700	-1
4,43767	-2
4,43833	-2
4,43900	-3
4,43967	-3
4,44033	-4
4,44100	-4
4,44167	-4
4,44233	-5
4,44300	-5
4,44367	-5
4,44433	-6
4,44500	-6
4,44567	-6
4,44633	-7
4,44700	-7
4,44767	-7
4,44833	-7
4,44900	-7
4,44967	-8
4,45033	-8
4,45100	-8
4,45167	-8
4,45233	-8
4,45300	-8
4,45367	-8
4,45433	-9
4,45500	-9
4,45567	-9
4,45633	-9
4,45700	-9
4,45767	-9
4,45833	-10
4,45900	-10
4,45967	-10
4,46033	-10
4,46100	-10
4,46167	-10
4,46233	-10
4,46300	-10
4,46367	-10
4,46433	-10
4,46500	-10
4,46567	-10
4,46633	-10
4,46700	-10
4,46767	-10
4,46833	-10
4,46900	-11
4,46967	-11
4,47033	-11
4,47100	-11
4,47167	-12
4,47233	-12
4,47300	-12
4,47367	-12
4,47433	-13
4,47500	-13
4,47567	-13
4,47633	-14
4,47700	-14
4,47767	-14
4,47833	-14
4,47900	-14
4,47967	-14
4,48033	-14
4,48100	-14
4,48167	-14
4,48233	-14
4,48300	-14
4,48367	-14
4,48433	-14
4,48500	-14
4,48567	-15
4,48633	-15
4,48700	-15
4,48767	-15
4,48833	-15
4,48900	-15
4,48967	-15
4,49033	-15
4,49100	-15
4,49167	-15
4,49233	-15
4,49300	-15
4,49367	-15
4,49433	-15
4,49500	-15
4,49567	-15
4,49633	-15
4,49700	-15
4,49767	-15
4,49833	-15
4,49900	-15
4,49967	-15
4,50033	-15
4,50100	-15
4,50167	-15
4,50233	-15
4,50300	-14
4,50367	-14
4,50433	-14
4,50500	-14
4,50567	-15
4,50633	-15
4,50700	-15
4,50767	-15
4,50833	-16
4,50900	-16
4,50967	-16
4,51033	-16
4,51100	-16
4,51167	-16
4,51233	-16
4,51300	-16
4,51367	-16
4,51433	-16
4,51500	-16
4,51567	-17
4,51633	-17
4,51700	-17
4,51767	-17
4,51833	-16
4,51900	-16
4,51967	-16
4,52033	-16
4,52100	-16
4,52167	-16
4,52233	-16
4,52300	-16
4,52367	-16
4,52433	-16
4,52500	-16
4,52567	-16
4,52633	-16
4,52700	-17
4,52767	-17
4,52833	-17
4,52900	-17
4,52967	-17
4,53033	-17
4,53100	-17
4,53167	-17
4,53233	-17
4,53300	-17
4,53367	-17
4,53433	-17
4,53500	-17
4,53567	-17
4,53633	-17
4,53700	-17
4,53767	-17
4,53833	-17
4,53900	-17
4,53967	-17
4,54033	-18
4,54100	-18
4,54167	-18
4,54233	-17
4,54300	-17
4,54367	-17
4,54433	-17
4,54500	-17
4,54567	-17
4,54633	-17
4,54700	-17
4,54767	-17
4,54833	-17
4,54900	-17
4,54967	-17
4,55033	-17
4,55100	-17
4,55167	-17
4,55233	-17
4,55300	-17
4,55367	-17
4,55433	-17
4,55500	-17
4,55567	-17
4,55633	-17
4,55700	-17
4,55767	-16
4,55833	-16
4,55900	-16
4,55967	-16
4,56033	-16
4,56100	-16
4,56167	-16
4,56233	-16
4,56300	-16
4,56367	-16
4,56433	-16
4,56500	-16
4,56567	-16
4,56633	-16
4,56700	-16
4,56767	-15
4,56833	-15
4,56900	-16
4,56967	-16
4,57033	-16
4,57100	-16
4,57167	-16
4,57233	-16
4,57300	-16
4,57367	-16
4,57433	-17
4,57500	-17
4,57567	-17
4,57633	-17
4,57700	-17
4,57767	-17
4,57833	-17
4,57900	-17
4,57967	-17
4,58033	-17
4,58100	-17
4,58167	-17
4,58233	-17
4,58300	-16
4,58367	-16
4,58433	-16
4,58500	-16
4,58567	-15
4,58633	-15
4,58700	-14
4,58767	-14
4,58833	-13
4,58900	-13
4,58967	-12
4,59033	-12
4,59100	-12
4,59167	-12
4,59233	-11
4,59300	-11
4,59367	-11
4,59433	-11
4,59500	-11
4,59567	-11
4,59633	-11
4,59700	-10
4,59767	-10
4,59833	-10
4,59900	-10
4,59967	-10
4,60033	-10
4,60100	-10
4,60167	-10
4,60233	-10
4,60300	-10
4,60367	-10
4,60433	-10
4,60500	-10
4,60567	-10
4,60633	-10
4,60700	-9
4,60767	-9
4,60833	-9
4,60900	-9
4,60967	-9
4,61033	-9
4,61100	-9
4,61167	-8
4,61233	-8
4,61300	-8
4,61367	-8
4,61433	-7
4,61500	-7
4,61567	-7
4,61633	-7
4,61700	-7
4,61767	-7
4,61833	-7
4,61900	-7
4,61967	-7
4,62033	-7
4,62100	-7
4,62167	-8
4,62233	-8
4,62300	-8
4,62367	-8
4,62433	-9
4,62500	-9
4,62567	-9
4,62633	-9
4,62700	-9
4,62767	-9
4,62833	-9
4,62900	-9
4,62967	-9
4,63033	-9
4,63100	-9
4,63167	-9
4,63233	-9
4,63300	-9
4,63367	-9
4,63433	-9
4,63500	-9
4,63567	-9
4,63633	-9
4,63700	-9
4,63767	-9
4,63833	-9
4,63900	-9
4,63967	-9
4,64033	-9
4,64100	-9
4,64167	-9
4,64233	-9
4,64300	-9
4,64367	-9
4,64433	-9
4,64500	-9
4,64567	-9
4,64633	-9
4,64700	-9
4,64767	-9
4,64833	-9
4,64900	-10
4,64967	-10
4,65033	-10
4,65100	-11
4,65167	-11
4,65233	-11
4,65300	-11
4,65367	-11
4,65433	-11
4,65500	-11
4,65567	-11
4,65633	-11
4,65700	-11
4,65767	-11
4,65833	-11
4,65900	-12
4,65967	-12
4,66033	-12
4,66100	-12
4,66167	-11
4,66233	-11
4,66300	-11
4,66367	-11
4,66433	-11
4,66500	-11
4,66567	-11
4,66633	-12
4,66700	-12
4,66767	-12
4,66833	-12
4,66900	-12
4,66967	-12
4,67033	-12
4,67100	-12
4,67167	-12
4,67233	-13
4,67300	-13
4,67367	-13
4,67433	-13
4,67500	-13
4,67567	-13
4,67633	-13
4,67700	-13
4,67767	-13
4,67833	-13
4,67900	-13
4,67967	-13
4,68033	-13
4,68100	-12
4,68167	-12
4,68233	-12
4,68300	-12
4,68367	-12
4,68433	-12
4,68500	-12
4,68567	-12
4,68633	-12
4,68700	-12
4,68767	-12
4,68833	-12
4,68900	-12
4,68967	-11
4,69033	-11
4,69100	-11
4,69167	-11
4,69233	-11
4,69300	-10
4,69367	-10
4,69433	-10
4,69500	-9
4,69567	-9
4,69633	-9
4,69700	-9
4,69767	-9
4,69833	-9
4,69900	-9
4,69967	-9
4,70033	-10
4,70100	-10
4,70167	-10
4,70233	-10
4,70300	-10
4,70367	-10
4,70433	-10
4,70500	-10
4,70567	-10
4,70633	-10
4,70700	-10
4,70767	-10
4,70833	-11
4,70900	-11
4,70967	-11
4,71033	-12
4,71100	-12
4,71167	-12
4,71233	-12
4,71300	-12
4,71367	-12
4,71433	-12
4,71500	-12
4,71567	-11
4,71633	-11
4,71700	-10
4,71767	-10
4,71833	-10
4,71900	-10
4,71967	-9
4,72033	-9
4,72100	-9
4,72167	-10
4,72233	-10
4,72300	-10
4,72367	-10
4,72433	-10
4,72500	-10
4,72567	-10
4,72633	-10
4,72700	-10
4,72767	-10
4,72833	-10
4,72900	-10
4,72967	-10
4,73033	-10
4,73100	-10
4,73167	-10
4,73233	-10
4,73300	-10
4,73367	-11
4,73433	-11
4,73500	-11
4,73567	-12
4,73633	-12
4,73700	-12
4,73767	-12
4,73833	-12
4,73900	-12
4,73967	-13
4,74033	-13
4,74100	-13
4,74167	-13
4,74233	-13
4,74300	-12
4,74367	-12
4,74433	-12
4,74500	-11
4,74567	-11
4,74633	-10
4,74700	-9
4,74767	-9
4,74833	-8
4,74900	-7
4,74967	-6
4,75033	-5
4,75100	-4
4,75167	-4
4,75233	-3
4,75300	-2
4,75367	-1
4,75433	-0
4,75500	1
4,75567	1
4,75633	2
4,75700	3
4,75767	3
4,75833	4
4,75900	4
4,75967	4
4,76033	4
4,76100	4
4,76167	4
4,76233	4
4,76300	4
4,76367	3
4,76433	3
4,76500	3
4,76567	3
4,76633	2
4,76700	2
4,76767	2
4,76833	1
4,76900	1
4,76967	0
4,77033	-0
4,77100	-1
4,77167	-2
4,77233	-2
4,77300	-3
4,77367	-3
4,77433	-4
4,77500	-4
4,77567	-5
4,77633	-5
4,77700	-6
4,77767	-6
4,77833	-7
4,77900	-7
4,77967	-8
4,78033	-8
4,78100	-9
4,78167	-9
4,78233	-10
4,78300	-10
4,78367	-11
4,78433	-11
4,78500	-11
4,78567	-12
4,78633	-12
4,78700	-12
4,78767	-13
4,78833	-13
4,78900	-13
4,78967	-13
4,79033	-13
4,79100	-12
4,79167	-12
4,79233	-12
4,79300	-12
4,79367	-12
4,79433	-12
4,79500	-12
4,79567	-12
4,79633	-12
4,79700	-12
4,79767	-12
4,79833	-12
4,79900	-12
4,79967	-12
4,80033	-12
4,80100	-12
4,80167	-12
4,80233	-12
4,80300	-12
4,80367	-12
4,80433	-12
4,80500	-12
4,80567	-13
4,80633	-13
4,80700	-14
4,80767	-14
4,80833	-14
4,80900	-14
4,80967	-14
4,81033	-14
4,81100	-14
4,81167	-14
4,81233	-14
4,81300	-13
4,81367	-13
4,81433	-13
4,81500	-13
4,81567	-13
4,81633	-13
4,81700	-13
4,81767	-13
4,81833	-13
4,81900	-13
4,81967	-13
4,82033	-13
4,82100	-13
4,82167	-14
4,82233	-14
4,82300	-14
4,82367	-15
4,82433	-15
4,82500	-15
4,82567	-16
4,82633	-16
4,82700	-16
4,82767	-16
4,82833	-16
4,82900	-16
4,82967	-16
4,83033	-16
4,83100	-16
4,83167	-16
4,83233	-16
4,83300	-15
4,83367	-15
4,83433	-15
4,83500	-15
4,83567	-15
4,83633	-15
4,83700	-15
4,83767	-15
4,83833	-15
4,83900	-15
4,83967	-15
4,84033	-15
4,84100	-15
4,84167	-15
4,84233	-15
4,84300	-15
4,84367	-15
4,84433	-15
4,84500	-15
4,84567	-15
4,84633	-15
4,84700	-15
4,84767	-15
4,84833	-15
4,84900	-15
4,84967	-16
4,85033	-16
4,85100	-16
4,85167	-16
4,85233	-16
4,85300	-16
4,85367	-16
4,85433	-16
4,85500	-15
4,85567	-15
4,85633	-15
4,85700	-15
4,85767	-15
4,85833	-15
4,85900	-15
4,85967	-15
4,86033	-15
4,86100	-15
4,86167	-15
4,86233	-15
4,86300	-15
4,86367	-15
4,86433	-15
4,86500	-16
4,86567	-16
4,86633	-16
4,86700	-16
4,86767	-16
4,86833	-16
4,86900	-16
4,86967	-16
4,87033	-16
4,87100	-16
4,87167	-15
4,87233	-15
4,87300	-15
4,87367	-15
4,87433	-15
4,87500	-14
4,87567	-14
4,87633	-14
4,87700	-14
4,87767	-14
4,87833	-14
4,87900	-14
4,87967	-15
4,88033	-15
4,88100	-15
4,88167	-15
4,88233	-15
4,88300	-15
4,88367	-15
4,88433	-15
4,88500	-15
4,88567	-15
4,88633	-15
4,88700	-15
4,88767	-15
4,88833	-15
4,88900	-15
4,88967	-15
4,89033	-15
4,89100	-15
4,89167	-16
4,89233	-16
4,89300	-16
4,89367	-16
4,89433	-15
4,89500	-15
4,89567	-15
4,89633	-15
4,89700	-15
4,89767	-15
4,89833	-15
4,89900	-15
4,89967	-15
4,90033	-15
4,90100	-15
4,90167	-15
4,90233	-15
4,90300	-15
4,90367	-15
4,90433	-15
4,90500	-15
4,90567	-14
4,90633	-14
4,90700	-14
4,90767	-14
4,90833	-14
4,90900	-14
4,90967	-14
4,91033	-15
4,91100	-15
4,91167	-15
4,91233	-15
4,91300	-15
4,91367	-15
4,91433	-15
4,91500	-15
4,91567	-15
4,91633	-14
4,91700	-14
4,91767	-14
4,91833	-14
4,91900	-14
4,91967	-14
4,92033	-14
4,92100	-14
4,92167	-14
4,92233	-14
4,92300	-14
4,92367	-14
4,92433	-14
4,92500	-14
4,92567	-14
4,92633	-14
4,92700	-15
4,92767	-15
4,92833	-15
4,92900	-15
4,92967	-15
4,93033	-15
4,93100	-15
4,93167	-14
4,93233	-14
4,93300	-14
4,93367	-14
4,93433	-14
4,93500	-14
4,93567	-14
4,93633	-14
4,93700	-14
4,93767	-14
4,93833	-13
4,93900	-13
4,93967	-13
4,94033	-13
4,94100	-13
4,94167	-13
4,94233	-13
4,94300	-13
4,94367	-13
4,94433	-14
4,94500	-14
4,94567	-14
4,94633	-14
4,94700	-14
4,94767	-14
4,94833	-13
4,94900	-13
4,94967	-13
4,95033	-13
4,95100	-13
4,95167	-13
4,95233	-13
4,95300	-13
4,95367	-14
4,95433	-14
4,95500	-14
4,95567	-14
4,95633	-14
4,95700	-15
4,95767	-15
4,95833	-15
4,95900	-15
4,95967	-15
4,96033	-15
4,96100	-15
4,96167	-15
4,96233	-15
4,96300	-15
4,96367	-16
4,96433	-16
4,96500	-16
4,96567	-17
4,96633	-17
4,96700	-17
4,96767	-17
4,96833	-17
4,96900	-17
4,96967	-17
4,97033	-17
4,97100	-17
4,97167	-17
4,97233	-17
4,97300	-17
4,97367	-17
4,97433	-17
4,97500	-18
4,97567	-18
4,97633	-18
4,97700	-18
4,97767	-18
4,97833	-18
4,97900	-18
4,97967	-18
4,98033	-18
4,98100	-18
4,98167	-18
4,98233	-18
4,98300	-18
4,98367	-18
4,98433	-18
4,98500	-18
4,98567	-18
4,98633	-18
4,98700	-18
4,98767	-18
4,98833	-18
4,98900	-18
4,98967	-18
4,99033	-18
4,99100	-18
4,99167	-18
4,99233	-18
4,99300	-18
4,99367	-18
4,99433	-18
4,99500	-18
4,99567	-18
4,99633	-18
4,99700	-18
4,99767	-18
4,99833	-18
4,99900	-18
4,99967	-18
5,00033	-18
5,00100	-17
5,00167	-17
5,00233	-17
5,00300	-16
5,00367	-16
5,00433	-15
5,00500	-15
5,00567	-15
5,00633	-15
5,00700	-15
5,00767	-15
5,00833	-15
5,00900	-15
5,00967	-15
5,01033	-15
5,01100	-15
5,01167	-15
5,01233	-15
5,01300	-15
5,01367	-15
5,01433	-15
5,01500	-15
5,01567	-15
5,01633	-15
5,01700	-15
5,01767	-15
5,01833	-15
5,01900	-15
5,01967	-15
5,02033	-15
5,02100	-15
5,02167	-15
5,02233	-15
5,02300	-16
5,02367	-15
5,02433	-15
5,02500	-15
5,02567	-15
5,02633	-15
5,02700	-15
5,02767	-14
5,02833	-14
5,02900	-14
5,02967	-14
5,03033	-14
5,03100	-14
5,03167	-14
5,03233	-14
5,03300	-14
5,03367	-14
5,03433	-14
5,03500	-14
5,03567	-14
5,03633	-14
5,03700	-14
5,03767	-14
5,03833	-15
5,03900	-15
5,03967	-14
5,04033	-14
5,04100	-14
5,04167	-14
5,04233	-14
5,04300	-14
5,04367	-14
5,04433	-14
5,04500	-14
5,04567	-15
5,04633	-15
5,04700	-15
5,04767	-15
5,04833	-15
5,04900	-16
5,04967	-16
5,05033	-16
5,05100	-16
5,05167	-16
5,05233	-16
5,05300	-16
5,05367	-16
5,05433	-16
5,05500	-16
5,05567	-16
5,05633	-17
5,05700	-17
5,05767	-17
5,05833	-17
5,05900	-17
5,05967	-17
5,06033	-17
5,06100	-17
5,06167	-17
5,06233	-18
5,06300	-18
5,06367	-18
5,06433	-18
5,06500	-18
5,06567	-18
5,06633	-18
5,06700	-17
5,06767	-17
5,06833	-17
5,06900	-17
5,06967	-17
5,07033	-17
5,07100	-16
5,07167	-16
5,07233	-16
5,07300	-16
5,07367	-16
5,07433	-16
5,07500	-15
5,07567	-15
5,07633	-15
5,07700	-14
5,07767	-14
5,07833	-14
5,07900	-14
5,07967	-14
5,08033	-14
5,08100	-14
5,08167	-14
5,08233	-14
5,08300	-14
5,08367	-14
5,08433	-15
5,08500	-15
5,08567	-15
5,08633	-15
5,08700	-15
5,08767	-15
5,08833	-15
5,08900	-15
5,08967	-16
5,09033	-16
5,09100	-16
5,09167	-16
5,09233	-16
5,09300	-17
5,09367	-17
5,09433	-17
5,09500	-17
5,09567	-17
5,09633	-17
5,09700	-17
5,09767	-16
5,09833	-16
5,09900	-16
5,09967	-16
5,10033	-16
5,10100	-15
5,10167	-15
5,10233	-15
5,10300	-15
5,10367	-15
5,10433	-14
5,10500	-14
5,10567	-14
5,10633	-14
5,10700	-14
5,10767	-14
5,10833	-13
5,10900	-13
5,10967	-13
5,11033	-13
5,11100	-12
5,11167	-12
5,11233	-12
5,11300	-12
5,11367	-12
5,11433	-13
5,11500	-13
5,11567	-13
5,11633	-13
5,11700	-14
5,11767	-14
5,11833	-14
5,11900	-14
5,11967	-14
5,12033	-14
5,12100	-14
5,12167	-14
5,12233	-14
5,12300	-14
5,12367	-14
5,12433	-14
5,12500	-14
5,12567	-14
5,12633	-15
5,12700	-15
5,12767	-15
5,12833	-15
5,12900	-15
5,12967	-15
5,13033	-15
5,13100	-15
5,13167	-15
5,13233	-15
5,13300	-15
5,13367	-15
5,13433	-15
5,13500	-14
5,13567	-14
5,13633	-15
5,13700	-15
5,13767	-15
5,13833	-15
5,13900	-15
5,13967	-15
5,14033	-15
5,14100	-14
5,14167	-14
5,14233	-14
5,14300	-14
5,14367	-14
5,14433	-14
5,14500	-14
5,14567	-14
5,14633	-15
5,14700	-15
5,14767	-15
5,14833	-15
5,14900	-15
5,14967	-15
5,15033	-15
5,15100	-16
5,15167	-16
5,15233	-16
5,15300	-16
5,15367	-16
5,15433	-16
5,15500	-16
5,15567	-15
5,15633	-15
5,15700	-15
5,15767	-15
5,15833	-15
5,15900	-15
5,15967	-15
5,16033	-15
5,16100	-15
5,16167	-15
5,16233	-15
5,16300	-15
5,16367	-15
5,16433	-15
5,16500	-15
5,16567	-15
5,16633	-15
5,16700	-15
5,16767	-15
5,16833	-15
5,16900	-15
5,16967	-15
5,17033	-15
5,17100	-15
5,17167	-15
5,17233	-15
5,17300	-15
5,17367	-15
5,17433	-16
5,17500	-16
5,17567	-16
5,17633	-17
5,17700	-17
5,17767	-17
5,17833	-17
5,17900	-17
5,17967	-17
5,18033	-17
5,18100	-17
5,18167	-17
5,18233	-17
5,18300	-17
5,18367	-17
5,18433	-17
5,18500	-16
5,18567	-16
5,18633	-16
5,18700	-16
5,18767	-16
5,18833	-15
5,18900	-15
5,18967	-15
5,19033	-15
5,19100	-15
5,19167	-15
5,19233	-14
5,19300	-14
5,19367	-14
5,19433	-13
5,19500	-13
5,19567	-13
5,19633	-12
5,19700	-12
5,19767	-12
5,19833	-12
5,19900	-12
5,19967	-12
5,20033	-12
5,20100	-12
5,20167	-12
5,20233	-12
5,20300	-12
5,20367	-12
5,20433	-13
5,20500	-13
5,20567	-13
5,20633	-13
5,20700	-13
5,20767	-12
5,20833	-12
5,20900	-12
5,20967	-12
5,21033	-11
5,21100	-11
5,21167	-11
5,21233	-10
5,21300	-10
5,21367	-10
5,21433	-9
5,21500	-9
5,21567	-9
5,21633	-8
5,21700	-8
5,21767	-8
5,21833	-7
5,21900	-7
5,21967	-7
5,22033	-7
5,22100	-7
5,22167	-7
5,22233	-7
5,22300	-8
5,22367	-8
5,22433	-8
5,22500	-8
5,22567	-8
5,22633	-9
5,22700	-9
5,22767	-9
5,22833	-9
5,22900	-9
5,22967	-9
5,23033	-9
5,23100	-9
5,23167	-9
5,23233	-9
5,23300	-9
5,23367	-9
5,23433	-9
5,23500	-9
5,23567	-9
5,23633	-9
5,23700	-9
5,23767	-9
5,23833	-10
5,23900	-10
5,23967	-10
5,24033	-10
5,24100	-10
5,24167	-11
5,24233	-11
5,24300	-11
5,24367	-11
5,24433	-11
5,24500	-12
5,24567	-12
5,24633	-12
5,24700	-12
5,24767	-12
5,24833	-12
5,24900	-12
5,24967	-12
5,25033	-12
5,25100	-12
5,25167	-12
5,25233	-13
5,25300	-13
5,25367	-13
5,25433	-14
5,25500	-14
5,25567	-14
5,25633	-14
5,25700	-14
5,25767	-14
5,25833	-14
5,25900	-13
5,25967	-13
5,26033	-13
5,26100	-13
5,26167	-13
5,26233	-13
5,26300	-13
5,26367	-13
5,26433	-13
5,26500	-13
5,26567	-12
5,26633	-12
5,26700	-12
5,26767	-11
5,26833	-11
5,26900	-11
5,26967	-11
5,27033	-11
5,27100	-11
5,27167	-11
5,27233	-11
5,27300	-11
5,27367	-12
5,27433	-12
5,27500	-12
5,27567	-13
5,27633	-13
5,27700	-14
5,27767	-14
5,27833	-14
5,27900	-14
5,27967	-14
5,28033	-14
5,28100	-14
5,28167	-14
5,28233	-14
5,28300	-14
5,28367	-15
5,28433	-15
5,28500	-15
5,28567	-15
5,28633	-15
5,28700	-15
5,28767	-15
5,28833	-15
5,28900	-15
5,28967	-14
5,29033	-14
5,29100	-14
5,29167	-14
5,29233	-13
5,29300	-13
5,29367	-13
5,29433	-13
5,29500	-12
5,29567	-12
5,29633	-12
5,29700	-12
5,29767	-12
5,29833	-12
5,29900	-12
5,29967	-12
5,30033	-12
5,30100	-12
5,30167	-12
5,30233	-12
5,30300	-13
5,30367	-13
5,30433	-13
5,30500	-13
5,30567	-13
5,30633	-13
5,30700	-13
5,30767	-13
5,30833	-13
5,30900	-14
5,30967	-14
5,31033	-13
5,31100	-13
5,31167	-13
5,31233	-13
5,31300	-13
5,31367	-13
5,31433	-13
5,31500	-13
5,31567	-13
5,31633	-13
5,31700	-13
5,31767	-13
5,31833	-13
5,31900	-12
5,31967	-12
5,32033	-12
5,32100	-12
5,32167	-12
5,32233	-11
5,32300	-11
5,32367	-11
5,32433	-11
5,32500	-11
5,32567	-11
5,32633	-11
5,32700	-11
5,32767	-11
5,32833	-11
5,32900	-11
5,32967	-11
5,33033	-11
5,33100	-11
5,33167	-11
5,33233	-11
5,33300	-11
5,33367	-11
5,33433	-11
5,33500	-11
5,33567	-11
5,33633	-11
5,33700	-11
5,33767	-11
5,33833	-11
5,33900	-11
5,33967	-11
5,34033	-11
5,34100	-12
5,34167	-11
5,34233	-11
5,34300	-11
5,34367	-11
5,34433	-11
5,34500	-11
5,34567	-11
5,34633	-11
5,34700	-10
5,34767	-10
5,34833	-10
5,34900	-10
5,34967	-10
5,35033	-10
5,35100	-10
5,35167	-10
5,35233	-10
5,35300	-10
5,35367	-10
5,35433	-10
5,35500	-10
5,35567	-9
5,35633	-9
5,35700	-9
5,35767	-9
5,35833	-9
5,35900	-9
5,35967	-9
5,36033	-9
5,36100	-9
5,36167	-9
5,36233	-8
5,36300	-8
5,36367	-8
5,36433	-7
5,36500	-7
5,36567	-7
5,36633	-7
5,36700	-7
5,36767	-6
5,36833	-6
5,36900	-6
5,36967	-6
5,37033	-6
5,37100	-6
5,37167	-6
5,37233	-7
5,37300	-7
5,37367	-7
5,37433	-7
5,37500	-7
5,37567	-7
5,37633	-6
5,37700	-6
5,37767	-6
5,37833	-6
5,37900	-7
5,37967	-7
5,38033	-7
5,38100	-7
5,38167	-7
5,38233	-7
5,38300	-8
5,38367	-8
5,38433	-8
5,38500	-8
5,38567	-8
5,38633	-8
5,38700	-8
5,38767	-8
5,38833	-8
5,38900	-7
5,38967	-7
5,39033	-7
5,39100	-7
5,39167	-7
5,39233	-6
5,39300	-6
5,39367	-6
5,39433	-6
5,39500	-5
5,39567	-5
5,39633	-5
5,39700	-5
5,39767	-4
5,39833	-4
5,39900	-4
5,39967	-4
5,40033	-4
5,40100	-5
5,40167	-5
5,40233	-5
5,40300	-4
5,40367	-4
5,40433	-4
5,40500	-4
5,40567	-5
5,40633	-5
5,40700	-5
5,40767	-5
5,40833	-6
5,40900	-6
5,40967	-6
5,41033	-6
5,41100	-6
5,41167	-6
5,41233	-6
5,41300	-6
5,41367	-6
5,41433	-6
5,41500	-6
5,41567	-5
5,41633	-5
5,41700	-5
5,41767	-4
5,41833	-4
5,41900	-3
5,41967	-3
5,42033	-3
5,42100	-2
5,42167	-2
5,42233	-2
5,42300	-2
5,42367	-2
5,42433	-2
5,42500	-2
5,42567	-2
5,42633	-1
5,42700	-1
5,42767	-1
5,42833	-1
5,42900	-0
5,42967	-0
5,43033	0
5,43100	0
5,43167	1
5,43233	1
5,43300	1
5,43367	1
5,43433	1
5,43500	1
5,43567	1
5,43633	1
5,43700	0
5,43767	0
5,43833	0
5,43900	-0
5,43967	-0
5,44033	-1
5,44100	-1
5,44167	-1
5,44233	-1
5,44300	-1
5,44367	-1
5,44433	-1
5,44500	-2
5,44567	-2
5,44633	-2
5,44700	-2
5,44767	-2
5,44833	-2
5,44900	-2
5,44967	-1
5,45033	-1
5,45100	-1
5,45167	-1
5,45233	-1
5,45300	-1
5,45367	-1
5,45433	-2
5,45500	-2
5,45567	-2
5,45633	-3
5,45700	-3
5,45767	-3
5,45833	-3
5,45900	-3
5,45967	-3
5,46033	-3
5,46100	-3
5,46167	-3
5,46233	-3
5,46300	-3
5,46367	-4
5,46433	-4
5,46500	-4
5,46567	-4
5,46633	-4
5,46700	-4
5,46767	-4
5,46833	-4
5,46900	-4
5,46967	-3
5,47033	-3
5,47100	-3
5,47167	-2
5,47233	-2
5,47300	-2
5,47367	-2
5,47433	-2
5,47500	-2
5,47567	-2
5,47633	-2
5,47700	-2
5,47767	-3
5,47833	-3
5,47900	-3
5,47967	-3
5,48033	-3
5,48100	-3
5,48167	-4
5,48233	-4
5,48300	-4
5,48367	-4
5,48433	-4
5,48500	-4
5,48567	-4
5,48633	-4
5,48700	-4
5,48767	-4
5,48833	-4
5,48900	-4
5,48967	-4
5,49033	-4
5,49100	-4
5,49167	-4
5,49233	-4
5,49300	-4
5,49367	-4
5,49433	-4
5,49500	-4
5,49567	-3
5,49633	-3
5,49700	-2
5,49767	-1
5,49833	0
5,49900	3
5,49967	5
5,50033	9
5,50100	14
5,50167	20
5,50233	27
5,50300	37
5,50367	48
5,50433	61
5,50500	76
5,50567	94
5,50633	115
5,50700	138
5,50767	165
5,50833	194
5,50900	227
5,50967	262
5,51033	300
5,51100	341
5,51167	384
5,51233	428
5,51300	473
5,51367	519
5,51433	565
5,51500	610
5,51567	654
5,51633	695
5,51700	734
5,51767	770
5,51833	803
5,51900	831
5,51967	855
5,52033	874
5,52100	889
5,52167	899
5,52233	904
5,52300	905
5,52367	901
5,52433	893
5,52500	882
5,52567	867
5,52633	848
5,52700	827
5,52767	804
5,52833	778
5,52900	750
5,52967	722
5,53033	692
5,53100	662
5,53167	631
5,53233	601
5,53300	570
5,53367	540
5,53433	511
5,53500	482
5,53567	454
5,53633	427
5,53700	400
5,53767	375
5,53833	351
5,53900	327
5,53967	305
5,54033	284
5,54100	264
5,54167	245
5,54233	227
5,54300	210
5,54367	195
5,54433	180
5,54500	166
5,54567	154
5,54633	142
5,54700	131
5,54767	121
5,54833	111
5,54900	102
5,54967	94
5,55033	86
5,55100	79
5,55167	72
5,55233	66
5,55300	60
5,55367	54
5,55433	50
5,55500	45
5,55567	41
5,55633	38
5,55700	35
5,55767	32
5,55833	29
5,55900	27
5,55967	24
5,56033	22
5,56100	20
5,56167	18
5,56233	16
5,56300	15
5,56367	13
5,56433	12
5,56500	10
5,56567	9
5,56633	8
5,56700	8
5,56767	7
5,56833	6
5,56900	6
5,56967	5
5,57033	5
5,57100	4
5,57167	4
5,57233	3
5,57300	3
5,57367	2
5,57433	2
5,57500	1
5,57567	1
5,57633	0
5,57700	-0
5,57767	-1
5,57833	-1
5,57900	-1
5,57967	-1
5,58033	-1
5,58100	-1
5,58167	-1
5,58233	-1
5,58300	-2
5,58367	-2
5,58433	-2
5,58500	-3
5,58567	-3
5,58633	-3
5,58700	-4
5,58767	-4
5,58833	-4
5,58900	-5
5,58967	-5
5,59033	-5
5,59100	-6
5,59167	-6
5,59233	-6
5,59300	-6
5,59367	-6
5,59433	-6
5,59500	-6
5,59567	-7
5,59633	-7
5,59700	-7
5,59767	-7
5,59833	-7
5,59900	-7
5,59967	-7
5,60033	-7
5,60100	-7
5,60167	-7
5,60233	-7
5,60300	-7
5,60367	-7
5,60433	-7
5,60500	-8
5,60567	-8
5,60633	-7
5,60700	-7
5,60767	-7
5,60833	-7
5,60900	-7
5,60967	-7
5,61033	-7
5,61100	-8
5,61167	-8
5,61233	-8
5,61300	-8
5,61367	-9
5,61433	-9
5,61500	-9
5,61567	-10
5,61633	-10
5,61700	-10
5,61767	-10
5,61833	-10
5,61900	-10
5,61967	-9
5,62033	-9
5,62100	-9
5,62167	-9
5,62233	-9
5,62300	-9
5,62367	-10
5,62433	-10
5,62500	-10
5,62567	-10
5,62633	-11
5,62700	-11
5,62767	-11
5,62833	-11
5,62900	-11
5,62967	-11
5,63033	-11
5,63100	-11
5,63167	-11
5,63233	-11
5,63300	-11
5,63367	-11
5,63433	-11
5,63500	-11
5,63567	-11
5,63633	-11
5,63700	-12
5,63767	-12
5,63833	-12
5,63900	-13
5,63967	-13
5,64033	-13
5,64100	-13
5,64167	-13
5,64233	-13
5,64300	-13
5,64367	-13
5,64433	-13
5,64500	-13
5,64567	-13
5,64633	-13
5,64700	-12
5,64767	-12
5,64833	-12
5,64900	-12
5,64967	-12
5,65033	-12
5,65100	-12
5,65167	-12
5,65233	-12
5,65300	-12
5,65367	-12
5,65433	-13
5,65500	-13
5,65567	-13
5,65633	-13
5,65700	-14
5,65767	-14
5,65833	-14
5,65900	-14
5,65967	-14
5,66033	-14
5,66100	-15
5,66167	-14
5,66233	-14
5,66300	-14
5,66367	-14
5,66433	-13
5,66500	-13
5,66567	-12
5,66633	-12
5,66700	-12
5,66767	-12
5,66833	-12
5,66900	-12
5,66967	-11
5,67033	-11
5,67100	-11
5,67167	-11
5,67233	-11
5,67300	-10
5,67367	-10
5,67433	-10
5,67500	-10
5,67567	-9
5,67633	-9
5,67700	-10
5,67767	-10
5,67833	-10
5,67900	-10
5,67967	-11
5,68033	-11
5,68100	-11
5,68167	-11
5,68233	-12
5,68300	-12
5,68367	-12
5,68433	-12
5,68500	-12
5,68567	-12
5,68633	-12
5,68700	-12
5,68767	-12
5,68833	-12
5,68900	-12
5,68967	-12
5,69033	-12
5,69100	-12
5,69167	-12
5,69233	-12
5,69300	-12
5,69367	-11
5,69433	-11
5,69500	-11
5,69567	-11
5,69633	-11
5,69700	-10
5,69767	-10
5,69833	-10
5,69900	-10
5,69967	-10
5,70033	-10
5,70100	-10
5,70167	-11
5,70233	-11
5,70300	-11
5,70367	-11
5,70433	-12
5,70500	-12
5,70567	-12
5,70633	-13
5,70700	-13
5,70767	-13
5,70833	-13
5,70900	-13
5,70967	-13
5,71033	-14
5,71100	-14
5,71167	-14
5,71233	-14
5,71300	-14
5,71367	-14
5,71433	-14
5,71500	-13
5,71567	-13
5,71633	-13
5,71700	-13
5,71767	-13
5,71833	-13
5,71900	-13
5,71967	-13
5,72033	-14
5,72100	-14
5,72167	-14
5,72233	-14
5,72300	-14
5,72367	-15
5,72433	-15
5,72500	-15
5,72567	-14
5,72633	-14
5,72700	-14
5,72767	-14
5,72833	-14
5,72900	-14
5,72967	-13
5,73033	-13
5,73100	-13
5,73167	-13
5,73233	-13
5,73300	-13
5,73367	-13
5,73433	-13
5,73500	-13
5,73567	-13
5,73633	-13
5,73700	-13
5,73767	-13
5,73833	-13
5,73900	-13
5,73967	-13
5,74033	-13
5,74100	-13
5,74167	-13
5,74233	-14
5,74300	-14
5,74367	-14
5,74433	-14
5,74500	-14
5,74567	-14
5,74633	-14
5,74700	-14
5,74767	-14
5,74833	-14
5,74900	-14
5,74967	-14
5,75033	-14
5,75100	-14
5,75167	-14
5,75233	-14
5,75300	-14
5,75367	-14
5,75433	-14
5,75500	-14
5,75567	-14
5,75633	-13
5,75700	-13
5,75767	-13
5,75833	-12
5,75900	-12
5,75967	-12
5,76033	-12
5,76100	-12
5,76167	-12
5,76233	-12
5,76300	-12
5,76367	-12
5,76433	-12
5,76500	-13
5,76567	-13
5,76633	-13
5,76700	-13
5,76767	-13
5,76833	-13
5,76900	-13
5,76967	-13
5,77033	-14
5,77100	-14
5,77167	-14
5,77233	-14
5,77300	-15
5,77367	-15
5,77433	-15
5,77500	-15
5,77567	-15
5,77633	-15
5,77700	-15
5,77767	-15
5,77833	-15
5,77900	-15
5,77967	-15
5,78033	-15
5,78100	-15
5,78167	-15
5,78233	-15
5,78300	-15
5,78367	-16
5,78433	-16
5,78500	-16
5,78567	-16
5,78633	-16
5,78700	-17
5,78767	-17
5,78833	-17
5,78900	-17
5,78967	-17
5,79033	-17
5,79100	-16
5,79167	-16
5,79233	-16
5,79300	-15
5,79367	-15
5,79433	-14
5,79500	-14
5,79567	-14
5,79633	-14
5,79700	-14
5,79767	-14
5,79833	-14
5,79900	-15
5,79967	-15
5,80033	-15
5,80100	-15
5,80167	-15
5,80233	-15
5,80300	-15
5,80367	-15
5,80433	-15
5,80500	-15
5,80567	-16
5,80633	-16
5,80700	-16
5,80767	-16
5,80833	-16
5,80900	-17
5,80967	-17
5,81033	-17
5,81100	-17
5,81167	-17
5,81233	-17
5,81300	-16
5,81367	-16
5,81433	-16
5,81500	-16
5,81567	-16
5,81633	-16
5,81700	-16
5,81767	-16
5,81833	-16
5,81900	-16
5,81967	-16
5,82033	-16
5,82100	-16
5,82167	-16
5,82233	-15
5,82300	-15
5,82367	-15
5,82433	-14
5,82500	-14
5,82567	-14
5,82633	-14
5,82700	-13
5,82767	-13
5,82833	-13
5,82900	-13
5,82967	-13
5,83033	-12
5,83100	-12
5,83167	-12
5,83233	-12
5,83300	-12
5,83367	-12
5,83433	-12
5,83500	-12
5,83567	-12
5,83633	-12
5,83700	-12
5,83767	-12
5,83833	-12
5,83900	-12
5,83967	-12
5,84033	-12
5,84100	-13
5,84167	-13
5,84233	-13
5,84300	-13
5,84367	-14
5,84433	-14
5,84500	-14
5,84567	-13
5,84633	-13
5,84700	-13
5,84767	-13
5,84833	-12
5,84900	-12
5,84967	-12
5,85033	-12
5,85100	-12
5,85167	-12
5,85233	-12
5,85300	-12
5,85367	-11
5,85433	-11
5,85500	-11
5,85567	-10
5,85633	-10
5,85700	-10
5,85767	-9
5,85833	-9
5,85900	-9
5,85967	-9
5,86033	-8
5,86100	-8
5,86167	-8
5,86233	-8
5,86300	-8
5,86367	-8
5,86433	-8
5,86500	-8
5,86567	-8
5,86633	-8
5,86700	-8
5,86767	-8
5,86833	-8
5,86900	-8
5,86967	-8
5,87033	-8
5,87100	-8
5,87167	-8
5,87233	-9
5,87300	-9
5,87367	-9
5,87433	-9
5,87500	-9
5,87567	-9
5,87633	-9
5,87700	-10
5,87767	-10
5,87833	-10
5,87900	-10
5,87967	-11
5,88033	-11
5,88100	-11
5,88167	-11
5,88233	-11
5,88300	-12
5,88367	-12
5,88433	-12
5,88500	-12
5,88567	-12
5,88633	-12
5,88700	-12
5,88767	-11
5,88833	-11
5,88900	-11
5,88967	-11
5,89033	-11
5,89100	-11
5,89167	-11
5,89233	-11
5,89300	-11
5,89367	-12
5,89433	-12
5,89500	-12
5,89567	-12
5,89633	-12
5,89700	-12
5,89767	-12
5,89833	-12
5,89900	-12
5,89967	-12
5,90033	-12
5,90100	-12
5,90167	-12
5,90233	-12
5,90300	-12
5,90367	-12
5,90433	-12
5,90500	-12
5,90567	-12
5,90633	-12
5,90700	-12
5,90767	-12
5,90833	-12
5,90900	-12
5,90967	-12
5,91033	-12
5,91100	-12
5,91167	-12
5,91233	-12
5,91300	-12
5,91367	-12
5,91433	-12
5,91500	-12
5,91567	-12
5,91633	-12
5,91700	-12
5,91767	-12
5,91833	-12
5,91900	-12
5,91967	-12
5,92033	-12
5,92100	-12
5,92167	-12
5,92233	-12
5,92300	-12
5,92367	-12
5,92433	-13
5,92500	-13
5,92567	-13
5,92633	-13
5,92700	-13
5,92767	-13
5,92833	-13
5,92900	-13
5,92967	-13
5,93033	-13
5,93100	-12
5,93167	-12
5,93233	-12
5,93300	-12
5,93367	-12
5,93433	-12
5,93500	-12
5,93567	-12
5,93633	-13
5,93700	-13
5,93767	-13
5,93833	-13
5,93900	-14
5,93967	-14
5,94033	-14
5,94100	-14
5,94167	-14
5,94233	-14
5,94300	-14
5,94367	-14
5,94433	-14
5,94500	-14
5,94567	-14
5,94633	-14
5,94700	-14
5,94767	-14
5,94833	-14
5,94900	-15
5,94967	-15
5,95033	-15
5,95100	-15
5,95167	-15
5,95233	-15
5,95300	-15
5,95367	-15
5,95433	-15
5,95500	-15
5,95567	-15
5,95633	-15
5,95700	-15
5,95767	-14
5,95833	-14
5,95900	-14
5,95967	-14
5,96033	-14
5,96100	-14
5,96167	-14
5,96233	-14
5,96300	-14
5,96367	-13
5,96433	-13
5,96500	-13
5,96567	-14
5,96633	-14
5,96700	-14
5,96767	-14
5,96833	-14
5,96900	-14
5,96967	-14
5,97033	-15
5,97100	-15
5,97167	-15
5,97233	-15
5,97300	-15
5,97367	-15
5,97433	-15
5,97500	-15
5,97567	-15
5,97633	-16
5,97700	-16
5,97767	-16
5,97833	-17
5,97900	-17
5,97967	-18
5,98033	-18
5,98100	-18
5,98167	-18
5,98233	-18
5,98300	-18
5,98367	-18
5,98433	-18
5,98500	-18
5,98567	-17
5,98633	-17
5,98700	-17
5,98767	-17
5,98833	-17
5,98900	-16
5,98967	-16
5,99033	-16
5,99100	-16
5,99167	-16
5,99233	-16
5,99300	-16
5,99367	-16
5,99433	-15
5,99500	-15
5,99567	-15
5,99633	-15
5,99700	-14
5,99767	-14
5,99833	-14
5,99900	-14
5,99967	-14
6,00033	-14
6,00100	-13
6,00167	-13
6,00233	-13
6,00300	-13
6,00367	-13
6,00433	-13
6,00500	-13
6,00567	-13
6,00633	-13
6,00700	-13
6,00767	-13
6,00833	-13
6,00900	-13
6,00967	-13
6,01033	-13
6,01100	-13
6,01167	-13
6,01233	-13
6,01300	-13
6,01367	-13
6,01433	-13
6,01500	-14
6,01567	-14
6,01633	-14
6,01700	-15
6,01767	-15
6,01833	-15
6,01900	-16
6,01967	-16
6,02033	-16
6,02100	-16
6,02167	-15
6,02233	-15
6,02300	-15
6,02367	-15
6,02433	-15
6,02500	-15
6,02567	-15
6,02633	-14
6,02700	-14
6,02767	-14
6,02833	-14
6,02900	-14
6,02967	-14
6,03033	-14
6,03100	-14
6,03167	-14
6,03233	-14
6,03300	-14
6,03367	-14
6,03433	-14
6,03500	-14
6,03567	-14
6,03633	-13
6,03700	-13
6,03767	-13
6,03833	-13
6,03900	-13
6,03967	-13
6,04033	-13
6,04100	-13
6,04167	-13
6,04233	-13
6,04300	-13
6,04367	-13
6,04433	-13
6,04500	-13
6,04567	-13
6,04633	-13
6,04700	-13
6,04767	-13
6,04833	-13
6,04900	-13
6,04967	-13
6,05033	-13
6,05100	-13
6,05167	-13
6,05233	-13
6,05300	-13
6,05367	-13
6,05433	-13
6,05500	-13
6,05567	-12
6,05633	-12
6,05700	-12
6,05767	-12
6,05833	-12
6,05900	-12
6,05967	-12
6,06033	-12
6,06100	-12
6,06167	-13
6,06233	-13
6,06300	-13
6,06367	-13
6,06433	-13
6,06500	-13
6,06567	-13
6,06633	-13
6,06700	-14
6,06767	-14
6,06833	-14
6,06900	-14
6,06967	-13
6,07033	-13
6,07100	-13
6,07167	-13
6,07233	-13
6,07300	-13
6,07367	-13
6,07433	-14
6,07500	-14
6,07567	-14
6,07633	-14
6,07700	-14
6,07767	-14
6,07833	-14
6,07900	-14
6,07967	-14
6,08033	-14
6,08100	-14
6,08167	-15
6,08233	-15
6,08300	-15
6,08367	-15
6,08433	-15
6,08500	-15
6,08567	-15
6,08633	-16
6,08700	-16
6,08767	-16
6,08833	-16
6,08900	-16
6,08967	-15
6,09033	-15
6,09100	-15
6,09167	-15
6,09233	-15
6,09300	-15
6,09367	-14
6,09433	-14
6,09500	-14
6,09567	-14
6,09633	-14
6,09700	-14
6,09767	-15
6,09833	-15
6,09900	-15
6,09967	-14
6,10033	-14
6,10100	-14
6,10167	-14
6,10233	-14
6,10300	-14
6,10367	-15
6,10433	-15
6,10500	-15
6,10567	-16
6,10633	-16
6,10700	-17
6,10767	-17
6,10833	-18
6,10900	-18
6,10967	-18
6,11033	-18
6,11100	-19
6,11167	-19
6,11233	-19
6,11300	-19
6,11367	-19
6,11433	-19
6,11500	-18
6,11567	-18
6,11633	-18
6,11700	-18
6,11767	-18
6,11833	-17
6,11900	-17
6,11967	-17
6,12033	-17
6,12100	-17
6,12167	-17
6,12233	-17
6,12300	-17
6,12367	-17
6,12433	-17
6,12500	-17
6,12567	-17
6,12633	-17
6,12700	-17
6,12767	-17
6,12833	-18
6,12900	-18
6,12967	-18
6,13033	-18
6,13100	-18
6,13167	-18
6,13233	-18
6,13300	-18
6,13367	-18
6,13433	-18
6,13500	-18
6,13567	-18
6,13633	-18
6,13700	-18
6,13767	-17
6,13833	-17
6,13900	-17
6,13967	-17
6,14033	-17
6,14100	-17
6,14167	-17
6,14233	-16
6,14300	-16
6,14367	-16
6,14433	-16
6,14500	-15
6,14567	-15
6,14633	-15
6,14700	-15
6,14767	-15
6,14833	-15
6,14900	-15
6,14967	-16
6,15033	-16
6,15100	-16
6,15167	-16
6,15233	-16
6,15300	-15
6,15367	-15
6,15433	-15
6,15500	-15
6,15567	-15
6,15633	-15
6,15700	-15
6,15767	-15
6,15833	-16
6,15900	-16
6,15967	-16
6,16033	-16
6,16100	-16
6,16167	-17
6,16233	-17
6,16300	-17
6,16367	-17
6,16433	-17
6,16500	-17
6,16567	-17
6,16633	-17
6,16700	-17
6,16767	-17
6,16833	-17
6,16900	-17
6,16967	-17
6,17033	-18
6,17100	-18
6,17167	-18
6,17233	-18
6,17300	-18
6,17367	-18
6,17433	-18
6,17500	-18
6,17567	-18
6,17633	-18
6,17700	-18
6,17767	-17
6,17833	-17
6,17900	-17
6,17967	-17
6,18033	-18
6,18100	-18
6,18167	-18
6,18233	-18
6,18300	-18
6,18367	-18
6,18433	-18
6,18500	-18
6,18567	-18
6,18633	-18
6,18700	-17
6,18767	-17
6,18833	-17
6,18900	-18
6,18967	-18
6,19033	-18
6,19100	-18
6,19167	-18
6,19233	-18
6,19300	-18
6,19367	-18
6,19433	-18
6,19500	-18
6,19567	-18
6,19633	-18
6,19700	-18
6,19767	-18
6,19833	-17
6,19900	-17
6,19967	-17
6,20033	-17
6,20100	-17
6,20167	-17
6,20233	-17
6,20300	-17
6,20367	-17
6,20433	-17
6,20500	-17
6,20567	-17
6,20633	-17
6,20700	-17
6,20767	-17
6,20833	-17
6,20900	-17
6,20967	-17
6,21033	-17
6,21100	-17
6,21167	-17
6,21233	-17
6,21300	-17
6,21367	-17
6,21433	-17
6,21500	-16
6,21567	-16
6,21633	-17
6,21700	-17
6,21767	-17
6,21833	-17
6,21900	-17
6,21967	-17
6,22033	-17
6,22100	-17
6,22167	-17
6,22233	-17
6,22300	-17
6,22367	-17
6,22433	-16
6,22500	-16
6,22567	-16
6,22633	-16
6,22700	-15
6,22767	-15
6,22833	-15
6,22900	-15
6,22967	-14
6,23033	-14
6,23100	-13
6,23167	-13
6,23233	-13
6,23300	-13
6,23367	-14
6,23433	-14
6,23500	-14
6,23567	-14
6,23633	-15
6,23700	-15
6,23767	-15
6,23833	-15
6,23900	-15
6,23967	-16
6,24033	-16
6,24100	-16
6,24167	-16
6,24233	-16
6,24300	-16
6,24367	-16
6,24433	-16
6,24500	-16
6,24567	-16
6,24633	-16
6,24700	-16
6,24767	-16
6,24833	-15
6,24900	-15
6,24967	-15
6,25033	-15
6,25100	-15
6,25167	-15
6,25233	-15
6,25300	-15
6,25367	-15
6,25433	-15
6,25500	-15
6,25567	-15
6,25633	-15
6,25700	-15
6,25767	-15
6,25833	-14
6,25900	-14
6,25967	-13
6,26033	-13
6,26100	-13
6,26167	-12
6,26233	-12
6,26300	-12
6,26367	-12
6,26433	-12
6,26500	-12
6,26567	-12
6,26633	-12
6,26700	-13
6,26767	-13
6,26833	-13
6,26900	-13
6,26967	-13
6,27033	-13
6,27100	-13
6,27167	-13
6,27233	-13
6,27300	-13
6,27367	-13
6,27433	-13
6,27500	-13
6,27567	-13
6,27633	-13
6,27700	-13
6,27767	-13
6,27833	-13
6,27900	-13
6,27967	-13
6,28033	-13
6,28100	-13
6,28167	-13
6,28233	-13
6,28300	-13
6,28367	-12
6,28433	-12
6,28500	-13
6,28567	-13
6,28633	-13
6,28700	-13
6,28767	-13
6,28833	-14
6,28900	-14
6,28967	-14
6,29033	-14
6,29100	-14
6,29167	-14
6,29233	-14
6,29300	-13
6,29367	-13
6,29433	-13
6,29500	-12
6,29567	-12
6,29633	-12
6,29700	-11
6,29767	-11
6,29833	-11
6,29900	-11
6,29967	-11
6,30033	-10
6,30100	-10
6,30167	-10
6,30233	-9
6,30300	-9
6,30367	-9
6,30433	-9
6,30500	-8
6,30567	-8
6,30633	-8
6,30700	-8
6,30767	-8
6,30833	-8
6,30900	-8
6,30967	-8
6,31033	-8
6,31100	-8
6,31167	-8
6,31233	-8
6,31300	-8
6,31367	-8
6,31433	-8
6,31500	-9
6,31567	-9
6,31633	-9
6,31700	-9
6,31767	-9
6,31833	-9
6,31900	-9
6,31967	-9
6,32033	-10
6,32100	-10
6,32167	-10
6,32233	-10
6,32300	-10
6,32367	-10
6,32433	-10
6,32500	-10
6,32567	-10
6,32633	-10
6,32700	-10
6,32767	-10
6,32833	-10
6,32900	-11
6,32967	-11
6,33033	-11
6,33100	-11
6,33167	-11
6,33233	-11
6,33300	-11
6,33367	-11
6,33433	-11
6,33500	-11
6,33567	-11
6,33633	-11
6,33700	-11
6,33767	-10
6,33833	-11
6,33900	-11
6,33967	-11
6,34033	-11
6,34100	-11
6,34167	-11
6,34233	-11
6,34300	-12
6,34367	-12
6,34433	-12
6,34500	-12
6,34567	-12
6,34633	-12
6,34700	-12
6,34767	-11
6,34833	-11
6,34900	-11
6,34967	-11
6,35033	-11
6,35100	-11
6,35167	-11
6,35233	-12
6,35300	-12
6,35367	-12
6,35433	-12
6,35500	-12
6,35567	-11
6,35633	-11
6,35700	-11
6,35767	-11
6,35833	-11
6,35900	-11
6,35967	-11
6,36033	-11
6,36100	-11
6,36167	-11
6,36233	-11
6,36300	-12
6,36367	-12
6,36433	-12
6,36500	-12
6,36567	-12
6,36633	-12
6,36700	-13
6,36767	-13
6,36833	-13
6,36900	-13
6,36967	-14
6,37033	-14
6,37100	-14
6,37167	-15
6,37233	-15
6,37300	-15
6,37367	-15
6,37433	-15
6,37500	-15
6,37567	-14
6,37633	-14
6,37700	-14
6,37767	-14
6,37833	-13
6,37900	-13
6,37967	-13
6,38033	-13
6,38100	-13
6,38167	-13
6,38233	-13
6,38300	-13
6,38367	-12
6,38433	-12
6,38500	-12
6,38567	-12
6,38633	-12
6,38700	-12
6,38767	-12
6,38833	-12
6,38900	-12
6,38967	-12
6,39033	-12
6,39100	-12
6,39167	-12
6,39233	-12
6,39300	-12
6,39367	-12
6,39433	-12
6,39500	-12
6,39567	-12
6,39633	-13
6,39700	-13
6,39767	-13
6,39833	-12
6,39900	-12
6,39967	-12
6,40033	-12
6,40100	-12
6,40167	-12
6,40233	-11
6,40300	-11
6,40367	-11
6,40433	-10
6,40500	-10
6,40567	-10
6,40633	-10
6,40700	-10
6,40767	-10
6,40833	-10
6,40900	-10
6,40967	-10
6,41033	-10
6,41100	-10
6,41167	-10
6,41233	-10
6,41300	-10
6,41367	-10
6,41433	-10
6,41500	-10
6,41567	-10
6,41633	-10
6,41700	-9
6,41767	-9
6,41833	-9
6,41900	-9
6,41967	-9
6,42033	-9
6,42100	-9
6,42167	-9
6,42233	-9
6,42300	-9
6,42367	-9
6,42433	-9
6,42500	-9
6,42567	-9
6,42633	-9
6,42700	-8
6,42767	-8
6,42833	-8
6,42900	-8
6,42967	-8
6,43033	-8
6,43100	-8
6,43167	-7
6,43233	-7
6,43300	-7
6,43367	-7
6,43433	-7
6,43500	-8
6,43567	-8
6,43633	-8
6,43700	-8
6,43767	-8
6,43833	-9
6,43900	-9
6,43967	-9
6,44033	-9
6,44100	-9
6,44167	-9
6,44233	-9
6,44300	-9
6,44367	-9
6,44433	-9
6,44500	-10
6,44567	-10
6,44633	-10
6,44700	-11
6,44767	-11
6,44833	-11
6,44900	-11
6,44967	-11
6,45033	-11
6,45100	-11
6,45167	-11
6,45233	-11
6,45300	-11
6,45367	-11
6,45433	-11
6,45500	-11
6,45567	-11
6,45633	-11
6,45700	-11
6,45767	-11
6,45833	-11
6,45900	-11
6,45967	-11
6,46033	-11
6,46100	-10
6,46167	-10
6,46233	-10
6,46300	-10
6,46367	-10
6,46433	-10
6,46500	-10
6,46567	-11
6,46633	-11
6,46700	-11
6,46767	-11
6,46833	-11
6,46900	-12
6,46967	-12
6,47033	-12
6,47100	-12
6,47167	-12
6,47233	-12
6,47300	-11
6,47367	-11
6,47433	-11
6,47500	-11
6,47567	-11
6,47633	-11
6,47700	-11
6,47767	-11
6,47833	-12
6,47900	-12
6,47967	-12
6,48033	-12
6,48100	-12
6,48167	-12
6,48233	-12
6,48300	-11
6,48367	-12
6,48433	-12
6,48500	-12
6,48567	-12
6,48633	-12
6,48700	-12
6,48767	-12
6,48833	-12
6,48900	-12
6,48967	-12
6,49033	-12
6,49100	-12
6,49167	-13
6,49233	-13
6,49300	-13
6,49367	-12
6,49433	-12
6,49500	-12
6,49567	-12
6,49633	-11
6,49700	-11
6,49767	-11
6,49833	-11
6,49900	-11
6,49967	-11
6,50033	-12
6,50100	-12
6,50167	-12
6,50233	-11
6,50300	-11
6,50367	-11
6,50433	-10
6,50500	-10
6,50567	-10
6,50633	-10
6,50700	-10
6,50767	-10
6,50833	-10
6,50900	-10
6,50967	-10
6,51033	-10
6,51100	-10
6,51167	-10
6,51233	-10
6,51300	-10
6,51367	-10
6,51433	-10
6,51500	-10
6,51567	-10
6,51633	-10
6,51700	-10
6,51767	-10
6,51833	-10
6,51900	-10
6,51967	-10
6,52033	-10
6,52100	-10
6,52167	-10
6,52233	-11
6,52300	-11
6,52367	-11
6,52433	-11
6,52500	-11
6,52567	-11
6,52633	-11
6,52700	-11
6,52767	-11
6,52833	-11
6,52900	-11
6,52967	-10
6,53033	-10
6,53100	-10
6,53167	-10
6,53233	-10
6,53300	-10
6,53367	-10
6,53433	-10
6,53500	-10
6,53567	-10
6,53633	-10
6,53700	-10
6,53767	-10
6,53833	-10
6,53900	-10
6,53967	-10
6,54033	-11
6,54100	-11
6,54167	-11
6,54233	-11
6,54300	-11
6,54367	-11
6,54433	-12
6,54500	-12
6,54567	-12
6,54633	-12
6,54700	-12
6,54767	-13
6,54833	-13
6,54900	-13
6,54967	-13
6,55033	-13
6,55100	-13
6,55167	-13
6,55233	-13
6,55300	-12
6,55367	-12
6,55433	-12
6,55500	-12
6,55567	-11
6,55633	-11
6,55700	-11
6,55767	-10
6,55833	-10
6,55900	-9
6,55967	-9
6,56033	-9
6,56100	-9
6,56167	-8
6,56233	-8
6,56300	-8
6,56367	-8
6,56433	-8
6,56500	-8
6,56567	-8
6,56633	-8
6,56700	-8
6,56767	-7
6,56833	-7
6,56900	-7
6,56967	-7
6,57033	-7
6,57100	-7
6,57167	-7
6,57233	-8
6,57300	-8
6,57367	-8
6,57433	-8
6,57500	-9
6,57567	-9
6,57633	-9
6,57700	-10
6,57767	-10
6,57833	-10
6,57900	-10
6,57967	-10
6,58033	-10
6,58100	-10
6,58167	-10
6,58233	-10
6,58300	-11
6,58367	-11
6,58433	-11
6,58500	-11
6,58567	-12
6,58633	-12
6,58700	-12
6,58767	-13
6,58833	-13
6,58900	-13
6,58967	-13
6,59033	-13
6,59100	-13
6,59167	-13
6,59233	-13
6,59300	-13
6,59367	-13
6,59433	-13
6,59500	-13
6,59567	-13
6,59633	-12
6,59700	-12
6,59767	-12
6,59833	-12
6,59900	-12
6,59967	-12
6,60033	-12
6,60100	-12
6,60167	-12
6,60233	-12
6,60300	-12
6,60367	-12
6,60433	-11
6,60500	-11
6,60567	-11
6,60633	-11
6,60700	-11
6,60767	-11
6,60833	-11
6,60900	-12
6,60967	-12
6,61033	-12
6,61100	-12
6,61167	-12
6,61233	-12
6,61300	-12
6,61367	-12
6,61433	-12
6,61500	-12
6,61567	-12
6,61633	-12
6,61700	-12
6,61767	-12
6,61833	-13
6,61900	-13
6,61967	-13
6,62033	-13
6,62100	-13
6,62167	-13
6,62233	-13
6,62300	-13
6,62367	-13
6,62433	-13
6,62500	-13
6,62567	-13
6,62633	-14
6,62700	-14
6,62767	-14
6,62833	-14
6,62900	-14
6,62967	-14
6,63033	-14
6,63100	-14
6,63167	-14
6,63233	-14
6,63300	-14
6,63367	-14
6,63433	-13
6,63500	-13
6,63567	-13
6,63633	-12
6,63700	-12
6,63767	-12
6,63833	-12
6,63900	-12
6,63967	-12
6,64033	-12
6,64100	-13
6,64167	-13
6,64233	-13
6,64300	-13
6,64367	-13
6,64433	-14
6,64500	-14
6,64567	-14
6,64633	-14
6,64700	-14
6,64767	-15
6,64833	-15
6,64900	-16
6,64967	-16
6,65033	-16
6,65100	-17
6,65167	-17
6,65233	-17
6,65300	-17
6,65367	-17
6,65433	-17
6,65500	-17
6,65567	-17
6,65633	-17
6,65700	-17
6,65767	-17
6,65833	-17
6,65900	-17
6,65967	-17
6,66033	-16
6,66100	-16
6,66167	-16
6,66233	-16
6,66300	-16
6,66367	-15
6,66433	-15
6,66500	-15
6,66567	-15
6,66633	-15
6,66700	-15
6,66767	-15
6,66833	-15
6,66900	-14
6,66967	-15
6,67033	-15
6,67100	-15
6,67167	-15
6,67233	-14
6,67300	-14
6,67367	-14
6,67433	-14
6,67500	-14
6,67567	-14
6,67633	-14
6,67700	-14
6,67767	-14
6,67833	-13
6,67900	-13
6,67967	-13
6,68033	-13
6,68100	-13
6,68167	-13
6,68233	-13
6,68300	-13
6,68367	-12
6,68433	-12
6,68500	-13
6,68567	-13
6,68633	-13
6,68700	-13
6,68767	-12
6,68833	-12
6,68900	-12
6,68967	-12
6,69033	-12
6,69100	-12
6,69167	-12
6,69233	-12
6,69300	-12
6,69367	-12
6,69433	-13
6,69500	-13
6,69567	-13
6,69633	-13
6,69700	-13
6,69767	-13
6,69833	-13
6,69900	-13
6,69967	-13
6,70033	-13
6,70100	-13
6,70167	-13
6,70233	-13
6,70300	-13
6,70367	-13
6,70433	-13
6,70500	-14
6,70567	-14
6,70633	-14
6,70700	-14
6,70767	-14
6,70833	-15
6,70900	-15
6,70967	-16
6,71033	-16
6,71100	-16
6,71167	-16
6,71233	-16
6,71300	-16
6,71367	-16
6,71433	-16
6,71500	-17
6,71567	-16
6,71633	-16
6,71700	-16
6,71767	-16
6,71833	-16
6,71900	-16
6,71967	-16
6,72033	-15
6,72100	-15
6,72167	-15
6,72233	-15
6,72300	-14
6,72367	-14
6,72433	-13
6,72500	-12
6,72567	-12
6,72633	-11
6,72700	-10
6,72767	-10
6,72833	-9
6,72900	-8
6,72967	-8
6,73033	-8
6,73100	-7
6,73167	-7
6,73233	-7
6,73300	-7
6,73367	-7
6,73433	-7
6,73500	-6
6,73567	-6
6,73633	-6
6,73700	-7
6,73767	-7
6,73833	-7
6,73900	-7
6,73967	-7
6,74033	-7
6,74100	-7
6,74167	-8
6,74233	-8
6,74300	-8
6,74367	-8
6,74433	-8
6,74500	-9
6,74567	-9
6,74633	-9
6,74700	-10
6,74767	-10
6,74833	-10
6,74900	-10
6,74967	-9
6,75033	-9
6,75100	-9
6,75167	-9
6,75233	-10
6,75300	-10
6,75367	-10
6,75433	-10
6,75500	-10
6,75567	-10
6,75633	-11
6,75700	-11
6,75767	-12
6,75833	-12
6,75900	-13
6,75967	-13
6,76033	-13
6,76100	-14
6,76167	-14
6,76233	-14
6,76300	-14
6,76367	-14
6,76433	-14
6,76500	-14
6,76567	-14
6,76633	-14
6,76700	-14
6,76767	-14
6,76833	-14
6,76900	-14
6,76967	-13
6,77033	-13
6,77100	-13
6,77167	-13
6,77233	-13
6,77300	-13
6,77367	-13
6,77433	-13
6,77500	-13
6,77567	-13
6,77633	-13
6,77700	-13
6,77767	-13
6,77833	-13
6,77900	-13
6,77967	-13
6,78033	-13
6,78100	-13
6,78167	-13
6,78233	-14
6,78300	-14
6,78367	-14
6,78433	-14
6,78500	-14
6,78567	-15
6,78633	-15
6,78700	-15
6,78767	-16
6,78833	-16
6,78900	-16
6,78967	-16
6,79033	-16
6,79100	-16
6,79167	-16
6,79233	-16
6,79300	-15
6,79367	-15
6,79433	-15
6,79500	-15
6,79567	-15
6,79633	-15
6,79700	-15
6,79767	-15
6,79833	-16
6,79900	-16
6,79967	-16
6,80033	-16
6,80100	-16
6,80167	-16
6,80233	-16
6,80300	-16
6,80367	-16
6,80433	-16
6,80500	-16
6,80567	-16
6,80633	-16
6,80700	-16
6,80767	-16
6,80833	-16
6,80900	-16
6,80967	-16
6,81033	-16
6,81100	-16
6,81167	-16
6,81233	-16
6,81300	-16
6,81367	-16
6,81433	-16
6,81500	-16
6,81567	-15
6,81633	-15
6,81700	-16
6,81767	-16
6,81833	-16
6,81900	-16
6,81967	-16
6,82033	-16
6,82100	-16
6,82167	-16
6,82233	-16
6,82300	-16
6,82367	-16
6,82433	-16
6,82500	-16
6,82567	-16
6,82633	-16
6,82700	-17
6,82767	-17
6,82833	-17
6,82900	-17
6,82967	-17
6,83033	-17
6,83100	-17
6,83167	-16
6,83233	-16
6,83300	-16
6,83367	-16
6,83433	-16
6,83500	-16
6,83567	-16
6,83633	-16
6,83700	-16
6,83767	-15
6,83833	-15
6,83900	-15
6,83967	-15
6,84033	-14
6,84100	-14
6,84167	-14
6,84233	-14
6,84300	-14
6,84367	-14
6,84433	-14
6,84500	-14
6,84567	-14
6,84633	-14
6,84700	-14
6,84767	-14
6,84833	-15
6,84900	-15
6,84967	-15
6,85033	-16
6,85100	-16
6,85167	-17
6,85233	-17
6,85300	-17
6,85367	-17
6,85433	-17
6,85500	-17
6,85567	-17
6,85633	-17
6,85700	-17
6,85767	-17
6,85833	-17
6,85900	-17
6,85967	-17
6,86033	-17
6,86100	-17
6,86167	-17
6,86233	-17
6,86300	-17
6,86367	-17
6,86433	-18
6,86500	-18
6,86567	-18
6,86633	-18
6,86700	-18
6,86767	-18
6,86833	-18
6,86900	-18
6,86967	-18
6,87033	-17
6,87100	-17
6,87167	-17
6,87233	-17
6,87300	-17
6,87367	-16
6,87433	-16
6,87500	-16
6,87567	-16
6,87633	-16
6,87700	-16
6,87767	-16
6,87833	-16
6,87900	-16
6,87967	-16
6,88033	-16
6,88100	-15
6,88167	-15
6,88233	-15
6,88300	-15
6,88367	-15
6,88433	-14
6,88500	-14
6,88567	-14
6,88633	-13
6,88700	-13
6,88767	-12
6,88833	-12
6,88900	-11
6,88967	-11
6,89033	-10
6,89100	-9
6,89167	-9
6,89233	-8
6,89300	-7
6,89367	-7
6,89433	-6
6,89500	-6
6,89567	-5
6,89633	-5
6,89700	-4
6,89767	-4
6,89833	-3
6,89900	-2
6,89967	-1
6,90033	0
6,90100	1
6,90167	2
6,90233	2
6,90300	3
6,90367	4
6,90433	5
6,90500	6
6,90567	7
6,90633	8
6,90700	9
6,90767	10
6,90833	11
6,90900	12
6,90967	12
6,91033	13
6,91100	14
6,91167	15
6,91233	16
6,91300	16
6,91367	17
6,91433	18
6,91500	18
6,91567	19
6,91633	20
6,91700	20
6,91767	21
6,91833	22
6,91900	23
6,91967	23
6,92033	24
6,92100	24
6,92167	25
6,92233	26
6,92300	26
6,92367	27
6,92433	28
6,92500	28
6,92567	29
6,92633	29
6,92700	30
6,92767	30
6,92833	30
6,92900	30
6,92967	31
6,93033	31
6,93100	31
6,93167	32
6,93233	32
6,93300	32
6,93367	33
6,93433	33
6,93500	33
6,93567	33
6,93633	33
6,93700	33
6,93767	33
6,93833	33
6,93900	34
6,93967	34
6,94033	34
6,94100	34
6,94167	34
6,94233	34
6,94300	34
6,94367	34
6,94433	34
6,94500	34
6,94567	34
6,94633	34
6,94700	34
6,94767	34
6,94833	34
6,94900	34
6,94967	34
6,95033	34
6,95100	34
6,95167	34
6,95233	34
6,95300	34
6,95367	34
6,95433	34
6,95500	34
6,95567	34
6,95633	34
6,95700	34
6,95767	33
6,95833	33
6,95900	33
6,95967	33
6,96033	33
6,96100	32
6,96167	32
6,96233	32
6,96300	32
6,96367	32
6,96433	32
6,96500	32
6,96567	31
6,96633	31
6,96700	31
6,96767	30
6,96833	30
6,96900	29
6,96967	28
6,97033	28
6,97100	28
6,97167	27
6,97233	27
6,97300	26
6,97367	26
6,97433	26
6,97500	26
6,97567	26
6,97633	26
6,97700	26
6,97767	26
6,97833	26
6,97900	26
6,97967	26
6,98033	25
6,98100	25
6,98167	25
6,98233	25
6,98300	24
6,98367	24
6,98433	24
6,98500	24
6,98567	24
6,98633	24
6,98700	23
6,98767	23
6,98833	23
6,98900	23
6,98967	23
6,99033	23
6,99100	23
6,99167	23
6,99233	23
6,99300	23
6,99367	22
6,99433	22
6,99500	23
6,99567	23
6,99633	23
6,99700	23
6,99767	23
6,99833	23
6,99900	24
6,99967	24
7,00033	24
7,00100	25
7,00167	25
7,00233	26
7,00300	26
7,00367	27
7,00433	27
7,00500	27
7,00567	28
7,00633	28
7,00700	28
7,00767	28
7,00833	28
7,00900	28
7,00967	28
7,01033	28
7,01100	28
7,01167	28
7,01233	27
7,01300	27
7,01367	27
7,01433	26
7,01500	26
7,01567	26
7,01633	25
7,01700	25
7,01767	24
7,01833	24
7,01900	23
7,01967	23
7,02033	23
7,02100	22
7,02167	22
7,02233	21
7,02300	21
7,02367	20
7,02433	20
7,02500	19
7,02567	19
7,02633	18
7,02700	18
7,02767	17
7,02833	17
7,02900	17
7,02967	16
7,03033	16
7,03100	16
7,03167	16
7,03233	15
7,03300	15
7,03367	15
7,03433	15
7,03500	15
7,03567	15
7,03633	15
7,03700	15
7,03767	15
7,03833	15
7,03900	15
7,03967	14
7,04033	14
7,04100	14
7,04167	14
7,04233	14
7,04300	13
7,04367	13
7,04433	13
7,04500	13
7,04567	13
7,04633	13
7,04700	13
7,04767	13
7,04833	13
7,04900	13
7,04967	13
7,05033	13
7,05100	13
7,05167	13
7,05233	13
7,05300	12
7,05367	12
7,05433	12
7,05500	12
7,05567	12
7,05633	11
7,05700	11
7,05767	11
7,05833	11
7,05900	11
7,05967	11
7,06033	11
7,06100	11
7,06167	11
7,06233	11
7,06300	11
7,06367	11
7,06433	11
7,06500	11
7,06567	11
7,06633	10
7,06700	10
7,06767	10
7,06833	9
7,06900	9
7,06967	9
7,07033	9
7,07100	8
7,07167	8
7,07233	8
7,07300	8
7,07367	8
7,07433	7
7,07500	7
7,07567	7
7,07633	7
7,07700	7
7,07767	7
7,07833	7
7,07900	7
7,07967	7
7,08033	8
7,08100	8
7,08167	8
7,08233	8
7,08300	9
7,08367	9
7,08433	9
7,08500	8
7,08567	8
7,08633	8
7,08700	8
7,08767	7
7,08833	7
7,08900	7
7,08967	7
7,09033	7
7,09100	6
7,09167	6
7,09233	6
7,09300	6
7,09367	5
7,09433	5
7,09500	5
7,09567	5
7,09633	5
7,09700	4
7,09767	4
7,09833	4
7,09900	4
7,09967	4
7,10033	4
7,10100	4
7,10167	4
7,10233	4
7,10300	4
7,10367	4
7,10433	3
7,10500	3
7,10567	3
7,10633	3
7,10700	3
7,10767	2
7,10833	2
7,10900	2
7,10967	1
7,11033	1
7,11100	0
7,11167	0
7,11233	-0
7,11300	-0
7,11367	-1
7,11433	-1
7,11500	-1
7,11567	-1
7,11633	-1
7,11700	-1
7,11767	-1
7,11833	-1
7,11900	-1
7,11967	-1
7,12033	-2
7,12100	-2
7,12167	-2
7,12233	-3
7,12300	-3
7,12367	-3
7,12433	-4
7,12500	-4
7,12567	-4
7,12633	-4
7,12700	-5
7,12767	-5
7,12833	-5
7,12900	-5
7,12967	-5
7,13033	-5
7,13100	-5
7,13167	-5
7,13233	-5
7,13300	-5
7,13367	-4
7,13433	-4
7,13500	-4
7,13567	-4
7,13633	-4
7,13700	-3
7,13767	-3
7,13833	-3
7,13900	-3
7,13967	-3
7,14033	-2
7,14100	-2
7,14167	-2
7,14233	-2
7,14300	-1
7,14367	-1
7,14433	-1
7,14500	-1
7,14567	-1
7,14633	-1
7,14700	-1
7,14767	-1
7,14833	-1
7,14900	-1
7,14967	-2
7,15033	-2
7,15100	-2
7,15167	-2
7,15233	-3
7,15300	-3
7,15367	-3
7,15433	-3
7,15500	-3
7,15567	-3
7,15633	-4
7,15700	-4
7,15767	-4
7,15833	-4
7,15900	-4
7,15967	-4
7,16033	-5
7,16100	-5
7,16167	-5
7,16233	-6
7,16300	-6
7,16367	-6
7,16433	-6
7,16500	-7
7,16567	-7
7,16633	-7
7,16700	-7
7,16767	-7
7,16833	-8
7,16900	-8
7,16967	-8
7,17033	-8
7,17100	-8
7,17167	-8
7,17233	-9
7,17300	-9
7,17367	-9
7,17433	-9
7,17500	-10
7,17567	-10
7,17633	-10
7,17700	-10
7,17767	-10
7,17833	-10
7,17900	-10
7,17967	-9
7,18033	-9
7,18100	-9
7,18167	-9
7,18233	-9
7,18300	-9
7,18367	-9
7,18433	-9
7,18500	-9
7,18567	-9
7,18633	-9
7,18700	-9
7,18767	-9
7,18833	-9
7,18900	-9
7,18967	-9
7,19033	-10
7,19100	-10
7,19167	-10
7,19233	-10
7,19300	-10
7,19367	-10
7,19433	-10
7,19500	-10
7,19567	-10
7,19633	-10
7,19700	-10
7,19767	-10
7,19833	-10
7,19900	-10
7,19967	-10
7,20033	-10
7,20100	-10
7,20167	-10
7,20233	-10
7,20300	-10
7,20367	-10
7,20433	-10
7,20500	-10
7,20567	-10
7,20633	-10
7,20700	-11
7,20767	-11
7,20833	-11
7,20900	-11
7,20967	-11
7,21033	-11
7,21100	-11
7,21167	-11
7,21233	-11
7,21300	-11
7,21367	-11
7,21433	-11
7,21500	-11
7,21567	-11
7,21633	-11
7,21700	-10
7,21767	-10
7,21833	-10
7,21900	-10
7,21967	-9
7,22033	-9
7,22100	-9
7,22167	-9
7,22233	-9
7,22300	-9
7,22367	-9
7,22433	-9
7,22500	-9
7,22567	-9
7,22633	-9
7,22700	-10
7,22767	-10
7,22833	-9
7,22900	-9
7,22967	-9
7,23033	-9
7,23100	-9
7,23167	-8
7,23233	-8
7,23300	-8
7,23367	-8
7,23433	-8
7,23500	-8
7,23567	-8
7,23633	-8
7,23700	-8
7,23767	-9
7,23833	-9
7,23900	-9
7,23967	-9
7,24033	-10
7,24100	-10
7,24167	-10
7,24233	-11
7,24300	-11
7,24367	-11
7,24433	-11
7,24500	-11
7,24567	-11
7,24633	-11
7,24700	-11
7,24767	-12
7,24833	-12
7,24900	-12
7,24967	-12
7,25033	-12
7,25100	-12
7,25167	-12
7,25233	-12
7,25300	-12
7,25367	-12
7,25433	-12
7,25500	-12
7,25567	-12
7,25633	-12
7,25700	-12
7,25767	-13
7,25833	-13
7,25900	-13
7,25967	-13
7,26033	-13
7,26100	-13
7,26167	-13
7,26233	-13
7,26300	-12
7,26367	-12
7,26433	-12
7,26500	-11
7,26567	-11
7,26633	-11
7,26700	-11
7,26767	-11
7,26833	-11
7,26900	-11
7,26967	-11
7,27033	-11
7,27100	-11
7,27167	-11
7,27233	-11
7,27300	-11
7,27367	-11
7,27433	-11
7,27500	-11
7,27567	-11
7,27633	-11
7,27700	-11
7,27767	-11
7,27833	-11
7,27900	-10
7,27967	-10
7,28033	-10
7,28100	-10
7,28167	-10
7,28233	-10
7,28300	-10
7,28367	-10
7,28433	-9
7,28500	-9
7,28567	-9
7,28633	-9
7,28700	-8
7,28767	-8
7,28833	-8
7,28900	-8
7,28967	-8
7,29033	-7
7,29100	-8
7,29167	-8
7,29233	-8
7,29300	-8
7,29367	-8
7,29433	-8
7,29500	-8
7,29567	-8
7,29633	-8
7,29700	-8
7,29767	-8
7,29833	-8
7,29900	-9
7,29967	-9
7,30033	-9
7,30100	-9
7,30167	-9
7,30233	-9
7,30300	-9
7,30367	-9
7,30433	-9
7,30500	-9
7,30567	-9
7,30633	-9
7,30700	-9
7,30767	-9
7,30833	-9
7,30900	-9
7,30967	-9
7,31033	-9
7,31100	-9
7,31167	-9
7,31233	-9
7,31300	-9
7,31367	-8
7,31433	-8
7,31500	-8
7,31567	-8
7,31633	-7
7,31700	-7
7,31767	-7
7,31833	-7
7,31900	-7
7,31967	-7
7,32033	-7
7,32100	-7
7,32167	-7
7,32233	-7
7,32300	-7
7,32367	-7
7,32433	-7
7,32500	-7
7,32567	-7
7,32633	-7
7,32700	-6
7,32767	-6
7,32833	-6
7,32900	-6
7,32967	-5
7,33033	-5
7,33100	-5
7,33167	-5
7,33233	-5
7,33300	-5
7,33367	-5
7,33433	-5
7,33500	-5
7,33567	-5
7,33633	-5
7,33700	-5
7,33767	-4
7,33833	-4
7,33900	-4
7,33967	-4
7,34033	-4
7,34100	-4
7,34167	-4
7,34233	-5
7,34300	-5
7,34367	-5
7,34433	-5
7,34500	-6
7,34567	-6
7,34633	-6
7,34700	-6
7,34767	-6
7,34833	-6
7,34900	-7
7,34967	-7
7,35033	-7
7,35100	-7
7,35167	-8
7,35233	-8
7,35300	-8
7,35367	-8
7,35433	-9
7,35500	-9
7,35567	-9
7,35633	-9
7,35700	-10
7,35767	-10
7,35833	-10
7,35900	-10
7,35967	-10
7,36033	-10
7,36100	-9
7,36167	-9
7,36233	-9
7,36300	-9
7,36367	-9
7,36433	-9
7,36500	-9
7,36567	-10
7,36633	-10
7,36700	-10
7,36767	-10
7,36833	-10
7,36900	-11
7,36967	-10
7,37033	-10
7,37100	-10
7,37167	-10
7,37233	-10
7,37300	-10
7,37367	-10
7,37433	-10
7,37500	-11
7,37567	-11
7,37633	-11
7,37700	-11
7,37767	-12
7,37833	-12
7,37900	-12
7,37967	-12
7,38033	-12
7,38100	-12
7,38167	-12
7,38233	-13
7,38300	-13
7,38367	-12
7,38433	-12
7,38500	-12
7,38567	-12
7,38633	-12
7,38700	-12
7,38767	-12
7,38833	-12
7,38900	-11
7,38967	-11
7,39033	-11
7,39100	-11
7,39167	-11
7,39233	-11
7,39300	-10
7,39367	-10
7,39433	-10
7,39500	-11
7,39567	-11
7,39633	-11
7,39700	-11
7,39767	-11
7,39833	-11
7,39900	-11
7,39967	-11
7,40033	-11
7,40100	-11
7,40167	-11
7,40233	-11
7,40300	-11
7,40367	-10
7,40433	-10
7,40500	-10
7,40567	-11
7,40633	-11
7,40700	-11
7,40767	-11
7,40833	-12
7,40900	-12
7,40967	-12
7,41033	-12
7,41100	-12
7,41167	-12
7,41233	-12
7,41300	-13
7,41367	-13
7,41433	-13
7,41500	-13
7,41567	-13
7,41633	-13
7,41700	-13
7,41767	-13
7,41833	-13
7,41900	-13
7,41967	-13
7,42033	-13
7,42100	-13
7,42167	-13
7,42233	-13
7,42300	-13
7,42367	-13
7,42433	-13
7,42500	-13
7,42567	-12
7,42633	-12
7,42700	-13
7,42767	-13
7,42833	-13
7,42900	-13
7,42967	-13
7,43033	-14
7,43100	-14
7,43167	-14
7,43233	-15
7,43300	-15
7,43367	-15
7,43433	-15
7,43500	-15
7,43567	-15
7,43633	-15
7,43700	-15
7,43767	-15
7,43833	-15
7,43900	-15
7,43967	-15
7,44033	-15
7,44100	-15
7,44167	-15
7,44233	-15
7,44300	-15
7,44367	-15
7,44433	-15
7,44500	-15
7,44567	-15
7,44633	-15
7,44700	-15
7,44767	-15
7,44833	-15
7,44900	-15
7,44967	-15
7,45033	-15
7,45100	-15
7,45167	-15
7,45233	-15
7,45300	-15
7,45367	-15
7,45433	-15
7,45500	-15
7,45567	-15
7,45633	-15
7,45700	-15
7,45767	-15
7,45833	-15
7,45900	-15
7,45967	-15
7,46033	-15
7,46100	-15
7,46167	-15
7,46233	-14
7,46300	-14
7,46367	-14
7,46433	-14
7,46500	-14
7,46567	-14
7,46633	-14
7,46700	-14
7,46767	-14
7,46833	-14
7,46900	-14
7,46967	-14
7,47033	-14
7,47100	-14
7,47167	-14
7,47233	-14
7,47300	-15
7,47367	-15
7,47433	-15
7,47500	-15
7,47567	-15
7,47633	-15
7,47700	-15
7,47767	-15
7,47833	-15
7,47900	-14
7,47967	-13
7,48033	-12
7,48100	-10
7,48167	-6
7,48233	-1
7,48300	7
7,48367	18
7,48433	35
7,48500	59
7,48567	91
7,48633	137
7,48700	199
7,48767	283
7,48833	394
7,48900	539
7,48967	725
7,49033	962
7,49100	1259
7,49167	1625
7,49233	2073
7,49300	2614
7,49367	3261
7,49433	4027
7,49500	4923
7,49567	5959
7,49633	7149
7,49700	8506
7,49767	10045
7,49833	11781
7,49900	13731
7,49967	15900
7,50033	18286
7,50100	20886
7,50167	23697
7,50233	26723
7,50300	29962
7,50367	33410
7,50433	37077
7,50500	40963
7,50567	45065
7,50633	49376
7,50700	53888
7,50767	58587
7,50833	63454
7,50900	68467
7,50967	73598
7,51033	78810
7,51100	84035
7,51167	89192
7,51233	94225
7,51300	99085
7,51367	103699
7,51433	107985
7,51500	111861
7,51567	115246
7,51633	118078
7,51700	120310
7,51767	121898
7,51833	122811
7,51900	123029
7,51967	122555
7,52033	121419
7,52100	119659
7,52167	117329
7,52233	114490
7,52300	111215
7,52367	107576
7,52433	103649
7,52500	99504
7,52567	95208
7,52633	90821
7,52700	86396
7,52767	81977
7,52833	77603
7,52900	73307
7,52967	69117
7,53033	65053
7,53100	61133
7,53167	57368
7,53233	53766
7,53300	50334
7,53367	47073
7,53433	43984
7,53500	41066
7,53567	38316
7,53633	35730
7,53700	33304
7,53767	31032
7,53833	28908
7,53900	26925
7,53967	25076
7,54033	23355
7,54100	21755
7,54167	20269
7,54233	18891
7,54300	17613
7,54367	16429
7,54433	15333
7,54500	14319
7,54567	13380
7,54633	12512
7,54700	11710
7,54767	10969
7,54833	10284
7,54900	9652
7,54967	9068
7,55033	8529
7,55100	8031
7,55167	7572
7,55233	7149
7,55300	6760
7,55367	6401
7,55433	6070
7,55500	5765
7,55567	5483
7,55633	5224
7,55700	4984
7,55767	4762
7,55833	4557
7,55900	4367
7,55967	4191
7,56033	4028
7,56100	3876
7,56167	3736
7,56233	3605
7,56300	3484
7,56367	3371
7,56433	3266
7,56500	3169
7,56567	3078
7,56633	2993
7,56700	2914
7,56767	2839
7,56833	2768
7,56900	2701
7,56967	2638
7,57033	2578
7,57100	2520
7,57167	2465
7,57233	2413
7,57300	2363
7,57367	2315
7,57433	2270
7,57500	2226
7,57567	2183
7,57633	2143
7,57700	2104
7,57767	2066
7,57833	2031
7,57900	1997
7,57967	1964
7,58033	1932
7,58100	1902
7,58167	1872
7,58233	1844
7,58300	1817
7,58367	1791
7,58433	1766
7,58500	1741
7,58567	1718
7,58633	1695
7,58700	1673
7,58767	1652
7,58833	1631
7,58900	1611
7,58967	1591
7,59033	1572
7,59100	1553
7,59167	1535
7,59233	1518
7,59300	1501
7,59367	1485
7,59433	1468
7,59500	1452
7,59567	1437
7,59633	1422
7,59700	1407
7,59767	1393
7,59833	1379
7,59900	1366
7,59967	1353
7,60033	1341
7,60100	1329
7,60167	1318
7,60233	1308
7,60300	1298
7,60367	1288
7,60433	1279
7,60500	1270
7,60567	1261
7,60633	1253
7,60700	1246
7,60767	1239
7,60833	1233
7,60900	1227
7,60967	1222
7,61033	1216
7,61100	1211
7,61167	1206
7,61233	1201
7,61300	1197
7,61367	1192
7,61433	1188
7,61500	1183
7,61567	1178
7,61633	1173
7,61700	1169
7,61767	1163
7,61833	1158
7,61900	1152
7,61967	1147
7,62033	1141
7,62100	1134
7,62167	1128
7,62233	1122
7,62300	1115
7,62367	1108
7,62433	1101
7,62500	1093
7,62567	1086
7,62633	1078
7,62700	1070
7,62767	1061
7,62833	1053
7,62900	1044
7,62967	1036
7,63033	1028
7,63100	1019
7,63167	1011
7,63233	1003
7,63300	995
7,63367	987
7,63433	979
7,63500	971
7,63567	964
7,63633	956
7,63700	949
7,63767	942
7,63833	934
7,63900	926
7,63967	919
7,64033	911
7,64100	903
7,64167	895
7,64233	887
7,64300	878
7,64367	871
7,64433	863
7,64500	855
7,64567	848
7,64633	840
7,64700	833
7,64767	825
7,64833	818
7,64900	811
7,64967	804
7,65033	797
7,65100	790
7,65167	783
7,65233	777
7,65300	770
7,65367	764
7,65433	758
7,65500	753
7,65567	747
7,65633	741
7,65700	735
7,65767	729
7,65833	723
7,65900	717
7,65967	711
7,66033	705
7,66100	699
7,66167	693
7,66233	687
7,66300	681
7,66367	675
7,66433	670
7,66500	664
7,66567	659
7,66633	654
7,66700	649
7,66767	644
7,66833	638
7,66900	633
7,66967	628
7,67033	623
7,67100	618
7,67167	613
7,67233	607
7,67300	602
7,67367	597
7,67433	592
7,67500	586
7,67567	581
7,67633	576
7,67700	571
7,67767	565
7,67833	560
7,67900	555
7,67967	550
7,68033	546
7,68100	541
7,68167	536
7,68233	532
7,68300	528
7,68367	523
7,68433	519
7,68500	515
7,68567	511
7,68633	507
7,68700	504
7,68767	500
7,68833	496
7,68900	492
7,68967	488
7,69033	484
7,69100	480
7,69167	476
7,69233	472
7,69300	468
7,69367	464
7,69433	460
7,69500	456
7,69567	452
7,69633	447
7,69700	443
7,69767	438
7,69833	434
7,69900	430
7,69967	425
7,70033	421
7,70100	417
7,70167	413
7,70233	409
7,70300	405
7,70367	401
7,70433	397
7,70500	393
7,70567	390
7,70633	386
7,70700	382
7,70767	379
7,70833	376
7,70900	373
7,70967	370
7,71033	367
7,71100	364
7,71167	361
7,71233	359
7,71300	356
7,71367	354
7,71433	351
7,71500	349
7,71567	346
7,71633	344
7,71700	341
7,71767	339
7,71833	337
7,71900	335
7,71967	333
7,72033	331
7,72100	329
7,72167	327
7,72233	326
7,72300	324
7,72367	322
7,72433	320
7,72500	318
7,72567	316
7,72633	314
7,72700	312
7,72767	310
7,72833	308
7,72900	306
7,72967	303
7,73033	301
7,73100	298
7,73167	296
7,73233	293
7,73300	290
7,73367	288
7,73433	285
7,73500	283
7,73567	281
7,73633	279
7,73700	276
7,73767	274
7,73833	271
7,73900	269
7,73967	266
7,74033	264
7,74100	261
7,74167	258
7,74233	256
7,74300	254
7,74367	251
7,74433	249
7,74500	247
7,74567	244
7,74633	242
7,74700	240
7,74767	237
7,74833	235
7,74900	233
7,74967	230
7,75033	228
7,75100	226
7,75167	224
7,75233	222
7,75300	221
7,75367	219
7,75433	217
7,75500	216
7,75567	214
7,75633	212
7,75700	211
7,75767	209
7,75833	207
7,75900	206
7,75967	205
7,76033	203
7,76100	202
7,76167	201
7,76233	200
7,76300	198
7,76367	197
7,76433	196
7,76500	196
7,76567	195
7,76633	194
7,76700	193
7,76767	192
7,76833	191
7,76900	191
7,76967	190
7,77033	189
7,77100	189
7,77167	188
7,77233	188
7,77300	187
7,77367	186
7,77433	185
7,77500	185
7,77567	184
7,77633	183
7,77700	182
7,77767	181
7,77833	180
7,77900	179
7,77967	178
7,78033	177
7,78100	176
7,78167	175
7,78233	174
7,78300	173
7,78367	172
7,78433	171
7,78500	170
7,78567	170
7,78633	169
7,78700	168
7,78767	167
7,78833	167
7,78900	166
7,78967	165
7,79033	165
7,79100	164
7,79167	163
7,79233	162
7,79300	161
7,79367	160
7,79433	159
7,79500	158
7,79567	157
7,79633	156
7,79700	156
7,79767	155
7,79833	154
7,79900	153
7,79967	153
7,80033	152
7,80100	151
7,80167	150
7,80233	149
7,80300	148
7,80367	147
7,80433	147
7,80500	146
7,80567	145
7,80633	144
7,80700	144
7,80767	143
7,80833	142
7,80900	142
7,80967	141
7,81033	141
7,81100	140
7,81167	139
7,81233	138
7,81300	137
7,81367	136
7,81433	135
7,81500	133
7,81567	132
7,81633	130
7,81700	129
7,81767	128
7,81833	127
7,81900	126
7,81967	124
7,82033	123
7,82100	122
7,82167	121
7,82233	120
7,82300	119
7,82367	118
7,82433	117
7,82500	116
7,82567	115
7,82633	114
7,82700	114
7,82767	113
7,82833	112
7,82900	112
7,82967	111
7,83033	111
7,83100	110
7,83167	110
7,83233	109
7,83300	108
7,83367	107
7,83433	107
7,83500	106
7,83567	105
7,83633	105
7,83700	104
7,83767	103
7,83833	103
7,83900	102
7,83967	102
7,84033	101
7,84100	101
7,84167	100
7,84233	99
7,84300	99
7,84367	98
7,84433	98
7,84500	97
7,84567	96
7,84633	96
7,84700	95
7,84767	94
7,84833	93
7,84900	93
7,84967	92
7,85033	91
7,85100	90
7,85167	90
7,85233	89
7,85300	88
7,85367	88
7,85433	87
7,85500	87
7,85567	86
7,85633	86
7,85700	85
7,85767	85
7,85833	84
7,85900	84
7,85967	84
7,86033	83
7,86100	83
7,86167	83
7,86233	82
7,86300	82
7,86367	81
7,86433	81
7,86500	80
7,86567	79
7,86633	79
7,86700	78
7,86767	77
7,86833	76
7,86900	76
7,86967	75
7,87033	74
7,87100	74
7,87167	73
7,87233	72
7,87300	72
7,87367	71
7,87433	70
7,87500	70
7,87567	69
7,87633	69
7,87700	68
7,87767	68
7,87833	68
7,87900	68
7,87967	67
7,88033	67
7,88100	67
7,88167	66
7,88233	66
7,88300	65
7,88367	65
7,88433	65
7,88500	64
7,88567	64
7,88633	64
7,88700	64
7,88767	64
7,88833	63
7,88900	63
7,88967	63
7,89033	63
7,89100	62
7,89167	62
7,89233	62
7,89300	62
7,89367	62
7,89433	61
7,89500	61
7,89567	61
7,89633	61
7,89700	60
7,89767	60
7,89833	59
7,89900	59
7,89967	58
7,90033	58
7,90100	57
7,90167	57
7,90233	56
7,90300	56
7,90367	55
7,90433	54
7,90500	54
7,90567	53
7,90633	53
7,90700	53
7,90767	52
7,90833	52
7,90900	52
7,90967	51
7,91033	51
7,91100	51
7,91167	50
7,91233	50
7,91300	50
7,91367	50
7,91433	50
7,91500	49
7,91567	49
7,91633	49
7,91700	49
7,91767	49
7,91833	49
7,91900	49
7,91967	49
7,92033	48
7,92100	48
7,92167	47
7,92233	47
7,92300	47
7,92367	46
7,92433	46
7,92500	46
7,92567	45
7,92633	45
7,92700	45
7,92767	44
7,92833	44
7,92900	44
7,92967	43
7,93033	43
7,93100	43
7,93167	43
7,93233	42
7,93300	42
7,93367	42
7,93433	42
7,93500	41
7,93567	41
7,93633	41
7,93700	41
7,93767	41
7,93833	41
7,93900	40
7,93967	40
7,94033	40
7,94100	40
7,94167	40
7,94233	40
7,94300	40
7,94367	40
7,94433	40
7,94500	40
7,94567	40
7,94633	40
7,94700	41
7,94767	41
7,94833	41
7,94900	41
7,94967	42
7,95033	42
7,95100	42
7,95167	42
7,95233	42
7,95300	42
7,95367	42
7,95433	42
7,95500	42
7,95567	41
7,95633	41
7,95700	40
7,95767	40
7,95833	39
7,95900	39
7,95967	39
7,96033	38
7,96100	38
7,96167	37
7,96233	36
7,96300	36
7,96367	35
7,96433	35
7,96500	34
7,96567	34
7,96633	34
7,96700	34
7,96767	34
7,96833	33
7,96900	33
7,96967	33
7,97033	32
7,97100	32
7,97167	31
7,97233	31
7,97300	31
7,97367	30
7,97433	30
7,97500	30
7,97567	29
7,97633	29
7,97700	29
7,97767	29
7,97833	30
7,97900	30
7,97967	30
7,98033	30
7,98100	30
7,98167	30
7,98233	31
7,98300	31
7,98367	31
7,98433	31
7,98500	32
7,98567	32
7,98633	32
7,98700	32
7,98767	32
7,98833	32
7,98900	32
7,98967	32
7,99033	32
7,99100	32
7,99167	32
7,99233	32
7,99300	31
7,99367	31
7,99433	30
7,99500	30
7,99567	29
7,99633	29
7,99700	29
7,99767	28
7,99833	28
7,99900	27
7,99967	27
8,00033	27
8,00100	26
8,00167	26
8,00233	26
8,00300	26
8,00367	25
8,00433	25
8,00500	25
8,00567	25
8,00633	25
8,00700	25
8,00767	24
8,00833	24
8,00900	24
8,00967	24
8,01033	25
8,01100	25
8,01167	25
8,01233	25
8,01300	25
8,01367	24
8,01433	24
8,01500	24
8,01567	24
8,01633	24
8,01700	24
8,01767	24
8,01833	23
8,01900	23
8,01967	23
8,02033	23
8,02100	23
8,02167	23
8,02233	23
8,02300	23
8,02367	23
8,02433	23
8,02500	22
8,02567	22
8,02633	22
8,02700	21
8,02767	21
8,02833	21
8,02900	21
8,02967	21
8,03033	21
8,03100	21
8,03167	20
8,03233	20
8,03300	20
8,03367	20
8,03433	20
8,03500	20
8,03567	20
8,03633	20
8,03700	20
8,03767	20
8,03833	20
8,03900	19
8,03967	19
8,04033	19
8,04100	19
8,04167	20
8,04233	20
8,04300	20
8,04367	20
8,04433	20
8,04500	20
8,04567	20
8,04633	20
8,04700	20
8,04767	20
8,04833	19
8,04900	19
8,04967	19
8,05033	19
8,05100	19
8,05167	19
8,05233	19
8,05300	19
8,05367	19
8,05433	19
8,05500	19
8,05567	19
8,05633	19
8,05700	18
8,05767	18
8,05833	18
8,05900	18
8,05967	17
8,06033	17
8,06100	17
8,06167	17
8,06233	17
8,06300	17
8,06367	17
8,06433	17
8,06500	17
8,06567	16
8,06633	16
8,06700	16
8,06767	16
8,06833	15
8,06900	15
8,06967	15
8,07033	14
8,07100	14
8,07167	14
8,07233	13
8,07300	13
8,07367	13
8,07433	13
8,07500	13
8,07567	13
8,07633	12
8,07700	12
8,07767	12
8,07833	12
8,07900	12
8,07967	12
8,08033	12
8,08100	13
8,08167	13
8,08233	13
8,08300	14
8,08367	14
8,08433	14
8,08500	14
8,08567	14
8,08633	13
8,08700	13
8,08767	13
8,08833	13
8,08900	13
8,08967	12
8,09033	12
8,09100	12
8,09167	12
8,09233	12
8,09300	12
8,09367	12
8,09433	12
8,09500	12
8,09567	12
8,09633	12
8,09700	12
8,09767	12
8,09833	12
8,09900	12
8,09967	12
8,10033	12
8,10100	11
8,10167	11
8,10233	11
8,10300	11
8,10367	10
8,10433	10
8,10500	10
8,10567	10
8,10633	10
8,10700	10
8,10767	10
8,10833	9
8,10900	9
8,10967	9
8,11033	9
8,11100	9
8,11167	9
8,11233	10
8,11300	10
8,11367	10
8,11433	10
8,11500	10
8,11567	10
8,11633	10
8,11700	10
8,11767	10
8,11833	10
8,11900	11
8,11967	11
8,12033	11
8,12100	11
8,12167	11
8,12233	11
8,12300	11
8,12367	11
8,12433	11
8,12500	11
8,12567	11
8,12633	12
8,12700	12
8,12767	12
8,12833	12
8,12900	12
8,12967	12
8,13033	12
8,13100	12
8,13167	12
8,13233	11
8,13300	11
8,13367	11
8,13433	11
8,13500	11
8,13567	11
8,13633	10
8,13700	10
8,13767	10
8,13833	10
8,13900	10
8,13967	10
8,14033	10
8,14100	9
8,14167	9
8,14233	9
8,14300	9
8,14367	9
8,14433	9
8,14500	9
8,14567	9
8,14633	9
8,14700	9
8,14767	9
8,14833	9
8,14900	9
8,14967	9
8,15033	9
8,15100	9
8,15167	9
8,15233	9
8,15300	8
8,15367	8
8,15433	8
8,15500	8
8,15567	7
8,15633	7
8,15700	7
8,15767	7
8,15833	8
8,15900	8
8,15967	8
8,16033	8
8,16100	8
8,16167	9
8,16233	9
8,16300	9
8,16367	9
8,16433	8
8,16500	8
8,16567	8
8,16633	8
8,16700	8
8,16767	8
8,16833	8
8,16900	8
8,16967	8
8,17033	8
8,17100	8
8,17167	8
8,17233	8
8,17300	8
8,17367	7
8,17433	7
8,17500	7
8,17567	6
8,17633	6
8,17700	6
8,17767	6
8,17833	5
8,17900	5
8,17967	5
8,18033	5
8,18100	5
8,18167	5
8,18233	5
8,18300	5
8,18367	5
8,18433	5
8,18500	5
8,18567	6
8,18633	6
8,18700	6
8,18767	6
8,18833	6
8,18900	6
8,18967	6
8,19033	6
8,19100	6
8,19167	5
8,19233	5
8,19300	5
8,19367	5
8,19433	5
8,19500	5
8,19567	5
8,19633	4
8,19700	4
8,19767	4
8,19833	4
8,19900	4
8,19967	4
8,20033	4
8,20100	4
8,20167	4
8,20233	4
8,20300	4
8,20367	4
8,20433	4
8,20500	4
8,20567	4
8,20633	4
8,20700	4
8,20767	4
8,20833	3
8,20900	3
8,20967	3
8,21033	3
8,21100	4
8,21167	4
8,21233	4
8,21300	4
8,21367	4
8,21433	4
8,21500	4
8,21567	4
8,21633	4
8,21700	4
8,21767	4
8,21833	4
8,21900	4
8,21967	4
8,22033	4
8,22100	4
8,22167	4
8,22233	4
8,22300	4
8,22367	4
8,22433	4
8,22500	4
8,22567	4
8,22633	4
8,22700	4
8,22767	4
8,22833	3
8,22900	3
8,22967	3
8,23033	3
8,23100	3
8,23167	3
8,23233	2
8,23300	2
8,23367	2
8,23433	2
8,23500	2
8,23567	2
8,23633	1
8,23700	1
8,23767	1
8,23833	1
8,23900	1
8,23967	0
8,24033	0
8,24100	-0
8,24167	-0
8,24233	-1
8,24300	-1
8,24367	-1
8,24433	-1
8,24500	-1
8,24567	-1
8,24633	-1
8,24700	-1
8,24767	-1
8,24833	-1
8,24900	-1
8,24967	-1
8,25033	-1
8,25100	-1
8,25167	-1
8,25233	-1
8,25300	-1
8,25367	-1
8,25433	-1
8,25500	-1
8,25567	-1
8,25633	-1
8,25700	-0
8,25767	-0
8,25833	-0
8,25900	-1
8,25967	-1
8,26033	-1
8,26100	-1
8,26167	-1
8,26233	-0
8,26300	-0
8,26367	0
8,26433	0
8,26500	1
8,26567	1
8,26633	1
8,26700	1
8,26767	1
8,26833	1
8,26900	1
8,26967	1
8,27033	1
8,27100	1
8,27167	1
8,27233	1
8,27300	1
8,27367	0
8,27433	0
8,27500	0
8,27567	-0
8,27633	-0
8,27700	-1
8,27767	-0
8,27833	-0
8,27900	-0
8,27967	0
8,28033	0
8,28100	0
8,28167	0
8,28233	-0
8,28300	-0
8,28367	-0
8,28433	-0
8,28500	-0
8,28567	-0
8,28633	-1
8,28700	-1
8,28767	-1
8,28833	-1
8,28900	-1
8,28967	-1
8,29033	-1
8,29100	-1
8,29167	-1
8,29233	-1
8,29300	-1
8,29367	-1
8,29433	-1
8,29500	-1
8,29567	-1
8,29633	-0
8,29700	-0
8,29767	0
8,29833	0
8,29900	1
8,29967	1
8,30033	2
8,30100	2
8,30167	3
8,30233	3
8,30300	4
8,30367	4
8,30433	4
8,30500	5
8,30567	5
8,30633	6
8,30700	6
8,30767	7
8,30833	7
8,30900	7
8,30967	8
8,31033	8
8,31100	8
8,31167	8
8,31233	8
8,31300	8
8,31367	8
8,31433	9
8,31500	9
8,31567	9
8,31633	9
8,31700	9
8,31767	9
8,31833	9
8,31900	9
8,31967	10
8,32033	10
8,32100	10
8,32167	10
8,32233	10
8,32300	10
8,32367	10
8,32433	10
8,32500	10
8,32567	10
8,32633	10
8,32700	9
8,32767	9
8,32833	9
8,32900	9
8,32967	9
8,33033	9
8,33100	9
8,33167	9
8,33233	10
8,33300	10
8,33367	10
8,33433	10
8,33500	10
8,33567	10
8,33633	10
8,33700	10
8,33767	10
8,33833	10
8,33900	11
8,33967	11
8,34033	11
8,34100	11
8,34167	11
8,34233	11
8,34300	12
8,34367	12
8,34433	12
8,34500	11
8,34567	11
8,34633	11
8,34700	11
8,34767	11
8,34833	11
8,34900	11
8,34967	11
8,35033	11
8,35100	11
8,35167	10
8,35233	10
8,35300	10
8,35367	10
8,35433	10
8,35500	10
8,35567	10
8,35633	10
8,35700	9
8,35767	9
8,35833	9
8,35900	8
8,35967	8
8,36033	8
8,36100	7
8,36167	7
8,36233	7
8,36300	6
8,36367	6
8,36433	6
8,36500	6
8,36567	5
8,36633	5
8,36700	5
8,36767	5
8,36833	4
8,36900	4
8,36967	4
8,37033	4
8,37100	4
8,37167	4
8,37233	4
8,37300	3
8,37367	3
8,37433	2
8,37500	2
8,37567	1
8,37633	0
8,37700	0
8,37767	-1
8,37833	-1
8,37900	-1
8,37967	-2
8,38033	-2
8,38100	-2
8,38167	-2
8,38233	-2
8,38300	-2
8,38367	-2
8,38433	-2
8,38500	-2
8,38567	-2
8,38633	-2
8,38700	-2
8,38767	-2
8,38833	-2
8,38900	-3
8,38967	-3
8,39033	-3
8,39100	-3
8,39167	-3
8,39233	-2
8,39300	-2
8,39367	-2
8,39433	-1
8,39500	-1
8,39567	-1
8,39633	-1
8,39700	-1
8,39767	-0
8,39833	-0
8,39900	-0
8,39967	-0
8,40033	-0
8,40100	-0
8,40167	0
8,40233	0
8,40300	0
8,40367	0
8,40433	0
8,40500	0
8,40567	-0
8,40633	-0
8,40700	-0
8,40767	-0
8,40833	-0
8,40900	-1
8,40967	-1
8,41033	-1
8,41100	-1
8,41167	-1
8,41233	-1
8,41300	-1
8,41367	-2
8,41433	-2
8,41500	-2
8,41567	-2
8,41633	-2
8,41700	-2
8,41767	-2
8,41833	-2
8,41900	-2
8,41967	-2
8,42033	-2
8,42100	-2
8,42167	-2
8,42233	-2
8,42300	-2
8,42367	-2
8,42433	-3
8,42500	-3
8,42567	-3
8,42633	-4
8,42700	-4
8,42767	-4
8,42833	-5
8,42900	-5
8,42967	-6
8,43033	-6
8,43100	-6
8,43167	-6
8,43233	-6
8,43300	-6
8,43367	-6
8,43433	-7
8,43500	-6
8,43567	-6
8,43633	-6
8,43700	-6
8,43767	-6
8,43833	-6
8,43900	-7
8,43967	-7
8,44033	-7
8,44100	-7
8,44167	-7
8,44233	-7
8,44300	-7
8,44367	-7
8,44433	-7
8,44500	-7
8,44567	-7
8,44633	-7
8,44700	-7
8,44767	-7
8,44833	-7
8,44900	-6
8,44967	-6
8,45033	-6
8,45100	-6
8,45167	-6
8,45233	-5
8,45300	-5
8,45367	-5
8,45433	-5
8,45500	-5
8,45567	-5
8,45633	-5
8,45700	-5
8,45767	-5
8,45833	-4
8,45900	-4
8,45967	-4
8,46033	-4
8,46100	-4
8,46167	-5
8,46233	-5
8,46300	-5
8,46367	-5
8,46433	-5
8,46500	-5
8,46567	-5
8,46633	-5
8,46700	-5
8,46767	-5
8,46833	-5
8,46900	-5
8,46967	-5
8,47033	-5
8,47100	-5
8,47167	-5
8,47233	-4
8,47300	-4
8,47367	-4
8,47433	-4
8,47500	-4
8,47567	-4
8,47633	-4
8,47700	-4
8,47767	-4
8,47833	-4
8,47900	-4
8,47967	-4
8,48033	-4
8,48100	-4
8,48167	-4
8,48233	-4
8,48300	-4
8,48367	-4
8,48433	-4
8,48500	-4
8,48567	-4
8,48633	-4
8,48700	-4
8,48767	-4
8,48833	-4
8,48900	-4
8,48967	-4
8,49033	-4
8,49100	-4
8,49167	-4
8,49233	-4
8,49300	-4
8,49367	-4
8,49433	-4
8,49500	-4
8,49567	-4
8,49633	-5
8,49700	-5
8,49767	-5
8,49833	-5
8,49900	-5
8,49967	-5
8,50033	-5
8,50100	-5
8,50167	-5
8,50233	-5
8,50300	-5
8,50367	-5
8,50433	-5
8,50500	-5
8,50567	-6
8,50633	-6
8,50700	-7
8,50767	-7
8,50833	-7
8,50900	-8
8,50967	-8
8,51033	-8
8,51100	-8
8,51167	-7
8,51233	-7
8,51300	-7
8,51367	-7
8,51433	-8
8,51500	-8
8,51567	-8
8,51633	-8
8,51700	-8
8,51767	-8
8,51833	-7
8,51900	-7
8,51967	-7
8,52033	-7
8,52100	-7
8,52167	-7
8,52233	-7
8,52300	-6
8,52367	-6
8,52433	-6
8,52500	-6
8,52567	-6
8,52633	-6
8,52700	-6
8,52767	-7
8,52833	-7
8,52900	-7
8,52967	-7
8,53033	-7
8,53100	-7
8,53167	-6
8,53233	-6
8,53300	-6
8,53367	-6
8,53433	-6
8,53500	-6
8,53567	-7
8,53633	-7
8,53700	-7
8,53767	-7
8,53833	-7
8,53900	-7
8,53967	-7
8,54033	-8
8,54100	-8
8,54167	-8
8,54233	-8
8,54300	-7
8,54367	-7
8,54433	-7
8,54500	-6
8,54567	-6
8,54633	-6
8,54700	-6
8,54767	-6
8,54833	-5
8,54900	-5
8,54967	-5
8,55033	-5
8,55100	-5
8,55167	-5
8,55233	-5
8,55300	-5
8,55367	-5
8,55433	-5
8,55500	-5
8,55567	-4
8,55633	-4
8,55700	-4
8,55767	-4
8,55833	-4
8,55900	-4
8,55967	-4
8,56033	-4
8,56100	-4
8,56167	-4
8,56233	-4
8,56300	-4
8,56367	-4
8,56433	-4
8,56500	-4
8,56567	-4
8,56633	-4
8,56700	-4
8,56767	-4
8,56833	-4
8,56900	-4
8,56967	-4
8,57033	-4
8,57100	-4
8,57167	-5
8,57233	-5
8,57300	-5
8,57367	-5
8,57433	-5
8,57500	-5
8,57567	-5
8,57633	-5
8,57700	-5
8,57767	-5
8,57833	-5
8,57900	-5
8,57967	-5
8,58033	-4
8,58100	-4
8,58167	-4
8,58233	-4
8,58300	-4
8,58367	-4
8,58433	-4
8,58500	-4
8,58567	-4
8,58633	-4
8,58700	-4
8,58767	-4
8,58833	-4
8,58900	-4
8,58967	-4
8,59033	-5
8,59100	-5
8,59167	-5
8,59233	-5
8,59300	-5
8,59367	-5
8,59433	-5
8,59500	-5
8,59567	-5
8,59633	-6
8,59700	-6
8,59767	-6
8,59833	-6
8,59900	-7
8,59967	-7
8,60033	-7
8,60100	-7
8,60167	-7
8,60233	-7
8,60300	-7
8,60367	-7
8,60433	-7
8,60500	-7
8,60567	-7
8,60633	-7
8,60700	-6
8,60767	-6
8,60833	-6
8,60900	-5
8,60967	-5
8,61033	-5
8,61100	-5
8,61167	-6
8,61233	-6
8,61300	-6
8,61367	-6
8,61433	-6
8,61500	-7
8,61567	-7
8,61633	-7
8,61700	-7
8,61767	-7
8,61833	-7
8,61900	-7
8,61967	-8
8,62033	-8
8,62100	-8
8,62167	-8
8,62233	-8
8,62300	-8
8,62367	-8
8,62433	-8
8,62500	-7
8,62567	-7
8,62633	-7
8,62700	-7
8,62767	-7
8,62833	-6
8,62900	-6
8,62967	-6
8,63033	-6
8,63100	-5
8,63167	-5
8,63233	-5
8,63300	-5
8,63367	-5
8,63433	-5
8,63500	-5
8,63567	-5
8,63633	-5
8,63700	-5
8,63767	-5
8,63833	-4
8,63900	-4
8,63967	-4
8,64033	-4
8,64100	-4
8,64167	-3
8,64233	-3
8,64300	-3
8,64367	-3
8,64433	-3
8,64500	-3
8,64567	-3
8,64633	-3
8,64700	-3
8,64767	-3
8,64833	-3
8,64900	-3
8,64967	-3
8,65033	-3
8,65100	-3
8,65167	-3
8,65233	-3
8,65300	-3
8,65367	-3
8,65433	-3
8,65500	-3
8,65567	-3
8,65633	-3
8,65700	-3
8,65767	-3
8,65833	-3
8,65900	-3
8,65967	-3
8,66033	-3
8,66100	-3
8,66167	-3
8,66233	-3
8,66300	-3
8,66367	-3
8,66433	-3
8,66500	-3
8,66567	-3
8,66633	-3
8,66700	-3
8,66767	-4
8,66833	-4
8,66900	-4
8,66967	-4
8,67033	-4
8,67100	-4
8,67167	-4
8,67233	-4
8,67300	-4
8,67367	-4
8,67433	-4
8,67500	-4
8,67567	-4
8,67633	-4
8,67700	-4
8,67767	-4
8,67833	-4
8,67900	-4
8,67967	-4
8,68033	-4
8,68100	-3
8,68167	-3
8,68233	-3
8,68300	-3
8,68367	-3
8,68433	-3
8,68500	-3
8,68567	-3
8,68633	-3
8,68700	-3
8,68767	-4
8,68833	-4
8,68900	-4
8,68967	-4
8,69033	-4
8,69100	-4
8,69167	-4
8,69233	-4
8,69300	-4
8,69367	-4
8,69433	-4
8,69500	-4
8,69567	-5
8,69633	-5
8,69700	-5
8,69767	-6
8,69833	-6
8,69900	-6
8,69967	-6
8,70033	-6
8,70100	-6
8,70167	-6
8,70233	-7
8,70300	-7
8,70367	-7
8,70433	-7
8,70500	-7
8,70567	-7
8,70633	-7
8,70700	-7
8,70767	-7
8,70833	-7
8,70900	-7
8,70967	-7
8,71033	-7
8,71100	-7
8,71167	-7
8,71233	-7
8,71300	-7
8,71367	-7
8,71433	-6
8,71500	-6
8,71567	-6
8,71633	-5
8,71700	-5
8,71767	-5
8,71833	-5
8,71900	-6
8,71967	-6
8,72033	-6
8,72100	-5
8,72167	-5
8,72233	-5
8,72300	-5
8,72367	-5
8,72433	-5
8,72500	-5
8,72567	-6
8,72633	-6
8,72700	-6
8,72767	-6
8,72833	-6
8,72900	-6
8,72967	-7
8,73033	-7
8,73100	-7
8,73167	-7
8,73233	-7
8,73300	-7
8,73367	-8
8,73433	-8
8,73500	-8
8,73567	-8
8,73633	-7
8,73700	-7
8,73767	-7
8,73833	-7
8,73900	-8
8,73967	-8
8,74033	-8
8,74100	-8
8,74167	-8
8,74233	-8
8,74300	-8
8,74367	-8
8,74433	-8
8,74500	-8
8,74567	-8
8,74633	-8
8,74700	-8
8,74767	-8
8,74833	-8
8,74900	-8
8,74967	-8
8,75033	-8
8,75100	-8
8,75167	-8
8,75233	-8
8,75300	-8
8,75367	-8
8,75433	-8
8,75500	-8
8,75567	-8
8,75633	-7
8,75700	-7
8,75767	-7
8,75833	-6
8,75900	-6
8,75967	-6
8,76033	-6
8,76100	-6
8,76167	-6
8,76233	-6
8,76300	-6
8,76367	-6
8,76433	-7
8,76500	-7
8,76567	-7
8,76633	-7
8,76700	-7
8,76767	-7
8,76833	-7
8,76900	-7
8,76967	-7
8,77033	-7
8,77100	-7
8,77167	-7
8,77233	-7
8,77300	-7
8,77367	-7
8,77433	-7
8,77500	-7
8,77567	-6
8,77633	-6
8,77700	-6
8,77767	-6
8,77833	-6
8,77900	-6
8,77967	-6
8,78033	-6
8,78100	-6
8,78167	-6
8,78233	-6
8,78300	-7
8,78367	-7
8,78433	-7
8,78500	-8
8,78567	-8
8,78633	-8
8,78700	-8
8,78767	-9
8,78833	-9
8,78900	-9
8,78967	-9
8,79033	-9
8,79100	-9
8,79167	-9
8,79233	-9
8,79300	-9
8,79367	-9
8,79433	-9
8,79500	-9
8,79567	-9
8,79633	-9
8,79700	-9
8,79767	-9
8,79833	-9
8,79900	-9
8,79967	-9
8,80033	-9
8,80100	-9
8,80167	-9
8,80233	-9
8,80300	-9
8,80367	-9
8,80433	-9
8,80500	-9
8,80567	-10
8,80633	-10
8,80700	-10
8,80767	-10
8,80833	-10
8,80900	-10
8,80967	-9
8,81033	-9
8,81100	-9
8,81167	-9
8,81233	-9
8,81300	-9
8,81367	-9
8,81433	-9
8,81500	-9
8,81567	-9
8,81633	-9
8,81700	-9
8,81767	-10
8,81833	-10
8,81900	-10
8,81967	-10
8,82033	-11
8,82100	-11
8,82167	-11
8,82233	-11
8,82300	-11
8,82367	-11
8,82433	-11
8,82500	-11
8,82567	-10
8,82633	-10
8,82700	-10
8,82767	-10
8,82833	-10
8,82900	-10
8,82967	-10
8,83033	-10
8,83100	-10
8,83167	-10
8,83233	-11
8,83300	-11
8,83367	-11
8,83433	-11
8,83500	-11
8,83567	-11
8,83633	-11
8,83700	-11
8,83767	-11
8,83833	-11
8,83900	-11
8,83967	-11
8,84033	-10
8,84100	-10
8,84167	-9
8,84233	-9
8,84300	-9
8,84367	-8
8,84433	-8
8,84500	-8
8,84567	-8
8,84633	-8
8,84700	-8
8,84767	-8
8,84833	-8
8,84900	-8
8,84967	-8
8,85033	-8
8,85100	-8
8,85167	-8
8,85233	-8
8,85300	-9
8,85367	-9
8,85433	-9
8,85500	-9
8,85567	-9
8,85633	-9
8,85700	-9
8,85767	-10
8,85833	-10
8,85900	-10
8,85967	-10
8,86033	-10
8,86100	-10
8,86167	-10
8,86233	-10
8,86300	-10
8,86367	-9
8,86433	-9
8,86500	-9
8,86567	-9
8,86633	-9
8,86700	-9
8,86767	-9
8,86833	-10
8,86900	-10
8,86967	-10
8,87033	-10
8,87100	-10
8,87167	-10
8,87233	-10
8,87300	-10
8,87367	-9
8,87433	-9
8,87500	-9
8,87567	-9
8,87633	-9
8,87700	-9
8,87767	-9
8,87833	-9
8,87900	-9
8,87967	-9
8,88033	-9
8,88100	-9
8,88167	-8
8,88233	-8
8,88300	-8
8,88367	-8
8,88433	-8
8,88500	-7
8,88567	-7
8,88633	-7
8,88700	-7
8,88767	-6
8,88833	-6
8,88900	-6
8,88967	-6
8,89033	-6
8,89100	-6
8,89167	-6
8,89233	-6
8,89300	-5
8,89367	-5
8,89433	-5
8,89500	-5
8,89567	-5
8,89633	-5
8,89700	-5
8,89767	-5
8,89833	-5
8,89900	-5
8,89967	-5
8,90033	-5
8,90100	-6
8,90167	-6
8,90233	-6
8,90300	-6
8,90367	-6
8,90433	-6
8,90500	-6
8,90567	-6
8,90633	-7
8,90700	-7
8,90767	-7
8,90833	-7
8,90900	-8
8,90967	-8
8,91033	-8
8,91100	-9
8,91167	-9
8,91233	-9
8,91300	-9
8,91367	-9
8,91433	-9
8,91500	-9
8,91567	-9
8,91633	-9
8,91700	-9
8,91767	-9
8,91833	-9
8,91900	-9
8,91967	-9
8,92033	-9
8,92100	-9
8,92167	-10
8,92233	-10
8,92300	-10
8,92367	-10
8,92433	-10
8,92500	-10
8,92567	-10
8,92633	-10
8,92700	-10
8,92767	-10
8,92833	-9
8,92900	-9
8,92967	-9
8,93033	-9
8,93100	-9
8,93167	-9
8,93233	-9
8,93300	-9
8,93367	-9
8,93433	-9
8,93500	-9
8,93567	-9
8,93633	-9
8,93700	-9
8,93767	-9
8,93833	-8
8,93900	-8
8,93967	-8
8,94033	-8
8,94100	-8
8,94167	-8
8,94233	-8
8,94300	-8
8,94367	-8
8,94433	-8
8,94500	-8
8,94567	-8
8,94633	-8
8,94700	-8
8,94767	-8
8,94833	-8
8,94900	-7
8,94967	-7
8,95033	-7
8,95100	-6
8,95167	-6
8,95233	-6
8,95300	-6
8,95367	-5
8,95433	-5
8,95500	-5
8,95567	-5
8,95633	-5
8,95700	-5
8,95767	-5
8,95833	-5
8,95900	-5
8,95967	-4
8,96033	-4
8,96100	-4
8,96167	-4
8,96233	-4
8,96300	-4
8,96367	-4
8,96433	-4
8,96500	-4
8,96567	-4
8,96633	-4
8,96700	-4
8,96767	-4
8,96833	-4
8,96900	-4
8,96967	-4
8,97033	-4
8,97100	-4
8,97167	-4
8,97233	-4
8,97300	-4
8,97367	-5
8,97433	-5
8,97500	-5
8,97567	-5
8,97633	-6
8,97700	-6
8,97767	-6
8,97833	-6
8,97900	-6
8,97967	-6
8,98033	-6
8,98100	-6
8,98167	-5
8,98233	-5
8,98300	-5
8,98367	-5
8,98433	-5
8,98500	-5
8,98567	-5
8,98633	-6
8,98700	-6
8,98767	-6
8,98833	-6
8,98900	-6
8,98967	-6
8,99033	-6
8,99100	-7
8,99167	-7
8,99233	-7
8,99300	-7
8,99367	-7
8,99433	-7
8,99500	-7
8,99567	-7
8,99633	-7
8,99700	-7
8,99767	-6
8,99833	-6
8,99900	-6
8,99967	-6
9,00033	-6
9,00100	-6
9,00167	-6
9,00233	-6
9,00300	-6
9,00367	-6
9,00433	-6
9,00500	-6
9,00567	-6
9,00633	-6
9,00700	-6
9,00767	-6
9,00833	-6
9,00900	-6
9,00967	-6
9,01033	-6
9,01100	-6
9,01167	-6
9,01233	-6
9,01300	-6
9,01367	-6
9,01433	-6
9,01500	-6
9,01567	-6
9,01633	-6
9,01700	-6
9,01767	-6
9,01833	-6
9,01900	-6
9,01967	-6
9,02033	-5
9,02100	-5
9,02167	-5
9,02233	-5
9,02300	-5
9,02367	-5
9,02433	-5
9,02500	-5
9,02567	-5
9,02633	-5
9,02700	-5
9,02767	-6
9,02833	-6
9,02900	-6
9,02967	-6
9,03033	-6
9,03100	-6
9,03167	-6
9,03233	-6
9,03300	-6
9,03367	-7
9,03433	-7
9,03500	-7
9,03567	-7
9,03633	-7
9,03700	-7
9,03767	-7
9,03833	-7
9,03900	-7
9,03967	-7
9,04033	-7
9,04100	-7
9,04167	-7
9,04233	-7
9,04300	-7
9,04367	-7
9,04433	-7
9,04500	-6
9,04567	-6
9,04633	-6
9,04700	-6
9,04767	-6
9,04833	-6
9,04900	-6
9,04967	-6
9,05033	-6
9,05100	-5
9,05167	-5
9,05233	-5
9,05300	-5
9,05367	-5
9,05433	-5
9,05500	-5
9,05567	-5
9,05633	-5
9,05700	-5
9,05767	-5
9,05833	-5
9,05900	-6
9,05967	-6
9,06033	-6
9,06100	-7
9,06167	-7
9,06233	-7
9,06300	-7
9,06367	-7
9,06433	-7
9,06500	-7
9,06567	-7
9,06633	-7
9,06700	-6
9,06767	-6
9,06833	-6
9,06900	-6
9,06967	-5
9,07033	-5
9,07100	-5
9,07167	-5
9,07233	-5
9,07300	-5
9,07367	-5
9,07433	-4
9,07500	-4
9,07567	-4
9,07633	-3
9,07700	-3
9,07767	-3
9,07833	-3
9,07900	-3
9,07967	-3
9,08033	-3
9,08100	-3
9,08167	-3
9,08233	-3
9,08300	-3
9,08367	-3
9,08433	-3
9,08500	-3
9,08567	-3
9,08633	-3
9,08700	-3
9,08767	-3
9,08833	-3
9,08900	-3
9,08967	-3
9,09033	-3
9,09100	-3
9,09167	-4
9,09233	-4
9,09300	-4
9,09367	-4
9,09433	-4
9,09500	-4
9,09567	-4
9,09633	-4
9,09700	-4
9,09767	-4
9,09833	-4
9,09900	-4
9,09967	-4
9,10033	-4
9,10100	-4
9,10167	-4
9,10233	-4
9,10300	-4
9,10367	-4
9,10433	-4
9,10500	-4
9,10567	-4
9,10633	-4
9,10700	-4
9,10767	-3
9,10833	-3
9,10900	-3
9,10967	-3
9,11033	-3
9,11100	-3
9,11167	-3
9,11233	-3
9,11300	-3
9,11367	-3
9,11433	-3
9,11500	-3
9,11567	-3
9,11633	-3
9,11700	-3
9,11767	-3
9,11833	-3
9,11900	-3
9,11967	-3
9,12033	-3
9,12100	-3
9,12167	-3
9,12233	-3
9,12300	-3
9,12367	-3
9,12433	-3
9,12500	-3
9,12567	-3
9,12633	-3
9,12700	-3
9,12767	-3
9,12833	-4
9,12900	-4
9,12967	-4
9,13033	-4
9,13100	-4
9,13167	-4
9,13233	-4
9,13300	-5
9,13367	-5
9,13433	-5
9,13500	-6
9,13567	-6
9,13633	-6
9,13700	-6
9,13767	-6
9,13833	-6
9,13900	-6
9,13967	-6
9,14033	-6
9,14100	-6
9,14167	-6
9,14233	-6
9,14300	-6
9,14367	-6
9,14433	-6
9,14500	-6
9,14567	-7
9,14633	-7
9,14700	-7
9,14767	-7
9,14833	-7
9,14900	-7
9,14967	-7
9,15033	-7
9,15100	-6
9,15167	-6
9,15233	-6
9,15300	-6
9,15367	-6
9,15433	-5
9,15500	-5
9,15567	-5
9,15633	-5
9,15700	-4
9,15767	-4
9,15833	-4
9,15900	-4
9,15967	-4
9,16033	-4
9,16100	-3
9,16167	-3
9,16233	-3
9,16300	-4
9,16367	-4
9,16433	-4
9,16500	-4
9,16567	-4
9,16633	-4
9,16700	-4
9,16767	-4
9,16833	-4
9,16900	-4
9,16967	-4
9,17033	-4
9,17100	-4
9,17167	-4
9,17233	-4
9,17300	-4
9,17367	-4
9,17433	-4
9,17500	-4
9,17567	-4
9,17633	-4
9,17700	-4
9,17767	-4
9,17833	-4
9,17900	-4
9,17967	-3
9,18033	-3
9,18100	-3
9,18167	-3
9,18233	-3
9,18300	-3
9,18367	-3
9,18433	-3
9,18500	-3
9,18567	-3
9,18633	-3
9,18700	-3
9,18767	-4
9,18833	-4
9,18900	-4
9,18967	-4
9,19033	-4
9,19100	-4
9,19167	-4
9,19233	-3
9,19300	-3
9,19367	-3
9,19433	-3
9,19500	-3
9,19567	-3
9,19633	-3
9,19700	-3
9,19767	-3
9,19833	-3
9,19900	-3
9,19967	-3
9,20033	-3
9,20100	-3
9,20167	-3
9,20233	-3
9,20300	-3
9,20367	-3
9,20433	-4
9,20500	-4
9,20567	-4
9,20633	-4
9,20700	-4
9,20767	-4
9,20833	-4
9,20900	-5
9,20967	-5
9,21033	-5
9,21100	-5
9,21167	-5
9,21233	-5
9,21300	-5
9,21367	-5
9,21433	-5
9,21500	-5
9,21567	-5
9,21633	-5
9,21700	-5
9,21767	-5
9,21833	-5
9,21900	-4
9,21967	-4
9,22033	-4
9,22100	-5
9,22167	-5
9,22233	-5
9,22300	-5
9,22367	-5
9,22433	-5
9,22500	-5
9,22567	-5
9,22633	-5
9,22700	-5
9,22767	-5
9,22833	-5
9,22900	-5
9,22967	-5
9,23033	-5
9,23100	-4
9,23167	-4
9,23233	-4
9,23300	-4
9,23367	-3
9,23433	-3
9,23500	-3
9,23567	-3
9,23633	-2
9,23700	-2
9,23767	-2
9,23833	-2
9,23900	-2
9,23967	-2
9,24033	-1
9,24100	-1
9,24167	-1
9,24233	-1
9,24300	-1
9,24367	-1
9,24433	-1
9,24500	-1
9,24567	-1
9,24633	-1
9,24700	-1
9,24767	-1
9,24833	-1
9,24900	-1
9,24967	-1
9,25033	-1
9,25100	-1
9,25167	-1
9,25233	-1
9,25300	-1
9,25367	-1
9,25433	-1
9,25500	-1
9,25567	-1
9,25633	-1
9,25700	-1
9,25767	-1
9,25833	-1
9,25900	-1
9,25967	-2
9,26033	-2
9,26100	-2
9,26167	-3
9,26233	-3
9,26300	-3
9,26367	-3
9,26433	-3
9,26500	-4
9,26567	-4
9,26633	-4
9,26700	-4
9,26767	-4
9,26833	-4
9,26900	-3
9,26967	-3
9,27033	-3
9,27100	-3
9,27167	-3
9,27233	-4
9,27300	-4
9,27367	-4
9,27433	-4
9,27500	-4
9,27567	-4
9,27633	-5
9,27700	-5
9,27767	-5
9,27833	-5
9,27900	-4
9,27967	-4
9,28033	-4
9,28100	-4
9,28167	-4
9,28233	-4
9,28300	-5
9,28367	-5
9,28433	-5
9,28500	-5
9,28567	-6
9,28633	-6
9,28700	-6
9,28767	-6
9,28833	-6
9,28900	-6
9,28967	-7
9,29033	-7
9,29100	-7
9,29167	-7
9,29233	-7
9,29300	-8
9,29367	-8
9,29433	-8
9,29500	-9
9,29567	-9
9,29633	-9
9,29700	-9
9,29767	-9
9,29833	-9
9,29900	-9
9,29967	-9
9,30033	-9
9,30100	-8
9,30167	-8
9,30233	-8
9,30300	-8
9,30367	-8
9,30433	-8
9,30500	-8
9,30567	-8
9,30633	-7
9,30700	-7
9,30767	-7
9,30833	-7
9,30900	-7
9,30967	-6
9,31033	-6
9,31100	-6
9,31167	-6
9,31233	-5
9,31300	-5
9,31367	-5
9,31433	-5
9,31500	-5
9,31567	-5
9,31633	-5
9,31700	-6
9,31767	-5
9,31833	-5
9,31900	-5
9,31967	-5
9,32033	-5
9,32100	-5
9,32167	-5
9,32233	-6
9,32300	-6
9,32367	-6
9,32433	-7
9,32500	-7
9,32567	-7
9,32633	-7
9,32700	-7
9,32767	-7
9,32833	-7
9,32900	-6
9,32967	-6
9,33033	-6
9,33100	-6
9,33167	-6
9,33233	-6
9,33300	-6
9,33367	-6
9,33433	-6
9,33500	-6
9,33567	-6
9,33633	-6
9,33700	-5
9,33767	-5
9,33833	-5
9,33900	-5
9,33967	-5
9,34033	-4
9,34100	-4
9,34167	-4
9,34233	-4
9,34300	-4
9,34367	-4
9,34433	-4
9,34500	-4
9,34567	-4
9,34633	-4
9,34700	-4
9,34767	-5
9,34833	-5
9,34900	-5
9,34967	-5
9,35033	-5
9,35100	-5
9,35167	-5
9,35233	-5
9,35300	-5
9,35367	-5
9,35433	-5
9,35500	-5
9,35567	-5
9,35633	-5
9,35700	-5
9,35767	-5
9,35833	-5
9,35900	-5
9,35967	-5
9,36033	-5
9,36100	-5
9,36167	-5
9,36233	-5
9,36300	-5
9,36367	-5
9,36433	-5
9,36500	-5
9,36567	-5
9,36633	-5
9,36700	-5
9,36767	-5
9,36833	-5
9,36900	-5
9,36967	-5
9,37033	-5
9,37100	-4
9,37167	-4
9,37233	-4
9,37300	-4
9,37367	-3
9,37433	-3
9,37500	-3
9,37567	-3
9,37633	-3
9,37700	-3
9,37767	-2
9,37833	-2
9,37900	-2
9,37967	-2
9,38033	-2
9,38100	-2
9,38167	-2
9,38233	-2
9,38300	-2
9,38367	-2
9,38433	-2
9,38500	-2
9,38567	-2
9,38633	-2
9,38700	-2
9,38767	-2
9,38833	-1
9,38900	-1
9,38967	-1
9,39033	-1
9,39100	-1
9,39167	-1
9,39233	-1
9,39300	-1
9,39367	-1
9,39433	-1
9,39500	-1
9,39567	-2
9,39633	-2
9,39700	-2
9,39767	-2
9,39833	-2
9,39900	-2
9,39967	-3
9,40033	-3
9,40100	-3
9,40167	-3
9,40233	-4
9,40300	-4
9,40367	-4
9,40433	-4
9,40500	-4
9,40567	-3
9,40633	-3
9,40700	-3
9,40767	-3
9,40833	-3
9,40900	-3
9,40967	-3
9,41033	-3
9,41100	-3
9,41167	-2
9,41233	-2
9,41300	-1
9,41367	-1
9,41433	0
9,41500	1
9,41567	1
9,41633	2
9,41700	3
9,41767	4
9,41833	4
9,41900	5
9,41967	6
9,42033	6
9,42100	7
9,42167	7
9,42233	8
9,42300	8
9,42367	8
9,42433	8
9,42500	8
9,42567	9
9,42633	9
9,42700	9
9,42767	9
9,42833	9
9,42900	10
9,42967	10
9,43033	11
9,43100	11
9,43167	12
9,43233	12
9,43300	12
9,43367	13
9,43433	13
9,43500	13
9,43567	13
9,43633	13
9,43700	13
9,43767	13
9,43833	13
9,43900	14
9,43967	14
9,44033	14
9,44100	14
9,44167	14
9,44233	14
9,44300	14
9,44367	14
9,44433	14
9,44500	14
9,44567	14
9,44633	14
9,44700	14
9,44767	14
9,44833	14
9,44900	14
9,44967	14
9,45033	14
9,45100	13
9,45167	13
9,45233	13
9,45300	13
9,45367	13
9,45433	13
9,45500	13
9,45567	13
9,45633	13
9,45700	13
9,45767	13
9,45833	13
9,45900	13
9,45967	13
9,46033	12
9,46100	12
9,46167	12
9,46233	12
9,46300	12
9,46367	12
9,46433	12
9,46500	12
9,46567	11
9,46633	11
9,46700	11
9,46767	10
9,46833	10
9,46900	10
9,46967	10
9,47033	10
9,47100	10
9,47167	10
9,47233	10
9,47300	11
9,47367	11
9,47433	11
9,47500	11
9,47567	11
9,47633	11
9,47700	11
9,47767	11
9,47833	11
9,47900	11
9,47967	11
9,48033	12
9,48100	12
9,48167	12
9,48233	12
9,48300	12
9,48367	12
9,48433	12
9,48500	12
9,48567	12
9,48633	12
9,48700	12
9,48767	12
9,48833	12
9,48900	12
9,48967	12
9,49033	12
9,49100	12
9,49167	12
9,49233	12
9,49300	12
9,49367	13
9,49433	13
9,49500	13
9,49567	13
9,49633	13
9,49700	13
9,49767	13
9,49833	13
9,49900	13
9,49967	13
9,50033	12
9,50100	12
9,50167	12
9,50233	12
9,50300	11
9,50367	11
9,50433	11
9,50500	11
9,50567	11
9,50633	11
9,50700	11
9,50767	11
9,50833	11
9,50900	11
9,50967	11
9,51033	11
9,51100	11
9,51167	11
9,51233	11
9,51300	11
9,51367	11
9,51433	11
9,51500	11
9,51567	11
9,51633	11
9,51700	11
9,51767	11
9,51833	11
9,51900	11
9,51967	11
9,52033	11
9,52100	11
9,52167	11
9,52233	11
9,52300	11
9,52367	11
9,52433	11
9,52500	11
9,52567	11
9,52633	11
9,52700	11
9,52767	12
9,52833	12
9,52900	12
9,52967	12
9,53033	12
9,53100	12
9,53167	12
9,53233	11
9,53300	11
9,53367	11
9,53433	11
9,53500	11
9,53567	11
9,53633	11
9,53700	12
9,53767	12
9,53833	12
9,53900	12
9,53967	12
9,54033	12
9,54100	12
9,54167	12
9,54233	12
9,54300	12
9,54367	12
9,54433	12
9,54500	12
9,54567	12
9,54633	12
9,54700	12
9,54767	13
9,54833	13
9,54900	13
9,54967	13
9,55033	13
9,55100	13
9,55167	13
9,55233	13
9,55300	13
9,55367	13
9,55433	14
9,55500	14
9,55567	14
9,55633	14
9,55700	15
9,55767	15
9,55833	16
9,55900	16
9,55967	16
9,56033	17
9,56100	17
9,56167	17
9,56233	17
9,56300	17
9,56367	17
9,56433	17
9,56500	17
9,56567	18
9,56633	18
9,56700	19
9,56767	19
9,56833	19
9,56900	20
9,56967	20
9,57033	20
9,57100	20
9,57167	20
9,57233	20
9,57300	20
9,57367	20
9,57433	20
9,57500	19
9,57567	19
9,57633	19
9,57700	18
9,57767	18
9,57833	18
9,57900	17
9,57967	17
9,58033	17
9,58100	16
9,58167	16
9,58233	15
9,58300	15
9,58367	15
9,58433	14
9,58500	14
9,58567	14
9,58633	13
9,58700	13
9,58767	13
9,58833	13
9,58900	14
9,58967	14
9,59033	14
9,59100	14
9,59167	14
9,59233	14
9,59300	14
9,59367	14
9,59433	14
9,59500	14
9,59567	14
9,59633	14
9,59700	14
9,59767	14
9,59833	13
9,59900	13
9,59967	13
9,60033	13
9,60100	13
9,60167	13
9,60233	13
9,60300	12
9,60367	12
9,60433	12
9,60500	11
9,60567	11
9,60633	11
9,60700	11
9,60767	11
9,60833	11
9,60900	11
9,60967	11
9,61033	11
9,61100	10
9,61167	10
9,61233	10
9,61300	10
9,61367	9
9,61433	9
9,61500	9
9,61567	8
9,61633	8
9,61700	8
9,61767	8
9,61833	8
9,61900	8
9,61967	8
9,62033	8
9,62100	8
9,62167	8
9,62233	9
9,62300	9
9,62367	9
9,62433	9
9,62500	9
9,62567	8
9,62633	8
9,62700	8
9,62767	8
9,62833	8
9,62900	7
9,62967	7
9,63033	7
9,63100	7
9,63167	7
9,63233	7
9,63300	7
9,63367	7
9,63433	7
9,63500	6
9,63567	6
9,63633	6
9,63700	6
9,63767	6
9,63833	6
9,63900	6
9,63967	6
9,64033	6
9,64100	6
9,64167	6
9,64233	7
9,64300	7
9,64367	7
9,64433	7
9,64500	8
9,64567	8
9,64633	8
9,64700	9
9,64767	9
9,64833	9
9,64900	10
9,64967	10
9,65033	10
9,65100	10
9,65167	11
9,65233	11
9,65300	11
9,65367	12
9,65433	12
9,65500	12
9,65567	12
9,65633	12
9,65700	12
9,65767	12
9,65833	13
9,65900	13
9,65967	13
9,66033	13
9,66100	12
9,66167	12
9,66233	12
9,66300	11
9,66367	11
9,66433	10
9,66500	10
9,66567	9
9,66633	9
9,66700	9
9,66767	8
9,66833	8
9,66900	8
9,66967	8
9,67033	7
9,67100	7
9,67167	7
9,67233	7
9,67300	7
9,67367	7
9,67433	7
9,67500	7
9,67567	6
9,67633	6
9,67700	6
9,67767	6
9,67833	6
9,67900	6
9,67967	6
9,68033	6
9,68100	6
9,68167	6
9,68233	7
9,68300	7
9,68367	7
9,68433	7
9,68500	7
9,68567	7
9,68633	7
9,68700	7
9,68767	7
9,68833	7
9,68900	6
9,68967	7
9,69033	7
9,69100	7
9,69167	7
9,69233	7
9,69300	7
9,69367	7
9,69433	7
9,69500	7
9,69567	7
9,69633	7
9,69700	7
9,69767	7
9,69833	8
9,69900	8
9,69967	8
9,70033	8
9,70100	8
9,70167	8
9,70233	8
9,70300	8
9,70367	9
9,70433	9
9,70500	9
9,70567	9
9,70633	9
9,70700	9
9,70767	9
9,70833	9
9,70900	9
9,70967	9
9,71033	8
9,71100	8
9,71167	8
9,71233	7
9,71300	7
9,71367	6
9,71433	6
9,71500	6
9,71567	6
9,71633	6
9,71700	6
9,71767	6
9,71833	6
9,71900	6
9,71967	6
9,72033	6
9,72100	6
9,72167	6
9,72233	6
9,72300	7
9,72367	7
9,72433	6
9,72500	6
9,72567	6
9,72633	6
9,72700	6
9,72767	6
9,72833	6
9,72900	6
9,72967	6
9,73033	6
9,73100	6
9,73167	6
9,73233	6
9,73300	6
9,73367	6
9,73433	6
9,73500	6
9,73567	6
9,73633	6
9,73700	6
9,73767	6
9,73833	7
9,73900	7
9,73967	7
9,74033	7
9,74100	7
9,74167	7
9,74233	7
9,74300	7
9,74367	7
9,74433	7
9,74500	7
9,74567	7
9,74633	7
9,74700	7
9,74767	7
9,74833	7
9,74900	8
9,74967	8
9,75033	8
9,75100	8
9,75167	8
9,75233	8
9,75300	8
9,75367	8
9,75433	8
9,75500	9
9,75567	9
9,75633	9
9,75700	9
9,75767	9
9,75833	9
9,75900	9
9,75967	9
9,76033	10
9,76100	10
9,76167	10
9,76233	10
9,76300	11
9,76367	11
9,76433	11
9,76500	11
9,76567	11
9,76633	11
9,76700	11
9,76767	11
9,76833	11
9,76900	11
9,76967	11
9,77033	11
9,77100	11
9,77167	10
9,77233	10
9,77300	10
9,77367	10
9,77433	10
9,77500	10
9,77567	10
9,77633	10
9,77700	9
9,77767	9
9,77833	9
9,77900	9
9,77967	9
9,78033	9
9,78100	9
9,78167	8
9,78233	8
9,78300	8
9,78367	8
9,78433	7
9,78500	7
9,78567	6
9,78633	6
9,78700	6
9,78767	5
9,78833	5
9,78900	5
9,78967	5
9,79033	5
9,79100	5
9,79167	5
9,79233	4
9,79300	4
9,79367	4
9,79433	4
9,79500	4
9,79567	4
9,79633	3
9,79700	3
9,79767	3
9,79833	3
9,79900	2
9,79967	2
9,80033	2
9,80100	1
9,80167	1
9,80233	1
9,80300	1
9,80367	1
9,80433	2
9,80500	2
9,80567	2
9,80633	3
9,80700	3
9,80767	3
9,80833	4
9,80900	4
9,80967	4
9,81033	5
9,81100	5
9,81167	5
9,81233	5
9,81300	5
9,81367	5
9,81433	5
9,81500	5
9,81567	5
9,81633	5
9,81700	5
9,81767	5
9,81833	5
9,81900	4
9,81967	5
9,82033	5
9,82100	5
9,82167	5
9,82233	5
9,82300	5
9,82367	4
9,82433	4
9,82500	4
9,82567	4
9,82633	4
9,82700	4
9,82767	4
9,82833	5
9,82900	5
9,82967	5
9,83033	5
9,83100	5
9,83167	5
9,83233	5
9,83300	5
9,83367	5
9,83433	5
9,83500	5
9,83567	5
9,83633	5
9,83700	5
9,83767	5
9,83833	5
9,83900	5
9,83967	5
9,84033	5
9,84100	6
9,84167	6
9,84233	6
9,84300	6
9,84367	7
9,84433	7
9,84500	7
9,84567	7
9,84633	7
9,84700	8
9,84767	8
9,84833	8
9,84900	8
9,84967	8
9,85033	8
9,85100	8
9,85167	8
9,85233	8
9,85300	8
9,85367	8
9,85433	8
9,85500	8
9,85567	8
9,85633	8
9,85700	8
9,85767	8
9,85833	8
9,85900	8
9,85967	8
9,86033	8
9,86100	8
9,86167	8
9,86233	8
9,86300	8
9,86367	8
9,86433	8
9,86500	8
9,86567	8
9,86633	8
9,86700	8
9,86767	8
9,86833	9
9,86900	9
9,86967	9
9,87033	10
9,87100	10
9,87167	10
9,87233	10
9,87300	10
9,87367	10
9,87433	10
9,87500	10
9,87567	10
9,87633	10
9,87700	10
9,87767	10
9,87833	10
9,87900	11
9,87967	11
9,88033	10
9,88100	10
9,88167	10
9,88233	10
9,88300	9
9,88367	9
9,88433	9
9,88500	9
9,88567	9
9,88633	9
9,88700	9
9,88767	9
9,88833	9
9,88900	9
9,88967	9
9,89033	9
9,89100	9
9,89167	9
9,89233	8
9,89300	8
9,89367	9
9,89433	9
9,89500	9
9,89567	9
9,89633	9
9,89700	9
9,89767	10
9,89833	10
9,89900	11
9,89967	11
9,90033	11
9,90100	12
9,90167	12
9,90233	12
9,90300	13
9,90367	13
9,90433	14
9,90500	14
9,90567	14
9,90633	14
9,90700	15
9,90767	15
9,90833	15
9,90900	15
9,90967	15
9,91033	16
9,91100	16
9,91167	16
9,91233	16
9,91300	16
9,91367	15
9,91433	15
9,91500	15
9,91567	15
9,91633	15
9,91700	15
9,91767	15
9,91833	14
9,91900	14
9,91967	14
9,92033	14
9,92100	14
9,92167	13
9,92233	13
9,92300	13
9,92367	12
9,92433	12
9,92500	12
9,92567	12
9,92633	11
9,92700	11
9,92767	11
9,92833	11
9,92900	11
9,92967	11
9,93033	11
9,93100	11
9,93167	11
9,93233	10
9,93300	10
9,93367	10
9,93433	10
9,93500	9
9,93567	9
9,93633	9
9,93700	9
9,93767	9
9,93833	9
9,93900	9
9,93967	9
9,94033	9
9,94100	8
9,94167	8
9,94233	8
9,94300	8
9,94367	8
9,94433	8
9,94500	8
9,94567	8
9,94633	8
9,94700	8
9,94767	8
9,94833	8
9,94900	8
9,94967	9
9,95033	9
9,95100	9
9,95167	10
9,95233	10
9,95300	10
9,95367	10
9,95433	10
9,95500	10
9,95567	10
9,95633	10
9,95700	10
9,95767	10
9,95833	10
9,95900	10
9,95967	10
9,96033	10
9,96100	10
9,96167	10
9,96233	10
9,96300	10
9,96367	10
9,96433	10
9,96500	10
9,96567	11
9,96633	11
9,96700	11
9,96767	11
9,96833	11
9,96900	11
9,96967	11
9,97033	12
9,97100	12
9,97167	12
9,97233	12
9,97300	13
9,97367	13
9,97433	13
9,97500	13
9,97567	13
9,97633	13
9,97700	13
9,97767	13
9,97833	14
9,97900	14
9,97967	14
9,98033	14
9,98100	14
9,98167	14
9,98233	14
9,98300	14
9,98367	15
9,98433	15
9,98500	15
9,98567	15
9,98633	15
9,98700	15
9,98767	15
9,98833	15
9,98900	15
9,98967	15
9,99033	15
9,99100	15
9,99167	16
9,99233	16
9,99300	16
9,99367	16
9,99433	16
9,99500	16
9,99567	16
9,99633	16
9,99700	16
9,99767	16
9,99833	16
9,99900	15
9,99967	15
10,00033	15
10,00100	16
10,00167	16
10,00233	16
10,00300	16
10,00367	16
10,00433	16
10,00500	16
10,00567	16
10,00633	16
10,00700	16
10,00767	16
10,00833	16
10,00900	16
10,00967	16
10,01033	16
10,01100	16
10,01167	16
10,01233	16
10,01300	16
10,01367	16
10,01433	16
10,01500	16
10,01567	17
10,01633	17
10,01700	17
10,01767	18
10,01833	18
10,01900	18
10,01967	18
10,02033	17
10,02100	17
10,02167	17
10,02233	17
10,02300	17
10,02367	17
10,02433	17
10,02500	17
10,02567	17
10,02633	17
10,02700	17
10,02767	17
10,02833	17
10,02900	17
10,02967	17
10,03033	17
10,03100	17
10,03167	17
10,03233	17
10,03300	17
10,03367	17
10,03433	17
10,03500	16
10,03567	16
10,03633	16
10,03700	16
10,03767	15
10,03833	15
10,03900	15
10,03967	15
10,04033	14
10,04100	14
10,04167	14
10,04233	14
10,04300	14
10,04367	13
10,04433	13
10,04500	13
10,04567	13
10,04633	13
10,04700	13
10,04767	14
10,04833	14
10,04900	14
10,04967	14
10,05033	14
10,05100	14
10,05167	14
10,05233	14
10,05300	13
10,05367	13
10,05433	13
10,05500	13
10,05567	13
10,05633	14
10,05700	14
10,05767	14
10,05833	14
10,05900	14
10,05967	14
10,06033	14
10,06100	15
10,06167	15
10,06233	15
10,06300	15
10,06367	15
10,06433	15
10,06500	15
10,06567	15
10,06633	15
10,06700	15
10,06767	15
10,06833	15
10,06900	15
10,06967	15
10,07033	15
10,07100	15
10,07167	15
10,07233	15
10,07300	15
10,07367	15
10,07433	16
10,07500	16
10,07567	16
10,07633	16
10,07700	16
10,07767	16
10,07833	16
10,07900	16
10,07967	16
10,08033	16
10,08100	16
10,08167	16
10,08233	16
10,08300	16
10,08367	16
10,08433	17
10,08500	17
10,08567	17
10,08633	17
10,08700	17
10,08767	17
10,08833	17
10,08900	17
10,08967	17
10,09033	17
10,09100	18
10,09167	18
10,09233	18
10,09300	18
10,09367	19
10,09433	19
10,09500	19
10,09567	19
10,09633	20
10,09700	20
10,09767	20
10,09833	20
10,09900	20
10,09967	21
10,10033	21
10,10100	21
10,10167	22
10,10233	22
10,10300	22
10,10367	23
10,10433	23
10,10500	24
10,10567	24
10,10633	24
10,10700	25
10,10767	25
10,10833	25
10,10900	26
10,10967	26
10,11033	26
10,11100	27
10,11167	27
10,11233	27
10,11300	27
10,11367	27
10,11433	27
10,11500	27
10,11567	26
10,11633	26
10,11700	26
10,11767	26
10,11833	26
10,11900	25
10,11967	25
10,12033	25
10,12100	25
10,12167	25
10,12233	25
10,12300	25
10,12367	25
10,12433	25
10,12500	25
10,12567	25
10,12633	25
10,12700	25
10,12767	24
10,12833	24
10,12900	24
10,12967	24
10,13033	24
10,13100	24
10,13167	24
10,13233	24
10,13300	24
10,13367	24
10,13433	24
10,13500	24
10,13567	24
10,13633	24
10,13700	23
10,13767	23
10,13833	23
10,13900	23
10,13967	22
10,14033	22
10,14100	22
10,14167	22
10,14233	21
10,14300	21
10,14367	21
10,14433	21
10,14500	21
10,14567	21
10,14633	21
10,14700	21
10,14767	21
10,14833	21
10,14900	21
10,14967	21
10,15033	21
10,15100	21
10,15167	20
10,15233	20
10,15300	20
10,15367	20
10,15433	20
10,15500	20
10,15567	20
10,15633	20
10,15700	20
10,15767	20
10,15833	19
10,15900	19
10,15967	19
10,16033	19
10,16100	19
10,16167	19
10,16233	19
10,16300	19
10,16367	19
10,16433	19
10,16500	19
10,16567	20
10,16633	20
10,16700	20
10,16767	20
10,16833	20
10,16900	20
10,16967	20
10,17033	20
10,17100	20
10,17167	20
10,17233	19
10,17300	19
10,17367	19
10,17433	19
10,17500	19
10,17567	19
10,17633	19
10,17700	20
10,17767	20
10,17833	20
10,17900	20
10,17967	20
10,18033	20
10,18100	19
10,18167	19
10,18233	19
10,18300	19
10,18367	19
10,18433	19
10,18500	19
10,18567	19
10,18633	19
10,18700	19
10,18767	19
10,18833	19
10,18900	19
10,18967	19
10,19033	19
10,19100	19
10,19167	19
10,19233	19
10,19300	19
10,19367	19
10,19433	19
10,19500	19
10,19567	19
10,19633	19
10,19700	19
10,19767	20
10,19833	20
10,19900	20
10,19967	20
10,20033	20
10,20100	20
10,20167	20
10,20233	20
10,20300	21
10,20367	21
10,20433	21
10,20500	21
10,20567	21
10,20633	21
10,20700	20
10,20767	20
10,20833	20
10,20900	20
10,20967	20
10,21033	20
10,21100	21
10,21167	21
10,21233	21
10,21300	21
10,21367	22
10,21433	22
10,21500	22
10,21567	23
10,21633	23
10,21700	23
10,21767	24
10,21833	24
10,21900	24
10,21967	24
10,22033	24
10,22100	24
10,22167	24
10,22233	24
10,22300	24
10,22367	24
10,22433	24
10,22500	24
10,22567	24
10,22633	24
10,22700	23
10,22767	23
10,22833	23
10,22900	23
10,22967	23
10,23033	22
10,23100	22
10,23167	22
10,23233	22
10,23300	22
10,23367	21
10,23433	21
10,23500	21
10,23567	21
10,23633	21
10,23700	21
10,23767	20
10,23833	20
10,23900	20
10,23967	19
10,24033	19
10,24100	19
10,24167	19
10,24233	19
10,24300	18
10,24367	18
10,24433	18
10,24500	18
10,24567	18
10,24633	18
10,24700	18
10,24767	18
10,24833	18
10,24900	18
10,24967	18
10,25033	18
10,25100	19
10,25167	19
10,25233	19
10,25300	19
10,25367	19
10,25433	18
10,25500	18
10,25567	18
10,25633	18
10,25700	18
10,25767	19
10,25833	19
10,25900	19
10,25967	19
10,26033	19
10,26100	19
10,26167	20
10,26233	20
10,26300	20
10,26367	21
10,26433	21
10,26500	21
10,26567	21
10,26633	21
10,26700	21
10,26767	21
10,26833	21
10,26900	21
10,26967	22
10,27033	22
10,27100	22
10,27167	22
10,27233	23
10,27300	23
10,27367	23
10,27433	23
10,27500	23
10,27567	22
10,27633	22
10,27700	22
10,27767	22
10,27833	21
10,27900	21
10,27967	21
10,28033	21
10,28100	21
10,28167	21
10,28233	20
10,28300	20
10,28367	20
10,28433	20
10,28500	20
10,28567	20
10,28633	20
10,28700	20
10,28767	20
10,28833	19
10,28900	19
10,28967	19
10,29033	19
10,29100	19
10,29167	20
10,29233	20
10,29300	20
10,29367	20
10,29433	20
10,29500	20
10,29567	20
10,29633	20
10,29700	20
10,29767	20
10,29833	20
10,29900	20
10,29967	20
10,30033	20
10,30100	20
10,30167	20
10,30233	20
10,30300	20
10,30367	20
10,30433	20
10,30500	19
10,30567	19
10,30633	19
10,30700	19
10,30767	19
10,30833	19
10,30900	19
10,30967	19
10,31033	19
10,31100	19
10,31167	19
10,31233	19
10,31300	19
10,31367	19
10,31433	19
10,31500	19
10,31567	19
10,31633	19
10,31700	19
10,31767	19
10,31833	19
10,31900	19
10,31967	19
10,32033	19
10,32100	19
10,32167	19
10,32233	19
10,32300	19
10,32367	20
10,32433	20
10,32500	20
10,32567	20
10,32633	21
10,32700	21
10,32767	21
10,32833	21
10,32900	21
10,32967	21
10,33033	21
10,33100	21
10,33167	21
10,33233	21
10,33300	21
10,33367	21
10,33433	21
10,33500	21
10,33567	21
10,33633	21
10,33700	21
10,33767	21
10,33833	21
10,33900	21
10,33967	21
10,34033	21
10,34100	21
10,34167	21
10,34233	21
10,34300	21
10,34367	21
10,34433	21
10,34500	21
10,34567	21
10,34633	21
10,34700	22
10,34767	22
10,34833	22
10,34900	22
10,34967	21
10,35033	21
10,35100	21
10,35167	21
10,35233	21
10,35300	21
10,35367	21
10,35433	21
10,35500	21
10,35567	21
10,35633	21
10,35700	21
10,35767	21
10,35833	21
10,35900	21
10,35967	21
10,36033	21
10,36100	21
10,36167	21
10,36233	20
10,36300	20
10,36367	20
10,36433	20
10,36500	21
10,36567	21
10,36633	21
10,36700	21
10,36767	21
10,36833	22
10,36900	22
10,36967	22
10,37033	22
10,37100	22
10,37167	22
10,37233	22
10,37300	22
10,37367	22
10,37433	22
10,37500	23
10,37567	23
10,37633	23
10,37700	23
10,37767	24
10,37833	24
10,37900	24
10,37967	25
10,38033	25
10,38100	25
10,38167	25
10,38233	25
10,38300	25
10,38367	25
10,38433	25
10,38500	25
10,38567	25
10,38633	25
10,38700	25
10,38767	26
10,38833	26
10,38900	26
10,38967	26
10,39033	26
10,39100	27
10,39167	27
10,39233	27
10,39300	27
10,39367	27
10,39433	28
10,39500	28
10,39567	28
10,39633	28
10,39700	28
10,39767	28
10,39833	28
10,39900	29
10,39967	29
10,40033	29
10,40100	29
10,40167	29
10,40233	29
10,40300	29
10,40367	29
10,40433	29
10,40500	28
10,40567	28
10,40633	28
10,40700	28
10,40767	28
10,40833	27
10,40900	27
10,40967	27
10,41033	27
10,41100	27
10,41167	26
10,41233	26
10,41300	26
10,41367	26
10,41433	26
10,41500	25
10,41567	25
10,41633	25
10,41700	26
10,41767	26
10,41833	26
10,41900	26
10,41967	26
10,42033	27
10,42100	27
10,42167	27
10,42233	28
10,42300	28
10,42367	28
10,42433	28
10,42500	28
10,42567	29
10,42633	28
10,42700	28
10,42767	28
10,42833	28
10,42900	28
10,42967	28
10,43033	28
10,43100	28
10,43167	28
10,43233	28
10,43300	28
10,43367	29
10,43433	29
10,43500	28
10,43567	28
10,43633	28
10,43700	28
10,43767	28
10,43833	28
10,43900	28
10,43967	28
10,44033	28
10,44100	28
10,44167	28
10,44233	28
10,44300	29
10,44367	29
10,44433	29
10,44500	29
10,44567	29
10,44633	29
10,44700	29
10,44767	29
10,44833	29
10,44900	29
10,44967	29
10,45033	29
10,45100	29
10,45167	29
10,45233	29
10,45300	29
10,45367	29
10,45433	29
10,45500	29
10,45567	29
10,45633	29
10,45700	30
10,45767	30
10,45833	30
10,45900	30
10,45967	30
10,46033	30
10,46100	30
10,46167	30
10,46233	30
10,46300	30
10,46367	30
10,46433	30
10,46500	30
10,46567	30
10,46633	30
10,46700	30
10,46767	30
10,46833	30
10,46900	30
10,46967	30
10,47033	30
10,47100	30
10,47167	30
10,47233	30
10,47300	31
10,47367	31
10,47433	31
10,47500	31
10,47567	32
10,47633	32
10,47700	32
10,47767	32
10,47833	32
10,47900	32
10,47967	32
10,48033	32
10,48100	32
10,48167	31
10,48233	31
10,48300	32
10,48367	32
10,48433	32
10,48500	32
10,48567	32
10,48633	32
10,48700	32
10,48767	32
10,48833	32
10,48900	32
10,48967	32
10,49033	31
10,49100	31
10,49167	31
10,49233	31
10,49300	31
10,49367	31
10,49433	32
10,49500	32
10,49567	32
10,49633	32
10,49700	32
10,49767	32
10,49833	32
10,49900	32
10,49967	32
10,50033	32
10,50100	32
10,50167	32
10,50233	32
10,50300	32
10,50367	32
10,50433	32
10,50500	32
10,50567	32
10,50633	31
10,50700	31
10,50767	31
10,50833	31
10,50900	30
10,50967	30
10,51033	30
10,51100	30
10,51167	30
10,51233	30
10,51300	29
10,51367	29
10,51433	29
10,51500	29
10,51567	29
10,51633	29
10,51700	28
10,51767	28
10,51833	28
10,51900	28
10,51967	29
10,52033	29
10,52100	29
10,52167	29
10,52233	29
10,52300	30
10,52367	30
10,52433	30
10,52500	31
10,52567	31
10,52633	32
10,52700	32
10,52767	32
10,52833	32
10,52900	32
10,52967	32
10,53033	32
10,53100	32
10,53167	32
10,53233	32
10,53300	32
10,53367	32
10,53433	32
10,53500	32
10,53567	32
10,53633	32
10,53700	31
10,53767	31
10,53833	31
10,53900	31
10,53967	31
10,54033	31
10,54100	31
10,54167	31
10,54233	31
10,54300	31
10,54367	31
10,54433	31
10,54500	31
10,54567	31
10,54633	30
10,54700	30
10,54767	30
10,54833	30
10,54900	30
10,54967	30
10,55033	30
10,55100	29
10,55167	29
10,55233	29
10,55300	29
10,55367	29
10,55433	29
10,55500	29
10,55567	29
10,55633	29
10,55700	29
10,55767	30
10,55833	30
10,55900	30
10,55967	30
10,56033	30
10,56100	30
10,56167	30
10,56233	30
10,56300	30
10,56367	30
10,56433	30
10,56500	29
10,56567	29
10,56633	29
10,56700	29
10,56767	28
10,56833	28
10,56900	28
10,56967	28
10,57033	28
10,57100	28
10,57167	29
10,57233	29
10,57300	29
10,57367	30
10,57433	30
10,57500	31
10,57567	31
10,57633	31
10,57700	32
10,57767	32
10,57833	32
10,57900	32
10,57967	33
10,58033	33
10,58100	33
10,58167	33
10,58233	33
10,58300	33
10,58367	33
10,58433	32
10,58500	32
10,58567	32
10,58633	32
10,58700	32
10,58767	32
10,58833	32
10,58900	32
10,58967	32
10,59033	32
10,59100	32
10,59167	32
10,59233	32
10,59300	33
10,59367	33
10,59433	33
10,59500	33
10,59567	33
10,59633	33
10,59700	33
10,59767	33
10,59833	34
10,59900	34
10,59967	34
10,60033	34
10,60100	34
10,60167	34
10,60233	34
10,60300	34
10,60367	34
10,60433	34
10,60500	34
10,60567	34
10,60633	34
10,60700	34
10,60767	34
10,60833	34
10,60900	34
10,60967	34
10,61033	34
10,61100	34
10,61167	34
10,61233	34
10,61300	34
10,61367	34
10,61433	34
10,61500	35
10,61567	35
10,61633	35
10,61700	34
10,61767	34
10,61833	34
10,61900	34
10,61967	34
10,62033	34
10,62100	34
10,62167	34
10,62233	34
10,62300	34
10,62367	34
10,62433	34
10,62500	34
10,62567	34
10,62633	34
10,62700	34
10,62767	34
10,62833	34
10,62900	33
10,62967	33
10,63033	33
10,63100	33
10,63167	33
10,63233	33
10,63300	33
10,63367	33
10,63433	33
10,63500	33
10,63567	33
10,63633	33
10,63700	33
10,63767	33
10,63833	33
10,63900	33
10,63967	33
10,64033	33
10,64100	32
10,64167	32
10,64233	32
10,64300	32
10,64367	32
10,64433	32
10,64500	32
10,64567	33
10,64633	33
10,64700	33
10,64767	33
10,64833	33
10,64900	33
10,64967	33
10,65033	34
10,65100	34
10,65167	34
10,65233	34
10,65300	35
10,65367	35
10,65433	35
10,65500	35
10,65567	36
10,65633	36
10,65700	36
10,65767	36
10,65833	36
10,65900	36
10,65967	36
10,66033	36
10,66100	36
10,66167	36
10,66233	36
10,66300	36
10,66367	36
10,66433	36
10,66500	36
10,66567	36
10,66633	36
10,66700	36
10,66767	36
10,66833	36
10,66900	36
10,66967	35
10,67033	35
10,67100	35
10,67167	35
10,67233	35
10,67300	35
10,67367	35
10,67433	35
10,67500	35
10,67567	36
10,67633	36
10,67700	36
10,67767	37
10,67833	37
10,67900	38
10,67967	38
10,68033	38
10,68100	38
10,68167	38
10,68233	38
10,68300	38
10,68367	38
10,68433	38
10,68500	38
10,68567	38
10,68633	37
10,68700	37
10,68767	37
10,68833	37
10,68900	37
10,68967	37
10,69033	37
10,69100	37
10,69167	37
10,69233	37
10,69300	37
10,69367	37
10,69433	37
10,69500	37
10,69567	37
10,69633	37
10,69700	37
10,69767	38
10,69833	38
10,69900	38
10,69967	38
10,70033	39
10,70100	39
10,70167	39
10,70233	39
10,70300	39
10,70367	39
10,70433	40
10,70500	40
10,70567	40
10,70633	40
10,70700	40
10,70767	41
10,70833	41
10,70900	41
10,70967	41
10,71033	41
10,71100	41
10,71167	41
10,71233	41
10,71300	41
10,71367	41
10,71433	41
10,71500	41
10,71567	41
10,71633	41
10,71700	41
10,71767	41
10,71833	41
10,71900	42
10,71967	42
10,72033	42
10,72100	42
10,72167	42
10,72233	42
10,72300	42
10,72367	42
10,72433	41
10,72500	41
10,72567	41
10,72633	41
10,72700	41
10,72767	41
10,72833	41
10,72900	41
10,72967	41
10,73033	41
10,73100	41
10,73167	41
10,73233	41
10,73300	41
10,73367	40
10,73433	40
10,73500	40
10,73567	40
10,73633	40
10,73700	39
10,73767	39
10,73833	39
10,73900	39
10,73967	39
10,74033	39
10,74100	39
10,74167	39
10,74233	39
10,74300	39
10,74367	39
10,74433	39
10,74500	39
10,74567	39
10,74633	39
10,74700	38
10,74767	38
10,74833	38
10,74900	38
10,74967	38
10,75033	38
10,75100	38
10,75167	38
10,75233	38
10,75300	38
10,75367	38
10,75433	39
10,75500	39
10,75567	39
10,75633	39
10,75700	39
10,75767	38
10,75833	38
10,75900	38
10,75967	38
10,76033	38
10,76100	38
10,76167	37
10,76233	37
10,76300	37
10,76367	37
10,76433	37
10,76500	37
10,76567	37
10,76633	37
10,76700	37
10,76767	37
10,76833	37
10,76900	37
10,76967	36
10,77033	36
10,77100	36
10,77167	36
10,77233	36
10,77300	36
10,77367	36
10,77433	36
10,77500	36
10,77567	36
10,77633	36
10,77700	35
10,77767	35
10,77833	35
10,77900	35
10,77967	35
10,78033	36
10,78100	36
10,78167	36
10,78233	37
10,78300	37
10,78367	37
10,78433	38
10,78500	38
10,78567	39
10,78633	39
10,78700	39
10,78767	39
10,78833	40
10,78900	39
10,78967	39
10,79033	39
10,79100	39
10,79167	39
10,79233	39
10,79300	39
10,79367	39
10,79433	39
10,79500	40
10,79567	40
10,79633	40
10,79700	40
10,79767	39
10,79833	39
10,79900	39
10,79967	39
10,80033	39
10,80100	38
10,80167	38
10,80233	37
10,80300	37
10,80367	37
10,80433	37
10,80500	37
10,80567	37
10,80633	37
10,80700	37
10,80767	37
10,80833	37
10,80900	37
10,80967	37
10,81033	37
10,81100	37
10,81167	36
10,81233	36
10,81300	36
10,81367	37
10,81433	37
10,81500	37
10,81567	37
10,81633	37
10,81700	37
10,81767	38
10,81833	38
10,81900	38
10,81967	38
10,82033	38
10,82100	38
10,82167	37
10,82233	37
10,82300	37
10,82367	37
10,82433	37
10,82500	36
10,82567	36
10,82633	36
10,82700	36
10,82767	36
10,82833	36
10,82900	36
10,82967	36
10,83033	36
10,83100	36
10,83167	36
10,83233	36
10,83300	36
10,83367	36
10,83433	36
10,83500	35
10,83567	35
10,83633	35
10,83700	35
10,83767	35
10,83833	35
10,83900	35
10,83967	34
10,84033	34
10,84100	34
10,84167	34
10,84233	34
10,84300	34
10,84367	34
10,84433	34
10,84500	34
10,84567	34
10,84633	35
10,84700	35
10,84767	35
10,84833	35
10,84900	35
10,84967	35
10,85033	35
10,85100	35
10,85167	35
10,85233	35
10,85300	35
10,85367	35
10,85433	35
10,85500	35
10,85567	35
10,85633	35
10,85700	35
10,85767	35
10,85833	35
10,85900	35
10,85967	35
10,86033	35
10,86100	35
10,86167	35
10,86233	35
10,86300	34
10,86367	34
10,86433	34
10,86500	34
10,86567	33
10,86633	33
10,86700	33
10,86767	33
10,86833	33
10,86900	33
10,86967	33
10,87033	33
10,87100	34
10,87167	34
10,87233	34
10,87300	34
10,87367	34
10,87433	34
10,87500	35
10,87567	35
10,87633	35
10,87700	35
10,87767	35
10,87833	35
10,87900	35
10,87967	35
10,88033	35
10,88100	35
10,88167	35
10,88233	35
10,88300	35
10,88367	35
10,88433	35
10,88500	35
10,88567	35
10,88633	34
10,88700	34
10,88767	34
10,88833	34
10,88900	34
10,88967	34
10,89033	34
10,89100	34
10,89167	34
10,89233	34
10,89300	34
10,89367	34
10,89433	34
10,89500	34
10,89567	34
10,89633	34
10,89700	34
10,89767	34
10,89833	35
10,89900	35
10,89967	35
10,90033	35
10,90100	35
10,90167	35
10,90233	35
10,90300	35
10,90367	35
10,90433	35
10,90500	35
10,90567	35
10,90633	35
10,90700	35
10,90767	35
10,90833	35
10,90900	35
10,90967	35
10,91033	35
10,91100	36
10,91167	35
10,91233	35
10,91300	35
10,91367	35
10,91433	35
10,91500	35
10,91567	35
10,91633	35
10,91700	35
10,91767	35
10,91833	35
10,91900	34
10,91967	34
10,92033	34
10,92100	35
10,92167	35
10,92233	35
10,92300	35
10,92367	35
10,92433	35
10,92500	35
10,92567	35
10,92633	35
10,92700	34
10,92767	34
10,92833	34
10,92900	33
10,92967	33
10,93033	33
10,93100	33
10,93167	33
10,93233	33
10,93300	33
10,93367	33
10,93433	33
10,93500	33
10,93567	33
10,93633	33
10,93700	33
10,93767	33
10,93833	33
10,93900	33
10,93967	33
10,94033	33
10,94100	33
10,94167	33
10,94233	33
10,94300	34
10,94367	34
10,94433	34
10,94500	35
10,94567	35
10,94633	36
10,94700	36
10,94767	36
10,94833	37
10,94900	37
10,94967	37
10,95033	36
10,95100	36
10,95167	36
10,95233	36
10,95300	36
10,95367	36
10,95433	35
10,95500	35
10,95567	35
10,95633	35
10,95700	34
10,95767	34
10,95833	34
10,95900	34
10,95967	34
10,96033	34
10,96100	34
10,96167	34
10,96233	34
10,96300	34
10,96367	34
10,96433	34
10,96500	34
10,96567	34
10,96633	34
10,96700	34
10,96767	34
10,96833	34
10,96900	35
10,96967	35
10,97033	35
10,97100	35
10,97167	35
10,97233	35
10,97300	35
10,97367	35
10,97433	35
10,97500	35
10,97567	35
10,97633	35
10,97700	35
10,97767	36
10,97833	35
10,97900	35
10,97967	35
10,98033	35
10,98100	35
10,98167	34
10,98233	34
10,98300	34
10,98367	34
10,98433	34
10,98500	34
10,98567	34
10,98633	34
10,98700	34
10,98767	34
10,98833	34
10,98900	35
10,98967	35
10,99033	35
10,99100	35
10,99167	36
10,99233	36
10,99300	37
10,99367	37
10,99433	37
10,99500	38
10,99567	38
10,99633	38
10,99700	38
10,99767	38
10,99833	38
10,99900	39
10,99967	39
11,00033	38
11,00100	38
11,00167	38
11,00233	38
11,00300	37
11,00367	37
11,00433	37
11,00500	36
11,00567	36
11,00633	36
11,00700	36
11,00767	36
11,00833	36
11,00900	37
11,00967	37
11,01033	37
11,01100	37
11,01167	36
11,01233	36
11,01300	36
11,01367	36
11,01433	36
11,01500	36
11,01567	36
11,01633	37
11,01700	37
11,01767	36
11,01833	36
11,01900	36
11,01967	36
11,02033	36
11,02100	37
11,02167	37
11,02233	37
11,02300	37
11,02367	37
11,02433	37
11,02500	37
11,02567	37
11,02633	37
11,02700	37
11,02767	37
11,02833	37
11,02900	37
11,02967	37
11,03033	37
11,03100	38
11,03167	38
11,03233	38
11,03300	38
11,03367	38
11,03433	38
11,03500	39
11,03567	39
11,03633	39
11,03700	39
11,03767	39
11,03833	40
11,03900	40
11,03967	40
11,04033	41
11,04100	41
11,04167	41
11,04233	41
11,04300	41
11,04367	41
11,04433	41
11,04500	41
11,04567	41
11,04633	41
11,04700	41
11,04767	41
11,04833	41
11,04900	41
11,04967	41
11,05033	41
11,05100	41
11,05167	41
11,05233	41
11,05300	41
11,05367	41
11,05433	41
11,05500	41
11,05567	41
11,05633	41
11,05700	41
11,05767	41
11,05833	41
11,05900	41
11,05967	41
11,06033	41
11,06100	41
11,06167	41
11,06233	41
11,06300	41
11,06367	41
11,06433	41
11,06500	41
11,06567	41
11,06633	41
11,06700	41
11,06767	41
11,06833	41
11,06900	41
11,06967	41
11,07033	41
11,07100	41
11,07167	40
11,07233	40
11,07300	40
11,07367	40
11,07433	40
11,07500	39
11,07567	39
11,07633	39
11,07700	39
11,07767	38
11,07833	38
11,07900	38
11,07967	38
11,08033	38
11,08100	38
11,08167	38
11,08233	38
11,08300	38
11,08367	38
11,08433	38
11,08500	37
11,08567	37
11,08633	37
11,08700	37
11,08767	37
11,08833	38
11,08900	38
11,08967	38
11,09033	39
11,09100	39
11,09167	40
11,09233	40
11,09300	41
11,09367	41
11,09433	42
11,09500	42
11,09567	43
11,09633	43
11,09700	43
11,09767	43
11,09833	43
11,09900	44
11,09967	44
11,10033	44
11,10100	45
11,10167	45
11,10233	45
11,10300	46
11,10367	46
11,10433	46
11,10500	46
11,10567	46
11,10633	47
11,10700	47
11,10767	47
11,10833	48
11,10900	48
11,10967	48
11,11033	49
11,11100	49
11,11167	49
11,11233	50
11,11300	50
11,11367	51
11,11433	51
11,11500	51
11,11567	51
11,11633	52
11,11700	52
11,11767	52
11,11833	52
11,11900	52
11,11967	52
11,12033	52
11,12100	52
11,12167	52
11,12233	52
11,12300	52
11,12367	52
11,12433	52
11,12500	52
11,12567	51
11,12633	51
11,12700	51
11,12767	51
11,12833	51
11,12900	51
11,12967	51
11,13033	50
11,13100	50
11,13167	50
11,13233	50
11,13300	50
11,13367	50
11,13433	50
11,13500	50
11,13567	50
11,13633	50
11,13700	50
11,13767	50
11,13833	49
11,13900	49
11,13967	49
11,14033	49
11,14100	49
11,14167	49
11,14233	49
11,14300	49
11,14367	49
11,14433	49
11,14500	49
11,14567	49
11,14633	49
11,14700	49
11,14767	50
11,14833	50
11,14900	50
11,14967	50
11,15033	51
11,15100	51
11,15167	51
11,15233	51
11,15300	51
11,15367	51
11,15433	51
11,15500	50
11,15567	51
11,15633	51
11,15700	51
11,15767	51
11,15833	51
11,15900	51
11,15967	51
11,16033	51
11,16100	51
11,16167	51
11,16233	51
11,16300	50
11,16367	50
11,16433	50
11,16500	50
11,16567	49
11,16633	49
11,16700	49
11,16767	49
11,16833	49
11,16900	49
11,16967	49
11,17033	49
11,17100	48
11,17167	48
11,17233	48
11,17300	48
11,17367	48
11,17433	48
11,17500	48
11,17567	47
11,17633	47
11,17700	47
11,17767	47
11,17833	46
11,17900	46
11,17967	46
11,18033	46
11,18100	46
11,18167	46
11,18233	45
11,18300	45
11,18367	45
11,18433	45
11,18500	44
11,18567	44
11,18633	44
11,18700	44
11,18767	44
11,18833	45
11,18900	45
11,18967	45
11,19033	45
11,19100	45
11,19167	45
11,19233	45
11,19300	45
11,19367	45
11,19433	46
11,19500	46
11,19567	46
11,19633	46
11,19700	46
11,19767	47
11,19833	47
11,19900	48
11,19967	48
11,20033	49
11,20100	49
11,20167	49
11,20233	49
11,20300	50
11,20367	50
11,20433	50
11,20500	50
11,20567	50
11,20633	50
11,20700	50
11,20767	50
11,20833	49
11,20900	49
11,20967	49
11,21033	49
11,21100	49
11,21167	49
11,21233	49
11,21300	48
11,21367	48
11,21433	48
11,21500	48
11,21567	48
11,21633	48
11,21700	48
11,21767	48
11,21833	48
11,21900	48
11,21967	48
11,22033	48
11,22100	48
11,22167	48
11,22233	48
11,22300	48
11,22367	48
11,22433	48
11,22500	48
11,22567	48
11,22633	49
11,22700	49
11,22767	49
11,22833	49
11,22900	49
11,22967	49
11,23033	50
11,23100	50
11,23167	50
11,23233	51
11,23300	51
11,23367	51
11,23433	52
11,23500	52
11,23567	52
11,23633	52
11,23700	52
11,23767	52
11,23833	51
11,23900	51
11,23967	51
11,24033	50
11,24100	50
11,24167	50
11,24233	50
11,24300	49
11,24367	49
11,24433	49
11,24500	49
11,24567	49
11,24633	49
11,24700	49
11,24767	49
11,24833	49
11,24900	49
11,24967	49
11,25033	49
11,25100	49
11,25167	49
11,25233	49
11,25300	48
11,25367	48
11,25433	48
11,25500	48
11,25567	47
11,25633	47
11,25700	47
11,25767	46
11,25833	46
11,25900	46
11,25967	46
11,26033	46
11,26100	46
11,26167	46
11,26233	46
11,26300	46
11,26367	46
11,26433	45
11,26500	45
11,26567	45
11,26633	45
11,26700	45
11,26767	45
11,26833	45
11,26900	45
11,26967	45
11,27033	45
11,27100	45
11,27167	45
11,27233	45
11,27300	45
11,27367	45
11,27433	44
11,27500	44
11,27567	44
11,27633	44
11,27700	44
11,27767	44
11,27833	44
11,27900	44
11,27967	44
11,28033	44
11,28100	44
11,28167	44
11,28233	44
11,28300	44
11,28367	44
11,28433	44
11,28500	44
11,28567	44
11,28633	44
11,28700	44
11,28767	44
11,28833	44
11,28900	44
11,28967	44
11,29033	43
11,29100	43
11,29167	43
11,29233	43
11,29300	43
11,29367	43
11,29433	43
11,29500	43
11,29567	43
11,29633	43
11,29700	43
11,29767	43
11,29833	44
11,29900	44
11,29967	44
11,30033	44
11,30100	44
11,30167	44
11,30233	45
11,30300	45
11,30367	45
11,30433	45
11,30500	46
11,30567	46
11,30633	46
11,30700	46
11,30767	46
11,30833	47
11,30900	47
11,30967	47
11,31033	47
11,31100	47
11,31167	47
11,31233	47
11,31300	47
11,31367	47
11,31433	47
11,31500	46
11,31567	46
11,31633	46
11,31700	46
11,31767	46
11,31833	46
11,31900	45
11,31967	45
11,32033	45
11,32100	44
11,32167	44
11,32233	44
11,32300	43
11,32367	43
11,32433	42
11,32500	42
11,32567	42
11,32633	42
11,32700	42
11,32767	41
11,32833	41
11,32900	41
11,32967	41
11,33033	41
11,33100	41
11,33167	41
11,33233	41
11,33300	41
11,33367	41
11,33433	41
11,33500	41
11,33567	41
11,33633	41
11,33700	41
11,33767	41
11,33833	41
11,33900	41
11,33967	42
11,34033	42
11,34100	42
11,34167	42
11,34233	42
11,34300	41
11,34367	41
11,34433	41
11,34500	41
11,34567	41
11,34633	41
11,34700	41
11,34767	41
11,34833	41
11,34900	41
11,34967	42
11,35033	42
11,35100	42
11,35167	42
11,35233	42
11,35300	42
11,35367	42
11,35433	42
11,35500	42
11,35567	42
11,35633	42
11,35700	42
11,35767	43
11,35833	43
11,35900	43
11,35967	43
11,36033	43
11,36100	43
11,36167	43
11,36233	43
11,36300	43
11,36367	43
11,36433	42
11,36500	42
11,36567	42
11,36633	42
11,36700	42
11,36767	42
11,36833	41
11,36900	41
11,36967	41
11,37033	41
11,37100	41
11,37167	41
11,37233	41
11,37300	40
11,37367	40
11,37433	40
11,37500	40
11,37567	40
11,37633	39
11,37700	39
11,37767	39
11,37833	39
11,37900	39
11,37967	39
11,38033	39
11,38100	39
11,38167	39
11,38233	40
11,38300	40
11,38367	40
11,38433	40
11,38500	40
11,38567	40
11,38633	40
11,38700	40
11,38767	40
11,38833	40
11,38900	39
11,38967	39
11,39033	39
11,39100	39
11,39167	39
11,39233	39
11,39300	39
11,39367	39
11,39433	39
11,39500	39
11,39567	39
11,39633	39
11,39700	39
11,39767	39
11,39833	39
11,39900	39
11,39967	39
11,40033	39
11,40100	39
11,40167	39
11,40233	39
11,40300	40
11,40367	40
11,40433	41
11,40500	41
11,40567	41
11,40633	41
11,40700	41
11,40767	41
11,40833	41
11,40900	41
11,40967	41
11,41033	41
11,41100	41
11,41167	41
11,41233	41
11,41300	41
11,41367	41
11,41433	41
11,41500	41
11,41567	41
11,41633	41
11,41700	41
11,41767	41
11,41833	42
11,41900	42
11,41967	42
11,42033	42
11,42100	42
11,42167	42
11,42233	42
11,42300	42
11,42367	42
11,42433	43
11,42500	43
11,42567	43
11,42633	43
11,42700	43
11,42767	43
11,42833	43
11,42900	43
11,42967	43
11,43033	42
11,43100	42
11,43167	42
11,43233	42
11,43300	42
11,43367	42
11,43433	42
11,43500	42
11,43567	42
11,43633	42
11,43700	42
11,43767	42
11,43833	42
11,43900	41
11,43967	41
11,44033	41
11,44100	41
11,44167	41
11,44233	40
11,44300	40
11,44367	40
11,44433	40
11,44500	40
11,44567	41
11,44633	41
11,44700	41
11,44767	41
11,44833	41
11,44900	41
11,44967	41
11,45033	41
11,45100	41
11,45167	41
11,45233	41
11,45300	41
11,45367	41
11,45433	41
11,45500	41
11,45567	41
11,45633	40
11,45700	40
11,45767	40
11,45833	40
11,45900	39
11,45967	39
11,46033	39
11,46100	39
11,46167	39
11,46233	39
11,46300	39
11,46367	39
11,46433	39
11,46500	39
11,46567	39
11,46633	40
11,46700	40
11,46767	40
11,46833	40
11,46900	40
11,46967	40
11,47033	41
11,47100	41
11,47167	40
11,47233	41
11,47300	41
11,47367	41
11,47433	41
11,47500	41
11,47567	41
11,47633	42
11,47700	42
11,47767	42
11,47833	42
11,47900	43
11,47967	43
11,48033	43
11,48100	42
11,48167	42
11,48233	42
11,48300	42
11,48367	42
11,48433	42
11,48500	42
11,48567	42
11,48633	42
11,48700	42
11,48767	42
11,48833	42
11,48900	42
11,48967	42
11,49033	42
11,49100	42
11,49167	42
11,49233	42
11,49300	42
11,49367	42
11,49433	42
11,49500	42
11,49567	42
11,49633	42
11,49700	42
11,49767	42
11,49833	42
11,49900	43
11,49967	43
11,50033	43
11,50100	43
11,50167	43
11,50233	43
11,50300	43
11,50367	43
11,50433	43
11,50500	43
11,50567	43
11,50633	43
11,50700	43
11,50767	43
11,50833	43
11,50900	43
11,50967	43
11,51033	43
11,51100	42
11,51167	42
11,51233	43
11,51300	43
11,51367	43
11,51433	42
11,51500	42
11,51567	42
11,51633	42
11,51700	42
11,51767	42
11,51833	42
11,51900	42
11,51967	42
11,52033	43
11,52100	43
11,52167	43
11,52233	43
11,52300	43
11,52367	43
11,52433	43
11,52500	43
11,52567	43
11,52633	43
11,52700	43
11,52767	43
11,52833	44
11,52900	44
11,52967	44
11,53033	44
11,53100	45
11,53167	45
11,53233	45
11,53300	45
11,53367	45
11,53433	45
11,53500	45
11,53567	45
11,53633	45
11,53700	45
11,53767	45
11,53833	44
11,53900	44
11,53967	44
11,54033	44
11,54100	44
11,54167	43
11,54233	43
11,54300	43
11,54367	43
11,54433	42
11,54500	42
11,54567	42
11,54633	42
11,54700	43
11,54767	43
11,54833	43
11,54900	43
11,54967	43
11,55033	43
11,55100	43
11,55167	43
11,55233	43
11,55300	43
11,55367	43
11,55433	43
11,55500	42
11,55567	42
11,55633	42
11,55700	42
11,55767	42
11,55833	42
11,55900	42
11,55967	42
11,56033	42
11,56100	42
11,56167	42
11,56233	42
11,56300	42
11,56367	42
11,56433	42
11,56500	42
11,56567	42
11,56633	42
11,56700	42
11,56767	42
11,56833	42
11,56900	42
11,56967	42
11,57033	41
11,57100	41
11,57167	41
11,57233	41
11,57300	41
11,57367	41
11,57433	40
11,57500	40
11,57567	40
11,57633	40
11,57700	40
11,57767	39
11,57833	39
11,57900	39
11,57967	39
11,58033	39
11,58100	39
11,58167	40
11,58233	40
11,58300	40
11,58367	40
11,58433	40
11,58500	40
11,58567	40
11,58633	41
11,58700	41
11,58767	41
11,58833	41
11,58900	41
11,58967	41
11,59033	40
11,59100	40
11,59167	40
11,59233	40
11,59300	40
11,59367	40
11,59433	40
11,59500	40
11,59567	40
11,59633	40
11,59700	40
11,59767	40
11,59833	40
11,59900	40
11,59967	41
11,60033	41
11,60100	41
11,60167	41
11,60233	41
11,60300	40
11,60367	40
11,60433	40
11,60500	40
11,60567	41
11,60633	41
11,60700	41
11,60767	41
11,60833	41
11,60900	41
11,60967	41
11,61033	41
11,61100	41
11,61167	41
11,61233	42
11,61300	42
11,61367	42
11,61433	42
11,61500	43
11,61567	43
11,61633	43
11,61700	43
11,61767	44
11,61833	44
11,61900	44
11,61967	44
11,62033	44
11,62100	44
11,62167	44
11,62233	44
11,62300	44
11,62367	44
11,62433	44
11,62500	44
11,62567	44
11,62633	44
11,62700	43
11,62767	43
11,62833	43
11,62900	43
11,62967	43
11,63033	43
11,63100	43
11,63167	43
11,63233	43
11,63300	43
11,63367	43
11,63433	43
11,63500	44
11,63567	44
11,63633	44
11,63700	44
11,63767	44
11,63833	44
11,63900	44
11,63967	44
11,64033	44
11,64100	44
11,64167	44
11,64233	44
11,64300	44
11,64367	44
11,64433	44
11,64500	44
11,64567	44
11,64633	44
11,64700	44
11,64767	44
11,64833	44
11,64900	44
11,64967	43
11,65033	43
11,65100	43
11,65167	43
11,65233	43
11,65300	43
11,65367	43
11,65433	42
11,65500	42
11,65567	42
11,65633	42
11,65700	42
11,65767	42
11,65833	42
11,65900	42
11,65967	42
11,66033	42
11,66100	43
11,66167	43
11,66233	43
11,66300	43
11,66367	43
11,66433	43
11,66500	44
11,66567	44
11,66633	44
11,66700	44
11,66767	44
11,66833	45
11,66900	45
11,66967	45
11,67033	46
11,67100	46
11,67167	46
11,67233	46
11,67300	46
11,67367	46
11,67433	46
11,67500	46
11,67567	45
11,67633	45
11,67700	45
11,67767	45
11,67833	45
11,67900	45
11,67967	45
11,68033	45
11,68100	45
11,68167	44
11,68233	44
11,68300	44
11,68367	44
11,68433	44
11,68500	44
11,68567	44
11,68633	44
11,68700	44
11,68767	44
11,68833	44
11,68900	44
11,68967	44
11,69033	44
11,69100	44
11,69167	45
11,69233	45
11,69300	45
11,69367	45
11,69433	45
11,69500	45
11,69567	45
11,69633	45
11,69700	44
11,69767	44
11,69833	44
11,69900	44
11,69967	44
11,70033	44
11,70100	44
11,70167	44
11,70233	44
11,70300	44
11,70367	44
11,70433	44
11,70500	44
11,70567	44
11,70633	44
11,70700	44
11,70767	44
11,70833	44
11,70900	44
11,70967	44
11,71033	44
11,71100	44
11,71167	44
11,71233	44
11,71300	44
11,71367	44
11,71433	44
11,71500	44
11,71567	44
11,71633	44
11,71700	44
11,71767	44
11,71833	44
11,71900	44
11,71967	44
11,72033	44
11,72100	44
11,72167	45
11,72233	45
11,72300	46
11,72367	46
11,72433	47
11,72500	47
11,72567	48
11,72633	48
11,72700	48
11,72767	48
11,72833	49
11,72900	49
11,72967	49
11,73033	50
11,73100	50
11,73167	51
11,73233	51
11,73300	51
11,73367	51
11,73433	51
11,73500	51
11,73567	51
11,73633	51
11,73700	51
11,73767	51
11,73833	51
11,73900	51
11,73967	51
11,74033	51
11,74100	51
11,74167	51
11,74233	51
11,74300	51
11,74367	51
11,74433	51
11,74500	51
11,74567	51
11,74633	51
11,74700	51
11,74767	51
11,74833	50
11,74900	50
11,74967	50
11,75033	50
11,75100	50
11,75167	50
11,75233	50
11,75300	49
11,75367	49
11,75433	49
11,75500	49
11,75567	49
11,75633	49
11,75700	49
11,75767	49
11,75833	49
11,75900	48
11,75967	48
11,76033	48
11,76100	48
11,76167	47
11,76233	47
11,76300	47
11,76367	47
11,76433	47
11,76500	47
11,76567	46
11,76633	46
11,76700	46
11,76767	46
11,76833	46
11,76900	46
11,76967	46
11,77033	46
11,77100	46
11,77167	46
11,77233	46
11,77300	45
11,77367	45
11,77433	45
11,77500	45
11,77567	45
11,77633	45
11,77700	45
11,77767	45
11,77833	45
11,77900	45
11,77967	44
11,78033	44
11,78100	44
11,78167	44
11,78233	44
11,78300	43
11,78367	43
11,78433	43
11,78500	43
11,78567	43
11,78633	43
11,78700	43
11,78767	43
11,78833	43
11,78900	42
11,78967	42
11,79033	42
11,79100	43
11,79167	43
11,79233	43
11,79300	43
11,79367	43
11,79433	44
11,79500	44
11,79567	45
11,79633	45
11,79700	45
11,79767	46
11,79833	46
11,79900	46
11,79967	46
11,80033	46
11,80100	46
11,80167	46
11,80233	45
11,80300	45
11,80367	45
11,80433	45
11,80500	45
11,80567	45
11,80633	44
11,80700	44
11,80767	44
11,80833	44
11,80900	45
11,80967	45
11,81033	45
11,81100	46
11,81167	46
11,81233	46
11,81300	47
11,81367	47
11,81433	47
11,81500	47
11,81567	48
11,81633	48
11,81700	48
11,81767	49
11,81833	49
11,81900	49
11,81967	49
11,82033	50
11,82100	50
11,82167	50
11,82233	50
11,82300	50
11,82367	50
11,82433	51
11,82500	51
11,82567	51
11,82633	51
11,82700	51
11,82767	51
11,82833	51
11,82900	51
11,82967	51
11,83033	51
11,83100	51
11,83167	50
11,83233	50
11,83300	50
11,83367	49
11,83433	49
11,83500	49
11,83567	48
11,83633	48
11,83700	48
11,83767	48
11,83833	48
11,83900	48
11,83967	48
11,84033	48
11,84100	48
11,84167	48
11,84233	48
11,84300	48
11,84367	48
11,84433	47
11,84500	47
11,84567	47
11,84633	47
11,84700	46
11,84767	47
11,84833	47
11,84900	47
11,84967	47
11,85033	47
11,85100	47
11,85167	47
11,85233	47
11,85300	47
11,85367	47
11,85433	47
11,85500	47
11,85567	47
11,85633	47
11,85700	46
11,85767	46
11,85833	46
11,85900	46
11,85967	46
11,86033	46
11,86100	46
11,86167	45
11,86233	45
11,86300	45
11,86367	45
11,86433	44
11,86500	44
11,86567	44
11,86633	43
11,86700	43
11,86767	42
11,86833	42
11,86900	42
11,86967	42
11,87033	42
11,87100	42
11,87167	42
11,87233	42
11,87300	42
11,87367	42
11,87433	42
11,87500	42
11,87567	42
11,87633	41
11,87700	41
11,87767	41
11,87833	42
11,87900	42
11,87967	42
11,88033	42
11,88100	42
11,88167	42
11,88233	42
11,88300	43
11,88367	43
11,88433	43
11,88500	43
11,88567	43
11,88633	43
11,88700	43
11,88767	43
11,88833	43
11,88900	43
11,88967	43
11,89033	44
11,89100	44
11,89167	45
11,89233	45
11,89300	46
11,89367	46
11,89433	46
11,89500	46
11,89567	47
11,89633	47
11,89700	47
11,89767	47
11,89833	48
11,89900	48
11,89967	48
11,90033	49
11,90100	49
11,90167	49
11,90233	50
11,90300	50
11,90367	51
11,90433	51
11,90500	51
11,90567	51
11,90633	51
11,90700	51
11,90767	51
11,90833	51
11,90900	51
11,90967	51
11,91033	51
11,91100	51
11,91167	51
11,91233	51
11,91300	51
11,91367	52
11,91433	52
11,91500	52
11,91567	52
11,91633	53
11,91700	53
11,91767	53
11,91833	53
11,91900	53
11,91967	53
11,92033	53
11,92100	53
11,92167	54
11,92233	53
11,92300	54
11,92367	54
11,92433	54
11,92500	54
11,92567	54
11,92633	54
11,92700	55
11,92767	55
11,92833	55
11,92900	55
11,92967	55
11,93033	55
11,93100	55
11,93167	55
11,93233	55
11,93300	56
11,93367	56
11,93433	56
11,93500	56
11,93567	56
11,93633	56
11,93700	56
11,93767	56
11,93833	56
11,93900	56
11,93967	56
11,94033	55
11,94100	55
11,94167	55
11,94233	55
11,94300	54
11,94367	54
11,94433	54
11,94500	54
11,94567	54
11,94633	53
11,94700	53
11,94767	53
11,94833	53
11,94900	54
11,94967	53
11,95033	53
11,95100	53
11,95167	53
11,95233	53
11,95300	53
11,95367	53
11,95433	53
11,95500	53
11,95567	52
11,95633	52
11,95700	52
11,95767	52
11,95833	51
11,95900	51
11,95967	51
11,96033	51
11,96100	51
11,96167	50
11,96233	50
11,96300	50
11,96367	51
11,96433	51
11,96500	51
11,96567	51
11,96633	51
11,96700	51
11,96767	51
11,96833	52
11,96900	52
11,96967	52
11,97033	53
11,97100	53
11,97167	53
11,97233	53
11,97300	53
11,97367	53
11,97433	53
11,97500	53
11,97567	53
11,97633	54
11,97700	54
11,97767	54
11,97833	54
11,97900	54
11,97967	54
11,98033	54
11,98100	53
11,98167	53
11,98233	53
11,98300	53
11,98367	53
11,98433	53
11,98500	53
11,98567	53
11,98633	53
11,98700	54
11,98767	54
11,98833	54
11,98900	54
11,98967	54
11,99033	54
11,99100	54
11,99167	54
11,99233	54
11,99300	54
11,99367	54
11,99433	55
11,99500	55
11,99567	55
11,99633	55
11,99700	56
11,99767	56
11,99833	56
11,99900	56
11,99967	57
12,00033	57
12,00100	57
12,00167	58
12,00233	58
12,00300	58
12,00367	58
12,00433	58
12,00500	58
12,00567	59
12,00633	59
12,00700	60
12,00767	60
12,00833	60
12,00900	61
12,00967	61
12,01033	61
12,01100	61
12,01167	61
12,01233	62
12,01300	62
12,01367	62
12,01433	62
12,01500	62
12,01567	62
12,01633	62
12,01700	62
12,01767	63
12,01833	63
12,01900	63
12,01967	64
12,02033	64
12,02100	65
12,02167	65
12,02233	66
12,02300	66
12,02367	67
12,02433	67
12,02500	68
12,02567	68
12,02633	68
12,02700	69
12,02767	69
12,02833	69
12,02900	69
12,02967	70
12,03033	70
12,03100	70
12,03167	70
12,03233	70
12,03300	70
12,03367	71
12,03433	71
12,03500	71
12,03567	71
12,03633	71
12,03700	71
12,03767	71
12,03833	71
12,03900	71
12,03967	72
12,04033	72
12,04100	72
12,04167	72
12,04233	72
12,04300	72
12,04367	72
12,04433	72
12,04500	72
12,04567	72
12,04633	71
12,04700	71
12,04767	71
12,04833	71
12,04900	71
12,04967	70
12,05033	70
12,05100	70
12,05167	70
12,05233	69
12,05300	69
12,05367	69
12,05433	69
12,05500	69
12,05567	69
12,05633	68
12,05700	68
12,05767	68
12,05833	68
12,05900	68
12,05967	68
12,06033	67
12,06100	67
12,06167	67
12,06233	67
12,06300	66
12,06367	66
12,06433	66
12,06500	66
12,06567	66
12,06633	66
12,06700	66
12,06767	66
12,06833	66
12,06900	66
12,06967	65
12,07033	65
12,07100	65
12,07167	65
12,07233	65
12,07300	65
12,07367	65
12,07433	65
12,07500	65
12,07567	65
12,07633	65
12,07700	65
12,07767	65
12,07833	65
12,07900	66
12,07967	66
12,08033	66
12,08100	66
12,08167	67
12,08233	67
12,08300	67
12,08367	67
12,08433	68
12,08500	68
12,08567	68
12,08633	68
12,08700	68
12,08767	68
12,08833	68
12,08900	67
12,08967	67
12,09033	66
12,09100	66
12,09167	65
12,09233	65
12,09300	65
12,09367	64
12,09433	64
12,09500	63
12,09567	63
12,09633	63
12,09700	63
12,09767	63
12,09833	63
12,09900	62
12,09967	62
12,10033	62
12,10100	62
12,10167	61
12,10233	61
12,10300	61
12,10367	61
12,10433	61
12,10500	61
12,10567	61
12,10633	61
12,10700	61
12,10767	61
12,10833	61
12,10900	61
12,10967	61
12,11033	60
12,11100	60
12,11167	60
12,11233	60
12,11300	60
12,11367	59
12,11433	59
12,11500	59
12,11567	59
12,11633	58
12,11700	58
12,11767	58
12,11833	58
12,11900	57
12,11967	57
12,12033	57
12,12100	56
12,12167	56
12,12233	56
12,12300	56
12,12367	56
12,12433	56
12,12500	56
12,12567	56
12,12633	57
12,12700	57
12,12767	57
12,12833	57
12,12900	57
12,12967	57
12,13033	57
12,13100	57
12,13167	57
12,13233	57
12,13300	57
12,13367	57
12,13433	57
12,13500	57
12,13567	57
12,13633	58
12,13700	58
12,13767	58
12,13833	58
12,13900	58
12,13967	58
12,14033	58
12,14100	58
12,14167	58
12,14233	58
12,14300	58
12,14367	58
12,14433	57
12,14500	57
12,14567	57
12,14633	57
12,14700	57
12,14767	57
12,14833	58
12,14900	58
12,14967	58
12,15033	59
12,15100	59
12,15167	59
12,15233	59
12,15300	59
12,15367	60
12,15433	60
12,15500	60
12,15567	60
12,15633	61
12,15700	61
12,15767	61
12,15833	61
12,15900	61
12,15967	62
12,16033	62
12,16100	62
12,16167	62
12,16233	62
12,16300	62
12,16367	62
12,16433	62
12,16500	62
12,16567	62
12,16633	62
12,16700	62
12,16767	63
12,16833	63
12,16900	63
12,16967	63
12,17033	63
12,17100	64
12,17167	64
12,17233	63
12,17300	63
12,17367	63
12,17433	63
12,17500	63
12,17567	62
12,17633	62
12,17700	62
12,17767	62
12,17833	61
12,17900	61
12,17967	61
12,18033	61
12,18100	61
12,18167	60
12,18233	60
12,18300	60
12,18367	60
12,18433	60
12,18500	59
12,18567	59
12,18633	59
12,18700	59
12,18767	58
12,18833	58
12,18900	58
12,18967	58
12,19033	58
12,19100	58
12,19167	58
12,19233	58
12,19300	58
12,19367	58
12,19433	58
12,19500	58
12,19567	57
12,19633	57
12,19700	57
12,19767	57
12,19833	57
12,19900	57
12,19967	57
12,20033	57
12,20100	57
12,20167	57
12,20233	57
12,20300	57
12,20367	57
12,20433	57
12,20500	57
12,20567	57
12,20633	56
12,20700	56
12,20767	56
12,20833	56
12,20900	55
12,20967	55
12,21033	55
12,21100	55
12,21167	54
12,21233	54
12,21300	54
12,21367	54
12,21433	53
12,21500	53
12,21567	53
12,21633	53
12,21700	52
12,21767	52
12,21833	52
12,21900	51
12,21967	51
12,22033	51
12,22100	51
12,22167	51
12,22233	51
12,22300	51
12,22367	51
12,22433	52
12,22500	52
12,22567	52
12,22633	52
12,22700	53
12,22767	53
12,22833	53
12,22900	53
12,22967	53
12,23033	53
12,23100	53
12,23167	53
12,23233	53
12,23300	53
12,23367	53
12,23433	54
12,23500	54
12,23567	54
12,23633	54
12,23700	54
12,23767	54
12,23833	54
12,23900	54
12,23967	54
12,24033	54
12,24100	54
12,24167	54
12,24233	54
12,24300	55
12,24367	55
12,24433	55
12,24500	55
12,24567	55
12,24633	55
12,24700	55
12,24767	55
12,24833	55
12,24900	55
12,24967	54
12,25033	54
12,25100	54
12,25167	54
12,25233	54
12,25300	54
12,25367	55
12,25433	55
12,25500	55
12,25567	55
12,25633	55
12,25700	55
12,25767	55
12,25833	55
12,25900	55
12,25967	55
12,26033	55
12,26100	55
12,26167	55
12,26233	55
12,26300	55
12,26367	55
12,26433	55
12,26500	55
12,26567	55
12,26633	55
12,26700	55
12,26767	55
12,26833	55
12,26900	55
12,26967	56
12,27033	56
12,27100	56
12,27167	56
12,27233	56
12,27300	56
12,27367	56
12,27433	56
12,27500	56
12,27567	57
12,27633	57
12,27700	57
12,27767	57
12,27833	57
12,27900	58
12,27967	58
12,28033	57
12,28100	57
12,28167	57
12,28233	57
12,28300	57
12,28367	57
12,28433	57
12,28500	57
12,28567	57
12,28633	57
12,28700	57
12,28767	57
12,28833	56
12,28900	56
12,28967	56
12,29033	55
12,29100	55
12,29167	54
12,29233	54
12,29300	54
12,29367	54
12,29433	54
12,29500	54
12,29567	54
12,29633	54
12,29700	54
12,29767	55
12,29833	55
12,29900	55
12,29967	55
12,30033	55
12,30100	55
12,30167	56
12,30233	56
12,30300	56
12,30367	56
12,30433	56
12,30500	56
12,30567	57
12,30633	57
12,30700	57
12,30767	57
12,30833	57
12,30900	57
12,30967	57
12,31033	57
12,31100	57
12,31167	57
12,31233	57
12,31300	57
12,31367	57
12,31433	57
12,31500	57
12,31567	57
12,31633	57
12,31700	57
12,31767	57
12,31833	57
12,31900	57
12,31967	57
12,32033	57
12,32100	57
12,32167	57
12,32233	57
12,32300	57
12,32367	57
12,32433	57
12,32500	57
12,32567	57
12,32633	57
12,32700	57
12,32767	57
12,32833	57
12,32900	57
12,32967	57
12,33033	57
12,33100	58
12,33167	58
12,33233	58
12,33300	58
12,33367	58
12,33433	58
12,33500	58
12,33567	58
12,33633	58
12,33700	59
12,33767	59
12,33833	59
12,33900	59
12,33967	59
12,34033	59
12,34100	59
12,34167	60
12,34233	60
12,34300	60
12,34367	60
12,34433	60
12,34500	60
12,34567	60
12,34633	60
12,34700	60
12,34767	61
12,34833	61
12,34900	61
12,34967	62
12,35033	62
12,35100	63
12,35167	63
12,35233	63
12,35300	63
12,35367	64
12,35433	64
12,35500	64
12,35567	64
12,35633	64
12,35700	64
12,35767	64
12,35833	64
12,35900	64
12,35967	64
12,36033	64
12,36100	64
12,36167	64
12,36233	64
12,36300	64
12,36367	64
12,36433	64
12,36500	64
12,36567	64
12,36633	64
12,36700	64
12,36767	64
12,36833	64
12,36900	64
12,36967	64
12,37033	64
12,37100	65
12,37167	65
12,37233	65
12,37300	65
12,37367	65
12,37433	65
12,37500	65
12,37567	65
12,37633	65
12,37700	65
12,37767	65
12,37833	65
12,37900	65
12,37967	65
12,38033	65
12,38100	65
12,38167	65
12,38233	65
12,38300	66
12,38367	66
12,38433	66
12,38500	66
12,38567	66
12,38633	66
12,38700	66
12,38767	66
12,38833	66
12,38900	66
12,38967	66
12,39033	66
12,39100	66
12,39167	67
12,39233	67
12,39300	67
12,39367	67
12,39433	67
12,39500	67
12,39567	67
12,39633	67
12,39700	67
12,39767	67
12,39833	68
12,39900	68
12,39967	67
12,40033	67
12,40100	67
12,40167	67
12,40233	67
12,40300	67
12,40367	66
12,40433	66
12,40500	66
12,40567	66
12,40633	66
12,40700	66
12,40767	66
12,40833	65
12,40900	65
12,40967	65
12,41033	64
12,41100	64
12,41167	64
12,41233	63
12,41300	63
12,41367	63
12,41433	63
12,41500	63
12,41567	64
12,41633	64
12,41700	64
12,41767	64
12,41833	64
12,41900	63
12,41967	63
12,42033	63
12,42100	62
12,42167	62
12,42233	62
12,42300	62
12,42367	62
12,42433	62
12,42500	62
12,42567	62
12,42633	62
12,42700	62
12,42767	62
12,42833	62
12,42900	62
12,42967	62
12,43033	62
12,43100	62
12,43167	61
12,43233	61
12,43300	61
12,43367	61
12,43433	61
12,43500	61
12,43567	62
12,43633	62
12,43700	62
12,43767	62
12,43833	62
12,43900	62
12,43967	62
12,44033	62
12,44100	62
12,44167	62
12,44233	62
12,44300	62
12,44367	62
12,44433	62
12,44500	62
12,44567	62
12,44633	63
12,44700	63
12,44767	63
12,44833	64
12,44900	64
12,44967	64
12,45033	64
12,45100	64
12,45167	64
12,45233	64
12,45300	64
12,45367	63
12,45433	63
12,45500	63
12,45567	63
12,45633	63
12,45700	63
12,45767	63
12,45833	64
12,45900	64
12,45967	64
12,46033	64
12,46100	64
12,46167	65
12,46233	65
12,46300	65
12,46367	65
12,46433	64
12,46500	64
12,46567	64
12,46633	64
12,46700	64
12,46767	64
12,46833	64
12,46900	64
12,46967	64
12,47033	65
12,47100	65
12,47167	65
12,47233	65
12,47300	65
12,47367	65
12,47433	65
12,47500	64
12,47567	64
12,47633	64
12,47700	64
12,47767	64
12,47833	64
12,47900	64
12,47967	64
12,48033	64
12,48100	64
12,48167	64
12,48233	64
12,48300	64
12,48367	64
12,48433	64
12,48500	64
12,48567	64
12,48633	63
12,48700	63
12,48767	63
12,48833	63
12,48900	63
12,48967	63
12,49033	63
12,49100	63
12,49167	63
12,49233	63
12,49300	63
12,49367	62
12,49433	62
12,49500	62
12,49567	62
12,49633	62
12,49700	62
12,49767	63
12,49833	63
12,49900	63
12,49967	63
12,50033	63
12,50100	63
12,50167	63
12,50233	63
12,50300	63
12,50367	63
12,50433	63
12,50500	63
12,50567	63
12,50633	63
12,50700	63
12,50767	63
12,50833	63
12,50900	62
12,50967	62
12,51033	62
12,51100	62
12,51167	62
12,51233	62
12,51300	61
12,51367	61
12,51433	61
12,51500	61
12,51567	61
12,51633	61
12,51700	61
12,51767	61
12,51833	61
12,51900	61
12,51967	61
12,52033	61
12,52100	61
12,52167	61
12,52233	61
12,52300	61
12,52367	61
12,52433	61
12,52500	62
12,52567	62
12,52633	62
12,52700	62
12,52767	62
12,52833	62
12,52900	63
12,52967	63
12,53033	63
12,53100	63
12,53167	63
12,53233	63
12,53300	63
12,53367	63
12,53433	63
12,53500	63
12,53567	63
12,53633	63
12,53700	63
12,53767	63
12,53833	63
12,53900	63
12,53967	63
12,54033	63
12,54100	63
12,54167	63
12,54233	63
12,54300	63
12,54367	63
12,54433	63
12,54500	64
12,54567	64
12,54633	64
12,54700	64
12,54767	64
12,54833	64
12,54900	64
12,54967	64
12,55033	64
12,55100	64
12,55167	64
12,55233	64
12,55300	63
12,55367	63
12,55433	63
12,55500	63
12,55567	63
12,55633	63
12,55700	63
12,55767	63
12,55833	62
12,55900	62
12,55967	62
12,56033	62
12,56100	61
12,56167	61
12,56233	62
12,56300	62
12,56367	62
12,56433	62
12,56500	62
12,56567	62
12,56633	61
12,56700	61
12,56767	61
12,56833	61
12,56900	61
12,56967	60
12,57033	60
12,57100	60
12,57167	60
12,57233	59
12,57300	59
12,57367	59
12,57433	59
12,57500	59
12,57567	59
12,57633	59
12,57700	59
12,57767	59
12,57833	59
12,57900	59
12,57967	59
12,58033	59
12,58100	59
12,58167	60
12,58233	60
12,58300	60
12,58367	60
12,58433	60
12,58500	60
12,58567	61
12,58633	61
12,58700	61
12,58767	61
12,58833	61
12,58900	61
12,58967	61
12,59033	61
12,59100	61
12,59167	61
12,59233	61
12,59300	60
12,59367	60
12,59433	59
12,59500	59
12,59567	59
12,59633	58
12,59700	58
12,59767	58
12,59833	58
12,59900	58
12,59967	58
12,60033	58
12,60100	58
12,60167	58
12,60233	58
12,60300	58
12,60367	58
12,60433	59
12,60500	59
12,60567	59
12,60633	59
12,60700	59
12,60767	59
12,60833	60
12,60900	60
12,60967	60
12,61033	60
12,61100	60
12,61167	60
12,61233	60
12,61300	60
12,61367	60
12,61433	60
12,61500	60
12,61567	60
12,61633	60
12,61700	60
12,61767	60
12,61833	60
12,61900	60
12,61967	60
12,62033	60
12,62100	60
12,62167	60
12,62233	61
12,62300	61
12,62367	61
12,62433	61
12,62500	61
12,62567	61
12,62633	61
12,62700	61
12,62767	61
12,62833	61
12,62900	62
12,62967	68

