[Header]
Application Name	LabSolutions
Version	5.97
Data File Name	G:\GC data\Mara\MWH_018\MWH_018_t180m_27.02.2026_12.gcd
Output Date	09.04.2026
Output Time	10:47:56

[File Information]
Type	Data File
Generated	27.02.2026 11:18:28
Generated by	System Administrator
Modified	09.04.2026 10:47:55
Modified by	System Administrator

[Sample Information]
Operator Name	System Administrator
Acquired	27.02.2026 11:21:44
Sample Type	0:Unknown
Level	1
Sample Name	MWH_018_t180m
Sample ID	
ISTD Amount1	1
ISTD Amount2	1
ISTD Amount3	1
ISTD Amount4	1
ISTD Amount5	1
ISTD Amount6	1
ISTD Amount7	1
ISTD Amount8	1
ISTD Amount9	1
ISTD Amount10	1
ISTD Amount11	1
ISTD Amount12	1
ISTD Amount13	1
ISTD Amount14	1
ISTD Amount15	1
ISTD Amount16	1
ISTD Amount17	1
ISTD Amount18	1
ISTD Amount19	1
ISTD Amount20	1
ISTD Amount21	1
ISTD Amount22	1
ISTD Amount23	1
ISTD Amount24	1
ISTD Amount25	1
ISTD Amount26	1
ISTD Amount27	1
ISTD Amount28	1
ISTD Amount29	1
ISTD Amount30	1
ISTD Amount31	1
ISTD Amount32	1
Sample Amount	1
Dilution Factor	1
Vial#	10
Injection Volume	0,2
Injection Count	1
Bar Code	

[Original Files]
Data File	G:\GC data\Mara\MWH_018_t180m_27.02.2026_12.gcd
Method File	G:\GC data\MWH3_60-150-200_0-2uL_split50.gcm
Batch File	G:\GC data\Mara\wash_2026-02-27.gcb
Report Format File	c:\LabSolutions\System\DEFAULT.lsr

[File Description]


[Configuration]
Instrument Name	GC-3
Instrument #	1
Line #	1
# of Detectors	1
Detector ID	DET#4
Detector Name	FID1
# of Channels	1

[Peak Table(Ch1)]
# of Peaks	9
Peak#	R.Time	I.Time	F.Time	Area	Height	A/H	Conc.	Mark	ID#	Name	k'	Plate #	Plate Ht.	Tailing	Resolution	Sep.Factor	Area Ratio	Height Ratio	Conc. %	Norm Conc.
1	1,334	1,317	1,410	1907	1502	1,270	0,000	 V 			0,000	29470	0,000	0,000	0,000	0,000	0	0	0,000	0,000
2	1,450	1,424	1,517	90141	69524	1,297	0,000	   			0,088	30748	0,000	1,451	3,650	0,000	0	0	0,000	0,000
3	1,568	1,517	2,068	4790716	3721503	1,287	0,000	SV 			0,176	36817	0,000	1,433	3,587	2,008	0	0	0,000	0,000
4	1,892	1,821	2,049	221219	158303	1,397	0,000	T  			0,419	47171	0,000	1,234	9,614	2,381	0	0	0,000	0,000
5	2,545	2,493	2,824	4611661	2903661	1,588	0,000	   			0,908	65714	0,000	1,024	17,573	2,170	0	0	0,000	0,000
6	3,376	3,323	3,510	2378	550	4,321	0,000	   			1,531	12588	0,000	0,000	10,408	1,686	0	0	0,000	0,000
7	3,924	3,832	4,051	92148	61730	1,493	0,000	 V 			1,943	170049	0,000	1,318	6,948	1,269	0	0	0,000	0,000
8	5,525	5,493	5,591	1105	711	1,553	0,000	   			3,143	305301	0,000	1,316	41,104	1,618	0	0	0,000	0,000
9	7,516	7,477	7,883	131554	78302	1,680	0,000	   			4,637	580655	0,000	1,365	50,274	1,475	0	0	0,000	0,000

[Chromatogram (Ch1)]
Interval(msec)	40
# of Points	18944
Start Time(min)	0,001
End Time(min)	12,629
R.Time (min)	Intensity
0,00067	-2
0,00133	-2
0,00200	-1
0,00267	-1
0,00333	-1
0,00400	-1
0,00467	-1
0,00533	-1
0,00600	-0
0,00667	-0
0,00733	-0
0,00800	-0
0,00867	-0
0,00933	-0
0,01000	-0
0,01067	0
0,01133	0
0,01200	0
0,01267	0
0,01333	0
0,01400	0
0,01467	0
0,01533	0
0,01600	0
0,01667	0
0,01733	-0
0,01800	-0
0,01867	-1
0,01933	-1
0,02000	-1
0,02067	-2
0,02133	-2
0,02200	-2
0,02267	-2
0,02333	-2
0,02400	-2
0,02467	-3
0,02533	-3
0,02600	-3
0,02667	-3
0,02733	-3
0,02800	-3
0,02867	-3
0,02933	-3
0,03000	-3
0,03067	-3
0,03133	-3
0,03200	-2
0,03267	-2
0,03333	-2
0,03400	-2
0,03467	-2
0,03533	-2
0,03600	-2
0,03667	-2
0,03733	-3
0,03800	-3
0,03867	-3
0,03933	-3
0,04000	-3
0,04067	-4
0,04133	-4
0,04200	-4
0,04267	-4
0,04333	-4
0,04400	-3
0,04467	-3
0,04533	-3
0,04600	-3
0,04667	-2
0,04733	-2
0,04800	-2
0,04867	-2
0,04933	-2
0,05000	-2
0,05067	-2
0,05133	-2
0,05200	-2
0,05267	-1
0,05333	-1
0,05400	-1
0,05467	-1
0,05533	-1
0,05600	-1
0,05667	-1
0,05733	-0
0,05800	0
0,05867	0
0,05933	0
0,06000	0
0,06067	-0
0,06133	-0
0,06200	-1
0,06267	-1
0,06333	-2
0,06400	-2
0,06467	-2
0,06533	-2
0,06600	-2
0,06667	-2
0,06733	-2
0,06800	-2
0,06867	-2
0,06933	-2
0,07000	-2
0,07067	-2
0,07133	-2
0,07200	-2
0,07267	-2
0,07333	-2
0,07400	-2
0,07467	-3
0,07533	-3
0,07600	-2
0,07667	-2
0,07733	-2
0,07800	-2
0,07867	-1
0,07933	-1
0,08000	-1
0,08067	-1
0,08133	-1
0,08200	-1
0,08267	-1
0,08333	-1
0,08400	-1
0,08467	-1
0,08533	-2
0,08600	-2
0,08667	-1
0,08733	-1
0,08800	-1
0,08867	-1
0,08933	-1
0,09000	-1
0,09067	-1
0,09133	-1
0,09200	-1
0,09267	-2
0,09333	-2
0,09400	-2
0,09467	-2
0,09533	-1
0,09600	-1
0,09667	-1
0,09733	-1
0,09800	-1
0,09867	-0
0,09933	-0
0,10000	-0
0,10067	-0
0,10133	-0
0,10200	-1
0,10267	-1
0,10333	-1
0,10400	-1
0,10467	-1
0,10533	-0
0,10600	-0
0,10667	0
0,10733	0
0,10800	0
0,10867	1
0,10933	1
0,11000	1
0,11067	1
0,11133	1
0,11200	0
0,11267	0
0,11333	-0
0,11400	-1
0,11467	-1
0,11533	-1
0,11600	-1
0,11667	-1
0,11733	-1
0,11800	-1
0,11867	-1
0,11933	-1
0,12000	-1
0,12067	-1
0,12133	-1
0,12200	-1
0,12267	-1
0,12333	-1
0,12400	-1
0,12467	-0
0,12533	-0
0,12600	-0
0,12667	-0
0,12733	-0
0,12800	0
0,12867	0
0,12933	0
0,13000	0
0,13067	0
0,13133	0
0,13200	0
0,13267	0
0,13333	0
0,13400	-0
0,13467	-0
0,13533	-0
0,13600	-0
0,13667	0
0,13733	0
0,13800	0
0,13867	0
0,13933	0
0,14000	0
0,14067	0
0,14133	0
0,14200	0
0,14267	0
0,14333	0
0,14400	0
0,14467	0
0,14533	0
0,14600	0
0,14667	-0
0,14733	-0
0,14800	-0
0,14867	-1
0,14933	-1
0,15000	-1
0,15067	-1
0,15133	-1
0,15200	-1
0,15267	-1
0,15333	-1
0,15400	-1
0,15467	-1
0,15533	-1
0,15600	-1
0,15667	-1
0,15733	-1
0,15800	-1
0,15867	-1
0,15933	-1
0,16000	-1
0,16067	-0
0,16133	0
0,16200	0
0,16267	1
0,16333	1
0,16400	1
0,16467	2
0,16533	2
0,16600	2
0,16667	2
0,16733	2
0,16800	2
0,16867	2
0,16933	2
0,17000	3
0,17067	3
0,17133	3
0,17200	3
0,17267	3
0,17333	3
0,17400	4
0,17467	4
0,17533	4
0,17600	4
0,17667	4
0,17733	4
0,17800	4
0,17867	4
0,17933	4
0,18000	4
0,18067	4
0,18133	4
0,18200	4
0,18267	4
0,18333	4
0,18400	4
0,18467	4
0,18533	4
0,18600	4
0,18667	4
0,18733	4
0,18800	4
0,18867	4
0,18933	4
0,19000	4
0,19067	4
0,19133	3
0,19200	3
0,19267	3
0,19333	3
0,19400	4
0,19467	4
0,19533	4
0,19600	4
0,19667	4
0,19733	4
0,19800	4
0,19867	4
0,19933	3
0,20000	3
0,20067	3
0,20133	3
0,20200	3
0,20267	3
0,20333	3
0,20400	3
0,20467	3
0,20533	3
0,20600	3
0,20667	4
0,20733	4
0,20800	4
0,20867	4
0,20933	4
0,21000	4
0,21067	4
0,21133	4
0,21200	4
0,21267	5
0,21333	5
0,21400	5
0,21467	5
0,21533	5
0,21600	6
0,21667	6
0,21733	6
0,21800	6
0,21867	6
0,21933	6
0,22000	6
0,22067	5
0,22133	5
0,22200	5
0,22267	5
0,22333	5
0,22400	5
0,22467	5
0,22533	5
0,22600	5
0,22667	5
0,22733	5
0,22800	4
0,22867	4
0,22933	4
0,23000	3
0,23067	3
0,23133	3
0,23200	3
0,23267	3
0,23333	3
0,23400	2
0,23467	2
0,23533	2
0,23600	2
0,23667	2
0,23733	3
0,23800	2
0,23867	2
0,23933	2
0,24000	2
0,24067	2
0,24133	2
0,24200	2
0,24267	2
0,24333	2
0,24400	2
0,24467	3
0,24533	3
0,24600	3
0,24667	3
0,24733	3
0,24800	3
0,24867	2
0,24933	3
0,25000	2
0,25067	2
0,25133	2
0,25200	2
0,25267	2
0,25333	1
0,25400	1
0,25467	1
0,25533	1
0,25600	1
0,25667	1
0,25733	1
0,25800	1
0,25867	1
0,25933	1
0,26000	1
0,26067	1
0,26133	1
0,26200	1
0,26267	1
0,26333	1
0,26400	1
0,26467	2
0,26533	2
0,26600	2
0,26667	3
0,26733	3
0,26800	4
0,26867	4
0,26933	4
0,27000	5
0,27067	5
0,27133	6
0,27200	6
0,27267	6
0,27333	6
0,27400	6
0,27467	7
0,27533	7
0,27600	7
0,27667	7
0,27733	7
0,27800	7
0,27867	8
0,27933	7
0,28000	7
0,28067	7
0,28133	7
0,28200	7
0,28267	7
0,28333	6
0,28400	6
0,28467	6
0,28533	6
0,28600	5
0,28667	5
0,28733	5
0,28800	4
0,28867	4
0,28933	4
0,29000	4
0,29067	4
0,29133	4
0,29200	4
0,29267	4
0,29333	4
0,29400	3
0,29467	3
0,29533	3
0,29600	4
0,29667	4
0,29733	4
0,29800	4
0,29867	4
0,29933	4
0,30000	4
0,30067	4
0,30133	4
0,30200	4
0,30267	4
0,30333	4
0,30400	4
0,30467	4
0,30533	4
0,30600	4
0,30667	4
0,30733	4
0,30800	4
0,30867	4
0,30933	4
0,31000	4
0,31067	4
0,31133	4
0,31200	4
0,31267	4
0,31333	4
0,31400	4
0,31467	4
0,31533	4
0,31600	4
0,31667	4
0,31733	5
0,31800	5
0,31867	5
0,31933	5
0,32000	6
0,32067	6
0,32133	6
0,32200	6
0,32267	6
0,32333	6
0,32400	6
0,32467	5
0,32533	5
0,32600	5
0,32667	5
0,32733	5
0,32800	5
0,32867	5
0,32933	5
0,33000	5
0,33067	5
0,33133	5
0,33200	5
0,33267	5
0,33333	5
0,33400	5
0,33467	4
0,33533	4
0,33600	4
0,33667	4
0,33733	4
0,33800	4
0,33867	4
0,33933	4
0,34000	4
0,34067	4
0,34133	4
0,34200	4
0,34267	4
0,34333	4
0,34400	4
0,34467	4
0,34533	4
0,34600	4
0,34667	4
0,34733	4
0,34800	4
0,34867	4
0,34933	4
0,35000	4
0,35067	4
0,35133	4
0,35200	4
0,35267	4
0,35333	4
0,35400	4
0,35467	5
0,35533	5
0,35600	4
0,35667	4
0,35733	4
0,35800	4
0,35867	4
0,35933	4
0,36000	4
0,36067	4
0,36133	4
0,36200	3
0,36267	3
0,36333	3
0,36400	3
0,36467	3
0,36533	3
0,36600	3
0,36667	2
0,36733	2
0,36800	2
0,36867	2
0,36933	2
0,37000	2
0,37067	2
0,37133	2
0,37200	2
0,37267	2
0,37333	2
0,37400	2
0,37467	2
0,37533	2
0,37600	2
0,37667	2
0,37733	2
0,37800	2
0,37867	1
0,37933	1
0,38000	1
0,38067	0
0,38133	0
0,38200	-0
0,38267	-1
0,38333	-1
0,38400	-1
0,38467	-1
0,38533	-1
0,38600	-1
0,38667	-1
0,38733	-1
0,38800	-1
0,38867	-1
0,38933	-1
0,39000	-1
0,39067	-1
0,39133	-1
0,39200	-1
0,39267	-1
0,39333	-1
0,39400	-1
0,39467	-1
0,39533	-1
0,39600	-1
0,39667	-0
0,39733	-0
0,39800	-0
0,39867	-0
0,39933	-0
0,40000	-1
0,40067	-1
0,40133	-1
0,40200	-1
0,40267	-1
0,40333	-1
0,40400	-1
0,40467	-1
0,40533	-1
0,40600	-1
0,40667	-1
0,40733	-1
0,40800	-1
0,40867	-1
0,40933	-1
0,41000	-1
0,41067	-1
0,41133	-1
0,41200	-1
0,41267	-2
0,41333	-2
0,41400	-2
0,41467	-2
0,41533	-2
0,41600	-2
0,41667	-2
0,41733	-2
0,41800	-2
0,41867	-2
0,41933	-2
0,42000	-2
0,42067	-3
0,42133	-3
0,42200	-3
0,42267	-3
0,42333	-3
0,42400	-3
0,42467	-3
0,42533	-3
0,42600	-4
0,42667	-4
0,42733	-4
0,42800	-4
0,42867	-4
0,42933	-4
0,43000	-4
0,43067	-4
0,43133	-4
0,43200	-5
0,43267	-5
0,43333	-5
0,43400	-5
0,43467	-5
0,43533	-5
0,43600	-5
0,43667	-5
0,43733	-5
0,43800	-5
0,43867	-5
0,43933	-4
0,44000	-4
0,44067	-4
0,44133	-4
0,44200	-3
0,44267	-3
0,44333	-3
0,44400	-3
0,44467	-4
0,44533	-4
0,44600	-4
0,44667	-4
0,44733	-4
0,44800	-4
0,44867	-4
0,44933	-3
0,45000	-3
0,45067	-2
0,45133	-2
0,45200	-2
0,45267	-2
0,45333	-2
0,45400	-2
0,45467	-2
0,45533	-2
0,45600	-2
0,45667	-2
0,45733	-3
0,45800	-3
0,45867	-3
0,45933	-2
0,46000	-2
0,46067	-2
0,46133	-2
0,46200	-2
0,46267	-2
0,46333	-2
0,46400	-2
0,46467	-2
0,46533	-2
0,46600	-2
0,46667	-3
0,46733	-3
0,46800	-3
0,46867	-3
0,46933	-3
0,47000	-2
0,47067	-2
0,47133	-2
0,47200	-1
0,47267	-1
0,47333	-1
0,47400	-0
0,47467	-0
0,47533	-0
0,47600	0
0,47667	0
0,47733	0
0,47800	0
0,47867	0
0,47933	0
0,48000	0
0,48067	1
0,48133	1
0,48200	1
0,48267	0
0,48333	0
0,48400	0
0,48467	0
0,48533	0
0,48600	0
0,48667	0
0,48733	0
0,48800	1
0,48867	1
0,48933	1
0,49000	1
0,49067	2
0,49133	2
0,49200	2
0,49267	2
0,49333	2
0,49400	2
0,49467	2
0,49533	2
0,49600	2
0,49667	1
0,49733	1
0,49800	1
0,49867	1
0,49933	1
0,50000	1
0,50067	1
0,50133	1
0,50200	1
0,50267	1
0,50333	1
0,50400	1
0,50467	1
0,50533	1
0,50600	1
0,50667	1
0,50733	1
0,50800	1
0,50867	1
0,50933	1
0,51000	1
0,51067	0
0,51133	0
0,51200	0
0,51267	1
0,51333	1
0,51400	1
0,51467	1
0,51533	1
0,51600	1
0,51667	1
0,51733	1
0,51800	1
0,51867	0
0,51933	0
0,52000	0
0,52067	0
0,52133	0
0,52200	0
0,52267	0
0,52333	0
0,52400	0
0,52467	0
0,52533	0
0,52600	0
0,52667	1
0,52733	1
0,52800	1
0,52867	1
0,52933	2
0,53000	2
0,53067	2
0,53133	2
0,53200	2
0,53267	2
0,53333	3
0,53400	3
0,53467	3
0,53533	3
0,53600	3
0,53667	3
0,53733	2
0,53800	2
0,53867	2
0,53933	2
0,54000	2
0,54067	1
0,54133	1
0,54200	1
0,54267	1
0,54333	0
0,54400	0
0,54467	-0
0,54533	-1
0,54600	-1
0,54667	-2
0,54733	-2
0,54800	-2
0,54867	-3
0,54933	-3
0,55000	-3
0,55067	-4
0,55133	-4
0,55200	-5
0,55267	-5
0,55333	-6
0,55400	-6
0,55467	-6
0,55533	-6
0,55600	-7
0,55667	-7
0,55733	-7
0,55800	-8
0,55867	-8
0,55933	-8
0,56000	-8
0,56067	-8
0,56133	-8
0,56200	-8
0,56267	-8
0,56333	-8
0,56400	-8
0,56467	-8
0,56533	-8
0,56600	-7
0,56667	-7
0,56733	-7
0,56800	-6
0,56867	-6
0,56933	-6
0,57000	-5
0,57067	-5
0,57133	-5
0,57200	-6
0,57267	-6
0,57333	-6
0,57400	-6
0,57467	-7
0,57533	-7
0,57600	-7
0,57667	-7
0,57733	-7
0,57800	-7
0,57867	-7
0,57933	-7
0,58000	-7
0,58067	-6
0,58133	-6
0,58200	-6
0,58267	-6
0,58333	-6
0,58400	-6
0,58467	-6
0,58533	-6
0,58600	-6
0,58667	-6
0,58733	-6
0,58800	-6
0,58867	-5
0,58933	-5
0,59000	-5
0,59067	-5
0,59133	-5
0,59200	-5
0,59267	-5
0,59333	-5
0,59400	-5
0,59467	-5
0,59533	-5
0,59600	-5
0,59667	-5
0,59733	-5
0,59800	-5
0,59867	-5
0,59933	-5
0,60000	-5
0,60067	-5
0,60133	-5
0,60200	-4
0,60267	-4
0,60333	-4
0,60400	-4
0,60467	-4
0,60533	-4
0,60600	-4
0,60667	-4
0,60733	-4
0,60800	-4
0,60867	-4
0,60933	-3
0,61000	-3
0,61067	-3
0,61133	-3
0,61200	-3
0,61267	-3
0,61333	-3
0,61400	-3
0,61467	-3
0,61533	-3
0,61600	-3
0,61667	-3
0,61733	-3
0,61800	-3
0,61867	-3
0,61933	-3
0,62000	-3
0,62067	-3
0,62133	-3
0,62200	-3
0,62267	-3
0,62333	-3
0,62400	-3
0,62467	-4
0,62533	-4
0,62600	-4
0,62667	-4
0,62733	-4
0,62800	-4
0,62867	-4
0,62933	-4
0,63000	-4
0,63067	-4
0,63133	-4
0,63200	-4
0,63267	-4
0,63333	-4
0,63400	-4
0,63467	-4
0,63533	-4
0,63600	-4
0,63667	-4
0,63733	-4
0,63800	-4
0,63867	-4
0,63933	-4
0,64000	-4
0,64067	-4
0,64133	-5
0,64200	-5
0,64267	-5
0,64333	-5
0,64400	-5
0,64467	-5
0,64533	-5
0,64600	-5
0,64667	-5
0,64733	-5
0,64800	-6
0,64867	-6
0,64933	-6
0,65000	-6
0,65067	-6
0,65133	-6
0,65200	-5
0,65267	-5
0,65333	-5
0,65400	-5
0,65467	-5
0,65533	-5
0,65600	-5
0,65667	-5
0,65733	-5
0,65800	-6
0,65867	-6
0,65933	-6
0,66000	-6
0,66067	-6
0,66133	-6
0,66200	-6
0,66267	-5
0,66333	-5
0,66400	-5
0,66467	-5
0,66533	-5
0,66600	-5
0,66667	-5
0,66733	-5
0,66800	-5
0,66867	-5
0,66933	-5
0,67000	-5
0,67067	-5
0,67133	-5
0,67200	-5
0,67267	-5
0,67333	-6
0,67400	-6
0,67467	-6
0,67533	-6
0,67600	-6
0,67667	-6
0,67733	-6
0,67800	-6
0,67867	-6
0,67933	-6
0,68000	-6
0,68067	-7
0,68133	-7
0,68200	-7
0,68267	-7
0,68333	-7
0,68400	-6
0,68467	-6
0,68533	-6
0,68600	-6
0,68667	-6
0,68733	-6
0,68800	-7
0,68867	-7
0,68933	-7
0,69000	-7
0,69067	-7
0,69133	-7
0,69200	-7
0,69267	-7
0,69333	-6
0,69400	-6
0,69467	-5
0,69533	-5
0,69600	-4
0,69667	-4
0,69733	-4
0,69800	-3
0,69867	-3
0,69933	-3
0,70000	-3
0,70067	-3
0,70133	-3
0,70200	-3
0,70267	-3
0,70333	-3
0,70400	-3
0,70467	-3
0,70533	-3
0,70600	-3
0,70667	-3
0,70733	-3
0,70800	-3
0,70867	-3
0,70933	-3
0,71000	-3
0,71067	-3
0,71133	-3
0,71200	-3
0,71267	-4
0,71333	-4
0,71400	-4
0,71467	-4
0,71533	-4
0,71600	-4
0,71667	-4
0,71733	-4
0,71800	-4
0,71867	-3
0,71933	-3
0,72000	-3
0,72067	-3
0,72133	-4
0,72200	-4
0,72267	-4
0,72333	-4
0,72400	-4
0,72467	-4
0,72533	-4
0,72600	-4
0,72667	-5
0,72733	-5
0,72800	-5
0,72867	-5
0,72933	-5
0,73000	-6
0,73067	-6
0,73133	-6
0,73200	-7
0,73267	-7
0,73333	-8
0,73400	-8
0,73467	-9
0,73533	-9
0,73600	-9
0,73667	-10
0,73733	-10
0,73800	-10
0,73867	-11
0,73933	-11
0,74000	-11
0,74067	-11
0,74133	-11
0,74200	-11
0,74267	-11
0,74333	-11
0,74400	-11
0,74467	-11
0,74533	-11
0,74600	-11
0,74667	-10
0,74733	-10
0,74800	-10
0,74867	-10
0,74933	-10
0,75000	-10
0,75067	-9
0,75133	-9
0,75200	-9
0,75267	-9
0,75333	-9
0,75400	-9
0,75467	-9
0,75533	-8
0,75600	-8
0,75667	-8
0,75733	-8
0,75800	-8
0,75867	-8
0,75933	-8
0,76000	-8
0,76067	-8
0,76133	-8
0,76200	-8
0,76267	-9
0,76333	-9
0,76400	-9
0,76467	-9
0,76533	-9
0,76600	-9
0,76667	-9
0,76733	-9
0,76800	-9
0,76867	-9
0,76933	-9
0,77000	-9
0,77067	-8
0,77133	-8
0,77200	-7
0,77267	-7
0,77333	-7
0,77400	-7
0,77467	-7
0,77533	-7
0,77600	-7
0,77667	-6
0,77733	-6
0,77800	-6
0,77867	-6
0,77933	-6
0,78000	-5
0,78067	-5
0,78133	-5
0,78200	-5
0,78267	-5
0,78333	-5
0,78400	-5
0,78467	-5
0,78533	-5
0,78600	-5
0,78667	-5
0,78733	-5
0,78800	-5
0,78867	-5
0,78933	-5
0,79000	-5
0,79067	-5
0,79133	-4
0,79200	-4
0,79267	-4
0,79333	-3
0,79400	-3
0,79467	-3
0,79533	-2
0,79600	-2
0,79667	-2
0,79733	-1
0,79800	-1
0,79867	-1
0,79933	-1
0,80000	-1
0,80067	-1
0,80133	-1
0,80200	-1
0,80267	-0
0,80333	-0
0,80400	-0
0,80467	-0
0,80533	-1
0,80600	-1
0,80667	-1
0,80733	-1
0,80800	-1
0,80867	-1
0,80933	-1
0,81000	-1
0,81067	-2
0,81133	-2
0,81200	-2
0,81267	-1
0,81333	-1
0,81400	-1
0,81467	-1
0,81533	-1
0,81600	-1
0,81667	-1
0,81733	-1
0,81800	-1
0,81867	-1
0,81933	-1
0,82000	-2
0,82067	-2
0,82133	-2
0,82200	-2
0,82267	-2
0,82333	-1
0,82400	-1
0,82467	-1
0,82533	-1
0,82600	-1
0,82667	-1
0,82733	-1
0,82800	-1
0,82867	-1
0,82933	-1
0,83000	-1
0,83067	-1
0,83133	-1
0,83200	-1
0,83267	-1
0,83333	-1
0,83400	-1
0,83467	-1
0,83533	-1
0,83600	-1
0,83667	-1
0,83733	-1
0,83800	-1
0,83867	-1
0,83933	-1
0,84000	-1
0,84067	-1
0,84133	-0
0,84200	-0
0,84267	0
0,84333	0
0,84400	0
0,84467	0
0,84533	0
0,84600	0
0,84667	0
0,84733	0
0,84800	0
0,84867	-0
0,84933	-0
0,85000	-0
0,85067	-0
0,85133	-0
0,85200	-0
0,85267	-0
0,85333	-0
0,85400	-0
0,85467	-0
0,85533	-0
0,85600	-0
0,85667	-1
0,85733	-1
0,85800	-1
0,85867	-1
0,85933	-1
0,86000	-1
0,86067	-2
0,86133	-2
0,86200	-2
0,86267	-3
0,86333	-3
0,86400	-3
0,86467	-3
0,86533	-3
0,86600	-3
0,86667	-3
0,86733	-3
0,86800	-3
0,86867	-3
0,86933	-3
0,87000	-4
0,87067	-4
0,87133	-4
0,87200	-4
0,87267	-4
0,87333	-4
0,87400	-4
0,87467	-4
0,87533	-4
0,87600	-4
0,87667	-4
0,87733	-4
0,87800	-4
0,87867	-4
0,87933	-4
0,88000	-4
0,88067	-4
0,88133	-4
0,88200	-4
0,88267	-4
0,88333	-4
0,88400	-3
0,88467	-4
0,88533	-4
0,88600	-4
0,88667	-4
0,88733	-4
0,88800	-4
0,88867	-4
0,88933	-3
0,89000	-3
0,89067	-4
0,89133	-4
0,89200	-4
0,89267	-4
0,89333	-5
0,89400	-5
0,89467	-5
0,89533	-5
0,89600	-5
0,89667	-5
0,89733	-5
0,89800	-5
0,89867	-5
0,89933	-5
0,90000	-4
0,90067	-4
0,90133	-4
0,90200	-4
0,90267	-4
0,90333	-4
0,90400	-4
0,90467	-4
0,90533	-4
0,90600	-4
0,90667	-4
0,90733	-3
0,90800	-3
0,90867	-3
0,90933	-2
0,91000	-2
0,91067	-2
0,91133	-2
0,91200	-2
0,91267	-2
0,91333	-2
0,91400	-2
0,91467	-2
0,91533	-2
0,91600	-2
0,91667	-2
0,91733	-2
0,91800	-2
0,91867	-2
0,91933	-2
0,92000	-3
0,92067	-3
0,92133	-3
0,92200	-3
0,92267	-3
0,92333	-4
0,92400	-4
0,92467	-4
0,92533	-4
0,92600	-5
0,92667	-5
0,92733	-5
0,92800	-5
0,92867	-5
0,92933	-5
0,93000	-5
0,93067	-5
0,93133	-4
0,93200	-4
0,93267	-4
0,93333	-4
0,93400	-4
0,93467	-4
0,93533	-4
0,93600	-4
0,93667	-4
0,93733	-4
0,93800	-4
0,93867	-4
0,93933	-4
0,94000	-4
0,94067	-4
0,94133	-4
0,94200	-4
0,94267	-4
0,94333	-4
0,94400	-4
0,94467	-4
0,94533	-4
0,94600	-4
0,94667	-4
0,94733	-3
0,94800	-3
0,94867	-3
0,94933	-3
0,95000	-3
0,95067	-3
0,95133	-3
0,95200	-3
0,95267	-3
0,95333	-3
0,95400	-3
0,95467	-3
0,95533	-3
0,95600	-3
0,95667	-3
0,95733	-4
0,95800	-4
0,95867	-4
0,95933	-4
0,96000	-4
0,96067	-4
0,96133	-3
0,96200	-3
0,96267	-3
0,96333	-3
0,96400	-3
0,96467	-3
0,96533	-3
0,96600	-3
0,96667	-3
0,96733	-3
0,96800	-3
0,96867	-3
0,96933	-3
0,97000	-3
0,97067	-3
0,97133	-3
0,97200	-3
0,97267	-4
0,97333	-4
0,97400	-4
0,97467	-4
0,97533	-4
0,97600	-4
0,97667	-4
0,97733	-4
0,97800	-4
0,97867	-4
0,97933	-4
0,98000	-4
0,98067	-4
0,98133	-4
0,98200	-4
0,98267	-4
0,98333	-4
0,98400	-4
0,98467	-3
0,98533	-3
0,98600	-3
0,98667	-3
0,98733	-3
0,98800	-3
0,98867	-3
0,98933	-3
0,99000	-3
0,99067	-3
0,99133	-3
0,99200	-2
0,99267	-2
0,99333	-2
0,99400	-2
0,99467	-2
0,99533	-2
0,99600	-2
0,99667	-2
0,99733	-2
0,99800	-2
0,99867	-3
0,99933	-3
1,00000	-3
1,00067	-3
1,00133	-3
1,00200	-3
1,00267	-3
1,00333	-4
1,00400	-4
1,00467	-4
1,00533	-4
1,00600	-4
1,00667	-4
1,00733	-4
1,00800	-4
1,00867	-4
1,00933	-4
1,01000	-4
1,01067	-4
1,01133	-4
1,01200	-4
1,01267	-4
1,01333	-4
1,01400	-4
1,01467	-4
1,01533	-4
1,01600	-4
1,01667	-4
1,01733	-4
1,01800	-4
1,01867	-4
1,01933	-4
1,02000	-3
1,02067	-3
1,02133	-3
1,02200	-3
1,02267	-3
1,02333	-3
1,02400	-3
1,02467	-3
1,02533	-3
1,02600	-3
1,02667	-3
1,02733	-3
1,02800	-3
1,02867	-3
1,02933	-3
1,03000	-2
1,03067	-3
1,03133	-3
1,03200	-3
1,03267	-3
1,03333	-3
1,03400	-3
1,03467	-3
1,03533	-3
1,03600	-2
1,03667	-2
1,03733	-1
1,03800	-1
1,03867	-1
1,03933	-1
1,04000	-1
1,04067	-1
1,04133	-0
1,04200	-0
1,04267	-0
1,04333	-0
1,04400	-0
1,04467	0
1,04533	0
1,04600	0
1,04667	0
1,04733	0
1,04800	-0
1,04867	-0
1,04933	-0
1,05000	-0
1,05067	-0
1,05133	-1
1,05200	-1
1,05267	-1
1,05333	-1
1,05400	-1
1,05467	-2
1,05533	-2
1,05600	-2
1,05667	-2
1,05733	-2
1,05800	-2
1,05867	-2
1,05933	-2
1,06000	-3
1,06067	-3
1,06133	-3
1,06200	-3
1,06267	-3
1,06333	-3
1,06400	-3
1,06467	-3
1,06533	-3
1,06600	-3
1,06667	-4
1,06733	-4
1,06800	-4
1,06867	-4
1,06933	-4
1,07000	-5
1,07067	-5
1,07133	-5
1,07200	-5
1,07267	-5
1,07333	-5
1,07400	-5
1,07467	-5
1,07533	-5
1,07600	-5
1,07667	-5
1,07733	-5
1,07800	-5
1,07867	-5
1,07933	-5
1,08000	-5
1,08067	-5
1,08133	-5
1,08200	-5
1,08267	-5
1,08333	-5
1,08400	-5
1,08467	-5
1,08533	-5
1,08600	-5
1,08667	-5
1,08733	-5
1,08800	-5
1,08867	-5
1,08933	-5
1,09000	-5
1,09067	-4
1,09133	-4
1,09200	-4
1,09267	-4
1,09333	-4
1,09400	-4
1,09467	-4
1,09533	-4
1,09600	-4
1,09667	-4
1,09733	-4
1,09800	-4
1,09867	-4
1,09933	-4
1,10000	-4
1,10067	-4
1,10133	-4
1,10200	-3
1,10267	-3
1,10333	-3
1,10400	-3
1,10467	-3
1,10533	-3
1,10600	-3
1,10667	-2
1,10733	-2
1,10800	-2
1,10867	-2
1,10933	-2
1,11000	-2
1,11067	-2
1,11133	-2
1,11200	-2
1,11267	-2
1,11333	-2
1,11400	-2
1,11467	-2
1,11533	-2
1,11600	-2
1,11667	-2
1,11733	-2
1,11800	-2
1,11867	-3
1,11933	-3
1,12000	-3
1,12067	-3
1,12133	-3
1,12200	-3
1,12267	-3
1,12333	-3
1,12400	-3
1,12467	-3
1,12533	-3
1,12600	-3
1,12667	-3
1,12733	-3
1,12800	-3
1,12867	-3
1,12933	-3
1,13000	-2
1,13067	-2
1,13133	-2
1,13200	-2
1,13267	-2
1,13333	-2
1,13400	-2
1,13467	-1
1,13533	-1
1,13600	-1
1,13667	-1
1,13733	-1
1,13800	-1
1,13867	-1
1,13933	-1
1,14000	-1
1,14067	-0
1,14133	0
1,14200	1
1,14267	2
1,14333	4
1,14400	6
1,14467	8
1,14533	11
1,14600	14
1,14667	17
1,14733	21
1,14800	25
1,14867	28
1,14933	32
1,15000	36
1,15067	40
1,15133	44
1,15200	48
1,15267	52
1,15333	55
1,15400	58
1,15467	60
1,15533	62
1,15600	64
1,15667	65
1,15733	66
1,15800	66
1,15867	66
1,15933	65
1,16000	64
1,16067	63
1,16133	61
1,16200	59
1,16267	57
1,16333	55
1,16400	53
1,16467	51
1,16533	49
1,16600	47
1,16667	45
1,16733	42
1,16800	40
1,16867	38
1,16933	36
1,17000	34
1,17067	32
1,17133	30
1,17200	28
1,17267	26
1,17333	25
1,17400	23
1,17467	21
1,17533	20
1,17600	18
1,17667	17
1,17733	16
1,17800	14
1,17867	13
1,17933	12
1,18000	11
1,18067	10
1,18133	10
1,18200	9
1,18267	9
1,18333	9
1,18400	8
1,18467	8
1,18533	9
1,18600	9
1,18667	9
1,18733	10
1,18800	10
1,18867	10
1,18933	11
1,19000	11
1,19067	11
1,19133	11
1,19200	11
1,19267	11
1,19333	10
1,19400	10
1,19467	10
1,19533	10
1,19600	11
1,19667	11
1,19733	11
1,19800	11
1,19867	12
1,19933	13
1,20000	13
1,20067	14
1,20133	15
1,20200	15
1,20267	16
1,20333	16
1,20400	17
1,20467	17
1,20533	18
1,20600	18
1,20667	18
1,20733	18
1,20800	18
1,20867	18
1,20933	18
1,21000	18
1,21067	18
1,21133	17
1,21200	17
1,21267	16
1,21333	16
1,21400	15
1,21467	15
1,21533	15
1,21600	14
1,21667	14
1,21733	14
1,21800	14
1,21867	14
1,21933	14
1,22000	15
1,22067	15
1,22133	15
1,22200	15
1,22267	15
1,22333	15
1,22400	15
1,22467	15
1,22533	15
1,22600	15
1,22667	15
1,22733	15
1,22800	14
1,22867	14
1,22933	14
1,23000	14
1,23067	14
1,23133	14
1,23200	14
1,23267	14
1,23333	14
1,23400	14
1,23467	15
1,23533	16
1,23600	17
1,23667	19
1,23733	22
1,23800	26
1,23867	31
1,23933	38
1,24000	45
1,24067	54
1,24133	63
1,24200	73
1,24267	84
1,24333	95
1,24400	105
1,24467	116
1,24533	125
1,24600	134
1,24667	142
1,24733	148
1,24800	154
1,24867	158
1,24933	161
1,25000	162
1,25067	162
1,25133	161
1,25200	159
1,25267	156
1,25333	153
1,25400	148
1,25467	143
1,25533	138
1,25600	133
1,25667	127
1,25733	121
1,25800	115
1,25867	109
1,25933	103
1,26000	97
1,26067	92
1,26133	87
1,26200	82
1,26267	77
1,26333	72
1,26400	68
1,26467	63
1,26533	59
1,26600	55
1,26667	51
1,26733	47
1,26800	44
1,26867	41
1,26933	37
1,27000	35
1,27067	32
1,27133	29
1,27200	27
1,27267	24
1,27333	22
1,27400	20
1,27467	18
1,27533	17
1,27600	15
1,27667	14
1,27733	13
1,27800	13
1,27867	13
1,27933	14
1,28000	15
1,28067	18
1,28133	21
1,28200	26
1,28267	33
1,28333	41
1,28400	52
1,28467	64
1,28533	78
1,28600	94
1,28667	112
1,28733	132
1,28800	154
1,28867	178
1,28933	203
1,29000	229
1,29067	255
1,29133	281
1,29200	306
1,29267	330
1,29333	352
1,29400	371
1,29467	388
1,29533	401
1,29600	410
1,29667	417
1,29733	419
1,29800	419
1,29867	415
1,29933	409
1,30000	400
1,30067	389
1,30133	377
1,30200	363
1,30267	348
1,30333	332
1,30400	316
1,30467	299
1,30533	283
1,30600	267
1,30667	250
1,30733	235
1,30800	219
1,30867	204
1,30933	190
1,31000	177
1,31067	164
1,31133	152
1,31200	141
1,31267	130
1,31333	121
1,31400	112
1,31467	104
1,31533	97
1,31600	91
1,31667	88
1,31733	87
1,31800	89
1,31867	96
1,31933	109
1,32000	130
1,32067	161
1,32133	202
1,32200	256
1,32267	323
1,32333	404
1,32400	495
1,32467	597
1,32533	705
1,32600	817
1,32667	930
1,32733	1040
1,32800	1143
1,32867	1237
1,32933	1320
1,33000	1389
1,33067	1445
1,33133	1486
1,33200	1513
1,33267	1525
1,33333	1524
1,33400	1511
1,33467	1488
1,33533	1455
1,33600	1414
1,33667	1367
1,33733	1315
1,33800	1259
1,33867	1201
1,33933	1141
1,34000	1081
1,34067	1020
1,34133	961
1,34200	903
1,34267	847
1,34333	792
1,34400	741
1,34467	691
1,34533	645
1,34600	601
1,34667	559
1,34733	521
1,34800	485
1,34867	452
1,34933	421
1,35000	392
1,35067	366
1,35133	341
1,35200	319
1,35267	297
1,35333	278
1,35400	259
1,35467	242
1,35533	226
1,35600	211
1,35667	197
1,35733	184
1,35800	172
1,35867	160
1,35933	149
1,36000	139
1,36067	129
1,36133	120
1,36200	111
1,36267	103
1,36333	95
1,36400	88
1,36467	82
1,36533	75
1,36600	70
1,36667	64
1,36733	59
1,36800	55
1,36867	51
1,36933	47
1,37000	44
1,37067	40
1,37133	37
1,37200	34
1,37267	31
1,37333	29
1,37400	27
1,37467	24
1,37533	22
1,37600	21
1,37667	19
1,37733	18
1,37800	16
1,37867	15
1,37933	13
1,38000	12
1,38067	11
1,38133	10
1,38200	10
1,38267	9
1,38333	8
1,38400	8
1,38467	7
1,38533	6
1,38600	6
1,38667	5
1,38733	5
1,38800	4
1,38867	4
1,38933	4
1,39000	3
1,39067	3
1,39133	3
1,39200	2
1,39267	2
1,39333	2
1,39400	1
1,39467	1
1,39533	1
1,39600	1
1,39667	1
1,39733	1
1,39800	1
1,39867	1
1,39933	1
1,40000	1
1,40067	1
1,40133	1
1,40200	1
1,40267	0
1,40333	0
1,40400	0
1,40467	-0
1,40533	-1
1,40600	-1
1,40667	-1
1,40733	-1
1,40800	-1
1,40867	-1
1,40933	-1
1,41000	-1
1,41067	-1
1,41133	-1
1,41200	-1
1,41267	-1
1,41333	-1
1,41400	-1
1,41467	-1
1,41533	-1
1,41600	-1
1,41667	-2
1,41733	-2
1,41800	-2
1,41867	-2
1,41933	-2
1,42000	-2
1,42067	-2
1,42133	-2
1,42200	-2
1,42267	-2
1,42333	-2
1,42400	-2
1,42467	-2
1,42533	-1
1,42600	0
1,42667	2
1,42733	6
1,42800	14
1,42867	28
1,42933	54
1,43000	99
1,43067	176
1,43133	305
1,43200	516
1,43267	844
1,43333	1339
1,43400	2050
1,43467	3029
1,43533	4328
1,43600	5988
1,43667	8042
1,43733	10506
1,43800	13381
1,43867	16651
1,43933	20285
1,44000	24230
1,44067	28426
1,44133	32799
1,44200	37267
1,44267	41747
1,44333	46149
1,44400	50388
1,44467	54380
1,44533	58048
1,44600	61327
1,44667	64161
1,44733	66504
1,44800	68322
1,44867	69598
1,44933	70331
1,45000	70530
1,45067	70219
1,45133	69436
1,45200	68225
1,45267	66638
1,45333	64731
1,45400	62560
1,45467	60180
1,45533	57642
1,45600	54995
1,45667	52280
1,45733	49536
1,45800	46794
1,45867	44082
1,45933	41421
1,46000	38830
1,46067	36324
1,46133	33912
1,46200	31603
1,46267	29401
1,46333	27310
1,46400	25331
1,46467	23464
1,46533	21707
1,46600	20058
1,46667	18515
1,46733	17073
1,46800	15728
1,46867	14476
1,46933	13313
1,47000	12235
1,47067	11235
1,47133	10310
1,47200	9455
1,47267	8667
1,47333	7939
1,47400	7269
1,47467	6653
1,47533	6086
1,47600	5566
1,47667	5088
1,47733	4650
1,47800	4248
1,47867	3881
1,47933	3544
1,48000	3236
1,48067	2955
1,48133	2698
1,48200	2463
1,48267	2248
1,48333	2053
1,48400	1875
1,48467	1712
1,48533	1564
1,48600	1429
1,48667	1306
1,48733	1194
1,48800	1093
1,48867	1000
1,48933	916
1,49000	839
1,49067	770
1,49133	706
1,49200	649
1,49267	596
1,49333	549
1,49400	506
1,49467	467
1,49533	431
1,49600	399
1,49667	370
1,49733	343
1,49800	319
1,49867	296
1,49933	276
1,50000	257
1,50067	240
1,50133	225
1,50200	211
1,50267	198
1,50333	186
1,50400	176
1,50467	167
1,50533	158
1,50600	151
1,50667	144
1,50733	138
1,50800	133
1,50867	128
1,50933	124
1,51000	120
1,51067	116
1,51133	113
1,51200	110
1,51267	108
1,51333	105
1,51400	103
1,51467	101
1,51533	99
1,51600	97
1,51667	95
1,51733	95
1,51800	95
1,51867	95
1,51933	98
1,52000	102
1,52067	108
1,52133	117
1,52200	130
1,52267	147
1,52333	168
1,52400	194
1,52467	227
1,52533	264
1,52600	308
1,52667	356
1,52733	409
1,52800	466
1,52867	526
1,52933	587
1,53000	648
1,53067	708
1,53133	765
1,53200	819
1,53267	867
1,53333	910
1,53400	946
1,53467	975
1,53533	997
1,53600	1011
1,53667	1017
1,53733	1017
1,53800	1009
1,53867	996
1,53933	977
1,54000	955
1,54067	931
1,54133	908
1,54200	892
1,54267	892
1,54333	928
1,54400	1039
1,54467	1297
1,54533	1834
1,54600	2843
1,54667	4622
1,54733	7591
1,54800	12356
1,54867	19705
1,54933	30722
1,55000	46761
1,55067	69539
1,55133	100992
1,55200	143318
1,55267	198807
1,55333	269851
1,55400	358614
1,55467	466987
1,55533	596413
1,55600	747563
1,55667	920335
1,55733	1113689
1,55800	1325567
1,55867	1552824
1,55933	1791517
1,56000	2036964
1,56067	2283953
1,56133	2527087
1,56200	2760938
1,56267	2980365
1,56333	3180601
1,56400	3357656
1,56467	3508214
1,56533	3630038
1,56600	3721532
1,56667	3782085
1,56733	3811893
1,56800	3812186
1,56867	3784618
1,56933	3731525
1,57000	3655644
1,57067	3559999
1,57133	3447763
1,57200	3322114
1,57267	3186121
1,57333	3042650
1,57400	2894313
1,57467	2743420
1,57533	2591965
1,57600	2441633
1,57667	2293810
1,57733	2149615
1,57800	2009921
1,57867	1875392
1,57933	1746509
1,58000	1623597
1,58067	1506854
1,58133	1396368
1,58200	1292141
1,58267	1194105
1,58333	1102134
1,58400	1016059
1,58467	935679
1,58533	860768
1,58600	791082
1,58667	726367
1,58733	666366
1,58800	610815
1,58867	559457
1,58933	512036
1,59000	468303
1,59067	428018
1,59133	390947
1,59200	356870
1,59267	325575
1,59333	296861
1,59400	270537
1,59467	246425
1,59533	224356
1,59600	204173
1,59667	185727
1,59733	168882
1,59800	153507
1,59867	139484
1,59933	126702
1,60000	115057
1,60067	104454
1,60133	94805
1,60200	86029
1,60267	78051
1,60333	70801
1,60400	64215
1,60467	58236
1,60533	52810
1,60600	47886
1,60667	43421
1,60733	39373
1,60800	35703
1,60867	32378
1,60933	29366
1,61000	26638
1,61067	24167
1,61133	21931
1,61200	19907
1,61267	18075
1,61333	16417
1,61400	14918
1,61467	13561
1,61533	12334
1,61600	11224
1,61667	10220
1,61733	9311
1,61800	8490
1,61867	7747
1,61933	7075
1,62000	6468
1,62067	5918
1,62133	5421
1,62200	4972
1,62267	4565
1,62333	4197
1,62400	3864
1,62467	3563
1,62533	3290
1,62600	3044
1,62667	2820
1,62733	2618
1,62800	2434
1,62867	2268
1,62933	2117
1,63000	1980
1,63067	1855
1,63133	1742
1,63200	1639
1,63267	1546
1,63333	1460
1,63400	1383
1,63467	1312
1,63533	1247
1,63600	1187
1,63667	1133
1,63733	1083
1,63800	1037
1,63867	994
1,63933	955
1,64000	918
1,64067	885
1,64133	853
1,64200	824
1,64267	797
1,64333	771
1,64400	747
1,64467	725
1,64533	704
1,64600	684
1,64667	665
1,64733	647
1,64800	631
1,64867	615
1,64933	599
1,65000	585
1,65067	571
1,65133	558
1,65200	545
1,65267	533
1,65333	522
1,65400	511
1,65467	500
1,65533	490
1,65600	481
1,65667	471
1,65733	462
1,65800	454
1,65867	446
1,65933	437
1,66000	429
1,66067	422
1,66133	414
1,66200	406
1,66267	399
1,66333	392
1,66400	386
1,66467	379
1,66533	373
1,66600	367
1,66667	361
1,66733	355
1,66800	350
1,66867	344
1,66933	339
1,67000	333
1,67067	328
1,67133	324
1,67200	319
1,67267	315
1,67333	310
1,67400	306
1,67467	302
1,67533	298
1,67600	294
1,67667	290
1,67733	286
1,67800	282
1,67867	279
1,67933	275
1,68000	271
1,68067	267
1,68133	263
1,68200	259
1,68267	256
1,68333	252
1,68400	249
1,68467	245
1,68533	242
1,68600	238
1,68667	235
1,68733	232
1,68800	229
1,68867	226
1,68933	223
1,69000	221
1,69067	218
1,69133	215
1,69200	213
1,69267	210
1,69333	208
1,69400	205
1,69467	203
1,69533	200
1,69600	198
1,69667	195
1,69733	193
1,69800	191
1,69867	189
1,69933	187
1,70000	185
1,70067	183
1,70133	181
1,70200	179
1,70267	177
1,70333	176
1,70400	174
1,70467	172
1,70533	170
1,70600	168
1,70667	166
1,70733	165
1,70800	164
1,70867	162
1,70933	161
1,71000	160
1,71067	158
1,71133	157
1,71200	155
1,71267	154
1,71333	152
1,71400	150
1,71467	149
1,71533	147
1,71600	145
1,71667	144
1,71733	142
1,71800	141
1,71867	139
1,71933	138
1,72000	137
1,72067	135
1,72133	134
1,72200	133
1,72267	132
1,72333	132
1,72400	131
1,72467	130
1,72533	130
1,72600	130
1,72667	130
1,72733	131
1,72800	132
1,72867	133
1,72933	135
1,73000	136
1,73067	138
1,73133	140
1,73200	142
1,73267	144
1,73333	146
1,73400	148
1,73467	149
1,73533	151
1,73600	152
1,73667	153
1,73733	154
1,73800	154
1,73867	155
1,73933	155
1,74000	154
1,74067	154
1,74133	153
1,74200	152
1,74267	151
1,74333	150
1,74400	148
1,74467	147
1,74533	145
1,74600	143
1,74667	141
1,74733	139
1,74800	137
1,74867	135
1,74933	133
1,75000	131
1,75067	129
1,75133	127
1,75200	125
1,75267	123
1,75333	121
1,75400	119
1,75467	118
1,75533	116
1,75600	115
1,75667	113
1,75733	112
1,75800	111
1,75867	110
1,75933	109
1,76000	109
1,76067	108
1,76133	108
1,76200	108
1,76267	107
1,76333	107
1,76400	107
1,76467	107
1,76533	106
1,76600	106
1,76667	106
1,76733	105
1,76800	105
1,76867	104
1,76933	104
1,77000	103
1,77067	103
1,77133	102
1,77200	101
1,77267	100
1,77333	98
1,77400	97
1,77467	95
1,77533	94
1,77600	92
1,77667	90
1,77733	89
1,77800	87
1,77867	86
1,77933	84
1,78000	83
1,78067	82
1,78133	81
1,78200	79
1,78267	78
1,78333	77
1,78400	76
1,78467	75
1,78533	74
1,78600	73
1,78667	72
1,78733	71
1,78800	70
1,78867	69
1,78933	68
1,79000	68
1,79067	67
1,79133	66
1,79200	65
1,79267	65
1,79333	65
1,79400	64
1,79467	64
1,79533	64
1,79600	64
1,79667	63
1,79733	63
1,79800	62
1,79867	62
1,79933	61
1,80000	61
1,80067	60
1,80133	59
1,80200	59
1,80267	59
1,80333	58
1,80400	58
1,80467	58
1,80533	58
1,80600	58
1,80667	58
1,80733	58
1,80800	58
1,80867	58
1,80933	57
1,81000	57
1,81067	57
1,81133	57
1,81200	57
1,81267	57
1,81333	57
1,81400	57
1,81467	57
1,81533	57
1,81600	56
1,81667	56
1,81733	56
1,81800	56
1,81867	56
1,81933	56
1,82000	56
1,82067	55
1,82133	55
1,82200	55
1,82267	55
1,82333	55
1,82400	55
1,82467	54
1,82533	54
1,82600	54
1,82667	54
1,82733	54
1,82800	53
1,82867	53
1,82933	52
1,83000	52
1,83067	51
1,83133	50
1,83200	50
1,83267	49
1,83333	49
1,83400	48
1,83467	48
1,83533	48
1,83600	47
1,83667	47
1,83733	47
1,83800	47
1,83867	46
1,83933	46
1,84000	46
1,84067	46
1,84133	45
1,84200	45
1,84267	44
1,84333	44
1,84400	44
1,84467	43
1,84533	43
1,84600	43
1,84667	43
1,84733	43
1,84800	42
1,84867	42
1,84933	42
1,85000	42
1,85067	41
1,85133	41
1,85200	41
1,85267	41
1,85333	40
1,85400	40
1,85467	40
1,85533	39
1,85600	39
1,85667	39
1,85733	39
1,85800	39
1,85867	40
1,85933	40
1,86000	41
1,86067	42
1,86133	45
1,86200	50
1,86267	59
1,86333	76
1,86400	104
1,86467	152
1,86533	230
1,86600	354
1,86667	546
1,86733	832
1,86800	1241
1,86867	1806
1,86933	2557
1,87000	3529
1,87067	4753
1,87133	6259
1,87200	8071
1,87267	10216
1,87333	12715
1,87400	15587
1,87467	18845
1,87533	22499
1,87600	26551
1,87667	30998
1,87733	35840
1,87800	41068
1,87867	46675
1,87933	52646
1,88000	58964
1,88067	65612
1,88133	72575
1,88200	79827
1,88267	87341
1,88333	95075
1,88400	102976
1,88467	110983
1,88533	119018
1,88600	126974
1,88667	134708
1,88733	142039
1,88800	148756
1,88867	154626
1,88933	159420
1,89000	162951
1,89067	165104
1,89133	165845
1,89200	165213
1,89267	163309
1,89333	160276
1,89400	156279
1,89467	151487
1,89533	146064
1,89600	140163
1,89667	133920
1,89733	127458
1,89800	120881
1,89867	114276
1,89933	107718
1,90000	101266
1,90067	94969
1,90133	88865
1,90200	82982
1,90267	77342
1,90333	71959
1,90400	66841
1,90467	61994
1,90533	57418
1,90600	53110
1,90667	49066
1,90733	45277
1,90800	41737
1,90867	38435
1,90933	35361
1,91000	32505
1,91067	29855
1,91133	27399
1,91200	25127
1,91267	23028
1,91333	21091
1,91400	19306
1,91467	17662
1,91533	16149
1,91600	14759
1,91667	13483
1,91733	12312
1,91800	11239
1,91867	10256
1,91933	9356
1,92000	8533
1,92067	7781
1,92133	7094
1,92200	6467
1,92267	5895
1,92333	5373
1,92400	4897
1,92467	4464
1,92533	4069
1,92600	3710
1,92667	3383
1,92733	3086
1,92800	2816
1,92867	2570
1,92933	2347
1,93000	2144
1,93067	1959
1,93133	1792
1,93200	1640
1,93267	1502
1,93333	1376
1,93400	1262
1,93467	1159
1,93533	1066
1,93600	980
1,93667	903
1,93733	833
1,93800	769
1,93867	712
1,93933	659
1,94000	612
1,94067	568
1,94133	529
1,94200	494
1,94267	461
1,94333	432
1,94400	405
1,94467	381
1,94533	358
1,94600	338
1,94667	320
1,94733	303
1,94800	287
1,94867	273
1,94933	260
1,95000	249
1,95067	238
1,95133	228
1,95200	219
1,95267	210
1,95333	202
1,95400	195
1,95467	188
1,95533	182
1,95600	176
1,95667	170
1,95733	165
1,95800	160
1,95867	156
1,95933	152
1,96000	148
1,96067	144
1,96133	141
1,96200	138
1,96267	135
1,96333	132
1,96400	129
1,96467	127
1,96533	125
1,96600	123
1,96667	121
1,96733	119
1,96800	116
1,96867	114
1,96933	113
1,97000	111
1,97067	109
1,97133	107
1,97200	106
1,97267	104
1,97333	103
1,97400	101
1,97467	100
1,97533	99
1,97600	97
1,97667	96
1,97733	95
1,97800	94
1,97867	93
1,97933	91
1,98000	90
1,98067	89
1,98133	88
1,98200	87
1,98267	86
1,98333	84
1,98400	84
1,98467	83
1,98533	82
1,98600	81
1,98667	80
1,98733	79
1,98800	79
1,98867	78
1,98933	77
1,99000	77
1,99067	76
1,99133	75
1,99200	74
1,99267	74
1,99333	73
1,99400	72
1,99467	72
1,99533	71
1,99600	71
1,99667	70
1,99733	69
1,99800	69
1,99867	68
1,99933	68
2,00000	67
2,00067	67
2,00133	66
2,00200	65
2,00267	65
2,00333	64
2,00400	64
2,00467	63
2,00533	63
2,00600	63
2,00667	62
2,00733	62
2,00800	62
2,00867	61
2,00933	61
2,01000	60
2,01067	59
2,01133	59
2,01200	58
2,01267	58
2,01333	57
2,01400	56
2,01467	56
2,01533	55
2,01600	55
2,01667	55
2,01733	54
2,01800	54
2,01867	54
2,01933	53
2,02000	53
2,02067	52
2,02133	52
2,02200	51
2,02267	50
2,02333	50
2,02400	49
2,02467	48
2,02533	48
2,02600	47
2,02667	47
2,02733	46
2,02800	46
2,02867	45
2,02933	45
2,03000	45
2,03067	45
2,03133	45
2,03200	44
2,03267	44
2,03333	44
2,03400	44
2,03467	43
2,03533	43
2,03600	43
2,03667	43
2,03733	42
2,03800	42
2,03867	42
2,03933	42
2,04000	41
2,04067	41
2,04133	41
2,04200	40
2,04267	40
2,04333	40
2,04400	40
2,04467	39
2,04533	39
2,04600	39
2,04667	39
2,04733	39
2,04800	39
2,04867	39
2,04933	39
2,05000	38
2,05067	38
2,05133	38
2,05200	38
2,05267	38
2,05333	37
2,05400	37
2,05467	37
2,05533	37
2,05600	36
2,05667	36
2,05733	36
2,05800	36
2,05867	36
2,05933	36
2,06000	35
2,06067	35
2,06133	35
2,06200	35
2,06267	35
2,06333	34
2,06400	34
2,06467	34
2,06533	34
2,06600	34
2,06667	34
2,06733	34
2,06800	33
2,06867	33
2,06933	33
2,07000	33
2,07067	33
2,07133	33
2,07200	33
2,07267	33
2,07333	33
2,07400	33
2,07467	32
2,07533	32
2,07600	32
2,07667	32
2,07733	31
2,07800	31
2,07867	31
2,07933	31
2,08000	31
2,08067	30
2,08133	30
2,08200	30
2,08267	30
2,08333	29
2,08400	29
2,08467	29
2,08533	29
2,08600	29
2,08667	29
2,08733	29
2,08800	29
2,08867	29
2,08933	29
2,09000	29
2,09067	29
2,09133	29
2,09200	29
2,09267	29
2,09333	29
2,09400	30
2,09467	30
2,09533	30
2,09600	30
2,09667	30
2,09733	30
2,09800	30
2,09867	30
2,09933	30
2,10000	29
2,10067	29
2,10133	29
2,10200	29
2,10267	29
2,10333	29
2,10400	29
2,10467	29
2,10533	29
2,10600	29
2,10667	28
2,10733	28
2,10800	28
2,10867	28
2,10933	28
2,11000	28
2,11067	28
2,11133	27
2,11200	27
2,11267	27
2,11333	27
2,11400	27
2,11467	27
2,11533	27
2,11600	27
2,11667	27
2,11733	26
2,11800	26
2,11867	26
2,11933	25
2,12000	25
2,12067	25
2,12133	24
2,12200	24
2,12267	24
2,12333	24
2,12400	24
2,12467	23
2,12533	23
2,12600	23
2,12667	23
2,12733	23
2,12800	23
2,12867	23
2,12933	23
2,13000	23
2,13067	23
2,13133	23
2,13200	23
2,13267	23
2,13333	23
2,13400	23
2,13467	23
2,13533	23
2,13600	23
2,13667	24
2,13733	24
2,13800	24
2,13867	24
2,13933	24
2,14000	23
2,14067	23
2,14133	23
2,14200	23
2,14267	23
2,14333	23
2,14400	23
2,14467	23
2,14533	23
2,14600	23
2,14667	23
2,14733	23
2,14800	23
2,14867	23
2,14933	24
2,15000	24
2,15067	24
2,15133	24
2,15200	24
2,15267	24
2,15333	25
2,15400	25
2,15467	25
2,15533	25
2,15600	25
2,15667	25
2,15733	25
2,15800	25
2,15867	25
2,15933	25
2,16000	25
2,16067	25
2,16133	25
2,16200	25
2,16267	25
2,16333	25
2,16400	25
2,16467	25
2,16533	25
2,16600	25
2,16667	25
2,16733	25
2,16800	25
2,16867	25
2,16933	24
2,17000	24
2,17067	24
2,17133	24
2,17200	24
2,17267	23
2,17333	23
2,17400	23
2,17467	23
2,17533	23
2,17600	23
2,17667	23
2,17733	23
2,17800	23
2,17867	23
2,17933	23
2,18000	23
2,18067	22
2,18133	22
2,18200	22
2,18267	21
2,18333	21
2,18400	21
2,18467	20
2,18533	20
2,18600	20
2,18667	19
2,18733	19
2,18800	19
2,18867	19
2,18933	19
2,19000	19
2,19067	19
2,19133	19
2,19200	19
2,19267	19
2,19333	19
2,19400	19
2,19467	20
2,19533	20
2,19600	20
2,19667	20
2,19733	21
2,19800	21
2,19867	21
2,19933	21
2,20000	21
2,20067	21
2,20133	20
2,20200	20
2,20267	20
2,20333	20
2,20400	20
2,20467	20
2,20533	19
2,20600	19
2,20667	19
2,20733	19
2,20800	19
2,20867	19
2,20933	19
2,21000	19
2,21067	19
2,21133	19
2,21200	19
2,21267	19
2,21333	19
2,21400	19
2,21467	18
2,21533	18
2,21600	18
2,21667	18
2,21733	17
2,21800	17
2,21867	17
2,21933	17
2,22000	17
2,22067	17
2,22133	17
2,22200	17
2,22267	17
2,22333	16
2,22400	16
2,22467	16
2,22533	16
2,22600	16
2,22667	16
2,22733	16
2,22800	17
2,22867	17
2,22933	17
2,23000	18
2,23067	18
2,23133	19
2,23200	19
2,23267	20
2,23333	21
2,23400	21
2,23467	22
2,23533	22
2,23600	23
2,23667	23
2,23733	23
2,23800	23
2,23867	23
2,23933	23
2,24000	23
2,24067	23
2,24133	22
2,24200	22
2,24267	22
2,24333	22
2,24400	22
2,24467	21
2,24533	21
2,24600	21
2,24667	20
2,24733	20
2,24800	20
2,24867	19
2,24933	19
2,25000	19
2,25067	18
2,25133	18
2,25200	18
2,25267	17
2,25333	17
2,25400	16
2,25467	16
2,25533	16
2,25600	16
2,25667	15
2,25733	15
2,25800	15
2,25867	14
2,25933	14
2,26000	13
2,26067	13
2,26133	13
2,26200	12
2,26267	12
2,26333	12
2,26400	12
2,26467	12
2,26533	12
2,26600	12
2,26667	12
2,26733	12
2,26800	12
2,26867	12
2,26933	12
2,27000	12
2,27067	12
2,27133	12
2,27200	12
2,27267	12
2,27333	13
2,27400	13
2,27467	13
2,27533	13
2,27600	14
2,27667	14
2,27733	14
2,27800	14
2,27867	15
2,27933	15
2,28000	15
2,28067	15
2,28133	15
2,28200	16
2,28267	16
2,28333	16
2,28400	16
2,28467	16
2,28533	16
2,28600	16
2,28667	16
2,28733	15
2,28800	15
2,28867	14
2,28933	14
2,29000	13
2,29067	12
2,29133	12
2,29200	11
2,29267	11
2,29333	11
2,29400	11
2,29467	11
2,29533	11
2,29600	11
2,29667	11
2,29733	11
2,29800	11
2,29867	11
2,29933	11
2,30000	11
2,30067	11
2,30133	11
2,30200	10
2,30267	10
2,30333	10
2,30400	10
2,30467	9
2,30533	9
2,30600	9
2,30667	9
2,30733	9
2,30800	9
2,30867	9
2,30933	10
2,31000	9
2,31067	9
2,31133	9
2,31200	9
2,31267	9
2,31333	9
2,31400	8
2,31467	8
2,31533	8
2,31600	8
2,31667	8
2,31733	8
2,31800	8
2,31867	8
2,31933	8
2,32000	8
2,32067	8
2,32133	8
2,32200	8
2,32267	8
2,32333	8
2,32400	8
2,32467	9
2,32533	9
2,32600	9
2,32667	9
2,32733	9
2,32800	9
2,32867	10
2,32933	10
2,33000	10
2,33067	10
2,33133	10
2,33200	10
2,33267	10
2,33333	10
2,33400	10
2,33467	10
2,33533	10
2,33600	10
2,33667	10
2,33733	11
2,33800	11
2,33867	11
2,33933	11
2,34000	11
2,34067	11
2,34133	11
2,34200	12
2,34267	12
2,34333	12
2,34400	12
2,34467	12
2,34533	12
2,34600	12
2,34667	12
2,34733	13
2,34800	13
2,34867	13
2,34933	13
2,35000	13
2,35067	13
2,35133	12
2,35200	12
2,35267	12
2,35333	12
2,35400	11
2,35467	11
2,35533	11
2,35600	11
2,35667	11
2,35733	11
2,35800	11
2,35867	11
2,35933	11
2,36000	11
2,36067	11
2,36133	11
2,36200	11
2,36267	11
2,36333	11
2,36400	10
2,36467	10
2,36533	10
2,36600	10
2,36667	9
2,36733	9
2,36800	9
2,36867	9
2,36933	9
2,37000	9
2,37067	9
2,37133	8
2,37200	8
2,37267	9
2,37333	9
2,37400	9
2,37467	9
2,37533	9
2,37600	9
2,37667	9
2,37733	9
2,37800	9
2,37867	10
2,37933	10
2,38000	10
2,38067	10
2,38133	11
2,38200	11
2,38267	11
2,38333	12
2,38400	12
2,38467	12
2,38533	12
2,38600	11
2,38667	11
2,38733	11
2,38800	11
2,38867	11
2,38933	11
2,39000	11
2,39067	11
2,39133	11
2,39200	11
2,39267	11
2,39333	11
2,39400	11
2,39467	11
2,39533	11
2,39600	11
2,39667	11
2,39733	11
2,39800	11
2,39867	12
2,39933	12
2,40000	12
2,40067	12
2,40133	13
2,40200	13
2,40267	13
2,40333	13
2,40400	13
2,40467	13
2,40533	13
2,40600	13
2,40667	13
2,40733	13
2,40800	13
2,40867	13
2,40933	13
2,41000	13
2,41067	13
2,41133	13
2,41200	13
2,41267	13
2,41333	13
2,41400	13
2,41467	13
2,41533	13
2,41600	13
2,41667	13
2,41733	13
2,41800	14
2,41867	14
2,41933	14
2,42000	14
2,42067	13
2,42133	13
2,42200	13
2,42267	13
2,42333	13
2,42400	13
2,42467	13
2,42533	13
2,42600	13
2,42667	13
2,42733	13
2,42800	13
2,42867	13
2,42933	13
2,43000	13
2,43067	13
2,43133	13
2,43200	13
2,43267	13
2,43333	13
2,43400	13
2,43467	13
2,43533	13
2,43600	13
2,43667	13
2,43733	13
2,43800	13
2,43867	13
2,43933	14
2,44000	14
2,44067	14
2,44133	13
2,44200	13
2,44267	13
2,44333	13
2,44400	13
2,44467	13
2,44533	13
2,44600	13
2,44667	13
2,44733	13
2,44800	13
2,44867	12
2,44933	12
2,45000	12
2,45067	12
2,45133	11
2,45200	11
2,45267	11
2,45333	11
2,45400	11
2,45467	11
2,45533	11
2,45600	11
2,45667	11
2,45733	11
2,45800	11
2,45867	11
2,45933	11
2,46000	11
2,46067	11
2,46133	11
2,46200	11
2,46267	11
2,46333	11
2,46400	12
2,46467	12
2,46533	12
2,46600	12
2,46667	12
2,46733	12
2,46800	12
2,46867	12
2,46933	11
2,47000	11
2,47067	11
2,47133	11
2,47200	11
2,47267	11
2,47333	11
2,47400	11
2,47467	11
2,47533	11
2,47600	12
2,47667	12
2,47733	12
2,47800	13
2,47867	13
2,47933	13
2,48000	13
2,48067	13
2,48133	13
2,48200	13
2,48267	14
2,48333	14
2,48400	14
2,48467	14
2,48533	14
2,48600	15
2,48667	15
2,48733	15
2,48800	15
2,48867	15
2,48933	15
2,49000	15
2,49067	16
2,49133	16
2,49200	16
2,49267	16
2,49333	16
2,49400	16
2,49467	17
2,49533	17
2,49600	18
2,49667	19
2,49733	21
2,49800	24
2,49867	29
2,49933	38
2,50000	50
2,50067	70
2,50133	101
2,50200	149
2,50267	221
2,50333	331
2,50400	495
2,50467	739
2,50533	1094
2,50600	1606
2,50667	2325
2,50733	3319
2,50800	4658
2,50867	6437
2,50933	8764
2,51000	11771
2,51067	15595
2,51133	20396
2,51200	26340
2,51267	33603
2,51333	42362
2,51400	52810
2,51467	65140
2,51533	79516
2,51600	96138
2,51667	115202
2,51733	136879
2,51800	161303
2,51867	188619
2,51933	218931
2,52000	252315
2,52067	288851
2,52133	328643
2,52200	371698
2,52267	418046
2,52333	467731
2,52400	520873
2,52467	577423
2,52533	637284
2,52600	700311
2,52667	766450
2,52733	835639
2,52800	907752
2,52867	982736
2,52933	1060496
2,53000	1140798
2,53067	1223501
2,53133	1308578
2,53200	1395953
2,53267	1485442
2,53333	1576936
2,53400	1670415
2,53467	1765722
2,53533	1862652
2,53600	1960845
2,53667	2059987
2,53733	2159834
2,53800	2260284
2,53867	2360982
2,53933	2461409
2,54000	2560613
2,54067	2656945
2,54133	2748297
2,54200	2832038
2,54267	2904812
2,54333	2962778
2,54400	3002444
2,54467	3021050
2,54533	3016986
2,54600	2990083
2,54667	2941618
2,54733	2873892
2,54800	2789790
2,54867	2692450
2,54933	2584947
2,55000	2470135
2,55067	2350538
2,55133	2228335
2,55200	2105356
2,55267	1983109
2,55333	1862810
2,55400	1745423
2,55467	1631691
2,55533	1522173
2,55600	1417268
2,55667	1317247
2,55733	1222270
2,55800	1132408
2,55867	1047660
2,55933	967967
2,56000	893226
2,56067	823296
2,56133	758010
2,56200	697181
2,56267	640611
2,56333	588091
2,56400	539408
2,56467	494348
2,56533	452698
2,56600	414251
2,56667	378803
2,56733	346157
2,56800	316124
2,56867	288522
2,56933	263179
2,57000	239930
2,57067	218622
2,57133	199107
2,57200	181249
2,57267	164920
2,57333	149998
2,57400	136372
2,57467	123937
2,57533	112596
2,57600	102259
2,57667	92842
2,57733	84269
2,57800	76467
2,57867	69372
2,57933	62921
2,58000	57060
2,58067	51737
2,58133	46904
2,58200	42519
2,58267	38542
2,58333	34936
2,58400	31667
2,58467	28706
2,58533	26024
2,58600	23596
2,58667	21397
2,58733	19408
2,58800	17608
2,58867	15979
2,58933	14507
2,59000	13176
2,59067	11973
2,59133	10885
2,59200	9903
2,59267	9015
2,59333	8213
2,59400	7489
2,59467	6835
2,59533	6244
2,59600	5712
2,59667	5231
2,59733	4797
2,59800	4405
2,59867	4052
2,59933	3733
2,60000	3446
2,60067	3187
2,60133	2953
2,60200	2742
2,60267	2552
2,60333	2381
2,60400	2226
2,60467	2087
2,60533	1961
2,60600	1847
2,60667	1745
2,60733	1653
2,60800	1569
2,60867	1494
2,60933	1426
2,61000	1365
2,61067	1310
2,61133	1260
2,61200	1215
2,61267	1174
2,61333	1137
2,61400	1103
2,61467	1072
2,61533	1044
2,61600	1019
2,61667	995
2,61733	973
2,61800	953
2,61867	934
2,61933	917
2,62000	901
2,62067	886
2,62133	872
2,62200	858
2,62267	846
2,62333	834
2,62400	823
2,62467	812
2,62533	802
2,62600	793
2,62667	784
2,62733	776
2,62800	767
2,62867	759
2,62933	751
2,63000	743
2,63067	735
2,63133	728
2,63200	720
2,63267	712
2,63333	705
2,63400	698
2,63467	691
2,63533	684
2,63600	677
2,63667	671
2,63733	664
2,63800	658
2,63867	652
2,63933	646
2,64000	640
2,64067	635
2,64133	629
2,64200	623
2,64267	618
2,64333	612
2,64400	607
2,64467	601
2,64533	596
2,64600	590
2,64667	585
2,64733	579
2,64800	573
2,64867	567
2,64933	561
2,65000	556
2,65067	550
2,65133	544
2,65200	539
2,65267	533
2,65333	528
2,65400	523
2,65467	518
2,65533	513
2,65600	507
2,65667	503
2,65733	498
2,65800	493
2,65867	488
2,65933	484
2,66000	479
2,66067	475
2,66133	471
2,66200	466
2,66267	462
2,66333	458
2,66400	454
2,66467	450
2,66533	446
2,66600	442
2,66667	439
2,66733	435
2,66800	432
2,66867	429
2,66933	426
2,67000	424
2,67067	421
2,67133	419
2,67200	416
2,67267	414
2,67333	411
2,67400	409
2,67467	407
2,67533	405
2,67600	403
2,67667	401
2,67733	399
2,67800	397
2,67867	396
2,67933	394
2,68000	392
2,68067	391
2,68133	389
2,68200	387
2,68267	385
2,68333	383
2,68400	380
2,68467	378
2,68533	376
2,68600	373
2,68667	371
2,68733	369
2,68800	366
2,68867	364
2,68933	362
2,69000	360
2,69067	358
2,69133	356
2,69200	353
2,69267	351
2,69333	349
2,69400	347
2,69467	345
2,69533	342
2,69600	340
2,69667	338
2,69733	336
2,69800	333
2,69867	331
2,69933	328
2,70000	326
2,70067	323
2,70133	321
2,70200	318
2,70267	316
2,70333	313
2,70400	311
2,70467	308
2,70533	306
2,70600	304
2,70667	301
2,70733	299
2,70800	297
2,70867	295
2,70933	292
2,71000	290
2,71067	288
2,71133	286
2,71200	284
2,71267	281
2,71333	279
2,71400	277
2,71467	275
2,71533	273
2,71600	271
2,71667	269
2,71733	267
2,71800	265
2,71867	263
2,71933	261
2,72000	260
2,72067	258
2,72133	257
2,72200	255
2,72267	253
2,72333	252
2,72400	250
2,72467	249
2,72533	247
2,72600	245
2,72667	243
2,72733	242
2,72800	240
2,72867	239
2,72933	237
2,73000	236
2,73067	234
2,73133	233
2,73200	232
2,73267	231
2,73333	229
2,73400	228
2,73467	227
2,73533	226
2,73600	225
2,73667	224
2,73733	222
2,73800	221
2,73867	220
2,73933	218
2,74000	217
2,74067	216
2,74133	214
2,74200	213
2,74267	211
2,74333	210
2,74400	209
2,74467	208
2,74533	206
2,74600	205
2,74667	203
2,74733	202
2,74800	201
2,74867	199
2,74933	198
2,75000	197
2,75067	196
2,75133	195
2,75200	194
2,75267	193
2,75333	192
2,75400	192
2,75467	191
2,75533	190
2,75600	190
2,75667	189
2,75733	188
2,75800	188
2,75867	187
2,75933	186
2,76000	186
2,76067	185
2,76133	184
2,76200	183
2,76267	183
2,76333	182
2,76400	182
2,76467	181
2,76533	181
2,76600	180
2,76667	180
2,76733	179
2,76800	178
2,76867	178
2,76933	177
2,77000	176
2,77067	176
2,77133	175
2,77200	174
2,77267	173
2,77333	173
2,77400	172
2,77467	171
2,77533	171
2,77600	170
2,77667	169
2,77733	169
2,77800	168
2,77867	167
2,77933	166
2,78000	166
2,78067	165
2,78133	164
2,78200	163
2,78267	162
2,78333	161
2,78400	160
2,78467	159
2,78533	158
2,78600	157
2,78667	156
2,78733	155
2,78800	154
2,78867	153
2,78933	151
2,79000	150
2,79067	149
2,79133	148
2,79200	147
2,79267	146
2,79333	145
2,79400	144
2,79467	143
2,79533	143
2,79600	142
2,79667	142
2,79733	141
2,79800	141
2,79867	140
2,79933	140
2,80000	139
2,80067	139
2,80133	138
2,80200	137
2,80267	137
2,80333	136
2,80400	136
2,80467	135
2,80533	135
2,80600	135
2,80667	135
2,80733	134
2,80800	134
2,80867	134
2,80933	134
2,81000	134
2,81067	134
2,81133	134
2,81200	134
2,81267	134
2,81333	134
2,81400	134
2,81467	134
2,81533	134
2,81600	134
2,81667	134
2,81733	133
2,81800	133
2,81867	134
2,81933	134
2,82000	134
2,82067	134
2,82133	133
2,82200	133
2,82267	133
2,82333	133
2,82400	133
2,82467	132
2,82533	132
2,82600	132
2,82667	132
2,82733	131
2,82800	131
2,82867	130
2,82933	130
2,83000	129
2,83067	128
2,83133	127
2,83200	127
2,83267	126
2,83333	125
2,83400	125
2,83467	124
2,83533	123
2,83600	123
2,83667	123
2,83733	122
2,83800	122
2,83867	122
2,83933	122
2,84000	122
2,84067	122
2,84133	121
2,84200	121
2,84267	121
2,84333	121
2,84400	120
2,84467	120
2,84533	120
2,84600	119
2,84667	119
2,84733	119
2,84800	118
2,84867	118
2,84933	118
2,85000	117
2,85067	117
2,85133	117
2,85200	116
2,85267	116
2,85333	115
2,85400	115
2,85467	114
2,85533	113
2,85600	113
2,85667	112
2,85733	112
2,85800	111
2,85867	111
2,85933	111
2,86000	111
2,86067	110
2,86133	110
2,86200	110
2,86267	110
2,86333	109
2,86400	109
2,86467	109
2,86533	109
2,86600	109
2,86667	108
2,86733	108
2,86800	108
2,86867	108
2,86933	108
2,87000	107
2,87067	107
2,87133	107
2,87200	107
2,87267	107
2,87333	107
2,87400	107
2,87467	107
2,87533	107
2,87600	107
2,87667	107
2,87733	107
2,87800	107
2,87867	107
2,87933	107
2,88000	107
2,88067	108
2,88133	108
2,88200	108
2,88267	108
2,88333	109
2,88400	109
2,88467	109
2,88533	109
2,88600	109
2,88667	109
2,88733	109
2,88800	109
2,88867	109
2,88933	109
2,89000	109
2,89067	110
2,89133	110
2,89200	110
2,89267	110
2,89333	110
2,89400	110
2,89467	110
2,89533	110
2,89600	110
2,89667	110
2,89733	110
2,89800	110
2,89867	110
2,89933	110
2,90000	110
2,90067	110
2,90133	110
2,90200	110
2,90267	110
2,90333	109
2,90400	109
2,90467	109
2,90533	109
2,90600	109
2,90667	109
2,90733	108
2,90800	108
2,90867	108
2,90933	107
2,91000	107
2,91067	107
2,91133	107
2,91200	107
2,91267	107
2,91333	107
2,91400	107
2,91467	107
2,91533	107
2,91600	107
2,91667	107
2,91733	107
2,91800	107
2,91867	107
2,91933	107
2,92000	107
2,92067	107
2,92133	107
2,92200	107
2,92267	108
2,92333	108
2,92400	108
2,92467	108
2,92533	108
2,92600	107
2,92667	107
2,92733	107
2,92800	106
2,92867	106
2,92933	106
2,93000	105
2,93067	105
2,93133	104
2,93200	104
2,93267	103
2,93333	103
2,93400	102
2,93467	102
2,93533	101
2,93600	101
2,93667	100
2,93733	100
2,93800	99
2,93867	98
2,93933	98
2,94000	97
2,94067	97
2,94133	97
2,94200	97
2,94267	96
2,94333	96
2,94400	96
2,94467	96
2,94533	95
2,94600	95
2,94667	95
2,94733	95
2,94800	94
2,94867	94
2,94933	94
2,95000	94
2,95067	94
2,95133	94
2,95200	94
2,95267	94
2,95333	95
2,95400	96
2,95467	96
2,95533	98
2,95600	99
2,95667	101
2,95733	103
2,95800	106
2,95867	109
2,95933	112
2,96000	116
2,96067	121
2,96133	126
2,96200	131
2,96267	137
2,96333	143
2,96400	149
2,96467	156
2,96533	162
2,96600	169
2,96667	175
2,96733	181
2,96800	187
2,96867	192
2,96933	197
2,97000	201
2,97067	204
2,97133	207
2,97200	209
2,97267	210
2,97333	210
2,97400	210
2,97467	210
2,97533	208
2,97600	206
2,97667	204
2,97733	201
2,97800	198
2,97867	195
2,97933	191
2,98000	187
2,98067	183
2,98133	179
2,98200	174
2,98267	169
2,98333	165
2,98400	160
2,98467	156
2,98533	152
2,98600	148
2,98667	144
2,98733	140
2,98800	137
2,98867	133
2,98933	130
2,99000	127
2,99067	124
2,99133	121
2,99200	119
2,99267	116
2,99333	114
2,99400	112
2,99467	110
2,99533	108
2,99600	106
2,99667	104
2,99733	102
2,99800	100
2,99867	99
2,99933	97
3,00000	96
3,00067	94
3,00133	93
3,00200	92
3,00267	90
3,00333	89
3,00400	87
3,00467	86
3,00533	85
3,00600	84
3,00667	83
3,00733	82
3,00800	81
3,00867	80
3,00933	80
3,01000	79
3,01067	78
3,01133	78
3,01200	77
3,01267	77
3,01333	76
3,01400	76
3,01467	75
3,01533	75
3,01600	74
3,01667	74
3,01733	74
3,01800	73
3,01867	73
3,01933	73
3,02000	73
3,02067	72
3,02133	72
3,02200	72
3,02267	71
3,02333	71
3,02400	70
3,02467	70
3,02533	69
3,02600	69
3,02667	69
3,02733	68
3,02800	68
3,02867	68
3,02933	67
3,03000	67
3,03067	67
3,03133	67
3,03200	66
3,03267	66
3,03333	66
3,03400	65
3,03467	65
3,03533	65
3,03600	65
3,03667	64
3,03733	64
3,03800	64
3,03867	64
3,03933	63
3,04000	63
3,04067	63
3,04133	63
3,04200	62
3,04267	62
3,04333	62
3,04400	62
3,04467	62
3,04533	62
3,04600	62
3,04667	62
3,04733	61
3,04800	61
3,04867	61
3,04933	61
3,05000	61
3,05067	61
3,05133	61
3,05200	61
3,05267	61
3,05333	61
3,05400	61
3,05467	61
3,05533	61
3,05600	61
3,05667	61
3,05733	61
3,05800	61
3,05867	61
3,05933	61
3,06000	61
3,06067	61
3,06133	60
3,06200	60
3,06267	60
3,06333	59
3,06400	59
3,06467	59
3,06533	58
3,06600	58
3,06667	58
3,06733	57
3,06800	57
3,06867	57
3,06933	57
3,07000	57
3,07067	57
3,07133	57
3,07200	57
3,07267	58
3,07333	58
3,07400	58
3,07467	58
3,07533	58
3,07600	57
3,07667	57
3,07733	57
3,07800	57
3,07867	57
3,07933	56
3,08000	56
3,08067	56
3,08133	56
3,08200	56
3,08267	56
3,08333	56
3,08400	56
3,08467	56
3,08533	56
3,08600	56
3,08667	56
3,08733	56
3,08800	56
3,08867	56
3,08933	56
3,09000	57
3,09067	57
3,09133	57
3,09200	57
3,09267	57
3,09333	58
3,09400	58
3,09467	58
3,09533	58
3,09600	58
3,09667	58
3,09733	58
3,09800	58
3,09867	58
3,09933	58
3,10000	58
3,10067	58
3,10133	59
3,10200	59
3,10267	59
3,10333	59
3,10400	60
3,10467	60
3,10533	61
3,10600	61
3,10667	62
3,10733	62
3,10800	62
3,10867	61
3,10933	61
3,11000	61
3,11067	61
3,11133	60
3,11200	60
3,11267	60
3,11333	60
3,11400	60
3,11467	59
3,11533	59
3,11600	59
3,11667	59
3,11733	59
3,11800	59
3,11867	58
3,11933	58
3,12000	58
3,12067	57
3,12133	57
3,12200	56
3,12267	56
3,12333	56
3,12400	56
3,12467	56
3,12533	56
3,12600	56
3,12667	56
3,12733	56
3,12800	55
3,12867	55
3,12933	55
3,13000	55
3,13067	55
3,13133	55
3,13200	54
3,13267	54
3,13333	54
3,13400	53
3,13467	53
3,13533	53
3,13600	52
3,13667	52
3,13733	51
3,13800	51
3,13867	51
3,13933	51
3,14000	51
3,14067	51
3,14133	51
3,14200	51
3,14267	51
3,14333	50
3,14400	50
3,14467	50
3,14533	51
3,14600	51
3,14667	51
3,14733	51
3,14800	51
3,14867	51
3,14933	51
3,15000	52
3,15067	52
3,15133	52
3,15200	52
3,15267	52
3,15333	51
3,15400	51
3,15467	51
3,15533	51
3,15600	51
3,15667	51
3,15733	51
3,15800	51
3,15867	51
3,15933	50
3,16000	50
3,16067	50
3,16133	50
3,16200	50
3,16267	49
3,16333	49
3,16400	49
3,16467	49
3,16533	49
3,16600	49
3,16667	49
3,16733	49
3,16800	49
3,16867	49
3,16933	49
3,17000	49
3,17067	49
3,17133	49
3,17200	49
3,17267	49
3,17333	49
3,17400	49
3,17467	50
3,17533	50
3,17600	50
3,17667	50
3,17733	51
3,17800	51
3,17867	51
3,17933	51
3,18000	52
3,18067	52
3,18133	52
3,18200	52
3,18267	52
3,18333	52
3,18400	52
3,18467	52
3,18533	52
3,18600	51
3,18667	51
3,18733	51
3,18800	51
3,18867	51
3,18933	51
3,19000	51
3,19067	51
3,19133	51
3,19200	51
3,19267	51
3,19333	51
3,19400	51
3,19467	51
3,19533	51
3,19600	52
3,19667	52
3,19733	52
3,19800	52
3,19867	52
3,19933	52
3,20000	52
3,20067	52
3,20133	52
3,20200	52
3,20267	52
3,20333	52
3,20400	52
3,20467	52
3,20533	52
3,20600	52
3,20667	53
3,20733	53
3,20800	53
3,20867	53
3,20933	53
3,21000	53
3,21067	54
3,21133	54
3,21200	54
3,21267	55
3,21333	55
3,21400	55
3,21467	56
3,21533	56
3,21600	56
3,21667	56
3,21733	56
3,21800	57
3,21867	57
3,21933	57
3,22000	57
3,22067	57
3,22133	57
3,22200	57
3,22267	57
3,22333	57
3,22400	57
3,22467	56
3,22533	56
3,22600	56
3,22667	55
3,22733	55
3,22800	55
3,22867	54
3,22933	54
3,23000	54
3,23067	54
3,23133	54
3,23200	54
3,23267	55
3,23333	55
3,23400	55
3,23467	55
3,23533	55
3,23600	56
3,23667	56
3,23733	56
3,23800	56
3,23867	56
3,23933	56
3,24000	56
3,24067	56
3,24133	57
3,24200	57
3,24267	57
3,24333	57
3,24400	57
3,24467	57
3,24533	57
3,24600	56
3,24667	56
3,24733	56
3,24800	55
3,24867	55
3,24933	55
3,25000	54
3,25067	54
3,25133	53
3,25200	53
3,25267	53
3,25333	52
3,25400	52
3,25467	51
3,25533	51
3,25600	50
3,25667	50
3,25733	49
3,25800	49
3,25867	49
3,25933	49
3,26000	48
3,26067	48
3,26133	48
3,26200	48
3,26267	47
3,26333	47
3,26400	47
3,26467	47
3,26533	47
3,26600	46
3,26667	46
3,26733	46
3,26800	46
3,26867	46
3,26933	46
3,27000	45
3,27067	45
3,27133	45
3,27200	45
3,27267	44
3,27333	44
3,27400	44
3,27467	44
3,27533	44
3,27600	44
3,27667	44
3,27733	44
3,27800	44
3,27867	44
3,27933	44
3,28000	44
3,28067	44
3,28133	44
3,28200	44
3,28267	44
3,28333	45
3,28400	45
3,28467	45
3,28533	45
3,28600	45
3,28667	45
3,28733	45
3,28800	45
3,28867	45
3,28933	45
3,29000	45
3,29067	45
3,29133	45
3,29200	45
3,29267	45
3,29333	45
3,29400	45
3,29467	44
3,29533	44
3,29600	44
3,29667	44
3,29733	44
3,29800	44
3,29867	44
3,29933	44
3,30000	44
3,30067	44
3,30133	44
3,30200	44
3,30267	44
3,30333	44
3,30400	44
3,30467	44
3,30533	44
3,30600	44
3,30667	44
3,30733	44
3,30800	44
3,30867	44
3,30933	44
3,31000	44
3,31067	44
3,31133	44
3,31200	44
3,31267	44
3,31333	44
3,31400	44
3,31467	44
3,31533	44
3,31600	43
3,31667	43
3,31733	43
3,31800	43
3,31867	43
3,31933	42
3,32000	42
3,32067	42
3,32133	42
3,32200	42
3,32267	42
3,32333	42
3,32400	42
3,32467	42
3,32533	42
3,32600	42
3,32667	42
3,32733	42
3,32800	43
3,32867	43
3,32933	43
3,33000	44
3,33067	44
3,33133	44
3,33200	44
3,33267	45
3,33333	45
3,33400	45
3,33467	46
3,33533	46
3,33600	47
3,33667	48
3,33733	50
3,33800	51
3,33867	53
3,33933	56
3,34000	58
3,34067	62
3,34133	65
3,34200	69
3,34267	73
3,34333	78
3,34400	84
3,34467	90
3,34533	97
3,34600	104
3,34667	112
3,34733	121
3,34800	131
3,34867	141
3,34933	153
3,35000	165
3,35067	178
3,35133	192
3,35200	206
3,35267	221
3,35333	237
3,35400	253
3,35467	269
3,35533	286
3,35600	303
3,35667	320
3,35733	337
3,35800	354
3,35867	371
3,35933	387
3,36000	404
3,36067	419
3,36133	435
3,36200	449
3,36267	464
3,36333	477
3,36400	490
3,36467	503
3,36533	514
3,36600	525
3,36667	536
3,36733	545
3,36800	554
3,36867	561
3,36933	568
3,37000	575
3,37067	580
3,37133	585
3,37200	588
3,37267	591
3,37333	594
3,37400	596
3,37467	597
3,37533	597
3,37600	597
3,37667	596
3,37733	595
3,37800	593
3,37867	590
3,37933	587
3,38000	584
3,38067	580
3,38133	575
3,38200	571
3,38267	566
3,38333	560
3,38400	555
3,38467	549
3,38533	542
3,38600	536
3,38667	529
3,38733	522
3,38800	516
3,38867	509
3,38933	502
3,39000	495
3,39067	489
3,39133	482
3,39200	475
3,39267	469
3,39333	463
3,39400	456
3,39467	451
3,39533	445
3,39600	439
3,39667	434
3,39733	430
3,39800	425
3,39867	421
3,39933	417
3,40000	413
3,40067	409
3,40133	406
3,40200	403
3,40267	400
3,40333	397
3,40400	395
3,40467	392
3,40533	390
3,40600	388
3,40667	386
3,40733	384
3,40800	382
3,40867	380
3,40933	379
3,41000	377
3,41067	376
3,41133	375
3,41200	373
3,41267	372
3,41333	370
3,41400	368
3,41467	367
3,41533	365
3,41600	363
3,41667	361
3,41733	359
3,41800	357
3,41867	355
3,41933	353
3,42000	351
3,42067	349
3,42133	346
3,42200	344
3,42267	341
3,42333	339
3,42400	336
3,42467	333
3,42533	330
3,42600	326
3,42667	323
3,42733	319
3,42800	316
3,42867	312
3,42933	308
3,43000	304
3,43067	300
3,43133	296
3,43200	292
3,43267	288
3,43333	284
3,43400	280
3,43467	276
3,43533	271
3,43600	267
3,43667	262
3,43733	258
3,43800	253
3,43867	249
3,43933	244
3,44000	240
3,44067	236
3,44133	231
3,44200	227
3,44267	222
3,44333	218
3,44400	213
3,44467	209
3,44533	204
3,44600	200
3,44667	196
3,44733	192
3,44800	188
3,44867	185
3,44933	181
3,45000	178
3,45067	175
3,45133	172
3,45200	169
3,45267	166
3,45333	163
3,45400	161
3,45467	158
3,45533	156
3,45600	154
3,45667	152
3,45733	150
3,45800	148
3,45867	146
3,45933	144
3,46000	142
3,46067	140
3,46133	139
3,46200	137
3,46267	135
3,46333	134
3,46400	132
3,46467	131
3,46533	130
3,46600	128
3,46667	127
3,46733	126
3,46800	125
3,46867	124
3,46933	124
3,47000	123
3,47067	122
3,47133	121
3,47200	120
3,47267	119
3,47333	118
3,47400	117
3,47467	116
3,47533	114
3,47600	113
3,47667	112
3,47733	110
3,47800	109
3,47867	108
3,47933	107
3,48000	106
3,48067	105
3,48133	104
3,48200	103
3,48267	102
3,48333	101
3,48400	100
3,48467	99
3,48533	99
3,48600	98
3,48667	97
3,48733	96
3,48800	95
3,48867	94
3,48933	93
3,49000	92
3,49067	91
3,49133	90
3,49200	89
3,49267	89
3,49333	88
3,49400	87
3,49467	87
3,49533	86
3,49600	86
3,49667	85
3,49733	85
3,49800	85
3,49867	84
3,49933	84
3,50000	83
3,50067	83
3,50133	82
3,50200	82
3,50267	81
3,50333	81
3,50400	81
3,50467	80
3,50533	80
3,50600	79
3,50667	78
3,50733	78
3,50800	78
3,50867	77
3,50933	77
3,51000	77
3,51067	78
3,51133	78
3,51200	78
3,51267	78
3,51333	79
3,51400	79
3,51467	79
3,51533	79
3,51600	79
3,51667	80
3,51733	80
3,51800	80
3,51867	80
3,51933	80
3,52000	80
3,52067	80
3,52133	81
3,52200	81
3,52267	81
3,52333	81
3,52400	81
3,52467	81
3,52533	81
3,52600	81
3,52667	81
3,52733	81
3,52800	81
3,52867	81
3,52933	80
3,53000	80
3,53067	80
3,53133	80
3,53200	80
3,53267	79
3,53333	79
3,53400	79
3,53467	79
3,53533	79
3,53600	79
3,53667	79
3,53733	79
3,53800	79
3,53867	80
3,53933	81
3,54000	82
3,54067	83
3,54133	85
3,54200	87
3,54267	90
3,54333	94
3,54400	98
3,54467	104
3,54533	110
3,54600	118
3,54667	126
3,54733	136
3,54800	148
3,54867	160
3,54933	175
3,55000	191
3,55067	209
3,55133	228
3,55200	248
3,55267	270
3,55333	293
3,55400	317
3,55467	341
3,55533	366
3,55600	390
3,55667	414
3,55733	438
3,55800	460
3,55867	481
3,55933	500
3,56000	518
3,56067	533
3,56133	546
3,56200	557
3,56267	565
3,56333	571
3,56400	574
3,56467	574
3,56533	571
3,56600	567
3,56667	560
3,56733	550
3,56800	539
3,56867	527
3,56933	513
3,57000	498
3,57067	482
3,57133	466
3,57200	449
3,57267	432
3,57333	415
3,57400	397
3,57467	380
3,57533	363
3,57600	347
3,57667	330
3,57733	315
3,57800	300
3,57867	285
3,57933	271
3,58000	258
3,58067	245
3,58133	233
3,58200	222
3,58267	211
3,58333	201
3,58400	192
3,58467	183
3,58533	175
3,58600	167
3,58667	160
3,58733	154
3,58800	148
3,58867	142
3,58933	137
3,59000	132
3,59067	128
3,59133	124
3,59200	120
3,59267	116
3,59333	113
3,59400	110
3,59467	107
3,59533	105
3,59600	102
3,59667	100
3,59733	98
3,59800	96
3,59867	94
3,59933	92
3,60000	91
3,60067	89
3,60133	87
3,60200	86
3,60267	84
3,60333	83
3,60400	82
3,60467	81
3,60533	80
3,60600	79
3,60667	78
3,60733	78
3,60800	77
3,60867	77
3,60933	76
3,61000	76
3,61067	75
3,61133	74
3,61200	74
3,61267	74
3,61333	73
3,61400	73
3,61467	73
3,61533	72
3,61600	72
3,61667	72
3,61733	71
3,61800	71
3,61867	71
3,61933	71
3,62000	71
3,62067	71
3,62133	71
3,62200	71
3,62267	71
3,62333	71
3,62400	71
3,62467	71
3,62533	71
3,62600	71
3,62667	71
3,62733	71
3,62800	71
3,62867	71
3,62933	71
3,63000	71
3,63067	72
3,63133	72
3,63200	72
3,63267	73
3,63333	73
3,63400	74
3,63467	75
3,63533	77
3,63600	79
3,63667	81
3,63733	84
3,63800	88
3,63867	92
3,63933	96
3,64000	102
3,64067	108
3,64133	114
3,64200	122
3,64267	130
3,64333	139
3,64400	149
3,64467	159
3,64533	170
3,64600	182
3,64667	195
3,64733	208
3,64800	221
3,64867	235
3,64933	249
3,65000	263
3,65067	276
3,65133	290
3,65200	302
3,65267	314
3,65333	326
3,65400	336
3,65467	345
3,65533	353
3,65600	361
3,65667	367
3,65733	371
3,65800	375
3,65867	376
3,65933	377
3,66000	376
3,66067	374
3,66133	371
3,66200	367
3,66267	361
3,66333	355
3,66400	347
3,66467	339
3,66533	330
3,66600	321
3,66667	311
3,66733	301
3,66800	290
3,66867	280
3,66933	270
3,67000	259
3,67067	249
3,67133	239
3,67200	229
3,67267	219
3,67333	210
3,67400	201
3,67467	193
3,67533	184
3,67600	177
3,67667	169
3,67733	162
3,67800	155
3,67867	149
3,67933	143
3,68000	138
3,68067	132
3,68133	127
3,68200	123
3,68267	119
3,68333	114
3,68400	110
3,68467	107
3,68533	103
3,68600	100
3,68667	97
3,68733	94
3,68800	92
3,68867	90
3,68933	87
3,69000	86
3,69067	84
3,69133	83
3,69200	81
3,69267	80
3,69333	79
3,69400	78
3,69467	77
3,69533	76
3,69600	75
3,69667	74
3,69733	74
3,69800	73
3,69867	72
3,69933	71
3,70000	71
3,70067	70
3,70133	69
3,70200	69
3,70267	69
3,70333	68
3,70400	68
3,70467	68
3,70533	67
3,70600	67
3,70667	66
3,70733	66
3,70800	65
3,70867	65
3,70933	64
3,71000	64
3,71067	64
3,71133	63
3,71200	63
3,71267	63
3,71333	63
3,71400	62
3,71467	62
3,71533	62
3,71600	62
3,71667	61
3,71733	61
3,71800	61
3,71867	61
3,71933	61
3,72000	60
3,72067	60
3,72133	60
3,72200	59
3,72267	59
3,72333	59
3,72400	59
3,72467	59
3,72533	59
3,72600	59
3,72667	59
3,72733	59
3,72800	59
3,72867	58
3,72933	58
3,73000	58
3,73067	58
3,73133	58
3,73200	58
3,73267	58
3,73333	58
3,73400	58
3,73467	58
3,73533	58
3,73600	58
3,73667	58
3,73733	59
3,73800	59
3,73867	59
3,73933	59
3,74000	59
3,74067	59
3,74133	58
3,74200	58
3,74267	58
3,74333	58
3,74400	58
3,74467	59
3,74533	59
3,74600	59
3,74667	59
3,74733	59
3,74800	59
3,74867	59
3,74933	59
3,75000	59
3,75067	58
3,75133	58
3,75200	58
3,75267	58
3,75333	58
3,75400	58
3,75467	58
3,75533	58
3,75600	59
3,75667	59
3,75733	59
3,75800	59
3,75867	59
3,75933	59
3,76000	60
3,76067	60
3,76133	60
3,76200	61
3,76267	62
3,76333	62
3,76400	63
3,76467	64
3,76533	65
3,76600	67
3,76667	68
3,76733	70
3,76800	72
3,76867	74
3,76933	76
3,77000	78
3,77067	81
3,77133	83
3,77200	85
3,77267	87
3,77333	89
3,77400	91
3,77467	93
3,77533	95
3,77600	97
3,77667	98
3,77733	100
3,77800	101
3,77867	101
3,77933	102
3,78000	102
3,78067	102
3,78133	102
3,78200	101
3,78267	100
3,78333	100
3,78400	98
3,78467	97
3,78533	96
3,78600	95
3,78667	93
3,78733	92
3,78800	90
3,78867	89
3,78933	88
3,79000	87
3,79067	86
3,79133	85
3,79200	83
3,79267	82
3,79333	81
3,79400	80
3,79467	78
3,79533	77
3,79600	76
3,79667	75
3,79733	74
3,79800	73
3,79867	72
3,79933	71
3,80000	70
3,80067	69
3,80133	68
3,80200	67
3,80267	66
3,80333	65
3,80400	64
3,80467	63
3,80533	62
3,80600	62
3,80667	61
3,80733	60
3,80800	60
3,80867	59
3,80933	59
3,81000	59
3,81067	58
3,81133	58
3,81200	58
3,81267	58
3,81333	57
3,81400	57
3,81467	57
3,81533	56
3,81600	56
3,81667	56
3,81733	56
3,81800	56
3,81867	56
3,81933	56
3,82000	55
3,82067	55
3,82133	55
3,82200	55
3,82267	55
3,82333	55
3,82400	55
3,82467	55
3,82533	55
3,82600	55
3,82667	55
3,82733	54
3,82800	54
3,82867	54
3,82933	54
3,83000	54
3,83067	53
3,83133	54
3,83200	54
3,83267	54
3,83333	54
3,83400	54
3,83467	53
3,83533	53
3,83600	53
3,83667	53
3,83733	52
3,83800	52
3,83867	52
3,83933	51
3,84000	51
3,84067	51
3,84133	51
3,84200	51
3,84267	51
3,84333	51
3,84400	51
3,84467	51
3,84533	52
3,84600	52
3,84667	52
3,84733	52
3,84800	52
3,84867	52
3,84933	52
3,85000	53
3,85067	53
3,85133	53
3,85200	53
3,85267	54
3,85333	54
3,85400	54
3,85467	54
3,85533	54
3,85600	54
3,85667	53
3,85733	53
3,85800	53
3,85867	53
3,85933	53
3,86000	53
3,86067	53
3,86133	53
3,86200	53
3,86267	53
3,86333	53
3,86400	53
3,86467	53
3,86533	53
3,86600	52
3,86667	52
3,86733	52
3,86800	52
3,86867	52
3,86933	52
3,87000	52
3,87067	53
3,87133	53
3,87200	53
3,87267	53
3,87333	53
3,87400	53
3,87467	54
3,87533	54
3,87600	54
3,87667	53
3,87733	53
3,87800	53
3,87867	53
3,87933	53
3,88000	52
3,88067	52
3,88133	52
3,88200	52
3,88267	51
3,88333	51
3,88400	51
3,88467	51
3,88533	51
3,88600	51
3,88667	51
3,88733	51
3,88800	51
3,88867	51
3,88933	51
3,89000	51
3,89067	51
3,89133	52
3,89200	53
3,89267	54
3,89333	57
3,89400	61
3,89467	66
3,89533	74
3,89600	86
3,89667	103
3,89733	127
3,89800	162
3,89867	211
3,89933	280
3,90000	374
3,90067	502
3,90133	672
3,90200	897
3,90267	1186
3,90333	1554
3,90400	2015
3,90467	2586
3,90533	3287
3,90600	4137
3,90667	5151
3,90733	6346
3,90800	7734
3,90867	9326
3,90933	11128
3,91000	13144
3,91067	15369
3,91133	17797
3,91200	20412
3,91267	23194
3,91333	26120
3,91400	29165
3,91467	32299
3,91533	35489
3,91600	38702
3,91667	41893
3,91733	45009
3,91800	47991
3,91867	50790
3,91933	53365
3,92000	55680
3,92067	57702
3,92133	59405
3,92200	60774
3,92267	61797
3,92333	62472
3,92400	62799
3,92467	62785
3,92533	62442
3,92600	61791
3,92667	60851
3,92733	59648
3,92800	58211
3,92867	56571
3,92933	54759
3,93000	52807
3,93067	50745
3,93133	48601
3,93200	46402
3,93267	44174
3,93333	41937
3,93400	39711
3,93467	37512
3,93533	35355
3,93600	33251
3,93667	31211
3,93733	29241
3,93800	27348
3,93867	25537
3,93933	23809
3,94000	22166
3,94067	20610
3,94133	19139
3,94200	17752
3,94267	16448
3,94333	15225
3,94400	14080
3,94467	13009
3,94533	12011
3,94600	11081
3,94667	10216
3,94733	9413
3,94800	8668
3,94867	7978
3,94933	7340
3,95000	6750
3,95067	6205
3,95133	5703
3,95200	5240
3,95267	4814
3,95333	4422
3,95400	4062
3,95467	3731
3,95533	3427
3,95600	3148
3,95667	2892
3,95733	2658
3,95800	2443
3,95867	2246
3,95933	2066
3,96000	1902
3,96067	1751
3,96133	1613
3,96200	1487
3,96267	1372
3,96333	1266
3,96400	1170
3,96467	1082
3,96533	1002
3,96600	929
3,96667	862
3,96733	801
3,96800	746
3,96867	695
3,96933	649
3,97000	606
3,97067	568
3,97133	533
3,97200	500
3,97267	471
3,97333	444
3,97400	419
3,97467	397
3,97533	376
3,97600	357
3,97667	340
3,97733	324
3,97800	310
3,97867	296
3,97933	284
3,98000	273
3,98067	262
3,98133	253
3,98200	244
3,98267	235
3,98333	227
3,98400	220
3,98467	213
3,98533	207
3,98600	201
3,98667	196
3,98733	191
3,98800	186
3,98867	181
3,98933	177
3,99000	173
3,99067	169
3,99133	166
3,99200	163
3,99267	160
3,99333	157
3,99400	154
3,99467	151
3,99533	149
3,99600	147
3,99667	144
3,99733	142
3,99800	140
3,99867	138
3,99933	136
4,00000	135
4,00067	133
4,00133	131
4,00200	130
4,00267	129
4,00333	127
4,00400	126
4,00467	125
4,00533	123
4,00600	122
4,00667	121
4,00733	119
4,00800	118
4,00867	117
4,00933	115
4,01000	114
4,01067	113
4,01133	112
4,01200	111
4,01267	110
4,01333	109
4,01400	108
4,01467	108
4,01533	107
4,01600	106
4,01667	106
4,01733	105
4,01800	105
4,01867	104
4,01933	104
4,02000	104
4,02067	103
4,02133	102
4,02200	102
4,02267	101
4,02333	101
4,02400	100
4,02467	99
4,02533	99
4,02600	98
4,02667	97
4,02733	96
4,02800	95
4,02867	95
4,02933	94
4,03000	93
4,03067	93
4,03133	92
4,03200	92
4,03267	91
4,03333	91
4,03400	90
4,03467	89
4,03533	89
4,03600	88
4,03667	87
4,03733	87
4,03800	86
4,03867	85
4,03933	85
4,04000	84
4,04067	84
4,04133	83
4,04200	83
4,04267	82
4,04333	82
4,04400	82
4,04467	81
4,04533	81
4,04600	81
4,04667	81
4,04733	81
4,04800	80
4,04867	80
4,04933	81
4,05000	81
4,05067	81
4,05133	81
4,05200	81
4,05267	81
4,05333	81
4,05400	81
4,05467	82
4,05533	83
4,05600	84
4,05667	85
4,05733	86
4,05800	88
4,05867	90
4,05933	92
4,06000	95
4,06067	97
4,06133	100
4,06200	103
4,06267	107
4,06333	110
4,06400	114
4,06467	117
4,06533	121
4,06600	125
4,06667	128
4,06733	132
4,06800	135
4,06867	139
4,06933	142
4,07000	145
4,07067	147
4,07133	150
4,07200	151
4,07267	153
4,07333	153
4,07400	154
4,07467	154
4,07533	154
4,07600	153
4,07667	152
4,07733	150
4,07800	148
4,07867	146
4,07933	144
4,08000	141
4,08067	138
4,08133	135
4,08200	132
4,08267	129
4,08333	127
4,08400	124
4,08467	121
4,08533	118
4,08600	115
4,08667	112
4,08733	110
4,08800	107
4,08867	105
4,08933	102
4,09000	99
4,09067	97
4,09133	95
4,09200	93
4,09267	91
4,09333	89
4,09400	87
4,09467	85
4,09533	84
4,09600	82
4,09667	81
4,09733	79
4,09800	78
4,09867	77
4,09933	75
4,10000	74
4,10067	73
4,10133	72
4,10200	70
4,10267	69
4,10333	68
4,10400	67
4,10467	66
4,10533	65
4,10600	64
4,10667	63
4,10733	62
4,10800	62
4,10867	61
4,10933	61
4,11000	60
4,11067	60
4,11133	60
4,11200	60
4,11267	60
4,11333	60
4,11400	60
4,11467	59
4,11533	59
4,11600	59
4,11667	58
4,11733	58
4,11800	58
4,11867	57
4,11933	57
4,12000	57
4,12067	56
4,12133	56
4,12200	56
4,12267	56
4,12333	56
4,12400	55
4,12467	55
4,12533	55
4,12600	55
4,12667	55
4,12733	55
4,12800	55
4,12867	55
4,12933	55
4,13000	55
4,13067	55
4,13133	55
4,13200	55
4,13267	55
4,13333	55
4,13400	55
4,13467	55
4,13533	54
4,13600	54
4,13667	54
4,13733	54
4,13800	54
4,13867	54
4,13933	54
4,14000	54
4,14067	54
4,14133	54
4,14200	54
4,14267	54
4,14333	54
4,14400	54
4,14467	54
4,14533	54
4,14600	54
4,14667	53
4,14733	53
4,14800	53
4,14867	52
4,14933	52
4,15000	52
4,15067	52
4,15133	52
4,15200	52
4,15267	52
4,15333	52
4,15400	52
4,15467	52
4,15533	52
4,15600	51
4,15667	51
4,15733	51
4,15800	51
4,15867	50
4,15933	50
4,16000	49
4,16067	49
4,16133	49
4,16200	49
4,16267	49
4,16333	49
4,16400	49
4,16467	49
4,16533	49
4,16600	49
4,16667	49
4,16733	49
4,16800	49
4,16867	50
4,16933	50
4,17000	50
4,17067	49
4,17133	49
4,17200	49
4,17267	49
4,17333	49
4,17400	48
4,17467	48
4,17533	47
4,17600	47
4,17667	47
4,17733	46
4,17800	46
4,17867	46
4,17933	45
4,18000	45
4,18067	45
4,18133	45
4,18200	45
4,18267	45
4,18333	45
4,18400	45
4,18467	45
4,18533	45
4,18600	45
4,18667	45
4,18733	45
4,18800	45
4,18867	45
4,18933	45
4,19000	45
4,19067	45
4,19133	45
4,19200	45
4,19267	45
4,19333	46
4,19400	46
4,19467	46
4,19533	46
4,19600	46
4,19667	46
4,19733	46
4,19800	45
4,19867	45
4,19933	45
4,20000	45
4,20067	44
4,20133	44
4,20200	44
4,20267	44
4,20333	44
4,20400	44
4,20467	44
4,20533	44
4,20600	44
4,20667	44
4,20733	44
4,20800	44
4,20867	44
4,20933	44
4,21000	44
4,21067	44
4,21133	44
4,21200	44
4,21267	43
4,21333	43
4,21400	43
4,21467	43
4,21533	43
4,21600	44
4,21667	44
4,21733	44
4,21800	44
4,21867	45
4,21933	45
4,22000	45
4,22067	45
4,22133	45
4,22200	45
4,22267	45
4,22333	44
4,22400	44
4,22467	44
4,22533	44
4,22600	44
4,22667	44
4,22733	44
4,22800	44
4,22867	44
4,22933	45
4,23000	45
4,23067	44
4,23133	44
4,23200	44
4,23267	44
4,23333	44
4,23400	44
4,23467	44
4,23533	44
4,23600	43
4,23667	43
4,23733	43
4,23800	42
4,23867	42
4,23933	42
4,24000	41
4,24067	41
4,24133	41
4,24200	40
4,24267	40
4,24333	40
4,24400	40
4,24467	40
4,24533	40
4,24600	40
4,24667	40
4,24733	40
4,24800	40
4,24867	40
4,24933	40
4,25000	41
4,25067	41
4,25133	41
4,25200	41
4,25267	41
4,25333	41
4,25400	41
4,25467	41
4,25533	41
4,25600	41
4,25667	41
4,25733	41
4,25800	41
4,25867	41
4,25933	41
4,26000	41
4,26067	41
4,26133	41
4,26200	41
4,26267	40
4,26333	40
4,26400	40
4,26467	40
4,26533	40
4,26600	40
4,26667	39
4,26733	39
4,26800	39
4,26867	39
4,26933	39
4,27000	39
4,27067	39
4,27133	39
4,27200	39
4,27267	39
4,27333	39
4,27400	39
4,27467	39
4,27533	39
4,27600	39
4,27667	40
4,27733	40
4,27800	40
4,27867	40
4,27933	40
4,28000	40
4,28067	40
4,28133	40
4,28200	40
4,28267	40
4,28333	41
4,28400	41
4,28467	41
4,28533	41
4,28600	41
4,28667	41
4,28733	41
4,28800	40
4,28867	40
4,28933	40
4,29000	40
4,29067	40
4,29133	40
4,29200	40
4,29267	40
4,29333	40
4,29400	40
4,29467	40
4,29533	40
4,29600	40
4,29667	40
4,29733	40
4,29800	40
4,29867	40
4,29933	40
4,30000	40
4,30067	40
4,30133	39
4,30200	39
4,30267	40
4,30333	39
4,30400	39
4,30467	39
4,30533	39
4,30600	39
4,30667	39
4,30733	39
4,30800	39
4,30867	39
4,30933	39
4,31000	40
4,31067	40
4,31133	40
4,31200	40
4,31267	40
4,31333	39
4,31400	39
4,31467	39
4,31533	38
4,31600	38
4,31667	38
4,31733	38
4,31800	38
4,31867	38
4,31933	38
4,32000	38
4,32067	39
4,32133	39
4,32200	39
4,32267	40
4,32333	40
4,32400	40
4,32467	40
4,32533	39
4,32600	39
4,32667	38
4,32733	38
4,32800	37
4,32867	37
4,32933	37
4,33000	36
4,33067	36
4,33133	36
4,33200	36
4,33267	36
4,33333	36
4,33400	35
4,33467	35
4,33533	35
4,33600	35
4,33667	34
4,33733	34
4,33800	34
4,33867	34
4,33933	34
4,34000	34
4,34067	33
4,34133	33
4,34200	33
4,34267	33
4,34333	33
4,34400	33
4,34467	33
4,34533	33
4,34600	33
4,34667	33
4,34733	34
4,34800	34
4,34867	34
4,34933	34
4,35000	34
4,35067	35
4,35133	35
4,35200	35
4,35267	35
4,35333	36
4,35400	36
4,35467	36
4,35533	36
4,35600	36
4,35667	36
4,35733	36
4,35800	36
4,35867	36
4,35933	36
4,36000	36
4,36067	36
4,36133	36
4,36200	36
4,36267	36
4,36333	36
4,36400	36
4,36467	36
4,36533	36
4,36600	36
4,36667	36
4,36733	36
4,36800	36
4,36867	36
4,36933	36
4,37000	37
4,37067	37
4,37133	37
4,37200	38
4,37267	38
4,37333	39
4,37400	40
4,37467	41
4,37533	42
4,37600	43
4,37667	45
4,37733	46
4,37800	47
4,37867	48
4,37933	49
4,38000	51
4,38067	52
4,38133	53
4,38200	54
4,38267	55
4,38333	56
4,38400	57
4,38467	58
4,38533	59
4,38600	60
4,38667	62
4,38733	63
4,38800	64
4,38867	65
4,38933	66
4,39000	66
4,39067	67
4,39133	68
4,39200	68
4,39267	69
4,39333	69
4,39400	69
4,39467	69
4,39533	70
4,39600	70
4,39667	69
4,39733	69
4,39800	69
4,39867	69
4,39933	68
4,40000	68
4,40067	68
4,40133	67
4,40200	67
4,40267	66
4,40333	66
4,40400	65
4,40467	65
4,40533	64
4,40600	63
4,40667	63
4,40733	62
4,40800	62
4,40867	61
4,40933	61
4,41000	60
4,41067	60
4,41133	59
4,41200	59
4,41267	59
4,41333	58
4,41400	58
4,41467	57
4,41533	57
4,41600	57
4,41667	57
4,41733	56
4,41800	56
4,41867	55
4,41933	55
4,42000	54
4,42067	54
4,42133	53
4,42200	52
4,42267	51
4,42333	51
4,42400	50
4,42467	49
4,42533	48
4,42600	47
4,42667	46
4,42733	46
4,42800	45
4,42867	44
4,42933	44
4,43000	43
4,43067	43
4,43133	43
4,43200	42
4,43267	42
4,43333	41
4,43400	41
4,43467	40
4,43533	40
4,43600	39
4,43667	39
4,43733	39
4,43800	39
4,43867	39
4,43933	38
4,44000	38
4,44067	38
4,44133	38
4,44200	38
4,44267	38
4,44333	37
4,44400	37
4,44467	37
4,44533	37
4,44600	37
4,44667	36
4,44733	36
4,44800	36
4,44867	36
4,44933	35
4,45000	35
4,45067	35
4,45133	34
4,45200	34
4,45267	34
4,45333	34
4,45400	34
4,45467	34
4,45533	34
4,45600	34
4,45667	34
4,45733	34
4,45800	34
4,45867	34
4,45933	34
4,46000	34
4,46067	34
4,46133	34
4,46200	34
4,46267	35
4,46333	35
4,46400	35
4,46467	35
4,46533	35
4,46600	35
4,46667	35
4,46733	35
4,46800	35
4,46867	35
4,46933	35
4,47000	36
4,47067	35
4,47133	35
4,47200	35
4,47267	35
4,47333	35
4,47400	34
4,47467	34
4,47533	34
4,47600	34
4,47667	34
4,47733	34
4,47800	33
4,47867	33
4,47933	33
4,48000	33
4,48067	33
4,48133	33
4,48200	33
4,48267	33
4,48333	33
4,48400	33
4,48467	33
4,48533	33
4,48600	33
4,48667	32
4,48733	32
4,48800	32
4,48867	32
4,48933	31
4,49000	31
4,49067	31
4,49133	31
4,49200	31
4,49267	31
4,49333	31
4,49400	31
4,49467	31
4,49533	31
4,49600	31
4,49667	31
4,49733	31
4,49800	30
4,49867	30
4,49933	30
4,50000	29
4,50067	29
4,50133	29
4,50200	29
4,50267	29
4,50333	29
4,50400	29
4,50467	29
4,50533	29
4,50600	29
4,50667	29
4,50733	30
4,50800	30
4,50867	30
4,50933	30
4,51000	30
4,51067	30
4,51133	30
4,51200	31
4,51267	31
4,51333	31
4,51400	31
4,51467	31
4,51533	31
4,51600	31
4,51667	31
4,51733	31
4,51800	31
4,51867	31
4,51933	31
4,52000	31
4,52067	31
4,52133	31
4,52200	31
4,52267	30
4,52333	30
4,52400	30
4,52467	30
4,52533	30
4,52600	30
4,52667	30
4,52733	30
4,52800	30
4,52867	30
4,52933	30
4,53000	29
4,53067	29
4,53133	29
4,53200	28
4,53267	28
4,53333	28
4,53400	28
4,53467	28
4,53533	28
4,53600	29
4,53667	29
4,53733	29
4,53800	29
4,53867	30
4,53933	30
4,54000	30
4,54067	30
4,54133	30
4,54200	30
4,54267	30
4,54333	30
4,54400	30
4,54467	30
4,54533	30
4,54600	30
4,54667	31
4,54733	31
4,54800	31
4,54867	31
4,54933	31
4,55000	31
4,55067	31
4,55133	30
4,55200	30
4,55267	30
4,55333	30
4,55400	30
4,55467	29
4,55533	29
4,55600	29
4,55667	29
4,55733	29
4,55800	29
4,55867	29
4,55933	29
4,56000	29
4,56067	30
4,56133	30
4,56200	30
4,56267	30
4,56333	30
4,56400	30
4,56467	31
4,56533	31
4,56600	31
4,56667	31
4,56733	31
4,56800	31
4,56867	31
4,56933	31
4,57000	31
4,57067	31
4,57133	31
4,57200	31
4,57267	31
4,57333	31
4,57400	31
4,57467	31
4,57533	31
4,57600	31
4,57667	31
4,57733	31
4,57800	31
4,57867	31
4,57933	31
4,58000	31
4,58067	31
4,58133	30
4,58200	30
4,58267	30
4,58333	30
4,58400	30
4,58467	30
4,58533	29
4,58600	29
4,58667	29
4,58733	29
4,58800	29
4,58867	29
4,58933	29
4,59000	29
4,59067	28
4,59133	28
4,59200	28
4,59267	28
4,59333	28
4,59400	27
4,59467	27
4,59533	27
4,59600	26
4,59667	26
4,59733	26
4,59800	26
4,59867	26
4,59933	26
4,60000	26
4,60067	26
4,60133	26
4,60200	26
4,60267	26
4,60333	26
4,60400	26
4,60467	26
4,60533	26
4,60600	27
4,60667	27
4,60733	27
4,60800	27
4,60867	28
4,60933	28
4,61000	28
4,61067	28
4,61133	28
4,61200	28
4,61267	27
4,61333	27
4,61400	27
4,61467	27
4,61533	27
4,61600	27
4,61667	27
4,61733	28
4,61800	28
4,61867	29
4,61933	29
4,62000	29
4,62067	30
4,62133	30
4,62200	30
4,62267	30
4,62333	30
4,62400	30
4,62467	30
4,62533	29
4,62600	29
4,62667	29
4,62733	28
4,62800	28
4,62867	28
4,62933	28
4,63000	28
4,63067	28
4,63133	28
4,63200	29
4,63267	29
4,63333	29
4,63400	29
4,63467	29
4,63533	29
4,63600	29
4,63667	29
4,63733	29
4,63800	29
4,63867	29
4,63933	29
4,64000	29
4,64067	29
4,64133	29
4,64200	29
4,64267	29
4,64333	29
4,64400	29
4,64467	29
4,64533	29
4,64600	29
4,64667	28
4,64733	28
4,64800	28
4,64867	28
4,64933	28
4,65000	28
4,65067	28
4,65133	28
4,65200	28
4,65267	28
4,65333	28
4,65400	28
4,65467	28
4,65533	27
4,65600	27
4,65667	27
4,65733	27
4,65800	26
4,65867	26
4,65933	26
4,66000	25
4,66067	25
4,66133	25
4,66200	24
4,66267	24
4,66333	24
4,66400	24
4,66467	24
4,66533	24
4,66600	24
4,66667	25
4,66733	25
4,66800	25
4,66867	25
4,66933	25
4,67000	26
4,67067	26
4,67133	26
4,67200	26
4,67267	26
4,67333	26
4,67400	26
4,67467	26
4,67533	26
4,67600	27
4,67667	27
4,67733	27
4,67800	27
4,67867	27
4,67933	27
4,68000	27
4,68067	27
4,68133	28
4,68200	28
4,68267	28
4,68333	28
4,68400	28
4,68467	28
4,68533	29
4,68600	29
4,68667	29
4,68733	29
4,68800	29
4,68867	29
4,68933	29
4,69000	28
4,69067	28
4,69133	28
4,69200	28
4,69267	27
4,69333	27
4,69400	27
4,69467	27
4,69533	27
4,69600	27
4,69667	27
4,69733	27
4,69800	27
4,69867	28
4,69933	28
4,70000	28
4,70067	28
4,70133	28
4,70200	28
4,70267	28
4,70333	28
4,70400	27
4,70467	27
4,70533	27
4,70600	28
4,70667	28
4,70733	28
4,70800	28
4,70867	28
4,70933	28
4,71000	28
4,71067	29
4,71133	29
4,71200	29
4,71267	29
4,71333	29
4,71400	29
4,71467	29
4,71533	29
4,71600	29
4,71667	29
4,71733	29
4,71800	29
4,71867	29
4,71933	29
4,72000	29
4,72067	29
4,72133	29
4,72200	29
4,72267	29
4,72333	29
4,72400	29
4,72467	29
4,72533	29
4,72600	29
4,72667	29
4,72733	29
4,72800	29
4,72867	29
4,72933	29
4,73000	28
4,73067	28
4,73133	28
4,73200	28
4,73267	28
4,73333	28
4,73400	28
4,73467	27
4,73533	28
4,73600	28
4,73667	28
4,73733	28
4,73800	28
4,73867	29
4,73933	29
4,74000	29
4,74067	29
4,74133	29
4,74200	29
4,74267	29
4,74333	29
4,74400	30
4,74467	30
4,74533	30
4,74600	31
4,74667	31
4,74733	32
4,74800	33
4,74867	34
4,74933	35
4,75000	36
4,75067	36
4,75133	37
4,75200	38
4,75267	39
4,75333	40
4,75400	41
4,75467	42
4,75533	43
4,75600	43
4,75667	44
4,75733	45
4,75800	46
4,75867	46
4,75933	47
4,76000	48
4,76067	48
4,76133	49
4,76200	49
4,76267	49
4,76333	50
4,76400	50
4,76467	50
4,76533	50
4,76600	50
4,76667	49
4,76733	49
4,76800	49
4,76867	48
4,76933	48
4,77000	47
4,77067	47
4,77133	46
4,77200	46
4,77267	46
4,77333	45
4,77400	45
4,77467	44
4,77533	44
4,77600	43
4,77667	42
4,77733	42
4,77800	41
4,77867	41
4,77933	40
4,78000	40
4,78067	39
4,78133	39
4,78200	38
4,78267	38
4,78333	37
4,78400	37
4,78467	37
4,78533	36
4,78600	36
4,78667	35
4,78733	35
4,78800	34
4,78867	34
4,78933	33
4,79000	33
4,79067	33
4,79133	32
4,79200	32
4,79267	32
4,79333	32
4,79400	32
4,79467	32
4,79533	31
4,79600	31
4,79667	31
4,79733	31
4,79800	30
4,79867	30
4,79933	30
4,80000	30
4,80067	30
4,80133	30
4,80200	30
4,80267	30
4,80333	30
4,80400	30
4,80467	30
4,80533	30
4,80600	30
4,80667	30
4,80733	30
4,80800	30
4,80867	29
4,80933	29
4,81000	28
4,81067	28
4,81133	28
4,81200	28
4,81267	28
4,81333	28
4,81400	28
4,81467	28
4,81533	28
4,81600	28
4,81667	28
4,81733	27
4,81800	27
4,81867	27
4,81933	27
4,82000	27
4,82067	26
4,82133	26
4,82200	26
4,82267	26
4,82333	27
4,82400	27
4,82467	27
4,82533	27
4,82600	27
4,82667	27
4,82733	27
4,82800	26
4,82867	26
4,82933	26
4,83000	26
4,83067	26
4,83133	26
4,83200	26
4,83267	27
4,83333	27
4,83400	27
4,83467	27
4,83533	27
4,83600	26
4,83667	26
4,83733	26
4,83800	26
4,83867	25
4,83933	25
4,84000	25
4,84067	25
4,84133	25
4,84200	25
4,84267	25
4,84333	26
4,84400	26
4,84467	26
4,84533	26
4,84600	26
4,84667	26
4,84733	26
4,84800	26
4,84867	26
4,84933	26
4,85000	26
4,85067	26
4,85133	26
4,85200	25
4,85267	25
4,85333	25
4,85400	25
4,85467	25
4,85533	25
4,85600	24
4,85667	24
4,85733	24
4,85800	24
4,85867	24
4,85933	23
4,86000	23
4,86067	23
4,86133	23
4,86200	23
4,86267	23
4,86333	23
4,86400	23
4,86467	23
4,86533	23
4,86600	24
4,86667	24
4,86733	24
4,86800	24
4,86867	24
4,86933	25
4,87000	25
4,87067	25
4,87133	25
4,87200	25
4,87267	26
4,87333	26
4,87400	26
4,87467	26
4,87533	26
4,87600	26
4,87667	26
4,87733	27
4,87800	27
4,87867	27
4,87933	27
4,88000	27
4,88067	27
4,88133	27
4,88200	28
4,88267	28
4,88333	28
4,88400	28
4,88467	28
4,88533	28
4,88600	28
4,88667	28
4,88733	28
4,88800	29
4,88867	29
4,88933	29
4,89000	29
4,89067	29
4,89133	29
4,89200	29
4,89267	29
4,89333	30
4,89400	30
4,89467	30
4,89533	30
4,89600	30
4,89667	29
4,89733	29
4,89800	29
4,89867	29
4,89933	29
4,90000	28
4,90067	28
4,90133	28
4,90200	27
4,90267	27
4,90333	27
4,90400	26
4,90467	26
4,90533	26
4,90600	26
4,90667	26
4,90733	26
4,90800	26
4,90867	25
4,90933	25
4,91000	25
4,91067	26
4,91133	26
4,91200	26
4,91267	26
4,91333	26
4,91400	26
4,91467	26
4,91533	26
4,91600	26
4,91667	25
4,91733	25
4,91800	25
4,91867	25
4,91933	25
4,92000	25
4,92067	25
4,92133	24
4,92200	24
4,92267	24
4,92333	23
4,92400	23
4,92467	23
4,92533	23
4,92600	23
4,92667	23
4,92733	23
4,92800	23
4,92867	23
4,92933	23
4,93000	23
4,93067	24
4,93133	24
4,93200	24
4,93267	25
4,93333	25
4,93400	25
4,93467	25
4,93533	25
4,93600	26
4,93667	26
4,93733	25
4,93800	25
4,93867	25
4,93933	26
4,94000	26
4,94067	26
4,94133	26
4,94200	26
4,94267	25
4,94333	25
4,94400	25
4,94467	25
4,94533	25
4,94600	25
4,94667	25
4,94733	25
4,94800	24
4,94867	24
4,94933	24
4,95000	24
4,95067	24
4,95133	24
4,95200	24
4,95267	25
4,95333	25
4,95400	25
4,95467	25
4,95533	25
4,95600	25
4,95667	25
4,95733	25
4,95800	25
4,95867	25
4,95933	25
4,96000	25
4,96067	25
4,96133	26
4,96200	26
4,96267	26
4,96333	26
4,96400	26
4,96467	26
4,96533	26
4,96600	26
4,96667	26
4,96733	26
4,96800	26
4,96867	26
4,96933	26
4,97000	26
4,97067	26
4,97133	26
4,97200	25
4,97267	25
4,97333	25
4,97400	25
4,97467	24
4,97533	24
4,97600	24
4,97667	23
4,97733	23
4,97800	23
4,97867	22
4,97933	22
4,98000	22
4,98067	21
4,98133	21
4,98200	21
4,98267	21
4,98333	21
4,98400	21
4,98467	21
4,98533	21
4,98600	21
4,98667	21
4,98733	21
4,98800	21
4,98867	21
4,98933	21
4,99000	21
4,99067	21
4,99133	21
4,99200	21
4,99267	21
4,99333	21
4,99400	22
4,99467	22
4,99533	23
4,99600	23
4,99667	23
4,99733	24
4,99800	24
4,99867	24
4,99933	24
5,00000	24
5,00067	24
5,00133	25
5,00200	25
5,00267	25
5,00333	25
5,00400	24
5,00467	24
5,00533	24
5,00600	24
5,00667	23
5,00733	23
5,00800	23
5,00867	22
5,00933	22
5,01000	22
5,01067	22
5,01133	23
5,01200	23
5,01267	23
5,01333	23
5,01400	23
5,01467	23
5,01533	23
5,01600	23
5,01667	23
5,01733	23
5,01800	23
5,01867	23
5,01933	23
5,02000	23
5,02067	23
5,02133	23
5,02200	23
5,02267	23
5,02333	23
5,02400	23
5,02467	24
5,02533	24
5,02600	25
5,02667	25
5,02733	25
5,02800	26
5,02867	26
5,02933	26
5,03000	26
5,03067	26
5,03133	26
5,03200	26
5,03267	26
5,03333	26
5,03400	26
5,03467	26
5,03533	26
5,03600	26
5,03667	26
5,03733	26
5,03800	27
5,03867	27
5,03933	27
5,04000	27
5,04067	27
5,04133	27
5,04200	27
5,04267	27
5,04333	27
5,04400	27
5,04467	27
5,04533	26
5,04600	26
5,04667	26
5,04733	26
5,04800	25
5,04867	25
5,04933	25
5,05000	25
5,05067	25
5,05133	25
5,05200	25
5,05267	25
5,05333	25
5,05400	25
5,05467	25
5,05533	25
5,05600	25
5,05667	25
5,05733	25
5,05800	25
5,05867	25
5,05933	25
5,06000	24
5,06067	24
5,06133	24
5,06200	23
5,06267	23
5,06333	23
5,06400	23
5,06467	22
5,06533	22
5,06600	22
5,06667	22
5,06733	22
5,06800	22
5,06867	22
5,06933	22
5,07000	23
5,07067	23
5,07133	23
5,07200	23
5,07267	22
5,07333	22
5,07400	22
5,07467	22
5,07533	22
5,07600	22
5,07667	22
5,07733	23
5,07800	23
5,07867	23
5,07933	23
5,08000	23
5,08067	24
5,08133	24
5,08200	24
5,08267	24
5,08333	24
5,08400	24
5,08467	25
5,08533	25
5,08600	25
5,08667	25
5,08733	25
5,08800	25
5,08867	25
5,08933	25
5,09000	26
5,09067	26
5,09133	26
5,09200	26
5,09267	26
5,09333	27
5,09400	27
5,09467	27
5,09533	27
5,09600	27
5,09667	26
5,09733	26
5,09800	26
5,09867	26
5,09933	26
5,10000	26
5,10067	25
5,10133	25
5,10200	25
5,10267	25
5,10333	25
5,10400	25
5,10467	25
5,10533	24
5,10600	24
5,10667	24
5,10733	24
5,10800	23
5,10867	23
5,10933	23
5,11000	23
5,11067	23
5,11133	23
5,11200	23
5,11267	23
5,11333	24
5,11400	24
5,11467	24
5,11533	24
5,11600	24
5,11667	24
5,11733	24
5,11800	24
5,11867	24
5,11933	24
5,12000	24
5,12067	24
5,12133	24
5,12200	24
5,12267	24
5,12333	25
5,12400	25
5,12467	25
5,12533	25
5,12600	25
5,12667	25
5,12733	25
5,12800	25
5,12867	25
5,12933	25
5,13000	25
5,13067	25
5,13133	25
5,13200	25
5,13267	25
5,13333	25
5,13400	25
5,13467	25
5,13533	25
5,13600	25
5,13667	25
5,13733	25
5,13800	25
5,13867	25
5,13933	25
5,14000	25
5,14067	25
5,14133	25
5,14200	25
5,14267	25
5,14333	25
5,14400	25
5,14467	25
5,14533	24
5,14600	24
5,14667	24
5,14733	24
5,14800	24
5,14867	24
5,14933	23
5,15000	23
5,15067	23
5,15133	23
5,15200	22
5,15267	22
5,15333	22
5,15400	22
5,15467	22
5,15533	22
5,15600	21
5,15667	21
5,15733	21
5,15800	21
5,15867	21
5,15933	21
5,16000	21
5,16067	21
5,16133	21
5,16200	21
5,16267	21
5,16333	21
5,16400	21
5,16467	21
5,16533	21
5,16600	21
5,16667	21
5,16733	21
5,16800	21
5,16867	22
5,16933	22
5,17000	22
5,17067	22
5,17133	22
5,17200	21
5,17267	21
5,17333	21
5,17400	21
5,17467	21
5,17533	21
5,17600	21
5,17667	21
5,17733	21
5,17800	21
5,17867	21
5,17933	21
5,18000	21
5,18067	20
5,18133	20
5,18200	20
5,18267	20
5,18333	20
5,18400	20
5,18467	19
5,18533	19
5,18600	19
5,18667	20
5,18733	20
5,18800	20
5,18867	20
5,18933	20
5,19000	20
5,19067	20
5,19133	20
5,19200	20
5,19267	20
5,19333	20
5,19400	20
5,19467	20
5,19533	20
5,19600	20
5,19667	20
5,19733	20
5,19800	20
5,19867	20
5,19933	20
5,20000	21
5,20067	21
5,20133	21
5,20200	21
5,20267	21
5,20333	21
5,20400	21
5,20467	21
5,20533	21
5,20600	21
5,20667	21
5,20733	21
5,20800	21
5,20867	20
5,20933	20
5,21000	20
5,21067	20
5,21133	20
5,21200	20
5,21267	20
5,21333	20
5,21400	20
5,21467	20
5,21533	20
5,21600	20
5,21667	20
5,21733	21
5,21800	21
5,21867	21
5,21933	21
5,22000	21
5,22067	21
5,22133	21
5,22200	21
5,22267	21
5,22333	21
5,22400	22
5,22467	22
5,22533	22
5,22600	22
5,22667	22
5,22733	22
5,22800	23
5,22867	23
5,22933	23
5,23000	23
5,23067	23
5,23133	23
5,23200	23
5,23267	23
5,23333	23
5,23400	23
5,23467	23
5,23533	23
5,23600	23
5,23667	23
5,23733	24
5,23800	24
5,23867	24
5,23933	24
5,24000	25
5,24067	25
5,24133	25
5,24200	25
5,24267	25
5,24333	25
5,24400	24
5,24467	24
5,24533	24
5,24600	24
5,24667	23
5,24733	23
5,24800	23
5,24867	23
5,24933	23
5,25000	22
5,25067	22
5,25133	22
5,25200	22
5,25267	22
5,25333	22
5,25400	22
5,25467	22
5,25533	22
5,25600	22
5,25667	22
5,25733	22
5,25800	22
5,25867	22
5,25933	22
5,26000	22
5,26067	22
5,26133	22
5,26200	22
5,26267	22
5,26333	22
5,26400	22
5,26467	22
5,26533	22
5,26600	22
5,26667	22
5,26733	22
5,26800	22
5,26867	22
5,26933	22
5,27000	22
5,27067	22
5,27133	22
5,27200	22
5,27267	22
5,27333	22
5,27400	22
5,27467	22
5,27533	22
5,27600	22
5,27667	22
5,27733	21
5,27800	21
5,27867	21
5,27933	21
5,28000	21
5,28067	21
5,28133	21
5,28200	21
5,28267	21
5,28333	21
5,28400	21
5,28467	21
5,28533	21
5,28600	21
5,28667	21
5,28733	21
5,28800	21
5,28867	21
5,28933	21
5,29000	21
5,29067	21
5,29133	20
5,29200	20
5,29267	20
5,29333	20
5,29400	20
5,29467	20
5,29533	19
5,29600	19
5,29667	19
5,29733	19
5,29800	19
5,29867	19
5,29933	18
5,30000	18
5,30067	18
5,30133	18
5,30200	18
5,30267	18
5,30333	18
5,30400	18
5,30467	18
5,30533	18
5,30600	18
5,30667	18
5,30733	18
5,30800	18
5,30867	18
5,30933	18
5,31000	18
5,31067	18
5,31133	18
5,31200	18
5,31267	18
5,31333	18
5,31400	18
5,31467	18
5,31533	18
5,31600	18
5,31667	17
5,31733	17
5,31800	17
5,31867	17
5,31933	17
5,32000	17
5,32067	17
5,32133	17
5,32200	17
5,32267	17
5,32333	17
5,32400	17
5,32467	17
5,32533	17
5,32600	17
5,32667	17
5,32733	17
5,32800	17
5,32867	17
5,32933	17
5,33000	17
5,33067	17
5,33133	18
5,33200	18
5,33267	18
5,33333	18
5,33400	18
5,33467	18
5,33533	18
5,33600	19
5,33667	19
5,33733	18
5,33800	18
5,33867	18
5,33933	18
5,34000	18
5,34067	18
5,34133	18
5,34200	18
5,34267	18
5,34333	18
5,34400	18
5,34467	18
5,34533	19
5,34600	19
5,34667	19
5,34733	19
5,34800	19
5,34867	19
5,34933	19
5,35000	18
5,35067	18
5,35133	18
5,35200	17
5,35267	17
5,35333	17
5,35400	17
5,35467	17
5,35533	17
5,35600	17
5,35667	17
5,35733	17
5,35800	17
5,35867	17
5,35933	17
5,36000	17
5,36067	18
5,36133	18
5,36200	18
5,36267	18
5,36333	18
5,36400	18
5,36467	18
5,36533	18
5,36600	18
5,36667	18
5,36733	18
5,36800	18
5,36867	18
5,36933	19
5,37000	19
5,37067	19
5,37133	19
5,37200	19
5,37267	19
5,37333	19
5,37400	19
5,37467	19
5,37533	19
5,37600	18
5,37667	18
5,37733	18
5,37800	18
5,37867	18
5,37933	18
5,38000	18
5,38067	17
5,38133	17
5,38200	17
5,38267	17
5,38333	17
5,38400	17
5,38467	17
5,38533	17
5,38600	17
5,38667	16
5,38733	16
5,38800	16
5,38867	16
5,38933	16
5,39000	16
5,39067	16
5,39133	16
5,39200	16
5,39267	16
5,39333	16
5,39400	16
5,39467	16
5,39533	15
5,39600	15
5,39667	15
5,39733	15
5,39800	15
5,39867	15
5,39933	15
5,40000	15
5,40067	15
5,40133	15
5,40200	15
5,40267	15
5,40333	15
5,40400	14
5,40467	14
5,40533	14
5,40600	14
5,40667	14
5,40733	14
5,40800	14
5,40867	15
5,40933	15
5,41000	15
5,41067	15
5,41133	15
5,41200	15
5,41267	15
5,41333	15
5,41400	15
5,41467	16
5,41533	15
5,41600	15
5,41667	16
5,41733	16
5,41800	16
5,41867	16
5,41933	16
5,42000	16
5,42067	15
5,42133	15
5,42200	15
5,42267	15
5,42333	15
5,42400	15
5,42467	15
5,42533	14
5,42600	14
5,42667	14
5,42733	14
5,42800	14
5,42867	14
5,42933	14
5,43000	14
5,43067	14
5,43133	15
5,43200	15
5,43267	15
5,43333	15
5,43400	15
5,43467	15
5,43533	15
5,43600	15
5,43667	15
5,43733	15
5,43800	15
5,43867	15
5,43933	15
5,44000	15
5,44067	15
5,44133	15
5,44200	16
5,44267	16
5,44333	16
5,44400	16
5,44467	17
5,44533	17
5,44600	17
5,44667	17
5,44733	17
5,44800	17
5,44867	18
5,44933	18
5,45000	18
5,45067	18
5,45133	18
5,45200	18
5,45267	18
5,45333	18
5,45400	19
5,45467	19
5,45533	19
5,45600	19
5,45667	19
5,45733	18
5,45800	18
5,45867	18
5,45933	18
5,46000	18
5,46067	18
5,46133	18
5,46200	18
5,46267	18
5,46333	19
5,46400	19
5,46467	19
5,46533	19
5,46600	19
5,46667	19
5,46733	19
5,46800	19
5,46867	19
5,46933	19
5,47000	19
5,47067	19
5,47133	19
5,47200	19
5,47267	19
5,47333	19
5,47400	19
5,47467	19
5,47533	19
5,47600	19
5,47667	19
5,47733	19
5,47800	19
5,47867	19
5,47933	19
5,48000	19
5,48067	19
5,48133	19
5,48200	19
5,48267	19
5,48333	19
5,48400	19
5,48467	19
5,48533	19
5,48600	19
5,48667	18
5,48733	18
5,48800	18
5,48867	18
5,48933	18
5,49000	18
5,49067	18
5,49133	17
5,49200	17
5,49267	17
5,49333	17
5,49400	17
5,49467	17
5,49533	17
5,49600	18
5,49667	18
5,49733	19
5,49800	19
5,49867	20
5,49933	21
5,50000	23
5,50067	25
5,50133	27
5,50200	31
5,50267	35
5,50333	40
5,50400	47
5,50467	54
5,50533	64
5,50600	75
5,50667	88
5,50733	103
5,50800	120
5,50867	140
5,50933	162
5,51000	186
5,51067	212
5,51133	241
5,51200	272
5,51267	304
5,51333	339
5,51400	374
5,51467	410
5,51533	447
5,51600	483
5,51667	518
5,51733	552
5,51800	584
5,51867	614
5,51933	640
5,52000	664
5,52067	685
5,52133	703
5,52200	716
5,52267	727
5,52333	733
5,52400	736
5,52467	736
5,52533	732
5,52600	725
5,52667	715
5,52733	703
5,52800	688
5,52867	672
5,52933	653
5,53000	633
5,53067	612
5,53133	590
5,53200	567
5,53267	543
5,53333	519
5,53400	496
5,53467	472
5,53533	448
5,53600	425
5,53667	402
5,53733	380
5,53800	358
5,53867	337
5,53933	317
5,54000	298
5,54067	279
5,54133	262
5,54200	245
5,54267	230
5,54333	215
5,54400	200
5,54467	187
5,54533	175
5,54600	163
5,54667	152
5,54733	141
5,54800	132
5,54867	123
5,54933	114
5,55000	107
5,55067	100
5,55133	93
5,55200	87
5,55267	81
5,55333	76
5,55400	71
5,55467	67
5,55533	62
5,55600	59
5,55667	55
5,55733	52
5,55800	50
5,55867	47
5,55933	45
5,56000	43
5,56067	42
5,56133	40
5,56200	39
5,56267	37
5,56333	36
5,56400	35
5,56467	34
5,56533	33
5,56600	32
5,56667	32
5,56733	31
5,56800	30
5,56867	30
5,56933	29
5,57000	28
5,57067	28
5,57133	27
5,57200	27
5,57267	26
5,57333	25
5,57400	25
5,57467	24
5,57533	24
5,57600	23
5,57667	23
5,57733	23
5,57800	22
5,57867	22
5,57933	22
5,58000	21
5,58067	21
5,58133	21
5,58200	21
5,58267	21
5,58333	21
5,58400	20
5,58467	20
5,58533	20
5,58600	19
5,58667	19
5,58733	19
5,58800	19
5,58867	18
5,58933	18
5,59000	18
5,59067	18
5,59133	18
5,59200	18
5,59267	19
5,59333	19
5,59400	19
5,59467	19
5,59533	19
5,59600	19
5,59667	19
5,59733	19
5,59800	19
5,59867	19
5,59933	19
5,60000	19
5,60067	19
5,60133	19
5,60200	19
5,60267	19
5,60333	18
5,60400	18
5,60467	18
5,60533	18
5,60600	17
5,60667	17
5,60733	17
5,60800	17
5,60867	17
5,60933	17
5,61000	17
5,61067	17
5,61133	17
5,61200	17
5,61267	17
5,61333	18
5,61400	18
5,61467	18
5,61533	18
5,61600	18
5,61667	18
5,61733	18
5,61800	18
5,61867	18
5,61933	18
5,62000	18
5,62067	18
5,62133	18
5,62200	18
5,62267	19
5,62333	19
5,62400	19
5,62467	19
5,62533	20
5,62600	20
5,62667	20
5,62733	20
5,62800	20
5,62867	20
5,62933	20
5,63000	20
5,63067	20
5,63133	20
5,63200	21
5,63267	21
5,63333	21
5,63400	21
5,63467	21
5,63533	22
5,63600	22
5,63667	21
5,63733	21
5,63800	21
5,63867	21
5,63933	21
5,64000	20
5,64067	20
5,64133	20
5,64200	20
5,64267	20
5,64333	21
5,64400	21
5,64467	21
5,64533	21
5,64600	21
5,64667	21
5,64733	21
5,64800	21
5,64867	20
5,64933	20
5,65000	20
5,65067	20
5,65133	20
5,65200	20
5,65267	20
5,65333	20
5,65400	20
5,65467	20
5,65533	20
5,65600	20
5,65667	20
5,65733	20
5,65800	20
5,65867	20
5,65933	20
5,66000	20
5,66067	20
5,66133	20
5,66200	20
5,66267	20
5,66333	20
5,66400	20
5,66467	20
5,66533	20
5,66600	20
5,66667	20
5,66733	20
5,66800	20
5,66867	20
5,66933	20
5,67000	20
5,67067	21
5,67133	21
5,67200	21
5,67267	21
5,67333	21
5,67400	21
5,67467	21
5,67533	21
5,67600	21
5,67667	21
5,67733	21
5,67800	21
5,67867	20
5,67933	20
5,68000	20
5,68067	20
5,68133	20
5,68200	19
5,68267	19
5,68333	19
5,68400	19
5,68467	18
5,68533	18
5,68600	19
5,68667	19
5,68733	19
5,68800	19
5,68867	19
5,68933	19
5,69000	18
5,69067	18
5,69133	18
5,69200	17
5,69267	17
5,69333	16
5,69400	16
5,69467	15
5,69533	15
5,69600	15
5,69667	15
5,69733	15
5,69800	16
5,69867	16
5,69933	16
5,70000	16
5,70067	16
5,70133	16
5,70200	16
5,70267	15
5,70333	15
5,70400	15
5,70467	14
5,70533	14
5,70600	14
5,70667	14
5,70733	13
5,70800	13
5,70867	13
5,70933	14
5,71000	14
5,71067	14
5,71133	14
5,71200	14
5,71267	14
5,71333	14
5,71400	14
5,71467	13
5,71533	13
5,71600	13
5,71667	13
5,71733	13
5,71800	13
5,71867	13
5,71933	13
5,72000	12
5,72067	12
5,72133	12
5,72200	12
5,72267	12
5,72333	12
5,72400	12
5,72467	13
5,72533	13
5,72600	13
5,72667	13
5,72733	14
5,72800	14
5,72867	14
5,72933	14
5,73000	15
5,73067	15
5,73133	15
5,73200	15
5,73267	15
5,73333	14
5,73400	14
5,73467	14
5,73533	14
5,73600	14
5,73667	14
5,73733	14
5,73800	14
5,73867	15
5,73933	15
5,74000	15
5,74067	15
5,74133	15
5,74200	15
5,74267	15
5,74333	16
5,74400	15
5,74467	15
5,74533	15
5,74600	15
5,74667	15
5,74733	15
5,74800	15
5,74867	16
5,74933	16
5,75000	16
5,75067	15
5,75133	15
5,75200	15
5,75267	15
5,75333	15
5,75400	15
5,75467	15
5,75533	14
5,75600	14
5,75667	14
5,75733	14
5,75800	13
5,75867	13
5,75933	13
5,76000	13
5,76067	13
5,76133	13
5,76200	13
5,76267	13
5,76333	13
5,76400	13
5,76467	13
5,76533	14
5,76600	14
5,76667	14
5,76733	14
5,76800	14
5,76867	14
5,76933	14
5,77000	14
5,77067	14
5,77133	14
5,77200	14
5,77267	14
5,77333	15
5,77400	15
5,77467	15
5,77533	15
5,77600	16
5,77667	16
5,77733	16
5,77800	16
5,77867	17
5,77933	17
5,78000	18
5,78067	18
5,78133	19
5,78200	19
5,78267	19
5,78333	20
5,78400	20
5,78467	20
5,78533	20
5,78600	20
5,78667	21
5,78733	21
5,78800	21
5,78867	21
5,78933	21
5,79000	21
5,79067	20
5,79133	20
5,79200	20
5,79267	20
5,79333	20
5,79400	20
5,79467	20
5,79533	20
5,79600	20
5,79667	19
5,79733	19
5,79800	19
5,79867	19
5,79933	19
5,80000	19
5,80067	19
5,80133	19
5,80200	19
5,80267	19
5,80333	19
5,80400	19
5,80467	19
5,80533	19
5,80600	20
5,80667	20
5,80733	20
5,80800	20
5,80867	20
5,80933	20
5,81000	20
5,81067	20
5,81133	20
5,81200	20
5,81267	20
5,81333	20
5,81400	20
5,81467	20
5,81533	20
5,81600	20
5,81667	21
5,81733	21
5,81800	21
5,81867	21
5,81933	22
5,82000	22
5,82067	22
5,82133	22
5,82200	22
5,82267	22
5,82333	22
5,82400	23
5,82467	23
5,82533	23
5,82600	24
5,82667	24
5,82733	24
5,82800	24
5,82867	24
5,82933	24
5,83000	25
5,83067	25
5,83133	25
5,83200	25
5,83267	24
5,83333	24
5,83400	24
5,83467	24
5,83533	24
5,83600	24
5,83667	24
5,83733	24
5,83800	24
5,83867	24
5,83933	24
5,84000	24
5,84067	24
5,84133	25
5,84200	25
5,84267	25
5,84333	25
5,84400	25
5,84467	25
5,84533	25
5,84600	25
5,84667	25
5,84733	25
5,84800	25
5,84867	25
5,84933	26
5,85000	26
5,85067	26
5,85133	26
5,85200	26
5,85267	25
5,85333	25
5,85400	25
5,85467	25
5,85533	25
5,85600	26
5,85667	26
5,85733	26
5,85800	26
5,85867	26
5,85933	26
5,86000	26
5,86067	26
5,86133	26
5,86200	26
5,86267	26
5,86333	26
5,86400	26
5,86467	26
5,86533	26
5,86600	26
5,86667	26
5,86733	26
5,86800	26
5,86867	26
5,86933	26
5,87000	26
5,87067	26
5,87133	25
5,87200	25
5,87267	25
5,87333	24
5,87400	24
5,87467	24
5,87533	24
5,87600	24
5,87667	24
5,87733	24
5,87800	24
5,87867	24
5,87933	24
5,88000	24
5,88067	24
5,88133	24
5,88200	24
5,88267	24
5,88333	24
5,88400	23
5,88467	23
5,88533	23
5,88600	23
5,88667	23
5,88733	23
5,88800	23
5,88867	22
5,88933	22
5,89000	22
5,89067	22
5,89133	22
5,89200	22
5,89267	21
5,89333	21
5,89400	21
5,89467	21
5,89533	21
5,89600	21
5,89667	21
5,89733	21
5,89800	21
5,89867	21
5,89933	21
5,90000	21
5,90067	21
5,90133	22
5,90200	22
5,90267	22
5,90333	22
5,90400	22
5,90467	22
5,90533	22
5,90600	21
5,90667	21
5,90733	21
5,90800	21
5,90867	20
5,90933	20
5,91000	20
5,91067	20
5,91133	20
5,91200	20
5,91267	20
5,91333	20
5,91400	21
5,91467	21
5,91533	21
5,91600	21
5,91667	21
5,91733	22
5,91800	22
5,91867	22
5,91933	22
5,92000	22
5,92067	23
5,92133	23
5,92200	23
5,92267	23
5,92333	23
5,92400	23
5,92467	23
5,92533	23
5,92600	23
5,92667	23
5,92733	23
5,92800	23
5,92867	22
5,92933	22
5,93000	22
5,93067	22
5,93133	22
5,93200	22
5,93267	22
5,93333	23
5,93400	23
5,93467	23
5,93533	23
5,93600	22
5,93667	22
5,93733	22
5,93800	21
5,93867	21
5,93933	21
5,94000	21
5,94067	21
5,94133	21
5,94200	21
5,94267	22
5,94333	22
5,94400	22
5,94467	22
5,94533	22
5,94600	22
5,94667	22
5,94733	22
5,94800	22
5,94867	22
5,94933	21
5,95000	21
5,95067	21
5,95133	21
5,95200	21
5,95267	21
5,95333	21
5,95400	21
5,95467	21
5,95533	21
5,95600	21
5,95667	21
5,95733	20
5,95800	20
5,95867	20
5,95933	20
5,96000	20
5,96067	20
5,96133	20
5,96200	20
5,96267	20
5,96333	21
5,96400	21
5,96467	21
5,96533	21
5,96600	21
5,96667	21
5,96733	21
5,96800	21
5,96867	22
5,96933	22
5,97000	21
5,97067	21
5,97133	21
5,97200	21
5,97267	21
5,97333	21
5,97400	22
5,97467	22
5,97533	22
5,97600	22
5,97667	22
5,97733	22
5,97800	22
5,97867	22
5,97933	22
5,98000	22
5,98067	22
5,98133	22
5,98200	22
5,98267	21
5,98333	21
5,98400	21
5,98467	21
5,98533	21
5,98600	21
5,98667	21
5,98733	21
5,98800	22
5,98867	21
5,98933	21
5,99000	21
5,99067	21
5,99133	21
5,99200	20
5,99267	20
5,99333	20
5,99400	20
5,99467	20
5,99533	20
5,99600	20
5,99667	20
5,99733	20
5,99800	20
5,99867	20
5,99933	20
6,00000	20
6,00067	20
6,00133	20
6,00200	20
6,00267	20
6,00333	20
6,00400	20
6,00467	20
6,00533	21
6,00600	21
6,00667	21
6,00733	21
6,00800	21
6,00867	21
6,00933	21
6,01000	21
6,01067	20
6,01133	20
6,01200	20
6,01267	20
6,01333	20
6,01400	20
6,01467	20
6,01533	20
6,01600	20
6,01667	21
6,01733	21
6,01800	21
6,01867	21
6,01933	21
6,02000	21
6,02067	21
6,02133	21
6,02200	21
6,02267	21
6,02333	21
6,02400	21
6,02467	22
6,02533	22
6,02600	22
6,02667	22
6,02733	22
6,02800	22
6,02867	22
6,02933	22
6,03000	21
6,03067	21
6,03133	21
6,03200	21
6,03267	21
6,03333	21
6,03400	21
6,03467	21
6,03533	21
6,03600	20
6,03667	20
6,03733	20
6,03800	20
6,03867	20
6,03933	20
6,04000	20
6,04067	20
6,04133	21
6,04200	21
6,04267	21
6,04333	21
6,04400	20
6,04467	20
6,04533	20
6,04600	20
6,04667	20
6,04733	20
6,04800	21
6,04867	21
6,04933	22
6,05000	22
6,05067	22
6,05133	22
6,05200	23
6,05267	23
6,05333	23
6,05400	23
6,05467	23
6,05533	24
6,05600	24
6,05667	24
6,05733	24
6,05800	24
6,05867	25
6,05933	25
6,06000	25
6,06067	26
6,06133	26
6,06200	26
6,06267	26
6,06333	26
6,06400	26
6,06467	26
6,06533	26
6,06600	26
6,06667	26
6,06733	26
6,06800	26
6,06867	26
6,06933	26
6,07000	26
6,07067	26
6,07133	25
6,07200	25
6,07267	25
6,07333	25
6,07400	25
6,07467	25
6,07533	25
6,07600	25
6,07667	26
6,07733	26
6,07800	26
6,07867	26
6,07933	26
6,08000	26
6,08067	26
6,08133	27
6,08200	27
6,08267	27
6,08333	27
6,08400	27
6,08467	28
6,08533	28
6,08600	27
6,08667	27
6,08733	27
6,08800	27
6,08867	27
6,08933	26
6,09000	26
6,09067	26
6,09133	26
6,09200	26
6,09267	27
6,09333	27
6,09400	27
6,09467	27
6,09533	28
6,09600	28
6,09667	28
6,09733	29
6,09800	29
6,09867	29
6,09933	29
6,10000	29
6,10067	29
6,10133	29
6,10200	29
6,10267	29
6,10333	29
6,10400	29
6,10467	29
6,10533	28
6,10600	28
6,10667	28
6,10733	27
6,10800	27
6,10867	26
6,10933	26
6,11000	26
6,11067	26
6,11133	26
6,11200	26
6,11267	26
6,11333	26
6,11400	26
6,11467	26
6,11533	26
6,11600	26
6,11667	26
6,11733	26
6,11800	26
6,11867	27
6,11933	27
6,12000	27
6,12067	27
6,12133	27
6,12200	27
6,12267	27
6,12333	27
6,12400	27
6,12467	27
6,12533	27
6,12600	27
6,12667	27
6,12733	27
6,12800	26
6,12867	26
6,12933	26
6,13000	26
6,13067	26
6,13133	26
6,13200	26
6,13267	26
6,13333	26
6,13400	26
6,13467	26
6,13533	26
6,13600	26
6,13667	25
6,13733	25
6,13800	25
6,13867	25
6,13933	25
6,14000	25
6,14067	24
6,14133	24
6,14200	24
6,14267	24
6,14333	24
6,14400	23
6,14467	23
6,14533	23
6,14600	23
6,14667	23
6,14733	23
6,14800	23
6,14867	23
6,14933	23
6,15000	23
6,15067	23
6,15133	23
6,15200	23
6,15267	24
6,15333	24
6,15400	24
6,15467	24
6,15533	24
6,15600	24
6,15667	24
6,15733	24
6,15800	24
6,15867	24
6,15933	24
6,16000	24
6,16067	23
6,16133	23
6,16200	23
6,16267	23
6,16333	22
6,16400	22
6,16467	21
6,16533	21
6,16600	21
6,16667	21
6,16733	20
6,16800	20
6,16867	20
6,16933	20
6,17000	19
6,17067	19
6,17133	19
6,17200	19
6,17267	19
6,17333	19
6,17400	19
6,17467	20
6,17533	20
6,17600	20
6,17667	21
6,17733	21
6,17800	21
6,17867	22
6,17933	22
6,18000	22
6,18067	22
6,18133	23
6,18200	23
6,18267	23
6,18333	23
6,18400	23
6,18467	23
6,18533	23
6,18600	23
6,18667	23
6,18733	23
6,18800	23
6,18867	23
6,18933	23
6,19000	23
6,19067	24
6,19133	24
6,19200	23
6,19267	23
6,19333	23
6,19400	23
6,19467	23
6,19533	23
6,19600	23
6,19667	23
6,19733	23
6,19800	23
6,19867	23
6,19933	23
6,20000	23
6,20067	23
6,20133	23
6,20200	23
6,20267	23
6,20333	23
6,20400	23
6,20467	23
6,20533	24
6,20600	24
6,20667	24
6,20733	24
6,20800	25
6,20867	25
6,20933	25
6,21000	25
6,21067	26
6,21133	26
6,21200	26
6,21267	26
6,21333	27
6,21400	27
6,21467	27
6,21533	26
6,21600	26
6,21667	26
6,21733	26
6,21800	26
6,21867	27
6,21933	27
6,22000	27
6,22067	27
6,22133	27
6,22200	27
6,22267	27
6,22333	27
6,22400	27
6,22467	27
6,22533	27
6,22600	27
6,22667	27
6,22733	26
6,22800	26
6,22867	26
6,22933	26
6,23000	25
6,23067	25
6,23133	25
6,23200	25
6,23267	25
6,23333	25
6,23400	25
6,23467	25
6,23533	25
6,23600	25
6,23667	24
6,23733	24
6,23800	24
6,23867	23
6,23933	23
6,24000	23
6,24067	23
6,24133	23
6,24200	23
6,24267	23
6,24333	23
6,24400	23
6,24467	23
6,24533	23
6,24600	23
6,24667	23
6,24733	23
6,24800	23
6,24867	23
6,24933	23
6,25000	23
6,25067	23
6,25133	23
6,25200	23
6,25267	24
6,25333	24
6,25400	24
6,25467	24
6,25533	24
6,25600	24
6,25667	24
6,25733	24
6,25800	24
6,25867	25
6,25933	25
6,26000	25
6,26067	25
6,26133	25
6,26200	26
6,26267	26
6,26333	26
6,26400	26
6,26467	27
6,26533	27
6,26600	27
6,26667	27
6,26733	27
6,26800	27
6,26867	27
6,26933	27
6,27000	26
6,27067	26
6,27133	26
6,27200	26
6,27267	26
6,27333	26
6,27400	26
6,27467	26
6,27533	26
6,27600	26
6,27667	26
6,27733	26
6,27800	25
6,27867	25
6,27933	25
6,28000	25
6,28067	25
6,28133	25
6,28200	25
6,28267	25
6,28333	26
6,28400	26
6,28467	26
6,28533	26
6,28600	26
6,28667	26
6,28733	26
6,28800	27
6,28867	27
6,28933	27
6,29000	27
6,29067	27
6,29133	28
6,29200	28
6,29267	28
6,29333	28
6,29400	28
6,29467	28
6,29533	28
6,29600	28
6,29667	28
6,29733	28
6,29800	28
6,29867	28
6,29933	28
6,30000	27
6,30067	27
6,30133	27
6,30200	27
6,30267	27
6,30333	27
6,30400	27
6,30467	27
6,30533	27
6,30600	26
6,30667	26
6,30733	26
6,30800	26
6,30867	27
6,30933	27
6,31000	26
6,31067	26
6,31133	26
6,31200	26
6,31267	26
6,31333	26
6,31400	26
6,31467	25
6,31533	25
6,31600	25
6,31667	25
6,31733	25
6,31800	25
6,31867	25
6,31933	25
6,32000	25
6,32067	25
6,32133	25
6,32200	25
6,32267	25
6,32333	25
6,32400	25
6,32467	25
6,32533	25
6,32600	25
6,32667	25
6,32733	25
6,32800	25
6,32867	25
6,32933	25
6,33000	25
6,33067	25
6,33133	25
6,33200	25
6,33267	24
6,33333	24
6,33400	24
6,33467	24
6,33533	24
6,33600	24
6,33667	24
6,33733	24
6,33800	24
6,33867	24
6,33933	23
6,34000	23
6,34067	23
6,34133	23
6,34200	23
6,34267	23
6,34333	23
6,34400	23
6,34467	23
6,34533	23
6,34600	23
6,34667	23
6,34733	23
6,34800	23
6,34867	23
6,34933	23
6,35000	23
6,35067	23
6,35133	23
6,35200	23
6,35267	23
6,35333	23
6,35400	23
6,35467	23
6,35533	23
6,35600	23
6,35667	23
6,35733	23
6,35800	23
6,35867	23
6,35933	23
6,36000	23
6,36067	23
6,36133	23
6,36200	22
6,36267	22
6,36333	22
6,36400	22
6,36467	22
6,36533	21
6,36600	21
6,36667	21
6,36733	21
6,36800	22
6,36867	22
6,36933	22
6,37000	22
6,37067	22
6,37133	22
6,37200	22
6,37267	21
6,37333	21
6,37400	21
6,37467	21
6,37533	21
6,37600	20
6,37667	20
6,37733	20
6,37800	20
6,37867	20
6,37933	20
6,38000	20
6,38067	20
6,38133	20
6,38200	20
6,38267	20
6,38333	21
6,38400	21
6,38467	21
6,38533	21
6,38600	21
6,38667	21
6,38733	21
6,38800	21
6,38867	21
6,38933	22
6,39000	22
6,39067	22
6,39133	22
6,39200	22
6,39267	22
6,39333	22
6,39400	22
6,39467	22
6,39533	22
6,39600	21
6,39667	21
6,39733	21
6,39800	21
6,39867	21
6,39933	21
6,40000	21
6,40067	21
6,40133	21
6,40200	21
6,40267	21
6,40333	21
6,40400	21
6,40467	21
6,40533	21
6,40600	21
6,40667	21
6,40733	22
6,40800	22
6,40867	22
6,40933	22
6,41000	22
6,41067	22
6,41133	23
6,41200	23
6,41267	23
6,41333	23
6,41400	23
6,41467	23
6,41533	24
6,41600	24
6,41667	24
6,41733	24
6,41800	24
6,41867	24
6,41933	24
6,42000	24
6,42067	24
6,42133	24
6,42200	25
6,42267	25
6,42333	25
6,42400	25
6,42467	25
6,42533	25
6,42600	25
6,42667	24
6,42733	24
6,42800	24
6,42867	24
6,42933	24
6,43000	24
6,43067	24
6,43133	24
6,43200	23
6,43267	23
6,43333	23
6,43400	23
6,43467	23
6,43533	23
6,43600	23
6,43667	23
6,43733	22
6,43800	22
6,43867	22
6,43933	22
6,44000	21
6,44067	21
6,44133	21
6,44200	20
6,44267	20
6,44333	20
6,44400	19
6,44467	19
6,44533	19
6,44600	20
6,44667	20
6,44733	20
6,44800	20
6,44867	20
6,44933	20
6,45000	20
6,45067	20
6,45133	20
6,45200	20
6,45267	20
6,45333	20
6,45400	20
6,45467	20
6,45533	20
6,45600	20
6,45667	20
6,45733	20
6,45800	21
6,45867	21
6,45933	21
6,46000	21
6,46067	21
6,46133	21
6,46200	21
6,46267	21
6,46333	21
6,46400	21
6,46467	21
6,46533	21
6,46600	22
6,46667	22
6,46733	22
6,46800	22
6,46867	22
6,46933	22
6,47000	22
6,47067	22
6,47133	23
6,47200	23
6,47267	23
6,47333	23
6,47400	24
6,47467	24
6,47533	24
6,47600	24
6,47667	24
6,47733	24
6,47800	24
6,47867	25
6,47933	25
6,48000	25
6,48067	25
6,48133	25
6,48200	25
6,48267	25
6,48333	25
6,48400	26
6,48467	26
6,48533	27
6,48600	28
6,48667	28
6,48733	29
6,48800	29
6,48867	29
6,48933	29
6,49000	30
6,49067	30
6,49133	30
6,49200	30
6,49267	29
6,49333	29
6,49400	29
6,49467	29
6,49533	29
6,49600	29
6,49667	29
6,49733	29
6,49800	29
6,49867	30
6,49933	30
6,50000	30
6,50067	30
6,50133	30
6,50200	29
6,50267	29
6,50333	29
6,50400	29
6,50467	29
6,50533	29
6,50600	29
6,50667	29
6,50733	29
6,50800	29
6,50867	29
6,50933	29
6,51000	29
6,51067	29
6,51133	30
6,51200	30
6,51267	30
6,51333	30
6,51400	31
6,51467	31
6,51533	31
6,51600	31
6,51667	31
6,51733	31
6,51800	32
6,51867	32
6,51933	32
6,52000	31
6,52067	31
6,52133	31
6,52200	31
6,52267	30
6,52333	30
6,52400	30
6,52467	30
6,52533	30
6,52600	30
6,52667	30
6,52733	30
6,52800	30
6,52867	30
6,52933	30
6,53000	30
6,53067	30
6,53133	30
6,53200	30
6,53267	30
6,53333	30
6,53400	29
6,53467	29
6,53533	28
6,53600	28
6,53667	28
6,53733	28
6,53800	28
6,53867	28
6,53933	28
6,54000	28
6,54067	28
6,54133	28
6,54200	28
6,54267	29
6,54333	29
6,54400	28
6,54467	28
6,54533	28
6,54600	28
6,54667	27
6,54733	27
6,54800	27
6,54867	27
6,54933	26
6,55000	26
6,55067	26
6,55133	26
6,55200	25
6,55267	25
6,55333	25
6,55400	25
6,55467	25
6,55533	25
6,55600	25
6,55667	25
6,55733	25
6,55800	25
6,55867	25
6,55933	25
6,56000	25
6,56067	25
6,56133	25
6,56200	25
6,56267	26
6,56333	26
6,56400	26
6,56467	27
6,56533	27
6,56600	27
6,56667	27
6,56733	28
6,56800	28
6,56867	28
6,56933	28
6,57000	28
6,57067	28
6,57133	28
6,57200	28
6,57267	28
6,57333	27
6,57400	27
6,57467	27
6,57533	27
6,57600	27
6,57667	26
6,57733	26
6,57800	26
6,57867	26
6,57933	26
6,58000	26
6,58067	26
6,58133	26
6,58200	26
6,58267	27
6,58333	27
6,58400	27
6,58467	27
6,58533	27
6,58600	27
6,58667	27
6,58733	27
6,58800	27
6,58867	27
6,58933	27
6,59000	27
6,59067	28
6,59133	28
6,59200	28
6,59267	28
6,59333	28
6,59400	28
6,59467	28
6,59533	28
6,59600	28
6,59667	28
6,59733	27
6,59800	27
6,59867	27
6,59933	27
6,60000	26
6,60067	26
6,60133	25
6,60200	25
6,60267	25
6,60333	24
6,60400	24
6,60467	24
6,60533	24
6,60600	24
6,60667	24
6,60733	24
6,60800	24
6,60867	24
6,60933	24
6,61000	24
6,61067	24
6,61133	24
6,61200	24
6,61267	24
6,61333	25
6,61400	25
6,61467	25
6,61533	25
6,61600	25
6,61667	25
6,61733	25
6,61800	25
6,61867	26
6,61933	26
6,62000	26
6,62067	26
6,62133	26
6,62200	27
6,62267	27
6,62333	27
6,62400	27
6,62467	28
6,62533	28
6,62600	28
6,62667	28
6,62733	28
6,62800	27
6,62867	27
6,62933	27
6,63000	27
6,63067	27
6,63133	26
6,63200	27
6,63267	27
6,63333	27
6,63400	27
6,63467	27
6,63533	28
6,63600	28
6,63667	28
6,63733	29
6,63800	29
6,63867	29
6,63933	29
6,64000	29
6,64067	29
6,64133	29
6,64200	29
6,64267	28
6,64333	28
6,64400	28
6,64467	28
6,64533	28
6,64600	28
6,64667	28
6,64733	28
6,64800	28
6,64867	27
6,64933	27
6,65000	27
6,65067	27
6,65133	26
6,65200	26
6,65267	26
6,65333	25
6,65400	25
6,65467	25
6,65533	24
6,65600	24
6,65667	24
6,65733	24
6,65800	24
6,65867	24
6,65933	24
6,66000	24
6,66067	24
6,66133	24
6,66200	25
6,66267	25
6,66333	25
6,66400	25
6,66467	25
6,66533	25
6,66600	26
6,66667	26
6,66733	26
6,66800	26
6,66867	26
6,66933	26
6,67000	26
6,67067	26
6,67133	26
6,67200	25
6,67267	25
6,67333	25
6,67400	26
6,67467	26
6,67533	26
6,67600	26
6,67667	26
6,67733	26
6,67800	26
6,67867	26
6,67933	26
6,68000	27
6,68067	27
6,68133	27
6,68200	27
6,68267	27
6,68333	27
6,68400	27
6,68467	27
6,68533	28
6,68600	28
6,68667	28
6,68733	28
6,68800	29
6,68867	29
6,68933	29
6,69000	29
6,69067	29
6,69133	29
6,69200	29
6,69267	29
6,69333	28
6,69400	28
6,69467	28
6,69533	28
6,69600	28
6,69667	28
6,69733	28
6,69800	28
6,69867	28
6,69933	28
6,70000	28
6,70067	27
6,70133	27
6,70200	27
6,70267	27
6,70333	27
6,70400	26
6,70467	26
6,70533	26
6,70600	26
6,70667	26
6,70733	26
6,70800	26
6,70867	26
6,70933	26
6,71000	27
6,71067	27
6,71133	27
6,71200	27
6,71267	27
6,71333	27
6,71400	26
6,71467	26
6,71533	26
6,71600	26
6,71667	26
6,71733	26
6,71800	26
6,71867	26
6,71933	25
6,72000	26
6,72067	26
6,72133	26
6,72200	26
6,72267	26
6,72333	26
6,72400	26
6,72467	26
6,72533	26
6,72600	26
6,72667	26
6,72733	26
6,72800	26
6,72867	25
6,72933	25
6,73000	25
6,73067	25
6,73133	25
6,73200	25
6,73267	25
6,73333	25
6,73400	25
6,73467	25
6,73533	25
6,73600	25
6,73667	25
6,73733	25
6,73800	25
6,73867	25
6,73933	25
6,74000	25
6,74067	25
6,74133	26
6,74200	26
6,74267	26
6,74333	26
6,74400	26
6,74467	26
6,74533	26
6,74600	26
6,74667	26
6,74733	26
6,74800	26
6,74867	25
6,74933	25
6,75000	25
6,75067	25
6,75133	25
6,75200	24
6,75267	24
6,75333	24
6,75400	24
6,75467	24
6,75533	24
6,75600	23
6,75667	23
6,75733	23
6,75800	23
6,75867	23
6,75933	23
6,76000	23
6,76067	23
6,76133	23
6,76200	23
6,76267	23
6,76333	23
6,76400	23
6,76467	23
6,76533	23
6,76600	23
6,76667	23
6,76733	23
6,76800	23
6,76867	22
6,76933	22
6,77000	22
6,77067	22
6,77133	22
6,77200	21
6,77267	21
6,77333	21
6,77400	21
6,77467	21
6,77533	21
6,77600	21
6,77667	21
6,77733	21
6,77800	21
6,77867	21
6,77933	21
6,78000	22
6,78067	22
6,78133	22
6,78200	22
6,78267	22
6,78333	22
6,78400	23
6,78467	23
6,78533	23
6,78600	23
6,78667	23
6,78733	23
6,78800	23
6,78867	23
6,78933	23
6,79000	23
6,79067	23
6,79133	23
6,79200	23
6,79267	23
6,79333	23
6,79400	23
6,79467	23
6,79533	24
6,79600	24
6,79667	24
6,79733	24
6,79800	24
6,79867	24
6,79933	24
6,80000	24
6,80067	24
6,80133	24
6,80200	24
6,80267	24
6,80333	24
6,80400	24
6,80467	24
6,80533	24
6,80600	24
6,80667	24
6,80733	25
6,80800	25
6,80867	25
6,80933	25
6,81000	25
6,81067	24
6,81133	24
6,81200	24
6,81267	23
6,81333	23
6,81400	23
6,81467	23
6,81533	23
6,81600	23
6,81667	23
6,81733	23
6,81800	23
6,81867	24
6,81933	24
6,82000	24
6,82067	24
6,82133	23
6,82200	23
6,82267	23
6,82333	23
6,82400	22
6,82467	22
6,82533	22
6,82600	22
6,82667	22
6,82733	22
6,82800	22
6,82867	22
6,82933	22
6,83000	22
6,83067	22
6,83133	22
6,83200	22
6,83267	22
6,83333	22
6,83400	22
6,83467	22
6,83533	22
6,83600	22
6,83667	22
6,83733	22
6,83800	23
6,83867	23
6,83933	23
6,84000	23
6,84067	23
6,84133	23
6,84200	23
6,84267	23
6,84333	23
6,84400	24
6,84467	24
6,84533	24
6,84600	25
6,84667	25
6,84733	25
6,84800	25
6,84867	25
6,84933	24
6,85000	24
6,85067	25
6,85133	25
6,85200	25
6,85267	25
6,85333	25
6,85400	25
6,85467	25
6,85533	25
6,85600	25
6,85667	25
6,85733	25
6,85800	25
6,85867	26
6,85933	26
6,86000	27
6,86067	27
6,86133	28
6,86200	29
6,86267	30
6,86333	30
6,86400	31
6,86467	32
6,86533	33
6,86600	34
6,86667	36
6,86733	37
6,86800	39
6,86867	41
6,86933	43
6,87000	45
6,87067	47
6,87133	50
6,87200	52
6,87267	55
6,87333	58
6,87400	61
6,87467	64
6,87533	67
6,87600	70
6,87667	73
6,87733	77
6,87800	80
6,87867	84
6,87933	87
6,88000	90
6,88067	94
6,88133	97
6,88200	101
6,88267	104
6,88333	108
6,88400	111
6,88467	114
6,88533	117
6,88600	120
6,88667	123
6,88733	126
6,88800	129
6,88867	132
6,88933	135
6,89000	137
6,89067	140
6,89133	142
6,89200	145
6,89267	147
6,89333	149
6,89400	152
6,89467	154
6,89533	156
6,89600	158
6,89667	160
6,89733	162
6,89800	164
6,89867	166
6,89933	168
6,90000	169
6,90067	171
6,90133	173
6,90200	175
6,90267	176
6,90333	178
6,90400	179
6,90467	181
6,90533	182
6,90600	183
6,90667	184
6,90733	185
6,90800	186
6,90867	187
6,90933	188
6,91000	189
6,91067	189
6,91133	190
6,91200	190
6,91267	190
6,91333	191
6,91400	191
6,91467	191
6,91533	191
6,91600	191
6,91667	191
6,91733	191
6,91800	191
6,91867	191
6,91933	191
6,92000	191
6,92067	191
6,92133	191
6,92200	191
6,92267	191
6,92333	191
6,92400	191
6,92467	191
6,92533	191
6,92600	191
6,92667	190
6,92733	190
6,92800	190
6,92867	189
6,92933	189
6,93000	189
6,93067	188
6,93133	188
6,93200	188
6,93267	187
6,93333	187
6,93400	187
6,93467	187
6,93533	186
6,93600	186
6,93667	186
6,93733	186
6,93800	185
6,93867	185
6,93933	185
6,94000	184
6,94067	184
6,94133	183
6,94200	183
6,94267	183
6,94333	183
6,94400	182
6,94467	182
6,94533	182
6,94600	182
6,94667	181
6,94733	181
6,94800	181
6,94867	180
6,94933	179
6,95000	179
6,95067	178
6,95133	178
6,95200	178
6,95267	177
6,95333	177
6,95400	177
6,95467	177
6,95533	176
6,95600	176
6,95667	176
6,95733	175
6,95800	175
6,95867	175
6,95933	174
6,96000	174
6,96067	173
6,96133	173
6,96200	172
6,96267	171
6,96333	170
6,96400	170
6,96467	169
6,96533	168
6,96600	167
6,96667	166
6,96733	165
6,96800	165
6,96867	164
6,96933	163
6,97000	162
6,97067	161
6,97133	160
6,97200	159
6,97267	158
6,97333	157
6,97400	156
6,97467	155
6,97533	154
6,97600	153
6,97667	153
6,97733	152
6,97800	151
6,97867	150
6,97933	150
6,98000	149
6,98067	148
6,98133	147
6,98200	147
6,98267	146
6,98333	145
6,98400	144
6,98467	143
6,98533	143
6,98600	142
6,98667	142
6,98733	142
6,98800	142
6,98867	141
6,98933	141
6,99000	141
6,99067	141
6,99133	141
6,99200	141
6,99267	140
6,99333	140
6,99400	140
6,99467	140
6,99533	140
6,99600	140
6,99667	140
6,99733	140
6,99800	140
6,99867	140
6,99933	140
7,00000	140
7,00067	139
7,00133	139
7,00200	139
7,00267	139
7,00333	139
7,00400	139
7,00467	139
7,00533	139
7,00600	140
7,00667	140
7,00733	140
7,00800	140
7,00867	140
7,00933	140
7,01000	140
7,01067	139
7,01133	139
7,01200	138
7,01267	138
7,01333	137
7,01400	137
7,01467	136
7,01533	135
7,01600	135
7,01667	134
7,01733	133
7,01800	132
7,01867	131
7,01933	130
7,02000	129
7,02067	128
7,02133	127
7,02200	126
7,02267	125
7,02333	124
7,02400	123
7,02467	122
7,02533	121
7,02600	121
7,02667	120
7,02733	119
7,02800	118
7,02867	117
7,02933	116
7,03000	116
7,03067	115
7,03133	115
7,03200	114
7,03267	114
7,03333	113
7,03400	112
7,03467	112
7,03533	111
7,03600	110
7,03667	109
7,03733	109
7,03800	108
7,03867	107
7,03933	107
7,04000	106
7,04067	106
7,04133	105
7,04200	104
7,04267	104
7,04333	104
7,04400	103
7,04467	103
7,04533	103
7,04600	102
7,04667	102
7,04733	101
7,04800	101
7,04867	100
7,04933	100
7,05000	99
7,05067	99
7,05133	99
7,05200	98
7,05267	98
7,05333	98
7,05400	97
7,05467	97
7,05533	97
7,05600	96
7,05667	96
7,05733	95
7,05800	95
7,05867	94
7,05933	94
7,06000	93
7,06067	93
7,06133	93
7,06200	92
7,06267	92
7,06333	92
7,06400	91
7,06467	91
7,06533	90
7,06600	90
7,06667	89
7,06733	89
7,06800	88
7,06867	88
7,06933	87
7,07000	87
7,07067	86
7,07133	86
7,07200	85
7,07267	85
7,07333	84
7,07400	83
7,07467	83
7,07533	82
7,07600	82
7,07667	81
7,07733	80
7,07800	80
7,07867	79
7,07933	78
7,08000	78
7,08067	77
7,08133	77
7,08200	76
7,08267	76
7,08333	76
7,08400	75
7,08467	75
7,08533	75
7,08600	74
7,08667	74
7,08733	74
7,08800	74
7,08867	73
7,08933	73
7,09000	73
7,09067	72
7,09133	72
7,09200	72
7,09267	72
7,09333	71
7,09400	71
7,09467	71
7,09533	71
7,09600	71
7,09667	70
7,09733	70
7,09800	69
7,09867	69
7,09933	69
7,10000	68
7,10067	68
7,10133	67
7,10200	67
7,10267	67
7,10333	67
7,10400	66
7,10467	66
7,10533	66
7,10600	66
7,10667	66
7,10733	65
7,10800	65
7,10867	65
7,10933	65
7,11000	64
7,11067	64
7,11133	64
7,11200	64
7,11267	64
7,11333	64
7,11400	64
7,11467	64
7,11533	63
7,11600	63
7,11667	63
7,11733	63
7,11800	63
7,11867	63
7,11933	62
7,12000	62
7,12067	62
7,12133	62
7,12200	62
7,12267	62
7,12333	62
7,12400	62
7,12467	62
7,12533	61
7,12600	61
7,12667	61
7,12733	61
7,12800	60
7,12867	60
7,12933	60
7,13000	59
7,13067	59
7,13133	59
7,13200	59
7,13267	58
7,13333	58
7,13400	57
7,13467	57
7,13533	56
7,13600	56
7,13667	56
7,13733	55
7,13800	55
7,13867	55
7,13933	55
7,14000	55
7,14067	55
7,14133	54
7,14200	54
7,14267	54
7,14333	53
7,14400	53
7,14467	53
7,14533	52
7,14600	52
7,14667	52
7,14733	51
7,14800	51
7,14867	51
7,14933	51
7,15000	50
7,15067	50
7,15133	50
7,15200	50
7,15267	50
7,15333	50
7,15400	50
7,15467	49
7,15533	49
7,15600	49
7,15667	49
7,15733	49
7,15800	49
7,15867	49
7,15933	49
7,16000	49
7,16067	49
7,16133	49
7,16200	49
7,16267	49
7,16333	49
7,16400	49
7,16467	48
7,16533	48
7,16600	48
7,16667	48
7,16733	48
7,16800	48
7,16867	48
7,16933	48
7,17000	48
7,17067	48
7,17133	48
7,17200	48
7,17267	48
7,17333	48
7,17400	48
7,17467	48
7,17533	48
7,17600	48
7,17667	48
7,17733	48
7,17800	48
7,17867	48
7,17933	48
7,18000	48
7,18067	48
7,18133	47
7,18200	47
7,18267	47
7,18333	46
7,18400	46
7,18467	46
7,18533	45
7,18600	45
7,18667	45
7,18733	44
7,18800	43
7,18867	43
7,18933	43
7,19000	42
7,19067	42
7,19133	42
7,19200	42
7,19267	42
7,19333	42
7,19400	42
7,19467	42
7,19533	41
7,19600	41
7,19667	41
7,19733	41
7,19800	41
7,19867	41
7,19933	42
7,20000	42
7,20067	42
7,20133	42
7,20200	42
7,20267	42
7,20333	42
7,20400	41
7,20467	41
7,20533	41
7,20600	41
7,20667	41
7,20733	41
7,20800	40
7,20867	40
7,20933	40
7,21000	40
7,21067	40
7,21133	40
7,21200	40
7,21267	40
7,21333	40
7,21400	40
7,21467	40
7,21533	40
7,21600	40
7,21667	40
7,21733	40
7,21800	40
7,21867	40
7,21933	39
7,22000	39
7,22067	39
7,22133	39
7,22200	39
7,22267	39
7,22333	39
7,22400	39
7,22467	39
7,22533	39
7,22600	39
7,22667	39
7,22733	39
7,22800	39
7,22867	39
7,22933	39
7,23000	39
7,23067	39
7,23133	39
7,23200	40
7,23267	40
7,23333	40
7,23400	41
7,23467	41
7,23533	41
7,23600	41
7,23667	42
7,23733	42
7,23800	42
7,23867	42
7,23933	42
7,24000	42
7,24067	42
7,24133	42
7,24200	42
7,24267	42
7,24333	42
7,24400	42
7,24467	42
7,24533	42
7,24600	42
7,24667	42
7,24733	42
7,24800	42
7,24867	42
7,24933	42
7,25000	42
7,25067	42
7,25133	42
7,25200	42
7,25267	41
7,25333	41
7,25400	41
7,25467	41
7,25533	41
7,25600	41
7,25667	41
7,25733	41
7,25800	41
7,25867	41
7,25933	41
7,26000	40
7,26067	40
7,26133	40
7,26200	40
7,26267	40
7,26333	40
7,26400	40
7,26467	40
7,26533	41
7,26600	41
7,26667	41
7,26733	41
7,26800	41
7,26867	41
7,26933	40
7,27000	40
7,27067	40
7,27133	40
7,27200	40
7,27267	39
7,27333	39
7,27400	39
7,27467	38
7,27533	38
7,27600	38
7,27667	38
7,27733	37
7,27800	37
7,27867	37
7,27933	37
7,28000	37
7,28067	37
7,28133	37
7,28200	36
7,28267	36
7,28333	36
7,28400	36
7,28467	36
7,28533	36
7,28600	36
7,28667	36
7,28733	36
7,28800	36
7,28867	36
7,28933	36
7,29000	36
7,29067	36
7,29133	36
7,29200	36
7,29267	36
7,29333	36
7,29400	36
7,29467	36
7,29533	36
7,29600	35
7,29667	35
7,29733	35
7,29800	35
7,29867	35
7,29933	35
7,30000	35
7,30067	35
7,30133	34
7,30200	34
7,30267	34
7,30333	34
7,30400	34
7,30467	34
7,30533	33
7,30600	33
7,30667	33
7,30733	33
7,30800	33
7,30867	33
7,30933	33
7,31000	33
7,31067	33
7,31133	33
7,31200	33
7,31267	33
7,31333	33
7,31400	33
7,31467	33
7,31533	33
7,31600	33
7,31667	34
7,31733	34
7,31800	34
7,31867	35
7,31933	35
7,32000	35
7,32067	35
7,32133	35
7,32200	35
7,32267	36
7,32333	36
7,32400	36
7,32467	36
7,32533	36
7,32600	36
7,32667	37
7,32733	37
7,32800	37
7,32867	37
7,32933	37
7,33000	38
7,33067	38
7,33133	38
7,33200	38
7,33267	38
7,33333	38
7,33400	38
7,33467	38
7,33533	38
7,33600	38
7,33667	39
7,33733	39
7,33800	39
7,33867	39
7,33933	39
7,34000	39
7,34067	39
7,34133	39
7,34200	39
7,34267	39
7,34333	39
7,34400	39
7,34467	39
7,34533	38
7,34600	38
7,34667	38
7,34733	38
7,34800	38
7,34867	38
7,34933	38
7,35000	37
7,35067	37
7,35133	37
7,35200	37
7,35267	37
7,35333	37
7,35400	37
7,35467	37
7,35533	37
7,35600	37
7,35667	37
7,35733	37
7,35800	37
7,35867	36
7,35933	36
7,36000	36
7,36067	36
7,36133	36
7,36200	36
7,36267	36
7,36333	36
7,36400	36
7,36467	36
7,36533	36
7,36600	36
7,36667	35
7,36733	35
7,36800	35
7,36867	35
7,36933	35
7,37000	35
7,37067	35
7,37133	35
7,37200	35
7,37267	36
7,37333	36
7,37400	35
7,37467	35
7,37533	35
7,37600	35
7,37667	34
7,37733	34
7,37800	34
7,37867	34
7,37933	33
7,38000	33
7,38067	33
7,38133	33
7,38200	33
7,38267	33
7,38333	32
7,38400	32
7,38467	32
7,38533	33
7,38600	33
7,38667	33
7,38733	33
7,38800	33
7,38867	33
7,38933	33
7,39000	32
7,39067	32
7,39133	33
7,39200	33
7,39267	33
7,39333	33
7,39400	33
7,39467	33
7,39533	33
7,39600	33
7,39667	33
7,39733	33
7,39800	33
7,39867	33
7,39933	32
7,40000	32
7,40067	32
7,40133	31
7,40200	31
7,40267	31
7,40333	31
7,40400	31
7,40467	31
7,40533	31
7,40600	31
7,40667	30
7,40733	30
7,40800	30
7,40867	30
7,40933	29
7,41000	29
7,41067	29
7,41133	29
7,41200	29
7,41267	29
7,41333	30
7,41400	30
7,41467	30
7,41533	30
7,41600	31
7,41667	31
7,41733	31
7,41800	31
7,41867	31
7,41933	31
7,42000	31
7,42067	31
7,42133	31
7,42200	32
7,42267	32
7,42333	32
7,42400	32
7,42467	32
7,42533	32
7,42600	32
7,42667	32
7,42733	32
7,42800	32
7,42867	32
7,42933	33
7,43000	33
7,43067	33
7,43133	33
7,43200	33
7,43267	33
7,43333	33
7,43400	33
7,43467	33
7,43533	33
7,43600	33
7,43667	34
7,43733	34
7,43800	33
7,43867	33
7,43933	33
7,44000	33
7,44067	33
7,44133	33
7,44200	33
7,44267	33
7,44333	33
7,44400	33
7,44467	33
7,44533	33
7,44600	33
7,44667	33
7,44733	33
7,44800	33
7,44867	33
7,44933	33
7,45000	33
7,45067	33
7,45133	33
7,45200	33
7,45267	33
7,45333	33
7,45400	33
7,45467	34
7,45533	34
7,45600	34
7,45667	34
7,45733	34
7,45800	34
7,45867	35
7,45933	35
7,46000	35
7,46067	35
7,46133	35
7,46200	35
7,46267	35
7,46333	35
7,46400	36
7,46467	36
7,46533	36
7,46600	36
7,46667	36
7,46733	36
7,46800	37
7,46867	37
7,46933	37
7,47000	37
7,47067	37
7,47133	37
7,47200	37
7,47267	37
7,47333	37
7,47400	37
7,47467	36
7,47533	36
7,47600	36
7,47667	36
7,47733	36
7,47800	36
7,47867	37
7,47933	38
7,48000	39
7,48067	40
7,48133	42
7,48200	45
7,48267	49
7,48333	55
7,48400	64
7,48467	77
7,48533	95
7,48600	122
7,48667	159
7,48733	211
7,48800	281
7,48867	377
7,48933	505
7,49000	672
7,49067	889
7,49133	1167
7,49200	1518
7,49267	1955
7,49333	2493
7,49400	3141
7,49467	3910
7,49533	4811
7,49600	5859
7,49667	7064
7,49733	8438
7,49800	9985
7,49867	11703
7,49933	13593
7,50000	15654
7,50067	17894
7,50133	20317
7,50200	22919
7,50267	25689
7,50333	28613
7,50400	31681
7,50467	34882
7,50533	38203
7,50600	41626
7,50667	45130
7,50733	48695
7,50800	52281
7,50867	55845
7,50933	59340
7,51000	62710
7,51067	65899
7,51133	68846
7,51200	71497
7,51267	73810
7,51333	75749
7,51400	77288
7,51467	78404
7,51533	79086
7,51600	79331
7,51667	79151
7,51733	78564
7,51800	77598
7,51867	76281
7,51933	74652
7,52000	72749
7,52067	70613
7,52133	68283
7,52200	65800
7,52267	63202
7,52333	60526
7,52400	57804
7,52467	55066
7,52533	52337
7,52600	49637
7,52667	46986
7,52733	44400
7,52800	41889
7,52867	39464
7,52933	37131
7,53000	34897
7,53067	32764
7,53133	30734
7,53200	28807
7,53267	26984
7,53333	25263
7,53400	23641
7,53467	22117
7,53533	20687
7,53600	19346
7,53667	18092
7,53733	16920
7,53800	15825
7,53867	14804
7,53933	13853
7,54000	12966
7,54067	12142
7,54133	11374
7,54200	10661
7,54267	9998
7,54333	9383
7,54400	8812
7,54467	8282
7,54533	7791
7,54600	7336
7,54667	6914
7,54733	6523
7,54800	6160
7,54867	5823
7,54933	5511
7,55000	5222
7,55067	4953
7,55133	4703
7,55200	4472
7,55267	4257
7,55333	4058
7,55400	3872
7,55467	3699
7,55533	3539
7,55600	3389
7,55667	3250
7,55733	3120
7,55800	3000
7,55867	2887
7,55933	2782
7,56000	2684
7,56067	2593
7,56133	2509
7,56200	2430
7,56267	2356
7,56333	2288
7,56400	2223
7,56467	2163
7,56533	2108
7,56600	2055
7,56667	2007
7,56733	1961
7,56800	1919
7,56867	1878
7,56933	1840
7,57000	1803
7,57067	1769
7,57133	1735
7,57200	1703
7,57267	1673
7,57333	1643
7,57400	1615
7,57467	1588
7,57533	1562
7,57600	1537
7,57667	1513
7,57733	1490
7,57800	1468
7,57867	1447
7,57933	1427
7,58000	1408
7,58067	1389
7,58133	1371
7,58200	1354
7,58267	1338
7,58333	1322
7,58400	1306
7,58467	1290
7,58533	1275
7,58600	1260
7,58667	1245
7,58733	1230
7,58800	1216
7,58867	1201
7,58933	1187
7,59000	1173
7,59067	1160
7,59133	1147
7,59200	1134
7,59267	1122
7,59333	1110
7,59400	1098
7,59467	1087
7,59533	1076
7,59600	1066
7,59667	1056
7,59733	1046
7,59800	1036
7,59867	1026
7,59933	1017
7,60000	1008
7,60067	999
7,60133	989
7,60200	980
7,60267	971
7,60333	962
7,60400	953
7,60467	944
7,60533	936
7,60600	927
7,60667	919
7,60733	912
7,60800	905
7,60867	898
7,60933	891
7,61000	885
7,61067	878
7,61133	872
7,61200	867
7,61267	861
7,61333	856
7,61400	850
7,61467	845
7,61533	840
7,61600	836
7,61667	831
7,61733	826
7,61800	821
7,61867	817
7,61933	812
7,62000	808
7,62067	804
7,62133	800
7,62200	796
7,62267	792
7,62333	788
7,62400	784
7,62467	780
7,62533	776
7,62600	772
7,62667	768
7,62733	764
7,62800	760
7,62867	756
7,62933	752
7,63000	747
7,63067	743
7,63133	739
7,63200	734
7,63267	730
7,63333	725
7,63400	721
7,63467	716
7,63533	712
7,63600	707
7,63667	703
7,63733	698
7,63800	694
7,63867	690
7,63933	686
7,64000	682
7,64067	678
7,64133	674
7,64200	669
7,64267	665
7,64333	660
7,64400	656
7,64467	651
7,64533	646
7,64600	641
7,64667	636
7,64733	631
7,64800	626
7,64867	621
7,64933	617
7,65000	612
7,65067	608
7,65133	603
7,65200	599
7,65267	595
7,65333	590
7,65400	586
7,65467	582
7,65533	578
7,65600	574
7,65667	570
7,65733	566
7,65800	562
7,65867	558
7,65933	554
7,66000	550
7,66067	547
7,66133	543
7,66200	539
7,66267	535
7,66333	532
7,66400	528
7,66467	523
7,66533	519
7,66600	515
7,66667	510
7,66733	506
7,66800	501
7,66867	497
7,66933	492
7,67000	488
7,67067	484
7,67133	479
7,67200	475
7,67267	470
7,67333	466
7,67400	462
7,67467	457
7,67533	453
7,67600	449
7,67667	445
7,67733	441
7,67800	437
7,67867	434
7,67933	430
7,68000	427
7,68067	423
7,68133	420
7,68200	417
7,68267	414
7,68333	411
7,68400	408
7,68467	406
7,68533	403
7,68600	401
7,68667	398
7,68733	396
7,68800	394
7,68867	392
7,68933	390
7,69000	388
7,69067	386
7,69133	383
7,69200	381
7,69267	379
7,69333	377
7,69400	375
7,69467	373
7,69533	371
7,69600	368
7,69667	366
7,69733	364
7,69800	362
7,69867	359
7,69933	357
7,70000	355
7,70067	352
7,70133	350
7,70200	348
7,70267	346
7,70333	345
7,70400	343
7,70467	341
7,70533	339
7,70600	337
7,70667	335
7,70733	333
7,70800	331
7,70867	329
7,70933	326
7,71000	324
7,71067	321
7,71133	318
7,71200	316
7,71267	313
7,71333	310
7,71400	308
7,71467	305
7,71533	302
7,71600	300
7,71667	297
7,71733	294
7,71800	292
7,71867	289
7,71933	286
7,72000	284
7,72067	282
7,72133	280
7,72200	278
7,72267	276
7,72333	274
7,72400	272
7,72467	270
7,72533	268
7,72600	266
7,72667	264
7,72733	262
7,72800	260
7,72867	259
7,72933	257
7,73000	255
7,73067	253
7,73133	252
7,73200	250
7,73267	249
7,73333	247
7,73400	246
7,73467	245
7,73533	243
7,73600	242
7,73667	240
7,73733	239
7,73800	237
7,73867	236
7,73933	235
7,74000	233
7,74067	232
7,74133	231
7,74200	229
7,74267	228
7,74333	227
7,74400	226
7,74467	225
7,74533	224
7,74600	223
7,74667	222
7,74733	221
7,74800	221
7,74867	220
7,74933	219
7,75000	219
7,75067	218
7,75133	217
7,75200	217
7,75267	216
7,75333	215
7,75400	214
7,75467	213
7,75533	212
7,75600	211
7,75667	210
7,75733	209
7,75800	207
7,75867	206
7,75933	205
7,76000	204
7,76067	203
7,76133	201
7,76200	200
7,76267	199
7,76333	198
7,76400	197
7,76467	196
7,76533	195
7,76600	194
7,76667	193
7,76733	192
7,76800	191
7,76867	190
7,76933	189
7,77000	188
7,77067	187
7,77133	186
7,77200	185
7,77267	184
7,77333	183
7,77400	181
7,77467	180
7,77533	180
7,77600	179
7,77667	178
7,77733	178
7,77800	177
7,77867	177
7,77933	176
7,78000	176
7,78067	175
7,78133	174
7,78200	174
7,78267	173
7,78333	173
7,78400	172
7,78467	171
7,78533	171
7,78600	170
7,78667	169
7,78733	169
7,78800	168
7,78867	168
7,78933	167
7,79000	166
7,79067	166
7,79133	165
7,79200	164
7,79267	163
7,79333	163
7,79400	162
7,79467	161
7,79533	160
7,79600	160
7,79667	159
7,79733	158
7,79800	157
7,79867	157
7,79933	156
7,80000	156
7,80067	155
7,80133	154
7,80200	154
7,80267	153
7,80333	152
7,80400	151
7,80467	150
7,80533	150
7,80600	149
7,80667	148
7,80733	147
7,80800	146
7,80867	146
7,80933	145
7,81000	144
7,81067	144
7,81133	143
7,81200	142
7,81267	142
7,81333	141
7,81400	140
7,81467	139
7,81533	139
7,81600	138
7,81667	137
7,81733	137
7,81800	136
7,81867	136
7,81933	135
7,82000	135
7,82067	134
7,82133	134
7,82200	133
7,82267	133
7,82333	132
7,82400	132
7,82467	131
7,82533	131
7,82600	131
7,82667	130
7,82733	130
7,82800	129
7,82867	128
7,82933	128
7,83000	127
7,83067	126
7,83133	126
7,83200	125
7,83267	125
7,83333	124
7,83400	124
7,83467	123
7,83533	123
7,83600	122
7,83667	122
7,83733	122
7,83800	121
7,83867	121
7,83933	121
7,84000	121
7,84067	121
7,84133	121
7,84200	121
7,84267	120
7,84333	120
7,84400	120
7,84467	119
7,84533	118
7,84600	118
7,84667	117
7,84733	117
7,84800	116
7,84867	115
7,84933	115
7,85000	114
7,85067	113
7,85133	113
7,85200	113
7,85267	112
7,85333	112
7,85400	112
7,85467	112
7,85533	112
7,85600	111
7,85667	111
7,85733	110
7,85800	110
7,85867	110
7,85933	109
7,86000	109
7,86067	109
7,86133	109
7,86200	108
7,86267	108
7,86333	108
7,86400	108
7,86467	107
7,86533	107
7,86600	107
7,86667	107
7,86733	107
7,86800	107
7,86867	107
7,86933	107
7,87000	106
7,87067	106
7,87133	106
7,87200	106
7,87267	106
7,87333	105
7,87400	105
7,87467	105
7,87533	105
7,87600	105
7,87667	105
7,87733	105
7,87800	104
7,87867	104
7,87933	104
7,88000	104
7,88067	104
7,88133	104
7,88200	103
7,88267	103
7,88333	103
7,88400	103
7,88467	103
7,88533	102
7,88600	102
7,88667	102
7,88733	102
7,88800	101
7,88867	101
7,88933	100
7,89000	99
7,89067	99
7,89133	98
7,89200	98
7,89267	97
7,89333	97
7,89400	96
7,89467	96
7,89533	95
7,89600	95
7,89667	94
7,89733	94
7,89800	93
7,89867	93
7,89933	93
7,90000	93
7,90067	92
7,90133	92
7,90200	92
7,90267	91
7,90333	91
7,90400	90
7,90467	90
7,90533	90
7,90600	89
7,90667	89
7,90733	89
7,90800	88
7,90867	88
7,90933	88
7,91000	87
7,91067	87
7,91133	87
7,91200	87
7,91267	87
7,91333	87
7,91400	87
7,91467	87
7,91533	87
7,91600	87
7,91667	86
7,91733	86
7,91800	86
7,91867	86
7,91933	85
7,92000	85
7,92067	85
7,92133	84
7,92200	84
7,92267	84
7,92333	84
7,92400	84
7,92467	84
7,92533	84
7,92600	84
7,92667	84
7,92733	84
7,92800	84
7,92867	84
7,92933	83
7,93000	83
7,93067	82
7,93133	82
7,93200	81
7,93267	80
7,93333	80
7,93400	80
7,93467	79
7,93533	79
7,93600	79
7,93667	79
7,93733	78
7,93800	78
7,93867	78
7,93933	78
7,94000	78
7,94067	78
7,94133	78
7,94200	78
7,94267	77
7,94333	77
7,94400	77
7,94467	77
7,94533	77
7,94600	76
7,94667	77
7,94733	77
7,94800	76
7,94867	76
7,94933	76
7,95000	76
7,95067	76
7,95133	76
7,95200	75
7,95267	75
7,95333	75
7,95400	75
7,95467	75
7,95533	74
7,95600	74
7,95667	74
7,95733	74
7,95800	74
7,95867	74
7,95933	74
7,96000	74
7,96067	74
7,96133	74
7,96200	73
7,96267	73
7,96333	73
7,96400	73
7,96467	72
7,96533	72
7,96600	72
7,96667	72
7,96733	72
7,96800	72
7,96867	72
7,96933	72
7,97000	72
7,97067	72
7,97133	72
7,97200	72
7,97267	71
7,97333	71
7,97400	71
7,97467	71
7,97533	70
7,97600	70
7,97667	69
7,97733	69
7,97800	68
7,97867	68
7,97933	68
7,98000	68
7,98067	67
7,98133	67
7,98200	67
7,98267	67
7,98333	67
7,98400	67
7,98467	66
7,98533	66
7,98600	66
7,98667	66
7,98733	66
7,98800	65
7,98867	65
7,98933	65
7,99000	65
7,99067	65
7,99133	65
7,99200	65
7,99267	65
7,99333	65
7,99400	65
7,99467	65
7,99533	65
7,99600	64
7,99667	64
7,99733	64
7,99800	63
7,99867	63
7,99933	63
8,00000	63
8,00067	63
8,00133	63
8,00200	63
8,00267	63
8,00333	62
8,00400	62
8,00467	62
8,00533	62
8,00600	62
8,00667	62
8,00733	62
8,00800	62
8,00867	61
8,00933	61
8,01000	61
8,01067	61
8,01133	60
8,01200	60
8,01267	60
8,01333	60
8,01400	60
8,01467	59
8,01533	59
8,01600	59
8,01667	59
8,01733	60
8,01800	60
8,01867	60
8,01933	60
8,02000	60
8,02067	60
8,02133	60
8,02200	60
8,02267	60
8,02333	60
8,02400	60
8,02467	60
8,02533	60
8,02600	60
8,02667	60
8,02733	60
8,02800	60
8,02867	60
8,02933	59
8,03000	59
8,03067	59
8,03133	59
8,03200	59
8,03267	59
8,03333	59
8,03400	59
8,03467	59
8,03533	59
8,03600	59
8,03667	59
8,03733	59
8,03800	59
8,03867	59
8,03933	59
8,04000	59
8,04067	59
8,04133	59
8,04200	59
8,04267	59
8,04333	59
8,04400	59
8,04467	59
8,04533	58
8,04600	58
8,04667	59
8,04733	59
8,04800	59
8,04867	59
8,04933	59
8,05000	59
8,05067	59
8,05133	58
8,05200	58
8,05267	58
8,05333	58
8,05400	58
8,05467	58
8,05533	58
8,05600	58
8,05667	57
8,05733	57
8,05800	57
8,05867	56
8,05933	56
8,06000	55
8,06067	55
8,06133	55
8,06200	54
8,06267	54
8,06333	54
8,06400	55
8,06467	55
8,06533	55
8,06600	55
8,06667	56
8,06733	56
8,06800	56
8,06867	57
8,06933	57
8,07000	57
8,07067	57
8,07133	57
8,07200	57
8,07267	57
8,07333	58
8,07400	58
8,07467	58
8,07533	58
8,07600	58
8,07667	58
8,07733	58
8,07800	58
8,07867	58
8,07933	58
8,08000	57
8,08067	57
8,08133	57
8,08200	57
8,08267	57
8,08333	57
8,08400	57
8,08467	57
8,08533	57
8,08600	57
8,08667	57
8,08733	57
8,08800	57
8,08867	57
8,08933	57
8,09000	57
8,09067	56
8,09133	56
8,09200	56
8,09267	56
8,09333	56
8,09400	55
8,09467	55
8,09533	55
8,09600	55
8,09667	55
8,09733	55
8,09800	55
8,09867	55
8,09933	55
8,10000	55
8,10067	55
8,10133	55
8,10200	55
8,10267	55
8,10333	55
8,10400	55
8,10467	55
8,10533	56
8,10600	56
8,10667	56
8,10733	56
8,10800	56
8,10867	57
8,10933	57
8,11000	57
8,11067	57
8,11133	57
8,11200	57
8,11267	57
8,11333	57
8,11400	57
8,11467	57
8,11533	56
8,11600	56
8,11667	56
8,11733	56
8,11800	56
8,11867	56
8,11933	56
8,12000	56
8,12067	56
8,12133	56
8,12200	56
8,12267	56
8,12333	56
8,12400	55
8,12467	55
8,12533	55
8,12600	55
8,12667	55
8,12733	55
8,12800	55
8,12867	54
8,12933	54
8,13000	54
8,13067	54
8,13133	54
8,13200	54
8,13267	54
8,13333	54
8,13400	54
8,13467	53
8,13533	53
8,13600	53
8,13667	53
8,13733	52
8,13800	52
8,13867	52
8,13933	52
8,14000	52
8,14067	52
8,14133	53
8,14200	53
8,14267	53
8,14333	53
8,14400	53
8,14467	53
8,14533	53
8,14600	53
8,14667	53
8,14733	53
8,14800	52
8,14867	52
8,14933	52
8,15000	52
8,15067	52
8,15133	52
8,15200	52
8,15267	52
8,15333	52
8,15400	52
8,15467	52
8,15533	52
8,15600	52
8,15667	52
8,15733	52
8,15800	52
8,15867	51
8,15933	51
8,16000	51
8,16067	50
8,16133	50
8,16200	49
8,16267	49
8,16333	49
8,16400	48
8,16467	48
8,16533	48
8,16600	47
8,16667	47
8,16733	46
8,16800	46
8,16867	45
8,16933	45
8,17000	45
8,17067	45
8,17133	45
8,17200	45
8,17267	45
8,17333	45
8,17400	46
8,17467	46
8,17533	46
8,17600	46
8,17667	46
8,17733	46
8,17800	46
8,17867	46
8,17933	46
8,18000	47
8,18067	47
8,18133	47
8,18200	47
8,18267	47
8,18333	48
8,18400	48
8,18467	48
8,18533	48
8,18600	48
8,18667	48
8,18733	48
8,18800	48
8,18867	47
8,18933	47
8,19000	47
8,19067	47
8,19133	47
8,19200	46
8,19267	46
8,19333	46
8,19400	46
8,19467	46
8,19533	46
8,19600	45
8,19667	45
8,19733	45
8,19800	45
8,19867	44
8,19933	44
8,20000	44
8,20067	44
8,20133	44
8,20200	44
8,20267	44
8,20333	44
8,20400	44
8,20467	44
8,20533	44
8,20600	45
8,20667	45
8,20733	44
8,20800	44
8,20867	44
8,20933	44
8,21000	44
8,21067	44
8,21133	44
8,21200	44
8,21267	45
8,21333	45
8,21400	45
8,21467	46
8,21533	46
8,21600	46
8,21667	46
8,21733	46
8,21800	45
8,21867	45
8,21933	45
8,22000	45
8,22067	44
8,22133	44
8,22200	44
8,22267	44
8,22333	44
8,22400	44
8,22467	44
8,22533	43
8,22600	43
8,22667	43
8,22733	43
8,22800	43
8,22867	42
8,22933	42
8,23000	42
8,23067	42
8,23133	42
8,23200	42
8,23267	42
8,23333	42
8,23400	42
8,23467	42
8,23533	42
8,23600	42
8,23667	42
8,23733	43
8,23800	43
8,23867	43
8,23933	44
8,24000	44
8,24067	44
8,24133	44
8,24200	44
8,24267	44
8,24333	44
8,24400	44
8,24467	44
8,24533	44
8,24600	44
8,24667	44
8,24733	45
8,24800	45
8,24867	44
8,24933	44
8,25000	44
8,25067	44
8,25133	44
8,25200	44
8,25267	44
8,25333	43
8,25400	43
8,25467	43
8,25533	42
8,25600	42
8,25667	42
8,25733	42
8,25800	42
8,25867	41
8,25933	41
8,26000	41
8,26067	41
8,26133	41
8,26200	40
8,26267	40
8,26333	40
8,26400	40
8,26467	40
8,26533	40
8,26600	39
8,26667	39
8,26733	39
8,26800	39
8,26867	39
8,26933	39
8,27000	39
8,27067	39
8,27133	39
8,27200	39
8,27267	39
8,27333	39
8,27400	39
8,27467	39
8,27533	40
8,27600	40
8,27667	40
8,27733	40
8,27800	40
8,27867	41
8,27933	41
8,28000	41
8,28067	42
8,28133	42
8,28200	42
8,28267	42
8,28333	43
8,28400	43
8,28467	43
8,28533	43
8,28600	44
8,28667	44
8,28733	44
8,28800	44
8,28867	44
8,28933	45
8,29000	45
8,29067	45
8,29133	44
8,29200	44
8,29267	44
8,29333	44
8,29400	44
8,29467	43
8,29533	43
8,29600	43
8,29667	43
8,29733	43
8,29800	43
8,29867	43
8,29933	43
8,30000	43
8,30067	43
8,30133	43
8,30200	44
8,30267	44
8,30333	44
8,30400	44
8,30467	44
8,30533	45
8,30600	45
8,30667	46
8,30733	46
8,30800	46
8,30867	47
8,30933	47
8,31000	47
8,31067	48
8,31133	48
8,31200	48
8,31267	48
8,31333	48
8,31400	48
8,31467	49
8,31533	49
8,31600	49
8,31667	49
8,31733	49
8,31800	49
8,31867	49
8,31933	49
8,32000	49
8,32067	49
8,32133	49
8,32200	49
8,32267	49
8,32333	49
8,32400	49
8,32467	49
8,32533	49
8,32600	49
8,32667	49
8,32733	49
8,32800	49
8,32867	48
8,32933	48
8,33000	48
8,33067	48
8,33133	48
8,33200	49
8,33267	49
8,33333	49
8,33400	49
8,33467	49
8,33533	49
8,33600	50
8,33667	50
8,33733	50
8,33800	50
8,33867	50
8,33933	50
8,34000	50
8,34067	50
8,34133	50
8,34200	50
8,34267	51
8,34333	51
8,34400	51
8,34467	51
8,34533	51
8,34600	51
8,34667	51
8,34733	51
8,34800	51
8,34867	50
8,34933	50
8,35000	50
8,35067	49
8,35133	49
8,35200	49
8,35267	49
8,35333	50
8,35400	50
8,35467	50
8,35533	50
8,35600	50
8,35667	50
8,35733	50
8,35800	50
8,35867	50
8,35933	50
8,36000	50
8,36067	50
8,36133	50
8,36200	50
8,36267	50
8,36333	50
8,36400	49
8,36467	49
8,36533	49
8,36600	49
8,36667	49
8,36733	48
8,36800	48
8,36867	48
8,36933	48
8,37000	47
8,37067	47
8,37133	47
8,37200	46
8,37267	46
8,37333	45
8,37400	45
8,37467	45
8,37533	44
8,37600	44
8,37667	44
8,37733	44
8,37800	44
8,37867	43
8,37933	43
8,38000	43
8,38067	42
8,38133	42
8,38200	42
8,38267	42
8,38333	42
8,38400	42
8,38467	42
8,38533	42
8,38600	42
8,38667	43
8,38733	43
8,38800	43
8,38867	43
8,38933	43
8,39000	43
8,39067	43
8,39133	43
8,39200	43
8,39267	43
8,39333	43
8,39400	42
8,39467	42
8,39533	42
8,39600	42
8,39667	43
8,39733	43
8,39800	43
8,39867	42
8,39933	42
8,40000	42
8,40067	42
8,40133	42
8,40200	41
8,40267	41
8,40333	41
8,40400	41
8,40467	41
8,40533	41
8,40600	41
8,40667	41
8,40733	41
8,40800	41
8,40867	40
8,40933	40
8,41000	40
8,41067	40
8,41133	40
8,41200	39
8,41267	39
8,41333	39
8,41400	39
8,41467	39
8,41533	39
8,41600	39
8,41667	39
8,41733	39
8,41800	39
8,41867	39
8,41933	39
8,42000	39
8,42067	39
8,42133	39
8,42200	39
8,42267	39
8,42333	39
8,42400	39
8,42467	39
8,42533	39
8,42600	39
8,42667	39
8,42733	39
8,42800	39
8,42867	39
8,42933	39
8,43000	39
8,43067	39
8,43133	38
8,43200	38
8,43267	38
8,43333	37
8,43400	37
8,43467	37
8,43533	37
8,43600	37
8,43667	36
8,43733	36
8,43800	36
8,43867	37
8,43933	37
8,44000	37
8,44067	37
8,44133	37
8,44200	37
8,44267	37
8,44333	37
8,44400	37
8,44467	38
8,44533	38
8,44600	38
8,44667	38
8,44733	38
8,44800	38
8,44867	38
8,44933	38
8,45000	39
8,45067	39
8,45133	39
8,45200	39
8,45267	38
8,45333	38
8,45400	38
8,45467	38
8,45533	38
8,45600	38
8,45667	37
8,45733	37
8,45800	37
8,45867	37
8,45933	37
8,46000	37
8,46067	37
8,46133	37
8,46200	37
8,46267	37
8,46333	37
8,46400	37
8,46467	37
8,46533	37
8,46600	37
8,46667	37
8,46733	37
8,46800	37
8,46867	37
8,46933	37
8,47000	37
8,47067	37
8,47133	37
8,47200	38
8,47267	38
8,47333	38
8,47400	38
8,47467	38
8,47533	38
8,47600	38
8,47667	38
8,47733	38
8,47800	38
8,47867	38
8,47933	37
8,48000	37
8,48067	37
8,48133	37
8,48200	37
8,48267	37
8,48333	37
8,48400	38
8,48467	38
8,48533	38
8,48600	38
8,48667	38
8,48733	38
8,48800	38
8,48867	38
8,48933	38
8,49000	38
8,49067	38
8,49133	39
8,49200	39
8,49267	39
8,49333	39
8,49400	40
8,49467	40
8,49533	41
8,49600	41
8,49667	41
8,49733	41
8,49800	41
8,49867	41
8,49933	41
8,50000	42
8,50067	42
8,50133	42
8,50200	42
8,50267	42
8,50333	43
8,50400	43
8,50467	43
8,50533	43
8,50600	43
8,50667	43
8,50733	42
8,50800	42
8,50867	42
8,50933	41
8,51000	41
8,51067	41
8,51133	41
8,51200	41
8,51267	41
8,51333	41
8,51400	41
8,51467	41
8,51533	41
8,51600	41
8,51667	41
8,51733	41
8,51800	41
8,51867	41
8,51933	41
8,52000	40
8,52067	40
8,52133	40
8,52200	40
8,52267	40
8,52333	40
8,52400	40
8,52467	39
8,52533	39
8,52600	39
8,52667	39
8,52733	38
8,52800	38
8,52867	38
8,52933	38
8,53000	38
8,53067	38
8,53133	38
8,53200	38
8,53267	38
8,53333	38
8,53400	38
8,53467	38
8,53533	38
8,53600	38
8,53667	38
8,53733	39
8,53800	39
8,53867	39
8,53933	39
8,54000	39
8,54067	39
8,54133	39
8,54200	39
8,54267	40
8,54333	40
8,54400	40
8,54467	40
8,54533	40
8,54600	40
8,54667	40
8,54733	40
8,54800	40
8,54867	40
8,54933	40
8,55000	39
8,55067	39
8,55133	39
8,55200	38
8,55267	38
8,55333	38
8,55400	38
8,55467	38
8,55533	38
8,55600	38
8,55667	38
8,55733	38
8,55800	38
8,55867	38
8,55933	38
8,56000	39
8,56067	39
8,56133	39
8,56200	39
8,56267	39
8,56333	39
8,56400	39
8,56467	39
8,56533	39
8,56600	39
8,56667	39
8,56733	39
8,56800	39
8,56867	39
8,56933	39
8,57000	39
8,57067	38
8,57133	39
8,57200	39
8,57267	39
8,57333	39
8,57400	39
8,57467	39
8,57533	39
8,57600	39
8,57667	40
8,57733	40
8,57800	40
8,57867	40
8,57933	40
8,58000	40
8,58067	40
8,58133	40
8,58200	40
8,58267	40
8,58333	40
8,58400	40
8,58467	40
8,58533	40
8,58600	40
8,58667	40
8,58733	40
8,58800	40
8,58867	40
8,58933	40
8,59000	40
8,59067	40
8,59133	40
8,59200	40
8,59267	40
8,59333	40
8,59400	40
8,59467	40
8,59533	40
8,59600	40
8,59667	40
8,59733	40
8,59800	40
8,59867	40
8,59933	41
8,60000	41
8,60067	41
8,60133	41
8,60200	41
8,60267	41
8,60333	42
8,60400	42
8,60467	42
8,60533	42
8,60600	42
8,60667	42
8,60733	42
8,60800	41
8,60867	41
8,60933	41
8,61000	41
8,61067	41
8,61133	41
8,61200	40
8,61267	40
8,61333	40
8,61400	40
8,61467	39
8,61533	39
8,61600	39
8,61667	39
8,61733	39
8,61800	38
8,61867	38
8,61933	38
8,62000	39
8,62067	39
8,62133	39
8,62200	39
8,62267	39
8,62333	39
8,62400	39
8,62467	39
8,62533	39
8,62600	39
8,62667	39
8,62733	39
8,62800	39
8,62867	40
8,62933	40
8,63000	40
8,63067	40
8,63133	40
8,63200	39
8,63267	39
8,63333	39
8,63400	39
8,63467	39
8,63533	39
8,63600	39
8,63667	40
8,63733	40
8,63800	40
8,63867	40
8,63933	40
8,64000	40
8,64067	41
8,64133	41
8,64200	41
8,64267	41
8,64333	42
8,64400	42
8,64467	42
8,64533	42
8,64600	42
8,64667	42
8,64733	42
8,64800	43
8,64867	43
8,64933	43
8,65000	43
8,65067	43
8,65133	43
8,65200	43
8,65267	43
8,65333	43
8,65400	43
8,65467	43
8,65533	42
8,65600	42
8,65667	42
8,65733	41
8,65800	41
8,65867	41
8,65933	40
8,66000	40
8,66067	40
8,66133	40
8,66200	40
8,66267	40
8,66333	40
8,66400	40
8,66467	40
8,66533	40
8,66600	40
8,66667	39
8,66733	39
8,66800	39
8,66867	38
8,66933	38
8,67000	37
8,67067	37
8,67133	36
8,67200	36
8,67267	35
8,67333	35
8,67400	35
8,67467	35
8,67533	35
8,67600	35
8,67667	35
8,67733	35
8,67800	35
8,67867	35
8,67933	35
8,68000	35
8,68067	35
8,68133	35
8,68200	35
8,68267	35
8,68333	36
8,68400	36
8,68467	36
8,68533	36
8,68600	36
8,68667	36
8,68733	37
8,68800	37
8,68867	37
8,68933	37
8,69000	37
8,69067	37
8,69133	37
8,69200	37
8,69267	37
8,69333	37
8,69400	37
8,69467	37
8,69533	36
8,69600	36
8,69667	36
8,69733	36
8,69800	36
8,69867	36
8,69933	36
8,70000	36
8,70067	36
8,70133	36
8,70200	36
8,70267	36
8,70333	36
8,70400	36
8,70467	36
8,70533	36
8,70600	36
8,70667	36
8,70733	36
8,70800	36
8,70867	36
8,70933	36
8,71000	36
8,71067	36
8,71133	37
8,71200	37
8,71267	37
8,71333	37
8,71400	37
8,71467	37
8,71533	37
8,71600	38
8,71667	38
8,71733	38
8,71800	38
8,71867	38
8,71933	38
8,72000	38
8,72067	38
8,72133	38
8,72200	38
8,72267	38
8,72333	38
8,72400	38
8,72467	37
8,72533	37
8,72600	38
8,72667	38
8,72733	38
8,72800	38
8,72867	38
8,72933	37
8,73000	37
8,73067	37
8,73133	37
8,73200	36
8,73267	36
8,73333	36
8,73400	36
8,73467	36
8,73533	36
8,73600	36
8,73667	36
8,73733	36
8,73800	36
8,73867	36
8,73933	36
8,74000	36
8,74067	36
8,74133	36
8,74200	37
8,74267	37
8,74333	37
8,74400	37
8,74467	37
8,74533	37
8,74600	37
8,74667	38
8,74733	38
8,74800	38
8,74867	38
8,74933	38
8,75000	39
8,75067	39
8,75133	39
8,75200	39
8,75267	39
8,75333	40
8,75400	40
8,75467	40
8,75533	40
8,75600	40
8,75667	40
8,75733	40
8,75800	40
8,75867	40
8,75933	40
8,76000	40
8,76067	40
8,76133	40
8,76200	40
8,76267	40
8,76333	40
8,76400	40
8,76467	39
8,76533	39
8,76600	39
8,76667	39
8,76733	39
8,76800	38
8,76867	38
8,76933	38
8,77000	38
8,77067	38
8,77133	38
8,77200	38
8,77267	38
8,77333	38
8,77400	38
8,77467	38
8,77533	38
8,77600	38
8,77667	38
8,77733	38
8,77800	38
8,77867	38
8,77933	38
8,78000	39
8,78067	39
8,78133	39
8,78200	39
8,78267	40
8,78333	40
8,78400	40
8,78467	40
8,78533	40
8,78600	40
8,78667	40
8,78733	40
8,78800	40
8,78867	40
8,78933	40
8,79000	40
8,79067	40
8,79133	39
8,79200	39
8,79267	39
8,79333	38
8,79400	38
8,79467	38
8,79533	37
8,79600	37
8,79667	37
8,79733	36
8,79800	36
8,79867	36
8,79933	36
8,80000	36
8,80067	36
8,80133	36
8,80200	36
8,80267	36
8,80333	37
8,80400	37
8,80467	37
8,80533	37
8,80600	37
8,80667	37
8,80733	37
8,80800	38
8,80867	38
8,80933	38
8,81000	39
8,81067	39
8,81133	39
8,81200	39
8,81267	40
8,81333	40
8,81400	40
8,81467	40
8,81533	39
8,81600	39
8,81667	39
8,81733	38
8,81800	38
8,81867	38
8,81933	37
8,82000	37
8,82067	37
8,82133	37
8,82200	37
8,82267	36
8,82333	36
8,82400	36
8,82467	36
8,82533	35
8,82600	35
8,82667	35
8,82733	35
8,82800	34
8,82867	34
8,82933	33
8,83000	33
8,83067	33
8,83133	33
8,83200	33
8,83267	33
8,83333	33
8,83400	33
8,83467	33
8,83533	33
8,83600	33
8,83667	33
8,83733	33
8,83800	33
8,83867	33
8,83933	33
8,84000	33
8,84067	32
8,84133	32
8,84200	32
8,84267	32
8,84333	32
8,84400	33
8,84467	33
8,84533	33
8,84600	33
8,84667	33
8,84733	33
8,84800	34
8,84867	34
8,84933	34
8,85000	34
8,85067	34
8,85133	34
8,85200	34
8,85267	35
8,85333	35
8,85400	35
8,85467	35
8,85533	35
8,85600	35
8,85667	35
8,85733	35
8,85800	35
8,85867	35
8,85933	35
8,86000	36
8,86067	36
8,86133	36
8,86200	36
8,86267	36
8,86333	36
8,86400	37
8,86467	37
8,86533	37
8,86600	37
8,86667	37
8,86733	37
8,86800	37
8,86867	37
8,86933	38
8,87000	38
8,87067	38
8,87133	38
8,87200	38
8,87267	38
8,87333	38
8,87400	38
8,87467	38
8,87533	39
8,87600	39
8,87667	39
8,87733	39
8,87800	39
8,87867	39
8,87933	39
8,88000	39
8,88067	39
8,88133	39
8,88200	39
8,88267	39
8,88333	39
8,88400	39
8,88467	39
8,88533	39
8,88600	39
8,88667	40
8,88733	40
8,88800	40
8,88867	40
8,88933	40
8,89000	40
8,89067	40
8,89133	40
8,89200	40
8,89267	40
8,89333	40
8,89400	40
8,89467	40
8,89533	40
8,89600	40
8,89667	40
8,89733	40
8,89800	40
8,89867	40
8,89933	40
8,90000	40
8,90067	40
8,90133	40
8,90200	40
8,90267	39
8,90333	39
8,90400	39
8,90467	39
8,90533	39
8,90600	39
8,90667	39
8,90733	39
8,90800	39
8,90867	39
8,90933	39
8,91000	39
8,91067	39
8,91133	38
8,91200	38
8,91267	38
8,91333	38
8,91400	37
8,91467	37
8,91533	37
8,91600	37
8,91667	36
8,91733	36
8,91800	36
8,91867	37
8,91933	37
8,92000	37
8,92067	37
8,92133	37
8,92200	37
8,92267	37
8,92333	37
8,92400	37
8,92467	37
8,92533	37
8,92600	36
8,92667	36
8,92733	36
8,92800	36
8,92867	36
8,92933	36
8,93000	36
8,93067	37
8,93133	37
8,93200	37
8,93267	37
8,93333	37
8,93400	37
8,93467	38
8,93533	38
8,93600	38
8,93667	38
8,93733	38
8,93800	38
8,93867	38
8,93933	38
8,94000	38
8,94067	38
8,94133	38
8,94200	38
8,94267	38
8,94333	39
8,94400	39
8,94467	39
8,94533	39
8,94600	39
8,94667	40
8,94733	40
8,94800	40
8,94867	40
8,94933	40
8,95000	40
8,95067	40
8,95133	40
8,95200	40
8,95267	40
8,95333	40
8,95400	40
8,95467	40
8,95533	40
8,95600	40
8,95667	40
8,95733	40
8,95800	40
8,95867	40
8,95933	40
8,96000	40
8,96067	40
8,96133	40
8,96200	40
8,96267	40
8,96333	40
8,96400	40
8,96467	40
8,96533	40
8,96600	40
8,96667	40
8,96733	40
8,96800	40
8,96867	39
8,96933	39
8,97000	39
8,97067	39
8,97133	39
8,97200	39
8,97267	38
8,97333	38
8,97400	38
8,97467	38
8,97533	38
8,97600	38
8,97667	38
8,97733	38
8,97800	37
8,97867	37
8,97933	37
8,98000	38
8,98067	38
8,98133	38
8,98200	38
8,98267	38
8,98333	38
8,98400	38
8,98467	38
8,98533	38
8,98600	38
8,98667	38
8,98733	38
8,98800	38
8,98867	38
8,98933	38
8,99000	38
8,99067	37
8,99133	37
8,99200	37
8,99267	38
8,99333	38
8,99400	38
8,99467	38
8,99533	38
8,99600	38
8,99667	38
8,99733	37
8,99800	37
8,99867	37
8,99933	37
9,00000	37
9,00067	37
9,00133	37
9,00200	37
9,00267	37
9,00333	37
9,00400	38
9,00467	38
9,00533	38
9,00600	38
9,00667	38
9,00733	38
9,00800	38
9,00867	38
9,00933	38
9,01000	38
9,01067	38
9,01133	38
9,01200	38
9,01267	38
9,01333	38
9,01400	38
9,01467	38
9,01533	38
9,01600	38
9,01667	38
9,01733	39
9,01800	39
9,01867	39
9,01933	39
9,02000	39
9,02067	39
9,02133	39
9,02200	39
9,02267	39
9,02333	39
9,02400	39
9,02467	39
9,02533	39
9,02600	39
9,02667	38
9,02733	38
9,02800	38
9,02867	38
9,02933	38
9,03000	38
9,03067	38
9,03133	38
9,03200	38
9,03267	38
9,03333	38
9,03400	38
9,03467	38
9,03533	38
9,03600	38
9,03667	38
9,03733	38
9,03800	38
9,03867	39
9,03933	39
9,04000	39
9,04067	39
9,04133	39
9,04200	39
9,04267	39
9,04333	39
9,04400	39
9,04467	38
9,04533	38
9,04600	38
9,04667	38
9,04733	38
9,04800	38
9,04867	38
9,04933	38
9,05000	39
9,05067	39
9,05133	39
9,05200	39
9,05267	39
9,05333	39
9,05400	39
9,05467	40
9,05533	40
9,05600	40
9,05667	40
9,05733	40
9,05800	41
9,05867	41
9,05933	41
9,06000	41
9,06067	41
9,06133	41
9,06200	41
9,06267	41
9,06333	41
9,06400	41
9,06467	40
9,06533	40
9,06600	40
9,06667	40
9,06733	40
9,06800	40
9,06867	39
9,06933	39
9,07000	39
9,07067	40
9,07133	40
9,07200	40
9,07267	40
9,07333	40
9,07400	40
9,07467	40
9,07533	40
9,07600	40
9,07667	40
9,07733	40
9,07800	40
9,07867	40
9,07933	40
9,08000	41
9,08067	41
9,08133	41
9,08200	41
9,08267	41
9,08333	41
9,08400	41
9,08467	41
9,08533	42
9,08600	42
9,08667	42
9,08733	42
9,08800	42
9,08867	43
9,08933	43
9,09000	43
9,09067	43
9,09133	43
9,09200	43
9,09267	43
9,09333	43
9,09400	43
9,09467	43
9,09533	43
9,09600	42
9,09667	42
9,09733	42
9,09800	43
9,09867	43
9,09933	43
9,10000	43
9,10067	44
9,10133	44
9,10200	45
9,10267	45
9,10333	45
9,10400	45
9,10467	45
9,10533	45
9,10600	45
9,10667	45
9,10733	45
9,10800	46
9,10867	46
9,10933	46
9,11000	46
9,11067	45
9,11133	45
9,11200	45
9,11267	45
9,11333	45
9,11400	45
9,11467	45
9,11533	45
9,11600	45
9,11667	45
9,11733	45
9,11800	45
9,11867	45
9,11933	45
9,12000	45
9,12067	45
9,12133	45
9,12200	45
9,12267	44
9,12333	44
9,12400	45
9,12467	45
9,12533	45
9,12600	45
9,12667	45
9,12733	46
9,12800	46
9,12867	46
9,12933	47
9,13000	47
9,13067	47
9,13133	47
9,13200	48
9,13267	48
9,13333	48
9,13400	48
9,13467	48
9,13533	48
9,13600	48
9,13667	48
9,13733	48
9,13800	47
9,13867	47
9,13933	47
9,14000	47
9,14067	47
9,14133	46
9,14200	46
9,14267	46
9,14333	46
9,14400	46
9,14467	46
9,14533	46
9,14600	46
9,14667	46
9,14733	46
9,14800	46
9,14867	46
9,14933	46
9,15000	46
9,15067	46
9,15133	46
9,15200	46
9,15267	47
9,15333	47
9,15400	47
9,15467	48
9,15533	48
9,15600	48
9,15667	47
9,15733	47
9,15800	47
9,15867	47
9,15933	46
9,16000	46
9,16067	46
9,16133	45
9,16200	45
9,16267	45
9,16333	45
9,16400	45
9,16467	45
9,16533	45
9,16600	45
9,16667	45
9,16733	45
9,16800	45
9,16867	45
9,16933	45
9,17000	45
9,17067	45
9,17133	45
9,17200	45
9,17267	45
9,17333	45
9,17400	45
9,17467	46
9,17533	46
9,17600	46
9,17667	46
9,17733	46
9,17800	46
9,17867	46
9,17933	46
9,18000	46
9,18067	46
9,18133	46
9,18200	45
9,18267	45
9,18333	45
9,18400	45
9,18467	45
9,18533	45
9,18600	45
9,18667	45
9,18733	45
9,18800	45
9,18867	45
9,18933	45
9,19000	45
9,19067	45
9,19133	45
9,19200	45
9,19267	45
9,19333	44
9,19400	44
9,19467	44
9,19533	44
9,19600	44
9,19667	44
9,19733	44
9,19800	44
9,19867	44
9,19933	44
9,20000	44
9,20067	44
9,20133	44
9,20200	44
9,20267	44
9,20333	44
9,20400	44
9,20467	44
9,20533	44
9,20600	43
9,20667	43
9,20733	43
9,20800	43
9,20867	44
9,20933	44
9,21000	44
9,21067	44
9,21133	45
9,21200	45
9,21267	45
9,21333	45
9,21400	45
9,21467	44
9,21533	44
9,21600	44
9,21667	44
9,21733	44
9,21800	43
9,21867	43
9,21933	43
9,22000	43
9,22067	43
9,22133	43
9,22200	43
9,22267	43
9,22333	43
9,22400	42
9,22467	42
9,22533	42
9,22600	42
9,22667	42
9,22733	41
9,22800	41
9,22867	41
9,22933	41
9,23000	41
9,23067	41
9,23133	42
9,23200	42
9,23267	42
9,23333	42
9,23400	42
9,23467	42
9,23533	42
9,23600	42
9,23667	42
9,23733	42
9,23800	42
9,23867	42
9,23933	42
9,24000	42
9,24067	42
9,24133	42
9,24200	43
9,24267	43
9,24333	43
9,24400	43
9,24467	43
9,24533	43
9,24600	43
9,24667	43
9,24733	43
9,24800	43
9,24867	43
9,24933	43
9,25000	43
9,25067	43
9,25133	43
9,25200	43
9,25267	43
9,25333	43
9,25400	43
9,25467	43
9,25533	42
9,25600	42
9,25667	42
9,25733	42
9,25800	42
9,25867	42
9,25933	42
9,26000	42
9,26067	42
9,26133	41
9,26200	41
9,26267	41
9,26333	40
9,26400	40
9,26467	40
9,26533	40
9,26600	40
9,26667	40
9,26733	40
9,26800	39
9,26867	40
9,26933	40
9,27000	40
9,27067	40
9,27133	40
9,27200	40
9,27267	40
9,27333	40
9,27400	40
9,27467	40
9,27533	40
9,27600	39
9,27667	39
9,27733	39
9,27800	38
9,27867	38
9,27933	38
9,28000	38
9,28067	38
9,28133	38
9,28200	38
9,28267	38
9,28333	38
9,28400	38
9,28467	38
9,28533	38
9,28600	38
9,28667	38
9,28733	38
9,28800	38
9,28867	38
9,28933	39
9,29000	39
9,29067	39
9,29133	39
9,29200	39
9,29267	40
9,29333	40
9,29400	40
9,29467	40
9,29533	40
9,29600	41
9,29667	41
9,29733	41
9,29800	41
9,29867	41
9,29933	42
9,30000	42
9,30067	42
9,30133	43
9,30200	43
9,30267	43
9,30333	44
9,30400	44
9,30467	44
9,30533	45
9,30600	45
9,30667	45
9,30733	45
9,30800	45
9,30867	44
9,30933	44
9,31000	44
9,31067	44
9,31133	44
9,31200	43
9,31267	43
9,31333	43
9,31400	43
9,31467	43
9,31533	43
9,31600	43
9,31667	43
9,31733	43
9,31800	43
9,31867	43
9,31933	43
9,32000	43
9,32067	43
9,32133	43
9,32200	44
9,32267	44
9,32333	44
9,32400	44
9,32467	44
9,32533	44
9,32600	44
9,32667	44
9,32733	44
9,32800	44
9,32867	43
9,32933	43
9,33000	43
9,33067	42
9,33133	42
9,33200	42
9,33267	42
9,33333	42
9,33400	42
9,33467	42
9,33533	42
9,33600	42
9,33667	43
9,33733	43
9,33800	43
9,33867	44
9,33933	44
9,34000	45
9,34067	45
9,34133	45
9,34200	46
9,34267	46
9,34333	46
9,34400	46
9,34467	46
9,34533	47
9,34600	47
9,34667	47
9,34733	47
9,34800	48
9,34867	48
9,34933	48
9,35000	48
9,35067	48
9,35133	48
9,35200	47
9,35267	47
9,35333	47
9,35400	47
9,35467	47
9,35533	47
9,35600	47
9,35667	47
9,35733	47
9,35800	47
9,35867	47
9,35933	47
9,36000	47
9,36067	47
9,36133	47
9,36200	47
9,36267	47
9,36333	47
9,36400	47
9,36467	47
9,36533	47
9,36600	48
9,36667	48
9,36733	48
9,36800	47
9,36867	47
9,36933	47
9,37000	47
9,37067	46
9,37133	46
9,37200	46
9,37267	46
9,37333	45
9,37400	45
9,37467	45
9,37533	45
9,37600	45
9,37667	45
9,37733	45
9,37800	45
9,37867	45
9,37933	45
9,38000	45
9,38067	45
9,38133	45
9,38200	45
9,38267	45
9,38333	45
9,38400	45
9,38467	46
9,38533	46
9,38600	46
9,38667	46
9,38733	47
9,38800	47
9,38867	47
9,38933	47
9,39000	47
9,39067	47
9,39133	47
9,39200	47
9,39267	47
9,39333	47
9,39400	47
9,39467	47
9,39533	47
9,39600	47
9,39667	47
9,39733	48
9,39800	48
9,39867	48
9,39933	48
9,40000	49
9,40067	49
9,40133	49
9,40200	50
9,40267	50
9,40333	50
9,40400	50
9,40467	50
9,40533	50
9,40600	49
9,40667	49
9,40733	49
9,40800	49
9,40867	49
9,40933	49
9,41000	49
9,41067	49
9,41133	49
9,41200	49
9,41267	49
9,41333	49
9,41400	49
9,41467	49
9,41533	48
9,41600	48
9,41667	48
9,41733	48
9,41800	48
9,41867	48
9,41933	49
9,42000	49
9,42067	49
9,42133	50
9,42200	50
9,42267	50
9,42333	51
9,42400	51
9,42467	51
9,42533	51
9,42600	51
9,42667	51
9,42733	52
9,42800	52
9,42867	52
9,42933	52
9,43000	52
9,43067	53
9,43133	53
9,43200	53
9,43267	53
9,43333	53
9,43400	53
9,43467	53
9,43533	53
9,43600	53
9,43667	53
9,43733	53
9,43800	53
9,43867	53
9,43933	53
9,44000	52
9,44067	52
9,44133	52
9,44200	51
9,44267	51
9,44333	51
9,44400	51
9,44467	51
9,44533	50
9,44600	50
9,44667	50
9,44733	50
9,44800	49
9,44867	49
9,44933	49
9,45000	49
9,45067	49
9,45133	49
9,45200	49
9,45267	49
9,45333	49
9,45400	49
9,45467	49
9,45533	49
9,45600	49
9,45667	49
9,45733	49
9,45800	49
9,45867	49
9,45933	49
9,46000	49
9,46067	49
9,46133	49
9,46200	49
9,46267	49
9,46333	50
9,46400	50
9,46467	50
9,46533	50
9,46600	50
9,46667	50
9,46733	50
9,46800	50
9,46867	50
9,46933	50
9,47000	50
9,47067	50
9,47133	50
9,47200	50
9,47267	50
9,47333	50
9,47400	50
9,47467	50
9,47533	50
9,47600	50
9,47667	50
9,47733	50
9,47800	50
9,47867	50
9,47933	50
9,48000	50
9,48067	50
9,48133	50
9,48200	50
9,48267	50
9,48333	50
9,48400	50
9,48467	50
9,48533	50
9,48600	50
9,48667	49
9,48733	49
9,48800	49
9,48867	49
9,48933	49
9,49000	49
9,49067	49
9,49133	49
9,49200	49
9,49267	49
9,49333	49
9,49400	49
9,49467	49
9,49533	49
9,49600	49
9,49667	49
9,49733	50
9,49800	50
9,49867	50
9,49933	50
9,50000	50
9,50067	50
9,50133	50
9,50200	50
9,50267	51
9,50333	51
9,50400	51
9,50467	51
9,50533	51
9,50600	51
9,50667	51
9,50733	50
9,50800	50
9,50867	50
9,50933	50
9,51000	50
9,51067	50
9,51133	50
9,51200	50
9,51267	50
9,51333	49
9,51400	49
9,51467	49
9,51533	49
9,51600	49
9,51667	49
9,51733	49
9,51800	49
9,51867	49
9,51933	49
9,52000	48
9,52067	48
9,52133	48
9,52200	48
9,52267	48
9,52333	48
9,52400	48
9,52467	48
9,52533	48
9,52600	48
9,52667	48
9,52733	48
9,52800	48
9,52867	48
9,52933	48
9,53000	48
9,53067	48
9,53133	48
9,53200	48
9,53267	48
9,53333	48
9,53400	47
9,53467	47
9,53533	47
9,53600	47
9,53667	47
9,53733	47
9,53800	47
9,53867	47
9,53933	48
9,54000	48
9,54067	48
9,54133	49
9,54200	49
9,54267	49
9,54333	49
9,54400	49
9,54467	49
9,54533	49
9,54600	49
9,54667	49
9,54733	49
9,54800	49
9,54867	49
9,54933	50
9,55000	50
9,55067	50
9,55133	50
9,55200	50
9,55267	50
9,55333	50
9,55400	50
9,55467	49
9,55533	49
9,55600	49
9,55667	49
9,55733	49
9,55800	49
9,55867	49
9,55933	50
9,56000	50
9,56067	50
9,56133	50
9,56200	50
9,56267	50
9,56333	50
9,56400	50
9,56467	50
9,56533	50
9,56600	50
9,56667	49
9,56733	49
9,56800	49
9,56867	49
9,56933	50
9,57000	50
9,57067	50
9,57133	50
9,57200	50
9,57267	50
9,57333	50
9,57400	50
9,57467	49
9,57533	49
9,57600	49
9,57667	49
9,57733	49
9,57800	49
9,57867	50
9,57933	50
9,58000	50
9,58067	50
9,58133	50
9,58200	51
9,58267	51
9,58333	51
9,58400	51
9,58467	51
9,58533	51
9,58600	51
9,58667	51
9,58733	51
9,58800	52
9,58867	52
9,58933	52
9,59000	52
9,59067	52
9,59133	52
9,59200	52
9,59267	52
9,59333	52
9,59400	52
9,59467	52
9,59533	52
9,59600	51
9,59667	51
9,59733	51
9,59800	51
9,59867	51
9,59933	51
9,60000	50
9,60067	50
9,60133	50
9,60200	50
9,60267	50
9,60333	50
9,60400	50
9,60467	50
9,60533	50
9,60600	50
9,60667	50
9,60733	50
9,60800	50
9,60867	50
9,60933	50
9,61000	50
9,61067	50
9,61133	50
9,61200	50
9,61267	50
9,61333	50
9,61400	50
9,61467	50
9,61533	50
9,61600	50
9,61667	50
9,61733	50
9,61800	50
9,61867	50
9,61933	50
9,62000	50
9,62067	50
9,62133	50
9,62200	50
9,62267	50
9,62333	50
9,62400	50
9,62467	50
9,62533	50
9,62600	50
9,62667	50
9,62733	49
9,62800	49
9,62867	49
9,62933	49
9,63000	50
9,63067	50
9,63133	51
9,63200	51
9,63267	52
9,63333	52
9,63400	53
9,63467	53
9,63533	54
9,63600	55
9,63667	55
9,63733	55
9,63800	55
9,63867	55
9,63933	55
9,64000	55
9,64067	55
9,64133	55
9,64200	54
9,64267	54
9,64333	54
9,64400	54
9,64467	54
9,64533	55
9,64600	55
9,64667	55
9,64733	55
9,64800	55
9,64867	55
9,64933	55
9,65000	55
9,65067	55
9,65133	55
9,65200	55
9,65267	55
9,65333	55
9,65400	55
9,65467	55
9,65533	55
9,65600	55
9,65667	55
9,65733	55
9,65800	56
9,65867	56
9,65933	56
9,66000	56
9,66067	56
9,66133	56
9,66200	56
9,66267	56
9,66333	56
9,66400	56
9,66467	56
9,66533	56
9,66600	56
9,66667	56
9,66733	56
9,66800	56
9,66867	56
9,66933	55
9,67000	55
9,67067	55
9,67133	55
9,67200	55
9,67267	54
9,67333	54
9,67400	55
9,67467	55
9,67533	55
9,67600	55
9,67667	55
9,67733	55
9,67800	55
9,67867	55
9,67933	55
9,68000	55
9,68067	54
9,68133	54
9,68200	54
9,68267	54
9,68333	54
9,68400	54
9,68467	54
9,68533	53
9,68600	53
9,68667	53
9,68733	53
9,68800	53
9,68867	53
9,68933	53
9,69000	53
9,69067	53
9,69133	53
9,69200	53
9,69267	53
9,69333	53
9,69400	53
9,69467	53
9,69533	53
9,69600	53
9,69667	53
9,69733	54
9,69800	54
9,69867	54
9,69933	54
9,70000	55
9,70067	55
9,70133	55
9,70200	55
9,70267	55
9,70333	54
9,70400	54
9,70467	54
9,70533	53
9,70600	53
9,70667	53
9,70733	52
9,70800	52
9,70867	52
9,70933	52
9,71000	52
9,71067	53
9,71133	53
9,71200	53
9,71267	53
9,71333	53
9,71400	54
9,71467	54
9,71533	54
9,71600	55
9,71667	55
9,71733	55
9,71800	55
9,71867	55
9,71933	55
9,72000	54
9,72067	54
9,72133	54
9,72200	54
9,72267	54
9,72333	53
9,72400	53
9,72467	53
9,72533	53
9,72600	54
9,72667	54
9,72733	54
9,72800	54
9,72867	54
9,72933	54
9,73000	54
9,73067	54
9,73133	54
9,73200	54
9,73267	54
9,73333	54
9,73400	54
9,73467	54
9,73533	54
9,73600	55
9,73667	54
9,73733	54
9,73800	54
9,73867	54
9,73933	54
9,74000	54
9,74067	54
9,74133	55
9,74200	55
9,74267	55
9,74333	54
9,74400	54
9,74467	54
9,74533	54
9,74600	54
9,74667	55
9,74733	55
9,74800	55
9,74867	56
9,74933	56
9,75000	56
9,75067	57
9,75133	57
9,75200	57
9,75267	57
9,75333	58
9,75400	58
9,75467	58
9,75533	58
9,75600	58
9,75667	58
9,75733	58
9,75800	57
9,75867	57
9,75933	57
9,76000	57
9,76067	57
9,76133	57
9,76200	58
9,76267	58
9,76333	58
9,76400	58
9,76467	58
9,76533	59
9,76600	59
9,76667	59
9,76733	59
9,76800	59
9,76867	59
9,76933	59
9,77000	60
9,77067	60
9,77133	60
9,77200	61
9,77267	61
9,77333	62
9,77400	62
9,77467	62
9,77533	63
9,77600	63
9,77667	63
9,77733	62
9,77800	62
9,77867	62
9,77933	62
9,78000	62
9,78067	61
9,78133	61
9,78200	61
9,78267	61
9,78333	61
9,78400	61
9,78467	61
9,78533	61
9,78600	61
9,78667	61
9,78733	61
9,78800	61
9,78867	61
9,78933	61
9,79000	60
9,79067	60
9,79133	60
9,79200	60
9,79267	60
9,79333	60
9,79400	60
9,79467	60
9,79533	60
9,79600	59
9,79667	59
9,79733	59
9,79800	58
9,79867	58
9,79933	58
9,80000	58
9,80067	57
9,80133	57
9,80200	57
9,80267	57
9,80333	57
9,80400	57
9,80467	57
9,80533	57
9,80600	57
9,80667	58
9,80733	58
9,80800	58
9,80867	58
9,80933	57
9,81000	57
9,81067	58
9,81133	58
9,81200	58
9,81267	58
9,81333	59
9,81400	59
9,81467	60
9,81533	60
9,81600	60
9,81667	61
9,81733	61
9,81800	62
9,81867	62
9,81933	62
9,82000	62
9,82067	62
9,82133	62
9,82200	63
9,82267	63
9,82333	63
9,82400	63
9,82467	63
9,82533	63
9,82600	63
9,82667	63
9,82733	63
9,82800	63
9,82867	64
9,82933	64
9,83000	64
9,83067	64
9,83133	64
9,83200	64
9,83267	64
9,83333	64
9,83400	64
9,83467	64
9,83533	64
9,83600	65
9,83667	65
9,83733	65
9,83800	65
9,83867	65
9,83933	65
9,84000	65
9,84067	65
9,84133	65
9,84200	66
9,84267	66
9,84333	66
9,84400	66
9,84467	65
9,84533	65
9,84600	65
9,84667	65
9,84733	65
9,84800	65
9,84867	64
9,84933	64
9,85000	64
9,85067	64
9,85133	64
9,85200	63
9,85267	63
9,85333	63
9,85400	63
9,85467	63
9,85533	63
9,85600	63
9,85667	63
9,85733	63
9,85800	63
9,85867	63
9,85933	63
9,86000	63
9,86067	63
9,86133	63
9,86200	63
9,86267	63
9,86333	63
9,86400	63
9,86467	62
9,86533	62
9,86600	62
9,86667	62
9,86733	62
9,86800	62
9,86867	63
9,86933	63
9,87000	63
9,87067	63
9,87133	63
9,87200	63
9,87267	63
9,87333	63
9,87400	63
9,87467	63
9,87533	63
9,87600	63
9,87667	63
9,87733	63
9,87800	63
9,87867	62
9,87933	62
9,88000	62
9,88067	62
9,88133	62
9,88200	62
9,88267	61
9,88333	61
9,88400	60
9,88467	60
9,88533	60
9,88600	59
9,88667	59
9,88733	59
9,88800	59
9,88867	59
9,88933	59
9,89000	60
9,89067	60
9,89133	60
9,89200	60
9,89267	60
9,89333	60
9,89400	60
9,89467	60
9,89533	60
9,89600	60
9,89667	60
9,89733	60
9,89800	60
9,89867	60
9,89933	60
9,90000	61
9,90067	61
9,90133	61
9,90200	61
9,90267	61
9,90333	61
9,90400	61
9,90467	61
9,90533	61
9,90600	61
9,90667	62
9,90733	62
9,90800	62
9,90867	62
9,90933	62
9,91000	62
9,91067	63
9,91133	63
9,91200	63
9,91267	63
9,91333	63
9,91400	63
9,91467	63
9,91533	63
9,91600	63
9,91667	62
9,91733	62
9,91800	62
9,91867	62
9,91933	62
9,92000	62
9,92067	62
9,92133	62
9,92200	63
9,92267	63
9,92333	63
9,92400	63
9,92467	63
9,92533	63
9,92600	63
9,92667	63
9,92733	63
9,92800	63
9,92867	63
9,92933	64
9,93000	64
9,93067	64
9,93133	64
9,93200	64
9,93267	64
9,93333	64
9,93400	64
9,93467	64
9,93533	64
9,93600	64
9,93667	64
9,93733	64
9,93800	64
9,93867	64
9,93933	64
9,94000	64
9,94067	64
9,94133	64
9,94200	64
9,94267	65
9,94333	65
9,94400	65
9,94467	65
9,94533	65
9,94600	65
9,94667	65
9,94733	65
9,94800	65
9,94867	65
9,94933	65
9,95000	65
9,95067	65
9,95133	65
9,95200	65
9,95267	65
9,95333	65
9,95400	66
9,95467	66
9,95533	67
9,95600	67
9,95667	68
9,95733	68
9,95800	68
9,95867	68
9,95933	68
9,96000	68
9,96067	68
9,96133	67
9,96200	67
9,96267	67
9,96333	66
9,96400	66
9,96467	66
9,96533	66
9,96600	65
9,96667	65
9,96733	65
9,96800	65
9,96867	65
9,96933	65
9,97000	65
9,97067	65
9,97133	65
9,97200	66
9,97267	66
9,97333	66
9,97400	66
9,97467	67
9,97533	67
9,97600	67
9,97667	68
9,97733	68
9,97800	69
9,97867	69
9,97933	70
9,98000	70
9,98067	71
9,98133	71
9,98200	71
9,98267	72
9,98333	72
9,98400	72
9,98467	72
9,98533	72
9,98600	73
9,98667	73
9,98733	73
9,98800	73
9,98867	74
9,98933	74
9,99000	74
9,99067	74
9,99133	74
9,99200	74
9,99267	74
9,99333	75
9,99400	75
9,99467	75
9,99533	75
9,99600	75
9,99667	75
9,99733	75
9,99800	75
9,99867	75
9,99933	75
10,00000	75
10,00067	75
10,00133	74
10,00200	74
10,00267	74
10,00333	73
10,00400	73
10,00467	73
10,00533	73
10,00600	73
10,00667	73
10,00733	73
10,00800	73
10,00867	73
10,00933	72
10,01000	72
10,01067	72
10,01133	72
10,01200	72
10,01267	72
10,01333	72
10,01400	71
10,01467	71
10,01533	71
10,01600	71
10,01667	71
10,01733	71
10,01800	71
10,01867	71
10,01933	71
10,02000	71
10,02067	71
10,02133	72
10,02200	72
10,02267	72
10,02333	73
10,02400	73
10,02467	73
10,02533	73
10,02600	74
10,02667	74
10,02733	74
10,02800	74
10,02867	74
10,02933	74
10,03000	74
10,03067	74
10,03133	74
10,03200	74
10,03267	74
10,03333	74
10,03400	74
10,03467	74
10,03533	74
10,03600	74
10,03667	74
10,03733	74
10,03800	74
10,03867	74
10,03933	74
10,04000	74
10,04067	74
10,04133	74
10,04200	74
10,04267	74
10,04333	74
10,04400	74
10,04467	74
10,04533	74
10,04600	74
10,04667	74
10,04733	74
10,04800	74
10,04867	74
10,04933	74
10,05000	74
10,05067	73
10,05133	73
10,05200	73
10,05267	73
10,05333	73
10,05400	73
10,05467	73
10,05533	73
10,05600	73
10,05667	73
10,05733	73
10,05800	73
10,05867	72
10,05933	72
10,06000	72
10,06067	72
10,06133	72
10,06200	73
10,06267	73
10,06333	73
10,06400	73
10,06467	73
10,06533	73
10,06600	73
10,06667	73
10,06733	73
10,06800	73
10,06867	73
10,06933	73
10,07000	73
10,07067	73
10,07133	73
10,07200	73
10,07267	73
10,07333	73
10,07400	73
10,07467	73
10,07533	74
10,07600	74
10,07667	74
10,07733	74
10,07800	74
10,07867	75
10,07933	75
10,08000	76
10,08067	76
10,08133	76
10,08200	76
10,08267	77
10,08333	77
10,08400	77
10,08467	77
10,08533	77
10,08600	77
10,08667	77
10,08733	77
10,08800	77
10,08867	77
10,08933	77
10,09000	77
10,09067	77
10,09133	78
10,09200	78
10,09267	79
10,09333	79
10,09400	80
10,09467	80
10,09533	81
10,09600	81
10,09667	81
10,09733	82
10,09800	82
10,09867	82
10,09933	83
10,10000	83
10,10067	83
10,10133	83
10,10200	84
10,10267	84
10,10333	84
10,10400	84
10,10467	85
10,10533	85
10,10600	85
10,10667	86
10,10733	86
10,10800	86
10,10867	86
10,10933	86
10,11000	87
10,11067	87
10,11133	87
10,11200	87
10,11267	87
10,11333	87
10,11400	87
10,11467	87
10,11533	87
10,11600	87
10,11667	87
10,11733	87
10,11800	87
10,11867	87
10,11933	87
10,12000	87
10,12067	87
10,12133	87
10,12200	87
10,12267	86
10,12333	86
10,12400	86
10,12467	85
10,12533	85
10,12600	85
10,12667	84
10,12733	84
10,12800	84
10,12867	84
10,12933	84
10,13000	83
10,13067	83
10,13133	83
10,13200	83
10,13267	84
10,13333	83
10,13400	83
10,13467	83
10,13533	83
10,13600	83
10,13667	83
10,13733	83
10,13800	83
10,13867	82
10,13933	82
10,14000	82
10,14067	82
10,14133	82
10,14200	81
10,14267	81
10,14333	81
10,14400	81
10,14467	81
10,14533	81
10,14600	81
10,14667	81
10,14733	81
10,14800	81
10,14867	80
10,14933	80
10,15000	80
10,15067	79
10,15133	79
10,15200	79
10,15267	78
10,15333	78
10,15400	77
10,15467	77
10,15533	77
10,15600	76
10,15667	76
10,15733	76
10,15800	76
10,15867	76
10,15933	76
10,16000	76
10,16067	75
10,16133	75
10,16200	75
10,16267	75
10,16333	74
10,16400	74
10,16467	74
10,16533	74
10,16600	73
10,16667	73
10,16733	73
10,16800	73
10,16867	72
10,16933	72
10,17000	72
10,17067	72
10,17133	72
10,17200	72
10,17267	73
10,17333	73
10,17400	73
10,17467	73
10,17533	73
10,17600	73
10,17667	73
10,17733	73
10,17800	73
10,17867	73
10,17933	73
10,18000	73
10,18067	73
10,18133	72
10,18200	72
10,18267	72
10,18333	72
10,18400	72
10,18467	72
10,18533	73
10,18600	73
10,18667	73
10,18733	73
10,18800	74
10,18867	74
10,18933	74
10,19000	75
10,19067	75
10,19133	75
10,19200	76
10,19267	76
10,19333	76
10,19400	77
10,19467	77
10,19533	77
10,19600	77
10,19667	77
10,19733	78
10,19800	78
10,19867	78
10,19933	78
10,20000	78
10,20067	78
10,20133	78
10,20200	79
10,20267	79
10,20333	79
10,20400	79
10,20467	79
10,20533	79
10,20600	79
10,20667	79
10,20733	79
10,20800	79
10,20867	79
10,20933	79
10,21000	79
10,21067	79
10,21133	79
10,21200	80
10,21267	80
10,21333	80
10,21400	80
10,21467	80
10,21533	80
10,21600	81
10,21667	81
10,21733	81
10,21800	81
10,21867	81
10,21933	81
10,22000	80
10,22067	80
10,22133	80
10,22200	80
10,22267	81
10,22333	81
10,22400	81
10,22467	81
10,22533	81
10,22600	81
10,22667	81
10,22733	81
10,22800	81
10,22867	81
10,22933	81
10,23000	80
10,23067	80
10,23133	80
10,23200	80
10,23267	80
10,23333	80
10,23400	80
10,23467	80
10,23533	80
10,23600	80
10,23667	80
10,23733	80
10,23800	80
10,23867	80
10,23933	79
10,24000	79
10,24067	79
10,24133	79
10,24200	79
10,24267	79
10,24333	80
10,24400	80
10,24467	80
10,24533	79
10,24600	79
10,24667	79
10,24733	79
10,24800	79
10,24867	79
10,24933	79
10,25000	78
10,25067	78
10,25133	78
10,25200	78
10,25267	78
10,25333	77
10,25400	77
10,25467	77
10,25533	77
10,25600	77
10,25667	76
10,25733	76
10,25800	76
10,25867	76
10,25933	76
10,26000	76
10,26067	76
10,26133	76
10,26200	76
10,26267	76
10,26333	76
10,26400	76
10,26467	76
10,26533	76
10,26600	77
10,26667	77
10,26733	77
10,26800	77
10,26867	77
10,26933	77
10,27000	77
10,27067	77
10,27133	77
10,27200	77
10,27267	77
10,27333	77
10,27400	77
10,27467	77
10,27533	77
10,27600	77
10,27667	77
10,27733	77
10,27800	77
10,27867	77
10,27933	77
10,28000	77
10,28067	78
10,28133	78
10,28200	78
10,28267	78
10,28333	78
10,28400	78
10,28467	79
10,28533	79
10,28600	79
10,28667	79
10,28733	79
10,28800	80
10,28867	80
10,28933	80
10,29000	80
10,29067	80
10,29133	80
10,29200	80
10,29267	80
10,29333	80
10,29400	80
10,29467	80
10,29533	80
10,29600	80
10,29667	80
10,29733	80
10,29800	80
10,29867	80
10,29933	80
10,30000	79
10,30067	79
10,30133	79
10,30200	79
10,30267	79
10,30333	78
10,30400	78
10,30467	78
10,30533	78
10,30600	78
10,30667	78
10,30733	78
10,30800	78
10,30867	78
10,30933	77
10,31000	77
10,31067	77
10,31133	77
10,31200	77
10,31267	77
10,31333	77
10,31400	77
10,31467	78
10,31533	78
10,31600	78
10,31667	78
10,31733	78
10,31800	79
10,31867	79
10,31933	79
10,32000	79
10,32067	79
10,32133	79
10,32200	79
10,32267	79
10,32333	79
10,32400	79
10,32467	79
10,32533	79
10,32600	79
10,32667	79
10,32733	79
10,32800	79
10,32867	79
10,32933	79
10,33000	78
10,33067	78
10,33133	78
10,33200	78
10,33267	78
10,33333	77
10,33400	77
10,33467	77
10,33533	77
10,33600	77
10,33667	77
10,33733	77
10,33800	77
10,33867	77
10,33933	77
10,34000	77
10,34067	77
10,34133	77
10,34200	77
10,34267	76
10,34333	76
10,34400	76
10,34467	76
10,34533	76
10,34600	76
10,34667	76
10,34733	76
10,34800	76
10,34867	76
10,34933	76
10,35000	76
10,35067	76
10,35133	76
10,35200	76
10,35267	75
10,35333	75
10,35400	75
10,35467	75
10,35533	75
10,35600	75
10,35667	75
10,35733	75
10,35800	76
10,35867	76
10,35933	76
10,36000	76
10,36067	76
10,36133	76
10,36200	76
10,36267	76
10,36333	76
10,36400	76
10,36467	76
10,36533	76
10,36600	76
10,36667	76
10,36733	76
10,36800	76
10,36867	76
10,36933	76
10,37000	76
10,37067	76
10,37133	77
10,37200	77
10,37267	77
10,37333	77
10,37400	77
10,37467	77
10,37533	77
10,37600	77
10,37667	77
10,37733	77
10,37800	77
10,37867	77
10,37933	77
10,38000	78
10,38067	78
10,38133	78
10,38200	79
10,38267	79
10,38333	79
10,38400	79
10,38467	79
10,38533	79
10,38600	79
10,38667	79
10,38733	79
10,38800	79
10,38867	79
10,38933	79
10,39000	79
10,39067	79
10,39133	79
10,39200	79
10,39267	80
10,39333	80
10,39400	80
10,39467	80
10,39533	80
10,39600	80
10,39667	80
10,39733	80
10,39800	81
10,39867	81
10,39933	81
10,40000	81
10,40067	81
10,40133	81
10,40200	81
10,40267	81
10,40333	81
10,40400	82
10,40467	82
10,40533	82
10,40600	82
10,40667	82
10,40733	82
10,40800	82
10,40867	82
10,40933	82
10,41000	83
10,41067	83
10,41133	83
10,41200	84
10,41267	84
10,41333	84
10,41400	84
10,41467	84
10,41533	84
10,41600	84
10,41667	84
10,41733	84
10,41800	84
10,41867	84
10,41933	84
10,42000	84
10,42067	84
10,42133	84
10,42200	84
10,42267	84
10,42333	84
10,42400	85
10,42467	85
10,42533	85
10,42600	86
10,42667	86
10,42733	86
10,42800	86
10,42867	86
10,42933	86
10,43000	86
10,43067	86
10,43133	86
10,43200	85
10,43267	85
10,43333	85
10,43400	85
10,43467	85
10,43533	86
10,43600	86
10,43667	86
10,43733	86
10,43800	87
10,43867	87
10,43933	87
10,44000	87
10,44067	87
10,44133	87
10,44200	87
10,44267	87
10,44333	87
10,44400	87
10,44467	87
10,44533	87
10,44600	87
10,44667	86
10,44733	86
10,44800	86
10,44867	86
10,44933	86
10,45000	85
10,45067	85
10,45133	85
10,45200	84
10,45267	84
10,45333	84
10,45400	83
10,45467	83
10,45533	83
10,45600	82
10,45667	82
10,45733	82
10,45800	82
10,45867	81
10,45933	81
10,46000	81
10,46067	81
10,46133	81
10,46200	81
10,46267	81
10,46333	81
10,46400	82
10,46467	82
10,46533	82
10,46600	82
10,46667	82
10,46733	83
10,46800	83
10,46867	83
10,46933	83
10,47000	83
10,47067	84
10,47133	84
10,47200	84
10,47267	84
10,47333	84
10,47400	85
10,47467	85
10,47533	85
10,47600	85
10,47667	86
10,47733	86
10,47800	86
10,47867	86
10,47933	86
10,48000	86
10,48067	86
10,48133	85
10,48200	85
10,48267	85
10,48333	85
10,48400	85
10,48467	85
10,48533	85
10,48600	85
10,48667	85
10,48733	85
10,48800	85
10,48867	85
10,48933	85
10,49000	85
10,49067	85
10,49133	85
10,49200	85
10,49267	85
10,49333	85
10,49400	85
10,49467	85
10,49533	85
10,49600	85
10,49667	85
10,49733	85
10,49800	85
10,49867	85
10,49933	85
10,50000	85
10,50067	86
10,50133	86
10,50200	86
10,50267	86
10,50333	86
10,50400	86
10,50467	87
10,50533	87
10,50600	87
10,50667	87
10,50733	88
10,50800	88
10,50867	88
10,50933	89
10,51000	89
10,51067	89
10,51133	89
10,51200	89
10,51267	89
10,51333	89
10,51400	89
10,51467	88
10,51533	88
10,51600	88
10,51667	88
10,51733	88
10,51800	88
10,51867	88
10,51933	88
10,52000	88
10,52067	88
10,52133	88
10,52200	88
10,52267	88
10,52333	88
10,52400	89
10,52467	89
10,52533	89
10,52600	89
10,52667	89
10,52733	89
10,52800	89
10,52867	89
10,52933	90
10,53000	90
10,53067	90
10,53133	90
10,53200	90
10,53267	90
10,53333	90
10,53400	90
10,53467	90
10,53533	90
10,53600	90
10,53667	89
10,53733	89
10,53800	89
10,53867	89
10,53933	89
10,54000	89
10,54067	89
10,54133	89
10,54200	90
10,54267	90
10,54333	90
10,54400	90
10,54467	90
10,54533	90
10,54600	91
10,54667	91
10,54733	91
10,54800	91
10,54867	91
10,54933	91
10,55000	91
10,55067	91
10,55133	91
10,55200	91
10,55267	91
10,55333	91
10,55400	91
10,55467	91
10,55533	91
10,55600	91
10,55667	91
10,55733	91
10,55800	91
10,55867	92
10,55933	92
10,56000	92
10,56067	93
10,56133	93
10,56200	94
10,56267	94
10,56333	95
10,56400	95
10,56467	95
10,56533	96
10,56600	96
10,56667	96
10,56733	96
10,56800	97
10,56867	97
10,56933	97
10,57000	97
10,57067	97
10,57133	97
10,57200	97
10,57267	97
10,57333	97
10,57400	97
10,57467	97
10,57533	97
10,57600	96
10,57667	96
10,57733	96
10,57800	96
10,57867	95
10,57933	95
10,58000	95
10,58067	95
10,58133	96
10,58200	96
10,58267	96
10,58333	96
10,58400	97
10,58467	97
10,58533	97
10,58600	98
10,58667	98
10,58733	99
10,58800	99
10,58867	99
10,58933	100
10,59000	100
10,59067	100
10,59133	101
10,59200	101
10,59267	102
10,59333	103
10,59400	104
10,59467	104
10,59533	105
10,59600	105
10,59667	105
10,59733	106
10,59800	106
10,59867	106
10,59933	106
10,60000	106
10,60067	106
10,60133	106
10,60200	106
10,60267	107
10,60333	107
10,60400	107
10,60467	107
10,60533	107
10,60600	108
10,60667	108
10,60733	108
10,60800	108
10,60867	108
10,60933	109
10,61000	109
10,61067	109
10,61133	109
10,61200	109
10,61267	109
10,61333	110
10,61400	110
10,61467	110
10,61533	111
10,61600	111
10,61667	112
10,61733	112
10,61800	113
10,61867	113
10,61933	113
10,62000	113
10,62067	113
10,62133	113
10,62200	113
10,62267	113
10,62333	113
10,62400	112
10,62467	112
10,62533	112
10,62600	112
10,62667	112
10,62733	112
10,62800	112
10,62867	112
10,62933	112
10,63000	112
10,63067	112
10,63133	111
10,63200	111
10,63267	111
10,63333	111
10,63400	111
10,63467	111
10,63533	111
10,63600	111
10,63667	112
10,63733	112
10,63800	112
10,63867	112
10,63933	112
10,64000	112
10,64067	112
10,64133	112
10,64200	112
10,64267	112
10,64333	112
10,64400	112
10,64467	112
10,64533	112
10,64600	112
10,64667	112
10,64733	112
10,64800	112
10,64867	112
10,64933	111
10,65000	111
10,65067	111
10,65133	111
10,65200	111
10,65267	111
10,65333	111
10,65400	111
10,65467	111
10,65533	111
10,65600	111
10,65667	111
10,65733	111
10,65800	112
10,65867	112
10,65933	112
10,66000	112
10,66067	112
10,66133	112
10,66200	112
10,66267	112
10,66333	112
10,66400	112
10,66467	112
10,66533	113
10,66600	113
10,66667	113
10,66733	113
10,66800	113
10,66867	113
10,66933	112
10,67000	112
10,67067	112
10,67133	112
10,67200	112
10,67267	112
10,67333	111
10,67400	111
10,67467	111
10,67533	111
10,67600	111
10,67667	110
10,67733	110
10,67800	110
10,67867	110
10,67933	110
10,68000	109
10,68067	109
10,68133	109
10,68200	108
10,68267	108
10,68333	107
10,68400	107
10,68467	106
10,68533	106
10,68600	105
10,68667	105
10,68733	105
10,68800	105
10,68867	104
10,68933	104
10,69000	104
10,69067	104
10,69133	103
10,69200	103
10,69267	103
10,69333	103
10,69400	103
10,69467	103
10,69533	103
10,69600	102
10,69667	102
10,69733	102
10,69800	102
10,69867	103
10,69933	103
10,70000	103
10,70067	103
10,70133	103
10,70200	104
10,70267	104
10,70333	104
10,70400	104
10,70467	104
10,70533	104
10,70600	104
10,70667	104
10,70733	104
10,70800	104
10,70867	104
10,70933	104
10,71000	104
10,71067	104
10,71133	104
10,71200	104
10,71267	104
10,71333	104
10,71400	104
10,71467	104
10,71533	104
10,71600	104
10,71667	104
10,71733	104
10,71800	104
10,71867	104
10,71933	104
10,72000	104
10,72067	103
10,72133	103
10,72200	103
10,72267	103
10,72333	102
10,72400	102
10,72467	102
10,72533	102
10,72600	102
10,72667	101
10,72733	101
10,72800	101
10,72867	101
10,72933	101
10,73000	100
10,73067	100
10,73133	100
10,73200	100
10,73267	100
10,73333	100
10,73400	100
10,73467	100
10,73533	100
10,73600	100
10,73667	100
10,73733	100
10,73800	100
10,73867	100
10,73933	100
10,74000	100
10,74067	100
10,74133	100
10,74200	100
10,74267	100
10,74333	100
10,74400	100
10,74467	100
10,74533	100
10,74600	99
10,74667	99
10,74733	99
10,74800	99
10,74867	99
10,74933	99
10,75000	98
10,75067	98
10,75133	98
10,75200	98
10,75267	98
10,75333	98
10,75400	98
10,75467	98
10,75533	98
10,75600	99
10,75667	99
10,75733	99
10,75800	99
10,75867	99
10,75933	100
10,76000	100
10,76067	100
10,76133	100
10,76200	100
10,76267	100
10,76333	100
10,76400	100
10,76467	100
10,76533	100
10,76600	100
10,76667	100
10,76733	101
10,76800	101
10,76867	101
10,76933	101
10,77000	101
10,77067	101
10,77133	101
10,77200	101
10,77267	100
10,77333	100
10,77400	100
10,77467	100
10,77533	100
10,77600	100
10,77667	99
10,77733	99
10,77800	99
10,77867	98
10,77933	98
10,78000	98
10,78067	98
10,78133	97
10,78200	97
10,78267	97
10,78333	97
10,78400	96
10,78467	96
10,78533	96
10,78600	96
10,78667	96
10,78733	96
10,78800	96
10,78867	96
10,78933	96
10,79000	95
10,79067	95
10,79133	95
10,79200	95
10,79267	96
10,79333	96
10,79400	96
10,79467	96
10,79533	96
10,79600	96
10,79667	96
10,79733	96
10,79800	96
10,79867	96
10,79933	96
10,80000	96
10,80067	96
10,80133	96
10,80200	95
10,80267	95
10,80333	95
10,80400	95
10,80467	95
10,80533	95
10,80600	95
10,80667	95
10,80733	95
10,80800	95
10,80867	95
10,80933	95
10,81000	95
10,81067	95
10,81133	95
10,81200	95
10,81267	95
10,81333	95
10,81400	95
10,81467	95
10,81533	95
10,81600	95
10,81667	95
10,81733	95
10,81800	95
10,81867	95
10,81933	96
10,82000	96
10,82067	96
10,82133	96
10,82200	97
10,82267	97
10,82333	97
10,82400	97
10,82467	97
10,82533	97
10,82600	97
10,82667	97
10,82733	96
10,82800	96
10,82867	96
10,82933	96
10,83000	97
10,83067	97
10,83133	97
10,83200	97
10,83267	97
10,83333	97
10,83400	97
10,83467	97
10,83533	97
10,83600	97
10,83667	97
10,83733	97
10,83800	97
10,83867	98
10,83933	98
10,84000	97
10,84067	97
10,84133	97
10,84200	97
10,84267	97
10,84333	97
10,84400	97
10,84467	96
10,84533	96
10,84600	96
10,84667	96
10,84733	96
10,84800	96
10,84867	96
10,84933	96
10,85000	96
10,85067	96
10,85133	97
10,85200	97
10,85267	97
10,85333	97
10,85400	97
10,85467	97
10,85533	97
10,85600	97
10,85667	97
10,85733	97
10,85800	97
10,85867	97
10,85933	97
10,86000	96
10,86067	96
10,86133	96
10,86200	96
10,86267	96
10,86333	96
10,86400	96
10,86467	96
10,86533	96
10,86600	96
10,86667	96
10,86733	96
10,86800	96
10,86867	96
10,86933	96
10,87000	97
10,87067	97
10,87133	97
10,87200	97
10,87267	98
10,87333	98
10,87400	98
10,87467	98
10,87533	98
10,87600	98
10,87667	98
10,87733	98
10,87800	98
10,87867	98
10,87933	98
10,88000	98
10,88067	98
10,88133	98
10,88200	98
10,88267	98
10,88333	98
10,88400	98
10,88467	98
10,88533	98
10,88600	98
10,88667	97
10,88733	97
10,88800	97
10,88867	97
10,88933	97
10,89000	97
10,89067	97
10,89133	97
10,89200	97
10,89267	97
10,89333	98
10,89400	98
10,89467	98
10,89533	99
10,89600	99
10,89667	99
10,89733	99
10,89800	99
10,89867	99
10,89933	99
10,90000	99
10,90067	99
10,90133	99
10,90200	99
10,90267	99
10,90333	99
10,90400	99
10,90467	99
10,90533	99
10,90600	99
10,90667	99
10,90733	99
10,90800	99
10,90867	99
10,90933	99
10,91000	99
10,91067	99
10,91133	99
10,91200	99
10,91267	99
10,91333	99
10,91400	98
10,91467	98
10,91533	98
10,91600	98
10,91667	97
10,91733	97
10,91800	97
10,91867	97
10,91933	97
10,92000	97
10,92067	97
10,92133	97
10,92200	97
10,92267	98
10,92333	98
10,92400	98
10,92467	99
10,92533	99
10,92600	99
10,92667	99
10,92733	99
10,92800	99
10,92867	99
10,92933	99
10,93000	98
10,93067	98
10,93133	98
10,93200	98
10,93267	97
10,93333	97
10,93400	97
10,93467	97
10,93533	97
10,93600	97
10,93667	97
10,93733	97
10,93800	97
10,93867	96
10,93933	96
10,94000	96
10,94067	96
10,94133	95
10,94200	95
10,94267	94
10,94333	94
10,94400	94
10,94467	94
10,94533	94
10,94600	94
10,94667	94
10,94733	95
10,94800	95
10,94867	96
10,94933	96
10,95000	96
10,95067	97
10,95133	97
10,95200	97
10,95267	97
10,95333	97
10,95400	98
10,95467	98
10,95533	98
10,95600	98
10,95667	98
10,95733	98
10,95800	98
10,95867	98
10,95933	98
10,96000	99
10,96067	99
10,96133	99
10,96200	99
10,96267	99
10,96333	99
10,96400	100
10,96467	100
10,96533	100
10,96600	101
10,96667	101
10,96733	101
10,96800	102
10,96867	102
10,96933	102
10,97000	102
10,97067	102
10,97133	102
10,97200	102
10,97267	102
10,97333	102
10,97400	102
10,97467	102
10,97533	102
10,97600	102
10,97667	102
10,97733	102
10,97800	102
10,97867	102
10,97933	102
10,98000	103
10,98067	103
10,98133	103
10,98200	103
10,98267	103
10,98333	103
10,98400	103
10,98467	103
10,98533	103
10,98600	104
10,98667	104
10,98733	103
10,98800	103
10,98867	103
10,98933	104
10,99000	104
10,99067	104
10,99133	104
10,99200	104
10,99267	104
10,99333	104
10,99400	104
10,99467	103
10,99533	103
10,99600	103
10,99667	103
10,99733	103
10,99800	104
10,99867	104
10,99933	104
11,00000	104
11,00067	105
11,00133	105
11,00200	105
11,00267	106
11,00333	106
11,00400	107
11,00467	107
11,00533	108
11,00600	108
11,00667	109
11,00733	110
11,00800	111
11,00867	111
11,00933	112
11,01000	113
11,01067	113
11,01133	114
11,01200	114
11,01267	115
11,01333	115
11,01400	115
11,01467	115
11,01533	115
11,01600	115
11,01667	116
11,01733	116
11,01800	116
11,01867	116
11,01933	116
11,02000	116
11,02067	116
11,02133	117
11,02200	117
11,02267	117
11,02333	118
11,02400	118
11,02467	118
11,02533	118
11,02600	118
11,02667	118
11,02733	118
11,02800	118
11,02867	118
11,02933	118
11,03000	119
11,03067	120
11,03133	120
11,03200	121
11,03267	122
11,03333	123
11,03400	123
11,03467	124
11,03533	124
11,03600	125
11,03667	125
11,03733	125
11,03800	126
11,03867	126
11,03933	126
11,04000	126
11,04067	127
11,04133	127
11,04200	128
11,04267	129
11,04333	129
11,04400	130
11,04467	130
11,04533	131
11,04600	131
11,04667	131
11,04733	131
11,04800	132
11,04867	132
11,04933	132
11,05000	132
11,05067	132
11,05133	132
11,05200	132
11,05267	132
11,05333	133
11,05400	133
11,05467	133
11,05533	133
11,05600	134
11,05667	134
11,05733	134
11,05800	134
11,05867	134
11,05933	134
11,06000	134
11,06067	134
11,06133	134
11,06200	134
11,06267	134
11,06333	134
11,06400	133
11,06467	133
11,06533	132
11,06600	132
11,06667	132
11,06733	132
11,06800	132
11,06867	132
11,06933	131
11,07000	131
11,07067	131
11,07133	131
11,07200	131
11,07267	131
11,07333	131
11,07400	131
11,07467	131
11,07533	131
11,07600	132
11,07667	132
11,07733	132
11,07800	132
11,07867	133
11,07933	133
11,08000	133
11,08067	133
11,08133	133
11,08200	133
11,08267	133
11,08333	133
11,08400	134
11,08467	134
11,08533	134
11,08600	134
11,08667	135
11,08733	135
11,08800	135
11,08867	136
11,08933	136
11,09000	136
11,09067	136
11,09133	137
11,09200	137
11,09267	137
11,09333	137
11,09400	138
11,09467	138
11,09533	138
11,09600	138
11,09667	139
11,09733	139
11,09800	139
11,09867	139
11,09933	139
11,10000	139
11,10067	139
11,10133	139
11,10200	139
11,10267	139
11,10333	139
11,10400	139
11,10467	139
11,10533	139
11,10600	140
11,10667	140
11,10733	140
11,10800	140
11,10867	140
11,10933	140
11,11000	140
11,11067	140
11,11133	140
11,11200	140
11,11267	140
11,11333	140
11,11400	140
11,11467	140
11,11533	140
11,11600	140
11,11667	140
11,11733	140
11,11800	140
11,11867	140
11,11933	140
11,12000	140
11,12067	139
11,12133	139
11,12200	139
11,12267	139
11,12333	138
11,12400	138
11,12467	138
11,12533	137
11,12600	137
11,12667	137
11,12733	137
11,12800	137
11,12867	136
11,12933	136
11,13000	136
11,13067	136
11,13133	136
11,13200	136
11,13267	136
11,13333	136
11,13400	136
11,13467	136
11,13533	136
11,13600	136
11,13667	137
11,13733	137
11,13800	137
11,13867	137
11,13933	137
11,14000	137
11,14067	137
11,14133	137
11,14200	138
11,14267	138
11,14333	137
11,14400	137
11,14467	137
11,14533	137
11,14600	137
11,14667	137
11,14733	137
11,14800	137
11,14867	138
11,14933	138
11,15000	138
11,15067	138
11,15133	138
11,15200	138
11,15267	138
11,15333	138
11,15400	138
11,15467	138
11,15533	137
11,15600	137
11,15667	137
11,15733	137
11,15800	136
11,15867	136
11,15933	136
11,16000	136
11,16067	135
11,16133	135
11,16200	135
11,16267	135
11,16333	134
11,16400	134
11,16467	134
11,16533	134
11,16600	134
11,16667	134
11,16733	133
11,16800	133
11,16867	133
11,16933	133
11,17000	132
11,17067	132
11,17133	132
11,17200	132
11,17267	132
11,17333	132
11,17400	132
11,17467	132
11,17533	132
11,17600	131
11,17667	131
11,17733	131
11,17800	131
11,17867	131
11,17933	131
11,18000	131
11,18067	131
11,18133	131
11,18200	131
11,18267	131
11,18333	131
11,18400	130
11,18467	130
11,18533	130
11,18600	130
11,18667	130
11,18733	130
11,18800	130
11,18867	130
11,18933	130
11,19000	129
11,19067	129
11,19133	129
11,19200	129
11,19267	129
11,19333	129
11,19400	129
11,19467	129
11,19533	129
11,19600	128
11,19667	128
11,19733	128
11,19800	128
11,19867	128
11,19933	129
11,20000	129
11,20067	129
11,20133	129
11,20200	130
11,20267	130
11,20333	130
11,20400	130
11,20467	131
11,20533	131
11,20600	131
11,20667	131
11,20733	131
11,20800	131
11,20867	131
11,20933	132
11,21000	132
11,21067	132
11,21133	133
11,21200	133
11,21267	134
11,21333	134
11,21400	135
11,21467	135
11,21533	136
11,21600	136
11,21667	137
11,21733	137
11,21800	137
11,21867	137
11,21933	137
11,22000	137
11,22067	137
11,22133	137
11,22200	137
11,22267	137
11,22333	137
11,22400	137
11,22467	137
11,22533	137
11,22600	137
11,22667	137
11,22733	137
11,22800	137
11,22867	137
11,22933	137
11,23000	137
11,23067	136
11,23133	136
11,23200	136
11,23267	136
11,23333	136
11,23400	135
11,23467	135
11,23533	134
11,23600	134
11,23667	133
11,23733	133
11,23800	132
11,23867	132
11,23933	132
11,24000	132
11,24067	132
11,24133	131
11,24200	131
11,24267	131
11,24333	131
11,24400	131
11,24467	132
11,24533	132
11,24600	132
11,24667	132
11,24733	132
11,24800	132
11,24867	132
11,24933	132
11,25000	131
11,25067	131
11,25133	131
11,25200	131
11,25267	131
11,25333	131
11,25400	130
11,25467	130
11,25533	130
11,25600	130
11,25667	130
11,25733	129
11,25800	129
11,25867	128
11,25933	128
11,26000	128
11,26067	128
11,26133	127
11,26200	127
11,26267	127
11,26333	127
11,26400	127
11,26467	127
11,26533	127
11,26600	127
11,26667	127
11,26733	127
11,26800	127
11,26867	127
11,26933	127
11,27000	127
11,27067	127
11,27133	127
11,27200	127
11,27267	127
11,27333	127
11,27400	127
11,27467	126
11,27533	126
11,27600	126
11,27667	126
11,27733	126
11,27800	126
11,27867	125
11,27933	125
11,28000	125
11,28067	125
11,28133	124
11,28200	124
11,28267	124
11,28333	124
11,28400	124
11,28467	124
11,28533	124
11,28600	125
11,28667	125
11,28733	125
11,28800	125
11,28867	125
11,28933	125
11,29000	125
11,29067	125
11,29133	126
11,29200	126
11,29267	126
11,29333	126
11,29400	126
11,29467	126
11,29533	126
11,29600	126
11,29667	126
11,29733	126
11,29800	126
11,29867	126
11,29933	126
11,30000	126
11,30067	126
11,30133	126
11,30200	126
11,30267	126
11,30333	126
11,30400	126
11,30467	127
11,30533	127
11,30600	127
11,30667	127
11,30733	127
11,30800	127
11,30867	127
11,30933	127
11,31000	127
11,31067	127
11,31133	127
11,31200	127
11,31267	127
11,31333	127
11,31400	127
11,31467	127
11,31533	127
11,31600	127
11,31667	127
11,31733	126
11,31800	126
11,31867	126
11,31933	126
11,32000	126
11,32067	126
11,32133	126
11,32200	126
11,32267	126
11,32333	126
11,32400	126
11,32467	126
11,32533	126
11,32600	125
11,32667	125
11,32733	125
11,32800	125
11,32867	125
11,32933	125
11,33000	125
11,33067	124
11,33133	124
11,33200	124
11,33267	124
11,33333	123
11,33400	123
11,33467	123
11,33533	123
11,33600	123
11,33667	122
11,33733	122
11,33800	122
11,33867	122
11,33933	122
11,34000	122
11,34067	122
11,34133	122
11,34200	122
11,34267	122
11,34333	122
11,34400	122
11,34467	121
11,34533	121
11,34600	121
11,34667	121
11,34733	121
11,34800	121
11,34867	121
11,34933	121
11,35000	121
11,35067	121
11,35133	121
11,35200	121
11,35267	122
11,35333	122
11,35400	122
11,35467	122
11,35533	122
11,35600	122
11,35667	122
11,35733	121
11,35800	121
11,35867	121
11,35933	121
11,36000	122
11,36067	122
11,36133	122
11,36200	122
11,36267	122
11,36333	122
11,36400	122
11,36467	122
11,36533	122
11,36600	122
11,36667	122
11,36733	122
11,36800	122
11,36867	122
11,36933	122
11,37000	123
11,37067	123
11,37133	123
11,37200	123
11,37267	123
11,37333	123
11,37400	123
11,37467	123
11,37533	123
11,37600	123
11,37667	123
11,37733	123
11,37800	122
11,37867	122
11,37933	122
11,38000	122
11,38067	122
11,38133	122
11,38200	121
11,38267	121
11,38333	121
11,38400	121
11,38467	121
11,38533	121
11,38600	121
11,38667	121
11,38733	121
11,38800	121
11,38867	121
11,38933	121
11,39000	121
11,39067	121
11,39133	121
11,39200	121
11,39267	121
11,39333	121
11,39400	121
11,39467	121
11,39533	121
11,39600	121
11,39667	122
11,39733	122
11,39800	122
11,39867	122
11,39933	122
11,40000	122
11,40067	122
11,40133	122
11,40200	122
11,40267	122
11,40333	122
11,40400	122
11,40467	122
11,40533	122
11,40600	122
11,40667	122
11,40733	122
11,40800	122
11,40867	122
11,40933	122
11,41000	122
11,41067	122
11,41133	122
11,41200	122
11,41267	123
11,41333	123
11,41400	123
11,41467	123
11,41533	123
11,41600	123
11,41667	123
11,41733	123
11,41800	124
11,41867	124
11,41933	124
11,42000	124
11,42067	124
11,42133	124
11,42200	124
11,42267	124
11,42333	123
11,42400	124
11,42467	124
11,42533	124
11,42600	124
11,42667	124
11,42733	124
11,42800	124
11,42867	124
11,42933	124
11,43000	124
11,43067	124
11,43133	124
11,43200	124
11,43267	124
11,43333	124
11,43400	124
11,43467	124
11,43533	124
11,43600	124
11,43667	124
11,43733	124
11,43800	124
11,43867	123
11,43933	123
11,44000	123
11,44067	123
11,44133	123
11,44200	123
11,44267	122
11,44333	122
11,44400	122
11,44467	122
11,44533	122
11,44600	122
11,44667	122
11,44733	122
11,44800	122
11,44867	122
11,44933	122
11,45000	122
11,45067	122
11,45133	122
11,45200	122
11,45267	122
11,45333	122
11,45400	122
11,45467	122
11,45533	122
11,45600	122
11,45667	123
11,45733	123
11,45800	123
11,45867	123
11,45933	123
11,46000	123
11,46067	123
11,46133	123
11,46200	122
11,46267	122
11,46333	122
11,46400	122
11,46467	122
11,46533	121
11,46600	121
11,46667	121
11,46733	121
11,46800	121
11,46867	121
11,46933	122
11,47000	122
11,47067	122
11,47133	122
11,47200	122
11,47267	123
11,47333	123
11,47400	124
11,47467	124
11,47533	124
11,47600	125
11,47667	126
11,47733	126
11,47800	127
11,47867	128
11,47933	128
11,48000	129
11,48067	130
11,48133	130
11,48200	131
11,48267	132
11,48333	132
11,48400	133
11,48467	133
11,48533	134
11,48600	135
11,48667	135
11,48733	136
11,48800	136
11,48867	137
11,48933	137
11,49000	138
11,49067	138
11,49133	139
11,49200	139
11,49267	139
11,49333	140
11,49400	140
11,49467	140
11,49533	139
11,49600	139
11,49667	139
11,49733	139
11,49800	139
11,49867	139
11,49933	139
11,50000	139
11,50067	139
11,50133	139
11,50200	139
11,50267	139
11,50333	138
11,50400	138
11,50467	138
11,50533	138
11,50600	137
11,50667	137
11,50733	136
11,50800	136
11,50867	135
11,50933	135
11,51000	135
11,51067	134
11,51133	134
11,51200	134
11,51267	134
11,51333	133
11,51400	133
11,51467	133
11,51533	133
11,51600	132
11,51667	132
11,51733	132
11,51800	132
11,51867	131
11,51933	131
11,52000	131
11,52067	131
11,52133	131
11,52200	130
11,52267	130
11,52333	130
11,52400	130
11,52467	129
11,52533	129
11,52600	129
11,52667	128
11,52733	128
11,52800	128
11,52867	128
11,52933	128
11,53000	128
11,53067	128
11,53133	128
11,53200	128
11,53267	128
11,53333	128
11,53400	128
11,53467	127
11,53533	127
11,53600	127
11,53667	126
11,53733	126
11,53800	126
11,53867	125
11,53933	125
11,54000	125
11,54067	125
11,54133	125
11,54200	125
11,54267	125
11,54333	125
11,54400	125
11,54467	125
11,54533	124
11,54600	124
11,54667	124
11,54733	124
11,54800	123
11,54867	123
11,54933	123
11,55000	123
11,55067	123
11,55133	123
11,55200	123
11,55267	122
11,55333	122
11,55400	122
11,55467	123
11,55533	123
11,55600	123
11,55667	123
11,55733	123
11,55800	124
11,55867	124
11,55933	124
11,56000	124
11,56067	124
11,56133	124
11,56200	124
11,56267	125
11,56333	125
11,56400	125
11,56467	125
11,56533	125
11,56600	125
11,56667	125
11,56733	125
11,56800	125
11,56867	126
11,56933	126
11,57000	126
11,57067	126
11,57133	126
11,57200	126
11,57267	126
11,57333	127
11,57400	127
11,57467	127
11,57533	127
11,57600	127
11,57667	127
11,57733	127
11,57800	127
11,57867	127
11,57933	127
11,58000	127
11,58067	126
11,58133	126
11,58200	126
11,58267	126
11,58333	126
11,58400	126
11,58467	126
11,58533	126
11,58600	126
11,58667	126
11,58733	127
11,58800	127
11,58867	127
11,58933	127
11,59000	127
11,59067	126
11,59133	126
11,59200	126
11,59267	126
11,59333	126
11,59400	126
11,59467	126
11,59533	126
11,59600	126
11,59667	126
11,59733	126
11,59800	126
11,59867	126
11,59933	126
11,60000	126
11,60067	126
11,60133	126
11,60200	126
11,60267	125
11,60333	125
11,60400	125
11,60467	125
11,60533	125
11,60600	125
11,60667	125
11,60733	125
11,60800	125
11,60867	125
11,60933	126
11,61000	126
11,61067	126
11,61133	126
11,61200	126
11,61267	127
11,61333	127
11,61400	127
11,61467	127
11,61533	127
11,61600	127
11,61667	127
11,61733	127
11,61800	127
11,61867	127
11,61933	127
11,62000	127
11,62067	127
11,62133	127
11,62200	127
11,62267	127
11,62333	127
11,62400	127
11,62467	127
11,62533	127
11,62600	127
11,62667	127
11,62733	127
11,62800	128
11,62867	128
11,62933	128
11,63000	128
11,63067	128
11,63133	128
11,63200	128
11,63267	128
11,63333	128
11,63400	128
11,63467	128
11,63533	128
11,63600	128
11,63667	128
11,63733	128
11,63800	128
11,63867	129
11,63933	129
11,64000	129
11,64067	129
11,64133	129
11,64200	130
11,64267	130
11,64333	130
11,64400	131
11,64467	131
11,64533	131
11,64600	132
11,64667	132
11,64733	133
11,64800	134
11,64867	134
11,64933	135
11,65000	135
11,65067	135
11,65133	136
11,65200	136
11,65267	137
11,65333	137
11,65400	138
11,65467	138
11,65533	139
11,65600	139
11,65667	139
11,65733	139
11,65800	140
11,65867	140
11,65933	141
11,66000	141
11,66067	142
11,66133	143
11,66200	143
11,66267	144
11,66333	144
11,66400	144
11,66467	145
11,66533	145
11,66600	145
11,66667	145
11,66733	145
11,66800	146
11,66867	146
11,66933	146
11,67000	146
11,67067	146
11,67133	146
11,67200	145
11,67267	145
11,67333	145
11,67400	145
11,67467	144
11,67533	144
11,67600	144
11,67667	144
11,67733	144
11,67800	144
11,67867	143
11,67933	143
11,68000	143
11,68067	144
11,68133	144
11,68200	144
11,68267	144
11,68333	143
11,68400	143
11,68467	143
11,68533	143
11,68600	143
11,68667	142
11,68733	142
11,68800	142
11,68867	142
11,68933	142
11,69000	142
11,69067	142
11,69133	142
11,69200	142
11,69267	142
11,69333	142
11,69400	142
11,69467	142
11,69533	141
11,69600	141
11,69667	141
11,69733	140
11,69800	140
11,69867	140
11,69933	139
11,70000	139
11,70067	139
11,70133	139
11,70200	138
11,70267	138
11,70333	138
11,70400	138
11,70467	138
11,70533	138
11,70600	137
11,70667	137
11,70733	137
11,70800	137
11,70867	137
11,70933	136
11,71000	136
11,71067	136
11,71133	136
11,71200	136
11,71267	137
11,71333	137
11,71400	136
11,71467	136
11,71533	136
11,71600	136
11,71667	136
11,71733	136
11,71800	135
11,71867	135
11,71933	135
11,72000	135
11,72067	135
11,72133	134
11,72200	134
11,72267	134
11,72333	134
11,72400	134
11,72467	134
11,72533	134
11,72600	134
11,72667	134
11,72733	134
11,72800	134
11,72867	134
11,72933	134
11,73000	134
11,73067	134
11,73133	134
11,73200	134
11,73267	134
11,73333	134
11,73400	134
11,73467	134
11,73533	133
11,73600	133
11,73667	133
11,73733	133
11,73800	133
11,73867	133
11,73933	133
11,74000	132
11,74067	132
11,74133	132
11,74200	132
11,74267	132
11,74333	132
11,74400	132
11,74467	132
11,74533	132
11,74600	132
11,74667	133
11,74733	133
11,74800	133
11,74867	133
11,74933	133
11,75000	133
11,75067	133
11,75133	133
11,75200	133
11,75267	133
11,75333	133
11,75400	133
11,75467	133
11,75533	134
11,75600	134
11,75667	134
11,75733	134
11,75800	135
11,75867	135
11,75933	135
11,76000	135
11,76067	135
11,76133	135
11,76200	135
11,76267	134
11,76333	134
11,76400	133
11,76467	133
11,76533	133
11,76600	133
11,76667	132
11,76733	132
11,76800	132
11,76867	132
11,76933	131
11,77000	131
11,77067	131
11,77133	131
11,77200	130
11,77267	130
11,77333	130
11,77400	130
11,77467	130
11,77533	130
11,77600	130
11,77667	130
11,77733	130
11,77800	130
11,77867	130
11,77933	130
11,78000	130
11,78067	130
11,78133	130
11,78200	130
11,78267	130
11,78333	129
11,78400	129
11,78467	129
11,78533	129
11,78600	128
11,78667	128
11,78733	128
11,78800	128
11,78867	128
11,78933	127
11,79000	127
11,79067	128
11,79133	128
11,79200	128
11,79267	128
11,79333	128
11,79400	128
11,79467	129
11,79533	129
11,79600	129
11,79667	129
11,79733	130
11,79800	130
11,79867	130
11,79933	131
11,80000	131
11,80067	131
11,80133	131
11,80200	131
11,80267	131
11,80333	132
11,80400	132
11,80467	132
11,80533	132
11,80600	132
11,80667	132
11,80733	132
11,80800	132
11,80867	132
11,80933	132
11,81000	132
11,81067	133
11,81133	133
11,81200	133
11,81267	133
11,81333	133
11,81400	133
11,81467	133
11,81533	133
11,81600	133
11,81667	133
11,81733	133
11,81800	133
11,81867	133
11,81933	133
11,82000	134
11,82067	134
11,82133	135
11,82200	135
11,82267	135
11,82333	135
11,82400	136
11,82467	136
11,82533	136
11,82600	136
11,82667	136
11,82733	136
11,82800	136
11,82867	136
11,82933	137
11,83000	137
11,83067	137
11,83133	137
11,83200	137
11,83267	137
11,83333	137
11,83400	137
11,83467	137
11,83533	136
11,83600	136
11,83667	136
11,83733	136
11,83800	135
11,83867	135
11,83933	135
11,84000	134
11,84067	134
11,84133	134
11,84200	133
11,84267	133
11,84333	133
11,84400	132
11,84467	132
11,84533	131
11,84600	131
11,84667	131
11,84733	130
11,84800	130
11,84867	130
11,84933	130
11,85000	130
11,85067	130
11,85133	130
11,85200	130
11,85267	130
11,85333	130
11,85400	130
11,85467	130
11,85533	130
11,85600	131
11,85667	131
11,85733	131
11,85800	131
11,85867	130
11,85933	130
11,86000	130
11,86067	130
11,86133	129
11,86200	129
11,86267	129
11,86333	129
11,86400	129
11,86467	128
11,86533	129
11,86600	129
11,86667	129
11,86733	129
11,86800	129
11,86867	129
11,86933	129
11,87000	129
11,87067	130
11,87133	130
11,87200	131
11,87267	131
11,87333	132
11,87400	132
11,87467	132
11,87533	133
11,87600	133
11,87667	134
11,87733	134
11,87800	135
11,87867	135
11,87933	136
11,88000	136
11,88067	137
11,88133	138
11,88200	138
11,88267	139
11,88333	140
11,88400	141
11,88467	142
11,88533	143
11,88600	144
11,88667	146
11,88733	147
11,88800	149
11,88867	150
11,88933	152
11,89000	154
11,89067	156
11,89133	158
11,89200	161
11,89267	163
11,89333	165
11,89400	168
11,89467	170
11,89533	173
11,89600	176
11,89667	179
11,89733	182
11,89800	185
11,89867	188
11,89933	190
11,90000	193
11,90067	195
11,90133	198
11,90200	200
11,90267	202
11,90333	205
11,90400	206
11,90467	208
11,90533	210
11,90600	211
11,90667	212
11,90733	213
11,90800	214
11,90867	214
11,90933	215
11,91000	214
11,91067	214
11,91133	214
11,91200	213
11,91267	212
11,91333	212
11,91400	211
11,91467	210
11,91533	208
11,91600	207
11,91667	206
11,91733	205
11,91800	203
11,91867	202
11,91933	200
11,92000	199
11,92067	197
11,92133	195
11,92200	194
11,92267	193
11,92333	191
11,92400	189
11,92467	188
11,92533	186
11,92600	185
11,92667	183
11,92733	182
11,92800	180
11,92867	179
11,92933	178
11,93000	176
11,93067	175
11,93133	173
11,93200	172
11,93267	171
11,93333	169
11,93400	168
11,93467	167
11,93533	166
11,93600	165
11,93667	164
11,93733	163
11,93800	163
11,93867	162
11,93933	161
11,94000	160
11,94067	159
11,94133	158
11,94200	157
11,94267	156
11,94333	155
11,94400	154
11,94467	153
11,94533	152
11,94600	152
11,94667	151
11,94733	151
11,94800	150
11,94867	150
11,94933	150
11,95000	149
11,95067	149
11,95133	149
11,95200	148
11,95267	148
11,95333	147
11,95400	147
11,95467	147
11,95533	147
11,95600	146
11,95667	146
11,95733	146
11,95800	146
11,95867	146
11,95933	146
11,96000	146
11,96067	146
11,96133	146
11,96200	146
11,96267	146
11,96333	145
11,96400	145
11,96467	145
11,96533	145
11,96600	145
11,96667	145
11,96733	145
11,96800	145
11,96867	145
11,96933	145
11,97000	145
11,97067	145
11,97133	145
11,97200	144
11,97267	144
11,97333	144
11,97400	143
11,97467	143
11,97533	143
11,97600	143
11,97667	143
11,97733	142
11,97800	142
11,97867	142
11,97933	142
11,98000	142
11,98067	142
11,98133	142
11,98200	142
11,98267	142
11,98333	142
11,98400	142
11,98467	142
11,98533	141
11,98600	141
11,98667	141
11,98733	140
11,98800	140
11,98867	140
11,98933	139
11,99000	139
11,99067	139
11,99133	139
11,99200	139
11,99267	138
11,99333	138
11,99400	138
11,99467	137
11,99533	137
11,99600	136
11,99667	135
11,99733	135
11,99800	134
11,99867	134
11,99933	134
12,00000	134
12,00067	134
12,00133	134
12,00200	134
12,00267	134
12,00333	134
12,00400	134
12,00467	134
12,00533	134
12,00600	134
12,00667	134
12,00733	134
12,00800	134
12,00867	134
12,00933	134
12,01000	134
12,01067	134
12,01133	134
12,01200	135
12,01267	135
12,01333	135
12,01400	136
12,01467	136
12,01533	136
12,01600	136
12,01667	136
12,01733	136
12,01800	136
12,01867	136
12,01933	136
12,02000	136
12,02067	135
12,02133	135
12,02200	135
12,02267	135
12,02333	135
12,02400	135
12,02467	134
12,02533	134
12,02600	134
12,02667	134
12,02733	134
12,02800	134
12,02867	134
12,02933	134
12,03000	134
12,03067	134
12,03133	135
12,03200	135
12,03267	135
12,03333	135
12,03400	135
12,03467	135
12,03533	135
12,03600	135
12,03667	135
12,03733	135
12,03800	135
12,03867	135
12,03933	135
12,04000	135
12,04067	135
12,04133	135
12,04200	135
12,04267	135
12,04333	135
12,04400	135
12,04467	135
12,04533	135
12,04600	135
12,04667	135
12,04733	136
12,04800	135
12,04867	135
12,04933	135
12,05000	135
12,05067	135
12,05133	134
12,05200	134
12,05267	134
12,05333	134
12,05400	134
12,05467	134
12,05533	134
12,05600	134
12,05667	134
12,05733	134
12,05800	134
12,05867	134
12,05933	133
12,06000	133
12,06067	133
12,06133	133
12,06200	133
12,06267	133
12,06333	133
12,06400	133
12,06467	134
12,06533	134
12,06600	134
12,06667	134
12,06733	134
12,06800	134
12,06867	134
12,06933	134
12,07000	133
12,07067	133
12,07133	133
12,07200	132
12,07267	132
12,07333	132
12,07400	132
12,07467	132
12,07533	131
12,07600	131
12,07667	131
12,07733	131
12,07800	130
12,07867	130
12,07933	130
12,08000	130
12,08067	130
12,08133	130
12,08200	130
12,08267	130
12,08333	130
12,08400	130
12,08467	130
12,08533	130
12,08600	130
12,08667	130
12,08733	130
12,08800	130
12,08867	130
12,08933	130
12,09000	129
12,09067	129
12,09133	129
12,09200	128
12,09267	128
12,09333	128
12,09400	128
12,09467	128
12,09533	127
12,09600	127
12,09667	127
12,09733	128
12,09800	128
12,09867	128
12,09933	128
12,10000	128
12,10067	127
12,10133	127
12,10200	127
12,10267	127
12,10333	127
12,10400	127
12,10467	127
12,10533	126
12,10600	126
12,10667	126
12,10733	126
12,10800	126
12,10867	126
12,10933	126
12,11000	126
12,11067	126
12,11133	126
12,11200	126
12,11267	126
12,11333	126
12,11400	126
12,11467	126
12,11533	126
12,11600	126
12,11667	126
12,11733	126
12,11800	126
12,11867	126
12,11933	126
12,12000	125
12,12067	125
12,12133	126
12,12200	126
12,12267	126
12,12333	126
12,12400	125
12,12467	125
12,12533	125
12,12600	125
12,12667	126
12,12733	126
12,12800	126
12,12867	126
12,12933	126
12,13000	126
12,13067	127
12,13133	127
12,13200	127
12,13267	127
12,13333	128
12,13400	128
12,13467	128
12,13533	128
12,13600	128
12,13667	128
12,13733	128
12,13800	128
12,13867	128
12,13933	129
12,14000	129
12,14067	129
12,14133	128
12,14200	128
12,14267	128
12,14333	128
12,14400	127
12,14467	127
12,14533	127
12,14600	126
12,14667	126
12,14733	126
12,14800	125
12,14867	125
12,14933	125
12,15000	125
12,15067	125
12,15133	124
12,15200	124
12,15267	124
12,15333	124
12,15400	124
12,15467	124
12,15533	124
12,15600	124
12,15667	124
12,15733	125
12,15800	125
12,15867	125
12,15933	125
12,16000	125
12,16067	125
12,16133	125
12,16200	125
12,16267	125
12,16333	125
12,16400	125
12,16467	125
12,16533	125
12,16600	125
12,16667	125
12,16733	124
12,16800	124
12,16867	124
12,16933	124
12,17000	124
12,17067	124
12,17133	124
12,17200	124
12,17267	124
12,17333	124
12,17400	125
12,17467	125
12,17533	125
12,17600	125
12,17667	125
12,17733	125
12,17800	125
12,17867	124
12,17933	124
12,18000	124
12,18067	124
12,18133	124
12,18200	124
12,18267	125
12,18333	125
12,18400	125
12,18467	125
12,18533	125
12,18600	126
12,18667	126
12,18733	126
12,18800	126
12,18867	126
12,18933	126
12,19000	126
12,19067	125
12,19133	125
12,19200	125
12,19267	125
12,19333	125
12,19400	126
12,19467	126
12,19533	126
12,19600	126
12,19667	126
12,19733	126
12,19800	126
12,19867	126
12,19933	127
12,20000	127
12,20067	127
12,20133	127
12,20200	126
12,20267	126
12,20333	126
12,20400	126
12,20467	125
12,20533	125
12,20600	125
12,20667	125
12,20733	125
12,20800	125
12,20867	125
12,20933	125
12,21000	125
12,21067	126
12,21133	126
12,21200	126
12,21267	126
12,21333	126
12,21400	126
12,21467	127
12,21533	127
12,21600	126
12,21667	127
12,21733	127
12,21800	127
12,21867	127
12,21933	127
12,22000	127
12,22067	127
12,22133	127
12,22200	126
12,22267	126
12,22333	126
12,22400	126
12,22467	126
12,22533	126
12,22600	125
12,22667	125
12,22733	125
12,22800	125
12,22867	124
12,22933	124
12,23000	124
12,23067	124
12,23133	124
12,23200	124
12,23267	124
12,23333	124
12,23400	124
12,23467	124
12,23533	124
12,23600	125
12,23667	125
12,23733	125
12,23800	125
12,23867	126
12,23933	126
12,24000	126
12,24067	126
12,24133	126
12,24200	126
12,24267	127
12,24333	127
12,24400	127
12,24467	128
12,24533	128
12,24600	128
12,24667	129
12,24733	129
12,24800	129
12,24867	129
12,24933	129
12,25000	129
12,25067	129
12,25133	129
12,25200	129
12,25267	129
12,25333	128
12,25400	128
12,25467	128
12,25533	128
12,25600	128
12,25667	127
12,25733	127
12,25800	127
12,25867	127
12,25933	127
12,26000	126
12,26067	126
12,26133	126
12,26200	125
12,26267	125
12,26333	124
12,26400	124
12,26467	124
12,26533	123
12,26600	123
12,26667	123
12,26733	122
12,26800	122
12,26867	122
12,26933	122
12,27000	122
12,27067	121
12,27133	121
12,27200	121
12,27267	121
12,27333	121
12,27400	121
12,27467	121
12,27533	121
12,27600	120
12,27667	120
12,27733	120
12,27800	120
12,27867	120
12,27933	120
12,28000	120
12,28067	120
12,28133	120
12,28200	120
12,28267	120
12,28333	120
12,28400	120
12,28467	120
12,28533	120
12,28600	120
12,28667	120
12,28733	120
12,28800	120
12,28867	120
12,28933	121
12,29000	121
12,29067	121
12,29133	121
12,29200	121
12,29267	121
12,29333	121
12,29400	121
12,29467	121
12,29533	121
12,29600	121
12,29667	121
12,29733	121
12,29800	121
12,29867	121
12,29933	121
12,30000	121
12,30067	121
12,30133	121
12,30200	120
12,30267	120
12,30333	121
12,30400	121
12,30467	121
12,30533	121
12,30600	120
12,30667	120
12,30733	120
12,30800	120
12,30867	120
12,30933	120
12,31000	120
12,31067	120
12,31133	120
12,31200	120
12,31267	120
12,31333	120
12,31400	120
12,31467	120
12,31533	120
12,31600	120
12,31667	120
12,31733	120
12,31800	121
12,31867	121
12,31933	121
12,32000	121
12,32067	121
12,32133	121
12,32200	121
12,32267	121
12,32333	121
12,32400	121
12,32467	121
12,32533	121
12,32600	121
12,32667	121
12,32733	122
12,32800	122
12,32867	122
12,32933	122
12,33000	122
12,33067	122
12,33133	122
12,33200	122
12,33267	122
12,33333	122
12,33400	122
12,33467	122
12,33533	121
12,33600	121
12,33667	121
12,33733	121
12,33800	121
12,33867	121
12,33933	121
12,34000	121
12,34067	120
12,34133	120
12,34200	120
12,34267	120
12,34333	120
12,34400	120
12,34467	121
12,34533	121
12,34600	121
12,34667	121
12,34733	121
12,34800	122
12,34867	122
12,34933	122
12,35000	122
12,35067	122
12,35133	123
12,35200	123
12,35267	123
12,35333	124
12,35400	124
12,35467	124
12,35533	124
12,35600	124
12,35667	124
12,35733	124
12,35800	124
12,35867	124
12,35933	125
12,36000	125
12,36067	125
12,36133	125
12,36200	125
12,36267	125
12,36333	125
12,36400	125
12,36467	124
12,36533	124
12,36600	124
12,36667	124
12,36733	124
12,36800	124
12,36867	124
12,36933	124
12,37000	123
12,37067	124
12,37133	123
12,37200	123
12,37267	123
12,37333	123
12,37400	123
12,37467	123
12,37533	123
12,37600	123
12,37667	123
12,37733	123
12,37800	123
12,37867	122
12,37933	122
12,38000	122
12,38067	122
12,38133	122
12,38200	122
12,38267	122
12,38333	122
12,38400	122
12,38467	122
12,38533	123
12,38600	123
12,38667	123
12,38733	123
12,38800	123
12,38867	124
12,38933	124
12,39000	124
12,39067	124
12,39133	124
12,39200	124
12,39267	125
12,39333	125
12,39400	125
12,39467	125
12,39533	126
12,39600	126
12,39667	126
12,39733	126
12,39800	127
12,39867	127
12,39933	127
12,40000	127
12,40067	127
12,40133	127
12,40200	127
12,40267	126
12,40333	126
12,40400	126
12,40467	126
12,40533	125
12,40600	125
12,40667	125
12,40733	125
12,40800	125
12,40867	125
12,40933	125
12,41000	125
12,41067	124
12,41133	124
12,41200	124
12,41267	124
12,41333	124
12,41400	124
12,41467	124
12,41533	124
12,41600	124
12,41667	124
12,41733	124
12,41800	124
12,41867	123
12,41933	123
12,42000	123
12,42067	123
12,42133	122
12,42200	122
12,42267	122
12,42333	122
12,42400	121
12,42467	121
12,42533	121
12,42600	121
12,42667	120
12,42733	120
12,42800	120
12,42867	120
12,42933	120
12,43000	119
12,43067	119
12,43133	119
12,43200	119
12,43267	119
12,43333	118
12,43400	118
12,43467	118
12,43533	118
12,43600	118
12,43667	118
12,43733	119
12,43800	119
12,43867	118
12,43933	118
12,44000	118
12,44067	118
12,44133	118
12,44200	118
12,44267	118
12,44333	118
12,44400	118
12,44467	118
12,44533	118
12,44600	118
12,44667	118
12,44733	118
12,44800	118
12,44867	118
12,44933	118
12,45000	119
12,45067	119
12,45133	118
12,45200	118
12,45267	118
12,45333	118
12,45400	118
12,45467	118
12,45533	118
12,45600	117
12,45667	117
12,45733	117
12,45800	117
12,45867	117
12,45933	117
12,46000	117
12,46067	117
12,46133	117
12,46200	118
12,46267	118
12,46333	118
12,46400	118
12,46467	118
12,46533	118
12,46600	118
12,46667	118
12,46733	119
12,46800	118
12,46867	118
12,46933	118
12,47000	118
12,47067	118
12,47133	118
12,47200	118
12,47267	118
12,47333	118
12,47400	118
12,47467	118
12,47533	117
12,47600	117
12,47667	117
12,47733	117
12,47800	117
12,47867	117
12,47933	117
12,48000	117
12,48067	117
12,48133	117
12,48200	117
12,48267	117
12,48333	117
12,48400	117
12,48467	117
12,48533	117
12,48600	117
12,48667	117
12,48733	117
12,48800	117
12,48867	117
12,48933	118
12,49000	118
12,49067	118
12,49133	118
12,49200	118
12,49267	117
12,49333	117
12,49400	117
12,49467	117
12,49533	117
12,49600	117
12,49667	117
12,49733	117
12,49800	117
12,49867	117
12,49933	117
12,50000	117
12,50067	118
12,50133	118
12,50200	118
12,50267	118
12,50333	118
12,50400	118
12,50467	119
12,50533	119
12,50600	119
12,50667	119
12,50733	119
12,50800	119
12,50867	119
12,50933	119
12,51000	119
12,51067	119
12,51133	119
12,51200	119
12,51267	118
12,51333	118
12,51400	118
12,51467	118
12,51533	118
12,51600	118
12,51667	117
12,51733	117
12,51800	117
12,51867	117
12,51933	116
12,52000	116
12,52067	116
12,52133	116
12,52200	116
12,52267	116
12,52333	116
12,52400	116
12,52467	116
12,52533	117
12,52600	117
12,52667	117
12,52733	117
12,52800	118
12,52867	118
12,52933	118
12,53000	119
12,53067	119
12,53133	119
12,53200	119
12,53267	120
12,53333	120
12,53400	120
12,53467	120
12,53533	120
12,53600	121
12,53667	121
12,53733	121
12,53800	121
12,53867	121
12,53933	121
12,54000	122
12,54067	122
12,54133	122
12,54200	122
12,54267	122
12,54333	122
12,54400	122
12,54467	122
12,54533	122
12,54600	122
12,54667	122
12,54733	122
12,54800	122
12,54867	122
12,54933	122
12,55000	122
12,55067	121
12,55133	121
12,55200	121
12,55267	121
12,55333	121
12,55400	121
12,55467	121
12,55533	121
12,55600	121
12,55667	121
12,55733	121
12,55800	121
12,55867	121
12,55933	121
12,56000	121
12,56067	120
12,56133	120
12,56200	120
12,56267	120
12,56333	120
12,56400	120
12,56467	120
12,56533	120
12,56600	120
12,56667	120
12,56733	120
12,56800	120
12,56867	120
12,56933	120
12,57000	119
12,57067	119
12,57133	119
12,57200	119
12,57267	119
12,57333	119
12,57400	119
12,57467	118
12,57533	118
12,57600	118
12,57667	118
12,57733	118
12,57800	118
12,57867	118
12,57933	118
12,58000	118
12,58067	118
12,58133	118
12,58200	118
12,58267	118
12,58333	118
12,58400	118
12,58467	118
12,58533	118
12,58600	118
12,58667	118
12,58733	118
12,58800	118
12,58867	118
12,58933	117
12,59000	117
12,59067	117
12,59133	116
12,59200	116
12,59267	116
12,59333	115
12,59400	115
12,59467	115
12,59533	115
12,59600	114
12,59667	114
12,59733	114
12,59800	115
12,59867	115
12,59933	115
12,60000	115
12,60067	115
12,60133	115
12,60200	115
12,60267	115
12,60333	115
12,60400	115
12,60467	115
12,60533	115
12,60600	115
12,60667	115
12,60733	115
12,60800	116
12,60867	116
12,60933	116
12,61000	116
12,61067	116
12,61133	117
12,61200	117
12,61267	117
12,61333	117
12,61400	117
12,61467	116
12,61533	116
12,61600	116
12,61667	116
12,61733	116
12,61800	116
12,61867	115
12,61933	115
12,62000	115
12,62067	115
12,62133	116
12,62200	116
12,62267	116
12,62333	116
12,62400	116
12,62467	116
12,62533	116
12,62600	116
12,62667	117
12,62733	117
12,62800	117
12,62867	117
12,62933	120

