reaction_id,abs_error,true_r1r2,pred_r1r2,monomer1_name,monomer2_name,method,polymerization_type,source_filename
1061.0,302.30093768899354,311.6160000001047,9.315062311111111,2-Hydroxyethyl Methacrylate,Butyl Methacrylate,solvent,free radical,10.3390_polym11030487.json
1460.0,158.72489942861998,200.00000000004857,41.275100571428574,Styrene,Chloroprene,Bulk,Free radical,10.1021_ja01216a006.json
1459.0,98.72489942856723,139.9999999999958,41.275100571428574,Styrene,Chloroprene,Bulk,Free radical,10.1021_ja01216a006.json
1145.0,88.89509307159989,90.99999999999989,2.1049069284,Methyl Acrylate,Maleic Anhydride,solvent,free radical,10.1295_koron1944.30.223.json
1092.0,78.84955015500017,84.00000000000017,5.150449845,Methacrylic Anhydride,Allyl Chloroacetate,solvent,free radical,10.1002_pol.1961.1205516120.json
