Feature,Importance
delta_HOMO_LUMO_BA,0.3220938776916752
delta_HOMO_LUMO_AB,0.252493540702737
solvent_logp,0.0860932281065953
delta_HOMO_LUMO_BB,0.06212344542034929
temperature,0.05316697401945549
delta_HOMO_LUMO_AA,0.04801592248400142
