Feature,Importance
delta_HOMO_LUMO_BA,0.1964611333076227
delta_HOMO_LUMO_AB,0.17287248389126947
temperature,0.029715553162043183
delta_HOMO_LUMO_BB,0.02918518622897136
charges_min_1,0.027352329120617348
delta_HOMO_LUMO_AA,0.02708909512890101
solvent_logp,0.020622725790360452
