[Header]
Application Name	LabSolutions
Version	5.97
Data File Name	G:\GC data\Mara\MWH_022\MWH_022_t150m_17.03.2026_25.gcd
Output Date	09.04.2026
Output Time	10:50:09

[File Information]
Type	Data File
Generated	17.03.2026 23:13:03
Generated by	System Administrator
Modified	09.04.2026 10:50:09
Modified by	System Administrator

[Sample Information]
Operator Name	System Administrator
Acquired	17.03.2026 23:16:12
Sample Type	0:Unknown
Level	1
Sample Name	MWH_022_t150m
Sample ID	
ISTD Amount1	1
ISTD Amount2	1
ISTD Amount3	1
ISTD Amount4	1
ISTD Amount5	1
ISTD Amount6	1
ISTD Amount7	1
ISTD Amount8	1
ISTD Amount9	1
ISTD Amount10	1
ISTD Amount11	1
ISTD Amount12	1
ISTD Amount13	1
ISTD Amount14	1
ISTD Amount15	1
ISTD Amount16	1
ISTD Amount17	1
ISTD Amount18	1
ISTD Amount19	1
ISTD Amount20	1
ISTD Amount21	1
ISTD Amount22	1
ISTD Amount23	1
ISTD Amount24	1
ISTD Amount25	1
ISTD Amount26	1
ISTD Amount27	1
ISTD Amount28	1
ISTD Amount29	1
ISTD Amount30	1
ISTD Amount31	1
ISTD Amount32	1
Sample Amount	1
Dilution Factor	1
Vial#	22
Injection Volume	0,2
Injection Count	1
Bar Code	

[Original Files]
Data File	G:\GC data\Mara\MWH_022_t150m_17.03.2026_25.gcd
Method File	G:\GC data\MWH3_60-150-200_0-2uL_split50.gcm
Batch File	G:\GC data\Mara\wash_2026-17._03.gcb
Report Format File	c:\LabSolutions\System\DEFAULT.lsr

[File Description]


[Configuration]
Instrument Name	GC-3
Instrument #	1
Line #	1
# of Detectors	1
Detector ID	DET#4
Detector Name	FID1
# of Channels	1

[Peak Table(Ch1)]
# of Peaks	10
Peak#	R.Time	I.Time	F.Time	Area	Height	A/H	Conc.	Mark	ID#	Name	k'	Plate #	Plate Ht.	Tailing	Resolution	Sep.Factor	Area Ratio	Height Ratio	Conc. %	Norm Conc.
1	1,296	1,279	1,317	1025	803	1,277	0,000	 V 			0,000	22371	0,000	0,000	0,000	0,000	0	0	0,000	0,000
2	1,332	1,317	1,424	2662	2039	1,305	0,000	 V 			0,028	28380	0,000	0,000	1,093	0,000	0	0	0,000	0,000
3	1,451	1,429	1,508	1024	737	1,389	0,000	   			0,119	31099	0,000	1,733	3,683	4,281	0	0	0,000	0,000
4	1,568	1,508	1,760	6732626	5203034	1,294	0,000	   			0,209	36421	0,000	1,409	3,554	1,754	0	0	0,000	0,000
5	1,890	1,858	2,045	209562	151961	1,379	0,000	   			0,458	48188	0,000	1,267	9,612	2,189	0	0	0,000	0,000
6	2,735	2,689	2,805	598627	398996	1,500	0,000	 V 			1,110	84485	0,000	1,207	23,512	2,423	0	0	0,000	0,000
7	2,826	2,805	2,875	2066	1145	1,804	0,000	 V 			1,180	63701	0,000	0,000	2,195	1,063	0	0	0,000	0,000
8	3,914	3,869	4,177	584318	393620	1,484	0,000	   			2,019	174841	0,000	1,198	26,552	1,712	0	0	0,000	0,000
9	5,523	5,479	5,591	1035	639	1,618	0,000	   			3,261	286227	0,000	1,315	40,982	1,615	0	0	0,000	0,000
10	7,515	7,467	7,920	156429	88823	1,761	0,000	   			4,797	557003	0,000	1,399	48,957	1,471	0	0	0,000	0,000

[Chromatogram (Ch1)]
Interval(msec)	40
# of Points	18945
Start Time(min)	0,001
End Time(min)	12,630
R.Time (min)	Intensity
0,00050	-26
0,00117	-26
0,00183	-25
0,00250	-25
0,00317	-24
0,00383	-24
0,00450	-24
0,00517	-23
0,00583	-23
0,00650	-22
0,00717	-22
0,00783	-22
0,00850	-22
0,00917	-22
0,00983	-23
0,01050	-23
0,01117	-23
0,01183	-24
0,01250	-24
0,01317	-24
0,01383	-24
0,01450	-25
0,01517	-25
0,01583	-25
0,01650	-25
0,01717	-25
0,01783	-25
0,01850	-25
0,01917	-25
0,01983	-25
0,02050	-25
0,02117	-24
0,02183	-24
0,02250	-24
0,02317	-24
0,02383	-23
0,02450	-23
0,02517	-22
0,02583	-22
0,02650	-21
0,02717	-21
0,02783	-21
0,02850	-21
0,02917	-21
0,02983	-21
0,03050	-21
0,03117	-21
0,03183	-21
0,03250	-22
0,03317	-22
0,03383	-22
0,03450	-22
0,03517	-22
0,03583	-22
0,03650	-22
0,03717	-22
0,03783	-22
0,03850	-22
0,03917	-22
0,03983	-22
0,04050	-22
0,04117	-22
0,04183	-22
0,04250	-22
0,04317	-22
0,04383	-22
0,04450	-22
0,04517	-22
0,04583	-22
0,04650	-22
0,04717	-22
0,04783	-22
0,04850	-22
0,04917	-22
0,04983	-22
0,05050	-22
0,05117	-22
0,05183	-22
0,05250	-22
0,05317	-22
0,05383	-22
0,05450	-22
0,05517	-22
0,05583	-22
0,05650	-22
0,05717	-22
0,05783	-22
0,05850	-22
0,05917	-22
0,05983	-22
0,06050	-23
0,06117	-23
0,06183	-23
0,06250	-23
0,06317	-24
0,06383	-24
0,06450	-24
0,06517	-24
0,06583	-24
0,06650	-24
0,06717	-24
0,06783	-24
0,06850	-24
0,06917	-24
0,06983	-24
0,07050	-24
0,07117	-25
0,07183	-25
0,07250	-25
0,07317	-25
0,07383	-25
0,07450	-26
0,07517	-26
0,07583	-26
0,07650	-26
0,07717	-26
0,07783	-26
0,07850	-26
0,07917	-27
0,07983	-27
0,08050	-26
0,08117	-26
0,08183	-26
0,08250	-26
0,08317	-25
0,08383	-25
0,08450	-25
0,08517	-25
0,08583	-25
0,08650	-25
0,08717	-25
0,08783	-25
0,08850	-25
0,08917	-25
0,08983	-25
0,09050	-25
0,09117	-25
0,09183	-25
0,09250	-25
0,09317	-25
0,09383	-25
0,09450	-25
0,09517	-25
0,09583	-25
0,09650	-25
0,09717	-25
0,09783	-25
0,09850	-25
0,09917	-25
0,09983	-25
0,10050	-24
0,10117	-24
0,10183	-24
0,10250	-24
0,10317	-24
0,10383	-24
0,10450	-24
0,10517	-24
0,10583	-24
0,10650	-24
0,10717	-24
0,10783	-24
0,10850	-24
0,10917	-24
0,10983	-24
0,11050	-24
0,11117	-25
0,11183	-25
0,11250	-25
0,11317	-25
0,11383	-25
0,11450	-26
0,11517	-26
0,11583	-26
0,11650	-26
0,11717	-27
0,11783	-27
0,11850	-27
0,11917	-27
0,11983	-27
0,12050	-27
0,12117	-27
0,12183	-27
0,12250	-27
0,12317	-27
0,12383	-26
0,12450	-26
0,12517	-26
0,12583	-26
0,12650	-26
0,12717	-26
0,12783	-25
0,12850	-25
0,12917	-25
0,12983	-25
0,13050	-25
0,13117	-25
0,13183	-25
0,13250	-25
0,13317	-25
0,13383	-25
0,13450	-25
0,13517	-25
0,13583	-25
0,13650	-25
0,13717	-26
0,13783	-26
0,13850	-26
0,13917	-26
0,13983	-26
0,14050	-26
0,14117	-26
0,14183	-26
0,14250	-26
0,14317	-26
0,14383	-26
0,14450	-26
0,14517	-26
0,14583	-26
0,14650	-26
0,14717	-26
0,14783	-26
0,14850	-25
0,14917	-25
0,14983	-25
0,15050	-25
0,15117	-24
0,15183	-24
0,15250	-24
0,15317	-24
0,15383	-24
0,15450	-23
0,15517	-23
0,15583	-23
0,15650	-23
0,15717	-23
0,15783	-22
0,15850	-22
0,15917	-22
0,15983	-22
0,16050	-22
0,16117	-22
0,16183	-22
0,16250	-22
0,16317	-22
0,16383	-22
0,16450	-22
0,16517	-21
0,16583	-21
0,16650	-21
0,16717	-21
0,16783	-21
0,16850	-21
0,16917	-21
0,16983	-21
0,17050	-21
0,17117	-21
0,17183	-21
0,17250	-21
0,17317	-21
0,17383	-22
0,17450	-22
0,17517	-22
0,17583	-22
0,17650	-22
0,17717	-22
0,17783	-22
0,17850	-22
0,17917	-22
0,17983	-22
0,18050	-22
0,18117	-22
0,18183	-22
0,18250	-22
0,18317	-22
0,18383	-22
0,18450	-22
0,18517	-22
0,18583	-22
0,18650	-22
0,18717	-23
0,18783	-23
0,18850	-23
0,18917	-23
0,18983	-24
0,19050	-24
0,19117	-24
0,19183	-24
0,19250	-25
0,19317	-25
0,19383	-25
0,19450	-25
0,19517	-26
0,19583	-26
0,19650	-26
0,19717	-26
0,19783	-26
0,19850	-27
0,19917	-27
0,19983	-27
0,20050	-28
0,20117	-28
0,20183	-29
0,20250	-29
0,20317	-29
0,20383	-29
0,20450	-30
0,20517	-30
0,20583	-30
0,20650	-30
0,20717	-30
0,20783	-30
0,20850	-30
0,20917	-30
0,20983	-29
0,21050	-29
0,21117	-29
0,21183	-29
0,21250	-29
0,21317	-29
0,21383	-29
0,21450	-29
0,21517	-29
0,21583	-29
0,21650	-29
0,21717	-29
0,21783	-29
0,21850	-30
0,21917	-30
0,21983	-30
0,22050	-30
0,22117	-31
0,22183	-31
0,22250	-31
0,22317	-31
0,22383	-31
0,22450	-32
0,22517	-32
0,22583	-32
0,22650	-32
0,22717	-32
0,22783	-31
0,22850	-31
0,22917	-31
0,22983	-31
0,23050	-31
0,23117	-31
0,23183	-31
0,23250	-31
0,23317	-30
0,23383	-30
0,23450	-30
0,23517	-30
0,23583	-29
0,23650	-29
0,23717	-29
0,23783	-28
0,23850	-28
0,23917	-28
0,23983	-28
0,24050	-28
0,24117	-28
0,24183	-28
0,24250	-28
0,24317	-28
0,24383	-28
0,24450	-28
0,24517	-29
0,24583	-29
0,24650	-29
0,24717	-28
0,24783	-28
0,24850	-28
0,24917	-28
0,24983	-28
0,25050	-28
0,25117	-28
0,25183	-28
0,25250	-27
0,25317	-27
0,25383	-27
0,25450	-27
0,25517	-27
0,25583	-27
0,25650	-27
0,25717	-27
0,25783	-27
0,25850	-27
0,25917	-26
0,25983	-26
0,26050	-26
0,26117	-26
0,26183	-25
0,26250	-25
0,26317	-25
0,26383	-25
0,26450	-25
0,26517	-25
0,26583	-26
0,26650	-26
0,26717	-26
0,26783	-26
0,26850	-26
0,26917	-27
0,26983	-27
0,27050	-27
0,27117	-27
0,27183	-27
0,27250	-27
0,27317	-27
0,27383	-27
0,27450	-27
0,27517	-27
0,27583	-26
0,27650	-26
0,27717	-26
0,27783	-26
0,27850	-26
0,27917	-25
0,27983	-25
0,28050	-25
0,28117	-25
0,28183	-24
0,28250	-24
0,28317	-24
0,28383	-24
0,28450	-24
0,28517	-25
0,28583	-25
0,28650	-25
0,28717	-25
0,28783	-25
0,28850	-25
0,28917	-26
0,28983	-26
0,29050	-26
0,29117	-26
0,29183	-26
0,29250	-26
0,29317	-26
0,29383	-26
0,29450	-26
0,29517	-26
0,29583	-26
0,29650	-26
0,29717	-26
0,29783	-25
0,29850	-25
0,29917	-25
0,29983	-25
0,30050	-25
0,30117	-25
0,30183	-25
0,30250	-25
0,30317	-25
0,30383	-25
0,30450	-25
0,30517	-25
0,30583	-25
0,30650	-25
0,30717	-25
0,30783	-25
0,30850	-26
0,30917	-26
0,30983	-26
0,31050	-26
0,31117	-25
0,31183	-25
0,31250	-24
0,31317	-24
0,31383	-23
0,31450	-23
0,31517	-23
0,31583	-22
0,31650	-22
0,31717	-21
0,31783	-21
0,31850	-21
0,31917	-20
0,31983	-20
0,32050	-20
0,32117	-20
0,32183	-19
0,32250	-19
0,32317	-19
0,32383	-19
0,32450	-19
0,32517	-18
0,32583	-18
0,32650	-18
0,32717	-18
0,32783	-17
0,32850	-17
0,32917	-17
0,32983	-17
0,33050	-17
0,33117	-16
0,33183	-16
0,33250	-16
0,33317	-15
0,33383	-15
0,33450	-14
0,33517	-14
0,33583	-14
0,33650	-13
0,33717	-13
0,33783	-13
0,33850	-13
0,33917	-13
0,33983	-13
0,34050	-13
0,34117	-13
0,34183	-13
0,34250	-13
0,34317	-13
0,34383	-13
0,34450	-12
0,34517	-12
0,34583	-12
0,34650	-12
0,34717	-12
0,34783	-12
0,34850	-12
0,34917	-12
0,34983	-12
0,35050	-12
0,35117	-12
0,35183	-12
0,35250	-11
0,35317	-11
0,35383	-11
0,35450	-11
0,35517	-11
0,35583	-11
0,35650	-11
0,35717	-11
0,35783	-11
0,35850	-11
0,35917	-11
0,35983	-11
0,36050	-11
0,36117	-11
0,36183	-11
0,36250	-11
0,36317	-11
0,36383	-11
0,36450	-11
0,36517	-11
0,36583	-11
0,36650	-10
0,36717	-10
0,36783	-10
0,36850	-10
0,36917	-10
0,36983	-10
0,37050	-11
0,37117	-11
0,37183	-11
0,37250	-12
0,37317	-12
0,37383	-13
0,37450	-13
0,37517	-13
0,37583	-14
0,37650	-14
0,37717	-14
0,37783	-14
0,37850	-14
0,37917	-14
0,37983	-14
0,38050	-14
0,38117	-14
0,38183	-14
0,38250	-14
0,38317	-14
0,38383	-14
0,38450	-14
0,38517	-14
0,38583	-14
0,38650	-14
0,38717	-14
0,38783	-13
0,38850	-13
0,38917	-13
0,38983	-12
0,39050	-12
0,39117	-12
0,39183	-12
0,39250	-12
0,39317	-12
0,39383	-12
0,39450	-12
0,39517	-12
0,39583	-12
0,39650	-11
0,39717	-11
0,39783	-11
0,39850	-11
0,39917	-11
0,39983	-10
0,40050	-10
0,40117	-11
0,40183	-11
0,40250	-11
0,40317	-11
0,40383	-11
0,40450	-12
0,40517	-12
0,40583	-12
0,40650	-12
0,40717	-13
0,40783	-13
0,40850	-13
0,40917	-13
0,40983	-14
0,41050	-14
0,41117	-14
0,41183	-14
0,41250	-15
0,41317	-15
0,41383	-15
0,41450	-15
0,41517	-15
0,41583	-15
0,41650	-15
0,41717	-15
0,41783	-15
0,41850	-15
0,41917	-15
0,41983	-14
0,42050	-14
0,42117	-14
0,42183	-14
0,42250	-14
0,42317	-14
0,42383	-14
0,42450	-14
0,42517	-14
0,42583	-15
0,42650	-15
0,42717	-15
0,42783	-15
0,42850	-15
0,42917	-14
0,42983	-14
0,43050	-14
0,43117	-14
0,43183	-14
0,43250	-13
0,43317	-13
0,43383	-13
0,43450	-13
0,43517	-13
0,43583	-13
0,43650	-13
0,43717	-13
0,43783	-13
0,43850	-13
0,43917	-13
0,43983	-13
0,44050	-12
0,44117	-12
0,44183	-12
0,44250	-11
0,44317	-11
0,44383	-11
0,44450	-11
0,44517	-10
0,44583	-10
0,44650	-10
0,44717	-10
0,44783	-10
0,44850	-10
0,44917	-10
0,44983	-10
0,45050	-10
0,45117	-10
0,45183	-10
0,45250	-10
0,45317	-10
0,45383	-10
0,45450	-10
0,45517	-10
0,45583	-10
0,45650	-11
0,45717	-11
0,45783	-11
0,45850	-11
0,45917	-11
0,45983	-11
0,46050	-11
0,46117	-11
0,46183	-11
0,46250	-11
0,46317	-11
0,46383	-11
0,46450	-11
0,46517	-11
0,46583	-10
0,46650	-10
0,46717	-10
0,46783	-10
0,46850	-10
0,46917	-9
0,46983	-9
0,47050	-9
0,47117	-9
0,47183	-9
0,47250	-9
0,47317	-9
0,47383	-10
0,47450	-10
0,47517	-10
0,47583	-10
0,47650	-11
0,47717	-11
0,47783	-11
0,47850	-12
0,47917	-12
0,47983	-12
0,48050	-12
0,48117	-13
0,48183	-13
0,48250	-13
0,48317	-13
0,48383	-13
0,48450	-13
0,48517	-13
0,48583	-13
0,48650	-13
0,48717	-13
0,48783	-13
0,48850	-14
0,48917	-14
0,48983	-14
0,49050	-14
0,49117	-15
0,49183	-15
0,49250	-15
0,49317	-15
0,49383	-15
0,49450	-15
0,49517	-15
0,49583	-15
0,49650	-15
0,49717	-15
0,49783	-15
0,49850	-14
0,49917	-14
0,49983	-14
0,50050	-14
0,50117	-14
0,50183	-14
0,50250	-14
0,50317	-14
0,50383	-14
0,50450	-14
0,50517	-14
0,50583	-14
0,50650	-14
0,50717	-14
0,50783	-15
0,50850	-15
0,50917	-15
0,50983	-15
0,51050	-15
0,51117	-16
0,51183	-16
0,51250	-16
0,51317	-16
0,51383	-16
0,51450	-17
0,51517	-17
0,51583	-17
0,51650	-18
0,51717	-18
0,51783	-19
0,51850	-19
0,51917	-19
0,51983	-19
0,52050	-19
0,52117	-19
0,52183	-19
0,52250	-19
0,52317	-19
0,52383	-19
0,52450	-19
0,52517	-19
0,52583	-19
0,52650	-19
0,52717	-19
0,52783	-19
0,52850	-19
0,52917	-19
0,52983	-18
0,53050	-18
0,53117	-18
0,53183	-18
0,53250	-18
0,53317	-18
0,53383	-18
0,53450	-18
0,53517	-18
0,53583	-18
0,53650	-18
0,53717	-18
0,53783	-18
0,53850	-18
0,53917	-17
0,53983	-17
0,54050	-17
0,54117	-17
0,54183	-18
0,54250	-18
0,54317	-18
0,54383	-18
0,54450	-18
0,54517	-18
0,54583	-18
0,54650	-17
0,54717	-17
0,54783	-17
0,54850	-17
0,54917	-17
0,54983	-17
0,55050	-17
0,55117	-17
0,55183	-17
0,55250	-17
0,55317	-17
0,55383	-18
0,55450	-18
0,55517	-18
0,55583	-18
0,55650	-18
0,55717	-18
0,55783	-18
0,55850	-18
0,55917	-18
0,55983	-19
0,56050	-19
0,56117	-19
0,56183	-19
0,56250	-19
0,56317	-19
0,56383	-19
0,56450	-19
0,56517	-19
0,56583	-19
0,56650	-19
0,56717	-19
0,56783	-19
0,56850	-19
0,56917	-19
0,56983	-19
0,57050	-19
0,57117	-19
0,57183	-19
0,57250	-18
0,57317	-19
0,57383	-19
0,57450	-19
0,57517	-19
0,57583	-19
0,57650	-19
0,57717	-18
0,57783	-18
0,57850	-18
0,57917	-18
0,57983	-18
0,58050	-18
0,58117	-18
0,58183	-18
0,58250	-18
0,58317	-18
0,58383	-18
0,58450	-18
0,58517	-18
0,58583	-18
0,58650	-18
0,58717	-18
0,58783	-18
0,58850	-18
0,58917	-19
0,58983	-19
0,59050	-19
0,59117	-19
0,59183	-19
0,59250	-19
0,59317	-20
0,59383	-20
0,59450	-20
0,59517	-20
0,59583	-21
0,59650	-21
0,59717	-21
0,59783	-21
0,59850	-21
0,59917	-21
0,59983	-21
0,60050	-21
0,60117	-21
0,60183	-21
0,60250	-21
0,60317	-21
0,60383	-21
0,60450	-20
0,60517	-20
0,60583	-20
0,60650	-20
0,60717	-21
0,60783	-21
0,60850	-21
0,60917	-21
0,60983	-21
0,61050	-21
0,61117	-21
0,61183	-22
0,61250	-22
0,61317	-22
0,61383	-22
0,61450	-22
0,61517	-23
0,61583	-23
0,61650	-23
0,61717	-23
0,61783	-24
0,61850	-24
0,61917	-24
0,61983	-25
0,62050	-25
0,62117	-26
0,62183	-26
0,62250	-27
0,62317	-27
0,62383	-27
0,62450	-27
0,62517	-27
0,62583	-27
0,62650	-27
0,62717	-27
0,62783	-27
0,62850	-27
0,62917	-27
0,62983	-27
0,63050	-27
0,63117	-27
0,63183	-27
0,63250	-27
0,63317	-27
0,63383	-27
0,63450	-26
0,63517	-26
0,63583	-26
0,63650	-26
0,63717	-26
0,63783	-26
0,63850	-26
0,63917	-26
0,63983	-26
0,64050	-26
0,64117	-26
0,64183	-26
0,64250	-26
0,64317	-26
0,64383	-26
0,64450	-26
0,64517	-26
0,64583	-26
0,64650	-26
0,64717	-26
0,64783	-26
0,64850	-26
0,64917	-26
0,64983	-25
0,65050	-25
0,65117	-24
0,65183	-24
0,65250	-24
0,65317	-23
0,65383	-23
0,65450	-23
0,65517	-22
0,65583	-22
0,65650	-22
0,65717	-22
0,65783	-22
0,65850	-22
0,65917	-22
0,65983	-22
0,66050	-22
0,66117	-22
0,66183	-22
0,66250	-22
0,66317	-22
0,66383	-23
0,66450	-23
0,66517	-23
0,66583	-23
0,66650	-23
0,66717	-23
0,66783	-23
0,66850	-23
0,66917	-23
0,66983	-23
0,67050	-23
0,67117	-23
0,67183	-23
0,67250	-23
0,67317	-23
0,67383	-23
0,67450	-23
0,67517	-23
0,67583	-23
0,67650	-23
0,67717	-23
0,67783	-23
0,67850	-23
0,67917	-23
0,67983	-23
0,68050	-23
0,68117	-23
0,68183	-23
0,68250	-23
0,68317	-23
0,68383	-23
0,68450	-23
0,68517	-23
0,68583	-23
0,68650	-23
0,68717	-23
0,68783	-23
0,68850	-23
0,68917	-23
0,68983	-23
0,69050	-23
0,69117	-24
0,69183	-24
0,69250	-24
0,69317	-24
0,69383	-25
0,69450	-25
0,69517	-25
0,69583	-25
0,69650	-25
0,69717	-25
0,69783	-25
0,69850	-25
0,69917	-25
0,69983	-25
0,70050	-25
0,70117	-25
0,70183	-25
0,70250	-25
0,70317	-25
0,70383	-25
0,70450	-25
0,70517	-25
0,70583	-25
0,70650	-25
0,70717	-26
0,70783	-26
0,70850	-26
0,70917	-26
0,70983	-26
0,71050	-26
0,71117	-27
0,71183	-27
0,71250	-27
0,71317	-27
0,71383	-27
0,71450	-26
0,71517	-26
0,71583	-26
0,71650	-26
0,71717	-25
0,71783	-25
0,71850	-25
0,71917	-25
0,71983	-26
0,72050	-26
0,72117	-26
0,72183	-26
0,72250	-26
0,72317	-26
0,72383	-26
0,72450	-26
0,72517	-26
0,72583	-27
0,72650	-27
0,72717	-27
0,72783	-27
0,72850	-27
0,72917	-27
0,72983	-27
0,73050	-27
0,73117	-27
0,73183	-27
0,73250	-27
0,73317	-26
0,73383	-26
0,73450	-26
0,73517	-26
0,73583	-25
0,73650	-25
0,73717	-25
0,73783	-25
0,73850	-25
0,73917	-25
0,73983	-25
0,74050	-25
0,74117	-25
0,74183	-25
0,74250	-25
0,74317	-25
0,74383	-25
0,74450	-25
0,74517	-25
0,74583	-26
0,74650	-26
0,74717	-26
0,74783	-26
0,74850	-26
0,74917	-25
0,74983	-25
0,75050	-26
0,75117	-26
0,75183	-26
0,75250	-26
0,75317	-26
0,75383	-26
0,75450	-26
0,75517	-27
0,75583	-27
0,75650	-26
0,75717	-26
0,75783	-26
0,75850	-26
0,75917	-27
0,75983	-27
0,76050	-27
0,76117	-27
0,76183	-27
0,76250	-27
0,76317	-26
0,76383	-26
0,76450	-26
0,76517	-26
0,76583	-26
0,76650	-26
0,76717	-26
0,76783	-26
0,76850	-26
0,76917	-26
0,76983	-26
0,77050	-26
0,77117	-25
0,77183	-26
0,77250	-26
0,77317	-26
0,77383	-26
0,77450	-26
0,77517	-27
0,77583	-27
0,77650	-27
0,77717	-28
0,77783	-28
0,77850	-28
0,77917	-29
0,77983	-29
0,78050	-29
0,78117	-29
0,78183	-29
0,78250	-29
0,78317	-29
0,78383	-29
0,78450	-29
0,78517	-28
0,78583	-28
0,78650	-28
0,78717	-28
0,78783	-29
0,78850	-29
0,78917	-29
0,78983	-29
0,79050	-29
0,79117	-29
0,79183	-29
0,79250	-29
0,79317	-29
0,79383	-29
0,79450	-29
0,79517	-29
0,79583	-29
0,79650	-29
0,79717	-29
0,79783	-28
0,79850	-28
0,79917	-28
0,79983	-28
0,80050	-28
0,80117	-28
0,80183	-27
0,80250	-27
0,80317	-27
0,80383	-27
0,80450	-27
0,80517	-27
0,80583	-27
0,80650	-27
0,80717	-26
0,80783	-26
0,80850	-26
0,80917	-26
0,80983	-26
0,81050	-26
0,81117	-26
0,81183	-26
0,81250	-26
0,81317	-26
0,81383	-26
0,81450	-26
0,81517	-26
0,81583	-26
0,81650	-26
0,81717	-25
0,81783	-25
0,81850	-26
0,81917	-26
0,81983	-26
0,82050	-26
0,82117	-26
0,82183	-26
0,82250	-25
0,82317	-25
0,82383	-25
0,82450	-26
0,82517	-26
0,82583	-26
0,82650	-26
0,82717	-26
0,82783	-26
0,82850	-26
0,82917	-27
0,82983	-27
0,83050	-28
0,83117	-28
0,83183	-28
0,83250	-29
0,83317	-29
0,83383	-29
0,83450	-30
0,83517	-30
0,83583	-30
0,83650	-30
0,83717	-30
0,83783	-30
0,83850	-30
0,83917	-30
0,83983	-30
0,84050	-30
0,84117	-30
0,84183	-30
0,84250	-30
0,84317	-30
0,84383	-30
0,84450	-30
0,84517	-30
0,84583	-31
0,84650	-31
0,84717	-31
0,84783	-31
0,84850	-31
0,84917	-31
0,84983	-32
0,85050	-32
0,85117	-32
0,85183	-33
0,85250	-33
0,85317	-33
0,85383	-33
0,85450	-33
0,85517	-33
0,85583	-33
0,85650	-33
0,85717	-34
0,85783	-34
0,85850	-34
0,85917	-34
0,85983	-33
0,86050	-33
0,86117	-33
0,86183	-33
0,86250	-33
0,86317	-33
0,86383	-33
0,86450	-33
0,86517	-33
0,86583	-32
0,86650	-32
0,86717	-32
0,86783	-32
0,86850	-31
0,86917	-31
0,86983	-31
0,87050	-30
0,87117	-30
0,87183	-30
0,87250	-30
0,87317	-30
0,87383	-30
0,87450	-30
0,87517	-30
0,87583	-30
0,87650	-30
0,87717	-30
0,87783	-29
0,87850	-29
0,87917	-29
0,87983	-29
0,88050	-29
0,88117	-29
0,88183	-29
0,88250	-29
0,88317	-29
0,88383	-29
0,88450	-29
0,88517	-29
0,88583	-28
0,88650	-28
0,88717	-28
0,88783	-28
0,88850	-28
0,88917	-27
0,88983	-27
0,89050	-27
0,89117	-27
0,89183	-26
0,89250	-26
0,89317	-26
0,89383	-26
0,89450	-25
0,89517	-25
0,89583	-25
0,89650	-25
0,89717	-25
0,89783	-25
0,89850	-25
0,89917	-25
0,89983	-25
0,90050	-25
0,90117	-25
0,90183	-25
0,90250	-25
0,90317	-26
0,90383	-26
0,90450	-26
0,90517	-26
0,90583	-27
0,90650	-27
0,90717	-27
0,90783	-27
0,90850	-27
0,90917	-28
0,90983	-28
0,91050	-28
0,91117	-28
0,91183	-28
0,91250	-29
0,91317	-29
0,91383	-29
0,91450	-29
0,91517	-29
0,91583	-29
0,91650	-30
0,91717	-30
0,91783	-30
0,91850	-29
0,91917	-29
0,91983	-29
0,92050	-29
0,92117	-29
0,92183	-29
0,92250	-29
0,92317	-29
0,92383	-29
0,92450	-28
0,92517	-28
0,92583	-28
0,92650	-28
0,92717	-28
0,92783	-28
0,92850	-28
0,92917	-28
0,92983	-27
0,93050	-27
0,93117	-27
0,93183	-27
0,93250	-27
0,93317	-26
0,93383	-26
0,93450	-26
0,93517	-26
0,93583	-26
0,93650	-26
0,93717	-26
0,93783	-26
0,93850	-26
0,93917	-26
0,93983	-27
0,94050	-27
0,94117	-27
0,94183	-27
0,94250	-27
0,94317	-27
0,94383	-27
0,94450	-27
0,94517	-27
0,94583	-27
0,94650	-27
0,94717	-27
0,94783	-28
0,94850	-28
0,94917	-28
0,94983	-29
0,95050	-29
0,95117	-29
0,95183	-29
0,95250	-29
0,95317	-29
0,95383	-29
0,95450	-30
0,95517	-30
0,95583	-30
0,95650	-29
0,95717	-29
0,95783	-29
0,95850	-29
0,95917	-29
0,95983	-29
0,96050	-29
0,96117	-29
0,96183	-29
0,96250	-29
0,96317	-29
0,96383	-28
0,96450	-28
0,96517	-28
0,96583	-28
0,96650	-28
0,96717	-28
0,96783	-28
0,96850	-28
0,96917	-28
0,96983	-27
0,97050	-27
0,97117	-27
0,97183	-27
0,97250	-27
0,97317	-27
0,97383	-27
0,97450	-27
0,97517	-27
0,97583	-27
0,97650	-27
0,97717	-27
0,97783	-27
0,97850	-27
0,97917	-27
0,97983	-28
0,98050	-28
0,98117	-28
0,98183	-28
0,98250	-28
0,98317	-28
0,98383	-28
0,98450	-28
0,98517	-28
0,98583	-28
0,98650	-28
0,98717	-29
0,98783	-29
0,98850	-29
0,98917	-29
0,98983	-30
0,99050	-30
0,99117	-30
0,99183	-30
0,99250	-30
0,99317	-30
0,99383	-30
0,99450	-30
0,99517	-30
0,99583	-30
0,99650	-30
0,99717	-30
0,99783	-30
0,99850	-30
0,99917	-31
0,99983	-31
1,00050	-31
1,00117	-31
1,00183	-31
1,00250	-31
1,00317	-31
1,00383	-31
1,00450	-31
1,00517	-31
1,00583	-31
1,00650	-30
1,00717	-30
1,00783	-30
1,00850	-30
1,00917	-30
1,00983	-30
1,01050	-30
1,01117	-30
1,01183	-30
1,01250	-30
1,01317	-30
1,01383	-30
1,01450	-30
1,01517	-30
1,01583	-29
1,01650	-29
1,01717	-29
1,01783	-29
1,01850	-28
1,01917	-28
1,01983	-28
1,02050	-28
1,02117	-28
1,02183	-27
1,02250	-27
1,02317	-27
1,02383	-27
1,02450	-27
1,02517	-27
1,02583	-27
1,02650	-27
1,02717	-27
1,02783	-27
1,02850	-27
1,02917	-27
1,02983	-27
1,03050	-28
1,03117	-28
1,03183	-28
1,03250	-28
1,03317	-28
1,03383	-28
1,03450	-28
1,03517	-28
1,03583	-28
1,03650	-28
1,03717	-28
1,03783	-29
1,03850	-29
1,03917	-29
1,03983	-29
1,04050	-29
1,04117	-29
1,04183	-29
1,04250	-29
1,04317	-29
1,04383	-29
1,04450	-29
1,04517	-29
1,04583	-29
1,04650	-29
1,04717	-29
1,04783	-29
1,04850	-29
1,04917	-29
1,04983	-29
1,05050	-29
1,05117	-29
1,05183	-29
1,05250	-29
1,05317	-29
1,05383	-29
1,05450	-29
1,05517	-30
1,05583	-30
1,05650	-30
1,05717	-30
1,05783	-31
1,05850	-31
1,05917	-31
1,05983	-31
1,06050	-31
1,06117	-31
1,06183	-31
1,06250	-32
1,06317	-32
1,06383	-32
1,06450	-32
1,06517	-32
1,06583	-32
1,06650	-33
1,06717	-33
1,06783	-33
1,06850	-33
1,06917	-33
1,06983	-33
1,07050	-33
1,07117	-33
1,07183	-33
1,07250	-33
1,07317	-33
1,07383	-33
1,07450	-33
1,07517	-32
1,07583	-32
1,07650	-32
1,07717	-32
1,07783	-31
1,07850	-31
1,07917	-31
1,07983	-31
1,08050	-31
1,08117	-31
1,08183	-31
1,08250	-31
1,08317	-31
1,08383	-31
1,08450	-31
1,08517	-31
1,08583	-32
1,08650	-32
1,08717	-32
1,08783	-32
1,08850	-32
1,08917	-32
1,08983	-32
1,09050	-32
1,09117	-32
1,09183	-32
1,09250	-32
1,09317	-32
1,09383	-32
1,09450	-32
1,09517	-31
1,09583	-31
1,09650	-31
1,09717	-31
1,09783	-31
1,09850	-31
1,09917	-30
1,09983	-30
1,10050	-30
1,10117	-30
1,10183	-30
1,10250	-30
1,10317	-30
1,10383	-30
1,10450	-30
1,10517	-30
1,10583	-30
1,10650	-30
1,10717	-30
1,10783	-30
1,10850	-30
1,10917	-30
1,10983	-30
1,11050	-31
1,11117	-30
1,11183	-30
1,11250	-30
1,11317	-30
1,11383	-30
1,11450	-30
1,11517	-30
1,11583	-30
1,11650	-31
1,11717	-31
1,11783	-31
1,11850	-32
1,11917	-32
1,11983	-32
1,12050	-32
1,12117	-33
1,12183	-33
1,12250	-32
1,12317	-32
1,12383	-32
1,12450	-32
1,12517	-32
1,12583	-31
1,12650	-31
1,12717	-31
1,12783	-31
1,12850	-31
1,12917	-31
1,12983	-31
1,13050	-30
1,13117	-30
1,13183	-30
1,13250	-30
1,13317	-30
1,13383	-30
1,13450	-30
1,13517	-30
1,13583	-30
1,13650	-30
1,13717	-30
1,13783	-29
1,13850	-29
1,13917	-29
1,13983	-28
1,14050	-27
1,14117	-25
1,14183	-23
1,14250	-20
1,14317	-17
1,14383	-13
1,14450	-9
1,14517	-3
1,14583	2
1,14650	8
1,14717	15
1,14783	21
1,14850	27
1,14917	33
1,14983	39
1,15050	45
1,15117	50
1,15183	55
1,15250	59
1,15317	63
1,15383	66
1,15450	69
1,15517	71
1,15583	72
1,15650	73
1,15717	73
1,15783	72
1,15850	71
1,15917	69
1,15983	67
1,16050	65
1,16117	62
1,16183	59
1,16250	56
1,16317	53
1,16383	49
1,16450	46
1,16517	43
1,16583	40
1,16650	36
1,16717	33
1,16783	30
1,16850	27
1,16917	24
1,16983	21
1,17050	19
1,17117	16
1,17183	13
1,17250	11
1,17317	8
1,17383	6
1,17450	4
1,17517	2
1,17583	0
1,17650	-1
1,17717	-3
1,17783	-4
1,17850	-5
1,17917	-6
1,17983	-7
1,18050	-7
1,18117	-8
1,18183	-8
1,18250	-8
1,18317	-8
1,18383	-7
1,18450	-7
1,18517	-6
1,18583	-5
1,18650	-4
1,18717	-4
1,18783	-3
1,18850	-2
1,18917	-1
1,18983	-1
1,19050	-1
1,19117	-1
1,19183	-1
1,19250	-1
1,19317	-1
1,19383	-1
1,19450	-1
1,19517	-1
1,19583	-1
1,19650	-1
1,19717	-0
1,19783	0
1,19850	1
1,19917	2
1,19983	3
1,20050	4
1,20117	5
1,20183	6
1,20250	7
1,20317	7
1,20383	8
1,20450	8
1,20517	8
1,20583	8
1,20650	7
1,20717	7
1,20783	7
1,20850	6
1,20917	5
1,20983	4
1,21050	3
1,21117	2
1,21183	1
1,21250	-0
1,21317	-1
1,21383	-2
1,21450	-3
1,21517	-4
1,21583	-5
1,21650	-6
1,21717	-6
1,21783	-7
1,21850	-8
1,21917	-8
1,21983	-9
1,22050	-9
1,22117	-10
1,22183	-10
1,22250	-11
1,22317	-11
1,22383	-12
1,22450	-13
1,22517	-13
1,22583	-14
1,22650	-15
1,22717	-15
1,22783	-15
1,22850	-16
1,22917	-16
1,22983	-16
1,23050	-16
1,23117	-16
1,23183	-16
1,23250	-16
1,23317	-15
1,23383	-14
1,23450	-12
1,23517	-10
1,23583	-6
1,23650	-2
1,23717	4
1,23783	11
1,23850	20
1,23917	30
1,23983	42
1,24050	55
1,24117	69
1,24183	83
1,24250	98
1,24317	112
1,24383	126
1,24450	138
1,24517	150
1,24583	160
1,24650	169
1,24717	177
1,24783	182
1,24850	187
1,24917	189
1,24983	190
1,25050	190
1,25117	188
1,25183	185
1,25250	181
1,25317	176
1,25383	170
1,25450	164
1,25517	157
1,25583	149
1,25650	142
1,25717	134
1,25783	126
1,25850	118
1,25917	111
1,25983	103
1,26050	96
1,26117	89
1,26183	82
1,26250	76
1,26317	69
1,26383	63
1,26450	57
1,26517	52
1,26583	46
1,26650	41
1,26717	37
1,26783	32
1,26850	28
1,26917	24
1,26983	20
1,27050	17
1,27117	14
1,27183	11
1,27250	8
1,27317	6
1,27383	4
1,27450	2
1,27517	1
1,27583	0
1,27650	0
1,27717	1
1,27783	4
1,27850	8
1,27917	15
1,27983	24
1,28050	37
1,28117	53
1,28183	73
1,28250	96
1,28317	124
1,28383	156
1,28450	191
1,28517	230
1,28583	272
1,28650	316
1,28717	362
1,28783	409
1,28850	457
1,28917	505
1,28983	551
1,29050	595
1,29117	637
1,29183	674
1,29250	707
1,29317	734
1,29383	756
1,29450	772
1,29517	782
1,29583	787
1,29650	785
1,29717	778
1,29783	767
1,29850	751
1,29917	732
1,29983	709
1,30050	685
1,30117	658
1,30183	630
1,30250	601
1,30317	571
1,30383	541
1,30450	512
1,30517	482
1,30583	453
1,30650	425
1,30717	397
1,30783	370
1,30850	345
1,30917	320
1,30983	296
1,31050	274
1,31117	253
1,31183	233
1,31250	215
1,31317	198
1,31383	182
1,31450	169
1,31517	157
1,31583	149
1,31650	145
1,31717	146
1,31783	154
1,31850	171
1,31917	200
1,31983	242
1,32050	302
1,32117	379
1,32183	474
1,32250	588
1,32317	717
1,32383	860
1,32450	1010
1,32517	1165
1,32583	1318
1,32650	1464
1,32717	1600
1,32783	1722
1,32850	1828
1,32917	1915
1,32983	1982
1,33050	2030
1,33117	2059
1,33183	2069
1,33250	2062
1,33317	2040
1,33383	2004
1,33450	1956
1,33517	1898
1,33583	1833
1,33650	1761
1,33717	1685
1,33783	1605
1,33850	1523
1,33917	1441
1,33983	1360
1,34050	1279
1,34117	1200
1,34183	1123
1,34250	1050
1,34317	980
1,34383	913
1,34450	849
1,34517	790
1,34583	735
1,34650	683
1,34717	635
1,34783	590
1,34850	549
1,34917	511
1,34983	476
1,35050	443
1,35117	412
1,35183	384
1,35250	358
1,35317	334
1,35383	311
1,35450	290
1,35517	270
1,35583	251
1,35650	233
1,35717	217
1,35783	201
1,35850	186
1,35917	172
1,35983	159
1,36050	147
1,36117	136
1,36183	125
1,36250	114
1,36317	105
1,36383	96
1,36450	87
1,36517	79
1,36583	72
1,36650	65
1,36717	59
1,36783	54
1,36850	48
1,36917	44
1,36983	39
1,37050	35
1,37117	31
1,37183	28
1,37250	24
1,37317	21
1,37383	18
1,37450	15
1,37517	12
1,37583	10
1,37650	8
1,37717	5
1,37783	3
1,37850	2
1,37917	0
1,37983	-1
1,38050	-3
1,38117	-4
1,38183	-5
1,38250	-6
1,38317	-7
1,38383	-8
1,38450	-9
1,38517	-9
1,38583	-10
1,38650	-11
1,38717	-11
1,38783	-12
1,38850	-12
1,38917	-13
1,38983	-13
1,39050	-13
1,39117	-14
1,39183	-14
1,39250	-14
1,39317	-15
1,39383	-15
1,39450	-15
1,39517	-15
1,39583	-15
1,39650	-16
1,39717	-16
1,39783	-17
1,39850	-17
1,39917	-18
1,39983	-19
1,40050	-19
1,40117	-20
1,40183	-20
1,40250	-21
1,40317	-22
1,40383	-22
1,40450	-22
1,40517	-23
1,40583	-23
1,40650	-23
1,40717	-23
1,40783	-24
1,40850	-24
1,40917	-24
1,40983	-24
1,41050	-24
1,41117	-24
1,41183	-24
1,41250	-24
1,41317	-24
1,41383	-23
1,41450	-23
1,41517	-23
1,41583	-23
1,41650	-23
1,41717	-23
1,41783	-23
1,41850	-23
1,41917	-24
1,41983	-24
1,42050	-24
1,42117	-24
1,42183	-24
1,42250	-24
1,42317	-25
1,42383	-25
1,42450	-25
1,42517	-25
1,42583	-25
1,42650	-25
1,42717	-25
1,42783	-25
1,42850	-26
1,42917	-26
1,42983	-25
1,43050	-25
1,43117	-24
1,43183	-23
1,43250	-22
1,43317	-19
1,43383	-15
1,43450	-10
1,43517	-3
1,43583	7
1,43650	20
1,43717	37
1,43783	57
1,43850	83
1,43917	113
1,43983	148
1,44050	188
1,44117	233
1,44183	280
1,44250	330
1,44317	381
1,44383	432
1,44450	482
1,44517	530
1,44583	574
1,44650	613
1,44717	648
1,44783	676
1,44850	699
1,44917	716
1,44983	726
1,45050	731
1,45117	730
1,45183	724
1,45250	713
1,45317	698
1,45383	679
1,45450	657
1,45517	632
1,45583	606
1,45650	578
1,45717	549
1,45783	520
1,45850	491
1,45917	462
1,45983	434
1,46050	407
1,46117	380
1,46183	355
1,46250	332
1,46317	310
1,46383	290
1,46450	271
1,46517	254
1,46583	239
1,46650	225
1,46717	212
1,46783	201
1,46850	191
1,46917	182
1,46983	174
1,47050	166
1,47117	159
1,47183	152
1,47250	145
1,47317	139
1,47383	133
1,47450	127
1,47517	121
1,47583	115
1,47650	109
1,47717	103
1,47783	96
1,47850	90
1,47917	84
1,47983	77
1,48050	71
1,48117	65
1,48183	59
1,48250	53
1,48317	47
1,48383	42
1,48450	38
1,48517	33
1,48583	29
1,48650	25
1,48717	21
1,48783	18
1,48850	15
1,48917	12
1,48983	9
1,49050	7
1,49117	4
1,49183	2
1,49250	1
1,49317	-1
1,49383	-3
1,49450	-4
1,49517	-5
1,49583	-6
1,49650	-7
1,49717	-8
1,49783	-9
1,49850	-10
1,49917	-11
1,49983	-12
1,50050	-13
1,50117	-13
1,50183	-14
1,50250	-15
1,50317	-15
1,50383	-16
1,50450	-16
1,50517	-17
1,50583	-17
1,50650	-17
1,50717	-17
1,50783	-17
1,50850	-17
1,50917	-17
1,50983	-16
1,51050	-16
1,51117	-15
1,51183	-15
1,51250	-14
1,51317	-13
1,51383	-12
1,51450	-10
1,51517	-8
1,51583	-6
1,51650	-2
1,51717	2
1,51783	8
1,51850	16
1,51917	26
1,51983	39
1,52050	56
1,52117	78
1,52183	105
1,52250	139
1,52317	179
1,52383	227
1,52450	283
1,52517	345
1,52583	414
1,52650	489
1,52717	568
1,52783	650
1,52850	733
1,52917	816
1,52983	897
1,53050	973
1,53117	1045
1,53183	1109
1,53250	1166
1,53317	1214
1,53383	1254
1,53450	1283
1,53517	1303
1,53583	1313
1,53650	1315
1,53717	1307
1,53783	1292
1,53850	1271
1,53917	1244
1,53983	1216
1,54050	1190
1,54117	1174
1,54183	1186
1,54250	1256
1,54317	1450
1,54383	1882
1,54450	2734
1,54517	4287
1,54583	6937
1,54650	11268
1,54717	18092
1,54783	28511
1,54850	43897
1,54917	66023
1,54983	96911
1,55050	139000
1,55117	194793
1,55183	267187
1,55250	358949
1,55317	472809
1,55383	610957
1,55450	775434
1,55517	967259
1,55583	1186737
1,55650	1433125
1,55717	1704994
1,55783	1999479
1,55850	2312713
1,55917	2639608
1,55983	2974085
1,56050	3309167
1,56117	3637463
1,56183	3951664
1,56250	4244942
1,56317	4510914
1,56383	4744296
1,56450	4940932
1,56517	5097824
1,56583	5212887
1,56650	5285636
1,56717	5316549
1,56783	5307236
1,56850	5260137
1,56917	5178654
1,56983	5066568
1,57050	4928129
1,57117	4767685
1,57183	4589625
1,57250	4398126
1,57317	4197088
1,57383	3990015
1,57450	3780003
1,57517	3569703
1,57583	3361352
1,57650	3156782
1,57717	2957469
1,57783	2764562
1,57850	2578928
1,57917	2401196
1,57983	2231785
1,58050	2070944
1,58117	1918777
1,58183	1775273
1,58250	1640327
1,58317	1513757
1,58383	1395324
1,58450	1284746
1,58517	1181706
1,58583	1085867
1,58650	996878
1,58717	914378
1,58783	838007
1,58850	767406
1,58917	702223
1,58983	642115
1,59050	586750
1,59117	535807
1,59183	488981
1,59250	445981
1,59317	406529
1,59383	370364
1,59450	337239
1,59517	306923
1,59583	279198
1,59650	253861
1,59717	230721
1,59783	209603
1,59850	190341
1,59917	172783
1,59983	156787
1,60050	142223
1,60117	128969
1,60183	116914
1,60250	105955
1,60317	95997
1,60383	86952
1,60450	78740
1,60517	71288
1,60583	64528
1,60650	58399
1,60717	52842
1,60783	47808
1,60850	43247
1,60917	39117
1,60983	35378
1,61050	31995
1,61117	28934
1,61183	26165
1,61250	23662
1,61317	21399
1,61383	19354
1,61450	17506
1,61517	15837
1,61583	14329
1,61650	12967
1,61717	11737
1,61783	10627
1,61850	9625
1,61917	8721
1,61983	7905
1,62050	7168
1,62117	6504
1,62183	5904
1,62250	5364
1,62317	4876
1,62383	4436
1,62450	4039
1,62517	3682
1,62583	3359
1,62650	3068
1,62717	2805
1,62783	2568
1,62850	2354
1,62917	2161
1,62983	1987
1,63050	1829
1,63117	1687
1,63183	1558
1,63250	1442
1,63317	1336
1,63383	1241
1,63450	1155
1,63517	1076
1,63583	1006
1,63650	941
1,63717	883
1,63783	830
1,63850	782
1,63917	738
1,63983	698
1,64050	661
1,64117	628
1,64183	597
1,64250	569
1,64317	543
1,64383	520
1,64450	498
1,64517	478
1,64583	459
1,64650	442
1,64717	426
1,64783	411
1,64850	397
1,64917	384
1,64983	372
1,65050	361
1,65117	351
1,65183	341
1,65250	332
1,65317	323
1,65383	315
1,65450	307
1,65517	300
1,65583	293
1,65650	287
1,65717	280
1,65783	274
1,65850	268
1,65917	263
1,65983	258
1,66050	253
1,66117	248
1,66183	243
1,66250	239
1,66317	234
1,66383	230
1,66450	226
1,66517	222
1,66583	218
1,66650	214
1,66717	211
1,66783	207
1,66850	204
1,66917	200
1,66983	197
1,67050	193
1,67117	190
1,67183	186
1,67250	183
1,67317	180
1,67383	177
1,67450	174
1,67517	171
1,67583	168
1,67650	166
1,67717	163
1,67783	161
1,67850	158
1,67917	156
1,67983	154
1,68050	152
1,68117	149
1,68183	147
1,68250	145
1,68317	142
1,68383	140
1,68450	138
1,68517	135
1,68583	133
1,68650	131
1,68717	129
1,68783	127
1,68850	125
1,68917	123
1,68983	121
1,69050	119
1,69117	117
1,69183	116
1,69250	114
1,69317	112
1,69383	110
1,69450	109
1,69517	107
1,69583	106
1,69650	104
1,69717	102
1,69783	101
1,69850	100
1,69917	99
1,69983	98
1,70050	97
1,70117	95
1,70183	94
1,70250	93
1,70317	92
1,70383	91
1,70450	89
1,70517	88
1,70583	87
1,70650	86
1,70717	85
1,70783	84
1,70850	83
1,70917	82
1,70983	81
1,71050	80
1,71117	79
1,71183	79
1,71250	78
1,71317	77
1,71383	76
1,71450	75
1,71517	74
1,71583	73
1,71650	72
1,71717	71
1,71783	70
1,71850	69
1,71917	68
1,71983	67
1,72050	67
1,72117	66
1,72183	65
1,72250	64
1,72317	63
1,72383	62
1,72450	61
1,72517	61
1,72583	60
1,72650	59
1,72717	58
1,72783	57
1,72850	56
1,72917	56
1,72983	55
1,73050	55
1,73117	54
1,73183	54
1,73250	54
1,73317	53
1,73383	53
1,73450	52
1,73517	52
1,73583	51
1,73650	50
1,73717	50
1,73783	49
1,73850	48
1,73917	48
1,73983	47
1,74050	47
1,74117	47
1,74183	46
1,74250	46
1,74317	45
1,74383	44
1,74450	44
1,74517	43
1,74583	42
1,74650	42
1,74717	41
1,74783	40
1,74850	39
1,74917	38
1,74983	38
1,75050	37
1,75117	36
1,75183	35
1,75250	34
1,75317	34
1,75383	33
1,75450	33
1,75517	32
1,75583	32
1,75650	32
1,75717	32
1,75783	31
1,75850	31
1,75917	31
1,75983	31
1,76050	32
1,76117	32
1,76183	33
1,76250	33
1,76317	34
1,76383	35
1,76450	35
1,76517	36
1,76583	37
1,76650	38
1,76717	38
1,76783	39
1,76850	39
1,76917	40
1,76983	40
1,77050	40
1,77117	39
1,77183	39
1,77250	39
1,77317	38
1,77383	38
1,77450	37
1,77517	37
1,77583	36
1,77650	35
1,77717	34
1,77783	33
1,77850	32
1,77917	31
1,77983	30
1,78050	29
1,78117	28
1,78183	27
1,78250	26
1,78317	25
1,78383	25
1,78450	24
1,78517	24
1,78583	23
1,78650	23
1,78717	22
1,78783	22
1,78850	21
1,78917	21
1,78983	20
1,79050	20
1,79117	19
1,79183	18
1,79250	18
1,79317	17
1,79383	17
1,79450	16
1,79517	16
1,79583	16
1,79650	15
1,79717	15
1,79783	15
1,79850	15
1,79917	14
1,79983	14
1,80050	14
1,80117	14
1,80183	13
1,80250	13
1,80317	13
1,80383	12
1,80450	12
1,80517	12
1,80583	12
1,80650	12
1,80717	11
1,80783	11
1,80850	11
1,80917	10
1,80983	10
1,81050	9
1,81117	9
1,81183	8
1,81250	8
1,81317	8
1,81383	7
1,81450	7
1,81517	6
1,81583	6
1,81650	6
1,81717	5
1,81783	5
1,81850	5
1,81917	5
1,81983	4
1,82050	4
1,82117	4
1,82183	4
1,82250	3
1,82317	3
1,82383	3
1,82450	3
1,82517	3
1,82583	3
1,82650	3
1,82717	3
1,82783	3
1,82850	3
1,82917	3
1,82983	3
1,83050	3
1,83117	3
1,83183	3
1,83250	3
1,83317	2
1,83383	2
1,83450	2
1,83517	2
1,83583	2
1,83650	2
1,83717	2
1,83783	2
1,83850	3
1,83917	3
1,83983	3
1,84050	3
1,84117	3
1,84183	3
1,84250	3
1,84317	2
1,84383	2
1,84450	2
1,84517	2
1,84583	1
1,84650	1
1,84717	1
1,84783	1
1,84850	1
1,84917	1
1,84983	1
1,85050	1
1,85117	1
1,85183	1
1,85250	0
1,85317	0
1,85383	0
1,85450	0
1,85517	0
1,85583	0
1,85650	0
1,85717	1
1,85783	1
1,85850	1
1,85917	2
1,85983	3
1,86050	6
1,86117	10
1,86183	18
1,86250	31
1,86317	54
1,86383	93
1,86450	158
1,86517	263
1,86583	429
1,86650	681
1,86717	1050
1,86783	1567
1,86850	2269
1,86917	3190
1,86983	4363
1,87050	5818
1,87117	7582
1,87183	9678
1,87250	12133
1,87317	14963
1,87383	18182
1,87450	21793
1,87517	25801
1,87583	30205
1,87650	35007
1,87717	40202
1,87783	45784
1,87850	51748
1,87917	58075
1,87983	64742
1,88050	71728
1,88117	79007
1,88183	86545
1,88250	94297
1,88317	102190
1,88383	110135
1,88450	118018
1,88517	125705
1,88583	133031
1,88650	139794
1,88717	145767
1,88783	150730
1,88850	154507
1,88917	156972
1,88983	158085
1,89050	157870
1,89117	156416
1,89183	153851
1,89250	150327
1,89317	146004
1,89383	141039
1,89450	135577
1,89517	129754
1,89583	123685
1,89650	117476
1,89717	111212
1,89783	104969
1,89850	98806
1,89917	92773
1,89983	86910
1,90050	81245
1,90117	75801
1,90183	70595
1,90250	65637
1,90317	60932
1,90383	56483
1,90450	52288
1,90517	48344
1,90583	44645
1,90650	41183
1,90717	37950
1,90783	34938
1,90850	32134
1,90917	29531
1,90983	27116
1,91050	24880
1,91117	22812
1,91183	20901
1,91250	19138
1,91317	17514
1,91383	16018
1,91450	14642
1,91517	13378
1,91583	12218
1,91650	11153
1,91717	10177
1,91783	9282
1,91850	8464
1,91917	7715
1,91983	7030
1,92050	6405
1,92117	5834
1,92183	5313
1,92250	4838
1,92317	4404
1,92383	4009
1,92450	3650
1,92517	3322
1,92583	3024
1,92650	2753
1,92717	2506
1,92783	2282
1,92850	2078
1,92917	1892
1,92983	1724
1,93050	1571
1,93117	1432
1,93183	1306
1,93250	1191
1,93317	1088
1,93383	993
1,93450	908
1,93517	831
1,93583	761
1,93650	697
1,93717	640
1,93783	588
1,93850	541
1,93917	498
1,93983	459
1,94050	424
1,94117	392
1,94183	362
1,94250	336
1,94317	312
1,94383	290
1,94450	270
1,94517	252
1,94583	235
1,94650	220
1,94717	207
1,94783	194
1,94850	183
1,94917	172
1,94983	162
1,95050	154
1,95117	145
1,95183	138
1,95250	131
1,95317	124
1,95383	118
1,95450	112
1,95517	107
1,95583	102
1,95650	97
1,95717	93
1,95783	89
1,95850	85
1,95917	82
1,95983	78
1,96050	75
1,96117	72
1,96183	70
1,96250	67
1,96317	65
1,96383	62
1,96450	60
1,96517	58
1,96583	56
1,96650	54
1,96717	52
1,96783	50
1,96850	49
1,96917	47
1,96983	46
1,97050	44
1,97117	43
1,97183	41
1,97250	40
1,97317	39
1,97383	38
1,97450	36
1,97517	35
1,97583	35
1,97650	34
1,97717	33
1,97783	32
1,97850	31
1,97917	30
1,97983	29
1,98050	28
1,98117	28
1,98183	27
1,98250	26
1,98317	26
1,98383	25
1,98450	24
1,98517	24
1,98583	23
1,98650	23
1,98717	22
1,98783	22
1,98850	21
1,98917	21
1,98983	20
1,99050	20
1,99117	19
1,99183	18
1,99250	18
1,99317	17
1,99383	16
1,99450	16
1,99517	15
1,99583	14
1,99650	14
1,99717	14
1,99783	13
1,99850	13
1,99917	13
1,99983	13
2,00050	12
2,00117	12
2,00183	12
2,00250	11
2,00317	11
2,00383	10
2,00450	10
2,00517	9
2,00583	9
2,00650	8
2,00717	8
2,00783	8
2,00850	7
2,00917	7
2,00983	7
2,01050	7
2,01117	7
2,01183	6
2,01250	6
2,01317	6
2,01383	6
2,01450	6
2,01517	6
2,01583	6
2,01650	6
2,01717	5
2,01783	5
2,01850	5
2,01917	5
2,01983	4
2,02050	4
2,02117	3
2,02183	3
2,02250	3
2,02317	3
2,02383	3
2,02450	2
2,02517	2
2,02583	2
2,02650	2
2,02717	2
2,02783	1
2,02850	1
2,02917	1
2,02983	1
2,03050	1
2,03117	1
2,03183	1
2,03250	0
2,03317	0
2,03383	0
2,03450	-0
2,03517	-1
2,03583	-1
2,03650	-2
2,03717	-2
2,03783	-2
2,03850	-3
2,03917	-3
2,03983	-3
2,04050	-3
2,04117	-3
2,04183	-3
2,04250	-3
2,04317	-3
2,04383	-3
2,04450	-3
2,04517	-3
2,04583	-3
2,04650	-4
2,04717	-4
2,04783	-4
2,04850	-4
2,04917	-4
2,04983	-4
2,05050	-4
2,05117	-4
2,05183	-4
2,05250	-4
2,05317	-4
2,05383	-4
2,05450	-4
2,05517	-4
2,05583	-4
2,05650	-4
2,05717	-4
2,05783	-4
2,05850	-4
2,05917	-4
2,05983	-4
2,06050	-5
2,06117	-5
2,06183	-5
2,06250	-5
2,06317	-5
2,06383	-5
2,06450	-5
2,06517	-5
2,06583	-5
2,06650	-6
2,06717	-6
2,06783	-6
2,06850	-6
2,06917	-7
2,06983	-7
2,07050	-7
2,07117	-7
2,07183	-7
2,07250	-7
2,07317	-7
2,07383	-7
2,07450	-7
2,07517	-8
2,07583	-8
2,07650	-8
2,07717	-8
2,07783	-8
2,07850	-8
2,07917	-8
2,07983	-8
2,08050	-9
2,08117	-9
2,08183	-9
2,08250	-9
2,08317	-9
2,08383	-9
2,08450	-9
2,08517	-9
2,08583	-10
2,08650	-10
2,08717	-10
2,08783	-10
2,08850	-10
2,08917	-11
2,08983	-11
2,09050	-11
2,09117	-12
2,09183	-12
2,09250	-12
2,09317	-12
2,09383	-12
2,09450	-13
2,09517	-13
2,09583	-13
2,09650	-13
2,09717	-13
2,09783	-13
2,09850	-13
2,09917	-13
2,09983	-13
2,10050	-13
2,10117	-13
2,10183	-14
2,10250	-14
2,10317	-14
2,10383	-14
2,10450	-14
2,10517	-14
2,10583	-14
2,10650	-14
2,10717	-14
2,10783	-14
2,10850	-14
2,10917	-15
2,10983	-15
2,11050	-15
2,11117	-15
2,11183	-16
2,11250	-16
2,11317	-16
2,11383	-17
2,11450	-17
2,11517	-17
2,11583	-17
2,11650	-17
2,11717	-17
2,11783	-17
2,11850	-17
2,11917	-17
2,11983	-17
2,12050	-17
2,12117	-17
2,12183	-17
2,12250	-17
2,12317	-17
2,12383	-17
2,12450	-17
2,12517	-17
2,12583	-17
2,12650	-17
2,12717	-17
2,12783	-16
2,12850	-16
2,12917	-16
2,12983	-16
2,13050	-16
2,13117	-16
2,13183	-16
2,13250	-17
2,13317	-17
2,13383	-17
2,13450	-17
2,13517	-17
2,13583	-18
2,13650	-18
2,13717	-18
2,13783	-18
2,13850	-19
2,13917	-19
2,13983	-19
2,14050	-19
2,14117	-19
2,14183	-20
2,14250	-20
2,14317	-20
2,14383	-20
2,14450	-20
2,14517	-20
2,14583	-20
2,14650	-20
2,14717	-19
2,14783	-19
2,14850	-19
2,14917	-18
2,14983	-18
2,15050	-17
2,15117	-17
2,15183	-16
2,15250	-16
2,15317	-15
2,15383	-15
2,15450	-15
2,15517	-15
2,15583	-15
2,15650	-15
2,15717	-14
2,15783	-14
2,15850	-14
2,15917	-14
2,15983	-14
2,16050	-14
2,16117	-14
2,16183	-14
2,16250	-14
2,16317	-14
2,16383	-14
2,16450	-14
2,16517	-14
2,16583	-14
2,16650	-14
2,16717	-14
2,16783	-14
2,16850	-14
2,16917	-14
2,16983	-14
2,17050	-14
2,17117	-14
2,17183	-15
2,17250	-15
2,17317	-15
2,17383	-15
2,17450	-15
2,17517	-15
2,17583	-16
2,17650	-16
2,17717	-16
2,17783	-16
2,17850	-16
2,17917	-16
2,17983	-16
2,18050	-17
2,18117	-17
2,18183	-17
2,18250	-17
2,18317	-17
2,18383	-17
2,18450	-18
2,18517	-18
2,18583	-19
2,18650	-19
2,18717	-19
2,18783	-20
2,18850	-20
2,18917	-21
2,18983	-21
2,19050	-21
2,19117	-21
2,19183	-21
2,19250	-21
2,19317	-21
2,19383	-21
2,19450	-21
2,19517	-21
2,19583	-21
2,19650	-21
2,19717	-21
2,19783	-21
2,19850	-21
2,19917	-21
2,19983	-21
2,20050	-21
2,20117	-21
2,20183	-21
2,20250	-21
2,20317	-21
2,20383	-21
2,20450	-22
2,20517	-22
2,20583	-22
2,20650	-22
2,20717	-22
2,20783	-22
2,20850	-22
2,20917	-22
2,20983	-22
2,21050	-22
2,21117	-22
2,21183	-22
2,21250	-22
2,21317	-22
2,21383	-21
2,21450	-21
2,21517	-21
2,21583	-21
2,21650	-20
2,21717	-20
2,21783	-20
2,21850	-20
2,21917	-20
2,21983	-19
2,22050	-19
2,22117	-19
2,22183	-19
2,22250	-18
2,22317	-18
2,22383	-18
2,22450	-18
2,22517	-18
2,22583	-18
2,22650	-18
2,22717	-18
2,22783	-18
2,22850	-18
2,22917	-18
2,22983	-18
2,23050	-18
2,23117	-17
2,23183	-17
2,23250	-17
2,23317	-17
2,23383	-17
2,23450	-17
2,23517	-18
2,23583	-18
2,23650	-18
2,23717	-18
2,23783	-19
2,23850	-19
2,23917	-19
2,23983	-20
2,24050	-20
2,24117	-20
2,24183	-20
2,24250	-20
2,24317	-21
2,24383	-21
2,24450	-21
2,24517	-21
2,24583	-21
2,24650	-21
2,24717	-22
2,24783	-22
2,24850	-22
2,24917	-22
2,24983	-22
2,25050	-22
2,25117	-21
2,25183	-21
2,25250	-21
2,25317	-21
2,25383	-21
2,25450	-21
2,25517	-20
2,25583	-20
2,25650	-20
2,25717	-20
2,25783	-19
2,25850	-19
2,25917	-19
2,25983	-19
2,26050	-19
2,26117	-19
2,26183	-18
2,26250	-18
2,26317	-18
2,26383	-18
2,26450	-17
2,26517	-17
2,26583	-17
2,26650	-17
2,26717	-17
2,26783	-17
2,26850	-18
2,26917	-18
2,26983	-18
2,27050	-18
2,27117	-19
2,27183	-19
2,27250	-19
2,27317	-19
2,27383	-19
2,27450	-20
2,27517	-20
2,27583	-20
2,27650	-20
2,27717	-21
2,27783	-21
2,27850	-21
2,27917	-21
2,27983	-21
2,28050	-22
2,28117	-22
2,28183	-22
2,28250	-22
2,28317	-22
2,28383	-22
2,28450	-23
2,28517	-23
2,28583	-23
2,28650	-23
2,28717	-23
2,28783	-23
2,28850	-23
2,28917	-23
2,28983	-24
2,29050	-24
2,29117	-24
2,29183	-24
2,29250	-24
2,29317	-24
2,29383	-24
2,29450	-24
2,29517	-23
2,29583	-23
2,29650	-23
2,29717	-23
2,29783	-22
2,29850	-22
2,29917	-22
2,29983	-21
2,30050	-21
2,30117	-21
2,30183	-20
2,30250	-20
2,30317	-20
2,30383	-19
2,30450	-18
2,30517	-18
2,30583	-17
2,30650	-16
2,30717	-15
2,30783	-14
2,30850	-12
2,30917	-11
2,30983	-10
2,31050	-9
2,31117	-7
2,31183	-6
2,31250	-5
2,31317	-3
2,31383	-2
2,31450	-1
2,31517	0
2,31583	1
2,31650	2
2,31717	3
2,31783	4
2,31850	4
2,31917	5
2,31983	5
2,32050	5
2,32117	5
2,32183	6
2,32250	6
2,32317	6
2,32383	6
2,32450	6
2,32517	7
2,32583	7
2,32650	8
2,32717	9
2,32783	10
2,32850	12
2,32917	15
2,32983	17
2,33050	21
2,33117	25
2,33183	29
2,33250	34
2,33317	39
2,33383	44
2,33450	50
2,33517	56
2,33583	61
2,33650	67
2,33717	72
2,33783	78
2,33850	83
2,33917	87
2,33983	91
2,34050	95
2,34117	98
2,34183	100
2,34250	101
2,34317	102
2,34383	102
2,34450	101
2,34517	100
2,34583	98
2,34650	96
2,34717	93
2,34783	90
2,34850	86
2,34917	82
2,34983	78
2,35050	74
2,35117	69
2,35183	64
2,35250	60
2,35317	55
2,35383	50
2,35450	46
2,35517	41
2,35583	37
2,35650	33
2,35717	29
2,35783	25
2,35850	22
2,35917	19
2,35983	16
2,36050	13
2,36117	11
2,36183	8
2,36250	6
2,36317	4
2,36383	2
2,36450	0
2,36517	-1
2,36583	-3
2,36650	-4
2,36717	-6
2,36783	-7
2,36850	-8
2,36917	-9
2,36983	-10
2,37050	-10
2,37117	-11
2,37183	-12
2,37250	-12
2,37317	-13
2,37383	-14
2,37450	-14
2,37517	-14
2,37583	-15
2,37650	-15
2,37717	-16
2,37783	-16
2,37850	-17
2,37917	-17
2,37983	-17
2,38050	-18
2,38117	-18
2,38183	-18
2,38250	-18
2,38317	-18
2,38383	-18
2,38450	-18
2,38517	-19
2,38583	-19
2,38650	-19
2,38717	-19
2,38783	-20
2,38850	-20
2,38917	-20
2,38983	-21
2,39050	-21
2,39117	-21
2,39183	-21
2,39250	-22
2,39317	-22
2,39383	-22
2,39450	-22
2,39517	-22
2,39583	-23
2,39650	-23
2,39717	-23
2,39783	-23
2,39850	-23
2,39917	-23
2,39983	-23
2,40050	-23
2,40117	-23
2,40183	-23
2,40250	-23
2,40317	-23
2,40383	-23
2,40450	-23
2,40517	-23
2,40583	-23
2,40650	-22
2,40717	-22
2,40783	-22
2,40850	-21
2,40917	-21
2,40983	-21
2,41050	-21
2,41117	-21
2,41183	-21
2,41250	-21
2,41317	-21
2,41383	-21
2,41450	-21
2,41517	-21
2,41583	-21
2,41650	-21
2,41717	-21
2,41783	-21
2,41850	-21
2,41917	-22
2,41983	-22
2,42050	-22
2,42117	-23
2,42183	-23
2,42250	-23
2,42317	-23
2,42383	-23
2,42450	-23
2,42517	-23
2,42583	-23
2,42650	-23
2,42717	-23
2,42783	-23
2,42850	-23
2,42917	-24
2,42983	-24
2,43050	-24
2,43117	-25
2,43183	-25
2,43250	-25
2,43317	-25
2,43383	-26
2,43450	-26
2,43517	-25
2,43583	-25
2,43650	-25
2,43717	-25
2,43783	-25
2,43850	-24
2,43917	-24
2,43983	-24
2,44050	-24
2,44117	-24
2,44183	-24
2,44250	-24
2,44317	-24
2,44383	-24
2,44450	-24
2,44517	-24
2,44583	-24
2,44650	-24
2,44717	-24
2,44783	-24
2,44850	-24
2,44917	-24
2,44983	-24
2,45050	-24
2,45117	-25
2,45183	-25
2,45250	-25
2,45317	-25
2,45383	-25
2,45450	-26
2,45517	-26
2,45583	-25
2,45650	-25
2,45717	-25
2,45783	-24
2,45850	-24
2,45917	-23
2,45983	-23
2,46050	-22
2,46117	-21
2,46183	-20
2,46250	-19
2,46317	-17
2,46383	-16
2,46450	-14
2,46517	-11
2,46583	-9
2,46650	-6
2,46717	-2
2,46783	2
2,46850	6
2,46917	11
2,46983	16
2,47050	21
2,47117	27
2,47183	33
2,47250	39
2,47317	45
2,47383	50
2,47450	56
2,47517	62
2,47583	67
2,47650	73
2,47717	78
2,47783	82
2,47850	86
2,47917	89
2,47983	91
2,48050	93
2,48117	95
2,48183	95
2,48250	96
2,48317	95
2,48383	95
2,48450	94
2,48517	93
2,48583	91
2,48650	90
2,48717	89
2,48783	87
2,48850	86
2,48917	85
2,48983	84
2,49050	83
2,49117	83
2,49183	82
2,49250	82
2,49317	82
2,49383	82
2,49450	82
2,49517	83
2,49583	83
2,49650	83
2,49717	83
2,49783	83
2,49850	83
2,49917	82
2,49983	81
2,50050	80
2,50117	79
2,50183	78
2,50250	76
2,50317	74
2,50383	72
2,50450	69
2,50517	66
2,50583	63
2,50650	60
2,50717	57
2,50783	54
2,50850	51
2,50917	47
2,50983	45
2,51050	42
2,51117	39
2,51183	37
2,51250	35
2,51317	34
2,51383	33
2,51450	33
2,51517	34
2,51583	35
2,51650	36
2,51717	39
2,51783	42
2,51850	46
2,51917	50
2,51983	56
2,52050	62
2,52117	68
2,52183	76
2,52250	83
2,52317	91
2,52383	100
2,52450	108
2,52517	116
2,52583	124
2,52650	131
2,52717	138
2,52783	144
2,52850	149
2,52917	154
2,52983	158
2,53050	160
2,53117	162
2,53183	163
2,53250	163
2,53317	162
2,53383	160
2,53450	157
2,53517	153
2,53583	149
2,53650	144
2,53717	138
2,53783	133
2,53850	127
2,53917	121
2,53983	115
2,54050	109
2,54117	103
2,54183	98
2,54250	92
2,54317	87
2,54383	82
2,54450	77
2,54517	73
2,54583	69
2,54650	66
2,54717	62
2,54783	60
2,54850	57
2,54917	55
2,54983	53
2,55050	52
2,55117	51
2,55183	50
2,55250	49
2,55317	48
2,55383	47
2,55450	46
2,55517	44
2,55583	43
2,55650	42
2,55717	41
2,55783	39
2,55850	37
2,55917	36
2,55983	34
2,56050	32
2,56117	30
2,56183	27
2,56250	25
2,56317	23
2,56383	21
2,56450	19
2,56517	16
2,56583	14
2,56650	12
2,56717	10
2,56783	8
2,56850	6
2,56917	4
2,56983	2
2,57050	0
2,57117	-1
2,57183	-3
2,57250	-4
2,57317	-5
2,57383	-6
2,57450	-7
2,57517	-8
2,57583	-9
2,57650	-10
2,57717	-11
2,57783	-12
2,57850	-13
2,57917	-13
2,57983	-14
2,58050	-15
2,58117	-16
2,58183	-17
2,58250	-17
2,58317	-17
2,58383	-18
2,58450	-18
2,58517	-18
2,58583	-18
2,58650	-18
2,58717	-18
2,58783	-17
2,58850	-17
2,58917	-17
2,58983	-17
2,59050	-17
2,59117	-16
2,59183	-16
2,59250	-16
2,59317	-16
2,59383	-15
2,59450	-15
2,59517	-15
2,59583	-15
2,59650	-14
2,59717	-14
2,59783	-14
2,59850	-14
2,59917	-13
2,59983	-13
2,60050	-13
2,60117	-12
2,60183	-12
2,60250	-11
2,60317	-10
2,60383	-9
2,60450	-8
2,60517	-7
2,60583	-6
2,60650	-5
2,60717	-4
2,60783	-3
2,60850	-2
2,60917	-1
2,60983	0
2,61050	1
2,61117	2
2,61183	3
2,61250	3
2,61317	4
2,61383	5
2,61450	6
2,61517	6
2,61583	7
2,61650	8
2,61717	9
2,61783	9
2,61850	10
2,61917	11
2,61983	11
2,62050	12
2,62117	13
2,62183	13
2,62250	14
2,62317	14
2,62383	14
2,62450	14
2,62517	15
2,62583	15
2,62650	15
2,62717	15
2,62783	16
2,62850	16
2,62917	16
2,62983	17
2,63050	17
2,63117	17
2,63183	17
2,63250	18
2,63317	18
2,63383	18
2,63450	18
2,63517	18
2,63583	18
2,63650	18
2,63717	19
2,63783	19
2,63850	18
2,63917	18
2,63983	18
2,64050	18
2,64117	18
2,64183	18
2,64250	18
2,64317	17
2,64383	17
2,64450	17
2,64517	16
2,64583	16
2,64650	16
2,64717	15
2,64783	15
2,64850	15
2,64917	15
2,64983	15
2,65050	15
2,65117	14
2,65183	14
2,65250	14
2,65317	13
2,65383	13
2,65450	12
2,65517	12
2,65583	11
2,65650	11
2,65717	11
2,65783	10
2,65850	10
2,65917	10
2,65983	10
2,66050	9
2,66117	9
2,66183	9
2,66250	9
2,66317	9
2,66383	9
2,66450	8
2,66517	8
2,66583	8
2,66650	8
2,66717	8
2,66783	7
2,66850	7
2,66917	7
2,66983	7
2,67050	7
2,67117	7
2,67183	8
2,67250	8
2,67317	8
2,67383	8
2,67450	8
2,67517	8
2,67583	9
2,67650	9
2,67717	9
2,67783	9
2,67850	9
2,67917	9
2,67983	9
2,68050	9
2,68117	9
2,68183	9
2,68250	9
2,68317	10
2,68383	10
2,68450	10
2,68517	10
2,68583	10
2,68650	11
2,68717	12
2,68783	13
2,68850	14
2,68917	16
2,68983	19
2,69050	22
2,69117	27
2,69183	34
2,69250	42
2,69317	53
2,69383	68
2,69450	86
2,69517	111
2,69583	141
2,69650	180
2,69717	227
2,69783	285
2,69850	356
2,69917	442
2,69983	545
2,70050	667
2,70117	810
2,70183	979
2,70250	1173
2,70317	1398
2,70383	1656
2,70450	1952
2,70517	2293
2,70583	2686
2,70650	3139
2,70717	3665
2,70783	4279
2,70850	4999
2,70917	5850
2,70983	6859
2,71050	8065
2,71117	9511
2,71183	11248
2,71250	13329
2,71317	15812
2,71383	18758
2,71450	22243
2,71517	26347
2,71583	31158
2,71650	36760
2,71717	43236
2,71783	50665
2,71850	59119
2,71917	68628
2,71983	79224
2,72050	90932
2,72117	103767
2,72183	117742
2,72250	132825
2,72317	148970
2,72383	166091
2,72450	184108
2,72517	202907
2,72583	222309
2,72650	242078
2,72717	261980
2,72783	281793
2,72850	301250
2,72917	320077
2,72983	337984
2,73050	354674
2,73117	369854
2,73183	383245
2,73250	394605
2,73317	403723
2,73383	410437
2,73450	414650
2,73517	416344
2,73583	415527
2,73650	412248
2,73717	406625
2,73783	398864
2,73850	389210
2,73917	377929
2,73983	365285
2,74050	351548
2,74117	336972
2,74183	321801
2,74250	306251
2,74317	290517
2,74383	274772
2,74450	259163
2,74517	243814
2,74583	228830
2,74650	214291
2,74717	200264
2,74783	186796
2,74850	173923
2,74917	161668
2,74983	150042
2,75050	139049
2,75117	128686
2,75183	118942
2,75250	109803
2,75317	101252
2,75383	93268
2,75450	85826
2,75517	78903
2,75583	72474
2,75650	66511
2,75717	60991
2,75783	55885
2,75850	51171
2,75917	46822
2,75983	42814
2,76050	39126
2,76117	35735
2,76183	32619
2,76250	29759
2,76317	27137
2,76383	24734
2,76450	22534
2,76517	20521
2,76583	18680
2,76650	16999
2,76717	15463
2,76783	14062
2,76850	12784
2,76917	11619
2,76983	10558
2,77050	9591
2,77117	8712
2,77183	7912
2,77250	7185
2,77317	6525
2,77383	5925
2,77450	5380
2,77517	4886
2,77583	4438
2,77650	4032
2,77717	3664
2,77783	3331
2,77850	3031
2,77917	2759
2,77983	2514
2,78050	2293
2,78117	2094
2,78183	1915
2,78250	1754
2,78317	1609
2,78383	1480
2,78450	1363
2,78517	1259
2,78583	1166
2,78650	1082
2,78717	1006
2,78783	939
2,78850	878
2,78917	823
2,78983	773
2,79050	727
2,79117	686
2,79183	648
2,79250	614
2,79317	582
2,79383	552
2,79450	524
2,79517	498
2,79583	474
2,79650	451
2,79717	429
2,79783	408
2,79850	389
2,79917	371
2,79983	354
2,80050	339
2,80117	325
2,80183	312
2,80250	301
2,80317	292
2,80383	284
2,80450	278
2,80517	275
2,80583	274
2,80650	277
2,80717	282
2,80783	290
2,80850	303
2,80917	319
2,80983	339
2,81050	363
2,81117	392
2,81183	424
2,81250	461
2,81317	501
2,81383	545
2,81450	591
2,81517	640
2,81583	691
2,81650	742
2,81717	793
2,81783	843
2,81850	891
2,81917	937
2,81983	979
2,82050	1018
2,82117	1052
2,82183	1082
2,82250	1107
2,82317	1126
2,82383	1140
2,82450	1148
2,82517	1151
2,82583	1149
2,82650	1142
2,82717	1130
2,82783	1114
2,82850	1095
2,82917	1072
2,82983	1047
2,83050	1019
2,83117	990
2,83183	959
2,83250	927
2,83317	894
2,83383	861
2,83450	828
2,83517	795
2,83583	762
2,83650	730
2,83717	699
2,83783	669
2,83850	639
2,83917	611
2,83983	583
2,84050	557
2,84117	531
2,84183	506
2,84250	482
2,84317	459
2,84383	437
2,84450	416
2,84517	395
2,84583	375
2,84650	356
2,84717	337
2,84783	319
2,84850	302
2,84917	285
2,84983	269
2,85050	254
2,85117	239
2,85183	225
2,85250	212
2,85317	199
2,85383	186
2,85450	175
2,85517	164
2,85583	153
2,85650	144
2,85717	135
2,85783	126
2,85850	119
2,85917	111
2,85983	105
2,86050	98
2,86117	92
2,86183	87
2,86250	82
2,86317	77
2,86383	72
2,86450	68
2,86517	64
2,86583	61
2,86650	58
2,86717	54
2,86783	51
2,86850	49
2,86917	47
2,86983	45
2,87050	44
2,87117	44
2,87183	44
2,87250	45
2,87317	47
2,87383	50
2,87450	53
2,87517	58
2,87583	64
2,87650	71
2,87717	80
2,87783	90
2,87850	102
2,87917	116
2,87983	131
2,88050	149
2,88117	168
2,88183	189
2,88250	212
2,88317	236
2,88383	262
2,88450	289
2,88517	316
2,88583	343
2,88650	370
2,88717	397
2,88783	422
2,88850	446
2,88917	468
2,88983	489
2,89050	507
2,89117	522
2,89183	535
2,89250	545
2,89317	552
2,89383	555
2,89450	556
2,89517	554
2,89583	549
2,89650	542
2,89717	532
2,89783	520
2,89850	507
2,89917	492
2,89983	475
2,90050	458
2,90117	440
2,90183	421
2,90250	402
2,90317	383
2,90383	364
2,90450	345
2,90517	326
2,90583	308
2,90650	290
2,90717	273
2,90783	256
2,90850	240
2,90917	225
2,90983	210
2,91050	196
2,91117	182
2,91183	170
2,91250	158
2,91317	147
2,91383	136
2,91450	127
2,91517	117
2,91583	109
2,91650	101
2,91717	94
2,91783	87
2,91850	81
2,91917	75
2,91983	70
2,92050	65
2,92117	61
2,92183	56
2,92250	53
2,92317	49
2,92383	46
2,92450	43
2,92517	41
2,92583	38
2,92650	36
2,92717	34
2,92783	33
2,92850	31
2,92917	29
2,92983	28
2,93050	27
2,93117	25
2,93183	24
2,93250	23
2,93317	22
2,93383	21
2,93450	20
2,93517	20
2,93583	19
2,93650	18
2,93717	17
2,93783	17
2,93850	16
2,93917	15
2,93983	15
2,94050	14
2,94117	14
2,94183	13
2,94250	13
2,94317	12
2,94383	12
2,94450	11
2,94517	11
2,94583	11
2,94650	10
2,94717	10
2,94783	10
2,94850	10
2,94917	10
2,94983	9
2,95050	9
2,95117	9
2,95183	8
2,95250	8
2,95317	8
2,95383	7
2,95450	7
2,95517	6
2,95583	6
2,95650	5
2,95717	5
2,95783	5
2,95850	4
2,95917	4
2,95983	4
2,96050	4
2,96117	4
2,96183	4
2,96250	3
2,96317	3
2,96383	3
2,96450	3
2,96517	3
2,96583	4
2,96650	4
2,96717	5
2,96783	6
2,96850	7
2,96917	8
2,96983	10
2,97050	12
2,97117	14
2,97183	17
2,97250	21
2,97317	25
2,97383	29
2,97450	35
2,97517	41
2,97583	47
2,97650	55
2,97717	62
2,97783	71
2,97850	80
2,97917	89
2,97983	99
2,98050	108
2,98117	118
2,98183	127
2,98250	136
2,98317	144
2,98383	152
2,98450	158
2,98517	165
2,98583	170
2,98650	174
2,98717	178
2,98783	180
2,98850	182
2,98917	182
2,98983	182
2,99050	180
2,99117	178
2,99183	175
2,99250	171
2,99317	167
2,99383	162
2,99450	156
2,99517	151
2,99583	145
2,99650	138
2,99717	132
2,99783	125
2,99850	119
2,99917	113
2,99983	106
3,00050	100
3,00117	95
3,00183	89
3,00250	83
3,00317	78
3,00383	73
3,00450	68
3,00517	63
3,00583	58
3,00650	54
3,00717	50
3,00783	46
3,00850	42
3,00917	39
3,00983	35
3,01050	32
3,01117	30
3,01183	27
3,01250	25
3,01317	22
3,01383	20
3,01450	18
3,01517	16
3,01583	14
3,01650	12
3,01717	10
3,01783	9
3,01850	8
3,01917	7
3,01983	6
3,02050	5
3,02117	4
3,02183	3
3,02250	2
3,02317	2
3,02383	1
3,02450	1
3,02517	0
3,02583	-0
3,02650	-1
3,02717	-2
3,02783	-2
3,02850	-3
3,02917	-4
3,02983	-4
3,03050	-5
3,03117	-5
3,03183	-5
3,03250	-5
3,03317	-6
3,03383	-6
3,03450	-6
3,03517	-6
3,03583	-6
3,03650	-6
3,03717	-6
3,03783	-6
3,03850	-5
3,03917	-5
3,03983	-5
3,04050	-5
3,04117	-5
3,04183	-5
3,04250	-5
3,04317	-5
3,04383	-5
3,04450	-5
3,04517	-5
3,04583	-4
3,04650	-4
3,04717	-4
3,04783	-4
3,04850	-4
3,04917	-4
3,04983	-4
3,05050	-4
3,05117	-4
3,05183	-4
3,05250	-4
3,05317	-4
3,05383	-4
3,05450	-4
3,05517	-3
3,05583	-3
3,05650	-3
3,05717	-3
3,05783	-3
3,05850	-4
3,05917	-4
3,05983	-5
3,06050	-5
3,06117	-5
3,06183	-5
3,06250	-6
3,06317	-6
3,06383	-6
3,06450	-6
3,06517	-6
3,06583	-5
3,06650	-5
3,06717	-5
3,06783	-5
3,06850	-5
3,06917	-5
3,06983	-5
3,07050	-5
3,07117	-6
3,07183	-6
3,07250	-6
3,07317	-6
3,07383	-6
3,07450	-6
3,07517	-6
3,07583	-6
3,07650	-7
3,07717	-7
3,07783	-6
3,07850	-6
3,07917	-6
3,07983	-6
3,08050	-6
3,08117	-5
3,08183	-5
3,08250	-5
3,08317	-5
3,08383	-5
3,08450	-4
3,08517	-4
3,08583	-3
3,08650	-3
3,08717	-2
3,08783	-2
3,08850	-1
3,08917	-1
3,08983	-0
3,09050	0
3,09117	1
3,09183	1
3,09250	2
3,09317	3
3,09383	3
3,09450	4
3,09517	5
3,09583	5
3,09650	6
3,09717	7
3,09783	8
3,09850	9
3,09917	10
3,09983	11
3,10050	11
3,10117	12
3,10183	13
3,10250	13
3,10317	14
3,10383	14
3,10450	15
3,10517	15
3,10583	15
3,10650	16
3,10717	16
3,10783	17
3,10850	17
3,10917	17
3,10983	18
3,11050	18
3,11117	18
3,11183	18
3,11250	18
3,11317	19
3,11383	19
3,11450	19
3,11517	18
3,11583	19
3,11650	19
3,11717	19
3,11783	19
3,11850	19
3,11917	18
3,11983	18
3,12050	18
3,12117	18
3,12183	18
3,12250	17
3,12317	17
3,12383	16
3,12450	16
3,12517	15
3,12583	15
3,12650	14
3,12717	14
3,12783	13
3,12850	13
3,12917	12
3,12983	12
3,13050	11
3,13117	11
3,13183	10
3,13250	10
3,13317	10
3,13383	9
3,13450	9
3,13517	8
3,13583	8
3,13650	7
3,13717	7
3,13783	6
3,13850	6
3,13917	5
3,13983	5
3,14050	5
3,14117	4
3,14183	4
3,14250	3
3,14317	3
3,14383	2
3,14450	2
3,14517	1
3,14583	1
3,14650	0
3,14717	-0
3,14783	-1
3,14850	-1
3,14917	-2
3,14983	-2
3,15050	-2
3,15117	-3
3,15183	-3
3,15250	-4
3,15317	-4
3,15383	-4
3,15450	-5
3,15517	-5
3,15583	-6
3,15650	-6
3,15717	-7
3,15783	-7
3,15850	-8
3,15917	-8
3,15983	-8
3,16050	-9
3,16117	-9
3,16183	-9
3,16250	-9
3,16317	-9
3,16383	-9
3,16450	-9
3,16517	-9
3,16583	-10
3,16650	-10
3,16717	-10
3,16783	-10
3,16850	-10
3,16917	-10
3,16983	-10
3,17050	-10
3,17117	-10
3,17183	-10
3,17250	-10
3,17317	-10
3,17383	-9
3,17450	-9
3,17517	-9
3,17583	-9
3,17650	-9
3,17717	-9
3,17783	-9
3,17850	-8
3,17917	-8
3,17983	-8
3,18050	-8
3,18117	-8
3,18183	-8
3,18250	-7
3,18317	-7
3,18383	-6
3,18450	-5
3,18517	-5
3,18583	-4
3,18650	-4
3,18717	-3
3,18783	-3
3,18850	-2
3,18917	-2
3,18983	-2
3,19050	-1
3,19117	-1
3,19183	-1
3,19250	-1
3,19317	-0
3,19383	-0
3,19450	0
3,19517	0
3,19583	0
3,19650	0
3,19717	0
3,19783	0
3,19850	0
3,19917	0
3,19983	-0
3,20050	-1
3,20117	-1
3,20183	-2
3,20250	-2
3,20317	-3
3,20383	-3
3,20450	-4
3,20517	-5
3,20583	-6
3,20650	-6
3,20717	-7
3,20783	-7
3,20850	-7
3,20917	-8
3,20983	-8
3,21050	-8
3,21117	-9
3,21183	-9
3,21250	-9
3,21317	-9
3,21383	-9
3,21450	-9
3,21517	-9
3,21583	-9
3,21650	-9
3,21717	-9
3,21783	-9
3,21850	-9
3,21917	-9
3,21983	-9
3,22050	-9
3,22117	-9
3,22183	-9
3,22250	-9
3,22317	-9
3,22383	-9
3,22450	-9
3,22517	-9
3,22583	-9
3,22650	-9
3,22717	-9
3,22783	-9
3,22850	-9
3,22917	-10
3,22983	-10
3,23050	-10
3,23117	-10
3,23183	-11
3,23250	-11
3,23317	-11
3,23383	-11
3,23450	-11
3,23517	-11
3,23583	-11
3,23650	-11
3,23717	-11
3,23783	-11
3,23850	-11
3,23917	-11
3,23983	-11
3,24050	-11
3,24117	-11
3,24183	-11
3,24250	-11
3,24317	-11
3,24383	-11
3,24450	-11
3,24517	-11
3,24583	-11
3,24650	-11
3,24717	-11
3,24783	-11
3,24850	-10
3,24917	-10
3,24983	-10
3,25050	-10
3,25117	-10
3,25183	-10
3,25250	-11
3,25317	-11
3,25383	-11
3,25450	-11
3,25517	-11
3,25583	-11
3,25650	-11
3,25717	-11
3,25783	-11
3,25850	-11
3,25917	-11
3,25983	-11
3,26050	-11
3,26117	-12
3,26183	-12
3,26250	-12
3,26317	-12
3,26383	-12
3,26450	-12
3,26517	-12
3,26583	-12
3,26650	-12
3,26717	-12
3,26783	-12
3,26850	-12
3,26917	-12
3,26983	-12
3,27050	-12
3,27117	-11
3,27183	-11
3,27250	-11
3,27317	-11
3,27383	-11
3,27450	-11
3,27517	-11
3,27583	-11
3,27650	-11
3,27717	-11
3,27783	-11
3,27850	-11
3,27917	-11
3,27983	-11
3,28050	-11
3,28117	-11
3,28183	-11
3,28250	-11
3,28317	-11
3,28383	-11
3,28450	-11
3,28517	-11
3,28583	-11
3,28650	-11
3,28717	-11
3,28783	-12
3,28850	-12
3,28917	-11
3,28983	-11
3,29050	-11
3,29117	-12
3,29183	-12
3,29250	-12
3,29317	-12
3,29383	-12
3,29450	-12
3,29517	-12
3,29583	-12
3,29650	-13
3,29717	-13
3,29783	-13
3,29850	-13
3,29917	-13
3,29983	-13
3,30050	-13
3,30117	-13
3,30183	-13
3,30250	-13
3,30317	-13
3,30383	-12
3,30450	-12
3,30517	-12
3,30583	-11
3,30650	-11
3,30717	-11
3,30783	-10
3,30850	-10
3,30917	-9
3,30983	-9
3,31050	-9
3,31117	-9
3,31183	-8
3,31250	-8
3,31317	-8
3,31383	-8
3,31450	-8
3,31517	-8
3,31583	-8
3,31650	-8
3,31717	-7
3,31783	-7
3,31850	-7
3,31917	-7
3,31983	-7
3,32050	-7
3,32117	-6
3,32183	-6
3,32250	-6
3,32317	-6
3,32383	-6
3,32450	-6
3,32517	-7
3,32583	-7
3,32650	-7
3,32717	-7
3,32783	-7
3,32850	-7
3,32917	-8
3,32983	-8
3,33050	-8
3,33117	-8
3,33183	-9
3,33250	-9
3,33317	-9
3,33383	-9
3,33450	-9
3,33517	-9
3,33583	-9
3,33650	-9
3,33717	-9
3,33783	-9
3,33850	-9
3,33917	-9
3,33983	-9
3,34050	-9
3,34117	-9
3,34183	-9
3,34250	-9
3,34317	-9
3,34383	-9
3,34450	-9
3,34517	-10
3,34583	-10
3,34650	-10
3,34717	-10
3,34783	-11
3,34850	-11
3,34917	-11
3,34983	-12
3,35050	-12
3,35117	-12
3,35183	-12
3,35250	-12
3,35317	-12
3,35383	-12
3,35450	-12
3,35517	-12
3,35583	-11
3,35650	-11
3,35717	-11
3,35783	-11
3,35850	-11
3,35917	-11
3,35983	-11
3,36050	-12
3,36117	-12
3,36183	-12
3,36250	-12
3,36317	-12
3,36383	-13
3,36450	-13
3,36517	-13
3,36583	-13
3,36650	-14
3,36717	-14
3,36783	-14
3,36850	-14
3,36917	-13
3,36983	-13
3,37050	-13
3,37117	-13
3,37183	-13
3,37250	-12
3,37317	-12
3,37383	-12
3,37450	-12
3,37517	-12
3,37583	-12
3,37650	-12
3,37717	-12
3,37783	-12
3,37850	-12
3,37917	-12
3,37983	-13
3,38050	-13
3,38117	-13
3,38183	-13
3,38250	-14
3,38317	-14
3,38383	-14
3,38450	-14
3,38517	-14
3,38583	-14
3,38650	-14
3,38717	-14
3,38783	-13
3,38850	-13
3,38917	-13
3,38983	-13
3,39050	-13
3,39117	-14
3,39183	-14
3,39250	-14
3,39317	-14
3,39383	-13
3,39450	-13
3,39517	-13
3,39583	-13
3,39650	-13
3,39717	-12
3,39783	-12
3,39850	-12
3,39917	-12
3,39983	-11
3,40050	-11
3,40117	-11
3,40183	-11
3,40250	-11
3,40317	-10
3,40383	-10
3,40450	-10
3,40517	-10
3,40583	-9
3,40650	-9
3,40717	-9
3,40783	-9
3,40850	-8
3,40917	-8
3,40983	-8
3,41050	-8
3,41117	-8
3,41183	-8
3,41250	-8
3,41317	-8
3,41383	-8
3,41450	-8
3,41517	-8
3,41583	-8
3,41650	-8
3,41717	-8
3,41783	-8
3,41850	-8
3,41917	-8
3,41983	-8
3,42050	-8
3,42117	-8
3,42183	-8
3,42250	-7
3,42317	-7
3,42383	-7
3,42450	-7
3,42517	-7
3,42583	-7
3,42650	-7
3,42717	-6
3,42783	-6
3,42850	-6
3,42917	-6
3,42983	-6
3,43050	-6
3,43117	-6
3,43183	-6
3,43250	-6
3,43317	-7
3,43383	-7
3,43450	-7
3,43517	-7
3,43583	-8
3,43650	-8
3,43717	-8
3,43783	-8
3,43850	-8
3,43917	-9
3,43983	-9
3,44050	-9
3,44117	-9
3,44183	-9
3,44250	-9
3,44317	-10
3,44383	-10
3,44450	-10
3,44517	-10
3,44583	-10
3,44650	-10
3,44717	-10
3,44783	-10
3,44850	-10
3,44917	-10
3,44983	-10
3,45050	-10
3,45117	-10
3,45183	-10
3,45250	-10
3,45317	-10
3,45383	-10
3,45450	-10
3,45517	-10
3,45583	-11
3,45650	-11
3,45717	-11
3,45783	-11
3,45850	-11
3,45917	-11
3,45983	-11
3,46050	-12
3,46117	-12
3,46183	-12
3,46250	-12
3,46317	-12
3,46383	-12
3,46450	-12
3,46517	-12
3,46583	-12
3,46650	-12
3,46717	-12
3,46783	-12
3,46850	-12
3,46917	-12
3,46983	-12
3,47050	-12
3,47117	-11
3,47183	-11
3,47250	-11
3,47317	-10
3,47383	-10
3,47450	-10
3,47517	-10
3,47583	-10
3,47650	-10
3,47717	-10
3,47783	-10
3,47850	-10
3,47917	-10
3,47983	-10
3,48050	-10
3,48117	-10
3,48183	-10
3,48250	-10
3,48317	-10
3,48383	-10
3,48450	-9
3,48517	-9
3,48583	-8
3,48650	-8
3,48717	-7
3,48783	-7
3,48850	-6
3,48917	-6
3,48983	-5
3,49050	-4
3,49117	-3
3,49183	-2
3,49250	-1
3,49317	0
3,49383	1
3,49450	2
3,49517	2
3,49583	3
3,49650	4
3,49717	5
3,49783	6
3,49850	7
3,49917	9
3,49983	10
3,50050	11
3,50117	11
3,50183	12
3,50250	13
3,50317	14
3,50383	14
3,50450	15
3,50517	16
3,50583	16
3,50650	16
3,50717	16
3,50783	16
3,50850	16
3,50917	16
3,50983	16
3,51050	16
3,51117	16
3,51183	16
3,51250	16
3,51317	16
3,51383	15
3,51450	15
3,51517	15
3,51583	14
3,51650	14
3,51717	13
3,51783	13
3,51850	12
3,51917	12
3,51983	11
3,52050	11
3,52117	10
3,52183	10
3,52250	9
3,52317	9
3,52383	9
3,52450	8
3,52517	8
3,52583	8
3,52650	7
3,52717	7
3,52783	7
3,52850	6
3,52917	6
3,52983	6
3,53050	5
3,53117	5
3,53183	5
3,53250	5
3,53317	5
3,53383	4
3,53450	4
3,53517	4
3,53583	4
3,53650	4
3,53717	4
3,53783	4
3,53850	4
3,53917	4
3,53983	4
3,54050	4
3,54117	5
3,54183	5
3,54250	5
3,54317	5
3,54383	6
3,54450	6
3,54517	7
3,54583	8
3,54650	10
3,54717	11
3,54783	13
3,54850	15
3,54917	17
3,54983	19
3,55050	22
3,55117	24
3,55183	27
3,55250	30
3,55317	32
3,55383	35
3,55450	37
3,55517	40
3,55583	42
3,55650	44
3,55717	46
3,55783	48
3,55850	49
3,55917	50
3,55983	51
3,56050	52
3,56117	52
3,56183	52
3,56250	52
3,56317	51
3,56383	51
3,56450	50
3,56517	49
3,56583	48
3,56650	47
3,56717	46
3,56783	45
3,56850	44
3,56917	43
3,56983	41
3,57050	40
3,57117	39
3,57183	38
3,57250	37
3,57317	36
3,57383	35
3,57450	34
3,57517	34
3,57583	33
3,57650	33
3,57717	32
3,57783	32
3,57850	32
3,57917	32
3,57983	31
3,58050	31
3,58117	31
3,58183	31
3,58250	30
3,58317	30
3,58383	29
3,58450	29
3,58517	28
3,58583	27
3,58650	27
3,58717	26
3,58783	25
3,58850	23
3,58917	22
3,58983	21
3,59050	19
3,59117	18
3,59183	16
3,59250	15
3,59317	13
3,59383	12
3,59450	10
3,59517	9
3,59583	7
3,59650	6
3,59717	4
3,59783	3
3,59850	2
3,59917	1
3,59983	0
3,60050	-1
3,60117	-1
3,60183	-2
3,60250	-2
3,60317	-2
3,60383	-3
3,60450	-3
3,60517	-4
3,60583	-4
3,60650	-5
3,60717	-5
3,60783	-5
3,60850	-6
3,60917	-6
3,60983	-6
3,61050	-7
3,61117	-7
3,61183	-7
3,61250	-8
3,61317	-8
3,61383	-8
3,61450	-9
3,61517	-9
3,61583	-9
3,61650	-10
3,61717	-10
3,61783	-10
3,61850	-10
3,61917	-10
3,61983	-10
3,62050	-10
3,62117	-10
3,62183	-10
3,62250	-10
3,62317	-10
3,62383	-10
3,62450	-10
3,62517	-10
3,62583	-11
3,62650	-11
3,62717	-11
3,62783	-11
3,62850	-12
3,62917	-11
3,62983	-11
3,63050	-11
3,63117	-11
3,63183	-11
3,63250	-11
3,63317	-11
3,63383	-11
3,63450	-11
3,63517	-11
3,63583	-10
3,63650	-10
3,63717	-9
3,63783	-9
3,63850	-8
3,63917	-7
3,63983	-6
3,64050	-6
3,64117	-5
3,64183	-4
3,64250	-3
3,64317	-2
3,64383	-1
3,64450	0
3,64517	1
3,64583	1
3,64650	2
3,64717	3
3,64783	3
3,64850	4
3,64917	4
3,64983	5
3,65050	5
3,65117	6
3,65183	6
3,65250	7
3,65317	7
3,65383	8
3,65450	8
3,65517	8
3,65583	9
3,65650	9
3,65717	9
3,65783	9
3,65850	9
3,65917	8
3,65983	8
3,66050	7
3,66117	7
3,66183	6
3,66250	5
3,66317	5
3,66383	4
3,66450	3
3,66517	2
3,66583	2
3,66650	1
3,66717	0
3,66783	-0
3,66850	-1
3,66917	-2
3,66983	-2
3,67050	-3
3,67117	-3
3,67183	-4
3,67250	-4
3,67317	-5
3,67383	-5
3,67450	-6
3,67517	-6
3,67583	-7
3,67650	-7
3,67717	-8
3,67783	-8
3,67850	-8
3,67917	-9
3,67983	-9
3,68050	-9
3,68117	-9
3,68183	-9
3,68250	-9
3,68317	-9
3,68383	-9
3,68450	-9
3,68517	-9
3,68583	-9
3,68650	-9
3,68717	-8
3,68783	-8
3,68850	-8
3,68917	-8
3,68983	-8
3,69050	-8
3,69117	-8
3,69183	-8
3,69250	-8
3,69317	-8
3,69383	-8
3,69450	-8
3,69517	-8
3,69583	-8
3,69650	-8
3,69717	-8
3,69783	-8
3,69850	-8
3,69917	-8
3,69983	-8
3,70050	-8
3,70117	-8
3,70183	-8
3,70250	-8
3,70317	-8
3,70383	-8
3,70450	-7
3,70517	-7
3,70583	-7
3,70650	-7
3,70717	-7
3,70783	-7
3,70850	-7
3,70917	-7
3,70983	-7
3,71050	-7
3,71117	-7
3,71183	-7
3,71250	-7
3,71317	-7
3,71383	-7
3,71450	-7
3,71517	-7
3,71583	-7
3,71650	-7
3,71717	-7
3,71783	-7
3,71850	-7
3,71917	-7
3,71983	-7
3,72050	-7
3,72117	-7
3,72183	-7
3,72250	-7
3,72317	-6
3,72383	-6
3,72450	-6
3,72517	-6
3,72583	-6
3,72650	-6
3,72717	-5
3,72783	-5
3,72850	-4
3,72917	-4
3,72983	-4
3,73050	-4
3,73117	-3
3,73183	-3
3,73250	-3
3,73317	-3
3,73383	-3
3,73450	-3
3,73517	-3
3,73583	-3
3,73650	-3
3,73717	-3
3,73783	-3
3,73850	-3
3,73917	-3
3,73983	-3
3,74050	-3
3,74117	-4
3,74183	-4
3,74250	-4
3,74317	-4
3,74383	-4
3,74450	-5
3,74517	-5
3,74583	-5
3,74650	-5
3,74717	-5
3,74783	-5
3,74850	-5
3,74917	-6
3,74983	-6
3,75050	-6
3,75117	-6
3,75183	-7
3,75250	-7
3,75317	-8
3,75383	-8
3,75450	-9
3,75517	-9
3,75583	-10
3,75650	-10
3,75717	-11
3,75783	-11
3,75850	-12
3,75917	-12
3,75983	-12
3,76050	-13
3,76117	-13
3,76183	-13
3,76250	-13
3,76317	-13
3,76383	-12
3,76450	-12
3,76517	-12
3,76583	-12
3,76650	-12
3,76717	-11
3,76783	-11
3,76850	-11
3,76917	-11
3,76983	-10
3,77050	-10
3,77117	-10
3,77183	-10
3,77250	-10
3,77317	-10
3,77383	-10
3,77450	-10
3,77517	-11
3,77583	-11
3,77650	-11
3,77717	-10
3,77783	-10
3,77850	-10
3,77917	-10
3,77983	-10
3,78050	-10
3,78117	-9
3,78183	-9
3,78250	-9
3,78317	-8
3,78383	-8
3,78450	-8
3,78517	-8
3,78583	-8
3,78650	-7
3,78717	-7
3,78783	-7
3,78850	-7
3,78917	-7
3,78983	-7
3,79050	-6
3,79117	-6
3,79183	-6
3,79250	-6
3,79317	-6
3,79383	-6
3,79450	-7
3,79517	-7
3,79583	-7
3,79650	-7
3,79717	-8
3,79783	-8
3,79850	-8
3,79917	-9
3,79983	-9
3,80050	-9
3,80117	-9
3,80183	-9
3,80250	-9
3,80317	-9
3,80383	-9
3,80450	-10
3,80517	-10
3,80583	-10
3,80650	-10
3,80717	-10
3,80783	-10
3,80850	-10
3,80917	-10
3,80983	-10
3,81050	-10
3,81117	-10
3,81183	-10
3,81250	-9
3,81317	-9
3,81383	-9
3,81450	-9
3,81517	-8
3,81583	-8
3,81650	-8
3,81717	-8
3,81783	-8
3,81850	-8
3,81917	-8
3,81983	-8
3,82050	-8
3,82117	-8
3,82183	-7
3,82250	-7
3,82317	-7
3,82383	-6
3,82450	-6
3,82517	-5
3,82583	-5
3,82650	-5
3,82717	-5
3,82783	-4
3,82850	-4
3,82917	-4
3,82983	-4
3,83050	-4
3,83117	-4
3,83183	-4
3,83250	-5
3,83317	-5
3,83383	-5
3,83450	-6
3,83517	-6
3,83583	-7
3,83650	-8
3,83717	-8
3,83783	-9
3,83850	-9
3,83917	-9
3,83983	-10
3,84050	-10
3,84117	-11
3,84183	-11
3,84250	-11
3,84317	-11
3,84383	-11
3,84450	-11
3,84517	-11
3,84583	-11
3,84650	-11
3,84717	-11
3,84783	-11
3,84850	-11
3,84917	-11
3,84983	-11
3,85050	-11
3,85117	-12
3,85183	-12
3,85250	-12
3,85317	-12
3,85383	-12
3,85450	-12
3,85517	-12
3,85583	-12
3,85650	-12
3,85717	-12
3,85783	-12
3,85850	-12
3,85917	-12
3,85983	-12
3,86050	-12
3,86117	-12
3,86183	-12
3,86250	-12
3,86317	-12
3,86383	-12
3,86450	-12
3,86517	-12
3,86583	-12
3,86650	-12
3,86717	-12
3,86783	-11
3,86850	-11
3,86917	-11
3,86983	-11
3,87050	-11
3,87117	-10
3,87183	-10
3,87250	-10
3,87317	-9
3,87383	-9
3,87450	-8
3,87517	-6
3,87583	-4
3,87650	-1
3,87717	4
3,87783	12
3,87850	22
3,87917	38
3,87983	60
3,88050	92
3,88117	138
3,88183	202
3,88250	291
3,88317	416
3,88383	589
3,88450	826
3,88517	1145
3,88583	1570
3,88650	2127
3,88717	2849
3,88783	3770
3,88850	4930
3,88917	6371
3,88983	8134
3,89050	10265
3,89117	12813
3,89183	15830
3,89250	19362
3,89317	23460
3,89383	28170
3,89450	33551
3,89517	39653
3,89583	46528
3,89650	54211
3,89717	62747
3,89783	72156
3,89850	82466
3,89917	93679
3,89983	105776
3,90050	118726
3,90117	132518
3,90183	147130
3,90250	162537
3,90317	178691
3,90383	195556
3,90450	213065
3,90517	231085
3,90583	249401
3,90650	267752
3,90717	285890
3,90783	303572
3,90850	320531
3,90917	336489
3,90983	351141
3,91050	364220
3,91117	375476
3,91183	384679
3,91250	391633
3,91317	396215
3,91383	398368
3,91450	398117
3,91517	395533
3,91583	390758
3,91650	383981
3,91717	375424
3,91783	365311
3,91850	353872
3,91917	341331
3,91983	327917
3,92050	313853
3,92117	299346
3,92183	284583
3,92250	269733
3,92317	254940
3,92383	240329
3,92450	226006
3,92517	212057
3,92583	198553
3,92650	185546
3,92717	173075
3,92783	161170
3,92850	149846
3,92917	139112
3,92983	128969
3,93050	119412
3,93117	110430
3,93183	102008
3,93250	94129
3,93317	86772
3,93383	79917
3,93450	73539
3,93517	67616
3,93583	62123
3,93650	57036
3,93717	52331
3,93783	47985
3,93850	43975
3,93917	40279
3,93983	36875
3,94050	33744
3,94117	30866
3,94183	28223
3,94250	25799
3,94317	23575
3,94383	21538
3,94450	19672
3,94517	17965
3,94583	16404
3,94650	14977
3,94717	13674
3,94783	12484
3,94850	11398
3,94917	10408
3,94983	9505
3,95050	8683
3,95117	7933
3,95183	7251
3,95250	6629
3,95317	6064
3,95383	5549
3,95450	5080
3,95517	4653
3,95583	4265
3,95650	3912
3,95717	3591
3,95783	3299
3,95850	3033
3,95917	2791
3,95983	2572
3,96050	2372
3,96117	2190
3,96183	2024
3,96250	1874
3,96317	1737
3,96383	1613
3,96450	1500
3,96517	1397
3,96583	1303
3,96650	1218
3,96717	1140
3,96783	1069
3,96850	1005
3,96917	946
3,96983	892
3,97050	843
3,97117	798
3,97183	757
3,97250	720
3,97317	685
3,97383	653
3,97450	624
3,97517	597
3,97583	572
3,97650	549
3,97717	528
3,97783	508
3,97850	490
3,97917	473
3,97983	458
3,98050	443
3,98117	430
3,98183	417
3,98250	406
3,98317	395
3,98383	384
3,98450	375
3,98517	365
3,98583	357
3,98650	349
3,98717	341
3,98783	333
3,98850	326
3,98917	320
3,98983	313
3,99050	307
3,99117	302
3,99183	297
3,99250	292
3,99317	287
3,99383	282
3,99450	278
3,99517	274
3,99583	270
3,99650	266
3,99717	262
3,99783	258
3,99850	254
3,99917	251
3,99983	247
4,00050	244
4,00117	240
4,00183	237
4,00250	233
4,00317	230
4,00383	227
4,00450	224
4,00517	221
4,00583	219
4,00650	216
4,00717	213
4,00783	210
4,00850	207
4,00917	205
4,00983	202
4,01050	200
4,01117	197
4,01183	195
4,01250	192
4,01317	190
4,01383	188
4,01450	185
4,01517	183
4,01583	181
4,01650	179
4,01717	177
4,01783	175
4,01850	173
4,01917	171
4,01983	169
4,02050	168
4,02117	166
4,02183	164
4,02250	163
4,02317	162
4,02383	160
4,02450	159
4,02517	157
4,02583	156
4,02650	155
4,02717	153
4,02783	152
4,02850	151
4,02917	149
4,02983	148
4,03050	146
4,03117	144
4,03183	143
4,03250	141
4,03317	140
4,03383	139
4,03450	137
4,03517	136
4,03583	135
4,03650	134
4,03717	133
4,03783	132
4,03850	131
4,03917	130
4,03983	129
4,04050	128
4,04117	127
4,04183	126
4,04250	125
4,04317	124
4,04383	123
4,04450	122
4,04517	121
4,04583	119
4,04650	118
4,04717	117
4,04783	116
4,04850	115
4,04917	114
4,04983	113
4,05050	112
4,05117	110
4,05183	109
4,05250	108
4,05317	107
4,05383	106
4,05450	105
4,05517	104
4,05583	103
4,05650	102
4,05717	102
4,05783	101
4,05850	100
4,05917	99
4,05983	98
4,06050	97
4,06117	96
4,06183	96
4,06250	95
4,06317	94
4,06383	93
4,06450	92
4,06517	91
4,06583	90
4,06650	89
4,06717	88
4,06783	86
4,06850	85
4,06917	84
4,06983	83
4,07050	82
4,07117	82
4,07183	81
4,07250	80
4,07317	79
4,07383	79
4,07450	78
4,07517	78
4,07583	77
4,07650	77
4,07717	76
4,07783	76
4,07850	76
4,07917	75
4,07983	75
4,08050	74
4,08117	74
4,08183	74
4,08250	73
4,08317	73
4,08383	72
4,08450	72
4,08517	71
4,08583	71
4,08650	71
4,08717	70
4,08783	70
4,08850	70
4,08917	69
4,08983	69
4,09050	69
4,09117	68
4,09183	68
4,09250	68
4,09317	68
4,09383	68
4,09450	67
4,09517	67
4,09583	67
4,09650	66
4,09717	66
4,09783	66
4,09850	65
4,09917	65
4,09983	65
4,10050	64
4,10117	64
4,10183	63
4,10250	63
4,10317	63
4,10383	62
4,10450	62
4,10517	61
4,10583	60
4,10650	60
4,10717	59
4,10783	59
4,10850	58
4,10917	58
4,10983	57
4,11050	57
4,11117	57
4,11183	56
4,11250	56
4,11317	56
4,11383	55
4,11450	55
4,11517	54
4,11583	54
4,11650	53
4,11717	53
4,11783	52
4,11850	52
4,11917	52
4,11983	52
4,12050	51
4,12117	51
4,12183	51
4,12250	51
4,12317	51
4,12383	50
4,12450	50
4,12517	50
4,12583	49
4,12650	49
4,12717	49
4,12783	49
4,12850	48
4,12917	48
4,12983	48
4,13050	48
4,13117	48
4,13183	48
4,13250	48
4,13317	47
4,13383	47
4,13450	47
4,13517	47
4,13583	47
4,13650	46
4,13717	46
4,13783	46
4,13850	46
4,13917	45
4,13983	45
4,14050	45
4,14117	45
4,14183	45
4,14250	44
4,14317	44
4,14383	44
4,14450	43
4,14517	43
4,14583	43
4,14650	43
4,14717	42
4,14783	42
4,14850	42
4,14917	42
4,14983	42
4,15050	42
4,15117	42
4,15183	42
4,15250	42
4,15317	41
4,15383	41
4,15450	41
4,15517	41
4,15583	41
4,15650	41
4,15717	41
4,15783	40
4,15850	40
4,15917	39
4,15983	39
4,16050	39
4,16117	38
4,16183	38
4,16250	38
4,16317	37
4,16383	37
4,16450	37
4,16517	37
4,16583	36
4,16650	36
4,16717	36
4,16783	36
4,16850	36
4,16917	35
4,16983	35
4,17050	35
4,17117	35
4,17183	35
4,17250	35
4,17317	34
4,17383	34
4,17450	34
4,17517	34
4,17583	34
4,17650	34
4,17717	34
4,17783	34
4,17850	34
4,17917	34
4,17983	34
4,18050	34
4,18117	34
4,18183	35
4,18250	34
4,18317	34
4,18383	34
4,18450	34
4,18517	34
4,18583	34
4,18650	34
4,18717	34
4,18783	34
4,18850	34
4,18917	34
4,18983	34
4,19050	34
4,19117	33
4,19183	33
4,19250	33
4,19317	32
4,19383	32
4,19450	32
4,19517	31
4,19583	31
4,19650	31
4,19717	30
4,19783	30
4,19850	30
4,19917	30
4,19983	29
4,20050	29
4,20117	28
4,20183	28
4,20250	28
4,20317	27
4,20383	27
4,20450	26
4,20517	26
4,20583	26
4,20650	26
4,20717	26
4,20783	26
4,20850	25
4,20917	25
4,20983	25
4,21050	25
4,21117	24
4,21183	24
4,21250	24
4,21317	23
4,21383	23
4,21450	23
4,21517	22
4,21583	22
4,21650	22
4,21717	22
4,21783	21
4,21850	21
4,21917	21
4,21983	21
4,22050	22
4,22117	21
4,22183	21
4,22250	21
4,22317	21
4,22383	21
4,22450	21
4,22517	21
4,22583	21
4,22650	21
4,22717	21
4,22783	22
4,22850	22
4,22917	22
4,22983	23
4,23050	23
4,23117	23
4,23183	23
4,23250	23
4,23317	23
4,23383	23
4,23450	23
4,23517	23
4,23583	23
4,23650	23
4,23717	23
4,23783	23
4,23850	23
4,23917	24
4,23983	24
4,24050	24
4,24117	24
4,24183	24
4,24250	24
4,24317	24
4,24383	24
4,24450	24
4,24517	24
4,24583	24
4,24650	24
4,24717	24
4,24783	24
4,24850	24
4,24917	24
4,24983	23
4,25050	23
4,25117	23
4,25183	23
4,25250	23
4,25317	23
4,25383	22
4,25450	22
4,25517	22
4,25583	22
4,25650	22
4,25717	22
4,25783	21
4,25850	21
4,25917	21
4,25983	21
4,26050	21
4,26117	21
4,26183	21
4,26250	21
4,26317	21
4,26383	21
4,26450	21
4,26517	21
4,26583	21
4,26650	21
4,26717	21
4,26783	21
4,26850	21
4,26917	21
4,26983	21
4,27050	21
4,27117	22
4,27183	22
4,27250	22
4,27317	22
4,27383	22
4,27450	21
4,27517	21
4,27583	21
4,27650	21
4,27717	21
4,27783	20
4,27850	20
4,27917	20
4,27983	20
4,28050	20
4,28117	20
4,28183	19
4,28250	19
4,28317	19
4,28383	19
4,28450	19
4,28517	19
4,28583	18
4,28650	18
4,28717	18
4,28783	18
4,28850	18
4,28917	18
4,28983	18
4,29050	18
4,29117	18
4,29183	18
4,29250	18
4,29317	18
4,29383	18
4,29450	19
4,29517	19
4,29583	19
4,29650	19
4,29717	19
4,29783	19
4,29850	19
4,29917	19
4,29983	19
4,30050	18
4,30117	18
4,30183	18
4,30250	18
4,30317	18
4,30383	18
4,30450	18
4,30517	19
4,30583	19
4,30650	19
4,30717	18
4,30783	18
4,30850	18
4,30917	18
4,30983	18
4,31050	18
4,31117	18
4,31183	18
4,31250	18
4,31317	18
4,31383	19
4,31450	19
4,31517	19
4,31583	19
4,31650	19
4,31717	19
4,31783	20
4,31850	20
4,31917	20
4,31983	21
4,32050	21
4,32117	21
4,32183	21
4,32250	21
4,32317	21
4,32383	22
4,32450	21
4,32517	21
4,32583	21
4,32650	20
4,32717	20
4,32783	19
4,32850	19
4,32917	18
4,32983	18
4,33050	18
4,33117	17
4,33183	17
4,33250	17
4,33317	17
4,33383	17
4,33450	17
4,33517	17
4,33583	17
4,33650	16
4,33717	16
4,33783	16
4,33850	16
4,33917	16
4,33983	15
4,34050	15
4,34117	15
4,34183	15
4,34250	15
4,34317	15
4,34383	15
4,34450	15
4,34517	15
4,34583	15
4,34650	15
4,34717	15
4,34783	15
4,34850	14
4,34917	14
4,34983	14
4,35050	14
4,35117	13
4,35183	13
4,35250	12
4,35317	12
4,35383	12
4,35450	12
4,35517	12
4,35583	12
4,35650	12
4,35717	12
4,35783	13
4,35850	13
4,35917	13
4,35983	13
4,36050	14
4,36117	14
4,36183	14
4,36250	15
4,36317	15
4,36383	15
4,36450	16
4,36517	16
4,36583	16
4,36650	16
4,36717	17
4,36783	17
4,36850	17
4,36917	17
4,36983	17
4,37050	18
4,37117	18
4,37183	18
4,37250	18
4,37317	18
4,37383	19
4,37450	19
4,37517	19
4,37583	20
4,37650	20
4,37717	21
4,37783	21
4,37850	22
4,37917	23
4,37983	24
4,38050	25
4,38117	26
4,38183	27
4,38250	28
4,38317	30
4,38383	31
4,38450	33
4,38517	35
4,38583	37
4,38650	39
4,38717	41
4,38783	43
4,38850	46
4,38917	48
4,38983	51
4,39050	53
4,39117	55
4,39183	58
4,39250	60
4,39317	62
4,39383	64
4,39450	67
4,39517	69
4,39583	71
4,39650	73
4,39717	75
4,39783	76
4,39850	78
4,39917	80
4,39983	81
4,40050	82
4,40117	83
4,40183	84
4,40250	85
4,40317	85
4,40383	86
4,40450	86
4,40517	86
4,40583	86
4,40650	86
4,40717	86
4,40783	86
4,40850	86
4,40917	86
4,40983	85
4,41050	85
4,41117	84
4,41183	84
4,41250	84
4,41317	83
4,41383	82
4,41450	82
4,41517	81
4,41583	81
4,41650	80
4,41717	80
4,41783	79
4,41850	78
4,41917	78
4,41983	77
4,42050	76
4,42117	76
4,42183	75
4,42250	74
4,42317	74
4,42383	73
4,42450	72
4,42517	71
4,42583	71
4,42650	70
4,42717	69
4,42783	69
4,42850	68
4,42917	67
4,42983	67
4,43050	66
4,43117	65
4,43183	64
4,43250	64
4,43317	63
4,43383	62
4,43450	61
4,43517	61
4,43583	60
4,43650	59
4,43717	58
4,43783	58
4,43850	57
4,43917	56
4,43983	55
4,44050	54
4,44117	53
4,44183	53
4,44250	52
4,44317	51
4,44383	50
4,44450	49
4,44517	48
4,44583	47
4,44650	46
4,44717	45
4,44783	44
4,44850	43
4,44917	43
4,44983	42
4,45050	41
4,45117	40
4,45183	39
4,45250	38
4,45317	37
4,45383	36
4,45450	36
4,45517	35
4,45583	34
4,45650	33
4,45717	33
4,45783	32
4,45850	32
4,45917	31
4,45983	31
4,46050	31
4,46117	30
4,46183	30
4,46250	30
4,46317	29
4,46383	29
4,46450	29
4,46517	28
4,46583	28
4,46650	27
4,46717	27
4,46783	26
4,46850	26
4,46917	26
4,46983	25
4,47050	25
4,47117	25
4,47183	24
4,47250	24
4,47317	24
4,47383	24
4,47450	23
4,47517	23
4,47583	23
4,47650	23
4,47717	23
4,47783	23
4,47850	22
4,47917	22
4,47983	21
4,48050	21
4,48117	21
4,48183	20
4,48250	20
4,48317	20
4,48383	20
4,48450	20
4,48517	19
4,48583	19
4,48650	19
4,48717	19
4,48783	19
4,48850	19
4,48917	19
4,48983	19
4,49050	19
4,49117	19
4,49183	19
4,49250	19
4,49317	19
4,49383	19
4,49450	19
4,49517	19
4,49583	19
4,49650	19
4,49717	19
4,49783	18
4,49850	18
4,49917	18
4,49983	18
4,50050	18
4,50117	17
4,50183	17
4,50250	17
4,50317	17
4,50383	17
4,50450	17
4,50517	17
4,50583	17
4,50650	17
4,50717	17
4,50783	17
4,50850	17
4,50917	17
4,50983	17
4,51050	18
4,51117	18
4,51183	18
4,51250	18
4,51317	18
4,51383	18
4,51450	19
4,51517	19
4,51583	19
4,51650	19
4,51717	19
4,51783	18
4,51850	18
4,51917	18
4,51983	18
4,52050	18
4,52117	18
4,52183	18
4,52250	17
4,52317	17
4,52383	17
4,52450	17
4,52517	17
4,52583	16
4,52650	16
4,52717	16
4,52783	16
4,52850	16
4,52917	16
4,52983	16
4,53050	16
4,53117	16
4,53183	17
4,53250	17
4,53317	17
4,53383	17
4,53450	17
4,53517	16
4,53583	16
4,53650	16
4,53717	16
4,53783	17
4,53850	17
4,53917	17
4,53983	17
4,54050	17
4,54117	17
4,54183	17
4,54250	17
4,54317	17
4,54383	17
4,54450	17
4,54517	18
4,54583	18
4,54650	18
4,54717	18
4,54783	18
4,54850	18
4,54917	18
4,54983	18
4,55050	17
4,55117	17
4,55183	17
4,55250	17
4,55317	16
4,55383	16
4,55450	16
4,55517	16
4,55583	16
4,55650	16
4,55717	16
4,55783	16
4,55850	16
4,55917	17
4,55983	17
4,56050	17
4,56117	17
4,56183	17
4,56250	17
4,56317	17
4,56383	17
4,56450	17
4,56517	17
4,56583	17
4,56650	17
4,56717	17
4,56783	18
4,56850	18
4,56917	19
4,56983	19
4,57050	20
4,57117	20
4,57183	21
4,57250	21
4,57317	22
4,57383	22
4,57450	23
4,57517	23
4,57583	24
4,57650	24
4,57717	24
4,57783	24
4,57850	24
4,57917	24
4,57983	25
4,58050	25
4,58117	25
4,58183	25
4,58250	26
4,58317	26
4,58383	26
4,58450	25
4,58517	25
4,58583	25
4,58650	24
4,58717	24
4,58783	23
4,58850	22
4,58917	22
4,58983	21
4,59050	21
4,59117	20
4,59183	20
4,59250	20
4,59317	19
4,59383	19
4,59450	18
4,59517	18
4,59583	18
4,59650	17
4,59717	17
4,59783	16
4,59850	16
4,59917	16
4,59983	16
4,60050	15
4,60117	15
4,60183	15
4,60250	15
4,60317	14
4,60383	14
4,60450	14
4,60517	13
4,60583	13
4,60650	13
4,60717	12
4,60783	12
4,60850	12
4,60917	11
4,60983	11
4,61050	11
4,61117	11
4,61183	11
4,61250	11
4,61317	11
4,61383	11
4,61450	11
4,61517	11
4,61583	11
4,61650	11
4,61717	11
4,61783	11
4,61850	11
4,61917	11
4,61983	11
4,62050	11
4,62117	11
4,62183	11
4,62250	11
4,62317	11
4,62383	12
4,62450	12
4,62517	12
4,62583	12
4,62650	12
4,62717	12
4,62783	12
4,62850	12
4,62917	12
4,62983	11
4,63050	11
4,63117	11
4,63183	11
4,63250	11
4,63317	11
4,63383	11
4,63450	11
4,63517	11
4,63583	11
4,63650	11
4,63717	11
4,63783	11
4,63850	11
4,63917	11
4,63983	11
4,64050	11
4,64117	11
4,64183	11
4,64250	11
4,64317	11
4,64383	11
4,64450	12
4,64517	12
4,64583	12
4,64650	13
4,64717	13
4,64783	13
4,64850	13
4,64917	14
4,64983	14
4,65050	14
4,65117	14
4,65183	14
4,65250	14
4,65317	14
4,65383	14
4,65450	14
4,65517	14
4,65583	14
4,65650	14
4,65717	13
4,65783	13
4,65850	13
4,65917	13
4,65983	12
4,66050	12
4,66117	12
4,66183	12
4,66250	12
4,66317	12
4,66383	12
4,66450	12
4,66517	12
4,66583	12
4,66650	13
4,66717	13
4,66783	13
4,66850	14
4,66917	14
4,66983	14
4,67050	14
4,67117	14
4,67183	14
4,67250	14
4,67317	15
4,67383	15
4,67450	15
4,67517	15
4,67583	15
4,67650	15
4,67717	15
4,67783	15
4,67850	14
4,67917	14
4,67983	14
4,68050	13
4,68117	13
4,68183	13
4,68250	13
4,68317	12
4,68383	12
4,68450	12
4,68517	12
4,68583	12
4,68650	12
4,68717	11
4,68783	11
4,68850	11
4,68917	11
4,68983	11
4,69050	11
4,69117	11
4,69183	10
4,69250	10
4,69317	10
4,69383	10
4,69450	9
4,69517	9
4,69583	9
4,69650	9
4,69717	9
4,69783	9
4,69850	9
4,69917	9
4,69983	9
4,70050	9
4,70117	9
4,70183	9
4,70250	9
4,70317	9
4,70383	9
4,70450	9
4,70517	9
4,70583	9
4,70650	9
4,70717	9
4,70783	9
4,70850	9
4,70917	10
4,70983	10
4,71050	10
4,71117	10
4,71183	10
4,71250	10
4,71317	10
4,71383	10
4,71450	10
4,71517	11
4,71583	11
4,71650	11
4,71717	11
4,71783	11
4,71850	11
4,71917	11
4,71983	11
4,72050	11
4,72117	11
4,72183	11
4,72250	11
4,72317	11
4,72383	11
4,72450	11
4,72517	11
4,72583	11
4,72650	11
4,72717	11
4,72783	11
4,72850	11
4,72917	11
4,72983	11
4,73050	11
4,73117	10
4,73183	10
4,73250	10
4,73317	10
4,73383	10
4,73450	10
4,73517	10
4,73583	10
4,73650	10
4,73717	10
4,73783	10
4,73850	10
4,73917	10
4,73983	10
4,74050	10
4,74117	11
4,74183	11
4,74250	11
4,74317	11
4,74383	12
4,74450	12
4,74517	12
4,74583	13
4,74650	14
4,74717	15
4,74783	15
4,74850	16
4,74917	18
4,74983	19
4,75050	20
4,75117	21
4,75183	23
4,75250	24
4,75317	25
4,75383	27
4,75450	28
4,75517	29
4,75583	30
4,75650	31
4,75717	32
4,75783	33
4,75850	34
4,75917	34
4,75983	35
4,76050	36
4,76117	36
4,76183	37
4,76250	38
4,76317	38
4,76383	38
4,76450	39
4,76517	39
4,76583	39
4,76650	39
4,76717	39
4,76783	39
4,76850	39
4,76917	38
4,76983	38
4,77050	37
4,77117	37
4,77183	36
4,77250	35
4,77317	35
4,77383	34
4,77450	33
4,77517	33
4,77583	32
4,77650	31
4,77717	30
4,77783	29
4,77850	29
4,77917	28
4,77983	27
4,78050	26
4,78117	26
4,78183	25
4,78250	24
4,78317	23
4,78383	22
4,78450	22
4,78517	21
4,78583	20
4,78650	20
4,78717	19
4,78783	19
4,78850	18
4,78917	18
4,78983	18
4,79050	17
4,79117	17
4,79183	17
4,79250	16
4,79317	16
4,79383	16
4,79450	16
4,79517	15
4,79583	15
4,79650	14
4,79717	14
4,79783	13
4,79850	13
4,79917	12
4,79983	12
4,80050	11
4,80117	11
4,80183	11
4,80250	11
4,80317	10
4,80383	10
4,80450	10
4,80517	9
4,80583	9
4,80650	8
4,80717	8
4,80783	8
4,80850	8
4,80917	7
4,80983	7
4,81050	7
4,81117	6
4,81183	6
4,81250	6
4,81317	5
4,81383	5
4,81450	5
4,81517	4
4,81583	4
4,81650	4
4,81717	4
4,81783	4
4,81850	4
4,81917	3
4,81983	3
4,82050	3
4,82117	3
4,82183	3
4,82250	3
4,82317	3
4,82383	3
4,82450	3
4,82517	4
4,82583	4
4,82650	4
4,82717	4
4,82783	4
4,82850	4
4,82917	4
4,82983	4
4,83050	4
4,83117	4
4,83183	3
4,83250	3
4,83317	3
4,83383	2
4,83450	2
4,83517	2
4,83583	2
4,83650	2
4,83717	2
4,83783	2
4,83850	2
4,83917	2
4,83983	2
4,84050	2
4,84117	3
4,84183	3
4,84250	3
4,84317	3
4,84383	3
4,84450	4
4,84517	4
4,84583	4
4,84650	4
4,84717	4
4,84783	4
4,84850	4
4,84917	4
4,84983	5
4,85050	5
4,85117	5
4,85183	6
4,85250	6
4,85317	7
4,85383	7
4,85450	8
4,85517	8
4,85583	9
4,85650	9
4,85717	10
4,85783	11
4,85850	11
4,85917	12
4,85983	12
4,86050	13
4,86117	14
4,86183	15
4,86250	15
4,86317	16
4,86383	17
4,86450	17
4,86517	17
4,86583	18
4,86650	18
4,86717	18
4,86783	17
4,86850	17
4,86917	17
4,86983	17
4,87050	17
4,87117	16
4,87183	16
4,87250	16
4,87317	16
4,87383	15
4,87450	15
4,87517	15
4,87583	14
4,87650	14
4,87717	13
4,87783	13
4,87850	12
4,87917	12
4,87983	11
4,88050	11
4,88117	10
4,88183	10
4,88250	10
4,88317	9
4,88383	9
4,88450	9
4,88517	9
4,88583	9
4,88650	9
4,88717	9
4,88783	9
4,88850	8
4,88917	8
4,88983	8
4,89050	8
4,89117	8
4,89183	8
4,89250	7
4,89317	7
4,89383	7
4,89450	6
4,89517	6
4,89583	6
4,89650	5
4,89717	5
4,89783	4
4,89850	4
4,89917	3
4,89983	3
4,90050	3
4,90117	3
4,90183	2
4,90250	2
4,90317	2
4,90383	2
4,90450	2
4,90517	2
4,90583	2
4,90650	2
4,90717	2
4,90783	2
4,90850	2
4,90917	2
4,90983	2
4,91050	2
4,91117	2
4,91183	2
4,91250	2
4,91317	2
4,91383	2
4,91450	2
4,91517	2
4,91583	2
4,91650	2
4,91717	2
4,91783	2
4,91850	2
4,91917	2
4,91983	2
4,92050	2
4,92117	3
4,92183	3
4,92250	3
4,92317	3
4,92383	3
4,92450	3
4,92517	3
4,92583	3
4,92650	4
4,92717	4
4,92783	4
4,92850	4
4,92917	4
4,92983	4
4,93050	4
4,93117	4
4,93183	4
4,93250	4
4,93317	4
4,93383	4
4,93450	4
4,93517	4
4,93583	4
4,93650	4
4,93717	4
4,93783	3
4,93850	3
4,93917	3
4,93983	3
4,94050	3
4,94117	2
4,94183	2
4,94250	2
4,94317	2
4,94383	2
4,94450	1
4,94517	1
4,94583	1
4,94650	0
4,94717	0
4,94783	0
4,94850	0
4,94917	0
4,94983	0
4,95050	0
4,95117	0
4,95183	0
4,95250	0
4,95317	0
4,95383	-0
4,95450	-0
4,95517	-0
4,95583	-0
4,95650	0
4,95717	-0
4,95783	-0
4,95850	-0
4,95917	-0
4,95983	-0
4,96050	-1
4,96117	-1
4,96183	-1
4,96250	-1
4,96317	-1
4,96383	-1
4,96450	-1
4,96517	-0
4,96583	-0
4,96650	-0
4,96717	-0
4,96783	0
4,96850	0
4,96917	0
4,96983	0
4,97050	0
4,97117	1
4,97183	1
4,97250	1
4,97317	2
4,97383	2
4,97450	3
4,97517	3
4,97583	4
4,97650	4
4,97717	4
4,97783	5
4,97850	5
4,97917	5
4,97983	4
4,98050	4
4,98117	4
4,98183	4
4,98250	4
4,98317	4
4,98383	3
4,98450	3
4,98517	3
4,98583	3
4,98650	3
4,98717	3
4,98783	3
4,98850	3
4,98917	2
4,98983	2
4,99050	2
4,99117	2
4,99183	2
4,99250	3
4,99317	3
4,99383	4
4,99450	5
4,99517	6
4,99583	7
4,99650	9
4,99717	11
4,99783	13
4,99850	16
4,99917	19
4,99983	22
5,00050	25
5,00117	29
5,00183	32
5,00250	36
5,00317	40
5,00383	44
5,00450	48
5,00517	52
5,00583	56
5,00650	59
5,00717	62
5,00783	66
5,00850	69
5,00917	71
5,00983	74
5,01050	75
5,01117	77
5,01183	78
5,01250	79
5,01317	80
5,01383	80
5,01450	80
5,01517	80
5,01583	80
5,01650	79
5,01717	78
5,01783	77
5,01850	76
5,01917	74
5,01983	73
5,02050	71
5,02117	69
5,02183	67
5,02250	65
5,02317	62
5,02383	60
5,02450	58
5,02517	56
5,02583	54
5,02650	51
5,02717	49
5,02783	46
5,02850	44
5,02917	42
5,02983	40
5,03050	38
5,03117	36
5,03183	34
5,03250	32
5,03317	30
5,03383	28
5,03450	26
5,03517	24
5,03583	23
5,03650	21
5,03717	20
5,03783	19
5,03850	18
5,03917	16
5,03983	15
5,04050	14
5,04117	13
5,04183	12
5,04250	11
5,04317	10
5,04383	9
5,04450	8
5,04517	7
5,04583	6
5,04650	5
5,04717	5
5,04783	4
5,04850	4
5,04917	3
5,04983	3
5,05050	2
5,05117	2
5,05183	1
5,05250	1
5,05317	0
5,05383	0
5,05450	-0
5,05517	-1
5,05583	-1
5,05650	-1
5,05717	-0
5,05783	-0
5,05850	-0
5,05917	0
5,05983	0
5,06050	1
5,06117	1
5,06183	2
5,06250	3
5,06317	5
5,06383	7
5,06450	9
5,06517	11
5,06583	14
5,06650	17
5,06717	21
5,06783	26
5,06850	31
5,06917	37
5,06983	44
5,07050	51
5,07117	59
5,07183	67
5,07250	76
5,07317	86
5,07383	96
5,07450	106
5,07517	117
5,07583	129
5,07650	140
5,07717	151
5,07783	162
5,07850	173
5,07917	184
5,07983	194
5,08050	204
5,08117	212
5,08183	220
5,08250	227
5,08317	234
5,08383	239
5,08450	243
5,08517	245
5,08583	247
5,08650	247
5,08717	247
5,08783	245
5,08850	242
5,08917	237
5,08983	232
5,09050	226
5,09117	220
5,09183	213
5,09250	205
5,09317	197
5,09383	189
5,09450	181
5,09517	173
5,09583	164
5,09650	156
5,09717	148
5,09783	139
5,09850	132
5,09917	124
5,09983	117
5,10050	110
5,10117	103
5,10183	96
5,10250	90
5,10317	84
5,10383	79
5,10450	73
5,10517	68
5,10583	63
5,10650	59
5,10717	54
5,10783	50
5,10850	47
5,10917	43
5,10983	40
5,11050	37
5,11117	34
5,11183	32
5,11250	29
5,11317	27
5,11383	25
5,11450	23
5,11517	22
5,11583	20
5,11650	19
5,11717	18
5,11783	17
5,11850	16
5,11917	15
5,11983	15
5,12050	14
5,12117	13
5,12183	13
5,12250	13
5,12317	12
5,12383	12
5,12450	12
5,12517	12
5,12583	11
5,12650	11
5,12717	11
5,12783	11
5,12850	10
5,12917	10
5,12983	9
5,13050	9
5,13117	9
5,13183	9
5,13250	8
5,13317	8
5,13383	8
5,13450	8
5,13517	7
5,13583	7
5,13650	7
5,13717	6
5,13783	6
5,13850	5
5,13917	5
5,13983	4
5,14050	4
5,14117	3
5,14183	3
5,14250	3
5,14317	3
5,14383	3
5,14450	2
5,14517	2
5,14583	2
5,14650	3
5,14717	3
5,14783	3
5,14850	3
5,14917	4
5,14983	4
5,15050	4
5,15117	5
5,15183	5
5,15250	6
5,15317	6
5,15383	7
5,15450	8
5,15517	8
5,15583	9
5,15650	9
5,15717	9
5,15783	9
5,15850	10
5,15917	10
5,15983	10
5,16050	10
5,16117	10
5,16183	10
5,16250	10
5,16317	10
5,16383	10
5,16450	10
5,16517	10
5,16583	10
5,16650	10
5,16717	10
5,16783	10
5,16850	10
5,16917	10
5,16983	10
5,17050	9
5,17117	9
5,17183	9
5,17250	9
5,17317	8
5,17383	8
5,17450	8
5,17517	8
5,17583	8
5,17650	8
5,17717	8
5,17783	8
5,17850	8
5,17917	8
5,17983	8
5,18050	8
5,18117	8
5,18183	8
5,18250	9
5,18317	9
5,18383	9
5,18450	9
5,18517	9
5,18583	9
5,18650	10
5,18717	10
5,18783	10
5,18850	10
5,18917	10
5,18983	10
5,19050	10
5,19117	9
5,19183	9
5,19250	9
5,19317	9
5,19383	9
5,19450	9
5,19517	9
5,19583	9
5,19650	9
5,19717	8
5,19783	8
5,19850	8
5,19917	8
5,19983	8
5,20050	8
5,20117	7
5,20183	7
5,20250	7
5,20317	6
5,20383	6
5,20450	6
5,20517	6
5,20583	6
5,20650	5
5,20717	5
5,20783	6
5,20850	6
5,20917	6
5,20983	6
5,21050	6
5,21117	6
5,21183	6
5,21250	6
5,21317	6
5,21383	7
5,21450	7
5,21517	7
5,21583	7
5,21650	7
5,21717	7
5,21783	7
5,21850	7
5,21917	7
5,21983	7
5,22050	7
5,22117	7
5,22183	7
5,22250	7
5,22317	7
5,22383	7
5,22450	6
5,22517	6
5,22583	6
5,22650	5
5,22717	5
5,22783	5
5,22850	4
5,22917	4
5,22983	3
5,23050	3
5,23117	3
5,23183	3
5,23250	3
5,23317	3
5,23383	3
5,23450	3
5,23517	3
5,23583	3
5,23650	3
5,23717	3
5,23783	3
5,23850	4
5,23917	4
5,23983	4
5,24050	4
5,24117	4
5,24183	4
5,24250	4
5,24317	5
5,24383	5
5,24450	5
5,24517	5
5,24583	5
5,24650	5
5,24717	5
5,24783	5
5,24850	5
5,24917	5
5,24983	5
5,25050	5
5,25117	5
5,25183	5
5,25250	5
5,25317	5
5,25383	5
5,25450	5
5,25517	5
5,25583	5
5,25650	5
5,25717	4
5,25783	4
5,25850	4
5,25917	4
5,25983	4
5,26050	4
5,26117	4
5,26183	4
5,26250	4
5,26317	3
5,26383	3
5,26450	3
5,26517	3
5,26583	3
5,26650	2
5,26717	2
5,26783	2
5,26850	2
5,26917	2
5,26983	2
5,27050	1
5,27117	1
5,27183	1
5,27250	2
5,27317	2
5,27383	2
5,27450	2
5,27517	2
5,27583	2
5,27650	2
5,27717	2
5,27783	2
5,27850	2
5,27917	1
5,27983	1
5,28050	1
5,28117	1
5,28183	1
5,28250	1
5,28317	1
5,28383	1
5,28450	1
5,28517	1
5,28583	1
5,28650	1
5,28717	0
5,28783	0
5,28850	0
5,28917	0
5,28983	0
5,29050	0
5,29117	0
5,29183	0
5,29250	0
5,29317	1
5,29383	1
5,29450	1
5,29517	1
5,29583	1
5,29650	1
5,29717	1
5,29783	1
5,29850	1
5,29917	1
5,29983	1
5,30050	1
5,30117	1
5,30183	1
5,30250	1
5,30317	0
5,30383	0
5,30450	0
5,30517	-0
5,30583	-0
5,30650	-1
5,30717	-1
5,30783	-1
5,30850	-1
5,30917	-2
5,30983	-2
5,31050	-2
5,31117	-2
5,31183	-2
5,31250	-2
5,31317	-2
5,31383	-2
5,31450	-2
5,31517	-2
5,31583	-2
5,31650	-2
5,31717	-2
5,31783	-2
5,31850	-2
5,31917	-2
5,31983	-2
5,32050	-2
5,32117	-2
5,32183	-2
5,32250	-2
5,32317	-2
5,32383	-2
5,32450	-1
5,32517	-1
5,32583	-1
5,32650	-1
5,32717	-1
5,32783	-1
5,32850	-1
5,32917	-0
5,32983	-0
5,33050	-0
5,33117	-0
5,33183	-0
5,33250	-0
5,33317	-0
5,33383	-0
5,33450	-0
5,33517	0
5,33583	0
5,33650	0
5,33717	0
5,33783	0
5,33850	-0
5,33917	-0
5,33983	-0
5,34050	-0
5,34117	-0
5,34183	-1
5,34250	-1
5,34317	-1
5,34383	-1
5,34450	-1
5,34517	-1
5,34583	-1
5,34650	-1
5,34717	-1
5,34783	-1
5,34850	-1
5,34917	-1
5,34983	-1
5,35050	-1
5,35117	-1
5,35183	-1
5,35250	-1
5,35317	-1
5,35383	-1
5,35450	-1
5,35517	-1
5,35583	-0
5,35650	-0
5,35717	0
5,35783	0
5,35850	0
5,35917	0
5,35983	0
5,36050	0
5,36117	0
5,36183	0
5,36250	0
5,36317	-0
5,36383	0
5,36450	0
5,36517	0
5,36583	0
5,36650	1
5,36717	1
5,36783	1
5,36850	1
5,36917	1
5,36983	1
5,37050	1
5,37117	1
5,37183	1
5,37250	1
5,37317	1
5,37383	1
5,37450	1
5,37517	1
5,37583	1
5,37650	1
5,37717	0
5,37783	0
5,37850	0
5,37917	0
5,37983	0
5,38050	0
5,38117	-0
5,38183	-0
5,38250	-0
5,38317	-1
5,38383	-1
5,38450	-1
5,38517	-2
5,38583	-2
5,38650	-2
5,38717	-2
5,38783	-2
5,38850	-2
5,38917	-2
5,38983	-2
5,39050	-2
5,39117	-2
5,39183	-2
5,39250	-2
5,39317	-2
5,39383	-3
5,39450	-3
5,39517	-3
5,39583	-3
5,39650	-3
5,39717	-3
5,39783	-3
5,39850	-3
5,39917	-3
5,39983	-3
5,40050	-4
5,40117	-4
5,40183	-4
5,40250	-4
5,40317	-4
5,40383	-4
5,40450	-4
5,40517	-4
5,40583	-4
5,40650	-5
5,40717	-5
5,40783	-5
5,40850	-5
5,40917	-5
5,40983	-5
5,41050	-5
5,41117	-5
5,41183	-5
5,41250	-5
5,41317	-5
5,41383	-5
5,41450	-5
5,41517	-5
5,41583	-5
5,41650	-5
5,41717	-5
5,41783	-5
5,41850	-5
5,41917	-5
5,41983	-5
5,42050	-5
5,42117	-5
5,42183	-5
5,42250	-5
5,42317	-5
5,42383	-5
5,42450	-5
5,42517	-5
5,42583	-5
5,42650	-5
5,42717	-5
5,42783	-6
5,42850	-6
5,42917	-6
5,42983	-6
5,43050	-6
5,43117	-6
5,43183	-6
5,43250	-6
5,43317	-6
5,43383	-6
5,43450	-5
5,43517	-5
5,43583	-5
5,43650	-5
5,43717	-5
5,43783	-5
5,43850	-5
5,43917	-5
5,43983	-5
5,44050	-5
5,44117	-5
5,44183	-5
5,44250	-4
5,44317	-4
5,44383	-4
5,44450	-4
5,44517	-4
5,44583	-3
5,44650	-3
5,44717	-3
5,44783	-4
5,44850	-4
5,44917	-4
5,44983	-4
5,45050	-4
5,45117	-4
5,45183	-4
5,45250	-4
5,45317	-4
5,45383	-4
5,45450	-4
5,45517	-4
5,45583	-4
5,45650	-4
5,45717	-4
5,45783	-4
5,45850	-4
5,45917	-4
5,45983	-4
5,46050	-4
5,46117	-4
5,46183	-5
5,46250	-5
5,46317	-5
5,46383	-5
5,46450	-5
5,46517	-5
5,46583	-6
5,46650	-6
5,46717	-6
5,46783	-6
5,46850	-6
5,46917	-6
5,46983	-6
5,47050	-6
5,47117	-6
5,47183	-6
5,47250	-6
5,47317	-6
5,47383	-6
5,47450	-6
5,47517	-6
5,47583	-6
5,47650	-6
5,47717	-6
5,47783	-6
5,47850	-6
5,47917	-6
5,47983	-6
5,48050	-6
5,48117	-6
5,48183	-5
5,48250	-5
5,48317	-5
5,48383	-5
5,48450	-4
5,48517	-4
5,48583	-4
5,48650	-3
5,48717	-3
5,48783	-3
5,48850	-3
5,48917	-3
5,48983	-3
5,49050	-3
5,49117	-3
5,49183	-3
5,49250	-3
5,49317	-3
5,49383	-2
5,49450	-2
5,49517	-2
5,49583	-1
5,49650	0
5,49717	1
5,49783	3
5,49850	5
5,49917	7
5,49983	10
5,50050	14
5,50117	18
5,50183	24
5,50250	31
5,50317	39
5,50383	48
5,50450	59
5,50517	72
5,50583	86
5,50650	103
5,50717	121
5,50783	141
5,50850	162
5,50917	186
5,50983	211
5,51050	237
5,51117	264
5,51183	293
5,51250	322
5,51317	352
5,51383	382
5,51450	412
5,51517	441
5,51583	470
5,51650	497
5,51717	523
5,51783	547
5,51850	569
5,51917	588
5,51983	605
5,52050	618
5,52117	629
5,52183	636
5,52250	641
5,52317	642
5,52383	640
5,52450	636
5,52517	629
5,52583	619
5,52650	607
5,52717	594
5,52783	578
5,52850	561
5,52917	543
5,52983	524
5,53050	504
5,53117	484
5,53183	463
5,53250	442
5,53317	421
5,53383	400
5,53450	379
5,53517	359
5,53583	339
5,53650	319
5,53717	300
5,53783	282
5,53850	265
5,53917	248
5,53983	233
5,54050	217
5,54117	203
5,54183	189
5,54250	176
5,54317	164
5,54383	152
5,54450	141
5,54517	131
5,54583	121
5,54650	112
5,54717	104
5,54783	96
5,54850	89
5,54917	82
5,54983	76
5,55050	70
5,55117	65
5,55183	60
5,55250	55
5,55317	51
5,55383	47
5,55450	44
5,55517	40
5,55583	37
5,55650	34
5,55717	32
5,55783	29
5,55850	27
5,55917	24
5,55983	22
5,56050	21
5,56117	19
5,56183	18
5,56250	16
5,56317	15
5,56383	14
5,56450	13
5,56517	11
5,56583	10
5,56650	9
5,56717	8
5,56783	7
5,56850	6
5,56917	6
5,56983	5
5,57050	4
5,57117	3
5,57183	2
5,57250	1
5,57317	1
5,57383	0
5,57450	-0
5,57517	-1
5,57583	-1
5,57650	-2
5,57717	-2
5,57783	-2
5,57850	-2
5,57917	-2
5,57983	-3
5,58050	-3
5,58117	-3
5,58183	-3
5,58250	-3
5,58317	-3
5,58383	-3
5,58450	-3
5,58517	-3
5,58583	-3
5,58650	-3
5,58717	-3
5,58783	-3
5,58850	-3
5,58917	-3
5,58983	-3
5,59050	-3
5,59117	-3
5,59183	-3
5,59250	-3
5,59317	-3
5,59383	-3
5,59450	-3
5,59517	-3
5,59583	-3
5,59650	-2
5,59717	-2
5,59783	-2
5,59850	-2
5,59917	-2
5,59983	-2
5,60050	-2
5,60117	-2
5,60183	-2
5,60250	-2
5,60317	-2
5,60383	-2
5,60450	-2
5,60517	-2
5,60583	-2
5,60650	-2
5,60717	-2
5,60783	-2
5,60850	-2
5,60917	-2
5,60983	-2
5,61050	-2
5,61117	-2
5,61183	-2
5,61250	-2
5,61317	-2
5,61383	-2
5,61450	-3
5,61517	-3
5,61583	-3
5,61650	-3
5,61717	-3
5,61783	-4
5,61850	-4
5,61917	-4
5,61983	-4
5,62050	-5
5,62117	-5
5,62183	-5
5,62250	-5
5,62317	-5
5,62383	-5
5,62450	-5
5,62517	-5
5,62583	-5
5,62650	-5
5,62717	-5
5,62783	-5
5,62850	-5
5,62917	-5
5,62983	-6
5,63050	-6
5,63117	-6
5,63183	-6
5,63250	-6
5,63317	-6
5,63383	-6
5,63450	-6
5,63517	-6
5,63583	-6
5,63650	-6
5,63717	-6
5,63783	-6
5,63850	-5
5,63917	-5
5,63983	-5
5,64050	-5
5,64117	-5
5,64183	-5
5,64250	-5
5,64317	-5
5,64383	-5
5,64450	-5
5,64517	-5
5,64583	-5
5,64650	-5
5,64717	-6
5,64783	-6
5,64850	-6
5,64917	-6
5,64983	-6
5,65050	-6
5,65117	-6
5,65183	-6
5,65250	-6
5,65317	-6
5,65383	-6
5,65450	-6
5,65517	-6
5,65583	-5
5,65650	-5
5,65717	-5
5,65783	-5
5,65850	-4
5,65917	-4
5,65983	-4
5,66050	-3
5,66117	-3
5,66183	-3
5,66250	-3
5,66317	-3
5,66383	-4
5,66450	-4
5,66517	-4
5,66583	-4
5,66650	-4
5,66717	-4
5,66783	-4
5,66850	-4
5,66917	-5
5,66983	-5
5,67050	-5
5,67117	-5
5,67183	-6
5,67250	-6
5,67317	-6
5,67383	-7
5,67450	-7
5,67517	-8
5,67583	-8
5,67650	-8
5,67717	-8
5,67783	-8
5,67850	-8
5,67917	-8
5,67983	-8
5,68050	-9
5,68117	-9
5,68183	-9
5,68250	-9
5,68317	-9
5,68383	-9
5,68450	-9
5,68517	-9
5,68583	-9
5,68650	-8
5,68717	-8
5,68783	-8
5,68850	-7
5,68917	-7
5,68983	-6
5,69050	-6
5,69117	-5
5,69183	-5
5,69250	-5
5,69317	-5
5,69383	-4
5,69450	-4
5,69517	-4
5,69583	-4
5,69650	-4
5,69717	-4
5,69783	-4
5,69850	-3
5,69917	-3
5,69983	-3
5,70050	-3
5,70117	-3
5,70183	-3
5,70250	-3
5,70317	-3
5,70383	-3
5,70450	-3
5,70517	-3
5,70583	-3
5,70650	-3
5,70717	-3
5,70783	-3
5,70850	-3
5,70917	-3
5,70983	-3
5,71050	-3
5,71117	-3
5,71183	-3
5,71250	-4
5,71317	-4
5,71383	-4
5,71450	-4
5,71517	-4
5,71583	-4
5,71650	-5
5,71717	-5
5,71783	-5
5,71850	-5
5,71917	-5
5,71983	-5
5,72050	-5
5,72117	-5
5,72183	-5
5,72250	-4
5,72317	-4
5,72383	-4
5,72450	-4
5,72517	-4
5,72583	-4
5,72650	-4
5,72717	-4
5,72783	-4
5,72850	-4
5,72917	-4
5,72983	-4
5,73050	-4
5,73117	-4
5,73183	-4
5,73250	-4
5,73317	-4
5,73383	-4
5,73450	-4
5,73517	-4
5,73583	-4
5,73650	-4
5,73717	-4
5,73783	-4
5,73850	-4
5,73917	-5
5,73983	-5
5,74050	-5
5,74117	-5
5,74183	-5
5,74250	-5
5,74317	-5
5,74383	-4
5,74450	-4
5,74517	-4
5,74583	-4
5,74650	-4
5,74717	-4
5,74783	-4
5,74850	-4
5,74917	-4
5,74983	-4
5,75050	-4
5,75117	-4
5,75183	-4
5,75250	-4
5,75317	-4
5,75383	-4
5,75450	-4
5,75517	-4
5,75583	-4
5,75650	-4
5,75717	-4
5,75783	-4
5,75850	-4
5,75917	-4
5,75983	-4
5,76050	-4
5,76117	-4
5,76183	-4
5,76250	-4
5,76317	-4
5,76383	-4
5,76450	-4
5,76517	-5
5,76583	-5
5,76650	-5
5,76717	-5
5,76783	-5
5,76850	-5
5,76917	-5
5,76983	-5
5,77050	-5
5,77117	-5
5,77183	-5
5,77250	-5
5,77317	-5
5,77383	-5
5,77450	-5
5,77517	-5
5,77583	-4
5,77650	-4
5,77717	-4
5,77783	-4
5,77850	-4
5,77917	-4
5,77983	-4
5,78050	-4
5,78117	-4
5,78183	-4
5,78250	-4
5,78317	-4
5,78383	-4
5,78450	-5
5,78517	-5
5,78583	-5
5,78650	-5
5,78717	-5
5,78783	-5
5,78850	-5
5,78917	-5
5,78983	-5
5,79050	-6
5,79117	-6
5,79183	-6
5,79250	-6
5,79317	-6
5,79383	-6
5,79450	-6
5,79517	-6
5,79583	-6
5,79650	-6
5,79717	-5
5,79783	-5
5,79850	-5
5,79917	-5
5,79983	-5
5,80050	-4
5,80117	-4
5,80183	-4
5,80250	-4
5,80317	-4
5,80383	-4
5,80450	-4
5,80517	-4
5,80583	-4
5,80650	-5
5,80717	-5
5,80783	-5
5,80850	-4
5,80917	-4
5,80983	-4
5,81050	-4
5,81117	-4
5,81183	-4
5,81250	-4
5,81317	-3
5,81383	-4
5,81450	-4
5,81517	-4
5,81583	-4
5,81650	-4
5,81717	-4
5,81783	-3
5,81850	-3
5,81917	-3
5,81983	-3
5,82050	-3
5,82117	-3
5,82183	-3
5,82250	-3
5,82317	-3
5,82383	-3
5,82450	-3
5,82517	-3
5,82583	-3
5,82650	-3
5,82717	-3
5,82783	-3
5,82850	-3
5,82917	-3
5,82983	-3
5,83050	-3
5,83117	-3
5,83183	-3
5,83250	-4
5,83317	-4
5,83383	-4
5,83450	-4
5,83517	-4
5,83583	-4
5,83650	-4
5,83717	-4
5,83783	-4
5,83850	-4
5,83917	-4
5,83983	-4
5,84050	-4
5,84117	-5
5,84183	-5
5,84250	-5
5,84317	-5
5,84383	-5
5,84450	-5
5,84517	-5
5,84583	-4
5,84650	-4
5,84717	-4
5,84783	-3
5,84850	-3
5,84917	-3
5,84983	-3
5,85050	-2
5,85117	-2
5,85183	-2
5,85250	-2
5,85317	-2
5,85383	-1
5,85450	-1
5,85517	-1
5,85583	-1
5,85650	-1
5,85717	-1
5,85783	-2
5,85850	-2
5,85917	-2
5,85983	-2
5,86050	-2
5,86117	-2
5,86183	-2
5,86250	-2
5,86317	-2
5,86383	-3
5,86450	-3
5,86517	-3
5,86583	-3
5,86650	-3
5,86717	-3
5,86783	-4
5,86850	-4
5,86917	-4
5,86983	-4
5,87050	-4
5,87117	-4
5,87183	-4
5,87250	-5
5,87317	-5
5,87383	-5
5,87450	-5
5,87517	-5
5,87583	-5
5,87650	-5
5,87717	-5
5,87783	-5
5,87850	-6
5,87917	-6
5,87983	-6
5,88050	-6
5,88117	-6
5,88183	-6
5,88250	-6
5,88317	-7
5,88383	-7
5,88450	-7
5,88517	-7
5,88583	-7
5,88650	-7
5,88717	-7
5,88783	-7
5,88850	-7
5,88917	-7
5,88983	-7
5,89050	-7
5,89117	-7
5,89183	-7
5,89250	-7
5,89317	-7
5,89383	-7
5,89450	-7
5,89517	-7
5,89583	-7
5,89650	-7
5,89717	-7
5,89783	-7
5,89850	-7
5,89917	-7
5,89983	-7
5,90050	-6
5,90117	-6
5,90183	-6
5,90250	-6
5,90317	-5
5,90383	-5
5,90450	-5
5,90517	-5
5,90583	-5
5,90650	-5
5,90717	-5
5,90783	-5
5,90850	-5
5,90917	-5
5,90983	-5
5,91050	-5
5,91117	-5
5,91183	-4
5,91250	-4
5,91317	-4
5,91383	-4
5,91450	-4
5,91517	-3
5,91583	-3
5,91650	-3
5,91717	-3
5,91783	-3
5,91850	-3
5,91917	-3
5,91983	-3
5,92050	-3
5,92117	-2
5,92183	-2
5,92250	-2
5,92317	-2
5,92383	-1
5,92450	-1
5,92517	-1
5,92583	-1
5,92650	-0
5,92717	-0
5,92783	0
5,92850	-0
5,92917	-0
5,92983	-0
5,93050	-0
5,93117	-0
5,93183	-0
5,93250	-1
5,93317	-1
5,93383	-1
5,93450	-1
5,93517	-1
5,93583	-1
5,93650	-1
5,93717	-2
5,93783	-1
5,93850	-1
5,93917	-1
5,93983	-1
5,94050	-1
5,94117	-1
5,94183	-1
5,94250	-1
5,94317	-1
5,94383	-1
5,94450	-1
5,94517	-1
5,94583	-1
5,94650	-1
5,94717	-1
5,94783	-1
5,94850	-1
5,94917	-1
5,94983	-1
5,95050	-1
5,95117	-1
5,95183	-1
5,95250	-1
5,95317	-1
5,95383	-1
5,95450	-1
5,95517	-1
5,95583	-1
5,95650	-1
5,95717	-1
5,95783	-1
5,95850	-1
5,95917	-1
5,95983	-1
5,96050	-1
5,96117	-1
5,96183	-1
5,96250	-1
5,96317	-1
5,96383	-0
5,96450	0
5,96517	0
5,96583	1
5,96650	1
5,96717	2
5,96783	3
5,96850	4
5,96917	5
5,96983	6
5,97050	7
5,97117	8
5,97183	9
5,97250	10
5,97317	12
5,97383	13
5,97450	15
5,97517	17
5,97583	19
5,97650	21
5,97717	23
5,97783	25
5,97850	27
5,97917	28
5,97983	30
5,98050	32
5,98117	33
5,98183	34
5,98250	35
5,98317	36
5,98383	37
5,98450	37
5,98517	37
5,98583	38
5,98650	38
5,98717	38
5,98783	37
5,98850	37
5,98917	36
5,98983	36
5,99050	35
5,99117	34
5,99183	33
5,99250	32
5,99317	31
5,99383	30
5,99450	29
5,99517	28
5,99583	27
5,99650	26
5,99717	25
5,99783	24
5,99850	23
5,99917	22
5,99983	21
6,00050	20
6,00117	19
6,00183	18
6,00250	16
6,00317	15
6,00383	14
6,00450	13
6,00517	12
6,00583	11
6,00650	10
6,00717	10
6,00783	9
6,00850	8
6,00917	8
6,00983	7
6,01050	7
6,01117	7
6,01183	6
6,01250	6
6,01317	6
6,01383	5
6,01450	5
6,01517	4
6,01583	4
6,01650	4
6,01717	3
6,01783	3
6,01850	2
6,01917	2
6,01983	2
6,02050	1
6,02117	1
6,02183	1
6,02250	1
6,02317	0
6,02383	0
6,02450	-0
6,02517	-1
6,02583	-1
6,02650	-1
6,02717	-2
6,02783	-2
6,02850	-2
6,02917	-2
6,02983	-3
6,03050	-3
6,03117	-3
6,03183	-4
6,03250	-4
6,03317	-4
6,03383	-4
6,03450	-4
6,03517	-4
6,03583	-4
6,03650	-4
6,03717	-4
6,03783	-4
6,03850	-4
6,03917	-4
6,03983	-4
6,04050	-4
6,04117	-3
6,04183	-3
6,04250	-3
6,04317	-3
6,04383	-3
6,04450	-3
6,04517	-3
6,04583	-4
6,04650	-4
6,04717	-4
6,04783	-5
6,04850	-5
6,04917	-6
6,04983	-6
6,05050	-6
6,05117	-6
6,05183	-6
6,05250	-7
6,05317	-7
6,05383	-7
6,05450	-7
6,05517	-8
6,05583	-8
6,05650	-8
6,05717	-8
6,05783	-9
6,05850	-9
6,05917	-9
6,05983	-9
6,06050	-9
6,06117	-8
6,06183	-8
6,06250	-8
6,06317	-8
6,06383	-7
6,06450	-7
6,06517	-7
6,06583	-6
6,06650	-6
6,06717	-6
6,06783	-6
6,06850	-6
6,06917	-6
6,06983	-6
6,07050	-5
6,07117	-5
6,07183	-5
6,07250	-4
6,07317	-4
6,07383	-4
6,07450	-4
6,07517	-4
6,07583	-4
6,07650	-4
6,07717	-4
6,07783	-4
6,07850	-4
6,07917	-4
6,07983	-4
6,08050	-4
6,08117	-4
6,08183	-4
6,08250	-4
6,08317	-4
6,08383	-4
6,08450	-4
6,08517	-3
6,08583	-3
6,08650	-3
6,08717	-3
6,08783	-3
6,08850	-3
6,08917	-3
6,08983	-3
6,09050	-3
6,09117	-2
6,09183	-2
6,09250	-2
6,09317	-2
6,09383	-2
6,09450	-2
6,09517	-2
6,09583	-2
6,09650	-2
6,09717	-2
6,09783	-2
6,09850	-1
6,09917	-1
6,09983	-1
6,10050	-1
6,10117	-1
6,10183	-1
6,10250	-1
6,10317	-1
6,10383	-1
6,10450	-1
6,10517	-0
6,10583	-0
6,10650	-0
6,10717	-0
6,10783	-0
6,10850	-0
6,10917	-0
6,10983	-1
6,11050	-1
6,11117	-1
6,11183	-1
6,11250	-1
6,11317	-2
6,11383	-2
6,11450	-2
6,11517	-2
6,11583	-2
6,11650	-2
6,11717	-2
6,11783	-2
6,11850	-2
6,11917	-2
6,11983	-2
6,12050	-2
6,12117	-2
6,12183	-3
6,12250	-3
6,12317	-3
6,12383	-3
6,12450	-4
6,12517	-4
6,12583	-4
6,12650	-4
6,12717	-4
6,12783	-3
6,12850	-3
6,12917	-3
6,12983	-3
6,13050	-3
6,13117	-3
6,13183	-3
6,13250	-3
6,13317	-3
6,13383	-3
6,13450	-3
6,13517	-3
6,13583	-3
6,13650	-3
6,13717	-4
6,13783	-4
6,13850	-4
6,13917	-4
6,13983	-4
6,14050	-4
6,14117	-4
6,14183	-4
6,14250	-4
6,14317	-4
6,14383	-4
6,14450	-4
6,14517	-4
6,14583	-4
6,14650	-4
6,14717	-4
6,14783	-4
6,14850	-3
6,14917	-3
6,14983	-3
6,15050	-3
6,15117	-3
6,15183	-2
6,15250	-2
6,15317	-2
6,15383	-2
6,15450	-2
6,15517	-2
6,15583	-2
6,15650	-2
6,15717	-2
6,15783	-2
6,15850	-2
6,15917	-2
6,15983	-3
6,16050	-3
6,16117	-3
6,16183	-3
6,16250	-3
6,16317	-4
6,16383	-4
6,16450	-4
6,16517	-4
6,16583	-4
6,16650	-4
6,16717	-4
6,16783	-3
6,16850	-3
6,16917	-3
6,16983	-3
6,17050	-3
6,17117	-3
6,17183	-3
6,17250	-3
6,17317	-3
6,17383	-3
6,17450	-3
6,17517	-3
6,17583	-3
6,17650	-3
6,17717	-3
6,17783	-3
6,17850	-3
6,17917	-3
6,17983	-3
6,18050	-2
6,18117	-2
6,18183	-2
6,18250	-2
6,18317	-2
6,18383	-2
6,18450	-2
6,18517	-2
6,18583	-2
6,18650	-2
6,18717	-2
6,18783	-2
6,18850	-1
6,18917	-1
6,18983	-1
6,19050	-1
6,19117	-1
6,19183	-1
6,19250	-1
6,19317	-1
6,19383	-1
6,19450	-2
6,19517	-2
6,19583	-2
6,19650	-2
6,19717	-3
6,19783	-3
6,19850	-3
6,19917	-3
6,19983	-3
6,20050	-4
6,20117	-4
6,20183	-4
6,20250	-4
6,20317	-4
6,20383	-5
6,20450	-5
6,20517	-5
6,20583	-5
6,20650	-5
6,20717	-6
6,20783	-6
6,20850	-6
6,20917	-7
6,20983	-7
6,21050	-7
6,21117	-7
6,21183	-7
6,21250	-7
6,21317	-7
6,21383	-7
6,21450	-7
6,21517	-7
6,21583	-7
6,21650	-7
6,21717	-7
6,21783	-7
6,21850	-7
6,21917	-7
6,21983	-7
6,22050	-7
6,22117	-7
6,22183	-7
6,22250	-7
6,22317	-7
6,22383	-7
6,22450	-7
6,22517	-7
6,22583	-7
6,22650	-7
6,22717	-7
6,22783	-7
6,22850	-7
6,22917	-7
6,22983	-7
6,23050	-7
6,23117	-6
6,23183	-6
6,23250	-6
6,23317	-5
6,23383	-5
6,23450	-4
6,23517	-4
6,23583	-4
6,23650	-4
6,23717	-4
6,23783	-4
6,23850	-4
6,23917	-4
6,23983	-4
6,24050	-4
6,24117	-4
6,24183	-4
6,24250	-4
6,24317	-4
6,24383	-4
6,24450	-4
6,24517	-4
6,24583	-4
6,24650	-4
6,24717	-5
6,24783	-5
6,24850	-5
6,24917	-5
6,24983	-5
6,25050	-6
6,25117	-6
6,25183	-6
6,25250	-6
6,25317	-6
6,25383	-6
6,25450	-6
6,25517	-6
6,25583	-6
6,25650	-6
6,25717	-6
6,25783	-7
6,25850	-7
6,25917	-7
6,25983	-7
6,26050	-7
6,26117	-7
6,26183	-7
6,26250	-7
6,26317	-8
6,26383	-8
6,26450	-8
6,26517	-8
6,26583	-8
6,26650	-8
6,26717	-8
6,26783	-8
6,26850	-8
6,26917	-8
6,26983	-8
6,27050	-8
6,27117	-8
6,27183	-8
6,27250	-8
6,27317	-8
6,27383	-8
6,27450	-8
6,27517	-8
6,27583	-8
6,27650	-8
6,27717	-8
6,27783	-8
6,27850	-8
6,27917	-8
6,27983	-8
6,28050	-8
6,28117	-8
6,28183	-8
6,28250	-8
6,28317	-9
6,28383	-9
6,28450	-9
6,28517	-9
6,28583	-9
6,28650	-9
6,28717	-9
6,28783	-10
6,28850	-10
6,28917	-10
6,28983	-9
6,29050	-9
6,29117	-9
6,29183	-9
6,29250	-9
6,29317	-9
6,29383	-9
6,29450	-10
6,29517	-10
6,29583	-10
6,29650	-10
6,29717	-10
6,29783	-10
6,29850	-10
6,29917	-10
6,29983	-10
6,30050	-10
6,30117	-10
6,30183	-10
6,30250	-10
6,30317	-10
6,30383	-10
6,30450	-10
6,30517	-10
6,30583	-10
6,30650	-9
6,30717	-9
6,30783	-9
6,30850	-8
6,30917	-8
6,30983	-8
6,31050	-7
6,31117	-7
6,31183	-7
6,31250	-7
6,31317	-7
6,31383	-7
6,31450	-7
6,31517	-7
6,31583	-6
6,31650	-6
6,31717	-6
6,31783	-6
6,31850	-5
6,31917	-5
6,31983	-5
6,32050	-5
6,32117	-5
6,32183	-4
6,32250	-4
6,32317	-4
6,32383	-4
6,32450	-4
6,32517	-4
6,32583	-4
6,32650	-4
6,32717	-3
6,32783	-3
6,32850	-3
6,32917	-3
6,32983	-3
6,33050	-3
6,33117	-3
6,33183	-3
6,33250	-3
6,33317	-4
6,33383	-4
6,33450	-4
6,33517	-4
6,33583	-4
6,33650	-4
6,33717	-4
6,33783	-4
6,33850	-4
6,33917	-3
6,33983	-3
6,34050	-3
6,34117	-3
6,34183	-3
6,34250	-3
6,34317	-3
6,34383	-3
6,34450	-3
6,34517	-3
6,34583	-3
6,34650	-4
6,34717	-4
6,34783	-4
6,34850	-4
6,34917	-4
6,34983	-4
6,35050	-4
6,35117	-4
6,35183	-4
6,35250	-4
6,35317	-4
6,35383	-3
6,35450	-3
6,35517	-3
6,35583	-3
6,35650	-3
6,35717	-3
6,35783	-4
6,35850	-4
6,35917	-4
6,35983	-4
6,36050	-4
6,36117	-4
6,36183	-5
6,36250	-5
6,36317	-5
6,36383	-5
6,36450	-5
6,36517	-5
6,36583	-5
6,36650	-5
6,36717	-5
6,36783	-5
6,36850	-5
6,36917	-5
6,36983	-5
6,37050	-4
6,37117	-4
6,37183	-4
6,37250	-4
6,37317	-5
6,37383	-5
6,37450	-5
6,37517	-5
6,37583	-5
6,37650	-6
6,37717	-6
6,37783	-6
6,37850	-6
6,37917	-6
6,37983	-7
6,38050	-7
6,38117	-7
6,38183	-7
6,38250	-7
6,38317	-7
6,38383	-7
6,38450	-7
6,38517	-7
6,38583	-7
6,38650	-7
6,38717	-7
6,38783	-8
6,38850	-8
6,38917	-8
6,38983	-8
6,39050	-8
6,39117	-8
6,39183	-8
6,39250	-8
6,39317	-8
6,39383	-8
6,39450	-8
6,39517	-8
6,39583	-8
6,39650	-8
6,39717	-8
6,39783	-7
6,39850	-7
6,39917	-7
6,39983	-6
6,40050	-6
6,40117	-6
6,40183	-5
6,40250	-5
6,40317	-4
6,40383	-4
6,40450	-4
6,40517	-3
6,40583	-3
6,40650	-3
6,40717	-3
6,40783	-3
6,40850	-4
6,40917	-4
6,40983	-4
6,41050	-4
6,41117	-4
6,41183	-5
6,41250	-5
6,41317	-5
6,41383	-5
6,41450	-5
6,41517	-5
6,41583	-5
6,41650	-5
6,41717	-5
6,41783	-5
6,41850	-5
6,41917	-5
6,41983	-5
6,42050	-5
6,42117	-5
6,42183	-5
6,42250	-5
6,42317	-6
6,42383	-6
6,42450	-6
6,42517	-6
6,42583	-6
6,42650	-6
6,42717	-6
6,42783	-6
6,42850	-7
6,42917	-7
6,42983	-7
6,43050	-7
6,43117	-7
6,43183	-7
6,43250	-7
6,43317	-7
6,43383	-6
6,43450	-6
6,43517	-6
6,43583	-6
6,43650	-6
6,43717	-5
6,43783	-5
6,43850	-5
6,43917	-5
6,43983	-5
6,44050	-5
6,44117	-5
6,44183	-5
6,44250	-5
6,44317	-5
6,44383	-5
6,44450	-5
6,44517	-5
6,44583	-6
6,44650	-6
6,44717	-6
6,44783	-6
6,44850	-6
6,44917	-6
6,44983	-6
6,45050	-6
6,45117	-6
6,45183	-6
6,45250	-6
6,45317	-6
6,45383	-6
6,45450	-6
6,45517	-6
6,45583	-6
6,45650	-5
6,45717	-5
6,45783	-5
6,45850	-4
6,45917	-4
6,45983	-4
6,46050	-4
6,46117	-4
6,46183	-4
6,46250	-4
6,46317	-4
6,46383	-4
6,46450	-4
6,46517	-4
6,46583	-4
6,46650	-5
6,46717	-5
6,46783	-5
6,46850	-5
6,46917	-5
6,46983	-5
6,47050	-5
6,47117	-5
6,47183	-5
6,47250	-5
6,47317	-5
6,47383	-5
6,47450	-5
6,47517	-4
6,47583	-4
6,47650	-4
6,47717	-4
6,47783	-4
6,47850	-4
6,47917	-4
6,47983	-4
6,48050	-4
6,48117	-4
6,48183	-4
6,48250	-4
6,48317	-4
6,48383	-4
6,48450	-4
6,48517	-4
6,48583	-4
6,48650	-4
6,48717	-4
6,48783	-4
6,48850	-4
6,48917	-4
6,48983	-4
6,49050	-4
6,49117	-3
6,49183	-3
6,49250	-3
6,49317	-3
6,49383	-4
6,49450	-4
6,49517	-4
6,49583	-4
6,49650	-4
6,49717	-4
6,49783	-5
6,49850	-5
6,49917	-5
6,49983	-4
6,50050	-4
6,50117	-4
6,50183	-4
6,50250	-4
6,50317	-4
6,50383	-4
6,50450	-4
6,50517	-4
6,50583	-4
6,50650	-4
6,50717	-4
6,50783	-5
6,50850	-5
6,50917	-5
6,50983	-5
6,51050	-5
6,51117	-5
6,51183	-6
6,51250	-6
6,51317	-6
6,51383	-7
6,51450	-7
6,51517	-7
6,51583	-8
6,51650	-8
6,51717	-8
6,51783	-8
6,51850	-8
6,51917	-8
6,51983	-8
6,52050	-7
6,52117	-7
6,52183	-7
6,52250	-7
6,52317	-8
6,52383	-8
6,52450	-8
6,52517	-8
6,52583	-8
6,52650	-8
6,52717	-8
6,52783	-8
6,52850	-8
6,52917	-8
6,52983	-8
6,53050	-7
6,53117	-7
6,53183	-7
6,53250	-7
6,53317	-6
6,53383	-6
6,53450	-6
6,53517	-6
6,53583	-6
6,53650	-6
6,53717	-6
6,53783	-6
6,53850	-5
6,53917	-5
6,53983	-5
6,54050	-5
6,54117	-4
6,54183	-4
6,54250	-4
6,54317	-3
6,54383	-3
6,54450	-3
6,54517	-3
6,54583	-3
6,54650	-3
6,54717	-3
6,54783	-3
6,54850	-3
6,54917	-3
6,54983	-3
6,55050	-2
6,55117	-3
6,55183	-3
6,55250	-3
6,55317	-3
6,55383	-3
6,55450	-3
6,55517	-3
6,55583	-4
6,55650	-4
6,55717	-4
6,55783	-4
6,55850	-4
6,55917	-4
6,55983	-5
6,56050	-5
6,56117	-5
6,56183	-6
6,56250	-6
6,56317	-6
6,56383	-6
6,56450	-6
6,56517	-6
6,56583	-6
6,56650	-6
6,56717	-7
6,56783	-7
6,56850	-7
6,56917	-7
6,56983	-7
6,57050	-7
6,57117	-7
6,57183	-7
6,57250	-7
6,57317	-7
6,57383	-7
6,57450	-7
6,57517	-7
6,57583	-7
6,57650	-7
6,57717	-8
6,57783	-8
6,57850	-8
6,57917	-8
6,57983	-8
6,58050	-9
6,58117	-9
6,58183	-9
6,58250	-9
6,58317	-9
6,58383	-8
6,58450	-8
6,58517	-8
6,58583	-8
6,58650	-7
6,58717	-7
6,58783	-7
6,58850	-7
6,58917	-7
6,58983	-7
6,59050	-7
6,59117	-7
6,59183	-7
6,59250	-8
6,59317	-8
6,59383	-8
6,59450	-8
6,59517	-8
6,59583	-9
6,59650	-9
6,59717	-9
6,59783	-9
6,59850	-9
6,59917	-9
6,59983	-9
6,60050	-9
6,60117	-9
6,60183	-10
6,60250	-10
6,60317	-10
6,60383	-10
6,60450	-10
6,60517	-10
6,60583	-10
6,60650	-10
6,60717	-10
6,60783	-10
6,60850	-9
6,60917	-9
6,60983	-9
6,61050	-9
6,61117	-9
6,61183	-8
6,61250	-8
6,61317	-8
6,61383	-8
6,61450	-8
6,61517	-8
6,61583	-8
6,61650	-8
6,61717	-8
6,61783	-9
6,61850	-9
6,61917	-9
6,61983	-9
6,62050	-9
6,62117	-9
6,62183	-9
6,62250	-9
6,62317	-9
6,62383	-9
6,62450	-9
6,62517	-9
6,62583	-9
6,62650	-8
6,62717	-8
6,62783	-8
6,62850	-8
6,62917	-8
6,62983	-8
6,63050	-8
6,63117	-8
6,63183	-8
6,63250	-8
6,63317	-8
6,63383	-7
6,63450	-7
6,63517	-7
6,63583	-7
6,63650	-7
6,63717	-6
6,63783	-6
6,63850	-6
6,63917	-6
6,63983	-5
6,64050	-5
6,64117	-5
6,64183	-5
6,64250	-5
6,64317	-5
6,64383	-5
6,64450	-5
6,64517	-6
6,64583	-6
6,64650	-6
6,64717	-6
6,64783	-6
6,64850	-6
6,64917	-6
6,64983	-6
6,65050	-6
6,65117	-7
6,65183	-7
6,65250	-7
6,65317	-7
6,65383	-8
6,65450	-8
6,65517	-8
6,65583	-9
6,65650	-9
6,65717	-9
6,65783	-9
6,65850	-9
6,65917	-9
6,65983	-8
6,66050	-8
6,66117	-8
6,66183	-8
6,66250	-8
6,66317	-7
6,66383	-7
6,66450	-7
6,66517	-7
6,66583	-7
6,66650	-6
6,66717	-6
6,66783	-6
6,66850	-6
6,66917	-6
6,66983	-6
6,67050	-6
6,67117	-6
6,67183	-6
6,67250	-6
6,67317	-6
6,67383	-6
6,67450	-6
6,67517	-6
6,67583	-6
6,67650	-6
6,67717	-6
6,67783	-6
6,67850	-6
6,67917	-6
6,67983	-6
6,68050	-6
6,68117	-6
6,68183	-6
6,68250	-6
6,68317	-6
6,68383	-6
6,68450	-6
6,68517	-6
6,68583	-6
6,68650	-7
6,68717	-7
6,68783	-7
6,68850	-7
6,68917	-7
6,68983	-6
6,69050	-6
6,69117	-6
6,69183	-6
6,69250	-6
6,69317	-6
6,69383	-6
6,69450	-6
6,69517	-6
6,69583	-6
6,69650	-6
6,69717	-6
6,69783	-5
6,69850	-5
6,69917	-5
6,69983	-5
6,70050	-5
6,70117	-5
6,70183	-5
6,70250	-5
6,70317	-6
6,70383	-6
6,70450	-6
6,70517	-6
6,70583	-6
6,70650	-6
6,70717	-6
6,70783	-6
6,70850	-6
6,70917	-6
6,70983	-6
6,71050	-6
6,71117	-6
6,71183	-6
6,71250	-6
6,71317	-6
6,71383	-6
6,71450	-6
6,71517	-7
6,71583	-7
6,71650	-7
6,71717	-7
6,71783	-7
6,71850	-7
6,71917	-7
6,71983	-7
6,72050	-7
6,72117	-7
6,72183	-7
6,72250	-7
6,72317	-8
6,72383	-8
6,72450	-7
6,72517	-7
6,72583	-7
6,72650	-7
6,72717	-7
6,72783	-7
6,72850	-7
6,72917	-7
6,72983	-7
6,73050	-7
6,73117	-7
6,73183	-7
6,73250	-7
6,73317	-7
6,73383	-7
6,73450	-7
6,73517	-7
6,73583	-7
6,73650	-7
6,73717	-7
6,73783	-7
6,73850	-7
6,73917	-7
6,73983	-7
6,74050	-7
6,74117	-7
6,74183	-7
6,74250	-7
6,74317	-7
6,74383	-7
6,74450	-6
6,74517	-6
6,74583	-6
6,74650	-6
6,74717	-6
6,74783	-6
6,74850	-6
6,74917	-7
6,74983	-7
6,75050	-7
6,75117	-7
6,75183	-7
6,75250	-7
6,75317	-7
6,75383	-6
6,75450	-6
6,75517	-6
6,75583	-6
6,75650	-6
6,75717	-6
6,75783	-6
6,75850	-6
6,75917	-6
6,75983	-7
6,76050	-7
6,76117	-7
6,76183	-7
6,76250	-7
6,76317	-8
6,76383	-8
6,76450	-8
6,76517	-7
6,76583	-7
6,76650	-7
6,76717	-7
6,76783	-6
6,76850	-6
6,76917	-6
6,76983	-5
6,77050	-5
6,77117	-5
6,77183	-5
6,77250	-5
6,77317	-5
6,77383	-5
6,77450	-5
6,77517	-6
6,77583	-6
6,77650	-6
6,77717	-6
6,77783	-6
6,77850	-6
6,77917	-6
6,77983	-6
6,78050	-6
6,78117	-7
6,78183	-7
6,78250	-7
6,78317	-8
6,78383	-8
6,78450	-8
6,78517	-9
6,78583	-9
6,78650	-9
6,78717	-10
6,78783	-10
6,78850	-10
6,78917	-10
6,78983	-10
6,79050	-10
6,79117	-10
6,79183	-10
6,79250	-10
6,79317	-9
6,79383	-9
6,79450	-9
6,79517	-9
6,79583	-9
6,79650	-9
6,79717	-9
6,79783	-9
6,79850	-8
6,79917	-8
6,79983	-8
6,80050	-9
6,80117	-9
6,80183	-9
6,80250	-9
6,80317	-9
6,80383	-9
6,80450	-10
6,80517	-10
6,80583	-10
6,80650	-10
6,80717	-10
6,80783	-10
6,80850	-10
6,80917	-10
6,80983	-10
6,81050	-9
6,81117	-9
6,81183	-9
6,81250	-9
6,81317	-9
6,81383	-9
6,81450	-9
6,81517	-9
6,81583	-8
6,81650	-8
6,81717	-8
6,81783	-8
6,81850	-8
6,81917	-7
6,81983	-7
6,82050	-7
6,82117	-7
6,82183	-6
6,82250	-6
6,82317	-6
6,82383	-6
6,82450	-6
6,82517	-6
6,82583	-6
6,82650	-6
6,82717	-6
6,82783	-6
6,82850	-6
6,82917	-6
6,82983	-6
6,83050	-6
6,83117	-7
6,83183	-7
6,83250	-7
6,83317	-7
6,83383	-7
6,83450	-7
6,83517	-7
6,83583	-7
6,83650	-7
6,83717	-7
6,83783	-7
6,83850	-7
6,83917	-7
6,83983	-7
6,84050	-7
6,84117	-7
6,84183	-7
6,84250	-7
6,84317	-7
6,84383	-7
6,84450	-6
6,84517	-6
6,84583	-6
6,84650	-6
6,84717	-6
6,84783	-6
6,84850	-6
6,84917	-6
6,84983	-6
6,85050	-7
6,85117	-7
6,85183	-7
6,85250	-7
6,85317	-7
6,85383	-7
6,85450	-7
6,85517	-7
6,85583	-7
6,85650	-7
6,85717	-7
6,85783	-7
6,85850	-7
6,85917	-7
6,85983	-7
6,86050	-7
6,86117	-7
6,86183	-7
6,86250	-6
6,86317	-6
6,86383	-6
6,86450	-6
6,86517	-6
6,86583	-6
6,86650	-6
6,86717	-6
6,86783	-5
6,86850	-5
6,86917	-5
6,86983	-5
6,87050	-5
6,87117	-5
6,87183	-4
6,87250	-4
6,87317	-4
6,87383	-4
6,87450	-4
6,87517	-4
6,87583	-4
6,87650	-4
6,87717	-4
6,87783	-4
6,87850	-4
6,87917	-4
6,87983	-5
6,88050	-5
6,88117	-5
6,88183	-5
6,88250	-6
6,88317	-6
6,88383	-6
6,88450	-6
6,88517	-5
6,88583	-5
6,88650	-5
6,88717	-4
6,88783	-4
6,88850	-3
6,88917	-3
6,88983	-2
6,89050	-2
6,89117	-1
6,89183	-1
6,89250	-0
6,89317	1
6,89383	2
6,89450	3
6,89517	4
6,89583	5
6,89650	7
6,89717	8
6,89783	10
6,89850	12
6,89917	13
6,89983	15
6,90050	16
6,90117	18
6,90183	20
6,90250	21
6,90317	23
6,90383	24
6,90450	26
6,90517	28
6,90583	29
6,90650	31
6,90717	33
6,90783	35
6,90850	36
6,90917	38
6,90983	39
6,91050	41
6,91117	42
6,91183	43
6,91250	45
6,91317	46
6,91383	47
6,91450	49
6,91517	50
6,91583	52
6,91650	53
6,91717	55
6,91783	56
6,91850	57
6,91917	58
6,91983	60
6,92050	61
6,92117	62
6,92183	63
6,92250	64
6,92317	65
6,92383	66
6,92450	67
6,92517	68
6,92583	70
6,92650	71
6,92717	72
6,92783	73
6,92850	74
6,92917	75
6,92983	76
6,93050	76
6,93117	77
6,93183	78
6,93250	78
6,93317	78
6,93383	79
6,93450	79
6,93517	80
6,93583	80
6,93650	81
6,93717	81
6,93783	82
6,93850	82
6,93917	83
6,93983	84
6,94050	84
6,94117	85
6,94183	85
6,94250	86
6,94317	86
6,94383	87
6,94450	87
6,94517	87
6,94583	88
6,94650	88
6,94717	89
6,94783	89
6,94850	90
6,94917	91
6,94983	91
6,95050	91
6,95117	92
6,95183	92
6,95250	92
6,95317	92
6,95383	92
6,95450	92
6,95517	92
6,95583	92
6,95650	93
6,95717	93
6,95783	93
6,95850	93
6,95917	93
6,95983	93
6,96050	94
6,96117	94
6,96183	94
6,96250	94
6,96317	94
6,96383	95
6,96450	95
6,96517	95
6,96583	95
6,96650	95
6,96717	95
6,96783	96
6,96850	96
6,96917	96
6,96983	96
6,97050	95
6,97117	95
6,97183	95
6,97250	95
6,97317	94
6,97383	94
6,97450	94
6,97517	94
6,97583	93
6,97650	93
6,97717	93
6,97783	92
6,97850	92
6,97917	91
6,97983	91
6,98050	90
6,98117	90
6,98183	89
6,98250	88
6,98317	88
6,98383	87
6,98450	86
6,98517	85
6,98583	85
6,98650	84
6,98717	84
6,98783	83
6,98850	83
6,98917	82
6,98983	82
6,99050	82
6,99117	81
6,99183	81
6,99250	80
6,99317	80
6,99383	80
6,99450	79
6,99517	79
6,99583	78
6,99650	77
6,99717	77
6,99783	76
6,99850	76
6,99917	75
6,99983	75
7,00050	75
7,00117	75
7,00183	74
7,00250	74
7,00317	74
7,00383	74
7,00450	73
7,00517	73
7,00583	73
7,00650	73
7,00717	73
7,00783	73
7,00850	72
7,00917	72
7,00983	72
7,01050	72
7,01117	72
7,01183	72
7,01250	72
7,01317	73
7,01383	73
7,01450	73
7,01517	73
7,01583	73
7,01650	73
7,01717	73
7,01783	73
7,01850	73
7,01917	73
7,01983	73
7,02050	73
7,02117	73
7,02183	73
7,02250	73
7,02317	73
7,02383	73
7,02450	73
7,02517	73
7,02583	73
7,02650	72
7,02717	72
7,02783	71
7,02850	71
7,02917	70
7,02983	70
7,03050	69
7,03117	69
7,03183	68
7,03250	68
7,03317	67
7,03383	67
7,03450	66
7,03517	66
7,03583	65
7,03650	64
7,03717	63
7,03783	62
7,03850	61
7,03917	61
7,03983	60
7,04050	59
7,04117	59
7,04183	58
7,04250	57
7,04317	57
7,04383	56
7,04450	56
7,04517	55
7,04583	54
7,04650	54
7,04717	53
7,04783	52
7,04850	51
7,04917	51
7,04983	50
7,05050	49
7,05117	49
7,05183	49
7,05250	48
7,05317	48
7,05383	48
7,05450	48
7,05517	48
7,05583	48
7,05650	48
7,05717	48
7,05783	48
7,05850	48
7,05917	48
7,05983	48
7,06050	48
7,06117	47
7,06183	47
7,06250	47
7,06317	47
7,06383	47
7,06450	47
7,06517	47
7,06583	47
7,06650	46
7,06717	46
7,06783	46
7,06850	46
7,06917	46
7,06983	45
7,07050	45
7,07117	45
7,07183	44
7,07250	44
7,07317	44
7,07383	44
7,07450	44
7,07517	44
7,07583	44
7,07650	44
7,07717	44
7,07783	44
7,07850	44
7,07917	44
7,07983	44
7,08050	44
7,08117	43
7,08183	43
7,08250	42
7,08317	42
7,08383	42
7,08450	41
7,08517	41
7,08583	41
7,08650	41
7,08717	40
7,08783	40
7,08850	39
7,08917	39
7,08983	38
7,09050	38
7,09117	38
7,09183	37
7,09250	37
7,09317	36
7,09383	35
7,09450	35
7,09517	34
7,09583	34
7,09650	34
7,09717	33
7,09783	33
7,09850	32
7,09917	31
7,09983	31
7,10050	31
7,10117	30
7,10183	30
7,10250	29
7,10317	29
7,10383	29
7,10450	29
7,10517	29
7,10583	29
7,10650	29
7,10717	29
7,10783	29
7,10850	29
7,10917	28
7,10983	28
7,11050	28
7,11117	27
7,11183	27
7,11250	27
7,11317	26
7,11383	26
7,11450	26
7,11517	25
7,11583	25
7,11650	25
7,11717	25
7,11783	25
7,11850	25
7,11917	25
7,11983	25
7,12050	25
7,12117	25
7,12183	25
7,12250	25
7,12317	25
7,12383	26
7,12450	26
7,12517	25
7,12583	25
7,12650	25
7,12717	25
7,12783	25
7,12850	25
7,12917	24
7,12983	24
7,13050	24
7,13117	24
7,13183	24
7,13250	24
7,13317	23
7,13383	23
7,13450	23
7,13517	23
7,13583	23
7,13650	23
7,13717	22
7,13783	22
7,13850	22
7,13917	22
7,13983	22
7,14050	22
7,14117	22
7,14183	22
7,14250	22
7,14317	21
7,14383	21
7,14450	21
7,14517	20
7,14583	20
7,14650	19
7,14717	19
7,14783	19
7,14850	18
7,14917	18
7,14983	18
7,15050	18
7,15117	18
7,15183	17
7,15250	17
7,15317	17
7,15383	17
7,15450	17
7,15517	17
7,15583	17
7,15650	17
7,15717	17
7,15783	17
7,15850	17
7,15917	17
7,15983	17
7,16050	17
7,16117	18
7,16183	18
7,16250	18
7,16317	18
7,16383	18
7,16450	18
7,16517	18
7,16583	18
7,16650	18
7,16717	18
7,16783	18
7,16850	19
7,16917	19
7,16983	19
7,17050	19
7,17117	20
7,17183	20
7,17250	20
7,17317	20
7,17383	20
7,17450	20
7,17517	20
7,17583	20
7,17650	19
7,17717	19
7,17783	19
7,17850	19
7,17917	18
7,17983	18
7,18050	18
7,18117	18
7,18183	18
7,18250	18
7,18317	17
7,18383	17
7,18450	17
7,18517	17
7,18583	17
7,18650	17
7,18717	17
7,18783	17
7,18850	17
7,18917	17
7,18983	17
7,19050	18
7,19117	18
7,19183	18
7,19250	18
7,19317	18
7,19383	18
7,19450	18
7,19517	18
7,19583	17
7,19650	17
7,19717	17
7,19783	17
7,19850	17
7,19917	16
7,19983	16
7,20050	16
7,20117	16
7,20183	16
7,20250	16
7,20317	16
7,20383	16
7,20450	16
7,20517	16
7,20583	16
7,20650	16
7,20717	15
7,20783	15
7,20850	15
7,20917	15
7,20983	15
7,21050	15
7,21117	15
7,21183	15
7,21250	15
7,21317	14
7,21383	14
7,21450	14
7,21517	14
7,21583	14
7,21650	14
7,21717	14
7,21783	13
7,21850	13
7,21917	13
7,21983	13
7,22050	13
7,22117	13
7,22183	13
7,22250	13
7,22317	13
7,22383	13
7,22450	13
7,22517	13
7,22583	13
7,22650	13
7,22717	13
7,22783	13
7,22850	13
7,22917	13
7,22983	13
7,23050	12
7,23117	12
7,23183	12
7,23250	12
7,23317	11
7,23383	11
7,23450	11
7,23517	11
7,23583	11
7,23650	11
7,23717	11
7,23783	11
7,23850	11
7,23917	11
7,23983	11
7,24050	11
7,24117	11
7,24183	10
7,24250	10
7,24317	10
7,24383	10
7,24450	10
7,24517	10
7,24583	11
7,24650	11
7,24717	11
7,24783	11
7,24850	11
7,24917	11
7,24983	11
7,25050	11
7,25117	11
7,25183	10
7,25250	10
7,25317	10
7,25383	10
7,25450	10
7,25517	9
7,25583	9
7,25650	9
7,25717	9
7,25783	9
7,25850	9
7,25917	9
7,25983	9
7,26050	8
7,26117	8
7,26183	9
7,26250	9
7,26317	10
7,26383	11
7,26450	12
7,26517	12
7,26583	13
7,26650	13
7,26717	14
7,26783	14
7,26850	15
7,26917	15
7,26983	15
7,27050	15
7,27117	15
7,27183	15
7,27250	16
7,27317	16
7,27383	15
7,27450	15
7,27517	15
7,27583	15
7,27650	15
7,27717	15
7,27783	15
7,27850	15
7,27917	14
7,27983	14
7,28050	14
7,28117	13
7,28183	13
7,28250	13
7,28317	12
7,28383	12
7,28450	11
7,28517	11
7,28583	11
7,28650	10
7,28717	10
7,28783	10
7,28850	10
7,28917	10
7,28983	10
7,29050	10
7,29117	10
7,29183	10
7,29250	10
7,29317	10
7,29383	10
7,29450	9
7,29517	9
7,29583	9
7,29650	9
7,29717	9
7,29783	9
7,29850	9
7,29917	9
7,29983	9
7,30050	9
7,30117	9
7,30183	9
7,30250	9
7,30317	9
7,30383	9
7,30450	9
7,30517	9
7,30583	9
7,30650	9
7,30717	9
7,30783	9
7,30850	9
7,30917	9
7,30983	8
7,31050	8
7,31117	8
7,31183	8
7,31250	8
7,31317	9
7,31383	9
7,31450	8
7,31517	8
7,31583	8
7,31650	8
7,31717	8
7,31783	8
7,31850	8
7,31917	8
7,31983	8
7,32050	8
7,32117	8
7,32183	8
7,32250	8
7,32317	9
7,32383	9
7,32450	10
7,32517	10
7,32583	10
7,32650	11
7,32717	11
7,32783	11
7,32850	11
7,32917	11
7,32983	12
7,33050	12
7,33117	12
7,33183	13
7,33250	13
7,33317	14
7,33383	14
7,33450	14
7,33517	14
7,33583	14
7,33650	14
7,33717	14
7,33783	14
7,33850	14
7,33917	14
7,33983	13
7,34050	13
7,34117	13
7,34183	12
7,34250	12
7,34317	11
7,34383	11
7,34450	11
7,34517	10
7,34583	10
7,34650	9
7,34717	9
7,34783	8
7,34850	8
7,34917	7
7,34983	7
7,35050	7
7,35117	6
7,35183	6
7,35250	6
7,35317	5
7,35383	5
7,35450	5
7,35517	4
7,35583	4
7,35650	4
7,35717	4
7,35783	4
7,35850	4
7,35917	4
7,35983	4
7,36050	4
7,36117	4
7,36183	4
7,36250	4
7,36317	4
7,36383	4
7,36450	4
7,36517	4
7,36583	4
7,36650	4
7,36717	4
7,36783	4
7,36850	4
7,36917	4
7,36983	4
7,37050	4
7,37117	4
7,37183	4
7,37250	4
7,37317	5
7,37383	5
7,37450	5
7,37517	5
7,37583	5
7,37650	5
7,37717	5
7,37783	4
7,37850	4
7,37917	4
7,37983	4
7,38050	5
7,38117	5
7,38183	5
7,38250	5
7,38317	5
7,38383	5
7,38450	6
7,38517	6
7,38583	6
7,38650	6
7,38717	7
7,38783	7
7,38850	7
7,38917	7
7,38983	7
7,39050	7
7,39117	7
7,39183	7
7,39250	7
7,39317	7
7,39383	7
7,39450	6
7,39517	6
7,39583	6
7,39650	6
7,39717	6
7,39783	6
7,39850	6
7,39917	6
7,39983	6
7,40050	6
7,40117	6
7,40183	5
7,40250	5
7,40317	5
7,40383	5
7,40450	5
7,40517	5
7,40583	5
7,40650	5
7,40717	5
7,40783	5
7,40850	5
7,40917	6
7,40983	6
7,41050	6
7,41117	6
7,41183	6
7,41250	5
7,41317	5
7,41383	5
7,41450	5
7,41517	5
7,41583	5
7,41650	4
7,41717	4
7,41783	4
7,41850	4
7,41917	4
7,41983	4
7,42050	4
7,42117	3
7,42183	3
7,42250	4
7,42317	4
7,42383	4
7,42450	4
7,42517	4
7,42583	4
7,42650	4
7,42717	4
7,42783	4
7,42850	4
7,42917	4
7,42983	4
7,43050	4
7,43117	4
7,43183	4
7,43250	4
7,43317	5
7,43383	5
7,43450	5
7,43517	5
7,43583	5
7,43650	5
7,43717	5
7,43783	6
7,43850	6
7,43917	6
7,43983	7
7,44050	7
7,44117	7
7,44183	7
7,44250	7
7,44317	7
7,44383	7
7,44450	7
7,44517	7
7,44583	7
7,44650	7
7,44717	7
7,44783	7
7,44850	7
7,44917	7
7,44983	7
7,45050	7
7,45117	7
7,45183	7
7,45250	8
7,45317	8
7,45383	8
7,45450	8
7,45517	8
7,45583	8
7,45650	8
7,45717	9
7,45783	9
7,45850	9
7,45917	9
7,45983	9
7,46050	9
7,46117	9
7,46183	9
7,46250	9
7,46317	9
7,46383	9
7,46450	9
7,46517	9
7,46583	9
7,46650	9
7,46717	9
7,46783	9
7,46850	9
7,46917	10
7,46983	10
7,47050	10
7,47117	10
7,47183	11
7,47250	11
7,47317	11
7,47383	12
7,47450	12
7,47517	12
7,47583	13
7,47650	13
7,47717	13
7,47783	14
7,47850	15
7,47917	17
7,47983	19
7,48050	24
7,48117	30
7,48183	40
7,48250	54
7,48317	74
7,48383	103
7,48450	144
7,48517	200
7,48583	276
7,48650	381
7,48717	520
7,48783	703
7,48850	941
7,48917	1244
7,48983	1621
7,49050	2084
7,49117	2643
7,49183	3313
7,49250	4108
7,49317	5041
7,49383	6124
7,49450	7366
7,49517	8781
7,49583	10384
7,49650	12179
7,49717	14174
7,49783	16381
7,49850	18802
7,49917	21429
7,49983	24256
7,50050	27278
7,50117	30490
7,50183	33876
7,50250	37409
7,50317	41066
7,50383	44830
7,50450	48683
7,50517	52601
7,50583	56554
7,50650	60509
7,50717	64428
7,50783	68267
7,50850	71984
7,50917	75527
7,50983	78833
7,51050	81844
7,51117	84510
7,51183	86788
7,51250	88642
7,51317	90043
7,51383	90962
7,51450	91381
7,51517	91298
7,51583	90727
7,51650	89691
7,51717	88225
7,51783	86372
7,51850	84181
7,51917	81704
7,51983	78994
7,52050	76103
7,52117	73079
7,52183	69966
7,52250	66804
7,52317	63626
7,52383	60464
7,52450	57343
7,52517	54285
7,52583	51307
7,52650	48424
7,52717	45646
7,52783	42981
7,52850	40433
7,52917	38005
7,52983	35698
7,53050	33512
7,53117	31445
7,53183	29495
7,53250	27658
7,53317	25930
7,53383	24306
7,53450	22784
7,53517	21356
7,53583	20021
7,53650	18772
7,53717	17606
7,53783	16518
7,53850	15504
7,53917	14559
7,53983	13679
7,54050	12859
7,54117	12098
7,54183	11390
7,54250	10734
7,54317	10125
7,54383	9560
7,54450	9037
7,54517	8552
7,54583	8103
7,54650	7687
7,54717	7301
7,54783	6943
7,54850	6611
7,54917	6303
7,54983	6017
7,55050	5751
7,55117	5504
7,55183	5273
7,55250	5059
7,55317	4860
7,55383	4675
7,55450	4502
7,55517	4341
7,55583	4190
7,55650	4049
7,55717	3917
7,55783	3792
7,55850	3675
7,55917	3565
7,55983	3460
7,56050	3362
7,56117	3268
7,56183	3180
7,56250	3095
7,56317	3016
7,56383	2940
7,56450	2868
7,56517	2800
7,56583	2734
7,56650	2672
7,56717	2612
7,56783	2555
7,56850	2500
7,56917	2448
7,56983	2397
7,57050	2348
7,57117	2300
7,57183	2255
7,57250	2211
7,57317	2169
7,57383	2128
7,57450	2090
7,57517	2053
7,57583	2018
7,57650	1985
7,57717	1955
7,57783	1925
7,57850	1898
7,57917	1872
7,57983	1848
7,58050	1825
7,58117	1804
7,58183	1783
7,58250	1764
7,58317	1747
7,58383	1730
7,58450	1715
7,58517	1702
7,58583	1689
7,58650	1677
7,58717	1665
7,58783	1654
7,58850	1644
7,58917	1634
7,58983	1624
7,59050	1615
7,59117	1605
7,59183	1595
7,59250	1585
7,59317	1574
7,59383	1564
7,59450	1553
7,59517	1541
7,59583	1530
7,59650	1519
7,59717	1507
7,59783	1496
7,59850	1484
7,59917	1472
7,59983	1460
7,60050	1448
7,60117	1436
7,60183	1425
7,60250	1414
7,60317	1403
7,60383	1393
7,60450	1383
7,60517	1373
7,60583	1363
7,60650	1354
7,60717	1345
7,60783	1336
7,60850	1326
7,60917	1318
7,60983	1309
7,61050	1300
7,61117	1291
7,61183	1282
7,61250	1273
7,61317	1264
7,61383	1255
7,61450	1246
7,61517	1237
7,61583	1228
7,61650	1218
7,61717	1209
7,61783	1199
7,61850	1189
7,61917	1180
7,61983	1170
7,62050	1161
7,62117	1152
7,62183	1143
7,62250	1134
7,62317	1125
7,62383	1117
7,62450	1109
7,62517	1102
7,62583	1094
7,62650	1087
7,62717	1080
7,62783	1073
7,62850	1066
7,62917	1059
7,62983	1053
7,63050	1046
7,63117	1039
7,63183	1033
7,63250	1026
7,63317	1020
7,63383	1014
7,63450	1008
7,63517	1002
7,63583	997
7,63650	991
7,63717	986
7,63783	980
7,63850	975
7,63917	970
7,63983	965
7,64050	959
7,64117	954
7,64183	949
7,64250	944
7,64317	939
7,64383	933
7,64450	928
7,64517	922
7,64583	917
7,64650	911
7,64717	906
7,64783	901
7,64850	896
7,64917	890
7,64983	885
7,65050	880
7,65117	875
7,65183	869
7,65250	863
7,65317	858
7,65383	852
7,65450	846
7,65517	840
7,65583	834
7,65650	828
7,65717	821
7,65783	815
7,65850	808
7,65917	802
7,65983	795
7,66050	788
7,66117	782
7,66183	775
7,66250	769
7,66317	762
7,66383	756
7,66450	749
7,66517	742
7,66583	736
7,66650	729
7,66717	722
7,66783	715
7,66850	708
7,66917	702
7,66983	695
7,67050	689
7,67117	682
7,67183	676
7,67250	670
7,67317	663
7,67383	657
7,67450	651
7,67517	645
7,67583	639
7,67650	633
7,67717	627
7,67783	621
7,67850	615
7,67917	609
7,67983	603
7,68050	597
7,68117	592
7,68183	586
7,68250	581
7,68317	576
7,68383	571
7,68450	566
7,68517	561
7,68583	557
7,68650	552
7,68717	547
7,68783	543
7,68850	539
7,68917	534
7,68983	530
7,69050	526
7,69117	523
7,69183	519
7,69250	515
7,69317	512
7,69383	509
7,69450	505
7,69517	502
7,69583	499
7,69650	496
7,69717	493
7,69783	490
7,69850	486
7,69917	483
7,69983	480
7,70050	477
7,70117	473
7,70183	470
7,70250	467
7,70317	464
7,70383	461
7,70450	458
7,70517	455
7,70583	452
7,70650	449
7,70717	445
7,70783	442
7,70850	439
7,70917	435
7,70983	432
7,71050	428
7,71117	425
7,71183	422
7,71250	419
7,71317	415
7,71383	412
7,71450	409
7,71517	407
7,71583	404
7,71650	401
7,71717	399
7,71783	396
7,71850	394
7,71917	391
7,71983	389
7,72050	386
7,72117	384
7,72183	382
7,72250	379
7,72317	377
7,72383	375
7,72450	373
7,72517	370
7,72583	368
7,72650	366
7,72717	363
7,72783	361
7,72850	358
7,72917	356
7,72983	353
7,73050	351
7,73117	348
7,73183	346
7,73250	343
7,73317	340
7,73383	337
7,73450	335
7,73517	332
7,73583	329
7,73650	326
7,73717	324
7,73783	321
7,73850	318
7,73917	315
7,73983	313
7,74050	310
7,74117	307
7,74183	305
7,74250	302
7,74317	299
7,74383	297
7,74450	294
7,74517	291
7,74583	289
7,74650	287
7,74717	284
7,74783	282
7,74850	280
7,74917	277
7,74983	275
7,75050	273
7,75117	271
7,75183	269
7,75250	267
7,75317	265
7,75383	263
7,75450	262
7,75517	260
7,75583	259
7,75650	257
7,75717	256
7,75783	254
7,75850	253
7,75917	251
7,75983	250
7,76050	248
7,76117	247
7,76183	246
7,76250	245
7,76317	243
7,76383	242
7,76450	241
7,76517	240
7,76583	239
7,76650	238
7,76717	237
7,76783	236
7,76850	235
7,76917	234
7,76983	233
7,77050	232
7,77117	231
7,77183	230
7,77250	229
7,77317	228
7,77383	227
7,77450	226
7,77517	224
7,77583	223
7,77650	222
7,77717	221
7,77783	220
7,77850	218
7,77917	217
7,77983	216
7,78050	215
7,78117	214
7,78183	212
7,78250	211
7,78317	210
7,78383	208
7,78450	207
7,78517	205
7,78583	204
7,78650	202
7,78717	201
7,78783	199
7,78850	198
7,78917	196
7,78983	194
7,79050	193
7,79117	191
7,79183	190
7,79250	189
7,79317	187
7,79383	186
7,79450	184
7,79517	183
7,79583	181
7,79650	180
7,79717	179
7,79783	177
7,79850	176
7,79917	174
7,79983	173
7,80050	172
7,80117	170
7,80183	169
7,80250	168
7,80317	167
7,80383	166
7,80450	165
7,80517	163
7,80583	162
7,80650	161
7,80717	160
7,80783	160
7,80850	159
7,80917	159
7,80983	158
7,81050	157
7,81117	157
7,81183	156
7,81250	156
7,81317	155
7,81383	155
7,81450	155
7,81517	154
7,81583	153
7,81650	153
7,81717	152
7,81783	152
7,81850	151
7,81917	151
7,81983	150
7,82050	150
7,82117	149
7,82183	149
7,82250	149
7,82317	148
7,82383	148
7,82450	147
7,82517	147
7,82583	146
7,82650	146
7,82717	145
7,82783	145
7,82850	144
7,82917	144
7,82983	143
7,83050	142
7,83117	142
7,83183	141
7,83250	141
7,83317	140
7,83383	140
7,83450	139
7,83517	138
7,83583	138
7,83650	137
7,83717	137
7,83783	136
7,83850	136
7,83917	135
7,83983	134
7,84050	133
7,84117	132
7,84183	131
7,84250	131
7,84317	130
7,84383	129
7,84450	128
7,84517	127
7,84583	126
7,84650	125
7,84717	124
7,84783	123
7,84850	122
7,84917	121
7,84983	120
7,85050	120
7,85117	119
7,85183	118
7,85250	118
7,85317	117
7,85383	117
7,85450	116
7,85517	116
7,85583	116
7,85650	115
7,85717	115
7,85783	115
7,85850	114
7,85917	114
7,85983	113
7,86050	113
7,86117	112
7,86183	112
7,86250	111
7,86317	111
7,86383	110
7,86450	110
7,86517	109
7,86583	109
7,86650	108
7,86717	107
7,86783	107
7,86850	106
7,86917	105
7,86983	105
7,87050	104
7,87117	103
7,87183	102
7,87250	101
7,87317	101
7,87383	100
7,87450	100
7,87517	99
7,87583	99
7,87650	99
7,87717	99
7,87783	99
7,87850	99
7,87917	99
7,87983	99
7,88050	99
7,88117	99
7,88183	99
7,88250	99
7,88317	99
7,88383	99
7,88450	99
7,88517	99
7,88583	99
7,88650	99
7,88717	98
7,88783	98
7,88850	98
7,88917	98
7,88983	98
7,89050	98
7,89117	98
7,89183	97
7,89250	97
7,89317	97
7,89383	96
7,89450	96
7,89517	95
7,89583	95
7,89650	94
7,89717	94
7,89783	93
7,89850	93
7,89917	92
7,89983	92
7,90050	91
7,90117	90
7,90183	90
7,90250	89
7,90317	88
7,90383	88
7,90450	87
7,90517	86
7,90583	86
7,90650	85
7,90717	85
7,90783	84
7,90850	84
7,90917	84
7,90983	83
7,91050	83
7,91117	82
7,91183	82
7,91250	81
7,91317	81
7,91383	80
7,91450	80
7,91517	79
7,91583	79
7,91650	79
7,91717	79
7,91783	79
7,91850	79
7,91917	79
7,91983	79
7,92050	79
7,92117	79
7,92183	79
7,92250	80
7,92317	80
7,92383	80
7,92450	80
7,92517	80
7,92583	80
7,92650	79
7,92717	79
7,92783	79
7,92850	79
7,92917	79
7,92983	79
7,93050	79
7,93117	79
7,93183	79
7,93250	79
7,93317	78
7,93383	78
7,93450	77
7,93517	77
7,93583	76
7,93650	76
7,93717	75
7,93783	75
7,93850	74
7,93917	74
7,93983	74
7,94050	73
7,94117	73
7,94183	73
7,94250	72
7,94317	72
7,94383	72
7,94450	72
7,94517	72
7,94583	72
7,94650	71
7,94717	71
7,94783	71
7,94850	71
7,94917	71
7,94983	71
7,95050	70
7,95117	70
7,95183	70
7,95250	70
7,95317	69
7,95383	69
7,95450	69
7,95517	69
7,95583	68
7,95650	68
7,95717	68
7,95783	67
7,95850	67
7,95917	67
7,95983	66
7,96050	66
7,96117	66
7,96183	66
7,96250	65
7,96317	65
7,96383	64
7,96450	64
7,96517	63
7,96583	63
7,96650	62
7,96717	62
7,96783	61
7,96850	61
7,96917	60
7,96983	59
7,97050	59
7,97117	58
7,97183	58
7,97250	57
7,97317	57
7,97383	56
7,97450	56
7,97517	56
7,97583	55
7,97650	55
7,97717	54
7,97783	54
7,97850	54
7,97917	54
7,97983	54
7,98050	54
7,98117	54
7,98183	54
7,98250	54
7,98317	53
7,98383	53
7,98450	53
7,98517	53
7,98583	53
7,98650	53
7,98717	53
7,98783	52
7,98850	52
7,98917	52
7,98983	51
7,99050	51
7,99117	51
7,99183	50
7,99250	50
7,99317	50
7,99383	50
7,99450	50
7,99517	50
7,99583	50
7,99650	50
7,99717	50
7,99783	50
7,99850	50
7,99917	49
7,99983	49
8,00050	49
8,00117	49
8,00183	49
8,00250	49
8,00317	49
8,00383	48
8,00450	48
8,00517	48
8,00583	48
8,00650	48
8,00717	48
8,00783	47
8,00850	47
8,00917	47
8,00983	47
8,01050	47
8,01117	47
8,01183	47
8,01250	47
8,01317	47
8,01383	47
8,01450	47
8,01517	47
8,01583	47
8,01650	47
8,01717	47
8,01783	46
8,01850	46
8,01917	46
8,01983	45
8,02050	45
8,02117	45
8,02183	44
8,02250	44
8,02317	44
8,02383	44
8,02450	43
8,02517	43
8,02583	43
8,02650	43
8,02717	43
8,02783	42
8,02850	42
8,02917	42
8,02983	42
8,03050	41
8,03117	41
8,03183	40
8,03250	40
8,03317	39
8,03383	39
8,03450	38
8,03517	38
8,03583	38
8,03650	37
8,03717	37
8,03783	37
8,03850	37
8,03917	37
8,03983	37
8,04050	37
8,04117	37
8,04183	37
8,04250	37
8,04317	37
8,04383	37
8,04450	37
8,04517	37
8,04583	37
8,04650	37
8,04717	36
8,04783	36
8,04850	36
8,04917	36
8,04983	36
8,05050	35
8,05117	35
8,05183	35
8,05250	35
8,05317	35
8,05383	35
8,05450	35
8,05517	35
8,05583	35
8,05650	35
8,05717	35
8,05783	35
8,05850	35
8,05917	36
8,05983	36
8,06050	36
8,06117	36
8,06183	36
8,06250	36
8,06317	36
8,06383	36
8,06450	36
8,06517	36
8,06583	36
8,06650	36
8,06717	36
8,06783	36
8,06850	37
8,06917	37
8,06983	37
8,07050	37
8,07117	38
8,07183	38
8,07250	38
8,07317	38
8,07383	38
8,07450	38
8,07517	37
8,07583	37
8,07650	37
8,07717	37
8,07783	37
8,07850	37
8,07917	37
8,07983	37
8,08050	37
8,08117	37
8,08183	37
8,08250	36
8,08317	36
8,08383	35
8,08450	35
8,08517	35
8,08583	35
8,08650	34
8,08717	34
8,08783	34
8,08850	34
8,08917	34
8,08983	33
8,09050	33
8,09117	33
8,09183	33
8,09250	33
8,09317	33
8,09383	33
8,09450	33
8,09517	33
8,09583	33
8,09650	33
8,09717	33
8,09783	33
8,09850	32
8,09917	32
8,09983	32
8,10050	33
8,10117	33
8,10183	33
8,10250	33
8,10317	33
8,10383	33
8,10450	33
8,10517	33
8,10583	33
8,10650	33
8,10717	33
8,10783	32
8,10850	32
8,10917	32
8,10983	32
8,11050	32
8,11117	32
8,11183	31
8,11250	31
8,11317	31
8,11383	31
8,11450	30
8,11517	30
8,11583	30
8,11650	30
8,11717	30
8,11783	30
8,11850	30
8,11917	30
8,11983	30
8,12050	30
8,12117	29
8,12183	29
8,12250	29
8,12317	29
8,12383	29
8,12450	29
8,12517	29
8,12583	29
8,12650	29
8,12717	29
8,12783	29
8,12850	29
8,12917	29
8,12983	29
8,13050	29
8,13117	29
8,13183	29
8,13250	28
8,13317	28
8,13383	28
8,13450	28
8,13517	28
8,13583	28
8,13650	28
8,13717	28
8,13783	28
8,13850	28
8,13917	28
8,13983	28
8,14050	28
8,14117	28
8,14183	29
8,14250	29
8,14317	29
8,14383	29
8,14450	29
8,14517	29
8,14583	29
8,14650	29
8,14717	29
8,14783	30
8,14850	30
8,14917	30
8,14983	30
8,15050	30
8,15117	30
8,15183	30
8,15250	30
8,15317	30
8,15383	30
8,15450	30
8,15517	29
8,15583	29
8,15650	29
8,15717	29
8,15783	29
8,15850	29
8,15917	29
8,15983	28
8,16050	28
8,16117	28
8,16183	27
8,16250	27
8,16317	27
8,16383	27
8,16450	27
8,16517	27
8,16583	26
8,16650	26
8,16717	26
8,16783	25
8,16850	25
8,16917	25
8,16983	25
8,17050	25
8,17117	24
8,17183	24
8,17250	24
8,17317	24
8,17383	24
8,17450	24
8,17517	24
8,17583	24
8,17650	24
8,17717	24
8,17783	24
8,17850	24
8,17917	24
8,17983	23
8,18050	23
8,18117	23
8,18183	22
8,18250	22
8,18317	22
8,18383	22
8,18450	22
8,18517	22
8,18583	22
8,18650	22
8,18717	22
8,18783	22
8,18850	22
8,18917	22
8,18983	23
8,19050	23
8,19117	23
8,19183	23
8,19250	23
8,19317	23
8,19383	23
8,19450	23
8,19517	23
8,19583	23
8,19650	23
8,19717	23
8,19783	23
8,19850	23
8,19917	23
8,19983	22
8,20050	22
8,20117	22
8,20183	22
8,20250	22
8,20317	22
8,20383	22
8,20450	22
8,20517	22
8,20583	22
8,20650	21
8,20717	21
8,20783	21
8,20850	21
8,20917	21
8,20983	21
8,21050	20
8,21117	20
8,21183	20
8,21250	19
8,21317	19
8,21383	19
8,21450	19
8,21517	18
8,21583	18
8,21650	18
8,21717	18
8,21783	17
8,21850	17
8,21917	17
8,21983	17
8,22050	17
8,22117	16
8,22183	16
8,22250	16
8,22317	16
8,22383	16
8,22450	16
8,22517	15
8,22583	15
8,22650	15
8,22717	15
8,22783	15
8,22850	15
8,22917	15
8,22983	15
8,23050	15
8,23117	15
8,23183	15
8,23250	15
8,23317	15
8,23383	15
8,23450	15
8,23517	15
8,23583	15
8,23650	15
8,23717	15
8,23783	15
8,23850	15
8,23917	14
8,23983	14
8,24050	14
8,24117	13
8,24183	13
8,24250	13
8,24317	13
8,24383	13
8,24450	12
8,24517	12
8,24583	12
8,24650	12
8,24717	12
8,24783	12
8,24850	12
8,24917	12
8,24983	12
8,25050	12
8,25117	13
8,25183	13
8,25250	13
8,25317	13
8,25383	13
8,25450	13
8,25517	13
8,25583	13
8,25650	13
8,25717	13
8,25783	13
8,25850	12
8,25917	13
8,25983	13
8,26050	13
8,26117	13
8,26183	13
8,26250	13
8,26317	13
8,26383	13
8,26450	13
8,26517	13
8,26583	13
8,26650	13
8,26717	13
8,26783	13
8,26850	14
8,26917	14
8,26983	14
8,27050	14
8,27117	15
8,27183	15
8,27250	15
8,27317	15
8,27383	15
8,27450	15
8,27517	15
8,27583	15
8,27650	15
8,27717	15
8,27783	15
8,27850	15
8,27917	14
8,27983	14
8,28050	14
8,28117	14
8,28183	14
8,28250	14
8,28317	14
8,28383	14
8,28450	13
8,28517	13
8,28583	13
8,28650	13
8,28717	13
8,28783	13
8,28850	13
8,28917	13
8,28983	13
8,29050	12
8,29117	12
8,29183	12
8,29250	11
8,29317	11
8,29383	11
8,29450	11
8,29517	12
8,29583	12
8,29650	12
8,29717	12
8,29783	13
8,29850	13
8,29917	14
8,29983	14
8,30050	15
8,30117	15
8,30183	16
8,30250	16
8,30317	17
8,30383	17
8,30450	18
8,30517	18
8,30583	18
8,30650	19
8,30717	19
8,30783	19
8,30850	19
8,30917	20
8,30983	20
8,31050	20
8,31117	20
8,31183	20
8,31250	21
8,31317	21
8,31383	21
8,31450	21
8,31517	21
8,31583	22
8,31650	22
8,31717	22
8,31783	22
8,31850	22
8,31917	22
8,31983	22
8,32050	22
8,32117	22
8,32183	22
8,32250	23
8,32317	22
8,32383	22
8,32450	22
8,32517	22
8,32583	22
8,32650	21
8,32717	21
8,32783	21
8,32850	21
8,32917	20
8,32983	20
8,33050	20
8,33117	20
8,33183	20
8,33250	20
8,33317	20
8,33383	20
8,33450	20
8,33517	20
8,33583	20
8,33650	21
8,33717	21
8,33783	21
8,33850	21
8,33917	21
8,33983	21
8,34050	21
8,34117	21
8,34183	21
8,34250	21
8,34317	21
8,34383	21
8,34450	21
8,34517	22
8,34583	22
8,34650	22
8,34717	23
8,34783	23
8,34850	23
8,34917	23
8,34983	23
8,35050	23
8,35117	23
8,35183	23
8,35250	23
8,35317	23
8,35383	23
8,35450	23
8,35517	23
8,35583	23
8,35650	23
8,35717	23
8,35783	23
8,35850	23
8,35917	23
8,35983	23
8,36050	23
8,36117	23
8,36183	23
8,36250	23
8,36317	23
8,36383	23
8,36450	23
8,36517	22
8,36583	22
8,36650	22
8,36717	21
8,36783	21
8,36850	20
8,36917	20
8,36983	20
8,37050	19
8,37117	19
8,37183	18
8,37250	18
8,37317	18
8,37383	17
8,37450	17
8,37517	17
8,37583	17
8,37650	17
8,37717	17
8,37783	17
8,37850	17
8,37917	17
8,37983	17
8,38050	17
8,38117	17
8,38183	16
8,38250	16
8,38317	16
8,38383	16
8,38450	15
8,38517	15
8,38583	15
8,38650	14
8,38717	14
8,38783	14
8,38850	14
8,38917	14
8,38983	14
8,39050	13
8,39117	13
8,39183	13
8,39250	13
8,39317	13
8,39383	12
8,39450	12
8,39517	12
8,39583	12
8,39650	11
8,39717	11
8,39783	11
8,39850	11
8,39917	11
8,39983	11
8,40050	11
8,40117	11
8,40183	11
8,40250	11
8,40317	11
8,40383	11
8,40450	11
8,40517	11
8,40583	12
8,40650	12
8,40717	12
8,40783	12
8,40850	12
8,40917	12
8,40983	12
8,41050	12
8,41117	12
8,41183	13
8,41250	13
8,41317	13
8,41383	13
8,41450	13
8,41517	12
8,41583	12
8,41650	12
8,41717	12
8,41783	11
8,41850	11
8,41917	11
8,41983	11
8,42050	11
8,42117	11
8,42183	11
8,42250	11
8,42317	10
8,42383	10
8,42450	10
8,42517	10
8,42583	9
8,42650	9
8,42717	9
8,42783	9
8,42850	9
8,42917	9
8,42983	9
8,43050	9
8,43117	9
8,43183	9
8,43250	8
8,43317	8
8,43383	8
8,43450	8
8,43517	8
8,43583	9
8,43650	9
8,43717	9
8,43783	9
8,43850	9
8,43917	9
8,43983	9
8,44050	10
8,44117	10
8,44183	10
8,44250	10
8,44317	10
8,44383	10
8,44450	10
8,44517	10
8,44583	10
8,44650	10
8,44717	10
8,44783	10
8,44850	10
8,44917	10
8,44983	10
8,45050	10
8,45117	10
8,45183	10
8,45250	10
8,45317	10
8,45383	10
8,45450	10
8,45517	10
8,45583	10
8,45650	10
8,45717	10
8,45783	10
8,45850	10
8,45917	10
8,45983	10
8,46050	10
8,46117	10
8,46183	10
8,46250	10
8,46317	10
8,46383	10
8,46450	10
8,46517	10
8,46583	10
8,46650	10
8,46717	9
8,46783	9
8,46850	10
8,46917	10
8,46983	10
8,47050	10
8,47117	9
8,47183	10
8,47250	10
8,47317	9
8,47383	9
8,47450	9
8,47517	9
8,47583	9
8,47650	9
8,47717	9
8,47783	9
8,47850	8
8,47917	8
8,47983	8
8,48050	8
8,48117	7
8,48183	7
8,48250	7
8,48317	7
8,48383	7
8,48450	7
8,48517	7
8,48583	7
8,48650	7
8,48717	7
8,48783	7
8,48850	7
8,48917	7
8,48983	7
8,49050	7
8,49117	7
8,49183	6
8,49250	6
8,49317	6
8,49383	6
8,49450	6
8,49517	6
8,49583	6
8,49650	6
8,49717	6
8,49783	6
8,49850	6
8,49917	6
8,49983	6
8,50050	6
8,50117	6
8,50183	6
8,50250	7
8,50317	7
8,50383	7
8,50450	7
8,50517	7
8,50583	8
8,50650	8
8,50717	8
8,50783	8
8,50850	8
8,50917	9
8,50983	9
8,51050	9
8,51117	9
8,51183	9
8,51250	9
8,51317	9
8,51383	9
8,51450	9
8,51517	9
8,51583	8
8,51650	8
8,51717	8
8,51783	8
8,51850	8
8,51917	8
8,51983	8
8,52050	8
8,52117	8
8,52183	8
8,52250	8
8,52317	8
8,52383	8
8,52450	8
8,52517	8
8,52583	8
8,52650	8
8,52717	9
8,52783	9
8,52850	9
8,52917	9
8,52983	10
8,53050	10
8,53117	10
8,53183	10
8,53250	10
8,53317	10
8,53383	10
8,53450	10
8,53517	10
8,53583	10
8,53650	11
8,53717	11
8,53783	10
8,53850	10
8,53917	10
8,53983	10
8,54050	10
8,54117	10
8,54183	10
8,54250	10
8,54317	10
8,54383	10
8,54450	10
8,54517	10
8,54583	10
8,54650	10
8,54717	10
8,54783	10
8,54850	10
8,54917	10
8,54983	10
8,55050	10
8,55117	10
8,55183	9
8,55250	9
8,55317	9
8,55383	9
8,55450	9
8,55517	10
8,55583	10
8,55650	10
8,55717	11
8,55783	11
8,55850	11
8,55917	11
8,55983	11
8,56050	11
8,56117	11
8,56183	11
8,56250	11
8,56317	11
8,56383	11
8,56450	10
8,56517	10
8,56583	10
8,56650	9
8,56717	9
8,56783	9
8,56850	8
8,56917	8
8,56983	8
8,57050	8
8,57117	8
8,57183	8
8,57250	8
8,57317	8
8,57383	8
8,57450	8
8,57517	7
8,57583	7
8,57650	7
8,57717	7
8,57783	7
8,57850	7
8,57917	7
8,57983	7
8,58050	7
8,58117	7
8,58183	8
8,58250	8
8,58317	8
8,58383	9
8,58450	9
8,58517	9
8,58583	9
8,58650	9
8,58717	10
8,58783	10
8,58850	10
8,58917	10
8,58983	10
8,59050	10
8,59117	10
8,59183	10
8,59250	10
8,59317	10
8,59383	10
8,59450	10
8,59517	10
8,59583	9
8,59650	9
8,59717	9
8,59783	9
8,59850	9
8,59917	9
8,59983	8
8,60050	8
8,60117	8
8,60183	8
8,60250	8
8,60317	8
8,60383	8
8,60450	8
8,60517	8
8,60583	8
8,60650	8
8,60717	8
8,60783	8
8,60850	8
8,60917	8
8,60983	8
8,61050	8
8,61117	8
8,61183	8
8,61250	8
8,61317	8
8,61383	8
8,61450	8
8,61517	8
8,61583	8
8,61650	8
8,61717	8
8,61783	8
8,61850	8
8,61917	8
8,61983	8
8,62050	8
8,62117	8
8,62183	9
8,62250	9
8,62317	9
8,62383	9
8,62450	9
8,62517	9
8,62583	9
8,62650	9
8,62717	9
8,62783	9
8,62850	8
8,62917	8
8,62983	8
8,63050	8
8,63117	7
8,63183	7
8,63250	7
8,63317	7
8,63383	7
8,63450	7
8,63517	7
8,63583	7
8,63650	8
8,63717	8
8,63783	8
8,63850	8
8,63917	9
8,63983	9
8,64050	9
8,64117	9
8,64183	9
8,64250	9
8,64317	9
8,64383	9
8,64450	9
8,64517	9
8,64583	9
8,64650	9
8,64717	9
8,64783	9
8,64850	8
8,64917	8
8,64983	8
8,65050	8
8,65117	8
8,65183	8
8,65250	8
8,65317	8
8,65383	8
8,65450	9
8,65517	9
8,65583	9
8,65650	9
8,65717	9
8,65783	9
8,65850	9
8,65917	8
8,65983	9
8,66050	9
8,66117	9
8,66183	9
8,66250	9
8,66317	9
8,66383	9
8,66450	9
8,66517	9
8,66583	9
8,66650	9
8,66717	9
8,66783	9
8,66850	9
8,66917	8
8,66983	8
8,67050	8
8,67117	8
8,67183	7
8,67250	7
8,67317	7
8,67383	7
8,67450	7
8,67517	7
8,67583	6
8,67650	6
8,67717	6
8,67783	6
8,67850	6
8,67917	5
8,67983	5
8,68050	5
8,68117	5
8,68183	4
8,68250	4
8,68317	4
8,68383	4
8,68450	4
8,68517	4
8,68583	4
8,68650	4
8,68717	4
8,68783	4
8,68850	4
8,68917	4
8,68983	4
8,69050	4
8,69117	4
8,69183	4
8,69250	3
8,69317	3
8,69383	3
8,69450	3
8,69517	3
8,69583	3
8,69650	3
8,69717	3
8,69783	2
8,69850	2
8,69917	2
8,69983	3
8,70050	3
8,70117	3
8,70183	3
8,70250	3
8,70317	3
8,70383	3
8,70450	3
8,70517	3
8,70583	3
8,70650	3
8,70717	3
8,70783	3
8,70850	3
8,70917	2
8,70983	2
8,71050	2
8,71117	2
8,71183	2
8,71250	2
8,71317	2
8,71383	2
8,71450	3
8,71517	3
8,71583	3
8,71650	3
8,71717	4
8,71783	4
8,71850	4
8,71917	4
8,71983	5
8,72050	5
8,72117	5
8,72183	5
8,72250	6
8,72317	6
8,72383	6
8,72450	6
8,72517	6
8,72583	6
8,72650	6
8,72717	6
8,72783	6
8,72850	6
8,72917	6
8,72983	6
8,73050	6
8,73117	7
8,73183	7
8,73250	7
8,73317	7
8,73383	7
8,73450	7
8,73517	7
8,73583	7
8,73650	7
8,73717	7
8,73783	7
8,73850	7
8,73917	8
8,73983	8
8,74050	8
8,74117	8
8,74183	8
8,74250	8
8,74317	8
8,74383	8
8,74450	8
8,74517	8
8,74583	9
8,74650	9
8,74717	8
8,74783	8
8,74850	8
8,74917	8
8,74983	8
8,75050	7
8,75117	7
8,75183	7
8,75250	7
8,75317	7
8,75383	7
8,75450	7
8,75517	7
8,75583	7
8,75650	7
8,75717	6
8,75783	6
8,75850	6
8,75917	6
8,75983	6
8,76050	7
8,76117	7
8,76183	7
8,76250	7
8,76317	7
8,76383	8
8,76450	8
8,76517	8
8,76583	8
8,76650	8
8,76717	8
8,76783	8
8,76850	8
8,76917	8
8,76983	8
8,77050	8
8,77117	8
8,77183	8
8,77250	8
8,77317	8
8,77383	8
8,77450	8
8,77517	8
8,77583	8
8,77650	8
8,77717	7
8,77783	7
8,77850	7
8,77917	7
8,77983	7
8,78050	7
8,78117	7
8,78183	7
8,78250	7
8,78317	7
8,78383	7
8,78450	7
8,78517	7
8,78583	7
8,78650	7
8,78717	7
8,78783	7
8,78850	7
8,78917	6
8,78983	6
8,79050	6
8,79117	6
8,79183	6
8,79250	6
8,79317	6
8,79383	6
8,79450	6
8,79517	6
8,79583	6
8,79650	6
8,79717	6
8,79783	6
8,79850	5
8,79917	5
8,79983	5
8,80050	4
8,80117	4
8,80183	4
8,80250	4
8,80317	3
8,80383	3
8,80450	3
8,80517	3
8,80583	3
8,80650	2
8,80717	2
8,80783	2
8,80850	2
8,80917	1
8,80983	1
8,81050	1
8,81117	1
8,81183	1
8,81250	1
8,81317	1
8,81383	1
8,81450	1
8,81517	2
8,81583	2
8,81650	2
8,81717	3
8,81783	3
8,81850	3
8,81917	4
8,81983	4
8,82050	4
8,82117	5
8,82183	5
8,82250	5
8,82317	6
8,82383	6
8,82450	6
8,82517	7
8,82583	7
8,82650	7
8,82717	7
8,82783	7
8,82850	7
8,82917	7
8,82983	7
8,83050	7
8,83117	7
8,83183	6
8,83250	6
8,83317	6
8,83383	6
8,83450	5
8,83517	5
8,83583	4
8,83650	4
8,83717	4
8,83783	3
8,83850	3
8,83917	3
8,83983	2
8,84050	2
8,84117	2
8,84183	2
8,84250	2
8,84317	1
8,84383	1
8,84450	1
8,84517	1
8,84583	1
8,84650	1
8,84717	1
8,84783	1
8,84850	1
8,84917	1
8,84983	1
8,85050	1
8,85117	1
8,85183	1
8,85250	1
8,85317	1
8,85383	1
8,85450	1
8,85517	1
8,85583	1
8,85650	1
8,85717	2
8,85783	2
8,85850	2
8,85917	2
8,85983	2
8,86050	2
8,86117	2
8,86183	2
8,86250	2
8,86317	2
8,86383	2
8,86450	2
8,86517	2
8,86583	2
8,86650	3
8,86717	3
8,86783	3
8,86850	3
8,86917	4
8,86983	4
8,87050	4
8,87117	4
8,87183	4
8,87250	4
8,87317	4
8,87383	4
8,87450	4
8,87517	4
8,87583	4
8,87650	4
8,87717	4
8,87783	4
8,87850	4
8,87917	4
8,87983	4
8,88050	4
8,88117	4
8,88183	4
8,88250	3
8,88317	3
8,88383	3
8,88450	3
8,88517	3
8,88583	3
8,88650	3
8,88717	3
8,88783	2
8,88850	2
8,88917	2
8,88983	3
8,89050	3
8,89117	3
8,89183	3
8,89250	3
8,89317	3
8,89383	3
8,89450	3
8,89517	3
8,89583	3
8,89650	4
8,89717	4
8,89783	4
8,89850	5
8,89917	5
8,89983	6
8,90050	6
8,90117	7
8,90183	7
8,90250	8
8,90317	8
8,90383	8
8,90450	8
8,90517	8
8,90583	8
8,90650	8
8,90717	8
8,90783	7
8,90850	7
8,90917	7
8,90983	7
8,91050	7
8,91117	8
8,91183	8
8,91250	8
8,91317	8
8,91383	9
8,91450	9
8,91517	9
8,91583	9
8,91650	9
8,91717	9
8,91783	9
8,91850	9
8,91917	9
8,91983	9
8,92050	9
8,92117	8
8,92183	8
8,92250	8
8,92317	8
8,92383	8
8,92450	8
8,92517	8
8,92583	8
8,92650	8
8,92717	8
8,92783	9
8,92850	9
8,92917	9
8,92983	9
8,93050	9
8,93117	10
8,93183	9
8,93250	9
8,93317	9
8,93383	9
8,93450	9
8,93517	8
8,93583	8
8,93650	7
8,93717	7
8,93783	7
8,93850	6
8,93917	6
8,93983	6
8,94050	6
8,94117	6
8,94183	6
8,94250	6
8,94317	6
8,94383	6
8,94450	6
8,94517	6
8,94583	6
8,94650	6
8,94717	6
8,94783	6
8,94850	6
8,94917	6
8,94983	6
8,95050	6
8,95117	6
8,95183	6
8,95250	6
8,95317	6
8,95383	6
8,95450	6
8,95517	6
8,95583	6
8,95650	5
8,95717	5
8,95783	5
8,95850	5
8,95917	5
8,95983	5
8,96050	5
8,96117	5
8,96183	5
8,96250	5
8,96317	5
8,96383	5
8,96450	5
8,96517	5
8,96583	5
8,96650	5
8,96717	5
8,96783	5
8,96850	4
8,96917	4
8,96983	4
8,97050	4
8,97117	4
8,97183	3
8,97250	3
8,97317	3
8,97383	3
8,97450	3
8,97517	3
8,97583	3
8,97650	3
8,97717	3
8,97783	3
8,97850	3
8,97917	3
8,97983	3
8,98050	3
8,98117	3
8,98183	4
8,98250	4
8,98317	4
8,98383	4
8,98450	4
8,98517	4
8,98583	4
8,98650	4
8,98717	4
8,98783	4
8,98850	4
8,98917	4
8,98983	4
8,99050	4
8,99117	4
8,99183	3
8,99250	3
8,99317	3
8,99383	3
8,99450	3
8,99517	3
8,99583	3
8,99650	2
8,99717	2
8,99783	3
8,99850	3
8,99917	3
8,99983	3
9,00050	3
9,00117	4
9,00183	4
9,00250	4
9,00317	5
9,00383	5
9,00450	5
9,00517	5
9,00583	6
9,00650	6
9,00717	6
9,00783	7
9,00850	7
9,00917	7
9,00983	7
9,01050	7
9,01117	7
9,01183	7
9,01250	6
9,01317	6
9,01383	5
9,01450	5
9,01517	5
9,01583	5
9,01650	4
9,01717	4
9,01783	4
9,01850	4
9,01917	4
9,01983	4
9,02050	4
9,02117	4
9,02183	4
9,02250	4
9,02317	4
9,02383	3
9,02450	3
9,02517	3
9,02583	3
9,02650	3
9,02717	4
9,02783	4
9,02850	4
9,02917	4
9,02983	5
9,03050	5
9,03117	5
9,03183	6
9,03250	6
9,03317	6
9,03383	6
9,03450	6
9,03517	7
9,03583	7
9,03650	7
9,03717	7
9,03783	7
9,03850	7
9,03917	7
9,03983	7
9,04050	7
9,04117	7
9,04183	7
9,04250	7
9,04317	7
9,04383	7
9,04450	7
9,04517	7
9,04583	7
9,04650	7
9,04717	7
9,04783	7
9,04850	8
9,04917	8
9,04983	8
9,05050	8
9,05117	8
9,05183	8
9,05250	8
9,05317	8
9,05383	8
9,05450	7
9,05517	7
9,05583	7
9,05650	8
9,05717	8
9,05783	7
9,05850	7
9,05917	7
9,05983	7
9,06050	7
9,06117	7
9,06183	7
9,06250	7
9,06317	7
9,06383	7
9,06450	7
9,06517	6
9,06583	6
9,06650	6
9,06717	6
9,06783	6
9,06850	5
9,06917	5
9,06983	5
9,07050	5
9,07117	5
9,07183	5
9,07250	5
9,07317	6
9,07383	6
9,07450	6
9,07517	6
9,07583	5
9,07650	5
9,07717	5
9,07783	5
9,07850	5
9,07917	5
9,07983	5
9,08050	5
9,08117	5
9,08183	5
9,08250	5
9,08317	5
9,08383	5
9,08450	5
9,08517	5
9,08583	5
9,08650	6
9,08717	6
9,08783	6
9,08850	6
9,08917	6
9,08983	6
9,09050	6
9,09117	6
9,09183	6
9,09250	6
9,09317	6
9,09383	6
9,09450	6
9,09517	6
9,09583	7
9,09650	7
9,09717	7
9,09783	7
9,09850	7
9,09917	7
9,09983	7
9,10050	7
9,10117	7
9,10183	7
9,10250	7
9,10317	6
9,10383	6
9,10450	6
9,10517	6
9,10583	6
9,10650	6
9,10717	6
9,10783	6
9,10850	6
9,10917	6
9,10983	5
9,11050	5
9,11117	6
9,11183	6
9,11250	6
9,11317	6
9,11383	5
9,11450	5
9,11517	5
9,11583	5
9,11650	5
9,11717	5
9,11783	4
9,11850	4
9,11917	4
9,11983	3
9,12050	3
9,12117	3
9,12183	3
9,12250	3
9,12317	3
9,12383	3
9,12450	3
9,12517	3
9,12583	3
9,12650	3
9,12717	3
9,12783	3
9,12850	3
9,12917	3
9,12983	3
9,13050	2
9,13117	2
9,13183	2
9,13250	2
9,13317	2
9,13383	2
9,13450	2
9,13517	3
9,13583	3
9,13650	3
9,13717	3
9,13783	3
9,13850	3
9,13917	3
9,13983	3
9,14050	3
9,14117	3
9,14183	3
9,14250	4
9,14317	4
9,14383	4
9,14450	4
9,14517	5
9,14583	5
9,14650	5
9,14717	5
9,14783	6
9,14850	6
9,14917	6
9,14983	7
9,15050	7
9,15117	7
9,15183	8
9,15250	8
9,15317	8
9,15383	9
9,15450	9
9,15517	9
9,15583	9
9,15650	10
9,15717	10
9,15783	10
9,15850	10
9,15917	10
9,15983	10
9,16050	10
9,16117	10
9,16183	9
9,16250	9
9,16317	9
9,16383	9
9,16450	9
9,16517	9
9,16583	9
9,16650	9
9,16717	9
9,16783	9
9,16850	9
9,16917	9
9,16983	9
9,17050	8
9,17117	8
9,17183	8
9,17250	8
9,17317	8
9,17383	8
9,17450	8
9,17517	8
9,17583	8
9,17650	9
9,17717	9
9,17783	9
9,17850	9
9,17917	9
9,17983	9
9,18050	9
9,18117	9
9,18183	9
9,18250	9
9,18317	9
9,18383	9
9,18450	9
9,18517	10
9,18583	10
9,18650	10
9,18717	10
9,18783	10
9,18850	10
9,18917	10
9,18983	10
9,19050	10
9,19117	10
9,19183	10
9,19250	10
9,19317	10
9,19383	9
9,19450	9
9,19517	9
9,19583	9
9,19650	9
9,19717	9
9,19783	8
9,19850	8
9,19917	8
9,19983	8
9,20050	8
9,20117	8
9,20183	8
9,20250	8
9,20317	8
9,20383	8
9,20450	8
9,20517	8
9,20583	8
9,20650	7
9,20717	7
9,20783	7
9,20850	7
9,20917	7
9,20983	7
9,21050	7
9,21117	7
9,21183	7
9,21250	8
9,21317	8
9,21383	8
9,21450	8
9,21517	8
9,21583	8
9,21650	8
9,21717	9
9,21783	9
9,21850	9
9,21917	9
9,21983	9
9,22050	9
9,22117	10
9,22183	10
9,22250	10
9,22317	10
9,22383	9
9,22450	9
9,22517	9
9,22583	9
9,22650	9
9,22717	9
9,22783	10
9,22850	10
9,22917	10
9,22983	10
9,23050	10
9,23117	9
9,23183	9
9,23250	9
9,23317	9
9,23383	8
9,23450	8
9,23517	8
9,23583	8
9,23650	7
9,23717	7
9,23783	7
9,23850	7
9,23917	7
9,23983	7
9,24050	7
9,24117	7
9,24183	8
9,24250	8
9,24317	8
9,24383	8
9,24450	8
9,24517	8
9,24583	8
9,24650	8
9,24717	9
9,24783	9
9,24850	9
9,24917	9
9,24983	9
9,25050	9
9,25117	9
9,25183	10
9,25250	10
9,25317	10
9,25383	10
9,25450	11
9,25517	11
9,25583	11
9,25650	11
9,25717	11
9,25783	11
9,25850	11
9,25917	11
9,25983	10
9,26050	10
9,26117	10
9,26183	10
9,26250	10
9,26317	10
9,26383	9
9,26450	9
9,26517	9
9,26583	9
9,26650	9
9,26717	8
9,26783	8
9,26850	7
9,26917	7
9,26983	6
9,27050	6
9,27117	6
9,27183	6
9,27250	5
9,27317	5
9,27383	5
9,27450	5
9,27517	5
9,27583	5
9,27650	4
9,27717	4
9,27783	4
9,27850	4
9,27917	4
9,27983	4
9,28050	4
9,28117	5
9,28183	5
9,28250	5
9,28317	5
9,28383	5
9,28450	6
9,28517	6
9,28583	6
9,28650	6
9,28717	5
9,28783	5
9,28850	5
9,28917	5
9,28983	6
9,29050	6
9,29117	6
9,29183	6
9,29250	6
9,29317	6
9,29383	7
9,29450	7
9,29517	8
9,29583	8
9,29650	8
9,29717	8
9,29783	8
9,29850	8
9,29917	8
9,29983	7
9,30050	7
9,30117	7
9,30183	8
9,30250	8
9,30317	8
9,30383	8
9,30450	8
9,30517	8
9,30583	7
9,30650	7
9,30717	7
9,30783	7
9,30850	6
9,30917	6
9,30983	6
9,31050	6
9,31117	5
9,31183	5
9,31250	5
9,31317	5
9,31383	5
9,31450	5
9,31517	5
9,31583	5
9,31650	5
9,31717	5
9,31783	5
9,31850	5
9,31917	5
9,31983	5
9,32050	5
9,32117	5
9,32183	5
9,32250	5
9,32317	5
9,32383	5
9,32450	5
9,32517	5
9,32583	5
9,32650	5
9,32717	5
9,32783	6
9,32850	6
9,32917	6
9,32983	6
9,33050	6
9,33117	6
9,33183	6
9,33250	6
9,33317	6
9,33383	6
9,33450	6
9,33517	5
9,33583	5
9,33650	5
9,33717	5
9,33783	5
9,33850	5
9,33917	5
9,33983	5
9,34050	5
9,34117	5
9,34183	5
9,34250	5
9,34317	5
9,34383	5
9,34450	5
9,34517	5
9,34583	6
9,34650	6
9,34717	6
9,34783	6
9,34850	6
9,34917	6
9,34983	6
9,35050	7
9,35117	7
9,35183	7
9,35250	7
9,35317	7
9,35383	7
9,35450	8
9,35517	8
9,35583	8
9,35650	9
9,35717	9
9,35783	9
9,35850	9
9,35917	9
9,35983	9
9,36050	9
9,36117	10
9,36183	10
9,36250	9
9,36317	9
9,36383	9
9,36450	9
9,36517	9
9,36583	9
9,36650	9
9,36717	9
9,36783	9
9,36850	9
9,36917	9
9,36983	9
9,37050	9
9,37117	9
9,37183	9
9,37250	9
9,37317	8
9,37383	8
9,37450	8
9,37517	8
9,37583	8
9,37650	7
9,37717	7
9,37783	7
9,37850	7
9,37917	7
9,37983	7
9,38050	7
9,38117	7
9,38183	7
9,38250	7
9,38317	7
9,38383	6
9,38450	6
9,38517	6
9,38583	6
9,38650	6
9,38717	6
9,38783	6
9,38850	6
9,38917	6
9,38983	7
9,39050	7
9,39117	6
9,39183	6
9,39250	6
9,39317	6
9,39383	7
9,39450	7
9,39517	7
9,39583	7
9,39650	7
9,39717	7
9,39783	6
9,39850	6
9,39917	6
9,39983	6
9,40050	6
9,40117	6
9,40183	6
9,40250	6
9,40317	6
9,40383	7
9,40450	7
9,40517	7
9,40583	7
9,40650	7
9,40717	7
9,40783	7
9,40850	7
9,40917	7
9,40983	7
9,41050	8
9,41117	8
9,41183	8
9,41250	8
9,41317	8
9,41383	8
9,41450	8
9,41517	8
9,41583	8
9,41650	8
9,41717	8
9,41783	8
9,41850	9
9,41917	9
9,41983	9
9,42050	10
9,42117	10
9,42183	11
9,42250	12
9,42317	12
9,42383	13
9,42450	13
9,42517	13
9,42583	14
9,42650	14
9,42717	14
9,42783	14
9,42850	14
9,42917	14
9,42983	14
9,43050	14
9,43117	14
9,43183	14
9,43250	14
9,43317	14
9,43383	13
9,43450	13
9,43517	13
9,43583	13
9,43650	12
9,43717	12
9,43783	12
9,43850	12
9,43917	12
9,43983	11
9,44050	11
9,44117	11
9,44183	11
9,44250	10
9,44317	10
9,44383	10
9,44450	10
9,44517	10
9,44583	10
9,44650	10
9,44717	9
9,44783	9
9,44850	9
9,44917	9
9,44983	9
9,45050	9
9,45117	9
9,45183	9
9,45250	8
9,45317	8
9,45383	8
9,45450	8
9,45517	8
9,45583	8
9,45650	8
9,45717	8
9,45783	8
9,45850	8
9,45917	8
9,45983	8
9,46050	8
9,46117	9
9,46183	9
9,46250	9
9,46317	9
9,46383	9
9,46450	9
9,46517	9
9,46583	9
9,46650	9
9,46717	9
9,46783	9
9,46850	9
9,46917	9
9,46983	9
9,47050	9
9,47117	8
9,47183	8
9,47250	8
9,47317	8
9,47383	9
9,47450	9
9,47517	9
9,47583	9
9,47650	10
9,47717	10
9,47783	10
9,47850	10
9,47917	10
9,47983	10
9,48050	11
9,48117	11
9,48183	11
9,48250	10
9,48317	10
9,48383	10
9,48450	10
9,48517	10
9,48583	10
9,48650	10
9,48717	11
9,48783	11
9,48850	11
9,48917	11
9,48983	12
9,49050	12
9,49117	12
9,49183	12
9,49250	12
9,49317	12
9,49383	12
9,49450	12
9,49517	12
9,49583	12
9,49650	12
9,49717	13
9,49783	13
9,49850	13
9,49917	13
9,49983	14
9,50050	14
9,50117	14
9,50183	14
9,50250	14
9,50317	14
9,50383	14
9,50450	14
9,50517	14
9,50583	14
9,50650	13
9,50717	13
9,50783	13
9,50850	13
9,50917	13
9,50983	12
9,51050	12
9,51117	12
9,51183	12
9,51250	12
9,51317	12
9,51383	12
9,51450	12
9,51517	13
9,51583	13
9,51650	13
9,51717	13
9,51783	13
9,51850	13
9,51917	13
9,51983	13
9,52050	13
9,52117	13
9,52183	13
9,52250	13
9,52317	13
9,52383	13
9,52450	13
9,52517	13
9,52583	13
9,52650	12
9,52717	12
9,52783	12
9,52850	12
9,52917	12
9,52983	12
9,53050	11
9,53117	11
9,53183	11
9,53250	11
9,53317	11
9,53383	11
9,53450	10
9,53517	10
9,53583	10
9,53650	10
9,53717	10
9,53783	10
9,53850	10
9,53917	10
9,53983	10
9,54050	10
9,54117	10
9,54183	10
9,54250	10
9,54317	10
9,54383	10
9,54450	10
9,54517	10
9,54583	10
9,54650	10
9,54717	10
9,54783	10
9,54850	10
9,54917	10
9,54983	10
9,55050	10
9,55117	10
9,55183	10
9,55250	10
9,55317	10
9,55383	10
9,55450	10
9,55517	11
9,55583	11
9,55650	11
9,55717	11
9,55783	11
9,55850	11
9,55917	11
9,55983	11
9,56050	11
9,56117	11
9,56183	11
9,56250	11
9,56317	12
9,56383	12
9,56450	12
9,56517	12
9,56583	11
9,56650	11
9,56717	11
9,56783	11
9,56850	11
9,56917	10
9,56983	10
9,57050	10
9,57117	10
9,57183	10
9,57250	10
9,57317	10
9,57383	10
9,57450	10
9,57517	10
9,57583	10
9,57650	10
9,57717	10
9,57783	10
9,57850	11
9,57917	11
9,57983	11
9,58050	10
9,58117	10
9,58183	10
9,58250	10
9,58317	10
9,58383	10
9,58450	10
9,58517	10
9,58583	11
9,58650	11
9,58717	11
9,58783	11
9,58850	11
9,58917	11
9,58983	11
9,59050	12
9,59117	12
9,59183	12
9,59250	13
9,59317	13
9,59383	13
9,59450	14
9,59517	14
9,59583	14
9,59650	14
9,59717	14
9,59783	13
9,59850	13
9,59917	13
9,59983	13
9,60050	13
9,60117	13
9,60183	12
9,60250	12
9,60317	12
9,60383	12
9,60450	12
9,60517	12
9,60583	12
9,60650	12
9,60717	12
9,60783	12
9,60850	12
9,60917	12
9,60983	12
9,61050	12
9,61117	12
9,61183	13
9,61250	13
9,61317	13
9,61383	13
9,61450	13
9,61517	13
9,61583	14
9,61650	14
9,61717	14
9,61783	14
9,61850	14
9,61917	14
9,61983	13
9,62050	13
9,62117	13
9,62183	13
9,62250	13
9,62317	13
9,62383	13
9,62450	12
9,62517	12
9,62583	12
9,62650	12
9,62717	12
9,62783	12
9,62850	11
9,62917	11
9,62983	11
9,63050	11
9,63117	11
9,63183	11
9,63250	11
9,63317	11
9,63383	11
9,63450	11
9,63517	11
9,63583	11
9,63650	11
9,63717	11
9,63783	11
9,63850	11
9,63917	11
9,63983	11
9,64050	11
9,64117	11
9,64183	11
9,64250	11
9,64317	11
9,64383	11
9,64450	11
9,64517	11
9,64583	11
9,64650	11
9,64717	11
9,64783	11
9,64850	11
9,64917	11
9,64983	11
9,65050	11
9,65117	10
9,65183	10
9,65250	10
9,65317	10
9,65383	10
9,65450	9
9,65517	9
9,65583	9
9,65650	9
9,65717	9
9,65783	9
9,65850	10
9,65917	10
9,65983	10
9,66050	10
9,66117	11
9,66183	11
9,66250	11
9,66317	11
9,66383	11
9,66450	11
9,66517	11
9,66583	11
9,66650	11
9,66717	12
9,66783	12
9,66850	12
9,66917	12
9,66983	13
9,67050	13
9,67117	13
9,67183	13
9,67250	13
9,67317	13
9,67383	12
9,67450	12
9,67517	12
9,67583	12
9,67650	12
9,67717	11
9,67783	11
9,67850	11
9,67917	10
9,67983	10
9,68050	10
9,68117	10
9,68183	10
9,68250	10
9,68317	10
9,68383	10
9,68450	10
9,68517	10
9,68583	10
9,68650	10
9,68717	10
9,68783	10
9,68850	10
9,68917	10
9,68983	10
9,69050	10
9,69117	10
9,69183	10
9,69250	10
9,69317	10
9,69383	10
9,69450	10
9,69517	10
9,69583	10
9,69650	10
9,69717	10
9,69783	10
9,69850	10
9,69917	10
9,69983	10
9,70050	10
9,70117	10
9,70183	10
9,70250	10
9,70317	9
9,70383	9
9,70450	9
9,70517	9
9,70583	9
9,70650	9
9,70717	9
9,70783	10
9,70850	10
9,70917	10
9,70983	11
9,71050	11
9,71117	11
9,71183	12
9,71250	12
9,71317	12
9,71383	12
9,71450	12
9,71517	13
9,71583	13
9,71650	13
9,71717	13
9,71783	13
9,71850	12
9,71917	12
9,71983	12
9,72050	12
9,72117	12
9,72183	12
9,72250	12
9,72317	12
9,72383	12
9,72450	12
9,72517	12
9,72583	12
9,72650	12
9,72717	12
9,72783	12
9,72850	12
9,72917	12
9,72983	12
9,73050	12
9,73117	12
9,73183	12
9,73250	12
9,73317	12
9,73383	12
9,73450	12
9,73517	12
9,73583	12
9,73650	12
9,73717	12
9,73783	12
9,73850	12
9,73917	12
9,73983	12
9,74050	12
9,74117	13
9,74183	13
9,74250	13
9,74317	12
9,74383	12
9,74450	12
9,74517	12
9,74583	12
9,74650	11
9,74717	11
9,74783	11
9,74850	11
9,74917	11
9,74983	10
9,75050	10
9,75117	10
9,75183	9
9,75250	9
9,75317	9
9,75383	9
9,75450	9
9,75517	9
9,75583	9
9,75650	9
9,75717	9
9,75783	9
9,75850	8
9,75917	9
9,75983	9
9,76050	9
9,76117	9
9,76183	9
9,76250	9
9,76317	10
9,76383	10
9,76450	10
9,76517	10
9,76583	11
9,76650	11
9,76717	11
9,76783	12
9,76850	12
9,76917	12
9,76983	12
9,77050	12
9,77117	12
9,77183	12
9,77250	13
9,77317	13
9,77383	13
9,77450	14
9,77517	14
9,77583	14
9,77650	15
9,77717	15
9,77783	15
9,77850	15
9,77917	15
9,77983	15
9,78050	14
9,78117	14
9,78183	14
9,78250	14
9,78317	14
9,78383	13
9,78450	13
9,78517	13
9,78583	13
9,78650	13
9,78717	13
9,78783	13
9,78850	12
9,78917	12
9,78983	12
9,79050	12
9,79117	12
9,79183	12
9,79250	12
9,79317	12
9,79383	12
9,79450	12
9,79517	12
9,79583	12
9,79650	12
9,79717	12
9,79783	12
9,79850	12
9,79917	12
9,79983	13
9,80050	13
9,80117	13
9,80183	13
9,80250	13
9,80317	13
9,80383	13
9,80450	13
9,80517	13
9,80583	13
9,80650	13
9,80717	12
9,80783	12
9,80850	12
9,80917	12
9,80983	11
9,81050	11
9,81117	11
9,81183	11
9,81250	10
9,81317	10
9,81383	10
9,81450	10
9,81517	10
9,81583	11
9,81650	11
9,81717	11
9,81783	11
9,81850	11
9,81917	12
9,81983	12
9,82050	12
9,82117	12
9,82183	12
9,82250	12
9,82317	12
9,82383	12
9,82450	12
9,82517	12
9,82583	12
9,82650	13
9,82717	13
9,82783	13
9,82850	13
9,82917	13
9,82983	13
9,83050	13
9,83117	14
9,83183	14
9,83250	13
9,83317	13
9,83383	13
9,83450	13
9,83517	13
9,83583	12
9,83650	12
9,83717	12
9,83783	12
9,83850	12
9,83917	11
9,83983	11
9,84050	11
9,84117	11
9,84183	11
9,84250	11
9,84317	11
9,84383	11
9,84450	10
9,84517	10
9,84583	10
9,84650	11
9,84717	11
9,84783	12
9,84850	12
9,84917	13
9,84983	13
9,85050	14
9,85117	14
9,85183	14
9,85250	14
9,85317	14
9,85383	14
9,85450	14
9,85517	14
9,85583	14
9,85650	14
9,85717	14
9,85783	15
9,85850	15
9,85917	15
9,85983	16
9,86050	16
9,86117	16
9,86183	16
9,86250	16
9,86317	16
9,86383	16
9,86450	16
9,86517	16
9,86583	15
9,86650	15
9,86717	15
9,86783	15
9,86850	15
9,86917	15
9,86983	15
9,87050	15
9,87117	15
9,87183	15
9,87250	15
9,87317	15
9,87383	15
9,87450	15
9,87517	15
9,87583	15
9,87650	15
9,87717	14
9,87783	14
9,87850	14
9,87917	13
9,87983	13
9,88050	13
9,88117	13
9,88183	13
9,88250	12
9,88317	12
9,88383	12
9,88450	12
9,88517	12
9,88583	12
9,88650	12
9,88717	12
9,88783	12
9,88850	12
9,88917	12
9,88983	12
9,89050	12
9,89117	13
9,89183	13
9,89250	13
9,89317	13
9,89383	14
9,89450	14
9,89517	14
9,89583	14
9,89650	14
9,89717	14
9,89783	14
9,89850	15
9,89917	15
9,89983	15
9,90050	15
9,90117	15
9,90183	16
9,90250	16
9,90317	16
9,90383	16
9,90450	16
9,90517	17
9,90583	17
9,90650	17
9,90717	17
9,90783	17
9,90850	18
9,90917	18
9,90983	18
9,91050	18
9,91117	18
9,91183	18
9,91250	18
9,91317	18
9,91383	18
9,91450	18
9,91517	18
9,91583	17
9,91650	17
9,91717	17
9,91783	17
9,91850	17
9,91917	17
9,91983	17
9,92050	17
9,92117	17
9,92183	17
9,92250	17
9,92317	17
9,92383	18
9,92450	18
9,92517	18
9,92583	18
9,92650	17
9,92717	17
9,92783	17
9,92850	17
9,92917	16
9,92983	16
9,93050	16
9,93117	16
9,93183	16
9,93250	16
9,93317	16
9,93383	16
9,93450	17
9,93517	17
9,93583	17
9,93650	17
9,93717	17
9,93783	16
9,93850	16
9,93917	16
9,93983	16
9,94050	15
9,94117	15
9,94183	15
9,94250	14
9,94317	14
9,94383	14
9,94450	14
9,94517	14
9,94583	14
9,94650	14
9,94717	13
9,94783	13
9,94850	13
9,94917	13
9,94983	13
9,95050	13
9,95117	13
9,95183	13
9,95250	13
9,95317	13
9,95383	13
9,95450	13
9,95517	13
9,95583	13
9,95650	13
9,95717	13
9,95783	13
9,95850	13
9,95917	13
9,95983	12
9,96050	12
9,96117	12
9,96183	12
9,96250	12
9,96317	11
9,96383	11
9,96450	11
9,96517	11
9,96583	11
9,96650	11
9,96717	11
9,96783	12
9,96850	12
9,96917	12
9,96983	12
9,97050	12
9,97117	13
9,97183	13
9,97250	13
9,97317	14
9,97383	14
9,97450	15
9,97517	15
9,97583	15
9,97650	16
9,97717	17
9,97783	17
9,97850	18
9,97917	18
9,97983	19
9,98050	19
9,98117	19
9,98183	19
9,98250	20
9,98317	20
9,98383	20
9,98450	21
9,98517	21
9,98583	21
9,98650	21
9,98717	21
9,98783	21
9,98850	21
9,98917	21
9,98983	21
9,99050	21
9,99117	21
9,99183	21
9,99250	21
9,99317	21
9,99383	21
9,99450	21
9,99517	21
9,99583	21
9,99650	21
9,99717	21
9,99783	22
9,99850	22
9,99917	22
9,99983	22
10,00050	22
10,00117	22
10,00183	21
10,00250	21
10,00317	21
10,00383	20
10,00450	20
10,00517	20
10,00583	19
10,00650	19
10,00717	19
10,00783	18
10,00850	18
10,00917	18
10,00983	18
10,01050	17
10,01117	17
10,01183	17
10,01250	17
10,01317	17
10,01383	17
10,01450	17
10,01517	17
10,01583	17
10,01650	16
10,01717	16
10,01783	16
10,01850	16
10,01917	16
10,01983	16
10,02050	16
10,02117	17
10,02183	17
10,02250	17
10,02317	17
10,02383	17
10,02450	17
10,02517	17
10,02583	17
10,02650	17
10,02717	17
10,02783	17
10,02850	17
10,02917	17
10,02983	17
10,03050	17
10,03117	17
10,03183	18
10,03250	18
10,03317	18
10,03383	18
10,03450	18
10,03517	18
10,03583	18
10,03650	18
10,03717	18
10,03783	18
10,03850	18
10,03917	18
10,03983	18
10,04050	18
10,04117	18
10,04183	18
10,04250	18
10,04317	19
10,04383	19
10,04450	19
10,04517	19
10,04583	19
10,04650	19
10,04717	18
10,04783	18
10,04850	19
10,04917	19
10,04983	19
10,05050	19
10,05117	19
10,05183	19
10,05250	20
10,05317	20
10,05383	20
10,05450	20
10,05517	20
10,05583	20
10,05650	21
10,05717	21
10,05783	21
10,05850	20
10,05917	20
10,05983	20
10,06050	20
10,06117	21
10,06183	21
10,06250	21
10,06317	22
10,06383	22
10,06450	22
10,06517	23
10,06583	23
10,06650	23
10,06717	23
10,06783	23
10,06850	23
10,06917	23
10,06983	23
10,07050	23
10,07117	23
10,07183	23
10,07250	23
10,07317	23
10,07383	23
10,07450	23
10,07517	23
10,07583	23
10,07650	22
10,07717	22
10,07783	22
10,07850	22
10,07917	22
10,07983	22
10,08050	22
10,08117	22
10,08183	22
10,08250	22
10,08317	23
10,08383	23
10,08450	23
10,08517	23
10,08583	23
10,08650	23
10,08717	23
10,08783	23
10,08850	23
10,08917	23
10,08983	23
10,09050	23
10,09117	23
10,09183	24
10,09250	24
10,09317	24
10,09383	25
10,09450	25
10,09517	25
10,09583	25
10,09650	25
10,09717	25
10,09783	25
10,09850	25
10,09917	25
10,09983	25
10,10050	25
10,10117	25
10,10183	26
10,10250	26
10,10317	26
10,10383	26
10,10450	26
10,10517	27
10,10583	27
10,10650	27
10,10717	27
10,10783	27
10,10850	27
10,10917	27
10,10983	27
10,11050	27
10,11117	27
10,11183	27
10,11250	27
10,11317	27
10,11383	28
10,11450	28
10,11517	28
10,11583	28
10,11650	28
10,11717	28
10,11783	28
10,11850	28
10,11917	28
10,11983	28
10,12050	28
10,12117	28
10,12183	28
10,12250	28
10,12317	28
10,12383	28
10,12450	28
10,12517	28
10,12583	28
10,12650	28
10,12717	28
10,12783	28
10,12850	27
10,12917	27
10,12983	27
10,13050	27
10,13117	27
10,13183	27
10,13250	27
10,13317	26
10,13383	26
10,13450	26
10,13517	25
10,13583	25
10,13650	25
10,13717	25
10,13783	24
10,13850	24
10,13917	24
10,13983	24
10,14050	24
10,14117	24
10,14183	24
10,14250	24
10,14317	24
10,14383	24
10,14450	24
10,14517	24
10,14583	24
10,14650	24
10,14717	24
10,14783	24
10,14850	24
10,14917	23
10,14983	23
10,15050	23
10,15117	23
10,15183	22
10,15250	22
10,15317	22
10,15383	22
10,15450	22
10,15517	22
10,15583	22
10,15650	22
10,15717	22
10,15783	22
10,15850	22
10,15917	22
10,15983	22
10,16050	22
10,16117	22
10,16183	22
10,16250	22
10,16317	22
10,16383	21
10,16450	21
10,16517	21
10,16583	20
10,16650	20
10,16717	20
10,16783	20
10,16850	20
10,16917	20
10,16983	20
10,17050	20
10,17117	20
10,17183	20
10,17250	20
10,17317	20
10,17383	19
10,17450	19
10,17517	19
10,17583	19
10,17650	18
10,17717	18
10,17783	18
10,17850	18
10,17917	18
10,17983	18
10,18050	18
10,18117	18
10,18183	18
10,18250	18
10,18317	18
10,18383	18
10,18450	18
10,18517	18
10,18583	18
10,18650	18
10,18717	19
10,18783	19
10,18850	19
10,18917	19
10,18983	19
10,19050	20
10,19117	20
10,19183	20
10,19250	20
10,19317	20
10,19383	20
10,19450	21
10,19517	21
10,19583	20
10,19650	20
10,19717	20
10,19783	20
10,19850	20
10,19917	20
10,19983	20
10,20050	20
10,20117	20
10,20183	20
10,20250	20
10,20317	21
10,20383	21
10,20450	21
10,20517	21
10,20583	21
10,20650	21
10,20717	21
10,20783	21
10,20850	21
10,20917	22
10,20983	22
10,21050	22
10,21117	22
10,21183	22
10,21250	22
10,21317	22
10,21383	23
10,21450	23
10,21517	23
10,21583	22
10,21650	23
10,21717	23
10,21783	23
10,21850	23
10,21917	23
10,21983	23
10,22050	23
10,22117	23
10,22183	23
10,22250	23
10,22317	23
10,22383	23
10,22450	23
10,22517	22
10,22583	22
10,22650	22
10,22717	22
10,22783	22
10,22850	21
10,22917	21
10,22983	21
10,23050	21
10,23117	21
10,23183	21
10,23250	21
10,23317	20
10,23383	20
10,23450	20
10,23517	20
10,23583	20
10,23650	20
10,23717	20
10,23783	20
10,23850	20
10,23917	20
10,23983	20
10,24050	20
10,24117	20
10,24183	20
10,24250	20
10,24317	20
10,24383	20
10,24450	20
10,24517	20
10,24583	20
10,24650	20
10,24717	20
10,24783	19
10,24850	19
10,24917	19
10,24983	19
10,25050	19
10,25117	19
10,25183	20
10,25250	20
10,25317	20
10,25383	20
10,25450	20
10,25517	20
10,25583	20
10,25650	20
10,25717	20
10,25783	20
10,25850	21
10,25917	21
10,25983	21
10,26050	21
10,26117	21
10,26183	22
10,26250	22
10,26317	22
10,26383	22
10,26450	22
10,26517	23
10,26583	23
10,26650	23
10,26717	23
10,26783	23
10,26850	23
10,26917	23
10,26983	23
10,27050	23
10,27117	23
10,27183	23
10,27250	23
10,27317	24
10,27383	24
10,27450	24
10,27517	24
10,27583	24
10,27650	24
10,27717	24
10,27783	24
10,27850	23
10,27917	23
10,27983	23
10,28050	22
10,28117	22
10,28183	22
10,28250	22
10,28317	21
10,28383	21
10,28450	21
10,28517	21
10,28583	21
10,28650	21
10,28717	20
10,28783	20
10,28850	20
10,28917	20
10,28983	20
10,29050	20
10,29117	20
10,29183	21
10,29250	21
10,29317	21
10,29383	22
10,29450	22
10,29517	23
10,29583	23
10,29650	23
10,29717	24
10,29783	24
10,29850	24
10,29917	24
10,29983	23
10,30050	23
10,30117	23
10,30183	22
10,30250	22
10,30317	22
10,30383	22
10,30450	21
10,30517	21
10,30583	21
10,30650	21
10,30717	21
10,30783	21
10,30850	21
10,30917	21
10,30983	20
10,31050	20
10,31117	20
10,31183	19
10,31250	19
10,31317	19
10,31383	18
10,31450	18
10,31517	18
10,31583	18
10,31650	18
10,31717	18
10,31783	18
10,31850	18
10,31917	18
10,31983	18
10,32050	18
10,32117	18
10,32183	18
10,32250	18
10,32317	19
10,32383	19
10,32450	19
10,32517	19
10,32583	19
10,32650	19
10,32717	19
10,32783	19
10,32850	19
10,32917	19
10,32983	19
10,33050	19
10,33117	19
10,33183	19
10,33250	19
10,33317	19
10,33383	19
10,33450	19
10,33517	19
10,33583	19
10,33650	19
10,33717	19
10,33783	20
10,33850	20
10,33917	20
10,33983	21
10,34050	21
10,34117	21
10,34183	21
10,34250	20
10,34317	20
10,34383	20
10,34450	20
10,34517	20
10,34583	19
10,34650	19
10,34717	19
10,34783	19
10,34850	19
10,34917	19
10,34983	19
10,35050	19
10,35117	20
10,35183	20
10,35250	20
10,35317	20
10,35383	20
10,35450	20
10,35517	20
10,35583	20
10,35650	20
10,35717	20
10,35783	19
10,35850	19
10,35917	19
10,35983	19
10,36050	19
10,36117	19
10,36183	19
10,36250	20
10,36317	20
10,36383	20
10,36450	20
10,36517	20
10,36583	20
10,36650	20
10,36717	20
10,36783	20
10,36850	20
10,36917	19
10,36983	19
10,37050	19
10,37117	19
10,37183	19
10,37250	19
10,37317	18
10,37383	18
10,37450	18
10,37517	18
10,37583	18
10,37650	18
10,37717	18
10,37783	18
10,37850	18
10,37917	18
10,37983	18
10,38050	19
10,38117	19
10,38183	19
10,38250	19
10,38317	20
10,38383	20
10,38450	20
10,38517	20
10,38583	20
10,38650	20
10,38717	21
10,38783	21
10,38850	21
10,38917	21
10,38983	22
10,39050	22
10,39117	23
10,39183	23
10,39250	24
10,39317	24
10,39383	25
10,39450	25
10,39517	26
10,39583	26
10,39650	27
10,39717	27
10,39783	27
10,39850	27
10,39917	28
10,39983	28
10,40050	28
10,40117	28
10,40183	28
10,40250	28
10,40317	28
10,40383	29
10,40450	29
10,40517	29
10,40583	29
10,40650	29
10,40717	29
10,40783	29
10,40850	28
10,40917	28
10,40983	28
10,41050	28
10,41117	28
10,41183	28
10,41250	28
10,41317	28
10,41383	28
10,41450	28
10,41517	28
10,41583	29
10,41650	29
10,41717	29
10,41783	29
10,41850	29
10,41917	29
10,41983	29
10,42050	29
10,42117	29
10,42183	29
10,42250	29
10,42317	29
10,42383	28
10,42450	28
10,42517	29
10,42583	29
10,42650	29
10,42717	29
10,42783	29
10,42850	29
10,42917	30
10,42983	30
10,43050	30
10,43117	30
10,43183	31
10,43250	31
10,43317	30
10,43383	30
10,43450	30
10,43517	30
10,43583	30
10,43650	30
10,43717	30
10,43783	30
10,43850	30
10,43917	30
10,43983	29
10,44050	29
10,44117	29
10,44183	29
10,44250	28
10,44317	28
10,44383	28
10,44450	28
10,44517	28
10,44583	28
10,44650	28
10,44717	28
10,44783	28
10,44850	28
10,44917	29
10,44983	29
10,45050	29
10,45117	29
10,45183	29
10,45250	29
10,45317	29
10,45383	29
10,45450	29
10,45517	29
10,45583	29
10,45650	29
10,45717	29
10,45783	29
10,45850	29
10,45917	29
10,45983	29
10,46050	29
10,46117	29
10,46183	29
10,46250	29
10,46317	28
10,46383	28
10,46450	28
10,46517	28
10,46583	28
10,46650	28
10,46717	28
10,46783	28
10,46850	28
10,46917	28
10,46983	28
10,47050	28
10,47117	28
10,47183	28
10,47250	28
10,47317	28
10,47383	28
10,47450	28
10,47517	28
10,47583	28
10,47650	28
10,47717	28
10,47783	29
10,47850	29
10,47917	29
10,47983	29
10,48050	29
10,48117	29
10,48183	29
10,48250	29
10,48317	29
10,48383	29
10,48450	29
10,48517	29
10,48583	29
10,48650	28
10,48717	28
10,48783	28
10,48850	28
10,48917	28
10,48983	28
10,49050	28
10,49117	28
10,49183	28
10,49250	28
10,49317	28
10,49383	28
10,49450	28
10,49517	28
10,49583	28
10,49650	28
10,49717	28
10,49783	29
10,49850	29
10,49917	29
10,49983	29
10,50050	29
10,50117	29
10,50183	29
10,50250	29
10,50317	29
10,50383	29
10,50450	29
10,50517	29
10,50583	29
10,50650	29
10,50717	29
10,50783	29
10,50850	29
10,50917	29
10,50983	29
10,51050	28
10,51117	28
10,51183	28
10,51250	28
10,51317	28
10,51383	28
10,51450	28
10,51517	27
10,51583	27
10,51650	27
10,51717	27
10,51783	27
10,51850	27
10,51917	27
10,51983	27
10,52050	27
10,52117	27
10,52183	27
10,52250	27
10,52317	27
10,52383	27
10,52450	27
10,52517	27
10,52583	27
10,52650	27
10,52717	27
10,52783	26
10,52850	26
10,52917	26
10,52983	26
10,53050	26
10,53117	26
10,53183	27
10,53250	27
10,53317	27
10,53383	27
10,53450	27
10,53517	27
10,53583	27
10,53650	27
10,53717	27
10,53783	27
10,53850	27
10,53917	27
10,53983	26
10,54050	26
10,54117	26
10,54183	26
10,54250	25
10,54317	25
10,54383	25
10,54450	25
10,54517	25
10,54583	25
10,54650	25
10,54717	25
10,54783	25
10,54850	25
10,54917	25
10,54983	25
10,55050	25
10,55117	25
10,55183	25
10,55250	26
10,55317	26
10,55383	26
10,55450	26
10,55517	26
10,55583	26
10,55650	26
10,55717	26
10,55783	25
10,55850	25
10,55917	25
10,55983	25
10,56050	24
10,56117	24
10,56183	24
10,56250	24
10,56317	24
10,56383	24
10,56450	24
10,56517	25
10,56583	25
10,56650	25
10,56717	25
10,56783	25
10,56850	25
10,56917	25
10,56983	25
10,57050	25
10,57117	25
10,57183	25
10,57250	25
10,57317	25
10,57383	25
10,57450	26
10,57517	26
10,57583	26
10,57650	27
10,57717	27
10,57783	27
10,57850	27
10,57917	28
10,57983	28
10,58050	28
10,58117	28
10,58183	28
10,58250	28
10,58317	28
10,58383	28
10,58450	28
10,58517	28
10,58583	28
10,58650	29
10,58717	29
10,58783	29
10,58850	29
10,58917	29
10,58983	29
10,59050	29
10,59117	29
10,59183	29
10,59250	29
10,59317	29
10,59383	29
10,59450	29
10,59517	29
10,59583	30
10,59650	30
10,59717	30
10,59783	30
10,59850	31
10,59917	31
10,59983	31
10,60050	31
10,60117	31
10,60183	32
10,60250	32
10,60317	32
10,60383	32
10,60450	32
10,60517	33
10,60583	33
10,60650	34
10,60717	34
10,60783	34
10,60850	35
10,60917	35
10,60983	35
10,61050	36
10,61117	36
10,61183	36
10,61250	36
10,61317	36
10,61383	37
10,61450	37
10,61517	37
10,61583	38
10,61650	38
10,61717	38
10,61783	39
10,61850	39
10,61917	39
10,61983	40
10,62050	40
10,62117	40
10,62183	40
10,62250	41
10,62317	41
10,62383	41
10,62450	42
10,62517	42
10,62583	42
10,62650	43
10,62717	43
10,62783	43
10,62850	43
10,62917	43
10,62983	44
10,63050	44
10,63117	44
10,63183	44
10,63250	44
10,63317	44
10,63383	44
10,63450	43
10,63517	43
10,63583	43
10,63650	43
10,63717	43
10,63783	43
10,63850	43
10,63917	44
10,63983	44
10,64050	44
10,64117	44
10,64183	44
10,64250	44
10,64317	44
10,64383	44
10,64450	44
10,64517	43
10,64583	43
10,64650	43
10,64717	43
10,64783	42
10,64850	42
10,64917	42
10,64983	42
10,65050	42
10,65117	42
10,65183	42
10,65250	42
10,65317	42
10,65383	42
10,65450	42
10,65517	42
10,65583	42
10,65650	42
10,65717	42
10,65783	42
10,65850	42
10,65917	42
10,65983	42
10,66050	42
10,66117	42
10,66183	42
10,66250	42
10,66317	42
10,66383	41
10,66450	41
10,66517	41
10,66583	41
10,66650	41
10,66717	40
10,66783	40
10,66850	40
10,66917	40
10,66983	40
10,67050	39
10,67117	39
10,67183	39
10,67250	39
10,67317	39
10,67383	39
10,67450	39
10,67517	38
10,67583	38
10,67650	38
10,67717	38
10,67783	39
10,67850	39
10,67917	39
10,67983	39
10,68050	39
10,68117	40
10,68183	40
10,68250	40
10,68317	40
10,68383	40
10,68450	39
10,68517	39
10,68583	39
10,68650	39
10,68717	38
10,68783	38
10,68850	38
10,68917	38
10,68983	38
10,69050	38
10,69117	38
10,69183	38
10,69250	38
10,69317	38
10,69383	37
10,69450	37
10,69517	37
10,69583	37
10,69650	36
10,69717	36
10,69783	36
10,69850	36
10,69917	36
10,69983	36
10,70050	36
10,70117	36
10,70183	36
10,70250	36
10,70317	36
10,70383	36
10,70450	36
10,70517	36
10,70583	36
10,70650	37
10,70717	37
10,70783	37
10,70850	37
10,70917	37
10,70983	37
10,71050	38
10,71117	38
10,71183	38
10,71250	38
10,71317	39
10,71383	39
10,71450	40
10,71517	40
10,71583	40
10,71650	40
10,71717	40
10,71783	40
10,71850	40
10,71917	40
10,71983	40
10,72050	40
10,72117	40
10,72183	40
10,72250	40
10,72317	40
10,72383	40
10,72450	40
10,72517	40
10,72583	40
10,72650	40
10,72717	40
10,72783	41
10,72850	41
10,72917	41
10,72983	41
10,73050	41
10,73117	40
10,73183	40
10,73250	40
10,73317	40
10,73383	40
10,73450	40
10,73517	40
10,73583	40
10,73650	40
10,73717	40
10,73783	40
10,73850	39
10,73917	39
10,73983	39
10,74050	39
10,74117	39
10,74183	39
10,74250	39
10,74317	39
10,74383	39
10,74450	39
10,74517	39
10,74583	39
10,74650	39
10,74717	39
10,74783	39
10,74850	39
10,74917	39
10,74983	38
10,75050	38
10,75117	38
10,75183	38
10,75250	38
10,75317	38
10,75383	38
10,75450	39
10,75517	39
10,75583	39
10,75650	39
10,75717	40
10,75783	40
10,75850	40
10,75917	40
10,75983	40
10,76050	40
10,76117	40
10,76183	40
10,76250	39
10,76317	39
10,76383	39
10,76450	39
10,76517	39
10,76583	39
10,76650	39
10,76717	38
10,76783	38
10,76850	38
10,76917	38
10,76983	38
10,77050	38
10,77117	38
10,77183	38
10,77250	38
10,77317	38
10,77383	37
10,77450	37
10,77517	37
10,77583	37
10,77650	37
10,77717	37
10,77783	37
10,77850	37
10,77917	37
10,77983	36
10,78050	36
10,78117	36
10,78183	36
10,78250	36
10,78317	35
10,78383	35
10,78450	35
10,78517	35
10,78583	35
10,78650	35
10,78717	35
10,78783	34
10,78850	34
10,78917	34
10,78983	33
10,79050	33
10,79117	33
10,79183	33
10,79250	33
10,79317	32
10,79383	32
10,79450	32
10,79517	32
10,79583	32
10,79650	32
10,79717	32
10,79783	32
10,79850	32
10,79917	32
10,79983	32
10,80050	32
10,80117	32
10,80183	32
10,80250	32
10,80317	32
10,80383	32
10,80450	32
10,80517	32
10,80583	32
10,80650	32
10,80717	32
10,80783	32
10,80850	32
10,80917	32
10,80983	33
10,81050	33
10,81117	33
10,81183	33
10,81250	33
10,81317	33
10,81383	34
10,81450	34
10,81517	33
10,81583	33
10,81650	33
10,81717	33
10,81783	33
10,81850	33
10,81917	33
10,81983	33
10,82050	33
10,82117	33
10,82183	32
10,82250	32
10,82317	32
10,82383	32
10,82450	32
10,82517	31
10,82583	31
10,82650	31
10,82717	31
10,82783	30
10,82850	30
10,82917	30
10,82983	30
10,83050	30
10,83117	30
10,83183	30
10,83250	30
10,83317	30
10,83383	30
10,83450	30
10,83517	30
10,83583	30
10,83650	30
10,83717	30
10,83783	30
10,83850	29
10,83917	29
10,83983	29
10,84050	29
10,84117	29
10,84183	29
10,84250	29
10,84317	29
10,84383	29
10,84450	28
10,84517	28
10,84583	28
10,84650	29
10,84717	29
10,84783	29
10,84850	29
10,84917	29
10,84983	29
10,85050	29
10,85117	28
10,85183	28
10,85250	29
10,85317	29
10,85383	29
10,85450	29
10,85517	29
10,85583	29
10,85650	28
10,85717	28
10,85783	28
10,85850	28
10,85917	28
10,85983	28
10,86050	28
10,86117	27
10,86183	27
10,86250	27
10,86317	27
10,86383	27
10,86450	27
10,86517	27
10,86583	27
10,86650	27
10,86717	27
10,86783	27
10,86850	27
10,86917	28
10,86983	28
10,87050	28
10,87117	27
10,87183	27
10,87250	27
10,87317	27
10,87383	27
10,87450	27
10,87517	27
10,87583	27
10,87650	27
10,87717	27
10,87783	27
10,87850	27
10,87917	27
10,87983	27
10,88050	27
10,88117	27
10,88183	27
10,88250	27
10,88317	27
10,88383	27
10,88450	27
10,88517	27
10,88583	27
10,88650	27
10,88717	27
10,88783	27
10,88850	27
10,88917	28
10,88983	28
10,89050	28
10,89117	28
10,89183	28
10,89250	28
10,89317	29
10,89383	29
10,89450	29
10,89517	29
10,89583	29
10,89650	29
10,89717	29
10,89783	29
10,89850	29
10,89917	29
10,89983	29
10,90050	29
10,90117	29
10,90183	29
10,90250	29
10,90317	29
10,90383	28
10,90450	28
10,90517	28
10,90583	28
10,90650	28
10,90717	27
10,90783	27
10,90850	27
10,90917	27
10,90983	26
10,91050	26
10,91117	26
10,91183	26
10,91250	27
10,91317	27
10,91383	27
10,91450	27
10,91517	27
10,91583	27
10,91650	28
10,91717	28
10,91783	29
10,91850	29
10,91917	29
10,91983	29
10,92050	30
10,92117	30
10,92183	30
10,92250	31
10,92317	31
10,92383	31
10,92450	31
10,92517	31
10,92583	32
10,92650	32
10,92717	32
10,92783	33
10,92850	33
10,92917	33
10,92983	34
10,93050	34
10,93117	34
10,93183	34
10,93250	33
10,93317	33
10,93383	33
10,93450	33
10,93517	33
10,93583	34
10,93650	34
10,93717	34
10,93783	34
10,93850	35
10,93917	35
10,93983	35
10,94050	35
10,94117	36
10,94183	36
10,94250	36
10,94317	36
10,94383	36
10,94450	37
10,94517	37
10,94583	37
10,94650	37
10,94717	37
10,94783	37
10,94850	37
10,94917	37
10,94983	37
10,95050	36
10,95117	36
10,95183	36
10,95250	35
10,95317	35
10,95383	34
10,95450	34
10,95517	34
10,95583	34
10,95650	33
10,95717	33
10,95783	33
10,95850	33
10,95917	33
10,95983	33
10,96050	33
10,96117	33
10,96183	33
10,96250	33
10,96317	33
10,96383	33
10,96450	33
10,96517	33
10,96583	33
10,96650	34
10,96717	34
10,96783	34
10,96850	34
10,96917	35
10,96983	35
10,97050	35
10,97117	35
10,97183	35
10,97250	35
10,97317	36
10,97383	36
10,97450	36
10,97517	36
10,97583	35
10,97650	35
10,97717	35
10,97783	35
10,97850	35
10,97917	35
10,97983	34
10,98050	34
10,98117	34
10,98183	34
10,98250	34
10,98317	34
10,98383	34
10,98450	34
10,98517	33
10,98583	33
10,98650	33
10,98717	33
10,98783	33
10,98850	33
10,98917	33
10,98983	33
10,99050	33
10,99117	33
10,99183	33
10,99250	33
10,99317	33
10,99383	33
10,99450	32
10,99517	32
10,99583	32
10,99650	32
10,99717	32
10,99783	32
10,99850	32
10,99917	32
10,99983	32
11,00050	32
11,00117	32
11,00183	32
11,00250	32
11,00317	33
11,00383	33
11,00450	33
11,00517	33
11,00583	33
11,00650	33
11,00717	33
11,00783	33
11,00850	33
11,00917	34
11,00983	34
11,01050	34
11,01117	34
11,01183	34
11,01250	35
11,01317	35
11,01383	35
11,01450	36
11,01517	36
11,01583	36
11,01650	37
11,01717	37
11,01783	37
11,01850	37
11,01917	37
11,01983	38
11,02050	38
11,02117	38
11,02183	38
11,02250	38
11,02317	38
11,02383	38
11,02450	38
11,02517	38
11,02583	38
11,02650	38
11,02717	38
11,02783	38
11,02850	37
11,02917	37
11,02983	37
11,03050	37
11,03117	37
11,03183	37
11,03250	37
11,03317	37
11,03383	38
11,03450	38
11,03517	38
11,03583	38
11,03650	38
11,03717	37
11,03783	37
11,03850	37
11,03917	37
11,03983	37
11,04050	37
11,04117	37
11,04183	37
11,04250	37
11,04317	37
11,04383	37
11,04450	37
11,04517	37
11,04583	37
11,04650	37
11,04717	37
11,04783	37
11,04850	36
11,04917	36
11,04983	36
11,05050	36
11,05117	36
11,05183	35
11,05250	35
11,05317	35
11,05383	35
11,05450	35
11,05517	35
11,05583	35
11,05650	35
11,05717	35
11,05783	35
11,05850	35
11,05917	35
11,05983	36
11,06050	36
11,06117	36
11,06183	36
11,06250	36
11,06317	36
11,06383	36
11,06450	36
11,06517	36
11,06583	36
11,06650	36
11,06717	36
11,06783	36
11,06850	36
11,06917	36
11,06983	36
11,07050	36
11,07117	36
11,07183	36
11,07250	36
11,07317	36
11,07383	36
11,07450	36
11,07517	36
11,07583	36
11,07650	36
11,07717	36
11,07783	35
11,07850	35
11,07917	35
11,07983	35
11,08050	35
11,08117	35
11,08183	34
11,08250	34
11,08317	34
11,08383	34
11,08450	34
11,08517	33
11,08583	33
11,08650	33
11,08717	33
11,08783	33
11,08850	33
11,08917	33
11,08983	33
11,09050	33
11,09117	33
11,09183	32
11,09250	32
11,09317	32
11,09383	32
11,09450	31
11,09517	31
11,09583	31
11,09650	31
11,09717	31
11,09783	31
11,09850	31
11,09917	32
11,09983	32
11,10050	32
11,10117	31
11,10183	31
11,10250	31
11,10317	31
11,10383	31
11,10450	31
11,10517	31
11,10583	31
11,10650	31
11,10717	31
11,10783	32
11,10850	32
11,10917	32
11,10983	32
11,11050	32
11,11117	32
11,11183	32
11,11250	32
11,11317	32
11,11383	32
11,11450	32
11,11517	31
11,11583	31
11,11650	31
11,11717	30
11,11783	30
11,11850	30
11,11917	30
11,11983	30
11,12050	30
11,12117	30
11,12183	30
11,12250	30
11,12317	30
11,12383	30
11,12450	30
11,12517	30
11,12583	30
11,12650	30
11,12717	30
11,12783	30
11,12850	30
11,12917	31
11,12983	31
11,13050	31
11,13117	31
11,13183	31
11,13250	31
11,13317	32
11,13383	32
11,13450	32
11,13517	32
11,13583	32
11,13650	32
11,13717	32
11,13783	32
11,13850	33
11,13917	33
11,13983	33
11,14050	33
11,14117	33
11,14183	33
11,14250	33
11,14317	33
11,14383	33
11,14450	33
11,14517	33
11,14583	33
11,14650	33
11,14717	33
11,14783	33
11,14850	33
11,14917	33
11,14983	33
11,15050	33
11,15117	33
11,15183	33
11,15250	34
11,15317	34
11,15383	34
11,15450	34
11,15517	34
11,15583	34
11,15650	34
11,15717	34
11,15783	33
11,15850	33
11,15917	34
11,15983	34
11,16050	34
11,16117	34
11,16183	34
11,16250	34
11,16317	34
11,16383	34
11,16450	34
11,16517	33
11,16583	33
11,16650	33
11,16717	33
11,16783	33
11,16850	33
11,16917	33
11,16983	33
11,17050	34
11,17117	34
11,17183	34
11,17250	35
11,17317	35
11,17383	36
11,17450	36
11,17517	36
11,17583	37
11,17650	37
11,17717	37
11,17783	37
11,17850	37
11,17917	37
11,17983	38
11,18050	38
11,18117	38
11,18183	38
11,18250	39
11,18317	39
11,18383	39
11,18450	39
11,18517	39
11,18583	39
11,18650	39
11,18717	39
11,18783	39
11,18850	39
11,18917	39
11,18983	39
11,19050	39
11,19117	39
11,19183	40
11,19250	40
11,19317	40
11,19383	40
11,19450	40
11,19517	40
11,19583	40
11,19650	40
11,19717	40
11,19783	40
11,19850	40
11,19917	40
11,19983	40
11,20050	40
11,20117	40
11,20183	40
11,20250	40
11,20317	40
11,20383	40
11,20450	40
11,20517	40
11,20583	40
11,20650	40
11,20717	40
11,20783	40
11,20850	40
11,20917	40
11,20983	41
11,21050	41
11,21117	41
11,21183	42
11,21250	42
11,21317	42
11,21383	42
11,21450	43
11,21517	43
11,21583	43
11,21650	43
11,21717	43
11,21783	43
11,21850	44
11,21917	44
11,21983	44
11,22050	44
11,22117	45
11,22183	45
11,22250	45
11,22317	46
11,22383	46
11,22450	47
11,22517	48
11,22583	48
11,22650	48
11,22717	49
11,22783	49
11,22850	49
11,22917	49
11,22983	49
11,23050	49
11,23117	49
11,23183	49
11,23250	49
11,23317	49
11,23383	50
11,23450	50
11,23517	50
11,23583	50
11,23650	50
11,23717	50
11,23783	50
11,23850	50
11,23917	51
11,23983	51
11,24050	51
11,24117	51
11,24183	51
11,24250	51
11,24317	51
11,24383	51
11,24450	51
11,24517	51
11,24583	51
11,24650	51
11,24717	51
11,24783	52
11,24850	52
11,24917	52
11,24983	53
11,25050	53
11,25117	53
11,25183	53
11,25250	53
11,25317	53
11,25383	53
11,25450	53
11,25517	53
11,25583	53
11,25650	53
11,25717	53
11,25783	53
11,25850	53
11,25917	53
11,25983	53
11,26050	53
11,26117	53
11,26183	53
11,26250	53
11,26317	53
11,26383	53
11,26450	52
11,26517	52
11,26583	52
11,26650	51
11,26717	51
11,26783	50
11,26850	50
11,26917	50
11,26983	49
11,27050	49
11,27117	49
11,27183	49
11,27250	48
11,27317	48
11,27383	48
11,27450	47
11,27517	47
11,27583	47
11,27650	46
11,27717	46
11,27783	46
11,27850	46
11,27917	46
11,27983	46
11,28050	46
11,28117	46
11,28183	45
11,28250	45
11,28317	45
11,28383	45
11,28450	44
11,28517	44
11,28583	43
11,28650	42
11,28717	42
11,28783	42
11,28850	42
11,28917	42
11,28983	42
11,29050	42
11,29117	42
11,29183	41
11,29250	41
11,29317	41
11,29383	41
11,29450	41
11,29517	41
11,29583	40
11,29650	40
11,29717	40
11,29783	40
11,29850	40
11,29917	39
11,29983	39
11,30050	39
11,30117	39
11,30183	39
11,30250	39
11,30317	39
11,30383	39
11,30450	39
11,30517	39
11,30583	39
11,30650	39
11,30717	39
11,30783	40
11,30850	40
11,30917	40
11,30983	40
11,31050	40
11,31117	41
11,31183	41
11,31250	41
11,31317	41
11,31383	42
11,31450	42
11,31517	42
11,31583	42
11,31650	42
11,31717	42
11,31783	41
11,31850	41
11,31917	41
11,31983	41
11,32050	41
11,32117	41
11,32183	41
11,32250	41
11,32317	41
11,32383	41
11,32450	41
11,32517	41
11,32583	41
11,32650	40
11,32717	40
11,32783	40
11,32850	40
11,32917	40
11,32983	40
11,33050	40
11,33117	40
11,33183	40
11,33250	41
11,33317	41
11,33383	41
11,33450	42
11,33517	42
11,33583	42
11,33650	42
11,33717	42
11,33783	41
11,33850	41
11,33917	41
11,33983	41
11,34050	41
11,34117	41
11,34183	41
11,34250	41
11,34317	41
11,34383	41
11,34450	41
11,34517	41
11,34583	41
11,34650	41
11,34717	41
11,34783	40
11,34850	40
11,34917	40
11,34983	40
11,35050	40
11,35117	39
11,35183	39
11,35250	39
11,35317	38
11,35383	38
11,35450	38
11,35517	38
11,35583	37
11,35650	37
11,35717	37
11,35783	37
11,35850	37
11,35917	37
11,35983	36
11,36050	36
11,36117	36
11,36183	35
11,36250	35
11,36317	35
11,36383	35
11,36450	35
11,36517	35
11,36583	35
11,36650	35
11,36717	35
11,36783	35
11,36850	35
11,36917	35
11,36983	35
11,37050	35
11,37117	35
11,37183	35
11,37250	35
11,37317	35
11,37383	35
11,37450	35
11,37517	35
11,37583	35
11,37650	35
11,37717	35
11,37783	35
11,37850	35
11,37917	35
11,37983	35
11,38050	34
11,38117	34
11,38183	34
11,38250	34
11,38317	34
11,38383	34
11,38450	34
11,38517	35
11,38583	35
11,38650	35
11,38717	36
11,38783	36
11,38850	36
11,38917	36
11,38983	36
11,39050	36
11,39117	36
11,39183	36
11,39250	36
11,39317	36
11,39383	37
11,39450	37
11,39517	37
11,39583	37
11,39650	37
11,39717	37
11,39783	37
11,39850	37
11,39917	37
11,39983	37
11,40050	36
11,40117	36
11,40183	36
11,40250	36
11,40317	36
11,40383	36
11,40450	36
11,40517	36
11,40583	36
11,40650	37
11,40717	37
11,40783	37
11,40850	37
11,40917	38
11,40983	38
11,41050	38
11,41117	38
11,41183	37
11,41250	37
11,41317	36
11,41383	36
11,41450	35
11,41517	35
11,41583	35
11,41650	35
11,41717	35
11,41783	34
11,41850	34
11,41917	34
11,41983	34
11,42050	34
11,42117	34
11,42183	34
11,42250	33
11,42317	33
11,42383	33
11,42450	33
11,42517	33
11,42583	33
11,42650	33
11,42717	33
11,42783	33
11,42850	33
11,42917	33
11,42983	33
11,43050	33
11,43117	33
11,43183	33
11,43250	33
11,43317	33
11,43383	33
11,43450	34
11,43517	34
11,43583	34
11,43650	34
11,43717	35
11,43783	35
11,43850	35
11,43917	35
11,43983	35
11,44050	35
11,44117	35
11,44183	36
11,44250	36
11,44317	36
11,44383	36
11,44450	36
11,44517	36
11,44583	36
11,44650	36
11,44717	36
11,44783	36
11,44850	36
11,44917	36
11,44983	36
11,45050	36
11,45117	36
11,45183	35
11,45250	35
11,45317	35
11,45383	35
11,45450	35
11,45517	35
11,45583	34
11,45650	34
11,45717	34
11,45783	34
11,45850	34
11,45917	35
11,45983	35
11,46050	35
11,46117	35
11,46183	35
11,46250	35
11,46317	35
11,46383	35
11,46450	35
11,46517	34
11,46583	34
11,46650	34
11,46717	34
11,46783	34
11,46850	34
11,46917	34
11,46983	34
11,47050	34
11,47117	34
11,47183	34
11,47250	34
11,47317	34
11,47383	34
11,47450	34
11,47517	34
11,47583	34
11,47650	34
11,47717	34
11,47783	34
11,47850	34
11,47917	34
11,47983	34
11,48050	34
11,48117	34
11,48183	34
11,48250	34
11,48317	34
11,48383	34
11,48450	34
11,48517	34
11,48583	35
11,48650	35
11,48717	35
11,48783	35
11,48850	35
11,48917	35
11,48983	36
11,49050	36
11,49117	36
11,49183	37
11,49250	37
11,49317	37
11,49383	37
11,49450	38
11,49517	38
11,49583	38
11,49650	38
11,49717	38
11,49783	38
11,49850	38
11,49917	38
11,49983	38
11,50050	38
11,50117	38
11,50183	38
11,50250	38
11,50317	38
11,50383	38
11,50450	38
11,50517	38
11,50583	38
11,50650	38
11,50717	38
11,50783	37
11,50850	37
11,50917	37
11,50983	37
11,51050	37
11,51117	37
11,51183	37
11,51250	37
11,51317	37
11,51383	37
11,51450	37
11,51517	37
11,51583	37
11,51650	37
11,51717	37
11,51783	37
11,51850	37
11,51917	37
11,51983	37
11,52050	37
11,52117	36
11,52183	36
11,52250	36
11,52317	36
11,52383	36
11,52450	36
11,52517	35
11,52583	35
11,52650	35
11,52717	35
11,52783	35
11,52850	35
11,52917	34
11,52983	34
11,53050	34
11,53117	34
11,53183	33
11,53250	33
11,53317	33
11,53383	33
11,53450	33
11,53517	33
11,53583	33
11,53650	33
11,53717	33
11,53783	33
11,53850	33
11,53917	32
11,53983	32
11,54050	33
11,54117	33
11,54183	33
11,54250	33
11,54317	33
11,54383	34
11,54450	34
11,54517	34
11,54583	34
11,54650	34
11,54717	34
11,54783	34
11,54850	34
11,54917	34
11,54983	34
11,55050	34
11,55117	34
11,55183	35
11,55250	35
11,55317	35
11,55383	35
11,55450	35
11,55517	35
11,55583	34
11,55650	34
11,55717	34
11,55783	34
11,55850	34
11,55917	34
11,55983	33
11,56050	33
11,56117	33
11,56183	33
11,56250	33
11,56317	32
11,56383	32
11,56450	32
11,56517	32
11,56583	33
11,56650	33
11,56717	33
11,56783	33
11,56850	33
11,56917	33
11,56983	33
11,57050	33
11,57117	34
11,57183	34
11,57250	34
11,57317	34
11,57383	34
11,57450	34
11,57517	34
11,57583	34
11,57650	34
11,57717	34
11,57783	34
11,57850	35
11,57917	35
11,57983	36
11,58050	36
11,58117	37
11,58183	37
11,58250	38
11,58317	38
11,58383	38
11,58450	39
11,58517	39
11,58583	39
11,58650	40
11,58717	40
11,58783	41
11,58850	41
11,58917	42
11,58983	43
11,59050	43
11,59117	44
11,59183	44
11,59250	44
11,59317	45
11,59383	45
11,59450	46
11,59517	46
11,59583	47
11,59650	47
11,59717	48
11,59783	48
11,59850	49
11,59917	49
11,59983	50
11,60050	50
11,60117	51
11,60183	51
11,60250	51
11,60317	51
11,60383	51
11,60450	51
11,60517	51
11,60583	51
11,60650	51
11,60717	51
11,60783	51
11,60850	51
11,60917	51
11,60983	51
11,61050	51
11,61117	51
11,61183	51
11,61250	51
11,61317	51
11,61383	50
11,61450	50
11,61517	50
11,61583	50
11,61650	49
11,61717	49
11,61783	49
11,61850	48
11,61917	48
11,61983	48
11,62050	47
11,62117	47
11,62183	46
11,62250	46
11,62317	45
11,62383	45
11,62450	44
11,62517	44
11,62583	44
11,62650	43
11,62717	43
11,62783	42
11,62850	42
11,62917	41
11,62983	41
11,63050	40
11,63117	40
11,63183	39
11,63250	39
11,63317	39
11,63383	38
11,63450	38
11,63517	37
11,63583	37
11,63650	36
11,63717	36
11,63783	35
11,63850	35
11,63917	35
11,63983	35
11,64050	35
11,64117	35
11,64183	35
11,64250	35
11,64317	35
11,64383	36
11,64450	36
11,64517	36
11,64583	37
11,64650	37
11,64717	37
11,64783	37
11,64850	37
11,64917	38
11,64983	38
11,65050	38
11,65117	38
11,65183	38
11,65250	39
11,65317	39
11,65383	39
11,65450	40
11,65517	40
11,65583	40
11,65650	40
11,65717	40
11,65783	40
11,65850	40
11,65917	39
11,65983	39
11,66050	39
11,66117	39
11,66183	39
11,66250	39
11,66317	39
11,66383	39
11,66450	39
11,66517	39
11,66583	39
11,66650	39
11,66717	39
11,66783	40
11,66850	39
11,66917	39
11,66983	39
11,67050	39
11,67117	39
11,67183	39
11,67250	40
11,67317	40
11,67383	40
11,67450	40
11,67517	41
11,67583	41
11,67650	42
11,67717	42
11,67783	42
11,67850	42
11,67917	42
11,67983	43
11,68050	43
11,68117	43
11,68183	43
11,68250	43
11,68317	43
11,68383	43
11,68450	43
11,68517	44
11,68583	44
11,68650	44
11,68717	44
11,68783	44
11,68850	44
11,68917	44
11,68983	44
11,69050	45
11,69117	45
11,69183	44
11,69250	44
11,69317	44
11,69383	44
11,69450	44
11,69517	44
11,69583	44
11,69650	44
11,69717	44
11,69783	44
11,69850	44
11,69917	43
11,69983	43
11,70050	43
11,70117	43
11,70183	42
11,70250	42
11,70317	42
11,70383	41
11,70450	41
11,70517	41
11,70583	41
11,70650	41
11,70717	41
11,70783	41
11,70850	41
11,70917	41
11,70983	41
11,71050	41
11,71117	41
11,71183	42
11,71250	42
11,71317	42
11,71383	42
11,71450	42
11,71517	42
11,71583	42
11,71650	42
11,71717	42
11,71783	42
11,71850	41
11,71917	41
11,71983	41
11,72050	41
11,72117	41
11,72183	40
11,72250	40
11,72317	40
11,72383	40
11,72450	40
11,72517	40
11,72583	40
11,72650	40
11,72717	40
11,72783	40
11,72850	40
11,72917	40
11,72983	40
11,73050	40
11,73117	40
11,73183	40
11,73250	40
11,73317	40
11,73383	40
11,73450	40
11,73517	40
11,73583	40
11,73650	39
11,73717	39
11,73783	39
11,73850	39
11,73917	39
11,73983	38
11,74050	38
11,74117	38
11,74183	38
11,74250	37
11,74317	37
11,74383	37
11,74450	37
11,74517	37
11,74583	37
11,74650	37
11,74717	37
11,74783	37
11,74850	38
11,74917	38
11,74983	38
11,75050	38
11,75117	38
11,75183	38
11,75250	38
11,75317	38
11,75383	39
11,75450	39
11,75517	39
11,75583	38
11,75650	38
11,75717	38
11,75783	38
11,75850	38
11,75917	38
11,75983	38
11,76050	39
11,76117	39
11,76183	39
11,76250	39
11,76317	39
11,76383	38
11,76450	38
11,76517	38
11,76583	38
11,76650	38
11,76717	38
11,76783	38
11,76850	38
11,76917	37
11,76983	38
11,77050	38
11,77117	38
11,77183	38
11,77250	38
11,77317	38
11,77383	38
11,77450	38
11,77517	38
11,77583	37
11,77650	37
11,77717	37
11,77783	36
11,77850	36
11,77917	36
11,77983	35
11,78050	35
11,78117	35
11,78183	35
11,78250	35
11,78317	35
11,78383	35
11,78450	35
11,78517	35
11,78583	35
11,78650	35
11,78717	35
11,78783	35
11,78850	35
11,78917	35
11,78983	35
11,79050	35
11,79117	35
11,79183	35
11,79250	36
11,79317	36
11,79383	36
11,79450	36
11,79517	36
11,79583	36
11,79650	36
11,79717	35
11,79783	35
11,79850	35
11,79917	35
11,79983	35
11,80050	35
11,80117	35
11,80183	35
11,80250	36
11,80317	36
11,80383	36
11,80450	36
11,80517	36
11,80583	37
11,80650	37
11,80717	37
11,80783	37
11,80850	38
11,80917	38
11,80983	38
11,81050	38
11,81117	38
11,81183	38
11,81250	38
11,81317	38
11,81383	38
11,81450	38
11,81517	37
11,81583	37
11,81650	37
11,81717	37
11,81783	37
11,81850	36
11,81917	36
11,81983	36
11,82050	36
11,82117	36
11,82183	36
11,82250	36
11,82317	36
11,82383	36
11,82450	36
11,82517	36
11,82583	36
11,82650	36
11,82717	36
11,82783	35
11,82850	35
11,82917	35
11,82983	35
11,83050	35
11,83117	35
11,83183	34
11,83250	34
11,83317	34
11,83383	34
11,83450	34
11,83517	34
11,83583	34
11,83650	33
11,83717	33
11,83783	33
11,83850	33
11,83917	33
11,83983	33
11,84050	34
11,84117	34
11,84183	33
11,84250	33
11,84317	33
11,84383	33
11,84450	34
11,84517	33
11,84583	33
11,84650	33
11,84717	33
11,84783	33
11,84850	32
11,84917	32
11,84983	32
11,85050	32
11,85117	31
11,85183	31
11,85250	32
11,85317	32
11,85383	32
11,85450	32
11,85517	32
11,85583	32
11,85650	32
11,85717	32
11,85783	32
11,85850	32
11,85917	32
11,85983	32
11,86050	32
11,86117	32
11,86183	32
11,86250	31
11,86317	32
11,86383	32
11,86450	32
11,86517	32
11,86583	32
11,86650	32
11,86717	33
11,86783	33
11,86850	33
11,86917	33
11,86983	33
11,87050	33
11,87117	34
11,87183	34
11,87250	34
11,87317	34
11,87383	34
11,87450	34
11,87517	34
11,87583	34
11,87650	33
11,87717	33
11,87783	33
11,87850	33
11,87917	33
11,87983	33
11,88050	33
11,88117	34
11,88183	34
11,88250	34
11,88317	34
11,88383	34
11,88450	34
11,88517	34
11,88583	35
11,88650	35
11,88717	35
11,88783	36
11,88850	36
11,88917	37
11,88983	37
11,89050	38
11,89117	38
11,89183	39
11,89250	39
11,89317	40
11,89383	40
11,89450	41
11,89517	42
11,89583	42
11,89650	43
11,89717	44
11,89783	44
11,89850	45
11,89917	45
11,89983	46
11,90050	46
11,90117	47
11,90183	48
11,90250	48
11,90317	49
11,90383	50
11,90450	50
11,90517	51
11,90583	52
11,90650	52
11,90717	53
11,90783	53
11,90850	54
11,90917	54
11,90983	55
11,91050	55
11,91117	56
11,91183	56
11,91250	56
11,91317	56
11,91383	56
11,91450	56
11,91517	56
11,91583	56
11,91650	56
11,91717	56
11,91783	56
11,91850	56
11,91917	56
11,91983	56
11,92050	56
11,92117	56
11,92183	56
11,92250	56
11,92317	56
11,92383	55
11,92450	55
11,92517	55
11,92583	55
11,92650	55
11,92717	54
11,92783	54
11,92850	54
11,92917	55
11,92983	55
11,93050	54
11,93117	54
11,93183	54
11,93250	54
11,93317	54
11,93383	54
11,93450	54
11,93517	54
11,93583	54
11,93650	54
11,93717	54
11,93783	54
11,93850	54
11,93917	54
11,93983	54
11,94050	54
11,94117	55
11,94183	55
11,94250	55
11,94317	55
11,94383	56
11,94450	56
11,94517	55
11,94583	55
11,94650	56
11,94717	56
11,94783	56
11,94850	56
11,94917	56
11,94983	56
11,95050	56
11,95117	57
11,95183	57
11,95250	57
11,95317	57
11,95383	57
11,95450	57
11,95517	58
11,95583	58
11,95650	58
11,95717	58
11,95783	58
11,95850	58
11,95917	58
11,95983	59
11,96050	59
11,96117	59
11,96183	60
11,96250	60
11,96317	60
11,96383	60
11,96450	60
11,96517	61
11,96583	61
11,96650	61
11,96717	61
11,96783	61
11,96850	62
11,96917	62
11,96983	62
11,97050	63
11,97117	63
11,97183	63
11,97250	63
11,97317	63
11,97383	63
11,97450	63
11,97517	63
11,97583	63
11,97650	63
11,97717	62
11,97783	62
11,97850	62
11,97917	62
11,97983	62
11,98050	61
11,98117	61
11,98183	61
11,98250	61
11,98317	61
11,98383	61
11,98450	61
11,98517	61
11,98583	61
11,98650	61
11,98717	61
11,98783	61
11,98850	60
11,98917	60
11,98983	60
11,99050	60
11,99117	60
11,99183	59
11,99250	60
11,99317	60
11,99383	60
11,99450	60
11,99517	60
11,99583	60
11,99650	60
11,99717	60
11,99783	60
11,99850	60
11,99917	59
11,99983	59
12,00050	59
12,00117	59
12,00183	59
12,00250	59
12,00317	59
12,00383	59
12,00450	59
12,00517	59
12,00583	60
12,00650	60
12,00717	60
12,00783	60
12,00850	60
12,00917	60
12,00983	60
12,01050	60
12,01117	61
12,01183	61
12,01250	61
12,01317	61
12,01383	62
12,01450	62
12,01517	62
12,01583	63
12,01650	63
12,01717	63
12,01783	63
12,01850	63
12,01917	64
12,01983	64
12,02050	64
12,02117	64
12,02183	64
12,02250	65
12,02317	65
12,02383	65
12,02450	65
12,02517	66
12,02583	66
12,02650	66
12,02717	66
12,02783	66
12,02850	66
12,02917	66
12,02983	66
12,03050	66
12,03117	66
12,03183	66
12,03250	65
12,03317	65
12,03383	65
12,03450	65
12,03517	65
12,03583	65
12,03650	65
12,03717	65
12,03783	65
12,03850	65
12,03917	64
12,03983	64
12,04050	64
12,04117	63
12,04183	63
12,04250	63
12,04317	62
12,04383	62
12,04450	62
12,04517	62
12,04583	62
12,04650	62
12,04717	62
12,04783	62
12,04850	61
12,04917	61
12,04983	61
12,05050	60
12,05117	60
12,05183	60
12,05250	59
12,05317	59
12,05383	59
12,05450	58
12,05517	58
12,05583	58
12,05650	57
12,05717	57
12,05783	57
12,05850	57
12,05917	56
12,05983	56
12,06050	56
12,06117	56
12,06183	56
12,06250	56
12,06317	56
12,06383	55
12,06450	55
12,06517	55
12,06583	55
12,06650	55
12,06717	55
12,06783	55
12,06850	55
12,06917	55
12,06983	55
12,07050	55
12,07117	56
12,07183	56
12,07250	56
12,07317	56
12,07383	56
12,07450	56
12,07517	56
12,07583	56
12,07650	55
12,07717	55
12,07783	55
12,07850	55
12,07917	55
12,07983	55
12,08050	56
12,08117	56
12,08183	56
12,08250	56
12,08317	56
12,08383	56
12,08450	56
12,08517	56
12,08583	56
12,08650	56
12,08717	56
12,08783	56
12,08850	56
12,08917	56
12,08983	56
12,09050	56
12,09117	55
12,09183	55
12,09250	55
12,09317	55
12,09383	55
12,09450	54
12,09517	54
12,09583	54
12,09650	54
12,09717	54
12,09783	54
12,09850	54
12,09917	53
12,09983	53
12,10050	53
12,10117	53
12,10183	53
12,10250	53
12,10317	53
12,10383	53
12,10450	53
12,10517	53
12,10583	52
12,10650	52
12,10717	52
12,10783	51
12,10850	51
12,10917	51
12,10983	51
12,11050	51
12,11117	50
12,11183	50
12,11250	50
12,11317	50
12,11383	50
12,11450	49
12,11517	49
12,11583	49
12,11650	48
12,11717	48
12,11783	47
12,11850	47
12,11917	46
12,11983	46
12,12050	46
12,12117	45
12,12183	45
12,12250	45
12,12317	45
12,12383	44
12,12450	44
12,12517	44
12,12583	44
12,12650	43
12,12717	43
12,12783	43
12,12850	43
12,12917	43
12,12983	43
12,13050	43
12,13117	43
12,13183	43
12,13250	43
12,13317	43
12,13383	43
12,13450	43
12,13517	43
12,13583	43
12,13650	42
12,13717	42
12,13783	42
12,13850	41
12,13917	41
12,13983	41
12,14050	41
12,14117	41
12,14183	41
12,14250	40
12,14317	40
12,14383	40
12,14450	40
12,14517	40
12,14583	40
12,14650	40
12,14717	39
12,14783	39
12,14850	39
12,14917	39
12,14983	39
12,15050	38
12,15117	38
12,15183	38
12,15250	39
12,15317	39
12,15383	39
12,15450	40
12,15517	40
12,15583	41
12,15650	41
12,15717	41
12,15783	42
12,15850	42
12,15917	42
12,15983	42
12,16050	42
12,16117	43
12,16183	43
12,16250	43
12,16317	43
12,16383	44
12,16450	44
12,16517	45
12,16583	45
12,16650	45
12,16717	46
12,16783	46
12,16850	46
12,16917	47
12,16983	47
12,17050	47
12,17117	47
12,17183	47
12,17250	47
12,17317	47
12,17383	47
12,17450	47
12,17517	47
12,17583	47
12,17650	47
12,17717	47
12,17783	46
12,17850	46
12,17917	45
12,17983	45
12,18050	44
12,18117	43
12,18183	43
12,18250	42
12,18317	42
12,18383	42
12,18450	41
12,18517	41
12,18583	41
12,18650	40
12,18717	40
12,18783	40
12,18850	39
12,18917	39
12,18983	39
12,19050	40
12,19117	40
12,19183	40
12,19250	40
12,19317	41
12,19383	41
12,19450	41
12,19517	42
12,19583	42
12,19650	43
12,19717	43
12,19783	43
12,19850	44
12,19917	44
12,19983	44
12,20050	44
12,20117	45
12,20183	45
12,20250	45
12,20317	46
12,20383	46
12,20450	47
12,20517	47
12,20583	48
12,20650	48
12,20717	48
12,20783	49
12,20850	49
12,20917	49
12,20983	50
12,21050	50
12,21117	50
12,21183	50
12,21250	50
12,21317	51
12,21383	51
12,21450	51
12,21517	51
12,21583	52
12,21650	52
12,21717	52
12,21783	52
12,21850	52
12,21917	52
12,21983	52
12,22050	52
12,22117	52
12,22183	51
12,22250	51
12,22317	50
12,22383	50
12,22450	49
12,22517	49
12,22583	48
12,22650	48
12,22717	47
12,22783	47
12,22850	47
12,22917	46
12,22983	46
12,23050	46
12,23117	45
12,23183	45
12,23250	45
12,23317	45
12,23383	45
12,23450	45
12,23517	44
12,23583	44
12,23650	44
12,23717	44
12,23783	44
12,23850	44
12,23917	44
12,23983	44
12,24050	44
12,24117	44
12,24183	44
12,24250	44
12,24317	44
12,24383	44
12,24450	45
12,24517	44
12,24583	44
12,24650	44
12,24717	44
12,24783	44
12,24850	44
12,24917	43
12,24983	43
12,25050	43
12,25117	43
12,25183	42
12,25250	42
12,25317	42
12,25383	42
12,25450	41
12,25517	41
12,25583	41
12,25650	40
12,25717	40
12,25783	40
12,25850	39
12,25917	39
12,25983	39
12,26050	38
12,26117	38
12,26183	38
12,26250	37
12,26317	37
12,26383	36
12,26450	36
12,26517	35
12,26583	35
12,26650	35
12,26717	35
12,26783	35
12,26850	34
12,26917	34
12,26983	34
12,27050	34
12,27117	34
12,27183	35
12,27250	35
12,27317	35
12,27383	35
12,27450	35
12,27517	36
12,27583	36
12,27650	36
12,27717	36
12,27783	36
12,27850	36
12,27917	36
12,27983	36
12,28050	36
12,28117	35
12,28183	35
12,28250	35
12,28317	34
12,28383	34
12,28450	34
12,28517	33
12,28583	33
12,28650	32
12,28717	32
12,28783	32
12,28850	32
12,28917	32
12,28983	32
12,29050	31
12,29117	31
12,29183	31
12,29250	31
12,29317	31
12,29383	31
12,29450	31
12,29517	31
12,29583	31
12,29650	31
12,29717	31
12,29783	31
12,29850	32
12,29917	32
12,29983	32
12,30050	32
12,30117	33
12,30183	33
12,30250	33
12,30317	33
12,30383	33
12,30450	32
12,30517	32
12,30583	32
12,30650	32
12,30717	32
12,30783	31
12,30850	31
12,30917	31
12,30983	31
12,31050	32
12,31117	32
12,31183	32
12,31250	32
12,31317	33
12,31383	33
12,31450	33
12,31517	33
12,31583	34
12,31650	34
12,31717	34
12,31783	34
12,31850	34
12,31917	34
12,31983	35
12,32050	35
12,32117	36
12,32183	36
12,32250	36
12,32317	37
12,32383	37
12,32450	37
12,32517	37
12,32583	37
12,32650	38
12,32717	38
12,32783	38
12,32850	38
12,32917	38
12,32983	38
12,33050	38
12,33117	39
12,33183	39
12,33250	39
12,33317	40
12,33383	40
12,33450	40
12,33517	41
12,33583	41
12,33650	42
12,33717	43
12,33783	43
12,33850	44
12,33917	44
12,33983	44
12,34050	44
12,34117	44
12,34183	44
12,34250	44
12,34317	44
12,34383	44
12,34450	44
12,34517	44
12,34583	44
12,34650	44
12,34717	44
12,34783	44
12,34850	44
12,34917	44
12,34983	44
12,35050	44
12,35117	43
12,35183	43
12,35250	43
12,35317	43
12,35383	43
12,35450	43
12,35517	43
12,35583	43
12,35650	43
12,35717	42
12,35783	42
12,35850	42
12,35917	42
12,35983	42
12,36050	42
12,36117	42
12,36183	42
12,36250	42
12,36317	42
12,36383	42
12,36450	42
12,36517	42
12,36583	43
12,36650	43
12,36717	43
12,36783	44
12,36850	44
12,36917	44
12,36983	45
12,37050	45
12,37117	45
12,37183	46
12,37250	46
12,37317	46
12,37383	47
12,37450	47
12,37517	47
12,37583	48
12,37650	48
12,37717	48
12,37783	49
12,37850	49
12,37917	49
12,37983	49
12,38050	50
12,38117	50
12,38183	50
12,38250	50
12,38317	51
12,38383	51
12,38450	51
12,38517	51
12,38583	52
12,38650	52
12,38717	52
12,38783	52
12,38850	52
12,38917	53
12,38983	53
12,39050	53
12,39117	53
12,39183	53
12,39250	53
12,39317	53
12,39383	53
12,39450	53
12,39517	53
12,39583	53
12,39650	52
12,39717	52
12,39783	52
12,39850	52
12,39917	52
12,39983	52
12,40050	52
12,40117	52
12,40183	52
12,40250	52
12,40317	52
12,40383	52
12,40450	52
12,40517	52
12,40583	53
12,40650	53
12,40717	53
12,40783	53
12,40850	53
12,40917	54
12,40983	54
12,41050	54
12,41117	54
12,41183	54
12,41250	54
12,41317	54
12,41383	54
12,41450	54
12,41517	54
12,41583	55
12,41650	55
12,41717	55
12,41783	55
12,41850	56
12,41917	56
12,41983	56
12,42050	55
12,42117	55
12,42183	55
12,42250	55
12,42317	55
12,42383	54
12,42450	54
12,42517	54
12,42583	53
12,42650	53
12,42717	53
12,42783	53
12,42850	52
12,42917	53
12,42983	53
12,43050	53
12,43117	53
12,43183	53
12,43250	53
12,43317	53
12,43383	53
12,43450	53
12,43517	53
12,43583	52
12,43650	52
12,43717	52
12,43783	52
12,43850	52
12,43917	51
12,43983	51
12,44050	51
12,44117	51
12,44183	50
12,44250	50
12,44317	50
12,44383	50
12,44450	50
12,44517	50
12,44583	50
12,44650	50
12,44717	50
12,44783	50
12,44850	50
12,44917	49
12,44983	49
12,45050	49
12,45117	49
12,45183	49
12,45250	48
12,45317	48
12,45383	48
12,45450	48
12,45517	48
12,45583	48
12,45650	48
12,45717	48
12,45783	48
12,45850	48
12,45917	48
12,45983	48
12,46050	47
12,46117	47
12,46183	47
12,46250	48
12,46317	48
12,46383	48
12,46450	48
12,46517	48
12,46583	48
12,46650	48
12,46717	47
12,46783	47
12,46850	47
12,46917	46
12,46983	46
12,47050	45
12,47117	45
12,47183	44
12,47250	44
12,47317	43
12,47383	43
12,47450	42
12,47517	42
12,47583	42
12,47650	41
12,47717	41
12,47783	41
12,47850	41
12,47917	40
12,47983	40
12,48050	39
12,48117	39
12,48183	39
12,48250	38
12,48317	38
12,48383	38
12,48450	38
12,48517	38
12,48583	37
12,48650	37
12,48717	37
12,48783	37
12,48850	37
12,48917	37
12,48983	37
12,49050	37
12,49117	38
12,49183	38
12,49250	38
12,49317	38
12,49383	38
12,49450	38
12,49517	38
12,49583	39
12,49650	39
12,49717	39
12,49783	39
12,49850	39
12,49917	38
12,49983	38
12,50050	38
12,50117	38
12,50183	38
12,50250	38
12,50317	38
12,50383	38
12,50450	38
12,50517	38
12,50583	37
12,50650	37
12,50717	37
12,50783	37
12,50850	37
12,50917	37
12,50983	37
12,51050	37
12,51117	37
12,51183	37
12,51250	37
12,51317	38
12,51383	38
12,51450	39
12,51517	39
12,51583	40
12,51650	40
12,51717	40
12,51783	41
12,51850	41
12,51917	41
12,51983	41
12,52050	41
12,52117	40
12,52183	40
12,52250	40
12,52317	40
12,52383	40
12,52450	40
12,52517	40
12,52583	40
12,52650	40
12,52717	40
12,52783	40
12,52850	41
12,52917	41
12,52983	41
12,53050	41
12,53117	41
12,53183	41
12,53250	41
12,53317	41
12,53383	41
12,53450	41
12,53517	41
12,53583	41
12,53650	41
12,53717	41
12,53783	40
12,53850	40
12,53917	40
12,53983	40
12,54050	40
12,54117	39
12,54183	39
12,54250	39
12,54317	38
12,54383	38
12,54450	38
12,54517	38
12,54583	37
12,54650	37
12,54717	37
12,54783	37
12,54850	37
12,54917	37
12,54983	37
12,55050	37
12,55117	37
12,55183	37
12,55250	37
12,55317	36
12,55383	36
12,55450	36
12,55517	36
12,55583	36
12,55650	36
12,55717	36
12,55783	36
12,55850	36
12,55917	36
12,55983	36
12,56050	36
12,56117	36
12,56183	36
12,56250	36
12,56317	36
12,56383	37
12,56450	37
12,56517	37
12,56583	37
12,56650	37
12,56717	37
12,56783	38
12,56850	38
12,56917	38
12,56983	38
12,57050	38
12,57117	38
12,57183	38
12,57250	38
12,57317	38
12,57383	38
12,57450	38
12,57517	38
12,57583	38
12,57650	38
12,57717	38
12,57783	39
12,57850	39
12,57917	39
12,57983	39
12,58050	39
12,58117	39
12,58183	40
12,58250	40
12,58317	40
12,58383	40
12,58450	40
12,58517	40
12,58583	40
12,58650	40
12,58717	40
12,58783	40
12,58850	40
12,58917	40
12,58983	40
12,59050	40
12,59117	40
12,59183	40
12,59250	40
12,59317	40
12,59383	40
12,59450	40
12,59517	39
12,59583	39
12,59650	39
12,59717	38
12,59783	38
12,59850	38
12,59917	37
12,59983	37
12,60050	37
12,60117	37
12,60183	36
12,60250	36
12,60317	36
12,60383	36
12,60450	35
12,60517	35
12,60583	35
12,60650	35
12,60717	35
12,60783	35
12,60850	35
12,60917	35
12,60983	35
12,61050	35
12,61117	35
12,61183	35
12,61250	35
12,61317	35
12,61383	35
12,61450	35
12,61517	35
12,61583	35
12,61650	35
12,61717	35
12,61783	35
12,61850	34
12,61917	34
12,61983	34
12,62050	34
12,62117	33
12,62183	33
12,62250	33
12,62317	33
12,62383	33
12,62450	32
12,62517	33
12,62583	33
12,62650	33
12,62717	32
12,62783	32
12,62850	32
12,62917	32
12,62983	33

