[Header]
Application Name	LabSolutions
Version	5.97
Data File Name	G:\GC data\Mara\MWH_022\MWH_022_t20m_17.03.2026_21.gcd
Output Date	09.04.2026
Output Time	10:49:59

[File Information]
Type	Data File
Generated	17.03.2026 22:09:09
Generated by	System Administrator
Modified	09.04.2026 10:49:59
Modified by	System Administrator

[Sample Information]
Operator Name	System Administrator
Acquired	17.03.2026 22:12:17
Sample Type	0:Unknown
Level	1
Sample Name	MWH_022_t20m
Sample ID	
ISTD Amount1	1
ISTD Amount2	1
ISTD Amount3	1
ISTD Amount4	1
ISTD Amount5	1
ISTD Amount6	1
ISTD Amount7	1
ISTD Amount8	1
ISTD Amount9	1
ISTD Amount10	1
ISTD Amount11	1
ISTD Amount12	1
ISTD Amount13	1
ISTD Amount14	1
ISTD Amount15	1
ISTD Amount16	1
ISTD Amount17	1
ISTD Amount18	1
ISTD Amount19	1
ISTD Amount20	1
ISTD Amount21	1
ISTD Amount22	1
ISTD Amount23	1
ISTD Amount24	1
ISTD Amount25	1
ISTD Amount26	1
ISTD Amount27	1
ISTD Amount28	1
ISTD Amount29	1
ISTD Amount30	1
ISTD Amount31	1
ISTD Amount32	1
Sample Amount	1
Dilution Factor	1
Vial#	18
Injection Volume	0,2
Injection Count	1
Bar Code	

[Original Files]
Data File	G:\GC data\Mara\MWH_022_t20m_17.03.2026_21.gcd
Method File	G:\GC data\MWH3_60-150-200_0-2uL_split50.gcm
Batch File	G:\GC data\Mara\wash_2026-17._03.gcb
Report Format File	c:\LabSolutions\System\DEFAULT.lsr

[File Description]


[Configuration]
Instrument Name	GC-3
Instrument #	1
Line #	1
# of Detectors	1
Detector ID	DET#4
Detector Name	FID1
# of Channels	1

[Peak Table(Ch1)]
# of Peaks	10
Peak#	R.Time	I.Time	F.Time	Area	Height	A/H	Conc.	Mark	ID#	Name	k'	Plate #	Plate Ht.	Tailing	Resolution	Sep.Factor	Area Ratio	Height Ratio	Conc. %	Norm Conc.
1	1,296	1,275	1,317	1179	910	1,296	0,000	 V 			0,000	22210	0,000	0,000	0,000	0,000	0	0	0,000	0,000
2	1,332	1,317	1,405	2659	2034	1,307	0,000	 V 			0,028	28219	0,000	0,000	1,096	0,000	0	0	0,000	0,000
3	1,451	1,410	1,508	1032	717	1,440	0,000	   			0,120	31362	0,000	1,841	3,689	4,264	0	0	0,000	0,000
4	1,567	1,508	1,760	6604370	5129928	1,287	0,000	 V 			0,210	36792	0,000	1,407	3,570	1,752	0	0	0,000	0,000
5	1,890	1,853	2,017	197762	145565	1,359	0,000	   			0,458	49376	0,000	1,277	9,691	2,187	0	0	0,000	0,000
6	2,736	2,689	3,039	811659	546761	1,484	0,000	SV 			1,112	86625	0,000	1,175	23,845	2,426	0	0	0,000	0,000
7	2,826	2,810	2,871	1751	1227	1,426	0,000	T  			1,181	88166	0,000	1,465	2,383	1,062	0	0	0,000	0,000
8	3,916	3,874	4,121	832355	542242	1,535	0,000	   			2,022	166091	0,000	1,160	28,577	1,713	0	0	0,000	0,000
9	5,523	5,479	5,591	1643	1025	1,603	0,000	   			3,262	288533	0,000	1,339	40,498	1,613	0	0	0,000	0,000
10	7,529	7,467	8,074	492899	258999	1,903	0,000	   			4,810	436659	0,000	1,019	46,397	1,475	0	0	0,000	0,000

[Chromatogram (Ch1)]
Interval(msec)	40
# of Points	18945
Start Time(min)	0,001
End Time(min)	12,630
R.Time (min)	Intensity
0,00050	-19
0,00117	-19
0,00183	-19
0,00250	-18
0,00317	-18
0,00383	-18
0,00450	-17
0,00517	-17
0,00583	-17
0,00650	-17
0,00717	-17
0,00783	-16
0,00850	-16
0,00917	-16
0,00983	-16
0,01050	-15
0,01117	-15
0,01183	-15
0,01250	-15
0,01317	-15
0,01383	-15
0,01450	-15
0,01517	-15
0,01583	-15
0,01650	-16
0,01717	-16
0,01783	-16
0,01850	-16
0,01917	-17
0,01983	-17
0,02050	-17
0,02117	-17
0,02183	-17
0,02250	-17
0,02317	-17
0,02383	-17
0,02450	-17
0,02517	-17
0,02583	-17
0,02650	-17
0,02717	-17
0,02783	-17
0,02850	-17
0,02917	-17
0,02983	-18
0,03050	-18
0,03117	-18
0,03183	-18
0,03250	-18
0,03317	-18
0,03383	-18
0,03450	-18
0,03517	-18
0,03583	-18
0,03650	-18
0,03717	-19
0,03783	-19
0,03850	-19
0,03917	-19
0,03983	-19
0,04050	-19
0,04117	-19
0,04183	-19
0,04250	-19
0,04317	-19
0,04383	-19
0,04450	-19
0,04517	-19
0,04583	-19
0,04650	-19
0,04717	-18
0,04783	-18
0,04850	-18
0,04917	-18
0,04983	-18
0,05050	-18
0,05117	-17
0,05183	-17
0,05250	-17
0,05317	-17
0,05383	-17
0,05450	-16
0,05517	-16
0,05583	-16
0,05650	-16
0,05717	-17
0,05783	-17
0,05850	-17
0,05917	-18
0,05983	-18
0,06050	-18
0,06117	-18
0,06183	-18
0,06250	-18
0,06317	-18
0,06383	-18
0,06450	-18
0,06517	-18
0,06583	-17
0,06650	-17
0,06717	-17
0,06783	-17
0,06850	-17
0,06917	-17
0,06983	-17
0,07050	-17
0,07117	-17
0,07183	-17
0,07250	-18
0,07317	-18
0,07383	-18
0,07450	-19
0,07517	-19
0,07583	-19
0,07650	-19
0,07717	-20
0,07783	-20
0,07850	-20
0,07917	-20
0,07983	-21
0,08050	-21
0,08117	-21
0,08183	-21
0,08250	-21
0,08317	-22
0,08383	-22
0,08450	-22
0,08517	-22
0,08583	-22
0,08650	-22
0,08717	-22
0,08783	-22
0,08850	-22
0,08917	-22
0,08983	-22
0,09050	-22
0,09117	-21
0,09183	-21
0,09250	-21
0,09317	-20
0,09383	-20
0,09450	-20
0,09517	-20
0,09583	-20
0,09650	-20
0,09717	-19
0,09783	-19
0,09850	-19
0,09917	-19
0,09983	-19
0,10050	-20
0,10117	-20
0,10183	-20
0,10250	-20
0,10317	-20
0,10383	-20
0,10450	-20
0,10517	-21
0,10583	-21
0,10650	-21
0,10717	-20
0,10783	-20
0,10850	-20
0,10917	-20
0,10983	-19
0,11050	-19
0,11117	-19
0,11183	-19
0,11250	-18
0,11317	-18
0,11383	-18
0,11450	-18
0,11517	-18
0,11583	-18
0,11650	-17
0,11717	-17
0,11783	-17
0,11850	-16
0,11917	-16
0,11983	-16
0,12050	-16
0,12117	-16
0,12183	-15
0,12250	-15
0,12317	-15
0,12383	-15
0,12450	-16
0,12517	-16
0,12583	-16
0,12650	-16
0,12717	-17
0,12783	-17
0,12850	-17
0,12917	-17
0,12983	-18
0,13050	-18
0,13117	-18
0,13183	-18
0,13250	-18
0,13317	-19
0,13383	-19
0,13450	-19
0,13517	-19
0,13583	-20
0,13650	-20
0,13717	-20
0,13783	-20
0,13850	-20
0,13917	-20
0,13983	-20
0,14050	-20
0,14117	-20
0,14183	-21
0,14250	-21
0,14317	-21
0,14383	-21
0,14450	-21
0,14517	-21
0,14583	-22
0,14650	-22
0,14717	-22
0,14783	-22
0,14850	-23
0,14917	-23
0,14983	-23
0,15050	-22
0,15117	-22
0,15183	-22
0,15250	-22
0,15317	-22
0,15383	-22
0,15450	-22
0,15517	-22
0,15583	-22
0,15650	-22
0,15717	-22
0,15783	-22
0,15850	-22
0,15917	-22
0,15983	-22
0,16050	-22
0,16117	-22
0,16183	-22
0,16250	-21
0,16317	-21
0,16383	-21
0,16450	-21
0,16517	-21
0,16583	-21
0,16650	-21
0,16717	-21
0,16783	-21
0,16850	-21
0,16917	-21
0,16983	-21
0,17050	-21
0,17117	-21
0,17183	-21
0,17250	-21
0,17317	-20
0,17383	-20
0,17450	-20
0,17517	-19
0,17583	-19
0,17650	-19
0,17717	-19
0,17783	-19
0,17850	-19
0,17917	-19
0,17983	-19
0,18050	-19
0,18117	-19
0,18183	-19
0,18250	-19
0,18317	-19
0,18383	-19
0,18450	-20
0,18517	-20
0,18583	-20
0,18650	-20
0,18717	-20
0,18783	-20
0,18850	-20
0,18917	-20
0,18983	-20
0,19050	-20
0,19117	-20
0,19183	-20
0,19250	-20
0,19317	-19
0,19383	-19
0,19450	-19
0,19517	-19
0,19583	-19
0,19650	-19
0,19717	-19
0,19783	-19
0,19850	-19
0,19917	-20
0,19983	-20
0,20050	-20
0,20117	-20
0,20183	-20
0,20250	-20
0,20317	-20
0,20383	-20
0,20450	-21
0,20517	-21
0,20583	-21
0,20650	-21
0,20717	-21
0,20783	-21
0,20850	-21
0,20917	-22
0,20983	-22
0,21050	-22
0,21117	-22
0,21183	-22
0,21250	-23
0,21317	-23
0,21383	-23
0,21450	-23
0,21517	-23
0,21583	-23
0,21650	-22
0,21717	-22
0,21783	-22
0,21850	-22
0,21917	-22
0,21983	-21
0,22050	-21
0,22117	-21
0,22183	-20
0,22250	-20
0,22317	-20
0,22383	-19
0,22450	-19
0,22517	-19
0,22583	-19
0,22650	-18
0,22717	-18
0,22783	-18
0,22850	-18
0,22917	-18
0,22983	-18
0,23050	-18
0,23117	-18
0,23183	-18
0,23250	-18
0,23317	-18
0,23383	-18
0,23450	-18
0,23517	-18
0,23583	-18
0,23650	-18
0,23717	-18
0,23783	-18
0,23850	-18
0,23917	-18
0,23983	-19
0,24050	-19
0,24117	-19
0,24183	-19
0,24250	-19
0,24317	-19
0,24383	-19
0,24450	-19
0,24517	-19
0,24583	-19
0,24650	-19
0,24717	-19
0,24783	-19
0,24850	-19
0,24917	-19
0,24983	-19
0,25050	-19
0,25117	-19
0,25183	-19
0,25250	-19
0,25317	-20
0,25383	-20
0,25450	-20
0,25517	-20
0,25583	-20
0,25650	-20
0,25717	-20
0,25783	-20
0,25850	-20
0,25917	-20
0,25983	-20
0,26050	-21
0,26117	-21
0,26183	-20
0,26250	-20
0,26317	-20
0,26383	-20
0,26450	-20
0,26517	-20
0,26583	-20
0,26650	-20
0,26717	-19
0,26783	-19
0,26850	-19
0,26917	-18
0,26983	-18
0,27050	-18
0,27117	-17
0,27183	-17
0,27250	-17
0,27317	-17
0,27383	-17
0,27450	-17
0,27517	-17
0,27583	-18
0,27650	-18
0,27717	-18
0,27783	-18
0,27850	-18
0,27917	-18
0,27983	-18
0,28050	-18
0,28117	-18
0,28183	-18
0,28250	-18
0,28317	-18
0,28383	-18
0,28450	-18
0,28517	-18
0,28583	-18
0,28650	-18
0,28717	-18
0,28783	-18
0,28850	-17
0,28917	-17
0,28983	-17
0,29050	-17
0,29117	-17
0,29183	-17
0,29250	-17
0,29317	-16
0,29383	-16
0,29450	-16
0,29517	-16
0,29583	-16
0,29650	-16
0,29717	-15
0,29783	-15
0,29850	-15
0,29917	-14
0,29983	-14
0,30050	-13
0,30117	-13
0,30183	-13
0,30250	-12
0,30317	-12
0,30383	-11
0,30450	-11
0,30517	-10
0,30583	-10
0,30650	-10
0,30717	-10
0,30783	-10
0,30850	-10
0,30917	-10
0,30983	-9
0,31050	-9
0,31117	-9
0,31183	-9
0,31250	-9
0,31317	-9
0,31383	-8
0,31450	-8
0,31517	-8
0,31583	-8
0,31650	-8
0,31717	-7
0,31783	-8
0,31850	-8
0,31917	-8
0,31983	-8
0,32050	-8
0,32117	-8
0,32183	-8
0,32250	-8
0,32317	-8
0,32383	-8
0,32450	-8
0,32517	-8
0,32583	-8
0,32650	-8
0,32717	-8
0,32783	-9
0,32850	-9
0,32917	-9
0,32983	-9
0,33050	-9
0,33117	-10
0,33183	-10
0,33250	-10
0,33317	-10
0,33383	-10
0,33450	-10
0,33517	-10
0,33583	-10
0,33650	-10
0,33717	-10
0,33783	-10
0,33850	-10
0,33917	-10
0,33983	-10
0,34050	-10
0,34117	-10
0,34183	-10
0,34250	-10
0,34317	-10
0,34383	-10
0,34450	-10
0,34517	-10
0,34583	-10
0,34650	-9
0,34717	-9
0,34783	-9
0,34850	-9
0,34917	-9
0,34983	-9
0,35050	-9
0,35117	-9
0,35183	-9
0,35250	-9
0,35317	-9
0,35383	-9
0,35450	-8
0,35517	-8
0,35583	-8
0,35650	-8
0,35717	-8
0,35783	-8
0,35850	-8
0,35917	-8
0,35983	-8
0,36050	-8
0,36117	-9
0,36183	-9
0,36250	-9
0,36317	-9
0,36383	-9
0,36450	-9
0,36517	-9
0,36583	-9
0,36650	-9
0,36717	-9
0,36783	-9
0,36850	-8
0,36917	-8
0,36983	-8
0,37050	-8
0,37117	-8
0,37183	-8
0,37250	-8
0,37317	-8
0,37383	-8
0,37450	-8
0,37517	-8
0,37583	-8
0,37650	-7
0,37717	-7
0,37783	-7
0,37850	-7
0,37917	-7
0,37983	-7
0,38050	-7
0,38117	-8
0,38183	-8
0,38250	-8
0,38317	-9
0,38383	-9
0,38450	-9
0,38517	-9
0,38583	-9
0,38650	-9
0,38717	-9
0,38783	-9
0,38850	-9
0,38917	-9
0,38983	-9
0,39050	-9
0,39117	-9
0,39183	-9
0,39250	-9
0,39317	-10
0,39383	-10
0,39450	-10
0,39517	-11
0,39583	-11
0,39650	-11
0,39717	-11
0,39783	-11
0,39850	-11
0,39917	-11
0,39983	-11
0,40050	-11
0,40117	-11
0,40183	-10
0,40250	-10
0,40317	-10
0,40383	-9
0,40450	-9
0,40517	-9
0,40583	-8
0,40650	-8
0,40717	-8
0,40783	-8
0,40850	-8
0,40917	-7
0,40983	-7
0,41050	-7
0,41117	-6
0,41183	-6
0,41250	-6
0,41317	-6
0,41383	-6
0,41450	-5
0,41517	-5
0,41583	-5
0,41650	-5
0,41717	-4
0,41783	-4
0,41850	-4
0,41917	-5
0,41983	-5
0,42050	-5
0,42117	-5
0,42183	-5
0,42250	-5
0,42317	-5
0,42383	-5
0,42450	-5
0,42517	-5
0,42583	-6
0,42650	-6
0,42717	-6
0,42783	-6
0,42850	-6
0,42917	-6
0,42983	-6
0,43050	-6
0,43117	-6
0,43183	-6
0,43250	-6
0,43317	-7
0,43383	-7
0,43450	-7
0,43517	-7
0,43583	-8
0,43650	-8
0,43717	-8
0,43783	-8
0,43850	-8
0,43917	-8
0,43983	-7
0,44050	-7
0,44117	-7
0,44183	-7
0,44250	-7
0,44317	-7
0,44383	-8
0,44450	-8
0,44517	-9
0,44583	-9
0,44650	-10
0,44717	-10
0,44783	-10
0,44850	-11
0,44917	-11
0,44983	-11
0,45050	-11
0,45117	-10
0,45183	-10
0,45250	-10
0,45317	-10
0,45383	-10
0,45450	-10
0,45517	-10
0,45583	-9
0,45650	-9
0,45717	-9
0,45783	-8
0,45850	-8
0,45917	-8
0,45983	-7
0,46050	-7
0,46117	-7
0,46183	-7
0,46250	-7
0,46317	-7
0,46383	-7
0,46450	-7
0,46517	-7
0,46583	-7
0,46650	-7
0,46717	-7
0,46783	-7
0,46850	-7
0,46917	-7
0,46983	-7
0,47050	-7
0,47117	-7
0,47183	-7
0,47250	-7
0,47317	-7
0,47383	-7
0,47450	-8
0,47517	-8
0,47583	-8
0,47650	-8
0,47717	-8
0,47783	-9
0,47850	-9
0,47917	-9
0,47983	-9
0,48050	-9
0,48117	-9
0,48183	-10
0,48250	-10
0,48317	-10
0,48383	-10
0,48450	-10
0,48517	-11
0,48583	-11
0,48650	-11
0,48717	-11
0,48783	-11
0,48850	-11
0,48917	-11
0,48983	-11
0,49050	-11
0,49117	-11
0,49183	-11
0,49250	-11
0,49317	-11
0,49383	-11
0,49450	-11
0,49517	-11
0,49583	-11
0,49650	-11
0,49717	-11
0,49783	-11
0,49850	-11
0,49917	-11
0,49983	-11
0,50050	-12
0,50117	-12
0,50183	-12
0,50250	-13
0,50317	-13
0,50383	-13
0,50450	-13
0,50517	-13
0,50583	-13
0,50650	-13
0,50717	-13
0,50783	-13
0,50850	-13
0,50917	-12
0,50983	-12
0,51050	-12
0,51117	-12
0,51183	-12
0,51250	-12
0,51317	-12
0,51383	-12
0,51450	-12
0,51517	-12
0,51583	-12
0,51650	-12
0,51717	-12
0,51783	-12
0,51850	-13
0,51917	-13
0,51983	-13
0,52050	-13
0,52117	-13
0,52183	-13
0,52250	-13
0,52317	-13
0,52383	-13
0,52450	-13
0,52517	-13
0,52583	-13
0,52650	-13
0,52717	-13
0,52783	-13
0,52850	-13
0,52917	-13
0,52983	-13
0,53050	-13
0,53117	-13
0,53183	-13
0,53250	-13
0,53317	-13
0,53383	-13
0,53450	-13
0,53517	-13
0,53583	-13
0,53650	-13
0,53717	-13
0,53783	-13
0,53850	-13
0,53917	-13
0,53983	-13
0,54050	-13
0,54117	-14
0,54183	-14
0,54250	-14
0,54317	-14
0,54383	-14
0,54450	-14
0,54517	-14
0,54583	-14
0,54650	-14
0,54717	-14
0,54783	-14
0,54850	-14
0,54917	-14
0,54983	-14
0,55050	-14
0,55117	-14
0,55183	-14
0,55250	-15
0,55317	-15
0,55383	-15
0,55450	-15
0,55517	-15
0,55583	-15
0,55650	-15
0,55717	-15
0,55783	-15
0,55850	-15
0,55917	-15
0,55983	-14
0,56050	-14
0,56117	-14
0,56183	-14
0,56250	-13
0,56317	-13
0,56383	-13
0,56450	-13
0,56517	-13
0,56583	-13
0,56650	-12
0,56717	-12
0,56783	-12
0,56850	-12
0,56917	-12
0,56983	-12
0,57050	-12
0,57117	-13
0,57183	-13
0,57250	-13
0,57317	-13
0,57383	-14
0,57450	-14
0,57517	-14
0,57583	-15
0,57650	-15
0,57717	-15
0,57783	-15
0,57850	-16
0,57917	-16
0,57983	-16
0,58050	-16
0,58117	-16
0,58183	-16
0,58250	-16
0,58317	-16
0,58383	-16
0,58450	-16
0,58517	-16
0,58583	-16
0,58650	-16
0,58717	-16
0,58783	-16
0,58850	-16
0,58917	-16
0,58983	-15
0,59050	-15
0,59117	-15
0,59183	-15
0,59250	-14
0,59317	-14
0,59383	-14
0,59450	-15
0,59517	-15
0,59583	-15
0,59650	-15
0,59717	-16
0,59783	-16
0,59850	-16
0,59917	-16
0,59983	-17
0,60050	-17
0,60117	-17
0,60183	-17
0,60250	-17
0,60317	-17
0,60383	-18
0,60450	-18
0,60517	-18
0,60583	-18
0,60650	-18
0,60717	-19
0,60783	-19
0,60850	-19
0,60917	-19
0,60983	-19
0,61050	-19
0,61117	-19
0,61183	-19
0,61250	-19
0,61317	-19
0,61383	-19
0,61450	-19
0,61517	-19
0,61583	-19
0,61650	-18
0,61717	-18
0,61783	-18
0,61850	-18
0,61917	-18
0,61983	-17
0,62050	-17
0,62117	-17
0,62183	-17
0,62250	-17
0,62317	-16
0,62383	-16
0,62450	-16
0,62517	-16
0,62583	-16
0,62650	-15
0,62717	-15
0,62783	-15
0,62850	-15
0,62917	-15
0,62983	-15
0,63050	-15
0,63117	-15
0,63183	-14
0,63250	-14
0,63317	-14
0,63383	-14
0,63450	-14
0,63517	-15
0,63583	-15
0,63650	-15
0,63717	-15
0,63783	-15
0,63850	-15
0,63917	-15
0,63983	-15
0,64050	-15
0,64117	-15
0,64183	-16
0,64250	-16
0,64317	-16
0,64383	-16
0,64450	-16
0,64517	-16
0,64583	-16
0,64650	-16
0,64717	-16
0,64783	-16
0,64850	-16
0,64917	-16
0,64983	-16
0,65050	-17
0,65117	-17
0,65183	-17
0,65250	-17
0,65317	-17
0,65383	-17
0,65450	-18
0,65517	-18
0,65583	-18
0,65650	-18
0,65717	-18
0,65783	-18
0,65850	-19
0,65917	-19
0,65983	-19
0,66050	-19
0,66117	-20
0,66183	-20
0,66250	-20
0,66317	-20
0,66383	-20
0,66450	-20
0,66517	-20
0,66583	-20
0,66650	-20
0,66717	-20
0,66783	-19
0,66850	-19
0,66917	-19
0,66983	-18
0,67050	-18
0,67117	-18
0,67183	-18
0,67250	-17
0,67317	-17
0,67383	-17
0,67450	-17
0,67517	-17
0,67583	-17
0,67650	-17
0,67717	-17
0,67783	-17
0,67850	-16
0,67917	-16
0,67983	-17
0,68050	-17
0,68117	-17
0,68183	-17
0,68250	-17
0,68317	-17
0,68383	-17
0,68450	-17
0,68517	-17
0,68583	-17
0,68650	-17
0,68717	-17
0,68783	-17
0,68850	-17
0,68917	-17
0,68983	-17
0,69050	-17
0,69117	-17
0,69183	-17
0,69250	-17
0,69317	-17
0,69383	-17
0,69450	-18
0,69517	-18
0,69583	-18
0,69650	-18
0,69717	-18
0,69783	-18
0,69850	-17
0,69917	-17
0,69983	-17
0,70050	-17
0,70117	-18
0,70183	-18
0,70250	-18
0,70317	-18
0,70383	-18
0,70450	-18
0,70517	-18
0,70583	-18
0,70650	-18
0,70717	-18
0,70783	-18
0,70850	-18
0,70917	-18
0,70983	-18
0,71050	-18
0,71117	-18
0,71183	-18
0,71250	-19
0,71317	-19
0,71383	-19
0,71450	-20
0,71517	-20
0,71583	-20
0,71650	-20
0,71717	-20
0,71783	-20
0,71850	-20
0,71917	-20
0,71983	-20
0,72050	-20
0,72117	-20
0,72183	-20
0,72250	-20
0,72317	-20
0,72383	-20
0,72450	-20
0,72517	-20
0,72583	-20
0,72650	-20
0,72717	-21
0,72783	-21
0,72850	-21
0,72917	-21
0,72983	-21
0,73050	-21
0,73117	-21
0,73183	-21
0,73250	-21
0,73317	-21
0,73383	-21
0,73450	-21
0,73517	-21
0,73583	-21
0,73650	-21
0,73717	-21
0,73783	-21
0,73850	-21
0,73917	-21
0,73983	-21
0,74050	-20
0,74117	-20
0,74183	-20
0,74250	-20
0,74317	-20
0,74383	-20
0,74450	-21
0,74517	-21
0,74583	-21
0,74650	-21
0,74717	-21
0,74783	-21
0,74850	-21
0,74917	-21
0,74983	-21
0,75050	-21
0,75117	-21
0,75183	-22
0,75250	-22
0,75317	-22
0,75383	-23
0,75450	-23
0,75517	-23
0,75583	-23
0,75650	-24
0,75717	-24
0,75783	-24
0,75850	-24
0,75917	-24
0,75983	-24
0,76050	-24
0,76117	-24
0,76183	-24
0,76250	-24
0,76317	-24
0,76383	-24
0,76450	-24
0,76517	-24
0,76583	-24
0,76650	-24
0,76717	-24
0,76783	-24
0,76850	-24
0,76917	-24
0,76983	-24
0,77050	-24
0,77117	-24
0,77183	-24
0,77250	-23
0,77317	-23
0,77383	-23
0,77450	-23
0,77517	-23
0,77583	-23
0,77650	-23
0,77717	-23
0,77783	-23
0,77850	-23
0,77917	-23
0,77983	-23
0,78050	-23
0,78117	-22
0,78183	-22
0,78250	-22
0,78317	-22
0,78383	-22
0,78450	-22
0,78517	-22
0,78583	-22
0,78650	-23
0,78717	-23
0,78783	-23
0,78850	-23
0,78917	-23
0,78983	-23
0,79050	-23
0,79117	-23
0,79183	-23
0,79250	-22
0,79317	-22
0,79383	-22
0,79450	-22
0,79517	-21
0,79583	-21
0,79650	-21
0,79717	-21
0,79783	-21
0,79850	-21
0,79917	-21
0,79983	-21
0,80050	-22
0,80117	-22
0,80183	-22
0,80250	-22
0,80317	-22
0,80383	-23
0,80450	-23
0,80517	-23
0,80583	-23
0,80650	-23
0,80717	-24
0,80783	-24
0,80850	-24
0,80917	-24
0,80983	-24
0,81050	-24
0,81117	-24
0,81183	-24
0,81250	-24
0,81317	-24
0,81383	-23
0,81450	-23
0,81517	-23
0,81583	-23
0,81650	-23
0,81717	-23
0,81783	-24
0,81850	-24
0,81917	-24
0,81983	-24
0,82050	-24
0,82117	-24
0,82183	-24
0,82250	-24
0,82317	-24
0,82383	-24
0,82450	-23
0,82517	-23
0,82583	-22
0,82650	-22
0,82717	-22
0,82783	-21
0,82850	-21
0,82917	-21
0,82983	-21
0,83050	-21
0,83117	-21
0,83183	-21
0,83250	-21
0,83317	-21
0,83383	-21
0,83450	-21
0,83517	-21
0,83583	-21
0,83650	-21
0,83717	-21
0,83783	-21
0,83850	-21
0,83917	-21
0,83983	-21
0,84050	-21
0,84117	-21
0,84183	-21
0,84250	-21
0,84317	-21
0,84383	-21
0,84450	-20
0,84517	-20
0,84583	-20
0,84650	-20
0,84717	-20
0,84783	-20
0,84850	-20
0,84917	-20
0,84983	-21
0,85050	-21
0,85117	-21
0,85183	-22
0,85250	-22
0,85317	-22
0,85383	-22
0,85450	-22
0,85517	-22
0,85583	-22
0,85650	-22
0,85717	-22
0,85783	-22
0,85850	-22
0,85917	-22
0,85983	-23
0,86050	-23
0,86117	-23
0,86183	-24
0,86250	-24
0,86317	-24
0,86383	-24
0,86450	-24
0,86517	-24
0,86583	-23
0,86650	-23
0,86717	-23
0,86783	-23
0,86850	-23
0,86917	-22
0,86983	-22
0,87050	-22
0,87117	-22
0,87183	-22
0,87250	-22
0,87317	-22
0,87383	-22
0,87450	-22
0,87517	-21
0,87583	-21
0,87650	-21
0,87717	-21
0,87783	-20
0,87850	-20
0,87917	-20
0,87983	-20
0,88050	-20
0,88117	-20
0,88183	-20
0,88250	-20
0,88317	-20
0,88383	-20
0,88450	-20
0,88517	-20
0,88583	-20
0,88650	-20
0,88717	-20
0,88783	-20
0,88850	-20
0,88917	-20
0,88983	-20
0,89050	-20
0,89117	-20
0,89183	-20
0,89250	-20
0,89317	-20
0,89383	-20
0,89450	-20
0,89517	-21
0,89583	-21
0,89650	-21
0,89717	-21
0,89783	-21
0,89850	-21
0,89917	-22
0,89983	-22
0,90050	-22
0,90117	-22
0,90183	-23
0,90250	-23
0,90317	-23
0,90383	-23
0,90450	-23
0,90517	-23
0,90583	-23
0,90650	-24
0,90717	-24
0,90783	-24
0,90850	-24
0,90917	-24
0,90983	-24
0,91050	-24
0,91117	-23
0,91183	-23
0,91250	-23
0,91317	-22
0,91383	-22
0,91450	-22
0,91517	-22
0,91583	-22
0,91650	-22
0,91717	-22
0,91783	-22
0,91850	-22
0,91917	-22
0,91983	-22
0,92050	-22
0,92117	-22
0,92183	-22
0,92250	-22
0,92317	-22
0,92383	-22
0,92450	-22
0,92517	-23
0,92583	-23
0,92650	-23
0,92717	-23
0,92783	-23
0,92850	-23
0,92917	-23
0,92983	-23
0,93050	-23
0,93117	-23
0,93183	-23
0,93250	-23
0,93317	-23
0,93383	-23
0,93450	-23
0,93517	-23
0,93583	-23
0,93650	-23
0,93717	-23
0,93783	-22
0,93850	-22
0,93917	-22
0,93983	-22
0,94050	-22
0,94117	-22
0,94183	-22
0,94250	-22
0,94317	-22
0,94383	-22
0,94450	-22
0,94517	-22
0,94583	-22
0,94650	-22
0,94717	-22
0,94783	-23
0,94850	-23
0,94917	-23
0,94983	-23
0,95050	-23
0,95117	-23
0,95183	-23
0,95250	-23
0,95317	-23
0,95383	-23
0,95450	-23
0,95517	-23
0,95583	-24
0,95650	-24
0,95717	-24
0,95783	-24
0,95850	-24
0,95917	-24
0,95983	-24
0,96050	-24
0,96117	-24
0,96183	-23
0,96250	-23
0,96317	-23
0,96383	-23
0,96450	-23
0,96517	-22
0,96583	-22
0,96650	-23
0,96717	-23
0,96783	-23
0,96850	-23
0,96917	-24
0,96983	-24
0,97050	-24
0,97117	-24
0,97183	-25
0,97250	-25
0,97317	-25
0,97383	-25
0,97450	-25
0,97517	-25
0,97583	-25
0,97650	-25
0,97717	-25
0,97783	-25
0,97850	-25
0,97917	-25
0,97983	-26
0,98050	-26
0,98117	-26
0,98183	-26
0,98250	-26
0,98317	-26
0,98383	-26
0,98450	-26
0,98517	-25
0,98583	-25
0,98650	-25
0,98717	-25
0,98783	-25
0,98850	-25
0,98917	-25
0,98983	-25
0,99050	-25
0,99117	-25
0,99183	-25
0,99250	-25
0,99317	-25
0,99383	-24
0,99450	-24
0,99517	-24
0,99583	-24
0,99650	-24
0,99717	-24
0,99783	-24
0,99850	-24
0,99917	-24
0,99983	-24
1,00050	-24
1,00117	-25
1,00183	-25
1,00250	-25
1,00317	-25
1,00383	-25
1,00450	-25
1,00517	-25
1,00583	-25
1,00650	-26
1,00717	-26
1,00783	-26
1,00850	-26
1,00917	-26
1,00983	-26
1,01050	-26
1,01117	-26
1,01183	-26
1,01250	-26
1,01317	-27
1,01383	-27
1,01450	-27
1,01517	-27
1,01583	-27
1,01650	-27
1,01717	-27
1,01783	-27
1,01850	-27
1,01917	-27
1,01983	-27
1,02050	-27
1,02117	-27
1,02183	-27
1,02250	-27
1,02317	-27
1,02383	-27
1,02450	-28
1,02517	-28
1,02583	-28
1,02650	-28
1,02717	-28
1,02783	-28
1,02850	-28
1,02917	-28
1,02983	-28
1,03050	-28
1,03117	-28
1,03183	-28
1,03250	-28
1,03317	-28
1,03383	-28
1,03450	-28
1,03517	-28
1,03583	-28
1,03650	-28
1,03717	-27
1,03783	-27
1,03850	-27
1,03917	-27
1,03983	-27
1,04050	-27
1,04117	-27
1,04183	-27
1,04250	-27
1,04317	-27
1,04383	-27
1,04450	-27
1,04517	-27
1,04583	-28
1,04650	-28
1,04717	-28
1,04783	-28
1,04850	-28
1,04917	-28
1,04983	-28
1,05050	-28
1,05117	-28
1,05183	-28
1,05250	-29
1,05317	-29
1,05383	-29
1,05450	-28
1,05517	-28
1,05583	-28
1,05650	-27
1,05717	-27
1,05783	-27
1,05850	-27
1,05917	-27
1,05983	-27
1,06050	-27
1,06117	-27
1,06183	-27
1,06250	-27
1,06317	-27
1,06383	-27
1,06450	-28
1,06517	-28
1,06583	-28
1,06650	-28
1,06717	-29
1,06783	-29
1,06850	-29
1,06917	-29
1,06983	-29
1,07050	-29
1,07117	-29
1,07183	-29
1,07250	-29
1,07317	-29
1,07383	-29
1,07450	-29
1,07517	-29
1,07583	-29
1,07650	-29
1,07717	-29
1,07783	-29
1,07850	-29
1,07917	-29
1,07983	-29
1,08050	-29
1,08117	-29
1,08183	-30
1,08250	-30
1,08317	-29
1,08383	-29
1,08450	-29
1,08517	-29
1,08583	-30
1,08650	-30
1,08717	-30
1,08783	-29
1,08850	-29
1,08917	-29
1,08983	-29
1,09050	-29
1,09117	-28
1,09183	-28
1,09250	-28
1,09317	-28
1,09383	-27
1,09450	-27
1,09517	-27
1,09583	-27
1,09650	-27
1,09717	-27
1,09783	-27
1,09850	-27
1,09917	-27
1,09983	-27
1,10050	-27
1,10117	-26
1,10183	-26
1,10250	-26
1,10317	-26
1,10383	-26
1,10450	-25
1,10517	-25
1,10583	-25
1,10650	-25
1,10717	-25
1,10783	-25
1,10850	-25
1,10917	-25
1,10983	-26
1,11050	-26
1,11117	-26
1,11183	-26
1,11250	-26
1,11317	-26
1,11383	-25
1,11450	-25
1,11517	-26
1,11583	-26
1,11650	-26
1,11717	-26
1,11783	-26
1,11850	-27
1,11917	-27
1,11983	-27
1,12050	-26
1,12117	-26
1,12183	-26
1,12250	-26
1,12317	-26
1,12383	-26
1,12450	-26
1,12517	-27
1,12583	-27
1,12650	-27
1,12717	-27
1,12783	-27
1,12850	-27
1,12917	-27
1,12983	-27
1,13050	-27
1,13117	-27
1,13183	-26
1,13250	-26
1,13317	-26
1,13383	-26
1,13450	-26
1,13517	-26
1,13583	-26
1,13650	-27
1,13717	-26
1,13783	-26
1,13850	-26
1,13917	-25
1,13983	-24
1,14050	-23
1,14117	-21
1,14183	-19
1,14250	-15
1,14317	-11
1,14383	-7
1,14450	-1
1,14517	5
1,14583	12
1,14650	19
1,14717	26
1,14783	34
1,14850	42
1,14917	50
1,14983	57
1,15050	64
1,15117	71
1,15183	77
1,15250	82
1,15317	87
1,15383	91
1,15450	94
1,15517	96
1,15583	97
1,15650	98
1,15717	98
1,15783	97
1,15850	95
1,15917	93
1,15983	91
1,16050	88
1,16117	84
1,16183	80
1,16250	77
1,16317	73
1,16383	69
1,16450	65
1,16517	61
1,16583	57
1,16650	52
1,16717	48
1,16783	44
1,16850	41
1,16917	37
1,16983	33
1,17050	30
1,17117	26
1,17183	23
1,17250	20
1,17317	18
1,17383	15
1,17450	13
1,17517	11
1,17583	9
1,17650	7
1,17717	5
1,17783	4
1,17850	3
1,17917	2
1,17983	1
1,18050	0
1,18117	0
1,18183	-0
1,18250	-0
1,18317	0
1,18383	0
1,18450	0
1,18517	1
1,18583	1
1,18650	1
1,18717	1
1,18783	2
1,18850	2
1,18917	2
1,18983	1
1,19050	1
1,19117	1
1,19183	0
1,19250	0
1,19317	-0
1,19383	-1
1,19450	-1
1,19517	-1
1,19583	-1
1,19650	-1
1,19717	-0
1,19783	0
1,19850	1
1,19917	1
1,19983	2
1,20050	3
1,20117	4
1,20183	5
1,20250	6
1,20317	6
1,20383	7
1,20450	8
1,20517	8
1,20583	8
1,20650	8
1,20717	8
1,20783	8
1,20850	8
1,20917	7
1,20983	6
1,21050	6
1,21117	5
1,21183	4
1,21250	3
1,21317	2
1,21383	1
1,21450	1
1,21517	0
1,21583	-1
1,21650	-1
1,21717	-2
1,21783	-2
1,21850	-3
1,21917	-4
1,21983	-4
1,22050	-5
1,22117	-6
1,22183	-7
1,22250	-7
1,22317	-8
1,22383	-8
1,22450	-9
1,22517	-9
1,22583	-10
1,22650	-11
1,22717	-11
1,22783	-12
1,22850	-12
1,22917	-13
1,22983	-13
1,23050	-13
1,23117	-14
1,23183	-14
1,23250	-13
1,23317	-13
1,23383	-12
1,23450	-11
1,23517	-9
1,23583	-6
1,23650	-1
1,23717	4
1,23783	11
1,23850	20
1,23917	30
1,23983	42
1,24050	55
1,24117	69
1,24183	83
1,24250	97
1,24317	111
1,24383	124
1,24450	137
1,24517	148
1,24583	159
1,24650	168
1,24717	176
1,24783	182
1,24850	186
1,24917	189
1,24983	190
1,25050	190
1,25117	188
1,25183	186
1,25250	182
1,25317	177
1,25383	172
1,25450	165
1,25517	159
1,25583	152
1,25650	145
1,25717	137
1,25783	130
1,25850	123
1,25917	116
1,25983	109
1,26050	102
1,26117	96
1,26183	89
1,26250	83
1,26317	76
1,26383	70
1,26450	65
1,26517	59
1,26583	54
1,26650	49
1,26717	45
1,26783	41
1,26850	37
1,26917	33
1,26983	30
1,27050	27
1,27117	24
1,27183	21
1,27250	19
1,27317	17
1,27383	15
1,27450	14
1,27517	13
1,27583	13
1,27650	14
1,27717	16
1,27783	20
1,27850	26
1,27917	35
1,27983	48
1,28050	64
1,28117	85
1,28183	110
1,28250	140
1,28317	175
1,28383	214
1,28450	257
1,28517	304
1,28583	354
1,28650	406
1,28717	460
1,28783	515
1,28850	569
1,28917	623
1,28983	674
1,29050	722
1,29117	765
1,29183	803
1,29250	836
1,29317	862
1,29383	882
1,29450	894
1,29517	900
1,29583	900
1,29650	894
1,29717	882
1,29783	866
1,29850	845
1,29917	820
1,29983	793
1,30050	764
1,30117	732
1,30183	700
1,30250	666
1,30317	633
1,30383	599
1,30450	566
1,30517	533
1,30583	501
1,30650	470
1,30717	439
1,30783	410
1,30850	382
1,30917	355
1,30983	330
1,31050	306
1,31117	283
1,31183	262
1,31250	242
1,31317	224
1,31383	208
1,31450	193
1,31517	182
1,31583	173
1,31650	169
1,31717	170
1,31783	179
1,31850	198
1,31917	228
1,31983	274
1,32050	336
1,32117	416
1,32183	516
1,32250	633
1,32317	766
1,32383	911
1,32450	1064
1,32517	1219
1,32583	1371
1,32650	1516
1,32717	1649
1,32783	1767
1,32850	1867
1,32917	1949
1,32983	2011
1,33050	2052
1,33117	2075
1,33183	2079
1,33250	2067
1,33317	2040
1,33383	1999
1,33450	1948
1,33517	1887
1,33583	1819
1,33650	1745
1,33717	1667
1,33783	1587
1,33850	1505
1,33917	1423
1,33983	1341
1,34050	1261
1,34117	1183
1,34183	1107
1,34250	1034
1,34317	965
1,34383	900
1,34450	838
1,34517	780
1,34583	726
1,34650	676
1,34717	629
1,34783	586
1,34850	546
1,34917	509
1,34983	475
1,35050	443
1,35117	414
1,35183	387
1,35250	362
1,35317	338
1,35383	316
1,35450	295
1,35517	275
1,35583	257
1,35650	239
1,35717	222
1,35783	206
1,35850	192
1,35917	178
1,35983	164
1,36050	152
1,36117	140
1,36183	129
1,36250	118
1,36317	108
1,36383	99
1,36450	90
1,36517	82
1,36583	75
1,36650	68
1,36717	62
1,36783	56
1,36850	51
1,36917	46
1,36983	41
1,37050	37
1,37117	33
1,37183	29
1,37250	26
1,37317	23
1,37383	20
1,37450	17
1,37517	14
1,37583	12
1,37650	10
1,37717	8
1,37783	6
1,37850	4
1,37917	3
1,37983	2
1,38050	0
1,38117	-1
1,38183	-2
1,38250	-3
1,38317	-4
1,38383	-5
1,38450	-6
1,38517	-7
1,38583	-8
1,38650	-8
1,38717	-9
1,38783	-9
1,38850	-10
1,38917	-11
1,38983	-11
1,39050	-12
1,39117	-12
1,39183	-13
1,39250	-14
1,39317	-14
1,39383	-15
1,39450	-15
1,39517	-16
1,39583	-16
1,39650	-17
1,39717	-17
1,39783	-17
1,39850	-17
1,39917	-17
1,39983	-17
1,40050	-17
1,40117	-18
1,40183	-18
1,40250	-18
1,40317	-18
1,40383	-19
1,40450	-19
1,40517	-19
1,40583	-19
1,40650	-19
1,40717	-19
1,40783	-18
1,40850	-18
1,40917	-17
1,40983	-17
1,41050	-17
1,41117	-16
1,41183	-16
1,41250	-16
1,41317	-15
1,41383	-15
1,41450	-15
1,41517	-15
1,41583	-15
1,41650	-15
1,41717	-15
1,41783	-15
1,41850	-15
1,41917	-15
1,41983	-15
1,42050	-15
1,42117	-15
1,42183	-15
1,42250	-15
1,42317	-15
1,42383	-15
1,42450	-15
1,42517	-15
1,42583	-15
1,42650	-15
1,42717	-16
1,42783	-16
1,42850	-16
1,42917	-16
1,42983	-16
1,43050	-16
1,43117	-15
1,43183	-14
1,43250	-13
1,43317	-11
1,43383	-8
1,43450	-3
1,43517	5
1,43583	14
1,43650	28
1,43717	44
1,43783	65
1,43850	91
1,43917	122
1,43983	157
1,44050	197
1,44117	241
1,44183	288
1,44250	338
1,44317	388
1,44383	438
1,44450	486
1,44517	532
1,44583	574
1,44650	612
1,44717	644
1,44783	671
1,44850	691
1,44917	706
1,44983	715
1,45050	718
1,45117	715
1,45183	708
1,45250	696
1,45317	681
1,45383	661
1,45450	639
1,45517	615
1,45583	588
1,45650	561
1,45717	533
1,45783	504
1,45850	476
1,45917	448
1,45983	421
1,46050	395
1,46117	371
1,46183	348
1,46250	326
1,46317	306
1,46383	289
1,46450	273
1,46517	258
1,46583	246
1,46650	235
1,46717	225
1,46783	217
1,46850	210
1,46917	204
1,46983	198
1,47050	193
1,47117	188
1,47183	183
1,47250	178
1,47317	173
1,47383	168
1,47450	162
1,47517	157
1,47583	151
1,47650	145
1,47717	138
1,47783	132
1,47850	125
1,47917	118
1,47983	111
1,48050	104
1,48117	97
1,48183	90
1,48250	83
1,48317	77
1,48383	70
1,48450	65
1,48517	59
1,48583	54
1,48650	49
1,48717	44
1,48783	40
1,48850	36
1,48917	33
1,48983	29
1,49050	26
1,49117	23
1,49183	21
1,49250	18
1,49317	16
1,49383	14
1,49450	12
1,49517	11
1,49583	9
1,49650	8
1,49717	7
1,49783	6
1,49850	5
1,49917	4
1,49983	3
1,50050	2
1,50117	1
1,50183	0
1,50250	-0
1,50317	-1
1,50383	-1
1,50450	-2
1,50517	-2
1,50583	-2
1,50650	-3
1,50717	-3
1,50783	-3
1,50850	-2
1,50917	-2
1,50983	-1
1,51050	-1
1,51117	0
1,51183	2
1,51250	3
1,51317	5
1,51383	8
1,51450	11
1,51517	14
1,51583	18
1,51650	23
1,51717	28
1,51783	35
1,51850	44
1,51917	55
1,51983	70
1,52050	88
1,52117	112
1,52183	140
1,52250	175
1,52317	217
1,52383	266
1,52450	322
1,52517	385
1,52583	454
1,52650	528
1,52717	606
1,52783	687
1,52850	767
1,52917	847
1,52983	923
1,53050	996
1,53117	1062
1,53183	1122
1,53250	1174
1,53317	1217
1,53383	1251
1,53450	1276
1,53517	1291
1,53583	1297
1,53650	1295
1,53717	1284
1,53783	1266
1,53850	1242
1,53917	1214
1,53983	1186
1,54050	1163
1,54117	1154
1,54183	1180
1,54250	1282
1,54317	1537
1,54383	2078
1,54450	3106
1,54517	4935
1,54583	8000
1,54650	12946
1,54717	20617
1,54783	32170
1,54850	49009
1,54917	72977
1,54983	106190
1,55050	151110
1,55117	210276
1,55183	286507
1,55250	382494
1,55317	500906
1,55383	643850
1,55450	812737
1,55517	1008429
1,55583	1231315
1,55650	1480821
1,55717	1755119
1,55783	2051157
1,55850	2364699
1,55917	2690497
1,55983	3022141
1,56050	3352251
1,56117	3673431
1,56183	3978297
1,56250	4260236
1,56317	4513155
1,56383	4732169
1,56450	4913367
1,56517	5054238
1,56583	5153372
1,56650	5210742
1,56717	5227204
1,56783	5204673
1,56850	5145905
1,56917	5054462
1,56983	4934320
1,57050	4789765
1,57117	4625144
1,57183	4444724
1,57250	4252522
1,57317	4052236
1,57383	3847183
1,57450	3640250
1,57517	3433899
1,57583	3230181
1,57650	3030765
1,57717	2836977
1,57783	2649843
1,57850	2470122
1,57917	2298351
1,57983	2134874
1,58050	1979879
1,58117	1833425
1,58183	1695461
1,58250	1565853
1,58317	1444401
1,58383	1330851
1,58450	1224911
1,58517	1126262
1,58583	1034566
1,58650	949473
1,58717	870629
1,58783	797680
1,58850	730274
1,58917	668069
1,58983	610731
1,59050	557937
1,59117	509379
1,59183	464761
1,59250	423801
1,59317	386233
1,59383	351805
1,59450	320280
1,59517	291436
1,59583	265063
1,59650	240968
1,59717	218967
1,59783	198893
1,59850	180587
1,59917	163904
1,59983	148709
1,60050	134875
1,60117	122289
1,60183	110843
1,60250	100439
1,60317	90986
1,60383	82401
1,60450	74608
1,60517	67537
1,60583	61124
1,60650	55309
1,60717	50039
1,60783	45264
1,60850	40939
1,60917	37023
1,60983	33478
1,61050	30270
1,61117	27368
1,61183	24744
1,61250	22370
1,61317	20225
1,61383	18287
1,61450	16535
1,61517	14953
1,61583	13524
1,61650	12234
1,61717	11069
1,61783	10017
1,61850	9068
1,61917	8211
1,61983	7438
1,62050	6741
1,62117	6111
1,62183	5544
1,62250	5032
1,62317	4570
1,62383	4154
1,62450	3778
1,62517	3440
1,62583	3134
1,62650	2859
1,62717	2610
1,62783	2386
1,62850	2184
1,62917	2001
1,62983	1836
1,63050	1687
1,63117	1553
1,63183	1432
1,63250	1322
1,63317	1223
1,63383	1133
1,63450	1052
1,63517	978
1,63583	912
1,63650	851
1,63717	796
1,63783	746
1,63850	701
1,63917	660
1,63983	622
1,64050	588
1,64117	556
1,64183	527
1,64250	500
1,64317	476
1,64383	453
1,64450	433
1,64517	414
1,64583	396
1,64650	380
1,64717	364
1,64783	350
1,64850	337
1,64917	325
1,64983	314
1,65050	303
1,65117	293
1,65183	284
1,65250	275
1,65317	267
1,65383	259
1,65450	252
1,65517	245
1,65583	239
1,65650	233
1,65717	227
1,65783	222
1,65850	217
1,65917	212
1,65983	207
1,66050	202
1,66117	198
1,66183	193
1,66250	189
1,66317	185
1,66383	181
1,66450	178
1,66517	174
1,66583	171
1,66650	167
1,66717	164
1,66783	161
1,66850	158
1,66917	155
1,66983	152
1,67050	149
1,67117	146
1,67183	144
1,67250	141
1,67317	138
1,67383	136
1,67450	134
1,67517	131
1,67583	129
1,67650	127
1,67717	125
1,67783	123
1,67850	122
1,67917	120
1,67983	118
1,68050	116
1,68117	114
1,68183	113
1,68250	111
1,68317	109
1,68383	107
1,68450	106
1,68517	104
1,68583	102
1,68650	100
1,68717	99
1,68783	97
1,68850	96
1,68917	94
1,68983	93
1,69050	91
1,69117	90
1,69183	88
1,69250	87
1,69317	86
1,69383	85
1,69450	83
1,69517	82
1,69583	81
1,69650	79
1,69717	78
1,69783	77
1,69850	76
1,69917	75
1,69983	74
1,70050	73
1,70117	72
1,70183	71
1,70250	70
1,70317	69
1,70383	68
1,70450	68
1,70517	67
1,70583	67
1,70650	67
1,70717	66
1,70783	66
1,70850	66
1,70917	65
1,70983	65
1,71050	65
1,71117	65
1,71183	64
1,71250	64
1,71317	64
1,71383	63
1,71450	63
1,71517	62
1,71583	61
1,71650	61
1,71717	60
1,71783	59
1,71850	58
1,71917	57
1,71983	56
1,72050	55
1,72117	55
1,72183	54
1,72250	53
1,72317	52
1,72383	51
1,72450	50
1,72517	49
1,72583	48
1,72650	47
1,72717	46
1,72783	46
1,72850	45
1,72917	44
1,72983	44
1,73050	43
1,73117	43
1,73183	43
1,73250	42
1,73317	41
1,73383	41
1,73450	40
1,73517	39
1,73583	38
1,73650	37
1,73717	37
1,73783	36
1,73850	35
1,73917	35
1,73983	35
1,74050	34
1,74117	34
1,74183	33
1,74250	33
1,74317	33
1,74383	32
1,74450	32
1,74517	31
1,74583	30
1,74650	30
1,74717	29
1,74783	28
1,74850	27
1,74917	26
1,74983	26
1,75050	25
1,75117	25
1,75183	24
1,75250	24
1,75317	24
1,75383	23
1,75450	23
1,75517	23
1,75583	23
1,75650	23
1,75717	23
1,75783	23
1,75850	23
1,75917	24
1,75983	24
1,76050	25
1,76117	26
1,76183	26
1,76250	27
1,76317	28
1,76383	28
1,76450	29
1,76517	30
1,76583	30
1,76650	31
1,76717	31
1,76783	31
1,76850	31
1,76917	30
1,76983	30
1,77050	30
1,77117	30
1,77183	29
1,77250	29
1,77317	28
1,77383	27
1,77450	27
1,77517	26
1,77583	26
1,77650	25
1,77717	24
1,77783	23
1,77850	23
1,77917	22
1,77983	21
1,78050	21
1,78117	20
1,78183	19
1,78250	18
1,78317	18
1,78383	17
1,78450	17
1,78517	16
1,78583	15
1,78650	15
1,78717	14
1,78783	14
1,78850	13
1,78917	12
1,78983	12
1,79050	11
1,79117	11
1,79183	10
1,79250	9
1,79317	9
1,79383	9
1,79450	8
1,79517	8
1,79583	8
1,79650	8
1,79717	8
1,79783	7
1,79850	7
1,79917	7
1,79983	7
1,80050	6
1,80117	6
1,80183	6
1,80250	6
1,80317	6
1,80383	6
1,80450	6
1,80517	6
1,80583	6
1,80650	6
1,80717	6
1,80783	6
1,80850	6
1,80917	6
1,80983	6
1,81050	6
1,81117	6
1,81183	6
1,81250	6
1,81317	6
1,81383	6
1,81450	7
1,81517	7
1,81583	7
1,81650	7
1,81717	7
1,81783	8
1,81850	8
1,81917	8
1,81983	8
1,82050	8
1,82117	8
1,82183	8
1,82250	8
1,82317	8
1,82383	8
1,82450	8
1,82517	8
1,82583	8
1,82650	8
1,82717	8
1,82783	9
1,82850	9
1,82917	9
1,82983	8
1,83050	8
1,83117	8
1,83183	8
1,83250	7
1,83317	7
1,83383	6
1,83450	6
1,83517	6
1,83583	5
1,83650	5
1,83717	5
1,83783	4
1,83850	4
1,83917	4
1,83983	4
1,84050	3
1,84117	3
1,84183	2
1,84250	2
1,84317	2
1,84383	1
1,84450	1
1,84517	1
1,84583	0
1,84650	-0
1,84717	-0
1,84783	-1
1,84850	-1
1,84917	-1
1,84983	-0
1,85050	-0
1,85117	-0
1,85183	-0
1,85250	-0
1,85317	-0
1,85383	-0
1,85450	0
1,85517	0
1,85583	1
1,85650	1
1,85717	1
1,85783	2
1,85850	2
1,85917	4
1,85983	5
1,86050	8
1,86117	13
1,86183	22
1,86250	36
1,86317	61
1,86383	103
1,86450	172
1,86517	282
1,86583	455
1,86650	716
1,86717	1097
1,86783	1627
1,86850	2343
1,86917	3278
1,86983	4465
1,87050	5937
1,87117	7720
1,87183	9838
1,87250	12308
1,87317	15149
1,87383	18373
1,87450	21985
1,87517	25995
1,87583	30403
1,87650	35206
1,87717	40396
1,87783	45963
1,87850	51901
1,87917	58197
1,87983	64830
1,88050	71767
1,88117	78969
1,88183	86382
1,88250	93947
1,88317	101596
1,88383	109229
1,88450	116712
1,88517	123875
1,88583	130523
1,88650	136447
1,88717	141446
1,88783	145349
1,88850	148039
1,88917	149459
1,88983	149623
1,89050	148600
1,89117	146500
1,89183	143456
1,89250	139614
1,89317	135120
1,89383	130114
1,89450	124725
1,89517	119070
1,89583	113248
1,89650	107347
1,89717	101441
1,89783	95591
1,89850	89847
1,89917	84249
1,89983	78828
1,90050	73608
1,90117	68606
1,90183	63835
1,90250	59301
1,90317	55007
1,90383	50953
1,90450	47137
1,90517	43554
1,90583	40198
1,90650	37061
1,90717	34135
1,90783	31411
1,90850	28878
1,90917	26527
1,90983	24349
1,91050	22333
1,91117	20470
1,91183	18750
1,91250	17164
1,91317	15702
1,91383	14358
1,91450	13122
1,91517	11986
1,91583	10945
1,91650	9989
1,91717	9114
1,91783	8312
1,91850	7578
1,91917	6907
1,91983	6294
1,92050	5734
1,92117	5223
1,92183	4757
1,92250	4332
1,92317	3944
1,92383	3591
1,92450	3269
1,92517	2976
1,92583	2709
1,92650	2467
1,92717	2246
1,92783	2045
1,92850	1863
1,92917	1697
1,92983	1546
1,93050	1410
1,93117	1285
1,93183	1172
1,93250	1070
1,93317	977
1,93383	892
1,93450	815
1,93517	745
1,93583	682
1,93650	625
1,93717	572
1,93783	525
1,93850	482
1,93917	443
1,93983	407
1,94050	375
1,94117	346
1,94183	320
1,94250	296
1,94317	275
1,94383	255
1,94450	237
1,94517	221
1,94583	206
1,94650	193
1,94717	180
1,94783	169
1,94850	159
1,94917	149
1,94983	140
1,95050	132
1,95117	125
1,95183	118
1,95250	112
1,95317	106
1,95383	101
1,95450	96
1,95517	91
1,95583	87
1,95650	83
1,95717	80
1,95783	76
1,95850	73
1,95917	70
1,95983	67
1,96050	64
1,96117	62
1,96183	59
1,96250	57
1,96317	55
1,96383	53
1,96450	52
1,96517	50
1,96583	49
1,96650	48
1,96717	46
1,96783	45
1,96850	43
1,96917	42
1,96983	40
1,97050	39
1,97117	38
1,97183	37
1,97250	36
1,97317	35
1,97383	34
1,97450	33
1,97517	32
1,97583	31
1,97650	30
1,97717	30
1,97783	29
1,97850	28
1,97917	28
1,97983	27
1,98050	27
1,98117	26
1,98183	26
1,98250	25
1,98317	25
1,98383	24
1,98450	24
1,98517	23
1,98583	23
1,98650	22
1,98717	22
1,98783	21
1,98850	20
1,98917	20
1,98983	19
1,99050	18
1,99117	17
1,99183	17
1,99250	16
1,99317	15
1,99383	15
1,99450	15
1,99517	14
1,99583	14
1,99650	14
1,99717	14
1,99783	14
1,99850	13
1,99917	13
1,99983	13
2,00050	12
2,00117	12
2,00183	12
2,00250	11
2,00317	11
2,00383	10
2,00450	10
2,00517	10
2,00583	10
2,00650	10
2,00717	9
2,00783	9
2,00850	9
2,00917	9
2,00983	9
2,01050	9
2,01117	9
2,01183	9
2,01250	9
2,01317	9
2,01383	9
2,01450	9
2,01517	9
2,01583	9
2,01650	8
2,01717	8
2,01783	8
2,01850	8
2,01917	9
2,01983	9
2,02050	9
2,02117	9
2,02183	8
2,02250	8
2,02317	8
2,02383	8
2,02450	8
2,02517	7
2,02583	7
2,02650	7
2,02717	7
2,02783	7
2,02850	7
2,02917	7
2,02983	7
2,03050	7
2,03117	7
2,03183	7
2,03250	7
2,03317	7
2,03383	7
2,03450	7
2,03517	7
2,03583	7
2,03650	7
2,03717	7
2,03783	7
2,03850	7
2,03917	6
2,03983	6
2,04050	6
2,04117	6
2,04183	6
2,04250	5
2,04317	5
2,04383	4
2,04450	4
2,04517	3
2,04583	2
2,04650	2
2,04717	1
2,04783	1
2,04850	0
2,04917	-0
2,04983	-0
2,05050	-1
2,05117	-1
2,05183	-1
2,05250	-1
2,05317	-1
2,05383	-1
2,05450	-1
2,05517	-2
2,05583	-2
2,05650	-2
2,05717	-2
2,05783	-3
2,05850	-3
2,05917	-4
2,05983	-4
2,06050	-5
2,06117	-5
2,06183	-5
2,06250	-6
2,06317	-6
2,06383	-6
2,06450	-7
2,06517	-7
2,06583	-8
2,06650	-8
2,06717	-9
2,06783	-9
2,06850	-9
2,06917	-9
2,06983	-10
2,07050	-10
2,07117	-10
2,07183	-10
2,07250	-10
2,07317	-10
2,07383	-10
2,07450	-10
2,07517	-10
2,07583	-10
2,07650	-10
2,07717	-9
2,07783	-9
2,07850	-9
2,07917	-9
2,07983	-9
2,08050	-9
2,08117	-9
2,08183	-9
2,08250	-9
2,08317	-9
2,08383	-9
2,08450	-9
2,08517	-8
2,08583	-8
2,08650	-8
2,08717	-8
2,08783	-8
2,08850	-8
2,08917	-8
2,08983	-9
2,09050	-9
2,09117	-9
2,09183	-10
2,09250	-10
2,09317	-10
2,09383	-11
2,09450	-11
2,09517	-11
2,09583	-11
2,09650	-11
2,09717	-11
2,09783	-11
2,09850	-12
2,09917	-12
2,09983	-12
2,10050	-12
2,10117	-12
2,10183	-12
2,10250	-13
2,10317	-13
2,10383	-13
2,10450	-13
2,10517	-13
2,10583	-13
2,10650	-13
2,10717	-13
2,10783	-14
2,10850	-14
2,10917	-14
2,10983	-14
2,11050	-15
2,11117	-15
2,11183	-15
2,11250	-15
2,11317	-15
2,11383	-15
2,11450	-15
2,11517	-15
2,11583	-15
2,11650	-15
2,11717	-15
2,11783	-15
2,11850	-15
2,11917	-14
2,11983	-14
2,12050	-14
2,12117	-14
2,12183	-14
2,12250	-13
2,12317	-13
2,12383	-13
2,12450	-12
2,12517	-12
2,12583	-12
2,12650	-12
2,12717	-12
2,12783	-12
2,12850	-12
2,12917	-11
2,12983	-12
2,13050	-12
2,13117	-12
2,13183	-12
2,13250	-12
2,13317	-13
2,13383	-13
2,13450	-13
2,13517	-13
2,13583	-13
2,13650	-13
2,13717	-13
2,13783	-13
2,13850	-13
2,13917	-13
2,13983	-13
2,14050	-13
2,14117	-13
2,14183	-13
2,14250	-13
2,14317	-13
2,14383	-13
2,14450	-13
2,14517	-12
2,14583	-12
2,14650	-11
2,14717	-11
2,14783	-11
2,14850	-10
2,14917	-10
2,14983	-10
2,15050	-10
2,15117	-9
2,15183	-9
2,15250	-9
2,15317	-9
2,15383	-9
2,15450	-8
2,15517	-8
2,15583	-8
2,15650	-8
2,15717	-8
2,15783	-8
2,15850	-8
2,15917	-8
2,15983	-9
2,16050	-9
2,16117	-9
2,16183	-10
2,16250	-10
2,16317	-11
2,16383	-11
2,16450	-12
2,16517	-12
2,16583	-13
2,16650	-13
2,16717	-13
2,16783	-13
2,16850	-13
2,16917	-14
2,16983	-14
2,17050	-14
2,17117	-14
2,17183	-14
2,17250	-14
2,17317	-14
2,17383	-14
2,17450	-14
2,17517	-14
2,17583	-14
2,17650	-14
2,17717	-14
2,17783	-14
2,17850	-14
2,17917	-13
2,17983	-13
2,18050	-13
2,18117	-13
2,18183	-13
2,18250	-13
2,18317	-13
2,18383	-13
2,18450	-14
2,18517	-14
2,18583	-14
2,18650	-14
2,18717	-14
2,18783	-14
2,18850	-14
2,18917	-14
2,18983	-14
2,19050	-14
2,19117	-14
2,19183	-14
2,19250	-14
2,19317	-14
2,19383	-14
2,19450	-14
2,19517	-14
2,19583	-14
2,19650	-14
2,19717	-14
2,19783	-14
2,19850	-14
2,19917	-15
2,19983	-15
2,20050	-15
2,20117	-15
2,20183	-15
2,20250	-15
2,20317	-15
2,20383	-15
2,20450	-15
2,20517	-15
2,20583	-15
2,20650	-15
2,20717	-15
2,20783	-15
2,20850	-15
2,20917	-15
2,20983	-15
2,21050	-15
2,21117	-15
2,21183	-15
2,21250	-14
2,21317	-14
2,21383	-14
2,21450	-14
2,21517	-14
2,21583	-14
2,21650	-14
2,21717	-14
2,21783	-14
2,21850	-13
2,21917	-13
2,21983	-13
2,22050	-12
2,22117	-12
2,22183	-12
2,22250	-11
2,22317	-11
2,22383	-11
2,22450	-11
2,22517	-10
2,22583	-10
2,22650	-10
2,22717	-9
2,22783	-9
2,22850	-9
2,22917	-9
2,22983	-8
2,23050	-8
2,23117	-8
2,23183	-8
2,23250	-8
2,23317	-8
2,23383	-8
2,23450	-8
2,23517	-9
2,23583	-9
2,23650	-9
2,23717	-9
2,23783	-10
2,23850	-10
2,23917	-10
2,23983	-11
2,24050	-11
2,24117	-11
2,24183	-11
2,24250	-12
2,24317	-12
2,24383	-12
2,24450	-12
2,24517	-12
2,24583	-13
2,24650	-13
2,24717	-13
2,24783	-14
2,24850	-14
2,24917	-14
2,24983	-14
2,25050	-14
2,25117	-13
2,25183	-13
2,25250	-12
2,25317	-12
2,25383	-11
2,25450	-11
2,25517	-10
2,25583	-10
2,25650	-9
2,25717	-9
2,25783	-8
2,25850	-8
2,25917	-7
2,25983	-7
2,26050	-6
2,26117	-6
2,26183	-5
2,26250	-5
2,26317	-4
2,26383	-4
2,26450	-3
2,26517	-3
2,26583	-2
2,26650	-2
2,26717	-2
2,26783	-2
2,26850	-2
2,26917	-2
2,26983	-1
2,27050	-1
2,27117	-2
2,27183	-2
2,27250	-2
2,27317	-2
2,27383	-2
2,27450	-3
2,27517	-3
2,27583	-4
2,27650	-5
2,27717	-5
2,27783	-6
2,27850	-6
2,27917	-7
2,27983	-7
2,28050	-8
2,28117	-8
2,28183	-8
2,28250	-8
2,28317	-9
2,28383	-8
2,28450	-8
2,28517	-8
2,28583	-8
2,28650	-8
2,28717	-8
2,28783	-8
2,28850	-8
2,28917	-8
2,28983	-8
2,29050	-9
2,29117	-9
2,29183	-9
2,29250	-10
2,29317	-10
2,29383	-10
2,29450	-10
2,29517	-9
2,29583	-9
2,29650	-9
2,29717	-9
2,29783	-8
2,29850	-8
2,29917	-8
2,29983	-8
2,30050	-8
2,30117	-8
2,30183	-7
2,30250	-7
2,30317	-6
2,30383	-6
2,30450	-5
2,30517	-3
2,30583	-2
2,30650	-1
2,30717	1
2,30783	2
2,30850	4
2,30917	6
2,30983	8
2,31050	10
2,31117	12
2,31183	13
2,31250	15
2,31317	17
2,31383	18
2,31450	20
2,31517	21
2,31583	22
2,31650	24
2,31717	25
2,31783	26
2,31850	27
2,31917	27
2,31983	28
2,32050	28
2,32117	28
2,32183	27
2,32250	27
2,32317	27
2,32383	27
2,32450	27
2,32517	27
2,32583	28
2,32650	30
2,32717	31
2,32783	34
2,32850	37
2,32917	40
2,32983	44
2,33050	49
2,33117	54
2,33183	60
2,33250	66
2,33317	73
2,33383	80
2,33450	88
2,33517	96
2,33583	103
2,33650	111
2,33717	119
2,33783	126
2,33850	133
2,33917	139
2,33983	145
2,34050	149
2,34117	153
2,34183	156
2,34250	158
2,34317	159
2,34383	158
2,34450	157
2,34517	155
2,34583	153
2,34650	150
2,34717	146
2,34783	142
2,34850	137
2,34917	131
2,34983	126
2,35050	120
2,35117	114
2,35183	108
2,35250	102
2,35317	96
2,35383	89
2,35450	83
2,35517	77
2,35583	72
2,35650	66
2,35717	61
2,35783	56
2,35850	51
2,35917	47
2,35983	42
2,36050	38
2,36117	35
2,36183	31
2,36250	28
2,36317	25
2,36383	22
2,36450	19
2,36517	17
2,36583	14
2,36650	12
2,36717	10
2,36783	8
2,36850	6
2,36917	5
2,36983	4
2,37050	3
2,37117	2
2,37183	1
2,37250	0
2,37317	-0
2,37383	-1
2,37450	-2
2,37517	-3
2,37583	-3
2,37650	-4
2,37717	-4
2,37783	-5
2,37850	-6
2,37917	-6
2,37983	-7
2,38050	-7
2,38117	-7
2,38183	-8
2,38250	-8
2,38317	-9
2,38383	-9
2,38450	-10
2,38517	-10
2,38583	-10
2,38650	-10
2,38717	-10
2,38783	-10
2,38850	-10
2,38917	-11
2,38983	-11
2,39050	-11
2,39117	-11
2,39183	-11
2,39250	-11
2,39317	-10
2,39383	-10
2,39450	-10
2,39517	-10
2,39583	-10
2,39650	-10
2,39717	-10
2,39783	-11
2,39850	-11
2,39917	-11
2,39983	-12
2,40050	-12
2,40117	-13
2,40183	-13
2,40250	-13
2,40317	-14
2,40383	-14
2,40450	-14
2,40517	-14
2,40583	-14
2,40650	-14
2,40717	-14
2,40783	-14
2,40850	-14
2,40917	-15
2,40983	-15
2,41050	-15
2,41117	-15
2,41183	-15
2,41250	-15
2,41317	-15
2,41383	-15
2,41450	-15
2,41517	-15
2,41583	-15
2,41650	-15
2,41717	-15
2,41783	-16
2,41850	-16
2,41917	-16
2,41983	-16
2,42050	-16
2,42117	-16
2,42183	-16
2,42250	-17
2,42317	-17
2,42383	-17
2,42450	-17
2,42517	-17
2,42583	-18
2,42650	-18
2,42717	-18
2,42783	-18
2,42850	-19
2,42917	-19
2,42983	-19
2,43050	-19
2,43117	-19
2,43183	-20
2,43250	-20
2,43317	-20
2,43383	-20
2,43450	-20
2,43517	-19
2,43583	-19
2,43650	-19
2,43717	-18
2,43783	-18
2,43850	-18
2,43917	-18
2,43983	-18
2,44050	-17
2,44117	-17
2,44183	-17
2,44250	-17
2,44317	-17
2,44383	-16
2,44450	-16
2,44517	-16
2,44583	-16
2,44650	-16
2,44717	-16
2,44783	-16
2,44850	-16
2,44917	-16
2,44983	-16
2,45050	-17
2,45117	-17
2,45183	-17
2,45250	-17
2,45317	-17
2,45383	-17
2,45450	-17
2,45517	-17
2,45583	-17
2,45650	-16
2,45717	-16
2,45783	-16
2,45850	-15
2,45917	-15
2,45983	-14
2,46050	-13
2,46117	-12
2,46183	-11
2,46250	-10
2,46317	-8
2,46383	-6
2,46450	-3
2,46517	0
2,46583	4
2,46650	8
2,46717	13
2,46783	18
2,46850	24
2,46917	31
2,46983	38
2,47050	45
2,47117	53
2,47183	60
2,47250	69
2,47317	77
2,47383	85
2,47450	93
2,47517	100
2,47583	108
2,47650	114
2,47717	121
2,47783	126
2,47850	131
2,47917	135
2,47983	138
2,48050	141
2,48117	143
2,48183	144
2,48250	144
2,48317	144
2,48383	143
2,48450	141
2,48517	140
2,48583	138
2,48650	136
2,48717	135
2,48783	133
2,48850	132
2,48917	130
2,48983	129
2,49050	129
2,49117	129
2,49183	129
2,49250	129
2,49317	130
2,49383	130
2,49450	131
2,49517	131
2,49583	132
2,49650	132
2,49717	133
2,49783	133
2,49850	133
2,49917	132
2,49983	131
2,50050	130
2,50117	128
2,50183	126
2,50250	124
2,50317	121
2,50383	118
2,50450	115
2,50517	111
2,50583	107
2,50650	103
2,50717	98
2,50783	94
2,50850	89
2,50917	85
2,50983	81
2,51050	77
2,51117	73
2,51183	69
2,51250	66
2,51317	63
2,51383	61
2,51450	59
2,51517	58
2,51583	57
2,51650	58
2,51717	59
2,51783	61
2,51850	64
2,51917	67
2,51983	72
2,52050	77
2,52117	83
2,52183	89
2,52250	96
2,52317	102
2,52383	110
2,52450	117
2,52517	124
2,52583	131
2,52650	138
2,52717	144
2,52783	150
2,52850	155
2,52917	159
2,52983	163
2,53050	165
2,53117	167
2,53183	168
2,53250	167
2,53317	166
2,53383	164
2,53450	161
2,53517	158
2,53583	154
2,53650	150
2,53717	145
2,53783	139
2,53850	134
2,53917	129
2,53983	123
2,54050	118
2,54117	113
2,54183	108
2,54250	103
2,54317	99
2,54383	94
2,54450	91
2,54517	87
2,54583	84
2,54650	81
2,54717	79
2,54783	77
2,54850	76
2,54917	75
2,54983	74
2,55050	74
2,55117	73
2,55183	73
2,55250	73
2,55317	73
2,55383	72
2,55450	72
2,55517	72
2,55583	71
2,55650	70
2,55717	69
2,55783	68
2,55850	67
2,55917	65
2,55983	64
2,56050	62
2,56117	60
2,56183	58
2,56250	56
2,56317	54
2,56383	51
2,56450	49
2,56517	46
2,56583	44
2,56650	41
2,56717	38
2,56783	35
2,56850	32
2,56917	30
2,56983	27
2,57050	25
2,57117	22
2,57183	20
2,57250	18
2,57317	16
2,57383	14
2,57450	12
2,57517	10
2,57583	9
2,57650	7
2,57717	5
2,57783	4
2,57850	2
2,57917	1
2,57983	0
2,58050	-1
2,58117	-2
2,58183	-2
2,58250	-3
2,58317	-4
2,58383	-4
2,58450	-4
2,58517	-5
2,58583	-5
2,58650	-5
2,58717	-5
2,58783	-6
2,58850	-6
2,58917	-6
2,58983	-6
2,59050	-7
2,59117	-7
2,59183	-7
2,59250	-7
2,59317	-7
2,59383	-6
2,59450	-6
2,59517	-6
2,59583	-6
2,59650	-6
2,59717	-6
2,59783	-5
2,59850	-5
2,59917	-5
2,59983	-4
2,60050	-4
2,60117	-3
2,60183	-3
2,60250	-2
2,60317	-1
2,60383	0
2,60450	1
2,60517	3
2,60583	4
2,60650	5
2,60717	7
2,60783	8
2,60850	9
2,60917	10
2,60983	11
2,61050	13
2,61117	14
2,61183	15
2,61250	16
2,61317	17
2,61383	18
2,61450	19
2,61517	20
2,61583	21
2,61650	21
2,61717	22
2,61783	23
2,61850	23
2,61917	24
2,61983	24
2,62050	24
2,62117	25
2,62183	25
2,62250	25
2,62317	26
2,62383	26
2,62450	26
2,62517	27
2,62583	27
2,62650	28
2,62717	28
2,62783	28
2,62850	29
2,62917	29
2,62983	29
2,63050	29
2,63117	29
2,63183	30
2,63250	30
2,63317	30
2,63383	30
2,63450	30
2,63517	30
2,63583	30
2,63650	30
2,63717	31
2,63783	31
2,63850	31
2,63917	31
2,63983	31
2,64050	31
2,64117	31
2,64183	30
2,64250	30
2,64317	30
2,64383	29
2,64450	29
2,64517	29
2,64583	28
2,64650	28
2,64717	28
2,64783	28
2,64850	27
2,64917	27
2,64983	27
2,65050	27
2,65117	26
2,65183	26
2,65250	26
2,65317	25
2,65383	25
2,65450	25
2,65517	24
2,65583	24
2,65650	24
2,65717	23
2,65783	23
2,65850	22
2,65917	22
2,65983	22
2,66050	22
2,66117	21
2,66183	21
2,66250	21
2,66317	21
2,66383	20
2,66450	20
2,66517	19
2,66583	19
2,66650	19
2,66717	18
2,66783	18
2,66850	18
2,66917	18
2,66983	18
2,67050	18
2,67117	18
2,67183	18
2,67250	18
2,67317	17
2,67383	17
2,67450	17
2,67517	17
2,67583	17
2,67650	17
2,67717	17
2,67783	17
2,67850	17
2,67917	17
2,67983	17
2,68050	17
2,68117	17
2,68183	18
2,68250	18
2,68317	18
2,68383	17
2,68450	17
2,68517	18
2,68583	18
2,68650	18
2,68717	19
2,68783	20
2,68850	22
2,68917	24
2,68983	27
2,69050	32
2,69117	38
2,69183	45
2,69250	55
2,69317	69
2,69383	86
2,69450	108
2,69517	136
2,69583	171
2,69650	217
2,69717	274
2,69783	346
2,69850	435
2,69917	543
2,69983	675
2,70050	832
2,70117	1019
2,70183	1240
2,70250	1497
2,70317	1796
2,70383	2139
2,70450	2533
2,70517	2985
2,70583	3502
2,70650	4094
2,70717	4772
2,70783	5556
2,70850	6468
2,70917	7539
2,70983	8802
2,71050	10297
2,71117	12070
2,71183	14186
2,71250	16716
2,71317	19731
2,71383	23310
2,71450	27541
2,71517	32518
2,71583	38335
2,71650	45082
2,71717	52817
2,71783	61606
2,71850	71523
2,71917	82634
2,71983	94981
2,72050	108638
2,72117	123664
2,72183	140102
2,72250	157943
2,72317	177199
2,72383	197854
2,72450	219818
2,72517	242964
2,72583	267167
2,72650	292290
2,72717	318114
2,72783	344325
2,72850	370599
2,72917	396635
2,72983	422124
2,73050	446678
2,73117	469856
2,73183	491254
2,73250	510512
2,73317	527220
2,73383	541035
2,73450	551657
2,73517	558863
2,73583	562518
2,73650	562645
2,73717	559326
2,73783	552741
2,73850	543129
2,73917	530805
2,73983	516114
2,74050	499424
2,74117	481107
2,74183	461526
2,74250	441025
2,74317	419920
2,74383	398496
2,74450	377003
2,74517	355654
2,74583	334630
2,74650	314082
2,74717	294130
2,74783	274868
2,74850	256369
2,74917	238682
2,74983	221842
2,75050	205865
2,75117	190759
2,75183	176519
2,75250	163131
2,75317	150577
2,75383	138830
2,75450	127863
2,75517	117644
2,75583	108138
2,75650	99311
2,75717	91126
2,75783	83549
2,75850	76543
2,75917	70073
2,75983	64107
2,76050	58610
2,76117	53551
2,76183	48900
2,76250	44628
2,76317	40707
2,76383	37112
2,76450	33818
2,76517	30803
2,76583	28045
2,76650	25523
2,76717	23219
2,76783	21116
2,76850	19197
2,76917	17447
2,76983	15853
2,77050	14400
2,77117	13077
2,77183	11874
2,77250	10780
2,77317	9785
2,77383	8881
2,77450	8061
2,77517	7316
2,77583	6641
2,77650	6029
2,77717	5475
2,77783	4973
2,77850	4519
2,77917	4109
2,77983	3739
2,78050	3405
2,78117	3104
2,78183	2833
2,78250	2589
2,78317	2369
2,78383	2172
2,78450	1996
2,78517	1837
2,78583	1695
2,78650	1568
2,78717	1453
2,78783	1351
2,78850	1258
2,78917	1175
2,78983	1100
2,79050	1032
2,79117	971
2,79183	915
2,79250	863
2,79317	816
2,79383	772
2,79450	732
2,79517	694
2,79583	658
2,79650	625
2,79717	594
2,79783	565
2,79850	537
2,79917	511
2,79983	487
2,80050	465
2,80117	444
2,80183	426
2,80250	409
2,80317	395
2,80383	383
2,80450	374
2,80517	368
2,80583	366
2,80650	367
2,80717	373
2,80783	383
2,80850	398
2,80917	418
2,80983	443
2,81050	474
2,81117	510
2,81183	552
2,81250	600
2,81317	652
2,81383	709
2,81450	770
2,81517	835
2,81583	902
2,81650	970
2,81717	1039
2,81783	1107
2,81850	1173
2,81917	1236
2,81983	1296
2,82050	1352
2,82117	1402
2,82183	1445
2,82250	1482
2,82317	1512
2,82383	1534
2,82450	1548
2,82517	1555
2,82583	1555
2,82650	1547
2,82717	1534
2,82783	1514
2,82850	1489
2,82917	1460
2,82983	1426
2,83050	1390
2,83117	1350
2,83183	1308
2,83250	1264
2,83317	1220
2,83383	1175
2,83450	1130
2,83517	1086
2,83583	1041
2,83650	998
2,83717	956
2,83783	914
2,83850	874
2,83917	836
2,83983	798
2,84050	762
2,84117	727
2,84183	693
2,84250	660
2,84317	629
2,84383	598
2,84450	569
2,84517	541
2,84583	513
2,84650	487
2,84717	462
2,84783	437
2,84850	414
2,84917	391
2,84983	370
2,85050	349
2,85117	330
2,85183	311
2,85250	293
2,85317	276
2,85383	260
2,85450	244
2,85517	229
2,85583	215
2,85650	201
2,85717	189
2,85783	177
2,85850	166
2,85917	156
2,85983	146
2,86050	137
2,86117	128
2,86183	120
2,86250	113
2,86317	106
2,86383	100
2,86450	94
2,86517	89
2,86583	84
2,86650	79
2,86717	75
2,86783	71
2,86850	68
2,86917	65
2,86983	63
2,87050	62
2,87117	61
2,87183	61
2,87250	62
2,87317	63
2,87383	67
2,87450	71
2,87517	77
2,87583	84
2,87650	93
2,87717	104
2,87783	118
2,87850	133
2,87917	151
2,87983	171
2,88050	194
2,88117	219
2,88183	247
2,88250	277
2,88317	309
2,88383	343
2,88450	379
2,88517	415
2,88583	452
2,88650	488
2,88717	524
2,88783	559
2,88850	592
2,88917	623
2,88983	651
2,89050	676
2,89117	698
2,89183	716
2,89250	729
2,89317	739
2,89383	745
2,89450	747
2,89517	745
2,89583	739
2,89650	730
2,89717	718
2,89783	702
2,89850	685
2,89917	665
2,89983	643
2,90050	620
2,90117	596
2,90183	571
2,90250	546
2,90317	520
2,90383	493
2,90450	468
2,90517	442
2,90583	417
2,90650	393
2,90717	370
2,90783	347
2,90850	325
2,90917	305
2,90983	285
2,91050	266
2,91117	248
2,91183	232
2,91250	216
2,91317	201
2,91383	188
2,91450	175
2,91517	163
2,91583	151
2,91650	141
2,91717	131
2,91783	122
2,91850	114
2,91917	106
2,91983	99
2,92050	92
2,92117	86
2,92183	81
2,92250	76
2,92317	71
2,92383	67
2,92450	63
2,92517	60
2,92583	56
2,92650	53
2,92717	51
2,92783	48
2,92850	46
2,92917	43
2,92983	41
2,93050	39
2,93117	37
2,93183	35
2,93250	33
2,93317	32
2,93383	31
2,93450	29
2,93517	28
2,93583	27
2,93650	27
2,93717	26
2,93783	26
2,93850	25
2,93917	25
2,93983	24
2,94050	24
2,94117	23
2,94183	23
2,94250	22
2,94317	22
2,94383	21
2,94450	21
2,94517	20
2,94583	20
2,94650	19
2,94717	19
2,94783	18
2,94850	18
2,94917	17
2,94983	17
2,95050	16
2,95117	16
2,95183	15
2,95250	15
2,95317	15
2,95383	14
2,95450	14
2,95517	14
2,95583	13
2,95650	13
2,95717	13
2,95783	13
2,95850	13
2,95917	13
2,95983	13
2,96050	13
2,96117	12
2,96183	12
2,96250	12
2,96317	12
2,96383	12
2,96450	13
2,96517	13
2,96583	14
2,96650	15
2,96717	16
2,96783	18
2,96850	19
2,96917	21
2,96983	23
2,97050	26
2,97117	29
2,97183	33
2,97250	37
2,97317	43
2,97383	49
2,97450	55
2,97517	63
2,97583	72
2,97650	81
2,97717	91
2,97783	102
2,97850	113
2,97917	125
2,97983	137
2,98050	150
2,98117	162
2,98183	174
2,98250	186
2,98317	197
2,98383	208
2,98450	218
2,98517	226
2,98583	234
2,98650	241
2,98717	246
2,98783	251
2,98850	254
2,98917	255
2,98983	255
2,99050	254
2,99117	252
2,99183	248
2,99250	244
2,99317	238
2,99383	232
2,99450	224
2,99517	216
2,99583	208
2,99650	199
2,99717	191
2,99783	182
2,99850	173
2,99917	164
2,99983	155
3,00050	146
3,00117	138
3,00183	130
3,00250	122
3,00317	114
3,00383	107
3,00450	100
3,00517	93
3,00583	87
3,00650	81
3,00717	75
3,00783	70
3,00850	65
3,00917	60
3,00983	56
3,01050	52
3,01117	48
3,01183	44
3,01250	41
3,01317	38
3,01383	35
3,01450	32
3,01517	29
3,01583	26
3,01650	24
3,01717	22
3,01783	20
3,01850	19
3,01917	17
3,01983	16
3,02050	15
3,02117	14
3,02183	13
3,02250	12
3,02317	12
3,02383	11
3,02450	11
3,02517	10
3,02583	9
3,02650	9
3,02717	8
3,02783	8
3,02850	7
3,02917	7
3,02983	7
3,03050	7
3,03117	6
3,03183	6
3,03250	6
3,03317	6
3,03383	6
3,03450	6
3,03517	5
3,03583	5
3,03650	5
3,03717	5
3,03783	5
3,03850	5
3,03917	5
3,03983	5
3,04050	5
3,04117	5
3,04183	5
3,04250	5
3,04317	6
3,04383	6
3,04450	6
3,04517	6
3,04583	6
3,04650	6
3,04717	6
3,04783	6
3,04850	6
3,04917	6
3,04983	6
3,05050	6
3,05117	6
3,05183	6
3,05250	6
3,05317	6
3,05383	7
3,05450	7
3,05517	7
3,05583	7
3,05650	7
3,05717	7
3,05783	7
3,05850	6
3,05917	6
3,05983	6
3,06050	5
3,06117	5
3,06183	5
3,06250	4
3,06317	4
3,06383	4
3,06450	3
3,06517	3
3,06583	3
3,06650	3
3,06717	3
3,06783	3
3,06850	2
3,06917	2
3,06983	2
3,07050	2
3,07117	2
3,07183	3
3,07250	3
3,07317	3
3,07383	3
3,07450	3
3,07517	3
3,07583	4
3,07650	4
3,07717	4
3,07783	4
3,07850	4
3,07917	4
3,07983	5
3,08050	5
3,08117	5
3,08183	5
3,08250	6
3,08317	6
3,08383	6
3,08450	7
3,08517	7
3,08583	7
3,08650	8
3,08717	8
3,08783	9
3,08850	9
3,08917	10
3,08983	10
3,09050	11
3,09117	12
3,09183	13
3,09250	14
3,09317	15
3,09383	16
3,09450	17
3,09517	18
3,09583	18
3,09650	19
3,09717	20
3,09783	21
3,09850	22
3,09917	23
3,09983	24
3,10050	25
3,10117	26
3,10183	27
3,10250	28
3,10317	29
3,10383	30
3,10450	31
3,10517	31
3,10583	32
3,10650	33
3,10717	33
3,10783	34
3,10850	34
3,10917	35
3,10983	35
3,11050	35
3,11117	36
3,11183	36
3,11250	36
3,11317	36
3,11383	36
3,11450	36
3,11517	36
3,11583	35
3,11650	35
3,11717	35
3,11783	35
3,11850	35
3,11917	35
3,11983	35
3,12050	34
3,12117	34
3,12183	34
3,12250	34
3,12317	33
3,12383	33
3,12450	33
3,12517	32
3,12583	32
3,12650	32
3,12717	32
3,12783	32
3,12850	32
3,12917	32
3,12983	31
3,13050	31
3,13117	31
3,13183	31
3,13250	31
3,13317	30
3,13383	30
3,13450	29
3,13517	29
3,13583	28
3,13650	27
3,13717	27
3,13783	26
3,13850	25
3,13917	24
3,13983	24
3,14050	23
3,14117	22
3,14183	21
3,14250	21
3,14317	20
3,14383	19
3,14450	18
3,14517	17
3,14583	16
3,14650	15
3,14717	14
3,14783	13
3,14850	12
3,14917	11
3,14983	10
3,15050	10
3,15117	9
3,15183	8
3,15250	7
3,15317	6
3,15383	6
3,15450	5
3,15517	4
3,15583	4
3,15650	3
3,15717	3
3,15783	3
3,15850	2
3,15917	2
3,15983	2
3,16050	2
3,16117	2
3,16183	2
3,16250	1
3,16317	1
3,16383	1
3,16450	0
3,16517	0
3,16583	-0
3,16650	-1
3,16717	-1
3,16783	-2
3,16850	-2
3,16917	-2
3,16983	-2
3,17050	-3
3,17117	-3
3,17183	-3
3,17250	-3
3,17317	-3
3,17383	-3
3,17450	-3
3,17517	-3
3,17583	-3
3,17650	-3
3,17717	-3
3,17783	-2
3,17850	-2
3,17917	-2
3,17983	-2
3,18050	-1
3,18117	-1
3,18183	-1
3,18250	0
3,18317	1
3,18383	1
3,18450	2
3,18517	3
3,18583	3
3,18650	4
3,18717	5
3,18783	6
3,18850	6
3,18917	7
3,18983	8
3,19050	9
3,19117	10
3,19183	10
3,19250	11
3,19317	11
3,19383	12
3,19450	12
3,19517	13
3,19583	13
3,19650	13
3,19717	13
3,19783	12
3,19850	12
3,19917	12
3,19983	12
3,20050	12
3,20117	11
3,20183	11
3,20250	11
3,20317	10
3,20383	10
3,20450	9
3,20517	9
3,20583	8
3,20650	7
3,20717	7
3,20783	6
3,20850	6
3,20917	6
3,20983	5
3,21050	5
3,21117	5
3,21183	4
3,21250	4
3,21317	4
3,21383	4
3,21450	4
3,21517	4
3,21583	4
3,21650	3
3,21717	3
3,21783	3
3,21850	2
3,21917	2
3,21983	1
3,22050	1
3,22117	1
3,22183	0
3,22250	0
3,22317	0
3,22383	-0
3,22450	-0
3,22517	-1
3,22583	-1
3,22650	-1
3,22717	-1
3,22783	-1
3,22850	-2
3,22917	-2
3,22983	-2
3,23050	-2
3,23117	-2
3,23183	-2
3,23250	-2
3,23317	-2
3,23383	-2
3,23450	-2
3,23517	-2
3,23583	-2
3,23650	-2
3,23717	-2
3,23783	-2
3,23850	-2
3,23917	-2
3,23983	-2
3,24050	-3
3,24117	-3
3,24183	-3
3,24250	-3
3,24317	-3
3,24383	-4
3,24450	-3
3,24517	-3
3,24583	-3
3,24650	-3
3,24717	-3
3,24783	-3
3,24850	-3
3,24917	-4
3,24983	-4
3,25050	-4
3,25117	-4
3,25183	-4
3,25250	-4
3,25317	-4
3,25383	-4
3,25450	-4
3,25517	-4
3,25583	-4
3,25650	-4
3,25717	-4
3,25783	-4
3,25850	-4
3,25917	-4
3,25983	-4
3,26050	-4
3,26117	-4
3,26183	-4
3,26250	-5
3,26317	-5
3,26383	-5
3,26450	-5
3,26517	-5
3,26583	-6
3,26650	-6
3,26717	-6
3,26783	-6
3,26850	-6
3,26917	-6
3,26983	-6
3,27050	-6
3,27117	-7
3,27183	-7
3,27250	-7
3,27317	-7
3,27383	-7
3,27450	-7
3,27517	-7
3,27583	-8
3,27650	-8
3,27717	-8
3,27783	-8
3,27850	-8
3,27917	-8
3,27983	-8
3,28050	-7
3,28117	-7
3,28183	-7
3,28250	-7
3,28317	-7
3,28383	-6
3,28450	-6
3,28517	-6
3,28583	-6
3,28650	-5
3,28717	-5
3,28783	-5
3,28850	-5
3,28917	-5
3,28983	-5
3,29050	-5
3,29117	-5
3,29183	-5
3,29250	-5
3,29317	-4
3,29383	-4
3,29450	-4
3,29517	-4
3,29583	-4
3,29650	-4
3,29717	-3
3,29783	-3
3,29850	-3
3,29917	-2
3,29983	-2
3,30050	-2
3,30117	-2
3,30183	-2
3,30250	-2
3,30317	-2
3,30383	-1
3,30450	-1
3,30517	-1
3,30583	-1
3,30650	-1
3,30717	-0
3,30783	0
3,30850	0
3,30917	0
3,30983	1
3,31050	1
3,31117	1
3,31183	1
3,31250	1
3,31317	1
3,31383	0
3,31450	0
3,31517	0
3,31583	0
3,31650	0
3,31717	0
3,31783	0
3,31850	0
3,31917	0
3,31983	-0
3,32050	-0
3,32117	-1
3,32183	-1
3,32250	-2
3,32317	-2
3,32383	-3
3,32450	-3
3,32517	-3
3,32583	-4
3,32650	-4
3,32717	-4
3,32783	-4
3,32850	-5
3,32917	-5
3,32983	-5
3,33050	-5
3,33117	-5
3,33183	-5
3,33250	-4
3,33317	-4
3,33383	-4
3,33450	-3
3,33517	-3
3,33583	-3
3,33650	-2
3,33717	-2
3,33783	-1
3,33850	-1
3,33917	-1
3,33983	-1
3,34050	-0
3,34117	0
3,34183	0
3,34250	0
3,34317	0
3,34383	1
3,34450	0
3,34517	0
3,34583	0
3,34650	0
3,34717	-0
3,34783	-0
3,34850	-0
3,34917	-1
3,34983	-1
3,35050	-1
3,35117	-1
3,35183	-1
3,35250	-1
3,35317	-1
3,35383	-1
3,35450	-1
3,35517	-1
3,35583	-1
3,35650	-1
3,35717	-1
3,35783	-1
3,35850	-1
3,35917	-1
3,35983	-1
3,36050	-1
3,36117	-1
3,36183	-1
3,36250	-1
3,36317	-1
3,36383	-1
3,36450	-1
3,36517	-1
3,36583	-1
3,36650	-2
3,36717	-2
3,36783	-2
3,36850	-2
3,36917	-2
3,36983	-2
3,37050	-3
3,37117	-3
3,37183	-3
3,37250	-3
3,37317	-3
3,37383	-3
3,37450	-3
3,37517	-3
3,37583	-4
3,37650	-4
3,37717	-4
3,37783	-4
3,37850	-4
3,37917	-4
3,37983	-5
3,38050	-5
3,38117	-5
3,38183	-5
3,38250	-5
3,38317	-5
3,38383	-5
3,38450	-5
3,38517	-5
3,38583	-5
3,38650	-5
3,38717	-5
3,38783	-6
3,38850	-6
3,38917	-5
3,38983	-5
3,39050	-5
3,39117	-5
3,39183	-5
3,39250	-5
3,39317	-4
3,39383	-4
3,39450	-4
3,39517	-4
3,39583	-4
3,39650	-4
3,39717	-3
3,39783	-3
3,39850	-3
3,39917	-3
3,39983	-2
3,40050	-2
3,40117	-2
3,40183	-2
3,40250	-2
3,40317	-2
3,40383	-2
3,40450	-2
3,40517	-1
3,40583	-1
3,40650	-1
3,40717	-2
3,40783	-2
3,40850	-2
3,40917	-2
3,40983	-2
3,41050	-2
3,41117	-2
3,41183	-3
3,41250	-3
3,41317	-3
3,41383	-3
3,41450	-4
3,41517	-4
3,41583	-4
3,41650	-4
3,41717	-4
3,41783	-4
3,41850	-4
3,41917	-4
3,41983	-4
3,42050	-4
3,42117	-4
3,42183	-4
3,42250	-4
3,42317	-4
3,42383	-4
3,42450	-4
3,42517	-3
3,42583	-3
3,42650	-3
3,42717	-3
3,42783	-2
3,42850	-2
3,42917	-2
3,42983	-2
3,43050	-2
3,43117	-2
3,43183	-2
3,43250	-3
3,43317	-3
3,43383	-3
3,43450	-3
3,43517	-3
3,43583	-3
3,43650	-3
3,43717	-3
3,43783	-3
3,43850	-3
3,43917	-3
3,43983	-3
3,44050	-3
3,44117	-3
3,44183	-3
3,44250	-3
3,44317	-3
3,44383	-3
3,44450	-3
3,44517	-3
3,44583	-3
3,44650	-3
3,44717	-3
3,44783	-3
3,44850	-3
3,44917	-3
3,44983	-4
3,45050	-4
3,45117	-4
3,45183	-4
3,45250	-5
3,45317	-5
3,45383	-5
3,45450	-6
3,45517	-6
3,45583	-6
3,45650	-7
3,45717	-7
3,45783	-7
3,45850	-8
3,45917	-8
3,45983	-8
3,46050	-9
3,46117	-9
3,46183	-9
3,46250	-9
3,46317	-9
3,46383	-9
3,46450	-9
3,46517	-9
3,46583	-9
3,46650	-10
3,46717	-10
3,46783	-10
3,46850	-10
3,46917	-10
3,46983	-10
3,47050	-10
3,47117	-10
3,47183	-10
3,47250	-10
3,47317	-10
3,47383	-10
3,47450	-10
3,47517	-10
3,47583	-9
3,47650	-9
3,47717	-9
3,47783	-8
3,47850	-8
3,47917	-8
3,47983	-7
3,48050	-7
3,48117	-7
3,48183	-7
3,48250	-6
3,48317	-6
3,48383	-6
3,48450	-5
3,48517	-5
3,48583	-4
3,48650	-4
3,48717	-4
3,48783	-3
3,48850	-3
3,48917	-2
3,48983	-1
3,49050	-1
3,49117	0
3,49183	1
3,49250	2
3,49317	3
3,49383	4
3,49450	5
3,49517	6
3,49583	7
3,49650	8
3,49717	9
3,49783	10
3,49850	11
3,49917	12
3,49983	13
3,50050	14
3,50117	14
3,50183	15
3,50250	16
3,50317	17
3,50383	18
3,50450	18
3,50517	19
3,50583	19
3,50650	19
3,50717	20
3,50783	20
3,50850	20
3,50917	20
3,50983	20
3,51050	20
3,51117	20
3,51183	20
3,51250	20
3,51317	20
3,51383	20
3,51450	20
3,51517	20
3,51583	20
3,51650	20
3,51717	20
3,51783	20
3,51850	19
3,51917	19
3,51983	18
3,52050	18
3,52117	18
3,52183	17
3,52250	17
3,52317	16
3,52383	16
3,52450	15
3,52517	15
3,52583	14
3,52650	14
3,52717	13
3,52783	13
3,52850	12
3,52917	12
3,52983	12
3,53050	11
3,53117	11
3,53183	11
3,53250	10
3,53317	10
3,53383	10
3,53450	9
3,53517	9
3,53583	9
3,53650	8
3,53717	8
3,53783	8
3,53850	8
3,53917	8
3,53983	8
3,54050	8
3,54117	9
3,54183	10
3,54250	11
3,54317	12
3,54383	13
3,54450	15
3,54517	17
3,54583	19
3,54650	21
3,54717	23
3,54783	26
3,54850	28
3,54917	31
3,54983	34
3,55050	37
3,55117	40
3,55183	44
3,55250	47
3,55317	51
3,55383	54
3,55450	58
3,55517	62
3,55583	65
3,55650	68
3,55717	71
3,55783	74
3,55850	76
3,55917	78
3,55983	79
3,56050	80
3,56117	81
3,56183	81
3,56250	81
3,56317	80
3,56383	79
3,56450	79
3,56517	77
3,56583	76
3,56650	75
3,56717	73
3,56783	72
3,56850	70
3,56917	68
3,56983	66
3,57050	65
3,57117	63
3,57183	61
3,57250	60
3,57317	58
3,57383	57
3,57450	56
3,57517	55
3,57583	54
3,57650	53
3,57717	53
3,57783	52
3,57850	52
3,57917	52
3,57983	51
3,58050	51
3,58117	51
3,58183	51
3,58250	50
3,58317	50
3,58383	50
3,58450	49
3,58517	49
3,58583	48
3,58650	47
3,58717	47
3,58783	46
3,58850	45
3,58917	43
3,58983	42
3,59050	41
3,59117	39
3,59183	37
3,59250	36
3,59317	34
3,59383	33
3,59450	31
3,59517	30
3,59583	28
3,59650	26
3,59717	25
3,59783	23
3,59850	22
3,59917	21
3,59983	19
3,60050	18
3,60117	17
3,60183	16
3,60250	15
3,60317	14
3,60383	12
3,60450	11
3,60517	10
3,60583	10
3,60650	9
3,60717	8
3,60783	8
3,60850	7
3,60917	7
3,60983	6
3,61050	6
3,61117	5
3,61183	5
3,61250	5
3,61317	4
3,61383	4
3,61450	4
3,61517	3
3,61583	3
3,61650	2
3,61717	2
3,61783	2
3,61850	2
3,61917	2
3,61983	1
3,62050	1
3,62117	1
3,62183	1
3,62250	1
3,62317	1
3,62383	1
3,62450	1
3,62517	1
3,62583	1
3,62650	1
3,62717	1
3,62783	1
3,62850	0
3,62917	0
3,62983	0
3,63050	0
3,63117	0
3,63183	0
3,63250	0
3,63317	0
3,63383	0
3,63450	0
3,63517	0
3,63583	1
3,63650	1
3,63717	1
3,63783	1
3,63850	2
3,63917	2
3,63983	3
3,64050	3
3,64117	4
3,64183	4
3,64250	5
3,64317	6
3,64383	6
3,64450	7
3,64517	8
3,64583	9
3,64650	10
3,64717	11
3,64783	12
3,64850	13
3,64917	14
3,64983	14
3,65050	15
3,65117	16
3,65183	16
3,65250	17
3,65317	17
3,65383	18
3,65450	18
3,65517	18
3,65583	19
3,65650	18
3,65717	18
3,65783	18
3,65850	18
3,65917	17
3,65983	17
3,66050	17
3,66117	16
3,66183	16
3,66250	15
3,66317	15
3,66383	14
3,66450	14
3,66517	13
3,66583	12
3,66650	12
3,66717	11
3,66783	10
3,66850	10
3,66917	9
3,66983	9
3,67050	8
3,67117	8
3,67183	7
3,67250	7
3,67317	7
3,67383	6
3,67450	6
3,67517	6
3,67583	5
3,67650	5
3,67717	4
3,67783	4
3,67850	3
3,67917	3
3,67983	2
3,68050	2
3,68117	1
3,68183	1
3,68250	1
3,68317	0
3,68383	0
3,68450	0
3,68517	0
3,68583	0
3,68650	0
3,68717	0
3,68783	1
3,68850	1
3,68917	1
3,68983	1
3,69050	1
3,69117	1
3,69183	2
3,69250	2
3,69317	2
3,69383	3
3,69450	3
3,69517	3
3,69583	3
3,69650	4
3,69717	4
3,69783	4
3,69850	4
3,69917	4
3,69983	4
3,70050	4
3,70117	4
3,70183	4
3,70250	4
3,70317	4
3,70383	4
3,70450	4
3,70517	4
3,70583	4
3,70650	3
3,70717	3
3,70783	3
3,70850	3
3,70917	3
3,70983	3
3,71050	2
3,71117	2
3,71183	2
3,71250	2
3,71317	1
3,71383	1
3,71450	1
3,71517	1
3,71583	1
3,71650	1
3,71717	1
3,71783	2
3,71850	2
3,71917	2
3,71983	2
3,72050	3
3,72117	3
3,72183	3
3,72250	3
3,72317	3
3,72383	4
3,72450	4
3,72517	4
3,72583	5
3,72650	5
3,72717	5
3,72783	6
3,72850	6
3,72917	6
3,72983	6
3,73050	6
3,73117	6
3,73183	6
3,73250	6
3,73317	7
3,73383	7
3,73450	7
3,73517	7
3,73583	7
3,73650	7
3,73717	7
3,73783	7
3,73850	7
3,73917	7
3,73983	7
3,74050	7
3,74117	7
3,74183	7
3,74250	7
3,74317	7
3,74383	7
3,74450	6
3,74517	6
3,74583	6
3,74650	6
3,74717	5
3,74783	5
3,74850	5
3,74917	5
3,74983	5
3,75050	5
3,75117	5
3,75183	5
3,75250	5
3,75317	5
3,75383	5
3,75450	5
3,75517	5
3,75583	5
3,75650	5
3,75717	5
3,75783	5
3,75850	5
3,75917	5
3,75983	6
3,76050	6
3,76117	6
3,76183	5
3,76250	5
3,76317	5
3,76383	5
3,76450	5
3,76517	5
3,76583	5
3,76650	4
3,76717	4
3,76783	4
3,76850	4
3,76917	4
3,76983	4
3,77050	4
3,77117	3
3,77183	3
3,77250	3
3,77317	3
3,77383	3
3,77450	3
3,77517	3
3,77583	4
3,77650	4
3,77717	4
3,77783	4
3,77850	4
3,77917	4
3,77983	4
3,78050	4
3,78117	4
3,78183	4
3,78250	4
3,78317	5
3,78383	5
3,78450	4
3,78517	4
3,78583	4
3,78650	4
3,78717	4
3,78783	4
3,78850	4
3,78917	4
3,78983	4
3,79050	4
3,79117	4
3,79183	4
3,79250	4
3,79317	4
3,79383	4
3,79450	4
3,79517	4
3,79583	4
3,79650	4
3,79717	4
3,79783	4
3,79850	4
3,79917	4
3,79983	3
3,80050	3
3,80117	3
3,80183	3
3,80250	3
3,80317	2
3,80383	2
3,80450	2
3,80517	2
3,80583	1
3,80650	1
3,80717	1
3,80783	1
3,80850	1
3,80917	1
3,80983	1
3,81050	1
3,81117	1
3,81183	1
3,81250	1
3,81317	1
3,81383	1
3,81450	1
3,81517	1
3,81583	1
3,81650	1
3,81717	1
3,81783	1
3,81850	1
3,81917	1
3,81983	1
3,82050	1
3,82117	1
3,82183	1
3,82250	1
3,82317	1
3,82383	1
3,82450	1
3,82517	1
3,82583	1
3,82650	0
3,82717	0
3,82783	0
3,82850	0
3,82917	0
3,82983	0
3,83050	0
3,83117	0
3,83183	0
3,83250	0
3,83317	0
3,83383	0
3,83450	0
3,83517	0
3,83583	-0
3,83650	-0
3,83717	-0
3,83783	-0
3,83850	-0
3,83917	-0
3,83983	-1
3,84050	-1
3,84117	-1
3,84183	-1
3,84250	-1
3,84317	-1
3,84383	-1
3,84450	-1
3,84517	-1
3,84583	-1
3,84650	-1
3,84717	-1
3,84783	-1
3,84850	-1
3,84917	-1
3,84983	-1
3,85050	-1
3,85117	-1
3,85183	-1
3,85250	-1
3,85317	-2
3,85383	-2
3,85450	-2
3,85517	-2
3,85583	-2
3,85650	-2
3,85717	-2
3,85783	-2
3,85850	-2
3,85917	-2
3,85983	-2
3,86050	-2
3,86117	-2
3,86183	-2
3,86250	-2
3,86317	-2
3,86383	-1
3,86450	-1
3,86517	-1
3,86583	-1
3,86650	-1
3,86717	-1
3,86783	-2
3,86850	-2
3,86917	-2
3,86983	-2
3,87050	-3
3,87117	-3
3,87183	-3
3,87250	-3
3,87317	-2
3,87383	-2
3,87450	-1
3,87517	1
3,87583	4
3,87650	7
3,87717	12
3,87783	20
3,87850	32
3,87917	48
3,87983	72
3,88050	107
3,88117	157
3,88183	227
3,88250	327
3,88317	467
3,88383	662
3,88450	929
3,88517	1291
3,88583	1771
3,88650	2399
3,88717	3206
3,88783	4233
3,88850	5518
3,88917	7110
3,88983	9057
3,89050	11420
3,89117	14250
3,89183	17610
3,89250	21554
3,89317	26146
3,89383	31452
3,89450	37539
3,89517	44454
3,89583	52236
3,89650	60927
3,89717	70578
3,89783	81236
3,89850	92958
3,89917	105790
3,89983	119749
3,90050	134827
3,90117	150998
3,90183	168239
3,90250	186524
3,90317	205828
3,90383	226106
3,90450	247319
3,90517	269372
3,90583	292205
3,90650	315727
3,90717	339794
3,90783	364217
3,90850	388768
3,90917	413168
3,90983	437104
3,91050	460209
3,91117	482056
3,91183	502214
3,91250	520256
3,91317	535784
3,91383	548445
3,91450	557986
3,91517	564177
3,91583	566876
3,91650	566057
3,91717	561793
3,91783	554278
3,91850	543777
3,91917	530609
3,91983	515130
3,92050	497728
3,92117	478789
3,92183	458685
3,92250	437760
3,92317	416329
3,92383	394671
3,92450	373026
3,92517	351599
3,92583	330561
3,92650	310053
3,92717	290185
3,92783	271044
3,92850	252692
3,92917	235174
3,92983	218516
3,93050	202733
3,93117	187825
3,93183	173784
3,93250	160596
3,93317	148237
3,93383	136682
3,93450	125901
3,93517	115859
3,93583	106523
3,93650	97857
3,93717	89825
3,93783	82391
3,93850	75519
3,93917	69175
3,93983	63325
3,94050	57935
3,94117	52976
3,94183	48417
3,94250	44229
3,94317	40385
3,94383	36861
3,94450	33631
3,94517	30674
3,94583	27969
3,94650	25495
3,94717	23234
3,94783	21169
3,94850	19284
3,94917	17564
3,94983	15996
3,95050	14566
3,95117	13264
3,95183	12078
3,95250	10999
3,95317	10017
3,95383	9123
3,95450	8311
3,95517	7572
3,95583	6901
3,95650	6291
3,95717	5737
3,95783	5234
3,95850	4778
3,95917	4363
3,95983	3988
3,96050	3647
3,96117	3337
3,96183	3057
3,96250	2802
3,96317	2571
3,96383	2362
3,96450	2171
3,96517	1999
3,96583	1842
3,96650	1700
3,96717	1571
3,96783	1453
3,96850	1347
3,96917	1250
3,96983	1162
3,97050	1082
3,97117	1009
3,97183	943
3,97250	883
3,97317	828
3,97383	778
3,97450	733
3,97517	691
3,97583	653
3,97650	618
3,97717	587
3,97783	558
3,97850	531
3,97917	507
3,97983	485
3,98050	465
3,98117	446
3,98183	429
3,98250	413
3,98317	398
3,98383	384
3,98450	372
3,98517	360
3,98583	349
3,98650	338
3,98717	329
3,98783	320
3,98850	311
3,98917	303
3,98983	296
3,99050	289
3,99117	283
3,99183	277
3,99250	271
3,99317	265
3,99383	260
3,99450	255
3,99517	251
3,99583	246
3,99650	242
3,99717	237
3,99783	233
3,99850	229
3,99917	226
3,99983	222
4,00050	218
4,00117	215
4,00183	212
4,00250	209
4,00317	206
4,00383	203
4,00450	200
4,00517	197
4,00583	194
4,00650	192
4,00717	189
4,00783	186
4,00850	184
4,00917	181
4,00983	178
4,01050	176
4,01117	174
4,01183	171
4,01250	169
4,01317	167
4,01383	165
4,01450	163
4,01517	161
4,01583	159
4,01650	157
4,01717	155
4,01783	153
4,01850	151
4,01917	149
4,01983	147
4,02050	146
4,02117	144
4,02183	143
4,02250	142
4,02317	140
4,02383	139
4,02450	138
4,02517	136
4,02583	135
4,02650	134
4,02717	132
4,02783	131
4,02850	130
4,02917	128
4,02983	127
4,03050	125
4,03117	124
4,03183	123
4,03250	121
4,03317	120
4,03383	119
4,03450	118
4,03517	117
4,03583	116
4,03650	115
4,03717	114
4,03783	113
4,03850	112
4,03917	111
4,03983	110
4,04050	109
4,04117	108
4,04183	107
4,04250	106
4,04317	105
4,04383	104
4,04450	103
4,04517	102
4,04583	101
4,04650	100
4,04717	100
4,04783	99
4,04850	98
4,04917	97
4,04983	96
4,05050	95
4,05117	95
4,05183	94
4,05250	93
4,05317	92
4,05383	92
4,05450	91
4,05517	91
4,05583	90
4,05650	90
4,05717	89
4,05783	88
4,05850	88
4,05917	87
4,05983	86
4,06050	85
4,06117	84
4,06183	84
4,06250	83
4,06317	83
4,06383	82
4,06450	82
4,06517	81
4,06583	81
4,06650	81
4,06717	80
4,06783	80
4,06850	79
4,06917	79
4,06983	78
4,07050	78
4,07117	77
4,07183	77
4,07250	76
4,07317	76
4,07383	75
4,07450	74
4,07517	74
4,07583	73
4,07650	72
4,07717	72
4,07783	71
4,07850	71
4,07917	71
4,07983	71
4,08050	70
4,08117	70
4,08183	70
4,08250	69
4,08317	69
4,08383	68
4,08450	67
4,08517	67
4,08583	66
4,08650	66
4,08717	65
4,08783	65
4,08850	65
4,08917	64
4,08983	64
4,09050	63
4,09117	63
4,09183	62
4,09250	62
4,09317	61
4,09383	61
4,09450	60
4,09517	60
4,09583	60
4,09650	60
4,09717	59
4,09783	59
4,09850	59
4,09917	59
4,09983	58
4,10050	58
4,10117	57
4,10183	57
4,10250	57
4,10317	56
4,10383	56
4,10450	56
4,10517	55
4,10583	55
4,10650	54
4,10717	54
4,10783	54
4,10850	54
4,10917	54
4,10983	53
4,11050	53
4,11117	53
4,11183	53
4,11250	53
4,11317	52
4,11383	52
4,11450	52
4,11517	52
4,11583	51
4,11650	51
4,11717	51
4,11783	51
4,11850	51
4,11917	51
4,11983	51
4,12050	51
4,12117	51
4,12183	51
4,12250	51
4,12317	51
4,12383	51
4,12450	51
4,12517	52
4,12583	52
4,12650	52
4,12717	52
4,12783	52
4,12850	52
4,12917	52
4,12983	52
4,13050	53
4,13117	53
4,13183	53
4,13250	53
4,13317	52
4,13383	52
4,13450	52
4,13517	51
4,13583	51
4,13650	50
4,13717	50
4,13783	49
4,13850	49
4,13917	49
4,13983	48
4,14050	48
4,14117	47
4,14183	47
4,14250	46
4,14317	46
4,14383	45
4,14450	45
4,14517	44
4,14583	44
4,14650	44
4,14717	44
4,14783	44
4,14850	44
4,14917	44
4,14983	44
4,15050	44
4,15117	43
4,15183	44
4,15250	44
4,15317	44
4,15383	44
4,15450	44
4,15517	44
4,15583	44
4,15650	44
4,15717	44
4,15783	44
4,15850	43
4,15917	43
4,15983	43
4,16050	43
4,16117	43
4,16183	43
4,16250	43
4,16317	43
4,16383	43
4,16450	43
4,16517	43
4,16583	42
4,16650	42
4,16717	42
4,16783	42
4,16850	41
4,16917	41
4,16983	41
4,17050	41
4,17117	41
4,17183	40
4,17250	40
4,17317	40
4,17383	40
4,17450	39
4,17517	39
4,17583	38
4,17650	38
4,17717	37
4,17783	36
4,17850	36
4,17917	35
4,17983	35
4,18050	34
4,18117	34
4,18183	34
4,18250	33
4,18317	33
4,18383	33
4,18450	33
4,18517	33
4,18583	33
4,18650	33
4,18717	33
4,18783	33
4,18850	33
4,18917	33
4,18983	33
4,19050	33
4,19117	33
4,19183	33
4,19250	33
4,19317	33
4,19383	33
4,19450	34
4,19517	34
4,19583	34
4,19650	34
4,19717	34
4,19783	34
4,19850	34
4,19917	34
4,19983	34
4,20050	33
4,20117	33
4,20183	33
4,20250	33
4,20317	33
4,20383	33
4,20450	33
4,20517	32
4,20583	32
4,20650	32
4,20717	32
4,20783	31
4,20850	31
4,20917	30
4,20983	30
4,21050	29
4,21117	29
4,21183	29
4,21250	29
4,21317	28
4,21383	28
4,21450	28
4,21517	28
4,21583	28
4,21650	28
4,21717	28
4,21783	29
4,21850	29
4,21917	29
4,21983	29
4,22050	29
4,22117	29
4,22183	29
4,22250	29
4,22317	29
4,22383	29
4,22450	29
4,22517	29
4,22583	29
4,22650	29
4,22717	29
4,22783	30
4,22850	30
4,22917	30
4,22983	30
4,23050	30
4,23117	30
4,23183	30
4,23250	29
4,23317	29
4,23383	29
4,23450	29
4,23517	29
4,23583	28
4,23650	28
4,23717	28
4,23783	28
4,23850	28
4,23917	28
4,23983	28
4,24050	28
4,24117	28
4,24183	28
4,24250	28
4,24317	27
4,24383	27
4,24450	27
4,24517	27
4,24583	27
4,24650	27
4,24717	27
4,24783	27
4,24850	27
4,24917	27
4,24983	27
4,25050	27
4,25117	27
4,25183	26
4,25250	26
4,25317	26
4,25383	26
4,25450	26
4,25517	26
4,25583	25
4,25650	25
4,25717	25
4,25783	25
4,25850	25
4,25917	25
4,25983	25
4,26050	25
4,26117	25
4,26183	25
4,26250	24
4,26317	24
4,26383	24
4,26450	24
4,26517	24
4,26583	24
4,26650	24
4,26717	23
4,26783	23
4,26850	23
4,26917	23
4,26983	24
4,27050	24
4,27117	24
4,27183	24
4,27250	25
4,27317	25
4,27383	25
4,27450	25
4,27517	26
4,27583	26
4,27650	26
4,27717	26
4,27783	26
4,27850	27
4,27917	27
4,27983	27
4,28050	27
4,28117	27
4,28183	27
4,28250	27
4,28317	27
4,28383	27
4,28450	27
4,28517	27
4,28583	27
4,28650	27
4,28717	27
4,28783	27
4,28850	27
4,28917	27
4,28983	27
4,29050	27
4,29117	27
4,29183	27
4,29250	27
4,29317	27
4,29383	27
4,29450	27
4,29517	26
4,29583	26
4,29650	26
4,29717	25
4,29783	25
4,29850	25
4,29917	25
4,29983	24
4,30050	24
4,30117	24
4,30183	24
4,30250	23
4,30317	23
4,30383	23
4,30450	22
4,30517	22
4,30583	22
4,30650	22
4,30717	22
4,30783	22
4,30850	22
4,30917	22
4,30983	22
4,31050	22
4,31117	22
4,31183	23
4,31250	23
4,31317	23
4,31383	24
4,31450	24
4,31517	24
4,31583	24
4,31650	25
4,31717	25
4,31783	25
4,31850	25
4,31917	25
4,31983	26
4,32050	26
4,32117	26
4,32183	26
4,32250	26
4,32317	26
4,32383	26
4,32450	26
4,32517	26
4,32583	26
4,32650	25
4,32717	25
4,32783	25
4,32850	25
4,32917	24
4,32983	24
4,33050	24
4,33117	24
4,33183	23
4,33250	23
4,33317	23
4,33383	23
4,33450	23
4,33517	23
4,33583	22
4,33650	22
4,33717	22
4,33783	22
4,33850	21
4,33917	21
4,33983	21
4,34050	21
4,34117	21
4,34183	21
4,34250	20
4,34317	21
4,34383	21
4,34450	21
4,34517	21
4,34583	21
4,34650	21
4,34717	21
4,34783	21
4,34850	21
4,34917	21
4,34983	21
4,35050	21
4,35117	21
4,35183	21
4,35250	21
4,35317	21
4,35383	21
4,35450	21
4,35517	21
4,35583	21
4,35650	21
4,35717	21
4,35783	21
4,35850	21
4,35917	21
4,35983	21
4,36050	22
4,36117	22
4,36183	22
4,36250	22
4,36317	23
4,36383	23
4,36450	23
4,36517	24
4,36583	24
4,36650	24
4,36717	25
4,36783	25
4,36850	25
4,36917	25
4,36983	25
4,37050	25
4,37117	25
4,37183	26
4,37250	26
4,37317	26
4,37383	26
4,37450	26
4,37517	26
4,37583	26
4,37650	27
4,37717	27
4,37783	28
4,37850	29
4,37917	29
4,37983	30
4,38050	31
4,38117	32
4,38183	34
4,38250	35
4,38317	37
4,38383	39
4,38450	40
4,38517	42
4,38583	45
4,38650	47
4,38717	49
4,38783	52
4,38850	55
4,38917	58
4,38983	61
4,39050	64
4,39117	67
4,39183	70
4,39250	73
4,39317	76
4,39383	79
4,39450	82
4,39517	85
4,39583	88
4,39650	91
4,39717	94
4,39783	96
4,39850	99
4,39917	101
4,39983	103
4,40050	105
4,40117	107
4,40183	108
4,40250	109
4,40317	110
4,40383	110
4,40450	111
4,40517	112
4,40583	112
4,40650	112
4,40717	113
4,40783	113
4,40850	113
4,40917	113
4,40983	113
4,41050	113
4,41117	112
4,41183	112
4,41250	111
4,41317	111
4,41383	110
4,41450	109
4,41517	109
4,41583	108
4,41650	108
4,41717	107
4,41783	107
4,41850	107
4,41917	106
4,41983	106
4,42050	106
4,42117	105
4,42183	105
4,42250	104
4,42317	103
4,42383	103
4,42450	102
4,42517	101
4,42583	100
4,42650	99
4,42717	98
4,42783	98
4,42850	97
4,42917	96
4,42983	95
4,43050	94
4,43117	93
4,43183	92
4,43250	91
4,43317	90
4,43383	89
4,43450	88
4,43517	87
4,43583	85
4,43650	84
4,43717	83
4,43783	82
4,43850	81
4,43917	79
4,43983	78
4,44050	76
4,44117	75
4,44183	74
4,44250	72
4,44317	71
4,44383	69
4,44450	68
4,44517	67
4,44583	65
4,44650	64
4,44717	62
4,44783	61
4,44850	60
4,44917	58
4,44983	57
4,45050	56
4,45117	55
4,45183	54
4,45250	53
4,45317	52
4,45383	50
4,45450	49
4,45517	48
4,45583	47
4,45650	46
4,45717	45
4,45783	44
4,45850	43
4,45917	42
4,45983	42
4,46050	41
4,46117	40
4,46183	40
4,46250	39
4,46317	38
4,46383	38
4,46450	37
4,46517	36
4,46583	36
4,46650	35
4,46717	35
4,46783	34
4,46850	34
4,46917	33
4,46983	33
4,47050	33
4,47117	32
4,47183	32
4,47250	32
4,47317	31
4,47383	31
4,47450	31
4,47517	30
4,47583	30
4,47650	30
4,47717	29
4,47783	29
4,47850	29
4,47917	29
4,47983	29
4,48050	28
4,48117	28
4,48183	28
4,48250	28
4,48317	28
4,48383	29
4,48450	29
4,48517	29
4,48583	28
4,48650	28
4,48717	28
4,48783	28
4,48850	27
4,48917	27
4,48983	27
4,49050	27
4,49117	27
4,49183	27
4,49250	27
4,49317	27
4,49383	27
4,49450	27
4,49517	27
4,49583	27
4,49650	27
4,49717	27
4,49783	26
4,49850	26
4,49917	26
4,49983	25
4,50050	25
4,50117	25
4,50183	24
4,50250	24
4,50317	24
4,50383	24
4,50450	24
4,50517	24
4,50583	24
4,50650	24
4,50717	24
4,50783	24
4,50850	24
4,50917	24
4,50983	24
4,51050	24
4,51117	24
4,51183	24
4,51250	24
4,51317	24
4,51383	24
4,51450	24
4,51517	24
4,51583	24
4,51650	24
4,51717	24
4,51783	23
4,51850	23
4,51917	23
4,51983	23
4,52050	22
4,52117	22
4,52183	22
4,52250	22
4,52317	22
4,52383	22
4,52450	22
4,52517	22
4,52583	22
4,52650	22
4,52717	22
4,52783	22
4,52850	22
4,52917	22
4,52983	21
4,53050	21
4,53117	21
4,53183	21
4,53250	20
4,53317	20
4,53383	20
4,53450	20
4,53517	20
4,53583	20
4,53650	20
4,53717	20
4,53783	21
4,53850	21
4,53917	21
4,53983	21
4,54050	21
4,54117	21
4,54183	21
4,54250	21
4,54317	21
4,54383	21
4,54450	21
4,54517	21
4,54583	21
4,54650	21
4,54717	21
4,54783	21
4,54850	21
4,54917	21
4,54983	21
4,55050	21
4,55117	21
4,55183	20
4,55250	20
4,55317	20
4,55383	19
4,55450	19
4,55517	19
4,55583	20
4,55650	20
4,55717	20
4,55783	20
4,55850	21
4,55917	21
4,55983	21
4,56050	21
4,56117	21
4,56183	22
4,56250	22
4,56317	22
4,56383	22
4,56450	23
4,56517	23
4,56583	23
4,56650	23
4,56717	24
4,56783	24
4,56850	25
4,56917	25
4,56983	26
4,57050	26
4,57117	27
4,57183	27
4,57250	28
4,57317	29
4,57383	29
4,57450	30
4,57517	31
4,57583	32
4,57650	32
4,57717	33
4,57783	34
4,57850	34
4,57917	34
4,57983	35
4,58050	35
4,58117	35
4,58183	34
4,58250	34
4,58317	34
4,58383	34
4,58450	34
4,58517	33
4,58583	33
4,58650	32
4,58717	32
4,58783	31
4,58850	31
4,58917	30
4,58983	30
4,59050	30
4,59117	29
4,59183	29
4,59250	28
4,59317	28
4,59383	28
4,59450	27
4,59517	27
4,59583	26
4,59650	26
4,59717	25
4,59783	25
4,59850	25
4,59917	24
4,59983	24
4,60050	24
4,60117	24
4,60183	23
4,60250	23
4,60317	23
4,60383	23
4,60450	22
4,60517	22
4,60583	22
4,60650	22
4,60717	21
4,60783	21
4,60850	21
4,60917	21
4,60983	21
4,61050	21
4,61117	21
4,61183	21
4,61250	21
4,61317	21
4,61383	21
4,61450	21
4,61517	21
4,61583	21
4,61650	21
4,61717	21
4,61783	21
4,61850	21
4,61917	21
4,61983	20
4,62050	20
4,62117	20
4,62183	20
4,62250	20
4,62317	20
4,62383	20
4,62450	20
4,62517	20
4,62583	19
4,62650	19
4,62717	19
4,62783	19
4,62850	19
4,62917	19
4,62983	18
4,63050	18
4,63117	18
4,63183	18
4,63250	18
4,63317	17
4,63383	17
4,63450	17
4,63517	16
4,63583	16
4,63650	16
4,63717	16
4,63783	15
4,63850	15
4,63917	15
4,63983	15
4,64050	15
4,64117	15
4,64183	15
4,64250	15
4,64317	15
4,64383	16
4,64450	16
4,64517	16
4,64583	16
4,64650	16
4,64717	16
4,64783	16
4,64850	16
4,64917	16
4,64983	16
4,65050	16
4,65117	16
4,65183	17
4,65250	17
4,65317	17
4,65383	17
4,65450	18
4,65517	18
4,65583	18
4,65650	18
4,65717	18
4,65783	18
4,65850	18
4,65917	18
4,65983	18
4,66050	18
4,66117	18
4,66183	18
4,66250	19
4,66317	19
4,66383	19
4,66450	20
4,66517	20
4,66583	20
4,66650	21
4,66717	21
4,66783	21
4,66850	21
4,66917	21
4,66983	21
4,67050	21
4,67117	21
4,67183	21
4,67250	21
4,67317	21
4,67383	21
4,67450	21
4,67517	21
4,67583	21
4,67650	21
4,67717	21
4,67783	21
4,67850	21
4,67917	21
4,67983	21
4,68050	21
4,68117	20
4,68183	20
4,68250	20
4,68317	20
4,68383	20
4,68450	20
4,68517	20
4,68583	20
4,68650	19
4,68717	19
4,68783	18
4,68850	18
4,68917	18
4,68983	17
4,69050	16
4,69117	16
4,69183	16
4,69250	15
4,69317	15
4,69383	14
4,69450	14
4,69517	14
4,69583	13
4,69650	13
4,69717	13
4,69783	13
4,69850	13
4,69917	13
4,69983	13
4,70050	13
4,70117	13
4,70183	13
4,70250	13
4,70317	12
4,70383	12
4,70450	13
4,70517	13
4,70583	13
4,70650	14
4,70717	14
4,70783	14
4,70850	14
4,70917	14
4,70983	14
4,71050	14
4,71117	14
4,71183	14
4,71250	14
4,71317	15
4,71383	15
4,71450	15
4,71517	15
4,71583	14
4,71650	14
4,71717	14
4,71783	14
4,71850	14
4,71917	14
4,71983	14
4,72050	14
4,72117	14
4,72183	13
4,72250	13
4,72317	13
4,72383	13
4,72450	13
4,72517	12
4,72583	12
4,72650	12
4,72717	12
4,72783	11
4,72850	11
4,72917	11
4,72983	11
4,73050	11
4,73117	11
4,73183	11
4,73250	10
4,73317	10
4,73383	10
4,73450	11
4,73517	11
4,73583	11
4,73650	11
4,73717	11
4,73783	11
4,73850	12
4,73917	12
4,73983	12
4,74050	13
4,74117	13
4,74183	13
4,74250	13
4,74317	13
4,74383	13
4,74450	14
4,74517	14
4,74583	15
4,74650	16
4,74717	17
4,74783	18
4,74850	19
4,74917	20
4,74983	22
4,75050	23
4,75117	25
4,75183	26
4,75250	28
4,75317	29
4,75383	30
4,75450	32
4,75517	33
4,75583	35
4,75650	36
4,75717	37
4,75783	38
4,75850	39
4,75917	40
4,75983	42
4,76050	43
4,76117	43
4,76183	44
4,76250	45
4,76317	45
4,76383	46
4,76450	46
4,76517	46
4,76583	46
4,76650	46
4,76717	46
4,76783	46
4,76850	45
4,76917	45
4,76983	45
4,77050	44
4,77117	43
4,77183	43
4,77250	42
4,77317	42
4,77383	41
4,77450	40
4,77517	40
4,77583	39
4,77650	38
4,77717	38
4,77783	37
4,77850	37
4,77917	36
4,77983	36
4,78050	35
4,78117	35
4,78183	34
4,78250	33
4,78317	33
4,78383	32
4,78450	31
4,78517	30
4,78583	30
4,78650	29
4,78717	28
4,78783	28
4,78850	27
4,78917	26
4,78983	25
4,79050	25
4,79117	24
4,79183	23
4,79250	23
4,79317	22
4,79383	22
4,79450	21
4,79517	21
4,79583	20
4,79650	19
4,79717	19
4,79783	19
4,79850	18
4,79917	18
4,79983	18
4,80050	18
4,80117	18
4,80183	18
4,80250	18
4,80317	18
4,80383	18
4,80450	18
4,80517	18
4,80583	17
4,80650	17
4,80717	17
4,80783	16
4,80850	16
4,80917	16
4,80983	16
4,81050	15
4,81117	15
4,81183	15
4,81250	15
4,81317	15
4,81383	15
4,81450	15
4,81517	15
4,81583	15
4,81650	15
4,81717	15
4,81783	14
4,81850	14
4,81917	14
4,81983	14
4,82050	14
4,82117	14
4,82183	14
4,82250	14
4,82317	14
4,82383	15
4,82450	15
4,82517	15
4,82583	15
4,82650	15
4,82717	15
4,82783	15
4,82850	14
4,82917	14
4,82983	14
4,83050	14
4,83117	14
4,83183	14
4,83250	14
4,83317	14
4,83383	13
4,83450	13
4,83517	13
4,83583	14
4,83650	14
4,83717	14
4,83783	14
4,83850	13
4,83917	13
4,83983	13
4,84050	12
4,84117	12
4,84183	12
4,84250	11
4,84317	11
4,84383	11
4,84450	10
4,84517	10
4,84583	10
4,84650	10
4,84717	10
4,84783	10
4,84850	10
4,84917	10
4,84983	10
4,85050	10
4,85117	10
4,85183	11
4,85250	11
4,85317	12
4,85383	12
4,85450	13
4,85517	13
4,85583	14
4,85650	14
4,85717	15
4,85783	16
4,85850	16
4,85917	17
4,85983	18
4,86050	19
4,86117	20
4,86183	20
4,86250	21
4,86317	22
4,86383	23
4,86450	24
4,86517	24
4,86583	25
4,86650	27
4,86717	28
4,86783	29
4,86850	30
4,86917	30
4,86983	31
4,87050	31
4,87117	31
4,87183	31
4,87250	31
4,87317	31
4,87383	31
4,87450	30
4,87517	30
4,87583	29
4,87650	29
4,87717	28
4,87783	28
4,87850	27
4,87917	26
4,87983	25
4,88050	24
4,88117	23
4,88183	22
4,88250	21
4,88317	20
4,88383	19
4,88450	19
4,88517	18
4,88583	17
4,88650	16
4,88717	15
4,88783	14
4,88850	14
4,88917	13
4,88983	12
4,89050	12
4,89117	11
4,89183	11
4,89250	10
4,89317	9
4,89383	9
4,89450	8
4,89517	8
4,89583	7
4,89650	7
4,89717	7
4,89783	7
4,89850	7
4,89917	7
4,89983	7
4,90050	7
4,90117	7
4,90183	7
4,90250	6
4,90317	6
4,90383	6
4,90450	6
4,90517	7
4,90583	7
4,90650	7
4,90717	7
4,90783	7
4,90850	7
4,90917	7
4,90983	7
4,91050	7
4,91117	7
4,91183	7
4,91250	7
4,91317	7
4,91383	7
4,91450	7
4,91517	7
4,91583	7
4,91650	7
4,91717	7
4,91783	7
4,91850	7
4,91917	7
4,91983	7
4,92050	6
4,92117	6
4,92183	6
4,92250	6
4,92317	6
4,92383	5
4,92450	5
4,92517	5
4,92583	5
4,92650	4
4,92717	4
4,92783	4
4,92850	4
4,92917	4
4,92983	4
4,93050	4
4,93117	4
4,93183	4
4,93250	4
4,93317	5
4,93383	4
4,93450	4
4,93517	4
4,93583	4
4,93650	4
4,93717	4
4,93783	4
4,93850	4
4,93917	4
4,93983	4
4,94050	4
4,94117	4
4,94183	4
4,94250	4
4,94317	4
4,94383	4
4,94450	4
4,94517	4
4,94583	4
4,94650	4
4,94717	4
4,94783	4
4,94850	4
4,94917	4
4,94983	4
4,95050	4
4,95117	4
4,95183	4
4,95250	4
4,95317	4
4,95383	4
4,95450	4
4,95517	5
4,95583	5
4,95650	6
4,95717	6
4,95783	6
4,95850	6
4,95917	6
4,95983	7
4,96050	7
4,96117	7
4,96183	8
4,96250	8
4,96317	9
4,96383	9
4,96450	9
4,96517	9
4,96583	10
4,96650	10
4,96717	10
4,96783	10
4,96850	10
4,96917	10
4,96983	10
4,97050	11
4,97117	11
4,97183	11
4,97250	11
4,97317	11
4,97383	11
4,97450	11
4,97517	11
4,97583	11
4,97650	11
4,97717	11
4,97783	11
4,97850	10
4,97917	10
4,97983	10
4,98050	10
4,98117	10
4,98183	10
4,98250	10
4,98317	10
4,98383	10
4,98450	10
4,98517	10
4,98583	10
4,98650	10
4,98717	10
4,98783	10
4,98850	11
4,98917	11
4,98983	11
4,99050	12
4,99117	13
4,99183	13
4,99250	14
4,99317	15
4,99383	16
4,99450	18
4,99517	19
4,99583	21
4,99650	24
4,99717	26
4,99783	29
4,99850	32
4,99917	36
4,99983	40
5,00050	44
5,00117	49
5,00183	54
5,00250	59
5,00317	65
5,00383	71
5,00450	77
5,00517	82
5,00583	88
5,00650	93
5,00717	98
5,00783	103
5,00850	107
5,00917	110
5,00983	114
5,01050	117
5,01117	119
5,01183	121
5,01250	122
5,01317	123
5,01383	123
5,01450	124
5,01517	123
5,01583	123
5,01650	122
5,01717	120
5,01783	119
5,01850	117
5,01917	114
5,01983	112
5,02050	110
5,02117	107
5,02183	104
5,02250	102
5,02317	99
5,02383	96
5,02450	93
5,02517	91
5,02583	88
5,02650	85
5,02717	82
5,02783	79
5,02850	76
5,02917	73
5,02983	70
5,03050	67
5,03117	64
5,03183	62
5,03250	59
5,03317	56
5,03383	54
5,03450	51
5,03517	49
5,03583	46
5,03650	44
5,03717	42
5,03783	39
5,03850	37
5,03917	35
5,03983	34
5,04050	32
5,04117	30
5,04183	29
5,04250	27
5,04317	26
5,04383	24
5,04450	23
5,04517	22
5,04583	21
5,04650	20
5,04717	19
5,04783	18
5,04850	17
5,04917	17
5,04983	16
5,05050	15
5,05117	15
5,05183	14
5,05250	14
5,05317	13
5,05383	13
5,05450	12
5,05517	12
5,05583	12
5,05650	12
5,05717	12
5,05783	12
5,05850	12
5,05917	12
5,05983	13
5,06050	13
5,06117	14
5,06183	14
5,06250	15
5,06317	16
5,06383	18
5,06450	19
5,06517	21
5,06583	24
5,06650	27
5,06717	31
5,06783	36
5,06850	41
5,06917	47
5,06983	54
5,07050	62
5,07117	71
5,07183	81
5,07250	93
5,07317	105
5,07383	118
5,07450	132
5,07517	146
5,07583	162
5,07650	178
5,07717	194
5,07783	211
5,07850	227
5,07917	243
5,07983	259
5,08050	273
5,08117	287
5,08183	300
5,08250	311
5,08317	321
5,08383	330
5,08450	336
5,08517	342
5,08583	345
5,08650	347
5,08717	347
5,08783	345
5,08850	342
5,08917	337
5,08983	332
5,09050	324
5,09117	316
5,09183	307
5,09250	297
5,09317	286
5,09383	275
5,09450	264
5,09517	252
5,09583	240
5,09650	229
5,09717	217
5,09783	206
5,09850	194
5,09917	184
5,09983	173
5,10050	163
5,10117	154
5,10183	144
5,10250	135
5,10317	127
5,10383	119
5,10450	111
5,10517	104
5,10583	97
5,10650	91
5,10717	85
5,10783	79
5,10850	74
5,10917	69
5,10983	64
5,11050	60
5,11117	57
5,11183	53
5,11250	50
5,11317	47
5,11383	45
5,11450	42
5,11517	40
5,11583	38
5,11650	36
5,11717	34
5,11783	32
5,11850	30
5,11917	29
5,11983	27
5,12050	26
5,12117	25
5,12183	24
5,12250	23
5,12317	23
5,12383	22
5,12450	22
5,12517	21
5,12583	21
5,12650	21
5,12717	20
5,12783	20
5,12850	20
5,12917	20
5,12983	20
5,13050	20
5,13117	20
5,13183	20
5,13250	20
5,13317	20
5,13383	20
5,13450	20
5,13517	20
5,13583	19
5,13650	19
5,13717	19
5,13783	19
5,13850	18
5,13917	18
5,13983	18
5,14050	17
5,14117	17
5,14183	16
5,14250	16
5,14317	16
5,14383	15
5,14450	15
5,14517	14
5,14583	14
5,14650	14
5,14717	14
5,14783	14
5,14850	14
5,14917	13
5,14983	13
5,15050	13
5,15117	13
5,15183	13
5,15250	14
5,15317	14
5,15383	14
5,15450	14
5,15517	14
5,15583	14
5,15650	15
5,15717	15
5,15783	15
5,15850	15
5,15917	15
5,15983	16
5,16050	16
5,16117	16
5,16183	17
5,16250	17
5,16317	18
5,16383	18
5,16450	18
5,16517	18
5,16583	19
5,16650	19
5,16717	19
5,16783	19
5,16850	19
5,16917	19
5,16983	19
5,17050	19
5,17117	19
5,17183	18
5,17250	18
5,17317	17
5,17383	17
5,17450	17
5,17517	17
5,17583	16
5,17650	16
5,17717	16
5,17783	16
5,17850	16
5,17917	16
5,17983	16
5,18050	16
5,18117	16
5,18183	16
5,18250	16
5,18317	16
5,18383	16
5,18450	16
5,18517	16
5,18583	16
5,18650	16
5,18717	16
5,18783	16
5,18850	16
5,18917	16
5,18983	16
5,19050	16
5,19117	16
5,19183	16
5,19250	15
5,19317	15
5,19383	15
5,19450	15
5,19517	15
5,19583	15
5,19650	15
5,19717	15
5,19783	15
5,19850	15
5,19917	15
5,19983	15
5,20050	15
5,20117	14
5,20183	14
5,20250	14
5,20317	14
5,20383	14
5,20450	14
5,20517	14
5,20583	13
5,20650	13
5,20717	14
5,20783	14
5,20850	14
5,20917	14
5,20983	13
5,21050	13
5,21117	13
5,21183	13
5,21250	13
5,21317	13
5,21383	13
5,21450	13
5,21517	13
5,21583	13
5,21650	13
5,21717	13
5,21783	13
5,21850	13
5,21917	13
5,21983	13
5,22050	13
5,22117	13
5,22183	13
5,22250	13
5,22317	13
5,22383	13
5,22450	12
5,22517	12
5,22583	11
5,22650	11
5,22717	10
5,22783	10
5,22850	9
5,22917	9
5,22983	9
5,23050	9
5,23117	8
5,23183	8
5,23250	8
5,23317	8
5,23383	8
5,23450	8
5,23517	8
5,23583	8
5,23650	7
5,23717	7
5,23783	7
5,23850	7
5,23917	7
5,23983	7
5,24050	7
5,24117	7
5,24183	7
5,24250	7
5,24317	7
5,24383	7
5,24450	7
5,24517	7
5,24583	7
5,24650	7
5,24717	7
5,24783	7
5,24850	6
5,24917	6
5,24983	6
5,25050	6
5,25117	6
5,25183	6
5,25250	6
5,25317	6
5,25383	6
5,25450	6
5,25517	5
5,25583	5
5,25650	5
5,25717	5
5,25783	5
5,25850	5
5,25917	4
5,25983	4
5,26050	4
5,26117	4
5,26183	4
5,26250	4
5,26317	3
5,26383	3
5,26450	3
5,26517	3
5,26583	3
5,26650	2
5,26717	2
5,26783	3
5,26850	3
5,26917	3
5,26983	3
5,27050	4
5,27117	4
5,27183	4
5,27250	4
5,27317	4
5,27383	4
5,27450	4
5,27517	4
5,27583	4
5,27650	3
5,27717	3
5,27783	3
5,27850	3
5,27917	3
5,27983	3
5,28050	3
5,28117	3
5,28183	3
5,28250	3
5,28317	3
5,28383	3
5,28450	4
5,28517	4
5,28583	4
5,28650	5
5,28717	5
5,28783	5
5,28850	5
5,28917	5
5,28983	5
5,29050	5
5,29117	5
5,29183	5
5,29250	5
5,29317	5
5,29383	5
5,29450	4
5,29517	4
5,29583	5
5,29650	5
5,29717	5
5,29783	5
5,29850	5
5,29917	4
5,29983	4
5,30050	4
5,30117	4
5,30183	4
5,30250	4
5,30317	4
5,30383	4
5,30450	4
5,30517	4
5,30583	4
5,30650	4
5,30717	4
5,30783	4
5,30850	4
5,30917	4
5,30983	4
5,31050	4
5,31117	4
5,31183	4
5,31250	5
5,31317	5
5,31383	5
5,31450	5
5,31517	5
5,31583	5
5,31650	5
5,31717	4
5,31783	4
5,31850	4
5,31917	3
5,31983	3
5,32050	3
5,32117	3
5,32183	3
5,32250	3
5,32317	3
5,32383	3
5,32450	4
5,32517	4
5,32583	4
5,32650	4
5,32717	4
5,32783	4
5,32850	5
5,32917	5
5,32983	5
5,33050	5
5,33117	5
5,33183	5
5,33250	5
5,33317	5
5,33383	5
5,33450	5
5,33517	5
5,33583	5
5,33650	5
5,33717	5
5,33783	5
5,33850	5
5,33917	5
5,33983	5
5,34050	5
5,34117	5
5,34183	5
5,34250	5
5,34317	5
5,34383	5
5,34450	5
5,34517	5
5,34583	5
5,34650	5
5,34717	5
5,34783	5
5,34850	5
5,34917	5
5,34983	5
5,35050	5
5,35117	5
5,35183	5
5,35250	5
5,35317	5
5,35383	4
5,35450	4
5,35517	4
5,35583	4
5,35650	4
5,35717	4
5,35783	4
5,35850	3
5,35917	3
5,35983	3
5,36050	3
5,36117	3
5,36183	3
5,36250	2
5,36317	2
5,36383	3
5,36450	3
5,36517	3
5,36583	3
5,36650	3
5,36717	3
5,36783	3
5,36850	2
5,36917	2
5,36983	2
5,37050	2
5,37117	2
5,37183	2
5,37250	2
5,37317	1
5,37383	1
5,37450	1
5,37517	1
5,37583	1
5,37650	1
5,37717	1
5,37783	1
5,37850	1
5,37917	1
5,37983	2
5,38050	2
5,38117	2
5,38183	2
5,38250	3
5,38317	3
5,38383	3
5,38450	4
5,38517	4
5,38583	4
5,38650	4
5,38717	4
5,38783	5
5,38850	5
5,38917	5
5,38983	5
5,39050	5
5,39117	5
5,39183	5
5,39250	5
5,39317	5
5,39383	5
5,39450	5
5,39517	5
5,39583	5
5,39650	5
5,39717	5
5,39783	5
5,39850	5
5,39917	5
5,39983	5
5,40050	5
5,40117	4
5,40183	4
5,40250	4
5,40317	4
5,40383	4
5,40450	3
5,40517	3
5,40583	3
5,40650	3
5,40717	3
5,40783	3
5,40850	3
5,40917	3
5,40983	3
5,41050	3
5,41117	3
5,41183	3
5,41250	3
5,41317	3
5,41383	4
5,41450	4
5,41517	4
5,41583	4
5,41650	4
5,41717	4
5,41783	4
5,41850	4
5,41917	4
5,41983	4
5,42050	4
5,42117	4
5,42183	4
5,42250	4
5,42317	4
5,42383	3
5,42450	3
5,42517	3
5,42583	3
5,42650	3
5,42717	3
5,42783	3
5,42850	3
5,42917	3
5,42983	3
5,43050	3
5,43117	3
5,43183	3
5,43250	3
5,43317	4
5,43383	4
5,43450	4
5,43517	5
5,43583	5
5,43650	5
5,43717	5
5,43783	5
5,43850	5
5,43917	5
5,43983	5
5,44050	5
5,44117	5
5,44183	6
5,44250	6
5,44317	6
5,44383	6
5,44450	6
5,44517	6
5,44583	5
5,44650	5
5,44717	5
5,44783	4
5,44850	4
5,44917	4
5,44983	4
5,45050	4
5,45117	3
5,45183	3
5,45250	3
5,45317	3
5,45383	3
5,45450	3
5,45517	2
5,45583	2
5,45650	2
5,45717	2
5,45783	1
5,45850	1
5,45917	2
5,45983	2
5,46050	2
5,46117	2
5,46183	2
5,46250	2
5,46317	2
5,46383	2
5,46450	2
5,46517	2
5,46583	3
5,46650	3
5,46717	3
5,46783	3
5,46850	3
5,46917	3
5,46983	3
5,47050	3
5,47117	3
5,47183	3
5,47250	3
5,47317	4
5,47383	4
5,47450	4
5,47517	4
5,47583	4
5,47650	4
5,47717	4
5,47783	5
5,47850	5
5,47917	5
5,47983	5
5,48050	6
5,48117	6
5,48183	6
5,48250	6
5,48317	6
5,48383	6
5,48450	6
5,48517	6
5,48583	6
5,48650	6
5,48717	6
5,48783	6
5,48850	6
5,48917	6
5,48983	6
5,49050	6
5,49117	6
5,49183	6
5,49250	7
5,49317	7
5,49383	7
5,49450	7
5,49517	8
5,49583	9
5,49650	10
5,49717	11
5,49783	13
5,49850	16
5,49917	20
5,49983	25
5,50050	30
5,50117	38
5,50183	46
5,50250	57
5,50317	70
5,50383	86
5,50450	104
5,50517	125
5,50583	149
5,50650	177
5,50717	207
5,50783	241
5,50850	278
5,50917	319
5,50983	363
5,51050	409
5,51117	458
5,51183	508
5,51250	559
5,51317	611
5,51383	662
5,51450	713
5,51517	761
5,51583	808
5,51650	852
5,51717	892
5,51783	928
5,51850	959
5,51917	986
5,51983	1009
5,52050	1026
5,52117	1038
5,52183	1046
5,52250	1048
5,52317	1046
5,52383	1039
5,52450	1028
5,52517	1013
5,52583	995
5,52650	973
5,52717	949
5,52783	922
5,52850	893
5,52917	862
5,52983	831
5,53050	798
5,53117	765
5,53183	731
5,53250	697
5,53317	663
5,53383	630
5,53450	597
5,53517	565
5,53583	534
5,53650	503
5,53717	474
5,53783	446
5,53850	419
5,53917	394
5,53983	369
5,54050	346
5,54117	324
5,54183	302
5,54250	282
5,54317	263
5,54383	245
5,54450	228
5,54517	212
5,54583	197
5,54650	183
5,54717	170
5,54783	158
5,54850	147
5,54917	136
5,54983	127
5,55050	118
5,55117	109
5,55183	102
5,55250	95
5,55317	88
5,55383	82
5,55450	76
5,55517	71
5,55583	65
5,55650	61
5,55717	57
5,55783	53
5,55850	49
5,55917	46
5,55983	43
5,56050	40
5,56117	37
5,56183	35
5,56250	33
5,56317	31
5,56383	29
5,56450	27
5,56517	25
5,56583	24
5,56650	22
5,56717	21
5,56783	20
5,56850	19
5,56917	18
5,56983	17
5,57050	16
5,57117	16
5,57183	15
5,57250	14
5,57317	14
5,57383	13
5,57450	12
5,57517	12
5,57583	11
5,57650	11
5,57717	10
5,57783	10
5,57850	9
5,57917	9
5,57983	9
5,58050	8
5,58117	9
5,58183	9
5,58250	9
5,58317	9
5,58383	9
5,58450	9
5,58517	9
5,58583	9
5,58650	8
5,58717	8
5,58783	8
5,58850	8
5,58917	8
5,58983	8
5,59050	8
5,59117	8
5,59183	8
5,59250	8
5,59317	8
5,59383	8
5,59450	8
5,59517	8
5,59583	8
5,59650	8
5,59717	8
5,59783	7
5,59850	7
5,59917	7
5,59983	7
5,60050	7
5,60117	7
5,60183	7
5,60250	7
5,60317	7
5,60383	7
5,60450	7
5,60517	7
5,60583	6
5,60650	6
5,60717	6
5,60783	5
5,60850	5
5,60917	5
5,60983	4
5,61050	4
5,61117	4
5,61183	3
5,61250	3
5,61317	3
5,61383	3
5,61450	3
5,61517	3
5,61583	3
5,61650	3
5,61717	3
5,61783	2
5,61850	2
5,61917	2
5,61983	2
5,62050	2
5,62117	1
5,62183	1
5,62250	1
5,62317	1
5,62383	1
5,62450	1
5,62517	1
5,62583	1
5,62650	1
5,62717	1
5,62783	1
5,62850	0
5,62917	0
5,62983	0
5,63050	0
5,63117	-0
5,63183	-0
5,63250	-0
5,63317	-0
5,63383	-0
5,63450	0
5,63517	0
5,63583	1
5,63650	1
5,63717	1
5,63783	2
5,63850	2
5,63917	2
5,63983	2
5,64050	2
5,64117	2
5,64183	2
5,64250	2
5,64317	2
5,64383	2
5,64450	2
5,64517	2
5,64583	2
5,64650	2
5,64717	1
5,64783	1
5,64850	1
5,64917	0
5,64983	0
5,65050	-0
5,65117	-1
5,65183	-1
5,65250	-1
5,65317	-2
5,65383	-2
5,65450	-2
5,65517	-2
5,65583	-2
5,65650	-2
5,65717	-2
5,65783	-2
5,65850	-2
5,65917	-2
5,65983	-3
5,66050	-3
5,66117	-3
5,66183	-3
5,66250	-4
5,66317	-4
5,66383	-4
5,66450	-4
5,66517	-4
5,66583	-4
5,66650	-4
5,66717	-4
5,66783	-4
5,66850	-4
5,66917	-4
5,66983	-4
5,67050	-3
5,67117	-3
5,67183	-3
5,67250	-3
5,67317	-3
5,67383	-3
5,67450	-2
5,67517	-2
5,67583	-2
5,67650	-2
5,67717	-1
5,67783	-1
5,67850	-1
5,67917	-1
5,67983	-1
5,68050	-1
5,68117	-1
5,68183	-1
5,68250	-1
5,68317	-1
5,68383	-1
5,68450	-1
5,68517	-1
5,68583	-1
5,68650	-1
5,68717	-1
5,68783	-0
5,68850	-0
5,68917	0
5,68983	0
5,69050	0
5,69117	1
5,69183	1
5,69250	1
5,69317	1
5,69383	1
5,69450	1
5,69517	1
5,69583	1
5,69650	1
5,69717	1
5,69783	1
5,69850	1
5,69917	1
5,69983	1
5,70050	1
5,70117	1
5,70183	1
5,70250	1
5,70317	0
5,70383	0
5,70450	0
5,70517	0
5,70583	0
5,70650	0
5,70717	-0
5,70783	-0
5,70850	-0
5,70917	-1
5,70983	-1
5,71050	-1
5,71117	-1
5,71183	-1
5,71250	-1
5,71317	-1
5,71383	-1
5,71450	-1
5,71517	-2
5,71583	-2
5,71650	-2
5,71717	-2
5,71783	-2
5,71850	-2
5,71917	-2
5,71983	-2
5,72050	-2
5,72117	-2
5,72183	-3
5,72250	-3
5,72317	-3
5,72383	-3
5,72450	-3
5,72517	-3
5,72583	-3
5,72650	-3
5,72717	-3
5,72783	-3
5,72850	-3
5,72917	-4
5,72983	-4
5,73050	-4
5,73117	-4
5,73183	-4
5,73250	-4
5,73317	-4
5,73383	-4
5,73450	-4
5,73517	-4
5,73583	-4
5,73650	-4
5,73717	-4
5,73783	-4
5,73850	-4
5,73917	-4
5,73983	-4
5,74050	-4
5,74117	-4
5,74183	-3
5,74250	-3
5,74317	-3
5,74383	-3
5,74450	-3
5,74517	-2
5,74583	-2
5,74650	-2
5,74717	-2
5,74783	-1
5,74850	-1
5,74917	-1
5,74983	-1
5,75050	-1
5,75117	-0
5,75183	-0
5,75250	0
5,75317	0
5,75383	0
5,75450	0
5,75517	0
5,75583	-0
5,75650	-0
5,75717	-0
5,75783	-1
5,75850	-1
5,75917	-1
5,75983	-1
5,76050	-1
5,76117	-1
5,76183	-2
5,76250	-2
5,76317	-2
5,76383	-2
5,76450	-2
5,76517	-2
5,76583	-1
5,76650	-1
5,76717	-1
5,76783	-1
5,76850	-1
5,76917	-1
5,76983	-1
5,77050	-1
5,77117	-1
5,77183	-1
5,77250	-1
5,77317	-1
5,77383	-1
5,77450	-1
5,77517	-1
5,77583	-1
5,77650	-1
5,77717	-1
5,77783	-1
5,77850	-2
5,77917	-2
5,77983	-2
5,78050	-2
5,78117	-2
5,78183	-2
5,78250	-2
5,78317	-2
5,78383	-2
5,78450	-2
5,78517	-2
5,78583	-2
5,78650	-2
5,78717	-2
5,78783	-2
5,78850	-2
5,78917	-2
5,78983	-2
5,79050	-2
5,79117	-1
5,79183	-1
5,79250	-1
5,79317	-0
5,79383	0
5,79450	0
5,79517	0
5,79583	1
5,79650	1
5,79717	1
5,79783	1
5,79850	1
5,79917	1
5,79983	1
5,80050	1
5,80117	1
5,80183	1
5,80250	1
5,80317	1
5,80383	1
5,80450	1
5,80517	0
5,80583	0
5,80650	0
5,80717	0
5,80783	-0
5,80850	-0
5,80917	-1
5,80983	-1
5,81050	-1
5,81117	-1
5,81183	-2
5,81250	-2
5,81317	-2
5,81383	-2
5,81450	-2
5,81517	-2
5,81583	-2
5,81650	-2
5,81717	-2
5,81783	-2
5,81850	-2
5,81917	-2
5,81983	-2
5,82050	-2
5,82117	-2
5,82183	-2
5,82250	-2
5,82317	-2
5,82383	-2
5,82450	-2
5,82517	-1
5,82583	-1
5,82650	-1
5,82717	-1
5,82783	-1
5,82850	-1
5,82917	-1
5,82983	-1
5,83050	-1
5,83117	-0
5,83183	-0
5,83250	-0
5,83317	-1
5,83383	-1
5,83450	-1
5,83517	-1
5,83583	-0
5,83650	-0
5,83717	0
5,83783	0
5,83850	1
5,83917	1
5,83983	1
5,84050	1
5,84117	1
5,84183	1
5,84250	1
5,84317	1
5,84383	1
5,84450	1
5,84517	1
5,84583	1
5,84650	1
5,84717	1
5,84783	1
5,84850	1
5,84917	1
5,84983	1
5,85050	1
5,85117	1
5,85183	2
5,85250	2
5,85317	2
5,85383	2
5,85450	2
5,85517	1
5,85583	1
5,85650	1
5,85717	1
5,85783	1
5,85850	1
5,85917	1
5,85983	1
5,86050	1
5,86117	1
5,86183	1
5,86250	1
5,86317	2
5,86383	2
5,86450	2
5,86517	2
5,86583	2
5,86650	2
5,86717	2
5,86783	2
5,86850	2
5,86917	2
5,86983	2
5,87050	2
5,87117	2
5,87183	2
5,87250	2
5,87317	3
5,87383	3
5,87450	3
5,87517	3
5,87583	3
5,87650	3
5,87717	3
5,87783	3
5,87850	3
5,87917	3
5,87983	3
5,88050	3
5,88117	3
5,88183	3
5,88250	3
5,88317	3
5,88383	2
5,88450	2
5,88517	2
5,88583	1
5,88650	1
5,88717	1
5,88783	1
5,88850	0
5,88917	0
5,88983	0
5,89050	0
5,89117	0
5,89183	-0
5,89250	-0
5,89317	-1
5,89383	-1
5,89450	-1
5,89517	-1
5,89583	-2
5,89650	-2
5,89717	-2
5,89783	-2
5,89850	-1
5,89917	-1
5,89983	-1
5,90050	-1
5,90117	-1
5,90183	-1
5,90250	-0
5,90317	0
5,90383	0
5,90450	1
5,90517	1
5,90583	1
5,90650	1
5,90717	1
5,90783	2
5,90850	2
5,90917	2
5,90983	3
5,91050	3
5,91117	3
5,91183	3
5,91250	4
5,91317	4
5,91383	4
5,91450	4
5,91517	5
5,91583	5
5,91650	5
5,91717	5
5,91783	5
5,91850	6
5,91917	6
5,91983	6
5,92050	6
5,92117	6
5,92183	6
5,92250	6
5,92317	6
5,92383	7
5,92450	7
5,92517	8
5,92583	8
5,92650	8
5,92717	8
5,92783	8
5,92850	8
5,92917	8
5,92983	7
5,93050	7
5,93117	6
5,93183	6
5,93250	6
5,93317	5
5,93383	5
5,93450	5
5,93517	5
5,93583	4
5,93650	4
5,93717	4
5,93783	3
5,93850	3
5,93917	3
5,93983	3
5,94050	3
5,94117	3
5,94183	3
5,94250	3
5,94317	3
5,94383	3
5,94450	3
5,94517	3
5,94583	3
5,94650	3
5,94717	3
5,94783	3
5,94850	3
5,94917	3
5,94983	3
5,95050	3
5,95117	3
5,95183	3
5,95250	3
5,95317	2
5,95383	2
5,95450	2
5,95517	2
5,95583	2
5,95650	1
5,95717	1
5,95783	1
5,95850	1
5,95917	1
5,95983	1
5,96050	1
5,96117	1
5,96183	2
5,96250	2
5,96317	2
5,96383	3
5,96450	3
5,96517	3
5,96583	4
5,96650	4
5,96717	5
5,96783	5
5,96850	6
5,96917	6
5,96983	7
5,97050	7
5,97117	7
5,97183	8
5,97250	8
5,97317	9
5,97383	9
5,97450	10
5,97517	10
5,97583	11
5,97650	11
5,97717	12
5,97783	12
5,97850	13
5,97917	14
5,97983	14
5,98050	15
5,98117	16
5,98183	16
5,98250	17
5,98317	17
5,98383	18
5,98450	18
5,98517	19
5,98583	19
5,98650	19
5,98717	20
5,98783	20
5,98850	20
5,98917	20
5,98983	20
5,99050	19
5,99117	19
5,99183	18
5,99250	18
5,99317	18
5,99383	17
5,99450	17
5,99517	17
5,99583	16
5,99650	16
5,99717	15
5,99783	15
5,99850	14
5,99917	14
5,99983	13
6,00050	13
6,00117	12
6,00183	12
6,00250	12
6,00317	11
6,00383	11
6,00450	10
6,00517	10
6,00583	9
6,00650	9
6,00717	9
6,00783	8
6,00850	8
6,00917	7
6,00983	7
6,01050	7
6,01117	6
6,01183	6
6,01250	6
6,01317	5
6,01383	5
6,01450	5
6,01517	5
6,01583	4
6,01650	4
6,01717	3
6,01783	3
6,01850	2
6,01917	2
6,01983	1
6,02050	1
6,02117	1
6,02183	1
6,02250	1
6,02317	1
6,02383	1
6,02450	1
6,02517	1
6,02583	0
6,02650	0
6,02717	0
6,02783	-0
6,02850	-0
6,02917	-1
6,02983	-1
6,03050	-1
6,03117	-1
6,03183	-2
6,03250	-2
6,03317	-2
6,03383	-2
6,03450	-2
6,03517	-2
6,03583	-2
6,03650	-2
6,03717	-2
6,03783	-2
6,03850	-2
6,03917	-2
6,03983	-1
6,04050	-1
6,04117	-1
6,04183	-1
6,04250	-1
6,04317	-0
6,04383	-0
6,04450	0
6,04517	0
6,04583	0
6,04650	0
6,04717	1
6,04783	1
6,04850	1
6,04917	2
6,04983	2
6,05050	3
6,05117	4
6,05183	4
6,05250	5
6,05317	5
6,05383	5
6,05450	6
6,05517	6
6,05583	6
6,05650	6
6,05717	6
6,05783	7
6,05850	7
6,05917	6
6,05983	6
6,06050	6
6,06117	6
6,06183	6
6,06250	6
6,06317	6
6,06383	6
6,06450	6
6,06517	6
6,06583	6
6,06650	6
6,06717	5
6,06783	5
6,06850	5
6,06917	5
6,06983	5
6,07050	5
6,07117	5
6,07183	5
6,07250	5
6,07317	5
6,07383	5
6,07450	5
6,07517	5
6,07583	5
6,07650	4
6,07717	4
6,07783	4
6,07850	3
6,07917	3
6,07983	3
6,08050	3
6,08117	2
6,08183	2
6,08250	2
6,08317	2
6,08383	2
6,08450	2
6,08517	2
6,08583	2
6,08650	2
6,08717	2
6,08783	1
6,08850	1
6,08917	1
6,08983	1
6,09050	1
6,09117	1
6,09183	1
6,09250	1
6,09317	1
6,09383	1
6,09450	1
6,09517	1
6,09583	0
6,09650	0
6,09717	-0
6,09783	-1
6,09850	-1
6,09917	-1
6,09983	-1
6,10050	-1
6,10117	-1
6,10183	-1
6,10250	-1
6,10317	-1
6,10383	-1
6,10450	-1
6,10517	-0
6,10583	-0
6,10650	0
6,10717	0
6,10783	0
6,10850	1
6,10917	1
6,10983	1
6,11050	1
6,11117	2
6,11183	2
6,11250	2
6,11317	3
6,11383	3
6,11450	3
6,11517	4
6,11583	4
6,11650	4
6,11717	4
6,11783	4
6,11850	4
6,11917	4
6,11983	4
6,12050	3
6,12117	3
6,12183	3
6,12250	2
6,12317	2
6,12383	2
6,12450	2
6,12517	2
6,12583	2
6,12650	2
6,12717	2
6,12783	2
6,12850	2
6,12917	2
6,12983	1
6,13050	1
6,13117	1
6,13183	0
6,13250	0
6,13317	0
6,13383	0
6,13450	0
6,13517	0
6,13583	-0
6,13650	-0
6,13717	-1
6,13783	-1
6,13850	-1
6,13917	-1
6,13983	-1
6,14050	-1
6,14117	-2
6,14183	-2
6,14250	-2
6,14317	-2
6,14383	-2
6,14450	-2
6,14517	-2
6,14583	-2
6,14650	-2
6,14717	-2
6,14783	-2
6,14850	-2
6,14917	-2
6,14983	-2
6,15050	-2
6,15117	-2
6,15183	-2
6,15250	-2
6,15317	-3
6,15383	-3
6,15450	-3
6,15517	-3
6,15583	-3
6,15650	-3
6,15717	-3
6,15783	-3
6,15850	-2
6,15917	-2
6,15983	-2
6,16050	-3
6,16117	-3
6,16183	-3
6,16250	-3
6,16317	-3
6,16383	-3
6,16450	-3
6,16517	-3
6,16583	-3
6,16650	-3
6,16717	-2
6,16783	-2
6,16850	-2
6,16917	-2
6,16983	-2
6,17050	-2
6,17117	-2
6,17183	-1
6,17250	-1
6,17317	-1
6,17383	-1
6,17450	-1
6,17517	-1
6,17583	-1
6,17650	-1
6,17717	-1
6,17783	-1
6,17850	-1
6,17917	-2
6,17983	-2
6,18050	-2
6,18117	-2
6,18183	-2
6,18250	-2
6,18317	-2
6,18383	-2
6,18450	-2
6,18517	-2
6,18583	-2
6,18650	-2
6,18717	-2
6,18783	-2
6,18850	-2
6,18917	-2
6,18983	-2
6,19050	-2
6,19117	-2
6,19183	-2
6,19250	-2
6,19317	-2
6,19383	-2
6,19450	-2
6,19517	-2
6,19583	-2
6,19650	-3
6,19717	-3
6,19783	-3
6,19850	-3
6,19917	-2
6,19983	-2
6,20050	-2
6,20117	-2
6,20183	-2
6,20250	-2
6,20317	-2
6,20383	-2
6,20450	-2
6,20517	-2
6,20583	-2
6,20650	-2
6,20717	-2
6,20783	-2
6,20850	-1
6,20917	-1
6,20983	-1
6,21050	-1
6,21117	-0
6,21183	0
6,21250	1
6,21317	1
6,21383	1
6,21450	2
6,21517	2
6,21583	2
6,21650	2
6,21717	3
6,21783	3
6,21850	3
6,21917	3
6,21983	3
6,22050	3
6,22117	3
6,22183	3
6,22250	3
6,22317	3
6,22383	3
6,22450	3
6,22517	3
6,22583	3
6,22650	3
6,22717	4
6,22783	4
6,22850	4
6,22917	4
6,22983	4
6,23050	4
6,23117	4
6,23183	4
6,23250	5
6,23317	4
6,23383	4
6,23450	4
6,23517	4
6,23583	4
6,23650	3
6,23717	3
6,23783	3
6,23850	3
6,23917	3
6,23983	3
6,24050	3
6,24117	2
6,24183	2
6,24250	2
6,24317	2
6,24383	2
6,24450	1
6,24517	1
6,24583	1
6,24650	1
6,24717	1
6,24783	1
6,24850	1
6,24917	1
6,24983	1
6,25050	1
6,25117	1
6,25183	1
6,25250	1
6,25317	1
6,25383	1
6,25450	1
6,25517	1
6,25583	1
6,25650	1
6,25717	1
6,25783	1
6,25850	0
6,25917	0
6,25983	0
6,26050	0
6,26117	-0
6,26183	-0
6,26250	-1
6,26317	-1
6,26383	-0
6,26450	-0
6,26517	-0
6,26583	-0
6,26650	-0
6,26717	-0
6,26783	-0
6,26850	-0
6,26917	-0
6,26983	-0
6,27050	-0
6,27117	-0
6,27183	-0
6,27250	-0
6,27317	-1
6,27383	-1
6,27450	-1
6,27517	-1
6,27583	-1
6,27650	-1
6,27717	-1
6,27783	-2
6,27850	-2
6,27917	-2
6,27983	-2
6,28050	-2
6,28117	-3
6,28183	-3
6,28250	-3
6,28317	-3
6,28383	-4
6,28450	-4
6,28517	-4
6,28583	-4
6,28650	-4
6,28717	-4
6,28783	-4
6,28850	-5
6,28917	-5
6,28983	-5
6,29050	-5
6,29117	-5
6,29183	-5
6,29250	-5
6,29317	-4
6,29383	-4
6,29450	-4
6,29517	-3
6,29583	-3
6,29650	-3
6,29717	-2
6,29783	-2
6,29850	-2
6,29917	-1
6,29983	-1
6,30050	-1
6,30117	-0
6,30183	0
6,30250	0
6,30317	1
6,30383	1
6,30450	1
6,30517	1
6,30583	2
6,30650	2
6,30717	2
6,30783	2
6,30850	2
6,30917	2
6,30983	1
6,31050	1
6,31117	1
6,31183	1
6,31250	1
6,31317	1
6,31383	1
6,31450	1
6,31517	1
6,31583	1
6,31650	1
6,31717	1
6,31783	0
6,31850	0
6,31917	0
6,31983	0
6,32050	0
6,32117	-0
6,32183	-0
6,32250	-1
6,32317	-1
6,32383	-1
6,32450	-1
6,32517	-1
6,32583	-1
6,32650	-1
6,32717	-2
6,32783	-2
6,32850	-2
6,32917	-1
6,32983	-1
6,33050	-1
6,33117	-1
6,33183	-2
6,33250	-2
6,33317	-2
6,33383	-2
6,33450	-2
6,33517	-2
6,33583	-2
6,33650	-3
6,33717	-3
6,33783	-4
6,33850	-4
6,33917	-4
6,33983	-4
6,34050	-5
6,34117	-5
6,34183	-5
6,34250	-5
6,34317	-5
6,34383	-5
6,34450	-5
6,34517	-5
6,34583	-5
6,34650	-5
6,34717	-5
6,34783	-5
6,34850	-5
6,34917	-5
6,34983	-5
6,35050	-5
6,35117	-5
6,35183	-5
6,35250	-4
6,35317	-5
6,35383	-5
6,35450	-5
6,35517	-5
6,35583	-5
6,35650	-5
6,35717	-5
6,35783	-5
6,35850	-5
6,35917	-5
6,35983	-5
6,36050	-6
6,36117	-6
6,36183	-6
6,36250	-6
6,36317	-7
6,36383	-7
6,36450	-7
6,36517	-7
6,36583	-7
6,36650	-7
6,36717	-7
6,36783	-7
6,36850	-7
6,36917	-7
6,36983	-7
6,37050	-6
6,37117	-6
6,37183	-6
6,37250	-5
6,37317	-5
6,37383	-5
6,37450	-5
6,37517	-4
6,37583	-4
6,37650	-4
6,37717	-4
6,37783	-4
6,37850	-4
6,37917	-4
6,37983	-3
6,38050	-3
6,38117	-3
6,38183	-3
6,38250	-3
6,38317	-3
6,38383	-3
6,38450	-3
6,38517	-3
6,38583	-3
6,38650	-3
6,38717	-3
6,38783	-3
6,38850	-3
6,38917	-3
6,38983	-3
6,39050	-3
6,39117	-3
6,39183	-2
6,39250	-2
6,39317	-2
6,39383	-3
6,39450	-3
6,39517	-3
6,39583	-3
6,39650	-3
6,39717	-3
6,39783	-3
6,39850	-3
6,39917	-3
6,39983	-3
6,40050	-2
6,40117	-2
6,40183	-2
6,40250	-2
6,40317	-1
6,40383	-1
6,40450	-1
6,40517	-1
6,40583	-2
6,40650	-2
6,40717	-2
6,40783	-2
6,40850	-2
6,40917	-2
6,40983	-3
6,41050	-3
6,41117	-3
6,41183	-3
6,41250	-3
6,41317	-4
6,41383	-4
6,41450	-4
6,41517	-4
6,41583	-4
6,41650	-4
6,41717	-4
6,41783	-4
6,41850	-5
6,41917	-5
6,41983	-5
6,42050	-6
6,42117	-6
6,42183	-6
6,42250	-6
6,42317	-6
6,42383	-6
6,42450	-5
6,42517	-5
6,42583	-5
6,42650	-4
6,42717	-4
6,42783	-4
6,42850	-4
6,42917	-4
6,42983	-4
6,43050	-4
6,43117	-4
6,43183	-4
6,43250	-4
6,43317	-4
6,43383	-4
6,43450	-4
6,43517	-4
6,43583	-4
6,43650	-4
6,43717	-3
6,43783	-3
6,43850	-3
6,43917	-3
6,43983	-3
6,44050	-3
6,44117	-3
6,44183	-2
6,44250	-3
6,44317	-3
6,44383	-3
6,44450	-3
6,44517	-3
6,44583	-3
6,44650	-3
6,44717	-3
6,44783	-3
6,44850	-3
6,44917	-2
6,44983	-2
6,45050	-2
6,45117	-2
6,45183	-2
6,45250	-2
6,45317	-2
6,45383	-1
6,45450	-1
6,45517	-1
6,45583	-1
6,45650	-1
6,45717	-1
6,45783	-1
6,45850	-1
6,45917	-2
6,45983	-2
6,46050	-2
6,46117	-2
6,46183	-2
6,46250	-2
6,46317	-2
6,46383	-2
6,46450	-2
6,46517	-3
6,46583	-3
6,46650	-3
6,46717	-3
6,46783	-3
6,46850	-3
6,46917	-3
6,46983	-3
6,47050	-3
6,47117	-3
6,47183	-2
6,47250	-2
6,47317	-2
6,47383	-2
6,47450	-2
6,47517	-1
6,47583	-1
6,47650	-1
6,47717	-1
6,47783	-0
6,47850	0
6,47917	0
6,47983	1
6,48050	1
6,48117	1
6,48183	1
6,48250	1
6,48317	1
6,48383	1
6,48450	1
6,48517	1
6,48583	1
6,48650	1
6,48717	1
6,48783	1
6,48850	0
6,48917	0
6,48983	0
6,49050	0
6,49117	0
6,49183	0
6,49250	-0
6,49317	-0
6,49383	-0
6,49450	-1
6,49517	-1
6,49583	-1
6,49650	-1
6,49717	-1
6,49783	-1
6,49850	-1
6,49917	-1
6,49983	-1
6,50050	-1
6,50117	-1
6,50183	-1
6,50250	-1
6,50317	-1
6,50383	-1
6,50450	-0
6,50517	-0
6,50583	-0
6,50650	-1
6,50717	-1
6,50783	-1
6,50850	-1
6,50917	-1
6,50983	-1
6,51050	-1
6,51117	-1
6,51183	-1
6,51250	-1
6,51317	-1
6,51383	-1
6,51450	-1
6,51517	-1
6,51583	-1
6,51650	-1
6,51717	-1
6,51783	-1
6,51850	-1
6,51917	-1
6,51983	-0
6,52050	-0
6,52117	-0
6,52183	-0
6,52250	-0
6,52317	-0
6,52383	-0
6,52450	-0
6,52517	-0
6,52583	-0
6,52650	-1
6,52717	-1
6,52783	-1
6,52850	-1
6,52917	-1
6,52983	-1
6,53050	-1
6,53117	-1
6,53183	-0
6,53250	-0
6,53317	-0
6,53383	-0
6,53450	-0
6,53517	-1
6,53583	-1
6,53650	-1
6,53717	-1
6,53783	-1
6,53850	-1
6,53917	-1
6,53983	-1
6,54050	-0
6,54117	-0
6,54183	-0
6,54250	0
6,54317	0
6,54383	0
6,54450	0
6,54517	-0
6,54583	-0
6,54650	-1
6,54717	-1
6,54783	-1
6,54850	-1
6,54917	-2
6,54983	-2
6,55050	-2
6,55117	-2
6,55183	-2
6,55250	-1
6,55317	-1
6,55383	-1
6,55450	-1
6,55517	-2
6,55583	-2
6,55650	-2
6,55717	-2
6,55783	-3
6,55850	-3
6,55917	-3
6,55983	-3
6,56050	-4
6,56117	-4
6,56183	-3
6,56250	-3
6,56317	-3
6,56383	-3
6,56450	-3
6,56517	-3
6,56583	-3
6,56650	-2
6,56717	-2
6,56783	-2
6,56850	-2
6,56917	-2
6,56983	-2
6,57050	-2
6,57117	-1
6,57183	-1
6,57250	-1
6,57317	-1
6,57383	-1
6,57450	-1
6,57517	-1
6,57583	-0
6,57650	-0
6,57717	-0
6,57783	-0
6,57850	-0
6,57917	-0
6,57983	0
6,58050	1
6,58117	1
6,58183	1
6,58250	2
6,58317	2
6,58383	3
6,58450	3
6,58517	4
6,58583	4
6,58650	4
6,58717	4
6,58783	4
6,58850	4
6,58917	4
6,58983	4
6,59050	4
6,59117	4
6,59183	4
6,59250	4
6,59317	4
6,59383	4
6,59450	4
6,59517	3
6,59583	3
6,59650	3
6,59717	3
6,59783	2
6,59850	2
6,59917	1
6,59983	1
6,60050	0
6,60117	0
6,60183	-1
6,60250	-1
6,60317	-1
6,60383	-2
6,60450	-2
6,60517	-2
6,60583	-2
6,60650	-2
6,60717	-2
6,60783	-2
6,60850	-2
6,60917	-2
6,60983	-2
6,61050	-3
6,61117	-3
6,61183	-3
6,61250	-3
6,61317	-3
6,61383	-3
6,61450	-3
6,61517	-3
6,61583	-3
6,61650	-3
6,61717	-3
6,61783	-3
6,61850	-4
6,61917	-4
6,61983	-4
6,62050	-4
6,62117	-4
6,62183	-4
6,62250	-5
6,62317	-5
6,62383	-5
6,62450	-5
6,62517	-4
6,62583	-4
6,62650	-4
6,62717	-4
6,62783	-4
6,62850	-4
6,62917	-4
6,62983	-3
6,63050	-3
6,63117	-3
6,63183	-3
6,63250	-3
6,63317	-2
6,63383	-2
6,63450	-1
6,63517	-1
6,63583	-1
6,63650	-0
6,63717	0
6,63783	1
6,63850	1
6,63917	1
6,63983	2
6,64050	2
6,64117	2
6,64183	2
6,64250	3
6,64317	3
6,64383	3
6,64450	3
6,64517	3
6,64583	3
6,64650	3
6,64717	3
6,64783	3
6,64850	3
6,64917	4
6,64983	4
6,65050	4
6,65117	4
6,65183	4
6,65250	4
6,65317	5
6,65383	5
6,65450	5
6,65517	4
6,65583	4
6,65650	4
6,65717	4
6,65783	4
6,65850	4
6,65917	5
6,65983	5
6,66050	5
6,66117	5
6,66183	5
6,66250	5
6,66317	5
6,66383	4
6,66450	4
6,66517	4
6,66583	4
6,66650	3
6,66717	3
6,66783	3
6,66850	3
6,66917	3
6,66983	3
6,67050	3
6,67117	3
6,67183	2
6,67250	2
6,67317	2
6,67383	2
6,67450	2
6,67517	2
6,67583	2
6,67650	2
6,67717	2
6,67783	3
6,67850	3
6,67917	3
6,67983	3
6,68050	3
6,68117	4
6,68183	4
6,68250	4
6,68317	4
6,68383	4
6,68450	4
6,68517	4
6,68583	4
6,68650	4
6,68717	5
6,68783	5
6,68850	5
6,68917	5
6,68983	5
6,69050	6
6,69117	6
6,69183	6
6,69250	6
6,69317	6
6,69383	6
6,69450	6
6,69517	6
6,69583	6
6,69650	6
6,69717	6
6,69783	5
6,69850	5
6,69917	5
6,69983	5
6,70050	5
6,70117	5
6,70183	5
6,70250	5
6,70317	5
6,70383	5
6,70450	5
6,70517	5
6,70583	4
6,70650	4
6,70717	4
6,70783	4
6,70850	4
6,70917	4
6,70983	4
6,71050	4
6,71117	5
6,71183	5
6,71250	5
6,71317	5
6,71383	5
6,71450	5
6,71517	5
6,71583	5
6,71650	5
6,71717	5
6,71783	5
6,71850	5
6,71917	5
6,71983	4
6,72050	4
6,72117	4
6,72183	4
6,72250	4
6,72317	4
6,72383	3
6,72450	3
6,72517	3
6,72583	3
6,72650	3
6,72717	2
6,72783	2
6,72850	2
6,72917	2
6,72983	2
6,73050	2
6,73117	2
6,73183	2
6,73250	2
6,73317	3
6,73383	3
6,73450	3
6,73517	3
6,73583	4
6,73650	4
6,73717	4
6,73783	4
6,73850	4
6,73917	4
6,73983	5
6,74050	5
6,74117	5
6,74183	5
6,74250	5
6,74317	6
6,74383	6
6,74450	6
6,74517	7
6,74583	7
6,74650	7
6,74717	8
6,74783	8
6,74850	8
6,74917	8
6,74983	8
6,75050	8
6,75117	7
6,75183	7
6,75250	7
6,75317	7
6,75383	7
6,75450	7
6,75517	7
6,75583	7
6,75650	7
6,75717	7
6,75783	7
6,75850	7
6,75917	7
6,75983	7
6,76050	7
6,76117	7
6,76183	6
6,76250	6
6,76317	6
6,76383	7
6,76450	7
6,76517	7
6,76583	6
6,76650	6
6,76717	6
6,76783	6
6,76850	6
6,76917	5
6,76983	5
6,77050	4
6,77117	4
6,77183	4
6,77250	3
6,77317	3
6,77383	3
6,77450	3
6,77517	3
6,77583	3
6,77650	2
6,77717	2
6,77783	2
6,77850	2
6,77917	1
6,77983	1
6,78050	1
6,78117	1
6,78183	1
6,78250	0
6,78317	0
6,78383	0
6,78450	-0
6,78517	-0
6,78583	-1
6,78650	-1
6,78717	-1
6,78783	-1
6,78850	-1
6,78917	-2
6,78983	-2
6,79050	-2
6,79117	-2
6,79183	-2
6,79250	-2
6,79317	-2
6,79383	-1
6,79450	-1
6,79517	-1
6,79583	-1
6,79650	-1
6,79717	-1
6,79783	-1
6,79850	-1
6,79917	-1
6,79983	-1
6,80050	-1
6,80117	-1
6,80183	-1
6,80250	-1
6,80317	-1
6,80383	-1
6,80450	-1
6,80517	-1
6,80583	-1
6,80650	-1
6,80717	-1
6,80783	-1
6,80850	-1
6,80917	-1
6,80983	-1
6,81050	-1
6,81117	-1
6,81183	-1
6,81250	-1
6,81317	-2
6,81383	-2
6,81450	-2
6,81517	-2
6,81583	-2
6,81650	-2
6,81717	-2
6,81783	-2
6,81850	-2
6,81917	-2
6,81983	-2
6,82050	-2
6,82117	-2
6,82183	-2
6,82250	-2
6,82317	-2
6,82383	-2
6,82450	-2
6,82517	-2
6,82583	-2
6,82650	-2
6,82717	-2
6,82783	-2
6,82850	-2
6,82917	-2
6,82983	-2
6,83050	-2
6,83117	-2
6,83183	-2
6,83250	-1
6,83317	-1
6,83383	-1
6,83450	-1
6,83517	-1
6,83583	-1
6,83650	-1
6,83717	-1
6,83783	-1
6,83850	-1
6,83917	-1
6,83983	-1
6,84050	-0
6,84117	-0
6,84183	0
6,84250	0
6,84317	0
6,84383	0
6,84450	1
6,84517	1
6,84583	1
6,84650	1
6,84717	1
6,84783	1
6,84850	1
6,84917	1
6,84983	2
6,85050	2
6,85117	2
6,85183	2
6,85250	2
6,85317	2
6,85383	2
6,85450	2
6,85517	2
6,85583	2
6,85650	2
6,85717	2
6,85783	1
6,85850	1
6,85917	1
6,85983	1
6,86050	1
6,86117	1
6,86183	1
6,86250	1
6,86317	1
6,86383	1
6,86450	1
6,86517	1
6,86583	1
6,86650	1
6,86717	1
6,86783	1
6,86850	1
6,86917	1
6,86983	1
6,87050	1
6,87117	1
6,87183	1
6,87250	1
6,87317	1
6,87383	1
6,87450	2
6,87517	2
6,87583	2
6,87650	2
6,87717	2
6,87783	2
6,87850	2
6,87917	2
6,87983	2
6,88050	2
6,88117	3
6,88183	3
6,88250	3
6,88317	3
6,88383	3
6,88450	3
6,88517	3
6,88583	3
6,88650	3
6,88717	3
6,88783	4
6,88850	4
6,88917	4
6,88983	4
6,89050	5
6,89117	5
6,89183	5
6,89250	6
6,89317	6
6,89383	7
6,89450	7
6,89517	8
6,89583	8
6,89650	9
6,89717	9
6,89783	10
6,89850	10
6,89917	11
6,89983	12
6,90050	12
6,90117	13
6,90183	14
6,90250	15
6,90317	15
6,90383	16
6,90450	17
6,90517	18
6,90583	20
6,90650	21
6,90717	22
6,90783	23
6,90850	24
6,90917	25
6,90983	26
6,91050	27
6,91117	28
6,91183	29
6,91250	29
6,91317	30
6,91383	31
6,91450	32
6,91517	33
6,91583	34
6,91650	35
6,91717	36
6,91783	37
6,91850	38
6,91917	39
6,91983	39
6,92050	40
6,92117	41
6,92183	41
6,92250	42
6,92317	42
6,92383	43
6,92450	44
6,92517	45
6,92583	45
6,92650	46
6,92717	47
6,92783	47
6,92850	48
6,92917	49
6,92983	49
6,93050	50
6,93117	50
6,93183	51
6,93250	51
6,93317	51
6,93383	52
6,93450	52
6,93517	53
6,93583	54
6,93650	54
6,93717	55
6,93783	55
6,93850	55
6,93917	56
6,93983	56
6,94050	56
6,94117	56
6,94183	56
6,94250	56
6,94317	57
6,94383	57
6,94450	57
6,94517	57
6,94583	57
6,94650	57
6,94717	57
6,94783	57
6,94850	57
6,94917	57
6,94983	57
6,95050	57
6,95117	58
6,95183	58
6,95250	58
6,95317	58
6,95383	58
6,95450	58
6,95517	58
6,95583	58
6,95650	59
6,95717	59
6,95783	59
6,95850	59
6,95917	59
6,95983	59
6,96050	59
6,96117	60
6,96183	60
6,96250	60
6,96317	60
6,96383	60
6,96450	60
6,96517	61
6,96583	61
6,96650	61
6,96717	61
6,96783	61
6,96850	61
6,96917	61
6,96983	61
6,97050	61
6,97117	62
6,97183	62
6,97250	62
6,97317	62
6,97383	62
6,97450	62
6,97517	62
6,97583	62
6,97650	62
6,97717	62
6,97783	61
6,97850	61
6,97917	60
6,97983	60
6,98050	59
6,98117	59
6,98183	58
6,98250	58
6,98317	57
6,98383	57
6,98450	56
6,98517	56
6,98583	56
6,98650	55
6,98717	55
6,98783	55
6,98850	55
6,98917	55
6,98983	55
6,99050	55
6,99117	55
6,99183	55
6,99250	55
6,99317	55
6,99383	55
6,99450	55
6,99517	55
6,99583	55
6,99650	55
6,99717	56
6,99783	56
6,99850	56
6,99917	56
6,99983	56
7,00050	57
7,00117	57
7,00183	57
7,00250	58
7,00317	58
7,00383	59
7,00450	59
7,00517	60
7,00583	61
7,00650	61
7,00717	62
7,00783	63
7,00850	64
7,00917	64
7,00983	65
7,01050	66
7,01117	67
7,01183	67
7,01250	68
7,01317	68
7,01383	69
7,01450	69
7,01517	69
7,01583	69
7,01650	69
7,01717	69
7,01783	69
7,01850	69
7,01917	69
7,01983	69
7,02050	69
7,02117	69
7,02183	68
7,02250	68
7,02317	67
7,02383	67
7,02450	66
7,02517	65
7,02583	65
7,02650	64
7,02717	63
7,02783	62
7,02850	61
7,02917	61
7,02983	60
7,03050	59
7,03117	58
7,03183	58
7,03250	57
7,03317	56
7,03383	56
7,03450	55
7,03517	55
7,03583	54
7,03650	53
7,03717	53
7,03783	52
7,03850	52
7,03917	51
7,03983	51
7,04050	50
7,04117	50
7,04183	49
7,04250	49
7,04317	48
7,04383	48
7,04450	47
7,04517	47
7,04583	47
7,04650	46
7,04717	46
7,04783	45
7,04850	44
7,04917	44
7,04983	44
7,05050	43
7,05117	43
7,05183	43
7,05250	43
7,05317	43
7,05383	43
7,05450	43
7,05517	43
7,05583	43
7,05650	43
7,05717	43
7,05783	43
7,05850	43
7,05917	42
7,05983	42
7,06050	42
7,06117	42
7,06183	42
7,06250	42
7,06317	41
7,06383	41
7,06450	41
7,06517	41
7,06583	41
7,06650	40
7,06717	40
7,06783	40
7,06850	39
7,06917	39
7,06983	39
7,07050	39
7,07117	38
7,07183	38
7,07250	37
7,07317	37
7,07383	36
7,07450	36
7,07517	36
7,07583	35
7,07650	35
7,07717	35
7,07783	34
7,07850	34
7,07917	33
7,07983	33
7,08050	33
7,08117	33
7,08183	33
7,08250	33
7,08317	33
7,08383	33
7,08450	33
7,08517	33
7,08583	33
7,08650	33
7,08717	32
7,08783	32
7,08850	32
7,08917	32
7,08983	31
7,09050	31
7,09117	31
7,09183	31
7,09250	31
7,09317	31
7,09383	31
7,09450	31
7,09517	31
7,09583	31
7,09650	31
7,09717	31
7,09783	31
7,09850	31
7,09917	31
7,09983	31
7,10050	30
7,10117	30
7,10183	30
7,10250	29
7,10317	29
7,10383	28
7,10450	28
7,10517	28
7,10583	28
7,10650	28
7,10717	28
7,10783	28
7,10850	28
7,10917	28
7,10983	28
7,11050	28
7,11117	28
7,11183	28
7,11250	28
7,11317	27
7,11383	27
7,11450	27
7,11517	27
7,11583	27
7,11650	27
7,11717	27
7,11783	27
7,11850	27
7,11917	26
7,11983	26
7,12050	26
7,12117	26
7,12183	25
7,12250	25
7,12317	25
7,12383	25
7,12450	24
7,12517	24
7,12583	24
7,12650	24
7,12717	24
7,12783	24
7,12850	23
7,12917	23
7,12983	23
7,13050	23
7,13117	23
7,13183	23
7,13250	23
7,13317	22
7,13383	22
7,13450	22
7,13517	22
7,13583	21
7,13650	21
7,13717	21
7,13783	20
7,13850	20
7,13917	19
7,13983	19
7,14050	18
7,14117	18
7,14183	17
7,14250	17
7,14317	16
7,14383	16
7,14450	16
7,14517	16
7,14583	15
7,14650	15
7,14717	15
7,14783	15
7,14850	14
7,14917	14
7,14983	14
7,15050	14
7,15117	14
7,15183	13
7,15250	13
7,15317	13
7,15383	13
7,15450	13
7,15517	13
7,15583	13
7,15650	13
7,15717	13
7,15783	13
7,15850	14
7,15917	14
7,15983	14
7,16050	14
7,16117	14
7,16183	14
7,16250	14
7,16317	13
7,16383	13
7,16450	13
7,16517	13
7,16583	13
7,16650	13
7,16717	13
7,16783	12
7,16850	12
7,16917	12
7,16983	12
7,17050	12
7,17117	12
7,17183	12
7,17250	12
7,17317	12
7,17383	12
7,17450	12
7,17517	11
7,17583	11
7,17650	11
7,17717	11
7,17783	11
7,17850	11
7,17917	11
7,17983	11
7,18050	11
7,18117	11
7,18183	11
7,18250	11
7,18317	11
7,18383	11
7,18450	12
7,18517	12
7,18583	12
7,18650	12
7,18717	12
7,18783	12
7,18850	11
7,18917	11
7,18983	11
7,19050	11
7,19117	11
7,19183	11
7,19250	11
7,19317	10
7,19383	10
7,19450	10
7,19517	10
7,19583	10
7,19650	9
7,19717	9
7,19783	9
7,19850	9
7,19917	9
7,19983	9
7,20050	9
7,20117	9
7,20183	9
7,20250	9
7,20317	9
7,20383	8
7,20450	8
7,20517	8
7,20583	8
7,20650	8
7,20717	8
7,20783	8
7,20850	7
7,20917	7
7,20983	7
7,21050	6
7,21117	6
7,21183	6
7,21250	6
7,21317	6
7,21383	6
7,21450	6
7,21517	6
7,21583	6
7,21650	6
7,21717	6
7,21783	6
7,21850	6
7,21917	6
7,21983	6
7,22050	6
7,22117	6
7,22183	6
7,22250	6
7,22317	6
7,22383	6
7,22450	7
7,22517	7
7,22583	7
7,22650	7
7,22717	7
7,22783	7
7,22850	7
7,22917	7
7,22983	7
7,23050	7
7,23117	6
7,23183	6
7,23250	6
7,23317	6
7,23383	6
7,23450	6
7,23517	6
7,23583	6
7,23650	6
7,23717	6
7,23783	6
7,23850	6
7,23917	6
7,23983	6
7,24050	6
7,24117	6
7,24183	5
7,24250	5
7,24317	5
7,24383	5
7,24450	5
7,24517	5
7,24583	5
7,24650	5
7,24717	5
7,24783	5
7,24850	5
7,24917	5
7,24983	5
7,25050	4
7,25117	4
7,25183	4
7,25250	4
7,25317	4
7,25383	4
7,25450	4
7,25517	4
7,25583	4
7,25650	5
7,25717	5
7,25783	5
7,25850	5
7,25917	5
7,25983	5
7,26050	5
7,26117	5
7,26183	6
7,26250	6
7,26317	6
7,26383	7
7,26450	7
7,26517	8
7,26583	8
7,26650	9
7,26717	9
7,26783	9
7,26850	9
7,26917	9
7,26983	10
7,27050	10
7,27117	10
7,27183	9
7,27250	9
7,27317	9
7,27383	9
7,27450	9
7,27517	9
7,27583	9
7,27650	9
7,27717	8
7,27783	8
7,27850	8
7,27917	8
7,27983	8
7,28050	8
7,28117	8
7,28183	7
7,28250	7
7,28317	7
7,28383	7
7,28450	7
7,28517	7
7,28583	7
7,28650	7
7,28717	6
7,28783	6
7,28850	6
7,28917	6
7,28983	6
7,29050	6
7,29117	7
7,29183	7
7,29250	7
7,29317	6
7,29383	6
7,29450	6
7,29517	6
7,29583	6
7,29650	6
7,29717	6
7,29783	6
7,29850	6
7,29917	6
7,29983	6
7,30050	6
7,30117	6
7,30183	6
7,30250	6
7,30317	6
7,30383	6
7,30450	6
7,30517	6
7,30583	6
7,30650	6
7,30717	6
7,30783	6
7,30850	6
7,30917	6
7,30983	6
7,31050	5
7,31117	5
7,31183	5
7,31250	5
7,31317	5
7,31383	4
7,31450	4
7,31517	4
7,31583	4
7,31650	4
7,31717	4
7,31783	5
7,31850	5
7,31917	5
7,31983	6
7,32050	6
7,32117	6
7,32183	7
7,32250	7
7,32317	7
7,32383	7
7,32450	8
7,32517	8
7,32583	8
7,32650	8
7,32717	8
7,32783	8
7,32850	8
7,32917	8
7,32983	8
7,33050	8
7,33117	8
7,33183	8
7,33250	8
7,33317	8
7,33383	8
7,33450	8
7,33517	8
7,33583	8
7,33650	8
7,33717	8
7,33783	8
7,33850	9
7,33917	9
7,33983	9
7,34050	9
7,34117	9
7,34183	9
7,34250	9
7,34317	9
7,34383	8
7,34450	8
7,34517	8
7,34583	8
7,34650	8
7,34717	7
7,34783	7
7,34850	7
7,34917	7
7,34983	6
7,35050	6
7,35117	6
7,35183	6
7,35250	7
7,35317	7
7,35383	7
7,35450	7
7,35517	7
7,35583	6
7,35650	6
7,35717	6
7,35783	6
7,35850	6
7,35917	5
7,35983	5
7,36050	5
7,36117	5
7,36183	4
7,36250	4
7,36317	4
7,36383	4
7,36450	4
7,36517	4
7,36583	4
7,36650	4
7,36717	4
7,36783	4
7,36850	4
7,36917	4
7,36983	4
7,37050	4
7,37117	4
7,37183	5
7,37250	5
7,37317	5
7,37383	5
7,37450	5
7,37517	5
7,37583	5
7,37650	5
7,37717	5
7,37783	5
7,37850	5
7,37917	5
7,37983	5
7,38050	5
7,38117	5
7,38183	5
7,38250	5
7,38317	5
7,38383	5
7,38450	5
7,38517	5
7,38583	5
7,38650	5
7,38717	5
7,38783	5
7,38850	5
7,38917	4
7,38983	4
7,39050	4
7,39117	4
7,39183	4
7,39250	4
7,39317	4
7,39383	4
7,39450	4
7,39517	4
7,39583	4
7,39650	4
7,39717	4
7,39783	4
7,39850	4
7,39917	4
7,39983	4
7,40050	4
7,40117	4
7,40183	4
7,40250	4
7,40317	4
7,40383	4
7,40450	4
7,40517	4
7,40583	4
7,40650	4
7,40717	4
7,40783	4
7,40850	4
7,40917	4
7,40983	4
7,41050	4
7,41117	4
7,41183	4
7,41250	4
7,41317	4
7,41383	4
7,41450	4
7,41517	4
7,41583	4
7,41650	4
7,41717	4
7,41783	4
7,41850	4
7,41917	4
7,41983	4
7,42050	3
7,42117	3
7,42183	3
7,42250	3
7,42317	3
7,42383	3
7,42450	3
7,42517	3
7,42583	3
7,42650	3
7,42717	3
7,42783	3
7,42850	3
7,42917	3
7,42983	3
7,43050	3
7,43117	3
7,43183	3
7,43250	3
7,43317	3
7,43383	3
7,43450	3
7,43517	3
7,43583	3
7,43650	3
7,43717	3
7,43783	3
7,43850	3
7,43917	3
7,43983	3
7,44050	3
7,44117	2
7,44183	3
7,44250	3
7,44317	3
7,44383	3
7,44450	3
7,44517	3
7,44583	3
7,44650	3
7,44717	3
7,44783	3
7,44850	3
7,44917	4
7,44983	4
7,45050	4
7,45117	4
7,45183	4
7,45250	4
7,45317	4
7,45383	4
7,45450	4
7,45517	4
7,45583	4
7,45650	4
7,45717	4
7,45783	4
7,45850	4
7,45917	4
7,45983	4
7,46050	4
7,46117	4
7,46183	4
7,46250	4
7,46317	4
7,46383	4
7,46450	4
7,46517	4
7,46583	4
7,46650	4
7,46717	4
7,46783	5
7,46850	5
7,46917	5
7,46983	5
7,47050	5
7,47117	5
7,47183	6
7,47250	6
7,47317	6
7,47383	6
7,47450	6
7,47517	6
7,47583	6
7,47650	7
7,47717	7
7,47783	8
7,47850	9
7,47917	11
7,47983	14
7,48050	19
7,48117	25
7,48183	34
7,48250	48
7,48317	67
7,48383	95
7,48450	134
7,48517	189
7,48583	264
7,48650	365
7,48717	500
7,48783	677
7,48850	905
7,48917	1195
7,48983	1556
7,49050	2001
7,49117	2543
7,49183	3194
7,49250	3970
7,49317	4888
7,49383	5965
7,49450	7215
7,49517	8646
7,49583	10265
7,49650	12081
7,49717	14102
7,49783	16334
7,49850	18777
7,49917	21431
7,49983	24291
7,50050	27363
7,50117	30653
7,50183	34166
7,50250	37899
7,50317	41845
7,50383	45993
7,50450	50338
7,50517	54879
7,50583	59619
7,50650	64552
7,50717	69670
7,50783	74966
7,50850	80429
7,50917	86042
7,50983	91786
7,51050	97647
7,51117	103616
7,51183	109705
7,51250	115932
7,51317	122309
7,51383	128831
7,51450	135487
7,51517	142278
7,51583	149200
7,51650	156252
7,51717	163444
7,51783	170767
7,51850	178175
7,51917	185639
7,51983	193138
7,52050	200625
7,52117	208042
7,52183	215352
7,52250	222520
7,52317	229482
7,52383	236179
7,52450	242542
7,52517	248457
7,52583	253800
7,52650	258427
7,52717	262155
7,52783	264798
7,52850	266183
7,52917	266184
7,52983	264716
7,53050	261776
7,53117	257427
7,53183	251785
7,53250	244996
7,53317	237235
7,53383	228683
7,53450	219520
7,53517	209916
7,53583	200028
7,53650	189996
7,53717	179942
7,53783	169968
7,53850	160161
7,53917	150590
7,53983	141312
7,54050	132369
7,54117	123791
7,54183	115601
7,54250	107810
7,54317	100426
7,54383	93450
7,54450	86875
7,54517	80696
7,54583	74901
7,54650	69479
7,54717	64417
7,54783	59699
7,54850	55309
7,54917	51230
7,54983	47446
7,55050	43941
7,55117	40696
7,55183	37696
7,55250	34927
7,55317	32371
7,55383	30016
7,55450	27847
7,55517	25851
7,55583	24016
7,55650	22329
7,55717	20779
7,55783	19357
7,55850	18053
7,55917	16856
7,55983	15757
7,56050	14748
7,56117	13823
7,56183	12974
7,56250	12195
7,56317	11481
7,56383	10824
7,56450	10221
7,56517	9667
7,56583	9158
7,56650	8690
7,56717	8260
7,56783	7865
7,56850	7501
7,56917	7165
7,56983	6856
7,57050	6572
7,57117	6309
7,57183	6067
7,57250	5843
7,57317	5637
7,57383	5446
7,57450	5270
7,57517	5106
7,57583	4955
7,57650	4815
7,57717	4686
7,57783	4566
7,57850	4456
7,57917	4353
7,57983	4257
7,58050	4168
7,58117	4085
7,58183	4008
7,58250	3937
7,58317	3871
7,58383	3809
7,58450	3751
7,58517	3696
7,58583	3644
7,58650	3595
7,58717	3548
7,58783	3504
7,58850	3462
7,58917	3422
7,58983	3384
7,59050	3347
7,59117	3313
7,59183	3280
7,59250	3248
7,59317	3218
7,59383	3188
7,59450	3160
7,59517	3132
7,59583	3106
7,59650	3081
7,59717	3057
7,59783	3033
7,59850	3009
7,59917	2985
7,59983	2961
7,60050	2938
7,60117	2915
7,60183	2892
7,60250	2870
7,60317	2847
7,60383	2826
7,60450	2804
7,60517	2783
7,60583	2761
7,60650	2740
7,60717	2718
7,60783	2697
7,60850	2676
7,60917	2656
7,60983	2635
7,61050	2616
7,61117	2597
7,61183	2578
7,61250	2561
7,61317	2543
7,61383	2526
7,61450	2510
7,61517	2494
7,61583	2479
7,61650	2464
7,61717	2449
7,61783	2435
7,61850	2420
7,61917	2405
7,61983	2391
7,62050	2376
7,62117	2362
7,62183	2348
7,62250	2333
7,62317	2319
7,62383	2305
7,62450	2291
7,62517	2278
7,62583	2265
7,62650	2254
7,62717	2243
7,62783	2233
7,62850	2224
7,62917	2215
7,62983	2207
7,63050	2199
7,63117	2192
7,63183	2185
7,63250	2177
7,63317	2170
7,63383	2162
7,63450	2153
7,63517	2144
7,63583	2135
7,63650	2125
7,63717	2114
7,63783	2104
7,63850	2093
7,63917	2082
7,63983	2072
7,64050	2061
7,64117	2051
7,64183	2041
7,64250	2030
7,64317	2020
7,64383	2009
7,64450	1998
7,64517	1986
7,64583	1974
7,64650	1962
7,64717	1949
7,64783	1935
7,64850	1921
7,64917	1907
7,64983	1893
7,65050	1878
7,65117	1863
7,65183	1847
7,65250	1831
7,65317	1815
7,65383	1799
7,65450	1783
7,65517	1766
7,65583	1749
7,65650	1732
7,65717	1715
7,65783	1699
7,65850	1683
7,65917	1667
7,65983	1652
7,66050	1637
7,66117	1622
7,66183	1606
7,66250	1591
7,66317	1576
7,66383	1560
7,66450	1545
7,66517	1530
7,66583	1514
7,66650	1499
7,66717	1483
7,66783	1468
7,66850	1453
7,66917	1439
7,66983	1425
7,67050	1411
7,67117	1398
7,67183	1385
7,67250	1372
7,67317	1361
7,67383	1350
7,67450	1339
7,67517	1329
7,67583	1319
7,67650	1310
7,67717	1301
7,67783	1292
7,67850	1285
7,67917	1277
7,67983	1270
7,68050	1263
7,68117	1257
7,68183	1251
7,68250	1244
7,68317	1238
7,68383	1232
7,68450	1226
7,68517	1219
7,68583	1213
7,68650	1206
7,68717	1200
7,68783	1193
7,68850	1186
7,68917	1179
7,68983	1173
7,69050	1166
7,69117	1159
7,69183	1152
7,69250	1145
7,69317	1138
7,69383	1130
7,69450	1122
7,69517	1114
7,69583	1106
7,69650	1098
7,69717	1090
7,69783	1081
7,69850	1072
7,69917	1062
7,69983	1053
7,70050	1043
7,70117	1033
7,70183	1023
7,70250	1014
7,70317	1004
7,70383	995
7,70450	986
7,70517	976
7,70583	967
7,70650	958
7,70717	949
7,70783	941
7,70850	932
7,70917	923
7,70983	915
7,71050	906
7,71117	898
7,71183	890
7,71250	882
7,71317	874
7,71383	866
7,71450	859
7,71517	851
7,71583	844
7,71650	838
7,71717	831
7,71783	825
7,71850	819
7,71917	814
7,71983	808
7,72050	802
7,72117	797
7,72183	791
7,72250	785
7,72317	780
7,72383	774
7,72450	769
7,72517	764
7,72583	758
7,72650	753
7,72717	748
7,72783	743
7,72850	739
7,72917	734
7,72983	730
7,73050	725
7,73117	721
7,73183	717
7,73250	713
7,73317	708
7,73383	704
7,73450	700
7,73517	695
7,73583	691
7,73650	687
7,73717	682
7,73783	677
7,73850	672
7,73917	667
7,73983	662
7,74050	656
7,74117	651
7,74183	646
7,74250	640
7,74317	635
7,74383	630
7,74450	625
7,74517	620
7,74583	615
7,74650	609
7,74717	604
7,74783	599
7,74850	593
7,74917	588
7,74983	583
7,75050	578
7,75117	574
7,75183	569
7,75250	565
7,75317	561
7,75383	557
7,75450	553
7,75517	550
7,75583	546
7,75650	543
7,75717	540
7,75783	538
7,75850	535
7,75917	533
7,75983	530
7,76050	528
7,76117	526
7,76183	524
7,76250	521
7,76317	519
7,76383	517
7,76450	515
7,76517	513
7,76583	511
7,76650	509
7,76717	507
7,76783	504
7,76850	502
7,76917	500
7,76983	498
7,77050	495
7,77117	493
7,77183	491
7,77250	488
7,77317	486
7,77383	483
7,77450	481
7,77517	478
7,77583	476
7,77650	473
7,77717	470
7,77783	468
7,77850	465
7,77917	462
7,77983	459
7,78050	457
7,78117	454
7,78183	451
7,78250	448
7,78317	445
7,78383	442
7,78450	439
7,78517	436
7,78583	433
7,78650	430
7,78717	427
7,78783	424
7,78850	421
7,78917	419
7,78983	416
7,79050	413
7,79117	410
7,79183	407
7,79250	405
7,79317	402
7,79383	400
7,79450	398
7,79517	395
7,79583	393
7,79650	391
7,79717	388
7,79783	386
7,79850	384
7,79917	381
7,79983	379
7,80050	376
7,80117	374
7,80183	372
7,80250	370
7,80317	367
7,80383	365
7,80450	363
7,80517	361
7,80583	359
7,80650	357
7,80717	354
7,80783	353
7,80850	351
7,80917	349
7,80983	347
7,81050	346
7,81117	344
7,81183	342
7,81250	340
7,81317	338
7,81383	336
7,81450	334
7,81517	332
7,81583	329
7,81650	327
7,81717	325
7,81783	323
7,81850	320
7,81917	318
7,81983	316
7,82050	314
7,82117	312
7,82183	310
7,82250	308
7,82317	306
7,82383	305
7,82450	303
7,82517	302
7,82583	301
7,82650	300
7,82717	298
7,82783	297
7,82850	296
7,82917	294
7,82983	293
7,83050	292
7,83117	291
7,83183	289
7,83250	288
7,83317	287
7,83383	286
7,83450	285
7,83517	284
7,83583	282
7,83650	281
7,83717	280
7,83783	278
7,83850	277
7,83917	276
7,83983	274
7,84050	273
7,84117	272
7,84183	270
7,84250	269
7,84317	267
7,84383	266
7,84450	264
7,84517	263
7,84583	261
7,84650	260
7,84717	258
7,84783	257
7,84850	256
7,84917	254
7,84983	253
7,85050	252
7,85117	251
7,85183	250
7,85250	249
7,85317	248
7,85383	247
7,85450	246
7,85517	245
7,85583	244
7,85650	243
7,85717	242
7,85783	241
7,85850	240
7,85917	239
7,85983	238
7,86050	237
7,86117	236
7,86183	235
7,86250	234
7,86317	233
7,86383	231
7,86450	230
7,86517	229
7,86583	228
7,86650	227
7,86717	226
7,86783	225
7,86850	224
7,86917	223
7,86983	222
7,87050	222
7,87117	221
7,87183	220
7,87250	219
7,87317	218
7,87383	217
7,87450	215
7,87517	214
7,87583	213
7,87650	212
7,87717	210
7,87783	209
7,87850	208
7,87917	207
7,87983	205
7,88050	204
7,88117	203
7,88183	201
7,88250	200
7,88317	199
7,88383	198
7,88450	198
7,88517	197
7,88583	196
7,88650	195
7,88717	195
7,88783	194
7,88850	193
7,88917	192
7,88983	192
7,89050	191
7,89117	190
7,89183	190
7,89250	189
7,89317	188
7,89383	187
7,89450	187
7,89517	186
7,89583	186
7,89650	185
7,89717	185
7,89783	184
7,89850	184
7,89917	183
7,89983	183
7,90050	182
7,90117	181
7,90183	181
7,90250	180
7,90317	179
7,90383	178
7,90450	177
7,90517	177
7,90583	176
7,90650	175
7,90717	174
7,90783	173
7,90850	172
7,90917	171
7,90983	170
7,91050	169
7,91117	168
7,91183	167
7,91250	166
7,91317	165
7,91383	165
7,91450	164
7,91517	163
7,91583	163
7,91650	162
7,91717	162
7,91783	161
7,91850	161
7,91917	160
7,91983	160
7,92050	160
7,92117	159
7,92183	159
7,92250	158
7,92317	157
7,92383	157
7,92450	156
7,92517	155
7,92583	155
7,92650	154
7,92717	153
7,92783	153
7,92850	152
7,92917	151
7,92983	151
7,93050	150
7,93117	149
7,93183	148
7,93250	147
7,93317	146
7,93383	145
7,93450	144
7,93517	143
7,93583	143
7,93650	142
7,93717	141
7,93783	141
7,93850	140
7,93917	140
7,93983	139
7,94050	139
7,94117	138
7,94183	138
7,94250	138
7,94317	137
7,94383	137
7,94450	137
7,94517	137
7,94583	136
7,94650	136
7,94717	136
7,94783	136
7,94850	135
7,94917	135
7,94983	134
7,95050	133
7,95117	132
7,95183	132
7,95250	131
7,95317	130
7,95383	129
7,95450	129
7,95517	128
7,95583	128
7,95650	127
7,95717	127
7,95783	126
7,95850	126
7,95917	126
7,95983	125
7,96050	125
7,96117	125
7,96183	124
7,96250	124
7,96317	124
7,96383	123
7,96450	123
7,96517	123
7,96583	122
7,96650	122
7,96717	121
7,96783	121
7,96850	120
7,96917	120
7,96983	119
7,97050	118
7,97117	118
7,97183	117
7,97250	117
7,97317	116
7,97383	116
7,97450	115
7,97517	114
7,97583	113
7,97650	113
7,97717	112
7,97783	112
7,97850	111
7,97917	111
7,97983	110
7,98050	110
7,98117	109
7,98183	109
7,98250	108
7,98317	108
7,98383	107
7,98450	107
7,98517	106
7,98583	106
7,98650	105
7,98717	105
7,98783	104
7,98850	104
7,98917	103
7,98983	103
7,99050	103
7,99117	103
7,99183	103
7,99250	103
7,99317	103
7,99383	103
7,99450	102
7,99517	102
7,99583	102
7,99650	101
7,99717	101
7,99783	100
7,99850	100
7,99917	99
7,99983	99
8,00050	98
8,00117	98
8,00183	97
8,00250	97
8,00317	96
8,00383	96
8,00450	95
8,00517	95
8,00583	95
8,00650	94
8,00717	94
8,00783	94
8,00850	94
8,00917	93
8,00983	93
8,01050	93
8,01117	93
8,01183	93
8,01250	93
8,01317	93
8,01383	92
8,01450	92
8,01517	92
8,01583	92
8,01650	91
8,01717	91
8,01783	90
8,01850	89
8,01917	88
8,01983	88
8,02050	87
8,02117	87
8,02183	86
8,02250	86
8,02317	85
8,02383	85
8,02450	84
8,02517	84
8,02583	84
8,02650	84
8,02717	83
8,02783	83
8,02850	83
8,02917	82
8,02983	82
8,03050	82
8,03117	82
8,03183	81
8,03250	81
8,03317	81
8,03383	81
8,03450	81
8,03517	81
8,03583	81
8,03650	81
8,03717	81
8,03783	80
8,03850	80
8,03917	80
8,03983	80
8,04050	79
8,04117	79
8,04183	79
8,04250	79
8,04317	79
8,04383	79
8,04450	79
8,04517	79
8,04583	79
8,04650	79
8,04717	78
8,04783	78
8,04850	78
8,04917	77
8,04983	77
8,05050	77
8,05117	76
8,05183	76
8,05250	75
8,05317	75
8,05383	75
8,05450	74
8,05517	74
8,05583	73
8,05650	73
8,05717	73
8,05783	72
8,05850	72
8,05917	72
8,05983	72
8,06050	72
8,06117	72
8,06183	72
8,06250	72
8,06317	72
8,06383	72
8,06450	72
8,06517	72
8,06583	72
8,06650	72
8,06717	71
8,06783	71
8,06850	71
8,06917	71
8,06983	71
8,07050	71
8,07117	71
8,07183	71
8,07250	71
8,07317	71
8,07383	71
8,07450	71
8,07517	71
8,07583	71
8,07650	71
8,07717	71
8,07783	71
8,07850	71
8,07917	71
8,07983	71
8,08050	71
8,08117	71
8,08183	71
8,08250	71
8,08317	71
8,08383	71
8,08450	71
8,08517	71
8,08583	70
8,08650	70
8,08717	70
8,08783	70
8,08850	70
8,08917	70
8,08983	70
8,09050	70
8,09117	70
8,09183	69
8,09250	69
8,09317	69
8,09383	68
8,09450	68
8,09517	67
8,09583	67
8,09650	66
8,09717	66
8,09783	66
8,09850	65
8,09917	65
8,09983	64
8,10050	64
8,10117	63
8,10183	63
8,10250	62
8,10317	62
8,10383	61
8,10450	60
8,10517	60
8,10583	59
8,10650	59
8,10717	58
8,10783	58
8,10850	58
8,10917	58
8,10983	58
8,11050	57
8,11117	57
8,11183	58
8,11250	57
8,11317	57
8,11383	57
8,11450	57
8,11517	57
8,11583	57
8,11650	57
8,11717	57
8,11783	56
8,11850	56
8,11917	56
8,11983	56
8,12050	56
8,12117	55
8,12183	55
8,12250	55
8,12317	55
8,12383	54
8,12450	54
8,12517	54
8,12583	54
8,12650	53
8,12717	53
8,12783	53
8,12850	53
8,12917	52
8,12983	52
8,13050	52
8,13117	52
8,13183	52
8,13250	51
8,13317	51
8,13383	51
8,13450	51
8,13517	51
8,13583	50
8,13650	50
8,13717	50
8,13783	51
8,13850	51
8,13917	51
8,13983	51
8,14050	51
8,14117	51
8,14183	51
8,14250	51
8,14317	51
8,14383	51
8,14450	51
8,14517	51
8,14583	50
8,14650	50
8,14717	50
8,14783	50
8,14850	49
8,14917	49
8,14983	49
8,15050	48
8,15117	48
8,15183	48
8,15250	48
8,15317	48
8,15383	47
8,15450	47
8,15517	47
8,15583	47
8,15650	47
8,15717	46
8,15783	46
8,15850	46
8,15917	46
8,15983	45
8,16050	45
8,16117	45
8,16183	44
8,16250	44
8,16317	44
8,16383	43
8,16450	43
8,16517	43
8,16583	42
8,16650	42
8,16717	42
8,16783	41
8,16850	41
8,16917	41
8,16983	41
8,17050	41
8,17117	41
8,17183	41
8,17250	41
8,17317	40
8,17383	40
8,17450	40
8,17517	40
8,17583	40
8,17650	40
8,17717	40
8,17783	40
8,17850	39
8,17917	39
8,17983	39
8,18050	39
8,18117	39
8,18183	39
8,18250	39
8,18317	39
8,18383	39
8,18450	39
8,18517	39
8,18583	38
8,18650	38
8,18717	38
8,18783	38
8,18850	37
8,18917	37
8,18983	36
8,19050	36
8,19117	35
8,19183	35
8,19250	34
8,19317	34
8,19383	34
8,19450	34
8,19517	34
8,19583	33
8,19650	33
8,19717	33
8,19783	33
8,19850	33
8,19917	33
8,19983	33
8,20050	33
8,20117	33
8,20183	33
8,20250	33
8,20317	33
8,20383	33
8,20450	33
8,20517	33
8,20583	32
8,20650	32
8,20717	32
8,20783	32
8,20850	32
8,20917	32
8,20983	32
8,21050	32
8,21117	32
8,21183	32
8,21250	32
8,21317	32
8,21383	33
8,21450	33
8,21517	33
8,21583	33
8,21650	33
8,21717	34
8,21783	34
8,21850	34
8,21917	34
8,21983	34
8,22050	34
8,22117	34
8,22183	33
8,22250	33
8,22317	33
8,22383	33
8,22450	33
8,22517	33
8,22583	33
8,22650	33
8,22717	32
8,22783	32
8,22850	32
8,22917	32
8,22983	32
8,23050	32
8,23117	31
8,23183	31
8,23250	31
8,23317	31
8,23383	31
8,23450	31
8,23517	31
8,23583	31
8,23650	31
8,23717	31
8,23783	31
8,23850	31
8,23917	31
8,23983	31
8,24050	31
8,24117	31
8,24183	31
8,24250	31
8,24317	31
8,24383	31
8,24450	31
8,24517	31
8,24583	31
8,24650	31
8,24717	31
8,24783	31
8,24850	31
8,24917	30
8,24983	30
8,25050	30
8,25117	29
8,25183	29
8,25250	29
8,25317	29
8,25383	29
8,25450	29
8,25517	29
8,25583	29
8,25650	29
8,25717	29
8,25783	28
8,25850	28
8,25917	28
8,25983	28
8,26050	28
8,26117	28
8,26183	28
8,26250	28
8,26317	28
8,26383	28
8,26450	28
8,26517	28
8,26583	28
8,26650	28
8,26717	28
8,26783	28
8,26850	29
8,26917	29
8,26983	29
8,27050	29
8,27117	29
8,27183	30
8,27250	30
8,27317	30
8,27383	30
8,27450	30
8,27517	30
8,27583	30
8,27650	31
8,27717	31
8,27783	31
8,27850	31
8,27917	31
8,27983	31
8,28050	31
8,28117	31
8,28183	31
8,28250	31
8,28317	31
8,28383	31
8,28450	31
8,28517	30
8,28583	30
8,28650	30
8,28717	30
8,28783	30
8,28850	30
8,28917	31
8,28983	31
8,29050	31
8,29117	32
8,29183	32
8,29250	32
8,29317	32
8,29383	33
8,29450	33
8,29517	33
8,29583	34
8,29650	34
8,29717	35
8,29783	35
8,29850	36
8,29917	36
8,29983	37
8,30050	37
8,30117	38
8,30183	38
8,30250	39
8,30317	40
8,30383	40
8,30450	41
8,30517	42
8,30583	43
8,30650	43
8,30717	44
8,30783	45
8,30850	46
8,30917	47
8,30983	48
8,31050	49
8,31117	49
8,31183	51
8,31250	52
8,31317	53
8,31383	54
8,31450	54
8,31517	55
8,31583	56
8,31650	56
8,31717	57
8,31783	57
8,31850	57
8,31917	58
8,31983	58
8,32050	58
8,32117	58
8,32183	59
8,32250	59
8,32317	59
8,32383	59
8,32450	60
8,32517	60
8,32583	60
8,32650	60
8,32717	61
8,32783	61
8,32850	60
8,32917	60
8,32983	60
8,33050	60
8,33117	60
8,33183	60
8,33250	59
8,33317	59
8,33383	59
8,33450	58
8,33517	58
8,33583	58
8,33650	58
8,33717	58
8,33783	57
8,33850	57
8,33917	57
8,33983	57
8,34050	57
8,34117	56
8,34183	56
8,34250	57
8,34317	57
8,34383	57
8,34450	57
8,34517	58
8,34583	58
8,34650	58
8,34717	58
8,34783	58
8,34850	58
8,34917	58
8,34983	58
8,35050	58
8,35117	57
8,35183	57
8,35250	57
8,35317	56
8,35383	56
8,35450	56
8,35517	55
8,35583	55
8,35650	55
8,35717	55
8,35783	55
8,35850	55
8,35917	54
8,35983	54
8,36050	54
8,36117	53
8,36183	53
8,36250	53
8,36317	53
8,36383	53
8,36450	52
8,36517	52
8,36583	52
8,36650	52
8,36717	52
8,36783	52
8,36850	51
8,36917	51
8,36983	50
8,37050	49
8,37117	49
8,37183	48
8,37250	48
8,37317	47
8,37383	47
8,37450	47
8,37517	46
8,37583	46
8,37650	46
8,37717	45
8,37783	45
8,37850	45
8,37917	44
8,37983	44
8,38050	43
8,38117	43
8,38183	42
8,38250	42
8,38317	41
8,38383	41
8,38450	40
8,38517	39
8,38583	39
8,38650	38
8,38717	38
8,38783	37
8,38850	37
8,38917	36
8,38983	35
8,39050	35
8,39117	34
8,39183	33
8,39250	32
8,39317	31
8,39383	31
8,39450	30
8,39517	30
8,39583	30
8,39650	29
8,39717	29
8,39783	29
8,39850	29
8,39917	28
8,39983	28
8,40050	28
8,40117	28
8,40183	28
8,40250	28
8,40317	28
8,40383	27
8,40450	27
8,40517	27
8,40583	26
8,40650	26
8,40717	26
8,40783	26
8,40850	26
8,40917	26
8,40983	26
8,41050	26
8,41117	26
8,41183	26
8,41250	26
8,41317	25
8,41383	25
8,41450	25
8,41517	25
8,41583	25
8,41650	25
8,41717	25
8,41783	25
8,41850	25
8,41917	25
8,41983	25
8,42050	25
8,42117	25
8,42183	25
8,42250	24
8,42317	24
8,42383	24
8,42450	24
8,42517	23
8,42583	23
8,42650	23
8,42717	23
8,42783	22
8,42850	22
8,42917	22
8,42983	21
8,43050	21
8,43117	20
8,43183	20
8,43250	20
8,43317	19
8,43383	19
8,43450	19
8,43517	18
8,43583	18
8,43650	18
8,43717	18
8,43783	18
8,43850	18
8,43917	18
8,43983	18
8,44050	18
8,44117	18
8,44183	18
8,44250	18
8,44317	17
8,44383	17
8,44450	17
8,44517	17
8,44583	16
8,44650	16
8,44717	16
8,44783	16
8,44850	16
8,44917	17
8,44983	17
8,45050	17
8,45117	17
8,45183	17
8,45250	17
8,45317	17
8,45383	18
8,45450	18
8,45517	18
8,45583	18
8,45650	18
8,45717	18
8,45783	18
8,45850	18
8,45917	18
8,45983	18
8,46050	18
8,46117	18
8,46183	19
8,46250	19
8,46317	19
8,46383	19
8,46450	19
8,46517	19
8,46583	19
8,46650	19
8,46717	19
8,46783	19
8,46850	19
8,46917	19
8,46983	19
8,47050	19
8,47117	19
8,47183	19
8,47250	19
8,47317	20
8,47383	20
8,47450	20
8,47517	20
8,47583	19
8,47650	19
8,47717	19
8,47783	19
8,47850	19
8,47917	19
8,47983	19
8,48050	19
8,48117	19
8,48183	19
8,48250	19
8,48317	19
8,48383	19
8,48450	20
8,48517	20
8,48583	20
8,48650	20
8,48717	20
8,48783	20
8,48850	20
8,48917	20
8,48983	20
8,49050	20
8,49117	19
8,49183	19
8,49250	19
8,49317	19
8,49383	19
8,49450	19
8,49517	18
8,49583	18
8,49650	18
8,49717	17
8,49783	17
8,49850	17
8,49917	17
8,49983	17
8,50050	17
8,50117	16
8,50183	16
8,50250	17
8,50317	17
8,50383	17
8,50450	17
8,50517	17
8,50583	17
8,50650	18
8,50717	18
8,50783	18
8,50850	18
8,50917	18
8,50983	17
8,51050	17
8,51117	17
8,51183	17
8,51250	17
8,51317	17
8,51383	17
8,51450	17
8,51517	17
8,51583	17
8,51650	17
8,51717	17
8,51783	17
8,51850	16
8,51917	16
8,51983	16
8,52050	16
8,52117	15
8,52183	15
8,52250	15
8,52317	15
8,52383	15
8,52450	15
8,52517	15
8,52583	15
8,52650	15
8,52717	15
8,52783	15
8,52850	15
8,52917	15
8,52983	15
8,53050	16
8,53117	16
8,53183	16
8,53250	16
8,53317	16
8,53383	16
8,53450	16
8,53517	16
8,53583	16
8,53650	16
8,53717	16
8,53783	16
8,53850	16
8,53917	16
8,53983	16
8,54050	16
8,54117	16
8,54183	15
8,54250	15
8,54317	15
8,54383	15
8,54450	14
8,54517	14
8,54583	15
8,54650	15
8,54717	15
8,54783	15
8,54850	15
8,54917	15
8,54983	15
8,55050	15
8,55117	15
8,55183	14
8,55250	14
8,55317	14
8,55383	14
8,55450	14
8,55517	14
8,55583	14
8,55650	15
8,55717	15
8,55783	15
8,55850	15
8,55917	15
8,55983	15
8,56050	15
8,56117	15
8,56183	15
8,56250	16
8,56317	16
8,56383	16
8,56450	16
8,56517	16
8,56583	17
8,56650	17
8,56717	17
8,56783	17
8,56850	17
8,56917	17
8,56983	16
8,57050	16
8,57117	16
8,57183	16
8,57250	16
8,57317	16
8,57383	15
8,57450	15
8,57517	15
8,57583	15
8,57650	14
8,57717	14
8,57783	14
8,57850	14
8,57917	14
8,57983	14
8,58050	13
8,58117	13
8,58183	13
8,58250	13
8,58317	12
8,58383	12
8,58450	12
8,58517	12
8,58583	13
8,58650	13
8,58717	13
8,58783	13
8,58850	13
8,58917	14
8,58983	14
8,59050	14
8,59117	14
8,59183	14
8,59250	14
8,59317	15
8,59383	15
8,59450	15
8,59517	14
8,59583	14
8,59650	14
8,59717	14
8,59783	14
8,59850	14
8,59917	14
8,59983	14
8,60050	14
8,60117	14
8,60183	14
8,60250	14
8,60317	14
8,60383	15
8,60450	15
8,60517	15
8,60583	15
8,60650	15
8,60717	15
8,60783	15
8,60850	15
8,60917	15
8,60983	15
8,61050	15
8,61117	15
8,61183	15
8,61250	15
8,61317	15
8,61383	15
8,61450	15
8,61517	15
8,61583	15
8,61650	14
8,61717	14
8,61783	14
8,61850	14
8,61917	13
8,61983	13
8,62050	13
8,62117	13
8,62183	13
8,62250	12
8,62317	12
8,62383	12
8,62450	11
8,62517	11
8,62583	11
8,62650	11
8,62717	11
8,62783	11
8,62850	11
8,62917	11
8,62983	11
8,63050	11
8,63117	11
8,63183	11
8,63250	11
8,63317	11
8,63383	11
8,63450	11
8,63517	11
8,63583	11
8,63650	11
8,63717	11
8,63783	11
8,63850	11
8,63917	12
8,63983	12
8,64050	12
8,64117	12
8,64183	13
8,64250	13
8,64317	13
8,64383	14
8,64450	14
8,64517	15
8,64583	15
8,64650	15
8,64717	15
8,64783	15
8,64850	15
8,64917	16
8,64983	15
8,65050	15
8,65117	15
8,65183	15
8,65250	15
8,65317	14
8,65383	14
8,65450	14
8,65517	14
8,65583	13
8,65650	13
8,65717	13
8,65783	13
8,65850	12
8,65917	12
8,65983	12
8,66050	12
8,66117	12
8,66183	12
8,66250	12
8,66317	12
8,66383	12
8,66450	12
8,66517	12
8,66583	12
8,66650	12
8,66717	12
8,66783	12
8,66850	12
8,66917	12
8,66983	12
8,67050	12
8,67117	12
8,67183	12
8,67250	12
8,67317	12
8,67383	12
8,67450	12
8,67517	12
8,67583	12
8,67650	12
8,67717	12
8,67783	12
8,67850	12
8,67917	12
8,67983	12
8,68050	12
8,68117	12
8,68183	11
8,68250	11
8,68317	11
8,68383	11
8,68450	11
8,68517	10
8,68583	10
8,68650	10
8,68717	10
8,68783	10
8,68850	10
8,68917	10
8,68983	10
8,69050	10
8,69117	10
8,69183	10
8,69250	9
8,69317	9
8,69383	9
8,69450	9
8,69517	9
8,69583	9
8,69650	9
8,69717	9
8,69783	10
8,69850	10
8,69917	10
8,69983	10
8,70050	10
8,70117	10
8,70183	11
8,70250	11
8,70317	11
8,70383	11
8,70450	11
8,70517	11
8,70583	11
8,70650	11
8,70717	11
8,70783	11
8,70850	11
8,70917	11
8,70983	12
8,71050	12
8,71117	12
8,71183	11
8,71250	11
8,71317	11
8,71383	11
8,71450	11
8,71517	11
8,71583	11
8,71650	11
8,71717	11
8,71783	11
8,71850	11
8,71917	11
8,71983	12
8,72050	12
8,72117	12
8,72183	12
8,72250	12
8,72317	12
8,72383	12
8,72450	12
8,72517	12
8,72583	12
8,72650	12
8,72717	12
8,72783	12
8,72850	12
8,72917	12
8,72983	12
8,73050	12
8,73117	12
8,73183	11
8,73250	11
8,73317	11
8,73383	11
8,73450	11
8,73517	11
8,73583	11
8,73650	11
8,73717	11
8,73783	11
8,73850	11
8,73917	12
8,73983	12
8,74050	12
8,74117	12
8,74183	12
8,74250	12
8,74317	12
8,74383	12
8,74450	12
8,74517	12
8,74583	13
8,74650	13
8,74717	13
8,74783	12
8,74850	12
8,74917	12
8,74983	12
8,75050	12
8,75117	12
8,75183	11
8,75250	11
8,75317	11
8,75383	11
8,75450	11
8,75517	11
8,75583	11
8,75650	10
8,75717	10
8,75783	10
8,75850	10
8,75917	10
8,75983	10
8,76050	10
8,76117	10
8,76183	10
8,76250	9
8,76317	9
8,76383	8
8,76450	8
8,76517	8
8,76583	7
8,76650	7
8,76717	7
8,76783	7
8,76850	7
8,76917	7
8,76983	7
8,77050	7
8,77117	7
8,77183	7
8,77250	7
8,77317	7
8,77383	7
8,77450	7
8,77517	7
8,77583	7
8,77650	7
8,77717	7
8,77783	7
8,77850	7
8,77917	7
8,77983	7
8,78050	7
8,78117	8
8,78183	8
8,78250	8
8,78317	8
8,78383	8
8,78450	8
8,78517	8
8,78583	8
8,78650	8
8,78717	8
8,78783	7
8,78850	7
8,78917	6
8,78983	6
8,79050	6
8,79117	5
8,79183	5
8,79250	4
8,79317	4
8,79383	4
8,79450	4
8,79517	4
8,79583	4
8,79650	4
8,79717	5
8,79783	5
8,79850	5
8,79917	5
8,79983	6
8,80050	6
8,80117	6
8,80183	6
8,80250	7
8,80317	7
8,80383	7
8,80450	7
8,80517	7
8,80583	6
8,80650	6
8,80717	6
8,80783	5
8,80850	5
8,80917	5
8,80983	5
8,81050	5
8,81117	5
8,81183	5
8,81250	5
8,81317	5
8,81383	5
8,81450	5
8,81517	5
8,81583	5
8,81650	5
8,81717	5
8,81783	5
8,81850	5
8,81917	5
8,81983	5
8,82050	5
8,82117	5
8,82183	5
8,82250	5
8,82317	5
8,82383	5
8,82450	5
8,82517	5
8,82583	6
8,82650	6
8,82717	5
8,82783	5
8,82850	5
8,82917	5
8,82983	5
8,83050	5
8,83117	5
8,83183	5
8,83250	5
8,83317	5
8,83383	5
8,83450	6
8,83517	6
8,83583	6
8,83650	6
8,83717	6
8,83783	6
8,83850	6
8,83917	6
8,83983	6
8,84050	6
8,84117	6
8,84183	6
8,84250	6
8,84317	6
8,84383	6
8,84450	7
8,84517	7
8,84583	7
8,84650	7
8,84717	7
8,84783	7
8,84850	7
8,84917	7
8,84983	7
8,85050	7
8,85117	7
8,85183	7
8,85250	7
8,85317	7
8,85383	7
8,85450	7
8,85517	7
8,85583	7
8,85650	7
8,85717	8
8,85783	8
8,85850	8
8,85917	8
8,85983	9
8,86050	9
8,86117	9
8,86183	10
8,86250	10
8,86317	10
8,86383	10
8,86450	11
8,86517	11
8,86583	11
8,86650	11
8,86717	11
8,86783	11
8,86850	11
8,86917	11
8,86983	11
8,87050	11
8,87117	11
8,87183	11
8,87250	11
8,87317	11
8,87383	11
8,87450	11
8,87517	11
8,87583	11
8,87650	11
8,87717	11
8,87783	11
8,87850	11
8,87917	11
8,87983	11
8,88050	11
8,88117	11
8,88183	11
8,88250	11
8,88317	11
8,88383	11
8,88450	11
8,88517	11
8,88583	11
8,88650	10
8,88717	10
8,88783	10
8,88850	10
8,88917	10
8,88983	10
8,89050	10
8,89117	9
8,89183	9
8,89250	9
8,89317	9
8,89383	8
8,89450	8
8,89517	8
8,89583	8
8,89650	7
8,89717	7
8,89783	7
8,89850	7
8,89917	6
8,89983	6
8,90050	6
8,90117	6
8,90183	6
8,90250	6
8,90317	6
8,90383	6
8,90450	6
8,90517	6
8,90583	6
8,90650	6
8,90717	6
8,90783	6
8,90850	6
8,90917	6
8,90983	7
8,91050	7
8,91117	7
8,91183	8
8,91250	8
8,91317	8
8,91383	8
8,91450	8
8,91517	8
8,91583	8
8,91650	8
8,91717	8
8,91783	9
8,91850	9
8,91917	9
8,91983	9
8,92050	9
8,92117	9
8,92183	9
8,92250	9
8,92317	8
8,92383	8
8,92450	8
8,92517	8
8,92583	8
8,92650	7
8,92717	7
8,92783	7
8,92850	7
8,92917	7
8,92983	7
8,93050	8
8,93117	8
8,93183	8
8,93250	8
8,93317	8
8,93383	8
8,93450	7
8,93517	7
8,93583	7
8,93650	6
8,93717	6
8,93783	6
8,93850	6
8,93917	6
8,93983	6
8,94050	6
8,94117	5
8,94183	5
8,94250	5
8,94317	5
8,94383	5
8,94450	5
8,94517	5
8,94583	5
8,94650	5
8,94717	5
8,94783	4
8,94850	4
8,94917	4
8,94983	4
8,95050	4
8,95117	5
8,95183	5
8,95250	5
8,95317	5
8,95383	5
8,95450	6
8,95517	6
8,95583	6
8,95650	6
8,95717	5
8,95783	5
8,95850	5
8,95917	5
8,95983	5
8,96050	5
8,96117	4
8,96183	4
8,96250	4
8,96317	4
8,96383	4
8,96450	4
8,96517	4
8,96583	4
8,96650	4
8,96717	4
8,96783	4
8,96850	4
8,96917	4
8,96983	4
8,97050	4
8,97117	4
8,97183	4
8,97250	4
8,97317	4
8,97383	4
8,97450	4
8,97517	4
8,97583	4
8,97650	4
8,97717	4
8,97783	4
8,97850	4
8,97917	4
8,97983	5
8,98050	5
8,98117	5
8,98183	5
8,98250	6
8,98317	6
8,98383	6
8,98450	6
8,98517	6
8,98583	6
8,98650	6
8,98717	6
8,98783	6
8,98850	6
8,98917	6
8,98983	6
8,99050	6
8,99117	5
8,99183	5
8,99250	5
8,99317	6
8,99383	6
8,99450	6
8,99517	6
8,99583	6
8,99650	6
8,99717	6
8,99783	7
8,99850	7
8,99917	7
8,99983	7
9,00050	7
9,00117	7
9,00183	7
9,00250	7
9,00317	7
9,00383	7
9,00450	7
9,00517	7
9,00583	8
9,00650	8
9,00717	8
9,00783	8
9,00850	9
9,00917	9
9,00983	9
9,01050	9
9,01117	9
9,01183	9
9,01250	9
9,01317	9
9,01383	10
9,01450	10
9,01517	10
9,01583	10
9,01650	11
9,01717	11
9,01783	11
9,01850	12
9,01917	12
9,01983	12
9,02050	11
9,02117	11
9,02183	11
9,02250	10
9,02317	10
9,02383	10
9,02450	9
9,02517	9
9,02583	9
9,02650	9
9,02717	9
9,02783	9
9,02850	9
9,02917	9
9,02983	9
9,03050	8
9,03117	8
9,03183	8
9,03250	8
9,03317	8
9,03383	8
9,03450	8
9,03517	8
9,03583	8
9,03650	8
9,03717	8
9,03783	8
9,03850	8
9,03917	8
9,03983	8
9,04050	8
9,04117	8
9,04183	8
9,04250	7
9,04317	7
9,04383	7
9,04450	7
9,04517	7
9,04583	7
9,04650	7
9,04717	7
9,04783	7
9,04850	7
9,04917	7
9,04983	7
9,05050	7
9,05117	7
9,05183	7
9,05250	7
9,05317	7
9,05383	7
9,05450	7
9,05517	7
9,05583	7
9,05650	7
9,05717	7
9,05783	8
9,05850	8
9,05917	8
9,05983	8
9,06050	9
9,06117	9
9,06183	9
9,06250	9
9,06317	9
9,06383	9
9,06450	9
9,06517	9
9,06583	9
9,06650	8
9,06717	8
9,06783	8
9,06850	8
9,06917	8
9,06983	8
9,07050	8
9,07117	8
9,07183	7
9,07250	7
9,07317	7
9,07383	7
9,07450	7
9,07517	7
9,07583	7
9,07650	7
9,07717	7
9,07783	7
9,07850	7
9,07917	7
9,07983	8
9,08050	8
9,08117	8
9,08183	8
9,08250	8
9,08317	8
9,08383	8
9,08450	9
9,08517	9
9,08583	9
9,08650	8
9,08717	8
9,08783	8
9,08850	8
9,08917	7
9,08983	7
9,09050	7
9,09117	6
9,09183	6
9,09250	6
9,09317	6
9,09383	6
9,09450	6
9,09517	6
9,09583	6
9,09650	6
9,09717	6
9,09783	6
9,09850	6
9,09917	6
9,09983	6
9,10050	6
9,10117	5
9,10183	5
9,10250	5
9,10317	5
9,10383	5
9,10450	5
9,10517	5
9,10583	5
9,10650	5
9,10717	5
9,10783	6
9,10850	6
9,10917	6
9,10983	6
9,11050	7
9,11117	7
9,11183	7
9,11250	7
9,11317	8
9,11383	8
9,11450	8
9,11517	8
9,11583	8
9,11650	9
9,11717	9
9,11783	9
9,11850	9
9,11917	9
9,11983	9
9,12050	9
9,12117	9
9,12183	9
9,12250	9
9,12317	9
9,12383	9
9,12450	9
9,12517	9
9,12583	9
9,12650	9
9,12717	9
9,12783	9
9,12850	9
9,12917	9
9,12983	8
9,13050	8
9,13117	8
9,13183	8
9,13250	8
9,13317	7
9,13383	7
9,13450	7
9,13517	7
9,13583	7
9,13650	7
9,13717	7
9,13783	7
9,13850	7
9,13917	7
9,13983	7
9,14050	7
9,14117	7
9,14183	6
9,14250	6
9,14317	6
9,14383	6
9,14450	6
9,14517	6
9,14583	7
9,14650	7
9,14717	7
9,14783	6
9,14850	6
9,14917	6
9,14983	7
9,15050	7
9,15117	7
9,15183	7
9,15250	7
9,15317	7
9,15383	7
9,15450	8
9,15517	8
9,15583	8
9,15650	8
9,15717	8
9,15783	8
9,15850	8
9,15917	8
9,15983	8
9,16050	8
9,16117	8
9,16183	8
9,16250	7
9,16317	7
9,16383	7
9,16450	7
9,16517	7
9,16583	7
9,16650	7
9,16717	7
9,16783	7
9,16850	7
9,16917	7
9,16983	6
9,17050	6
9,17117	6
9,17183	6
9,17250	6
9,17317	6
9,17383	6
9,17450	6
9,17517	6
9,17583	7
9,17650	7
9,17717	7
9,17783	8
9,17850	8
9,17917	8
9,17983	8
9,18050	8
9,18117	8
9,18183	8
9,18250	8
9,18317	8
9,18383	8
9,18450	8
9,18517	9
9,18583	9
9,18650	9
9,18717	9
9,18783	9
9,18850	9
9,18917	9
9,18983	9
9,19050	9
9,19117	9
9,19183	9
9,19250	9
9,19317	9
9,19383	8
9,19450	8
9,19517	8
9,19583	8
9,19650	8
9,19717	8
9,19783	8
9,19850	9
9,19917	9
9,19983	9
9,20050	9
9,20117	8
9,20183	8
9,20250	8
9,20317	8
9,20383	8
9,20450	7
9,20517	7
9,20583	7
9,20650	7
9,20717	7
9,20783	7
9,20850	6
9,20917	6
9,20983	6
9,21050	7
9,21117	7
9,21183	6
9,21250	6
9,21317	7
9,21383	7
9,21450	7
9,21517	7
9,21583	7
9,21650	7
9,21717	8
9,21783	8
9,21850	8
9,21917	9
9,21983	9
9,22050	9
9,22117	9
9,22183	9
9,22250	10
9,22317	10
9,22383	10
9,22450	10
9,22517	10
9,22583	10
9,22650	10
9,22717	10
9,22783	11
9,22850	11
9,22917	11
9,22983	11
9,23050	11
9,23117	11
9,23183	11
9,23250	11
9,23317	11
9,23383	10
9,23450	10
9,23517	10
9,23583	10
9,23650	10
9,23717	9
9,23783	9
9,23850	9
9,23917	9
9,23983	9
9,24050	9
9,24117	9
9,24183	9
9,24250	9
9,24317	9
9,24383	9
9,24450	8
9,24517	8
9,24583	8
9,24650	8
9,24717	7
9,24783	7
9,24850	7
9,24917	7
9,24983	7
9,25050	7
9,25117	7
9,25183	7
9,25250	7
9,25317	8
9,25383	8
9,25450	8
9,25517	8
9,25583	8
9,25650	8
9,25717	8
9,25783	8
9,25850	7
9,25917	7
9,25983	7
9,26050	7
9,26117	7
9,26183	6
9,26250	6
9,26317	6
9,26383	6
9,26450	5
9,26517	5
9,26583	5
9,26650	5
9,26717	5
9,26783	5
9,26850	5
9,26917	5
9,26983	5
9,27050	5
9,27117	5
9,27183	5
9,27250	6
9,27317	6
9,27383	6
9,27450	6
9,27517	6
9,27583	7
9,27650	7
9,27717	7
9,27783	7
9,27850	7
9,27917	7
9,27983	7
9,28050	7
9,28117	7
9,28183	7
9,28250	7
9,28317	7
9,28383	6
9,28450	6
9,28517	6
9,28583	6
9,28650	6
9,28717	6
9,28783	6
9,28850	5
9,28917	5
9,28983	5
9,29050	5
9,29117	5
9,29183	5
9,29250	5
9,29317	5
9,29383	5
9,29450	5
9,29517	5
9,29583	5
9,29650	5
9,29717	6
9,29783	6
9,29850	6
9,29917	6
9,29983	6
9,30050	6
9,30117	6
9,30183	6
9,30250	6
9,30317	6
9,30383	7
9,30450	7
9,30517	7
9,30583	7
9,30650	7
9,30717	7
9,30783	7
9,30850	7
9,30917	7
9,30983	7
9,31050	7
9,31117	7
9,31183	7
9,31250	7
9,31317	7
9,31383	7
9,31450	7
9,31517	7
9,31583	8
9,31650	8
9,31717	8
9,31783	8
9,31850	8
9,31917	8
9,31983	8
9,32050	8
9,32117	8
9,32183	8
9,32250	8
9,32317	8
9,32383	8
9,32450	9
9,32517	9
9,32583	9
9,32650	9
9,32717	10
9,32783	10
9,32850	10
9,32917	11
9,32983	11
9,33050	11
9,33117	11
9,33183	11
9,33250	11
9,33317	11
9,33383	11
9,33450	11
9,33517	11
9,33583	11
9,33650	11
9,33717	11
9,33783	11
9,33850	11
9,33917	11
9,33983	11
9,34050	12
9,34117	12
9,34183	12
9,34250	12
9,34317	12
9,34383	13
9,34450	13
9,34517	13
9,34583	13
9,34650	13
9,34717	12
9,34783	12
9,34850	12
9,34917	12
9,34983	12
9,35050	11
9,35117	11
9,35183	11
9,35250	11
9,35317	10
9,35383	10
9,35450	11
9,35517	11
9,35583	11
9,35650	11
9,35717	11
9,35783	11
9,35850	11
9,35917	11
9,35983	11
9,36050	11
9,36117	11
9,36183	11
9,36250	11
9,36317	11
9,36383	11
9,36450	11
9,36517	10
9,36583	10
9,36650	10
9,36717	10
9,36783	10
9,36850	10
9,36917	10
9,36983	10
9,37050	10
9,37117	10
9,37183	10
9,37250	9
9,37317	9
9,37383	9
9,37450	9
9,37517	9
9,37583	9
9,37650	9
9,37717	9
9,37783	9
9,37850	9
9,37917	9
9,37983	9
9,38050	9
9,38117	9
9,38183	9
9,38250	9
9,38317	9
9,38383	9
9,38450	8
9,38517	8
9,38583	8
9,38650	7
9,38717	7
9,38783	7
9,38850	7
9,38917	6
9,38983	6
9,39050	6
9,39117	6
9,39183	6
9,39250	6
9,39317	5
9,39383	5
9,39450	6
9,39517	6
9,39583	6
9,39650	6
9,39717	6
9,39783	6
9,39850	6
9,39917	6
9,39983	6
9,40050	6
9,40117	6
9,40183	6
9,40250	6
9,40317	6
9,40383	6
9,40450	7
9,40517	7
9,40583	7
9,40650	7
9,40717	7
9,40783	7
9,40850	8
9,40917	8
9,40983	8
9,41050	8
9,41117	9
9,41183	9
9,41250	9
9,41317	10
9,41383	10
9,41450	10
9,41517	10
9,41583	10
9,41650	10
9,41717	10
9,41783	10
9,41850	10
9,41917	10
9,41983	11
9,42050	11
9,42117	11
9,42183	11
9,42250	11
9,42317	12
9,42383	12
9,42450	12
9,42517	13
9,42583	13
9,42650	14
9,42717	14
9,42783	14
9,42850	15
9,42917	15
9,42983	15
9,43050	15
9,43117	16
9,43183	16
9,43250	16
9,43317	16
9,43383	16
9,43450	17
9,43517	17
9,43583	17
9,43650	17
9,43717	17
9,43783	17
9,43850	16
9,43917	16
9,43983	16
9,44050	16
9,44117	16
9,44183	16
9,44250	15
9,44317	15
9,44383	15
9,44450	15
9,44517	15
9,44583	15
9,44650	15
9,44717	15
9,44783	15
9,44850	15
9,44917	15
9,44983	15
9,45050	15
9,45117	15
9,45183	15
9,45250	15
9,45317	15
9,45383	15
9,45450	15
9,45517	15
9,45583	15
9,45650	15
9,45717	15
9,45783	15
9,45850	15
9,45917	15
9,45983	15
9,46050	15
9,46117	15
9,46183	15
9,46250	15
9,46317	15
9,46383	15
9,46450	16
9,46517	16
9,46583	16
9,46650	16
9,46717	15
9,46783	15
9,46850	15
9,46917	15
9,46983	15
9,47050	15
9,47117	15
9,47183	15
9,47250	14
9,47317	14
9,47383	14
9,47450	14
9,47517	14
9,47583	15
9,47650	15
9,47717	15
9,47783	15
9,47850	15
9,47917	16
9,47983	16
9,48050	16
9,48117	16
9,48183	16
9,48250	16
9,48317	16
9,48383	16
9,48450	16
9,48517	16
9,48583	16
9,48650	16
9,48717	16
9,48783	16
9,48850	16
9,48917	16
9,48983	16
9,49050	15
9,49117	15
9,49183	15
9,49250	15
9,49317	15
9,49383	14
9,49450	14
9,49517	14
9,49583	14
9,49650	14
9,49717	14
9,49783	14
9,49850	14
9,49917	14
9,49983	14
9,50050	14
9,50117	14
9,50183	14
9,50250	14
9,50317	14
9,50383	14
9,50450	13
9,50517	13
9,50583	13
9,50650	13
9,50717	13
9,50783	13
9,50850	13
9,50917	12
9,50983	12
9,51050	12
9,51117	12
9,51183	12
9,51250	12
9,51317	12
9,51383	12
9,51450	12
9,51517	11
9,51583	11
9,51650	11
9,51717	11
9,51783	11
9,51850	11
9,51917	10
9,51983	10
9,52050	10
9,52117	10
9,52183	9
9,52250	9
9,52317	9
9,52383	9
9,52450	9
9,52517	8
9,52583	8
9,52650	8
9,52717	8
9,52783	8
9,52850	8
9,52917	8
9,52983	8
9,53050	9
9,53117	9
9,53183	10
9,53250	10
9,53317	11
9,53383	11
9,53450	12
9,53517	12
9,53583	13
9,53650	13
9,53717	13
9,53783	14
9,53850	14
9,53917	14
9,53983	14
9,54050	14
9,54117	14
9,54183	14
9,54250	14
9,54317	14
9,54383	14
9,54450	14
9,54517	14
9,54583	14
9,54650	14
9,54717	14
9,54783	15
9,54850	15
9,54917	15
9,54983	15
9,55050	15
9,55117	15
9,55183	15
9,55250	15
9,55317	14
9,55383	14
9,55450	14
9,55517	14
9,55583	14
9,55650	14
9,55717	15
9,55783	15
9,55850	16
9,55917	17
9,55983	18
9,56050	19
9,56117	20
9,56183	20
9,56250	21
9,56317	21
9,56383	21
9,56450	21
9,56517	21
9,56583	21
9,56650	21
9,56717	20
9,56783	20
9,56850	20
9,56917	19
9,56983	19
9,57050	19
9,57117	19
9,57183	19
9,57250	18
9,57317	18
9,57383	18
9,57450	17
9,57517	17
9,57583	16
9,57650	16
9,57717	16
9,57783	16
9,57850	15
9,57917	15
9,57983	15
9,58050	15
9,58117	15
9,58183	15
9,58250	15
9,58317	15
9,58383	15
9,58450	15
9,58517	15
9,58583	15
9,58650	15
9,58717	15
9,58783	15
9,58850	15
9,58917	15
9,58983	15
9,59050	15
9,59117	15
9,59183	15
9,59250	15
9,59317	14
9,59383	14
9,59450	14
9,59517	14
9,59583	14
9,59650	14
9,59717	14
9,59783	14
9,59850	14
9,59917	14
9,59983	13
9,60050	13
9,60117	13
9,60183	14
9,60250	14
9,60317	14
9,60383	14
9,60450	14
9,60517	14
9,60583	15
9,60650	15
9,60717	15
9,60783	15
9,60850	15
9,60917	15
9,60983	15
9,61050	15
9,61117	15
9,61183	15
9,61250	15
9,61317	15
9,61383	16
9,61450	16
9,61517	16
9,61583	16
9,61650	16
9,61717	16
9,61783	16
9,61850	16
9,61917	16
9,61983	16
9,62050	16
9,62117	15
9,62183	15
9,62250	15
9,62317	16
9,62383	16
9,62450	15
9,62517	15
9,62583	15
9,62650	15
9,62717	14
9,62783	14
9,62850	14
9,62917	14
9,62983	13
9,63050	13
9,63117	13
9,63183	12
9,63250	12
9,63317	12
9,63383	12
9,63450	13
9,63517	13
9,63583	13
9,63650	13
9,63717	13
9,63783	14
9,63850	14
9,63917	14
9,63983	14
9,64050	14
9,64117	14
9,64183	14
9,64250	14
9,64317	14
9,64383	14
9,64450	14
9,64517	14
9,64583	14
9,64650	14
9,64717	14
9,64783	14
9,64850	14
9,64917	14
9,64983	13
9,65050	13
9,65117	13
9,65183	13
9,65250	13
9,65317	13
9,65383	13
9,65450	13
9,65517	13
9,65583	13
9,65650	13
9,65717	13
9,65783	13
9,65850	12
9,65917	12
9,65983	12
9,66050	12
9,66117	12
9,66183	12
9,66250	12
9,66317	12
9,66383	12
9,66450	12
9,66517	12
9,66583	12
9,66650	12
9,66717	12
9,66783	12
9,66850	12
9,66917	12
9,66983	12
9,67050	11
9,67117	11
9,67183	11
9,67250	10
9,67317	10
9,67383	10
9,67450	10
9,67517	10
9,67583	10
9,67650	10
9,67717	10
9,67783	11
9,67850	11
9,67917	11
9,67983	12
9,68050	12
9,68117	12
9,68183	12
9,68250	12
9,68317	12
9,68383	12
9,68450	12
9,68517	12
9,68583	12
9,68650	12
9,68717	12
9,68783	12
9,68850	12
9,68917	12
9,68983	12
9,69050	12
9,69117	12
9,69183	12
9,69250	12
9,69317	11
9,69383	11
9,69450	11
9,69517	11
9,69583	11
9,69650	10
9,69717	10
9,69783	10
9,69850	10
9,69917	10
9,69983	10
9,70050	10
9,70117	10
9,70183	10
9,70250	10
9,70317	10
9,70383	10
9,70450	10
9,70517	10
9,70583	10
9,70650	10
9,70717	10
9,70783	10
9,70850	11
9,70917	11
9,70983	11
9,71050	11
9,71117	11
9,71183	12
9,71250	12
9,71317	12
9,71383	13
9,71450	13
9,71517	13
9,71583	14
9,71650	14
9,71717	14
9,71783	15
9,71850	15
9,71917	15
9,71983	15
9,72050	15
9,72117	15
9,72183	15
9,72250	15
9,72317	15
9,72383	14
9,72450	14
9,72517	14
9,72583	14
9,72650	14
9,72717	14
9,72783	14
9,72850	14
9,72917	14
9,72983	14
9,73050	14
9,73117	14
9,73183	14
9,73250	14
9,73317	14
9,73383	14
9,73450	14
9,73517	14
9,73583	14
9,73650	14
9,73717	14
9,73783	14
9,73850	14
9,73917	14
9,73983	14
9,74050	14
9,74117	14
9,74183	14
9,74250	14
9,74317	14
9,74383	14
9,74450	14
9,74517	14
9,74583	14
9,74650	14
9,74717	14
9,74783	14
9,74850	14
9,74917	14
9,74983	15
9,75050	15
9,75117	15
9,75183	16
9,75250	16
9,75317	16
9,75383	17
9,75450	17
9,75517	17
9,75583	17
9,75650	17
9,75717	17
9,75783	17
9,75850	17
9,75917	17
9,75983	17
9,76050	17
9,76117	17
9,76183	17
9,76250	17
9,76317	17
9,76383	17
9,76450	17
9,76517	17
9,76583	17
9,76650	17
9,76717	17
9,76783	17
9,76850	17
9,76917	17
9,76983	17
9,77050	17
9,77117	17
9,77183	17
9,77250	17
9,77317	18
9,77383	18
9,77450	18
9,77517	18
9,77583	18
9,77650	18
9,77717	18
9,77783	18
9,77850	18
9,77917	18
9,77983	19
9,78050	19
9,78117	19
9,78183	20
9,78250	20
9,78317	20
9,78383	21
9,78450	21
9,78517	21
9,78583	21
9,78650	21
9,78717	21
9,78783	21
9,78850	21
9,78917	21
9,78983	21
9,79050	21
9,79117	21
9,79183	21
9,79250	21
9,79317	21
9,79383	21
9,79450	21
9,79517	21
9,79583	21
9,79650	22
9,79717	22
9,79783	22
9,79850	22
9,79917	22
9,79983	22
9,80050	22
9,80117	22
9,80183	22
9,80250	22
9,80317	22
9,80383	22
9,80450	23
9,80517	23
9,80583	23
9,80650	23
9,80717	23
9,80783	23
9,80850	23
9,80917	23
9,80983	23
9,81050	23
9,81117	23
9,81183	23
9,81250	23
9,81317	23
9,81383	23
9,81450	23
9,81517	23
9,81583	23
9,81650	23
9,81717	23
9,81783	23
9,81850	23
9,81917	23
9,81983	23
9,82050	22
9,82117	22
9,82183	22
9,82250	22
9,82317	22
9,82383	22
9,82450	22
9,82517	22
9,82583	22
9,82650	22
9,82717	22
9,82783	22
9,82850	22
9,82917	22
9,82983	22
9,83050	22
9,83117	22
9,83183	22
9,83250	21
9,83317	21
9,83383	21
9,83450	22
9,83517	22
9,83583	22
9,83650	22
9,83717	22
9,83783	22
9,83850	22
9,83917	22
9,83983	23
9,84050	23
9,84117	23
9,84183	23
9,84250	23
9,84317	23
9,84383	23
9,84450	23
9,84517	23
9,84583	24
9,84650	24
9,84717	24
9,84783	25
9,84850	25
9,84917	25
9,84983	25
9,85050	25
9,85117	25
9,85183	25
9,85250	25
9,85317	25
9,85383	25
9,85450	25
9,85517	25
9,85583	25
9,85650	25
9,85717	25
9,85783	25
9,85850	25
9,85917	25
9,85983	24
9,86050	24
9,86117	24
9,86183	24
9,86250	24
9,86317	24
9,86383	23
9,86450	23
9,86517	23
9,86583	23
9,86650	23
9,86717	23
9,86783	22
9,86850	22
9,86917	22
9,86983	22
9,87050	22
9,87117	22
9,87183	22
9,87250	22
9,87317	22
9,87383	22
9,87450	21
9,87517	21
9,87583	21
9,87650	21
9,87717	21
9,87783	20
9,87850	20
9,87917	20
9,87983	20
9,88050	20
9,88117	20
9,88183	20
9,88250	20
9,88317	20
9,88383	20
9,88450	21
9,88517	21
9,88583	21
9,88650	21
9,88717	21
9,88783	21
9,88850	21
9,88917	21
9,88983	21
9,89050	21
9,89117	21
9,89183	21
9,89250	21
9,89317	22
9,89383	22
9,89450	22
9,89517	22
9,89583	21
9,89650	21
9,89717	21
9,89783	21
9,89850	21
9,89917	21
9,89983	21
9,90050	21
9,90117	22
9,90183	22
9,90250	22
9,90317	22
9,90383	22
9,90450	22
9,90517	22
9,90583	21
9,90650	21
9,90717	21
9,90783	21
9,90850	21
9,90917	21
9,90983	21
9,91050	21
9,91117	21
9,91183	21
9,91250	21
9,91317	22
9,91383	22
9,91450	22
9,91517	22
9,91583	22
9,91650	22
9,91717	22
9,91783	22
9,91850	22
9,91917	21
9,91983	21
9,92050	21
9,92117	21
9,92183	21
9,92250	21
9,92317	21
9,92383	21
9,92450	21
9,92517	21
9,92583	21
9,92650	22
9,92717	22
9,92783	22
9,92850	22
9,92917	22
9,92983	22
9,93050	22
9,93117	22
9,93183	22
9,93250	22
9,93317	22
9,93383	22
9,93450	22
9,93517	22
9,93583	22
9,93650	21
9,93717	21
9,93783	21
9,93850	20
9,93917	20
9,93983	20
9,94050	19
9,94117	19
9,94183	19
9,94250	19
9,94317	19
9,94383	19
9,94450	19
9,94517	19
9,94583	19
9,94650	19
9,94717	19
9,94783	19
9,94850	19
9,94917	19
9,94983	19
9,95050	19
9,95117	19
9,95183	19
9,95250	19
9,95317	19
9,95383	19
9,95450	19
9,95517	19
9,95583	20
9,95650	20
9,95717	20
9,95783	20
9,95850	20
9,95917	20
9,95983	20
9,96050	20
9,96117	21
9,96183	21
9,96250	21
9,96317	21
9,96383	21
9,96450	22
9,96517	22
9,96583	23
9,96650	23
9,96717	23
9,96783	23
9,96850	24
9,96917	24
9,96983	24
9,97050	24
9,97117	24
9,97183	24
9,97250	24
9,97317	24
9,97383	24
9,97450	24
9,97517	25
9,97583	25
9,97650	25
9,97717	26
9,97783	26
9,97850	26
9,97917	26
9,97983	26
9,98050	26
9,98117	26
9,98183	26
9,98250	26
9,98317	26
9,98383	26
9,98450	26
9,98517	26
9,98583	26
9,98650	26
9,98717	26
9,98783	26
9,98850	26
9,98917	25
9,98983	25
9,99050	25
9,99117	25
9,99183	25
9,99250	24
9,99317	24
9,99383	24
9,99450	24
9,99517	24
9,99583	24
9,99650	24
9,99717	24
9,99783	24
9,99850	24
9,99917	24
9,99983	24
10,00050	24
10,00117	24
10,00183	24
10,00250	24
10,00317	24
10,00383	24
10,00450	25
10,00517	25
10,00583	25
10,00650	25
10,00717	25
10,00783	25
10,00850	24
10,00917	24
10,00983	24
10,01050	24
10,01117	24
10,01183	24
10,01250	23
10,01317	23
10,01383	23
10,01450	23
10,01517	23
10,01583	23
10,01650	23
10,01717	23
10,01783	23
10,01850	23
10,01917	23
10,01983	23
10,02050	23
10,02117	23
10,02183	23
10,02250	23
10,02317	23
10,02383	23
10,02450	23
10,02517	23
10,02583	23
10,02650	23
10,02717	23
10,02783	22
10,02850	22
10,02917	22
10,02983	22
10,03050	22
10,03117	22
10,03183	21
10,03250	21
10,03317	20
10,03383	20
10,03450	20
10,03517	19
10,03583	19
10,03650	19
10,03717	19
10,03783	18
10,03850	18
10,03917	18
10,03983	18
10,04050	18
10,04117	18
10,04183	18
10,04250	18
10,04317	18
10,04383	18
10,04450	18
10,04517	19
10,04583	19
10,04650	19
10,04717	19
10,04783	19
10,04850	20
10,04917	20
10,04983	20
10,05050	20
10,05117	21
10,05183	21
10,05250	21
10,05317	22
10,05383	22
10,05450	23
10,05517	23
10,05583	24
10,05650	24
10,05717	24
10,05783	25
10,05850	25
10,05917	25
10,05983	25
10,06050	26
10,06117	26
10,06183	26
10,06250	26
10,06317	26
10,06383	26
10,06450	26
10,06517	26
10,06583	26
10,06650	26
10,06717	26
10,06783	26
10,06850	25
10,06917	25
10,06983	25
10,07050	25
10,07117	25
10,07183	25
10,07250	25
10,07317	25
10,07383	25
10,07450	25
10,07517	25
10,07583	25
10,07650	25
10,07717	25
10,07783	25
10,07850	24
10,07917	24
10,07983	24
10,08050	24
10,08117	24
10,08183	24
10,08250	24
10,08317	24
10,08383	24
10,08450	23
10,08517	23
10,08583	23
10,08650	23
10,08717	23
10,08783	22
10,08850	22
10,08917	22
10,08983	22
10,09050	22
10,09117	22
10,09183	22
10,09250	22
10,09317	22
10,09383	23
10,09450	23
10,09517	23
10,09583	23
10,09650	23
10,09717	23
10,09783	23
10,09850	23
10,09917	23
10,09983	23
10,10050	23
10,10117	23
10,10183	24
10,10250	24
10,10317	24
10,10383	25
10,10450	25
10,10517	25
10,10583	26
10,10650	26
10,10717	26
10,10783	26
10,10850	26
10,10917	26
10,10983	26
10,11050	26
10,11117	27
10,11183	27
10,11250	27
10,11317	27
10,11383	27
10,11450	27
10,11517	27
10,11583	27
10,11650	27
10,11717	27
10,11783	28
10,11850	28
10,11917	28
10,11983	28
10,12050	28
10,12117	28
10,12183	28
10,12250	28
10,12317	29
10,12383	29
10,12450	29
10,12517	29
10,12583	29
10,12650	29
10,12717	29
10,12783	29
10,12850	29
10,12917	29
10,12983	29
10,13050	29
10,13117	29
10,13183	30
10,13250	30
10,13317	30
10,13383	30
10,13450	30
10,13517	30
10,13583	30
10,13650	30
10,13717	30
10,13783	29
10,13850	29
10,13917	29
10,13983	29
10,14050	29
10,14117	29
10,14183	28
10,14250	28
10,14317	28
10,14383	28
10,14450	28
10,14517	28
10,14583	27
10,14650	27
10,14717	27
10,14783	27
10,14850	27
10,14917	27
10,14983	27
10,15050	27
10,15117	27
10,15183	27
10,15250	27
10,15317	27
10,15383	27
10,15450	26
10,15517	26
10,15583	26
10,15650	26
10,15717	27
10,15783	27
10,15850	27
10,15917	26
10,15983	26
10,16050	26
10,16117	26
10,16183	26
10,16250	26
10,16317	26
10,16383	26
10,16450	26
10,16517	27
10,16583	27
10,16650	27
10,16717	27
10,16783	27
10,16850	27
10,16917	28
10,16983	28
10,17050	28
10,17117	28
10,17183	28
10,17250	28
10,17317	28
10,17383	28
10,17450	27
10,17517	27
10,17583	27
10,17650	27
10,17717	27
10,17783	28
10,17850	28
10,17917	28
10,17983	28
10,18050	28
10,18117	28
10,18183	28
10,18250	28
10,18317	28
10,18383	28
10,18450	28
10,18517	28
10,18583	28
10,18650	28
10,18717	28
10,18783	28
10,18850	28
10,18917	28
10,18983	28
10,19050	28
10,19117	28
10,19183	28
10,19250	28
10,19317	28
10,19383	28
10,19450	28
10,19517	27
10,19583	27
10,19650	27
10,19717	27
10,19783	27
10,19850	27
10,19917	28
10,19983	28
10,20050	28
10,20117	28
10,20183	28
10,20250	28
10,20317	28
10,20383	28
10,20450	29
10,20517	29
10,20583	28
10,20650	28
10,20717	28
10,20783	28
10,20850	28
10,20917	28
10,20983	28
10,21050	28
10,21117	29
10,21183	29
10,21250	29
10,21317	30
10,21383	30
10,21450	30
10,21517	30
10,21583	30
10,21650	30
10,21717	30
10,21783	29
10,21850	29
10,21917	29
10,21983	30
10,22050	30
10,22117	30
10,22183	30
10,22250	30
10,22317	30
10,22383	30
10,22450	30
10,22517	30
10,22583	30
10,22650	30
10,22717	30
10,22783	29
10,22850	29
10,22917	29
10,22983	29
10,23050	28
10,23117	28
10,23183	28
10,23250	28
10,23317	28
10,23383	28
10,23450	28
10,23517	28
10,23583	27
10,23650	27
10,23717	27
10,23783	27
10,23850	27
10,23917	26
10,23983	26
10,24050	26
10,24117	26
10,24183	26
10,24250	26
10,24317	26
10,24383	26
10,24450	26
10,24517	26
10,24583	26
10,24650	26
10,24717	26
10,24783	26
10,24850	26
10,24917	27
10,24983	27
10,25050	27
10,25117	27
10,25183	27
10,25250	27
10,25317	27
10,25383	27
10,25450	27
10,25517	28
10,25583	28
10,25650	28
10,25717	27
10,25783	27
10,25850	27
10,25917	27
10,25983	26
10,26050	26
10,26117	26
10,26183	26
10,26250	26
10,26317	26
10,26383	27
10,26450	27
10,26517	27
10,26583	27
10,26650	27
10,26717	28
10,26783	28
10,26850	28
10,26917	28
10,26983	28
10,27050	28
10,27117	28
10,27183	28
10,27250	28
10,27317	28
10,27383	28
10,27450	28
10,27517	28
10,27583	28
10,27650	28
10,27717	28
10,27783	28
10,27850	28
10,27917	29
10,27983	29
10,28050	29
10,28117	29
10,28183	30
10,28250	30
10,28317	30
10,28383	31
10,28450	31
10,28517	31
10,28583	32
10,28650	32
10,28717	32
10,28783	32
10,28850	32
10,28917	32
10,28983	31
10,29050	31
10,29117	31
10,29183	31
10,29250	31
10,29317	31
10,29383	31
10,29450	31
10,29517	31
10,29583	31
10,29650	31
10,29717	31
10,29783	31
10,29850	31
10,29917	31
10,29983	31
10,30050	30
10,30117	30
10,30183	30
10,30250	30
10,30317	30
10,30383	30
10,30450	29
10,30517	29
10,30583	29
10,30650	29
10,30717	29
10,30783	29
10,30850	29
10,30917	29
10,30983	29
10,31050	29
10,31117	29
10,31183	29
10,31250	29
10,31317	29
10,31383	29
10,31450	29
10,31517	29
10,31583	29
10,31650	30
10,31717	30
10,31783	30
10,31850	30
10,31917	30
10,31983	29
10,32050	29
10,32117	29
10,32183	28
10,32250	28
10,32317	27
10,32383	27
10,32450	26
10,32517	26
10,32583	26
10,32650	26
10,32717	26
10,32783	25
10,32850	25
10,32917	25
10,32983	25
10,33050	25
10,33117	25
10,33183	25
10,33250	25
10,33317	25
10,33383	25
10,33450	25
10,33517	25
10,33583	25
10,33650	25
10,33717	25
10,33783	25
10,33850	25
10,33917	25
10,33983	25
10,34050	25
10,34117	25
10,34183	26
10,34250	26
10,34317	26
10,34383	26
10,34450	26
10,34517	26
10,34583	26
10,34650	26
10,34717	26
10,34783	26
10,34850	26
10,34917	26
10,34983	26
10,35050	26
10,35117	26
10,35183	26
10,35250	26
10,35317	26
10,35383	25
10,35450	25
10,35517	25
10,35583	24
10,35650	24
10,35717	24
10,35783	24
10,35850	24
10,35917	24
10,35983	24
10,36050	24
10,36117	24
10,36183	24
10,36250	24
10,36317	24
10,36383	24
10,36450	24
10,36517	23
10,36583	23
10,36650	23
10,36717	23
10,36783	24
10,36850	24
10,36917	24
10,36983	24
10,37050	24
10,37117	24
10,37183	24
10,37250	24
10,37317	24
10,37383	24
10,37450	25
10,37517	25
10,37583	25
10,37650	24
10,37717	24
10,37783	24
10,37850	24
10,37917	24
10,37983	24
10,38050	24
10,38117	24
10,38183	24
10,38250	24
10,38317	24
10,38383	25
10,38450	25
10,38517	25
10,38583	25
10,38650	25
10,38717	26
10,38783	26
10,38850	26
10,38917	26
10,38983	26
10,39050	26
10,39117	26
10,39183	26
10,39250	26
10,39317	26
10,39383	26
10,39450	26
10,39517	26
10,39583	26
10,39650	26
10,39717	26
10,39783	26
10,39850	26
10,39917	27
10,39983	27
10,40050	27
10,40117	26
10,40183	26
10,40250	27
10,40317	27
10,40383	27
10,40450	27
10,40517	27
10,40583	27
10,40650	27
10,40717	27
10,40783	27
10,40850	27
10,40917	27
10,40983	27
10,41050	27
10,41117	27
10,41183	27
10,41250	27
10,41317	27
10,41383	27
10,41450	28
10,41517	28
10,41583	28
10,41650	28
10,41717	28
10,41783	28
10,41850	28
10,41917	28
10,41983	28
10,42050	28
10,42117	28
10,42183	28
10,42250	28
10,42317	28
10,42383	28
10,42450	28
10,42517	28
10,42583	28
10,42650	28
10,42717	28
10,42783	27
10,42850	27
10,42917	27
10,42983	27
10,43050	27
10,43117	27
10,43183	27
10,43250	27
10,43317	27
10,43383	27
10,43450	27
10,43517	27
10,43583	27
10,43650	27
10,43717	27
10,43783	27
10,43850	27
10,43917	27
10,43983	27
10,44050	27
10,44117	27
10,44183	27
10,44250	27
10,44317	28
10,44383	28
10,44450	28
10,44517	28
10,44583	28
10,44650	28
10,44717	28
10,44783	29
10,44850	29
10,44917	29
10,44983	29
10,45050	29
10,45117	29
10,45183	30
10,45250	30
10,45317	30
10,45383	31
10,45450	31
10,45517	31
10,45583	31
10,45650	31
10,45717	31
10,45783	31
10,45850	32
10,45917	32
10,45983	32
10,46050	32
10,46117	32
10,46183	32
10,46250	31
10,46317	31
10,46383	31
10,46450	31
10,46517	31
10,46583	31
10,46650	30
10,46717	30
10,46783	30
10,46850	30
10,46917	30
10,46983	30
10,47050	29
10,47117	29
10,47183	29
10,47250	29
10,47317	29
10,47383	29
10,47450	29
10,47517	29
10,47583	30
10,47650	30
10,47717	30
10,47783	30
10,47850	31
10,47917	31
10,47983	31
10,48050	31
10,48117	31
10,48183	31
10,48250	31
10,48317	31
10,48383	31
10,48450	31
10,48517	32
10,48583	32
10,48650	32
10,48717	32
10,48783	32
10,48850	32
10,48917	32
10,48983	33
10,49050	33
10,49117	33
10,49183	33
10,49250	33
10,49317	33
10,49383	33
10,49450	33
10,49517	34
10,49583	34
10,49650	34
10,49717	34
10,49783	34
10,49850	34
10,49917	34
10,49983	34
10,50050	34
10,50117	34
10,50183	35
10,50250	34
10,50317	34
10,50383	34
10,50450	34
10,50517	34
10,50583	34
10,50650	33
10,50717	33
10,50783	33
10,50850	33
10,50917	33
10,50983	33
10,51050	33
10,51117	33
10,51183	34
10,51250	34
10,51317	34
10,51383	34
10,51450	34
10,51517	34
10,51583	35
10,51650	35
10,51717	35
10,51783	35
10,51850	36
10,51917	36
10,51983	36
10,52050	36
10,52117	36
10,52183	36
10,52250	36
10,52317	36
10,52383	36
10,52450	36
10,52517	36
10,52583	36
10,52650	36
10,52717	36
10,52783	36
10,52850	36
10,52917	37
10,52983	37
10,53050	37
10,53117	37
10,53183	37
10,53250	37
10,53317	37
10,53383	37
10,53450	37
10,53517	37
10,53583	36
10,53650	36
10,53717	36
10,53783	35
10,53850	35
10,53917	35
10,53983	34
10,54050	34
10,54117	34
10,54183	34
10,54250	34
10,54317	34
10,54383	34
10,54450	34
10,54517	34
10,54583	34
10,54650	34
10,54717	34
10,54783	33
10,54850	33
10,54917	33
10,54983	33
10,55050	32
10,55117	32
10,55183	33
10,55250	33
10,55317	33
10,55383	33
10,55450	33
10,55517	33
10,55583	33
10,55650	33
10,55717	33
10,55783	33
10,55850	33
10,55917	34
10,55983	34
10,56050	34
10,56117	34
10,56183	35
10,56250	35
10,56317	35
10,56383	35
10,56450	35
10,56517	35
10,56583	35
10,56650	35
10,56717	36
10,56783	36
10,56850	36
10,56917	36
10,56983	36
10,57050	36
10,57117	36
10,57183	36
10,57250	36
10,57317	36
10,57383	36
10,57450	35
10,57517	35
10,57583	34
10,57650	34
10,57717	34
10,57783	33
10,57850	33
10,57917	33
10,57983	33
10,58050	33
10,58117	33
10,58183	33
10,58250	33
10,58317	33
10,58383	33
10,58450	33
10,58517	33
10,58583	33
10,58650	34
10,58717	34
10,58783	34
10,58850	34
10,58917	34
10,58983	34
10,59050	35
10,59117	35
10,59183	35
10,59250	35
10,59317	35
10,59383	35
10,59450	35
10,59517	35
10,59583	35
10,59650	35
10,59717	35
10,59783	36
10,59850	35
10,59917	35
10,59983	35
10,60050	35
10,60117	35
10,60183	35
10,60250	35
10,60317	35
10,60383	35
10,60450	35
10,60517	35
10,60583	35
10,60650	35
10,60717	35
10,60783	36
10,60850	36
10,60917	36
10,60983	37
10,61050	37
10,61117	37
10,61183	38
10,61250	38
10,61317	37
10,61383	37
10,61450	37
10,61517	37
10,61583	37
10,61650	37
10,61717	37
10,61783	37
10,61850	37
10,61917	37
10,61983	38
10,62050	38
10,62117	38
10,62183	38
10,62250	38
10,62317	37
10,62383	37
10,62450	37
10,62517	37
10,62583	37
10,62650	36
10,62717	36
10,62783	36
10,62850	36
10,62917	36
10,62983	36
10,63050	36
10,63117	36
10,63183	36
10,63250	36
10,63317	36
10,63383	35
10,63450	35
10,63517	35
10,63583	35
10,63650	35
10,63717	35
10,63783	35
10,63850	35
10,63917	35
10,63983	35
10,64050	35
10,64117	34
10,64183	34
10,64250	34
10,64317	34
10,64383	34
10,64450	34
10,64517	34
10,64583	34
10,64650	34
10,64717	34
10,64783	34
10,64850	34
10,64917	34
10,64983	34
10,65050	33
10,65117	33
10,65183	33
10,65250	33
10,65317	32
10,65383	32
10,65450	32
10,65517	32
10,65583	32
10,65650	32
10,65717	32
10,65783	33
10,65850	33
10,65917	33
10,65983	33
10,66050	33
10,66117	33
10,66183	33
10,66250	34
10,66317	34
10,66383	34
10,66450	34
10,66517	34
10,66583	34
10,66650	34
10,66717	34
10,66783	33
10,66850	33
10,66917	33
10,66983	34
10,67050	34
10,67117	34
10,67183	34
10,67250	34
10,67317	34
10,67383	34
10,67450	34
10,67517	34
10,67583	34
10,67650	34
10,67717	34
10,67783	34
10,67850	34
10,67917	34
10,67983	34
10,68050	33
10,68117	33
10,68183	33
10,68250	33
10,68317	33
10,68383	33
10,68450	33
10,68517	33
10,68583	33
10,68650	34
10,68717	34
10,68783	34
10,68850	35
10,68917	35
10,68983	35
10,69050	35
10,69117	35
10,69183	35
10,69250	35
10,69317	35
10,69383	35
10,69450	35
10,69517	35
10,69583	35
10,69650	35
10,69717	35
10,69783	35
10,69850	35
10,69917	35
10,69983	35
10,70050	35
10,70117	35
10,70183	35
10,70250	35
10,70317	35
10,70383	35
10,70450	36
10,70517	36
10,70583	36
10,70650	36
10,70717	36
10,70783	35
10,70850	35
10,70917	35
10,70983	35
10,71050	35
10,71117	34
10,71183	34
10,71250	34
10,71317	34
10,71383	34
10,71450	34
10,71517	34
10,71583	34
10,71650	34
10,71717	34
10,71783	34
10,71850	35
10,71917	35
10,71983	35
10,72050	35
10,72117	35
10,72183	36
10,72250	37
10,72317	37
10,72383	38
10,72450	38
10,72517	39
10,72583	39
10,72650	39
10,72717	39
10,72783	39
10,72850	39
10,72917	39
10,72983	39
10,73050	39
10,73117	39
10,73183	39
10,73250	39
10,73317	39
10,73383	39
10,73450	39
10,73517	39
10,73583	39
10,73650	39
10,73717	39
10,73783	39
10,73850	39
10,73917	39
10,73983	39
10,74050	39
10,74117	39
10,74183	39
10,74250	39
10,74317	39
10,74383	39
10,74450	39
10,74517	39
10,74583	39
10,74650	39
10,74717	39
10,74783	39
10,74850	39
10,74917	39
10,74983	39
10,75050	39
10,75117	39
10,75183	39
10,75250	39
10,75317	39
10,75383	39
10,75450	40
10,75517	40
10,75583	40
10,75650	40
10,75717	40
10,75783	40
10,75850	40
10,75917	39
10,75983	39
10,76050	38
10,76117	38
10,76183	38
10,76250	38
10,76317	38
10,76383	38
10,76450	37
10,76517	37
10,76583	37
10,76650	37
10,76717	36
10,76783	36
10,76850	36
10,76917	36
10,76983	35
10,77050	35
10,77117	35
10,77183	34
10,77250	34
10,77317	34
10,77383	33
10,77450	33
10,77517	33
10,77583	33
10,77650	33
10,77717	33
10,77783	34
10,77850	34
10,77917	34
10,77983	33
10,78050	33
10,78117	33
10,78183	33
10,78250	33
10,78317	33
10,78383	33
10,78450	33
10,78517	33
10,78583	33
10,78650	34
10,78717	34
10,78783	34
10,78850	34
10,78917	34
10,78983	34
10,79050	34
10,79117	35
10,79183	35
10,79250	35
10,79317	35
10,79383	36
10,79450	36
10,79517	36
10,79583	37
10,79650	37
10,79717	37
10,79783	37
10,79850	37
10,79917	38
10,79983	38
10,80050	38
10,80117	38
10,80183	38
10,80250	37
10,80317	37
10,80383	37
10,80450	37
10,80517	37
10,80583	37
10,80650	37
10,80717	37
10,80783	37
10,80850	37
10,80917	37
10,80983	36
10,81050	36
10,81117	36
10,81183	36
10,81250	35
10,81317	35
10,81383	34
10,81450	34
10,81517	34
10,81583	34
10,81650	34
10,81717	34
10,81783	34
10,81850	34
10,81917	35
10,81983	35
10,82050	35
10,82117	35
10,82183	35
10,82250	36
10,82317	36
10,82383	36
10,82450	36
10,82517	36
10,82583	35
10,82650	35
10,82717	35
10,82783	35
10,82850	34
10,82917	34
10,82983	34
10,83050	34
10,83117	35
10,83183	35
10,83250	34
10,83317	34
10,83383	34
10,83450	34
10,83517	33
10,83583	33
10,83650	33
10,83717	33
10,83783	33
10,83850	33
10,83917	33
10,83983	33
10,84050	33
10,84117	33
10,84183	33
10,84250	33
10,84317	33
10,84383	33
10,84450	33
10,84517	33
10,84583	33
10,84650	33
10,84717	34
10,84783	34
10,84850	34
10,84917	34
10,84983	34
10,85050	34
10,85117	34
10,85183	34
10,85250	34
10,85317	34
10,85383	34
10,85450	34
10,85517	34
10,85583	34
10,85650	34
10,85717	34
10,85783	34
10,85850	35
10,85917	35
10,85983	35
10,86050	35
10,86117	35
10,86183	34
10,86250	35
10,86317	35
10,86383	35
10,86450	35
10,86517	35
10,86583	34
10,86650	34
10,86717	34
10,86783	34
10,86850	34
10,86917	34
10,86983	34
10,87050	34
10,87117	34
10,87183	34
10,87250	34
10,87317	35
10,87383	35
10,87450	35
10,87517	35
10,87583	35
10,87650	35
10,87717	34
10,87783	34
10,87850	34
10,87917	34
10,87983	34
10,88050	34
10,88117	34
10,88183	34
10,88250	34
10,88317	34
10,88383	34
10,88450	34
10,88517	34
10,88583	34
10,88650	34
10,88717	34
10,88783	34
10,88850	34
10,88917	34
10,88983	33
10,89050	33
10,89117	33
10,89183	33
10,89250	33
10,89317	33
10,89383	33
10,89450	33
10,89517	33
10,89583	33
10,89650	33
10,89717	33
10,89783	33
10,89850	33
10,89917	33
10,89983	33
10,90050	33
10,90117	34
10,90183	34
10,90250	34
10,90317	34
10,90383	34
10,90450	34
10,90517	34
10,90583	34
10,90650	34
10,90717	34
10,90783	34
10,90850	34
10,90917	35
10,90983	35
10,91050	35
10,91117	35
10,91183	35
10,91250	35
10,91317	35
10,91383	35
10,91450	35
10,91517	34
10,91583	34
10,91650	34
10,91717	34
10,91783	34
10,91850	35
10,91917	35
10,91983	35
10,92050	35
10,92117	35
10,92183	36
10,92250	36
10,92317	36
10,92383	36
10,92450	36
10,92517	36
10,92583	36
10,92650	36
10,92717	36
10,92783	36
10,92850	36
10,92917	36
10,92983	36
10,93050	36
10,93117	36
10,93183	36
10,93250	37
10,93317	37
10,93383	37
10,93450	37
10,93517	37
10,93583	37
10,93650	37
10,93717	37
10,93783	37
10,93850	37
10,93917	37
10,93983	38
10,94050	38
10,94117	38
10,94183	38
10,94250	38
10,94317	38
10,94383	38
10,94450	38
10,94517	38
10,94583	37
10,94650	37
10,94717	37
10,94783	37
10,94850	37
10,94917	37
10,94983	37
10,95050	37
10,95117	37
10,95183	37
10,95250	37
10,95317	37
10,95383	37
10,95450	38
10,95517	38
10,95583	38
10,95650	38
10,95717	38
10,95783	38
10,95850	38
10,95917	38
10,95983	38
10,96050	38
10,96117	38
10,96183	38
10,96250	38
10,96317	38
10,96383	38
10,96450	38
10,96517	38
10,96583	38
10,96650	37
10,96717	37
10,96783	37
10,96850	37
10,96917	36
10,96983	36
10,97050	35
10,97117	35
10,97183	34
10,97250	34
10,97317	34
10,97383	33
10,97450	33
10,97517	33
10,97583	32
10,97650	32
10,97717	32
10,97783	32
10,97850	32
10,97917	32
10,97983	32
10,98050	32
10,98117	32
10,98183	32
10,98250	32
10,98317	31
10,98383	31
10,98450	31
10,98517	31
10,98583	31
10,98650	31
10,98717	31
10,98783	31
10,98850	31
10,98917	31
10,98983	31
10,99050	31
10,99117	31
10,99183	31
10,99250	31
10,99317	31
10,99383	31
10,99450	31
10,99517	31
10,99583	31
10,99650	31
10,99717	31
10,99783	31
10,99850	32
10,99917	32
10,99983	32
11,00050	33
11,00117	33
11,00183	33
11,00250	34
11,00317	34
11,00383	34
11,00450	34
11,00517	34
11,00583	35
11,00650	35
11,00717	35
11,00783	35
11,00850	35
11,00917	36
11,00983	36
11,01050	36
11,01117	37
11,01183	37
11,01250	37
11,01317	37
11,01383	38
11,01450	38
11,01517	38
11,01583	38
11,01650	38
11,01717	38
11,01783	38
11,01850	38
11,01917	38
11,01983	38
11,02050	37
11,02117	37
11,02183	37
11,02250	37
11,02317	38
11,02383	38
11,02450	38
11,02517	38
11,02583	38
11,02650	39
11,02717	39
11,02783	39
11,02850	39
11,02917	39
11,02983	40
11,03050	40
11,03117	40
11,03183	40
11,03250	40
11,03317	40
11,03383	40
11,03450	40
11,03517	40
11,03583	40
11,03650	41
11,03717	41
11,03783	41
11,03850	41
11,03917	41
11,03983	42
11,04050	42
11,04117	42
11,04183	42
11,04250	42
11,04317	43
11,04383	43
11,04450	43
11,04517	43
11,04583	43
11,04650	43
11,04717	43
11,04783	43
11,04850	43
11,04917	43
11,04983	43
11,05050	43
11,05117	43
11,05183	43
11,05250	43
11,05317	43
11,05383	43
11,05450	43
11,05517	43
11,05583	43
11,05650	43
11,05717	43
11,05783	44
11,05850	44
11,05917	44
11,05983	44
11,06050	44
11,06117	44
11,06183	44
11,06250	44
11,06317	44
11,06383	44
11,06450	44
11,06517	44
11,06583	44
11,06650	44
11,06717	44
11,06783	44
11,06850	43
11,06917	43
11,06983	43
11,07050	43
11,07117	42
11,07183	42
11,07250	42
11,07317	42
11,07383	42
11,07450	41
11,07517	41
11,07583	41
11,07650	41
11,07717	41
11,07783	41
11,07850	41
11,07917	41
11,07983	41
11,08050	41
11,08117	41
11,08183	41
11,08250	41
11,08317	41
11,08383	41
11,08450	41
11,08517	41
11,08583	41
11,08650	41
11,08717	41
11,08783	41
11,08850	41
11,08917	41
11,08983	42
11,09050	42
11,09117	41
11,09183	41
11,09250	41
11,09317	41
11,09383	41
11,09450	41
11,09517	41
11,09583	41
11,09650	41
11,09717	41
11,09783	41
11,09850	41
11,09917	41
11,09983	41
11,10050	41
11,10117	41
11,10183	41
11,10250	41
11,10317	41
11,10383	41
11,10450	41
11,10517	41
11,10583	41
11,10650	41
11,10717	41
11,10783	42
11,10850	42
11,10917	42
11,10983	42
11,11050	43
11,11117	43
11,11183	43
11,11250	43
11,11317	44
11,11383	44
11,11450	44
11,11517	45
11,11583	45
11,11650	45
11,11717	46
11,11783	46
11,11850	47
11,11917	47
11,11983	47
11,12050	47
11,12117	47
11,12183	47
11,12250	47
11,12317	47
11,12383	47
11,12450	47
11,12517	47
11,12583	47
11,12650	47
11,12717	47
11,12783	47
11,12850	46
11,12917	46
11,12983	46
11,13050	46
11,13117	46
11,13183	46
11,13250	46
11,13317	46
11,13383	46
11,13450	46
11,13517	46
11,13583	46
11,13650	46
11,13717	45
11,13783	45
11,13850	45
11,13917	45
11,13983	45
11,14050	45
11,14117	45
11,14183	45
11,14250	45
11,14317	45
11,14383	45
11,14450	45
11,14517	44
11,14583	44
11,14650	44
11,14717	44
11,14783	44
11,14850	44
11,14917	45
11,14983	44
11,15050	44
11,15117	44
11,15183	44
11,15250	44
11,15317	44
11,15383	44
11,15450	44
11,15517	43
11,15583	43
11,15650	43
11,15717	43
11,15783	43
11,15850	43
11,15917	43
11,15983	42
11,16050	42
11,16117	42
11,16183	42
11,16250	41
11,16317	41
11,16383	41
11,16450	40
11,16517	40
11,16583	40
11,16650	40
11,16717	40
11,16783	40
11,16850	40
11,16917	40
11,16983	40
11,17050	40
11,17117	40
11,17183	41
11,17250	41
11,17317	41
11,17383	41
11,17450	41
11,17517	41
11,17583	41
11,17650	41
11,17717	41
11,17783	41
11,17850	41
11,17917	42
11,17983	42
11,18050	42
11,18117	42
11,18183	42
11,18250	42
11,18317	42
11,18383	42
11,18450	42
11,18517	42
11,18583	42
11,18650	42
11,18717	42
11,18783	42
11,18850	42
11,18917	41
11,18983	42
11,19050	42
11,19117	42
11,19183	42
11,19250	42
11,19317	42
11,19383	42
11,19450	42
11,19517	42
11,19583	42
11,19650	42
11,19717	43
11,19783	43
11,19850	43
11,19917	43
11,19983	44
11,20050	44
11,20117	44
11,20183	44
11,20250	44
11,20317	44
11,20383	44
11,20450	44
11,20517	44
11,20583	44
11,20650	44
11,20717	44
11,20783	43
11,20850	44
11,20917	44
11,20983	44
11,21050	44
11,21117	44
11,21183	45
11,21250	45
11,21317	45
11,21383	45
11,21450	45
11,21517	45
11,21583	45
11,21650	45
11,21717	45
11,21783	45
11,21850	45
11,21917	44
11,21983	44
11,22050	44
11,22117	44
11,22183	44
11,22250	44
11,22317	44
11,22383	44
11,22450	44
11,22517	43
11,22583	43
11,22650	43
11,22717	43
11,22783	43
11,22850	43
11,22917	43
11,22983	43
11,23050	43
11,23117	43
11,23183	43
11,23250	43
11,23317	42
11,23383	42
11,23450	42
11,23517	42
11,23583	42
11,23650	42
11,23717	42
11,23783	41
11,23850	41
11,23917	41
11,23983	41
11,24050	41
11,24117	41
11,24183	40
11,24250	40
11,24317	40
11,24383	40
11,24450	40
11,24517	40
11,24583	40
11,24650	39
11,24717	40
11,24783	40
11,24850	39
11,24917	39
11,24983	39
11,25050	39
11,25117	39
11,25183	39
11,25250	39
11,25317	39
11,25383	39
11,25450	39
11,25517	39
11,25583	39
11,25650	39
11,25717	39
11,25783	39
11,25850	39
11,25917	39
11,25983	38
11,26050	38
11,26117	38
11,26183	38
11,26250	38
11,26317	38
11,26383	38
11,26450	38
11,26517	39
11,26583	39
11,26650	39
11,26717	39
11,26783	39
11,26850	39
11,26917	39
11,26983	39
11,27050	39
11,27117	39
11,27183	39
11,27250	39
11,27317	39
11,27383	39
11,27450	39
11,27517	39
11,27583	39
11,27650	39
11,27717	39
11,27783	39
11,27850	39
11,27917	39
11,27983	39
11,28050	39
11,28117	39
11,28183	39
11,28250	38
11,28317	38
11,28383	38
11,28450	38
11,28517	38
11,28583	38
11,28650	38
11,28717	38
11,28783	38
11,28850	38
11,28917	38
11,28983	38
11,29050	38
11,29117	37
11,29183	37
11,29250	37
11,29317	37
11,29383	37
11,29450	37
11,29517	37
11,29583	36
11,29650	36
11,29717	36
11,29783	36
11,29850	36
11,29917	36
11,29983	36
11,30050	36
11,30117	36
11,30183	36
11,30250	36
11,30317	36
11,30383	36
11,30450	36
11,30517	36
11,30583	37
11,30650	37
11,30717	37
11,30783	37
11,30850	37
11,30917	37
11,30983	37
11,31050	36
11,31117	36
11,31183	36
11,31250	36
11,31317	36
11,31383	35
11,31450	35
11,31517	35
11,31583	35
11,31650	35
11,31717	35
11,31783	35
11,31850	35
11,31917	36
11,31983	36
11,32050	36
11,32117	36
11,32183	36
11,32250	37
11,32317	37
11,32383	37
11,32450	37
11,32517	37
11,32583	37
11,32650	37
11,32717	37
11,32783	37
11,32850	37
11,32917	37
11,32983	36
11,33050	36
11,33117	36
11,33183	36
11,33250	36
11,33317	36
11,33383	37
11,33450	37
11,33517	37
11,33583	37
11,33650	37
11,33717	37
11,33783	37
11,33850	37
11,33917	37
11,33983	37
11,34050	37
11,34117	37
11,34183	38
11,34250	38
11,34317	38
11,34383	38
11,34450	38
11,34517	38
11,34583	38
11,34650	38
11,34717	37
11,34783	37
11,34850	37
11,34917	36
11,34983	36
11,35050	36
11,35117	35
11,35183	35
11,35250	35
11,35317	35
11,35383	35
11,35450	35
11,35517	34
11,35583	34
11,35650	34
11,35717	34
11,35783	34
11,35850	34
11,35917	34
11,35983	34
11,36050	35
11,36117	35
11,36183	35
11,36250	34
11,36317	34
11,36383	34
11,36450	34
11,36517	34
11,36583	34
11,36650	34
11,36717	34
11,36783	34
11,36850	34
11,36917	34
11,36983	34
11,37050	35
11,37117	35
11,37183	35
11,37250	35
11,37317	36
11,37383	36
11,37450	36
11,37517	36
11,37583	36
11,37650	36
11,37717	36
11,37783	36
11,37850	36
11,37917	36
11,37983	36
11,38050	36
11,38117	35
11,38183	35
11,38250	35
11,38317	35
11,38383	36
11,38450	36
11,38517	36
11,38583	36
11,38650	37
11,38717	37
11,38783	37
11,38850	37
11,38917	37
11,38983	36
11,39050	36
11,39117	36
11,39183	36
11,39250	35
11,39317	35
11,39383	35
11,39450	35
11,39517	35
11,39583	35
11,39650	35
11,39717	35
11,39783	35
11,39850	34
11,39917	34
11,39983	34
11,40050	33
11,40117	33
11,40183	33
11,40250	32
11,40317	32
11,40383	32
11,40450	32
11,40517	32
11,40583	31
11,40650	31
11,40717	31
11,40783	31
11,40850	31
11,40917	31
11,40983	31
11,41050	31
11,41117	32
11,41183	32
11,41250	32
11,41317	32
11,41383	32
11,41450	32
11,41517	32
11,41583	32
11,41650	33
11,41717	33
11,41783	33
11,41850	34
11,41917	34
11,41983	34
11,42050	34
11,42117	34
11,42183	34
11,42250	34
11,42317	34
11,42383	35
11,42450	35
11,42517	35
11,42583	35
11,42650	35
11,42717	35
11,42783	35
11,42850	35
11,42917	35
11,42983	35
11,43050	35
11,43117	35
11,43183	35
11,43250	35
11,43317	35
11,43383	35
11,43450	35
11,43517	35
11,43583	35
11,43650	35
11,43717	35
11,43783	35
11,43850	35
11,43917	35
11,43983	35
11,44050	35
11,44117	35
11,44183	34
11,44250	34
11,44317	34
11,44383	34
11,44450	34
11,44517	34
11,44583	34
11,44650	34
11,44717	34
11,44783	34
11,44850	34
11,44917	35
11,44983	35
11,45050	35
11,45117	35
11,45183	34
11,45250	34
11,45317	34
11,45383	34
11,45450	33
11,45517	33
11,45583	33
11,45650	33
11,45717	32
11,45783	32
11,45850	32
11,45917	32
11,45983	32
11,46050	32
11,46117	32
11,46183	32
11,46250	32
11,46317	32
11,46383	32
11,46450	32
11,46517	32
11,46583	32
11,46650	32
11,46717	32
11,46783	32
11,46850	32
11,46917	33
11,46983	33
11,47050	33
11,47117	33
11,47183	33
11,47250	33
11,47317	33
11,47383	33
11,47450	33
11,47517	33
11,47583	33
11,47650	33
11,47717	33
11,47783	34
11,47850	34
11,47917	33
11,47983	33
11,48050	33
11,48117	33
11,48183	33
11,48250	33
11,48317	33
11,48383	33
11,48450	33
11,48517	33
11,48583	33
11,48650	33
11,48717	33
11,48783	33
11,48850	34
11,48917	34
11,48983	34
11,49050	34
11,49117	34
11,49183	34
11,49250	34
11,49317	34
11,49383	34
11,49450	35
11,49517	35
11,49583	35
11,49650	35
11,49717	35
11,49783	35
11,49850	35
11,49917	35
11,49983	36
11,50050	36
11,50117	36
11,50183	37
11,50250	37
11,50317	37
11,50383	38
11,50450	38
11,50517	39
11,50583	39
11,50650	39
11,50717	39
11,50783	40
11,50850	40
11,50917	40
11,50983	40
11,51050	41
11,51117	41
11,51183	41
11,51250	41
11,51317	41
11,51383	41
11,51450	41
11,51517	41
11,51583	41
11,51650	41
11,51717	41
11,51783	42
11,51850	42
11,51917	42
11,51983	41
11,52050	41
11,52117	41
11,52183	41
11,52250	41
11,52317	41
11,52383	41
11,52450	41
11,52517	41
11,52583	41
11,52650	40
11,52717	40
11,52783	40
11,52850	40
11,52917	40
11,52983	40
11,53050	40
11,53117	41
11,53183	41
11,53250	41
11,53317	41
11,53383	41
11,53450	41
11,53517	41
11,53583	42
11,53650	42
11,53717	42
11,53783	42
11,53850	42
11,53917	42
11,53983	43
11,54050	43
11,54117	43
11,54183	43
11,54250	43
11,54317	43
11,54383	43
11,54450	43
11,54517	42
11,54583	42
11,54650	42
11,54717	42
11,54783	42
11,54850	42
11,54917	42
11,54983	42
11,55050	42
11,55117	43
11,55183	43
11,55250	43
11,55317	44
11,55383	44
11,55450	44
11,55517	44
11,55583	44
11,55650	44
11,55717	45
11,55783	45
11,55850	45
11,55917	45
11,55983	45
11,56050	44
11,56117	44
11,56183	44
11,56250	44
11,56317	44
11,56383	44
11,56450	44
11,56517	44
11,56583	43
11,56650	43
11,56717	43
11,56783	43
11,56850	43
11,56917	43
11,56983	43
11,57050	42
11,57117	42
11,57183	42
11,57250	42
11,57317	41
11,57383	41
11,57450	41
11,57517	41
11,57583	41
11,57650	41
11,57717	41
11,57783	41
11,57850	41
11,57917	41
11,57983	41
11,58050	41
11,58117	41
11,58183	41
11,58250	41
11,58317	42
11,58383	42
11,58450	42
11,58517	42
11,58583	42
11,58650	42
11,58717	42
11,58783	42
11,58850	42
11,58917	42
11,58983	42
11,59050	42
11,59117	42
11,59183	41
11,59250	41
11,59317	41
11,59383	41
11,59450	40
11,59517	40
11,59583	39
11,59650	39
11,59717	39
11,59783	39
11,59850	39
11,59917	39
11,59983	39
11,60050	39
11,60117	39
11,60183	39
11,60250	39
11,60317	39
11,60383	40
11,60450	40
11,60517	40
11,60583	40
11,60650	41
11,60717	41
11,60783	42
11,60850	42
11,60917	42
11,60983	43
11,61050	43
11,61117	43
11,61183	43
11,61250	43
11,61317	43
11,61383	43
11,61450	43
11,61517	43
11,61583	43
11,61650	43
11,61717	43
11,61783	44
11,61850	44
11,61917	44
11,61983	45
11,62050	45
11,62117	45
11,62183	45
11,62250	46
11,62317	45
11,62383	45
11,62450	45
11,62517	45
11,62583	45
11,62650	45
11,62717	44
11,62783	45
11,62850	45
11,62917	45
11,62983	45
11,63050	45
11,63117	45
11,63183	45
11,63250	45
11,63317	45
11,63383	45
11,63450	45
11,63517	45
11,63583	45
11,63650	45
11,63717	45
11,63783	45
11,63850	45
11,63917	46
11,63983	46
11,64050	46
11,64117	46
11,64183	46
11,64250	46
11,64317	46
11,64383	46
11,64450	46
11,64517	46
11,64583	46
11,64650	46
11,64717	46
11,64783	46
11,64850	46
11,64917	46
11,64983	46
11,65050	47
11,65117	47
11,65183	47
11,65250	47
11,65317	47
11,65383	47
11,65450	47
11,65517	47
11,65583	46
11,65650	46
11,65717	46
11,65783	45
11,65850	45
11,65917	45
11,65983	45
11,66050	45
11,66117	45
11,66183	45
11,66250	45
11,66317	45
11,66383	45
11,66450	46
11,66517	46
11,66583	46
11,66650	46
11,66717	46
11,66783	46
11,66850	46
11,66917	46
11,66983	46
11,67050	45
11,67117	45
11,67183	45
11,67250	45
11,67317	45
11,67383	44
11,67450	44
11,67517	44
11,67583	44
11,67650	44
11,67717	44
11,67783	44
11,67850	44
11,67917	44
11,67983	44
11,68050	45
11,68117	45
11,68183	45
11,68250	45
11,68317	45
11,68383	46
11,68450	46
11,68517	46
11,68583	46
11,68650	46
11,68717	46
11,68783	46
11,68850	46
11,68917	46
11,68983	46
11,69050	46
11,69117	46
11,69183	46
11,69250	46
11,69317	46
11,69383	46
11,69450	46
11,69517	46
11,69583	46
11,69650	46
11,69717	46
11,69783	45
11,69850	45
11,69917	45
11,69983	45
11,70050	45
11,70117	45
11,70183	45
11,70250	45
11,70317	45
11,70383	45
11,70450	45
11,70517	45
11,70583	45
11,70650	46
11,70717	46
11,70783	46
11,70850	46
11,70917	46
11,70983	46
11,71050	46
11,71117	45
11,71183	45
11,71250	45
11,71317	46
11,71383	46
11,71450	46
11,71517	46
11,71583	46
11,71650	46
11,71717	46
11,71783	46
11,71850	46
11,71917	46
11,71983	46
11,72050	46
11,72117	46
11,72183	46
11,72250	46
11,72317	46
11,72383	46
11,72450	46
11,72517	46
11,72583	46
11,72650	46
11,72717	46
11,72783	46
11,72850	45
11,72917	45
11,72983	45
11,73050	45
11,73117	45
11,73183	45
11,73250	44
11,73317	44
11,73383	44
11,73450	44
11,73517	44
11,73583	44
11,73650	44
11,73717	44
11,73783	45
11,73850	45
11,73917	45
11,73983	45
11,74050	45
11,74117	46
11,74183	46
11,74250	46
11,74317	46
11,74383	46
11,74450	46
11,74517	46
11,74583	46
11,74650	47
11,74717	47
11,74783	47
11,74850	47
11,74917	47
11,74983	48
11,75050	48
11,75117	48
11,75183	47
11,75250	47
11,75317	47
11,75383	47
11,75450	47
11,75517	46
11,75583	46
11,75650	46
11,75717	46
11,75783	46
11,75850	46
11,75917	46
11,75983	46
11,76050	47
11,76117	47
11,76183	47
11,76250	47
11,76317	47
11,76383	47
11,76450	47
11,76517	47
11,76583	47
11,76650	48
11,76717	48
11,76783	48
11,76850	48
11,76917	49
11,76983	49
11,77050	49
11,77117	49
11,77183	49
11,77250	49
11,77317	49
11,77383	49
11,77450	49
11,77517	48
11,77583	48
11,77650	48
11,77717	48
11,77783	48
11,77850	48
11,77917	48
11,77983	48
11,78050	47
11,78117	47
11,78183	47
11,78250	47
11,78317	47
11,78383	47
11,78450	47
11,78517	47
11,78583	47
11,78650	47
11,78717	47
11,78783	47
11,78850	47
11,78917	47
11,78983	48
11,79050	48
11,79117	48
11,79183	48
11,79250	48
11,79317	48
11,79383	49
11,79450	49
11,79517	49
11,79583	49
11,79650	49
11,79717	49
11,79783	49
11,79850	50
11,79917	50
11,79983	50
11,80050	50
11,80117	51
11,80183	51
11,80250	51
11,80317	51
11,80383	51
11,80450	50
11,80517	50
11,80583	50
11,80650	50
11,80717	50
11,80783	50
11,80850	50
11,80917	50
11,80983	50
11,81050	49
11,81117	49
11,81183	49
11,81250	49
11,81317	49
11,81383	49
11,81450	48
11,81517	48
11,81583	48
11,81650	48
11,81717	47
11,81783	47
11,81850	47
11,81917	47
11,81983	47
11,82050	47
11,82117	47
11,82183	47
11,82250	47
11,82317	47
11,82383	47
11,82450	47
11,82517	47
11,82583	48
11,82650	48
11,82717	48
11,82783	48
11,82850	48
11,82917	48
11,82983	48
11,83050	48
11,83117	49
11,83183	49
11,83250	49
11,83317	49
11,83383	49
11,83450	49
11,83517	49
11,83583	49
11,83650	49
11,83717	50
11,83783	50
11,83850	50
11,83917	50
11,83983	50
11,84050	50
11,84117	50
11,84183	51
11,84250	51
11,84317	51
11,84383	51
11,84450	51
11,84517	51
11,84583	51
11,84650	51
11,84717	51
11,84783	50
11,84850	50
11,84917	50
11,84983	50
11,85050	51
11,85117	51
11,85183	51
11,85250	51
11,85317	51
11,85383	51
11,85450	51
11,85517	51
11,85583	50
11,85650	50
11,85717	50
11,85783	50
11,85850	49
11,85917	49
11,85983	49
11,86050	49
11,86117	49
11,86183	48
11,86250	48
11,86317	48
11,86383	48
11,86450	48
11,86517	48
11,86583	47
11,86650	47
11,86717	46
11,86783	46
11,86850	46
11,86917	45
11,86983	45
11,87050	45
11,87117	45
11,87183	45
11,87250	45
11,87317	46
11,87383	46
11,87450	46
11,87517	46
11,87583	46
11,87650	46
11,87717	46
11,87783	46
11,87850	45
11,87917	45
11,87983	45
11,88050	44
11,88117	44
11,88183	44
11,88250	44
11,88317	44
11,88383	44
11,88450	44
11,88517	44
11,88583	44
11,88650	44
11,88717	44
11,88783	44
11,88850	44
11,88917	44
11,88983	44
11,89050	43
11,89117	44
11,89183	44
11,89250	44
11,89317	44
11,89383	44
11,89450	44
11,89517	45
11,89583	45
11,89650	45
11,89717	45
11,89783	45
11,89850	45
11,89917	46
11,89983	46
11,90050	46
11,90117	46
11,90183	46
11,90250	46
11,90317	46
11,90383	46
11,90450	46
11,90517	46
11,90583	46
11,90650	46
11,90717	46
11,90783	47
11,90850	47
11,90917	47
11,90983	47
11,91050	47
11,91117	47
11,91183	47
11,91250	47
11,91317	47
11,91383	48
11,91450	48
11,91517	49
11,91583	49
11,91650	49
11,91717	50
11,91783	50
11,91850	51
11,91917	51
11,91983	51
11,92050	52
11,92117	52
11,92183	52
11,92250	53
11,92317	53
11,92383	53
11,92450	53
11,92517	53
11,92583	54
11,92650	54
11,92717	54
11,92783	55
11,92850	55
11,92917	56
11,92983	56
11,93050	56
11,93117	57
11,93183	57
11,93250	57
11,93317	58
11,93383	58
11,93450	58
11,93517	58
11,93583	58
11,93650	58
11,93717	58
11,93783	59
11,93850	59
11,93917	59
11,93983	59
11,94050	59
11,94117	59
11,94183	59
11,94250	60
11,94317	60
11,94383	60
11,94450	60
11,94517	61
11,94583	61
11,94650	61
11,94717	61
11,94783	61
11,94850	61
11,94917	62
11,94983	62
11,95050	62
11,95117	62
11,95183	62
11,95250	62
11,95317	62
11,95383	62
11,95450	62
11,95517	62
11,95583	61
11,95650	61
11,95717	61
11,95783	61
11,95850	61
11,95917	61
11,95983	61
11,96050	61
11,96117	61
11,96183	61
11,96250	61
11,96317	61
11,96383	60
11,96450	60
11,96517	60
11,96583	60
11,96650	59
11,96717	59
11,96783	59
11,96850	59
11,96917	59
11,96983	59
11,97050	59
11,97117	59
11,97183	59
11,97250	59
11,97317	59
11,97383	59
11,97450	59
11,97517	59
11,97583	58
11,97650	58
11,97717	58
11,97783	58
11,97850	58
11,97917	57
11,97983	57
11,98050	57
11,98117	57
11,98183	56
11,98250	56
11,98317	56
11,98383	55
11,98450	55
11,98517	55
11,98583	54
11,98650	54
11,98717	54
11,98783	54
11,98850	54
11,98917	54
11,98983	54
11,99050	54
11,99117	54
11,99183	54
11,99250	54
11,99317	54
11,99383	54
11,99450	54
11,99517	54
11,99583	54
11,99650	54
11,99717	54
11,99783	54
11,99850	54
11,99917	54
11,99983	54
12,00050	54
12,00117	54
12,00183	54
12,00250	54
12,00317	54
12,00383	54
12,00450	54
12,00517	54
12,00583	54
12,00650	55
12,00717	55
12,00783	55
12,00850	56
12,00917	56
12,00983	56
12,01050	56
12,01117	56
12,01183	56
12,01250	56
12,01317	56
12,01383	56
12,01450	55
12,01517	55
12,01583	55
12,01650	55
12,01717	54
12,01783	54
12,01850	54
12,01917	53
12,01983	53
12,02050	53
12,02117	53
12,02183	53
12,02250	53
12,02317	53
12,02383	53
12,02450	53
12,02517	53
12,02583	53
12,02650	53
12,02717	53
12,02783	53
12,02850	52
12,02917	52
12,02983	52
12,03050	52
12,03117	52
12,03183	52
12,03250	52
12,03317	52
12,03383	51
12,03450	51
12,03517	51
12,03583	51
12,03650	51
12,03717	51
12,03783	51
12,03850	51
12,03917	51
12,03983	51
12,04050	51
12,04117	51
12,04183	51
12,04250	51
12,04317	51
12,04383	51
12,04450	51
12,04517	51
12,04583	51
12,04650	51
12,04717	52
12,04783	52
12,04850	52
12,04917	52
12,04983	52
12,05050	52
12,05117	52
12,05183	52
12,05250	52
12,05317	51
12,05383	51
12,05450	51
12,05517	51
12,05583	51
12,05650	51
12,05717	50
12,05783	50
12,05850	50
12,05917	50
12,05983	50
12,06050	49
12,06117	49
12,06183	49
12,06250	49
12,06317	49
12,06383	49
12,06450	49
12,06517	49
12,06583	49
12,06650	49
12,06717	48
12,06783	48
12,06850	48
12,06917	48
12,06983	48
12,07050	48
12,07117	48
12,07183	48
12,07250	47
12,07317	47
12,07383	47
12,07450	47
12,07517	47
12,07583	47
12,07650	47
12,07717	47
12,07783	46
12,07850	46
12,07917	46
12,07983	46
12,08050	46
12,08117	47
12,08183	47
12,08250	47
12,08317	47
12,08383	47
12,08450	47
12,08517	47
12,08583	47
12,08650	47
12,08717	47
12,08783	47
12,08850	47
12,08917	47
12,08983	47
12,09050	46
12,09117	46
12,09183	46
12,09250	46
12,09317	46
12,09383	45
12,09450	45
12,09517	45
12,09583	45
12,09650	45
12,09717	45
12,09783	45
12,09850	45
12,09917	46
12,09983	46
12,10050	46
12,10117	46
12,10183	46
12,10250	46
12,10317	46
12,10383	46
12,10450	46
12,10517	46
12,10583	46
12,10650	46
12,10717	46
12,10783	46
12,10850	46
12,10917	46
12,10983	46
12,11050	47
12,11117	47
12,11183	47
12,11250	47
12,11317	47
12,11383	47
12,11450	47
12,11517	47
12,11583	47
12,11650	47
12,11717	47
12,11783	47
12,11850	47
12,11917	47
12,11983	47
12,12050	46
12,12117	46
12,12183	46
12,12250	46
12,12317	46
12,12383	46
12,12450	45
12,12517	45
12,12583	45
12,12650	45
12,12717	45
12,12783	44
12,12850	44
12,12917	44
12,12983	44
12,13050	44
12,13117	45
12,13183	45
12,13250	45
12,13317	45
12,13383	45
12,13450	45
12,13517	45
12,13583	45
12,13650	45
12,13717	45
12,13783	45
12,13850	45
12,13917	45
12,13983	45
12,14050	44
12,14117	44
12,14183	44
12,14250	44
12,14317	44
12,14383	44
12,14450	44
12,14517	44
12,14583	44
12,14650	44
12,14717	44
12,14783	44
12,14850	44
12,14917	45
12,14983	45
12,15050	45
12,15117	46
12,15183	47
12,15250	47
12,15317	48
12,15383	48
12,15450	49
12,15517	49
12,15583	50
12,15650	50
12,15717	50
12,15783	50
12,15850	51
12,15917	51
12,15983	51
12,16050	51
12,16117	51
12,16183	52
12,16250	52
12,16317	52
12,16383	52
12,16450	52
12,16517	52
12,16583	52
12,16650	52
12,16717	52
12,16783	52
12,16850	52
12,16917	52
12,16983	52
12,17050	52
12,17117	52
12,17183	52
12,17250	51
12,17317	51
12,17383	51
12,17450	51
12,17517	51
12,17583	50
12,17650	50
12,17717	50
12,17783	50
12,17850	50
12,17917	50
12,17983	50
12,18050	50
12,18117	50
12,18183	50
12,18250	50
12,18317	50
12,18383	50
12,18450	50
12,18517	49
12,18583	49
12,18650	49
12,18717	48
12,18783	48
12,18850	48
12,18917	48
12,18983	47
12,19050	47
12,19117	47
12,19183	47
12,19250	47
12,19317	47
12,19383	47
12,19450	47
12,19517	47
12,19583	47
12,19650	47
12,19717	47
12,19783	47
12,19850	47
12,19917	47
12,19983	47
12,20050	47
12,20117	47
12,20183	47
12,20250	47
12,20317	47
12,20383	47
12,20450	47
12,20517	48
12,20583	48
12,20650	48
12,20717	48
12,20783	48
12,20850	49
12,20917	49
12,20983	49
12,21050	49
12,21117	49
12,21183	49
12,21250	49
12,21317	49
12,21383	50
12,21450	50
12,21517	50
12,21583	50
12,21650	51
12,21717	51
12,21783	51
12,21850	51
12,21917	51
12,21983	51
12,22050	51
12,22117	51
12,22183	50
12,22250	50
12,22317	50
12,22383	50
12,22450	50
12,22517	50
12,22583	50
12,22650	50
12,22717	51
12,22783	51
12,22850	51
12,22917	51
12,22983	51
12,23050	51
12,23117	52
12,23183	52
12,23250	52
12,23317	52
12,23383	52
12,23450	52
12,23517	52
12,23583	52
12,23650	53
12,23717	53
12,23783	53
12,23850	53
12,23917	53
12,23983	54
12,24050	54
12,24117	53
12,24183	53
12,24250	53
12,24317	53
12,24383	53
12,24450	53
12,24517	52
12,24583	52
12,24650	52
12,24717	52
12,24783	52
12,24850	52
12,24917	52
12,24983	51
12,25050	51
12,25117	51
12,25183	51
12,25250	50
12,25317	50
12,25383	50
12,25450	50
12,25517	50
12,25583	50
12,25650	50
12,25717	49
12,25783	49
12,25850	49
12,25917	49
12,25983	49
12,26050	49
12,26117	49
12,26183	49
12,26250	49
12,26317	49
12,26383	49
12,26450	49
12,26517	49
12,26583	49
12,26650	49
12,26717	49
12,26783	50
12,26850	49
12,26917	49
12,26983	49
12,27050	49
12,27117	49
12,27183	49
12,27250	49
12,27317	49
12,27383	49
12,27450	49
12,27517	49
12,27583	49
12,27650	50
12,27717	50
12,27783	50
12,27850	50
12,27917	50
12,27983	50
12,28050	50
12,28117	50
12,28183	50
12,28250	50
12,28317	50
12,28383	50
12,28450	50
12,28517	50
12,28583	50
12,28650	49
12,28717	49
12,28783	49
12,28850	48
12,28917	48
12,28983	48
12,29050	48
12,29117	48
12,29183	48
12,29250	48
12,29317	48
12,29383	48
12,29450	48
12,29517	48
12,29583	48
12,29650	47
12,29717	47
12,29783	47
12,29850	46
12,29917	46
12,29983	46
12,30050	46
12,30117	46
12,30183	45
12,30250	45
12,30317	45
12,30383	45
12,30450	45
12,30517	45
12,30583	45
12,30650	45
12,30717	44
12,30783	44
12,30850	44
12,30917	44
12,30983	44
12,31050	45
12,31117	45
12,31183	45
12,31250	45
12,31317	45
12,31383	45
12,31450	45
12,31517	45
12,31583	46
12,31650	46
12,31717	46
12,31783	46
12,31850	46
12,31917	46
12,31983	47
12,32050	47
12,32117	47
12,32183	47
12,32250	47
12,32317	47
12,32383	47
12,32450	47
12,32517	47
12,32583	46
12,32650	46
12,32717	46
12,32783	46
12,32850	46
12,32917	45
12,32983	45
12,33050	45
12,33117	45
12,33183	45
12,33250	45
12,33317	45
12,33383	46
12,33450	46
12,33517	46
12,33583	46
12,33650	47
12,33717	47
12,33783	47
12,33850	47
12,33917	47
12,33983	48
12,34050	48
12,34117	48
12,34183	48
12,34250	48
12,34317	49
12,34383	49
12,34450	49
12,34517	49
12,34583	50
12,34650	50
12,34717	50
12,34783	50
12,34850	50
12,34917	50
12,34983	50
12,35050	50
12,35117	50
12,35183	49
12,35250	49
12,35317	49
12,35383	49
12,35450	50
12,35517	50
12,35583	50
12,35650	51
12,35717	51
12,35783	52
12,35850	52
12,35917	52
12,35983	53
12,36050	53
12,36117	54
12,36183	54
12,36250	54
12,36317	54
12,36383	54
12,36450	55
12,36517	55
12,36583	55
12,36650	55
12,36717	55
12,36783	55
12,36850	55
12,36917	55
12,36983	55
12,37050	55
12,37117	55
12,37183	55
12,37250	55
12,37317	55
12,37383	55
12,37450	55
12,37517	55
12,37583	55
12,37650	56
12,37717	56
12,37783	56
12,37850	57
12,37917	57
12,37983	57
12,38050	58
12,38117	58
12,38183	58
12,38250	58
12,38317	58
12,38383	58
12,38450	58
12,38517	59
12,38583	59
12,38650	59
12,38717	59
12,38783	60
12,38850	60
12,38917	60
12,38983	61
12,39050	61
12,39117	61
12,39183	61
12,39250	62
12,39317	62
12,39383	62
12,39450	62
12,39517	62
12,39583	62
12,39650	62
12,39717	62
12,39783	62
12,39850	62
12,39917	62
12,39983	62
12,40050	62
12,40117	62
12,40183	62
12,40250	62
12,40317	62
12,40383	62
12,40450	62
12,40517	62
12,40583	62
12,40650	63
12,40717	63
12,40783	63
12,40850	63
12,40917	63
12,40983	64
12,41050	64
12,41117	64
12,41183	64
12,41250	64
12,41317	64
12,41383	64
12,41450	64
12,41517	64
12,41583	64
12,41650	64
12,41717	64
12,41783	64
12,41850	63
12,41917	63
12,41983	63
12,42050	62
12,42117	62
12,42183	62
12,42250	61
12,42317	61
12,42383	61
12,42450	61
12,42517	60
12,42583	60
12,42650	60
12,42717	59
12,42783	59
12,42850	59
12,42917	59
12,42983	58
12,43050	58
12,43117	58
12,43183	57
12,43250	57
12,43317	57
12,43383	57
12,43450	57
12,43517	57
12,43583	57
12,43650	57
12,43717	57
12,43783	57
12,43850	57
12,43917	57
12,43983	57
12,44050	58
12,44117	58
12,44183	58
12,44250	58
12,44317	59
12,44383	59
12,44450	59
12,44517	59
12,44583	59
12,44650	60
12,44717	60
12,44783	60
12,44850	60
12,44917	60
12,44983	60
12,45050	60
12,45117	59
12,45183	59
12,45250	59
12,45317	58
12,45383	58
12,45450	58
12,45517	57
12,45583	57
12,45650	57
12,45717	57
12,45783	57
12,45850	57
12,45917	57
12,45983	57
12,46050	58
12,46117	58
12,46183	58
12,46250	57
12,46317	57
12,46383	57
12,46450	57
12,46517	57
12,46583	57
12,46650	57
12,46717	56
12,46783	56
12,46850	56
12,46917	56
12,46983	55
12,47050	55
12,47117	55
12,47183	55
12,47250	55
12,47317	55
12,47383	55
12,47450	55
12,47517	55
12,47583	55
12,47650	54
12,47717	54
12,47783	54
12,47850	54
12,47917	54
12,47983	54
12,48050	54
12,48117	54
12,48183	54
12,48250	54
12,48317	54
12,48383	53
12,48450	53
12,48517	52
12,48583	52
12,48650	51
12,48717	51
12,48783	50
12,48850	50
12,48917	49
12,48983	49
12,49050	49
12,49117	49
12,49183	49
12,49250	49
12,49317	48
12,49383	48
12,49450	48
12,49517	48
12,49583	48
12,49650	48
12,49717	48
12,49783	48
12,49850	48
12,49917	48
12,49983	47
12,50050	47
12,50117	47
12,50183	47
12,50250	47
12,50317	47
12,50383	47
12,50450	47
12,50517	47
12,50583	47
12,50650	47
12,50717	47
12,50783	47
12,50850	47
12,50917	48
12,50983	48
12,51050	48
12,51117	48
12,51183	48
12,51250	49
12,51317	49
12,51383	50
12,51450	50
12,51517	51
12,51583	52
12,51650	52
12,51717	53
12,51783	54
12,51850	54
12,51917	55
12,51983	55
12,52050	56
12,52117	56
12,52183	57
12,52250	57
12,52317	57
12,52383	58
12,52450	58
12,52517	58
12,52583	58
12,52650	59
12,52717	59
12,52783	59
12,52850	59
12,52917	60
12,52983	60
12,53050	60
12,53117	60
12,53183	60
12,53250	61
12,53317	61
12,53383	61
12,53450	61
12,53517	61
12,53583	61
12,53650	61
12,53717	61
12,53783	61
12,53850	61
12,53917	61
12,53983	60
12,54050	60
12,54117	60
12,54183	60
12,54250	59
12,54317	58
12,54383	58
12,54450	57
12,54517	57
12,54583	57
12,54650	57
12,54717	57
12,54783	57
12,54850	57
12,54917	56
12,54983	56
12,55050	56
12,55117	56
12,55183	55
12,55250	55
12,55317	55
12,55383	54
12,55450	54
12,55517	54
12,55583	54
12,55650	54
12,55717	54
12,55783	54
12,55850	54
12,55917	54
12,55983	54
12,56050	54
12,56117	54
12,56183	54
12,56250	54
12,56317	54
12,56383	54
12,56450	54
12,56517	54
12,56583	53
12,56650	53
12,56717	53
12,56783	53
12,56850	53
12,56917	53
12,56983	52
12,57050	52
12,57117	52
12,57183	53
12,57250	53
12,57317	53
12,57383	53
12,57450	53
12,57517	53
12,57583	53
12,57650	53
12,57717	53
12,57783	53
12,57850	53
12,57917	53
12,57983	53
12,58050	53
12,58117	53
12,58183	53
12,58250	53
12,58317	53
12,58383	52
12,58450	52
12,58517	52
12,58583	52
12,58650	52
12,58717	52
12,58783	53
12,58850	53
12,58917	53
12,58983	53
12,59050	53
12,59117	54
12,59183	54
12,59250	54
12,59317	54
12,59383	54
12,59450	54
12,59517	54
12,59583	53
12,59650	53
12,59717	53
12,59783	53
12,59850	53
12,59917	53
12,59983	52
12,60050	52
12,60117	52
12,60183	52
12,60250	52
12,60317	52
12,60383	51
12,60450	51
12,60517	51
12,60583	51
12,60650	50
12,60717	50
12,60783	50
12,60850	49
12,60917	50
12,60983	50
12,61050	50
12,61117	50
12,61183	50
12,61250	50
12,61317	51
12,61383	51
12,61450	51
12,61517	51
12,61583	51
12,61650	51
12,61717	51
12,61783	51
12,61850	51
12,61917	51
12,61983	51
12,62050	51
12,62117	51
12,62183	51
12,62250	51
12,62317	52
12,62383	52
12,62450	52
12,62517	52
12,62583	52
12,62650	52
12,62717	52
12,62783	52
12,62850	52
12,62917	52
12,62983	57

