[Header]
Application Name	LabSolutions
Version	5.97
Data File Name	G:\GC data\Mara\MWH_022\MWH_022_t360m_17.03.2026_29.gcd
Output Date	09.04.2026
Output Time	10:50:16

[File Information]
Type	Data File
Generated	18.03.2026 00:16:47
Generated by	System Administrator
Modified	09.04.2026 10:50:16
Modified by	System Administrator

[Sample Information]
Operator Name	System Administrator
Acquired	18.03.2026 00:19:56
Sample Type	0:Unknown
Level	1
Sample Name	MWH_022_t360m
Sample ID	
ISTD Amount1	1
ISTD Amount2	1
ISTD Amount3	1
ISTD Amount4	1
ISTD Amount5	1
ISTD Amount6	1
ISTD Amount7	1
ISTD Amount8	1
ISTD Amount9	1
ISTD Amount10	1
ISTD Amount11	1
ISTD Amount12	1
ISTD Amount13	1
ISTD Amount14	1
ISTD Amount15	1
ISTD Amount16	1
ISTD Amount17	1
ISTD Amount18	1
ISTD Amount19	1
ISTD Amount20	1
ISTD Amount21	1
ISTD Amount22	1
ISTD Amount23	1
ISTD Amount24	1
ISTD Amount25	1
ISTD Amount26	1
ISTD Amount27	1
ISTD Amount28	1
ISTD Amount29	1
ISTD Amount30	1
ISTD Amount31	1
ISTD Amount32	1
Sample Amount	1
Dilution Factor	1
Vial#	26
Injection Volume	0,2
Injection Count	1
Bar Code	

[Original Files]
Data File	G:\GC data\Mara\MWH_022_t360m_17.03.2026_29.gcd
Method File	G:\GC data\MWH3_60-150-200_0-2uL_split50.gcm
Batch File	G:\GC data\Mara\wash_2026-17._03.gcb
Report Format File	c:\LabSolutions\System\DEFAULT.lsr

[File Description]


[Configuration]
Instrument Name	GC-3
Instrument #	1
Line #	1
# of Detectors	1
Detector ID	DET#4
Detector Name	FID1
# of Channels	1

[Peak Table(Ch1)]
# of Peaks	8
Peak#	R.Time	I.Time	F.Time	Area	Height	A/H	Conc.	Mark	ID#	Name	k'	Plate #	Plate Ht.	Tailing	Resolution	Sep.Factor	Area Ratio	Height Ratio	Conc. %	Norm Conc.
1	1,296	1,279	1,316	1022	806	1,269	0,000	 V 			0,000	22587	0,000	0,000	0,000	0,000	0	0	0,000	0,000
2	1,333	1,316	1,405	2498	1938	1,289	0,000	 V 			0,028	28845	0,000	0,000	1,105	0,000	0	0	0,000	0,000
3	1,568	1,512	1,755	6505189	5013403	1,298	0,000	   			0,209	36232	0,000	1,424	7,327	7,471	0	0	0,000	0,000
4	1,893	1,858	2,012	309407	224244	1,380	0,000	   			0,460	48259	0,000	1,175	9,685	2,200	0	0	0,000	0,000
5	2,735	2,684	3,038	579275	384982	1,505	0,000	S  			1,110	84473	0,000	1,210	23,416	2,411	0	0	0,000	0,000
6	2,825	2,810	2,870	1223	860	1,422	0,000	T  			1,180	88672	0,000	1,464	2,397	1,063	0	0	0,000	0,000
7	3,914	3,874	4,158	556131	380784	1,460	0,000	   			2,020	179692	0,000	1,225	29,151	1,712	0	0	0,000	0,000
8	7,523	7,458	8,022	350069	195285	1,793	0,000	   			4,804	497634	0,000	1,129	90,920	2,378	0	0	0,000	0,000

[Chromatogram (Ch1)]
Interval(msec)	40
# of Points	18945
Start Time(min)	0,000
End Time(min)	12,630
R.Time (min)	Intensity
0,00017	-18
0,00083	-18
0,00150	-18
0,00217	-17
0,00283	-17
0,00350	-17
0,00417	-17
0,00483	-16
0,00550	-16
0,00617	-16
0,00683	-16
0,00750	-16
0,00817	-16
0,00883	-16
0,00950	-16
0,01017	-17
0,01083	-17
0,01150	-17
0,01217	-17
0,01283	-17
0,01350	-17
0,01417	-16
0,01483	-16
0,01550	-16
0,01617	-16
0,01683	-17
0,01750	-17
0,01817	-17
0,01883	-17
0,01950	-18
0,02017	-18
0,02083	-18
0,02150	-19
0,02217	-19
0,02283	-19
0,02350	-19
0,02417	-20
0,02483	-20
0,02550	-20
0,02617	-19
0,02683	-19
0,02750	-19
0,02817	-19
0,02883	-19
0,02950	-19
0,03017	-19
0,03083	-19
0,03150	-18
0,03217	-18
0,03283	-18
0,03350	-18
0,03417	-18
0,03483	-18
0,03550	-18
0,03617	-18
0,03683	-18
0,03750	-18
0,03817	-17
0,03883	-18
0,03950	-18
0,04017	-18
0,04083	-18
0,04150	-18
0,04217	-19
0,04283	-19
0,04350	-19
0,04417	-19
0,04483	-19
0,04550	-20
0,04617	-20
0,04683	-20
0,04750	-20
0,04817	-20
0,04883	-21
0,04950	-21
0,05017	-21
0,05083	-21
0,05150	-21
0,05217	-21
0,05283	-21
0,05350	-21
0,05417	-21
0,05483	-21
0,05550	-21
0,05617	-21
0,05683	-21
0,05750	-20
0,05817	-20
0,05883	-20
0,05950	-20
0,06017	-20
0,06083	-19
0,06150	-19
0,06217	-19
0,06283	-19
0,06350	-19
0,06417	-19
0,06483	-19
0,06550	-19
0,06617	-19
0,06683	-19
0,06750	-19
0,06817	-19
0,06883	-19
0,06950	-19
0,07017	-19
0,07083	-19
0,07150	-19
0,07217	-20
0,07283	-20
0,07350	-20
0,07417	-20
0,07483	-21
0,07550	-21
0,07617	-21
0,07683	-21
0,07750	-21
0,07817	-21
0,07883	-21
0,07950	-21
0,08017	-21
0,08083	-21
0,08150	-21
0,08217	-21
0,08283	-21
0,08350	-21
0,08417	-21
0,08483	-21
0,08550	-21
0,08617	-21
0,08683	-21
0,08750	-21
0,08817	-21
0,08883	-21
0,08950	-21
0,09017	-21
0,09083	-21
0,09150	-21
0,09217	-21
0,09283	-21
0,09350	-21
0,09417	-21
0,09483	-21
0,09550	-21
0,09617	-21
0,09683	-22
0,09750	-22
0,09817	-22
0,09883	-22
0,09950	-22
0,10017	-22
0,10083	-22
0,10150	-22
0,10217	-22
0,10283	-22
0,10350	-21
0,10417	-21
0,10483	-21
0,10550	-21
0,10617	-21
0,10683	-20
0,10750	-20
0,10817	-20
0,10883	-19
0,10950	-19
0,11017	-18
0,11083	-18
0,11150	-18
0,11217	-17
0,11283	-17
0,11350	-17
0,11417	-17
0,11483	-17
0,11550	-17
0,11617	-17
0,11683	-17
0,11750	-17
0,11817	-17
0,11883	-17
0,11950	-17
0,12017	-18
0,12083	-18
0,12150	-18
0,12217	-18
0,12283	-18
0,12350	-18
0,12417	-18
0,12483	-18
0,12550	-18
0,12617	-18
0,12683	-18
0,12750	-18
0,12817	-18
0,12883	-18
0,12950	-18
0,13017	-18
0,13083	-18
0,13150	-18
0,13217	-18
0,13283	-17
0,13350	-17
0,13417	-17
0,13483	-17
0,13550	-17
0,13617	-17
0,13683	-18
0,13750	-18
0,13817	-18
0,13883	-18
0,13950	-18
0,14017	-18
0,14083	-18
0,14150	-18
0,14217	-18
0,14283	-18
0,14350	-18
0,14417	-19
0,14483	-19
0,14550	-19
0,14617	-19
0,14683	-20
0,14750	-20
0,14817	-20
0,14883	-21
0,14950	-21
0,15017	-21
0,15083	-21
0,15150	-21
0,15217	-21
0,15283	-21
0,15350	-21
0,15417	-21
0,15483	-21
0,15550	-21
0,15617	-21
0,15683	-21
0,15750	-21
0,15817	-21
0,15883	-21
0,15950	-21
0,16017	-21
0,16083	-21
0,16150	-21
0,16217	-21
0,16283	-21
0,16350	-21
0,16417	-21
0,16483	-21
0,16550	-21
0,16617	-21
0,16683	-21
0,16750	-21
0,16817	-21
0,16883	-21
0,16950	-21
0,17017	-20
0,17083	-20
0,17150	-20
0,17217	-20
0,17283	-20
0,17350	-20
0,17417	-20
0,17483	-20
0,17550	-20
0,17617	-20
0,17683	-20
0,17750	-20
0,17817	-20
0,17883	-20
0,17950	-20
0,18017	-21
0,18083	-21
0,18150	-21
0,18217	-21
0,18283	-21
0,18350	-22
0,18417	-21
0,18483	-21
0,18550	-21
0,18617	-21
0,18683	-21
0,18750	-21
0,18817	-22
0,18883	-22
0,18950	-22
0,19017	-22
0,19083	-22
0,19150	-22
0,19217	-22
0,19283	-22
0,19350	-22
0,19417	-22
0,19483	-22
0,19550	-22
0,19617	-22
0,19683	-22
0,19750	-23
0,19817	-23
0,19883	-23
0,19950	-23
0,20017	-24
0,20083	-24
0,20150	-24
0,20217	-25
0,20283	-25
0,20350	-25
0,20417	-25
0,20483	-26
0,20550	-26
0,20617	-26
0,20683	-26
0,20750	-26
0,20817	-26
0,20883	-26
0,20950	-26
0,21017	-26
0,21083	-26
0,21150	-26
0,21217	-26
0,21283	-26
0,21350	-25
0,21417	-25
0,21483	-25
0,21550	-25
0,21617	-25
0,21683	-25
0,21750	-25
0,21817	-25
0,21883	-25
0,21950	-25
0,22017	-25
0,22083	-25
0,22150	-25
0,22217	-25
0,22283	-26
0,22350	-26
0,22417	-26
0,22483	-26
0,22550	-26
0,22617	-26
0,22683	-26
0,22750	-26
0,22817	-26
0,22883	-26
0,22950	-26
0,23017	-26
0,23083	-26
0,23150	-26
0,23217	-26
0,23283	-26
0,23350	-26
0,23417	-26
0,23483	-25
0,23550	-25
0,23617	-25
0,23683	-24
0,23750	-24
0,23817	-24
0,23883	-23
0,23950	-23
0,24017	-23
0,24083	-22
0,24150	-22
0,24217	-22
0,24283	-22
0,24350	-22
0,24417	-22
0,24483	-22
0,24550	-21
0,24617	-21
0,24683	-21
0,24750	-21
0,24817	-21
0,24883	-21
0,24950	-21
0,25017	-21
0,25083	-21
0,25150	-21
0,25217	-21
0,25283	-21
0,25350	-21
0,25417	-21
0,25483	-22
0,25550	-22
0,25617	-23
0,25683	-23
0,25750	-23
0,25817	-24
0,25883	-24
0,25950	-25
0,26017	-25
0,26083	-25
0,26150	-26
0,26217	-26
0,26283	-26
0,26350	-27
0,26417	-27
0,26483	-28
0,26550	-28
0,26617	-28
0,26683	-29
0,26750	-29
0,26817	-29
0,26883	-29
0,26950	-29
0,27017	-29
0,27083	-29
0,27150	-29
0,27217	-29
0,27283	-28
0,27350	-28
0,27417	-27
0,27483	-27
0,27550	-27
0,27617	-26
0,27683	-25
0,27750	-25
0,27817	-24
0,27883	-24
0,27950	-23
0,28017	-23
0,28083	-22
0,28150	-22
0,28217	-22
0,28283	-21
0,28350	-21
0,28417	-21
0,28483	-21
0,28550	-21
0,28617	-21
0,28683	-21
0,28750	-21
0,28817	-20
0,28883	-20
0,28950	-20
0,29017	-20
0,29083	-20
0,29150	-21
0,29217	-21
0,29283	-21
0,29350	-21
0,29417	-21
0,29483	-21
0,29550	-21
0,29617	-22
0,29683	-22
0,29750	-22
0,29817	-22
0,29883	-23
0,29950	-23
0,30017	-23
0,30083	-23
0,30150	-23
0,30217	-23
0,30283	-22
0,30350	-22
0,30417	-22
0,30483	-22
0,30550	-22
0,30617	-22
0,30683	-21
0,30750	-21
0,30817	-21
0,30883	-21
0,30950	-21
0,31017	-21
0,31083	-20
0,31150	-20
0,31217	-20
0,31283	-19
0,31350	-19
0,31417	-18
0,31483	-18
0,31550	-18
0,31617	-17
0,31683	-17
0,31750	-17
0,31817	-17
0,31883	-16
0,31950	-16
0,32017	-16
0,32083	-16
0,32150	-16
0,32217	-15
0,32283	-15
0,32350	-15
0,32417	-14
0,32483	-14
0,32550	-14
0,32617	-13
0,32683	-13
0,32750	-13
0,32817	-13
0,32883	-12
0,32950	-12
0,33017	-12
0,33083	-11
0,33150	-11
0,33217	-11
0,33283	-10
0,33350	-10
0,33417	-10
0,33483	-10
0,33550	-9
0,33617	-9
0,33683	-9
0,33750	-9
0,33817	-9
0,33883	-9
0,33950	-9
0,34017	-9
0,34083	-9
0,34150	-9
0,34217	-9
0,34283	-8
0,34350	-8
0,34417	-8
0,34483	-8
0,34550	-8
0,34617	-7
0,34683	-7
0,34750	-7
0,34817	-7
0,34883	-7
0,34950	-7
0,35017	-6
0,35083	-6
0,35150	-6
0,35217	-6
0,35283	-6
0,35350	-5
0,35417	-5
0,35483	-5
0,35550	-4
0,35617	-4
0,35683	-4
0,35750	-4
0,35817	-4
0,35883	-4
0,35950	-4
0,36017	-4
0,36083	-4
0,36150	-4
0,36217	-5
0,36283	-5
0,36350	-5
0,36417	-5
0,36483	-5
0,36550	-5
0,36617	-5
0,36683	-4
0,36750	-4
0,36817	-4
0,36883	-4
0,36950	-4
0,37017	-4
0,37083	-4
0,37150	-4
0,37217	-4
0,37283	-4
0,37350	-3
0,37417	-3
0,37483	-2
0,37550	-2
0,37617	-2
0,37683	-1
0,37750	-1
0,37817	-1
0,37883	-1
0,37950	-1
0,38017	-1
0,38083	-1
0,38150	-2
0,38217	-2
0,38283	-2
0,38350	-2
0,38417	-2
0,38483	-2
0,38550	-2
0,38617	-3
0,38683	-3
0,38750	-3
0,38817	-3
0,38883	-3
0,38950	-3
0,39017	-3
0,39083	-4
0,39150	-4
0,39217	-4
0,39283	-4
0,39350	-4
0,39417	-4
0,39483	-4
0,39550	-3
0,39617	-3
0,39683	-3
0,39750	-3
0,39817	-3
0,39883	-3
0,39950	-3
0,40017	-3
0,40083	-3
0,40150	-4
0,40217	-4
0,40283	-4
0,40350	-4
0,40417	-4
0,40483	-4
0,40550	-4
0,40617	-4
0,40683	-4
0,40750	-5
0,40817	-5
0,40883	-5
0,40950	-6
0,41017	-6
0,41083	-6
0,41150	-7
0,41217	-7
0,41283	-7
0,41350	-7
0,41417	-8
0,41483	-8
0,41550	-8
0,41617	-8
0,41683	-8
0,41750	-8
0,41817	-8
0,41883	-7
0,41950	-7
0,42017	-7
0,42083	-7
0,42150	-7
0,42217	-7
0,42283	-7
0,42350	-7
0,42417	-7
0,42483	-7
0,42550	-7
0,42617	-7
0,42683	-8
0,42750	-8
0,42817	-8
0,42883	-8
0,42950	-8
0,43017	-8
0,43083	-8
0,43150	-7
0,43217	-7
0,43283	-7
0,43350	-7
0,43417	-6
0,43483	-6
0,43550	-6
0,43617	-7
0,43683	-7
0,43750	-7
0,43817	-7
0,43883	-7
0,43950	-7
0,44017	-7
0,44083	-7
0,44150	-7
0,44217	-7
0,44283	-7
0,44350	-7
0,44417	-7
0,44483	-7
0,44550	-6
0,44617	-6
0,44683	-6
0,44750	-6
0,44817	-6
0,44883	-7
0,44950	-7
0,45017	-7
0,45083	-6
0,45150	-6
0,45217	-6
0,45283	-6
0,45350	-6
0,45417	-6
0,45483	-6
0,45550	-6
0,45617	-7
0,45683	-7
0,45750	-7
0,45817	-7
0,45883	-8
0,45950	-8
0,46017	-8
0,46083	-8
0,46150	-8
0,46217	-8
0,46283	-8
0,46350	-8
0,46417	-9
0,46483	-9
0,46550	-9
0,46617	-9
0,46683	-10
0,46750	-10
0,46817	-10
0,46883	-10
0,46950	-10
0,47017	-10
0,47083	-10
0,47150	-10
0,47217	-10
0,47283	-10
0,47350	-10
0,47417	-10
0,47483	-10
0,47550	-10
0,47617	-10
0,47683	-10
0,47750	-11
0,47817	-11
0,47883	-11
0,47950	-11
0,48017	-11
0,48083	-11
0,48150	-11
0,48217	-11
0,48283	-11
0,48350	-11
0,48417	-11
0,48483	-11
0,48550	-11
0,48617	-11
0,48683	-11
0,48750	-12
0,48817	-12
0,48883	-12
0,48950	-12
0,49017	-12
0,49083	-12
0,49150	-12
0,49217	-12
0,49283	-12
0,49350	-12
0,49417	-12
0,49483	-12
0,49550	-12
0,49617	-12
0,49683	-12
0,49750	-12
0,49817	-12
0,49883	-12
0,49950	-12
0,50017	-12
0,50083	-12
0,50150	-12
0,50217	-12
0,50283	-12
0,50350	-12
0,50417	-12
0,50483	-12
0,50550	-12
0,50617	-12
0,50683	-12
0,50750	-13
0,50817	-13
0,50883	-13
0,50950	-13
0,51017	-13
0,51083	-13
0,51150	-13
0,51217	-13
0,51283	-14
0,51350	-14
0,51417	-14
0,51483	-14
0,51550	-14
0,51617	-14
0,51683	-14
0,51750	-14
0,51817	-14
0,51883	-14
0,51950	-14
0,52017	-14
0,52083	-14
0,52150	-14
0,52217	-14
0,52283	-14
0,52350	-14
0,52417	-14
0,52483	-13
0,52550	-13
0,52617	-12
0,52683	-12
0,52750	-12
0,52817	-11
0,52883	-11
0,52950	-10
0,53017	-10
0,53083	-10
0,53150	-10
0,53217	-9
0,53283	-9
0,53350	-9
0,53417	-9
0,53483	-9
0,53550	-9
0,53617	-8
0,53683	-8
0,53750	-8
0,53817	-8
0,53883	-8
0,53950	-8
0,54017	-8
0,54083	-8
0,54150	-8
0,54217	-8
0,54283	-8
0,54350	-8
0,54417	-8
0,54483	-8
0,54550	-8
0,54617	-8
0,54683	-8
0,54750	-9
0,54817	-9
0,54883	-9
0,54950	-9
0,55017	-9
0,55083	-8
0,55150	-8
0,55217	-8
0,55283	-8
0,55350	-8
0,55417	-8
0,55483	-8
0,55550	-8
0,55617	-8
0,55683	-8
0,55750	-8
0,55817	-9
0,55883	-9
0,55950	-9
0,56017	-9
0,56083	-9
0,56150	-10
0,56217	-10
0,56283	-10
0,56350	-11
0,56417	-11
0,56483	-12
0,56550	-12
0,56617	-13
0,56683	-13
0,56750	-14
0,56817	-14
0,56883	-14
0,56950	-15
0,57017	-15
0,57083	-15
0,57150	-15
0,57217	-15
0,57283	-16
0,57350	-16
0,57417	-16
0,57483	-16
0,57550	-16
0,57617	-16
0,57683	-16
0,57750	-16
0,57817	-15
0,57883	-15
0,57950	-15
0,58017	-15
0,58083	-15
0,58150	-15
0,58217	-15
0,58283	-15
0,58350	-15
0,58417	-15
0,58483	-15
0,58550	-15
0,58617	-16
0,58683	-16
0,58750	-16
0,58817	-16
0,58883	-16
0,58950	-16
0,59017	-16
0,59083	-16
0,59150	-16
0,59217	-16
0,59283	-15
0,59350	-15
0,59417	-15
0,59483	-15
0,59550	-15
0,59617	-14
0,59683	-15
0,59750	-15
0,59817	-15
0,59883	-15
0,59950	-15
0,60017	-15
0,60083	-15
0,60150	-15
0,60217	-15
0,60283	-15
0,60350	-15
0,60417	-16
0,60483	-16
0,60550	-16
0,60617	-16
0,60683	-16
0,60750	-16
0,60817	-16
0,60883	-15
0,60950	-15
0,61017	-15
0,61083	-14
0,61150	-14
0,61217	-14
0,61283	-14
0,61350	-14
0,61417	-14
0,61483	-14
0,61550	-14
0,61617	-14
0,61683	-14
0,61750	-15
0,61817	-15
0,61883	-15
0,61950	-15
0,62017	-15
0,62083	-15
0,62150	-15
0,62217	-15
0,62283	-15
0,62350	-15
0,62417	-15
0,62483	-15
0,62550	-15
0,62617	-16
0,62683	-16
0,62750	-16
0,62817	-16
0,62883	-17
0,62950	-17
0,63017	-17
0,63083	-17
0,63150	-17
0,63217	-17
0,63283	-17
0,63350	-17
0,63417	-17
0,63483	-17
0,63550	-17
0,63617	-17
0,63683	-17
0,63750	-17
0,63817	-17
0,63883	-17
0,63950	-17
0,64017	-17
0,64083	-17
0,64150	-17
0,64217	-16
0,64283	-16
0,64350	-16
0,64417	-16
0,64483	-15
0,64550	-15
0,64617	-15
0,64683	-15
0,64750	-15
0,64817	-16
0,64883	-16
0,64950	-16
0,65017	-17
0,65083	-17
0,65150	-17
0,65217	-17
0,65283	-17
0,65350	-17
0,65417	-17
0,65483	-17
0,65550	-17
0,65617	-17
0,65683	-17
0,65750	-17
0,65817	-17
0,65883	-18
0,65950	-18
0,66017	-18
0,66083	-18
0,66150	-18
0,66217	-19
0,66283	-19
0,66350	-19
0,66417	-19
0,66483	-20
0,66550	-20
0,66617	-20
0,66683	-20
0,66750	-21
0,66817	-21
0,66883	-21
0,66950	-21
0,67017	-21
0,67083	-21
0,67150	-21
0,67217	-21
0,67283	-21
0,67350	-21
0,67417	-21
0,67483	-21
0,67550	-21
0,67617	-21
0,67683	-21
0,67750	-21
0,67817	-20
0,67883	-20
0,67950	-20
0,68017	-20
0,68083	-20
0,68150	-20
0,68217	-20
0,68283	-20
0,68350	-20
0,68417	-20
0,68483	-20
0,68550	-20
0,68617	-20
0,68683	-20
0,68750	-20
0,68817	-20
0,68883	-20
0,68950	-20
0,69017	-20
0,69083	-20
0,69150	-19
0,69217	-19
0,69283	-19
0,69350	-19
0,69417	-19
0,69483	-19
0,69550	-19
0,69617	-18
0,69683	-18
0,69750	-18
0,69817	-18
0,69883	-17
0,69950	-17
0,70017	-17
0,70083	-17
0,70150	-17
0,70217	-17
0,70283	-17
0,70350	-17
0,70417	-18
0,70483	-18
0,70550	-18
0,70617	-18
0,70683	-18
0,70750	-19
0,70817	-19
0,70883	-19
0,70950	-19
0,71017	-19
0,71083	-19
0,71150	-19
0,71217	-19
0,71283	-19
0,71350	-19
0,71417	-19
0,71483	-20
0,71550	-20
0,71617	-20
0,71683	-20
0,71750	-20
0,71817	-21
0,71883	-21
0,71950	-21
0,72017	-21
0,72083	-21
0,72150	-21
0,72217	-21
0,72283	-21
0,72350	-20
0,72417	-20
0,72483	-20
0,72550	-20
0,72617	-20
0,72683	-20
0,72750	-20
0,72817	-20
0,72883	-20
0,72950	-20
0,73017	-20
0,73083	-20
0,73150	-21
0,73217	-21
0,73283	-21
0,73350	-21
0,73417	-21
0,73483	-21
0,73550	-20
0,73617	-20
0,73683	-20
0,73750	-20
0,73817	-20
0,73883	-19
0,73950	-19
0,74017	-19
0,74083	-19
0,74150	-19
0,74217	-19
0,74283	-19
0,74350	-18
0,74417	-18
0,74483	-18
0,74550	-18
0,74617	-18
0,74683	-18
0,74750	-17
0,74817	-17
0,74883	-17
0,74950	-17
0,75017	-17
0,75083	-17
0,75150	-17
0,75217	-17
0,75283	-17
0,75350	-17
0,75417	-17
0,75483	-18
0,75550	-18
0,75617	-18
0,75683	-18
0,75750	-19
0,75817	-19
0,75883	-19
0,75950	-19
0,76017	-19
0,76083	-19
0,76150	-19
0,76217	-18
0,76283	-18
0,76350	-18
0,76417	-18
0,76483	-18
0,76550	-18
0,76617	-18
0,76683	-18
0,76750	-18
0,76817	-19
0,76883	-19
0,76950	-19
0,77017	-19
0,77083	-19
0,77150	-20
0,77217	-20
0,77283	-20
0,77350	-20
0,77417	-21
0,77483	-21
0,77550	-22
0,77617	-22
0,77683	-22
0,77750	-23
0,77817	-23
0,77883	-24
0,77950	-24
0,78017	-24
0,78083	-24
0,78150	-24
0,78217	-24
0,78283	-24
0,78350	-24
0,78417	-24
0,78483	-24
0,78550	-24
0,78617	-23
0,78683	-23
0,78750	-23
0,78817	-23
0,78883	-23
0,78950	-22
0,79017	-22
0,79083	-22
0,79150	-22
0,79217	-21
0,79283	-21
0,79350	-21
0,79417	-21
0,79483	-21
0,79550	-21
0,79617	-21
0,79683	-21
0,79750	-22
0,79817	-22
0,79883	-22
0,79950	-22
0,80017	-22
0,80083	-22
0,80150	-22
0,80217	-22
0,80283	-22
0,80350	-22
0,80417	-21
0,80483	-21
0,80550	-21
0,80617	-21
0,80683	-21
0,80750	-21
0,80817	-21
0,80883	-21
0,80950	-21
0,81017	-21
0,81083	-22
0,81150	-22
0,81217	-22
0,81283	-22
0,81350	-22
0,81417	-22
0,81483	-22
0,81550	-22
0,81617	-22
0,81683	-22
0,81750	-22
0,81817	-22
0,81883	-22
0,81950	-22
0,82017	-23
0,82083	-23
0,82150	-23
0,82217	-23
0,82283	-24
0,82350	-24
0,82417	-24
0,82483	-24
0,82550	-23
0,82617	-23
0,82683	-23
0,82750	-23
0,82817	-23
0,82883	-23
0,82950	-23
0,83017	-23
0,83083	-23
0,83150	-23
0,83217	-24
0,83283	-24
0,83350	-24
0,83417	-24
0,83483	-24
0,83550	-24
0,83617	-24
0,83683	-24
0,83750	-24
0,83817	-24
0,83883	-24
0,83950	-24
0,84017	-24
0,84083	-24
0,84150	-24
0,84217	-24
0,84283	-25
0,84350	-25
0,84417	-25
0,84483	-25
0,84550	-25
0,84617	-25
0,84683	-25
0,84750	-25
0,84817	-25
0,84883	-25
0,84950	-24
0,85017	-24
0,85083	-24
0,85150	-24
0,85217	-24
0,85283	-24
0,85350	-24
0,85417	-24
0,85483	-24
0,85550	-24
0,85617	-24
0,85683	-24
0,85750	-24
0,85817	-25
0,85883	-25
0,85950	-25
0,86017	-25
0,86083	-25
0,86150	-25
0,86217	-25
0,86283	-25
0,86350	-25
0,86417	-25
0,86483	-25
0,86550	-25
0,86617	-25
0,86683	-24
0,86750	-24
0,86817	-24
0,86883	-23
0,86950	-23
0,87017	-23
0,87083	-23
0,87150	-23
0,87217	-23
0,87283	-23
0,87350	-23
0,87417	-23
0,87483	-23
0,87550	-23
0,87617	-23
0,87683	-23
0,87750	-23
0,87817	-23
0,87883	-23
0,87950	-23
0,88017	-23
0,88083	-23
0,88150	-23
0,88217	-22
0,88283	-23
0,88350	-23
0,88417	-23
0,88483	-23
0,88550	-23
0,88617	-24
0,88683	-24
0,88750	-24
0,88817	-24
0,88883	-25
0,88950	-25
0,89017	-25
0,89083	-25
0,89150	-25
0,89217	-26
0,89283	-26
0,89350	-25
0,89417	-25
0,89483	-25
0,89550	-25
0,89617	-25
0,89683	-25
0,89750	-25
0,89817	-25
0,89883	-25
0,89950	-25
0,90017	-25
0,90083	-25
0,90150	-25
0,90217	-25
0,90283	-25
0,90350	-25
0,90417	-25
0,90483	-25
0,90550	-25
0,90617	-25
0,90683	-25
0,90750	-25
0,90817	-25
0,90883	-24
0,90950	-24
0,91017	-24
0,91083	-24
0,91150	-24
0,91217	-25
0,91283	-25
0,91350	-25
0,91417	-25
0,91483	-25
0,91550	-26
0,91617	-26
0,91683	-26
0,91750	-26
0,91817	-26
0,91883	-27
0,91950	-27
0,92017	-27
0,92083	-27
0,92150	-27
0,92217	-27
0,92283	-26
0,92350	-26
0,92417	-26
0,92483	-26
0,92550	-26
0,92617	-26
0,92683	-26
0,92750	-26
0,92817	-26
0,92883	-26
0,92950	-26
0,93017	-26
0,93083	-26
0,93150	-26
0,93217	-26
0,93283	-26
0,93350	-26
0,93417	-26
0,93483	-26
0,93550	-26
0,93617	-26
0,93683	-26
0,93750	-26
0,93817	-26
0,93883	-26
0,93950	-26
0,94017	-26
0,94083	-26
0,94150	-25
0,94217	-25
0,94283	-25
0,94350	-25
0,94417	-25
0,94483	-25
0,94550	-25
0,94617	-25
0,94683	-25
0,94750	-25
0,94817	-24
0,94883	-24
0,94950	-24
0,95017	-24
0,95083	-24
0,95150	-24
0,95217	-24
0,95283	-24
0,95350	-24
0,95417	-24
0,95483	-24
0,95550	-24
0,95617	-24
0,95683	-24
0,95750	-24
0,95817	-24
0,95883	-24
0,95950	-24
0,96017	-24
0,96083	-24
0,96150	-24
0,96217	-24
0,96283	-24
0,96350	-24
0,96417	-23
0,96483	-23
0,96550	-23
0,96617	-23
0,96683	-23
0,96750	-23
0,96817	-23
0,96883	-23
0,96950	-23
0,97017	-22
0,97083	-22
0,97150	-22
0,97217	-22
0,97283	-22
0,97350	-22
0,97417	-22
0,97483	-22
0,97550	-22
0,97617	-22
0,97683	-22
0,97750	-23
0,97817	-23
0,97883	-23
0,97950	-23
0,98017	-23
0,98083	-23
0,98150	-23
0,98217	-23
0,98283	-24
0,98350	-24
0,98417	-24
0,98483	-24
0,98550	-24
0,98617	-24
0,98683	-24
0,98750	-24
0,98817	-24
0,98883	-24
0,98950	-24
0,99017	-24
0,99083	-24
0,99150	-24
0,99217	-24
0,99283	-24
0,99350	-24
0,99417	-24
0,99483	-24
0,99550	-24
0,99617	-24
0,99683	-23
0,99750	-23
0,99817	-23
0,99883	-23
0,99950	-23
1,00017	-23
1,00083	-23
1,00150	-22
1,00217	-22
1,00283	-22
1,00350	-22
1,00417	-22
1,00483	-22
1,00550	-22
1,00617	-21
1,00683	-21
1,00750	-21
1,00817	-21
1,00883	-21
1,00950	-21
1,01017	-22
1,01083	-22
1,01150	-22
1,01217	-22
1,01283	-22
1,01350	-23
1,01417	-23
1,01483	-23
1,01550	-23
1,01617	-23
1,01683	-23
1,01750	-23
1,01817	-23
1,01883	-23
1,01950	-23
1,02017	-23
1,02083	-23
1,02150	-23
1,02217	-23
1,02283	-24
1,02350	-24
1,02417	-24
1,02483	-24
1,02550	-24
1,02617	-24
1,02683	-24
1,02750	-24
1,02817	-24
1,02883	-24
1,02950	-24
1,03017	-24
1,03083	-24
1,03150	-24
1,03217	-24
1,03283	-24
1,03350	-24
1,03417	-24
1,03483	-24
1,03550	-24
1,03617	-24
1,03683	-24
1,03750	-24
1,03817	-24
1,03883	-24
1,03950	-24
1,04017	-24
1,04083	-24
1,04150	-24
1,04217	-24
1,04283	-24
1,04350	-24
1,04417	-24
1,04483	-24
1,04550	-24
1,04617	-24
1,04683	-24
1,04750	-24
1,04817	-24
1,04883	-23
1,04950	-23
1,05017	-23
1,05083	-23
1,05150	-23
1,05217	-23
1,05283	-22
1,05350	-22
1,05417	-22
1,05483	-22
1,05550	-22
1,05617	-22
1,05683	-22
1,05750	-22
1,05817	-22
1,05883	-22
1,05950	-21
1,06017	-21
1,06083	-21
1,06150	-21
1,06217	-21
1,06283	-21
1,06350	-21
1,06417	-21
1,06483	-21
1,06550	-21
1,06617	-22
1,06683	-22
1,06750	-22
1,06817	-22
1,06883	-22
1,06950	-22
1,07017	-22
1,07083	-22
1,07150	-22
1,07217	-23
1,07283	-23
1,07350	-23
1,07417	-23
1,07483	-23
1,07550	-23
1,07617	-23
1,07683	-24
1,07750	-24
1,07817	-24
1,07883	-24
1,07950	-24
1,08017	-23
1,08083	-23
1,08150	-23
1,08217	-23
1,08283	-23
1,08350	-22
1,08417	-22
1,08483	-22
1,08550	-23
1,08617	-23
1,08683	-23
1,08750	-23
1,08817	-23
1,08883	-23
1,08950	-23
1,09017	-23
1,09083	-23
1,09150	-23
1,09217	-23
1,09283	-23
1,09350	-23
1,09417	-23
1,09483	-23
1,09550	-23
1,09617	-23
1,09683	-24
1,09750	-24
1,09817	-24
1,09883	-24
1,09950	-24
1,10017	-24
1,10083	-24
1,10150	-24
1,10217	-23
1,10283	-23
1,10350	-23
1,10417	-23
1,10483	-23
1,10550	-22
1,10617	-22
1,10683	-23
1,10750	-23
1,10817	-23
1,10883	-23
1,10950	-23
1,11017	-23
1,11083	-24
1,11150	-24
1,11217	-24
1,11283	-24
1,11350	-23
1,11417	-23
1,11483	-23
1,11550	-23
1,11617	-23
1,11683	-23
1,11750	-22
1,11817	-22
1,11883	-23
1,11950	-23
1,12017	-23
1,12083	-23
1,12150	-23
1,12217	-24
1,12283	-24
1,12350	-24
1,12417	-24
1,12483	-24
1,12550	-25
1,12617	-25
1,12683	-25
1,12750	-25
1,12817	-26
1,12883	-26
1,12950	-26
1,13017	-26
1,13083	-26
1,13150	-26
1,13217	-26
1,13283	-26
1,13350	-26
1,13417	-26
1,13483	-26
1,13550	-26
1,13617	-26
1,13683	-25
1,13750	-25
1,13817	-24
1,13883	-24
1,13950	-23
1,14017	-22
1,14083	-21
1,14150	-20
1,14217	-18
1,14283	-16
1,14350	-13
1,14417	-10
1,14483	-6
1,14550	-2
1,14617	3
1,14683	8
1,14750	13
1,14817	18
1,14883	22
1,14950	27
1,15017	31
1,15083	35
1,15150	39
1,15217	42
1,15283	44
1,15350	47
1,15417	48
1,15483	50
1,15550	50
1,15617	51
1,15683	51
1,15750	50
1,15817	49
1,15883	48
1,15950	47
1,16017	45
1,16083	43
1,16150	41
1,16217	39
1,16283	37
1,16350	35
1,16417	32
1,16483	30
1,16550	27
1,16617	25
1,16683	23
1,16750	21
1,16817	19
1,16883	17
1,16950	15
1,17017	13
1,17083	12
1,17150	10
1,17217	8
1,17283	6
1,17350	4
1,17417	3
1,17483	1
1,17550	0
1,17617	-1
1,17683	-3
1,17750	-4
1,17817	-5
1,17883	-6
1,17950	-6
1,18017	-7
1,18083	-7
1,18150	-7
1,18217	-7
1,18283	-7
1,18350	-6
1,18417	-6
1,18483	-5
1,18550	-5
1,18617	-4
1,18683	-3
1,18750	-2
1,18817	-2
1,18883	-1
1,18950	-0
1,19017	0
1,19083	0
1,19150	0
1,19217	0
1,19283	0
1,19350	0
1,19417	0
1,19483	0
1,19550	0
1,19617	0
1,19683	1
1,19750	1
1,19817	1
1,19883	2
1,19950	3
1,20017	4
1,20083	4
1,20150	5
1,20217	6
1,20283	7
1,20350	8
1,20417	8
1,20483	8
1,20550	9
1,20617	8
1,20683	8
1,20750	8
1,20817	7
1,20883	6
1,20950	6
1,21017	5
1,21083	4
1,21150	3
1,21217	2
1,21283	2
1,21350	1
1,21417	-1
1,21483	-2
1,21550	-3
1,21617	-4
1,21683	-5
1,21750	-6
1,21817	-6
1,21883	-7
1,21950	-8
1,22017	-8
1,22083	-9
1,22150	-9
1,22217	-10
1,22283	-10
1,22350	-11
1,22417	-11
1,22483	-11
1,22550	-12
1,22617	-12
1,22683	-13
1,22750	-13
1,22817	-14
1,22883	-14
1,22950	-14
1,23017	-15
1,23083	-15
1,23150	-15
1,23217	-15
1,23283	-14
1,23350	-14
1,23417	-12
1,23483	-11
1,23550	-8
1,23617	-4
1,23683	1
1,23750	7
1,23817	15
1,23883	24
1,23950	35
1,24017	47
1,24083	61
1,24150	75
1,24217	90
1,24283	104
1,24350	118
1,24417	132
1,24483	145
1,24550	156
1,24617	166
1,24683	174
1,24750	181
1,24817	186
1,24883	190
1,24950	192
1,25017	192
1,25083	192
1,25150	190
1,25217	186
1,25283	182
1,25350	177
1,25417	171
1,25483	165
1,25550	157
1,25617	150
1,25683	142
1,25750	134
1,25817	127
1,25883	119
1,25950	111
1,26017	104
1,26083	97
1,26150	90
1,26217	84
1,26283	77
1,26350	71
1,26417	65
1,26483	60
1,26550	54
1,26617	49
1,26683	44
1,26750	40
1,26817	36
1,26883	32
1,26950	28
1,27017	24
1,27083	21
1,27150	18
1,27217	15
1,27283	13
1,27350	11
1,27417	9
1,27483	7
1,27550	6
1,27617	6
1,27683	6
1,27750	8
1,27817	11
1,27883	16
1,27950	24
1,28017	36
1,28083	50
1,28150	69
1,28217	91
1,28283	118
1,28350	148
1,28417	183
1,28483	221
1,28550	262
1,28617	306
1,28683	352
1,28750	400
1,28817	448
1,28883	496
1,28950	543
1,29017	589
1,29083	632
1,29150	671
1,29217	705
1,29283	735
1,29350	759
1,29417	777
1,29483	789
1,29550	795
1,29617	796
1,29683	791
1,29750	781
1,29817	766
1,29883	748
1,29950	727
1,30017	703
1,30083	676
1,30150	648
1,30217	619
1,30283	589
1,30350	558
1,30417	528
1,30483	498
1,30550	468
1,30617	439
1,30683	410
1,30750	383
1,30817	356
1,30883	331
1,30950	307
1,31017	284
1,31083	262
1,31150	242
1,31217	223
1,31283	205
1,31350	188
1,31417	173
1,31483	160
1,31550	150
1,31617	142
1,31683	139
1,31750	141
1,31817	150
1,31883	169
1,31950	200
1,32017	246
1,32083	308
1,32150	388
1,32217	486
1,32283	601
1,32350	730
1,32417	869
1,32483	1015
1,32550	1162
1,32617	1306
1,32683	1441
1,32750	1565
1,32817	1675
1,32883	1768
1,32950	1843
1,33017	1899
1,33083	1936
1,33150	1955
1,33217	1958
1,33283	1945
1,33350	1918
1,33417	1879
1,33483	1829
1,33550	1771
1,33617	1706
1,33683	1636
1,33750	1563
1,33817	1486
1,33883	1409
1,33950	1331
1,34017	1254
1,34083	1178
1,34150	1105
1,34217	1033
1,34283	965
1,34350	900
1,34417	838
1,34483	779
1,34550	725
1,34617	674
1,34683	627
1,34750	583
1,34817	542
1,34883	505
1,34950	470
1,35017	438
1,35083	409
1,35150	381
1,35217	355
1,35283	331
1,35350	309
1,35417	288
1,35483	268
1,35550	249
1,35617	231
1,35683	215
1,35750	200
1,35817	185
1,35883	172
1,35950	159
1,36017	147
1,36083	136
1,36150	126
1,36217	116
1,36283	107
1,36350	98
1,36417	90
1,36483	83
1,36550	76
1,36617	70
1,36683	64
1,36750	58
1,36817	53
1,36883	48
1,36950	43
1,37017	39
1,37083	34
1,37150	30
1,37217	26
1,37283	23
1,37350	19
1,37417	16
1,37483	14
1,37550	11
1,37617	9
1,37683	7
1,37750	5
1,37817	3
1,37883	2
1,37950	0
1,38017	-1
1,38083	-3
1,38150	-4
1,38217	-5
1,38283	-7
1,38350	-8
1,38417	-9
1,38483	-10
1,38550	-10
1,38617	-11
1,38683	-11
1,38750	-12
1,38817	-13
1,38883	-13
1,38950	-13
1,39017	-14
1,39083	-14
1,39150	-15
1,39217	-15
1,39283	-16
1,39350	-16
1,39417	-17
1,39483	-17
1,39550	-17
1,39617	-17
1,39683	-17
1,39750	-17
1,39817	-17
1,39883	-18
1,39950	-18
1,40017	-18
1,40083	-18
1,40150	-18
1,40217	-19
1,40283	-19
1,40350	-19
1,40417	-19
1,40483	-19
1,40550	-19
1,40617	-19
1,40683	-19
1,40750	-19
1,40817	-19
1,40883	-18
1,40950	-18
1,41017	-18
1,41083	-18
1,41150	-18
1,41217	-18
1,41283	-17
1,41350	-17
1,41417	-17
1,41483	-17
1,41550	-17
1,41617	-17
1,41683	-17
1,41750	-17
1,41817	-17
1,41883	-16
1,41950	-16
1,42017	-16
1,42083	-16
1,42150	-17
1,42217	-17
1,42283	-17
1,42350	-17
1,42417	-17
1,42483	-17
1,42550	-17
1,42617	-17
1,42683	-18
1,42750	-18
1,42817	-18
1,42883	-18
1,42950	-18
1,43017	-18
1,43083	-18
1,43150	-18
1,43217	-17
1,43283	-15
1,43350	-12
1,43417	-8
1,43483	-3
1,43550	5
1,43617	16
1,43683	30
1,43750	48
1,43817	70
1,43883	97
1,43950	129
1,44017	166
1,44083	208
1,44150	253
1,44217	301
1,44283	350
1,44350	400
1,44417	449
1,44483	497
1,44550	541
1,44617	582
1,44683	618
1,44750	649
1,44817	674
1,44883	693
1,44950	706
1,45017	713
1,45083	715
1,45150	711
1,45217	703
1,45283	690
1,45350	674
1,45417	654
1,45483	632
1,45550	607
1,45617	581
1,45683	554
1,45750	526
1,45817	497
1,45883	469
1,45950	441
1,46017	415
1,46083	389
1,46150	364
1,46217	341
1,46283	319
1,46350	298
1,46417	279
1,46483	262
1,46550	246
1,46617	232
1,46683	220
1,46750	208
1,46817	198
1,46883	189
1,46950	181
1,47017	173
1,47083	165
1,47150	159
1,47217	152
1,47283	146
1,47350	140
1,47417	134
1,47483	128
1,47550	122
1,47617	116
1,47683	110
1,47750	104
1,47817	97
1,47883	91
1,47950	85
1,48017	79
1,48083	73
1,48150	68
1,48217	62
1,48283	57
1,48350	52
1,48417	47
1,48483	42
1,48550	38
1,48617	34
1,48683	30
1,48750	27
1,48817	24
1,48883	21
1,48950	19
1,49017	17
1,49083	15
1,49150	13
1,49217	11
1,49283	10
1,49350	9
1,49417	8
1,49483	7
1,49550	6
1,49617	5
1,49683	4
1,49750	3
1,49817	2
1,49883	1
1,49950	1
1,50017	-0
1,50083	-1
1,50150	-2
1,50217	-3
1,50283	-3
1,50350	-4
1,50417	-5
1,50483	-5
1,50550	-6
1,50617	-6
1,50683	-6
1,50750	-7
1,50817	-7
1,50883	-7
1,50950	-7
1,51017	-6
1,51083	-6
1,51150	-5
1,51217	-5
1,51283	-4
1,51350	-3
1,51417	-2
1,51483	-0
1,51550	2
1,51617	4
1,51683	7
1,51750	12
1,51817	18
1,51883	26
1,51950	37
1,52017	51
1,52083	69
1,52150	93
1,52217	122
1,52283	157
1,52350	199
1,52417	249
1,52483	306
1,52550	369
1,52617	439
1,52683	514
1,52750	592
1,52817	673
1,52883	753
1,52950	833
1,53017	909
1,53083	980
1,53150	1046
1,53217	1104
1,53283	1155
1,53350	1196
1,53417	1229
1,53483	1252
1,53550	1266
1,53617	1271
1,53683	1268
1,53750	1256
1,53817	1238
1,53883	1214
1,53950	1186
1,54017	1156
1,54083	1129
1,54150	1113
1,54217	1123
1,54283	1192
1,54350	1381
1,54417	1807
1,54483	2653
1,54550	4204
1,54617	6883
1,54683	11291
1,54750	18277
1,54817	28976
1,54883	44887
1,54950	67804
1,55017	99956
1,55083	143848
1,55150	202275
1,55217	278093
1,55283	374399
1,55350	493813
1,55417	638699
1,55483	810536
1,55550	1010312
1,55617	1237788
1,55683	1491983
1,55750	1770505
1,55817	2069882
1,55883	2385417
1,55950	2711320
1,56017	3040989
1,56083	3367320
1,56150	3682763
1,56217	3980158
1,56283	4253074
1,56350	4495973
1,56417	4704323
1,56483	4874806
1,56550	5005162
1,56617	5094431
1,56683	5142614
1,56750	5150958
1,56817	5121536
1,56883	5057303
1,56950	4961761
1,57017	4838961
1,57083	4693038
1,57150	4528218
1,57217	4348602
1,57283	4158107
1,57350	3960248
1,57417	3758181
1,57483	3554648
1,57550	3351994
1,57617	3152165
1,57683	2956750
1,57750	2767005
1,57817	2583898
1,57883	2408147
1,57950	2240252
1,58017	2080534
1,58083	1929162
1,58150	1786177
1,58217	1651523
1,58283	1525059
1,58350	1406581
1,58417	1295836
1,58483	1192536
1,58550	1096362
1,58617	1006983
1,58683	924054
1,58750	847226
1,58817	776153
1,58883	710489
1,58950	649900
1,59017	594058
1,59083	542648
1,59150	495369
1,59217	451930
1,59283	412057
1,59350	375490
1,59417	341983
1,59483	311305
1,59550	283238
1,59617	257579
1,59683	234137
1,59750	212736
1,59817	193211
1,59883	175407
1,59950	159183
1,60017	144407
1,60083	130956
1,60150	118719
1,60217	107592
1,60283	97478
1,60350	88290
1,60417	79947
1,60483	72373
1,60550	65502
1,60617	59270
1,60683	53620
1,60750	48500
1,60817	43861
1,60883	39660
1,60950	35857
1,61017	32415
1,61083	29300
1,61150	26483
1,61217	23935
1,61283	21632
1,61350	19550
1,61417	17669
1,61483	15970
1,61550	14435
1,61617	13049
1,61683	11797
1,61750	10668
1,61817	9648
1,61883	8729
1,61950	7899
1,62017	7150
1,62083	6475
1,62150	5866
1,62217	5317
1,62283	4823
1,62350	4376
1,62417	3974
1,62483	3612
1,62550	3285
1,62617	2991
1,62683	2725
1,62750	2486
1,62817	2270
1,62883	2076
1,62950	1900
1,63017	1742
1,63083	1599
1,63150	1470
1,63217	1353
1,63283	1248
1,63350	1153
1,63417	1067
1,63483	989
1,63550	919
1,63617	856
1,63683	798
1,63750	746
1,63817	698
1,63883	655
1,63950	616
1,64017	580
1,64083	548
1,64150	518
1,64217	491
1,64283	466
1,64350	443
1,64417	422
1,64483	403
1,64550	385
1,64617	369
1,64683	354
1,64750	340
1,64817	327
1,64883	315
1,64950	303
1,65017	293
1,65083	283
1,65150	274
1,65217	265
1,65283	257
1,65350	249
1,65417	242
1,65483	235
1,65550	228
1,65617	222
1,65683	216
1,65750	211
1,65817	206
1,65883	201
1,65950	196
1,66017	192
1,66083	187
1,66150	183
1,66217	179
1,66283	175
1,66350	172
1,66417	168
1,66483	165
1,66550	162
1,66617	159
1,66683	157
1,66750	154
1,66817	151
1,66883	148
1,66950	146
1,67017	143
1,67083	141
1,67150	138
1,67217	136
1,67283	134
1,67350	132
1,67417	130
1,67483	128
1,67550	125
1,67617	123
1,67683	122
1,67750	120
1,67817	118
1,67883	116
1,67950	114
1,68017	112
1,68083	110
1,68150	109
1,68217	107
1,68283	105
1,68350	103
1,68417	101
1,68483	100
1,68550	98
1,68617	96
1,68683	95
1,68750	93
1,68817	92
1,68883	90
1,68950	89
1,69017	87
1,69083	86
1,69150	84
1,69217	83
1,69283	82
1,69350	80
1,69417	79
1,69483	78
1,69550	77
1,69617	76
1,69683	75
1,69750	74
1,69817	74
1,69883	73
1,69950	73
1,70017	72
1,70083	72
1,70150	71
1,70217	70
1,70283	70
1,70350	69
1,70417	68
1,70483	67
1,70550	67
1,70617	66
1,70683	65
1,70750	64
1,70817	64
1,70883	63
1,70950	62
1,71017	62
1,71083	61
1,71150	61
1,71217	60
1,71283	59
1,71350	58
1,71417	57
1,71483	57
1,71550	56
1,71617	55
1,71683	54
1,71750	53
1,71817	52
1,71883	52
1,71950	51
1,72017	50
1,72083	49
1,72150	48
1,72217	48
1,72283	47
1,72350	47
1,72417	46
1,72483	45
1,72550	45
1,72617	44
1,72683	44
1,72750	43
1,72817	42
1,72883	42
1,72950	41
1,73017	41
1,73083	40
1,73150	40
1,73217	39
1,73283	38
1,73350	38
1,73417	37
1,73483	36
1,73550	36
1,73617	35
1,73683	34
1,73750	34
1,73817	33
1,73883	32
1,73950	31
1,74017	30
1,74083	30
1,74150	29
1,74217	28
1,74283	28
1,74350	27
1,74417	27
1,74483	26
1,74550	26
1,74617	25
1,74683	25
1,74750	25
1,74817	25
1,74883	25
1,74950	25
1,75017	25
1,75083	25
1,75150	25
1,75217	25
1,75283	25
1,75350	25
1,75417	25
1,75483	25
1,75550	25
1,75617	25
1,75683	25
1,75750	25
1,75817	26
1,75883	26
1,75950	26
1,76017	27
1,76083	27
1,76150	28
1,76217	28
1,76283	29
1,76350	29
1,76417	30
1,76483	30
1,76550	31
1,76617	31
1,76683	31
1,76750	31
1,76817	32
1,76883	32
1,76950	31
1,77017	31
1,77083	31
1,77150	31
1,77217	30
1,77283	30
1,77350	29
1,77417	28
1,77483	28
1,77550	27
1,77617	26
1,77683	26
1,77750	25
1,77817	24
1,77883	23
1,77950	22
1,78017	21
1,78083	21
1,78150	20
1,78217	19
1,78283	19
1,78350	18
1,78417	18
1,78483	18
1,78550	17
1,78617	16
1,78683	16
1,78750	15
1,78817	15
1,78883	14
1,78950	13
1,79017	13
1,79083	12
1,79150	12
1,79217	11
1,79283	11
1,79350	10
1,79417	10
1,79483	10
1,79550	9
1,79617	9
1,79683	8
1,79750	8
1,79817	7
1,79883	7
1,79950	7
1,80017	6
1,80083	6
1,80150	6
1,80217	6
1,80283	6
1,80350	5
1,80417	5
1,80483	6
1,80550	6
1,80617	6
1,80683	6
1,80750	6
1,80817	5
1,80883	5
1,80950	5
1,81017	5
1,81083	5
1,81150	5
1,81217	4
1,81283	4
1,81350	4
1,81417	4
1,81483	5
1,81550	5
1,81617	5
1,81683	6
1,81750	6
1,81817	6
1,81883	7
1,81950	7
1,82017	7
1,82083	7
1,82150	7
1,82217	7
1,82283	7
1,82350	7
1,82417	7
1,82483	7
1,82550	7
1,82617	7
1,82683	7
1,82750	7
1,82817	7
1,82883	7
1,82950	7
1,83017	7
1,83083	7
1,83150	8
1,83217	8
1,83283	8
1,83350	8
1,83417	7
1,83483	7
1,83550	7
1,83617	7
1,83683	7
1,83750	7
1,83817	7
1,83883	6
1,83950	6
1,84017	6
1,84083	5
1,84150	5
1,84217	5
1,84283	4
1,84350	4
1,84417	4
1,84483	3
1,84550	3
1,84617	3
1,84683	2
1,84750	2
1,84817	1
1,84883	1
1,84950	1
1,85017	1
1,85083	0
1,85150	0
1,85217	-0
1,85283	-0
1,85350	-0
1,85417	0
1,85483	0
1,85550	0
1,85617	1
1,85683	1
1,85750	2
1,85817	2
1,85883	3
1,85950	4
1,86017	6
1,86083	9
1,86150	15
1,86217	27
1,86283	46
1,86350	80
1,86417	136
1,86483	229
1,86550	378
1,86617	608
1,86683	947
1,86750	1431
1,86817	2095
1,86883	2976
1,86950	4109
1,87017	5525
1,87083	7255
1,87150	9326
1,87217	11764
1,87283	14587
1,87350	17815
1,87417	21460
1,87483	25532
1,87550	30032
1,87617	34956
1,87683	40299
1,87750	46056
1,87817	52225
1,87883	58801
1,87950	65771
1,88017	73128
1,88083	80854
1,88150	88931
1,88217	97344
1,88283	106076
1,88350	115103
1,88417	124400
1,88483	133943
1,88550	143699
1,88617	153627
1,88683	163670
1,88750	173747
1,88817	183733
1,88883	193432
1,88950	202581
1,89017	210852
1,89083	217875
1,89150	223271
1,89217	226760
1,89283	228194
1,89350	227595
1,89417	225101
1,89483	220932
1,89550	215344
1,89617	208601
1,89683	200956
1,89750	192642
1,89817	183861
1,89883	174791
1,89950	165582
1,90017	156358
1,90083	147221
1,90150	138254
1,90217	129522
1,90283	121075
1,90350	112951
1,90417	105176
1,90483	97768
1,90550	90737
1,90617	84087
1,90683	77817
1,90750	71922
1,90817	66394
1,90883	61221
1,90950	56391
1,91017	51891
1,91083	47705
1,91150	43819
1,91217	40215
1,91283	36879
1,91350	33794
1,91417	30946
1,91483	28319
1,91550	25899
1,91617	23671
1,91683	21623
1,91750	19742
1,91817	18015
1,91883	16432
1,91950	14981
1,92017	13652
1,92083	12437
1,92150	11326
1,92217	10311
1,92283	9384
1,92350	8538
1,92417	7766
1,92483	7063
1,92550	6422
1,92617	5838
1,92683	5307
1,92750	4824
1,92817	4384
1,92883	3984
1,92950	3621
1,93017	3290
1,93083	2990
1,93150	2717
1,93217	2470
1,93283	2246
1,93350	2042
1,93417	1857
1,93483	1690
1,93550	1538
1,93617	1400
1,93683	1276
1,93750	1162
1,93817	1060
1,93883	967
1,93950	883
1,94017	807
1,94083	738
1,94150	676
1,94217	620
1,94283	569
1,94350	522
1,94417	480
1,94483	442
1,94550	408
1,94617	376
1,94683	348
1,94750	322
1,94817	299
1,94883	277
1,94950	257
1,95017	239
1,95083	223
1,95150	208
1,95217	195
1,95283	183
1,95350	171
1,95417	161
1,95483	152
1,95550	144
1,95617	136
1,95683	129
1,95750	123
1,95817	116
1,95883	111
1,95950	105
1,96017	100
1,96083	96
1,96150	91
1,96217	87
1,96283	84
1,96350	80
1,96417	77
1,96483	74
1,96550	71
1,96617	68
1,96683	66
1,96750	64
1,96817	62
1,96883	60
1,96950	58
1,97017	56
1,97083	54
1,97150	52
1,97217	51
1,97283	49
1,97350	47
1,97417	46
1,97483	44
1,97550	43
1,97617	41
1,97683	40
1,97750	39
1,97817	38
1,97883	37
1,97950	36
1,98017	35
1,98083	34
1,98150	33
1,98217	32
1,98283	31
1,98350	31
1,98417	30
1,98483	29
1,98550	28
1,98617	27
1,98683	27
1,98750	26
1,98817	26
1,98883	25
1,98950	25
1,99017	24
1,99083	23
1,99150	23
1,99217	22
1,99283	22
1,99350	21
1,99417	20
1,99483	20
1,99550	19
1,99617	18
1,99683	18
1,99750	17
1,99817	17
1,99883	16
1,99950	16
2,00017	16
2,00083	15
2,00150	14
2,00217	14
2,00283	13
2,00350	13
2,00417	13
2,00483	13
2,00550	13
2,00617	13
2,00683	13
2,00750	13
2,00817	13
2,00883	13
2,00950	13
2,01017	13
2,01083	13
2,01150	13
2,01217	13
2,01283	13
2,01350	13
2,01417	13
2,01483	13
2,01550	13
2,01617	13
2,01683	13
2,01750	13
2,01817	13
2,01883	13
2,01950	13
2,02017	13
2,02083	13
2,02150	12
2,02217	12
2,02283	12
2,02350	12
2,02417	11
2,02483	11
2,02550	10
2,02617	10
2,02683	10
2,02750	9
2,02817	9
2,02883	9
2,02950	9
2,03017	8
2,03083	8
2,03150	8
2,03217	8
2,03283	7
2,03350	7
2,03417	7
2,03483	6
2,03550	6
2,03617	6
2,03683	6
2,03750	5
2,03817	5
2,03883	5
2,03950	5
2,04017	4
2,04083	4
2,04150	3
2,04217	3
2,04283	3
2,04350	2
2,04417	2
2,04483	1
2,04550	1
2,04617	0
2,04683	-0
2,04750	-1
2,04817	-1
2,04883	-1
2,04950	-1
2,05017	-1
2,05083	-1
2,05150	-0
2,05217	-0
2,05283	-0
2,05350	-0
2,05417	-0
2,05483	-1
2,05550	-1
2,05617	-1
2,05683	-1
2,05750	-1
2,05817	-1
2,05883	-1
2,05950	-1
2,06017	-1
2,06083	-1
2,06150	-1
2,06217	-1
2,06283	-1
2,06350	-1
2,06417	-1
2,06483	-2
2,06550	-2
2,06617	-2
2,06683	-3
2,06750	-3
2,06817	-3
2,06883	-4
2,06950	-4
2,07017	-4
2,07083	-4
2,07150	-4
2,07217	-4
2,07283	-4
2,07350	-4
2,07417	-4
2,07483	-4
2,07550	-4
2,07617	-4
2,07683	-4
2,07750	-4
2,07817	-4
2,07883	-4
2,07950	-4
2,08017	-4
2,08083	-4
2,08150	-3
2,08217	-3
2,08283	-3
2,08350	-3
2,08417	-3
2,08483	-4
2,08550	-4
2,08617	-4
2,08683	-4
2,08750	-4
2,08817	-4
2,08883	-4
2,08950	-5
2,09017	-5
2,09083	-5
2,09150	-6
2,09217	-6
2,09283	-6
2,09350	-6
2,09417	-6
2,09483	-7
2,09550	-7
2,09617	-7
2,09683	-7
2,09750	-7
2,09817	-7
2,09883	-8
2,09950	-8
2,10017	-8
2,10083	-8
2,10150	-7
2,10217	-8
2,10283	-8
2,10350	-8
2,10417	-8
2,10483	-8
2,10550	-8
2,10617	-9
2,10683	-9
2,10750	-9
2,10817	-9
2,10883	-9
2,10950	-9
2,11017	-9
2,11083	-8
2,11150	-8
2,11217	-8
2,11283	-8
2,11350	-8
2,11417	-8
2,11483	-8
2,11550	-8
2,11617	-8
2,11683	-8
2,11750	-8
2,11817	-8
2,11883	-8
2,11950	-8
2,12017	-8
2,12083	-8
2,12150	-8
2,12217	-8
2,12283	-8
2,12350	-8
2,12417	-8
2,12483	-8
2,12550	-9
2,12617	-9
2,12683	-9
2,12750	-9
2,12817	-9
2,12883	-9
2,12950	-10
2,13017	-10
2,13083	-10
2,13150	-10
2,13217	-10
2,13283	-11
2,13350	-11
2,13417	-11
2,13483	-11
2,13550	-11
2,13617	-12
2,13683	-12
2,13750	-12
2,13817	-12
2,13883	-12
2,13950	-12
2,14017	-13
2,14083	-13
2,14150	-13
2,14217	-13
2,14283	-13
2,14350	-13
2,14417	-13
2,14483	-13
2,14550	-12
2,14617	-12
2,14683	-12
2,14750	-12
2,14817	-12
2,14883	-12
2,14950	-12
2,15017	-12
2,15083	-12
2,15150	-11
2,15217	-11
2,15283	-11
2,15350	-11
2,15417	-11
2,15483	-11
2,15550	-11
2,15617	-11
2,15683	-11
2,15750	-11
2,15817	-11
2,15883	-11
2,15950	-11
2,16017	-11
2,16083	-11
2,16150	-11
2,16217	-11
2,16283	-12
2,16350	-12
2,16417	-12
2,16483	-12
2,16550	-12
2,16617	-12
2,16683	-12
2,16750	-12
2,16817	-12
2,16883	-12
2,16950	-12
2,17017	-12
2,17083	-13
2,17150	-13
2,17217	-13
2,17283	-13
2,17350	-13
2,17417	-14
2,17483	-14
2,17550	-14
2,17617	-14
2,17683	-15
2,17750	-15
2,17817	-16
2,17883	-16
2,17950	-16
2,18017	-16
2,18083	-17
2,18150	-17
2,18217	-17
2,18283	-17
2,18350	-18
2,18417	-18
2,18483	-18
2,18550	-18
2,18617	-18
2,18683	-18
2,18750	-18
2,18817	-18
2,18883	-18
2,18950	-18
2,19017	-18
2,19083	-18
2,19150	-18
2,19217	-18
2,19283	-18
2,19350	-18
2,19417	-18
2,19483	-18
2,19550	-18
2,19617	-18
2,19683	-18
2,19750	-18
2,19817	-18
2,19883	-19
2,19950	-19
2,20017	-19
2,20083	-19
2,20150	-19
2,20217	-19
2,20283	-19
2,20350	-19
2,20417	-19
2,20483	-19
2,20550	-19
2,20617	-19
2,20683	-19
2,20750	-19
2,20817	-19
2,20883	-19
2,20950	-19
2,21017	-19
2,21083	-19
2,21150	-19
2,21217	-19
2,21283	-19
2,21350	-19
2,21417	-18
2,21483	-18
2,21550	-18
2,21617	-18
2,21683	-18
2,21750	-18
2,21817	-18
2,21883	-17
2,21950	-17
2,22017	-17
2,22083	-16
2,22150	-16
2,22217	-16
2,22283	-16
2,22350	-15
2,22417	-15
2,22483	-15
2,22550	-14
2,22617	-14
2,22683	-14
2,22750	-14
2,22817	-14
2,22883	-14
2,22950	-13
2,23017	-13
2,23083	-13
2,23150	-13
2,23217	-12
2,23283	-12
2,23350	-12
2,23417	-12
2,23483	-12
2,23550	-12
2,23617	-12
2,23683	-12
2,23750	-12
2,23817	-12
2,23883	-12
2,23950	-12
2,24017	-13
2,24083	-13
2,24150	-13
2,24217	-13
2,24283	-13
2,24350	-13
2,24417	-13
2,24483	-13
2,24550	-13
2,24617	-13
2,24683	-13
2,24750	-13
2,24817	-13
2,24883	-13
2,24950	-13
2,25017	-13
2,25083	-12
2,25150	-12
2,25217	-12
2,25283	-12
2,25350	-11
2,25417	-11
2,25483	-10
2,25550	-10
2,25617	-9
2,25683	-9
2,25750	-9
2,25817	-8
2,25883	-8
2,25950	-8
2,26017	-8
2,26083	-8
2,26150	-8
2,26217	-7
2,26283	-7
2,26350	-7
2,26417	-7
2,26483	-7
2,26550	-7
2,26617	-7
2,26683	-7
2,26750	-7
2,26817	-7
2,26883	-7
2,26950	-8
2,27017	-8
2,27083	-8
2,27150	-8
2,27217	-9
2,27283	-9
2,27350	-9
2,27417	-10
2,27483	-10
2,27550	-11
2,27617	-11
2,27683	-11
2,27750	-12
2,27817	-12
2,27883	-12
2,27950	-13
2,28017	-13
2,28083	-13
2,28150	-13
2,28217	-13
2,28283	-13
2,28350	-13
2,28417	-13
2,28483	-14
2,28550	-14
2,28617	-14
2,28683	-15
2,28750	-15
2,28817	-15
2,28883	-16
2,28950	-16
2,29017	-16
2,29083	-16
2,29150	-16
2,29217	-16
2,29283	-16
2,29350	-16
2,29417	-16
2,29483	-16
2,29550	-15
2,29617	-15
2,29683	-14
2,29750	-14
2,29817	-13
2,29883	-13
2,29950	-12
2,30017	-12
2,30083	-11
2,30150	-11
2,30217	-10
2,30283	-10
2,30350	-9
2,30417	-9
2,30483	-8
2,30550	-7
2,30617	-6
2,30683	-5
2,30750	-4
2,30817	-3
2,30883	-1
2,30950	0
2,31017	1
2,31083	3
2,31150	4
2,31217	5
2,31283	6
2,31350	7
2,31417	8
2,31483	9
2,31550	10
2,31617	10
2,31683	11
2,31750	11
2,31817	11
2,31883	12
2,31950	12
2,32017	12
2,32083	12
2,32150	12
2,32217	11
2,32283	11
2,32350	11
2,32417	12
2,32483	12
2,32550	13
2,32617	14
2,32683	15
2,32750	17
2,32817	19
2,32883	21
2,32950	24
2,33017	27
2,33083	31
2,33150	35
2,33217	39
2,33283	43
2,33350	48
2,33417	53
2,33483	59
2,33550	64
2,33617	69
2,33683	74
2,33750	79
2,33817	84
2,33883	88
2,33950	92
2,34017	95
2,34083	98
2,34150	100
2,34217	101
2,34283	101
2,34350	101
2,34417	101
2,34483	100
2,34550	98
2,34617	96
2,34683	93
2,34750	90
2,34817	87
2,34883	83
2,34950	79
2,35017	75
2,35083	70
2,35150	65
2,35217	61
2,35283	56
2,35350	52
2,35417	48
2,35483	44
2,35550	39
2,35617	35
2,35683	32
2,35750	28
2,35817	24
2,35883	21
2,35950	18
2,36017	15
2,36083	12
2,36150	9
2,36217	7
2,36283	5
2,36350	3
2,36417	1
2,36483	-1
2,36550	-2
2,36617	-4
2,36683	-6
2,36750	-7
2,36817	-9
2,36883	-10
2,36950	-11
2,37017	-12
2,37083	-13
2,37150	-14
2,37217	-14
2,37283	-15
2,37350	-15
2,37417	-15
2,37483	-15
2,37550	-15
2,37617	-15
2,37683	-16
2,37750	-16
2,37817	-16
2,37883	-15
2,37950	-15
2,38017	-15
2,38083	-15
2,38150	-15
2,38217	-15
2,38283	-15
2,38350	-15
2,38417	-15
2,38483	-15
2,38550	-16
2,38617	-16
2,38683	-16
2,38750	-16
2,38817	-16
2,38883	-16
2,38950	-17
2,39017	-17
2,39083	-17
2,39150	-17
2,39217	-17
2,39283	-17
2,39350	-17
2,39417	-17
2,39483	-17
2,39550	-17
2,39617	-17
2,39683	-17
2,39750	-17
2,39817	-17
2,39883	-17
2,39950	-17
2,40017	-17
2,40083	-17
2,40150	-17
2,40217	-17
2,40283	-17
2,40350	-17
2,40417	-17
2,40483	-17
2,40550	-17
2,40617	-17
2,40683	-17
2,40750	-17
2,40817	-18
2,40883	-18
2,40950	-18
2,41017	-18
2,41083	-19
2,41150	-19
2,41217	-19
2,41283	-19
2,41350	-19
2,41417	-19
2,41483	-19
2,41550	-19
2,41617	-19
2,41683	-20
2,41750	-20
2,41817	-20
2,41883	-21
2,41950	-21
2,42017	-21
2,42083	-21
2,42150	-22
2,42217	-22
2,42283	-22
2,42350	-22
2,42417	-22
2,42483	-21
2,42550	-21
2,42617	-21
2,42683	-21
2,42750	-21
2,42817	-21
2,42883	-21
2,42950	-21
2,43017	-21
2,43083	-21
2,43150	-21
2,43217	-20
2,43283	-20
2,43350	-20
2,43417	-19
2,43483	-19
2,43550	-19
2,43617	-19
2,43683	-19
2,43750	-19
2,43817	-19
2,43883	-19
2,43950	-19
2,44017	-19
2,44083	-19
2,44150	-19
2,44217	-18
2,44283	-18
2,44350	-18
2,44417	-18
2,44483	-18
2,44550	-17
2,44617	-17
2,44683	-17
2,44750	-17
2,44817	-17
2,44883	-16
2,44950	-16
2,45017	-16
2,45083	-16
2,45150	-17
2,45217	-17
2,45283	-17
2,45350	-17
2,45417	-17
2,45483	-17
2,45550	-17
2,45617	-17
2,45683	-17
2,45750	-17
2,45817	-17
2,45883	-17
2,45950	-16
2,46017	-16
2,46083	-16
2,46150	-15
2,46217	-14
2,46283	-13
2,46350	-12
2,46417	-10
2,46483	-8
2,46550	-5
2,46617	-2
2,46683	1
2,46750	5
2,46817	9
2,46883	13
2,46950	18
2,47017	23
2,47083	28
2,47150	34
2,47217	39
2,47283	45
2,47350	51
2,47417	56
2,47483	62
2,47550	67
2,47617	72
2,47683	77
2,47750	81
2,47817	84
2,47883	88
2,47950	90
2,48017	92
2,48083	94
2,48150	95
2,48217	95
2,48283	95
2,48350	95
2,48417	94
2,48483	93
2,48550	92
2,48617	90
2,48683	89
2,48750	88
2,48817	87
2,48883	86
2,48950	85
2,49017	85
2,49083	85
2,49150	85
2,49217	85
2,49283	85
2,49350	85
2,49417	85
2,49483	85
2,49550	86
2,49617	86
2,49683	86
2,49750	86
2,49817	86
2,49883	86
2,49950	85
2,50017	85
2,50083	84
2,50150	83
2,50217	81
2,50283	79
2,50350	77
2,50417	75
2,50483	72
2,50550	69
2,50617	66
2,50683	63
2,50750	60
2,50817	57
2,50883	54
2,50950	51
2,51017	48
2,51083	46
2,51150	43
2,51217	42
2,51283	40
2,51350	40
2,51417	39
2,51483	40
2,51550	41
2,51617	44
2,51683	47
2,51750	51
2,51817	56
2,51883	62
2,51950	70
2,52017	78
2,52083	86
2,52150	95
2,52217	105
2,52283	115
2,52350	125
2,52417	135
2,52483	145
2,52550	154
2,52617	164
2,52683	173
2,52750	181
2,52817	188
2,52883	195
2,52950	200
2,53017	205
2,53083	208
2,53150	210
2,53217	211
2,53283	210
2,53350	209
2,53417	207
2,53483	203
2,53550	199
2,53617	194
2,53683	188
2,53750	182
2,53817	175
2,53883	168
2,53950	161
2,54017	154
2,54083	146
2,54150	139
2,54217	132
2,54283	125
2,54350	119
2,54417	112
2,54483	107
2,54550	101
2,54617	96
2,54683	92
2,54750	88
2,54817	84
2,54883	81
2,54950	78
2,55017	75
2,55083	73
2,55150	71
2,55217	69
2,55283	67
2,55350	65
2,55417	64
2,55483	62
2,55550	60
2,55617	59
2,55683	57
2,55750	55
2,55817	53
2,55883	51
2,55950	49
2,56017	46
2,56083	44
2,56150	42
2,56217	40
2,56283	37
2,56350	35
2,56417	33
2,56483	31
2,56550	28
2,56617	26
2,56683	24
2,56750	22
2,56817	20
2,56883	17
2,56950	15
2,57017	14
2,57083	12
2,57150	10
2,57217	8
2,57283	7
2,57350	6
2,57417	4
2,57483	3
2,57550	1
2,57617	0
2,57683	-1
2,57750	-2
2,57817	-3
2,57883	-4
2,57950	-5
2,58017	-6
2,58083	-7
2,58150	-7
2,58217	-8
2,58283	-9
2,58350	-9
2,58417	-10
2,58483	-10
2,58550	-11
2,58617	-11
2,58683	-11
2,58750	-11
2,58817	-11
2,58883	-11
2,58950	-11
2,59017	-11
2,59083	-12
2,59150	-12
2,59217	-12
2,59283	-12
2,59350	-12
2,59417	-12
2,59483	-12
2,59550	-12
2,59617	-12
2,59683	-11
2,59750	-11
2,59817	-11
2,59883	-10
2,59950	-10
2,60017	-10
2,60083	-9
2,60150	-9
2,60217	-8
2,60283	-8
2,60350	-7
2,60417	-6
2,60483	-6
2,60550	-5
2,60617	-4
2,60683	-3
2,60750	-2
2,60817	-1
2,60883	-0
2,60950	1
2,61017	1
2,61083	2
2,61150	3
2,61217	3
2,61283	4
2,61350	5
2,61417	5
2,61483	6
2,61550	6
2,61617	7
2,61683	8
2,61750	8
2,61817	9
2,61883	9
2,61950	10
2,62017	10
2,62083	10
2,62150	11
2,62217	11
2,62283	11
2,62350	11
2,62417	11
2,62483	12
2,62550	12
2,62617	12
2,62683	12
2,62750	12
2,62817	12
2,62883	12
2,62950	12
2,63017	12
2,63083	12
2,63150	13
2,63217	13
2,63283	13
2,63350	14
2,63417	14
2,63483	15
2,63550	15
2,63617	16
2,63683	16
2,63750	17
2,63817	17
2,63883	17
2,63950	17
2,64017	17
2,64083	17
2,64150	17
2,64217	17
2,64283	16
2,64350	16
2,64417	15
2,64483	15
2,64550	14
2,64617	14
2,64683	14
2,64750	13
2,64817	13
2,64883	12
2,64950	12
2,65017	12
2,65083	11
2,65150	11
2,65217	10
2,65283	10
2,65350	9
2,65417	8
2,65483	8
2,65550	7
2,65617	7
2,65683	6
2,65750	6
2,65817	5
2,65883	5
2,65950	5
2,66017	4
2,66083	4
2,66150	4
2,66217	4
2,66283	3
2,66350	3
2,66417	3
2,66483	2
2,66550	2
2,66617	2
2,66683	1
2,66750	1
2,66817	1
2,66883	1
2,66950	1
2,67017	1
2,67083	1
2,67150	1
2,67217	1
2,67283	1
2,67350	1
2,67417	1
2,67483	1
2,67550	1
2,67617	1
2,67683	1
2,67750	1
2,67817	1
2,67883	1
2,67950	1
2,68017	0
2,68083	0
2,68150	0
2,68217	0
2,68283	0
2,68350	1
2,68417	1
2,68483	1
2,68550	1
2,68617	1
2,68683	2
2,68750	2
2,68817	3
2,68883	5
2,68950	7
2,69017	9
2,69083	13
2,69150	18
2,69217	24
2,69283	33
2,69350	44
2,69417	59
2,69483	79
2,69550	104
2,69617	137
2,69683	178
2,69750	230
2,69817	293
2,69883	372
2,69950	467
2,70017	582
2,70083	719
2,70150	880
2,70217	1069
2,70283	1288
2,70350	1541
2,70417	1832
2,70483	2165
2,70550	2546
2,70617	2980
2,70683	3475
2,70750	4043
2,70817	4706
2,70883	5486
2,70950	6410
2,71017	7511
2,71083	8826
2,71150	10401
2,71217	12287
2,71283	14547
2,71350	17238
2,71417	20430
2,71483	24202
2,71550	28640
2,71617	33812
2,71683	39800
2,71750	46671
2,71817	54479
2,71883	63265
2,71950	73062
2,72017	83903
2,72083	95844
2,72150	108925
2,72217	123131
2,72283	138396
2,72350	154676
2,72417	171924
2,72483	189998
2,72550	208726
2,72617	227920
2,72683	247356
2,72750	266800
2,72817	285995
2,72883	304674
2,72950	322585
2,73017	339412
2,73083	354808
2,73150	368490
2,73217	380189
2,73283	389683
2,73350	396804
2,73417	401421
2,73483	403478
2,73550	403016
2,73617	400141
2,73683	395014
2,73750	387830
2,73817	378805
2,73883	368189
2,73950	356227
2,74017	343173
2,74083	329271
2,74150	314753
2,74217	299828
2,74283	284685
2,74350	269491
2,74417	254394
2,74483	239517
2,74550	224964
2,74617	210821
2,74683	197153
2,74750	184012
2,74817	171435
2,74883	159445
2,74950	148059
2,75017	137281
2,75083	127110
2,75150	117540
2,75217	108556
2,75283	100143
2,75350	92281
2,75417	84949
2,75483	78124
2,75550	71781
2,75617	65896
2,75683	60444
2,75750	55400
2,75817	50740
2,75883	46439
2,75950	42475
2,76017	38825
2,76083	35467
2,76150	32381
2,76217	29548
2,76283	26949
2,76350	24567
2,76417	22385
2,76483	20388
2,76550	18562
2,76617	16893
2,76683	15368
2,76750	13976
2,76817	12707
2,76883	11549
2,76950	10494
2,77017	9533
2,77083	8659
2,77150	7863
2,77217	7140
2,77283	6482
2,77350	5885
2,77417	5343
2,77483	4851
2,77550	4405
2,77617	4001
2,77683	3635
2,77750	3303
2,77817	3003
2,77883	2733
2,77950	2488
2,78017	2267
2,78083	2069
2,78150	1890
2,78217	1729
2,78283	1585
2,78350	1455
2,78417	1339
2,78483	1235
2,78550	1142
2,78617	1058
2,78683	984
2,78750	917
2,78817	856
2,78883	802
2,78950	753
2,79017	709
2,79083	668
2,79150	631
2,79217	597
2,79283	566
2,79350	537
2,79417	510
2,79483	485
2,79550	461
2,79617	438
2,79683	417
2,79750	397
2,79817	378
2,79883	360
2,79950	344
2,80017	329
2,80083	315
2,80150	302
2,80217	290
2,80283	280
2,80350	272
2,80417	265
2,80483	261
2,80550	259
2,80617	260
2,80683	264
2,80750	271
2,80817	281
2,80883	295
2,80950	312
2,81017	334
2,81083	359
2,81150	388
2,81217	420
2,81283	456
2,81350	495
2,81417	537
2,81483	582
2,81550	628
2,81617	676
2,81683	724
2,81750	772
2,81817	819
2,81883	865
2,81950	908
2,82017	947
2,82083	983
2,82150	1014
2,82217	1040
2,82283	1061
2,82350	1077
2,82417	1087
2,82483	1091
2,82550	1091
2,82617	1086
2,82683	1076
2,82750	1062
2,82817	1045
2,82883	1024
2,82950	1001
2,83017	975
2,83083	947
2,83150	918
2,83217	887
2,83283	856
2,83350	825
2,83417	793
2,83483	762
2,83550	731
2,83617	701
2,83683	672
2,83750	643
2,83817	615
2,83883	587
2,83950	561
2,84017	536
2,84083	511
2,84150	487
2,84217	464
2,84283	442
2,84350	420
2,84417	400
2,84483	380
2,84550	360
2,84617	342
2,84683	324
2,84750	306
2,84817	289
2,84883	273
2,84950	258
2,85017	243
2,85083	230
2,85150	216
2,85217	204
2,85283	192
2,85350	181
2,85417	170
2,85483	160
2,85550	150
2,85617	141
2,85683	132
2,85750	124
2,85817	116
2,85883	109
2,85950	101
2,86017	95
2,86083	89
2,86150	83
2,86217	78
2,86283	73
2,86350	69
2,86417	65
2,86483	61
2,86550	58
2,86617	55
2,86683	52
2,86750	50
2,86817	47
2,86883	46
2,86950	44
2,87017	43
2,87083	43
2,87150	43
2,87217	43
2,87283	45
2,87350	47
2,87417	50
2,87483	54
2,87550	59
2,87617	66
2,87683	74
2,87750	83
2,87817	94
2,87883	106
2,87950	121
2,88017	137
2,88083	155
2,88150	174
2,88217	196
2,88283	219
2,88350	244
2,88417	269
2,88483	296
2,88550	322
2,88617	349
2,88683	375
2,88750	400
2,88817	423
2,88883	446
2,88950	466
2,89017	483
2,89083	499
2,89150	511
2,89217	521
2,89283	528
2,89350	532
2,89417	534
2,89483	532
2,89550	528
2,89617	521
2,89683	512
2,89750	501
2,89817	488
2,89883	474
2,89950	458
2,90017	442
2,90083	424
2,90150	407
2,90217	388
2,90283	370
2,90350	352
2,90417	334
2,90483	316
2,90550	298
2,90617	281
2,90683	264
2,90750	248
2,90817	232
2,90883	217
2,90950	203
2,91017	189
2,91083	176
2,91150	164
2,91217	152
2,91283	141
2,91350	131
2,91417	121
2,91483	112
2,91550	104
2,91617	96
2,91683	89
2,91750	82
2,91817	76
2,91883	70
2,91950	65
2,92017	60
2,92083	55
2,92150	51
2,92217	48
2,92283	44
2,92350	41
2,92417	38
2,92483	35
2,92550	33
2,92617	30
2,92683	28
2,92750	26
2,92817	24
2,92883	23
2,92950	21
2,93017	19
2,93083	18
2,93150	17
2,93217	15
2,93283	14
2,93350	13
2,93417	12
2,93483	12
2,93550	11
2,93617	10
2,93683	10
2,93750	9
2,93817	9
2,93883	8
2,93950	8
2,94017	8
2,94083	7
2,94150	7
2,94217	6
2,94283	6
2,94350	5
2,94417	5
2,94483	4
2,94550	4
2,94617	4
2,94683	4
2,94750	3
2,94817	3
2,94883	3
2,94950	3
2,95017	3
2,95083	3
2,95150	3
2,95217	3
2,95283	2
2,95350	2
2,95417	2
2,95483	1
2,95550	1
2,95617	0
2,95683	0
2,95750	-0
2,95817	-1
2,95883	-1
2,95950	-1
2,96017	-2
2,96083	-2
2,96150	-2
2,96217	-2
2,96283	-3
2,96350	-3
2,96417	-3
2,96483	-3
2,96550	-2
2,96617	-2
2,96683	-1
2,96750	0
2,96817	2
2,96883	3
2,96950	5
2,97017	7
2,97083	9
2,97150	12
2,97217	16
2,97283	20
2,97350	24
2,97417	29
2,97483	34
2,97550	40
2,97617	47
2,97683	54
2,97750	62
2,97817	70
2,97883	79
2,97950	88
2,98017	97
2,98083	106
2,98150	115
2,98217	123
2,98283	132
2,98350	139
2,98417	147
2,98483	153
2,98550	159
2,98617	163
2,98683	167
2,98750	170
2,98817	172
2,98883	173
2,98950	172
2,99017	172
2,99083	170
2,99150	167
2,99217	164
2,99283	160
2,99350	156
2,99417	151
2,99483	146
2,99550	141
2,99617	135
2,99683	129
2,99750	123
2,99817	116
2,99883	110
2,99950	104
3,00017	97
3,00083	91
3,00150	85
3,00217	79
3,00283	74
3,00350	68
3,00417	63
3,00483	58
3,00550	53
3,00617	49
3,00683	44
3,00750	40
3,00817	37
3,00883	33
3,00950	30
3,01017	27
3,01083	24
3,01150	21
3,01217	19
3,01283	17
3,01350	14
3,01417	13
3,01483	11
3,01550	9
3,01617	7
3,01683	6
3,01750	4
3,01817	3
3,01883	2
3,01950	1
3,02017	0
3,02083	-0
3,02150	-1
3,02217	-2
3,02283	-2
3,02350	-3
3,02417	-3
3,02483	-4
3,02550	-4
3,02617	-4
3,02683	-5
3,02750	-5
3,02817	-5
3,02883	-5
3,02950	-6
3,03017	-6
3,03083	-6
3,03150	-6
3,03217	-6
3,03283	-6
3,03350	-6
3,03417	-6
3,03483	-6
3,03550	-6
3,03617	-6
3,03683	-6
3,03750	-7
3,03817	-7
3,03883	-7
3,03950	-6
3,04017	-6
3,04083	-6
3,04150	-6
3,04217	-6
3,04283	-6
3,04350	-6
3,04417	-6
3,04483	-6
3,04550	-6
3,04617	-6
3,04683	-6
3,04750	-6
3,04817	-6
3,04883	-6
3,04950	-6
3,05017	-6
3,05083	-6
3,05150	-6
3,05217	-6
3,05283	-6
3,05350	-6
3,05417	-5
3,05483	-5
3,05550	-6
3,05617	-6
3,05683	-6
3,05750	-6
3,05817	-6
3,05883	-7
3,05950	-7
3,06017	-7
3,06083	-7
3,06150	-7
3,06217	-7
3,06283	-7
3,06350	-6
3,06417	-6
3,06483	-6
3,06550	-5
3,06617	-5
3,06683	-5
3,06750	-4
3,06817	-4
3,06883	-4
3,06950	-4
3,07017	-4
3,07083	-4
3,07150	-4
3,07217	-4
3,07283	-4
3,07350	-4
3,07417	-4
3,07483	-4
3,07550	-4
3,07617	-4
3,07683	-4
3,07750	-4
3,07817	-4
3,07883	-4
3,07950	-4
3,08017	-4
3,08083	-4
3,08150	-4
3,08217	-4
3,08283	-4
3,08350	-4
3,08417	-4
3,08483	-4
3,08550	-4
3,08617	-3
3,08683	-3
3,08750	-3
3,08817	-2
3,08883	-2
3,08950	-2
3,09017	-2
3,09083	-1
3,09150	-1
3,09217	-1
3,09283	-0
3,09350	0
3,09417	0
3,09483	1
3,09550	1
3,09617	1
3,09683	2
3,09750	2
3,09817	3
3,09883	3
3,09950	3
3,10017	4
3,10083	4
3,10150	4
3,10217	5
3,10283	5
3,10350	6
3,10417	6
3,10483	7
3,10550	8
3,10617	8
3,10683	9
3,10750	10
3,10817	10
3,10883	11
3,10950	12
3,11017	12
3,11083	13
3,11150	13
3,11217	13
3,11283	13
3,11350	13
3,11417	14
3,11483	14
3,11550	14
3,11617	14
3,11683	14
3,11750	14
3,11817	15
3,11883	15
3,11950	15
3,12017	15
3,12083	15
3,12150	15
3,12217	15
3,12283	15
3,12350	15
3,12417	14
3,12483	14
3,12550	14
3,12617	14
3,12683	14
3,12750	13
3,12817	13
3,12883	13
3,12950	13
3,13017	13
3,13083	13
3,13150	13
3,13217	13
3,13283	13
3,13350	13
3,13417	13
3,13483	12
3,13550	12
3,13617	11
3,13683	10
3,13750	10
3,13817	9
3,13883	9
3,13950	8
3,14017	8
3,14083	8
3,14150	7
3,14217	7
3,14283	6
3,14350	5
3,14417	4
3,14483	3
3,14550	2
3,14617	1
3,14683	0
3,14750	-0
3,14817	-1
3,14883	-2
3,14950	-2
3,15017	-3
3,15083	-3
3,15150	-4
3,15217	-4
3,15283	-4
3,15350	-5
3,15417	-5
3,15483	-5
3,15550	-6
3,15617	-6
3,15683	-6
3,15750	-7
3,15817	-7
3,15883	-7
3,15950	-7
3,16017	-8
3,16083	-8
3,16150	-8
3,16217	-8
3,16283	-8
3,16350	-8
3,16417	-8
3,16483	-8
3,16550	-8
3,16617	-9
3,16683	-9
3,16750	-9
3,16817	-9
3,16883	-9
3,16950	-9
3,17017	-9
3,17083	-9
3,17150	-10
3,17217	-10
3,17283	-10
3,17350	-10
3,17417	-10
3,17483	-10
3,17550	-9
3,17617	-9
3,17683	-9
3,17750	-9
3,17817	-9
3,17883	-9
3,17950	-8
3,18017	-8
3,18083	-7
3,18150	-7
3,18217	-6
3,18283	-6
3,18350	-5
3,18417	-5
3,18483	-5
3,18550	-4
3,18617	-4
3,18683	-4
3,18750	-4
3,18817	-4
3,18883	-3
3,18950	-3
3,19017	-3
3,19083	-3
3,19150	-2
3,19217	-2
3,19283	-2
3,19350	-2
3,19417	-2
3,19483	-2
3,19550	-2
3,19617	-2
3,19683	-2
3,19750	-2
3,19817	-3
3,19883	-3
3,19950	-3
3,20017	-3
3,20083	-4
3,20150	-4
3,20217	-4
3,20283	-4
3,20350	-4
3,20417	-5
3,20483	-5
3,20550	-5
3,20617	-5
3,20683	-5
3,20750	-5
3,20817	-6
3,20883	-6
3,20950	-7
3,21017	-7
3,21083	-7
3,21150	-8
3,21217	-8
3,21283	-8
3,21350	-8
3,21417	-8
3,21483	-8
3,21550	-8
3,21617	-8
3,21683	-8
3,21750	-8
3,21817	-8
3,21883	-8
3,21950	-9
3,22017	-9
3,22083	-9
3,22150	-10
3,22217	-10
3,22283	-10
3,22350	-11
3,22417	-11
3,22483	-11
3,22550	-11
3,22617	-11
3,22683	-11
3,22750	-11
3,22817	-11
3,22883	-11
3,22950	-11
3,23017	-11
3,23083	-11
3,23150	-11
3,23217	-12
3,23283	-12
3,23350	-12
3,23417	-13
3,23483	-13
3,23550	-13
3,23617	-12
3,23683	-12
3,23750	-12
3,23817	-12
3,23883	-12
3,23950	-12
3,24017	-12
3,24083	-12
3,24150	-11
3,24217	-12
3,24283	-12
3,24350	-12
3,24417	-12
3,24483	-12
3,24550	-11
3,24617	-11
3,24683	-11
3,24750	-11
3,24817	-11
3,24883	-11
3,24950	-11
3,25017	-11
3,25083	-11
3,25150	-11
3,25217	-11
3,25283	-11
3,25350	-12
3,25417	-12
3,25483	-12
3,25550	-12
3,25617	-12
3,25683	-11
3,25750	-11
3,25817	-11
3,25883	-11
3,25950	-10
3,26017	-10
3,26083	-10
3,26150	-10
3,26217	-10
3,26283	-10
3,26350	-10
3,26417	-9
3,26483	-9
3,26550	-9
3,26617	-9
3,26683	-9
3,26750	-9
3,26817	-9
3,26883	-9
3,26950	-9
3,27017	-9
3,27083	-9
3,27150	-9
3,27217	-9
3,27283	-9
3,27350	-9
3,27417	-9
3,27483	-9
3,27550	-9
3,27617	-9
3,27683	-9
3,27750	-9
3,27817	-10
3,27883	-10
3,27950	-10
3,28017	-10
3,28083	-10
3,28150	-10
3,28217	-10
3,28283	-11
3,28350	-11
3,28417	-11
3,28483	-11
3,28550	-11
3,28617	-10
3,28683	-10
3,28750	-10
3,28817	-10
3,28883	-9
3,28950	-9
3,29017	-9
3,29083	-9
3,29150	-8
3,29217	-8
3,29283	-8
3,29350	-8
3,29417	-8
3,29483	-8
3,29550	-7
3,29617	-7
3,29683	-7
3,29750	-7
3,29817	-7
3,29883	-7
3,29950	-7
3,30017	-6
3,30083	-6
3,30150	-6
3,30217	-5
3,30283	-5
3,30350	-5
3,30417	-5
3,30483	-5
3,30550	-5
3,30617	-5
3,30683	-5
3,30750	-5
3,30817	-5
3,30883	-5
3,30950	-5
3,31017	-5
3,31083	-5
3,31150	-5
3,31217	-5
3,31283	-5
3,31350	-5
3,31417	-5
3,31483	-5
3,31550	-5
3,31617	-5
3,31683	-5
3,31750	-6
3,31817	-6
3,31883	-7
3,31950	-7
3,32017	-8
3,32083	-8
3,32150	-8
3,32217	-8
3,32283	-8
3,32350	-8
3,32417	-8
3,32483	-9
3,32550	-9
3,32617	-9
3,32683	-9
3,32750	-9
3,32817	-9
3,32883	-9
3,32950	-10
3,33017	-10
3,33083	-10
3,33150	-10
3,33217	-10
3,33283	-10
3,33350	-10
3,33417	-10
3,33483	-10
3,33550	-9
3,33617	-9
3,33683	-9
3,33750	-9
3,33817	-9
3,33883	-9
3,33950	-9
3,34017	-9
3,34083	-8
3,34150	-8
3,34217	-8
3,34283	-8
3,34350	-8
3,34417	-8
3,34483	-8
3,34550	-9
3,34617	-9
3,34683	-9
3,34750	-9
3,34817	-9
3,34883	-9
3,34950	-9
3,35017	-9
3,35083	-10
3,35150	-10
3,35217	-10
3,35283	-10
3,35350	-11
3,35417	-11
3,35483	-11
3,35550	-11
3,35617	-11
3,35683	-11
3,35750	-11
3,35817	-11
3,35883	-11
3,35950	-11
3,36017	-11
3,36083	-10
3,36150	-10
3,36217	-10
3,36283	-9
3,36350	-9
3,36417	-9
3,36483	-9
3,36550	-8
3,36617	-8
3,36683	-8
3,36750	-8
3,36817	-8
3,36883	-8
3,36950	-8
3,37017	-8
3,37083	-9
3,37150	-9
3,37217	-9
3,37283	-10
3,37350	-10
3,37417	-10
3,37483	-10
3,37550	-10
3,37617	-10
3,37683	-10
3,37750	-11
3,37817	-11
3,37883	-11
3,37950	-11
3,38017	-11
3,38083	-12
3,38150	-12
3,38217	-12
3,38283	-12
3,38350	-12
3,38417	-13
3,38483	-13
3,38550	-13
3,38617	-13
3,38683	-13
3,38750	-12
3,38817	-12
3,38883	-12
3,38950	-11
3,39017	-11
3,39083	-11
3,39150	-10
3,39217	-10
3,39283	-10
3,39350	-9
3,39417	-9
3,39483	-9
3,39550	-9
3,39617	-9
3,39683	-8
3,39750	-8
3,39817	-8
3,39883	-7
3,39950	-6
3,40017	-6
3,40083	-5
3,40150	-4
3,40217	-3
3,40283	-3
3,40350	-2
3,40417	-1
3,40483	-1
3,40550	-0
3,40617	0
3,40683	0
3,40750	1
3,40817	1
3,40883	1
3,40950	0
3,41017	0
3,41083	-0
3,41150	-0
3,41217	-1
3,41283	-1
3,41350	-1
3,41417	-2
3,41483	-2
3,41550	-2
3,41617	-2
3,41683	-2
3,41750	-2
3,41817	-2
3,41883	-2
3,41950	-2
3,42017	-2
3,42083	-2
3,42150	-2
3,42217	-2
3,42283	-2
3,42350	-2
3,42417	-2
3,42483	-2
3,42550	-3
3,42617	-3
3,42683	-3
3,42750	-3
3,42817	-3
3,42883	-4
3,42950	-4
3,43017	-4
3,43083	-4
3,43150	-5
3,43217	-5
3,43283	-5
3,43350	-5
3,43417	-5
3,43483	-6
3,43550	-6
3,43617	-6
3,43683	-6
3,43750	-6
3,43817	-6
3,43883	-6
3,43950	-6
3,44017	-6
3,44083	-7
3,44150	-7
3,44217	-7
3,44283	-7
3,44350	-7
3,44417	-8
3,44483	-8
3,44550	-8
3,44617	-8
3,44683	-8
3,44750	-8
3,44817	-8
3,44883	-8
3,44950	-8
3,45017	-8
3,45083	-8
3,45150	-8
3,45217	-8
3,45283	-8
3,45350	-9
3,45417	-9
3,45483	-9
3,45550	-9
3,45617	-9
3,45683	-10
3,45750	-10
3,45817	-10
3,45883	-10
3,45950	-10
3,46017	-10
3,46083	-10
3,46150	-9
3,46217	-9
3,46283	-9
3,46350	-9
3,46417	-8
3,46483	-8
3,46550	-8
3,46617	-8
3,46683	-7
3,46750	-7
3,46817	-7
3,46883	-7
3,46950	-6
3,47017	-6
3,47083	-6
3,47150	-6
3,47217	-6
3,47283	-6
3,47350	-6
3,47417	-6
3,47483	-6
3,47550	-6
3,47617	-6
3,47683	-6
3,47750	-6
3,47817	-5
3,47883	-5
3,47950	-5
3,48017	-5
3,48083	-4
3,48150	-4
3,48217	-4
3,48283	-3
3,48350	-3
3,48417	-3
3,48483	-2
3,48550	-2
3,48617	-2
3,48683	-2
3,48750	-1
3,48817	-1
3,48883	-0
3,48950	0
3,49017	1
3,49083	1
3,49150	2
3,49217	2
3,49283	3
3,49350	3
3,49417	3
3,49483	4
3,49550	4
3,49617	4
3,49683	4
3,49750	4
3,49817	4
3,49883	4
3,49950	4
3,50017	5
3,50083	5
3,50150	5
3,50217	5
3,50283	5
3,50350	5
3,50417	5
3,50483	5
3,50550	5
3,50617	5
3,50683	5
3,50750	5
3,50817	5
3,50883	4
3,50950	4
3,51017	4
3,51083	3
3,51150	3
3,51217	3
3,51283	2
3,51350	2
3,51417	2
3,51483	2
3,51550	2
3,51617	2
3,51683	2
3,51750	2
3,51817	2
3,51883	2
3,51950	2
3,52017	2
3,52083	2
3,52150	2
3,52217	1
3,52283	1
3,52350	1
3,52417	1
3,52483	1
3,52550	1
3,52617	1
3,52683	1
3,52750	0
3,52817	0
3,52883	-0
3,52950	-1
3,53017	-1
3,53083	-1
3,53150	-2
3,53217	-2
3,53283	-2
3,53350	-3
3,53417	-3
3,53483	-4
3,53550	-4
3,53617	-4
3,53683	-4
3,53750	-4
3,53817	-4
3,53883	-4
3,53950	-3
3,54017	-3
3,54083	-3
3,54150	-2
3,54217	-1
3,54283	-0
3,54350	1
3,54417	2
3,54483	3
3,54550	5
3,54617	7
3,54683	8
3,54750	10
3,54817	12
3,54883	14
3,54950	16
3,55017	18
3,55083	20
3,55150	23
3,55217	25
3,55283	27
3,55350	30
3,55417	32
3,55483	35
3,55550	37
3,55617	39
3,55683	41
3,55750	43
3,55817	45
3,55883	46
3,55950	47
3,56017	48
3,56083	48
3,56150	48
3,56217	48
3,56283	48
3,56350	47
3,56417	47
3,56483	46
3,56550	45
3,56617	44
3,56683	43
3,56750	41
3,56817	40
3,56883	38
3,56950	37
3,57017	36
3,57083	35
3,57150	34
3,57217	33
3,57283	31
3,57350	30
3,57417	29
3,57483	28
3,57550	28
3,57617	27
3,57683	27
3,57750	26
3,57817	26
3,57883	25
3,57950	25
3,58017	24
3,58083	24
3,58150	24
3,58217	23
3,58283	23
3,58350	22
3,58417	22
3,58483	21
3,58550	21
3,58617	20
3,58683	20
3,58750	19
3,58817	18
3,58883	17
3,58950	16
3,59017	15
3,59083	13
3,59150	12
3,59217	10
3,59283	9
3,59350	7
3,59417	6
3,59483	4
3,59550	3
3,59617	2
3,59683	1
3,59750	-0
3,59817	-1
3,59883	-2
3,59950	-3
3,60017	-4
3,60083	-5
3,60150	-6
3,60217	-6
3,60283	-7
3,60350	-8
3,60417	-8
3,60483	-9
3,60550	-9
3,60617	-9
3,60683	-10
3,60750	-10
3,60817	-11
3,60883	-11
3,60950	-11
3,61017	-11
3,61083	-11
3,61150	-11
3,61217	-11
3,61283	-12
3,61350	-12
3,61417	-12
3,61483	-12
3,61550	-12
3,61617	-12
3,61683	-12
3,61750	-12
3,61817	-12
3,61883	-12
3,61950	-12
3,62017	-12
3,62083	-12
3,62150	-12
3,62217	-12
3,62283	-12
3,62350	-12
3,62417	-12
3,62483	-12
3,62550	-12
3,62617	-12
3,62683	-12
3,62750	-12
3,62817	-13
3,62883	-13
3,62950	-13
3,63017	-13
3,63083	-13
3,63150	-12
3,63217	-12
3,63283	-12
3,63350	-12
3,63417	-11
3,63483	-11
3,63550	-11
3,63617	-10
3,63683	-10
3,63750	-9
3,63817	-9
3,63883	-8
3,63950	-8
3,64017	-7
3,64083	-7
3,64150	-6
3,64217	-6
3,64283	-5
3,64350	-4
3,64417	-3
3,64483	-2
3,64550	-1
3,64617	-1
3,64683	0
3,64750	1
3,64817	2
3,64883	3
3,64950	3
3,65017	4
3,65083	4
3,65150	5
3,65217	5
3,65283	5
3,65350	6
3,65417	6
3,65483	6
3,65550	5
3,65617	5
3,65683	5
3,65750	5
3,65817	4
3,65883	4
3,65950	3
3,66017	3
3,66083	3
3,66150	2
3,66217	2
3,66283	2
3,66350	1
3,66417	1
3,66483	0
3,66550	-1
3,66617	-2
3,66683	-3
3,66750	-4
3,66817	-4
3,66883	-5
3,66950	-6
3,67017	-7
3,67083	-7
3,67150	-8
3,67217	-8
3,67283	-9
3,67350	-9
3,67417	-10
3,67483	-10
3,67550	-11
3,67617	-11
3,67683	-11
3,67750	-11
3,67817	-12
3,67883	-12
3,67950	-12
3,68017	-12
3,68083	-11
3,68150	-11
3,68217	-11
3,68283	-11
3,68350	-10
3,68417	-10
3,68483	-10
3,68550	-10
3,68617	-10
3,68683	-9
3,68750	-9
3,68817	-9
3,68883	-9
3,68950	-9
3,69017	-9
3,69083	-9
3,69150	-9
3,69217	-9
3,69283	-9
3,69350	-9
3,69417	-8
3,69483	-8
3,69550	-8
3,69617	-8
3,69683	-8
3,69750	-8
3,69817	-8
3,69883	-9
3,69950	-9
3,70017	-9
3,70083	-9
3,70150	-10
3,70217	-10
3,70283	-10
3,70350	-10
3,70417	-11
3,70483	-11
3,70550	-11
3,70617	-11
3,70683	-11
3,70750	-11
3,70817	-11
3,70883	-12
3,70950	-12
3,71017	-12
3,71083	-12
3,71150	-13
3,71217	-13
3,71283	-13
3,71350	-13
3,71417	-13
3,71483	-14
3,71550	-14
3,71617	-14
3,71683	-14
3,71750	-14
3,71817	-14
3,71883	-14
3,71950	-14
3,72017	-14
3,72083	-14
3,72150	-13
3,72217	-13
3,72283	-13
3,72350	-13
3,72417	-13
3,72483	-12
3,72550	-12
3,72617	-11
3,72683	-11
3,72750	-10
3,72817	-10
3,72883	-9
3,72950	-9
3,73017	-9
3,73083	-8
3,73150	-8
3,73217	-8
3,73283	-8
3,73350	-7
3,73417	-8
3,73483	-8
3,73550	-8
3,73617	-8
3,73683	-8
3,73750	-8
3,73817	-8
3,73883	-8
3,73950	-7
3,74017	-7
3,74083	-7
3,74150	-7
3,74217	-7
3,74283	-7
3,74350	-7
3,74417	-7
3,74483	-7
3,74550	-7
3,74617	-7
3,74683	-7
3,74750	-7
3,74817	-7
3,74883	-7
3,74950	-7
3,75017	-7
3,75083	-8
3,75150	-8
3,75217	-8
3,75283	-8
3,75350	-8
3,75417	-9
3,75483	-9
3,75550	-9
3,75617	-9
3,75683	-9
3,75750	-9
3,75817	-9
3,75883	-9
3,75950	-10
3,76017	-10
3,76083	-10
3,76150	-11
3,76217	-11
3,76283	-11
3,76350	-12
3,76417	-12
3,76483	-12
3,76550	-13
3,76617	-13
3,76683	-13
3,76750	-13
3,76817	-13
3,76883	-13
3,76950	-13
3,77017	-12
3,77083	-12
3,77150	-12
3,77217	-12
3,77283	-12
3,77350	-12
3,77417	-12
3,77483	-12
3,77550	-12
3,77617	-12
3,77683	-12
3,77750	-12
3,77817	-12
3,77883	-12
3,77950	-12
3,78017	-12
3,78083	-12
3,78150	-12
3,78217	-12
3,78283	-12
3,78350	-12
3,78417	-12
3,78483	-12
3,78550	-11
3,78617	-11
3,78683	-11
3,78750	-11
3,78817	-11
3,78883	-11
3,78950	-11
3,79017	-11
3,79083	-11
3,79150	-10
3,79217	-10
3,79283	-10
3,79350	-10
3,79417	-10
3,79483	-11
3,79550	-11
3,79617	-11
3,79683	-11
3,79750	-11
3,79817	-11
3,79883	-11
3,79950	-12
3,80017	-12
3,80083	-11
3,80150	-11
3,80217	-11
3,80283	-11
3,80350	-11
3,80417	-11
3,80483	-11
3,80550	-11
3,80617	-10
3,80683	-10
3,80750	-10
3,80817	-10
3,80883	-10
3,80950	-10
3,81017	-10
3,81083	-10
3,81150	-10
3,81217	-10
3,81283	-10
3,81350	-10
3,81417	-10
3,81483	-10
3,81550	-10
3,81617	-10
3,81683	-10
3,81750	-10
3,81817	-10
3,81883	-10
3,81950	-10
3,82017	-10
3,82083	-10
3,82150	-10
3,82217	-10
3,82283	-10
3,82350	-10
3,82417	-11
3,82483	-11
3,82550	-11
3,82617	-11
3,82683	-11
3,82750	-11
3,82817	-11
3,82883	-11
3,82950	-11
3,83017	-11
3,83083	-11
3,83150	-11
3,83217	-11
3,83283	-11
3,83350	-10
3,83417	-10
3,83483	-10
3,83550	-10
3,83617	-10
3,83683	-10
3,83750	-10
3,83817	-10
3,83883	-10
3,83950	-10
3,84017	-10
3,84083	-10
3,84150	-10
3,84217	-10
3,84283	-10
3,84350	-10
3,84417	-10
3,84483	-10
3,84550	-10
3,84617	-10
3,84683	-10
3,84750	-10
3,84817	-10
3,84883	-10
3,84950	-10
3,85017	-10
3,85083	-11
3,85150	-11
3,85217	-10
3,85283	-10
3,85350	-10
3,85417	-10
3,85483	-10
3,85550	-11
3,85617	-11
3,85683	-11
3,85750	-11
3,85817	-11
3,85883	-12
3,85950	-12
3,86017	-12
3,86083	-13
3,86150	-13
3,86217	-13
3,86283	-13
3,86350	-13
3,86417	-13
3,86483	-13
3,86550	-13
3,86617	-13
3,86683	-13
3,86750	-14
3,86817	-14
3,86883	-14
3,86950	-14
3,87017	-14
3,87083	-13
3,87150	-13
3,87217	-13
3,87283	-13
3,87350	-12
3,87417	-11
3,87483	-10
3,87550	-9
3,87617	-8
3,87683	-5
3,87750	-2
3,87817	3
3,87883	10
3,87950	20
3,88017	34
3,88083	56
3,88150	86
3,88217	130
3,88283	191
3,88350	277
3,88417	397
3,88483	562
3,88550	789
3,88617	1098
3,88683	1511
3,88750	2056
3,88817	2766
3,88883	3673
3,88950	4815
3,89017	6236
3,89083	7985
3,89150	10126
3,89217	12730
3,89283	15863
3,89350	19586
3,89417	23963
3,89483	29057
3,89550	34934
3,89617	41649
3,89683	49247
3,89750	57755
3,89817	67210
3,89883	77617
3,89950	88965
3,90017	101264
3,90083	114542
3,90150	128768
3,90217	143905
3,90283	159907
3,90350	176728
3,90417	194268
3,90483	212393
3,90550	230937
3,90617	249648
3,90683	268239
3,90750	286397
3,90817	303787
3,90883	320100
3,90950	335062
3,91017	348442
3,91083	360022
3,91150	369641
3,91217	377154
3,91283	382433
3,91350	385385
3,91417	386004
3,91483	384334
3,91550	380476
3,91617	374565
3,91683	366792
3,91750	357375
3,91817	346554
3,91883	334573
3,91950	321670
3,92017	308070
3,92083	293984
3,92150	279604
3,92217	265099
3,92283	250620
3,92350	236297
3,92417	222239
3,92483	208534
3,92550	195256
3,92617	182459
3,92683	170185
3,92750	158463
3,92817	147313
3,92883	136742
3,92950	126753
3,93017	117340
3,93083	108494
3,93150	100200
3,93217	92441
3,93283	85197
3,93350	78447
3,93417	72167
3,93483	66336
3,93550	60928
3,93617	55920
3,93683	51289
3,93750	47011
3,93817	43064
3,93883	39427
3,93950	36079
3,94017	32999
3,94083	30168
3,94150	27569
3,94217	25184
3,94283	22998
3,94350	20995
3,94417	19162
3,94483	17484
3,94550	15951
3,94617	14550
3,94683	13270
3,94750	12102
3,94817	11037
3,94883	10065
3,94950	9179
3,95017	8373
3,95083	7638
3,95150	6969
3,95217	6360
3,95283	5806
3,95350	5302
3,95417	4844
3,95483	4428
3,95550	4049
3,95617	3705
3,95683	3392
3,95750	3108
3,95817	2850
3,95883	2616
3,95950	2403
3,96017	2210
3,96083	2034
3,96150	1875
3,96217	1730
3,96283	1598
3,96350	1478
3,96417	1369
3,96483	1269
3,96550	1179
3,96617	1097
3,96683	1023
3,96750	955
3,96817	893
3,96883	836
3,96950	784
3,97017	737
3,97083	695
3,97150	656
3,97217	620
3,97283	587
3,97350	557
3,97417	530
3,97483	505
3,97550	481
3,97617	460
3,97683	440
3,97750	422
3,97817	405
3,97883	389
3,97950	374
3,98017	360
3,98083	348
3,98150	336
3,98217	325
3,98283	315
3,98350	305
3,98417	296
3,98483	288
3,98550	280
3,98617	272
3,98683	265
3,98750	258
3,98817	252
3,98883	246
3,98950	241
3,99017	236
3,99083	231
3,99150	227
3,99217	222
3,99283	218
3,99350	215
3,99417	211
3,99483	208
3,99550	205
3,99617	202
3,99683	199
3,99750	196
3,99817	193
3,99883	190
3,99950	188
4,00017	185
4,00083	183
4,00150	181
4,00217	178
4,00283	176
4,00350	174
4,00417	171
4,00483	169
4,00550	167
4,00617	165
4,00683	162
4,00750	160
4,00817	158
4,00883	156
4,00950	153
4,01017	151
4,01083	149
4,01150	147
4,01217	145
4,01283	143
4,01350	141
4,01417	139
4,01483	137
4,01550	135
4,01617	133
4,01683	131
4,01750	129
4,01817	128
4,01883	126
4,01950	124
4,02017	123
4,02083	121
4,02150	120
4,02217	118
4,02283	117
4,02350	115
4,02417	114
4,02483	112
4,02550	111
4,02617	110
4,02683	108
4,02750	107
4,02817	105
4,02883	104
4,02950	103
4,03017	101
4,03083	100
4,03150	99
4,03217	97
4,03283	96
4,03350	95
4,03417	94
4,03483	93
4,03550	92
4,03617	91
4,03683	90
4,03750	89
4,03817	88
4,03883	87
4,03950	86
4,04017	85
4,04083	84
4,04150	83
4,04217	82
4,04283	81
4,04350	80
4,04417	79
4,04483	78
4,04550	78
4,04617	77
4,04683	76
4,04750	76
4,04817	76
4,04883	75
4,04950	75
4,05017	74
4,05083	74
4,05150	73
4,05217	73
4,05283	72
4,05350	71
4,05417	71
4,05483	70
4,05550	70
4,05617	69
4,05683	69
4,05750	68
4,05817	68
4,05883	67
4,05950	67
4,06017	67
4,06083	66
4,06150	65
4,06217	65
4,06283	64
4,06350	64
4,06417	63
4,06483	62
4,06550	62
4,06617	61
4,06683	60
4,06750	60
4,06817	59
4,06883	59
4,06950	58
4,07017	58
4,07083	57
4,07150	56
4,07217	56
4,07283	55
4,07350	55
4,07417	54
4,07483	54
4,07550	53
4,07617	53
4,07683	53
4,07750	53
4,07817	52
4,07883	52
4,07950	52
4,08017	52
4,08083	51
4,08150	51
4,08217	51
4,08283	50
4,08350	50
4,08417	50
4,08483	50
4,08550	49
4,08617	49
4,08683	48
4,08750	48
4,08817	47
4,08883	47
4,08950	47
4,09017	46
4,09083	46
4,09150	46
4,09217	45
4,09283	45
4,09350	44
4,09417	44
4,09483	43
4,09550	43
4,09617	43
4,09683	43
4,09750	43
4,09817	43
4,09883	43
4,09950	43
4,10017	43
4,10083	43
4,10150	43
4,10217	43
4,10283	42
4,10350	42
4,10417	42
4,10483	42
4,10550	42
4,10617	42
4,10683	41
4,10750	41
4,10817	41
4,10883	41
4,10950	40
4,11017	40
4,11083	40
4,11150	39
4,11217	39
4,11283	39
4,11350	38
4,11417	38
4,11483	37
4,11550	37
4,11617	37
4,11683	36
4,11750	36
4,11817	35
4,11883	35
4,11950	35
4,12017	34
4,12083	34
4,12150	33
4,12217	33
4,12283	33
4,12350	33
4,12417	32
4,12483	32
4,12550	32
4,12617	32
4,12683	32
4,12750	32
4,12817	32
4,12883	32
4,12950	32
4,13017	32
4,13083	32
4,13150	32
4,13217	32
4,13283	32
4,13350	32
4,13417	32
4,13483	31
4,13550	31
4,13617	31
4,13683	30
4,13750	30
4,13817	30
4,13883	29
4,13950	29
4,14017	29
4,14083	29
4,14150	28
4,14217	28
4,14283	28
4,14350	28
4,14417	27
4,14483	27
4,14550	27
4,14617	26
4,14683	25
4,14750	25
4,14817	24
4,14883	24
4,14950	23
4,15017	23
4,15083	22
4,15150	22
4,15217	22
4,15283	21
4,15350	21
4,15417	21
4,15483	20
4,15550	20
4,15617	20
4,15683	20
4,15750	20
4,15817	20
4,15883	20
4,15950	21
4,16017	21
4,16083	21
4,16150	21
4,16217	21
4,16283	21
4,16350	21
4,16417	21
4,16483	21
4,16550	21
4,16617	21
4,16683	21
4,16750	20
4,16817	20
4,16883	20
4,16950	19
4,17017	19
4,17083	19
4,17150	19
4,17217	19
4,17283	19
4,17350	19
4,17417	19
4,17483	20
4,17550	20
4,17617	21
4,17683	21
4,17750	21
4,17817	21
4,17883	21
4,17950	21
4,18017	21
4,18083	20
4,18150	20
4,18217	20
4,18283	20
4,18350	19
4,18417	19
4,18483	19
4,18550	18
4,18617	18
4,18683	18
4,18750	18
4,18817	18
4,18883	18
4,18950	19
4,19017	19
4,19083	19
4,19150	19
4,19217	19
4,19283	19
4,19350	19
4,19417	20
4,19483	20
4,19550	20
4,19617	20
4,19683	20
4,19750	21
4,19817	21
4,19883	21
4,19950	21
4,20017	21
4,20083	21
4,20150	21
4,20217	21
4,20283	21
4,20350	21
4,20417	20
4,20483	20
4,20550	20
4,20617	20
4,20683	19
4,20750	19
4,20817	19
4,20883	19
4,20950	19
4,21017	19
4,21083	19
4,21150	19
4,21217	19
4,21283	19
4,21350	18
4,21417	18
4,21483	18
4,21550	19
4,21617	19
4,21683	19
4,21750	19
4,21817	19
4,21883	19
4,21950	19
4,22017	19
4,22083	19
4,22150	19
4,22217	19
4,22283	19
4,22350	19
4,22417	19
4,22483	19
4,22550	19
4,22617	18
4,22683	18
4,22750	18
4,22817	18
4,22883	17
4,22950	17
4,23017	17
4,23083	17
4,23150	16
4,23217	16
4,23283	16
4,23350	16
4,23417	15
4,23483	15
4,23550	15
4,23617	15
4,23683	15
4,23750	14
4,23817	14
4,23883	14
4,23950	14
4,24017	14
4,24083	14
4,24150	14
4,24217	13
4,24283	13
4,24350	12
4,24417	12
4,24483	12
4,24550	12
4,24617	11
4,24683	11
4,24750	11
4,24817	10
4,24883	10
4,24950	10
4,25017	10
4,25083	9
4,25150	10
4,25217	10
4,25283	10
4,25350	10
4,25417	10
4,25483	10
4,25550	11
4,25617	11
4,25683	11
4,25750	11
4,25817	11
4,25883	11
4,25950	11
4,26017	11
4,26083	11
4,26150	11
4,26217	11
4,26283	11
4,26350	10
4,26417	10
4,26483	10
4,26550	10
4,26617	10
4,26683	10
4,26750	10
4,26817	10
4,26883	10
4,26950	10
4,27017	10
4,27083	10
4,27150	10
4,27217	10
4,27283	10
4,27350	10
4,27417	11
4,27483	11
4,27550	10
4,27617	10
4,27683	10
4,27750	10
4,27817	9
4,27883	9
4,27950	9
4,28017	9
4,28083	9
4,28150	9
4,28217	9
4,28283	9
4,28350	9
4,28417	8
4,28483	8
4,28550	8
4,28617	8
4,28683	8
4,28750	8
4,28817	8
4,28883	8
4,28950	8
4,29017	8
4,29083	8
4,29150	8
4,29217	8
4,29283	7
4,29350	7
4,29417	8
4,29483	8
4,29550	8
4,29617	8
4,29683	8
4,29750	8
4,29817	8
4,29883	8
4,29950	8
4,30017	8
4,30083	8
4,30150	8
4,30217	8
4,30283	8
4,30350	8
4,30417	8
4,30483	8
4,30550	8
4,30617	8
4,30683	8
4,30750	8
4,30817	8
4,30883	9
4,30950	9
4,31017	9
4,31083	10
4,31150	10
4,31217	10
4,31283	11
4,31350	11
4,31417	11
4,31483	11
4,31550	12
4,31617	12
4,31683	12
4,31750	12
4,31817	12
4,31883	12
4,31950	12
4,32017	12
4,32083	12
4,32150	12
4,32217	12
4,32283	12
4,32350	12
4,32417	12
4,32483	12
4,32550	12
4,32617	12
4,32683	12
4,32750	11
4,32817	11
4,32883	11
4,32950	10
4,33017	10
4,33083	10
4,33150	10
4,33217	10
4,33283	10
4,33350	9
4,33417	9
4,33483	9
4,33550	9
4,33617	8
4,33683	8
4,33750	8
4,33817	8
4,33883	8
4,33950	8
4,34017	8
4,34083	7
4,34150	7
4,34217	7
4,34283	7
4,34350	6
4,34417	6
4,34483	6
4,34550	6
4,34617	6
4,34683	6
4,34750	6
4,34817	5
4,34883	6
4,34950	6
4,35017	6
4,35083	6
4,35150	6
4,35217	6
4,35283	6
4,35350	6
4,35417	6
4,35483	6
4,35550	6
4,35617	6
4,35683	7
4,35750	7
4,35817	7
4,35883	7
4,35950	7
4,36017	7
4,36083	7
4,36150	8
4,36217	8
4,36283	8
4,36350	8
4,36417	8
4,36483	8
4,36550	9
4,36617	9
4,36683	9
4,36750	9
4,36817	9
4,36883	9
4,36950	9
4,37017	9
4,37083	9
4,37150	9
4,37217	10
4,37283	10
4,37350	10
4,37417	10
4,37483	10
4,37550	10
4,37617	11
4,37683	11
4,37750	12
4,37817	13
4,37883	14
4,37950	16
4,38017	17
4,38083	18
4,38150	19
4,38217	20
4,38283	21
4,38350	23
4,38417	25
4,38483	26
4,38550	28
4,38617	30
4,38683	32
4,38750	35
4,38817	37
4,38883	39
4,38950	41
4,39017	43
4,39083	45
4,39150	47
4,39217	49
4,39283	50
4,39350	52
4,39417	54
4,39483	55
4,39550	57
4,39617	59
4,39683	60
4,39750	61
4,39817	62
4,39883	63
4,39950	64
4,40017	65
4,40083	66
4,40150	66
4,40217	66
4,40283	67
4,40350	67
4,40417	66
4,40483	66
4,40550	66
4,40617	65
4,40683	65
4,40750	64
4,40817	63
4,40883	63
4,40950	62
4,41017	62
4,41083	61
4,41150	61
4,41217	61
4,41283	60
4,41350	60
4,41417	59
4,41483	59
4,41550	58
4,41617	58
4,41683	57
4,41750	57
4,41817	56
4,41883	55
4,41950	54
4,42017	53
4,42083	53
4,42150	52
4,42217	51
4,42283	51
4,42350	50
4,42417	50
4,42483	49
4,42550	48
4,42617	48
4,42683	47
4,42750	46
4,42817	46
4,42883	45
4,42950	44
4,43017	44
4,43083	43
4,43150	42
4,43217	41
4,43283	41
4,43350	40
4,43417	39
4,43483	38
4,43550	37
4,43617	36
4,43683	36
4,43750	35
4,43817	34
4,43883	33
4,43950	33
4,44017	32
4,44083	31
4,44150	30
4,44217	30
4,44283	29
4,44350	28
4,44417	28
4,44483	27
4,44550	26
4,44617	25
4,44683	25
4,44750	24
4,44817	23
4,44883	22
4,44950	21
4,45017	20
4,45083	19
4,45150	18
4,45217	18
4,45283	17
4,45350	17
4,45417	17
4,45483	16
4,45550	16
4,45617	16
4,45683	15
4,45750	15
4,45817	15
4,45883	14
4,45950	14
4,46017	14
4,46083	14
4,46150	13
4,46217	13
4,46283	13
4,46350	13
4,46417	13
4,46483	13
4,46550	12
4,46617	12
4,46683	12
4,46750	11
4,46817	11
4,46883	11
4,46950	11
4,47017	11
4,47083	11
4,47150	11
4,47217	11
4,47283	11
4,47350	11
4,47417	11
4,47483	12
4,47550	12
4,47617	12
4,47683	12
4,47750	12
4,47817	12
4,47883	12
4,47950	11
4,48017	11
4,48083	11
4,48150	11
4,48217	11
4,48283	11
4,48350	12
4,48417	12
4,48483	12
4,48550	12
4,48617	12
4,48683	12
4,48750	12
4,48817	12
4,48883	12
4,48950	13
4,49017	13
4,49083	13
4,49150	13
4,49217	13
4,49283	13
4,49350	13
4,49417	14
4,49483	14
4,49550	14
4,49617	14
4,49683	14
4,49750	14
4,49817	14
4,49883	14
4,49950	14
4,50017	14
4,50083	14
4,50150	14
4,50217	14
4,50283	14
4,50350	14
4,50417	14
4,50483	14
4,50550	14
4,50617	14
4,50683	14
4,50750	13
4,50817	13
4,50883	13
4,50950	13
4,51017	13
4,51083	12
4,51150	12
4,51217	12
4,51283	12
4,51350	11
4,51417	11
4,51483	11
4,51550	11
4,51617	11
4,51683	11
4,51750	11
4,51817	11
4,51883	12
4,51950	12
4,52017	12
4,52083	12
4,52150	12
4,52217	12
4,52283	12
4,52350	12
4,52417	12
4,52483	12
4,52550	12
4,52617	12
4,52683	12
4,52750	13
4,52817	13
4,52883	13
4,52950	13
4,53017	13
4,53083	13
4,53150	13
4,53217	13
4,53283	13
4,53350	13
4,53417	14
4,53483	14
4,53550	14
4,53617	14
4,53683	14
4,53750	13
4,53817	13
4,53883	13
4,53950	13
4,54017	13
4,54083	12
4,54150	12
4,54217	12
4,54283	12
4,54350	12
4,54417	12
4,54483	12
4,54550	12
4,54617	12
4,54683	12
4,54750	12
4,54817	13
4,54883	13
4,54950	13
4,55017	13
4,55083	13
4,55150	13
4,55217	14
4,55283	14
4,55350	14
4,55417	14
4,55483	14
4,55550	14
4,55617	14
4,55683	14
4,55750	15
4,55817	15
4,55883	15
4,55950	15
4,56017	15
4,56083	15
4,56150	15
4,56217	15
4,56283	15
4,56350	15
4,56417	15
4,56483	15
4,56550	15
4,56617	15
4,56683	16
4,56750	16
4,56817	17
4,56883	17
4,56950	18
4,57017	18
4,57083	19
4,57150	19
4,57217	20
4,57283	20
4,57350	20
4,57417	21
4,57483	21
4,57550	21
4,57617	21
4,57683	22
4,57750	22
4,57817	22
4,57883	22
4,57950	22
4,58017	23
4,58083	23
4,58150	23
4,58217	23
4,58283	23
4,58350	23
4,58417	23
4,58483	23
4,58550	23
4,58617	22
4,58683	22
4,58750	22
4,58817	21
4,58883	21
4,58950	21
4,59017	20
4,59083	19
4,59150	19
4,59217	18
4,59283	18
4,59350	17
4,59417	16
4,59483	16
4,59550	15
4,59617	14
4,59683	14
4,59750	13
4,59817	12
4,59883	12
4,59950	11
4,60017	11
4,60083	11
4,60150	10
4,60217	10
4,60283	10
4,60350	9
4,60417	9
4,60483	8
4,60550	8
4,60617	8
4,60683	7
4,60750	7
4,60817	7
4,60883	7
4,60950	7
4,61017	7
4,61083	7
4,61150	7
4,61217	7
4,61283	7
4,61350	7
4,61417	7
4,61483	7
4,61550	7
4,61617	7
4,61683	7
4,61750	7
4,61817	7
4,61883	7
4,61950	7
4,62017	8
4,62083	8
4,62150	8
4,62217	9
4,62283	9
4,62350	9
4,62417	9
4,62483	9
4,62550	10
4,62617	10
4,62683	10
4,62750	10
4,62817	10
4,62883	10
4,62950	10
4,63017	10
4,63083	11
4,63150	11
4,63217	11
4,63283	11
4,63350	10
4,63417	10
4,63483	10
4,63550	10
4,63617	10
4,63683	10
4,63750	10
4,63817	10
4,63883	10
4,63950	10
4,64017	10
4,64083	9
4,64150	9
4,64217	9
4,64283	9
4,64350	9
4,64417	8
4,64483	8
4,64550	8
4,64617	8
4,64683	8
4,64750	8
4,64817	8
4,64883	8
4,64950	8
4,65017	8
4,65083	8
4,65150	8
4,65217	8
4,65283	8
4,65350	8
4,65417	8
4,65483	8
4,65550	9
4,65617	9
4,65683	9
4,65750	9
4,65817	9
4,65883	9
4,65950	8
4,66017	8
4,66083	8
4,66150	8
4,66217	8
4,66283	8
4,66350	9
4,66417	9
4,66483	9
4,66550	10
4,66617	10
4,66683	10
4,66750	10
4,66817	11
4,66883	11
4,66950	11
4,67017	11
4,67083	11
4,67150	11
4,67217	11
4,67283	12
4,67350	12
4,67417	12
4,67483	13
4,67550	13
4,67617	13
4,67683	13
4,67750	13
4,67817	14
4,67883	14
4,67950	14
4,68017	14
4,68083	13
4,68150	13
4,68217	13
4,68283	13
4,68350	12
4,68417	12
4,68483	12
4,68550	12
4,68617	12
4,68683	12
4,68750	12
4,68817	12
4,68883	11
4,68950	11
4,69017	11
4,69083	11
4,69150	10
4,69217	10
4,69283	10
4,69350	10
4,69417	10
4,69483	9
4,69550	9
4,69617	9
4,69683	9
4,69750	8
4,69817	8
4,69883	8
4,69950	8
4,70017	8
4,70083	8
4,70150	8
4,70217	8
4,70283	8
4,70350	8
4,70417	8
4,70483	8
4,70550	7
4,70617	7
4,70683	8
4,70750	8
4,70817	8
4,70883	8
4,70950	8
4,71017	8
4,71083	9
4,71150	9
4,71217	9
4,71283	9
4,71350	9
4,71417	9
4,71483	9
4,71550	9
4,71617	9
4,71683	8
4,71750	8
4,71817	8
4,71883	7
4,71950	7
4,72017	7
4,72083	6
4,72150	6
4,72217	5
4,72283	5
4,72350	4
4,72417	4
4,72483	4
4,72550	4
4,72617	5
4,72683	5
4,72750	5
4,72817	6
4,72883	6
4,72950	6
4,73017	7
4,73083	7
4,73150	7
4,73217	7
4,73283	8
4,73350	8
4,73417	8
4,73483	8
4,73550	8
4,73617	9
4,73683	9
4,73750	9
4,73817	10
4,73883	10
4,73950	11
4,74017	11
4,74083	12
4,74150	12
4,74217	13
4,74283	14
4,74350	14
4,74417	15
4,74483	16
4,74550	17
4,74617	18
4,74683	19
4,74750	20
4,74817	21
4,74883	23
4,74950	24
4,75017	25
4,75083	27
4,75150	29
4,75217	31
4,75283	32
4,75350	34
4,75417	36
4,75483	37
4,75550	39
4,75617	40
4,75683	42
4,75750	43
4,75817	44
4,75883	45
4,75950	46
4,76017	47
4,76083	48
4,76150	49
4,76217	50
4,76283	50
4,76350	51
4,76417	51
4,76483	51
4,76550	51
4,76617	50
4,76683	50
4,76750	50
4,76817	49
4,76883	49
4,76950	48
4,77017	48
4,77083	47
4,77150	46
4,77217	45
4,77283	45
4,77350	44
4,77417	43
4,77483	41
4,77550	40
4,77617	39
4,77683	38
4,77750	37
4,77817	36
4,77883	35
4,77950	34
4,78017	33
4,78083	32
4,78150	32
4,78217	31
4,78283	30
4,78350	29
4,78417	28
4,78483	28
4,78550	27
4,78617	27
4,78683	26
4,78750	25
4,78817	25
4,78883	24
4,78950	23
4,79017	23
4,79083	22
4,79150	22
4,79217	21
4,79283	20
4,79350	20
4,79417	19
4,79483	18
4,79550	18
4,79617	17
4,79683	17
4,79750	16
4,79817	16
4,79883	16
4,79950	16
4,80017	15
4,80083	15
4,80150	15
4,80217	15
4,80283	14
4,80350	14
4,80417	14
4,80483	14
4,80550	14
4,80617	14
4,80683	13
4,80750	13
4,80817	13
4,80883	13
4,80950	12
4,81017	12
4,81083	11
4,81150	11
4,81217	10
4,81283	10
4,81350	10
4,81417	9
4,81483	9
4,81550	9
4,81617	8
4,81683	8
4,81750	8
4,81817	8
4,81883	8
4,81950	7
4,82017	7
4,82083	7
4,82150	6
4,82217	6
4,82283	6
4,82350	6
4,82417	6
4,82483	6
4,82550	5
4,82617	5
4,82683	5
4,82750	5
4,82817	5
4,82883	5
4,82950	5
4,83017	5
4,83083	5
4,83150	5
4,83217	5
4,83283	5
4,83350	6
4,83417	6
4,83483	7
4,83550	7
4,83617	7
4,83683	8
4,83750	8
4,83817	8
4,83883	8
4,83950	8
4,84017	8
4,84083	8
4,84150	8
4,84217	8
4,84283	9
4,84350	9
4,84417	9
4,84483	9
4,84550	9
4,84617	9
4,84683	10
4,84750	10
4,84817	10
4,84883	10
4,84950	10
4,85017	10
4,85083	10
4,85150	10
4,85217	10
4,85283	11
4,85350	11
4,85417	11
4,85483	11
4,85550	12
4,85617	12
4,85683	12
4,85750	13
4,85817	13
4,85883	14
4,85950	14
4,86017	15
4,86083	15
4,86150	16
4,86217	16
4,86283	17
4,86350	17
4,86417	18
4,86483	18
4,86550	19
4,86617	19
4,86683	19
4,86750	20
4,86817	20
4,86883	20
4,86950	19
4,87017	19
4,87083	19
4,87150	18
4,87217	18
4,87283	17
4,87350	17
4,87417	16
4,87483	15
4,87550	15
4,87617	14
4,87683	14
4,87750	13
4,87817	13
4,87883	12
4,87950	12
4,88017	11
4,88083	11
4,88150	10
4,88217	10
4,88283	9
4,88350	9
4,88417	9
4,88483	8
4,88550	8
4,88617	8
4,88683	8
4,88750	8
4,88817	8
4,88883	8
4,88950	8
4,89017	8
4,89083	8
4,89150	7
4,89217	7
4,89283	7
4,89350	7
4,89417	7
4,89483	7
4,89550	7
4,89617	7
4,89683	6
4,89750	6
4,89817	6
4,89883	6
4,89950	6
4,90017	6
4,90083	6
4,90150	6
4,90217	6
4,90283	7
4,90350	7
4,90417	7
4,90483	7
4,90550	7
4,90617	7
4,90683	7
4,90750	7
4,90817	7
4,90883	7
4,90950	7
4,91017	7
4,91083	7
4,91150	7
4,91217	6
4,91283	6
4,91350	6
4,91417	6
4,91483	6
4,91550	6
4,91617	6
4,91683	6
4,91750	6
4,91817	6
4,91883	6
4,91950	5
4,92017	5
4,92083	5
4,92150	5
4,92217	5
4,92283	4
4,92350	4
4,92417	4
4,92483	4
4,92550	4
4,92617	4
4,92683	3
4,92750	3
4,92817	3
4,92883	3
4,92950	3
4,93017	3
4,93083	3
4,93150	3
4,93217	3
4,93283	3
4,93350	3
4,93417	3
4,93483	4
4,93550	4
4,93617	4
4,93683	4
4,93750	4
4,93817	4
4,93883	5
4,93950	5
4,94017	5
4,94083	5
4,94150	5
4,94217	5
4,94283	5
4,94350	5
4,94417	6
4,94483	5
4,94550	5
4,94617	5
4,94683	5
4,94750	5
4,94817	5
4,94883	5
4,94950	5
4,95017	5
4,95083	5
4,95150	5
4,95217	5
4,95283	5
4,95350	5
4,95417	5
4,95483	5
4,95550	5
4,95617	5
4,95683	5
4,95750	5
4,95817	5
4,95883	5
4,95950	5
4,96017	5
4,96083	4
4,96150	4
4,96217	4
4,96283	4
4,96350	4
4,96417	5
4,96483	5
4,96550	4
4,96617	4
4,96683	4
4,96750	4
4,96817	4
4,96883	3
4,96950	3
4,97017	3
4,97083	3
4,97150	2
4,97217	2
4,97283	2
4,97350	2
4,97417	2
4,97483	2
4,97550	2
4,97617	2
4,97683	1
4,97750	1
4,97817	1
4,97883	1
4,97950	1
4,98017	1
4,98083	1
4,98150	1
4,98217	1
4,98283	2
4,98350	2
4,98417	2
4,98483	2
4,98550	3
4,98617	3
4,98683	4
4,98750	4
4,98817	4
4,98883	5
4,98950	5
4,99017	5
4,99083	6
4,99150	6
4,99217	7
4,99283	8
4,99350	9
4,99417	10
4,99483	11
4,99550	12
4,99617	14
4,99683	16
4,99750	18
4,99817	21
4,99883	24
4,99950	27
5,00017	30
5,00083	34
5,00150	38
5,00217	42
5,00283	46
5,00350	50
5,00417	54
5,00483	58
5,00550	61
5,00617	65
5,00683	69
5,00750	72
5,00817	75
5,00883	78
5,00950	81
5,01017	83
5,01083	85
5,01150	87
5,01217	88
5,01283	89
5,01350	89
5,01417	89
5,01483	89
5,01550	89
5,01617	88
5,01683	88
5,01750	87
5,01817	85
5,01883	84
5,01950	82
5,02017	80
5,02083	78
5,02150	75
5,02217	73
5,02283	71
5,02350	68
5,02417	66
5,02483	64
5,02550	62
5,02617	59
5,02683	57
5,02750	55
5,02817	53
5,02883	50
5,02950	48
5,03017	46
5,03083	44
5,03150	41
5,03217	39
5,03283	37
5,03350	35
5,03417	33
5,03483	31
5,03550	29
5,03617	27
5,03683	26
5,03750	24
5,03817	23
5,03883	21
5,03950	20
5,04017	18
5,04083	17
5,04150	15
5,04217	14
5,04283	13
5,04350	12
5,04417	11
5,04483	10
5,04550	9
5,04617	8
5,04683	7
5,04750	7
5,04817	6
5,04883	6
5,04950	6
5,05017	5
5,05083	5
5,05150	5
5,05217	5
5,05283	4
5,05350	4
5,05417	4
5,05483	4
5,05550	4
5,05617	4
5,05683	3
5,05750	3
5,05817	4
5,05883	4
5,05950	4
5,06017	5
5,06083	5
5,06150	6
5,06217	7
5,06283	8
5,06350	9
5,06417	10
5,06483	12
5,06550	14
5,06617	16
5,06683	19
5,06750	22
5,06817	26
5,06883	31
5,06950	36
5,07017	43
5,07083	50
5,07150	57
5,07217	66
5,07283	76
5,07350	86
5,07417	97
5,07483	109
5,07550	121
5,07617	134
5,07683	147
5,07750	161
5,07817	174
5,07883	187
5,07950	200
5,08017	213
5,08083	225
5,08150	235
5,08217	245
5,08283	253
5,08350	259
5,08417	265
5,08483	269
5,08550	271
5,08617	273
5,08683	272
5,08750	271
5,08817	268
5,08883	265
5,08950	260
5,09017	255
5,09083	248
5,09150	241
5,09217	234
5,09283	226
5,09350	217
5,09417	208
5,09483	199
5,09550	190
5,09617	181
5,09683	172
5,09750	163
5,09817	154
5,09883	146
5,09950	137
5,10017	129
5,10083	122
5,10150	114
5,10217	107
5,10283	100
5,10350	94
5,10417	88
5,10483	82
5,10550	76
5,10617	71
5,10683	66
5,10750	61
5,10817	57
5,10883	52
5,10950	49
5,11017	45
5,11083	42
5,11150	39
5,11217	36
5,11283	34
5,11350	32
5,11417	30
5,11483	28
5,11550	26
5,11617	25
5,11683	23
5,11750	22
5,11817	21
5,11883	20
5,11950	19
5,12017	18
5,12083	17
5,12150	17
5,12217	16
5,12283	16
5,12350	15
5,12417	15
5,12483	15
5,12550	15
5,12617	15
5,12683	15
5,12750	15
5,12817	14
5,12883	14
5,12950	14
5,13017	14
5,13083	14
5,13150	14
5,13217	13
5,13283	13
5,13350	13
5,13417	13
5,13483	13
5,13550	13
5,13617	13
5,13683	13
5,13750	12
5,13817	12
5,13883	11
5,13950	11
5,14017	10
5,14083	10
5,14150	9
5,14217	9
5,14283	9
5,14350	9
5,14417	9
5,14483	9
5,14550	9
5,14617	9
5,14683	9
5,14750	9
5,14817	9
5,14883	9
5,14950	10
5,15017	10
5,15083	10
5,15150	10
5,15217	10
5,15283	10
5,15350	11
5,15417	11
5,15483	11
5,15550	12
5,15617	12
5,15683	12
5,15750	12
5,15817	12
5,15883	12
5,15950	12
5,16017	12
5,16083	12
5,16150	13
5,16217	13
5,16283	13
5,16350	13
5,16417	13
5,16483	14
5,16550	14
5,16617	14
5,16683	14
5,16750	14
5,16817	14
5,16883	14
5,16950	13
5,17017	13
5,17083	13
5,17150	13
5,17217	13
5,17283	12
5,17350	12
5,17417	11
5,17483	10
5,17550	10
5,17617	10
5,17683	9
5,17750	9
5,17817	9
5,17883	9
5,17950	8
5,18017	8
5,18083	8
5,18150	8
5,18217	8
5,18283	8
5,18350	8
5,18417	8
5,18483	8
5,18550	8
5,18617	8
5,18683	8
5,18750	7
5,18817	7
5,18883	7
5,18950	7
5,19017	6
5,19083	6
5,19150	6
5,19217	6
5,19283	5
5,19350	5
5,19417	5
5,19483	5
5,19550	5
5,19617	5
5,19683	5
5,19750	5
5,19817	6
5,19883	6
5,19950	6
5,20017	6
5,20083	6
5,20150	6
5,20217	6
5,20283	6
5,20350	6
5,20417	6
5,20483	6
5,20550	6
5,20617	5
5,20683	5
5,20750	5
5,20817	5
5,20883	5
5,20950	5
5,21017	5
5,21083	5
5,21150	5
5,21217	5
5,21283	5
5,21350	5
5,21417	4
5,21483	4
5,21550	4
5,21617	4
5,21683	4
5,21750	4
5,21817	4
5,21883	5
5,21950	5
5,22017	5
5,22083	5
5,22150	5
5,22217	5
5,22283	6
5,22350	6
5,22417	6
5,22483	6
5,22550	6
5,22617	6
5,22683	6
5,22750	7
5,22817	7
5,22883	7
5,22950	7
5,23017	7
5,23083	7
5,23150	7
5,23217	7
5,23283	7
5,23350	7
5,23417	7
5,23483	7
5,23550	6
5,23617	6
5,23683	6
5,23750	6
5,23817	6
5,23883	5
5,23950	5
5,24017	5
5,24083	5
5,24150	5
5,24217	5
5,24283	5
5,24350	4
5,24417	4
5,24483	4
5,24550	3
5,24617	3
5,24683	3
5,24750	3
5,24817	3
5,24883	3
5,24950	3
5,25017	3
5,25083	3
5,25150	3
5,25217	4
5,25283	4
5,25350	4
5,25417	5
5,25483	5
5,25550	5
5,25617	5
5,25683	5
5,25750	5
5,25817	5
5,25883	5
5,25950	4
5,26017	4
5,26083	4
5,26150	4
5,26217	4
5,26283	3
5,26350	3
5,26417	3
5,26483	3
5,26550	3
5,26617	2
5,26683	2
5,26750	2
5,26817	2
5,26883	1
5,26950	1
5,27017	1
5,27083	1
5,27150	1
5,27217	1
5,27283	2
5,27350	2
5,27417	2
5,27483	2
5,27550	2
5,27617	2
5,27683	2
5,27750	2
5,27817	2
5,27883	2
5,27950	2
5,28017	2
5,28083	2
5,28150	2
5,28217	2
5,28283	2
5,28350	2
5,28417	2
5,28483	2
5,28550	2
5,28617	1
5,28683	1
5,28750	1
5,28817	1
5,28883	1
5,28950	1
5,29017	1
5,29083	1
5,29150	1
5,29217	1
5,29283	1
5,29350	1
5,29417	1
5,29483	0
5,29550	0
5,29617	0
5,29683	0
5,29750	0
5,29817	0
5,29883	0
5,29950	1
5,30017	1
5,30083	1
5,30150	1
5,30217	1
5,30283	1
5,30350	1
5,30417	1
5,30483	1
5,30550	1
5,30617	1
5,30683	1
5,30750	1
5,30817	1
5,30883	1
5,30950	1
5,31017	1
5,31083	1
5,31150	1
5,31217	1
5,31283	1
5,31350	1
5,31417	1
5,31483	1
5,31550	1
5,31617	1
5,31683	1
5,31750	1
5,31817	1
5,31883	1
5,31950	1
5,32017	1
5,32083	1
5,32150	1
5,32217	0
5,32283	0
5,32350	0
5,32417	-0
5,32483	-0
5,32550	-1
5,32617	-1
5,32683	-1
5,32750	-1
5,32817	-1
5,32883	-1
5,32950	-1
5,33017	-1
5,33083	-1
5,33150	-1
5,33217	-1
5,33283	-1
5,33350	-1
5,33417	-1
5,33483	-1
5,33550	-1
5,33617	-1
5,33683	-1
5,33750	-0
5,33817	-0
5,33883	0
5,33950	0
5,34017	1
5,34083	1
5,34150	1
5,34217	1
5,34283	1
5,34350	1
5,34417	1
5,34483	2
5,34550	2
5,34617	2
5,34683	2
5,34750	2
5,34817	2
5,34883	2
5,34950	3
5,35017	3
5,35083	3
5,35150	3
5,35217	4
5,35283	4
5,35350	4
5,35417	4
5,35483	4
5,35550	4
5,35617	4
5,35683	4
5,35750	5
5,35817	5
5,35883	5
5,35950	5
5,36017	6
5,36083	6
5,36150	6
5,36217	6
5,36283	6
5,36350	5
5,36417	5
5,36483	5
5,36550	5
5,36617	5
5,36683	4
5,36750	4
5,36817	4
5,36883	4
5,36950	4
5,37017	4
5,37083	4
5,37150	4
5,37217	3
5,37283	3
5,37350	3
5,37417	2
5,37483	2
5,37550	1
5,37617	1
5,37683	1
5,37750	0
5,37817	0
5,37883	-0
5,37950	-0
5,38017	-1
5,38083	-1
5,38150	-1
5,38217	-1
5,38283	-1
5,38350	-1
5,38417	-0
5,38483	-0
5,38550	0
5,38617	0
5,38683	0
5,38750	0
5,38817	1
5,38883	1
5,38950	1
5,39017	1
5,39083	1
5,39150	1
5,39217	1
5,39283	1
5,39350	1
5,39417	1
5,39483	0
5,39550	0
5,39617	0
5,39683	0
5,39750	0
5,39817	0
5,39883	0
5,39950	-0
5,40017	-0
5,40083	-0
5,40150	-0
5,40217	-0
5,40283	0
5,40350	0
5,40417	0
5,40483	1
5,40550	1
5,40617	1
5,40683	1
5,40750	2
5,40817	2
5,40883	2
5,40950	2
5,41017	3
5,41083	3
5,41150	3
5,41217	3
5,41283	3
5,41350	3
5,41417	3
5,41483	2
5,41550	2
5,41617	2
5,41683	2
5,41750	2
5,41817	2
5,41883	2
5,41950	2
5,42017	2
5,42083	2
5,42150	2
5,42217	2
5,42283	2
5,42350	2
5,42417	2
5,42483	2
5,42550	2
5,42617	2
5,42683	1
5,42750	1
5,42817	1
5,42883	0
5,42950	0
5,43017	-0
5,43083	-1
5,43150	-1
5,43217	-1
5,43283	-1
5,43350	-2
5,43417	-2
5,43483	-2
5,43550	-3
5,43617	-3
5,43683	-4
5,43750	-4
5,43817	-4
5,43883	-5
5,43950	-5
5,44017	-5
5,44083	-5
5,44150	-5
5,44217	-4
5,44283	-4
5,44350	-3
5,44417	-3
5,44483	-3
5,44550	-3
5,44617	-2
5,44683	-2
5,44750	-1
5,44817	-1
5,44883	-1
5,44950	-1
5,45017	-0
5,45083	-0
5,45150	-0
5,45217	-0
5,45283	-1
5,45350	-1
5,45417	-1
5,45483	-1
5,45550	-1
5,45617	-2
5,45683	-2
5,45750	-2
5,45817	-1
5,45883	-1
5,45950	-1
5,46017	-1
5,46083	-1
5,46150	-1
5,46217	-1
5,46283	-1
5,46350	-1
5,46417	-1
5,46483	-0
5,46550	-0
5,46617	0
5,46683	0
5,46750	1
5,46817	1
5,46883	1
5,46950	1
5,47017	1
5,47083	1
5,47150	1
5,47217	1
5,47283	1
5,47350	1
5,47417	1
5,47483	1
5,47550	1
5,47617	1
5,47683	1
5,47750	0
5,47817	0
5,47883	0
5,47950	-0
5,48017	-1
5,48083	-1
5,48150	-1
5,48217	-1
5,48283	-1
5,48350	-1
5,48417	-1
5,48483	-1
5,48550	-1
5,48617	-1
5,48683	-1
5,48750	-1
5,48817	-1
5,48883	-1
5,48950	-1
5,49017	-1
5,49083	-0
5,49150	0
5,49217	0
5,49283	1
5,49350	1
5,49417	1
5,49483	2
5,49550	2
5,49617	3
5,49683	3
5,49750	4
5,49817	5
5,49883	6
5,49950	8
5,50017	10
5,50083	12
5,50150	15
5,50217	19
5,50283	24
5,50350	30
5,50417	37
5,50483	46
5,50550	56
5,50617	68
5,50683	81
5,50750	96
5,50817	113
5,50883	131
5,50950	152
5,51017	174
5,51083	198
5,51150	223
5,51217	249
5,51283	275
5,51350	302
5,51417	329
5,51483	356
5,51550	382
5,51617	407
5,51683	431
5,51750	453
5,51817	472
5,51883	490
5,51950	505
5,52017	518
5,52083	529
5,52150	537
5,52217	542
5,52283	544
5,52350	544
5,52417	541
5,52483	536
5,52550	529
5,52617	520
5,52683	509
5,52750	497
5,52817	483
5,52883	467
5,52950	451
5,53017	434
5,53083	416
5,53150	399
5,53217	380
5,53283	362
5,53350	344
5,53417	327
5,53483	309
5,53550	292
5,53617	276
5,53683	260
5,53750	245
5,53817	230
5,53883	216
5,53950	202
5,54017	189
5,54083	177
5,54150	165
5,54217	154
5,54283	143
5,54350	133
5,54417	124
5,54483	115
5,54550	107
5,54617	99
5,54683	92
5,54750	85
5,54817	79
5,54883	73
5,54950	67
5,55017	62
5,55083	58
5,55150	53
5,55217	49
5,55283	46
5,55350	42
5,55417	39
5,55483	36
5,55550	33
5,55617	30
5,55683	28
5,55750	25
5,55817	23
5,55883	21
5,55950	19
5,56017	18
5,56083	16
5,56150	15
5,56217	14
5,56283	13
5,56350	12
5,56417	11
5,56483	10
5,56550	9
5,56617	9
5,56683	8
5,56750	8
5,56817	7
5,56883	7
5,56950	7
5,57017	6
5,57083	6
5,57150	6
5,57217	6
5,57283	5
5,57350	5
5,57417	5
5,57483	5
5,57550	5
5,57617	5
5,57683	5
5,57750	5
5,57817	4
5,57883	4
5,57950	4
5,58017	4
5,58083	4
5,58150	3
5,58217	3
5,58283	3
5,58350	2
5,58417	2
5,58483	2
5,58550	2
5,58617	1
5,58683	1
5,58750	1
5,58817	1
5,58883	1
5,58950	1
5,59017	0
5,59083	0
5,59150	0
5,59217	0
5,59283	0
5,59350	-0
5,59417	-0
5,59483	-0
5,59550	-0
5,59617	-0
5,59683	-0
5,59750	-1
5,59817	-1
5,59883	-1
5,59950	-1
5,60017	-1
5,60083	-2
5,60150	-2
5,60217	-2
5,60283	-2
5,60350	-2
5,60417	-2
5,60483	-2
5,60550	-2
5,60617	-2
5,60683	-2
5,60750	-2
5,60817	-2
5,60883	-2
5,60950	-2
5,61017	-1
5,61083	-1
5,61150	-1
5,61217	-1
5,61283	-1
5,61350	-0
5,61417	0
5,61483	0
5,61550	0
5,61617	1
5,61683	1
5,61750	1
5,61817	1
5,61883	1
5,61950	1
5,62017	2
5,62083	2
5,62150	2
5,62217	2
5,62283	2
5,62350	2
5,62417	2
5,62483	2
5,62550	2
5,62617	2
5,62683	2
5,62750	2
5,62817	1
5,62883	1
5,62950	1
5,63017	1
5,63083	1
5,63150	1
5,63217	1
5,63283	1
5,63350	1
5,63417	1
5,63483	1
5,63550	1
5,63617	1
5,63683	1
5,63750	1
5,63817	1
5,63883	1
5,63950	1
5,64017	0
5,64083	0
5,64150	0
5,64217	0
5,64283	0
5,64350	0
5,64417	-0
5,64483	-0
5,64550	-0
5,64617	-0
5,64683	-0
5,64750	-1
5,64817	-1
5,64883	-1
5,64950	-1
5,65017	-2
5,65083	-2
5,65150	-2
5,65217	-3
5,65283	-3
5,65350	-3
5,65417	-3
5,65483	-3
5,65550	-3
5,65617	-3
5,65683	-3
5,65750	-3
5,65817	-3
5,65883	-3
5,65950	-3
5,66017	-3
5,66083	-3
5,66150	-3
5,66217	-3
5,66283	-3
5,66350	-3
5,66417	-3
5,66483	-3
5,66550	-3
5,66617	-3
5,66683	-3
5,66750	-3
5,66817	-3
5,66883	-3
5,66950	-3
5,67017	-3
5,67083	-3
5,67150	-3
5,67217	-2
5,67283	-2
5,67350	-2
5,67417	-2
5,67483	-3
5,67550	-3
5,67617	-3
5,67683	-3
5,67750	-3
5,67817	-3
5,67883	-3
5,67950	-3
5,68017	-3
5,68083	-3
5,68150	-3
5,68217	-3
5,68283	-3
5,68350	-3
5,68417	-3
5,68483	-3
5,68550	-3
5,68617	-3
5,68683	-3
5,68750	-2
5,68817	-2
5,68883	-2
5,68950	-1
5,69017	-1
5,69083	-1
5,69150	-1
5,69217	-1
5,69283	-1
5,69350	-1
5,69417	-1
5,69483	-1
5,69550	-1
5,69617	-1
5,69683	-2
5,69750	-2
5,69817	-2
5,69883	-2
5,69950	-2
5,70017	-2
5,70083	-2
5,70150	-2
5,70217	-2
5,70283	-2
5,70350	-2
5,70417	-2
5,70483	-2
5,70550	-2
5,70617	-2
5,70683	-1
5,70750	-1
5,70817	-1
5,70883	-1
5,70950	-1
5,71017	-1
5,71083	-1
5,71150	-1
5,71217	-1
5,71283	-1
5,71350	-1
5,71417	-1
5,71483	-0
5,71550	-0
5,71617	0
5,71683	0
5,71750	0
5,71817	0
5,71883	0
5,71950	1
5,72017	1
5,72083	1
5,72150	1
5,72217	1
5,72283	2
5,72350	2
5,72417	2
5,72483	2
5,72550	2
5,72617	3
5,72683	3
5,72750	3
5,72817	3
5,72883	2
5,72950	2
5,73017	2
5,73083	2
5,73150	2
5,73217	2
5,73283	2
5,73350	2
5,73417	2
5,73483	2
5,73550	2
5,73617	2
5,73683	2
5,73750	2
5,73817	1
5,73883	1
5,73950	1
5,74017	1
5,74083	1
5,74150	1
5,74217	2
5,74283	2
5,74350	2
5,74417	2
5,74483	2
5,74550	2
5,74617	2
5,74683	1
5,74750	1
5,74817	1
5,74883	1
5,74950	1
5,75017	1
5,75083	1
5,75150	0
5,75217	0
5,75283	0
5,75350	-0
5,75417	-1
5,75483	-1
5,75550	-1
5,75617	-1
5,75683	-1
5,75750	-1
5,75817	-1
5,75883	-1
5,75950	-2
5,76017	-2
5,76083	-2
5,76150	-2
5,76217	-3
5,76283	-3
5,76350	-3
5,76417	-4
5,76483	-4
5,76550	-4
5,76617	-5
5,76683	-5
5,76750	-5
5,76817	-5
5,76883	-6
5,76950	-6
5,77017	-6
5,77083	-6
5,77150	-5
5,77217	-5
5,77283	-5
5,77350	-5
5,77417	-4
5,77483	-4
5,77550	-4
5,77617	-3
5,77683	-3
5,77750	-2
5,77817	-2
5,77883	-2
5,77950	-2
5,78017	-1
5,78083	-1
5,78150	-1
5,78217	-1
5,78283	-0
5,78350	0
5,78417	1
5,78483	1
5,78550	2
5,78617	2
5,78683	2
5,78750	2
5,78817	2
5,78883	2
5,78950	2
5,79017	2
5,79083	2
5,79150	2
5,79217	2
5,79283	2
5,79350	2
5,79417	2
5,79483	2
5,79550	2
5,79617	2
5,79683	2
5,79750	2
5,79817	2
5,79883	2
5,79950	2
5,80017	3
5,80083	3
5,80150	3
5,80217	2
5,80283	2
5,80350	2
5,80417	2
5,80483	2
5,80550	2
5,80617	2
5,80683	1
5,80750	1
5,80817	1
5,80883	1
5,80950	1
5,81017	1
5,81083	1
5,81150	1
5,81217	0
5,81283	0
5,81350	0
5,81417	-0
5,81483	-0
5,81550	-0
5,81617	-0
5,81683	-0
5,81750	-0
5,81817	-0
5,81883	-0
5,81950	-0
5,82017	-0
5,82083	-0
5,82150	-1
5,82217	-1
5,82283	-1
5,82350	-2
5,82417	-2
5,82483	-2
5,82550	-2
5,82617	-2
5,82683	-1
5,82750	-1
5,82817	-1
5,82883	-0
5,82950	0
5,83017	0
5,83083	0
5,83150	1
5,83217	1
5,83283	1
5,83350	1
5,83417	1
5,83483	1
5,83550	1
5,83617	1
5,83683	1
5,83750	2
5,83817	2
5,83883	2
5,83950	2
5,84017	2
5,84083	2
5,84150	2
5,84217	2
5,84283	2
5,84350	2
5,84417	2
5,84483	2
5,84550	2
5,84617	3
5,84683	3
5,84750	3
5,84817	3
5,84883	4
5,84950	4
5,85017	4
5,85083	4
5,85150	4
5,85217	4
5,85283	4
5,85350	4
5,85417	4
5,85483	4
5,85550	4
5,85617	4
5,85683	4
5,85750	4
5,85817	4
5,85883	4
5,85950	4
5,86017	4
5,86083	3
5,86150	3
5,86217	3
5,86283	3
5,86350	2
5,86417	2
5,86483	2
5,86550	2
5,86617	2
5,86683	2
5,86750	2
5,86817	1
5,86883	1
5,86950	1
5,87017	1
5,87083	1
5,87150	0
5,87217	0
5,87283	0
5,87350	0
5,87417	0
5,87483	-0
5,87550	-0
5,87617	-1
5,87683	-1
5,87750	-1
5,87817	-1
5,87883	-1
5,87950	-1
5,88017	-1
5,88083	-1
5,88150	-1
5,88217	-1
5,88283	-1
5,88350	-1
5,88417	-1
5,88483	-1
5,88550	-2
5,88617	-2
5,88683	-2
5,88750	-2
5,88817	-2
5,88883	-2
5,88950	-2
5,89017	-2
5,89083	-2
5,89150	-2
5,89217	-2
5,89283	-2
5,89350	-2
5,89417	-2
5,89483	-2
5,89550	-2
5,89617	-2
5,89683	-2
5,89750	-2
5,89817	-2
5,89883	-2
5,89950	-2
5,90017	-2
5,90083	-2
5,90150	-2
5,90217	-1
5,90283	-1
5,90350	-1
5,90417	-1
5,90483	-0
5,90550	-0
5,90617	0
5,90683	0
5,90750	1
5,90817	1
5,90883	1
5,90950	1
5,91017	1
5,91083	1
5,91150	1
5,91217	1
5,91283	2
5,91350	2
5,91417	2
5,91483	2
5,91550	2
5,91617	2
5,91683	2
5,91750	2
5,91817	2
5,91883	1
5,91950	1
5,92017	2
5,92083	2
5,92150	2
5,92217	2
5,92283	3
5,92350	3
5,92417	3
5,92483	3
5,92550	3
5,92617	3
5,92683	3
5,92750	3
5,92817	2
5,92883	2
5,92950	2
5,93017	2
5,93083	1
5,93150	1
5,93217	1
5,93283	1
5,93350	1
5,93417	1
5,93483	0
5,93550	0
5,93617	-0
5,93683	-1
5,93750	-1
5,93817	-1
5,93883	-1
5,93950	-2
5,94017	-2
5,94083	-2
5,94150	-2
5,94217	-2
5,94283	-2
5,94350	-1
5,94417	-1
5,94483	-1
5,94550	-1
5,94617	-1
5,94683	-1
5,94750	-1
5,94817	-1
5,94883	-2
5,94950	-2
5,95017	-2
5,95083	-3
5,95150	-3
5,95217	-3
5,95283	-4
5,95350	-4
5,95417	-4
5,95483	-4
5,95550	-4
5,95617	-4
5,95683	-3
5,95750	-3
5,95817	-3
5,95883	-3
5,95950	-2
5,96017	-2
5,96083	-1
5,96150	-1
5,96217	0
5,96283	1
5,96350	2
5,96417	3
5,96483	4
5,96550	5
5,96617	6
5,96683	8
5,96750	10
5,96817	12
5,96883	14
5,96950	16
5,97017	18
5,97083	21
5,97150	23
5,97217	26
5,97283	29
5,97350	32
5,97417	36
5,97483	39
5,97550	42
5,97617	46
5,97683	49
5,97750	53
5,97817	56
5,97883	59
5,97950	62
5,98017	65
5,98083	67
5,98150	69
5,98217	70
5,98283	72
5,98350	73
5,98417	74
5,98483	74
5,98550	74
5,98617	74
5,98683	74
5,98750	73
5,98817	72
5,98883	71
5,98950	70
5,99017	68
5,99083	67
5,99150	65
5,99217	64
5,99283	62
5,99350	60
5,99417	58
5,99483	56
5,99550	53
5,99617	51
5,99683	49
5,99750	47
5,99817	45
5,99883	43
5,99950	41
6,00017	40
6,00083	38
6,00150	36
6,00217	34
6,00283	33
6,00350	31
6,00417	30
6,00483	29
6,00550	27
6,00617	26
6,00683	25
6,00750	24
6,00817	23
6,00883	22
6,00950	21
6,01017	20
6,01083	20
6,01150	19
6,01217	18
6,01283	17
6,01350	16
6,01417	15
6,01483	14
6,01550	14
6,01617	13
6,01683	12
6,01750	12
6,01817	11
6,01883	10
6,01950	10
6,02017	9
6,02083	9
6,02150	8
6,02217	8
6,02283	7
6,02350	7
6,02417	7
6,02483	6
6,02550	6
6,02617	5
6,02683	5
6,02750	5
6,02817	4
6,02883	4
6,02950	4
6,03017	4
6,03083	4
6,03150	4
6,03217	3
6,03283	3
6,03350	2
6,03417	2
6,03483	1
6,03550	1
6,03617	1
6,03683	0
6,03750	0
6,03817	-0
6,03883	-1
6,03950	-1
6,04017	-1
6,04083	-1
6,04150	-1
6,04217	-1
6,04283	-1
6,04350	-1
6,04417	-1
6,04483	-2
6,04550	-2
6,04617	-2
6,04683	-2
6,04750	-2
6,04817	-2
6,04883	-3
6,04950	-3
6,05017	-3
6,05083	-3
6,05150	-3
6,05217	-3
6,05283	-3
6,05350	-3
6,05417	-4
6,05483	-4
6,05550	-4
6,05617	-4
6,05683	-4
6,05750	-5
6,05817	-5
6,05883	-5
6,05950	-5
6,06017	-5
6,06083	-4
6,06150	-4
6,06217	-4
6,06283	-4
6,06350	-4
6,06417	-3
6,06483	-3
6,06550	-3
6,06617	-3
6,06683	-3
6,06750	-3
6,06817	-3
6,06883	-3
6,06950	-3
6,07017	-3
6,07083	-3
6,07150	-3
6,07217	-3
6,07283	-3
6,07350	-2
6,07417	-2
6,07483	-2
6,07550	-2
6,07617	-2
6,07683	-2
6,07750	-1
6,07817	-1
6,07883	-1
6,07950	-1
6,08017	-1
6,08083	-1
6,08150	-1
6,08217	-1
6,08283	-1
6,08350	-1
6,08417	-1
6,08483	-1
6,08550	-2
6,08617	-2
6,08683	-2
6,08750	-2
6,08817	-3
6,08883	-3
6,08950	-3
6,09017	-3
6,09083	-3
6,09150	-3
6,09217	-3
6,09283	-3
6,09350	-3
6,09417	-3
6,09483	-3
6,09550	-3
6,09617	-3
6,09683	-3
6,09750	-3
6,09817	-3
6,09883	-3
6,09950	-3
6,10017	-3
6,10083	-3
6,10150	-3
6,10217	-3
6,10283	-3
6,10350	-3
6,10417	-3
6,10483	-3
6,10550	-3
6,10617	-3
6,10683	-4
6,10750	-4
6,10817	-4
6,10883	-4
6,10950	-5
6,11017	-5
6,11083	-5
6,11150	-5
6,11217	-5
6,11283	-6
6,11350	-6
6,11417	-6
6,11483	-6
6,11550	-6
6,11617	-5
6,11683	-5
6,11750	-5
6,11817	-5
6,11883	-5
6,11950	-5
6,12017	-5
6,12083	-5
6,12150	-5
6,12217	-5
6,12283	-5
6,12350	-5
6,12417	-5
6,12483	-5
6,12550	-5
6,12617	-5
6,12683	-5
6,12750	-5
6,12817	-5
6,12883	-5
6,12950	-5
6,13017	-5
6,13083	-5
6,13150	-5
6,13217	-5
6,13283	-5
6,13350	-5
6,13417	-5
6,13483	-5
6,13550	-5
6,13617	-4
6,13683	-4
6,13750	-3
6,13817	-3
6,13883	-3
6,13950	-3
6,14017	-3
6,14083	-3
6,14150	-3
6,14217	-3
6,14283	-3
6,14350	-3
6,14417	-4
6,14483	-4
6,14550	-4
6,14617	-4
6,14683	-5
6,14750	-5
6,14817	-5
6,14883	-5
6,14950	-5
6,15017	-5
6,15083	-5
6,15150	-5
6,15217	-5
6,15283	-5
6,15350	-5
6,15417	-5
6,15483	-5
6,15550	-5
6,15617	-5
6,15683	-5
6,15750	-5
6,15817	-5
6,15883	-5
6,15950	-5
6,16017	-5
6,16083	-6
6,16150	-5
6,16217	-5
6,16283	-5
6,16350	-5
6,16417	-5
6,16483	-5
6,16550	-5
6,16617	-5
6,16683	-5
6,16750	-5
6,16817	-5
6,16883	-6
6,16950	-6
6,17017	-6
6,17083	-7
6,17150	-7
6,17217	-7
6,17283	-7
6,17350	-7
6,17417	-7
6,17483	-7
6,17550	-7
6,17617	-8
6,17683	-8
6,17750	-8
6,17817	-8
6,17883	-8
6,17950	-8
6,18017	-8
6,18083	-9
6,18150	-9
6,18217	-9
6,18283	-9
6,18350	-9
6,18417	-9
6,18483	-9
6,18550	-9
6,18617	-10
6,18683	-10
6,18750	-10
6,18817	-10
6,18883	-10
6,18950	-10
6,19017	-10
6,19083	-10
6,19150	-10
6,19217	-10
6,19283	-10
6,19350	-9
6,19417	-9
6,19483	-9
6,19550	-8
6,19617	-8
6,19683	-7
6,19750	-7
6,19817	-7
6,19883	-7
6,19950	-7
6,20017	-7
6,20083	-7
6,20150	-7
6,20217	-7
6,20283	-7
6,20350	-7
6,20417	-7
6,20483	-7
6,20550	-7
6,20617	-7
6,20683	-7
6,20750	-7
6,20817	-7
6,20883	-7
6,20950	-7
6,21017	-7
6,21083	-7
6,21150	-7
6,21217	-7
6,21283	-7
6,21350	-7
6,21417	-7
6,21483	-7
6,21550	-7
6,21617	-7
6,21683	-7
6,21750	-7
6,21817	-7
6,21883	-7
6,21950	-8
6,22017	-8
6,22083	-8
6,22150	-8
6,22217	-8
6,22283	-7
6,22350	-7
6,22417	-8
6,22483	-8
6,22550	-8
6,22617	-8
6,22683	-8
6,22750	-8
6,22817	-8
6,22883	-8
6,22950	-8
6,23017	-8
6,23083	-8
6,23150	-8
6,23217	-8
6,23283	-8
6,23350	-8
6,23417	-8
6,23483	-8
6,23550	-8
6,23617	-8
6,23683	-8
6,23750	-8
6,23817	-8
6,23883	-8
6,23950	-8
6,24017	-9
6,24083	-9
6,24150	-9
6,24217	-9
6,24283	-9
6,24350	-9
6,24417	-9
6,24483	-9
6,24550	-9
6,24617	-10
6,24683	-10
6,24750	-10
6,24817	-11
6,24883	-11
6,24950	-11
6,25017	-11
6,25083	-11
6,25150	-11
6,25217	-11
6,25283	-11
6,25350	-11
6,25417	-11
6,25483	-10
6,25550	-10
6,25617	-10
6,25683	-10
6,25750	-10
6,25817	-9
6,25883	-9
6,25950	-9
6,26017	-9
6,26083	-9
6,26150	-9
6,26217	-9
6,26283	-9
6,26350	-9
6,26417	-8
6,26483	-8
6,26550	-8
6,26617	-8
6,26683	-8
6,26750	-8
6,26817	-8
6,26883	-8
6,26950	-8
6,27017	-8
6,27083	-8
6,27150	-8
6,27217	-8
6,27283	-8
6,27350	-8
6,27417	-8
6,27483	-8
6,27550	-8
6,27617	-9
6,27683	-9
6,27750	-9
6,27817	-9
6,27883	-9
6,27950	-9
6,28017	-9
6,28083	-9
6,28150	-9
6,28217	-9
6,28283	-9
6,28350	-9
6,28417	-9
6,28483	-8
6,28550	-8
6,28617	-8
6,28683	-8
6,28750	-8
6,28817	-8
6,28883	-8
6,28950	-9
6,29017	-9
6,29083	-9
6,29150	-9
6,29217	-10
6,29283	-10
6,29350	-9
6,29417	-9
6,29483	-9
6,29550	-8
6,29617	-8
6,29683	-7
6,29750	-7
6,29817	-7
6,29883	-6
6,29950	-6
6,30017	-6
6,30083	-6
6,30150	-5
6,30217	-5
6,30283	-4
6,30350	-4
6,30417	-4
6,30483	-4
6,30550	-4
6,30617	-3
6,30683	-3
6,30750	-3
6,30817	-2
6,30883	-2
6,30950	-2
6,31017	-1
6,31083	-1
6,31150	-1
6,31217	-1
6,31283	-2
6,31350	-2
6,31417	-2
6,31483	-2
6,31550	-2
6,31617	-2
6,31683	-2
6,31750	-2
6,31817	-3
6,31883	-3
6,31950	-4
6,32017	-4
6,32083	-4
6,32150	-5
6,32217	-5
6,32283	-5
6,32350	-5
6,32417	-6
6,32483	-6
6,32550	-6
6,32617	-7
6,32683	-7
6,32750	-7
6,32817	-7
6,32883	-7
6,32950	-7
6,33017	-7
6,33083	-7
6,33150	-7
6,33217	-7
6,33283	-7
6,33350	-7
6,33417	-7
6,33483	-7
6,33550	-7
6,33617	-7
6,33683	-7
6,33750	-7
6,33817	-7
6,33883	-7
6,33950	-7
6,34017	-7
6,34083	-7
6,34150	-7
6,34217	-7
6,34283	-6
6,34350	-6
6,34417	-6
6,34483	-6
6,34550	-6
6,34617	-6
6,34683	-6
6,34750	-6
6,34817	-5
6,34883	-5
6,34950	-5
6,35017	-5
6,35083	-5
6,35150	-5
6,35217	-4
6,35283	-4
6,35350	-4
6,35417	-4
6,35483	-4
6,35550	-4
6,35617	-4
6,35683	-4
6,35750	-5
6,35817	-5
6,35883	-5
6,35950	-6
6,36017	-6
6,36083	-6
6,36150	-6
6,36217	-6
6,36283	-6
6,36350	-6
6,36417	-6
6,36483	-6
6,36550	-6
6,36617	-6
6,36683	-6
6,36750	-6
6,36817	-6
6,36883	-6
6,36950	-7
6,37017	-7
6,37083	-7
6,37150	-7
6,37217	-7
6,37283	-7
6,37350	-7
6,37417	-7
6,37483	-7
6,37550	-7
6,37617	-7
6,37683	-7
6,37750	-7
6,37817	-7
6,37883	-7
6,37950	-7
6,38017	-7
6,38083	-7
6,38150	-7
6,38217	-7
6,38283	-7
6,38350	-7
6,38417	-7
6,38483	-7
6,38550	-7
6,38617	-7
6,38683	-7
6,38750	-7
6,38817	-7
6,38883	-7
6,38950	-7
6,39017	-7
6,39083	-7
6,39150	-7
6,39217	-7
6,39283	-7
6,39350	-7
6,39417	-7
6,39483	-7
6,39550	-7
6,39617	-7
6,39683	-6
6,39750	-6
6,39817	-6
6,39883	-6
6,39950	-6
6,40017	-6
6,40083	-5
6,40150	-5
6,40217	-5
6,40283	-4
6,40350	-4
6,40417	-3
6,40483	-3
6,40550	-2
6,40617	-2
6,40683	-1
6,40750	-1
6,40817	-1
6,40883	-1
6,40950	-1
6,41017	-1
6,41083	-1
6,41150	-1
6,41217	-1
6,41283	-1
6,41350	-1
6,41417	-0
6,41483	-0
6,41550	-0
6,41617	-0
6,41683	-0
6,41750	-0
6,41817	-0
6,41883	-0
6,41950	-1
6,42017	-1
6,42083	-1
6,42150	-1
6,42217	-2
6,42283	-2
6,42350	-2
6,42417	-2
6,42483	-2
6,42550	-2
6,42617	-2
6,42683	-2
6,42750	-2
6,42817	-2
6,42883	-2
6,42950	-2
6,43017	-2
6,43083	-2
6,43150	-2
6,43217	-2
6,43283	-2
6,43350	-2
6,43417	-2
6,43483	-2
6,43550	-2
6,43617	-2
6,43683	-2
6,43750	-2
6,43817	-2
6,43883	-2
6,43950	-2
6,44017	-2
6,44083	-2
6,44150	-2
6,44217	-2
6,44283	-2
6,44350	-3
6,44417	-3
6,44483	-3
6,44550	-3
6,44617	-3
6,44683	-3
6,44750	-3
6,44817	-3
6,44883	-3
6,44950	-3
6,45017	-3
6,45083	-3
6,45150	-3
6,45217	-3
6,45283	-3
6,45350	-3
6,45417	-3
6,45483	-3
6,45550	-3
6,45617	-3
6,45683	-2
6,45750	-2
6,45817	-2
6,45883	-2
6,45950	-2
6,46017	-2
6,46083	-2
6,46150	-2
6,46217	-1
6,46283	-1
6,46350	-1
6,46417	-1
6,46483	-1
6,46550	-1
6,46617	-1
6,46683	-2
6,46750	-2
6,46817	-2
6,46883	-2
6,46950	-2
6,47017	-2
6,47083	-3
6,47150	-3
6,47217	-3
6,47283	-3
6,47350	-3
6,47417	-3
6,47483	-3
6,47550	-3
6,47617	-3
6,47683	-2
6,47750	-2
6,47817	-2
6,47883	-1
6,47950	-1
6,48017	-1
6,48083	-1
6,48150	-1
6,48217	-0
6,48283	-0
6,48350	-1
6,48417	-1
6,48483	-1
6,48550	-1
6,48617	-1
6,48683	-1
6,48750	-1
6,48817	-1
6,48883	-1
6,48950	-1
6,49017	-1
6,49083	-1
6,49150	-1
6,49217	-1
6,49283	-1
6,49350	-1
6,49417	-1
6,49483	-0
6,49550	-0
6,49617	-0
6,49683	-0
6,49750	-0
6,49817	-0
6,49883	0
6,49950	0
6,50017	0
6,50083	0
6,50150	0
6,50217	0
6,50283	0
6,50350	0
6,50417	0
6,50483	1
6,50550	1
6,50617	1
6,50683	1
6,50750	1
6,50817	1
6,50883	1
6,50950	1
6,51017	1
6,51083	2
6,51150	2
6,51217	2
6,51283	2
6,51350	2
6,51417	2
6,51483	2
6,51550	2
6,51617	2
6,51683	2
6,51750	2
6,51817	2
6,51883	2
6,51950	2
6,52017	2
6,52083	2
6,52150	2
6,52217	2
6,52283	3
6,52350	3
6,52417	3
6,52483	3
6,52550	3
6,52617	3
6,52683	3
6,52750	2
6,52817	2
6,52883	2
6,52950	2
6,53017	2
6,53083	2
6,53150	2
6,53217	2
6,53283	2
6,53350	2
6,53417	2
6,53483	2
6,53550	2
6,53617	2
6,53683	2
6,53750	2
6,53817	2
6,53883	2
6,53950	2
6,54017	2
6,54083	2
6,54150	2
6,54217	2
6,54283	2
6,54350	2
6,54417	2
6,54483	2
6,54550	2
6,54617	2
6,54683	2
6,54750	2
6,54817	2
6,54883	2
6,54950	2
6,55017	2
6,55083	2
6,55150	2
6,55217	2
6,55283	2
6,55350	2
6,55417	2
6,55483	2
6,55550	2
6,55617	2
6,55683	2
6,55750	2
6,55817	2
6,55883	1
6,55950	1
6,56017	1
6,56083	1
6,56150	0
6,56217	0
6,56283	0
6,56350	0
6,56417	0
6,56483	0
6,56550	0
6,56617	-0
6,56683	-0
6,56750	-1
6,56817	-1
6,56883	-1
6,56950	-1
6,57017	-1
6,57083	-1
6,57150	-1
6,57217	-1
6,57283	-0
6,57350	-0
6,57417	0
6,57483	0
6,57550	0
6,57617	1
6,57683	1
6,57750	1
6,57817	1
6,57883	1
6,57950	1
6,58017	1
6,58083	1
6,58150	1
6,58217	1
6,58283	1
6,58350	1
6,58417	1
6,58483	1
6,58550	1
6,58617	1
6,58683	1
6,58750	1
6,58817	1
6,58883	1
6,58950	0
6,59017	0
6,59083	0
6,59150	0
6,59217	0
6,59283	0
6,59350	0
6,59417	1
6,59483	1
6,59550	1
6,59617	2
6,59683	2
6,59750	2
6,59817	3
6,59883	3
6,59950	3
6,60017	3
6,60083	3
6,60150	3
6,60217	3
6,60283	3
6,60350	3
6,60417	3
6,60483	3
6,60550	3
6,60617	3
6,60683	3
6,60750	3
6,60817	3
6,60883	3
6,60950	3
6,61017	3
6,61083	3
6,61150	3
6,61217	2
6,61283	2
6,61350	2
6,61417	2
6,61483	2
6,61550	2
6,61617	2
6,61683	2
6,61750	2
6,61817	2
6,61883	3
6,61950	3
6,62017	3
6,62083	3
6,62150	3
6,62217	3
6,62283	3
6,62350	3
6,62417	3
6,62483	3
6,62550	3
6,62617	3
6,62683	2
6,62750	2
6,62817	2
6,62883	2
6,62950	2
6,63017	2
6,63083	2
6,63150	1
6,63217	1
6,63283	1
6,63350	1
6,63417	1
6,63483	1
6,63550	1
6,63617	2
6,63683	2
6,63750	2
6,63817	2
6,63883	2
6,63950	2
6,64017	2
6,64083	1
6,64150	1
6,64217	1
6,64283	1
6,64350	1
6,64417	1
6,64483	0
6,64550	0
6,64617	0
6,64683	0
6,64750	0
6,64817	0
6,64883	1
6,64950	1
6,65017	1
6,65083	1
6,65150	1
6,65217	1
6,65283	1
6,65350	1
6,65417	1
6,65483	1
6,65550	1
6,65617	1
6,65683	1
6,65750	1
6,65817	1
6,65883	1
6,65950	1
6,66017	1
6,66083	1
6,66150	1
6,66217	1
6,66283	1
6,66350	2
6,66417	2
6,66483	2
6,66550	2
6,66617	2
6,66683	2
6,66750	2
6,66817	2
6,66883	2
6,66950	2
6,67017	2
6,67083	2
6,67150	2
6,67217	2
6,67283	2
6,67350	2
6,67417	2
6,67483	2
6,67550	2
6,67617	2
6,67683	2
6,67750	1
6,67817	1
6,67883	1
6,67950	1
6,68017	0
6,68083	0
6,68150	-0
6,68217	-1
6,68283	-1
6,68350	-1
6,68417	-1
6,68483	-1
6,68550	-2
6,68617	-2
6,68683	-2
6,68750	-2
6,68817	-2
6,68883	-2
6,68950	-2
6,69017	-2
6,69083	-2
6,69150	-2
6,69217	-2
6,69283	-3
6,69350	-3
6,69417	-3
6,69483	-3
6,69550	-3
6,69617	-4
6,69683	-4
6,69750	-4
6,69817	-4
6,69883	-4
6,69950	-4
6,70017	-5
6,70083	-5
6,70150	-5
6,70217	-5
6,70283	-5
6,70350	-5
6,70417	-5
6,70483	-5
6,70550	-5
6,70617	-5
6,70683	-5
6,70750	-5
6,70817	-5
6,70883	-6
6,70950	-6
6,71017	-6
6,71083	-7
6,71150	-7
6,71217	-7
6,71283	-7
6,71350	-7
6,71417	-6
6,71483	-6
6,71550	-6
6,71617	-6
6,71683	-6
6,71750	-5
6,71817	-5
6,71883	-5
6,71950	-4
6,72017	-4
6,72083	-4
6,72150	-3
6,72217	-3
6,72283	-3
6,72350	-3
6,72417	-3
6,72483	-3
6,72550	-3
6,72617	-3
6,72683	-3
6,72750	-3
6,72817	-3
6,72883	-3
6,72950	-3
6,73017	-3
6,73083	-3
6,73150	-3
6,73217	-3
6,73283	-3
6,73350	-3
6,73417	-3
6,73483	-3
6,73550	-3
6,73617	-3
6,73683	-3
6,73750	-3
6,73817	-3
6,73883	-3
6,73950	-2
6,74017	-2
6,74083	-2
6,74150	-2
6,74217	-2
6,74283	-2
6,74350	-2
6,74417	-2
6,74483	-2
6,74550	-2
6,74617	-3
6,74683	-3
6,74750	-3
6,74817	-3
6,74883	-3
6,74950	-3
6,75017	-3
6,75083	-3
6,75150	-3
6,75217	-3
6,75283	-3
6,75350	-3
6,75417	-3
6,75483	-2
6,75550	-2
6,75617	-2
6,75683	-2
6,75750	-1
6,75817	-1
6,75883	-1
6,75950	-1
6,76017	-1
6,76083	-1
6,76150	-1
6,76217	-1
6,76283	-1
6,76350	-1
6,76417	-2
6,76483	-1
6,76550	-1
6,76617	-1
6,76683	-1
6,76750	-1
6,76817	-0
6,76883	-0
6,76950	0
6,77017	0
6,77083	0
6,77150	0
6,77217	0
6,77283	0
6,77350	0
6,77417	0
6,77483	0
6,77550	0
6,77617	1
6,77683	1
6,77750	1
6,77817	1
6,77883	1
6,77950	0
6,78017	0
6,78083	0
6,78150	-0
6,78217	-0
6,78283	-1
6,78350	-1
6,78417	-1
6,78483	-1
6,78550	-2
6,78617	-2
6,78683	-2
6,78750	-2
6,78817	-3
6,78883	-3
6,78950	-4
6,79017	-4
6,79083	-4
6,79150	-4
6,79217	-5
6,79283	-5
6,79350	-5
6,79417	-5
6,79483	-5
6,79550	-5
6,79617	-6
6,79683	-6
6,79750	-6
6,79817	-6
6,79883	-6
6,79950	-6
6,80017	-6
6,80083	-6
6,80150	-6
6,80217	-6
6,80283	-7
6,80350	-7
6,80417	-7
6,80483	-7
6,80550	-7
6,80617	-6
6,80683	-6
6,80750	-6
6,80817	-6
6,80883	-6
6,80950	-6
6,81017	-6
6,81083	-6
6,81150	-6
6,81217	-6
6,81283	-5
6,81350	-5
6,81417	-5
6,81483	-5
6,81550	-5
6,81617	-5
6,81683	-5
6,81750	-5
6,81817	-5
6,81883	-5
6,81950	-5
6,82017	-5
6,82083	-5
6,82150	-4
6,82217	-4
6,82283	-3
6,82350	-3
6,82417	-2
6,82483	-2
6,82550	-2
6,82617	-1
6,82683	-1
6,82750	-1
6,82817	-1
6,82883	-1
6,82950	-1
6,83017	-1
6,83083	-1
6,83150	-1
6,83217	-1
6,83283	-1
6,83350	-1
6,83417	-1
6,83483	-1
6,83550	-1
6,83617	-0
6,83683	-0
6,83750	0
6,83817	0
6,83883	1
6,83950	1
6,84017	1
6,84083	1
6,84150	2
6,84217	2
6,84283	2
6,84350	2
6,84417	3
6,84483	3
6,84550	3
6,84617	3
6,84683	3
6,84750	3
6,84817	3
6,84883	3
6,84950	3
6,85017	3
6,85083	3
6,85150	3
6,85217	3
6,85283	3
6,85350	3
6,85417	3
6,85483	3
6,85550	3
6,85617	2
6,85683	2
6,85750	2
6,85817	2
6,85883	2
6,85950	2
6,86017	2
6,86083	2
6,86150	2
6,86217	2
6,86283	2
6,86350	2
6,86417	2
6,86483	1
6,86550	1
6,86617	1
6,86683	1
6,86750	1
6,86817	0
6,86883	0
6,86950	0
6,87017	-0
6,87083	-0
6,87150	-0
6,87217	0
6,87283	0
6,87350	0
6,87417	1
6,87483	1
6,87550	1
6,87617	1
6,87683	1
6,87750	1
6,87817	1
6,87883	1
6,87950	1
6,88017	1
6,88083	1
6,88150	1
6,88217	1
6,88283	1
6,88350	1
6,88417	1
6,88483	1
6,88550	1
6,88617	2
6,88683	2
6,88750	2
6,88817	2
6,88883	3
6,88950	3
6,89017	3
6,89083	4
6,89150	4
6,89217	5
6,89283	5
6,89350	6
6,89417	7
6,89483	8
6,89550	9
6,89617	10
6,89683	11
6,89750	12
6,89817	13
6,89883	14
6,89950	16
6,90017	17
6,90083	19
6,90150	21
6,90217	22
6,90283	24
6,90350	26
6,90417	28
6,90483	30
6,90550	32
6,90617	34
6,90683	36
6,90750	38
6,90817	41
6,90883	43
6,90950	45
6,91017	47
6,91083	49
6,91150	51
6,91217	53
6,91283	55
6,91350	57
6,91417	59
6,91483	61
6,91550	63
6,91617	65
6,91683	66
6,91750	68
6,91817	70
6,91883	72
6,91950	74
6,92017	75
6,92083	77
6,92150	78
6,92217	80
6,92283	81
6,92350	83
6,92417	84
6,92483	86
6,92550	87
6,92617	89
6,92683	90
6,92750	92
6,92817	93
6,92883	94
6,92950	95
6,93017	96
6,93083	97
6,93150	98
6,93217	98
6,93283	99
6,93350	99
6,93417	100
6,93483	100
6,93550	101
6,93617	102
6,93683	102
6,93750	103
6,93817	103
6,93883	104
6,93950	104
6,94017	105
6,94083	105
6,94150	105
6,94217	106
6,94283	106
6,94350	106
6,94417	106
6,94483	107
6,94550	107
6,94617	107
6,94683	108
6,94750	108
6,94817	108
6,94883	108
6,94950	109
6,95017	109
6,95083	109
6,95150	108
6,95217	108
6,95283	107
6,95350	107
6,95417	107
6,95483	106
6,95550	106
6,95617	105
6,95683	105
6,95750	105
6,95817	105
6,95883	104
6,95950	104
6,96017	103
6,96083	103
6,96150	103
6,96217	102
6,96283	102
6,96350	102
6,96417	101
6,96483	101
6,96550	101
6,96617	101
6,96683	101
6,96750	101
6,96817	101
6,96883	101
6,96950	101
6,97017	101
6,97083	101
6,97150	100
6,97217	100
6,97283	100
6,97350	100
6,97417	100
6,97483	100
6,97550	100
6,97617	100
6,97683	100
6,97750	100
6,97817	100
6,97883	100
6,97950	100
6,98017	100
6,98083	100
6,98150	100
6,98217	100
6,98283	100
6,98350	100
6,98417	100
6,98483	100
6,98550	99
6,98617	99
6,98683	99
6,98750	99
6,98817	99
6,98883	98
6,98950	98
6,99017	98
6,99083	97
6,99150	97
6,99217	97
6,99283	97
6,99350	96
6,99417	96
6,99483	95
6,99550	95
6,99617	95
6,99683	95
6,99750	95
6,99817	95
6,99883	95
6,99950	95
7,00017	95
7,00083	95
7,00150	95
7,00217	95
7,00283	95
7,00350	95
7,00417	96
7,00483	96
7,00550	96
7,00617	96
7,00683	96
7,00750	96
7,00817	96
7,00883	96
7,00950	96
7,01017	96
7,01083	96
7,01150	97
7,01217	97
7,01283	97
7,01350	97
7,01417	97
7,01483	97
7,01550	96
7,01617	96
7,01683	96
7,01750	96
7,01817	95
7,01883	95
7,01950	94
7,02017	94
7,02083	93
7,02150	93
7,02217	92
7,02283	91
7,02350	91
7,02417	90
7,02483	89
7,02550	89
7,02617	88
7,02683	87
7,02750	87
7,02817	86
7,02883	86
7,02950	85
7,03017	84
7,03083	84
7,03150	83
7,03217	83
7,03283	83
7,03350	82
7,03417	82
7,03483	81
7,03550	81
7,03617	80
7,03683	80
7,03750	79
7,03817	79
7,03883	78
7,03950	78
7,04017	77
7,04083	76
7,04150	76
7,04217	76
7,04283	75
7,04350	75
7,04417	74
7,04483	73
7,04550	73
7,04617	72
7,04683	71
7,04750	70
7,04817	70
7,04883	69
7,04950	68
7,05017	68
7,05083	67
7,05150	67
7,05217	66
7,05283	66
7,05350	65
7,05417	65
7,05483	65
7,05550	64
7,05617	64
7,05683	64
7,05750	63
7,05817	63
7,05883	62
7,05950	62
7,06017	61
7,06083	61
7,06150	61
7,06217	61
7,06283	61
7,06350	60
7,06417	60
7,06483	60
7,06550	60
7,06617	60
7,06683	60
7,06750	60
7,06817	59
7,06883	59
7,06950	59
7,07017	58
7,07083	58
7,07150	58
7,07217	57
7,07283	57
7,07350	56
7,07417	55
7,07483	55
7,07550	54
7,07617	54
7,07683	53
7,07750	53
7,07817	52
7,07883	52
7,07950	51
7,08017	51
7,08083	50
7,08150	50
7,08217	50
7,08283	50
7,08350	49
7,08417	49
7,08483	48
7,08550	48
7,08617	48
7,08683	48
7,08750	48
7,08817	47
7,08883	47
7,08950	47
7,09017	46
7,09083	46
7,09150	46
7,09217	45
7,09283	45
7,09350	44
7,09417	44
7,09483	44
7,09550	43
7,09617	43
7,09683	42
7,09750	42
7,09817	42
7,09883	42
7,09950	41
7,10017	41
7,10083	41
7,10150	40
7,10217	40
7,10283	39
7,10350	39
7,10417	39
7,10483	38
7,10550	38
7,10617	38
7,10683	38
7,10750	37
7,10817	37
7,10883	37
7,10950	37
7,11017	36
7,11083	36
7,11150	36
7,11217	36
7,11283	35
7,11350	35
7,11417	35
7,11483	35
7,11550	34
7,11617	34
7,11683	34
7,11750	34
7,11817	34
7,11883	34
7,11950	33
7,12017	33
7,12083	33
7,12150	33
7,12217	33
7,12283	33
7,12350	32
7,12417	32
7,12483	32
7,12550	31
7,12617	31
7,12683	31
7,12750	31
7,12817	31
7,12883	31
7,12950	31
7,13017	30
7,13083	30
7,13150	30
7,13217	30
7,13283	30
7,13350	30
7,13417	30
7,13483	30
7,13550	30
7,13617	30
7,13683	30
7,13750	30
7,13817	30
7,13883	30
7,13950	30
7,14017	30
7,14083	30
7,14150	30
7,14217	30
7,14283	30
7,14350	30
7,14417	30
7,14483	29
7,14550	29
7,14617	29
7,14683	29
7,14750	28
7,14817	28
7,14883	28
7,14950	27
7,15017	27
7,15083	27
7,15150	26
7,15217	26
7,15283	26
7,15350	26
7,15417	25
7,15483	25
7,15550	25
7,15617	25
7,15683	25
7,15750	25
7,15817	25
7,15883	25
7,15950	25
7,16017	25
7,16083	25
7,16150	25
7,16217	24
7,16283	24
7,16350	24
7,16417	24
7,16483	24
7,16550	24
7,16617	23
7,16683	23
7,16750	22
7,16817	22
7,16883	22
7,16950	21
7,17017	21
7,17083	20
7,17150	20
7,17217	20
7,17283	20
7,17350	20
7,17417	20
7,17483	20
7,17550	20
7,17617	20
7,17683	20
7,17750	19
7,17817	19
7,17883	19
7,17950	19
7,18017	19
7,18083	19
7,18150	19
7,18217	19
7,18283	19
7,18350	19
7,18417	19
7,18483	18
7,18550	18
7,18617	18
7,18683	18
7,18750	17
7,18817	17
7,18883	17
7,18950	16
7,19017	16
7,19083	16
7,19150	16
7,19217	16
7,19283	16
7,19350	16
7,19417	16
7,19483	15
7,19550	15
7,19617	15
7,19683	15
7,19750	15
7,19817	15
7,19883	15
7,19950	15
7,20017	14
7,20083	14
7,20150	14
7,20217	14
7,20283	14
7,20350	14
7,20417	14
7,20483	14
7,20550	14
7,20617	14
7,20683	14
7,20750	14
7,20817	13
7,20883	13
7,20950	13
7,21017	13
7,21083	13
7,21150	13
7,21217	13
7,21283	13
7,21350	12
7,21417	12
7,21483	12
7,21550	12
7,21617	12
7,21683	12
7,21750	12
7,21817	12
7,21883	12
7,21950	12
7,22017	12
7,22083	12
7,22150	12
7,22217	12
7,22283	12
7,22350	12
7,22417	11
7,22483	11
7,22550	11
7,22617	11
7,22683	10
7,22750	10
7,22817	9
7,22883	9
7,22950	8
7,23017	8
7,23083	8
7,23150	7
7,23217	7
7,23283	7
7,23350	7
7,23417	7
7,23483	7
7,23550	7
7,23617	8
7,23683	8
7,23750	8
7,23817	9
7,23883	9
7,23950	9
7,24017	9
7,24083	9
7,24150	10
7,24217	10
7,24283	10
7,24350	10
7,24417	10
7,24483	11
7,24550	11
7,24617	11
7,24683	11
7,24750	11
7,24817	12
7,24883	12
7,24950	12
7,25017	12
7,25083	13
7,25150	13
7,25217	13
7,25283	13
7,25350	14
7,25417	14
7,25483	14
7,25550	15
7,25617	15
7,25683	15
7,25750	15
7,25817	15
7,25883	16
7,25950	15
7,26017	15
7,26083	15
7,26150	15
7,26217	15
7,26283	15
7,26350	14
7,26417	14
7,26483	14
7,26550	14
7,26617	14
7,26683	13
7,26750	13
7,26817	13
7,26883	13
7,26950	13
7,27017	13
7,27083	13
7,27150	12
7,27217	12
7,27283	12
7,27350	12
7,27417	11
7,27483	11
7,27550	11
7,27617	10
7,27683	10
7,27750	9
7,27817	9
7,27883	9
7,27950	9
7,28017	9
7,28083	9
7,28150	8
7,28217	8
7,28283	8
7,28350	8
7,28417	8
7,28483	8
7,28550	8
7,28617	8
7,28683	8
7,28750	8
7,28817	8
7,28883	9
7,28950	9
7,29017	9
7,29083	10
7,29150	10
7,29217	10
7,29283	10
7,29350	10
7,29417	11
7,29483	11
7,29550	10
7,29617	10
7,29683	10
7,29750	10
7,29817	11
7,29883	11
7,29950	11
7,30017	11
7,30083	11
7,30150	11
7,30217	11
7,30283	12
7,30350	12
7,30417	12
7,30483	12
7,30550	12
7,30617	12
7,30683	12
7,30750	12
7,30817	12
7,30883	12
7,30950	12
7,31017	13
7,31083	13
7,31150	13
7,31217	13
7,31283	13
7,31350	13
7,31417	13
7,31483	13
7,31550	13
7,31617	13
7,31683	13
7,31750	13
7,31817	13
7,31883	13
7,31950	13
7,32017	13
7,32083	13
7,32150	13
7,32217	13
7,32283	13
7,32350	13
7,32417	13
7,32483	13
7,32550	13
7,32617	13
7,32683	14
7,32750	14
7,32817	14
7,32883	14
7,32950	14
7,33017	14
7,33083	15
7,33150	15
7,33217	15
7,33283	15
7,33350	15
7,33417	16
7,33483	16
7,33550	15
7,33617	15
7,33683	15
7,33750	14
7,33817	14
7,33883	14
7,33950	14
7,34017	13
7,34083	13
7,34150	13
7,34217	13
7,34283	12
7,34350	12
7,34417	12
7,34483	12
7,34550	11
7,34617	11
7,34683	11
7,34750	10
7,34817	10
7,34883	10
7,34950	9
7,35017	9
7,35083	9
7,35150	9
7,35217	9
7,35283	9
7,35350	9
7,35417	8
7,35483	8
7,35550	8
7,35617	8
7,35683	7
7,35750	7
7,35817	6
7,35883	6
7,35950	6
7,36017	5
7,36083	5
7,36150	5
7,36217	5
7,36283	5
7,36350	5
7,36417	5
7,36483	6
7,36550	6
7,36617	6
7,36683	6
7,36750	6
7,36817	6
7,36883	6
7,36950	6
7,37017	6
7,37083	6
7,37150	6
7,37217	6
7,37283	6
7,37350	6
7,37417	6
7,37483	6
7,37550	6
7,37617	6
7,37683	6
7,37750	6
7,37817	6
7,37883	6
7,37950	6
7,38017	5
7,38083	5
7,38150	5
7,38217	5
7,38283	5
7,38350	6
7,38417	6
7,38483	6
7,38550	6
7,38617	7
7,38683	7
7,38750	7
7,38817	7
7,38883	7
7,38950	7
7,39017	8
7,39083	8
7,39150	8
7,39217	8
7,39283	8
7,39350	9
7,39417	9
7,39483	9
7,39550	10
7,39617	10
7,39683	10
7,39750	10
7,39817	10
7,39883	10
7,39950	10
7,40017	11
7,40083	11
7,40150	11
7,40217	11
7,40283	11
7,40350	11
7,40417	11
7,40483	11
7,40550	10
7,40617	10
7,40683	10
7,40750	10
7,40817	10
7,40883	10
7,40950	10
7,41017	10
7,41083	10
7,41150	10
7,41217	10
7,41283	10
7,41350	10
7,41417	10
7,41483	10
7,41550	11
7,41617	11
7,41683	11
7,41750	11
7,41817	11
7,41883	11
7,41950	11
7,42017	11
7,42083	11
7,42150	11
7,42217	11
7,42283	11
7,42350	11
7,42417	11
7,42483	11
7,42550	11
7,42617	11
7,42683	11
7,42750	11
7,42817	11
7,42883	11
7,42950	11
7,43017	11
7,43083	11
7,43150	11
7,43217	11
7,43283	11
7,43350	11
7,43417	11
7,43483	11
7,43550	11
7,43617	11
7,43683	11
7,43750	11
7,43817	11
7,43883	11
7,43950	11
7,44017	11
7,44083	11
7,44150	10
7,44217	10
7,44283	10
7,44350	9
7,44417	9
7,44483	9
7,44550	9
7,44617	9
7,44683	9
7,44750	9
7,44817	9
7,44883	9
7,44950	9
7,45017	10
7,45083	10
7,45150	10
7,45217	11
7,45283	11
7,45350	11
7,45417	11
7,45483	11
7,45550	11
7,45617	11
7,45683	11
7,45750	11
7,45817	11
7,45883	12
7,45950	12
7,46017	12
7,46083	12
7,46150	12
7,46217	12
7,46283	12
7,46350	12
7,46417	12
7,46483	12
7,46550	12
7,46617	12
7,46683	12
7,46750	12
7,46817	12
7,46883	12
7,46950	12
7,47017	12
7,47083	12
7,47150	12
7,47217	12
7,47283	12
7,47350	12
7,47417	12
7,47483	12
7,47550	12
7,47617	12
7,47683	13
7,47750	13
7,47817	14
7,47883	15
7,47950	18
7,48017	22
7,48083	27
7,48150	36
7,48217	48
7,48283	66
7,48350	92
7,48417	128
7,48483	179
7,48550	248
7,48617	342
7,48683	468
7,48750	634
7,48817	848
7,48883	1119
7,48950	1456
7,49017	1872
7,49083	2376
7,49150	2984
7,49217	3708
7,49283	4560
7,49350	5549
7,49417	6688
7,49483	7992
7,49550	9478
7,49617	11166
7,49683	13072
7,49750	15208
7,49817	17585
7,49883	20207
7,49950	23079
7,50017	26200
7,50083	29573
7,50150	33196
7,50217	37067
7,50283	41179
7,50350	45519
7,50417	50085
7,50483	54868
7,50550	59866
7,50617	65067
7,50683	70453
7,50750	76012
7,50817	81755
7,50883	87667
7,50950	93738
7,51017	99952
7,51083	106299
7,51150	112786
7,51217	119417
7,51283	126177
7,51350	133042
7,51417	139965
7,51483	146895
7,51550	153784
7,51617	160563
7,51683	167122
7,51750	173358
7,51817	179199
7,51883	184590
7,51950	189439
7,52017	193631
7,52083	197051
7,52150	199593
7,52217	201150
7,52283	201662
7,52350	201101
7,52417	199470
7,52483	196794
7,52550	193141
7,52617	188601
7,52683	183283
7,52750	177311
7,52817	170816
7,52883	163920
7,52950	156739
7,53017	149380
7,53083	141939
7,53150	134497
7,53217	127126
7,53283	119886
7,53350	112825
7,53417	105981
7,53483	99383
7,53550	93053
7,53617	87006
7,53683	81251
7,53750	75794
7,53817	70635
7,53883	65771
7,53950	61197
7,54017	56905
7,54083	52886
7,54150	49130
7,54217	45625
7,54283	42360
7,54350	39322
7,54417	36499
7,54483	33878
7,54550	31448
7,54617	29197
7,54683	27112
7,54750	25184
7,54817	23401
7,54883	21755
7,54950	20235
7,55017	18834
7,55083	17543
7,55150	16355
7,55217	15260
7,55283	14254
7,55350	13330
7,55417	12481
7,55483	11702
7,55550	10987
7,55617	10332
7,55683	9732
7,55750	9181
7,55817	8677
7,55883	8213
7,55950	7787
7,56017	7396
7,56083	7036
7,56150	6704
7,56217	6400
7,56283	6119
7,56350	5860
7,56417	5621
7,56483	5399
7,56550	5195
7,56617	5005
7,56683	4829
7,56750	4665
7,56817	4512
7,56883	4368
7,56950	4233
7,57017	4106
7,57083	3986
7,57150	3872
7,57217	3765
7,57283	3664
7,57350	3569
7,57417	3479
7,57483	3395
7,57550	3316
7,57617	3242
7,57683	3172
7,57750	3106
7,57817	3045
7,57883	2986
7,57950	2931
7,58017	2879
7,58083	2831
7,58150	2785
7,58217	2742
7,58283	2701
7,58350	2663
7,58417	2627
7,58483	2594
7,58550	2562
7,58617	2532
7,58683	2504
7,58750	2478
7,58817	2454
7,58883	2431
7,58950	2410
7,59017	2390
7,59083	2371
7,59150	2353
7,59217	2334
7,59283	2316
7,59350	2298
7,59417	2279
7,59483	2261
7,59550	2243
7,59617	2225
7,59683	2207
7,59750	2189
7,59817	2171
7,59883	2153
7,59950	2135
7,60017	2118
7,60083	2102
7,60150	2085
7,60217	2069
7,60283	2053
7,60350	2038
7,60417	2023
7,60483	2010
7,60550	1997
7,60617	1985
7,60683	1973
7,60750	1963
7,60817	1953
7,60883	1944
7,60950	1936
7,61017	1929
7,61083	1922
7,61150	1916
7,61217	1909
7,61283	1902
7,61350	1895
7,61417	1888
7,61483	1880
7,61550	1872
7,61617	1864
7,61683	1855
7,61750	1846
7,61817	1836
7,61883	1826
7,61950	1815
7,62017	1802
7,62083	1790
7,62150	1776
7,62217	1763
7,62283	1749
7,62350	1735
7,62417	1721
7,62483	1706
7,62550	1692
7,62617	1677
7,62683	1662
7,62750	1647
7,62817	1633
7,62883	1618
7,62950	1603
7,63017	1589
7,63083	1575
7,63150	1561
7,63217	1548
7,63283	1534
7,63350	1521
7,63417	1508
7,63483	1495
7,63550	1483
7,63617	1472
7,63683	1460
7,63750	1450
7,63817	1439
7,63883	1430
7,63950	1420
7,64017	1410
7,64083	1401
7,64150	1393
7,64217	1385
7,64283	1377
7,64350	1369
7,64417	1361
7,64483	1354
7,64550	1347
7,64617	1340
7,64683	1333
7,64750	1326
7,64817	1320
7,64883	1313
7,64950	1305
7,65017	1298
7,65083	1291
7,65150	1283
7,65217	1275
7,65283	1266
7,65350	1257
7,65417	1248
7,65483	1238
7,65550	1229
7,65617	1219
7,65683	1208
7,65750	1198
7,65817	1187
7,65883	1176
7,65950	1164
7,66017	1153
7,66083	1142
7,66150	1132
7,66217	1122
7,66283	1112
7,66350	1102
7,66417	1092
7,66483	1083
7,66550	1074
7,66617	1065
7,66683	1056
7,66750	1048
7,66817	1040
7,66883	1032
7,66950	1024
7,67017	1017
7,67083	1009
7,67150	1002
7,67217	995
7,67283	988
7,67350	981
7,67417	973
7,67483	966
7,67550	959
7,67617	951
7,67683	944
7,67750	936
7,67817	928
7,67883	920
7,67950	913
7,68017	905
7,68083	898
7,68150	891
7,68217	884
7,68283	877
7,68350	871
7,68417	864
7,68483	857
7,68550	850
7,68617	844
7,68683	837
7,68750	830
7,68817	823
7,68883	816
7,68950	809
7,69017	803
7,69083	796
7,69150	790
7,69217	783
7,69283	777
7,69350	771
7,69417	765
7,69483	759
7,69550	753
7,69617	748
7,69683	742
7,69750	736
7,69817	731
7,69883	725
7,69950	719
7,70017	714
7,70083	708
7,70150	702
7,70217	697
7,70283	691
7,70350	686
7,70417	681
7,70483	676
7,70550	671
7,70617	665
7,70683	660
7,70750	655
7,70817	650
7,70883	644
7,70950	639
7,71017	634
7,71083	629
7,71150	624
7,71217	619
7,71283	613
7,71350	608
7,71417	603
7,71483	598
7,71550	593
7,71617	587
7,71683	582
7,71750	577
7,71817	573
7,71883	568
7,71950	563
7,72017	558
7,72083	553
7,72150	549
7,72217	544
7,72283	540
7,72350	536
7,72417	532
7,72483	528
7,72550	524
7,72617	521
7,72683	518
7,72750	514
7,72817	511
7,72883	508
7,72950	505
7,73017	502
7,73083	499
7,73150	496
7,73217	493
7,73283	490
7,73350	487
7,73417	484
7,73483	481
7,73550	478
7,73617	475
7,73683	472
7,73750	469
7,73817	466
7,73883	463
7,73950	459
7,74017	456
7,74083	452
7,74150	448
7,74217	444
7,74283	440
7,74350	436
7,74417	432
7,74483	428
7,74550	424
7,74617	421
7,74683	417
7,74750	414
7,74817	410
7,74883	407
7,74950	404
7,75017	401
7,75083	398
7,75150	395
7,75217	392
7,75283	389
7,75350	386
7,75417	383
7,75483	380
7,75550	378
7,75617	375
7,75683	372
7,75750	370
7,75817	367
7,75883	364
7,75950	362
7,76017	360
7,76083	357
7,76150	355
7,76217	353
7,76283	351
7,76350	349
7,76417	347
7,76483	345
7,76550	343
7,76617	342
7,76683	340
7,76750	339
7,76817	337
7,76883	336
7,76950	334
7,77017	333
7,77083	331
7,77150	330
7,77217	328
7,77283	326
7,77350	324
7,77417	322
7,77483	321
7,77550	319
7,77617	317
7,77683	316
7,77750	314
7,77817	313
7,77883	311
7,77950	309
7,78017	308
7,78083	306
7,78150	304
7,78217	302
7,78283	300
7,78350	299
7,78417	297
7,78483	295
7,78550	293
7,78617	292
7,78683	291
7,78750	289
7,78817	288
7,78883	286
7,78950	285
7,79017	284
7,79083	283
7,79150	281
7,79217	280
7,79283	278
7,79350	277
7,79417	275
7,79483	273
7,79550	272
7,79617	270
7,79683	268
7,79750	266
7,79817	264
7,79883	262
7,79950	261
7,80017	259
7,80083	257
7,80150	256
7,80217	254
7,80283	253
7,80350	251
7,80417	249
7,80483	248
7,80550	246
7,80617	244
7,80683	243
7,80750	241
7,80817	239
7,80883	237
7,80950	236
7,81017	235
7,81083	233
7,81150	232
7,81217	231
7,81283	230
7,81350	229
7,81417	228
7,81483	227
7,81550	225
7,81617	224
7,81683	223
7,81750	222
7,81817	221
7,81883	220
7,81950	219
7,82017	219
7,82083	218
7,82150	217
7,82217	216
7,82283	215
7,82350	214
7,82417	213
7,82483	212
7,82550	211
7,82617	210
7,82683	209
7,82750	208
7,82817	207
7,82883	206
7,82950	205
7,83017	204
7,83083	203
7,83150	202
7,83217	202
7,83283	201
7,83350	200
7,83417	198
7,83483	197
7,83550	196
7,83617	195
7,83683	194
7,83750	192
7,83817	191
7,83883	190
7,83950	189
7,84017	188
7,84083	187
7,84150	187
7,84217	186
7,84283	185
7,84350	184
7,84417	183
7,84483	182
7,84550	181
7,84617	180
7,84683	179
7,84750	178
7,84817	177
7,84883	176
7,84950	175
7,85017	174
7,85083	172
7,85150	171
7,85217	170
7,85283	170
7,85350	169
7,85417	168
7,85483	168
7,85550	167
7,85617	166
7,85683	166
7,85750	165
7,85817	165
7,85883	164
7,85950	163
7,86017	163
7,86083	162
7,86150	162
7,86217	162
7,86283	161
7,86350	161
7,86417	160
7,86483	159
7,86550	159
7,86617	158
7,86683	157
7,86750	157
7,86817	156
7,86883	155
7,86950	155
7,87017	154
7,87083	154
7,87150	153
7,87217	152
7,87283	151
7,87350	150
7,87417	149
7,87483	148
7,87550	147
7,87617	146
7,87683	145
7,87750	145
7,87817	144
7,87883	143
7,87950	142
7,88017	141
7,88083	141
7,88150	140
7,88217	140
7,88283	139
7,88350	139
7,88417	138
7,88483	137
7,88550	137
7,88617	137
7,88683	136
7,88750	136
7,88817	136
7,88883	135
7,88950	135
7,89017	134
7,89083	134
7,89150	133
7,89217	133
7,89283	132
7,89350	132
7,89417	131
7,89483	131
7,89550	130
7,89617	130
7,89683	129
7,89750	129
7,89817	129
7,89883	128
7,89950	128
7,90017	127
7,90083	127
7,90150	126
7,90217	126
7,90283	125
7,90350	124
7,90417	124
7,90483	123
7,90550	123
7,90617	122
7,90683	122
7,90750	122
7,90817	121
7,90883	121
7,90950	120
7,91017	120
7,91083	119
7,91150	119
7,91217	118
7,91283	117
7,91350	117
7,91417	116
7,91483	116
7,91550	115
7,91617	115
7,91683	115
7,91750	114
7,91817	114
7,91883	114
7,91950	113
7,92017	113
7,92083	112
7,92150	112
7,92217	112
7,92283	111
7,92350	111
7,92417	110
7,92483	110
7,92550	109
7,92617	109
7,92683	109
7,92750	109
7,92817	108
7,92883	108
7,92950	108
7,93017	107
7,93083	107
7,93150	107
7,93217	106
7,93283	106
7,93350	105
7,93417	105
7,93483	104
7,93550	104
7,93617	104
7,93683	104
7,93750	103
7,93817	103
7,93883	102
7,93950	102
7,94017	102
7,94083	101
7,94150	101
7,94217	101
7,94283	100
7,94350	100
7,94417	100
7,94483	99
7,94550	99
7,94617	98
7,94683	98
7,94750	97
7,94817	97
7,94883	96
7,94950	96
7,95017	95
7,95083	95
7,95150	94
7,95217	94
7,95283	93
7,95350	93
7,95417	93
7,95483	92
7,95550	92
7,95617	91
7,95683	91
7,95750	91
7,95817	90
7,95883	90
7,95950	89
7,96017	89
7,96083	89
7,96150	88
7,96217	88
7,96283	88
7,96350	88
7,96417	87
7,96483	87
7,96550	87
7,96617	86
7,96683	86
7,96750	86
7,96817	85
7,96883	85
7,96950	84
7,97017	84
7,97083	84
7,97150	83
7,97217	83
7,97283	82
7,97350	82
7,97417	82
7,97483	81
7,97550	81
7,97617	81
7,97683	80
7,97750	80
7,97817	80
7,97883	80
7,97950	79
7,98017	79
7,98083	78
7,98150	78
7,98217	78
7,98283	78
7,98350	78
7,98417	78
7,98483	78
7,98550	78
7,98617	78
7,98683	77
7,98750	77
7,98817	77
7,98883	76
7,98950	76
7,99017	75
7,99083	75
7,99150	75
7,99217	74
7,99283	74
7,99350	73
7,99417	73
7,99483	73
7,99550	73
7,99617	72
7,99683	72
7,99750	72
7,99817	72
7,99883	72
7,99950	72
8,00017	71
8,00083	71
8,00150	71
8,00217	71
8,00283	71
8,00350	71
8,00417	70
8,00483	70
8,00550	70
8,00617	70
8,00683	69
8,00750	69
8,00817	68
8,00883	68
8,00950	67
8,01017	67
8,01083	66
8,01150	66
8,01217	66
8,01283	65
8,01350	65
8,01417	65
8,01483	65
8,01550	65
8,01617	64
8,01683	64
8,01750	64
8,01817	64
8,01883	64
8,01950	63
8,02017	63
8,02083	63
8,02150	63
8,02217	63
8,02283	63
8,02350	63
8,02417	64
8,02483	64
8,02550	64
8,02617	64
8,02683	64
8,02750	64
8,02817	64
8,02883	64
8,02950	64
8,03017	63
8,03083	63
8,03150	63
8,03217	63
8,03283	63
8,03350	63
8,03417	63
8,03483	63
8,03550	63
8,03617	63
8,03683	63
8,03750	63
8,03817	63
8,03883	63
8,03950	62
8,04017	62
8,04083	61
8,04150	61
8,04217	61
8,04283	60
8,04350	60
8,04417	60
8,04483	59
8,04550	59
8,04617	59
8,04683	58
8,04750	58
8,04817	58
8,04883	58
8,04950	58
8,05017	57
8,05083	57
8,05150	57
8,05217	57
8,05283	57
8,05350	57
8,05417	57
8,05483	56
8,05550	56
8,05617	56
8,05683	56
8,05750	56
8,05817	56
8,05883	56
8,05950	56
8,06017	56
8,06083	56
8,06150	56
8,06217	55
8,06283	55
8,06350	54
8,06417	54
8,06483	54
8,06550	54
8,06617	53
8,06683	53
8,06750	53
8,06817	52
8,06883	52
8,06950	51
8,07017	51
8,07083	51
8,07150	51
8,07217	51
8,07283	51
8,07350	50
8,07417	50
8,07483	50
8,07550	49
8,07617	49
8,07683	48
8,07750	48
8,07817	48
8,07883	47
8,07950	47
8,08017	47
8,08083	47
8,08150	47
8,08217	47
8,08283	47
8,08350	47
8,08417	47
8,08483	47
8,08550	47
8,08617	47
8,08683	47
8,08750	47
8,08817	48
8,08883	48
8,08950	48
8,09017	48
8,09083	48
8,09150	49
8,09217	49
8,09283	49
8,09350	49
8,09417	49
8,09483	49
8,09550	49
8,09617	49
8,09683	49
8,09750	49
8,09817	50
8,09883	50
8,09950	50
8,10017	50
8,10083	50
8,10150	50
8,10217	50
8,10283	49
8,10350	49
8,10417	49
8,10483	49
8,10550	48
8,10617	48
8,10683	47
8,10750	47
8,10817	47
8,10883	46
8,10950	46
8,11017	45
8,11083	45
8,11150	45
8,11217	44
8,11283	44
8,11350	44
8,11417	44
8,11483	44
8,11550	43
8,11617	43
8,11683	43
8,11750	43
8,11817	42
8,11883	42
8,11950	42
8,12017	42
8,12083	42
8,12150	42
8,12217	41
8,12283	41
8,12350	40
8,12417	40
8,12483	40
8,12550	39
8,12617	39
8,12683	39
8,12750	39
8,12817	39
8,12883	39
8,12950	39
8,13017	39
8,13083	39
8,13150	39
8,13217	39
8,13283	39
8,13350	39
8,13417	39
8,13483	39
8,13550	39
8,13617	39
8,13683	40
8,13750	40
8,13817	40
8,13883	40
8,13950	39
8,14017	39
8,14083	39
8,14150	39
8,14217	39
8,14283	39
8,14350	39
8,14417	40
8,14483	40
8,14550	39
8,14617	39
8,14683	39
8,14750	39
8,14817	39
8,14883	39
8,14950	39
8,15017	39
8,15083	39
8,15150	38
8,15217	38
8,15283	38
8,15350	38
8,15417	38
8,15483	38
8,15550	38
8,15617	37
8,15683	37
8,15750	37
8,15817	37
8,15883	36
8,15950	36
8,16017	36
8,16083	35
8,16150	35
8,16217	35
8,16283	35
8,16350	34
8,16417	34
8,16483	34
8,16550	34
8,16617	33
8,16683	33
8,16750	33
8,16817	33
8,16883	33
8,16950	32
8,17017	32
8,17083	32
8,17150	32
8,17217	32
8,17283	32
8,17350	32
8,17417	32
8,17483	32
8,17550	32
8,17617	32
8,17683	32
8,17750	32
8,17817	32
8,17883	32
8,17950	31
8,18017	31
8,18083	31
8,18150	31
8,18217	31
8,18283	31
8,18350	31
8,18417	31
8,18483	31
8,18550	31
8,18617	31
8,18683	31
8,18750	31
8,18817	31
8,18883	30
8,18950	30
8,19017	30
8,19083	30
8,19150	31
8,19217	31
8,19283	31
8,19350	31
8,19417	31
8,19483	31
8,19550	31
8,19617	31
8,19683	31
8,19750	30
8,19817	30
8,19883	30
8,19950	30
8,20017	29
8,20083	29
8,20150	29
8,20217	29
8,20283	29
8,20350	29
8,20417	29
8,20483	29
8,20550	29
8,20617	29
8,20683	29
8,20750	29
8,20817	29
8,20883	28
8,20950	28
8,21017	28
8,21083	28
8,21150	28
8,21217	28
8,21283	28
8,21350	28
8,21417	28
8,21483	28
8,21550	28
8,21617	28
8,21683	28
8,21750	28
8,21817	28
8,21883	28
8,21950	28
8,22017	27
8,22083	27
8,22150	27
8,22217	26
8,22283	26
8,22350	26
8,22417	25
8,22483	25
8,22550	25
8,22617	25
8,22683	25
8,22750	25
8,22817	25
8,22883	25
8,22950	25
8,23017	25
8,23083	24
8,23150	24
8,23217	24
8,23283	24
8,23350	24
8,23417	24
8,23483	24
8,23550	24
8,23617	24
8,23683	24
8,23750	24
8,23817	24
8,23883	24
8,23950	24
8,24017	24
8,24083	24
8,24150	24
8,24217	24
8,24283	24
8,24350	24
8,24417	24
8,24483	24
8,24550	24
8,24617	24
8,24683	24
8,24750	24
8,24817	24
8,24883	24
8,24950	24
8,25017	24
8,25083	24
8,25150	24
8,25217	24
8,25283	24
8,25350	23
8,25417	23
8,25483	23
8,25550	23
8,25617	23
8,25683	23
8,25750	23
8,25817	23
8,25883	23
8,25950	23
8,26017	23
8,26083	23
8,26150	23
8,26217	23
8,26283	23
8,26350	22
8,26417	22
8,26483	22
8,26550	21
8,26617	21
8,26683	21
8,26750	21
8,26817	21
8,26883	21
8,26950	21
8,27017	21
8,27083	21
8,27150	21
8,27217	22
8,27283	22
8,27350	22
8,27417	22
8,27483	22
8,27550	22
8,27617	22
8,27683	22
8,27750	22
8,27817	22
8,27883	22
8,27950	22
8,28017	22
8,28083	22
8,28150	22
8,28217	22
8,28283	22
8,28350	22
8,28417	22
8,28483	22
8,28550	21
8,28617	21
8,28683	21
8,28750	21
8,28817	21
8,28883	21
8,28950	20
8,29017	20
8,29083	20
8,29150	20
8,29217	20
8,29283	20
8,29350	20
8,29417	21
8,29483	21
8,29550	21
8,29617	22
8,29683	23
8,29750	23
8,29817	24
8,29883	24
8,29950	25
8,30017	25
8,30083	26
8,30150	27
8,30217	28
8,30283	29
8,30350	30
8,30417	31
8,30483	32
8,30550	33
8,30617	34
8,30683	35
8,30750	35
8,30817	36
8,30883	37
8,30950	38
8,31017	39
8,31083	39
8,31150	40
8,31217	41
8,31283	42
8,31350	43
8,31417	44
8,31483	45
8,31550	46
8,31617	46
8,31683	46
8,31750	47
8,31817	47
8,31883	47
8,31950	47
8,32017	47
8,32083	47
8,32150	47
8,32217	47
8,32283	47
8,32350	47
8,32417	47
8,32483	47
8,32550	47
8,32617	47
8,32683	47
8,32750	47
8,32817	47
8,32883	46
8,32950	46
8,33017	46
8,33083	45
8,33150	45
8,33217	45
8,33283	45
8,33350	45
8,33417	45
8,33483	45
8,33550	45
8,33617	44
8,33683	44
8,33750	44
8,33817	44
8,33883	43
8,33950	43
8,34017	43
8,34083	43
8,34150	43
8,34217	43
8,34283	43
8,34350	43
8,34417	43
8,34483	43
8,34550	43
8,34617	43
8,34683	43
8,34750	43
8,34817	44
8,34883	44
8,34950	44
8,35017	44
8,35083	45
8,35150	45
8,35217	45
8,35283	45
8,35350	45
8,35417	46
8,35483	46
8,35550	46
8,35617	46
8,35683	46
8,35750	46
8,35817	46
8,35883	46
8,35950	46
8,36017	46
8,36083	45
8,36150	45
8,36217	44
8,36283	44
8,36350	43
8,36417	43
8,36483	42
8,36550	42
8,36617	42
8,36683	41
8,36750	40
8,36817	40
8,36883	39
8,36950	39
8,37017	38
8,37083	38
8,37150	37
8,37217	36
8,37283	36
8,37350	35
8,37417	34
8,37483	33
8,37550	33
8,37617	32
8,37683	32
8,37750	31
8,37817	31
8,37883	30
8,37950	30
8,38017	29
8,38083	29
8,38150	28
8,38217	28
8,38283	28
8,38350	27
8,38417	27
8,38483	27
8,38550	27
8,38617	27
8,38683	27
8,38750	27
8,38817	27
8,38883	27
8,38950	27
8,39017	26
8,39083	26
8,39150	26
8,39217	25
8,39283	25
8,39350	25
8,39417	24
8,39483	24
8,39550	23
8,39617	23
8,39683	22
8,39750	22
8,39817	22
8,39883	22
8,39950	22
8,40017	22
8,40083	22
8,40150	22
8,40217	21
8,40283	21
8,40350	21
8,40417	21
8,40483	21
8,40550	20
8,40617	20
8,40683	20
8,40750	20
8,40817	20
8,40883	20
8,40950	20
8,41017	20
8,41083	20
8,41150	20
8,41217	20
8,41283	20
8,41350	20
8,41417	20
8,41483	20
8,41550	20
8,41617	20
8,41683	20
8,41750	20
8,41817	20
8,41883	20
8,41950	20
8,42017	20
8,42083	20
8,42150	19
8,42217	19
8,42283	19
8,42350	19
8,42417	19
8,42483	19
8,42550	18
8,42617	18
8,42683	18
8,42750	18
8,42817	18
8,42883	18
8,42950	18
8,43017	18
8,43083	18
8,43150	18
8,43217	18
8,43283	18
8,43350	19
8,43417	18
8,43483	18
8,43550	18
8,43617	18
8,43683	18
8,43750	18
8,43817	18
8,43883	18
8,43950	18
8,44017	18
8,44083	18
8,44150	18
8,44217	18
8,44283	18
8,44350	18
8,44417	18
8,44483	17
8,44550	17
8,44617	17
8,44683	17
8,44750	17
8,44817	16
8,44883	16
8,44950	16
8,45017	16
8,45083	16
8,45150	16
8,45217	16
8,45283	16
8,45350	16
8,45417	16
8,45483	16
8,45550	15
8,45617	15
8,45683	15
8,45750	15
8,45817	15
8,45883	15
8,45950	15
8,46017	14
8,46083	15
8,46150	15
8,46217	15
8,46283	15
8,46350	15
8,46417	15
8,46483	15
8,46550	15
8,46617	15
8,46683	15
8,46750	15
8,46817	15
8,46883	15
8,46950	15
8,47017	15
8,47083	15
8,47150	15
8,47217	15
8,47283	15
8,47350	15
8,47417	15
8,47483	15
8,47550	15
8,47617	15
8,47683	16
8,47750	16
8,47817	16
8,47883	16
8,47950	16
8,48017	16
8,48083	17
8,48150	17
8,48217	17
8,48283	17
8,48350	17
8,48417	17
8,48483	17
8,48550	17
8,48617	16
8,48683	16
8,48750	16
8,48817	15
8,48883	15
8,48950	15
8,49017	15
8,49083	14
8,49150	14
8,49217	13
8,49283	13
8,49350	13
8,49417	13
8,49483	12
8,49550	12
8,49617	11
8,49683	11
8,49750	11
8,49817	10
8,49883	10
8,49950	9
8,50017	9
8,50083	8
8,50150	8
8,50217	8
8,50283	8
8,50350	8
8,50417	8
8,50483	9
8,50550	9
8,50617	9
8,50683	9
8,50750	10
8,50817	10
8,50883	10
8,50950	10
8,51017	10
8,51083	10
8,51150	10
8,51217	10
8,51283	10
8,51350	10
8,51417	11
8,51483	11
8,51550	11
8,51617	12
8,51683	12
8,51750	12
8,51817	12
8,51883	13
8,51950	13
8,52017	13
8,52083	13
8,52150	13
8,52217	13
8,52283	14
8,52350	14
8,52417	14
8,52483	14
8,52550	14
8,52617	14
8,52683	14
8,52750	14
8,52817	14
8,52883	14
8,52950	14
8,53017	14
8,53083	13
8,53150	13
8,53217	13
8,53283	13
8,53350	13
8,53417	13
8,53483	13
8,53550	13
8,53617	13
8,53683	13
8,53750	13
8,53817	13
8,53883	13
8,53950	13
8,54017	13
8,54083	13
8,54150	12
8,54217	12
8,54283	12
8,54350	12
8,54417	12
8,54483	11
8,54550	11
8,54617	11
8,54683	11
8,54750	11
8,54817	11
8,54883	10
8,54950	10
8,55017	10
8,55083	9
8,55150	9
8,55217	8
8,55283	8
8,55350	7
8,55417	7
8,55483	7
8,55550	7
8,55617	7
8,55683	7
8,55750	7
8,55817	7
8,55883	7
8,55950	7
8,56017	7
8,56083	7
8,56150	7
8,56217	7
8,56283	8
8,56350	8
8,56417	8
8,56483	8
8,56550	8
8,56617	8
8,56683	8
8,56750	8
8,56817	8
8,56883	8
8,56950	9
8,57017	9
8,57083	9
8,57150	10
8,57217	10
8,57283	10
8,57350	10
8,57417	10
8,57483	10
8,57550	10
8,57617	10
8,57683	11
8,57750	11
8,57817	11
8,57883	11
8,57950	11
8,58017	11
8,58083	11
8,58150	11
8,58217	11
8,58283	12
8,58350	12
8,58417	12
8,58483	12
8,58550	12
8,58617	12
8,58683	12
8,58750	11
8,58817	11
8,58883	11
8,58950	12
8,59017	12
8,59083	12
8,59150	12
8,59217	12
8,59283	12
8,59350	12
8,59417	12
8,59483	12
8,59550	11
8,59617	11
8,59683	11
8,59750	11
8,59817	11
8,59883	11
8,59950	11
8,60017	11
8,60083	11
8,60150	11
8,60217	11
8,60283	11
8,60350	11
8,60417	11
8,60483	11
8,60550	11
8,60617	11
8,60683	11
8,60750	11
8,60817	11
8,60883	11
8,60950	11
8,61017	11
8,61083	12
8,61150	12
8,61217	12
8,61283	12
8,61350	12
8,61417	12
8,61483	13
8,61550	13
8,61617	13
8,61683	13
8,61750	13
8,61817	13
8,61883	13
8,61950	12
8,62017	12
8,62083	12
8,62150	12
8,62217	12
8,62283	12
8,62350	12
8,62417	12
8,62483	12
8,62550	12
8,62617	12
8,62683	12
8,62750	12
8,62817	12
8,62883	12
8,62950	12
8,63017	12
8,63083	12
8,63150	12
8,63217	12
8,63283	12
8,63350	12
8,63417	12
8,63483	12
8,63550	12
8,63617	13
8,63683	13
8,63750	13
8,63817	12
8,63883	12
8,63950	13
8,64017	13
8,64083	13
8,64150	13
8,64217	13
8,64283	13
8,64350	13
8,64417	13
8,64483	13
8,64550	13
8,64617	13
8,64683	13
8,64750	13
8,64817	13
8,64883	13
8,64950	13
8,65017	13
8,65083	13
8,65150	13
8,65217	14
8,65283	14
8,65350	14
8,65417	14
8,65483	14
8,65550	14
8,65617	14
8,65683	15
8,65750	15
8,65817	15
8,65883	15
8,65950	15
8,66017	14
8,66083	14
8,66150	14
8,66217	14
8,66283	14
8,66350	14
8,66417	15
8,66483	15
8,66550	15
8,66617	15
8,66683	15
8,66750	15
8,66817	15
8,66883	15
8,66950	15
8,67017	14
8,67083	14
8,67150	14
8,67217	14
8,67283	14
8,67350	14
8,67417	14
8,67483	14
8,67550	14
8,67617	14
8,67683	14
8,67750	14
8,67817	14
8,67883	14
8,67950	14
8,68017	13
8,68083	13
8,68150	13
8,68217	13
8,68283	12
8,68350	12
8,68417	12
8,68483	11
8,68550	11
8,68617	11
8,68683	11
8,68750	11
8,68817	11
8,68883	11
8,68950	12
8,69017	12
8,69083	12
8,69150	12
8,69217	12
8,69283	11
8,69350	11
8,69417	11
8,69483	11
8,69550	11
8,69617	11
8,69683	11
8,69750	11
8,69817	11
8,69883	11
8,69950	11
8,70017	11
8,70083	11
8,70150	11
8,70217	11
8,70283	11
8,70350	11
8,70417	11
8,70483	11
8,70550	11
8,70617	11
8,70683	11
8,70750	10
8,70817	10
8,70883	10
8,70950	10
8,71017	10
8,71083	10
8,71150	10
8,71217	10
8,71283	10
8,71350	10
8,71417	10
8,71483	10
8,71550	10
8,71617	11
8,71683	11
8,71750	11
8,71817	12
8,71883	12
8,71950	13
8,72017	13
8,72083	14
8,72150	14
8,72217	14
8,72283	14
8,72350	14
8,72417	14
8,72483	14
8,72550	14
8,72617	14
8,72683	14
8,72750	14
8,72817	14
8,72883	14
8,72950	14
8,73017	14
8,73083	14
8,73150	13
8,73217	13
8,73283	13
8,73350	13
8,73417	13
8,73483	13
8,73550	13
8,73617	13
8,73683	13
8,73750	12
8,73817	13
8,73883	13
8,73950	13
8,74017	13
8,74083	13
8,74150	13
8,74217	13
8,74283	13
8,74350	13
8,74417	13
8,74483	13
8,74550	13
8,74617	13
8,74683	13
8,74750	13
8,74817	14
8,74883	14
8,74950	14
8,75017	14
8,75083	14
8,75150	14
8,75217	14
8,75283	14
8,75350	15
8,75417	15
8,75483	15
8,75550	15
8,75617	15
8,75683	15
8,75750	14
8,75817	14
8,75883	14
8,75950	14
8,76017	14
8,76083	14
8,76150	13
8,76217	13
8,76283	13
8,76350	12
8,76417	12
8,76483	12
8,76550	12
8,76617	12
8,76683	12
8,76750	12
8,76817	12
8,76883	12
8,76950	12
8,77017	12
8,77083	12
8,77150	13
8,77217	13
8,77283	13
8,77350	12
8,77417	12
8,77483	12
8,77550	12
8,77617	12
8,77683	12
8,77750	12
8,77817	12
8,77883	12
8,77950	12
8,78017	12
8,78083	12
8,78150	12
8,78217	12
8,78283	12
8,78350	12
8,78417	12
8,78483	12
8,78550	12
8,78617	11
8,78683	11
8,78750	11
8,78817	11
8,78883	11
8,78950	11
8,79017	11
8,79083	11
8,79150	11
8,79217	11
8,79283	11
8,79350	11
8,79417	11
8,79483	11
8,79550	11
8,79617	11
8,79683	11
8,79750	11
8,79817	11
8,79883	11
8,79950	11
8,80017	11
8,80083	11
8,80150	11
8,80217	12
8,80283	12
8,80350	12
8,80417	12
8,80483	12
8,80550	12
8,80617	12
8,80683	12
8,80750	12
8,80817	12
8,80883	12
8,80950	12
8,81017	12
8,81083	12
8,81150	12
8,81217	12
8,81283	12
8,81350	12
8,81417	12
8,81483	12
8,81550	12
8,81617	12
8,81683	12
8,81750	12
8,81817	11
8,81883	11
8,81950	11
8,82017	11
8,82083	11
8,82150	11
8,82217	11
8,82283	11
8,82350	11
8,82417	11
8,82483	12
8,82550	12
8,82617	12
8,82683	12
8,82750	12
8,82817	12
8,82883	12
8,82950	12
8,83017	12
8,83083	12
8,83150	12
8,83217	12
8,83283	12
8,83350	12
8,83417	12
8,83483	12
8,83550	12
8,83617	12
8,83683	12
8,83750	12
8,83817	11
8,83883	11
8,83950	11
8,84017	11
8,84083	11
8,84150	11
8,84217	11
8,84283	10
8,84350	10
8,84417	10
8,84483	10
8,84550	10
8,84617	10
8,84683	11
8,84750	11
8,84817	11
8,84883	11
8,84950	11
8,85017	11
8,85083	12
8,85150	12
8,85217	12
8,85283	13
8,85350	13
8,85417	13
8,85483	13
8,85550	14
8,85617	14
8,85683	14
8,85750	14
8,85817	15
8,85883	15
8,85950	15
8,86017	15
8,86083	15
8,86150	15
8,86217	15
8,86283	15
8,86350	16
8,86417	16
8,86483	16
8,86550	16
8,86617	17
8,86683	17
8,86750	17
8,86817	17
8,86883	17
8,86950	17
8,87017	17
8,87083	17
8,87150	17
8,87217	17
8,87283	18
8,87350	18
8,87417	18
8,87483	18
8,87550	18
8,87617	18
8,87683	18
8,87750	18
8,87817	18
8,87883	18
8,87950	18
8,88017	18
8,88083	18
8,88150	18
8,88217	18
8,88283	18
8,88350	18
8,88417	17
8,88483	17
8,88550	17
8,88617	17
8,88683	18
8,88750	18
8,88817	18
8,88883	18
8,88950	19
8,89017	19
8,89083	19
8,89150	19
8,89217	19
8,89283	19
8,89350	19
8,89417	19
8,89483	19
8,89550	19
8,89617	19
8,89683	19
8,89750	19
8,89817	19
8,89883	19
8,89950	19
8,90017	19
8,90083	19
8,90150	18
8,90217	18
8,90283	18
8,90350	18
8,90417	18
8,90483	17
8,90550	17
8,90617	17
8,90683	17
8,90750	17
8,90817	18
8,90883	18
8,90950	18
8,91017	19
8,91083	19
8,91150	19
8,91217	20
8,91283	20
8,91350	20
8,91417	20
8,91483	20
8,91550	20
8,91617	20
8,91683	20
8,91750	20
8,91817	20
8,91883	20
8,91950	20
8,92017	19
8,92083	19
8,92150	19
8,92217	19
8,92283	19
8,92350	19
8,92417	19
8,92483	19
8,92550	19
8,92617	20
8,92683	20
8,92750	20
8,92817	20
8,92883	20
8,92950	21
8,93017	21
8,93083	21
8,93150	21
8,93217	21
8,93283	21
8,93350	22
8,93417	22
8,93483	22
8,93550	22
8,93617	22
8,93683	22
8,93750	22
8,93817	22
8,93883	22
8,93950	22
8,94017	22
8,94083	22
8,94150	21
8,94217	21
8,94283	21
8,94350	20
8,94417	20
8,94483	19
8,94550	19
8,94617	19
8,94683	18
8,94750	18
8,94817	17
8,94883	17
8,94950	17
8,95017	17
8,95083	17
8,95150	17
8,95217	17
8,95283	17
8,95350	17
8,95417	17
8,95483	17
8,95550	16
8,95617	16
8,95683	16
8,95750	15
8,95817	15
8,95883	14
8,95950	14
8,96017	13
8,96083	13
8,96150	13
8,96217	13
8,96283	12
8,96350	12
8,96417	12
8,96483	12
8,96550	12
8,96617	13
8,96683	13
8,96750	13
8,96817	13
8,96883	13
8,96950	13
8,97017	13
8,97083	13
8,97150	13
8,97217	13
8,97283	13
8,97350	13
8,97417	13
8,97483	13
8,97550	13
8,97617	14
8,97683	14
8,97750	14
8,97817	14
8,97883	14
8,97950	14
8,98017	14
8,98083	14
8,98150	14
8,98217	14
8,98283	14
8,98350	14
8,98417	14
8,98483	14
8,98550	14
8,98617	14
8,98683	14
8,98750	14
8,98817	15
8,98883	14
8,98950	14
8,99017	14
8,99083	14
8,99150	13
8,99217	13
8,99283	13
8,99350	13
8,99417	13
8,99483	13
8,99550	13
8,99617	13
8,99683	13
8,99750	12
8,99817	12
8,99883	12
8,99950	12
9,00017	12
9,00083	12
9,00150	12
9,00217	11
9,00283	11
9,00350	11
9,00417	10
9,00483	10
9,00550	10
9,00617	10
9,00683	10
9,00750	10
9,00817	10
9,00883	10
9,00950	10
9,01017	10
9,01083	11
9,01150	11
9,01217	11
9,01283	11
9,01350	11
9,01417	11
9,01483	11
9,01550	11
9,01617	10
9,01683	10
9,01750	10
9,01817	10
9,01883	10
9,01950	10
9,02017	10
9,02083	10
9,02150	10
9,02217	10
9,02283	10
9,02350	10
9,02417	10
9,02483	10
9,02550	10
9,02617	10
9,02683	10
9,02750	10
9,02817	10
9,02883	10
9,02950	9
9,03017	9
9,03083	9
9,03150	9
9,03217	9
9,03283	9
9,03350	9
9,03417	9
9,03483	9
9,03550	9
9,03617	9
9,03683	9
9,03750	8
9,03817	8
9,03883	8
9,03950	8
9,04017	8
9,04083	8
9,04150	8
9,04217	7
9,04283	7
9,04350	7
9,04417	7
9,04483	7
9,04550	7
9,04617	7
9,04683	7
9,04750	8
9,04817	8
9,04883	9
9,04950	9
9,05017	9
9,05083	9
9,05150	9
9,05217	9
9,05283	9
9,05350	9
9,05417	9
9,05483	10
9,05550	10
9,05617	10
9,05683	10
9,05750	10
9,05817	9
9,05883	9
9,05950	9
9,06017	9
9,06083	9
9,06150	9
9,06217	9
9,06283	9
9,06350	9
9,06417	8
9,06483	8
9,06550	8
9,06617	8
9,06683	7
9,06750	7
9,06817	7
9,06883	7
9,06950	8
9,07017	8
9,07083	8
9,07150	8
9,07217	9
9,07283	9
9,07350	9
9,07417	9
9,07483	9
9,07550	9
9,07617	9
9,07683	9
9,07750	9
9,07817	9
9,07883	9
9,07950	10
9,08017	10
9,08083	10
9,08150	11
9,08217	11
9,08283	11
9,08350	12
9,08417	13
9,08483	13
9,08550	13
9,08617	14
9,08683	14
9,08750	14
9,08817	14
9,08883	14
9,08950	14
9,09017	14
9,09083	13
9,09150	13
9,09217	13
9,09283	13
9,09350	13
9,09417	13
9,09483	13
9,09550	12
9,09617	12
9,09683	12
9,09750	12
9,09817	12
9,09883	12
9,09950	11
9,10017	11
9,10083	11
9,10150	11
9,10217	11
9,10283	10
9,10350	10
9,10417	10
9,10483	10
9,10550	10
9,10617	10
9,10683	10
9,10750	10
9,10817	10
9,10883	10
9,10950	9
9,11017	9
9,11083	9
9,11150	9
9,11217	9
9,11283	9
9,11350	9
9,11417	9
9,11483	9
9,11550	9
9,11617	8
9,11683	8
9,11750	8
9,11817	8
9,11883	8
9,11950	8
9,12017	8
9,12083	8
9,12150	8
9,12217	8
9,12283	8
9,12350	9
9,12417	9
9,12483	9
9,12550	9
9,12617	10
9,12683	10
9,12750	10
9,12817	10
9,12883	10
9,12950	10
9,13017	10
9,13083	10
9,13150	10
9,13217	10
9,13283	10
9,13350	10
9,13417	10
9,13483	11
9,13550	11
9,13617	11
9,13683	11
9,13750	11
9,13817	11
9,13883	11
9,13950	11
9,14017	11
9,14083	11
9,14150	11
9,14217	11
9,14283	11
9,14350	11
9,14417	11
9,14483	11
9,14550	11
9,14617	11
9,14683	11
9,14750	11
9,14817	11
9,14883	11
9,14950	11
9,15017	12
9,15083	12
9,15150	12
9,15217	13
9,15283	13
9,15350	13
9,15417	13
9,15483	14
9,15550	14
9,15617	14
9,15683	14
9,15750	14
9,15817	14
9,15883	14
9,15950	14
9,16017	15
9,16083	15
9,16150	15
9,16217	15
9,16283	15
9,16350	15
9,16417	15
9,16483	15
9,16550	15
9,16617	15
9,16683	14
9,16750	14
9,16817	14
9,16883	14
9,16950	14
9,17017	14
9,17083	14
9,17150	14
9,17217	14
9,17283	14
9,17350	14
9,17417	14
9,17483	14
9,17550	14
9,17617	14
9,17683	15
9,17750	15
9,17817	15
9,17883	15
9,17950	15
9,18017	15
9,18083	14
9,18150	14
9,18217	14
9,18283	14
9,18350	14
9,18417	14
9,18483	14
9,18550	14
9,18617	14
9,18683	14
9,18750	14
9,18817	14
9,18883	14
9,18950	14
9,19017	14
9,19083	14
9,19150	14
9,19217	14
9,19283	14
9,19350	14
9,19417	14
9,19483	14
9,19550	14
9,19617	13
9,19683	13
9,19750	13
9,19817	13
9,19883	13
9,19950	13
9,20017	13
9,20083	13
9,20150	13
9,20217	13
9,20283	13
9,20350	13
9,20417	13
9,20483	13
9,20550	13
9,20617	13
9,20683	13
9,20750	13
9,20817	13
9,20883	13
9,20950	13
9,21017	13
9,21083	13
9,21150	13
9,21217	13
9,21283	13
9,21350	13
9,21417	13
9,21483	13
9,21550	13
9,21617	13
9,21683	13
9,21750	13
9,21817	13
9,21883	13
9,21950	13
9,22017	13
9,22083	13
9,22150	13
9,22217	13
9,22283	13
9,22350	13
9,22417	13
9,22483	13
9,22550	13
9,22617	13
9,22683	13
9,22750	13
9,22817	13
9,22883	13
9,22950	13
9,23017	13
9,23083	13
9,23150	12
9,23217	12
9,23283	12
9,23350	12
9,23417	12
9,23483	11
9,23550	11
9,23617	11
9,23683	11
9,23750	11
9,23817	11
9,23883	11
9,23950	11
9,24017	12
9,24083	12
9,24150	12
9,24217	12
9,24283	12
9,24350	13
9,24417	13
9,24483	13
9,24550	12
9,24617	12
9,24683	12
9,24750	12
9,24817	12
9,24883	12
9,24950	12
9,25017	12
9,25083	12
9,25150	12
9,25217	12
9,25283	12
9,25350	12
9,25417	13
9,25483	13
9,25550	13
9,25617	13
9,25683	13
9,25750	13
9,25817	13
9,25883	14
9,25950	14
9,26017	14
9,26083	14
9,26150	14
9,26217	14
9,26283	14
9,26350	14
9,26417	14
9,26483	14
9,26550	13
9,26617	13
9,26683	12
9,26750	12
9,26817	12
9,26883	11
9,26950	11
9,27017	11
9,27083	11
9,27150	11
9,27217	11
9,27283	11
9,27350	11
9,27417	11
9,27483	10
9,27550	10
9,27617	11
9,27683	11
9,27750	11
9,27817	11
9,27883	10
9,27950	10
9,28017	10
9,28083	10
9,28150	10
9,28217	10
9,28283	10
9,28350	10
9,28417	10
9,28483	10
9,28550	10
9,28617	10
9,28683	10
9,28750	10
9,28817	10
9,28883	10
9,28950	10
9,29017	10
9,29083	10
9,29150	10
9,29217	10
9,29283	10
9,29350	10
9,29417	10
9,29483	10
9,29550	10
9,29617	10
9,29683	10
9,29750	10
9,29817	11
9,29883	11
9,29950	11
9,30017	11
9,30083	11
9,30150	11
9,30217	11
9,30283	12
9,30350	12
9,30417	12
9,30483	12
9,30550	12
9,30617	12
9,30683	12
9,30750	12
9,30817	11
9,30883	11
9,30950	10
9,31017	10
9,31083	10
9,31150	10
9,31217	9
9,31283	9
9,31350	9
9,31417	9
9,31483	9
9,31550	9
9,31617	8
9,31683	8
9,31750	8
9,31817	8
9,31883	8
9,31950	8
9,32017	8
9,32083	8
9,32150	8
9,32217	8
9,32283	8
9,32350	8
9,32417	7
9,32483	7
9,32550	7
9,32617	7
9,32683	7
9,32750	8
9,32817	8
9,32883	8
9,32950	8
9,33017	8
9,33083	9
9,33150	9
9,33217	9
9,33283	9
9,33350	9
9,33417	9
9,33483	9
9,33550	10
9,33617	10
9,33683	10
9,33750	11
9,33817	11
9,33883	11
9,33950	11
9,34017	11
9,34083	11
9,34150	12
9,34217	12
9,34283	12
9,34350	12
9,34417	12
9,34483	12
9,34550	12
9,34617	13
9,34683	13
9,34750	13
9,34817	13
9,34883	13
9,34950	13
9,35017	13
9,35083	13
9,35150	13
9,35217	13
9,35283	13
9,35350	13
9,35417	13
9,35483	13
9,35550	14
9,35617	14
9,35683	14
9,35750	14
9,35817	14
9,35883	15
9,35950	15
9,36017	15
9,36083	15
9,36150	15
9,36217	15
9,36283	15
9,36350	15
9,36417	15
9,36483	15
9,36550	15
9,36617	15
9,36683	15
9,36750	14
9,36817	14
9,36883	14
9,36950	14
9,37017	14
9,37083	14
9,37150	14
9,37217	14
9,37283	14
9,37350	14
9,37417	14
9,37483	14
9,37550	14
9,37617	14
9,37683	14
9,37750	14
9,37817	14
9,37883	14
9,37950	14
9,38017	15
9,38083	15
9,38150	15
9,38217	15
9,38283	15
9,38350	15
9,38417	16
9,38483	16
9,38550	16
9,38617	16
9,38683	16
9,38750	16
9,38817	16
9,38883	16
9,38950	16
9,39017	16
9,39083	16
9,39150	16
9,39217	16
9,39283	15
9,39350	15
9,39417	15
9,39483	15
9,39550	15
9,39617	15
9,39683	15
9,39750	15
9,39817	16
9,39883	16
9,39950	16
9,40017	16
9,40083	16
9,40150	17
9,40217	17
9,40283	17
9,40350	17
9,40417	17
9,40483	17
9,40550	17
9,40617	17
9,40683	17
9,40750	17
9,40817	17
9,40883	18
9,40950	18
9,41017	18
9,41083	19
9,41150	19
9,41217	20
9,41283	20
9,41350	20
9,41417	21
9,41483	21
9,41550	21
9,41617	21
9,41683	21
9,41750	21
9,41817	21
9,41883	21
9,41950	21
9,42017	22
9,42083	22
9,42150	22
9,42217	23
9,42283	23
9,42350	23
9,42417	24
9,42483	24
9,42550	25
9,42617	25
9,42683	25
9,42750	26
9,42817	26
9,42883	26
9,42950	27
9,43017	27
9,43083	27
9,43150	27
9,43217	27
9,43283	27
9,43350	27
9,43417	27
9,43483	27
9,43550	26
9,43617	26
9,43683	26
9,43750	25
9,43817	25
9,43883	25
9,43950	25
9,44017	24
9,44083	24
9,44150	24
9,44217	24
9,44283	23
9,44350	23
9,44417	23
9,44483	22
9,44550	22
9,44617	22
9,44683	22
9,44750	22
9,44817	22
9,44883	22
9,44950	22
9,45017	21
9,45083	21
9,45150	21
9,45217	21
9,45283	21
9,45350	21
9,45417	21
9,45483	21
9,45550	21
9,45617	21
9,45683	21
9,45750	21
9,45817	21
9,45883	21
9,45950	21
9,46017	22
9,46083	22
9,46150	22
9,46217	22
9,46283	22
9,46350	22
9,46417	22
9,46483	22
9,46550	22
9,46617	22
9,46683	21
9,46750	21
9,46817	21
9,46883	21
9,46950	20
9,47017	20
9,47083	20
9,47150	20
9,47217	20
9,47283	21
9,47350	21
9,47417	22
9,47483	22
9,47550	23
9,47617	23
9,47683	24
9,47750	24
9,47817	24
9,47883	25
9,47950	25
9,48017	25
9,48083	25
9,48150	25
9,48217	25
9,48283	25
9,48350	25
9,48417	25
9,48483	25
9,48550	24
9,48617	24
9,48683	24
9,48750	24
9,48817	24
9,48883	24
9,48950	24
9,49017	24
9,49083	24
9,49150	24
9,49217	24
9,49283	24
9,49350	24
9,49417	24
9,49483	24
9,49550	24
9,49617	24
9,49683	25
9,49750	25
9,49817	25
9,49883	26
9,49950	26
9,50017	26
9,50083	26
9,50150	26
9,50217	26
9,50283	26
9,50350	26
9,50417	26
9,50483	27
9,50550	27
9,50617	27
9,50683	27
9,50750	28
9,50817	28
9,50883	28
9,50950	28
9,51017	29
9,51083	29
9,51150	29
9,51217	29
9,51283	28
9,51350	28
9,51417	28
9,51483	28
9,51550	27
9,51617	27
9,51683	27
9,51750	27
9,51817	26
9,51883	26
9,51950	25
9,52017	25
9,52083	25
9,52150	24
9,52217	24
9,52283	23
9,52350	23
9,52417	23
9,52483	22
9,52550	22
9,52617	22
9,52683	22
9,52750	22
9,52817	22
9,52883	22
9,52950	22
9,53017	22
9,53083	23
9,53150	23
9,53217	23
9,53283	23
9,53350	23
9,53417	23
9,53483	24
9,53550	24
9,53617	24
9,53683	24
9,53750	24
9,53817	24
9,53883	24
9,53950	24
9,54017	24
9,54083	24
9,54150	23
9,54217	23
9,54283	23
9,54350	23
9,54417	23
9,54483	23
9,54550	23
9,54617	23
9,54683	22
9,54750	22
9,54817	22
9,54883	23
9,54950	23
9,55017	23
9,55083	23
9,55150	24
9,55217	24
9,55283	25
9,55350	25
9,55417	26
9,55483	26
9,55550	26
9,55617	27
9,55683	27
9,55750	27
9,55817	27
9,55883	27
9,55950	27
9,56017	27
9,56083	27
9,56150	27
9,56217	27
9,56283	27
9,56350	27
9,56417	27
9,56483	27
9,56550	27
9,56617	27
9,56683	27
9,56750	27
9,56817	27
9,56883	27
9,56950	28
9,57017	28
9,57083	28
9,57150	28
9,57217	29
9,57283	29
9,57350	29
9,57417	29
9,57483	30
9,57550	30
9,57617	30
9,57683	30
9,57750	30
9,57817	30
9,57883	30
9,57950	30
9,58017	30
9,58083	30
9,58150	30
9,58217	30
9,58283	30
9,58350	30
9,58417	30
9,58483	30
9,58550	31
9,58617	31
9,58683	31
9,58750	31
9,58817	31
9,58883	31
9,58950	31
9,59017	31
9,59083	31
9,59150	31
9,59217	31
9,59283	32
9,59350	32
9,59417	32
9,59483	32
9,59550	32
9,59617	33
9,59683	33
9,59750	33
9,59817	33
9,59883	32
9,59950	32
9,60017	32
9,60083	32
9,60150	32
9,60217	32
9,60283	32
9,60350	32
9,60417	32
9,60483	32
9,60550	32
9,60617	32
9,60683	32
9,60750	32
9,60817	32
9,60883	32
9,60950	32
9,61017	32
9,61083	32
9,61150	32
9,61217	31
9,61283	31
9,61350	31
9,61417	31
9,61483	30
9,61550	30
9,61617	30
9,61683	30
9,61750	29
9,61817	29
9,61883	29
9,61950	29
9,62017	29
9,62083	28
9,62150	28
9,62217	28
9,62283	27
9,62350	27
9,62417	27
9,62483	27
9,62550	26
9,62617	26
9,62683	26
9,62750	26
9,62817	26
9,62883	26
9,62950	27
9,63017	27
9,63083	27
9,63150	27
9,63217	27
9,63283	27
9,63350	27
9,63417	27
9,63483	27
9,63550	27
9,63617	27
9,63683	27
9,63750	27
9,63817	27
9,63883	26
9,63950	26
9,64017	26
9,64083	25
9,64150	25
9,64217	25
9,64283	25
9,64350	25
9,64417	25
9,64483	25
9,64550	25
9,64617	25
9,64683	26
9,64750	26
9,64817	26
9,64883	26
9,64950	25
9,65017	25
9,65083	25
9,65150	25
9,65217	24
9,65283	24
9,65350	24
9,65417	24
9,65483	24
9,65550	24
9,65617	25
9,65683	25
9,65750	25
9,65817	25
9,65883	25
9,65950	25
9,66017	25
9,66083	26
9,66150	26
9,66217	26
9,66283	25
9,66350	25
9,66417	25
9,66483	25
9,66550	25
9,66617	25
9,66683	24
9,66750	24
9,66817	24
9,66883	24
9,66950	24
9,67017	24
9,67083	24
9,67150	23
9,67217	23
9,67283	23
9,67350	23
9,67417	23
9,67483	23
9,67550	22
9,67617	22
9,67683	22
9,67750	22
9,67817	22
9,67883	22
9,67950	22
9,68017	22
9,68083	22
9,68150	22
9,68217	22
9,68283	22
9,68350	22
9,68417	22
9,68483	22
9,68550	22
9,68617	22
9,68683	22
9,68750	22
9,68817	22
9,68883	22
9,68950	22
9,69017	23
9,69083	23
9,69150	23
9,69217	24
9,69283	24
9,69350	24
9,69417	25
9,69483	25
9,69550	25
9,69617	25
9,69683	25
9,69750	26
9,69817	26
9,69883	26
9,69950	26
9,70017	27
9,70083	27
9,70150	27
9,70217	27
9,70283	27
9,70350	27
9,70417	27
9,70483	27
9,70550	27
9,70617	27
9,70683	28
9,70750	28
9,70817	28
9,70883	28
9,70950	28
9,71017	28
9,71083	29
9,71150	29
9,71217	29
9,71283	29
9,71350	29
9,71417	29
9,71483	29
9,71550	29
9,71617	29
9,71683	29
9,71750	29
9,71817	29
9,71883	29
9,71950	29
9,72017	29
9,72083	29
9,72150	29
9,72217	28
9,72283	28
9,72350	28
9,72417	28
9,72483	28
9,72550	28
9,72617	28
9,72683	28
9,72750	27
9,72817	27
9,72883	27
9,72950	27
9,73017	27
9,73083	27
9,73150	27
9,73217	27
9,73283	27
9,73350	26
9,73417	26
9,73483	26
9,73550	25
9,73617	25
9,73683	25
9,73750	24
9,73817	24
9,73883	24
9,73950	23
9,74017	23
9,74083	23
9,74150	23
9,74217	23
9,74283	23
9,74350	23
9,74417	23
9,74483	23
9,74550	24
9,74617	24
9,74683	24
9,74750	24
9,74817	24
9,74883	24
9,74950	24
9,75017	24
9,75083	24
9,75150	25
9,75217	25
9,75283	25
9,75350	25
9,75417	26
9,75483	26
9,75550	26
9,75617	26
9,75683	26
9,75750	26
9,75817	26
9,75883	26
9,75950	26
9,76017	26
9,76083	26
9,76150	27
9,76217	27
9,76283	28
9,76350	28
9,76417	29
9,76483	29
9,76550	30
9,76617	30
9,76683	31
9,76750	32
9,76817	32
9,76883	32
9,76950	33
9,77017	33
9,77083	33
9,77150	34
9,77217	34
9,77283	34
9,77350	35
9,77417	35
9,77483	35
9,77550	35
9,77617	36
9,77683	36
9,77750	36
9,77817	35
9,77883	35
9,77950	35
9,78017	35
9,78083	35
9,78150	35
9,78217	35
9,78283	35
9,78350	35
9,78417	35
9,78483	35
9,78550	35
9,78617	35
9,78683	35
9,78750	36
9,78817	36
9,78883	36
9,78950	36
9,79017	36
9,79083	36
9,79150	36
9,79217	36
9,79283	36
9,79350	36
9,79417	36
9,79483	36
9,79550	36
9,79617	36
9,79683	35
9,79750	35
9,79817	35
9,79883	34
9,79950	34
9,80017	34
9,80083	34
9,80150	33
9,80217	33
9,80283	34
9,80350	34
9,80417	34
9,80483	34
9,80550	35
9,80617	35
9,80683	35
9,80750	35
9,80817	35
9,80883	35
9,80950	35
9,81017	35
9,81083	35
9,81150	35
9,81217	35
9,81283	35
9,81350	35
9,81417	35
9,81483	34
9,81550	34
9,81617	34
9,81683	34
9,81750	34
9,81817	33
9,81883	33
9,81950	34
9,82017	34
9,82083	34
9,82150	34
9,82217	34
9,82283	34
9,82350	34
9,82417	34
9,82483	34
9,82550	34
9,82617	34
9,82683	34
9,82750	34
9,82817	34
9,82883	34
9,82950	34
9,83017	34
9,83083	34
9,83150	34
9,83217	34
9,83283	35
9,83350	35
9,83417	35
9,83483	35
9,83550	35
9,83617	34
9,83683	34
9,83750	34
9,83817	34
9,83883	34
9,83950	34
9,84017	34
9,84083	35
9,84150	35
9,84217	35
9,84283	35
9,84350	35
9,84417	35
9,84483	35
9,84550	35
9,84617	35
9,84683	35
9,84750	35
9,84817	35
9,84883	35
9,84950	35
9,85017	35
9,85083	35
9,85150	35
9,85217	35
9,85283	35
9,85350	35
9,85417	35
9,85483	35
9,85550	35
9,85617	35
9,85683	35
9,85750	35
9,85817	35
9,85883	35
9,85950	36
9,86017	36
9,86083	36
9,86150	36
9,86217	37
9,86283	37
9,86350	37
9,86417	37
9,86483	37
9,86550	37
9,86617	37
9,86683	37
9,86750	37
9,86817	37
9,86883	37
9,86950	37
9,87017	38
9,87083	38
9,87150	38
9,87217	38
9,87283	38
9,87350	38
9,87417	38
9,87483	38
9,87550	38
9,87617	38
9,87683	39
9,87750	39
9,87817	39
9,87883	39
9,87950	39
9,88017	39
9,88083	39
9,88150	40
9,88217	40
9,88283	40
9,88350	40
9,88417	39
9,88483	39
9,88550	39
9,88617	39
9,88683	39
9,88750	39
9,88817	39
9,88883	40
9,88950	40
9,89017	40
9,89083	40
9,89150	41
9,89217	41
9,89283	41
9,89350	42
9,89417	42
9,89483	42
9,89550	42
9,89617	43
9,89683	43
9,89750	43
9,89817	43
9,89883	44
9,89950	44
9,90017	44
9,90083	45
9,90150	45
9,90217	45
9,90283	46
9,90350	46
9,90417	46
9,90483	46
9,90550	46
9,90617	46
9,90683	46
9,90750	47
9,90817	47
9,90883	47
9,90950	47
9,91017	47
9,91083	47
9,91150	47
9,91217	47
9,91283	47
9,91350	48
9,91417	48
9,91483	48
9,91550	49
9,91617	49
9,91683	49
9,91750	50
9,91817	50
9,91883	50
9,91950	50
9,92017	50
9,92083	50
9,92150	49
9,92217	49
9,92283	49
9,92350	49
9,92417	49
9,92483	49
9,92550	49
9,92617	49
9,92683	48
9,92750	48
9,92817	48
9,92883	48
9,92950	48
9,93017	48
9,93083	48
9,93150	49
9,93217	49
9,93283	49
9,93350	49
9,93417	49
9,93483	49
9,93550	49
9,93617	49
9,93683	49
9,93750	49
9,93817	50
9,93883	50
9,93950	50
9,94017	50
9,94083	50
9,94150	51
9,94217	51
9,94283	51
9,94350	51
9,94417	52
9,94483	52
9,94550	52
9,94617	53
9,94683	53
9,94750	54
9,94817	54
9,94883	54
9,94950	54
9,95017	55
9,95083	55
9,95150	55
9,95217	55
9,95283	55
9,95350	55
9,95417	55
9,95483	55
9,95550	55
9,95617	55
9,95683	55
9,95750	55
9,95817	55
9,95883	55
9,95950	55
9,96017	55
9,96083	55
9,96150	55
9,96217	56
9,96283	56
9,96350	56
9,96417	56
9,96483	56
9,96550	56
9,96617	56
9,96683	56
9,96750	57
9,96817	57
9,96883	58
9,96950	58
9,97017	59
9,97083	59
9,97150	60
9,97217	60
9,97283	61
9,97350	62
9,97417	62
9,97483	63
9,97550	63
9,97617	64
9,97683	64
9,97750	65
9,97817	65
9,97883	66
9,97950	67
9,98017	67
9,98083	67
9,98150	68
9,98217	68
9,98283	68
9,98350	68
9,98417	68
9,98483	68
9,98550	68
9,98617	69
9,98683	69
9,98750	69
9,98817	69
9,98883	70
9,98950	70
9,99017	70
9,99083	70
9,99150	70
9,99217	70
9,99283	71
9,99350	71
9,99417	71
9,99483	71
9,99550	71
9,99617	71
9,99683	72
9,99750	72
9,99817	72
9,99883	72
9,99950	73
10,00017	73
10,00083	73
10,00150	74
10,00217	74
10,00283	74
10,00350	74
10,00417	74
10,00483	73
10,00550	73
10,00617	73
10,00683	74
10,00750	74
10,00817	74
10,00883	74
10,00950	74
10,01017	74
10,01083	75
10,01150	75
10,01217	75
10,01283	75
10,01350	75
10,01417	75
10,01483	75
10,01550	74
10,01617	74
10,01683	74
10,01750	74
10,01817	74
10,01883	75
10,01950	75
10,02017	75
10,02083	76
10,02150	76
10,02217	76
10,02283	76
10,02350	76
10,02417	76
10,02483	76
10,02550	77
10,02617	77
10,02683	77
10,02750	77
10,02817	77
10,02883	78
10,02950	78
10,03017	78
10,03083	78
10,03150	78
10,03217	78
10,03283	79
10,03350	79
10,03417	79
10,03483	79
10,03550	79
10,03617	79
10,03683	79
10,03750	79
10,03817	79
10,03883	79
10,03950	80
10,04017	80
10,04083	80
10,04150	80
10,04217	81
10,04283	81
10,04350	82
10,04417	82
10,04483	83
10,04550	83
10,04617	83
10,04683	84
10,04750	84
10,04817	85
10,04883	85
10,04950	86
10,05017	86
10,05083	86
10,05150	87
10,05217	87
10,05283	88
10,05350	89
10,05417	89
10,05483	90
10,05550	90
10,05617	90
10,05683	90
10,05750	90
10,05817	90
10,05883	90
10,05950	90
10,06017	90
10,06083	90
10,06150	90
10,06217	90
10,06283	90
10,06350	90
10,06417	90
10,06483	90
10,06550	90
10,06617	90
10,06683	90
10,06750	90
10,06817	90
10,06883	90
10,06950	90
10,07017	90
10,07083	90
10,07150	90
10,07217	91
10,07283	91
10,07350	91
10,07417	91
10,07483	91
10,07550	91
10,07617	91
10,07683	91
10,07750	90
10,07817	90
10,07883	90
10,07950	90
10,08017	90
10,08083	89
10,08150	89
10,08217	89
10,08283	89
10,08350	89
10,08417	89
10,08483	89
10,08550	89
10,08617	89
10,08683	89
10,08750	89
10,08817	89
10,08883	89
10,08950	89
10,09017	89
10,09083	89
10,09150	89
10,09217	90
10,09283	90
10,09350	90
10,09417	90
10,09483	90
10,09550	90
10,09617	90
10,09683	90
10,09750	90
10,09817	90
10,09883	89
10,09950	89
10,10017	89
10,10083	89
10,10150	90
10,10217	90
10,10283	90
10,10350	90
10,10417	90
10,10483	90
10,10550	90
10,10617	90
10,10683	90
10,10750	90
10,10817	90
10,10883	90
10,10950	90
10,11017	90
10,11083	91
10,11150	91
10,11217	91
10,11283	91
10,11350	92
10,11417	92
10,11483	93
10,11550	93
10,11617	93
10,11683	93
10,11750	94
10,11817	94
10,11883	94
10,11950	94
10,12017	94
10,12083	95
10,12150	95
10,12217	95
10,12283	95
10,12350	96
10,12417	96
10,12483	96
10,12550	96
10,12617	97
10,12683	97
10,12750	97
10,12817	97
10,12883	97
10,12950	97
10,13017	97
10,13083	97
10,13150	97
10,13217	96
10,13283	96
10,13350	96
10,13417	95
10,13483	95
10,13550	95
10,13617	94
10,13683	94
10,13750	94
10,13817	94
10,13883	93
10,13950	93
10,14017	92
10,14083	92
10,14150	91
10,14217	91
10,14283	90
10,14350	90
10,14417	90
10,14483	89
10,14550	89
10,14617	89
10,14683	89
10,14750	89
10,14817	88
10,14883	88
10,14950	88
10,15017	87
10,15083	87
10,15150	87
10,15217	86
10,15283	86
10,15350	85
10,15417	85
10,15483	84
10,15550	84
10,15617	84
10,15683	83
10,15750	83
10,15817	83
10,15883	83
10,15950	83
10,16017	83
10,16083	83
10,16150	83
10,16217	83
10,16283	83
10,16350	82
10,16417	82
10,16483	82
10,16550	82
10,16617	82
10,16683	81
10,16750	81
10,16817	81
10,16883	81
10,16950	81
10,17017	81
10,17083	80
10,17150	80
10,17217	80
10,17283	79
10,17350	79
10,17417	79
10,17483	78
10,17550	78
10,17617	78
10,17683	78
10,17750	78
10,17817	78
10,17883	78
10,17950	78
10,18017	78
10,18083	78
10,18150	78
10,18217	79
10,18283	79
10,18350	79
10,18417	79
10,18483	79
10,18550	79
10,18617	79
10,18683	79
10,18750	79
10,18817	78
10,18883	78
10,18950	78
10,19017	78
10,19083	78
10,19150	78
10,19217	78
10,19283	78
10,19350	78
10,19417	78
10,19483	78
10,19550	78
10,19617	78
10,19683	78
10,19750	78
10,19817	78
10,19883	78
10,19950	78
10,20017	78
10,20083	78
10,20150	78
10,20217	78
10,20283	78
10,20350	79
10,20417	79
10,20483	79
10,20550	79
10,20617	79
10,20683	79
10,20750	79
10,20817	79
10,20883	78
10,20950	78
10,21017	78
10,21083	78
10,21150	78
10,21217	78
10,21283	78
10,21350	78
10,21417	78
10,21483	78
10,21550	78
10,21617	78
10,21683	78
10,21750	78
10,21817	78
10,21883	78
10,21950	77
10,22017	77
10,22083	77
10,22150	76
10,22217	76
10,22283	76
10,22350	76
10,22417	75
10,22483	75
10,22550	75
10,22617	75
10,22683	74
10,22750	74
10,22817	74
10,22883	74
10,22950	74
10,23017	74
10,23083	74
10,23150	74
10,23217	74
10,23283	74
10,23350	74
10,23417	73
10,23483	73
10,23550	73
10,23617	73
10,23683	72
10,23750	72
10,23817	72
10,23883	71
10,23950	71
10,24017	71
10,24083	70
10,24150	70
10,24217	70
10,24283	70
10,24350	70
10,24417	71
10,24483	71
10,24550	71
10,24617	71
10,24683	70
10,24750	70
10,24817	70
10,24883	70
10,24950	70
10,25017	70
10,25083	69
10,25150	69
10,25217	69
10,25283	69
10,25350	69
10,25417	68
10,25483	68
10,25550	68
10,25617	68
10,25683	68
10,25750	68
10,25817	68
10,25883	68
10,25950	68
10,26017	68
10,26083	68
10,26150	69
10,26217	69
10,26283	69
10,26350	69
10,26417	69
10,26483	69
10,26550	69
10,26617	70
10,26683	70
10,26750	70
10,26817	70
10,26883	70
10,26950	70
10,27017	71
10,27083	71
10,27150	71
10,27217	70
10,27283	70
10,27350	70
10,27417	70
10,27483	70
10,27550	70
10,27617	70
10,27683	70
10,27750	70
10,27817	70
10,27883	70
10,27950	70
10,28017	70
10,28083	70
10,28150	70
10,28217	70
10,28283	70
10,28350	70
10,28417	70
10,28483	70
10,28550	70
10,28617	70
10,28683	70
10,28750	70
10,28817	69
10,28883	69
10,28950	69
10,29017	69
10,29083	69
10,29150	69
10,29217	68
10,29283	68
10,29350	68
10,29417	68
10,29483	68
10,29550	68
10,29617	68
10,29683	69
10,29750	69
10,29817	69
10,29883	69
10,29950	70
10,30017	70
10,30083	70
10,30150	70
10,30217	70
10,30283	70
10,30350	70
10,30417	69
10,30483	69
10,30550	69
10,30617	69
10,30683	69
10,30750	69
10,30817	69
10,30883	69
10,30950	69
10,31017	69
10,31083	69
10,31150	69
10,31217	69
10,31283	68
10,31350	68
10,31417	68
10,31483	68
10,31550	68
10,31617	68
10,31683	68
10,31750	68
10,31817	68
10,31883	68
10,31950	68
10,32017	68
10,32083	68
10,32150	68
10,32217	68
10,32283	67
10,32350	67
10,32417	66
10,32483	66
10,32550	66
10,32617	65
10,32683	65
10,32750	65
10,32817	65
10,32883	64
10,32950	64
10,33017	64
10,33083	64
10,33150	64
10,33217	63
10,33283	63
10,33350	63
10,33417	63
10,33483	63
10,33550	62
10,33617	62
10,33683	62
10,33750	62
10,33817	62
10,33883	62
10,33950	62
10,34017	61
10,34083	61
10,34150	61
10,34217	61
10,34283	61
10,34350	60
10,34417	60
10,34483	60
10,34550	59
10,34617	59
10,34683	59
10,34750	58
10,34817	58
10,34883	58
10,34950	58
10,35017	59
10,35083	59
10,35150	59
10,35217	59
10,35283	59
10,35350	59
10,35417	59
10,35483	59
10,35550	59
10,35617	59
10,35683	59
10,35750	59
10,35817	59
10,35883	59
10,35950	59
10,36017	59
10,36083	58
10,36150	58
10,36217	58
10,36283	58
10,36350	58
10,36417	58
10,36483	57
10,36550	57
10,36617	57
10,36683	57
10,36750	57
10,36817	57
10,36883	57
10,36950	57
10,37017	57
10,37083	57
10,37150	57
10,37217	56
10,37283	56
10,37350	56
10,37417	56
10,37483	57
10,37550	57
10,37617	57
10,37683	57
10,37750	57
10,37817	57
10,37883	57
10,37950	57
10,38017	57
10,38083	58
10,38150	58
10,38217	58
10,38283	59
10,38350	59
10,38417	59
10,38483	59
10,38550	60
10,38617	60
10,38683	60
10,38750	60
10,38817	60
10,38883	60
10,38950	60
10,39017	60
10,39083	60
10,39150	60
10,39217	60
10,39283	60
10,39350	60
10,39417	60
10,39483	61
10,39550	61
10,39617	61
10,39683	61
10,39750	61
10,39817	61
10,39883	62
10,39950	62
10,40017	62
10,40083	62
10,40150	62
10,40217	62
10,40283	62
10,40350	62
10,40417	62
10,40483	62
10,40550	63
10,40617	63
10,40683	63
10,40750	63
10,40817	63
10,40883	63
10,40950	63
10,41017	63
10,41083	63
10,41150	63
10,41217	63
10,41283	63
10,41350	63
10,41417	63
10,41483	63
10,41550	63
10,41617	62
10,41683	63
10,41750	62
10,41817	62
10,41883	62
10,41950	62
10,42017	62
10,42083	62
10,42150	61
10,42217	61
10,42283	61
10,42350	61
10,42417	61
10,42483	61
10,42550	61
10,42617	61
10,42683	61
10,42750	61
10,42817	61
10,42883	61
10,42950	61
10,43017	60
10,43083	60
10,43150	60
10,43217	60
10,43283	60
10,43350	60
10,43417	60
10,43483	60
10,43550	61
10,43617	61
10,43683	61
10,43750	61
10,43817	61
10,43883	61
10,43950	61
10,44017	61
10,44083	61
10,44150	61
10,44217	61
10,44283	60
10,44350	60
10,44417	60
10,44483	60
10,44550	60
10,44617	60
10,44683	60
10,44750	60
10,44817	60
10,44883	60
10,44950	60
10,45017	60
10,45083	60
10,45150	59
10,45217	59
10,45283	59
10,45350	59
10,45417	59
10,45483	59
10,45550	59
10,45617	59
10,45683	59
10,45750	60
10,45817	60
10,45883	60
10,45950	61
10,46017	61
10,46083	61
10,46150	61
10,46217	62
10,46283	62
10,46350	62
10,46417	62
10,46483	62
10,46550	62
10,46617	62
10,46683	63
10,46750	63
10,46817	63
10,46883	63
10,46950	63
10,47017	63
10,47083	63
10,47150	63
10,47217	62
10,47283	62
10,47350	62
10,47417	62
10,47483	62
10,47550	62
10,47617	63
10,47683	63
10,47750	63
10,47817	63
10,47883	63
10,47950	63
10,48017	64
10,48083	64
10,48150	64
10,48217	64
10,48283	64
10,48350	64
10,48417	64
10,48483	64
10,48550	64
10,48617	64
10,48683	64
10,48750	64
10,48817	64
10,48883	64
10,48950	64
10,49017	64
10,49083	65
10,49150	65
10,49217	65
10,49283	65
10,49350	65
10,49417	65
10,49483	65
10,49550	65
10,49617	65
10,49683	65
10,49750	66
10,49817	66
10,49883	67
10,49950	67
10,50017	67
10,50083	67
10,50150	68
10,50217	68
10,50283	68
10,50350	67
10,50417	67
10,50483	67
10,50550	67
10,50617	67
10,50683	67
10,50750	67
10,50817	67
10,50883	67
10,50950	66
10,51017	66
10,51083	66
10,51150	66
10,51217	65
10,51283	65
10,51350	65
10,51417	65
10,51483	65
10,51550	65
10,51617	65
10,51683	65
10,51750	64
10,51817	64
10,51883	64
10,51950	65
10,52017	65
10,52083	65
10,52150	65
10,52217	66
10,52283	66
10,52350	66
10,52417	66
10,52483	66
10,52550	66
10,52617	66
10,52683	66
10,52750	66
10,52817	66
10,52883	66
10,52950	65
10,53017	65
10,53083	65
10,53150	65
10,53217	65
10,53283	64
10,53350	64
10,53417	64
10,53483	63
10,53550	63
10,53617	63
10,53683	62
10,53750	62
10,53817	62
10,53883	61
10,53950	61
10,54017	61
10,54083	61
10,54150	61
10,54217	60
10,54283	60
10,54350	60
10,54417	60
10,54483	60
10,54550	60
10,54617	60
10,54683	60
10,54750	60
10,54817	61
10,54883	61
10,54950	61
10,55017	61
10,55083	61
10,55150	61
10,55217	62
10,55283	62
10,55350	62
10,55417	63
10,55483	63
10,55550	63
10,55617	63
10,55683	63
10,55750	63
10,55817	63
10,55883	63
10,55950	63
10,56017	63
10,56083	62
10,56150	62
10,56217	62
10,56283	62
10,56350	62
10,56417	62
10,56483	62
10,56550	62
10,56617	62
10,56683	61
10,56750	61
10,56817	61
10,56883	61
10,56950	60
10,57017	60
10,57083	60
10,57150	59
10,57217	59
10,57283	59
10,57350	59
10,57417	59
10,57483	58
10,57550	58
10,57617	58
10,57683	58
10,57750	58
10,57817	58
10,57883	58
10,57950	58
10,58017	58
10,58083	58
10,58150	58
10,58217	58
10,58283	57
10,58350	57
10,58417	57
10,58483	57
10,58550	57
10,58617	57
10,58683	57
10,58750	57
10,58817	57
10,58883	58
10,58950	58
10,59017	58
10,59083	58
10,59150	58
10,59217	58
10,59283	59
10,59350	59
10,59417	59
10,59483	60
10,59550	60
10,59617	60
10,59683	61
10,59750	61
10,59817	61
10,59883	62
10,59950	62
10,60017	62
10,60083	62
10,60150	63
10,60217	63
10,60283	63
10,60350	63
10,60417	63
10,60483	63
10,60550	64
10,60617	64
10,60683	64
10,60750	64
10,60817	64
10,60883	65
10,60950	65
10,61017	64
10,61083	64
10,61150	64
10,61217	64
10,61283	64
10,61350	64
10,61417	63
10,61483	63
10,61550	63
10,61617	63
10,61683	63
10,61750	63
10,61817	63
10,61883	63
10,61950	64
10,62017	64
10,62083	64
10,62150	65
10,62217	65
10,62283	65
10,62350	66
10,62417	66
10,62483	66
10,62550	67
10,62617	67
10,62683	67
10,62750	68
10,62817	68
10,62883	68
10,62950	69
10,63017	69
10,63083	69
10,63150	69
10,63217	69
10,63283	69
10,63350	69
10,63417	69
10,63483	69
10,63550	69
10,63617	69
10,63683	69
10,63750	69
10,63817	69
10,63883	68
10,63950	68
10,64017	68
10,64083	68
10,64150	68
10,64217	67
10,64283	67
10,64350	67
10,64417	67
10,64483	67
10,64550	67
10,64617	67
10,64683	67
10,64750	67
10,64817	67
10,64883	67
10,64950	67
10,65017	67
10,65083	68
10,65150	68
10,65217	68
10,65283	68
10,65350	68
10,65417	68
10,65483	68
10,65550	68
10,65617	68
10,65683	68
10,65750	68
10,65817	68
10,65883	68
10,65950	68
10,66017	68
10,66083	68
10,66150	68
10,66217	68
10,66283	69
10,66350	69
10,66417	69
10,66483	69
10,66550	69
10,66617	69
10,66683	69
10,66750	69
10,66817	69
10,66883	69
10,66950	69
10,67017	69
10,67083	69
10,67150	69
10,67217	69
10,67283	69
10,67350	69
10,67417	69
10,67483	69
10,67550	69
10,67617	69
10,67683	69
10,67750	69
10,67817	69
10,67883	69
10,67950	69
10,68017	69
10,68083	69
10,68150	69
10,68217	69
10,68283	69
10,68350	70
10,68417	69
10,68483	69
10,68550	69
10,68617	69
10,68683	69
10,68750	69
10,68817	69
10,68883	69
10,68950	69
10,69017	69
10,69083	69
10,69150	69
10,69217	69
10,69283	69
10,69350	69
10,69417	68
10,69483	68
10,69550	68
10,69617	68
10,69683	68
10,69750	68
10,69817	67
10,69883	67
10,69950	67
10,70017	67
10,70083	67
10,70150	67
10,70217	67
10,70283	67
10,70350	67
10,70417	67
10,70483	66
10,70550	66
10,70617	66
10,70683	65
10,70750	65
10,70817	64
10,70883	64
10,70950	64
10,71017	64
10,71083	64
10,71150	64
10,71217	63
10,71283	63
10,71350	63
10,71417	64
10,71483	64
10,71550	64
10,71617	64
10,71683	63
10,71750	63
10,71817	63
10,71883	63
10,71950	63
10,72017	63
10,72083	63
10,72150	63
10,72217	63
10,72283	63
10,72350	63
10,72417	63
10,72483	63
10,72550	63
10,72617	63
10,72683	63
10,72750	63
10,72817	63
10,72883	63
10,72950	63
10,73017	63
10,73083	64
10,73150	64
10,73217	64
10,73283	64
10,73350	64
10,73417	64
10,73483	65
10,73550	65
10,73617	65
10,73683	65
10,73750	65
10,73817	65
10,73883	66
10,73950	66
10,74017	66
10,74083	66
10,74150	66
10,74217	66
10,74283	67
10,74350	67
10,74417	67
10,74483	67
10,74550	67
10,74617	66
10,74683	66
10,74750	66
10,74817	66
10,74883	65
10,74950	65
10,75017	65
10,75083	65
10,75150	65
10,75217	64
10,75283	64
10,75350	64
10,75417	63
10,75483	63
10,75550	63
10,75617	63
10,75683	63
10,75750	63
10,75817	63
10,75883	63
10,75950	62
10,76017	62
10,76083	62
10,76150	62
10,76217	61
10,76283	61
10,76350	61
10,76417	60
10,76483	60
10,76550	60
10,76617	60
10,76683	60
10,76750	60
10,76817	59
10,76883	59
10,76950	59
10,77017	59
10,77083	59
10,77150	58
10,77217	58
10,77283	57
10,77350	57
10,77417	57
10,77483	57
10,77550	57
10,77617	57
10,77683	57
10,77750	57
10,77817	56
10,77883	56
10,77950	56
10,78017	56
10,78083	56
10,78150	55
10,78217	55
10,78283	55
10,78350	54
10,78417	54
10,78483	54
10,78550	53
10,78617	53
10,78683	53
10,78750	53
10,78817	52
10,78883	52
10,78950	52
10,79017	52
10,79083	52
10,79150	51
10,79217	51
10,79283	51
10,79350	51
10,79417	51
10,79483	51
10,79550	51
10,79617	51
10,79683	51
10,79750	51
10,79817	51
10,79883	51
10,79950	51
10,80017	51
10,80083	51
10,80150	51
10,80217	52
10,80283	52
10,80350	52
10,80417	52
10,80483	51
10,80550	51
10,80617	52
10,80683	52
10,80750	52
10,80817	52
10,80883	52
10,80950	52
10,81017	52
10,81083	53
10,81150	53
10,81217	53
10,81283	53
10,81350	53
10,81417	53
10,81483	53
10,81550	53
10,81617	53
10,81683	53
10,81750	53
10,81817	53
10,81883	53
10,81950	53
10,82017	53
10,82083	53
10,82150	53
10,82217	53
10,82283	53
10,82350	53
10,82417	53
10,82483	53
10,82550	53
10,82617	53
10,82683	53
10,82750	53
10,82817	54
10,82883	54
10,82950	54
10,83017	54
10,83083	54
10,83150	55
10,83217	55
10,83283	55
10,83350	55
10,83417	55
10,83483	55
10,83550	55
10,83617	55
10,83683	55
10,83750	55
10,83817	56
10,83883	56
10,83950	56
10,84017	56
10,84083	56
10,84150	55
10,84217	55
10,84283	55
10,84350	54
10,84417	54
10,84483	54
10,84550	53
10,84617	53
10,84683	52
10,84750	52
10,84817	52
10,84883	52
10,84950	52
10,85017	52
10,85083	52
10,85150	52
10,85217	52
10,85283	52
10,85350	52
10,85417	52
10,85483	53
10,85550	53
10,85617	53
10,85683	53
10,85750	53
10,85817	53
10,85883	53
10,85950	53
10,86017	53
10,86083	53
10,86150	53
10,86217	53
10,86283	53
10,86350	53
10,86417	53
10,86483	53
10,86550	53
10,86617	54
10,86683	54
10,86750	54
10,86817	54
10,86883	55
10,86950	55
10,87017	55
10,87083	55
10,87150	55
10,87217	55
10,87283	55
10,87350	55
10,87417	55
10,87483	56
10,87550	56
10,87617	55
10,87683	55
10,87750	55
10,87817	55
10,87883	54
10,87950	54
10,88017	54
10,88083	54
10,88150	53
10,88217	53
10,88283	53
10,88350	53
10,88417	53
10,88483	53
10,88550	53
10,88617	53
10,88683	53
10,88750	53
10,88817	53
10,88883	53
10,88950	53
10,89017	53
10,89083	53
10,89150	53
10,89217	53
10,89283	53
10,89350	53
10,89417	53
10,89483	53
10,89550	53
10,89617	53
10,89683	53
10,89750	53
10,89817	53
10,89883	53
10,89950	53
10,90017	53
10,90083	53
10,90150	53
10,90217	54
10,90283	54
10,90350	54
10,90417	54
10,90483	55
10,90550	55
10,90617	55
10,90683	55
10,90750	55
10,90817	55
10,90883	55
10,90950	55
10,91017	55
10,91083	55
10,91150	55
10,91217	55
10,91283	55
10,91350	55
10,91417	55
10,91483	55
10,91550	55
10,91617	54
10,91683	54
10,91750	54
10,91817	54
10,91883	54
10,91950	54
10,92017	54
10,92083	54
10,92150	53
10,92217	53
10,92283	53
10,92350	53
10,92417	53
10,92483	53
10,92550	54
10,92617	54
10,92683	54
10,92750	54
10,92817	54
10,92883	54
10,92950	54
10,93017	54
10,93083	54
10,93150	54
10,93217	54
10,93283	54
10,93350	54
10,93417	54
10,93483	54
10,93550	55
10,93617	55
10,93683	55
10,93750	56
10,93817	56
10,93883	56
10,93950	57
10,94017	57
10,94083	57
10,94150	57
10,94217	58
10,94283	58
10,94350	58
10,94417	58
10,94483	59
10,94550	59
10,94617	59
10,94683	59
10,94750	59
10,94817	59
10,94883	59
10,94950	59
10,95017	59
10,95083	59
10,95150	59
10,95217	59
10,95283	59
10,95350	59
10,95417	59
10,95483	59
10,95550	59
10,95617	59
10,95683	58
10,95750	58
10,95817	58
10,95883	57
10,95950	57
10,96017	57
10,96083	57
10,96150	56
10,96217	56
10,96283	56
10,96350	55
10,96417	55
10,96483	55
10,96550	55
10,96617	55
10,96683	54
10,96750	54
10,96817	54
10,96883	54
10,96950	54
10,97017	53
10,97083	53
10,97150	53
10,97217	53
10,97283	53
10,97350	52
10,97417	52
10,97483	52
10,97550	52
10,97617	52
10,97683	52
10,97750	53
10,97817	53
10,97883	53
10,97950	53
10,98017	53
10,98083	53
10,98150	54
10,98217	54
10,98283	54
10,98350	54
10,98417	53
10,98483	53
10,98550	53
10,98617	53
10,98683	53
10,98750	52
10,98817	52
10,98883	52
10,98950	51
10,99017	51
10,99083	51
10,99150	51
10,99217	51
10,99283	51
10,99350	52
10,99417	52
10,99483	51
10,99550	52
10,99617	52
10,99683	52
10,99750	52
10,99817	52
10,99883	52
10,99950	52
11,00017	52
11,00083	53
11,00150	53
11,00217	53
11,00283	53
11,00350	53
11,00417	53
11,00483	54
11,00550	54
11,00617	54
11,00683	54
11,00750	54
11,00817	54
11,00883	54
11,00950	54
11,01017	54
11,01083	54
11,01150	55
11,01217	55
11,01283	55
11,01350	56
11,01417	56
11,01483	56
11,01550	56
11,01617	56
11,01683	57
11,01750	57
11,01817	57
11,01883	58
11,01950	58
11,02017	58
11,02083	58
11,02150	58
11,02217	58
11,02283	59
11,02350	59
11,02417	59
11,02483	59
11,02550	59
11,02617	59
11,02683	59
11,02750	59
11,02817	59
11,02883	59
11,02950	59
11,03017	59
11,03083	59
11,03150	59
11,03217	59
11,03283	59
11,03350	60
11,03417	60
11,03483	60
11,03550	60
11,03617	60
11,03683	60
11,03750	61
11,03817	61
11,03883	61
11,03950	61
11,04017	61
11,04083	61
11,04150	61
11,04217	61
11,04283	61
11,04350	62
11,04417	62
11,04483	62
11,04550	62
11,04617	62
11,04683	62
11,04750	62
11,04817	62
11,04883	62
11,04950	62
11,05017	62
11,05083	62
11,05150	62
11,05217	62
11,05283	63
11,05350	63
11,05417	63
11,05483	63
11,05550	64
11,05617	64
11,05683	65
11,05750	65
11,05817	65
11,05883	66
11,05950	66
11,06017	66
11,06083	67
11,06150	67
11,06217	67
11,06283	67
11,06350	67
11,06417	68
11,06483	68
11,06550	68
11,06617	68
11,06683	69
11,06750	69
11,06817	69
11,06883	69
11,06950	69
11,07017	69
11,07083	69
11,07150	70
11,07217	70
11,07283	70
11,07350	70
11,07417	70
11,07483	70
11,07550	71
11,07617	71
11,07683	71
11,07750	72
11,07817	72
11,07883	72
11,07950	72
11,08017	72
11,08083	72
11,08150	73
11,08217	73
11,08283	73
11,08350	73
11,08417	73
11,08483	74
11,08550	74
11,08617	74
11,08683	75
11,08750	75
11,08817	75
11,08883	76
11,08950	76
11,09017	77
11,09083	77
11,09150	78
11,09217	78
11,09283	79
11,09350	79
11,09417	80
11,09483	80
11,09550	81
11,09617	81
11,09683	82
11,09750	82
11,09817	82
11,09883	82
11,09950	82
11,10017	82
11,10083	82
11,10150	81
11,10217	81
11,10283	81
11,10350	81
11,10417	81
11,10483	81
11,10550	81
11,10617	81
11,10683	81
11,10750	81
11,10817	81
11,10883	81
11,10950	82
11,11017	82
11,11083	83
11,11150	83
11,11217	83
11,11283	84
11,11350	85
11,11417	85
11,11483	86
11,11550	86
11,11617	87
11,11683	88
11,11750	89
11,11817	89
11,11883	90
11,11950	90
11,12017	90
11,12083	91
11,12150	91
11,12217	91
11,12283	91
11,12350	91
11,12417	91
11,12483	91
11,12550	92
11,12617	92
11,12683	92
11,12750	92
11,12817	92
11,12883	93
11,12950	93
11,13017	93
11,13083	93
11,13150	94
11,13217	94
11,13283	94
11,13350	94
11,13417	94
11,13483	94
11,13550	94
11,13617	94
11,13683	94
11,13750	95
11,13817	95
11,13883	96
11,13950	96
11,14017	97
11,14083	97
11,14150	97
11,14217	98
11,14283	98
11,14350	99
11,14417	99
11,14483	99
11,14550	100
11,14617	100
11,14683	101
11,14750	101
11,14817	101
11,14883	102
11,14950	102
11,15017	103
11,15083	103
11,15150	104
11,15217	104
11,15283	104
11,15350	104
11,15417	104
11,15483	103
11,15550	103
11,15617	103
11,15683	103
11,15750	103
11,15817	103
11,15883	103
11,15950	102
11,16017	102
11,16083	102
11,16150	101
11,16217	101
11,16283	101
11,16350	100
11,16417	100
11,16483	100
11,16550	100
11,16617	99
11,16683	99
11,16750	99
11,16817	99
11,16883	99
11,16950	99
11,17017	99
11,17083	100
11,17150	100
11,17217	100
11,17283	100
11,17350	100
11,17417	100
11,17483	101
11,17550	100
11,17617	100
11,17683	100
11,17750	100
11,17817	100
11,17883	100
11,17950	100
11,18017	99
11,18083	99
11,18150	99
11,18217	99
11,18283	98
11,18350	98
11,18417	98
11,18483	98
11,18550	97
11,18617	97
11,18683	97
11,18750	97
11,18817	96
11,18883	96
11,18950	96
11,19017	96
11,19083	96
11,19150	96
11,19217	97
11,19283	97
11,19350	97
11,19417	97
11,19483	98
11,19550	98
11,19617	97
11,19683	97
11,19750	97
11,19817	97
11,19883	97
11,19950	97
11,20017	98
11,20083	98
11,20150	98
11,20217	98
11,20283	99
11,20350	99
11,20417	100
11,20483	100
11,20550	101
11,20617	102
11,20683	102
11,20750	103
11,20817	103
11,20883	104
11,20950	104
11,21017	105
11,21083	105
11,21150	106
11,21217	107
11,21283	107
11,21350	108
11,21417	108
11,21483	109
11,21550	109
11,21617	110
11,21683	110
11,21750	111
11,21817	112
11,21883	112
11,21950	113
11,22017	114
11,22083	115
11,22150	116
11,22217	117
11,22283	117
11,22350	118
11,22417	119
11,22483	119
11,22550	120
11,22617	120
11,22683	120
11,22750	121
11,22817	121
11,22883	121
11,22950	121
11,23017	122
11,23083	122
11,23150	122
11,23217	123
11,23283	123
11,23350	123
11,23417	123
11,23483	123
11,23550	123
11,23617	123
11,23683	123
11,23750	123
11,23817	124
11,23883	124
11,23950	123
11,24017	123
11,24083	123
11,24150	122
11,24217	122
11,24283	121
11,24350	121
11,24417	121
11,24483	120
11,24550	120
11,24617	120
11,24683	119
11,24750	119
11,24817	119
11,24883	119
11,24950	118
11,25017	118
11,25083	118
11,25150	118
11,25217	118
11,25283	118
11,25350	118
11,25417	118
11,25483	117
11,25550	117
11,25617	117
11,25683	117
11,25750	116
11,25817	116
11,25883	115
11,25950	115
11,26017	114
11,26083	113
11,26150	113
11,26217	112
11,26283	111
11,26350	110
11,26417	109
11,26483	108
11,26550	107
11,26617	106
11,26683	106
11,26750	105
11,26817	104
11,26883	104
11,26950	103
11,27017	103
11,27083	103
11,27150	102
11,27217	102
11,27283	101
11,27350	101
11,27417	100
11,27483	100
11,27550	100
11,27617	99
11,27683	99
11,27750	99
11,27817	99
11,27883	99
11,27950	99
11,28017	99
11,28083	98
11,28150	98
11,28217	98
11,28283	98
11,28350	98
11,28417	98
11,28483	98
11,28550	98
11,28617	98
11,28683	97
11,28750	97
11,28817	97
11,28883	97
11,28950	97
11,29017	97
11,29083	97
11,29150	97
11,29217	97
11,29283	97
11,29350	97
11,29417	97
11,29483	97
11,29550	97
11,29617	97
11,29683	97
11,29750	98
11,29817	98
11,29883	98
11,29950	99
11,30017	99
11,30083	99
11,30150	99
11,30217	99
11,30283	100
11,30350	100
11,30417	100
11,30483	100
11,30550	99
11,30617	99
11,30683	99
11,30750	100
11,30817	100
11,30883	100
11,30950	100
11,31017	100
11,31083	100
11,31150	100
11,31217	100
11,31283	100
11,31350	100
11,31417	100
11,31483	100
11,31550	99
11,31617	99
11,31683	99
11,31750	99
11,31817	98
11,31883	98
11,31950	98
11,32017	98
11,32083	97
11,32150	97
11,32217	97
11,32283	96
11,32350	96
11,32417	95
11,32483	95
11,32550	95
11,32617	95
11,32683	94
11,32750	94
11,32817	94
11,32883	93
11,32950	93
11,33017	93
11,33083	93
11,33150	93
11,33217	93
11,33283	94
11,33350	94
11,33417	94
11,33483	94
11,33550	94
11,33617	94
11,33683	93
11,33750	93
11,33817	93
11,33883	93
11,33950	93
11,34017	93
11,34083	93
11,34150	92
11,34217	92
11,34283	92
11,34350	92
11,34417	92
11,34483	91
11,34550	91
11,34617	91
11,34683	90
11,34750	90
11,34817	90
11,34883	90
11,34950	89
11,35017	89
11,35083	89
11,35150	89
11,35217	89
11,35283	89
11,35350	89
11,35417	89
11,35483	89
11,35550	89
11,35617	89
11,35683	89
11,35750	89
11,35817	89
11,35883	88
11,35950	88
11,36017	88
11,36083	88
11,36150	88
11,36217	88
11,36283	88
11,36350	89
11,36417	89
11,36483	89
11,36550	89
11,36617	89
11,36683	88
11,36750	88
11,36817	88
11,36883	88
11,36950	88
11,37017	87
11,37083	87
11,37150	87
11,37217	87
11,37283	87
11,37350	87
11,37417	86
11,37483	86
11,37550	86
11,37617	86
11,37683	85
11,37750	85
11,37817	85
11,37883	85
11,37950	84
11,38017	84
11,38083	84
11,38150	84
11,38217	84
11,38283	83
11,38350	83
11,38417	84
11,38483	84
11,38550	84
11,38617	84
11,38683	84
11,38750	84
11,38817	84
11,38883	83
11,38950	83
11,39017	83
11,39083	83
11,39150	82
11,39217	82
11,39283	82
11,39350	82
11,39417	82
11,39483	82
11,39550	82
11,39617	82
11,39683	82
11,39750	82
11,39817	82
11,39883	82
11,39950	82
11,40017	82
11,40083	82
11,40150	82
11,40217	81
11,40283	81
11,40350	80
11,40417	80
11,40483	80
11,40550	80
11,40617	80
11,40683	79
11,40750	79
11,40817	79
11,40883	79
11,40950	79
11,41017	79
11,41083	79
11,41150	79
11,41217	79
11,41283	79
11,41350	78
11,41417	78
11,41483	78
11,41550	78
11,41617	78
11,41683	78
11,41750	78
11,41817	78
11,41883	78
11,41950	78
11,42017	78
11,42083	78
11,42150	78
11,42217	77
11,42283	77
11,42350	77
11,42417	77
11,42483	77
11,42550	77
11,42617	77
11,42683	77
11,42750	77
11,42817	77
11,42883	77
11,42950	77
11,43017	77
11,43083	77
11,43150	78
11,43217	78
11,43283	78
11,43350	78
11,43417	78
11,43483	78
11,43550	78
11,43617	78
11,43683	78
11,43750	78
11,43817	78
11,43883	78
11,43950	78
11,44017	78
11,44083	78
11,44150	78
11,44217	78
11,44283	77
11,44350	77
11,44417	77
11,44483	76
11,44550	76
11,44617	76
11,44683	75
11,44750	75
11,44817	75
11,44883	75
11,44950	75
11,45017	75
11,45083	75
11,45150	75
11,45217	75
11,45283	76
11,45350	76
11,45417	76
11,45483	76
11,45550	76
11,45617	76
11,45683	75
11,45750	75
11,45817	75
11,45883	75
11,45950	75
11,46017	74
11,46083	74
11,46150	74
11,46217	74
11,46283	73
11,46350	73
11,46417	73
11,46483	73
11,46550	73
11,46617	73
11,46683	73
11,46750	73
11,46817	73
11,46883	73
11,46950	73
11,47017	73
11,47083	73
11,47150	73
11,47217	73
11,47283	73
11,47350	73
11,47417	73
11,47483	73
11,47550	74
11,47617	74
11,47683	74
11,47750	74
11,47817	75
11,47883	75
11,47950	75
11,48017	75
11,48083	75
11,48150	76
11,48217	76
11,48283	76
11,48350	76
11,48417	76
11,48483	76
11,48550	76
11,48617	76
11,48683	76
11,48750	76
11,48817	76
11,48883	76
11,48950	76
11,49017	76
11,49083	76
11,49150	76
11,49217	76
11,49283	76
11,49350	76
11,49417	76
11,49483	76
11,49550	76
11,49617	77
11,49683	77
11,49750	77
11,49817	77
11,49883	77
11,49950	78
11,50017	78
11,50083	78
11,50150	78
11,50217	79
11,50283	79
11,50350	79
11,50417	80
11,50483	80
11,50550	80
11,50617	80
11,50683	80
11,50750	80
11,50817	79
11,50883	79
11,50950	79
11,51017	79
11,51083	79
11,51150	79
11,51217	78
11,51283	78
11,51350	78
11,51417	78
11,51483	78
11,51550	77
11,51617	77
11,51683	77
11,51750	77
11,51817	77
11,51883	76
11,51950	76
11,52017	76
11,52083	76
11,52150	75
11,52217	75
11,52283	75
11,52350	75
11,52417	74
11,52483	74
11,52550	74
11,52617	73
11,52683	73
11,52750	73
11,52817	73
11,52883	72
11,52950	72
11,53017	72
11,53083	72
11,53150	72
11,53217	72
11,53283	71
11,53350	71
11,53417	71
11,53483	71
11,53550	71
11,53617	71
11,53683	71
11,53750	71
11,53817	71
11,53883	71
11,53950	71
11,54017	71
11,54083	71
11,54150	71
11,54217	71
11,54283	71
11,54350	71
11,54417	72
11,54483	72
11,54550	72
11,54617	72
11,54683	72
11,54750	72
11,54817	72
11,54883	72
11,54950	72
11,55017	72
11,55083	71
11,55150	71
11,55217	71
11,55283	71
11,55350	71
11,55417	71
11,55483	71
11,55550	71
11,55617	71
11,55683	72
11,55750	72
11,55817	72
11,55883	72
11,55950	72
11,56017	72
11,56083	72
11,56150	72
11,56217	72
11,56283	72
11,56350	72
11,56417	72
11,56483	72
11,56550	72
11,56617	72
11,56683	73
11,56750	73
11,56817	73
11,56883	74
11,56950	74
11,57017	74
11,57083	74
11,57150	74
11,57217	75
11,57283	75
11,57350	75
11,57417	75
11,57483	75
11,57550	76
11,57617	76
11,57683	76
11,57750	77
11,57817	77
11,57883	78
11,57950	78
11,58017	79
11,58083	79
11,58150	80
11,58217	80
11,58283	80
11,58350	81
11,58417	81
11,58483	82
11,58550	82
11,58617	83
11,58683	84
11,58750	84
11,58817	85
11,58883	86
11,58950	87
11,59017	88
11,59083	89
11,59150	89
11,59217	90
11,59283	91
11,59350	91
11,59417	92
11,59483	92
11,59550	93
11,59617	93
11,59683	93
11,59750	94
11,59817	94
11,59883	94
11,59950	95
11,60017	95
11,60083	96
11,60150	96
11,60217	96
11,60283	96
11,60350	97
11,60417	97
11,60483	97
11,60550	97
11,60617	97
11,60683	98
11,60750	98
11,60817	98
11,60883	98
11,60950	98
11,61017	97
11,61083	97
11,61150	97
11,61217	96
11,61283	96
11,61350	95
11,61417	95
11,61483	94
11,61550	94
11,61617	93
11,61683	93
11,61750	92
11,61817	92
11,61883	92
11,61950	92
11,62017	92
11,62083	91
11,62150	91
11,62217	91
11,62283	91
11,62350	91
11,62417	90
11,62483	90
11,62550	90
11,62617	89
11,62683	89
11,62750	89
11,62817	89
11,62883	89
11,62950	89
11,63017	89
11,63083	89
11,63150	89
11,63217	89
11,63283	90
11,63350	90
11,63417	90
11,63483	90
11,63550	90
11,63617	90
11,63683	89
11,63750	89
11,63817	89
11,63883	89
11,63950	89
11,64017	89
11,64083	88
11,64150	88
11,64217	88
11,64283	88
11,64350	88
11,64417	87
11,64483	87
11,64550	87
11,64617	87
11,64683	86
11,64750	86
11,64817	86
11,64883	85
11,64950	85
11,65017	85
11,65083	85
11,65150	85
11,65217	85
11,65283	85
11,65350	86
11,65417	86
11,65483	86
11,65550	86
11,65617	87
11,65683	87
11,65750	87
11,65817	87
11,65883	87
11,65950	87
11,66017	87
11,66083	87
11,66150	88
11,66217	88
11,66283	88
11,66350	88
11,66417	88
11,66483	88
11,66550	88
11,66617	88
11,66683	87
11,66750	87
11,66817	87
11,66883	87
11,66950	86
11,67017	86
11,67083	86
11,67150	86
11,67217	85
11,67283	85
11,67350	86
11,67417	86
11,67483	86
11,67550	86
11,67617	86
11,67683	86
11,67750	86
11,67817	86
11,67883	87
11,67950	87
11,68017	87
11,68083	87
11,68150	87
11,68217	88
11,68283	88
11,68350	88
11,68417	88
11,68483	89
11,68550	89
11,68617	89
11,68683	90
11,68750	90
11,68817	90
11,68883	90
11,68950	90
11,69017	90
11,69083	91
11,69150	91
11,69217	91
11,69283	91
11,69350	90
11,69417	90
11,69483	90
11,69550	90
11,69617	89
11,69683	89
11,69750	89
11,69817	89
11,69883	89
11,69950	88
11,70017	88
11,70083	88
11,70150	88
11,70217	88
11,70283	88
11,70350	87
11,70417	87
11,70483	87
11,70550	87
11,70617	87
11,70683	87
11,70750	86
11,70817	86
11,70883	86
11,70950	86
11,71017	86
11,71083	86
11,71150	85
11,71217	85
11,71283	85
11,71350	85
11,71417	85
11,71483	85
11,71550	85
11,71617	85
11,71683	85
11,71750	85
11,71817	84
11,71883	84
11,71950	84
11,72017	84
11,72083	84
11,72150	84
11,72217	84
11,72283	84
11,72350	84
11,72417	84
11,72483	84
11,72550	84
11,72617	84
11,72683	84
11,72750	84
11,72817	84
11,72883	84
11,72950	84
11,73017	84
11,73083	84
11,73150	85
11,73217	85
11,73283	85
11,73350	85
11,73417	84
11,73483	84
11,73550	84
11,73617	84
11,73683	84
11,73750	84
11,73817	85
11,73883	85
11,73950	85
11,74017	85
11,74083	85
11,74150	85
11,74217	85
11,74283	85
11,74350	85
11,74417	85
11,74483	85
11,74550	84
11,74617	84
11,74683	84
11,74750	84
11,74817	84
11,74883	84
11,74950	84
11,75017	84
11,75083	84
11,75150	84
11,75217	84
11,75283	83
11,75350	83
11,75417	83
11,75483	83
11,75550	83
11,75617	83
11,75683	83
11,75750	82
11,75817	82
11,75883	82
11,75950	82
11,76017	82
11,76083	81
11,76150	81
11,76217	81
11,76283	81
11,76350	81
11,76417	81
11,76483	81
11,76550	81
11,76617	81
11,76683	81
11,76750	81
11,76817	81
11,76883	82
11,76950	82
11,77017	82
11,77083	82
11,77150	82
11,77217	82
11,77283	82
11,77350	82
11,77417	82
11,77483	83
11,77550	83
11,77617	83
11,77683	83
11,77750	83
11,77817	83
11,77883	82
11,77950	82
11,78017	82
11,78083	82
11,78150	82
11,78217	81
11,78283	81
11,78350	81
11,78417	81
11,78483	80
11,78550	80
11,78617	80
11,78683	79
11,78750	79
11,78817	79
11,78883	79
11,78950	79
11,79017	79
11,79083	80
11,79150	80
11,79217	80
11,79283	80
11,79350	80
11,79417	80
11,79483	80
11,79550	80
11,79617	80
11,79683	80
11,79750	80
11,79817	80
11,79883	79
11,79950	79
11,80017	79
11,80083	79
11,80150	79
11,80217	79
11,80283	79
11,80350	78
11,80417	78
11,80483	78
11,80550	78
11,80617	77
11,80683	77
11,80750	77
11,80817	76
11,80883	76
11,80950	76
11,81017	76
11,81083	76
11,81150	76
11,81217	76
11,81283	76
11,81350	76
11,81417	76
11,81483	76
11,81550	76
11,81617	76
11,81683	76
11,81750	76
11,81817	76
11,81883	76
11,81950	76
11,82017	76
11,82083	77
11,82150	77
11,82217	77
11,82283	77
11,82350	77
11,82417	77
11,82483	77
11,82550	77
11,82617	77
11,82683	77
11,82750	78
11,82817	78
11,82883	78
11,82950	78
11,83017	78
11,83083	78
11,83150	78
11,83217	78
11,83283	78
11,83350	78
11,83417	79
11,83483	79
11,83550	79
11,83617	79
11,83683	79
11,83750	79
11,83817	78
11,83883	78
11,83950	78
11,84017	78
11,84083	78
11,84150	78
11,84217	78
11,84283	79
11,84350	79
11,84417	79
11,84483	79
11,84550	79
11,84617	79
11,84683	79
11,84750	79
11,84817	80
11,84883	80
11,84950	80
11,85017	80
11,85083	80
11,85150	80
11,85217	80
11,85283	80
11,85350	80
11,85417	80
11,85483	80
11,85550	81
11,85617	81
11,85683	81
11,85750	81
11,85817	81
11,85883	81
11,85950	81
11,86017	81
11,86083	81
11,86150	81
11,86217	82
11,86283	82
11,86350	82
11,86417	82
11,86483	82
11,86550	82
11,86617	82
11,86683	82
11,86750	82
11,86817	82
11,86883	82
11,86950	82
11,87017	82
11,87083	82
11,87150	81
11,87217	81
11,87283	81
11,87350	81
11,87417	81
11,87483	81
11,87550	81
11,87617	81
11,87683	80
11,87750	80
11,87817	80
11,87883	80
11,87950	80
11,88017	80
11,88083	80
11,88150	80
11,88217	80
11,88283	80
11,88350	80
11,88417	80
11,88483	80
11,88550	80
11,88617	80
11,88683	81
11,88750	81
11,88817	82
11,88883	82
11,88950	82
11,89017	83
11,89083	83
11,89150	83
11,89217	84
11,89283	85
11,89350	85
11,89417	86
11,89483	87
11,89550	88
11,89617	88
11,89683	89
11,89750	90
11,89817	91
11,89883	91
11,89950	92
11,90017	93
11,90083	93
11,90150	94
11,90217	95
11,90283	95
11,90350	96
11,90417	96
11,90483	97
11,90550	97
11,90617	98
11,90683	98
11,90750	99
11,90817	99
11,90883	99
11,90950	100
11,91017	100
11,91083	100
11,91150	100
11,91217	101
11,91283	101
11,91350	101
11,91417	101
11,91483	101
11,91550	101
11,91617	101
11,91683	101
11,91750	101
11,91817	101
11,91883	101
11,91950	101
11,92017	101
11,92083	101
11,92150	101
11,92217	101
11,92283	101
11,92350	101
11,92417	100
11,92483	100
11,92550	100
11,92617	99
11,92683	99
11,92750	99
11,92817	98
11,92883	98
11,92950	98
11,93017	97
11,93083	97
11,93150	97
11,93217	97
11,93283	97
11,93350	97
11,93417	96
11,93483	96
11,93550	96
11,93617	96
11,93683	95
11,93750	95
11,93817	95
11,93883	95
11,93950	96
11,94017	96
11,94083	96
11,94150	97
11,94217	97
11,94283	97
11,94350	97
11,94417	98
11,94483	98
11,94550	98
11,94617	99
11,94683	99
11,94750	99
11,94817	100
11,94883	100
11,94950	101
11,95017	101
11,95083	102
11,95150	102
11,95217	102
11,95283	103
11,95350	103
11,95417	103
11,95483	104
11,95550	104
11,95617	104
11,95683	104
11,95750	104
11,95817	104
11,95883	104
11,95950	104
11,96017	105
11,96083	105
11,96150	105
11,96217	105
11,96283	106
11,96350	106
11,96417	106
11,96483	106
11,96550	106
11,96617	106
11,96683	106
11,96750	106
11,96817	105
11,96883	105
11,96950	105
11,97017	105
11,97083	105
11,97150	105
11,97217	106
11,97283	106
11,97350	106
11,97417	106
11,97483	106
11,97550	106
11,97617	107
11,97683	107
11,97750	107
11,97817	107
11,97883	107
11,97950	107
11,98017	107
11,98083	107
11,98150	107
11,98217	107
11,98283	107
11,98350	107
11,98417	107
11,98483	107
11,98550	107
11,98617	107
11,98683	107
11,98750	107
11,98817	107
11,98883	107
11,98950	107
11,99017	107
11,99083	107
11,99150	107
11,99217	107
11,99283	107
11,99350	107
11,99417	107
11,99483	107
11,99550	107
11,99617	108
11,99683	108
11,99750	108
11,99817	109
11,99883	109
11,99950	110
12,00017	110
12,00083	110
12,00150	111
12,00217	111
12,00283	111
12,00350	112
12,00417	112
12,00483	112
12,00550	112
12,00617	112
12,00683	112
12,00750	112
12,00817	112
12,00883	112
12,00950	112
12,01017	112
12,01083	112
12,01150	112
12,01217	113
12,01283	113
12,01350	113
12,01417	114
12,01483	114
12,01550	114
12,01617	115
12,01683	115
12,01750	115
12,01817	115
12,01883	115
12,01950	116
12,02017	116
12,02083	116
12,02150	116
12,02217	116
12,02283	117
12,02350	117
12,02417	117
12,02483	117
12,02550	118
12,02617	118
12,02683	118
12,02750	119
12,02817	119
12,02883	119
12,02950	119
12,03017	120
12,03083	120
12,03150	120
12,03217	120
12,03283	120
12,03350	120
12,03417	120
12,03483	120
12,03550	121
12,03617	121
12,03683	121
12,03750	121
12,03817	120
12,03883	120
12,03950	120
12,04017	120
12,04083	120
12,04150	120
12,04217	120
12,04283	120
12,04350	119
12,04417	119
12,04483	119
12,04550	119
12,04617	119
12,04683	118
12,04750	118
12,04817	118
12,04883	118
12,04950	118
12,05017	118
12,05083	118
12,05150	119
12,05217	119
12,05283	119
12,05350	119
12,05417	119
12,05483	119
12,05550	119
12,05617	118
12,05683	118
12,05750	118
12,05817	118
12,05883	118
12,05950	118
12,06017	118
12,06083	118
12,06150	118
12,06217	118
12,06283	118
12,06350	118
12,06417	118
12,06483	118
12,06550	117
12,06617	117
12,06683	117
12,06750	117
12,06817	116
12,06883	116
12,06950	116
12,07017	115
12,07083	115
12,07150	114
12,07217	114
12,07283	114
12,07350	113
12,07417	113
12,07483	112
12,07550	112
12,07617	112
12,07683	111
12,07750	111
12,07817	111
12,07883	111
12,07950	110
12,08017	110
12,08083	110
12,08150	110
12,08217	110
12,08283	110
12,08350	109
12,08417	109
12,08483	109
12,08550	108
12,08617	108
12,08683	107
12,08750	107
12,08817	107
12,08883	106
12,08950	106
12,09017	106
12,09083	105
12,09150	105
12,09217	104
12,09283	104
12,09350	103
12,09417	103
12,09483	103
12,09550	102
12,09617	102
12,09683	101
12,09750	101
12,09817	101
12,09883	100
12,09950	100
12,10017	100
12,10083	100
12,10150	100
12,10217	100
12,10283	99
12,10350	99
12,10417	99
12,10483	99
12,10550	99
12,10617	98
12,10683	98
12,10750	98
12,10817	98
12,10883	98
12,10950	97
12,11017	97
12,11083	97
12,11150	96
12,11217	96
12,11283	96
12,11350	95
12,11417	95
12,11483	94
12,11550	94
12,11617	94
12,11683	93
12,11750	93
12,11817	92
12,11883	92
12,11950	92
12,12017	91
12,12083	91
12,12150	91
12,12217	90
12,12283	90
12,12350	90
12,12417	89
12,12483	89
12,12550	88
12,12617	88
12,12683	88
12,12750	87
12,12817	87
12,12883	87
12,12950	87
12,13017	87
12,13083	87
12,13150	87
12,13217	87
12,13283	87
12,13350	86
12,13417	86
12,13483	86
12,13550	85
12,13617	85
12,13683	84
12,13750	84
12,13817	83
12,13883	83
12,13950	82
12,14017	82
12,14083	82
12,14150	82
12,14217	81
12,14283	81
12,14350	81
12,14417	81
12,14483	81
12,14550	81
12,14617	80
12,14683	80
12,14750	80
12,14817	80
12,14883	80
12,14950	79
12,15017	79
12,15083	79
12,15150	79
12,15217	79
12,15283	79
12,15350	79
12,15417	79
12,15483	79
12,15550	79
12,15617	79
12,15683	79
12,15750	80
12,15817	80
12,15883	80
12,15950	80
12,16017	80
12,16083	81
12,16150	81
12,16217	82
12,16283	82
12,16350	83
12,16417	83
12,16483	84
12,16550	84
12,16617	84
12,16683	85
12,16750	85
12,16817	86
12,16883	86
12,16950	86
12,17017	87
12,17083	87
12,17150	87
12,17217	87
12,17283	87
12,17350	88
12,17417	88
12,17483	88
12,17550	88
12,17617	88
12,17683	88
12,17750	88
12,17817	88
12,17883	87
12,17950	87
12,18017	87
12,18083	87
12,18150	87
12,18217	87
12,18283	87
12,18350	87
12,18417	87
12,18483	87
12,18550	86
12,18617	86
12,18683	86
12,18750	86
12,18817	86
12,18883	86
12,18950	86
12,19017	85
12,19083	85
12,19150	85
12,19217	85
12,19283	85
12,19350	86
12,19417	86
12,19483	87
12,19550	87
12,19617	88
12,19683	89
12,19750	89
12,19817	90
12,19883	91
12,19950	92
12,20017	92
12,20083	93
12,20150	93
12,20217	94
12,20283	94
12,20350	95
12,20417	95
12,20483	96
12,20550	97
12,20617	97
12,20683	98
12,20750	98
12,20817	99
12,20883	99
12,20950	99
12,21017	99
12,21083	99
12,21150	99
12,21217	100
12,21283	100
12,21350	100
12,21417	100
12,21483	101
12,21550	101
12,21617	101
12,21683	102
12,21750	102
12,21817	103
12,21883	103
12,21950	104
12,22017	104
12,22083	104
12,22150	104
12,22217	104
12,22283	104
12,22350	104
12,22417	104
12,22483	104
12,22550	104
12,22617	104
12,22683	104
12,22750	104
12,22817	104
12,22883	104
12,22950	104
12,23017	104
12,23083	104
12,23150	103
12,23217	103
12,23283	103
12,23350	103
12,23417	102
12,23483	102
12,23550	101
12,23617	101
12,23683	100
12,23750	100
12,23817	100
12,23883	99
12,23950	99
12,24017	99
12,24083	98
12,24150	98
12,24217	97
12,24283	97
12,24350	96
12,24417	96
12,24483	95
12,24550	95
12,24617	94
12,24683	94
12,24750	94
12,24817	94
12,24883	93
12,24950	93
12,25017	93
12,25083	93
12,25150	92
12,25217	92
12,25283	92
12,25350	91
12,25417	91
12,25483	91
12,25550	90
12,25617	90
12,25683	90
12,25750	90
12,25817	90
12,25883	89
12,25950	89
12,26017	89
12,26083	88
12,26150	88
12,26217	88
12,26283	87
12,26350	87
12,26417	86
12,26483	86
12,26550	85
12,26617	85
12,26683	84
12,26750	84
12,26817	83
12,26883	83
12,26950	83
12,27017	83
12,27083	82
12,27150	82
12,27217	82
12,27283	82
12,27350	81
12,27417	81
12,27483	81
12,27550	81
12,27617	80
12,27683	80
12,27750	80
12,27817	80
12,27883	80
12,27950	80
12,28017	80
12,28083	80
12,28150	80
12,28217	79
12,28283	79
12,28350	79
12,28417	78
12,28483	78
12,28550	78
12,28617	77
12,28683	77
12,28750	77
12,28817	77
12,28883	76
12,28950	76
12,29017	76
12,29083	76
12,29150	76
12,29217	75
12,29283	75
12,29350	75
12,29417	75
12,29483	75
12,29550	74
12,29617	74
12,29683	74
12,29750	74
12,29817	74
12,29883	74
12,29950	73
12,30017	73
12,30083	73
12,30150	73
12,30217	73
12,30283	73
12,30350	73
12,30417	73
12,30483	73
12,30550	73
12,30617	73
12,30683	73
12,30750	73
12,30817	73
12,30883	73
12,30950	73
12,31017	73
12,31083	73
12,31150	74
12,31217	74
12,31283	74
12,31350	74
12,31417	74
12,31483	73
12,31550	73
12,31617	73
12,31683	73
12,31750	73
12,31817	73
12,31883	73
12,31950	73
12,32017	73
12,32083	73
12,32150	73
12,32217	73
12,32283	73
12,32350	73
12,32417	74
12,32483	74
12,32550	74
12,32617	75
12,32683	75
12,32750	75
12,32817	76
12,32883	76
12,32950	77
12,33017	77
12,33083	77
12,33150	78
12,33217	78
12,33283	79
12,33350	79
12,33417	80
12,33483	81
12,33550	81
12,33617	82
12,33683	82
12,33750	83
12,33817	83
12,33883	83
12,33950	84
12,34017	84
12,34083	84
12,34150	85
12,34217	85
12,34283	85
12,34350	86
12,34417	86
12,34483	86
12,34550	87
12,34617	87
12,34683	87
12,34750	88
12,34817	88
12,34883	88
12,34950	88
12,35017	88
12,35083	88
12,35150	88
12,35217	88
12,35283	87
12,35350	87
12,35417	87
12,35483	87
12,35550	87
12,35617	87
12,35683	87
12,35750	87
12,35817	88
12,35883	88
12,35950	88
12,36017	88
12,36083	88
12,36150	88
12,36217	88
12,36283	88
12,36350	89
12,36417	89
12,36483	89
12,36550	90
12,36617	90
12,36683	90
12,36750	91
12,36817	92
12,36883	92
12,36950	93
12,37017	93
12,37083	93
12,37150	94
12,37217	94
12,37283	94
12,37350	95
12,37417	95
12,37483	95
12,37550	95
12,37617	95
12,37683	96
12,37750	96
12,37817	96
12,37883	97
12,37950	97
12,38017	97
12,38083	98
12,38150	98
12,38217	98
12,38283	98
12,38350	99
12,38417	99
12,38483	99
12,38550	100
12,38617	100
12,38683	100
12,38750	101
12,38817	101
12,38883	102
12,38950	102
12,39017	102
12,39083	103
12,39150	103
12,39217	103
12,39283	104
12,39350	104
12,39417	104
12,39483	104
12,39550	104
12,39617	104
12,39683	105
12,39750	105
12,39817	105
12,39883	105
12,39950	105
12,40017	106
12,40083	106
12,40150	106
12,40217	107
12,40283	107
12,40350	107
12,40417	108
12,40483	108
12,40550	108
12,40617	108
12,40683	108
12,40750	108
12,40817	108
12,40883	108
12,40950	109
12,41017	109
12,41083	109
12,41150	109
12,41217	109
12,41283	109
12,41350	109
12,41417	108
12,41483	108
12,41550	108
12,41617	108
12,41683	108
12,41750	108
12,41817	108
12,41883	108
12,41950	108
12,42017	108
12,42083	107
12,42150	107
12,42217	107
12,42283	107
12,42350	108
12,42417	108
12,42483	108
12,42550	108
12,42617	108
12,42683	108
12,42750	107
12,42817	107
12,42883	107
12,42950	107
12,43017	107
12,43083	107
12,43150	107
12,43217	107
12,43283	107
12,43350	107
12,43417	107
12,43483	107
12,43550	107
12,43617	107
12,43683	107
12,43750	106
12,43817	106
12,43883	106
12,43950	106
12,44017	105
12,44083	105
12,44150	105
12,44217	104
12,44283	104
12,44350	104
12,44417	104
12,44483	103
12,44550	103
12,44617	103
12,44683	103
12,44750	102
12,44817	102
12,44883	102
12,44950	102
12,45017	102
12,45083	102
12,45150	102
12,45217	102
12,45283	102
12,45350	102
12,45417	102
12,45483	101
12,45550	101
12,45617	101
12,45683	100
12,45750	100
12,45817	99
12,45883	99
12,45950	98
12,46017	97
12,46083	97
12,46150	96
12,46217	96
12,46283	95
12,46350	95
12,46417	94
12,46483	94
12,46550	93
12,46617	92
12,46683	92
12,46750	91
12,46817	90
12,46883	89
12,46950	89
12,47017	88
12,47083	88
12,47150	87
12,47217	87
12,47283	86
12,47350	86
12,47417	85
12,47483	85
12,47550	85
12,47617	85
12,47683	84
12,47750	84
12,47817	83
12,47883	83
12,47950	82
12,48017	82
12,48083	82
12,48150	81
12,48217	81
12,48283	81
12,48350	81
12,48417	80
12,48483	80
12,48550	80
12,48617	79
12,48683	79
12,48750	78
12,48817	78
12,48883	77
12,48950	77
12,49017	76
12,49083	76
12,49150	76
12,49217	75
12,49283	75
12,49350	75
12,49417	75
12,49483	74
12,49550	74
12,49617	73
12,49683	73
12,49750	73
12,49817	72
12,49883	72
12,49950	71
12,50017	71
12,50083	71
12,50150	71
12,50217	71
12,50283	71
12,50350	71
12,50417	71
12,50483	70
12,50550	70
12,50617	70
12,50683	70
12,50750	70
12,50817	70
12,50883	71
12,50950	71
12,51017	71
12,51083	71
12,51150	71
12,51217	71
12,51283	71
12,51350	71
12,51417	71
12,51483	71
12,51550	71
12,51617	71
12,51683	71
12,51750	72
12,51817	72
12,51883	72
12,51950	73
12,52017	73
12,52083	73
12,52150	73
12,52217	73
12,52283	73
12,52350	73
12,52417	73
12,52483	73
12,52550	74
12,52617	74
12,52683	74
12,52750	74
12,52817	74
12,52883	74
12,52950	73
12,53017	73
12,53083	73
12,53150	72
12,53217	72
12,53283	72
12,53350	71
12,53417	71
12,53483	71
12,53550	71
12,53617	71
12,53683	70
12,53750	70
12,53817	70
12,53883	70
12,53950	70
12,54017	69
12,54083	69
12,54150	69
12,54217	69
12,54283	69
12,54350	69
12,54417	69
12,54483	68
12,54550	68
12,54617	68
12,54683	68
12,54750	68
12,54817	68
12,54883	68
12,54950	68
12,55017	68
12,55083	68
12,55150	68
12,55217	68
12,55283	68
12,55350	68
12,55417	68
12,55483	68
12,55550	67
12,55617	67
12,55683	68
12,55750	68
12,55817	68
12,55883	67
12,55950	67
12,56017	67
12,56083	67
12,56150	67
12,56217	67
12,56283	67
12,56350	67
12,56417	67
12,56483	67
12,56550	67
12,56617	67
12,56683	66
12,56750	66
12,56817	66
12,56883	66
12,56950	66
12,57017	67
12,57083	67
12,57150	67
12,57217	67
12,57283	68
12,57350	68
12,57417	68
12,57483	68
12,57550	68
12,57617	68
12,57683	68
12,57750	68
12,57817	68
12,57883	68
12,57950	69
12,58017	69
12,58083	69
12,58150	69
12,58217	69
12,58283	69
12,58350	69
12,58417	68
12,58483	68
12,58550	68
12,58617	68
12,58683	68
12,58750	68
12,58817	68
12,58883	67
12,58950	67
12,59017	67
12,59083	67
12,59150	67
12,59217	67
12,59283	67
12,59350	66
12,59417	66
12,59483	66
12,59550	66
12,59617	66
12,59683	66
12,59750	65
12,59817	65
12,59883	65
12,59950	65
12,60017	65
12,60083	65
12,60150	65
12,60217	65
12,60283	65
12,60350	65
12,60417	65
12,60483	64
12,60550	64
12,60617	64
12,60683	63
12,60750	63
12,60817	63
12,60883	63
12,60950	62
12,61017	62
12,61083	62
12,61150	61
12,61217	61
12,61283	61
12,61350	61
12,61417	61
12,61483	61
12,61550	61
12,61617	60
12,61683	60
12,61750	60
12,61817	59
12,61883	59
12,61950	59
12,62017	59
12,62083	59
12,62150	58
12,62217	58
12,62283	58
12,62350	58
12,62417	58
12,62483	58
12,62550	58
12,62617	58
12,62683	58
12,62750	59
12,62817	59
12,62883	59
12,62950	65

