[Header]
Application Name	LabSolutions
Version	5.97
Data File Name	G:\GC data\Mara\MWH_022\MWH_022_t180m_17.03.2026_26.gcd
Output Date	09.04.2026
Output Time	10:50:10

[File Information]
Type	Data File
Generated	17.03.2026 23:28:59
Generated by	System Administrator
Modified	09.04.2026 10:50:10
Modified by	System Administrator

[Sample Information]
Operator Name	System Administrator
Acquired	17.03.2026 23:32:07
Sample Type	0:Unknown
Level	1
Sample Name	MWH_022_t180m
Sample ID	
ISTD Amount1	1
ISTD Amount2	1
ISTD Amount3	1
ISTD Amount4	1
ISTD Amount5	1
ISTD Amount6	1
ISTD Amount7	1
ISTD Amount8	1
ISTD Amount9	1
ISTD Amount10	1
ISTD Amount11	1
ISTD Amount12	1
ISTD Amount13	1
ISTD Amount14	1
ISTD Amount15	1
ISTD Amount16	1
ISTD Amount17	1
ISTD Amount18	1
ISTD Amount19	1
ISTD Amount20	1
ISTD Amount21	1
ISTD Amount22	1
ISTD Amount23	1
ISTD Amount24	1
ISTD Amount25	1
ISTD Amount26	1
ISTD Amount27	1
ISTD Amount28	1
ISTD Amount29	1
ISTD Amount30	1
ISTD Amount31	1
ISTD Amount32	1
Sample Amount	1
Dilution Factor	1
Vial#	23
Injection Volume	0,2
Injection Count	1
Bar Code	

[Original Files]
Data File	G:\GC data\Mara\MWH_022_t180m_17.03.2026_26.gcd
Method File	G:\GC data\MWH3_60-150-200_0-2uL_split50.gcm
Batch File	G:\GC data\Mara\wash_2026-17._03.gcb
Report Format File	c:\LabSolutions\System\DEFAULT.lsr

[File Description]


[Configuration]
Instrument Name	GC-3
Instrument #	1
Line #	1
# of Detectors	1
Detector ID	DET#4
Detector Name	FID1
# of Channels	1

[Peak Table(Ch1)]
# of Peaks	11
Peak#	R.Time	I.Time	F.Time	Area	Height	A/H	Conc.	Mark	ID#	Name	k'	Plate #	Plate Ht.	Tailing	Resolution	Sep.Factor	Area Ratio	Height Ratio	Conc. %	Norm Conc.
1	1,296	1,279	1,317	1083	847	1,279	0,000	 V 			0,000	22362	0,000	0,000	0,000	0,000	0	0	0,000	0,000
2	1,332	1,317	1,410	2669	2041	1,308	0,000	 V 			0,028	28324	0,000	0,000	1,096	0,000	0	0	0,000	0,000
3	1,451	1,410	1,513	1035	730	1,417	0,000	 V 			0,119	31308	0,000	1,814	3,688	4,269	0	0	0,000	0,000
4	1,568	1,513	2,021	6749853	5221731	1,293	0,000	SV 			0,209	36546	0,000	1,408	3,566	1,754	0	0	0,000	0,000
5	1,890	1,853	2,003	207941	151516	1,372	0,000	T  			0,458	48581	0,000	1,268	9,638	2,188	0	0	0,000	0,000
6	2,735	2,689	2,805	684813	457851	1,496	0,000	 V 			1,111	85516	0,000	1,204	23,638	2,423	0	0	0,000	0,000
7	2,826	2,805	2,875	2340	1304	1,794	0,000	 V 			1,180	64350	0,000	0,000	2,204	1,063	0	0	0,000	0,000
8	2,894	2,875	2,964	1019	618	1,650	0,000	 V 			1,233	82395	0,000	0,000	1,627	1,045	0	0	0,000	0,000
9	3,916	3,874	4,173	656696	427132	1,537	0,000	   			2,021	164379	0,000	1,174	25,941	1,639	0	0	0,000	0,000
10	5,523	5,493	5,605	1126	699	1,612	0,000	   			3,261	290960	0,000	1,373	40,493	1,613	0	0	0,000	0,000
11	7,520	7,472	8,027	273121	156964	1,740	0,000	   			4,802	545416	0,000	1,183	49,023	1,472	0	0	0,000	0,000

[Chromatogram (Ch1)]
Interval(msec)	40
# of Points	18945
Start Time(min)	0,001
End Time(min)	12,630
R.Time (min)	Intensity
0,00050	-28
0,00117	-28
0,00183	-28
0,00250	-28
0,00317	-29
0,00383	-29
0,00450	-29
0,00517	-29
0,00583	-29
0,00650	-29
0,00717	-29
0,00783	-29
0,00850	-29
0,00917	-29
0,00983	-29
0,01050	-29
0,01117	-28
0,01183	-28
0,01250	-28
0,01317	-27
0,01383	-27
0,01450	-27
0,01517	-27
0,01583	-26
0,01650	-26
0,01717	-26
0,01783	-26
0,01850	-25
0,01917	-25
0,01983	-25
0,02050	-24
0,02117	-24
0,02183	-24
0,02250	-23
0,02317	-23
0,02383	-23
0,02450	-23
0,02517	-23
0,02583	-23
0,02650	-23
0,02717	-23
0,02783	-23
0,02850	-24
0,02917	-24
0,02983	-24
0,03050	-24
0,03117	-25
0,03183	-25
0,03250	-25
0,03317	-25
0,03383	-26
0,03450	-26
0,03517	-26
0,03583	-26
0,03650	-27
0,03717	-27
0,03783	-27
0,03850	-27
0,03917	-27
0,03983	-27
0,04050	-27
0,04117	-27
0,04183	-26
0,04250	-26
0,04317	-26
0,04383	-26
0,04450	-25
0,04517	-25
0,04583	-25
0,04650	-25
0,04717	-25
0,04783	-24
0,04850	-24
0,04917	-24
0,04983	-24
0,05050	-24
0,05117	-24
0,05183	-25
0,05250	-25
0,05317	-25
0,05383	-25
0,05450	-25
0,05517	-26
0,05583	-26
0,05650	-26
0,05717	-26
0,05783	-26
0,05850	-26
0,05917	-27
0,05983	-27
0,06050	-27
0,06117	-27
0,06183	-27
0,06250	-27
0,06317	-28
0,06383	-28
0,06450	-28
0,06517	-28
0,06583	-27
0,06650	-27
0,06717	-27
0,06783	-27
0,06850	-27
0,06917	-27
0,06983	-27
0,07050	-27
0,07117	-27
0,07183	-27
0,07250	-28
0,07317	-28
0,07383	-28
0,07450	-28
0,07517	-28
0,07583	-28
0,07650	-28
0,07717	-28
0,07783	-28
0,07850	-28
0,07917	-28
0,07983	-28
0,08050	-28
0,08117	-28
0,08183	-28
0,08250	-28
0,08317	-28
0,08383	-28
0,08450	-28
0,08517	-28
0,08583	-28
0,08650	-27
0,08717	-27
0,08783	-27
0,08850	-27
0,08917	-27
0,08983	-27
0,09050	-27
0,09117	-28
0,09183	-28
0,09250	-28
0,09317	-28
0,09383	-28
0,09450	-29
0,09517	-29
0,09583	-29
0,09650	-29
0,09717	-29
0,09783	-28
0,09850	-28
0,09917	-28
0,09983	-28
0,10050	-28
0,10117	-28
0,10183	-28
0,10250	-28
0,10317	-28
0,10383	-28
0,10450	-28
0,10517	-27
0,10583	-27
0,10650	-27
0,10717	-27
0,10783	-27
0,10850	-27
0,10917	-27
0,10983	-27
0,11050	-27
0,11117	-27
0,11183	-27
0,11250	-27
0,11317	-27
0,11383	-27
0,11450	-27
0,11517	-26
0,11583	-26
0,11650	-26
0,11717	-26
0,11783	-25
0,11850	-25
0,11917	-25
0,11983	-24
0,12050	-24
0,12117	-24
0,12183	-24
0,12250	-24
0,12317	-24
0,12383	-24
0,12450	-25
0,12517	-25
0,12583	-25
0,12650	-25
0,12717	-25
0,12783	-24
0,12850	-24
0,12917	-24
0,12983	-24
0,13050	-24
0,13117	-24
0,13183	-24
0,13250	-24
0,13317	-24
0,13383	-24
0,13450	-24
0,13517	-24
0,13583	-24
0,13650	-24
0,13717	-24
0,13783	-24
0,13850	-24
0,13917	-24
0,13983	-24
0,14050	-24
0,14117	-24
0,14183	-24
0,14250	-24
0,14317	-24
0,14383	-24
0,14450	-24
0,14517	-24
0,14583	-24
0,14650	-24
0,14717	-24
0,14783	-24
0,14850	-23
0,14917	-23
0,14983	-23
0,15050	-23
0,15117	-22
0,15183	-22
0,15250	-22
0,15317	-21
0,15383	-21
0,15450	-21
0,15517	-21
0,15583	-21
0,15650	-21
0,15717	-21
0,15783	-21
0,15850	-21
0,15917	-21
0,15983	-22
0,16050	-22
0,16117	-22
0,16183	-22
0,16250	-22
0,16317	-22
0,16383	-22
0,16450	-22
0,16517	-22
0,16583	-22
0,16650	-23
0,16717	-23
0,16783	-23
0,16850	-23
0,16917	-23
0,16983	-23
0,17050	-23
0,17117	-24
0,17183	-24
0,17250	-24
0,17317	-24
0,17383	-24
0,17450	-24
0,17517	-23
0,17583	-23
0,17650	-23
0,17717	-23
0,17783	-23
0,17850	-22
0,17917	-22
0,17983	-22
0,18050	-22
0,18117	-22
0,18183	-22
0,18250	-22
0,18317	-21
0,18383	-21
0,18450	-21
0,18517	-21
0,18583	-21
0,18650	-21
0,18717	-21
0,18783	-21
0,18850	-21
0,18917	-21
0,18983	-21
0,19050	-21
0,19117	-21
0,19183	-20
0,19250	-20
0,19317	-21
0,19383	-21
0,19450	-21
0,19517	-21
0,19583	-21
0,19650	-21
0,19717	-21
0,19783	-21
0,19850	-21
0,19917	-21
0,19983	-22
0,20050	-22
0,20117	-22
0,20183	-21
0,20250	-21
0,20317	-21
0,20383	-21
0,20450	-20
0,20517	-20
0,20583	-20
0,20650	-20
0,20717	-20
0,20783	-20
0,20850	-20
0,20917	-20
0,20983	-21
0,21050	-21
0,21117	-21
0,21183	-21
0,21250	-21
0,21317	-21
0,21383	-21
0,21450	-22
0,21517	-22
0,21583	-22
0,21650	-22
0,21717	-22
0,21783	-23
0,21850	-23
0,21917	-23
0,21983	-24
0,22050	-24
0,22117	-24
0,22183	-25
0,22250	-25
0,22317	-26
0,22383	-26
0,22450	-26
0,22517	-27
0,22583	-27
0,22650	-27
0,22717	-27
0,22783	-27
0,22850	-27
0,22917	-27
0,22983	-28
0,23050	-28
0,23117	-28
0,23183	-27
0,23250	-27
0,23317	-27
0,23383	-27
0,23450	-27
0,23517	-27
0,23583	-27
0,23650	-27
0,23717	-27
0,23783	-27
0,23850	-27
0,23917	-27
0,23983	-28
0,24050	-28
0,24117	-28
0,24183	-28
0,24250	-28
0,24317	-29
0,24383	-29
0,24450	-29
0,24517	-29
0,24583	-29
0,24650	-29
0,24717	-29
0,24783	-29
0,24850	-29
0,24917	-29
0,24983	-29
0,25050	-29
0,25117	-29
0,25183	-29
0,25250	-29
0,25317	-28
0,25383	-28
0,25450	-28
0,25517	-28
0,25583	-28
0,25650	-28
0,25717	-28
0,25783	-28
0,25850	-28
0,25917	-28
0,25983	-28
0,26050	-28
0,26117	-28
0,26183	-29
0,26250	-29
0,26317	-29
0,26383	-29
0,26450	-29
0,26517	-30
0,26583	-30
0,26650	-30
0,26717	-30
0,26783	-30
0,26850	-30
0,26917	-31
0,26983	-31
0,27050	-31
0,27117	-31
0,27183	-31
0,27250	-31
0,27317	-31
0,27383	-31
0,27450	-30
0,27517	-30
0,27583	-30
0,27650	-30
0,27717	-30
0,27783	-30
0,27850	-30
0,27917	-30
0,27983	-30
0,28050	-30
0,28117	-29
0,28183	-29
0,28250	-29
0,28317	-29
0,28383	-29
0,28450	-30
0,28517	-30
0,28583	-30
0,28650	-29
0,28717	-29
0,28783	-29
0,28850	-29
0,28917	-29
0,28983	-29
0,29050	-29
0,29117	-28
0,29183	-28
0,29250	-28
0,29317	-28
0,29383	-28
0,29450	-28
0,29517	-28
0,29583	-28
0,29650	-28
0,29717	-28
0,29783	-28
0,29850	-29
0,29917	-29
0,29983	-29
0,30050	-29
0,30117	-29
0,30183	-29
0,30250	-29
0,30317	-29
0,30383	-29
0,30450	-29
0,30517	-29
0,30583	-30
0,30650	-30
0,30717	-29
0,30783	-29
0,30850	-29
0,30917	-29
0,30983	-29
0,31050	-29
0,31117	-30
0,31183	-30
0,31250	-30
0,31317	-30
0,31383	-30
0,31450	-31
0,31517	-31
0,31583	-31
0,31650	-31
0,31717	-30
0,31783	-30
0,31850	-30
0,31917	-30
0,31983	-30
0,32050	-30
0,32117	-30
0,32183	-30
0,32250	-30
0,32317	-29
0,32383	-29
0,32450	-29
0,32517	-29
0,32583	-29
0,32650	-29
0,32717	-29
0,32783	-29
0,32850	-28
0,32917	-28
0,32983	-27
0,33050	-27
0,33117	-26
0,33183	-25
0,33250	-24
0,33317	-23
0,33383	-23
0,33450	-22
0,33517	-22
0,33583	-21
0,33650	-21
0,33717	-20
0,33783	-20
0,33850	-20
0,33917	-19
0,33983	-19
0,34050	-19
0,34117	-19
0,34183	-19
0,34250	-18
0,34317	-18
0,34383	-17
0,34450	-17
0,34517	-17
0,34583	-16
0,34650	-16
0,34717	-15
0,34783	-15
0,34850	-15
0,34917	-14
0,34983	-14
0,35050	-14
0,35117	-13
0,35183	-13
0,35250	-12
0,35317	-12
0,35383	-12
0,35450	-11
0,35517	-11
0,35583	-11
0,35650	-11
0,35717	-11
0,35783	-11
0,35850	-11
0,35917	-11
0,35983	-12
0,36050	-12
0,36117	-12
0,36183	-12
0,36250	-12
0,36317	-12
0,36383	-12
0,36450	-12
0,36517	-12
0,36583	-12
0,36650	-12
0,36717	-12
0,36783	-12
0,36850	-12
0,36917	-12
0,36983	-12
0,37050	-12
0,37117	-12
0,37183	-12
0,37250	-12
0,37317	-12
0,37383	-11
0,37450	-11
0,37517	-11
0,37583	-11
0,37650	-11
0,37717	-11
0,37783	-11
0,37850	-11
0,37917	-11
0,37983	-11
0,38050	-11
0,38117	-11
0,38183	-11
0,38250	-11
0,38317	-11
0,38383	-11
0,38450	-11
0,38517	-11
0,38583	-11
0,38650	-11
0,38717	-11
0,38783	-11
0,38850	-11
0,38917	-11
0,38983	-11
0,39050	-11
0,39117	-11
0,39183	-11
0,39250	-12
0,39317	-12
0,39383	-12
0,39450	-12
0,39517	-12
0,39583	-12
0,39650	-12
0,39717	-12
0,39783	-12
0,39850	-12
0,39917	-11
0,39983	-11
0,40050	-11
0,40117	-11
0,40183	-10
0,40250	-10
0,40317	-10
0,40383	-9
0,40450	-9
0,40517	-9
0,40583	-9
0,40650	-9
0,40717	-9
0,40783	-9
0,40850	-8
0,40917	-8
0,40983	-8
0,41050	-8
0,41117	-8
0,41183	-9
0,41250	-9
0,41317	-9
0,41383	-9
0,41450	-9
0,41517	-10
0,41583	-10
0,41650	-10
0,41717	-10
0,41783	-10
0,41850	-10
0,41917	-10
0,41983	-10
0,42050	-10
0,42117	-10
0,42183	-11
0,42250	-11
0,42317	-11
0,42383	-12
0,42450	-12
0,42517	-12
0,42583	-13
0,42650	-13
0,42717	-13
0,42783	-13
0,42850	-13
0,42917	-13
0,42983	-13
0,43050	-14
0,43117	-14
0,43183	-14
0,43250	-14
0,43317	-14
0,43383	-14
0,43450	-14
0,43517	-14
0,43583	-14
0,43650	-14
0,43717	-15
0,43783	-15
0,43850	-15
0,43917	-15
0,43983	-15
0,44050	-15
0,44117	-14
0,44183	-14
0,44250	-14
0,44317	-14
0,44383	-13
0,44450	-13
0,44517	-13
0,44583	-13
0,44650	-13
0,44717	-12
0,44783	-12
0,44850	-12
0,44917	-12
0,44983	-12
0,45050	-13
0,45117	-13
0,45183	-13
0,45250	-13
0,45317	-13
0,45383	-13
0,45450	-13
0,45517	-13
0,45583	-13
0,45650	-13
0,45717	-13
0,45783	-13
0,45850	-13
0,45917	-13
0,45983	-13
0,46050	-13
0,46117	-13
0,46183	-13
0,46250	-13
0,46317	-13
0,46383	-12
0,46450	-12
0,46517	-12
0,46583	-12
0,46650	-12
0,46717	-12
0,46783	-13
0,46850	-13
0,46917	-13
0,46983	-13
0,47050	-13
0,47117	-13
0,47183	-13
0,47250	-14
0,47317	-14
0,47383	-14
0,47450	-14
0,47517	-14
0,47583	-14
0,47650	-15
0,47717	-15
0,47783	-15
0,47850	-15
0,47917	-15
0,47983	-15
0,48050	-15
0,48117	-15
0,48183	-14
0,48250	-14
0,48317	-14
0,48383	-14
0,48450	-15
0,48517	-15
0,48583	-15
0,48650	-15
0,48717	-16
0,48783	-16
0,48850	-17
0,48917	-17
0,48983	-17
0,49050	-18
0,49117	-18
0,49183	-18
0,49250	-18
0,49317	-18
0,49383	-18
0,49450	-18
0,49517	-19
0,49583	-19
0,49650	-19
0,49717	-19
0,49783	-19
0,49850	-19
0,49917	-19
0,49983	-19
0,50050	-19
0,50117	-19
0,50183	-19
0,50250	-19
0,50317	-20
0,50383	-20
0,50450	-20
0,50517	-20
0,50583	-20
0,50650	-21
0,50717	-21
0,50783	-21
0,50850	-21
0,50917	-21
0,50983	-21
0,51050	-21
0,51117	-21
0,51183	-21
0,51250	-21
0,51317	-21
0,51383	-21
0,51450	-20
0,51517	-20
0,51583	-20
0,51650	-19
0,51717	-19
0,51783	-19
0,51850	-19
0,51917	-19
0,51983	-19
0,52050	-19
0,52117	-20
0,52183	-20
0,52250	-20
0,52317	-20
0,52383	-20
0,52450	-21
0,52517	-21
0,52583	-21
0,52650	-21
0,52717	-21
0,52783	-20
0,52850	-20
0,52917	-20
0,52983	-20
0,53050	-20
0,53117	-20
0,53183	-20
0,53250	-20
0,53317	-19
0,53383	-19
0,53450	-19
0,53517	-19
0,53583	-19
0,53650	-19
0,53717	-19
0,53783	-19
0,53850	-19
0,53917	-18
0,53983	-18
0,54050	-18
0,54117	-18
0,54183	-18
0,54250	-18
0,54317	-18
0,54383	-18
0,54450	-18
0,54517	-18
0,54583	-18
0,54650	-18
0,54717	-18
0,54783	-18
0,54850	-18
0,54917	-18
0,54983	-18
0,55050	-18
0,55117	-18
0,55183	-18
0,55250	-18
0,55317	-18
0,55383	-18
0,55450	-19
0,55517	-19
0,55583	-19
0,55650	-19
0,55717	-19
0,55783	-19
0,55850	-19
0,55917	-19
0,55983	-19
0,56050	-19
0,56117	-19
0,56183	-19
0,56250	-20
0,56317	-20
0,56383	-20
0,56450	-20
0,56517	-20
0,56583	-20
0,56650	-20
0,56717	-20
0,56783	-20
0,56850	-20
0,56917	-20
0,56983	-20
0,57050	-21
0,57117	-21
0,57183	-21
0,57250	-21
0,57317	-21
0,57383	-21
0,57450	-21
0,57517	-20
0,57583	-20
0,57650	-20
0,57717	-20
0,57783	-20
0,57850	-20
0,57917	-20
0,57983	-20
0,58050	-20
0,58117	-21
0,58183	-21
0,58250	-21
0,58317	-21
0,58383	-21
0,58450	-21
0,58517	-22
0,58583	-22
0,58650	-22
0,58717	-22
0,58783	-22
0,58850	-22
0,58917	-22
0,58983	-22
0,59050	-21
0,59117	-21
0,59183	-21
0,59250	-20
0,59317	-20
0,59383	-20
0,59450	-20
0,59517	-20
0,59583	-20
0,59650	-20
0,59717	-20
0,59783	-20
0,59850	-20
0,59917	-20
0,59983	-21
0,60050	-21
0,60117	-21
0,60183	-21
0,60250	-22
0,60317	-22
0,60383	-22
0,60450	-22
0,60517	-22
0,60583	-23
0,60650	-23
0,60717	-23
0,60783	-23
0,60850	-23
0,60917	-23
0,60983	-24
0,61050	-24
0,61117	-24
0,61183	-24
0,61250	-24
0,61317	-24
0,61383	-24
0,61450	-24
0,61517	-24
0,61583	-24
0,61650	-24
0,61717	-24
0,61783	-24
0,61850	-24
0,61917	-24
0,61983	-24
0,62050	-24
0,62117	-24
0,62183	-24
0,62250	-24
0,62317	-24
0,62383	-24
0,62450	-24
0,62517	-24
0,62583	-24
0,62650	-24
0,62717	-24
0,62783	-24
0,62850	-24
0,62917	-24
0,62983	-24
0,63050	-24
0,63117	-24
0,63183	-25
0,63250	-25
0,63317	-25
0,63383	-25
0,63450	-24
0,63517	-24
0,63583	-24
0,63650	-24
0,63717	-24
0,63783	-24
0,63850	-24
0,63917	-23
0,63983	-23
0,64050	-23
0,64117	-23
0,64183	-22
0,64250	-22
0,64317	-22
0,64383	-22
0,64450	-22
0,64517	-22
0,64583	-22
0,64650	-23
0,64717	-23
0,64783	-23
0,64850	-23
0,64917	-23
0,64983	-24
0,65050	-24
0,65117	-24
0,65183	-24
0,65250	-24
0,65317	-24
0,65383	-24
0,65450	-24
0,65517	-24
0,65583	-24
0,65650	-24
0,65717	-24
0,65783	-24
0,65850	-23
0,65917	-23
0,65983	-23
0,66050	-23
0,66117	-23
0,66183	-23
0,66250	-23
0,66317	-23
0,66383	-24
0,66450	-24
0,66517	-24
0,66583	-24
0,66650	-24
0,66717	-25
0,66783	-25
0,66850	-25
0,66917	-25
0,66983	-26
0,67050	-26
0,67117	-26
0,67183	-26
0,67250	-26
0,67317	-26
0,67383	-26
0,67450	-26
0,67517	-26
0,67583	-26
0,67650	-26
0,67717	-26
0,67783	-26
0,67850	-26
0,67917	-26
0,67983	-26
0,68050	-27
0,68117	-27
0,68183	-27
0,68250	-27
0,68317	-27
0,68383	-27
0,68450	-26
0,68517	-26
0,68583	-26
0,68650	-26
0,68717	-26
0,68783	-26
0,68850	-26
0,68917	-26
0,68983	-26
0,69050	-26
0,69117	-26
0,69183	-26
0,69250	-26
0,69317	-26
0,69383	-26
0,69450	-25
0,69517	-25
0,69583	-25
0,69650	-25
0,69717	-25
0,69783	-25
0,69850	-25
0,69917	-25
0,69983	-25
0,70050	-26
0,70117	-26
0,70183	-26
0,70250	-27
0,70317	-27
0,70383	-27
0,70450	-28
0,70517	-28
0,70583	-28
0,70650	-29
0,70717	-29
0,70783	-29
0,70850	-29
0,70917	-30
0,70983	-30
0,71050	-30
0,71117	-30
0,71183	-31
0,71250	-31
0,71317	-31
0,71383	-31
0,71450	-31
0,71517	-31
0,71583	-30
0,71650	-30
0,71717	-30
0,71783	-30
0,71850	-30
0,71917	-30
0,71983	-30
0,72050	-30
0,72117	-30
0,72183	-29
0,72250	-29
0,72317	-29
0,72383	-29
0,72450	-29
0,72517	-28
0,72583	-28
0,72650	-28
0,72717	-28
0,72783	-27
0,72850	-27
0,72917	-27
0,72983	-27
0,73050	-27
0,73117	-27
0,73183	-27
0,73250	-27
0,73317	-27
0,73383	-27
0,73450	-27
0,73517	-28
0,73583	-28
0,73650	-28
0,73717	-28
0,73783	-28
0,73850	-27
0,73917	-27
0,73983	-27
0,74050	-27
0,74117	-27
0,74183	-27
0,74250	-27
0,74317	-27
0,74383	-27
0,74450	-27
0,74517	-27
0,74583	-27
0,74650	-27
0,74717	-27
0,74783	-27
0,74850	-27
0,74917	-27
0,74983	-27
0,75050	-27
0,75117	-27
0,75183	-27
0,75250	-27
0,75317	-27
0,75383	-27
0,75450	-27
0,75517	-27
0,75583	-27
0,75650	-27
0,75717	-27
0,75783	-27
0,75850	-27
0,75917	-27
0,75983	-27
0,76050	-27
0,76117	-27
0,76183	-27
0,76250	-27
0,76317	-26
0,76383	-27
0,76450	-27
0,76517	-27
0,76583	-27
0,76650	-27
0,76717	-27
0,76783	-27
0,76850	-27
0,76917	-27
0,76983	-26
0,77050	-26
0,77117	-26
0,77183	-26
0,77250	-26
0,77317	-26
0,77383	-26
0,77450	-26
0,77517	-26
0,77583	-26
0,77650	-26
0,77717	-26
0,77783	-26
0,77850	-26
0,77917	-26
0,77983	-26
0,78050	-26
0,78117	-26
0,78183	-26
0,78250	-26
0,78317	-26
0,78383	-26
0,78450	-27
0,78517	-27
0,78583	-27
0,78650	-27
0,78717	-27
0,78783	-27
0,78850	-27
0,78917	-27
0,78983	-27
0,79050	-27
0,79117	-27
0,79183	-27
0,79250	-27
0,79317	-27
0,79383	-27
0,79450	-27
0,79517	-27
0,79583	-26
0,79650	-26
0,79717	-26
0,79783	-26
0,79850	-27
0,79917	-27
0,79983	-27
0,80050	-27
0,80117	-27
0,80183	-27
0,80250	-27
0,80317	-28
0,80383	-28
0,80450	-28
0,80517	-28
0,80583	-28
0,80650	-28
0,80717	-29
0,80783	-29
0,80850	-29
0,80917	-30
0,80983	-30
0,81050	-30
0,81117	-31
0,81183	-31
0,81250	-31
0,81317	-31
0,81383	-31
0,81450	-30
0,81517	-30
0,81583	-30
0,81650	-30
0,81717	-30
0,81783	-30
0,81850	-30
0,81917	-30
0,81983	-30
0,82050	-30
0,82117	-30
0,82183	-30
0,82250	-30
0,82317	-30
0,82383	-30
0,82450	-30
0,82517	-30
0,82583	-29
0,82650	-29
0,82717	-29
0,82783	-29
0,82850	-29
0,82917	-29
0,82983	-29
0,83050	-29
0,83117	-29
0,83183	-29
0,83250	-29
0,83317	-29
0,83383	-29
0,83450	-29
0,83517	-29
0,83583	-29
0,83650	-29
0,83717	-29
0,83783	-29
0,83850	-29
0,83917	-29
0,83983	-29
0,84050	-29
0,84117	-29
0,84183	-29
0,84250	-29
0,84317	-29
0,84383	-29
0,84450	-29
0,84517	-29
0,84583	-29
0,84650	-29
0,84717	-30
0,84783	-30
0,84850	-30
0,84917	-30
0,84983	-30
0,85050	-30
0,85117	-30
0,85183	-30
0,85250	-30
0,85317	-30
0,85383	-30
0,85450	-30
0,85517	-30
0,85583	-30
0,85650	-30
0,85717	-31
0,85783	-31
0,85850	-31
0,85917	-31
0,85983	-32
0,86050	-32
0,86117	-32
0,86183	-32
0,86250	-32
0,86317	-32
0,86383	-31
0,86450	-31
0,86517	-31
0,86583	-30
0,86650	-30
0,86717	-30
0,86783	-30
0,86850	-29
0,86917	-29
0,86983	-29
0,87050	-29
0,87117	-29
0,87183	-29
0,87250	-28
0,87317	-29
0,87383	-29
0,87450	-29
0,87517	-29
0,87583	-29
0,87650	-29
0,87717	-29
0,87783	-29
0,87850	-29
0,87917	-29
0,87983	-29
0,88050	-29
0,88117	-29
0,88183	-29
0,88250	-29
0,88317	-29
0,88383	-29
0,88450	-29
0,88517	-29
0,88583	-29
0,88650	-29
0,88717	-29
0,88783	-29
0,88850	-29
0,88917	-29
0,88983	-29
0,89050	-29
0,89117	-29
0,89183	-29
0,89250	-29
0,89317	-29
0,89383	-29
0,89450	-29
0,89517	-29
0,89583	-29
0,89650	-29
0,89717	-29
0,89783	-29
0,89850	-29
0,89917	-29
0,89983	-29
0,90050	-29
0,90117	-29
0,90183	-29
0,90250	-29
0,90317	-29
0,90383	-29
0,90450	-29
0,90517	-29
0,90583	-29
0,90650	-29
0,90717	-29
0,90783	-29
0,90850	-29
0,90917	-29
0,90983	-29
0,91050	-28
0,91117	-28
0,91183	-29
0,91250	-29
0,91317	-29
0,91383	-29
0,91450	-30
0,91517	-30
0,91583	-30
0,91650	-31
0,91717	-31
0,91783	-31
0,91850	-31
0,91917	-31
0,91983	-31
0,92050	-31
0,92117	-31
0,92183	-31
0,92250	-31
0,92317	-31
0,92383	-31
0,92450	-31
0,92517	-32
0,92583	-32
0,92650	-32
0,92717	-32
0,92783	-31
0,92850	-31
0,92917	-31
0,92983	-31
0,93050	-31
0,93117	-30
0,93183	-30
0,93250	-30
0,93317	-30
0,93383	-29
0,93450	-29
0,93517	-29
0,93583	-29
0,93650	-29
0,93717	-29
0,93783	-29
0,93850	-29
0,93917	-29
0,93983	-30
0,94050	-30
0,94117	-30
0,94183	-30
0,94250	-31
0,94317	-31
0,94383	-31
0,94450	-31
0,94517	-31
0,94583	-31
0,94650	-31
0,94717	-31
0,94783	-31
0,94850	-31
0,94917	-31
0,94983	-31
0,95050	-31
0,95117	-31
0,95183	-31
0,95250	-31
0,95317	-31
0,95383	-31
0,95450	-30
0,95517	-30
0,95583	-30
0,95650	-30
0,95717	-30
0,95783	-30
0,95850	-31
0,95917	-31
0,95983	-31
0,96050	-31
0,96117	-31
0,96183	-31
0,96250	-31
0,96317	-31
0,96383	-30
0,96450	-30
0,96517	-30
0,96583	-31
0,96650	-31
0,96717	-31
0,96783	-31
0,96850	-31
0,96917	-31
0,96983	-31
0,97050	-31
0,97117	-31
0,97183	-31
0,97250	-30
0,97317	-30
0,97383	-30
0,97450	-30
0,97517	-30
0,97583	-30
0,97650	-30
0,97717	-30
0,97783	-30
0,97850	-30
0,97917	-30
0,97983	-30
0,98050	-30
0,98117	-30
0,98183	-30
0,98250	-30
0,98317	-30
0,98383	-30
0,98450	-31
0,98517	-31
0,98583	-31
0,98650	-32
0,98717	-32
0,98783	-33
0,98850	-33
0,98917	-33
0,98983	-33
0,99050	-33
0,99117	-34
0,99183	-34
0,99250	-34
0,99317	-34
0,99383	-34
0,99450	-34
0,99517	-34
0,99583	-34
0,99650	-34
0,99717	-34
0,99783	-33
0,99850	-33
0,99917	-33
0,99983	-33
1,00050	-33
1,00117	-33
1,00183	-32
1,00250	-32
1,00317	-32
1,00383	-32
1,00450	-32
1,00517	-32
1,00583	-32
1,00650	-32
1,00717	-32
1,00783	-32
1,00850	-32
1,00917	-32
1,00983	-32
1,01050	-32
1,01117	-32
1,01183	-32
1,01250	-32
1,01317	-31
1,01383	-31
1,01450	-31
1,01517	-32
1,01583	-32
1,01650	-32
1,01717	-32
1,01783	-32
1,01850	-32
1,01917	-32
1,01983	-32
1,02050	-32
1,02117	-32
1,02183	-32
1,02250	-31
1,02317	-31
1,02383	-31
1,02450	-31
1,02517	-30
1,02583	-30
1,02650	-30
1,02717	-30
1,02783	-30
1,02850	-30
1,02917	-30
1,02983	-30
1,03050	-30
1,03117	-31
1,03183	-31
1,03250	-31
1,03317	-31
1,03383	-31
1,03450	-31
1,03517	-31
1,03583	-31
1,03650	-31
1,03717	-31
1,03783	-31
1,03850	-31
1,03917	-32
1,03983	-32
1,04050	-32
1,04117	-32
1,04183	-33
1,04250	-33
1,04317	-33
1,04383	-33
1,04450	-33
1,04517	-33
1,04583	-33
1,04650	-33
1,04717	-33
1,04783	-33
1,04850	-33
1,04917	-32
1,04983	-32
1,05050	-32
1,05117	-32
1,05183	-32
1,05250	-32
1,05317	-32
1,05383	-32
1,05450	-32
1,05517	-32
1,05583	-32
1,05650	-32
1,05717	-32
1,05783	-32
1,05850	-32
1,05917	-32
1,05983	-32
1,06050	-33
1,06117	-33
1,06183	-33
1,06250	-34
1,06317	-34
1,06383	-34
1,06450	-34
1,06517	-34
1,06583	-34
1,06650	-34
1,06717	-34
1,06783	-34
1,06850	-34
1,06917	-34
1,06983	-34
1,07050	-34
1,07117	-34
1,07183	-34
1,07250	-34
1,07317	-34
1,07383	-34
1,07450	-34
1,07517	-34
1,07583	-33
1,07650	-33
1,07717	-33
1,07783	-33
1,07850	-33
1,07917	-33
1,07983	-33
1,08050	-33
1,08117	-33
1,08183	-34
1,08250	-34
1,08317	-34
1,08383	-34
1,08450	-34
1,08517	-34
1,08583	-34
1,08650	-35
1,08717	-35
1,08783	-35
1,08850	-35
1,08917	-35
1,08983	-34
1,09050	-34
1,09117	-34
1,09183	-34
1,09250	-34
1,09317	-33
1,09383	-33
1,09450	-33
1,09517	-33
1,09583	-33
1,09650	-34
1,09717	-34
1,09783	-34
1,09850	-34
1,09917	-34
1,09983	-34
1,10050	-34
1,10117	-34
1,10183	-34
1,10250	-34
1,10317	-34
1,10383	-34
1,10450	-34
1,10517	-34
1,10583	-34
1,10650	-34
1,10717	-34
1,10783	-34
1,10850	-34
1,10917	-34
1,10983	-34
1,11050	-34
1,11117	-34
1,11183	-33
1,11250	-33
1,11317	-33
1,11383	-33
1,11450	-33
1,11517	-32
1,11583	-32
1,11650	-32
1,11717	-32
1,11783	-32
1,11850	-32
1,11917	-32
1,11983	-32
1,12050	-31
1,12117	-31
1,12183	-31
1,12250	-31
1,12317	-31
1,12383	-31
1,12450	-31
1,12517	-32
1,12583	-32
1,12650	-32
1,12717	-32
1,12783	-32
1,12850	-32
1,12917	-32
1,12983	-32
1,13050	-32
1,13117	-33
1,13183	-33
1,13250	-33
1,13317	-33
1,13383	-33
1,13450	-33
1,13517	-33
1,13583	-33
1,13650	-33
1,13717	-33
1,13783	-33
1,13850	-33
1,13917	-33
1,13983	-32
1,14050	-31
1,14117	-29
1,14183	-27
1,14250	-24
1,14317	-20
1,14383	-15
1,14450	-10
1,14517	-4
1,14583	2
1,14650	9
1,14717	15
1,14783	22
1,14850	29
1,14917	36
1,14983	42
1,15050	49
1,15117	54
1,15183	59
1,15250	63
1,15317	67
1,15383	70
1,15450	73
1,15517	74
1,15583	75
1,15650	76
1,15717	75
1,15783	74
1,15850	73
1,15917	71
1,15983	68
1,16050	66
1,16117	63
1,16183	60
1,16250	56
1,16317	53
1,16383	49
1,16450	46
1,16517	42
1,16583	39
1,16650	35
1,16717	32
1,16783	28
1,16850	25
1,16917	22
1,16983	18
1,17050	16
1,17117	13
1,17183	10
1,17250	8
1,17317	6
1,17383	3
1,17450	2
1,17517	0
1,17583	-2
1,17650	-3
1,17717	-4
1,17783	-5
1,17850	-6
1,17917	-7
1,17983	-7
1,18050	-8
1,18117	-8
1,18183	-8
1,18250	-8
1,18317	-8
1,18383	-7
1,18450	-7
1,18517	-6
1,18583	-5
1,18650	-4
1,18717	-4
1,18783	-3
1,18850	-2
1,18917	-2
1,18983	-2
1,19050	-2
1,19117	-2
1,19183	-2
1,19250	-2
1,19317	-2
1,19383	-2
1,19450	-2
1,19517	-2
1,19583	-1
1,19650	-1
1,19717	-1
1,19783	-0
1,19850	0
1,19917	1
1,19983	1
1,20050	2
1,20117	2
1,20183	3
1,20250	4
1,20317	4
1,20383	5
1,20450	5
1,20517	5
1,20583	5
1,20650	5
1,20717	4
1,20783	4
1,20850	3
1,20917	3
1,20983	2
1,21050	1
1,21117	0
1,21183	-1
1,21250	-2
1,21317	-3
1,21383	-4
1,21450	-5
1,21517	-5
1,21583	-6
1,21650	-7
1,21717	-8
1,21783	-9
1,21850	-10
1,21917	-11
1,21983	-12
1,22050	-13
1,22117	-13
1,22183	-14
1,22250	-15
1,22317	-15
1,22383	-16
1,22450	-16
1,22517	-17
1,22583	-17
1,22650	-17
1,22717	-18
1,22783	-18
1,22850	-18
1,22917	-18
1,22983	-19
1,23050	-19
1,23117	-19
1,23183	-19
1,23250	-19
1,23317	-19
1,23383	-18
1,23450	-17
1,23517	-15
1,23583	-12
1,23650	-7
1,23717	-2
1,23783	5
1,23850	14
1,23917	25
1,23983	36
1,24050	49
1,24117	63
1,24183	78
1,24250	93
1,24317	107
1,24383	121
1,24450	134
1,24517	146
1,24583	157
1,24650	166
1,24717	173
1,24783	179
1,24850	183
1,24917	186
1,24983	187
1,25050	186
1,25117	185
1,25183	182
1,25250	178
1,25317	173
1,25383	168
1,25450	162
1,25517	155
1,25583	148
1,25650	141
1,25717	134
1,25783	126
1,25850	119
1,25917	112
1,25983	105
1,26050	98
1,26117	92
1,26183	85
1,26250	79
1,26317	73
1,26383	67
1,26450	61
1,26517	56
1,26583	51
1,26650	46
1,26717	42
1,26783	37
1,26850	33
1,26917	30
1,26983	26
1,27050	23
1,27117	20
1,27183	17
1,27250	15
1,27317	13
1,27383	11
1,27450	9
1,27517	8
1,27583	8
1,27650	8
1,27717	10
1,27783	13
1,27850	18
1,27917	26
1,27983	37
1,28050	51
1,28117	69
1,28183	92
1,28250	119
1,28317	149
1,28383	184
1,28450	223
1,28517	265
1,28583	310
1,28650	357
1,28717	406
1,28783	456
1,28850	506
1,28917	556
1,28983	604
1,29050	650
1,29117	692
1,29183	729
1,29250	761
1,29317	787
1,29383	808
1,29450	822
1,29517	829
1,29583	831
1,29650	827
1,29717	817
1,29783	803
1,29850	785
1,29917	764
1,29983	739
1,30050	712
1,30117	683
1,30183	653
1,30250	622
1,30317	590
1,30383	559
1,30450	527
1,30517	496
1,30583	466
1,30650	436
1,30717	407
1,30783	380
1,30850	353
1,30917	328
1,30983	303
1,31050	280
1,31117	259
1,31183	238
1,31250	219
1,31317	202
1,31383	186
1,31450	172
1,31517	161
1,31583	153
1,31650	148
1,31717	150
1,31783	158
1,31850	176
1,31917	206
1,31983	251
1,32050	312
1,32117	392
1,32183	491
1,32250	608
1,32317	741
1,32383	887
1,32450	1040
1,32517	1196
1,32583	1349
1,32650	1495
1,32717	1630
1,32783	1750
1,32850	1853
1,32917	1937
1,32983	2001
1,33050	2045
1,33117	2070
1,33183	2077
1,33250	2067
1,33317	2042
1,33383	2004
1,33450	1954
1,33517	1894
1,33583	1827
1,33650	1754
1,33717	1677
1,33783	1596
1,33850	1514
1,33917	1431
1,33983	1349
1,34050	1269
1,34117	1190
1,34183	1114
1,34250	1041
1,34317	972
1,34383	906
1,34450	843
1,34517	785
1,34583	730
1,34650	679
1,34717	631
1,34783	588
1,34850	547
1,34917	509
1,34983	475
1,35050	442
1,35117	413
1,35183	385
1,35250	359
1,35317	335
1,35383	313
1,35450	292
1,35517	272
1,35583	253
1,35650	236
1,35717	219
1,35783	203
1,35850	189
1,35917	175
1,35983	162
1,36050	150
1,36117	138
1,36183	127
1,36250	117
1,36317	107
1,36383	98
1,36450	90
1,36517	82
1,36583	75
1,36650	68
1,36717	62
1,36783	56
1,36850	50
1,36917	45
1,36983	40
1,37050	36
1,37117	32
1,37183	28
1,37250	24
1,37317	21
1,37383	18
1,37450	15
1,37517	13
1,37583	10
1,37650	8
1,37717	6
1,37783	5
1,37850	3
1,37917	2
1,37983	0
1,38050	-1
1,38117	-3
1,38183	-4
1,38250	-6
1,38317	-7
1,38383	-8
1,38450	-9
1,38517	-10
1,38583	-11
1,38650	-12
1,38717	-12
1,38783	-13
1,38850	-14
1,38917	-14
1,38983	-15
1,39050	-15
1,39117	-15
1,39183	-16
1,39250	-16
1,39317	-16
1,39383	-17
1,39450	-17
1,39517	-17
1,39583	-17
1,39650	-18
1,39717	-18
1,39783	-19
1,39850	-19
1,39917	-19
1,39983	-19
1,40050	-19
1,40117	-19
1,40183	-19
1,40250	-19
1,40317	-19
1,40383	-20
1,40450	-20
1,40517	-20
1,40583	-20
1,40650	-21
1,40717	-21
1,40783	-21
1,40850	-20
1,40917	-20
1,40983	-20
1,41050	-20
1,41117	-20
1,41183	-20
1,41250	-20
1,41317	-20
1,41383	-20
1,41450	-20
1,41517	-20
1,41583	-20
1,41650	-20
1,41717	-20
1,41783	-20
1,41850	-21
1,41917	-21
1,41983	-21
1,42050	-22
1,42117	-22
1,42183	-22
1,42250	-23
1,42317	-23
1,42383	-23
1,42450	-24
1,42517	-24
1,42583	-24
1,42650	-25
1,42717	-25
1,42783	-25
1,42850	-25
1,42917	-25
1,42983	-25
1,43050	-24
1,43117	-24
1,43183	-23
1,43250	-21
1,43317	-19
1,43383	-15
1,43450	-10
1,43517	-3
1,43583	6
1,43650	19
1,43717	36
1,43783	57
1,43850	84
1,43917	115
1,43983	151
1,44050	192
1,44117	237
1,44183	285
1,44250	336
1,44317	387
1,44383	438
1,44450	487
1,44517	534
1,44583	577
1,44650	615
1,44717	648
1,44783	675
1,44850	696
1,44917	711
1,44983	720
1,45050	724
1,45117	722
1,45183	714
1,45250	702
1,45317	686
1,45383	667
1,45450	645
1,45517	620
1,45583	594
1,45650	566
1,45717	537
1,45783	509
1,45850	480
1,45917	451
1,45983	424
1,46050	397
1,46117	371
1,46183	347
1,46250	324
1,46317	303
1,46383	284
1,46450	266
1,46517	251
1,46583	237
1,46650	224
1,46717	213
1,46783	204
1,46850	195
1,46917	187
1,46983	180
1,47050	174
1,47117	168
1,47183	162
1,47250	156
1,47317	150
1,47383	144
1,47450	138
1,47517	133
1,47583	126
1,47650	120
1,47717	114
1,47783	108
1,47850	101
1,47917	95
1,47983	88
1,48050	82
1,48117	75
1,48183	69
1,48250	63
1,48317	57
1,48383	52
1,48450	46
1,48517	41
1,48583	37
1,48650	32
1,48717	28
1,48783	24
1,48850	21
1,48917	17
1,48983	14
1,49050	12
1,49117	9
1,49183	7
1,49250	5
1,49317	4
1,49383	2
1,49450	1
1,49517	-0
1,49583	-2
1,49650	-3
1,49717	-4
1,49783	-5
1,49850	-6
1,49917	-7
1,49983	-7
1,50050	-8
1,50117	-9
1,50183	-10
1,50250	-10
1,50317	-11
1,50383	-12
1,50450	-12
1,50517	-12
1,50583	-12
1,50650	-12
1,50717	-12
1,50783	-13
1,50850	-13
1,50917	-13
1,50983	-13
1,51050	-13
1,51117	-12
1,51183	-12
1,51250	-11
1,51317	-10
1,51383	-9
1,51450	-7
1,51517	-5
1,51583	-2
1,51650	1
1,51717	6
1,51783	12
1,51850	20
1,51917	31
1,51983	45
1,52050	62
1,52117	85
1,52183	113
1,52250	147
1,52317	189
1,52383	237
1,52450	294
1,52517	357
1,52583	427
1,52650	502
1,52717	582
1,52783	665
1,52850	748
1,52917	831
1,52983	912
1,53050	988
1,53117	1058
1,53183	1122
1,53250	1178
1,53317	1225
1,53383	1262
1,53450	1290
1,53517	1309
1,53583	1318
1,53650	1317
1,53717	1308
1,53783	1292
1,53850	1269
1,53917	1242
1,53983	1213
1,54050	1187
1,54117	1173
1,54183	1189
1,54250	1269
1,54317	1482
1,54383	1944
1,54450	2848
1,54517	4473
1,54583	7241
1,54650	11735
1,54717	18777
1,54783	29427
1,54850	45094
1,54917	67528
1,54983	98814
1,55050	141365
1,55117	197897
1,55183	271245
1,55250	364141
1,55317	479102
1,55383	618568
1,55450	784257
1,55517	977255
1,55583	1198185
1,55650	1446348
1,55717	1720168
1,55783	2016841
1,55850	2332417
1,55917	2661660
1,55983	2998211
1,56050	3335022
1,56117	3664507
1,56183	3979250
1,56250	4272394
1,56317	4537948
1,56383	4770477
1,56450	4965822
1,56517	5120888
1,56583	5233947
1,56650	5304492
1,56717	5333135
1,56783	5321520
1,56850	5272195
1,56917	5188535
1,56983	5074456
1,57050	4934201
1,57117	4772160
1,57183	4592697
1,57250	4399971
1,57317	4197877
1,57383	3989909
1,57450	3779152
1,57517	3568244
1,57583	3359407
1,57650	3154461
1,57717	2954866
1,57783	2761757
1,57850	2575991
1,57917	2398182
1,57983	2228742
1,58050	2067909
1,58117	1915782
1,58183	1772342
1,58250	1637478
1,58317	1511004
1,58383	1392677
1,58450	1282211
1,58517	1179288
1,58583	1083568
1,58650	994697
1,58717	912314
1,58783	836058
1,58850	765570
1,58917	700496
1,58983	640493
1,59050	585228
1,59117	534381
1,59183	487646
1,59250	444732
1,59317	405362
1,59383	369274
1,59450	336222
1,59517	305974
1,59583	278314
1,59650	253036
1,59717	229953
1,59783	208887
1,59850	189675
1,59917	172162
1,59983	156210
1,60050	141685
1,60117	128468
1,60183	116448
1,60250	105520
1,60317	95590
1,60383	86572
1,60450	78385
1,60517	70956
1,60583	64217
1,60650	58106
1,60717	52567
1,60783	47549
1,60850	43003
1,60917	38886
1,60983	35160
1,61050	31788
1,61117	28738
1,61183	25979
1,61250	23485
1,61317	21230
1,61383	19192
1,61450	17351
1,61517	15688
1,61583	14186
1,61650	12829
1,61717	11605
1,61783	10500
1,61850	9503
1,61917	8603
1,61983	7791
1,62050	7059
1,62117	6399
1,62183	5804
1,62250	5267
1,62317	4783
1,62383	4346
1,62450	3952
1,62517	3598
1,62583	3277
1,62650	2989
1,62717	2728
1,62783	2494
1,62850	2282
1,62917	2091
1,62983	1918
1,63050	1763
1,63117	1622
1,63183	1495
1,63250	1381
1,63317	1277
1,63383	1183
1,63450	1099
1,63517	1022
1,63583	953
1,63650	890
1,63717	833
1,63783	781
1,63850	734
1,63917	692
1,63983	653
1,64050	617
1,64117	585
1,64183	555
1,64250	528
1,64317	504
1,64383	481
1,64450	460
1,64517	441
1,64583	423
1,64650	406
1,64717	391
1,64783	377
1,64850	363
1,64917	351
1,64983	339
1,65050	328
1,65117	318
1,65183	309
1,65250	300
1,65317	292
1,65383	284
1,65450	276
1,65517	269
1,65583	263
1,65650	256
1,65717	250
1,65783	244
1,65850	238
1,65917	233
1,65983	228
1,66050	222
1,66117	218
1,66183	213
1,66250	208
1,66317	204
1,66383	200
1,66450	195
1,66517	192
1,66583	188
1,66650	184
1,66717	181
1,66783	177
1,66850	174
1,66917	171
1,66983	168
1,67050	165
1,67117	162
1,67183	160
1,67250	157
1,67317	154
1,67383	152
1,67450	150
1,67517	147
1,67583	145
1,67650	143
1,67717	140
1,67783	138
1,67850	136
1,67917	134
1,67983	132
1,68050	130
1,68117	128
1,68183	126
1,68250	124
1,68317	122
1,68383	120
1,68450	118
1,68517	116
1,68583	114
1,68650	113
1,68717	111
1,68783	109
1,68850	107
1,68917	105
1,68983	103
1,69050	101
1,69117	100
1,69183	98
1,69250	96
1,69317	95
1,69383	93
1,69450	92
1,69517	90
1,69583	89
1,69650	88
1,69717	86
1,69783	85
1,69850	84
1,69917	83
1,69983	81
1,70050	80
1,70117	79
1,70183	77
1,70250	76
1,70317	75
1,70383	74
1,70450	73
1,70517	72
1,70583	71
1,70650	71
1,70717	70
1,70783	70
1,70850	69
1,70917	69
1,70983	69
1,71050	68
1,71117	68
1,71183	68
1,71250	67
1,71317	67
1,71383	66
1,71450	65
1,71517	65
1,71583	64
1,71650	63
1,71717	62
1,71783	61
1,71850	60
1,71917	60
1,71983	59
1,72050	58
1,72117	57
1,72183	57
1,72250	56
1,72317	55
1,72383	55
1,72450	54
1,72517	54
1,72583	53
1,72650	53
1,72717	52
1,72783	52
1,72850	51
1,72917	51
1,72983	50
1,73050	50
1,73117	49
1,73183	49
1,73250	48
1,73317	47
1,73383	47
1,73450	46
1,73517	45
1,73583	45
1,73650	44
1,73717	43
1,73783	42
1,73850	41
1,73917	40
1,73983	40
1,74050	39
1,74117	38
1,74183	38
1,74250	37
1,74317	37
1,74383	36
1,74450	36
1,74517	35
1,74583	34
1,74650	34
1,74717	33
1,74783	33
1,74850	32
1,74917	32
1,74983	31
1,75050	31
1,75117	30
1,75183	30
1,75250	30
1,75317	29
1,75383	29
1,75450	29
1,75517	28
1,75583	28
1,75650	28
1,75717	28
1,75783	28
1,75850	29
1,75917	29
1,75983	30
1,76050	30
1,76117	31
1,76183	31
1,76250	32
1,76317	33
1,76383	33
1,76450	34
1,76517	34
1,76583	35
1,76650	35
1,76717	36
1,76783	36
1,76850	36
1,76917	36
1,76983	36
1,77050	36
1,77117	36
1,77183	35
1,77250	35
1,77317	34
1,77383	34
1,77450	33
1,77517	32
1,77583	31
1,77650	30
1,77717	28
1,77783	27
1,77850	26
1,77917	24
1,77983	23
1,78050	22
1,78117	21
1,78183	19
1,78250	18
1,78317	17
1,78383	16
1,78450	15
1,78517	15
1,78583	14
1,78650	13
1,78717	12
1,78783	11
1,78850	10
1,78917	10
1,78983	9
1,79050	8
1,79117	8
1,79183	7
1,79250	7
1,79317	7
1,79383	6
1,79450	6
1,79517	5
1,79583	5
1,79650	5
1,79717	4
1,79783	4
1,79850	4
1,79917	4
1,79983	4
1,80050	4
1,80117	4
1,80183	4
1,80250	4
1,80317	4
1,80383	4
1,80450	4
1,80517	4
1,80583	4
1,80650	4
1,80717	5
1,80783	5
1,80850	5
1,80917	5
1,80983	5
1,81050	5
1,81117	5
1,81183	5
1,81250	5
1,81317	5
1,81383	5
1,81450	5
1,81517	4
1,81583	4
1,81650	4
1,81717	4
1,81783	4
1,81850	4
1,81917	4
1,81983	4
1,82050	4
1,82117	4
1,82183	4
1,82250	4
1,82317	4
1,82383	4
1,82450	4
1,82517	4
1,82583	4
1,82650	4
1,82717	4
1,82783	4
1,82850	3
1,82917	3
1,82983	3
1,83050	3
1,83117	2
1,83183	2
1,83250	2
1,83317	1
1,83383	0
1,83450	-0
1,83517	-1
1,83583	-1
1,83650	-2
1,83717	-2
1,83783	-2
1,83850	-2
1,83917	-2
1,83983	-2
1,84050	-2
1,84117	-3
1,84183	-3
1,84250	-3
1,84317	-3
1,84383	-3
1,84450	-3
1,84517	-3
1,84583	-3
1,84650	-4
1,84717	-4
1,84783	-4
1,84850	-4
1,84917	-4
1,84983	-4
1,85050	-5
1,85117	-5
1,85183	-5
1,85250	-5
1,85317	-5
1,85383	-5
1,85450	-5
1,85517	-5
1,85583	-5
1,85650	-4
1,85717	-4
1,85783	-3
1,85850	-3
1,85917	-2
1,85983	0
1,86050	3
1,86117	8
1,86183	16
1,86250	31
1,86317	56
1,86383	99
1,86450	169
1,86517	282
1,86583	459
1,86650	728
1,86717	1115
1,86783	1655
1,86850	2378
1,86917	3317
1,86983	4505
1,87050	5973
1,87117	7749
1,87183	9858
1,87250	12323
1,87317	15161
1,87383	18387
1,87450	22011
1,87517	26041
1,87583	30476
1,87650	35315
1,87717	40550
1,87783	46175
1,87850	52180
1,87917	58552
1,87983	65262
1,88050	72286
1,88117	79592
1,88183	87143
1,88250	94893
1,88317	102779
1,88383	110713
1,88450	118581
1,88517	126227
1,88583	133461
1,88650	140076
1,88717	145849
1,88783	150569
1,88850	154072
1,88917	156260
1,88983	157109
1,89050	156659
1,89117	155006
1,89183	152278
1,89250	148628
1,89317	144212
1,89383	139185
1,89450	133689
1,89517	127856
1,89583	121799
1,89650	115618
1,89717	109397
1,89783	103208
1,89850	97107
1,89917	91143
1,89983	85352
1,90050	79762
1,90117	74395
1,90183	69267
1,90250	64385
1,90317	59755
1,90383	55379
1,90450	51255
1,90517	47379
1,90583	43744
1,90650	40344
1,90717	37170
1,90783	34213
1,90850	31462
1,90917	28908
1,90983	26540
1,91050	24347
1,91117	22319
1,91183	20446
1,91250	18718
1,91317	17126
1,91383	15660
1,91450	14312
1,91517	13074
1,91583	11937
1,91650	10894
1,91717	9939
1,91783	9063
1,91850	8262
1,91917	7530
1,91983	6860
1,92050	6248
1,92117	5690
1,92183	5180
1,92250	4716
1,92317	4292
1,92383	3906
1,92450	3555
1,92517	3235
1,92583	2944
1,92650	2679
1,92717	2438
1,92783	2219
1,92850	2020
1,92917	1840
1,92983	1675
1,93050	1526
1,93117	1391
1,93183	1268
1,93250	1156
1,93317	1055
1,93383	963
1,93450	880
1,93517	804
1,93583	736
1,93650	673
1,93717	617
1,93783	565
1,93850	519
1,93917	477
1,93983	438
1,94050	403
1,94117	372
1,94183	343
1,94250	317
1,94317	294
1,94383	272
1,94450	253
1,94517	235
1,94583	219
1,94650	204
1,94717	191
1,94783	178
1,94850	167
1,94917	157
1,94983	147
1,95050	138
1,95117	130
1,95183	123
1,95250	116
1,95317	110
1,95383	105
1,95450	99
1,95517	95
1,95583	90
1,95650	86
1,95717	82
1,95783	78
1,95850	74
1,95917	71
1,95983	67
1,96050	64
1,96117	61
1,96183	58
1,96250	56
1,96317	53
1,96383	51
1,96450	49
1,96517	47
1,96583	46
1,96650	44
1,96717	42
1,96783	41
1,96850	40
1,96917	38
1,96983	37
1,97050	36
1,97117	35
1,97183	34
1,97250	33
1,97317	32
1,97383	31
1,97450	31
1,97517	30
1,97583	29
1,97650	29
1,97717	28
1,97783	27
1,97850	26
1,97917	26
1,97983	25
1,98050	24
1,98117	24
1,98183	24
1,98250	23
1,98317	23
1,98383	22
1,98450	22
1,98517	21
1,98583	21
1,98650	20
1,98717	20
1,98783	19
1,98850	19
1,98917	18
1,98983	18
1,99050	17
1,99117	16
1,99183	16
1,99250	15
1,99317	14
1,99383	13
1,99450	13
1,99517	12
1,99583	11
1,99650	10
1,99717	9
1,99783	8
1,99850	8
1,99917	7
1,99983	6
2,00050	5
2,00117	5
2,00183	4
2,00250	3
2,00317	2
2,00383	2
2,00450	1
2,00517	1
2,00583	1
2,00650	1
2,00717	1
2,00783	1
2,00850	1
2,00917	1
2,00983	1
2,01050	1
2,01117	1
2,01183	1
2,01250	1
2,01317	1
2,01383	1
2,01450	1
2,01517	1
2,01583	1
2,01650	1
2,01717	1
2,01783	1
2,01850	1
2,01917	1
2,01983	1
2,02050	0
2,02117	0
2,02183	-0
2,02250	-0
2,02317	-1
2,02383	-1
2,02450	-1
2,02517	-1
2,02583	-2
2,02650	-2
2,02717	-2
2,02783	-3
2,02850	-3
2,02917	-3
2,02983	-3
2,03050	-3
2,03117	-4
2,03183	-4
2,03250	-5
2,03317	-5
2,03383	-6
2,03450	-6
2,03517	-6
2,03583	-7
2,03650	-7
2,03717	-7
2,03783	-7
2,03850	-7
2,03917	-7
2,03983	-7
2,04050	-7
2,04117	-7
2,04183	-7
2,04250	-8
2,04317	-8
2,04383	-8
2,04450	-8
2,04517	-8
2,04583	-8
2,04650	-8
2,04717	-9
2,04783	-9
2,04850	-9
2,04917	-9
2,04983	-9
2,05050	-9
2,05117	-9
2,05183	-9
2,05250	-9
2,05317	-9
2,05383	-9
2,05450	-9
2,05517	-9
2,05583	-9
2,05650	-9
2,05717	-9
2,05783	-9
2,05850	-9
2,05917	-9
2,05983	-9
2,06050	-9
2,06117	-9
2,06183	-9
2,06250	-9
2,06317	-9
2,06383	-9
2,06450	-9
2,06517	-9
2,06583	-9
2,06650	-9
2,06717	-9
2,06783	-9
2,06850	-9
2,06917	-9
2,06983	-9
2,07050	-8
2,07117	-8
2,07183	-8
2,07250	-8
2,07317	-8
2,07383	-8
2,07450	-9
2,07517	-9
2,07583	-9
2,07650	-10
2,07717	-10
2,07783	-10
2,07850	-11
2,07917	-11
2,07983	-12
2,08050	-12
2,08117	-12
2,08183	-12
2,08250	-12
2,08317	-12
2,08383	-13
2,08450	-13
2,08517	-13
2,08583	-13
2,08650	-13
2,08717	-13
2,08783	-13
2,08850	-14
2,08917	-14
2,08983	-14
2,09050	-14
2,09117	-14
2,09183	-14
2,09250	-14
2,09317	-14
2,09383	-15
2,09450	-15
2,09517	-15
2,09583	-15
2,09650	-15
2,09717	-15
2,09783	-15
2,09850	-15
2,09917	-15
2,09983	-15
2,10050	-15
2,10117	-15
2,10183	-15
2,10250	-15
2,10317	-16
2,10383	-16
2,10450	-16
2,10517	-16
2,10583	-16
2,10650	-17
2,10717	-17
2,10783	-17
2,10850	-17
2,10917	-18
2,10983	-18
2,11050	-18
2,11117	-18
2,11183	-18
2,11250	-17
2,11317	-17
2,11383	-17
2,11450	-16
2,11517	-16
2,11583	-16
2,11650	-16
2,11717	-16
2,11783	-16
2,11850	-16
2,11917	-16
2,11983	-16
2,12050	-17
2,12117	-17
2,12183	-17
2,12250	-17
2,12317	-18
2,12383	-18
2,12450	-18
2,12517	-18
2,12583	-18
2,12650	-19
2,12717	-19
2,12783	-19
2,12850	-19
2,12917	-19
2,12983	-20
2,13050	-20
2,13117	-20
2,13183	-20
2,13250	-20
2,13317	-21
2,13383	-21
2,13450	-21
2,13517	-21
2,13583	-21
2,13650	-22
2,13717	-22
2,13783	-22
2,13850	-22
2,13917	-21
2,13983	-21
2,14050	-21
2,14117	-21
2,14183	-20
2,14250	-20
2,14317	-19
2,14383	-19
2,14450	-18
2,14517	-18
2,14583	-17
2,14650	-17
2,14717	-17
2,14783	-17
2,14850	-17
2,14917	-17
2,14983	-17
2,15050	-17
2,15117	-17
2,15183	-17
2,15250	-17
2,15317	-17
2,15383	-17
2,15450	-18
2,15517	-18
2,15583	-18
2,15650	-18
2,15717	-18
2,15783	-18
2,15850	-19
2,15917	-19
2,15983	-19
2,16050	-20
2,16117	-20
2,16183	-20
2,16250	-20
2,16317	-20
2,16383	-21
2,16450	-21
2,16517	-21
2,16583	-21
2,16650	-21
2,16717	-21
2,16783	-21
2,16850	-21
2,16917	-21
2,16983	-22
2,17050	-22
2,17117	-22
2,17183	-22
2,17250	-22
2,17317	-22
2,17383	-22
2,17450	-22
2,17517	-22
2,17583	-22
2,17650	-22
2,17717	-22
2,17783	-22
2,17850	-22
2,17917	-22
2,17983	-22
2,18050	-22
2,18117	-22
2,18183	-22
2,18250	-21
2,18317	-21
2,18383	-21
2,18450	-21
2,18517	-21
2,18583	-21
2,18650	-21
2,18717	-21
2,18783	-20
2,18850	-20
2,18917	-20
2,18983	-20
2,19050	-20
2,19117	-21
2,19183	-21
2,19250	-21
2,19317	-21
2,19383	-21
2,19450	-21
2,19517	-22
2,19583	-22
2,19650	-22
2,19717	-22
2,19783	-22
2,19850	-22
2,19917	-23
2,19983	-23
2,20050	-23
2,20117	-23
2,20183	-23
2,20250	-23
2,20317	-23
2,20383	-23
2,20450	-24
2,20517	-24
2,20583	-24
2,20650	-24
2,20717	-24
2,20783	-24
2,20850	-25
2,20917	-25
2,20983	-25
2,21050	-25
2,21117	-25
2,21183	-24
2,21250	-24
2,21317	-24
2,21383	-24
2,21450	-24
2,21517	-24
2,21583	-24
2,21650	-23
2,21717	-23
2,21783	-23
2,21850	-23
2,21917	-22
2,21983	-22
2,22050	-22
2,22117	-21
2,22183	-21
2,22250	-21
2,22317	-20
2,22383	-20
2,22450	-20
2,22517	-19
2,22583	-19
2,22650	-18
2,22717	-18
2,22783	-18
2,22850	-17
2,22917	-17
2,22983	-17
2,23050	-16
2,23117	-16
2,23183	-16
2,23250	-16
2,23317	-16
2,23383	-17
2,23450	-17
2,23517	-17
2,23583	-17
2,23650	-18
2,23717	-18
2,23783	-18
2,23850	-18
2,23917	-18
2,23983	-18
2,24050	-19
2,24117	-19
2,24183	-19
2,24250	-19
2,24317	-20
2,24383	-20
2,24450	-20
2,24517	-20
2,24583	-20
2,24650	-20
2,24717	-20
2,24783	-20
2,24850	-20
2,24917	-19
2,24983	-19
2,25050	-19
2,25117	-19
2,25183	-18
2,25250	-18
2,25317	-18
2,25383	-18
2,25450	-18
2,25517	-17
2,25583	-17
2,25650	-17
2,25717	-16
2,25783	-16
2,25850	-15
2,25917	-15
2,25983	-15
2,26050	-14
2,26117	-14
2,26183	-13
2,26250	-13
2,26317	-13
2,26383	-13
2,26450	-12
2,26517	-12
2,26583	-12
2,26650	-12
2,26717	-13
2,26783	-13
2,26850	-13
2,26917	-13
2,26983	-14
2,27050	-14
2,27117	-14
2,27183	-14
2,27250	-14
2,27317	-15
2,27383	-15
2,27450	-15
2,27517	-15
2,27583	-16
2,27650	-16
2,27717	-17
2,27783	-17
2,27850	-18
2,27917	-19
2,27983	-19
2,28050	-20
2,28117	-20
2,28183	-20
2,28250	-20
2,28317	-21
2,28383	-21
2,28450	-21
2,28517	-21
2,28583	-22
2,28650	-22
2,28717	-22
2,28783	-22
2,28850	-22
2,28917	-22
2,28983	-22
2,29050	-22
2,29117	-22
2,29183	-21
2,29250	-21
2,29317	-21
2,29383	-21
2,29450	-21
2,29517	-21
2,29583	-21
2,29650	-21
2,29717	-22
2,29783	-22
2,29850	-22
2,29917	-21
2,29983	-21
2,30050	-21
2,30117	-21
2,30183	-20
2,30250	-19
2,30317	-19
2,30383	-18
2,30450	-17
2,30517	-16
2,30583	-14
2,30650	-13
2,30717	-12
2,30783	-11
2,30850	-9
2,30917	-8
2,30983	-6
2,31050	-5
2,31117	-3
2,31183	-1
2,31250	0
2,31317	2
2,31383	3
2,31450	4
2,31517	6
2,31583	7
2,31650	8
2,31717	8
2,31783	9
2,31850	9
2,31917	10
2,31983	10
2,32050	10
2,32117	10
2,32183	9
2,32250	9
2,32317	9
2,32383	10
2,32450	10
2,32517	11
2,32583	12
2,32650	13
2,32717	15
2,32783	17
2,32850	20
2,32917	23
2,32983	26
2,33050	30
2,33117	35
2,33183	39
2,33250	45
2,33317	50
2,33383	57
2,33450	63
2,33517	69
2,33583	76
2,33650	83
2,33717	89
2,33783	95
2,33850	100
2,33917	105
2,33983	109
2,34050	113
2,34117	116
2,34183	118
2,34250	119
2,34317	119
2,34383	118
2,34450	117
2,34517	115
2,34583	113
2,34650	110
2,34717	106
2,34783	102
2,34850	98
2,34917	94
2,34983	89
2,35050	84
2,35117	79
2,35183	74
2,35250	69
2,35317	64
2,35383	60
2,35450	55
2,35517	50
2,35583	46
2,35650	41
2,35717	37
2,35783	33
2,35850	29
2,35917	25
2,35983	22
2,36050	18
2,36117	15
2,36183	13
2,36250	10
2,36317	7
2,36383	5
2,36450	3
2,36517	1
2,36583	-2
2,36650	-3
2,36717	-5
2,36783	-7
2,36850	-8
2,36917	-9
2,36983	-11
2,37050	-12
2,37117	-13
2,37183	-13
2,37250	-14
2,37317	-15
2,37383	-16
2,37450	-17
2,37517	-17
2,37583	-18
2,37650	-19
2,37717	-19
2,37783	-20
2,37850	-20
2,37917	-21
2,37983	-21
2,38050	-21
2,38117	-21
2,38183	-22
2,38250	-22
2,38317	-22
2,38383	-22
2,38450	-23
2,38517	-23
2,38583	-23
2,38650	-24
2,38717	-24
2,38783	-24
2,38850	-24
2,38917	-25
2,38983	-25
2,39050	-25
2,39117	-25
2,39183	-25
2,39250	-25
2,39317	-25
2,39383	-25
2,39450	-25
2,39517	-25
2,39583	-25
2,39650	-26
2,39717	-26
2,39783	-26
2,39850	-27
2,39917	-27
2,39983	-27
2,40050	-27
2,40117	-27
2,40183	-27
2,40250	-27
2,40317	-27
2,40383	-27
2,40450	-27
2,40517	-27
2,40583	-27
2,40650	-27
2,40717	-27
2,40783	-27
2,40850	-27
2,40917	-27
2,40983	-27
2,41050	-26
2,41117	-26
2,41183	-26
2,41250	-26
2,41317	-26
2,41383	-26
2,41450	-26
2,41517	-26
2,41583	-26
2,41650	-26
2,41717	-26
2,41783	-27
2,41850	-27
2,41917	-27
2,41983	-28
2,42050	-28
2,42117	-28
2,42183	-28
2,42250	-28
2,42317	-28
2,42383	-28
2,42450	-28
2,42517	-28
2,42583	-28
2,42650	-28
2,42717	-28
2,42783	-28
2,42850	-28
2,42917	-28
2,42983	-27
2,43050	-27
2,43117	-27
2,43183	-27
2,43250	-27
2,43317	-27
2,43383	-27
2,43450	-26
2,43517	-26
2,43583	-26
2,43650	-26
2,43717	-26
2,43783	-26
2,43850	-26
2,43917	-26
2,43983	-26
2,44050	-26
2,44117	-27
2,44183	-27
2,44250	-27
2,44317	-27
2,44383	-27
2,44450	-27
2,44517	-27
2,44583	-27
2,44650	-27
2,44717	-27
2,44783	-27
2,44850	-27
2,44917	-28
2,44983	-28
2,45050	-28
2,45117	-28
2,45183	-29
2,45250	-29
2,45317	-28
2,45383	-28
2,45450	-28
2,45517	-28
2,45583	-27
2,45650	-27
2,45717	-26
2,45783	-26
2,45850	-25
2,45917	-25
2,45983	-24
2,46050	-23
2,46117	-22
2,46183	-20
2,46250	-18
2,46317	-16
2,46383	-14
2,46450	-11
2,46517	-8
2,46583	-5
2,46650	-1
2,46717	3
2,46783	7
2,46850	13
2,46917	18
2,46983	24
2,47050	30
2,47117	36
2,47183	43
2,47250	50
2,47317	56
2,47383	63
2,47450	70
2,47517	76
2,47583	82
2,47650	88
2,47717	92
2,47783	97
2,47850	100
2,47917	103
2,47983	105
2,48050	107
2,48117	109
2,48183	109
2,48250	109
2,48317	109
2,48383	108
2,48450	107
2,48517	105
2,48583	104
2,48650	102
2,48717	101
2,48783	99
2,48850	98
2,48917	97
2,48983	96
2,49050	95
2,49117	94
2,49183	94
2,49250	94
2,49317	94
2,49383	95
2,49450	96
2,49517	96
2,49583	97
2,49650	97
2,49717	98
2,49783	98
2,49850	98
2,49917	98
2,49983	97
2,50050	96
2,50117	95
2,50183	93
2,50250	91
2,50317	88
2,50383	86
2,50450	83
2,50517	79
2,50583	76
2,50650	72
2,50717	69
2,50783	65
2,50850	61
2,50917	58
2,50983	55
2,51050	51
2,51117	48
2,51183	46
2,51250	43
2,51317	41
2,51383	39
2,51450	38
2,51517	38
2,51583	38
2,51650	38
2,51717	40
2,51783	42
2,51850	45
2,51917	49
2,51983	53
2,52050	58
2,52117	64
2,52183	70
2,52250	76
2,52317	83
2,52383	90
2,52450	98
2,52517	105
2,52583	112
2,52650	119
2,52717	126
2,52783	132
2,52850	137
2,52917	141
2,52983	145
2,53050	148
2,53117	150
2,53183	151
2,53250	151
2,53317	150
2,53383	149
2,53450	146
2,53517	143
2,53583	139
2,53650	135
2,53717	130
2,53783	125
2,53850	120
2,53917	115
2,53983	109
2,54050	104
2,54117	98
2,54183	93
2,54250	88
2,54317	84
2,54383	79
2,54450	75
2,54517	72
2,54583	69
2,54650	66
2,54717	64
2,54783	62
2,54850	61
2,54917	59
2,54983	58
2,55050	57
2,55117	57
2,55183	56
2,55250	55
2,55317	55
2,55383	54
2,55450	53
2,55517	52
2,55583	51
2,55650	50
2,55717	48
2,55783	47
2,55850	45
2,55917	43
2,55983	41
2,56050	39
2,56117	37
2,56183	34
2,56250	32
2,56317	30
2,56383	27
2,56450	25
2,56517	22
2,56583	20
2,56650	17
2,56717	15
2,56783	13
2,56850	10
2,56917	8
2,56983	6
2,57050	4
2,57117	1
2,57183	-1
2,57250	-2
2,57317	-4
2,57383	-6
2,57450	-8
2,57517	-9
2,57583	-11
2,57650	-12
2,57717	-13
2,57783	-14
2,57850	-16
2,57917	-17
2,57983	-17
2,58050	-18
2,58117	-19
2,58183	-19
2,58250	-20
2,58317	-20
2,58383	-21
2,58450	-21
2,58517	-22
2,58583	-22
2,58650	-22
2,58717	-22
2,58783	-23
2,58850	-23
2,58917	-23
2,58983	-23
2,59050	-23
2,59117	-23
2,59183	-23
2,59250	-23
2,59317	-22
2,59383	-22
2,59450	-22
2,59517	-21
2,59583	-21
2,59650	-20
2,59717	-20
2,59783	-19
2,59850	-19
2,59917	-18
2,59983	-17
2,60050	-17
2,60117	-16
2,60183	-15
2,60250	-14
2,60317	-13
2,60383	-12
2,60450	-11
2,60517	-10
2,60583	-9
2,60650	-8
2,60717	-7
2,60783	-6
2,60850	-5
2,60917	-4
2,60983	-3
2,61050	-2
2,61117	-1
2,61183	-0
2,61250	1
2,61317	2
2,61383	3
2,61450	4
2,61517	4
2,61583	5
2,61650	6
2,61717	7
2,61783	8
2,61850	8
2,61917	9
2,61983	9
2,62050	10
2,62117	10
2,62183	10
2,62250	11
2,62317	11
2,62383	12
2,62450	12
2,62517	12
2,62583	12
2,62650	12
2,62717	13
2,62783	13
2,62850	13
2,62917	13
2,62983	13
2,63050	13
2,63117	13
2,63183	13
2,63250	13
2,63317	13
2,63383	13
2,63450	13
2,63517	13
2,63583	14
2,63650	14
2,63717	14
2,63783	14
2,63850	14
2,63917	14
2,63983	14
2,64050	14
2,64117	13
2,64183	13
2,64250	13
2,64317	12
2,64383	12
2,64450	12
2,64517	11
2,64583	11
2,64650	11
2,64717	10
2,64783	10
2,64850	9
2,64917	9
2,64983	9
2,65050	8
2,65117	7
2,65183	7
2,65250	6
2,65317	5
2,65383	5
2,65450	4
2,65517	4
2,65583	4
2,65650	3
2,65717	3
2,65783	3
2,65850	2
2,65917	2
2,65983	2
2,66050	2
2,66117	1
2,66183	1
2,66250	1
2,66317	0
2,66383	0
2,66450	0
2,66517	0
2,66583	0
2,66650	0
2,66717	0
2,66783	0
2,66850	0
2,66917	0
2,66983	-0
2,67050	-0
2,67117	-0
2,67183	-0
2,67250	-0
2,67317	-0
2,67383	-0
2,67450	-0
2,67517	-0
2,67583	-0
2,67650	-0
2,67717	-0
2,67783	-0
2,67850	-0
2,67917	-0
2,67983	-1
2,68050	-1
2,68117	-1
2,68183	-1
2,68250	-1
2,68317	-1
2,68383	-1
2,68450	-1
2,68517	-1
2,68583	-1
2,68650	-0
2,68717	1
2,68783	2
2,68850	3
2,68917	5
2,68983	8
2,69050	12
2,69117	17
2,69183	24
2,69250	33
2,69317	46
2,69383	63
2,69450	84
2,69517	112
2,69583	147
2,69650	192
2,69717	248
2,69783	318
2,69850	403
2,69917	506
2,69983	630
2,70050	775
2,70117	946
2,70183	1145
2,70250	1375
2,70317	1641
2,70383	1945
2,70450	2293
2,70517	2691
2,70583	3150
2,70650	3680
2,70717	4293
2,70783	5009
2,70850	5851
2,70917	6846
2,70983	8024
2,71050	9419
2,71117	11077
2,71183	13052
2,71250	15395
2,71317	18167
2,71383	21436
2,71450	25281
2,71517	29780
2,71583	35029
2,71650	41122
2,71717	48165
2,71783	56255
2,71850	65471
2,71917	75853
2,71983	87469
2,72050	100388
2,72117	114659
2,72183	130289
2,72250	147248
2,72317	165475
2,72383	184897
2,72450	205395
2,72517	226793
2,72583	248921
2,72650	271627
2,72717	294700
2,72783	317855
2,72850	340769
2,72917	363099
2,72983	384453
2,73050	404436
2,73117	422656
2,73183	438758
2,73250	452437
2,73317	463458
2,73383	471626
2,73450	476839
2,73517	479047
2,73583	478293
2,73650	474686
2,73717	468399
2,73783	459643
2,73850	448682
2,73917	435810
2,73983	421333
2,74050	405556
2,74117	388778
2,74183	371284
2,74250	353336
2,74317	335167
2,74383	316980
2,74450	298948
2,74517	281219
2,74583	263911
2,74650	247121
2,74717	230924
2,74783	215375
2,74850	200515
2,74917	186368
2,74983	172950
2,75050	160264
2,75117	148306
2,75183	137064
2,75250	126522
2,75317	116658
2,75383	107448
2,75450	98865
2,75517	90882
2,75583	83468
2,75650	76593
2,75717	70228
2,75783	64343
2,75850	58908
2,75917	53895
2,75983	49276
2,76050	45025
2,76117	41117
2,76183	37527
2,76250	34232
2,76317	31211
2,76383	28442
2,76450	25908
2,76517	23589
2,76583	21470
2,76650	19533
2,76717	17764
2,76783	16150
2,76850	14678
2,76917	13336
2,76983	12114
2,77050	11001
2,77117	9988
2,77183	9067
2,77250	8230
2,77317	7469
2,77383	6778
2,77450	6152
2,77517	5583
2,77583	5068
2,77650	4601
2,77717	4179
2,77783	3797
2,77850	3451
2,77917	3139
2,77983	2858
2,78050	2604
2,78117	2376
2,78183	2170
2,78250	1985
2,78317	1819
2,78383	1670
2,78450	1537
2,78517	1417
2,78583	1310
2,78650	1214
2,78717	1128
2,78783	1051
2,78850	982
2,78917	919
2,78983	863
2,79050	812
2,79117	765
2,79183	722
2,79250	683
2,79317	646
2,79383	613
2,79450	581
2,79517	552
2,79583	524
2,79650	498
2,79717	473
2,79783	450
2,79850	428
2,79917	408
2,79983	388
2,80050	371
2,80117	354
2,80183	339
2,80250	327
2,80317	316
2,80383	308
2,80450	302
2,80517	299
2,80583	298
2,80650	301
2,80717	308
2,80783	318
2,80850	333
2,80917	352
2,80983	376
2,81050	405
2,81117	438
2,81183	476
2,81250	518
2,81317	564
2,81383	614
2,81450	668
2,81517	723
2,81583	781
2,81650	839
2,81717	898
2,81783	955
2,81850	1010
2,81917	1062
2,81983	1111
2,82050	1156
2,82117	1196
2,82183	1230
2,82250	1259
2,82317	1281
2,82383	1296
2,82450	1306
2,82517	1309
2,82583	1306
2,82650	1298
2,82717	1284
2,82783	1265
2,82850	1242
2,82917	1216
2,82983	1186
2,83050	1154
2,83117	1120
2,83183	1084
2,83250	1047
2,83317	1009
2,83383	971
2,83450	934
2,83517	896
2,83583	859
2,83650	823
2,83717	788
2,83783	753
2,83850	720
2,83917	688
2,83983	657
2,84050	627
2,84117	597
2,84183	569
2,84250	542
2,84317	516
2,84383	491
2,84450	466
2,84517	443
2,84583	420
2,84650	398
2,84717	377
2,84783	357
2,84850	338
2,84917	319
2,84983	301
2,85050	284
2,85117	268
2,85183	252
2,85250	237
2,85317	223
2,85383	209
2,85450	197
2,85517	184
2,85583	173
2,85650	162
2,85717	151
2,85783	141
2,85850	132
2,85917	124
2,85983	116
2,86050	108
2,86117	101
2,86183	95
2,86250	89
2,86317	83
2,86383	78
2,86450	73
2,86517	68
2,86583	64
2,86650	60
2,86717	56
2,86783	53
2,86850	51
2,86917	48
2,86983	47
2,87050	46
2,87117	45
2,87183	46
2,87250	47
2,87317	49
2,87383	52
2,87450	56
2,87517	61
2,87583	68
2,87650	77
2,87717	87
2,87783	99
2,87850	113
2,87917	129
2,87983	147
2,88050	168
2,88117	190
2,88183	215
2,88250	241
2,88317	269
2,88383	299
2,88450	329
2,88517	360
2,88583	391
2,88650	422
2,88717	452
2,88783	481
2,88850	508
2,88917	532
2,88983	555
2,89050	574
2,89117	591
2,89183	604
2,89250	615
2,89317	621
2,89383	625
2,89450	625
2,89517	622
2,89583	616
2,89650	608
2,89717	597
2,89783	584
2,89850	568
2,89917	551
2,89983	533
2,90050	513
2,90117	492
2,90183	471
2,90250	450
2,90317	428
2,90383	406
2,90450	385
2,90517	363
2,90583	343
2,90650	322
2,90717	303
2,90783	284
2,90850	266
2,90917	248
2,90983	232
2,91050	216
2,91117	201
2,91183	187
2,91250	174
2,91317	162
2,91383	151
2,91450	140
2,91517	130
2,91583	120
2,91650	111
2,91717	103
2,91783	95
2,91850	88
2,91917	81
2,91983	75
2,92050	69
2,92117	64
2,92183	59
2,92250	55
2,92317	51
2,92383	48
2,92450	44
2,92517	41
2,92583	38
2,92650	36
2,92717	33
2,92783	31
2,92850	29
2,92917	27
2,92983	25
2,93050	23
2,93117	21
2,93183	20
2,93250	19
2,93317	17
2,93383	17
2,93450	16
2,93517	15
2,93583	14
2,93650	14
2,93717	14
2,93783	13
2,93850	13
2,93917	12
2,93983	12
2,94050	11
2,94117	10
2,94183	10
2,94250	9
2,94317	9
2,94383	9
2,94450	8
2,94517	8
2,94583	8
2,94650	7
2,94717	6
2,94783	6
2,94850	5
2,94917	5
2,94983	4
2,95050	3
2,95117	3
2,95183	2
2,95250	2
2,95317	2
2,95383	1
2,95450	1
2,95517	1
2,95583	0
2,95650	0
2,95717	-0
2,95783	-1
2,95850	-1
2,95917	-1
2,95983	-2
2,96050	-2
2,96117	-2
2,96183	-2
2,96250	-2
2,96317	-2
2,96383	-1
2,96450	-1
2,96517	-1
2,96583	0
2,96650	1
2,96717	2
2,96783	3
2,96850	4
2,96917	6
2,96983	8
2,97050	11
2,97117	14
2,97183	18
2,97250	22
2,97317	27
2,97383	33
2,97450	39
2,97517	46
2,97583	54
2,97650	62
2,97717	71
2,97783	81
2,97850	90
2,97917	101
2,97983	111
2,98050	121
2,98117	132
2,98183	142
2,98250	151
2,98317	161
2,98383	170
2,98450	178
2,98517	185
2,98583	191
2,98650	196
2,98717	200
2,98783	203
2,98850	205
2,98917	206
2,98983	206
2,99050	204
2,99117	202
2,99183	199
2,99250	194
2,99317	189
2,99383	184
2,99450	178
2,99517	171
2,99583	164
2,99650	157
2,99717	149
2,99783	142
2,99850	134
2,99917	126
2,99983	119
3,00050	111
3,00117	104
3,00183	97
3,00250	90
3,00317	84
3,00383	78
3,00450	72
3,00517	66
3,00583	61
3,00650	56
3,00717	51
3,00783	47
3,00850	43
3,00917	39
3,00983	36
3,01050	33
3,01117	30
3,01183	27
3,01250	24
3,01317	22
3,01383	20
3,01450	18
3,01517	16
3,01583	14
3,01650	12
3,01717	11
3,01783	9
3,01850	8
3,01917	7
3,01983	6
3,02050	5
3,02117	4
3,02183	3
3,02250	2
3,02317	2
3,02383	1
3,02450	0
3,02517	-1
3,02583	-1
3,02650	-2
3,02717	-3
3,02783	-3
3,02850	-4
3,02917	-4
3,02983	-5
3,03050	-5
3,03117	-5
3,03183	-6
3,03250	-6
3,03317	-7
3,03383	-7
3,03450	-7
3,03517	-8
3,03583	-8
3,03650	-9
3,03717	-9
3,03783	-9
3,03850	-9
3,03917	-9
3,03983	-9
3,04050	-9
3,04117	-9
3,04183	-9
3,04250	-9
3,04317	-9
3,04383	-9
3,04450	-9
3,04517	-9
3,04583	-9
3,04650	-9
3,04717	-9
3,04783	-9
3,04850	-10
3,04917	-10
3,04983	-10
3,05050	-10
3,05117	-10
3,05183	-10
3,05250	-10
3,05317	-10
3,05383	-10
3,05450	-10
3,05517	-10
3,05583	-10
3,05650	-10
3,05717	-11
3,05783	-11
3,05850	-11
3,05917	-11
3,05983	-10
3,06050	-10
3,06117	-10
3,06183	-9
3,06250	-9
3,06317	-8
3,06383	-8
3,06450	-7
3,06517	-7
3,06583	-7
3,06650	-7
3,06717	-7
3,06783	-7
3,06850	-7
3,06917	-7
3,06983	-6
3,07050	-6
3,07117	-6
3,07183	-6
3,07250	-6
3,07317	-6
3,07383	-7
3,07450	-7
3,07517	-7
3,07583	-7
3,07650	-7
3,07717	-7
3,07783	-7
3,07850	-6
3,07917	-6
3,07983	-6
3,08050	-6
3,08117	-6
3,08183	-6
3,08250	-6
3,08317	-6
3,08383	-5
3,08450	-5
3,08517	-5
3,08583	-4
3,08650	-4
3,08717	-3
3,08783	-3
3,08850	-2
3,08917	-2
3,08983	-1
3,09050	-1
3,09117	-1
3,09183	-0
3,09250	0
3,09317	1
3,09383	1
3,09450	2
3,09517	2
3,09583	3
3,09650	3
3,09717	4
3,09783	4
3,09850	4
3,09917	4
3,09983	4
3,10050	4
3,10117	4
3,10183	5
3,10250	5
3,10317	5
3,10383	6
3,10450	6
3,10517	7
3,10583	7
3,10650	8
3,10717	9
3,10783	9
3,10850	10
3,10917	11
3,10983	11
3,11050	12
3,11117	13
3,11183	13
3,11250	14
3,11317	15
3,11383	15
3,11450	16
3,11517	16
3,11583	17
3,11650	18
3,11717	18
3,11783	18
3,11850	19
3,11917	19
3,11983	19
3,12050	19
3,12117	18
3,12183	18
3,12250	18
3,12317	18
3,12383	18
3,12450	18
3,12517	18
3,12583	18
3,12650	18
3,12717	17
3,12783	17
3,12850	17
3,12917	17
3,12983	16
3,13050	16
3,13117	15
3,13183	14
3,13250	14
3,13317	13
3,13383	13
3,13450	13
3,13517	12
3,13583	12
3,13650	12
3,13717	11
3,13783	11
3,13850	10
3,13917	10
3,13983	9
3,14050	8
3,14117	8
3,14183	7
3,14250	6
3,14317	6
3,14383	5
3,14450	4
3,14517	4
3,14583	3
3,14650	3
3,14717	2
3,14783	1
3,14850	0
3,14917	-0
3,14983	-1
3,15050	-2
3,15117	-2
3,15183	-3
3,15250	-4
3,15317	-4
3,15383	-5
3,15450	-5
3,15517	-6
3,15583	-6
3,15650	-6
3,15717	-7
3,15783	-7
3,15850	-7
3,15917	-7
3,15983	-8
3,16050	-8
3,16117	-8
3,16183	-9
3,16250	-9
3,16317	-10
3,16383	-10
3,16450	-10
3,16517	-11
3,16583	-11
3,16650	-11
3,16717	-11
3,16783	-12
3,16850	-12
3,16917	-12
3,16983	-12
3,17050	-12
3,17117	-12
3,17183	-12
3,17250	-12
3,17317	-13
3,17383	-13
3,17450	-13
3,17517	-13
3,17583	-13
3,17650	-13
3,17717	-13
3,17783	-12
3,17850	-12
3,17917	-12
3,17983	-11
3,18050	-11
3,18117	-10
3,18183	-10
3,18250	-10
3,18317	-9
3,18383	-8
3,18450	-8
3,18517	-7
3,18583	-7
3,18650	-6
3,18717	-5
3,18783	-5
3,18850	-4
3,18917	-4
3,18983	-3
3,19050	-3
3,19117	-2
3,19183	-2
3,19250	-1
3,19317	-1
3,19383	-1
3,19450	-1
3,19517	-2
3,19583	-2
3,19650	-2
3,19717	-3
3,19783	-3
3,19850	-4
3,19917	-5
3,19983	-5
3,20050	-6
3,20117	-7
3,20183	-7
3,20250	-8
3,20317	-8
3,20383	-9
3,20450	-9
3,20517	-9
3,20583	-10
3,20650	-10
3,20717	-11
3,20783	-11
3,20850	-12
3,20917	-12
3,20983	-12
3,21050	-13
3,21117	-13
3,21183	-13
3,21250	-13
3,21317	-13
3,21383	-13
3,21450	-13
3,21517	-14
3,21583	-14
3,21650	-14
3,21717	-14
3,21783	-14
3,21850	-14
3,21917	-14
3,21983	-14
3,22050	-14
3,22117	-14
3,22183	-14
3,22250	-14
3,22317	-14
3,22383	-14
3,22450	-14
3,22517	-14
3,22583	-15
3,22650	-15
3,22717	-15
3,22783	-16
3,22850	-16
3,22917	-17
3,22983	-17
3,23050	-17
3,23117	-17
3,23183	-17
3,23250	-17
3,23317	-17
3,23383	-17
3,23450	-17
3,23517	-17
3,23583	-17
3,23650	-17
3,23717	-16
3,23783	-16
3,23850	-16
3,23917	-16
3,23983	-15
3,24050	-15
3,24117	-15
3,24183	-14
3,24250	-14
3,24317	-14
3,24383	-14
3,24450	-13
3,24517	-13
3,24583	-13
3,24650	-13
3,24717	-13
3,24783	-13
3,24850	-14
3,24917	-14
3,24983	-14
3,25050	-14
3,25117	-15
3,25183	-15
3,25250	-15
3,25317	-15
3,25383	-15
3,25450	-15
3,25517	-15
3,25583	-15
3,25650	-15
3,25717	-15
3,25783	-15
3,25850	-15
3,25917	-15
3,25983	-15
3,26050	-16
3,26117	-16
3,26183	-16
3,26250	-16
3,26317	-16
3,26383	-16
3,26450	-16
3,26517	-16
3,26583	-15
3,26650	-15
3,26717	-15
3,26783	-15
3,26850	-14
3,26917	-14
3,26983	-14
3,27050	-14
3,27117	-13
3,27183	-13
3,27250	-13
3,27317	-13
3,27383	-13
3,27450	-13
3,27517	-13
3,27583	-12
3,27650	-12
3,27717	-12
3,27783	-12
3,27850	-12
3,27917	-12
3,27983	-12
3,28050	-12
3,28117	-12
3,28183	-12
3,28250	-12
3,28317	-12
3,28383	-12
3,28450	-12
3,28517	-12
3,28583	-12
3,28650	-12
3,28717	-12
3,28783	-12
3,28850	-12
3,28917	-13
3,28983	-13
3,29050	-13
3,29117	-13
3,29183	-13
3,29250	-13
3,29317	-13
3,29383	-13
3,29450	-12
3,29517	-12
3,29583	-12
3,29650	-12
3,29717	-12
3,29783	-12
3,29850	-12
3,29917	-12
3,29983	-13
3,30050	-13
3,30117	-13
3,30183	-13
3,30250	-14
3,30317	-14
3,30383	-14
3,30450	-14
3,30517	-14
3,30583	-14
3,30650	-13
3,30717	-13
3,30783	-13
3,30850	-13
3,30917	-13
3,30983	-12
3,31050	-12
3,31117	-12
3,31183	-11
3,31250	-11
3,31317	-11
3,31383	-11
3,31450	-11
3,31517	-11
3,31583	-11
3,31650	-11
3,31717	-11
3,31783	-11
3,31850	-12
3,31917	-12
3,31983	-13
3,32050	-13
3,32117	-13
3,32183	-14
3,32250	-14
3,32317	-14
3,32383	-14
3,32450	-15
3,32517	-15
3,32583	-15
3,32650	-15
3,32717	-16
3,32783	-16
3,32850	-16
3,32917	-16
3,32983	-16
3,33050	-15
3,33117	-15
3,33183	-15
3,33250	-15
3,33317	-15
3,33383	-15
3,33450	-15
3,33517	-15
3,33583	-14
3,33650	-14
3,33717	-14
3,33783	-14
3,33850	-13
3,33917	-13
3,33983	-13
3,34050	-13
3,34117	-13
3,34183	-12
3,34250	-12
3,34317	-12
3,34383	-12
3,34450	-12
3,34517	-12
3,34583	-12
3,34650	-12
3,34717	-12
3,34783	-12
3,34850	-12
3,34917	-11
3,34983	-11
3,35050	-11
3,35117	-11
3,35183	-11
3,35250	-11
3,35317	-11
3,35383	-12
3,35450	-12
3,35517	-12
3,35583	-12
3,35650	-12
3,35717	-12
3,35783	-12
3,35850	-12
3,35917	-12
3,35983	-12
3,36050	-12
3,36117	-12
3,36183	-12
3,36250	-12
3,36317	-12
3,36383	-13
3,36450	-13
3,36517	-13
3,36583	-13
3,36650	-14
3,36717	-14
3,36783	-14
3,36850	-14
3,36917	-14
3,36983	-14
3,37050	-13
3,37117	-13
3,37183	-13
3,37250	-13
3,37317	-13
3,37383	-12
3,37450	-12
3,37517	-12
3,37583	-12
3,37650	-13
3,37717	-13
3,37783	-13
3,37850	-13
3,37917	-13
3,37983	-13
3,38050	-13
3,38117	-14
3,38183	-14
3,38250	-14
3,38317	-14
3,38383	-14
3,38450	-14
3,38517	-14
3,38583	-14
3,38650	-14
3,38717	-14
3,38783	-14
3,38850	-14
3,38917	-14
3,38983	-14
3,39050	-14
3,39117	-14
3,39183	-14
3,39250	-14
3,39317	-14
3,39383	-14
3,39450	-13
3,39517	-13
3,39583	-13
3,39650	-13
3,39717	-12
3,39783	-13
3,39850	-13
3,39917	-13
3,39983	-13
3,40050	-13
3,40117	-14
3,40183	-14
3,40250	-14
3,40317	-14
3,40383	-15
3,40450	-15
3,40517	-15
3,40583	-15
3,40650	-15
3,40717	-15
3,40783	-16
3,40850	-16
3,40917	-16
3,40983	-16
3,41050	-16
3,41117	-16
3,41183	-16
3,41250	-16
3,41317	-16
3,41383	-16
3,41450	-16
3,41517	-16
3,41583	-16
3,41650	-16
3,41717	-15
3,41783	-15
3,41850	-15
3,41917	-16
3,41983	-16
3,42050	-16
3,42117	-16
3,42183	-16
3,42250	-16
3,42317	-15
3,42383	-15
3,42450	-15
3,42517	-15
3,42583	-14
3,42650	-14
3,42717	-14
3,42783	-13
3,42850	-13
3,42917	-13
3,42983	-13
3,43050	-13
3,43117	-13
3,43183	-13
3,43250	-13
3,43317	-13
3,43383	-13
3,43450	-13
3,43517	-13
3,43583	-13
3,43650	-13
3,43717	-13
3,43783	-13
3,43850	-13
3,43917	-13
3,43983	-13
3,44050	-13
3,44117	-13
3,44183	-13
3,44250	-13
3,44317	-13
3,44383	-13
3,44450	-13
3,44517	-13
3,44583	-13
3,44650	-13
3,44717	-13
3,44783	-13
3,44850	-13
3,44917	-13
3,44983	-13
3,45050	-14
3,45117	-14
3,45183	-15
3,45250	-15
3,45317	-15
3,45383	-15
3,45450	-16
3,45517	-16
3,45583	-16
3,45650	-16
3,45717	-16
3,45783	-15
3,45850	-15
3,45917	-15
3,45983	-15
3,46050	-15
3,46117	-15
3,46183	-15
3,46250	-16
3,46317	-16
3,46383	-16
3,46450	-17
3,46517	-17
3,46583	-17
3,46650	-17
3,46717	-17
3,46783	-17
3,46850	-17
3,46917	-17
3,46983	-17
3,47050	-17
3,47117	-17
3,47183	-17
3,47250	-17
3,47317	-17
3,47383	-17
3,47450	-16
3,47517	-16
3,47583	-16
3,47650	-15
3,47717	-15
3,47783	-14
3,47850	-14
3,47917	-13
3,47983	-13
3,48050	-12
3,48117	-12
3,48183	-11
3,48250	-10
3,48317	-9
3,48383	-9
3,48450	-8
3,48517	-7
3,48583	-7
3,48650	-6
3,48717	-6
3,48783	-5
3,48850	-4
3,48917	-4
3,48983	-3
3,49050	-2
3,49117	-2
3,49183	-1
3,49250	0
3,49317	1
3,49383	2
3,49450	2
3,49517	3
3,49583	3
3,49650	4
3,49717	5
3,49783	5
3,49850	6
3,49917	7
3,49983	7
3,50050	8
3,50117	8
3,50183	9
3,50250	9
3,50317	9
3,50383	10
3,50450	10
3,50517	10
3,50583	10
3,50650	10
3,50717	11
3,50783	11
3,50850	11
3,50917	11
3,50983	11
3,51050	11
3,51117	11
3,51183	11
3,51250	11
3,51317	11
3,51383	11
3,51450	10
3,51517	10
3,51583	9
3,51650	9
3,51717	8
3,51783	8
3,51850	7
3,51917	7
3,51983	6
3,52050	6
3,52117	5
3,52183	5
3,52250	4
3,52317	3
3,52383	3
3,52450	2
3,52517	1
3,52583	1
3,52650	0
3,52717	-0
3,52783	-1
3,52850	-1
3,52917	-1
3,52983	-2
3,53050	-2
3,53117	-2
3,53183	-2
3,53250	-2
3,53317	-2
3,53383	-3
3,53450	-3
3,53517	-3
3,53583	-3
3,53650	-3
3,53717	-3
3,53783	-3
3,53850	-3
3,53917	-3
3,53983	-3
3,54050	-3
3,54117	-3
3,54183	-2
3,54250	-2
3,54317	-1
3,54383	-0
3,54450	1
3,54517	2
3,54583	3
3,54650	5
3,54717	7
3,54783	9
3,54850	11
3,54917	13
3,54983	16
3,55050	19
3,55117	21
3,55183	24
3,55250	27
3,55317	31
3,55383	34
3,55450	37
3,55517	39
3,55583	42
3,55650	44
3,55717	47
3,55783	48
3,55850	50
3,55917	51
3,55983	52
3,56050	53
3,56117	53
3,56183	53
3,56250	52
3,56317	52
3,56383	51
3,56450	51
3,56517	50
3,56583	49
3,56650	47
3,56717	46
3,56783	45
3,56850	44
3,56917	42
3,56983	41
3,57050	39
3,57117	38
3,57183	36
3,57250	35
3,57317	33
3,57383	32
3,57450	31
3,57517	30
3,57583	30
3,57650	29
3,57717	29
3,57783	29
3,57850	29
3,57917	28
3,57983	28
3,58050	28
3,58117	28
3,58183	27
3,58250	27
3,58317	27
3,58383	27
3,58450	27
3,58517	26
3,58583	26
3,58650	25
3,58717	25
3,58783	24
3,58850	23
3,58917	22
3,58983	21
3,59050	20
3,59117	19
3,59183	18
3,59250	16
3,59317	15
3,59383	14
3,59450	13
3,59517	11
3,59583	10
3,59650	9
3,59717	7
3,59783	6
3,59850	5
3,59917	4
3,59983	2
3,60050	1
3,60117	0
3,60183	-1
3,60250	-2
3,60317	-3
3,60383	-4
3,60450	-5
3,60517	-6
3,60583	-7
3,60650	-7
3,60717	-8
3,60783	-8
3,60850	-9
3,60917	-9
3,60983	-10
3,61050	-11
3,61117	-11
3,61183	-12
3,61250	-12
3,61317	-13
3,61383	-13
3,61450	-14
3,61517	-14
3,61583	-14
3,61650	-14
3,61717	-14
3,61783	-15
3,61850	-15
3,61917	-15
3,61983	-15
3,62050	-15
3,62117	-15
3,62183	-16
3,62250	-16
3,62317	-16
3,62383	-16
3,62450	-16
3,62517	-16
3,62583	-17
3,62650	-17
3,62717	-17
3,62783	-17
3,62850	-17
3,62917	-17
3,62983	-17
3,63050	-17
3,63117	-17
3,63183	-16
3,63250	-16
3,63317	-16
3,63383	-16
3,63450	-15
3,63517	-15
3,63583	-14
3,63650	-14
3,63717	-13
3,63783	-12
3,63850	-12
3,63917	-11
3,63983	-10
3,64050	-9
3,64117	-8
3,64183	-8
3,64250	-7
3,64317	-6
3,64383	-5
3,64450	-4
3,64517	-3
3,64583	-2
3,64650	-1
3,64717	0
3,64783	1
3,64850	2
3,64917	2
3,64983	3
3,65050	4
3,65117	4
3,65183	4
3,65250	5
3,65317	5
3,65383	5
3,65450	5
3,65517	5
3,65583	5
3,65650	5
3,65717	5
3,65783	5
3,65850	5
3,65917	4
3,65983	4
3,66050	4
3,66117	3
3,66183	3
3,66250	2
3,66317	2
3,66383	1
3,66450	1
3,66517	0
3,66583	-0
3,66650	-1
3,66717	-2
3,66783	-2
3,66850	-3
3,66917	-3
3,66983	-4
3,67050	-4
3,67117	-5
3,67183	-5
3,67250	-5
3,67317	-5
3,67383	-6
3,67450	-6
3,67517	-6
3,67583	-6
3,67650	-6
3,67717	-7
3,67783	-7
3,67850	-8
3,67917	-8
3,67983	-8
3,68050	-8
3,68117	-9
3,68183	-9
3,68250	-9
3,68317	-9
3,68383	-9
3,68450	-9
3,68517	-9
3,68583	-9
3,68650	-9
3,68717	-9
3,68783	-9
3,68850	-9
3,68917	-9
3,68983	-8
3,69050	-8
3,69117	-8
3,69183	-7
3,69250	-7
3,69317	-6
3,69383	-6
3,69450	-6
3,69517	-5
3,69583	-5
3,69650	-5
3,69717	-5
3,69783	-5
3,69850	-5
3,69917	-4
3,69983	-4
3,70050	-4
3,70117	-4
3,70183	-4
3,70250	-4
3,70317	-4
3,70383	-4
3,70450	-4
3,70517	-3
3,70583	-3
3,70650	-3
3,70717	-3
3,70783	-4
3,70850	-4
3,70917	-4
3,70983	-4
3,71050	-4
3,71117	-4
3,71183	-4
3,71250	-4
3,71317	-4
3,71383	-5
3,71450	-5
3,71517	-5
3,71583	-5
3,71650	-5
3,71717	-6
3,71783	-6
3,71850	-6
3,71917	-6
3,71983	-6
3,72050	-6
3,72117	-6
3,72183	-6
3,72250	-6
3,72317	-6
3,72383	-6
3,72450	-6
3,72517	-6
3,72583	-6
3,72650	-5
3,72717	-5
3,72783	-5
3,72850	-5
3,72917	-5
3,72983	-5
3,73050	-5
3,73117	-5
3,73183	-5
3,73250	-5
3,73317	-5
3,73383	-5
3,73450	-5
3,73517	-5
3,73583	-5
3,73650	-5
3,73717	-5
3,73783	-5
3,73850	-5
3,73917	-5
3,73983	-6
3,74050	-6
3,74117	-6
3,74183	-6
3,74250	-6
3,74317	-6
3,74383	-6
3,74450	-6
3,74517	-6
3,74583	-7
3,74650	-7
3,74717	-7
3,74783	-7
3,74850	-8
3,74917	-8
3,74983	-8
3,75050	-9
3,75117	-9
3,75183	-9
3,75250	-9
3,75317	-10
3,75383	-10
3,75450	-10
3,75517	-10
3,75583	-10
3,75650	-10
3,75717	-10
3,75783	-10
3,75850	-10
3,75917	-10
3,75983	-10
3,76050	-10
3,76117	-10
3,76183	-10
3,76250	-10
3,76317	-10
3,76383	-10
3,76450	-10
3,76517	-9
3,76583	-9
3,76650	-9
3,76717	-9
3,76783	-9
3,76850	-8
3,76917	-8
3,76983	-8
3,77050	-8
3,77117	-9
3,77183	-9
3,77250	-9
3,77317	-9
3,77383	-9
3,77450	-9
3,77517	-9
3,77583	-9
3,77650	-9
3,77717	-9
3,77783	-9
3,77850	-9
3,77917	-9
3,77983	-10
3,78050	-10
3,78117	-10
3,78183	-9
3,78250	-9
3,78317	-9
3,78383	-9
3,78450	-9
3,78517	-9
3,78583	-9
3,78650	-9
3,78717	-9
3,78783	-9
3,78850	-9
3,78917	-9
3,78983	-9
3,79050	-9
3,79117	-9
3,79183	-9
3,79250	-9
3,79317	-9
3,79383	-9
3,79450	-9
3,79517	-8
3,79583	-8
3,79650	-8
3,79717	-8
3,79783	-8
3,79850	-8
3,79917	-8
3,79983	-8
3,80050	-8
3,80117	-8
3,80183	-8
3,80250	-8
3,80317	-9
3,80383	-9
3,80450	-9
3,80517	-9
3,80583	-9
3,80650	-9
3,80717	-9
3,80783	-9
3,80850	-9
3,80917	-10
3,80983	-10
3,81050	-10
3,81117	-10
3,81183	-10
3,81250	-10
3,81317	-10
3,81383	-10
3,81450	-10
3,81517	-10
3,81583	-9
3,81650	-9
3,81717	-9
3,81783	-9
3,81850	-9
3,81917	-10
3,81983	-10
3,82050	-10
3,82117	-10
3,82183	-10
3,82250	-10
3,82317	-10
3,82383	-10
3,82450	-10
3,82517	-10
3,82583	-11
3,82650	-11
3,82717	-11
3,82783	-11
3,82850	-11
3,82917	-11
3,82983	-11
3,83050	-11
3,83117	-11
3,83183	-11
3,83250	-11
3,83317	-11
3,83383	-11
3,83450	-11
3,83517	-12
3,83583	-12
3,83650	-12
3,83717	-12
3,83783	-13
3,83850	-13
3,83917	-13
3,83983	-13
3,84050	-12
3,84117	-12
3,84183	-12
3,84250	-12
3,84317	-12
3,84383	-11
3,84450	-11
3,84517	-11
3,84583	-10
3,84650	-10
3,84717	-10
3,84783	-10
3,84850	-10
3,84917	-9
3,84983	-9
3,85050	-9
3,85117	-9
3,85183	-9
3,85250	-9
3,85317	-9
3,85383	-9
3,85450	-9
3,85517	-9
3,85583	-9
3,85650	-9
3,85717	-10
3,85783	-10
3,85850	-10
3,85917	-10
3,85983	-10
3,86050	-10
3,86117	-10
3,86183	-9
3,86250	-9
3,86317	-9
3,86383	-9
3,86450	-9
3,86517	-9
3,86583	-9
3,86650	-9
3,86717	-10
3,86783	-10
3,86850	-10
3,86917	-10
3,86983	-10
3,87050	-10
3,87117	-10
3,87183	-10
3,87250	-9
3,87317	-9
3,87383	-8
3,87450	-8
3,87517	-6
3,87583	-5
3,87650	-3
3,87717	1
3,87783	6
3,87850	13
3,87917	24
3,87983	40
3,88050	63
3,88117	96
3,88183	143
3,88250	210
3,88317	304
3,88383	437
3,88450	620
3,88517	871
3,88583	1211
3,88650	1662
3,88717	2251
3,88783	3006
3,88850	3960
3,88917	5150
3,88983	6619
3,89050	8411
3,89117	10566
3,89183	13121
3,89250	16120
3,89317	19618
3,89383	23684
3,89450	28384
3,89517	33779
3,89583	39922
3,89650	46851
3,89717	54606
3,89783	63207
3,89850	72667
3,89917	82989
3,89983	94195
3,90050	106306
3,90117	119351
3,90183	133329
3,90250	148237
3,90317	164017
3,90383	180584
3,90450	197831
3,90517	215660
3,90583	233988
3,90650	252744
3,90717	271825
3,90783	291093
3,90850	310361
3,90917	329414
3,90983	348002
3,91050	365821
3,91117	382533
3,91183	397805
3,91250	411323
3,91317	422815
3,91383	432023
3,91450	438746
3,91517	442856
3,91583	444332
3,91650	443193
3,91717	439517
3,91783	433423
3,91850	425107
3,91917	414803
3,91983	402781
3,92050	389310
3,92117	374668
3,92183	359125
3,92250	342940
3,92317	326350
3,92383	309566
3,92450	292771
3,92517	276124
3,92583	259759
3,92650	243788
3,92717	228297
3,92783	213356
3,92850	199017
3,92917	185315
3,92983	172275
3,93050	159909
3,93117	148220
3,93183	137203
3,93250	126849
3,93317	117140
3,93383	108057
3,93450	99578
3,93517	91676
3,93583	84327
3,93650	77502
3,93717	71174
3,93783	65314
3,93850	59896
3,93917	54892
3,93983	50276
3,94050	46022
3,94117	42106
3,94183	38505
3,94250	35196
3,94317	32159
3,94383	29372
3,94450	26818
3,94517	24479
3,94583	22338
3,94650	20379
3,94717	18589
3,94783	16953
3,94850	15460
3,94917	14096
3,94983	12853
3,95050	11719
3,95117	10685
3,95183	9743
3,95250	8885
3,95317	8104
3,95383	7393
3,95450	6746
3,95517	6158
3,95583	5623
3,95650	5137
3,95717	4696
3,95783	4295
3,95850	3931
3,95917	3600
3,95983	3300
3,96050	3027
3,96117	2779
3,96183	2554
3,96250	2349
3,96317	2164
3,96383	1995
3,96450	1842
3,96517	1703
3,96583	1577
3,96650	1462
3,96717	1358
3,96783	1263
3,96850	1177
3,96917	1098
3,96983	1026
3,97050	961
3,97117	901
3,97183	847
3,97250	798
3,97317	753
3,97383	712
3,97450	674
3,97517	640
3,97583	609
3,97650	580
3,97717	554
3,97783	529
3,97850	507
3,97917	487
3,97983	468
3,98050	450
3,98117	434
3,98183	419
3,98250	405
3,98317	392
3,98383	380
3,98450	369
3,98517	358
3,98583	348
3,98650	339
3,98717	330
3,98783	321
3,98850	313
3,98917	306
3,98983	299
3,99050	292
3,99117	286
3,99183	280
3,99250	274
3,99317	268
3,99383	263
3,99450	258
3,99517	253
3,99583	248
3,99650	243
3,99717	239
3,99783	235
3,99850	231
3,99917	228
3,99983	224
4,00050	221
4,00117	218
4,00183	215
4,00250	212
4,00317	209
4,00383	206
4,00450	203
4,00517	200
4,00583	197
4,00650	195
4,00717	192
4,00783	189
4,00850	187
4,00917	184
4,00983	182
4,01050	179
4,01117	177
4,01183	175
4,01250	173
4,01317	171
4,01383	169
4,01450	168
4,01517	166
4,01583	164
4,01650	162
4,01717	160
4,01783	159
4,01850	157
4,01917	155
4,01983	153
4,02050	152
4,02117	150
4,02183	149
4,02250	147
4,02317	145
4,02383	144
4,02450	142
4,02517	140
4,02583	139
4,02650	137
4,02717	136
4,02783	134
4,02850	133
4,02917	132
4,02983	130
4,03050	129
4,03117	128
4,03183	127
4,03250	126
4,03317	124
4,03383	123
4,03450	122
4,03517	121
4,03583	120
4,03650	118
4,03717	117
4,03783	116
4,03850	114
4,03917	113
4,03983	112
4,04050	111
4,04117	110
4,04183	109
4,04250	108
4,04317	107
4,04383	106
4,04450	105
4,04517	104
4,04583	103
4,04650	102
4,04717	101
4,04783	100
4,04850	99
4,04917	98
4,04983	97
4,05050	96
4,05117	94
4,05183	93
4,05250	92
4,05317	91
4,05383	90
4,05450	89
4,05517	89
4,05583	88
4,05650	87
4,05717	86
4,05783	85
4,05850	85
4,05917	84
4,05983	83
4,06050	83
4,06117	82
4,06183	81
4,06250	81
4,06317	81
4,06383	80
4,06450	80
4,06517	79
4,06583	79
4,06650	78
4,06717	77
4,06783	77
4,06850	76
4,06917	75
4,06983	74
4,07050	74
4,07117	73
4,07183	72
4,07250	71
4,07317	70
4,07383	70
4,07450	69
4,07517	69
4,07583	68
4,07650	68
4,07717	67
4,07783	67
4,07850	66
4,07917	66
4,07983	66
4,08050	65
4,08117	65
4,08183	64
4,08250	64
4,08317	64
4,08383	64
4,08450	64
4,08517	63
4,08583	63
4,08650	63
4,08717	63
4,08783	62
4,08850	62
4,08917	61
4,08983	61
4,09050	61
4,09117	60
4,09183	60
4,09250	59
4,09317	59
4,09383	59
4,09450	59
4,09517	59
4,09583	58
4,09650	58
4,09717	58
4,09783	58
4,09850	58
4,09917	57
4,09983	57
4,10050	56
4,10117	56
4,10183	56
4,10250	55
4,10317	55
4,10383	54
4,10450	54
4,10517	54
4,10583	53
4,10650	53
4,10717	52
4,10783	52
4,10850	52
4,10917	51
4,10983	51
4,11050	50
4,11117	50
4,11183	49
4,11250	49
4,11317	48
4,11383	48
4,11450	47
4,11517	47
4,11583	47
4,11650	47
4,11717	47
4,11783	47
4,11850	47
4,11917	47
4,11983	47
4,12050	46
4,12117	46
4,12183	46
4,12250	46
4,12317	45
4,12383	45
4,12450	45
4,12517	45
4,12583	45
4,12650	45
4,12717	45
4,12783	45
4,12850	44
4,12917	44
4,12983	44
4,13050	44
4,13117	43
4,13183	43
4,13250	43
4,13317	43
4,13383	42
4,13450	42
4,13517	42
4,13583	42
4,13650	42
4,13717	41
4,13783	41
4,13850	41
4,13917	41
4,13983	40
4,14050	40
4,14117	40
4,14183	40
4,14250	39
4,14317	39
4,14383	38
4,14450	38
4,14517	38
4,14583	37
4,14650	37
4,14717	37
4,14783	37
4,14850	36
4,14917	36
4,14983	35
4,15050	35
4,15117	35
4,15183	35
4,15250	34
4,15317	34
4,15383	33
4,15450	33
4,15517	32
4,15583	32
4,15650	32
4,15717	31
4,15783	31
4,15850	31
4,15917	31
4,15983	31
4,16050	31
4,16117	31
4,16183	31
4,16250	31
4,16317	31
4,16383	31
4,16450	31
4,16517	30
4,16583	30
4,16650	30
4,16717	30
4,16783	30
4,16850	30
4,16917	30
4,16983	30
4,17050	30
4,17117	30
4,17183	30
4,17250	30
4,17317	30
4,17383	30
4,17450	29
4,17517	29
4,17583	28
4,17650	28
4,17717	27
4,17783	27
4,17850	26
4,17917	26
4,17983	25
4,18050	25
4,18117	24
4,18183	24
4,18250	24
4,18317	23
4,18383	23
4,18450	23
4,18517	23
4,18583	22
4,18650	22
4,18717	22
4,18783	21
4,18850	21
4,18917	21
4,18983	21
4,19050	20
4,19117	20
4,19183	20
4,19250	20
4,19317	20
4,19383	20
4,19450	20
4,19517	20
4,19583	20
4,19650	20
4,19717	20
4,19783	20
4,19850	20
4,19917	20
4,19983	20
4,20050	20
4,20117	21
4,20183	21
4,20250	21
4,20317	21
4,20383	22
4,20450	22
4,20517	22
4,20583	22
4,20650	22
4,20717	22
4,20783	22
4,20850	21
4,20917	21
4,20983	21
4,21050	21
4,21117	20
4,21183	20
4,21250	20
4,21317	20
4,21383	20
4,21450	20
4,21517	20
4,21583	20
4,21650	20
4,21717	20
4,21783	20
4,21850	19
4,21917	19
4,21983	19
4,22050	18
4,22117	18
4,22183	18
4,22250	17
4,22317	17
4,22383	17
4,22450	17
4,22517	16
4,22583	16
4,22650	16
4,22717	16
4,22783	15
4,22850	15
4,22917	15
4,22983	14
4,23050	14
4,23117	14
4,23183	14
4,23250	14
4,23317	13
4,23383	13
4,23450	14
4,23517	14
4,23583	14
4,23650	14
4,23717	14
4,23783	15
4,23850	15
4,23917	15
4,23983	15
4,24050	15
4,24117	15
4,24183	15
4,24250	15
4,24317	15
4,24383	15
4,24450	15
4,24517	15
4,24583	14
4,24650	15
4,24717	15
4,24783	15
4,24850	15
4,24917	15
4,24983	15
4,25050	15
4,25117	15
4,25183	15
4,25250	15
4,25317	15
4,25383	15
4,25450	15
4,25517	14
4,25583	14
4,25650	14
4,25717	13
4,25783	13
4,25850	13
4,25917	13
4,25983	13
4,26050	12
4,26117	12
4,26183	12
4,26250	12
4,26317	12
4,26383	12
4,26450	12
4,26517	12
4,26583	11
4,26650	11
4,26717	11
4,26783	11
4,26850	11
4,26917	11
4,26983	11
4,27050	11
4,27117	11
4,27183	11
4,27250	11
4,27317	11
4,27383	11
4,27450	11
4,27517	11
4,27583	12
4,27650	12
4,27717	12
4,27783	13
4,27850	13
4,27917	13
4,27983	14
4,28050	14
4,28117	14
4,28183	14
4,28250	14
4,28317	14
4,28383	14
4,28450	13
4,28517	13
4,28583	13
4,28650	13
4,28717	13
4,28783	13
4,28850	13
4,28917	12
4,28983	12
4,29050	12
4,29117	12
4,29183	12
4,29250	12
4,29317	12
4,29383	12
4,29450	12
4,29517	13
4,29583	13
4,29650	13
4,29717	13
4,29783	13
4,29850	13
4,29917	13
4,29983	13
4,30050	13
4,30117	12
4,30183	12
4,30250	12
4,30317	12
4,30383	12
4,30450	12
4,30517	12
4,30583	12
4,30650	13
4,30717	13
4,30783	13
4,30850	13
4,30917	13
4,30983	14
4,31050	14
4,31117	14
4,31183	14
4,31250	14
4,31317	14
4,31383	14
4,31450	15
4,31517	15
4,31583	15
4,31650	15
4,31717	15
4,31783	16
4,31850	16
4,31917	16
4,31983	16
4,32050	16
4,32117	16
4,32183	16
4,32250	16
4,32317	16
4,32383	16
4,32450	16
4,32517	16
4,32583	16
4,32650	15
4,32717	15
4,32783	15
4,32850	15
4,32917	14
4,32983	14
4,33050	13
4,33117	13
4,33183	13
4,33250	13
4,33317	13
4,33383	13
4,33450	13
4,33517	13
4,33583	13
4,33650	13
4,33717	13
4,33783	13
4,33850	13
4,33917	13
4,33983	13
4,34050	13
4,34117	13
4,34183	13
4,34250	13
4,34317	13
4,34383	13
4,34450	14
4,34517	14
4,34583	14
4,34650	14
4,34717	14
4,34783	14
4,34850	14
4,34917	14
4,34983	14
4,35050	14
4,35117	14
4,35183	14
4,35250	14
4,35317	14
4,35383	14
4,35450	14
4,35517	14
4,35583	14
4,35650	14
4,35717	14
4,35783	14
4,35850	14
4,35917	14
4,35983	14
4,36050	14
4,36117	14
4,36183	14
4,36250	14
4,36317	14
4,36383	14
4,36450	15
4,36517	15
4,36583	15
4,36650	15
4,36717	15
4,36783	16
4,36850	16
4,36917	16
4,36983	17
4,37050	17
4,37117	17
4,37183	17
4,37250	18
4,37317	18
4,37383	18
4,37450	19
4,37517	20
4,37583	20
4,37650	21
4,37717	21
4,37783	22
4,37850	23
4,37917	24
4,37983	25
4,38050	26
4,38117	27
4,38183	28
4,38250	29
4,38317	31
4,38383	33
4,38450	35
4,38517	37
4,38583	38
4,38650	41
4,38717	43
4,38783	45
4,38850	47
4,38917	49
4,38983	51
4,39050	53
4,39117	55
4,39183	58
4,39250	60
4,39317	62
4,39383	64
4,39450	67
4,39517	69
4,39583	71
4,39650	73
4,39717	75
4,39783	77
4,39850	79
4,39917	80
4,39983	82
4,40050	83
4,40117	84
4,40183	84
4,40250	85
4,40317	85
4,40383	85
4,40450	85
4,40517	85
4,40583	85
4,40650	85
4,40717	84
4,40783	84
4,40850	83
4,40917	82
4,40983	82
4,41050	81
4,41117	81
4,41183	80
4,41250	79
4,41317	79
4,41383	78
4,41450	77
4,41517	77
4,41583	76
4,41650	75
4,41717	74
4,41783	74
4,41850	73
4,41917	72
4,41983	72
4,42050	71
4,42117	70
4,42183	69
4,42250	68
4,42317	67
4,42383	66
4,42450	66
4,42517	65
4,42583	65
4,42650	64
4,42717	64
4,42783	63
4,42850	63
4,42917	62
4,42983	62
4,43050	61
4,43117	60
4,43183	59
4,43250	58
4,43317	57
4,43383	56
4,43450	55
4,43517	54
4,43583	53
4,43650	52
4,43717	51
4,43783	50
4,43850	50
4,43917	49
4,43983	48
4,44050	47
4,44117	46
4,44183	45
4,44250	45
4,44317	44
4,44383	43
4,44450	42
4,44517	41
4,44583	41
4,44650	40
4,44717	39
4,44783	39
4,44850	38
4,44917	38
4,44983	37
4,45050	37
4,45117	36
4,45183	36
4,45250	35
4,45317	35
4,45383	34
4,45450	33
4,45517	32
4,45583	31
4,45650	30
4,45717	30
4,45783	29
4,45850	28
4,45917	28
4,45983	27
4,46050	27
4,46117	26
4,46183	25
4,46250	25
4,46317	24
4,46383	24
4,46450	23
4,46517	22
4,46583	22
4,46650	21
4,46717	21
4,46783	20
4,46850	20
4,46917	19
4,46983	19
4,47050	19
4,47117	18
4,47183	18
4,47250	18
4,47317	18
4,47383	17
4,47450	17
4,47517	17
4,47583	16
4,47650	16
4,47717	16
4,47783	15
4,47850	15
4,47917	15
4,47983	14
4,48050	14
4,48117	14
4,48183	14
4,48250	14
4,48317	14
4,48383	14
4,48450	14
4,48517	14
4,48583	14
4,48650	14
4,48717	13
4,48783	13
4,48850	13
4,48917	13
4,48983	13
4,49050	13
4,49117	13
4,49183	13
4,49250	13
4,49317	13
4,49383	13
4,49450	13
4,49517	13
4,49583	13
4,49650	13
4,49717	13
4,49783	13
4,49850	13
4,49917	13
4,49983	13
4,50050	13
4,50117	14
4,50183	14
4,50250	14
4,50317	14
4,50383	14
4,50450	14
4,50517	14
4,50583	14
4,50650	15
4,50717	15
4,50783	15
4,50850	15
4,50917	15
4,50983	15
4,51050	16
4,51117	16
4,51183	16
4,51250	16
4,51317	16
4,51383	16
4,51450	16
4,51517	16
4,51583	16
4,51650	17
4,51717	17
4,51783	17
4,51850	17
4,51917	17
4,51983	17
4,52050	17
4,52117	17
4,52183	17
4,52250	17
4,52317	17
4,52383	17
4,52450	18
4,52517	18
4,52583	18
4,52650	18
4,52717	18
4,52783	19
4,52850	19
4,52917	19
4,52983	19
4,53050	19
4,53117	19
4,53183	19
4,53250	18
4,53317	18
4,53383	18
4,53450	18
4,53517	18
4,53583	17
4,53650	17
4,53717	17
4,53783	17
4,53850	17
4,53917	17
4,53983	17
4,54050	17
4,54117	16
4,54183	16
4,54250	15
4,54317	15
4,54383	14
4,54450	14
4,54517	14
4,54583	13
4,54650	13
4,54717	12
4,54783	12
4,54850	12
4,54917	11
4,54983	11
4,55050	11
4,55117	10
4,55183	10
4,55250	10
4,55317	10
4,55383	10
4,55450	10
4,55517	10
4,55583	10
4,55650	11
4,55717	11
4,55783	11
4,55850	12
4,55917	12
4,55983	12
4,56050	12
4,56117	12
4,56183	13
4,56250	13
4,56317	13
4,56383	14
4,56450	14
4,56517	15
4,56583	15
4,56650	15
4,56717	16
4,56783	16
4,56850	17
4,56917	17
4,56983	17
4,57050	18
4,57117	18
4,57183	19
4,57250	19
4,57317	19
4,57383	20
4,57450	20
4,57517	20
4,57583	20
4,57650	20
4,57717	21
4,57783	21
4,57850	21
4,57917	21
4,57983	22
4,58050	22
4,58117	22
4,58183	22
4,58250	22
4,58317	22
4,58383	22
4,58450	21
4,58517	21
4,58583	21
4,58650	20
4,58717	20
4,58783	20
4,58850	20
4,58917	19
4,58983	19
4,59050	19
4,59117	18
4,59183	18
4,59250	17
4,59317	17
4,59383	16
4,59450	16
4,59517	16
4,59583	15
4,59650	15
4,59717	14
4,59783	14
4,59850	14
4,59917	14
4,59983	14
4,60050	13
4,60117	13
4,60183	13
4,60250	12
4,60317	12
4,60383	12
4,60450	12
4,60517	11
4,60583	11
4,60650	11
4,60717	11
4,60783	11
4,60850	12
4,60917	12
4,60983	12
4,61050	12
4,61117	12
4,61183	12
4,61250	12
4,61317	12
4,61383	12
4,61450	12
4,61517	12
4,61583	12
4,61650	12
4,61717	12
4,61783	12
4,61850	12
4,61917	12
4,61983	12
4,62050	12
4,62117	12
4,62183	12
4,62250	13
4,62317	13
4,62383	13
4,62450	13
4,62517	12
4,62583	12
4,62650	12
4,62717	12
4,62783	12
4,62850	12
4,62917	12
4,62983	12
4,63050	12
4,63117	12
4,63183	12
4,63250	12
4,63317	11
4,63383	11
4,63450	11
4,63517	11
4,63583	11
4,63650	11
4,63717	11
4,63783	11
4,63850	11
4,63917	11
4,63983	11
4,64050	11
4,64117	11
4,64183	11
4,64250	11
4,64317	11
4,64383	11
4,64450	11
4,64517	11
4,64583	11
4,64650	11
4,64717	11
4,64783	11
4,64850	11
4,64917	11
4,64983	11
4,65050	10
4,65117	10
4,65183	10
4,65250	10
4,65317	9
4,65383	9
4,65450	9
4,65517	9
4,65583	8
4,65650	8
4,65717	8
4,65783	8
4,65850	8
4,65917	8
4,65983	8
4,66050	8
4,66117	8
4,66183	7
4,66250	7
4,66317	8
4,66383	8
4,66450	8
4,66517	8
4,66583	8
4,66650	8
4,66717	9
4,66783	9
4,66850	9
4,66917	9
4,66983	9
4,67050	10
4,67117	10
4,67183	10
4,67250	10
4,67317	10
4,67383	10
4,67450	10
4,67517	10
4,67583	10
4,67650	10
4,67717	10
4,67783	10
4,67850	10
4,67917	9
4,67983	9
4,68050	9
4,68117	8
4,68183	8
4,68250	8
4,68317	8
4,68383	8
4,68450	9
4,68517	9
4,68583	9
4,68650	9
4,68717	9
4,68783	9
4,68850	9
4,68917	9
4,68983	9
4,69050	9
4,69117	9
4,69183	9
4,69250	9
4,69317	9
4,69383	10
4,69450	10
4,69517	10
4,69583	10
4,69650	10
4,69717	10
4,69783	10
4,69850	10
4,69917	9
4,69983	9
4,70050	9
4,70117	8
4,70183	8
4,70250	7
4,70317	7
4,70383	7
4,70450	6
4,70517	6
4,70583	6
4,70650	6
4,70717	6
4,70783	6
4,70850	6
4,70917	6
4,70983	6
4,71050	6
4,71117	5
4,71183	5
4,71250	5
4,71317	4
4,71383	4
4,71450	4
4,71517	4
4,71583	4
4,71650	4
4,71717	4
4,71783	4
4,71850	4
4,71917	4
4,71983	4
4,72050	4
4,72117	4
4,72183	4
4,72250	4
4,72317	5
4,72383	5
4,72450	5
4,72517	5
4,72583	6
4,72650	6
4,72717	6
4,72783	6
4,72850	6
4,72917	7
4,72983	7
4,73050	7
4,73117	7
4,73183	7
4,73250	7
4,73317	6
4,73383	6
4,73450	7
4,73517	7
4,73583	7
4,73650	7
4,73717	7
4,73783	8
4,73850	8
4,73917	8
4,73983	8
4,74050	9
4,74117	9
4,74183	9
4,74250	10
4,74317	11
4,74383	11
4,74450	12
4,74517	13
4,74583	14
4,74650	15
4,74717	16
4,74783	17
4,74850	18
4,74917	19
4,74983	21
4,75050	22
4,75117	23
4,75183	25
4,75250	26
4,75317	27
4,75383	28
4,75450	29
4,75517	31
4,75583	32
4,75650	33
4,75717	34
4,75783	34
4,75850	35
4,75917	36
4,75983	37
4,76050	37
4,76117	38
4,76183	38
4,76250	38
4,76317	38
4,76383	38
4,76450	38
4,76517	38
4,76583	38
4,76650	38
4,76717	37
4,76783	37
4,76850	37
4,76917	36
4,76983	36
4,77050	35
4,77117	35
4,77183	34
4,77250	34
4,77317	33
4,77383	32
4,77450	32
4,77517	31
4,77583	30
4,77650	29
4,77717	28
4,77783	27
4,77850	27
4,77917	26
4,77983	25
4,78050	25
4,78117	24
4,78183	23
4,78250	22
4,78317	21
4,78383	21
4,78450	20
4,78517	19
4,78583	19
4,78650	18
4,78717	18
4,78783	17
4,78850	17
4,78917	17
4,78983	16
4,79050	16
4,79117	15
4,79183	14
4,79250	14
4,79317	13
4,79383	13
4,79450	12
4,79517	11
4,79583	11
4,79650	10
4,79717	9
4,79783	9
4,79850	8
4,79917	8
4,79983	8
4,80050	7
4,80117	7
4,80183	6
4,80250	6
4,80317	6
4,80383	5
4,80450	5
4,80517	4
4,80583	4
4,80650	4
4,80717	4
4,80783	3
4,80850	3
4,80917	2
4,80983	2
4,81050	2
4,81117	2
4,81183	2
4,81250	2
4,81317	2
4,81383	3
4,81450	3
4,81517	3
4,81583	4
4,81650	4
4,81717	4
4,81783	4
4,81850	5
4,81917	5
4,81983	5
4,82050	5
4,82117	5
4,82183	5
4,82250	5
4,82317	5
4,82383	5
4,82450	5
4,82517	5
4,82583	4
4,82650	4
4,82717	3
4,82783	3
4,82850	2
4,82917	2
4,82983	2
4,83050	1
4,83117	1
4,83183	1
4,83250	1
4,83317	1
4,83383	1
4,83450	1
4,83517	1
4,83583	1
4,83650	1
4,83717	0
4,83783	0
4,83850	-0
4,83917	-0
4,83983	-0
4,84050	-1
4,84117	-1
4,84183	-1
4,84250	-1
4,84317	-1
4,84383	-1
4,84450	-1
4,84517	-1
4,84583	-0
4,84650	-0
4,84717	0
4,84783	0
4,84850	0
4,84917	0
4,84983	1
4,85050	1
4,85117	1
4,85183	2
4,85250	2
4,85317	2
4,85383	3
4,85450	4
4,85517	4
4,85583	5
4,85650	6
4,85717	7
4,85783	8
4,85850	8
4,85917	9
4,85983	10
4,86050	11
4,86117	12
4,86183	12
4,86250	13
4,86317	13
4,86383	14
4,86450	15
4,86517	15
4,86583	16
4,86650	16
4,86717	17
4,86783	17
4,86850	17
4,86917	17
4,86983	17
4,87050	17
4,87117	17
4,87183	17
4,87250	17
4,87317	16
4,87383	16
4,87450	15
4,87517	15
4,87583	14
4,87650	13
4,87717	13
4,87783	12
4,87850	12
4,87917	11
4,87983	10
4,88050	10
4,88117	9
4,88183	8
4,88250	8
4,88317	7
4,88383	6
4,88450	6
4,88517	6
4,88583	6
4,88650	5
4,88717	5
4,88783	4
4,88850	4
4,88917	4
4,88983	3
4,89050	3
4,89117	2
4,89183	2
4,89250	2
4,89317	1
4,89383	1
4,89450	1
4,89517	1
4,89583	1
4,89650	1
4,89717	1
4,89783	1
4,89850	1
4,89917	1
4,89983	1
4,90050	2
4,90117	2
4,90183	2
4,90250	2
4,90317	2
4,90383	2
4,90450	2
4,90517	2
4,90583	2
4,90650	2
4,90717	2
4,90783	2
4,90850	2
4,90917	2
4,90983	2
4,91050	2
4,91117	2
4,91183	2
4,91250	2
4,91317	1
4,91383	1
4,91450	1
4,91517	1
4,91583	1
4,91650	1
4,91717	1
4,91783	1
4,91850	1
4,91917	1
4,91983	1
4,92050	1
4,92117	2
4,92183	2
4,92250	2
4,92317	2
4,92383	3
4,92450	3
4,92517	3
4,92583	3
4,92650	3
4,92717	3
4,92783	4
4,92850	4
4,92917	4
4,92983	4
4,93050	4
4,93117	4
4,93183	4
4,93250	4
4,93317	4
4,93383	4
4,93450	4
4,93517	4
4,93583	4
4,93650	4
4,93717	4
4,93783	4
4,93850	4
4,93917	5
4,93983	5
4,94050	5
4,94117	5
4,94183	5
4,94250	5
4,94317	5
4,94383	5
4,94450	5
4,94517	5
4,94583	5
4,94650	5
4,94717	5
4,94783	5
4,94850	5
4,94917	5
4,94983	5
4,95050	5
4,95117	5
4,95183	5
4,95250	5
4,95317	5
4,95383	5
4,95450	5
4,95517	5
4,95583	5
4,95650	5
4,95717	5
4,95783	5
4,95850	5
4,95917	5
4,95983	5
4,96050	5
4,96117	5
4,96183	5
4,96250	5
4,96317	5
4,96383	5
4,96450	5
4,96517	5
4,96583	4
4,96650	4
4,96717	4
4,96783	3
4,96850	3
4,96917	3
4,96983	2
4,97050	2
4,97117	2
4,97183	2
4,97250	2
4,97317	2
4,97383	2
4,97450	2
4,97517	2
4,97583	2
4,97650	2
4,97717	2
4,97783	2
4,97850	2
4,97917	2
4,97983	2
4,98050	2
4,98117	2
4,98183	2
4,98250	2
4,98317	2
4,98383	2
4,98450	2
4,98517	2
4,98583	2
4,98650	2
4,98717	2
4,98783	2
4,98850	3
4,98917	3
4,98983	3
4,99050	4
4,99117	4
4,99183	5
4,99250	6
4,99317	7
4,99383	8
4,99450	10
4,99517	12
4,99583	14
4,99650	16
4,99717	18
4,99783	21
4,99850	24
4,99917	27
4,99983	31
5,00050	35
5,00117	39
5,00183	43
5,00250	47
5,00317	52
5,00383	56
5,00450	61
5,00517	65
5,00583	69
5,00650	73
5,00717	77
5,00783	80
5,00850	83
5,00917	86
5,00983	88
5,01050	90
5,01117	92
5,01183	93
5,01250	94
5,01317	95
5,01383	95
5,01450	94
5,01517	94
5,01583	93
5,01650	92
5,01717	90
5,01783	89
5,01850	87
5,01917	85
5,01983	82
5,02050	80
5,02117	78
5,02183	75
5,02250	73
5,02317	70
5,02383	68
5,02450	66
5,02517	63
5,02583	61
5,02650	59
5,02717	57
5,02783	54
5,02850	52
5,02917	50
5,02983	48
5,03050	46
5,03117	43
5,03183	41
5,03250	39
5,03317	37
5,03383	35
5,03450	33
5,03517	31
5,03583	29
5,03650	28
5,03717	26
5,03783	24
5,03850	23
5,03917	21
5,03983	20
5,04050	18
5,04117	17
5,04183	16
5,04250	15
5,04317	13
5,04383	12
5,04450	11
5,04517	10
5,04583	9
5,04650	8
5,04717	7
5,04783	7
5,04850	6
5,04917	6
5,04983	5
5,05050	5
5,05117	4
5,05183	4
5,05250	4
5,05317	3
5,05383	3
5,05450	3
5,05517	3
5,05583	2
5,05650	2
5,05717	2
5,05783	2
5,05850	2
5,05917	2
5,05983	2
5,06050	2
5,06117	2
5,06183	3
5,06250	3
5,06317	4
5,06383	6
5,06450	7
5,06517	10
5,06583	12
5,06650	16
5,06717	20
5,06783	24
5,06850	30
5,06917	36
5,06983	42
5,07050	50
5,07117	58
5,07183	67
5,07250	77
5,07317	88
5,07383	99
5,07450	111
5,07517	124
5,07583	137
5,07650	150
5,07717	163
5,07783	177
5,07850	190
5,07917	203
5,07983	215
5,08050	227
5,08117	237
5,08183	247
5,08250	255
5,08317	262
5,08383	268
5,08450	272
5,08517	275
5,08583	277
5,08650	277
5,08717	276
5,08783	274
5,08850	270
5,08917	266
5,08983	260
5,09050	253
5,09117	246
5,09183	237
5,09250	229
5,09317	219
5,09383	210
5,09450	200
5,09517	190
5,09583	180
5,09650	171
5,09717	161
5,09783	152
5,09850	142
5,09917	134
5,09983	125
5,10050	117
5,10117	109
5,10183	101
5,10250	94
5,10317	88
5,10383	81
5,10450	75
5,10517	70
5,10583	65
5,10650	60
5,10717	56
5,10783	51
5,10850	47
5,10917	44
5,10983	40
5,11050	37
5,11117	34
5,11183	31
5,11250	29
5,11317	26
5,11383	24
5,11450	22
5,11517	20
5,11583	18
5,11650	17
5,11717	15
5,11783	14
5,11850	13
5,11917	11
5,11983	11
5,12050	10
5,12117	9
5,12183	9
5,12250	8
5,12317	8
5,12383	7
5,12450	7
5,12517	7
5,12583	7
5,12650	7
5,12717	7
5,12783	7
5,12850	6
5,12917	6
5,12983	6
5,13050	6
5,13117	6
5,13183	6
5,13250	6
5,13317	6
5,13383	6
5,13450	6
5,13517	6
5,13583	6
5,13650	6
5,13717	6
5,13783	5
5,13850	5
5,13917	5
5,13983	5
5,14050	5
5,14117	5
5,14183	5
5,14250	5
5,14317	5
5,14383	5
5,14450	5
5,14517	5
5,14583	5
5,14650	5
5,14717	6
5,14783	5
5,14850	5
5,14917	5
5,14983	5
5,15050	5
5,15117	6
5,15183	6
5,15250	6
5,15317	7
5,15383	7
5,15450	7
5,15517	8
5,15583	8
5,15650	8
5,15717	8
5,15783	9
5,15850	9
5,15917	9
5,15983	9
5,16050	9
5,16117	9
5,16183	8
5,16250	8
5,16317	8
5,16383	8
5,16450	7
5,16517	7
5,16583	7
5,16650	6
5,16717	6
5,16783	6
5,16850	5
5,16917	5
5,16983	5
5,17050	5
5,17117	4
5,17183	4
5,17250	4
5,17317	3
5,17383	3
5,17450	3
5,17517	3
5,17583	3
5,17650	3
5,17717	3
5,17783	3
5,17850	2
5,17917	2
5,17983	2
5,18050	2
5,18117	2
5,18183	2
5,18250	2
5,18317	2
5,18383	2
5,18450	2
5,18517	3
5,18583	3
5,18650	3
5,18717	3
5,18783	3
5,18850	3
5,18917	3
5,18983	3
5,19050	3
5,19117	3
5,19183	3
5,19250	3
5,19317	3
5,19383	3
5,19450	3
5,19517	4
5,19583	4
5,19650	4
5,19717	4
5,19783	5
5,19850	5
5,19917	5
5,19983	5
5,20050	5
5,20117	5
5,20183	5
5,20250	5
5,20317	5
5,20383	5
5,20450	5
5,20517	5
5,20583	5
5,20650	5
5,20717	4
5,20783	4
5,20850	4
5,20917	4
5,20983	4
5,21050	3
5,21117	3
5,21183	3
5,21250	2
5,21317	2
5,21383	2
5,21450	2
5,21517	2
5,21583	2
5,21650	2
5,21717	2
5,21783	2
5,21850	2
5,21917	2
5,21983	2
5,22050	2
5,22117	2
5,22183	2
5,22250	2
5,22317	2
5,22383	2
5,22450	2
5,22517	2
5,22583	2
5,22650	2
5,22717	2
5,22783	2
5,22850	2
5,22917	2
5,22983	1
5,23050	1
5,23117	1
5,23183	1
5,23250	1
5,23317	1
5,23383	1
5,23450	1
5,23517	1
5,23583	1
5,23650	1
5,23717	1
5,23783	1
5,23850	0
5,23917	0
5,23983	0
5,24050	0
5,24117	0
5,24183	-0
5,24250	-0
5,24317	-1
5,24383	-1
5,24450	-1
5,24517	-1
5,24583	-1
5,24650	-1
5,24717	-1
5,24783	-1
5,24850	-1
5,24917	-1
5,24983	-1
5,25050	-1
5,25117	-1
5,25183	-1
5,25250	-1
5,25317	-1
5,25383	-2
5,25450	-2
5,25517	-2
5,25583	-2
5,25650	-2
5,25717	-2
5,25783	-2
5,25850	-2
5,25917	-2
5,25983	-2
5,26050	-2
5,26117	-2
5,26183	-2
5,26250	-2
5,26317	-2
5,26383	-2
5,26450	-2
5,26517	-2
5,26583	-2
5,26650	-3
5,26717	-3
5,26783	-3
5,26850	-3
5,26917	-3
5,26983	-3
5,27050	-3
5,27117	-3
5,27183	-3
5,27250	-3
5,27317	-3
5,27383	-3
5,27450	-3
5,27517	-3
5,27583	-4
5,27650	-4
5,27717	-4
5,27783	-4
5,27850	-4
5,27917	-4
5,27983	-4
5,28050	-3
5,28117	-3
5,28183	-3
5,28250	-3
5,28317	-3
5,28383	-3
5,28450	-3
5,28517	-3
5,28583	-3
5,28650	-3
5,28717	-4
5,28783	-4
5,28850	-4
5,28917	-4
5,28983	-4
5,29050	-4
5,29117	-4
5,29183	-4
5,29250	-3
5,29317	-3
5,29383	-3
5,29450	-3
5,29517	-3
5,29583	-2
5,29650	-2
5,29717	-2
5,29783	-3
5,29850	-3
5,29917	-3
5,29983	-3
5,30050	-3
5,30117	-3
5,30183	-2
5,30250	-2
5,30317	-2
5,30383	-2
5,30450	-2
5,30517	-2
5,30583	-2
5,30650	-2
5,30717	-2
5,30783	-2
5,30850	-2
5,30917	-2
5,30983	-2
5,31050	-2
5,31117	-2
5,31183	-2
5,31250	-2
5,31317	-2
5,31383	-2
5,31450	-3
5,31517	-3
5,31583	-3
5,31650	-3
5,31717	-4
5,31783	-4
5,31850	-4
5,31917	-4
5,31983	-5
5,32050	-5
5,32117	-5
5,32183	-6
5,32250	-6
5,32317	-6
5,32383	-5
5,32450	-5
5,32517	-5
5,32583	-5
5,32650	-5
5,32717	-5
5,32783	-5
5,32850	-5
5,32917	-5
5,32983	-6
5,33050	-6
5,33117	-5
5,33183	-5
5,33250	-5
5,33317	-5
5,33383	-5
5,33450	-5
5,33517	-4
5,33583	-4
5,33650	-4
5,33717	-3
5,33783	-3
5,33850	-3
5,33917	-2
5,33983	-2
5,34050	-2
5,34117	-1
5,34183	-0
5,34250	0
5,34317	1
5,34383	1
5,34450	2
5,34517	2
5,34583	2
5,34650	3
5,34717	3
5,34783	3
5,34850	3
5,34917	4
5,34983	4
5,35050	4
5,35117	3
5,35183	3
5,35250	3
5,35317	3
5,35383	3
5,35450	2
5,35517	2
5,35583	2
5,35650	2
5,35717	2
5,35783	2
5,35850	2
5,35917	2
5,35983	1
5,36050	1
5,36117	0
5,36183	0
5,36250	-0
5,36317	-1
5,36383	-1
5,36450	-1
5,36517	-1
5,36583	-1
5,36650	-1
5,36717	-1
5,36783	-1
5,36850	-1
5,36917	-1
5,36983	-1
5,37050	-1
5,37117	-1
5,37183	-1
5,37250	-1
5,37317	-1
5,37383	-2
5,37450	-2
5,37517	-1
5,37583	-1
5,37650	-1
5,37717	-2
5,37783	-2
5,37850	-2
5,37917	-2
5,37983	-2
5,38050	-2
5,38117	-3
5,38183	-3
5,38250	-3
5,38317	-3
5,38383	-3
5,38450	-3
5,38517	-4
5,38583	-4
5,38650	-4
5,38717	-3
5,38783	-3
5,38850	-3
5,38917	-3
5,38983	-3
5,39050	-3
5,39117	-3
5,39183	-3
5,39250	-3
5,39317	-3
5,39383	-3
5,39450	-3
5,39517	-3
5,39583	-4
5,39650	-4
5,39717	-4
5,39783	-4
5,39850	-4
5,39917	-4
5,39983	-4
5,40050	-4
5,40117	-4
5,40183	-4
5,40250	-4
5,40317	-4
5,40383	-4
5,40450	-4
5,40517	-4
5,40583	-4
5,40650	-3
5,40717	-3
5,40783	-3
5,40850	-3
5,40917	-3
5,40983	-2
5,41050	-2
5,41117	-2
5,41183	-2
5,41250	-1
5,41317	-1
5,41383	-1
5,41450	-1
5,41517	-0
5,41583	0
5,41650	0
5,41717	0
5,41783	0
5,41850	0
5,41917	0
5,41983	1
5,42050	1
5,42117	1
5,42183	1
5,42250	1
5,42317	1
5,42383	1
5,42450	1
5,42517	1
5,42583	1
5,42650	1
5,42717	1
5,42783	1
5,42850	1
5,42917	1
5,42983	1
5,43050	1
5,43117	1
5,43183	0
5,43250	0
5,43317	0
5,43383	-0
5,43450	-0
5,43517	-1
5,43583	-1
5,43650	-2
5,43717	-2
5,43783	-3
5,43850	-3
5,43917	-3
5,43983	-3
5,44050	-3
5,44117	-3
5,44183	-3
5,44250	-3
5,44317	-3
5,44383	-3
5,44450	-3
5,44517	-3
5,44583	-3
5,44650	-3
5,44717	-2
5,44783	-2
5,44850	-2
5,44917	-2
5,44983	-2
5,45050	-2
5,45117	-1
5,45183	-1
5,45250	-1
5,45317	-1
5,45383	-1
5,45450	-1
5,45517	-1
5,45583	-1
5,45650	-1
5,45717	-1
5,45783	-1
5,45850	-1
5,45917	-1
5,45983	-2
5,46050	-2
5,46117	-2
5,46183	-2
5,46250	-2
5,46317	-2
5,46383	-2
5,46450	-3
5,46517	-3
5,46583	-3
5,46650	-3
5,46717	-4
5,46783	-4
5,46850	-4
5,46917	-4
5,46983	-4
5,47050	-5
5,47117	-5
5,47183	-5
5,47250	-5
5,47317	-5
5,47383	-5
5,47450	-5
5,47517	-5
5,47583	-5
5,47650	-5
5,47717	-5
5,47783	-5
5,47850	-5
5,47917	-5
5,47983	-6
5,48050	-6
5,48117	-6
5,48183	-6
5,48250	-6
5,48317	-6
5,48383	-6
5,48450	-6
5,48517	-6
5,48583	-6
5,48650	-6
5,48717	-6
5,48783	-6
5,48850	-6
5,48917	-7
5,48983	-7
5,49050	-7
5,49117	-7
5,49183	-8
5,49250	-8
5,49317	-8
5,49383	-8
5,49450	-7
5,49517	-7
5,49583	-6
5,49650	-6
5,49717	-5
5,49783	-3
5,49850	-1
5,49917	2
5,49983	5
5,50050	9
5,50117	14
5,50183	20
5,50250	27
5,50317	35
5,50383	45
5,50450	57
5,50517	71
5,50583	87
5,50650	105
5,50717	125
5,50783	148
5,50850	172
5,50917	199
5,50983	228
5,51050	259
5,51117	291
5,51183	324
5,51250	359
5,51317	393
5,51383	428
5,51450	462
5,51517	495
5,51583	526
5,51650	556
5,51717	584
5,51783	610
5,51850	633
5,51917	652
5,51983	669
5,52050	682
5,52117	692
5,52183	698
5,52250	701
5,52317	701
5,52383	698
5,52450	691
5,52517	682
5,52583	670
5,52650	656
5,52717	639
5,52783	621
5,52850	602
5,52917	581
5,52983	559
5,53050	537
5,53117	514
5,53183	491
5,53250	468
5,53317	444
5,53383	421
5,53450	399
5,53517	377
5,53583	356
5,53650	335
5,53717	315
5,53783	296
5,53850	278
5,53917	260
5,53983	243
5,54050	226
5,54117	211
5,54183	196
5,54250	182
5,54317	169
5,54383	157
5,54450	145
5,54517	135
5,54583	125
5,54650	116
5,54717	107
5,54783	100
5,54850	92
5,54917	86
5,54983	79
5,55050	74
5,55117	68
5,55183	63
5,55250	59
5,55317	54
5,55383	50
5,55450	47
5,55517	43
5,55583	40
5,55650	37
5,55717	34
5,55783	32
5,55850	29
5,55917	27
5,55983	25
5,56050	23
5,56117	21
5,56183	19
5,56250	17
5,56317	16
5,56383	14
5,56450	13
5,56517	12
5,56583	11
5,56650	10
5,56717	9
5,56783	8
5,56850	7
5,56917	6
5,56983	5
5,57050	5
5,57117	5
5,57183	4
5,57250	4
5,57317	3
5,57383	3
5,57450	2
5,57517	2
5,57583	2
5,57650	1
5,57717	1
5,57783	1
5,57850	1
5,57917	0
5,57983	0
5,58050	0
5,58117	0
5,58183	-0
5,58250	-1
5,58317	-1
5,58383	-2
5,58450	-2
5,58517	-3
5,58583	-3
5,58650	-3
5,58717	-4
5,58783	-4
5,58850	-5
5,58917	-5
5,58983	-5
5,59050	-5
5,59117	-5
5,59183	-5
5,59250	-5
5,59317	-5
5,59383	-5
5,59450	-5
5,59517	-5
5,59583	-5
5,59650	-5
5,59717	-6
5,59783	-6
5,59850	-6
5,59917	-6
5,59983	-6
5,60050	-7
5,60117	-7
5,60183	-7
5,60250	-7
5,60317	-6
5,60383	-6
5,60450	-7
5,60517	-7
5,60583	-7
5,60650	-7
5,60717	-7
5,60783	-7
5,60850	-6
5,60917	-6
5,60983	-6
5,61050	-6
5,61117	-5
5,61183	-5
5,61250	-5
5,61317	-5
5,61383	-5
5,61450	-5
5,61517	-5
5,61583	-5
5,61650	-5
5,61717	-5
5,61783	-5
5,61850	-5
5,61917	-5
5,61983	-5
5,62050	-6
5,62117	-5
5,62183	-5
5,62250	-5
5,62317	-5
5,62383	-5
5,62450	-5
5,62517	-5
5,62583	-5
5,62650	-5
5,62717	-5
5,62783	-5
5,62850	-5
5,62917	-5
5,62983	-6
5,63050	-6
5,63117	-6
5,63183	-6
5,63250	-7
5,63317	-7
5,63383	-7
5,63450	-7
5,63517	-7
5,63583	-7
5,63650	-7
5,63717	-7
5,63783	-7
5,63850	-8
5,63917	-8
5,63983	-8
5,64050	-8
5,64117	-8
5,64183	-8
5,64250	-8
5,64317	-8
5,64383	-8
5,64450	-8
5,64517	-9
5,64583	-9
5,64650	-9
5,64717	-9
5,64783	-9
5,64850	-9
5,64917	-9
5,64983	-9
5,65050	-9
5,65117	-8
5,65183	-8
5,65250	-8
5,65317	-8
5,65383	-8
5,65450	-8
5,65517	-8
5,65583	-8
5,65650	-8
5,65717	-8
5,65783	-9
5,65850	-9
5,65917	-9
5,65983	-9
5,66050	-10
5,66117	-10
5,66183	-10
5,66250	-10
5,66317	-10
5,66383	-10
5,66450	-10
5,66517	-10
5,66583	-10
5,66650	-10
5,66717	-11
5,66783	-11
5,66850	-11
5,66917	-11
5,66983	-11
5,67050	-11
5,67117	-11
5,67183	-11
5,67250	-11
5,67317	-11
5,67383	-11
5,67450	-11
5,67517	-11
5,67583	-11
5,67650	-11
5,67717	-11
5,67783	-11
5,67850	-11
5,67917	-11
5,67983	-11
5,68050	-10
5,68117	-10
5,68183	-10
5,68250	-10
5,68317	-10
5,68383	-10
5,68450	-10
5,68517	-10
5,68583	-10
5,68650	-10
5,68717	-10
5,68783	-10
5,68850	-9
5,68917	-9
5,68983	-9
5,69050	-9
5,69117	-9
5,69183	-10
5,69250	-10
5,69317	-10
5,69383	-10
5,69450	-10
5,69517	-10
5,69583	-10
5,69650	-10
5,69717	-10
5,69783	-9
5,69850	-9
5,69917	-9
5,69983	-9
5,70050	-9
5,70117	-9
5,70183	-9
5,70250	-10
5,70317	-10
5,70383	-10
5,70450	-10
5,70517	-11
5,70583	-11
5,70650	-11
5,70717	-11
5,70783	-11
5,70850	-11
5,70917	-11
5,70983	-11
5,71050	-12
5,71117	-12
5,71183	-12
5,71250	-12
5,71317	-12
5,71383	-13
5,71450	-13
5,71517	-13
5,71583	-13
5,71650	-14
5,71717	-14
5,71783	-14
5,71850	-14
5,71917	-14
5,71983	-14
5,72050	-14
5,72117	-14
5,72183	-14
5,72250	-14
5,72317	-14
5,72383	-14
5,72450	-14
5,72517	-13
5,72583	-13
5,72650	-13
5,72717	-13
5,72783	-13
5,72850	-13
5,72917	-13
5,72983	-13
5,73050	-13
5,73117	-13
5,73183	-13
5,73250	-13
5,73317	-13
5,73383	-14
5,73450	-14
5,73517	-14
5,73583	-14
5,73650	-14
5,73717	-14
5,73783	-14
5,73850	-14
5,73917	-14
5,73983	-14
5,74050	-13
5,74117	-13
5,74183	-13
5,74250	-13
5,74317	-13
5,74383	-13
5,74450	-12
5,74517	-12
5,74583	-12
5,74650	-12
5,74717	-12
5,74783	-13
5,74850	-13
5,74917	-13
5,74983	-13
5,75050	-13
5,75117	-13
5,75183	-13
5,75250	-13
5,75317	-13
5,75383	-13
5,75450	-13
5,75517	-13
5,75583	-13
5,75650	-13
5,75717	-13
5,75783	-12
5,75850	-12
5,75917	-12
5,75983	-12
5,76050	-12
5,76117	-11
5,76183	-11
5,76250	-11
5,76317	-11
5,76383	-11
5,76450	-11
5,76517	-10
5,76583	-10
5,76650	-10
5,76717	-10
5,76783	-10
5,76850	-10
5,76917	-10
5,76983	-10
5,77050	-10
5,77117	-10
5,77183	-10
5,77250	-10
5,77317	-10
5,77383	-10
5,77450	-10
5,77517	-10
5,77583	-10
5,77650	-9
5,77717	-9
5,77783	-9
5,77850	-9
5,77917	-9
5,77983	-9
5,78050	-9
5,78117	-9
5,78183	-9
5,78250	-9
5,78317	-8
5,78383	-8
5,78450	-8
5,78517	-8
5,78583	-9
5,78650	-9
5,78717	-9
5,78783	-9
5,78850	-9
5,78917	-9
5,78983	-9
5,79050	-9
5,79117	-9
5,79183	-10
5,79250	-9
5,79317	-9
5,79383	-9
5,79450	-9
5,79517	-9
5,79583	-8
5,79650	-8
5,79717	-8
5,79783	-8
5,79850	-8
5,79917	-8
5,79983	-7
5,80050	-7
5,80117	-7
5,80183	-7
5,80250	-6
5,80317	-6
5,80383	-6
5,80450	-6
5,80517	-6
5,80583	-6
5,80650	-5
5,80717	-5
5,80783	-5
5,80850	-5
5,80917	-5
5,80983	-5
5,81050	-5
5,81117	-5
5,81183	-5
5,81250	-5
5,81317	-5
5,81383	-5
5,81450	-6
5,81517	-6
5,81583	-6
5,81650	-6
5,81717	-6
5,81783	-6
5,81850	-7
5,81917	-7
5,81983	-7
5,82050	-8
5,82117	-8
5,82183	-9
5,82250	-9
5,82317	-9
5,82383	-9
5,82450	-9
5,82517	-9
5,82583	-9
5,82650	-9
5,82717	-9
5,82783	-9
5,82850	-9
5,82917	-9
5,82983	-9
5,83050	-9
5,83117	-9
5,83183	-9
5,83250	-9
5,83317	-9
5,83383	-9
5,83450	-9
5,83517	-8
5,83583	-8
5,83650	-7
5,83717	-6
5,83783	-6
5,83850	-6
5,83917	-6
5,83983	-6
5,84050	-6
5,84117	-6
5,84183	-6
5,84250	-6
5,84317	-6
5,84383	-6
5,84450	-5
5,84517	-5
5,84583	-5
5,84650	-5
5,84717	-5
5,84783	-4
5,84850	-4
5,84917	-4
5,84983	-4
5,85050	-4
5,85117	-3
5,85183	-3
5,85250	-3
5,85317	-3
5,85383	-3
5,85450	-4
5,85517	-4
5,85583	-4
5,85650	-4
5,85717	-4
5,85783	-4
5,85850	-4
5,85917	-4
5,85983	-4
5,86050	-4
5,86117	-4
5,86183	-4
5,86250	-4
5,86317	-5
5,86383	-5
5,86450	-5
5,86517	-5
5,86583	-5
5,86650	-5
5,86717	-5
5,86783	-5
5,86850	-5
5,86917	-5
5,86983	-5
5,87050	-5
5,87117	-5
5,87183	-5
5,87250	-5
5,87317	-5
5,87383	-5
5,87450	-5
5,87517	-5
5,87583	-5
5,87650	-5
5,87717	-5
5,87783	-5
5,87850	-5
5,87917	-6
5,87983	-6
5,88050	-6
5,88117	-6
5,88183	-6
5,88250	-6
5,88317	-7
5,88383	-7
5,88450	-7
5,88517	-7
5,88583	-7
5,88650	-7
5,88717	-7
5,88783	-8
5,88850	-8
5,88917	-8
5,88983	-8
5,89050	-8
5,89117	-8
5,89183	-8
5,89250	-8
5,89317	-8
5,89383	-9
5,89450	-9
5,89517	-9
5,89583	-9
5,89650	-9
5,89717	-9
5,89783	-9
5,89850	-9
5,89917	-9
5,89983	-9
5,90050	-9
5,90117	-8
5,90183	-8
5,90250	-8
5,90317	-8
5,90383	-7
5,90450	-7
5,90517	-7
5,90583	-6
5,90650	-6
5,90717	-6
5,90783	-5
5,90850	-5
5,90917	-5
5,90983	-5
5,91050	-4
5,91117	-4
5,91183	-4
5,91250	-3
5,91317	-3
5,91383	-3
5,91450	-3
5,91517	-3
5,91583	-3
5,91650	-3
5,91717	-3
5,91783	-3
5,91850	-3
5,91917	-3
5,91983	-3
5,92050	-3
5,92117	-3
5,92183	-3
5,92250	-3
5,92317	-3
5,92383	-3
5,92450	-3
5,92517	-3
5,92583	-3
5,92650	-3
5,92717	-3
5,92783	-4
5,92850	-4
5,92917	-4
5,92983	-4
5,93050	-4
5,93117	-4
5,93183	-5
5,93250	-5
5,93317	-5
5,93383	-5
5,93450	-5
5,93517	-5
5,93583	-5
5,93650	-5
5,93717	-5
5,93783	-5
5,93850	-6
5,93917	-6
5,93983	-6
5,94050	-6
5,94117	-7
5,94183	-7
5,94250	-7
5,94317	-7
5,94383	-7
5,94450	-7
5,94517	-7
5,94583	-8
5,94650	-8
5,94717	-8
5,94783	-8
5,94850	-8
5,94917	-8
5,94983	-8
5,95050	-8
5,95117	-8
5,95183	-8
5,95250	-8
5,95317	-9
5,95383	-9
5,95450	-9
5,95517	-9
5,95583	-9
5,95650	-9
5,95717	-9
5,95783	-8
5,95850	-8
5,95917	-8
5,95983	-8
5,96050	-8
5,96117	-8
5,96183	-7
5,96250	-7
5,96317	-7
5,96383	-6
5,96450	-6
5,96517	-5
5,96583	-4
5,96650	-3
5,96717	-2
5,96783	-1
5,96850	1
5,96917	2
5,96983	4
5,97050	6
5,97117	8
5,97183	10
5,97250	11
5,97317	13
5,97383	15
5,97450	17
5,97517	19
5,97583	22
5,97650	24
5,97717	26
5,97783	28
5,97850	30
5,97917	32
5,97983	33
5,98050	35
5,98117	36
5,98183	37
5,98250	38
5,98317	39
5,98383	39
5,98450	40
5,98517	40
5,98583	41
5,98650	41
5,98717	41
5,98783	41
5,98850	40
5,98917	40
5,98983	39
5,99050	38
5,99117	37
5,99183	36
5,99250	35
5,99317	34
5,99383	32
5,99450	31
5,99517	30
5,99583	29
5,99650	28
5,99717	27
5,99783	26
5,99850	24
5,99917	23
5,99983	22
6,00050	21
6,00117	20
6,00183	18
6,00250	17
6,00317	16
6,00383	15
6,00450	13
6,00517	12
6,00583	11
6,00650	10
6,00717	8
6,00783	7
6,00850	6
6,00917	5
6,00983	4
6,01050	3
6,01117	2
6,01183	2
6,01250	1
6,01317	0
6,01383	-0
6,01450	-1
6,01517	-2
6,01583	-2
6,01650	-2
6,01717	-2
6,01783	-3
6,01850	-3
6,01917	-3
6,01983	-3
6,02050	-4
6,02117	-4
6,02183	-4
6,02250	-4
6,02317	-4
6,02383	-5
6,02450	-5
6,02517	-5
6,02583	-5
6,02650	-6
6,02717	-6
6,02783	-6
6,02850	-6
6,02917	-6
6,02983	-7
6,03050	-7
6,03117	-7
6,03183	-7
6,03250	-8
6,03317	-8
6,03383	-8
6,03450	-9
6,03517	-9
6,03583	-9
6,03650	-9
6,03717	-10
6,03783	-10
6,03850	-10
6,03917	-10
6,03983	-10
6,04050	-10
6,04117	-10
6,04183	-10
6,04250	-10
6,04317	-10
6,04383	-10
6,04450	-10
6,04517	-10
6,04583	-10
6,04650	-10
6,04717	-10
6,04783	-10
6,04850	-10
6,04917	-10
6,04983	-10
6,05050	-10
6,05117	-10
6,05183	-10
6,05250	-11
6,05317	-11
6,05383	-11
6,05450	-11
6,05517	-11
6,05583	-11
6,05650	-11
6,05717	-12
6,05783	-12
6,05850	-11
6,05917	-11
6,05983	-11
6,06050	-11
6,06117	-11
6,06183	-11
6,06250	-11
6,06317	-11
6,06383	-11
6,06450	-12
6,06517	-12
6,06583	-12
6,06650	-13
6,06717	-13
6,06783	-13
6,06850	-13
6,06917	-13
6,06983	-13
6,07050	-13
6,07117	-13
6,07183	-13
6,07250	-12
6,07317	-12
6,07383	-12
6,07450	-12
6,07517	-12
6,07583	-12
6,07650	-12
6,07717	-12
6,07783	-12
6,07850	-12
6,07917	-11
6,07983	-11
6,08050	-11
6,08117	-11
6,08183	-10
6,08250	-10
6,08317	-10
6,08383	-10
6,08450	-10
6,08517	-10
6,08583	-10
6,08650	-10
6,08717	-10
6,08783	-10
6,08850	-10
6,08917	-10
6,08983	-10
6,09050	-10
6,09117	-10
6,09183	-10
6,09250	-10
6,09317	-10
6,09383	-11
6,09450	-11
6,09517	-11
6,09583	-12
6,09650	-12
6,09717	-12
6,09783	-13
6,09850	-13
6,09917	-13
6,09983	-13
6,10050	-13
6,10117	-13
6,10183	-14
6,10250	-14
6,10317	-14
6,10383	-14
6,10450	-14
6,10517	-13
6,10583	-13
6,10650	-13
6,10717	-13
6,10783	-13
6,10850	-12
6,10917	-12
6,10983	-12
6,11050	-12
6,11117	-12
6,11183	-11
6,11250	-11
6,11317	-11
6,11383	-11
6,11450	-11
6,11517	-11
6,11583	-11
6,11650	-11
6,11717	-12
6,11783	-12
6,11850	-13
6,11917	-13
6,11983	-13
6,12050	-14
6,12117	-14
6,12183	-14
6,12250	-14
6,12317	-14
6,12383	-14
6,12450	-14
6,12517	-14
6,12583	-14
6,12650	-14
6,12717	-14
6,12783	-14
6,12850	-13
6,12917	-13
6,12983	-13
6,13050	-13
6,13117	-13
6,13183	-13
6,13250	-13
6,13317	-13
6,13383	-13
6,13450	-13
6,13517	-13
6,13583	-13
6,13650	-13
6,13717	-13
6,13783	-14
6,13850	-14
6,13917	-14
6,13983	-14
6,14050	-14
6,14117	-14
6,14183	-15
6,14250	-15
6,14317	-15
6,14383	-15
6,14450	-15
6,14517	-15
6,14583	-15
6,14650	-15
6,14717	-15
6,14783	-15
6,14850	-15
6,14917	-15
6,14983	-15
6,15050	-15
6,15117	-15
6,15183	-15
6,15250	-15
6,15317	-15
6,15383	-15
6,15450	-15
6,15517	-15
6,15583	-15
6,15650	-16
6,15717	-16
6,15783	-16
6,15850	-16
6,15917	-16
6,15983	-16
6,16050	-16
6,16117	-16
6,16183	-16
6,16250	-16
6,16317	-16
6,16383	-17
6,16450	-17
6,16517	-17
6,16583	-16
6,16650	-16
6,16717	-16
6,16783	-16
6,16850	-16
6,16917	-16
6,16983	-16
6,17050	-16
6,17117	-16
6,17183	-16
6,17250	-16
6,17317	-15
6,17383	-15
6,17450	-15
6,17517	-15
6,17583	-15
6,17650	-15
6,17717	-15
6,17783	-14
6,17850	-14
6,17917	-14
6,17983	-13
6,18050	-13
6,18117	-13
6,18183	-13
6,18250	-13
6,18317	-13
6,18383	-12
6,18450	-12
6,18517	-12
6,18583	-12
6,18650	-12
6,18717	-12
6,18783	-12
6,18850	-12
6,18917	-12
6,18983	-12
6,19050	-12
6,19117	-12
6,19183	-12
6,19250	-12
6,19317	-13
6,19383	-13
6,19450	-13
6,19517	-13
6,19583	-13
6,19650	-13
6,19717	-13
6,19783	-14
6,19850	-14
6,19917	-13
6,19983	-13
6,20050	-13
6,20117	-13
6,20183	-12
6,20250	-12
6,20317	-12
6,20383	-12
6,20450	-11
6,20517	-11
6,20583	-11
6,20650	-11
6,20717	-10
6,20783	-10
6,20850	-10
6,20917	-10
6,20983	-10
6,21050	-10
6,21117	-10
6,21183	-10
6,21250	-10
6,21317	-10
6,21383	-11
6,21450	-11
6,21517	-11
6,21583	-12
6,21650	-12
6,21717	-12
6,21783	-12
6,21850	-13
6,21917	-13
6,21983	-13
6,22050	-13
6,22117	-13
6,22183	-13
6,22250	-13
6,22317	-13
6,22383	-14
6,22450	-14
6,22517	-13
6,22583	-13
6,22650	-14
6,22717	-14
6,22783	-14
6,22850	-14
6,22917	-14
6,22983	-14
6,23050	-14
6,23117	-14
6,23183	-14
6,23250	-14
6,23317	-14
6,23383	-14
6,23450	-14
6,23517	-14
6,23583	-15
6,23650	-15
6,23717	-15
6,23783	-15
6,23850	-15
6,23917	-15
6,23983	-15
6,24050	-15
6,24117	-15
6,24183	-15
6,24250	-15
6,24317	-15
6,24383	-14
6,24450	-14
6,24517	-14
6,24583	-14
6,24650	-14
6,24717	-14
6,24783	-13
6,24850	-13
6,24917	-13
6,24983	-13
6,25050	-12
6,25117	-12
6,25183	-12
6,25250	-12
6,25317	-11
6,25383	-11
6,25450	-11
6,25517	-11
6,25583	-11
6,25650	-12
6,25717	-12
6,25783	-12
6,25850	-12
6,25917	-12
6,25983	-12
6,26050	-12
6,26117	-12
6,26183	-12
6,26250	-12
6,26317	-12
6,26383	-12
6,26450	-12
6,26517	-11
6,26583	-11
6,26650	-11
6,26717	-11
6,26783	-11
6,26850	-11
6,26917	-11
6,26983	-11
6,27050	-10
6,27117	-10
6,27183	-10
6,27250	-10
6,27317	-10
6,27383	-10
6,27450	-10
6,27517	-10
6,27583	-10
6,27650	-10
6,27717	-10
6,27783	-10
6,27850	-10
6,27917	-10
6,27983	-10
6,28050	-10
6,28117	-10
6,28183	-10
6,28250	-10
6,28317	-10
6,28383	-11
6,28450	-11
6,28517	-11
6,28583	-11
6,28650	-11
6,28717	-11
6,28783	-12
6,28850	-12
6,28917	-12
6,28983	-12
6,29050	-12
6,29117	-12
6,29183	-12
6,29250	-11
6,29317	-11
6,29383	-11
6,29450	-10
6,29517	-10
6,29583	-10
6,29650	-10
6,29717	-9
6,29783	-9
6,29850	-9
6,29917	-9
6,29983	-9
6,30050	-9
6,30117	-9
6,30183	-9
6,30250	-9
6,30317	-9
6,30383	-9
6,30450	-9
6,30517	-9
6,30583	-9
6,30650	-9
6,30717	-9
6,30783	-9
6,30850	-9
6,30917	-9
6,30983	-9
6,31050	-9
6,31117	-9
6,31183	-9
6,31250	-9
6,31317	-9
6,31383	-9
6,31450	-9
6,31517	-9
6,31583	-9
6,31650	-9
6,31717	-9
6,31783	-9
6,31850	-9
6,31917	-9
6,31983	-9
6,32050	-9
6,32117	-9
6,32183	-9
6,32250	-9
6,32317	-9
6,32383	-9
6,32450	-9
6,32517	-9
6,32583	-10
6,32650	-10
6,32717	-10
6,32783	-10
6,32850	-10
6,32917	-10
6,32983	-10
6,33050	-9
6,33117	-9
6,33183	-9
6,33250	-9
6,33317	-9
6,33383	-9
6,33450	-9
6,33517	-8
6,33583	-8
6,33650	-8
6,33717	-7
6,33783	-7
6,33850	-7
6,33917	-7
6,33983	-7
6,34050	-7
6,34117	-7
6,34183	-7
6,34250	-8
6,34317	-8
6,34383	-8
6,34450	-8
6,34517	-8
6,34583	-9
6,34650	-9
6,34717	-9
6,34783	-9
6,34850	-10
6,34917	-10
6,34983	-10
6,35050	-10
6,35117	-11
6,35183	-11
6,35250	-11
6,35317	-11
6,35383	-12
6,35450	-12
6,35517	-12
6,35583	-12
6,35650	-12
6,35717	-12
6,35783	-11
6,35850	-11
6,35917	-11
6,35983	-11
6,36050	-11
6,36117	-11
6,36183	-11
6,36250	-10
6,36317	-10
6,36383	-10
6,36450	-10
6,36517	-11
6,36583	-11
6,36650	-11
6,36717	-11
6,36783	-11
6,36850	-11
6,36917	-11
6,36983	-11
6,37050	-11
6,37117	-11
6,37183	-11
6,37250	-11
6,37317	-11
6,37383	-12
6,37450	-12
6,37517	-12
6,37583	-11
6,37650	-11
6,37717	-11
6,37783	-11
6,37850	-11
6,37917	-11
6,37983	-11
6,38050	-10
6,38117	-10
6,38183	-10
6,38250	-10
6,38317	-10
6,38383	-10
6,38450	-10
6,38517	-10
6,38583	-10
6,38650	-10
6,38717	-10
6,38783	-10
6,38850	-10
6,38917	-9
6,38983	-9
6,39050	-9
6,39117	-9
6,39183	-9
6,39250	-9
6,39317	-9
6,39383	-9
6,39450	-9
6,39517	-9
6,39583	-9
6,39650	-8
6,39717	-8
6,39783	-8
6,39850	-8
6,39917	-8
6,39983	-7
6,40050	-7
6,40117	-7
6,40183	-6
6,40250	-6
6,40317	-6
6,40383	-5
6,40450	-5
6,40517	-5
6,40583	-5
6,40650	-5
6,40717	-5
6,40783	-5
6,40850	-5
6,40917	-5
6,40983	-5
6,41050	-6
6,41117	-6
6,41183	-6
6,41250	-6
6,41317	-7
6,41383	-7
6,41450	-7
6,41517	-7
6,41583	-8
6,41650	-8
6,41717	-8
6,41783	-8
6,41850	-8
6,41917	-9
6,41983	-9
6,42050	-9
6,42117	-9
6,42183	-9
6,42250	-9
6,42317	-10
6,42383	-10
6,42450	-10
6,42517	-10
6,42583	-10
6,42650	-10
6,42717	-10
6,42783	-10
6,42850	-11
6,42917	-11
6,42983	-11
6,43050	-11
6,43117	-11
6,43183	-11
6,43250	-11
6,43317	-11
6,43383	-11
6,43450	-11
6,43517	-10
6,43583	-10
6,43650	-10
6,43717	-10
6,43783	-9
6,43850	-9
6,43917	-9
6,43983	-9
6,44050	-9
6,44117	-9
6,44183	-9
6,44250	-9
6,44317	-9
6,44383	-9
6,44450	-9
6,44517	-9
6,44583	-9
6,44650	-9
6,44717	-9
6,44783	-10
6,44850	-10
6,44917	-10
6,44983	-11
6,45050	-11
6,45117	-12
6,45183	-12
6,45250	-12
6,45317	-13
6,45383	-13
6,45450	-13
6,45517	-13
6,45583	-13
6,45650	-13
6,45717	-13
6,45783	-13
6,45850	-13
6,45917	-13
6,45983	-13
6,46050	-13
6,46117	-13
6,46183	-13
6,46250	-13
6,46317	-13
6,46383	-13
6,46450	-12
6,46517	-12
6,46583	-12
6,46650	-12
6,46717	-13
6,46783	-13
6,46850	-13
6,46917	-13
6,46983	-13
6,47050	-13
6,47117	-13
6,47183	-13
6,47250	-13
6,47317	-13
6,47383	-13
6,47450	-13
6,47517	-13
6,47583	-13
6,47650	-13
6,47717	-13
6,47783	-13
6,47850	-13
6,47917	-13
6,47983	-13
6,48050	-13
6,48117	-13
6,48183	-14
6,48250	-14
6,48317	-14
6,48383	-14
6,48450	-15
6,48517	-15
6,48583	-15
6,48650	-15
6,48717	-15
6,48783	-15
6,48850	-15
6,48917	-15
6,48983	-15
6,49050	-15
6,49117	-15
6,49183	-15
6,49250	-15
6,49317	-15
6,49383	-15
6,49450	-15
6,49517	-15
6,49583	-15
6,49650	-15
6,49717	-15
6,49783	-14
6,49850	-14
6,49917	-14
6,49983	-14
6,50050	-14
6,50117	-14
6,50183	-15
6,50250	-15
6,50317	-15
6,50383	-15
6,50450	-15
6,50517	-14
6,50583	-14
6,50650	-14
6,50717	-14
6,50783	-14
6,50850	-13
6,50917	-13
6,50983	-13
6,51050	-13
6,51117	-13
6,51183	-13
6,51250	-13
6,51317	-13
6,51383	-13
6,51450	-13
6,51517	-13
6,51583	-13
6,51650	-13
6,51717	-13
6,51783	-13
6,51850	-13
6,51917	-13
6,51983	-13
6,52050	-13
6,52117	-13
6,52183	-13
6,52250	-13
6,52317	-13
6,52383	-13
6,52450	-13
6,52517	-13
6,52583	-13
6,52650	-12
6,52717	-12
6,52783	-12
6,52850	-12
6,52917	-12
6,52983	-12
6,53050	-12
6,53117	-12
6,53183	-11
6,53250	-11
6,53317	-11
6,53383	-11
6,53450	-11
6,53517	-11
6,53583	-11
6,53650	-11
6,53717	-11
6,53783	-11
6,53850	-11
6,53917	-11
6,53983	-10
6,54050	-10
6,54117	-10
6,54183	-10
6,54250	-10
6,54317	-10
6,54383	-9
6,54450	-9
6,54517	-9
6,54583	-9
6,54650	-9
6,54717	-9
6,54783	-10
6,54850	-10
6,54917	-10
6,54983	-11
6,55050	-11
6,55117	-11
6,55183	-11
6,55250	-12
6,55317	-12
6,55383	-12
6,55450	-12
6,55517	-12
6,55583	-13
6,55650	-13
6,55717	-13
6,55783	-13
6,55850	-13
6,55917	-13
6,55983	-13
6,56050	-13
6,56117	-13
6,56183	-13
6,56250	-13
6,56317	-13
6,56383	-13
6,56450	-13
6,56517	-13
6,56583	-13
6,56650	-13
6,56717	-13
6,56783	-13
6,56850	-13
6,56917	-13
6,56983	-13
6,57050	-13
6,57117	-13
6,57183	-13
6,57250	-13
6,57317	-13
6,57383	-14
6,57450	-14
6,57517	-14
6,57583	-14
6,57650	-15
6,57717	-15
6,57783	-15
6,57850	-15
6,57917	-15
6,57983	-15
6,58050	-15
6,58117	-15
6,58183	-15
6,58250	-15
6,58317	-15
6,58383	-15
6,58450	-15
6,58517	-15
6,58583	-15
6,58650	-15
6,58717	-15
6,58783	-15
6,58850	-15
6,58917	-15
6,58983	-14
6,59050	-14
6,59117	-14
6,59183	-14
6,59250	-13
6,59317	-13
6,59383	-13
6,59450	-12
6,59517	-12
6,59583	-12
6,59650	-11
6,59717	-11
6,59783	-10
6,59850	-10
6,59917	-10
6,59983	-9
6,60050	-9
6,60117	-9
6,60183	-9
6,60250	-8
6,60317	-8
6,60383	-8
6,60450	-7
6,60517	-7
6,60583	-7
6,60650	-7
6,60717	-7
6,60783	-7
6,60850	-7
6,60917	-7
6,60983	-7
6,61050	-7
6,61117	-8
6,61183	-8
6,61250	-8
6,61317	-8
6,61383	-8
6,61450	-8
6,61517	-8
6,61583	-7
6,61650	-7
6,61717	-7
6,61783	-7
6,61850	-7
6,61917	-7
6,61983	-7
6,62050	-7
6,62117	-7
6,62183	-7
6,62250	-8
6,62317	-8
6,62383	-8
6,62450	-8
6,62517	-8
6,62583	-8
6,62650	-7
6,62717	-7
6,62783	-7
6,62850	-7
6,62917	-8
6,62983	-8
6,63050	-8
6,63117	-8
6,63183	-8
6,63250	-8
6,63317	-9
6,63383	-9
6,63450	-9
6,63517	-9
6,63583	-9
6,63650	-9
6,63717	-9
6,63783	-9
6,63850	-9
6,63917	-9
6,63983	-9
6,64050	-9
6,64117	-9
6,64183	-9
6,64250	-9
6,64317	-9
6,64383	-9
6,64450	-9
6,64517	-9
6,64583	-9
6,64650	-9
6,64717	-9
6,64783	-9
6,64850	-9
6,64917	-9
6,64983	-9
6,65050	-9
6,65117	-9
6,65183	-9
6,65250	-9
6,65317	-9
6,65383	-8
6,65450	-8
6,65517	-8
6,65583	-7
6,65650	-7
6,65717	-6
6,65783	-6
6,65850	-6
6,65917	-6
6,65983	-5
6,66050	-5
6,66117	-6
6,66183	-6
6,66250	-7
6,66317	-7
6,66383	-7
6,66450	-8
6,66517	-8
6,66583	-8
6,66650	-8
6,66717	-8
6,66783	-8
6,66850	-8
6,66917	-8
6,66983	-8
6,67050	-8
6,67117	-8
6,67183	-8
6,67250	-8
6,67317	-8
6,67383	-9
6,67450	-9
6,67517	-9
6,67583	-9
6,67650	-9
6,67717	-9
6,67783	-9
6,67850	-9
6,67917	-9
6,67983	-9
6,68050	-9
6,68117	-9
6,68183	-9
6,68250	-9
6,68317	-9
6,68383	-9
6,68450	-9
6,68517	-9
6,68583	-9
6,68650	-9
6,68717	-9
6,68783	-9
6,68850	-9
6,68917	-9
6,68983	-9
6,69050	-9
6,69117	-9
6,69183	-9
6,69250	-9
6,69317	-9
6,69383	-9
6,69450	-10
6,69517	-10
6,69583	-10
6,69650	-10
6,69717	-10
6,69783	-10
6,69850	-10
6,69917	-9
6,69983	-9
6,70050	-9
6,70117	-9
6,70183	-8
6,70250	-8
6,70317	-8
6,70383	-8
6,70450	-8
6,70517	-8
6,70583	-8
6,70650	-8
6,70717	-8
6,70783	-9
6,70850	-9
6,70917	-10
6,70983	-10
6,71050	-10
6,71117	-10
6,71183	-10
6,71250	-10
6,71317	-10
6,71383	-10
6,71450	-10
6,71517	-10
6,71583	-10
6,71650	-10
6,71717	-10
6,71783	-10
6,71850	-10
6,71917	-10
6,71983	-10
6,72050	-10
6,72117	-10
6,72183	-9
6,72250	-9
6,72317	-9
6,72383	-9
6,72450	-8
6,72517	-8
6,72583	-8
6,72650	-8
6,72717	-8
6,72783	-8
6,72850	-8
6,72917	-8
6,72983	-8
6,73050	-8
6,73117	-8
6,73183	-7
6,73250	-7
6,73317	-7
6,73383	-7
6,73450	-7
6,73517	-6
6,73583	-6
6,73650	-6
6,73717	-6
6,73783	-6
6,73850	-6
6,73917	-7
6,73983	-7
6,74050	-7
6,74117	-7
6,74183	-7
6,74250	-7
6,74317	-7
6,74383	-7
6,74450	-8
6,74517	-8
6,74583	-8
6,74650	-8
6,74717	-9
6,74783	-9
6,74850	-9
6,74917	-10
6,74983	-10
6,75050	-10
6,75117	-10
6,75183	-11
6,75250	-11
6,75317	-11
6,75383	-11
6,75450	-11
6,75517	-11
6,75583	-11
6,75650	-12
6,75717	-12
6,75783	-12
6,75850	-12
6,75917	-12
6,75983	-13
6,76050	-13
6,76117	-13
6,76183	-13
6,76250	-13
6,76317	-13
6,76383	-13
6,76450	-13
6,76517	-13
6,76583	-13
6,76650	-13
6,76717	-13
6,76783	-13
6,76850	-13
6,76917	-13
6,76983	-12
6,77050	-12
6,77117	-12
6,77183	-12
6,77250	-12
6,77317	-12
6,77383	-11
6,77450	-11
6,77517	-11
6,77583	-11
6,77650	-11
6,77717	-11
6,77783	-11
6,77850	-11
6,77917	-11
6,77983	-11
6,78050	-11
6,78117	-11
6,78183	-12
6,78250	-12
6,78317	-12
6,78383	-12
6,78450	-12
6,78517	-12
6,78583	-11
6,78650	-11
6,78717	-11
6,78783	-11
6,78850	-11
6,78917	-11
6,78983	-11
6,79050	-11
6,79117	-11
6,79183	-11
6,79250	-11
6,79317	-10
6,79383	-10
6,79450	-10
6,79517	-10
6,79583	-10
6,79650	-10
6,79717	-10
6,79783	-10
6,79850	-10
6,79917	-11
6,79983	-11
6,80050	-11
6,80117	-11
6,80183	-11
6,80250	-11
6,80317	-11
6,80383	-11
6,80450	-11
6,80517	-11
6,80583	-11
6,80650	-11
6,80717	-11
6,80783	-11
6,80850	-11
6,80917	-11
6,80983	-10
6,81050	-10
6,81117	-10
6,81183	-10
6,81250	-10
6,81317	-10
6,81383	-10
6,81450	-10
6,81517	-10
6,81583	-10
6,81650	-10
6,81717	-10
6,81783	-10
6,81850	-10
6,81917	-10
6,81983	-10
6,82050	-10
6,82117	-10
6,82183	-10
6,82250	-10
6,82317	-10
6,82383	-10
6,82450	-10
6,82517	-11
6,82583	-11
6,82650	-11
6,82717	-11
6,82783	-11
6,82850	-11
6,82917	-11
6,82983	-11
6,83050	-10
6,83117	-10
6,83183	-10
6,83250	-9
6,83317	-9
6,83383	-9
6,83450	-9
6,83517	-9
6,83583	-9
6,83650	-9
6,83717	-9
6,83783	-9
6,83850	-9
6,83917	-9
6,83983	-9
6,84050	-9
6,84117	-9
6,84183	-9
6,84250	-10
6,84317	-10
6,84383	-10
6,84450	-10
6,84517	-10
6,84583	-10
6,84650	-10
6,84717	-10
6,84783	-10
6,84850	-10
6,84917	-10
6,84983	-10
6,85050	-10
6,85117	-11
6,85183	-11
6,85250	-11
6,85317	-11
6,85383	-11
6,85450	-11
6,85517	-11
6,85583	-11
6,85650	-11
6,85717	-11
6,85783	-11
6,85850	-11
6,85917	-11
6,85983	-10
6,86050	-10
6,86117	-11
6,86183	-11
6,86250	-10
6,86317	-10
6,86383	-10
6,86450	-10
6,86517	-10
6,86583	-10
6,86650	-10
6,86717	-10
6,86783	-10
6,86850	-10
6,86917	-10
6,86983	-10
6,87050	-9
6,87117	-9
6,87183	-8
6,87250	-8
6,87317	-8
6,87383	-7
6,87450	-7
6,87517	-7
6,87583	-7
6,87650	-7
6,87717	-7
6,87783	-6
6,87850	-6
6,87917	-6
6,87983	-6
6,88050	-6
6,88117	-6
6,88183	-6
6,88250	-5
6,88317	-5
6,88383	-5
6,88450	-5
6,88517	-5
6,88583	-5
6,88650	-5
6,88717	-5
6,88783	-5
6,88850	-5
6,88917	-4
6,88983	-4
6,89050	-3
6,89117	-3
6,89183	-2
6,89250	-2
6,89317	-1
6,89383	-0
6,89450	0
6,89517	1
6,89583	2
6,89650	3
6,89717	4
6,89783	5
6,89850	6
6,89917	7
6,89983	8
6,90050	9
6,90117	10
6,90183	11
6,90250	13
6,90317	14
6,90383	15
6,90450	17
6,90517	18
6,90583	20
6,90650	21
6,90717	23
6,90783	25
6,90850	27
6,90917	28
6,90983	30
6,91050	32
6,91117	34
6,91183	36
6,91250	38
6,91317	40
6,91383	41
6,91450	43
6,91517	45
6,91583	47
6,91650	49
6,91717	50
6,91783	52
6,91850	53
6,91917	54
6,91983	55
6,92050	57
6,92117	58
6,92183	59
6,92250	59
6,92317	60
6,92383	61
6,92450	62
6,92517	63
6,92583	63
6,92650	64
6,92717	65
6,92783	65
6,92850	66
6,92917	66
6,92983	67
6,93050	68
6,93117	68
6,93183	69
6,93250	70
6,93317	70
6,93383	71
6,93450	72
6,93517	72
6,93583	72
6,93650	73
6,93717	73
6,93783	73
6,93850	74
6,93917	74
6,93983	74
6,94050	74
6,94117	74
6,94183	74
6,94250	74
6,94317	74
6,94383	74
6,94450	75
6,94517	75
6,94583	75
6,94650	75
6,94717	76
6,94783	76
6,94850	76
6,94917	76
6,94983	76
6,95050	77
6,95117	77
6,95183	77
6,95250	77
6,95317	77
6,95383	77
6,95450	77
6,95517	77
6,95583	77
6,95650	77
6,95717	77
6,95783	77
6,95850	77
6,95917	77
6,95983	77
6,96050	77
6,96117	77
6,96183	77
6,96250	77
6,96317	77
6,96383	77
6,96450	77
6,96517	77
6,96583	77
6,96650	77
6,96717	77
6,96783	77
6,96850	76
6,96917	76
6,96983	76
6,97050	76
6,97117	76
6,97183	76
6,97250	76
6,97317	76
6,97383	75
6,97450	75
6,97517	75
6,97583	75
6,97650	75
6,97717	74
6,97783	74
6,97850	74
6,97917	74
6,97983	74
6,98050	73
6,98117	73
6,98183	73
6,98250	72
6,98317	72
6,98383	72
6,98450	71
6,98517	71
6,98583	71
6,98650	71
6,98717	70
6,98783	70
6,98850	70
6,98917	70
6,98983	70
6,99050	70
6,99117	70
6,99183	69
6,99250	69
6,99317	69
6,99383	68
6,99450	68
6,99517	68
6,99583	68
6,99650	67
6,99717	67
6,99783	67
6,99850	67
6,99917	67
6,99983	67
7,00050	67
7,00117	67
7,00183	67
7,00250	67
7,00317	67
7,00383	68
7,00450	68
7,00517	68
7,00583	69
7,00650	69
7,00717	70
7,00783	70
7,00850	71
7,00917	71
7,00983	72
7,01050	72
7,01117	72
7,01183	73
7,01250	73
7,01317	73
7,01383	73
7,01450	73
7,01517	73
7,01583	73
7,01650	73
7,01717	73
7,01783	72
7,01850	72
7,01917	72
7,01983	72
7,02050	72
7,02117	71
7,02183	71
7,02250	71
7,02317	71
7,02383	70
7,02450	70
7,02517	70
7,02583	69
7,02650	69
7,02717	69
7,02783	68
7,02850	68
7,02917	67
7,02983	67
7,03050	66
7,03117	66
7,03183	65
7,03250	65
7,03317	64
7,03383	63
7,03450	63
7,03517	62
7,03583	61
7,03650	61
7,03717	61
7,03783	60
7,03850	60
7,03917	59
7,03983	59
7,04050	59
7,04117	58
7,04183	57
7,04250	57
7,04317	56
7,04383	56
7,04450	55
7,04517	54
7,04583	54
7,04650	53
7,04717	53
7,04783	52
7,04850	52
7,04917	51
7,04983	51
7,05050	50
7,05117	50
7,05183	49
7,05250	49
7,05317	48
7,05383	48
7,05450	47
7,05517	47
7,05583	46
7,05650	45
7,05717	44
7,05783	44
7,05850	43
7,05917	43
7,05983	42
7,06050	42
7,06117	41
7,06183	41
7,06250	40
7,06317	40
7,06383	40
7,06450	40
7,06517	40
7,06583	39
7,06650	39
7,06717	39
7,06783	39
7,06850	38
7,06917	38
7,06983	38
7,07050	38
7,07117	38
7,07183	38
7,07250	38
7,07317	38
7,07383	38
7,07450	38
7,07517	38
7,07583	37
7,07650	37
7,07717	37
7,07783	36
7,07850	36
7,07917	36
7,07983	36
7,08050	36
7,08117	35
7,08183	35
7,08250	35
7,08317	35
7,08383	34
7,08450	34
7,08517	34
7,08583	34
7,08650	33
7,08717	33
7,08783	32
7,08850	32
7,08917	32
7,08983	32
7,09050	31
7,09117	31
7,09183	31
7,09250	31
7,09317	31
7,09383	31
7,09450	30
7,09517	30
7,09583	30
7,09650	30
7,09717	30
7,09783	29
7,09850	29
7,09917	29
7,09983	29
7,10050	28
7,10117	28
7,10183	28
7,10250	27
7,10317	27
7,10383	27
7,10450	26
7,10517	26
7,10583	26
7,10650	26
7,10717	25
7,10783	25
7,10850	24
7,10917	24
7,10983	23
7,11050	23
7,11117	23
7,11183	22
7,11250	22
7,11317	22
7,11383	22
7,11450	22
7,11517	22
7,11583	22
7,11650	22
7,11717	22
7,11783	22
7,11850	23
7,11917	23
7,11983	23
7,12050	23
7,12117	22
7,12183	22
7,12250	22
7,12317	22
7,12383	22
7,12450	22
7,12517	21
7,12583	21
7,12650	21
7,12717	21
7,12783	21
7,12850	21
7,12917	21
7,12983	21
7,13050	21
7,13117	20
7,13183	20
7,13250	20
7,13317	20
7,13383	19
7,13450	19
7,13517	19
7,13583	19
7,13650	19
7,13717	19
7,13783	19
7,13850	18
7,13917	18
7,13983	18
7,14050	18
7,14117	18
7,14183	17
7,14250	17
7,14317	17
7,14383	17
7,14450	17
7,14517	16
7,14583	16
7,14650	16
7,14717	16
7,14783	16
7,14850	16
7,14917	15
7,14983	15
7,15050	15
7,15117	15
7,15183	14
7,15250	14
7,15317	14
7,15383	13
7,15450	13
7,15517	13
7,15583	13
7,15650	13
7,15717	13
7,15783	13
7,15850	13
7,15917	13
7,15983	13
7,16050	13
7,16117	13
7,16183	13
7,16250	13
7,16317	13
7,16383	13
7,16450	13
7,16517	12
7,16583	12
7,16650	11
7,16717	11
7,16783	11
7,16850	11
7,16917	10
7,16983	10
7,17050	10
7,17117	10
7,17183	10
7,17250	10
7,17317	9
7,17383	9
7,17450	9
7,17517	9
7,17583	9
7,17650	9
7,17717	9
7,17783	9
7,17850	9
7,17917	9
7,17983	9
7,18050	9
7,18117	9
7,18183	9
7,18250	9
7,18317	9
7,18383	9
7,18450	9
7,18517	9
7,18583	9
7,18650	9
7,18717	9
7,18783	9
7,18850	9
7,18917	9
7,18983	9
7,19050	9
7,19117	9
7,19183	9
7,19250	9
7,19317	9
7,19383	9
7,19450	9
7,19517	9
7,19583	9
7,19650	9
7,19717	9
7,19783	9
7,19850	9
7,19917	9
7,19983	9
7,20050	9
7,20117	9
7,20183	9
7,20250	9
7,20317	9
7,20383	8
7,20450	8
7,20517	8
7,20583	8
7,20650	7
7,20717	7
7,20783	7
7,20850	7
7,20917	6
7,20983	6
7,21050	6
7,21117	6
7,21183	6
7,21250	6
7,21317	6
7,21383	6
7,21450	6
7,21517	5
7,21583	5
7,21650	5
7,21717	5
7,21783	5
7,21850	4
7,21917	4
7,21983	4
7,22050	4
7,22117	4
7,22183	4
7,22250	4
7,22317	4
7,22383	4
7,22450	4
7,22517	5
7,22583	5
7,22650	5
7,22717	5
7,22783	5
7,22850	5
7,22917	5
7,22983	5
7,23050	4
7,23117	4
7,23183	4
7,23250	4
7,23317	4
7,23383	4
7,23450	4
7,23517	4
7,23583	4
7,23650	4
7,23717	4
7,23783	4
7,23850	4
7,23917	3
7,23983	3
7,24050	3
7,24117	3
7,24183	3
7,24250	3
7,24317	3
7,24383	3
7,24450	3
7,24517	4
7,24583	4
7,24650	4
7,24717	4
7,24783	4
7,24850	4
7,24917	4
7,24983	4
7,25050	4
7,25117	4
7,25183	4
7,25250	4
7,25317	3
7,25383	3
7,25450	3
7,25517	3
7,25583	3
7,25650	3
7,25717	2
7,25783	2
7,25850	2
7,25917	2
7,25983	2
7,26050	1
7,26117	1
7,26183	1
7,26250	1
7,26317	1
7,26383	1
7,26450	1
7,26517	1
7,26583	1
7,26650	1
7,26717	1
7,26783	1
7,26850	1
7,26917	1
7,26983	1
7,27050	1
7,27117	0
7,27183	0
7,27250	0
7,27317	0
7,27383	1
7,27450	1
7,27517	1
7,27583	1
7,27650	2
7,27717	2
7,27783	2
7,27850	2
7,27917	2
7,27983	2
7,28050	2
7,28117	2
7,28183	2
7,28250	2
7,28317	2
7,28383	2
7,28450	2
7,28517	2
7,28583	2
7,28650	3
7,28717	3
7,28783	3
7,28850	3
7,28917	3
7,28983	3
7,29050	3
7,29117	3
7,29183	2
7,29250	2
7,29317	2
7,29383	2
7,29450	2
7,29517	1
7,29583	1
7,29650	1
7,29717	1
7,29783	1
7,29850	1
7,29917	1
7,29983	1
7,30050	1
7,30117	1
7,30183	1
7,30250	1
7,30317	0
7,30383	0
7,30450	0
7,30517	0
7,30583	-0
7,30650	-0
7,30717	-0
7,30783	-0
7,30850	-0
7,30917	-0
7,30983	-0
7,31050	-0
7,31117	-0
7,31183	-0
7,31250	-1
7,31317	-1
7,31383	-1
7,31450	-1
7,31517	-1
7,31583	-2
7,31650	-2
7,31717	-2
7,31783	-2
7,31850	-2
7,31917	-1
7,31983	-1
7,32050	-1
7,32117	-1
7,32183	-1
7,32250	-1
7,32317	-1
7,32383	-0
7,32450	-0
7,32517	0
7,32583	0
7,32650	0
7,32717	1
7,32783	1
7,32850	1
7,32917	2
7,32983	2
7,33050	2
7,33117	2
7,33183	2
7,33250	2
7,33317	2
7,33383	2
7,33450	2
7,33517	2
7,33583	2
7,33650	2
7,33717	2
7,33783	2
7,33850	2
7,33917	1
7,33983	1
7,34050	1
7,34117	1
7,34183	1
7,34250	1
7,34317	1
7,34383	0
7,34450	-0
7,34517	-0
7,34583	-1
7,34650	-1
7,34717	-2
7,34783	-2
7,34850	-3
7,34917	-3
7,34983	-3
7,35050	-4
7,35117	-4
7,35183	-4
7,35250	-4
7,35317	-4
7,35383	-4
7,35450	-4
7,35517	-4
7,35583	-4
7,35650	-4
7,35717	-4
7,35783	-4
7,35850	-4
7,35917	-4
7,35983	-4
7,36050	-4
7,36117	-4
7,36183	-4
7,36250	-4
7,36317	-4
7,36383	-4
7,36450	-4
7,36517	-4
7,36583	-4
7,36650	-4
7,36717	-5
7,36783	-5
7,36850	-5
7,36917	-5
7,36983	-5
7,37050	-5
7,37117	-5
7,37183	-5
7,37250	-5
7,37317	-5
7,37383	-5
7,37450	-5
7,37517	-5
7,37583	-6
7,37650	-6
7,37717	-6
7,37783	-6
7,37850	-6
7,37917	-6
7,37983	-6
7,38050	-6
7,38117	-6
7,38183	-6
7,38250	-6
7,38317	-6
7,38383	-6
7,38450	-6
7,38517	-6
7,38583	-6
7,38650	-6
7,38717	-6
7,38783	-6
7,38850	-6
7,38917	-7
7,38983	-7
7,39050	-7
7,39117	-7
7,39183	-7
7,39250	-6
7,39317	-6
7,39383	-5
7,39450	-5
7,39517	-5
7,39583	-4
7,39650	-4
7,39717	-4
7,39783	-4
7,39850	-4
7,39917	-4
7,39983	-4
7,40050	-4
7,40117	-4
7,40183	-4
7,40250	-4
7,40317	-4
7,40383	-4
7,40450	-4
7,40517	-4
7,40583	-4
7,40650	-4
7,40717	-4
7,40783	-4
7,40850	-4
7,40917	-4
7,40983	-4
7,41050	-4
7,41117	-4
7,41183	-4
7,41250	-4
7,41317	-4
7,41383	-4
7,41450	-4
7,41517	-4
7,41583	-4
7,41650	-4
7,41717	-4
7,41783	-5
7,41850	-5
7,41917	-5
7,41983	-5
7,42050	-5
7,42117	-5
7,42183	-6
7,42250	-6
7,42317	-6
7,42383	-6
7,42450	-6
7,42517	-6
7,42583	-6
7,42650	-6
7,42717	-6
7,42783	-6
7,42850	-6
7,42917	-6
7,42983	-6
7,43050	-6
7,43117	-6
7,43183	-6
7,43250	-5
7,43317	-5
7,43383	-4
7,43450	-4
7,43517	-3
7,43583	-2
7,43650	-2
7,43717	-2
7,43783	-1
7,43850	-1
7,43917	-1
7,43983	-1
7,44050	-1
7,44117	-1
7,44183	-1
7,44250	-1
7,44317	-0
7,44383	-0
7,44450	0
7,44517	0
7,44583	1
7,44650	1
7,44717	1
7,44783	1
7,44850	2
7,44917	2
7,44983	2
7,45050	2
7,45117	3
7,45183	3
7,45250	3
7,45317	3
7,45383	4
7,45450	4
7,45517	4
7,45583	4
7,45650	5
7,45717	5
7,45783	5
7,45850	5
7,45917	5
7,45983	5
7,46050	5
7,46117	5
7,46183	5
7,46250	5
7,46317	5
7,46383	5
7,46450	5
7,46517	4
7,46583	4
7,46650	4
7,46717	4
7,46783	4
7,46850	4
7,46917	4
7,46983	4
7,47050	3
7,47117	3
7,47183	4
7,47250	4
7,47317	4
7,47383	4
7,47450	4
7,47517	4
7,47583	4
7,47650	5
7,47717	5
7,47783	6
7,47850	7
7,47917	10
7,47983	13
7,48050	18
7,48117	26
7,48183	38
7,48250	55
7,48317	79
7,48383	115
7,48450	164
7,48517	231
7,48583	323
7,48650	446
7,48717	608
7,48783	819
7,48850	1089
7,48917	1428
7,48983	1849
7,49050	2367
7,49117	2991
7,49183	3731
7,49250	4597
7,49317	5600
7,49383	6750
7,49450	8059
7,49517	9536
7,49583	11193
7,49650	13037
7,49717	15069
7,49783	17292
7,49850	19715
7,49917	22342
7,49983	25185
7,50050	28250
7,50117	31543
7,50183	35060
7,50250	38796
7,50317	42749
7,50383	46925
7,50450	51325
7,50517	55944
7,50583	60784
7,50650	65859
7,50717	71159
7,50783	76649
7,50850	82291
7,50917	88052
7,50983	93920
7,51050	99881
7,51117	105919
7,51183	111990
7,51250	118036
7,51317	123981
7,51383	129745
7,51450	135247
7,51517	140409
7,51583	145161
7,51650	149429
7,51717	153125
7,51783	156145
7,51850	158386
7,51917	159777
7,51983	160285
7,52050	159901
7,52117	158635
7,52183	156525
7,52250	153634
7,52317	150042
7,52383	145844
7,52450	141139
7,52517	136024
7,52583	130597
7,52650	124948
7,52717	119161
7,52783	113310
7,52850	107460
7,52917	101665
7,52983	95973
7,53050	90420
7,53117	85038
7,53183	79848
7,53250	74868
7,53317	70109
7,53383	65578
7,53450	61278
7,53517	57211
7,53583	53374
7,53650	49762
7,53717	46370
7,53783	43191
7,53850	40216
7,53917	37437
7,53983	34844
7,54050	32429
7,54117	30181
7,54183	28091
7,54250	26151
7,54317	24350
7,54383	22681
7,54450	21134
7,54517	19702
7,54583	18378
7,54650	17155
7,54717	16025
7,54783	14981
7,54850	14019
7,54917	13132
7,54983	12313
7,55050	11559
7,55117	10864
7,55183	10223
7,55250	9632
7,55317	9088
7,55383	8585
7,55450	8122
7,55517	7695
7,55583	7302
7,55650	6939
7,55717	6605
7,55783	6297
7,55850	6013
7,55917	5751
7,55983	5509
7,56050	5286
7,56117	5080
7,56183	4889
7,56250	4712
7,56317	4548
7,56383	4396
7,56450	4254
7,56517	4122
7,56583	3998
7,56650	3883
7,56717	3775
7,56783	3674
7,56850	3580
7,56917	3491
7,56983	3408
7,57050	3329
7,57117	3256
7,57183	3187
7,57250	3122
7,57317	3062
7,57383	3004
7,57450	2949
7,57517	2897
7,57583	2846
7,57650	2798
7,57717	2752
7,57783	2707
7,57850	2663
7,57917	2621
7,57983	2579
7,58050	2538
7,58117	2499
7,58183	2460
7,58250	2423
7,58317	2388
7,58383	2353
7,58450	2320
7,58517	2288
7,58583	2258
7,58650	2229
7,58717	2202
7,58783	2176
7,58850	2152
7,58917	2129
7,58983	2108
7,59050	2088
7,59117	2069
7,59183	2051
7,59250	2034
7,59317	2018
7,59383	2002
7,59450	1987
7,59517	1972
7,59583	1958
7,59650	1944
7,59717	1930
7,59783	1916
7,59850	1902
7,59917	1889
7,59983	1876
7,60050	1862
7,60117	1850
7,60183	1837
7,60250	1824
7,60317	1813
7,60383	1801
7,60450	1790
7,60517	1780
7,60583	1770
7,60650	1760
7,60717	1750
7,60783	1740
7,60850	1730
7,60917	1721
7,60983	1711
7,61050	1701
7,61117	1692
7,61183	1682
7,61250	1673
7,61317	1663
7,61383	1654
7,61450	1645
7,61517	1635
7,61583	1626
7,61650	1616
7,61717	1606
7,61783	1596
7,61850	1586
7,61917	1575
7,61983	1564
7,62050	1552
7,62117	1541
7,62183	1530
7,62250	1519
7,62317	1508
7,62383	1497
7,62450	1487
7,62517	1477
7,62583	1468
7,62650	1460
7,62717	1452
7,62783	1444
7,62850	1437
7,62917	1430
7,62983	1423
7,63050	1416
7,63117	1410
7,63183	1402
7,63250	1395
7,63317	1388
7,63383	1380
7,63450	1373
7,63517	1365
7,63583	1356
7,63650	1347
7,63717	1338
7,63783	1329
7,63850	1319
7,63917	1310
7,63983	1300
7,64050	1290
7,64117	1280
7,64183	1271
7,64250	1262
7,64317	1252
7,64383	1243
7,64450	1234
7,64517	1225
7,64583	1216
7,64650	1207
7,64717	1198
7,64783	1190
7,64850	1181
7,64917	1172
7,64983	1163
7,65050	1155
7,65117	1147
7,65183	1139
7,65250	1131
7,65317	1123
7,65383	1115
7,65450	1107
7,65517	1099
7,65583	1091
7,65650	1083
7,65717	1075
7,65783	1067
7,65850	1059
7,65917	1051
7,65983	1043
7,66050	1035
7,66117	1027
7,66183	1018
7,66250	1009
7,66317	1000
7,66383	990
7,66450	980
7,66517	970
7,66583	960
7,66650	950
7,66717	940
7,66783	930
7,66850	920
7,66917	910
7,66983	900
7,67050	891
7,67117	882
7,67183	873
7,67250	864
7,67317	856
7,67383	847
7,67450	839
7,67517	832
7,67583	824
7,67650	816
7,67717	809
7,67783	802
7,67850	795
7,67917	789
7,67983	783
7,68050	777
7,68117	771
7,68183	766
7,68250	760
7,68317	755
7,68383	750
7,68450	745
7,68517	740
7,68583	735
7,68650	730
7,68717	726
7,68783	721
7,68850	717
7,68917	713
7,68983	709
7,69050	705
7,69117	701
7,69183	697
7,69250	693
7,69317	689
7,69383	684
7,69450	680
7,69517	676
7,69583	671
7,69650	667
7,69717	662
7,69783	657
7,69850	653
7,69917	648
7,69983	643
7,70050	638
7,70117	633
7,70183	628
7,70250	623
7,70317	618
7,70383	613
7,70450	607
7,70517	602
7,70583	596
7,70650	591
7,70717	585
7,70783	580
7,70850	574
7,70917	568
7,70983	563
7,71050	557
7,71117	551
7,71183	546
7,71250	540
7,71317	534
7,71383	529
7,71450	523
7,71517	518
7,71583	513
7,71650	507
7,71717	502
7,71783	497
7,71850	493
7,71917	488
7,71983	483
7,72050	479
7,72117	475
7,72183	471
7,72250	467
7,72317	464
7,72383	460
7,72450	457
7,72517	454
7,72583	452
7,72650	449
7,72717	447
7,72783	445
7,72850	442
7,72917	440
7,72983	439
7,73050	437
7,73117	435
7,73183	433
7,73250	431
7,73317	429
7,73383	427
7,73450	424
7,73517	421
7,73583	419
7,73650	416
7,73717	412
7,73783	409
7,73850	406
7,73917	402
7,73983	398
7,74050	394
7,74117	390
7,74183	386
7,74250	382
7,74317	378
7,74383	374
7,74450	371
7,74517	367
7,74583	364
7,74650	361
7,74717	358
7,74783	355
7,74850	352
7,74917	349
7,74983	347
7,75050	344
7,75117	342
7,75183	339
7,75250	336
7,75317	334
7,75383	332
7,75450	329
7,75517	327
7,75583	325
7,75650	322
7,75717	320
7,75783	318
7,75850	316
7,75917	315
7,75983	313
7,76050	311
7,76117	309
7,76183	307
7,76250	306
7,76317	304
7,76383	302
7,76450	300
7,76517	298
7,76583	297
7,76650	295
7,76717	293
7,76783	292
7,76850	291
7,76917	289
7,76983	288
7,77050	287
7,77117	286
7,77183	284
7,77250	283
7,77317	281
7,77383	280
7,77450	278
7,77517	277
7,77583	275
7,77650	274
7,77717	272
7,77783	271
7,77850	269
7,77917	267
7,77983	266
7,78050	264
7,78117	263
7,78183	261
7,78250	260
7,78317	259
7,78383	257
7,78450	256
7,78517	255
7,78583	253
7,78650	252
7,78717	251
7,78783	249
7,78850	248
7,78917	246
7,78983	245
7,79050	243
7,79117	242
7,79183	240
7,79250	239
7,79317	238
7,79383	236
7,79450	235
7,79517	234
7,79583	233
7,79650	231
7,79717	230
7,79783	229
7,79850	227
7,79917	225
7,79983	224
7,80050	222
7,80117	221
7,80183	219
7,80250	217
7,80317	215
7,80383	214
7,80450	212
7,80517	210
7,80583	208
7,80650	206
7,80717	204
7,80783	202
7,80850	201
7,80917	199
7,80983	197
7,81050	196
7,81117	194
7,81183	193
7,81250	192
7,81317	191
7,81383	189
7,81450	188
7,81517	187
7,81583	186
7,81650	185
7,81717	184
7,81783	182
7,81850	181
7,81917	180
7,81983	179
7,82050	178
7,82117	177
7,82183	176
7,82250	175
7,82317	174
7,82383	173
7,82450	172
7,82517	171
7,82583	171
7,82650	170
7,82717	169
7,82783	168
7,82850	168
7,82917	167
7,82983	167
7,83050	166
7,83117	166
7,83183	166
7,83250	165
7,83317	165
7,83383	165
7,83450	164
7,83517	164
7,83583	164
7,83650	163
7,83717	163
7,83783	163
7,83850	162
7,83917	162
7,83983	161
7,84050	161
7,84117	161
7,84183	160
7,84250	160
7,84317	160
7,84383	159
7,84450	159
7,84517	158
7,84583	157
7,84650	157
7,84717	156
7,84783	156
7,84850	155
7,84917	154
7,84983	154
7,85050	153
7,85117	152
7,85183	151
7,85250	150
7,85317	149
7,85383	148
7,85450	147
7,85517	146
7,85583	145
7,85650	144
7,85717	143
7,85783	142
7,85850	141
7,85917	140
7,85983	139
7,86050	138
7,86117	137
7,86183	136
7,86250	135
7,86317	134
7,86383	133
7,86450	132
7,86517	132
7,86583	131
7,86650	130
7,86717	129
7,86783	129
7,86850	128
7,86917	127
7,86983	127
7,87050	126
7,87117	125
7,87183	125
7,87250	124
7,87317	123
7,87383	123
7,87450	122
7,87517	122
7,87583	121
7,87650	120
7,87717	120
7,87783	119
7,87850	118
7,87917	117
7,87983	116
7,88050	116
7,88117	115
7,88183	114
7,88250	113
7,88317	113
7,88383	112
7,88450	111
7,88517	110
7,88583	110
7,88650	109
7,88717	108
7,88783	107
7,88850	107
7,88917	106
7,88983	105
7,89050	104
7,89117	104
7,89183	103
7,89250	103
7,89317	103
7,89383	102
7,89450	102
7,89517	102
7,89583	102
7,89650	101
7,89717	101
7,89783	100
7,89850	100
7,89917	100
7,89983	99
7,90050	99
7,90117	99
7,90183	99
7,90250	99
7,90317	98
7,90383	98
7,90450	98
7,90517	98
7,90583	98
7,90650	97
7,90717	97
7,90783	97
7,90850	96
7,90917	96
7,90983	95
7,91050	95
7,91117	94
7,91183	93
7,91250	93
7,91317	92
7,91383	92
7,91450	91
7,91517	91
7,91583	90
7,91650	90
7,91717	89
7,91783	89
7,91850	88
7,91917	88
7,91983	87
7,92050	87
7,92117	86
7,92183	86
7,92250	86
7,92317	85
7,92383	85
7,92450	85
7,92517	84
7,92583	84
7,92650	84
7,92717	83
7,92783	83
7,92850	83
7,92917	82
7,92983	82
7,93050	82
7,93117	81
7,93183	81
7,93250	81
7,93317	80
7,93383	80
7,93450	80
7,93517	80
7,93583	79
7,93650	79
7,93717	79
7,93783	78
7,93850	78
7,93917	78
7,93983	78
7,94050	78
7,94117	77
7,94183	77
7,94250	77
7,94317	76
7,94383	76
7,94450	76
7,94517	76
7,94583	75
7,94650	75
7,94717	75
7,94783	74
7,94850	74
7,94917	74
7,94983	74
7,95050	74
7,95117	74
7,95183	74
7,95250	73
7,95317	73
7,95383	73
7,95450	73
7,95517	73
7,95583	73
7,95650	73
7,95717	73
7,95783	73
7,95850	72
7,95917	72
7,95983	72
7,96050	71
7,96117	71
7,96183	70
7,96250	70
7,96317	69
7,96383	68
7,96450	68
7,96517	68
7,96583	67
7,96650	67
7,96717	66
7,96783	66
7,96850	66
7,96917	65
7,96983	65
7,97050	65
7,97117	64
7,97183	64
7,97250	64
7,97317	63
7,97383	63
7,97450	63
7,97517	63
7,97583	62
7,97650	62
7,97717	61
7,97783	61
7,97850	61
7,97917	60
7,97983	60
7,98050	60
7,98117	59
7,98183	59
7,98250	59
7,98317	58
7,98383	58
7,98450	58
7,98517	57
7,98583	57
7,98650	57
7,98717	56
7,98783	56
7,98850	55
7,98917	55
7,98983	54
7,99050	54
7,99117	53
7,99183	53
7,99250	53
7,99317	52
7,99383	52
7,99450	52
7,99517	51
7,99583	51
7,99650	51
7,99717	51
7,99783	51
7,99850	51
7,99917	50
7,99983	50
8,00050	50
8,00117	50
8,00183	50
8,00250	49
8,00317	49
8,00383	49
8,00450	48
8,00517	48
8,00583	47
8,00650	47
8,00717	47
8,00783	46
8,00850	46
8,00917	46
8,00983	46
8,01050	46
8,01117	46
8,01183	46
8,01250	45
8,01317	45
8,01383	45
8,01450	45
8,01517	44
8,01583	44
8,01650	43
8,01717	43
8,01783	43
8,01850	42
8,01917	42
8,01983	42
8,02050	42
8,02117	41
8,02183	41
8,02250	41
8,02317	41
8,02383	41
8,02450	41
8,02517	42
8,02583	42
8,02650	42
8,02717	42
8,02783	42
8,02850	42
8,02917	41
8,02983	41
8,03050	41
8,03117	41
8,03183	41
8,03250	41
8,03317	41
8,03383	41
8,03450	41
8,03517	41
8,03583	41
8,03650	41
8,03717	40
8,03783	40
8,03850	40
8,03917	40
8,03983	40
8,04050	39
8,04117	39
8,04183	39
8,04250	39
8,04317	39
8,04383	38
8,04450	38
8,04517	38
8,04583	38
8,04650	38
8,04717	38
8,04783	37
8,04850	37
8,04917	37
8,04983	37
8,05050	36
8,05117	36
8,05183	36
8,05250	35
8,05317	35
8,05383	35
8,05450	35
8,05517	34
8,05583	34
8,05650	34
8,05717	34
8,05783	34
8,05850	33
8,05917	33
8,05983	33
8,06050	33
8,06117	33
8,06183	33
8,06250	33
8,06317	33
8,06383	33
8,06450	33
8,06517	34
8,06583	34
8,06650	34
8,06717	34
8,06783	34
8,06850	34
8,06917	33
8,06983	33
8,07050	33
8,07117	33
8,07183	33
8,07250	32
8,07317	32
8,07383	32
8,07450	32
8,07517	33
8,07583	33
8,07650	33
8,07717	33
8,07783	33
8,07850	33
8,07917	32
8,07983	32
8,08050	32
8,08117	32
8,08183	32
8,08250	31
8,08317	31
8,08383	31
8,08450	31
8,08517	31
8,08583	31
8,08650	31
8,08717	31
8,08783	31
8,08850	31
8,08917	30
8,08983	30
8,09050	30
8,09117	30
8,09183	30
8,09250	30
8,09317	29
8,09383	29
8,09450	29
8,09517	29
8,09583	29
8,09650	29
8,09717	29
8,09783	29
8,09850	29
8,09917	29
8,09983	29
8,10050	29
8,10117	29
8,10183	29
8,10250	29
8,10317	29
8,10383	30
8,10450	30
8,10517	30
8,10583	30
8,10650	30
8,10717	30
8,10783	30
8,10850	30
8,10917	30
8,10983	30
8,11050	29
8,11117	29
8,11183	29
8,11250	29
8,11317	29
8,11383	29
8,11450	28
8,11517	28
8,11583	28
8,11650	28
8,11717	28
8,11783	28
8,11850	28
8,11917	28
8,11983	28
8,12050	28
8,12117	28
8,12183	28
8,12250	28
8,12317	28
8,12383	28
8,12450	28
8,12517	27
8,12583	27
8,12650	27
8,12717	27
8,12783	27
8,12850	27
8,12917	27
8,12983	26
8,13050	26
8,13117	26
8,13183	26
8,13250	26
8,13317	25
8,13383	25
8,13450	25
8,13517	24
8,13583	24
8,13650	23
8,13717	23
8,13783	23
8,13850	22
8,13917	22
8,13983	22
8,14050	22
8,14117	22
8,14183	22
8,14250	22
8,14317	22
8,14383	22
8,14450	22
8,14517	22
8,14583	22
8,14650	22
8,14717	22
8,14783	22
8,14850	22
8,14917	22
8,14983	22
8,15050	21
8,15117	21
8,15183	21
8,15250	21
8,15317	21
8,15383	21
8,15450	21
8,15517	21
8,15583	21
8,15650	21
8,15717	20
8,15783	20
8,15850	20
8,15917	20
8,15983	20
8,16050	20
8,16117	20
8,16183	20
8,16250	20
8,16317	20
8,16383	20
8,16450	20
8,16517	20
8,16583	20
8,16650	20
8,16717	20
8,16783	20
8,16850	20
8,16917	20
8,16983	20
8,17050	20
8,17117	20
8,17183	20
8,17250	20
8,17317	19
8,17383	19
8,17450	19
8,17517	19
8,17583	19
8,17650	18
8,17717	18
8,17783	18
8,17850	17
8,17917	17
8,17983	16
8,18050	16
8,18117	16
8,18183	15
8,18250	15
8,18317	15
8,18383	14
8,18450	14
8,18517	14
8,18583	14
8,18650	13
8,18717	13
8,18783	13
8,18850	13
8,18917	13
8,18983	13
8,19050	13
8,19117	13
8,19183	13
8,19250	13
8,19317	13
8,19383	13
8,19450	13
8,19517	13
8,19583	13
8,19650	12
8,19717	12
8,19783	12
8,19850	12
8,19917	12
8,19983	12
8,20050	12
8,20117	11
8,20183	11
8,20250	11
8,20317	11
8,20383	11
8,20450	11
8,20517	11
8,20583	11
8,20650	12
8,20717	12
8,20783	12
8,20850	12
8,20917	12
8,20983	12
8,21050	13
8,21117	13
8,21183	13
8,21250	13
8,21317	13
8,21383	13
8,21450	13
8,21517	13
8,21583	13
8,21650	13
8,21717	13
8,21783	13
8,21850	12
8,21917	12
8,21983	12
8,22050	12
8,22117	12
8,22183	12
8,22250	11
8,22317	11
8,22383	11
8,22450	11
8,22517	11
8,22583	11
8,22650	11
8,22717	11
8,22783	10
8,22850	10
8,22917	10
8,22983	10
8,23050	10
8,23117	10
8,23183	10
8,23250	10
8,23317	9
8,23383	9
8,23450	9
8,23517	9
8,23583	9
8,23650	9
8,23717	9
8,23783	9
8,23850	9
8,23917	9
8,23983	9
8,24050	8
8,24117	8
8,24183	8
8,24250	8
8,24317	7
8,24383	7
8,24450	7
8,24517	7
8,24583	7
8,24650	7
8,24717	7
8,24783	7
8,24850	7
8,24917	7
8,24983	7
8,25050	7
8,25117	7
8,25183	7
8,25250	8
8,25317	8
8,25383	7
8,25450	7
8,25517	7
8,25583	7
8,25650	7
8,25717	7
8,25783	7
8,25850	7
8,25917	7
8,25983	7
8,26050	7
8,26117	7
8,26183	8
8,26250	8
8,26317	8
8,26383	8
8,26450	8
8,26517	8
8,26583	8
8,26650	8
8,26717	8
8,26783	8
8,26850	8
8,26917	8
8,26983	8
8,27050	8
8,27117	7
8,27183	7
8,27250	7
8,27317	7
8,27383	7
8,27450	7
8,27517	7
8,27583	7
8,27650	7
8,27717	7
8,27783	7
8,27850	7
8,27917	7
8,27983	7
8,28050	7
8,28117	7
8,28183	7
8,28250	7
8,28317	7
8,28383	6
8,28450	6
8,28517	6
8,28583	6
8,28650	6
8,28717	6
8,28783	6
8,28850	6
8,28917	6
8,28983	6
8,29050	6
8,29117	6
8,29183	6
8,29250	6
8,29317	6
8,29383	6
8,29450	6
8,29517	6
8,29583	6
8,29650	6
8,29717	6
8,29783	6
8,29850	6
8,29917	6
8,29983	6
8,30050	7
8,30117	7
8,30183	7
8,30250	7
8,30317	8
8,30383	8
8,30450	9
8,30517	9
8,30583	10
8,30650	10
8,30717	11
8,30783	12
8,30850	13
8,30917	14
8,30983	15
8,31050	16
8,31117	17
8,31183	18
8,31250	19
8,31317	20
8,31383	21
8,31450	21
8,31517	22
8,31583	22
8,31650	23
8,31717	23
8,31783	23
8,31850	24
8,31917	24
8,31983	25
8,32050	25
8,32117	26
8,32183	26
8,32250	27
8,32317	27
8,32383	27
8,32450	28
8,32517	28
8,32583	28
8,32650	28
8,32717	28
8,32783	27
8,32850	27
8,32917	27
8,32983	27
8,33050	27
8,33117	27
8,33183	27
8,33250	26
8,33317	26
8,33383	26
8,33450	26
8,33517	26
8,33583	26
8,33650	25
8,33717	25
8,33783	25
8,33850	25
8,33917	25
8,33983	25
8,34050	25
8,34117	25
8,34183	25
8,34250	25
8,34317	26
8,34383	26
8,34450	26
8,34517	27
8,34583	27
8,34650	27
8,34717	27
8,34783	28
8,34850	28
8,34917	28
8,34983	28
8,35050	28
8,35117	29
8,35183	29
8,35250	29
8,35317	30
8,35383	30
8,35450	30
8,35517	30
8,35583	30
8,35650	29
8,35717	29
8,35783	28
8,35850	27
8,35917	27
8,35983	26
8,36050	26
8,36117	26
8,36183	25
8,36250	24
8,36317	24
8,36383	24
8,36450	23
8,36517	22
8,36583	22
8,36650	21
8,36717	21
8,36783	20
8,36850	20
8,36917	19
8,36983	19
8,37050	18
8,37117	18
8,37183	17
8,37250	16
8,37317	15
8,37383	15
8,37450	14
8,37517	14
8,37583	13
8,37650	13
8,37717	13
8,37783	13
8,37850	12
8,37917	12
8,37983	11
8,38050	11
8,38117	11
8,38183	11
8,38250	11
8,38317	11
8,38383	11
8,38450	11
8,38517	11
8,38583	11
8,38650	11
8,38717	11
8,38783	11
8,38850	11
8,38917	11
8,38983	11
8,39050	11
8,39117	10
8,39183	10
8,39250	10
8,39317	10
8,39383	10
8,39450	9
8,39517	9
8,39583	9
8,39650	9
8,39717	8
8,39783	8
8,39850	8
8,39917	8
8,39983	7
8,40050	7
8,40117	7
8,40183	6
8,40250	6
8,40317	6
8,40383	6
8,40450	5
8,40517	5
8,40583	6
8,40650	6
8,40717	6
8,40783	6
8,40850	6
8,40917	6
8,40983	6
8,41050	6
8,41117	6
8,41183	6
8,41250	6
8,41317	7
8,41383	7
8,41450	7
8,41517	7
8,41583	6
8,41650	7
8,41717	7
8,41783	7
8,41850	7
8,41917	7
8,41983	7
8,42050	7
8,42117	7
8,42183	7
8,42250	7
8,42317	7
8,42383	7
8,42450	7
8,42517	7
8,42583	7
8,42650	7
8,42717	7
8,42783	6
8,42850	6
8,42917	6
8,42983	6
8,43050	6
8,43117	6
8,43183	6
8,43250	6
8,43317	6
8,43383	6
8,43450	5
8,43517	5
8,43583	5
8,43650	5
8,43717	5
8,43783	5
8,43850	5
8,43917	5
8,43983	5
8,44050	5
8,44117	5
8,44183	5
8,44250	5
8,44317	5
8,44383	5
8,44450	5
8,44517	5
8,44583	5
8,44650	5
8,44717	5
8,44783	5
8,44850	5
8,44917	5
8,44983	5
8,45050	5
8,45117	5
8,45183	5
8,45250	5
8,45317	5
8,45383	4
8,45450	4
8,45517	4
8,45583	4
8,45650	3
8,45717	3
8,45783	3
8,45850	3
8,45917	3
8,45983	2
8,46050	2
8,46117	2
8,46183	2
8,46250	2
8,46317	2
8,46383	2
8,46450	2
8,46517	2
8,46583	2
8,46650	2
8,46717	2
8,46783	2
8,46850	2
8,46917	2
8,46983	2
8,47050	3
8,47117	3
8,47183	3
8,47250	3
8,47317	3
8,47383	3
8,47450	3
8,47517	3
8,47583	2
8,47650	2
8,47717	2
8,47783	2
8,47850	2
8,47917	2
8,47983	2
8,48050	2
8,48117	2
8,48183	2
8,48250	2
8,48317	2
8,48383	2
8,48450	2
8,48517	1
8,48583	1
8,48650	1
8,48717	1
8,48783	1
8,48850	1
8,48917	1
8,48983	1
8,49050	1
8,49117	1
8,49183	1
8,49250	1
8,49317	1
8,49383	0
8,49450	0
8,49517	0
8,49583	0
8,49650	0
8,49717	-0
8,49783	-0
8,49850	-0
8,49917	-1
8,49983	-1
8,50050	-1
8,50117	-1
8,50183	-1
8,50250	-1
8,50317	-1
8,50383	-1
8,50450	-1
8,50517	-1
8,50583	-1
8,50650	-2
8,50717	-2
8,50783	-2
8,50850	-2
8,50917	-3
8,50983	-3
8,51050	-3
8,51117	-3
8,51183	-3
8,51250	-3
8,51317	-3
8,51383	-3
8,51450	-3
8,51517	-3
8,51583	-3
8,51650	-3
8,51717	-3
8,51783	-3
8,51850	-2
8,51917	-2
8,51983	-2
8,52050	-2
8,52117	-1
8,52183	-1
8,52250	-0
8,52317	0
8,52383	0
8,52450	1
8,52517	1
8,52583	2
8,52650	2
8,52717	2
8,52783	2
8,52850	2
8,52917	2
8,52983	2
8,53050	2
8,53117	2
8,53183	2
8,53250	2
8,53317	2
8,53383	3
8,53450	3
8,53517	3
8,53583	3
8,53650	3
8,53717	3
8,53783	3
8,53850	3
8,53917	3
8,53983	3
8,54050	3
8,54117	3
8,54183	3
8,54250	3
8,54317	3
8,54383	3
8,54450	3
8,54517	3
8,54583	3
8,54650	3
8,54717	4
8,54783	4
8,54850	4
8,54917	4
8,54983	4
8,55050	4
8,55117	4
8,55183	4
8,55250	4
8,55317	4
8,55383	4
8,55450	4
8,55517	4
8,55583	4
8,55650	4
8,55717	4
8,55783	4
8,55850	4
8,55917	3
8,55983	3
8,56050	3
8,56117	3
8,56183	3
8,56250	3
8,56317	3
8,56383	3
8,56450	3
8,56517	2
8,56583	2
8,56650	2
8,56717	2
8,56783	2
8,56850	2
8,56917	2
8,56983	2
8,57050	2
8,57117	2
8,57183	1
8,57250	1
8,57317	1
8,57383	1
8,57450	0
8,57517	0
8,57583	0
8,57650	0
8,57717	0
8,57783	0
8,57850	0
8,57917	1
8,57983	1
8,58050	1
8,58117	1
8,58183	1
8,58250	2
8,58317	2
8,58383	2
8,58450	2
8,58517	2
8,58583	2
8,58650	2
8,58717	2
8,58783	2
8,58850	2
8,58917	2
8,58983	2
8,59050	2
8,59117	2
8,59183	2
8,59250	1
8,59317	1
8,59383	1
8,59450	1
8,59517	1
8,59583	1
8,59650	1
8,59717	1
8,59783	2
8,59850	2
8,59917	2
8,59983	2
8,60050	3
8,60117	3
8,60183	3
8,60250	3
8,60317	3
8,60383	3
8,60450	3
8,60517	3
8,60583	3
8,60650	3
8,60717	3
8,60783	3
8,60850	3
8,60917	3
8,60983	4
8,61050	4
8,61117	4
8,61183	4
8,61250	4
8,61317	4
8,61383	4
8,61450	4
8,61517	4
8,61583	4
8,61650	4
8,61717	4
8,61783	4
8,61850	4
8,61917	4
8,61983	4
8,62050	4
8,62117	4
8,62183	4
8,62250	4
8,62317	4
8,62383	4
8,62450	4
8,62517	4
8,62583	4
8,62650	4
8,62717	4
8,62783	4
8,62850	4
8,62917	4
8,62983	4
8,63050	4
8,63117	4
8,63183	4
8,63250	4
8,63317	4
8,63383	4
8,63450	4
8,63517	4
8,63583	4
8,63650	4
8,63717	4
8,63783	5
8,63850	5
8,63917	5
8,63983	5
8,64050	5
8,64117	5
8,64183	5
8,64250	5
8,64317	5
8,64383	5
8,64450	5
8,64517	5
8,64583	4
8,64650	4
8,64717	4
8,64783	4
8,64850	4
8,64917	4
8,64983	3
8,65050	3
8,65117	3
8,65183	4
8,65250	3
8,65317	3
8,65383	3
8,65450	3
8,65517	3
8,65583	3
8,65650	3
8,65717	3
8,65783	2
8,65850	2
8,65917	2
8,65983	2
8,66050	2
8,66117	2
8,66183	2
8,66250	2
8,66317	2
8,66383	3
8,66450	3
8,66517	3
8,66583	3
8,66650	3
8,66717	4
8,66783	4
8,66850	3
8,66917	3
8,66983	3
8,67050	3
8,67117	3
8,67183	3
8,67250	3
8,67317	2
8,67383	2
8,67450	2
8,67517	2
8,67583	1
8,67650	1
8,67717	1
8,67783	1
8,67850	0
8,67917	0
8,67983	-0
8,68050	-0
8,68117	-1
8,68183	-1
8,68250	-1
8,68317	-2
8,68383	-2
8,68450	-2
8,68517	-2
8,68583	-2
8,68650	-2
8,68717	-2
8,68783	-2
8,68850	-2
8,68917	-2
8,68983	-2
8,69050	-2
8,69117	-2
8,69183	-1
8,69250	-1
8,69317	-1
8,69383	-1
8,69450	-1
8,69517	-0
8,69583	-0
8,69650	0
8,69717	0
8,69783	0
8,69850	0
8,69917	0
8,69983	0
8,70050	0
8,70117	0
8,70183	0
8,70250	0
8,70317	0
8,70383	0
8,70450	0
8,70517	1
8,70583	1
8,70650	1
8,70717	1
8,70783	1
8,70850	1
8,70917	1
8,70983	1
8,71050	1
8,71117	1
8,71183	1
8,71250	1
8,71317	1
8,71383	1
8,71450	1
8,71517	1
8,71583	1
8,71650	1
8,71717	1
8,71783	1
8,71850	1
8,71917	1
8,71983	1
8,72050	1
8,72117	1
8,72183	1
8,72250	0
8,72317	0
8,72383	0
8,72450	-0
8,72517	-0
8,72583	-1
8,72650	-1
8,72717	-1
8,72783	-1
8,72850	-1
8,72917	-1
8,72983	-0
8,73050	-0
8,73117	0
8,73183	0
8,73250	1
8,73317	1
8,73383	1
8,73450	1
8,73517	2
8,73583	2
8,73650	2
8,73717	2
8,73783	2
8,73850	2
8,73917	3
8,73983	3
8,74050	3
8,74117	3
8,74183	3
8,74250	3
8,74317	3
8,74383	3
8,74450	3
8,74517	4
8,74583	4
8,74650	4
8,74717	4
8,74783	4
8,74850	4
8,74917	4
8,74983	4
8,75050	4
8,75117	4
8,75183	3
8,75250	3
8,75317	2
8,75383	2
8,75450	2
8,75517	1
8,75583	1
8,75650	1
8,75717	1
8,75783	1
8,75850	1
8,75917	1
8,75983	0
8,76050	0
8,76117	0
8,76183	0
8,76250	-0
8,76317	-0
8,76383	-0
8,76450	-0
8,76517	-0
8,76583	-1
8,76650	-1
8,76717	-0
8,76783	-0
8,76850	-0
8,76917	0
8,76983	0
8,77050	0
8,77117	0
8,77183	0
8,77250	0
8,77317	0
8,77383	0
8,77450	-0
8,77517	-0
8,77583	-0
8,77650	-1
8,77717	-1
8,77783	-1
8,77850	-1
8,77917	-1
8,77983	-1
8,78050	-2
8,78117	-2
8,78183	-2
8,78250	-2
8,78317	-2
8,78383	-2
8,78450	-2
8,78517	-1
8,78583	-1
8,78650	-1
8,78717	-1
8,78783	-1
8,78850	-1
8,78917	-1
8,78983	-1
8,79050	-1
8,79117	-1
8,79183	-1
8,79250	-1
8,79317	-1
8,79383	-1
8,79450	-1
8,79517	-1
8,79583	-1
8,79650	-1
8,79717	-1
8,79783	-1
8,79850	-1
8,79917	-1
8,79983	-1
8,80050	-1
8,80117	-1
8,80183	-1
8,80250	-1
8,80317	-1
8,80383	-1
8,80450	-2
8,80517	-2
8,80583	-2
8,80650	-2
8,80717	-2
8,80783	-3
8,80850	-3
8,80917	-3
8,80983	-2
8,81050	-2
8,81117	-2
8,81183	-2
8,81250	-2
8,81317	-2
8,81383	-2
8,81450	-2
8,81517	-2
8,81583	-2
8,81650	-3
8,81717	-3
8,81783	-3
8,81850	-3
8,81917	-3
8,81983	-3
8,82050	-3
8,82117	-3
8,82183	-3
8,82250	-3
8,82317	-2
8,82383	-2
8,82450	-2
8,82517	-2
8,82583	-2
8,82650	-2
8,82717	-2
8,82783	-2
8,82850	-2
8,82917	-2
8,82983	-3
8,83050	-3
8,83117	-3
8,83183	-3
8,83250	-3
8,83317	-4
8,83383	-4
8,83450	-3
8,83517	-3
8,83583	-3
8,83650	-3
8,83717	-2
8,83783	-2
8,83850	-2
8,83917	-1
8,83983	-1
8,84050	-0
8,84117	0
8,84183	0
8,84250	1
8,84317	1
8,84383	1
8,84450	1
8,84517	1
8,84583	1
8,84650	1
8,84717	1
8,84783	1
8,84850	1
8,84917	1
8,84983	1
8,85050	1
8,85117	1
8,85183	1
8,85250	0
8,85317	0
8,85383	0
8,85450	0
8,85517	0
8,85583	0
8,85650	1
8,85717	1
8,85783	1
8,85850	1
8,85917	1
8,85983	1
8,86050	2
8,86117	2
8,86183	2
8,86250	2
8,86317	2
8,86383	3
8,86450	3
8,86517	3
8,86583	3
8,86650	4
8,86717	4
8,86783	4
8,86850	4
8,86917	4
8,86983	4
8,87050	4
8,87117	4
8,87183	4
8,87250	4
8,87317	4
8,87383	4
8,87450	4
8,87517	4
8,87583	3
8,87650	3
8,87717	3
8,87783	2
8,87850	2
8,87917	2
8,87983	1
8,88050	1
8,88117	1
8,88183	0
8,88250	0
8,88317	-0
8,88383	-0
8,88450	-0
8,88517	-0
8,88583	-0
8,88650	-0
8,88717	-0
8,88783	0
8,88850	0
8,88917	0
8,88983	0
8,89050	0
8,89117	0
8,89183	0
8,89250	1
8,89317	1
8,89383	1
8,89450	1
8,89517	1
8,89583	1
8,89650	1
8,89717	0
8,89783	0
8,89850	0
8,89917	0
8,89983	0
8,90050	0
8,90117	0
8,90183	0
8,90250	0
8,90317	0
8,90383	0
8,90450	0
8,90517	0
8,90583	0
8,90650	-0
8,90717	-0
8,90783	-0
8,90850	-0
8,90917	-0
8,90983	0
8,91050	0
8,91117	0
8,91183	0
8,91250	0
8,91317	0
8,91383	0
8,91450	0
8,91517	0
8,91583	-0
8,91650	-0
8,91717	-0
8,91783	-1
8,91850	-1
8,91917	-1
8,91983	-1
8,92050	-1
8,92117	-1
8,92183	-1
8,92250	-1
8,92317	-1
8,92383	-0
8,92450	-0
8,92517	-0
8,92583	0
8,92650	0
8,92717	0
8,92783	0
8,92850	1
8,92917	1
8,92983	1
8,93050	1
8,93117	1
8,93183	1
8,93250	1
8,93317	1
8,93383	1
8,93450	1
8,93517	1
8,93583	1
8,93650	1
8,93717	1
8,93783	1
8,93850	1
8,93917	1
8,93983	1
8,94050	1
8,94117	1
8,94183	1
8,94250	1
8,94317	1
8,94383	1
8,94450	1
8,94517	1
8,94583	1
8,94650	1
8,94717	1
8,94783	1
8,94850	1
8,94917	1
8,94983	1
8,95050	1
8,95117	0
8,95183	0
8,95250	-0
8,95317	-1
8,95383	-1
8,95450	-1
8,95517	-1
8,95583	-1
8,95650	-1
8,95717	-1
8,95783	-1
8,95850	-1
8,95917	-0
8,95983	0
8,96050	0
8,96117	1
8,96183	1
8,96250	2
8,96317	2
8,96383	3
8,96450	3
8,96517	4
8,96583	4
8,96650	4
8,96717	4
8,96783	3
8,96850	3
8,96917	3
8,96983	3
8,97050	3
8,97117	2
8,97183	2
8,97250	2
8,97317	2
8,97383	2
8,97450	2
8,97517	2
8,97583	2
8,97650	1
8,97717	1
8,97783	1
8,97850	1
8,97917	0
8,97983	0
8,98050	0
8,98117	-0
8,98183	-1
8,98250	-1
8,98317	-1
8,98383	-1
8,98450	-2
8,98517	-2
8,98583	-2
8,98650	-3
8,98717	-3
8,98783	-3
8,98850	-3
8,98917	-3
8,98983	-4
8,99050	-4
8,99117	-4
8,99183	-4
8,99250	-4
8,99317	-4
8,99383	-4
8,99450	-4
8,99517	-4
8,99583	-4
8,99650	-4
8,99717	-4
8,99783	-3
8,99850	-3
8,99917	-3
8,99983	-3
9,00050	-3
9,00117	-2
9,00183	-2
9,00250	-2
9,00317	-2
9,00383	-1
9,00450	-1
9,00517	-1
9,00583	-1
9,00650	-1
9,00717	-1
9,00783	-1
9,00850	-1
9,00917	-1
9,00983	-1
9,01050	-1
9,01117	-1
9,01183	-2
9,01250	-2
9,01317	-2
9,01383	-2
9,01450	-1
9,01517	-1
9,01583	-1
9,01650	-1
9,01717	-1
9,01783	-1
9,01850	-1
9,01917	-1
9,01983	-1
9,02050	-1
9,02117	-1
9,02183	-1
9,02250	-1
9,02317	-1
9,02383	-0
9,02450	-0
9,02517	0
9,02583	0
9,02650	1
9,02717	1
9,02783	1
9,02850	1
9,02917	1
9,02983	1
9,03050	1
9,03117	1
9,03183	1
9,03250	1
9,03317	1
9,03383	1
9,03450	0
9,03517	0
9,03583	0
9,03650	0
9,03717	0
9,03783	1
9,03850	1
9,03917	1
9,03983	1
9,04050	1
9,04117	1
9,04183	0
9,04250	0
9,04317	0
9,04383	-0
9,04450	-0
9,04517	-1
9,04583	-1
9,04650	-1
9,04717	-1
9,04783	-1
9,04850	-1
9,04917	-1
9,04983	-1
9,05050	-1
9,05117	-1
9,05183	-1
9,05250	-1
9,05317	-1
9,05383	-1
9,05450	-1
9,05517	-1
9,05583	-1
9,05650	-1
9,05717	-1
9,05783	-1
9,05850	-1
9,05917	-1
9,05983	-0
9,06050	0
9,06117	0
9,06183	0
9,06250	1
9,06317	1
9,06383	1
9,06450	1
9,06517	1
9,06583	2
9,06650	2
9,06717	2
9,06783	2
9,06850	3
9,06917	3
9,06983	3
9,07050	3
9,07117	3
9,07183	3
9,07250	3
9,07317	3
9,07383	3
9,07450	3
9,07517	3
9,07583	3
9,07650	3
9,07717	3
9,07783	3
9,07850	3
9,07917	2
9,07983	2
9,08050	2
9,08117	2
9,08183	2
9,08250	2
9,08317	2
9,08383	2
9,08450	2
9,08517	2
9,08583	2
9,08650	2
9,08717	2
9,08783	2
9,08850	2
9,08917	2
9,08983	2
9,09050	2
9,09117	1
9,09183	1
9,09250	1
9,09317	1
9,09383	0
9,09450	0
9,09517	0
9,09583	0
9,09650	0
9,09717	1
9,09783	1
9,09850	1
9,09917	1
9,09983	1
9,10050	1
9,10117	1
9,10183	2
9,10250	2
9,10317	2
9,10383	2
9,10450	2
9,10517	1
9,10583	1
9,10650	1
9,10717	1
9,10783	1
9,10850	1
9,10917	1
9,10983	1
9,11050	1
9,11117	1
9,11183	1
9,11250	0
9,11317	0
9,11383	0
9,11450	0
9,11517	1
9,11583	1
9,11650	1
9,11717	1
9,11783	1
9,11850	1
9,11917	1
9,11983	1
9,12050	1
9,12117	1
9,12183	2
9,12250	2
9,12317	2
9,12383	2
9,12450	2
9,12517	2
9,12583	3
9,12650	3
9,12717	2
9,12783	2
9,12850	2
9,12917	2
9,12983	1
9,13050	1
9,13117	1
9,13183	1
9,13250	0
9,13317	0
9,13383	0
9,13450	0
9,13517	-0
9,13583	-0
9,13650	-0
9,13717	-0
9,13783	-0
9,13850	-0
9,13917	-0
9,13983	-1
9,14050	-1
9,14117	-1
9,14183	-1
9,14250	-1
9,14317	-0
9,14383	-0
9,14450	-0
9,14517	-0
9,14583	-0
9,14650	-0
9,14717	0
9,14783	0
9,14850	0
9,14917	1
9,14983	1
9,15050	1
9,15117	1
9,15183	1
9,15250	1
9,15317	1
9,15383	1
9,15450	1
9,15517	1
9,15583	1
9,15650	1
9,15717	1
9,15783	1
9,15850	1
9,15917	1
9,15983	1
9,16050	0
9,16117	0
9,16183	0
9,16250	-0
9,16317	0
9,16383	0
9,16450	1
9,16517	1
9,16583	1
9,16650	1
9,16717	1
9,16783	1
9,16850	1
9,16917	1
9,16983	2
9,17050	2
9,17117	2
9,17183	2
9,17250	2
9,17317	2
9,17383	2
9,17450	2
9,17517	3
9,17583	3
9,17650	3
9,17717	3
9,17783	3
9,17850	3
9,17917	2
9,17983	2
9,18050	1
9,18117	1
9,18183	1
9,18250	0
9,18317	0
9,18383	-0
9,18450	-0
9,18517	-1
9,18583	-1
9,18650	-1
9,18717	-1
9,18783	-1
9,18850	-1
9,18917	-1
9,18983	-1
9,19050	-2
9,19117	-2
9,19183	-2
9,19250	-2
9,19317	-3
9,19383	-3
9,19450	-3
9,19517	-3
9,19583	-3
9,19650	-4
9,19717	-4
9,19783	-3
9,19850	-3
9,19917	-3
9,19983	-3
9,20050	-3
9,20117	-3
9,20183	-3
9,20250	-2
9,20317	-2
9,20383	-1
9,20450	-1
9,20517	-0
9,20583	0
9,20650	1
9,20717	1
9,20783	2
9,20850	2
9,20917	2
9,20983	3
9,21050	3
9,21117	4
9,21183	4
9,21250	4
9,21317	4
9,21383	4
9,21450	4
9,21517	4
9,21583	4
9,21650	4
9,21717	4
9,21783	3
9,21850	3
9,21917	3
9,21983	3
9,22050	3
9,22117	2
9,22183	2
9,22250	2
9,22317	1
9,22383	1
9,22450	1
9,22517	0
9,22583	0
9,22650	-0
9,22717	-0
9,22783	-0
9,22850	-0
9,22917	-0
9,22983	-0
9,23050	-0
9,23117	-0
9,23183	-0
9,23250	-0
9,23317	-0
9,23383	-0
9,23450	-1
9,23517	-1
9,23583	-1
9,23650	-1
9,23717	-1
9,23783	-1
9,23850	-1
9,23917	-1
9,23983	-1
9,24050	-1
9,24117	-1
9,24183	-1
9,24250	-1
9,24317	-1
9,24383	-1
9,24450	-1
9,24517	-1
9,24583	-1
9,24650	-2
9,24717	-2
9,24783	-2
9,24850	-2
9,24917	-2
9,24983	-2
9,25050	-2
9,25117	-1
9,25183	-1
9,25250	-1
9,25317	-0
9,25383	0
9,25450	0
9,25517	0
9,25583	1
9,25650	1
9,25717	1
9,25783	1
9,25850	1
9,25917	1
9,25983	1
9,26050	2
9,26117	2
9,26183	2
9,26250	2
9,26317	2
9,26383	3
9,26450	3
9,26517	3
9,26583	3
9,26650	3
9,26717	4
9,26783	4
9,26850	4
9,26917	4
9,26983	4
9,27050	4
9,27117	4
9,27183	4
9,27250	4
9,27317	4
9,27383	4
9,27450	3
9,27517	3
9,27583	3
9,27650	3
9,27717	3
9,27783	3
9,27850	2
9,27917	2
9,27983	2
9,28050	2
9,28117	2
9,28183	2
9,28250	2
9,28317	2
9,28383	2
9,28450	2
9,28517	2
9,28583	1
9,28650	1
9,28717	1
9,28783	2
9,28850	2
9,28917	2
9,28983	2
9,29050	1
9,29117	1
9,29183	1
9,29250	1
9,29317	1
9,29383	1
9,29450	1
9,29517	1
9,29583	1
9,29650	0
9,29717	-0
9,29783	-1
9,29850	-1
9,29917	-2
9,29983	-2
9,30050	-2
9,30117	-3
9,30183	-3
9,30250	-3
9,30317	-3
9,30383	-3
9,30450	-3
9,30517	-3
9,30583	-4
9,30650	-4
9,30717	-4
9,30783	-4
9,30850	-3
9,30917	-3
9,30983	-3
9,31050	-3
9,31117	-3
9,31183	-3
9,31250	-3
9,31317	-3
9,31383	-3
9,31450	-3
9,31517	-3
9,31583	-3
9,31650	-4
9,31717	-4
9,31783	-4
9,31850	-4
9,31917	-4
9,31983	-4
9,32050	-4
9,32117	-4
9,32183	-4
9,32250	-4
9,32317	-4
9,32383	-4
9,32450	-4
9,32517	-4
9,32583	-4
9,32650	-4
9,32717	-4
9,32783	-4
9,32850	-4
9,32917	-4
9,32983	-4
9,33050	-4
9,33117	-3
9,33183	-3
9,33250	-3
9,33317	-3
9,33383	-3
9,33450	-3
9,33517	-2
9,33583	-2
9,33650	-2
9,33717	-2
9,33783	-2
9,33850	-2
9,33917	-2
9,33983	-2
9,34050	-2
9,34117	-2
9,34183	-2
9,34250	-2
9,34317	-2
9,34383	-2
9,34450	-2
9,34517	-2
9,34583	-2
9,34650	-2
9,34717	-2
9,34783	-2
9,34850	-2
9,34917	-2
9,34983	-2
9,35050	-2
9,35117	-2
9,35183	-2
9,35250	-2
9,35317	-2
9,35383	-2
9,35450	-2
9,35517	-2
9,35583	-2
9,35650	-2
9,35717	-2
9,35783	-2
9,35850	-2
9,35917	-2
9,35983	-2
9,36050	-1
9,36117	-1
9,36183	-1
9,36250	-1
9,36317	-0
9,36383	-0
9,36450	0
9,36517	0
9,36583	1
9,36650	1
9,36717	2
9,36783	2
9,36850	2
9,36917	2
9,36983	2
9,37050	3
9,37117	3
9,37183	3
9,37250	3
9,37317	3
9,37383	4
9,37450	4
9,37517	4
9,37583	5
9,37650	5
9,37717	5
9,37783	5
9,37850	5
9,37917	5
9,37983	5
9,38050	5
9,38117	5
9,38183	5
9,38250	5
9,38317	5
9,38383	5
9,38450	5
9,38517	5
9,38583	6
9,38650	6
9,38717	6
9,38783	6
9,38850	6
9,38917	6
9,38983	6
9,39050	5
9,39117	5
9,39183	5
9,39250	5
9,39317	5
9,39383	4
9,39450	4
9,39517	4
9,39583	4
9,39650	4
9,39717	4
9,39783	4
9,39850	4
9,39917	4
9,39983	4
9,40050	3
9,40117	3
9,40183	3
9,40250	3
9,40317	3
9,40383	2
9,40450	2
9,40517	2
9,40583	2
9,40650	1
9,40717	1
9,40783	1
9,40850	1
9,40917	1
9,40983	2
9,41050	2
9,41117	2
9,41183	2
9,41250	2
9,41317	3
9,41383	3
9,41450	3
9,41517	3
9,41583	4
9,41650	4
9,41717	4
9,41783	4
9,41850	4
9,41917	4
9,41983	4
9,42050	5
9,42117	5
9,42183	5
9,42250	6
9,42317	6
9,42383	7
9,42450	7
9,42517	7
9,42583	8
9,42650	8
9,42717	9
9,42783	9
9,42850	9
9,42917	9
9,42983	10
9,43050	10
9,43117	10
9,43183	10
9,43250	10
9,43317	10
9,43383	10
9,43450	10
9,43517	10
9,43583	9
9,43650	9
9,43717	9
9,43783	9
9,43850	9
9,43917	9
9,43983	9
9,44050	9
9,44117	9
9,44183	9
9,44250	9
9,44317	9
9,44383	9
9,44450	9
9,44517	9
9,44583	9
9,44650	9
9,44717	9
9,44783	9
9,44850	9
9,44917	9
9,44983	9
9,45050	9
9,45117	9
9,45183	10
9,45250	10
9,45317	10
9,45383	10
9,45450	10
9,45517	10
9,45583	9
9,45650	9
9,45717	9
9,45783	8
9,45850	8
9,45917	8
9,45983	8
9,46050	8
9,46117	8
9,46183	8
9,46250	8
9,46317	8
9,46383	9
9,46450	9
9,46517	9
9,46583	9
9,46650	9
9,46717	9
9,46783	9
9,46850	9
9,46917	9
9,46983	9
9,47050	9
9,47117	9
9,47183	9
9,47250	9
9,47317	9
9,47383	10
9,47450	10
9,47517	10
9,47583	10
9,47650	10
9,47717	10
9,47783	10
9,47850	10
9,47917	10
9,47983	10
9,48050	11
9,48117	11
9,48183	11
9,48250	11
9,48317	11
9,48383	12
9,48450	12
9,48517	12
9,48583	12
9,48650	12
9,48717	12
9,48783	13
9,48850	13
9,48917	13
9,48983	13
9,49050	13
9,49117	13
9,49183	13
9,49250	13
9,49317	13
9,49383	13
9,49450	14
9,49517	14
9,49583	14
9,49650	14
9,49717	15
9,49783	15
9,49850	15
9,49917	15
9,49983	15
9,50050	15
9,50117	15
9,50183	15
9,50250	15
9,50317	15
9,50383	15
9,50450	14
9,50517	14
9,50583	14
9,50650	14
9,50717	14
9,50783	14
9,50850	14
9,50917	13
9,50983	13
9,51050	13
9,51117	13
9,51183	13
9,51250	13
9,51317	12
9,51383	12
9,51450	12
9,51517	12
9,51583	11
9,51650	11
9,51717	11
9,51783	11
9,51850	11
9,51917	11
9,51983	11
9,52050	11
9,52117	11
9,52183	11
9,52250	11
9,52317	11
9,52383	11
9,52450	11
9,52517	11
9,52583	11
9,52650	11
9,52717	11
9,52783	11
9,52850	11
9,52917	11
9,52983	11
9,53050	11
9,53117	11
9,53183	11
9,53250	11
9,53317	11
9,53383	11
9,53450	11
9,53517	10
9,53583	10
9,53650	10
9,53717	10
9,53783	10
9,53850	10
9,53917	10
9,53983	10
9,54050	10
9,54117	10
9,54183	10
9,54250	10
9,54317	10
9,54383	9
9,54450	9
9,54517	9
9,54583	9
9,54650	9
9,54717	9
9,54783	8
9,54850	8
9,54917	9
9,54983	9
9,55050	9
9,55117	9
9,55183	9
9,55250	9
9,55317	9
9,55383	9
9,55450	10
9,55517	10
9,55583	10
9,55650	10
9,55717	10
9,55783	10
9,55850	10
9,55917	11
9,55983	11
9,56050	11
9,56117	11
9,56183	11
9,56250	11
9,56317	11
9,56383	10
9,56450	10
9,56517	10
9,56583	10
9,56650	10
9,56717	10
9,56783	11
9,56850	11
9,56917	11
9,56983	12
9,57050	12
9,57117	12
9,57183	12
9,57250	12
9,57317	12
9,57383	13
9,57450	13
9,57517	13
9,57583	13
9,57650	13
9,57717	13
9,57783	13
9,57850	13
9,57917	13
9,57983	13
9,58050	13
9,58117	13
9,58183	13
9,58250	13
9,58317	13
9,58383	12
9,58450	12
9,58517	12
9,58583	12
9,58650	12
9,58717	11
9,58783	11
9,58850	11
9,58917	11
9,58983	11
9,59050	11
9,59117	11
9,59183	11
9,59250	11
9,59317	11
9,59383	11
9,59450	11
9,59517	10
9,59583	10
9,59650	10
9,59717	10
9,59783	10
9,59850	10
9,59917	11
9,59983	11
9,60050	11
9,60117	12
9,60183	12
9,60250	12
9,60317	12
9,60383	13
9,60450	13
9,60517	13
9,60583	12
9,60650	12
9,60717	12
9,60783	12
9,60850	12
9,60917	12
9,60983	12
9,61050	12
9,61117	12
9,61183	11
9,61250	11
9,61317	11
9,61383	11
9,61450	11
9,61517	11
9,61583	11
9,61650	11
9,61717	11
9,61783	11
9,61850	11
9,61917	11
9,61983	11
9,62050	11
9,62117	11
9,62183	12
9,62250	12
9,62317	12
9,62383	12
9,62450	12
9,62517	12
9,62583	13
9,62650	13
9,62717	13
9,62783	13
9,62850	13
9,62917	12
9,62983	12
9,63050	12
9,63117	12
9,63183	12
9,63250	12
9,63317	12
9,63383	12
9,63450	11
9,63517	11
9,63583	11
9,63650	11
9,63717	10
9,63783	10
9,63850	10
9,63917	9
9,63983	9
9,64050	8
9,64117	8
9,64183	8
9,64250	8
9,64317	8
9,64383	8
9,64450	8
9,64517	9
9,64583	9
9,64650	9
9,64717	9
9,64783	9
9,64850	9
9,64917	9
9,64983	9
9,65050	9
9,65117	9
9,65183	9
9,65250	9
9,65317	9
9,65383	9
9,65450	9
9,65517	9
9,65583	9
9,65650	8
9,65717	8
9,65783	8
9,65850	8
9,65917	8
9,65983	8
9,66050	8
9,66117	8
9,66183	8
9,66250	8
9,66317	8
9,66383	8
9,66450	8
9,66517	9
9,66583	9
9,66650	9
9,66717	10
9,66783	10
9,66850	10
9,66917	10
9,66983	10
9,67050	10
9,67117	11
9,67183	11
9,67250	11
9,67317	11
9,67383	11
9,67450	11
9,67517	11
9,67583	11
9,67650	11
9,67717	11
9,67783	12
9,67850	12
9,67917	12
9,67983	12
9,68050	12
9,68117	12
9,68183	12
9,68250	12
9,68317	12
9,68383	12
9,68450	12
9,68517	12
9,68583	12
9,68650	12
9,68717	12
9,68783	13
9,68850	13
9,68917	13
9,68983	13
9,69050	12
9,69117	12
9,69183	12
9,69250	12
9,69317	11
9,69383	11
9,69450	11
9,69517	11
9,69583	11
9,69650	10
9,69717	10
9,69783	10
9,69850	10
9,69917	10
9,69983	9
9,70050	9
9,70117	9
9,70183	8
9,70250	8
9,70317	8
9,70383	8
9,70450	8
9,70517	7
9,70583	7
9,70650	7
9,70717	7
9,70783	7
9,70850	7
9,70917	7
9,70983	7
9,71050	7
9,71117	7
9,71183	7
9,71250	7
9,71317	7
9,71383	7
9,71450	7
9,71517	7
9,71583	7
9,71650	7
9,71717	7
9,71783	7
9,71850	7
9,71917	7
9,71983	7
9,72050	7
9,72117	8
9,72183	8
9,72250	8
9,72317	9
9,72383	9
9,72450	9
9,72517	10
9,72583	10
9,72650	10
9,72717	10
9,72783	10
9,72850	10
9,72917	10
9,72983	10
9,73050	10
9,73117	10
9,73183	10
9,73250	10
9,73317	10
9,73383	9
9,73450	9
9,73517	9
9,73583	9
9,73650	9
9,73717	9
9,73783	9
9,73850	9
9,73917	9
9,73983	9
9,74050	9
9,74117	10
9,74183	10
9,74250	10
9,74317	10
9,74383	10
9,74450	10
9,74517	10
9,74583	10
9,74650	10
9,74717	10
9,74783	9
9,74850	10
9,74917	10
9,74983	10
9,75050	10
9,75117	10
9,75183	10
9,75250	11
9,75317	11
9,75383	11
9,75450	11
9,75517	11
9,75583	11
9,75650	10
9,75717	10
9,75783	10
9,75850	10
9,75917	10
9,75983	10
9,76050	10
9,76117	10
9,76183	10
9,76250	10
9,76317	10
9,76383	10
9,76450	10
9,76517	9
9,76583	9
9,76650	9
9,76717	9
9,76783	9
9,76850	9
9,76917	9
9,76983	9
9,77050	9
9,77117	9
9,77183	8
9,77250	8
9,77317	8
9,77383	9
9,77450	9
9,77517	9
9,77583	9
9,77650	10
9,77717	10
9,77783	10
9,77850	10
9,77917	11
9,77983	11
9,78050	12
9,78117	12
9,78183	13
9,78250	13
9,78317	13
9,78383	14
9,78450	14
9,78517	14
9,78583	14
9,78650	14
9,78717	14
9,78783	14
9,78850	14
9,78917	14
9,78983	14
9,79050	14
9,79117	14
9,79183	14
9,79250	14
9,79317	14
9,79383	14
9,79450	14
9,79517	14
9,79583	14
9,79650	14
9,79717	14
9,79783	14
9,79850	14
9,79917	14
9,79983	14
9,80050	15
9,80117	15
9,80183	15
9,80250	15
9,80317	16
9,80383	16
9,80450	16
9,80517	17
9,80583	17
9,80650	17
9,80717	17
9,80783	17
9,80850	17
9,80917	17
9,80983	16
9,81050	16
9,81117	16
9,81183	16
9,81250	16
9,81317	16
9,81383	17
9,81450	17
9,81517	17
9,81583	17
9,81650	17
9,81717	17
9,81783	17
9,81850	17
9,81917	17
9,81983	17
9,82050	17
9,82117	17
9,82183	16
9,82250	16
9,82317	16
9,82383	16
9,82450	16
9,82517	16
9,82583	16
9,82650	16
9,82717	16
9,82783	17
9,82850	17
9,82917	17
9,82983	18
9,83050	18
9,83117	18
9,83183	19
9,83250	19
9,83317	19
9,83383	19
9,83450	19
9,83517	20
9,83583	20
9,83650	20
9,83717	20
9,83783	21
9,83850	21
9,83917	21
9,83983	21
9,84050	21
9,84117	22
9,84183	22
9,84250	22
9,84317	22
9,84383	22
9,84450	22
9,84517	22
9,84583	22
9,84650	22
9,84717	22
9,84783	22
9,84850	22
9,84917	22
9,84983	22
9,85050	22
9,85117	22
9,85183	22
9,85250	21
9,85317	21
9,85383	21
9,85450	21
9,85517	20
9,85583	20
9,85650	20
9,85717	20
9,85783	19
9,85850	19
9,85917	19
9,85983	19
9,86050	19
9,86117	18
9,86183	18
9,86250	18
9,86317	17
9,86383	17
9,86450	17
9,86517	17
9,86583	17
9,86650	17
9,86717	17
9,86783	17
9,86850	17
9,86917	17
9,86983	17
9,87050	18
9,87117	18
9,87183	18
9,87250	18
9,87317	18
9,87383	18
9,87450	19
9,87517	19
9,87583	19
9,87650	19
9,87717	19
9,87783	19
9,87850	20
9,87917	20
9,87983	20
9,88050	20
9,88117	21
9,88183	21
9,88250	21
9,88317	21
9,88383	21
9,88450	21
9,88517	21
9,88583	21
9,88650	21
9,88717	21
9,88783	21
9,88850	21
9,88917	22
9,88983	22
9,89050	23
9,89117	23
9,89183	23
9,89250	23
9,89317	23
9,89383	23
9,89450	24
9,89517	24
9,89583	24
9,89650	24
9,89717	24
9,89783	24
9,89850	24
9,89917	24
9,89983	24
9,90050	25
9,90117	25
9,90183	25
9,90250	25
9,90317	25
9,90383	25
9,90450	25
9,90517	25
9,90583	25
9,90650	25
9,90717	25
9,90783	25
9,90850	24
9,90917	24
9,90983	25
9,91050	25
9,91117	25
9,91183	25
9,91250	25
9,91317	25
9,91383	25
9,91450	25
9,91517	25
9,91583	24
9,91650	24
9,91717	24
9,91783	24
9,91850	24
9,91917	24
9,91983	24
9,92050	24
9,92117	24
9,92183	24
9,92250	24
9,92317	24
9,92383	24
9,92450	24
9,92517	24
9,92583	23
9,92650	23
9,92717	23
9,92783	23
9,92850	23
9,92917	23
9,92983	23
9,93050	23
9,93117	23
9,93183	23
9,93250	23
9,93317	23
9,93383	23
9,93450	23
9,93517	23
9,93583	23
9,93650	23
9,93717	22
9,93783	22
9,93850	22
9,93917	22
9,93983	22
9,94050	22
9,94117	22
9,94183	23
9,94250	23
9,94317	23
9,94383	23
9,94450	23
9,94517	23
9,94583	23
9,94650	23
9,94717	23
9,94783	22
9,94850	22
9,94917	22
9,94983	22
9,95050	22
9,95117	21
9,95183	21
9,95250	21
9,95317	21
9,95383	20
9,95450	20
9,95517	20
9,95583	20
9,95650	20
9,95717	20
9,95783	19
9,95850	19
9,95917	19
9,95983	19
9,96050	18
9,96117	18
9,96183	18
9,96250	18
9,96317	18
9,96383	18
9,96450	17
9,96517	17
9,96583	17
9,96650	17
9,96717	17
9,96783	17
9,96850	17
9,96917	17
9,96983	17
9,97050	17
9,97117	18
9,97183	18
9,97250	18
9,97317	18
9,97383	19
9,97450	19
9,97517	19
9,97583	19
9,97650	19
9,97717	19
9,97783	19
9,97850	19
9,97917	19
9,97983	19
9,98050	19
9,98117	19
9,98183	19
9,98250	19
9,98317	20
9,98383	20
9,98450	21
9,98517	21
9,98583	21
9,98650	22
9,98717	22
9,98783	22
9,98850	23
9,98917	23
9,98983	23
9,99050	23
9,99117	23
9,99183	23
9,99250	22
9,99317	22
9,99383	22
9,99450	22
9,99517	22
9,99583	22
9,99650	22
9,99717	22
9,99783	22
9,99850	22
9,99917	22
9,99983	22
10,00050	22
10,00117	22
10,00183	22
10,00250	22
10,00317	22
10,00383	22
10,00450	22
10,00517	22
10,00583	22
10,00650	22
10,00717	22
10,00783	22
10,00850	22
10,00917	22
10,00983	22
10,01050	22
10,01117	22
10,01183	22
10,01250	22
10,01317	22
10,01383	22
10,01450	22
10,01517	22
10,01583	22
10,01650	22
10,01717	22
10,01783	22
10,01850	22
10,01917	21
10,01983	21
10,02050	21
10,02117	21
10,02183	21
10,02250	21
10,02317	21
10,02383	21
10,02450	20
10,02517	20
10,02583	21
10,02650	21
10,02717	21
10,02783	21
10,02850	21
10,02917	21
10,02983	21
10,03050	21
10,03117	21
10,03183	21
10,03250	20
10,03317	20
10,03383	20
10,03450	20
10,03517	20
10,03583	20
10,03650	20
10,03717	20
10,03783	20
10,03850	20
10,03917	20
10,03983	20
10,04050	20
10,04117	20
10,04183	20
10,04250	20
10,04317	20
10,04383	20
10,04450	20
10,04517	21
10,04583	21
10,04650	21
10,04717	21
10,04783	21
10,04850	22
10,04917	22
10,04983	22
10,05050	22
10,05117	22
10,05183	23
10,05250	23
10,05317	23
10,05383	23
10,05450	23
10,05517	22
10,05583	22
10,05650	22
10,05717	22
10,05783	22
10,05850	21
10,05917	21
10,05983	21
10,06050	21
10,06117	21
10,06183	21
10,06250	20
10,06317	20
10,06383	20
10,06450	20
10,06517	20
10,06583	20
10,06650	20
10,06717	20
10,06783	21
10,06850	21
10,06917	21
10,06983	21
10,07050	21
10,07117	21
10,07183	22
10,07250	22
10,07317	22
10,07383	22
10,07450	22
10,07517	22
10,07583	22
10,07650	22
10,07717	22
10,07783	22
10,07850	22
10,07917	22
10,07983	22
10,08050	22
10,08117	23
10,08183	23
10,08250	23
10,08317	23
10,08383	23
10,08450	23
10,08517	24
10,08583	24
10,08650	24
10,08717	25
10,08783	25
10,08850	25
10,08917	25
10,08983	25
10,09050	25
10,09117	24
10,09183	25
10,09250	25
10,09317	25
10,09383	25
10,09450	25
10,09517	25
10,09583	25
10,09650	25
10,09717	25
10,09783	25
10,09850	26
10,09917	26
10,09983	26
10,10050	26
10,10117	26
10,10183	27
10,10250	27
10,10317	27
10,10383	27
10,10450	28
10,10517	28
10,10583	28
10,10650	28
10,10717	28
10,10783	28
10,10850	28
10,10917	28
10,10983	27
10,11050	27
10,11117	27
10,11183	27
10,11250	27
10,11317	27
10,11383	27
10,11450	27
10,11517	28
10,11583	28
10,11650	28
10,11717	28
10,11783	28
10,11850	28
10,11917	28
10,11983	29
10,12050	29
10,12117	29
10,12183	29
10,12250	29
10,12317	28
10,12383	28
10,12450	28
10,12517	28
10,12583	28
10,12650	28
10,12717	28
10,12783	28
10,12850	28
10,12917	27
10,12983	27
10,13050	27
10,13117	27
10,13183	27
10,13250	27
10,13317	27
10,13383	26
10,13450	26
10,13517	26
10,13583	26
10,13650	26
10,13717	26
10,13783	25
10,13850	25
10,13917	25
10,13983	25
10,14050	24
10,14117	24
10,14183	24
10,14250	24
10,14317	24
10,14383	25
10,14450	25
10,14517	25
10,14583	25
10,14650	25
10,14717	25
10,14783	25
10,14850	25
10,14917	25
10,14983	25
10,15050	25
10,15117	25
10,15183	25
10,15250	25
10,15317	25
10,15383	25
10,15450	25
10,15517	26
10,15583	26
10,15650	26
10,15717	26
10,15783	25
10,15850	25
10,15917	25
10,15983	25
10,16050	24
10,16117	24
10,16183	23
10,16250	23
10,16317	23
10,16383	23
10,16450	22
10,16517	22
10,16583	22
10,16650	22
10,16717	22
10,16783	22
10,16850	21
10,16917	21
10,16983	21
10,17050	21
10,17117	21
10,17183	21
10,17250	20
10,17317	20
10,17383	20
10,17450	19
10,17517	19
10,17583	19
10,17650	19
10,17717	19
10,17783	19
10,17850	19
10,17917	20
10,17983	20
10,18050	20
10,18117	20
10,18183	21
10,18250	21
10,18317	21
10,18383	21
10,18450	21
10,18517	21
10,18583	21
10,18650	21
10,18717	21
10,18783	21
10,18850	21
10,18917	22
10,18983	22
10,19050	22
10,19117	22
10,19183	22
10,19250	23
10,19317	23
10,19383	23
10,19450	24
10,19517	24
10,19583	25
10,19650	26
10,19717	26
10,19783	27
10,19850	28
10,19917	28
10,19983	29
10,20050	30
10,20117	31
10,20183	32
10,20250	33
10,20317	33
10,20383	34
10,20450	35
10,20517	35
10,20583	36
10,20650	37
10,20717	37
10,20783	38
10,20850	39
10,20917	40
10,20983	41
10,21050	41
10,21117	42
10,21183	42
10,21250	43
10,21317	43
10,21383	43
10,21450	44
10,21517	44
10,21583	44
10,21650	44
10,21717	44
10,21783	44
10,21850	44
10,21917	44
10,21983	43
10,22050	43
10,22117	43
10,22183	43
10,22250	42
10,22317	42
10,22383	42
10,22450	41
10,22517	41
10,22583	40
10,22650	40
10,22717	39
10,22783	39
10,22850	38
10,22917	38
10,22983	37
10,23050	37
10,23117	36
10,23183	36
10,23250	35
10,23317	34
10,23383	33
10,23450	33
10,23517	32
10,23583	32
10,23650	31
10,23717	31
10,23783	30
10,23850	30
10,23917	29
10,23983	29
10,24050	29
10,24117	28
10,24183	28
10,24250	28
10,24317	27
10,24383	27
10,24450	27
10,24517	27
10,24583	27
10,24650	27
10,24717	26
10,24783	27
10,24850	27
10,24917	27
10,24983	27
10,25050	27
10,25117	27
10,25183	27
10,25250	26
10,25317	26
10,25383	26
10,25450	26
10,25517	26
10,25583	26
10,25650	25
10,25717	25
10,25783	25
10,25850	25
10,25917	25
10,25983	25
10,26050	26
10,26117	26
10,26183	26
10,26250	26
10,26317	27
10,26383	27
10,26450	27
10,26517	27
10,26583	27
10,26650	27
10,26717	27
10,26783	27
10,26850	26
10,26917	26
10,26983	26
10,27050	26
10,27117	26
10,27183	25
10,27250	25
10,27317	25
10,27383	25
10,27450	25
10,27517	25
10,27583	25
10,27650	25
10,27717	25
10,27783	25
10,27850	25
10,27917	25
10,27983	25
10,28050	25
10,28117	25
10,28183	25
10,28250	25
10,28317	25
10,28383	25
10,28450	25
10,28517	25
10,28583	25
10,28650	25
10,28717	25
10,28783	25
10,28850	25
10,28917	25
10,28983	25
10,29050	25
10,29117	25
10,29183	25
10,29250	25
10,29317	25
10,29383	25
10,29450	25
10,29517	25
10,29583	25
10,29650	25
10,29717	25
10,29783	25
10,29850	25
10,29917	25
10,29983	25
10,30050	26
10,30117	26
10,30183	26
10,30250	27
10,30317	27
10,30383	27
10,30450	27
10,30517	27
10,30583	28
10,30650	28
10,30717	28
10,30783	29
10,30850	29
10,30917	29
10,30983	28
10,31050	28
10,31117	28
10,31183	28
10,31250	28
10,31317	28
10,31383	28
10,31450	29
10,31517	29
10,31583	29
10,31650	29
10,31717	29
10,31783	29
10,31850	29
10,31917	29
10,31983	29
10,32050	29
10,32117	28
10,32183	28
10,32250	28
10,32317	28
10,32383	27
10,32450	27
10,32517	27
10,32583	27
10,32650	27
10,32717	27
10,32783	27
10,32850	27
10,32917	26
10,32983	26
10,33050	26
10,33117	26
10,33183	26
10,33250	25
10,33317	25
10,33383	25
10,33450	25
10,33517	25
10,33583	24
10,33650	24
10,33717	24
10,33783	24
10,33850	24
10,33917	24
10,33983	24
10,34050	24
10,34117	24
10,34183	24
10,34250	23
10,34317	23
10,34383	23
10,34450	23
10,34517	23
10,34583	23
10,34650	24
10,34717	24
10,34783	24
10,34850	24
10,34917	24
10,34983	24
10,35050	24
10,35117	24
10,35183	24
10,35250	24
10,35317	24
10,35383	24
10,35450	24
10,35517	24
10,35583	24
10,35650	24
10,35717	24
10,35783	24
10,35850	24
10,35917	24
10,35983	24
10,36050	24
10,36117	24
10,36183	24
10,36250	24
10,36317	24
10,36383	24
10,36450	24
10,36517	24
10,36583	24
10,36650	24
10,36717	24
10,36783	24
10,36850	23
10,36917	23
10,36983	23
10,37050	23
10,37117	23
10,37183	23
10,37250	23
10,37317	23
10,37383	23
10,37450	22
10,37517	22
10,37583	22
10,37650	21
10,37717	21
10,37783	21
10,37850	20
10,37917	20
10,37983	20
10,38050	21
10,38117	21
10,38183	21
10,38250	21
10,38317	21
10,38383	22
10,38450	22
10,38517	22
10,38583	22
10,38650	22
10,38717	22
10,38783	22
10,38850	22
10,38917	22
10,38983	22
10,39050	23
10,39117	23
10,39183	23
10,39250	23
10,39317	23
10,39383	23
10,39450	23
10,39517	23
10,39583	23
10,39650	23
10,39717	23
10,39783	22
10,39850	22
10,39917	22
10,39983	23
10,40050	23
10,40117	23
10,40183	23
10,40250	23
10,40317	24
10,40383	24
10,40450	24
10,40517	25
10,40583	25
10,40650	25
10,40717	25
10,40783	25
10,40850	25
10,40917	25
10,40983	25
10,41050	25
10,41117	26
10,41183	26
10,41250	26
10,41317	26
10,41383	26
10,41450	26
10,41517	26
10,41583	26
10,41650	27
10,41717	27
10,41783	27
10,41850	27
10,41917	27
10,41983	27
10,42050	28
10,42117	28
10,42183	28
10,42250	28
10,42317	28
10,42383	28
10,42450	28
10,42517	28
10,42583	28
10,42650	28
10,42717	28
10,42783	28
10,42850	28
10,42917	28
10,42983	28
10,43050	28
10,43117	28
10,43183	28
10,43250	28
10,43317	28
10,43383	28
10,43450	28
10,43517	28
10,43583	28
10,43650	28
10,43717	28
10,43783	28
10,43850	28
10,43917	27
10,43983	27
10,44050	27
10,44117	27
10,44183	27
10,44250	27
10,44317	27
10,44383	27
10,44450	27
10,44517	27
10,44583	27
10,44650	27
10,44717	27
10,44783	27
10,44850	27
10,44917	26
10,44983	26
10,45050	26
10,45117	26
10,45183	26
10,45250	26
10,45317	26
10,45383	26
10,45450	27
10,45517	27
10,45583	27
10,45650	27
10,45717	28
10,45783	28
10,45850	28
10,45917	28
10,45983	29
10,46050	29
10,46117	29
10,46183	29
10,46250	29
10,46317	29
10,46383	29
10,46450	29
10,46517	29
10,46583	29
10,46650	29
10,46717	29
10,46783	29
10,46850	29
10,46917	29
10,46983	28
10,47050	28
10,47117	28
10,47183	28
10,47250	28
10,47317	28
10,47383	28
10,47450	29
10,47517	29
10,47583	29
10,47650	29
10,47717	29
10,47783	29
10,47850	29
10,47917	29
10,47983	29
10,48050	30
10,48117	30
10,48183	30
10,48250	30
10,48317	30
10,48383	30
10,48450	31
10,48517	31
10,48583	31
10,48650	31
10,48717	31
10,48783	31
10,48850	31
10,48917	31
10,48983	31
10,49050	31
10,49117	31
10,49183	31
10,49250	31
10,49317	31
10,49383	31
10,49450	31
10,49517	31
10,49583	31
10,49650	31
10,49717	32
10,49783	32
10,49850	32
10,49917	31
10,49983	31
10,50050	31
10,50117	31
10,50183	30
10,50250	30
10,50317	30
10,50383	30
10,50450	30
10,50517	29
10,50583	29
10,50650	29
10,50717	29
10,50783	29
10,50850	29
10,50917	29
10,50983	29
10,51050	29
10,51117	29
10,51183	30
10,51250	30
10,51317	30
10,51383	30
10,51450	30
10,51517	30
10,51583	30
10,51650	30
10,51717	30
10,51783	30
10,51850	30
10,51917	30
10,51983	30
10,52050	29
10,52117	29
10,52183	29
10,52250	29
10,52317	29
10,52383	29
10,52450	29
10,52517	29
10,52583	29
10,52650	29
10,52717	29
10,52783	29
10,52850	29
10,52917	29
10,52983	29
10,53050	29
10,53117	29
10,53183	29
10,53250	29
10,53317	29
10,53383	29
10,53450	29
10,53517	29
10,53583	29
10,53650	29
10,53717	29
10,53783	29
10,53850	29
10,53917	29
10,53983	29
10,54050	29
10,54117	28
10,54183	28
10,54250	28
10,54317	28
10,54383	28
10,54450	28
10,54517	28
10,54583	28
10,54650	28
10,54717	28
10,54783	28
10,54850	28
10,54917	29
10,54983	29
10,55050	29
10,55117	29
10,55183	29
10,55250	29
10,55317	30
10,55383	30
10,55450	29
10,55517	29
10,55583	29
10,55650	29
10,55717	29
10,55783	28
10,55850	28
10,55917	28
10,55983	28
10,56050	28
10,56117	28
10,56183	28
10,56250	28
10,56317	28
10,56383	28
10,56450	28
10,56517	28
10,56583	29
10,56650	29
10,56717	29
10,56783	29
10,56850	29
10,56917	29
10,56983	29
10,57050	29
10,57117	30
10,57183	30
10,57250	30
10,57317	30
10,57383	30
10,57450	30
10,57517	30
10,57583	30
10,57650	30
10,57717	30
10,57783	30
10,57850	30
10,57917	30
10,57983	30
10,58050	30
10,58117	30
10,58183	30
10,58250	30
10,58317	31
10,58383	31
10,58450	31
10,58517	31
10,58583	31
10,58650	32
10,58717	32
10,58783	32
10,58850	33
10,58917	33
10,58983	34
10,59050	34
10,59117	34
10,59183	35
10,59250	35
10,59317	36
10,59383	36
10,59450	36
10,59517	37
10,59583	37
10,59650	37
10,59717	37
10,59783	37
10,59850	37
10,59917	37
10,59983	37
10,60050	37
10,60117	38
10,60183	38
10,60250	38
10,60317	38
10,60383	38
10,60450	38
10,60517	38
10,60583	38
10,60650	39
10,60717	39
10,60783	38
10,60850	38
10,60917	38
10,60983	38
10,61050	38
10,61117	38
10,61183	38
10,61250	38
10,61317	38
10,61383	39
10,61450	39
10,61517	40
10,61583	40
10,61650	41
10,61717	42
10,61783	42
10,61850	42
10,61917	43
10,61983	43
10,62050	43
10,62117	44
10,62183	44
10,62250	44
10,62317	44
10,62383	44
10,62450	45
10,62517	45
10,62583	45
10,62650	45
10,62717	46
10,62783	46
10,62850	46
10,62917	46
10,62983	47
10,63050	47
10,63117	47
10,63183	47
10,63250	48
10,63317	48
10,63383	48
10,63450	48
10,63517	48
10,63583	48
10,63650	48
10,63717	48
10,63783	48
10,63850	48
10,63917	49
10,63983	49
10,64050	49
10,64117	49
10,64183	50
10,64250	50
10,64317	50
10,64383	51
10,64450	51
10,64517	52
10,64583	52
10,64650	52
10,64717	53
10,64783	53
10,64850	53
10,64917	53
10,64983	53
10,65050	52
10,65117	52
10,65183	52
10,65250	51
10,65317	51
10,65383	51
10,65450	50
10,65517	50
10,65583	50
10,65650	49
10,65717	48
10,65783	48
10,65850	47
10,65917	47
10,65983	46
10,66050	46
10,66117	45
10,66183	45
10,66250	44
10,66317	44
10,66383	44
10,66450	44
10,66517	44
10,66583	44
10,66650	44
10,66717	44
10,66783	44
10,66850	44
10,66917	44
10,66983	44
10,67050	44
10,67117	44
10,67183	45
10,67250	45
10,67317	45
10,67383	45
10,67450	45
10,67517	45
10,67583	45
10,67650	45
10,67717	45
10,67783	45
10,67850	45
10,67917	45
10,67983	45
10,68050	46
10,68117	46
10,68183	46
10,68250	46
10,68317	45
10,68383	45
10,68450	45
10,68517	45
10,68583	45
10,68650	45
10,68717	45
10,68783	45
10,68850	44
10,68917	44
10,68983	44
10,69050	44
10,69117	44
10,69183	44
10,69250	44
10,69317	44
10,69383	44
10,69450	43
10,69517	43
10,69583	43
10,69650	43
10,69717	43
10,69783	43
10,69850	42
10,69917	42
10,69983	42
10,70050	41
10,70117	41
10,70183	41
10,70250	41
10,70317	40
10,70383	40
10,70450	40
10,70517	39
10,70583	39
10,70650	39
10,70717	39
10,70783	39
10,70850	39
10,70917	39
10,70983	39
10,71050	39
10,71117	39
10,71183	39
10,71250	39
10,71317	39
10,71383	39
10,71450	39
10,71517	39
10,71583	39
10,71650	39
10,71717	39
10,71783	39
10,71850	39
10,71917	40
10,71983	40
10,72050	40
10,72117	40
10,72183	41
10,72250	41
10,72317	41
10,72383	41
10,72450	42
10,72517	42
10,72583	42
10,72650	43
10,72717	43
10,72783	43
10,72850	43
10,72917	44
10,72983	44
10,73050	44
10,73117	44
10,73183	44
10,73250	44
10,73317	44
10,73383	44
10,73450	44
10,73517	44
10,73583	44
10,73650	44
10,73717	44
10,73783	44
10,73850	44
10,73917	44
10,73983	44
10,74050	44
10,74117	44
10,74183	44
10,74250	44
10,74317	44
10,74383	44
10,74450	44
10,74517	44
10,74583	44
10,74650	44
10,74717	44
10,74783	44
10,74850	44
10,74917	44
10,74983	44
10,75050	44
10,75117	44
10,75183	44
10,75250	44
10,75317	44
10,75383	44
10,75450	44
10,75517	44
10,75583	44
10,75650	44
10,75717	44
10,75783	44
10,75850	44
10,75917	43
10,75983	43
10,76050	43
10,76117	43
10,76183	42
10,76250	42
10,76317	42
10,76383	42
10,76450	42
10,76517	42
10,76583	42
10,76650	42
10,76717	42
10,76783	41
10,76850	41
10,76917	41
10,76983	40
10,77050	40
10,77117	40
10,77183	39
10,77250	39
10,77317	39
10,77383	39
10,77450	39
10,77517	39
10,77583	39
10,77650	39
10,77717	39
10,77783	39
10,77850	39
10,77917	39
10,77983	39
10,78050	38
10,78117	38
10,78183	38
10,78250	37
10,78317	37
10,78383	37
10,78450	37
10,78517	37
10,78583	37
10,78650	37
10,78717	36
10,78783	37
10,78850	37
10,78917	37
10,78983	37
10,79050	37
10,79117	37
10,79183	37
10,79250	37
10,79317	37
10,79383	37
10,79450	37
10,79517	37
10,79583	37
10,79650	37
10,79717	38
10,79783	38
10,79850	38
10,79917	38
10,79983	38
10,80050	38
10,80117	37
10,80183	37
10,80250	37
10,80317	37
10,80383	36
10,80450	36
10,80517	36
10,80583	36
10,80650	36
10,80717	36
10,80783	36
10,80850	36
10,80917	36
10,80983	36
10,81050	36
10,81117	36
10,81183	36
10,81250	36
10,81317	36
10,81383	36
10,81450	36
10,81517	36
10,81583	36
10,81650	36
10,81717	36
10,81783	36
10,81850	35
10,81917	35
10,81983	35
10,82050	35
10,82117	35
10,82183	34
10,82250	34
10,82317	34
10,82383	34
10,82450	34
10,82517	34
10,82583	34
10,82650	34
10,82717	35
10,82783	35
10,82850	35
10,82917	35
10,82983	35
10,83050	35
10,83117	36
10,83183	36
10,83250	36
10,83317	36
10,83383	36
10,83450	36
10,83517	36
10,83583	36
10,83650	37
10,83717	37
10,83783	37
10,83850	37
10,83917	37
10,83983	37
10,84050	37
10,84117	37
10,84183	37
10,84250	37
10,84317	37
10,84383	37
10,84450	37
10,84517	36
10,84583	36
10,84650	36
10,84717	36
10,84783	36
10,84850	36
10,84917	37
10,84983	37
10,85050	37
10,85117	37
10,85183	37
10,85250	37
10,85317	37
10,85383	37
10,85450	37
10,85517	37
10,85583	37
10,85650	37
10,85717	37
10,85783	37
10,85850	36
10,85917	36
10,85983	36
10,86050	36
10,86117	36
10,86183	36
10,86250	36
10,86317	36
10,86383	36
10,86450	36
10,86517	36
10,86583	36
10,86650	36
10,86717	36
10,86783	36
10,86850	36
10,86917	36
10,86983	36
10,87050	36
10,87117	36
10,87183	36
10,87250	37
10,87317	37
10,87383	37
10,87450	37
10,87517	37
10,87583	38
10,87650	38
10,87717	38
10,87783	38
10,87850	38
10,87917	37
10,87983	37
10,88050	37
10,88117	37
10,88183	37
10,88250	37
10,88317	36
10,88383	36
10,88450	36
10,88517	36
10,88583	36
10,88650	36
10,88717	35
10,88783	35
10,88850	35
10,88917	35
10,88983	35
10,89050	35
10,89117	34
10,89183	34
10,89250	34
10,89317	34
10,89383	34
10,89450	34
10,89517	33
10,89583	33
10,89650	33
10,89717	33
10,89783	33
10,89850	33
10,89917	33
10,89983	33
10,90050	34
10,90117	34
10,90183	34
10,90250	34
10,90317	35
10,90383	35
10,90450	35
10,90517	35
10,90583	35
10,90650	35
10,90717	35
10,90783	35
10,90850	35
10,90917	35
10,90983	35
10,91050	34
10,91117	34
10,91183	34
10,91250	34
10,91317	34
10,91383	34
10,91450	34
10,91517	33
10,91583	33
10,91650	33
10,91717	33
10,91783	33
10,91850	33
10,91917	33
10,91983	33
10,92050	34
10,92117	34
10,92183	34
10,92250	34
10,92317	34
10,92383	34
10,92450	34
10,92517	34
10,92583	34
10,92650	34
10,92717	34
10,92783	34
10,92850	34
10,92917	35
10,92983	35
10,93050	35
10,93117	35
10,93183	35
10,93250	35
10,93317	35
10,93383	35
10,93450	36
10,93517	36
10,93583	36
10,93650	36
10,93717	36
10,93783	36
10,93850	36
10,93917	36
10,93983	36
10,94050	36
10,94117	36
10,94183	36
10,94250	36
10,94317	36
10,94383	37
10,94450	37
10,94517	37
10,94583	37
10,94650	38
10,94717	38
10,94783	38
10,94850	38
10,94917	38
10,94983	38
10,95050	38
10,95117	38
10,95183	38
10,95250	38
10,95317	38
10,95383	37
10,95450	37
10,95517	37
10,95583	37
10,95650	37
10,95717	37
10,95783	37
10,95850	38
10,95917	38
10,95983	38
10,96050	38
10,96117	38
10,96183	38
10,96250	38
10,96317	38
10,96383	38
10,96450	38
10,96517	38
10,96583	39
10,96650	39
10,96717	39
10,96783	39
10,96850	39
10,96917	39
10,96983	39
10,97050	40
10,97117	40
10,97183	40
10,97250	40
10,97317	40
10,97383	41
10,97450	40
10,97517	40
10,97583	40
10,97650	40
10,97717	40
10,97783	40
10,97850	39
10,97917	39
10,97983	39
10,98050	39
10,98117	39
10,98183	38
10,98250	38
10,98317	38
10,98383	38
10,98450	38
10,98517	38
10,98583	38
10,98650	38
10,98717	37
10,98783	37
10,98850	37
10,98917	37
10,98983	37
10,99050	37
10,99117	37
10,99183	37
10,99250	37
10,99317	37
10,99383	37
10,99450	37
10,99517	37
10,99583	37
10,99650	36
10,99717	36
10,99783	36
10,99850	36
10,99917	36
10,99983	36
11,00050	36
11,00117	36
11,00183	36
11,00250	36
11,00317	36
11,00383	36
11,00450	35
11,00517	35
11,00583	35
11,00650	35
11,00717	35
11,00783	35
11,00850	35
11,00917	35
11,00983	35
11,01050	35
11,01117	36
11,01183	36
11,01250	36
11,01317	37
11,01383	37
11,01450	37
11,01517	37
11,01583	37
11,01650	37
11,01717	37
11,01783	37
11,01850	38
11,01917	38
11,01983	38
11,02050	38
11,02117	38
11,02183	38
11,02250	38
11,02317	38
11,02383	38
11,02450	38
11,02517	38
11,02583	38
11,02650	37
11,02717	37
11,02783	37
11,02850	37
11,02917	36
11,02983	36
11,03050	36
11,03117	37
11,03183	37
11,03250	37
11,03317	37
11,03383	37
11,03450	38
11,03517	38
11,03583	38
11,03650	38
11,03717	38
11,03783	38
11,03850	38
11,03917	38
11,03983	38
11,04050	38
11,04117	38
11,04183	38
11,04250	38
11,04317	38
11,04383	38
11,04450	39
11,04517	39
11,04583	39
11,04650	39
11,04717	39
11,04783	39
11,04850	39
11,04917	39
11,04983	40
11,05050	40
11,05117	40
11,05183	40
11,05250	40
11,05317	40
11,05383	40
11,05450	39
11,05517	39
11,05583	39
11,05650	39
11,05717	39
11,05783	39
11,05850	39
11,05917	39
11,05983	39
11,06050	39
11,06117	39
11,06183	39
11,06250	39
11,06317	39
11,06383	38
11,06450	38
11,06517	38
11,06583	38
11,06650	38
11,06717	38
11,06783	37
11,06850	37
11,06917	37
11,06983	37
11,07050	36
11,07117	36
11,07183	36
11,07250	36
11,07317	36
11,07383	36
11,07450	37
11,07517	37
11,07583	37
11,07650	38
11,07717	38
11,07783	39
11,07850	39
11,07917	39
11,07983	40
11,08050	40
11,08117	40
11,08183	40
11,08250	41
11,08317	41
11,08383	41
11,08450	42
11,08517	42
11,08583	42
11,08650	42
11,08717	43
11,08783	43
11,08850	44
11,08917	44
11,08983	44
11,09050	45
11,09117	45
11,09183	45
11,09250	46
11,09317	46
11,09383	46
11,09450	46
11,09517	47
11,09583	47
11,09650	47
11,09717	47
11,09783	47
11,09850	47
11,09917	47
11,09983	47
11,10050	47
11,10117	48
11,10183	48
11,10250	48
11,10317	48
11,10383	48
11,10450	49
11,10517	49
11,10583	49
11,10650	49
11,10717	49
11,10783	49
11,10850	50
11,10917	50
11,10983	50
11,11050	50
11,11117	50
11,11183	50
11,11250	50
11,11317	50
11,11383	50
11,11450	51
11,11517	51
11,11583	51
11,11650	51
11,11717	51
11,11783	51
11,11850	51
11,11917	51
11,11983	51
11,12050	51
11,12117	51
11,12183	51
11,12250	51
11,12317	51
11,12383	51
11,12450	51
11,12517	51
11,12583	51
11,12650	51
11,12717	51
11,12783	51
11,12850	51
11,12917	51
11,12983	51
11,13050	51
11,13117	51
11,13183	51
11,13250	51
11,13317	51
11,13383	52
11,13450	52
11,13517	52
11,13583	52
11,13650	53
11,13717	53
11,13783	53
11,13850	54
11,13917	55
11,13983	55
11,14050	56
11,14117	56
11,14183	57
11,14250	58
11,14317	58
11,14383	59
11,14450	59
11,14517	60
11,14583	61
11,14650	61
11,14717	62
11,14783	62
11,14850	63
11,14917	64
11,14983	64
11,15050	65
11,15117	65
11,15183	65
11,15250	66
11,15317	66
11,15383	66
11,15450	65
11,15517	65
11,15583	65
11,15650	65
11,15717	64
11,15783	64
11,15850	64
11,15917	64
11,15983	64
11,16050	64
11,16117	64
11,16183	64
11,16250	64
11,16317	64
11,16383	64
11,16450	64
11,16517	64
11,16583	64
11,16650	64
11,16717	65
11,16783	65
11,16850	66
11,16917	66
11,16983	66
11,17050	67
11,17117	67
11,17183	67
11,17250	67
11,17317	67
11,17383	67
11,17450	67
11,17517	67
11,17583	67
11,17650	67
11,17717	67
11,17783	67
11,17850	67
11,17917	67
11,17983	67
11,18050	67
11,18117	68
11,18183	68
11,18250	68
11,18317	68
11,18383	68
11,18450	68
11,18517	68
11,18583	68
11,18650	68
11,18717	68
11,18783	68
11,18850	68
11,18917	68
11,18983	68
11,19050	69
11,19117	69
11,19183	69
11,19250	69
11,19317	70
11,19383	70
11,19450	70
11,19517	70
11,19583	71
11,19650	71
11,19717	71
11,19783	71
11,19850	71
11,19917	72
11,19983	72
11,20050	72
11,20117	73
11,20183	74
11,20250	74
11,20317	75
11,20383	75
11,20450	76
11,20517	76
11,20583	77
11,20650	77
11,20717	78
11,20783	78
11,20850	79
11,20917	80
11,20983	80
11,21050	81
11,21117	82
11,21183	83
11,21250	84
11,21317	84
11,21383	85
11,21450	86
11,21517	87
11,21583	88
11,21650	88
11,21717	89
11,21783	89
11,21850	90
11,21917	90
11,21983	91
11,22050	91
11,22117	92
11,22183	92
11,22250	92
11,22317	93
11,22383	93
11,22450	94
11,22517	94
11,22583	95
11,22650	95
11,22717	96
11,22783	96
11,22850	97
11,22917	97
11,22983	98
11,23050	98
11,23117	98
11,23183	99
11,23250	99
11,23317	99
11,23383	99
11,23450	99
11,23517	99
11,23583	99
11,23650	99
11,23717	99
11,23783	99
11,23850	98
11,23917	98
11,23983	98
11,24050	98
11,24117	98
11,24183	97
11,24250	97
11,24317	97
11,24383	97
11,24450	97
11,24517	97
11,24583	96
11,24650	96
11,24717	96
11,24783	96
11,24850	96
11,24917	96
11,24983	95
11,25050	95
11,25117	95
11,25183	95
11,25250	94
11,25317	94
11,25383	94
11,25450	94
11,25517	94
11,25583	94
11,25650	94
11,25717	94
11,25783	93
11,25850	93
11,25917	93
11,25983	92
11,26050	92
11,26117	91
11,26183	91
11,26250	90
11,26317	90
11,26383	89
11,26450	89
11,26517	89
11,26583	88
11,26650	88
11,26717	88
11,26783	87
11,26850	87
11,26917	87
11,26983	86
11,27050	86
11,27117	85
11,27183	85
11,27250	84
11,27317	84
11,27383	83
11,27450	83
11,27517	83
11,27583	82
11,27650	82
11,27717	82
11,27783	81
11,27850	81
11,27917	81
11,27983	80
11,28050	80
11,28117	80
11,28183	80
11,28250	79
11,28317	79
11,28383	79
11,28450	79
11,28517	79
11,28583	79
11,28650	79
11,28717	79
11,28783	79
11,28850	79
11,28917	78
11,28983	78
11,29050	78
11,29117	79
11,29183	79
11,29250	79
11,29317	79
11,29383	80
11,29450	80
11,29517	81
11,29583	82
11,29650	82
11,29717	83
11,29783	83
11,29850	84
11,29917	85
11,29983	85
11,30050	86
11,30117	86
11,30183	86
11,30250	87
11,30317	87
11,30383	87
11,30450	87
11,30517	87
11,30583	87
11,30650	88
11,30717	88
11,30783	87
11,30850	87
11,30917	87
11,30983	87
11,31050	87
11,31117	87
11,31183	87
11,31250	87
11,31317	87
11,31383	87
11,31450	87
11,31517	87
11,31583	87
11,31650	87
11,31717	88
11,31783	88
11,31850	88
11,31917	88
11,31983	88
11,32050	88
11,32117	88
11,32183	88
11,32250	88
11,32317	88
11,32383	87
11,32450	87
11,32517	86
11,32583	86
11,32650	86
11,32717	85
11,32783	85
11,32850	84
11,32917	84
11,32983	84
11,33050	83
11,33117	83
11,33183	82
11,33250	82
11,33317	81
11,33383	81
11,33450	81
11,33517	80
11,33583	80
11,33650	79
11,33717	79
11,33783	78
11,33850	77
11,33917	77
11,33983	76
11,34050	76
11,34117	76
11,34183	75
11,34250	75
11,34317	74
11,34383	74
11,34450	73
11,34517	73
11,34583	73
11,34650	72
11,34717	72
11,34783	71
11,34850	71
11,34917	71
11,34983	71
11,35050	71
11,35117	71
11,35183	71
11,35250	71
11,35317	71
11,35383	71
11,35450	71
11,35517	71
11,35583	71
11,35650	71
11,35717	71
11,35783	71
11,35850	71
11,35917	72
11,35983	72
11,36050	73
11,36117	73
11,36183	74
11,36250	75
11,36317	75
11,36383	75
11,36450	76
11,36517	76
11,36583	76
11,36650	76
11,36717	77
11,36783	77
11,36850	78
11,36917	78
11,36983	78
11,37050	79
11,37117	79
11,37183	79
11,37250	79
11,37317	79
11,37383	79
11,37450	79
11,37517	79
11,37583	79
11,37650	79
11,37717	79
11,37783	79
11,37850	79
11,37917	79
11,37983	79
11,38050	79
11,38117	79
11,38183	78
11,38250	78
11,38317	78
11,38383	78
11,38450	78
11,38517	78
11,38583	78
11,38650	78
11,38717	78
11,38783	78
11,38850	78
11,38917	78
11,38983	78
11,39050	78
11,39117	78
11,39183	78
11,39250	77
11,39317	77
11,39383	77
11,39450	77
11,39517	77
11,39583	77
11,39650	77
11,39717	77
11,39783	77
11,39850	77
11,39917	77
11,39983	77
11,40050	77
11,40117	77
11,40183	77
11,40250	77
11,40317	77
11,40383	77
11,40450	77
11,40517	77
11,40583	77
11,40650	77
11,40717	77
11,40783	77
11,40850	77
11,40917	77
11,40983	76
11,41050	76
11,41117	76
11,41183	76
11,41250	75
11,41317	75
11,41383	75
11,41450	75
11,41517	75
11,41583	75
11,41650	75
11,41717	75
11,41783	75
11,41850	75
11,41917	74
11,41983	74
11,42050	74
11,42117	74
11,42183	74
11,42250	74
11,42317	73
11,42383	73
11,42450	73
11,42517	73
11,42583	72
11,42650	72
11,42717	71
11,42783	71
11,42850	71
11,42917	70
11,42983	70
11,43050	70
11,43117	69
11,43183	69
11,43250	69
11,43317	69
11,43383	68
11,43450	68
11,43517	68
11,43583	68
11,43650	68
11,43717	68
11,43783	69
11,43850	69
11,43917	69
11,43983	69
11,44050	68
11,44117	68
11,44183	68
11,44250	68
11,44317	68
11,44383	68
11,44450	68
11,44517	68
11,44583	68
11,44650	68
11,44717	68
11,44783	68
11,44850	68
11,44917	68
11,44983	68
11,45050	69
11,45117	69
11,45183	69
11,45250	69
11,45317	70
11,45383	70
11,45450	69
11,45517	69
11,45583	69
11,45650	69
11,45717	69
11,45783	69
11,45850	69
11,45917	69
11,45983	69
11,46050	69
11,46117	69
11,46183	69
11,46250	69
11,46317	69
11,46383	68
11,46450	68
11,46517	68
11,46583	68
11,46650	68
11,46717	68
11,46783	68
11,46850	67
11,46917	67
11,46983	67
11,47050	67
11,47117	66
11,47183	66
11,47250	66
11,47317	66
11,47383	66
11,47450	66
11,47517	66
11,47583	66
11,47650	66
11,47717	66
11,47783	66
11,47850	67
11,47917	67
11,47983	67
11,48050	67
11,48117	67
11,48183	67
11,48250	67
11,48317	67
11,48383	67
11,48450	67
11,48517	67
11,48583	67
11,48650	67
11,48717	67
11,48783	68
11,48850	68
11,48917	68
11,48983	68
11,49050	68
11,49117	68
11,49183	69
11,49250	69
11,49317	69
11,49383	69
11,49450	69
11,49517	69
11,49583	70
11,49650	70
11,49717	70
11,49783	70
11,49850	70
11,49917	70
11,49983	70
11,50050	71
11,50117	71
11,50183	71
11,50250	71
11,50317	70
11,50383	70
11,50450	70
11,50517	69
11,50583	69
11,50650	69
11,50717	68
11,50783	68
11,50850	67
11,50917	67
11,50983	67
11,51050	67
11,51117	67
11,51183	67
11,51250	67
11,51317	67
11,51383	67
11,51450	67
11,51517	67
11,51583	67
11,51650	67
11,51717	67
11,51783	67
11,51850	67
11,51917	66
11,51983	66
11,52050	66
11,52117	65
11,52183	65
11,52250	65
11,52317	64
11,52383	64
11,52450	64
11,52517	64
11,52583	64
11,52650	64
11,52717	63
11,52783	63
11,52850	63
11,52917	63
11,52983	63
11,53050	63
11,53117	63
11,53183	63
11,53250	63
11,53317	63
11,53383	63
11,53450	63
11,53517	63
11,53583	63
11,53650	63
11,53717	63
11,53783	63
11,53850	63
11,53917	63
11,53983	62
11,54050	62
11,54117	62
11,54183	62
11,54250	61
11,54317	61
11,54383	61
11,54450	61
11,54517	61
11,54583	61
11,54650	61
11,54717	60
11,54783	60
11,54850	60
11,54917	60
11,54983	60
11,55050	59
11,55117	59
11,55183	59
11,55250	59
11,55317	59
11,55383	60
11,55450	60
11,55517	60
11,55583	60
11,55650	60
11,55717	60
11,55783	60
11,55850	60
11,55917	59
11,55983	59
11,56050	59
11,56117	60
11,56183	60
11,56250	60
11,56317	60
11,56383	60
11,56450	60
11,56517	60
11,56583	59
11,56650	59
11,56717	59
11,56783	59
11,56850	58
11,56917	58
11,56983	57
11,57050	57
11,57117	57
11,57183	57
11,57250	57
11,57317	57
11,57383	57
11,57450	58
11,57517	58
11,57583	58
11,57650	58
11,57717	58
11,57783	58
11,57850	58
11,57917	58
11,57983	59
11,58050	59
11,58117	59
11,58183	59
11,58250	59
11,58317	60
11,58383	60
11,58450	61
11,58517	62
11,58583	62
11,58650	63
11,58717	63
11,58783	63
11,58850	64
11,58917	65
11,58983	65
11,59050	66
11,59117	66
11,59183	67
11,59250	67
11,59317	68
11,59383	68
11,59450	69
11,59517	70
11,59583	70
11,59650	71
11,59717	71
11,59783	71
11,59850	72
11,59917	72
11,59983	72
11,60050	73
11,60117	73
11,60183	73
11,60250	74
11,60317	74
11,60383	74
11,60450	74
11,60517	74
11,60583	74
11,60650	74
11,60717	74
11,60783	74
11,60850	74
11,60917	74
11,60983	74
11,61050	74
11,61117	74
11,61183	74
11,61250	74
11,61317	74
11,61383	74
11,61450	74
11,61517	75
11,61583	75
11,61650	75
11,61717	75
11,61783	75
11,61850	75
11,61917	75
11,61983	75
11,62050	75
11,62117	74
11,62183	74
11,62250	73
11,62317	73
11,62383	72
11,62450	72
11,62517	72
11,62583	71
11,62650	71
11,62717	71
11,62783	70
11,62850	70
11,62917	70
11,62983	70
11,63050	70
11,63117	70
11,63183	70
11,63250	70
11,63317	69
11,63383	69
11,63450	69
11,63517	69
11,63583	68
11,63650	68
11,63717	68
11,63783	68
11,63850	68
11,63917	68
11,63983	68
11,64050	68
11,64117	67
11,64183	67
11,64250	67
11,64317	67
11,64383	67
11,64450	66
11,64517	66
11,64583	66
11,64650	66
11,64717	65
11,64783	65
11,64850	65
11,64917	65
11,64983	65
11,65050	65
11,65117	65
11,65183	65
11,65250	65
11,65317	65
11,65383	65
11,65450	64
11,65517	64
11,65583	64
11,65650	64
11,65717	64
11,65783	64
11,65850	64
11,65917	64
11,65983	64
11,66050	64
11,66117	64
11,66183	64
11,66250	64
11,66317	64
11,66383	65
11,66450	65
11,66517	65
11,66583	65
11,66650	65
11,66717	65
11,66783	65
11,66850	65
11,66917	66
11,66983	66
11,67050	66
11,67117	67
11,67183	67
11,67250	68
11,67317	68
11,67383	68
11,67450	69
11,67517	69
11,67583	69
11,67650	69
11,67717	69
11,67783	69
11,67850	69
11,67917	69
11,67983	69
11,68050	69
11,68117	70
11,68183	70
11,68250	70
11,68317	70
11,68383	70
11,68450	71
11,68517	71
11,68583	71
11,68650	71
11,68717	71
11,68783	71
11,68850	71
11,68917	71
11,68983	71
11,69050	71
11,69117	71
11,69183	71
11,69250	71
11,69317	71
11,69383	71
11,69450	71
11,69517	71
11,69583	71
11,69650	71
11,69717	71
11,69783	70
11,69850	70
11,69917	70
11,69983	70
11,70050	69
11,70117	69
11,70183	69
11,70250	69
11,70317	69
11,70383	69
11,70450	69
11,70517	69
11,70583	69
11,70650	70
11,70717	70
11,70783	70
11,70850	70
11,70917	71
11,70983	71
11,71050	71
11,71117	72
11,71183	72
11,71250	72
11,71317	72
11,71383	72
11,71450	72
11,71517	72
11,71583	72
11,71650	72
11,71717	72
11,71783	71
11,71850	71
11,71917	71
11,71983	70
11,72050	70
11,72117	69
11,72183	69
11,72250	69
11,72317	68
11,72383	68
11,72450	68
11,72517	68
11,72583	67
11,72650	68
11,72717	68
11,72783	67
11,72850	67
11,72917	67
11,72983	67
11,73050	67
11,73117	67
11,73183	67
11,73250	67
11,73317	67
11,73383	67
11,73450	67
11,73517	67
11,73583	67
11,73650	67
11,73717	67
11,73783	67
11,73850	67
11,73917	67
11,73983	67
11,74050	66
11,74117	66
11,74183	66
11,74250	66
11,74317	65
11,74383	65
11,74450	65
11,74517	65
11,74583	65
11,74650	65
11,74717	65
11,74783	64
11,74850	64
11,74917	64
11,74983	64
11,75050	64
11,75117	63
11,75183	63
11,75250	63
11,75317	64
11,75383	64
11,75450	64
11,75517	64
11,75583	64
11,75650	64
11,75717	65
11,75783	65
11,75850	65
11,75917	65
11,75983	65
11,76050	65
11,76117	65
11,76183	65
11,76250	65
11,76317	65
11,76383	65
11,76450	65
11,76517	65
11,76583	65
11,76650	65
11,76717	65
11,76783	65
11,76850	64
11,76917	64
11,76983	64
11,77050	64
11,77117	64
11,77183	64
11,77250	64
11,77317	64
11,77383	64
11,77450	64
11,77517	64
11,77583	64
11,77650	65
11,77717	65
11,77783	65
11,77850	65
11,77917	65
11,77983	66
11,78050	66
11,78117	66
11,78183	67
11,78250	67
11,78317	67
11,78383	67
11,78450	68
11,78517	68
11,78583	68
11,78650	68
11,78717	68
11,78783	68
11,78850	69
11,78917	69
11,78983	69
11,79050	69
11,79117	69
11,79183	69
11,79250	68
11,79317	68
11,79383	69
11,79450	69
11,79517	69
11,79583	69
11,79650	69
11,79717	69
11,79783	69
11,79850	69
11,79917	69
11,79983	69
11,80050	69
11,80117	68
11,80183	68
11,80250	68
11,80317	67
11,80383	67
11,80450	67
11,80517	67
11,80583	67
11,80650	66
11,80717	66
11,80783	66
11,80850	66
11,80917	66
11,80983	65
11,81050	65
11,81117	65
11,81183	65
11,81250	66
11,81317	66
11,81383	66
11,81450	66
11,81517	66
11,81583	66
11,81650	66
11,81717	66
11,81783	67
11,81850	67
11,81917	67
11,81983	68
11,82050	68
11,82117	69
11,82183	69
11,82250	69
11,82317	69
11,82383	69
11,82450	69
11,82517	69
11,82583	69
11,82650	69
11,82717	69
11,82783	69
11,82850	69
11,82917	69
11,82983	69
11,83050	69
11,83117	69
11,83183	69
11,83250	69
11,83317	68
11,83383	68
11,83450	68
11,83517	68
11,83583	68
11,83650	67
11,83717	67
11,83783	67
11,83850	67
11,83917	67
11,83983	67
11,84050	68
11,84117	68
11,84183	68
11,84250	68
11,84317	69
11,84383	69
11,84450	69
11,84517	69
11,84583	69
11,84650	69
11,84717	69
11,84783	69
11,84850	69
11,84917	69
11,84983	69
11,85050	69
11,85117	69
11,85183	69
11,85250	69
11,85317	69
11,85383	69
11,85450	68
11,85517	68
11,85583	68
11,85650	68
11,85717	68
11,85783	68
11,85850	69
11,85917	69
11,85983	69
11,86050	69
11,86117	69
11,86183	69
11,86250	69
11,86317	69
11,86383	69
11,86450	69
11,86517	69
11,86583	69
11,86650	69
11,86717	69
11,86783	69
11,86850	69
11,86917	69
11,86983	69
11,87050	70
11,87117	70
11,87183	70
11,87250	71
11,87317	71
11,87383	71
11,87450	71
11,87517	71
11,87583	71
11,87650	71
11,87717	71
11,87783	71
11,87850	70
11,87917	70
11,87983	70
11,88050	70
11,88117	69
11,88183	69
11,88250	69
11,88317	69
11,88383	69
11,88450	69
11,88517	69
11,88583	69
11,88650	69
11,88717	69
11,88783	69
11,88850	69
11,88917	69
11,88983	70
11,89050	70
11,89117	70
11,89183	70
11,89250	71
11,89317	71
11,89383	72
11,89450	72
11,89517	73
11,89583	73
11,89650	74
11,89717	75
11,89783	75
11,89850	76
11,89917	76
11,89983	77
11,90050	77
11,90117	78
11,90183	78
11,90250	79
11,90317	79
11,90383	80
11,90450	80
11,90517	81
11,90583	81
11,90650	81
11,90717	81
11,90783	82
11,90850	82
11,90917	82
11,90983	82
11,91050	82
11,91117	83
11,91183	83
11,91250	83
11,91317	83
11,91383	83
11,91450	83
11,91517	84
11,91583	84
11,91650	85
11,91717	85
11,91783	85
11,91850	86
11,91917	86
11,91983	86
11,92050	86
11,92117	86
11,92183	86
11,92250	86
11,92317	86
11,92383	86
11,92450	86
11,92517	87
11,92583	87
11,92650	87
11,92717	87
11,92783	87
11,92850	87
11,92917	87
11,92983	86
11,93050	86
11,93117	86
11,93183	86
11,93250	86
11,93317	85
11,93383	85
11,93450	85
11,93517	85
11,93583	85
11,93650	85
11,93717	85
11,93783	85
11,93850	86
11,93917	86
11,93983	86
11,94050	86
11,94117	86
11,94183	86
11,94250	86
11,94317	86
11,94383	86
11,94450	87
11,94517	87
11,94583	87
11,94650	87
11,94717	88
11,94783	88
11,94850	88
11,94917	88
11,94983	89
11,95050	89
11,95117	90
11,95183	90
11,95250	90
11,95317	91
11,95383	91
11,95450	91
11,95517	92
11,95583	92
11,95650	92
11,95717	92
11,95783	92
11,95850	93
11,95917	93
11,95983	93
11,96050	93
11,96117	94
11,96183	94
11,96250	94
11,96317	94
11,96383	94
11,96450	94
11,96517	94
11,96583	94
11,96650	95
11,96717	95
11,96783	95
11,96850	94
11,96917	95
11,96983	95
11,97050	95
11,97117	95
11,97183	95
11,97250	95
11,97317	95
11,97383	95
11,97450	95
11,97517	95
11,97583	95
11,97650	95
11,97717	95
11,97783	94
11,97850	94
11,97917	94
11,97983	94
11,98050	94
11,98117	94
11,98183	94
11,98250	94
11,98317	94
11,98383	94
11,98450	94
11,98517	94
11,98583	94
11,98650	94
11,98717	94
11,98783	94
11,98850	94
11,98917	94
11,98983	94
11,99050	94
11,99117	94
11,99183	94
11,99250	94
11,99317	94
11,99383	95
11,99450	95
11,99517	95
11,99583	95
11,99650	95
11,99717	95
11,99783	95
11,99850	95
11,99917	95
11,99983	95
12,00050	95
12,00117	95
12,00183	95
12,00250	94
12,00317	94
12,00383	94
12,00450	94
12,00517	94
12,00583	94
12,00650	94
12,00717	93
12,00783	93
12,00850	93
12,00917	93
12,00983	93
12,01050	93
12,01117	93
12,01183	93
12,01250	94
12,01317	94
12,01383	94
12,01450	94
12,01517	94
12,01583	94
12,01650	94
12,01717	94
12,01783	94
12,01850	94
12,01917	94
12,01983	94
12,02050	94
12,02117	95
12,02183	95
12,02250	95
12,02317	96
12,02383	96
12,02450	97
12,02517	97
12,02583	98
12,02650	98
12,02717	98
12,02783	99
12,02850	99
12,02917	99
12,02983	100
12,03050	100
12,03117	100
12,03183	101
12,03250	101
12,03317	101
12,03383	101
12,03450	102
12,03517	102
12,03583	102
12,03650	102
12,03717	103
12,03783	103
12,03850	103
12,03917	103
12,03983	103
12,04050	103
12,04117	102
12,04183	102
12,04250	102
12,04317	102
12,04383	103
12,04450	103
12,04517	103
12,04583	103
12,04650	103
12,04717	103
12,04783	103
12,04850	103
12,04917	103
12,04983	103
12,05050	103
12,05117	103
12,05183	103
12,05250	103
12,05317	103
12,05383	103
12,05450	103
12,05517	103
12,05583	103
12,05650	103
12,05717	103
12,05783	103
12,05850	103
12,05917	103
12,05983	103
12,06050	103
12,06117	102
12,06183	102
12,06250	102
12,06317	101
12,06383	101
12,06450	100
12,06517	100
12,06583	100
12,06650	99
12,06717	99
12,06783	99
12,06850	98
12,06917	98
12,06983	98
12,07050	98
12,07117	97
12,07183	97
12,07250	98
12,07317	98
12,07383	98
12,07450	98
12,07517	99
12,07583	99
12,07650	99
12,07717	99
12,07783	99
12,07850	99
12,07917	99
12,07983	98
12,08050	98
12,08117	98
12,08183	97
12,08250	97
12,08317	97
12,08383	96
12,08450	96
12,08517	95
12,08583	95
12,08650	95
12,08717	94
12,08783	94
12,08850	93
12,08917	93
12,08983	93
12,09050	92
12,09117	92
12,09183	92
12,09250	91
12,09317	91
12,09383	91
12,09450	90
12,09517	90
12,09583	90
12,09650	90
12,09717	90
12,09783	90
12,09850	89
12,09917	89
12,09983	89
12,10050	89
12,10117	88
12,10183	88
12,10250	88
12,10317	87
12,10383	87
12,10450	86
12,10517	86
12,10583	85
12,10650	85
12,10717	84
12,10783	84
12,10850	83
12,10917	83
12,10983	82
12,11050	82
12,11117	81
12,11183	81
12,11250	80
12,11317	80
12,11383	79
12,11450	79
12,11517	78
12,11583	78
12,11650	77
12,11717	77
12,11783	76
12,11850	75
12,11917	75
12,11983	74
12,12050	74
12,12117	73
12,12183	73
12,12250	72
12,12317	72
12,12383	72
12,12450	72
12,12517	72
12,12583	72
12,12650	72
12,12717	72
12,12783	72
12,12850	72
12,12917	72
12,12983	72
12,13050	73
12,13117	73
12,13183	73
12,13250	73
12,13317	73
12,13383	73
12,13450	73
12,13517	73
12,13583	72
12,13650	72
12,13717	72
12,13783	72
12,13850	72
12,13917	71
12,13983	71
12,14050	71
12,14117	70
12,14183	70
12,14250	70
12,14317	70
12,14383	70
12,14450	70
12,14517	69
12,14583	69
12,14650	69
12,14717	69
12,14783	69
12,14850	70
12,14917	70
12,14983	70
12,15050	70
12,15117	70
12,15183	70
12,15250	70
12,15317	70
12,15383	69
12,15450	69
12,15517	68
12,15583	68
12,15650	68
12,15717	68
12,15783	67
12,15850	67
12,15917	67
12,15983	67
12,16050	67
12,16117	67
12,16183	67
12,16250	68
12,16317	68
12,16383	68
12,16450	68
12,16517	68
12,16583	68
12,16650	68
12,16717	68
12,16783	68
12,16850	68
12,16917	68
12,16983	68
12,17050	69
12,17117	69
12,17183	69
12,17250	69
12,17317	69
12,17383	69
12,17450	69
12,17517	70
12,17583	70
12,17650	70
12,17717	70
12,17783	71
12,17850	71
12,17917	71
12,17983	71
12,18050	71
12,18117	71
12,18183	71
12,18250	71
12,18317	71
12,18383	71
12,18450	71
12,18517	71
12,18583	71
12,18650	71
12,18717	71
12,18783	71
12,18850	72
12,18917	72
12,18983	72
12,19050	72
12,19117	72
12,19183	73
12,19250	73
12,19317	73
12,19383	73
12,19450	74
12,19517	74
12,19583	74
12,19650	75
12,19717	75
12,19783	76
12,19850	76
12,19917	76
12,19983	76
12,20050	77
12,20117	77
12,20183	77
12,20250	78
12,20317	78
12,20383	78
12,20450	79
12,20517	79
12,20583	80
12,20650	80
12,20717	81
12,20783	81
12,20850	81
12,20917	81
12,20983	81
12,21050	82
12,21117	82
12,21183	82
12,21250	82
12,21317	82
12,21383	82
12,21450	83
12,21517	83
12,21583	84
12,21650	84
12,21717	85
12,21783	85
12,21850	85
12,21917	85
12,21983	85
12,22050	85
12,22117	85
12,22183	85
12,22250	85
12,22317	85
12,22383	85
12,22450	85
12,22517	85
12,22583	85
12,22650	85
12,22717	85
12,22783	84
12,22850	84
12,22917	84
12,22983	83
12,23050	83
12,23117	83
12,23183	82
12,23250	82
12,23317	82
12,23383	81
12,23450	81
12,23517	81
12,23583	80
12,23650	80
12,23717	80
12,23783	79
12,23850	79
12,23917	78
12,23983	78
12,24050	78
12,24117	77
12,24183	77
12,24250	77
12,24317	76
12,24383	76
12,24450	76
12,24517	75
12,24583	75
12,24650	75
12,24717	74
12,24783	74
12,24850	74
12,24917	73
12,24983	73
12,25050	73
12,25117	72
12,25183	72
12,25250	71
12,25317	71
12,25383	70
12,25450	69
12,25517	69
12,25583	68
12,25650	68
12,25717	68
12,25783	67
12,25850	67
12,25917	67
12,25983	66
12,26050	66
12,26117	66
12,26183	65
12,26250	65
12,26317	64
12,26383	64
12,26450	63
12,26517	63
12,26583	63
12,26650	62
12,26717	62
12,26783	62
12,26850	62
12,26917	62
12,26983	62
12,27050	62
12,27117	61
12,27183	61
12,27250	61
12,27317	61
12,27383	61
12,27450	61
12,27517	61
12,27583	60
12,27650	60
12,27717	60
12,27783	59
12,27850	59
12,27917	59
12,27983	59
12,28050	58
12,28117	58
12,28183	58
12,28250	58
12,28317	58
12,28383	59
12,28450	59
12,28517	59
12,28583	59
12,28650	59
12,28717	59
12,28783	59
12,28850	59
12,28917	59
12,28983	59
12,29050	59
12,29117	59
12,29183	58
12,29250	58
12,29317	58
12,29383	58
12,29450	57
12,29517	57
12,29583	57
12,29650	57
12,29717	57
12,29783	57
12,29850	57
12,29917	57
12,29983	57
12,30050	57
12,30117	57
12,30183	57
12,30250	57
12,30317	57
12,30383	57
12,30450	58
12,30517	58
12,30583	58
12,30650	58
12,30717	58
12,30783	58
12,30850	58
12,30917	58
12,30983	58
12,31050	58
12,31117	58
12,31183	58
12,31250	58
12,31317	58
12,31383	58
12,31450	58
12,31517	58
12,31583	58
12,31650	58
12,31717	58
12,31783	58
12,31850	58
12,31917	58
12,31983	58
12,32050	58
12,32117	58
12,32183	58
12,32250	58
12,32317	58
12,32383	58
12,32450	59
12,32517	59
12,32583	59
12,32650	59
12,32717	60
12,32783	60
12,32850	61
12,32917	61
12,32983	61
12,33050	62
12,33117	62
12,33183	62
12,33250	63
12,33317	63
12,33383	64
12,33450	64
12,33517	64
12,33583	65
12,33650	65
12,33717	65
12,33783	65
12,33850	65
12,33917	65
12,33983	65
12,34050	65
12,34117	66
12,34183	66
12,34250	66
12,34317	66
12,34383	66
12,34450	66
12,34517	66
12,34583	66
12,34650	66
12,34717	66
12,34783	66
12,34850	66
12,34917	66
12,34983	66
12,35050	66
12,35117	66
12,35183	66
12,35250	66
12,35317	66
12,35383	66
12,35450	66
12,35517	66
12,35583	66
12,35650	66
12,35717	65
12,35783	65
12,35850	65
12,35917	65
12,35983	65
12,36050	65
12,36117	65
12,36183	65
12,36250	65
12,36317	66
12,36383	66
12,36450	66
12,36517	66
12,36583	67
12,36650	67
12,36717	67
12,36783	67
12,36850	68
12,36917	68
12,36983	68
12,37050	68
12,37117	68
12,37183	69
12,37250	69
12,37317	69
12,37383	70
12,37450	70
12,37517	70
12,37583	71
12,37650	71
12,37717	72
12,37783	72
12,37850	73
12,37917	73
12,37983	73
12,38050	74
12,38117	74
12,38183	75
12,38250	75
12,38317	76
12,38383	76
12,38450	77
12,38517	77
12,38583	78
12,38650	78
12,38717	79
12,38783	79
12,38850	80
12,38917	80
12,38983	80
12,39050	81
12,39117	81
12,39183	81
12,39250	81
12,39317	81
12,39383	81
12,39450	82
12,39517	82
12,39583	82
12,39650	82
12,39717	83
12,39783	83
12,39850	83
12,39917	83
12,39983	83
12,40050	84
12,40117	84
12,40183	84
12,40250	85
12,40317	85
12,40383	85
12,40450	85
12,40517	85
12,40583	86
12,40650	85
12,40717	85
12,40783	85
12,40850	85
12,40917	85
12,40983	85
12,41050	85
12,41117	85
12,41183	85
12,41250	85
12,41317	85
12,41383	85
12,41450	85
12,41517	85
12,41583	85
12,41650	85
12,41717	85
12,41783	85
12,41850	85
12,41917	85
12,41983	85
12,42050	84
12,42117	84
12,42183	84
12,42250	83
12,42317	83
12,42383	83
12,42450	83
12,42517	82
12,42583	82
12,42650	82
12,42717	82
12,42783	82
12,42850	82
12,42917	82
12,42983	82
12,43050	82
12,43117	82
12,43183	82
12,43250	82
12,43317	82
12,43383	82
12,43450	82
12,43517	82
12,43583	82
12,43650	83
12,43717	83
12,43783	83
12,43850	83
12,43917	83
12,43983	83
12,44050	83
12,44117	83
12,44183	83
12,44250	83
12,44317	83
12,44383	83
12,44450	82
12,44517	82
12,44583	82
12,44650	81
12,44717	81
12,44783	81
12,44850	81
12,44917	81
12,44983	80
12,45050	80
12,45117	80
12,45183	80
12,45250	80
12,45317	80
12,45383	79
12,45450	79
12,45517	79
12,45583	79
12,45650	78
12,45717	78
12,45783	78
12,45850	77
12,45917	77
12,45983	77
12,46050	76
12,46117	76
12,46183	75
12,46250	75
12,46317	74
12,46383	74
12,46450	73
12,46517	72
12,46583	71
12,46650	71
12,46717	70
12,46783	70
12,46850	69
12,46917	68
12,46983	68
12,47050	67
12,47117	66
12,47183	66
12,47250	65
12,47317	64
12,47383	64
12,47450	63
12,47517	63
12,47583	62
12,47650	62
12,47717	61
12,47783	61
12,47850	61
12,47917	61
12,47983	61
12,48050	61
12,48117	61
12,48183	61
12,48250	61
12,48317	60
12,48383	60
12,48450	60
12,48517	60
12,48583	59
12,48650	59
12,48717	58
12,48783	58
12,48850	58
12,48917	57
12,48983	57
12,49050	57
12,49117	57
12,49183	57
12,49250	57
12,49317	57
12,49383	56
12,49450	56
12,49517	56
12,49583	55
12,49650	55
12,49717	55
12,49783	54
12,49850	54
12,49917	54
12,49983	54
12,50050	53
12,50117	53
12,50183	53
12,50250	54
12,50317	54
12,50383	54
12,50450	55
12,50517	55
12,50583	55
12,50650	56
12,50717	56
12,50783	56
12,50850	57
12,50917	57
12,50983	57
12,51050	58
12,51117	58
12,51183	58
12,51250	59
12,51317	59
12,51383	59
12,51450	60
12,51517	60
12,51583	60
12,51650	60
12,51717	60
12,51783	60
12,51850	60
12,51917	60
12,51983	60
12,52050	59
12,52117	59
12,52183	59
12,52250	59
12,52317	59
12,52383	59
12,52450	58
12,52517	58
12,52583	58
12,52650	58
12,52717	57
12,52783	57
12,52850	57
12,52917	56
12,52983	56
12,53050	55
12,53117	55
12,53183	54
12,53250	54
12,53317	54
12,53383	54
12,53450	53
12,53517	53
12,53583	52
12,53650	52
12,53717	51
12,53783	51
12,53850	50
12,53917	50
12,53983	50
12,54050	50
12,54117	50
12,54183	49
12,54250	49
12,54317	50
12,54383	50
12,54450	50
12,54517	50
12,54583	50
12,54650	50
12,54717	50
12,54783	50
12,54850	50
12,54917	50
12,54983	50
12,55050	50
12,55117	50
12,55183	50
12,55250	50
12,55317	50
12,55383	50
12,55450	50
12,55517	50
12,55583	50
12,55650	50
12,55717	50
12,55783	50
12,55850	50
12,55917	50
12,55983	50
12,56050	50
12,56117	50
12,56183	50
12,56250	50
12,56317	50
12,56383	50
12,56450	50
12,56517	49
12,56583	49
12,56650	49
12,56717	49
12,56783	49
12,56850	49
12,56917	49
12,56983	49
12,57050	49
12,57117	49
12,57183	49
12,57250	49
12,57317	49
12,57383	49
12,57450	48
12,57517	48
12,57583	48
12,57650	48
12,57717	47
12,57783	47
12,57850	47
12,57917	47
12,57983	46
12,58050	46
12,58117	45
12,58183	45
12,58250	44
12,58317	44
12,58383	44
12,58450	44
12,58517	43
12,58583	43
12,58650	43
12,58717	43
12,58783	43
12,58850	43
12,58917	43
12,58983	43
12,59050	43
12,59117	43
12,59183	43
12,59250	43
12,59317	43
12,59383	44
12,59450	44
12,59517	44
12,59583	44
12,59650	44
12,59717	44
12,59783	44
12,59850	44
12,59917	44
12,59983	44
12,60050	44
12,60117	44
12,60183	44
12,60250	43
12,60317	43
12,60383	43
12,60450	43
12,60517	43
12,60583	43
12,60650	43
12,60717	43
12,60783	43
12,60850	43
12,60917	43
12,60983	43
12,61050	43
12,61117	43
12,61183	43
12,61250	43
12,61317	43
12,61383	43
12,61450	42
12,61517	42
12,61583	42
12,61650	41
12,61717	41
12,61783	41
12,61850	41
12,61917	40
12,61983	40
12,62050	40
12,62117	40
12,62183	40
12,62250	40
12,62317	41
12,62383	41
12,62450	41
12,62517	41
12,62583	41
12,62650	41
12,62717	41
12,62783	41
12,62850	41
12,62917	41
12,62983	47

