[Header]
Application Name	LabSolutions
Version	5.97
Data File Name	G:\GC data\Mara\MWH_022\MWH_022_t90m_16.03.2026_10.gcd
Output Date	09.04.2026
Output Time	10:50:04

[File Information]
Type	Data File
Generated	16.03.2026 11:13:56
Generated by	System Administrator
Modified	09.04.2026 10:50:03
Modified by	System Administrator

[Sample Information]
Operator Name	System Administrator
Acquired	16.03.2026 11:17:09
Sample Type	0:Unknown
Level	1
Sample Name	MWH_022_t90m
Sample ID	
ISTD Amount1	1
ISTD Amount2	1
ISTD Amount3	1
ISTD Amount4	1
ISTD Amount5	1
ISTD Amount6	1
ISTD Amount7	1
ISTD Amount8	1
ISTD Amount9	1
ISTD Amount10	1
ISTD Amount11	1
ISTD Amount12	1
ISTD Amount13	1
ISTD Amount14	1
ISTD Amount15	1
ISTD Amount16	1
ISTD Amount17	1
ISTD Amount18	1
ISTD Amount19	1
ISTD Amount20	1
ISTD Amount21	1
ISTD Amount22	1
ISTD Amount23	1
ISTD Amount24	1
ISTD Amount25	1
ISTD Amount26	1
ISTD Amount27	1
ISTD Amount28	1
ISTD Amount29	1
ISTD Amount30	1
ISTD Amount31	1
ISTD Amount32	1
Sample Amount	1
Dilution Factor	1
Vial#	8
Injection Volume	0,2
Injection Count	1
Bar Code	

[Original Files]
Data File	G:\GC data\Mara\MWH_022_t90m_16.03.2026_10.gcd
Method File	G:\GC data\MWH3_60-150-200_0-2uL_split50.gcm
Batch File	G:\GC data\Mara\wash_2026-16_03.gcb
Report Format File	c:\LabSolutions\System\DEFAULT.lsr

[File Description]


[Configuration]
Instrument Name	GC-3
Instrument #	1
Line #	1
# of Detectors	1
Detector ID	DET#4
Detector Name	FID1
# of Channels	1

[Peak Table(Ch1)]
# of Peaks	11
Peak#	R.Time	I.Time	F.Time	Area	Height	A/H	Conc.	Mark	ID#	Name	k'	Plate #	Plate Ht.	Tailing	Resolution	Sep.Factor	Area Ratio	Height Ratio	Conc. %	Norm Conc.
1	1,297	1,279	1,321	1151	865	1,330	0,000	 V 			0,000	22612	0,000	0,000	0,000	0,000	0	0	0,000	0,000
2	1,334	1,321	1,410	2570	2040	1,260	0,000	 V 			0,028	28993	0,000	0,000	1,115	0,000	0	0	0,000	0,000
3	1,452	1,433	1,512	1012	671	1,508	0,000	   			0,120	29656	0,000	1,887	3,662	4,246	0	0	0,000	0,000
4	1,569	1,512	1,760	6406076	4847635	1,321	0,000	 V 			0,210	35496	0,000	1,424	3,487	1,750	0	0	0,000	0,000
5	1,892	1,853	2,054	181848	133530	1,362	0,000	   			0,459	49150	0,000	1,280	9,598	2,187	0	0	0,000	0,000
6	2,739	2,693	2,810	810745	551670	1,470	0,000	 V 			1,112	87985	0,000	1,192	23,908	2,425	0	0	0,000	0,000
7	2,829	2,810	2,875	2696	1522	1,772	0,000	 V 			1,181	64489	0,000	0,000	2,206	1,062	0	0	0,000	0,000
8	2,898	2,875	2,968	1166	733	1,590	0,000	 V 			1,234	87673	0,000	0,000	1,654	1,045	0	0	0,000	0,000
9	3,919	3,878	4,135	795116	527538	1,507	0,000	   			2,022	169606	0,000	1,168	26,537	1,638	0	0	0,000	0,000
10	5,526	5,498	5,596	1532	946	1,619	0,000	   			3,261	283410	0,000	1,334	40,489	1,613	0	0	0,000	0,000
11	7,522	7,472	7,976	226096	128565	1,759	0,000	   			4,800	536685	0,000	1,269	48,450	1,472	0	0	0,000	0,000

[Chromatogram (Ch1)]
Interval(msec)	40
# of Points	18945
Start Time(min)	0,000
End Time(min)	12,630
R.Time (min)	Intensity
0,00017	2
0,00083	2
0,00150	2
0,00217	2
0,00283	2
0,00350	2
0,00417	2
0,00483	2
0,00550	3
0,00617	3
0,00683	3
0,00750	3
0,00817	3
0,00883	3
0,00950	3
0,01017	3
0,01083	3
0,01150	2
0,01217	2
0,01283	2
0,01350	1
0,01417	1
0,01483	0
0,01550	-0
0,01617	-1
0,01683	-2
0,01750	-2
0,01817	-3
0,01883	-3
0,01950	-3
0,02017	-4
0,02083	-4
0,02150	-4
0,02217	-4
0,02283	-4
0,02350	-4
0,02417	-5
0,02483	-5
0,02550	-5
0,02617	-5
0,02683	-5
0,02750	-5
0,02817	-5
0,02883	-5
0,02950	-5
0,03017	-5
0,03083	-5
0,03150	-5
0,03217	-4
0,03283	-4
0,03350	-4
0,03417	-4
0,03483	-4
0,03550	-4
0,03617	-4
0,03683	-3
0,03750	-3
0,03817	-3
0,03883	-4
0,03950	-4
0,04017	-4
0,04083	-4
0,04150	-4
0,04217	-4
0,04283	-4
0,04350	-4
0,04417	-5
0,04483	-5
0,04550	-5
0,04617	-5
0,04683	-5
0,04750	-5
0,04817	-5
0,04883	-6
0,04950	-6
0,05017	-6
0,05083	-6
0,05150	-5
0,05217	-5
0,05283	-5
0,05350	-5
0,05417	-5
0,05483	-5
0,05550	-6
0,05617	-6
0,05683	-6
0,05750	-6
0,05817	-6
0,05883	-6
0,05950	-5
0,06017	-5
0,06083	-5
0,06150	-5
0,06217	-5
0,06283	-4
0,06350	-4
0,06417	-4
0,06483	-4
0,06550	-4
0,06617	-4
0,06683	-4
0,06750	-4
0,06817	-4
0,06883	-4
0,06950	-4
0,07017	-4
0,07083	-4
0,07150	-4
0,07217	-4
0,07283	-4
0,07350	-4
0,07417	-4
0,07483	-5
0,07550	-5
0,07617	-5
0,07683	-5
0,07750	-5
0,07817	-5
0,07883	-5
0,07950	-5
0,08017	-5
0,08083	-5
0,08150	-5
0,08217	-5
0,08283	-5
0,08350	-5
0,08417	-5
0,08483	-5
0,08550	-5
0,08617	-5
0,08683	-5
0,08750	-5
0,08817	-4
0,08883	-4
0,08950	-4
0,09017	-4
0,09083	-4
0,09150	-4
0,09217	-4
0,09283	-4
0,09350	-4
0,09417	-4
0,09483	-4
0,09550	-4
0,09617	-3
0,09683	-3
0,09750	-3
0,09817	-3
0,09883	-4
0,09950	-4
0,10017	-4
0,10083	-4
0,10150	-4
0,10217	-5
0,10283	-5
0,10350	-5
0,10417	-5
0,10483	-5
0,10550	-5
0,10617	-5
0,10683	-5
0,10750	-6
0,10817	-6
0,10883	-6
0,10950	-6
0,11017	-7
0,11083	-7
0,11150	-7
0,11217	-7
0,11283	-7
0,11350	-7
0,11417	-7
0,11483	-7
0,11550	-7
0,11617	-7
0,11683	-6
0,11750	-6
0,11817	-7
0,11883	-7
0,11950	-7
0,12017	-7
0,12083	-7
0,12150	-7
0,12217	-7
0,12283	-7
0,12350	-7
0,12417	-7
0,12483	-6
0,12550	-6
0,12617	-6
0,12683	-6
0,12750	-6
0,12817	-6
0,12883	-7
0,12950	-7
0,13017	-7
0,13083	-7
0,13150	-7
0,13217	-8
0,13283	-8
0,13350	-8
0,13417	-8
0,13483	-8
0,13550	-8
0,13617	-8
0,13683	-8
0,13750	-8
0,13817	-8
0,13883	-7
0,13950	-7
0,14017	-7
0,14083	-7
0,14150	-7
0,14217	-7
0,14283	-7
0,14350	-7
0,14417	-7
0,14483	-7
0,14550	-7
0,14617	-6
0,14683	-6
0,14750	-6
0,14817	-6
0,14883	-6
0,14950	-6
0,15017	-6
0,15083	-6
0,15150	-6
0,15217	-6
0,15283	-6
0,15350	-6
0,15417	-6
0,15483	-6
0,15550	-7
0,15617	-7
0,15683	-7
0,15750	-7
0,15817	-7
0,15883	-7
0,15950	-7
0,16017	-7
0,16083	-7
0,16150	-8
0,16217	-8
0,16283	-8
0,16350	-8
0,16417	-8
0,16483	-8
0,16550	-8
0,16617	-9
0,16683	-9
0,16750	-9
0,16817	-9
0,16883	-9
0,16950	-9
0,17017	-9
0,17083	-9
0,17150	-10
0,17217	-10
0,17283	-10
0,17350	-10
0,17417	-10
0,17483	-10
0,17550	-10
0,17617	-10
0,17683	-10
0,17750	-10
0,17817	-10
0,17883	-10
0,17950	-10
0,18017	-10
0,18083	-10
0,18150	-10
0,18217	-10
0,18283	-10
0,18350	-10
0,18417	-10
0,18483	-10
0,18550	-10
0,18617	-10
0,18683	-10
0,18750	-10
0,18817	-10
0,18883	-10
0,18950	-10
0,19017	-10
0,19083	-9
0,19150	-9
0,19217	-9
0,19283	-8
0,19350	-8
0,19417	-8
0,19483	-8
0,19550	-7
0,19617	-7
0,19683	-7
0,19750	-7
0,19817	-7
0,19883	-6
0,19950	-6
0,20017	-6
0,20083	-5
0,20150	-5
0,20217	-5
0,20283	-4
0,20350	-4
0,20417	-4
0,20483	-3
0,20550	-3
0,20617	-3
0,20683	-2
0,20750	-2
0,20817	-2
0,20883	-1
0,20950	-1
0,21017	-1
0,21083	-1
0,21150	-0
0,21217	0
0,21283	0
0,21350	1
0,21417	1
0,21483	1
0,21550	2
0,21617	2
0,21683	2
0,21750	2
0,21817	2
0,21883	3
0,21950	3
0,22017	3
0,22083	4
0,22150	4
0,22217	4
0,22283	4
0,22350	5
0,22417	5
0,22483	6
0,22550	6
0,22617	6
0,22683	6
0,22750	6
0,22817	6
0,22883	7
0,22950	7
0,23017	7
0,23083	7
0,23150	7
0,23217	7
0,23283	8
0,23350	8
0,23417	8
0,23483	9
0,23550	9
0,23617	10
0,23683	10
0,23750	10
0,23817	10
0,23883	10
0,23950	11
0,24017	11
0,24083	11
0,24150	11
0,24217	12
0,24283	12
0,24350	12
0,24417	12
0,24483	12
0,24550	12
0,24617	12
0,24683	12
0,24750	13
0,24817	13
0,24883	13
0,24950	13
0,25017	13
0,25083	14
0,25150	14
0,25217	14
0,25283	14
0,25350	15
0,25417	15
0,25483	15
0,25550	15
0,25617	15
0,25683	15
0,25750	14
0,25817	14
0,25883	14
0,25950	14
0,26017	14
0,26083	14
0,26150	14
0,26217	14
0,26283	15
0,26350	15
0,26417	15
0,26483	15
0,26550	14
0,26617	14
0,26683	14
0,26750	14
0,26817	13
0,26883	13
0,26950	13
0,27017	13
0,27083	13
0,27150	13
0,27217	13
0,27283	13
0,27350	13
0,27417	13
0,27483	13
0,27550	13
0,27617	13
0,27683	13
0,27750	13
0,27817	13
0,27883	13
0,27950	13
0,28017	13
0,28083	13
0,28150	12
0,28217	12
0,28283	12
0,28350	12
0,28417	12
0,28483	12
0,28550	12
0,28617	12
0,28683	12
0,28750	12
0,28817	12
0,28883	12
0,28950	12
0,29017	12
0,29083	12
0,29150	12
0,29217	12
0,29283	12
0,29350	12
0,29417	11
0,29483	11
0,29550	11
0,29617	12
0,29683	12
0,29750	12
0,29817	12
0,29883	12
0,29950	13
0,30017	13
0,30083	13
0,30150	13
0,30217	14
0,30283	14
0,30350	14
0,30417	14
0,30483	14
0,30550	14
0,30617	14
0,30683	14
0,30750	14
0,30817	14
0,30883	14
0,30950	14
0,31017	14
0,31083	14
0,31150	14
0,31217	14
0,31283	14
0,31350	14
0,31417	14
0,31483	14
0,31550	14
0,31617	14
0,31683	14
0,31750	15
0,31817	15
0,31883	15
0,31950	15
0,32017	15
0,32083	15
0,32150	15
0,32217	14
0,32283	14
0,32350	14
0,32417	14
0,32483	14
0,32550	14
0,32617	14
0,32683	14
0,32750	14
0,32817	14
0,32883	14
0,32950	15
0,33017	15
0,33083	15
0,33150	15
0,33217	15
0,33283	15
0,33350	15
0,33417	15
0,33483	15
0,33550	15
0,33617	15
0,33683	15
0,33750	15
0,33817	15
0,33883	15
0,33950	15
0,34017	15
0,34083	14
0,34150	14
0,34217	14
0,34283	14
0,34350	14
0,34417	14
0,34483	14
0,34550	14
0,34617	14
0,34683	14
0,34750	14
0,34817	14
0,34883	14
0,34950	14
0,35017	14
0,35083	14
0,35150	13
0,35217	13
0,35283	13
0,35350	13
0,35417	13
0,35483	13
0,35550	13
0,35617	13
0,35683	13
0,35750	13
0,35817	13
0,35883	13
0,35950	13
0,36017	13
0,36083	13
0,36150	13
0,36217	13
0,36283	13
0,36350	13
0,36417	13
0,36483	13
0,36550	13
0,36617	13
0,36683	13
0,36750	13
0,36817	13
0,36883	13
0,36950	13
0,37017	14
0,37083	14
0,37150	14
0,37217	14
0,37283	14
0,37350	14
0,37417	14
0,37483	14
0,37550	14
0,37617	14
0,37683	14
0,37750	13
0,37817	13
0,37883	13
0,37950	13
0,38017	12
0,38083	12
0,38150	12
0,38217	12
0,38283	12
0,38350	12
0,38417	12
0,38483	12
0,38550	11
0,38617	11
0,38683	11
0,38750	11
0,38817	11
0,38883	11
0,38950	11
0,39017	11
0,39083	11
0,39150	11
0,39217	11
0,39283	11
0,39350	12
0,39417	12
0,39483	12
0,39550	12
0,39617	12
0,39683	12
0,39750	12
0,39817	11
0,39883	11
0,39950	11
0,40017	10
0,40083	10
0,40150	10
0,40217	10
0,40283	9
0,40350	9
0,40417	9
0,40483	9
0,40550	8
0,40617	8
0,40683	8
0,40750	8
0,40817	7
0,40883	7
0,40950	7
0,41017	7
0,41083	7
0,41150	7
0,41217	7
0,41283	7
0,41350	7
0,41417	7
0,41483	7
0,41550	7
0,41617	6
0,41683	6
0,41750	6
0,41817	6
0,41883	6
0,41950	6
0,42017	5
0,42083	5
0,42150	6
0,42217	6
0,42283	6
0,42350	6
0,42417	6
0,42483	7
0,42550	7
0,42617	7
0,42683	7
0,42750	7
0,42817	7
0,42883	7
0,42950	7
0,43017	7
0,43083	7
0,43150	6
0,43217	6
0,43283	6
0,43350	6
0,43417	6
0,43483	6
0,43550	6
0,43617	6
0,43683	6
0,43750	6
0,43817	6
0,43883	6
0,43950	6
0,44017	6
0,44083	6
0,44150	6
0,44217	6
0,44283	6
0,44350	5
0,44417	5
0,44483	5
0,44550	5
0,44617	5
0,44683	5
0,44750	5
0,44817	5
0,44883	5
0,44950	5
0,45017	5
0,45083	5
0,45150	5
0,45217	5
0,45283	5
0,45350	5
0,45417	5
0,45483	5
0,45550	5
0,45617	5
0,45683	5
0,45750	5
0,45817	5
0,45883	5
0,45950	4
0,46017	4
0,46083	4
0,46150	4
0,46217	4
0,46283	4
0,46350	4
0,46417	3
0,46483	3
0,46550	3
0,46617	3
0,46683	3
0,46750	3
0,46817	3
0,46883	3
0,46950	3
0,47017	2
0,47083	2
0,47150	2
0,47217	1
0,47283	1
0,47350	1
0,47417	1
0,47483	0
0,47550	0
0,47617	0
0,47683	-0
0,47750	-0
0,47817	-0
0,47883	-0
0,47950	-0
0,48017	-0
0,48083	0
0,48150	0
0,48217	0
0,48283	0
0,48350	0
0,48417	-0
0,48483	-0
0,48550	-0
0,48617	0
0,48683	0
0,48750	0
0,48817	1
0,48883	1
0,48950	1
0,49017	2
0,49083	2
0,49150	2
0,49217	2
0,49283	2
0,49350	2
0,49417	2
0,49483	2
0,49550	2
0,49617	1
0,49683	1
0,49750	1
0,49817	1
0,49883	1
0,49950	1
0,50017	1
0,50083	1
0,50150	1
0,50217	1
0,50283	1
0,50350	1
0,50417	2
0,50483	2
0,50550	2
0,50617	1
0,50683	1
0,50750	1
0,50817	1
0,50883	1
0,50950	1
0,51017	1
0,51083	1
0,51150	1
0,51217	1
0,51283	1
0,51350	1
0,51417	1
0,51483	1
0,51550	1
0,51617	1
0,51683	1
0,51750	1
0,51817	1
0,51883	1
0,51950	1
0,52017	1
0,52083	1
0,52150	1
0,52217	1
0,52283	1
0,52350	1
0,52417	1
0,52483	1
0,52550	1
0,52617	0
0,52683	0
0,52750	0
0,52817	-0
0,52883	-0
0,52950	-0
0,53017	-0
0,53083	0
0,53150	0
0,53217	0
0,53283	1
0,53350	1
0,53417	1
0,53483	1
0,53550	1
0,53617	1
0,53683	1
0,53750	1
0,53817	1
0,53883	1
0,53950	1
0,54017	1
0,54083	1
0,54150	1
0,54217	1
0,54283	1
0,54350	1
0,54417	0
0,54483	0
0,54550	0
0,54617	-0
0,54683	-1
0,54750	-1
0,54817	-1
0,54883	-1
0,54950	-1
0,55017	-1
0,55083	-1
0,55150	-1
0,55217	-1
0,55283	-1
0,55350	-1
0,55417	-1
0,55483	-1
0,55550	-1
0,55617	-2
0,55683	-2
0,55750	-2
0,55817	-2
0,55883	-2
0,55950	-2
0,56017	-2
0,56083	-2
0,56150	-2
0,56217	-2
0,56283	-2
0,56350	-2
0,56417	-3
0,56483	-3
0,56550	-3
0,56617	-3
0,56683	-3
0,56750	-3
0,56817	-3
0,56883	-3
0,56950	-3
0,57017	-3
0,57083	-3
0,57150	-3
0,57217	-3
0,57283	-3
0,57350	-3
0,57417	-3
0,57483	-3
0,57550	-3
0,57617	-3
0,57683	-3
0,57750	-3
0,57817	-3
0,57883	-3
0,57950	-3
0,58017	-3
0,58083	-3
0,58150	-3
0,58217	-3
0,58283	-3
0,58350	-3
0,58417	-3
0,58483	-3
0,58550	-3
0,58617	-3
0,58683	-3
0,58750	-3
0,58817	-3
0,58883	-4
0,58950	-4
0,59017	-4
0,59083	-5
0,59150	-5
0,59217	-5
0,59283	-6
0,59350	-6
0,59417	-6
0,59483	-5
0,59550	-5
0,59617	-5
0,59683	-5
0,59750	-5
0,59817	-5
0,59883	-5
0,59950	-5
0,60017	-5
0,60083	-5
0,60150	-5
0,60217	-5
0,60283	-5
0,60350	-5
0,60417	-5
0,60483	-5
0,60550	-5
0,60617	-5
0,60683	-5
0,60750	-5
0,60817	-5
0,60883	-5
0,60950	-6
0,61017	-6
0,61083	-6
0,61150	-6
0,61217	-7
0,61283	-7
0,61350	-7
0,61417	-7
0,61483	-8
0,61550	-8
0,61617	-8
0,61683	-8
0,61750	-9
0,61817	-9
0,61883	-9
0,61950	-9
0,62017	-9
0,62083	-9
0,62150	-9
0,62217	-9
0,62283	-9
0,62350	-9
0,62417	-9
0,62483	-9
0,62550	-9
0,62617	-8
0,62683	-8
0,62750	-8
0,62817	-8
0,62883	-8
0,62950	-7
0,63017	-7
0,63083	-7
0,63150	-6
0,63217	-6
0,63283	-6
0,63350	-6
0,63417	-6
0,63483	-5
0,63550	-5
0,63617	-5
0,63683	-5
0,63750	-5
0,63817	-5
0,63883	-5
0,63950	-5
0,64017	-5
0,64083	-5
0,64150	-5
0,64217	-5
0,64283	-5
0,64350	-5
0,64417	-5
0,64483	-6
0,64550	-6
0,64617	-6
0,64683	-5
0,64750	-5
0,64817	-5
0,64883	-5
0,64950	-5
0,65017	-5
0,65083	-5
0,65150	-5
0,65217	-5
0,65283	-5
0,65350	-5
0,65417	-5
0,65483	-5
0,65550	-5
0,65617	-5
0,65683	-5
0,65750	-5
0,65817	-5
0,65883	-5
0,65950	-5
0,66017	-5
0,66083	-5
0,66150	-5
0,66217	-5
0,66283	-5
0,66350	-5
0,66417	-5
0,66483	-5
0,66550	-5
0,66617	-5
0,66683	-6
0,66750	-6
0,66817	-6
0,66883	-6
0,66950	-6
0,67017	-6
0,67083	-6
0,67150	-6
0,67217	-6
0,67283	-6
0,67350	-7
0,67417	-7
0,67483	-7
0,67550	-7
0,67617	-7
0,67683	-7
0,67750	-7
0,67817	-7
0,67883	-7
0,67950	-7
0,68017	-7
0,68083	-7
0,68150	-7
0,68217	-6
0,68283	-6
0,68350	-6
0,68417	-6
0,68483	-6
0,68550	-6
0,68617	-7
0,68683	-7
0,68750	-7
0,68817	-7
0,68883	-8
0,68950	-8
0,69017	-8
0,69083	-9
0,69150	-9
0,69217	-9
0,69283	-9
0,69350	-9
0,69417	-9
0,69483	-9
0,69550	-9
0,69617	-9
0,69683	-9
0,69750	-9
0,69817	-9
0,69883	-9
0,69950	-9
0,70017	-9
0,70083	-8
0,70150	-8
0,70217	-8
0,70283	-8
0,70350	-8
0,70417	-8
0,70483	-8
0,70550	-8
0,70617	-9
0,70683	-9
0,70750	-9
0,70817	-9
0,70883	-9
0,70950	-10
0,71017	-10
0,71083	-10
0,71150	-10
0,71217	-10
0,71283	-10
0,71350	-10
0,71417	-10
0,71483	-10
0,71550	-10
0,71617	-10
0,71683	-10
0,71750	-10
0,71817	-11
0,71883	-11
0,71950	-11
0,72017	-11
0,72083	-11
0,72150	-11
0,72217	-10
0,72283	-10
0,72350	-10
0,72417	-10
0,72483	-9
0,72550	-9
0,72617	-9
0,72683	-9
0,72750	-9
0,72817	-9
0,72883	-9
0,72950	-9
0,73017	-9
0,73083	-9
0,73150	-9
0,73217	-9
0,73283	-9
0,73350	-8
0,73417	-8
0,73483	-8
0,73550	-8
0,73617	-8
0,73683	-8
0,73750	-9
0,73817	-9
0,73883	-9
0,73950	-10
0,74017	-10
0,74083	-11
0,74150	-11
0,74217	-11
0,74283	-11
0,74350	-12
0,74417	-12
0,74483	-12
0,74550	-12
0,74617	-12
0,74683	-12
0,74750	-12
0,74817	-12
0,74883	-12
0,74950	-12
0,75017	-12
0,75083	-12
0,75150	-12
0,75217	-12
0,75283	-12
0,75350	-12
0,75417	-12
0,75483	-12
0,75550	-12
0,75617	-12
0,75683	-12
0,75750	-12
0,75817	-12
0,75883	-12
0,75950	-12
0,76017	-12
0,76083	-12
0,76150	-11
0,76217	-11
0,76283	-11
0,76350	-11
0,76417	-11
0,76483	-11
0,76550	-11
0,76617	-11
0,76683	-11
0,76750	-11
0,76817	-11
0,76883	-11
0,76950	-11
0,77017	-11
0,77083	-11
0,77150	-11
0,77217	-11
0,77283	-11
0,77350	-11
0,77417	-11
0,77483	-11
0,77550	-11
0,77617	-11
0,77683	-11
0,77750	-11
0,77817	-11
0,77883	-11
0,77950	-12
0,78017	-12
0,78083	-12
0,78150	-12
0,78217	-13
0,78283	-13
0,78350	-13
0,78417	-13
0,78483	-13
0,78550	-13
0,78617	-13
0,78683	-13
0,78750	-13
0,78817	-13
0,78883	-13
0,78950	-13
0,79017	-13
0,79083	-13
0,79150	-13
0,79217	-13
0,79283	-13
0,79350	-13
0,79417	-14
0,79483	-14
0,79550	-14
0,79617	-13
0,79683	-13
0,79750	-13
0,79817	-13
0,79883	-13
0,79950	-13
0,80017	-13
0,80083	-13
0,80150	-13
0,80217	-13
0,80283	-13
0,80350	-13
0,80417	-13
0,80483	-13
0,80550	-13
0,80617	-13
0,80683	-13
0,80750	-13
0,80817	-13
0,80883	-12
0,80950	-12
0,81017	-12
0,81083	-12
0,81150	-12
0,81217	-12
0,81283	-12
0,81350	-12
0,81417	-12
0,81483	-12
0,81550	-12
0,81617	-12
0,81683	-12
0,81750	-13
0,81817	-12
0,81883	-12
0,81950	-13
0,82017	-13
0,82083	-13
0,82150	-13
0,82217	-13
0,82283	-13
0,82350	-13
0,82417	-13
0,82483	-14
0,82550	-14
0,82617	-14
0,82683	-14
0,82750	-14
0,82817	-15
0,82883	-15
0,82950	-15
0,83017	-15
0,83083	-15
0,83150	-15
0,83217	-15
0,83283	-15
0,83350	-15
0,83417	-15
0,83483	-15
0,83550	-15
0,83617	-14
0,83683	-14
0,83750	-14
0,83817	-14
0,83883	-13
0,83950	-13
0,84017	-13
0,84083	-13
0,84150	-13
0,84217	-12
0,84283	-12
0,84350	-12
0,84417	-12
0,84483	-12
0,84550	-12
0,84617	-12
0,84683	-12
0,84750	-12
0,84817	-12
0,84883	-11
0,84950	-11
0,85017	-11
0,85083	-11
0,85150	-11
0,85217	-10
0,85283	-10
0,85350	-10
0,85417	-10
0,85483	-10
0,85550	-10
0,85617	-10
0,85683	-10
0,85750	-11
0,85817	-11
0,85883	-11
0,85950	-11
0,86017	-12
0,86083	-12
0,86150	-12
0,86217	-12
0,86283	-12
0,86350	-12
0,86417	-12
0,86483	-12
0,86550	-12
0,86617	-11
0,86683	-11
0,86750	-11
0,86817	-11
0,86883	-11
0,86950	-11
0,87017	-11
0,87083	-11
0,87150	-11
0,87217	-11
0,87283	-11
0,87350	-11
0,87417	-12
0,87483	-12
0,87550	-12
0,87617	-12
0,87683	-12
0,87750	-12
0,87817	-13
0,87883	-13
0,87950	-13
0,88017	-13
0,88083	-13
0,88150	-13
0,88217	-13
0,88283	-13
0,88350	-14
0,88417	-14
0,88483	-14
0,88550	-14
0,88617	-14
0,88683	-15
0,88750	-15
0,88817	-15
0,88883	-15
0,88950	-15
0,89017	-15
0,89083	-15
0,89150	-15
0,89217	-15
0,89283	-15
0,89350	-15
0,89417	-15
0,89483	-15
0,89550	-15
0,89617	-15
0,89683	-15
0,89750	-15
0,89817	-14
0,89883	-14
0,89950	-14
0,90017	-14
0,90083	-14
0,90150	-14
0,90217	-14
0,90283	-14
0,90350	-14
0,90417	-14
0,90483	-14
0,90550	-14
0,90617	-14
0,90683	-14
0,90750	-13
0,90817	-14
0,90883	-14
0,90950	-14
0,91017	-14
0,91083	-14
0,91150	-14
0,91217	-14
0,91283	-14
0,91350	-15
0,91417	-15
0,91483	-15
0,91550	-15
0,91617	-16
0,91683	-16
0,91750	-16
0,91817	-16
0,91883	-16
0,91950	-17
0,92017	-17
0,92083	-17
0,92150	-17
0,92217	-16
0,92283	-16
0,92350	-16
0,92417	-16
0,92483	-16
0,92550	-15
0,92617	-15
0,92683	-15
0,92750	-15
0,92817	-15
0,92883	-15
0,92950	-16
0,93017	-16
0,93083	-16
0,93150	-16
0,93217	-16
0,93283	-17
0,93350	-17
0,93417	-17
0,93483	-17
0,93550	-16
0,93617	-16
0,93683	-16
0,93750	-15
0,93817	-15
0,93883	-15
0,93950	-14
0,94017	-14
0,94083	-14
0,94150	-14
0,94217	-14
0,94283	-14
0,94350	-14
0,94417	-13
0,94483	-13
0,94550	-13
0,94617	-13
0,94683	-13
0,94750	-13
0,94817	-13
0,94883	-12
0,94950	-12
0,95017	-12
0,95083	-12
0,95150	-12
0,95217	-13
0,95283	-13
0,95350	-13
0,95417	-13
0,95483	-13
0,95550	-13
0,95617	-13
0,95683	-13
0,95750	-13
0,95817	-13
0,95883	-13
0,95950	-12
0,96017	-12
0,96083	-12
0,96150	-12
0,96217	-12
0,96283	-12
0,96350	-12
0,96417	-12
0,96483	-12
0,96550	-12
0,96617	-12
0,96683	-13
0,96750	-13
0,96817	-13
0,96883	-13
0,96950	-14
0,97017	-14
0,97083	-14
0,97150	-14
0,97217	-14
0,97283	-15
0,97350	-15
0,97417	-15
0,97483	-15
0,97550	-15
0,97617	-15
0,97683	-15
0,97750	-15
0,97817	-15
0,97883	-15
0,97950	-15
0,98017	-15
0,98083	-15
0,98150	-15
0,98217	-15
0,98283	-16
0,98350	-16
0,98417	-16
0,98483	-16
0,98550	-16
0,98617	-16
0,98683	-16
0,98750	-16
0,98817	-16
0,98883	-16
0,98950	-16
0,99017	-16
0,99083	-16
0,99150	-16
0,99217	-16
0,99283	-16
0,99350	-16
0,99417	-17
0,99483	-17
0,99550	-17
0,99617	-17
0,99683	-17
0,99750	-17
0,99817	-17
0,99883	-17
0,99950	-17
1,00017	-17
1,00083	-16
1,00150	-16
1,00217	-16
1,00283	-16
1,00350	-15
1,00417	-15
1,00483	-15
1,00550	-15
1,00617	-15
1,00683	-15
1,00750	-14
1,00817	-14
1,00883	-14
1,00950	-14
1,01017	-13
1,01083	-13
1,01150	-13
1,01217	-13
1,01283	-13
1,01350	-13
1,01417	-14
1,01483	-14
1,01550	-14
1,01617	-14
1,01683	-14
1,01750	-14
1,01817	-15
1,01883	-15
1,01950	-15
1,02017	-15
1,02083	-15
1,02150	-15
1,02217	-15
1,02283	-15
1,02350	-15
1,02417	-15
1,02483	-15
1,02550	-15
1,02617	-15
1,02683	-15
1,02750	-15
1,02817	-15
1,02883	-15
1,02950	-15
1,03017	-14
1,03083	-14
1,03150	-14
1,03217	-14
1,03283	-14
1,03350	-14
1,03417	-14
1,03483	-14
1,03550	-15
1,03617	-15
1,03683	-15
1,03750	-15
1,03817	-15
1,03883	-15
1,03950	-15
1,04017	-15
1,04083	-16
1,04150	-16
1,04217	-16
1,04283	-16
1,04350	-16
1,04417	-17
1,04483	-17
1,04550	-17
1,04617	-17
1,04683	-17
1,04750	-17
1,04817	-18
1,04883	-18
1,04950	-18
1,05017	-18
1,05083	-18
1,05150	-18
1,05217	-18
1,05283	-18
1,05350	-18
1,05417	-18
1,05483	-18
1,05550	-18
1,05617	-19
1,05683	-19
1,05750	-19
1,05817	-19
1,05883	-20
1,05950	-20
1,06017	-20
1,06083	-20
1,06150	-20
1,06217	-19
1,06283	-19
1,06350	-19
1,06417	-19
1,06483	-18
1,06550	-18
1,06617	-18
1,06683	-17
1,06750	-17
1,06817	-17
1,06883	-16
1,06950	-16
1,07017	-16
1,07083	-16
1,07150	-16
1,07217	-16
1,07283	-15
1,07350	-15
1,07417	-15
1,07483	-15
1,07550	-15
1,07617	-15
1,07683	-15
1,07750	-16
1,07817	-16
1,07883	-16
1,07950	-16
1,08017	-16
1,08083	-17
1,08150	-17
1,08217	-17
1,08283	-17
1,08350	-17
1,08417	-16
1,08483	-16
1,08550	-16
1,08617	-16
1,08683	-16
1,08750	-16
1,08817	-16
1,08883	-16
1,08950	-16
1,09017	-16
1,09083	-16
1,09150	-16
1,09217	-16
1,09283	-16
1,09350	-16
1,09417	-15
1,09483	-15
1,09550	-15
1,09617	-15
1,09683	-15
1,09750	-14
1,09817	-14
1,09883	-14
1,09950	-14
1,10017	-14
1,10083	-14
1,10150	-14
1,10217	-14
1,10283	-14
1,10350	-13
1,10417	-13
1,10483	-13
1,10550	-13
1,10617	-13
1,10683	-13
1,10750	-14
1,10817	-14
1,10883	-14
1,10950	-14
1,11017	-14
1,11083	-14
1,11150	-15
1,11217	-15
1,11283	-15
1,11350	-15
1,11417	-15
1,11483	-15
1,11550	-15
1,11617	-15
1,11683	-15
1,11750	-15
1,11817	-15
1,11883	-15
1,11950	-15
1,12017	-15
1,12083	-15
1,12150	-15
1,12217	-15
1,12283	-15
1,12350	-15
1,12417	-15
1,12483	-15
1,12550	-15
1,12617	-14
1,12683	-14
1,12750	-14
1,12817	-14
1,12883	-14
1,12950	-14
1,13017	-14
1,13083	-14
1,13150	-14
1,13217	-14
1,13283	-14
1,13350	-14
1,13417	-14
1,13483	-14
1,13550	-14
1,13617	-14
1,13683	-14
1,13750	-13
1,13817	-13
1,13883	-13
1,13950	-12
1,14017	-11
1,14083	-11
1,14150	-9
1,14217	-8
1,14283	-6
1,14350	-3
1,14417	1
1,14483	5
1,14550	10
1,14617	15
1,14683	21
1,14750	27
1,14817	34
1,14883	40
1,14950	47
1,15017	53
1,15083	59
1,15150	65
1,15217	70
1,15283	75
1,15350	79
1,15417	82
1,15483	84
1,15550	86
1,15617	87
1,15683	87
1,15750	87
1,15817	86
1,15883	85
1,15950	84
1,16017	82
1,16083	80
1,16150	77
1,16217	75
1,16283	72
1,16350	68
1,16417	65
1,16483	62
1,16550	59
1,16617	55
1,16683	52
1,16750	49
1,16817	46
1,16883	43
1,16950	40
1,17017	37
1,17083	34
1,17150	31
1,17217	29
1,17283	26
1,17350	24
1,17417	22
1,17483	19
1,17550	17
1,17617	15
1,17683	14
1,17750	12
1,17817	10
1,17883	9
1,17950	8
1,18017	8
1,18083	7
1,18150	7
1,18217	7
1,18283	7
1,18350	7
1,18417	7
1,18483	8
1,18550	8
1,18617	8
1,18683	9
1,18750	9
1,18817	10
1,18883	10
1,18950	10
1,19017	10
1,19083	10
1,19150	10
1,19217	10
1,19283	9
1,19350	9
1,19417	9
1,19483	9
1,19550	8
1,19617	8
1,19683	8
1,19750	8
1,19817	8
1,19883	8
1,19950	9
1,20017	9
1,20083	10
1,20150	11
1,20217	12
1,20283	13
1,20350	13
1,20417	14
1,20483	14
1,20550	15
1,20617	15
1,20683	15
1,20750	14
1,20817	14
1,20883	13
1,20950	13
1,21017	12
1,21083	11
1,21150	10
1,21217	9
1,21283	8
1,21350	8
1,21417	7
1,21483	6
1,21550	6
1,21617	5
1,21683	4
1,21750	4
1,21817	3
1,21883	3
1,21950	2
1,22017	2
1,22083	1
1,22150	1
1,22217	0
1,22283	-1
1,22350	-1
1,22417	-2
1,22483	-2
1,22550	-2
1,22617	-3
1,22683	-3
1,22750	-4
1,22817	-4
1,22883	-5
1,22950	-5
1,23017	-6
1,23083	-6
1,23150	-7
1,23217	-7
1,23283	-7
1,23350	-7
1,23417	-6
1,23483	-5
1,23550	-4
1,23617	-2
1,23683	2
1,23750	6
1,23817	11
1,23883	18
1,23950	26
1,24017	35
1,24083	46
1,24150	57
1,24217	70
1,24283	83
1,24350	96
1,24417	110
1,24483	122
1,24550	134
1,24617	145
1,24683	155
1,24750	163
1,24817	170
1,24883	176
1,24950	179
1,25017	181
1,25083	182
1,25150	182
1,25217	180
1,25283	177
1,25350	173
1,25417	169
1,25483	164
1,25550	158
1,25617	152
1,25683	145
1,25750	138
1,25817	131
1,25883	124
1,25950	117
1,26017	110
1,26083	103
1,26150	96
1,26217	89
1,26283	83
1,26350	77
1,26417	71
1,26483	66
1,26550	61
1,26617	56
1,26683	51
1,26750	47
1,26817	43
1,26883	39
1,26950	35
1,27017	31
1,27083	28
1,27150	25
1,27217	21
1,27283	19
1,27350	16
1,27417	14
1,27483	12
1,27550	11
1,27617	10
1,27683	10
1,27750	11
1,27817	12
1,27883	16
1,27950	21
1,28017	29
1,28083	39
1,28150	54
1,28217	72
1,28283	94
1,28350	121
1,28417	153
1,28483	190
1,28550	230
1,28617	274
1,28683	322
1,28750	372
1,28817	423
1,28883	476
1,28950	529
1,29017	582
1,29083	632
1,29150	681
1,29217	725
1,29283	765
1,29350	799
1,29417	827
1,29483	848
1,29550	863
1,29617	872
1,29683	873
1,29750	869
1,29817	859
1,29883	844
1,29950	824
1,30017	801
1,30083	775
1,30150	746
1,30217	716
1,30283	684
1,30350	651
1,30417	618
1,30483	585
1,30550	552
1,30617	519
1,30683	488
1,30750	457
1,30817	427
1,30883	399
1,30950	372
1,31017	346
1,31083	321
1,31150	298
1,31217	276
1,31283	255
1,31350	235
1,31417	217
1,31483	201
1,31550	186
1,31617	173
1,31683	163
1,31750	157
1,31817	156
1,31883	161
1,31950	175
1,32017	200
1,32083	239
1,32150	293
1,32217	365
1,32283	456
1,32350	566
1,32417	691
1,32483	831
1,32550	979
1,32617	1132
1,32683	1285
1,32750	1432
1,32817	1570
1,32883	1694
1,32950	1802
1,33017	1892
1,33083	1962
1,33150	2013
1,33217	2045
1,33283	2059
1,33350	2055
1,33417	2035
1,33483	2002
1,33550	1956
1,33617	1901
1,33683	1837
1,33750	1766
1,33817	1691
1,33883	1613
1,33950	1532
1,34017	1451
1,34083	1371
1,34150	1291
1,34217	1212
1,34283	1136
1,34350	1063
1,34417	993
1,34483	926
1,34550	863
1,34617	803
1,34683	747
1,34750	694
1,34817	645
1,34883	600
1,34950	558
1,35017	520
1,35083	484
1,35150	451
1,35217	420
1,35283	391
1,35350	365
1,35417	340
1,35483	317
1,35550	295
1,35617	275
1,35683	255
1,35750	237
1,35817	220
1,35883	204
1,35950	189
1,36017	175
1,36083	161
1,36150	149
1,36217	137
1,36283	126
1,36350	116
1,36417	106
1,36483	98
1,36550	89
1,36617	82
1,36683	75
1,36750	68
1,36817	62
1,36883	56
1,36950	50
1,37017	46
1,37083	41
1,37150	37
1,37217	33
1,37283	30
1,37350	26
1,37417	23
1,37483	21
1,37550	18
1,37617	15
1,37683	13
1,37750	11
1,37817	9
1,37883	7
1,37950	6
1,38017	4
1,38083	3
1,38150	1
1,38217	0
1,38283	-1
1,38350	-2
1,38417	-3
1,38483	-4
1,38550	-5
1,38617	-6
1,38683	-7
1,38750	-8
1,38817	-9
1,38883	-9
1,38950	-10
1,39017	-10
1,39083	-10
1,39150	-10
1,39217	-11
1,39283	-11
1,39350	-11
1,39417	-11
1,39483	-11
1,39550	-12
1,39617	-12
1,39683	-12
1,39750	-12
1,39817	-13
1,39883	-13
1,39950	-14
1,40017	-14
1,40083	-15
1,40150	-15
1,40217	-15
1,40283	-16
1,40350	-16
1,40417	-16
1,40483	-16
1,40550	-16
1,40617	-16
1,40683	-16
1,40750	-16
1,40817	-15
1,40883	-15
1,40950	-15
1,41017	-15
1,41083	-14
1,41150	-14
1,41217	-14
1,41283	-14
1,41350	-13
1,41417	-13
1,41483	-13
1,41550	-13
1,41617	-12
1,41683	-12
1,41750	-12
1,41817	-12
1,41883	-12
1,41950	-12
1,42017	-12
1,42083	-12
1,42150	-12
1,42217	-13
1,42283	-13
1,42350	-13
1,42417	-13
1,42483	-13
1,42550	-14
1,42617	-14
1,42683	-14
1,42750	-15
1,42817	-15
1,42883	-15
1,42950	-16
1,43017	-16
1,43083	-16
1,43150	-16
1,43217	-16
1,43283	-15
1,43350	-14
1,43417	-13
1,43483	-10
1,43550	-6
1,43617	-1
1,43683	7
1,43750	17
1,43817	31
1,43883	49
1,43950	71
1,44017	97
1,44083	129
1,44150	164
1,44217	204
1,44283	248
1,44350	294
1,44417	342
1,44483	390
1,44550	437
1,44617	483
1,44683	526
1,44750	565
1,44817	599
1,44883	628
1,44950	652
1,45017	670
1,45083	682
1,45150	689
1,45217	691
1,45283	687
1,45350	678
1,45417	666
1,45483	649
1,45550	630
1,45617	608
1,45683	585
1,45750	560
1,45817	533
1,45883	507
1,45950	480
1,46017	453
1,46083	427
1,46150	401
1,46217	377
1,46283	353
1,46350	332
1,46417	312
1,46483	293
1,46550	277
1,46617	262
1,46683	249
1,46750	238
1,46817	229
1,46883	220
1,46950	214
1,47017	208
1,47083	203
1,47150	198
1,47217	194
1,47283	190
1,47350	186
1,47417	182
1,47483	178
1,47550	173
1,47617	168
1,47683	163
1,47750	157
1,47817	151
1,47883	145
1,47950	138
1,48017	131
1,48083	124
1,48150	117
1,48217	110
1,48283	103
1,48350	96
1,48417	89
1,48483	83
1,48550	77
1,48617	71
1,48683	65
1,48750	60
1,48817	55
1,48883	50
1,48950	46
1,49017	41
1,49083	38
1,49150	34
1,49217	31
1,49283	29
1,49350	26
1,49417	24
1,49483	21
1,49550	19
1,49617	17
1,49683	15
1,49750	13
1,49817	12
1,49883	10
1,49950	9
1,50017	8
1,50083	7
1,50150	6
1,50217	5
1,50283	4
1,50350	4
1,50417	3
1,50483	2
1,50550	2
1,50617	1
1,50683	1
1,50750	1
1,50817	1
1,50883	1
1,50950	1
1,51017	1
1,51083	2
1,51150	3
1,51217	4
1,51283	5
1,51350	6
1,51417	8
1,51483	10
1,51550	12
1,51617	14
1,51683	17
1,51750	20
1,51817	23
1,51883	28
1,51950	35
1,52017	43
1,52083	53
1,52150	67
1,52217	84
1,52283	107
1,52350	135
1,52417	169
1,52483	211
1,52550	259
1,52617	315
1,52683	377
1,52750	445
1,52817	518
1,52883	595
1,52950	675
1,53017	755
1,53083	834
1,53150	910
1,53217	982
1,53283	1048
1,53350	1108
1,53417	1159
1,53483	1201
1,53550	1234
1,53617	1259
1,53683	1273
1,53750	1279
1,53817	1275
1,53883	1264
1,53950	1246
1,54017	1222
1,54083	1193
1,54150	1164
1,54217	1137
1,54283	1121
1,54350	1132
1,54417	1203
1,54483	1397
1,54550	1829
1,54617	2679
1,54683	4223
1,54750	6863
1,54817	11181
1,54883	17988
1,54950	28367
1,55017	43736
1,55083	65873
1,55150	96934
1,55217	139314
1,55283	195771
1,55350	269130
1,55417	362345
1,55483	478078
1,55550	618942
1,55617	786624
1,55683	982268
1,55750	1205918
1,55817	1456732
1,55883	1732362
1,55950	2029354
1,56017	2342989
1,56083	2667537
1,56150	2996162
1,56217	3321473
1,56283	3635908
1,56350	3932282
1,56417	4204253
1,56483	4446192
1,56550	4653504
1,56617	4822781
1,56683	4951781
1,56750	5039588
1,56817	5086356
1,56883	5093400
1,56950	5062852
1,57017	4997719
1,57083	4901529
1,57150	4778297
1,57217	4632194
1,57283	4467491
1,57350	4288286
1,57417	4098459
1,57483	3901537
1,57550	3700675
1,57617	3498599
1,57683	3297628
1,57750	3099676
1,57817	2906294
1,57883	2718702
1,57950	2537836
1,58017	2364377
1,58083	2198798
1,58150	2041392
1,58217	1892307
1,58283	1751567
1,58350	1619099
1,58417	1494751
1,58483	1378310
1,58550	1269517
1,58617	1168077
1,58683	1073672
1,58750	985966
1,58817	904615
1,58883	829273
1,58950	759592
1,59017	695233
1,59083	635861
1,59150	581154
1,59217	530800
1,59283	484501
1,59350	441971
1,59417	402940
1,59483	367150
1,59550	334361
1,59617	304345
1,59683	276888
1,59750	251790
1,59817	228864
1,59883	207936
1,59950	188845
1,60017	171440
1,60083	155581
1,60150	141138
1,60217	127993
1,60283	116036
1,60350	105163
1,60417	95282
1,60483	86306
1,60550	78155
1,60617	70758
1,60683	64047
1,60750	57961
1,60817	52443
1,60883	47444
1,60950	42914
1,61017	38812
1,61083	35099
1,61150	31738
1,61217	28697
1,61283	25946
1,61350	23458
1,61417	21209
1,61483	19176
1,61550	17340
1,61617	15680
1,61683	14181
1,61750	12828
1,61817	11606
1,61883	10502
1,61950	9506
1,62017	8608
1,62083	7796
1,62150	7064
1,62217	6404
1,62283	5808
1,62350	5270
1,62417	4785
1,62483	4348
1,62550	3954
1,62617	3598
1,62683	3277
1,62750	2988
1,62817	2727
1,62883	2492
1,62950	2280
1,63017	2089
1,63083	1916
1,63150	1761
1,63217	1620
1,63283	1493
1,63350	1379
1,63417	1275
1,63483	1182
1,63550	1097
1,63617	1020
1,63683	951
1,63750	888
1,63817	831
1,63883	779
1,63950	732
1,64017	689
1,64083	650
1,64150	614
1,64217	582
1,64283	552
1,64350	525
1,64417	501
1,64483	478
1,64550	457
1,64617	437
1,64683	420
1,64750	403
1,64817	388
1,64883	374
1,64950	360
1,65017	348
1,65083	337
1,65150	326
1,65217	316
1,65283	307
1,65350	298
1,65417	290
1,65483	282
1,65550	274
1,65617	267
1,65683	260
1,65750	254
1,65817	248
1,65883	242
1,65950	237
1,66017	232
1,66083	227
1,66150	223
1,66217	218
1,66283	214
1,66350	210
1,66417	206
1,66483	202
1,66550	198
1,66617	195
1,66683	191
1,66750	187
1,66817	184
1,66883	181
1,66950	177
1,67017	174
1,67083	171
1,67150	168
1,67217	165
1,67283	162
1,67350	159
1,67417	157
1,67483	154
1,67550	151
1,67617	149
1,67683	147
1,67750	144
1,67817	142
1,67883	140
1,67950	138
1,68017	136
1,68083	134
1,68150	132
1,68217	130
1,68283	128
1,68350	126
1,68417	125
1,68483	123
1,68550	121
1,68617	120
1,68683	118
1,68750	116
1,68817	114
1,68883	112
1,68950	110
1,69017	109
1,69083	107
1,69150	105
1,69217	104
1,69283	102
1,69350	101
1,69417	99
1,69483	98
1,69550	97
1,69617	95
1,69683	94
1,69750	93
1,69817	92
1,69883	90
1,69950	89
1,70017	88
1,70083	87
1,70150	86
1,70217	85
1,70283	84
1,70350	83
1,70417	82
1,70483	81
1,70550	80
1,70617	79
1,70683	78
1,70750	77
1,70817	77
1,70883	76
1,70950	76
1,71017	76
1,71083	75
1,71150	75
1,71217	75
1,71283	75
1,71350	75
1,71417	75
1,71483	74
1,71550	74
1,71617	74
1,71683	73
1,71750	72
1,71817	72
1,71883	71
1,71950	70
1,72017	69
1,72083	68
1,72150	68
1,72217	67
1,72283	66
1,72350	65
1,72417	64
1,72483	63
1,72550	63
1,72617	62
1,72683	61
1,72750	60
1,72817	59
1,72883	59
1,72950	58
1,73017	57
1,73083	56
1,73150	56
1,73217	55
1,73283	54
1,73350	53
1,73417	52
1,73483	51
1,73550	50
1,73617	49
1,73683	48
1,73750	47
1,73817	46
1,73883	46
1,73950	45
1,74017	44
1,74083	43
1,74150	42
1,74217	42
1,74283	41
1,74350	40
1,74417	39
1,74483	39
1,74550	38
1,74617	38
1,74683	37
1,74750	37
1,74817	37
1,74883	36
1,74950	36
1,75017	36
1,75083	35
1,75150	35
1,75217	35
1,75283	35
1,75350	34
1,75417	34
1,75483	34
1,75550	34
1,75617	34
1,75683	34
1,75750	34
1,75817	34
1,75883	34
1,75950	34
1,76017	34
1,76083	34
1,76150	34
1,76217	35
1,76283	35
1,76350	35
1,76417	36
1,76483	36
1,76550	37
1,76617	37
1,76683	38
1,76750	38
1,76817	38
1,76883	39
1,76950	39
1,77017	39
1,77083	39
1,77150	39
1,77217	39
1,77283	38
1,77350	37
1,77417	37
1,77483	36
1,77550	35
1,77617	34
1,77683	34
1,77750	33
1,77817	32
1,77883	31
1,77950	30
1,78017	29
1,78083	28
1,78150	27
1,78217	26
1,78283	26
1,78350	25
1,78417	24
1,78483	24
1,78550	23
1,78617	22
1,78683	22
1,78750	21
1,78817	20
1,78883	20
1,78950	20
1,79017	19
1,79083	19
1,79150	18
1,79217	18
1,79283	17
1,79350	17
1,79417	16
1,79483	16
1,79550	16
1,79617	15
1,79683	15
1,79750	15
1,79817	15
1,79883	14
1,79950	14
1,80017	14
1,80083	14
1,80150	14
1,80217	14
1,80283	14
1,80350	14
1,80417	14
1,80483	13
1,80550	13
1,80617	13
1,80683	13
1,80750	13
1,80817	12
1,80883	12
1,80950	12
1,81017	12
1,81083	11
1,81150	11
1,81217	11
1,81283	11
1,81350	11
1,81417	11
1,81483	11
1,81550	11
1,81617	10
1,81683	10
1,81750	10
1,81817	10
1,81883	9
1,81950	9
1,82017	9
1,82083	9
1,82150	8
1,82217	8
1,82283	8
1,82350	8
1,82417	8
1,82483	8
1,82550	8
1,82617	7
1,82683	7
1,82750	7
1,82817	7
1,82883	7
1,82950	7
1,83017	7
1,83083	7
1,83150	7
1,83217	7
1,83283	7
1,83350	7
1,83417	7
1,83483	7
1,83550	6
1,83617	6
1,83683	6
1,83750	5
1,83817	5
1,83883	5
1,83950	5
1,84017	5
1,84083	5
1,84150	5
1,84217	5
1,84283	5
1,84350	5
1,84417	5
1,84483	5
1,84550	5
1,84617	5
1,84683	5
1,84750	4
1,84817	4
1,84883	4
1,84950	4
1,85017	4
1,85083	3
1,85150	3
1,85217	3
1,85283	3
1,85350	3
1,85417	3
1,85483	4
1,85550	4
1,85617	4
1,85683	5
1,85750	5
1,85817	5
1,85883	6
1,85950	6
1,86017	7
1,86083	8
1,86150	9
1,86217	11
1,86283	13
1,86350	18
1,86417	26
1,86483	40
1,86550	64
1,86617	105
1,86683	173
1,86750	282
1,86817	454
1,86883	715
1,86950	1094
1,87017	1625
1,87083	2344
1,87150	3284
1,87217	4478
1,87283	5957
1,87350	7748
1,87417	9875
1,87483	12363
1,87550	15228
1,87617	18480
1,87683	22126
1,87750	26174
1,87817	30625
1,87883	35483
1,87950	40736
1,88017	46364
1,88083	52335
1,88150	58621
1,88217	65196
1,88283	72021
1,88350	79043
1,88417	86198
1,88483	93408
1,88550	100574
1,88617	107566
1,88683	114238
1,88750	120413
1,88817	125904
1,88883	130524
1,88950	134123
1,89017	136598
1,89083	137908
1,89150	138068
1,89217	137148
1,89283	135245
1,89350	132481
1,89417	128986
1,89483	124890
1,89550	120321
1,89617	115395
1,89683	110217
1,89750	104879
1,89817	99462
1,89883	94034
1,89950	88651
1,90017	83359
1,90083	78197
1,90150	73195
1,90217	68374
1,90283	63751
1,90350	59337
1,90417	55141
1,90483	51164
1,90550	47408
1,90617	43870
1,90683	40546
1,90750	37432
1,90817	34520
1,90883	31803
1,90950	29271
1,91017	26918
1,91083	24732
1,91150	22707
1,91217	20831
1,91283	19097
1,91350	17496
1,91417	16019
1,91483	14659
1,91550	13406
1,91617	12255
1,91683	11197
1,91750	10226
1,91817	9335
1,91883	8518
1,91950	7771
1,92017	7086
1,92083	6460
1,92150	5888
1,92217	5365
1,92283	4888
1,92350	4452
1,92417	4055
1,92483	3693
1,92550	3363
1,92617	3062
1,92683	2788
1,92750	2539
1,92817	2312
1,92883	2106
1,92950	1919
1,93017	1748
1,93083	1593
1,93150	1453
1,93217	1325
1,93283	1209
1,93350	1103
1,93417	1007
1,93483	920
1,93550	841
1,93617	770
1,93683	705
1,93750	646
1,93817	593
1,93883	544
1,93950	500
1,94017	460
1,94083	424
1,94150	391
1,94217	361
1,94283	334
1,94350	309
1,94417	286
1,94483	266
1,94550	247
1,94617	230
1,94683	215
1,94750	201
1,94817	188
1,94883	176
1,94950	165
1,95017	156
1,95083	147
1,95150	139
1,95217	131
1,95283	124
1,95350	118
1,95417	112
1,95483	106
1,95550	101
1,95617	96
1,95683	92
1,95750	88
1,95817	84
1,95883	81
1,95950	77
1,96017	75
1,96083	72
1,96150	69
1,96217	67
1,96283	65
1,96350	63
1,96417	61
1,96483	59
1,96550	57
1,96617	55
1,96683	54
1,96750	52
1,96817	51
1,96883	50
1,96950	49
1,97017	48
1,97083	47
1,97150	46
1,97217	46
1,97283	45
1,97350	44
1,97417	43
1,97483	43
1,97550	42
1,97617	41
1,97683	40
1,97750	39
1,97817	38
1,97883	37
1,97950	37
1,98017	36
1,98083	35
1,98150	35
1,98217	34
1,98283	34
1,98350	33
1,98417	33
1,98483	32
1,98550	32
1,98617	31
1,98683	30
1,98750	29
1,98817	28
1,98883	27
1,98950	26
1,99017	26
1,99083	25
1,99150	24
1,99217	24
1,99283	23
1,99350	23
1,99417	22
1,99483	22
1,99550	21
1,99617	21
1,99683	20
1,99750	20
1,99817	19
1,99883	19
1,99950	18
2,00017	18
2,00083	18
2,00150	17
2,00217	17
2,00283	16
2,00350	16
2,00417	15
2,00483	15
2,00550	14
2,00617	13
2,00683	13
2,00750	12
2,00817	12
2,00883	12
2,00950	11
2,01017	11
2,01083	11
2,01150	11
2,01217	11
2,01283	11
2,01350	11
2,01417	11
2,01483	11
2,01550	11
2,01617	11
2,01683	11
2,01750	10
2,01817	10
2,01883	10
2,01950	10
2,02017	9
2,02083	9
2,02150	9
2,02217	8
2,02283	8
2,02350	8
2,02417	8
2,02483	8
2,02550	8
2,02617	7
2,02683	7
2,02750	6
2,02817	6
2,02883	6
2,02950	5
2,03017	5
2,03083	4
2,03150	4
2,03217	4
2,03283	4
2,03350	4
2,03417	3
2,03483	3
2,03550	3
2,03617	3
2,03683	3
2,03750	3
2,03817	2
2,03883	2
2,03950	2
2,04017	1
2,04083	1
2,04150	0
2,04217	0
2,04283	0
2,04350	-0
2,04417	-0
2,04483	-1
2,04550	-1
2,04617	-1
2,04683	-1
2,04750	-1
2,04817	-1
2,04883	-1
2,04950	-1
2,05017	-1
2,05083	-1
2,05150	-1
2,05217	-1
2,05283	-1
2,05350	-1
2,05417	-1
2,05483	-0
2,05550	-0
2,05617	-0
2,05683	-1
2,05750	-1
2,05817	-1
2,05883	-1
2,05950	-1
2,06017	-2
2,06083	-2
2,06150	-3
2,06217	-3
2,06283	-4
2,06350	-4
2,06417	-4
2,06483	-5
2,06550	-5
2,06617	-5
2,06683	-5
2,06750	-5
2,06817	-6
2,06883	-6
2,06950	-6
2,07017	-7
2,07083	-7
2,07150	-7
2,07217	-7
2,07283	-7
2,07350	-8
2,07417	-8
2,07483	-8
2,07550	-8
2,07617	-8
2,07683	-9
2,07750	-9
2,07817	-9
2,07883	-9
2,07950	-9
2,08017	-9
2,08083	-10
2,08150	-10
2,08217	-10
2,08283	-10
2,08350	-10
2,08417	-10
2,08483	-9
2,08550	-9
2,08617	-9
2,08683	-9
2,08750	-8
2,08817	-8
2,08883	-8
2,08950	-8
2,09017	-8
2,09083	-7
2,09150	-7
2,09217	-7
2,09283	-7
2,09350	-7
2,09417	-7
2,09483	-7
2,09550	-7
2,09617	-7
2,09683	-7
2,09750	-7
2,09817	-7
2,09883	-7
2,09950	-7
2,10017	-7
2,10083	-7
2,10150	-7
2,10217	-7
2,10283	-7
2,10350	-7
2,10417	-7
2,10483	-7
2,10550	-7
2,10617	-7
2,10683	-7
2,10750	-7
2,10817	-8
2,10883	-8
2,10950	-8
2,11017	-8
2,11083	-9
2,11150	-9
2,11217	-9
2,11283	-9
2,11350	-9
2,11417	-9
2,11483	-10
2,11550	-10
2,11617	-10
2,11683	-10
2,11750	-10
2,11817	-11
2,11883	-11
2,11950	-11
2,12017	-12
2,12083	-12
2,12150	-12
2,12217	-12
2,12283	-12
2,12350	-12
2,12417	-12
2,12483	-13
2,12550	-13
2,12617	-14
2,12683	-14
2,12750	-15
2,12817	-15
2,12883	-15
2,12950	-15
2,13017	-15
2,13083	-15
2,13150	-15
2,13217	-15
2,13283	-15
2,13350	-15
2,13417	-15
2,13483	-15
2,13550	-15
2,13617	-15
2,13683	-15
2,13750	-15
2,13817	-15
2,13883	-15
2,13950	-15
2,14017	-14
2,14083	-14
2,14150	-14
2,14217	-14
2,14283	-14
2,14350	-13
2,14417	-13
2,14483	-13
2,14550	-13
2,14617	-12
2,14683	-12
2,14750	-12
2,14817	-12
2,14883	-12
2,14950	-12
2,15017	-12
2,15083	-11
2,15150	-11
2,15217	-11
2,15283	-11
2,15350	-11
2,15417	-11
2,15483	-11
2,15550	-11
2,15617	-11
2,15683	-12
2,15750	-12
2,15817	-12
2,15883	-13
2,15950	-13
2,16017	-13
2,16083	-13
2,16150	-13
2,16217	-13
2,16283	-13
2,16350	-13
2,16417	-13
2,16483	-13
2,16550	-13
2,16617	-13
2,16683	-13
2,16750	-13
2,16817	-14
2,16883	-14
2,16950	-14
2,17017	-15
2,17083	-15
2,17150	-16
2,17217	-16
2,17283	-16
2,17350	-16
2,17417	-17
2,17483	-17
2,17550	-17
2,17617	-17
2,17683	-17
2,17750	-17
2,17817	-17
2,17883	-17
2,17950	-18
2,18017	-18
2,18083	-18
2,18150	-18
2,18217	-18
2,18283	-18
2,18350	-18
2,18417	-18
2,18483	-18
2,18550	-18
2,18617	-18
2,18683	-18
2,18750	-18
2,18817	-18
2,18883	-19
2,18950	-19
2,19017	-19
2,19083	-19
2,19150	-19
2,19217	-19
2,19283	-19
2,19350	-19
2,19417	-19
2,19483	-19
2,19550	-18
2,19617	-18
2,19683	-18
2,19750	-18
2,19817	-18
2,19883	-17
2,19950	-17
2,20017	-17
2,20083	-17
2,20150	-17
2,20217	-17
2,20283	-17
2,20350	-17
2,20417	-17
2,20483	-16
2,20550	-16
2,20617	-16
2,20683	-16
2,20750	-16
2,20817	-16
2,20883	-16
2,20950	-16
2,21017	-15
2,21083	-15
2,21150	-15
2,21217	-15
2,21283	-15
2,21350	-15
2,21417	-15
2,21483	-15
2,21550	-15
2,21617	-15
2,21683	-14
2,21750	-14
2,21817	-14
2,21883	-14
2,21950	-14
2,22017	-13
2,22083	-13
2,22150	-13
2,22217	-13
2,22283	-12
2,22350	-12
2,22417	-12
2,22483	-11
2,22550	-11
2,22617	-11
2,22683	-11
2,22750	-10
2,22817	-10
2,22883	-10
2,22950	-10
2,23017	-10
2,23083	-10
2,23150	-10
2,23217	-10
2,23283	-11
2,23350	-11
2,23417	-11
2,23483	-11
2,23550	-11
2,23617	-11
2,23683	-12
2,23750	-12
2,23817	-12
2,23883	-13
2,23950	-13
2,24017	-13
2,24083	-14
2,24150	-14
2,24217	-14
2,24283	-14
2,24350	-14
2,24417	-14
2,24483	-14
2,24550	-14
2,24617	-14
2,24683	-14
2,24750	-14
2,24817	-14
2,24883	-14
2,24950	-14
2,25017	-14
2,25083	-14
2,25150	-13
2,25217	-13
2,25283	-13
2,25350	-13
2,25417	-13
2,25483	-12
2,25550	-12
2,25617	-12
2,25683	-11
2,25750	-11
2,25817	-10
2,25883	-10
2,25950	-9
2,26017	-9
2,26083	-8
2,26150	-8
2,26217	-7
2,26283	-7
2,26350	-7
2,26417	-7
2,26483	-6
2,26550	-6
2,26617	-6
2,26683	-6
2,26750	-6
2,26817	-5
2,26883	-5
2,26950	-5
2,27017	-5
2,27083	-5
2,27150	-5
2,27217	-5
2,27283	-5
2,27350	-5
2,27417	-5
2,27483	-5
2,27550	-5
2,27617	-5
2,27683	-5
2,27750	-6
2,27817	-6
2,27883	-6
2,27950	-6
2,28017	-6
2,28083	-7
2,28150	-7
2,28217	-7
2,28283	-7
2,28350	-8
2,28417	-8
2,28483	-8
2,28550	-9
2,28617	-9
2,28683	-9
2,28750	-9
2,28817	-10
2,28883	-10
2,28950	-10
2,29017	-10
2,29083	-10
2,29150	-10
2,29217	-10
2,29283	-10
2,29350	-10
2,29417	-10
2,29483	-10
2,29550	-10
2,29617	-10
2,29683	-10
2,29750	-9
2,29817	-9
2,29883	-9
2,29950	-9
2,30017	-9
2,30083	-9
2,30150	-8
2,30217	-8
2,30283	-7
2,30350	-7
2,30417	-7
2,30483	-6
2,30550	-5
2,30617	-5
2,30683	-4
2,30750	-3
2,30817	-2
2,30883	-1
2,30950	1
2,31017	2
2,31083	3
2,31150	5
2,31217	6
2,31283	8
2,31350	10
2,31417	12
2,31483	14
2,31550	16
2,31617	18
2,31683	19
2,31750	21
2,31817	22
2,31883	23
2,31950	24
2,32017	25
2,32083	26
2,32150	26
2,32217	27
2,32283	27
2,32350	27
2,32417	27
2,32483	27
2,32550	27
2,32617	27
2,32683	27
2,32750	27
2,32817	28
2,32883	29
2,32950	31
2,33017	33
2,33083	35
2,33150	38
2,33217	42
2,33283	47
2,33350	52
2,33417	58
2,33483	64
2,33550	71
2,33617	78
2,33683	85
2,33750	93
2,33817	100
2,33883	108
2,33950	116
2,34017	123
2,34083	129
2,34150	135
2,34217	141
2,34283	145
2,34350	149
2,34417	152
2,34483	154
2,34550	155
2,34617	155
2,34683	155
2,34750	153
2,34817	151
2,34883	148
2,34950	144
2,35017	139
2,35083	134
2,35150	129
2,35217	124
2,35283	118
2,35350	112
2,35417	106
2,35483	100
2,35550	94
2,35617	88
2,35683	82
2,35750	76
2,35817	70
2,35883	65
2,35950	59
2,36017	54
2,36083	49
2,36150	44
2,36217	40
2,36283	36
2,36350	32
2,36417	29
2,36483	25
2,36550	22
2,36617	19
2,36683	17
2,36750	14
2,36817	12
2,36883	10
2,36950	8
2,37017	5
2,37083	3
2,37150	2
2,37217	0
2,37283	-1
2,37350	-3
2,37417	-4
2,37483	-5
2,37550	-6
2,37617	-7
2,37683	-8
2,37750	-9
2,37817	-10
2,37883	-11
2,37950	-12
2,38017	-13
2,38083	-14
2,38150	-15
2,38217	-15
2,38283	-16
2,38350	-16
2,38417	-16
2,38483	-17
2,38550	-17
2,38617	-17
2,38683	-17
2,38750	-17
2,38817	-17
2,38883	-18
2,38950	-18
2,39017	-18
2,39083	-18
2,39150	-19
2,39217	-19
2,39283	-19
2,39350	-19
2,39417	-20
2,39483	-20
2,39550	-20
2,39617	-20
2,39683	-20
2,39750	-20
2,39817	-20
2,39883	-20
2,39950	-20
2,40017	-20
2,40083	-20
2,40150	-20
2,40217	-19
2,40283	-19
2,40350	-19
2,40417	-19
2,40483	-19
2,40550	-19
2,40617	-18
2,40683	-18
2,40750	-18
2,40817	-18
2,40883	-18
2,40950	-18
2,41017	-18
2,41083	-18
2,41150	-18
2,41217	-18
2,41283	-17
2,41350	-17
2,41417	-17
2,41483	-17
2,41550	-17
2,41617	-16
2,41683	-16
2,41750	-16
2,41817	-16
2,41883	-16
2,41950	-15
2,42017	-15
2,42083	-15
2,42150	-15
2,42217	-15
2,42283	-16
2,42350	-16
2,42417	-16
2,42483	-16
2,42550	-16
2,42617	-16
2,42683	-16
2,42750	-16
2,42817	-16
2,42883	-16
2,42950	-15
2,43017	-15
2,43083	-15
2,43150	-15
2,43217	-14
2,43283	-14
2,43350	-14
2,43417	-14
2,43483	-14
2,43550	-14
2,43617	-14
2,43683	-14
2,43750	-13
2,43817	-13
2,43883	-13
2,43950	-13
2,44017	-13
2,44083	-12
2,44150	-12
2,44217	-12
2,44283	-12
2,44350	-12
2,44417	-12
2,44483	-12
2,44550	-12
2,44617	-13
2,44683	-13
2,44750	-13
2,44817	-13
2,44883	-14
2,44950	-14
2,45017	-14
2,45083	-14
2,45150	-14
2,45217	-14
2,45283	-14
2,45350	-14
2,45417	-14
2,45483	-14
2,45550	-14
2,45617	-14
2,45683	-14
2,45750	-14
2,45817	-14
2,45883	-14
2,45950	-14
2,46017	-13
2,46083	-13
2,46150	-12
2,46217	-12
2,46283	-11
2,46350	-10
2,46417	-9
2,46483	-8
2,46550	-7
2,46617	-5
2,46683	-2
2,46750	0
2,46817	4
2,46883	7
2,46950	12
2,47017	17
2,47083	22
2,47150	29
2,47217	35
2,47283	43
2,47350	50
2,47417	58
2,47483	66
2,47550	75
2,47617	83
2,47683	91
2,47750	99
2,47817	107
2,47883	114
2,47950	121
2,48017	127
2,48083	132
2,48150	136
2,48217	140
2,48283	143
2,48350	145
2,48417	146
2,48483	146
2,48550	146
2,48617	146
2,48683	145
2,48750	143
2,48817	141
2,48883	139
2,48950	137
2,49017	135
2,49083	133
2,49150	131
2,49217	130
2,49283	129
2,49350	128
2,49417	127
2,49483	127
2,49550	127
2,49617	127
2,49683	128
2,49750	128
2,49817	129
2,49883	130
2,49950	130
2,50017	130
2,50083	130
2,50150	130
2,50217	129
2,50283	129
2,50350	127
2,50417	126
2,50483	124
2,50550	122
2,50617	119
2,50683	116
2,50750	112
2,50817	108
2,50883	104
2,50950	100
2,51017	95
2,51083	91
2,51150	86
2,51217	82
2,51283	77
2,51350	73
2,51417	68
2,51483	64
2,51550	60
2,51617	56
2,51683	52
2,51750	48
2,51817	45
2,51883	42
2,51950	39
2,52017	36
2,52083	33
2,52150	31
2,52217	29
2,52283	27
2,52350	25
2,52417	24
2,52483	23
2,52550	22
2,52617	21
2,52683	21
2,52750	21
2,52817	20
2,52883	20
2,52950	20
2,53017	20
2,53083	20
2,53150	19
2,53217	19
2,53283	19
2,53350	19
2,53417	19
2,53483	18
2,53550	18
2,53617	17
2,53683	16
2,53750	15
2,53817	15
2,53883	14
2,53950	13
2,54017	12
2,54083	11
2,54150	10
2,54217	9
2,54283	9
2,54350	9
2,54417	9
2,54483	9
2,54550	10
2,54617	12
2,54683	13
2,54750	15
2,54817	17
2,54883	19
2,54950	22
2,55017	24
2,55083	26
2,55150	29
2,55217	31
2,55283	34
2,55350	37
2,55417	39
2,55483	41
2,55550	43
2,55617	45
2,55683	47
2,55750	48
2,55817	50
2,55883	51
2,55950	51
2,56017	52
2,56083	52
2,56150	51
2,56217	50
2,56283	49
2,56350	48
2,56417	46
2,56483	44
2,56550	43
2,56617	41
2,56683	39
2,56750	36
2,56817	34
2,56883	32
2,56950	29
2,57017	27
2,57083	25
2,57150	23
2,57217	20
2,57283	18
2,57350	16
2,57417	14
2,57483	12
2,57550	10
2,57617	8
2,57683	6
2,57750	5
2,57817	3
2,57883	2
2,57950	1
2,58017	0
2,58083	-1
2,58150	-2
2,58217	-3
2,58283	-3
2,58350	-4
2,58417	-5
2,58483	-6
2,58550	-6
2,58617	-7
2,58683	-7
2,58750	-8
2,58817	-8
2,58883	-8
2,58950	-9
2,59017	-9
2,59083	-8
2,59150	-8
2,59217	-8
2,59283	-8
2,59350	-8
2,59417	-8
2,59483	-7
2,59550	-7
2,59617	-7
2,59683	-7
2,59750	-7
2,59817	-6
2,59883	-6
2,59950	-6
2,60017	-6
2,60083	-6
2,60150	-6
2,60217	-5
2,60283	-5
2,60350	-5
2,60417	-4
2,60483	-3
2,60550	-3
2,60617	-2
2,60683	-1
2,60750	-0
2,60817	1
2,60883	2
2,60950	3
2,61017	4
2,61083	5
2,61150	5
2,61217	6
2,61283	7
2,61350	8
2,61417	9
2,61483	10
2,61550	11
2,61617	12
2,61683	14
2,61750	15
2,61817	16
2,61883	17
2,61950	18
2,62017	20
2,62083	21
2,62150	22
2,62217	23
2,62283	24
2,62350	24
2,62417	25
2,62483	26
2,62550	26
2,62617	27
2,62683	27
2,62750	27
2,62817	27
2,62883	28
2,62950	28
2,63017	28
2,63083	29
2,63150	29
2,63217	29
2,63283	29
2,63350	29
2,63417	29
2,63483	29
2,63550	29
2,63617	29
2,63683	29
2,63750	29
2,63817	29
2,63883	29
2,63950	29
2,64017	29
2,64083	29
2,64150	29
2,64217	29
2,64283	28
2,64350	28
2,64417	28
2,64483	28
2,64550	28
2,64617	28
2,64683	28
2,64750	28
2,64817	27
2,64883	27
2,64950	27
2,65017	26
2,65083	26
2,65150	25
2,65217	25
2,65283	25
2,65350	24
2,65417	24
2,65483	24
2,65550	23
2,65617	23
2,65683	23
2,65750	23
2,65817	22
2,65883	22
2,65950	21
2,66017	21
2,66083	20
2,66150	20
2,66217	19
2,66283	19
2,66350	18
2,66417	18
2,66483	17
2,66550	17
2,66617	17
2,66683	17
2,66750	17
2,66817	17
2,66883	16
2,66950	16
2,67017	16
2,67083	16
2,67150	16
2,67217	16
2,67283	16
2,67350	16
2,67417	17
2,67483	17
2,67550	17
2,67617	17
2,67683	17
2,67750	17
2,67817	17
2,67883	17
2,67950	17
2,68017	17
2,68083	16
2,68150	16
2,68217	16
2,68283	16
2,68350	16
2,68417	16
2,68483	16
2,68550	16
2,68617	16
2,68683	16
2,68750	16
2,68817	16
2,68883	16
2,68950	17
2,69017	17
2,69083	18
2,69150	20
2,69217	22
2,69283	25
2,69350	29
2,69417	35
2,69483	43
2,69550	54
2,69617	69
2,69683	89
2,69750	114
2,69817	146
2,69883	187
2,69950	239
2,70017	303
2,70083	382
2,70150	479
2,70217	595
2,70283	735
2,70350	901
2,70417	1097
2,70483	1326
2,70550	1592
2,70617	1899
2,70683	2251
2,70750	2653
2,70817	3112
2,70883	3636
2,70950	4234
2,71017	4923
2,71083	5723
2,71150	6652
2,71217	7738
2,71283	9020
2,71350	10543
2,71417	12364
2,71483	14542
2,71550	17137
2,71617	20223
2,71683	23889
2,71750	28218
2,71817	33307
2,71883	39245
2,71950	46125
2,72017	54023
2,72083	63033
2,72150	73247
2,72217	84743
2,72283	97603
2,72350	111892
2,72417	127675
2,72483	144981
2,72550	163759
2,72617	183961
2,72683	205573
2,72750	228507
2,72817	252594
2,72883	277644
2,72950	303470
2,73017	329849
2,73083	356578
2,73150	383392
2,73217	409872
2,73283	435582
2,73350	460094
2,73417	482940
2,73483	503656
2,73550	521879
2,73617	537291
2,73683	549605
2,73750	558593
2,73817	564060
2,73883	565937
2,73950	564288
2,74017	559273
2,74083	551107
2,74150	540050
2,74217	526429
2,74283	510613
2,74350	492969
2,74417	473869
2,74483	453668
2,74550	432702
2,74617	411275
2,74683	389658
2,74750	368084
2,74817	346753
2,74883	325832
2,74950	305458
2,75017	285736
2,75083	266749
2,75150	248558
2,75217	231204
2,75283	214712
2,75350	199094
2,75417	184350
2,75483	170471
2,75550	157440
2,75617	145234
2,75683	133827
2,75750	123188
2,75817	113283
2,75883	104078
2,75950	95537
2,76017	87624
2,76083	80304
2,76150	73540
2,76217	67298
2,76283	61545
2,76350	56247
2,76417	51374
2,76483	46896
2,76550	42784
2,76617	39013
2,76683	35556
2,76750	32391
2,76817	29493
2,76883	26844
2,76950	24423
2,77017	22211
2,77083	20193
2,77150	18352
2,77217	16674
2,77283	15145
2,77350	13752
2,77417	12485
2,77483	11332
2,77550	10284
2,77617	9331
2,77683	8466
2,77750	7681
2,77817	6968
2,77883	6322
2,77950	5737
2,78017	5208
2,78083	4728
2,78150	4295
2,78217	3904
2,78283	3551
2,78350	3233
2,78417	2947
2,78483	2689
2,78550	2457
2,78617	2249
2,78683	2062
2,78750	1895
2,78817	1745
2,78883	1610
2,78950	1490
2,79017	1382
2,79083	1285
2,79150	1198
2,79217	1120
2,79283	1050
2,79350	986
2,79417	928
2,79483	875
2,79550	827
2,79617	782
2,79683	740
2,79750	702
2,79817	666
2,79883	632
2,79950	600
2,80017	570
2,80083	541
2,80150	514
2,80217	489
2,80283	465
2,80350	443
2,80417	423
2,80483	405
2,80550	388
2,80617	375
2,80683	363
2,80750	355
2,80817	349
2,80883	347
2,80950	349
2,81017	355
2,81083	365
2,81150	380
2,81217	401
2,81283	427
2,81350	458
2,81417	495
2,81483	538
2,81550	587
2,81617	641
2,81683	699
2,81750	763
2,81817	830
2,81883	899
2,81950	971
2,82017	1042
2,82083	1113
2,82150	1182
2,82217	1249
2,82283	1311
2,82350	1369
2,82417	1420
2,82483	1465
2,82550	1503
2,82617	1533
2,82683	1555
2,82750	1569
2,82817	1576
2,82883	1575
2,82950	1566
2,83017	1551
2,83083	1530
2,83150	1504
2,83217	1474
2,83283	1439
2,83350	1401
2,83417	1360
2,83483	1318
2,83550	1274
2,83617	1229
2,83683	1183
2,83750	1138
2,83817	1093
2,83883	1049
2,83950	1005
2,84017	963
2,84083	922
2,84150	881
2,84217	842
2,84283	805
2,84350	768
2,84417	733
2,84483	699
2,84550	666
2,84617	635
2,84683	605
2,84750	576
2,84817	547
2,84883	520
2,84950	493
2,85017	468
2,85083	443
2,85150	419
2,85217	396
2,85283	374
2,85350	353
2,85417	333
2,85483	313
2,85550	295
2,85617	278
2,85683	261
2,85750	245
2,85817	230
2,85883	216
2,85950	202
2,86017	190
2,86083	177
2,86150	166
2,86217	155
2,86283	145
2,86350	136
2,86417	127
2,86483	119
2,86550	111
2,86617	105
2,86683	98
2,86750	93
2,86817	87
2,86883	82
2,86950	78
2,87017	74
2,87083	70
2,87150	67
2,87217	65
2,87283	63
2,87350	62
2,87417	61
2,87483	61
2,87550	62
2,87617	64
2,87683	67
2,87750	71
2,87817	77
2,87883	84
2,87950	93
2,88017	105
2,88083	118
2,88150	133
2,88217	151
2,88283	172
2,88350	195
2,88417	220
2,88483	249
2,88550	279
2,88617	312
2,88683	346
2,88750	381
2,88817	418
2,88883	455
2,88950	492
2,89017	528
2,89083	563
2,89150	596
2,89217	626
2,89283	654
2,89350	679
2,89417	701
2,89483	719
2,89550	732
2,89617	742
2,89683	747
2,89750	749
2,89817	747
2,89883	741
2,89950	732
2,90017	719
2,90083	704
2,90150	687
2,90217	667
2,90283	645
2,90350	621
2,90417	597
2,90483	571
2,90550	545
2,90617	519
2,90683	493
2,90750	468
2,90817	442
2,90883	418
2,90950	393
2,91017	370
2,91083	348
2,91150	326
2,91217	305
2,91283	286
2,91350	267
2,91417	249
2,91483	232
2,91550	217
2,91617	202
2,91683	188
2,91750	174
2,91817	162
2,91883	150
2,91950	140
2,92017	130
2,92083	120
2,92150	112
2,92217	104
2,92283	96
2,92350	90
2,92417	83
2,92483	77
2,92550	72
2,92617	67
2,92683	63
2,92750	59
2,92817	55
2,92883	51
2,92950	48
2,93017	45
2,93083	43
2,93150	40
2,93217	38
2,93283	36
2,93350	34
2,93417	32
2,93483	31
2,93550	30
2,93617	29
2,93683	28
2,93750	27
2,93817	26
2,93883	25
2,93950	25
2,94017	25
2,94083	24
2,94150	24
2,94217	24
2,94283	23
2,94350	23
2,94417	22
2,94483	22
2,94550	21
2,94617	21
2,94683	20
2,94750	20
2,94817	19
2,94883	19
2,94950	18
2,95017	18
2,95083	18
2,95150	17
2,95217	17
2,95283	16
2,95350	16
2,95417	15
2,95483	15
2,95550	15
2,95617	14
2,95683	14
2,95750	13
2,95817	13
2,95883	12
2,95950	12
2,96017	11
2,96083	11
2,96150	11
2,96217	11
2,96283	11
2,96350	10
2,96417	10
2,96483	10
2,96550	10
2,96617	10
2,96683	10
2,96750	11
2,96817	11
2,96883	11
2,96950	12
2,97017	13
2,97083	14
2,97150	16
2,97217	18
2,97283	21
2,97350	24
2,97417	28
2,97483	32
2,97550	37
2,97617	43
2,97683	50
2,97750	57
2,97817	66
2,97883	75
2,97950	84
2,98017	95
2,98083	106
2,98150	118
2,98217	129
2,98283	142
2,98350	154
2,98417	166
2,98483	178
2,98550	189
2,98617	201
2,98683	211
2,98750	221
2,98817	229
2,98883	237
2,98950	243
2,99017	248
2,99083	252
2,99150	255
2,99217	256
2,99283	256
2,99350	254
2,99417	252
2,99483	248
2,99550	243
2,99617	238
2,99683	231
2,99750	224
2,99817	217
2,99883	209
2,99950	200
3,00017	191
3,00083	182
3,00150	173
3,00217	164
3,00283	155
3,00350	146
3,00417	137
3,00483	129
3,00550	121
3,00617	113
3,00683	105
3,00750	98
3,00817	91
3,00883	85
3,00950	79
3,01017	74
3,01083	69
3,01150	64
3,01217	59
3,01283	55
3,01350	51
3,01417	48
3,01483	44
3,01550	41
3,01617	38
3,01683	35
3,01750	33
3,01817	30
3,01883	28
3,01950	26
3,02017	24
3,02083	22
3,02150	20
3,02217	18
3,02283	17
3,02350	16
3,02417	14
3,02483	13
3,02550	13
3,02617	12
3,02683	11
3,02750	11
3,02817	10
3,02883	9
3,02950	9
3,03017	8
3,03083	8
3,03150	7
3,03217	6
3,03283	6
3,03350	5
3,03417	5
3,03483	5
3,03550	5
3,03617	5
3,03683	5
3,03750	5
3,03817	5
3,03883	5
3,03950	5
3,04017	5
3,04083	5
3,04150	5
3,04217	5
3,04283	5
3,04350	5
3,04417	6
3,04483	6
3,04550	6
3,04617	6
3,04683	6
3,04750	6
3,04817	6
3,04883	6
3,04950	6
3,05017	6
3,05083	6
3,05150	6
3,05217	6
3,05283	6
3,05350	6
3,05417	6
3,05483	5
3,05550	5
3,05617	5
3,05683	4
3,05750	4
3,05817	4
3,05883	3
3,05950	3
3,06017	3
3,06083	3
3,06150	3
3,06217	3
3,06283	2
3,06350	2
3,06417	2
3,06483	2
3,06550	1
3,06617	1
3,06683	1
3,06750	1
3,06817	0
3,06883	0
3,06950	0
3,07017	0
3,07083	1
3,07150	1
3,07217	1
3,07283	2
3,07350	2
3,07417	2
3,07483	3
3,07550	3
3,07617	3
3,07683	3
3,07750	3
3,07817	3
3,07883	3
3,07950	3
3,08017	3
3,08083	3
3,08150	4
3,08217	4
3,08283	4
3,08350	4
3,08417	4
3,08483	4
3,08550	5
3,08617	5
3,08683	5
3,08750	6
3,08817	6
3,08883	6
3,08950	6
3,09017	7
3,09083	7
3,09150	7
3,09217	8
3,09283	8
3,09350	9
3,09417	10
3,09483	10
3,09550	11
3,09617	12
3,09683	13
3,09750	14
3,09817	15
3,09883	16
3,09950	17
3,10017	18
3,10083	19
3,10150	20
3,10217	21
3,10283	22
3,10350	23
3,10417	24
3,10483	25
3,10550	25
3,10617	26
3,10683	27
3,10750	28
3,10817	28
3,10883	29
3,10950	29
3,11017	30
3,11083	30
3,11150	30
3,11217	31
3,11283	31
3,11350	31
3,11417	31
3,11483	31
3,11550	31
3,11617	31
3,11683	31
3,11750	31
3,11817	31
3,11883	31
3,11950	31
3,12017	31
3,12083	31
3,12150	31
3,12217	31
3,12283	31
3,12350	31
3,12417	31
3,12483	31
3,12550	30
3,12617	30
3,12683	30
3,12750	30
3,12817	29
3,12883	29
3,12950	29
3,13017	28
3,13083	28
3,13150	28
3,13217	28
3,13283	28
3,13350	28
3,13417	28
3,13483	27
3,13550	27
3,13617	27
3,13683	27
3,13750	26
3,13817	26
3,13883	25
3,13950	24
3,14017	23
3,14083	22
3,14150	21
3,14217	20
3,14283	19
3,14350	18
3,14417	17
3,14483	16
3,14550	16
3,14617	15
3,14683	14
3,14750	13
3,14817	12
3,14883	11
3,14950	11
3,15017	10
3,15083	9
3,15150	9
3,15217	8
3,15283	7
3,15350	7
3,15417	6
3,15483	6
3,15550	5
3,15617	5
3,15683	4
3,15750	4
3,15817	3
3,15883	3
3,15950	2
3,16017	2
3,16083	2
3,16150	1
3,16217	1
3,16283	1
3,16350	1
3,16417	1
3,16483	1
3,16550	1
3,16617	1
3,16683	1
3,16750	1
3,16817	0
3,16883	0
3,16950	0
3,17017	0
3,17083	-0
3,17150	-1
3,17217	-1
3,17283	-1
3,17350	-2
3,17417	-2
3,17483	-2
3,17550	-3
3,17617	-3
3,17683	-3
3,17750	-3
3,17817	-3
3,17883	-3
3,17950	-3
3,18017	-3
3,18083	-2
3,18150	-2
3,18217	-2
3,18283	-2
3,18350	-2
3,18417	-1
3,18483	-1
3,18550	-1
3,18617	0
3,18683	1
3,18750	1
3,18817	2
3,18883	3
3,18950	4
3,19017	4
3,19083	5
3,19150	6
3,19217	6
3,19283	7
3,19350	7
3,19417	8
3,19483	8
3,19550	8
3,19617	9
3,19683	9
3,19750	9
3,19817	9
3,19883	9
3,19950	9
3,20017	9
3,20083	10
3,20150	10
3,20217	10
3,20283	10
3,20350	10
3,20417	9
3,20483	9
3,20550	9
3,20617	9
3,20683	9
3,20750	9
3,20817	8
3,20883	8
3,20950	8
3,21017	8
3,21083	8
3,21150	7
3,21217	7
3,21283	6
3,21350	6
3,21417	5
3,21483	5
3,21550	5
3,21617	4
3,21683	4
3,21750	4
3,21817	3
3,21883	3
3,21950	2
3,22017	2
3,22083	1
3,22150	1
3,22217	1
3,22283	1
3,22350	0
3,22417	-0
3,22483	-1
3,22550	-1
3,22617	-1
3,22683	-1
3,22750	-1
3,22817	-1
3,22883	-1
3,22950	-1
3,23017	-1
3,23083	-1
3,23150	-1
3,23217	-1
3,23283	-1
3,23350	-1
3,23417	-1
3,23483	-1
3,23550	-1
3,23617	-1
3,23683	-1
3,23750	-1
3,23817	-0
3,23883	-0
3,23950	0
3,24017	0
3,24083	0
3,24150	0
3,24217	0
3,24283	1
3,24350	1
3,24417	1
3,24483	1
3,24550	0
3,24617	0
3,24683	-0
3,24750	-0
3,24817	-1
3,24883	-1
3,24950	-1
3,25017	-1
3,25083	-1
3,25150	-1
3,25217	-1
3,25283	-1
3,25350	-1
3,25417	-1
3,25483	-1
3,25550	-1
3,25617	-1
3,25683	-1
3,25750	-1
3,25817	-1
3,25883	-1
3,25950	-1
3,26017	-1
3,26083	-1
3,26150	-0
3,26217	-0
3,26283	0
3,26350	0
3,26417	0
3,26483	0
3,26550	0
3,26617	0
3,26683	0
3,26750	0
3,26817	0
3,26883	0
3,26950	0
3,27017	0
3,27083	1
3,27150	1
3,27217	1
3,27283	0
3,27350	0
3,27417	0
3,27483	0
3,27550	0
3,27617	0
3,27683	-0
3,27750	-0
3,27817	-0
3,27883	-0
3,27950	-1
3,28017	-1
3,28083	-1
3,28150	-1
3,28217	-2
3,28283	-2
3,28350	-2
3,28417	-2
3,28483	-2
3,28550	-2
3,28617	-3
3,28683	-3
3,28750	-3
3,28817	-3
3,28883	-4
3,28950	-4
3,29017	-4
3,29083	-4
3,29150	-4
3,29217	-4
3,29283	-4
3,29350	-4
3,29417	-4
3,29483	-4
3,29550	-4
3,29617	-4
3,29683	-3
3,29750	-3
3,29817	-3
3,29883	-3
3,29950	-3
3,30017	-3
3,30083	-2
3,30150	-2
3,30217	-2
3,30283	-2
3,30350	-1
3,30417	-1
3,30483	-1
3,30550	-1
3,30617	-0
3,30683	-0
3,30750	0
3,30817	0
3,30883	0
3,30950	1
3,31017	1
3,31083	1
3,31150	1
3,31217	1
3,31283	1
3,31350	2
3,31417	2
3,31483	2
3,31550	3
3,31617	3
3,31683	3
3,31750	4
3,31817	4
3,31883	3
3,31950	3
3,32017	3
3,32083	3
3,32150	2
3,32217	2
3,32283	1
3,32350	1
3,32417	1
3,32483	1
3,32550	1
3,32617	0
3,32683	0
3,32750	-0
3,32817	-1
3,32883	-1
3,32950	-2
3,33017	-2
3,33083	-2
3,33150	-2
3,33217	-3
3,33283	-3
3,33350	-3
3,33417	-3
3,33483	-3
3,33550	-3
3,33617	-3
3,33683	-3
3,33750	-3
3,33817	-2
3,33883	-2
3,33950	-1
3,34017	-1
3,34083	-0
3,34150	0
3,34217	0
3,34283	1
3,34350	1
3,34417	2
3,34483	2
3,34550	2
3,34617	2
3,34683	2
3,34750	2
3,34817	2
3,34883	2
3,34950	2
3,35017	2
3,35083	2
3,35150	1
3,35217	1
3,35283	1
3,35350	1
3,35417	0
3,35483	0
3,35550	-0
3,35617	-0
3,35683	-1
3,35750	-1
3,35817	-1
3,35883	-1
3,35950	-1
3,36017	-1
3,36083	-1
3,36150	-2
3,36217	-2
3,36283	-2
3,36350	-2
3,36417	-2
3,36483	-2
3,36550	-2
3,36617	-2
3,36683	-2
3,36750	-2
3,36817	-2
3,36883	-2
3,36950	-2
3,37017	-2
3,37083	-2
3,37150	-2
3,37217	-2
3,37283	-2
3,37350	-3
3,37417	-3
3,37483	-3
3,37550	-3
3,37617	-3
3,37683	-3
3,37750	-3
3,37817	-3
3,37883	-3
3,37950	-3
3,38017	-3
3,38083	-3
3,38150	-3
3,38217	-4
3,38283	-4
3,38350	-4
3,38417	-4
3,38483	-5
3,38550	-5
3,38617	-6
3,38683	-6
3,38750	-6
3,38817	-7
3,38883	-7
3,38950	-7
3,39017	-7
3,39083	-6
3,39150	-6
3,39217	-6
3,39283	-6
3,39350	-6
3,39417	-6
3,39483	-6
3,39550	-6
3,39617	-6
3,39683	-6
3,39750	-6
3,39817	-6
3,39883	-6
3,39950	-7
3,40017	-7
3,40083	-7
3,40150	-8
3,40217	-8
3,40283	-8
3,40350	-9
3,40417	-9
3,40483	-9
3,40550	-9
3,40617	-8
3,40683	-8
3,40750	-8
3,40817	-8
3,40883	-8
3,40950	-8
3,41017	-8
3,41083	-8
3,41150	-8
3,41217	-8
3,41283	-8
3,41350	-8
3,41417	-8
3,41483	-8
3,41550	-8
3,41617	-8
3,41683	-8
3,41750	-8
3,41817	-8
3,41883	-8
3,41950	-8
3,42017	-7
3,42083	-7
3,42150	-7
3,42217	-6
3,42283	-6
3,42350	-6
3,42417	-5
3,42483	-5
3,42550	-4
3,42617	-4
3,42683	-4
3,42750	-3
3,42817	-3
3,42883	-3
3,42950	-2
3,43017	-2
3,43083	-1
3,43150	-1
3,43217	-0
3,43283	0
3,43350	0
3,43417	0
3,43483	0
3,43550	0
3,43617	-0
3,43683	-0
3,43750	-1
3,43817	-1
3,43883	-1
3,43950	-2
3,44017	-2
3,44083	-2
3,44150	-2
3,44217	-2
3,44283	-2
3,44350	-2
3,44417	-2
3,44483	-2
3,44550	-2
3,44617	-2
3,44683	-2
3,44750	-2
3,44817	-2
3,44883	-2
3,44950	-2
3,45017	-3
3,45083	-3
3,45150	-3
3,45217	-4
3,45283	-4
3,45350	-4
3,45417	-4
3,45483	-4
3,45550	-5
3,45617	-5
3,45683	-5
3,45750	-5
3,45817	-5
3,45883	-5
3,45950	-5
3,46017	-5
3,46083	-5
3,46150	-5
3,46217	-6
3,46283	-6
3,46350	-6
3,46417	-6
3,46483	-6
3,46550	-6
3,46617	-6
3,46683	-7
3,46750	-7
3,46817	-7
3,46883	-7
3,46950	-8
3,47017	-8
3,47083	-8
3,47150	-8
3,47217	-8
3,47283	-8
3,47350	-9
3,47417	-9
3,47483	-9
3,47550	-9
3,47617	-8
3,47683	-8
3,47750	-8
3,47817	-8
3,47883	-8
3,47950	-8
3,48017	-8
3,48083	-8
3,48150	-7
3,48217	-7
3,48283	-7
3,48350	-7
3,48417	-6
3,48483	-6
3,48550	-5
3,48617	-5
3,48683	-4
3,48750	-3
3,48817	-2
3,48883	-2
3,48950	-1
3,49017	-0
3,49083	0
3,49150	1
3,49217	1
3,49283	2
3,49350	3
3,49417	4
3,49483	5
3,49550	5
3,49617	6
3,49683	7
3,49750	8
3,49817	8
3,49883	9
3,49950	10
3,50017	10
3,50083	11
3,50150	12
3,50217	12
3,50283	13
3,50350	13
3,50417	14
3,50483	15
3,50550	15
3,50617	15
3,50683	16
3,50750	16
3,50817	16
3,50883	17
3,50950	17
3,51017	17
3,51083	17
3,51150	17
3,51217	16
3,51283	16
3,51350	16
3,51417	16
3,51483	15
3,51550	15
3,51617	15
3,51683	15
3,51750	14
3,51817	14
3,51883	14
3,51950	13
3,52017	13
3,52083	13
3,52150	13
3,52217	12
3,52283	12
3,52350	11
3,52417	11
3,52483	10
3,52550	10
3,52617	10
3,52683	9
3,52750	9
3,52817	9
3,52883	8
3,52950	8
3,53017	8
3,53083	8
3,53150	8
3,53217	8
3,53283	8
3,53350	8
3,53417	7
3,53483	7
3,53550	7
3,53617	7
3,53683	7
3,53750	8
3,53817	8
3,53883	8
3,53950	9
3,54017	9
3,54083	9
3,54150	10
3,54217	10
3,54283	10
3,54350	11
3,54417	11
3,54483	12
3,54550	13
3,54617	14
3,54683	15
3,54750	16
3,54817	17
3,54883	19
3,54950	21
3,55017	23
3,55083	26
3,55150	29
3,55217	31
3,55283	35
3,55350	38
3,55417	41
3,55483	45
3,55550	48
3,55617	52
3,55683	56
3,55750	59
3,55817	63
3,55883	66
3,55950	69
3,56017	72
3,56083	74
3,56150	76
3,56217	78
3,56283	80
3,56350	81
3,56417	81
3,56483	82
3,56550	82
3,56617	81
3,56683	81
3,56750	80
3,56817	79
3,56883	77
3,56950	75
3,57017	73
3,57083	71
3,57150	69
3,57217	67
3,57283	65
3,57350	64
3,57417	62
3,57483	60
3,57550	58
3,57617	57
3,57683	56
3,57750	55
3,57817	54
3,57883	53
3,57950	52
3,58017	52
3,58083	51
3,58150	51
3,58217	51
3,58283	51
3,58350	51
3,58417	50
3,58483	50
3,58550	49
3,58617	49
3,58683	48
3,58750	47
3,58817	46
3,58883	45
3,58950	43
3,59017	42
3,59083	40
3,59150	39
3,59217	37
3,59283	36
3,59350	34
3,59417	33
3,59483	31
3,59550	30
3,59617	28
3,59683	26
3,59750	25
3,59817	23
3,59883	22
3,59950	20
3,60017	18
3,60083	17
3,60150	15
3,60217	13
3,60283	12
3,60350	10
3,60417	8
3,60483	7
3,60550	5
3,60617	4
3,60683	3
3,60750	2
3,60817	1
3,60883	-0
3,60950	-1
3,61017	-2
3,61083	-3
3,61150	-4
3,61217	-5
3,61283	-5
3,61350	-6
3,61417	-6
3,61483	-6
3,61550	-7
3,61617	-7
3,61683	-7
3,61750	-7
3,61817	-7
3,61883	-7
3,61950	-7
3,62017	-7
3,62083	-8
3,62150	-8
3,62217	-8
3,62283	-8
3,62350	-8
3,62417	-9
3,62483	-9
3,62550	-9
3,62617	-9
3,62683	-9
3,62750	-10
3,62817	-10
3,62883	-10
3,62950	-10
3,63017	-9
3,63083	-9
3,63150	-9
3,63217	-9
3,63283	-9
3,63350	-9
3,63417	-9
3,63483	-9
3,63550	-9
3,63617	-9
3,63683	-8
3,63750	-8
3,63817	-8
3,63883	-8
3,63950	-7
3,64017	-7
3,64083	-7
3,64150	-7
3,64217	-7
3,64283	-6
3,64350	-6
3,64417	-5
3,64483	-5
3,64550	-4
3,64617	-3
3,64683	-2
3,64750	-1
3,64817	0
3,64883	1
3,64950	2
3,65017	3
3,65083	4
3,65150	5
3,65217	6
3,65283	7
3,65350	8
3,65417	9
3,65483	9
3,65550	10
3,65617	11
3,65683	11
3,65750	12
3,65817	12
3,65883	12
3,65950	13
3,66017	13
3,66083	13
3,66150	13
3,66217	13
3,66283	13
3,66350	13
3,66417	13
3,66483	12
3,66550	12
3,66617	11
3,66683	10
3,66750	10
3,66817	9
3,66883	8
3,66950	8
3,67017	7
3,67083	6
3,67150	6
3,67217	5
3,67283	4
3,67350	3
3,67417	3
3,67483	2
3,67550	2
3,67617	1
3,67683	1
3,67750	0
3,67817	-0
3,67883	-0
3,67950	-1
3,68017	-1
3,68083	-1
3,68150	-2
3,68217	-2
3,68283	-2
3,68350	-2
3,68417	-3
3,68483	-3
3,68550	-3
3,68617	-3
3,68683	-3
3,68750	-4
3,68817	-4
3,68883	-5
3,68950	-5
3,69017	-5
3,69083	-5
3,69150	-6
3,69217	-6
3,69283	-6
3,69350	-6
3,69417	-7
3,69483	-7
3,69550	-7
3,69617	-7
3,69683	-7
3,69750	-6
3,69817	-6
3,69883	-5
3,69950	-5
3,70017	-5
3,70083	-5
3,70150	-4
3,70217	-5
3,70283	-5
3,70350	-5
3,70417	-5
3,70483	-5
3,70550	-5
3,70617	-5
3,70683	-5
3,70750	-6
3,70817	-6
3,70883	-6
3,70950	-6
3,71017	-6
3,71083	-7
3,71150	-7
3,71217	-7
3,71283	-7
3,71350	-7
3,71417	-8
3,71483	-8
3,71550	-8
3,71617	-8
3,71683	-8
3,71750	-8
3,71817	-8
3,71883	-8
3,71950	-8
3,72017	-8
3,72083	-8
3,72150	-7
3,72217	-7
3,72283	-7
3,72350	-7
3,72417	-7
3,72483	-6
3,72550	-6
3,72617	-6
3,72683	-6
3,72750	-6
3,72817	-6
3,72883	-6
3,72950	-5
3,73017	-5
3,73083	-5
3,73150	-5
3,73217	-5
3,73283	-4
3,73350	-4
3,73417	-4
3,73483	-4
3,73550	-4
3,73617	-4
3,73683	-4
3,73750	-4
3,73817	-4
3,73883	-4
3,73950	-4
3,74017	-4
3,74083	-4
3,74150	-4
3,74217	-4
3,74283	-4
3,74350	-4
3,74417	-4
3,74483	-3
3,74550	-3
3,74617	-3
3,74683	-4
3,74750	-4
3,74817	-4
3,74883	-4
3,74950	-4
3,75017	-4
3,75083	-4
3,75150	-3
3,75217	-3
3,75283	-3
3,75350	-3
3,75417	-3
3,75483	-3
3,75550	-3
3,75617	-3
3,75683	-4
3,75750	-4
3,75817	-4
3,75883	-5
3,75950	-5
3,76017	-5
3,76083	-5
3,76150	-5
3,76217	-5
3,76283	-5
3,76350	-5
3,76417	-5
3,76483	-4
3,76550	-4
3,76617	-4
3,76683	-4
3,76750	-4
3,76817	-4
3,76883	-4
3,76950	-4
3,77017	-4
3,77083	-4
3,77150	-4
3,77217	-5
3,77283	-5
3,77350	-5
3,77417	-5
3,77483	-5
3,77550	-5
3,77617	-5
3,77683	-5
3,77750	-5
3,77817	-5
3,77883	-5
3,77950	-5
3,78017	-5
3,78083	-5
3,78150	-5
3,78217	-5
3,78283	-5
3,78350	-5
3,78417	-5
3,78483	-5
3,78550	-5
3,78617	-5
3,78683	-5
3,78750	-6
3,78817	-6
3,78883	-6
3,78950	-6
3,79017	-6
3,79083	-6
3,79150	-6
3,79217	-6
3,79283	-7
3,79350	-7
3,79417	-6
3,79483	-6
3,79550	-6
3,79617	-5
3,79683	-5
3,79750	-5
3,79817	-4
3,79883	-4
3,79950	-4
3,80017	-4
3,80083	-4
3,80150	-4
3,80217	-3
3,80283	-3
3,80350	-3
3,80417	-3
3,80483	-3
3,80550	-3
3,80617	-3
3,80683	-2
3,80750	-2
3,80817	-2
3,80883	-2
3,80950	-2
3,81017	-2
3,81083	-3
3,81150	-3
3,81217	-3
3,81283	-3
3,81350	-3
3,81417	-4
3,81483	-4
3,81550	-4
3,81617	-4
3,81683	-4
3,81750	-4
3,81817	-4
3,81883	-4
3,81950	-4
3,82017	-4
3,82083	-4
3,82150	-4
3,82217	-4
3,82283	-4
3,82350	-4
3,82417	-4
3,82483	-4
3,82550	-4
3,82617	-5
3,82683	-5
3,82750	-5
3,82817	-5
3,82883	-5
3,82950	-5
3,83017	-6
3,83083	-6
3,83150	-6
3,83217	-6
3,83283	-7
3,83350	-7
3,83417	-7
3,83483	-7
3,83550	-7
3,83617	-7
3,83683	-7
3,83750	-7
3,83817	-7
3,83883	-7
3,83950	-7
3,84017	-7
3,84083	-7
3,84150	-7
3,84217	-8
3,84283	-8
3,84350	-8
3,84417	-8
3,84483	-9
3,84550	-8
3,84617	-8
3,84683	-8
3,84750	-8
3,84817	-8
3,84883	-8
3,84950	-8
3,85017	-8
3,85083	-8
3,85150	-8
3,85217	-8
3,85283	-8
3,85350	-8
3,85417	-8
3,85483	-8
3,85550	-8
3,85617	-8
3,85683	-8
3,85750	-8
3,85817	-7
3,85883	-7
3,85950	-7
3,86017	-6
3,86083	-6
3,86150	-6
3,86217	-6
3,86283	-6
3,86350	-6
3,86417	-6
3,86483	-6
3,86550	-6
3,86617	-6
3,86683	-6
3,86750	-6
3,86817	-6
3,86883	-6
3,86950	-6
3,87017	-6
3,87083	-7
3,87150	-7
3,87217	-6
3,87283	-6
3,87350	-6
3,87417	-7
3,87483	-7
3,87550	-7
3,87617	-6
3,87683	-6
3,87750	-6
3,87817	-5
3,87883	-3
3,87950	-0
3,88017	3
3,88083	9
3,88150	17
3,88217	29
3,88283	46
3,88350	71
3,88417	107
3,88483	157
3,88550	229
3,88617	329
3,88683	469
3,88750	663
3,88817	927
3,88883	1283
3,88950	1755
3,89017	2371
3,89083	3164
3,89150	4170
3,89217	5430
3,89283	6987
3,89350	8895
3,89417	11211
3,89483	14000
3,89550	17323
3,89617	21244
3,89683	25835
3,89750	31152
3,89817	37247
3,89883	44172
3,89950	51967
3,90017	60673
3,90083	70350
3,90150	81063
3,90217	92876
3,90283	105797
3,90350	119834
3,90417	135001
3,90483	151315
3,90550	168744
3,90617	187229
3,90683	206690
3,90750	227079
3,90817	248332
3,90883	270324
3,90950	292874
3,91017	315795
3,91083	338902
3,91150	362020
3,91217	384922
3,91283	407347
3,91350	429065
3,91417	449821
3,91483	469295
3,91550	487089
3,91617	502774
3,91683	515986
3,91750	526416
3,91817	533827
3,91883	538040
3,91950	539002
3,92017	536734
3,92083	531359
3,92150	523062
3,92217	512100
3,92283	498770
3,92350	483411
3,92417	466373
3,92483	448011
3,92550	428664
3,92617	408643
3,92683	388230
3,92750	367677
3,92817	347200
3,92883	326984
3,92950	307183
3,93017	287921
3,93083	269294
3,93150	251377
3,93217	234224
3,93283	217872
3,93350	202341
3,93417	187641
3,93483	173769
3,93550	160717
3,93617	148466
3,93683	136995
3,93750	126277
3,93817	116282
3,93883	106979
3,93950	98335
3,94017	90315
3,94083	82885
3,94150	76012
3,94217	69661
3,94283	63800
3,94350	58398
3,94417	53423
3,94483	48846
3,94550	44640
3,94617	40777
3,94683	37233
3,94750	33984
3,94817	31008
3,94883	28284
3,94950	25791
3,95017	23513
3,95083	21431
3,95150	19530
3,95217	17795
3,95283	16213
3,95350	14770
3,95417	13455
3,95483	12257
3,95550	11166
3,95617	10173
3,95683	9270
3,95750	8448
3,95817	7701
3,95883	7021
3,95950	6404
3,96017	5843
3,96083	5333
3,96150	4871
3,96217	4451
3,96283	4070
3,96350	3724
3,96417	3410
3,96483	3125
3,96550	2867
3,96617	2633
3,96683	2421
3,96750	2228
3,96817	2053
3,96883	1894
3,96950	1750
3,97017	1619
3,97083	1500
3,97150	1392
3,97217	1294
3,97283	1204
3,97350	1123
3,97417	1049
3,97483	982
3,97550	921
3,97617	866
3,97683	815
3,97750	769
3,97817	727
3,97883	689
3,97950	654
3,98017	621
3,98083	592
3,98150	564
3,98217	539
3,98283	516
3,98350	495
3,98417	475
3,98483	457
3,98550	440
3,98617	424
3,98683	409
3,98750	396
3,98817	383
3,98883	371
3,98950	360
3,99017	349
3,99083	339
3,99150	330
3,99217	321
3,99283	313
3,99350	305
3,99417	298
3,99483	291
3,99550	284
3,99617	278
3,99683	273
3,99750	267
3,99817	262
3,99883	257
3,99950	253
4,00017	249
4,00083	244
4,00150	240
4,00217	237
4,00283	233
4,00350	229
4,00417	225
4,00483	222
4,00550	218
4,00617	215
4,00683	212
4,00750	209
4,00817	205
4,00883	203
4,00950	200
4,01017	197
4,01083	194
4,01150	192
4,01217	189
4,01283	187
4,01350	184
4,01417	182
4,01483	180
4,01550	178
4,01617	176
4,01683	175
4,01750	173
4,01817	171
4,01883	169
4,01950	168
4,02017	166
4,02083	165
4,02150	163
4,02217	161
4,02283	160
4,02350	158
4,02417	156
4,02483	154
4,02550	152
4,02617	150
4,02683	148
4,02750	147
4,02817	145
4,02883	143
4,02950	141
4,03017	140
4,03083	138
4,03150	136
4,03217	134
4,03283	133
4,03350	131
4,03417	129
4,03483	127
4,03550	126
4,03617	124
4,03683	123
4,03750	121
4,03817	120
4,03883	119
4,03950	118
4,04017	117
4,04083	115
4,04150	114
4,04217	113
4,04283	112
4,04350	111
4,04417	110
4,04483	109
4,04550	108
4,04617	107
4,04683	106
4,04750	105
4,04817	104
4,04883	103
4,04950	103
4,05017	102
4,05083	101
4,05150	100
4,05217	99
4,05283	98
4,05350	97
4,05417	96
4,05483	96
4,05550	95
4,05617	94
4,05683	93
4,05750	92
4,05817	91
4,05883	91
4,05950	90
4,06017	89
4,06083	89
4,06150	88
4,06217	87
4,06283	87
4,06350	86
4,06417	86
4,06483	85
4,06550	85
4,06617	84
4,06683	84
4,06750	83
4,06817	83
4,06883	82
4,06950	82
4,07017	81
4,07083	81
4,07150	80
4,07217	80
4,07283	79
4,07350	79
4,07417	78
4,07483	77
4,07550	77
4,07617	76
4,07683	75
4,07750	75
4,07817	74
4,07883	73
4,07950	72
4,08017	71
4,08083	70
4,08150	70
4,08217	69
4,08283	68
4,08350	68
4,08417	67
4,08483	66
4,08550	66
4,08617	65
4,08683	64
4,08750	63
4,08817	63
4,08883	62
4,08950	61
4,09017	60
4,09083	60
4,09150	59
4,09217	58
4,09283	58
4,09350	57
4,09417	57
4,09483	56
4,09550	56
4,09617	56
4,09683	55
4,09750	54
4,09817	54
4,09883	53
4,09950	53
4,10017	52
4,10083	52
4,10150	51
4,10217	51
4,10283	51
4,10350	50
4,10417	50
4,10483	50
4,10550	50
4,10617	49
4,10683	49
4,10750	49
4,10817	48
4,10883	47
4,10950	47
4,11017	46
4,11083	46
4,11150	46
4,11217	45
4,11283	45
4,11350	45
4,11417	44
4,11483	44
4,11550	44
4,11617	44
4,11683	44
4,11750	44
4,11817	44
4,11883	44
4,11950	43
4,12017	43
4,12083	43
4,12150	43
4,12217	43
4,12283	44
4,12350	44
4,12417	44
4,12483	44
4,12550	44
4,12617	44
4,12683	44
4,12750	44
4,12817	43
4,12883	43
4,12950	43
4,13017	42
4,13083	42
4,13150	41
4,13217	41
4,13283	41
4,13350	40
4,13417	40
4,13483	40
4,13550	39
4,13617	39
4,13683	39
4,13750	39
4,13817	38
4,13883	38
4,13950	38
4,14017	37
4,14083	37
4,14150	37
4,14217	36
4,14283	36
4,14350	35
4,14417	35
4,14483	35
4,14550	35
4,14617	35
4,14683	34
4,14750	34
4,14817	34
4,14883	34
4,14950	34
4,15017	34
4,15083	34
4,15150	34
4,15217	34
4,15283	34
4,15350	34
4,15417	34
4,15483	34
4,15550	34
4,15617	34
4,15683	34
4,15750	34
4,15817	34
4,15883	34
4,15950	34
4,16017	34
4,16083	34
4,16150	34
4,16217	34
4,16283	33
4,16350	33
4,16417	32
4,16483	32
4,16550	32
4,16617	31
4,16683	31
4,16750	31
4,16817	31
4,16883	30
4,16950	30
4,17017	30
4,17083	30
4,17150	29
4,17217	29
4,17283	29
4,17350	29
4,17417	28
4,17483	28
4,17550	28
4,17617	27
4,17683	27
4,17750	27
4,17817	27
4,17883	26
4,17950	26
4,18017	26
4,18083	26
4,18150	26
4,18217	26
4,18283	25
4,18350	25
4,18417	25
4,18483	25
4,18550	24
4,18617	24
4,18683	24
4,18750	24
4,18817	23
4,18883	23
4,18950	23
4,19017	23
4,19083	23
4,19150	23
4,19217	24
4,19283	24
4,19350	24
4,19417	24
4,19483	24
4,19550	24
4,19617	24
4,19683	24
4,19750	23
4,19817	23
4,19883	23
4,19950	23
4,20017	23
4,20083	23
4,20150	23
4,20217	23
4,20283	22
4,20350	22
4,20417	22
4,20483	22
4,20550	22
4,20617	22
4,20683	21
4,20750	21
4,20817	21
4,20883	21
4,20950	20
4,21017	20
4,21083	20
4,21150	19
4,21217	19
4,21283	19
4,21350	18
4,21417	18
4,21483	18
4,21550	18
4,21617	17
4,21683	17
4,21750	17
4,21817	16
4,21883	16
4,21950	16
4,22017	16
4,22083	16
4,22150	16
4,22217	15
4,22283	15
4,22350	15
4,22417	15
4,22483	16
4,22550	16
4,22617	16
4,22683	16
4,22750	16
4,22817	16
4,22883	16
4,22950	15
4,23017	16
4,23083	16
4,23150	16
4,23217	16
4,23283	16
4,23350	16
4,23417	16
4,23483	16
4,23550	16
4,23617	16
4,23683	17
4,23750	17
4,23817	17
4,23883	17
4,23950	17
4,24017	17
4,24083	17
4,24150	17
4,24217	17
4,24283	17
4,24350	17
4,24417	17
4,24483	17
4,24550	17
4,24617	17
4,24683	17
4,24750	17
4,24817	17
4,24883	17
4,24950	16
4,25017	16
4,25083	16
4,25150	16
4,25217	17
4,25283	17
4,25350	17
4,25417	17
4,25483	17
4,25550	16
4,25617	16
4,25683	16
4,25750	16
4,25817	16
4,25883	16
4,25950	16
4,26017	16
4,26083	16
4,26150	16
4,26217	16
4,26283	15
4,26350	15
4,26417	15
4,26483	15
4,26550	15
4,26617	15
4,26683	15
4,26750	14
4,26817	14
4,26883	14
4,26950	14
4,27017	13
4,27083	13
4,27150	13
4,27217	12
4,27283	12
4,27350	12
4,27417	12
4,27483	12
4,27550	11
4,27617	11
4,27683	11
4,27750	11
4,27817	11
4,27883	11
4,27950	11
4,28017	11
4,28083	11
4,28150	11
4,28217	11
4,28283	11
4,28350	11
4,28417	11
4,28483	11
4,28550	11
4,28617	10
4,28683	10
4,28750	10
4,28817	10
4,28883	10
4,28950	10
4,29017	10
4,29083	10
4,29150	9
4,29217	9
4,29283	9
4,29350	9
4,29417	9
4,29483	9
4,29550	9
4,29617	9
4,29683	9
4,29750	9
4,29817	9
4,29883	9
4,29950	9
4,30017	9
4,30083	10
4,30150	10
4,30217	10
4,30283	10
4,30350	10
4,30417	10
4,30483	9
4,30550	9
4,30617	9
4,30683	9
4,30750	9
4,30817	9
4,30883	9
4,30950	9
4,31017	9
4,31083	9
4,31150	9
4,31217	9
4,31283	9
4,31350	9
4,31417	9
4,31483	9
4,31550	10
4,31617	10
4,31683	11
4,31750	11
4,31817	12
4,31883	12
4,31950	13
4,32017	13
4,32083	13
4,32150	13
4,32217	13
4,32283	12
4,32350	12
4,32417	12
4,32483	12
4,32550	12
4,32617	12
4,32683	11
4,32750	11
4,32817	11
4,32883	11
4,32950	11
4,33017	11
4,33083	11
4,33150	10
4,33217	10
4,33283	10
4,33350	10
4,33417	9
4,33483	9
4,33550	9
4,33617	9
4,33683	8
4,33750	8
4,33817	8
4,33883	8
4,33950	8
4,34017	9
4,34083	9
4,34150	9
4,34217	9
4,34283	9
4,34350	9
4,34417	9
4,34483	9
4,34550	9
4,34617	9
4,34683	9
4,34750	9
4,34817	8
4,34883	8
4,34950	8
4,35017	8
4,35083	7
4,35150	7
4,35217	7
4,35283	7
4,35350	7
4,35417	7
4,35483	7
4,35550	7
4,35617	7
4,35683	7
4,35750	6
4,35817	6
4,35883	6
4,35950	6
4,36017	7
4,36083	7
4,36150	7
4,36217	7
4,36283	8
4,36350	8
4,36417	8
4,36483	8
4,36550	8
4,36617	9
4,36683	9
4,36750	9
4,36817	9
4,36883	10
4,36950	10
4,37017	10
4,37083	11
4,37150	11
4,37217	11
4,37283	11
4,37350	11
4,37417	12
4,37483	11
4,37550	11
4,37617	11
4,37683	11
4,37750	11
4,37817	11
4,37883	11
4,37950	12
4,38017	12
4,38083	13
4,38150	14
4,38217	15
4,38283	16
4,38350	17
4,38417	18
4,38483	20
4,38550	22
4,38617	24
4,38683	26
4,38750	28
4,38817	30
4,38883	33
4,38950	35
4,39017	38
4,39083	41
4,39150	43
4,39217	46
4,39283	49
4,39350	52
4,39417	55
4,39483	58
4,39550	61
4,39617	64
4,39683	67
4,39750	69
4,39817	72
4,39883	74
4,39950	76
4,40017	78
4,40083	80
4,40150	82
4,40217	84
4,40283	85
4,40350	87
4,40417	88
4,40483	89
4,40550	90
4,40617	91
4,40683	92
4,40750	92
4,40817	92
4,40883	92
4,40950	91
4,41017	91
4,41083	90
4,41150	90
4,41217	89
4,41283	88
4,41350	88
4,41417	87
4,41483	86
4,41550	85
4,41617	84
4,41683	83
4,41750	83
4,41817	82
4,41883	81
4,41950	80
4,42017	79
4,42083	78
4,42150	77
4,42217	76
4,42283	75
4,42350	74
4,42417	74
4,42483	73
4,42550	72
4,42617	71
4,42683	69
4,42750	68
4,42817	68
4,42883	67
4,42950	66
4,43017	65
4,43083	64
4,43150	63
4,43217	62
4,43283	61
4,43350	60
4,43417	60
4,43483	59
4,43550	58
4,43617	57
4,43683	56
4,43750	55
4,43817	54
4,43883	53
4,43950	52
4,44017	50
4,44083	49
4,44150	48
4,44217	47
4,44283	46
4,44350	46
4,44417	45
4,44483	44
4,44550	43
4,44617	43
4,44683	42
4,44750	41
4,44817	41
4,44883	40
4,44950	39
4,45017	38
4,45083	37
4,45150	36
4,45217	35
4,45283	34
4,45350	33
4,45417	32
4,45483	31
4,45550	31
4,45617	30
4,45683	29
4,45750	28
4,45817	28
4,45883	27
4,45950	26
4,46017	25
4,46083	24
4,46150	23
4,46217	22
4,46283	21
4,46350	20
4,46417	20
4,46483	19
4,46550	18
4,46617	18
4,46683	17
4,46750	17
4,46817	16
4,46883	16
4,46950	16
4,47017	15
4,47083	15
4,47150	15
4,47217	15
4,47283	15
4,47350	15
4,47417	14
4,47483	14
4,47550	14
4,47617	14
4,47683	14
4,47750	14
4,47817	14
4,47883	13
4,47950	13
4,48017	13
4,48083	13
4,48150	13
4,48217	12
4,48283	12
4,48350	12
4,48417	11
4,48483	11
4,48550	11
4,48617	11
4,48683	10
4,48750	10
4,48817	10
4,48883	10
4,48950	10
4,49017	10
4,49083	10
4,49150	10
4,49217	10
4,49283	10
4,49350	10
4,49417	9
4,49483	9
4,49550	9
4,49617	9
4,49683	9
4,49750	9
4,49817	9
4,49883	9
4,49950	9
4,50017	9
4,50083	9
4,50150	9
4,50217	9
4,50283	8
4,50350	8
4,50417	8
4,50483	8
4,50550	7
4,50617	7
4,50683	7
4,50750	6
4,50817	6
4,50883	6
4,50950	6
4,51017	5
4,51083	5
4,51150	5
4,51217	5
4,51283	5
4,51350	5
4,51417	5
4,51483	4
4,51550	4
4,51617	4
4,51683	4
4,51750	4
4,51817	4
4,51883	4
4,51950	4
4,52017	4
4,52083	5
4,52150	5
4,52217	5
4,52283	5
4,52350	5
4,52417	5
4,52483	5
4,52550	5
4,52617	5
4,52683	5
4,52750	5
4,52817	4
4,52883	4
4,52950	4
4,53017	4
4,53083	4
4,53150	4
4,53217	4
4,53283	4
4,53350	5
4,53417	5
4,53483	5
4,53550	5
4,53617	5
4,53683	5
4,53750	5
4,53817	5
4,53883	5
4,53950	4
4,54017	4
4,54083	4
4,54150	4
4,54217	4
4,54283	4
4,54350	4
4,54417	4
4,54483	4
4,54550	4
4,54617	4
4,54683	5
4,54750	5
4,54817	5
4,54883	5
4,54950	5
4,55017	5
4,55083	5
4,55150	5
4,55217	5
4,55283	5
4,55350	6
4,55417	6
4,55483	6
4,55550	6
4,55617	6
4,55683	6
4,55750	6
4,55817	6
4,55883	6
4,55950	6
4,56017	6
4,56083	7
4,56150	7
4,56217	8
4,56283	8
4,56350	9
4,56417	9
4,56483	9
4,56550	10
4,56617	10
4,56683	10
4,56750	10
4,56817	10
4,56883	10
4,56950	11
4,57017	11
4,57083	11
4,57150	11
4,57217	11
4,57283	12
4,57350	12
4,57417	13
4,57483	13
4,57550	13
4,57617	14
4,57683	14
4,57750	15
4,57817	15
4,57883	15
4,57950	16
4,58017	16
4,58083	16
4,58150	16
4,58217	17
4,58283	17
4,58350	17
4,58417	17
4,58483	17
4,58550	17
4,58617	17
4,58683	17
4,58750	17
4,58817	16
4,58883	16
4,58950	15
4,59017	15
4,59083	14
4,59150	14
4,59217	13
4,59283	12
4,59350	12
4,59417	12
4,59483	11
4,59550	10
4,59617	10
4,59683	9
4,59750	8
4,59817	8
4,59883	7
4,59950	7
4,60017	6
4,60083	5
4,60150	5
4,60217	4
4,60283	4
4,60350	3
4,60417	3
4,60483	2
4,60550	2
4,60617	2
4,60683	2
4,60750	2
4,60817	2
4,60883	2
4,60950	2
4,61017	3
4,61083	3
4,61150	3
4,61217	3
4,61283	3
4,61350	3
4,61417	2
4,61483	2
4,61550	2
4,61617	2
4,61683	3
4,61750	3
4,61817	3
4,61883	3
4,61950	4
4,62017	4
4,62083	4
4,62150	4
4,62217	4
4,62283	4
4,62350	4
4,62417	4
4,62483	4
4,62550	4
4,62617	4
4,62683	5
4,62750	5
4,62817	5
4,62883	5
4,62950	5
4,63017	5
4,63083	6
4,63150	6
4,63217	6
4,63283	5
4,63350	5
4,63417	5
4,63483	5
4,63550	5
4,63617	5
4,63683	5
4,63750	4
4,63817	4
4,63883	4
4,63950	4
4,64017	4
4,64083	4
4,64150	4
4,64217	4
4,64283	4
4,64350	4
4,64417	4
4,64483	4
4,64550	3
4,64617	3
4,64683	3
4,64750	3
4,64817	3
4,64883	2
4,64950	2
4,65017	2
4,65083	2
4,65150	2
4,65217	2
4,65283	2
4,65350	2
4,65417	3
4,65483	3
4,65550	3
4,65617	3
4,65683	4
4,65750	4
4,65817	4
4,65883	4
4,65950	5
4,66017	5
4,66083	6
4,66150	6
4,66217	6
4,66283	7
4,66350	7
4,66417	7
4,66483	7
4,66550	8
4,66617	8
4,66683	8
4,66750	9
4,66817	9
4,66883	10
4,66950	10
4,67017	10
4,67083	11
4,67150	11
4,67217	11
4,67283	11
4,67350	11
4,67417	11
4,67483	11
4,67550	11
4,67617	11
4,67683	11
4,67750	10
4,67817	10
4,67883	10
4,67950	10
4,68017	10
4,68083	10
4,68150	10
4,68217	10
4,68283	10
4,68350	10
4,68417	10
4,68483	10
4,68550	10
4,68617	9
4,68683	9
4,68750	8
4,68817	8
4,68883	7
4,68950	7
4,69017	7
4,69083	6
4,69150	6
4,69217	5
4,69283	5
4,69350	5
4,69417	4
4,69483	4
4,69550	4
4,69617	4
4,69683	4
4,69750	4
4,69817	4
4,69883	3
4,69950	3
4,70017	3
4,70083	3
4,70150	3
4,70217	3
4,70283	3
4,70350	3
4,70417	3
4,70483	3
4,70550	3
4,70617	3
4,70683	3
4,70750	3
4,70817	3
4,70883	3
4,70950	3
4,71017	3
4,71083	4
4,71150	4
4,71217	4
4,71283	4
4,71350	4
4,71417	4
4,71483	4
4,71550	4
4,71617	3
4,71683	3
4,71750	3
4,71817	2
4,71883	2
4,71950	2
4,72017	2
4,72083	2
4,72150	1
4,72217	1
4,72283	1
4,72350	1
4,72417	0
4,72483	0
4,72550	0
4,72617	0
4,72683	0
4,72750	-0
4,72817	-1
4,72883	-1
4,72950	-1
4,73017	-1
4,73083	-1
4,73150	-1
4,73217	-1
4,73283	-1
4,73350	-1
4,73417	-1
4,73483	-1
4,73550	-1
4,73617	-1
4,73683	-1
4,73750	-1
4,73817	-0
4,73883	0
4,73950	0
4,74017	0
4,74083	0
4,74150	1
4,74217	1
4,74283	1
4,74350	1
4,74417	2
4,74483	2
4,74550	3
4,74617	3
4,74683	4
4,74750	4
4,74817	5
4,74883	5
4,74950	6
4,75017	7
4,75083	8
4,75150	9
4,75217	10
4,75283	11
4,75350	12
4,75417	14
4,75483	15
4,75550	16
4,75617	18
4,75683	19
4,75750	20
4,75817	22
4,75883	23
4,75950	24
4,76017	25
4,76083	27
4,76150	28
4,76217	29
4,76283	30
4,76350	31
4,76417	32
4,76483	33
4,76550	34
4,76617	34
4,76683	35
4,76750	35
4,76817	35
4,76883	35
4,76950	35
4,77017	35
4,77083	35
4,77150	34
4,77217	34
4,77283	33
4,77350	33
4,77417	32
4,77483	31
4,77550	31
4,77617	30
4,77683	29
4,77750	29
4,77817	28
4,77883	27
4,77950	26
4,78017	26
4,78083	25
4,78150	24
4,78217	23
4,78283	23
4,78350	22
4,78417	21
4,78483	21
4,78550	20
4,78617	19
4,78683	18
4,78750	18
4,78817	17
4,78883	17
4,78950	16
4,79017	16
4,79083	15
4,79150	14
4,79217	13
4,79283	13
4,79350	12
4,79417	12
4,79483	12
4,79550	11
4,79617	11
4,79683	10
4,79750	10
4,79817	10
4,79883	9
4,79950	9
4,80017	8
4,80083	8
4,80150	8
4,80217	7
4,80283	7
4,80350	6
4,80417	6
4,80483	6
4,80550	5
4,80617	5
4,80683	4
4,80750	4
4,80817	3
4,80883	3
4,80950	3
4,81017	2
4,81083	2
4,81150	2
4,81217	1
4,81283	1
4,81350	1
4,81417	1
4,81483	1
4,81550	1
4,81617	1
4,81683	1
4,81750	1
4,81817	1
4,81883	1
4,81950	1
4,82017	1
4,82083	0
4,82150	0
4,82217	-0
4,82283	-1
4,82350	-1
4,82417	-1
4,82483	-2
4,82550	-2
4,82617	-2
4,82683	-2
4,82750	-2
4,82817	-2
4,82883	-2
4,82950	-2
4,83017	-2
4,83083	-2
4,83150	-3
4,83217	-3
4,83283	-3
4,83350	-3
4,83417	-3
4,83483	-4
4,83550	-4
4,83617	-4
4,83683	-4
4,83750	-4
4,83817	-4
4,83883	-4
4,83950	-5
4,84017	-5
4,84083	-5
4,84150	-5
4,84217	-5
4,84283	-5
4,84350	-5
4,84417	-5
4,84483	-5
4,84550	-4
4,84617	-4
4,84683	-4
4,84750	-4
4,84817	-4
4,84883	-4
4,84950	-4
4,85017	-4
4,85083	-4
4,85150	-4
4,85217	-4
4,85283	-4
4,85350	-4
4,85417	-4
4,85483	-4
4,85550	-3
4,85617	-3
4,85683	-2
4,85750	-2
4,85817	-1
4,85883	-0
4,85950	1
4,86017	2
4,86083	3
4,86150	4
4,86217	5
4,86283	6
4,86350	7
4,86417	7
4,86483	8
4,86550	9
4,86617	10
4,86683	11
4,86750	12
4,86817	12
4,86883	13
4,86950	14
4,87017	15
4,87083	15
4,87150	16
4,87217	17
4,87283	17
4,87350	17
4,87417	17
4,87483	17
4,87550	17
4,87617	17
4,87683	16
4,87750	15
4,87817	15
4,87883	14
4,87950	13
4,88017	12
4,88083	11
4,88150	11
4,88217	10
4,88283	9
4,88350	8
4,88417	8
4,88483	7
4,88550	6
4,88617	5
4,88683	4
4,88750	4
4,88817	3
4,88883	2
4,88950	1
4,89017	0
4,89083	-1
4,89150	-1
4,89217	-2
4,89283	-2
4,89350	-3
4,89417	-3
4,89483	-3
4,89550	-3
4,89617	-3
4,89683	-3
4,89750	-4
4,89817	-4
4,89883	-4
4,89950	-4
4,90017	-4
4,90083	-4
4,90150	-4
4,90217	-4
4,90283	-4
4,90350	-4
4,90417	-4
4,90483	-4
4,90550	-4
4,90617	-4
4,90683	-4
4,90750	-4
4,90817	-4
4,90883	-5
4,90950	-5
4,91017	-5
4,91083	-5
4,91150	-5
4,91217	-5
4,91283	-5
4,91350	-5
4,91417	-5
4,91483	-5
4,91550	-5
4,91617	-5
4,91683	-5
4,91750	-5
4,91817	-5
4,91883	-5
4,91950	-5
4,92017	-6
4,92083	-6
4,92150	-6
4,92217	-6
4,92283	-6
4,92350	-6
4,92417	-6
4,92483	-6
4,92550	-6
4,92617	-6
4,92683	-6
4,92750	-6
4,92817	-6
4,92883	-6
4,92950	-6
4,93017	-6
4,93083	-6
4,93150	-6
4,93217	-6
4,93283	-6
4,93350	-7
4,93417	-7
4,93483	-7
4,93550	-7
4,93617	-7
4,93683	-7
4,93750	-7
4,93817	-7
4,93883	-7
4,93950	-7
4,94017	-7
4,94083	-7
4,94150	-7
4,94217	-8
4,94283	-8
4,94350	-8
4,94417	-8
4,94483	-8
4,94550	-8
4,94617	-7
4,94683	-7
4,94750	-7
4,94817	-7
4,94883	-7
4,94950	-7
4,95017	-7
4,95083	-7
4,95150	-7
4,95217	-7
4,95283	-7
4,95350	-7
4,95417	-8
4,95483	-8
4,95550	-8
4,95617	-8
4,95683	-8
4,95750	-8
4,95817	-8
4,95883	-9
4,95950	-9
4,96017	-9
4,96083	-9
4,96150	-9
4,96217	-9
4,96283	-9
4,96350	-9
4,96417	-9
4,96483	-9
4,96550	-9
4,96617	-9
4,96683	-9
4,96750	-9
4,96817	-9
4,96883	-9
4,96950	-9
4,97017	-9
4,97083	-10
4,97150	-10
4,97217	-10
4,97283	-10
4,97350	-11
4,97417	-11
4,97483	-10
4,97550	-10
4,97617	-10
4,97683	-10
4,97750	-9
4,97817	-9
4,97883	-9
4,97950	-9
4,98017	-8
4,98083	-8
4,98150	-7
4,98217	-7
4,98283	-7
4,98350	-7
4,98417	-7
4,98483	-7
4,98550	-7
4,98617	-7
4,98683	-7
4,98750	-7
4,98817	-7
4,98883	-7
4,98950	-7
4,99017	-7
4,99083	-6
4,99150	-6
4,99217	-6
4,99283	-6
4,99350	-6
4,99417	-5
4,99483	-5
4,99550	-4
4,99617	-3
4,99683	-2
4,99750	-0
4,99817	1
4,99883	3
4,99950	6
5,00017	8
5,00083	11
5,00150	14
5,00217	18
5,00283	21
5,00350	25
5,00417	29
5,00483	34
5,00550	39
5,00617	44
5,00683	49
5,00750	55
5,00817	60
5,00883	66
5,00950	71
5,01017	77
5,01083	82
5,01150	87
5,01217	91
5,01283	95
5,01350	99
5,01417	102
5,01483	105
5,01550	107
5,01617	109
5,01683	110
5,01750	110
5,01817	110
5,01883	109
5,01950	109
5,02017	107
5,02083	106
5,02150	104
5,02217	102
5,02283	99
5,02350	96
5,02417	94
5,02483	90
5,02550	87
5,02617	84
5,02683	80
5,02750	77
5,02817	74
5,02883	71
5,02950	68
5,03017	65
5,03083	62
5,03150	59
5,03217	56
5,03283	53
5,03350	51
5,03417	48
5,03483	45
5,03550	43
5,03617	40
5,03683	38
5,03750	35
5,03817	33
5,03883	30
5,03950	28
5,04017	26
5,04083	24
5,04150	22
5,04217	20
5,04283	18
5,04350	16
5,04417	15
5,04483	13
5,04550	12
5,04617	11
5,04683	9
5,04750	8
5,04817	7
5,04883	6
5,04950	5
5,05017	5
5,05083	4
5,05150	3
5,05217	3
5,05283	2
5,05350	2
5,05417	2
5,05483	1
5,05550	1
5,05617	1
5,05683	0
5,05750	0
5,05817	-0
5,05883	-1
5,05950	-1
5,06017	-1
5,06083	-2
5,06150	-2
5,06217	-2
5,06283	-2
5,06350	-2
5,06417	-2
5,06483	-1
5,06550	-0
5,06617	1
5,06683	2
5,06750	3
5,06817	5
5,06883	8
5,06950	11
5,07017	14
5,07083	18
5,07150	23
5,07217	29
5,07283	36
5,07350	44
5,07417	52
5,07483	62
5,07550	73
5,07617	84
5,07683	97
5,07750	110
5,07817	125
5,07883	140
5,07950	155
5,08017	171
5,08083	187
5,08150	203
5,08217	219
5,08283	235
5,08350	250
5,08417	264
5,08483	277
5,08550	289
5,08617	300
5,08683	309
5,08750	316
5,08817	322
5,08883	326
5,08950	328
5,09017	329
5,09083	328
5,09150	325
5,09217	321
5,09283	316
5,09350	309
5,09417	301
5,09483	293
5,09550	284
5,09617	274
5,09683	263
5,09750	252
5,09817	241
5,09883	230
5,09950	218
5,10017	207
5,10083	195
5,10150	184
5,10217	173
5,10283	163
5,10350	153
5,10417	143
5,10483	133
5,10550	124
5,10617	116
5,10683	108
5,10750	101
5,10817	94
5,10883	87
5,10950	81
5,11017	75
5,11083	69
5,11150	64
5,11217	59
5,11283	55
5,11350	51
5,11417	47
5,11483	43
5,11550	40
5,11617	37
5,11683	35
5,11750	32
5,11817	30
5,11883	27
5,11950	25
5,12017	24
5,12083	22
5,12150	20
5,12217	19
5,12283	18
5,12350	17
5,12417	16
5,12483	15
5,12550	14
5,12617	14
5,12683	13
5,12750	13
5,12817	13
5,12883	12
5,12950	11
5,13017	11
5,13083	11
5,13150	10
5,13217	9
5,13283	9
5,13350	8
5,13417	8
5,13483	7
5,13550	7
5,13617	6
5,13683	6
5,13750	5
5,13817	5
5,13883	4
5,13950	4
5,14017	3
5,14083	3
5,14150	3
5,14217	2
5,14283	1
5,14350	1
5,14417	0
5,14483	-0
5,14550	-1
5,14617	-1
5,14683	-2
5,14750	-2
5,14817	-3
5,14883	-3
5,14950	-3
5,15017	-3
5,15083	-3
5,15150	-3
5,15217	-2
5,15283	-2
5,15350	-2
5,15417	-2
5,15483	-1
5,15550	-1
5,15617	-1
5,15683	-0
5,15750	0
5,15817	1
5,15883	1
5,15950	2
5,16017	2
5,16083	3
5,16150	3
5,16217	4
5,16283	5
5,16350	5
5,16417	5
5,16483	6
5,16550	6
5,16617	6
5,16683	6
5,16750	6
5,16817	6
5,16883	6
5,16950	6
5,17017	7
5,17083	7
5,17150	7
5,17217	7
5,17283	7
5,17350	6
5,17417	6
5,17483	6
5,17550	6
5,17617	5
5,17683	5
5,17750	5
5,17817	5
5,17883	5
5,17950	5
5,18017	4
5,18083	4
5,18150	4
5,18217	5
5,18283	5
5,18350	5
5,18417	5
5,18483	4
5,18550	4
5,18617	4
5,18683	4
5,18750	3
5,18817	3
5,18883	3
5,18950	2
5,19017	2
5,19083	2
5,19150	2
5,19217	2
5,19283	2
5,19350	2
5,19417	2
5,19483	2
5,19550	3
5,19617	3
5,19683	3
5,19750	3
5,19817	3
5,19883	2
5,19950	2
5,20017	2
5,20083	2
5,20150	2
5,20217	2
5,20283	2
5,20350	3
5,20417	3
5,20483	3
5,20550	3
5,20617	3
5,20683	4
5,20750	4
5,20817	4
5,20883	3
5,20950	3
5,21017	3
5,21083	3
5,21150	3
5,21217	3
5,21283	3
5,21350	3
5,21417	3
5,21483	3
5,21550	2
5,21617	2
5,21683	2
5,21750	1
5,21817	1
5,21883	0
5,21950	0
5,22017	-0
5,22083	-0
5,22150	-1
5,22217	-1
5,22283	-1
5,22350	-2
5,22417	-2
5,22483	-2
5,22550	-2
5,22617	-2
5,22683	-3
5,22750	-3
5,22817	-3
5,22883	-4
5,22950	-4
5,23017	-4
5,23083	-5
5,23150	-5
5,23217	-5
5,23283	-6
5,23350	-6
5,23417	-6
5,23483	-6
5,23550	-6
5,23617	-6
5,23683	-6
5,23750	-6
5,23817	-6
5,23883	-6
5,23950	-6
5,24017	-5
5,24083	-6
5,24150	-6
5,24217	-6
5,24283	-6
5,24350	-6
5,24417	-5
5,24483	-5
5,24550	-4
5,24617	-4
5,24683	-4
5,24750	-3
5,24817	-3
5,24883	-3
5,24950	-3
5,25017	-3
5,25083	-3
5,25150	-3
5,25217	-3
5,25283	-3
5,25350	-3
5,25417	-3
5,25483	-3
5,25550	-3
5,25617	-3
5,25683	-3
5,25750	-3
5,25817	-3
5,25883	-2
5,25950	-2
5,26017	-3
5,26083	-3
5,26150	-3
5,26217	-3
5,26283	-3
5,26350	-3
5,26417	-3
5,26483	-3
5,26550	-4
5,26617	-4
5,26683	-4
5,26750	-4
5,26817	-4
5,26883	-4
5,26950	-4
5,27017	-4
5,27083	-4
5,27150	-4
5,27217	-4
5,27283	-4
5,27350	-4
5,27417	-4
5,27483	-4
5,27550	-5
5,27617	-5
5,27683	-5
5,27750	-5
5,27817	-5
5,27883	-5
5,27950	-5
5,28017	-5
5,28083	-5
5,28150	-5
5,28217	-5
5,28283	-5
5,28350	-5
5,28417	-5
5,28483	-5
5,28550	-5
5,28617	-5
5,28683	-5
5,28750	-5
5,28817	-5
5,28883	-5
5,28950	-5
5,29017	-5
5,29083	-5
5,29150	-5
5,29217	-5
5,29283	-5
5,29350	-5
5,29417	-5
5,29483	-5
5,29550	-5
5,29617	-5
5,29683	-5
5,29750	-5
5,29817	-5
5,29883	-4
5,29950	-4
5,30017	-5
5,30083	-5
5,30150	-5
5,30217	-5
5,30283	-5
5,30350	-5
5,30417	-5
5,30483	-6
5,30550	-6
5,30617	-6
5,30683	-6
5,30750	-6
5,30817	-6
5,30883	-6
5,30950	-6
5,31017	-6
5,31083	-6
5,31150	-6
5,31217	-5
5,31283	-5
5,31350	-5
5,31417	-6
5,31483	-6
5,31550	-6
5,31617	-6
5,31683	-6
5,31750	-6
5,31817	-7
5,31883	-7
5,31950	-7
5,32017	-8
5,32083	-8
5,32150	-8
5,32217	-9
5,32283	-9
5,32350	-10
5,32417	-10
5,32483	-10
5,32550	-10
5,32617	-10
5,32683	-10
5,32750	-10
5,32817	-10
5,32883	-10
5,32950	-10
5,33017	-10
5,33083	-10
5,33150	-9
5,33217	-9
5,33283	-9
5,33350	-9
5,33417	-9
5,33483	-9
5,33550	-9
5,33617	-9
5,33683	-9
5,33750	-10
5,33817	-10
5,33883	-10
5,33950	-9
5,34017	-9
5,34083	-9
5,34150	-9
5,34217	-9
5,34283	-9
5,34350	-9
5,34417	-8
5,34483	-8
5,34550	-8
5,34617	-8
5,34683	-8
5,34750	-8
5,34817	-8
5,34883	-8
5,34950	-8
5,35017	-8
5,35083	-7
5,35150	-7
5,35217	-7
5,35283	-6
5,35350	-6
5,35417	-6
5,35483	-5
5,35550	-5
5,35617	-5
5,35683	-5
5,35750	-5
5,35817	-4
5,35883	-4
5,35950	-4
5,36017	-4
5,36083	-4
5,36150	-4
5,36217	-5
5,36283	-5
5,36350	-5
5,36417	-5
5,36483	-5
5,36550	-5
5,36617	-5
5,36683	-5
5,36750	-5
5,36817	-5
5,36883	-5
5,36950	-5
5,37017	-6
5,37083	-6
5,37150	-5
5,37217	-5
5,37283	-5
5,37350	-5
5,37417	-5
5,37483	-5
5,37550	-5
5,37617	-5
5,37683	-5
5,37750	-5
5,37817	-5
5,37883	-5
5,37950	-5
5,38017	-5
5,38083	-5
5,38150	-5
5,38217	-5
5,38283	-5
5,38350	-5
5,38417	-5
5,38483	-5
5,38550	-5
5,38617	-4
5,38683	-4
5,38750	-4
5,38817	-4
5,38883	-5
5,38950	-5
5,39017	-5
5,39083	-5
5,39150	-6
5,39217	-6
5,39283	-6
5,39350	-7
5,39417	-7
5,39483	-7
5,39550	-8
5,39617	-8
5,39683	-8
5,39750	-9
5,39817	-9
5,39883	-9
5,39950	-10
5,40017	-10
5,40083	-11
5,40150	-11
5,40217	-12
5,40283	-12
5,40350	-12
5,40417	-13
5,40483	-13
5,40550	-12
5,40617	-12
5,40683	-12
5,40750	-12
5,40817	-12
5,40883	-12
5,40950	-13
5,41017	-13
5,41083	-13
5,41150	-13
5,41217	-13
5,41283	-13
5,41350	-13
5,41417	-13
5,41483	-13
5,41550	-13
5,41617	-13
5,41683	-12
5,41750	-12
5,41817	-12
5,41883	-11
5,41950	-11
5,42017	-11
5,42083	-11
5,42150	-11
5,42217	-11
5,42283	-11
5,42350	-11
5,42417	-11
5,42483	-11
5,42550	-11
5,42617	-10
5,42683	-10
5,42750	-10
5,42817	-10
5,42883	-10
5,42950	-9
5,43017	-9
5,43083	-8
5,43150	-8
5,43217	-8
5,43283	-8
5,43350	-7
5,43417	-7
5,43483	-7
5,43550	-7
5,43617	-7
5,43683	-6
5,43750	-6
5,43817	-6
5,43883	-6
5,43950	-6
5,44017	-5
5,44083	-5
5,44150	-6
5,44217	-6
5,44283	-6
5,44350	-6
5,44417	-6
5,44483	-6
5,44550	-7
5,44617	-7
5,44683	-7
5,44750	-7
5,44817	-8
5,44883	-8
5,44950	-8
5,45017	-8
5,45083	-8
5,45150	-8
5,45217	-8
5,45283	-8
5,45350	-9
5,45417	-9
5,45483	-9
5,45550	-10
5,45617	-10
5,45683	-10
5,45750	-11
5,45817	-11
5,45883	-11
5,45950	-11
5,46017	-11
5,46083	-11
5,46150	-11
5,46217	-12
5,46283	-12
5,46350	-12
5,46417	-12
5,46483	-12
5,46550	-13
5,46617	-13
5,46683	-13
5,46750	-13
5,46817	-13
5,46883	-13
5,46950	-13
5,47017	-13
5,47083	-13
5,47150	-13
5,47217	-13
5,47283	-12
5,47350	-12
5,47417	-12
5,47483	-12
5,47550	-13
5,47617	-13
5,47683	-12
5,47750	-12
5,47817	-12
5,47883	-12
5,47950	-12
5,48017	-12
5,48083	-12
5,48150	-12
5,48217	-12
5,48283	-12
5,48350	-12
5,48417	-12
5,48483	-12
5,48550	-12
5,48617	-12
5,48683	-12
5,48750	-12
5,48817	-13
5,48883	-13
5,48950	-13
5,49017	-13
5,49083	-13
5,49150	-13
5,49217	-13
5,49283	-13
5,49350	-13
5,49417	-13
5,49483	-13
5,49550	-13
5,49617	-12
5,49683	-12
5,49750	-12
5,49817	-11
5,49883	-10
5,49950	-9
5,50017	-8
5,50083	-6
5,50150	-4
5,50217	-1
5,50283	2
5,50350	7
5,50417	13
5,50483	20
5,50550	28
5,50617	38
5,50683	51
5,50750	65
5,50817	82
5,50883	102
5,50950	124
5,51017	150
5,51083	180
5,51150	212
5,51217	248
5,51283	286
5,51350	328
5,51417	371
5,51483	417
5,51550	465
5,51617	513
5,51683	561
5,51750	609
5,51817	656
5,51883	701
5,51950	744
5,52017	784
5,52083	821
5,52150	854
5,52217	883
5,52283	908
5,52350	928
5,52417	944
5,52483	955
5,52550	961
5,52617	963
5,52683	961
5,52750	954
5,52817	943
5,52883	929
5,52950	912
5,53017	892
5,53083	869
5,53150	844
5,53217	818
5,53283	789
5,53350	760
5,53417	729
5,53483	698
5,53550	667
5,53617	635
5,53683	604
5,53750	572
5,53817	542
5,53883	511
5,53950	482
5,54017	453
5,54083	426
5,54150	399
5,54217	374
5,54283	349
5,54350	326
5,54417	304
5,54483	283
5,54550	264
5,54617	245
5,54683	228
5,54750	211
5,54817	196
5,54883	181
5,54950	168
5,55017	155
5,55083	143
5,55150	132
5,55217	122
5,55283	112
5,55350	103
5,55417	95
5,55483	87
5,55550	80
5,55617	73
5,55683	67
5,55750	61
5,55817	56
5,55883	51
5,55950	46
5,56017	42
5,56083	38
5,56150	35
5,56217	32
5,56283	29
5,56350	26
5,56417	24
5,56483	22
5,56550	20
5,56617	18
5,56683	16
5,56750	15
5,56817	13
5,56883	12
5,56950	11
5,57017	10
5,57083	9
5,57150	9
5,57217	8
5,57283	7
5,57350	7
5,57417	6
5,57483	5
5,57550	5
5,57617	4
5,57683	4
5,57750	4
5,57817	3
5,57883	3
5,57950	3
5,58017	2
5,58083	2
5,58150	2
5,58217	2
5,58283	1
5,58350	1
5,58417	1
5,58483	0
5,58550	-0
5,58617	-1
5,58683	-1
5,58750	-1
5,58817	-2
5,58883	-2
5,58950	-2
5,59017	-2
5,59083	-2
5,59150	-2
5,59217	-2
5,59283	-2
5,59350	-2
5,59417	-2
5,59483	-2
5,59550	-2
5,59617	-2
5,59683	-2
5,59750	-1
5,59817	-1
5,59883	-1
5,59950	-1
5,60017	-1
5,60083	-2
5,60150	-2
5,60217	-2
5,60283	-2
5,60350	-2
5,60417	-3
5,60483	-3
5,60550	-3
5,60617	-3
5,60683	-3
5,60750	-3
5,60817	-3
5,60883	-3
5,60950	-3
5,61017	-3
5,61083	-3
5,61150	-3
5,61217	-3
5,61283	-3
5,61350	-3
5,61417	-3
5,61483	-3
5,61550	-3
5,61617	-3
5,61683	-3
5,61750	-4
5,61817	-4
5,61883	-3
5,61950	-3
5,62017	-3
5,62083	-3
5,62150	-3
5,62217	-4
5,62283	-4
5,62350	-4
5,62417	-5
5,62483	-5
5,62550	-5
5,62617	-6
5,62683	-6
5,62750	-6
5,62817	-6
5,62883	-6
5,62950	-6
5,63017	-6
5,63083	-6
5,63150	-7
5,63217	-7
5,63283	-7
5,63350	-7
5,63417	-7
5,63483	-7
5,63550	-7
5,63617	-7
5,63683	-8
5,63750	-8
5,63817	-8
5,63883	-8
5,63950	-8
5,64017	-8
5,64083	-8
5,64150	-9
5,64217	-9
5,64283	-9
5,64350	-9
5,64417	-9
5,64483	-9
5,64550	-9
5,64617	-9
5,64683	-9
5,64750	-10
5,64817	-10
5,64883	-10
5,64950	-10
5,65017	-10
5,65083	-10
5,65150	-10
5,65217	-11
5,65283	-11
5,65350	-11
5,65417	-11
5,65483	-11
5,65550	-11
5,65617	-11
5,65683	-11
5,65750	-11
5,65817	-11
5,65883	-11
5,65950	-12
5,66017	-12
5,66083	-12
5,66150	-12
5,66217	-12
5,66283	-12
5,66350	-13
5,66417	-13
5,66483	-13
5,66550	-13
5,66617	-13
5,66683	-13
5,66750	-13
5,66817	-13
5,66883	-13
5,66950	-13
5,67017	-13
5,67083	-13
5,67150	-12
5,67217	-12
5,67283	-12
5,67350	-12
5,67417	-11
5,67483	-11
5,67550	-11
5,67617	-11
5,67683	-10
5,67750	-10
5,67817	-10
5,67883	-10
5,67950	-10
5,68017	-10
5,68083	-9
5,68150	-9
5,68217	-9
5,68283	-9
5,68350	-9
5,68417	-9
5,68483	-9
5,68550	-9
5,68617	-9
5,68683	-9
5,68750	-9
5,68817	-9
5,68883	-9
5,68950	-9
5,69017	-9
5,69083	-10
5,69150	-10
5,69217	-10
5,69283	-10
5,69350	-10
5,69417	-10
5,69483	-10
5,69550	-11
5,69617	-11
5,69683	-11
5,69750	-12
5,69817	-12
5,69883	-12
5,69950	-12
5,70017	-12
5,70083	-12
5,70150	-13
5,70217	-13
5,70283	-13
5,70350	-12
5,70417	-12
5,70483	-12
5,70550	-13
5,70617	-13
5,70683	-13
5,70750	-13
5,70817	-13
5,70883	-13
5,70950	-13
5,71017	-13
5,71083	-13
5,71150	-13
5,71217	-13
5,71283	-13
5,71350	-12
5,71417	-12
5,71483	-12
5,71550	-12
5,71617	-11
5,71683	-11
5,71750	-11
5,71817	-11
5,71883	-11
5,71950	-11
5,72017	-11
5,72083	-11
5,72150	-11
5,72217	-11
5,72283	-11
5,72350	-11
5,72417	-11
5,72483	-10
5,72550	-10
5,72617	-9
5,72683	-9
5,72750	-9
5,72817	-8
5,72883	-8
5,72950	-8
5,73017	-8
5,73083	-8
5,73150	-8
5,73217	-7
5,73283	-7
5,73350	-7
5,73417	-7
5,73483	-7
5,73550	-7
5,73617	-7
5,73683	-7
5,73750	-7
5,73817	-7
5,73883	-7
5,73950	-6
5,74017	-6
5,74083	-6
5,74150	-6
5,74217	-7
5,74283	-7
5,74350	-7
5,74417	-7
5,74483	-8
5,74550	-8
5,74617	-8
5,74683	-9
5,74750	-9
5,74817	-10
5,74883	-10
5,74950	-10
5,75017	-11
5,75083	-11
5,75150	-11
5,75217	-11
5,75283	-12
5,75350	-12
5,75417	-12
5,75483	-12
5,75550	-12
5,75617	-12
5,75683	-12
5,75750	-12
5,75817	-12
5,75883	-12
5,75950	-12
5,76017	-12
5,76083	-12
5,76150	-12
5,76217	-12
5,76283	-12
5,76350	-12
5,76417	-12
5,76483	-12
5,76550	-12
5,76617	-12
5,76683	-12
5,76750	-11
5,76817	-11
5,76883	-11
5,76950	-11
5,77017	-12
5,77083	-12
5,77150	-12
5,77217	-12
5,77283	-12
5,77350	-12
5,77417	-12
5,77483	-11
5,77550	-11
5,77617	-11
5,77683	-10
5,77750	-10
5,77817	-10
5,77883	-10
5,77950	-10
5,78017	-9
5,78083	-9
5,78150	-9
5,78217	-10
5,78283	-10
5,78350	-10
5,78417	-10
5,78483	-10
5,78550	-10
5,78617	-10
5,78683	-10
5,78750	-10
5,78817	-10
5,78883	-10
5,78950	-10
5,79017	-10
5,79083	-10
5,79150	-10
5,79217	-10
5,79283	-10
5,79350	-10
5,79417	-10
5,79483	-11
5,79550	-11
5,79617	-11
5,79683	-11
5,79750	-11
5,79817	-11
5,79883	-11
5,79950	-11
5,80017	-11
5,80083	-12
5,80150	-12
5,80217	-12
5,80283	-12
5,80350	-12
5,80417	-12
5,80483	-12
5,80550	-13
5,80617	-13
5,80683	-13
5,80750	-13
5,80817	-13
5,80883	-14
5,80950	-14
5,81017	-14
5,81083	-14
5,81150	-14
5,81217	-14
5,81283	-14
5,81350	-14
5,81417	-14
5,81483	-14
5,81550	-14
5,81617	-14
5,81683	-14
5,81750	-14
5,81817	-14
5,81883	-14
5,81950	-14
5,82017	-14
5,82083	-14
5,82150	-14
5,82217	-14
5,82283	-14
5,82350	-15
5,82417	-15
5,82483	-15
5,82550	-15
5,82617	-15
5,82683	-15
5,82750	-15
5,82817	-15
5,82883	-15
5,82950	-15
5,83017	-15
5,83083	-15
5,83150	-15
5,83217	-15
5,83283	-14
5,83350	-14
5,83417	-14
5,83483	-14
5,83550	-14
5,83617	-13
5,83683	-13
5,83750	-13
5,83817	-13
5,83883	-14
5,83950	-14
5,84017	-14
5,84083	-14
5,84150	-14
5,84217	-14
5,84283	-14
5,84350	-14
5,84417	-13
5,84483	-13
5,84550	-13
5,84617	-13
5,84683	-12
5,84750	-12
5,84817	-12
5,84883	-12
5,84950	-11
5,85017	-11
5,85083	-11
5,85150	-11
5,85217	-11
5,85283	-11
5,85350	-11
5,85417	-10
5,85483	-10
5,85550	-10
5,85617	-10
5,85683	-10
5,85750	-10
5,85817	-10
5,85883	-10
5,85950	-10
5,86017	-11
5,86083	-11
5,86150	-11
5,86217	-11
5,86283	-11
5,86350	-11
5,86417	-11
5,86483	-11
5,86550	-11
5,86617	-11
5,86683	-11
5,86750	-11
5,86817	-12
5,86883	-12
5,86950	-12
5,87017	-12
5,87083	-13
5,87150	-13
5,87217	-13
5,87283	-13
5,87350	-12
5,87417	-12
5,87483	-12
5,87550	-12
5,87617	-12
5,87683	-12
5,87750	-12
5,87817	-12
5,87883	-12
5,87950	-12
5,88017	-12
5,88083	-12
5,88150	-12
5,88217	-12
5,88283	-12
5,88350	-12
5,88417	-13
5,88483	-13
5,88550	-13
5,88617	-13
5,88683	-13
5,88750	-13
5,88817	-13
5,88883	-13
5,88950	-13
5,89017	-13
5,89083	-13
5,89150	-13
5,89217	-13
5,89283	-13
5,89350	-13
5,89417	-13
5,89483	-13
5,89550	-13
5,89617	-13
5,89683	-13
5,89750	-13
5,89817	-13
5,89883	-13
5,89950	-14
5,90017	-14
5,90083	-14
5,90150	-14
5,90217	-14
5,90283	-14
5,90350	-15
5,90417	-15
5,90483	-15
5,90550	-15
5,90617	-14
5,90683	-14
5,90750	-14
5,90817	-13
5,90883	-13
5,90950	-13
5,91017	-13
5,91083	-13
5,91150	-13
5,91217	-13
5,91283	-12
5,91350	-12
5,91417	-12
5,91483	-12
5,91550	-12
5,91617	-11
5,91683	-11
5,91750	-11
5,91817	-10
5,91883	-10
5,91950	-9
5,92017	-9
5,92083	-9
5,92150	-9
5,92217	-9
5,92283	-9
5,92350	-9
5,92417	-9
5,92483	-9
5,92550	-9
5,92617	-9
5,92683	-9
5,92750	-9
5,92817	-9
5,92883	-9
5,92950	-10
5,93017	-10
5,93083	-10
5,93150	-11
5,93217	-11
5,93283	-12
5,93350	-12
5,93417	-13
5,93483	-13
5,93550	-13
5,93617	-13
5,93683	-13
5,93750	-13
5,93817	-13
5,93883	-13
5,93950	-13
5,94017	-12
5,94083	-12
5,94150	-12
5,94217	-12
5,94283	-12
5,94350	-12
5,94417	-11
5,94483	-11
5,94550	-11
5,94617	-12
5,94683	-12
5,94750	-12
5,94817	-12
5,94883	-12
5,94950	-12
5,95017	-13
5,95083	-13
5,95150	-13
5,95217	-13
5,95283	-13
5,95350	-13
5,95417	-14
5,95483	-14
5,95550	-14
5,95617	-14
5,95683	-14
5,95750	-14
5,95817	-14
5,95883	-14
5,95950	-14
5,96017	-14
5,96083	-14
5,96150	-13
5,96217	-13
5,96283	-13
5,96350	-12
5,96417	-12
5,96483	-11
5,96550	-11
5,96617	-10
5,96683	-10
5,96750	-9
5,96817	-9
5,96883	-8
5,96950	-7
5,97017	-6
5,97083	-5
5,97150	-4
5,97217	-3
5,97283	-2
5,97350	-0
5,97417	1
5,97483	3
5,97550	4
5,97617	6
5,97683	7
5,97750	9
5,97817	10
5,97883	12
5,97950	13
5,98017	15
5,98083	17
5,98150	18
5,98217	20
5,98283	22
5,98350	23
5,98417	24
5,98483	26
5,98550	27
5,98617	27
5,98683	28
5,98750	28
5,98817	29
5,98883	29
5,98950	28
5,99017	28
5,99083	28
5,99150	28
5,99217	27
5,99283	27
5,99350	26
5,99417	26
5,99483	25
5,99550	24
5,99617	23
5,99683	22
5,99750	21
5,99817	20
5,99883	19
5,99950	18
6,00017	17
6,00083	16
6,00150	15
6,00217	14
6,00283	13
6,00350	12
6,00417	10
6,00483	9
6,00550	8
6,00617	7
6,00683	6
6,00750	5
6,00817	4
6,00883	3
6,00950	3
6,01017	2
6,01083	1
6,01150	1
6,01217	0
6,01283	0
6,01350	-0
6,01417	-1
6,01483	-1
6,01550	-1
6,01617	-2
6,01683	-2
6,01750	-2
6,01817	-3
6,01883	-3
6,01950	-3
6,02017	-3
6,02083	-3
6,02150	-4
6,02217	-4
6,02283	-4
6,02350	-5
6,02417	-5
6,02483	-5
6,02550	-5
6,02617	-6
6,02683	-6
6,02750	-6
6,02817	-7
6,02883	-7
6,02950	-8
6,03017	-8
6,03083	-9
6,03150	-9
6,03217	-9
6,03283	-9
6,03350	-10
6,03417	-10
6,03483	-10
6,03550	-10
6,03617	-11
6,03683	-11
6,03750	-11
6,03817	-12
6,03883	-12
6,03950	-12
6,04017	-12
6,04083	-12
6,04150	-13
6,04217	-13
6,04283	-13
6,04350	-13
6,04417	-13
6,04483	-13
6,04550	-13
6,04617	-13
6,04683	-12
6,04750	-12
6,04817	-12
6,04883	-12
6,04950	-12
6,05017	-12
6,05083	-11
6,05150	-11
6,05217	-11
6,05283	-11
6,05350	-11
6,05417	-11
6,05483	-10
6,05550	-10
6,05617	-10
6,05683	-10
6,05750	-9
6,05817	-9
6,05883	-9
6,05950	-10
6,06017	-10
6,06083	-10
6,06150	-10
6,06217	-9
6,06283	-9
6,06350	-9
6,06417	-9
6,06483	-9
6,06550	-9
6,06617	-9
6,06683	-9
6,06750	-9
6,06817	-9
6,06883	-9
6,06950	-9
6,07017	-9
6,07083	-10
6,07150	-10
6,07217	-10
6,07283	-10
6,07350	-10
6,07417	-10
6,07483	-10
6,07550	-10
6,07617	-10
6,07683	-10
6,07750	-10
6,07817	-10
6,07883	-10
6,07950	-10
6,08017	-9
6,08083	-9
6,08150	-9
6,08217	-9
6,08283	-9
6,08350	-9
6,08417	-9
6,08483	-9
6,08550	-9
6,08617	-9
6,08683	-9
6,08750	-9
6,08817	-9
6,08883	-9
6,08950	-9
6,09017	-9
6,09083	-9
6,09150	-8
6,09217	-8
6,09283	-8
6,09350	-8
6,09417	-8
6,09483	-8
6,09550	-8
6,09617	-8
6,09683	-8
6,09750	-9
6,09817	-9
6,09883	-9
6,09950	-9
6,10017	-9
6,10083	-9
6,10150	-9
6,10217	-9
6,10283	-9
6,10350	-10
6,10417	-10
6,10483	-10
6,10550	-10
6,10617	-11
6,10683	-11
6,10750	-11
6,10817	-11
6,10883	-12
6,10950	-12
6,11017	-12
6,11083	-13
6,11150	-13
6,11217	-13
6,11283	-13
6,11350	-14
6,11417	-14
6,11483	-14
6,11550	-14
6,11617	-15
6,11683	-15
6,11750	-16
6,11817	-16
6,11883	-16
6,11950	-17
6,12017	-17
6,12083	-17
6,12150	-17
6,12217	-16
6,12283	-16
6,12350	-16
6,12417	-16
6,12483	-16
6,12550	-16
6,12617	-16
6,12683	-16
6,12750	-16
6,12817	-16
6,12883	-15
6,12950	-15
6,13017	-15
6,13083	-15
6,13150	-15
6,13217	-15
6,13283	-15
6,13350	-15
6,13417	-15
6,13483	-15
6,13550	-15
6,13617	-16
6,13683	-16
6,13750	-16
6,13817	-16
6,13883	-16
6,13950	-16
6,14017	-16
6,14083	-16
6,14150	-16
6,14217	-16
6,14283	-17
6,14350	-17
6,14417	-17
6,14483	-17
6,14550	-17
6,14617	-17
6,14683	-17
6,14750	-17
6,14817	-17
6,14883	-17
6,14950	-17
6,15017	-16
6,15083	-16
6,15150	-16
6,15217	-16
6,15283	-15
6,15350	-15
6,15417	-15
6,15483	-15
6,15550	-15
6,15617	-15
6,15683	-15
6,15750	-15
6,15817	-15
6,15883	-15
6,15950	-15
6,16017	-15
6,16083	-15
6,16150	-14
6,16217	-14
6,16283	-14
6,16350	-14
6,16417	-14
6,16483	-14
6,16550	-13
6,16617	-13
6,16683	-13
6,16750	-13
6,16817	-13
6,16883	-12
6,16950	-13
6,17017	-13
6,17083	-13
6,17150	-13
6,17217	-13
6,17283	-14
6,17350	-14
6,17417	-14
6,17483	-14
6,17550	-14
6,17617	-14
6,17683	-14
6,17750	-14
6,17817	-14
6,17883	-14
6,17950	-14
6,18017	-13
6,18083	-13
6,18150	-13
6,18217	-13
6,18283	-12
6,18350	-12
6,18417	-12
6,18483	-12
6,18550	-12
6,18617	-12
6,18683	-12
6,18750	-12
6,18817	-12
6,18883	-12
6,18950	-12
6,19017	-13
6,19083	-13
6,19150	-13
6,19217	-13
6,19283	-13
6,19350	-13
6,19417	-13
6,19483	-13
6,19550	-13
6,19617	-13
6,19683	-12
6,19750	-12
6,19817	-12
6,19883	-13
6,19950	-13
6,20017	-13
6,20083	-13
6,20150	-13
6,20217	-14
6,20283	-14
6,20350	-14
6,20417	-14
6,20483	-14
6,20550	-14
6,20617	-15
6,20683	-15
6,20750	-15
6,20817	-15
6,20883	-15
6,20950	-15
6,21017	-15
6,21083	-15
6,21150	-15
6,21217	-14
6,21283	-14
6,21350	-14
6,21417	-14
6,21483	-14
6,21550	-13
6,21617	-13
6,21683	-13
6,21750	-13
6,21817	-13
6,21883	-13
6,21950	-14
6,22017	-14
6,22083	-14
6,22150	-14
6,22217	-14
6,22283	-15
6,22350	-15
6,22417	-15
6,22483	-15
6,22550	-15
6,22617	-15
6,22683	-15
6,22750	-16
6,22817	-16
6,22883	-16
6,22950	-16
6,23017	-17
6,23083	-17
6,23150	-17
6,23217	-18
6,23283	-18
6,23350	-18
6,23417	-18
6,23483	-18
6,23550	-19
6,23617	-19
6,23683	-19
6,23750	-18
6,23817	-18
6,23883	-18
6,23950	-18
6,24017	-18
6,24083	-18
6,24150	-18
6,24217	-18
6,24283	-18
6,24350	-18
6,24417	-18
6,24483	-18
6,24550	-18
6,24617	-18
6,24683	-18
6,24750	-18
6,24817	-18
6,24883	-18
6,24950	-18
6,25017	-17
6,25083	-17
6,25150	-17
6,25217	-17
6,25283	-17
6,25350	-17
6,25417	-17
6,25483	-17
6,25550	-17
6,25617	-17
6,25683	-16
6,25750	-16
6,25817	-16
6,25883	-16
6,25950	-16
6,26017	-16
6,26083	-16
6,26150	-16
6,26217	-17
6,26283	-17
6,26350	-17
6,26417	-17
6,26483	-18
6,26550	-18
6,26617	-18
6,26683	-18
6,26750	-18
6,26817	-19
6,26883	-19
6,26950	-19
6,27017	-19
6,27083	-19
6,27150	-19
6,27217	-19
6,27283	-19
6,27350	-19
6,27417	-19
6,27483	-19
6,27550	-19
6,27617	-19
6,27683	-19
6,27750	-19
6,27817	-18
6,27883	-18
6,27950	-18
6,28017	-18
6,28083	-18
6,28150	-18
6,28217	-18
6,28283	-17
6,28350	-17
6,28417	-17
6,28483	-17
6,28550	-17
6,28617	-17
6,28683	-17
6,28750	-17
6,28817	-17
6,28883	-17
6,28950	-17
6,29017	-17
6,29083	-17
6,29150	-17
6,29217	-17
6,29283	-17
6,29350	-16
6,29417	-16
6,29483	-17
6,29550	-17
6,29617	-17
6,29683	-17
6,29750	-17
6,29817	-17
6,29883	-17
6,29950	-17
6,30017	-17
6,30083	-17
6,30150	-17
6,30217	-16
6,30283	-16
6,30350	-16
6,30417	-16
6,30483	-16
6,30550	-15
6,30617	-15
6,30683	-15
6,30750	-15
6,30817	-15
6,30883	-15
6,30950	-15
6,31017	-15
6,31083	-15
6,31150	-15
6,31217	-14
6,31283	-14
6,31350	-14
6,31417	-14
6,31483	-14
6,31550	-14
6,31617	-14
6,31683	-14
6,31750	-14
6,31817	-14
6,31883	-14
6,31950	-14
6,32017	-14
6,32083	-14
6,32150	-15
6,32217	-15
6,32283	-15
6,32350	-15
6,32417	-15
6,32483	-14
6,32550	-14
6,32617	-14
6,32683	-15
6,32750	-15
6,32817	-15
6,32883	-15
6,32950	-16
6,33017	-16
6,33083	-16
6,33150	-16
6,33217	-16
6,33283	-16
6,33350	-16
6,33417	-16
6,33483	-16
6,33550	-16
6,33617	-16
6,33683	-16
6,33750	-16
6,33817	-17
6,33883	-17
6,33950	-17
6,34017	-17
6,34083	-17
6,34150	-17
6,34217	-17
6,34283	-17
6,34350	-17
6,34417	-16
6,34483	-16
6,34550	-16
6,34617	-16
6,34683	-16
6,34750	-16
6,34817	-15
6,34883	-15
6,34950	-15
6,35017	-15
6,35083	-15
6,35150	-15
6,35217	-14
6,35283	-14
6,35350	-14
6,35417	-14
6,35483	-14
6,35550	-13
6,35617	-13
6,35683	-13
6,35750	-13
6,35817	-13
6,35883	-13
6,35950	-13
6,36017	-13
6,36083	-13
6,36150	-13
6,36217	-13
6,36283	-13
6,36350	-14
6,36417	-14
6,36483	-14
6,36550	-14
6,36617	-14
6,36683	-14
6,36750	-13
6,36817	-13
6,36883	-13
6,36950	-13
6,37017	-13
6,37083	-13
6,37150	-12
6,37217	-12
6,37283	-13
6,37350	-13
6,37417	-13
6,37483	-12
6,37550	-12
6,37617	-12
6,37683	-12
6,37750	-12
6,37817	-12
6,37883	-12
6,37950	-12
6,38017	-12
6,38083	-12
6,38150	-12
6,38217	-12
6,38283	-12
6,38350	-12
6,38417	-12
6,38483	-12
6,38550	-12
6,38617	-12
6,38683	-12
6,38750	-13
6,38817	-13
6,38883	-13
6,38950	-13
6,39017	-13
6,39083	-13
6,39150	-13
6,39217	-13
6,39283	-13
6,39350	-13
6,39417	-13
6,39483	-13
6,39550	-13
6,39617	-13
6,39683	-13
6,39750	-13
6,39817	-12
6,39883	-12
6,39950	-12
6,40017	-12
6,40083	-12
6,40150	-11
6,40217	-11
6,40283	-11
6,40350	-11
6,40417	-10
6,40483	-10
6,40550	-10
6,40617	-10
6,40683	-9
6,40750	-9
6,40817	-9
6,40883	-9
6,40950	-9
6,41017	-9
6,41083	-9
6,41150	-9
6,41217	-9
6,41283	-9
6,41350	-10
6,41417	-10
6,41483	-10
6,41550	-10
6,41617	-10
6,41683	-10
6,41750	-11
6,41817	-11
6,41883	-11
6,41950	-11
6,42017	-12
6,42083	-12
6,42150	-12
6,42217	-12
6,42283	-12
6,42350	-12
6,42417	-12
6,42483	-12
6,42550	-12
6,42617	-12
6,42683	-12
6,42750	-11
6,42817	-11
6,42883	-11
6,42950	-11
6,43017	-10
6,43083	-10
6,43150	-10
6,43217	-10
6,43283	-10
6,43350	-10
6,43417	-10
6,43483	-10
6,43550	-10
6,43617	-10
6,43683	-10
6,43750	-10
6,43817	-9
6,43883	-9
6,43950	-9
6,44017	-9
6,44083	-9
6,44150	-9
6,44217	-9
6,44283	-9
6,44350	-10
6,44417	-10
6,44483	-10
6,44550	-10
6,44617	-10
6,44683	-11
6,44750	-11
6,44817	-11
6,44883	-11
6,44950	-11
6,45017	-11
6,45083	-11
6,45150	-11
6,45217	-11
6,45283	-11
6,45350	-11
6,45417	-11
6,45483	-12
6,45550	-12
6,45617	-12
6,45683	-12
6,45750	-12
6,45817	-12
6,45883	-12
6,45950	-12
6,46017	-12
6,46083	-12
6,46150	-12
6,46217	-12
6,46283	-12
6,46350	-13
6,46417	-13
6,46483	-13
6,46550	-13
6,46617	-14
6,46683	-14
6,46750	-14
6,46817	-14
6,46883	-15
6,46950	-15
6,47017	-15
6,47083	-15
6,47150	-15
6,47217	-15
6,47283	-15
6,47350	-15
6,47417	-14
6,47483	-14
6,47550	-14
6,47617	-14
6,47683	-14
6,47750	-14
6,47817	-14
6,47883	-14
6,47950	-13
6,48017	-13
6,48083	-13
6,48150	-13
6,48217	-13
6,48283	-13
6,48350	-13
6,48417	-12
6,48483	-12
6,48550	-12
6,48617	-12
6,48683	-12
6,48750	-12
6,48817	-12
6,48883	-11
6,48950	-11
6,49017	-11
6,49083	-11
6,49150	-11
6,49217	-12
6,49283	-12
6,49350	-12
6,49417	-12
6,49483	-12
6,49550	-12
6,49617	-12
6,49683	-13
6,49750	-13
6,49817	-13
6,49883	-13
6,49950	-13
6,50017	-13
6,50083	-13
6,50150	-13
6,50217	-13
6,50283	-13
6,50350	-12
6,50417	-12
6,50483	-12
6,50550	-12
6,50617	-12
6,50683	-11
6,50750	-11
6,50817	-11
6,50883	-11
6,50950	-11
6,51017	-11
6,51083	-12
6,51150	-12
6,51217	-12
6,51283	-12
6,51350	-11
6,51417	-11
6,51483	-11
6,51550	-11
6,51617	-11
6,51683	-11
6,51750	-11
6,51817	-11
6,51883	-11
6,51950	-11
6,52017	-11
6,52083	-11
6,52150	-11
6,52217	-11
6,52283	-11
6,52350	-11
6,52417	-11
6,52483	-11
6,52550	-11
6,52617	-10
6,52683	-10
6,52750	-10
6,52817	-10
6,52883	-9
6,52950	-9
6,53017	-9
6,53083	-9
6,53150	-10
6,53217	-10
6,53283	-10
6,53350	-11
6,53417	-11
6,53483	-11
6,53550	-11
6,53617	-11
6,53683	-12
6,53750	-12
6,53817	-12
6,53883	-12
6,53950	-12
6,54017	-12
6,54083	-12
6,54150	-13
6,54217	-13
6,54283	-13
6,54350	-13
6,54417	-14
6,54483	-14
6,54550	-14
6,54617	-14
6,54683	-14
6,54750	-14
6,54817	-14
6,54883	-14
6,54950	-14
6,55017	-14
6,55083	-14
6,55150	-14
6,55217	-14
6,55283	-14
6,55350	-14
6,55417	-14
6,55483	-14
6,55550	-14
6,55617	-14
6,55683	-14
6,55750	-14
6,55817	-14
6,55883	-14
6,55950	-14
6,56017	-14
6,56083	-14
6,56150	-14
6,56217	-14
6,56283	-14
6,56350	-14
6,56417	-14
6,56483	-14
6,56550	-14
6,56617	-14
6,56683	-14
6,56750	-15
6,56817	-15
6,56883	-15
6,56950	-15
6,57017	-16
6,57083	-16
6,57150	-16
6,57217	-16
6,57283	-16
6,57350	-16
6,57417	-16
6,57483	-16
6,57550	-16
6,57617	-16
6,57683	-15
6,57750	-15
6,57817	-15
6,57883	-14
6,57950	-14
6,58017	-14
6,58083	-14
6,58150	-13
6,58217	-13
6,58283	-13
6,58350	-13
6,58417	-13
6,58483	-13
6,58550	-13
6,58617	-13
6,58683	-13
6,58750	-12
6,58817	-12
6,58883	-12
6,58950	-12
6,59017	-12
6,59083	-12
6,59150	-12
6,59217	-12
6,59283	-12
6,59350	-11
6,59417	-11
6,59483	-11
6,59550	-11
6,59617	-10
6,59683	-10
6,59750	-10
6,59817	-9
6,59883	-9
6,59950	-9
6,60017	-9
6,60083	-9
6,60150	-9
6,60217	-9
6,60283	-9
6,60350	-9
6,60417	-9
6,60483	-9
6,60550	-9
6,60617	-9
6,60683	-9
6,60750	-10
6,60817	-10
6,60883	-10
6,60950	-11
6,61017	-11
6,61083	-11
6,61150	-11
6,61217	-11
6,61283	-11
6,61350	-12
6,61417	-12
6,61483	-12
6,61550	-12
6,61617	-12
6,61683	-12
6,61750	-12
6,61817	-12
6,61883	-12
6,61950	-12
6,62017	-12
6,62083	-11
6,62150	-11
6,62217	-11
6,62283	-11
6,62350	-10
6,62417	-10
6,62483	-10
6,62550	-10
6,62617	-10
6,62683	-10
6,62750	-10
6,62817	-10
6,62883	-10
6,62950	-10
6,63017	-10
6,63083	-10
6,63150	-10
6,63217	-10
6,63283	-10
6,63350	-10
6,63417	-10
6,63483	-10
6,63550	-10
6,63617	-10
6,63683	-10
6,63750	-10
6,63817	-10
6,63883	-11
6,63950	-11
6,64017	-11
6,64083	-12
6,64150	-12
6,64217	-12
6,64283	-12
6,64350	-12
6,64417	-12
6,64483	-13
6,64550	-13
6,64617	-13
6,64683	-13
6,64750	-13
6,64817	-14
6,64883	-14
6,64950	-14
6,65017	-14
6,65083	-14
6,65150	-14
6,65217	-14
6,65283	-14
6,65350	-15
6,65417	-15
6,65483	-15
6,65550	-15
6,65617	-15
6,65683	-15
6,65750	-15
6,65817	-15
6,65883	-15
6,65950	-14
6,66017	-14
6,66083	-14
6,66150	-14
6,66217	-14
6,66283	-13
6,66350	-13
6,66417	-13
6,66483	-12
6,66550	-12
6,66617	-12
6,66683	-12
6,66750	-12
6,66817	-12
6,66883	-12
6,66950	-12
6,67017	-12
6,67083	-13
6,67150	-13
6,67217	-13
6,67283	-13
6,67350	-13
6,67417	-12
6,67483	-12
6,67550	-12
6,67617	-12
6,67683	-12
6,67750	-12
6,67817	-12
6,67883	-12
6,67950	-12
6,68017	-13
6,68083	-13
6,68150	-13
6,68217	-13
6,68283	-13
6,68350	-14
6,68417	-14
6,68483	-14
6,68550	-14
6,68617	-14
6,68683	-14
6,68750	-15
6,68817	-15
6,68883	-15
6,68950	-15
6,69017	-15
6,69083	-15
6,69150	-16
6,69217	-16
6,69283	-16
6,69350	-15
6,69417	-15
6,69483	-15
6,69550	-14
6,69617	-14
6,69683	-13
6,69750	-13
6,69817	-12
6,69883	-12
6,69950	-12
6,70017	-12
6,70083	-12
6,70150	-11
6,70217	-11
6,70283	-11
6,70350	-11
6,70417	-11
6,70483	-11
6,70550	-10
6,70617	-10
6,70683	-10
6,70750	-10
6,70817	-10
6,70883	-10
6,70950	-10
6,71017	-10
6,71083	-11
6,71150	-11
6,71217	-11
6,71283	-12
6,71350	-12
6,71417	-12
6,71483	-12
6,71550	-13
6,71617	-12
6,71683	-12
6,71750	-12
6,71817	-12
6,71883	-12
6,71950	-12
6,72017	-12
6,72083	-12
6,72150	-11
6,72217	-11
6,72283	-11
6,72350	-11
6,72417	-11
6,72483	-10
6,72550	-10
6,72617	-10
6,72683	-9
6,72750	-9
6,72817	-9
6,72883	-9
6,72950	-9
6,73017	-9
6,73083	-9
6,73150	-9
6,73217	-9
6,73283	-9
6,73350	-9
6,73417	-10
6,73483	-10
6,73550	-10
6,73617	-10
6,73683	-11
6,73750	-11
6,73817	-11
6,73883	-11
6,73950	-11
6,74017	-12
6,74083	-12
6,74150	-12
6,74217	-12
6,74283	-12
6,74350	-13
6,74417	-13
6,74483	-13
6,74550	-14
6,74617	-14
6,74683	-14
6,74750	-14
6,74817	-14
6,74883	-14
6,74950	-14
6,75017	-14
6,75083	-14
6,75150	-14
6,75217	-14
6,75283	-14
6,75350	-14
6,75417	-15
6,75483	-15
6,75550	-15
6,75617	-15
6,75683	-16
6,75750	-16
6,75817	-16
6,75883	-16
6,75950	-16
6,76017	-16
6,76083	-15
6,76150	-15
6,76217	-15
6,76283	-14
6,76350	-14
6,76417	-14
6,76483	-14
6,76550	-14
6,76617	-15
6,76683	-15
6,76750	-15
6,76817	-15
6,76883	-16
6,76950	-16
6,77017	-16
6,77083	-16
6,77150	-16
6,77217	-16
6,77283	-16
6,77350	-16
6,77417	-16
6,77483	-16
6,77550	-16
6,77617	-16
6,77683	-16
6,77750	-16
6,77817	-16
6,77883	-15
6,77950	-15
6,78017	-15
6,78083	-15
6,78150	-15
6,78217	-15
6,78283	-15
6,78350	-15
6,78417	-15
6,78483	-15
6,78550	-15
6,78617	-16
6,78683	-16
6,78750	-16
6,78817	-16
6,78883	-16
6,78950	-16
6,79017	-16
6,79083	-16
6,79150	-16
6,79217	-16
6,79283	-16
6,79350	-16
6,79417	-16
6,79483	-16
6,79550	-16
6,79617	-16
6,79683	-16
6,79750	-16
6,79817	-16
6,79883	-15
6,79950	-15
6,80017	-15
6,80083	-15
6,80150	-14
6,80217	-14
6,80283	-13
6,80350	-13
6,80417	-13
6,80483	-12
6,80550	-12
6,80617	-12
6,80683	-12
6,80750	-12
6,80817	-12
6,80883	-12
6,80950	-12
6,81017	-12
6,81083	-12
6,81150	-11
6,81217	-11
6,81283	-11
6,81350	-11
6,81417	-11
6,81483	-11
6,81550	-11
6,81617	-11
6,81683	-12
6,81750	-12
6,81817	-12
6,81883	-13
6,81950	-13
6,82017	-13
6,82083	-14
6,82150	-14
6,82217	-14
6,82283	-14
6,82350	-13
6,82417	-13
6,82483	-13
6,82550	-12
6,82617	-12
6,82683	-12
6,82750	-12
6,82817	-12
6,82883	-12
6,82950	-13
6,83017	-13
6,83083	-13
6,83150	-13
6,83217	-13
6,83283	-13
6,83350	-13
6,83417	-13
6,83483	-13
6,83550	-13
6,83617	-13
6,83683	-13
6,83750	-13
6,83817	-13
6,83883	-13
6,83950	-13
6,84017	-12
6,84083	-12
6,84150	-12
6,84217	-12
6,84283	-12
6,84350	-12
6,84417	-12
6,84483	-12
6,84550	-12
6,84617	-12
6,84683	-12
6,84750	-12
6,84817	-12
6,84883	-12
6,84950	-12
6,85017	-13
6,85083	-13
6,85150	-13
6,85217	-13
6,85283	-13
6,85350	-13
6,85417	-13
6,85483	-14
6,85550	-14
6,85617	-14
6,85683	-14
6,85750	-14
6,85817	-14
6,85883	-14
6,85950	-14
6,86017	-14
6,86083	-14
6,86150	-14
6,86217	-14
6,86283	-14
6,86350	-14
6,86417	-14
6,86483	-13
6,86550	-13
6,86617	-13
6,86683	-13
6,86750	-12
6,86817	-12
6,86883	-12
6,86950	-12
6,87017	-11
6,87083	-11
6,87150	-11
6,87217	-10
6,87283	-10
6,87350	-9
6,87417	-9
6,87483	-9
6,87550	-9
6,87617	-8
6,87683	-8
6,87750	-8
6,87817	-7
6,87883	-7
6,87950	-6
6,88017	-6
6,88083	-5
6,88150	-5
6,88217	-4
6,88283	-3
6,88350	-2
6,88417	-1
6,88483	-0
6,88550	1
6,88617	2
6,88683	3
6,88750	4
6,88817	5
6,88883	6
6,88950	8
6,89017	9
6,89083	10
6,89150	12
6,89217	13
6,89283	15
6,89350	16
6,89417	17
6,89483	19
6,89550	20
6,89617	22
6,89683	23
6,89750	25
6,89817	27
6,89883	28
6,89950	30
6,90017	32
6,90083	34
6,90150	35
6,90217	37
6,90283	38
6,90350	39
6,90417	41
6,90483	42
6,90550	43
6,90617	44
6,90683	45
6,90750	46
6,90817	46
6,90883	47
6,90950	48
6,91017	49
6,91083	50
6,91150	51
6,91217	52
6,91283	52
6,91350	53
6,91417	54
6,91483	54
6,91550	55
6,91617	55
6,91683	56
6,91750	56
6,91817	57
6,91883	58
6,91950	58
6,92017	59
6,92083	60
6,92150	60
6,92217	61
6,92283	61
6,92350	62
6,92417	62
6,92483	62
6,92550	62
6,92617	63
6,92683	63
6,92750	64
6,92817	64
6,92883	65
6,92950	65
6,93017	66
6,93083	66
6,93150	66
6,93217	67
6,93283	67
6,93350	67
6,93417	67
6,93483	68
6,93550	68
6,93617	67
6,93683	67
6,93750	67
6,93817	67
6,93883	67
6,93950	66
6,94017	66
6,94083	66
6,94150	66
6,94217	66
6,94283	66
6,94350	66
6,94417	66
6,94483	66
6,94550	66
6,94617	66
6,94683	66
6,94750	66
6,94817	66
6,94883	66
6,94950	66
6,95017	65
6,95083	65
6,95150	65
6,95217	65
6,95283	65
6,95350	64
6,95417	64
6,95483	64
6,95550	63
6,95617	63
6,95683	63
6,95750	62
6,95817	62
6,95883	62
6,95950	61
6,96017	61
6,96083	61
6,96150	61
6,96217	62
6,96283	62
6,96350	62
6,96417	62
6,96483	62
6,96550	62
6,96617	62
6,96683	62
6,96750	61
6,96817	61
6,96883	61
6,96950	60
6,97017	60
6,97083	59
6,97150	59
6,97217	59
6,97283	58
6,97350	58
6,97417	58
6,97483	58
6,97550	57
6,97617	57
6,97683	57
6,97750	57
6,97817	57
6,97883	57
6,97950	57
6,98017	57
6,98083	57
6,98150	57
6,98217	57
6,98283	57
6,98350	57
6,98417	57
6,98483	57
6,98550	57
6,98617	57
6,98683	57
6,98750	57
6,98817	57
6,98883	56
6,98950	56
6,99017	55
6,99083	55
6,99150	54
6,99217	54
6,99283	54
6,99350	53
6,99417	53
6,99483	53
6,99550	52
6,99617	52
6,99683	52
6,99750	51
6,99817	51
6,99883	51
6,99950	50
7,00017	50
7,00083	49
7,00150	49
7,00217	49
7,00283	48
7,00350	48
7,00417	48
7,00483	48
7,00550	48
7,00617	48
7,00683	48
7,00750	48
7,00817	48
7,00883	48
7,00950	48
7,01017	48
7,01083	48
7,01150	47
7,01217	47
7,01283	47
7,01350	47
7,01417	47
7,01483	48
7,01550	48
7,01617	48
7,01683	48
7,01750	48
7,01817	48
7,01883	48
7,01950	48
7,02017	48
7,02083	48
7,02150	48
7,02217	48
7,02283	47
7,02350	47
7,02417	47
7,02483	47
7,02550	46
7,02617	46
7,02683	46
7,02750	45
7,02817	44
7,02883	44
7,02950	43
7,03017	42
7,03083	42
7,03150	41
7,03217	40
7,03283	40
7,03350	40
7,03417	39
7,03483	39
7,03550	39
7,03617	38
7,03683	38
7,03750	38
7,03817	38
7,03883	38
7,03950	38
7,04017	38
7,04083	37
7,04150	37
7,04217	37
7,04283	37
7,04350	36
7,04417	36
7,04483	35
7,04550	35
7,04617	34
7,04683	34
7,04750	33
7,04817	32
7,04883	32
7,04950	31
7,05017	30
7,05083	30
7,05150	29
7,05217	29
7,05283	28
7,05350	27
7,05417	27
7,05483	27
7,05550	26
7,05617	26
7,05683	26
7,05750	26
7,05817	26
7,05883	25
7,05950	25
7,06017	25
7,06083	25
7,06150	24
7,06217	24
7,06283	24
7,06350	23
7,06417	23
7,06483	23
7,06550	22
7,06617	22
7,06683	22
7,06750	22
7,06817	22
7,06883	22
7,06950	22
7,07017	22
7,07083	22
7,07150	22
7,07217	21
7,07283	21
7,07350	21
7,07417	21
7,07483	20
7,07550	20
7,07617	19
7,07683	19
7,07750	19
7,07817	18
7,07883	18
7,07950	18
7,08017	18
7,08083	18
7,08150	18
7,08217	17
7,08283	17
7,08350	17
7,08417	17
7,08483	17
7,08550	17
7,08617	17
7,08683	17
7,08750	17
7,08817	16
7,08883	16
7,08950	16
7,09017	16
7,09083	15
7,09150	15
7,09217	15
7,09283	14
7,09350	14
7,09417	14
7,09483	13
7,09550	13
7,09617	13
7,09683	12
7,09750	12
7,09817	12
7,09883	11
7,09950	11
7,10017	12
7,10083	12
7,10150	12
7,10217	12
7,10283	11
7,10350	11
7,10417	11
7,10483	10
7,10550	10
7,10617	10
7,10683	10
7,10750	10
7,10817	9
7,10883	9
7,10950	9
7,11017	9
7,11083	9
7,11150	9
7,11217	9
7,11283	8
7,11350	8
7,11417	8
7,11483	8
7,11550	7
7,11617	7
7,11683	7
7,11750	7
7,11817	6
7,11883	6
7,11950	6
7,12017	5
7,12083	5
7,12150	5
7,12217	5
7,12283	5
7,12350	5
7,12417	5
7,12483	5
7,12550	4
7,12617	4
7,12683	4
7,12750	4
7,12817	4
7,12883	4
7,12950	3
7,13017	3
7,13083	3
7,13150	3
7,13217	2
7,13283	2
7,13350	3
7,13417	3
7,13483	3
7,13550	3
7,13617	3
7,13683	3
7,13750	3
7,13817	3
7,13883	3
7,13950	4
7,14017	4
7,14083	3
7,14150	3
7,14217	3
7,14283	3
7,14350	3
7,14417	3
7,14483	2
7,14550	2
7,14617	2
7,14683	2
7,14750	2
7,14817	1
7,14883	1
7,14950	1
7,15017	1
7,15083	1
7,15150	1
7,15217	1
7,15283	1
7,15350	1
7,15417	1
7,15483	1
7,15550	0
7,15617	0
7,15683	0
7,15750	0
7,15817	-0
7,15883	-1
7,15950	-1
7,16017	-1
7,16083	-1
7,16150	-2
7,16217	-2
7,16283	-2
7,16350	-3
7,16417	-3
7,16483	-3
7,16550	-3
7,16617	-3
7,16683	-3
7,16750	-3
7,16817	-3
7,16883	-3
7,16950	-3
7,17017	-3
7,17083	-3
7,17150	-4
7,17217	-4
7,17283	-4
7,17350	-4
7,17417	-4
7,17483	-4
7,17550	-4
7,17617	-4
7,17683	-4
7,17750	-4
7,17817	-4
7,17883	-4
7,17950	-4
7,18017	-4
7,18083	-4
7,18150	-4
7,18217	-4
7,18283	-4
7,18350	-3
7,18417	-3
7,18483	-3
7,18550	-3
7,18617	-3
7,18683	-3
7,18750	-3
7,18817	-3
7,18883	-3
7,18950	-3
7,19017	-3
7,19083	-2
7,19150	-2
7,19217	-2
7,19283	-2
7,19350	-2
7,19417	-1
7,19483	-1
7,19550	-1
7,19617	-0
7,19683	-0
7,19750	-0
7,19817	-0
7,19883	-0
7,19950	-0
7,20017	-0
7,20083	-1
7,20150	-1
7,20217	-1
7,20283	-2
7,20350	-2
7,20417	-2
7,20483	-3
7,20550	-3
7,20617	-3
7,20683	-4
7,20750	-4
7,20817	-4
7,20883	-4
7,20950	-4
7,21017	-4
7,21083	-4
7,21150	-4
7,21217	-4
7,21283	-3
7,21350	-3
7,21417	-3
7,21483	-3
7,21550	-3
7,21617	-3
7,21683	-3
7,21750	-3
7,21817	-3
7,21883	-3
7,21950	-3
7,22017	-4
7,22083	-4
7,22150	-4
7,22217	-4
7,22283	-4
7,22350	-4
7,22417	-4
7,22483	-5
7,22550	-5
7,22617	-5
7,22683	-5
7,22750	-5
7,22817	-5
7,22883	-4
7,22950	-4
7,23017	-4
7,23083	-4
7,23150	-4
7,23217	-3
7,23283	-3
7,23350	-3
7,23417	-3
7,23483	-3
7,23550	-2
7,23617	-2
7,23683	-2
7,23750	-2
7,23817	-2
7,23883	-2
7,23950	-2
7,24017	-2
7,24083	-2
7,24150	-2
7,24217	-2
7,24283	-2
7,24350	-2
7,24417	-2
7,24483	-2
7,24550	-3
7,24617	-3
7,24683	-3
7,24750	-3
7,24817	-3
7,24883	-3
7,24950	-3
7,25017	-3
7,25083	-3
7,25150	-3
7,25217	-3
7,25283	-3
7,25350	-3
7,25417	-3
7,25483	-3
7,25550	-3
7,25617	-3
7,25683	-4
7,25750	-4
7,25817	-4
7,25883	-4
7,25950	-4
7,26017	-4
7,26083	-4
7,26150	-3
7,26217	-3
7,26283	-3
7,26350	-3
7,26417	-3
7,26483	-3
7,26550	-3
7,26617	-3
7,26683	-3
7,26750	-3
7,26817	-3
7,26883	-3
7,26950	-3
7,27017	-3
7,27083	-3
7,27150	-3
7,27217	-3
7,27283	-3
7,27350	-3
7,27417	-3
7,27483	-3
7,27550	-3
7,27617	-3
7,27683	-3
7,27750	-4
7,27817	-4
7,27883	-4
7,27950	-4
7,28017	-4
7,28083	-4
7,28150	-5
7,28217	-5
7,28283	-5
7,28350	-5
7,28417	-5
7,28483	-5
7,28550	-5
7,28617	-5
7,28683	-6
7,28750	-6
7,28817	-6
7,28883	-6
7,28950	-6
7,29017	-6
7,29083	-6
7,29150	-7
7,29217	-7
7,29283	-7
7,29350	-7
7,29417	-7
7,29483	-8
7,29550	-8
7,29617	-8
7,29683	-8
7,29750	-8
7,29817	-8
7,29883	-8
7,29950	-8
7,30017	-8
7,30083	-8
7,30150	-8
7,30217	-8
7,30283	-8
7,30350	-8
7,30417	-8
7,30483	-8
7,30550	-8
7,30617	-8
7,30683	-8
7,30750	-8
7,30817	-8
7,30883	-8
7,30950	-8
7,31017	-8
7,31083	-8
7,31150	-8
7,31217	-8
7,31283	-8
7,31350	-8
7,31417	-8
7,31483	-8
7,31550	-8
7,31617	-8
7,31683	-8
7,31750	-8
7,31817	-8
7,31883	-8
7,31950	-7
7,32017	-7
7,32083	-7
7,32150	-7
7,32217	-7
7,32283	-7
7,32350	-7
7,32417	-6
7,32483	-6
7,32550	-6
7,32617	-6
7,32683	-5
7,32750	-5
7,32817	-5
7,32883	-5
7,32950	-4
7,33017	-4
7,33083	-4
7,33150	-4
7,33217	-4
7,33283	-4
7,33350	-4
7,33417	-4
7,33483	-4
7,33550	-4
7,33617	-3
7,33683	-3
7,33750	-3
7,33817	-3
7,33883	-3
7,33950	-2
7,34017	-2
7,34083	-2
7,34150	-2
7,34217	-2
7,34283	-3
7,34350	-3
7,34417	-3
7,34483	-3
7,34550	-3
7,34617	-3
7,34683	-3
7,34750	-3
7,34817	-3
7,34883	-3
7,34950	-3
7,35017	-3
7,35083	-3
7,35150	-3
7,35217	-3
7,35283	-3
7,35350	-3
7,35417	-3
7,35483	-3
7,35550	-3
7,35617	-3
7,35683	-3
7,35750	-3
7,35817	-3
7,35883	-4
7,35950	-4
7,36017	-5
7,36083	-5
7,36150	-6
7,36217	-6
7,36283	-6
7,36350	-7
7,36417	-7
7,36483	-8
7,36550	-8
7,36617	-8
7,36683	-8
7,36750	-8
7,36817	-9
7,36883	-8
7,36950	-8
7,37017	-8
7,37083	-8
7,37150	-8
7,37217	-8
7,37283	-8
7,37350	-8
7,37417	-8
7,37483	-8
7,37550	-7
7,37617	-7
7,37683	-7
7,37750	-7
7,37817	-7
7,37883	-7
7,37950	-8
7,38017	-8
7,38083	-8
7,38150	-8
7,38217	-9
7,38283	-9
7,38350	-9
7,38417	-9
7,38483	-10
7,38550	-10
7,38617	-10
7,38683	-11
7,38750	-11
7,38817	-11
7,38883	-11
7,38950	-11
7,39017	-10
7,39083	-10
7,39150	-10
7,39217	-10
7,39283	-10
7,39350	-10
7,39417	-10
7,39483	-10
7,39550	-9
7,39617	-9
7,39683	-9
7,39750	-9
7,39817	-9
7,39883	-9
7,39950	-9
7,40017	-9
7,40083	-9
7,40150	-9
7,40217	-9
7,40283	-9
7,40350	-9
7,40417	-9
7,40483	-10
7,40550	-10
7,40617	-10
7,40683	-11
7,40750	-11
7,40817	-11
7,40883	-11
7,40950	-11
7,41017	-11
7,41083	-11
7,41150	-11
7,41217	-11
7,41283	-11
7,41350	-11
7,41417	-11
7,41483	-11
7,41550	-11
7,41617	-11
7,41683	-11
7,41750	-11
7,41817	-11
7,41883	-11
7,41950	-11
7,42017	-11
7,42083	-11
7,42150	-11
7,42217	-11
7,42283	-11
7,42350	-11
7,42417	-11
7,42483	-11
7,42550	-11
7,42617	-11
7,42683	-11
7,42750	-10
7,42817	-10
7,42883	-10
7,42950	-10
7,43017	-10
7,43083	-10
7,43150	-10
7,43217	-10
7,43283	-10
7,43350	-10
7,43417	-10
7,43483	-10
7,43550	-10
7,43617	-10
7,43683	-10
7,43750	-11
7,43817	-11
7,43883	-11
7,43950	-11
7,44017	-11
7,44083	-11
7,44150	-11
7,44217	-11
7,44283	-11
7,44350	-10
7,44417	-10
7,44483	-10
7,44550	-10
7,44617	-9
7,44683	-9
7,44750	-9
7,44817	-9
7,44883	-9
7,44950	-9
7,45017	-8
7,45083	-8
7,45150	-7
7,45217	-7
7,45283	-7
7,45350	-6
7,45417	-6
7,45483	-6
7,45550	-6
7,45617	-6
7,45683	-5
7,45750	-5
7,45817	-5
7,45883	-5
7,45950	-5
7,46017	-5
7,46083	-5
7,46150	-5
7,46217	-6
7,46283	-6
7,46350	-6
7,46417	-6
7,46483	-5
7,46550	-5
7,46617	-5
7,46683	-5
7,46750	-5
7,46817	-6
7,46883	-6
7,46950	-6
7,47017	-6
7,47083	-6
7,47150	-6
7,47217	-6
7,47283	-5
7,47350	-5
7,47417	-5
7,47483	-5
7,47550	-4
7,47617	-4
7,47683	-4
7,47750	-4
7,47817	-4
7,47883	-3
7,47950	-3
7,48017	-3
7,48083	-3
7,48150	-2
7,48217	-0
7,48283	2
7,48350	5
7,48417	9
7,48483	16
7,48550	25
7,48617	39
7,48683	59
7,48750	87
7,48817	128
7,48883	184
7,48950	262
7,49017	368
7,49083	508
7,49150	690
7,49217	923
7,49283	1215
7,49350	1578
7,49417	2023
7,49483	2560
7,49550	3203
7,49617	3965
7,49683	4859
7,49750	5898
7,49817	7098
7,49883	8470
7,49950	10027
7,50017	11783
7,50083	13745
7,50150	15924
7,50217	18323
7,50283	20946
7,50350	23796
7,50417	26868
7,50483	30151
7,50550	33654
7,50617	37396
7,50683	41375
7,50750	45576
7,50817	49986
7,50883	54578
7,50950	59335
7,51017	64236
7,51083	69261
7,51150	74375
7,51217	79537
7,51283	84714
7,51350	89866
7,51417	94936
7,51483	99870
7,51550	104629
7,51617	109169
7,51683	113435
7,51750	117375
7,51817	120913
7,51883	123978
7,51950	126519
7,52017	128491
7,52083	129850
7,52150	130561
7,52217	130598
7,52283	129961
7,52350	128663
7,52417	126743
7,52483	124253
7,52550	121253
7,52617	117809
7,52683	113996
7,52750	109885
7,52817	105547
7,52883	101049
7,52950	96452
7,53017	91810
7,53083	87172
7,53150	82580
7,53217	78067
7,53283	73664
7,53350	69392
7,53417	65269
7,53483	61310
7,53550	57522
7,53617	53914
7,53683	50486
7,53750	47240
7,53817	44174
7,53883	41286
7,53950	38570
7,54017	36020
7,54083	33632
7,54150	31398
7,54217	29310
7,54283	27363
7,54350	25549
7,54417	23859
7,54483	22286
7,54550	20824
7,54617	19466
7,54683	18205
7,54750	17035
7,54817	15951
7,54883	14947
7,54950	14016
7,55017	13154
7,55083	12357
7,55150	11619
7,55217	10937
7,55283	10306
7,55350	9721
7,55417	9181
7,55483	8681
7,55550	8218
7,55617	7790
7,55683	7394
7,55750	7028
7,55817	6690
7,55883	6377
7,55950	6087
7,56017	5819
7,56083	5571
7,56150	5340
7,56217	5126
7,56283	4928
7,56350	4744
7,56417	4573
7,56483	4414
7,56550	4266
7,56617	4128
7,56683	4000
7,56750	3880
7,56817	3769
7,56883	3665
7,56950	3567
7,57017	3476
7,57083	3390
7,57150	3309
7,57217	3234
7,57283	3163
7,57350	3096
7,57417	3034
7,57483	2975
7,57550	2920
7,57617	2869
7,57683	2820
7,57750	2773
7,57817	2729
7,57883	2687
7,57950	2647
7,58017	2609
7,58083	2572
7,58150	2537
7,58217	2502
7,58283	2469
7,58350	2437
7,58417	2407
7,58483	2378
7,58550	2349
7,58617	2322
7,58683	2296
7,58750	2271
7,58817	2246
7,58883	2223
7,58950	2200
7,59017	2179
7,59083	2159
7,59150	2139
7,59217	2121
7,59283	2103
7,59350	2085
7,59417	2068
7,59483	2051
7,59550	2035
7,59617	2019
7,59683	2003
7,59750	1986
7,59817	1970
7,59883	1953
7,59950	1936
7,60017	1919
7,60083	1901
7,60150	1882
7,60217	1864
7,60283	1845
7,60350	1826
7,60417	1806
7,60483	1787
7,60550	1768
7,60617	1749
7,60683	1731
7,60750	1713
7,60817	1696
7,60883	1680
7,60950	1664
7,61017	1649
7,61083	1635
7,61150	1621
7,61217	1609
7,61283	1597
7,61350	1586
7,61417	1576
7,61483	1566
7,61550	1557
7,61617	1548
7,61683	1540
7,61750	1532
7,61817	1525
7,61883	1518
7,61950	1513
7,62017	1507
7,62083	1503
7,62150	1498
7,62217	1494
7,62283	1490
7,62350	1486
7,62417	1483
7,62483	1479
7,62550	1475
7,62617	1470
7,62683	1465
7,62750	1459
7,62817	1453
7,62883	1446
7,62950	1439
7,63017	1431
7,63083	1423
7,63150	1414
7,63217	1406
7,63283	1397
7,63350	1388
7,63417	1379
7,63483	1369
7,63550	1360
7,63617	1350
7,63683	1340
7,63750	1329
7,63817	1318
7,63883	1307
7,63950	1296
7,64017	1284
7,64083	1272
7,64150	1261
7,64217	1249
7,64283	1238
7,64350	1226
7,64417	1215
7,64483	1204
7,64550	1193
7,64617	1182
7,64683	1171
7,64750	1161
7,64817	1151
7,64883	1141
7,64950	1132
7,65017	1123
7,65083	1114
7,65150	1106
7,65217	1097
7,65283	1090
7,65350	1082
7,65417	1075
7,65483	1069
7,65550	1062
7,65617	1056
7,65683	1049
7,65750	1043
7,65817	1036
7,65883	1029
7,65950	1022
7,66017	1015
7,66083	1007
7,66150	999
7,66217	991
7,66283	983
7,66350	975
7,66417	967
7,66483	959
7,66550	951
7,66617	942
7,66683	934
7,66750	925
7,66817	917
7,66883	909
7,66950	901
7,67017	892
7,67083	884
7,67150	875
7,67217	866
7,67283	857
7,67350	848
7,67417	839
7,67483	830
7,67550	821
7,67617	813
7,67683	804
7,67750	796
7,67817	788
7,67883	780
7,67950	772
7,68017	764
7,68083	757
7,68150	749
7,68217	742
7,68283	736
7,68350	729
7,68417	723
7,68483	717
7,68550	711
7,68617	705
7,68683	699
7,68750	694
7,68817	689
7,68883	684
7,68950	680
7,69017	676
7,69083	671
7,69150	667
7,69217	663
7,69283	660
7,69350	656
7,69417	653
7,69483	650
7,69550	647
7,69617	643
7,69683	640
7,69750	637
7,69817	633
7,69883	630
7,69950	626
7,70017	622
7,70083	618
7,70150	614
7,70217	609
7,70283	605
7,70350	600
7,70417	595
7,70483	590
7,70550	585
7,70617	580
7,70683	575
7,70750	570
7,70817	565
7,70883	560
7,70950	556
7,71017	551
7,71083	546
7,71150	541
7,71217	537
7,71283	532
7,71350	527
7,71417	522
7,71483	517
7,71550	512
7,71617	508
7,71683	503
7,71750	499
7,71817	494
7,71883	490
7,71950	485
7,72017	481
7,72083	476
7,72150	472
7,72217	468
7,72283	463
7,72350	459
7,72417	455
7,72483	451
7,72550	446
7,72617	442
7,72683	437
7,72750	433
7,72817	429
7,72883	425
7,72950	421
7,73017	417
7,73083	414
7,73150	411
7,73217	407
7,73283	404
7,73350	401
7,73417	398
7,73483	396
7,73550	393
7,73617	391
7,73683	388
7,73750	386
7,73817	384
7,73883	382
7,73950	380
7,74017	378
7,74083	377
7,74150	375
7,74217	373
7,74283	371
7,74350	370
7,74417	368
7,74483	366
7,74550	364
7,74617	362
7,74683	360
7,74750	358
7,74817	356
7,74883	354
7,74950	352
7,75017	349
7,75083	347
7,75150	345
7,75217	342
7,75283	340
7,75350	337
7,75417	335
7,75483	332
7,75550	330
7,75617	327
7,75683	324
7,75750	322
7,75817	319
7,75883	316
7,75950	314
7,76017	311
7,76083	309
7,76150	306
7,76217	303
7,76283	301
7,76350	298
7,76417	296
7,76483	293
7,76550	291
7,76617	288
7,76683	286
7,76750	284
7,76817	281
7,76883	279
7,76950	277
7,77017	275
7,77083	273
7,77150	271
7,77217	269
7,77283	267
7,77350	265
7,77417	263
7,77483	261
7,77550	259
7,77617	257
7,77683	255
7,77750	253
7,77817	251
7,77883	249
7,77950	247
7,78017	245
7,78083	243
7,78150	241
7,78217	239
7,78283	238
7,78350	236
7,78417	235
7,78483	234
7,78550	233
7,78617	231
7,78683	230
7,78750	229
7,78817	228
7,78883	227
7,78950	226
7,79017	225
7,79083	224
7,79150	223
7,79217	222
7,79283	221
7,79350	220
7,79417	219
7,79483	218
7,79550	217
7,79617	216
7,79683	215
7,79750	215
7,79817	214
7,79883	213
7,79950	212
7,80017	211
7,80083	210
7,80150	210
7,80217	209
7,80283	208
7,80350	207
7,80417	206
7,80483	204
7,80550	203
7,80617	202
7,80683	201
7,80750	200
7,80817	198
7,80883	197
7,80950	196
7,81017	195
7,81083	193
7,81150	192
7,81217	191
7,81283	190
7,81350	188
7,81417	187
7,81483	186
7,81550	185
7,81617	184
7,81683	183
7,81750	182
7,81817	180
7,81883	179
7,81950	178
7,82017	176
7,82083	174
7,82150	173
7,82217	171
7,82283	170
7,82350	168
7,82417	167
7,82483	165
7,82550	164
7,82617	163
7,82683	162
7,82750	161
7,82817	160
7,82883	160
7,82950	159
7,83017	158
7,83083	158
7,83150	157
7,83217	156
7,83283	155
7,83350	154
7,83417	153
7,83483	152
7,83550	151
7,83617	150
7,83683	150
7,83750	149
7,83817	148
7,83883	147
7,83950	146
7,84017	146
7,84083	145
7,84150	144
7,84217	143
7,84283	142
7,84350	141
7,84417	141
7,84483	140
7,84550	139
7,84617	138
7,84683	137
7,84750	136
7,84817	136
7,84883	135
7,84950	135
7,85017	134
7,85083	134
7,85150	134
7,85217	133
7,85283	133
7,85350	133
7,85417	132
7,85483	132
7,85550	132
7,85617	131
7,85683	131
7,85750	130
7,85817	130
7,85883	130
7,85950	129
7,86017	129
7,86083	129
7,86150	128
7,86217	128
7,86283	127
7,86350	126
7,86417	126
7,86483	125
7,86550	124
7,86617	124
7,86683	123
7,86750	122
7,86817	121
7,86883	120
7,86950	119
7,87017	118
7,87083	117
7,87150	117
7,87217	116
7,87283	114
7,87350	113
7,87417	112
7,87483	111
7,87550	110
7,87617	109
7,87683	108
7,87750	107
7,87817	106
7,87883	105
7,87950	104
7,88017	103
7,88083	102
7,88150	102
7,88217	101
7,88283	100
7,88350	99
7,88417	99
7,88483	98
7,88550	98
7,88617	97
7,88683	97
7,88750	96
7,88817	96
7,88883	95
7,88950	94
7,89017	94
7,89083	93
7,89150	93
7,89217	92
7,89283	91
7,89350	91
7,89417	90
7,89483	89
7,89550	89
7,89617	88
7,89683	88
7,89750	87
7,89817	86
7,89883	86
7,89950	85
7,90017	85
7,90083	84
7,90150	84
7,90217	84
7,90283	83
7,90350	83
7,90417	83
7,90483	83
7,90550	82
7,90617	82
7,90683	82
7,90750	82
7,90817	82
7,90883	82
7,90950	82
7,91017	82
7,91083	81
7,91150	81
7,91217	81
7,91283	81
7,91350	80
7,91417	80
7,91483	79
7,91550	79
7,91617	78
7,91683	77
7,91750	77
7,91817	76
7,91883	76
7,91950	75
7,92017	74
7,92083	74
7,92150	73
7,92217	73
7,92283	73
7,92350	72
7,92417	72
7,92483	72
7,92550	71
7,92617	70
7,92683	70
7,92750	69
7,92817	69
7,92883	69
7,92950	68
7,93017	68
7,93083	68
7,93150	68
7,93217	67
7,93283	67
7,93350	67
7,93417	66
7,93483	66
7,93550	66
7,93617	66
7,93683	65
7,93750	65
7,93817	65
7,93883	65
7,93950	65
7,94017	65
7,94083	64
7,94150	64
7,94217	64
7,94283	64
7,94350	64
7,94417	64
7,94483	64
7,94550	64
7,94617	64
7,94683	63
7,94750	63
7,94817	63
7,94883	62
7,94950	62
7,95017	62
7,95083	61
7,95150	61
7,95217	60
7,95283	59
7,95350	59
7,95417	59
7,95483	58
7,95550	58
7,95617	58
7,95683	58
7,95750	58
7,95817	58
7,95883	58
7,95950	58
7,96017	58
7,96083	58
7,96150	58
7,96217	58
7,96283	58
7,96350	57
7,96417	57
7,96483	57
7,96550	57
7,96617	56
7,96683	56
7,96750	56
7,96817	56
7,96883	56
7,96950	56
7,97017	56
7,97083	56
7,97150	56
7,97217	56
7,97283	55
7,97350	55
7,97417	55
7,97483	55
7,97550	54
7,97617	54
7,97683	54
7,97750	53
7,97817	53
7,97883	52
7,97950	52
7,98017	51
7,98083	50
7,98150	49
7,98217	48
7,98283	47
7,98350	47
7,98417	46
7,98483	45
7,98550	45
7,98617	44
7,98683	43
7,98750	43
7,98817	42
7,98883	42
7,98950	41
7,99017	41
7,99083	40
7,99150	40
7,99217	39
7,99283	39
7,99350	38
7,99417	38
7,99483	37
7,99550	37
7,99617	36
7,99683	36
7,99750	36
7,99817	36
7,99883	36
7,99950	36
8,00017	36
8,00083	36
8,00150	36
8,00217	36
8,00283	36
8,00350	36
8,00417	36
8,00483	36
8,00550	36
8,00617	36
8,00683	36
8,00750	35
8,00817	35
8,00883	35
8,00950	35
8,01017	35
8,01083	35
8,01150	35
8,01217	35
8,01283	36
8,01350	36
8,01417	36
8,01483	36
8,01550	36
8,01617	37
8,01683	37
8,01750	37
8,01817	37
8,01883	37
8,01950	38
8,02017	38
8,02083	37
8,02150	37
8,02217	37
8,02283	36
8,02350	36
8,02417	35
8,02483	35
8,02550	34
8,02617	34
8,02683	34
8,02750	34
8,02817	34
8,02883	33
8,02950	33
8,03017	33
8,03083	33
8,03150	33
8,03217	32
8,03283	32
8,03350	32
8,03417	31
8,03483	30
8,03550	30
8,03617	29
8,03683	28
8,03750	28
8,03817	27
8,03883	27
8,03950	27
8,04017	27
8,04083	27
8,04150	26
8,04217	26
8,04283	26
8,04350	26
8,04417	26
8,04483	25
8,04550	25
8,04617	25
8,04683	25
8,04750	25
8,04817	25
8,04883	25
8,04950	25
8,05017	25
8,05083	25
8,05150	24
8,05217	24
8,05283	24
8,05350	24
8,05417	24
8,05483	24
8,05550	24
8,05617	24
8,05683	23
8,05750	23
8,05817	23
8,05883	23
8,05950	23
8,06017	23
8,06083	23
8,06150	23
8,06217	23
8,06283	23
8,06350	24
8,06417	24
8,06483	24
8,06550	24
8,06617	24
8,06683	24
8,06750	24
8,06817	23
8,06883	23
8,06950	23
8,07017	23
8,07083	23
8,07150	23
8,07217	23
8,07283	23
8,07350	23
8,07417	23
8,07483	22
8,07550	22
8,07617	22
8,07683	22
8,07750	22
8,07817	21
8,07883	21
8,07950	21
8,08017	21
8,08083	20
8,08150	20
8,08217	20
8,08283	20
8,08350	20
8,08417	20
8,08483	20
8,08550	20
8,08617	20
8,08683	19
8,08750	19
8,08817	19
8,08883	19
8,08950	19
8,09017	18
8,09083	18
8,09150	18
8,09217	18
8,09283	18
8,09350	18
8,09417	18
8,09483	18
8,09550	18
8,09617	18
8,09683	18
8,09750	18
8,09817	18
8,09883	18
8,09950	18
8,10017	17
8,10083	17
8,10150	17
8,10217	17
8,10283	17
8,10350	17
8,10417	17
8,10483	17
8,10550	17
8,10617	17
8,10683	17
8,10750	17
8,10817	17
8,10883	17
8,10950	17
8,11017	17
8,11083	17
8,11150	17
8,11217	17
8,11283	17
8,11350	17
8,11417	17
8,11483	17
8,11550	16
8,11617	16
8,11683	15
8,11750	15
8,11817	15
8,11883	15
8,11950	14
8,12017	14
8,12083	14
8,12150	14
8,12217	14
8,12283	14
8,12350	14
8,12417	14
8,12483	14
8,12550	14
8,12617	15
8,12683	15
8,12750	15
8,12817	15
8,12883	15
8,12950	15
8,13017	15
8,13083	15
8,13150	15
8,13217	15
8,13283	14
8,13350	14
8,13417	14
8,13483	13
8,13550	13
8,13617	13
8,13683	13
8,13750	12
8,13817	12
8,13883	12
8,13950	12
8,14017	12
8,14083	12
8,14150	12
8,14217	12
8,14283	12
8,14350	12
8,14417	12
8,14483	12
8,14550	12
8,14617	12
8,14683	12
8,14750	12
8,14817	12
8,14883	12
8,14950	13
8,15017	13
8,15083	13
8,15150	13
8,15217	13
8,15283	14
8,15350	14
8,15417	14
8,15483	14
8,15550	14
8,15617	15
8,15683	15
8,15750	15
8,15817	15
8,15883	15
8,15950	15
8,16017	15
8,16083	15
8,16150	15
8,16217	15
8,16283	14
8,16350	14
8,16417	14
8,16483	13
8,16550	13
8,16617	12
8,16683	12
8,16750	12
8,16817	12
8,16883	12
8,16950	12
8,17017	12
8,17083	11
8,17150	11
8,17217	11
8,17283	11
8,17350	11
8,17417	11
8,17483	10
8,17550	10
8,17617	10
8,17683	9
8,17750	9
8,17817	9
8,17883	8
8,17950	8
8,18017	7
8,18083	7
8,18150	6
8,18217	6
8,18283	6
8,18350	5
8,18417	5
8,18483	5
8,18550	5
8,18617	4
8,18683	4
8,18750	4
8,18817	4
8,18883	3
8,18950	4
8,19017	4
8,19083	4
8,19150	4
8,19217	4
8,19283	4
8,19350	4
8,19417	4
8,19483	4
8,19550	3
8,19617	3
8,19683	3
8,19750	3
8,19817	3
8,19883	3
8,19950	3
8,20017	3
8,20083	4
8,20150	4
8,20217	4
8,20283	4
8,20350	5
8,20417	5
8,20483	5
8,20550	5
8,20617	5
8,20683	5
8,20750	4
8,20817	4
8,20883	4
8,20950	4
8,21017	4
8,21083	4
8,21150	4
8,21217	4
8,21283	4
8,21350	4
8,21417	5
8,21483	5
8,21550	5
8,21617	5
8,21683	5
8,21750	5
8,21817	5
8,21883	5
8,21950	5
8,22017	5
8,22083	5
8,22150	5
8,22217	5
8,22283	5
8,22350	5
8,22417	5
8,22483	5
8,22550	5
8,22617	5
8,22683	5
8,22750	5
8,22817	5
8,22883	4
8,22950	4
8,23017	4
8,23083	5
8,23150	5
8,23217	5
8,23283	4
8,23350	4
8,23417	4
8,23483	4
8,23550	4
8,23617	3
8,23683	3
8,23750	3
8,23817	2
8,23883	2
8,23950	2
8,24017	2
8,24083	2
8,24150	2
8,24217	1
8,24283	1
8,24350	1
8,24417	1
8,24483	1
8,24550	1
8,24617	1
8,24683	1
8,24750	1
8,24817	0
8,24883	0
8,24950	0
8,25017	0
8,25083	0
8,25150	0
8,25217	0
8,25283	0
8,25350	0
8,25417	0
8,25483	0
8,25550	1
8,25617	1
8,25683	1
8,25750	2
8,25817	2
8,25883	2
8,25950	2
8,26017	2
8,26083	3
8,26150	3
8,26217	3
8,26283	4
8,26350	4
8,26417	4
8,26483	4
8,26550	4
8,26617	5
8,26683	5
8,26750	5
8,26817	5
8,26883	5
8,26950	5
8,27017	5
8,27083	5
8,27150	6
8,27217	6
8,27283	6
8,27350	6
8,27417	6
8,27483	6
8,27550	6
8,27617	6
8,27683	6
8,27750	6
8,27817	6
8,27883	6
8,27950	5
8,28017	5
8,28083	5
8,28150	5
8,28217	4
8,28283	4
8,28350	4
8,28417	4
8,28483	4
8,28550	4
8,28617	4
8,28683	3
8,28750	3
8,28817	3
8,28883	3
8,28950	2
8,29017	2
8,29083	1
8,29150	1
8,29217	1
8,29283	1
8,29350	1
8,29417	1
8,29483	1
8,29550	1
8,29617	2
8,29683	2
8,29750	2
8,29817	2
8,29883	2
8,29950	3
8,30017	2
8,30083	2
8,30150	2
8,30217	2
8,30283	2
8,30350	2
8,30417	2
8,30483	2
8,30550	3
8,30617	3
8,30683	3
8,30750	4
8,30817	4
8,30883	5
8,30950	6
8,31017	6
8,31083	7
8,31150	7
8,31217	8
8,31283	8
8,31350	9
8,31417	9
8,31483	9
8,31550	10
8,31617	10
8,31683	10
8,31750	10
8,31817	10
8,31883	10
8,31950	10
8,32017	11
8,32083	11
8,32150	11
8,32217	11
8,32283	11
8,32350	11
8,32417	11
8,32483	11
8,32550	12
8,32617	12
8,32683	12
8,32750	12
8,32817	12
8,32883	12
8,32950	12
8,33017	12
8,33083	12
8,33150	12
8,33217	12
8,33283	12
8,33350	12
8,33417	11
8,33483	11
8,33550	11
8,33617	11
8,33683	11
8,33750	11
8,33817	11
8,33883	11
8,33950	11
8,34017	10
8,34083	11
8,34150	11
8,34217	11
8,34283	11
8,34350	11
8,34417	11
8,34483	11
8,34550	11
8,34617	11
8,34683	11
8,34750	11
8,34817	11
8,34883	11
8,34950	11
8,35017	11
8,35083	11
8,35150	11
8,35217	11
8,35283	11
8,35350	11
8,35417	11
8,35483	11
8,35550	11
8,35617	10
8,35683	10
8,35750	10
8,35817	10
8,35883	9
8,35950	9
8,36017	9
8,36083	9
8,36150	9
8,36217	9
8,36283	9
8,36350	9
8,36417	9
8,36483	9
8,36550	9
8,36617	8
8,36683	8
8,36750	9
8,36817	9
8,36883	9
8,36950	9
8,37017	9
8,37083	9
8,37150	9
8,37217	9
8,37283	9
8,37350	9
8,37417	8
8,37483	8
8,37550	8
8,37617	8
8,37683	7
8,37750	7
8,37817	7
8,37883	6
8,37950	6
8,38017	6
8,38083	5
8,38150	5
8,38217	5
8,38283	4
8,38350	4
8,38417	4
8,38483	4
8,38550	4
8,38617	4
8,38683	4
8,38750	4
8,38817	4
8,38883	4
8,38950	3
8,39017	3
8,39083	3
8,39150	3
8,39217	2
8,39283	2
8,39350	2
8,39417	2
8,39483	1
8,39550	1
8,39617	1
8,39683	1
8,39750	0
8,39817	0
8,39883	0
8,39950	-0
8,40017	-0
8,40083	-1
8,40150	-1
8,40217	-1
8,40283	-1
8,40350	-1
8,40417	-1
8,40483	-1
8,40550	-1
8,40617	-1
8,40683	-1
8,40750	-1
8,40817	-1
8,40883	-2
8,40950	-2
8,41017	-2
8,41083	-3
8,41150	-3
8,41217	-3
8,41283	-4
8,41350	-4
8,41417	-4
8,41483	-4
8,41550	-4
8,41617	-4
8,41683	-4
8,41750	-3
8,41817	-3
8,41883	-3
8,41950	-3
8,42017	-3
8,42083	-3
8,42150	-3
8,42217	-3
8,42283	-3
8,42350	-3
8,42417	-2
8,42483	-2
8,42550	-2
8,42617	-2
8,42683	-2
8,42750	-1
8,42817	-1
8,42883	-1
8,42950	-1
8,43017	-1
8,43083	-1
8,43150	-1
8,43217	-1
8,43283	-1
8,43350	-1
8,43417	-1
8,43483	-1
8,43550	-1
8,43617	-1
8,43683	-1
8,43750	-1
8,43817	-1
8,43883	-2
8,43950	-2
8,44017	-2
8,44083	-2
8,44150	-2
8,44217	-2
8,44283	-2
8,44350	-1
8,44417	-1
8,44483	-1
8,44550	-1
8,44617	-1
8,44683	-0
8,44750	-0
8,44817	-0
8,44883	-0
8,44950	-1
8,45017	-1
8,45083	-1
8,45150	-1
8,45217	-1
8,45283	-1
8,45350	-1
8,45417	-0
8,45483	-0
8,45550	0
8,45617	0
8,45683	1
8,45750	1
8,45817	1
8,45883	1
8,45950	1
8,46017	0
8,46083	0
8,46150	0
8,46217	0
8,46283	-0
8,46350	-1
8,46417	-1
8,46483	-2
8,46550	-2
8,46617	-2
8,46683	-2
8,46750	-2
8,46817	-3
8,46883	-3
8,46950	-3
8,47017	-3
8,47083	-3
8,47150	-3
8,47217	-3
8,47283	-3
8,47350	-3
8,47417	-4
8,47483	-4
8,47550	-4
8,47617	-4
8,47683	-4
8,47750	-5
8,47817	-5
8,47883	-5
8,47950	-6
8,48017	-6
8,48083	-6
8,48150	-7
8,48217	-7
8,48283	-7
8,48350	-7
8,48417	-8
8,48483	-8
8,48550	-8
8,48617	-7
8,48683	-7
8,48750	-7
8,48817	-6
8,48883	-6
8,48950	-6
8,49017	-6
8,49083	-6
8,49150	-6
8,49217	-6
8,49283	-6
8,49350	-6
8,49417	-6
8,49483	-6
8,49550	-6
8,49617	-6
8,49683	-7
8,49750	-7
8,49817	-7
8,49883	-7
8,49950	-7
8,50017	-7
8,50083	-7
8,50150	-7
8,50217	-7
8,50283	-7
8,50350	-8
8,50417	-8
8,50483	-8
8,50550	-9
8,50617	-9
8,50683	-9
8,50750	-9
8,50817	-9
8,50883	-8
8,50950	-8
8,51017	-8
8,51083	-8
8,51150	-8
8,51217	-8
8,51283	-7
8,51350	-7
8,51417	-7
8,51483	-7
8,51550	-7
8,51617	-7
8,51683	-7
8,51750	-7
8,51817	-8
8,51883	-8
8,51950	-7
8,52017	-7
8,52083	-7
8,52150	-7
8,52217	-7
8,52283	-6
8,52350	-6
8,52417	-6
8,52483	-6
8,52550	-6
8,52617	-6
8,52683	-6
8,52750	-6
8,52817	-6
8,52883	-6
8,52950	-6
8,53017	-6
8,53083	-6
8,53150	-6
8,53217	-6
8,53283	-6
8,53350	-5
8,53417	-5
8,53483	-5
8,53550	-5
8,53617	-5
8,53683	-6
8,53750	-6
8,53817	-6
8,53883	-6
8,53950	-6
8,54017	-6
8,54083	-6
8,54150	-6
8,54217	-7
8,54283	-7
8,54350	-7
8,54417	-7
8,54483	-7
8,54550	-7
8,54617	-7
8,54683	-7
8,54750	-7
8,54817	-7
8,54883	-7
8,54950	-7
8,55017	-7
8,55083	-7
8,55150	-6
8,55217	-6
8,55283	-6
8,55350	-6
8,55417	-6
8,55483	-6
8,55550	-6
8,55617	-7
8,55683	-7
8,55750	-7
8,55817	-8
8,55883	-8
8,55950	-8
8,56017	-8
8,56083	-8
8,56150	-7
8,56217	-7
8,56283	-7
8,56350	-6
8,56417	-6
8,56483	-6
8,56550	-6
8,56617	-6
8,56683	-6
8,56750	-6
8,56817	-6
8,56883	-6
8,56950	-6
8,57017	-6
8,57083	-6
8,57150	-6
8,57217	-6
8,57283	-6
8,57350	-6
8,57417	-6
8,57483	-6
8,57550	-6
8,57617	-6
8,57683	-6
8,57750	-6
8,57817	-6
8,57883	-6
8,57950	-6
8,58017	-6
8,58083	-6
8,58150	-6
8,58217	-6
8,58283	-5
8,58350	-5
8,58417	-5
8,58483	-5
8,58550	-5
8,58617	-5
8,58683	-5
8,58750	-4
8,58817	-4
8,58883	-4
8,58950	-4
8,59017	-4
8,59083	-4
8,59150	-4
8,59217	-3
8,59283	-3
8,59350	-3
8,59417	-3
8,59483	-2
8,59550	-2
8,59617	-2
8,59683	-2
8,59750	-2
8,59817	-2
8,59883	-2
8,59950	-2
8,60017	-2
8,60083	-2
8,60150	-2
8,60217	-2
8,60283	-2
8,60350	-2
8,60417	-2
8,60483	-2
8,60550	-2
8,60617	-1
8,60683	-1
8,60750	-1
8,60817	-1
8,60883	-1
8,60950	-1
8,61017	-1
8,61083	-1
8,61150	-1
8,61217	-1
8,61283	-1
8,61350	-1
8,61417	-1
8,61483	-1
8,61550	-1
8,61617	-1
8,61683	-1
8,61750	-1
8,61817	-1
8,61883	-1
8,61950	-1
8,62017	-2
8,62083	-2
8,62150	-2
8,62217	-2
8,62283	-2
8,62350	-3
8,62417	-3
8,62483	-3
8,62550	-3
8,62617	-3
8,62683	-3
8,62750	-3
8,62817	-3
8,62883	-3
8,62950	-3
8,63017	-3
8,63083	-3
8,63150	-3
8,63217	-3
8,63283	-3
8,63350	-3
8,63417	-3
8,63483	-3
8,63550	-3
8,63617	-3
8,63683	-3
8,63750	-3
8,63817	-3
8,63883	-3
8,63950	-3
8,64017	-3
8,64083	-3
8,64150	-3
8,64217	-3
8,64283	-4
8,64350	-4
8,64417	-4
8,64483	-4
8,64550	-4
8,64617	-4
8,64683	-4
8,64750	-4
8,64817	-4
8,64883	-3
8,64950	-3
8,65017	-3
8,65083	-3
8,65150	-3
8,65217	-3
8,65283	-3
8,65350	-3
8,65417	-4
8,65483	-4
8,65550	-4
8,65617	-4
8,65683	-4
8,65750	-4
8,65817	-4
8,65883	-4
8,65950	-4
8,66017	-4
8,66083	-4
8,66150	-4
8,66217	-4
8,66283	-4
8,66350	-4
8,66417	-4
8,66483	-4
8,66550	-5
8,66617	-5
8,66683	-5
8,66750	-5
8,66817	-5
8,66883	-5
8,66950	-5
8,67017	-5
8,67083	-5
8,67150	-5
8,67217	-5
8,67283	-5
8,67350	-5
8,67417	-5
8,67483	-5
8,67550	-5
8,67617	-5
8,67683	-5
8,67750	-5
8,67817	-5
8,67883	-5
8,67950	-5
8,68017	-5
8,68083	-5
8,68150	-5
8,68217	-5
8,68283	-5
8,68350	-5
8,68417	-4
8,68483	-5
8,68550	-5
8,68617	-5
8,68683	-5
8,68750	-5
8,68817	-5
8,68883	-5
8,68950	-5
8,69017	-5
8,69083	-5
8,69150	-5
8,69217	-5
8,69283	-5
8,69350	-5
8,69417	-6
8,69483	-6
8,69550	-6
8,69617	-6
8,69683	-6
8,69750	-6
8,69817	-7
8,69883	-7
8,69950	-7
8,70017	-7
8,70083	-7
8,70150	-7
8,70217	-7
8,70283	-7
8,70350	-7
8,70417	-7
8,70483	-7
8,70550	-7
8,70617	-7
8,70683	-7
8,70750	-7
8,70817	-6
8,70883	-6
8,70950	-6
8,71017	-6
8,71083	-6
8,71150	-6
8,71217	-6
8,71283	-7
8,71350	-7
8,71417	-7
8,71483	-7
8,71550	-7
8,71617	-8
8,71683	-8
8,71750	-8
8,71817	-8
8,71883	-9
8,71950	-9
8,72017	-9
8,72083	-9
8,72150	-9
8,72217	-9
8,72283	-9
8,72350	-9
8,72417	-9
8,72483	-9
8,72550	-8
8,72617	-8
8,72683	-8
8,72750	-8
8,72817	-8
8,72883	-8
8,72950	-9
8,73017	-9
8,73083	-9
8,73150	-9
8,73217	-10
8,73283	-10
8,73350	-10
8,73417	-10
8,73483	-10
8,73550	-10
8,73617	-10
8,73683	-10
8,73750	-10
8,73817	-10
8,73883	-10
8,73950	-10
8,74017	-10
8,74083	-9
8,74150	-9
8,74217	-9
8,74283	-9
8,74350	-9
8,74417	-9
8,74483	-8
8,74550	-8
8,74617	-8
8,74683	-8
8,74750	-8
8,74817	-9
8,74883	-9
8,74950	-9
8,75017	-9
8,75083	-9
8,75150	-9
8,75217	-9
8,75283	-9
8,75350	-9
8,75417	-9
8,75483	-8
8,75550	-8
8,75617	-8
8,75683	-8
8,75750	-8
8,75817	-8
8,75883	-8
8,75950	-8
8,76017	-7
8,76083	-7
8,76150	-7
8,76217	-7
8,76283	-7
8,76350	-7
8,76417	-7
8,76483	-7
8,76550	-7
8,76617	-6
8,76683	-6
8,76750	-6
8,76817	-6
8,76883	-6
8,76950	-7
8,77017	-7
8,77083	-7
8,77150	-8
8,77217	-8
8,77283	-8
8,77350	-8
8,77417	-8
8,77483	-8
8,77550	-8
8,77617	-8
8,77683	-8
8,77750	-8
8,77817	-8
8,77883	-8
8,77950	-8
8,78017	-8
8,78083	-8
8,78150	-8
8,78217	-8
8,78283	-9
8,78350	-9
8,78417	-9
8,78483	-9
8,78550	-9
8,78617	-9
8,78683	-9
8,78750	-9
8,78817	-9
8,78883	-8
8,78950	-8
8,79017	-8
8,79083	-8
8,79150	-8
8,79217	-8
8,79283	-8
8,79350	-8
8,79417	-8
8,79483	-8
8,79550	-8
8,79617	-7
8,79683	-7
8,79750	-6
8,79817	-6
8,79883	-6
8,79950	-6
8,80017	-6
8,80083	-6
8,80150	-5
8,80217	-5
8,80283	-5
8,80350	-5
8,80417	-4
8,80483	-4
8,80550	-4
8,80617	-4
8,80683	-4
8,80750	-4
8,80817	-4
8,80883	-4
8,80950	-5
8,81017	-5
8,81083	-5
8,81150	-5
8,81217	-5
8,81283	-6
8,81350	-6
8,81417	-6
8,81483	-6
8,81550	-6
8,81617	-6
8,81683	-6
8,81750	-6
8,81817	-6
8,81883	-6
8,81950	-6
8,82017	-6
8,82083	-6
8,82150	-6
8,82217	-5
8,82283	-5
8,82350	-5
8,82417	-5
8,82483	-5
8,82550	-6
8,82617	-6
8,82683	-6
8,82750	-6
8,82817	-6
8,82883	-6
8,82950	-6
8,83017	-6
8,83083	-6
8,83150	-6
8,83217	-6
8,83283	-6
8,83350	-6
8,83417	-6
8,83483	-6
8,83550	-6
8,83617	-6
8,83683	-6
8,83750	-6
8,83817	-5
8,83883	-5
8,83950	-5
8,84017	-5
8,84083	-5
8,84150	-5
8,84217	-5
8,84283	-4
8,84350	-4
8,84417	-4
8,84483	-4
8,84550	-5
8,84617	-5
8,84683	-5
8,84750	-5
8,84817	-5
8,84883	-4
8,84950	-4
8,85017	-4
8,85083	-4
8,85150	-3
8,85217	-3
8,85283	-3
8,85350	-3
8,85417	-3
8,85483	-3
8,85550	-3
8,85617	-3
8,85683	-3
8,85750	-3
8,85817	-3
8,85883	-4
8,85950	-4
8,86017	-4
8,86083	-4
8,86150	-4
8,86217	-4
8,86283	-5
8,86350	-5
8,86417	-5
8,86483	-5
8,86550	-5
8,86617	-5
8,86683	-6
8,86750	-6
8,86817	-6
8,86883	-6
8,86950	-6
8,87017	-6
8,87083	-6
8,87150	-6
8,87217	-6
8,87283	-6
8,87350	-5
8,87417	-5
8,87483	-5
8,87550	-5
8,87617	-5
8,87683	-5
8,87750	-6
8,87817	-6
8,87883	-6
8,87950	-6
8,88017	-6
8,88083	-6
8,88150	-6
8,88217	-6
8,88283	-6
8,88350	-7
8,88417	-7
8,88483	-7
8,88550	-7
8,88617	-7
8,88683	-7
8,88750	-7
8,88817	-8
8,88883	-8
8,88950	-8
8,89017	-8
8,89083	-8
8,89150	-8
8,89217	-9
8,89283	-9
8,89350	-9
8,89417	-9
8,89483	-8
8,89550	-9
8,89617	-9
8,89683	-9
8,89750	-9
8,89817	-9
8,89883	-9
8,89950	-9
8,90017	-9
8,90083	-9
8,90150	-9
8,90217	-9
8,90283	-8
8,90350	-8
8,90417	-8
8,90483	-7
8,90550	-7
8,90617	-7
8,90683	-6
8,90750	-6
8,90817	-6
8,90883	-5
8,90950	-5
8,91017	-5
8,91083	-5
8,91150	-4
8,91217	-4
8,91283	-4
8,91350	-4
8,91417	-4
8,91483	-3
8,91550	-3
8,91617	-3
8,91683	-3
8,91750	-3
8,91817	-3
8,91883	-3
8,91950	-3
8,92017	-3
8,92083	-3
8,92150	-3
8,92217	-3
8,92283	-3
8,92350	-4
8,92417	-4
8,92483	-4
8,92550	-4
8,92617	-4
8,92683	-5
8,92750	-5
8,92817	-5
8,92883	-5
8,92950	-5
8,93017	-5
8,93083	-6
8,93150	-6
8,93217	-6
8,93283	-6
8,93350	-6
8,93417	-6
8,93483	-6
8,93550	-6
8,93617	-6
8,93683	-6
8,93750	-6
8,93817	-7
8,93883	-7
8,93950	-7
8,94017	-7
8,94083	-7
8,94150	-7
8,94217	-7
8,94283	-7
8,94350	-8
8,94417	-8
8,94483	-8
8,94550	-8
8,94617	-8
8,94683	-8
8,94750	-8
8,94817	-8
8,94883	-8
8,94950	-8
8,95017	-8
8,95083	-8
8,95150	-8
8,95217	-8
8,95283	-8
8,95350	-8
8,95417	-8
8,95483	-9
8,95550	-9
8,95617	-9
8,95683	-9
8,95750	-8
8,95817	-8
8,95883	-8
8,95950	-8
8,96017	-9
8,96083	-9
8,96150	-9
8,96217	-9
8,96283	-9
8,96350	-10
8,96417	-10
8,96483	-10
8,96550	-10
8,96617	-10
8,96683	-10
8,96750	-10
8,96817	-10
8,96883	-10
8,96950	-10
8,97017	-10
8,97083	-10
8,97150	-10
8,97217	-10
8,97283	-10
8,97350	-10
8,97417	-10
8,97483	-11
8,97550	-11
8,97617	-11
8,97683	-11
8,97750	-11
8,97817	-11
8,97883	-11
8,97950	-11
8,98017	-11
8,98083	-12
8,98150	-12
8,98217	-12
8,98283	-12
8,98350	-12
8,98417	-12
8,98483	-12
8,98550	-13
8,98617	-13
8,98683	-13
8,98750	-13
8,98817	-13
8,98883	-13
8,98950	-13
8,99017	-13
8,99083	-13
8,99150	-13
8,99217	-12
8,99283	-12
8,99350	-12
8,99417	-12
8,99483	-11
8,99550	-11
8,99617	-11
8,99683	-11
8,99750	-11
8,99817	-11
8,99883	-11
8,99950	-11
9,00017	-11
9,00083	-11
9,00150	-11
9,00217	-11
9,00283	-11
9,00350	-11
9,00417	-10
9,00483	-10
9,00550	-10
9,00617	-9
9,00683	-9
9,00750	-9
9,00817	-9
9,00883	-9
9,00950	-9
9,01017	-9
9,01083	-8
9,01150	-8
9,01217	-8
9,01283	-8
9,01350	-7
9,01417	-7
9,01483	-7
9,01550	-7
9,01617	-7
9,01683	-7
9,01750	-7
9,01817	-7
9,01883	-7
9,01950	-7
9,02017	-7
9,02083	-7
9,02150	-7
9,02217	-7
9,02283	-7
9,02350	-7
9,02417	-7
9,02483	-7
9,02550	-7
9,02617	-7
9,02683	-7
9,02750	-7
9,02817	-8
9,02883	-8
9,02950	-8
9,03017	-9
9,03083	-9
9,03150	-9
9,03217	-9
9,03283	-10
9,03350	-10
9,03417	-10
9,03483	-10
9,03550	-10
9,03617	-10
9,03683	-11
9,03750	-11
9,03817	-11
9,03883	-11
9,03950	-11
9,04017	-11
9,04083	-11
9,04150	-11
9,04217	-11
9,04283	-10
9,04350	-10
9,04417	-10
9,04483	-10
9,04550	-10
9,04617	-10
9,04683	-10
9,04750	-10
9,04817	-9
9,04883	-9
9,04950	-9
9,05017	-9
9,05083	-9
9,05150	-9
9,05217	-9
9,05283	-9
9,05350	-8
9,05417	-8
9,05483	-8
9,05550	-7
9,05617	-7
9,05683	-7
9,05750	-7
9,05817	-7
9,05883	-7
9,05950	-7
9,06017	-7
9,06083	-6
9,06150	-6
9,06217	-6
9,06283	-6
9,06350	-5
9,06417	-5
9,06483	-5
9,06550	-5
9,06617	-5
9,06683	-5
9,06750	-5
9,06817	-5
9,06883	-5
9,06950	-5
9,07017	-5
9,07083	-5
9,07150	-5
9,07217	-5
9,07283	-5
9,07350	-5
9,07417	-5
9,07483	-5
9,07550	-5
9,07617	-5
9,07683	-5
9,07750	-5
9,07817	-5
9,07883	-5
9,07950	-5
9,08017	-5
9,08083	-5
9,08150	-5
9,08217	-5
9,08283	-5
9,08350	-5
9,08417	-5
9,08483	-5
9,08550	-5
9,08617	-5
9,08683	-5
9,08750	-5
9,08817	-5
9,08883	-5
9,08950	-5
9,09017	-5
9,09083	-5
9,09150	-5
9,09217	-5
9,09283	-5
9,09350	-5
9,09417	-5
9,09483	-5
9,09550	-5
9,09617	-4
9,09683	-4
9,09750	-4
9,09817	-4
9,09883	-4
9,09950	-3
9,10017	-3
9,10083	-3
9,10150	-3
9,10217	-3
9,10283	-3
9,10350	-3
9,10417	-3
9,10483	-3
9,10550	-3
9,10617	-3
9,10683	-3
9,10750	-3
9,10817	-3
9,10883	-3
9,10950	-3
9,11017	-3
9,11083	-3
9,11150	-3
9,11217	-4
9,11283	-4
9,11350	-4
9,11417	-4
9,11483	-4
9,11550	-4
9,11617	-4
9,11683	-4
9,11750	-4
9,11817	-4
9,11883	-4
9,11950	-3
9,12017	-3
9,12083	-3
9,12150	-3
9,12217	-3
9,12283	-4
9,12350	-4
9,12417	-4
9,12483	-5
9,12550	-5
9,12617	-5
9,12683	-6
9,12750	-6
9,12817	-7
9,12883	-7
9,12950	-7
9,13017	-7
9,13083	-7
9,13150	-7
9,13217	-7
9,13283	-7
9,13350	-7
9,13417	-7
9,13483	-8
9,13550	-8
9,13617	-8
9,13683	-7
9,13750	-7
9,13817	-7
9,13883	-7
9,13950	-7
9,14017	-6
9,14083	-6
9,14150	-6
9,14217	-6
9,14283	-6
9,14350	-5
9,14417	-5
9,14483	-5
9,14550	-5
9,14617	-5
9,14683	-5
9,14750	-4
9,14817	-4
9,14883	-4
9,14950	-4
9,15017	-4
9,15083	-4
9,15150	-4
9,15217	-4
9,15283	-5
9,15350	-5
9,15417	-5
9,15483	-5
9,15550	-5
9,15617	-6
9,15683	-6
9,15750	-6
9,15817	-6
9,15883	-5
9,15950	-5
9,16017	-5
9,16083	-5
9,16150	-5
9,16217	-5
9,16283	-5
9,16350	-5
9,16417	-5
9,16483	-5
9,16550	-5
9,16617	-5
9,16683	-5
9,16750	-5
9,16817	-5
9,16883	-5
9,16950	-5
9,17017	-5
9,17083	-5
9,17150	-5
9,17217	-5
9,17283	-5
9,17350	-5
9,17417	-5
9,17483	-5
9,17550	-5
9,17617	-5
9,17683	-5
9,17750	-5
9,17817	-5
9,17883	-5
9,17950	-5
9,18017	-5
9,18083	-5
9,18150	-5
9,18217	-5
9,18283	-5
9,18350	-5
9,18417	-5
9,18483	-5
9,18550	-5
9,18617	-5
9,18683	-5
9,18750	-5
9,18817	-5
9,18883	-6
9,18950	-6
9,19017	-6
9,19083	-6
9,19150	-6
9,19217	-6
9,19283	-6
9,19350	-6
9,19417	-6
9,19483	-6
9,19550	-6
9,19617	-6
9,19683	-6
9,19750	-6
9,19817	-6
9,19883	-7
9,19950	-7
9,20017	-7
9,20083	-7
9,20150	-7
9,20217	-7
9,20283	-7
9,20350	-7
9,20417	-7
9,20483	-6
9,20550	-6
9,20617	-6
9,20683	-6
9,20750	-6
9,20817	-6
9,20883	-6
9,20950	-6
9,21017	-6
9,21083	-6
9,21150	-6
9,21217	-5
9,21283	-5
9,21350	-5
9,21417	-5
9,21483	-5
9,21550	-5
9,21617	-6
9,21683	-6
9,21750	-6
9,21817	-7
9,21883	-7
9,21950	-7
9,22017	-7
9,22083	-7
9,22150	-6
9,22217	-6
9,22283	-6
9,22350	-6
9,22417	-5
9,22483	-5
9,22550	-5
9,22617	-5
9,22683	-5
9,22750	-5
9,22817	-4
9,22883	-4
9,22950	-4
9,23017	-4
9,23083	-4
9,23150	-4
9,23217	-4
9,23283	-3
9,23350	-3
9,23417	-3
9,23483	-2
9,23550	-2
9,23617	-2
9,23683	-1
9,23750	-1
9,23817	-0
9,23883	-0
9,23950	-0
9,24017	-0
9,24083	-1
9,24150	-1
9,24217	-2
9,24283	-2
9,24350	-3
9,24417	-3
9,24483	-4
9,24550	-4
9,24617	-5
9,24683	-5
9,24750	-5
9,24817	-5
9,24883	-5
9,24950	-5
9,25017	-5
9,25083	-5
9,25150	-5
9,25217	-5
9,25283	-5
9,25350	-5
9,25417	-5
9,25483	-5
9,25550	-5
9,25617	-5
9,25683	-5
9,25750	-5
9,25817	-5
9,25883	-5
9,25950	-5
9,26017	-5
9,26083	-5
9,26150	-4
9,26217	-4
9,26283	-5
9,26350	-5
9,26417	-5
9,26483	-5
9,26550	-5
9,26617	-5
9,26683	-5
9,26750	-5
9,26817	-5
9,26883	-5
9,26950	-5
9,27017	-5
9,27083	-5
9,27150	-5
9,27217	-6
9,27283	-6
9,27350	-6
9,27417	-6
9,27483	-6
9,27550	-6
9,27617	-6
9,27683	-6
9,27750	-6
9,27817	-6
9,27883	-6
9,27950	-6
9,28017	-6
9,28083	-6
9,28150	-6
9,28217	-6
9,28283	-6
9,28350	-6
9,28417	-7
9,28483	-7
9,28550	-7
9,28617	-8
9,28683	-8
9,28750	-8
9,28817	-8
9,28883	-8
9,28950	-8
9,29017	-9
9,29083	-9
9,29150	-9
9,29217	-9
9,29283	-9
9,29350	-9
9,29417	-9
9,29483	-9
9,29550	-9
9,29617	-9
9,29683	-9
9,29750	-9
9,29817	-9
9,29883	-8
9,29950	-8
9,30017	-8
9,30083	-8
9,30150	-8
9,30217	-8
9,30283	-8
9,30350	-8
9,30417	-8
9,30483	-8
9,30550	-7
9,30617	-7
9,30683	-7
9,30750	-7
9,30817	-7
9,30883	-6
9,30950	-6
9,31017	-6
9,31083	-6
9,31150	-6
9,31217	-5
9,31283	-5
9,31350	-5
9,31417	-5
9,31483	-6
9,31550	-6
9,31617	-6
9,31683	-6
9,31750	-6
9,31817	-6
9,31883	-6
9,31950	-6
9,32017	-6
9,32083	-6
9,32150	-6
9,32217	-6
9,32283	-6
9,32350	-6
9,32417	-6
9,32483	-6
9,32550	-6
9,32617	-6
9,32683	-6
9,32750	-6
9,32817	-5
9,32883	-5
9,32950	-5
9,33017	-4
9,33083	-4
9,33150	-4
9,33217	-4
9,33283	-4
9,33350	-4
9,33417	-4
9,33483	-5
9,33550	-5
9,33617	-5
9,33683	-5
9,33750	-5
9,33817	-5
9,33883	-5
9,33950	-5
9,34017	-5
9,34083	-5
9,34150	-5
9,34217	-5
9,34283	-5
9,34350	-4
9,34417	-4
9,34483	-4
9,34550	-4
9,34617	-4
9,34683	-4
9,34750	-4
9,34817	-4
9,34883	-4
9,34950	-4
9,35017	-4
9,35083	-4
9,35150	-4
9,35217	-4
9,35283	-4
9,35350	-4
9,35417	-4
9,35483	-4
9,35550	-4
9,35617	-4
9,35683	-5
9,35750	-5
9,35817	-5
9,35883	-5
9,35950	-5
9,36017	-5
9,36083	-5
9,36150	-5
9,36217	-5
9,36283	-5
9,36350	-5
9,36417	-4
9,36483	-4
9,36550	-4
9,36617	-4
9,36683	-4
9,36750	-5
9,36817	-5
9,36883	-5
9,36950	-5
9,37017	-5
9,37083	-5
9,37150	-5
9,37217	-5
9,37283	-5
9,37350	-5
9,37417	-5
9,37483	-5
9,37550	-5
9,37617	-5
9,37683	-6
9,37750	-6
9,37817	-6
9,37883	-6
9,37950	-6
9,38017	-6
9,38083	-7
9,38150	-7
9,38217	-7
9,38283	-7
9,38350	-6
9,38417	-6
9,38483	-6
9,38550	-6
9,38617	-6
9,38683	-6
9,38750	-6
9,38817	-6
9,38883	-6
9,38950	-6
9,39017	-6
9,39083	-7
9,39150	-7
9,39217	-7
9,39283	-7
9,39350	-7
9,39417	-7
9,39483	-7
9,39550	-7
9,39617	-7
9,39683	-7
9,39750	-7
9,39817	-7
9,39883	-7
9,39950	-7
9,40017	-7
9,40083	-7
9,40150	-7
9,40217	-7
9,40283	-7
9,40350	-8
9,40417	-8
9,40483	-8
9,40550	-8
9,40617	-7
9,40683	-7
9,40750	-6
9,40817	-6
9,40883	-5
9,40950	-5
9,41017	-5
9,41083	-5
9,41150	-5
9,41217	-5
9,41283	-5
9,41350	-5
9,41417	-5
9,41483	-6
9,41550	-6
9,41617	-6
9,41683	-6
9,41750	-6
9,41817	-6
9,41883	-5
9,41950	-5
9,42017	-5
9,42083	-5
9,42150	-5
9,42217	-4
9,42283	-4
9,42350	-4
9,42417	-4
9,42483	-3
9,42550	-3
9,42617	-3
9,42683	-2
9,42750	-2
9,42817	-2
9,42883	-1
9,42950	-1
9,43017	-1
9,43083	-0
9,43150	-0
9,43217	0
9,43283	0
9,43350	1
9,43417	1
9,43483	1
9,43550	2
9,43617	2
9,43683	2
9,43750	3
9,43817	3
9,43883	3
9,43950	4
9,44017	4
9,44083	4
9,44150	4
9,44217	4
9,44283	3
9,44350	3
9,44417	3
9,44483	2
9,44550	2
9,44617	2
9,44683	1
9,44750	1
9,44817	1
9,44883	0
9,44950	0
9,45017	-0
9,45083	-0
9,45150	-1
9,45217	-1
9,45283	-1
9,45350	-1
9,45417	-2
9,45483	-2
9,45550	-2
9,45617	-2
9,45683	-2
9,45750	-2
9,45817	-2
9,45883	-2
9,45950	-2
9,46017	-2
9,46083	-3
9,46150	-3
9,46217	-3
9,46283	-3
9,46350	-3
9,46417	-4
9,46483	-4
9,46550	-4
9,46617	-4
9,46683	-4
9,46750	-4
9,46817	-4
9,46883	-5
9,46950	-5
9,47017	-5
9,47083	-5
9,47150	-5
9,47217	-5
9,47283	-5
9,47350	-5
9,47417	-5
9,47483	-4
9,47550	-4
9,47617	-4
9,47683	-4
9,47750	-4
9,47817	-4
9,47883	-4
9,47950	-4
9,48017	-4
9,48083	-3
9,48150	-3
9,48217	-3
9,48283	-3
9,48350	-3
9,48417	-3
9,48483	-3
9,48550	-3
9,48617	-4
9,48683	-3
9,48750	-3
9,48817	-3
9,48883	-3
9,48950	-3
9,49017	-3
9,49083	-3
9,49150	-3
9,49217	-3
9,49283	-3
9,49350	-3
9,49417	-3
9,49483	-3
9,49550	-3
9,49617	-3
9,49683	-3
9,49750	-3
9,49817	-3
9,49883	-3
9,49950	-3
9,50017	-3
9,50083	-3
9,50150	-3
9,50217	-3
9,50283	-2
9,50350	-2
9,50417	-2
9,50483	-2
9,50550	-3
9,50617	-3
9,50683	-3
9,50750	-3
9,50817	-3
9,50883	-3
9,50950	-3
9,51017	-3
9,51083	-3
9,51150	-3
9,51217	-3
9,51283	-3
9,51350	-2
9,51417	-2
9,51483	-2
9,51550	-2
9,51617	-2
9,51683	-3
9,51750	-3
9,51817	-3
9,51883	-3
9,51950	-3
9,52017	-3
9,52083	-2
9,52150	-2
9,52217	-2
9,52283	-2
9,52350	-2
9,52417	-2
9,52483	-2
9,52550	-2
9,52617	-2
9,52683	-2
9,52750	-2
9,52817	-2
9,52883	-2
9,52950	-2
9,53017	-2
9,53083	-2
9,53150	-2
9,53217	-2
9,53283	-2
9,53350	-3
9,53417	-3
9,53483	-3
9,53550	-3
9,53617	-3
9,53683	-3
9,53750	-4
9,53817	-4
9,53883	-4
9,53950	-4
9,54017	-4
9,54083	-4
9,54150	-4
9,54217	-4
9,54283	-4
9,54350	-4
9,54417	-4
9,54483	-4
9,54550	-4
9,54617	-4
9,54683	-4
9,54750	-4
9,54817	-4
9,54883	-5
9,54950	-5
9,55017	-5
9,55083	-5
9,55150	-5
9,55217	-5
9,55283	-5
9,55350	-5
9,55417	-5
9,55483	-5
9,55550	-5
9,55617	-5
9,55683	-5
9,55750	-5
9,55817	-5
9,55883	-5
9,55950	-5
9,56017	-5
9,56083	-5
9,56150	-5
9,56217	-5
9,56283	-5
9,56350	-5
9,56417	-5
9,56483	-4
9,56550	-4
9,56617	-4
9,56683	-4
9,56750	-3
9,56817	-3
9,56883	-3
9,56950	-3
9,57017	-3
9,57083	-3
9,57150	-3
9,57217	-3
9,57283	-3
9,57350	-3
9,57417	-2
9,57483	-2
9,57550	-2
9,57617	-2
9,57683	-3
9,57750	-3
9,57817	-3
9,57883	-3
9,57950	-3
9,58017	-3
9,58083	-3
9,58150	-3
9,58217	-3
9,58283	-3
9,58350	-3
9,58417	-3
9,58483	-2
9,58550	-2
9,58617	-2
9,58683	-2
9,58750	-2
9,58817	-2
9,58883	-2
9,58950	-2
9,59017	-2
9,59083	-2
9,59150	-2
9,59217	-2
9,59283	-3
9,59350	-3
9,59417	-3
9,59483	-3
9,59550	-4
9,59617	-4
9,59683	-4
9,59750	-3
9,59817	-3
9,59883	-3
9,59950	-3
9,60017	-3
9,60083	-3
9,60150	-3
9,60217	-3
9,60283	-3
9,60350	-3
9,60417	-3
9,60483	-3
9,60550	-3
9,60617	-3
9,60683	-3
9,60750	-4
9,60817	-4
9,60883	-4
9,60950	-4
9,61017	-4
9,61083	-4
9,61150	-4
9,61217	-4
9,61283	-4
9,61350	-4
9,61417	-4
9,61483	-3
9,61550	-3
9,61617	-3
9,61683	-3
9,61750	-2
9,61817	-2
9,61883	-2
9,61950	-1
9,62017	-1
9,62083	-1
9,62150	-1
9,62217	-1
9,62283	-0
9,62350	-0
9,62417	-0
9,62483	-0
9,62550	-0
9,62617	-0
9,62683	-0
9,62750	-1
9,62817	-0
9,62883	-0
9,62950	-0
9,63017	0
9,63083	0
9,63150	1
9,63217	1
9,63283	1
9,63350	1
9,63417	1
9,63483	1
9,63550	1
9,63617	0
9,63683	0
9,63750	-0
9,63817	-1
9,63883	-1
9,63950	-1
9,64017	-1
9,64083	-1
9,64150	-1
9,64217	-2
9,64283	-2
9,64350	-2
9,64417	-2
9,64483	-2
9,64550	-3
9,64617	-3
9,64683	-3
9,64750	-3
9,64817	-3
9,64883	-3
9,64950	-3
9,65017	-2
9,65083	-2
9,65150	-2
9,65217	-2
9,65283	-2
9,65350	-2
9,65417	-1
9,65483	-1
9,65550	-1
9,65617	-0
9,65683	-0
9,65750	0
9,65817	0
9,65883	0
9,65950	0
9,66017	0
9,66083	0
9,66150	0
9,66217	0
9,66283	0
9,66350	0
9,66417	0
9,66483	1
9,66550	1
9,66617	1
9,66683	1
9,66750	1
9,66817	1
9,66883	1
9,66950	1
9,67017	1
9,67083	0
9,67150	0
9,67217	0
9,67283	-0
9,67350	-0
9,67417	-1
9,67483	-1
9,67550	-1
9,67617	-1
9,67683	-2
9,67750	-2
9,67817	-2
9,67883	-3
9,67950	-3
9,68017	-3
9,68083	-3
9,68150	-3
9,68217	-3
9,68283	-3
9,68350	-3
9,68417	-3
9,68483	-3
9,68550	-3
9,68617	-3
9,68683	-3
9,68750	-3
9,68817	-3
9,68883	-3
9,68950	-2
9,69017	-2
9,69083	-2
9,69150	-2
9,69217	-1
9,69283	-1
9,69350	-1
9,69417	-1
9,69483	-0
9,69550	-0
9,69617	-0
9,69683	0
9,69750	0
9,69817	0
9,69883	0
9,69950	0
9,70017	-0
9,70083	-0
9,70150	-0
9,70217	-0
9,70283	0
9,70350	0
9,70417	0
9,70483	0
9,70550	0
9,70617	1
9,70683	1
9,70750	1
9,70817	1
9,70883	1
9,70950	0
9,71017	0
9,71083	0
9,71150	0
9,71217	0
9,71283	0
9,71350	0
9,71417	0
9,71483	0
9,71550	0
9,71617	1
9,71683	1
9,71750	1
9,71817	1
9,71883	1
9,71950	1
9,72017	1
9,72083	1
9,72150	1
9,72217	1
9,72283	1
9,72350	1
9,72417	1
9,72483	1
9,72550	1
9,72617	0
9,72683	0
9,72750	0
9,72817	0
9,72883	0
9,72950	0
9,73017	0
9,73083	-0
9,73150	-0
9,73217	-1
9,73283	-1
9,73350	-1
9,73417	-2
9,73483	-2
9,73550	-3
9,73617	-3
9,73683	-3
9,73750	-3
9,73817	-3
9,73883	-3
9,73950	-3
9,74017	-3
9,74083	-3
9,74150	-3
9,74217	-3
9,74283	-4
9,74350	-4
9,74417	-4
9,74483	-4
9,74550	-3
9,74617	-3
9,74683	-3
9,74750	-3
9,74817	-3
9,74883	-3
9,74950	-3
9,75017	-3
9,75083	-3
9,75150	-3
9,75217	-3
9,75283	-3
9,75350	-3
9,75417	-3
9,75483	-3
9,75550	-3
9,75617	-3
9,75683	-3
9,75750	-2
9,75817	-2
9,75883	-2
9,75950	-2
9,76017	-1
9,76083	-1
9,76150	-1
9,76217	-1
9,76283	-1
9,76350	-1
9,76417	-1
9,76483	-1
9,76550	-1
9,76617	-2
9,76683	-2
9,76750	-2
9,76817	-2
9,76883	-2
9,76950	-2
9,77017	-2
9,77083	-2
9,77150	-2
9,77217	-2
9,77283	-1
9,77350	-1
9,77417	-1
9,77483	-1
9,77550	-1
9,77617	-1
9,77683	-1
9,77750	-1
9,77817	-1
9,77883	-1
9,77950	-0
9,78017	-0
9,78083	-0
9,78150	-1
9,78217	-1
9,78283	-1
9,78350	-1
9,78417	-1
9,78483	-1
9,78550	-1
9,78617	-2
9,78683	-2
9,78750	-2
9,78817	-2
9,78883	-2
9,78950	-2
9,79017	-2
9,79083	-2
9,79150	-2
9,79217	-1
9,79283	-1
9,79350	-1
9,79417	-1
9,79483	-1
9,79550	-1
9,79617	-1
9,79683	-1
9,79750	-1
9,79817	-1
9,79883	-0
9,79950	-0
9,80017	-0
9,80083	-0
9,80150	-0
9,80217	-0
9,80283	-0
9,80350	0
9,80417	0
9,80483	-0
9,80550	-0
9,80617	-1
9,80683	-1
9,80750	-1
9,80817	-1
9,80883	-1
9,80950	-1
9,81017	-1
9,81083	-0
9,81150	0
9,81217	0
9,81283	0
9,81350	1
9,81417	1
9,81483	1
9,81550	1
9,81617	2
9,81683	2
9,81750	2
9,81817	2
9,81883	3
9,81950	3
9,82017	3
9,82083	3
9,82150	3
9,82217	3
9,82283	3
9,82350	4
9,82417	3
9,82483	3
9,82550	3
9,82617	3
9,82683	3
9,82750	3
9,82817	3
9,82883	3
9,82950	3
9,83017	3
9,83083	3
9,83150	3
9,83217	3
9,83283	2
9,83350	2
9,83417	2
9,83483	1
9,83550	1
9,83617	1
9,83683	1
9,83750	0
9,83817	0
9,83883	0
9,83950	-0
9,84017	-0
9,84083	-0
9,84150	-0
9,84217	-1
9,84283	-1
9,84350	-1
9,84417	-1
9,84483	-1
9,84550	-1
9,84617	-1
9,84683	-1
9,84750	-1
9,84817	-1
9,84883	-1
9,84950	-0
9,85017	-0
9,85083	-0
9,85150	0
9,85217	0
9,85283	0
9,85350	0
9,85417	0
9,85483	0
9,85550	0
9,85617	0
9,85683	0
9,85750	0
9,85817	0
9,85883	-0
9,85950	-0
9,86017	-0
9,86083	-0
9,86150	-0
9,86217	-0
9,86283	0
9,86350	0
9,86417	0
9,86483	1
9,86550	1
9,86617	1
9,86683	1
9,86750	1
9,86817	1
9,86883	1
9,86950	1
9,87017	1
9,87083	1
9,87150	1
9,87217	1
9,87283	1
9,87350	1
9,87417	1
9,87483	1
9,87550	2
9,87617	2
9,87683	2
9,87750	3
9,87817	3
9,87883	3
9,87950	3
9,88017	3
9,88083	3
9,88150	4
9,88217	4
9,88283	4
9,88350	4
9,88417	4
9,88483	4
9,88550	5
9,88617	5
9,88683	4
9,88750	4
9,88817	4
9,88883	4
9,88950	4
9,89017	3
9,89083	3
9,89150	3
9,89217	3
9,89283	2
9,89350	2
9,89417	2
9,89483	2
9,89550	2
9,89617	1
9,89683	1
9,89750	1
9,89817	1
9,89883	1
9,89950	0
9,90017	0
9,90083	-0
9,90150	-0
9,90217	-0
9,90283	-0
9,90350	-0
9,90417	0
9,90483	0
9,90550	1
9,90617	1
9,90683	1
9,90750	1
9,90817	1
9,90883	1
9,90950	1
9,91017	1
9,91083	0
9,91150	0
9,91217	0
9,91283	0
9,91350	0
9,91417	-0
9,91483	-0
9,91550	-0
9,91617	-1
9,91683	-1
9,91750	-1
9,91817	-0
9,91883	-0
9,91950	0
9,92017	0
9,92083	0
9,92150	0
9,92217	1
9,92283	1
9,92350	1
9,92417	1
9,92483	1
9,92550	1
9,92617	1
9,92683	0
9,92750	0
9,92817	0
9,92883	0
9,92950	0
9,93017	0
9,93083	1
9,93150	1
9,93217	1
9,93283	1
9,93350	1
9,93417	1
9,93483	1
9,93550	1
9,93617	1
9,93683	2
9,93750	2
9,93817	2
9,93883	2
9,93950	3
9,94017	3
9,94083	3
9,94150	3
9,94217	3
9,94283	3
9,94350	3
9,94417	3
9,94483	3
9,94550	3
9,94617	3
9,94683	2
9,94750	2
9,94817	3
9,94883	3
9,94950	3
9,95017	3
9,95083	3
9,95150	3
9,95217	3
9,95283	3
9,95350	3
9,95417	3
9,95483	3
9,95550	3
9,95617	3
9,95683	3
9,95750	3
9,95817	3
9,95883	3
9,95950	3
9,96017	3
9,96083	4
9,96150	4
9,96217	4
9,96283	5
9,96350	5
9,96417	5
9,96483	5
9,96550	5
9,96617	5
9,96683	5
9,96750	5
9,96817	5
9,96883	5
9,96950	5
9,97017	5
9,97083	5
9,97150	5
9,97217	5
9,97283	4
9,97350	4
9,97417	4
9,97483	4
9,97550	4
9,97617	4
9,97683	4
9,97750	4
9,97817	4
9,97883	4
9,97950	4
9,98017	4
9,98083	4
9,98150	4
9,98217	4
9,98283	4
9,98350	4
9,98417	4
9,98483	4
9,98550	4
9,98617	4
9,98683	4
9,98750	4
9,98817	4
9,98883	4
9,98950	4
9,99017	5
9,99083	5
9,99150	5
9,99217	5
9,99283	6
9,99350	6
9,99417	6
9,99483	6
9,99550	7
9,99617	7
9,99683	7
9,99750	7
9,99817	8
9,99883	8
9,99950	8
10,00017	8
10,00083	8
10,00150	8
10,00217	8
10,00283	8
10,00350	8
10,00417	8
10,00483	8
10,00550	8
10,00617	8
10,00683	8
10,00750	8
10,00817	8
10,00883	7
10,00950	7
10,01017	7
10,01083	7
10,01150	7
10,01217	6
10,01283	6
10,01350	6
10,01417	6
10,01483	5
10,01550	5
10,01617	5
10,01683	4
10,01750	4
10,01817	4
10,01883	4
10,01950	4
10,02017	4
10,02083	4
10,02150	3
10,02217	3
10,02283	3
10,02350	4
10,02417	4
10,02483	4
10,02550	4
10,02617	4
10,02683	5
10,02750	5
10,02817	5
10,02883	6
10,02950	6
10,03017	6
10,03083	6
10,03150	6
10,03217	6
10,03283	7
10,03350	7
10,03417	7
10,03483	7
10,03550	7
10,03617	7
10,03683	7
10,03750	7
10,03817	7
10,03883	7
10,03950	7
10,04017	6
10,04083	6
10,04150	6
10,04217	6
10,04283	5
10,04350	5
10,04417	5
10,04483	5
10,04550	5
10,04617	5
10,04683	5
10,04750	5
10,04817	4
10,04883	4
10,04950	4
10,05017	4
10,05083	3
10,05150	3
10,05217	3
10,05283	3
10,05350	3
10,05417	3
10,05483	3
10,05550	3
10,05617	3
10,05683	3
10,05750	3
10,05817	3
10,05883	3
10,05950	3
10,06017	3
10,06083	2
10,06150	2
10,06217	2
10,06283	2
10,06350	2
10,06417	2
10,06483	2
10,06550	2
10,06617	2
10,06683	2
10,06750	2
10,06817	2
10,06883	2
10,06950	2
10,07017	2
10,07083	2
10,07150	2
10,07217	2
10,07283	2
10,07350	2
10,07417	2
10,07483	2
10,07550	2
10,07617	2
10,07683	2
10,07750	3
10,07817	3
10,07883	3
10,07950	4
10,08017	4
10,08083	5
10,08150	5
10,08217	5
10,08283	6
10,08350	6
10,08417	6
10,08483	7
10,08550	7
10,08617	7
10,08683	7
10,08750	8
10,08817	8
10,08883	8
10,08950	8
10,09017	8
10,09083	8
10,09150	8
10,09217	8
10,09283	8
10,09350	8
10,09417	8
10,09483	8
10,09550	8
10,09617	9
10,09683	9
10,09750	8
10,09817	9
10,09883	9
10,09950	9
10,10017	9
10,10083	9
10,10150	9
10,10217	9
10,10283	9
10,10350	9
10,10417	9
10,10483	9
10,10550	9
10,10617	9
10,10683	10
10,10750	10
10,10817	10
10,10883	10
10,10950	11
10,11017	11
10,11083	11
10,11150	11
10,11217	11
10,11283	12
10,11350	12
10,11417	12
10,11483	12
10,11550	12
10,11617	12
10,11683	12
10,11750	12
10,11817	13
10,11883	13
10,11950	13
10,12017	13
10,12083	14
10,12150	14
10,12217	14
10,12283	15
10,12350	15
10,12417	15
10,12483	15
10,12550	15
10,12617	15
10,12683	15
10,12750	15
10,12817	16
10,12883	16
10,12950	16
10,13017	16
10,13083	16
10,13150	17
10,13217	17
10,13283	17
10,13350	17
10,13417	16
10,13483	16
10,13550	16
10,13617	16
10,13683	16
10,13750	16
10,13817	16
10,13883	15
10,13950	15
10,14017	15
10,14083	15
10,14150	15
10,14217	15
10,14283	14
10,14350	14
10,14417	14
10,14483	14
10,14550	14
10,14617	14
10,14683	13
10,14750	13
10,14817	13
10,14883	13
10,14950	13
10,15017	13
10,15083	13
10,15150	13
10,15217	12
10,15283	12
10,15350	12
10,15417	12
10,15483	12
10,15550	12
10,15617	11
10,15683	11
10,15750	10
10,15817	10
10,15883	10
10,15950	10
10,16017	10
10,16083	10
10,16150	10
10,16217	9
10,16283	9
10,16350	9
10,16417	9
10,16483	9
10,16550	10
10,16617	9
10,16683	9
10,16750	9
10,16817	9
10,16883	9
10,16950	9
10,17017	9
10,17083	8
10,17150	8
10,17217	8
10,17283	8
10,17350	8
10,17417	8
10,17483	8
10,17550	7
10,17617	7
10,17683	7
10,17750	7
10,17817	7
10,17883	7
10,17950	7
10,18017	7
10,18083	6
10,18150	6
10,18217	6
10,18283	5
10,18350	5
10,18417	5
10,18483	5
10,18550	5
10,18617	5
10,18683	5
10,18750	5
10,18817	5
10,18883	5
10,18950	5
10,19017	5
10,19083	5
10,19150	5
10,19217	5
10,19283	5
10,19350	5
10,19417	6
10,19483	6
10,19550	6
10,19617	6
10,19683	7
10,19750	7
10,19817	7
10,19883	7
10,19950	8
10,20017	8
10,20083	8
10,20150	8
10,20217	8
10,20283	9
10,20350	9
10,20417	9
10,20483	9
10,20550	9
10,20617	9
10,20683	9
10,20750	10
10,20817	10
10,20883	10
10,20950	10
10,21017	10
10,21083	10
10,21150	10
10,21217	10
10,21283	10
10,21350	9
10,21417	9
10,21483	9
10,21550	9
10,21617	8
10,21683	8
10,21750	8
10,21817	8
10,21883	8
10,21950	8
10,22017	8
10,22083	8
10,22150	8
10,22217	9
10,22283	9
10,22350	9
10,22417	9
10,22483	9
10,22550	9
10,22617	9
10,22683	9
10,22750	9
10,22817	9
10,22883	10
10,22950	10
10,23017	10
10,23083	10
10,23150	10
10,23217	10
10,23283	10
10,23350	10
10,23417	10
10,23483	10
10,23550	11
10,23617	11
10,23683	12
10,23750	12
10,23817	12
10,23883	13
10,23950	13
10,24017	13
10,24083	13
10,24150	13
10,24217	13
10,24283	13
10,24350	13
10,24417	13
10,24483	13
10,24550	13
10,24617	13
10,24683	13
10,24750	13
10,24817	13
10,24883	13
10,24950	13
10,25017	13
10,25083	13
10,25150	13
10,25217	13
10,25283	13
10,25350	12
10,25417	12
10,25483	12
10,25550	12
10,25617	11
10,25683	11
10,25750	11
10,25817	12
10,25883	12
10,25950	12
10,26017	12
10,26083	12
10,26150	12
10,26217	12
10,26283	12
10,26350	12
10,26417	12
10,26483	12
10,26550	12
10,26617	12
10,26683	12
10,26750	12
10,26817	13
10,26883	13
10,26950	13
10,27017	13
10,27083	13
10,27150	13
10,27217	14
10,27283	14
10,27350	13
10,27417	13
10,27483	13
10,27550	13
10,27617	12
10,27683	12
10,27750	12
10,27817	11
10,27883	11
10,27950	11
10,28017	11
10,28083	11
10,28150	11
10,28217	11
10,28283	11
10,28350	11
10,28417	11
10,28483	11
10,28550	10
10,28617	10
10,28683	10
10,28750	10
10,28817	10
10,28883	9
10,28950	9
10,29017	9
10,29083	9
10,29150	9
10,29217	9
10,29283	9
10,29350	9
10,29417	9
10,29483	9
10,29550	9
10,29617	9
10,29683	9
10,29750	9
10,29817	10
10,29883	10
10,29950	10
10,30017	10
10,30083	10
10,30150	11
10,30217	11
10,30283	11
10,30350	11
10,30417	11
10,30483	11
10,30550	11
10,30617	11
10,30683	11
10,30750	10
10,30817	10
10,30883	10
10,30950	10
10,31017	10
10,31083	10
10,31150	10
10,31217	10
10,31283	10
10,31350	10
10,31417	10
10,31483	10
10,31550	10
10,31617	10
10,31683	10
10,31750	10
10,31817	10
10,31883	10
10,31950	10
10,32017	9
10,32083	9
10,32150	10
10,32217	10
10,32283	10
10,32350	10
10,32417	10
10,32483	10
10,32550	10
10,32617	10
10,32683	10
10,32750	10
10,32817	10
10,32883	11
10,32950	11
10,33017	11
10,33083	11
10,33150	10
10,33217	11
10,33283	11
10,33350	11
10,33417	11
10,33483	11
10,33550	11
10,33617	10
10,33683	10
10,33750	10
10,33817	10
10,33883	10
10,33950	10
10,34017	10
10,34083	10
10,34150	10
10,34217	10
10,34283	10
10,34350	10
10,34417	10
10,34483	10
10,34550	10
10,34617	10
10,34683	10
10,34750	10
10,34817	10
10,34883	10
10,34950	10
10,35017	10
10,35083	10
10,35150	10
10,35217	10
10,35283	10
10,35350	10
10,35417	10
10,35483	10
10,35550	10
10,35617	11
10,35683	11
10,35750	11
10,35817	11
10,35883	10
10,35950	10
10,36017	10
10,36083	10
10,36150	10
10,36217	10
10,36283	10
10,36350	10
10,36417	10
10,36483	10
10,36550	9
10,36617	9
10,36683	9
10,36750	10
10,36817	10
10,36883	10
10,36950	10
10,37017	10
10,37083	10
10,37150	10
10,37217	10
10,37283	10
10,37350	10
10,37417	10
10,37483	10
10,37550	10
10,37617	10
10,37683	10
10,37750	10
10,37817	10
10,37883	11
10,37950	11
10,38017	11
10,38083	11
10,38150	11
10,38217	10
10,38283	10
10,38350	10
10,38417	10
10,38483	10
10,38550	10
10,38617	10
10,38683	10
10,38750	10
10,38817	10
10,38883	10
10,38950	10
10,39017	10
10,39083	10
10,39150	10
10,39217	10
10,39283	10
10,39350	10
10,39417	9
10,39483	9
10,39550	9
10,39617	9
10,39683	9
10,39750	9
10,39817	9
10,39883	9
10,39950	9
10,40017	9
10,40083	9
10,40150	9
10,40217	9
10,40283	9
10,40350	9
10,40417	9
10,40483	9
10,40550	9
10,40617	9
10,40683	9
10,40750	10
10,40817	10
10,40883	10
10,40950	11
10,41017	11
10,41083	11
10,41150	11
10,41217	11
10,41283	11
10,41350	11
10,41417	11
10,41483	11
10,41550	11
10,41617	11
10,41683	11
10,41750	11
10,41817	11
10,41883	11
10,41950	11
10,42017	11
10,42083	11
10,42150	11
10,42217	11
10,42283	11
10,42350	11
10,42417	11
10,42483	11
10,42550	12
10,42617	12
10,42683	12
10,42750	12
10,42817	12
10,42883	13
10,42950	13
10,43017	13
10,43083	13
10,43150	13
10,43217	13
10,43283	13
10,43350	12
10,43417	12
10,43483	12
10,43550	11
10,43617	11
10,43683	11
10,43750	11
10,43817	11
10,43883	11
10,43950	11
10,44017	11
10,44083	11
10,44150	11
10,44217	12
10,44283	12
10,44350	12
10,44417	12
10,44483	11
10,44550	11
10,44617	11
10,44683	11
10,44750	11
10,44817	11
10,44883	11
10,44950	11
10,45017	11
10,45083	11
10,45150	11
10,45217	11
10,45283	11
10,45350	11
10,45417	11
10,45483	11
10,45550	11
10,45617	11
10,45683	11
10,45750	12
10,45817	12
10,45883	12
10,45950	12
10,46017	13
10,46083	13
10,46150	13
10,46217	14
10,46283	14
10,46350	15
10,46417	15
10,46483	15
10,46550	15
10,46617	15
10,46683	14
10,46750	14
10,46817	14
10,46883	15
10,46950	15
10,47017	15
10,47083	15
10,47150	15
10,47217	15
10,47283	15
10,47350	15
10,47417	15
10,47483	15
10,47550	15
10,47617	15
10,47683	14
10,47750	14
10,47817	14
10,47883	14
10,47950	14
10,48017	13
10,48083	13
10,48150	13
10,48217	13
10,48283	13
10,48350	12
10,48417	12
10,48483	12
10,48550	12
10,48617	11
10,48683	11
10,48750	11
10,48817	10
10,48883	10
10,48950	10
10,49017	10
10,49083	10
10,49150	10
10,49217	10
10,49283	10
10,49350	10
10,49417	10
10,49483	10
10,49550	10
10,49617	10
10,49683	10
10,49750	10
10,49817	9
10,49883	9
10,49950	9
10,50017	9
10,50083	9
10,50150	9
10,50217	9
10,50283	9
10,50350	9
10,50417	10
10,50483	10
10,50550	10
10,50617	10
10,50683	10
10,50750	10
10,50817	11
10,50883	11
10,50950	11
10,51017	12
10,51083	12
10,51150	12
10,51217	12
10,51283	13
10,51350	13
10,51417	13
10,51483	13
10,51550	13
10,51617	13
10,51683	14
10,51750	14
10,51817	14
10,51883	15
10,51950	15
10,52017	15
10,52083	16
10,52150	16
10,52217	16
10,52283	16
10,52350	16
10,52417	17
10,52483	17
10,52550	17
10,52617	16
10,52683	16
10,52750	16
10,52817	16
10,52883	16
10,52950	16
10,53017	16
10,53083	16
10,53150	16
10,53217	16
10,53283	16
10,53350	16
10,53417	16
10,53483	16
10,53550	16
10,53617	16
10,53683	16
10,53750	16
10,53817	16
10,53883	16
10,53950	16
10,54017	16
10,54083	16
10,54150	16
10,54217	16
10,54283	15
10,54350	15
10,54417	15
10,54483	15
10,54550	15
10,54617	15
10,54683	15
10,54750	15
10,54817	15
10,54883	15
10,54950	16
10,55017	16
10,55083	16
10,55150	16
10,55217	16
10,55283	15
10,55350	15
10,55417	15
10,55483	15
10,55550	15
10,55617	15
10,55683	15
10,55750	15
10,55817	14
10,55883	14
10,55950	14
10,56017	14
10,56083	14
10,56150	14
10,56217	14
10,56283	14
10,56350	14
10,56417	14
10,56483	14
10,56550	14
10,56617	14
10,56683	14
10,56750	14
10,56817	14
10,56883	14
10,56950	14
10,57017	14
10,57083	14
10,57150	14
10,57217	14
10,57283	14
10,57350	14
10,57417	14
10,57483	15
10,57550	15
10,57617	15
10,57683	15
10,57750	16
10,57817	16
10,57883	16
10,57950	17
10,58017	17
10,58083	17
10,58150	17
10,58217	18
10,58283	18
10,58350	18
10,58417	18
10,58483	18
10,58550	17
10,58617	17
10,58683	17
10,58750	17
10,58817	17
10,58883	17
10,58950	17
10,59017	17
10,59083	16
10,59150	16
10,59217	16
10,59283	16
10,59350	16
10,59417	16
10,59483	16
10,59550	15
10,59617	15
10,59683	15
10,59750	15
10,59817	15
10,59883	16
10,59950	16
10,60017	16
10,60083	16
10,60150	17
10,60217	17
10,60283	18
10,60350	18
10,60417	19
10,60483	19
10,60550	19
10,60617	19
10,60683	20
10,60750	20
10,60817	21
10,60883	21
10,60950	21
10,61017	21
10,61083	21
10,61150	21
10,61217	22
10,61283	22
10,61350	22
10,61417	22
10,61483	22
10,61550	22
10,61617	22
10,61683	22
10,61750	22
10,61817	22
10,61883	22
10,61950	22
10,62017	22
10,62083	22
10,62150	22
10,62217	23
10,62283	23
10,62350	23
10,62417	23
10,62483	23
10,62550	23
10,62617	23
10,62683	23
10,62750	23
10,62817	23
10,62883	23
10,62950	23
10,63017	22
10,63083	22
10,63150	22
10,63217	22
10,63283	22
10,63350	22
10,63417	22
10,63483	22
10,63550	22
10,63617	22
10,63683	22
10,63750	22
10,63817	23
10,63883	23
10,63950	23
10,64017	24
10,64083	24
10,64150	25
10,64217	25
10,64283	25
10,64350	26
10,64417	26
10,64483	27
10,64550	27
10,64617	27
10,64683	27
10,64750	27
10,64817	27
10,64883	27
10,64950	27
10,65017	27
10,65083	28
10,65150	28
10,65217	28
10,65283	28
10,65350	28
10,65417	28
10,65483	28
10,65550	28
10,65617	28
10,65683	28
10,65750	28
10,65817	27
10,65883	27
10,65950	27
10,66017	26
10,66083	26
10,66150	26
10,66217	25
10,66283	25
10,66350	25
10,66417	25
10,66483	25
10,66550	25
10,66617	25
10,66683	25
10,66750	25
10,66817	25
10,66883	25
10,66950	25
10,67017	25
10,67083	25
10,67150	25
10,67217	25
10,67283	25
10,67350	25
10,67417	25
10,67483	25
10,67550	25
10,67617	25
10,67683	25
10,67750	25
10,67817	25
10,67883	25
10,67950	25
10,68017	25
10,68083	24
10,68150	24
10,68217	24
10,68283	24
10,68350	24
10,68417	24
10,68483	24
10,68550	24
10,68617	24
10,68683	24
10,68750	23
10,68817	23
10,68883	23
10,68950	23
10,69017	23
10,69083	23
10,69150	23
10,69217	23
10,69283	23
10,69350	23
10,69417	23
10,69483	23
10,69550	23
10,69617	23
10,69683	23
10,69750	24
10,69817	24
10,69883	24
10,69950	24
10,70017	24
10,70083	24
10,70150	25
10,70217	25
10,70283	25
10,70350	25
10,70417	25
10,70483	25
10,70550	25
10,70617	26
10,70683	26
10,70750	26
10,70817	26
10,70883	26
10,70950	26
10,71017	26
10,71083	26
10,71150	26
10,71217	26
10,71283	26
10,71350	25
10,71417	25
10,71483	25
10,71550	25
10,71617	25
10,71683	25
10,71750	25
10,71817	24
10,71883	24
10,71950	24
10,72017	24
10,72083	24
10,72150	24
10,72217	24
10,72283	24
10,72350	24
10,72417	24
10,72483	24
10,72550	24
10,72617	25
10,72683	25
10,72750	25
10,72817	26
10,72883	26
10,72950	26
10,73017	26
10,73083	26
10,73150	27
10,73217	27
10,73283	27
10,73350	26
10,73417	26
10,73483	26
10,73550	26
10,73617	26
10,73683	26
10,73750	26
10,73817	26
10,73883	26
10,73950	26
10,74017	26
10,74083	26
10,74150	27
10,74217	27
10,74283	27
10,74350	27
10,74417	27
10,74483	27
10,74550	27
10,74617	27
10,74683	27
10,74750	27
10,74817	27
10,74883	27
10,74950	27
10,75017	28
10,75083	28
10,75150	28
10,75217	28
10,75283	28
10,75350	28
10,75417	28
10,75483	28
10,75550	28
10,75617	28
10,75683	28
10,75750	28
10,75817	28
10,75883	28
10,75950	27
10,76017	27
10,76083	27
10,76150	27
10,76217	27
10,76283	27
10,76350	27
10,76417	27
10,76483	27
10,76550	26
10,76617	26
10,76683	25
10,76750	25
10,76817	25
10,76883	24
10,76950	24
10,77017	23
10,77083	23
10,77150	23
10,77217	23
10,77283	22
10,77350	22
10,77417	22
10,77483	22
10,77550	22
10,77617	21
10,77683	21
10,77750	21
10,77817	21
10,77883	21
10,77950	21
10,78017	21
10,78083	21
10,78150	21
10,78217	21
10,78283	21
10,78350	21
10,78417	22
10,78483	22
10,78550	22
10,78617	22
10,78683	22
10,78750	22
10,78817	22
10,78883	22
10,78950	22
10,79017	22
10,79083	22
10,79150	22
10,79217	22
10,79283	22
10,79350	21
10,79417	21
10,79483	21
10,79550	21
10,79617	21
10,79683	20
10,79750	20
10,79817	20
10,79883	20
10,79950	20
10,80017	20
10,80083	20
10,80150	20
10,80217	20
10,80283	20
10,80350	21
10,80417	21
10,80483	21
10,80550	21
10,80617	21
10,80683	21
10,80750	21
10,80817	21
10,80883	21
10,80950	21
10,81017	21
10,81083	21
10,81150	21
10,81217	21
10,81283	21
10,81350	21
10,81417	21
10,81483	21
10,81550	21
10,81617	21
10,81683	21
10,81750	20
10,81817	20
10,81883	20
10,81950	20
10,82017	20
10,82083	20
10,82150	20
10,82217	19
10,82283	19
10,82350	19
10,82417	19
10,82483	19
10,82550	19
10,82617	19
10,82683	19
10,82750	19
10,82817	18
10,82883	18
10,82950	18
10,83017	18
10,83083	18
10,83150	18
10,83217	18
10,83283	18
10,83350	18
10,83417	18
10,83483	18
10,83550	18
10,83617	18
10,83683	18
10,83750	18
10,83817	18
10,83883	18
10,83950	18
10,84017	18
10,84083	18
10,84150	18
10,84217	18
10,84283	18
10,84350	18
10,84417	18
10,84483	18
10,84550	19
10,84617	19
10,84683	19
10,84750	19
10,84817	19
10,84883	19
10,84950	19
10,85017	19
10,85083	19
10,85150	19
10,85217	19
10,85283	18
10,85350	18
10,85417	19
10,85483	19
10,85550	19
10,85617	20
10,85683	20
10,85750	20
10,85817	20
10,85883	21
10,85950	21
10,86017	21
10,86083	21
10,86150	21
10,86217	21
10,86283	21
10,86350	21
10,86417	22
10,86483	22
10,86550	22
10,86617	22
10,86683	22
10,86750	22
10,86817	22
10,86883	22
10,86950	22
10,87017	22
10,87083	22
10,87150	22
10,87217	22
10,87283	22
10,87350	22
10,87417	22
10,87483	22
10,87550	22
10,87617	22
10,87683	22
10,87750	22
10,87817	22
10,87883	22
10,87950	22
10,88017	21
10,88083	21
10,88150	21
10,88217	21
10,88283	22
10,88350	22
10,88417	22
10,88483	22
10,88550	22
10,88617	22
10,88683	22
10,88750	22
10,88817	22
10,88883	22
10,88950	22
10,89017	21
10,89083	21
10,89150	21
10,89217	21
10,89283	21
10,89350	21
10,89417	21
10,89483	21
10,89550	21
10,89617	21
10,89683	21
10,89750	21
10,89817	21
10,89883	20
10,89950	20
10,90017	20
10,90083	20
10,90150	19
10,90217	19
10,90283	19
10,90350	19
10,90417	18
10,90483	18
10,90550	18
10,90617	18
10,90683	18
10,90750	18
10,90817	18
10,90883	19
10,90950	19
10,91017	19
10,91083	19
10,91150	19
10,91217	19
10,91283	19
10,91350	19
10,91417	19
10,91483	19
10,91550	19
10,91617	19
10,91683	18
10,91750	18
10,91817	18
10,91883	18
10,91950	18
10,92017	18
10,92083	17
10,92150	17
10,92217	17
10,92283	17
10,92350	17
10,92417	16
10,92483	16
10,92550	16
10,92617	16
10,92683	16
10,92750	16
10,92817	16
10,92883	16
10,92950	16
10,93017	16
10,93083	16
10,93150	16
10,93217	15
10,93283	15
10,93350	15
10,93417	15
10,93483	15
10,93550	15
10,93617	15
10,93683	15
10,93750	15
10,93817	15
10,93883	15
10,93950	15
10,94017	15
10,94083	16
10,94150	16
10,94217	17
10,94283	17
10,94350	18
10,94417	18
10,94483	18
10,94550	19
10,94617	19
10,94683	19
10,94750	19
10,94817	19
10,94883	20
10,94950	20
10,95017	20
10,95083	20
10,95150	20
10,95217	20
10,95283	20
10,95350	20
10,95417	20
10,95483	20
10,95550	20
10,95617	20
10,95683	21
10,95750	21
10,95817	21
10,95883	21
10,95950	21
10,96017	21
10,96083	21
10,96150	21
10,96217	21
10,96283	21
10,96350	21
10,96417	21
10,96483	21
10,96550	21
10,96617	21
10,96683	21
10,96750	20
10,96817	20
10,96883	20
10,96950	20
10,97017	20
10,97083	19
10,97150	19
10,97217	19
10,97283	19
10,97350	18
10,97417	18
10,97483	18
10,97550	18
10,97617	18
10,97683	18
10,97750	18
10,97817	18
10,97883	18
10,97950	18
10,98017	18
10,98083	17
10,98150	17
10,98217	17
10,98283	17
10,98350	17
10,98417	17
10,98483	16
10,98550	16
10,98617	16
10,98683	16
10,98750	15
10,98817	15
10,98883	15
10,98950	15
10,99017	14
10,99083	14
10,99150	14
10,99217	14
10,99283	14
10,99350	14
10,99417	14
10,99483	15
10,99550	15
10,99617	15
10,99683	16
10,99750	16
10,99817	16
10,99883	17
10,99950	17
11,00017	17
11,00083	17
11,00150	17
11,00217	17
11,00283	17
11,00350	17
11,00417	17
11,00483	17
11,00550	17
11,00617	17
11,00683	17
11,00750	17
11,00817	17
11,00883	17
11,00950	17
11,01017	17
11,01083	18
11,01150	18
11,01217	18
11,01283	18
11,01350	18
11,01417	18
11,01483	18
11,01550	18
11,01617	18
11,01683	18
11,01750	19
11,01817	19
11,01883	19
11,01950	19
11,02017	19
11,02083	19
11,02150	18
11,02217	18
11,02283	18
11,02350	18
11,02417	18
11,02483	18
11,02550	18
11,02617	19
11,02683	19
11,02750	19
11,02817	19
11,02883	19
11,02950	19
11,03017	19
11,03083	19
11,03150	19
11,03217	19
11,03283	19
11,03350	19
11,03417	20
11,03483	20
11,03550	20
11,03617	20
11,03683	21
11,03750	21
11,03817	21
11,03883	21
11,03950	22
11,04017	22
11,04083	22
11,04150	22
11,04217	22
11,04283	22
11,04350	22
11,04417	22
11,04483	22
11,04550	22
11,04617	22
11,04683	22
11,04750	22
11,04817	22
11,04883	22
11,04950	22
11,05017	23
11,05083	23
11,05150	23
11,05217	23
11,05283	23
11,05350	23
11,05417	24
11,05483	24
11,05550	24
11,05617	24
11,05683	24
11,05750	25
11,05817	25
11,05883	25
11,05950	25
11,06017	25
11,06083	25
11,06150	25
11,06217	26
11,06283	26
11,06350	26
11,06417	26
11,06483	26
11,06550	26
11,06617	26
11,06683	26
11,06750	26
11,06817	26
11,06883	26
11,06950	26
11,07017	26
11,07083	26
11,07150	26
11,07217	26
11,07283	26
11,07350	26
11,07417	25
11,07483	25
11,07550	25
11,07617	25
11,07683	25
11,07750	25
11,07817	25
11,07883	25
11,07950	25
11,08017	25
11,08083	25
11,08150	25
11,08217	25
11,08283	25
11,08350	25
11,08417	25
11,08483	25
11,08550	25
11,08617	24
11,08683	24
11,08750	24
11,08817	24
11,08883	23
11,08950	23
11,09017	23
11,09083	23
11,09150	23
11,09217	23
11,09283	24
11,09350	24
11,09417	24
11,09483	24
11,09550	25
11,09617	25
11,09683	25
11,09750	25
11,09817	25
11,09883	26
11,09950	26
11,10017	26
11,10083	26
11,10150	26
11,10217	26
11,10283	26
11,10350	26
11,10417	27
11,10483	27
11,10550	27
11,10617	27
11,10683	27
11,10750	27
11,10817	27
11,10883	27
11,10950	27
11,11017	27
11,11083	27
11,11150	28
11,11217	27
11,11283	27
11,11350	27
11,11417	27
11,11483	27
11,11550	27
11,11617	27
11,11683	27
11,11750	27
11,11817	27
11,11883	26
11,11950	26
11,12017	26
11,12083	26
11,12150	26
11,12217	26
11,12283	26
11,12350	26
11,12417	26
11,12483	25
11,12550	25
11,12617	25
11,12683	25
11,12750	25
11,12817	25
11,12883	25
11,12950	25
11,13017	25
11,13083	25
11,13150	24
11,13217	24
11,13283	24
11,13350	24
11,13417	24
11,13483	24
11,13550	24
11,13617	24
11,13683	24
11,13750	24
11,13817	24
11,13883	24
11,13950	24
11,14017	24
11,14083	24
11,14150	24
11,14217	24
11,14283	24
11,14350	25
11,14417	25
11,14483	25
11,14550	25
11,14617	25
11,14683	24
11,14750	24
11,14817	24
11,14883	24
11,14950	24
11,15017	24
11,15083	24
11,15150	25
11,15217	25
11,15283	25
11,15350	26
11,15417	26
11,15483	26
11,15550	26
11,15617	27
11,15683	27
11,15750	27
11,15817	27
11,15883	27
11,15950	28
11,16017	28
11,16083	28
11,16150	28
11,16217	28
11,16283	28
11,16350	28
11,16417	28
11,16483	28
11,16550	29
11,16617	29
11,16683	29
11,16750	29
11,16817	29
11,16883	29
11,16950	30
11,17017	30
11,17083	30
11,17150	30
11,17217	30
11,17283	30
11,17350	30
11,17417	30
11,17483	30
11,17550	30
11,17617	31
11,17683	31
11,17750	31
11,17817	32
11,17883	32
11,17950	33
11,18017	33
11,18083	33
11,18150	33
11,18217	33
11,18283	34
11,18350	34
11,18417	34
11,18483	34
11,18550	34
11,18617	35
11,18683	35
11,18750	35
11,18817	36
11,18883	36
11,18950	36
11,19017	37
11,19083	37
11,19150	37
11,19217	37
11,19283	38
11,19350	38
11,19417	38
11,19483	38
11,19550	38
11,19617	38
11,19683	38
11,19750	38
11,19817	38
11,19883	38
11,19950	38
11,20017	39
11,20083	39
11,20150	39
11,20217	39
11,20283	39
11,20350	40
11,20417	40
11,20483	41
11,20550	41
11,20617	42
11,20683	43
11,20750	43
11,20817	44
11,20883	45
11,20950	46
11,21017	47
11,21083	47
11,21150	48
11,21217	49
11,21283	49
11,21350	50
11,21417	50
11,21483	51
11,21550	51
11,21617	52
11,21683	52
11,21750	53
11,21817	53
11,21883	54
11,21950	55
11,22017	56
11,22083	56
11,22150	57
11,22217	58
11,22283	59
11,22350	59
11,22417	60
11,22483	60
11,22550	61
11,22617	61
11,22683	61
11,22750	61
11,22817	61
11,22883	61
11,22950	61
11,23017	61
11,23083	62
11,23150	62
11,23217	62
11,23283	62
11,23350	62
11,23417	62
11,23483	62
11,23550	62
11,23617	62
11,23683	62
11,23750	62
11,23817	62
11,23883	63
11,23950	63
11,24017	63
11,24083	63
11,24150	64
11,24217	64
11,24283	64
11,24350	64
11,24417	65
11,24483	65
11,24550	65
11,24617	66
11,24683	66
11,24750	67
11,24817	67
11,24883	67
11,24950	68
11,25017	68
11,25083	68
11,25150	68
11,25217	69
11,25283	69
11,25350	69
11,25417	69
11,25483	69
11,25550	69
11,25617	69
11,25683	69
11,25750	69
11,25817	69
11,25883	69
11,25950	69
11,26017	68
11,26083	68
11,26150	68
11,26217	68
11,26283	68
11,26350	68
11,26417	68
11,26483	68
11,26550	68
11,26617	68
11,26683	68
11,26750	68
11,26817	68
11,26883	67
11,26950	67
11,27017	67
11,27083	68
11,27150	68
11,27217	68
11,27283	68
11,27350	68
11,27417	67
11,27483	67
11,27550	67
11,27617	66
11,27683	66
11,27750	65
11,27817	65
11,27883	65
11,27950	64
11,28017	64
11,28083	64
11,28150	64
11,28217	64
11,28283	64
11,28350	64
11,28417	64
11,28483	64
11,28550	64
11,28617	64
11,28683	64
11,28750	64
11,28817	64
11,28883	64
11,28950	65
11,29017	65
11,29083	65
11,29150	65
11,29217	65
11,29283	65
11,29350	66
11,29417	66
11,29483	66
11,29550	66
11,29617	66
11,29683	67
11,29750	67
11,29817	67
11,29883	67
11,29950	67
11,30017	68
11,30083	68
11,30150	68
11,30217	68
11,30283	68
11,30350	69
11,30417	69
11,30483	69
11,30550	69
11,30617	69
11,30683	70
11,30750	70
11,30817	70
11,30883	70
11,30950	70
11,31017	70
11,31083	70
11,31150	71
11,31217	71
11,31283	71
11,31350	72
11,31417	72
11,31483	72
11,31550	72
11,31617	72
11,31683	73
11,31750	73
11,31817	73
11,31883	73
11,31950	72
11,32017	72
11,32083	72
11,32150	72
11,32217	71
11,32283	71
11,32350	71
11,32417	71
11,32483	71
11,32550	70
11,32617	70
11,32683	70
11,32750	69
11,32817	69
11,32883	68
11,32950	68
11,33017	67
11,33083	67
11,33150	66
11,33217	66
11,33283	65
11,33350	65
11,33417	65
11,33483	64
11,33550	64
11,33617	63
11,33683	63
11,33750	63
11,33817	62
11,33883	62
11,33950	62
11,34017	62
11,34083	61
11,34150	61
11,34217	61
11,34283	61
11,34350	60
11,34417	60
11,34483	59
11,34550	59
11,34617	59
11,34683	59
11,34750	58
11,34817	58
11,34883	58
11,34950	58
11,35017	57
11,35083	57
11,35150	57
11,35217	57
11,35283	57
11,35350	57
11,35417	57
11,35483	57
11,35550	57
11,35617	57
11,35683	57
11,35750	57
11,35817	56
11,35883	56
11,35950	56
11,36017	56
11,36083	56
11,36150	55
11,36217	55
11,36283	55
11,36350	55
11,36417	55
11,36483	55
11,36550	56
11,36617	56
11,36683	56
11,36750	56
11,36817	57
11,36883	57
11,36950	57
11,37017	58
11,37083	58
11,37150	59
11,37217	59
11,37283	59
11,37350	60
11,37417	60
11,37483	60
11,37550	60
11,37617	61
11,37683	61
11,37750	61
11,37817	62
11,37883	62
11,37950	62
11,38017	62
11,38083	62
11,38150	63
11,38217	63
11,38283	63
11,38350	63
11,38417	63
11,38483	63
11,38550	63
11,38617	62
11,38683	62
11,38750	62
11,38817	62
11,38883	62
11,38950	63
11,39017	63
11,39083	63
11,39150	63
11,39217	63
11,39283	62
11,39350	62
11,39417	62
11,39483	62
11,39550	61
11,39617	61
11,39683	60
11,39750	60
11,39817	59
11,39883	59
11,39950	59
11,40017	58
11,40083	58
11,40150	58
11,40217	58
11,40283	58
11,40350	58
11,40417	58
11,40483	58
11,40550	58
11,40617	58
11,40683	57
11,40750	57
11,40817	57
11,40883	57
11,40950	57
11,41017	57
11,41083	57
11,41150	57
11,41217	57
11,41283	56
11,41350	56
11,41417	56
11,41483	55
11,41550	55
11,41617	55
11,41683	54
11,41750	54
11,41817	54
11,41883	53
11,41950	53
11,42017	53
11,42083	53
11,42150	53
11,42217	53
11,42283	53
11,42350	53
11,42417	52
11,42483	52
11,42550	52
11,42617	52
11,42683	52
11,42750	52
11,42817	51
11,42883	51
11,42950	51
11,43017	51
11,43083	51
11,43150	51
11,43217	51
11,43283	51
11,43350	51
11,43417	51
11,43483	51
11,43550	51
11,43617	51
11,43683	50
11,43750	50
11,43817	50
11,43883	50
11,43950	50
11,44017	50
11,44083	50
11,44150	50
11,44217	50
11,44283	50
11,44350	50
11,44417	50
11,44483	50
11,44550	50
11,44617	50
11,44683	50
11,44750	50
11,44817	50
11,44883	50
11,44950	50
11,45017	50
11,45083	50
11,45150	49
11,45217	49
11,45283	49
11,45350	49
11,45417	49
11,45483	50
11,45550	50
11,45617	50
11,45683	49
11,45750	49
11,45817	49
11,45883	49
11,45950	49
11,46017	49
11,46083	49
11,46150	49
11,46217	49
11,46283	49
11,46350	49
11,46417	49
11,46483	49
11,46550	49
11,46617	48
11,46683	48
11,46750	48
11,46817	47
11,46883	47
11,46950	46
11,47017	46
11,47083	45
11,47150	45
11,47217	45
11,47283	45
11,47350	45
11,47417	45
11,47483	45
11,47550	45
11,47617	45
11,47683	45
11,47750	45
11,47817	45
11,47883	45
11,47950	44
11,48017	44
11,48083	44
11,48150	44
11,48217	44
11,48283	44
11,48350	44
11,48417	43
11,48483	44
11,48550	44
11,48617	44
11,48683	44
11,48750	44
11,48817	44
11,48883	45
11,48950	45
11,49017	45
11,49083	45
11,49150	45
11,49217	45
11,49283	45
11,49350	45
11,49417	45
11,49483	45
11,49550	45
11,49617	46
11,49683	46
11,49750	46
11,49817	47
11,49883	47
11,49950	47
11,50017	47
11,50083	48
11,50150	48
11,50217	48
11,50283	48
11,50350	48
11,50417	47
11,50483	47
11,50550	47
11,50617	48
11,50683	48
11,50750	48
11,50817	48
11,50883	48
11,50950	48
11,51017	48
11,51083	48
11,51150	48
11,51217	48
11,51283	47
11,51350	47
11,51417	47
11,51483	46
11,51550	46
11,51617	46
11,51683	46
11,51750	45
11,51817	45
11,51883	45
11,51950	45
11,52017	45
11,52083	44
11,52150	44
11,52217	44
11,52283	44
11,52350	44
11,52417	44
11,52483	45
11,52550	45
11,52617	45
11,52683	45
11,52750	45
11,52817	45
11,52883	45
11,52950	45
11,53017	44
11,53083	44
11,53150	44
11,53217	44
11,53283	44
11,53350	44
11,53417	44
11,53483	44
11,53550	44
11,53617	44
11,53683	44
11,53750	44
11,53817	44
11,53883	44
11,53950	44
11,54017	44
11,54083	44
11,54150	43
11,54217	43
11,54283	43
11,54350	43
11,54417	43
11,54483	43
11,54550	43
11,54617	43
11,54683	42
11,54750	42
11,54817	42
11,54883	42
11,54950	42
11,55017	41
11,55083	41
11,55150	41
11,55217	41
11,55283	40
11,55350	40
11,55417	40
11,55483	40
11,55550	40
11,55617	39
11,55683	39
11,55750	39
11,55817	38
11,55883	38
11,55950	38
11,56017	37
11,56083	37
11,56150	37
11,56217	36
11,56283	36
11,56350	36
11,56417	36
11,56483	36
11,56550	35
11,56617	35
11,56683	35
11,56750	35
11,56817	35
11,56883	35
11,56950	35
11,57017	35
11,57083	35
11,57150	35
11,57217	35
11,57283	35
11,57350	35
11,57417	35
11,57483	35
11,57550	35
11,57617	35
11,57683	35
11,57750	36
11,57817	36
11,57883	36
11,57950	37
11,58017	37
11,58083	38
11,58150	38
11,58217	38
11,58283	39
11,58350	39
11,58417	39
11,58483	39
11,58550	39
11,58617	39
11,58683	39
11,58750	39
11,58817	39
11,58883	39
11,58950	40
11,59017	40
11,59083	40
11,59150	41
11,59217	41
11,59283	41
11,59350	42
11,59417	42
11,59483	42
11,59550	42
11,59617	42
11,59683	43
11,59750	43
11,59817	43
11,59883	43
11,59950	43
11,60017	43
11,60083	43
11,60150	43
11,60217	43
11,60283	42
11,60350	42
11,60417	42
11,60483	42
11,60550	42
11,60617	42
11,60683	42
11,60750	42
11,60817	42
11,60883	42
11,60950	42
11,61017	42
11,61083	42
11,61150	42
11,61217	42
11,61283	42
11,61350	42
11,61417	42
11,61483	42
11,61550	42
11,61617	42
11,61683	42
11,61750	42
11,61817	42
11,61883	42
11,61950	41
11,62017	41
11,62083	40
11,62150	40
11,62217	40
11,62283	40
11,62350	39
11,62417	39
11,62483	39
11,62550	39
11,62617	39
11,62683	39
11,62750	39
11,62817	39
11,62883	40
11,62950	40
11,63017	40
11,63083	40
11,63150	40
11,63217	40
11,63283	40
11,63350	40
11,63417	41
11,63483	41
11,63550	41
11,63617	41
11,63683	41
11,63750	41
11,63817	42
11,63883	42
11,63950	42
11,64017	42
11,64083	42
11,64150	42
11,64217	43
11,64283	43
11,64350	43
11,64417	43
11,64483	43
11,64550	43
11,64617	43
11,64683	43
11,64750	43
11,64817	43
11,64883	43
11,64950	43
11,65017	42
11,65083	42
11,65150	42
11,65217	42
11,65283	41
11,65350	41
11,65417	40
11,65483	40
11,65550	40
11,65617	40
11,65683	40
11,65750	40
11,65817	39
11,65883	39
11,65950	39
11,66017	39
11,66083	39
11,66150	39
11,66217	39
11,66283	38
11,66350	38
11,66417	38
11,66483	38
11,66550	37
11,66617	37
11,66683	37
11,66750	37
11,66817	37
11,66883	36
11,66950	36
11,67017	36
11,67083	36
11,67150	36
11,67217	36
11,67283	36
11,67350	35
11,67417	36
11,67483	36
11,67550	36
11,67617	36
11,67683	36
11,67750	36
11,67817	36
11,67883	37
11,67950	37
11,68017	37
11,68083	37
11,68150	38
11,68217	38
11,68283	38
11,68350	38
11,68417	38
11,68483	38
11,68550	38
11,68617	38
11,68683	39
11,68750	39
11,68817	39
11,68883	40
11,68950	40
11,69017	41
11,69083	41
11,69150	42
11,69217	42
11,69283	42
11,69350	42
11,69417	42
11,69483	42
11,69550	43
11,69617	43
11,69683	43
11,69750	43
11,69817	44
11,69883	44
11,69950	44
11,70017	44
11,70083	45
11,70150	45
11,70217	45
11,70283	45
11,70350	45
11,70417	45
11,70483	46
11,70550	46
11,70617	46
11,70683	46
11,70750	46
11,70817	46
11,70883	46
11,70950	46
11,71017	46
11,71083	46
11,71150	46
11,71217	46
11,71283	46
11,71350	45
11,71417	45
11,71483	45
11,71550	45
11,71617	44
11,71683	44
11,71750	44
11,71817	44
11,71883	44
11,71950	44
11,72017	44
11,72083	44
11,72150	44
11,72217	44
11,72283	44
11,72350	44
11,72417	44
11,72483	44
11,72550	44
11,72617	44
11,72683	44
11,72750	44
11,72817	44
11,72883	43
11,72950	43
11,73017	43
11,73083	43
11,73150	43
11,73217	43
11,73283	43
11,73350	43
11,73417	43
11,73483	43
11,73550	43
11,73617	42
11,73683	42
11,73750	42
11,73817	42
11,73883	42
11,73950	42
11,74017	42
11,74083	42
11,74150	42
11,74217	42
11,74283	41
11,74350	41
11,74417	41
11,74483	41
11,74550	40
11,74617	40
11,74683	40
11,74750	40
11,74817	39
11,74883	39
11,74950	39
11,75017	39
11,75083	39
11,75150	39
11,75217	39
11,75283	39
11,75350	39
11,75417	39
11,75483	39
11,75550	39
11,75617	39
11,75683	39
11,75750	39
11,75817	39
11,75883	39
11,75950	39
11,76017	39
11,76083	39
11,76150	39
11,76217	39
11,76283	39
11,76350	39
11,76417	39
11,76483	40
11,76550	40
11,76617	40
11,76683	40
11,76750	40
11,76817	39
11,76883	39
11,76950	39
11,77017	39
11,77083	39
11,77150	39
11,77217	39
11,77283	39
11,77350	39
11,77417	39
11,77483	39
11,77550	39
11,77617	39
11,77683	39
11,77750	38
11,77817	38
11,77883	38
11,77950	38
11,78017	38
11,78083	38
11,78150	38
11,78217	38
11,78283	38
11,78350	38
11,78417	38
11,78483	38
11,78550	38
11,78617	38
11,78683	38
11,78750	38
11,78817	38
11,78883	37
11,78950	37
11,79017	37
11,79083	37
11,79150	37
11,79217	37
11,79283	38
11,79350	38
11,79417	38
11,79483	38
11,79550	38
11,79617	38
11,79683	39
11,79750	39
11,79817	39
11,79883	39
11,79950	39
11,80017	39
11,80083	40
11,80150	40
11,80217	40
11,80283	40
11,80350	40
11,80417	40
11,80483	40
11,80550	40
11,80617	40
11,80683	40
11,80750	40
11,80817	40
11,80883	40
11,80950	40
11,81017	40
11,81083	40
11,81150	40
11,81217	40
11,81283	40
11,81350	40
11,81417	41
11,81483	41
11,81550	41
11,81617	41
11,81683	41
11,81750	41
11,81817	41
11,81883	41
11,81950	41
11,82017	42
11,82083	42
11,82150	42
11,82217	43
11,82283	43
11,82350	43
11,82417	44
11,82483	44
11,82550	44
11,82617	44
11,82683	44
11,82750	45
11,82817	45
11,82883	45
11,82950	45
11,83017	45
11,83083	45
11,83150	45
11,83217	45
11,83283	45
11,83350	45
11,83417	45
11,83483	45
11,83550	45
11,83617	45
11,83683	45
11,83750	45
11,83817	45
11,83883	45
11,83950	45
11,84017	44
11,84083	44
11,84150	44
11,84217	44
11,84283	43
11,84350	43
11,84417	43
11,84483	43
11,84550	43
11,84617	43
11,84683	42
11,84750	42
11,84817	42
11,84883	42
11,84950	41
11,85017	41
11,85083	41
11,85150	41
11,85217	41
11,85283	40
11,85350	40
11,85417	40
11,85483	40
11,85550	39
11,85617	39
11,85683	39
11,85750	39
11,85817	39
11,85883	40
11,85950	40
11,86017	40
11,86083	39
11,86150	39
11,86217	39
11,86283	39
11,86350	39
11,86417	39
11,86483	38
11,86550	38
11,86617	38
11,86683	38
11,86750	38
11,86817	38
11,86883	38
11,86950	38
11,87017	39
11,87083	39
11,87150	39
11,87217	39
11,87283	39
11,87350	40
11,87417	40
11,87483	40
11,87550	40
11,87617	40
11,87683	40
11,87750	40
11,87817	39
11,87883	39
11,87950	39
11,88017	39
11,88083	39
11,88150	39
11,88217	39
11,88283	39
11,88350	39
11,88417	39
11,88483	38
11,88550	38
11,88617	38
11,88683	38
11,88750	38
11,88817	38
11,88883	38
11,88950	38
11,89017	38
11,89083	38
11,89150	38
11,89217	39
11,89283	39
11,89350	38
11,89417	38
11,89483	38
11,89550	38
11,89617	38
11,89683	37
11,89750	37
11,89817	38
11,89883	38
11,89950	38
11,90017	38
11,90083	39
11,90150	39
11,90217	40
11,90283	40
11,90350	41
11,90417	41
11,90483	42
11,90550	43
11,90617	44
11,90683	44
11,90750	45
11,90817	46
11,90883	47
11,90950	47
11,91017	48
11,91083	49
11,91150	50
11,91217	51
11,91283	52
11,91350	53
11,91417	54
11,91483	55
11,91550	56
11,91617	57
11,91683	58
11,91750	59
11,91817	60
11,91883	60
11,91950	61
11,92017	61
11,92083	62
11,92150	62
11,92217	63
11,92283	63
11,92350	63
11,92417	64
11,92483	64
11,92550	65
11,92617	65
11,92683	65
11,92750	65
11,92817	66
11,92883	66
11,92950	66
11,93017	66
11,93083	66
11,93150	66
11,93217	66
11,93283	66
11,93350	66
11,93417	66
11,93483	65
11,93550	65
11,93617	65
11,93683	65
11,93750	65
11,93817	65
11,93883	65
11,93950	64
11,94017	64
11,94083	64
11,94150	64
11,94217	63
11,94283	63
11,94350	63
11,94417	63
11,94483	63
11,94550	63
11,94617	63
11,94683	62
11,94750	62
11,94817	62
11,94883	62
11,94950	62
11,95017	62
11,95083	62
11,95150	62
11,95217	62
11,95283	62
11,95350	62
11,95417	62
11,95483	62
11,95550	62
11,95617	62
11,95683	62
11,95750	62
11,95817	62
11,95883	62
11,95950	62
11,96017	61
11,96083	61
11,96150	61
11,96217	61
11,96283	60
11,96350	60
11,96417	60
11,96483	59
11,96550	59
11,96617	59
11,96683	58
11,96750	58
11,96817	58
11,96883	58
11,96950	58
11,97017	58
11,97083	58
11,97150	58
11,97217	58
11,97283	58
11,97350	58
11,97417	58
11,97483	58
11,97550	58
11,97617	59
11,97683	59
11,97750	59
11,97817	60
11,97883	60
11,97950	60
11,98017	60
11,98083	60
11,98150	60
11,98217	60
11,98283	59
11,98350	59
11,98417	59
11,98483	59
11,98550	59
11,98617	59
11,98683	59
11,98750	59
11,98817	59
11,98883	59
11,98950	58
11,99017	58
11,99083	58
11,99150	58
11,99217	58
11,99283	58
11,99350	58
11,99417	58
11,99483	58
11,99550	58
11,99617	58
11,99683	59
11,99750	59
11,99817	59
11,99883	59
11,99950	60
12,00017	60
12,00083	60
12,00150	60
12,00217	60
12,00283	60
12,00350	60
12,00417	60
12,00483	60
12,00550	60
12,00617	60
12,00683	60
12,00750	60
12,00817	60
12,00883	60
12,00950	60
12,01017	60
12,01083	60
12,01150	60
12,01217	60
12,01283	59
12,01350	59
12,01417	59
12,01483	59
12,01550	59
12,01617	59
12,01683	59
12,01750	58
12,01817	58
12,01883	59
12,01950	59
12,02017	59
12,02083	59
12,02150	59
12,02217	59
12,02283	60
12,02350	60
12,02417	60
12,02483	60
12,02550	61
12,02617	61
12,02683	61
12,02750	61
12,02817	61
12,02883	61
12,02950	61
12,03017	61
12,03083	60
12,03150	60
12,03217	60
12,03283	60
12,03350	60
12,03417	60
12,03483	60
12,03550	60
12,03617	60
12,03683	61
12,03750	61
12,03817	61
12,03883	61
12,03950	62
12,04017	62
12,04083	62
12,04150	62
12,04217	62
12,04283	62
12,04350	62
12,04417	62
12,04483	62
12,04550	62
12,04617	62
12,04683	62
12,04750	63
12,04817	63
12,04883	63
12,04950	63
12,05017	63
12,05083	63
12,05150	63
12,05217	63
12,05283	63
12,05350	63
12,05417	63
12,05483	63
12,05550	63
12,05617	63
12,05683	63
12,05750	63
12,05817	64
12,05883	64
12,05950	64
12,06017	64
12,06083	65
12,06150	65
12,06217	65
12,06283	65
12,06350	66
12,06417	66
12,06483	66
12,06550	66
12,06617	66
12,06683	67
12,06750	67
12,06817	67
12,06883	67
12,06950	67
12,07017	67
12,07083	67
12,07150	67
12,07217	67
12,07283	67
12,07350	67
12,07417	67
12,07483	66
12,07550	66
12,07617	66
12,07683	66
12,07750	66
12,07817	65
12,07883	65
12,07950	65
12,08017	65
12,08083	65
12,08150	65
12,08217	66
12,08283	66
12,08350	66
12,08417	66
12,08483	66
12,08550	66
12,08617	66
12,08683	66
12,08750	66
12,08817	66
12,08883	65
12,08950	65
12,09017	65
12,09083	64
12,09150	64
12,09217	63
12,09283	63
12,09350	63
12,09417	62
12,09483	62
12,09550	62
12,09617	62
12,09683	61
12,09750	61
12,09817	61
12,09883	61
12,09950	61
12,10017	60
12,10083	60
12,10150	60
12,10217	60
12,10283	60
12,10350	60
12,10417	60
12,10483	60
12,10550	60
12,10617	60
12,10683	60
12,10750	59
12,10817	59
12,10883	58
12,10950	58
12,11017	57
12,11083	56
12,11150	56
12,11217	55
12,11283	55
12,11350	54
12,11417	54
12,11483	54
12,11550	54
12,11617	54
12,11683	53
12,11750	53
12,11817	53
12,11883	53
12,11950	53
12,12017	53
12,12083	53
12,12150	53
12,12217	53
12,12283	53
12,12350	53
12,12417	54
12,12483	54
12,12550	54
12,12617	54
12,12683	54
12,12750	53
12,12817	53
12,12883	53
12,12950	53
12,13017	52
12,13083	52
12,13150	52
12,13217	51
12,13283	51
12,13350	51
12,13417	50
12,13483	50
12,13550	50
12,13617	50
12,13683	50
12,13750	50
12,13817	50
12,13883	50
12,13950	50
12,14017	50
12,14083	50
12,14150	50
12,14217	50
12,14283	50
12,14350	51
12,14417	51
12,14483	51
12,14550	51
12,14617	51
12,14683	51
12,14750	51
12,14817	50
12,14883	50
12,14950	50
12,15017	50
12,15083	49
12,15150	49
12,15217	49
12,15283	49
12,15350	48
12,15417	48
12,15483	48
12,15550	48
12,15617	48
12,15683	48
12,15750	48
12,15817	48
12,15883	48
12,15950	48
12,16017	49
12,16083	49
12,16150	49
12,16217	49
12,16283	49
12,16350	50
12,16417	50
12,16483	50
12,16550	50
12,16617	51
12,16683	51
12,16750	51
12,16817	51
12,16883	52
12,16950	52
12,17017	52
12,17083	52
12,17150	52
12,17217	52
12,17283	52
12,17350	52
12,17417	52
12,17483	52
12,17550	52
12,17617	52
12,17683	52
12,17750	53
12,17817	53
12,17883	53
12,17950	53
12,18017	53
12,18083	53
12,18150	53
12,18217	53
12,18283	53
12,18350	53
12,18417	53
12,18483	52
12,18550	52
12,18617	52
12,18683	53
12,18750	53
12,18817	52
12,18883	52
12,18950	52
12,19017	52
12,19083	52
12,19150	52
12,19217	51
12,19283	51
12,19350	51
12,19417	50
12,19483	50
12,19550	50
12,19617	50
12,19683	49
12,19750	49
12,19817	49
12,19883	49
12,19950	49
12,20017	49
12,20083	49
12,20150	49
12,20217	49
12,20283	48
12,20350	48
12,20417	48
12,20483	48
12,20550	48
12,20617	47
12,20683	47
12,20750	47
12,20817	47
12,20883	47
12,20950	47
12,21017	48
12,21083	48
12,21150	48
12,21217	48
12,21283	48
12,21350	48
12,21417	48
12,21483	48
12,21550	48
12,21617	48
12,21683	48
12,21750	48
12,21817	47
12,21883	47
12,21950	47
12,22017	47
12,22083	46
12,22150	46
12,22217	46
12,22283	46
12,22350	46
12,22417	46
12,22483	46
12,22550	46
12,22617	46
12,22683	47
12,22750	47
12,22817	47
12,22883	47
12,22950	47
12,23017	47
12,23083	47
12,23150	47
12,23217	47
12,23283	47
12,23350	48
12,23417	48
12,23483	48
12,23550	48
12,23617	49
12,23683	49
12,23750	49
12,23817	49
12,23883	49
12,23950	49
12,24017	49
12,24083	49
12,24150	49
12,24217	48
12,24283	48
12,24350	48
12,24417	48
12,24483	48
12,24550	48
12,24617	48
12,24683	48
12,24750	48
12,24817	47
12,24883	47
12,24950	47
12,25017	47
12,25083	46
12,25150	46
12,25217	46
12,25283	46
12,25350	46
12,25417	45
12,25483	45
12,25550	45
12,25617	44
12,25683	44
12,25750	44
12,25817	44
12,25883	44
12,25950	44
12,26017	43
12,26083	43
12,26150	43
12,26217	43
12,26283	43
12,26350	42
12,26417	42
12,26483	42
12,26550	41
12,26617	41
12,26683	41
12,26750	41
12,26817	41
12,26883	41
12,26950	40
12,27017	40
12,27083	40
12,27150	40
12,27217	40
12,27283	40
12,27350	40
12,27417	41
12,27483	41
12,27550	41
12,27617	41
12,27683	42
12,27750	42
12,27817	42
12,27883	42
12,27950	42
12,28017	42
12,28083	42
12,28150	41
12,28217	41
12,28283	41
12,28350	41
12,28417	41
12,28483	40
12,28550	40
12,28617	40
12,28683	40
12,28750	40
12,28817	40
12,28883	41
12,28950	41
12,29017	41
12,29083	41
12,29150	41
12,29217	41
12,29283	41
12,29350	41
12,29417	40
12,29483	40
12,29550	40
12,29617	40
12,29683	40
12,29750	40
12,29817	40
12,29883	40
12,29950	39
12,30017	39
12,30083	39
12,30150	39
12,30217	38
12,30283	38
12,30350	38
12,30417	38
12,30483	38
12,30550	38
12,30617	38
12,30683	37
12,30750	37
12,30817	37
12,30883	37
12,30950	37
12,31017	37
12,31083	37
12,31150	37
12,31217	36
12,31283	36
12,31350	36
12,31417	35
12,31483	35
12,31550	35
12,31617	35
12,31683	34
12,31750	34
12,31817	34
12,31883	34
12,31950	34
12,32017	34
12,32083	34
12,32150	34
12,32217	34
12,32283	34
12,32350	34
12,32417	34
12,32483	35
12,32550	35
12,32617	35
12,32683	35
12,32750	35
12,32817	35
12,32883	36
12,32950	36
12,33017	36
12,33083	36
12,33150	36
12,33217	36
12,33283	36
12,33350	36
12,33417	36
12,33483	37
12,33550	37
12,33617	38
12,33683	38
12,33750	38
12,33817	39
12,33883	40
12,33950	40
12,34017	40
12,34083	41
12,34150	41
12,34217	41
12,34283	42
12,34350	42
12,34417	42
12,34483	42
12,34550	42
12,34617	43
12,34683	43
12,34750	43
12,34817	43
12,34883	43
12,34950	43
12,35017	43
12,35083	44
12,35150	44
12,35217	44
12,35283	45
12,35350	45
12,35417	45
12,35483	44
12,35550	44
12,35617	44
12,35683	44
12,35750	43
12,35817	43
12,35883	43
12,35950	43
12,36017	43
12,36083	43
12,36150	43
12,36217	43
12,36283	43
12,36350	43
12,36417	43
12,36483	44
12,36550	44
12,36617	44
12,36683	44
12,36750	44
12,36817	44
12,36883	45
12,36950	45
12,37017	45
12,37083	45
12,37150	45
12,37217	46
12,37283	46
12,37350	46
12,37417	47
12,37483	47
12,37550	47
12,37617	47
12,37683	47
12,37750	47
12,37817	47
12,37883	47
12,37950	47
12,38017	47
12,38083	47
12,38150	47
12,38217	47
12,38283	47
12,38350	47
12,38417	47
12,38483	46
12,38550	46
12,38617	46
12,38683	45
12,38750	45
12,38817	45
12,38883	44
12,38950	44
12,39017	44
12,39083	44
12,39150	44
12,39217	43
12,39283	43
12,39350	43
12,39417	43
12,39483	43
12,39550	43
12,39617	43
12,39683	42
12,39750	42
12,39817	42
12,39883	42
12,39950	42
12,40017	42
12,40083	42
12,40150	42
12,40217	42
12,40283	42
12,40350	42
12,40417	42
12,40483	42
12,40550	42
12,40617	42
12,40683	42
12,40750	42
12,40817	42
12,40883	42
12,40950	42
12,41017	41
12,41083	41
12,41150	41
12,41217	41
12,41283	41
12,41350	40
12,41417	40
12,41483	40
12,41550	40
12,41617	40
12,41683	41
12,41750	41
12,41817	41
12,41883	41
12,41950	41
12,42017	41
12,42083	41
12,42150	41
12,42217	41
12,42283	41
12,42350	41
12,42417	41
12,42483	41
12,42550	41
12,42617	40
12,42683	40
12,42750	40
12,42817	40
12,42883	40
12,42950	40
12,43017	40
12,43083	39
12,43150	39
12,43217	39
12,43283	38
12,43350	38
12,43417	38
12,43483	38
12,43550	38
12,43617	38
12,43683	38
12,43750	38
12,43817	38
12,43883	38
12,43950	38
12,44017	38
12,44083	38
12,44150	38
12,44217	38
12,44283	38
12,44350	38
12,44417	38
12,44483	37
12,44550	37
12,44617	37
12,44683	37
12,44750	38
12,44817	38
12,44883	38
12,44950	38
12,45017	38
12,45083	38
12,45150	38
12,45217	39
12,45283	39
12,45350	39
12,45417	39
12,45483	38
12,45550	38
12,45617	38
12,45683	38
12,45750	38
12,45817	38
12,45883	38
12,45950	38
12,46017	38
12,46083	38
12,46150	37
12,46217	37
12,46283	37
12,46350	37
12,46417	36
12,46483	36
12,46550	36
12,46617	36
12,46683	36
12,46750	36
12,46817	36
12,46883	36
12,46950	36
12,47017	36
12,47083	36
12,47150	36
12,47217	35
12,47283	35
12,47350	35
12,47417	35
12,47483	35
12,47550	35
12,47617	35
12,47683	35
12,47750	35
12,47817	35
12,47883	35
12,47950	34
12,48017	34
12,48083	34
12,48150	34
12,48217	34
12,48283	34
12,48350	35
12,48417	35
12,48483	35
12,48550	36
12,48617	36
12,48683	36
12,48750	37
12,48817	37
12,48883	37
12,48950	37
12,49017	37
12,49083	38
12,49150	38
12,49217	38
12,49283	38
12,49350	38
12,49417	38
12,49483	38
12,49550	38
12,49617	38
12,49683	38
12,49750	38
12,49817	39
12,49883	39
12,49950	39
12,50017	39
12,50083	39
12,50150	39
12,50217	39
12,50283	38
12,50350	38
12,50417	38
12,50483	38
12,50550	38
12,50617	38
12,50683	38
12,50750	38
12,50817	38
12,50883	38
12,50950	39
12,51017	39
12,51083	39
12,51150	39
12,51217	39
12,51283	39
12,51350	40
12,51417	40
12,51483	40
12,51550	40
12,51617	40
12,51683	40
12,51750	40
12,51817	40
12,51883	40
12,51950	41
12,52017	41
12,52083	41
12,52150	41
12,52217	42
12,52283	42
12,52350	42
12,52417	42
12,52483	43
12,52550	43
12,52617	43
12,52683	44
12,52750	44
12,52817	44
12,52883	44
12,52950	45
12,53017	45
12,53083	45
12,53150	45
12,53217	46
12,53283	46
12,53350	46
12,53417	46
12,53483	46
12,53550	45
12,53617	45
12,53683	45
12,53750	45
12,53817	45
12,53883	45
12,53950	45
12,54017	45
12,54083	44
12,54150	44
12,54217	44
12,54283	44
12,54350	44
12,54417	44
12,54483	44
12,54550	43
12,54617	43
12,54683	42
12,54750	42
12,54817	42
12,54883	42
12,54950	41
12,55017	41
12,55083	41
12,55150	41
12,55217	41
12,55283	41
12,55350	41
12,55417	41
12,55483	41
12,55550	40
12,55617	40
12,55683	40
12,55750	39
12,55817	39
12,55883	39
12,55950	38
12,56017	38
12,56083	38
12,56150	38
12,56217	38
12,56283	38
12,56350	37
12,56417	37
12,56483	37
12,56550	37
12,56617	37
12,56683	37
12,56750	37
12,56817	37
12,56883	37
12,56950	37
12,57017	37
12,57083	37
12,57150	37
12,57217	37
12,57283	37
12,57350	37
12,57417	37
12,57483	37
12,57550	37
12,57617	37
12,57683	36
12,57750	36
12,57817	36
12,57883	36
12,57950	36
12,58017	36
12,58083	36
12,58150	36
12,58217	36
12,58283	36
12,58350	35
12,58417	35
12,58483	35
12,58550	35
12,58617	35
12,58683	35
12,58750	35
12,58817	35
12,58883	35
12,58950	35
12,59017	35
12,59083	35
12,59150	35
12,59217	35
12,59283	35
12,59350	35
12,59417	35
12,59483	35
12,59550	35
12,59617	35
12,59683	35
12,59750	35
12,59817	35
12,59883	35
12,59950	34
12,60017	34
12,60083	34
12,60150	34
12,60217	34
12,60283	34
12,60350	34
12,60417	34
12,60483	34
12,60550	34
12,60617	33
12,60683	33
12,60750	33
12,60817	33
12,60883	33
12,60950	32
12,61017	32
12,61083	32
12,61150	32
12,61217	32
12,61283	32
12,61350	32
12,61417	32
12,61483	33
12,61550	33
12,61617	33
12,61683	33
12,61750	33
12,61817	33
12,61883	33
12,61950	33
12,62017	33
12,62083	33
12,62150	32
12,62217	32
12,62283	32
12,62350	31
12,62417	31
12,62483	31
12,62550	31
12,62617	30
12,62683	30
12,62750	30
12,62817	30
12,62883	30
12,62950	30

