[Header]
Application Name	LabSolutions
Version	5.97
Data File Name	G:\GC data\Mara\MWH_022\MWH_022_t22h_16.03.2026_19.gcd
Output Date	09.04.2026
Output Time	10:50:00

[File Information]
Type	Data File
Generated	16.03.2026 13:38:01
Generated by	System Administrator
Modified	09.04.2026 10:50:00
Modified by	System Administrator

[Sample Information]
Operator Name	System Administrator
Acquired	16.03.2026 13:41:15
Sample Type	0:Unknown
Level	1
Sample Name	MWH_022_t22h
Sample ID	
ISTD Amount1	1
ISTD Amount2	1
ISTD Amount3	1
ISTD Amount4	1
ISTD Amount5	1
ISTD Amount6	1
ISTD Amount7	1
ISTD Amount8	1
ISTD Amount9	1
ISTD Amount10	1
ISTD Amount11	1
ISTD Amount12	1
ISTD Amount13	1
ISTD Amount14	1
ISTD Amount15	1
ISTD Amount16	1
ISTD Amount17	1
ISTD Amount18	1
ISTD Amount19	1
ISTD Amount20	1
ISTD Amount21	1
ISTD Amount22	1
ISTD Amount23	1
ISTD Amount24	1
ISTD Amount25	1
ISTD Amount26	1
ISTD Amount27	1
ISTD Amount28	1
ISTD Amount29	1
ISTD Amount30	1
ISTD Amount31	1
ISTD Amount32	1
Sample Amount	1
Dilution Factor	1
Vial#	17
Injection Volume	0,2
Injection Count	1
Bar Code	

[Original Files]
Data File	G:\GC data\Mara\MWH_022_t22h_16.03.2026_19.gcd
Method File	G:\GC data\MWH3_60-150-200_0-2uL_split50.gcm
Batch File	G:\GC data\Mara\wash_2026-16_03.gcb
Report Format File	c:\LabSolutions\System\DEFAULT.lsr

[File Description]


[Configuration]
Instrument Name	GC-3
Instrument #	1
Line #	1
# of Detectors	1
Detector ID	DET#4
Detector Name	FID1
# of Channels	1

[Peak Table(Ch1)]
# of Peaks	8
Peak#	R.Time	I.Time	F.Time	Area	Height	A/H	Conc.	Mark	ID#	Name	k'	Plate #	Plate Ht.	Tailing	Resolution	Sep.Factor	Area Ratio	Height Ratio	Conc. %	Norm Conc.
1	1,296	1,279	1,321	1143	860	1,329	0,000	 V 			0,000	22669	0,000	0,000	0,000	0,000	0	0	0,000	0,000
2	1,333	1,321	1,405	2266	1791	1,265	0,000	 V 			0,028	28775	0,000	0,000	1,123	0,000	0	0	0,000	0,000
3	1,568	1,517	1,760	6256856	4739142	1,320	0,000	   			0,210	35350	0,000	1,434	7,272	7,369	0	0	0,000	0,000
4	1,893	1,853	2,058	274590	200485	1,370	0,000	   			0,460	48753	0,000	1,203	9,634	2,195	0	0	0,000	0,000
5	2,738	2,684	3,034	820339	566314	1,449	0,000	S  			1,112	90558	0,000	1,181	23,963	2,415	0	0	0,000	0,000
6	2,828	2,810	2,870	1877	1292	1,453	0,000	T  			1,181	86334	0,000	1,451	2,393	1,062	0	0	0,000	0,000
7	3,916	3,874	4,144	607152	399378	1,520	0,000	   			2,021	168345	0,000	1,202	28,478	1,711	0	0	0,000	0,000
8	7,518	7,481	7,878	18821	6760	2,784	0,000	   			4,799	314273	0,000	3,639	78,663	2,375	0	0	0,000	0,000

[Chromatogram (Ch1)]
Interval(msec)	40
# of Points	18945
Start Time(min)	0,000
End Time(min)	12,630
R.Time (min)	Intensity
0,00033	-7
0,00100	-7
0,00167	-6
0,00233	-6
0,00300	-6
0,00367	-6
0,00433	-6
0,00500	-6
0,00567	-6
0,00633	-6
0,00700	-5
0,00767	-6
0,00833	-6
0,00900	-6
0,00967	-6
0,01033	-6
0,01100	-7
0,01167	-7
0,01233	-7
0,01300	-8
0,01367	-8
0,01433	-8
0,01500	-8
0,01567	-9
0,01633	-9
0,01700	-9
0,01767	-9
0,01833	-9
0,01900	-9
0,01967	-9
0,02033	-9
0,02100	-9
0,02167	-9
0,02233	-9
0,02300	-10
0,02367	-10
0,02433	-10
0,02500	-10
0,02567	-10
0,02633	-9
0,02700	-9
0,02767	-9
0,02833	-9
0,02900	-8
0,02967	-8
0,03033	-8
0,03100	-8
0,03167	-8
0,03233	-8
0,03300	-8
0,03367	-8
0,03433	-8
0,03500	-8
0,03567	-8
0,03633	-8
0,03700	-8
0,03767	-8
0,03833	-8
0,03900	-7
0,03967	-7
0,04033	-7
0,04100	-7
0,04167	-7
0,04233	-7
0,04300	-7
0,04367	-7
0,04433	-7
0,04500	-7
0,04567	-7
0,04633	-7
0,04700	-7
0,04767	-6
0,04833	-6
0,04900	-6
0,04967	-6
0,05033	-5
0,05100	-5
0,05167	-5
0,05233	-5
0,05300	-5
0,05367	-6
0,05433	-6
0,05500	-6
0,05567	-6
0,05633	-6
0,05700	-6
0,05767	-6
0,05833	-6
0,05900	-7
0,05967	-7
0,06033	-7
0,06100	-7
0,06167	-7
0,06233	-7
0,06300	-7
0,06367	-7
0,06433	-7
0,06500	-7
0,06567	-8
0,06633	-8
0,06700	-8
0,06767	-8
0,06833	-9
0,06900	-9
0,06967	-9
0,07033	-9
0,07100	-9
0,07167	-10
0,07233	-10
0,07300	-10
0,07367	-10
0,07433	-10
0,07500	-11
0,07567	-11
0,07633	-11
0,07700	-11
0,07767	-11
0,07833	-11
0,07900	-11
0,07967	-11
0,08033	-11
0,08100	-11
0,08167	-10
0,08233	-10
0,08300	-10
0,08367	-10
0,08433	-10
0,08500	-10
0,08567	-10
0,08633	-10
0,08700	-10
0,08767	-9
0,08833	-9
0,08900	-9
0,08967	-9
0,09033	-9
0,09100	-9
0,09167	-9
0,09233	-10
0,09300	-10
0,09367	-10
0,09433	-10
0,09500	-10
0,09567	-11
0,09633	-11
0,09700	-11
0,09767	-11
0,09833	-11
0,09900	-11
0,09967	-11
0,10033	-11
0,10100	-11
0,10167	-11
0,10233	-11
0,10300	-10
0,10367	-10
0,10433	-10
0,10500	-10
0,10567	-10
0,10633	-10
0,10700	-10
0,10767	-10
0,10833	-10
0,10900	-10
0,10967	-10
0,11033	-10
0,11100	-10
0,11167	-10
0,11233	-10
0,11300	-10
0,11367	-10
0,11433	-10
0,11500	-10
0,11567	-10
0,11633	-10
0,11700	-10
0,11767	-10
0,11833	-10
0,11900	-10
0,11967	-10
0,12033	-11
0,12100	-11
0,12167	-11
0,12233	-11
0,12300	-11
0,12367	-11
0,12433	-11
0,12500	-11
0,12567	-11
0,12633	-11
0,12700	-12
0,12767	-12
0,12833	-12
0,12900	-12
0,12967	-12
0,13033	-12
0,13100	-12
0,13167	-12
0,13233	-12
0,13300	-12
0,13367	-12
0,13433	-12
0,13500	-12
0,13567	-12
0,13633	-12
0,13700	-12
0,13767	-12
0,13833	-12
0,13900	-12
0,13967	-12
0,14033	-12
0,14100	-12
0,14167	-12
0,14233	-12
0,14300	-12
0,14367	-11
0,14433	-11
0,14500	-11
0,14567	-11
0,14633	-11
0,14700	-11
0,14767	-11
0,14833	-11
0,14900	-11
0,14967	-11
0,15033	-11
0,15100	-11
0,15167	-10
0,15233	-10
0,15300	-10
0,15367	-10
0,15433	-10
0,15500	-10
0,15567	-10
0,15633	-9
0,15700	-9
0,15767	-9
0,15833	-9
0,15900	-9
0,15967	-9
0,16033	-9
0,16100	-9
0,16167	-9
0,16233	-9
0,16300	-9
0,16367	-9
0,16433	-9
0,16500	-9
0,16567	-9
0,16633	-9
0,16700	-9
0,16767	-9
0,16833	-9
0,16900	-9
0,16967	-9
0,17033	-9
0,17100	-9
0,17167	-8
0,17233	-8
0,17300	-8
0,17367	-8
0,17433	-9
0,17500	-9
0,17567	-9
0,17633	-9
0,17700	-8
0,17767	-8
0,17833	-8
0,17900	-7
0,17967	-7
0,18033	-7
0,18100	-7
0,18167	-7
0,18233	-7
0,18300	-7
0,18367	-8
0,18433	-8
0,18500	-8
0,18567	-8
0,18633	-8
0,18700	-7
0,18767	-7
0,18833	-7
0,18900	-7
0,18967	-7
0,19033	-7
0,19100	-7
0,19167	-7
0,19233	-7
0,19300	-6
0,19367	-6
0,19433	-6
0,19500	-6
0,19567	-6
0,19633	-6
0,19700	-6
0,19767	-6
0,19833	-5
0,19900	-5
0,19967	-5
0,20033	-4
0,20100	-4
0,20167	-4
0,20233	-3
0,20300	-3
0,20367	-3
0,20433	-2
0,20500	-2
0,20567	-1
0,20633	-1
0,20700	-1
0,20767	-0
0,20833	0
0,20900	1
0,20967	1
0,21033	1
0,21100	1
0,21167	1
0,21233	1
0,21300	1
0,21367	1
0,21433	2
0,21500	2
0,21567	2
0,21633	2
0,21700	2
0,21767	2
0,21833	2
0,21900	2
0,21967	2
0,22033	2
0,22100	2
0,22167	2
0,22233	3
0,22300	3
0,22367	3
0,22433	3
0,22500	3
0,22567	3
0,22633	3
0,22700	3
0,22767	3
0,22833	3
0,22900	3
0,22967	3
0,23033	3
0,23100	4
0,23167	4
0,23233	4
0,23300	4
0,23367	4
0,23433	4
0,23500	5
0,23567	5
0,23633	5
0,23700	5
0,23767	5
0,23833	5
0,23900	5
0,23967	4
0,24033	4
0,24100	4
0,24167	4
0,24233	5
0,24300	5
0,24367	5
0,24433	6
0,24500	6
0,24567	7
0,24633	7
0,24700	7
0,24767	8
0,24833	8
0,24900	8
0,24967	9
0,25033	9
0,25100	9
0,25167	10
0,25233	10
0,25300	10
0,25367	10
0,25433	10
0,25500	10
0,25567	10
0,25633	10
0,25700	10
0,25767	10
0,25833	10
0,25900	10
0,25967	10
0,26033	10
0,26100	10
0,26167	9
0,26233	9
0,26300	9
0,26367	9
0,26433	8
0,26500	8
0,26567	8
0,26633	8
0,26700	7
0,26767	7
0,26833	7
0,26900	7
0,26967	7
0,27033	7
0,27100	7
0,27167	7
0,27233	7
0,27300	7
0,27367	7
0,27433	7
0,27500	8
0,27567	8
0,27633	8
0,27700	8
0,27767	8
0,27833	7
0,27900	7
0,27967	7
0,28033	7
0,28100	7
0,28167	7
0,28233	7
0,28300	7
0,28367	7
0,28433	8
0,28500	8
0,28567	8
0,28633	8
0,28700	8
0,28767	8
0,28833	8
0,28900	7
0,28967	7
0,29033	7
0,29100	7
0,29167	7
0,29233	7
0,29300	6
0,29367	6
0,29433	6
0,29500	6
0,29567	6
0,29633	6
0,29700	5
0,29767	5
0,29833	5
0,29900	5
0,29967	5
0,30033	5
0,30100	5
0,30167	5
0,30233	5
0,30300	5
0,30367	5
0,30433	5
0,30500	5
0,30567	5
0,30633	5
0,30700	5
0,30767	5
0,30833	5
0,30900	5
0,30967	5
0,31033	5
0,31100	5
0,31167	5
0,31233	5
0,31300	5
0,31367	5
0,31433	5
0,31500	5
0,31567	5
0,31633	5
0,31700	5
0,31767	6
0,31833	6
0,31900	7
0,31967	7
0,32033	7
0,32100	7
0,32167	8
0,32233	8
0,32300	8
0,32367	8
0,32433	8
0,32500	8
0,32567	8
0,32633	8
0,32700	8
0,32767	8
0,32833	7
0,32900	7
0,32967	7
0,33033	7
0,33100	7
0,33167	7
0,33233	6
0,33300	6
0,33367	6
0,33433	6
0,33500	6
0,33567	6
0,33633	6
0,33700	6
0,33767	6
0,33833	6
0,33900	6
0,33967	7
0,34033	7
0,34100	8
0,34167	8
0,34233	8
0,34300	8
0,34367	9
0,34433	9
0,34500	9
0,34567	9
0,34633	9
0,34700	9
0,34767	10
0,34833	10
0,34900	10
0,34967	10
0,35033	11
0,35100	11
0,35167	11
0,35233	11
0,35300	11
0,35367	11
0,35433	11
0,35500	11
0,35567	10
0,35633	10
0,35700	10
0,35767	10
0,35833	10
0,35900	11
0,35967	11
0,36033	11
0,36100	11
0,36167	11
0,36233	11
0,36300	11
0,36367	11
0,36433	11
0,36500	11
0,36567	11
0,36633	11
0,36700	11
0,36767	11
0,36833	10
0,36900	10
0,36967	10
0,37033	10
0,37100	10
0,37167	10
0,37233	10
0,37300	10
0,37367	10
0,37433	10
0,37500	10
0,37567	10
0,37633	10
0,37700	11
0,37767	11
0,37833	11
0,37900	11
0,37967	11
0,38033	11
0,38100	11
0,38167	11
0,38233	11
0,38300	11
0,38367	11
0,38433	10
0,38500	10
0,38567	10
0,38633	9
0,38700	9
0,38767	9
0,38833	9
0,38900	9
0,38967	8
0,39033	8
0,39100	8
0,39167	9
0,39233	9
0,39300	9
0,39367	9
0,39433	9
0,39500	9
0,39567	9
0,39633	9
0,39700	9
0,39767	9
0,39833	8
0,39900	8
0,39967	8
0,40033	8
0,40100	8
0,40167	8
0,40233	7
0,40300	8
0,40367	8
0,40433	8
0,40500	8
0,40567	8
0,40633	8
0,40700	8
0,40767	8
0,40833	8
0,40900	8
0,40967	8
0,41033	8
0,41100	8
0,41167	9
0,41233	9
0,41300	9
0,41367	9
0,41433	9
0,41500	9
0,41567	9
0,41633	9
0,41700	9
0,41767	10
0,41833	10
0,41900	10
0,41967	10
0,42033	10
0,42100	11
0,42167	11
0,42233	12
0,42300	12
0,42367	13
0,42433	13
0,42500	13
0,42567	14
0,42633	14
0,42700	14
0,42767	14
0,42833	14
0,42900	14
0,42967	14
0,43033	14
0,43100	14
0,43167	14
0,43233	13
0,43300	13
0,43367	13
0,43433	13
0,43500	12
0,43567	12
0,43633	12
0,43700	11
0,43767	11
0,43833	11
0,43900	10
0,43967	10
0,44033	10
0,44100	10
0,44167	10
0,44233	10
0,44300	10
0,44367	9
0,44433	9
0,44500	9
0,44567	9
0,44633	9
0,44700	9
0,44767	9
0,44833	9
0,44900	9
0,44967	9
0,45033	9
0,45100	8
0,45167	8
0,45233	8
0,45300	8
0,45367	8
0,45433	7
0,45500	7
0,45567	7
0,45633	6
0,45700	6
0,45767	6
0,45833	6
0,45900	6
0,45967	6
0,46033	6
0,46100	6
0,46167	6
0,46233	6
0,46300	6
0,46367	7
0,46433	7
0,46500	7
0,46567	7
0,46633	7
0,46700	7
0,46767	7
0,46833	6
0,46900	6
0,46967	6
0,47033	6
0,47100	6
0,47167	5
0,47233	5
0,47300	5
0,47367	5
0,47433	5
0,47500	5
0,47567	6
0,47633	6
0,47700	6
0,47767	6
0,47833	6
0,47900	6
0,47967	6
0,48033	6
0,48100	6
0,48167	6
0,48233	6
0,48300	6
0,48367	5
0,48433	5
0,48500	4
0,48567	4
0,48633	3
0,48700	3
0,48767	3
0,48833	2
0,48900	2
0,48967	1
0,49033	1
0,49100	1
0,49167	0
0,49233	0
0,49300	-0
0,49367	-0
0,49433	-0
0,49500	-0
0,49567	0
0,49633	0
0,49700	0
0,49767	1
0,49833	1
0,49900	1
0,49967	1
0,50033	1
0,50100	1
0,50167	1
0,50233	1
0,50300	1
0,50367	1
0,50433	1
0,50500	1
0,50567	1
0,50633	0
0,50700	0
0,50767	0
0,50833	0
0,50900	1
0,50967	1
0,51033	1
0,51100	1
0,51167	1
0,51233	1
0,51300	1
0,51367	1
0,51433	1
0,51500	1
0,51567	1
0,51633	1
0,51700	1
0,51767	0
0,51833	0
0,51900	0
0,51967	-0
0,52033	-0
0,52100	-0
0,52167	-0
0,52233	-0
0,52300	-0
0,52367	-1
0,52433	-1
0,52500	-1
0,52567	-1
0,52633	-2
0,52700	-2
0,52767	-2
0,52833	-2
0,52900	-2
0,52967	-2
0,53033	-2
0,53100	-2
0,53167	-1
0,53233	-1
0,53300	-1
0,53367	-1
0,53433	-0
0,53500	0
0,53567	0
0,53633	1
0,53700	1
0,53767	1
0,53833	1
0,53900	1
0,53967	2
0,54033	2
0,54100	2
0,54167	2
0,54233	1
0,54300	1
0,54367	1
0,54433	1
0,54500	1
0,54567	1
0,54633	1
0,54700	1
0,54767	0
0,54833	0
0,54900	-0
0,54967	-0
0,55033	-0
0,55100	0
0,55167	0
0,55233	0
0,55300	0
0,55367	0
0,55433	0
0,55500	0
0,55567	-0
0,55633	-0
0,55700	-0
0,55767	-0
0,55833	-1
0,55900	-1
0,55967	-1
0,56033	-1
0,56100	-1
0,56167	-1
0,56233	-1
0,56300	-1
0,56367	-0
0,56433	-0
0,56500	0
0,56567	0
0,56633	1
0,56700	1
0,56767	1
0,56833	1
0,56900	1
0,56967	1
0,57033	1
0,57100	1
0,57167	1
0,57233	1
0,57300	1
0,57367	1
0,57433	1
0,57500	1
0,57567	1
0,57633	1
0,57700	2
0,57767	2
0,57833	2
0,57900	2
0,57967	1
0,58033	1
0,58100	1
0,58167	1
0,58233	1
0,58300	1
0,58367	1
0,58433	1
0,58500	1
0,58567	1
0,58633	1
0,58700	1
0,58767	1
0,58833	1
0,58900	1
0,58967	1
0,59033	0
0,59100	0
0,59167	-0
0,59233	-1
0,59300	-1
0,59367	-1
0,59433	-2
0,59500	-2
0,59567	-2
0,59633	-2
0,59700	-2
0,59767	-3
0,59833	-3
0,59900	-3
0,59967	-3
0,60033	-3
0,60100	-3
0,60167	-3
0,60233	-3
0,60300	-3
0,60367	-3
0,60433	-3
0,60500	-3
0,60567	-3
0,60633	-3
0,60700	-4
0,60767	-4
0,60833	-4
0,60900	-4
0,60967	-4
0,61033	-4
0,61100	-3
0,61167	-3
0,61233	-3
0,61300	-3
0,61367	-3
0,61433	-3
0,61500	-2
0,61567	-2
0,61633	-1
0,61700	-1
0,61767	-1
0,61833	-1
0,61900	-1
0,61967	-1
0,62033	-1
0,62100	-1
0,62167	-1
0,62233	-1
0,62300	-1
0,62367	-2
0,62433	-2
0,62500	-2
0,62567	-2
0,62633	-2
0,62700	-3
0,62767	-3
0,62833	-3
0,62900	-3
0,62967	-3
0,63033	-3
0,63100	-3
0,63167	-3
0,63233	-4
0,63300	-4
0,63367	-4
0,63433	-4
0,63500	-4
0,63567	-4
0,63633	-4
0,63700	-4
0,63767	-4
0,63833	-4
0,63900	-4
0,63967	-4
0,64033	-4
0,64100	-5
0,64167	-5
0,64233	-5
0,64300	-5
0,64367	-5
0,64433	-5
0,64500	-6
0,64567	-6
0,64633	-6
0,64700	-5
0,64767	-5
0,64833	-5
0,64900	-5
0,64967	-4
0,65033	-4
0,65100	-4
0,65167	-4
0,65233	-4
0,65300	-4
0,65367	-4
0,65433	-4
0,65500	-4
0,65567	-4
0,65633	-4
0,65700	-4
0,65767	-3
0,65833	-3
0,65900	-3
0,65967	-3
0,66033	-3
0,66100	-2
0,66167	-2
0,66233	-2
0,66300	-2
0,66367	-2
0,66433	-2
0,66500	-2
0,66567	-2
0,66633	-2
0,66700	-2
0,66767	-2
0,66833	-2
0,66900	-2
0,66967	-2
0,67033	-2
0,67100	-1
0,67167	-1
0,67233	-1
0,67300	-1
0,67367	-1
0,67433	-1
0,67500	-1
0,67567	-2
0,67633	-2
0,67700	-2
0,67767	-2
0,67833	-3
0,67900	-3
0,67967	-3
0,68033	-3
0,68100	-3
0,68167	-4
0,68233	-4
0,68300	-4
0,68367	-4
0,68433	-3
0,68500	-3
0,68567	-3
0,68633	-3
0,68700	-3
0,68767	-3
0,68833	-3
0,68900	-2
0,68967	-2
0,69033	-2
0,69100	-2
0,69167	-2
0,69233	-3
0,69300	-3
0,69367	-3
0,69433	-4
0,69500	-4
0,69567	-4
0,69633	-4
0,69700	-5
0,69767	-5
0,69833	-5
0,69900	-5
0,69967	-5
0,70033	-4
0,70100	-4
0,70167	-4
0,70233	-4
0,70300	-4
0,70367	-4
0,70433	-4
0,70500	-5
0,70567	-5
0,70633	-5
0,70700	-5
0,70767	-5
0,70833	-5
0,70900	-5
0,70967	-5
0,71033	-5
0,71100	-5
0,71167	-5
0,71233	-5
0,71300	-5
0,71367	-5
0,71433	-6
0,71500	-6
0,71567	-6
0,71633	-6
0,71700	-6
0,71767	-6
0,71833	-6
0,71900	-6
0,71967	-6
0,72033	-6
0,72100	-5
0,72167	-5
0,72233	-5
0,72300	-4
0,72367	-4
0,72433	-4
0,72500	-3
0,72567	-3
0,72633	-3
0,72700	-3
0,72767	-3
0,72833	-4
0,72900	-4
0,72967	-4
0,73033	-4
0,73100	-4
0,73167	-5
0,73233	-5
0,73300	-5
0,73367	-5
0,73433	-5
0,73500	-5
0,73567	-5
0,73633	-6
0,73700	-6
0,73767	-6
0,73833	-6
0,73900	-6
0,73967	-6
0,74033	-6
0,74100	-6
0,74167	-6
0,74233	-6
0,74300	-6
0,74367	-6
0,74433	-6
0,74500	-6
0,74567	-6
0,74633	-6
0,74700	-6
0,74767	-6
0,74833	-6
0,74900	-6
0,74967	-6
0,75033	-7
0,75100	-7
0,75167	-7
0,75233	-7
0,75300	-7
0,75367	-8
0,75433	-8
0,75500	-8
0,75567	-8
0,75633	-8
0,75700	-8
0,75767	-8
0,75833	-8
0,75900	-9
0,75967	-9
0,76033	-9
0,76100	-9
0,76167	-9
0,76233	-9
0,76300	-9
0,76367	-8
0,76433	-8
0,76500	-8
0,76567	-7
0,76633	-7
0,76700	-7
0,76767	-7
0,76833	-7
0,76900	-6
0,76967	-6
0,77033	-6
0,77100	-7
0,77167	-7
0,77233	-7
0,77300	-7
0,77367	-7
0,77433	-6
0,77500	-6
0,77567	-6
0,77633	-5
0,77700	-5
0,77767	-5
0,77833	-5
0,77900	-5
0,77967	-5
0,78033	-5
0,78100	-5
0,78167	-5
0,78233	-5
0,78300	-5
0,78367	-5
0,78433	-5
0,78500	-5
0,78567	-5
0,78633	-6
0,78700	-6
0,78767	-6
0,78833	-6
0,78900	-6
0,78967	-6
0,79033	-6
0,79100	-6
0,79167	-6
0,79233	-7
0,79300	-7
0,79367	-7
0,79433	-7
0,79500	-7
0,79567	-7
0,79633	-8
0,79700	-8
0,79767	-8
0,79833	-8
0,79900	-8
0,79967	-9
0,80033	-9
0,80100	-9
0,80167	-9
0,80233	-10
0,80300	-10
0,80367	-9
0,80433	-9
0,80500	-9
0,80567	-9
0,80633	-9
0,80700	-8
0,80767	-8
0,80833	-8
0,80900	-7
0,80967	-7
0,81033	-7
0,81100	-7
0,81167	-7
0,81233	-7
0,81300	-7
0,81367	-7
0,81433	-8
0,81500	-8
0,81567	-8
0,81633	-8
0,81700	-7
0,81767	-7
0,81833	-7
0,81900	-7
0,81967	-7
0,82033	-7
0,82100	-6
0,82167	-6
0,82233	-6
0,82300	-6
0,82367	-6
0,82433	-6
0,82500	-6
0,82567	-6
0,82633	-7
0,82700	-7
0,82767	-7
0,82833	-7
0,82900	-7
0,82967	-7
0,83033	-7
0,83100	-7
0,83167	-7
0,83233	-8
0,83300	-8
0,83367	-8
0,83433	-8
0,83500	-9
0,83567	-9
0,83633	-9
0,83700	-9
0,83767	-9
0,83833	-10
0,83900	-10
0,83967	-10
0,84033	-10
0,84100	-10
0,84167	-10
0,84233	-10
0,84300	-10
0,84367	-10
0,84433	-10
0,84500	-10
0,84567	-10
0,84633	-11
0,84700	-11
0,84767	-11
0,84833	-11
0,84900	-10
0,84967	-10
0,85033	-10
0,85100	-10
0,85167	-10
0,85233	-9
0,85300	-9
0,85367	-9
0,85433	-9
0,85500	-9
0,85567	-9
0,85633	-9
0,85700	-9
0,85767	-9
0,85833	-9
0,85900	-9
0,85967	-9
0,86033	-9
0,86100	-9
0,86167	-9
0,86233	-9
0,86300	-8
0,86367	-8
0,86433	-8
0,86500	-8
0,86567	-8
0,86633	-8
0,86700	-8
0,86767	-8
0,86833	-7
0,86900	-7
0,86967	-7
0,87033	-7
0,87100	-7
0,87167	-6
0,87233	-6
0,87300	-6
0,87367	-5
0,87433	-5
0,87500	-5
0,87567	-4
0,87633	-4
0,87700	-4
0,87767	-4
0,87833	-4
0,87900	-4
0,87967	-5
0,88033	-5
0,88100	-5
0,88167	-5
0,88233	-5
0,88300	-5
0,88367	-5
0,88433	-5
0,88500	-5
0,88567	-5
0,88633	-5
0,88700	-5
0,88767	-6
0,88833	-6
0,88900	-6
0,88967	-6
0,89033	-6
0,89100	-6
0,89167	-6
0,89233	-6
0,89300	-5
0,89367	-5
0,89433	-5
0,89500	-5
0,89567	-5
0,89633	-5
0,89700	-5
0,89767	-4
0,89833	-4
0,89900	-4
0,89967	-4
0,90033	-5
0,90100	-5
0,90167	-5
0,90233	-5
0,90300	-5
0,90367	-5
0,90433	-6
0,90500	-6
0,90567	-6
0,90633	-6
0,90700	-7
0,90767	-7
0,90833	-7
0,90900	-7
0,90967	-8
0,91033	-8
0,91100	-8
0,91167	-9
0,91233	-9
0,91300	-9
0,91367	-9
0,91433	-9
0,91500	-9
0,91567	-10
0,91633	-10
0,91700	-10
0,91767	-10
0,91833	-11
0,91900	-11
0,91967	-11
0,92033	-11
0,92100	-12
0,92167	-12
0,92233	-12
0,92300	-12
0,92367	-12
0,92433	-12
0,92500	-12
0,92567	-12
0,92633	-12
0,92700	-12
0,92767	-12
0,92833	-12
0,92900	-12
0,92967	-12
0,93033	-12
0,93100	-12
0,93167	-12
0,93233	-12
0,93300	-12
0,93367	-12
0,93433	-12
0,93500	-11
0,93567	-11
0,93633	-11
0,93700	-11
0,93767	-11
0,93833	-11
0,93900	-10
0,93967	-10
0,94033	-10
0,94100	-10
0,94167	-10
0,94233	-10
0,94300	-10
0,94367	-11
0,94433	-11
0,94500	-11
0,94567	-11
0,94633	-11
0,94700	-11
0,94767	-11
0,94833	-11
0,94900	-11
0,94967	-11
0,95033	-11
0,95100	-11
0,95167	-11
0,95233	-11
0,95300	-11
0,95367	-11
0,95433	-11
0,95500	-11
0,95567	-11
0,95633	-11
0,95700	-11
0,95767	-11
0,95833	-11
0,95900	-10
0,95967	-10
0,96033	-10
0,96100	-10
0,96167	-9
0,96233	-9
0,96300	-9
0,96367	-10
0,96433	-10
0,96500	-10
0,96567	-10
0,96633	-10
0,96700	-10
0,96767	-10
0,96833	-10
0,96900	-10
0,96967	-9
0,97033	-9
0,97100	-9
0,97167	-9
0,97233	-9
0,97300	-9
0,97367	-9
0,97433	-9
0,97500	-9
0,97567	-8
0,97633	-8
0,97700	-8
0,97767	-8
0,97833	-8
0,97900	-8
0,97967	-8
0,98033	-8
0,98100	-8
0,98167	-8
0,98233	-9
0,98300	-9
0,98367	-9
0,98433	-10
0,98500	-10
0,98567	-10
0,98633	-10
0,98700	-10
0,98767	-11
0,98833	-11
0,98900	-11
0,98967	-11
0,99033	-11
0,99100	-11
0,99167	-11
0,99233	-11
0,99300	-11
0,99367	-11
0,99433	-11
0,99500	-11
0,99567	-11
0,99633	-11
0,99700	-11
0,99767	-11
0,99833	-11
0,99900	-11
0,99967	-11
1,00033	-11
1,00100	-11
1,00167	-11
1,00233	-11
1,00300	-11
1,00367	-11
1,00433	-10
1,00500	-10
1,00567	-10
1,00633	-10
1,00700	-10
1,00767	-10
1,00833	-10
1,00900	-10
1,00967	-9
1,01033	-9
1,01100	-9
1,01167	-9
1,01233	-9
1,01300	-8
1,01367	-8
1,01433	-8
1,01500	-8
1,01567	-8
1,01633	-9
1,01700	-9
1,01767	-9
1,01833	-9
1,01900	-9
1,01967	-9
1,02033	-9
1,02100	-9
1,02167	-9
1,02233	-9
1,02300	-9
1,02367	-9
1,02433	-9
1,02500	-8
1,02567	-8
1,02633	-8
1,02700	-8
1,02767	-8
1,02833	-8
1,02900	-8
1,02967	-8
1,03033	-8
1,03100	-8
1,03167	-8
1,03233	-8
1,03300	-7
1,03367	-7
1,03433	-7
1,03500	-7
1,03567	-7
1,03633	-7
1,03700	-6
1,03767	-6
1,03833	-6
1,03900	-6
1,03967	-6
1,04033	-6
1,04100	-6
1,04167	-6
1,04233	-6
1,04300	-6
1,04367	-6
1,04433	-6
1,04500	-6
1,04567	-6
1,04633	-6
1,04700	-6
1,04767	-6
1,04833	-7
1,04900	-7
1,04967	-7
1,05033	-7
1,05100	-7
1,05167	-7
1,05233	-7
1,05300	-8
1,05367	-8
1,05433	-8
1,05500	-8
1,05567	-9
1,05633	-9
1,05700	-9
1,05767	-9
1,05833	-10
1,05900	-10
1,05967	-10
1,06033	-10
1,06100	-10
1,06167	-10
1,06233	-10
1,06300	-10
1,06367	-9
1,06433	-9
1,06500	-9
1,06567	-9
1,06633	-9
1,06700	-9
1,06767	-9
1,06833	-9
1,06900	-9
1,06967	-9
1,07033	-8
1,07100	-8
1,07167	-8
1,07233	-8
1,07300	-8
1,07367	-8
1,07433	-8
1,07500	-8
1,07567	-8
1,07633	-8
1,07700	-8
1,07767	-8
1,07833	-8
1,07900	-8
1,07967	-8
1,08033	-8
1,08100	-8
1,08167	-8
1,08233	-8
1,08300	-8
1,08367	-8
1,08433	-8
1,08500	-8
1,08567	-8
1,08633	-8
1,08700	-7
1,08767	-7
1,08833	-7
1,08900	-7
1,08967	-7
1,09033	-7
1,09100	-7
1,09167	-6
1,09233	-6
1,09300	-6
1,09367	-6
1,09433	-5
1,09500	-5
1,09567	-4
1,09633	-4
1,09700	-4
1,09767	-3
1,09833	-3
1,09900	-3
1,09967	-2
1,10033	-3
1,10100	-3
1,10167	-3
1,10233	-3
1,10300	-3
1,10367	-3
1,10433	-3
1,10500	-3
1,10567	-4
1,10633	-4
1,10700	-4
1,10767	-4
1,10833	-4
1,10900	-4
1,10967	-5
1,11033	-5
1,11100	-5
1,11167	-5
1,11233	-5
1,11300	-5
1,11367	-5
1,11433	-5
1,11500	-4
1,11567	-4
1,11633	-4
1,11700	-4
1,11767	-4
1,11833	-4
1,11900	-4
1,11967	-4
1,12033	-4
1,12100	-4
1,12167	-5
1,12233	-5
1,12300	-6
1,12367	-6
1,12433	-6
1,12500	-7
1,12567	-7
1,12633	-8
1,12700	-8
1,12767	-8
1,12833	-9
1,12900	-9
1,12967	-9
1,13033	-9
1,13100	-8
1,13167	-8
1,13233	-8
1,13300	-8
1,13367	-8
1,13433	-8
1,13500	-8
1,13567	-8
1,13633	-8
1,13700	-8
1,13767	-8
1,13833	-7
1,13900	-7
1,13967	-7
1,14033	-6
1,14100	-5
1,14167	-3
1,14233	-1
1,14300	2
1,14367	5
1,14433	8
1,14500	12
1,14567	16
1,14633	21
1,14700	27
1,14767	33
1,14833	39
1,14900	45
1,14967	51
1,15033	56
1,15100	61
1,15167	66
1,15233	70
1,15300	74
1,15367	77
1,15433	80
1,15500	82
1,15567	83
1,15633	84
1,15700	84
1,15767	84
1,15833	83
1,15900	82
1,15967	80
1,16033	79
1,16100	76
1,16167	74
1,16233	71
1,16300	68
1,16367	66
1,16433	62
1,16500	59
1,16567	56
1,16633	53
1,16700	50
1,16767	47
1,16833	44
1,16900	42
1,16967	39
1,17033	36
1,17100	34
1,17167	32
1,17233	30
1,17300	28
1,17367	26
1,17433	25
1,17500	24
1,17567	22
1,17633	21
1,17700	20
1,17767	19
1,17833	18
1,17900	17
1,17967	16
1,18033	15
1,18100	15
1,18167	15
1,18233	14
1,18300	14
1,18367	15
1,18433	15
1,18500	15
1,18567	15
1,18633	15
1,18700	16
1,18767	16
1,18833	16
1,18900	16
1,18967	16
1,19033	16
1,19100	17
1,19167	17
1,19233	17
1,19300	17
1,19367	17
1,19433	17
1,19500	17
1,19567	17
1,19633	17
1,19700	17
1,19767	17
1,19833	17
1,19900	17
1,19967	17
1,20033	18
1,20100	18
1,20167	19
1,20233	20
1,20300	20
1,20367	21
1,20433	21
1,20500	22
1,20567	22
1,20633	22
1,20700	22
1,20767	22
1,20833	22
1,20900	22
1,20967	21
1,21033	21
1,21100	20
1,21167	20
1,21233	19
1,21300	19
1,21367	19
1,21433	18
1,21500	18
1,21567	18
1,21633	17
1,21700	17
1,21767	16
1,21833	16
1,21900	15
1,21967	15
1,22033	15
1,22100	14
1,22167	14
1,22233	14
1,22300	14
1,22367	14
1,22433	13
1,22500	13
1,22567	13
1,22633	12
1,22700	12
1,22767	11
1,22833	11
1,22900	10
1,22967	10
1,23033	9
1,23100	9
1,23167	9
1,23233	9
1,23300	9
1,23367	9
1,23433	9
1,23500	10
1,23567	11
1,23633	13
1,23700	17
1,23767	21
1,23833	26
1,23900	33
1,23967	41
1,24033	50
1,24100	61
1,24167	72
1,24233	84
1,24300	97
1,24367	110
1,24433	122
1,24500	134
1,24567	145
1,24633	154
1,24700	163
1,24767	170
1,24833	176
1,24900	180
1,24967	183
1,25033	184
1,25100	185
1,25167	184
1,25233	182
1,25300	179
1,25367	176
1,25433	172
1,25500	167
1,25567	162
1,25633	156
1,25700	150
1,25767	144
1,25833	137
1,25900	131
1,25967	124
1,26033	118
1,26100	112
1,26167	105
1,26233	99
1,26300	93
1,26367	87
1,26433	82
1,26500	77
1,26567	72
1,26633	67
1,26700	62
1,26767	58
1,26833	54
1,26900	50
1,26967	47
1,27033	44
1,27100	41
1,27167	38
1,27233	35
1,27300	33
1,27367	30
1,27433	28
1,27500	27
1,27567	26
1,27633	25
1,27700	26
1,27767	27
1,27833	30
1,27900	35
1,27967	42
1,28033	53
1,28100	67
1,28167	85
1,28233	107
1,28300	134
1,28367	166
1,28433	203
1,28500	243
1,28567	288
1,28633	335
1,28700	385
1,28767	437
1,28833	489
1,28900	541
1,28967	593
1,29033	642
1,29100	688
1,29167	731
1,29233	768
1,29300	800
1,29367	827
1,29433	846
1,29500	860
1,29567	867
1,29633	867
1,29700	862
1,29767	852
1,29833	837
1,29900	818
1,29967	795
1,30033	769
1,30100	741
1,30167	711
1,30233	679
1,30300	647
1,30367	615
1,30433	582
1,30500	550
1,30567	518
1,30633	488
1,30700	458
1,30767	429
1,30833	401
1,30900	374
1,30967	349
1,31033	325
1,31100	302
1,31167	281
1,31233	260
1,31300	241
1,31367	224
1,31433	207
1,31500	193
1,31567	180
1,31633	170
1,31700	162
1,31767	159
1,31833	160
1,31900	169
1,31967	187
1,32033	216
1,32100	258
1,32167	315
1,32233	388
1,32300	477
1,32367	581
1,32433	698
1,32500	824
1,32567	956
1,32633	1089
1,32700	1219
1,32767	1342
1,32833	1455
1,32900	1555
1,32967	1639
1,33033	1708
1,33100	1759
1,33167	1794
1,33233	1811
1,33300	1814
1,33367	1802
1,33433	1778
1,33500	1742
1,33567	1697
1,33633	1643
1,33700	1584
1,33767	1520
1,33833	1452
1,33900	1382
1,33967	1311
1,34033	1240
1,34100	1169
1,34167	1100
1,34233	1033
1,34300	967
1,34367	905
1,34433	845
1,34500	789
1,34567	735
1,34633	685
1,34700	638
1,34767	594
1,34833	554
1,34900	516
1,34967	481
1,35033	449
1,35100	419
1,35167	391
1,35233	366
1,35300	342
1,35367	320
1,35433	299
1,35500	280
1,35567	262
1,35633	245
1,35700	228
1,35767	213
1,35833	199
1,35900	186
1,35967	173
1,36033	161
1,36100	150
1,36167	140
1,36233	130
1,36300	122
1,36367	113
1,36433	105
1,36500	98
1,36567	91
1,36633	85
1,36700	78
1,36767	73
1,36833	67
1,36900	62
1,36967	58
1,37033	54
1,37100	50
1,37167	46
1,37233	43
1,37300	39
1,37367	37
1,37433	34
1,37500	32
1,37567	30
1,37633	27
1,37700	25
1,37767	24
1,37833	22
1,37900	20
1,37967	19
1,38033	17
1,38100	16
1,38167	14
1,38233	13
1,38300	12
1,38367	11
1,38433	10
1,38500	9
1,38567	8
1,38633	7
1,38700	7
1,38767	6
1,38833	5
1,38900	5
1,38967	4
1,39033	3
1,39100	3
1,39167	2
1,39233	1
1,39300	1
1,39367	0
1,39433	-0
1,39500	-1
1,39567	-1
1,39633	-2
1,39700	-2
1,39767	-2
1,39833	-2
1,39900	-3
1,39967	-3
1,40033	-3
1,40100	-3
1,40167	-3
1,40233	-4
1,40300	-4
1,40367	-4
1,40433	-4
1,40500	-4
1,40567	-3
1,40633	-3
1,40700	-3
1,40767	-3
1,40833	-2
1,40900	-2
1,40967	-1
1,41033	-1
1,41100	-1
1,41167	-0
1,41233	-0
1,41300	0
1,41367	0
1,41433	1
1,41500	1
1,41567	1
1,41633	1
1,41700	2
1,41767	2
1,41833	2
1,41900	2
1,41967	2
1,42033	2
1,42100	1
1,42167	1
1,42233	1
1,42300	1
1,42367	0
1,42433	0
1,42500	-0
1,42567	-0
1,42633	-1
1,42700	-1
1,42767	-1
1,42833	-2
1,42900	-2
1,42967	-2
1,43033	-3
1,43100	-3
1,43167	-3
1,43233	-3
1,43300	-2
1,43367	-1
1,43433	2
1,43500	5
1,43567	10
1,43633	17
1,43700	26
1,43767	38
1,43833	54
1,43900	74
1,43967	98
1,44033	126
1,44100	160
1,44167	197
1,44233	238
1,44300	282
1,44367	327
1,44433	374
1,44500	420
1,44567	465
1,44633	507
1,44700	546
1,44767	581
1,44833	611
1,44900	636
1,44967	655
1,45033	669
1,45100	678
1,45167	681
1,45233	679
1,45300	672
1,45367	661
1,45433	647
1,45500	629
1,45567	609
1,45633	586
1,45700	562
1,45767	537
1,45833	511
1,45900	485
1,45967	459
1,46033	434
1,46100	409
1,46167	385
1,46233	362
1,46300	341
1,46367	320
1,46433	302
1,46500	285
1,46567	270
1,46633	257
1,46700	246
1,46767	236
1,46833	227
1,46900	220
1,46967	214
1,47033	209
1,47100	204
1,47167	199
1,47233	195
1,47300	191
1,47367	186
1,47433	182
1,47500	177
1,47567	172
1,47633	166
1,47700	161
1,47767	154
1,47833	148
1,47900	142
1,47967	135
1,48033	128
1,48100	121
1,48167	114
1,48233	108
1,48300	101
1,48367	95
1,48433	88
1,48500	82
1,48567	76
1,48633	70
1,48700	65
1,48767	60
1,48833	55
1,48900	51
1,48967	47
1,49033	44
1,49100	41
1,49167	38
1,49233	35
1,49300	33
1,49367	31
1,49433	28
1,49500	26
1,49567	25
1,49633	23
1,49700	22
1,49767	20
1,49833	19
1,49900	18
1,49967	17
1,50033	17
1,50100	16
1,50167	15
1,50233	15
1,50300	14
1,50367	14
1,50433	13
1,50500	13
1,50567	12
1,50633	12
1,50700	11
1,50767	11
1,50833	11
1,50900	11
1,50967	10
1,51033	10
1,51100	10
1,51167	11
1,51233	11
1,51300	11
1,51367	11
1,51433	11
1,51500	11
1,51567	11
1,51633	12
1,51700	13
1,51767	15
1,51833	17
1,51900	21
1,51967	27
1,52033	36
1,52100	47
1,52167	63
1,52233	83
1,52300	109
1,52367	141
1,52433	180
1,52500	226
1,52567	280
1,52633	340
1,52700	406
1,52767	477
1,52833	553
1,52900	630
1,52967	709
1,53033	786
1,53100	861
1,53167	932
1,53233	998
1,53300	1056
1,53367	1107
1,53433	1150
1,53500	1184
1,53567	1209
1,53633	1225
1,53700	1232
1,53767	1231
1,53833	1221
1,53900	1205
1,53967	1183
1,54033	1156
1,54100	1127
1,54167	1101
1,54233	1083
1,54300	1089
1,54367	1146
1,54433	1310
1,54500	1684
1,54567	2443
1,54633	3843
1,54700	6274
1,54767	10278
1,54833	16653
1,54900	26452
1,54967	41096
1,55033	62263
1,55100	92093
1,55167	132968
1,55233	187730
1,55300	259272
1,55367	350524
1,55433	464066
1,55500	602350
1,55567	767030
1,55633	959059
1,55700	1178270
1,55767	1423672
1,55833	1692963
1,55900	1982739
1,55967	2288322
1,56033	2603775
1,56100	2922420
1,56167	3237322
1,56233	3541483
1,56300	3828250
1,56367	4091342
1,56433	4325542
1,56500	4526500
1,56567	4691115
1,56633	4817178
1,56700	4903751
1,56767	4950723
1,56833	4959314
1,56900	4931510
1,56967	4870173
1,57033	4778685
1,57100	4660897
1,57167	4520753
1,57233	4362304
1,57300	4189496
1,57367	4006086
1,57433	3815487
1,57500	3620765
1,57567	3424591
1,57633	3229238
1,57700	3036601
1,57767	2848217
1,57833	2665306
1,57900	2488803
1,57967	2319403
1,58033	2157589
1,58100	2003669
1,58167	1857804
1,58233	1720034
1,58300	1590300
1,58367	1468468
1,58433	1354339
1,58500	1247666
1,58567	1148171
1,58633	1055546
1,58700	969469
1,58767	889609
1,58833	815628
1,58900	747191
1,58967	683967
1,59033	625630
1,59100	571867
1,59167	522373
1,59233	476856
1,59300	435038
1,59367	396654
1,59433	361454
1,59500	329200
1,59567	299669
1,59633	272653
1,59700	247955
1,59767	225392
1,59833	204793
1,59900	186000
1,59967	168863
1,60033	153248
1,60100	139027
1,60167	126081
1,60233	114304
1,60300	103595
1,60367	93862
1,60433	85019
1,60500	76990
1,60567	69703
1,60633	63091
1,60700	57095
1,60767	51659
1,60833	46733
1,60900	42270
1,60967	38228
1,61033	34569
1,61100	31257
1,61167	28261
1,61233	25550
1,61300	23099
1,61367	20883
1,61433	18881
1,61500	17071
1,61567	15437
1,61633	13960
1,61700	12627
1,61767	11423
1,61833	10337
1,61900	9356
1,61967	8471
1,62033	7672
1,62100	6951
1,62167	6301
1,62233	5714
1,62300	5185
1,62367	4708
1,62433	4278
1,62500	3890
1,62567	3541
1,62633	3225
1,62700	2941
1,62767	2685
1,62833	2454
1,62900	2246
1,62967	2057
1,63033	1888
1,63100	1735
1,63167	1597
1,63233	1472
1,63300	1359
1,63367	1257
1,63433	1165
1,63500	1082
1,63567	1007
1,63633	939
1,63700	877
1,63767	821
1,63833	770
1,63900	724
1,63967	682
1,64033	644
1,64100	609
1,64167	578
1,64233	549
1,64300	522
1,64367	497
1,64433	474
1,64500	453
1,64567	434
1,64633	417
1,64700	400
1,64767	385
1,64833	371
1,64900	358
1,64967	346
1,65033	335
1,65100	325
1,65167	316
1,65233	307
1,65300	299
1,65367	291
1,65433	284
1,65500	276
1,65567	270
1,65633	263
1,65700	257
1,65767	252
1,65833	246
1,65900	241
1,65967	236
1,66033	231
1,66100	227
1,66167	223
1,66233	219
1,66300	215
1,66367	211
1,66433	207
1,66500	204
1,66567	200
1,66633	197
1,66700	194
1,66767	190
1,66833	187
1,66900	184
1,66967	181
1,67033	178
1,67100	175
1,67167	173
1,67233	170
1,67300	168
1,67367	165
1,67433	163
1,67500	160
1,67567	158
1,67633	156
1,67700	154
1,67767	152
1,67833	150
1,67900	148
1,67967	146
1,68033	144
1,68100	142
1,68167	141
1,68233	139
1,68300	137
1,68367	135
1,68433	133
1,68500	132
1,68567	130
1,68633	128
1,68700	126
1,68767	125
1,68833	123
1,68900	121
1,68967	120
1,69033	118
1,69100	117
1,69167	115
1,69233	113
1,69300	112
1,69367	110
1,69433	109
1,69500	107
1,69567	106
1,69633	105
1,69700	104
1,69767	103
1,69833	101
1,69900	100
1,69967	99
1,70033	98
1,70100	97
1,70167	96
1,70233	95
1,70300	94
1,70367	94
1,70433	93
1,70500	93
1,70567	92
1,70633	91
1,70700	91
1,70767	90
1,70833	90
1,70900	89
1,70967	88
1,71033	88
1,71100	87
1,71167	87
1,71233	86
1,71300	86
1,71367	86
1,71433	86
1,71500	85
1,71567	85
1,71633	84
1,71700	84
1,71767	83
1,71833	82
1,71900	81
1,71967	80
1,72033	79
1,72100	78
1,72167	77
1,72233	76
1,72300	75
1,72367	74
1,72433	73
1,72500	73
1,72567	72
1,72633	71
1,72700	70
1,72767	69
1,72833	68
1,72900	67
1,72967	66
1,73033	65
1,73100	64
1,73167	64
1,73233	63
1,73300	62
1,73367	61
1,73433	61
1,73500	60
1,73567	60
1,73633	59
1,73700	59
1,73767	58
1,73833	58
1,73900	57
1,73967	56
1,74033	56
1,74100	55
1,74167	55
1,74233	54
1,74300	54
1,74367	53
1,74433	53
1,74500	53
1,74567	52
1,74633	52
1,74700	52
1,74767	51
1,74833	51
1,74900	51
1,74967	50
1,75033	49
1,75100	49
1,75167	48
1,75233	48
1,75300	47
1,75367	46
1,75433	46
1,75500	46
1,75567	45
1,75633	45
1,75700	45
1,75767	45
1,75833	45
1,75900	45
1,75967	45
1,76033	46
1,76100	46
1,76167	47
1,76233	47
1,76300	48
1,76367	48
1,76433	49
1,76500	50
1,76567	50
1,76633	51
1,76700	52
1,76767	52
1,76833	53
1,76900	53
1,76967	54
1,77033	54
1,77100	54
1,77167	54
1,77233	54
1,77300	54
1,77367	54
1,77433	54
1,77500	53
1,77567	53
1,77633	52
1,77700	51
1,77767	51
1,77833	50
1,77900	49
1,77967	48
1,78033	47
1,78100	46
1,78167	45
1,78233	45
1,78300	44
1,78367	43
1,78433	43
1,78500	42
1,78567	42
1,78633	42
1,78700	41
1,78767	40
1,78833	40
1,78900	40
1,78967	39
1,79033	39
1,79100	38
1,79167	38
1,79233	37
1,79300	37
1,79367	36
1,79433	35
1,79500	34
1,79567	34
1,79633	33
1,79700	33
1,79767	33
1,79833	32
1,79900	32
1,79967	32
1,80033	32
1,80100	32
1,80167	32
1,80233	32
1,80300	32
1,80367	31
1,80433	31
1,80500	30
1,80567	30
1,80633	30
1,80700	29
1,80767	29
1,80833	29
1,80900	29
1,80967	28
1,81033	28
1,81100	28
1,81167	28
1,81233	28
1,81300	28
1,81367	28
1,81433	27
1,81500	27
1,81567	27
1,81633	27
1,81700	27
1,81767	27
1,81833	27
1,81900	27
1,81967	28
1,82033	28
1,82100	28
1,82167	28
1,82233	28
1,82300	28
1,82367	28
1,82433	28
1,82500	28
1,82567	28
1,82633	28
1,82700	28
1,82767	28
1,82833	28
1,82900	27
1,82967	27
1,83033	27
1,83100	26
1,83167	26
1,83233	26
1,83300	25
1,83367	25
1,83433	25
1,83500	25
1,83567	25
1,83633	25
1,83700	24
1,83767	24
1,83833	24
1,83900	24
1,83967	24
1,84033	23
1,84100	23
1,84167	23
1,84233	23
1,84300	23
1,84367	23
1,84433	23
1,84500	23
1,84567	22
1,84633	22
1,84700	22
1,84767	21
1,84833	21
1,84900	21
1,84967	21
1,85033	20
1,85100	20
1,85167	20
1,85233	20
1,85300	20
1,85367	20
1,85433	20
1,85500	20
1,85567	20
1,85633	20
1,85700	21
1,85767	21
1,85833	21
1,85900	22
1,85967	22
1,86033	23
1,86100	25
1,86167	28
1,86233	33
1,86300	41
1,86367	55
1,86433	78
1,86500	118
1,86567	184
1,86633	291
1,86700	458
1,86767	713
1,86833	1084
1,86900	1606
1,86967	2315
1,87033	3245
1,87100	4430
1,87167	5904
1,87233	7696
1,87300	9838
1,87367	12352
1,87433	15262
1,87500	18582
1,87567	22325
1,87633	26499
1,87700	31107
1,87767	36145
1,87833	41604
1,87900	47479
1,87967	53763
1,88033	60444
1,88100	67507
1,88167	74936
1,88233	82712
1,88300	90810
1,88367	99200
1,88433	107855
1,88500	116752
1,88567	125863
1,88633	135134
1,88700	144490
1,88767	153833
1,88833	163027
1,88900	171909
1,88967	180257
1,89033	187789
1,89100	194182
1,89167	199140
1,89233	202435
1,89300	203954
1,89367	203699
1,89433	201772
1,89500	198348
1,89567	193638
1,89633	187866
1,89700	181252
1,89767	173999
1,89833	166292
1,89900	158288
1,89967	150125
1,90033	141919
1,90100	133764
1,90167	125739
1,90233	117905
1,90300	110310
1,90367	102991
1,90433	95975
1,90500	89280
1,90567	82916
1,90633	76890
1,90700	71201
1,90767	65846
1,90833	60820
1,90900	56112
1,90967	51713
1,91033	47611
1,91100	43793
1,91167	40244
1,91233	36953
1,91300	33903
1,91367	31082
1,91433	28475
1,91500	26070
1,91567	23853
1,91633	21812
1,91700	19934
1,91767	18209
1,91833	16625
1,91900	15172
1,91967	13840
1,92033	12619
1,92100	11503
1,92167	10481
1,92233	9548
1,92300	8695
1,92367	7916
1,92433	7205
1,92500	6558
1,92567	5967
1,92633	5429
1,92700	4939
1,92767	4493
1,92833	4088
1,92900	3719
1,92967	3384
1,93033	3079
1,93100	2802
1,93167	2551
1,93233	2322
1,93300	2115
1,93367	1926
1,93433	1755
1,93500	1600
1,93567	1459
1,93633	1331
1,93700	1216
1,93767	1111
1,93833	1016
1,93900	930
1,93967	852
1,94033	781
1,94100	717
1,94167	659
1,94233	606
1,94300	559
1,94367	515
1,94433	476
1,94500	441
1,94567	408
1,94633	379
1,94700	352
1,94767	328
1,94833	306
1,94900	287
1,94967	268
1,95033	252
1,95100	237
1,95167	223
1,95233	211
1,95300	199
1,95367	189
1,95433	179
1,95500	170
1,95567	162
1,95633	154
1,95700	147
1,95767	141
1,95833	135
1,95900	129
1,95967	124
1,96033	119
1,96100	115
1,96167	110
1,96233	107
1,96300	103
1,96367	100
1,96433	97
1,96500	94
1,96567	91
1,96633	89
1,96700	87
1,96767	84
1,96833	82
1,96900	80
1,96967	78
1,97033	76
1,97100	74
1,97167	72
1,97233	71
1,97300	69
1,97367	68
1,97433	67
1,97500	65
1,97567	64
1,97633	63
1,97700	62
1,97767	61
1,97833	60
1,97900	59
1,97967	58
1,98033	58
1,98100	57
1,98167	56
1,98233	56
1,98300	55
1,98367	55
1,98433	54
1,98500	54
1,98567	53
1,98633	53
1,98700	52
1,98767	51
1,98833	50
1,98900	50
1,98967	49
1,99033	48
1,99100	47
1,99167	47
1,99233	46
1,99300	45
1,99367	45
1,99433	44
1,99500	43
1,99567	43
1,99633	42
1,99700	41
1,99767	41
1,99833	41
1,99900	40
1,99967	40
2,00033	39
2,00100	39
2,00167	38
2,00233	38
2,00300	37
2,00367	37
2,00433	37
2,00500	36
2,00567	36
2,00633	36
2,00700	35
2,00767	35
2,00833	35
2,00900	34
2,00967	34
2,01033	33
2,01100	33
2,01167	33
2,01233	32
2,01300	32
2,01367	31
2,01433	31
2,01500	31
2,01567	30
2,01633	30
2,01700	30
2,01767	29
2,01833	29
2,01900	29
2,01967	29
2,02033	29
2,02100	29
2,02167	29
2,02233	29
2,02300	29
2,02367	28
2,02433	28
2,02500	28
2,02567	28
2,02633	28
2,02700	28
2,02767	27
2,02833	27
2,02900	26
2,02967	26
2,03033	26
2,03100	25
2,03167	25
2,03233	25
2,03300	24
2,03367	24
2,03433	24
2,03500	24
2,03567	24
2,03633	23
2,03700	23
2,03767	23
2,03833	22
2,03900	22
2,03967	22
2,04033	21
2,04100	21
2,04167	21
2,04233	21
2,04300	20
2,04367	20
2,04433	20
2,04500	20
2,04567	20
2,04633	20
2,04700	20
2,04767	20
2,04833	20
2,04900	20
2,04967	19
2,05033	19
2,05100	19
2,05167	18
2,05233	18
2,05300	18
2,05367	18
2,05433	17
2,05500	17
2,05567	17
2,05633	17
2,05700	17
2,05767	17
2,05833	17
2,05900	17
2,05967	17
2,06033	17
2,06100	17
2,06167	16
2,06233	16
2,06300	16
2,06367	16
2,06433	16
2,06500	15
2,06567	15
2,06633	14
2,06700	14
2,06767	13
2,06833	13
2,06900	12
2,06967	12
2,07033	12
2,07100	11
2,07167	11
2,07233	11
2,07300	11
2,07367	10
2,07433	10
2,07500	10
2,07567	10
2,07633	10
2,07700	10
2,07767	11
2,07833	11
2,07900	11
2,07967	11
2,08033	10
2,08100	10
2,08167	10
2,08233	10
2,08300	10
2,08367	10
2,08433	10
2,08500	10
2,08567	10
2,08633	10
2,08700	10
2,08767	11
2,08833	11
2,08900	11
2,08967	11
2,09033	12
2,09100	12
2,09167	12
2,09233	12
2,09300	12
2,09367	12
2,09433	12
2,09500	12
2,09567	12
2,09633	12
2,09700	12
2,09767	12
2,09833	12
2,09900	12
2,09967	12
2,10033	12
2,10100	12
2,10167	12
2,10233	11
2,10300	11
2,10367	11
2,10433	12
2,10500	12
2,10567	12
2,10633	12
2,10700	12
2,10767	12
2,10833	12
2,10900	12
2,10967	12
2,11033	12
2,11100	12
2,11167	12
2,11233	11
2,11300	11
2,11367	11
2,11433	11
2,11500	10
2,11567	10
2,11633	10
2,11700	9
2,11767	9
2,11833	9
2,11900	9
2,11967	9
2,12033	8
2,12100	8
2,12167	8
2,12233	8
2,12300	8
2,12367	8
2,12433	8
2,12500	8
2,12567	8
2,12633	7
2,12700	7
2,12767	7
2,12833	7
2,12900	7
2,12967	7
2,13033	7
2,13100	6
2,13167	6
2,13233	6
2,13300	6
2,13367	6
2,13433	6
2,13500	6
2,13567	6
2,13633	6
2,13700	5
2,13767	5
2,13833	5
2,13900	5
2,13967	5
2,14033	5
2,14100	6
2,14167	6
2,14233	6
2,14300	6
2,14367	6
2,14433	6
2,14500	6
2,14567	6
2,14633	7
2,14700	7
2,14767	7
2,14833	7
2,14900	7
2,14967	7
2,15033	7
2,15100	7
2,15167	7
2,15233	7
2,15300	7
2,15367	7
2,15433	7
2,15500	7
2,15567	7
2,15633	7
2,15700	7
2,15767	7
2,15833	6
2,15900	6
2,15967	6
2,16033	6
2,16100	6
2,16167	5
2,16233	5
2,16300	5
2,16367	5
2,16433	5
2,16500	5
2,16567	4
2,16633	4
2,16700	4
2,16767	4
2,16833	4
2,16900	3
2,16967	3
2,17033	3
2,17100	3
2,17167	4
2,17233	4
2,17300	4
2,17367	3
2,17433	3
2,17500	3
2,17567	3
2,17633	2
2,17700	2
2,17767	2
2,17833	2
2,17900	2
2,17967	2
2,18033	2
2,18100	2
2,18167	2
2,18233	2
2,18300	2
2,18367	2
2,18433	3
2,18500	3
2,18567	3
2,18633	3
2,18700	3
2,18767	3
2,18833	3
2,18900	3
2,18967	3
2,19033	3
2,19100	3
2,19167	3
2,19233	3
2,19300	3
2,19367	3
2,19433	3
2,19500	3
2,19567	3
2,19633	3
2,19700	3
2,19767	3
2,19833	2
2,19900	2
2,19967	2
2,20033	2
2,20100	2
2,20167	2
2,20233	2
2,20300	1
2,20367	1
2,20433	1
2,20500	1
2,20567	1
2,20633	1
2,20700	1
2,20767	1
2,20833	1
2,20900	1
2,20967	1
2,21033	1
2,21100	1
2,21167	1
2,21233	2
2,21300	2
2,21367	2
2,21433	2
2,21500	2
2,21567	2
2,21633	2
2,21700	2
2,21767	3
2,21833	3
2,21900	3
2,21967	4
2,22033	4
2,22100	4
2,22167	5
2,22233	5
2,22300	6
2,22367	6
2,22433	6
2,22500	7
2,22567	7
2,22633	8
2,22700	8
2,22767	8
2,22833	8
2,22900	8
2,22967	8
2,23033	8
2,23100	8
2,23167	8
2,23233	8
2,23300	8
2,23367	8
2,23433	8
2,23500	7
2,23567	7
2,23633	7
2,23700	7
2,23767	7
2,23833	7
2,23900	7
2,23967	7
2,24033	7
2,24100	6
2,24167	6
2,24233	6
2,24300	6
2,24367	6
2,24433	6
2,24500	5
2,24567	5
2,24633	5
2,24700	6
2,24767	6
2,24833	6
2,24900	6
2,24967	6
2,25033	7
2,25100	7
2,25167	7
2,25233	7
2,25300	8
2,25367	8
2,25433	9
2,25500	10
2,25567	10
2,25633	11
2,25700	12
2,25767	12
2,25833	13
2,25900	14
2,25967	15
2,26033	15
2,26100	16
2,26167	16
2,26233	17
2,26300	17
2,26367	17
2,26433	17
2,26500	18
2,26567	18
2,26633	18
2,26700	18
2,26767	19
2,26833	19
2,26900	19
2,26967	19
2,27033	19
2,27100	19
2,27167	19
2,27233	18
2,27300	18
2,27367	17
2,27433	17
2,27500	16
2,27567	16
2,27633	15
2,27700	15
2,27767	14
2,27833	14
2,27900	14
2,27967	14
2,28033	14
2,28100	13
2,28167	13
2,28233	13
2,28300	13
2,28367	13
2,28433	13
2,28500	12
2,28567	12
2,28633	12
2,28700	12
2,28767	11
2,28833	11
2,28900	11
2,28967	11
2,29033	10
2,29100	10
2,29167	11
2,29233	11
2,29300	11
2,29367	11
2,29433	11
2,29500	11
2,29567	12
2,29633	12
2,29700	12
2,29767	13
2,29833	13
2,29900	13
2,29967	13
2,30033	13
2,30100	13
2,30167	13
2,30233	13
2,30300	13
2,30367	13
2,30433	14
2,30500	15
2,30567	15
2,30633	16
2,30700	18
2,30767	19
2,30833	20
2,30900	22
2,30967	24
2,31033	26
2,31100	27
2,31167	29
2,31233	31
2,31300	33
2,31367	35
2,31433	37
2,31500	39
2,31567	40
2,31633	42
2,31700	43
2,31767	44
2,31833	45
2,31900	45
2,31967	46
2,32033	47
2,32100	47
2,32167	47
2,32233	48
2,32300	48
2,32367	47
2,32433	47
2,32500	47
2,32567	47
2,32633	47
2,32700	48
2,32767	49
2,32833	50
2,32900	52
2,32967	55
2,33033	58
2,33100	61
2,33167	65
2,33233	70
2,33300	75
2,33367	81
2,33433	88
2,33500	95
2,33567	103
2,33633	111
2,33700	119
2,33767	127
2,33833	135
2,33900	142
2,33967	149
2,34033	156
2,34100	162
2,34167	167
2,34233	172
2,34300	176
2,34367	179
2,34433	181
2,34500	182
2,34567	182
2,34633	181
2,34700	178
2,34767	175
2,34833	172
2,34900	167
2,34967	162
2,35033	157
2,35100	151
2,35167	145
2,35233	138
2,35300	132
2,35367	126
2,35433	119
2,35500	113
2,35567	107
2,35633	101
2,35700	95
2,35767	90
2,35833	84
2,35900	79
2,35967	74
2,36033	69
2,36100	64
2,36167	60
2,36233	56
2,36300	52
2,36367	49
2,36433	46
2,36500	43
2,36567	40
2,36633	38
2,36700	35
2,36767	33
2,36833	31
2,36900	29
2,36967	27
2,37033	26
2,37100	24
2,37167	22
2,37233	21
2,37300	20
2,37367	19
2,37433	18
2,37500	17
2,37567	17
2,37633	16
2,37700	15
2,37767	15
2,37833	14
2,37900	14
2,37967	13
2,38033	13
2,38100	12
2,38167	12
2,38233	11
2,38300	11
2,38367	11
2,38433	10
2,38500	10
2,38567	10
2,38633	9
2,38700	9
2,38767	9
2,38833	9
2,38900	9
2,38967	9
2,39033	8
2,39100	8
2,39167	8
2,39233	8
2,39300	8
2,39367	8
2,39433	7
2,39500	7
2,39567	7
2,39633	7
2,39700	7
2,39767	7
2,39833	7
2,39900	8
2,39967	8
2,40033	8
2,40100	8
2,40167	7
2,40233	7
2,40300	7
2,40367	7
2,40433	6
2,40500	6
2,40567	6
2,40633	6
2,40700	6
2,40767	6
2,40833	6
2,40900	6
2,40967	6
2,41033	6
2,41100	6
2,41167	6
2,41233	6
2,41300	6
2,41367	7
2,41433	7
2,41500	7
2,41567	7
2,41633	7
2,41700	7
2,41767	7
2,41833	7
2,41900	7
2,41967	7
2,42033	7
2,42100	7
2,42167	7
2,42233	7
2,42300	7
2,42367	7
2,42433	7
2,42500	7
2,42567	7
2,42633	7
2,42700	7
2,42767	7
2,42833	8
2,42900	8
2,42967	8
2,43033	8
2,43100	8
2,43167	8
2,43233	8
2,43300	8
2,43367	8
2,43433	8
2,43500	8
2,43567	9
2,43633	9
2,43700	9
2,43767	9
2,43833	9
2,43900	9
2,43967	9
2,44033	9
2,44100	9
2,44167	9
2,44233	9
2,44300	9
2,44367	8
2,44433	8
2,44500	8
2,44567	8
2,44633	8
2,44700	8
2,44767	8
2,44833	8
2,44900	8
2,44967	8
2,45033	9
2,45100	9
2,45167	9
2,45233	9
2,45300	9
2,45367	9
2,45433	9
2,45500	9
2,45567	9
2,45633	9
2,45700	9
2,45767	9
2,45833	9
2,45900	9
2,45967	9
2,46033	10
2,46100	10
2,46167	11
2,46233	12
2,46300	14
2,46367	16
2,46433	17
2,46500	20
2,46567	22
2,46633	25
2,46700	28
2,46767	32
2,46833	37
2,46900	41
2,46967	47
2,47033	53
2,47100	59
2,47167	66
2,47233	73
2,47300	81
2,47367	89
2,47433	98
2,47500	106
2,47567	114
2,47633	122
2,47700	130
2,47767	137
2,47833	143
2,47900	149
2,47967	155
2,48033	159
2,48100	163
2,48167	166
2,48233	168
2,48300	169
2,48367	170
2,48433	170
2,48500	169
2,48567	168
2,48633	166
2,48700	164
2,48767	162
2,48833	160
2,48900	158
2,48967	156
2,49033	155
2,49100	153
2,49167	152
2,49233	152
2,49300	151
2,49367	151
2,49433	151
2,49500	152
2,49567	152
2,49633	153
2,49700	154
2,49767	155
2,49833	155
2,49900	156
2,49967	156
2,50033	156
2,50100	156
2,50167	155
2,50233	153
2,50300	152
2,50367	150
2,50433	147
2,50500	145
2,50567	141
2,50633	138
2,50700	134
2,50767	130
2,50833	126
2,50900	121
2,50967	117
2,51033	112
2,51100	107
2,51167	102
2,51233	97
2,51300	93
2,51367	89
2,51433	85
2,51500	81
2,51567	78
2,51633	75
2,51700	72
2,51767	70
2,51833	68
2,51900	67
2,51967	65
2,52033	65
2,52100	64
2,52167	64
2,52233	64
2,52300	65
2,52367	66
2,52433	67
2,52500	69
2,52567	71
2,52633	73
2,52700	75
2,52767	77
2,52833	79
2,52900	81
2,52967	82
2,53033	84
2,53100	85
2,53167	85
2,53233	86
2,53300	86
2,53367	86
2,53433	86
2,53500	85
2,53567	84
2,53633	83
2,53700	81
2,53767	79
2,53833	78
2,53900	76
2,53967	74
2,54033	72
2,54100	70
2,54167	68
2,54233	67
2,54300	65
2,54367	64
2,54433	63
2,54500	63
2,54567	62
2,54633	62
2,54700	62
2,54767	63
2,54833	63
2,54900	64
2,54967	66
2,55033	67
2,55100	69
2,55167	70
2,55233	72
2,55300	74
2,55367	75
2,55433	77
2,55500	79
2,55567	80
2,55633	81
2,55700	82
2,55767	83
2,55833	83
2,55900	83
2,55967	83
2,56033	83
2,56100	82
2,56167	80
2,56233	79
2,56300	77
2,56367	75
2,56433	73
2,56500	71
2,56567	68
2,56633	66
2,56700	63
2,56767	61
2,56833	58
2,56900	56
2,56967	53
2,57033	51
2,57100	49
2,57167	46
2,57233	44
2,57300	42
2,57367	39
2,57433	37
2,57500	35
2,57567	33
2,57633	31
2,57700	30
2,57767	28
2,57833	27
2,57900	26
2,57967	25
2,58033	24
2,58100	23
2,58167	22
2,58233	21
2,58300	20
2,58367	19
2,58433	18
2,58500	18
2,58567	17
2,58633	17
2,58700	16
2,58767	16
2,58833	16
2,58900	15
2,58967	15
2,59033	15
2,59100	14
2,59167	14
2,59233	14
2,59300	13
2,59367	13
2,59433	13
2,59500	13
2,59567	13
2,59633	13
2,59700	12
2,59767	12
2,59833	12
2,59900	13
2,59967	13
2,60033	13
2,60100	13
2,60167	14
2,60233	14
2,60300	14
2,60367	15
2,60433	15
2,60500	16
2,60567	16
2,60633	17
2,60700	18
2,60767	19
2,60833	20
2,60900	21
2,60967	22
2,61033	23
2,61100	24
2,61167	25
2,61233	26
2,61300	27
2,61367	27
2,61433	28
2,61500	29
2,61567	29
2,61633	30
2,61700	31
2,61767	31
2,61833	32
2,61900	32
2,61967	33
2,62033	33
2,62100	34
2,62167	34
2,62233	35
2,62300	35
2,62367	36
2,62433	36
2,62500	37
2,62567	37
2,62633	37
2,62700	37
2,62767	37
2,62833	37
2,62900	37
2,62967	37
2,63033	37
2,63100	37
2,63167	37
2,63233	37
2,63300	37
2,63367	37
2,63433	38
2,63500	38
2,63567	38
2,63633	38
2,63700	38
2,63767	39
2,63833	39
2,63900	39
2,63967	39
2,64033	39
2,64100	39
2,64167	39
2,64233	39
2,64300	39
2,64367	39
2,64433	39
2,64500	38
2,64567	38
2,64633	38
2,64700	38
2,64767	38
2,64833	37
2,64900	37
2,64967	37
2,65033	36
2,65100	36
2,65167	36
2,65233	35
2,65300	35
2,65367	35
2,65433	35
2,65500	34
2,65567	34
2,65633	33
2,65700	33
2,65767	32
2,65833	32
2,65900	31
2,65967	31
2,66033	31
2,66100	30
2,66167	30
2,66233	30
2,66300	30
2,66367	29
2,66433	29
2,66500	29
2,66567	29
2,66633	29
2,66700	29
2,66767	29
2,66833	28
2,66900	28
2,66967	28
2,67033	28
2,67100	27
2,67167	27
2,67233	27
2,67300	27
2,67367	27
2,67433	27
2,67500	27
2,67567	27
2,67633	27
2,67700	27
2,67767	26
2,67833	26
2,67900	26
2,67967	26
2,68033	26
2,68100	25
2,68167	25
2,68233	25
2,68300	25
2,68367	25
2,68433	25
2,68500	25
2,68567	25
2,68633	25
2,68700	26
2,68767	26
2,68833	26
2,68900	27
2,68967	27
2,69033	29
2,69100	30
2,69167	33
2,69233	37
2,69300	42
2,69367	49
2,69433	58
2,69500	71
2,69567	87
2,69633	109
2,69700	138
2,69767	174
2,69833	221
2,69900	279
2,69967	351
2,70033	441
2,70100	549
2,70167	680
2,70233	837
2,70300	1024
2,70367	1245
2,70433	1503
2,70500	1800
2,70567	2141
2,70633	2531
2,70700	2977
2,70767	3486
2,70833	4068
2,70900	4736
2,70967	5506
2,71033	6400
2,71100	7447
2,71167	8680
2,71233	10137
2,71300	11867
2,71367	13927
2,71433	16383
2,71500	19311
2,71567	22786
2,71633	26889
2,71700	31708
2,71767	37335
2,71833	43872
2,71900	51404
2,71967	60013
2,72033	69766
2,72100	80731
2,72167	92975
2,72233	106599
2,72300	121665
2,72367	138219
2,72433	156282
2,72500	175819
2,72567	196747
2,72633	218995
2,72700	242477
2,72767	267087
2,72833	292679
2,72900	318999
2,72967	345744
2,73033	372658
2,73100	399446
2,73167	425807
2,73233	451362
2,73300	475609
2,73367	498060
2,73433	518299
2,73500	535916
2,73567	550560
2,73633	561894
2,73700	569662
2,73767	573704
2,73833	574010
2,73900	570668
2,73967	563883
2,74033	553927
2,74100	541143
2,74167	525909
2,74233	508625
2,74300	489681
2,74367	469463
2,74433	448329
2,74500	426608
2,74567	404593
2,74633	382542
2,74700	360673
2,74767	339170
2,74833	318181
2,74900	297827
2,74967	278199
2,75033	259366
2,75100	241378
2,75167	224263
2,75233	208040
2,75300	192710
2,75367	178268
2,75433	164699
2,75500	151980
2,75567	140086
2,75633	128986
2,75700	118647
2,75767	109034
2,75833	100111
2,75900	91840
2,75967	84185
2,76033	77110
2,76100	70579
2,76167	64557
2,76233	59010
2,76300	53907
2,76367	49216
2,76433	44908
2,76500	40956
2,76567	37333
2,76633	34014
2,76700	30976
2,76767	28198
2,76833	25658
2,76900	23339
2,76967	21222
2,77033	19290
2,77100	17529
2,77167	15924
2,77233	14463
2,77300	13133
2,77367	11922
2,77433	10822
2,77500	9822
2,77567	8913
2,77633	8089
2,77700	7341
2,77767	6663
2,77833	6048
2,77900	5492
2,77967	4988
2,78033	4533
2,78100	4122
2,78167	3751
2,78233	3416
2,78300	3114
2,78367	2843
2,78433	2599
2,78500	2380
2,78567	2183
2,78633	2007
2,78700	1848
2,78767	1707
2,78833	1579
2,78900	1465
2,78967	1363
2,79033	1271
2,79100	1189
2,79167	1114
2,79233	1047
2,79300	986
2,79367	930
2,79433	879
2,79500	832
2,79567	788
2,79633	748
2,79700	710
2,79767	674
2,79833	641
2,79900	609
2,79967	579
2,80033	552
2,80100	525
2,80167	501
2,80233	479
2,80300	458
2,80367	440
2,80433	423
2,80500	409
2,80567	398
2,80633	389
2,80700	384
2,80767	382
2,80833	384
2,80900	390
2,80967	401
2,81033	416
2,81100	437
2,81167	463
2,81233	495
2,81300	533
2,81367	577
2,81433	627
2,81500	682
2,81567	741
2,81633	804
2,81700	871
2,81767	940
2,81833	1011
2,81900	1083
2,81967	1153
2,82033	1223
2,82100	1289
2,82167	1351
2,82233	1409
2,82300	1460
2,82367	1506
2,82433	1544
2,82500	1574
2,82567	1597
2,82633	1612
2,82700	1620
2,82767	1620
2,82833	1612
2,82900	1598
2,82967	1578
2,83033	1552
2,83100	1521
2,83167	1486
2,83233	1448
2,83300	1407
2,83367	1364
2,83433	1319
2,83500	1273
2,83567	1227
2,83633	1181
2,83700	1135
2,83767	1089
2,83833	1045
2,83900	1001
2,83967	959
2,84033	918
2,84100	878
2,84167	839
2,84233	802
2,84300	766
2,84367	732
2,84433	698
2,84500	666
2,84567	635
2,84633	605
2,84700	576
2,84767	548
2,84833	521
2,84900	495
2,84967	470
2,85033	445
2,85100	422
2,85167	400
2,85233	378
2,85300	357
2,85367	338
2,85433	319
2,85500	301
2,85567	285
2,85633	269
2,85700	253
2,85767	239
2,85833	226
2,85900	213
2,85967	201
2,86033	189
2,86100	179
2,86167	169
2,86233	159
2,86300	151
2,86367	143
2,86433	135
2,86500	129
2,86567	122
2,86633	116
2,86700	111
2,86767	106
2,86833	101
2,86900	97
2,86967	94
2,87033	91
2,87100	88
2,87167	86
2,87233	85
2,87300	85
2,87367	85
2,87433	87
2,87500	89
2,87567	93
2,87633	98
2,87700	104
2,87767	112
2,87833	122
2,87900	134
2,87967	148
2,88033	165
2,88100	184
2,88167	205
2,88233	229
2,88300	255
2,88367	284
2,88433	314
2,88500	347
2,88567	382
2,88633	418
2,88700	454
2,88767	491
2,88833	528
2,88900	564
2,88967	598
2,89033	631
2,89100	661
2,89167	688
2,89233	712
2,89300	733
2,89367	750
2,89433	762
2,89500	771
2,89567	776
2,89633	778
2,89700	775
2,89767	769
2,89833	760
2,89900	748
2,89967	733
2,90033	715
2,90100	695
2,90167	674
2,90233	650
2,90300	626
2,90367	601
2,90433	575
2,90500	549
2,90567	523
2,90633	497
2,90700	472
2,90767	447
2,90833	423
2,90900	399
2,90967	376
2,91033	355
2,91100	334
2,91167	314
2,91233	295
2,91300	277
2,91367	260
2,91433	243
2,91500	228
2,91567	214
2,91633	200
2,91700	187
2,91767	176
2,91833	165
2,91900	154
2,91967	145
2,92033	136
2,92100	128
2,92167	120
2,92233	113
2,92300	107
2,92367	101
2,92433	96
2,92500	91
2,92567	86
2,92633	82
2,92700	78
2,92767	75
2,92833	72
2,92900	70
2,92967	67
2,93033	65
2,93100	63
2,93167	62
2,93233	60
2,93300	59
2,93367	57
2,93433	56
2,93500	55
2,93567	54
2,93633	53
2,93700	52
2,93767	51
2,93833	51
2,93900	50
2,93967	50
2,94033	49
2,94100	49
2,94167	48
2,94233	48
2,94300	48
2,94367	48
2,94433	47
2,94500	47
2,94567	46
2,94633	46
2,94700	45
2,94767	45
2,94833	44
2,94900	43
2,94967	42
2,95033	41
2,95100	41
2,95167	40
2,95233	39
2,95300	39
2,95367	38
2,95433	38
2,95500	37
2,95567	36
2,95633	36
2,95700	35
2,95767	35
2,95833	35
2,95900	34
2,95967	34
2,96033	34
2,96100	34
2,96167	34
2,96233	33
2,96300	33
2,96367	33
2,96433	34
2,96500	34
2,96567	34
2,96633	34
2,96700	34
2,96767	35
2,96833	35
2,96900	36
2,96967	37
2,97033	39
2,97100	41
2,97167	43
2,97233	46
2,97300	50
2,97367	54
2,97433	59
2,97500	64
2,97567	71
2,97633	78
2,97700	86
2,97767	95
2,97833	105
2,97900	115
2,97967	127
2,98033	139
2,98100	151
2,98167	164
2,98233	177
2,98300	190
2,98367	202
2,98433	214
2,98500	226
2,98567	237
2,98633	247
2,98700	256
2,98767	263
2,98833	270
2,98900	275
2,98967	279
2,99033	282
2,99100	283
2,99167	283
2,99233	282
2,99300	279
2,99367	275
2,99433	270
2,99500	264
2,99567	258
2,99633	251
2,99700	243
2,99767	234
2,99833	226
2,99900	217
2,99967	208
3,00033	199
3,00100	190
3,00167	181
3,00233	172
3,00300	164
3,00367	155
3,00433	147
3,00500	139
3,00567	132
3,00633	125
3,00700	118
3,00767	112
3,00833	106
3,00900	100
3,00967	95
3,01033	90
3,01100	85
3,01167	81
3,01233	77
3,01300	73
3,01367	70
3,01433	66
3,01500	63
3,01567	60
3,01633	57
3,01700	55
3,01767	52
3,01833	50
3,01900	47
3,01967	45
3,02033	43
3,02100	42
3,02167	40
3,02233	39
3,02300	37
3,02367	36
3,02433	35
3,02500	34
3,02567	34
3,02633	33
3,02700	32
3,02767	32
3,02833	31
3,02900	31
3,02967	30
3,03033	30
3,03100	29
3,03167	29
3,03233	29
3,03300	28
3,03367	28
3,03433	28
3,03500	29
3,03567	29
3,03633	29
3,03700	29
3,03767	29
3,03833	30
3,03900	30
3,03967	30
3,04033	30
3,04100	30
3,04167	30
3,04233	30
3,04300	30
3,04367	30
3,04433	29
3,04500	29
3,04567	29
3,04633	29
3,04700	29
3,04767	29
3,04833	29
3,04900	29
3,04967	30
3,05033	30
3,05100	30
3,05167	29
3,05233	29
3,05300	29
3,05367	29
3,05433	28
3,05500	28
3,05567	28
3,05633	28
3,05700	27
3,05767	27
3,05833	27
3,05900	27
3,05967	27
3,06033	27
3,06100	26
3,06167	26
3,06233	26
3,06300	26
3,06367	25
3,06433	25
3,06500	25
3,06567	25
3,06633	25
3,06700	25
3,06767	24
3,06833	24
3,06900	24
3,06967	24
3,07033	24
3,07100	24
3,07167	25
3,07233	25
3,07300	24
3,07367	24
3,07433	24
3,07500	24
3,07567	24
3,07633	25
3,07700	25
3,07767	25
3,07833	25
3,07900	25
3,07967	25
3,08033	25
3,08100	25
3,08167	26
3,08233	26
3,08300	26
3,08367	26
3,08433	27
3,08500	27
3,08567	27
3,08633	28
3,08700	28
3,08767	29
3,08833	29
3,08900	29
3,08967	30
3,09033	30
3,09100	31
3,09167	31
3,09233	31
3,09300	32
3,09367	33
3,09433	33
3,09500	34
3,09567	34
3,09633	35
3,09700	36
3,09767	36
3,09833	37
3,09900	38
3,09967	38
3,10033	39
3,10100	40
3,10167	41
3,10233	42
3,10300	42
3,10367	43
3,10433	44
3,10500	44
3,10567	45
3,10633	46
3,10700	46
3,10767	47
3,10833	47
3,10900	48
3,10967	48
3,11033	49
3,11100	50
3,11167	50
3,11233	51
3,11300	52
3,11367	52
3,11433	53
3,11500	53
3,11567	54
3,11633	54
3,11700	55
3,11767	55
3,11833	55
3,11900	56
3,11967	56
3,12033	56
3,12100	56
3,12167	57
3,12233	57
3,12300	56
3,12367	56
3,12433	56
3,12500	56
3,12567	55
3,12633	55
3,12700	54
3,12767	54
3,12833	53
3,12900	52
3,12967	52
3,13033	52
3,13100	52
3,13167	52
3,13233	52
3,13300	52
3,13367	51
3,13433	51
3,13500	51
3,13567	51
3,13633	51
3,13700	51
3,13767	50
3,13833	50
3,13900	49
3,13967	49
3,14033	48
3,14100	48
3,14167	47
3,14233	47
3,14300	46
3,14367	45
3,14433	44
3,14500	44
3,14567	43
3,14633	42
3,14700	41
3,14767	40
3,14833	39
3,14900	38
3,14967	37
3,15033	36
3,15100	36
3,15167	35
3,15233	34
3,15300	33
3,15367	33
3,15433	32
3,15500	31
3,15567	30
3,15633	30
3,15700	29
3,15767	28
3,15833	28
3,15900	27
3,15967	27
3,16033	26
3,16100	25
3,16167	25
3,16233	24
3,16300	24
3,16367	24
3,16433	24
3,16500	24
3,16567	23
3,16633	23
3,16700	23
3,16767	23
3,16833	22
3,16900	22
3,16967	22
3,17033	22
3,17100	22
3,17167	22
3,17233	21
3,17300	21
3,17367	21
3,17433	21
3,17500	21
3,17567	22
3,17633	22
3,17700	22
3,17767	22
3,17833	22
3,17900	22
3,17967	22
3,18033	22
3,18100	23
3,18167	23
3,18233	23
3,18300	24
3,18367	24
3,18433	25
3,18500	26
3,18567	26
3,18633	27
3,18700	28
3,18767	28
3,18833	29
3,18900	29
3,18967	30
3,19033	30
3,19100	31
3,19167	31
3,19233	32
3,19300	32
3,19367	32
3,19433	32
3,19500	33
3,19567	33
3,19633	33
3,19700	33
3,19767	33
3,19833	32
3,19900	32
3,19967	32
3,20033	31
3,20100	31
3,20167	31
3,20233	30
3,20300	30
3,20367	29
3,20433	29
3,20500	29
3,20567	29
3,20633	28
3,20700	28
3,20767	28
3,20833	27
3,20900	27
3,20967	27
3,21033	27
3,21100	27
3,21167	26
3,21233	26
3,21300	26
3,21367	26
3,21433	26
3,21500	25
3,21567	25
3,21633	25
3,21700	24
3,21767	24
3,21833	24
3,21900	24
3,21967	23
3,22033	23
3,22100	23
3,22167	22
3,22233	22
3,22300	22
3,22367	21
3,22433	21
3,22500	21
3,22567	21
3,22633	20
3,22700	20
3,22767	20
3,22833	20
3,22900	20
3,22967	20
3,23033	20
3,23100	20
3,23167	20
3,23233	20
3,23300	20
3,23367	20
3,23433	20
3,23500	20
3,23567	20
3,23633	20
3,23700	20
3,23767	20
3,23833	20
3,23900	20
3,23967	20
3,24033	21
3,24100	21
3,24167	21
3,24233	22
3,24300	22
3,24367	22
3,24433	22
3,24500	22
3,24567	22
3,24633	22
3,24700	22
3,24767	22
3,24833	22
3,24900	22
3,24967	22
3,25033	22
3,25100	22
3,25167	22
3,25233	22
3,25300	22
3,25367	21
3,25433	21
3,25500	21
3,25567	21
3,25633	21
3,25700	20
3,25767	20
3,25833	20
3,25900	19
3,25967	19
3,26033	19
3,26100	18
3,26167	18
3,26233	18
3,26300	18
3,26367	18
3,26433	18
3,26500	17
3,26567	17
3,26633	17
3,26700	17
3,26767	17
3,26833	18
3,26900	18
3,26967	18
3,27033	18
3,27100	18
3,27167	18
3,27233	18
3,27300	18
3,27367	19
3,27433	19
3,27500	19
3,27567	19
3,27633	19
3,27700	19
3,27767	19
3,27833	19
3,27900	19
3,27967	18
3,28033	18
3,28100	18
3,28167	18
3,28233	18
3,28300	17
3,28367	17
3,28433	17
3,28500	17
3,28567	17
3,28633	17
3,28700	17
3,28767	17
3,28833	17
3,28900	17
3,28967	17
3,29033	17
3,29100	18
3,29167	18
3,29233	18
3,29300	18
3,29367	18
3,29433	18
3,29500	18
3,29567	19
3,29633	19
3,29700	19
3,29767	19
3,29833	19
3,29900	19
3,29967	19
3,30033	20
3,30100	20
3,30167	20
3,30233	21
3,30300	21
3,30367	22
3,30433	22
3,30500	22
3,30567	23
3,30633	23
3,30700	23
3,30767	23
3,30833	23
3,30900	24
3,30967	24
3,31033	25
3,31100	25
3,31167	25
3,31233	26
3,31300	26
3,31367	26
3,31433	26
3,31500	27
3,31567	27
3,31633	27
3,31700	27
3,31767	27
3,31833	27
3,31900	27
3,31967	27
3,32033	26
3,32100	26
3,32167	26
3,32233	26
3,32300	26
3,32367	26
3,32433	26
3,32500	26
3,32567	25
3,32633	25
3,32700	25
3,32767	24
3,32833	24
3,32900	24
3,32967	24
3,33033	23
3,33100	23
3,33167	23
3,33233	23
3,33300	22
3,33367	22
3,33433	22
3,33500	22
3,33567	22
3,33633	22
3,33700	22
3,33767	22
3,33833	22
3,33900	22
3,33967	22
3,34033	22
3,34100	22
3,34167	23
3,34233	23
3,34300	23
3,34367	23
3,34433	23
3,34500	23
3,34567	23
3,34633	23
3,34700	23
3,34767	24
3,34833	24
3,34900	24
3,34967	24
3,35033	25
3,35100	25
3,35167	24
3,35233	24
3,35300	24
3,35367	24
3,35433	24
3,35500	24
3,35567	24
3,35633	24
3,35700	24
3,35767	24
3,35833	24
3,35900	24
3,35967	24
3,36033	24
3,36100	24
3,36167	23
3,36233	23
3,36300	23
3,36367	23
3,36433	23
3,36500	23
3,36567	23
3,36633	23
3,36700	23
3,36767	23
3,36833	23
3,36900	22
3,36967	22
3,37033	22
3,37100	22
3,37167	22
3,37233	22
3,37300	21
3,37367	21
3,37433	21
3,37500	21
3,37567	21
3,37633	21
3,37700	21
3,37767	21
3,37833	21
3,37900	21
3,37967	21
3,38033	21
3,38100	21
3,38167	21
3,38233	21
3,38300	21
3,38367	21
3,38433	21
3,38500	21
3,38567	21
3,38633	21
3,38700	21
3,38767	21
3,38833	21
3,38900	20
3,38967	20
3,39033	20
3,39100	20
3,39167	20
3,39233	20
3,39300	19
3,39367	19
3,39433	19
3,39500	19
3,39567	19
3,39633	18
3,39700	18
3,39767	18
3,39833	18
3,39900	18
3,39967	18
3,40033	18
3,40100	18
3,40167	18
3,40233	18
3,40300	17
3,40367	17
3,40433	17
3,40500	16
3,40567	16
3,40633	16
3,40700	16
3,40767	15
3,40833	15
3,40900	16
3,40967	16
3,41033	16
3,41100	16
3,41167	16
3,41233	16
3,41300	17
3,41367	17
3,41433	17
3,41500	18
3,41567	18
3,41633	18
3,41700	18
3,41767	18
3,41833	18
3,41900	19
3,41967	19
3,42033	19
3,42100	19
3,42167	20
3,42233	20
3,42300	20
3,42367	21
3,42433	21
3,42500	21
3,42567	22
3,42633	22
3,42700	22
3,42767	23
3,42833	23
3,42900	23
3,42967	23
3,43033	23
3,43100	24
3,43167	24
3,43233	24
3,43300	24
3,43367	24
3,43433	24
3,43500	24
3,43567	24
3,43633	24
3,43700	23
3,43767	23
3,43833	22
3,43900	22
3,43967	21
3,44033	21
3,44100	20
3,44167	20
3,44233	19
3,44300	19
3,44367	19
3,44433	19
3,44500	18
3,44567	18
3,44633	18
3,44700	18
3,44767	18
3,44833	18
3,44900	17
3,44967	17
3,45033	17
3,45100	17
3,45167	17
3,45233	17
3,45300	17
3,45367	17
3,45433	17
3,45500	17
3,45567	17
3,45633	16
3,45700	16
3,45767	16
3,45833	15
3,45900	15
3,45967	15
3,46033	15
3,46100	14
3,46167	14
3,46233	14
3,46300	14
3,46367	14
3,46433	14
3,46500	14
3,46567	14
3,46633	14
3,46700	14
3,46767	14
3,46833	14
3,46900	14
3,46967	14
3,47033	14
3,47100	14
3,47167	14
3,47233	14
3,47300	14
3,47367	14
3,47433	14
3,47500	14
3,47567	14
3,47633	14
3,47700	15
3,47767	15
3,47833	15
3,47900	15
3,47967	15
3,48033	16
3,48100	16
3,48167	16
3,48233	17
3,48300	17
3,48367	17
3,48433	17
3,48500	18
3,48567	18
3,48633	19
3,48700	19
3,48767	20
3,48833	21
3,48900	22
3,48967	22
3,49033	23
3,49100	24
3,49167	25
3,49233	26
3,49300	26
3,49367	27
3,49433	28
3,49500	28
3,49567	29
3,49633	30
3,49700	30
3,49767	31
3,49833	31
3,49900	32
3,49967	32
3,50033	33
3,50100	33
3,50167	33
3,50233	34
3,50300	34
3,50367	34
3,50433	34
3,50500	34
3,50567	35
3,50633	35
3,50700	35
3,50767	36
3,50833	36
3,50900	36
3,50967	36
3,51033	37
3,51100	37
3,51167	37
3,51233	37
3,51300	37
3,51367	37
3,51433	37
3,51500	37
3,51567	37
3,51633	37
3,51700	37
3,51767	37
3,51833	37
3,51900	37
3,51967	37
3,52033	36
3,52100	36
3,52167	36
3,52233	35
3,52300	35
3,52367	35
3,52433	34
3,52500	34
3,52567	34
3,52633	33
3,52700	33
3,52767	33
3,52833	33
3,52900	33
3,52967	32
3,53033	32
3,53100	31
3,53167	31
3,53233	31
3,53300	30
3,53367	30
3,53433	30
3,53500	30
3,53567	30
3,53633	30
3,53700	30
3,53767	30
3,53833	30
3,53900	30
3,53967	30
3,54033	30
3,54100	31
3,54167	31
3,54233	31
3,54300	31
3,54367	32
3,54433	32
3,54500	33
3,54567	34
3,54633	35
3,54700	37
3,54767	39
3,54833	41
3,54900	43
3,54967	45
3,55033	48
3,55100	51
3,55167	54
3,55233	58
3,55300	61
3,55367	64
3,55433	67
3,55500	70
3,55567	73
3,55633	76
3,55700	79
3,55767	82
3,55833	85
3,55900	87
3,55967	90
3,56033	92
3,56100	93
3,56167	95
3,56233	96
3,56300	96
3,56367	96
3,56433	96
3,56500	95
3,56567	94
3,56633	93
3,56700	92
3,56767	90
3,56833	88
3,56900	86
3,56967	85
3,57033	83
3,57100	81
3,57167	79
3,57233	77
3,57300	76
3,57367	74
3,57433	73
3,57500	72
3,57567	71
3,57633	70
3,57700	69
3,57767	68
3,57833	68
3,57900	67
3,57967	67
3,58033	67
3,58100	66
3,58167	66
3,58233	66
3,58300	65
3,58367	64
3,58433	64
3,58500	63
3,58567	62
3,58633	61
3,58700	60
3,58767	58
3,58833	57
3,58900	56
3,58967	54
3,59033	53
3,59100	51
3,59167	50
3,59233	48
3,59300	46
3,59367	45
3,59433	43
3,59500	41
3,59567	40
3,59633	38
3,59700	36
3,59767	35
3,59833	33
3,59900	32
3,59967	31
3,60033	30
3,60100	29
3,60167	28
3,60233	27
3,60300	26
3,60367	25
3,60433	24
3,60500	23
3,60567	23
3,60633	22
3,60700	21
3,60767	20
3,60833	19
3,60900	18
3,60967	17
3,61033	17
3,61100	16
3,61167	16
3,61233	15
3,61300	15
3,61367	14
3,61433	14
3,61500	14
3,61567	13
3,61633	13
3,61700	13
3,61767	13
3,61833	13
3,61900	13
3,61967	12
3,62033	12
3,62100	12
3,62167	12
3,62233	13
3,62300	13
3,62367	13
3,62433	13
3,62500	13
3,62567	14
3,62633	14
3,62700	14
3,62767	14
3,62833	14
3,62900	15
3,62967	15
3,63033	15
3,63100	15
3,63167	16
3,63233	16
3,63300	16
3,63367	16
3,63433	16
3,63500	17
3,63567	17
3,63633	17
3,63700	17
3,63767	17
3,63833	17
3,63900	18
3,63967	18
3,64033	18
3,64100	18
3,64167	19
3,64233	19
3,64300	20
3,64367	20
3,64433	21
3,64500	21
3,64567	22
3,64633	23
3,64700	23
3,64767	24
3,64833	25
3,64900	26
3,64967	26
3,65033	27
3,65100	27
3,65167	28
3,65233	29
3,65300	29
3,65367	30
3,65433	30
3,65500	31
3,65567	31
3,65633	32
3,65700	32
3,65767	32
3,65833	32
3,65900	33
3,65967	32
3,66033	32
3,66100	32
3,66167	32
3,66233	31
3,66300	31
3,66367	30
3,66433	30
3,66500	29
3,66567	28
3,66633	28
3,66700	27
3,66767	27
3,66833	26
3,66900	25
3,66967	25
3,67033	24
3,67100	24
3,67167	24
3,67233	23
3,67300	23
3,67367	23
3,67433	22
3,67500	22
3,67567	21
3,67633	21
3,67700	20
3,67767	20
3,67833	20
3,67900	19
3,67967	19
3,68033	19
3,68100	19
3,68167	19
3,68233	18
3,68300	18
3,68367	18
3,68433	18
3,68500	18
3,68567	18
3,68633	18
3,68700	18
3,68767	18
3,68833	18
3,68900	18
3,68967	18
3,69033	18
3,69100	18
3,69167	18
3,69233	18
3,69300	18
3,69367	18
3,69433	18
3,69500	18
3,69567	18
3,69633	18
3,69700	18
3,69767	18
3,69833	18
3,69900	18
3,69967	18
3,70033	18
3,70100	18
3,70167	18
3,70233	18
3,70300	18
3,70367	18
3,70433	18
3,70500	17
3,70567	17
3,70633	17
3,70700	17
3,70767	17
3,70833	17
3,70900	17
3,70967	17
3,71033	17
3,71100	17
3,71167	17
3,71233	17
3,71300	17
3,71367	17
3,71433	16
3,71500	16
3,71567	16
3,71633	15
3,71700	15
3,71767	14
3,71833	14
3,71900	14
3,71967	14
3,72033	14
3,72100	15
3,72167	15
3,72233	15
3,72300	15
3,72367	16
3,72433	16
3,72500	16
3,72567	16
3,72633	17
3,72700	17
3,72767	17
3,72833	18
3,72900	18
3,72967	18
3,73033	19
3,73100	19
3,73167	20
3,73233	20
3,73300	20
3,73367	21
3,73433	21
3,73500	21
3,73567	21
3,73633	21
3,73700	22
3,73767	22
3,73833	22
3,73900	22
3,73967	22
3,74033	23
3,74100	23
3,74167	23
3,74233	23
3,74300	22
3,74367	22
3,74433	22
3,74500	22
3,74567	21
3,74633	21
3,74700	21
3,74767	20
3,74833	20
3,74900	20
3,74967	20
3,75033	20
3,75100	20
3,75167	20
3,75233	20
3,75300	20
3,75367	20
3,75433	20
3,75500	20
3,75567	20
3,75633	20
3,75700	20
3,75767	20
3,75833	20
3,75900	20
3,75967	20
3,76033	20
3,76100	20
3,76167	21
3,76233	21
3,76300	21
3,76367	21
3,76433	21
3,76500	21
3,76567	22
3,76633	22
3,76700	22
3,76767	22
3,76833	22
3,76900	22
3,76967	23
3,77033	23
3,77100	23
3,77167	23
3,77233	23
3,77300	23
3,77367	22
3,77433	22
3,77500	22
3,77567	22
3,77633	22
3,77700	22
3,77767	22
3,77833	22
3,77900	22
3,77967	22
3,78033	22
3,78100	22
3,78167	22
3,78233	22
3,78300	22
3,78367	22
3,78433	22
3,78500	22
3,78567	22
3,78633	22
3,78700	22
3,78767	22
3,78833	22
3,78900	22
3,78967	22
3,79033	22
3,79100	22
3,79167	22
3,79233	22
3,79300	22
3,79367	23
3,79433	23
3,79500	23
3,79567	23
3,79633	22
3,79700	22
3,79767	22
3,79833	22
3,79900	22
3,79967	22
3,80033	22
3,80100	22
3,80167	22
3,80233	22
3,80300	22
3,80367	22
3,80433	22
3,80500	22
3,80567	22
3,80633	22
3,80700	22
3,80767	22
3,80833	22
3,80900	22
3,80967	22
3,81033	21
3,81100	21
3,81167	21
3,81233	21
3,81300	20
3,81367	20
3,81433	20
3,81500	20
3,81567	20
3,81633	20
3,81700	20
3,81767	19
3,81833	19
3,81900	19
3,81967	19
3,82033	19
3,82100	18
3,82167	18
3,82233	18
3,82300	18
3,82367	17
3,82433	17
3,82500	17
3,82567	17
3,82633	17
3,82700	17
3,82767	18
3,82833	18
3,82900	18
3,82967	18
3,83033	18
3,83100	18
3,83167	18
3,83233	18
3,83300	18
3,83367	18
3,83433	18
3,83500	18
3,83567	18
3,83633	18
3,83700	18
3,83767	18
3,83833	18
3,83900	18
3,83967	19
3,84033	19
3,84100	19
3,84167	19
3,84233	19
3,84300	20
3,84367	20
3,84433	20
3,84500	20
3,84567	21
3,84633	21
3,84700	21
3,84767	22
3,84833	22
3,84900	22
3,84967	22
3,85033	22
3,85100	21
3,85167	21
3,85233	21
3,85300	20
3,85367	20
3,85433	20
3,85500	19
3,85567	19
3,85633	18
3,85700	18
3,85767	18
3,85833	17
3,85900	17
3,85967	17
3,86033	17
3,86100	16
3,86167	16
3,86233	16
3,86300	16
3,86367	16
3,86433	16
3,86500	16
3,86567	15
3,86633	15
3,86700	15
3,86767	15
3,86833	15
3,86900	15
3,86967	15
3,87033	15
3,87100	15
3,87167	15
3,87233	15
3,87300	15
3,87367	15
3,87433	15
3,87500	16
3,87567	16
3,87633	16
3,87700	17
3,87767	18
3,87833	20
3,87900	22
3,87967	27
3,88033	34
3,88100	44
3,88167	59
3,88233	81
3,88300	113
3,88367	159
3,88433	226
3,88500	321
3,88567	457
3,88633	647
3,88700	908
3,88767	1264
3,88833	1740
3,88900	2365
3,88967	3180
3,89033	4224
3,89100	5538
3,89167	7162
3,89233	9136
3,89300	11504
3,89367	14329
3,89433	17671
3,89500	21594
3,89567	26148
3,89633	31392
3,89700	37376
3,89767	44159
3,89833	51784
3,89900	60293
3,89967	69726
3,90033	80110
3,90100	91441
3,90167	103710
3,90233	116905
3,90300	131020
3,90367	146051
3,90433	161980
3,90500	178757
3,90567	196291
3,90633	214445
3,90700	233076
3,90767	252037
3,90833	271147
3,90900	290185
3,90967	308888
3,91033	326926
3,91100	343983
3,91167	359748
3,91233	373946
3,91300	386333
3,91367	396692
3,91433	404813
3,91500	410558
3,91567	413861
3,91633	414727
3,91700	413202
3,91767	409371
3,91833	403363
3,91900	395354
3,91967	385563
3,92033	374234
3,92100	361615
3,92167	347954
3,92233	333494
3,92300	318466
3,92367	303081
3,92433	287530
3,92500	271980
3,92567	256572
3,92633	241429
3,92700	226649
3,92767	212313
3,92833	198484
3,92900	185210
3,92967	172523
3,93033	160446
3,93100	148989
3,93167	138155
3,93233	127942
3,93300	118338
3,93367	109330
3,93433	100900
3,93500	93027
3,93567	85689
3,93633	78861
3,93700	72517
3,93767	66634
3,93833	61184
3,93900	56143
3,93967	51487
3,94033	47190
3,94100	43229
3,94167	39581
3,94233	36226
3,94300	33142
3,94367	30309
3,94433	27709
3,94500	25326
3,94567	23142
3,94633	21142
3,94700	19311
3,94767	17637
3,94833	16107
3,94900	14708
3,94967	13432
3,95033	12266
3,95100	11203
3,95167	10234
3,95233	9350
3,95300	8545
3,95367	7811
3,95433	7143
3,95500	6535
3,95567	5982
3,95633	5478
3,95700	5019
3,95767	4602
3,95833	4222
3,95900	3876
3,95967	3562
3,96033	3276
3,96100	3016
3,96167	2779
3,96233	2564
3,96300	2369
3,96367	2191
3,96433	2029
3,96500	1882
3,96567	1748
3,96633	1626
3,96700	1516
3,96767	1415
3,96833	1323
3,96900	1239
3,96967	1163
3,97033	1093
3,97100	1030
3,97167	972
3,97233	919
3,97300	871
3,97367	828
3,97433	788
3,97500	751
3,97567	718
3,97633	687
3,97700	659
3,97767	634
3,97833	610
3,97900	588
3,97967	568
3,98033	549
3,98100	532
3,98167	515
3,98233	500
3,98300	486
3,98367	473
3,98433	460
3,98500	449
3,98567	438
3,98633	427
3,98700	418
3,98767	408
3,98833	400
3,98900	391
3,98967	383
3,99033	376
3,99100	369
3,99167	361
3,99233	355
3,99300	348
3,99367	342
3,99433	336
3,99500	331
3,99567	326
3,99633	321
3,99700	316
3,99767	312
3,99833	307
3,99900	303
3,99967	299
4,00033	295
4,00100	291
4,00167	288
4,00233	284
4,00300	280
4,00367	277
4,00433	273
4,00500	270
4,00567	266
4,00633	262
4,00700	259
4,00767	256
4,00833	252
4,00900	249
4,00967	246
4,01033	243
4,01100	240
4,01167	237
4,01233	233
4,01300	230
4,01367	227
4,01433	225
4,01500	222
4,01567	219
4,01633	217
4,01700	214
4,01767	212
4,01833	210
4,01900	208
4,01967	206
4,02033	204
4,02100	202
4,02167	200
4,02233	198
4,02300	196
4,02367	195
4,02433	193
4,02500	192
4,02567	191
4,02633	190
4,02700	189
4,02767	188
4,02833	186
4,02900	185
4,02967	184
4,03033	183
4,03100	182
4,03167	181
4,03233	179
4,03300	178
4,03367	177
4,03433	176
4,03500	174
4,03567	173
4,03633	171
4,03700	170
4,03767	168
4,03833	167
4,03900	165
4,03967	164
4,04033	163
4,04100	161
4,04167	160
4,04233	159
4,04300	157
4,04367	156
4,04433	154
4,04500	153
4,04567	152
4,04633	150
4,04700	149
4,04767	148
4,04833	147
4,04900	146
4,04967	145
4,05033	144
4,05100	143
4,05167	142
4,05233	141
4,05300	140
4,05367	139
4,05433	138
4,05500	137
4,05567	137
4,05633	136
4,05700	135
4,05767	134
4,05833	133
4,05900	132
4,05967	131
4,06033	131
4,06100	130
4,06167	129
4,06233	129
4,06300	128
4,06367	127
4,06433	126
4,06500	125
4,06567	125
4,06633	124
4,06700	123
4,06767	122
4,06833	121
4,06900	120
4,06967	119
4,07033	118
4,07100	118
4,07167	117
4,07233	116
4,07300	115
4,07367	114
4,07433	114
4,07500	113
4,07567	112
4,07633	111
4,07700	111
4,07767	110
4,07833	109
4,07900	108
4,07967	108
4,08033	107
4,08100	106
4,08167	106
4,08233	105
4,08300	105
4,08367	104
4,08433	104
4,08500	103
4,08567	103
4,08633	102
4,08700	102
4,08767	101
4,08833	101
4,08900	100
4,08967	100
4,09033	100
4,09100	99
4,09167	99
4,09233	98
4,09300	98
4,09367	98
4,09433	97
4,09500	97
4,09567	97
4,09633	96
4,09700	95
4,09767	95
4,09833	94
4,09900	93
4,09967	93
4,10033	92
4,10100	91
4,10167	90
4,10233	89
4,10300	89
4,10367	88
4,10433	87
4,10500	87
4,10567	86
4,10633	86
4,10700	86
4,10767	85
4,10833	85
4,10900	85
4,10967	84
4,11033	84
4,11100	83
4,11167	83
4,11233	83
4,11300	82
4,11367	82
4,11433	82
4,11500	81
4,11567	81
4,11633	80
4,11700	80
4,11767	80
4,11833	79
4,11900	79
4,11967	78
4,12033	78
4,12100	77
4,12167	77
4,12233	76
4,12300	76
4,12367	76
4,12433	76
4,12500	76
4,12567	75
4,12633	75
4,12700	75
4,12767	75
4,12833	74
4,12900	74
4,12967	73
4,13033	73
4,13100	72
4,13167	72
4,13233	71
4,13300	71
4,13367	71
4,13433	71
4,13500	71
4,13567	71
4,13633	71
4,13700	71
4,13767	71
4,13833	71
4,13900	71
4,13967	70
4,14033	70
4,14100	70
4,14167	70
4,14233	70
4,14300	71
4,14367	71
4,14433	71
4,14500	71
4,14567	71
4,14633	71
4,14700	71
4,14767	71
4,14833	71
4,14900	71
4,14967	70
4,15033	70
4,15100	70
4,15167	70
4,15233	70
4,15300	70
4,15367	70
4,15433	70
4,15500	70
4,15567	70
4,15633	70
4,15700	69
4,15767	69
4,15833	69
4,15900	69
4,15967	68
4,16033	68
4,16100	68
4,16167	68
4,16233	67
4,16300	67
4,16367	67
4,16433	67
4,16500	67
4,16567	67
4,16633	67
4,16700	67
4,16767	67
4,16833	67
4,16900	67
4,16967	67
4,17033	67
4,17100	67
4,17167	67
4,17233	67
4,17300	67
4,17367	67
4,17433	67
4,17500	67
4,17567	67
4,17633	67
4,17700	67
4,17767	67
4,17833	67
4,17900	67
4,17967	67
4,18033	67
4,18100	67
4,18167	67
4,18233	67
4,18300	67
4,18367	67
4,18433	67
4,18500	67
4,18567	67
4,18633	67
4,18700	67
4,18767	67
4,18833	66
4,18900	66
4,18967	66
4,19033	65
4,19100	65
4,19167	64
4,19233	64
4,19300	63
4,19367	63
4,19433	62
4,19500	62
4,19567	62
4,19633	61
4,19700	61
4,19767	61
4,19833	61
4,19900	61
4,19967	61
4,20033	61
4,20100	61
4,20167	61
4,20233	60
4,20300	60
4,20367	60
4,20433	59
4,20500	59
4,20567	58
4,20633	58
4,20700	58
4,20767	57
4,20833	57
4,20900	57
4,20967	56
4,21033	56
4,21100	55
4,21167	55
4,21233	55
4,21300	55
4,21367	55
4,21433	54
4,21500	54
4,21567	54
4,21633	53
4,21700	52
4,21767	52
4,21833	51
4,21900	51
4,21967	50
4,22033	50
4,22100	50
4,22167	50
4,22233	50
4,22300	50
4,22367	50
4,22433	50
4,22500	50
4,22567	50
4,22633	50
4,22700	50
4,22767	50
4,22833	50
4,22900	50
4,22967	50
4,23033	50
4,23100	50
4,23167	50
4,23233	50
4,23300	50
4,23367	50
4,23433	50
4,23500	50
4,23567	50
4,23633	50
4,23700	50
4,23767	50
4,23833	49
4,23900	49
4,23967	49
4,24033	49
4,24100	49
4,24167	49
4,24233	49
4,24300	49
4,24367	50
4,24433	50
4,24500	50
4,24567	50
4,24633	50
4,24700	50
4,24767	50
4,24833	50
4,24900	50
4,24967	50
4,25033	50
4,25100	50
4,25167	50
4,25233	50
4,25300	50
4,25367	50
4,25433	50
4,25500	50
4,25567	50
4,25633	50
4,25700	50
4,25767	50
4,25833	50
4,25900	50
4,25967	50
4,26033	50
4,26100	50
4,26167	50
4,26233	49
4,26300	49
4,26367	49
4,26433	49
4,26500	49
4,26567	49
4,26633	49
4,26700	49
4,26767	49
4,26833	48
4,26900	48
4,26967	48
4,27033	48
4,27100	47
4,27167	47
4,27233	47
4,27300	47
4,27367	47
4,27433	47
4,27500	47
4,27567	47
4,27633	47
4,27700	47
4,27767	47
4,27833	47
4,27900	46
4,27967	46
4,28033	46
4,28100	46
4,28167	46
4,28233	46
4,28300	46
4,28367	46
4,28433	46
4,28500	46
4,28567	46
4,28633	47
4,28700	47
4,28767	47
4,28833	47
4,28900	47
4,28967	47
4,29033	47
4,29100	46
4,29167	46
4,29233	46
4,29300	46
4,29367	46
4,29433	46
4,29500	46
4,29567	46
4,29633	46
4,29700	45
4,29767	45
4,29833	45
4,29900	45
4,29967	44
4,30033	44
4,30100	44
4,30167	43
4,30233	43
4,30300	43
4,30367	42
4,30433	42
4,30500	42
4,30567	42
4,30633	42
4,30700	42
4,30767	42
4,30833	42
4,30900	42
4,30967	43
4,31033	43
4,31100	43
4,31167	43
4,31233	44
4,31300	44
4,31367	44
4,31433	45
4,31500	45
4,31567	46
4,31633	46
4,31700	47
4,31767	47
4,31833	48
4,31900	48
4,31967	48
4,32033	48
4,32100	49
4,32167	49
4,32233	49
4,32300	49
4,32367	49
4,32433	49
4,32500	49
4,32567	48
4,32633	48
4,32700	48
4,32767	48
4,32833	48
4,32900	48
4,32967	47
4,33033	47
4,33100	47
4,33167	46
4,33233	45
4,33300	45
4,33367	45
4,33433	44
4,33500	44
4,33567	44
4,33633	44
4,33700	44
4,33767	43
4,33833	43
4,33900	43
4,33967	43
4,34033	43
4,34100	43
4,34167	43
4,34233	43
4,34300	42
4,34367	42
4,34433	42
4,34500	43
4,34567	43
4,34633	43
4,34700	43
4,34767	43
4,34833	43
4,34900	44
4,34967	44
4,35033	44
4,35100	44
4,35167	44
4,35233	44
4,35300	45
4,35367	45
4,35433	45
4,35500	45
4,35567	45
4,35633	45
4,35700	45
4,35767	45
4,35833	45
4,35900	45
4,35967	45
4,36033	45
4,36100	46
4,36167	46
4,36233	46
4,36300	47
4,36367	47
4,36433	47
4,36500	47
4,36567	47
4,36633	47
4,36700	47
4,36767	47
4,36833	47
4,36900	47
4,36967	47
4,37033	48
4,37100	48
4,37167	48
4,37233	48
4,37300	48
4,37367	48
4,37433	49
4,37500	49
4,37567	49
4,37633	49
4,37700	49
4,37767	49
4,37833	49
4,37900	50
4,37967	50
4,38033	51
4,38100	51
4,38167	52
4,38233	53
4,38300	54
4,38367	56
4,38433	57
4,38500	58
4,38567	60
4,38633	61
4,38700	63
4,38767	65
4,38833	66
4,38900	68
4,38967	70
4,39033	72
4,39100	74
4,39167	76
4,39233	78
4,39300	79
4,39367	81
4,39433	83
4,39500	85
4,39567	87
4,39633	88
4,39700	90
4,39767	91
4,39833	93
4,39900	94
4,39967	95
4,40033	96
4,40100	97
4,40167	99
4,40233	100
4,40300	100
4,40367	101
4,40433	102
4,40500	103
4,40567	103
4,40633	103
4,40700	103
4,40767	103
4,40833	103
4,40900	103
4,40967	102
4,41033	102
4,41100	101
4,41167	101
4,41233	100
4,41300	99
4,41367	99
4,41433	98
4,41500	98
4,41567	97
4,41633	97
4,41700	96
4,41767	95
4,41833	95
4,41900	94
4,41967	93
4,42033	92
4,42100	92
4,42167	91
4,42233	90
4,42300	89
4,42367	89
4,42433	88
4,42500	87
4,42567	87
4,42633	86
4,42700	85
4,42767	85
4,42833	84
4,42900	84
4,42967	83
4,43033	83
4,43100	82
4,43167	81
4,43233	81
4,43300	80
4,43367	80
4,43433	79
4,43500	79
4,43567	78
4,43633	77
4,43700	76
4,43767	76
4,43833	75
4,43900	74
4,43967	73
4,44033	72
4,44100	72
4,44167	71
4,44233	70
4,44300	69
4,44367	68
4,44433	68
4,44500	67
4,44567	66
4,44633	65
4,44700	64
4,44767	63
4,44833	62
4,44900	61
4,44967	60
4,45033	60
4,45100	59
4,45167	59
4,45233	58
4,45300	58
4,45367	58
4,45433	57
4,45500	57
4,45567	57
4,45633	57
4,45700	56
4,45767	56
4,45833	56
4,45900	56
4,45967	55
4,46033	55
4,46100	55
4,46167	54
4,46233	54
4,46300	53
4,46367	53
4,46433	52
4,46500	52
4,46567	52
4,46633	52
4,46700	51
4,46767	51
4,46833	51
4,46900	51
4,46967	50
4,47033	50
4,47100	50
4,47167	49
4,47233	49
4,47300	49
4,47367	49
4,47433	49
4,47500	49
4,47567	49
4,47633	49
4,47700	49
4,47767	49
4,47833	49
4,47900	50
4,47967	50
4,48033	50
4,48100	50
4,48167	50
4,48233	50
4,48300	50
4,48367	50
4,48433	50
4,48500	50
4,48567	50
4,48633	50
4,48700	51
4,48767	51
4,48833	51
4,48900	51
4,48967	51
4,49033	51
4,49100	51
4,49167	51
4,49233	51
4,49300	51
4,49367	51
4,49433	51
4,49500	51
4,49567	52
4,49633	52
4,49700	52
4,49767	52
4,49833	52
4,49900	51
4,49967	51
4,50033	51
4,50100	51
4,50167	51
4,50233	51
4,50300	51
4,50367	50
4,50433	50
4,50500	50
4,50567	49
4,50633	49
4,50700	49
4,50767	49
4,50833	49
4,50900	49
4,50967	49
4,51033	49
4,51100	48
4,51167	48
4,51233	48
4,51300	48
4,51367	48
4,51433	47
4,51500	47
4,51567	47
4,51633	47
4,51700	47
4,51767	47
4,51833	47
4,51900	47
4,51967	47
4,52033	47
4,52100	46
4,52167	46
4,52233	46
4,52300	46
4,52367	46
4,52433	46
4,52500	46
4,52567	45
4,52633	45
4,52700	45
4,52767	45
4,52833	45
4,52900	44
4,52967	44
4,53033	44
4,53100	44
4,53167	44
4,53233	44
4,53300	44
4,53367	44
4,53433	44
4,53500	44
4,53567	44
4,53633	44
4,53700	45
4,53767	45
4,53833	45
4,53900	45
4,53967	45
4,54033	46
4,54100	46
4,54167	46
4,54233	46
4,54300	46
4,54367	46
4,54433	46
4,54500	46
4,54567	45
4,54633	45
4,54700	45
4,54767	45
4,54833	45
4,54900	44
4,54967	44
4,55033	45
4,55100	45
4,55167	45
4,55233	45
4,55300	45
4,55367	45
4,55433	45
4,55500	45
4,55567	45
4,55633	45
4,55700	44
4,55767	44
4,55833	44
4,55900	44
4,55967	44
4,56033	45
4,56100	45
4,56167	45
4,56233	46
4,56300	46
4,56367	46
4,56433	47
4,56500	47
4,56567	47
4,56633	48
4,56700	48
4,56767	48
4,56833	49
4,56900	49
4,56967	50
4,57033	50
4,57100	51
4,57167	52
4,57233	53
4,57300	53
4,57367	54
4,57433	55
4,57500	56
4,57567	56
4,57633	57
4,57700	57
4,57767	58
4,57833	58
4,57900	58
4,57967	59
4,58033	59
4,58100	59
4,58167	59
4,58233	60
4,58300	60
4,58367	60
4,58433	60
4,58500	60
4,58567	60
4,58633	60
4,58700	60
4,58767	59
4,58833	59
4,58900	58
4,58967	58
4,59033	57
4,59100	57
4,59167	57
4,59233	56
4,59300	56
4,59367	56
4,59433	55
4,59500	55
4,59567	55
4,59633	54
4,59700	54
4,59767	54
4,59833	54
4,59900	53
4,59967	53
4,60033	53
4,60100	53
4,60167	52
4,60233	52
4,60300	52
4,60367	52
4,60433	51
4,60500	51
4,60567	51
4,60633	50
4,60700	50
4,60767	49
4,60833	49
4,60900	48
4,60967	48
4,61033	47
4,61100	47
4,61167	47
4,61233	47
4,61300	47
4,61367	46
4,61433	46
4,61500	46
4,61567	46
4,61633	47
4,61700	47
4,61767	47
4,61833	47
4,61900	47
4,61967	47
4,62033	47
4,62100	47
4,62167	46
4,62233	46
4,62300	46
4,62367	46
4,62433	46
4,62500	45
4,62567	45
4,62633	45
4,62700	45
4,62767	45
4,62833	45
4,62900	45
4,62967	45
4,63033	45
4,63100	45
4,63167	46
4,63233	46
4,63300	46
4,63367	46
4,63433	46
4,63500	46
4,63567	46
4,63633	45
4,63700	45
4,63767	45
4,63833	45
4,63900	44
4,63967	44
4,64033	44
4,64100	43
4,64167	43
4,64233	43
4,64300	42
4,64367	42
4,64433	42
4,64500	42
4,64567	41
4,64633	41
4,64700	41
4,64767	41
4,64833	41
4,64900	41
4,64967	41
4,65033	41
4,65100	41
4,65167	41
4,65233	41
4,65300	41
4,65367	42
4,65433	42
4,65500	42
4,65567	42
4,65633	42
4,65700	42
4,65767	42
4,65833	42
4,65900	42
4,65967	42
4,66033	42
4,66100	42
4,66167	42
4,66233	42
4,66300	43
4,66367	42
4,66433	42
4,66500	43
4,66567	43
4,66633	43
4,66700	43
4,66767	44
4,66833	44
4,66900	45
4,66967	45
4,67033	45
4,67100	46
4,67167	46
4,67233	46
4,67300	46
4,67367	47
4,67433	47
4,67500	47
4,67567	47
4,67633	47
4,67700	47
4,67767	47
4,67833	47
4,67900	47
4,67967	47
4,68033	47
4,68100	46
4,68167	46
4,68233	46
4,68300	46
4,68367	45
4,68433	45
4,68500	45
4,68567	45
4,68633	44
4,68700	44
4,68767	44
4,68833	44
4,68900	44
4,68967	44
4,69033	44
4,69100	44
4,69167	44
4,69233	44
4,69300	44
4,69367	43
4,69433	43
4,69500	42
4,69567	42
4,69633	42
4,69700	41
4,69767	41
4,69833	41
4,69900	40
4,69967	40
4,70033	40
4,70100	40
4,70167	40
4,70233	40
4,70300	40
4,70367	40
4,70433	40
4,70500	40
4,70567	40
4,70633	40
4,70700	40
4,70767	39
4,70833	39
4,70900	39
4,70967	39
4,71033	39
4,71100	39
4,71167	39
4,71233	39
4,71300	39
4,71367	39
4,71433	39
4,71500	39
4,71567	39
4,71633	39
4,71700	39
4,71767	39
4,71833	39
4,71900	39
4,71967	39
4,72033	39
4,72100	39
4,72167	39
4,72233	39
4,72300	39
4,72367	39
4,72433	39
4,72500	39
4,72567	38
4,72633	38
4,72700	37
4,72767	37
4,72833	37
4,72900	36
4,72967	36
4,73033	36
4,73100	35
4,73167	35
4,73233	35
4,73300	35
4,73367	34
4,73433	34
4,73500	34
4,73567	34
4,73633	34
4,73700	34
4,73767	34
4,73833	35
4,73900	35
4,73967	36
4,74033	36
4,74100	37
4,74167	39
4,74233	40
4,74300	42
4,74367	44
4,74433	46
4,74500	49
4,74567	51
4,74633	54
4,74700	58
4,74767	61
4,74833	65
4,74900	69
4,74967	73
4,75033	78
4,75100	82
4,75167	87
4,75233	92
4,75300	97
4,75367	102
4,75433	107
4,75500	112
4,75567	117
4,75633	122
4,75700	127
4,75767	131
4,75833	135
4,75900	138
4,75967	141
4,76033	144
4,76100	146
4,76167	148
4,76233	150
4,76300	151
4,76367	152
4,76433	152
4,76500	152
4,76567	152
4,76633	151
4,76700	150
4,76767	148
4,76833	147
4,76900	145
4,76967	142
4,77033	140
4,77100	137
4,77167	134
4,77233	132
4,77300	129
4,77367	126
4,77433	123
4,77500	120
4,77567	117
4,77633	115
4,77700	112
4,77767	109
4,77833	106
4,77900	103
4,77967	101
4,78033	98
4,78100	95
4,78167	92
4,78233	90
4,78300	88
4,78367	85
4,78433	83
4,78500	81
4,78567	79
4,78633	78
4,78700	76
4,78767	74
4,78833	72
4,78900	71
4,78967	70
4,79033	68
4,79100	67
4,79167	65
4,79233	64
4,79300	63
4,79367	62
4,79433	61
4,79500	60
4,79567	59
4,79633	58
4,79700	57
4,79767	56
4,79833	55
4,79900	54
4,79967	53
4,80033	52
4,80100	51
4,80167	51
4,80233	50
4,80300	49
4,80367	48
4,80433	48
4,80500	47
4,80567	47
4,80633	46
4,80700	45
4,80767	45
4,80833	45
4,80900	45
4,80967	45
4,81033	45
4,81100	45
4,81167	45
4,81233	45
4,81300	44
4,81367	44
4,81433	44
4,81500	44
4,81567	44
4,81633	43
4,81700	43
4,81767	43
4,81833	43
4,81900	42
4,81967	42
4,82033	41
4,82100	41
4,82167	41
4,82233	41
4,82300	41
4,82367	41
4,82433	41
4,82500	40
4,82567	40
4,82633	40
4,82700	40
4,82767	39
4,82833	39
4,82900	39
4,82967	39
4,83033	39
4,83100	39
4,83167	38
4,83233	38
4,83300	38
4,83367	38
4,83433	38
4,83500	38
4,83567	38
4,83633	37
4,83700	37
4,83767	37
4,83833	37
4,83900	37
4,83967	37
4,84033	37
4,84100	37
4,84167	36
4,84233	36
4,84300	36
4,84367	36
4,84433	36
4,84500	36
4,84567	36
4,84633	36
4,84700	36
4,84767	36
4,84833	36
4,84900	36
4,84967	37
4,85033	37
4,85100	38
4,85167	38
4,85233	38
4,85300	38
4,85367	39
4,85433	39
4,85500	39
4,85567	39
4,85633	40
4,85700	40
4,85767	40
4,85833	41
4,85900	42
4,85967	42
4,86033	43
4,86100	44
4,86167	45
4,86233	46
4,86300	46
4,86367	47
4,86433	48
4,86500	49
4,86567	49
4,86633	50
4,86700	50
4,86767	51
4,86833	51
4,86900	51
4,86967	52
4,87033	52
4,87100	52
4,87167	53
4,87233	53
4,87300	53
4,87367	53
4,87433	52
4,87500	52
4,87567	51
4,87633	51
4,87700	50
4,87767	49
4,87833	49
4,87900	48
4,87967	48
4,88033	47
4,88100	47
4,88167	46
4,88233	46
4,88300	45
4,88367	44
4,88433	44
4,88500	43
4,88567	42
4,88633	41
4,88700	41
4,88767	40
4,88833	39
4,88900	38
4,88967	38
4,89033	37
4,89100	37
4,89167	36
4,89233	36
4,89300	36
4,89367	36
4,89433	36
4,89500	35
4,89567	35
4,89633	35
4,89700	35
4,89767	35
4,89833	35
4,89900	35
4,89967	35
4,90033	35
4,90100	35
4,90167	35
4,90233	35
4,90300	35
4,90367	35
4,90433	35
4,90500	35
4,90567	35
4,90633	35
4,90700	36
4,90767	35
4,90833	35
4,90900	35
4,90967	35
4,91033	35
4,91100	35
4,91167	35
4,91233	35
4,91300	35
4,91367	35
4,91433	35
4,91500	35
4,91567	35
4,91633	35
4,91700	34
4,91767	34
4,91833	34
4,91900	34
4,91967	34
4,92033	34
4,92100	34
4,92167	34
4,92233	34
4,92300	33
4,92367	33
4,92433	33
4,92500	33
4,92567	33
4,92633	33
4,92700	33
4,92767	33
4,92833	33
4,92900	32
4,92967	32
4,93033	32
4,93100	32
4,93167	32
4,93233	32
4,93300	32
4,93367	32
4,93433	32
4,93500	32
4,93567	32
4,93633	32
4,93700	32
4,93767	32
4,93833	32
4,93900	32
4,93967	32
4,94033	32
4,94100	32
4,94167	32
4,94233	31
4,94300	31
4,94367	31
4,94433	31
4,94500	31
4,94567	30
4,94633	30
4,94700	30
4,94767	30
4,94833	30
4,94900	30
4,94967	30
4,95033	30
4,95100	30
4,95167	30
4,95233	30
4,95300	30
4,95367	30
4,95433	30
4,95500	30
4,95567	30
4,95633	30
4,95700	31
4,95767	31
4,95833	31
4,95900	31
4,95967	31
4,96033	31
4,96100	31
4,96167	31
4,96233	31
4,96300	32
4,96367	32
4,96433	32
4,96500	32
4,96567	33
4,96633	33
4,96700	33
4,96767	33
4,96833	33
4,96900	33
4,96967	34
4,97033	34
4,97100	34
4,97167	34
4,97233	34
4,97300	34
4,97367	34
4,97433	34
4,97500	34
4,97567	33
4,97633	33
4,97700	33
4,97767	33
4,97833	33
4,97900	33
4,97967	33
4,98033	33
4,98100	33
4,98167	33
4,98233	33
4,98300	33
4,98367	33
4,98433	34
4,98500	34
4,98567	34
4,98633	34
4,98700	34
4,98767	34
4,98833	35
4,98900	35
4,98967	35
4,99033	35
4,99100	36
4,99167	36
4,99233	37
4,99300	38
4,99367	38
4,99433	39
4,99500	40
4,99567	41
4,99633	42
4,99700	44
4,99767	45
4,99833	47
4,99900	49
4,99967	52
5,00033	55
5,00100	58
5,00167	61
5,00233	65
5,00300	69
5,00367	73
5,00433	77
5,00500	81
5,00567	86
5,00633	90
5,00700	95
5,00767	100
5,00833	104
5,00900	108
5,00967	112
5,01033	116
5,01100	119
5,01167	122
5,01233	125
5,01300	127
5,01367	129
5,01433	131
5,01500	132
5,01567	132
5,01633	132
5,01700	132
5,01767	131
5,01833	130
5,01900	129
5,01967	127
5,02033	126
5,02100	123
5,02167	121
5,02233	119
5,02300	117
5,02367	114
5,02433	112
5,02500	109
5,02567	106
5,02633	104
5,02700	102
5,02767	99
5,02833	97
5,02900	95
5,02967	92
5,03033	90
5,03100	88
5,03167	86
5,03233	83
5,03300	81
5,03367	79
5,03433	77
5,03500	75
5,03567	73
5,03633	71
5,03700	69
5,03767	67
5,03833	65
5,03900	63
5,03967	62
5,04033	60
5,04100	59
5,04167	57
5,04233	56
5,04300	55
5,04367	53
5,04433	52
5,04500	51
5,04567	49
5,04633	48
5,04700	47
5,04767	46
5,04833	45
5,04900	44
5,04967	43
5,05033	42
5,05100	41
5,05167	40
5,05233	39
5,05300	39
5,05367	38
5,05433	37
5,05500	36
5,05567	36
5,05633	35
5,05700	35
5,05767	34
5,05833	33
5,05900	33
5,05967	33
5,06033	33
5,06100	33
5,06167	33
5,06233	33
5,06300	34
5,06367	35
5,06433	36
5,06500	37
5,06567	38
5,06633	40
5,06700	42
5,06767	44
5,06833	47
5,06900	51
5,06967	55
5,07033	60
5,07100	66
5,07167	73
5,07233	81
5,07300	90
5,07367	100
5,07433	111
5,07500	123
5,07567	135
5,07633	149
5,07700	164
5,07767	179
5,07833	195
5,07900	211
5,07967	227
5,08033	244
5,08100	260
5,08167	276
5,08233	291
5,08300	305
5,08367	318
5,08433	329
5,08500	339
5,08567	348
5,08633	355
5,08700	360
5,08767	363
5,08833	365
5,08900	365
5,08967	363
5,09033	359
5,09100	354
5,09167	348
5,09233	340
5,09300	331
5,09367	322
5,09433	312
5,09500	301
5,09567	290
5,09633	279
5,09700	268
5,09767	256
5,09833	245
5,09900	234
5,09967	222
5,10033	211
5,10100	201
5,10167	190
5,10233	180
5,10300	171
5,10367	161
5,10433	153
5,10500	145
5,10567	137
5,10633	130
5,10700	123
5,10767	116
5,10833	110
5,10900	104
5,10967	99
5,11033	94
5,11100	89
5,11167	85
5,11233	81
5,11300	78
5,11367	74
5,11433	71
5,11500	68
5,11567	66
5,11633	63
5,11700	61
5,11767	59
5,11833	57
5,11900	55
5,11967	53
5,12033	52
5,12100	51
5,12167	49
5,12233	48
5,12300	47
5,12367	46
5,12433	46
5,12500	45
5,12567	44
5,12633	44
5,12700	44
5,12767	43
5,12833	43
5,12900	43
5,12967	42
5,13033	42
5,13100	42
5,13167	42
5,13233	41
5,13300	41
5,13367	41
5,13433	41
5,13500	41
5,13567	41
5,13633	41
5,13700	41
5,13767	41
5,13833	41
5,13900	41
5,13967	40
5,14033	40
5,14100	40
5,14167	40
5,14233	40
5,14300	40
5,14367	40
5,14433	39
5,14500	39
5,14567	39
5,14633	39
5,14700	38
5,14767	38
5,14833	38
5,14900	37
5,14967	37
5,15033	37
5,15100	37
5,15167	36
5,15233	36
5,15300	36
5,15367	36
5,15433	36
5,15500	36
5,15567	36
5,15633	36
5,15700	36
5,15767	36
5,15833	37
5,15900	37
5,15967	37
5,16033	37
5,16100	37
5,16167	37
5,16233	38
5,16300	38
5,16367	38
5,16433	38
5,16500	38
5,16567	38
5,16633	38
5,16700	38
5,16767	38
5,16833	38
5,16900	38
5,16967	38
5,17033	38
5,17100	38
5,17167	38
5,17233	38
5,17300	38
5,17367	38
5,17433	38
5,17500	38
5,17567	38
5,17633	37
5,17700	37
5,17767	36
5,17833	36
5,17900	36
5,17967	36
5,18033	36
5,18100	36
5,18167	35
5,18233	35
5,18300	35
5,18367	35
5,18433	35
5,18500	35
5,18567	35
5,18633	35
5,18700	35
5,18767	34
5,18833	34
5,18900	35
5,18967	35
5,19033	35
5,19100	35
5,19167	35
5,19233	35
5,19300	35
5,19367	35
5,19433	36
5,19500	36
5,19567	35
5,19633	35
5,19700	35
5,19767	35
5,19833	35
5,19900	35
5,19967	35
5,20033	35
5,20100	36
5,20167	36
5,20233	36
5,20300	36
5,20367	36
5,20433	36
5,20500	37
5,20567	37
5,20633	37
5,20700	37
5,20767	37
5,20833	37
5,20900	37
5,20967	37
5,21033	37
5,21100	37
5,21167	37
5,21233	37
5,21300	37
5,21367	36
5,21433	36
5,21500	36
5,21567	36
5,21633	36
5,21700	35
5,21767	35
5,21833	35
5,21900	35
5,21967	35
5,22033	34
5,22100	34
5,22167	34
5,22233	33
5,22300	33
5,22367	33
5,22433	33
5,22500	33
5,22567	33
5,22633	32
5,22700	32
5,22767	32
5,22833	32
5,22900	32
5,22967	31
5,23033	31
5,23100	31
5,23167	30
5,23233	30
5,23300	30
5,23367	30
5,23433	30
5,23500	30
5,23567	30
5,23633	30
5,23700	30
5,23767	30
5,23833	29
5,23900	29
5,23967	29
5,24033	29
5,24100	29
5,24167	29
5,24233	29
5,24300	28
5,24367	28
5,24433	28
5,24500	28
5,24567	28
5,24633	28
5,24700	28
5,24767	28
5,24833	27
5,24900	27
5,24967	27
5,25033	27
5,25100	27
5,25167	27
5,25233	27
5,25300	27
5,25367	27
5,25433	27
5,25500	28
5,25567	28
5,25633	28
5,25700	28
5,25767	28
5,25833	28
5,25900	28
5,25967	28
5,26033	28
5,26100	28
5,26167	27
5,26233	27
5,26300	27
5,26367	27
5,26433	28
5,26500	28
5,26567	28
5,26633	28
5,26700	28
5,26767	28
5,26833	29
5,26900	29
5,26967	29
5,27033	29
5,27100	30
5,27167	30
5,27233	30
5,27300	31
5,27367	31
5,27433	32
5,27500	32
5,27567	32
5,27633	33
5,27700	33
5,27767	33
5,27833	33
5,27900	33
5,27967	34
5,28033	33
5,28100	33
5,28167	33
5,28233	32
5,28300	32
5,28367	32
5,28433	31
5,28500	31
5,28567	31
5,28633	31
5,28700	31
5,28767	31
5,28833	31
5,28900	31
5,28967	31
5,29033	31
5,29100	31
5,29167	31
5,29233	32
5,29300	32
5,29367	32
5,29433	32
5,29500	31
5,29567	31
5,29633	31
5,29700	31
5,29767	31
5,29833	31
5,29900	31
5,29967	31
5,30033	31
5,30100	31
5,30167	31
5,30233	31
5,30300	31
5,30367	31
5,30433	31
5,30500	30
5,30567	30
5,30633	30
5,30700	30
5,30767	30
5,30833	30
5,30900	30
5,30967	30
5,31033	30
5,31100	30
5,31167	30
5,31233	30
5,31300	30
5,31367	29
5,31433	29
5,31500	29
5,31567	29
5,31633	29
5,31700	29
5,31767	29
5,31833	29
5,31900	29
5,31967	29
5,32033	29
5,32100	29
5,32167	30
5,32233	30
5,32300	30
5,32367	29
5,32433	29
5,32500	29
5,32567	30
5,32633	30
5,32700	30
5,32767	30
5,32833	30
5,32900	30
5,32967	31
5,33033	31
5,33100	31
5,33167	31
5,33233	31
5,33300	31
5,33367	31
5,33433	31
5,33500	31
5,33567	31
5,33633	30
5,33700	30
5,33767	31
5,33833	31
5,33900	31
5,33967	31
5,34033	31
5,34100	31
5,34167	31
5,34233	31
5,34300	31
5,34367	31
5,34433	31
5,34500	30
5,34567	30
5,34633	30
5,34700	30
5,34767	30
5,34833	30
5,34900	30
5,34967	30
5,35033	30
5,35100	30
5,35167	30
5,35233	30
5,35300	30
5,35367	30
5,35433	30
5,35500	30
5,35567	30
5,35633	29
5,35700	29
5,35767	29
5,35833	29
5,35900	29
5,35967	29
5,36033	29
5,36100	29
5,36167	29
5,36233	29
5,36300	29
5,36367	29
5,36433	29
5,36500	29
5,36567	29
5,36633	29
5,36700	28
5,36767	28
5,36833	28
5,36900	28
5,36967	27
5,37033	27
5,37100	27
5,37167	27
5,37233	27
5,37300	27
5,37367	27
5,37433	27
5,37500	27
5,37567	26
5,37633	26
5,37700	26
5,37767	26
5,37833	26
5,37900	26
5,37967	26
5,38033	25
5,38100	25
5,38167	25
5,38233	25
5,38300	25
5,38367	25
5,38433	26
5,38500	26
5,38567	26
5,38633	26
5,38700	26
5,38767	26
5,38833	26
5,38900	26
5,38967	26
5,39033	27
5,39100	27
5,39167	27
5,39233	28
5,39300	28
5,39367	28
5,39433	28
5,39500	28
5,39567	28
5,39633	29
5,39700	29
5,39767	28
5,39833	28
5,39900	28
5,39967	28
5,40033	28
5,40100	27
5,40167	27
5,40233	27
5,40300	27
5,40367	27
5,40433	27
5,40500	27
5,40567	27
5,40633	27
5,40700	27
5,40767	27
5,40833	28
5,40900	28
5,40967	28
5,41033	28
5,41100	29
5,41167	29
5,41233	29
5,41300	29
5,41367	30
5,41433	30
5,41500	30
5,41567	30
5,41633	30
5,41700	30
5,41767	30
5,41833	30
5,41900	29
5,41967	29
5,42033	29
5,42100	29
5,42167	29
5,42233	29
5,42300	29
5,42367	29
5,42433	29
5,42500	29
5,42567	29
5,42633	29
5,42700	29
5,42767	29
5,42833	29
5,42900	29
5,42967	29
5,43033	29
5,43100	29
5,43167	29
5,43233	29
5,43300	29
5,43367	29
5,43433	29
5,43500	29
5,43567	29
5,43633	29
5,43700	29
5,43767	29
5,43833	30
5,43900	30
5,43967	30
5,44033	30
5,44100	30
5,44167	30
5,44233	30
5,44300	30
5,44367	30
5,44433	30
5,44500	30
5,44567	30
5,44633	30
5,44700	30
5,44767	30
5,44833	30
5,44900	30
5,44967	30
5,45033	30
5,45100	30
5,45167	30
5,45233	30
5,45300	30
5,45367	29
5,45433	29
5,45500	29
5,45567	29
5,45633	29
5,45700	29
5,45767	29
5,45833	29
5,45900	29
5,45967	29
5,46033	29
5,46100	29
5,46167	29
5,46233	29
5,46300	29
5,46367	29
5,46433	29
5,46500	29
5,46567	29
5,46633	29
5,46700	29
5,46767	29
5,46833	29
5,46900	29
5,46967	29
5,47033	28
5,47100	28
5,47167	28
5,47233	28
5,47300	28
5,47367	28
5,47433	28
5,47500	29
5,47567	29
5,47633	29
5,47700	29
5,47767	29
5,47833	29
5,47900	30
5,47967	30
5,48033	30
5,48100	30
5,48167	30
5,48233	30
5,48300	31
5,48367	31
5,48433	31
5,48500	31
5,48567	32
5,48633	32
5,48700	32
5,48767	32
5,48833	32
5,48900	32
5,48967	32
5,49033	32
5,49100	31
5,49167	31
5,49233	31
5,49300	31
5,49367	31
5,49433	31
5,49500	31
5,49567	31
5,49633	31
5,49700	31
5,49767	31
5,49833	31
5,49900	31
5,49967	32
5,50033	32
5,50100	33
5,50167	34
5,50233	35
5,50300	36
5,50367	38
5,50433	40
5,50500	42
5,50567	45
5,50633	48
5,50700	52
5,50767	57
5,50833	63
5,50900	70
5,50967	78
5,51033	87
5,51100	97
5,51167	109
5,51233	121
5,51300	135
5,51367	150
5,51433	166
5,51500	182
5,51567	200
5,51633	217
5,51700	235
5,51767	253
5,51833	271
5,51900	288
5,51967	305
5,52033	321
5,52100	335
5,52167	349
5,52233	360
5,52300	371
5,52367	380
5,52433	387
5,52500	392
5,52567	396
5,52633	397
5,52700	398
5,52767	396
5,52833	393
5,52900	388
5,52967	382
5,53033	375
5,53100	367
5,53167	358
5,53233	348
5,53300	337
5,53367	326
5,53433	314
5,53500	302
5,53567	290
5,53633	278
5,53700	265
5,53767	253
5,53833	241
5,53900	229
5,53967	217
5,54033	206
5,54100	195
5,54167	184
5,54233	174
5,54300	165
5,54367	155
5,54433	147
5,54500	139
5,54567	131
5,54633	124
5,54700	117
5,54767	111
5,54833	105
5,54900	99
5,54967	94
5,55033	89
5,55100	84
5,55167	80
5,55233	76
5,55300	72
5,55367	68
5,55433	65
5,55500	62
5,55567	59
5,55633	56
5,55700	54
5,55767	51
5,55833	49
5,55900	47
5,55967	45
5,56033	43
5,56100	42
5,56167	40
5,56233	39
5,56300	37
5,56367	36
5,56433	35
5,56500	34
5,56567	34
5,56633	33
5,56700	32
5,56767	32
5,56833	31
5,56900	31
5,56967	31
5,57033	30
5,57100	30
5,57167	29
5,57233	29
5,57300	28
5,57367	28
5,57433	27
5,57500	27
5,57567	27
5,57633	27
5,57700	27
5,57767	26
5,57833	26
5,57900	26
5,57967	26
5,58033	26
5,58100	26
5,58167	26
5,58233	26
5,58300	26
5,58367	26
5,58433	26
5,58500	26
5,58567	26
5,58633	25
5,58700	25
5,58767	25
5,58833	25
5,58900	25
5,58967	25
5,59033	25
5,59100	25
5,59167	25
5,59233	25
5,59300	25
5,59367	25
5,59433	25
5,59500	25
5,59567	25
5,59633	25
5,59700	25
5,59767	26
5,59833	26
5,59900	27
5,59967	27
5,60033	27
5,60100	28
5,60167	28
5,60233	27
5,60300	27
5,60367	27
5,60433	27
5,60500	27
5,60567	27
5,60633	27
5,60700	27
5,60767	26
5,60833	26
5,60900	26
5,60967	26
5,61033	26
5,61100	26
5,61167	26
5,61233	26
5,61300	26
5,61367	26
5,61433	25
5,61500	25
5,61567	25
5,61633	25
5,61700	25
5,61767	25
5,61833	25
5,61900	25
5,61967	25
5,62033	25
5,62100	25
5,62167	26
5,62233	26
5,62300	26
5,62367	26
5,62433	26
5,62500	27
5,62567	27
5,62633	27
5,62700	27
5,62767	27
5,62833	27
5,62900	27
5,62967	26
5,63033	26
5,63100	26
5,63167	26
5,63233	26
5,63300	25
5,63367	25
5,63433	24
5,63500	24
5,63567	24
5,63633	23
5,63700	23
5,63767	23
5,63833	23
5,63900	23
5,63967	23
5,64033	23
5,64100	23
5,64167	23
5,64233	23
5,64300	23
5,64367	23
5,64433	23
5,64500	23
5,64567	23
5,64633	23
5,64700	23
5,64767	23
5,64833	23
5,64900	23
5,64967	22
5,65033	22
5,65100	22
5,65167	22
5,65233	21
5,65300	21
5,65367	20
5,65433	20
5,65500	21
5,65567	21
5,65633	21
5,65700	22
5,65767	22
5,65833	23
5,65900	23
5,65967	23
5,66033	24
5,66100	24
5,66167	24
5,66233	24
5,66300	23
5,66367	23
5,66433	23
5,66500	23
5,66567	22
5,66633	22
5,66700	22
5,66767	22
5,66833	21
5,66900	21
5,66967	21
5,67033	21
5,67100	21
5,67167	21
5,67233	21
5,67300	21
5,67367	21
5,67433	21
5,67500	21
5,67567	21
5,67633	21
5,67700	21
5,67767	21
5,67833	21
5,67900	21
5,67967	21
5,68033	21
5,68100	21
5,68167	22
5,68233	22
5,68300	22
5,68367	22
5,68433	23
5,68500	23
5,68567	23
5,68633	23
5,68700	23
5,68767	23
5,68833	23
5,68900	23
5,68967	23
5,69033	22
5,69100	22
5,69167	22
5,69233	22
5,69300	22
5,69367	21
5,69433	21
5,69500	21
5,69567	21
5,69633	21
5,69700	21
5,69767	21
5,69833	21
5,69900	21
5,69967	21
5,70033	22
5,70100	22
5,70167	23
5,70233	23
5,70300	23
5,70367	23
5,70433	23
5,70500	24
5,70567	24
5,70633	24
5,70700	24
5,70767	24
5,70833	25
5,70900	25
5,70967	25
5,71033	26
5,71100	26
5,71167	26
5,71233	27
5,71300	27
5,71367	27
5,71433	28
5,71500	28
5,71567	28
5,71633	29
5,71700	30
5,71767	30
5,71833	31
5,71900	32
5,71967	33
5,72033	34
5,72100	35
5,72167	36
5,72233	37
5,72300	39
5,72367	40
5,72433	42
5,72500	43
5,72567	44
5,72633	45
5,72700	46
5,72767	47
5,72833	48
5,72900	49
5,72967	49
5,73033	50
5,73100	50
5,73167	50
5,73233	50
5,73300	49
5,73367	49
5,73433	49
5,73500	48
5,73567	48
5,73633	47
5,73700	47
5,73767	46
5,73833	45
5,73900	45
5,73967	44
5,74033	43
5,74100	42
5,74167	42
5,74233	41
5,74300	40
5,74367	39
5,74433	39
5,74500	38
5,74567	38
5,74633	37
5,74700	37
5,74767	36
5,74833	35
5,74900	35
5,74967	34
5,75033	34
5,75100	33
5,75167	32
5,75233	32
5,75300	31
5,75367	31
5,75433	30
5,75500	29
5,75567	29
5,75633	28
5,75700	27
5,75767	27
5,75833	27
5,75900	26
5,75967	26
5,76033	26
5,76100	25
5,76167	25
5,76233	25
5,76300	25
5,76367	25
5,76433	25
5,76500	25
5,76567	25
5,76633	25
5,76700	25
5,76767	25
5,76833	24
5,76900	24
5,76967	24
5,77033	24
5,77100	24
5,77167	23
5,77233	23
5,77300	23
5,77367	22
5,77433	22
5,77500	22
5,77567	22
5,77633	22
5,77700	22
5,77767	22
5,77833	23
5,77900	23
5,77967	23
5,78033	23
5,78100	23
5,78167	23
5,78233	23
5,78300	23
5,78367	23
5,78433	23
5,78500	24
5,78567	24
5,78633	24
5,78700	24
5,78767	24
5,78833	24
5,78900	24
5,78967	24
5,79033	24
5,79100	25
5,79167	25
5,79233	25
5,79300	25
5,79367	24
5,79433	24
5,79500	24
5,79567	24
5,79633	24
5,79700	24
5,79767	24
5,79833	24
5,79900	24
5,79967	24
5,80033	24
5,80100	25
5,80167	25
5,80233	25
5,80300	25
5,80367	24
5,80433	24
5,80500	24
5,80567	24
5,80633	23
5,80700	23
5,80767	23
5,80833	22
5,80900	22
5,80967	22
5,81033	22
5,81100	22
5,81167	22
5,81233	22
5,81300	22
5,81367	22
5,81433	22
5,81500	22
5,81567	21
5,81633	21
5,81700	21
5,81767	21
5,81833	21
5,81900	21
5,81967	20
5,82033	20
5,82100	20
5,82167	21
5,82233	21
5,82300	21
5,82367	21
5,82433	20
5,82500	20
5,82567	20
5,82633	20
5,82700	20
5,82767	20
5,82833	20
5,82900	20
5,82967	20
5,83033	20
5,83100	20
5,83167	20
5,83233	20
5,83300	20
5,83367	21
5,83433	21
5,83500	21
5,83567	21
5,83633	21
5,83700	21
5,83767	21
5,83833	21
5,83900	21
5,83967	21
5,84033	21
5,84100	21
5,84167	21
5,84233	21
5,84300	22
5,84367	22
5,84433	22
5,84500	22
5,84567	22
5,84633	22
5,84700	22
5,84767	23
5,84833	23
5,84900	23
5,84967	24
5,85033	24
5,85100	24
5,85167	25
5,85233	25
5,85300	25
5,85367	26
5,85433	26
5,85500	27
5,85567	27
5,85633	27
5,85700	28
5,85767	28
5,85833	28
5,85900	29
5,85967	29
5,86033	29
5,86100	29
5,86167	29
5,86233	29
5,86300	29
5,86367	29
5,86433	29
5,86500	29
5,86567	30
5,86633	30
5,86700	30
5,86767	30
5,86833	30
5,86900	30
5,86967	30
5,87033	30
5,87100	30
5,87167	30
5,87233	30
5,87300	30
5,87367	29
5,87433	29
5,87500	29
5,87567	29
5,87633	29
5,87700	28
5,87767	28
5,87833	28
5,87900	28
5,87967	28
5,88033	27
5,88100	27
5,88167	27
5,88233	27
5,88300	27
5,88367	28
5,88433	28
5,88500	28
5,88567	28
5,88633	29
5,88700	29
5,88767	29
5,88833	29
5,88900	29
5,88967	29
5,89033	30
5,89100	30
5,89167	30
5,89233	30
5,89300	30
5,89367	30
5,89433	30
5,89500	30
5,89567	31
5,89633	31
5,89700	31
5,89767	31
5,89833	32
5,89900	32
5,89967	31
5,90033	31
5,90100	31
5,90167	31
5,90233	31
5,90300	32
5,90367	32
5,90433	32
5,90500	32
5,90567	32
5,90633	32
5,90700	33
5,90767	33
5,90833	33
5,90900	33
5,90967	33
5,91033	33
5,91100	33
5,91167	33
5,91233	33
5,91300	33
5,91367	32
5,91433	32
5,91500	32
5,91567	32
5,91633	32
5,91700	32
5,91767	32
5,91833	32
5,91900	32
5,91967	32
5,92033	32
5,92100	32
5,92167	32
5,92233	32
5,92300	32
5,92367	31
5,92433	31
5,92500	31
5,92567	30
5,92633	30
5,92700	30
5,92767	30
5,92833	29
5,92900	29
5,92967	29
5,93033	29
5,93100	29
5,93167	28
5,93233	28
5,93300	28
5,93367	28
5,93433	28
5,93500	28
5,93567	28
5,93633	28
5,93700	28
5,93767	28
5,93833	28
5,93900	28
5,93967	28
5,94033	27
5,94100	27
5,94167	27
5,94233	26
5,94300	26
5,94367	26
5,94433	26
5,94500	26
5,94567	26
5,94633	26
5,94700	26
5,94767	26
5,94833	27
5,94900	27
5,94967	27
5,95033	27
5,95100	28
5,95167	28
5,95233	28
5,95300	28
5,95367	28
5,95433	28
5,95500	28
5,95567	29
5,95633	29
5,95700	29
5,95767	30
5,95833	30
5,95900	31
5,95967	31
5,96033	32
5,96100	33
5,96167	34
5,96233	36
5,96300	37
5,96367	40
5,96433	42
5,96500	45
5,96567	48
5,96633	52
5,96700	57
5,96767	61
5,96833	67
5,96900	73
5,96967	80
5,97033	87
5,97100	96
5,97167	105
5,97233	115
5,97300	125
5,97367	136
5,97433	147
5,97500	158
5,97567	169
5,97633	180
5,97700	191
5,97767	202
5,97833	212
5,97900	222
5,97967	232
5,98033	241
5,98100	249
5,98167	256
5,98233	262
5,98300	268
5,98367	272
5,98433	275
5,98500	277
5,98567	278
5,98633	278
5,98700	277
5,98767	276
5,98833	273
5,98900	270
5,98967	265
5,99033	261
5,99100	255
5,99167	250
5,99233	244
5,99300	237
5,99367	231
5,99433	224
5,99500	218
5,99567	211
5,99633	204
5,99700	197
5,99767	190
5,99833	183
5,99900	176
5,99967	170
6,00033	163
6,00100	157
6,00167	151
6,00233	145
6,00300	140
6,00367	134
6,00433	129
6,00500	124
6,00567	119
6,00633	114
6,00700	110
6,00767	106
6,00833	102
6,00900	98
6,00967	94
6,01033	91
6,01100	87
6,01167	84
6,01233	81
6,01300	79
6,01367	76
6,01433	74
6,01500	72
6,01567	70
6,01633	68
6,01700	66
6,01767	64
6,01833	62
6,01900	61
6,01967	59
6,02033	58
6,02100	56
6,02167	55
6,02233	54
6,02300	53
6,02367	52
6,02433	51
6,02500	50
6,02567	49
6,02633	48
6,02700	48
6,02767	47
6,02833	46
6,02900	46
6,02967	45
6,03033	45
6,03100	45
6,03167	44
6,03233	44
6,03300	43
6,03367	43
6,03433	43
6,03500	42
6,03567	42
6,03633	41
6,03700	41
6,03767	40
6,03833	40
6,03900	40
6,03967	39
6,04033	39
6,04100	39
6,04167	39
6,04233	38
6,04300	38
6,04367	38
6,04433	37
6,04500	37
6,04567	37
6,04633	36
6,04700	36
6,04767	36
6,04833	35
6,04900	35
6,04967	35
6,05033	34
6,05100	34
6,05167	34
6,05233	34
6,05300	34
6,05367	34
6,05433	34
6,05500	34
6,05567	34
6,05633	34
6,05700	34
6,05767	34
6,05833	33
6,05900	33
6,05967	33
6,06033	33
6,06100	32
6,06167	32
6,06233	32
6,06300	32
6,06367	32
6,06433	32
6,06500	31
6,06567	31
6,06633	31
6,06700	31
6,06767	31
6,06833	31
6,06900	31
6,06967	31
6,07033	31
6,07100	31
6,07167	31
6,07233	31
6,07300	31
6,07367	30
6,07433	30
6,07500	30
6,07567	30
6,07633	30
6,07700	29
6,07767	29
6,07833	29
6,07900	29
6,07967	29
6,08033	29
6,08100	28
6,08167	28
6,08233	28
6,08300	28
6,08367	28
6,08433	27
6,08500	27
6,08567	27
6,08633	27
6,08700	26
6,08767	26
6,08833	26
6,08900	26
6,08967	26
6,09033	26
6,09100	26
6,09167	26
6,09233	26
6,09300	26
6,09367	26
6,09433	26
6,09500	26
6,09567	26
6,09633	27
6,09700	27
6,09767	27
6,09833	28
6,09900	28
6,09967	28
6,10033	28
6,10100	28
6,10167	28
6,10233	28
6,10300	29
6,10367	28
6,10433	28
6,10500	28
6,10567	28
6,10633	28
6,10700	27
6,10767	27
6,10833	27
6,10900	27
6,10967	27
6,11033	26
6,11100	26
6,11167	26
6,11233	26
6,11300	26
6,11367	26
6,11433	25
6,11500	25
6,11567	25
6,11633	25
6,11700	25
6,11767	25
6,11833	25
6,11900	25
6,11967	25
6,12033	25
6,12100	25
6,12167	25
6,12233	25
6,12300	24
6,12367	24
6,12433	24
6,12500	24
6,12567	24
6,12633	24
6,12700	24
6,12767	24
6,12833	24
6,12900	24
6,12967	24
6,13033	24
6,13100	24
6,13167	24
6,13233	24
6,13300	24
6,13367	24
6,13433	25
6,13500	25
6,13567	25
6,13633	25
6,13700	24
6,13767	24
6,13833	24
6,13900	24
6,13967	24
6,14033	24
6,14100	24
6,14167	23
6,14233	24
6,14300	24
6,14367	24
6,14433	24
6,14500	24
6,14567	24
6,14633	24
6,14700	24
6,14767	24
6,14833	25
6,14900	25
6,14967	25
6,15033	26
6,15100	26
6,15167	26
6,15233	26
6,15300	27
6,15367	27
6,15433	27
6,15500	27
6,15567	27
6,15633	27
6,15700	27
6,15767	27
6,15833	26
6,15900	26
6,15967	26
6,16033	26
6,16100	26
6,16167	26
6,16233	25
6,16300	25
6,16367	25
6,16433	25
6,16500	25
6,16567	25
6,16633	25
6,16700	24
6,16767	24
6,16833	24
6,16900	24
6,16967	23
6,17033	23
6,17100	23
6,17167	23
6,17233	22
6,17300	22
6,17367	22
6,17433	22
6,17500	23
6,17567	23
6,17633	23
6,17700	23
6,17767	23
6,17833	23
6,17900	23
6,17967	23
6,18033	23
6,18100	23
6,18167	23
6,18233	24
6,18300	24
6,18367	24
6,18433	24
6,18500	24
6,18567	24
6,18633	24
6,18700	24
6,18767	24
6,18833	25
6,18900	25
6,18967	25
6,19033	25
6,19100	25
6,19167	25
6,19233	25
6,19300	26
6,19367	26
6,19433	26
6,19500	26
6,19567	26
6,19633	27
6,19700	26
6,19767	26
6,19833	26
6,19900	26
6,19967	26
6,20033	26
6,20100	25
6,20167	25
6,20233	25
6,20300	25
6,20367	25
6,20433	25
6,20500	25
6,20567	25
6,20633	26
6,20700	26
6,20767	26
6,20833	26
6,20900	26
6,20967	26
6,21033	26
6,21100	26
6,21167	26
6,21233	26
6,21300	26
6,21367	25
6,21433	25
6,21500	25
6,21567	25
6,21633	24
6,21700	24
6,21767	23
6,21833	23
6,21900	23
6,21967	22
6,22033	22
6,22100	22
6,22167	21
6,22233	21
6,22300	21
6,22367	21
6,22433	21
6,22500	21
6,22567	21
6,22633	21
6,22700	21
6,22767	21
6,22833	21
6,22900	20
6,22967	20
6,23033	20
6,23100	20
6,23167	20
6,23233	20
6,23300	20
6,23367	20
6,23433	20
6,23500	20
6,23567	20
6,23633	20
6,23700	20
6,23767	20
6,23833	20
6,23900	21
6,23967	21
6,24033	21
6,24100	21
6,24167	21
6,24233	20
6,24300	20
6,24367	20
6,24433	21
6,24500	21
6,24567	21
6,24633	21
6,24700	20
6,24767	20
6,24833	20
6,24900	20
6,24967	20
6,25033	20
6,25100	20
6,25167	20
6,25233	20
6,25300	20
6,25367	20
6,25433	20
6,25500	20
6,25567	20
6,25633	21
6,25700	21
6,25767	21
6,25833	22
6,25900	22
6,25967	22
6,26033	22
6,26100	22
6,26167	22
6,26233	22
6,26300	22
6,26367	22
6,26433	22
6,26500	22
6,26567	22
6,26633	22
6,26700	22
6,26767	22
6,26833	22
6,26900	22
6,26967	22
6,27033	23
6,27100	23
6,27167	23
6,27233	23
6,27300	24
6,27367	24
6,27433	24
6,27500	24
6,27567	24
6,27633	24
6,27700	24
6,27767	24
6,27833	24
6,27900	24
6,27967	24
6,28033	24
6,28100	24
6,28167	24
6,28233	23
6,28300	23
6,28367	23
6,28433	23
6,28500	22
6,28567	22
6,28633	22
6,28700	22
6,28767	22
6,28833	21
6,28900	21
6,28967	21
6,29033	21
6,29100	22
6,29167	22
6,29233	22
6,29300	22
6,29367	23
6,29433	23
6,29500	23
6,29567	23
6,29633	24
6,29700	24
6,29767	24
6,29833	25
6,29900	25
6,29967	25
6,30033	25
6,30100	25
6,30167	25
6,30233	25
6,30300	25
6,30367	25
6,30433	25
6,30500	25
6,30567	25
6,30633	25
6,30700	25
6,30767	25
6,30833	25
6,30900	25
6,30967	25
6,31033	25
6,31100	25
6,31167	25
6,31233	25
6,31300	25
6,31367	25
6,31433	25
6,31500	25
6,31567	24
6,31633	24
6,31700	24
6,31767	24
6,31833	24
6,31900	24
6,31967	23
6,32033	23
6,32100	24
6,32167	24
6,32233	24
6,32300	24
6,32367	24
6,32433	24
6,32500	24
6,32567	24
6,32633	24
6,32700	24
6,32767	24
6,32833	24
6,32900	24
6,32967	24
6,33033	24
6,33100	24
6,33167	23
6,33233	24
6,33300	24
6,33367	24
6,33433	24
6,33500	24
6,33567	24
6,33633	24
6,33700	24
6,33767	24
6,33833	23
6,33900	23
6,33967	23
6,34033	23
6,34100	23
6,34167	22
6,34233	22
6,34300	22
6,34367	22
6,34433	22
6,34500	22
6,34567	22
6,34633	22
6,34700	22
6,34767	22
6,34833	22
6,34900	22
6,34967	22
6,35033	22
6,35100	22
6,35167	22
6,35233	22
6,35300	22
6,35367	22
6,35433	22
6,35500	22
6,35567	23
6,35633	23
6,35700	23
6,35767	23
6,35833	23
6,35900	23
6,35967	23
6,36033	23
6,36100	24
6,36167	24
6,36233	24
6,36300	25
6,36367	25
6,36433	25
6,36500	25
6,36567	25
6,36633	25
6,36700	25
6,36767	25
6,36833	25
6,36900	26
6,36967	26
6,37033	26
6,37100	26
6,37167	26
6,37233	26
6,37300	26
6,37367	26
6,37433	26
6,37500	26
6,37567	26
6,37633	26
6,37700	26
6,37767	26
6,37833	26
6,37900	26
6,37967	26
6,38033	26
6,38100	26
6,38167	26
6,38233	26
6,38300	26
6,38367	26
6,38433	26
6,38500	26
6,38567	26
6,38633	26
6,38700	26
6,38767	27
6,38833	27
6,38900	27
6,38967	27
6,39033	28
6,39100	28
6,39167	28
6,39233	28
6,39300	28
6,39367	29
6,39433	29
6,39500	29
6,39567	29
6,39633	29
6,39700	29
6,39767	29
6,39833	30
6,39900	30
6,39967	30
6,40033	30
6,40100	30
6,40167	30
6,40233	30
6,40300	29
6,40367	29
6,40433	29
6,40500	29
6,40567	29
6,40633	29
6,40700	29
6,40767	29
6,40833	29
6,40900	29
6,40967	29
6,41033	29
6,41100	29
6,41167	29
6,41233	29
6,41300	29
6,41367	29
6,41433	29
6,41500	28
6,41567	28
6,41633	28
6,41700	28
6,41767	28
6,41833	28
6,41900	28
6,41967	28
6,42033	28
6,42100	28
6,42167	28
6,42233	28
6,42300	28
6,42367	28
6,42433	28
6,42500	28
6,42567	28
6,42633	29
6,42700	29
6,42767	29
6,42833	29
6,42900	30
6,42967	30
6,43033	31
6,43100	31
6,43167	32
6,43233	32
6,43300	32
6,43367	32
6,43433	33
6,43500	33
6,43567	33
6,43633	33
6,43700	33
6,43767	33
6,43833	33
6,43900	33
6,43967	33
6,44033	33
6,44100	32
6,44167	32
6,44233	32
6,44300	32
6,44367	32
6,44433	32
6,44500	32
6,44567	32
6,44633	32
6,44700	32
6,44767	32
6,44833	31
6,44900	31
6,44967	31
6,45033	31
6,45100	32
6,45167	32
6,45233	32
6,45300	32
6,45367	32
6,45433	32
6,45500	31
6,45567	31
6,45633	31
6,45700	30
6,45767	30
6,45833	29
6,45900	29
6,45967	29
6,46033	29
6,46100	28
6,46167	28
6,46233	28
6,46300	28
6,46367	28
6,46433	28
6,46500	27
6,46567	27
6,46633	27
6,46700	27
6,46767	27
6,46833	27
6,46900	27
6,46967	27
6,47033	27
6,47100	27
6,47167	27
6,47233	27
6,47300	27
6,47367	28
6,47433	28
6,47500	28
6,47567	28
6,47633	28
6,47700	29
6,47767	29
6,47833	29
6,47900	30
6,47967	30
6,48033	30
6,48100	30
6,48167	30
6,48233	30
6,48300	30
6,48367	30
6,48433	30
6,48500	30
6,48567	30
6,48633	30
6,48700	30
6,48767	29
6,48833	29
6,48900	29
6,48967	29
6,49033	29
6,49100	29
6,49167	30
6,49233	30
6,49300	30
6,49367	30
6,49433	30
6,49500	30
6,49567	30
6,49633	30
6,49700	30
6,49767	30
6,49833	30
6,49900	29
6,49967	29
6,50033	29
6,50100	29
6,50167	29
6,50233	29
6,50300	29
6,50367	29
6,50433	29
6,50500	30
6,50567	30
6,50633	30
6,50700	31
6,50767	31
6,50833	32
6,50900	32
6,50967	32
6,51033	32
6,51100	32
6,51167	32
6,51233	32
6,51300	32
6,51367	32
6,51433	32
6,51500	32
6,51567	31
6,51633	31
6,51700	31
6,51767	31
6,51833	30
6,51900	30
6,51967	29
6,52033	29
6,52100	29
6,52167	29
6,52233	29
6,52300	29
6,52367	29
6,52433	29
6,52500	29
6,52567	28
6,52633	28
6,52700	28
6,52767	28
6,52833	28
6,52900	27
6,52967	27
6,53033	27
6,53100	27
6,53167	27
6,53233	27
6,53300	26
6,53367	26
6,53433	26
6,53500	26
6,53567	26
6,53633	26
6,53700	26
6,53767	26
6,53833	26
6,53900	26
6,53967	26
6,54033	26
6,54100	26
6,54167	25
6,54233	25
6,54300	25
6,54367	25
6,54433	25
6,54500	26
6,54567	26
6,54633	25
6,54700	25
6,54767	25
6,54833	25
6,54900	25
6,54967	24
6,55033	24
6,55100	24
6,55167	24
6,55233	24
6,55300	23
6,55367	23
6,55433	23
6,55500	23
6,55567	23
6,55633	23
6,55700	23
6,55767	23
6,55833	23
6,55900	23
6,55967	23
6,56033	23
6,56100	23
6,56167	23
6,56233	23
6,56300	23
6,56367	23
6,56433	22
6,56500	22
6,56567	22
6,56633	22
6,56700	23
6,56767	23
6,56833	23
6,56900	23
6,56967	23
6,57033	24
6,57100	24
6,57167	24
6,57233	24
6,57300	25
6,57367	25
6,57433	25
6,57500	25
6,57567	25
6,57633	26
6,57700	26
6,57767	26
6,57833	26
6,57900	26
6,57967	27
6,58033	27
6,58100	27
6,58167	26
6,58233	26
6,58300	26
6,58367	26
6,58433	26
6,58500	26
6,58567	26
6,58633	26
6,58700	26
6,58767	26
6,58833	26
6,58900	26
6,58967	26
6,59033	26
6,59100	26
6,59167	26
6,59233	26
6,59300	26
6,59367	26
6,59433	25
6,59500	25
6,59567	25
6,59633	24
6,59700	24
6,59767	24
6,59833	24
6,59900	24
6,59967	24
6,60033	25
6,60100	25
6,60167	25
6,60233	26
6,60300	26
6,60367	26
6,60433	26
6,60500	27
6,60567	27
6,60633	27
6,60700	27
6,60767	27
6,60833	27
6,60900	27
6,60967	27
6,61033	27
6,61100	27
6,61167	27
6,61233	27
6,61300	26
6,61367	26
6,61433	26
6,61500	26
6,61567	26
6,61633	26
6,61700	26
6,61767	26
6,61833	26
6,61900	26
6,61967	26
6,62033	26
6,62100	26
6,62167	26
6,62233	26
6,62300	26
6,62367	26
6,62433	26
6,62500	26
6,62567	26
6,62633	26
6,62700	26
6,62767	26
6,62833	26
6,62900	26
6,62967	26
6,63033	26
6,63100	26
6,63167	26
6,63233	26
6,63300	26
6,63367	26
6,63433	26
6,63500	26
6,63567	26
6,63633	26
6,63700	26
6,63767	26
6,63833	26
6,63900	25
6,63967	25
6,64033	25
6,64100	25
6,64167	25
6,64233	25
6,64300	26
6,64367	26
6,64433	26
6,64500	26
6,64567	26
6,64633	26
6,64700	26
6,64767	26
6,64833	26
6,64900	26
6,64967	26
6,65033	26
6,65100	26
6,65167	26
6,65233	27
6,65300	27
6,65367	27
6,65433	27
6,65500	27
6,65567	27
6,65633	27
6,65700	27
6,65767	27
6,65833	26
6,65900	26
6,65967	26
6,66033	26
6,66100	25
6,66167	25
6,66233	25
6,66300	25
6,66367	25
6,66433	25
6,66500	24
6,66567	24
6,66633	24
6,66700	24
6,66767	24
6,66833	24
6,66900	24
6,66967	23
6,67033	23
6,67100	23
6,67167	22
6,67233	22
6,67300	21
6,67367	21
6,67433	21
6,67500	20
6,67567	20
6,67633	20
6,67700	20
6,67767	20
6,67833	20
6,67900	20
6,67967	20
6,68033	20
6,68100	20
6,68167	20
6,68233	20
6,68300	20
6,68367	21
6,68433	21
6,68500	21
6,68567	21
6,68633	22
6,68700	22
6,68767	22
6,68833	22
6,68900	22
6,68967	22
6,69033	22
6,69100	22
6,69167	22
6,69233	22
6,69300	22
6,69367	22
6,69433	22
6,69500	22
6,69567	22
6,69633	22
6,69700	22
6,69767	23
6,69833	23
6,69900	23
6,69967	23
6,70033	23
6,70100	23
6,70167	22
6,70233	22
6,70300	22
6,70367	22
6,70433	23
6,70500	23
6,70567	23
6,70633	23
6,70700	23
6,70767	24
6,70833	24
6,70900	24
6,70967	24
6,71033	24
6,71100	23
6,71167	23
6,71233	23
6,71300	23
6,71367	24
6,71433	24
6,71500	24
6,71567	24
6,71633	24
6,71700	25
6,71767	25
6,71833	25
6,71900	25
6,71967	26
6,72033	26
6,72100	26
6,72167	26
6,72233	26
6,72300	26
6,72367	27
6,72433	27
6,72500	27
6,72567	27
6,72633	27
6,72700	27
6,72767	28
6,72833	28
6,72900	28
6,72967	29
6,73033	29
6,73100	29
6,73167	30
6,73233	30
6,73300	30
6,73367	30
6,73433	30
6,73500	30
6,73567	30
6,73633	30
6,73700	30
6,73767	30
6,73833	30
6,73900	30
6,73967	30
6,74033	30
6,74100	30
6,74167	29
6,74233	29
6,74300	29
6,74367	29
6,74433	29
6,74500	29
6,74567	29
6,74633	29
6,74700	29
6,74767	30
6,74833	30
6,74900	30
6,74967	30
6,75033	30
6,75100	31
6,75167	31
6,75233	31
6,75300	31
6,75367	31
6,75433	31
6,75500	31
6,75567	31
6,75633	30
6,75700	30
6,75767	30
6,75833	30
6,75900	30
6,75967	30
6,76033	29
6,76100	29
6,76167	29
6,76233	29
6,76300	29
6,76367	29
6,76433	29
6,76500	29
6,76567	28
6,76633	28
6,76700	28
6,76767	28
6,76833	28
6,76900	28
6,76967	27
6,77033	27
6,77100	27
6,77167	27
6,77233	27
6,77300	27
6,77367	26
6,77433	26
6,77500	26
6,77567	25
6,77633	25
6,77700	25
6,77767	25
6,77833	25
6,77900	25
6,77967	26
6,78033	26
6,78100	26
6,78167	26
6,78233	26
6,78300	26
6,78367	25
6,78433	25
6,78500	25
6,78567	24
6,78633	24
6,78700	23
6,78767	23
6,78833	23
6,78900	23
6,78967	23
6,79033	22
6,79100	22
6,79167	22
6,79233	22
6,79300	22
6,79367	21
6,79433	21
6,79500	21
6,79567	21
6,79633	21
6,79700	21
6,79767	21
6,79833	21
6,79900	21
6,79967	21
6,80033	21
6,80100	22
6,80167	22
6,80233	22
6,80300	22
6,80367	23
6,80433	23
6,80500	23
6,80567	23
6,80633	23
6,80700	23
6,80767	23
6,80833	23
6,80900	23
6,80967	23
6,81033	23
6,81100	23
6,81167	23
6,81233	23
6,81300	23
6,81367	23
6,81433	23
6,81500	23
6,81567	23
6,81633	22
6,81700	22
6,81767	22
6,81833	22
6,81900	22
6,81967	21
6,82033	21
6,82100	21
6,82167	21
6,82233	20
6,82300	20
6,82367	20
6,82433	20
6,82500	20
6,82567	20
6,82633	21
6,82700	21
6,82767	21
6,82833	21
6,82900	20
6,82967	20
6,83033	20
6,83100	20
6,83167	20
6,83233	20
6,83300	20
6,83367	20
6,83433	19
6,83500	19
6,83567	19
6,83633	19
6,83700	19
6,83767	19
6,83833	19
6,83900	19
6,83967	19
6,84033	19
6,84100	20
6,84167	20
6,84233	20
6,84300	20
6,84367	21
6,84433	21
6,84500	21
6,84567	21
6,84633	21
6,84700	22
6,84767	22
6,84833	22
6,84900	22
6,84967	22
6,85033	22
6,85100	22
6,85167	22
6,85233	22
6,85300	22
6,85367	22
6,85433	22
6,85500	22
6,85567	22
6,85633	22
6,85700	21
6,85767	21
6,85833	21
6,85900	21
6,85967	21
6,86033	21
6,86100	20
6,86167	20
6,86233	20
6,86300	20
6,86367	20
6,86433	20
6,86500	20
6,86567	21
6,86633	21
6,86700	21
6,86767	21
6,86833	21
6,86900	21
6,86967	22
6,87033	21
6,87100	21
6,87167	21
6,87233	21
6,87300	21
6,87367	21
6,87433	22
6,87500	22
6,87567	22
6,87633	23
6,87700	23
6,87767	24
6,87833	24
6,87900	25
6,87967	25
6,88033	26
6,88100	27
6,88167	27
6,88233	28
6,88300	29
6,88367	30
6,88433	31
6,88500	32
6,88567	33
6,88633	34
6,88700	35
6,88767	37
6,88833	38
6,88900	39
6,88967	41
6,89033	42
6,89100	44
6,89167	46
6,89233	47
6,89300	49
6,89367	50
6,89433	52
6,89500	54
6,89567	55
6,89633	57
6,89700	59
6,89767	60
6,89833	62
6,89900	63
6,89967	65
6,90033	66
6,90100	68
6,90167	69
6,90233	70
6,90300	72
6,90367	73
6,90433	74
6,90500	75
6,90567	76
6,90633	77
6,90700	78
6,90767	79
6,90833	80
6,90900	81
6,90967	83
6,91033	83
6,91100	84
6,91167	85
6,91233	86
6,91300	87
6,91367	88
6,91433	89
6,91500	89
6,91567	90
6,91633	90
6,91700	91
6,91767	91
6,91833	92
6,91900	93
6,91967	94
6,92033	94
6,92100	95
6,92167	96
6,92233	96
6,92300	97
6,92367	98
6,92433	99
6,92500	99
6,92567	100
6,92633	100
6,92700	101
6,92767	101
6,92833	101
6,92900	102
6,92967	102
6,93033	102
6,93100	102
6,93167	103
6,93233	103
6,93300	103
6,93367	103
6,93433	103
6,93500	104
6,93567	104
6,93633	104
6,93700	104
6,93767	104
6,93833	104
6,93900	105
6,93967	105
6,94033	105
6,94100	105
6,94167	106
6,94233	106
6,94300	106
6,94367	106
6,94433	107
6,94500	107
6,94567	107
6,94633	107
6,94700	107
6,94767	106
6,94833	106
6,94900	106
6,94967	105
6,95033	105
6,95100	105
6,95167	105
6,95233	104
6,95300	104
6,95367	104
6,95433	103
6,95500	103
6,95567	102
6,95633	102
6,95700	101
6,95767	101
6,95833	100
6,95900	99
6,95967	99
6,96033	98
6,96100	97
6,96167	97
6,96233	96
6,96300	96
6,96367	96
6,96433	95
6,96500	95
6,96567	94
6,96633	94
6,96700	93
6,96767	92
6,96833	92
6,96900	91
6,96967	91
6,97033	91
6,97100	90
6,97167	90
6,97233	90
6,97300	90
6,97367	90
6,97433	90
6,97500	91
6,97567	91
6,97633	91
6,97700	91
6,97767	91
6,97833	91
6,97900	90
6,97967	90
6,98033	90
6,98100	89
6,98167	89
6,98233	89
6,98300	88
6,98367	88
6,98433	88
6,98500	87
6,98567	87
6,98633	87
6,98700	86
6,98767	86
6,98833	86
6,98900	85
6,98967	85
6,99033	85
6,99100	84
6,99167	84
6,99233	84
6,99300	84
6,99367	83
6,99433	83
6,99500	83
6,99567	83
6,99633	83
6,99700	83
6,99767	83
6,99833	83
6,99900	83
6,99967	82
7,00033	82
7,00100	82
7,00167	82
7,00233	82
7,00300	82
7,00367	82
7,00433	82
7,00500	81
7,00567	81
7,00633	81
7,00700	81
7,00767	80
7,00833	80
7,00900	80
7,00967	80
7,01033	79
7,01100	79
7,01167	78
7,01233	78
7,01300	77
7,01367	77
7,01433	76
7,01500	76
7,01567	75
7,01633	75
7,01700	74
7,01767	74
7,01833	74
7,01900	73
7,01967	73
7,02033	73
7,02100	72
7,02167	72
7,02233	72
7,02300	72
7,02367	72
7,02433	71
7,02500	71
7,02567	71
7,02633	71
7,02700	70
7,02767	70
7,02833	70
7,02900	69
7,02967	69
7,03033	69
7,03100	69
7,03167	69
7,03233	68
7,03300	68
7,03367	68
7,03433	68
7,03500	67
7,03567	67
7,03633	67
7,03700	67
7,03767	67
7,03833	66
7,03900	66
7,03967	66
7,04033	66
7,04100	66
7,04167	66
7,04233	65
7,04300	65
7,04367	65
7,04433	65
7,04500	65
7,04567	64
7,04633	64
7,04700	64
7,04767	64
7,04833	64
7,04900	64
7,04967	64
7,05033	64
7,05100	64
7,05167	64
7,05233	64
7,05300	64
7,05367	64
7,05433	64
7,05500	64
7,05567	64
7,05633	64
7,05700	63
7,05767	63
7,05833	63
7,05900	63
7,05967	63
7,06033	62
7,06100	62
7,06167	62
7,06233	61
7,06300	61
7,06367	61
7,06433	60
7,06500	60
7,06567	60
7,06633	60
7,06700	59
7,06767	59
7,06833	59
7,06900	59
7,06967	59
7,07033	58
7,07100	58
7,07167	58
7,07233	57
7,07300	57
7,07367	57
7,07433	57
7,07500	56
7,07567	56
7,07633	56
7,07700	55
7,07767	55
7,07833	55
7,07900	54
7,07967	54
7,08033	54
7,08100	54
7,08167	54
7,08233	54
7,08300	54
7,08367	54
7,08433	54
7,08500	54
7,08567	54
7,08633	54
7,08700	54
7,08767	53
7,08833	53
7,08900	53
7,08967	53
7,09033	53
7,09100	53
7,09167	53
7,09233	53
7,09300	53
7,09367	53
7,09433	53
7,09500	52
7,09567	52
7,09633	52
7,09700	52
7,09767	52
7,09833	52
7,09900	52
7,09967	52
7,10033	52
7,10100	52
7,10167	53
7,10233	53
7,10300	53
7,10367	53
7,10433	53
7,10500	53
7,10567	53
7,10633	52
7,10700	52
7,10767	52
7,10833	52
7,10900	52
7,10967	52
7,11033	52
7,11100	52
7,11167	52
7,11233	52
7,11300	52
7,11367	52
7,11433	52
7,11500	52
7,11567	52
7,11633	51
7,11700	51
7,11767	51
7,11833	51
7,11900	50
7,11967	50
7,12033	50
7,12100	49
7,12167	49
7,12233	49
7,12300	48
7,12367	48
7,12433	47
7,12500	47
7,12567	46
7,12633	46
7,12700	46
7,12767	46
7,12833	46
7,12900	45
7,12967	45
7,13033	45
7,13100	44
7,13167	44
7,13233	44
7,13300	44
7,13367	43
7,13433	43
7,13500	43
7,13567	43
7,13633	43
7,13700	43
7,13767	43
7,13833	43
7,13900	43
7,13967	43
7,14033	43
7,14100	43
7,14167	43
7,14233	44
7,14300	44
7,14367	44
7,14433	44
7,14500	44
7,14567	44
7,14633	44
7,14700	43
7,14767	43
7,14833	43
7,14900	43
7,14967	43
7,15033	43
7,15100	42
7,15167	42
7,15233	43
7,15300	43
7,15367	43
7,15433	43
7,15500	43
7,15567	43
7,15633	42
7,15700	42
7,15767	42
7,15833	42
7,15900	42
7,15967	42
7,16033	42
7,16100	42
7,16167	42
7,16233	42
7,16300	42
7,16367	42
7,16433	42
7,16500	42
7,16567	42
7,16633	42
7,16700	41
7,16767	41
7,16833	41
7,16900	40
7,16967	40
7,17033	40
7,17100	39
7,17167	39
7,17233	38
7,17300	38
7,17367	37
7,17433	37
7,17500	37
7,17567	37
7,17633	36
7,17700	36
7,17767	36
7,17833	36
7,17900	36
7,17967	36
7,18033	36
7,18100	36
7,18167	36
7,18233	36
7,18300	36
7,18367	36
7,18433	36
7,18500	36
7,18567	35
7,18633	35
7,18700	35
7,18767	35
7,18833	35
7,18900	35
7,18967	35
7,19033	35
7,19100	35
7,19167	36
7,19233	36
7,19300	36
7,19367	36
7,19433	36
7,19500	36
7,19567	37
7,19633	37
7,19700	37
7,19767	37
7,19833	37
7,19900	37
7,19967	37
7,20033	37
7,20100	37
7,20167	36
7,20233	36
7,20300	36
7,20367	36
7,20433	36
7,20500	35
7,20567	35
7,20633	35
7,20700	35
7,20767	35
7,20833	35
7,20900	35
7,20967	35
7,21033	35
7,21100	35
7,21167	36
7,21233	36
7,21300	36
7,21367	36
7,21433	36
7,21500	36
7,21567	36
7,21633	36
7,21700	36
7,21767	36
7,21833	37
7,21900	37
7,21967	37
7,22033	37
7,22100	37
7,22167	37
7,22233	37
7,22300	37
7,22367	37
7,22433	37
7,22500	37
7,22567	37
7,22633	37
7,22700	37
7,22767	37
7,22833	37
7,22900	37
7,22967	37
7,23033	37
7,23100	37
7,23167	37
7,23233	37
7,23300	37
7,23367	36
7,23433	36
7,23500	36
7,23567	36
7,23633	35
7,23700	35
7,23767	35
7,23833	35
7,23900	34
7,23967	35
7,24033	35
7,24100	35
7,24167	35
7,24233	35
7,24300	34
7,24367	34
7,24433	34
7,24500	34
7,24567	34
7,24633	34
7,24700	34
7,24767	34
7,24833	34
7,24900	34
7,24967	34
7,25033	34
7,25100	34
7,25167	34
7,25233	34
7,25300	34
7,25367	34
7,25433	34
7,25500	34
7,25567	33
7,25633	33
7,25700	33
7,25767	33
7,25833	33
7,25900	33
7,25967	33
7,26033	33
7,26100	33
7,26167	33
7,26233	34
7,26300	34
7,26367	34
7,26433	34
7,26500	34
7,26567	34
7,26633	34
7,26700	34
7,26767	33
7,26833	33
7,26900	33
7,26967	33
7,27033	33
7,27100	33
7,27167	33
7,27233	33
7,27300	33
7,27367	33
7,27433	33
7,27500	33
7,27567	33
7,27633	32
7,27700	32
7,27767	32
7,27833	31
7,27900	31
7,27967	31
7,28033	30
7,28100	30
7,28167	30
7,28233	30
7,28300	30
7,28367	30
7,28433	30
7,28500	30
7,28567	30
7,28633	30
7,28700	30
7,28767	30
7,28833	30
7,28900	29
7,28967	29
7,29033	29
7,29100	29
7,29167	29
7,29233	30
7,29300	30
7,29367	30
7,29433	30
7,29500	30
7,29567	30
7,29633	30
7,29700	30
7,29767	30
7,29833	29
7,29900	29
7,29967	29
7,30033	29
7,30100	29
7,30167	29
7,30233	28
7,30300	28
7,30367	28
7,30433	28
7,30500	28
7,30567	28
7,30633	28
7,30700	28
7,30767	28
7,30833	28
7,30900	27
7,30967	27
7,31033	27
7,31100	27
7,31167	27
7,31233	27
7,31300	27
7,31367	27
7,31433	27
7,31500	27
7,31567	28
7,31633	28
7,31700	28
7,31767	29
7,31833	29
7,31900	29
7,31967	29
7,32033	30
7,32100	30
7,32167	30
7,32233	30
7,32300	30
7,32367	30
7,32433	31
7,32500	31
7,32567	31
7,32633	31
7,32700	31
7,32767	31
7,32833	32
7,32900	32
7,32967	32
7,33033	32
7,33100	32
7,33167	32
7,33233	33
7,33300	33
7,33367	33
7,33433	33
7,33500	33
7,33567	33
7,33633	33
7,33700	33
7,33767	33
7,33833	33
7,33900	33
7,33967	33
7,34033	33
7,34100	33
7,34167	33
7,34233	33
7,34300	33
7,34367	34
7,34433	34
7,34500	34
7,34567	33
7,34633	33
7,34700	33
7,34767	33
7,34833	32
7,34900	32
7,34967	32
7,35033	32
7,35100	32
7,35167	31
7,35233	31
7,35300	31
7,35367	31
7,35433	31
7,35500	31
7,35567	31
7,35633	31
7,35700	31
7,35767	31
7,35833	31
7,35900	31
7,35967	31
7,36033	31
7,36100	31
7,36167	31
7,36233	30
7,36300	30
7,36367	30
7,36433	30
7,36500	30
7,36567	29
7,36633	29
7,36700	30
7,36767	30
7,36833	30
7,36900	30
7,36967	30
7,37033	30
7,37100	31
7,37167	31
7,37233	31
7,37300	32
7,37367	32
7,37433	32
7,37500	32
7,37567	32
7,37633	33
7,37700	33
7,37767	33
7,37833	33
7,37900	33
7,37967	33
7,38033	33
7,38100	33
7,38167	33
7,38233	33
7,38300	32
7,38367	32
7,38433	32
7,38500	31
7,38567	31
7,38633	31
7,38700	30
7,38767	30
7,38833	30
7,38900	29
7,38967	29
7,39033	29
7,39100	29
7,39167	29
7,39233	29
7,39300	28
7,39367	28
7,39433	28
7,39500	28
7,39567	28
7,39633	28
7,39700	28
7,39767	28
7,39833	28
7,39900	28
7,39967	28
7,40033	28
7,40100	28
7,40167	28
7,40233	29
7,40300	29
7,40367	29
7,40433	29
7,40500	28
7,40567	29
7,40633	29
7,40700	29
7,40767	29
7,40833	29
7,40900	29
7,40967	29
7,41033	29
7,41100	29
7,41167	29
7,41233	30
7,41300	30
7,41367	30
7,41433	30
7,41500	30
7,41567	30
7,41633	30
7,41700	30
7,41767	30
7,41833	30
7,41900	30
7,41967	30
7,42033	30
7,42100	30
7,42167	30
7,42233	30
7,42300	31
7,42367	31
7,42433	31
7,42500	31
7,42567	31
7,42633	31
7,42700	31
7,42767	31
7,42833	31
7,42900	31
7,42967	31
7,43033	31
7,43100	31
7,43167	31
7,43233	31
7,43300	31
7,43367	32
7,43433	32
7,43500	32
7,43567	32
7,43633	32
7,43700	32
7,43767	32
7,43833	32
7,43900	33
7,43967	33
7,44033	33
7,44100	33
7,44167	34
7,44233	34
7,44300	34
7,44367	34
7,44433	34
7,44500	34
7,44567	34
7,44633	34
7,44700	34
7,44767	34
7,44833	34
7,44900	34
7,44967	34
7,45033	34
7,45100	33
7,45167	33
7,45233	33
7,45300	33
7,45367	33
7,45433	33
7,45500	33
7,45567	33
7,45633	33
7,45700	33
7,45767	32
7,45833	32
7,45900	32
7,45967	32
7,46033	32
7,46100	32
7,46167	33
7,46233	33
7,46300	33
7,46367	33
7,46433	34
7,46500	34
7,46567	34
7,46633	34
7,46700	34
7,46767	34
7,46833	34
7,46900	35
7,46967	35
7,47033	35
7,47100	35
7,47167	35
7,47233	35
7,47300	35
7,47367	35
7,47433	34
7,47500	34
7,47567	34
7,47633	34
7,47700	34
7,47767	34
7,47833	34
7,47900	34
7,47967	34
7,48033	35
7,48100	35
7,48167	35
7,48233	35
7,48300	36
7,48367	36
7,48433	36
7,48500	36
7,48567	36
7,48633	37
7,48700	38
7,48767	39
7,48833	42
7,48900	45
7,48967	50
7,49033	56
7,49100	65
7,49167	76
7,49233	92
7,49300	112
7,49367	139
7,49433	173
7,49500	216
7,49567	270
7,49633	336
7,49700	417
7,49767	513
7,49833	628
7,49900	761
7,49967	914
7,50033	1088
7,50100	1284
7,50167	1500
7,50233	1737
7,50300	1993
7,50367	2266
7,50433	2554
7,50500	2854
7,50567	3162
7,50633	3477
7,50700	3793
7,50767	4107
7,50833	4417
7,50900	4719
7,50967	5010
7,51033	5287
7,51100	5548
7,51167	5789
7,51233	6009
7,51300	6208
7,51367	6383
7,51433	6536
7,51500	6664
7,51567	6768
7,51633	6847
7,51700	6902
7,51767	6933
7,51833	6941
7,51900	6927
7,51967	6894
7,52033	6842
7,52100	6773
7,52167	6690
7,52233	6593
7,52300	6484
7,52367	6364
7,52433	6236
7,52500	6101
7,52567	5960
7,52633	5814
7,52700	5665
7,52767	5514
7,52833	5362
7,52900	5210
7,52967	5058
7,53033	4907
7,53100	4759
7,53167	4613
7,53233	4469
7,53300	4329
7,53367	4192
7,53433	4058
7,53500	3927
7,53567	3800
7,53633	3676
7,53700	3555
7,53767	3438
7,53833	3324
7,53900	3214
7,53967	3106
7,54033	3002
7,54100	2902
7,54167	2805
7,54233	2711
7,54300	2622
7,54367	2535
7,54433	2452
7,54500	2373
7,54567	2297
7,54633	2223
7,54700	2153
7,54767	2087
7,54833	2023
7,54900	1962
7,54967	1905
7,55033	1849
7,55100	1797
7,55167	1747
7,55233	1699
7,55300	1653
7,55367	1609
7,55433	1568
7,55500	1528
7,55567	1490
7,55633	1454
7,55700	1419
7,55767	1387
7,55833	1355
7,55900	1326
7,55967	1298
7,56033	1271
7,56100	1245
7,56167	1220
7,56233	1196
7,56300	1173
7,56367	1150
7,56433	1129
7,56500	1108
7,56567	1089
7,56633	1070
7,56700	1052
7,56767	1035
7,56833	1018
7,56900	1003
7,56967	988
7,57033	973
7,57100	960
7,57167	946
7,57233	934
7,57300	922
7,57367	910
7,57433	899
7,57500	888
7,57567	877
7,57633	867
7,57700	857
7,57767	848
7,57833	839
7,57900	830
7,57967	821
7,58033	812
7,58100	804
7,58167	796
7,58233	787
7,58300	779
7,58367	771
7,58433	763
7,58500	755
7,58567	747
7,58633	739
7,58700	731
7,58767	723
7,58833	715
7,58900	708
7,58967	701
7,59033	694
7,59100	687
7,59167	681
7,59233	675
7,59300	669
7,59367	663
7,59433	658
7,59500	652
7,59567	647
7,59633	642
7,59700	637
7,59767	632
7,59833	627
7,59900	622
7,59967	618
7,60033	613
7,60100	609
7,60167	605
7,60233	601
7,60300	597
7,60367	593
7,60433	589
7,60500	586
7,60567	582
7,60633	578
7,60700	575
7,60767	571
7,60833	568
7,60900	565
7,60967	561
7,61033	558
7,61100	555
7,61167	552
7,61233	549
7,61300	546
7,61367	544
7,61433	541
7,61500	538
7,61567	535
7,61633	532
7,61700	529
7,61767	526
7,61833	523
7,61900	520
7,61967	517
7,62033	514
7,62100	511
7,62167	509
7,62233	506
7,62300	503
7,62367	500
7,62433	497
7,62500	494
7,62567	491
7,62633	488
7,62700	485
7,62767	481
7,62833	478
7,62900	475
7,62967	472
7,63033	469
7,63100	465
7,63167	462
7,63233	459
7,63300	457
7,63367	454
7,63433	451
7,63500	449
7,63567	447
7,63633	444
7,63700	442
7,63767	440
7,63833	437
7,63900	435
7,63967	432
7,64033	429
7,64100	427
7,64167	424
7,64233	422
7,64300	420
7,64367	417
7,64433	415
7,64500	413
7,64567	411
7,64633	409
7,64700	407
7,64767	405
7,64833	403
7,64900	402
7,64967	400
7,65033	398
7,65100	397
7,65167	396
7,65233	395
7,65300	394
7,65367	393
7,65433	392
7,65500	391
7,65567	390
7,65633	388
7,65700	387
7,65767	386
7,65833	384
7,65900	382
7,65967	380
7,66033	378
7,66100	376
7,66167	374
7,66233	372
7,66300	370
7,66367	368
7,66433	366
7,66500	364
7,66567	361
7,66633	359
7,66700	356
7,66767	353
7,66833	350
7,66900	346
7,66967	343
7,67033	339
7,67100	336
7,67167	332
7,67233	329
7,67300	325
7,67367	322
7,67433	319
7,67500	316
7,67567	313
7,67633	310
7,67700	307
7,67767	304
7,67833	301
7,67900	299
7,67967	296
7,68033	294
7,68100	291
7,68167	288
7,68233	286
7,68300	284
7,68367	281
7,68433	279
7,68500	277
7,68567	276
7,68633	274
7,68700	272
7,68767	271
7,68833	269
7,68900	268
7,68967	267
7,69033	266
7,69100	264
7,69167	263
7,69233	262
7,69300	261
7,69367	260
7,69433	259
7,69500	258
7,69567	257
7,69633	255
7,69700	254
7,69767	253
7,69833	252
7,69900	250
7,69967	249
7,70033	248
7,70100	247
7,70167	245
7,70233	244
7,70300	242
7,70367	241
7,70433	239
7,70500	238
7,70567	237
7,70633	235
7,70700	234
7,70767	232
7,70833	231
7,70900	230
7,70967	228
7,71033	227
7,71100	226
7,71167	224
7,71233	223
7,71300	222
7,71367	220
7,71433	219
7,71500	217
7,71567	216
7,71633	215
7,71700	214
7,71767	212
7,71833	211
7,71900	210
7,71967	209
7,72033	207
7,72100	206
7,72167	205
7,72233	203
7,72300	202
7,72367	200
7,72433	198
7,72500	196
7,72567	195
7,72633	193
7,72700	192
7,72767	190
7,72833	189
7,72900	188
7,72967	186
7,73033	185
7,73100	184
7,73167	183
7,73233	182
7,73300	181
7,73367	180
7,73433	179
7,73500	177
7,73567	176
7,73633	175
7,73700	174
7,73767	173
7,73833	172
7,73900	171
7,73967	170
7,74033	169
7,74100	168
7,74167	168
7,74233	167
7,74300	167
7,74367	166
7,74433	165
7,74500	165
7,74567	164
7,74633	163
7,74700	163
7,74767	162
7,74833	161
7,74900	161
7,74967	160
7,75033	159
7,75100	158
7,75167	158
7,75233	157
7,75300	156
7,75367	155
7,75433	154
7,75500	153
7,75567	152
7,75633	151
7,75700	150
7,75767	149
7,75833	148
7,75900	147
7,75967	145
7,76033	144
7,76100	143
7,76167	142
7,76233	141
7,76300	140
7,76367	140
7,76433	139
7,76500	138
7,76567	138
7,76633	137
7,76700	136
7,76767	136
7,76833	135
7,76900	135
7,76967	134
7,77033	134
7,77100	133
7,77167	133
7,77233	132
7,77300	132
7,77367	132
7,77433	132
7,77500	132
7,77567	131
7,77633	131
7,77700	130
7,77767	130
7,77833	130
7,77900	129
7,77967	129
7,78033	128
7,78100	128
7,78167	127
7,78233	127
7,78300	126
7,78367	126
7,78433	125
7,78500	124
7,78567	124
7,78633	123
7,78700	122
7,78767	122
7,78833	121
7,78900	120
7,78967	120
7,79033	119
7,79100	118
7,79167	118
7,79233	118
7,79300	117
7,79367	117
7,79433	116
7,79500	116
7,79567	116
7,79633	115
7,79700	115
7,79767	115
7,79833	115
7,79900	114
7,79967	114
7,80033	114
7,80100	114
7,80167	114
7,80233	114
7,80300	113
7,80367	113
7,80433	113
7,80500	112
7,80567	111
7,80633	111
7,80700	110
7,80767	109
7,80833	109
7,80900	108
7,80967	108
7,81033	107
7,81100	107
7,81167	106
7,81233	105
7,81300	104
7,81367	104
7,81433	103
7,81500	102
7,81567	102
7,81633	101
7,81700	101
7,81767	100
7,81833	100
7,81900	100
7,81967	99
7,82033	99
7,82100	98
7,82167	98
7,82233	97
7,82300	97
7,82367	96
7,82433	96
7,82500	95
7,82567	95
7,82633	95
7,82700	94
7,82767	94
7,82833	94
7,82900	94
7,82967	93
7,83033	93
7,83100	93
7,83167	93
7,83233	93
7,83300	93
7,83367	93
7,83433	93
7,83500	92
7,83567	92
7,83633	92
7,83700	91
7,83767	91
7,83833	91
7,83900	91
7,83967	90
7,84033	90
7,84100	90
7,84167	89
7,84233	89
7,84300	88
7,84367	88
7,84433	87
7,84500	87
7,84567	86
7,84633	86
7,84700	86
7,84767	85
7,84833	85
7,84900	85
7,84967	85
7,85033	84
7,85100	84
7,85167	83
7,85233	83
7,85300	82
7,85367	82
7,85433	81
7,85500	81
7,85567	81
7,85633	81
7,85700	81
7,85767	81
7,85833	81
7,85900	81
7,85967	81
7,86033	81
7,86100	81
7,86167	81
7,86233	81
7,86300	81
7,86367	81
7,86433	80
7,86500	80
7,86567	80
7,86633	79
7,86700	79
7,86767	79
7,86833	78
7,86900	78
7,86967	77
7,87033	77
7,87100	77
7,87167	76
7,87233	76
7,87300	76
7,87367	76
7,87433	76
7,87500	75
7,87567	75
7,87633	75
7,87700	75
7,87767	75
7,87833	75
7,87900	75
7,87967	75
7,88033	75
7,88100	75
7,88167	74
7,88233	74
7,88300	74
7,88367	74
7,88433	74
7,88500	74
7,88567	74
7,88633	74
7,88700	74
7,88767	74
7,88833	73
7,88900	73
7,88967	73
7,89033	73
7,89100	72
7,89167	72
7,89233	71
7,89300	71
7,89367	71
7,89433	70
7,89500	70
7,89567	69
7,89633	69
7,89700	68
7,89767	68
7,89833	68
7,89900	67
7,89967	67
7,90033	67
7,90100	67
7,90167	67
7,90233	67
7,90300	67
7,90367	67
7,90433	67
7,90500	67
7,90567	67
7,90633	67
7,90700	66
7,90767	66
7,90833	66
7,90900	65
7,90967	65
7,91033	65
7,91100	65
7,91167	64
7,91233	64
7,91300	64
7,91367	64
7,91433	64
7,91500	64
7,91567	64
7,91633	63
7,91700	63
7,91767	63
7,91833	63
7,91900	63
7,91967	63
7,92033	63
7,92100	63
7,92167	63
7,92233	64
7,92300	64
7,92367	64
7,92433	64
7,92500	64
7,92567	64
7,92633	64
7,92700	64
7,92767	64
7,92833	64
7,92900	63
7,92967	63
7,93033	63
7,93100	63
7,93167	62
7,93233	62
7,93300	62
7,93367	62
7,93433	61
7,93500	61
7,93567	61
7,93633	61
7,93700	61
7,93767	60
7,93833	60
7,93900	60
7,93967	60
7,94033	60
7,94100	60
7,94167	60
7,94233	60
7,94300	59
7,94367	59
7,94433	59
7,94500	59
7,94567	58
7,94633	58
7,94700	57
7,94767	57
7,94833	57
7,94900	56
7,94967	56
7,95033	56
7,95100	56
7,95167	56
7,95233	56
7,95300	56
7,95367	57
7,95433	57
7,95500	57
7,95567	57
7,95633	57
7,95700	57
7,95767	57
7,95833	57
7,95900	57
7,95967	57
7,96033	57
7,96100	57
7,96167	57
7,96233	56
7,96300	56
7,96367	56
7,96433	56
7,96500	56
7,96567	55
7,96633	55
7,96700	55
7,96767	54
7,96833	54
7,96900	54
7,96967	53
7,97033	53
7,97100	52
7,97167	52
7,97233	52
7,97300	52
7,97367	52
7,97433	52
7,97500	52
7,97567	52
7,97633	52
7,97700	53
7,97767	53
7,97833	53
7,97900	53
7,97967	53
7,98033	53
7,98100	52
7,98167	52
7,98233	52
7,98300	52
7,98367	51
7,98433	51
7,98500	51
7,98567	51
7,98633	51
7,98700	51
7,98767	51
7,98833	50
7,98900	50
7,98967	50
7,99033	50
7,99100	50
7,99167	50
7,99233	50
7,99300	49
7,99367	49
7,99433	49
7,99500	49
7,99567	49
7,99633	49
7,99700	49
7,99767	49
7,99833	49
7,99900	48
7,99967	48
8,00033	48
8,00100	48
8,00167	47
8,00233	47
8,00300	47
8,00367	47
8,00433	47
8,00500	47
8,00567	47
8,00633	47
8,00700	47
8,00767	47
8,00833	47
8,00900	47
8,00967	47
8,01033	47
8,01100	47
8,01167	46
8,01233	46
8,01300	46
8,01367	46
8,01433	46
8,01500	46
8,01567	46
8,01633	46
8,01700	46
8,01767	46
8,01833	46
8,01900	46
8,01967	45
8,02033	45
8,02100	45
8,02167	45
8,02233	45
8,02300	45
8,02367	45
8,02433	45
8,02500	45
8,02567	45
8,02633	45
8,02700	45
8,02767	45
8,02833	46
8,02900	46
8,02967	46
8,03033	46
8,03100	47
8,03167	47
8,03233	47
8,03300	47
8,03367	47
8,03433	47
8,03500	47
8,03567	47
8,03633	46
8,03700	46
8,03767	46
8,03833	46
8,03900	46
8,03967	46
8,04033	46
8,04100	46
8,04167	47
8,04233	47
8,04300	47
8,04367	47
8,04433	48
8,04500	48
8,04567	48
8,04633	48
8,04700	48
8,04767	48
8,04833	48
8,04900	48
8,04967	48
8,05033	48
8,05100	47
8,05167	47
8,05233	46
8,05300	46
8,05367	46
8,05433	45
8,05500	45
8,05567	45
8,05633	44
8,05700	44
8,05767	44
8,05833	44
8,05900	44
8,05967	44
8,06033	44
8,06100	44
8,06167	43
8,06233	43
8,06300	43
8,06367	43
8,06433	43
8,06500	43
8,06567	43
8,06633	43
8,06700	43
8,06767	43
8,06833	43
8,06900	43
8,06967	43
8,07033	43
8,07100	43
8,07167	43
8,07233	43
8,07300	42
8,07367	43
8,07433	43
8,07500	43
8,07567	42
8,07633	42
8,07700	42
8,07767	42
8,07833	42
8,07900	41
8,07967	41
8,08033	41
8,08100	41
8,08167	41
8,08233	41
8,08300	41
8,08367	41
8,08433	41
8,08500	41
8,08567	41
8,08633	41
8,08700	41
8,08767	41
8,08833	41
8,08900	41
8,08967	41
8,09033	41
8,09100	41
8,09167	41
8,09233	41
8,09300	41
8,09367	42
8,09433	41
8,09500	41
8,09567	41
8,09633	41
8,09700	41
8,09767	41
8,09833	41
8,09900	40
8,09967	40
8,10033	40
8,10100	40
8,10167	40
8,10233	40
8,10300	40
8,10367	40
8,10433	40
8,10500	40
8,10567	40
8,10633	40
8,10700	40
8,10767	40
8,10833	40
8,10900	41
8,10967	41
8,11033	40
8,11100	40
8,11167	40
8,11233	40
8,11300	40
8,11367	40
8,11433	40
8,11500	40
8,11567	40
8,11633	40
8,11700	40
8,11767	39
8,11833	39
8,11900	39
8,11967	39
8,12033	39
8,12100	39
8,12167	39
8,12233	39
8,12300	39
8,12367	39
8,12433	38
8,12500	38
8,12567	38
8,12633	38
8,12700	38
8,12767	38
8,12833	38
8,12900	38
8,12967	38
8,13033	38
8,13100	37
8,13167	37
8,13233	37
8,13300	37
8,13367	37
8,13433	37
8,13500	38
8,13567	38
8,13633	38
8,13700	38
8,13767	39
8,13833	39
8,13900	39
8,13967	39
8,14033	39
8,14100	39
8,14167	39
8,14233	39
8,14300	39
8,14367	39
8,14433	39
8,14500	38
8,14567	38
8,14633	38
8,14700	38
8,14767	38
8,14833	38
8,14900	38
8,14967	39
8,15033	39
8,15100	39
8,15167	39
8,15233	40
8,15300	40
8,15367	40
8,15433	40
8,15500	40
8,15567	40
8,15633	40
8,15700	40
8,15767	40
8,15833	40
8,15900	40
8,15967	39
8,16033	39
8,16100	39
8,16167	38
8,16233	38
8,16300	38
8,16367	38
8,16433	37
8,16500	37
8,16567	37
8,16633	37
8,16700	38
8,16767	38
8,16833	38
8,16900	38
8,16967	38
8,17033	39
8,17100	39
8,17167	39
8,17233	40
8,17300	40
8,17367	40
8,17433	40
8,17500	40
8,17567	40
8,17633	40
8,17700	40
8,17767	40
8,17833	40
8,17900	40
8,17967	39
8,18033	39
8,18100	39
8,18167	39
8,18233	39
8,18300	39
8,18367	39
8,18433	39
8,18500	39
8,18567	39
8,18633	38
8,18700	38
8,18767	38
8,18833	37
8,18900	37
8,18967	37
8,19033	37
8,19100	36
8,19167	36
8,19233	36
8,19300	36
8,19367	36
8,19433	35
8,19500	35
8,19567	35
8,19633	35
8,19700	35
8,19767	34
8,19833	34
8,19900	34
8,19967	34
8,20033	34
8,20100	34
8,20167	34
8,20233	34
8,20300	34
8,20367	34
8,20433	34
8,20500	33
8,20567	33
8,20633	33
8,20700	33
8,20767	33
8,20833	33
8,20900	33
8,20967	33
8,21033	32
8,21100	32
8,21167	32
8,21233	32
8,21300	32
8,21367	31
8,21433	31
8,21500	31
8,21567	31
8,21633	31
8,21700	31
8,21767	31
8,21833	31
8,21900	32
8,21967	32
8,22033	32
8,22100	32
8,22167	32
8,22233	32
8,22300	32
8,22367	32
8,22433	33
8,22500	33
8,22567	33
8,22633	33
8,22700	33
8,22767	33
8,22833	33
8,22900	33
8,22967	33
8,23033	33
8,23100	33
8,23167	33
8,23233	33
8,23300	33
8,23367	33
8,23433	33
8,23500	33
8,23567	33
8,23633	33
8,23700	32
8,23767	32
8,23833	32
8,23900	32
8,23967	31
8,24033	31
8,24100	31
8,24167	31
8,24233	31
8,24300	31
8,24367	31
8,24433	32
8,24500	32
8,24567	32
8,24633	32
8,24700	32
8,24767	32
8,24833	31
8,24900	31
8,24967	31
8,25033	31
8,25100	30
8,25167	30
8,25233	30
8,25300	30
8,25367	30
8,25433	30
8,25500	30
8,25567	30
8,25633	30
8,25700	30
8,25767	30
8,25833	30
8,25900	31
8,25967	31
8,26033	31
8,26100	31
8,26167	31
8,26233	31
8,26300	31
8,26367	31
8,26433	32
8,26500	32
8,26567	32
8,26633	32
8,26700	32
8,26767	31
8,26833	31
8,26900	31
8,26967	31
8,27033	31
8,27100	32
8,27167	32
8,27233	32
8,27300	32
8,27367	32
8,27433	32
8,27500	32
8,27567	32
8,27633	32
8,27700	32
8,27767	32
8,27833	32
8,27900	32
8,27967	31
8,28033	31
8,28100	31
8,28167	31
8,28233	30
8,28300	30
8,28367	30
8,28433	29
8,28500	29
8,28567	29
8,28633	28
8,28700	27
8,28767	27
8,28833	26
8,28900	26
8,28967	25
8,29033	25
8,29100	25
8,29167	24
8,29233	24
8,29300	24
8,29367	24
8,29433	24
8,29500	24
8,29567	24
8,29633	24
8,29700	24
8,29767	24
8,29833	25
8,29900	25
8,29967	25
8,30033	25
8,30100	25
8,30167	25
8,30233	25
8,30300	25
8,30367	25
8,30433	25
8,30500	25
8,30567	25
8,30633	25
8,30700	25
8,30767	25
8,30833	25
8,30900	25
8,30967	26
8,31033	26
8,31100	26
8,31167	26
8,31233	26
8,31300	26
8,31367	26
8,31433	26
8,31500	26
8,31567	26
8,31633	26
8,31700	26
8,31767	26
8,31833	26
8,31900	26
8,31967	27
8,32033	27
8,32100	27
8,32167	27
8,32233	27
8,32300	28
8,32367	28
8,32433	28
8,32500	28
8,32567	29
8,32633	29
8,32700	29
8,32767	30
8,32833	30
8,32900	30
8,32967	30
8,33033	31
8,33100	31
8,33167	31
8,33233	31
8,33300	31
8,33367	31
8,33433	31
8,33500	31
8,33567	31
8,33633	31
8,33700	31
8,33767	31
8,33833	31
8,33900	31
8,33967	31
8,34033	31
8,34100	31
8,34167	31
8,34233	30
8,34300	30
8,34367	30
8,34433	29
8,34500	29
8,34567	29
8,34633	29
8,34700	29
8,34767	29
8,34833	29
8,34900	29
8,34967	29
8,35033	30
8,35100	30
8,35167	30
8,35233	30
8,35300	30
8,35367	30
8,35433	30
8,35500	30
8,35567	30
8,35633	31
8,35700	31
8,35767	31
8,35833	32
8,35900	32
8,35967	33
8,36033	33
8,36100	33
8,36167	34
8,36233	34
8,36300	34
8,36367	34
8,36433	34
8,36500	34
8,36567	34
8,36633	34
8,36700	35
8,36767	35
8,36833	35
8,36900	35
8,36967	35
8,37033	35
8,37100	34
8,37167	34
8,37233	34
8,37300	34
8,37367	34
8,37433	34
8,37500	34
8,37567	34
8,37633	33
8,37700	33
8,37767	33
8,37833	33
8,37900	33
8,37967	33
8,38033	33
8,38100	33
8,38167	33
8,38233	33
8,38300	33
8,38367	33
8,38433	33
8,38500	33
8,38567	33
8,38633	33
8,38700	33
8,38767	33
8,38833	33
8,38900	33
8,38967	32
8,39033	32
8,39100	32
8,39167	32
8,39233	32
8,39300	32
8,39367	32
8,39433	31
8,39500	31
8,39567	31
8,39633	30
8,39700	30
8,39767	29
8,39833	29
8,39900	29
8,39967	29
8,40033	29
8,40100	29
8,40167	29
8,40233	29
8,40300	29
8,40367	29
8,40433	30
8,40500	30
8,40567	30
8,40633	30
8,40700	30
8,40767	30
8,40833	30
8,40900	30
8,40967	29
8,41033	29
8,41100	29
8,41167	29
8,41233	29
8,41300	29
8,41367	29
8,41433	29
8,41500	29
8,41567	28
8,41633	28
8,41700	28
8,41767	28
8,41833	28
8,41900	28
8,41967	27
8,42033	27
8,42100	27
8,42167	27
8,42233	27
8,42300	27
8,42367	27
8,42433	27
8,42500	27
8,42567	27
8,42633	27
8,42700	27
8,42767	27
8,42833	27
8,42900	28
8,42967	28
8,43033	28
8,43100	28
8,43167	28
8,43233	28
8,43300	28
8,43367	28
8,43433	28
8,43500	28
8,43567	28
8,43633	28
8,43700	28
8,43767	28
8,43833	28
8,43900	28
8,43967	28
8,44033	28
8,44100	28
8,44167	27
8,44233	27
8,44300	27
8,44367	27
8,44433	27
8,44500	26
8,44567	26
8,44633	26
8,44700	25
8,44767	25
8,44833	24
8,44900	24
8,44967	24
8,45033	24
8,45100	23
8,45167	23
8,45233	23
8,45300	23
8,45367	23
8,45433	23
8,45500	23
8,45567	24
8,45633	24
8,45700	24
8,45767	24
8,45833	25
8,45900	25
8,45967	25
8,46033	25
8,46100	25
8,46167	25
8,46233	25
8,46300	25
8,46367	25
8,46433	25
8,46500	26
8,46567	26
8,46633	26
8,46700	26
8,46767	26
8,46833	26
8,46900	26
8,46967	25
8,47033	25
8,47100	25
8,47167	25
8,47233	25
8,47300	24
8,47367	24
8,47433	24
8,47500	24
8,47567	24
8,47633	24
8,47700	24
8,47767	24
8,47833	24
8,47900	24
8,47967	24
8,48033	24
8,48100	24
8,48167	24
8,48233	24
8,48300	25
8,48367	25
8,48433	25
8,48500	25
8,48567	25
8,48633	26
8,48700	26
8,48767	26
8,48833	26
8,48900	26
8,48967	27
8,49033	27
8,49100	27
8,49167	27
8,49233	27
8,49300	27
8,49367	27
8,49433	27
8,49500	27
8,49567	27
8,49633	27
8,49700	26
8,49767	26
8,49833	26
8,49900	26
8,49967	26
8,50033	26
8,50100	26
8,50167	26
8,50233	26
8,50300	26
8,50367	26
8,50433	26
8,50500	26
8,50567	26
8,50633	26
8,50700	26
8,50767	26
8,50833	26
8,50900	26
8,50967	26
8,51033	27
8,51100	27
8,51167	27
8,51233	26
8,51300	26
8,51367	26
8,51433	26
8,51500	26
8,51567	26
8,51633	26
8,51700	26
8,51767	26
8,51833	26
8,51900	26
8,51967	26
8,52033	26
8,52100	26
8,52167	26
8,52233	26
8,52300	26
8,52367	26
8,52433	26
8,52500	26
8,52567	26
8,52633	26
8,52700	26
8,52767	26
8,52833	26
8,52900	26
8,52967	27
8,53033	27
8,53100	27
8,53167	27
8,53233	27
8,53300	27
8,53367	27
8,53433	27
8,53500	27
8,53567	27
8,53633	27
8,53700	27
8,53767	27
8,53833	27
8,53900	28
8,53967	28
8,54033	28
8,54100	28
8,54167	28
8,54233	28
8,54300	29
8,54367	29
8,54433	29
8,54500	29
8,54567	29
8,54633	28
8,54700	28
8,54767	28
8,54833	28
8,54900	28
8,54967	28
8,55033	28
8,55100	28
8,55167	28
8,55233	28
8,55300	28
8,55367	28
8,55433	28
8,55500	28
8,55567	28
8,55633	28
8,55700	28
8,55767	28
8,55833	28
8,55900	28
8,55967	28
8,56033	29
8,56100	29
8,56167	30
8,56233	30
8,56300	30
8,56367	31
8,56433	31
8,56500	31
8,56567	31
8,56633	32
8,56700	32
8,56767	32
8,56833	32
8,56900	32
8,56967	32
8,57033	32
8,57100	32
8,57167	32
8,57233	32
8,57300	32
8,57367	32
8,57433	32
8,57500	32
8,57567	32
8,57633	32
8,57700	33
8,57767	33
8,57833	33
8,57900	33
8,57967	33
8,58033	33
8,58100	33
8,58167	33
8,58233	33
8,58300	33
8,58367	33
8,58433	33
8,58500	33
8,58567	33
8,58633	33
8,58700	33
8,58767	33
8,58833	33
8,58900	33
8,58967	33
8,59033	33
8,59100	33
8,59167	33
8,59233	33
8,59300	33
8,59367	33
8,59433	33
8,59500	33
8,59567	33
8,59633	33
8,59700	32
8,59767	32
8,59833	32
8,59900	32
8,59967	32
8,60033	32
8,60100	32
8,60167	32
8,60233	32
8,60300	32
8,60367	32
8,60433	32
8,60500	32
8,60567	32
8,60633	32
8,60700	32
8,60767	32
8,60833	32
8,60900	32
8,60967	32
8,61033	32
8,61100	32
8,61167	32
8,61233	32
8,61300	32
8,61367	32
8,61433	32
8,61500	32
8,61567	32
8,61633	32
8,61700	32
8,61767	32
8,61833	32
8,61900	32
8,61967	32
8,62033	32
8,62100	32
8,62167	32
8,62233	32
8,62300	32
8,62367	32
8,62433	32
8,62500	32
8,62567	32
8,62633	32
8,62700	32
8,62767	32
8,62833	32
8,62900	32
8,62967	33
8,63033	32
8,63100	32
8,63167	32
8,63233	32
8,63300	32
8,63367	32
8,63433	31
8,63500	31
8,63567	31
8,63633	31
8,63700	31
8,63767	32
8,63833	32
8,63900	32
8,63967	32
8,64033	32
8,64100	32
8,64167	32
8,64233	32
8,64300	32
8,64367	32
8,64433	33
8,64500	33
8,64567	33
8,64633	33
8,64700	33
8,64767	33
8,64833	33
8,64900	33
8,64967	33
8,65033	33
8,65100	33
8,65167	33
8,65233	33
8,65300	33
8,65367	33
8,65433	33
8,65500	32
8,65567	32
8,65633	32
8,65700	32
8,65767	33
8,65833	32
8,65900	32
8,65967	32
8,66033	32
8,66100	33
8,66167	33
8,66233	33
8,66300	33
8,66367	33
8,66433	33
8,66500	32
8,66567	32
8,66633	32
8,66700	32
8,66767	32
8,66833	31
8,66900	31
8,66967	31
8,67033	31
8,67100	31
8,67167	31
8,67233	31
8,67300	31
8,67367	31
8,67433	30
8,67500	30
8,67567	30
8,67633	30
8,67700	30
8,67767	30
8,67833	31
8,67900	31
8,67967	31
8,68033	31
8,68100	32
8,68167	32
8,68233	32
8,68300	32
8,68367	32
8,68433	32
8,68500	32
8,68567	32
8,68633	31
8,68700	31
8,68767	31
8,68833	31
8,68900	30
8,68967	30
8,69033	30
8,69100	30
8,69167	30
8,69233	29
8,69300	29
8,69367	29
8,69433	29
8,69500	29
8,69567	30
8,69633	30
8,69700	30
8,69767	30
8,69833	30
8,69900	29
8,69967	29
8,70033	29
8,70100	29
8,70167	29
8,70233	29
8,70300	28
8,70367	28
8,70433	28
8,70500	28
8,70567	29
8,70633	29
8,70700	29
8,70767	29
8,70833	29
8,70900	28
8,70967	28
8,71033	28
8,71100	28
8,71167	28
8,71233	28
8,71300	28
8,71367	28
8,71433	28
8,71500	28
8,71567	28
8,71633	28
8,71700	27
8,71767	27
8,71833	27
8,71900	27
8,71967	27
8,72033	27
8,72100	27
8,72167	27
8,72233	26
8,72300	26
8,72367	26
8,72433	26
8,72500	26
8,72567	26
8,72633	26
8,72700	26
8,72767	26
8,72833	26
8,72900	26
8,72967	26
8,73033	26
8,73100	27
8,73167	27
8,73233	27
8,73300	27
8,73367	27
8,73433	27
8,73500	27
8,73567	27
8,73633	27
8,73700	27
8,73767	27
8,73833	27
8,73900	26
8,73967	26
8,74033	26
8,74100	26
8,74167	25
8,74233	25
8,74300	25
8,74367	25
8,74433	25
8,74500	25
8,74567	25
8,74633	25
8,74700	25
8,74767	25
8,74833	25
8,74900	25
8,74967	25
8,75033	25
8,75100	25
8,75167	25
8,75233	25
8,75300	25
8,75367	25
8,75433	25
8,75500	25
8,75567	25
8,75633	25
8,75700	25
8,75767	25
8,75833	25
8,75900	25
8,75967	25
8,76033	25
8,76100	25
8,76167	25
8,76233	24
8,76300	24
8,76367	24
8,76433	24
8,76500	23
8,76567	24
8,76633	24
8,76700	24
8,76767	24
8,76833	24
8,76900	24
8,76967	24
8,77033	24
8,77100	24
8,77167	24
8,77233	24
8,77300	24
8,77367	24
8,77433	25
8,77500	25
8,77567	25
8,77633	26
8,77700	26
8,77767	26
8,77833	26
8,77900	26
8,77967	27
8,78033	27
8,78100	27
8,78167	27
8,78233	27
8,78300	27
8,78367	27
8,78433	27
8,78500	27
8,78567	28
8,78633	28
8,78700	27
8,78767	27
8,78833	27
8,78900	27
8,78967	27
8,79033	27
8,79100	27
8,79167	27
8,79233	26
8,79300	26
8,79367	26
8,79433	26
8,79500	26
8,79567	26
8,79633	26
8,79700	26
8,79767	26
8,79833	27
8,79900	27
8,79967	27
8,80033	27
8,80100	27
8,80167	27
8,80233	27
8,80300	27
8,80367	27
8,80433	28
8,80500	28
8,80567	28
8,80633	28
8,80700	28
8,80767	28
8,80833	28
8,80900	28
8,80967	28
8,81033	28
8,81100	28
8,81167	28
8,81233	28
8,81300	28
8,81367	28
8,81433	28
8,81500	28
8,81567	28
8,81633	27
8,81700	27
8,81767	27
8,81833	27
8,81900	26
8,81967	26
8,82033	26
8,82100	26
8,82167	26
8,82233	26
8,82300	26
8,82367	26
8,82433	26
8,82500	26
8,82567	26
8,82633	26
8,82700	26
8,82767	27
8,82833	27
8,82900	27
8,82967	27
8,83033	27
8,83100	27
8,83167	26
8,83233	26
8,83300	26
8,83367	26
8,83433	26
8,83500	26
8,83567	26
8,83633	26
8,83700	26
8,83767	26
8,83833	26
8,83900	26
8,83967	26
8,84033	26
8,84100	26
8,84167	26
8,84233	27
8,84300	27
8,84367	27
8,84433	27
8,84500	27
8,84567	27
8,84633	27
8,84700	27
8,84767	27
8,84833	27
8,84900	26
8,84967	26
8,85033	26
8,85100	27
8,85167	27
8,85233	27
8,85300	27
8,85367	27
8,85433	27
8,85500	27
8,85567	27
8,85633	27
8,85700	26
8,85767	26
8,85833	26
8,85900	26
8,85967	26
8,86033	26
8,86100	26
8,86167	26
8,86233	26
8,86300	26
8,86367	26
8,86433	26
8,86500	26
8,86567	26
8,86633	25
8,86700	25
8,86767	25
8,86833	25
8,86900	25
8,86967	25
8,87033	25
8,87100	25
8,87167	25
8,87233	25
8,87300	25
8,87367	25
8,87433	25
8,87500	26
8,87567	26
8,87633	25
8,87700	25
8,87767	25
8,87833	25
8,87900	26
8,87967	26
8,88033	26
8,88100	26
8,88167	26
8,88233	27
8,88300	27
8,88367	27
8,88433	27
8,88500	27
8,88567	27
8,88633	28
8,88700	28
8,88767	28
8,88833	29
8,88900	29
8,88967	29
8,89033	30
8,89100	30
8,89167	31
8,89233	31
8,89300	32
8,89367	32
8,89433	32
8,89500	33
8,89567	33
8,89633	33
8,89700	33
8,89767	33
8,89833	33
8,89900	33
8,89967	33
8,90033	33
8,90100	33
8,90167	33
8,90233	33
8,90300	33
8,90367	33
8,90433	34
8,90500	34
8,90567	34
8,90633	34
8,90700	34
8,90767	35
8,90833	35
8,90900	36
8,90967	36
8,91033	37
8,91100	37
8,91167	38
8,91233	38
8,91300	38
8,91367	39
8,91433	39
8,91500	40
8,91567	40
8,91633	40
8,91700	40
8,91767	40
8,91833	40
8,91900	40
8,91967	40
8,92033	40
8,92100	40
8,92167	39
8,92233	39
8,92300	39
8,92367	39
8,92433	39
8,92500	39
8,92567	39
8,92633	39
8,92700	39
8,92767	39
8,92833	39
8,92900	39
8,92967	39
8,93033	39
8,93100	39
8,93167	39
8,93233	39
8,93300	39
8,93367	39
8,93433	39
8,93500	39
8,93567	39
8,93633	39
8,93700	39
8,93767	39
8,93833	39
8,93900	39
8,93967	38
8,94033	38
8,94100	38
8,94167	38
8,94233	38
8,94300	37
8,94367	37
8,94433	37
8,94500	37
8,94567	37
8,94633	36
8,94700	36
8,94767	35
8,94833	35
8,94900	34
8,94967	34
8,95033	33
8,95100	33
8,95167	33
8,95233	32
8,95300	32
8,95367	32
8,95433	32
8,95500	32
8,95567	32
8,95633	32
8,95700	32
8,95767	32
8,95833	32
8,95900	32
8,95967	32
8,96033	32
8,96100	32
8,96167	32
8,96233	32
8,96300	32
8,96367	32
8,96433	32
8,96500	32
8,96567	32
8,96633	32
8,96700	32
8,96767	32
8,96833	32
8,96900	32
8,96967	32
8,97033	33
8,97100	33
8,97167	33
8,97233	33
8,97300	33
8,97367	33
8,97433	33
8,97500	33
8,97567	33
8,97633	33
8,97700	33
8,97767	32
8,97833	32
8,97900	32
8,97967	31
8,98033	31
8,98100	31
8,98167	30
8,98233	30
8,98300	30
8,98367	29
8,98433	29
8,98500	29
8,98567	29
8,98633	29
8,98700	29
8,98767	29
8,98833	29
8,98900	30
8,98967	30
8,99033	30
8,99100	29
8,99167	29
8,99233	29
8,99300	29
8,99367	29
8,99433	28
8,99500	28
8,99567	28
8,99633	28
8,99700	28
8,99767	28
8,99833	29
8,99900	29
8,99967	29
9,00033	29
9,00100	29
9,00167	30
9,00233	29
9,00300	29
9,00367	29
9,00433	29
9,00500	29
9,00567	29
9,00633	29
9,00700	29
9,00767	29
9,00833	30
9,00900	30
9,00967	30
9,01033	31
9,01100	31
9,01167	31
9,01233	32
9,01300	32
9,01367	32
9,01433	32
9,01500	32
9,01567	32
9,01633	32
9,01700	32
9,01767	31
9,01833	31
9,01900	31
9,01967	31
9,02033	31
9,02100	31
9,02167	31
9,02233	31
9,02300	31
9,02367	31
9,02433	31
9,02500	32
9,02567	32
9,02633	32
9,02700	32
9,02767	33
9,02833	33
9,02900	33
9,02967	33
9,03033	33
9,03100	33
9,03167	33
9,03233	33
9,03300	33
9,03367	33
9,03433	33
9,03500	33
9,03567	32
9,03633	32
9,03700	32
9,03767	32
9,03833	31
9,03900	31
9,03967	31
9,04033	31
9,04100	31
9,04167	32
9,04233	32
9,04300	32
9,04367	32
9,04433	33
9,04500	33
9,04567	33
9,04633	33
9,04700	33
9,04767	33
9,04833	33
9,04900	33
9,04967	33
9,05033	33
9,05100	33
9,05167	34
9,05233	34
9,05300	34
9,05367	34
9,05433	34
9,05500	35
9,05567	35
9,05633	34
9,05700	34
9,05767	34
9,05833	34
9,05900	33
9,05967	33
9,06033	33
9,06100	33
9,06167	33
9,06233	33
9,06300	33
9,06367	33
9,06433	33
9,06500	33
9,06567	33
9,06633	33
9,06700	33
9,06767	33
9,06833	33
9,06900	34
9,06967	34
9,07033	34
9,07100	35
9,07167	35
9,07233	35
9,07300	35
9,07367	36
9,07433	36
9,07500	36
9,07567	37
9,07633	37
9,07700	37
9,07767	38
9,07833	38
9,07900	38
9,07967	38
9,08033	38
9,08100	38
9,08167	38
9,08233	38
9,08300	38
9,08367	38
9,08433	38
9,08500	38
9,08567	38
9,08633	38
9,08700	38
9,08767	38
9,08833	38
9,08900	38
9,08967	38
9,09033	38
9,09100	38
9,09167	38
9,09233	38
9,09300	38
9,09367	38
9,09433	38
9,09500	39
9,09567	39
9,09633	39
9,09700	39
9,09767	39
9,09833	39
9,09900	39
9,09967	38
9,10033	38
9,10100	38
9,10167	38
9,10233	37
9,10300	37
9,10367	37
9,10433	37
9,10500	36
9,10567	36
9,10633	36
9,10700	36
9,10767	36
9,10833	36
9,10900	35
9,10967	35
9,11033	35
9,11100	35
9,11167	34
9,11233	34
9,11300	34
9,11367	33
9,11433	33
9,11500	33
9,11567	33
9,11633	33
9,11700	33
9,11767	32
9,11833	32
9,11900	32
9,11967	32
9,12033	32
9,12100	32
9,12167	31
9,12233	31
9,12300	31
9,12367	31
9,12433	30
9,12500	30
9,12567	30
9,12633	30
9,12700	30
9,12767	30
9,12833	30
9,12900	30
9,12967	31
9,13033	31
9,13100	31
9,13167	31
9,13233	31
9,13300	31
9,13367	31
9,13433	31
9,13500	31
9,13567	31
9,13633	30
9,13700	30
9,13767	30
9,13833	29
9,13900	29
9,13967	29
9,14033	29
9,14100	29
9,14167	29
9,14233	29
9,14300	29
9,14367	29
9,14433	29
9,14500	29
9,14567	30
9,14633	30
9,14700	30
9,14767	31
9,14833	31
9,14900	31
9,14967	32
9,15033	32
9,15100	32
9,15167	32
9,15233	32
9,15300	32
9,15367	32
9,15433	32
9,15500	32
9,15567	32
9,15633	32
9,15700	32
9,15767	32
9,15833	32
9,15900	33
9,15967	33
9,16033	33
9,16100	34
9,16167	34
9,16233	34
9,16300	35
9,16367	35
9,16433	35
9,16500	35
9,16567	35
9,16633	36
9,16700	36
9,16767	36
9,16833	36
9,16900	36
9,16967	36
9,17033	36
9,17100	36
9,17167	36
9,17233	36
9,17300	36
9,17367	36
9,17433	36
9,17500	36
9,17567	36
9,17633	36
9,17700	36
9,17767	36
9,17833	35
9,17900	35
9,17967	35
9,18033	35
9,18100	35
9,18167	35
9,18233	35
9,18300	34
9,18367	34
9,18433	34
9,18500	34
9,18567	34
9,18633	34
9,18700	33
9,18767	33
9,18833	33
9,18900	33
9,18967	32
9,19033	32
9,19100	32
9,19167	32
9,19233	32
9,19300	32
9,19367	32
9,19433	32
9,19500	32
9,19567	32
9,19633	32
9,19700	32
9,19767	32
9,19833	33
9,19900	33
9,19967	34
9,20033	34
9,20100	35
9,20167	36
9,20233	36
9,20300	37
9,20367	37
9,20433	38
9,20500	38
9,20567	39
9,20633	39
9,20700	40
9,20767	40
9,20833	40
9,20900	41
9,20967	41
9,21033	41
9,21100	41
9,21167	41
9,21233	41
9,21300	42
9,21367	42
9,21433	42
9,21500	42
9,21567	42
9,21633	42
9,21700	42
9,21767	42
9,21833	42
9,21900	42
9,21967	42
9,22033	42
9,22100	42
9,22167	42
9,22233	42
9,22300	42
9,22367	42
9,22433	42
9,22500	42
9,22567	42
9,22633	42
9,22700	42
9,22767	42
9,22833	43
9,22900	43
9,22967	43
9,23033	43
9,23100	43
9,23167	43
9,23233	43
9,23300	43
9,23367	44
9,23433	44
9,23500	44
9,23567	44
9,23633	43
9,23700	43
9,23767	43
9,23833	43
9,23900	43
9,23967	42
9,24033	42
9,24100	42
9,24167	42
9,24233	42
9,24300	41
9,24367	42
9,24433	42
9,24500	42
9,24567	42
9,24633	41
9,24700	41
9,24767	41
9,24833	41
9,24900	41
9,24967	41
9,25033	41
9,25100	41
9,25167	40
9,25233	40
9,25300	40
9,25367	40
9,25433	40
9,25500	40
9,25567	40
9,25633	40
9,25700	40
9,25767	41
9,25833	41
9,25900	41
9,25967	41
9,26033	41
9,26100	41
9,26167	40
9,26233	40
9,26300	40
9,26367	40
9,26433	40
9,26500	40
9,26567	40
9,26633	41
9,26700	41
9,26767	41
9,26833	41
9,26900	41
9,26967	41
9,27033	40
9,27100	40
9,27167	40
9,27233	40
9,27300	40
9,27367	40
9,27433	39
9,27500	39
9,27567	39
9,27633	39
9,27700	39
9,27767	39
9,27833	39
9,27900	39
9,27967	39
9,28033	39
9,28100	39
9,28167	39
9,28233	39
9,28300	39
9,28367	39
9,28433	40
9,28500	40
9,28567	40
9,28633	40
9,28700	40
9,28767	40
9,28833	40
9,28900	40
9,28967	40
9,29033	40
9,29100	40
9,29167	40
9,29233	40
9,29300	40
9,29367	40
9,29433	39
9,29500	39
9,29567	39
9,29633	39
9,29700	39
9,29767	39
9,29833	39
9,29900	39
9,29967	38
9,30033	38
9,30100	38
9,30167	38
9,30233	38
9,30300	38
9,30367	39
9,30433	39
9,30500	39
9,30567	40
9,30633	40
9,30700	40
9,30767	40
9,30833	40
9,30900	40
9,30967	41
9,31033	41
9,31100	40
9,31167	40
9,31233	40
9,31300	40
9,31367	40
9,31433	40
9,31500	40
9,31567	40
9,31633	40
9,31700	40
9,31767	40
9,31833	40
9,31900	40
9,31967	40
9,32033	40
9,32100	40
9,32167	40
9,32233	40
9,32300	40
9,32367	40
9,32433	40
9,32500	39
9,32567	39
9,32633	39
9,32700	39
9,32767	39
9,32833	39
9,32900	39
9,32967	40
9,33033	40
9,33100	40
9,33167	40
9,33233	40
9,33300	40
9,33367	40
9,33433	40
9,33500	40
9,33567	40
9,33633	40
9,33700	40
9,33767	40
9,33833	40
9,33900	40
9,33967	41
9,34033	41
9,34100	41
9,34167	41
9,34233	41
9,34300	41
9,34367	41
9,34433	41
9,34500	41
9,34567	41
9,34633	41
9,34700	40
9,34767	40
9,34833	39
9,34900	39
9,34967	39
9,35033	38
9,35100	38
9,35167	38
9,35233	38
9,35300	38
9,35367	38
9,35433	38
9,35500	38
9,35567	38
9,35633	38
9,35700	38
9,35767	38
9,35833	39
9,35900	39
9,35967	39
9,36033	39
9,36100	40
9,36167	40
9,36233	41
9,36300	41
9,36367	41
9,36433	41
9,36500	42
9,36567	41
9,36633	41
9,36700	41
9,36767	41
9,36833	41
9,36900	41
9,36967	41
9,37033	41
9,37100	41
9,37167	41
9,37233	41
9,37300	41
9,37367	41
9,37433	41
9,37500	42
9,37567	42
9,37633	42
9,37700	42
9,37767	42
9,37833	42
9,37900	42
9,37967	42
9,38033	41
9,38100	41
9,38167	41
9,38233	41
9,38300	41
9,38367	40
9,38433	40
9,38500	41
9,38567	41
9,38633	41
9,38700	41
9,38767	41
9,38833	41
9,38900	42
9,38967	42
9,39033	42
9,39100	42
9,39167	43
9,39233	43
9,39300	43
9,39367	43
9,39433	43
9,39500	43
9,39567	43
9,39633	44
9,39700	44
9,39767	44
9,39833	44
9,39900	44
9,39967	44
9,40033	44
9,40100	45
9,40167	45
9,40233	45
9,40300	45
9,40367	45
9,40433	44
9,40500	44
9,40567	44
9,40633	44
9,40700	44
9,40767	44
9,40833	44
9,40900	44
9,40967	44
9,41033	43
9,41100	43
9,41167	43
9,41233	43
9,41300	43
9,41367	43
9,41433	44
9,41500	44
9,41567	44
9,41633	44
9,41700	44
9,41767	44
9,41833	44
9,41900	44
9,41967	44
9,42033	44
9,42100	44
9,42167	44
9,42233	44
9,42300	44
9,42367	45
9,42433	45
9,42500	45
9,42567	46
9,42633	46
9,42700	47
9,42767	47
9,42833	47
9,42900	47
9,42967	47
9,43033	47
9,43100	47
9,43167	47
9,43233	47
9,43300	47
9,43367	47
9,43433	47
9,43500	47
9,43567	48
9,43633	48
9,43700	49
9,43767	49
9,43833	49
9,43900	50
9,43967	50
9,44033	51
9,44100	51
9,44167	51
9,44233	51
9,44300	51
9,44367	51
9,44433	51
9,44500	51
9,44567	51
9,44633	51
9,44700	51
9,44767	51
9,44833	51
9,44900	51
9,44967	51
9,45033	51
9,45100	51
9,45167	51
9,45233	50
9,45300	50
9,45367	50
9,45433	50
9,45500	50
9,45567	50
9,45633	50
9,45700	50
9,45767	50
9,45833	50
9,45900	49
9,45967	49
9,46033	49
9,46100	49
9,46167	48
9,46233	48
9,46300	48
9,46367	48
9,46433	48
9,46500	48
9,46567	48
9,46633	47
9,46700	47
9,46767	47
9,46833	47
9,46900	47
9,46967	47
9,47033	47
9,47100	47
9,47167	47
9,47233	47
9,47300	48
9,47367	48
9,47433	48
9,47500	48
9,47567	48
9,47633	48
9,47700	48
9,47767	48
9,47833	48
9,47900	48
9,47967	48
9,48033	49
9,48100	49
9,48167	49
9,48233	49
9,48300	50
9,48367	50
9,48433	50
9,48500	50
9,48567	50
9,48633	50
9,48700	50
9,48767	50
9,48833	51
9,48900	51
9,48967	51
9,49033	51
9,49100	51
9,49167	52
9,49233	52
9,49300	52
9,49367	53
9,49433	53
9,49500	53
9,49567	53
9,49633	53
9,49700	53
9,49767	53
9,49833	53
9,49900	53
9,49967	53
9,50033	53
9,50100	53
9,50167	53
9,50233	53
9,50300	53
9,50367	53
9,50433	53
9,50500	53
9,50567	53
9,50633	53
9,50700	53
9,50767	53
9,50833	52
9,50900	52
9,50967	53
9,51033	53
9,51100	53
9,51167	53
9,51233	53
9,51300	53
9,51367	53
9,51433	53
9,51500	53
9,51567	53
9,51633	53
9,51700	53
9,51767	53
9,51833	53
9,51900	53
9,51967	53
9,52033	53
9,52100	53
9,52167	53
9,52233	53
9,52300	54
9,52367	54
9,52433	53
9,52500	53
9,52567	53
9,52633	53
9,52700	53
9,52767	52
9,52833	52
9,52900	52
9,52967	52
9,53033	53
9,53100	53
9,53167	52
9,53233	52
9,53300	52
9,53367	52
9,53433	52
9,53500	51
9,53567	51
9,53633	51
9,53700	51
9,53767	50
9,53833	50
9,53900	50
9,53967	50
9,54033	50
9,54100	50
9,54167	50
9,54233	50
9,54300	50
9,54367	50
9,54433	50
9,54500	50
9,54567	50
9,54633	50
9,54700	50
9,54767	50
9,54833	50
9,54900	50
9,54967	50
9,55033	50
9,55100	50
9,55167	50
9,55233	49
9,55300	49
9,55367	49
9,55433	49
9,55500	49
9,55567	49
9,55633	49
9,55700	49
9,55767	49
9,55833	49
9,55900	49
9,55967	49
9,56033	49
9,56100	48
9,56167	49
9,56233	49
9,56300	49
9,56367	49
9,56433	49
9,56500	49
9,56567	49
9,56633	49
9,56700	50
9,56767	50
9,56833	50
9,56900	50
9,56967	50
9,57033	50
9,57100	50
9,57167	50
9,57233	50
9,57300	50
9,57367	51
9,57433	51
9,57500	51
9,57567	51
9,57633	51
9,57700	51
9,57767	51
9,57833	51
9,57900	51
9,57967	51
9,58033	51
9,58100	51
9,58167	51
9,58233	51
9,58300	51
9,58367	51
9,58433	52
9,58500	52
9,58567	52
9,58633	53
9,58700	53
9,58767	53
9,58833	54
9,58900	54
9,58967	54
9,59033	54
9,59100	53
9,59167	53
9,59233	53
9,59300	53
9,59367	53
9,59433	53
9,59500	53
9,59567	53
9,59633	53
9,59700	54
9,59767	54
9,59833	54
9,59900	54
9,59967	54
9,60033	54
9,60100	54
9,60167	53
9,60233	53
9,60300	53
9,60367	53
9,60433	52
9,60500	52
9,60567	52
9,60633	52
9,60700	51
9,60767	51
9,60833	51
9,60900	51
9,60967	51
9,61033	51
9,61100	50
9,61167	50
9,61233	50
9,61300	50
9,61367	50
9,61433	49
9,61500	49
9,61567	48
9,61633	48
9,61700	48
9,61767	47
9,61833	47
9,61900	46
9,61967	46
9,62033	46
9,62100	46
9,62167	46
9,62233	47
9,62300	47
9,62367	47
9,62433	47
9,62500	47
9,62567	48
9,62633	48
9,62700	48
9,62767	48
9,62833	48
9,62900	49
9,62967	49
9,63033	49
9,63100	49
9,63167	49
9,63233	49
9,63300	49
9,63367	49
9,63433	49
9,63500	49
9,63567	49
9,63633	49
9,63700	48
9,63767	48
9,63833	48
9,63900	48
9,63967	48
9,64033	48
9,64100	49
9,64167	49
9,64233	49
9,64300	49
9,64367	49
9,64433	49
9,64500	49
9,64567	49
9,64633	49
9,64700	50
9,64767	50
9,64833	50
9,64900	50
9,64967	51
9,65033	51
9,65100	51
9,65167	51
9,65233	51
9,65300	52
9,65367	52
9,65433	52
9,65500	52
9,65567	53
9,65633	53
9,65700	53
9,65767	53
9,65833	54
9,65900	54
9,65967	54
9,66033	55
9,66100	55
9,66167	55
9,66233	56
9,66300	56
9,66367	57
9,66433	57
9,66500	57
9,66567	57
9,66633	56
9,66700	56
9,66767	56
9,66833	56
9,66900	55
9,66967	55
9,67033	55
9,67100	55
9,67167	55
9,67233	55
9,67300	55
9,67367	55
9,67433	55
9,67500	55
9,67567	54
9,67633	54
9,67700	54
9,67767	53
9,67833	53
9,67900	53
9,67967	52
9,68033	52
9,68100	51
9,68167	51
9,68233	51
9,68300	51
9,68367	51
9,68433	51
9,68500	51
9,68567	50
9,68633	50
9,68700	50
9,68767	50
9,68833	50
9,68900	50
9,68967	50
9,69033	49
9,69100	49
9,69167	49
9,69233	49
9,69300	49
9,69367	49
9,69433	49
9,69500	49
9,69567	49
9,69633	49
9,69700	49
9,69767	49
9,69833	49
9,69900	49
9,69967	49
9,70033	49
9,70100	49
9,70167	49
9,70233	49
9,70300	49
9,70367	49
9,70433	49
9,70500	49
9,70567	49
9,70633	49
9,70700	50
9,70767	50
9,70833	50
9,70900	50
9,70967	50
9,71033	50
9,71100	50
9,71167	50
9,71233	50
9,71300	51
9,71367	51
9,71433	51
9,71500	52
9,71567	52
9,71633	53
9,71700	53
9,71767	53
9,71833	53
9,71900	53
9,71967	53
9,72033	53
9,72100	53
9,72167	53
9,72233	53
9,72300	53
9,72367	53
9,72433	53
9,72500	52
9,72567	52
9,72633	52
9,72700	52
9,72767	52
9,72833	52
9,72900	52
9,72967	51
9,73033	51
9,73100	51
9,73167	51
9,73233	51
9,73300	51
9,73367	51
9,73433	51
9,73500	51
9,73567	51
9,73633	51
9,73700	51
9,73767	51
9,73833	51
9,73900	51
9,73967	51
9,74033	50
9,74100	50
9,74167	50
9,74233	50
9,74300	50
9,74367	51
9,74433	51
9,74500	51
9,74567	52
9,74633	52
9,74700	52
9,74767	52
9,74833	52
9,74900	52
9,74967	53
9,75033	53
9,75100	53
9,75167	53
9,75233	53
9,75300	53
9,75367	53
9,75433	53
9,75500	53
9,75567	54
9,75633	54
9,75700	54
9,75767	54
9,75833	54
9,75900	54
9,75967	54
9,76033	54
9,76100	54
9,76167	54
9,76233	54
9,76300	54
9,76367	54
9,76433	54
9,76500	54
9,76567	54
9,76633	54
9,76700	54
9,76767	54
9,76833	54
9,76900	54
9,76967	53
9,77033	53
9,77100	53
9,77167	53
9,77233	53
9,77300	53
9,77367	53
9,77433	53
9,77500	53
9,77567	53
9,77633	53
9,77700	53
9,77767	53
9,77833	53
9,77900	53
9,77967	54
9,78033	54
9,78100	54
9,78167	54
9,78233	55
9,78300	55
9,78367	56
9,78433	56
9,78500	55
9,78567	55
9,78633	55
9,78700	54
9,78767	54
9,78833	54
9,78900	54
9,78967	54
9,79033	54
9,79100	54
9,79167	53
9,79233	53
9,79300	53
9,79367	53
9,79433	53
9,79500	52
9,79567	52
9,79633	52
9,79700	52
9,79767	52
9,79833	52
9,79900	52
9,79967	52
9,80033	52
9,80100	52
9,80167	52
9,80233	52
9,80300	52
9,80367	52
9,80433	52
9,80500	52
9,80567	53
9,80633	53
9,80700	53
9,80767	53
9,80833	54
9,80900	54
9,80967	54
9,81033	54
9,81100	55
9,81167	55
9,81233	55
9,81300	55
9,81367	55
9,81433	56
9,81500	56
9,81567	56
9,81633	56
9,81700	56
9,81767	56
9,81833	56
9,81900	57
9,81967	57
9,82033	57
9,82100	57
9,82167	58
9,82233	58
9,82300	58
9,82367	58
9,82433	58
9,82500	58
9,82567	58
9,82633	58
9,82700	57
9,82767	57
9,82833	57
9,82900	57
9,82967	58
9,83033	58
9,83100	58
9,83167	58
9,83233	58
9,83300	59
9,83367	59
9,83433	59
9,83500	60
9,83567	60
9,83633	60
9,83700	61
9,83767	61
9,83833	61
9,83900	61
9,83967	62
9,84033	62
9,84100	62
9,84167	63
9,84233	63
9,84300	63
9,84367	63
9,84433	63
9,84500	63
9,84567	63
9,84633	63
9,84700	64
9,84767	64
9,84833	64
9,84900	64
9,84967	64
9,85033	65
9,85100	65
9,85167	65
9,85233	65
9,85300	65
9,85367	65
9,85433	64
9,85500	64
9,85567	64
9,85633	64
9,85700	63
9,85767	63
9,85833	63
9,85900	63
9,85967	63
9,86033	63
9,86100	63
9,86167	63
9,86233	63
9,86300	63
9,86367	63
9,86433	63
9,86500	63
9,86567	64
9,86633	64
9,86700	64
9,86767	64
9,86833	65
9,86900	65
9,86967	65
9,87033	65
9,87100	65
9,87167	65
9,87233	66
9,87300	66
9,87367	66
9,87433	66
9,87500	66
9,87567	66
9,87633	66
9,87700	66
9,87767	66
9,87833	65
9,87900	65
9,87967	65
9,88033	64
9,88100	64
9,88167	64
9,88233	64
9,88300	64
9,88367	63
9,88433	63
9,88500	64
9,88567	64
9,88633	64
9,88700	64
9,88767	65
9,88833	65
9,88900	65
9,88967	66
9,89033	66
9,89100	66
9,89167	66
9,89233	66
9,89300	67
9,89367	67
9,89433	67
9,89500	67
9,89567	67
9,89633	67
9,89700	67
9,89767	68
9,89833	68
9,89900	68
9,89967	68
9,90033	68
9,90100	68
9,90167	69
9,90233	69
9,90300	69
9,90367	69
9,90433	70
9,90500	70
9,90567	71
9,90633	71
9,90700	71
9,90767	72
9,90833	72
9,90900	72
9,90967	72
9,91033	72
9,91100	72
9,91167	72
9,91233	72
9,91300	72
9,91367	72
9,91433	73
9,91500	73
9,91567	73
9,91633	73
9,91700	73
9,91767	73
9,91833	73
9,91900	73
9,91967	73
9,92033	73
9,92100	73
9,92167	73
9,92233	73
9,92300	73
9,92367	72
9,92433	72
9,92500	72
9,92567	72
9,92633	72
9,92700	72
9,92767	71
9,92833	71
9,92900	71
9,92967	71
9,93033	71
9,93100	71
9,93167	71
9,93233	71
9,93300	71
9,93367	71
9,93433	71
9,93500	71
9,93567	71
9,93633	71
9,93700	71
9,93767	71
9,93833	71
9,93900	71
9,93967	71
9,94033	71
9,94100	71
9,94167	71
9,94233	71
9,94300	71
9,94367	71
9,94433	71
9,94500	71
9,94567	71
9,94633	72
9,94700	72
9,94767	72
9,94833	72
9,94900	72
9,94967	72
9,95033	73
9,95100	73
9,95167	73
9,95233	73
9,95300	73
9,95367	73
9,95433	73
9,95500	73
9,95567	73
9,95633	73
9,95700	73
9,95767	73
9,95833	74
9,95900	74
9,95967	74
9,96033	74
9,96100	74
9,96167	74
9,96233	74
9,96300	74
9,96367	74
9,96433	74
9,96500	74
9,96567	74
9,96633	75
9,96700	75
9,96767	75
9,96833	75
9,96900	75
9,96967	75
9,97033	75
9,97100	75
9,97167	76
9,97233	76
9,97300	76
9,97367	76
9,97433	76
9,97500	76
9,97567	76
9,97633	76
9,97700	76
9,97767	77
9,97833	77
9,97900	77
9,97967	77
9,98033	77
9,98100	77
9,98167	77
9,98233	78
9,98300	78
9,98367	78
9,98433	78
9,98500	78
9,98567	78
9,98633	78
9,98700	78
9,98767	78
9,98833	78
9,98900	78
9,98967	78
9,99033	78
9,99100	78
9,99167	79
9,99233	79
9,99300	79
9,99367	80
9,99433	80
9,99500	81
9,99567	81
9,99633	81
9,99700	81
9,99767	81
9,99833	81
9,99900	81
9,99967	81
10,00033	81
10,00100	81
10,00167	81
10,00233	81
10,00300	81
10,00367	82
10,00433	82
10,00500	82
10,00567	82
10,00633	82
10,00700	82
10,00767	82
10,00833	82
10,00900	81
10,00967	81
10,01033	81
10,01100	80
10,01167	80
10,01233	80
10,01300	79
10,01367	79
10,01433	78
10,01500	78
10,01567	78
10,01633	78
10,01700	78
10,01767	78
10,01833	78
10,01900	78
10,01967	77
10,02033	77
10,02100	77
10,02167	77
10,02233	77
10,02300	77
10,02367	77
10,02433	78
10,02500	78
10,02567	78
10,02633	78
10,02700	78
10,02767	78
10,02833	78
10,02900	78
10,02967	79
10,03033	79
10,03100	79
10,03167	79
10,03233	80
10,03300	80
10,03367	80
10,03433	81
10,03500	81
10,03567	82
10,03633	82
10,03700	83
10,03767	83
10,03833	84
10,03900	84
10,03967	84
10,04033	84
10,04100	85
10,04167	85
10,04233	85
10,04300	85
10,04367	85
10,04433	86
10,04500	86
10,04567	86
10,04633	86
10,04700	87
10,04767	87
10,04833	87
10,04900	88
10,04967	88
10,05033	88
10,05100	89
10,05167	89
10,05233	89
10,05300	89
10,05367	89
10,05433	90
10,05500	90
10,05567	90
10,05633	91
10,05700	91
10,05767	91
10,05833	92
10,05900	92
10,05967	92
10,06033	93
10,06100	93
10,06167	93
10,06233	93
10,06300	93
10,06367	93
10,06433	93
10,06500	93
10,06567	93
10,06633	93
10,06700	93
10,06767	94
10,06833	94
10,06900	94
10,06967	94
10,07033	94
10,07100	94
10,07167	94
10,07233	94
10,07300	94
10,07367	94
10,07433	94
10,07500	94
10,07567	94
10,07633	94
10,07700	95
10,07767	95
10,07833	95
10,07900	95
10,07967	95
10,08033	95
10,08100	95
10,08167	95
10,08233	95
10,08300	95
10,08367	95
10,08433	95
10,08500	95
10,08567	95
10,08633	95
10,08700	95
10,08767	95
10,08833	95
10,08900	95
10,08967	95
10,09033	95
10,09100	95
10,09167	95
10,09233	95
10,09300	95
10,09367	95
10,09433	95
10,09500	95
10,09567	95
10,09633	95
10,09700	95
10,09767	96
10,09833	96
10,09900	97
10,09967	97
10,10033	98
10,10100	98
10,10167	99
10,10233	99
10,10300	99
10,10367	100
10,10433	100
10,10500	100
10,10567	100
10,10633	100
10,10700	101
10,10767	101
10,10833	101
10,10900	101
10,10967	102
10,11033	102
10,11100	103
10,11167	103
10,11233	103
10,11300	104
10,11367	104
10,11433	104
10,11500	104
10,11567	104
10,11633	105
10,11700	105
10,11767	105
10,11833	105
10,11900	105
10,11967	105
10,12033	105
10,12100	105
10,12167	105
10,12233	105
10,12300	105
10,12367	105
10,12433	105
10,12500	104
10,12567	104
10,12633	104
10,12700	104
10,12767	104
10,12833	103
10,12900	103
10,12967	103
10,13033	103
10,13100	103
10,13167	103
10,13233	102
10,13300	102
10,13367	102
10,13433	101
10,13500	101
10,13567	101
10,13633	101
10,13700	101
10,13767	101
10,13833	101
10,13900	101
10,13967	100
10,14033	100
10,14100	100
10,14167	100
10,14233	100
10,14300	100
10,14367	100
10,14433	99
10,14500	99
10,14567	99
10,14633	99
10,14700	99
10,14767	98
10,14833	98
10,14900	98
10,14967	98
10,15033	98
10,15100	98
10,15167	98
10,15233	99
10,15300	99
10,15367	99
10,15433	100
10,15500	100
10,15567	100
10,15633	100
10,15700	100
10,15767	100
10,15833	99
10,15900	99
10,15967	99
10,16033	99
10,16100	98
10,16167	98
10,16233	98
10,16300	97
10,16367	97
10,16433	97
10,16500	96
10,16567	96
10,16633	96
10,16700	96
10,16767	95
10,16833	95
10,16900	95
10,16967	94
10,17033	94
10,17100	94
10,17167	93
10,17233	93
10,17300	93
10,17367	93
10,17433	93
10,17500	93
10,17567	93
10,17633	93
10,17700	93
10,17767	93
10,17833	93
10,17900	93
10,17967	93
10,18033	93
10,18100	93
10,18167	93
10,18233	93
10,18300	93
10,18367	93
10,18433	92
10,18500	92
10,18567	92
10,18633	92
10,18700	92
10,18767	91
10,18833	91
10,18900	91
10,18967	91
10,19033	90
10,19100	90
10,19167	90
10,19233	89
10,19300	89
10,19367	89
10,19433	89
10,19500	89
10,19567	89
10,19633	89
10,19700	89
10,19767	88
10,19833	88
10,19900	88
10,19967	87
10,20033	87
10,20100	87
10,20167	87
10,20233	87
10,20300	87
10,20367	87
10,20433	87
10,20500	86
10,20567	86
10,20633	86
10,20700	86
10,20767	86
10,20833	86
10,20900	86
10,20967	87
10,21033	87
10,21100	87
10,21167	87
10,21233	87
10,21300	87
10,21367	87
10,21433	87
10,21500	87
10,21567	87
10,21633	87
10,21700	87
10,21767	88
10,21833	88
10,21900	88
10,21967	88
10,22033	88
10,22100	88
10,22167	88
10,22233	88
10,22300	87
10,22367	87
10,22433	87
10,22500	87
10,22567	86
10,22633	86
10,22700	86
10,22767	86
10,22833	86
10,22900	86
10,22967	87
10,23033	87
10,23100	87
10,23167	87
10,23233	87
10,23300	87
10,23367	87
10,23433	87
10,23500	87
10,23567	87
10,23633	87
10,23700	87
10,23767	88
10,23833	88
10,23900	88
10,23967	88
10,24033	88
10,24100	88
10,24167	88
10,24233	88
10,24300	88
10,24367	88
10,24433	88
10,24500	88
10,24567	88
10,24633	88
10,24700	89
10,24767	89
10,24833	89
10,24900	89
10,24967	89
10,25033	89
10,25100	89
10,25167	89
10,25233	89
10,25300	89
10,25367	89
10,25433	89
10,25500	89
10,25567	89
10,25633	89
10,25700	90
10,25767	90
10,25833	90
10,25900	91
10,25967	91
10,26033	92
10,26100	92
10,26167	92
10,26233	92
10,26300	93
10,26367	93
10,26433	93
10,26500	93
10,26567	94
10,26633	94
10,26700	94
10,26767	95
10,26833	95
10,26900	95
10,26967	95
10,27033	95
10,27100	95
10,27167	95
10,27233	95
10,27300	95
10,27367	95
10,27433	95
10,27500	95
10,27567	96
10,27633	96
10,27700	96
10,27767	96
10,27833	97
10,27900	97
10,27967	97
10,28033	98
10,28100	98
10,28167	98
10,28233	98
10,28300	98
10,28367	98
10,28433	98
10,28500	98
10,28567	98
10,28633	97
10,28700	97
10,28767	96
10,28833	96
10,28900	96
10,28967	95
10,29033	95
10,29100	94
10,29167	94
10,29233	94
10,29300	93
10,29367	93
10,29433	93
10,29500	92
10,29567	92
10,29633	92
10,29700	91
10,29767	91
10,29833	91
10,29900	91
10,29967	91
10,30033	91
10,30100	90
10,30167	90
10,30233	90
10,30300	90
10,30367	90
10,30433	90
10,30500	89
10,30567	89
10,30633	89
10,30700	89
10,30767	89
10,30833	89
10,30900	89
10,30967	89
10,31033	89
10,31100	89
10,31167	89
10,31233	90
10,31300	90
10,31367	90
10,31433	90
10,31500	90
10,31567	90
10,31633	89
10,31700	89
10,31767	89
10,31833	89
10,31900	89
10,31967	89
10,32033	89
10,32100	90
10,32167	90
10,32233	90
10,32300	90
10,32367	90
10,32433	90
10,32500	90
10,32567	90
10,32633	90
10,32700	90
10,32767	90
10,32833	90
10,32900	90
10,32967	90
10,33033	90
10,33100	90
10,33167	90
10,33233	90
10,33300	90
10,33367	89
10,33433	89
10,33500	89
10,33567	89
10,33633	89
10,33700	89
10,33767	89
10,33833	88
10,33900	88
10,33967	89
10,34033	89
10,34100	89
10,34167	89
10,34233	89
10,34300	89
10,34367	90
10,34433	90
10,34500	90
10,34567	91
10,34633	91
10,34700	91
10,34767	91
10,34833	92
10,34900	92
10,34967	92
10,35033	92
10,35100	93
10,35167	93
10,35233	93
10,35300	93
10,35367	94
10,35433	94
10,35500	94
10,35567	94
10,35633	93
10,35700	93
10,35767	93
10,35833	93
10,35900	92
10,35967	92
10,36033	92
10,36100	92
10,36167	91
10,36233	91
10,36300	91
10,36367	91
10,36433	91
10,36500	91
10,36567	91
10,36633	91
10,36700	91
10,36767	91
10,36833	91
10,36900	91
10,36967	91
10,37033	91
10,37100	91
10,37167	91
10,37233	91
10,37300	91
10,37367	91
10,37433	91
10,37500	91
10,37567	91
10,37633	91
10,37700	91
10,37767	91
10,37833	91
10,37900	91
10,37967	91
10,38033	91
10,38100	91
10,38167	91
10,38233	91
10,38300	91
10,38367	91
10,38433	90
10,38500	90
10,38567	90
10,38633	90
10,38700	90
10,38767	90
10,38833	91
10,38900	91
10,38967	91
10,39033	91
10,39100	91
10,39167	92
10,39233	92
10,39300	92
10,39367	92
10,39433	92
10,39500	93
10,39567	93
10,39633	93
10,39700	93
10,39767	94
10,39833	94
10,39900	94
10,39967	94
10,40033	94
10,40100	94
10,40167	94
10,40233	94
10,40300	94
10,40367	94
10,40433	94
10,40500	94
10,40567	94
10,40633	95
10,40700	95
10,40767	95
10,40833	96
10,40900	96
10,40967	96
10,41033	96
10,41100	96
10,41167	95
10,41233	95
10,41300	96
10,41367	96
10,41433	96
10,41500	96
10,41567	96
10,41633	97
10,41700	97
10,41767	97
10,41833	97
10,41900	98
10,41967	98
10,42033	98
10,42100	98
10,42167	98
10,42233	99
10,42300	99
10,42367	99
10,42433	99
10,42500	99
10,42567	100
10,42633	100
10,42700	100
10,42767	100
10,42833	100
10,42900	100
10,42967	100
10,43033	100
10,43100	100
10,43167	100
10,43233	100
10,43300	100
10,43367	100
10,43433	100
10,43500	99
10,43567	99
10,43633	99
10,43700	99
10,43767	98
10,43833	98
10,43900	98
10,43967	98
10,44033	98
10,44100	98
10,44167	98
10,44233	98
10,44300	98
10,44367	98
10,44433	98
10,44500	98
10,44567	99
10,44633	99
10,44700	99
10,44767	99
10,44833	99
10,44900	98
10,44967	98
10,45033	98
10,45100	98
10,45167	99
10,45233	99
10,45300	99
10,45367	99
10,45433	99
10,45500	99
10,45567	99
10,45633	99
10,45700	99
10,45767	99
10,45833	99
10,45900	99
10,45967	99
10,46033	99
10,46100	99
10,46167	99
10,46233	100
10,46300	100
10,46367	100
10,46433	100
10,46500	100
10,46567	100
10,46633	100
10,46700	101
10,46767	101
10,46833	101
10,46900	101
10,46967	102
10,47033	102
10,47100	103
10,47167	103
10,47233	103
10,47300	104
10,47367	104
10,47433	104
10,47500	104
10,47567	104
10,47633	105
10,47700	105
10,47767	105
10,47833	105
10,47900	105
10,47967	105
10,48033	105
10,48100	106
10,48167	106
10,48233	106
10,48300	107
10,48367	107
10,48433	107
10,48500	107
10,48567	108
10,48633	108
10,48700	108
10,48767	108
10,48833	108
10,48900	108
10,48967	108
10,49033	108
10,49100	108
10,49167	108
10,49233	108
10,49300	108
10,49367	108
10,49433	108
10,49500	108
10,49567	108
10,49633	108
10,49700	108
10,49767	108
10,49833	108
10,49900	109
10,49967	109
10,50033	109
10,50100	109
10,50167	109
10,50233	109
10,50300	110
10,50367	110
10,50433	110
10,50500	110
10,50567	110
10,50633	110
10,50700	110
10,50767	110
10,50833	109
10,50900	109
10,50967	109
10,51033	108
10,51100	108
10,51167	108
10,51233	108
10,51300	108
10,51367	108
10,51433	108
10,51500	108
10,51567	109
10,51633	109
10,51700	109
10,51767	109
10,51833	110
10,51900	110
10,51967	111
10,52033	111
10,52100	112
10,52167	112
10,52233	112
10,52300	112
10,52367	113
10,52433	113
10,52500	113
10,52567	113
10,52633	114
10,52700	114
10,52767	114
10,52833	114
10,52900	114
10,52967	114
10,53033	114
10,53100	114
10,53167	114
10,53233	114
10,53300	114
10,53367	115
10,53433	115
10,53500	115
10,53567	115
10,53633	115
10,53700	115
10,53767	115
10,53833	115
10,53900	115
10,53967	115
10,54033	115
10,54100	115
10,54167	115
10,54233	115
10,54300	115
10,54367	115
10,54433	115
10,54500	115
10,54567	116
10,54633	116
10,54700	116
10,54767	116
10,54833	116
10,54900	116
10,54967	117
10,55033	116
10,55100	116
10,55167	116
10,55233	116
10,55300	116
10,55367	115
10,55433	115
10,55500	115
10,55567	115
10,55633	115
10,55700	116
10,55767	116
10,55833	116
10,55900	116
10,55967	116
10,56033	116
10,56100	116
10,56167	116
10,56233	116
10,56300	116
10,56367	116
10,56433	116
10,56500	116
10,56567	117
10,56633	117
10,56700	117
10,56767	117
10,56833	117
10,56900	117
10,56967	117
10,57033	117
10,57100	117
10,57167	117
10,57233	117
10,57300	117
10,57367	117
10,57433	117
10,57500	117
10,57567	117
10,57633	117
10,57700	117
10,57767	117
10,57833	118
10,57900	118
10,57967	118
10,58033	118
10,58100	118
10,58167	117
10,58233	117
10,58300	117
10,58367	117
10,58433	117
10,58500	117
10,58567	117
10,58633	117
10,58700	117
10,58767	117
10,58833	117
10,58900	117
10,58967	118
10,59033	118
10,59100	118
10,59167	118
10,59233	118
10,59300	119
10,59367	119
10,59433	119
10,59500	119
10,59567	119
10,59633	119
10,59700	119
10,59767	119
10,59833	120
10,59900	120
10,59967	120
10,60033	120
10,60100	121
10,60167	121
10,60233	121
10,60300	122
10,60367	122
10,60433	122
10,60500	122
10,60567	123
10,60633	123
10,60700	123
10,60767	124
10,60833	124
10,60900	124
10,60967	125
10,61033	125
10,61100	126
10,61167	126
10,61233	126
10,61300	127
10,61367	127
10,61433	127
10,61500	128
10,61567	128
10,61633	128
10,61700	128
10,61767	128
10,61833	128
10,61900	128
10,61967	128
10,62033	128
10,62100	128
10,62167	128
10,62233	128
10,62300	128
10,62367	128
10,62433	128
10,62500	128
10,62567	128
10,62633	128
10,62700	127
10,62767	127
10,62833	127
10,62900	127
10,62967	127
10,63033	127
10,63100	127
10,63167	127
10,63233	127
10,63300	127
10,63367	127
10,63433	127
10,63500	127
10,63567	127
10,63633	126
10,63700	126
10,63767	126
10,63833	126
10,63900	126
10,63967	126
10,64033	126
10,64100	126
10,64167	126
10,64233	127
10,64300	127
10,64367	127
10,64433	127
10,64500	127
10,64567	127
10,64633	127
10,64700	127
10,64767	127
10,64833	126
10,64900	126
10,64967	125
10,65033	125
10,65100	125
10,65167	125
10,65233	125
10,65300	125
10,65367	125
10,65433	125
10,65500	125
10,65567	125
10,65633	125
10,65700	125
10,65767	125
10,65833	125
10,65900	126
10,65967	126
10,66033	126
10,66100	126
10,66167	127
10,66233	127
10,66300	128
10,66367	128
10,66433	128
10,66500	129
10,66567	129
10,66633	129
10,66700	129
10,66767	129
10,66833	128
10,66900	128
10,66967	128
10,67033	128
10,67100	128
10,67167	128
10,67233	128
10,67300	128
10,67367	128
10,67433	128
10,67500	128
10,67567	128
10,67633	128
10,67700	128
10,67767	128
10,67833	128
10,67900	128
10,67967	128
10,68033	128
10,68100	128
10,68167	128
10,68233	128
10,68300	128
10,68367	128
10,68433	128
10,68500	127
10,68567	127
10,68633	127
10,68700	127
10,68767	126
10,68833	126
10,68900	125
10,68967	125
10,69033	125
10,69100	125
10,69167	124
10,69233	124
10,69300	124
10,69367	123
10,69433	123
10,69500	123
10,69567	123
10,69633	122
10,69700	122
10,69767	122
10,69833	122
10,69900	122
10,69967	122
10,70033	122
10,70100	121
10,70167	121
10,70233	121
10,70300	121
10,70367	120
10,70433	120
10,70500	121
10,70567	121
10,70633	121
10,70700	121
10,70767	121
10,70833	121
10,70900	121
10,70967	121
10,71033	121
10,71100	121
10,71167	121
10,71233	122
10,71300	122
10,71367	122
10,71433	122
10,71500	122
10,71567	122
10,71633	123
10,71700	123
10,71767	123
10,71833	123
10,71900	123
10,71967	123
10,72033	123
10,72100	124
10,72167	124
10,72233	124
10,72300	124
10,72367	124
10,72433	124
10,72500	124
10,72567	124
10,72633	124
10,72700	124
10,72767	124
10,72833	124
10,72900	124
10,72967	124
10,73033	124
10,73100	124
10,73167	124
10,73233	125
10,73300	125
10,73367	125
10,73433	125
10,73500	125
10,73567	125
10,73633	125
10,73700	125
10,73767	125
10,73833	125
10,73900	125
10,73967	126
10,74033	126
10,74100	126
10,74167	126
10,74233	127
10,74300	127
10,74367	127
10,74433	127
10,74500	127
10,74567	127
10,74633	127
10,74700	127
10,74767	127
10,74833	127
10,74900	127
10,74967	127
10,75033	127
10,75100	127
10,75167	126
10,75233	126
10,75300	126
10,75367	125
10,75433	125
10,75500	124
10,75567	124
10,75633	124
10,75700	123
10,75767	123
10,75833	123
10,75900	123
10,75967	122
10,76033	122
10,76100	122
10,76167	122
10,76233	122
10,76300	121
10,76367	121
10,76433	121
10,76500	121
10,76567	121
10,76633	120
10,76700	120
10,76767	120
10,76833	120
10,76900	119
10,76967	119
10,77033	119
10,77100	119
10,77167	119
10,77233	118
10,77300	118
10,77367	118
10,77433	118
10,77500	117
10,77567	117
10,77633	117
10,77700	117
10,77767	117
10,77833	117
10,77900	117
10,77967	116
10,78033	116
10,78100	116
10,78167	115
10,78233	115
10,78300	114
10,78367	114
10,78433	113
10,78500	112
10,78567	112
10,78633	111
10,78700	111
10,78767	110
10,78833	110
10,78900	109
10,78967	109
10,79033	108
10,79100	108
10,79167	108
10,79233	108
10,79300	108
10,79367	108
10,79433	108
10,79500	108
10,79567	108
10,79633	108
10,79700	108
10,79767	108
10,79833	108
10,79900	108
10,79967	108
10,80033	108
10,80100	109
10,80167	109
10,80233	109
10,80300	110
10,80367	110
10,80433	110
10,80500	110
10,80567	111
10,80633	111
10,80700	111
10,80767	111
10,80833	111
10,80900	111
10,80967	111
10,81033	111
10,81100	111
10,81167	112
10,81233	112
10,81300	112
10,81367	112
10,81433	113
10,81500	113
10,81567	114
10,81633	114
10,81700	114
10,81767	114
10,81833	114
10,81900	114
10,81967	113
10,82033	113
10,82100	113
10,82167	112
10,82233	112
10,82300	112
10,82367	112
10,82433	112
10,82500	112
10,82567	111
10,82633	111
10,82700	111
10,82767	111
10,82833	111
10,82900	110
10,82967	110
10,83033	110
10,83100	110
10,83167	110
10,83233	110
10,83300	110
10,83367	110
10,83433	110
10,83500	110
10,83567	110
10,83633	110
10,83700	110
10,83767	109
10,83833	109
10,83900	109
10,83967	108
10,84033	108
10,84100	108
10,84167	108
10,84233	107
10,84300	107
10,84367	107
10,84433	107
10,84500	107
10,84567	107
10,84633	107
10,84700	107
10,84767	108
10,84833	108
10,84900	108
10,84967	108
10,85033	108
10,85100	108
10,85167	108
10,85233	108
10,85300	108
10,85367	108
10,85433	108
10,85500	108
10,85567	108
10,85633	108
10,85700	108
10,85767	108
10,85833	108
10,85900	107
10,85967	107
10,86033	107
10,86100	107
10,86167	107
10,86233	107
10,86300	107
10,86367	107
10,86433	107
10,86500	107
10,86567	107
10,86633	107
10,86700	107
10,86767	107
10,86833	107
10,86900	107
10,86967	107
10,87033	107
10,87100	107
10,87167	106
10,87233	106
10,87300	106
10,87367	106
10,87433	106
10,87500	105
10,87567	105
10,87633	106
10,87700	106
10,87767	106
10,87833	106
10,87900	106
10,87967	106
10,88033	106
10,88100	106
10,88167	106
10,88233	106
10,88300	106
10,88367	106
10,88433	106
10,88500	106
10,88567	106
10,88633	106
10,88700	106
10,88767	106
10,88833	107
10,88900	107
10,88967	107
10,89033	108
10,89100	108
10,89167	108
10,89233	108
10,89300	109
10,89367	109
10,89433	109
10,89500	109
10,89567	109
10,89633	109
10,89700	109
10,89767	110
10,89833	110
10,89900	110
10,89967	110
10,90033	110
10,90100	110
10,90167	110
10,90233	110
10,90300	110
10,90367	110
10,90433	110
10,90500	110
10,90567	110
10,90633	110
10,90700	111
10,90767	111
10,90833	111
10,90900	111
10,90967	112
10,91033	112
10,91100	112
10,91167	112
10,91233	112
10,91300	112
10,91367	112
10,91433	112
10,91500	112
10,91567	112
10,91633	112
10,91700	112
10,91767	112
10,91833	111
10,91900	112
10,91967	111
10,92033	111
10,92100	111
10,92167	111
10,92233	112
10,92300	112
10,92367	112
10,92433	111
10,92500	111
10,92567	111
10,92633	111
10,92700	111
10,92767	111
10,92833	111
10,92900	112
10,92967	112
10,93033	113
10,93100	113
10,93167	113
10,93233	113
10,93300	113
10,93367	113
10,93433	113
10,93500	113
10,93567	113
10,93633	112
10,93700	112
10,93767	112
10,93833	112
10,93900	111
10,93967	111
10,94033	111
10,94100	111
10,94167	111
10,94233	111
10,94300	111
10,94367	111
10,94433	111
10,94500	111
10,94567	111
10,94633	111
10,94700	112
10,94767	112
10,94833	112
10,94900	112
10,94967	112
10,95033	112
10,95100	112
10,95167	112
10,95233	112
10,95300	112
10,95367	112
10,95433	112
10,95500	112
10,95567	112
10,95633	112
10,95700	112
10,95767	112
10,95833	111
10,95900	111
10,95967	111
10,96033	112
10,96100	112
10,96167	112
10,96233	113
10,96300	113
10,96367	113
10,96433	113
10,96500	113
10,96567	114
10,96633	114
10,96700	113
10,96767	113
10,96833	113
10,96900	113
10,96967	113
10,97033	113
10,97100	113
10,97167	113
10,97233	113
10,97300	112
10,97367	112
10,97433	112
10,97500	112
10,97567	111
10,97633	111
10,97700	110
10,97767	110
10,97833	109
10,97900	109
10,97967	108
10,98033	108
10,98100	108
10,98167	107
10,98233	107
10,98300	107
10,98367	107
10,98433	107
10,98500	106
10,98567	106
10,98633	106
10,98700	106
10,98767	106
10,98833	105
10,98900	105
10,98967	105
10,99033	104
10,99100	104
10,99167	104
10,99233	104
10,99300	104
10,99367	104
10,99433	104
10,99500	104
10,99567	104
10,99633	104
10,99700	104
10,99767	104
10,99833	104
10,99900	104
10,99967	104
11,00033	104
11,00100	104
11,00167	104
11,00233	104
11,00300	104
11,00367	104
11,00433	104
11,00500	104
11,00567	104
11,00633	105
11,00700	105
11,00767	105
11,00833	106
11,00900	106
11,00967	107
11,01033	107
11,01100	107
11,01167	107
11,01233	107
11,01300	107
11,01367	108
11,01433	108
11,01500	108
11,01567	108
11,01633	108
11,01700	108
11,01767	108
11,01833	108
11,01900	109
11,01967	109
11,02033	109
11,02100	109
11,02167	109
11,02233	109
11,02300	109
11,02367	109
11,02433	109
11,02500	109
11,02567	109
11,02633	109
11,02700	109
11,02767	109
11,02833	109
11,02900	109
11,02967	109
11,03033	109
11,03100	109
11,03167	109
11,03233	109
11,03300	110
11,03367	110
11,03433	110
11,03500	110
11,03567	110
11,03633	110
11,03700	110
11,03767	110
11,03833	110
11,03900	110
11,03967	110
11,04033	110
11,04100	110
11,04167	110
11,04233	110
11,04300	110
11,04367	110
11,04433	110
11,04500	110
11,04567	111
11,04633	111
11,04700	111
11,04767	111
11,04833	111
11,04900	111
11,04967	112
11,05033	112
11,05100	112
11,05167	112
11,05233	113
11,05300	113
11,05367	114
11,05433	114
11,05500	114
11,05567	115
11,05633	115
11,05700	116
11,05767	116
11,05833	116
11,05900	117
11,05967	117
11,06033	117
11,06100	117
11,06167	118
11,06233	118
11,06300	118
11,06367	118
11,06433	119
11,06500	119
11,06567	119
11,06633	120
11,06700	120
11,06767	120
11,06833	120
11,06900	120
11,06967	120
11,07033	120
11,07100	120
11,07167	120
11,07233	120
11,07300	120
11,07367	121
11,07433	121
11,07500	121
11,07567	121
11,07633	120
11,07700	120
11,07767	120
11,07833	120
11,07900	120
11,07967	120
11,08033	120
11,08100	120
11,08167	120
11,08233	121
11,08300	121
11,08367	121
11,08433	121
11,08500	122
11,08567	122
11,08633	122
11,08700	123
11,08767	123
11,08833	124
11,08900	124
11,08967	125
11,09033	125
11,09100	126
11,09167	126
11,09233	127
11,09300	127
11,09367	127
11,09433	128
11,09500	128
11,09567	128
11,09633	128
11,09700	128
11,09767	128
11,09833	128
11,09900	128
11,09967	128
11,10033	128
11,10100	129
11,10167	129
11,10233	130
11,10300	131
11,10367	131
11,10433	132
11,10500	133
11,10567	133
11,10633	134
11,10700	134
11,10767	135
11,10833	135
11,10900	136
11,10967	136
11,11033	136
11,11100	136
11,11167	137
11,11233	137
11,11300	137
11,11367	137
11,11433	137
11,11500	138
11,11567	138
11,11633	137
11,11700	137
11,11767	138
11,11833	138
11,11900	138
11,11967	138
11,12033	138
11,12100	138
11,12167	138
11,12233	138
11,12300	138
11,12367	139
11,12433	139
11,12500	140
11,12567	140
11,12633	141
11,12700	141
11,12767	142
11,12833	142
11,12900	142
11,12967	143
11,13033	143
11,13100	144
11,13167	144
11,13233	145
11,13300	145
11,13367	146
11,13433	147
11,13500	147
11,13567	148
11,13633	148
11,13700	149
11,13767	149
11,13833	150
11,13900	150
11,13967	150
11,14033	151
11,14100	151
11,14167	151
11,14233	152
11,14300	152
11,14367	152
11,14433	152
11,14500	152
11,14567	153
11,14633	153
11,14700	153
11,14767	152
11,14833	152
11,14900	152
11,14967	152
11,15033	151
11,15100	151
11,15167	151
11,15233	151
11,15300	151
11,15367	151
11,15433	151
11,15500	151
11,15567	151
11,15633	151
11,15700	151
11,15767	150
11,15833	150
11,15900	149
11,15967	149
11,16033	149
11,16100	149
11,16167	148
11,16233	148
11,16300	148
11,16367	148
11,16433	148
11,16500	147
11,16567	147
11,16633	147
11,16700	147
11,16767	147
11,16833	146
11,16900	146
11,16967	146
11,17033	146
11,17100	146
11,17167	146
11,17233	146
11,17300	145
11,17367	145
11,17433	145
11,17500	145
11,17567	145
11,17633	145
11,17700	145
11,17767	146
11,17833	146
11,17900	146
11,17967	146
11,18033	146
11,18100	146
11,18167	146
11,18233	146
11,18300	146
11,18367	147
11,18433	147
11,18500	147
11,18567	148
11,18633	148
11,18700	149
11,18767	149
11,18833	150
11,18900	151
11,18967	151
11,19033	152
11,19100	152
11,19167	152
11,19233	153
11,19300	153
11,19367	154
11,19433	154
11,19500	155
11,19567	155
11,19633	156
11,19700	156
11,19767	157
11,19833	157
11,19900	158
11,19967	158
11,20033	158
11,20100	159
11,20167	159
11,20233	160
11,20300	160
11,20367	161
11,20433	162
11,20500	162
11,20567	163
11,20633	163
11,20700	164
11,20767	165
11,20833	165
11,20900	166
11,20967	167
11,21033	167
11,21100	168
11,21167	168
11,21233	169
11,21300	170
11,21367	170
11,21433	171
11,21500	171
11,21567	172
11,21633	173
11,21700	173
11,21767	174
11,21833	175
11,21900	175
11,21967	176
11,22033	176
11,22100	177
11,22167	177
11,22233	177
11,22300	178
11,22367	178
11,22433	178
11,22500	178
11,22567	178
11,22633	179
11,22700	179
11,22767	179
11,22833	179
11,22900	179
11,22967	179
11,23033	179
11,23100	179
11,23167	178
11,23233	178
11,23300	178
11,23367	177
11,23433	177
11,23500	176
11,23567	175
11,23633	174
11,23700	173
11,23767	172
11,23833	171
11,23900	170
11,23967	170
11,24033	169
11,24100	168
11,24167	168
11,24233	167
11,24300	167
11,24367	166
11,24433	166
11,24500	165
11,24567	165
11,24633	164
11,24700	164
11,24767	163
11,24833	163
11,24900	162
11,24967	162
11,25033	161
11,25100	161
11,25167	160
11,25233	160
11,25300	159
11,25367	159
11,25433	158
11,25500	158
11,25567	158
11,25633	157
11,25700	157
11,25767	157
11,25833	156
11,25900	156
11,25967	156
11,26033	156
11,26100	156
11,26167	155
11,26233	155
11,26300	155
11,26367	154
11,26433	154
11,26500	153
11,26567	153
11,26633	152
11,26700	151
11,26767	150
11,26833	150
11,26900	149
11,26967	148
11,27033	147
11,27100	147
11,27167	146
11,27233	146
11,27300	146
11,27367	145
11,27433	145
11,27500	145
11,27567	145
11,27633	144
11,27700	144
11,27767	144
11,27833	144
11,27900	143
11,27967	143
11,28033	143
11,28100	142
11,28167	142
11,28233	142
11,28300	142
11,28367	141
11,28433	141
11,28500	141
11,28567	140
11,28633	140
11,28700	139
11,28767	139
11,28833	139
11,28900	138
11,28967	138
11,29033	138
11,29100	138
11,29167	138
11,29233	139
11,29300	139
11,29367	139
11,29433	140
11,29500	140
11,29567	140
11,29633	140
11,29700	140
11,29767	140
11,29833	140
11,29900	141
11,29967	141
11,30033	141
11,30100	141
11,30167	141
11,30233	140
11,30300	140
11,30367	140
11,30433	140
11,30500	140
11,30567	140
11,30633	140
11,30700	140
11,30767	140
11,30833	140
11,30900	140
11,30967	140
11,31033	140
11,31100	139
11,31167	139
11,31233	140
11,31300	140
11,31367	140
11,31433	140
11,31500	140
11,31567	140
11,31633	140
11,31700	140
11,31767	140
11,31833	140
11,31900	140
11,31967	139
11,32033	139
11,32100	139
11,32167	139
11,32233	138
11,32300	138
11,32367	138
11,32433	138
11,32500	138
11,32567	138
11,32633	138
11,32700	138
11,32767	138
11,32833	137
11,32900	137
11,32967	137
11,33033	137
11,33100	137
11,33167	136
11,33233	136
11,33300	136
11,33367	135
11,33433	135
11,33500	135
11,33567	134
11,33633	134
11,33700	134
11,33767	133
11,33833	133
11,33900	132
11,33967	132
11,34033	131
11,34100	131
11,34167	131
11,34233	130
11,34300	130
11,34367	130
11,34433	129
11,34500	129
11,34567	129
11,34633	129
11,34700	128
11,34767	128
11,34833	128
11,34900	128
11,34967	127
11,35033	127
11,35100	126
11,35167	126
11,35233	125
11,35300	125
11,35367	125
11,35433	124
11,35500	124
11,35567	124
11,35633	124
11,35700	124
11,35767	124
11,35833	124
11,35900	124
11,35967	124
11,36033	124
11,36100	124
11,36167	124
11,36233	125
11,36300	125
11,36367	125
11,36433	126
11,36500	126
11,36567	126
11,36633	127
11,36700	127
11,36767	128
11,36833	128
11,36900	129
11,36967	129
11,37033	129
11,37100	129
11,37167	129
11,37233	129
11,37300	129
11,37367	129
11,37433	129
11,37500	129
11,37567	128
11,37633	128
11,37700	128
11,37767	128
11,37833	128
11,37900	128
11,37967	127
11,38033	127
11,38100	127
11,38167	127
11,38233	127
11,38300	127
11,38367	127
11,38433	127
11,38500	126
11,38567	126
11,38633	126
11,38700	126
11,38767	126
11,38833	126
11,38900	126
11,38967	126
11,39033	126
11,39100	126
11,39167	126
11,39233	125
11,39300	125
11,39367	125
11,39433	124
11,39500	124
11,39567	124
11,39633	124
11,39700	124
11,39767	124
11,39833	124
11,39900	123
11,39967	123
11,40033	123
11,40100	123
11,40167	123
11,40233	123
11,40300	123
11,40367	123
11,40433	123
11,40500	123
11,40567	123
11,40633	123
11,40700	123
11,40767	122
11,40833	122
11,40900	122
11,40967	122
11,41033	122
11,41100	122
11,41167	122
11,41233	122
11,41300	122
11,41367	122
11,41433	122
11,41500	122
11,41567	122
11,41633	122
11,41700	121
11,41767	121
11,41833	121
11,41900	121
11,41967	121
11,42033	121
11,42100	121
11,42167	120
11,42233	120
11,42300	120
11,42367	120
11,42433	120
11,42500	120
11,42567	120
11,42633	119
11,42700	119
11,42767	119
11,42833	119
11,42900	118
11,42967	118
11,43033	118
11,43100	117
11,43167	117
11,43233	117
11,43300	117
11,43367	117
11,43433	116
11,43500	116
11,43567	116
11,43633	116
11,43700	116
11,43767	116
11,43833	116
11,43900	115
11,43967	115
11,44033	115
11,44100	114
11,44167	114
11,44233	114
11,44300	114
11,44367	114
11,44433	114
11,44500	114
11,44567	114
11,44633	114
11,44700	114
11,44767	114
11,44833	114
11,44900	113
11,44967	113
11,45033	113
11,45100	113
11,45167	113
11,45233	113
11,45300	112
11,45367	112
11,45433	112
11,45500	112
11,45567	111
11,45633	111
11,45700	111
11,45767	111
11,45833	110
11,45900	110
11,45967	110
11,46033	111
11,46100	111
11,46167	111
11,46233	111
11,46300	111
11,46367	111
11,46433	111
11,46500	111
11,46567	111
11,46633	111
11,46700	111
11,46767	111
11,46833	111
11,46900	110
11,46967	110
11,47033	110
11,47100	110
11,47167	109
11,47233	109
11,47300	109
11,47367	109
11,47433	110
11,47500	110
11,47567	110
11,47633	111
11,47700	111
11,47767	111
11,47833	112
11,47900	112
11,47967	113
11,48033	113
11,48100	113
11,48167	114
11,48233	114
11,48300	114
11,48367	115
11,48433	115
11,48500	116
11,48567	116
11,48633	117
11,48700	118
11,48767	119
11,48833	119
11,48900	120
11,48967	121
11,49033	121
11,49100	122
11,49167	123
11,49233	124
11,49300	125
11,49367	126
11,49433	127
11,49500	127
11,49567	128
11,49633	129
11,49700	129
11,49767	130
11,49833	130
11,49900	131
11,49967	131
11,50033	131
11,50100	132
11,50167	132
11,50233	132
11,50300	132
11,50367	132
11,50433	132
11,50500	132
11,50567	132
11,50633	132
11,50700	131
11,50767	131
11,50833	131
11,50900	130
11,50967	130
11,51033	130
11,51100	130
11,51167	129
11,51233	129
11,51300	129
11,51367	129
11,51433	128
11,51500	128
11,51567	128
11,51633	128
11,51700	127
11,51767	127
11,51833	127
11,51900	126
11,51967	126
11,52033	125
11,52100	124
11,52167	124
11,52233	123
11,52300	123
11,52367	122
11,52433	121
11,52500	121
11,52567	120
11,52633	120
11,52700	119
11,52767	119
11,52833	118
11,52900	118
11,52967	117
11,53033	117
11,53100	116
11,53167	115
11,53233	115
11,53300	114
11,53367	114
11,53433	113
11,53500	112
11,53567	112
11,53633	112
11,53700	111
11,53767	111
11,53833	111
11,53900	111
11,53967	110
11,54033	110
11,54100	110
11,54167	110
11,54233	109
11,54300	109
11,54367	109
11,54433	109
11,54500	109
11,54567	109
11,54633	109
11,54700	109
11,54767	109
11,54833	109
11,54900	109
11,54967	109
11,55033	109
11,55100	109
11,55167	109
11,55233	108
11,55300	108
11,55367	108
11,55433	108
11,55500	108
11,55567	107
11,55633	107
11,55700	107
11,55767	107
11,55833	107
11,55900	107
11,55967	106
11,56033	106
11,56100	106
11,56167	106
11,56233	106
11,56300	107
11,56367	107
11,56433	107
11,56500	107
11,56567	106
11,56633	106
11,56700	106
11,56767	106
11,56833	106
11,56900	106
11,56967	106
11,57033	106
11,57100	107
11,57167	107
11,57233	107
11,57300	108
11,57367	108
11,57433	108
11,57500	109
11,57567	110
11,57633	110
11,57700	111
11,57767	112
11,57833	113
11,57900	114
11,57967	115
11,58033	116
11,58100	118
11,58167	119
11,58233	121
11,58300	122
11,58367	124
11,58433	126
11,58500	127
11,58567	129
11,58633	130
11,58700	132
11,58767	134
11,58833	135
11,58900	137
11,58967	138
11,59033	139
11,59100	141
11,59167	142
11,59233	143
11,59300	145
11,59367	146
11,59433	147
11,59500	148
11,59567	149
11,59633	149
11,59700	150
11,59767	150
11,59833	150
11,59900	151
11,59967	151
11,60033	151
11,60100	151
11,60167	151
11,60233	151
11,60300	151
11,60367	151
11,60433	151
11,60500	151
11,60567	151
11,60633	150
11,60700	150
11,60767	149
11,60833	149
11,60900	148
11,60967	148
11,61033	147
11,61100	146
11,61167	146
11,61233	145
11,61300	144
11,61367	143
11,61433	143
11,61500	142
11,61567	141
11,61633	140
11,61700	139
11,61767	139
11,61833	138
11,61900	137
11,61967	136
11,62033	135
11,62100	135
11,62167	134
11,62233	134
11,62300	133
11,62367	133
11,62433	133
11,62500	132
11,62567	132
11,62633	132
11,62700	131
11,62767	131
11,62833	130
11,62900	130
11,62967	129
11,63033	129
11,63100	128
11,63167	128
11,63233	127
11,63300	127
11,63367	127
11,63433	126
11,63500	126
11,63567	125
11,63633	125
11,63700	125
11,63767	124
11,63833	124
11,63900	123
11,63967	123
11,64033	122
11,64100	122
11,64167	122
11,64233	121
11,64300	121
11,64367	121
11,64433	121
11,64500	121
11,64567	120
11,64633	120
11,64700	120
11,64767	120
11,64833	120
11,64900	120
11,64967	120
11,65033	120
11,65100	120
11,65167	120
11,65233	119
11,65300	119
11,65367	119
11,65433	119
11,65500	119
11,65567	119
11,65633	119
11,65700	120
11,65767	120
11,65833	120
11,65900	120
11,65967	121
11,66033	121
11,66100	121
11,66167	121
11,66233	121
11,66300	122
11,66367	122
11,66433	122
11,66500	122
11,66567	122
11,66633	123
11,66700	123
11,66767	123
11,66833	123
11,66900	123
11,66967	123
11,67033	123
11,67100	122
11,67167	122
11,67233	122
11,67300	122
11,67367	122
11,67433	122
11,67500	122
11,67567	122
11,67633	123
11,67700	123
11,67767	123
11,67833	123
11,67900	123
11,67967	123
11,68033	123
11,68100	123
11,68167	123
11,68233	123
11,68300	123
11,68367	123
11,68433	123
11,68500	122
11,68567	122
11,68633	122
11,68700	122
11,68767	122
11,68833	122
11,68900	122
11,68967	122
11,69033	122
11,69100	122
11,69167	122
11,69233	122
11,69300	122
11,69367	122
11,69433	122
11,69500	122
11,69567	122
11,69633	122
11,69700	122
11,69767	123
11,69833	123
11,69900	123
11,69967	123
11,70033	124
11,70100	124
11,70167	124
11,70233	124
11,70300	124
11,70367	124
11,70433	124
11,70500	124
11,70567	124
11,70633	124
11,70700	124
11,70767	124
11,70833	124
11,70900	124
11,70967	124
11,71033	124
11,71100	124
11,71167	124
11,71233	124
11,71300	124
11,71367	124
11,71433	124
11,71500	124
11,71567	123
11,71633	123
11,71700	123
11,71767	122
11,71833	122
11,71900	122
11,71967	122
11,72033	122
11,72100	122
11,72167	122
11,72233	122
11,72300	123
11,72367	122
11,72433	122
11,72500	122
11,72567	122
11,72633	122
11,72700	122
11,72767	122
11,72833	122
11,72900	122
11,72967	122
11,73033	122
11,73100	122
11,73167	123
11,73233	123
11,73300	124
11,73367	124
11,73433	125
11,73500	125
11,73567	125
11,73633	126
11,73700	126
11,73767	127
11,73833	127
11,73900	127
11,73967	128
11,74033	128
11,74100	128
11,74167	128
11,74233	128
11,74300	128
11,74367	128
11,74433	128
11,74500	128
11,74567	128
11,74633	128
11,74700	128
11,74767	128
11,74833	128
11,74900	128
11,74967	127
11,75033	127
11,75100	127
11,75167	127
11,75233	127
11,75300	126
11,75367	126
11,75433	126
11,75500	126
11,75567	126
11,75633	125
11,75700	125
11,75767	124
11,75833	124
11,75900	124
11,75967	123
11,76033	123
11,76100	123
11,76167	123
11,76233	122
11,76300	122
11,76367	122
11,76433	122
11,76500	122
11,76567	122
11,76633	122
11,76700	122
11,76767	122
11,76833	122
11,76900	122
11,76967	122
11,77033	122
11,77100	122
11,77167	122
11,77233	122
11,77300	122
11,77367	122
11,77433	122
11,77500	122
11,77567	122
11,77633	122
11,77700	122
11,77767	122
11,77833	121
11,77900	121
11,77967	121
11,78033	120
11,78100	120
11,78167	120
11,78233	120
11,78300	119
11,78367	119
11,78433	119
11,78500	119
11,78567	119
11,78633	118
11,78700	118
11,78767	118
11,78833	118
11,78900	117
11,78967	117
11,79033	117
11,79100	117
11,79167	116
11,79233	116
11,79300	116
11,79367	116
11,79433	116
11,79500	117
11,79567	117
11,79633	117
11,79700	117
11,79767	117
11,79833	117
11,79900	117
11,79967	117
11,80033	117
11,80100	117
11,80167	117
11,80233	117
11,80300	117
11,80367	117
11,80433	117
11,80500	117
11,80567	117
11,80633	117
11,80700	118
11,80767	118
11,80833	118
11,80900	118
11,80967	118
11,81033	118
11,81100	118
11,81167	118
11,81233	119
11,81300	119
11,81367	119
11,81433	119
11,81500	119
11,81567	120
11,81633	120
11,81700	120
11,81767	120
11,81833	121
11,81900	121
11,81967	121
11,82033	122
11,82100	122
11,82167	122
11,82233	123
11,82300	123
11,82367	123
11,82433	123
11,82500	124
11,82567	124
11,82633	124
11,82700	124
11,82767	124
11,82833	124
11,82900	124
11,82967	124
11,83033	124
11,83100	124
11,83167	124
11,83233	124
11,83300	124
11,83367	124
11,83433	124
11,83500	124
11,83567	124
11,83633	124
11,83700	124
11,83767	124
11,83833	124
11,83900	124
11,83967	124
11,84033	124
11,84100	124
11,84167	124
11,84233	123
11,84300	123
11,84367	122
11,84433	122
11,84500	122
11,84567	121
11,84633	121
11,84700	121
11,84767	121
11,84833	121
11,84900	121
11,84967	121
11,85033	121
11,85100	121
11,85167	121
11,85233	121
11,85300	121
11,85367	121
11,85433	121
11,85500	121
11,85567	120
11,85633	120
11,85700	120
11,85767	120
11,85833	120
11,85900	119
11,85967	119
11,86033	119
11,86100	120
11,86167	120
11,86233	120
11,86300	120
11,86367	120
11,86433	120
11,86500	120
11,86567	120
11,86633	120
11,86700	120
11,86767	120
11,86833	120
11,86900	120
11,86967	120
11,87033	120
11,87100	120
11,87167	120
11,87233	120
11,87300	120
11,87367	120
11,87433	120
11,87500	120
11,87567	120
11,87633	120
11,87700	119
11,87767	119
11,87833	119
11,87900	119
11,87967	119
11,88033	119
11,88100	119
11,88167	119
11,88233	120
11,88300	120
11,88367	120
11,88433	120
11,88500	121
11,88567	121
11,88633	122
11,88700	123
11,88767	124
11,88833	125
11,88900	127
11,88967	128
11,89033	130
11,89100	131
11,89167	133
11,89233	135
11,89300	137
11,89367	139
11,89433	141
11,89500	144
11,89567	146
11,89633	148
11,89700	151
11,89767	153
11,89833	155
11,89900	158
11,89967	160
11,90033	163
11,90100	165
11,90167	168
11,90233	171
11,90300	173
11,90367	176
11,90433	178
11,90500	180
11,90567	182
11,90633	184
11,90700	186
11,90767	187
11,90833	188
11,90900	190
11,90967	191
11,91033	191
11,91100	192
11,91167	192
11,91233	192
11,91300	193
11,91367	193
11,91433	192
11,91500	192
11,91567	191
11,91633	191
11,91700	190
11,91767	189
11,91833	188
11,91900	187
11,91967	186
11,92033	185
11,92100	183
11,92167	182
11,92233	181
11,92300	180
11,92367	179
11,92433	178
11,92500	177
11,92567	175
11,92633	174
11,92700	173
11,92767	171
11,92833	170
11,92900	169
11,92967	168
11,93033	167
11,93100	166
11,93167	165
11,93233	164
11,93300	163
11,93367	162
11,93433	161
11,93500	160
11,93567	159
11,93633	159
11,93700	158
11,93767	157
11,93833	157
11,93900	156
11,93967	156
11,94033	156
11,94100	155
11,94167	155
11,94233	155
11,94300	155
11,94367	155
11,94433	155
11,94500	154
11,94567	154
11,94633	154
11,94700	154
11,94767	154
11,94833	154
11,94900	154
11,94967	154
11,95033	154
11,95100	153
11,95167	153
11,95233	153
11,95300	153
11,95367	153
11,95433	153
11,95500	153
11,95567	153
11,95633	153
11,95700	153
11,95767	153
11,95833	153
11,95900	153
11,95967	153
11,96033	153
11,96100	153
11,96167	153
11,96233	153
11,96300	153
11,96367	153
11,96433	153
11,96500	153
11,96567	153
11,96633	152
11,96700	152
11,96767	152
11,96833	152
11,96900	152
11,96967	152
11,97033	151
11,97100	151
11,97167	151
11,97233	150
11,97300	150
11,97367	150
11,97433	149
11,97500	149
11,97567	149
11,97633	149
11,97700	149
11,97767	148
11,97833	148
11,97900	147
11,97967	147
11,98033	147
11,98100	146
11,98167	146
11,98233	146
11,98300	146
11,98367	146
11,98433	146
11,98500	146
11,98567	146
11,98633	146
11,98700	147
11,98767	147
11,98833	147
11,98900	147
11,98967	147
11,99033	147
11,99100	147
11,99167	147
11,99233	147
11,99300	148
11,99367	148
11,99433	148
11,99500	148
11,99567	148
11,99633	148
11,99700	148
11,99767	148
11,99833	148
11,99900	148
11,99967	148
12,00033	148
12,00100	148
12,00167	148
12,00233	148
12,00300	148
12,00367	148
12,00433	148
12,00500	148
12,00567	148
12,00633	148
12,00700	148
12,00767	148
12,00833	148
12,00900	148
12,00967	148
12,01033	148
12,01100	148
12,01167	149
12,01233	149
12,01300	149
12,01367	149
12,01433	149
12,01500	149
12,01567	149
12,01633	149
12,01700	149
12,01767	149
12,01833	150
12,01900	150
12,01967	151
12,02033	151
12,02100	151
12,02167	151
12,02233	151
12,02300	152
12,02367	152
12,02433	152
12,02500	152
12,02567	151
12,02633	152
12,02700	152
12,02767	152
12,02833	152
12,02900	152
12,02967	152
12,03033	152
12,03100	152
12,03167	152
12,03233	152
12,03300	152
12,03367	152
12,03433	151
12,03500	151
12,03567	151
12,03633	150
12,03700	150
12,03767	150
12,03833	149
12,03900	149
12,03967	149
12,04033	149
12,04100	149
12,04167	149
12,04233	149
12,04300	150
12,04367	150
12,04433	150
12,04500	150
12,04567	150
12,04633	150
12,04700	150
12,04767	151
12,04833	151
12,04900	151
12,04967	151
12,05033	152
12,05100	152
12,05167	152
12,05233	152
12,05300	151
12,05367	151
12,05433	151
12,05500	151
12,05567	151
12,05633	151
12,05700	150
12,05767	150
12,05833	150
12,05900	150
12,05967	150
12,06033	150
12,06100	150
12,06167	150
12,06233	149
12,06300	149
12,06367	149
12,06433	148
12,06500	148
12,06567	148
12,06633	148
12,06700	148
12,06767	148
12,06833	148
12,06900	149
12,06967	149
12,07033	149
12,07100	150
12,07167	150
12,07233	151
12,07300	151
12,07367	151
12,07433	152
12,07500	152
12,07567	152
12,07633	152
12,07700	152
12,07767	151
12,07833	151
12,07900	151
12,07967	151
12,08033	151
12,08100	151
12,08167	150
12,08233	150
12,08300	150
12,08367	150
12,08433	150
12,08500	150
12,08567	150
12,08633	150
12,08700	150
12,08767	150
12,08833	150
12,08900	149
12,08967	149
12,09033	149
12,09100	149
12,09167	148
12,09233	148
12,09300	148
12,09367	148
12,09433	147
12,09500	147
12,09567	147
12,09633	146
12,09700	146
12,09767	145
12,09833	145
12,09900	144
12,09967	143
12,10033	143
12,10100	142
12,10167	141
12,10233	141
12,10300	140
12,10367	140
12,10433	139
12,10500	139
12,10567	138
12,10633	138
12,10700	137
12,10767	137
12,10833	136
12,10900	136
12,10967	135
12,11033	135
12,11100	135
12,11167	134
12,11233	134
12,11300	134
12,11367	134
12,11433	133
12,11500	133
12,11567	133
12,11633	133
12,11700	132
12,11767	132
12,11833	132
12,11900	131
12,11967	130
12,12033	130
12,12100	129
12,12167	129
12,12233	128
12,12300	128
12,12367	127
12,12433	127
12,12500	127
12,12567	126
12,12633	126
12,12700	125
12,12767	124
12,12833	124
12,12900	123
12,12967	123
12,13033	122
12,13100	122
12,13167	121
12,13233	121
12,13300	121
12,13367	121
12,13433	120
12,13500	120
12,13567	120
12,13633	120
12,13700	120
12,13767	120
12,13833	120
12,13900	120
12,13967	120
12,14033	120
12,14100	120
12,14167	120
12,14233	119
12,14300	119
12,14367	119
12,14433	119
12,14500	119
12,14567	119
12,14633	119
12,14700	119
12,14767	119
12,14833	120
12,14900	120
12,14967	120
12,15033	120
12,15100	120
12,15167	120
12,15233	121
12,15300	121
12,15367	121
12,15433	122
12,15500	122
12,15567	122
12,15633	123
12,15700	123
12,15767	123
12,15833	123
12,15900	124
12,15967	124
12,16033	124
12,16100	123
12,16167	123
12,16233	123
12,16300	123
12,16367	123
12,16433	123
12,16500	123
12,16567	123
12,16633	123
12,16700	123
12,16767	123
12,16833	123
12,16900	123
12,16967	124
12,17033	124
12,17100	123
12,17167	123
12,17233	123
12,17300	123
12,17367	122
12,17433	122
12,17500	122
12,17567	122
12,17633	122
12,17700	122
12,17767	122
12,17833	122
12,17900	122
12,17967	122
12,18033	122
12,18100	121
12,18167	121
12,18233	121
12,18300	121
12,18367	121
12,18433	121
12,18500	121
12,18567	121
12,18633	122
12,18700	122
12,18767	122
12,18833	123
12,18900	123
12,18967	124
12,19033	124
12,19100	125
12,19167	126
12,19233	127
12,19300	127
12,19367	128
12,19433	129
12,19500	130
12,19567	131
12,19633	132
12,19700	133
12,19767	133
12,19833	134
12,19900	135
12,19967	136
12,20033	137
12,20100	138
12,20167	139
12,20233	140
12,20300	141
12,20367	142
12,20433	143
12,20500	145
12,20567	146
12,20633	146
12,20700	147
12,20767	148
12,20833	149
12,20900	150
12,20967	151
12,21033	151
12,21100	152
12,21167	152
12,21233	153
12,21300	153
12,21367	154
12,21433	154
12,21500	154
12,21567	154
12,21633	155
12,21700	155
12,21767	155
12,21833	155
12,21900	154
12,21967	154
12,22033	153
12,22100	153
12,22167	152
12,22233	151
12,22300	151
12,22367	150
12,22433	149
12,22500	148
12,22567	147
12,22633	146
12,22700	146
12,22767	145
12,22833	144
12,22900	143
12,22967	142
12,23033	141
12,23100	141
12,23167	140
12,23233	139
12,23300	139
12,23367	138
12,23433	137
12,23500	136
12,23567	136
12,23633	135
12,23700	134
12,23767	133
12,23833	133
12,23900	132
12,23967	131
12,24033	131
12,24100	130
12,24167	130
12,24233	129
12,24300	129
12,24367	128
12,24433	127
12,24500	127
12,24567	126
12,24633	125
12,24700	125
12,24767	124
12,24833	124
12,24900	123
12,24967	122
12,25033	122
12,25100	121
12,25167	121
12,25233	120
12,25300	120
12,25367	120
12,25433	119
12,25500	119
12,25567	119
12,25633	119
12,25700	119
12,25767	118
12,25833	118
12,25900	117
12,25967	117
12,26033	117
12,26100	116
12,26167	116
12,26233	116
12,26300	115
12,26367	115
12,26433	115
12,26500	114
12,26567	114
12,26633	114
12,26700	114
12,26767	113
12,26833	113
12,26900	112
12,26967	112
12,27033	111
12,27100	111
12,27167	111
12,27233	111
12,27300	111
12,27367	111
12,27433	111
12,27500	111
12,27567	111
12,27633	111
12,27700	111
12,27767	110
12,27833	110
12,27900	110
12,27967	110
12,28033	109
12,28100	109
12,28167	109
12,28233	109
12,28300	109
12,28367	109
12,28433	109
12,28500	109
12,28567	109
12,28633	109
12,28700	109
12,28767	109
12,28833	109
12,28900	108
12,28967	107
12,29033	107
12,29100	106
12,29167	106
12,29233	105
12,29300	105
12,29367	104
12,29433	104
12,29500	104
12,29567	104
12,29633	104
12,29700	104
12,29767	104
12,29833	104
12,29900	104
12,29967	104
12,30033	103
12,30100	103
12,30167	103
12,30233	103
12,30300	103
12,30367	102
12,30433	102
12,30500	102
12,30567	102
12,30633	102
12,30700	102
12,30767	102
12,30833	102
12,30900	102
12,30967	102
12,31033	102
12,31100	103
12,31167	103
12,31233	104
12,31300	104
12,31367	105
12,31433	106
12,31500	107
12,31567	108
12,31633	109
12,31700	110
12,31767	110
12,31833	111
12,31900	112
12,31967	113
12,32033	114
12,32100	115
12,32167	116
12,32233	117
12,32300	118
12,32367	119
12,32433	120
12,32500	121
12,32567	122
12,32633	124
12,32700	125
12,32767	126
12,32833	127
12,32900	128
12,32967	129
12,33033	130
12,33100	130
12,33167	131
12,33233	132
12,33300	133
12,33367	133
12,33433	134
12,33500	135
12,33567	135
12,33633	136
12,33700	136
12,33767	137
12,33833	138
12,33900	138
12,33967	139
12,34033	139
12,34100	140
12,34167	140
12,34233	141
12,34300	141
12,34367	141
12,34433	141
12,34500	141
12,34567	141
12,34633	141
12,34700	141
12,34767	141
12,34833	141
12,34900	141
12,34967	141
12,35033	141
12,35100	141
12,35167	140
12,35233	140
12,35300	140
12,35367	139
12,35433	139
12,35500	138
12,35567	138
12,35633	137
12,35700	136
12,35767	136
12,35833	135
12,35900	135
12,35967	134
12,36033	134
12,36100	134
12,36167	133
12,36233	133
12,36300	133
12,36367	133
12,36433	133
12,36500	134
12,36567	134
12,36633	134
12,36700	134
12,36767	134
12,36833	135
12,36900	135
12,36967	135
12,37033	135
12,37100	136
12,37167	136
12,37233	137
12,37300	137
12,37367	137
12,37433	137
12,37500	137
12,37567	137
12,37633	137
12,37700	137
12,37767	137
12,37833	137
12,37900	137
12,37967	138
12,38033	138
12,38100	138
12,38167	139
12,38233	139
12,38300	140
12,38367	140
12,38433	141
12,38500	141
12,38567	142
12,38633	142
12,38700	142
12,38767	143
12,38833	143
12,38900	144
12,38967	144
12,39033	145
12,39100	145
12,39167	145
12,39233	146
12,39300	146
12,39367	146
12,39433	147
12,39500	147
12,39567	147
12,39633	148
12,39700	148
12,39767	148
12,39833	149
12,39900	149
12,39967	150
12,40033	150
12,40100	150
12,40167	151
12,40233	151
12,40300	152
12,40367	152
12,40433	152
12,40500	152
12,40567	153
12,40633	153
12,40700	153
12,40767	153
12,40833	153
12,40900	153
12,40967	154
12,41033	154
12,41100	154
12,41167	155
12,41233	155
12,41300	156
12,41367	156
12,41433	156
12,41500	157
12,41567	157
12,41633	157
12,41700	158
12,41767	158
12,41833	158
12,41900	158
12,41967	158
12,42033	158
12,42100	158
12,42167	159
12,42233	159
12,42300	160
12,42367	160
12,42433	161
12,42500	161
12,42567	162
12,42633	162
12,42700	163
12,42767	164
12,42833	164
12,42900	164
12,42967	165
12,43033	165
12,43100	165
12,43167	165
12,43233	166
12,43300	166
12,43367	167
12,43433	167
12,43500	168
12,43567	169
12,43633	169
12,43700	170
12,43767	171
12,43833	171
12,43900	172
12,43967	172
12,44033	173
12,44100	173
12,44167	174
12,44233	174
12,44300	174
12,44367	175
12,44433	175
12,44500	175
12,44567	176
12,44633	176
12,44700	176
12,44767	176
12,44833	176
12,44900	176
12,44967	176
12,45033	176
12,45100	176
12,45167	175
12,45233	175
12,45300	175
12,45367	175
12,45433	174
12,45500	174
12,45567	173
12,45633	173
12,45700	173
12,45767	173
12,45833	172
12,45900	172
12,45967	171
12,46033	170
12,46100	170
12,46167	169
12,46233	168
12,46300	167
12,46367	166
12,46433	165
12,46500	164
12,46567	163
12,46633	163
12,46700	162
12,46767	161
12,46833	160
12,46900	159
12,46967	157
12,47033	156
12,47100	155
12,47167	154
12,47233	153
12,47300	152
12,47367	151
12,47433	150
12,47500	149
12,47567	148
12,47633	147
12,47700	146
12,47767	145
12,47833	144
12,47900	143
12,47967	142
12,48033	141
12,48100	140
12,48167	139
12,48233	137
12,48300	136
12,48367	135
12,48433	134
12,48500	133
12,48567	132
12,48633	131
12,48700	130
12,48767	129
12,48833	128
12,48900	127
12,48967	126
12,49033	125
12,49100	124
12,49167	123
12,49233	123
12,49300	122
12,49367	121
12,49433	120
12,49500	119
12,49567	118
12,49633	117
12,49700	116
12,49767	115
12,49833	114
12,49900	113
12,49967	113
12,50033	112
12,50100	112
12,50167	111
12,50233	110
12,50300	110
12,50367	109
12,50433	109
12,50500	109
12,50567	108
12,50633	108
12,50700	107
12,50767	107
12,50833	106
12,50900	106
12,50967	106
12,51033	105
12,51100	105
12,51167	105
12,51233	104
12,51300	104
12,51367	103
12,51433	102
12,51500	102
12,51567	101
12,51633	101
12,51700	100
12,51767	100
12,51833	100
12,51900	99
12,51967	99
12,52033	99
12,52100	99
12,52167	99
12,52233	99
12,52300	99
12,52367	99
12,52433	99
12,52500	99
12,52567	99
12,52633	98
12,52700	98
12,52767	98
12,52833	98
12,52900	98
12,52967	98
12,53033	98
12,53100	98
12,53167	98
12,53233	98
12,53300	98
12,53367	98
12,53433	98
12,53500	98
12,53567	98
12,53633	98
12,53700	98
12,53767	98
12,53833	98
12,53900	98
12,53967	98
12,54033	98
12,54100	98
12,54167	97
12,54233	97
12,54300	97
12,54367	97
12,54433	97
12,54500	97
12,54567	97
12,54633	97
12,54700	97
12,54767	97
12,54833	97
12,54900	97
12,54967	98
12,55033	98
12,55100	98
12,55167	98
12,55233	98
12,55300	98
12,55367	98
12,55433	98
12,55500	97
12,55567	97
12,55633	97
12,55700	97
12,55767	96
12,55833	96
12,55900	96
12,55967	96
12,56033	96
12,56100	96
12,56167	97
12,56233	97
12,56300	97
12,56367	97
12,56433	97
12,56500	97
12,56567	97
12,56633	96
12,56700	96
12,56767	96
12,56833	96
12,56900	96
12,56967	96
12,57033	96
12,57100	97
12,57167	97
12,57233	98
12,57300	98
12,57367	98
12,57433	99
12,57500	99
12,57567	99
12,57633	100
12,57700	100
12,57767	100
12,57833	101
12,57900	101
12,57967	102
12,58033	102
12,58100	102
12,58167	102
12,58233	102
12,58300	103
12,58367	103
12,58433	103
12,58500	104
12,58567	104
12,58633	104
12,58700	105
12,58767	105
12,58833	105
12,58900	104
12,58967	104
12,59033	104
12,59100	104
12,59167	104
12,59233	104
12,59300	104
12,59367	104
12,59433	104
12,59500	104
12,59567	105
12,59633	105
12,59700	105
12,59767	105
12,59833	105
12,59900	105
12,59967	105
12,60033	105
12,60100	105
12,60167	105
12,60233	104
12,60300	104
12,60367	105
12,60433	105
12,60500	105
12,60567	105
12,60633	105
12,60700	105
12,60767	105
12,60833	104
12,60900	104
12,60967	104
12,61033	104
12,61100	104
12,61167	103
12,61233	103
12,61300	103
12,61367	103
12,61433	103
12,61500	104
12,61567	104
12,61633	104
12,61700	104
12,61767	104
12,61833	104
12,61900	103
12,61967	103
12,62033	103
12,62100	102
12,62167	102
12,62233	101
12,62300	101
12,62367	100
12,62433	100
12,62500	100
12,62567	99
12,62633	99
12,62700	99
12,62767	99
12,62833	99
12,62900	98
12,62967	99

