monomer1_name,monomer2_name,solvent,temperature,polymerization_type,method,r1r2,r_product_class,pca_component_1,pca_component_2,near_Benzene,distance_to_Benzene,near_o-Dichlorobenzene,distance_to_o-Dichlorobenzene,near_Benzonitrile,distance_to_Benzonitrile,near_Dioxane,distance_to_Dioxane,near_Bis(2-methoxyethyl)_ether,distance_to_Bis(2-methoxyethyl)_ether,near_Ethanol,distance_to_Ethanol,near_2-(2-Methoxyethoxy)ethanol,distance_to_2-(2-Methoxyethoxy)ethanol,near_DMSO,distance_to_DMSO,near_Methanol,distance_to_Methanol
methyl methacrylate,methylthiomethyl methacrylate,benzene,60.0,free radical,solvent,0.7260000000000001,0,0.7960824015012792,0.9076742228481266,False,0.29304139699453396,False,0.5695312904747428,False,0.21344023227074557,False,0.268453985790737,False,0.27759003702816054,False,0.27621580983370536,True,0.22770625825278545,True,0.22770625825278545,False,0.3145786282253982
phenyl methacrylate,styrene,ethyl methyl ketone,70.0,free radical,solvent,0.1271,0,0.4013983707190072,1.2165677638538381,False,0.23391412730371602,True,0.07058733648581059,False,0.4264891047889611,False,0.2676503361610605,False,0.2696479504915098,False,0.5619451221970239,False,0.6266471917235644,False,0.6266471917235644,False,0.6515264689699546
phenyl methacrylate,styrene,ethyl methyl ketone,70.0,free radical,solvent,0.0468,0,0.4013983707190072,1.2165677638538381,False,0.23391412730371602,True,0.07058733648581059,False,0.4264891047889611,False,0.2676503361610605,False,0.2696479504915098,False,0.5619451221970239,False,0.6266471917235644,False,0.6266471917235644,False,0.6515264689699546
2-naphthyl methacrylate,acrylonitrile,acetone,60.0,free radical,solvent,0.0539,0,0.5766973488887465,0.9291196526448654,True,0.10278540032957323,False,0.40703959667585266,True,0.0944004593571452,True,0.06904611459077557,True,0.06946758492366721,False,0.23502065495277163,False,0.29008600489083997,False,0.29008600489083997,False,0.3206062119685108
2-naphthyl methacrylate,acrylonitrile,acetonitrile,60.0,free radical,solvent,0.0,0,0.6395296764144283,0.8031743873888949,False,0.2433865812832681,False,0.5472619982784369,True,0.055718014172885716,False,0.2095546947330087,False,0.2078166419701811,True,0.10804565884367077,True,0.15144174390555837,True,0.15144174390555837,True,0.18387826131645493
Vinyl acetate,Norbornadiene,benzene,60.0,free radical,solvent,1.04,1,0.46029243183216767,1.1013435130169997,True,0.1054675163371395,False,0.1993745667212619,False,0.29708635910516445,True,0.13887283979857665,True,0.14027162329605003,False,0.43306774762637756,False,0.49795596586420116,False,0.49795596586420116,False,0.5223604138563828
styrene,acrylamide,ethanol,50.0,free radical,solvent,0.432,0,0.4955549377909841,0.7156013124231726,False,0.3034171281317773,False,0.5740926539689829,True,0.15644474307470657,False,0.27542141910643625,False,0.2646372913162559,True,0.12258431109985196,False,0.24350276931657155,False,0.24350276931657155,True,0.194888871952019
ortho-methacryloyloxybenzoic acid,methyl methacrylate,acetone,60.0,free radical,solvent,0.9028,0,0.4670063271948178,1.0962087269833196,True,0.09733271290739988,False,0.20722500114556727,False,0.28949049384591025,True,0.1308452155585601,True,0.13258857980056377,False,0.4258764001922762,False,0.4899607261759745,False,0.4899607261759745,False,0.5150127250279402
styrene,acrylamide,t-butanol and water,50.0,free radical,solvent,2.175,1,0.5731472040986544,0.49995986712797474,False,0.5199638679987835,False,0.8023491823461182,False,0.33722395038220293,False,0.48863503098834316,False,0.4804898231405981,True,0.20235141448156646,False,0.24944140186621352,False,0.24944140186621352,True,0.15276834182853047
2-Hydroxyethyl methacrylate,Methyl methacrylate,dimethylformamide,60.0,free radical,solvent,0.7236000000000001,0,0.5366602943603896,0.7894141309323168,False,0.22855084724372918,False,0.5153424090271771,True,0.07485505542606802,False,0.19806276820811836,False,0.18909022926113617,True,0.12191174194737774,True,0.225104908751032,True,0.225104908751032,True,0.21221397775193032
styrene,acrylamide,isopropanol and water,50.0,free radical,solvent,0.1664,0,0.622410917838683,0.42363474019364894,False,0.6020266930242617,False,0.8894536427362866,False,0.4137670208600009,False,0.5698442159913591,False,0.5626945412927329,False,0.2739687949499788,False,0.2879857293091184,False,0.2879857293091184,True,0.20235141448156643
2-Hydroxyethyl methacrylate,Butyl acrylate,dimethylformamide,60.0,free radical,solvent,0.348,0,0.6066673613535337,0.8502169590438677,False,0.18651769199867776,False,0.49004605545353747,True,0.018108231675023182,False,0.152678430174446,True,0.15049955895925893,True,0.15300686942629438,True,0.20864469233781094,True,0.20864469233781094,True,0.2365742009416699
2-Hydroxyethyl methacrylate,Butyl acrylate,dimethylformamide,60.0,free radical,solvent,0.44,0,0.6066673613535337,0.8502169590438677,False,0.18651769199867776,False,0.49004605545353747,True,0.018108231675023182,False,0.152678430174446,True,0.15049955895925893,True,0.15300686942629438,True,0.20864469233781094,True,0.20864469233781094,True,0.2365742009416699
alpha-methylstyrene,styrene,toluene,50.0,free radical,solvent,1.0688,1,0.33643342004204363,1.3820111082957276,False,0.4100237990619387,True,0.11109539056819291,False,0.6036444809002741,False,0.4438655644877965,False,0.4467056625084569,False,0.7396614293855363,False,0.801844409732828,False,0.801844409732828,False,0.8291316225573518
alpha-methylstyrene,styrene,toluene,50.0,free radical,solvent,0.9405,0,0.33643342004204363,1.3820111082957276,False,0.4100237990619387,True,0.11109539056819291,False,0.6036444809002741,False,0.4438655644877965,False,0.4467056625084569,False,0.7396614293855363,False,0.801844409732828,False,0.801844409732828,False,0.8291316225573518
alpha-methylstyrene,styrene,toluene,50.0,free radical,solvent,0.74,0,0.33643342004204363,1.3820111082957276,False,0.4100237990619387,True,0.11109539056819291,False,0.6036444809002741,False,0.4438655644877965,False,0.4467056625084569,False,0.7396614293855363,False,0.801844409732828,False,0.801844409732828,False,0.8291316225573518
alpha-methylstyrene,styrene,toluene,50.0,free radical,solvent,0.8374,0,0.33643342004204363,1.3820111082957276,False,0.4100237990619387,True,0.11109539056819291,False,0.6036444809002741,False,0.4438655644877965,False,0.4467056625084569,False,0.7396614293855363,False,0.801844409732828,False,0.801844409732828,False,0.8291316225573518
sodium p-styrenesulfonate,acrylonitrile,dimethyl sulfoxide,45.0,free radical,solvent,0.0825,0,0.4855578328493572,0.784127927713402,False,0.23672857144778975,False,0.505192165809326,True,0.121198505951405,False,0.21042448366689848,False,0.19866511568153472,True,0.15723078619214176,False,0.2697353630225291,False,0.2697353630225291,True,0.24314989916194452
Methyl Vinyl Ketone,Styrene,Acetonitrile-Ethanol,60.0,free radical,solvent,0.0943,0,0.9403808447074568,0.7085203820263316,False,0.518216100704618,False,0.8102515993038771,False,0.36845108104217555,False,0.4881629383554525,False,0.4930952246668635,False,0.3237645867691373,True,0.20400379494781512,True,0.20400379494781512,False,0.2878711667066155
Itaconic Anhydride,Styrene,benzene,70.0,free radical,solvent,0.00954,0,0.5346913452503415,1.1071031879381497,True,0.09004792308512351,False,0.2415494045261752,False,0.2772285369765974,True,0.11975765771783581,True,0.12900858568481793,False,0.4177070756689859,False,0.4658904636905076,False,0.4658904636905076,False,0.5033297242230721
tert-butyl methacrylate,tert-butyl acrylate,2-butanone,78.0,free radical,solvent,0.4312079999999999,0,0.3843138542055966,1.0289101260794267,True,0.14059443172591413,False,0.24567488354111322,False,0.28523578971449687,False,0.16087620357991503,False,0.15198810443367425,False,0.4047875774791196,False,0.49108481306535634,False,0.49108481306535634,False,0.49557513023152694
methyl acrylate,styrene,dioxane,60.0,free radical,solvent,0.00448,0,0.38337640514674226,1.015581370530466,True,0.1410943562589006,False,0.258850175613571,False,0.2771338018511644,False,0.1588898195229955,True,0.14899046702703428,False,0.3945048414188114,False,0.4826051017132521,False,0.4826051017132521,False,0.4852149248027338
Styrene,Cyanomethyl Methacrylate,acetonitrile,60.0,free radical,solvent,0.0435,0,0.42778673390928645,0.9213523249245135,True,0.13644047165310907,False,0.3585459355115887,False,0.18739700606902907,True,0.13002500041548304,True,0.11493128959417262,False,0.2929438552868099,False,0.3879539644470883,False,0.3879539644470883,False,0.3832177351306618
o-Chlorostyrene,Indene,benzene,70.0,free radical,solvent,0.0,0,0.5370501965224241,1.1353529432324385,True,0.11838589020990596,False,0.22491184239607573,False,0.30440968939893515,True,0.14792500632153327,False,0.15734721487318823,False,0.4450114748395591,False,0.4905100201525629,False,0.4905100201525629,False,0.5300723948020417
Vinyl Acetate,2-Vinylpyridine,methyl ethyl ketone,70.0,free radical,solvent,0.0,2,0.42833598143038937,1.0621415105112646,True,0.10592211817216499,False,0.22213813492715612,False,0.28045167695860335,True,0.1341378545915697,True,0.12995953461342177,False,0.41042581881855383,False,0.48558878509508796,False,0.48558878509508796,False,0.5009256151343523
Ethyl-2-cyanoacrylate,Butyl-2-cyanoacrylate,water,30.0,anionic,solvent,8.739999999999998,1,0.8797007292411066,0.6408473277060981,False,0.5178521680287409,False,0.8189677911970331,False,0.34555074983767753,False,0.48548668415851437,False,0.4876724339814422,False,0.2689429977496052,True,0.14975342027957664,True,0.14975342027957664,True,0.21453434169806837
4-chlorophenyl acrylate,methyl acrylate,ethyl acetate,70.0,free radical,solvent,0.0936,0,0.5397227897510442,0.8824614237248302,True,0.1360368652171589,False,0.4304393592104267,True,0.07179517741737973,True,0.10499127781532791,True,0.09658765036005124,True,0.200337017913227,False,0.2775751203180065,False,0.2775751203180065,False,0.29018816886474647
4-chlorophenyl acrylate,methyl acrylate,ethyl acetate,70.0,free radical,solvent,0.084348,0,0.5397227897510442,0.8824614237248302,True,0.1360368652171589,False,0.4304393592104267,True,0.07179517741737973,True,0.10499127781532791,True,0.09658765036005124,True,0.200337017913227,False,0.2775751203180065,False,0.2775751203180065,False,0.29018816886474647
4-chlorophenyl acrylate,methyl acrylate,ethyl acetate,70.0,free radical,solvent,0.08184,0,0.5397227897510442,0.8824614237248302,True,0.1360368652171589,False,0.4304393592104267,True,0.07179517741737973,True,0.10499127781532791,True,0.09658765036005124,True,0.200337017913227,False,0.2775751203180065,False,0.2775751203180065,False,0.29018816886474647
Ethyl acrylate,Vinyl imidazole,water,25.0,free radical,solvent,0.4864,0,0.7998786300958983,0.42920870366580893,False,0.6496982670779846,False,0.9521154338885164,False,0.45596469622324887,False,0.615873239498237,False,0.6128710942078059,False,0.3248413626932963,False,0.2658717775745935,False,0.2658717775745935,True,0.23403960144041924
styrene,methyl methacrylate,toluene,100.0,free radical,solvent,0.30846,0,0.3983646428529059,1.1682856789712757,False,0.19645209480741926,True,0.11202064119246724,False,0.3856224496722243,False,0.22954790688615295,False,0.2297977221983835,False,0.5189515808670838,False,0.5882101714100226,False,0.5882101714100226,False,0.6090515541229372
styrene,ethyl acrylate,benzene,70.0,free radical,solvent,0.2552,0,0.43008665436228494,1.0913542415415651,True,0.11974757371368988,False,0.19520451544087475,False,0.3034974038832518,True,0.1510728931980558,True,0.14932330123793028,False,0.43582974845805816,False,0.5073959429101551,False,0.5073959429101551,False,0.526033772959015
2-(p-methoxyphenoxy)-2-oxo-ethyl methacrylate,acrylonitrile,"1,4-dioxane",65.0,free radical,solvent,0.093,0,0.6356970536124593,0.992409940875972,True,0.11406632016942368,False,0.3940005466806852,True,0.1611839422186612,True,0.09606847995534859,True,0.10899169862452818,False,0.29546858452802727,False,0.32130024942942376,False,0.32130024942942376,False,0.37242919968599686
acrylonitrile,p-cresyl acrylate,dimethylformamide,60.0,free radical,solvent,0.584,0,0.5712137859966123,0.6142437940302624,False,0.40609594162102486,False,0.6922693111711369,False,0.2234949043553931,False,0.37453229732665777,False,0.3666449024874554,True,0.09496099372601079,True,0.1817187880844924,True,0.1817187880844924,True,0.09510850024239526
acrylonitrile,m-chlorophenyl acrylate,dimethylformamide,60.0,free radical,solvent,1.0836,1,0.5009718568729903,0.4779944027907596,False,0.540155220761099,False,0.807824088023988,False,0.3705812545984569,False,0.51093248646624,False,0.5010033428096854,False,0.24823305302778353,False,0.3160299522243495,False,0.3160299522243495,True,0.21856334898616525
allyl methacrylate,styrene,toluene,80.0,free radical,solvent,1.386,2,0.3807338591413724,1.2718129972040975,False,0.29199394330586076,True,0.021360434092810385,False,0.48514269505057755,False,0.32580515620768574,False,0.32822776563148864,False,0.6208951247382376,False,0.6844670122994643,False,0.6844670122994643,False,0.7104114268457166
glycidyl methacrylate,styrene,toluene,60.0,free radical,solvent,0.242178,0,0.3124769653754581,1.247423677880025,False,0.3126276685340361,True,0.05361868596520992,False,0.4986123664201153,False,0.34531279284386635,False,0.34456075424135696,False,0.6284737378357286,False,0.7028160935761909,False,0.7028160935761909,False,0.7191349101403013
glycidyl methacrylate,styrene,cyclohexanone,60.0,free radical,solvent,0.24805,0,0.248760659295118,1.3285673085521985,False,0.41555297066373836,True,0.1236895786726967,False,0.6016095364203597,False,0.44837238127332885,False,0.44772778145534115,False,0.7305083101139451,False,0.8059741509018856,False,0.8059741509018856,False,0.8212688783385
Methyl Acrylate,2-Phenylethyl Acrylate,ethyl acetate,70.0,free radical,solvent,0.3,0,0.5901540429659552,1.0185315106430795,True,0.06570434791313384,False,0.3437337374987265,False,0.1821086473706777,True,0.059209789171929345,True,0.07436068712139529,False,0.32208966246275256,False,0.3621880850610931,False,0.3621880850610931,False,0.40449755862825615
glycidyl methacrylate,styrene,cyclohexanone,120.0,free radical,solvent,0.3017019999999999,0,0.43063170579398186,1.301484520050741,False,0.2989503245506958,True,0.07657231423181324,False,0.49315117041289297,False,0.332451831049615,False,0.33743636189379467,False,0.6319818683207747,False,0.6862455702047782,False,0.6862455702047782,False,0.7198526101801715
styrene,glycidyl acrylate,tetrahydrofuran,60.0,free radical,solvent,0.102,0,0.3107230089879799,1.2986674816935273,False,0.35307047394685814,True,0.05490433932290229,False,0.5425404428297762,False,0.38640782815169344,False,0.3868964626463915,False,0.6745601715664921,False,0.7452787604616287,False,0.7452787604616287,False,0.7649852268960488
2-Hydroxyethylacrylate,Methylacrylate,2-ethoxyethanol,60.0,free radical,solvent,1.0,1,0.6142364809142681,0.6597487943693138,False,0.3689795335477858,False,0.6643787468275745,True,0.17779351699497115,False,0.3360611641200596,False,0.33010474568034337,True,0.03788431430062068,True,0.12633016797945537,True,0.12633016797945537,True,0.06458089624267983
2-Hydroxyethylacrylate,Ethylacrylate,2-methoxyethanol,60.0,free radical,solvent,0.44,0,0.6951994027915064,0.6335241460713876,False,0.42035404823559963,False,0.7225535071015896,False,0.22640608871816087,False,0.3865590463477763,False,0.38333253515336235,True,0.10121718505389815,True,0.06865983201965081,True,0.06865983201965081,True,0.031624702458473625
2-Hydroxyethylacrylate,Butylacrylate,2-methoxyethanol,60.0,free radical,solvent,0.2162,0,0.7151488973434755,0.6652562089573699,False,0.4006712175959536,False,0.7044723593602228,False,0.20925398183070787,False,0.3668419943111972,False,0.36490364191946706,True,0.10351179233415808,True,0.031600198347336204,True,0.031600198347336204,True,0.0659411061870369
p-styrenesulfonyl fluoride,methyl acrylate,butanone,75.0,free radical,solvent,0.8,0,0.43513769502675753,1.1026629307382876,True,0.12331587320154629,False,0.1866986841653868,False,0.31042547589685704,False,0.15562295716950095,False,0.15499281106351664,False,0.44398385076756197,False,0.5134489868533872,False,0.5134489868533872,False,0.5339608867968783
Styrene,Methyl Methacrylate,acetonitrile,60.0,free radical,solvent,0.22,0,0.4322180981449083,0.8916288635354092,False,0.15616117291838735,False,0.38857127076534,True,0.17174056416000225,True,0.14403724305329185,True,0.1288881737402387,False,0.2678421917140171,False,0.3671156177087157,False,0.3671156177087157,False,0.35749862235437796
N-Vinyl Carbazole,Methyl Methacrylate,toluene and methanol,25.0,free radical,solvent,0.6169,0,0.6266426892197016,0.9908392282397173,True,0.10564274919657542,False,0.3888450038075344,True,0.15759268821633599,True,0.08695210335380284,True,0.0998108843069056,False,0.2934581409792324,False,0.32280564411445617,False,0.32280564411445617,False,0.3717147271647299
2-Hydroxyethyl Methacrylate,t-Butyl Acrylate,"1,4-Dioxane",50.0,free radical,solvent,1.031646,1,0.528323964075842,1.0919958714344211,True,0.07445753293907013,False,0.24780063137167985,False,0.26403420429748076,True,0.10516643821443951,True,0.11370969984729264,False,0.4042511875557748,False,0.45522634926959094,False,0.45522634926959094,False,0.49051183354750194
2-Hydroxyethyl Methacrylate,t-Butyl Acrylate,"N,N-Dimethylformamide",50.0,free radical,solvent,0.91392,0,0.6525809646740033,0.8773971008121771,False,0.18995743439162954,False,0.49264115147769544,True,0.07074667728670962,False,0.15761212085705392,False,0.16060281882212502,True,0.18337526540140078,True,0.20786436544145565,True,0.20786436544145565,False,0.2565307871195997
styrene,tolylisocyanide,toluene,60.0,free radical,solvent,0.01352197,0,0.2819344500335725,1.2353325044937917,False,0.3258943025546791,True,0.08630293550216606,False,0.5069570912105062,False,0.35765435705242415,False,0.3555771336726303,False,0.6335224333949679,False,0.7123567474818934,False,0.7123567474818934,False,0.7243548910764643
styrene,tolylisocyanide,toluene,60.0,free radical,solvent,0.00665408,0,0.2819344500335725,1.2353325044937917,False,0.3258943025546791,True,0.08630293550216606,False,0.5069570912105062,False,0.35765435705242415,False,0.3555771336726303,False,0.6335224333949679,False,0.7123567474818934,False,0.7123567474818934,False,0.7243548910764643
styrene,tolylisocyanide,toluene,60.0,free radical,solvent,0.0072051,0,0.2819344500335725,1.2353325044937917,False,0.3258943025546791,True,0.08630293550216606,False,0.5069570912105062,False,0.35765435705242415,False,0.3555771336726303,False,0.6335224333949679,False,0.7123567474818934,False,0.7123567474818934,False,0.7243548910764643
ortho-Chlorophenyl acrylate,Methyl methacrylate,benzene,50.0,free radical,solvent,0.4559999999999999,0,0.4510517007526888,1.0394199818226526,True,0.07656743323373501,False,0.25120692708862485,False,0.2487271787271702,True,0.10280637434870636,True,0.09798166526266755,False,0.3799355197814175,False,0.4536156492033807,False,0.4536156492033807,False,0.47023563223732745
ortho-Chlorophenyl acrylate,Methyl methacrylate,benzene,50.0,free radical,solvent,0.546,0,0.4510517007526888,1.0394199818226526,True,0.07656743323373501,False,0.25120692708862485,False,0.2487271787271702,True,0.10280637434870636,True,0.09798166526266755,False,0.3799355197814175,False,0.4536156492033807,False,0.4536156492033807,False,0.47023563223732745
para-Chlorophenyl acrylate,Methyl methacrylate,benzene,50.0,free radical,solvent,0.327,0,0.436401393254842,0.9928197030237896,True,0.0914853165474278,False,0.290871441003883,False,0.22260158049458084,True,0.10349442007234748,True,0.09237281638658064,False,0.3460216419530507,False,0.4286717714565294,False,0.4286717714565294,False,0.43684258040455104
acrylamide,styrene,benzene,90.0,free radical,solvent,6.123800000000001,1,0.5244557586888879,1.0176388865677857,True,0.0,False,0.3043156753816256,False,0.19435677122865608,True,0.03384258523178419,True,0.03947790305994745,False,0.3331475097257342,False,0.39276003833689177,False,0.39276003833689177,False,0.4209520295179462
Acrylonitrile,"2-Methylene-4-phenyl-1,3-dioxolane",benzene,80.0,zwitterionic,solvent,0.756,0,0.6271708491637258,0.7920832614262202,False,0.2478421470296296,False,0.550705798159835,True,0.05491001105336789,False,0.21403381552186115,False,0.21114423429953708,True,0.09510403703293788,True,0.15188152015696954,True,0.15188152015696954,True,0.17523341208671556
Methyl methacrylate,Methyl alpha-Cyanoacrylate,benzene,60.0,free radical,solvent,0.01,0,0.4294232159461286,0.91452358952443,True,0.1402282021010533,False,0.365561543666242,False,0.1829235322841263,True,0.13225770718242014,True,0.11708692834447094,False,0.28668823516033815,False,0.3825601270667584,False,0.3825601270667584,False,0.37686367268561727
Alpha-Methylstyrene,Methyl alpha-Cyanoacrylate,benzene,60.0,free radical,solvent,5e-05,0,0.5190511985509848,1.105680028431,True,0.08820687008880226,False,0.23148117758818343,False,0.2796681340243785,True,0.12002672221841153,True,0.12767983409755446,False,0.4196767391556023,False,0.47164492664798696,False,0.47164492664798696,False,0.5062745434746385
vinyl acetate,ethyl alpha-cyanocinnamate,ethyl acetate,70.0,free radical,solvent,0.0,0,0.5637336859191507,0.990313797807968,True,0.04784784261842672,False,0.3490480291616937,True,0.15694838644546255,True,0.024147226195039506,True,0.038059381661136156,False,0.29753855404448876,False,0.348975590196996,False,0.348975590196996,False,0.383016193128683
maleic anhydride,acrylonitrile,benzene,60.0,free radical,solvent,0.0003,0,0.5281783161417426,0.7165431136653913,False,0.30111878369454154,False,0.5817894362309793,True,0.13723268539899217,False,0.27115688735608084,False,0.2617457987293307,True,0.09063717038970234,True,0.21125506806301428,True,0.21125506806301428,True,0.16762853096435218
isobornyl acrylate,butyl acrylate,"N,N-dimethylformamide",80.0,free radical,solvent,1.3,1,0.5735293703576922,0.786283406618952,False,0.2365028064623669,False,0.5320204535788452,True,0.054545993131687245,False,0.20398452353506416,False,0.1974162752814015,True,0.09872614974937267,True,0.19130719236601346,True,0.19130719236601346,True,0.1892316863006285
N-vinylpyrrolidone,3-ethyl-1-vinyl-2-pyrrolidone,ethanol,70.0,reversible addition-fragmentation chain transfer,solvent,1.015895,1,0.4116188493684377,0.6023756094662093,False,0.4303205286924296,False,0.672972525878213,False,0.29729715725608064,False,0.4058369564354839,False,0.39340511021799274,False,0.2261806255555317,False,0.33680207033312665,False,0.33680207033312665,True,0.2551440946284509
2-Methyl-5-vinyl-tetrazole,Methyl methacrylate,dimethylformamide,65.0,free radical,solvent,0.48,0,0.5411159510137487,0.7851011948584339,False,0.2331337386004327,False,0.5209316243202925,True,0.07435774911545812,False,0.20235606738134582,False,0.19365768355656277,True,0.11573381036767884,True,0.21918841488710797,True,0.21918841488710797,True,0.20608066191782104
α-methylene γ-butyrolactone,styrene,dimethyl sulfoxide,60.0,free radical,solvent,0.063,0,0.4297928409272415,1.0448709123246536,True,0.09850203665899984,False,0.2390416883437735,False,0.26584550846454286,True,0.12405188744372361,True,0.11833929917463525,False,0.3944705944409146,False,0.4714453307987942,False,0.4714453307987942,False,0.48508171188712423
4-methoxystyrene,methyl methacrylate,toluene,25.0,free radical,solvent,0.0928,0,0.3111360285328564,1.288087453434573,False,0.34445280459613226,True,0.05049786546081173,False,0.5333363805054565,False,0.37768850144388155,False,0.37794519521756703,False,0.6649593500361877,False,0.7363903940125112,False,0.7363903940125112,False,0.7554377351926568
acrylonitrile,sodium allyl sulfonate,dimethyl sulfoxide,45.0,free radical,solvent,0.38,0,0.5269933154456055,0.6508182733874165,False,0.3668293901097833,False,0.6446615149841405,False,0.19768201518865094,False,0.33687629026045546,False,0.32747065965018446,True,0.10123806470629322,True,0.21365253279722143,True,0.21365253279722143,True,0.14218725329203566
Ethyl acrylate,2-Isopropenyl-2-Oxazoline,p-xylene,80.0,free radical,solvent,0.2641,0,0.3238595206710043,1.2407886303757079,False,0.3000577592205686,True,0.048201617301487976,False,0.4867299911265957,False,0.33285225944478847,False,0.33230468025270943,False,0.6171935662236819,False,0.6906672474915101,False,0.6906672474915101,False,0.7077918779159658
acrylonitrile,sodium allyl sulfonate,dimethyl sulfoxide,45.0,free radical,solvent,0.35,0,0.5269933154456055,0.6508182733874165,False,0.3668293901097833,False,0.6446615149841405,False,0.19768201518865094,False,0.33687629026045546,False,0.32747065965018446,True,0.10123806470629322,True,0.21365253279722143,True,0.21365253279722143,True,0.14218725329203566
Butyl acrylate,2-Isopropenyl-2-Oxazoline,p-xylene,80.0,free radical,solvent,0.3359999999999999,0,0.3438090152229726,1.2725206932616895,False,0.3124067561823668,True,0.015638225167324344,False,0.5031471155274561,False,0.3459179133733433,False,0.3469303382452956,False,0.6364912367723957,False,0.7050028868439306,False,0.7050028868439306,False,0.7266642098118945
Methyl methacrylate,2-Isopropenyl-2-Oxazoline,p-xylene,80.0,free radical,solvent,0.6830999999999999,0,0.2738019482298287,1.2117178651501388,False,0.31700785893289063,True,0.10548259160762263,False,0.4938438539675842,False,0.34788894905100304,False,0.34484056913247124,False,0.6180791423358151,False,0.6997271209056147,False,0.6997271209056147,False,0.7089130091860116
n-butyl acrylate,N-vinyl succinimide,benzyl alcohol,80.0,free radical,solvent,0.0386,0,0.47422659614098617,0.4948319672508236,False,0.5252142835604873,False,0.7869081996045192,False,0.3623250850480936,False,0.4969601176084683,False,0.48639627912431677,False,0.24783232173644343,False,0.32628652298850574,False,0.32628652298850574,True,0.22973147113183293
n-butyl acrylate,N-vinyl succinimide,benzyl alcohol,80.0,free radical,solvent,0.00824,0,0.47422659614098617,0.4948319672508236,False,0.5252142835604873,False,0.7869081996045192,False,0.3623250850480936,False,0.4969601176084683,False,0.48639627912431677,False,0.24783232173644343,False,0.32628652298850574,False,0.32628652298850574,True,0.22973147113183293
styrene,n-butyl acrylate,methanol,50.0,free radical,solvent,0.3036,0,0.5310227239226673,0.7356960071814572,False,0.2820193473310571,False,0.5643456789692259,True,0.11930610442454442,False,0.2519081385938605,False,0.24261612438728336,True,0.09388050874116755,True,0.21194346667592046,True,0.21194346667592046,True,0.17703451509438278
styrene,n-butyl acrylate,methanol,50.0,free radical,solvent,0.2888,0,0.5310227239226673,0.7356960071814572,False,0.2820193473310571,False,0.5643456789692259,True,0.11930610442454442,False,0.2519081385938605,False,0.24261612438728336,True,0.09388050874116755,True,0.21194346667592046,True,0.21194346667592046,True,0.17703451509438278
styrene,stearyl methacrylate,benzene,50.0,free radical,solvent,1.212526,1,0.4260411047312784,1.2055551545292045,False,0.2121272445447397,True,0.09502480045778074,False,0.40585095608140664,False,0.2459672474916008,False,0.24893635701350256,False,0.5426444632570567,False,0.6043205200079446,False,0.6043205200079446,False,0.631710669621388
styrene,stearyl methacrylate,benzene,50.0,free radical,solvent,0.950232,0,0.4260411047312784,1.2055551545292045,False,0.2121272445447397,True,0.09502480045778074,False,0.40585095608140664,False,0.2459672474916008,False,0.24893635701350256,False,0.5426444632570567,False,0.6043205200079446,False,0.6043205200079446,False,0.631710669621388
styrene,stearyl methacrylate,benzene,50.0,free radical,solvent,0.89658,0,0.4260411047312784,1.2055551545292045,False,0.2121272445447397,True,0.09502480045778074,False,0.40585095608140664,False,0.2459672474916008,False,0.24893635701350256,False,0.5426444632570567,False,0.6043205200079446,False,0.6043205200079446,False,0.631710669621388
Methyl Vinyl Ketone,Acrylamide,ethanol,60.0,free radical,solvent,1.0384,1,0.7562863621077754,0.5833691764456176,False,0.49227594884491094,False,0.7959468421179526,False,0.3002066559436152,False,0.4584415411265619,False,0.4563415161678446,True,0.18025586661574766,True,0.10596551825777725,True,0.10596551825777725,True,0.09783900502655851
Methyl Vinyl Ketone,Methacrylamide,dioxane,60.0,free radical,solvent,0.8844999999999998,0,0.5184695801661345,0.8269045353110206,False,0.19082826594256241,False,0.47390133641031384,True,0.07699312661321395,False,0.16195322593455921,False,0.15166033295789466,True,0.16248976520489855,False,0.2595075969625319,False,0.2595075969625319,True,0.25316087245984176
styrene,"2-oxo-1,3-dioxolan-4-yl)methyl methacrylate","N,N-dimethylformamide",60.0,free radical,solvent,0.1392,0,0.5156995951479382,0.9200216400951672,True,0.09800916900398557,False,0.38631825587398294,True,0.1150897449563945,True,0.07159388807888159,True,0.059474361499901054,False,0.24437085415382775,False,0.32120144727768185,False,0.32120144727768185,False,0.3345024470627555
acrylonitrile,methyl acrylate,1-butyl-3-methylimidazolium tetrafluoroborate,338.0,free radical,solvent,0.2448,0,0.5690811715858748,0.6917621397311817,False,0.3289180469433604,False,0.6181957120383363,True,0.14700046124001703,False,0.29714110798171434,False,0.28950983863383467,True,0.04807037266937901,True,0.16841687856892384,True,0.16841687856892384,True,0.11992544925877625
Methyl Vinyl Ketone,"N,N'-dimethylacrylamide",dioxane,60.0,free radical,solvent,0.247,0,0.5400873745636741,0.8825483597294204,True,0.13599190364254765,False,0.43051328581726694,True,0.07157146473405636,True,0.10490485799278634,True,0.09654778654593331,True,0.20027732967697226,False,0.27737661344797765,False,0.27737661344797765,False,0.29010792920003564
p-Vinylbenzoic acid,Acrylonitrile,dimethylformamide,60.0,free radical,solvent,0.1368,0,0.5487169253450612,0.5759676000347806,False,0.4423371220632951,False,0.7225875987619477,False,0.2645718863357766,False,0.41158264353851887,False,0.40287327394690414,True,0.13934473463182107,True,0.21929784571545943,True,0.21929784571545943,True,0.12577232857181847
Isobornyl methacrylate,N-vinylpyrrolidone,"1,4-dioxane",60.0,RAFT,solvent,0.0,0,0.3878000277640003,1.004601803246539,True,0.13727619726718984,False,0.270213184791241,False,0.2667196072379429,False,0.15292115343465706,True,0.14227846346110878,False,0.3830473002401593,False,0.47192593218692597,False,0.47192593218692597,False,0.47372228750591355
Isobornyl methacrylate,N-vinylpyrrolidone,"1,4-dioxane",60.0,RAFT,solvent,0.0,0,0.3878000277640003,1.004601803246539,True,0.13727619726718984,False,0.270213184791241,False,0.2667196072379429,False,0.15292115343465706,True,0.14227846346110878,False,0.3830473002401593,False,0.47192593218692597,False,0.47192593218692597,False,0.47372228750591355
styrene,cyclododecyl acrylate,tetrahydrofuran,60.0,free radical,solvent,0.153,0,0.3691450913779382,1.3783246859819642,False,0.3927030039095927,True,0.1054522430139557,False,0.5869759715109226,False,0.42648468348404917,False,0.4302844123151468,False,0.7244263591378775,False,0.7827406728793478,False,0.7827406728793478,False,0.8132453732363508
styrene,ethyl acrylate,toluene,40.0,free radical,solvent,0.08664,0,0.2665511687952176,1.2244392326983018,False,0.3305770116749251,True,0.10495389163227632,False,0.508231293070405,False,0.361668084842902,False,0.35881656519253896,False,0.6326865009726739,False,0.714065712693962,False,0.714065712693962,False,0.7235221887035226
2-Isopropenyl-2-oxazoline,Methyl acrylate,Dimethylformamide,60.0,free radical,solvent,0.135,0,0.5078815571512444,0.7306434914399353,False,0.28747358310147625,False,0.5626170490248518,True,0.1369970687925524,False,0.25877979698259024,False,0.24843053473236287,True,0.113838326918814,True,0.23355805914790315,True,0.23355805914790315,True,0.19234241890216047
2-Isopropenyl-2-oxazoline,Methyl acrylate,Dimethylformamide,85.0,free radical,solvent,0.861,0,0.5836611598591042,0.7193589962309948,False,0.30409895183484975,False,0.5976246436321054,True,0.11765939112332494,False,0.27166495158198867,False,0.26492367453626714,True,0.03967539383780166,True,0.15702225695111052,True,0.15702225695111052,True,0.12814689984917124
styrene,alpha-methylene-gamma-butyrolactone,"N,N-dimethylformamide",60.0,free radical,solvent,0.1218,0,0.5523548926957931,0.828687276107751,False,0.19100019050717187,False,0.4846860959642082,True,0.043218629526627396,False,0.15926448633629225,False,0.1516314206347193,True,0.14612142684739649,True,0.2327054332487359,True,0.2327054332487359,True,0.23658503353868804
Methyl methacrylate,o-Hydroxystyrene,tetrahydrofuran,60.0,free radical,solvent,0.0693,0,0.28485970837229185,1.281226320310387,False,0.35620865030810683,True,0.0749848822104569,False,0.542124402743047,False,0.38894131508479873,False,0.38820865866318044,False,0.6714673943513202,False,0.746440038771002,False,0.746440038771002,False,0.7621845450711016
methyl methacrylate,p-ethoxystyrene,toluene,50.0,free radical,solvent,0.0887999999999999,0,0.3977356013968207,1.286572419398912,False,0.29729319424628076,True,0.040535953070622015,False,0.49136499918076654,False,0.33112318126680707,False,0.33452966400571477,False,0.6284442701196212,False,0.6885611009050854,False,0.6885611009050854,False,0.7174215857731935
4-(methacryloyloxy)phenylacetic acid,styrene,acetic acid,50.0,free radical,solvent,0.1598,0,0.9385772303022094,0.7879130061526128,False,0.473572141688792,False,0.7556695185569137,False,0.3471276166411243,False,0.4459529302183778,False,0.4529075671183531,False,0.3342233961009195,True,0.22473628934440631,True,0.22473628934440631,False,0.319450448727436
alpha-Chloroacrylonitrile,"1,3-Cyclohexadiene",benzene,60.0,free radical,solvent,0.0,0,0.44613365343155426,0.8999702215949662,False,0.14135157193475595,False,0.383287167376309,True,0.1617138913955288,True,0.12813442838250882,True,0.11302394869887437,False,0.2647702863179822,False,0.36047911738335686,False,0.36047911738335686,False,0.35506531286661486
N-tert-butyl acrylamide,methyl methacrylate,ethyl alcohol,60.0,free radical,solvent,0.7075,0,0.44385001272506924,0.6235549364301279,False,0.402243018632373,False,0.655227826535652,False,0.26104418171897786,False,0.3763238566172835,False,0.36449124765062807,True,0.1881148310670935,False,0.30051187805157414,False,0.30051187805157414,True,0.22222825954876302
glycidyl methacrylate,3-methylthienyl methacrylate,dimethylformamide,60.0,free radical,solvent,0.5653271599999999,0,0.8133114499350725,0.8487575708159695,False,0.33460201609580265,False,0.6215027104223771,False,0.21879151761290772,False,0.3067060747723627,False,0.31368056518391674,False,0.24795311654544874,True,0.1780786850299795,True,0.1780786850299795,False,0.27102419085530677
Vinylidene Chloride,"4-Cyclopentene-1,3-dione",benzene,65.0,free radical,solvent,0.36,0,0.5945333083289135,0.8137785107884534,False,0.2155688191191871,False,0.5161924016635072,True,0.022707697640623994,False,0.18210770150526684,False,0.17759596190735724,True,0.11834642678326568,True,0.19061421431563336,True,0.19061421431563336,True,0.20541500881039604
4-vinylpyridine,acrylic acid,methanol,25.0,free radical,solvent,9.975,1,0.8636633274584731,0.7056593879183458,False,0.460861131240343,False,0.7592723405718415,False,0.29894456055772245,False,0.42932861934997596,False,0.4327226848188793,False,0.24699431358692658,True,0.1274944199850306,True,0.1274944199850306,True,0.21488261925947702
2-Hydroxyethyl methacrylate,t-Butyl acrylate,"N,N-Dimethylformamide",50.0,free radical,solvent,0.91392,0,0.6525809646740033,0.8773971008121771,False,0.18995743439162954,False,0.49264115147769544,True,0.07074667728670962,False,0.15761212085705392,False,0.16060281882212502,True,0.18337526540140078,True,0.20786436544145565,True,0.20786436544145565,False,0.2565307871195997
styrene,methyl methacrylate,toluene,60.0,free radical,solvent,0.2968,0,0.27711727852033013,1.1863408713055805,False,0.2993938600348431,True,0.11975152212029046,False,0.4726132174052006,False,0.32944786798947223,False,0.32563708795750773,False,0.5952362758412278,False,0.6786752143461382,False,0.6786752143461382,False,0.686033233132593
"3,3-Bis(ethoxycarbonyl)propyl Vinyl Ether",Benzyl Methacrylate,benzene,60.0,free radical,solvent,0.5599999999999999,0,0.4417072064951672,1.1984273082202692,False,0.19882599501512147,True,0.1112617304342712,False,0.3930143197621959,False,0.23264557253865253,False,0.23631097872053836,False,0.530603672374249,False,0.5902197244714172,False,0.5902197244714172,False,0.6192770022316104
"2,3,4,5,6-pentafluorostyrene",methacrylic acid,xylene,90.0,free radical,solvent,0.9758,0,0.4155477125436158,1.2939596724092004,False,0.297008651731221,True,0.0597955666963807,False,0.4913641009163397,False,0.3307179523133188,False,0.3349768775967683,False,0.6294541565661067,False,0.6864656458726127,False,0.6864656458726127,False,0.7178695918226504
"2,3,4,5,6-pentafluorostyrene",methacrylic acid,xylene,90.0,free radical,solvent,0.09744,0,0.4155477125436158,1.2939596724092004,False,0.297008651731221,True,0.0597955666963807,False,0.4913641009163397,False,0.3307179523133188,False,0.3349768775967683,False,0.6294541565661067,False,0.6864656458726127,False,0.6864656458726127,False,0.7178695918226504
vinylidene cyanide,"2,2,2-trifluoroethyl methacrylate",dimethylformamide,75.0,free radical,solvent,0.036,0,0.565465820626364,0.5915450839959703,False,0.4280627918544484,False,0.7122294538830626,False,0.24669668028974567,False,0.39674148192313696,False,0.388590186700031,True,0.11777798599602586,True,0.19701092473227647,True,0.19701092473227647,True,0.10488593264187397
acrylamide,styrene,dimethyl sulfoxide,90.0,free radical,solvent,0.3216,0,0.5414515075233086,0.9890375617041671,True,0.03326997538918471,False,0.33756512222047047,True,0.16163414511491947,True,0.002320484968303781,True,0.01751411367452889,False,0.30107308544912165,False,0.3595149417866151,False,0.3595149417866151,False,0.3883526796463622
"2-methacrylamido-2-hydroxymethyl-1,3-propanediol",styrene,dimethylformamide,60.0,free radical,solvent,0.6063,0,0.5765428546346107,0.9570205263950534,True,0.0799227824471222,False,0.38364766799259664,True,0.12192122704585703,True,0.04774252321130243,True,0.05334198184793736,False,0.262579113107007,False,0.31377166321386285,False,0.31377166321386285,False,0.34752801746186474
p-Chlorostyrene,Methyl alpha-Trifluoromethylacrylate,benzene,60.0,free radical,solvent,0.0441,0,0.5453888143409393,0.9692491596190654,True,0.05272341503642933,False,0.3564291067618016,True,0.14168444885948803,True,0.019054948030230504,True,0.019932203978345577,False,0.28093135803470937,False,0.340861546696947,False,0.340861546696947,False,0.3683566093067904
beta-pinene,N-phenylmaleimide,tetrahydrofuran,60.0,free radical,solvent,8.146600000000001,1,0.4155169626847596,1.386150147861395,False,0.38427621703019277,True,0.1260019114699131,False,0.5781856361728965,False,0.4176064358339222,False,0.4229884974792608,False,0.7174198874700498,False,0.7691206213545138,False,0.7691206213545138,False,0.8049170390601422
beta-pinene,N-phenylmaleimide,"2,2,2-trifluoroethanol",60.0,free radical,solvent,0.081648,0,0.5415268174983338,0.9924211741120329,True,0.03045248873863327,False,0.33476151424617945,True,0.16480707496803007,True,0.005274427921295989,True,0.019824829585840115,False,0.30433155615336144,False,0.3623154796147863,False,0.3623154796147863,False,0.39153491066868296
beta-pinene,N-phenylmaleimide,perfluoro-tert-butanol,60.0,free radical,solvent,0.0185725,0,0.30620765783883835,1.3570052334030418,False,0.4034869897393976,True,0.09917300832446682,False,0.595201919706537,False,0.4371660633107303,False,0.43869319881875307,False,0.7289412563378946,False,0.7962467557748947,False,0.7962467557748947,False,0.8190705012624555
1-Ethylcyclopentyl methacrylate,Methyl methacrylate,dimethylformamide,80.0,free radical,solvent,1.0647,1,0.4364999611182294,0.6660587484662912,False,0.3624152533127663,False,0.6121339589162196,False,0.23264568337614147,False,0.3375736875477029,False,0.32525514841357,True,0.18303111414101464,False,0.30172109030564426,False,0.30172109030564426,True,0.23390382167195503
methylthiomethyl methacrylate,methyl methacrylate,benzene,60.0,free radical,solvent,0.7260000000000001,0,0.7960824015012794,0.9076742228481293,False,0.2930413969945332,False,0.5695312904747413,False,0.21344023227074665,False,0.2684539857907364,False,0.2775900370281601,False,0.2762158098337075,True,0.2277062582527881,True,0.2277062582527881,False,0.3145786282254007
styrene,phenyl methacrylate,ethyl methyl ketone,70.0,free radical,solvent,0.1271,0,0.40139837071900675,1.216567763853838,False,0.23391412730371608,True,0.07058733648581049,False,0.4264891047889611,False,0.26765033616106054,False,0.2696479504915098,False,0.5619451221970239,False,0.6266471917235644,False,0.6266471917235644,False,0.6515264689699546
styrene,phenyl methacrylate,ethyl methyl ketone,70.0,free radical,solvent,0.0468,0,0.40139837071900675,1.216567763853838,False,0.23391412730371608,True,0.07058733648581049,False,0.4264891047889611,False,0.26765033616106054,False,0.2696479504915098,False,0.5619451221970239,False,0.6266471917235644,False,0.6266471917235644,False,0.6515264689699546
acrylonitrile,2-naphthyl methacrylate,acetone,60.0,free radical,solvent,0.0539,0,0.5766973488887487,0.9291196526448677,True,0.10278540032957235,False,0.4070395966758519,True,0.09440045935714705,True,0.0690461145907748,True,0.06946758492366713,False,0.23502065495277355,False,0.2900860048908407,False,0.2900860048908407,False,0.32060621196851247
acrylonitrile,2-naphthyl methacrylate,acetonitrile,60.0,free radical,solvent,0.0,0,0.6395296764144305,0.8031743873888972,False,0.24338658128326707,False,0.547261998278436,True,0.055718014172886104,False,0.20955469473300772,False,0.20781664197018035,True,0.10804565884367351,True,0.1514417439055587,True,0.1514417439055587,True,0.1838782613164569
2-Methylbenzyl methacrylate,Methyl methacrylate,"1,4-Dioxane",60.0,free radical,solvent,0.7931,0,0.43400334719754546,1.0590658438144374,True,0.09948784614873844,False,0.2268634705925433,False,0.27462532712061544,True,0.1277191632683135,True,0.12365211968157037,False,0.40510735436999246,False,0.4796151638595321,False,0.4796151638595321,False,0.49554131557095316
4-Methylbenzyl methacrylate,Methyl methacrylate,"1,4-Dioxane",60.0,free radical,solvent,0.7469,0,0.3987146766654957,1.0302096437996138,True,0.12636789008998692,False,0.2462656647856418,False,0.27568904026270213,True,0.14738035507431807,True,0.13897285455488126,False,0.39777786814450405,False,0.4817566652246182,False,0.4817566652246182,False,0.48861892608400836
styrene,butyl acrylate,toluene,80.0,free radical,solvent,0.191592,0,0.4077480276797621,1.238116103249979,False,0.24946121452687853,True,0.059785841847640665,False,0.4430813419907825,False,0.2832991280250021,False,0.28614810666078644,False,0.579585710967779,False,0.6416529414458151,False,0.6416529414458151,False,0.6687957534845744
styrene,butyl acrylate,toluene,80.0,free radical,solvent,0.233392,0,0.4077480276797621,1.238116103249979,False,0.24946121452687853,True,0.059785841847640665,False,0.4430813419907825,False,0.2832991280250021,False,0.28614810666078644,False,0.579585710967779,False,0.6416529414458151,False,0.6416529414458151,False,0.6687957534845744
1-Vinyltetrazole,Acrylonitrile,dimethylformamide,65.0,free radical,solvent,0.1938,0,0.6349696275039836,0.5583525864371758,False,0.4723951954541291,False,0.7662271349694673,False,0.28100781469243913,False,0.43953661120898735,False,0.43343868572843447,True,0.14037411271998562,True,0.16498100093291326,True,0.16498100093291326,True,0.07013859089111898
1-Vinyltetrazole,Methyl Methacrylate,dimethylformamide,65.0,free radical,solvent,1.9372,1,0.836066964529051,0.8846411692648897,False,0.3388066357274331,False,0.6150268961337924,False,0.2459629559197567,False,0.3136400271942864,False,0.3223457936442792,False,0.2882387024776013,True,0.220301102268052,True,0.220301102268052,False,0.31351317632463693
Methyl methacrylate,Furfuryl methacrylate,benzene,60.0,free radical,solvent,0.8925,0,0.42116896539465504,1.0398172472621954,True,0.10564109688987962,False,0.2415288908343569,False,0.26742217954333913,True,0.12963434537915422,True,0.12295729724010697,False,0.39423587728184345,False,0.4733459442289213,False,0.4733459442289213,False,0.48497153450624475
methyl methacrylate,ortho-methacryloyloxybenzoic acid,acetone,60.0,free radical,solvent,0.9028,0,0.4670063271948187,1.0962087269833207,True,0.09733271290740025,False,0.20722500114556677,False,0.28949049384591086,True,0.13084521555856052,True,0.13258857980056435,False,0.42587640019227696,False,0.48996072617597497,False,0.48996072617597497,False,0.5150127250279408
2-Hydroxyethyl Methacrylate,Butyl Methacrylate,dimethylformamide,50.0,free radical,solvent,2.8202,1,0.546432702418381,0.8558198455883874,False,0.16330458682836033,False,0.45746980597390585,True,0.052149008868484364,True,0.13180204183300276,True,0.12390437176813744,True,0.17321216108046258,False,0.25449747569060116,False,0.25449747569060116,False,0.26334151068366723
Methyl methacrylate,2-Hydroxyethyl methacrylate,dimethylformamide,60.0,free radical,solvent,0.7236000000000001,0,0.5366602943603902,0.7894141309323173,False,0.22855084724372876,False,0.5153424090271769,True,0.07485505542606732,False,0.1980627682081179,False,0.18909022926113572,True,0.1219117419473777,True,0.22510490875103173,True,0.22510490875103173,True,0.21221397775193032
Butyl acrylate,2-Hydroxyethyl methacrylate,dimethylformamide,60.0,free radical,solvent,0.348,0,0.606667361353534,0.850216959043868,False,0.1865176919986777,False,0.49004605545353747,True,0.018108231675023567,True,0.15267843017444593,True,0.1504995589592589,True,0.15300686942629457,True,0.20864469233781088,True,0.20864469233781088,True,0.23657420094167
Butyl acrylate,2-Hydroxyethyl methacrylate,dimethylformamide,60.0,free radical,solvent,0.44,0,0.606667361353534,0.850216959043868,False,0.1865176919986777,False,0.49004605545353747,True,0.018108231675023567,True,0.15267843017444593,True,0.1504995589592589,True,0.15300686942629457,True,0.20864469233781088,True,0.20864469233781088,True,0.23657420094167
methyl methacrylate,9-(4-vinylbenzyl)-9H-carbazole,dimethylformamide,80.0,controlled radical,solvent,0.54,0,0.34759038241849544,1.180878487322633,False,0.24068346137171426,True,0.09319740873460494,False,0.42397190950842867,False,0.27265614977596914,False,0.271025647051634,False,0.5532497039557098,False,0.628702146185253,False,0.628702146185253,False,0.6439279772433865
2-vinyl-5-methyl furan,methyl methacrylate,methanol,65.0,free radical,solvent,0.2047,0,0.6695856313859542,0.7488605398851176,False,0.3054578196650647,False,0.6093090660130142,True,0.11515679038848915,False,0.27162806395498845,False,0.2697965798538628,True,0.07361555220908048,True,0.09139149240034512,True,0.09139149240034512,True,0.12768806358862106
2-vinyl-5-methyl furan,isobutyl methacrylate,methanol,65.0,free radical,solvent,0.0936,0,0.6834814598681482,0.804908786637288,False,0.2655998287875858,False,0.5695802533311518,True,0.09407418222003198,False,0.23233408295600447,False,0.23313513530503482,True,0.1263837499282031,True,0.1290843241946704,True,0.1290843241946704,True,0.18451152583086894
2-vinyl-5-methyl furan,n-butyl acrylate,methanol,65.0,free radical,solvent,0.0468,0,0.7395926983790982,0.8096633679966685,False,0.2992285399894106,False,0.599587154420657,True,0.14719237412687844,False,0.2674762193451552,False,0.2708598841517808,True,0.16627615190101935,True,0.12203553776283198,True,0.12203553776283198,True,0.20227877218797943
Styrene,Methyl Vinyl Ketone,Acetonitrile-Ethanol,60.0,free radical,solvent,0.0943,0,0.9403808447074563,0.7085203820263297,False,0.5182161007046188,False,0.8102515993038781,False,0.36845108104217583,False,0.48816293835545316,False,0.4930952246668642,False,0.3237645867691367,True,0.20400379494781448,True,0.20400379494781448,False,0.28787116670661456
Styrene,Itaconic Anhydride,benzene,70.0,free radical,solvent,0.00954,0,0.534691345250341,1.1071031879381488,True,0.09004792308512258,False,0.24154940452617552,False,0.2772285369765966,True,0.11975765771783493,True,0.12900858568481702,False,0.41770707566898513,False,0.46589046369050696,False,0.46589046369050696,False,0.5033297242230713
tert-butyl acrylate,tert-butyl methacrylate,2-butanone,78.0,free radical,solvent,0.4312079999999999,0,0.3843138542055966,1.028910126079427,True,0.14059443172591415,False,0.245674883541113,False,0.28523578971449703,False,0.16087620357991508,False,0.15198810443367433,False,0.40478757747911975,False,0.49108481306535645,False,0.49108481306535645,False,0.4955751302315271
Methyl Acrylate,Maleic Anhydride,dimethylformamide,60.0,free radical,solvent,91.0,2,0.8871918180737479,0.7770170220017535,False,0.4352887897537572,False,0.7244679640920612,False,0.2983145566553574,False,0.4061950669292614,False,0.4120668695425084,False,0.28182639086257305,True,0.17438560929689517,True,0.17438560929689517,False,0.2704977319824456
styrene,methyl acrylate,dioxane,60.0,free radical,solvent,0.00448,0,0.3833764051467416,1.015581370530465,True,0.14109435625890127,False,0.2588501756135718,False,0.2771338018511643,False,0.158889819522996,True,0.1489904670270347,False,0.3945048414188111,False,0.482605101713252,False,0.482605101713252,False,0.4852149248027335
Cyanomethyl Methacrylate,Styrene,acetonitrile,60.0,free radical,solvent,0.0435,0,0.4277867339092869,0.9213523249245138,True,0.13644047165310855,False,0.3585459355115884,False,0.18739700606902882,True,0.13002500041548248,True,0.11493128959417208,False,0.2929438552868099,False,0.38795396444708813,False,0.38795396444708813,False,0.3832177351306618
Methyl methacrylate,alpha-Methoxystyrene,Tetrahydrofuran,60.0,free radical,solvent,0.0,0,0.260836647949855,1.2722625334037065,False,0.3665081678146645,True,0.09859577367845297,False,0.5490698468972116,False,0.3986388842409898,False,0.39698408285189557,False,0.6760255192555865,False,0.7542770351875692,False,0.7542770351875692,False,0.7668545675353101
Indene,o-Chlorostyrene,benzene,70.0,free radical,solvent,0.0,0,0.5370501965224236,1.1353529432324376,True,0.11838589020990502,False,0.2249118423960758,False,0.3044096893989343,True,0.14792500632153238,False,0.1573472148731873,False,0.44501147483955833,False,0.49051002015256234,False,0.49051002015256234,False,0.5300723948020409
2-Vinylpyridine,Vinyl Acetate,methyl ethyl ketone,70.0,free radical,solvent,0.0,2,0.42833598143038804,1.0621415105112648,True,0.10592211817216629,False,0.2221381349271555,False,0.2804516769586043,True,0.13413785459157096,True,0.12995953461342294,False,0.4104258188185546,False,0.48558878509508896,False,0.48558878509508896,False,0.5009256151343531
Butyl-2-cyanoacrylate,Ethyl-2-cyanoacrylate,water,30.0,anionic,solvent,8.739999999999998,1,0.8797007292411064,0.6408473277060979,False,0.5178521680287409,False,0.8189677911970331,False,0.3455507498376775,False,0.48548668415851437,False,0.4876724339814422,False,0.268942997749605,True,0.14975342027957647,True,0.14975342027957647,True,0.21453434169806815
methyl acrylate,4-chlorophenyl acrylate,ethyl acetate,70.0,free radical,solvent,0.0936,0,0.5397227897510447,0.8824614237248302,True,0.13603686521715896,False,0.4304393592104269,True,0.07179517741737931,True,0.10499127781532791,True,0.09658765036005129,True,0.20033701791322678,False,0.27757512031800613,False,0.27757512031800613,False,0.2901881688647462
methyl acrylate,4-chlorophenyl acrylate,ethyl acetate,70.0,free radical,solvent,0.084348,0,0.5397227897510447,0.8824614237248302,True,0.13603686521715896,False,0.4304393592104269,True,0.07179517741737931,True,0.10499127781532791,True,0.09658765036005129,True,0.20033701791322678,False,0.27757512031800613,False,0.27757512031800613,False,0.2901881688647462
methyl acrylate,4-chlorophenyl acrylate,ethyl acetate,70.0,free radical,solvent,0.08184,0,0.5397227897510447,0.8824614237248302,True,0.13603686521715896,False,0.4304393592104269,True,0.07179517741737931,True,0.10499127781532791,True,0.09658765036005129,True,0.20033701791322678,False,0.27757512031800613,False,0.27757512031800613,False,0.2901881688647462
2-Hydroxyethyl Methacrylate,Lauryl Methacrylate,benzene,60.0,free radical,solvent,7.839999999999999,1,0.4569144793711923,1.1402301760962548,True,0.1399658839865055,False,0.1649760107523705,False,0.33360465396722466,False,0.17379231426497835,False,0.17670599533239728,False,0.47067322986084836,False,0.5324760470651964,False,0.5324760470651964,False,0.559566704866322
2-Hydroxyethyl Methacrylate,Lauryl Methacrylate,tert-Butyl alcohol,60.0,free radical,solvent,0.8,0,0.45093565106019423,0.9724746150289405,True,0.08628451569875818,False,0.31445597031579736,False,0.1980126480073917,True,0.09007494960140557,True,0.07690846786878917,False,0.3210878746776176,False,0.40400017321152437,False,0.40400017321152437,False,0.4118982650367975
2-Hydroxyethyl Methacrylate,Lauryl Methacrylate,dimethylformamide,60.0,free radical,solvent,0.6400000000000001,0,0.5964722799741651,0.8954452150157346,False,0.1418367819199354,False,0.4460727066862234,True,0.058983338966700195,True,0.10808353074166649,True,0.10771748857007288,True,0.19894059810271872,False,0.25110618530452217,False,0.25110618530452217,False,0.28291732348943005
Vinyl imidazole,Ethyl acrylate,water,25.0,free radical,solvent,0.4864,0,0.7998786300958978,0.4292087036658086,False,0.6496982670779848,False,0.9521154338885165,False,0.45596469622324887,False,0.615873239498237,False,0.6128710942078059,False,0.3248413626932963,False,0.26587177757459374,False,0.26587177757459374,True,0.2340396014404192
methyl methacrylate,styrene,toluene,100.0,free radical,solvent,0.30846,0,0.39836464285290646,1.1682856789712763,False,0.1964520948074194,True,0.11202064119246681,False,0.3856224496722246,False,0.22954790688615315,False,0.2297977221983837,False,0.5189515808670843,False,0.5882101714100229,False,0.5882101714100229,False,0.6090515541229377
ethyl acrylate,styrene,benzene,70.0,free radical,solvent,0.2552,0,0.4300866543622856,1.0913542415415658,True,0.11974757371368978,False,0.1952045154408744,False,0.30349740388325197,True,0.15107289319805578,True,0.14932330123793033,False,0.43582974845805844,False,0.5073959429101552,False,0.5073959429101552,False,0.5260337729590152
acrylonitrile,2-(p-methoxyphenoxy)-2-oxo-ethyl methacrylate,"1,4-dioxane",65.0,free radical,solvent,0.093,0,0.6356970536124615,0.9924099408759745,True,0.1140663201694253,False,0.394000546680685,True,0.1611839422186641,True,0.09606847995535094,True,0.1089916986245307,False,0.2954685845280298,False,0.3213002494294254,False,0.3213002494294254,False,0.3724291996859991
p-cresyl acrylate,acrylonitrile,dimethylformamide,60.0,free radical,solvent,0.584,0,0.5712137859966105,0.6142437940302604,False,0.40609594162102663,False,0.6922693111711382,False,0.22349490435539526,False,0.3745322973266596,False,0.36664490248745724,True,0.09496099372601338,True,0.18171878808449485,True,0.18171878808449485,True,0.09510850024239717
"1-Chloro-1,3-butadiene",Styrene,toluene,70.0,free radical,solvent,0.121,0,0.4625793248663423,1.104776663572576,True,0.1068722847324433,False,0.1976049637187487,False,0.29913278662979037,True,0.14043232805346959,True,0.14223261995103623,False,0.43545544233608546,False,0.4995498755648625,False,0.4995498755648625,False,0.524626457402257
m-chlorophenyl acrylate,acrylonitrile,dimethylformamide,60.0,free radical,solvent,1.0836,1,0.500971856872989,0.4779944027907583,False,0.5401552207611005,False,0.8078240880239892,False,0.37058125459845853,False,0.5109324864662415,False,0.5010033428096867,False,0.2482330530277853,False,0.3160299522243514,False,0.3160299522243514,True,0.21856334898616714
acryloyl chloride,2-hydroxypropyl methacrylate,dioxane,60.0,free radical,solvent,0.5760000000000001,0,0.6797542159679655,0.9781146448360152,False,0.16024910769715037,False,0.43561061944765006,True,0.1651228840430832,True,0.14030874257817744,False,0.1521302477176278,False,0.2875441540624036,False,0.29614216611233063,False,0.29614216611233063,False,0.3571560519333716
acryloyl chloride,2-hydroxypropyl methacrylate,dioxane,60.0,free radical,solvent,0.5191,0,0.6797542159679655,0.9781146448360152,False,0.16024910769715037,False,0.43561061944765006,True,0.1651228840430832,True,0.14030874257817744,False,0.1521302477176278,False,0.2875441540624036,False,0.29614216611233063,False,0.29614216611233063,False,0.3571560519333716
styrene,allyl methacrylate,toluene,80.0,free radical,solvent,1.386,2,0.3807338591413721,1.2718129972040972,False,0.2919939433058607,True,0.02136043409281007,False,0.4851426950505775,False,0.32580515620768574,False,0.3282277656314886,False,0.6208951247382374,False,0.6844670122994643,False,0.6844670122994643,False,0.7104114268457165
Vinyl acetate,Maleic anhydride,benzene,75.0,free radical,solvent,0.000165,0,0.41634940105263724,0.8206530785484772,False,0.22470067450365339,False,0.4562330877305697,True,0.17921562923970308,False,0.2074884068461477,False,0.19295316135282145,False,0.23523751564944984,False,0.34755554592948845,False,0.34755554592948845,False,0.31958026284051827
Methyl acrylate,Atropic acid methyl ester,benzene,60.0,free radical,solvent,0.055,0,0.48156926188430255,1.062305913133558,True,0.06192249082843097,False,0.24381602361884497,False,0.25264883561859164,True,0.0948091008755709,True,0.09581231720676363,False,0.3890214413041485,False,0.4536996201030557,False,0.4536996201030557,False,0.4781160516671525
styrene,glycidyl methacrylate,toluene,60.0,free radical,solvent,0.242178,0,0.31247696537545766,1.2474236778800247,False,0.31262766853403623,True,0.05361868596521041,False,0.4986123664201154,False,0.3453127928438665,False,0.34456075424135707,False,0.6284737378357286,False,0.7028160935761909,False,0.7028160935761909,False,0.7191349101403013
styrene,glycidyl methacrylate,cyclohexanone,60.0,free radical,solvent,0.24805,0,0.24876065929511756,1.328567308552198,False,0.4155529706637383,True,0.12368957867269689,False,0.6016095364203596,False,0.44837238127332885,False,0.4477277814553411,False,0.730508310113945,False,0.8059741509018854,False,0.8059741509018854,False,0.8212688783384999
3-Methylstyrene,Methyl Methacrylate,toluene,70.0,free radical,solvent,0.2544,0,0.33152574507440885,1.2054163649332528,False,0.26922550312809623,True,0.07341344491080717,False,0.4532753323025029,False,0.3014435812347947,False,0.3000694890786112,False,0.5825074245021366,False,0.6579195442822212,False,0.6579195442822212,False,0.6732023657024409
styrene,glycidyl methacrylate,cyclohexanone,120.0,free radical,solvent,0.3017019999999999,0,0.4306317057939814,1.3014845200507406,False,0.29895032455069553,True,0.07657231423181265,False,0.49315117041289275,False,0.33245183104961473,False,0.33743636189379433,False,0.6319818683207744,False,0.6862455702047779,False,0.6862455702047779,False,0.7198526101801712
glycidyl acrylate,styrene,tetrahydrofuran,60.0,free radical,solvent,0.102,0,0.31072300898798044,1.298667481693528,False,0.3530704739468583,True,0.054904339322902104,False,0.5425404428297765,False,0.3864078281516936,False,0.3868964626463917,False,0.6745601715664924,False,0.745278760461629,False,0.745278760461629,False,0.7649852268960491
N-(2-thiazolyl)methacrylamide,methyl methacrylate,dimethyl formamide,70.0,free radical,solvent,1.6048,1,0.8138717945907613,0.7565417439801838,False,0.38978630004730147,False,0.6881724567934486,False,0.23314145713080428,False,0.35841181671950145,False,0.36209019287728006,True,0.2057106426503147,True,0.10289393910551328,True,0.10289393910551328,True,0.20039524402829734
N-(2-thiazolyl)methacrylamide,vinyl acetate,dimethyl formamide,70.0,free radical,solvent,0.32,0,0.45547778085187285,0.5411338231609216,False,0.4814717404779467,False,0.7384606814225114,False,0.3265888154810404,False,0.4542063944338625,False,0.44306787927786756,False,0.22470070715023505,False,0.3177626263609867,False,0.3177626263609867,True,0.22530281738792607
Methylacrylate,2-Hydroxyethylacrylate,2-ethoxyethanol,60.0,free radical,solvent,1.0,1,0.6142364809142687,0.6597487943693141,False,0.3689795335477856,False,0.6643787468275744,True,0.17779351699497087,False,0.33606116412005943,False,0.33010474568034326,True,0.03788431430062031,True,0.12633016797945465,True,0.12633016797945465,True,0.0645808962426795
Ethylacrylate,2-Hydroxyethylacrylate,2-methoxyethanol,60.0,free radical,solvent,0.44,0,0.6951994027915068,0.6335241460713879,False,0.42035404823559963,False,0.7225535071015896,False,0.22640608871816084,False,0.38655904634777627,False,0.38333253515336235,True,0.10121718505389836,True,0.06865983201965037,True,0.06865983201965037,True,0.03162470245847412
Butylacrylate,2-Hydroxyethylacrylate,2-methoxyethanol,60.0,free radical,solvent,0.2162,0,0.715148897343476,0.6652562089573699,False,0.4006712175959538,False,0.704472359360223,False,0.20925398183070812,False,0.3668419943111974,False,0.3649036419194673,True,0.10351179233415851,True,0.03160019834733589,True,0.03160019834733589,True,0.06594110618703723
acrylamide,styrene,dioxane,70.0,free radical,solvent,1.7526,1,0.4791328765274115,0.9964802922766618,True,0.05001849417764853,False,0.3016130891632868,False,0.19746564662356533,True,0.06129215554992568,True,0.05179134332837824,False,0.32911169843318333,False,0.4026223762283473,False,0.4026223762283473,False,0.4192416250322748
acrylamide,styrene,ethanol,70.0,free radical,solvent,0.432,0,0.5561786199572729,0.7065737162560216,False,0.3126785571607685,False,0.5999283534250128,True,0.1355478633134504,False,0.2813586419850659,False,0.27321089179027896,True,0.06129215554992563,True,0.1822545847341856,True,0.1822545847341856,True,0.13914139254696695
Methyl Methacrylate,Styrene,acetonitrile,60.0,free radical,solvent,0.22,0,0.43221809814490886,0.8916288635354098,False,0.1561611729183865,False,0.3885712707653395,True,0.17174056416000194,True,0.144037243053291,True,0.12888817374023784,False,0.2678421917140172,False,0.36711561770871565,False,0.36711561770871565,False,0.3574986223543781
t-Butyl Acrylate,2-Hydroxyethyl Methacrylate,"1,4-Dioxane",50.0,free radical,solvent,1.031646,1,0.5283239640758425,1.0919958714344216,True,0.07445753293907059,False,0.24780063137167982,False,0.2640342042974811,True,0.1051664382144399,True,0.1137096998472931,False,0.40425118755577516,False,0.45522634926959116,False,0.45522634926959116,False,0.4905118335475022
Methyl Methacrylate,N-Vinyl Carbazole,toluene and methanol,25.0,free radical,solvent,0.6169,0,0.6266426892197027,0.9908392282397184,True,0.10564274919657621,False,0.38884500380753434,True,0.1575926882163373,True,0.086952103353804,True,0.09981088430690684,False,0.2934581409792335,False,0.32280564411445684,False,0.32280564411445684,False,0.3717147271647309
t-Butyl Acrylate,2-Hydroxyethyl Methacrylate,"N,N-Dimethylformamide",50.0,free radical,solvent,0.91392,0,0.6525809646740037,0.8773971008121776,False,0.1899574343916295,False,0.4926411514776953,True,0.07074667728671025,False,0.15761212085705392,False,0.16060281882212507,True,0.18337526540140128,True,0.20786436544145587,True,0.20786436544145587,False,0.25653078711960015
tolylisocyanide,styrene,toluene,60.0,free radical,solvent,0.01352197,0,0.2819344500335729,1.2353325044937922,False,0.32589430255467905,True,0.08630293550216546,False,0.5069570912105062,False,0.35765435705242415,False,0.3555771336726303,False,0.633522433394968,False,0.7123567474818935,False,0.7123567474818935,False,0.7243548910764643
tolylisocyanide,styrene,toluene,60.0,free radical,solvent,0.00665408,0,0.2819344500335729,1.2353325044937922,False,0.32589430255467905,True,0.08630293550216546,False,0.5069570912105062,False,0.35765435705242415,False,0.3555771336726303,False,0.633522433394968,False,0.7123567474818935,False,0.7123567474818935,False,0.7243548910764643
tolylisocyanide,styrene,toluene,60.0,free radical,solvent,0.0072051,0,0.2819344500335729,1.2353325044937922,False,0.32589430255467905,True,0.08630293550216546,False,0.5069570912105062,False,0.35765435705242415,False,0.3555771336726303,False,0.633522433394968,False,0.7123567474818935,False,0.7123567474818935,False,0.7243548910764643
Methyl methacrylate,ortho-Chlorophenyl acrylate,benzene,50.0,free radical,solvent,0.4559999999999999,0,0.45105170075268936,1.0394199818226526,True,0.07656743323373447,False,0.251206927088625,False,0.2487271787271699,True,0.10280637434870589,True,0.09798166526266712,False,0.3799355197814172,False,0.4536156492033804,False,0.4536156492033804,False,0.4702356322373272
Methyl methacrylate,ortho-Chlorophenyl acrylate,benzene,50.0,free radical,solvent,0.546,0,0.45105170075268936,1.0394199818226526,True,0.07656743323373447,False,0.251206927088625,False,0.2487271787271699,True,0.10280637434870589,True,0.09798166526266712,False,0.3799355197814172,False,0.4536156492033804,False,0.4536156492033804,False,0.4702356322373272
Methyl methacrylate,para-Chlorophenyl acrylate,benzene,50.0,free radical,solvent,0.327,0,0.43640139325484245,0.9928197030237894,True,0.09148531654742743,False,0.29087144100388335,False,0.2226015804945804,True,0.10349442007234703,True,0.09237281638658018,False,0.34602164195305024,False,0.4286717714565289,False,0.4286717714565289,False,0.4368425804045506
styrene,2-hydroxyethyl methacrylate,isopropyl alcohol,60.0,free radical,solvent,0.3127,0,0.6621072325458882,1.035626689034201,True,0.13882178968942593,False,0.38485603689772985,False,0.2101891572081511,True,0.13149304539173515,True,0.14619647613122022,False,0.34110263531519547,False,0.35604252622376054,False,0.35604252622376054,False,0.4144246044129859
"N,N-Dimethylacrylamide",Styrene,toluene,50.0,free radical,solvent,0.2829,0,0.36274946088467924,1.2560970373301252,False,0.2881166715317566,True,0.01754174298814035,False,0.47953378645307504,False,0.32171617109593786,False,0.3230500211960185,False,0.6136138633477872,False,0.680833769622493,False,0.680833769622493,False,0.7036110601691177
cyclohexyl acrylate,N-vinyl-2-pyrrolidone,dioxane,75.0,free radical,solvent,0.1582339999999999,0,0.4706461564686691,1.0349523612367935,True,0.056526362842593686,False,0.2630389116257641,False,0.23413663118314654,True,0.08385979896773911,True,0.0803572975530284,False,0.3677017683915393,False,0.43795471280551956,False,0.43795471280551956,False,0.45756154381803193
styrene,acrylamide,benzene,90.0,free radical,solvent,6.123800000000001,1,0.524455758688887,1.0176388865677841,True,1.790180836524724e-15,False,0.30431567538162646,False,0.19435677122865497,True,0.033842585231783205,True,0.039477903059945973,False,0.3331475097257329,False,0.39276003833689094,False,0.39276003833689094,False,0.420952029517945
decyl acrylate,octadecyl acrylate,toluene,60.0,free radical,solvent,0.81,0,0.39158762463271474,1.2405283298711194,False,0.2594872732594784,True,0.04593142598872051,False,0.45229798105611096,False,0.2932597985142339,False,0.29542466655436367,False,0.5878361430682206,False,0.6521482575481012,False,0.6521482575481012,False,0.6774067940046569
Methyl alpha-Cyanoacrylate,Methyl methacrylate,benzene,60.0,free radical,solvent,0.01,0,0.42942321594612837,0.9145235895244305,True,0.14022820210105313,False,0.3655615436662415,False,0.1829235322841267,True,0.13225770718242008,True,0.11708692834447089,False,0.28668823516033864,False,0.38256012706675885,False,0.38256012706675885,False,0.3768636726856177
Methyl alpha-Cyanoacrylate,Alpha-Methylstyrene,benzene,60.0,free radical,solvent,5e-05,0,0.5190511985509851,1.1056800284310013,True,0.08820687008880358,False,0.23148117758818268,False,0.27966813402437973,True,0.12002672221841279,True,0.12767983409755573,False,0.41967673915560344,False,0.471644926647988,False,0.471644926647988,False,0.5062745434746397
2-Hydroxyethyl methacrylate,t-Butyl acrylate,"N,N-Dimethylformamide",50.0,free radical,solvent,0.91392,0,0.6525809646740033,0.8773971008121771,False,0.18995743439162954,False,0.49264115147769544,True,0.07074667728670962,False,0.15761212085705392,False,0.16060281882212502,True,0.18337526540140078,True,0.20786436544145565,True,0.20786436544145565,False,0.2565307871195997
styrene,butyl acrylate,benzonitrile,50.0,free radical,solvent,0.24222,0,0.4598211791412704,0.9509588075347887,True,0.09286475011081452,False,0.3376337733404889,True,0.177034515094383,True,0.08787188860776243,True,0.07310358549233985,False,0.29809572813333696,False,0.3826353274348087,False,0.3826353274348087,False,0.3889266754889373
ethyl alpha-cyanocinnamate,vinyl acetate,ethyl acetate,70.0,free radical,solvent,0.0,0,0.5637336859191491,0.9903137978079676,True,0.04784784261842561,False,0.34904802916169303,True,0.15694838644546247,True,0.024147226195037803,True,0.03805938166113444,False,0.2975385540444886,False,0.3489755901969964,False,0.3489755901969964,False,0.383016193128683
"N,N-Divinylaniline",Divinyl Sulfone,benzene,60.0,free radical,solvent,0.00126,0,0.5397717212826206,1.1330383978671437,True,0.11641145097585234,False,0.2284810311441553,False,0.3016286532263818,True,0.14558570254721778,False,0.15522612656245857,False,0.4422524554925642,False,0.4872880020298964,False,0.4872880020298964,False,0.5271691423162459
acrylonitrile,maleic anhydride,benzene,60.0,free radical,solvent,0.0003,0,0.528178316141744,0.7165431136653921,False,0.30111878369454065,False,0.5817894362309789,True,0.13723268539899072,False,0.2711568873560799,False,0.26174579872932974,True,0.09063717038970111,True,0.211255068063013,True,0.211255068063013,True,0.1676285309643515
Divinyl Ether,Maleic Anhydride,dimethylformamide,50.0,free radical,solvent,0.022512,0,0.6618444896974801,0.7981367640072643,False,0.25895336494574744,False,0.563255499884956,True,0.07718042216277997,False,0.22526869521645862,False,0.22465463917140333,True,0.1102146828029801,True,0.13388021775194192,True,0.13388021775194192,True,0.17696613026108596
butyl acrylate,isobornyl acrylate,"N,N-dimethylformamide",80.0,free radical,solvent,1.3,1,0.5735293703576926,0.7862834066189522,False,0.23650280646236677,False,0.5320204535788451,True,0.05454599313168691,False,0.203984523535064,False,0.19741627528140135,True,0.09872614974937272,True,0.1913071923660133,True,0.1913071923660133,True,0.18923168630062856
vinyl cinnamate,methacrylonitrile,cyclohexanone,70.0,free radical,solvent,0.6,0,0.4103983891893565,1.2097737693413817,False,0.22343879859052262,True,0.0814640225375122,False,0.4163810051223217,False,0.2572162429172892,False,0.2594751824415475,False,0.5522497079522141,False,0.61609900690972,False,0.61609900690972,False,0.6416855193055783
ethyl alpha-hydroxymethylacrylate,styrene,ethyl acetate,60.0,free radical,solvent,0.2662079999999999,0,0.4608760655965591,1.0880218301258615,True,0.09484796317061331,False,0.21125299467310377,False,0.2849987309975508,True,0.1278134691965093,True,0.12843962692027863,False,0.42045721704635763,False,0.4866129482359957,False,0.4866129482359957,False,0.5099077731195216
Methyl methacrylate,2-Methyl-5-vinyl-tetrazole,dimethylformamide,65.0,free radical,solvent,0.48,0,0.5411159510137492,0.7851011948584342,False,0.2331337386004324,False,0.5209316243202924,True,0.07435774911545748,False,0.20235606738134548,False,0.19365768355656246,True,0.11573381036767873,True,0.2191884148871076,True,0.2191884148871076,True,0.20608066191782096
glycidyl methacrylate,styrene,chlorobenzene,60.0,free radical,solvent,0.2385,0,0.3025624171631408,1.2557212446215136,False,0.32545332112283837,True,0.05952570755006084,False,0.511077813196344,False,0.3580908751939321,False,0.35724189419946334,False,0.6405514615914721,False,0.7154257264727333,False,0.7154257264727333,False,0.7312492293191325
styrene,α-methylene γ-butyrolactone,dimethyl sulfoxide,60.0,free radical,solvent,0.063,0,0.42979284092724096,1.0448709123246527,True,0.09850203665900015,False,0.2390416883437742,False,0.2658455084645425,True,0.1240518874437237,True,0.1183392991746352,False,0.3944705944409141,False,0.47144533079879386,False,0.47144533079879386,False,0.4850817118871237
methyl methacrylate,4-methoxystyrene,toluene,25.0,free radical,solvent,0.0928,0,0.31113602853285705,1.2880874534345736,False,0.3444528045961323,True,0.050497865460811295,False,0.5333363805054567,False,0.37768850144388166,False,0.37794519521756714,False,0.664959350036188,False,0.7363903940125114,False,0.7363903940125114,False,0.7554377351926571
sodium allyl sulfonate,acrylonitrile,dimethyl sulfoxide,45.0,free radical,solvent,0.38,0,0.5269933154456043,0.6508182733874164,False,0.36682939010978344,False,0.6446615149841403,False,0.19768201518865144,False,0.3368762902604556,False,0.32747065965018457,True,0.10123806470629426,True,0.21365253279722252,True,0.21365253279722252,True,0.1421872532920367
sodium allyl sulfonate,acrylonitrile,dimethyl sulfoxide,45.0,free radical,solvent,0.35,0,0.5269933154456043,0.6508182733874164,False,0.36682939010978344,False,0.6446615149841403,False,0.19768201518865144,False,0.3368762902604556,False,0.32747065965018457,True,0.10123806470629426,True,0.21365253279722252,True,0.21365253279722252,True,0.1421872532920367
2-Isopropenyl-2-Oxazoline,Ethyl acrylate,p-xylene,80.0,free radical,solvent,0.2641,0,0.323859520671004,1.2407886303757076,False,0.30005775922056865,True,0.04820161730148837,False,0.4867299911265957,False,0.33285225944478847,False,0.33230468025270943,False,0.6171935662236819,False,0.6906672474915101,False,0.6906672474915101,False,0.7077918779159657
2-Isopropenyl-2-Oxazoline,Butyl acrylate,p-xylene,80.0,free radical,solvent,0.3359999999999999,0,0.34380901522297236,1.2725206932616895,False,0.31240675618236696,True,0.015638225167324566,False,0.5031471155274562,False,0.34591791337334343,False,0.34693033824529573,False,0.6364912367723958,False,0.7050028868439308,False,0.7050028868439308,False,0.7266642098118946
2-Isopropenyl-2-Oxazoline,Methyl methacrylate,p-xylene,80.0,free radical,solvent,0.6830999999999999,0,0.27380194822982834,1.2117178651501386,False,0.31700785893289074,True,0.10548259160762304,False,0.49384385396758423,False,0.34788894905100315,False,0.34484056913247135,False,0.6180791423358151,False,0.6997271209056147,False,0.6997271209056147,False,0.7089130091860116
n-butyl acrylate,styrene,methanol,50.0,free radical,solvent,0.3036,0,0.5310227239226677,0.7356960071814578,False,0.28201934733105655,False,0.5643456789692255,True,0.11930610442454373,False,0.25190813859385996,False,0.2426161243872828,True,0.09388050874116735,True,0.21194346667592015,True,0.21194346667592015,True,0.17703451509438278
n-butyl acrylate,styrene,methanol,50.0,free radical,solvent,0.2888,0,0.5310227239226677,0.7356960071814578,False,0.28201934733105655,False,0.5643456789692255,True,0.11930610442454373,False,0.25190813859385996,False,0.2426161243872828,True,0.09388050874116735,True,0.21194346667592015,True,0.21194346667592015,True,0.17703451509438278
stearyl methacrylate,styrene,benzene,50.0,free radical,solvent,1.212526,1,0.4260411047312787,1.2055551545292045,False,0.21212724454473952,True,0.09502480045778097,False,0.40585095608140653,False,0.24596724749160062,False,0.24893635701350242,False,0.5426444632570566,False,0.6043205200079445,False,0.6043205200079445,False,0.6317106696213878
stearyl methacrylate,styrene,benzene,50.0,free radical,solvent,0.950232,0,0.4260411047312787,1.2055551545292045,False,0.21212724454473952,True,0.09502480045778097,False,0.40585095608140653,False,0.24596724749160062,False,0.24893635701350242,False,0.5426444632570566,False,0.6043205200079445,False,0.6043205200079445,False,0.6317106696213878
stearyl methacrylate,styrene,benzene,50.0,free radical,solvent,0.89658,0,0.4260411047312787,1.2055551545292045,False,0.21212724454473952,True,0.09502480045778097,False,0.40585095608140653,False,0.24596724749160062,False,0.24893635701350242,False,0.5426444632570566,False,0.6043205200079445,False,0.6043205200079445,False,0.6317106696213878
2-Hydroxyethylmethacrylate,"2,3-Dihydroxypropylmethacrylate",2-Methoxyethanol,60.0,free radical,solvent,0.9955000000000002,0,0.8406406444189747,0.8119061950639823,False,0.3772251612996502,False,0.6666863157896535,False,0.24700199538736767,False,0.348350121389475,False,0.35448891498725316,False,0.2513599614693486,True,0.16152150970778625,True,0.16152150970778625,False,0.2585288130218648
2-Hydroxyethylmethacrylate,"2,3-Dihydroxypropylmethacrylate",2-Methoxyethanol,60.0,free radical,solvent,1.0065000000000002,1,0.8406406444189747,0.8119061950639823,False,0.3772251612996502,False,0.6666863157896535,False,0.24700199538736767,False,0.348350121389475,False,0.35448891498725316,False,0.2513599614693486,True,0.16152150970778625,True,0.16152150970778625,False,0.2585288130218648
1-Acrylamido-1-deoxy-D-glucitol,Methyl methacrylate,methanol,50.0,free radical,solvent,0.8693199999999999,0,0.5530858130354567,0.6685796395177941,False,0.3502314063058802,False,0.6349930780949833,True,0.17302387463963093,False,0.3191515239528874,False,0.3107535530194749,True,0.06999177079049333,True,0.18534529796604252,True,0.18534529796604252,True,0.12250456161484531
1-Acrylamido-1-deoxy-D-glucitol,Styrene,methanol,50.0,free radical,solvent,0.15232,0,0.7748056663948975,0.9140879245407985,False,0.2709204274784794,False,0.5491704750073598,False,0.19596233036974287,False,0.24623255824211895,False,0.25538291716394274,False,0.268058605898707,True,0.2295021778011033,True,0.2295021778011033,False,0.31240254656015937
1-Deoxy-1-methacrylamido-D-glucitol,Styrene,methanol,50.0,free radical,solvent,0.01045,0,0.7024696123716266,0.9030785640507986,False,0.21169081132202125,False,0.5047356076714764,True,0.12654536694633978,False,0.18328811199272246,False,0.1903351592021927,False,0.22267122303095668,True,0.21825298781199717,True,0.21825298781199717,False,0.28419871940291636
1-Deoxy-1-methacrylamido-D-glucitol,Methyl methacrylate,methanol,50.0,free radical,solvent,0.1512,0,0.48074975901218625,0.6575702790277942,False,0.3627114783730014,False,0.6275894273071425,False,0.21220794795302636,False,0.33511820527737496,False,0.3241253864958228,True,0.14180395747514507,False,0.2584539679691833,False,0.2584539679691833,True,0.18884751954132334
Acrylamide,Methyl Vinyl Ketone,ethanol,60.0,free radical,solvent,1.0384,1,0.7562863621077757,0.5833691764456171,False,0.49227594884491144,False,0.7959468421179531,False,0.3002066559436156,False,0.4584415411265624,False,0.4563415161678451,True,0.18025586661574813,True,0.10596551825777774,True,0.10596551825777774,True,0.0978390050265589
Methacrylamide,Methyl Vinyl Ketone,dioxane,60.0,free radical,solvent,0.8844999999999998,0,0.5184695801661349,0.8269045353110199,False,0.19082826594256302,False,0.47390133641031457,True,0.0769931266132137,False,0.16195322593455982,False,0.1516603329578953,True,0.16248976520489783,False,0.25950759696253123,False,0.25950759696253123,True,0.25316087245984104
"N,N'-dimethylacrylamide",Methyl Vinyl Ketone,dioxane,60.0,free radical,solvent,0.247,0,0.5400873745636743,0.8825483597294193,True,0.1359919036425488,False,0.43051328581726805,True,0.07157146473405548,True,0.10490485799278745,True,0.09654778654593445,True,0.20027732967697115,False,0.2773766134479767,False,0.2773766134479767,False,0.29010792920003453
methyl acrylate,acrylonitrile,1-butyl-3-methylimidazolium tetrafluoroborate,338.0,free radical,solvent,0.2448,0,0.5690811715858739,0.6917621397311804,False,0.3289180469433616,False,0.6181957120383373,True,0.1470004612400185,False,0.29714110798171556,False,0.2895098386338359,True,0.04807037266938006,True,0.1684168785689247,True,0.1684168785689247,True,0.11992544925877618
Acrylonitrile,p-Vinylbenzoic acid,dimethylformamide,60.0,free radical,solvent,0.1368,0,0.548716925345063,0.5759676000347825,False,0.4423371220632933,False,0.7225875987619463,False,0.26457188633577444,False,0.41158264353851703,False,0.4028732739469023,True,0.13934473463181854,True,0.21929784571545693,True,0.21929784571545693,True,0.12577232857181614
methyl methacrylate,p-methoxystyrene,benzene,60.0,free radical,solvent,0.0928,0,0.4898274346414964,1.1527455632360488,True,0.1394737785631183,False,0.17760301040638043,False,0.33324808478945667,False,0.1726691905104444,False,0.1785046588117938,False,0.47257713657517364,False,0.5269087159199759,False,0.5269087159199759,False,0.5599807194105039
cyclododecyl acrylate,styrene,tetrahydrofuran,60.0,free radical,solvent,0.153,0,0.36914509137793855,1.3783246859819644,False,0.39270300390959273,True,0.10545224301395593,False,0.5869759715109226,False,0.4264846834840493,False,0.43028441231514686,False,0.7244263591378776,False,0.7827406728793478,False,0.7827406728793478,False,0.8132453732363509
ethyl acrylate,styrene,toluene,40.0,free radical,solvent,0.08664,0,0.2665511687952182,1.2244392326983025,False,0.33057701167492504,True,0.10495389163227552,False,0.5082312930704052,False,0.361668084842902,False,0.358816565192539,False,0.6326865009726741,False,0.7140657126939622,False,0.7140657126939622,False,0.7235221887035227
Methyl acrylate,2-Isopropenyl-2-oxazoline,Dimethylformamide,60.0,free radical,solvent,0.135,0,0.5078815571512448,0.7306434914399358,False,0.28747358310147575,False,0.5626170490248514,True,0.13699706879255177,False,0.25877979698258974,False,0.2484305347323624,True,0.1138383269188137,True,0.2335580591479028,True,0.2335580591479028,True,0.19234241890216036
Methyl acrylate,2-Isopropenyl-2-oxazoline,Dimethylformamide,85.0,free radical,solvent,0.861,0,0.5836611598591046,0.7193589962309952,False,0.30409895183484936,False,0.5976246436321051,True,0.11765939112332445,False,0.27166495158198833,False,0.26492367453626686,True,0.039675393837801526,True,0.15702225695111016,True,0.15702225695111016,True,0.1281468998491713
3-(4-vinylphenoxy)phthalide,acrylonitrile,"N,N-dimethylformamide",45.0,free radical,solvent,0.0253,0,0.9015183291671454,0.84015600485184,False,0.4167449524083851,False,0.6938986899496709,False,0.3066758448501302,False,0.3905994032657235,False,0.3985943514628966,False,0.3184349153085934,True,0.22400501197363218,True,0.22400501197363218,False,0.32151256769664766
alpha-methylene-gamma-butyrolactone,styrene,"N,N-dimethylformamide",60.0,free radical,solvent,0.1218,0,0.5523548926957936,0.8286872761077518,False,0.1910001905071711,False,0.4846860959642076,True,0.04321862952662669,False,0.15926448633629142,False,0.15163142063471852,True,0.14612142684739704,True,0.232705433248736,True,0.232705433248736,True,0.23658503353868854
acrylamide,n-butyl acrylate,dimethylformamide,70.0,free radical,solvent,0.43424,0,0.4516770907592751,0.5971760647429637,False,0.42671503259494015,False,0.6824092542828833,False,0.2788741919403083,False,0.40009229143090197,False,0.3886058396638395,True,0.19323685838431584,False,0.2997495751010926,False,0.2997495751010926,True,0.21573309850299102
p-ethoxystyrene,methyl methacrylate,toluene,50.0,free radical,solvent,0.0887999999999999,0,0.39773560139682,1.2865724193989114,False,0.2972931942462804,True,0.04053595307062117,False,0.4913649991807662,False,0.3311231812668068,False,0.3345296640057144,False,0.6284442701196209,False,0.6885611009050852,False,0.6885611009050852,False,0.7174215857731931
styrene,stearyl methacrylate,benzene,50.0,free radical,solvent,1.212526,1,0.4260411047312784,1.2055551545292045,False,0.2121272445447397,True,0.09502480045778074,False,0.40585095608140664,False,0.2459672474916008,False,0.24893635701350256,False,0.5426444632570567,False,0.6043205200079446,False,0.6043205200079446,False,0.631710669621388
styrene,stearyl methacrylate,benzene,50.0,free radical,solvent,0.950232,0,0.4260411047312784,1.2055551545292045,False,0.2121272445447397,True,0.09502480045778074,False,0.40585095608140664,False,0.2459672474916008,False,0.24893635701350256,False,0.5426444632570567,False,0.6043205200079446,False,0.6043205200079446,False,0.631710669621388
styrene,stearyl methacrylate,benzene,50.0,free radical,solvent,0.89658,0,0.4260411047312784,1.2055551545292045,False,0.2121272445447397,True,0.09502480045778074,False,0.40585095608140664,False,0.2459672474916008,False,0.24893635701350256,False,0.5426444632570567,False,0.6043205200079446,False,0.6043205200079446,False,0.631710669621388
methyl methacrylate,"1,1-diphenylethyl methacrylate",tetrahydrofuran,60.0,free radical,solvent,0.5544,0,0.320246563157391,1.2997316990935401,False,0.34824955192837165,True,0.04725039472584928,False,0.5385291239872738,False,0.3817103795353887,False,0.38253270662496475,False,0.6712471809065287,False,0.7407461824500642,False,0.7407461824500642,False,0.7615562171920405
methyl methacrylate,N-tert-butyl acrylamide,ethyl alcohol,60.0,free radical,solvent,0.7075,0,0.44385001272506946,0.6235549364301277,False,0.4022430186323732,False,0.6552278265356523,False,0.2610441817189779,False,0.3763238566172836,False,0.3644912476506283,True,0.18811483106709342,False,0.300511878051574,False,0.300511878051574,True,0.22222825954876282
N-methacryloyloxyphthalimide,acrylonitrile,dimethylformamide,60.0,free radical,solvent,0.341088,0,0.8104522595417617,0.7418352180046166,False,0.39731808679317665,False,0.697066270314407,False,0.23544945822338145,False,0.3655189571119822,False,0.36864869233056796,True,0.19865001938651225,True,0.09091784453792524,True,0.09091784453792524,True,0.18813606405917138
3-methylthienyl methacrylate,glycidyl methacrylate,dimethylformamide,60.0,free radical,solvent,0.5653271599999999,0,0.8133114499350724,0.8487575708159706,False,0.334602016095802,False,0.6215027104223764,False,0.2187915176129077,False,0.30670607477236217,False,0.3136805651839161,False,0.24795311654544933,True,0.17807868502998048,True,0.17807868502998048,False,0.2710241908553077
"4-Cyclopentene-1,3-dione",Vinylidene Chloride,benzene,65.0,free radical,solvent,0.36,0,0.5945333083289113,0.8137785107884531,False,0.21556881911918668,False,0.5161924016635066,True,0.022707697640624358,False,0.18210770150526648,False,0.17759596190735671,True,0.11834642678326576,True,0.19061421431563483,True,0.19061421431563483,True,0.20541500881039648
Maleic anhydride,Diphenyl vinyl phosphate,benzene,60.0,free radical,solvent,0.0,0,0.4739777473951144,1.1014992833840949,True,0.09788051786930416,False,0.2065059554392132,False,0.29128475730482195,True,0.1316566598575041,True,0.13438328680305203,False,0.42845887967178176,False,0.49060210276469307,False,0.49060210276469307,False,0.5172669900051986
Methylmethacrylate,N-vinylcarbazole,methanol,55.0,free radical,solvent,0.4275,0,0.7928502144339614,0.8977594929462163,False,0.293950085711451,False,0.5735002323134025,False,0.20725121450117126,False,0.2685167951351684,False,0.27718189327596116,False,0.2666050676558224,True,0.21729432897928663,True,0.21729432897928663,False,0.3042166577854682
styrene,alpha-methylstyrene,toluene,60.0,free radical,solvent,0.7056000000000001,0,0.3667452611251874,1.3774973102121515,False,0.39290035137372664,True,0.10443284845659559,False,0.5871405276491627,False,0.42669393020855045,False,0.43040655631175867,False,0.7244737018711793,False,0.783143813099416,False,0.783143813099416,False,0.8133552618378924
t-Butyl acrylate,2-Hydroxyethyl methacrylate,"N,N-Dimethylformamide",50.0,free radical,solvent,0.91392,0,0.6525809646740037,0.8773971008121776,False,0.1899574343916295,False,0.4926411514776953,True,0.07074667728671025,False,0.15761212085705392,False,0.16060281882212507,True,0.18337526540140128,True,0.20786436544145587,True,0.20786436544145587,False,0.25653078711960015
methyl methacrylate,styrene,toluene,60.0,free radical,solvent,0.2968,0,0.2771172785203307,1.1863408713055812,False,0.29939386003484303,True,0.1197515221202896,False,0.47261321740520074,False,0.3294478679894722,False,0.32563708795750773,False,0.595236275841228,False,0.6786752143461383,False,0.6786752143461383,False,0.6860332331325932
"1-(p-Allyloxyphenyl)-1,1,3,3,3-pentamethyldisiloxane",Styrene,benzene,80.0,free radical,solvent,0.4679999999999999,0,0.38734966598203724,1.2498994880248575,False,0.269709227959557,True,0.036445399833677436,False,0.46257424356390064,False,0.3034899990653435,False,0.3056951606668053,False,0.5981160048874498,False,0.662341976137294,False,0.662341976137294,False,0.6876913941614359
"1,3-Bis(p-allyloxyphenyl)-1,1,3,3-tetramethyldisiloxane",Styrene,benzene,80.0,free radical,solvent,0.426,0,0.40661314789216424,1.2834330615623777,False,0.29074632307295634,True,0.04825771210309532,False,0.4849765034486234,False,0.3245482160996728,False,0.3282635412826075,False,0.6224491856735715,False,0.6814785034779316,False,0.6814785034779316,False,0.7112247283690156
itaconic anhydride,styrene,benzene,68.5,free radical,solvent,0.0117,0,0.5301445690878699,1.107780257650686,True,0.09032070274560934,False,0.2377990457542656,False,0.2789093708905217,True,0.12071086285263757,True,0.1295164599574941,False,0.41928702617177754,False,0.4684942202532691,False,0.4684942202532691,False,0.5051876458907445
itaconic anhydride,styrene,tetrahydrofuran,65.0,free radical,solvent,0.06,0,0.4173752193729558,1.2891197211900864,False,0.29183571657254687,True,0.06006346119066612,False,0.4861910298442798,False,0.3255459817520477,False,0.32980443445452223,False,0.624283979334949,False,0.6813341677964804,False,0.6813341677964804,False,0.7126961646947751
Benzyl Methacrylate,"3,3-Bis(ethoxycarbonyl)propyl Vinyl Ether",benzene,60.0,free radical,solvent,0.5599999999999999,0,0.4417072064951672,1.1984273082202692,False,0.19882599501512147,True,0.1112617304342712,False,0.3930143197621959,False,0.23264557253865253,False,0.23631097872053836,False,0.530603672374249,False,0.5902197244714172,False,0.5902197244714172,False,0.6192770022316104
methacrylic acid,"2,3,4,5,6-pentafluorostyrene",xylene,90.0,free radical,solvent,0.9758,0,0.4155477125436168,1.2939596724092017,False,0.2970086517312219,True,0.0597955666963821,False,0.49136410091634053,False,0.33071795231331963,False,0.33497687759676925,False,0.6294541565661076,False,0.6864656458726134,False,0.6864656458726134,False,0.7178695918226513
methacrylic acid,"2,3,4,5,6-pentafluorostyrene",xylene,90.0,free radical,solvent,0.09744,0,0.4155477125436168,1.2939596724092017,False,0.2970086517312219,True,0.0597955666963821,False,0.49136410091634053,False,0.33071795231331963,False,0.33497687759676925,False,0.6294541565661076,False,0.6864656458726134,False,0.6864656458726134,False,0.7178695918226513
"2,2,2-trifluoroethyl methacrylate",vinylidene cyanide,dimethylformamide,75.0,free radical,solvent,0.036,0,0.5654658206263637,0.5915450839959692,False,0.4280627918544495,False,0.7122294538830637,False,0.24669668028974678,False,0.396741481923138,False,0.3885901867000321,True,0.11777798599602697,True,0.19701092473227722,True,0.19701092473227722,True,0.1048859326418745
styrene,acrylamide,dimethyl sulfoxide,90.0,free radical,solvent,0.3216,0,0.5414515075233077,0.9890375617041657,True,0.0332699753891855,False,0.3375651222204712,True,0.16163414511491841,True,0.0023204849683021466,True,0.017514113674527303,False,0.3010730854491205,False,0.3595149417866143,False,0.3595149417866143,False,0.38835267964636117
styrene,"2-methacrylamido-2-hydroxymethyl-1,3-propanediol",dimethylformamide,60.0,free radical,solvent,0.6063,0,0.5765428546346105,0.9570205263950533,True,0.07992278244712214,False,0.38364766799259664,True,0.12192122704585695,True,0.04774252321130233,True,0.0533419818479372,False,0.26257911310700693,False,0.31377166321386285,False,0.31377166321386285,False,0.3475280174618647
Methyl alpha-Trifluoromethylacrylate,p-Chlorostyrene,benzene,60.0,free radical,solvent,0.0441,0,0.545388814340939,0.9692491596190648,True,0.052723415036429806,False,0.356429106761802,True,0.14168444885948753,True,0.019054948030231042,True,0.01993220397834558,False,0.2809313580347088,False,0.3408615466969466,False,0.3408615466969466,False,0.3683566093067899
Methyl methacrylate,1-Ethylcyclopentyl methacrylate,dimethylformamide,80.0,free radical,solvent,1.0647,1,0.43649996111822964,0.6660587484662913,False,0.36241525331276614,False,0.6121339589162195,False,0.23264568337614125,False,0.3375736875477027,False,0.32525514841356984,True,0.1830311141410144,False,0.30172109030564404,False,0.30172109030564404,True,0.23390382167195484
Methyl methacrylate,2-Methylbenzyl methacrylate,"1,4-Dioxane",60.0,free radical,solvent,0.7931,0,0.43400334719754624,1.059065843814438,True,0.09948784614873801,False,0.22686347059254292,False,0.27462532712061555,True,0.12771916326831323,True,0.12365211968157022,False,0.4051073543699927,False,0.4796151638595321,False,0.4796151638595321,False,0.49554131557095343
Methyl methacrylate,4-Methylbenzyl methacrylate,"1,4-Dioxane",60.0,free radical,solvent,0.7469,0,0.39871467666549637,1.0302096437996144,True,0.1263678900899863,False,0.24626566478564124,False,0.27568904026270213,True,0.14738035507431763,True,0.1389728545548809,False,0.3977778681445043,False,0.4817566652246182,False,0.4817566652246182,False,0.48861892608400853
butyl acrylate,styrene,toluene,80.0,free radical,solvent,0.191592,0,0.40774802767976254,1.2381161032499794,False,0.2494612145268787,True,0.05978584184764076,False,0.4430813419907827,False,0.28329912802500234,False,0.28614810666078666,False,0.5795857109677792,False,0.6416529414458152,False,0.6416529414458152,False,0.6687957534845747
butyl acrylate,styrene,toluene,80.0,free radical,solvent,0.233392,0,0.40774802767976254,1.2381161032499794,False,0.2494612145268787,True,0.05978584184764076,False,0.4430813419907827,False,0.28329912802500234,False,0.28614810666078666,False,0.5795857109677792,False,0.6416529414458152,False,0.6416529414458152,False,0.6687957534845747
Acrylonitrile,1-Vinyltetrazole,dimethylformamide,65.0,free radical,solvent,0.1938,0,0.6349696275039852,0.5583525864371772,False,0.47239519545412806,False,0.7662271349694666,False,0.28100781469243796,False,0.4395366112089863,False,0.4334386857284335,True,0.1403741127199844,True,0.16498100093291113,True,0.16498100093291113,True,0.07013859089111694
Methyl Methacrylate,1-Vinyltetrazole,dimethylformamide,65.0,free radical,solvent,1.9372,1,0.8360669645290517,0.8846411692648894,False,0.3388066357274338,False,0.615026896133793,False,0.2459629559197573,False,0.31364002719428713,False,0.3223457936442799,False,0.2882387024776017,True,0.2203011022680521,True,0.2203011022680521,False,0.3135131763246371
Furfuryl methacrylate,Methyl methacrylate,benzene,60.0,free radical,solvent,0.8925,0,0.4211689653946545,1.039817247262195,True,0.10564109688988006,False,0.24152889083435722,False,0.2674221795433392,True,0.12963434537915455,True,0.12295729724010722,False,0.39423587728184334,False,0.47334594422892134,False,0.47334594422892134,False,0.4849715345062447
Butyl Methacrylate,2-Hydroxyethyl Methacrylate,dimethylformamide,50.0,free radical,solvent,2.8202,1,0.5464327024183814,0.8558198455883876,False,0.16330458682836016,False,0.4574698059739058,True,0.05214900886848414,True,0.13180204183300256,True,0.12390437176813726,True,0.17321216108046267,False,0.25449747569060105,False,0.25449747569060105,False,0.2633415106836673
Norbornadiene,Vinyl acetate,benzene,60.0,free radical,solvent,1.04,1,0.460292431832166,1.1013435130169993,True,0.10546751633714015,False,0.19937456672126141,False,0.2970863591051648,True,0.13887283979857723,True,0.14027162329605045,False,0.43306774762637773,False,0.4979559658642017,False,0.4979559658642017,False,0.522360413856383
acrylamide,styrene,ethanol,50.0,free radical,solvent,0.432,0,0.495554937790985,0.715601312423174,False,0.3034171281317758,False,0.5740926539689817,True,0.1564447430747049,False,0.27542141910643464,False,0.26463729131625435,True,0.1225843110998513,False,0.24350276931657083,False,0.24350276931657083,True,0.19488887195201895
9-(4-vinylbenzyl)-9H-carbazole,methyl methacrylate,dimethylformamide,80.0,controlled radical,solvent,0.54,0,0.3475903824184941,1.1808784873226321,False,0.24068346137171465,True,0.093197408734606,False,0.4239719095084287,False,0.2726561497759694,False,0.27102564705163423,False,0.5532497039557097,False,0.6287021461852531,False,0.6287021461852531,False,0.6439279772433864
acrylamide,styrene,isopropanol and water,50.0,free radical,solvent,0.1664,0,0.6224109178386839,0.4236347401936504,False,0.6020266930242603,False,0.8894536427362855,False,0.4137670208599995,False,0.569844215991358,False,0.5626945412927316,False,0.27396879494997733,False,0.28798572930911676,False,0.28798572930911676,True,0.20235141448156485
acrylamide,styrene,t-butanol and water,50.0,free radical,solvent,2.175,1,0.5731472040986553,0.4999598671279762,False,0.5199638679987822,False,0.8023491823461171,False,0.33722395038220143,False,0.48863503098834177,False,0.4804898231405968,True,0.20235141448156488,False,0.24944140186621186,False,0.24944140186621186,True,0.1527683418285288
methyl methacrylate,2-vinyl-5-methyl furan,methanol,65.0,free radical,solvent,0.2047,0,0.6695856313859548,0.7488605398851181,False,0.30545781966506447,False,0.6093090660130139,True,0.11515679038848915,False,0.2716280639549883,False,0.2697965798538627,True,0.07361555220908134,True,0.091391492400345,True,0.091391492400345,True,0.12768806358862164
isobutyl methacrylate,2-vinyl-5-methyl furan,methanol,65.0,free radical,solvent,0.0936,0,0.6834814598681489,0.8049087866372883,False,0.26559982878758603,False,0.5695802533311519,True,0.09407418222003253,False,0.23233408295600472,False,0.2331351353050351,True,0.12638374992820364,True,0.1290843241946703,True,0.1290843241946703,True,0.18451152583086924
n-butyl acrylate,2-vinyl-5-methyl furan,methanol,65.0,free radical,solvent,0.0468,0,0.7395926983790988,0.8096633679966689,False,0.2992285399894107,False,0.599587154420657,True,0.1471923741268789,False,0.26747621934515536,False,0.27085988415178097,True,0.16627615190102005,True,0.12203553776283244,True,0.12203553776283244,True,0.20227877218798004
styrene,alpha-methylstyrene,toluene,50.0,free radical,solvent,1.0688,1,0.3364334200420434,1.3820111082957278,False,0.410023799061939,True,0.11109539056819316,False,0.6036444809002744,False,0.4438655644877968,False,0.44670566250845717,False,0.7396614293855366,False,0.8018444097328283,False,0.8018444097328283,False,0.8291316225573522
styrene,alpha-methylstyrene,toluene,50.0,free radical,solvent,0.9405,0,0.3364334200420434,1.3820111082957278,False,0.410023799061939,True,0.11109539056819316,False,0.6036444809002744,False,0.4438655644877968,False,0.44670566250845717,False,0.7396614293855366,False,0.8018444097328283,False,0.8018444097328283,False,0.8291316225573522
styrene,alpha-methylstyrene,toluene,50.0,free radical,solvent,0.74,0,0.3364334200420434,1.3820111082957278,False,0.410023799061939,True,0.11109539056819316,False,0.6036444809002744,False,0.4438655644877968,False,0.44670566250845717,False,0.7396614293855366,False,0.8018444097328283,False,0.8018444097328283,False,0.8291316225573522
styrene,alpha-methylstyrene,toluene,50.0,free radical,solvent,0.8374,0,0.3364334200420434,1.3820111082957278,False,0.410023799061939,True,0.11109539056819316,False,0.6036444809002744,False,0.4438655644877968,False,0.44670566250845717,False,0.7396614293855366,False,0.8018444097328283,False,0.8018444097328283,False,0.8291316225573522
acrylonitrile,sodium p-styrenesulfonate,dimethyl sulfoxide,45.0,free radical,solvent,0.0825,0,0.4855578328493588,0.7841279277134033,False,0.2367285714477882,False,0.5051921658093251,True,0.12119850595140301,False,0.21042448366689678,False,0.19866511568153308,True,0.1572307861921412,False,0.2697353630225281,False,0.2697353630225281,True,0.24314989916194424
Maleic Anhydride,Methyl Acrylate,dimethylformamide,60.0,free radical,solvent,91.0,2,0.8871918180737475,0.7770170220017538,False,0.4352887897537566,False,0.7244679640920606,False,0.2983145566553569,False,0.40619506692926083,False,0.41206686954250776,False,0.2818263908625727,True,0.17438560929689498,True,0.17438560929689498,False,0.2704977319824454
alpha-Methoxystyrene,Methyl methacrylate,Tetrahydrofuran,60.0,free radical,solvent,0.0,0,0.26083664794985445,1.2722625334037057,False,0.3665081678146643,True,0.09859577367845354,False,0.5490698468972113,False,0.39863888424098953,False,0.3969840828518953,False,0.6760255192555861,False,0.754277035187569,False,0.754277035187569,False,0.7668545675353097
Lauryl Methacrylate,2-Hydroxyethyl Methacrylate,benzene,60.0,free radical,solvent,7.839999999999999,1,0.4569144793711925,1.1402301760962548,True,0.13996588398650542,False,0.16497601075237064,False,0.3336046539672246,False,0.17379231426497824,False,0.1767059953323972,False,0.4706732298608483,False,0.5324760470651962,False,0.5324760470651962,False,0.5595667048663219
Lauryl Methacrylate,2-Hydroxyethyl Methacrylate,tert-Butyl alcohol,60.0,free radical,solvent,0.8,0,0.45093565106019445,0.9724746150289404,True,0.08628451569875804,False,0.31445597031579753,False,0.19801264800739146,True,0.09007494960140537,True,0.07690846786878895,False,0.32108787467761746,False,0.40400017321152415,False,0.40400017321152415,False,0.4118982650367973
Lauryl Methacrylate,2-Hydroxyethyl Methacrylate,dimethylformamide,60.0,free radical,solvent,0.6400000000000001,0,0.5964722799741653,0.8954452150157345,False,0.1418367819199356,False,0.44607270668622356,True,0.05898333896670009,True,0.1080835307416667,True,0.1077174885700731,True,0.19894059810271858,False,0.25110618530452194,False,0.25110618530452194,False,0.2829173234894299
Styrene,"1-Chloro-1,3-butadiene",toluene,70.0,free radical,solvent,0.121,0,0.4625793248663413,1.1047766635725738,True,0.10687228473244208,False,0.19760496371875008,False,0.2991327866297888,True,0.14043232805346828,True,0.1422326199510347,False,0.43545544233608374,False,0.4995498755648612,False,0.4995498755648612,False,0.5246264574022553
2-hydroxypropyl methacrylate,acryloyl chloride,dioxane,60.0,free radical,solvent,0.5760000000000001,0,0.6797542159679645,0.9781146448360134,False,0.16024910769714984,False,0.4356106194476505,True,0.16512288404308118,True,0.14030874257817655,False,0.1521302477176268,False,0.28754415406240164,False,0.296142166112329,False,0.296142166112329,False,0.3571560519333698
2-hydroxypropyl methacrylate,acryloyl chloride,dioxane,60.0,free radical,solvent,0.5191,0,0.6797542159679645,0.9781146448360134,False,0.16024910769714984,False,0.4356106194476505,True,0.16512288404308118,True,0.14030874257817655,False,0.1521302477176268,False,0.28754415406240164,False,0.296142166112329,False,0.296142166112329,False,0.3571560519333698
Maleic anhydride,Vinyl acetate,benzene,75.0,free radical,solvent,0.000165,0,0.41634940105263624,0.8206530785484779,False,0.22470067450365327,False,0.4562330877305689,True,0.179215629239704,False,0.20748840684614778,False,0.19295316135282148,False,0.23523751564945103,False,0.3475555459294896,False,0.3475555459294896,False,0.3195802628405195
Atropic acid methyl ester,Methyl acrylate,benzene,60.0,free radical,solvent,0.055,0,0.48156926188430177,1.0623059131335573,True,0.06192249082843103,False,0.24381602361884513,False,0.2526488356185914,True,0.09480910087557086,True,0.09581231720676342,False,0.38902144130414823,False,0.45369962010305553,False,0.45369962010305553,False,0.4781160516671522
Methyl Methacrylate,3-Methylstyrene,toluene,70.0,free radical,solvent,0.2544,0,0.3315257450744095,1.2054163649332537,False,0.26922550312809634,True,0.07341344491080609,False,0.4532753323025032,False,0.30144358123479487,False,0.3000694890786114,False,0.582507424502137,False,0.6579195442822215,False,0.6579195442822215,False,0.6732023657024412
methyl methacrylate,N-(2-thiazolyl)methacrylamide,dimethyl formamide,70.0,free radical,solvent,1.6048,1,0.8138717945907615,0.7565417439801828,False,0.38978630004730236,False,0.6881724567934495,False,0.23314145713080484,False,0.3584118167195023,False,0.36209019287728084,True,0.20571064265031463,True,0.10289393910551278,True,0.10289393910551278,True,0.20039524402829684
vinyl acetate,N-(2-thiazolyl)methacrylamide,dimethyl formamide,70.0,free radical,solvent,0.32,0,0.45547778085187374,0.5411338231609207,False,0.4814717404779475,False,0.7384606814225124,False,0.3265888154810408,False,0.4542063944338632,False,0.4430678792778682,False,0.22470070715023505,False,0.3177626263609863,False,0.3177626263609863,True,0.22530281738792554
styrene,acrylamide,dioxane,70.0,free radical,solvent,1.7526,1,0.4791328765274106,0.9964802922766604,True,0.050018494177649954,False,0.3016130891632878,False,0.1974656466235647,True,0.06129215554992635,True,0.051791343328378564,False,0.3291116984331824,False,0.40262237622834673,False,0.40262237622834673,False,0.4192416250322739
2-Phenylethyl Acrylate,Methyl Acrylate,ethyl acetate,70.0,free radical,solvent,0.3,0,0.5901540429659544,1.0185315106430786,True,0.06570434791313307,False,0.34373373749872665,False,0.18210864737067683,True,0.05920978917192822,True,0.07436068712139415,False,0.3220896624627517,False,0.3621880850610927,False,0.3621880850610927,False,0.4044975586282555
styrene,acrylamide,ethanol,70.0,free radical,solvent,0.432,0,0.556178619957272,0.7065737162560202,False,0.31267855716076987,False,0.5999283534250138,True,0.13554786331345203,False,0.28135864198506727,False,0.2732108917902803,True,0.06129215554992629,True,0.18225458473418632,True,0.18225458473418632,True,0.13914139254696675
methyl acrylate,p-styrenesulfonyl fluoride,butanone,75.0,free radical,solvent,0.8,0,0.4351376950267582,1.1026629307382885,True,0.12331587320154641,False,0.18669868416538624,False,0.3104254758968575,False,0.15562295716950117,False,0.15499281106351695,False,0.44398385076756247,False,0.5134489868533876,False,0.5134489868533876,False,0.5339608867968788
2-hydroxyethyl methacrylate,styrene,isopropyl alcohol,60.0,free radical,solvent,0.3127,0,0.6621072325458883,1.0356266890342014,True,0.13882178968942613,False,0.3848560368977296,False,0.21018915720815154,True,0.1314930453917354,True,0.1461964761312205,False,0.3411026353151959,False,0.356042526223761,False,0.356042526223761,False,0.41442460441298634
Styrene,"N,N-Dimethylacrylamide",toluene,50.0,free radical,solvent,0.2829,0,0.3627494608846787,1.2560970373301243,False,0.28811667153175613,True,0.017541742988141117,False,0.47953378645307454,False,0.3217161710959375,False,0.32305002119601806,False,0.6136138633477867,False,0.6808337696224925,False,0.6808337696224925,False,0.7036110601691171
N-vinyl-2-pyrrolidone,cyclohexyl acrylate,dioxane,75.0,free radical,solvent,0.1582339999999999,0,0.47064615646866986,1.0349523612367941,True,0.05652636284259315,False,0.2630389116257638,False,0.2341366311831467,True,0.08385979896773885,True,0.0803572975530283,False,0.3677017683915396,False,0.4379547128055196,False,0.4379547128055196,False,0.4575615438180322
octadecyl acrylate,decyl acrylate,toluene,60.0,free radical,solvent,0.81,0,0.3915876246327145,1.2405283298711194,False,0.2594872732594785,True,0.04593142598872036,False,0.452297981056111,False,0.293259798514234,False,0.2954246665543638,False,0.5878361430682206,False,0.6521482575481015,False,0.6521482575481015,False,0.677406794004657
t-Butyl acrylate,2-Hydroxyethyl methacrylate,"N,N-Dimethylformamide",50.0,free radical,solvent,0.91392,0,0.6525809646740037,0.8773971008121776,False,0.1899574343916295,False,0.4926411514776953,True,0.07074667728671025,False,0.15761212085705392,False,0.16060281882212507,True,0.18337526540140128,True,0.20786436544145587,True,0.20786436544145587,False,0.25653078711960015
butyl acrylate,styrene,benzonitrile,50.0,free radical,solvent,0.24222,0,0.45982117914127085,0.9509588075347891,True,0.09286475011081388,False,0.3376337733404886,True,0.17703451509438292,True,0.08787188860776185,True,0.07310358549233928,False,0.29809572813333707,False,0.3826353274348087,False,0.3826353274348087,False,0.38892667548893745
"2-Methylene-4-phenyl-1,3-dioxolane",Acrylonitrile,benzene,80.0,zwitterionic,solvent,0.756,0,0.6271708491637241,0.7920832614262178,False,0.2478421470296311,False,0.5507057981598363,True,0.05491001105336889,False,0.21403381552186268,False,0.21114423429953844,True,0.09510403703293527,True,0.15188152015696907,True,0.15188152015696907,True,0.17523341208671356
Divinyl Sulfone,"N,N-Divinylaniline",benzene,60.0,free radical,solvent,0.00126,0,0.5397717212826219,1.133038397867145,True,0.11641145097585381,False,0.22848103114415544,False,0.3016286532263829,True,0.14558570254721914,False,0.15522612656246,False,0.4422524554925653,False,0.4872880020298971,False,0.4872880020298971,False,0.5271691423162469
Maleic Anhydride,Divinyl Ether,dimethylformamide,50.0,free radical,solvent,0.022512,0,0.6618444896974797,0.7981367640072655,False,0.2589533649457461,False,0.5632554998849548,True,0.07718042216277898,False,0.22526869521645737,False,0.22465463917140208,True,0.11021468280298102,True,0.13388021775194317,True,0.13388021775194317,True,0.17696613026108718
methacrylonitrile,vinyl cinnamate,cyclohexanone,70.0,free radical,solvent,0.6,0,0.4103983891893585,1.2097737693413835,False,0.22343879859052312,True,0.08146402253751206,False,0.4163810051223224,False,0.2572162429172897,False,0.25947518244154816,False,0.552249707952215,False,0.6160990069097204,False,0.6160990069097204,False,0.641685519305579
styrene,ethyl alpha-hydroxymethylacrylate,ethyl acetate,60.0,free radical,solvent,0.2662079999999999,0,0.46087606559655875,1.088021830125861,True,0.09484796317061321,False,0.211252994673104,False,0.2849987309975505,True,0.12781346919650913,True,0.12843962692027844,False,0.42045721704635736,False,0.4866129482359955,False,0.4866129482359955,False,0.5099077731195213
styrene,glycidyl methacrylate,chlorobenzene,60.0,free radical,solvent,0.2385,0,0.30256241716314036,1.2557212446215131,False,0.32545332112283837,True,0.059525707550061396,False,0.5110778131963439,False,0.3580908751939321,False,0.35724189419946323,False,0.6405514615914719,False,0.7154257264727332,False,0.7154257264727332,False,0.7312492293191323
3-ethyl-1-vinyl-2-pyrrolidone,N-vinylpyrrolidone,ethanol,70.0,reversible addition-fragmentation chain transfer,solvent,1.015895,1,0.41161884936843757,0.6023756094662092,False,0.43032052869242976,False,0.6729725258782131,False,0.2972971572560808,False,0.405836956435484,False,0.39340511021799285,False,0.22618062555553184,False,0.33680207033312676,False,0.33680207033312676,True,0.25514409462845106
"2,3-Dihydroxypropylmethacrylate",2-Hydroxyethylmethacrylate,2-Methoxyethanol,60.0,free radical,solvent,1.0065000000000002,1,0.8406406444189747,0.8119061950639823,False,0.3772251612996502,False,0.6666863157896535,False,0.24700199538736767,False,0.348350121389475,False,0.35448891498725316,False,0.2513599614693486,True,0.16152150970778625,True,0.16152150970778625,False,0.2585288130218648
"2,3-Dihydroxypropylmethacrylate",2-Hydroxyethylmethacrylate,2-Methoxyethanol,60.0,free radical,solvent,0.9955000000000002,0,0.8406406444189747,0.8119061950639823,False,0.3772251612996502,False,0.6666863157896535,False,0.24700199538736767,False,0.348350121389475,False,0.35448891498725316,False,0.2513599614693486,True,0.16152150970778625,True,0.16152150970778625,False,0.2585288130218648
Styrene,1-Acrylamido-1-deoxy-D-glucitol,methanol,50.0,free radical,solvent,0.15232,0,0.7748056663948973,0.9140879245407982,False,0.2709204274784794,False,0.5491704750073599,False,0.19596233036974267,False,0.24623255824211893,False,0.2553829171639427,False,0.2680586058987068,True,0.22950217780110305,True,0.22950217780110305,False,0.31240254656015914
Methyl methacrylate,1-Acrylamido-1-deoxy-D-glucitol,methanol,50.0,free radical,solvent,0.8693199999999999,0,0.5530858130354573,0.6685796395177944,False,0.35023140630587996,False,0.6349930780949832,True,0.17302387463963045,False,0.31915152395288704,False,0.31075355301947455,True,0.0699917707904926,True,0.18534529796604182,True,0.18534529796604182,True,0.12250456161484483
N-vinyl succinimide,n-butyl acrylate,benzyl alcohol,80.0,free radical,solvent,0.0386,0,0.47422659614098617,0.4948319672508235,False,0.5252142835604875,False,0.7869081996045195,False,0.3623250850480937,False,0.4969601176084684,False,0.4863962791243169,False,0.24783232173644354,False,0.3262865229885058,False,0.3262865229885058,True,0.229731471131833
Styrene,1-Deoxy-1-methacrylamido-D-glucitol,methanol,50.0,free radical,solvent,0.01045,0,0.7024696123716265,0.9030785640507983,False,0.21169081132202128,False,0.5047356076714765,True,0.12654536694633955,False,0.18328811199272246,False,0.19033515920219268,False,0.22267122303095643,True,0.21825298781199695,True,0.21825298781199695,False,0.2841987194029161
Methyl methacrylate,1-Deoxy-1-methacrylamido-D-glucitol,methanol,50.0,free radical,solvent,0.1512,0,0.4807497590121869,0.6575702790277949,False,0.36271147837300066,False,0.627589427307142,False,0.21220794795302544,False,0.33511820527737424,False,0.324125386495822,True,0.14180395747514424,False,0.2584539679691826,False,0.2584539679691826,True,0.1888475195413228
N-vinyl succinimide,n-butyl acrylate,benzyl alcohol,80.0,free radical,solvent,0.00824,0,0.47422659614098617,0.4948319672508235,False,0.5252142835604875,False,0.7869081996045195,False,0.3623250850480937,False,0.4969601176084684,False,0.4863962791243169,False,0.24783232173644354,False,0.3262865229885058,False,0.3262865229885058,True,0.229731471131833
p-methoxystyrene,methyl methacrylate,benzene,60.0,free radical,solvent,0.0928,0,0.48982743464149575,1.1527455632360482,True,0.1394737785631178,False,0.17760301040638043,False,0.3332480847894562,False,0.17266919051044397,False,0.1785046588117933,False,0.4725771365751732,False,0.5269087159199757,False,0.5269087159199757,False,0.5599807194105035
"2-oxo-1,3-dioxolan-4-yl)methyl methacrylate",styrene,"N,N-dimethylformamide",60.0,free radical,solvent,0.1392,0,0.5156995951479384,0.9200216400951672,True,0.09800916900398554,False,0.38631825587398305,True,0.11508974495639435,True,0.07159388807888152,True,0.05947436149990101,False,0.24437085415382767,False,0.3212014472776817,False,0.3212014472776817,False,0.33450244706275545
N-vinylpyrrolidone,Isobornyl methacrylate,"1,4-dioxane",60.0,RAFT,solvent,0.0,0,0.38780002776400063,1.0046018032465394,True,0.13727619726718948,False,0.27021318479124057,False,0.2667196072379429,False,0.1529211534346568,True,0.14227846346110853,False,0.3830473002401595,False,0.471925932186926,False,0.471925932186926,False,0.4737222875059137
N-vinylpyrrolidone,Isobornyl methacrylate,"1,4-dioxane",60.0,RAFT,solvent,0.0,0,0.38780002776400063,1.0046018032465394,True,0.13727619726718948,False,0.27021318479124057,False,0.2667196072379429,False,0.1529211534346568,True,0.14227846346110853,False,0.3830473002401595,False,0.471925932186926,False,0.471925932186926,False,0.4737222875059137
acrylonitrile,3-(4-vinylphenoxy)phthalide,"N,N-dimethylformamide",45.0,free radical,solvent,0.0253,0,0.9015183291671476,0.8401560048518419,False,0.4167449524083863,False,0.6938986899496714,False,0.30667584485013244,False,0.39059940326572484,False,0.398594351462898,False,0.31843491530859624,True,0.2240050119736351,True,0.2240050119736351,False,0.32151256769665054
n-butyl acrylate,acrylamide,dimethylformamide,70.0,free radical,solvent,0.43424,0,0.45167709075927476,0.5971760647429628,False,0.4267150325949411,False,0.6824092542828842,False,0.2788741919403092,False,0.40009229143090286,False,0.38860583966384044,True,0.1932368583843166,False,0.2997495751010932,False,0.2997495751010932,True,0.21573309850299144
n-hexyl methacrylate,styrene,benzene,50.0,free radical,solvent,0.163068,0,0.34518432410730615,1.1472040180175258,False,0.2211908012204097,True,0.1269188458456519,False,0.39860661523954793,False,0.251751542841948,False,0.24862978719618212,False,0.5253270896796175,False,0.6042048892478777,False,0.6042048892478777,False,0.6161357014070742
o-Hydroxystyrene,Methyl methacrylate,tetrahydrofuran,60.0,free radical,solvent,0.0693,0,0.2848597083722911,1.2812263203103864,False,0.35620865030810683,True,0.0749848822104576,False,0.542124402743047,False,0.3889413150847987,False,0.3882086586631804,False,0.67146739435132,False,0.746440038771002,False,0.746440038771002,False,0.7621845450711013
stearyl methacrylate,styrene,benzene,50.0,free radical,solvent,1.212526,1,0.4260411047312787,1.2055551545292045,False,0.21212724454473952,True,0.09502480045778097,False,0.40585095608140653,False,0.24596724749160062,False,0.24893635701350242,False,0.5426444632570566,False,0.6043205200079445,False,0.6043205200079445,False,0.6317106696213878
stearyl methacrylate,styrene,benzene,50.0,free radical,solvent,0.950232,0,0.4260411047312787,1.2055551545292045,False,0.21212724454473952,True,0.09502480045778097,False,0.40585095608140653,False,0.24596724749160062,False,0.24893635701350242,False,0.5426444632570566,False,0.6043205200079445,False,0.6043205200079445,False,0.6317106696213878
stearyl methacrylate,styrene,benzene,50.0,free radical,solvent,0.89658,0,0.4260411047312787,1.2055551545292045,False,0.21212724454473952,True,0.09502480045778097,False,0.40585095608140653,False,0.24596724749160062,False,0.24893635701350242,False,0.5426444632570566,False,0.6043205200079445,False,0.6043205200079445,False,0.6317106696213878
n-hexyl methacrylate,styrene,benzene,50.0,free radical,solvent,0.177215,0,0.34518432410730615,1.1472040180175258,False,0.2211908012204097,True,0.1269188458456519,False,0.39860661523954793,False,0.251751542841948,False,0.24862978719618212,False,0.5253270896796175,False,0.6042048892478777,False,0.6042048892478777,False,0.6161357014070742
"1,1-diphenylethyl methacrylate",methyl methacrylate,tetrahydrofuran,60.0,free radical,solvent,0.5544,0,0.3202465631573902,1.2997316990935393,False,0.34824955192837137,True,0.04725039472584942,False,0.5385291239872735,False,0.38171037953538844,False,0.3825327066249644,False,0.6712471809065281,False,0.7407461824500637,False,0.7407461824500637,False,0.7615562171920401
styrene,4-(methacryloyloxy)phenylacetic acid,acetic acid,50.0,free radical,solvent,0.1598,0,0.9385772303022099,0.7879130061526131,False,0.4735721416887923,False,0.7556695185569139,False,0.3471276166411247,False,0.44595293021837806,False,0.4529075671183534,False,0.33422339610092,True,0.22473628934440681,True,0.22473628934440681,False,0.3194504487274365
acrylonitrile,N-methacryloyloxyphthalimide,dimethylformamide,60.0,free radical,solvent,0.341088,0,0.8104522595417638,0.7418352180046186,False,0.39731808679317676,False,0.6970662703144068,False,0.2354494582233826,False,0.36551895711198235,False,0.3686486923305683,True,0.19865001938651475,True,0.09091784453792813,True,0.09091784453792813,True,0.1881360640591743
"1,3-Cyclohexadiene",alpha-Chloroacrylonitrile,benzene,60.0,free radical,solvent,0.0,0,0.4461336534315529,0.899970221594964,False,0.14135157193475856,False,0.3832871673763109,True,0.16171389139552916,True,0.12813442838251132,True,0.11302394869887686,False,0.26477028631798133,False,0.3604791173833566,False,0.3604791173833566,False,0.3550653128666139
Diphenyl vinyl phosphate,Maleic anhydride,benzene,60.0,free radical,solvent,0.0,0,0.4739777473951146,1.1014992833840926,True,0.09788051786930214,False,0.2065059554392152,False,0.2912847573048199,True,0.13165665985750205,True,0.13438328680304992,False,0.42845887967177954,False,0.4906021027646911,False,0.4906021027646911,False,0.5172669900051965
N-vinylcarbazole,Methylmethacrylate,methanol,55.0,free radical,solvent,0.4275,0,0.7928502144339603,0.8977594929462152,False,0.2939500857114504,False,0.5735002323134024,False,0.20725121450116984,False,0.26851679513516774,False,0.2771818932759604,False,0.26660506765582087,True,0.21729432897928527,True,0.21729432897928527,False,0.30421665778546675
alpha-methylstyrene,styrene,toluene,60.0,free radical,solvent,0.7056000000000001,0,0.3667452611251875,1.3774973102121513,False,0.3929003513737264,True,0.10443284845659537,False,0.5871405276491625,False,0.4266939302085502,False,0.43040655631175845,False,0.7244737018711791,False,0.7831438130994158,False,0.7831438130994158,False,0.8133552618378922
acrylic acid,4-vinylpyridine,methanol,25.0,free radical,solvent,9.975,1,0.8636633274584742,0.7056593879183456,False,0.460861131240344,False,0.7592723405718423,False,0.29894456055772356,False,0.42932861934997696,False,0.4327226848188803,False,0.2469943135869277,True,0.12749441998503167,True,0.12749441998503167,True,0.21488261925947794
Styrene,"1-(p-Allyloxyphenyl)-1,1,3,3,3-pentamethyldisiloxane",benzene,80.0,free radical,solvent,0.4679999999999999,0,0.38734966598203713,1.2498994880248582,False,0.26970922795955765,True,0.03644539983367692,False,0.46257424356390126,False,0.3034899990653442,False,0.30569516066680597,False,0.5981160048874504,False,0.6623419761372946,False,0.6623419761372946,False,0.6876913941614367
Styrene,"1,3-Bis(p-allyloxyphenyl)-1,1,3,3-tetramethyldisiloxane",benzene,80.0,free radical,solvent,0.426,0,0.40661314789216424,1.2834330615623784,False,0.29074632307295695,True,0.04825771210309546,False,0.48497650344862403,False,0.3245482160996734,False,0.3282635412826081,False,0.6224491856735721,False,0.6814785034779322,False,0.6814785034779322,False,0.7112247283690163
styrene,itaconic anhydride,benzene,68.5,free radical,solvent,0.0117,0,0.5301445690878694,1.1077802576506852,True,0.09032070274560844,False,0.2377990457542659,False,0.2789093708905209,True,0.12071086285263673,True,0.12951645995749322,False,0.4192870261717768,False,0.4684942202532685,False,0.4684942202532685,False,0.5051876458907437
styrene,itaconic anhydride,tetrahydrofuran,65.0,free radical,solvent,0.06,0,0.41737521937295535,1.2891197211900856,False,0.2918357165725462,True,0.06006346119066546,False,0.48619102984427914,False,0.3255459817520471,False,0.32980443445452157,False,0.6242839793349482,False,0.6813341677964798,False,0.6813341677964798,False,0.7126961646947745
N-phenylmaleimide,beta-pinene,tetrahydrofuran,60.0,free radical,solvent,8.146600000000001,1,0.41551696268475785,1.386150147861396,False,0.3842762170301943,True,0.1260019114699133,False,0.5781856361728982,False,0.41760643583392376,False,0.4229884974792624,False,0.7174198874700514,False,0.7691206213545155,False,0.7691206213545155,False,0.8049170390601439
N-phenylmaleimide,beta-pinene,"2,2,2-trifluoroethanol",60.0,free radical,solvent,0.081648,0,0.541526817498332,0.992421174112034,True,0.030452488738631354,False,0.33476151424617756,True,0.16480707496803168,True,0.005274427921296438,True,0.01982482958583966,False,0.30433155615336294,False,0.3623154796147882,False,0.3623154796147882,False,0.3915349106686845
N-phenylmaleimide,beta-pinene,perfluoro-tert-butanol,60.0,free radical,solvent,0.0185725,0,0.3062076578388366,1.357005233403043,False,0.40348698973939956,True,0.09917300832446871,False,0.5952019197065388,False,0.43716606331073227,False,0.4386931988187549,False,0.7289412563378964,False,0.7962467557748966,False,0.7962467557748966,False,0.8190705012624572
