{"smiles": "C#Cc1ccccc1", "ip": 13.564241631122004, "ip_corrected": 8.718241631122003, "ea": 3.6473791487023295, "homo": -0.3882736203067431, "lumo": -0.24208517970776783, "charges": {"1": -0.10039710165937993, "2": -0.02263151406619586, "3": 0.038594072418230235, "4": -0.028468918943649453, "5": -0.028306937556409152, "6": -0.029171608619137417, "7": -0.028310933570539515, "8": -0.028468101365492653, "9": 0.07512322865516388, "10": 0.03234857461859576, "11": 0.02914940879146275, "12": 0.02904066040587076, "13": 0.029172702862238976, "14": 0.032326468029231385}, "dipole": [-0.09602769301091293, 0.01546842556598293, 0.011683123865369047], "global_electrophilicity": 0.7127342036431218, "global_nucleophilicity": -8.718241631122003, "fukui_electrophilicity": {"1": 0.10839100056429563, "2": 0.059004313009703685, "3": 0.08622810792488854, "4": 0.03766218780074335, "5": 0.0314901788545918, "6": 0.07855372292637558, "7": 0.03152340866644165, "8": 0.03763135296343926, "9": 0.10494937484761001, "10": 0.07982681251854051, "11": 0.08481041421073172, "12": 0.09529105195657815, "13": 0.08482320377536745, "14": 0.07981486998067226}, "fukui_nucleophilicity": {"1": 0.11857483766733062, "2": 0.07984860932622542, "3": 0.07049299407007123, "4": 0.03944934235724846, "5": 0.03474717227270966, "6": 0.07353719535671902, "7": 0.03472388510703883, "8": 0.03949678383025492, "9": 0.10709304275974377, "10": 0.0750619918726047, "11": 0.08129331804691939, "12": 0.08931721905432041, "13": 0.08129397505601985, "14": 0.07506963325291355}, "boltzmann_weights": [1.0]}