{"smiles": "C#CC#N", "ip": 16.292697469587665, "ip_corrected": 11.446697469587665, "ea": 3.32639941013979, "homo": -0.43987290217714403, "lumo": -0.2735295772002505, "charges": {"1": -0.04979132028032365, "2": 0.007808905257372864, "3": 0.14230393514892162, "4": -0.20498883049935956, "5": 0.10466731037338606}, "dipole": [-1.4548418213194436, -0.032967220840875944, 0.008780970766701368], "global_electrophilicity": 0.950032653958701, "global_nucleophilicity": -11.446697469587665, "fukui_electrophilicity": {"1": 0.18919211635370353, "2": 0.15729322258180573, "3": 0.1316991712686314, "4": 0.34321779592895385, "5": 0.17859769386690316}, "fukui_nucleophilicity": {"1": 0.16530128879139214, "2": 0.1642880030375929, "3": 0.08709118204112268, "4": 0.41844129473462943, "5": 0.16487823207844415}, "boltzmann_weights": [1.0]}