{"smiles": "C(=Cc1ccccc1)c1ccccc1", "ip": 12.329097075392328, "ip_corrected": 7.483097075392328, "ea": 4.998756093931657, "homo": -0.3695552566378551, "lumo": -0.2667496318312593, "charges": {"1": -0.039195633743605185, "2": -0.039190297165472725, "3": 0.014420113831209377, "4": -0.03343833649104858, "5": -0.029565568673306925, "6": -0.03060425628773348, "7": -0.029701393271726155, "8": -0.03413982271044158, "9": 0.014422630595978425, "10": -0.03413635831500443, "11": -0.029698326797664105, "12": -0.030605693680481723, "13": -0.02956510879610693, "14": -0.03344001879850703, "15": 0.034808967691906244, "16": 0.034804959743785585, "17": 0.031688230944265976, "18": 0.028916917640038967, "19": 0.02895406435551511, "20": 0.028785277314551896, "21": 0.02906039971512411, "22": 0.029061267987253253, "23": 0.028788970176791287, "24": 0.028956996439734463, "25": 0.028910385800965922, "26": 0.03170163249398006}, "dipole": [-0.0002533442958116995, -0.00209402360851236, -0.001115172368097068], "global_electrophilicity": 0.9942623025814693, "global_nucleophilicity": -7.483097075392328, "fukui_electrophilicity": {"1": 0.04259798790326241, "2": 0.04259611437751749, "3": 0.029420890044362366, "4": 0.022667921816096767, "5": 0.01757052764267439, "6": 0.043754328137534874, "7": 0.01876303376517944, "8": 0.023672303345129486, "9": 0.02942361184381527, "10": 0.02367310898398331, "11": 0.01876342356643898, "12": 0.04375556253233246, "13": 0.01757051917990291, "14": 0.022667979222473385, "15": 0.053654853068359376, "16": 0.053660669376989455, "17": 0.03814650071570256, "18": 0.05203426496735916, "19": 0.05973016618249673, "20": 0.05340069964237999, "21": 0.04457905193252927, "22": 0.04457845304830762, "23": 0.05340149182365292, "24": 0.05973046041161481, "25": 0.0520348627934553, "26": 0.03815121433580685}, "fukui_nucleophilicity": {"1": 0.040339532716963764, "2": 0.04034827313745972, "3": 0.030825918982208794, "4": 0.02366202133012011, "5": 0.0196389163978051, "6": 0.04584290371572245, "7": 0.02019468183200624, "8": 0.02495151838826319, "9": 0.03084292033484355, "10": 0.024954734281431745, "11": 0.0201951595174849, "12": 0.04586685378420214, "13": 0.01963938102789934, "14": 0.023661551930802, "15": 0.05000810808804174, "16": 0.050015583576244374, "17": 0.03816056409401707, "18": 0.05102419506174671, "19": 0.058542269792842966, "20": 0.05246645652896556, "21": 0.04431762409442001, "22": 0.04431452341673592, "23": 0.05246489187231437, "24": 0.05853793624759824, "25": 0.0510221193642019, "26": 0.038161360498103536}, "boltzmann_weights": [0.08264606833535049, 0.08263072727473902, 0.08264603889162797, 0.08264609198499684, 0.08263057537006238, 0.0826460739304115, 0.08261379676221109, 0.08261401367357767, 0.08263009290472766, 0.08262003230332776, 0.08262732172269958, 0.0826300946265739, 0.0016837655112894635, 0.0016838025898337171, 0.0016838693020322453, 0.0016838690706307963, 0.0016837657459078158]}