{"smiles": "C=C(C)C(=O)OCCOCC[N+](CC)(CC)CCCS(=O)(=O)[O-]", "ip": 12.21692536802577, "ip_corrected": 7.37092536802577, "ea": 4.006142161142626, "homo": -0.3564539529897278, "lumo": -0.2676456044353846, "charges": {"1": -0.08285401941719814, "2": -0.007512850238306001, "3": -0.11074611992640847, "4": 0.35165165931369335, "5": -0.41904375871285754, "6": -0.25716564852767615, "7": 0.06385649749933921, "8": 0.06846319027942284, "9": -0.32466042404595635, "10": 0.05070934686216764, "11": -0.045304707085443596, "12": 0.10824245594327542, "13": -0.030080388558048177, "14": -0.12054578166354205, "15": -0.02881000319737495, "16": -0.12451309925424364, "17": -0.06144505154243074, "18": -0.06774822825246478, "19": -0.16539748904545748, "20": 1.1933277144160852, "21": -0.6238460271214151, "22": -0.6942049338138838, "23": -0.6995180124517841, "24": 0.06457623187747444, "25": 0.05532227968472627, "26": 0.06614395104275929, "27": 0.05013408796980552, "28": 0.06398151998899071, "29": 0.07523907069636461, "30": 0.06262428037051757, "31": 0.039224849394063, "32": 0.07275556793350758, "33": 0.09969277554741365, "34": 0.0668994946816719, "35": 0.12145354063552927, "36": 0.07586053120873182, "37": 0.0818990516245362, "38": 0.07480931343784694, "39": 0.06185101955699805, "40": 0.06633761796917245, "41": 0.05828473538262634, "42": 0.06785095964615696, "43": 0.10106410321312781, "44": 0.06669011165188846, "45": 0.04864664979611152, "46": 0.08198977945247228, "47": 0.1339380573125397, "48": 0.06158907811391838, "49": 0.06959840022910205, "50": 0.036736108448912175, "51": 0.05553909282740891, "52": 0.04641341884612926}, "dipole": [-0.17365581759456689, -5.737821369674358, -1.4154910160690963], "global_electrophilicity": 0.6493723253282341, "global_nucleophilicity": -7.37092536802577, "fukui_electrophilicity": {"1": 0.08549623619409319, "2": 0.0764117025407984, "3": -0.03582290647457352, "4": 0.07852064869500858, "5": 0.18139459598667734, "6": 0.07183737503228815, "7": -0.022052136294901853, "8": -0.008286287418997437, "9": 0.0005591281280891147, "10": -0.005181270890686658, "11": -0.00017014705513788975, "12": 0.009940335241413911, "13": -0.0008162000722449735, "14": -0.004900697233712406, "15": -0.002192577424335259, "16": -0.0017547456806016326, "17": -0.0022951123956896913, "18": -0.0023673751958162154, "19": -0.0018613805316695098, "20": 0.005327663903802238, "21": 0.006033745461520579, "22": -0.007849328505316389, "23": -0.008027829923257679, "24": 0.0970954082477824, "25": 0.111152423735625, "26": 0.056382765192906706, "27": 0.05611330241275166, "28": 0.05932463526808836, "29": 0.04616615132668571, "30": 0.02759172007898892, "31": 0.03727177611484009, "32": 0.0007044459870956116, "33": 0.01122959745044988, "34": -0.0068046475194473155, "35": 0.011336073713876849, "36": 0.0009184280215986662, "37": 0.007021984893347863, "38": 0.0018112238743302617, "39": 0.006765227904199998, "40": 0.011050518027585422, "41": 0.004073838054149313, "42": 0.013109973054800494, "43": -0.0036243405922718464, "44": 0.005318617990154387, "45": 0.010032723632062562, "46": -0.01278976667457668, "47": -0.00014889515819593857, "48": 0.009902451897452293, "49": 0.001080634433012151, "50": 0.009683323531016499, "51": 0.009514897658051809, "52": 0.006772071356886025}, "fukui_nucleophilicity": {"1": 0.01629319511778002, "2": 0.021829857418124626, "3": -0.01054068017962552, "4": 0.005053915097226136, "5": 0.056210978530220224, "6": 0.019470562779674017, "7": -0.005185565530177308, "8": -0.008523808461060961, "9": 0.04203623964187991, "10": -0.0047434479241764485, "11": -0.008265710533150207, "12": 0.0034248008986849654, "13": -0.007316547394070484, "14": -0.008277932011648587, "15": -0.005299428077778098, "16": -0.006773678912498027, "17": -0.007281631869895541, "18": -0.01399743125940707, "19": 0.017458661581675916, "20": 0.15848886807672424, "21": 0.07865410134165851, "22": 0.05433298493780869, "23": 0.06666918162039981, "24": 0.020706799087026093, "25": 0.03775380924200863, "26": 0.02762937152957061, "27": 0.027085726829231285, "28": 0.032488802685207485, "29": 0.009631007157843444, "30": 0.02232488816076103, "31": 0.02234441195523424, "32": 0.02156237431381651, "33": 0.00039761443528868456, "34": 0.020805933791734968, "35": -0.0017813451737661579, "36": 0.022738710751398203, "37": 0.001475085060420711, "38": 0.014014337144497582, "39": 0.0002763289327205251, "40": 0.016382523127234136, "41": 0.011481547553012575, "42": 0.013390173412401021, "43": -0.004929595047741889, "44": 0.013675566002260678, "45": 0.013407361297776116, "46": -0.0018252616670187682, "47": -0.006260400854708442, "48": 0.026974883706202768, "49": 0.023003948767557, "50": 0.05639401459216814, "51": 0.05248245830795479, "52": 0.05265144002129078},