{"smiles": "C=C(O[Si](C)(C)C)c1ccccc1", "ip": 12.571847951234512, "ip_corrected": 7.7258479512345115, "ea": 3.935343485542299, "homo": -0.3771971791923664, "lumo": -0.2431065548839999, "charges": {"1": -0.1305439978341807, "2": 0.13768525471249754, "3": -0.3412433593019189, "4": 0.5475326052145787, "5": -0.20518266839070426, "6": -0.20697927044436573, "7": -0.20432672769237514, "8": -0.0008907226957646369, "9": -0.027766321561827886, "10": -0.029711943854235257, "11": -0.030100514559267037, "12": -0.029075015305706907, "13": -0.035099618745237864, "14": 0.049050690919161935, "15": 0.04514555166029274, "16": 0.02793512736730779, "17": 0.032209766382847276, "18": 0.03372346584455081, "19": 0.032173809600720374, "20": 0.030121047627739643, "21": 0.036222009205633086, "22": 0.0226076066630704, "23": 0.039081227042761624, "24": 0.035763014942617896, "25": 0.04200569840937282, "26": 0.03153558465505021, "27": 0.03176237092152082, "28": 0.032226534941560935, "29": 0.03413879427430717}, "dipole": [0.0728704784396889, 0.3447026821678072, -0.19005291103787797], "global_electrophilicity": 0.6722458505119477, "global_nucleophilicity": -7.7258479512345115, "fukui_electrophilicity": {"1": 0.05954154758168087, "2": 0.05057944692672928, "3": 0.003694953657469191, "4": 0.013602204089577241, "5": -0.010508806491139416, "6": -0.010966297500756866, "7": -0.009815080637329304, "8": 0.06415615790596556, "9": 0.03181902470252522, "10": 0.02746469091361267, "11": 0.06665800616030193, "12": 0.02592611514830047, "13": 0.030101226043302183, "14": 0.08302779401730376, "15": 0.06625308354406464, "16": -0.001122675307519614, "17": 0.02742555946057404, "18": 0.0036350670340568533, "19": 0.009676970155678307, "20": 0.027399197574019478, "21": 0.019551104266276098, "22": 0.027687923326611987, "23": 0.02219240477127275, "24": 0.01688435728285449, "25": 0.06640247623664547, "26": 0.07316795206692506, "27": 0.08234859810412223, "28": 0.07213520859158973, "29": 0.06108179037530838}, "fukui_nucleophilicity": {"1": 0.04894083508694433, "2": 0.02597858671602235, "3": 0.04178714290922786, "4": 0.0422779434217192, "5": -0.0024191000184306255, "6": 0.010070305553563447, "7": 0.0025151026023925716, "8": 0.019351569339303862, "9": 0.012444535796085718, "10": 0.015598307420216492, "11": 0.035056719240270186, "12": 0.017899733570163508, "13": 0.01409369469371901, "14": 0.05734768376990235, "15": 0.06141592985940686, "16": 0.03360956160266873, "17": 0.046448437811395606, "18": 0.03830393079749349, "19": 0.042321888617472325, "20": 0.050669477794973876, "21": 0.046642556042243884, "22": 0.04638036547981015, "23": 0.04592902494747858, "24": 0.04511692249017027, "25": 0.026999086258207863, "26": 0.044489155545858715, "27": 0.051107270801790734, "28": 0.04714284701532647, "29": 0.032480484834574726}, "boltzmann_weights": [0.02558497348628132, 0.025584880779620626, 0.025584880485807565, 0.025584972436945172, 0.025584882223078413, 0.025584875985423666, 0.025585073462413132, 0.025584971976007443, 0.02558507354597528, 0.02558507179656145, 0.025584880352956314, 0.0255848805062166, 0.02558488076344743, 0.02558506643356717, 0.02558507401519404, 0.025584875064321836, 0.02558507750632054, 0.025585053052849353, 0.02558504667267387, 0.025548653835253936, 0.04883447339143709, 0.04883422727414739, 0.04883403298346667, 0.048834232079946735, 0.04883406726853121, 0.04883135473512827, 0.04883422101451821, 0.04883444555794797, 0.04883135528597855, 0.048834446027982724]}