{"smiles": "C=C(C#N)C(F)(F)F", "ip": 16.19924428852051, "ip_corrected": 11.35324428852051, "ea": 5.1584541858264705, "homo": -0.4636014125584203, "lumo": -0.3268107567621817, "charges": {"1": -0.05035490810194819, "2": -0.000866442724706068, "3": 0.12369238092392335, "4": -0.16853839771993512, "5": 0.49651510803827126, "6": -0.1959643510202913, "7": -0.19815578384462487, "8": -0.19596430833271994, "9": 0.09393221361388085, "10": 0.09570448916814377}, "dipole": [0.7342389716789728, -1.3598287780627412, 0.01235225667608327], "global_electrophilicity": 1.5407470800162077, "global_nucleophilicity": -11.35324428852051, "fukui_electrophilicity": {"1": 0.12073655428484877, "2": 0.11742974961501189, "3": 0.0665927471481303, "4": 0.2593502932091432, "5": 0.00902139450869971, "6": 0.053936530838138375, "7": 0.04575929770201356, "8": 0.0539365168994404, "9": 0.1326738384014421, "10": 0.140563077393133}, "fukui_nucleophilicity": {"1": 0.03476638143079987, "2": 0.06206754640192715, "3": 0.04918936465449886, "4": 0.2950966594446266, "5": 0.011580875769630516, "6": 0.09773734400377937, "7": 0.09003230294489264, "8": 0.0977372664852457, "9": 0.1309889669427576, "10": 0.13080329192216456}, "boltzmann_weights": [0.16667745833631817, 0.1666774565997054, 0.16667725297523925, 0.1666129237962453, 0.16667745264544628, 0.16667745564704564], "best_conformer_elements": [6, 6, 6, 7, 6, 9, 9, 9, 1, 1], "best_conformer_coordinates": [[-1.0314882802940843, -0.9984055276257959, 0.33318478668499873], [0.07034563581283483, -0.3123258808572291, 0.04381482349169975], [1.3531963013636843, -0.9115520443971177, -0.04856921272100516], [2.3847110235768376, -1.4001747504372928, -0.12166183665987026], [0.05407703481373941, 1.1788293453246148, -0.21449987789558356], [0.5026171958593135, 1.4781791879142152, -1.441192794208109], [0.8249688771207078, 1.8449738864480119, 0.6558743237395237], [-1.1763918133888775, 1.6956728738098175, -0.11575790097314317], [-1.99254916147644, -0.515979643744557, 0.3965344993307477], [-0.9894868186794764, -2.0592174517264397, 0.5122732050860573]], "best_conformer_energy": -26.632375997666177, "fukui_radical": {"1": 0.07774039883259112, "2": 0.08975398306147715, "3": 0.05788708340100526, "4": 0.2772045112589126, "5": 0.010314539772359632, "6": 0.07587911857395871, "7": 0.07587906806129828, "8": 0.06787228479381333, "9": 0.13565224921641633, "10": 0.13181676302831083}}