{"smiles": "C=C(C)Cl", "ip": 14.172465639193309, "ip_corrected": 9.326465639193309, "ea": 2.2020016296830955, "homo": -0.3979437153268055, "lumo": -0.2190998381994721, "charges": {"1": -0.11278627365782504, "2": 0.1047263664788702, "3": -0.11913106785649089, "4": -0.189728847523013, "5": 0.058303945087185775, "6": 0.061642316567374136, "7": 0.06888884181856772, "8": 0.06888883885338837, "9": 0.05919588023192709}, "dipole": [-0.2911792277201624, -0.6107071951510727, 0.023078309971884044], "global_electrophilicity": 0.4663078302992994, "global_nucleophilicity": -9.326465639193309, "fukui_electrophilicity": {"1": 0.12019528519996314, "2": 0.145111377153051, "3": -0.05926026721168439, "4": 0.22420621542730834, "5": 0.15354175718449317, "6": 0.14480762914583536, "7": 0.09770830005357979, "8": 0.09770833427857586, "9": 0.07598136876887149}, "fukui_nucleophilicity": {"1": 0.09402237188733256, "2": 0.04699352179561232, "3": -0.039047130810781955, "4": 0.37808096018647824, "5": 0.11963147074918112, "6": 0.10732532479060343, "7": 0.1065361012636486, "8": 0.10653618354180969, "9": 0.07992119660510622}, "boltzmann_weights": [1.0]}