{"smiles": "C=C(C)C", "ip": 13.967634939046867, "ip_corrected": 9.121634939046867, "ea": 1.249518177728656, "homo": -0.3848151884483156, "lumo": -0.188677215043383, "charges": {"1": -0.11021921443163862, "2": 0.02136875702981951, "3": -0.10915629869876803, "4": -0.10915988776216475, "5": 0.02866661889528178, "6": 0.028667383445688345, "7": 0.042630207113035036, "8": 0.0396540734918531, "9": 0.04263018441585797, "10": 0.042630896438344466, "11": 0.04263086371805069, "12": 0.03965641634463681}, "dipole": [-0.25698364606301566, 0.0848859309870604, 0.032950565456966584], "global_electrophilicity": 0.3000377093629758, "global_nucleophilicity": -9.121634939046867, "fukui_electrophilicity": {"1": 0.11945473860341471, "2": 0.18341776336314392, "3": -0.05208325900084137, "4": -0.05207938086602329, "5": 0.14565224827363826, "6": 0.14565237850776658, "7": 0.09447967631551146, "8": 0.06603756326700932, "9": 0.09447964271433534, "10": 0.094476343892353, "11": 0.09447625211262903, "12": 0.06603603281706666}, "fukui_nucleophilicity": {"1": 0.1075896939812146, "2": 0.08633846661903499, "3": -0.03392698892592921, "4": -0.03392140806247794, "5": 0.11765162911158662, "6": 0.11765179324332395, "7": 0.12233482119909905, "8": 0.0746424106849407, "9": 0.1223346863415658, "10": 0.12233239550593836, "11": 0.12233197992075287, "12": 0.07464052038095936}, "boltzmann_weights": [1.0]}