{"smiles": "C=C(OC(C)=O)c1ccccc1", "ip": 13.25345191243807, "ip_corrected": 8.40745191243807, "ea": 4.335831473184382, "homo": -0.3922770327264735, "lumo": -0.25437404052134527, "charges": {"1": -0.11299122655593426, "2": 0.14375173415605103, "3": -0.25925337733500703, "4": 0.3669004282601193, "5": -0.14603511540517106, "6": -0.39972654576456446, "7": 0.010656996896052054, "8": -0.02799230639214694, "9": -0.02510907111126387, "10": -0.026244896085846757, "11": -0.026692872336216804, "12": -0.021693866167340967, "13": 0.06101278047136836, "14": 0.0589871068874891, "15": 0.0753427476090905, "16": 0.07469832704546141, "17": 0.07799590519967557, "18": 0.039562104623384435, "19": 0.03672291689917784, "20": 0.03541967323964002, "21": 0.03456646962601165, "22": 0.030122086239960502}, "dipole": [-0.19756593788728552, 0.5946860503547113, -0.4676272859297945], "global_electrophilicity": 0.8742114179683551, "global_nucleophilicity": -8.40745191243807, "fukui_electrophilicity": {"1": 0.06158128689197166, "2": 0.04151630859236498, "3": 0.04682893150403039, "4": 0.04027388327079218, "5": -0.019781928989660802, "6": 0.07986111305489291, "7": 0.03793346412736188, "8": 0.023317708612228136, "9": 0.022226885012381258, "10": 0.05208860839159155, "11": 0.023004853940141207, "12": 0.020569781662198097, "13": 0.08105504062325664, "14": 0.0742041937013097, "15": 0.040018905012688885, "16": 0.039263570847965515, "17": 0.04410815699965211, "18": 0.048562729861556915, "19": 0.06273260189462888, "20": 0.07055885379910522, "21": 0.06219173948885249, "22": 0.04788331205064458}, "fukui_nucleophilicity": {"1": 0.05772707857733285, "2": 0.028153153542959858, "3": 0.05319917013645242, "4": 0.01035458774035869, "5": -0.005406729666524668, "6": 0.095806197182073, "7": 0.0414567584433662, "8": 0.024244091596661806, "9": 0.025790052015715395, "10": 0.05510705762884132, "11": 0.025437555174615316, "12": 0.022624747658037292, "13": 0.07433210288715356, "14": 0.06622551119484035, "15": 0.044066179839778286, "16": 0.040341118991884806, "17": 0.04614412973284704, "18": 0.04984948470190729, "19": 0.0629065506253753, "20": 0.06986550686823126, "21": 0.062130836584831775, "22": 0.04964485855396636}, "boltzmann_weights": [0.1018697493271526, 0.10186972336184053, 0.10186985715648045, 0.10186878807991975, 0.07968204945303982, 0.0796820849609812, 0.07968187411665832, 0.08836903100097274, 0.08836911066548431, 0.08836882310601704, 0.08836890877145318]}