{"smiles": "C=C(C)OC(C)=O", "ip": 13.96943366509465, "ip_corrected": 9.12343366509465, "ea": 3.2329224580619185, "homo": -0.40205678292858654, "lumo": -0.23879370515021772, "charges": {"1": -0.12052132826718975, "2": 0.1484663076110747, "3": -0.12247022166691501, "4": -0.2600815150409276, "5": 0.36650054454431263, "6": -0.14715309560482231, "7": -0.40402292933105893, "8": 0.05845779624463378, "9": 0.05660767735148935, "10": 0.05711804265440288, "11": 0.05428192882626917, "12": 0.0845135997719354, "13": 0.07475221457851809, "14": 0.07751435352563756, "15": 0.07603662480264008}, "dipole": [0.11916887304312632, 0.13404304748090004, -0.782667229193821], "global_electrophilicity": 0.6567013251437782, "global_nucleophilicity": -9.12343366509465, "fukui_electrophilicity": {"1": 0.0735814556815177, "2": 0.06640937022107395, "3": -0.03335773510669274, "4": 0.08364266642446333, "5": 0.10228359875666049, "6": -0.0339516480786967, "7": 0.17855600459407778, "8": 0.0890915053828563, "9": 0.10113378354984032, "10": 0.05764640929538396, "11": 0.058659921244610544, "12": 0.04557672252737972, "13": 0.06364402452535715, "14": 0.07271310515059196, "15": 0.07437081583156632}, "fukui_nucleophilicity": {"1": 0.07889717865569992, "2": 0.0471806937953633, "3": -0.019836359716869256, "4": 0.08072057689107953, "5": 0.017726281785027886, "6": -0.0024455431228750657, "7": 0.16231589549312164, "8": 0.090981907791143, "9": 0.09431269938344773, "10": 0.08821524862167879, "11": 0.07514690218395997, "12": 0.09718289559931242, "13": 0.05646169094248589, "14": 0.06335277005001237, "15": 0.06978716165311401}, "boltzmann_weights": [0.500001197024446, 0.499998802975554]}