{"smiles": "C=C(C)C(=O)OC(C)(C)C", "ip": 13.549542765750122, "ip_corrected": 8.703542765750122, "ea": 3.8418179914622406, "homo": -0.39786808966894616, "lumo": -0.2620232524340769, "charges": {"1": -0.08310021308403752, "2": -0.009225589681175123, "3": -0.10882943521132052, "4": 0.35588212567515287, "5": -0.4242292560914025, "6": -0.27778093226103656, "7": 0.15535943431100985, "8": -0.11809021908313089, "9": -0.11814120264478675, "10": -0.11809022109441925, "11": 0.060685486327404226, "12": 0.05156223837142044, "13": 0.06351885817916743, "14": 0.04768813517330179, "15": 0.06351882189557946, "16": 0.04299516357572622, "17": 0.0668414328362289, "18": 0.04397508937522033, "19": 0.05169442787941637, "20": 0.05169441016911791, "21": 0.04825976653123566, "22": 0.04397509279650529, "23": 0.04299516700294456, "24": 0.0668414190518704}, "dipole": [-0.2877209056373333, -0.41275586244338636, -0.6504490805008565], "global_electrophilicity": 0.7633116596320362, "global_nucleophilicity": -8.703542765750122, "fukui_electrophilicity": {"1": 0.09021551684804428, "2": 0.08047957604567112, "3": -0.037831272598442295, "4": 0.08334054311732281, "5": 0.18814828548214324, "6": 0.06981130911256728, "7": -0.005026570720713386, "8": -0.016276202736253076, "9": -0.014433517256483952, "10": -0.016276196986147518, "11": 0.10251595750956607, "12": 0.11673421677924797, "13": 0.060578542550452814, "14": 0.05848877344991252, "15": 0.06057854092817714, "16": 0.01584418447558752, "17": 0.0007976714966250603, "18": 0.04025896595960804, "19": 0.015272264708723733, "20": 0.015272286572680122, "21": 0.03460630091531949, "22": 0.04025895369279811, "23": 0.015844219490096775, "24": 0.0007976511635000016}, "fukui_nucleophilicity": {"1": 0.03141544485612026, "2": 0.04346819734137536, "3": -0.017600073766727453, "4": 0.01568453959040822, "5": 0.1419237047973943, "6": 0.05905784763067018, "7": 0.011220055786183902, "8": -0.013762639140909055, "9": -0.00028259711711045576, "10": -0.013762641998323055, "11": 0.060198858476816455, "12": 0.08526807580758308, "13": 0.05924894387414838, "14": 0.05842648786793995, "15": 0.05924895352845369, "16": 0.04199841236542082, "17": 0.05122192492565655, "18": 0.051997263855442406, "19": 0.040383844795532774, "20": 0.04038385871292423, "21": 0.04904397806389198, "22": 0.051997232211817464, "23": 0.041998429142303104, "24": 0.05122189839298409}, "boltzmann_weights": [0.05331976805438403, 0.05331976845363364, 0.05332126736327824, 0.053325454269073466, 0.053321266699582336, 0.05332126704988857, 0.11334694169778156, 0.11334231199041675, 0.11334693967705275, 0.1133457597132103, 0.11334231091740156, 0.11334694411429688]}