{"smiles": "C=C(C)C(N)=O", "ip": 13.986976950671428, "ip_corrected": 9.140976950671428, "ea": 3.3156444481398726, "homo": -0.3910809164510231, "lumo": -0.24609707079699694, "charges": {"1": -0.0970410049733872, "2": -0.0063440374181637504, "3": -0.10820795722195538, "4": 0.2825807204784714, "5": -0.27106691015227585, "6": -0.42809261023518946, "7": 0.03687774947910567, "8": 0.046422413399476684, "9": 0.0528698184218041, "10": 0.04670834901155859, "11": 0.07431374757980867, "12": 0.1795682613356036, "13": 0.19141146029512762}, "dipole": [0.42403745458477593, 0.30592808138939775, -1.4379154231582125], "global_electrophilicity": 0.6784714802755861, "global_nucleophilicity": -9.140976950671428, "fukui_electrophilicity": {"1": 0.08617691874624621, "2": 0.09326677699012703, "3": -0.0382113478428954, "4": 0.07280685571303519, "5": 0.054916875458209446, "6": 0.17882621083315037, "7": 0.10555842179506604, "8": 0.12074302098186179, "9": 0.070175144195223, "10": 0.0633541920995126, "11": 0.061689532444453195, "12": 0.05770742918852245, "13": 0.07298996939747728}, "fukui_nucleophilicity": {"1": 0.04024163180670846, "2": 0.06176204440852574, "3": -0.01906026263494985, "4": 0.024608924671033983, "5": 0.07049565197838009, "6": 0.22189040980134528, "7": 0.09124204163036524, "8": 0.11566424302005053, "9": 0.09834450432880115, "10": 0.09252536075498408, "11": 0.07382694970359961, "12": 0.058513449388093525, "13": 0.06994505114299687}, "boltzmann_weights": [0.33636763368464445, 0.3363723600412703, 0.32726000627408525]}