{"smiles": "C=C(Cl)C(=C)Cl", "ip": 13.924753978166278, "ip_corrected": 9.078753978166278, "ea": 4.571054390582611, "homo": -0.4091008953656754, "lumo": -0.28158195388790513, "charges": {"1": -0.092698788730532, "2": 0.09493212745220511, "3": -0.15927168070879721, "4": 0.09494746655593266, "5": -0.092721419212641, "6": -0.15920698302903807, "7": 0.0747040820602816, "8": 0.0823024793853641, "9": 0.0823115494683181, "10": 0.07470116675890383}, "dipole": [-0.00011933961945533969, -4.686117642570214e-05, 8.225557953328492e-05], "global_electrophilicity": 1.035780562919427, "global_nucleophilicity": -9.078753978166278, "fukui_electrophilicity": {"1": 0.08514985910866849, "2": 0.0535293684239716, "3": 0.14869564045169908, "4": 0.0535358365511972, "5": 0.08515045691211691, "6": 0.14869359766682916, "7": 0.11106773111515342, "8": 0.10155792838716567, "9": 0.10154648083105018, "10": 0.11107310055214856}, "fukui_nucleophilicity": {"1": 0.056159432754931266, "2": 0.02104220843352736, "3": 0.25992081495377956, "4": 0.02104917310807622, "5": 0.056173184100333035, "6": 0.25992660758397046, "7": 0.08671771518667452, "8": 0.07614532650678198, "9": 0.07613824003257165, "10": 0.08672729741299427}, "boltzmann_weights": [0.9499997282479687, 0.025000078227276862, 0.025000193524754508]}