{"smiles": "C=C(CC(=O)[O-])C(=O)OC", "ip": 14.364471358386822, "ip_corrected": 9.518471358386822, "ea": 8.308181013445857, "homo": -0.44661304318089096, "lumo": -0.4221609393222857, "charges": {"1": -0.044657209137906495, "2": 0.009324591158158702, "3": -0.048825315428509555, "4": 0.41063546035769843, "5": -0.36039075821635946, "6": -0.3360913936063395, "7": 0.3484041508574532, "8": -0.39039016491719347, "9": -0.2511122917453254, "10": 0.03253154072928591, "11": 0.10792161520940963, "12": 0.09872203722486704, "13": 0.11004792575573155, "14": 0.10215011265867585, "15": 0.07593083118969442, "16": 0.06692461742524734, "17": 0.06887425053577716}, "dipole": [-1.3047457552179622, 0.6860751397284983, 0.6107093771951256], "global_electrophilicity": 3.477734025316281, "global_nucleophilicity": -9.518471358386822, "fukui_electrophilicity": {"1": 0.045087212715369765, "2": 0.024317421144463156, "3": 0.053238123357070274, "4": 0.025682826155507876, "5": 0.18574017938344733, "6": 0.21339627806042344, "7": -0.0004255000714904478, "8": 0.0712511409847505, "9": 0.013155043621821016, "10": -0.017229732082236646, "11": 0.0812982544648153, "12": 0.05949756428680214, "13": 0.086265489481458, "14": 0.08537394989506739, "15": 0.02535805621638578, "16": 0.026436872156238425, "17": 0.02155682028046635}, "fukui_nucleophilicity": {"1": 0.03978718038874185, "2": 0.029674399461400103, "3": 0.029892481272068963, "4": 0.015553977970147126, "5": 0.13613724737245342, "6": 0.1574308038207232, "7": 0.002884307036233491, "8": 0.1146148005204905, "9": 0.05552082271876546, "10": -0.020657948352317393, "11": 0.06740259977461957, "12": 0.06414539670866483, "13": 0.06543696636384827, "14": 0.06740828575517396, "15": 0.050837710993213756, "16": 0.06494259208029914, "17": 0.05898837606509234}, "boltzmann_weights": [0.0007803702091198718, 0.000780369369560926, 0.0007803599895958352, 0.0007803688974008093, 0.0007422760820728312, 0.0007422788856767005, 0.0007422760839553033, 0.16577340383564107, 0.1657697730839725, 0.1657776903860038, 0.16577785344135415, 0.16577443620277937, 0.16577790946905593, 2.8028244506254904e-07, 2.8028238329091673e-07, 3.6749523241722264e-08, 3.674945931697744e-08], "best_conformer_elements": [6, 6, 6, 6, 8, 8, 6, 8, 8, 6, 1, 1, 1, 1, 1, 1, 1], "best_conformer_coordinates": [[-0.9936766902331632, 1.3820667886602003, 1.4801200183255645], [-0.5345514315487648, 0.32563215328482115, 0.7842289609975833], [-1.4175650013873653, -0.6903594815777823, 0.20752438308677063], [-2.1203120215887994, -0.09218789046451395, -1.1629116050971555], [-2.591630030851637, 1.0309883036510876, -1.0397170220222562], [-2.103092598904661, -0.8792603538154358, -2.102207168093909], [0.9024477208903997, 0.29500934704352705, 0.4743726810701998], [1.7499476806305785, 1.0165993691526634, 0.9637791773330426], [1.2367613443008305, -0.6609388099494518, -0.42088740973992245], [2.595001581291994, -0.7071227363685375, -0.7922842033480054], [-0.3301620770466749, 2.175192523501846, 1.7814966667314238], [-2.038378830395111, 1.4848450893735552, 1.709149732877644], [-2.2681329329308837, -0.8996589136743783, 0.8570514884423018], [-0.9054798609317707, -1.609243954499523, -0.06471132172624443], [3.224326639231553, -0.9364040715765102, 0.07386048207883995], [2.9135371674872457, 0.254143672285257, -1.2050636838963216], [2.6809593472779123, -1.489301035026967, -1.5438011717277644]], "best_conformer_energy": -32.90599322766607, "fukui_radical": {"1": 0.042437486107834446, "2": 0.02699600996479671, "3": 0.04156540528432812, "4": 0.020618643086470684, "5": 0.16093911387072968, "6": 0.18541375805993843, "7": 0.001229370882657288, "8": 0.09293057573472843, "9": 0.03433714402339902, "10": -0.01894364779104359, "11": 0.07435070607245398, "12": 0.061821488119771804, "13": 0.07639067413647369, "14": 0.07585151895600747, "15": 0.04569085101703071, "16": 0.040273328182975854, "17": 0.0380975742913582}}