{"smiles": "C=C(Cl)CCl", "ip": 14.146698455508051, "ip_corrected": 9.300698455508051, "ea": 3.735537352437101, "homo": -0.41408566990169743, "lumo": -0.25168417073480187, "charges": {"1": -0.10329332868931301, "2": 0.09796511742139391, "3": -0.15251049160696592, "4": 0.01690937861645027, "5": -0.1778008958726078, "6": 0.07837901081894051, "7": 0.07169426240056306, "8": 0.08052769342162326, "9": 0.0881292534899229}, "dipole": [-0.3732864627708892, 0.006693699649724486, 0.8333148866018811], "global_electrophilicity": 0.805385224635999, "global_nucleophilicity": -9.300698455508051, "fukui_electrophilicity": {"1": 0.088504673967648, "2": 0.08327684695252172, "3": 0.17446419946447397, "4": -0.02468147583236789, "5": 0.24565121457277736, "6": 0.11883090957488225, "7": 0.11785013347308276, "8": 0.09500975414611527, "9": 0.10109374368087272}, "fukui_nucleophilicity": {"1": 0.05419981278074673, "2": 0.024531325399456835, "3": 0.30736835665304274, "4": -0.04583026309899823, "5": 0.3186088663738624, "6": 0.08264685564901043, "7": 0.08720754255314517, "8": 0.08999225731366635, "9": 0.08127524637608377}, "boltzmann_weights": [0.2599003434970702, 0.2599004186386789, 0.48019923786425095]}