{"smiles": "C=C(/C=C/C#N)OCC", "ip": 13.556930766629872, "ip_corrected": 8.710930766629872, "ea": 4.8018877521257535, "homo": -0.3929228251193838, "lumo": -0.2889509168412258, "charges": {"1": -0.134718381805729, "2": 0.14475711786849563, "3": -0.02248135352538204, "4": -0.024176184677714117, "5": 0.11535300335063522, "6": -0.23545810638742476, "7": -0.27066619047619916, "8": 0.08628300226130492, "9": -0.11320888054531474, "10": 0.047164584726203336, "11": 0.04354243297260885, "12": 0.05840239827900607, "13": 0.08070230310372828, "14": 0.031231541421422017, "15": 0.031231545446878693, "16": 0.0568407781780311, "17": 0.05684076985462353, "18": 0.04835961995482334}, "dipole": [-1.9908765285554697, -0.5696720146057175, -0.583823700557388], "global_electrophilicity": 1.0724353825647635, "global_nucleophilicity": -8.710930766629872, "fukui_electrophilicity": {"1": 0.06816258553962606, "2": 0.041174397670140084, "3": 0.07601180180012251, "4": 0.08094084107350544, "5": 0.050887616788559575, "6": 0.20740398779715458, "7": 0.03965649767622004, "8": -0.015075130724819058, "9": -0.01094049308281081, "10": 0.07973007307830324, "11": 0.09278154904551023, "12": 0.08684733654269225, "13": 0.09660398151483011, "14": 0.02330433688213087, "15": 0.023304307657087964, "16": 0.014517096324726107, "17": 0.0145170884252118, "18": 0.03017212599179677}, "fukui_nucleophilicity": {"1": 0.07118054607506985, "2": 0.03488089122817217, "3": 0.015833916933302328, "4": 0.05137761309756964, "5": 0.026689043904050774, "6": 0.1777678881151531, "7": 0.10362313935406148, "8": -0.022574307586337716, "9": -0.017252089557945424, "10": 0.08574303060338412, "11": 0.07818758082556103, "12": 0.05539166494768535, "13": 0.05464266691641764, "14": 0.07418494130151745, "15": 0.07418485546695089, "16": 0.0456868815617079, "17": 0.04568691351276324, "18": 0.0447648233010753}, "boltzmann_weights": [0.34489559577163886, 0.28902169367540453, 0.2890124578148502, 0.042133577793614756, 0.034577254419298036, 0.00017971016180461037, 0.0001797103633890316]}