{"smiles": "C=C(C)C(=O)OCCCCCCCCCCCCCCCCCC", "ip": 12.423140301105729, "ip_corrected": 7.577140301105729, "ea": 3.9395897816317333, "homo": -0.40586599211102864, "lumo": -0.26579776102051944, "charges": {"1": -0.08260601830364703, "2": -0.008079970236417974, "3": -0.11011072936452262, "4": 0.3522791803356515, "5": -0.41699095327147917, "6": -0.267078729371066, "7": 0.07351123238864193, "8": -0.06436556162814958, "9": -0.055027053480465854, "10": -0.059836660889266334, "11": -0.0584371152894672, "12": -0.058354565519999166, "13": -0.059216455392704336, "14": -0.05886659605128419, "15": -0.0578418966782586, "16": -0.05816036401832322, "17": -0.058751714253353765, "18": -0.058117996059153076, "19": -0.05804035195640621, "20": -0.05751498466050235, "21": -0.057359008579522516, "22": -0.0573272885042475, "23": -0.05157076660394079, "24": -0.10080261809597803, "25": 0.05416886809913271, "26": 0.0617195832751011, "27": 0.06179569361410455, "28": 0.06811886843857679, "29": 0.04968457655372356, "30": 0.04850402617552695, "31": 0.06303499589159935, "32": 0.04641899696356693, "33": 0.04183160841088364, "34": 0.04121788553995465, "35": 0.03229186099097453, "36": 0.030368137763897633, "37": 0.03257846189172348, "38": 0.0326870901298082, "39": 0.02972669995251606, "40": 0.029793569457329878, "41": 0.02951086378704332, "42": 0.02991778300773244, "43": 0.029765414161345642, "44": 0.028872927940687916, "45": 0.030940184897070615, "46": 0.02772392933004908, "47": 0.029429708247775042, "48": 0.027909797723908183, "49": 0.028342238527251068, "50": 0.03085133365071264, "51": 0.031182333708861133, "52": 0.027485660318609027, "53": 0.02676634985401763, "54": 0.03105984177192122, "55": 0.02831068917661673, "56": 0.02828972067614411, "57": 0.03230914557204546, "58": 0.026066000669735443, "59": 0.03119691596292292, "60": 0.02806169681923865, "61": 0.027453345792319343, "62": 0.03216395554120819, "63": 0.024821457744090385, "64": 0.029230873567195118, "65": 0.031855477528776946, "66": 0.03520841635819937}, "dipole": [0.06919616318957819, 0.007596185644780364, -0.7615822214353063], "global_electrophilicity": 0.6556606183724594, "global_nucleophilicity": -7.577140301105729, "fukui_electrophilicity": {"1": 0.09052198691743094, "2": 0.0812416299923769, "3": -0.03764087135417701, "4": 0.08371684033761223, "5": 0.189647883314792, "6": 0.07589037163376183, "7": -0.019278185520724994, "8": -0.010343426821983435, "9": -0.0017992693963380588, "10": -0.0035548687030321283, "11": -0.0001489721487148571, "12": -0.002507615357406831, "13": -0.0011905624861377473, "14": -0.0010762540211888827, "15": -0.0002875423491912124, "16": -0.0011589978408932042, "17": -6.044929756898049e-05, "18": -0.0006118921238873198, "19": -0.0004426504049035371, "20": 5.2136092456502026e-05, "21": 8.054221587429355e-06, "22": -0.00044648712295083937, "23": -0.0003932842329587641, "24": -0.0005076324317846576, "25": 0.11722590532834762, "26": 0.10278394138619197, "27": 0.06273709760018276, "28": 0.059250110977155816, "29": 0.05898190179784982, "30": 0.04680681444603314, "31": 0.021130043309158374, "32": 0.018932113750685334, "33": 0.03675364944544917, "34": 0.002328037190156153, "35": -0.021856887159741073, "36": 0.008684974429264157, "37": 0.014919607539525825, "38": 0.003562016166200707, "39": -0.005437808391155277, "40": 0.008524925816279495, "41": 0.0037873887796207387, "42": 0.0019432903963159665, "43": -0.0012264837626708054, "44": 0.00233684489323973, "45": 0.0036985704982667143, "46": -0.00042471005429492795, "47": 0.0014378635554945507, "48": 0.004175739217477863, "49": 0.0013131853411282209, "50": 0.0005368732497252927, "51": -0.001746458332006113, "52": 0.002245599958906004, "53": 0.0008304912541001949, "54": 0.003097966321598495, "55": -0.0007488847938029834, "56": -0.0025719561995982375, "57": 0.0014716000876182217, "58": -0.0010787891224196093, "59": 0.0009144805564307613, "60": -3.790977607130014e-05, "61": 0.0017376925291099007, "62": -0.0006783212805218305, "63": 0.0021112381225622152, "64": 0.0017985955388558732, "65": 0.0012485805525625643, "66": -0.0011288720593514226}, "fukui_nucleophilicity": {"1": 0.013797505929424442, "2": 0.01940957405610877, "3": -0.008654187016182577, "4": 0.005806116893809776, "5": 0.05566357153608409, "6": 0.02400531013929219, "7": -0.0056120028572689, "8": -0.004039156103444297, "9": -0.003231728011166661, "10": -0.002459179438196249, "11": -0.003666907619518045, "12": -0.0032034670386167086, "13": -0.0018273211779716789, "14": -0.0025331136967087775, "15": -0.0033135822295402434, "16": -0.00521442811455252, "17": -0.0015478467156999423, "18": -0.005709463772889403, "19": -0.0024059826710051066, "20": -0.0029482612510177003, "21": -0.0011818108841742322, "22": -0.0014582936446291342, "23": -0.004128887097395957, "24": -0.007174705823388819, "25": 0.03454775847147336, "26": 0.023900131034389344, "27": 0.026801818039615767, "28": 0.020076964588771423, "29": 0.023080503371465486, "30": 0.023352661189271796, "31": 0.008749426721412379, "32": 0.014199714163696059, "33": 0.016791042285647706, "34": 0.01414352559998363, "35": 0.012983875545240109, "36": 0.018406828611772657, "37": 0.023971460717981834, "38": 0.015127031264684704, "39": 0.025728548734582468, "40": 0.021845894545543563, "41": 0.015000814967771798, "42": 0.017315653174317023, "43": 0.026851898695410784, "44": 0.017357920437934216, "45": 0.021751016524972792, "46": 0.022318728613308525, "47": 0.012796133382353435, "48": 0.025659201635170062, "49": 0.01978026236646445, "50": 0.0244692643249254, "51": 0.021896483068671296, "52": 0.021420899516713488, "53": 0.032252791929650935, "54": 0.03488829938474385, "55": 0.01843824979718264, "56": 0.03497028620434952, "57": 0.01901106043844116, "58": 0.021659107065236143, "59": 0.037084990792948185, "60": 0.031236450335319108, "61": 0.025759133427345305, "62": 0.017116989315029404, "63": 0.04247984759217641, "64": 0.022288643587559106, "65": 0.021414116680006305, "66": 0.02270281846480817},