{"smiles": "C=C(C)C(=O)OC(C)C", "ip": 13.835076385561866, "ip_corrected": 8.989076385561866, "ea": 3.8925465645481863, "homo": -0.40566432069647396, "lumo": -0.2649239609443943, "charges": {"1": -0.08252607357017752, "2": -0.008268208434139515, "3": -0.10942979897364384, "4": 0.35175417884665516, "5": -0.42097371741692025, "6": -0.27298677796441284, "7": 0.12110130367934446, "8": -0.11697887874977153, "9": -0.1146432539646451, "10": 0.06186764797936144, "11": 0.05344357715974053, "12": 0.04896264269018236, "13": 0.0644559086415243, "14": 0.06425008952522024, "15": 0.049086059089908894, "16": 0.05577230641136867, "17": 0.05214296421054825, "18": 0.050083139625731174, "19": 0.04763105904210683, "20": 0.0560007955460847, "21": 0.0492550366259322}, "dipole": [-0.24363026316865605, -0.680167825635553, 0.46387661996086427], "global_electrophilicity": 0.8118059155812533, "global_nucleophilicity": -8.989076385561866, "fukui_electrophilicity": {"1": 0.0909617393274467, "2": 0.08138684719214827, "3": -0.03806131523414909, "4": 0.08252742136803992, "5": 0.19003667267096136, "6": 0.07283684383754385, "7": -0.009678391875750814, "8": -0.013882802227716429, "9": -0.015018568905427812, "10": 0.10326756749810756, "11": 0.11784779124285344, "12": 0.05909821995449482, "13": 0.0611950763897493, "14": 0.06125357660168004, "15": 0.02054405190922918, "16": 0.01998056916085742, "17": 0.015046932591648444, "18": 0.03611495479960468, "19": 0.040125110732939555, "20": 0.003039948161510597, "21": 0.02137775480423325}, "fukui_nucleophilicity": {"1": 0.04102091545002898, "2": 0.04998276878819896, "3": -0.018849870215103384, "4": 0.012152340081396762, "5": 0.13140122353847916, "6": 0.0652262825478439, "7": 0.0039308930244003615, "8": -0.013497597023210961, "9": -0.008438966432502235, "10": 0.06422488551155996, "11": 0.0854514724017044, "12": 0.06260061374292317, "13": 0.07494318638796547, "14": 0.0759202926732179, "15": 0.06352582096357545, "16": 0.06487535510528525, "17": 0.053791634334202205, "18": 0.05791734433732003, "19": 0.05110975433590836, "20": 0.03612393423516991, "21": 0.046587716211682714}, "boltzmann_weights": [0.07260774157959082, 0.07260798352100266, 0.07260774056846504, 0.07260775655851522, 0.15580043219708156, 0.15580111492037396, 0.15580113158418107, 0.15580042236064282, 0.016015054522054966, 0.03517531112230374, 0.035175311065788056]}