{"smiles": "C=C(C)C(=O)Oc1ccc([N+](=O)[O-])cc1[N+](=O)[O-]", "ip": 14.2613290511731, "ip_corrected": 9.4153290511731, "ea": 7.18473274517988, "homo": -0.43977932578004847, "lumo": -0.34954915111747303, "charges": {"1": -0.06896604209184748, "2": 0.0014724029078909406, "3": -0.11649380016025081, "4": 0.3617713642960481, "5": -0.3886332154264675, "6": -0.22782320999011346, "7": 0.17671246268351815, "8": -0.03886050871406442, "9": -0.013159102651327692, "10": 0.005126536617433786, "11": 0.5559453425250509, "12": -0.3652836977643662, "13": -0.37222385370989497, "14": -0.015052250744952006, "15": -0.0033193056575595015, "16": 0.5694723506263238, "17": -0.350224467813781, "18": -0.38384149780172455, "19": 0.07214550261081984, "20": 0.08034508377097181, "21": 0.07381154324101287, "22": 0.06057365560538708, "23": 0.06451727906235674, "24": 0.09065229950121398, "25": 0.10613916185059201, "26": 0.12519596722772436}, "dipole": [1.3777815007173677, 0.9175419733626952, 2.2462322928243634], "global_electrophilicity": 2.440402891773649, "global_nucleophilicity": -9.4153290511731, "fukui_electrophilicity": {"1": 0.024019527377318675, "2": 0.011120243911860409, "3": -0.012969283350123859, "4": 0.01554438731401342, "5": 0.04602364121676916, "6": 0.03492674589604389, "7": 0.04327336479110261, "8": 0.016030277667307705, "9": 0.03877917786007121, "10": 0.01929371639380162, "11": 0.06071668299122557, "12": 0.09586704503952498, "13": 0.09596828964551657, "14": 0.009688760772609738, "15": 0.014366657879708464, "16": 0.05189264050469333, "17": 0.09102058829788684, "18": 0.07630065002994835, "19": 0.04354514544404223, "20": 0.028174738007592494, "21": 0.011272455070814369, "22": 0.027245725424244277, "23": 0.016725559653028237, "24": 0.053016105949784946, "25": 0.05229477173248853, "26": 0.035862385192431415}, "fukui_nucleophilicity": {"1": 0.03915433631082417, "2": 0.04310768358404053, "3": -0.014609952710588278, "4": 0.005132326932998588, "5": 0.07359277970073014, "6": 0.02893552862723331, "7": 0.0033696344974061543, "8": 0.01509396589179366, "9": 0.012174479067516675, "10": 0.019123175614570748, "11": 0.028902837031726802, "12": 0.0880483259854759, "13": 0.0890689753227889, "14": 0.009285318702414724, "15": 0.010063632430110436, "16": 0.018495101178978124, "17": 0.07475787362646724, "18": 0.049109139369304555, "19": 0.06330995531651554, "20": 0.05378489932741358, "21": 0.07049610802139215, "22": 0.05458598971263863, "23": 0.07132912540872227, "24": 0.03238450445387964, "25": 0.03567362619009183, "26": 0.025630630405899302}, "boltzmann_weights": [0.04939088089542751, 0.04939246561886141, 0.04938863690037656, 0.04939306052042856, 0.04938903690205592, 0.04939306296996853, 0.04939487360761705, 0.02192711178886197, 0.021928830270658794, 0.021929275716458328, 0.02192835834950176, 0.021927604603498487, 0.021928174351497638, 0.021927208572861782, 0.021931328699122614, 0.057304396660211296, 0.057302409635608204, 0.05730304856638233, 0.057304125399247514, 0.057304416169174185, 0.0384626302873134, 0.03846355577825154, 0.03846411534482124, 0.03845716854583254, 0.03846422384596081], "best_conformer_elements": [6, 6, 6, 6, 8, 8, 6, 6, 6, 6, 7, 8, 8, 6, 6, 7, 8, 8, 1, 1, 1, 1, 1, 1, 1, 1], "best_conformer_coordinates": [[3.860320036860334, -0.2014311040806972, 1.4828051479305093], [3.0730764443373344, -0.01659721176530225, 0.424509676495022], [3.5499269856184292, 0.05496849307739242, -0.9884022692085839], [1.6234056777362997, 0.08979713460134749, 0.6619285321220566], [1.0502880849248457, -0.05060387810392925, 1.7072028182874344], [0.9456496060861965, 0.43415396788368227, -0.488049706595155], [-0.40929442765071, 0.385200903312183, -0.49458871082008116], [-1.1003509901175572, 1.4909346245631585, -0.9928528187692717], [-2.4777410373148534, 1.5043858346970533, -1.0227960358450816], [-3.1850363969705477, 0.4121399399395193, -0.5289595539877363], [-4.634548031389482, 0.4331926745437495, -0.5448190365242358], [-5.2090986116495595, -0.5506924480639576, -0.14371888685627196], [-5.166523029201396, 1.4356727442120456, -0.9631813404713858], [-2.5242903449901357, -0.6994471305884433, -0.03422046038039112], [-1.1386623817813715, -0.7220180732250551, -0.03278252650278714], [-0.4877167850858802, -1.9454188006584259, 0.40332595870924964], [-1.0900392449445522, -2.6428999961657924, 1.1776737911970958], [0.5937234423227957, -2.1968430266718393, -0.08094144197177353], [3.443999138275562, -0.25523409227518745, 2.474387664912973], [4.926727924933297, -0.3066373154432765, 1.3849972538231583], [3.274642823010935, 1.0081161784045123, -1.4362284659651716], [4.628792390461902, -0.06153286703038335, -1.029984972174265], [3.0818912833954775, -0.7354604227299412, -1.572527703270789], [-0.5282727081925986, 2.332822400539356, -1.3486266739803472], [-3.0221652910492187, 2.352695329015134, -1.4094100629907456], [-3.078704552333845, -1.5492638579870395, 0.3401108704224987]], "best_conformer_energy": -55.52130019455079, "fukui_radical": {"1": 0.03158952544352776, "2": 0.027111561780042794, "3": -0.013789076459283567, "4": 0.010339938191809839, "5": 0.05980076072779042, "6": 0.03192949593457736, "7": 0.023319071805565708, "8": 0.015563508330785267, "9": 0.025474110570426735, "10": 0.019205655462461252, "11": 0.04481161309751536, "12": 0.09196506921155564, "13": 0.09252311337718444, "14": 0.009488135802277125, "15": 0.012210312584274408, "16": 0.03518862525416011, "17": 0.08289270772668075, "18": 0.0627081123147063, "19": 0.04099016476997234, "20": 0.05342761758124848, "21": 0.044062539117948885, "22": 0.04090725920801888, "23": 0.04084881830234626, "24": 0.042701674454555257, "25": 0.04398278641044531, "26": 0.03074689935412748}}