{"smiles": "C=C(C#N)C(=O)OCC", "ip": 14.4535460500692, "ip_corrected": 9.6075460500692, "ea": 5.158522786566144, "homo": -0.43015621562147177, "lumo": -0.3100934744351387, "charges": {"1": -0.04832001787630097, "2": -0.0013094342646397944, "3": 0.12397956535992455, "4": -0.20452510270213775, "5": 0.3629526607764922, "6": -0.40542310518256236, "7": -0.2531552060758153, "8": 0.08500100561099028, "9": -0.11721190541327581, "10": 0.07708355823581202, "11": 0.0900771790617533, "12": 0.054325356119777304, "13": 0.054325318946376946, "14": 0.06285985536719829, "15": 0.05648038768133419, "16": 0.0628598843550586}, "dipole": [0.23686485798662268, -0.5498905691809168, 0.1007917348659221], "global_electrophilicity": 1.3233932144901428, "global_nucleophilicity": -9.6075460500692, "fukui_electrophilicity": {"1": 0.10075423923232882, "2": 0.08072171822630066, "3": 0.03558299598082884, "4": 0.1929356631300213, "5": 0.05014451243830881, "6": 0.13957824134851377, "7": 0.06960622877844191, "8": -0.016381067239234964, "9": -0.012089012203671909, "10": 0.11980359167520944, "11": 0.11227280658264983, "12": 0.030369969844676135, "13": 0.030370058804929163, "14": 0.01645358730341858, "15": 0.03342287909175749, "16": 0.016453587005520166}, "fukui_nucleophilicity": {"1": 0.02402821355876425, "2": 0.03970852924102933, "3": 0.0268340888187307, "4": 0.18344579401618008, "5": 0.014788252310821148, "6": 0.13385503919730235, "7": 0.058972782728583695, "8": -0.0138788920992223, "9": -0.011964731422563268, "10": 0.07930555834489116, "11": 0.06847106901459296, "12": 0.08295855436387557, "13": 0.08295861845175655, "14": 0.08163797277566406, "15": 0.06724121067239727, "16": 0.0816379400271976}, "boltzmann_weights": [0.19402693675381275, 0.3781707132850768, 0.3781707825545164, 0.00908810256267965, 0.020271730922921876, 0.020271733920992366], "best_conformer_elements": [6, 6, 6, 7, 6, 8, 8, 6, 6, 1, 1, 1, 1, 1, 1, 1], "best_conformer_coordinates": [[3.1639588036056745, 0.05298031801772573, 0.5104245895452875], [1.9275536108134839, -0.3224294451052021, 0.17657502107707226], [1.6627092126222152, -1.468878752628142, -0.6105612772544372], [1.4567167357212452, -2.397995929316224, -1.247908321361338], [0.745330939690671, 0.478105664299714, 0.6357183391206334], [0.8344904701522763, 1.4721785443412956, 1.3089352650026806], [-0.3926364048589619, -0.051446259037261494, 0.2049101302458786], [-1.5985002678150189, 0.6208957389367248, 0.5764316065657501], [-2.7678753304424433, -0.14270830200699655, -0.013573343282164096], [3.3051647581118773, 0.9359346354169922, 1.1124945924096348], [4.034933758793155, -0.4977529100864983, 0.19837001863643272], [-1.5575322485660985, 1.6490956742286154, 0.1994808078855635], [-1.6548741090897536, 0.6618794148313912, 1.6700986863705134], [-2.7792881423422, -1.1605968341830788, 0.3661919223314221], [-2.6824994676474145, -0.1789729322374963, -1.0960911597253875], [-3.6976523346240513, 0.3497113692366462, 0.25544365281713777]], "best_conformer_energy": -27.407915278222717, "fukui_radical": {"1": 0.06239185169759788, "2": 0.06020498309877446, "3": 0.03121108108756493, "4": 0.18817164625999705, "5": 0.03246348868222726, "6": 0.13672067950623867, "7": 0.06428979676876498, "8": -0.015117974136568617, "9": -0.01202646292497718, "10": 0.09038300171202386, "11": 0.09952804523682943, "12": 0.05666801237154811, "13": 0.056668015192075656, "14": 0.049053296112462515, "15": 0.04905346725344143, "16": 0.050337072082007835}}