{"smiles": "C=C(C)C(=O)OCC(C)C", "ip": 13.68117751916675, "ip_corrected": 8.83517751916675, "ea": 3.9275830482918868, "homo": -0.40830314076584756, "lumo": -0.2656532755027504, "charges": {"1": -0.08275413511637147, "2": -0.00838586051593139, "3": -0.10985961334381124, "4": 0.35240111811094943, "5": -0.41658779166580756, "6": -0.2671043445209747, "7": 0.07083546543507852, "8": -0.014567261983461574, "9": -0.10342926866827061, "10": -0.11349290512940283, "11": 0.054017990662605056, "12": 0.06131322473609662, "13": 0.06243857041032405, "14": 0.06729552000087596, "15": 0.04944583143290405, "16": 0.06336822625734016, "17": 0.04686599387000404, "18": 0.04098036529321755, "19": 0.0382908427741979, "20": 0.04606934946580201, "21": 0.03632262151662657, "22": 0.043054228589603685, "23": 0.04663641519685724, "24": 0.036845417191541274}, "dipole": [-0.04759777348186283, 0.7445932944406075, -0.25055185249581574], "global_electrophilicity": 0.8032307739164987, "global_nucleophilicity": -8.83517751916675, "fukui_electrophilicity": {"1": 0.09059462306100341, "2": 0.08127258332815368, "3": -0.03776002955680745, "4": 0.08317514211718052, "5": 0.1888591457095235, "6": 0.07518600285532984, "7": -0.02008822572562316, "8": -0.0003949000562186236, "9": -0.010686884889014522, "10": -0.011616550835409939, "11": 0.11734344231583925, "12": 0.10283002061050596, "13": 0.06233623011825028, "14": 0.05977392482682106, "15": 0.05896258495168699, "16": 0.02048242490678294, "17": 0.046974606656064684, "18": 0.015733143173655643, "19": 0.030977919400815387, "20": 0.00804030084168611, "21": -0.018150073467876657, "22": 0.013891547594666365, "23": 0.025127803630675263, "24": 0.017135218432302726}, "fukui_nucleophilicity": {"1": 0.037729791386876724, "2": 0.04395040134537205, "3": -0.01754997016907632, "4": 0.008067015188060522, "5": 0.10363271141392871, "6": 0.05451099612734733, "7": -0.0057804107806553595, "8": 0.009282154508918436, "9": -0.017521229961127316, "10": -0.017273872533865947, "11": 0.07431710649765548, "12": 0.05503054538841643, "13": 0.07272574334825144, "14": 0.06520306306494869, "15": 0.054875459917050555, "16": 0.03723049682330462, "17": 0.055706814781262486, "18": 0.08033171929176121, "19": 0.06078548718152247, "20": 0.05717753948858401, "21": 0.025881930687229562, "22": 0.0592033639948952, "23": 0.05948399763898944, "24": 0.04299914537082432}, "boltzmann_weights": [0.02868728457940537, 0.028686687017912965, 0.02871358252519393, 0.008253791146358361, 0.03246509069220652, 0.03244909708175515, 0.018354806545600344, 0.018354808128137487, 0.05045375206509875, 0.050453771218073505, 0.0504537524679475, 0.05045375430108022, 0.10215897598015486, 0.1021589736376411, 0.10216132879671626, 0.01842945890575611, 0.028710644547982937, 0.02871048151259015, 0.037128806254882026, 0.06092057284469081, 0.06092029037260045, 0.06092028937821518]}