{"smiles": "C=C(CC(=O)[O-])C(=O)OC", "ip": 14.364471358386822, "ip_corrected": 9.518471358386822, "ea": 8.308181013445857, "homo": -0.44661304318089096, "lumo": -0.4221609393222857, "charges": {"1": -0.044657209137906495, "2": 0.009324591158158702, "3": -0.048825315428509555, "4": 0.41063546035769843, "5": -0.36039075821635946, "6": -0.3360913936063395, "7": 0.3484041508574532, "8": -0.39039016491719347, "9": -0.2511122917453254, "10": 0.03253154072928591, "11": 0.10792161520940963, "12": 0.09872203722486704, "13": 0.11004792575573155, "14": 0.10215011265867585, "15": 0.07593083118969442, "16": 0.06692461742524734, "17": 0.06887425053577716}, "dipole": [-1.3047457552179622, 0.6860751397284983, 0.6107093771951256], "global_electrophilicity": 3.477734025316281, "global_nucleophilicity": -9.518471358386822, "fukui_electrophilicity": {"1": 0.045087212715369765, "2": 0.024317421144463156, "3": 0.053238123357070274, "4": 0.025682826155507876, "5": 0.18574017938344733, "6": 0.21339627806042344, "7": -0.0004255000714904478, "8": 0.0712511409847505, "9": 0.013155043621821016, "10": -0.017229732082236646, "11": 0.0812982544648153, "12": 0.05949756428680214, "13": 0.086265489481458, "14": 0.08537394989506739, "15": 0.02535805621638578, "16": 0.026436872156238425, "17": 0.02155682028046635}, "fukui_nucleophilicity": {"1": 0.03978718038874185, "2": 0.029674399461400103, "3": 0.029892481272068963, "4": 0.015553977970147126, "5": 0.13613724737245342, "6": 0.1574308038207232, "7": 0.002884307036233491, "8": 0.1146148005204905, "9": 0.05552082271876546, "10": -0.020657948352317393, "11": 0.06740259977461957, "12": 0.06414539670866483, "13": 0.06543696636384827, "14": 0.06740828575517396, "15": 0.050837710993213756, "16": 0.06494259208029914, "17": 0.05898837606509234}, "boltzmann_weights": [0.0007803702091198718, 0.000780369369560926, 0.0007803599895958352, 0.0007803688974008093, 0.0007422760820728312, 0.0007422788856767005, 0.0007422760839553033, 0.16577340383564107, 0.1657697730839725, 0.1657776903860038, 0.16577785344135415, 0.16577443620277937, 0.16577790946905593, 2.8028244506254904e-07, 2.8028238329091673e-07, 3.6749523241722264e-08, 3.674945931697744e-08]}