{"smiles": "C=C(C)C(=O)OCCNCCc1ccccc1", "ip": 12.507211293795324, "ip_corrected": 7.661211293795324, "ea": 4.758679178934287, "homo": -0.360805125990353, "lumo": -0.2702053904548713, "charges": {"1": -0.07751976941632702, "2": -0.009849002594422798, "3": -0.1101278487997723, "4": 0.3506651351121569, "5": -0.41778232407234045, "6": -0.26397590902146706, "7": 0.07012641881450357, "8": 0.013887315068645802, "9": -0.26125547712147246, "10": 0.023487416140374924, "11": -0.06836805006440463, "12": 0.012306571930383953, "13": -0.03778482627597917, "14": -0.030508391892556948, "15": -0.03309853883465864, "16": -0.030205660817418635, "17": -0.038211950628927197, "18": 0.0716185938097808, "19": 0.05716975581208949, "20": 0.051746915954487584, "21": 0.06121773727631016, "22": 0.05701628145177049, "23": 0.06669743066935989, "24": 0.06013782740139063, "25": 0.024946496513772756, "26": 0.042599456456204554, "27": 0.14201120394412542, "28": 0.004057123950454047, "29": 0.03420516914666877, "30": 0.036377363590138746, "31": 0.050604772655674264, "32": 0.027856055822242414, "33": 0.02943024436342433, "34": 0.029176152574071225, "35": 0.02992581710791086, "36": 0.0314204939738175}, "dipole": [-0.08083176991541738, 0.7578714717270533, 0.36221066855186507], "global_electrophilicity": 0.9253981277125599, "global_nucleophilicity": -7.661211293795324, "fukui_electrophilicity": {"1": 0.05470675274338979, "2": 0.04990194264574099, "3": -0.022620078004625246, "4": 0.0478803960311181, "5": 0.11077959139440313, "6": 0.05599055274990161, "7": -0.015375594163247686, "8": -0.0063010080707720725, "9": 0.007781864389236448, "10": -0.004669485002697142, "11": -0.007232465245716899, "12": 0.02798579132527254, "13": 0.02033103579883872, "14": 0.023965950064195336, "15": 0.02579691712163039, "16": 0.02405877130021839, "17": 0.02171047679698502, "18": 0.061729455700166545, "19": 0.07486254340608106, "20": 0.0375580874308407, "21": 0.040396376757154163, "22": 0.03641804312976908, "23": 0.033053037675916754, "24": 0.019678303094314842, "25": 0.0021638830572136593, "26": 0.024736707234958997, "27": -0.0008857251859389348, "28": 0.006451395377165926, "29": 0.012265653819369986, "30": 0.015766782386488265, "31": 0.020764660766036076, "32": 0.03327795290941162, "33": 0.04149596263596714, "34": 0.044409281920423746, "35": 0.04325844498222772, "36": 0.03790774114138208}, "fukui_nucleophilicity": {"1": 0.01848717022287922, "2": 0.018200110303066522, "3": -0.009908807186427657, "4": 0.003147367118138733, "5": 0.054992356737198766, "6": 0.014518855330619473, "7": -0.01209487884682655, "8": -0.02607520515857332, "9": 0.1174954463596003, "10": -0.023910115589421917, "11": -0.00856690146542935, "12": 0.026014839513203047, "13": 0.012386822601333454, "14": 0.020963253780944734, "15": 0.034904081918663614, "16": 0.017955741295250995, "17": 0.016582020984816537, "18": 0.027628382625277878, "19": 0.038306168728903266, "20": 0.029634788848563055, "21": 0.02758431340750083, "22": 0.01553160022557993, "23": 0.027989803719467327, "24": 0.029192596925559512, "25": 0.06114297563806309, "26": 0.04789992055048531, "27": 0.04830128684321014, "28": 0.06736328256035556, "29": 0.043910497734565346, "30": 0.0283811319466828, "31": 0.03397751597280713, "32": 0.03107960166488179, "33": 0.04290169235388312, "34": 0.04800921139265971, "35": 0.043008043613302537, "36": 0.03306502738631121}, "boltzmann_weights": [0.0005207797271402294, 0.0005208428300253364, 0.0003057666787540392, 0.000237514454340293, 0.00041590475805791416, 0.0006193441752221274, 4.922154517742442e-05, 0.0004747307233058011, 0.0009852552018089094, 0.00030575568920125374, 0.00010715348617436046, 0.00010718438815221954, 0.0014113065680277034, 0.0010878800531979715, 4.303030583316212e-05, 0.00023648116926109497, 0.00045713446368600294, 0.0024643800811125025, 0.00036581956628972705, 0.00036581944567150255, 0.0003658201908628382, 2.841889217693967e-05, 0.8697823960406044, 0.0005505523201546604, 0.0005505523333630563, 0.0030639962661377002, 0.00021871778386338918, 0.0002187164562208359, 0.00021871720679160213, 0.0005867310576213252, 0.006202464532166947, 5.462168472298216e-05, 2.4601584961398378e-05, 0.0008695864618062604, 0.000869614616697939, 6.314209582629457e-05, 6.559317842534815e-05, 4.2937664282717286e-05, 0.0003810660374710247, 0.000381067283513648, 0.0001682129204363227, 0.00011022238210679648, 0.001596248610418353, 0.00010164468728962586, 0.0035978703658253257, 0.0009405713124309453, 0.0008369791010053178, 0.0008366943459821573, 0.0008369797278665377, 0.0006059637583467323, 0.0004067149026879015, 0.00030330841746952533, 0.00030330892245363986, 0.00023735226596340554, 0.00355708457557945, 0.00015133751217487776, 0.0001513747669960897, 0.0003654426248200142, 0.0003033042857263695, 0.00030330933764790907, 0.00030330946133893394, 0.0004586621449509408, 0.0024683079449275168, 0.00015986904782160877, 0.00015986997766971803, 0.0002079948255649641, 0.0011887338922964988, 0.00045404314288208925, 0.00037762569236679056, 0.0004920086563082342, 0.0004921137509147361, 0.0011887405381915328, 0.0015962377411894984, 0.0014112916014006132, 0.0008696216957682284, 0.0007190661999627483, 0.00033073191923428175, 0.0003307292217217757, 0.0003307331210865433, 0.001168588189638012, 0.001016093807692562, 0.0010160917560343538, 0.00043760920177732823, 0.03160226731766997, 0.0015973444090189202, 0.0026750579783162824, 0.0001621961050003463, 1.0535718643675001e-05, 0.00020386187058861696, 0.00020386855421425493, 8.469976110414552e-05, 8.470106337430323e-05, 0.0003776564166167592, 0.00010192724991360803, 0.0001019272497479253, 5.3109534401802354e-05, 0.0044709986246714295, 0.0006059625294357621, 0.0006059661389176567, 8.094735927394383e-05, 0.0003654592657187702, 4.0945342210516816e-05, 1.675715561834368e-05, 0.0003654763022908571, 2.4822573794702853e-05, 3.486115343113183e-05, 0.00011177557976117123, 0.00011177691211812042, 0.00011574987226497366, 0.0009907575571370011, 0.0006560251579096437, 0.0019422035943506932, 0.0004916801738927433, 0.004297134534208875, 0.00016220757234439715, 5.362517772998027e-05, 0.0008906964200609688, 4.2642138544255464e-05, 0.000777450918407608, 8.316023169269335e-06, 3.487212369084251e-05, 0.000257493630444612, 9.93456746130771e-05, 0.0018637757273727894, 0.0002513434127292482, 0.0014771433945119025, 0.0002898785576500161, 0.0002562929226690252, 0.00025629350236270427, 7.220718774662206e-05, 0.00011213158542243018, 0.0007621552163391514, 0.0005570811810931815, 0.0006619082264439326, 0.0006619080804808646, 0.0006619071045818721, 0.0007621592869988553, 0.0005883043260167491, 0.0001549446793634508, 0.00015492811667756917, 0.0003533848057836194, 7.22148015245102e-05, 0.0005570819823248468, 0.00028987772105526803, 0.0002898773708280145, 0.00011213215243251686, 0.0023217876601065858, 0.0004580512399678349, 0.0007719628833574799, 0.0005883012738437774, 0.00018760775169064065, 0.00018760774133483115, 0.0001876075415193515, 0.000458026265081972, 0.00011625801279606126, 3.806941262333287e-05, 3.8068788569176946e-05]}