{"smiles": "C=C(C)C(=O)Nc1ccc(OC(=O)Cc2ccc(OC)cc2)cc1", "ip": 12.118254696517997, "ip_corrected": 7.272254696517997, "ea": 5.149186564881472, "homo": -0.377257129747566, "lumo": -0.2631017498478407, "charges": {"1": -0.09823310443296096, "2": -0.00899753326840344, "3": -0.10838900745896723, "4": 0.27319654642770247, "5": -0.4125984181092241, "6": -0.15625927341112195, "7": 0.07461297872756734, "8": -0.04607478985812758, "9": -0.04438935295693222, "10": 0.13697997112986604, "11": -0.2527920505386296, "12": 0.36460172070133684, "13": -0.40220567846679994, "14": -0.09356485679145338, "15": 0.007201942150502433, "16": -0.03741995812298585, "17": -0.06654066846590559, "18": 0.14181185197808832, "19": -0.2692332159348774, "20": 0.037724309870487374, "21": -0.054780183605448826, "22": -0.03741676846482372, "23": -0.040728467064000885, "24": -0.05362336238955398, "25": 0.05017478502978905, "26": 0.03804454978329417, "27": 0.054017188992724736, "28": 0.07553848014789895, "29": 0.048932937313801196, "30": 0.1794335623922972, "31": 0.08844468086947553, "32": 0.05925684782593744, "33": 0.06905082191347806, "34": 0.06735173809470178, "35": 0.04270366585294246, "36": 0.03794635983802643, "37": 0.061854840443165894, "38": 0.04031269497883381, "39": 0.04030469045240385, "40": 0.05021548854510536, "41": 0.04433657305834996, "42": 0.06047317492034059, "43": 0.03872428790208521}, "dipole": [0.34985707916464714, -0.6735044998769516, 1.2700648729237782], "global_electrophilicity": 1.0293218049555337, "global_nucleophilicity": -7.272254696517997, "fukui_electrophilicity": {"1": 0.03305518431372165, "2": 0.032403520497769574, "3": -0.016865891563762586, "4": 0.03467585081806154, "5": 0.0856526643503685, "6": 0.017736791025978305, "7": 0.020795314597980417, "8": 0.012058151487898551, "9": 0.014935381040354578, "10": 0.023396225836001566, "11": 0.029419125755426656, "12": 0.028507104494933988, "13": 0.062408944542950984, "14": -0.007194770792676303, "15": 0.011752270787211277, "16": 0.013918807594498504, "17": 0.010858320141433203, "18": 0.021033243064935092, "19": 0.022384168113331715, "20": -0.010255568346623348, "21": 0.012680331524006064, "22": 0.007521229563945901, "23": 0.010477729720976645, "24": 0.014342458795073232, "25": 0.0539339058383013, "26": 0.03924527368491798, "27": 0.02973563318351988, "28": 0.026346166979579394, "29": 0.03148625466395509, "30": 0.024536834479473246, "31": 0.02389289125792815, "32": 0.034769839518883225, "33": 0.028338029320324608, "34": 0.027596021408176484, "35": 0.02477919335217195, "36": 0.029037936987371348, "37": 0.018263841375605494, "38": 0.008789528977976815, "39": 0.01212310458742474, "40": 0.026903783720206173, "41": 0.0168906265094055, "42": 0.025882434379345065, "43": 0.031752112411519436}, "fukui_nucleophilicity": {"1": 0.01093817499854978, "2": 0.01282012838590367, "3": -0.009562235535204952, "4": 0.008268762293400511, "5": 0.06664855167298189, "6": 0.03237124817472603, "7": 0.017676759763327277, "8": 0.01457156265989526, "9": 0.01225747277633215, "10": 0.01791621214874184, "11": 0.02466356351667237, "12": 0.006131879105412408, "13": 0.04780951673338324, "14": -0.003472437572934861, "15": 0.03287788188510972, "16": 0.014271966988105532, "17": 0.018619187824077593, "18": 0.024833357234372494, "19": 0.07239510623606893, "20": -0.020704593529946903, "21": 0.019926838111261176, "22": 0.010038120942861453, "23": 0.00807050720059526, "24": 0.014677509499474363, "25": 0.03498065852660175, "26": 0.018274609333161905, "27": 0.019924314775450154, "28": 0.016340296085069025, "29": 0.02470229744189411, "30": 0.025156698105168906, "31": 0.02624697467261404, "32": 0.029508506642424194, "33": 0.03085918217950702, "34": 0.03209015716194494, "35": 0.03558318050821798, "36": 0.036734627195689436, "37": 0.03328254368754253, "38": 0.03241118323346059, "39": 0.034691661049599386, "40": 0.03648139994955742, "41": 0.03013459000917184, "42": 0.019555782207096938, "43": 0.02899629572270164}, "boltzmann_weights": [0.008901214498179306, 0.008901228353121036, 0.008901184426182667, 0.00890104587949129, 0.008781473772466858, 0.008901212891593185, 0.008781558955197383, 0.00783516084043997, 0.008901229592225486, 0.008900951500597165, 0.007835169520418229, 0.007835176419359782, 0.007713738525550506, 0.007713753450890276, 0.008781551725601983, 0.007713835930930468, 0.0077136963030530175, 0.008781586323669181, 0.007834930926346316, 0.007835168204829846, 0.007835034032720376, 0.007691169636419886, 0.00769109330135563, 0.007543640330068991, 0.00783496267669329, 0.004517140502035231, 0.0076912060710229505, 0.00890123746494373, 0.008901222549468377, 0.007691101545880669, 0.007691113409020143, 0.00890086636074455, 0.008781355020215932, 0.00877850758106354, 0.008901230985129675, 0.007691145547892098, 0.008781548853141674, 0.008781557392016111, 0.008781576957244895, 0.008901136454226083, 0.007690705762392026, 0.006799617274700742, 0.008781511902994638, 0.006799341829124669, 0.006799516111846253, 0.008781588493784912, 0.007543504332868033, 0.004401912066104257, 0.007543306569156691, 0.007543505595396361, 0.006682673901700712, 0.006682660428363923, 0.006682647073638135, 0.007713792412110912, 0.006799625806937843, 0.008781604054953892, 0.00783507605935674, 0.007690472812361593, 0.007691117779825679, 0.007543621279538458, 0.0077138327025284715, 0.00754282441542626, 0.007543685494673013, 0.004795626570400884, 0.006799759318485247, 0.00890122004151992, 0.00668215509485685, 0.0077137984376878825, 0.007835148446148167, 0.008901155961533031, 0.006682625694887576, 0.008901244086504825, 0.006682735584736697, 0.0067997729339618045, 0.006682533149036128, 0.007835192524500325, 0.007543720001090021, 0.0030230129388285976, 0.007543687954164706, 0.008900500220927896, 0.008901231365609457, 0.007691072928311151, 0.0076912326140867685, 0.006799727747792148, 0.004692795708799344, 0.004795614366095939, 0.004795593016919458, 0.004795534486606775, 0.004517357719978597, 0.003783052245134897, 0.0037830141559070858, 0.004692759314738698, 0.008781567821732828, 0.004692764916012424, 0.0038704973907883133, 0.00479562142839938, 0.003782899328394161, 0.0038704475517680366, 0.00294818998509437, 0.0068919465723484945, 0.006891421776098911, 0.006891144602173283, 0.006891770068605876, 0.006891668516493533, 0.006121510294297575, 0.0061225829468618135, 0.006122336850914221, 0.006120650297076307, 0.006122584990392325, 0.006122475486186913, 0.006891452431697589, 0.005905944330147211, 0.006122587912026576, 0.005905390118882213, 0.005906508666583551, 0.0061213331056685005, 0.005906232444603761, 0.006122455331133296, 0.006891951969845976, 0.0032940630607584637, 0.005906962747795441, 0.006891957582484388, 0.006891950084134102, 0.005906224456037968, 0.005322063787790862, 0.005322080252137043, 0.005321910054530758, 0.005320653386330366, 0.0068919589486129695, 0.0007151058947633632, 0.005906838152405759, 0.006122590041350989, 0.00348940521772914, 0.006891621337619421, 0.006891948789892304, 0.0053217625054658435, 0.006891879385922457, 0.005906964051146514, 0.002823763106841709, 0.0034895026761286555, 0.006122434239274266, 0.00282377614356665, 0.006120073608732341, 0.0032940883334949527, 0.006122580426176711, 0.0028237642557510387, 0.006122593075872237, 0.006122454893796008, 0.0003712499632288734, 4.810552856165502e-07, 4.809741805167934e-07, 4.946910646938599e-07, 4.0536147848684737e-07, 0.00034424682350869655]}