{"smiles": "C=C(C)N=C=O", "ip": 14.163688872602215, "ip_corrected": 9.317688872602215, "ea": 3.0044566882463295, "homo": -0.3972852824703561, "lumo": -0.2352486568258291, "charges": {"1": -0.11390455176368511, "2": 0.09881326150661239, "3": -0.11734053170008629, "4": -0.17094246387231296, "5": 0.31139573895423966, "6": -0.27757991436576007, "7": 0.0501268209408604, "8": 0.055168431009181625, "9": 0.05302291626580996, "10": 0.05315259219521826, "11": 0.05808770082992797}, "dipole": [-0.9686655664867889, 0.3278481400034461, 0.21464887591158927], "global_electrophilicity": 0.6260819687638476, "global_nucleophilicity": -9.317688872602215, "fukui_electrophilicity": {"1": 0.1006458843280425, "2": 0.10040789202739749, "3": -0.03958396971367753, "4": 0.10263015906663717, "5": 0.10006622133911952, "6": 0.19846354825877588, "7": 0.12394673037392695, "8": 0.11402395811190652, "9": 0.06855683202332352, "10": 0.06876487013997672, "11": 0.06207787404458269}, "fukui_nucleophilicity": {"1": 0.10706468004462852, "2": 0.06557929897928795, "3": -0.030099752678470093, "4": 0.12150427934531396, "5": 0.04356570046808711, "6": 0.19905200178833804, "7": 0.11516646838376582, "8": 0.10992722339298924, "9": 0.09929222577232072, "10": 0.09984781791143388, "11": 0.06910005659336238}, "boltzmann_weights": [0.5000011129038909, 0.499998887096109]}