{"smiles": "C=C(C#N)CO", "ip": 14.485397895645068, "ip_corrected": 9.639397895645068, "ea": 3.783972542850915, "homo": -0.4216219041429567, "lumo": -0.27286485502686514, "charges": {"1": -0.06632433841292562, "2": 0.019895305922793538, "3": 0.10911124472305711, "4": -0.22322543142640336, "5": 0.09536334720997637, "6": -0.4301407588140571, "7": 0.0798545652962792, "8": 0.05807158212229514, "9": 0.03252111612939846, "10": 0.03252116245736865, "11": 0.29235220479222435}, "dipole": [1.2246231265495544, 0.6010468280144229, -0.27709819782120876], "global_electrophilicity": 0.8593631363785483, "global_nucleophilicity": -9.639397895645068, "fukui_electrophilicity": {"1": 0.11040158162118766, "2": 0.10974819854055928, "3": 0.07962877495454537, "4": 0.26320647476710834, "5": -0.02361289683017108, "6": 0.015251268421332231, "7": 0.13445417119001965, "8": 0.12359902033966913, "9": 0.07008217941635286, "10": 0.07008226866712802, "11": 0.04715895891228186}, "fukui_nucleophilicity": {"1": 0.05730761316030539, "2": 0.059044727728301924, "3": 0.02346585682849736, "4": 0.21877509731356254, "5": -0.025026882751035012, "6": 0.13699348986324383, "7": 0.0869843056059643, "8": 0.09416053120673169, "9": 0.1391835665472399, "10": 0.13918374220764057, "11": 0.06992795229626497}, "boltzmann_weights": [0.10344614171408929, 0.10347931434659992, 0.7930745439393109], "best_conformer_elements": [6, 6, 6, 7, 6, 8, 1, 1, 1, 1, 1], "best_conformer_coordinates": [[-0.5491504271150545, 1.3055298009758423, 0.37026722006190455], [-0.45210091405804, -0.006304720140435557, 0.16891378953937608], [-1.5906580810911835, -0.843140467602878, 0.2563723673174114], [-2.507700310689999, -1.5278532355426495, 0.3170306967887693], [0.8409396780496725, -0.7189715887344252, -0.16753042392537473], [1.9092029945216678, 0.14339642933306335, -0.43930539445399075], [0.3216702722548117, 1.9378442673950265, 0.31812386735793124], [-1.4883101502106206, 1.7747914959832263, 0.6067893379326187], [1.1507126050938217, -1.3181132583471238, 0.6958514192551568], [0.6598137644734925, -1.410281551318975, -1.0059249852555912], [1.705580574063147, 0.6631028438747114, -1.2254845975937667]], "best_conformer_energy": -18.01733383273463, "fukui_radical": {"1": 0.07778717270843155, "2": 0.08688902601697691, "3": 0.053657371144682456, "4": 0.24864660185269144, "5": -0.020869785685921995, "6": 0.09183082136572984, "7": 0.11064080126444781, "8": 0.11258664108130378, "9": 0.08830347995255071, "10": 0.10657658855357413, "11": 0.04395128174553434}}