{"smiles": "C=C(C)C(=O)OCCCCCCCC", "ip": 13.088009119334622, "ip_corrected": 8.242009119334622, "ea": 3.8821623957326863, "homo": -0.40747771152103496, "lumo": -0.26521905646281035, "charges": {"1": -0.07840324090222069, "2": -0.009160308041642334, "3": -0.11126123256504918, "4": 0.34929367683445756, "5": -0.4200652128527707, "6": -0.264441131172876, "7": 0.08223641226850383, "8": -0.06634095525434712, "9": -0.06188746706110394, "10": -0.05932386274170164, "11": -0.059648420177472156, "12": -0.05962763886193405, "13": -0.05331128335411296, "14": -0.10261184716710076, "15": 0.07089998174224489, "16": 0.056174703667351715, "17": 0.05112360054476277, "18": 0.060083844797622805, "19": 0.060083893884867325, "20": 0.04823777479704177, "21": 0.04823772225494975, "22": 0.04930857306600184, "23": 0.049308529735719975, "24": 0.0354981999754736, "25": 0.035498215221364995, "26": 0.033318846079228484, "27": 0.03331882608171763, "28": 0.030963163216145242, "29": 0.030963162455475843, "30": 0.030897550529186742, "31": 0.030897577159708853, "32": 0.029377569214227794, "33": 0.02937757926800376, "34": 0.03369271493394312, "35": 0.033597765831837566, "36": 0.0336927165924903}, "dipole": [-0.38324661163545043, -0.9825119242944007, -0.20450534817428373], "global_electrophilicity": 0.7192681753397028, "global_nucleophilicity": -8.242009119334622, "fukui_electrophilicity": {"1": 0.09003711204222416, "2": 0.08227886563168023, "3": -0.036551342366836104, "4": 0.08187708683380845, "5": 0.17928637527974306, "6": 0.08660471392907387, "7": -0.020344076433934807, "8": -0.0037365875786190272, "9": -0.0034470831226835405, "10": -0.002492838533876225, "11": -0.0018073960151326895, "12": -0.0012553404040988939, "13": -0.0008428134481038504, "14": -0.0023377830363962016, "15": 0.09907273288286934, "16": 0.11922310088292379, "17": 0.057744424421883184, "18": 0.06362144734271812, "19": 0.06362148001250072, "20": 0.03046563274562496, "21": 0.030465657753324937, "22": 0.01465592899333068, "23": 0.01465597610708811, "24": 0.008841807360763385, "25": 0.008841777453400413, "26": 0.005873174039201935, "27": 0.005873233722658657, "28": 0.004028957386890356, "29": 0.00402889988069954, "30": 0.002839731697766204, "31": 0.0028397613685195895, "32": 0.002301330404285016, "33": 0.0023013365550224735, "34": 0.0025800977806159815, "35": 0.006274514957180923, "36": 0.0025801034738830338}, "fukui_nucleophilicity": {"1": 0.02463912152765657, "2": 0.03349149576341763, "3": -0.012947182617134803, "4": 0.011375721348032053, "5": 0.09701040449441295, "6": 0.036991376664820885, "7": -0.00922204211990664, "8": -0.002740344149421578, "9": -0.003849296147873396, "10": -0.005436223094157443, "11": -0.007590578754383057, "12": -0.007388083294701947, "13": -0.00530117444918668, "14": -0.014692950616687628, "15": 0.03864792080582234, "16": 0.0537199064286619, "17": 0.04452290906266289, "18": 0.03948900562471946, "19": 0.0394889901872019, "20": 0.02222706169298528, "21": 0.022227055040938068, "22": 0.02281312513558792, "23": 0.022813158317110435, "24": 0.02713434755043538, "25": 0.02713426110078511, "26": 0.03159657236593963, "27": 0.031596665746050245, "28": 0.040136594291859715, "29": 0.04013658915789699, "30": 0.05418165043240841, "31": 0.054181614990085156, "32": 0.06124472833409318, "33": 0.061244657327071655, "34": 0.044767555015306555, "35": 0.041587822622283575, "36": 0.0447675642152025}, "boltzmann_weights": [0.018448325063556377, 0.022233287479918037, 0.04967103857128238, 0.0051077249279685875, 0.0034882059174686873, 0.0036335418787750346, 0.008473646914066319, 0.00986696657155991, 0.009866701121159598, 0.007345306476725634, 0.008981858566095222, 0.00882314477443477, 0.011905477958840489, 0.009503383603429531, 0.009125047443141434, 0.011327404868952621, 0.031601368164635, 0.03160178718964934, 0.019704932454171827, 0.019704899596977642, 0.026486623155899138, 0.021247600010971163, 0.020389352785201407, 0.022412390352818803, 0.02425774141627451, 0.003014733191441739, 0.006186635482509173, 0.004201514099257022, 0.004201514124298744, 0.0039012203642829523, 0.0041878748938174604, 0.0018061109221112212, 0.0012802730481542757, 0.00520569219242253, 0.004967295515341708, 0.0037843502883091636, 0.003866726782218369, 0.0071040197238410995, 0.012470521565769888, 0.003198078334269743, 0.005639764825170456, 0.005381691448997224, 0.005883755576850695, 0.009068099200860113, 0.004221458324443068, 0.004221523902032704, 0.0057156949010312465, 0.004236544120245513, 0.012855264408593258, 0.007426994787385695, 0.0047618051187568846, 0.009218401616165493, 0.0038394450767442762, 0.009009020270552389, 0.00900902008411053, 0.005317004212516789, 0.004784399415350459, 0.0026954526323385323, 0.003367797091979553, 0.004967733412487834, 0.008117601131510705, 0.015684730623361835, 0.003239709961939112, 0.012520708871804027, 0.012450147070540731, 0.003492122937558587, 0.003359622393346007, 0.009403387758400704, 0.009445776172456026, 0.002056545488774169, 0.009716952040730333, 0.003718487141938183, 0.010591865088833856, 0.012872576726822117, 0.010520654682260268, 0.0017623146003885564, 0.0024724522601989644, 0.0005985868397560204, 0.0016968792845501817, 0.0020451381851468373, 0.023781952856211416, 0.0005360857123138527, 0.007215637796524095, 0.007222770359286781, 0.002812849782320313, 0.0018659173308827278, 0.003268040420454449, 0.007794534139957373, 0.007446505756763599, 0.001355998215826608, 0.005347288690939858, 0.0029842738640934088, 0.003958547321572307, 0.003932031331695196, 0.003932032449737231, 0.001254207790260726, 0.0031090470893390823, 0.004246406173723087, 0.0016582456769652103, 0.0019923197913139746, 0.0006203037356388264, 0.0006203033468352144, 0.0054768904958094914, 0.0017635849931248832, 0.0017599898934907005, 0.000710932344667869, 0.0007109322234882426, 0.004966453649166887, 0.0013808336114564195, 0.0009899278396447867, 0.0019949070732826345, 0.0024085631691902376, 0.004350702233938384, 0.0034166014651116883, 0.01993479341308326, 0.019935810906579254, 0.004459909249078328, 0.0021606009443753318, 0.00696974229577962, 0.0019300629694504721, 0.002599342282171786, 0.003130665006642423, 0.0013181647041261024, 0.0013181692375611308, 0.0009223574882106019, 0.00306144606600947, 0.0028844016272308115, 0.0017128622335028122, 0.005321465779413064, 0.0006751475672242121, 0.00478542148466416, 0.0029231861999469123, 0.0014175948695841483, 0.0014175950071487415, 0.0038052737305235814, 0.004296548790911333, 0.0008940781726781637, 0.004086210321453443, 0.00101950001539636, 0.002013532312619516, 0.001947354813282972, 0.0013344094420523857, 0.0004848871435372393, 0.0008209207630116895, 0.0008864401335870741, 0.0010156938159401627, 0.00010113980176602118, 0.008131067913323253, 0.00022448445703593747, 0.00019512868886077534, 0.0003390138480391313, 0.00021879474485476296, 0.0002526868077517572, 0.000344986930672264, 0.0004582759788258774, 0.00021225383510373354, 0.0005599690709976873, 0.00028313982610700617, 0.0008364690170873581, 0.00013999919574405, 0.0007303998793024272, 0.0003203980183305211, 0.0004333717780299845, 0.0008137989391511252, 0.00010356897962500767, 0.0007570557891786596, 0.0006339792468780433, 0.00023872960494059775, 0.00035468704207881587, 0.00018834636955779373, 0.0003214763323740827, 0.0004991818105822414, 0.0003267566687656061, 0.0004114004472403428, 0.0002527150335536198, 0.00012107584605833445, 0.0003033627360005186, 0.0005271256756431135, 2.4504795786953635e-05]}