{"smiles": "C=C(F)C(N)=O", "ip": 14.904379055410073, "ip_corrected": 10.058379055410073, "ea": 3.980898757981437, "homo": -0.4123564220943481, "lumo": -0.2762290819968303, "charges": {"1": -0.0912077483637569, "2": 0.13772411774015897, "3": -0.22739570769645528, "4": 0.27832221289747094, "5": -0.2535070843051775, "6": -0.4193356087384276, "7": 0.09481386113127654, "8": 0.08259448994625933, "9": 0.19695059549549723, "10": 0.2010408718931466}, "dipole": [0.6478866959287118, 0.5731108562549158, -0.1746755303013008], "global_electrophilicity": 0.9671409048782232, "global_nucleophilicity": -10.058379055410073, "fukui_electrophilicity": {"1": 0.10126273911268523, "2": 0.08527748052422396, "3": 0.09634272677837902, "4": 0.07560774262616732, "5": 0.06724561118833394, "6": 0.18055871546987573, "7": 0.11677961323101693, "8": 0.13062550630336126, "9": 0.07778747247772666, "10": 0.06851239228822878}, "fukui_nucleophilicity": {"1": 0.051154000460926066, "2": 0.06104103530764307, "3": 0.13929978257443698, "4": 0.030997488285098407, "5": 0.09089296073673692, "6": 0.2689804440604087, "7": 0.08256476443506924, "8": 0.12349741175013736, "9": 0.08147799892994897, "10": 0.07009411345961045}, "boltzmann_weights": [0.9998409486450359, 0.00015905135496401533]}