{"smiles": "C=C(C)C(=O)OCCN(CC)CC", "ip": 12.448291840798968, "ip_corrected": 7.6022918407989675, "ea": 3.9840215306860496, "homo": -0.3445303724260846, "lumo": -0.2675106367098162, "charges": {"1": -0.08239208651767044, "2": -0.008091599220240372, "3": -0.10988073043413707, "4": 0.35071000111923983, "5": -0.4173108614499686, "6": -0.26861258166372814, "7": 0.07114584280833672, "8": 0.00722473947087119, "9": -0.18465217140047832, "10": 0.008946973074530858, "11": -0.11045694469305359, "12": 0.013152275446463857, "13": -0.1110116780265268, "14": 0.05532695662278697, "15": 0.06229871894865789, "16": 0.05004515000420508, "17": 0.06426252561873232, "18": 0.0657351679368727, "19": 0.061485257551165844, "20": 0.06175172986448621, "21": 0.026345541233000633, "22": 0.04360693176133413, "23": 0.01154553459693481, "24": 0.04307408336631137, "25": 0.039227205411718084, "26": 0.045782433728601656, "27": 0.039609412962350064, "28": 0.039618413310825586, "29": 0.007345892599002171, "30": 0.03788277585608297, "31": 0.04793790149546759, "32": 0.038347188617818155}, "dipole": [0.07455901360289462, -0.6493029418108219, -0.1883933005372555], "global_electrophilicity": 0.6709353358484252, "global_nucleophilicity": -7.6022918407989675, "fukui_electrophilicity": {"1": 0.09067538818750889, "2": 0.08047981286749953, "3": -0.03775121910670379, "4": 0.08338576924203506, "5": 0.19131606520895778, "6": 0.07371577114104805, "7": -0.022308759894801036, "8": -0.0020898850089539275, "9": 0.00854758465442676, "10": -0.003722952659933193, "11": -0.006225457440804619, "12": -0.007696397384400339, "13": -0.005696064253560812, "14": 0.11712860483520084, "15": 0.10272853516360347, "16": 0.058789553133607855, "17": 0.06123190554795274, "18": 0.060390317169539305, "19": 0.025500143900797204, "20": 0.048033334793640435, "21": -0.0037006378447142427, "22": 0.016993300334271523, "23": 0.012970004981906287, "24": -0.013951994779480621, "25": 0.013306152231934858, "26": 0.002516545344114267, "27": 0.012218337479247426, "28": 0.017370876666933977, "29": 0.007314985860409591, "30": -0.004230673378534638, "31": 0.006958429531945018, "32": 0.01580262347529985}, "fukui_nucleophilicity": {"1": 0.025642653633271194, "2": 0.02636377517007181, "3": -0.012986893894400692, "4": 0.0031404320010483544, "5": 0.04411629379229326, "6": 0.02817144252234538, "7": -0.003728163988970884, "8": -0.02926643042190189, "9": 0.17345365954324846, "10": -0.02783341655209349, "11": -0.0115082984257949, "12": -0.02919246347807601, "13": -0.011823130286477981, "14": 0.04778173206005533, "15": 0.03301189438433934, "16": 0.03457606730189107, "17": 0.04450105492840607, "18": 0.03983410220223191, "19": 0.023035851547076318, "20": 0.03385283546599323, "21": 0.0714450905133055, "22": 0.045587405319341905, "23": 0.086553966532637, "24": 0.04097270517880723, "25": 0.027997905659619494, "26": 0.027766265404044595, "27": 0.04146047684731085, "28": 0.047554997325880886, "29": 0.08579298606275464, "30": 0.02368245472634451, "31": 0.028160795268702396, "32": 0.04188195365664207}, "boltzmann_weights": [0.0020671858599676067, 0.0020671765586155887, 0.002067678659033688, 0.0014643259236490251, 0.0014643261213209396, 0.00402474463778014, 0.00397412992258668, 0.0039741318667621504, 0.003974130965569245, 0.003974130913441046, 0.004793170749511932, 0.004793183358698394, 0.0047931814617651934, 0.004793183339941515, 0.003449582671965681, 0.003449582901527346, 0.009322364624338593, 0.009635505484975333, 0.009238955864320554, 0.007950935420942886, 0.007950948777023322, 0.00795093574363015, 0.015052128925602844, 0.015052135533116358, 0.022111384952289686, 0.012150695854275721, 0.03469054583039497, 0.0013564719413394143, 0.0013564767766492043, 0.0013564766914624922, 0.03869316473616805, 0.0018346651683474545, 0.0018346476098673428, 0.0018346478831270145, 0.0026530586433922837, 0.0014643540214067934, 0.001463813411815497, 0.002068525356084581, 0.002068524713946493, 0.0020683042862632527, 0.002068306122912055, 0.03469362872150115, 0.0009853994190500872, 0.0039742769573874745, 0.003974209463458603, 0.005715841394202923, 0.008398319316945974, 0.0017430462250290506, 0.00419188056218338, 0.004191881283037385, 0.0002969176278511177, 0.00029691759716552276, 0.003449738416827838, 0.009322592883207999, 0.009322593295449474, 0.009322593054390638, 0.0004848050462971316, 0.004793315306783051, 0.0022917649160758375, 0.0022917652591277807, 0.020604922452158368, 0.009238977773963474, 0.009238977294084155, 0.015061232566695724, 0.001787320396709727, 0.003903093134374201, 0.0039030931352553784, 0.004829518921170205, 0.0006581204283162413, 0.0006581218922103386, 0.02539679837148752, 0.0020685801362985232, 0.035082994881737495, 0.0020667633522392227, 0.0015045696443796027, 0.00030386008159930683, 0.0035184967519383404, 0.0017039736005943851, 0.003974723886933892, 0.003974726375074092, 0.005143782272597091, 0.013934414733169916, 0.013934603524806128, 0.012124444495628378, 0.007099285454050324, 0.0009308357489580333, 0.002069207990171788, 0.006502716765665177, 0.00650271840820048, 0.0050445038614137854, 0.007952271361892792, 0.007950022098179388, 0.006611689449813476, 0.015140366579818453, 0.018094734232812833, 0.01809473682918996, 0.018095297273816875, 0.004793216440210135, 0.01092582867537409, 0.014454836656864298, 0.017346814096617324, 0.00658367520996586, 0.006583678150028092, 0.00920328487291009, 0.00357775908358316, 0.0031113425254113308, 0.025396244011982073, 0.009812157842485477, 0.009812156657189477, 0.011135320641833838, 0.01113531928723226, 0.011135327632887866, 0.008137439036716695, 0.0007780551286383215, 0.003961956176652988, 0.022257797535782126, 0.022257208169139096, 0.0067706093343910395, 0.0005961780078463575, 0.0005961779991245723, 0.009091330166807412, 0.00909132782648587, 0.022255733704102314, 0.0067704829196739225, 0.006770476244126568, 0.001314742633254246, 0.0013147425026528484, 0.0008640445615860998, 0.0008640540009401458, 0.004571990054511608, 0.004763895988842516, 0.003868220579003732, 0.013414334105306775, 0.0018844383506333845]}