{"smiles": "C=C(C)C(=O)OCCCCCCCCCCCC", "ip": 12.762126412520837, "ip_corrected": 7.916126412520837, "ea": 3.9033369079540208, "homo": -0.408097525382166, "lumo": -0.26560374816115706, "charges": {"1": -0.07833824134539527, "2": -0.009630283669549822, "3": -0.11133183633993818, "4": 0.35062842631240465, "5": -0.4183202744963852, "6": -0.26537177302573683, "7": 0.07661123936227092, "8": -0.0646365795116244, "9": -0.0613968329511593, "10": -0.05904303569409163, "11": -0.05930459199551934, "12": -0.058900575961644615, "13": -0.058635598221190716, "14": -0.05840319720830562, "15": -0.058522277932229735, "16": -0.05909020292423652, "17": -0.052913213475141906, "18": -0.10216774930155768, "19": 0.07068785102772748, "20": 0.055948801908048025, "21": 0.060285538757798754, "22": 0.05993577968936188, "23": 0.05101765430350872, "24": 0.05073657754397591, "25": 0.05481298301819298, "26": 0.04208369762277117, "27": 0.05282835609162479, "28": 0.036830296008775014, "29": 0.03183768327351571, "30": 0.03207885912277372, "31": 0.035135172430116296, "32": 0.03175679861792525, "33": 0.030206452371176813, "34": 0.030884468530726145, "35": 0.029837681407285988, "36": 0.02995743032367082, "37": 0.029326416433134356, "38": 0.02968670289170576, "39": 0.02922855724511508, "40": 0.02860398731436927, "41": 0.028915125132256584, "42": 0.030003029352140477, "43": 0.029763900716144407, "44": 0.028468916181389567, "45": 0.028649881237483795, "46": 0.032695777654869626, "47": 0.0332095067690261, "48": 0.033352715402403796}, "dipole": [-0.04688218690282912, -0.8941066586832243, -0.05539465022160442], "global_electrophilicity": 0.6861714946627199, "global_nucleophilicity": -7.916126412520837, "fukui_electrophilicity": {"1": 0.08969178298745212, "2": 0.08177308934611066, "3": -0.03641500562676572, "4": 0.08349386034780548, "5": 0.1792393590362501, "6": 0.08545748513235013, "7": -0.022770840470597256, "8": -0.0034029335312769776, "9": -0.0038116185450684167, "10": -0.0020343709151479303, "11": -0.002158553980983899, "12": -0.0010305781015949797, "13": -0.0011005584590398076, "14": -0.0005620780883117613, "15": -0.0006234493716771664, "16": -0.0003455063189981705, "17": -0.000350904680986093, "18": -0.0010797619528800512, "19": 0.09876573318481618, "20": 0.11886892628272336, "21": 0.06336955661641866, "22": 0.06328822772310012, "23": 0.05760181286569923, "24": 0.04923324266833011, "25": 0.024003841907869087, "26": 0.016771052823337906, "27": -0.0028499672426584646, "28": 0.009194590459659598, "29": 0.014702482392799678, "30": 0.006490339619784829, "31": 0.0026268778988414038, "32": 0.004175997635064734, "33": 0.006003878087519735, "34": 0.0015737192926166647, "35": 0.002969282222722757, "36": 0.0020736665306186897, "37": 0.0029061640460965148, "38": 0.0008761873932391535, "39": 0.0015390817864491708, "40": 0.001622664415852057, "41": 0.0011740500354424852, "42": 0.000591507877613983, "43": 0.0009599362775623288, "44": 0.0011522319287053523, "45": 0.0008756728303584982, "46": 0.0032970978629277073, "47": 0.0012040402533590455, "48": 0.0009686875164784878}, "fukui_nucleophilicity": {"1": 0.019907830143776638, "2": 0.02654183173949122, "3": -0.011062695840017706, "4": 0.00860607924962875, "5": 0.07275755856316751, "6": 0.03262656607676767, "7": -0.007751006059430382, "8": -0.001441153640039397, "9": -0.0016933826906562477, "10": -0.000417116260816551, "11": -4.769637785558001e-05, "12": 0.000684470270892773, "13": 0.0004901268766480255, "14": 9.151255451986251e-05, "15": -0.001970850684829911, "16": -0.001179659797741081, "17": -0.0014353072844962844, "18": -0.010778336873746908, "19": 0.029582538400892325, "20": 0.04258141807329884, "21": 0.03374369674269684, "22": 0.030512508051333362, "23": 0.03518110607774216, "24": 0.02720228219627646, "25": 0.015488514736327362, "26": 0.01739541340645183, "27": 0.01420915766717596, "28": 0.01916462747384568, "29": 0.022551149870305466, "30": 0.023183881930658845, "31": 0.022452640803029174, "32": 0.026120767149585437, "33": 0.026647361285276942, "34": 0.02595142273727222, "35": 0.026400684258115995, "36": 0.025019631616885807, "37": 0.025283940202079823, "38": 0.024511774982888368, "39": 0.024727774922787372, "40": 0.030483963313279204, "41": 0.030333816008493445, "42": 0.040646487033902744, "43": 0.04074240931298298, "44": 0.044658126341297955, "45": 0.04457176629354147, "46": 0.04037436625167602, "47": 0.033202820198506074, "48": 0.033145182698939235},