{"smiles": "C=C[Si](C)(C)C", "ip": 13.092631824455776, "ip_corrected": 8.246631824455775, "ea": 2.8248386772006113, "homo": -0.38385606747685164, "lumo": -0.22108399586946226, "charges": {"1": -0.07800803959333315, "2": -0.13320545714476292, "3": 0.4779354728764774, "4": -0.20426573786269192, "5": -0.20285943365988307, "6": -0.20285942039057925, "7": 0.030171880366185212, "8": 0.025421289293148384, "9": 0.029289729736420217, "10": 0.02586207202474629, "11": 0.026530701139392265, "12": 0.026530715743178473, "13": 0.02939753348463589, "14": 0.031389905483923744, "15": 0.028940700829771595, "16": 0.029397525014403347, "17": 0.028940679410514737, "18": 0.03138988324844744}, "dipole": [-0.07906257279380532, 0.005181516593672483, -0.03922148868406266], "global_electrophilicity": 0.47182099418990536, "global_nucleophilicity": -8.246631824455775, "fukui_electrophilicity": {"1": 0.09600973524588123, "2": 0.06431636590242171, "3": 0.12631050461722865, "4": -0.02762706211685456, "5": -0.026576177708556636, "6": -0.02657622838492718, "7": 0.10735156707561183, "8": 0.11141801973439346, "9": 0.07852728495804492, "10": 0.06812351680211823, "11": 0.05773562759671387, "12": 0.05773553946322214, "13": 0.04452702463915245, "14": 0.06000449189222584, "15": 0.05209410112502605, "16": 0.04452699009843473, "17": 0.052094191624514445, "18": 0.06000450743534353}, "fukui_nucleophilicity": {"1": 0.015913002257891766, "2": 0.040899074802745516, "3": 0.0876935698368021, "4": -0.0037419197226296608, "5": 0.0009223835641080924, "6": 0.0009223028124055732, "7": 0.11030855147044008, "8": 0.08064698265937922, "9": 0.09045664091815982, "10": 0.06569048568948073, "11": 0.06434705043543276, "12": 0.0643470589118583, "13": 0.06331037965330485, "14": 0.06687694704377711, "15": 0.06061009530136942, "16": 0.06331036346593791, "17": 0.06061008529193409, "18": 0.06687694580575788}, "boltzmann_weights": [0.24996265322479466, 0.250037326633969, 0.2499624110296455, 0.25003760911159084]}