{"smiles": "C=Cc1cc2ccccc2o1", "ip": 12.807922080056205, "ip_corrected": 7.961922080056205, "ea": 4.604206792377475, "homo": -0.3749179985269607, "lumo": -0.26325098335585945, "charges": {"1": -0.07959743029377227, "2": -0.03777577221893676, "3": 0.12221218647202484, "4": -0.07669172198409993, "5": -0.012973824703000271, "6": -0.03730389401604482, "7": -0.038049062798635305, "8": -0.03474158775793536, "9": -0.05235364091194422, "10": 0.1246898338420445, "11": -0.21073451990389658, "12": 0.05648817065921409, "13": 0.044091459765616896, "14": 0.04478863932363663, "15": 0.037585145149739374, "16": 0.03534701743320986, "17": 0.03434765439381011, "18": 0.0369685751377845, "19": 0.043702772411186544}, "dipole": [-0.09846109127441327, 0.14668118679437914, 0.10301542235805061], "global_electrophilicity": 0.9081310680128482, "global_nucleophilicity": -7.961922080056205, "fukui_electrophilicity": {"1": 0.06476687763204274, "2": 0.03658571328870845, "3": 0.04911700052686177, "4": 0.04556333876217851, "5": 0.026557181197693194, "6": 0.04687355218038808, "7": 0.020462925957800027, "8": 0.04262759547503432, "9": 0.04005632561566194, "10": 0.014192613203722046, "11": 0.056042064412328785, "12": 0.07102219623406947, "13": 0.0854866446462794, "14": 0.07010932238819127, "15": 0.0690560444553051, "16": 0.06533130928882407, "17": 0.0646255821576272, "18": 0.06899807374071946, "19": 0.0625256388365609}, "fukui_nucleophilicity": {"1": 0.05665687706188893, "2": 0.027069912489882886, "3": 0.053302709880386434, "4": 0.05435824831479848, "5": 0.03480094942437529, "6": 0.04313414986842393, "7": 0.022037159232932618, "8": 0.05345806282533801, "9": 0.03382217201224943, "10": 0.024654032845480137, "11": 0.0565483665833339, "12": 0.0614189247695541, "13": 0.07873489306020764, "14": 0.06308967298949947, "15": 0.0730023915771812, "16": 0.06494045124477502, "17": 0.06528392096282129, "18": 0.0713560781433798, "19": 0.06233102671512246}, "boltzmann_weights": [0.5917858422229694, 0.4082141577770307], "best_conformer_elements": [6, 6, 6, 6, 6, 6, 6, 6, 6, 6, 8, 1, 1, 1, 1, 1, 1, 1, 1], "best_conformer_coordinates": [[3.764609545667712, 0.01861617837940304, 0.1794833174425406], [2.7741548013844577, 0.7815899414990088, 0.632703341900424], [1.377716043908649, 0.5165320196521136, 0.3978815092039906], [0.2812176536998444, 1.2229618444129382, 0.8095365152725139], [-0.8569435339869609, 0.5317515634077508, 0.3084617442161538], [-2.2370727392768712, 0.7204189201770862, 0.3700693151320678], [-3.047277140299024, -0.19572915277710817, -0.26302421449720575], [-2.514031568915561, -1.2878988535857414, -0.9511143229679163], [-1.1514845296918683, -1.4983367415572022, -1.0276919425139417], [-0.33473261505100393, -0.577680971227969, -0.3913695533089672], [1.0144491207832143, -0.5787664185961574, -0.3321009420313207], [3.5651668733951345, -0.8636335294306339, -0.4043672207675608], [4.795584136001171, 0.2526623911207403, 0.37784779168021887], [2.971144258343671, 1.6681634354896906, 1.2192627477298144], [0.28617812450320146, 2.120270707402745, 1.394556081832542], [-2.6516951131831736, 1.5636737905731701, 0.9012085033479129], [-4.119717573208658, -0.07228513390876394, -0.23024642931507777], [-3.1842841411623097, -1.982995541412274, -1.4339216662503866], [-0.7329816029116436, -2.3393144549105758, -1.5571745866893896]], "best_conformer_energy": -29.527799752883197, "fukui_radical": {"1": 0.06071307423291133, "2": 0.03182454105828508, "3": 0.05121071580733689, "4": 0.04995266524604019, "5": 0.03068191281231484, "6": 0.04500573350808808, "7": 0.02124637218751397, "8": 0.048044272312038144, "9": 0.0369313142072167, "10": 0.019428755562946987, "11": 0.05629366167648153, "12": 0.06621826806160604, "13": 0.08211252264737393, "14": 0.06660441873055076, "15": 0.07102828728445064, "16": 0.06514350317772559, "17": 0.06495344092447644, "18": 0.07017518000642141, "19": 0.06243136055700186}}