{"smiles": "C=CC", "ip": 14.559071202340693, "ip_corrected": 9.713071202340693, "ea": 1.1856245964702454, "homo": -0.39687192412264355, "lumo": -0.19632245509486582, "charges": {"1": -0.09639661211633732, "2": -0.02387665138596521, "3": -0.10388338917223337, "4": 0.034425873979990904, "5": 0.0317849409046224, "6": 0.02888415822469284, "7": 0.04383834631222793, "8": 0.04138500681216287, "9": 0.04383832644083566}, "dipole": [0.17861695610734413, -0.01021687784848415, 0.006191359280875252], "global_electrophilicity": 0.34242412887847207, "global_nucleophilicity": -9.713071202340693, "fukui_electrophilicity": {"1": 0.12820663598224072, "2": 0.1683982645058509, "3": -0.05603279107837224, "4": 0.16198257998788823, "5": 0.1601270007636721, "6": 0.1518156876090052, "7": 0.10525682641818779, "8": 0.07498900705763117, "9": 0.10525678875389388}, "fukui_nucleophilicity": {"1": 0.10832602183193435, "2": 0.08542284056049756, "3": -0.02194474887748872, "4": 0.12727557680127327, "5": 0.13504858366426392, "6": 0.12078594221465042, "7": 0.17319524065805667, "8": 0.0986954751513629, "9": 0.17319506842969906}, "boltzmann_weights": [1.0]}