{"smiles": "C=Cc1ccc(C)cc1", "ip": 12.884347642326931, "ip_corrected": 8.038347642326931, "ea": 3.914303189993525, "homo": -0.37512801794705886, "lumo": -0.24533751337290016, "charges": {"1": -0.08744785139078788, "2": -0.030115495577098583, "3": 0.009304010319346412, "4": -0.035847412756155474, "5": -0.040504823244843474, "6": 0.016453988368590813, "7": -0.10833751094408631, "8": -0.0404926669439273, "9": -0.034213256390074984, "10": 0.03708721226155919, "11": 0.03418873790113171, "12": 0.03143183794370695, "13": 0.028348518388096596, "14": 0.027746996662355562, "15": 0.046947061911051136, "16": 0.0421792467014917, "17": 0.04212893786806798, "18": 0.028047650358797794, "19": 0.03309481856278135}, "dipole": [-0.26412474114261575, -0.023148796999923338, -0.013347242259022452], "global_electrophilicity": 0.7037936980259771, "global_nucleophilicity": -8.038347642326931, "fukui_electrophilicity": {"1": 0.07028570246651249, "2": 0.04279349131220095, "3": 0.058921996703787075, "4": 0.030818698155240874, "5": 0.023941879078710843, "6": 0.08246835087991435, "7": -0.029410804442483923, "8": 0.021649659864741197, "9": 0.03076812942290559, "10": 0.08127124189651205, "11": 0.09570495258978629, "12": 0.07882787615860144, "13": 0.0660110942718334, "14": 0.07107789204406599, "15": 0.05458756499048334, "16": 0.045740991838956566, "17": 0.04595031453424392, "18": 0.0696109583704403, "19": 0.05898000986355338}, "fukui_nucleophilicity": {"1": 0.06329969627265324, "2": 0.032875858682648654, "3": 0.059249389804266805, "4": 0.028912308082264603, "5": 0.028178259701654218, "6": 0.06709644096068755, "7": -0.023434258567618743, "8": 0.02711107582378689, "9": 0.027802481147866695, "10": 0.06887121489499143, "11": 0.08445002014922469, "12": 0.06735100213657658, "13": 0.06284792431929435, "14": 0.06531026772374804, "15": 0.0933532282348481, "16": 0.06319563943083982, "17": 0.0631830719480912, "18": 0.06395804659094788, "19": 0.05638833276920699}, "boltzmann_weights": [0.4999968583924064, 0.5000031416075937]}