{"smiles": "C=CC(=O)OC1CC(C)CCC1C(C)C", "ip": 13.166262881216992, "ip_corrected": 8.320262881216992, "ea": 4.074598561299166, "homo": -0.4079806141817178, "lumo": -0.273501408951703, "charges": {"1": -0.06343880980351313, "2": -0.05784277342636503, "3": 0.3585906490215655, "4": -0.4222232155436433, "5": -0.2679135764535858, "6": 0.10805743032311185, "7": -0.06695307966659578, "8": -0.015797818590114913, "9": -0.10815209166473957, "10": -0.06504144175689312, "11": -0.0640308505131312, "12": -0.030681824837347833, "13": -0.010573099360241069, "14": -0.10623866788692829, "15": -0.10875623578109286, "16": 0.060049497808644214, "17": 0.0703829291636577, "18": 0.06911335251095801, "19": 0.05416953660463886, "20": 0.038985088076584525, "21": 0.04467172158862838, "22": 0.03274464278878816, "23": 0.03834003035305474, "24": 0.03689686078962411, "25": 0.03786279831465527, "26": 0.03468687118724011, "27": 0.035553472290635206, "28": 0.03818677850771046, "29": 0.040814863007950675, "30": 0.03990348619643368, "31": 0.027805662700302405, "32": 0.03161192881131785, "33": 0.03600749963169181, "34": 0.03617475461577689, "35": 0.03466021303478198, "36": 0.034915110521690065, "37": 0.047458307434743}, "dipole": [-0.5803413264181841, -0.011817878101819888, 0.946209042451147], "global_electrophilicity": 0.783482911834208, "global_nucleophilicity": -8.320262881216992, "fukui_electrophilicity": {"1": 0.10000944334936474, "2": 0.06705289363338228, "3": 0.08454943041696567, "4": 0.1932444823968119, "5": 0.07488561337361777, "6": -0.010071254593886109, "7": -0.0029793685274855652, "8": 0.0007763186071608058, "9": -0.007965656925253972, "10": -0.008538453129588217, "11": -0.005617339991541154, "12": -0.0012033731756772512, "13": 0.0001631051734297187, "14": -0.0081466706829674, "15": -0.007650942610088821, "16": 0.12597971743890968, "17": 0.11433368350610715, "18": 0.10546601548789772, "19": 0.014112073402425901, "20": 0.003952463616524536, "21": 0.01384249039247384, "22": 0.008723680250203522, "23": 0.018219202721752974, "24": 0.009200711452583658, "25": 0.007879387681011103, "26": 0.02228378743631417, "27": 0.01133398713417054, "28": 0.010194993270725965, "29": 0.021590308806301212, "30": 0.013670494266112759, "31": -0.02713689845423437, "32": 0.00951654447161937, "33": 0.01353615734793049, "34": 0.01724229981041113, "35": 0.01463833061078025, "36": 0.021638670100612288, "37": -0.0187263280648675}, "fukui_nucleophilicity": {"1": 0.014563969769885214, "2": 0.01294434079663833, "3": 0.009917034512269718, "4": 0.08593065926576382, "5": 0.03185056129348657, "6": 0.0028477018644979535, "7": -0.0022144399008984517, "8": 0.008730602300240774, "9": -0.012339963941244675, "10": -0.0013325477895656662, "11": -0.0024947024008378643, "12": 0.009225891469819454, "13": 0.0057701941860778885, "14": -0.012841759396170271, "15": -0.01618379366981973, "16": 0.05674175312300961, "17": 0.030758740236974114, "18": 0.04417707297900578, "19": 0.02115831387175314, "20": 0.05110839147576834, "21": 0.032678308994749425, "22": 0.03196199386224471, "23": 0.03860742794143183, "24": 0.029391023664495038, "25": 0.04042920368879036, "26": 0.05723023654727261, "27": 0.03625043818251376, "28": 0.031453632014766, "29": 0.055802856250016894, "30": 0.03073967570539654, "31": 0.05393029292792692, "32": 0.028813408545606725, "33": 0.044817964090981405, "34": 0.03776420117282257, "35": 0.04471873721594527, "36": 0.04293288378853574, "37": 0.024159695358956956}, "boltzmann_weights": [0.3385381818784003, 0.029307380178182758, 0.02481960645970191, 0.010192612816128942, 0.021003494173432943, 0.21745254254216376, 0.21745266211456232, 0.014978419813503029, 0.02101589941731997, 0.02101592950177881, 0.021015926327300326, 0.05841510871059907, 0.0009070281084723576, 0.000760134940926657, 0.0002547084697729601, 0.0002547085076163239, 0.00026697130554279914, 8.200323231162028e-05, 8.200323189074972e-05, 0.001034996994808589, 0.0006092050494136656, 9.144495493252112e-05, 3.0497307944322605e-05, 7.170209876325204e-05, 3.498060270179985e-05, 2.9003826419096042e-05, 3.4068828467853856e-05, 5.3117914109273146e-05, 1.592429216496918e-05, 7.69134115271077e-05, 5.699494554833107e-06, 3.748446091475166e-05, 2.4690832900383983e-05, 2.5639613576542837e-06, 6.963514648632988e-06, 3.838538941591742e-06, 6.321102467264011e-06, 6.321099710438243e-06, 4.4393919928182075e-06, 4.440518786360893e-06, 5.855602761232825e-08, 1.5168378240380163e-09]}