{"smiles": "C=CC(=O)Oc1ccccc1", "ip": 13.618107737625772, "ip_corrected": 8.772107737625772, "ea": 4.809903806634198, "homo": -0.40381863717253796, "lumo": -0.28163909170247814, "charges": {"1": -0.058697575230544585, "2": -0.059078820089381937, "3": 0.358313489924617, "4": -0.40214394817651916, "5": -0.2557865232145094, "6": 0.14478428600733384, "7": -0.0457280457000602, "8": -0.027924791440420323, "9": -0.032879279515904365, "10": -0.027264163568988198, "11": -0.04277164200386252, "12": 0.06404607991250745, "13": 0.0792501145849298, "14": 0.06520181278393318, "15": 0.051018520814164504, "16": 0.04253526322117166, "17": 0.04083929293154401, "18": 0.04420069090979635, "19": 0.06208523785019292}, "dipole": [0.13977273392444303, 0.49919987476923194, 0.5294913041813691], "global_electrophilicity": 1.0830513561470765, "global_nucleophilicity": -8.772107737625772, "fukui_electrophilicity": {"1": 0.06819530190483203, "2": 0.04195535312777236, "3": 0.05589248517644235, "4": 0.1328980049642668, "5": 0.05740769525885331, "6": 0.02196318122204924, "7": 0.023894082173491288, "8": 0.022116298665419053, "9": 0.041643649197757475, "10": 0.023018025151225766, "11": 0.01623330010051463, "12": 0.09406123582070514, "13": 0.0777648709143777, "14": 0.07879638088847488, "15": 0.045319445513468976, "16": 0.055267534826041936, "17": 0.06048078832061585, "18": 0.053286678479378013, "19": 0.029805688294321023}, "fukui_nucleophilicity": {"1": 0.024625735768245477, "2": 0.020710782535155542, "3": 0.016026752399000477, "4": 0.11734180159477414, "5": 0.07497399821718642, "6": 0.04130487040009795, "7": 0.03470697832144712, "8": 0.027712498344328394, "9": 0.05488076835294033, "10": 0.03353155173029161, "11": 0.02280099942248958, "12": 0.07762101269318748, "13": 0.054714210406445654, "14": 0.06226735519324335, "15": 0.06241190418173865, "16": 0.07399181094489296, "17": 0.0751452953460364, "18": 0.06814232612010875, "19": 0.057089348028396616}, "boltzmann_weights": [0.41964516560905796, 0.4196507427729124, 0.03227326531813088, 0.12843082629989883]}