{"smiles": "C=CCOC(=O)C(C)(C)C", "ip": 13.601041880694957, "ip_corrected": 8.755041880694957, "ea": 3.1010806742797032, "homo": -0.4044025170541597, "lumo": -0.22577802578306622, "charges": {"1": -0.08501869808197408, "2": -0.03562121440349783, "3": 0.08315493904142279, "4": -0.25778938542563196, "5": 0.35237055425215796, "6": -0.4131762952120601, "7": 0.005228933672409938, "8": -0.1080792168791937, "9": -0.10807919814751292, "10": -0.11020344819014666, "11": 0.055568186968031445, "12": 0.046273489501243485, "13": 0.04429191558129433, "14": 0.05829585316288409, "15": 0.05829585788886773, "16": 0.04751743484367727, "17": 0.04816178412680475, "18": 0.0404668343626073, "19": 0.04046683856430719, "20": 0.04816176421978169, "21": 0.04751744966961218, "22": 0.042702499210468425, "23": 0.04974654340182497, "24": 0.04974657787262659}, "dipole": [0.4372955064121697, 0.6897269663830518, 0.29486716036315047], "global_electrophilicity": 0.5850238071086855, "global_nucleophilicity": -8.755041880694957, "fukui_electrophilicity": {"1": 0.062231699136182775, "2": 0.07271060752341962, "3": -0.029289001860621625, "4": 0.07451605582273907, "5": 0.09173233040940959, "6": 0.1612453154384753, "7": 0.007138557035426596, "8": -0.013901181528803014, "9": -0.01390117390456004, "10": -0.020690904287180997, "11": 0.07467279765855024, "12": 0.09256165276006412, "13": 0.08742937902117276, "14": 0.06327433320168797, "15": 0.06327433568491024, "16": 0.04363922095227067, "17": 0.010380870460965474, "18": 0.021031342301790764, "19": 0.021031331539409167, "20": 0.010380898347956899, "21": 0.0436392420895153, "22": 0.03926113854449589, "23": 0.018815574515596494, "24": 0.01881557913713396}, "fukui_nucleophilicity": {"1": 0.0435237849530508, "2": 0.03939715873928637, "3": -0.015774058541588767, "4": 0.0546474241293603, "5": 0.02524139967937905, "6": 0.13977252262167972, "7": 0.030179040452077158, "8": -0.01601616790435001, "9": -0.01601613580169539, "10": -0.020555503670898256, "11": 0.048696968496048605, "12": 0.07020654810306307, "13": 0.06866507221347444, "14": 0.06503255551377539, "15": 0.06503255941588137, "16": 0.07091536862592707, "17": 0.03035075282090851, "18": 0.040763154141469, "19": 0.04076314222770677, "20": 0.030350766359279954, "21": 0.07091537313611448, "22": 0.06353207210888577, "23": 0.03518813495484859, "24": 0.03518806731501405}, "boltzmann_weights": [0.018803279130366567, 0.018803304319397068, 0.018803279731048353, 0.04660693517270884, 0.046607101220080355, 0.04660711441842729, 0.046607080846301434, 0.046607097215682285, 0.046606919489780345, 0.04660693580544151, 0.0466070954696989, 0.040750567519982836, 0.04075055530820411, 0.04075055870607191, 0.04075055460869725, 0.04075056138940634, 0.04075056382035415, 0.046604478610142025, 0.046604483423426754, 0.046604482162587405, 0.046604481449923844, 0.04660418135815604, 0.04660419036494578, 0.04660419845916869]}