{"smiles": "C=Cc1cccc(O)c1", "ip": 13.090494426367663, "ip_corrected": 8.244494426367662, "ea": 4.011416891774522, "homo": -0.37861527813277457, "lumo": -0.2513430347066676, "charges": {"1": -0.08574728883858951, "2": -0.02940898076661249, "3": 0.014718229868381283, "4": -0.04502456767311002, "5": -0.0309051639422181, "6": -0.05439442593690103, "7": 0.14501675809099146, "8": -0.39443869098525663, "9": -0.07529095102600183, "10": 0.0406267774801733, "11": 0.03734340456904057, "12": 0.032669489625144627, "13": 0.03719557417711643, "14": 0.03617249448305593, "15": 0.048930056676244574, "16": 0.2977903188839269, "17": 0.02474696531460957}, "dipole": [0.3190937012091567, -0.4952015007245754, -0.012369189578206985], "global_electrophilicity": 0.755952153915494, "global_nucleophilicity": -8.244494426367662, "fukui_electrophilicity": {"1": 0.07259978663061831, "2": 0.04363980731865489, "3": 0.062003746730861925, "4": 0.02562950162686855, "5": 0.029233324428297118, "6": 0.06461406065405703, "7": 0.03407797792873432, "8": 0.04869610446719441, "9": 0.03552170756253986, "10": 0.08417547608114907, "11": 0.09833414141356378, "12": 0.08039861851295305, "13": 0.060013039039148106, "14": 0.07457225447809854, "15": 0.08224257574715191, "16": 0.036129908525959376, "17": 0.06811796885414151}, "fukui_nucleophilicity": {"1": 0.05583491343216167, "2": 0.03142864408035342, "3": 0.04507183157207553, "4": 0.06294917292319482, "5": 0.022972592635492194, "6": 0.06531704505142064, "7": 0.04445894646976384, "8": 0.10648895138910075, "9": 0.016724009959339328, "10": 0.06338895586002838, "11": 0.08142226210396455, "12": 0.06582307060746363, "13": 0.07115764775514441, "14": 0.07352902796126749, "15": 0.07969019687367788, "16": 0.05215855779309503, "17": 0.061584173969974065}, "boltzmann_weights": [0.4929849484749033, 0.5070150515250966]}