{"smiles": "C=CCOC(=O)C(=C)C", "ip": 13.773137075792265, "ip_corrected": 8.927137075792265, "ea": 4.2604828385447515, "homo": -0.41017489010419134, "lumo": -0.26824635648289524, "charges": {"1": -0.0892193647250447, "2": -0.03265717699052694, "3": 0.07592458639555677, "4": -0.26793626136346327, "5": 0.35237293784830315, "6": -0.41495449822727115, "7": -0.007994276419587332, "8": -0.08181039542920744, "9": -0.11001319279638161, "10": 0.045845384792547024, "11": 0.0507463988780896, "12": 0.05421075147648364, "13": 0.05915645753569027, "14": 0.06825668331738605, "15": 0.055303110897363256, "16": 0.062211457408551114, "17": 0.06813345030154801, "18": 0.06214254792584413, "19": 0.050281399174119557}, "dipole": [0.07784024731442983, 0.21531197895716384, -0.7153367413091742], "global_electrophilicity": 0.9143428986781614, "global_nucleophilicity": -8.927137075792265, "fukui_electrophilicity": {"1": 0.041943186139726044, "2": 0.032521950704811335, "3": -0.020580127018528904, "4": 0.06266256526477221, "5": 0.05816840246233784, "6": 0.148127814604322, "7": 0.06391247590318436, "8": 0.06939724318576738, "9": -0.031116716885760315, "10": 0.059433905466471204, "11": 0.06437850259065064, "12": 0.03703891941133944, "13": 0.050323927210755834, "14": 0.04027766218657309, "15": 0.0958672135441336, "16": 0.07784085082017547, "17": 0.047839864020478434, "18": 0.05211701214346612, "19": 0.0498453482453233}, "fukui_nucleophilicity": {"1": 0.04974990052659045, "2": 0.041015643446016374, "3": -0.011970795308429552, "4": 0.055203621837628114, "5": 0.0111207464753047, "6": 0.11656211999847343, "7": 0.049412882211756964, "8": 0.03995748856813339, "9": -0.017978142738569708, "10": 0.06992158098840454, "11": 0.07576871525297812, "12": 0.052592421047758194, "13": 0.05554663493276767, "14": 0.05693788025316532, "15": 0.08120505467678232, "16": 0.06170710297420048, "17": 0.07159319122355066, "18": 0.08030964527993921, "19": 0.061344308353500965}, "boltzmann_weights": [0.07092425650468785, 0.07092425384000194, 0.07956533948672785, 0.15919610934377582, 0.15919608632074597, 0.07092417392749245, 0.07092417254057641, 0.15919477373740779, 0.15915083429858398]}