{"smiles": "C=CCCl", "ip": 14.213946227455073, "ip_corrected": 9.367946227455073, "ea": 2.17688200001446, "homo": -0.4078242516957039, "lumo": -0.2166084654455156, "charges": {"1": -0.08358621194878006, "2": -0.03275129137220752, "3": 0.03214284447351266, "4": -0.20667713380700617, "5": 0.06169173416013419, "6": 0.04689873838856144, "7": 0.04473259978264676, "8": 0.06877520405139097, "9": 0.06877351627175422}, "dipole": [0.16298105997388634, -0.6016179972702281, 0.5478207609642619], "global_electrophilicity": 0.46600128957154396, "global_nucleophilicity": -9.367946227455073, "fukui_electrophilicity": {"1": 0.08434036947077002, "2": 0.10345851092199466, "3": -0.02045325563896838, "4": 0.21959049408559292, "5": 0.1106892022291515, "6": 0.13226875184983916, "7": 0.1343753467478113, "8": 0.11786075180872685, "9": 0.11786982852508593}, "fukui_nucleophilicity": {"1": 0.06309569583649963, "2": 0.04961080374030177, "3": -0.043673276894486815, "4": 0.37187366145119466, "5": 0.07256761034974435, "6": 0.10312111924755661, "7": 0.09624236920408505, "8": 0.14357873736797444, "9": 0.14358327969711793}, "boltzmann_weights": [1.0], "best_conformer_elements": [6, 6, 6, 17, 1, 1, 1, 1, 1], "best_conformer_coordinates": [[1.379540448898128, -0.20958696673519756, -0.24301320219049966], [0.3169945815623943, 0.2385708944509578, 0.40036202879598626], [-1.079119407910643, -0.1298659526809556, 0.04546276518019679], [-1.952089798055714, 1.3277659720054362, -0.5478462665830278], [2.376832385339233, 0.08134894718165288, 0.03728790726798241], [1.2943404863726495, -0.8928897179347246, -1.071999541569806], [0.41781613599751877, 0.9327751582769885, 1.2231495497991738], [-1.1156511000780582, -0.8665808638632021, -0.7560580562077585], [-1.6386637268337534, -0.48153747070098546, 0.9126548155077273]], "best_conformer_energy": -13.482854105223819, "fukui_radical": {"1": 0.07239463577662014, "2": 0.06333449536370056, "3": -0.02581777517285387, "4": 0.3361987645380173, "5": 0.1160012893862013, "6": 0.10604539517349673, "7": 0.10360800395969556, "8": 0.10770790835219554, "9": 0.12052728262402562}}