{"smiles": "C=Cc1cccc([N+](=O)[O-])c1", "ip": 14.012337353351217, "ip_corrected": 9.166337353351217, "ea": 5.850629958986455, "homo": -0.41473553949787934, "lumo": -0.32066691175447215, "charges": {"1": -0.07916964637570685, "2": -0.03106525982969209, "3": 0.025072763516001795, "4": -0.024438308016363597, "5": -0.023846666337891932, "6": -0.023733044403359785, "7": 0.00262404714353201, "8": 0.5434169091567935, "9": -0.3871626869775534, "10": -0.38520821565774604, "11": -0.026570325653168587, "12": 0.05327113692280126, "13": 0.05042954242340976, "14": 0.04391416777406683, "15": 0.05130597879392487, "16": 0.05278603563121038, "17": 0.07733148952304396, "18": 0.08104208236670657}, "dipole": [1.4211964634360932, 1.5900209528439055, -0.6285883226236035], "global_electrophilicity": 1.584358686701807, "global_nucleophilicity": -9.166337353351217, "fukui_electrophilicity": {"1": 0.033582933674270884, "2": 0.0086266040796536, "3": 0.03685497822977318, "4": 0.05318764400122858, "5": 0.020670565796794542, "6": 0.041620190925902925, "7": 0.02027439298007888, "8": 0.10217747677833677, "9": 0.1443744320289332, "10": 0.14390248816910794, "11": 0.014037470250693282, "12": 0.03706743742590822, "13": 0.05897191065081301, "14": 0.04544647147166454, "15": 0.07170187076015871, "16": 0.06703356222994192, "17": 0.05757019448425177, "18": 0.04289937606250749}, "fukui_nucleophilicity": {"1": 0.0627352184578935, "2": 0.04464482673732707, "3": 0.04378092549638092, "4": 0.02761407048572198, "5": 0.026751524606854656, "6": 0.04592250793209353, "7": 0.02941655437875247, "8": 0.030191714270075387, "9": 0.09246749290675471, "10": 0.1054521887158158, "11": 0.027446501965859176, "12": 0.06914042804322997, "13": 0.08528126539667856, "14": 0.07288778576570742, "15": 0.06117157291654911, "16": 0.06809659762553683, "17": 0.06071588170302804, "18": 0.04628294259593896}, "boltzmann_weights": [0.27809293930249124, 0.2780986921435721, 0.22190419375883946, 0.22190417479509725]}