{"smiles": "C=CCOC(=O)C(Cl)Cl", "ip": 14.05311757044877, "ip_corrected": 9.20711757044877, "ea": 4.502027489799555, "homo": -0.4288802798756801, "lumo": -0.27183616436345065, "charges": {"1": -0.08531640000603065, "2": -0.03340472602920904, "3": 0.07025360747190698, "4": -0.2509280213031299, "5": 0.36287389627134364, "6": -0.3601824219844173, "7": 0.10342211006490845, "8": -0.11357759480231376, "9": -0.11826193430961066, "10": 0.052177721808649956, "11": 0.059538746345886295, "12": 0.06003734525080197, "13": 0.07480527982098904, "14": 0.07483236907073532, "15": 0.10373002232948607}, "dipole": [-1.3034216046504574, -0.4561111205790754, 0.5457854014807845], "global_electrophilicity": 1.0280939099056305, "global_nucleophilicity": -9.20711757044877, "fukui_electrophilicity": {"1": 0.0431293345855852, "2": 0.033304609069220927, "3": -0.02638433396577264, "4": 0.0860562431348505, "5": 0.06873510747093659, "6": 0.16098314338879083, "7": -0.009270728781811913, "8": 0.1068241494822658, "9": 0.19613434136761063, "10": 0.06192784434207418, "11": 0.0647276647274481, "12": 0.03623139346046317, "13": 0.05477092677401717, "14": 0.04556799888898502, "15": 0.07726230669383176}, "fukui_nucleophilicity": {"1": 0.04842855518420733, "2": 0.04112357301428595, "3": -0.017066542377223458, "4": 0.052586915769335774, "5": 0.008149900911543773, "6": 0.09309697307639292, "7": -0.025594437864067426, "8": 0.22693311790529577, "9": 0.2061837824002642, "10": 0.06422057322081556, "11": 0.06616130953823021, "12": 0.04527225367562952, "13": 0.05208134334835331, "14": 0.05450813836724078, "15": 0.08391454425052054}, "boltzmann_weights": [0.024228849816750192, 0.024238667586309753, 0.04495410157587362, 0.04494624820021654, 0.044945677142629196, 0.020585063208865467, 0.020586536616199712, 0.03492356842884021, 0.03492356869507281, 0.07721271759866004, 0.07721271195945961, 0.07721267495980717, 0.02290698937418888, 0.020586964438581306, 0.020586963486945803, 0.02058696620404539, 0.020586963007216172, 0.02423905990782107, 0.08910831344349182, 0.08910776788676264, 0.08910779585653882, 0.07721183060572392]}