{"smiles": "C=Cc1nnn(C)n1", "ip": 13.956475857471261, "ip_corrected": 9.110475857471261, "ea": 4.0384752260521655, "homo": -0.39291721799921897, "lumo": -0.264341216073249, "charges": {"1": -0.07581147208723685, "2": -0.037757146511014375, "3": 0.15292717345297846, "4": -0.1975711011833751, "5": -0.12604372514942105, "6": 0.19683548703378517, "7": -0.07586924771801884, "8": -0.2555766493716412, "9": 0.06071584348370336, "10": 0.049436681243960945, "11": 0.05587685691200776, "12": 0.08187443992863841, "13": 0.08188699389120928, "14": 0.08907586607442204}, "dipole": [0.5508814203103752, 0.8161594652463964, -0.6770403133054017], "global_electrophilicity": 0.8688620728278635, "global_nucleophilicity": -9.110475857471261, "fukui_electrophilicity": {"1": 0.07006428701940348, "2": 0.051762865141567985, "3": 0.030349227081182567, "4": 0.08694183893342086, "5": 0.11696184332086099, "6": 0.08988596389754275, "7": -0.03841780919330055, "8": 0.14823234824456533, "9": 0.08198160072531546, "10": 0.10204571202603502, "11": 0.08975844755846339, "12": 0.05837079761153875, "13": 0.05835375318217362, "14": 0.05370912445123277}, "fukui_nucleophilicity": {"1": 0.06553973506461254, "2": 0.051475696578346525, "3": 0.020246939787168572, "4": 0.17013885176857807, "5": 0.11043920463155923, "6": 0.06611943031925815, "7": -0.0313175601195792, "8": 0.10018731516559523, "9": 0.07808042001975922, "10": 0.09514112271013547, "11": 0.08108846484000551, "12": 0.06975821293526388, "13": 0.06973327306433207, "14": 0.05336889323486686}, "boltzmann_weights": [0.4405397127882382, 0.5594602872117618]}