{"smiles": "C=Cc1ccc(OC(C)(C)C)cc1", "ip": 12.746209846509235, "ip_corrected": 7.9002098465092345, "ea": 4.061528414896634, "homo": -0.37770122575321813, "lumo": -0.2491032820808011, "charges": {"1": -0.0871715636261977, "2": -0.029661233167510015, "3": 0.008326404456309194, "4": -0.035692567193785774, "5": -0.05228001442227892, "6": 0.14379037238199688, "7": -0.32456806143830574, "8": 0.15417715059682485, "9": -0.11565090704571615, "10": -0.11501366788708438, "11": -0.11560425807331257, "12": -0.052322392083173325, "13": -0.037403172207764526, "14": 0.03620582874285098, "15": 0.038439764033530624, "16": 0.033430194946038654, "17": 0.038625885196922005, "18": 0.04383733168839325, "19": 0.03922833385468947, "20": 0.038323949973230735, "21": 0.04516207413263431, "22": 0.05201153443691501, "23": 0.041639370495119864, "24": 0.05202419104474818, "25": 0.03921119689982291, "26": 0.03827553621844161, "27": 0.04516514092801241, "28": 0.04353920638487284, "29": 0.03395437073378029}, "dipole": [-0.14986901291805102, -0.33777997756309647, -0.4748594974203988], "global_electrophilicity": 0.7287793369789959, "global_nucleophilicity": -7.9002098465092345, "fukui_electrophilicity": {"1": 0.06896017843601775, "2": 0.04132377985990411, "3": 0.059151738293986664, "4": 0.030326938773116416, "5": 0.023508870726060255, "6": 0.07836359356915586, "7": 0.036217114415166396, "8": 0.0029974085147435048, "9": -0.011324848680292876, "10": -0.011105239364943384, "11": -0.011503839773381846, "12": 0.025865777563849057, "13": 0.03031044455570077, "14": 0.09387351415420359, "15": 0.0795590137036786, "16": 0.07721090816760542, "17": 0.05836231062815653, "18": 0.06888549324146873, "19": 0.028712886628284244, "20": -0.006710101475332186, "21": 0.012242318994904765, "22": 0.014705984493509815, "23": 0.024654172679577417, "24": 0.014907446946079317, "25": 0.028755899960360064, "26": -0.006403597934911492, "27": 0.012590394455504007, "28": 0.07031499078155334, "29": 0.06524644768628929}, "fukui_nucleophilicity": {"1": 0.05166889130619973, "2": 0.027260026786118677, "3": 0.045187136163310965, "4": 0.023267387850379573, "5": 0.021976353782704593, "6": 0.04091573242158672, "7": 0.08852909017729627, "8": 0.009209807706027195, "9": -0.007212948544819381, "10": -0.014836598495918576, "11": -0.007409401832019685, "12": 0.022885338989193857, "13": 0.024044601563533677, "14": 0.07158801846872959, "15": 0.05700285396626502, "16": 0.056762350282502684, "17": 0.05148901640064678, "18": 0.051509589249029986, "19": 0.042445717605352644, "20": 0.016235928247167915, "21": 0.029561640377939548, "22": 0.031686048970350246, "23": 0.03611360316933492, "24": 0.03185834887400945, "25": 0.04244484768709839, "26": 0.01653215650701416, "27": 0.029897589353101536, "28": 0.05256891313147981, "29": 0.05681795983568174}, "boltzmann_weights": [0.016631677069119402, 0.016631593847364724, 0.016631593973150952, 0.01663164606675521, 0.016631677403800064, 0.016631670036446423, 0.01663166927321466, 0.016631181686542016, 0.016631638990038753, 0.016631658564568504, 0.016631179919070354, 0.016631606693961153, 0.0166311807616294, 0.016631659711292844, 0.0625512458746353, 0.06251183445787234, 0.06255124778296269, 0.06255125055836938, 0.06255125159161529, 0.06251182569986953, 0.06255123901096493, 0.06587587744474492, 0.06587568216705185, 0.06587568479896182, 0.06587590077507101, 0.06587532584092645]}