{"smiles": "C=CC(=O)Oc1cccc2c3ccccc3n(CCO)c12", "ip": 12.22459025098881, "ip_corrected": 7.378590250988809, "ea": 5.150541741990292, "homo": -0.3665948082150979, "lumo": -0.27970478186895, "charges": {"1": -0.058869640415059155, "2": -0.05700292592719209, "3": 0.3615876360063177, "4": -0.41181732742375954, "5": -0.2678687045814413, "6": 0.12127609376002033, "7": -0.04399869292305701, "8": -0.040351769462864534, "9": -0.03535345413221727, "10": -0.016584517467559824, "11": -0.015697801441235053, "12": -0.03137964982664139, "13": -0.040767962810155156, "14": -0.032390317584833066, "15": -0.051604869569029016, "16": 0.04432138945864146, "17": -0.04430551617827727, "18": -0.004783746052708544, "19": 0.08606888760994244, "20": -0.44167053338647927, "21": 0.03369232521447155, "22": 0.06381480759862375, "23": 0.07694770391005129, "24": 0.06623823442526418, "25": 0.04848761446948623, "26": 0.04144366249890991, "27": 0.04221631371370332, "28": 0.03405806430586176, "29": 0.030772829850756255, "30": 0.03183898645533232, "31": 0.028581204680463202, "32": 0.07533986170996783, "33": 0.06356990654447087, "34": 0.02422024699448182, "35": 0.026174291900366204, "36": 0.29379736807538237}, "dipole": [0.007158722739741615, 0.7019156758387904, -0.15120006684647727], "global_electrophilicity": 1.0430822807203235, "global_nucleophilicity": -7.378590250988809, "fukui_electrophilicity": {"1": 0.05175923184857796, "2": 0.03343066938534527, "3": 0.03666510163751657, "4": 0.09202435070660431, "5": 0.04848828495887669, "6": 0.009688393526591454, "7": 0.02377351823492102, "8": 0.011421236905023065, "9": 0.027340561660404522, "10": 0.021690959500846776, "11": 0.02040599535239543, "12": 0.024607129269813982, "13": 0.012882686688210146, "14": 0.029690794754922818, "15": 0.020713774831808376, "16": 0.009892457293526058, "17": 0.017528720395686537, "18": -0.009020042731660446, "19": -0.003030062509790099, "20": 0.003038296256842765, "21": 0.009762879632165086, "22": 0.0722217952257762, "23": 0.05992339114245164, "24": 0.05910674621394628, "25": 0.03251081050543636, "26": 0.042011161789949944, "27": 0.041935795942295274, "28": 0.037429086982390204, "29": 0.04179917835452809, "30": 0.04523149268015016, "31": 0.036779642092951384, "32": 0.00350997376071549, "33": 0.02052933908179009, "34": 0.014361184951860598, "35": -0.010604089624169834, "36": 0.010499553644383208}, "fukui_nucleophilicity": {"1": 0.012550665450877643, "2": 0.00047472745663889454, "3": 0.0023170585777589903, "4": 0.037638242036757585, "5": 0.02508908342081101, "6": 0.03708974164792117, "7": 0.014278688912134366, "8": 0.03796543588710262, "9": 0.024919987659463003, "10": 0.02111573264190516, "11": 0.023636245201465338, "12": 0.022064856872075087, "13": 0.040771404534641814, "14": 0.016760088570801045, "15": 0.032506873930593774, "16": 0.011654226255128824, "17": 0.08340898638339544, "18": -0.014853206592149594, "19": 0.0011083652846848313, "20": 0.016609408983799367, "21": 0.008986297050570226, "22": 0.03286583231621891, "23": 0.020306962961223335, "24": 0.017712288782902416, "25": 0.047481125020138994, "26": 0.0549671601416381, "27": 0.04644447317722266, "28": 0.0462038253422131, "29": 0.056870284996313816, "30": 0.05177542831199885, "31": 0.04704756887952774, "32": 0.03501379481014827, "33": 0.033868966354098806, "34": 0.021055088091333964, "35": 0.010909006505711614, "36": 0.021385284156577256}, "boltzmann_weights": [0.01570012823118275, 0.015700128950129885, 0.15244105221363177, 0.15244171540294213, 0.11420164229531359, 0.12429430615926496, 0.004224588565181105, 0.05566287120677864, 0.04127063700807894, 0.01891327205964205, 0.11416601617570955, 0.0017883248560866029, 0.0022908220924355727, 0.01030303798985967, 0.015940755250525202, 0.0008859392046761747, 0.14835632802108362, 0.0030493463949148414, 0.008369087922562909]}