{"smiles": "C=CC(=O)OC(C)C", "ip": 14.12216418917634, "ip_corrected": 9.27616418917634, "ea": 3.956250090105899, "homo": -0.4108654706856672, "lumo": -0.2727055472182769, "charges": {"1": -0.06007433847966966, "2": -0.0589232993253021, "3": 0.35710641364255497, "4": -0.4185525397172067, "5": -0.27187142706564116, "6": 0.12030785131981794, "7": -0.11472227066576737, "8": -0.11709059012150103, "9": 0.06139355205590254, "10": 0.07777824230296469, "11": 0.06310904993017653, "12": 0.04880462458220527, "13": 0.055596849243853254, "14": 0.0480383737804133, "15": 0.04985160030700179, "16": 0.050272878582643316, "17": 0.05669269387547064, "18": 0.052282335752077386}, "dipole": [-0.41595828683610675, 0.512722772928064, -0.5067859073894175], "global_electrophilicity": 0.8648010372989982, "global_nucleophilicity": -9.27616418917634, "fukui_electrophilicity": {"1": 0.09959242711722724, "2": 0.06620027021792851, "3": 0.08392017440851152, "4": 0.18408403200178786, "5": 0.08828558203905318, "6": -0.00990842027393335, "7": -0.015229949200764287, "8": -0.014092254401132043, "9": 0.1294333767675226, "10": 0.11181928239288727, "11": 0.1145871633552078, "12": 0.020108876140270644, "13": 0.0019528791899761852, "14": 0.04045257197422773, "15": 0.023735939770033975, "16": 0.03584044981545141, "17": 0.022650901507441423, "18": 0.016566697178309518}, "fukui_nucleophilicity": {"1": 0.025783730718190033, "2": 0.029630584617836297, "3": 0.022530714895235615, "4": 0.15847437716615004, "5": 0.07380701746319412, "6": 0.0035384992904491513, "7": -0.011886851177441066, "8": -0.01408215892511086, "9": 0.10111885533451472, "10": 0.07256371897966203, "11": 0.08436902351394891, "12": 0.07511641819721929, "13": 0.04374791884679748, "14": 0.058870617825233854, "15": 0.06080514322346122, "16": 0.06760908247226023, "17": 0.08304388069935657, "18": 0.06495942685907044}, "boltzmann_weights": [0.1785520777751525, 0.17855205859469517, 0.17855184949835007, 0.17855184111644223, 0.05514096204123908, 0.05514160073518992, 0.055141601333570926, 0.04700223988048886, 0.047002243259868445, 0.013181570212159528, 0.013181955552843128]}