{"smiles": "C=CCOC(=O)C(C)C", "ip": 13.75989426266579, "ip_corrected": 8.91389426266579, "ea": 2.988122100374381, "homo": -0.4081724758053122, "lumo": -0.22656689093614407, "charges": {"1": -0.0812646056301886, "2": -0.03457304843621497, "3": 0.07682915159848736, "4": -0.26419773517041356, "5": 0.3577572862274664, "6": -0.40900151092690457, "7": -0.03690837727833648, "8": -0.10395831528406758, "9": -0.10513056418665931, "10": 0.045684144277424184, "11": 0.04617271380884326, "12": 0.044611219929835376, "13": 0.06178972348982058, "14": 0.06743066835942237, "15": 0.049484127932972424, "16": 0.04730966253907089, "17": 0.05699681737522015, "18": 0.03751679277887346, "19": 0.04785668301562029, "20": 0.0392712504595543, "21": 0.056323915120171736}, "dipole": [0.015484757900757984, 0.062043477386889465, 0.7447249956539478], "global_electrophilicity": 0.5777527384233555, "global_nucleophilicity": -8.91389426266579, "fukui_electrophilicity": {"1": 0.05717509631726021, "2": 0.06868761036250345, "3": -0.030139945791897327, "4": 0.08210276300634212, "5": 0.092503638366908, "6": 0.15904491200758758, "7": -0.0009173944279339333, "8": -0.015715577864071392, "9": -0.015524279931442314, "10": 0.09332604922866553, "11": 0.06646652623598244, "12": 0.09090837640124724, "13": 0.07910979292918957, "14": 0.054928803880230914, "15": 0.042039346156140425, "16": 0.04778693385615653, "17": 0.02119598324421368, "18": 0.014709820346493804, "19": 0.046560263545634376, "20": 0.023703170846319843, "21": 0.022048111284473357}, "fukui_nucleophilicity": {"1": 0.04516166254728059, "2": 0.040293932318418636, "3": -0.017296934611898004, "4": 0.05946199928086071, "5": 0.02184858235932552, "6": 0.12996300488804974, "7": 0.0196271204611903, "8": -0.019335174227879018, "9": -0.01855792989626584, "10": 0.07246135848004331, "11": 0.04763782872574203, "12": 0.06976005058437601, "13": 0.08758864348380145, "14": 0.05910747362640241, "15": 0.06526780554986032, "16": 0.07957433606267898, "17": 0.04501718728096234, "18": 0.03713375169277999, "19": 0.08322269190375756, "20": 0.04441324674602857, "21": 0.047649362749375104}, "boltzmann_weights": [0.05409743914895762, 0.05414351861546847, 0.05414854513981916, 0.05409795879436399, 0.05216352713111185, 0.05216352127203787, 0.05215444110044665, 0.05215435263549114, 0.05215385264420254, 0.014129949797675047, 0.014129890781993348, 0.03565104520809067, 0.03564431213216627, 0.04567732429384724, 0.05216135195660759, 0.05216134762298524, 0.052163456524907774, 0.05216339224244526, 0.030947480208504807, 0.03094746926155309, 0.03564858643916859, 0.035648577795443115, 0.035648659252712815]}