{"smiles": "C=Cc1ccc(CN(C)C)cc1", "ip": 12.210578340946784, "ip_corrected": 7.3645783409467835, "ea": 3.9979461900463447, "homo": -0.34912987979151544, "lumo": -0.24684124811816988, "charges": {"1": -0.08717867523010851, "2": -0.030061577882066634, "3": 0.010441188501389198, "4": -0.03459609780958378, "5": -0.039370598181054935, "6": 0.008475528130693383, "7": 0.008405480488918184, "8": -0.17160848272803325, "9": -0.02838264535031964, "10": -0.029336541853262073, "11": -0.036251367955657546, "12": -0.03541117137159983, "13": 0.03496614463455781, "14": 0.03746586965903294, "15": 0.03255951868058665, "16": 0.03426064762674342, "17": 0.02658961618081192, "18": 0.04063456152983238, "19": 0.009874789727951805, "20": 0.039415757345738864, "21": 0.03709623128564969, "22": 0.010152048914901573, "23": 0.010452081035249923, "24": 0.03944040461184295, "25": 0.036399503151635634, "26": 0.044758245826062776, "27": 0.030809541030090228}, "dipole": [-0.30417753963259486, 0.0863933946372739, 0.24128873809255502], "global_electrophilicity": 0.6463380311995847, "global_nucleophilicity": -7.3645783409467835, "fukui_electrophilicity": {"1": 0.06902612985044652, "2": 0.041494063316895854, "3": 0.05895885811843722, "4": 0.0306922050702184, "5": 0.021847468992630896, "6": 0.08174501630953208, "7": -0.0151393912484655, "8": 0.008098181479560318, "9": -0.011985992146272051, "10": -0.01484364826210428, "11": 0.025652206934905934, "12": 0.029457461860988084, "13": 0.09394571549205216, "14": 0.07964682552824234, "15": 0.0772222564498848, "16": 0.05800128473895737, "17": 0.06859547877145589, "18": 0.04521894710533565, "19": 0.03650787041113744, "20": -0.013421558046853722, "21": 0.024467289297921316, "22": 0.017275061235972528, "23": 0.017564849663991793, "24": 0.022571639499312585, "25": 0.012631346032656771, "26": 0.070173130616537, "27": 0.0645973029266303}, "fukui_nucleophilicity": {"1": 0.043149006681436355, "2": 0.023029029234015355, "3": 0.03443322724997938, "4": 0.020458989047271045, "5": 0.010876518176809548, "6": 0.02657502239826559, "7": -0.031104836740502517, "8": 0.14823224237263133, "9": -0.04016338534865243, "10": -0.0425612911308512, "11": 0.010780612056374386, "12": 0.018394856670535094, "13": 0.06056478319754322, "14": 0.04798847962762126, "15": 0.047116224339808305, "16": 0.04094349588445668, "17": 0.038341034417163675, "18": 0.05810233327967231, "19": 0.07802061679694261, "20": 0.03535865041337925, "21": 0.0513418402963907, "22": 0.0729062683424043, "23": 0.07689066101653014, "24": 0.051365424352375844, "25": 0.047626058779019514, "26": 0.027435128034776726, "27": 0.043899010773242736}, "boltzmann_weights": [0.057032522916759094, 0.05703250597510454, 0.057032515300675074, 0.05703194699646251, 0.05703081330501698, 0.05703064148477825, 0.05768737046575714, 0.0576873619729877, 0.057680728210911476, 0.057687371145161384, 0.057687356207386464, 0.057669328956037345, 0.057669356240891013, 0.08468002358715528, 0.08468013200300191, 0.0846800252319138]}