{"smiles": "C=Cc1ccc2ccccc2n1", "ip": 12.742334955483718, "ip_corrected": 7.896334955483718, "ea": 5.068016886067321, "homo": -0.36015939071408415, "lumo": -0.2777031323084061, "charges": {"1": -0.07447506606485396, "2": -0.03507764331303846, "3": 0.10132283529089822, "4": -0.04696576549720587, "5": -0.019822042449625335, "6": -0.0004769379537842844, "7": -0.03509537083012586, "8": -0.029885283336710998, "9": -0.027717899410251157, "10": -0.03878934171553383, "11": 0.09089910906448731, "12": -0.2415130842573164, "13": 0.044565352696847714, "14": 0.06740889324565934, "15": 0.034427684865171115, "16": 0.030779593614994716, "17": 0.03050396592274677, "18": 0.03150502036546315, "19": 0.03310661970890217, "20": 0.0349928974684477, "21": 0.050306462584828945}, "dipole": [0.2231342362617571, -0.219377740534226, 0.45755396546459254], "global_electrophilicity": 1.0735096595401339, "global_nucleophilicity": -7.896334955483718, "fukui_electrophilicity": {"1": 0.04623764585276266, "2": 0.019800235457244193, "3": 0.043086825704392595, "4": 0.017851674818195183, "5": 0.0472314677813029, "6": 0.020213537712373816, "7": 0.03807719532439392, "8": 0.03697786225854877, "9": 0.026662249703524425, "10": 0.04243325860206407, "11": 0.010962811952058477, "12": 0.09217468811224208, "13": 0.07107796478586276, "14": 0.049512063602957276, "15": 0.05792913427058366, "16": 0.062176381467297884, "17": 0.06738425439313919, "18": 0.06159026917737828, "19": 0.06675039648980564, "20": 0.06392945305969405, "21": 0.05794062947419478}, "fukui_nucleophilicity": {"1": 0.036703617987295684, "2": 0.019805582078207165, "3": 0.023399976150455706, "4": 0.02253492048176286, "5": 0.01862282033488212, "6": 0.034697540097471904, "7": 0.025039571593583387, "8": 0.03408983050046944, "9": 0.023355696227970138, "10": 0.02497283513296618, "11": 0.01913912684936732, "12": 0.15211185576079378, "13": 0.06492142020497776, "14": 0.03437217600271107, "15": 0.054964086431543865, "16": 0.07363674483370662, "17": 0.08138363731809417, "18": 0.07075863008394867, "19": 0.06322851466367074, "20": 0.06456896477044297, "21": 0.057692452695466814}, "boltzmann_weights": [0.6307083402416687, 0.3692916597583312]}