{"smiles": "C=CC(=O)O", "ip": 15.113020924008806, "ip_corrected": 10.267020924008806, "ea": 4.067449324943119, "homo": -0.423676349262343, "lumo": -0.28303031940261253, "charges": {"1": -0.057759860240966944, "2": -0.05670716670833633, "3": 0.35956727582020165, "4": -0.40991137253167126, "5": -0.3783472531361546, "6": 0.06567161842359118, "7": 0.08050244265217343, "8": 0.06965647780753571, "9": 0.32732783791363257}, "dipole": [-0.04692561358917844, 0.47222757372533103, -0.45982084219565383], "global_electrophilicity": 1.0188593100159398, "global_nucleophilicity": -10.267020924008806, "fukui_electrophilicity": {"1": 0.10295109663845603, "2": 0.06870441891976073, "3": 0.08572242261980412, "4": 0.19958986555369557, "5": 0.09976487667783479, "6": 0.13612744579777425, "7": 0.11688117902617103, "8": 0.12088745250956676, "9": 0.06937124225694113}, "fukui_nucleophilicity": {"1": 0.0320237358752602, "2": 0.054111954586519996, "3": 0.04023440155960695, "4": 0.24914200230157785, "5": 0.11599353954394037, "6": 0.16121864313471373, "7": 0.12999041045952814, "8": 0.15282156455327878, "9": 0.06446374798556131}, "boltzmann_weights": [0.7435539399837156, 0.25644606001628434]}