{"smiles": "C=CC(=O)Oc1ccc(Cl)cc1", "ip": 13.433723048388764, "ip_corrected": 8.587723048388764, "ea": 4.975938457597157, "homo": -0.40514197886417813, "lumo": -0.2849889779564131, "charges": {"1": -0.05758442224290327, "2": -0.058526888888875445, "3": 0.3602326411034327, "4": -0.40045897131442487, "5": -0.2615067337021752, "6": 0.1467139864081236, "7": -0.03739097723747545, "8": -0.036399201884756115, "9": 0.0987060150833239, "10": -0.16356575662720044, "11": -0.036412163022853036, "12": -0.03746432448318309, "13": 0.06687918180196749, "14": 0.081084570340285, "15": 0.06780752616443948, "16": 0.06479274919631779, "17": 0.06914919785586734, "18": 0.06914422090871253, "19": 0.06479935054137177}, "dipole": [-0.7132830779651603, -0.40594591128917995, -0.7784872308785288], "global_electrophilicity": 1.1231904365312595, "global_nucleophilicity": -8.587723048388764, "fukui_electrophilicity": {"1": 0.06253305741310825, "2": 0.04128742026412538, "3": 0.04235549088060747, "4": 0.1100630775562117, "5": 0.061431459303731284, "6": 0.009121478906402275, "7": 0.02880196950084736, "8": 0.03134567928610792, "9": 0.02647105733734008, "10": 0.09337504530662386, "11": 0.03128675931927136, "12": 0.028915594219318448, "13": 0.08634928641207087, "14": 0.07183941616419269, "15": 0.07201483519048361, "16": 0.044761415767022035, "17": 0.056600861644454374, "18": 0.05660123802754091, "19": 0.044844857509042754}, "fukui_nucleophilicity": {"1": 0.018301499577316326, "2": 0.01581903160976702, "3": 0.014881759017156049, "4": 0.09859374006583721, "5": 0.06053792987460899, "6": 0.03699870885419504, "7": 0.02091570710378636, "8": 0.024503927661037254, "9": 0.026395382895431682, "10": 0.26378242449502354, "11": 0.02447159790565194, "12": 0.020975613989927595, "13": 0.06800426324795829, "14": 0.04539495422757216, "15": 0.052949530088955366, "16": 0.05076605048500975, "17": 0.05294208408467839, "18": 0.052941844890104894, "19": 0.05082394993262704}, "boltzmann_weights": [0.37354200564602974, 0.37354567620991264, 0.12646000293520884, 0.12645231520884878]}