{"smiles": "C=CC=O", "ip": 14.742839145403847, "ip_corrected": 9.896839145403847, "ea": 4.519983788716776, "homo": -0.4071933021703951, "lumo": -0.3027468763775514, "charges": {"1": -0.06216682221485682, "2": -0.046510106907765005, "3": 0.2119955955783035, "4": -0.32169976771347036, "5": 0.06540209498209881, "6": 0.06203704433253996, "7": 0.07218817910467337, "8": 0.018753782838468153}, "dipole": [-1.3341313262930294, 0.2245740544327626, -0.16124206567957047], "global_electrophilicity": 1.1200472915863307, "global_nucleophilicity": -9.896839145403847, "fukui_electrophilicity": {"1": 0.101512255857885, "2": 0.06244291981483393, "3": 0.07415317684403591, "4": 0.25530852217913064, "5": 0.1352553964850628, "6": 0.12122102564513013, "7": 0.11368388145975662, "8": 0.13642282171414943}, "fukui_nucleophilicity": {"1": 0.03946800921605849, "2": 0.048164912562220656, "3": 0.025239058091117483, "4": 0.29208819779190676, "5": 0.13833229275498143, "6": 0.10835209232226437, "7": 0.12991336682957647, "8": 0.2184420704712709}, "boltzmann_weights": [0.8009832275048312, 0.19901677249516886]}