{"smiles": "C=CC(=O)OC", "ip": 14.692732411397026, "ip_corrected": 9.846732411397026, "ea": 4.030066384655581, "homo": -0.4168160434029768, "lumo": -0.2773691414537491, "charges": {"1": -0.05910028257802403, "2": -0.05891213215875579, "3": 0.35476352912512465, "4": -0.40846952249873264, "5": -0.2625731186295399, "6": 0.033879670341886575, "7": 0.06373910620529047, "8": 0.07928391219632687, "9": 0.06499169701591358, "10": 0.06245444367086885, "11": 0.0674878155430939, "12": 0.06245488176655236}, "dipole": [-0.21046297932765884, 0.4997949964478015, 0.48599304453707654], "global_electrophilicity": 0.9560850763102827, "global_nucleophilicity": -9.846732411397026, "fukui_electrophilicity": {"1": 0.10045528904100862, "2": 0.06659787353463309, "3": 0.08309718067197513, "4": 0.18886974595517186, "5": 0.09414612400709466, "6": -0.03671390395244005, "7": 0.13123909598665776, "8": 0.11309867892022751, "9": 0.11608063227745903, "10": 0.041356623377842835, "11": 0.06041668562395025, "12": 0.04135597455642097}, "fukui_nucleophilicity": {"1": 0.03183016716631685, "2": 0.04342538760330884, "3": 0.02745713021547752, "4": 0.1972799705633549, "5": 0.11741773446980242, "6": -0.02896784140331135, "7": 0.13225214038505362, "8": 0.10144028310281646, "9": 0.11688162778501492, "10": 0.084423043138663, "11": 0.09213950423458996, "12": 0.08442085273883593}, "boltzmann_weights": [0.7809023146078801, 0.21909768539211993]}