{"smiles": "C=CC(=O)CCl", "ip": 14.115828321481347, "ip_corrected": 9.269828321481347, "ea": 4.9526334627384045, "homo": -0.4100329174617861, "lumo": -0.3045204896489068, "charges": {"1": -0.051429717806514494, "2": -0.04967192260361113, "3": 0.23691435928356433, "4": -0.3377121364544422, "5": -0.0017591983193194632, "6": -0.18189879346655818, "7": 0.08204719931150467, "8": 0.06584738820556295, "9": 0.06481597815845762, "10": 0.08490678153737026, "11": 0.08794006215397293}, "dipole": [0.2769305665166204, -0.7988705959253611, 0.055550899861951046], "global_electrophilicity": 1.1993365434525218, "global_nucleophilicity": -9.269828321481347, "fukui_electrophilicity": {"1": 0.08236803355391371, "2": 0.04163629273948709, "3": 0.0965232599641887, "4": 0.21498172443603958, "5": -0.03234065067155874, "6": 0.12880026135816386, "7": 0.09484710016897464, "8": 0.11569563801336191, "9": 0.1018989283638853, "10": 0.08282349369929533, "11": 0.07276591837424407}, "fukui_nucleophilicity": {"1": 0.028153068799990508, "2": 0.021944378128134906, "3": 0.03542487875821157, "4": 0.19535785344862644, "5": -0.017239209862806415, "6": 0.31160793677025855, "7": 0.06972656224127036, "8": 0.10280122114506608, "9": 0.07154678088332585, "10": 0.09377817691751249, "11": 0.08689835295082643}, "boltzmann_weights": [0.4183786749811556, 0.41837861677812127, 0.07895778402214104, 0.07895778970382242, 0.005327134514759528]}