{"smiles": "C=Cc1ccc(C(O)(CC)CC)cc1", "ip": 12.69250564169337, "ip_corrected": 7.846505641693369, "ea": 4.0996455577678015, "homo": -0.37921865598131976, "lumo": -0.24961881523160803, "charges": {"1": -0.08669111597211654, "2": -0.030406560382718884, "3": 0.010744961559219154, "4": -0.03671013722085198, "5": -0.03645015064122503, "6": -0.007418237710433581, "7": 0.1359350884597948, "8": -0.4543892642428379, "9": -0.06847290812422249, "10": -0.10069890476666384, "11": -0.06005075040733367, "12": -0.10559843952530991, "13": -0.03920878837170257, "14": -0.03605022909965249, "15": 0.03520348630441261, "16": 0.03767303179961404, "17": 0.03250182709272765, "18": 0.02903383555091029, "19": 0.043700212266011, "20": 0.2875267993454099, "21": 0.03580263071582236, "22": 0.04166731476753656, "23": 0.03462084488158396, "24": 0.03631562172731916, "25": 0.030681874146863283, "26": 0.048106798064702146, "27": 0.045919819215395556, "28": 0.039393930012742974, "29": 0.03786866394934356, "30": 0.03438044311463345, "31": 0.03261392802322882, "32": 0.0324543754678036}, "dipole": [0.27501810997898657, 0.4021142579866184, -0.3479501608195039], "global_electrophilicity": 0.733343534091672, "global_nucleophilicity": -7.846505641693369, "fukui_electrophilicity": {"1": 0.0683867680801725, "2": 0.04071764410375833, "3": 0.05917773738803443, "4": 0.02992756685852435, "5": 0.024421273377173175, "6": 0.0811953074026936, "7": 0.00022435196973033533, "8": 0.017746543816952343, "9": -0.010092914193565387, "10": -0.009508380515769521, "11": -0.006563073526399565, "12": -0.009803472689466283, "13": 0.02358591788140129, "14": 0.02832452585201454, "15": 0.09288672377358559, "16": 0.0787547474990114, "17": 0.0761996024512539, "18": 0.0640357214361342, "19": 0.06778815330896529, "20": 0.011465198434701784, "21": 0.012058505261180533, "22": 0.03132332152345771, "23": -0.011599192022374957, "24": 0.0244361039175472, "25": 0.01538541680836423, "26": 0.011157193705542995, "27": 0.033828171958939855, "28": 0.02581485714095576, "29": -0.011237613252808677, "30": 0.015304973329683242, "31": 0.06785879682744253, "32": 0.05679952209318312}, "fukui_nucleophilicity": {"1": 0.04935000973058881, "2": 0.025780849860997462, "3": 0.043085064119445377, "4": 0.022403773197001445, "5": 0.017780435446287796, "6": 0.04018201851129263, "7": 0.013438089110087814, "8": 0.05901009321844303, "9": 0.004575714062354713, "10": -0.013155266618710929, "11": -0.001861476414432163, "12": -0.013007247038264419, "13": 0.016504083679067146, "14": 0.021534564349902953, "15": 0.06830483131222687, "16": 0.05424146330285971, "17": 0.05410914883489653, "18": 0.05204279190402985, "19": 0.04350157862594601, "20": 0.03007791592169151, "21": 0.035303205690744494, "22": 0.039098999986321104, "23": 0.009509573295100424, "24": 0.046514993433576325, "25": 0.027030111218667566, "26": 0.04059488346749034, "27": 0.03971986624287006, "28": 0.042777591200819275, "29": 0.009408873897553294, "30": 0.03177063182129257, "31": 0.044971772405333205, "32": 0.04540106222448504}, "boltzmann_weights": [0.05691571677092828, 0.05756797315862994, 0.1867924220051112, 0.024112524152758472, 0.024112619965070862, 0.024112619067758075, 0.024707499001783328, 0.024707502174584266, 0.1867769202256601, 0.024712165214286853, 0.024712189164876178, 0.048617041070612314, 0.04861636863204105, 0.05285393724221508, 0.05285196947925517, 0.052854608381291676, 0.052677527364575295, 0.0041815171601867025, 0.004181504338599995, 0.004181497156406431, 0.004235362185179639, 0.0003669289997806006, 0.00035674026201022745, 0.006109759021117404, 0.006169926166155816, 0.0007141496754520326, 0.0001945819152553902, 0.0007156617136272332, 0.00020165015722580716, 0.0006460012204336811, 4.311695713086077e-05]}