{"smiles": "C=CC(=O)N(C)C", "ip": 13.512580340525421, "ip_corrected": 8.666580340525421, "ea": 3.539741363474088, "homo": -0.38353675309134244, "lumo": -0.253719344107965, "charges": {"1": -0.06289715688460595, "2": -0.06076734132305557, "3": 0.26169571673607095, "4": -0.45059573289784993, "5": -0.09402837196303793, "6": -0.04845629848489792, "7": -0.04701376286086236, "8": 0.04739321343747846, "9": 0.07536912602254377, "10": 0.040434586013414354, "11": 0.04461781981050096, "12": 0.08947982071335565, "13": 0.044555794163141524, "14": 0.049760254120428705, "15": 0.060572987027541096, "16": 0.04987934636982454}, "dipole": [-0.9295802346284427, 0.3479155285349271, 1.3133994543830554], "global_electrophilicity": 0.6790234920947247, "global_nucleophilicity": -8.666580340525421, "fukui_electrophilicity": {"1": 0.09760254962915396, "2": 0.06726860664019137, "3": 0.06955518593004723, "4": 0.15583690044492338, "5": 0.08279831064960225, "6": -0.03626764308936682, "7": -0.03794308126634146, "8": 0.12603879575584095, "9": 0.10945962511570745, "10": 0.10891663036340377, "11": 0.05416659065431945, "12": 0.022286211713139714, "13": 0.054056504591747906, "14": 0.03569983814148079, "15": 0.05479063202001637, "16": 0.03573434270612685}, "fukui_nucleophilicity": {"1": 0.031227504216849666, "2": 0.01564714673210535, "3": 0.01697739200142212, "4": 0.1789919106650476, "5": 0.14159156209870818, "6": -0.03908491791075276, "7": -0.04533938968612198, "8": 0.08783678758236063, "9": 0.06142461632950981, "10": 0.06835399884787252, "11": 0.10017376151680842, "12": 0.047621900662884284, "13": 0.10088919797113556, "14": 0.08485588910794253, "15": 0.06459377280046597, "16": 0.08423886706374674}, "boltzmann_weights": [0.23873982195066598, 0.23876833338558762, 0.1741654866584034, 0.17416354870532563, 0.1741628093000173]}