{"smiles": "C=Cc1ccc(C)cc1", "ip": 12.884347642326931, "ip_corrected": 8.038347642326931, "ea": 3.914303189993525, "homo": -0.37512801794705886, "lumo": -0.24533751337290016, "charges": {"1": -0.08744785139078788, "2": -0.030115495577098583, "3": 0.009304010319346412, "4": -0.035847412756155474, "5": -0.040504823244843474, "6": 0.016453988368590813, "7": -0.10833751094408631, "8": -0.0404926669439273, "9": -0.034213256390074984, "10": 0.03708721226155919, "11": 0.03418873790113171, "12": 0.03143183794370695, "13": 0.028348518388096596, "14": 0.027746996662355562, "15": 0.046947061911051136, "16": 0.0421792467014917, "17": 0.04212893786806798, "18": 0.028047650358797794, "19": 0.03309481856278135}, "dipole": [-0.26412474114261575, -0.023148796999923338, -0.013347242259022452], "global_electrophilicity": 0.7037936980259771, "global_nucleophilicity": -8.038347642326931, "fukui_electrophilicity": {"1": 0.07028570246651249, "2": 0.04279349131220095, "3": 0.058921996703787075, "4": 0.030818698155240874, "5": 0.023941879078710843, "6": 0.08246835087991435, "7": -0.029410804442483923, "8": 0.021649659864741197, "9": 0.03076812942290559, "10": 0.08127124189651205, "11": 0.09570495258978629, "12": 0.07882787615860144, "13": 0.0660110942718334, "14": 0.07107789204406599, "15": 0.05458756499048334, "16": 0.045740991838956566, "17": 0.04595031453424392, "18": 0.0696109583704403, "19": 0.05898000986355338}, "fukui_nucleophilicity": {"1": 0.06329969627265324, "2": 0.032875858682648654, "3": 0.059249389804266805, "4": 0.028912308082264603, "5": 0.028178259701654218, "6": 0.06709644096068755, "7": -0.023434258567618743, "8": 0.02711107582378689, "9": 0.027802481147866695, "10": 0.06887121489499143, "11": 0.08445002014922469, "12": 0.06735100213657658, "13": 0.06284792431929435, "14": 0.06531026772374804, "15": 0.0933532282348481, "16": 0.06319563943083982, "17": 0.0631830719480912, "18": 0.06395804659094788, "19": 0.05638833276920699}, "boltzmann_weights": [0.4999968583924064, 0.5000031416075937], "best_conformer_elements": [6, 6, 6, 6, 6, 6, 6, 6, 6, 1, 1, 1, 1, 1, 1, 1, 1, 1, 1], "best_conformer_coordinates": [[3.1762022638246514, 1.5137697201250355, 0.39739825685495744], [2.4257947332258354, 0.5327028441035974, 0.8845976596741733], [1.0659018248094394, 0.19116159305142316, 0.4878018234205821], [0.35812806785863677, 0.8850293743871164, -0.4943588827255887], [-0.9283232773063136, 0.5179582513792962, -0.8330052060104358], [-1.5588654621817708, -0.5522673067490003, -0.2084415100534476], [-2.963606448565409, -0.9312086788605559, -0.5646571017081906], [-0.858673737814813, -1.2462226502355653, 0.7707423655962514], [0.42822256851587664, -0.8820690383733589, 1.1122457669913082], [4.175415833708272, 1.6862880372725764, 0.7592856086761911], [2.8350046513959626, 2.1820957206804907, -0.3744207994494702], [2.836897643644013, -0.10128601321922161, 1.661643616296901], [0.8172693688418813, 1.7199304463225882, -1.000915130462629], [-1.456206848722315, 1.0703069221454995, -1.5980955543948268], [-3.1805785199535843, -0.6873975138939067, -1.6022560921711384], [-3.66737653883933, -0.38374936405296445, 0.06389752543047568], [-3.1307525234969185, -1.994545848045891, -0.4081253869220134], [-1.328690916721278, -2.082444785610998, 1.2694575970740942], [0.9542373177772132, -1.4380517104261246, 1.8761448911653995]], "best_conformer_energy": -24.32958594318764, "fukui_radical": {"1": 0.06679122165644526, "2": 0.037836671792248276, "3": 0.059086172653185845, "4": 0.029294990908809236, "5": 0.024378826507645363, "6": 0.07477921102385074, "7": -0.02642136745670888, "8": 0.02606149043859829, "9": 0.02985762419818079, "10": 0.09007654527756648, "11": 0.07507562330869569, "12": 0.0730878486296218, "13": 0.057688088344991825, "14": 0.06678334477374515, "15": 0.0544222606192966, "16": 0.0739731508097313, "17": 0.054611196708510744, "18": 0.06819093000211639, "19": 0.06442616985570417}}