{"smiles": "C=Cc1cccc([N+](=O)[O-])c1", "ip": 14.012337353351217, "ip_corrected": 9.166337353351217, "ea": 5.850629958986455, "homo": -0.41473553949787934, "lumo": -0.32066691175447215, "charges": {"1": -0.07916964637570685, "2": -0.03106525982969209, "3": 0.025072763516001795, "4": -0.024438308016363597, "5": -0.023846666337891932, "6": -0.023733044403359785, "7": 0.00262404714353201, "8": 0.5434169091567935, "9": -0.3871626869775534, "10": -0.38520821565774604, "11": -0.026570325653168587, "12": 0.05327113692280126, "13": 0.05042954242340976, "14": 0.04391416777406683, "15": 0.05130597879392487, "16": 0.05278603563121038, "17": 0.07733148952304396, "18": 0.08104208236670657}, "dipole": [1.4211964634360932, 1.5900209528439055, -0.6285883226236035], "global_electrophilicity": 1.584358686701807, "global_nucleophilicity": -9.166337353351217, "fukui_electrophilicity": {"1": 0.033582933674270884, "2": 0.0086266040796536, "3": 0.03685497822977318, "4": 0.05318764400122858, "5": 0.020670565796794542, "6": 0.041620190925902925, "7": 0.02027439298007888, "8": 0.10217747677833677, "9": 0.1443744320289332, "10": 0.14390248816910794, "11": 0.014037470250693282, "12": 0.03706743742590822, "13": 0.05897191065081301, "14": 0.04544647147166454, "15": 0.07170187076015871, "16": 0.06703356222994192, "17": 0.05757019448425177, "18": 0.04289937606250749}, "fukui_nucleophilicity": {"1": 0.0627352184578935, "2": 0.04464482673732707, "3": 0.04378092549638092, "4": 0.02761407048572198, "5": 0.026751524606854656, "6": 0.04592250793209353, "7": 0.02941655437875247, "8": 0.030191714270075387, "9": 0.09246749290675471, "10": 0.1054521887158158, "11": 0.027446501965859176, "12": 0.06914042804322997, "13": 0.08528126539667856, "14": 0.07288778576570742, "15": 0.06117157291654911, "16": 0.06809659762553683, "17": 0.06071588170302804, "18": 0.04628294259593896}, "boltzmann_weights": [0.27809293930249124, 0.2780986921435721, 0.22190419375883946, 0.22190417479509725], "best_conformer_elements": [6, 6, 6, 6, 6, 6, 6, 7, 8, 8, 6, 1, 1, 1, 1, 1, 1, 1], "best_conformer_coordinates": [[-2.70889986902907, -1.3501385178012835, 0.5304338956278903], [-2.250090301763645, -0.12644057408572845, 0.2973670424071075], [-0.858658540267613, 0.24783920435332082, 0.07096796934801138], [-0.5424988789324506, 1.5905964162848691, -0.16013220535763456], [0.7608648199859783, 2.000921277696344, -0.38055086806561844], [1.7904974643816816, 1.0787051504571572, -0.37659121584887234], [1.483308133848445, -0.25774359631156973, -0.1476301740414464], [2.54529021567551, -1.2344661497703393, -0.1400076619480814], [2.2453116630637067, -2.39252622954618, 0.059851795987270695], [3.67513081709971, -0.83954061101452, -0.3338706206525104], [0.18176596040153045, -0.6784352704623025, 0.07400759278065264], [-2.0717742084424824, -2.2162910124320243, 0.5760695319933729], [-3.758410187148965, -1.5299905309126294, 0.6865205207724627], [-2.947608276742716, 0.7011280356263392, 0.2648832871284752], [-1.3371544053752358, 2.3226087026358355, -0.16605250133791666], [0.9748910260349513, 3.0439245522488925, -0.5561884669129535], [2.816023547267389, 1.3675766863027965, -0.5451082351285603], [0.0020110358187701667, -1.727727543852235, 0.2460303238318261]], "best_conformer_energy": -31.61962684825153, "fukui_radical": {"1": 0.04815904024861653, "2": 0.026635868937986047, "3": 0.04031774362934753, "4": 0.040400866209760654, "5": 0.02371105007261864, "6": 0.04377123335584826, "7": 0.02484543308171109, "8": 0.06618454508402039, "9": 0.11842125195809824, "10": 0.12467772441075542, "11": 0.020741983068309138, "12": 0.053103911531287545, "13": 0.0721265545511265, "14": 0.05916706434441682, "15": 0.06643660190404342, "16": 0.06756500402478381, "17": 0.05914300274877911, "18": 0.04459112083859222}}