{"smiles": "C=CC(=C)O[Si](C)(C)C", "ip": 12.710176433091005, "ip_corrected": 7.864176433091005, "ea": 3.46083109533962, "homo": -0.37378280047765045, "lumo": -0.24252047318326034, "charges": {"1": -0.0792288450969028, "2": -0.03945395325178929, "3": 0.14514183824035948, "4": -0.13989468390536464, "5": -0.3276122179802726, "6": 0.5453317492510714, "7": -0.20607976731328465, "8": -0.20509685375089992, "9": -0.2060632962174719, "10": 0.05824527643171516, "11": 0.040558255167112756, "12": 0.04256153816172149, "13": 0.04420727005105711, "14": 0.03697342793327818, "15": 0.03227382542356935, "16": 0.032138846993752156, "17": 0.03592827881860101, "18": 0.034831874981792126, "19": 0.034889358342942864, "20": 0.02004531595946989, "21": 0.03593788217512619, "22": 0.03210660736352839, "23": 0.03225827222088824}, "dipole": [-0.062143131941232506, -0.013834857773049295, -0.15682595623108017], "global_electrophilicity": 0.5673041850611924, "global_nucleophilicity": -7.864176433091005, "fukui_electrophilicity": {"1": 0.0898242239061862, "2": 0.055985558706745854, "3": 0.0696629861374895, "4": 0.08170609826306058, "5": -0.0008268647080898472, "6": 0.02915479742138738, "7": -0.01530112700827771, "8": -0.012992485119728725, "9": -0.015332875791848721, "10": 0.09931501050188805, "11": 0.10989921100508931, "12": 0.08753695036636297, "13": 0.09261564331413556, "14": 0.10319336680866492, "15": 0.016173850132423936, "16": 0.03489211368293081, "17": 0.01918420437381264, "18": 0.02381179665827165, "19": 0.02377504410003037, "20": 0.03738771981990202, "21": 0.01908003303577719, "22": 0.03489924232027438, "23": 0.016355502073511666}, "fukui_nucleophilicity": {"1": 0.03957462087160496, "2": 0.016180477226491775, "3": 0.03139192967871157, "4": 0.054224055541863325, "5": 0.04854688004337154, "6": 0.04833020521813658, "7": 0.0074856509203484745, "8": -0.0005721974053648493, "9": 0.007416149673925954, "10": 0.04037758462548398, "11": 0.06460112841429018, "12": 0.051650119119622986, "13": 0.072809726681041, "14": 0.05640945419152288, "15": 0.048149277024945605, "16": 0.05460531902973532, "17": 0.050864439236163135, "18": 0.050846256972217556, "19": 0.050838538576419096, "20": 0.052651448747347354, "21": 0.050801667354744263, "22": 0.05460763805290849, "23": 0.04820963020785014}, "boltzmann_weights": [0.09654082568805167, 0.09654083530855474, 0.09619867091239533, 0.09621919925391671, 0.09621918573689424, 0.09653055388224735, 0.09653060438743093, 0.09654079250378945, 0.014292084014508715, 0.014282598760955681, 0.014279361182237391, 0.014292034828022116, 0.014292006119908274, 0.01427950095559073, 0.014282578825585262, 0.01427951314218678, 0.014279470221571682, 0.0142826299142296, 0.014295988165306675, 0.014295987197643177, 0.01429572723451896, 0.014295701830462063, 0.014327074390386335, 0.014327075543606148]}