{"smiles": "C=Cc1ccc(C(=O)O)cc1", "ip": 13.515428426224755, "ip_corrected": 8.669428426224755, "ea": 5.19584409688578, "homo": -0.3991543359483533, "lumo": -0.28469184701414857, "charges": {"1": -0.08112472424758127, "2": -0.029347030716890793, "3": 0.024273673306790533, "4": -0.031225949118412526, "5": -0.022194811609201524, "6": -0.019361668225332543, "7": 0.3537647094942542, "8": -0.4203238209347063, "9": -0.383320543162859, "10": -0.02039770947209381, "11": -0.03164912802481709, "12": 0.04400810665882105, "13": 0.04491711617742718, "14": 0.0402986545655545, "15": 0.04466092380587035, "16": 0.05692491496710343, "17": 0.32686159191610953, "18": 0.06106824227160394, "19": 0.042167452348351515}, "dipole": [-0.8891208750246238, 0.2992190150034205, 0.3947467167536773], "global_electrophilicity": 1.2222256789811285, "global_nucleophilicity": -8.669428426224755, "fukui_electrophilicity": {"1": 0.05358915992346591, "2": 0.023876219113044606, "3": 0.057353481327203304, "4": 0.02170305994412227, "5": 0.0277835452335932, "6": 0.051636679072194255, "7": 0.044922904206996794, "8": 0.1255930252849723, "9": 0.056280561671029794, "10": 0.027649338735801998, "11": 0.023671020736480468, "12": 0.07753505947822932, "13": 0.06174263701831409, "14": 0.061386370914910365, "15": 0.05695399897184353, "16": 0.0611080949362983, "17": 0.04547119612177275, "18": 0.05908167380903745, "19": 0.06266197350067786}, "fukui_nucleophilicity": {"1": 0.06152734350784714, "2": 0.03954484630230051, "3": 0.045416255862615315, "4": 0.03053050859491902, "5": 0.02085904779501816, "6": 0.06385793399497927, "7": 0.012159553485569519, "8": 0.13067490383438318, "9": 0.05309406386525495, "10": 0.020279539118444767, "11": 0.03039593797034429, "12": 0.08322224871646189, "13": 0.06865345731515239, "14": 0.06766239086210951, "15": 0.05473280706778988, "16": 0.060863212463043645, "17": 0.03964987431355205, "18": 0.054420578152180585, "19": 0.06245549677803284}, "boltzmann_weights": [0.2487907865499461, 0.24879065335326145, 0.2512093164762561, 0.25120924362053626]}