{"smiles": "C=Cc1ncc[nH]1", "ip": 13.330405048087043, "ip_corrected": 8.484405048087043, "ea": 3.6632165850803844, "homo": -0.37426166901309116, "lumo": -0.250419885763943, "charges": {"1": -0.09080317855578583, "2": -0.03987091429089467, "3": 0.1258850320659573, "4": -0.2692021948619174, "5": 0.021087195986322152, "6": -0.013010773970554723, "7": -0.09630385713184864, "8": 0.04362477451687067, "9": 0.03079504436353075, "10": 0.06273617325713185, "11": 0.03349889860237382, "12": 0.030638267246016575, "13": 0.16092553277277868}, "dipole": [0.3943761828469114, -1.0683564172212152, 0.8725611911852096], "global_electrophilicity": 0.689363803627517, "global_nucleophilicity": -8.484405048087043, "fukui_electrophilicity": {"1": 0.08633292750840373, "2": 0.06661280975237568, "3": 0.04188172008820118, "4": 0.11825728735349567, "5": 0.017886791538930316, "6": 0.04569247621398992, "7": 0.06997792186961493, "8": 0.1140058188242862, "9": 0.10086044417896199, "10": 0.09875702633398575, "11": 0.08724588606795897, "12": 0.09083817378899786, "13": 0.0616507164807896}, "fukui_nucleophilicity": {"1": 0.06762729354478986, "2": 0.03741058084885281, "3": 0.04616289031959486, "4": 0.15549912055339482, "5": 0.04736945423260554, "6": 0.06953750052558887, "7": 0.0552200495992044, "8": 0.09481456279352599, "9": 0.07740665650195033, "10": 0.07548845733142878, "11": 0.10291434642788075, "12": 0.1038560687462347, "13": 0.06669301857494705}, "boltzmann_weights": [1.0]}