{"smiles": "C=CC(=O)Oc1cccc2c3ccccc3n(CCO)c12", "ip": 12.22459025098881, "ip_corrected": 7.378590250988809, "ea": 5.150541741990292, "homo": -0.3665948082150979, "lumo": -0.27970478186895, "charges": {"1": -0.058869640415059155, "2": -0.05700292592719209, "3": 0.3615876360063177, "4": -0.41181732742375954, "5": -0.2678687045814413, "6": 0.12127609376002033, "7": -0.04399869292305701, "8": -0.040351769462864534, "9": -0.03535345413221727, "10": -0.016584517467559824, "11": -0.015697801441235053, "12": -0.03137964982664139, "13": -0.040767962810155156, "14": -0.032390317584833066, "15": -0.051604869569029016, "16": 0.04432138945864146, "17": -0.04430551617827727, "18": -0.004783746052708544, "19": 0.08606888760994244, "20": -0.44167053338647927, "21": 0.03369232521447155, "22": 0.06381480759862375, "23": 0.07694770391005129, "24": 0.06623823442526418, "25": 0.04848761446948623, "26": 0.04144366249890991, "27": 0.04221631371370332, "28": 0.03405806430586176, "29": 0.030772829850756255, "30": 0.03183898645533232, "31": 0.028581204680463202, "32": 0.07533986170996783, "33": 0.06356990654447087, "34": 0.02422024699448182, "35": 0.026174291900366204, "36": 0.29379736807538237}, "dipole": [0.007158722739741615, 0.7019156758387904, -0.15120006684647727], "global_electrophilicity": 1.0430822807203235, "global_nucleophilicity": -7.378590250988809, "fukui_electrophilicity": {"1": 0.05175923184857796, "2": 0.03343066938534527, "3": 0.03666510163751657, "4": 0.09202435070660431, "5": 0.04848828495887669, "6": 0.009688393526591454, "7": 0.02377351823492102, "8": 0.011421236905023065, "9": 0.027340561660404522, "10": 0.021690959500846776, "11": 0.02040599535239543, "12": 0.024607129269813982, "13": 0.012882686688210146, "14": 0.029690794754922818, "15": 0.020713774831808376, "16": 0.009892457293526058, "17": 0.017528720395686537, "18": -0.009020042731660446, "19": -0.003030062509790099, "20": 0.003038296256842765, "21": 0.009762879632165086, "22": 0.0722217952257762, "23": 0.05992339114245164, "24": 0.05910674621394628, "25": 0.03251081050543636, "26": 0.042011161789949944, "27": 0.041935795942295274, "28": 0.037429086982390204, "29": 0.04179917835452809, "30": 0.04523149268015016, "31": 0.036779642092951384, "32": 0.00350997376071549, "33": 0.02052933908179009, "34": 0.014361184951860598, "35": -0.010604089624169834, "36": 0.010499553644383208}, "fukui_nucleophilicity": {"1": 0.012550665450877643, "2": 0.00047472745663889454, "3": 0.0023170585777589903, "4": 0.037638242036757585, "5": 0.02508908342081101, "6": 0.03708974164792117, "7": 0.014278688912134366, "8": 0.03796543588710262, "9": 0.024919987659463003, "10": 0.02111573264190516, "11": 0.023636245201465338, "12": 0.022064856872075087, "13": 0.040771404534641814, "14": 0.016760088570801045, "15": 0.032506873930593774, "16": 0.011654226255128824, "17": 0.08340898638339544, "18": -0.014853206592149594, "19": 0.0011083652846848313, "20": 0.016609408983799367, "21": 0.008986297050570226, "22": 0.03286583231621891, "23": 0.020306962961223335, "24": 0.017712288782902416, "25": 0.047481125020138994, "26": 0.0549671601416381, "27": 0.04644447317722266, "28": 0.0462038253422131, "29": 0.056870284996313816, "30": 0.05177542831199885, "31": 0.04704756887952774, "32": 0.03501379481014827, "33": 0.033868966354098806, "34": 0.021055088091333964, "35": 0.010909006505711614, "36": 0.021385284156577256}, "boltzmann_weights": [0.01570012823118275, 0.015700128950129885, 0.15244105221363177, 0.15244171540294213, 0.11420164229531359, 0.12429430615926496, 0.004224588565181105, 0.05566287120677864, 0.04127063700807894, 0.01891327205964205, 0.11416601617570955, 0.0017883248560866029, 0.0022908220924355727, 0.01030303798985967, 0.015940755250525202, 0.0008859392046761747, 0.14835632802108362, 0.0030493463949148414, 0.008369087922562909], "best_conformer_elements": [6, 6, 6, 8, 8, 6, 6, 6, 6, 6, 6, 6, 6, 6, 6, 6, 7, 6, 6, 8, 6, 1, 1, 1, 1, 1, 1, 1, 1, 1, 1, 1, 1, 1, 1, 1], "best_conformer_coordinates": [[5.025810585905379, 1.4876910308938966, 0.1316491428729713], [3.9890102360593986, 1.0029716755060962, 0.7985849229627046], [3.077967913510439, 0.017767757688998728, 0.17769011693534018], [3.17801254753582, -0.42520017347716643, -0.9380942426866795], [2.089121006251549, -0.30304712285288177, 1.0333122911620192], [1.133118318943493, -1.2387669104693326, 0.6204946311004021], [1.4824606692405482, -2.5679852345874568, 0.4693800748123057], [0.5391043888545731, -3.5237178116038206, 0.10475361203154597], [-0.7742203480178003, -3.1701823810137775, -0.12382769220322311], [-1.1394860167088177, -1.8372091528425576, 0.010851964095877676], [-2.3796152993755157, -1.1388643885085263, -0.17147868742922814], [-3.6587095830010026, -1.5437348268838536, -0.5324868302465883], [-4.650405616058435, -0.5894180667696228, -0.6312622532814542], [-4.379454474012718, 0.7537145873914728, -0.37678007010090275], [-3.1162567658390277, 1.1799538046877245, -0.015553758452204157], [-2.113840235603701, 0.22519685887339083, 0.09037459782958639], [-0.7923557500995562, 0.37441841031504564, 0.4458720998313771], [-0.13210796764901, 1.6284637589348971, 0.6716440602303844], [0.46768780174798413, 2.193218395078073, -0.6238664193188923], [1.212836829732726, 3.34095870371902, -0.28757845273616883], [-0.18546693513220158, -0.8567909219868661, 0.38057940966938036], [5.699658983983474, 2.2096234516708675, 0.5594888958714919], [5.221496239908537, 1.1602100367381765, -0.8768926085762356], [3.7461792446915125, 1.2964642444133545, 1.8083244557887477], [2.5086555284026986, -2.8556431353478637, 0.6399938978493828], [0.8501803563704433, -4.551515026802498, -0.00010509328243362295], [-1.507107413332003, -3.909172642472266, -0.40825684293985615], [-3.8666850772243806, -2.583975664270258, -0.7316256285871691], [-5.65147494888876, -0.8813738448676915, -0.9112525478023201], [-5.1755323915331655, 1.4781696312127823, -0.46599139863736316], [-2.924055719990121, 2.2251113773775955, 0.17400505523649049], [0.6712205755289951, 1.4967929169179555, 1.3990258362295507], [-0.846408670679027, 2.346053937001535, 1.080591777786903], [1.1079887302253866, 1.4330349460867484, -1.0926890578026014], [-0.340749050324117, 2.440028851412948, -1.327776617476463], [1.6334222907010747, 3.686752939419531, -1.0810986407363592]], "best_conformer_energy": -59.17924266335011, "fukui_radical": {"1": 0.032155215366882574, "2": 0.016952770273106703, "3": 0.019491390524754654, "4": 0.06483211081753548, "5": 0.03678853894398132, "6": 0.023389344087607046, "7": 0.019026077199604058, "8": 0.0246933872941856, "9": 0.02613060236455133, "10": 0.02140336817414597, "11": 0.022020990250780737, "12": 0.023335779603471087, "13": 0.026827086564773152, "14": 0.0232253400136507, "15": 0.026610168052285207, "16": 0.010773388689793932, "17": 0.05046890653092155, "18": -0.011936603713162476, "19": -0.000960236368573536, "20": 0.009824504298564435, "21": 0.0093746538243231, "22": 0.05254385764451753, "23": 0.04011537809508288, "24": 0.03840935000407412, "25": 0.03999561261727997, "26": 0.04848918526286898, "27": 0.04419032131613647, "28": 0.04181625314802897, "29": 0.0493346118102827, "30": 0.048503356786436934, "31": 0.04191351763396145, "32": 0.019261594526082136, "33": 0.027199339556555943, "34": 0.00015266823555516035, "35": 0.017705259278636712, "36": 0.01594291146963442}}