{"smiles": "C=CF", "ip": 16.009384141525818, "ip_corrected": 11.163384141525817, "ea": 1.6395304137654514, "homo": -0.42651361088962564, "lumo": -0.22617980970288754, "charges": {"1": -0.10916765418445885, "2": 0.13098951426404462, "3": -0.21331880349801186, "4": 0.06293136938192581, "5": 0.07484176802347293, "6": 0.053723806013027876}, "dipole": [-0.5739856723293797, 0.4871224757764313, -0.08625763394867823], "global_electrophilicity": 0.550740550666636, "global_nucleophilicity": -11.163384141525817, "fukui_electrophilicity": {"1": 0.1446800860753567, "2": 0.16122235471108018, "3": 0.1515035293350278, "4": 0.18211717184262594, "5": 0.17706719460524323, "6": 0.1834096634306735}, "fukui_nucleophilicity": {"1": 0.1388427373108589, "2": 0.09476758924751025, "3": 0.2829341028034258, "4": 0.16728092386807353, "5": 0.15515680373160978, "6": 0.16101784303853012}, "boltzmann_weights": [1.0]}