{"smiles": "C=CN1CCN(CC)C1=O", "ip": 12.668243125333282, "ip_corrected": 7.822243125333282, "ea": 2.5184834408584145, "homo": -0.3629347158555646, "lumo": -0.20496085054804108, "charges": {"1": -0.1299712753801273, "2": 0.024002244938746267, "3": -0.09734298659371271, "4": -0.00017827221560627604, "5": 0.0016622336396113907, "6": -0.12875714869434274, "7": 0.0068625566030192445, "8": -0.11260318092338681, "9": 0.31710713222440534, "10": -0.46376202709326353, "11": 0.029573433872272528, "12": 0.039613173934116494, "13": 0.06559180716215442, "14": 0.05318958353046646, "15": 0.0531244257299112, "16": 0.044439569230820146, "17": 0.04862537284104473, "18": 0.036083222135927816, "19": 0.07522965450098223, "20": 0.038906039998472836, "21": 0.047829994922145694, "22": 0.05077444563634504}, "dipole": [-0.3218979505269509, -1.2722796684159259, -1.384710052927211], "global_electrophilicity": 0.371831710500923, "global_nucleophilicity": -7.822243125333282, "fukui_electrophilicity": {"1": 0.08064788502266917, "2": 0.06965258522471099, "3": 0.04543607062895544, "4": -0.02574170542740909, "5": -0.021664953449223652, "6": 0.06677311018250565, "7": -0.01815424834959576, "8": -0.011833673001211714, "9": 0.0839032336048357, "10": 0.14150516628446874, "11": 0.09848150501444694, "12": 0.10450089116828275, "13": 0.08026972068424976, "14": 0.04039046381030886, "15": 0.0402833660134921, "16": 0.050959417473546084, "17": 0.05111152728101402, "18": 0.04140476569785073, "19": 0.017752166760752634, "20": 0.02028118493247622, "21": 0.03366628535058216, "22": 0.010375235092287938}, "fukui_nucleophilicity": {"1": 0.06947953312901406, "2": 0.020350928469096752, "3": 0.09847132397433073, "4": -0.026218726738915055, "5": -0.02486376496113131, "6": 0.10596173770656026, "7": -0.017498572681578013, "8": -0.006824277541347679, "9": -0.0011788521902096893, "10": 0.08174210461625364, "11": 0.07035412355434882, "12": 0.08534759068212162, "13": 0.06310409232000734, "14": 0.06721031703184226, "15": 0.06761262556617173, "16": 0.0744757994585086, "17": 0.07415038134857793, "18": 0.06251745786408683, "19": 0.03806386147160548, "20": 0.0266375780335687, "21": 0.04502829743458972, "22": 0.026076441452492598}, "boltzmann_weights": [0.4924874900667514, 0.4925401068997056, 0.004990804245200486, 0.0049908036195387894, 0.0049907951688037445]}