{"smiles": "C=CN1C(=O)c2ccccc2C1=O", "ip": 13.686892297806066, "ip_corrected": 8.840892297806066, "ea": 5.973765139495381, "homo": -0.40250132799098565, "lumo": -0.3178000292787869, "charges": {"1": -0.10257710923590513, "2": 0.02828021558335897, "3": -0.08927299469481173, "4": 0.278087205621542, "5": -0.36025875734379853, "6": -0.022174757965494285, "7": -0.012145981841323913, "8": -0.019291782262638793, "9": -0.019606674971654955, "10": -0.01208361319030396, "11": -0.022206800223825138, "12": 0.2766725373168188, "13": -0.36287180584787165, "14": 0.05452251155933863, "15": 0.07919535744924659, "16": 0.06829868443295066, "17": 0.0647150234079971, "18": 0.05419969619396157, "19": 0.054191421542960756, "20": 0.06432762446943655}, "dipole": [1.1989609341940792, -0.24335290859852074, -0.002085841190238933], "global_electrophilicity": 1.6104708418295768, "global_nucleophilicity": -8.840892297806066, "fukui_electrophilicity": {"1": 0.022105245400024953, "2": -0.010823074022049212, "3": 0.037911912535813164, "4": 0.044466512533553604, "5": 0.1388602710853265, "6": 0.04518519436215174, "7": 0.019638595433515253, "8": 0.03874310967472927, "9": 0.03790485716704259, "10": 0.02026454421163095, "11": 0.045668460916459805, "12": 0.045820446347103166, "13": 0.14341342982331834, "14": 0.052348377527586615, "15": 0.024373831047714983, "16": 0.031221807048480113, "17": 0.05986050036245199, "18": 0.0713791642228072, "19": 0.07128441311579174, "20": 0.06037240120654389}, "fukui_nucleophilicity": {"1": 0.06028891201944406, "2": 0.032533593650381276, "3": 0.07197034962507406, "4": 0.012275082457515796, "5": 0.10898547525388674, "6": 0.028817540014775336, "7": 0.019358836081844993, "8": 0.029788794898636062, "9": 0.030360842560124057, "10": 0.019743297881110553, "11": 0.02750822411952704, "12": 0.007695237783336473, "13": 0.09726925752560112, "14": 0.08508407135429968, "15": 0.06689012944320756, "16": 0.0724203630634369, "17": 0.049509101238321224, "18": 0.06235724401924057, "19": 0.06488932014187127, "20": 0.05225432686837121}, "boltzmann_weights": [0.49998201563394945, 0.5000179843660505]}