{"smiles": "C=CNC(=O)NCC", "ip": 13.174819463920176, "ip_corrected": 8.328819463920176, "ea": 2.522047182094089, "homo": -0.3731459031230521, "lumo": -0.20871919303543304, "charges": {"1": -0.12935394216222762, "2": 0.032469996811450116, "3": -0.17619135761543864, "4": 0.3283460971697576, "5": -0.45682842826667014, "6": -0.21234708167421168, "7": 0.009246498354263714, "8": -0.11376961962933582, "9": 0.030345684842976058, "10": 0.04335065344525074, "11": 0.07187780488811651, "12": 0.16212488928475463, "13": 0.15645336472220478, "14": 0.04014843841023653, "15": 0.08007573537084385, "16": 0.03687591301093763, "17": 0.04919642387060926, "18": 0.04797892916648506}, "dipole": [-0.5607546216586962, 1.6294781573648494, -0.6342616840570917], "global_electrophilicity": 0.42311079316333494, "global_nucleophilicity": -8.328819463920176, "fukui_electrophilicity": {"1": 0.08396748372082916, "2": 0.07055970428706057, "3": 0.03805526161258185, "4": 0.08539021614558151, "5": 0.15071609350226045, "6": 0.05877617717899075, "7": -0.018011010898075143, "8": -0.013264744630906433, "9": 0.10354837616200056, "10": 0.11004390493767384, "11": 0.08597552284640861, "12": 0.05913448687687167, "13": 0.052555705518014625, "14": 0.045455066684999046, "15": 0.01845380328250073, "16": 0.02258832854595625, "17": 0.009484665074436661, "18": 0.036570959152833885}, "fukui_nucleophilicity": {"1": 0.07996879514414888, "2": 0.03486186739242228, "3": 0.08925922416500709, "4": 0.0013017051624365505, "5": 0.09327916136800923, "6": 0.09505501903264346, "7": -0.012439343662042045, "8": -0.0067085658373585155, "9": 0.0844666059902271, "10": 0.09420182871721808, "11": 0.07036476835725594, "12": 0.05616620058622257, "13": 0.05175836311502424, "14": 0.08992274475803724, "15": 0.04255031372702728, "16": 0.03970881950505974, "17": 0.041955551806898174, "18": 0.054326940671751776}, "boltzmann_weights": [0.49753066804720103, 0.4973930707853424, 0.0016920189463562288, 0.001692120963619067, 0.0016921212574814266]}