{"smiles": "C=COC(=O)C(Cl)(Cl)Cl", "ip": 14.515223606713658, "ip_corrected": 9.669223606713658, "ea": 5.182912018791033, "homo": -0.4447792155666846, "lumo": -0.29835882690452115, "charges": {"1": -0.09856215243481559, "2": 0.10198958997408214, "3": -0.20128823231924986, "4": 0.3594732067241335, "5": -0.34368503479375134, "6": 0.19377642812609783, "7": -0.08858169596472744, "8": -0.07672520795815, "9": -0.08858166891194172, "10": 0.0856316126700968, "11": 0.08066225920271597, "12": 0.07589089568550758}, "dipole": [-1.1023911599413863, 0.42388594838938165, -0.26508791099127343], "global_electrophilicity": 1.3410765008849417, "global_nucleophilicity": -9.669223606713658, "fukui_electrophilicity": {"1": 0.05858200333009306, "2": 0.018324408574389148, "3": 0.07918203107277927, "4": 0.07795717817728692, "5": 0.18540470674045784, "6": -0.00890465796290324, "7": 0.1395760167978316, "8": 0.1050812071450703, "9": 0.13957719703797536, "10": 0.06925058617299826, "11": 0.08099423357625356, "12": 0.054975089337748695}, "fukui_nucleophilicity": {"1": 0.04993340717226488, "2": 0.029529516527922073, "3": 0.06209245574827593, "4": 0.007304442617123763, "5": 0.11180647752710182, "6": -0.02691192369050019, "7": 0.18886956047279585, "8": 0.1957790572291582, "9": 0.18886963119027692, "10": 0.06288711333915072, "11": 0.07624231955516433, "12": 0.053597942312130664}, "boltzmann_weights": [0.12919923311830936, 0.12919923581639728, 0.12919923582660628, 0.12919923853441706, 0.1291803249176368, 0.12918033277545782, 0.03747313106881012, 0.03747313732673088, 0.03747316351477713, 0.03747312267190091, 0.03747664539717014, 0.03747319903178626], "best_conformer_elements": [6, 6, 8, 6, 8, 6, 17, 17, 17, 1, 1, 1], "best_conformer_coordinates": [[2.39854741230729, -0.3893960430945144, 0.8417145734879852], [1.5057966780993803, 0.014349707278728318, -0.04026916231268849], [0.1527446581256501, -0.10580248961944051, 0.23158016258993003], [-0.7119087365179556, 0.310086287800588, -0.6772510460984104], [-0.46347283473516343, 0.7934166162274354, -1.740723659373347], [-2.144694436453393, 0.07989735949029228, -0.1631242956846728], [-2.3534255092152145, 0.986049692498688, 1.3478408387374263], [-3.307043303929986, 0.6291916968817104, -1.3635575212552096], [-2.360373339961846, -1.6536480858419922, 0.14669727761014684], [2.100460792043772, -0.8167661965523805, 1.7825056501342302], [3.4482448780342425, -0.2990416597001498, 0.6370983035173408], [1.735123747494964, 0.45166312521465374, -1.0025111160609443]], "best_conformer_energy": -31.839690783223343, "fukui_radical": {"1": 0.05425718320392975, "2": 0.023927287119682776, "3": 0.07063556829521309, "4": 0.04263181684194814, "5": 0.1486047456671754, "6": -0.017906465754282008, "7": 0.16422605134066232, "8": 0.15042930430619622, "9": 0.1642207632596775, "10": 0.06606909754041831, "11": 0.07861797814167712, "12": 0.054286670038585304}}