{"smiles": "C=COCC(C)C", "ip": 13.46614100224178, "ip_corrected": 8.62014100224178, "ea": 0.9170756923661368, "homo": -0.37632864553685424, "lumo": -0.18458528562403884, "charges": {"1": -0.14297724271831996, "2": 0.10104961466782268, "3": -0.2644815586187704, "4": 0.07822289863853202, "5": -0.0145326010739718, "6": -0.11163900710811664, "7": -0.10864834845742638, "8": 0.036221868566408716, "9": 0.03587854454899193, "10": 0.044474857939395894, "11": 0.030429381064846245, "12": 0.02775385556860853, "13": 0.04456137749299799, "14": 0.03816322709943993, "15": 0.0447644156266856, "16": 0.035575469261041215, "17": 0.03805148991970482, "18": 0.05003755813053828, "19": 0.037094199451597525}, "dipole": [-0.21413868574217132, -0.32420771630802847, -0.21917755616798662], "global_electrophilicity": 0.21921467388540225, "global_nucleophilicity": -8.62014100224178, "fukui_electrophilicity": {"1": 0.1235149360017968, "2": 0.1601674530903814, "3": 0.10843013256092376, "4": -0.028948993971651543, "5": 0.0025986700566025464, "6": -0.013418267312056698, "7": -0.013750923966039219, "8": 0.1569764029421014, "9": 0.15888753022434515, "10": 0.15775435516278563, "11": 0.034035524190252735, "12": 0.03395905331387693, "13": 0.01941198747763703, "14": 0.014201097336079271, "15": 0.029715753988009068, "16": 0.013033336909333313, "17": 0.03149998393665172, "18": -0.002079630405709826, "19": 0.014011598464692774}, "fukui_nucleophilicity": {"1": 0.078294915593412, "2": 0.03077869186655459, "3": 0.13559566139292806, "4": -0.030302274884609418, "5": 0.005498937271174335, "6": -0.020261385992165842, "7": -0.01444216229671176, "8": 0.07828191040503728, "9": 0.09897735476095743, "10": 0.08498496757228827, "11": 0.08124276265142279, "12": 0.08208470829294748, "13": 0.07845163951331259, "14": 0.057270134881156474, "15": 0.05160439585613353, "16": 0.045845334990730235, "17": 0.05583527799363584, "18": 0.042234675147250704, "19": 0.058024455549093794}, "boltzmann_weights": [0.35649651179636044, 0.3564965082792084, 0.1777547101594761, 0.010041289041546629, 0.010041271589255517, 0.01004127112528515, 0.00533538556308689, 0.005335385744530354, 0.06845766670125059]}