{"smiles": "C=CP(=O)(OCCCl)OCCCl", "ip": 13.418541539660955, "ip_corrected": 8.572541539660955, "ea": 3.7571734629071827, "homo": -0.4116803316433305, "lumo": -0.2564420907599644, "charges": {"1": -0.06518775133425003, "2": -0.0555473920132108, "3": 0.4963429732725898, "4": -0.46365305133246004, "5": -0.27673775444243154, "6": 0.08664243366907669, "7": 0.012512033348570942, "8": -0.1873228461936633, "9": -0.2669269763135851, "10": 0.08487238901101882, "11": 0.012259870217586372, "12": -0.18703659531819863, "13": 0.07133330261550147, "14": 0.06868558361938429, "15": 0.07761074487568197, "16": 0.05371029261771587, "17": 0.06835046082260875, "18": 0.09535515318750667, "19": 0.0733359780168619, "20": 0.0597911322400551, "21": 0.07277638601463664, "22": 0.07307384008496412, "23": 0.09575979333404497}, "dipole": [1.1865310686279993, 0.6764541275158727, 0.3698921627744062], "global_electrophilicity": 0.7246125729131919, "global_nucleophilicity": -8.572541539660955, "fukui_electrophilicity": {"1": 0.08165554563094907, "2": 0.056517778623371866, "3": 0.16605905392762244, "4": 0.014075572779531975, "5": -0.00491661557693468, "6": -0.026513059276320042, "7": -0.0023537130442099347, "8": 0.11526914494728602, "9": -0.0014712677958550469, "10": -0.01863422387622063, "11": -0.007587433629229909, "12": 0.07817307722365632, "13": 0.09252186171736924, "14": 0.09954252530067914, "15": 0.08525154949972623, "16": 0.028353752383799793, "17": 0.03680701878961119, "18": 0.03435442584012093, "19": 0.05269270402899583, "20": 0.02006470195793421, "21": 0.03656422625529348, "22": 0.03995838801304404, "23": 0.023614986279770503}, "fukui_nucleophilicity": {"1": 0.009470837061902201, "2": -0.00010957031809857853, "3": 0.10810140299365723, "4": 0.038182739352415784, "5": 0.010156369678708366, "6": -0.021439737062105155, "7": -0.02405455434639829, "8": 0.18838487860834321, "9": 0.00795758125238516, "10": -0.01989631014263263, "11": -0.026803362483755366, "12": 0.23744208569299108, "13": 0.04073612635709481, "14": 0.06104399597892676, "15": 0.04291070838049035, "16": 0.03825293849132161, "17": 0.04361641368158359, "18": 0.04164376112963922, "19": 0.05468051765437204, "20": 0.02365281515950146, "21": 0.04160227220854179, "22": 0.05507076735228447, "23": 0.049397323322063674}, "boltzmann_weights": [8.657567004439933e-06, 0.024938136087013094, 0.02458968848464926, 0.0012488061808211674, 7.846795769445627e-05, 0.006347665992669901, 0.02304295836925665, 0.05422775589064196, 0.054227743971182185, 0.02045665857428867, 0.1576338707372453, 0.13108427231867817, 0.13108431093305428, 0.024588490687605203, 0.0002644296923475773, 0.0034810585341469654, 0.02844290957377891, 0.0003221691236445457, 0.0005395878374231756, 0.0003164559405524925, 0.00012111923148932537, 7.464190972961977e-05, 0.0012488115654211765, 0.0026215399307755244, 0.002621538885254791, 6.813285785303276e-07, 7.92840896358341e-06, 0.04988099984973409, 0.04988099280427299, 0.03393783304823606, 0.0001994352551282409, 1.1085505960444043e-05, 0.157639613924459, 7.617059493756941e-05, 0.00024635264686071536, 5.0256425240890746e-05, 5.051095652107185e-05, 1.3955779605174114e-05, 0.0015170698674524133, 2.0985519856611602e-05, 0.01171387850098793, 2.032730033836985e-05, 0.0005167948371540286, 0.0005167947559219873, 5.974314580175736e-05, 5.856681635387862e-06, 2.0986885984404764e-05], "best_conformer_elements": [6, 6, 15, 8, 8, 6, 6, 17, 8, 6, 6, 17, 1, 1, 1, 1, 1, 1, 1, 1, 1, 1, 1], "best_conformer_coordinates": [[-0.4046121788690036, 3.440658248604209, -0.22069977833758628], [0.3337568598235526, 2.4273162500880763, -0.6315700496220307], [0.1572136171742478, 0.813018117143768, 0.1559499552244166], [-0.7281878616559657, 0.7119568954051558, 1.3219220365134188], [-0.24104463117706773, -0.2082726033465444, -1.044637818388147], [-1.6022470980953374, -0.3972374421066462, -1.3641382953696561], [-2.291810024192122, -1.340455143004205, -0.3906727512314227], [-1.5433371476777196, -2.9515697094468063, -0.45874901686099595], [1.6824338205877394, 0.422568665646715, 0.41652739140659617], [1.9648712535639332, -0.5795874708481228, 1.3755282387430272], [1.9124395530106597, -1.9725749202776264, 0.7738637494304257], [3.1936545247212136, -2.170291663011015, -0.44226768118035015], [-1.1003672330178578, 3.3069687610270804, 0.592170816342594], [-0.33921719432047287, 4.424020018704737, -0.6583708929650709], [1.0517321775444606, 2.498721197756837, -1.4329340456942103], [-1.6174614085695134, -0.8097224931968081, -2.3781046826133783], [-2.136944569075862, 0.5600891358063074, -1.3527891183385294], [-3.3431178947569737, -1.4576907786874613, -0.6510839005982634], [-2.1812710166121594, -0.9724863754881902, 0.628207553261646], [1.2330122184503993, -0.5187721009028884, 2.1910902837822435], [2.965408581530159, -0.3609426379420148, 1.7595716805493609], [2.07339650715445, -2.727279707075368, 1.5433076997981978], [0.9616991497510161, -2.138434239557332, 0.26787863143951596]], "best_conformer_energy": -42.35283882341449, "fukui_radical": {"1": 0.047279558443729205, "2": 0.028564568650525177, "3": 0.14541755156156028, "4": 0.016953956954486288, "5": 0.006892650577673298, "6": -0.02341103915781545, "7": -0.013735102951513735, "8": 0.1508134691801124, "9": 0.0021858338071720773, "10": -0.02107538062722196, "11": -0.016354110103465554, "12": 0.15769530145791913, "13": 0.06885089161483038, "14": 0.08267541115450178, "15": 0.06700276320176864, "16": 0.03838737842913825, "17": 0.03298015521781774, "18": 0.0519664969645231, "19": 0.03487559814600857, "20": 0.027936167291982335, "21": 0.03762432591679879, "22": 0.05018807840886879, "23": 0.026285475861781787}}