{"smiles": "C=CSC(C)(C)C", "ip": 12.694640127776701, "ip_corrected": 7.848640127776701, "ea": 2.6042208950283636, "homo": -0.3518741118548553, "lumo": -0.20814627412379033, "charges": {"1": -0.10443808911699407, "2": 0.013697030533566995, "3": -0.1757263978348746, "4": 0.07487356851270817, "5": -0.11004178224420919, "6": -0.10512841007487636, "7": -0.10512841101887146, "8": 0.045244161248498886, "9": 0.03807084583854057, "10": 0.03537937750593755, "11": 0.048644357244302605, "12": 0.048644353346014586, "13": 0.0429731913250621, "14": 0.040755056426826766, "15": 0.046390796734272134, "16": 0.039322251642637675, "17": 0.04639079208424065, "18": 0.040755051337998886, "19": 0.0393222565091951}, "dipole": [-0.5781244660865099, -0.7305824695319355, -0.07862382992090297], "global_electrophilicity": 0.38943984640180507, "global_nucleophilicity": -7.848640127776701, "fukui_electrophilicity": {"1": 0.05516087348078977, "2": 0.008650868493590924, "3": 0.3929684886857328, "4": 0.021941068628176463, "5": -0.031163222712748323, "6": -0.037286844532747304, "7": -0.03728682710190498, "8": 0.07560275004837037, "9": 0.09638081451137132, "10": 0.10073203861091279, "11": 0.028578948247762, "12": 0.02857889647943262, "13": 0.054596123831228256, "14": 0.061317036858594826, "15": 0.03237368255901403, "16": 0.027582320537576283, "17": 0.032373686568549574, "18": 0.06131700691930431, "19": 0.02758228988698288}, "fukui_nucleophilicity": {"1": 0.06682492061013857, "2": -0.029690293128911097, "3": 0.4988632491272298, "4": -0.025309427695957287, "5": -0.029175532574831298, "6": -0.02423297740078953, "7": -0.024232961575438666, "8": 0.07505953913565172, "9": 0.09445674091075582, "10": 0.07726559509549297, "11": 0.02406799752580588, "12": 0.024067992129381426, "13": 0.04953550288798659, "14": 0.060287832800286295, "15": 0.02551611738333088, "16": 0.02544587710524348, "17": 0.02551617398362937, "18": 0.06028781726986363, "19": 0.02544583641253159}, "boltzmann_weights": [0.16669187548803047, 0.16664119530564472, 0.16669195944351425, 0.1666414174266156, 0.16669184517778673, 0.1666417071584082]}