{"smiles": "C/C=C(\\OC)C(=O)OC", "ip": 13.421501789124017, "ip_corrected": 8.575501789124017, "ea": 3.9420944296773937, "homo": -0.3860383569260046, "lumo": -0.26349424637747226, "charges": {"1": -0.10645611660761287, "2": -0.03977605290031248, "3": 0.09279642021332711, "4": -0.2691689189819894, "5": 0.03483088676881661, "6": 0.3372247380681021, "7": -0.41967768348141027, "8": -0.25795067075673905, "9": 0.03444134070225863, "10": 0.06034711452425198, "11": 0.05927112519253207, "12": 0.0639232810687066, "13": 0.06787363209639738, "14": 0.05299784688383695, "15": 0.035829680333806777, "16": 0.060319733134077236, "17": 0.06662029001643188, "18": 0.06424968415047251, "19": 0.0623036695750505}, "dipole": [-0.18503405977559775, -0.7237802554871104, 0.10602781197003038], "global_electrophilicity": 0.7760689343843611, "global_nucleophilicity": -8.575501789124017, "fukui_electrophilicity": {"1": -0.035497340866573024, "2": 0.10739366737181341, "3": 0.06099120264062387, "4": 0.05812864303213472, "5": -0.025726653817640943, "6": 0.08487011817749918, "7": 0.17760908291295846, "8": 0.08837104672760149, "9": -0.03434608379648854, "10": 0.07505684594212356, "11": 0.07424197098670421, "12": 0.051320771994750644, "13": 0.08017018817848212, "14": 0.029887779020423798, "15": 0.023112754646141143, "16": 0.05125347308575089, "17": 0.056542576713842455, "18": 0.037131395968885775, "19": 0.039488561080966045}, "fukui_nucleophilicity": {"1": -0.02209234563915438, "2": 0.06301898627293867, "3": 0.04868125224738569, "4": 0.14955395854137632, "5": -0.03679803654946437, "6": 0.005349996525678025, "7": 0.09600354327993837, "8": 0.03898508002545442, "9": -0.020038243416089452, "10": 0.10973330859270541, "11": 0.09221335123025472, "12": 0.04832181820794844, "13": 0.07429630897485134, "14": 0.0931094245478294, "15": 0.07054613282382655, "16": 0.0731465322023041, "17": 0.04077131381544054, "18": 0.038264455531100666, "19": 0.03693316278576125}, "boltzmann_weights": [0.17016112575341022, 0.17016112284402088, 0.329838832051354, 0.32983891935121495], "best_conformer_elements": [6, 6, 6, 8, 6, 6, 8, 8, 6, 1, 1, 1, 1, 1, 1, 1, 1, 1, 1], "best_conformer_coordinates": [[-2.353789918608734, 1.5434492902160812, 1.3112396112315146], [-1.0318728208687071, 1.4730303695630558, 0.6371528847433952], [-0.43183747556716906, 0.3374531970912057, 0.2502884269212441], [-1.017936640004702, -0.8718565213339335, 0.5065852598843202], [-0.8459996871613887, -1.9164005362516894, -0.42980245568150827], [0.9164488474323581, 0.4529011843190355, -0.3649457376780202], [1.3414061356699643, 1.4752586310532843, -0.8487123513617519], [1.6410115606349998, -0.6748964477932377, -0.29735192342873823], [2.9557909057565013, -0.594658620029168, -0.8264118164314629], [-2.818001530761053, 0.5621293398411515, 1.3390189088603799], [-3.002060628030261, 2.243811569943838, 0.7861602597971286], [-2.2348656959606648, 1.9075341559373022, 2.331492133170335], [-0.5033778315862398, 2.3982181639435454, 0.46491794025834704], [0.10472183938289971, -2.434785206935145, -0.28497101565399036], [-0.9058078083808052, -1.5486598674450036, -1.4578266631103118], [-1.6669266367094897, -2.610009396456375, -0.24784075078546447], [3.5251086257957183, 0.17922497654825928, -0.30800032837971486], [2.9218868914042266, -0.3500991288136683, -1.8901185303827768], [3.406101878145967, -1.5716451639825721, -0.6708738519730301]], "best_conformer_energy": -30.120788484673703, "fukui_radical": {"1": -0.028794939831648547, "2": 0.08520609990198974, "3": 0.054836236096350834, "4": 0.10384118361580719, "5": -0.03126232944556381, "6": 0.04511010801240409, "7": 0.13680662106800526, "8": 0.0636781742536931, "9": -0.027192165356528686, "10": 0.04982132455890438, "11": 0.08322768941267657, "12": 0.09239506574217933, "13": 0.07723333349013699, "14": 0.06149848736588697, "15": 0.046829383538121966, "16": 0.06219995028349075, "17": 0.0376977082237135, "18": 0.03821108696527991, "19": 0.04865698210514103}}