{"smiles": "C/C=C\\C", "ip": 13.70989274425366, "ip_corrected": 8.86389274425366, "ea": 1.2384753708134786, "homo": -0.3819703406488085, "lumo": -0.18784224283316545, "charges": {"1": -0.10018292151586872, "2": -0.041942800148042414, "3": -0.04194906320846743, "4": -0.10018300529477744, "5": 0.03859126116807763, "6": 0.04016089811753941, "7": 0.04016096222532129, "8": 0.02321530508244686, "9": 0.023215979092192838, "10": 0.040160879968671924, "11": 0.03859157537812623, "12": 0.0401609291347795}, "dipole": [-0.009818514608487336, -0.12544850702125954, -0.04972473025506532], "global_electrophilicity": 0.27692728233856934, "global_nucleophilicity": -8.86389274425366, "fukui_electrophilicity": {"1": -0.04922883728825811, "2": 0.15387956635770597, "3": 0.15387329769010238, "4": -0.04922890692502589, "5": 0.06838513663773563, "6": 0.0958327072147096, "7": 0.09583287772855031, "8": 0.13530131326883155, "9": 0.13530187960238674, "10": 0.09583275362308101, "11": 0.06838531594600872, "12": 0.09583289614417073}, "fukui_nucleophilicity": {"1": -0.02803700225266681, "2": 0.08601051394139929, "3": 0.08601678450998584, "4": -0.028036970431344177, "5": 0.07092659075297214, "6": 0.1347638239088612, "7": 0.13476450994109698, "8": 0.10156871321505413, "9": 0.10156826472381666, "10": 0.13476389964817492, "11": 0.07092635241432987, "12": 0.1347645196287183}, "boltzmann_weights": [1.0]}