{"smiles": "C/C=C\\C(=O)O", "ip": 14.317362481799877, "ip_corrected": 9.471362481799877, "ea": 4.033915833083219, "homo": -0.40934920883611675, "lumo": -0.2736192567716508, "charges": {"1": -0.11872583839587189, "2": 0.004434802384213343, "3": -0.07933298742980653, "4": 0.36011776185932826, "5": -0.42442847473386874, "6": -0.3854735195651564, "7": 0.06186195951106985, "8": 0.08474822041102245, "9": 0.06185962708308816, "10": 0.048877737430998845, "11": 0.062100352416811964, "12": 0.32396035902817205}, "dipole": [-0.2933867036879758, 0.3833231207111152, -0.35525849742590493], "global_electrophilicity": 0.9114539061663033, "global_nucleophilicity": -9.471362481799877, "fukui_electrophilicity": {"1": -0.040238557567090244, "2": 0.12026737517807204, "3": 0.05555336568487053, "4": 0.08382568074891711, "5": 0.18652293973721862, "6": 0.09304916615408548, "7": 0.08671649940562567, "8": 0.04084373020941936, "9": 0.08671528416858493, "10": 0.11651145100203164, "11": 0.1055686862626388, "12": 0.06466437901562727}, "fukui_nucleophilicity": {"1": -0.0035385824386871545, "2": 0.027919314768394876, "3": 0.04585788409018313, "4": 0.02663983087785038, "5": 0.20109892769024063, "6": 0.09942320397715099, "7": 0.09851483099491964, "8": 0.104446479333373, "9": 0.09851476029769139, "10": 0.1435158898314488, "11": 0.1021837873358308, "12": 0.05542367324160585}, "boltzmann_weights": [0.9737430225152033, 0.02625697748479667], "best_conformer_elements": [6, 6, 6, 6, 8, 8, 1, 1, 1, 1, 1, 1], "best_conformer_coordinates": [[-1.5024116419886695, -0.4480271791090374, 0.8185680282101582], [-1.0017893008869072, 0.5757235057641805, -0.1311703269324975], [0.23878856097110143, 0.6889683984855842, -0.6083482398280912], [1.3700323821969635, -0.18795213838489414, -0.28464952329743154], [1.3839335937486648, -1.1448914363654057, 0.4518224064749669], [2.4785539757389463, 0.20839333064675297, -0.9395455055639036], [-1.9004444591817853, 0.04333322117463675, 1.7064101425694047], [-0.7168914932142332, -1.137828535766638, 1.105901006498189], [-2.3233281724676362, -0.9991522321802724, 0.3597815715852621], [-1.7392665738926762, 1.2995284786810677, -0.4599676476477753], [0.49353522199110794, 1.4788796242855822, -1.299855496899164], [3.2192879069851132, -0.37697503723157755, -0.7189464204608873]], "best_conformer_energy": -19.736273011462885, "fukui_radical": {"1": -0.02188838949566116, "2": 0.07409363524080552, "3": 0.05070539812092502, "4": 0.055233610120245524, "5": 0.19381088785610978, "6": 0.09623647258697693, "7": 0.09261455502707619, "8": 0.07264429053740855, "9": 0.09261409180787905, "10": 0.13001445342938986, "11": 0.10387606533867236, "12": 0.06004492943017278}}