{"smiles": "C/C=C\\C", "ip": 13.70989274425366, "ip_corrected": 8.86389274425366, "ea": 1.2384753708134786, "homo": -0.3819703406488085, "lumo": -0.18784224283316545, "charges": {"1": -0.10018292151586872, "2": -0.041942800148042414, "3": -0.04194906320846743, "4": -0.10018300529477744, "5": 0.03859126116807763, "6": 0.04016089811753941, "7": 0.04016096222532129, "8": 0.02321530508244686, "9": 0.023215979092192838, "10": 0.040160879968671924, "11": 0.03859157537812623, "12": 0.0401609291347795}, "dipole": [-0.009818514608487336, -0.12544850702125954, -0.04972473025506532], "global_electrophilicity": 0.27692728233856934, "global_nucleophilicity": -8.86389274425366, "fukui_electrophilicity": {"1": -0.04922883728825811, "2": 0.15387956635770597, "3": 0.15387329769010238, "4": -0.04922890692502589, "5": 0.06838513663773563, "6": 0.0958327072147096, "7": 0.09583287772855031, "8": 0.13530131326883155, "9": 0.13530187960238674, "10": 0.09583275362308101, "11": 0.06838531594600872, "12": 0.09583289614417073}, "fukui_nucleophilicity": {"1": -0.02803700225266681, "2": 0.08601051394139929, "3": 0.08601678450998584, "4": -0.028036970431344177, "5": 0.07092659075297214, "6": 0.1347638239088612, "7": 0.13476450994109698, "8": 0.10156871321505413, "9": 0.10156826472381666, "10": 0.13476389964817492, "11": 0.07092635241432987, "12": 0.1347645196287183}, "boltzmann_weights": [1.0], "best_conformer_elements": [6, 6, 6, 6, 1, 1, 1, 1, 1, 1, 1, 1], "best_conformer_coordinates": [[-1.4859041028411826, -0.5236262277740776, 0.4107767523747788], [-0.7067876348700756, 0.7214724555205242, 0.1375770559833999], [0.570921382937482, 0.8216475632831123, -0.194790373936304], [1.5571051618785163, -0.2850482043265553, -0.3807936867392857], [-2.327034048388416, -0.5916319588238748, -0.27931655139028205], [-0.8823600199119407, -1.420093467194267, 0.31001068705303014], [-1.8925230819039707, -0.49029531973378215, 1.4216689289918902], [-1.287341156412203, 1.6313322976419569, 0.23168392108339417], [0.9843927802101555, 1.8094409972292496, -0.3592561608666756], [1.9581939413068319, -0.255653356357243, -1.3940146561759599], [2.392718574139608, -0.15433153492564514, 0.30696821935341223], [1.1186182091469778, -1.2632132498311661, -0.21051414102315974]], "best_conformer_energy": -12.609958000141628, "fukui_radical": {"1": -0.03863292053349691, "2": 0.11994504091002103, "3": 0.11994504152282762, "4": -0.038632922793997715, "5": 0.11529887902196781, "6": 0.06965582927923195, "7": 0.11529814513855606, "8": 0.11843502180695009, "9": 0.11843502767638846, "10": 0.11529838041217373, "11": 0.11529865121526234, "12": 0.06965582634431405}}