{"smiles": "C/C=C/Cl", "ip": 13.912568980959822, "ip_corrected": 9.066568980959822, "ea": 2.2646145604012906, "homo": -0.3945306008917013, "lumo": -0.22064952522219125, "charges": {"1": -0.10874165084828452, "2": -0.037291659357323474, "3": 0.03833613391141685, "4": -0.17879375358341015, "5": 0.04776582422993497, "6": 0.059017794858564544, "7": 0.059017790298924636, "8": 0.05919946176915466, "9": 0.06149005872100495}, "dipole": [-0.8582426094279891, 0.12967689602845378, -0.0016970387871888537], "global_electrophilicity": 0.45134111156579754, "global_nucleophilicity": -9.066568980959822, "fukui_electrophilicity": {"1": -0.05339483804872794, "2": 0.15972999421592893, "3": 0.10511847033841626, "4": 0.23061887655719499, "5": 0.07211517357703495, "6": 0.09796711371447893, "7": 0.09796709689001981, "8": 0.13692588862141983, "9": 0.15295222413421464}, "fukui_nucleophilicity": {"1": -0.02573496613231413, "2": 0.07845754474229019, "3": 0.03695040041671813, "4": 0.39057613463936464, "5": 0.0739057041387286, "6": 0.12704742999046068, "7": 0.12704737664166849, "8": 0.087972222414986, "9": 0.1037781531492626}, "boltzmann_weights": [1.0]}