{"smiles": "C/C=C/C(=O)O", "ip": 14.595121857083235, "ip_corrected": 9.749121857083235, "ea": 3.9781914627477803, "homo": -0.416148603728394, "lumo": -0.2718381210564474, "charges": {"1": -0.11119345731714082, "2": 3.4580257978381046e-05, "3": -0.07836293188334739, "4": 0.35651284156998836, "5": -0.42423860464966195, "6": -0.3834196909491235, "7": 0.06472598230306358, "8": 0.0538478110125508, "9": 0.06472606636873725, "10": 0.06888981082585205, "11": 0.06377239065811373, "12": 0.32470520180298473}, "dipole": [-0.6556883026307883, 0.2687261438228087, -0.47543453164954924], "global_electrophilicity": 0.9286785746364615, "global_nucleophilicity": -9.749121857083235, "fukui_electrophilicity": {"1": -0.04213152418480455, "2": 0.12569330797507977, "3": 0.05544064225950443, "4": 0.08202783092679472, "5": 0.18623500995439063, "6": 0.09358981156868534, "7": 0.08433218355172546, "8": 0.06005212295822651, "9": 0.0843322820576125, "10": 0.09725763276930229, "11": 0.10845071810156891, "12": 0.06471998206191615}, "fukui_nucleophilicity": {"1": -0.013627999638306007, "2": 0.04853601827042246, "3": 0.08085437310408597, "4": 0.022751243074326688, "5": 0.21033506581717476, "6": 0.096515588793464, "7": 0.12603777097416796, "8": 0.07067170901926734, "9": 0.12603807244487647, "10": 0.0736914976422926, "11": 0.10144325041899462, "12": 0.056753410080219835}, "boltzmann_weights": [0.7649026029226591, 0.23509739707734084]}