{"smiles": "C/C=C\\C(=O)O", "ip": 14.317362481799877, "ip_corrected": 9.471362481799877, "ea": 4.033915833083219, "homo": -0.40934920883611675, "lumo": -0.2736192567716508, "charges": {"1": -0.11872583839587189, "2": 0.004434802384213343, "3": -0.07933298742980653, "4": 0.36011776185932826, "5": -0.42442847473386874, "6": -0.3854735195651564, "7": 0.06186195951106985, "8": 0.08474822041102245, "9": 0.06185962708308816, "10": 0.048877737430998845, "11": 0.062100352416811964, "12": 0.32396035902817205}, "dipole": [-0.2933867036879758, 0.3833231207111152, -0.35525849742590493], "global_electrophilicity": 0.9114539061663033, "global_nucleophilicity": -9.471362481799877, "fukui_electrophilicity": {"1": -0.040238557567090244, "2": 0.12026737517807204, "3": 0.05555336568487053, "4": 0.08382568074891711, "5": 0.18652293973721862, "6": 0.09304916615408548, "7": 0.08671649940562567, "8": 0.04084373020941936, "9": 0.08671528416858493, "10": 0.11651145100203164, "11": 0.1055686862626388, "12": 0.06466437901562727}, "fukui_nucleophilicity": {"1": -0.0035385824386871545, "2": 0.027919314768394876, "3": 0.04585788409018313, "4": 0.02663983087785038, "5": 0.20109892769024063, "6": 0.09942320397715099, "7": 0.09851483099491964, "8": 0.104446479333373, "9": 0.09851476029769139, "10": 0.1435158898314488, "11": 0.1021837873358308, "12": 0.05542367324160585}, "boltzmann_weights": [0.9737430225152033, 0.02625697748479667]}