{"smiles": "CC(C)OC(=O)/C=C/C(=O)OC(C)C", "ip": 13.625611441852518, "ip_corrected": 8.779611441852518, "ea": 5.404940778565054, "homo": -0.4154957177150899, "lumo": -0.30598656263530644, "charges": {"1": -0.11601714719821032, "2": 0.11919186336500033, "3": -0.11845705451786663, "4": -0.2609831150271218, "5": 0.3592643323899957, "6": -0.4095452846006933, "7": -0.04272022501447375, "8": -0.04271898991999009, "9": 0.3592635184562143, "10": -0.4095474622469628, "11": -0.2609709574697529, "12": 0.11918753076763647, "13": -0.11845736011348433, "14": -0.11601652467084671, "15": 0.05235101637349318, "16": 0.056319732191213626, "17": 0.05062877567906896, "18": 0.05078619586074506, "19": 0.05930073545441153, "20": 0.054269876935147746, "21": 0.05249216902590499, "22": 0.09311535922850152, "23": 0.09311432082343951, "24": 0.050794107476447074, "25": 0.059299498450261806, "26": 0.05249229794454789, "27": 0.054267883492454504, "28": 0.05630738566466833, "29": 0.05063145267605479, "30": 0.052356068524197275}, "dipole": [0.0015250955934954452, -0.010687091002702835, 0.08505995062271123], "global_electrophilicity": 1.3260560048179675, "global_nucleophilicity": -8.779611441852518, "fukui_electrophilicity": {"1": -0.011902985030768379, "2": -0.0073514629666949355, "3": -0.011193701882993554, "4": 0.0674590750932973, "5": 0.048276937125527275, "6": 0.1333084060659806, "7": 0.068156462984161, "8": 0.06816364585112261, "9": 0.04827115402648907, "10": 0.13330603760709936, "11": 0.06745887300869075, "12": -0.007351141892660312, "13": -0.011192631826478991, "14": -0.011901148451532576, "15": 0.017890577771921455, "16": 0.0018590791003662288, "17": 0.0327254638602959, "18": 0.016934185266884803, "19": 0.01713971162679786, "20": 0.012375886679307765, "21": 0.029226590233820144, "22": 0.08509655807160191, "23": 0.08509452706170101, "24": 0.01692799997900491, "25": 0.017142166693216013, "26": 0.02922695643301553, "27": 0.012371950281706803, "28": 0.0018673075596603306, "29": 0.03272332378920792, "30": 0.017890195880256574}, "fukui_nucleophilicity": {"1": -0.007948893309391997, "2": 0.0024762189605273682, "3": -0.010220744742321722, "4": 0.050440966603150894, "5": 0.012514857257752754, "6": 0.1009986337653686, "7": 0.019958518664379164, "8": 0.019957598304115594, "9": 0.012515480826241598, "10": 0.10100027145456192, "11": 0.0504356210685164, "12": 0.0024778398904507365, "13": -0.010225778741883698, "14": -0.007952179633581066, "15": 0.03645681519947565, "16": 0.025645959003166213, "17": 0.03914117105271336, "18": 0.04814233026907084, "19": 0.05263962288078494, "20": 0.041440656699846756, "21": 0.04559449156969246, "22": 0.042722772076383544, "23": 0.04272207714047166, "24": 0.04815004799241159, "25": 0.0526496960565495, "26": 0.04559698213861048, "27": 0.04143035531736448, "28": 0.025633356600203792, "29": 0.03913752785507042, "30": 0.03646772778043435}, "boltzmann_weights": [0.041595407575984615, 0.04159539641759606, 0.04159540967450198, 0.04159542392495278, 0.04159541154075514, 0.04159541856596884, 0.04159541203564718, 0.04165552131206827, 0.0416554965690191, 0.041655522118331234, 0.04165551120118094, 0.04165553517527934, 0.01000972781769306, 0.010011708099028654, 0.010011709747301674, 0.010009725885760481, 0.01000972903431286, 0.010011708330029465, 0.010009729550459204, 0.010011709507335044, 0.010009718261835538, 0.01000963809843545, 0.010011702076208051, 0.010039346724403694, 0.01003935123387623, 0.010039347488297079, 0.010039346373092842, 0.010039347633127825, 0.010039349995070553, 0.010039280041215458, 0.010039350249525472, 0.005451013769458088, 0.005451010927455418, 0.005451013834600069, 0.0054510130243454824, 0.0054510150930546465, 0.005451012162650203, 0.005451012834170316, 0.005451013593558341, 0.00546789355371682, 0.005467889013689502, 0.0054678914844452035, 0.0054678888999965, 0.0054679749316290166, 0.011577955273871217, 0.011577946939592593, 0.011578160789701322, 0.011577947623384146, 0.011578160487530985, 0.01157794953822724, 0.011578159261859176, 0.011577948666061781, 0.011578159956031854, 0.011577949088813702, 0.011578158368853612, 0.011578157047599342, 0.0029750920938421076, 0.0029749362088462967, 0.002974930646923607, 0.0029750921269329654, 0.0029750916978936847, 0.0029749306365133136, 0.002974929968553151, 0.0029750925095152433, 0.0029750924723048163, 0.002974915430382288, 0.0029749311782068183, 0.0029750931551677288, 0.0026706138081695856, 0.002670613889183024, 0.0026706389002249145, 0.0026706141107993055, 0.00267061640297234, 0.0026706395651001397, 0.0026706389098115615, 0.002670615135797458, 0.0026706389103341045, 0.002670639456672529, 0.002670638465348936, 0.0026706164449160786, 0.0032254347594108898, 0.0032254352824188236, 0.003225435278098248, 0.003225436320254977, 0.0013523725618254504, 0.0013522524693805767, 0.0013522525169854238, 0.0013523730854337727, 0.00135225222104775, 0.0013523725505592582, 0.0013523722437972791, 0.0013522528095344453, 0.001352252009441312, 0.0013522526322119561, 0.0007875274286897992, 0.0007875277291223142, 0.0007875691250810291, 0.000787568994305723, 0.0007875271153257645, 0.0007875689926106522, 0.0003352558296951028, 0.0003352558474920281, 0.0003352557936723533, 0.0003352558566024192], "best_conformer_elements": [6, 6, 6, 8, 6, 8, 6, 6, 6, 8, 8, 6, 6, 6, 1, 1, 1, 1, 1, 1, 1, 1, 1, 1, 1, 1, 1, 1, 1, 1], "best_conformer_coordinates": [[5.223923079820568, 0.656417684056139, -0.4961057766649578], [4.204310772556776, -0.02344284521830533, 0.40549758378107126], [4.535570861464632, -1.4919877606270535, 0.6493749636256676], [2.9283322220037884, 0.0810292721958155, -0.24914897273624778], [1.8377458823617818, 0.06215210781065619, 0.5145223598455587], [1.84285793588273, -0.031669841799207614, 1.7174744547115233], [0.6171002717796965, 0.18232146052440987, -0.31800952359981904], [-0.5990243711184822, 0.19890506718978052, 0.22390241810747896], [-1.819721527589981, 0.31914598986748294, -0.6085723019950614], [-1.8251530131000722, 0.4069160778306624, -1.811979958829749], [-2.90906846721118, 0.3257564064263215, 0.15705010744570397], [-4.18460827922189, 0.44013978459280323, -0.4967614499299546], [-4.650518071010587, -0.9380962747694239, -0.9541886622951198], [-5.14222018875841, 1.0708424340500042, 0.503201194739315], [4.942595082411413, 1.6916119579738795, -0.6702503011027039], [5.271068030937211, 0.14343618050133317, -1.4531002390228545], [6.203829728771659, 0.6299033734537511, -0.028676178781549277], [4.129588773950738, 0.4980703540309841, 1.3688962568827006], [5.506525571339118, -1.5754589546936069, 1.1289152102375417], [4.5562129725773834, -2.0309595589402067, -0.29508678061773463], [3.7854790185461336, -1.9400264344304674, 1.2966379524449587], [0.7583828301921076, 0.25625983019378784, -1.3863727905521812], [-0.7402734756096897, 0.1254046967879831, 1.292298107376694], [-4.054567383313131, 1.089924753482081, -1.3722996683399558], [-3.9413174980601706, -1.3531370393727522, -1.6663009105421922], [-5.621683113617504, -0.8577721806729133, -1.433836445367637], [-4.728162792480016, -1.6073491465863943, -0.10037598285420422], [-5.24406057243735, 0.42778452303129305, 1.3734400826855446], [-4.766176272351619, 2.0375232346987024, 0.8275759992686349], [-6.116968008715265, 1.2063548537040896, 0.04394936145143482]], "best_conformer_energy": -45.84929086738777, "fukui_radical": {"1": -0.010707338207383482, "2": -0.0024375464234492744, "3": -0.0099257951608318, "4": 0.05895003214907504, "5": 0.03039589204890969, "6": 0.11715358529178468, "7": 0.044057329985121074, "8": 0.04406080105199618, "9": 0.03039335573692986, "10": 0.1171529557888144, "11": 0.05894722161277044, "12": -0.002436754994712048, "13": -0.009926664940803201, "14": -0.010709163272587918, "15": 0.02690833066744366, "16": 0.03488966814521205, "17": 0.03741054412438741, "18": 0.032538270596689935, "19": 0.035933316168729065, "20": 0.02717370450463715, "21": 0.01375252694517293, "22": 0.06390965109243481, "23": 0.06390824690180076, "24": 0.032539017431706285, "25": 0.013750360783729845,