{"smiles": "CC(C)(C)OC(=O)/C=C/C(=O)OC(C)(C)C", "ip": 13.215749422374, "ip_corrected": 8.369749422374, "ea": 5.306995311240138, "homo": -0.40585108129205943, "lumo": -0.3011252383845916, "charges": {"1": -0.11983011619007168, "2": 0.15389402909947186, "3": -0.11940965815547788, "4": -0.11940966106750464, "5": -0.267153297386089, "6": 0.3631903881061314, "7": -0.4139009714288946, "8": -0.04403752092593112, "9": -0.04403819085188812, "10": 0.3631908314720158, "11": -0.4138831380384637, "12": -0.26718872630272017, "13": 0.15389153413574777, "14": -0.11940015441484368, "15": -0.11940015370624865, "16": -0.11982795871945615, "17": 0.050220449490312485, "18": 0.0545076779616531, "19": 0.05450767657989928, "20": 0.06661470335219048, "21": 0.044988576057424214, "22": 0.04673410728399389, "23": 0.0467341066110571, "24": 0.06661469687294896, "25": 0.04498857615288151, "26": 0.09072737184396006, "27": 0.0907321573934552, "28": 0.06660489028104673, "29": 0.045002075811869685, "30": 0.04673918136154295, "31": 0.045002074577464676, "32": 0.06660490631723796, "33": 0.04673918070800987, "34": 0.05451508925381498, "35": 0.054515088111779936, "36": 0.05022017835165716}, "dipole": [0.00026414555018471335, -0.00026361958640398823, -8.071057731280478e-05], "global_electrophilicity": 1.2325274539840527, "global_nucleophilicity": -8.369749422374, "fukui_electrophilicity": {"1": -0.011573527281306659, "2": -0.0033859236908719004, "3": -0.012984856096000627, "4": -0.01298486029853392, "5": 0.06465519515227475, "6": 0.0488814309852193, "7": 0.13141462028266715, "8": 0.06691895229813903, "9": 0.06692605388440406, "10": 0.048878789757639596, "11": 0.13142083314866077, "12": 0.06464583412317049, "13": -0.0033758113363090425, "14": -0.012986357621880357, "15": -0.01298635490059813, "16": -0.01157407171881318, "17": 0.027762363020323384, "18": 0.013120283198777144, "19": 0.013120281824556247, "20": 4.92215919444261e-05, "21": 0.012798887255786075, "22": 0.032730938077732835, "23": 0.03273093515602267, "24": 4.921815993047529e-05, "25": 0.012798888924483137, "26": 0.08390059895408708, "27": 0.08388811201332057, "28": 5.718220653265493e-05, "29": 0.012794449046042586, "30": 0.032729582602842595, "31": 0.012794445561664917, "32": 5.718411983769711e-05, "33": 0.03272958642228345, "34": 0.013116437495022885, "35": 0.013116435116885039, "36": 0.02776502256405178}, "fukui_nucleophilicity": {"1": 0.00023315518447099282, "2": 0.008134966258214277, "3": -0.010834556474112494, "4": -0.010834563533600211, "5": 0.04513494007897134, "6": 0.012036593991865796, "7": 0.09812910296044808, "8": 0.018730924750273298, "9": 0.018731186322545487, "10": 0.012039482886141206, "11": 0.09815022175588917, "12": 0.045131355644283555, "13": 0.008138244593170058, "14": -0.010835520587271122, "15": -0.010835512167830241, "16": 0.0002317028292100065, "17": 0.036361801116778794, "18": 0.028935774651853173, "19": 0.028935773653644768, "20": 0.03590981365054843, "21": 0.028975273970808908, "22": 0.03796965370365129, "23": 0.03796964852780852, "24": 0.035909815385623045, "25": 0.02897527863380666, "26": 0.03936088741483111, "27": 0.03935338414925939, "28": 0.03589824230356589, "29": 0.028961474028462636, "30": 0.03796478443196413, "31": 0.02896147322567548, "32": 0.035898252304338796, "33": 0.037964795196218155, "34": 0.028924148255266645, "35": 0.02892414473029295, "36": 0.036363856172908264}, "boltzmann_weights": [0.04536805832735026, 0.04536806144276772, 0.04536803600389677, 0.04536804967758687, 0.04536805837173429, 0.045368047629435124, 0.04536806454179743, 0.04536804788754526, 0.04536805170525378, 0.04536804886365225, 0.045368047810043936, 0.045368051271314616, 0.04536804360551199, 0.0453680518134825, 0.045368049538630745, 0.04536804310909388, 0.04536805961824267, 0.045368052342676615, 0.011048646307251315, 0.011048648793987193, 0.011048655488421306, 0.01104864760075633, 0.011048647115930975, 0.011048760987697727, 0.011048650270580421, 0.01104876279232104, 0.011048648420328235, 0.011048647282223326, 0.011048761159146908, 0.01104876337035931, 0.006348853816541212, 0.006348852539768291, 0.006348853750320824, 0.006348854315726385, 0.006348855627807659, 0.006348856713755548, 0.006348854793029242, 0.006348855294030058]}