{"smiles": "CCCCOC(=O)/C=C\\C(=O)OCCCC", "ip": 13.329414697177976, "ip_corrected": 8.483414697177976, "ea": 4.655351668427314, "homo": -0.4119220428220241, "lumo": -0.28829545171555565, "charges": {"1": -0.10479531273821704, "2": -0.05591366859486351, "3": -0.06621654973358532, "4": 0.07565937962889926, "5": -0.26156031473015906, "6": 0.36190401617894863, "7": -0.40621699814095885, "8": -0.054204136622112424, "9": -0.03337087374312564, "10": 0.3769130773253349, "11": -0.39366782906694187, "12": -0.25453902005478474, "13": 0.0738022182953389, "14": -0.06817598176294186, "15": -0.05027409161043181, "16": -0.10201966790346001, "17": 0.037577591758423366, "18": 0.03930176496654011, "19": 0.04014991837477168, "20": 0.03666893566064649, "21": 0.03243583687553501, "22": 0.055811890852041426, "23": 0.0447284720765709, "24": 0.05659396447086931, "25": 0.05512047104655989, "26": 0.07639191517807252, "27": 0.08687028267153811, "28": 0.05370588007536597, "29": 0.05904659201487043, "30": 0.0736387077876895, "31": 0.04085683651940891, "32": 0.038672337559555806, "33": 0.02753153349946139, "34": 0.033597488374692744, "35": 0.043472069652849395, "36": 0.030503263857589284}, "dipole": [0.8755166895265128, -0.016650238145637892, 1.064363494108005], "global_electrophilicity": 0.9910288547387259, "global_nucleophilicity": -8.483414697177976, "fukui_electrophilicity": {"1": -0.007052495676349718, "2": -0.003574050154592348, "3": -0.003241589983902504, "4": -0.02038161928462555, "5": 0.0802932295124475, "6": 0.07016734141547998, "7": 0.15535035060987418, "8": 0.062372176100105016, "9": 0.10520802021452458, "10": 0.013131726477904004, "11": 0.0876524082484641, "12": 0.03467936929677201, "13": -0.012076530882348155, "14": -0.006635804766983541, "15": -0.003743748961270818, "16": -0.0075198898289400296, "17": 0.009934397726586625, "18": 0.018765603838090093, "19": 0.004282748342438997, "20": 0.008981126234934335, "21": 0.015358390937046766, "22": -0.002571045846843395, "23": 0.016880304161026656, "24": 0.022260493494471678, "25": 0.04614788028306511, "26": 0.1001998211740571, "27": 0.10455762370277857, "28": 0.036319942990447204, "29": 0.0221483851528628, "30": -0.008704254630473265, "31": 0.031015421013131213, "32": -0.01750265267524012, "33": 0.0193267423598295, "34": 0.017993580864786047, "35": -0.004703989585114511, "36": 0.014680588125566878}, "fukui_nucleophilicity": {"1": -0.012901132482531913, "2": -0.00644235613539057, "3": -0.00676751501771726, "4": -0.01262897078342233, "5": 0.036206219098730896, "6": 0.008687540809062033, "7": 0.03827406556013574, "8": 0.013304618170625788, "9": 0.016106905644590316, "10": 0.007154385523919615, "11": 0.09671258910501723, "12": 0.03554369900960003, "13": -0.012713683359132304, "14": -0.006377025676733289, "15": -0.006814431884569622, "16": -0.014202619206935427, "17": 0.046006194698517584, "18": 0.033442867527314075, "19": 0.03497900911970331, "20": 0.050384462131203366, "21": 0.06200037519129221, "22": 0.02139072301061458, "23": 0.03805569235851904, "24": 0.017505973818771586, "25": 0.036201295975110674, "26": 0.054601005639459646, "27": 0.05375107705692915, "28": 0.043280282192992466, "29": 0.02818897648370687, "30": 0.04185927942988474, "31": 0.05317993309455002, "32": 0.04273859727553683, "33": 0.06520604640499461, "34": 0.04768668921853794, "35": 0.02728910097903598, "36": 0.029110130021598294}, "boltzmann_weights": [0.05687017078907358, 0.008811071272471981, 0.02727988711005857, 0.0039185558256576445, 0.003918517180912748, 0.0051820358016031205, 0.004855635360977206, 0.005084963559080546, 0.0016863362472853366, 0.0017174713354597747, 0.03682977801819089, 0.017089156773840257, 0.017090869073639065, 0.0023210562300297072, 0.006296255420140635, 0.008350591577452634, 0.027541694915222282, 0.0008686354699742994, 0.012075566139695092, 0.012075944746417983, 0.0007627125704825487, 0.0007627367870021957, 0.006649103222949407, 0.014327435290578514, 0.014327436641462498, 0.008571410445358965, 0.006312323809257435, 0.00999339299098136, 0.012238197610740633, 0.005333653620447905, 0.006007711943951669, 0.006007932848156611, 0.004201416328024797, 0.006007161421615033, 0.004688535981638342, 0.0041562487656527, 0.009853839245674876, 0.0003618019515675989, 0.00019818695097884156, 0.0023634302957332093, 0.002775864730106264, 0.004897704451966007, 0.005236144543702273, 0.007475748486935481, 0.002430653186977538, 0.0025772974515188085, 0.002577605519142302, 0.001135612259467761, 0.006166171039346721, 0.0019081958730118736, 0.02184138685311592, 0.0016393376527423888, 0.0022413471395809773, 0.004932173772398834, 0.0027186967334273246, 0.0027186967519635848, 0.0027766292444702774, 0.002776629798386967, 0.015018909464740066, 0.024530972791117878, 0.0009481017863091077, 0.004994381483302242, 0.015053712887823988, 0.006449321723463292, 0.020379022558372487, 0.004201524962851587, 0.006768542821011242, 0.0030018782592250133, 0.0005058289911027676, 0.00800387183173622, 0.006267881369925652, 0.0011188511294912354, 0.004274567745254762, 0.00427452896231816, 0.008145845446279894, 0.010448485503808063, 0.004156653144329107, 0.033153305703624555, 0.0004285421632321518, 0.0013634910000608442, 0.01297771103752197, 0.0069596004424143515, 0.0021251847912158763, 0.0069055446347719655, 0.005573252851211616, 0.00579459505135992, 0.005793939351438373, 0.0037008373152041013, 0.002293378777258901, 0.008134185249912418, 0.0022130721549153813, 0.0067684374070430325, 0.0010755100522245062, 0.0019149269547099699, 0.00250432299652011, 0.006267673865216744, 0.0025043379335440903, 0.002663678943760163, 0.001596150437058508, 0.0020242938384304244, 0.0020242231634290467, 0.0027408026507387247, 0.0027405338175331114, 0.007081117330431896, 0.0070810840691017726, 0.0013358331463252644, 0.0032711049167638995, 0.006959589829260402, 0.0005238014991986078, 0.0017842404947919935, 0.004675480756515048, 0.00043502105504014834, 0.0023845297737752806, 0.002384723574036876, 0.0019084456779759854, 0.0036399614965950604, 0.0014773321400867064, 0.00112734232604848, 0.0011957217329827464, 0.0004305909765849025, 0.0023946762244309973, 0.0023947240166650933, 0.0011077600952972434, 0.0012898155884601946, 0.001231044216958856, 0.0012227132546969062, 0.00032537661476456667, 0.0011244970693582792, 0.0005058739279875817, 0.0014048300428748076, 0.008964187950086914, 0.0027649868651262563, 0.007147463648880811, 0.0005191164707695876, 0.0023603289727615394, 0.0007410098033201917, 0.0007410613919139967, 0.0035743693870556076, 0.0038821035218049153, 0.006957351893919181, 0.003181830006629521, 0.003181826282266708, 0.0005576625835792726, 0.00045121783965503155, 0.001717870323470864, 0.009683644313879585, 0.0019962750666772037, 0.0031868692202144905, 0.0017069887993290207, 0.001075558901803895, 0.0010542687228688738, 0.003535804661943194, 0.0012908499925606623, 0.0032714646326419483, 0.0032714765305967334, 0.0060185875685726375, 0.0057870394190320815, 0.0007029564751270517, 0.0013334930080794464, 0.0013334843210588735, 0.004156398223944096, 0.005787050695787052, 0.0005943011448314935, 0.00836896531733719, 0.0013360071676050225, 0.0010932265295060851, 0.0017842776909544188, 0.0050209544430899295, 0.0004957906096303632, 0.006780360219700518, 0.006747710776443908, 0.0001986526448762552, 0.0010933718608648936, 0.002220474100857105, 0.0036102229530677243, 0.003610223543848887, 0.00018797118455014025, 0.019884740883970256, 0.000647201814029585, 0.007263959042707639, 0.0072642700253397335, 0.001264524898542769, 0.0007029158676157903, 0.0010586889425845004, 0.004103309699392456, 0.004103121117163208, 0.0013898766383956772, 0.0012644947864938391, 0.0012645453816258442, 0.0014148388680944046], "best_conformer_elements": [6, 6, 6, 6, 8, 6, 8, 6, 6, 6, 8, 8, 6, 6, 6, 6, 1, 1, 1, 1, 1, 1, 1, 1, 1, 1, 1, 1, 1, 1, 1, 1, 1, 1, 1, 1],