{"smiles": "CCCCCCCCOC(=O)/C=C\\C(=O)OCCCCCCCC", "ip": 12.598481468130178, "ip_corrected": 7.752481468130178, "ea": 4.585207684515618, "homo": -0.4090957478880441, "lumo": -0.28692041406260554, "charges": {"1": -0.1021415030158277, "2": -0.05327185174045744, "3": -0.060574491587085666, "4": -0.05936825041586334, "5": -0.06232656947169456, "6": -0.06206878044869488, "7": -0.06976304585336651, "8": 0.07387981115389347, "9": -0.255225362459935, "10": 0.3773380407042747, "11": -0.39589171786296007, "12": -0.033332633014593466, "13": -0.05451683761649334, "14": 0.36293725963066487, "15": -0.41029575283311165, "16": -0.25770895693892654, "17": 0.07545874239253138, "18": -0.0652584217812163, "19": -0.05909041691962694, "20": -0.05940719674499064, "21": -0.0589983636015529, "22": -0.059932069196236025, "23": -0.053369727403804385, "24": -0.10218954952081628, "25": 0.03341811809992883, "26": 0.03266545592700632, "27": 0.03225600066451897, "28": 0.028490076326836155, "29": 0.027883027591782066, "30": 0.03187369719136192, "31": 0.031051523688901468, "32": 0.03127274715115309, "33": 0.028408761129974612, "34": 0.035102937698690495, "35": 0.039015894322737554, "36": 0.0409821750792751, "37": 0.030813618517651846, "38": 0.04308350731764574, "39": 0.07155090813691949, "40": 0.0511834622892232, "41": 0.06273125540156033, "42": 0.08629084063060358, "43": 0.07602784985955449, "44": 0.056845566949711095, "45": 0.05541831940744466, "46": 0.05514076620614885, "47": 0.042631745665407283, "48": 0.03568338249270689, "49": 0.0394942827848813, "50": 0.033383475420035835, "51": 0.03166417333670251, "52": 0.031163912738728133, "53": 0.031013474116793983, "54": 0.03143449218471522, "55": 0.030602472669205738, "56": 0.028716344258482122, "57": 0.02858714638099607, "58": 0.03298280692459091, "59": 0.03332091046618062, "60": 0.03293251551782824}, "dipole": [0.5177231415140977, -0.5803391835663358, 0.7017828546702766], "global_electrophilicity": 0.8755068133737549, "global_nucleophilicity": -7.752481468130178, "fukui_electrophilicity": {"1": -0.002226583136407917, "2": -0.0013704761796011836, "3": -0.0009129200509855467, "4": -0.0028822648212819685, "5": -0.0007789020473787656, "6": -0.004659056029675208, "7": -0.000581576595469549, "8": -0.010580107750623124, "9": 0.02907797897730041, "10": 0.0035216600834067635, "11": 0.07302759220476157, "12": 0.11452928234392168, "13": 0.06300484107566434, "14": 0.0754776158756123, "15": 0.16283237303799908, "16": 0.08444641579124551, "17": -0.02092049004010095, "18": -0.007006913664962838, "19": -0.0038004196432819756, "20": -0.0025989206148987684, "21": -0.0023335893391486576, "22": -0.0016582313846693342, "23": -0.001134858188953064, "24": -0.002676252402782714, "25": 0.0013845572249958499, "26": 0.001825317783145701, "27": 0.007389369554773165, "28": 0.0037141881825450036, "29": 0.004001590270772133, "30": -0.0002014358800805638, "31": -0.0001119462680313002, "32": 0.00797968325083788, "33": 0.006309730950609407, "34": -0.0043859508855617416, "35": -0.001555543448370257, "36": 0.01523151487215187, "37": 0.013914927019763525, "38": 0.007512891960929989, "39": -0.01387420398756925, "40": 0.034672030746811675, "41": 0.019976179064480327, "42": 0.10494160795975203, "43": 0.10148417203067905, "44": 0.04734727312163125, "45": 0.02301831275507034, "46": -0.002910004739170781, "47": 0.03357709040138089, "48": 0.015825520596282117, "49": -0.009881559456753272, "50": -0.0002715617963097994, "51": 0.012192915624972142, "52": 0.011598259402062269, "53": -0.0013265963456695964, "54": -0.0034315771699000783, "55": 0.005421834621531653, "56": 0.000583002483328144, "57": 0.005607622418314213, "58": 0.007723311675899135, "59": 0.004410923614524231, "60": 0.0005103548904967295}, "fukui_nucleophilicity": {"1": -0.010521574981111656, "2": -0.005520251128812048, "3": -0.0033832287444978543, "4": -0.007386804958989787, "5": -0.003297236000567763, "6": -0.002891048349358119, "7": -0.0029069055213171713, "8": -0.004098696080452546, "9": 0.023459953614217266, "10": 0.0038984670799347976, "11": 0.04229147928691496, "12": 0.007648147492201371, "13": 0.00641644368597017, "14": 0.004644055319248053, "15": 0.02179489105779253, "16": 0.017146440309949773, "17": -0.005891349437433649, "18": -0.003560568564553321, "19": -0.0024617774988848345, "20": -0.005033803112742881, "21": -0.006878803837932726, "22": -0.004648710467338425, "23": -0.005245753436696254, "24": -0.010910384513350344, "25": 0.0243120079946251, "26": 0.024078649505094668, "27": 0.024543165881113528, "28": 0.044449267329498096, "29": 0.038330739034405335, "30": 0.03205840558585388, "31": 0.04579076762679265, "32": 0.03738309368032924, "33": 0.024299811182954947, "34": 0.03607124918452695, "35": 0.01689780135971642, "36": 0.03285941343251706, "37": 0.022439648458424027, "38": 0.027515666182475758, "39": 0.008943003428801152, "40": 0.023293661750420913, "41": 0.013361632862064238, "42": 0.029202551779412014, "43": 0.02749890684773082, "44": 0.016465382999442522, "45": 0.009720140235050585, "46": 0.010174182416734852, "47": 0.015333552727819423, "48": 0.024526972582997283, "49": 0.012995671554049758, "50": 0.024872674542277054, "51": 0.016009026299085308, "52": 0.03278721352401412, "53": 0.020161267654326943, "54": 0.04453962068381429, "55": 0.03610533051134025, "56": 0.03910653803285206, "57": 0.04620067748231601, "58": 0.02340276717101817, "59": 0.02652090948860318, "60": 0.02508564777933052},