{"smiles": "CCOC(=O)/C=C/C(=O)OCC", "ip": 13.825768225274544, "ip_corrected": 8.979768225274544, "ea": 5.4713107047010885, "homo": -0.41965295115817186, "lumo": -0.3096106052628567, "charges": {"1": -0.11699605410077536, "2": 0.08303958052833257, "3": -0.2554999067367144, "4": 0.3568918849145776, "5": -0.4050643032795822, "6": -0.04193963452112108, "7": -0.04194039117573493, "8": 0.3568949033982019, "9": -0.40512894589192455, "10": -0.25546751590883404, "11": 0.08302602231183268, "12": -0.11699730440012843, "13": 0.06073411320695373, "14": 0.06073409344026403, "15": 0.05485206370245756, "16": 0.05416278807075553, "17": 0.054162703050762956, "18": 0.09493524346237046, "19": 0.09489827584453543, "20": 0.054182669923257064, "21": 0.05418267191032679, "22": 0.06073886444508149, "23": 0.05485930929180158, "24": 0.060738868513315496}, "dipole": [0.0008877680797141597, -0.00024186543635895777, 0.0002697497533048438], "global_electrophilicity": 1.3803640305769556, "global_nucleophilicity": -8.979768225274544, "fukui_electrophilicity": {"1": -0.011134662900100331, "2": -0.015448003083949807, "3": 0.07009034782434648, "4": 0.047458593115762615, "5": 0.13566434597203836, "6": 0.06864690169779791, "7": 0.06865308779079807, "8": 0.047452867320332104, "9": 0.13563295361968447, "10": 0.0700898581685942, "11": -0.015440452103099578, "12": -0.011135794783220881, "13": 0.016698442066742265, "14": 0.016698422831555572, "15": 0.030246833608341902, "16": 0.027567958210747177, "17": 0.027568040876934576, "18": 0.08594958175323762, "19": 0.0859712552840127, "20": 0.027562556172020528, "21": 0.027562533376311243, "22": 0.016699077917871966, "23": 0.030246177070659488, "24": 0.016699078192633776}, "fukui_nucleophilicity": {"1": -0.01056610345488461, "2": -0.010946467200878315, "3": 0.0562986023700191, "4": 0.01230413885832804, "5": 0.10291049667920726, "6": 0.02105056201447443, "7": 0.02106199364563021, "8": 0.012308666846682359, "9": 0.10290226136154734, "10": 0.05629018470941122, "11": -0.010942319865112293, "12": -0.010563471136645936, "13": 0.05663712130309428, "14": 0.0566369228023692, "15": 0.049701222816693605, "16": 0.060290998507879515, "17": 0.06029104302634279, "18": 0.0454201135461869, "19": 0.045444400764639806, "20": 0.06025954671112566, "21": 0.06025951418621643, "22": 0.056624639941390525, "23": 0.04970137522630268, "24": 0.05662455634041343}, "boltzmann_weights": [0.026858793936662774, 0.059189643216889645, 0.059190127624693424, 0.1302928149888572, 0.13029275442940794, 0.13101660359708514, 0.1310166501334418, 0.006304419999772116, 0.01462603076141725, 0.014626078930177264, 0.014626027729384315, 0.014626082426047472, 0.013756209236554701, 0.013756212315087233, 0.013742346615073632, 0.03164207644869124, 0.03164214653951905, 0.031642104745603854, 0.03164215650039246, 0.03191714535974842, 0.006654512978665397, 0.006654651402743671, 0.006654650757020866, 0.006654512045807176, 0.013573943227426633, 0.013700654702301963, 0.013700649351527356]}