{"smiles": "Cl/C=C\\Cl", "ip": 14.133922253526283, "ip_corrected": 9.287922253526283, "ea": 3.1842968272158827, "homo": -0.40456436139258284, "lumo": -0.2501362595161403, "charges": {"1": -0.12171038403471858, "2": 0.035942952697476674, "3": 0.03594274721530505, "4": -0.12171069206234915, "5": 0.08576741479263629, "6": 0.08576796139164163}, "dipole": [-0.011512557484964733, -0.740132396242394, -0.018155450077796065], "global_electrophilicity": 0.6639407194666166, "global_nucleophilicity": -9.287922253526283, "fukui_electrophilicity": {"1": 0.23688920197224161, "2": 0.10692864803634887, "3": 0.10693413653782413, "4": 0.2368882305469457, "5": 0.1561801250250656, "6": 0.15617965788156085}, "fukui_nucleophilicity": {"1": 0.351388610434927, "2": 0.03624671384475353, "3": 0.036246839424475014, "4": 0.3513891685563708, "5": 0.1123642899258979, "6": 0.11236437863427674}, "boltzmann_weights": [1.0]}