{"smiles": "Cl/C=C\\Cl", "ip": 14.134569325144513, "ip_corrected": 9.288569325144513, "ea": 3.1840684886538226, "homo": -0.40459126383397337, "lumo": -0.2501304718218574, "charges": {"1": -0.12178251979053073, "2": 0.03595656415705485, "3": 0.03595675450321749, "4": -0.12178214460287436, "5": 0.0858257107209041, "6": 0.08582563501222093}, "dipole": [-0.011517056790128256, -0.7400803738363086, -0.01815440400844083], "global_electrophilicity": 0.6639605486014808, "global_nucleophilicity": -9.288569325144513, "fukui_electrophilicity": {"1": 0.23688953868485352, "2": 0.10694443475709924, "3": 0.1069404989144599, "4": 0.23689014384742768, "5": 0.15616749155531393, "6": 0.1561678922408345}, "fukui_nucleophilicity": {"1": 0.3514200231996595, "2": 0.03624283738520512, "3": 0.03624268872159629, "4": 0.3514198396912975, "5": 0.11233731340865964, "6": 0.11233729842579132}, "boltzmann_weights": [1.0]}