{"smiles": "ClC(Cl)=C(Cl)Cl", "ip": 13.971851261779934, "ip_corrected": 9.125851261779934, "ea": 4.463222266637436, "homo": -0.41639090643726373, "lumo": -0.2799247331331657, "charges": {"1": -0.06512842453314469, "2": 0.13016888390749226, "3": -0.06503013322571363, "4": 0.13014694676508465, "5": -0.06516166041509731, "6": -0.06499561249861797}, "dipole": [-7.690684998099738e-05, -3.288298409773386e-05, 1.2805150216074233e-05], "global_electrophilicity": 1.004894275010135, "global_nucleophilicity": -9.125851261779934, "fukui_electrophilicity": {"1": 0.20790817871984787, "2": 0.08416438429179413, "3": 0.20792948286256405, "4": 0.08416637621779087, "5": 0.20790315778337354, "6": 0.20792842012464247}, "fukui_nucleophilicity": {"1": 0.23931813612676583, "2": 0.021342031742374007, "3": 0.23931875507351166, "4": 0.021355233741293944, "5": 0.2393357898395605, "6": 0.23933005347684716}, "boltzmann_weights": [0.4999999997008629, 0.5000000002991372]}