{"smiles": "ClC(Cl)=Cc1ccccc1", "ip": 13.061768896230866, "ip_corrected": 8.215768896230866, "ea": 4.89275702704061, "homo": -0.39117554479896577, "lumo": -0.27383905594845803, "charges": {"1": -0.13530559920924506, "2": 0.15343591271355872, "3": -0.11213665722612395, "4": -0.05764485436025876, "5": 0.022438415886154486, "6": -0.03189970568310917, "7": -0.02727951589959309, "8": -0.026736486275694714, "9": -0.026467223156641073, "10": -0.0348467820559429, "11": 0.07812363982854413, "12": 0.03676469898003073, "13": 0.0364694717676538, "14": 0.0364653272322722, "15": 0.03744334446646914, "16": 0.0511760129919202}, "dipole": [-0.7367387679857829, -0.2221468770653146, -0.005905801023800883], "global_electrophilicity": 1.0446388089209047, "global_nucleophilicity": -8.215768896230866, "fukui_electrophilicity": {"1": 0.15020301694920768, "2": 0.059831927009064645, "3": 0.14314025491572716, "4": 0.04537430318795578, "5": 0.047301927130823644, "6": 0.030346838738649407, "7": 0.023199431322265977, "8": 0.05642483618820788, "9": 0.022285684996796395, "10": 0.029258945579961414, "11": 0.07476931328918153, "12": 0.060102828895953836, "13": 0.06662098951230107, "14": 0.07430888984039204, "15": 0.06468046954726739, "16": 0.0521503428962465}, "fukui_nucleophilicity": {"1": 0.21015853205033758, "2": 0.021747740832836704, "3": 0.1865695263654939, "4": 0.03873968785105493, "5": 0.04299328188074342, "6": 0.028062149164340994, "7": 0.023710004724366636, "8": 0.05388407193666394, "9": 0.023930683216633206, "10": 0.024318218574553456, "11": 0.06351948645041185, "12": 0.05410958171920872, "13": 0.06085008306117639, "14": 0.06752147360563202, "15": 0.05828639447348891, "16": 0.04159908475607276}, "boltzmann_weights": [0.1250131519730966, 0.12498682566823954, 0.12498683690445184, 0.12501319426218316, 0.12501315496478252, 0.12498684060000523, 0.12501316121251427, 0.12498683441472683]}