{"smiles": "ClC=C(Cl)Cl", "ip": 14.067258183770909, "ip_corrected": 9.221258183770908, "ea": 3.9063415431021005, "homo": -0.4127227826022011, "lumo": -0.2671673321670233, "charges": {"1": -0.09666017267269665, "2": 0.017832186577047063, "3": 0.1491156599357438, "4": -0.08152899601592384, "5": -0.09427872609461437, "6": 0.10552004827043396}, "dipole": [0.12717211326718578, -0.2183038296837247, 0.20401621640625694], "global_electrophilicity": 0.8437340899150992, "global_nucleophilicity": -9.221258183770908, "fukui_electrophilicity": {"1": 0.2243309073079568, "2": 0.09825496856832013, "3": 0.09268940126330584, "4": 0.22096987147442326, "5": 0.2240385634190349, "6": 0.13971628796693306}, "fukui_nucleophilicity": {"1": 0.32150403546319994, "2": 0.0359104366873875, "3": 0.020996319609044273, "4": 0.25171213081757216, "5": 0.27188135250505674, "6": 0.0979957255470176}, "boltzmann_weights": [0.49993342033305477, 0.5000665796669451]}