{"smiles": "COC(=O)/C=C\\C(=O)OC", "ip": 14.16401388815361, "ip_corrected": 9.31801388815361, "ea": 4.6645077152435785, "homo": -0.4160901079532988, "lumo": -0.291749110337316, "charges": {"1": 0.028318562624760048, "2": -0.24609797233831, "3": 0.375119679364847, "4": -0.3902591508877133, "5": -0.033337328793163465, "6": -0.0537255705298665, "7": 0.36023870965225807, "8": -0.4036122363754365, "9": -0.25325642651006824, "10": 0.031388399905613554, "11": 0.07048689024859459, "12": 0.06771998693152441, "13": 0.07517483054983135, "14": 0.0889341567108606, "15": 0.07870758063346069, "16": 0.06482690200909164, "17": 0.06742013905674354, "18": 0.07195284774698175}, "dipole": [-0.40418400734749477, 0.5583861154187701, -0.9544746092637233], "global_electrophilicity": 1.0984258745916986, "global_nucleophilicity": -9.31801388815361, "fukui_electrophilicity": {"1": -0.019974812945479682, "2": 0.03653386926868557, "3": 0.012109197419836182, "4": 0.0904377262393034, "5": 0.1069619773158793, "6": 0.06303225350619779, "7": 0.0694657915663639, "8": 0.15610881492571166, "9": 0.08554647942100058, "10": -0.03243831785845312, "11": 0.040527252771916225, "12": 0.03162725125564764, "13": 0.021505425452997974, "14": 0.10744621709600576, "15": 0.10253284873500175, "16": 0.038284198346246384, "17": 0.03577594397322674, "18": 0.05451788350992301}, "fukui_nucleophilicity": {"1": -0.022375714675712047, "2": 0.08364140904068668, "3": 0.010661917209195793, "4": 0.15769510312190116, "5": 0.027193746383993092, "6": 0.02951310288131352, "7": 0.0163907895460651, "8": 0.11077276254997687, "9": 0.07997471126426936, "10": -0.022331928284012238, "11": 0.0698163958561743, "12": 0.052931202804012895, "13": 0.06305939340789204, "14": 0.09065018925174836, "15": 0.09447884037613617, "16": 0.05139104598239687, "17": 0.04596869609761699, "18": 0.06056833720849257}, "boltzmann_weights": [0.21626073408314644, 0.21626072957019454, 0.21626003788534348, 0.2162600420467503, 0.034214418860126605, 0.03421439926956147, 0.06652963828487707]}