{"smiles": "COC(=O)/C=C/C(=O)OC", "ip": 14.299591127272945, "ip_corrected": 9.453591127272945, "ea": 5.545676799672558, "homo": -0.4242340171157174, "lumo": -0.3135369965343886, "charges": {"1": 0.029868464804972465, "2": -0.25018073087559006, "3": 0.3570388186064783, "4": -0.3977277547751055, "5": -0.04181520550877062, "6": -0.04181695291295135, "7": 0.35703996911089336, "8": -0.39775876629134826, "9": -0.25016150669327825, "10": 0.0298592603290137, "11": 0.06672143745796184, "12": 0.07340994898426499, "13": 0.06672160000333059, "14": 0.09596556796131159, "15": 0.09595203907416149, "16": 0.06673300497043697, "17": 0.06673308337944897, "18": 0.07341772237477173}, "dipole": [-0.0002825804334263223, 1.919164344993521e-05, -3.410618285088749e-05], "global_electrophilicity": 1.4720393320407161, "global_nucleophilicity": -9.453591127272945, "fukui_electrophilicity": {"1": -0.028284241022871536, "2": 0.07245984078921663, "3": 0.04769924042619755, "4": 0.13784654971921345, "5": 0.06900013142577424, "6": 0.06899555836014337, "7": 0.0476951915004164, "8": 0.13783723969633083, "9": 0.07245807826065659, "10": -0.028280058927967405, "11": 0.033694918254218796, "12": 0.047104271050569746, "13": 0.03369467622933675, "14": 0.08679242902490499, "15": 0.08679799780019815, "16": 0.03369269233654523, "17": 0.03369258075803745, "18": 0.04710290431908816}, "fukui_nucleophilicity": {"1": -0.022750097131114737, "2": 0.08532751514970704, "3": 0.018136177224503502, "4": 0.14532528392250266, "5": 0.029791462138079983, "6": 0.029796816436898944, "7": 0.018138181330273673, "8": 0.1453339442566075, "9": 0.08531772345458954, "10": -0.022747261684037703, "11": 0.05647135679645872, "12": 0.06683254746791405, "13": 0.05647067318376496, "14": 0.06441199036976963, "15": 0.06442222780368252, "16": 0.056451108863020696, "17": 0.056450746509584246, "18": 0.06681960390868127}, "boltzmann_weights": [0.6413491861889731, 0.14949889663325677, 0.1494827873961952, 0.0596691297815749]}