{"smiles": "COC1(OC)C=C1", "ip": 13.925141948055709, "ip_corrected": 9.079141948055709, "ea": 2.0253314543345646, "homo": -0.4011223808155539, "lumo": -0.23079878281176022, "charges": {"1": 0.042149421273169174, "2": -0.33752968954698703, "3": 0.2766908089937958, "4": -0.3375296301700267, "5": 0.0421494264207329, "6": -0.04937951148847529, "7": -0.049380448996841075, "8": 0.044421559576161465, "9": 0.031214642195022013, "10": 0.05851876342475354, "11": 0.031214654677179425, "12": 0.04442157190247602, "13": 0.05851875735177677, "14": 0.07225983442054806, "15": 0.07225983996673496}, "dipole": [-0.01729282864616588, 0.22179347936542484, -0.022270525907517817], "global_electrophilicity": 0.41144026357702784, "global_nucleophilicity": -9.079141948055709, "fukui_electrophilicity": {"1": -0.026196085294646315, "2": 0.0451591670308103, "3": 0.04301817837930905, "4": 0.045159152162340455, "5": -0.026196079316943524, "6": 0.17952605737761285, "7": 0.17952526526620707, "8": 0.037092811007876265, "9": 0.021773590385987855, "10": 0.05628930494002922, "11": 0.021773587951412626, "12": 0.037092832618456896, "13": 0.05628930715304393, "14": 0.16484650774424153, "15": 0.16484640259428335}, "fukui_nucleophilicity": {"1": -0.031044557190666955, "2": 0.1265779992859407, "3": 0.029133829036541825, "4": 0.12657836060361383, "5": -0.03104436116184435, "6": 0.04728751822233285, "7": 0.04729559861935666, "8": 0.07482652830278932, "9": 0.09774178800344474, "10": 0.07355638229566866, "11": 0.09774166974867587, "12": 0.07482639527061467, "13": 0.07355633776672671, "14": 0.09648346616443923, "15": 0.09648304503232946}, "boltzmann_weights": [0.24766351075138357, 0.2476635509829925, 0.24766350532498135, 0.002342043473681349, 0.002342043464110996, 0.002342070079836385, 0.0023420700708034906, 0.24764120585221022], "best_conformer_elements": [6, 8, 6, 8, 6, 6, 6, 1, 1, 1, 1, 1, 1, 1, 1], "best_conformer_coordinates": [[-1.7215041770735344, 0.3533442974679331, 1.1447914267182258], [-0.736716614948692, 0.9007357564158951, 0.2864939156737538], [-0.07158562885523946, -0.05670338044668159, -0.47843314638777884], [0.8184440659322123, -0.8360101952494906, 0.2596256750504173], [1.989767760654923, -0.14085475991348542, 0.64805548513715], [0.18160184578933522, 0.2469497972338928, -1.9134872436184818], [-0.7178066160632526, -0.6716683699500587, -1.6700287195964294], [-2.102353308587522, 1.1813845073957476, 1.7387081279235606], [-1.2873917781009598, -0.4074111181146687, 1.7997342631136275], [-2.5365639490424976, -0.09277348668184374, 0.5650614153564942], [2.5869002542358306, 0.13281370652691338, -0.2282824137580259], [2.5540452101979123, -0.8236999111215099, 1.2795195200903888], [1.7374774353506237, 0.7638523717320134, 1.208419362202273], [0.7306901975822597, 0.8291845299363366, -2.6122398672865366], [-1.4250046917796153, -1.3791437558144628, -2.0279378006186537]], "best_conformer_energy": -22.810000035389496, "fukui_radical": {"1": -0.02862214288564663, "2": 0.08589259364471055, "3": 0.03598938022230368, "4": 0.08589336213554902, "5": -0.028622113984314097, "6": 0.11340212598367821, "7": 0.11340219439276644, "8": 0.06493042564926937, "9": 0.05595305032809283, "10": 0.05984624507708143, "11": 0.05984288655230985, "12": 0.06493046831195452, "13": 0.05595734903364984, "14": 0.13060215367538563, "15": 0.13060202186320163}}