{"smiles": "N#C/C=C/C#N", "ip": 15.42533911972922, "ip_corrected": 10.57933911972922, "ea": 5.625408420256258, "homo": -0.44592196609008894, "lumo": -0.33220057112858886, "charges": {"1": -0.20002047103709475, "2": 0.11988422525994497, "3": -0.0017261940065592951, "4": -0.0017269820634320532, "5": 0.11988420347373263, "6": -0.20002050167554486, "7": 0.08186283005269292, "8": 0.08186288999627021}, "dipole": [-1.1856121228139337e-06, -4.799786653072308e-07, -2.0574789755367362e-08], "global_electrophilicity": 1.6456895159991398, "global_nucleophilicity": -10.57933911972922, "fukui_electrophilicity": {"1": 0.23484743577558959, "2": 0.05562911480552901, "3": 0.09596005923614537, "4": 0.09595925459885016, "5": 0.055629065745599865, "6": 0.2348474409748792, "7": 0.11356378194484247, "8": 0.11356384691857935}, "fukui_nucleophilicity": {"1": 0.2840030792620966, "2": 0.05252261378531409, "3": 0.05124257431980886, "4": 0.051243360057767806, "5": 0.05252264020695721, "6": 0.28400310046204325, "7": 0.11223134324375632, "8": 0.11223128866218972}, "boltzmann_weights": [1.0]}