{"smiles": "O=C(O)/C=C/C=C/C(=O)O", "ip": 14.273784747510678, "ip_corrected": 9.427784747510678, "ea": 6.1234221884510625, "homo": -0.42856874253479516, "lumo": -0.3245192538311229, "charges": {"1": -0.41063577607985396, "2": 0.3585423838818474, "3": -0.37578184386349917, "4": -0.05816577503734043, "5": -0.0044055412965825075, "6": -0.004419610250522343, "7": -0.05817297381197342, "8": 0.3585484121701838, "9": -0.41065477792713445, "10": -0.37575719337284685, "11": 0.32985973313034556, "12": 0.07845929841377765, "13": 0.08215647747181586, "14": 0.08213596585252611, "15": 0.07842129613644662, "16": 0.3298699245827999}, "dipole": [0.00021542917830167857, 5.681389658498302e-05, 7.541136645286297e-05], "global_electrophilicity": 1.7576128471483912, "global_nucleophilicity": -9.427784747510678, "fukui_electrophilicity": {"1": 0.11543924630874408, "2": 0.03601408731146266, "3": 0.059706972702631644, "4": 0.061718021504540206, "5": 0.04238650362494717, "6": 0.04238203179559286, "7": 0.06172036848628633, "8": 0.03601507628102374, "9": 0.11543657793544415, "10": 0.05970732544132917, "11": 0.045107139699741394, "12": 0.07485719657581442, "13": 0.06477947526501117, "14": 0.06476281913531318, "15": 0.07486081654970099, "16": 0.04510634138241976}, "fukui_nucleophilicity": {"1": 0.16042214136560096, "2": 0.019261659503953754, "3": 0.07466974146194805, "4": 0.05128187323114223, "5": 0.028092766202737596, "6": 0.02809796447480785, "7": 0.05128606393296095, "8": 0.01926475587804416, "9": 0.1604386794608773, "10": 0.07466936473997937, "11": 0.044365875414612566, "12": 0.07148621608266735, "13": 0.05040040015130744, "14": 0.050390184686985, "15": 0.07150677124477349, "16": 0.04436554216762428}, "boltzmann_weights": [0.5590209239834116, 0.1625496174698948, 0.16254973643206785, 0.05792221202333489, 0.02387255867816601, 0.0075788533684751636, 0.007579559040742669, 0.007578854059560701, 0.0075795609123290005, 0.0018840616259456025, 0.0018840624060715717]}