{"smiles": "O=C(O)/C=C/Br", "ip": 14.905659890718686, "ip_corrected": 10.059659890718686, "ea": 5.0644255924439205, "homo": -0.4303582815766989, "lumo": -0.3070433178971229, "charges": {"1": -0.40937525254483215, "2": 0.36035077404841737, "3": -0.3683205090627842, "4": -0.06691511135038097, "5": 0.06021105670525338, "6": -0.09542717673076143, "7": 0.33425415684228926, "8": 0.09011822597633537, "9": 0.09510383611644825}, "dipole": [-0.8735995105130865, 0.20171823596925273, -0.37992713768257824], "global_electrophilicity": 1.3417910548288277, "global_nucleophilicity": -10.059659890718686, "fukui_electrophilicity": {"1": 0.17932417158200203, "2": 0.0715038625296644, "3": 0.09141437287435811, "4": 0.0655552945407887, "5": 0.08470144165833914, "6": 0.2261546056840362, "7": 0.06325324797585252, "8": 0.10861590428265547, "9": 0.10947709887227994}, "fukui_nucleophilicity": {"1": 0.20137751453099662, "2": 0.021555270876521593, "3": 0.09467203333594426, "4": 0.06615661217274452, "5": 0.018577417265170967, "6": 0.37122422467747906, "7": 0.05459900013807112, "8": 0.08616988711464688, "9": 0.08566803988841905}, "boltzmann_weights": [0.7352574368019003, 0.2647425631980998]}