{"smiles": "O=C(O)/C=C\\c1ccccc1", "ip": 13.396162126806093, "ip_corrected": 8.550162126806093, "ea": 4.991048865374591, "homo": -0.39543816545154786, "lumo": -0.2851041913615065, "charges": {"1": -0.41798076667080847, "2": 0.3596511603031981, "3": -0.3877783137082898, "4": -0.07241882084902723, "5": -0.005627268546674197, "6": 0.022174246975225922, "7": -0.016658213333078126, "8": -0.024557901780989676, "9": -0.025773881526029566, "10": -0.027811064534520084, "11": -0.030427925256988113, "12": 0.3236733807090725, "13": 0.06384757769175932, "14": 0.05491798270009112, "15": 0.043513331933659645, "16": 0.03823056348634395, "17": 0.035308004599592005, "18": 0.03453942146414389, "19": 0.03317848634331474}, "dipole": [0.034513967435743156, -0.40654594067025757, -0.34959079358151124], "global_electrophilicity": 1.1244151602554218, "global_nucleophilicity": -8.550162126806093, "fukui_electrophilicity": {"1": 0.12083785768152139, "2": 0.04972683737351208, "3": 0.068163081885872, "4": 0.05076740757202894, "5": 0.06884624783503271, "6": 0.024736519348207683, "7": 0.01947236489433332, "8": 0.019553578788062104, "9": 0.044793855777596134, "10": 0.021033003002565755, "11": 0.025327869631085596, "12": 0.04808752629391616, "13": 0.08466879803268168, "14": 0.08587274567272554, "15": 0.03451564495078087, "16": 0.05722388117056473, "17": 0.06573743651535333, "18": 0.060579891713916034, "19": 0.05005545186023612}, "fukui_nucleophilicity": {"1": 0.10704734737466093, "2": 0.013506303934769648, "3": 0.06385016557799322, "4": 0.0499954472396229, "5": 0.014759921186371178, "6": 0.05454603673346359, "7": 0.02889669835043021, "8": 0.0247715891948952, "9": 0.05697629085994983, "10": 0.03420090713320615, "11": 0.02449525998525861, "12": 0.040008836207874265, "13": 0.07532123120778965, "14": 0.08818496695406297, "15": 0.05313654424975755, "16": 0.0645332052680164, "17": 0.07525928434087256, "18": 0.07022048185543338, "19": 0.06028948241928054}, "boltzmann_weights": [0.166986043856588, 0.16699551235670013, 0.166995621952633, 0.16699567757691958, 0.08300912884408368, 0.0830044390046353, 0.0830044387372865, 0.0830091376711538]}