{"smiles": "O=C(O)/C=C\\c1ccccc1", "ip": 13.396349598194169, "ip_corrected": 8.550349598194169, "ea": 4.990913828145281, "homo": -0.39544376955488336, "lumo": -0.28510334416470184, "charges": {"1": -0.4180144184429453, "2": 0.3596583119501957, "3": -0.3877780988694703, "4": -0.07240988809327412, "5": -0.005625321752912638, "6": 0.022175345965361526, "7": -0.016659772030848216, "8": -0.02456051229225393, "9": -0.025769033312539276, "10": -0.027809860156742867, "11": -0.03042206959383572, "12": 0.3237011705968926, "13": 0.06385230822941788, "14": 0.054920341739931856, "15": 0.043472117794771024, "16": 0.03823890676835443, "17": 0.035304443653847155, "18": 0.034539936861709176, "19": 0.033186090984323596}, "dipole": [-0.014700438225225381, -0.26686578383012505, 0.46648162810879806], "global_electrophilicity": 1.1243855780037197, "global_nucleophilicity": -8.550349598194169, "fukui_electrophilicity": {"1": 0.12082447399882723, "2": 0.049720408781527003, "3": 0.06816262411754459, "4": 0.050774764700936115, "5": 0.06885268637476269, "6": 0.0247354953883695, "7": 0.019463873261567066, "8": 0.01955201200052579, "9": 0.04479435425038412, "10": 0.02103124375843938, "11": 0.02532952294028621, "12": 0.04809199546227744, "13": 0.08468091245831955, "14": 0.08587464570033472, "15": 0.0345146830980113, "16": 0.05722554124942837, "17": 0.06573496058889719, "18": 0.06057855554955091, "19": 0.05005724631999001}, "fukui_nucleophilicity": {"1": 0.10704592899895415, "2": 0.01349602596081656, "3": 0.06385309077955953, "4": 0.04999437244970521, "5": 0.0147572315519683, "6": 0.05455246609855047, "7": 0.028905657326947692, "8": 0.024771183956775265, "9": 0.05697761026478953, "10": 0.03420938511613159, "11": 0.02448764480371749, "12": 0.0399978431532545, "13": 0.07531034704390736, "14": 0.08818214538423874, "15": 0.05313873598195184, "16": 0.0645374677297875, "17": 0.0752635509738068, "18": 0.0702248346323684, "19": 0.060294477866227617}, "fukui_radical": {"1": 0.11393520149889069, "2": 0.03160821737117178, "3": 0.06600785744855206, "4": 0.050384568575320664, "5": 0.041804958963365495, "6": 0.03964398074345998, "7": 0.02418476529425738, "8": 0.022161597978650527, "9": 0.05088598225758682, "10": 0.027620314437285486, "11": 0.02490858387200185, "12": 0.04404491930776597, "13": 0.07999562975111345, "14": 0.08702839554228672, "15": 0.04382670953998157, "16": 0.06088150448960793, "17": 0.070499255781352, "18": 0.06540169509095965, "19": 0.05517586209310882}, "best_conformer_coordinates": [[1.9562937555154105, 0.9576785975088395, -1.2117157977102304], [2.581766792575404, 0.42060578403021653, -0.33205719466566475], [3.8998540712539174, 0.6555157654562025, -0.1613528549268965], [2.1123531581014166, -0.5738367320464525, 0.6405140781385695], [0.8507358164041621, -0.9778368816229277, 0.8298035252728776], [-0.36401178352017854, -0.4468299996515267, 0.2226654176240539], [-0.5978341237446422, 0.9215770037693487, 0.10463790708337324], [-1.7736695950729238, 1.3826579709031126, -0.4554211153119572], [-2.7296542575710365, 0.48934008452532407, -0.9106250026054455], [-2.5139813806283535, -0.8731575366100344, -0.7841117704294049], [-1.3479765868173572, -1.3380774193973681, -0.20735851047873227], [4.209862793517927, 1.2898627197260493, -0.825747996165725], [2.9170667996500805, -1.040198248336968, 1.1911255978860638], [0.6895849046297641, -1.8114836165236203, 1.5054487687735894], [0.13799238825476412, 1.620774786143147, 0.46863352963672444], [-1.9451161754612913, 2.4455114892955456, -0.5397991933416094], [-3.643537136717859, 0.8534597400108354, -1.3563925668443746], [-3.2597014216786655, -1.5741806822603, -1.1297641972966919], [-1.180028023982357, -2.4013828196276474, -0.10903702171839134]], "best_conformer_elements": [8, 6, 8, 6, 6, 6, 6, 6, 6, 6, 6, 1, 1, 1, 1, 1, 1, 1, 1], "best_conformer_energy": -31.448600324546895}