{"smiles": "O=C1C=CC(=O)C1", "ip": 14.523926576199926, "ip_corrected": 9.677926576199926, "ea": 5.946084390940229, "homo": -0.41687522224971457, "lumo": -0.3382946571731722, "charges": {"1": -0.32324983781786054, "2": 0.2430066872749141, "3": -0.03998481710371585, "4": -0.03998485877491974, "5": 0.2430065930610896, "6": -0.32325011852008484, "7": -0.12466069718465875, "8": 0.08141466663020466, "9": 0.08141578965284944, "10": 0.10114329732258313, "11": 0.10114329545959899}, "dipole": [0.5949963713720462, 0.06166731289673236, 0.02829064450986498], "global_electrophilicity": 1.692813849609727, "global_nucleophilicity": -9.677926576199926, "fukui_electrophilicity": {"1": 0.18796396766501688, "2": 0.059838679938965356, "3": 0.07495211184351726, "4": 0.07495217007918671, "5": 0.059838551977488524, "6": 0.18796352358702256, "7": -0.019133514434777302, "8": 0.10451494104825637, "9": 0.10451512661323255, "10": 0.08229722119923952, "11": 0.08229722048285733}, "fukui_nucleophilicity": {"1": 0.21630849639716548, "2": 0.035729876635221036, "3": 0.04061324660971875, "4": 0.040613503017983166, "5": 0.035729779654480126, "6": 0.2163087613291529, "7": 0.038543149911789115, "8": 0.10524739840525393, "9": 0.10524655121097927, "10": 0.08282961930583362, "11": 0.08282961752241197}, "boltzmann_weights": [1.0]}