{"smiles": "O=C1C=CCO1", "ip": 15.09536913727527, "ip_corrected": 10.24936913727527, "ea": 4.262514604305101, "homo": -0.42059179607654446, "lumo": -0.28458367774240756, "charges": {"1": -0.3726921459665675, "2": 0.35560313554544065, "3": -0.06882194208823356, "4": -0.02959237973680902, "5": 0.06962639055226774, "6": -0.2533834464613221, "7": 0.07594037389938077, "8": 0.06414257184288093, "9": 0.07958872112656931, "10": 0.0795887212863953}, "dipole": [-1.7943101911075054, 1.0711387068836866, -0.07955123948099684], "global_electrophilicity": 1.0780781305309743, "global_nucleophilicity": -10.24936913727527, "fukui_electrophilicity": {"1": 0.19958099177540412, "2": 0.06987409797333449, "3": 0.07493995617993546, "4": 0.1234387678800384, "5": -0.0396501256464878, "6": 0.10532718889564102, "7": 0.11604103877346574, "8": 0.12678737693913036, "9": 0.11183035494077051, "10": 0.11183035228876692}, "fukui_nucleophilicity": {"1": 0.2833544170914307, "2": 0.026115714467491058, "3": 0.06943111353037243, "4": 0.04775867065090224, "5": -0.019610860647843988, "6": 0.13176708313428015, "7": 0.0984496022835186, "8": 0.11057479359415938, "9": 0.1260797320518334, "10": 0.1260797338438366}, "boltzmann_weights": [1.0]}