{"smiles": "O=S(=O)([O-])C=Cc1ccccc1.[Na+]", "ip": 13.141049120384025, "ip_corrected": 8.295049120384025, "ea": 5.219151085796918, "homo": -0.3963647266599137, "lumo": -0.28991714927385465, "charges": {"1": -0.6215223958456855, "2": 1.1920313779012655, "3": -0.6985720588536559, "4": -0.6986191379963935, "5": -0.14082266437671767, "6": -0.022314336721369815, "7": 0.020080473534069457, "8": -0.02966313331252069, "9": -0.02734925108362256, "10": -0.026937868274014273, "11": -0.027475294060373585, "12": -0.02999820094726309, "13": 0.7713695807528919, "14": 0.0700846097728748, "15": 0.073809751849263, "16": 0.04326267798719622, "17": 0.03887015675523031, "18": 0.03800260623180851, "19": 0.03781218261656055, "20": 0.037950924070453786}, "dipole": [0.5335928004818793, 0.9056873999281861, -0.5562783810715508], "global_electrophilicity": 1.1856012045090587, "global_nucleophilicity": -8.295049120384025, "fukui_electrophilicity": {"1": 0.046318923822740166, "2": 0.047292338560456004, "3": 0.027546185401853496, "4": 0.027548160611556627, "5": 0.041033625899351944, "6": 0.03457891450423847, "7": 0.03431825675694606, "8": 0.022551491246758627, "9": 0.019351021660351346, "10": 0.04355266754531596, "11": 0.01766780692530661, "12": 0.021752132443918368, "13": 0.2578226243309504, "14": 0.05833719151004377, "15": 0.05312809478717208, "16": 0.04516652340700972, "17": 0.0528562467347608, "18": 0.0588953788626113, "19": 0.05122839089512139, "20": 0.0390540240970399}, "fukui_nucleophilicity": {"1": 0.07327422104170356, "2": 0.10242148793174, "3": 0.07302537006456267, "4": 0.073042121257616, "5": 0.027153370811010477, "6": 0.02184297238808748, "7": 0.04510199834086949, "8": 0.023580212783014122, "9": 0.024457371181848944, "10": 0.051027982329030636, "11": 0.02339283328148451, "12": 0.022367354172240922, "13": 0.07138950013306455, "14": 0.05262765470733939, "15": 0.04517447704247976, "16": 0.04884242942445697, "17": 0.057552399564643184, "18": 0.06445754866001949, "19": 0.05654577870084154, "20": 0.04272291618511211}, "boltzmann_weights": [0.023853739771293625, 0.023854009450054305, 0.02383934038908681, 0.02385385318462632, 0.023837226755632043, 0.02383630199673659, 0.023839363241689775, 0.023853862199683808, 0.02385401668781755, 0.02385387738850163, 0.023841213194366564, 0.023853863136194458, 0.023839246215395602, 0.023853859117833425, 0.023839694665380426, 0.023839538482424854, 0.02385386103124456, 0.023853861218474874, 0.023833092387713372, 0.06836351069086546, 0.0683635179119247, 0.06836351199349593, 0.06836592496045235, 0.06836366722740521, 0.06836880649879168, 0.06836373270380196, 0.06836350749911224], "best_conformer_elements": [8, 16, 8, 8, 6, 6, 6, 6, 6, 6, 6, 6, 11, 1, 1, 1, 1, 1, 1, 1], "best_conformer_coordinates": [[3.9764906286625377, 0.6450528203582899, -1.2666015075586174], [3.313884492892462, 0.6551979261280074, 0.055413546206123536], [3.6410587604814633, -0.5035662910713349, 0.8490082943932389], [3.7341519951175126, 1.9203505541044512, 0.695413187498036], [1.5620532677634429, 0.741049040658906, -0.21681626410361027], [0.7891678608763916, -0.20109122108698033, 0.2999810485033932], [-0.6587897235290385, -0.32368034490393155, 0.20072394782374384], [-1.4475944847139617, 0.5951250179721749, -0.4941584584107195], [-2.818273103126142, 0.43661569696480634, -0.5605204512874535], [-3.429559444371917, -0.6395588011691684, 0.06362798019946338], [-2.65948554046139, -1.5590521991968858, 0.7566444713742632], [-1.2880525434778016, -1.4028230767320151, 0.824573030748175], [5.4493650675509375, 1.7121530925984907, -0.3678770125449502], [1.25655161431979, 1.5859054397593342, -0.8036034132481763], [1.2973683445244755, -0.972919731379275, 0.8643835658474123], [-0.9813075811172908, 1.4359525390916095, -0.9832166244837606], [-3.416271713657239, 1.1552744198467653, -1.101701315117118], [-4.501346425068852, -0.7600383561959813, 0.009487853057986335], [-3.1307823353413515, -2.3994451385776854, 1.2447967034513718], [-0.6886291532006191, -2.1205013924619918, 1.3652759128029346]], "best_conformer_energy": -36.426443879747865, "fukui_radical": {"1": 0.05027888117097001, "2": 0.0748697723993903, "3": 0.05979083295567711, "4": 0.05027808400225836, "5": 0.03409650818223063, "6": 0.02821104649966701, "7": 0.039710737391207465, "8": 0.022058053062187936, "9": 0.020531524407034648, "10": 0.04728898893489004, "11": 0.021904117619735035, "12": 0.023066087933916922, "13": 0.16461081181222187, "14": 0.0554866162218381, "15": 0.049153038920077746, "16": 0.04088906282982615, "17": 0.0538883105643259, "18": 0.06167752030894857, "19": 0.05520515873197326, "20": 0.047004846053967694}}