sample_size,train_r2,test_r2,train_std,test_std
100,0.9977309274988249,-0.4271861345998641,0.000657662380682139,0.33664526491948665
250,0.9777084579034291,0.008706524365608393,0.0037199097058454055,0.2255038832121382
500,0.9643740783789788,0.12648961705627695,0.0028132835989855146,0.12858361881637448
1000,0.884013698670414,0.2394270207491802,0.015370543031427958,0.0619815192618376
2000,0.8157375339312416,0.3433483631093177,0.009675040864863243,0.06451185071024956
3534,0.7730270518757302,0.43128039123938045,0.0112453084140272,0.04666910555180483
