Metric,Value
Accuracy,0.4525252525252526
F1 Score (weighted),0.4448658719182238
RMSE on r1r2,29.641679748810397
