Set,Metric,Value
Test,RMSE,28.008348838148763
Test,R2,0.0001113538099759559
Test,Uncertainty,0.533413539524471
Train,RMSE,27.925112273390322
Train,R2,0.00604555772036075
Train,Uncertainty,0.44430333248400705
