Metric,Value
Accuracy,0.4589225589225589
F1 Score (weighted),0.4501672168400259
RMSE on r1r2,30.766125483438493
