[Header]
Application Name	LabSolutions
Version	5.97
Data File Name	G:\GC data\Mara\MWH_017\MWH_017_t30m_04.03.2026_7.gcd
Output Date	09.04.2026
Output Time	10:45:15

[File Information]
Type	Data File
Generated	04.03.2026 16:31:44
Generated by	System Administrator
Modified	09.04.2026 10:45:15
Modified by	System Administrator

[Sample Information]
Operator Name	System Administrator
Acquired	04.03.2026 16:35:07
Sample Type	0:Unknown
Level	1
Sample Name	MWH_017_t30m
Sample ID	
ISTD Amount1	1
ISTD Amount2	1
ISTD Amount3	1
ISTD Amount4	1
ISTD Amount5	1
ISTD Amount6	1
ISTD Amount7	1
ISTD Amount8	1
ISTD Amount9	1
ISTD Amount10	1
ISTD Amount11	1
ISTD Amount12	1
ISTD Amount13	1
ISTD Amount14	1
ISTD Amount15	1
ISTD Amount16	1
ISTD Amount17	1
ISTD Amount18	1
ISTD Amount19	1
ISTD Amount20	1
ISTD Amount21	1
ISTD Amount22	1
ISTD Amount23	1
ISTD Amount24	1
ISTD Amount25	1
ISTD Amount26	1
ISTD Amount27	1
ISTD Amount28	1
ISTD Amount29	1
ISTD Amount30	1
ISTD Amount31	1
ISTD Amount32	1
Sample Amount	1
Dilution Factor	1
Vial#	5
Injection Volume	0,2
Injection Count	1
Bar Code	

[Original Files]
Data File	G:\GC data\Mara\MWH_017_t30m_04.03.2026_7.gcd
Method File	G:\GC data\MWH3_60-150-200_0-2uL_split50.gcm
Batch File	G:\GC data\Mara\wash_2026-03-04.gcb
Report Format File	c:\LabSolutions\System\DEFAULT.lsr

[File Description]


[Configuration]
Instrument Name	GC-3
Instrument #	1
Line #	1
# of Detectors	1
Detector ID	DET#4
Detector Name	FID1
# of Channels	1

[Peak Table(Ch1)]
# of Peaks	17
Peak#	R.Time	I.Time	F.Time	Area	Height	A/H	Conc.	Mark	ID#	Name	k'	Plate #	Plate Ht.	Tailing	Resolution	Sep.Factor	Area Ratio	Height Ratio	Conc. %	Norm Conc.
1	1,214	1,186	1,279	9575	7279	1,315	0,000	 V 			0,000	23383	0,000	1,792	0,000	0,000	0	0	0,000	0,000
2	1,337	1,279	1,428	132101	102568	1,288	0,000	 V 			0,101	27190	0,000	1,507	3,847	0,000	0	0	0,000	0,000
3	1,452	1,428	1,498	1080	756	1,429	0,000	 V 			0,196	28705	0,000	0,000	3,449	1,932	0	0	0,000	0,000
4	1,568	1,498	2,096	5601717	4242658	1,320	0,000	SV 			0,292	35528	0,000	1,435	3,462	1,490	0	0	0,000	0,000
5	1,895	1,816	2,002	315975	218229	1,448	0,000	T  			0,561	44476	0,000	1,172	9,466	1,922	0	0	0,000	0,000
6	2,534	2,488	2,590	4452	3006	1,481	0,000	   			1,088	71647	0,000	1,338	17,362	1,938	0	0	0,000	0,000
7	5,529	5,484	5,610	1090	679	1,605	0,000	   			3,555	292808	0,000	1,313	76,275	3,268	0	0	0,000	0,000
8	5,952	5,922	6,165	22094	9743	2,268	0,000	   			3,904	227053	0,000	2,245	9,335	1,098	0	0	0,000	0,000
9	6,399	6,370	6,524	56986	35370	1,611	0,000	   			4,272	396563	0,000	1,395	9,892	1,094	0	0	0,000	0,000
10	6,739	6,636	6,790	1201	308	3,896	0,000	   			4,552	0	0,000	0,000	0,000	1,066	0	0	0,000	0,000
11	6,897	6,790	6,996	3690	416	8,877	0,000	 V 			4,682	0	0,000	0,000	0,000	1,029	0	0	0,000	0,000
12	7,014	6,996	7,126	1397	246	5,686	0,000	 V 			4,779	0	0,000	0,000	0,000	1,021	0	0	0,000	0,000
13	7,522	7,481	8,102	203877	114064	1,787	0,000	S  			5,197	554204	0,000	1,258	0,000	1,088	0	0	0,000	0,000
14	10,344	10,276	10,458	5625	2082	2,701	0,000	   			7,522	372962	0,000	1,385	52,310	1,447	0	0	0,000	0,000
15	10,887	10,822	10,972	4165	1369	3,042	0,000	   			7,969	290201	0,000	1,016	7,325	1,059	0	0	0,000	0,000
16	11,347	11,252	11,480	97751	36389	2,686	0,000	   			8,349	438134	0,000	1,044	6,181	1,048	0	0	0,000	0,000
17	12,034	11,952	12,325	11023	2295	4,803	0,000	SV 			8,914	256747	0,000	1,675	8,419	1,068	0	0	0,000	0,000

[Chromatogram (Ch1)]
Interval(msec)	40
# of Points	18945
Start Time(min)	0,000
End Time(min)	12,630
R.Time (min)	Intensity
0,00017	-27
0,00083	-27
0,00150	-27
0,00217	-27
0,00283	-27
0,00350	-26
0,00417	-26
0,00483	-26
0,00550	-25
0,00617	-25
0,00683	-25
0,00750	-25
0,00817	-24
0,00883	-24
0,00950	-24
0,01017	-24
0,01083	-24
0,01150	-24
0,01217	-24
0,01283	-24
0,01350	-24
0,01417	-24
0,01483	-24
0,01550	-24
0,01617	-24
0,01683	-24
0,01750	-24
0,01817	-24
0,01883	-24
0,01950	-24
0,02017	-24
0,02083	-24
0,02150	-25
0,02217	-25
0,02283	-25
0,02350	-26
0,02417	-26
0,02483	-26
0,02550	-26
0,02617	-26
0,02683	-26
0,02750	-26
0,02817	-26
0,02883	-26
0,02950	-26
0,03017	-27
0,03083	-27
0,03150	-27
0,03217	-28
0,03283	-28
0,03350	-28
0,03417	-28
0,03483	-28
0,03550	-28
0,03617	-28
0,03683	-28
0,03750	-28
0,03817	-28
0,03883	-28
0,03950	-27
0,04017	-27
0,04083	-27
0,04150	-27
0,04217	-27
0,04283	-27
0,04350	-27
0,04417	-27
0,04483	-27
0,04550	-27
0,04617	-27
0,04683	-27
0,04750	-27
0,04817	-27
0,04883	-27
0,04950	-27
0,05017	-27
0,05083	-27
0,05150	-27
0,05217	-27
0,05283	-27
0,05350	-28
0,05417	-28
0,05483	-28
0,05550	-27
0,05617	-27
0,05683	-27
0,05750	-27
0,05817	-27
0,05883	-27
0,05950	-27
0,06017	-27
0,06083	-27
0,06150	-27
0,06217	-27
0,06283	-27
0,06350	-27
0,06417	-27
0,06483	-27
0,06550	-28
0,06617	-28
0,06683	-28
0,06750	-29
0,06817	-29
0,06883	-29
0,06950	-29
0,07017	-29
0,07083	-29
0,07150	-29
0,07217	-29
0,07283	-29
0,07350	-29
0,07417	-29
0,07483	-28
0,07550	-28
0,07617	-28
0,07683	-28
0,07750	-28
0,07817	-29
0,07883	-29
0,07950	-29
0,08017	-29
0,08083	-29
0,08150	-29
0,08217	-29
0,08283	-29
0,08350	-29
0,08417	-29
0,08483	-29
0,08550	-29
0,08617	-28
0,08683	-28
0,08750	-28
0,08817	-28
0,08883	-28
0,08950	-28
0,09017	-28
0,09083	-28
0,09150	-28
0,09217	-28
0,09283	-28
0,09350	-28
0,09417	-28
0,09483	-28
0,09550	-28
0,09617	-28
0,09683	-28
0,09750	-28
0,09817	-28
0,09883	-28
0,09950	-28
0,10017	-28
0,10083	-28
0,10150	-28
0,10217	-28
0,10283	-28
0,10350	-28
0,10417	-28
0,10483	-28
0,10550	-28
0,10617	-28
0,10683	-28
0,10750	-28
0,10817	-28
0,10883	-28
0,10950	-28
0,11017	-28
0,11083	-27
0,11150	-27
0,11217	-27
0,11283	-27
0,11350	-27
0,11417	-27
0,11483	-27
0,11550	-27
0,11617	-27
0,11683	-27
0,11750	-27
0,11817	-27
0,11883	-27
0,11950	-27
0,12017	-27
0,12083	-26
0,12150	-26
0,12217	-26
0,12283	-26
0,12350	-26
0,12417	-25
0,12483	-25
0,12550	-25
0,12617	-26
0,12683	-26
0,12750	-26
0,12817	-26
0,12883	-26
0,12950	-26
0,13017	-26
0,13083	-26
0,13150	-26
0,13217	-26
0,13283	-26
0,13350	-26
0,13417	-26
0,13483	-26
0,13550	-26
0,13617	-26
0,13683	-26
0,13750	-26
0,13817	-26
0,13883	-26
0,13950	-26
0,14017	-26
0,14083	-26
0,14150	-27
0,14217	-27
0,14283	-27
0,14350	-27
0,14417	-27
0,14483	-27
0,14550	-27
0,14617	-27
0,14683	-27
0,14750	-28
0,14817	-28
0,14883	-28
0,14950	-28
0,15017	-29
0,15083	-29
0,15150	-29
0,15217	-29
0,15283	-29
0,15350	-29
0,15417	-29
0,15483	-29
0,15550	-29
0,15617	-29
0,15683	-29
0,15750	-29
0,15817	-28
0,15883	-28
0,15950	-28
0,16017	-28
0,16083	-28
0,16150	-28
0,16217	-28
0,16283	-28
0,16350	-28
0,16417	-28
0,16483	-28
0,16550	-28
0,16617	-28
0,16683	-28
0,16750	-28
0,16817	-28
0,16883	-27
0,16950	-27
0,17017	-28
0,17083	-28
0,17150	-27
0,17217	-27
0,17283	-27
0,17350	-27
0,17417	-27
0,17483	-27
0,17550	-27
0,17617	-27
0,17683	-27
0,17750	-27
0,17817	-27
0,17883	-26
0,17950	-26
0,18017	-26
0,18083	-26
0,18150	-27
0,18217	-27
0,18283	-27
0,18350	-28
0,18417	-28
0,18483	-28
0,18550	-29
0,18617	-29
0,18683	-29
0,18750	-29
0,18817	-30
0,18883	-30
0,18950	-30
0,19017	-30
0,19083	-30
0,19150	-29
0,19217	-29
0,19283	-29
0,19350	-29
0,19417	-29
0,19483	-29
0,19550	-29
0,19617	-29
0,19683	-29
0,19750	-28
0,19817	-28
0,19883	-28
0,19950	-28
0,20017	-28
0,20083	-28
0,20150	-28
0,20217	-28
0,20283	-28
0,20350	-28
0,20417	-28
0,20483	-28
0,20550	-28
0,20617	-28
0,20683	-27
0,20750	-27
0,20817	-27
0,20883	-27
0,20950	-26
0,21017	-26
0,21083	-26
0,21150	-26
0,21217	-26
0,21283	-26
0,21350	-26
0,21417	-25
0,21483	-25
0,21550	-25
0,21617	-25
0,21683	-25
0,21750	-24
0,21817	-24
0,21883	-24
0,21950	-23
0,22017	-23
0,22083	-23
0,22150	-23
0,22217	-23
0,22283	-23
0,22350	-23
0,22417	-23
0,22483	-23
0,22550	-23
0,22617	-23
0,22683	-23
0,22750	-23
0,22817	-23
0,22883	-23
0,22950	-23
0,23017	-23
0,23083	-23
0,23150	-23
0,23217	-24
0,23283	-24
0,23350	-24
0,23417	-24
0,23483	-24
0,23550	-24
0,23617	-25
0,23683	-25
0,23750	-25
0,23817	-25
0,23883	-25
0,23950	-25
0,24017	-25
0,24083	-25
0,24150	-25
0,24217	-25
0,24283	-25
0,24350	-25
0,24417	-25
0,24483	-25
0,24550	-25
0,24617	-25
0,24683	-25
0,24750	-25
0,24817	-25
0,24883	-26
0,24950	-26
0,25017	-26
0,25083	-26
0,25150	-26
0,25217	-26
0,25283	-26
0,25350	-26
0,25417	-26
0,25483	-26
0,25550	-27
0,25617	-27
0,25683	-27
0,25750	-27
0,25817	-27
0,25883	-27
0,25950	-27
0,26017	-27
0,26083	-27
0,26150	-26
0,26217	-26
0,26283	-26
0,26350	-26
0,26417	-26
0,26483	-25
0,26550	-25
0,26617	-25
0,26683	-25
0,26750	-25
0,26817	-25
0,26883	-25
0,26950	-25
0,27017	-25
0,27083	-25
0,27150	-25
0,27217	-25
0,27283	-25
0,27350	-25
0,27417	-25
0,27483	-25
0,27550	-25
0,27617	-25
0,27683	-25
0,27750	-26
0,27817	-26
0,27883	-26
0,27950	-26
0,28017	-26
0,28083	-26
0,28150	-26
0,28217	-26
0,28283	-26
0,28350	-26
0,28417	-26
0,28483	-26
0,28550	-26
0,28617	-27
0,28683	-27
0,28750	-27
0,28817	-27
0,28883	-27
0,28950	-27
0,29017	-28
0,29083	-28
0,29150	-28
0,29217	-28
0,29283	-27
0,29350	-27
0,29417	-27
0,29483	-27
0,29550	-27
0,29617	-27
0,29683	-26
0,29750	-26
0,29817	-26
0,29883	-26
0,29950	-26
0,30017	-26
0,30083	-26
0,30150	-26
0,30217	-26
0,30283	-25
0,30350	-25
0,30417	-25
0,30483	-24
0,30550	-24
0,30617	-24
0,30683	-24
0,30750	-23
0,30817	-23
0,30883	-23
0,30950	-23
0,31017	-23
0,31083	-23
0,31150	-23
0,31217	-23
0,31283	-23
0,31350	-23
0,31417	-23
0,31483	-23
0,31550	-23
0,31617	-23
0,31683	-23
0,31750	-24
0,31817	-24
0,31883	-24
0,31950	-25
0,32017	-25
0,32083	-25
0,32150	-25
0,32217	-25
0,32283	-25
0,32350	-25
0,32417	-25
0,32483	-25
0,32550	-26
0,32617	-26
0,32683	-26
0,32750	-26
0,32817	-26
0,32883	-26
0,32950	-26
0,33017	-26
0,33083	-27
0,33150	-27
0,33217	-27
0,33283	-27
0,33350	-28
0,33417	-28
0,33483	-28
0,33550	-28
0,33617	-28
0,33683	-28
0,33750	-28
0,33817	-28
0,33883	-28
0,33950	-28
0,34017	-29
0,34083	-29
0,34150	-29
0,34217	-29
0,34283	-29
0,34350	-29
0,34417	-29
0,34483	-29
0,34550	-29
0,34617	-29
0,34683	-29
0,34750	-29
0,34817	-29
0,34883	-29
0,34950	-29
0,35017	-29
0,35083	-29
0,35150	-30
0,35217	-30
0,35283	-30
0,35350	-31
0,35417	-31
0,35483	-31
0,35550	-31
0,35617	-31
0,35683	-30
0,35750	-30
0,35817	-30
0,35883	-30
0,35950	-30
0,36017	-30
0,36083	-30
0,36150	-30
0,36217	-30
0,36283	-30
0,36350	-30
0,36417	-30
0,36483	-30
0,36550	-30
0,36617	-30
0,36683	-30
0,36750	-29
0,36817	-29
0,36883	-29
0,36950	-29
0,37017	-29
0,37083	-29
0,37150	-30
0,37217	-30
0,37283	-30
0,37350	-30
0,37417	-30
0,37483	-30
0,37550	-30
0,37617	-29
0,37683	-29
0,37750	-29
0,37817	-29
0,37883	-29
0,37950	-29
0,38017	-29
0,38083	-28
0,38150	-29
0,38217	-29
0,38283	-29
0,38350	-29
0,38417	-29
0,38483	-29
0,38550	-29
0,38617	-29
0,38683	-29
0,38750	-29
0,38817	-29
0,38883	-29
0,38950	-29
0,39017	-29
0,39083	-28
0,39150	-28
0,39217	-28
0,39283	-28
0,39350	-29
0,39417	-29
0,39483	-29
0,39550	-29
0,39617	-29
0,39683	-30
0,39750	-30
0,39817	-30
0,39883	-30
0,39950	-30
0,40017	-30
0,40083	-30
0,40150	-30
0,40217	-29
0,40283	-29
0,40350	-29
0,40417	-29
0,40483	-29
0,40550	-29
0,40617	-29
0,40683	-29
0,40750	-28
0,40817	-28
0,40883	-28
0,40950	-28
0,41017	-28
0,41083	-28
0,41150	-27
0,41217	-27
0,41283	-27
0,41350	-27
0,41417	-27
0,41483	-27
0,41550	-27
0,41617	-27
0,41683	-27
0,41750	-27
0,41817	-26
0,41883	-26
0,41950	-26
0,42017	-26
0,42083	-25
0,42150	-25
0,42217	-25
0,42283	-25
0,42350	-25
0,42417	-25
0,42483	-25
0,42550	-25
0,42617	-25
0,42683	-25
0,42750	-25
0,42817	-26
0,42883	-26
0,42950	-26
0,43017	-26
0,43083	-26
0,43150	-26
0,43217	-26
0,43283	-26
0,43350	-26
0,43417	-26
0,43483	-26
0,43550	-26
0,43617	-27
0,43683	-27
0,43750	-27
0,43817	-27
0,43883	-27
0,43950	-27
0,44017	-27
0,44083	-28
0,44150	-28
0,44217	-28
0,44283	-28
0,44350	-28
0,44417	-29
0,44483	-29
0,44550	-29
0,44617	-29
0,44683	-29
0,44750	-29
0,44817	-30
0,44883	-30
0,44950	-30
0,45017	-30
0,45083	-30
0,45150	-30
0,45217	-30
0,45283	-30
0,45350	-30
0,45417	-30
0,45483	-29
0,45550	-29
0,45617	-29
0,45683	-29
0,45750	-28
0,45817	-28
0,45883	-28
0,45950	-28
0,46017	-27
0,46083	-27
0,46150	-27
0,46217	-27
0,46283	-28
0,46350	-28
0,46417	-28
0,46483	-28
0,46550	-28
0,46617	-28
0,46683	-28
0,46750	-28
0,46817	-28
0,46883	-28
0,46950	-28
0,47017	-28
0,47083	-28
0,47150	-28
0,47217	-28
0,47283	-29
0,47350	-29
0,47417	-29
0,47483	-29
0,47550	-30
0,47617	-30
0,47683	-30
0,47750	-31
0,47817	-31
0,47883	-31
0,47950	-31
0,48017	-31
0,48083	-32
0,48150	-32
0,48217	-32
0,48283	-32
0,48350	-31
0,48417	-31
0,48483	-31
0,48550	-31
0,48617	-32
0,48683	-32
0,48750	-32
0,48817	-32
0,48883	-32
0,48950	-32
0,49017	-32
0,49083	-32
0,49150	-32
0,49217	-32
0,49283	-32
0,49350	-32
0,49417	-32
0,49483	-33
0,49550	-33
0,49617	-33
0,49683	-33
0,49750	-33
0,49817	-33
0,49883	-33
0,49950	-34
0,50017	-34
0,50083	-34
0,50150	-35
0,50217	-35
0,50283	-36
0,50350	-36
0,50417	-36
0,50483	-36
0,50550	-36
0,50617	-36
0,50683	-35
0,50750	-35
0,50817	-35
0,50883	-34
0,50950	-34
0,51017	-34
0,51083	-34
0,51150	-33
0,51217	-33
0,51283	-33
0,51350	-33
0,51417	-32
0,51483	-32
0,51550	-32
0,51617	-32
0,51683	-32
0,51750	-31
0,51817	-31
0,51883	-31
0,51950	-32
0,52017	-32
0,52083	-32
0,52150	-32
0,52217	-32
0,52283	-32
0,52350	-32
0,52417	-32
0,52483	-32
0,52550	-33
0,52617	-33
0,52683	-33
0,52750	-32
0,52817	-32
0,52883	-32
0,52950	-32
0,53017	-31
0,53083	-31
0,53150	-31
0,53217	-31
0,53283	-31
0,53350	-31
0,53417	-31
0,53483	-31
0,53550	-31
0,53617	-31
0,53683	-31
0,53750	-31
0,53817	-32
0,53883	-32
0,53950	-32
0,54017	-32
0,54083	-32
0,54150	-32
0,54217	-32
0,54283	-32
0,54350	-33
0,54417	-33
0,54483	-33
0,54550	-34
0,54617	-34
0,54683	-34
0,54750	-34
0,54817	-35
0,54883	-35
0,54950	-35
0,55017	-35
0,55083	-35
0,55150	-35
0,55217	-35
0,55283	-35
0,55350	-35
0,55417	-35
0,55483	-35
0,55550	-35
0,55617	-35
0,55683	-35
0,55750	-35
0,55817	-35
0,55883	-34
0,55950	-34
0,56017	-33
0,56083	-33
0,56150	-32
0,56217	-32
0,56283	-32
0,56350	-31
0,56417	-31
0,56483	-31
0,56550	-31
0,56617	-31
0,56683	-31
0,56750	-30
0,56817	-30
0,56883	-30
0,56950	-30
0,57017	-30
0,57083	-30
0,57150	-30
0,57217	-30
0,57283	-30
0,57350	-30
0,57417	-30
0,57483	-31
0,57550	-31
0,57617	-31
0,57683	-32
0,57750	-32
0,57817	-32
0,57883	-32
0,57950	-32
0,58017	-32
0,58083	-32
0,58150	-33
0,58217	-33
0,58283	-33
0,58350	-33
0,58417	-32
0,58483	-32
0,58550	-33
0,58617	-33
0,58683	-33
0,58750	-33
0,58817	-33
0,58883	-33
0,58950	-33
0,59017	-33
0,59083	-34
0,59150	-34
0,59217	-34
0,59283	-34
0,59350	-34
0,59417	-33
0,59483	-33
0,59550	-33
0,59617	-33
0,59683	-33
0,59750	-33
0,59817	-33
0,59883	-33
0,59950	-33
0,60017	-33
0,60083	-33
0,60150	-33
0,60217	-33
0,60283	-33
0,60350	-33
0,60417	-33
0,60483	-33
0,60550	-34
0,60617	-34
0,60683	-34
0,60750	-34
0,60817	-34
0,60883	-34
0,60950	-34
0,61017	-34
0,61083	-34
0,61150	-34
0,61217	-34
0,61283	-34
0,61350	-34
0,61417	-34
0,61483	-33
0,61550	-33
0,61617	-33
0,61683	-33
0,61750	-33
0,61817	-32
0,61883	-32
0,61950	-32
0,62017	-32
0,62083	-31
0,62150	-31
0,62217	-31
0,62283	-31
0,62350	-31
0,62417	-31
0,62483	-31
0,62550	-31
0,62617	-30
0,62683	-30
0,62750	-30
0,62817	-30
0,62883	-30
0,62950	-30
0,63017	-30
0,63083	-30
0,63150	-30
0,63217	-31
0,63283	-31
0,63350	-30
0,63417	-31
0,63483	-31
0,63550	-31
0,63617	-31
0,63683	-31
0,63750	-31
0,63817	-31
0,63883	-31
0,63950	-31
0,64017	-31
0,64083	-31
0,64150	-32
0,64217	-32
0,64283	-32
0,64350	-32
0,64417	-32
0,64483	-32
0,64550	-32
0,64617	-32
0,64683	-32
0,64750	-32
0,64817	-32
0,64883	-32
0,64950	-32
0,65017	-33
0,65083	-33
0,65150	-33
0,65217	-33
0,65283	-33
0,65350	-33
0,65417	-33
0,65483	-33
0,65550	-33
0,65617	-33
0,65683	-33
0,65750	-33
0,65817	-33
0,65883	-33
0,65950	-32
0,66017	-32
0,66083	-32
0,66150	-32
0,66217	-32
0,66283	-32
0,66350	-32
0,66417	-32
0,66483	-32
0,66550	-31
0,66617	-31
0,66683	-30
0,66750	-30
0,66817	-29
0,66883	-29
0,66950	-29
0,67017	-29
0,67083	-28
0,67150	-28
0,67217	-28
0,67283	-28
0,67350	-28
0,67417	-28
0,67483	-28
0,67550	-28
0,67617	-28
0,67683	-28
0,67750	-28
0,67817	-28
0,67883	-28
0,67950	-28
0,68017	-28
0,68083	-28
0,68150	-28
0,68217	-27
0,68283	-27
0,68350	-27
0,68417	-27
0,68483	-27
0,68550	-27
0,68617	-27
0,68683	-27
0,68750	-28
0,68817	-28
0,68883	-28
0,68950	-28
0,69017	-28
0,69083	-28
0,69150	-28
0,69217	-28
0,69283	-28
0,69350	-28
0,69417	-29
0,69483	-29
0,69550	-29
0,69617	-29
0,69683	-29
0,69750	-30
0,69817	-30
0,69883	-30
0,69950	-30
0,70017	-30
0,70083	-30
0,70150	-30
0,70217	-31
0,70283	-31
0,70350	-31
0,70417	-31
0,70483	-31
0,70550	-32
0,70617	-32
0,70683	-32
0,70750	-33
0,70817	-33
0,70883	-33
0,70950	-33
0,71017	-33
0,71083	-33
0,71150	-33
0,71217	-33
0,71283	-33
0,71350	-33
0,71417	-33
0,71483	-33
0,71550	-33
0,71617	-33
0,71683	-33
0,71750	-33
0,71817	-33
0,71883	-32
0,71950	-32
0,72017	-32
0,72083	-32
0,72150	-31
0,72217	-31
0,72283	-31
0,72350	-31
0,72417	-30
0,72483	-30
0,72550	-30
0,72617	-30
0,72683	-30
0,72750	-30
0,72817	-30
0,72883	-30
0,72950	-30
0,73017	-29
0,73083	-29
0,73150	-29
0,73217	-29
0,73283	-29
0,73350	-29
0,73417	-29
0,73483	-29
0,73550	-29
0,73617	-29
0,73683	-29
0,73750	-29
0,73817	-30
0,73883	-30
0,73950	-30
0,74017	-30
0,74083	-30
0,74150	-30
0,74217	-30
0,74283	-30
0,74350	-30
0,74417	-29
0,74483	-29
0,74550	-29
0,74617	-29
0,74683	-29
0,74750	-30
0,74817	-30
0,74883	-30
0,74950	-30
0,75017	-30
0,75083	-30
0,75150	-30
0,75217	-29
0,75283	-29
0,75350	-29
0,75417	-29
0,75483	-29
0,75550	-29
0,75617	-29
0,75683	-29
0,75750	-30
0,75817	-30
0,75883	-30
0,75950	-30
0,76017	-31
0,76083	-31
0,76150	-31
0,76217	-32
0,76283	-32
0,76350	-33
0,76417	-33
0,76483	-33
0,76550	-34
0,76617	-34
0,76683	-34
0,76750	-35
0,76817	-35
0,76883	-35
0,76950	-36
0,77017	-36
0,77083	-36
0,77150	-36
0,77217	-36
0,77283	-36
0,77350	-35
0,77417	-35
0,77483	-35
0,77550	-35
0,77617	-35
0,77683	-35
0,77750	-34
0,77817	-34
0,77883	-34
0,77950	-34
0,78017	-34
0,78083	-34
0,78150	-34
0,78217	-34
0,78283	-34
0,78350	-34
0,78417	-34
0,78483	-34
0,78550	-34
0,78617	-34
0,78683	-34
0,78750	-33
0,78817	-33
0,78883	-33
0,78950	-33
0,79017	-33
0,79083	-34
0,79150	-34
0,79217	-34
0,79283	-34
0,79350	-34
0,79417	-34
0,79483	-34
0,79550	-33
0,79617	-33
0,79683	-33
0,79750	-32
0,79817	-32
0,79883	-32
0,79950	-32
0,80017	-32
0,80083	-32
0,80150	-32
0,80217	-31
0,80283	-31
0,80350	-31
0,80417	-31
0,80483	-31
0,80550	-31
0,80617	-31
0,80683	-31
0,80750	-31
0,80817	-31
0,80883	-31
0,80950	-31
0,81017	-31
0,81083	-32
0,81150	-32
0,81217	-32
0,81283	-32
0,81350	-32
0,81417	-32
0,81483	-32
0,81550	-33
0,81617	-33
0,81683	-32
0,81750	-32
0,81817	-32
0,81883	-32
0,81950	-32
0,82017	-32
0,82083	-32
0,82150	-32
0,82217	-33
0,82283	-33
0,82350	-33
0,82417	-33
0,82483	-33
0,82550	-33
0,82617	-34
0,82683	-34
0,82750	-34
0,82817	-34
0,82883	-34
0,82950	-34
0,83017	-34
0,83083	-34
0,83150	-34
0,83217	-34
0,83283	-35
0,83350	-35
0,83417	-35
0,83483	-34
0,83550	-34
0,83617	-34
0,83683	-34
0,83750	-34
0,83817	-34
0,83883	-34
0,83950	-34
0,84017	-34
0,84083	-34
0,84150	-33
0,84217	-33
0,84283	-33
0,84350	-33
0,84417	-33
0,84483	-33
0,84550	-33
0,84617	-33
0,84683	-33
0,84750	-33
0,84817	-32
0,84883	-32
0,84950	-32
0,85017	-32
0,85083	-32
0,85150	-31
0,85217	-31
0,85283	-31
0,85350	-31
0,85417	-31
0,85483	-31
0,85550	-31
0,85617	-31
0,85683	-31
0,85750	-31
0,85817	-31
0,85883	-31
0,85950	-31
0,86017	-31
0,86083	-31
0,86150	-31
0,86217	-31
0,86283	-31
0,86350	-31
0,86417	-31
0,86483	-31
0,86550	-31
0,86617	-31
0,86683	-31
0,86750	-31
0,86817	-31
0,86883	-31
0,86950	-31
0,87017	-31
0,87083	-31
0,87150	-31
0,87217	-31
0,87283	-31
0,87350	-31
0,87417	-31
0,87483	-31
0,87550	-31
0,87617	-31
0,87683	-31
0,87750	-31
0,87817	-31
0,87883	-31
0,87950	-31
0,88017	-30
0,88083	-30
0,88150	-30
0,88217	-30
0,88283	-29
0,88350	-29
0,88417	-29
0,88483	-29
0,88550	-29
0,88617	-29
0,88683	-29
0,88750	-29
0,88817	-29
0,88883	-28
0,88950	-28
0,89017	-28
0,89083	-28
0,89150	-28
0,89217	-28
0,89283	-28
0,89350	-28
0,89417	-28
0,89483	-29
0,89550	-29
0,89617	-29
0,89683	-29
0,89750	-29
0,89817	-29
0,89883	-29
0,89950	-29
0,90017	-29
0,90083	-29
0,90150	-29
0,90217	-30
0,90283	-30
0,90350	-30
0,90417	-30
0,90483	-30
0,90550	-30
0,90617	-31
0,90683	-31
0,90750	-31
0,90817	-31
0,90883	-31
0,90950	-32
0,91017	-32
0,91083	-32
0,91150	-32
0,91217	-32
0,91283	-32
0,91350	-32
0,91417	-32
0,91483	-32
0,91550	-33
0,91617	-33
0,91683	-33
0,91750	-33
0,91817	-33
0,91883	-33
0,91950	-33
0,92017	-33
0,92083	-33
0,92150	-33
0,92217	-33
0,92283	-33
0,92350	-33
0,92417	-33
0,92483	-33
0,92550	-33
0,92617	-33
0,92683	-32
0,92750	-32
0,92817	-32
0,92883	-31
0,92950	-31
0,93017	-31
0,93083	-31
0,93150	-31
0,93217	-30
0,93283	-30
0,93350	-30
0,93417	-30
0,93483	-29
0,93550	-29
0,93617	-29
0,93683	-28
0,93750	-28
0,93817	-28
0,93883	-28
0,93950	-28
0,94017	-28
0,94083	-27
0,94150	-27
0,94217	-27
0,94283	-26
0,94350	-26
0,94417	-26
0,94483	-26
0,94550	-25
0,94617	-25
0,94683	-25
0,94750	-25
0,94817	-25
0,94883	-25
0,94950	-25
0,95017	-25
0,95083	-25
0,95150	-25
0,95217	-25
0,95283	-25
0,95350	-25
0,95417	-25
0,95483	-25
0,95550	-25
0,95617	-25
0,95683	-25
0,95750	-25
0,95817	-25
0,95883	-26
0,95950	-26
0,96017	-26
0,96083	-26
0,96150	-26
0,96217	-26
0,96283	-26
0,96350	-26
0,96417	-25
0,96483	-25
0,96550	-25
0,96617	-25
0,96683	-25
0,96750	-24
0,96817	-24
0,96883	-24
0,96950	-25
0,97017	-25
0,97083	-25
0,97150	-25
0,97217	-25
0,97283	-25
0,97350	-25
0,97417	-26
0,97483	-26
0,97550	-26
0,97617	-25
0,97683	-25
0,97750	-25
0,97817	-25
0,97883	-25
0,97950	-25
0,98017	-25
0,98083	-25
0,98150	-25
0,98217	-25
0,98283	-25
0,98350	-25
0,98417	-25
0,98483	-25
0,98550	-25
0,98617	-25
0,98683	-26
0,98750	-26
0,98817	-26
0,98883	-26
0,98950	-27
0,99017	-27
0,99083	-27
0,99150	-27
0,99217	-28
0,99283	-28
0,99350	-28
0,99417	-28
0,99483	-28
0,99550	-28
0,99617	-28
0,99683	-28
0,99750	-29
0,99817	-29
0,99883	-29
0,99950	-29
1,00017	-29
1,00083	-29
1,00150	-29
1,00217	-29
1,00283	-29
1,00350	-29
1,00417	-30
1,00483	-30
1,00550	-30
1,00617	-31
1,00683	-30
1,00750	-30
1,00817	-30
1,00883	-30
1,00950	-30
1,01017	-29
1,01083	-29
1,01150	-29
1,01217	-29
1,01283	-29
1,01350	-29
1,01417	-29
1,01483	-29
1,01550	-29
1,01617	-29
1,01683	-29
1,01750	-28
1,01817	-28
1,01883	-28
1,01950	-28
1,02017	-28
1,02083	-28
1,02150	-28
1,02217	-28
1,02283	-28
1,02350	-28
1,02417	-28
1,02483	-29
1,02550	-29
1,02617	-29
1,02683	-29
1,02750	-29
1,02817	-30
1,02883	-30
1,02950	-30
1,03017	-31
1,03083	-31
1,03150	-31
1,03217	-31
1,03283	-31
1,03350	-31
1,03417	-30
1,03483	-30
1,03550	-30
1,03617	-30
1,03683	-30
1,03750	-29
1,03817	-29
1,03883	-29
1,03950	-28
1,04017	-28
1,04083	-28
1,04150	-27
1,04217	-27
1,04283	-27
1,04350	-27
1,04417	-27
1,04483	-27
1,04550	-27
1,04617	-28
1,04683	-28
1,04750	-28
1,04817	-28
1,04883	-27
1,04950	-27
1,05017	-27
1,05083	-27
1,05150	-27
1,05217	-26
1,05283	-26
1,05350	-26
1,05417	-26
1,05483	-26
1,05550	-26
1,05617	-26
1,05683	-26
1,05750	-26
1,05817	-26
1,05883	-26
1,05950	-26
1,06017	-26
1,06083	-26
1,06150	-26
1,06217	-26
1,06283	-26
1,06350	-25
1,06417	-25
1,06483	-25
1,06550	-25
1,06617	-26
1,06683	-26
1,06750	-26
1,06817	-26
1,06883	-26
1,06950	-26
1,07017	-26
1,07083	-26
1,07150	-27
1,07217	-27
1,07283	-27
1,07350	-26
1,07417	-26
1,07483	-26
1,07550	-27
1,07617	-27
1,07683	-27
1,07750	-27
1,07817	-27
1,07883	-28
1,07950	-28
1,08017	-28
1,08083	-28
1,08150	-28
1,08217	-29
1,08283	-29
1,08350	-29
1,08417	-29
1,08483	-29
1,08550	-29
1,08617	-29
1,08683	-29
1,08750	-29
1,08817	-29
1,08883	-29
1,08950	-29
1,09017	-29
1,09083	-29
1,09150	-28
1,09217	-28
1,09283	-28
1,09350	-28
1,09417	-28
1,09483	-28
1,09550	-28
1,09617	-28
1,09683	-28
1,09750	-28
1,09817	-28
1,09883	-28
1,09950	-29
1,10017	-29
1,10083	-29
1,10150	-29
1,10217	-29
1,10283	-29
1,10350	-29
1,10417	-29
1,10483	-29
1,10550	-29
1,10617	-29
1,10683	-29
1,10750	-29
1,10817	-30
1,10883	-30
1,10950	-30
1,11017	-30
1,11083	-30
1,11150	-30
1,11217	-29
1,11283	-29
1,11350	-29
1,11417	-29
1,11483	-29
1,11550	-30
1,11617	-30
1,11683	-30
1,11750	-30
1,11817	-30
1,11883	-30
1,11950	-31
1,12017	-31
1,12083	-31
1,12150	-31
1,12217	-30
1,12283	-30
1,12350	-30
1,12417	-30
1,12483	-30
1,12550	-30
1,12617	-30
1,12683	-30
1,12750	-30
1,12817	-30
1,12883	-29
1,12950	-29
1,13017	-29
1,13083	-29
1,13150	-29
1,13217	-29
1,13283	-29
1,13350	-30
1,13417	-30
1,13483	-30
1,13550	-30
1,13617	-30
1,13683	-30
1,13750	-30
1,13817	-29
1,13883	-29
1,13950	-28
1,14017	-28
1,14083	-27
1,14150	-26
1,14217	-24
1,14283	-22
1,14350	-19
1,14417	-16
1,14483	-12
1,14550	-8
1,14617	-3
1,14683	2
1,14750	8
1,14817	14
1,14883	20
1,14950	26
1,15017	32
1,15083	38
1,15150	43
1,15217	48
1,15283	52
1,15350	56
1,15417	59
1,15483	62
1,15550	64
1,15617	65
1,15683	66
1,15750	66
1,15817	65
1,15883	64
1,15950	62
1,16017	61
1,16083	58
1,16150	56
1,16217	53
1,16283	50
1,16350	47
1,16417	44
1,16483	40
1,16550	37
1,16617	34
1,16683	31
1,16750	28
1,16817	25
1,16883	22
1,16950	19
1,17017	17
1,17083	14
1,17150	12
1,17217	10
1,17283	7
1,17350	6
1,17417	4
1,17483	2
1,17550	1
1,17617	-1
1,17683	-2
1,17750	-3
1,17817	-5
1,17883	-6
1,17950	-7
1,18017	-8
1,18083	-8
1,18150	-9
1,18217	-10
1,18283	-10
1,18350	-10
1,18417	-10
1,18483	-10
1,18550	-10
1,18617	-9
1,18683	-9
1,18750	-8
1,18817	-8
1,18883	-8
1,18950	-7
1,19017	-7
1,19083	-6
1,19150	-5
1,19217	-3
1,19283	-1
1,19350	2
1,19417	6
1,19483	12
1,19550	20
1,19617	30
1,19683	44
1,19750	62
1,19817	87
1,19883	121
1,19950	169
1,20017	236
1,20083	331
1,20150	465
1,20217	650
1,20283	898
1,20350	1220
1,20417	1620
1,20483	2098
1,20550	2647
1,20617	3250
1,20683	3887
1,20750	4535
1,20817	5168
1,20883	5763
1,20950	6299
1,21017	6760
1,21083	7137
1,21150	7425
1,21217	7624
1,21283	7738
1,21350	7773
1,21417	7738
1,21483	7641
1,21550	7492
1,21617	7301
1,21683	7075
1,21750	6824
1,21817	6553
1,21883	6270
1,21950	5979
1,22017	5684
1,22083	5390
1,22150	5098
1,22217	4813
1,22283	4534
1,22350	4265
1,22417	4005
1,22483	3756
1,22550	3519
1,22617	3292
1,22683	3077
1,22750	2873
1,22817	2681
1,22883	2500
1,22950	2329
1,23017	2169
1,23083	2018
1,23150	1878
1,23217	1746
1,23283	1623
1,23350	1509
1,23417	1402
1,23483	1302
1,23550	1210
1,23617	1123
1,23683	1043
1,23750	969
1,23817	900
1,23883	836
1,23950	776
1,24017	722
1,24083	671
1,24150	624
1,24217	580
1,24283	540
1,24350	502
1,24417	467
1,24483	435
1,24550	405
1,24617	378
1,24683	352
1,24750	328
1,24817	306
1,24883	285
1,24950	266
1,25017	248
1,25083	231
1,25150	216
1,25217	202
1,25283	188
1,25350	176
1,25417	164
1,25483	153
1,25550	143
1,25617	134
1,25683	125
1,25750	116
1,25817	108
1,25883	101
1,25950	94
1,26017	88
1,26083	82
1,26150	76
1,26217	71
1,26283	66
1,26350	62
1,26417	57
1,26483	53
1,26550	49
1,26617	46
1,26683	42
1,26750	39
1,26817	36
1,26883	33
1,26950	30
1,27017	28
1,27083	26
1,27150	24
1,27217	22
1,27283	20
1,27350	18
1,27417	17
1,27483	15
1,27550	14
1,27617	13
1,27683	13
1,27750	14
1,27817	15
1,27883	18
1,27950	22
1,28017	28
1,28083	36
1,28150	45
1,28217	58
1,28283	72
1,28350	89
1,28417	109
1,28483	130
1,28550	155
1,28617	181
1,28683	209
1,28750	238
1,28817	269
1,28883	300
1,28950	332
1,29017	364
1,29083	397
1,29150	428
1,29217	458
1,29283	488
1,29350	516
1,29417	542
1,29483	566
1,29550	589
1,29617	609
1,29683	627
1,29750	642
1,29817	655
1,29883	665
1,29950	672
1,30017	676
1,30083	677
1,30150	675
1,30217	670
1,30283	662
1,30350	652
1,30417	638
1,30483	623
1,30550	605
1,30617	585
1,30683	564
1,30750	541
1,30817	518
1,30883	494
1,30950	469
1,31017	444
1,31083	419
1,31150	395
1,31217	371
1,31283	347
1,31350	325
1,31417	305
1,31483	287
1,31550	274
1,31617	268
1,31683	275
1,31750	304
1,31817	374
1,31883	513
1,31950	769
1,32017	1206
1,32083	1904
1,32150	2953
1,32217	4453
1,32283	6497
1,32350	9176
1,32417	12553
1,32483	16670
1,32550	21525
1,32617	27082
1,32683	33260
1,32750	39944
1,32817	46992
1,32883	54241
1,32950	61515
1,33017	68636
1,33083	75438
1,33150	81768
1,33217	87493
1,33283	92504
1,33350	96717
1,33417	100076
1,33483	102551
1,33550	104140
1,33617	104865
1,33683	104768
1,33750	103909
1,33817	102363
1,33883	100214
1,33950	97549
1,34017	94456
1,34083	91022
1,34150	87326
1,34217	83444
1,34283	79441
1,34350	75377
1,34417	71302
1,34483	67258
1,34550	63281
1,34617	59399
1,34683	55634
1,34750	52005
1,34817	48523
1,34883	45198
1,34950	42035
1,35017	39036
1,35083	36203
1,35150	33533
1,35217	31024
1,35283	28672
1,35350	26471
1,35417	24416
1,35483	22501
1,35550	20718
1,35617	19062
1,35683	17526
1,35750	16103
1,35817	14785
1,35883	13568
1,35950	12444
1,36017	11408
1,36083	10453
1,36150	9574
1,36217	8765
1,36283	8022
1,36350	7340
1,36417	6713
1,36483	6139
1,36550	5613
1,36617	5131
1,36683	4690
1,36750	4286
1,36817	3917
1,36883	3580
1,36950	3272
1,37017	2990
1,37083	2734
1,37150	2499
1,37217	2285
1,37283	2090
1,37350	1912
1,37417	1750
1,37483	1603
1,37550	1468
1,37617	1345
1,37683	1233
1,37750	1131
1,37817	1038
1,37883	954
1,37950	877
1,38017	807
1,38083	743
1,38150	685
1,38217	632
1,38283	583
1,38350	539
1,38417	498
1,38483	461
1,38550	427
1,38617	396
1,38683	368
1,38750	342
1,38817	318
1,38883	296
1,38950	276
1,39017	258
1,39083	241
1,39150	226
1,39217	212
1,39283	199
1,39350	187
1,39417	176
1,39483	166
1,39550	157
1,39617	149
1,39683	141
1,39750	134
1,39817	127
1,39883	121
1,39950	115
1,40017	109
1,40083	104
1,40150	100
1,40217	95
1,40283	91
1,40350	88
1,40417	84
1,40483	81
1,40550	78
1,40617	75
1,40683	72
1,40750	69
1,40817	67
1,40883	64
1,40950	62
1,41017	60
1,41083	58
1,41150	56
1,41217	54
1,41283	52
1,41350	50
1,41417	49
1,41483	47
1,41550	46
1,41617	44
1,41683	43
1,41750	42
1,41817	41
1,41883	40
1,41950	39
1,42017	38
1,42083	37
1,42150	37
1,42217	36
1,42283	36
1,42350	36
1,42417	36
1,42483	36
1,42550	36
1,42617	36
1,42683	36
1,42750	36
1,42817	36
1,42883	36
1,42950	36
1,43017	36
1,43083	36
1,43150	36
1,43217	37
1,43283	38
1,43350	39
1,43417	42
1,43483	46
1,43550	51
1,43617	58
1,43683	68
1,43750	82
1,43817	99
1,43883	120
1,43950	146
1,44017	177
1,44083	212
1,44150	252
1,44217	296
1,44283	343
1,44350	393
1,44417	443
1,44483	493
1,44550	541
1,44617	587
1,44683	629
1,44750	667
1,44817	699
1,44883	726
1,44950	746
1,45017	761
1,45083	769
1,45150	772
1,45217	768
1,45283	760
1,45350	747
1,45417	730
1,45483	710
1,45550	686
1,45617	660
1,45683	633
1,45750	604
1,45817	574
1,45883	544
1,45950	514
1,46017	484
1,46083	454
1,46150	425
1,46217	397
1,46283	370
1,46350	344
1,46417	320
1,46483	296
1,46550	274
1,46617	254
1,46683	234
1,46750	216
1,46817	199
1,46883	183
1,46950	168
1,47017	155
1,47083	142
1,47150	130
1,47217	120
1,47283	109
1,47350	100
1,47417	92
1,47483	84
1,47550	77
1,47617	70
1,47683	64
1,47750	58
1,47817	53
1,47883	48
1,47950	44
1,48017	40
1,48083	36
1,48150	32
1,48217	29
1,48283	26
1,48350	23
1,48417	21
1,48483	19
1,48550	17
1,48617	15
1,48683	14
1,48750	13
1,48817	11
1,48883	10
1,48950	9
1,49017	8
1,49083	8
1,49150	7
1,49217	6
1,49283	6
1,49350	5
1,49417	5
1,49483	4
1,49550	4
1,49617	4
1,49683	4
1,49750	4
1,49817	4
1,49883	4
1,49950	4
1,50017	4
1,50083	5
1,50150	5
1,50217	5
1,50283	5
1,50350	5
1,50417	5
1,50483	5
1,50550	6
1,50617	6
1,50683	7
1,50750	7
1,50817	8
1,50883	9
1,50950	10
1,51017	12
1,51083	13
1,51150	14
1,51217	16
1,51283	17
1,51350	18
1,51417	20
1,51483	21
1,51550	22
1,51617	24
1,51683	25
1,51750	27
1,51817	30
1,51883	34
1,51950	39
1,52017	45
1,52083	54
1,52150	66
1,52217	82
1,52283	102
1,52350	127
1,52417	158
1,52483	195
1,52550	238
1,52617	287
1,52683	341
1,52750	400
1,52817	463
1,52883	529
1,52950	596
1,53017	663
1,53083	728
1,53150	790
1,53217	847
1,53283	899
1,53350	944
1,53417	983
1,53483	1014
1,53550	1037
1,53617	1052
1,53683	1059
1,53750	1058
1,53817	1051
1,53883	1037
1,53950	1018
1,54017	995
1,54083	970
1,54150	946
1,54217	928
1,54283	927
1,54350	964
1,54417	1080
1,54483	1355
1,54550	1924
1,54617	3000
1,54683	4898
1,54750	8080
1,54817	13202
1,54883	21153
1,54950	33131
1,55017	50582
1,55083	75349
1,55150	109548
1,55217	155643
1,55283	216057
1,55350	293450
1,55417	390260
1,55483	508747
1,55550	650516
1,55617	816759
1,55683	1007672
1,55750	1222721
1,55817	1460070
1,55883	1716834
1,55950	1989004
1,56017	2271592
1,56083	2558805
1,56150	2844461
1,56217	3122155
1,56283	3385612
1,56350	3629045
1,56417	3847361
1,56483	4036238
1,56550	4192441
1,56617	4313710
1,56683	4398960
1,56750	4448001
1,56817	4461768
1,56883	4441933
1,56950	4391044
1,57017	4312089
1,57083	4208553
1,57150	4084075
1,57217	3942435
1,57283	3787305
1,57350	3622192
1,57417	3450286
1,57483	3274446
1,57550	3097147
1,57617	2920500
1,57683	2746249
1,57750	2575810
1,57817	2410302
1,57883	2250588
1,57950	2097300
1,58017	1950882
1,58083	1811613
1,58150	1679641
1,58217	1555002
1,58283	1437643
1,58350	1327441
1,58417	1224214
1,58483	1127740
1,58550	1037764
1,58617	954008
1,58683	876179
1,58750	803977
1,58817	737094
1,58883	675229
1,58950	618079
1,59017	565351
1,59083	516759
1,59150	472030
1,59217	430897
1,59283	393110
1,59350	358428
1,59417	326625
1,59483	297486
1,59550	270809
1,59617	246406
1,59683	224098
1,59750	203719
1,59817	185116
1,59883	168145
1,59950	152671
1,60017	138571
1,60083	125731
1,60150	114043
1,60217	103411
1,60283	93742
1,60350	84955
1,60417	76973
1,60483	69724
1,60550	63144
1,60617	57174
1,60683	51760
1,60750	46851
1,60817	42402
1,60883	38371
1,60950	34720
1,61017	31414
1,61083	28421
1,61150	25713
1,61217	23263
1,61283	21048
1,61350	19044
1,61417	17233
1,61483	15596
1,61550	14117
1,61617	12780
1,61683	11573
1,61750	10482
1,61817	9498
1,61883	8609
1,61950	7806
1,62017	7082
1,62083	6428
1,62150	5837
1,62217	5305
1,62283	4824
1,62350	4390
1,62417	3998
1,62483	3645
1,62550	3326
1,62617	3039
1,62683	2779
1,62750	2545
1,62817	2334
1,62883	2143
1,62950	1971
1,63017	1816
1,63083	1675
1,63150	1548
1,63217	1434
1,63283	1330
1,63350	1236
1,63417	1151
1,63483	1074
1,63550	1004
1,63617	941
1,63683	884
1,63750	831
1,63817	784
1,63883	740
1,63950	701
1,64017	664
1,64083	631
1,64150	600
1,64217	572
1,64283	546
1,64350	522
1,64417	500
1,64483	479
1,64550	460
1,64617	442
1,64683	426
1,64750	410
1,64817	396
1,64883	383
1,64950	370
1,65017	359
1,65083	348
1,65150	338
1,65217	328
1,65283	319
1,65350	311
1,65417	303
1,65483	295
1,65550	288
1,65617	281
1,65683	275
1,65750	269
1,65817	263
1,65883	257
1,65950	252
1,66017	247
1,66083	242
1,66150	237
1,66217	232
1,66283	228
1,66350	223
1,66417	219
1,66483	215
1,66550	211
1,66617	208
1,66683	204
1,66750	201
1,66817	197
1,66883	194
1,66950	191
1,67017	188
1,67083	185
1,67150	182
1,67217	179
1,67283	176
1,67350	173
1,67417	171
1,67483	168
1,67550	165
1,67617	163
1,67683	160
1,67750	158
1,67817	156
1,67883	154
1,67950	152
1,68017	150
1,68083	148
1,68150	146
1,68217	144
1,68283	142
1,68350	140
1,68417	139
1,68483	137
1,68550	135
1,68617	133
1,68683	132
1,68750	130
1,68817	128
1,68883	127
1,68950	125
1,69017	124
1,69083	122
1,69150	121
1,69217	120
1,69283	118
1,69350	117
1,69417	116
1,69483	114
1,69550	113
1,69617	112
1,69683	110
1,69750	109
1,69817	108
1,69883	107
1,69950	105
1,70017	104
1,70083	103
1,70150	101
1,70217	100
1,70283	98
1,70350	97
1,70417	95
1,70483	94
1,70550	92
1,70617	91
1,70683	89
1,70750	88
1,70817	87
1,70883	85
1,70950	84
1,71017	83
1,71083	82
1,71150	81
1,71217	79
1,71283	78
1,71350	77
1,71417	76
1,71483	74
1,71550	73
1,71617	72
1,71683	71
1,71750	70
1,71817	69
1,71883	68
1,71950	67
1,72017	66
1,72083	66
1,72150	65
1,72217	64
1,72283	64
1,72350	63
1,72417	62
1,72483	62
1,72550	61
1,72617	61
1,72683	60
1,72750	59
1,72817	59
1,72883	58
1,72950	57
1,73017	56
1,73083	55
1,73150	55
1,73217	54
1,73283	53
1,73350	53
1,73417	53
1,73483	52
1,73550	52
1,73617	52
1,73683	51
1,73750	51
1,73817	51
1,73883	50
1,73950	50
1,74017	49
1,74083	48
1,74150	48
1,74217	47
1,74283	47
1,74350	47
1,74417	46
1,74483	46
1,74550	46
1,74617	45
1,74683	45
1,74750	44
1,74817	44
1,74883	43
1,74950	43
1,75017	42
1,75083	42
1,75150	42
1,75217	42
1,75283	41
1,75350	41
1,75417	41
1,75483	40
1,75550	40
1,75617	40
1,75683	40
1,75750	39
1,75817	39
1,75883	39
1,75950	39
1,76017	39
1,76083	39
1,76150	39
1,76217	40
1,76283	40
1,76350	41
1,76417	42
1,76483	43
1,76550	44
1,76617	45
1,76683	45
1,76750	46
1,76817	47
1,76883	47
1,76950	47
1,77017	48
1,77083	47
1,77150	47
1,77217	47
1,77283	46
1,77350	45
1,77417	44
1,77483	43
1,77550	42
1,77617	41
1,77683	40
1,77750	39
1,77817	38
1,77883	37
1,77950	36
1,78017	35
1,78083	34
1,78150	33
1,78217	32
1,78283	31
1,78350	30
1,78417	29
1,78483	28
1,78550	27
1,78617	26
1,78683	25
1,78750	25
1,78817	24
1,78883	23
1,78950	22
1,79017	22
1,79083	21
1,79150	20
1,79217	20
1,79283	19
1,79350	19
1,79417	18
1,79483	18
1,79550	17
1,79617	17
1,79683	17
1,79750	16
1,79817	16
1,79883	16
1,79950	16
1,80017	16
1,80083	15
1,80150	15
1,80217	15
1,80283	14
1,80350	14
1,80417	14
1,80483	13
1,80550	13
1,80617	13
1,80683	13
1,80750	13
1,80817	13
1,80883	13
1,80950	13
1,81017	13
1,81083	13
1,81150	13
1,81217	12
1,81283	12
1,81350	12
1,81417	12
1,81483	12
1,81550	12
1,81617	12
1,81683	13
1,81750	13
1,81817	13
1,81883	13
1,81950	13
1,82017	14
1,82083	14
1,82150	14
1,82217	14
1,82283	14
1,82350	14
1,82417	14
1,82483	14
1,82550	14
1,82617	14
1,82683	14
1,82750	14
1,82817	14
1,82883	14
1,82950	14
1,83017	13
1,83083	13
1,83150	13
1,83217	13
1,83283	13
1,83350	12
1,83417	12
1,83483	11
1,83550	11
1,83617	10
1,83683	10
1,83750	10
1,83817	10
1,83883	9
1,83950	9
1,84017	9
1,84083	9
1,84150	9
1,84217	9
1,84283	9
1,84350	8
1,84417	8
1,84483	8
1,84550	8
1,84617	8
1,84683	8
1,84750	8
1,84817	8
1,84883	7
1,84950	7
1,85017	7
1,85083	7
1,85150	7
1,85217	6
1,85283	6
1,85350	6
1,85417	6
1,85483	5
1,85550	5
1,85617	5
1,85683	5
1,85750	5
1,85817	5
1,85883	5
1,85950	6
1,86017	6
1,86083	7
1,86150	8
1,86217	11
1,86283	16
1,86350	25
1,86417	41
1,86483	69
1,86550	117
1,86617	197
1,86683	324
1,86750	522
1,86817	819
1,86883	1245
1,86950	1834
1,87017	2618
1,87083	3634
1,87150	4914
1,87217	6490
1,87283	8392
1,87350	10642
1,87417	13262
1,87483	16268
1,87550	19674
1,87617	23491
1,87683	27725
1,87750	32376
1,87817	37445
1,87883	42931
1,87950	48833
1,88017	55143
1,88083	61851
1,88150	68941
1,88217	76400
1,88283	84211
1,88350	92352
1,88417	100799
1,88483	109535
1,88550	118547
1,88617	127818
1,88683	137332
1,88750	147056
1,88817	156947
1,88883	166962
1,88950	177030
1,89017	187027
1,89083	196766
1,89150	205990
1,89217	214346
1,89283	221438
1,89350	226884
1,89417	230402
1,89483	231839
1,89550	231210
1,89617	228652
1,89683	224389
1,89750	218684
1,89817	211807
1,89883	204015
1,89950	195545
1,90017	186603
1,90083	177371
1,90150	168000
1,90217	158616
1,90283	149324
1,90350	140208
1,90417	131333
1,90483	122750
1,90550	114498
1,90617	106602
1,90683	99080
1,90750	91944
1,90817	85195
1,90883	78834
1,90950	72854
1,91017	67248
1,91083	62003
1,91150	57107
1,91217	52546
1,91283	48305
1,91350	44367
1,91417	40716
1,91483	37337
1,91550	34213
1,91617	31329
1,91683	28669
1,91750	26219
1,91817	23965
1,91883	21892
1,91950	19988
1,92017	18240
1,92083	16638
1,92150	15170
1,92217	13826
1,92283	12597
1,92350	11473
1,92417	10446
1,92483	9508
1,92550	8652
1,92617	7871
1,92683	7160
1,92750	6512
1,92817	5921
1,92883	5384
1,92950	4895
1,93017	4450
1,93083	4046
1,93150	3678
1,93217	3344
1,93283	3041
1,93350	2766
1,93417	2515
1,93483	2289
1,93550	2083
1,93617	1896
1,93683	1727
1,93750	1573
1,93817	1434
1,93883	1308
1,93950	1194
1,94017	1090
1,94083	996
1,94150	911
1,94217	833
1,94283	763
1,94350	699
1,94417	642
1,94483	590
1,94550	542
1,94617	500
1,94683	461
1,94750	426
1,94817	394
1,94883	366
1,94950	339
1,95017	316
1,95083	294
1,95150	274
1,95217	256
1,95283	240
1,95350	225
1,95417	211
1,95483	199
1,95550	188
1,95617	177
1,95683	168
1,95750	159
1,95817	151
1,95883	144
1,95950	137
1,96017	131
1,96083	125
1,96150	120
1,96217	115
1,96283	110
1,96350	106
1,96417	102
1,96483	98
1,96550	95
1,96617	92
1,96683	89
1,96750	87
1,96817	84
1,96883	82
1,96950	80
1,97017	78
1,97083	76
1,97150	74
1,97217	72
1,97283	70
1,97350	69
1,97417	67
1,97483	65
1,97550	64
1,97617	62
1,97683	60
1,97750	59
1,97817	57
1,97883	56
1,97950	55
1,98017	53
1,98083	52
1,98150	52
1,98217	50
1,98283	49
1,98350	48
1,98417	47
1,98483	46
1,98550	45
1,98617	44
1,98683	43
1,98750	42
1,98817	41
1,98883	41
1,98950	40
1,99017	39
1,99083	39
1,99150	38
1,99217	38
1,99283	37
1,99350	36
1,99417	35
1,99483	34
1,99550	34
1,99617	33
1,99683	32
1,99750	31
1,99817	31
1,99883	30
1,99950	30
2,00017	29
2,00083	29
2,00150	28
2,00217	27
2,00283	27
2,00350	27
2,00417	26
2,00483	26
2,00550	26
2,00617	25
2,00683	25
2,00750	25
2,00817	25
2,00883	24
2,00950	24
2,01017	24
2,01083	24
2,01150	24
2,01217	23
2,01283	23
2,01350	23
2,01417	23
2,01483	23
2,01550	23
2,01617	23
2,01683	23
2,01750	23
2,01817	24
2,01883	24
2,01950	24
2,02017	25
2,02083	25
2,02150	26
2,02217	26
2,02283	27
2,02350	28
2,02417	28
2,02483	29
2,02550	30
2,02617	31
2,02683	32
2,02750	33
2,02817	34
2,02883	35
2,02950	36
2,03017	38
2,03083	39
2,03150	40
2,03217	42
2,03283	43
2,03350	44
2,03417	45
2,03483	47
2,03550	48
2,03617	48
2,03683	49
2,03750	50
2,03817	50
2,03883	50
2,03950	50
2,04017	49
2,04083	49
2,04150	48
2,04217	48
2,04283	47
2,04350	47
2,04417	46
2,04483	45
2,04550	44
2,04617	43
2,04683	42
2,04750	40
2,04817	39
2,04883	37
2,04950	35
2,05017	34
2,05083	32
2,05150	30
2,05217	29
2,05283	27
2,05350	26
2,05417	24
2,05483	23
2,05550	21
2,05617	20
2,05683	19
2,05750	18
2,05817	17
2,05883	15
2,05950	14
2,06017	13
2,06083	12
2,06150	11
2,06217	11
2,06283	10
2,06350	10
2,06417	9
2,06483	8
2,06550	8
2,06617	8
2,06683	7
2,06750	7
2,06817	7
2,06883	7
2,06950	6
2,07017	6
2,07083	6
2,07150	5
2,07217	5
2,07283	5
2,07350	4
2,07417	4
2,07483	4
2,07550	4
2,07617	4
2,07683	3
2,07750	3
2,07817	3
2,07883	2
2,07950	2
2,08017	2
2,08083	1
2,08150	1
2,08217	0
2,08283	0
2,08350	-1
2,08417	-1
2,08483	-1
2,08550	-2
2,08617	-2
2,08683	-2
2,08750	-2
2,08817	-2
2,08883	-3
2,08950	-3
2,09017	-3
2,09083	-3
2,09150	-3
2,09217	-4
2,09283	-4
2,09350	-4
2,09417	-4
2,09483	-4
2,09550	-4
2,09617	-4
2,09683	-4
2,09750	-3
2,09817	-3
2,09883	-3
2,09950	-3
2,10017	-4
2,10083	-4
2,10150	-4
2,10217	-4
2,10283	-4
2,10350	-4
2,10417	-5
2,10483	-5
2,10550	-5
2,10617	-6
2,10683	-6
2,10750	-5
2,10817	-5
2,10883	-5
2,10950	-5
2,11017	-4
2,11083	-4
2,11150	-4
2,11217	-5
2,11283	-5
2,11350	-5
2,11417	-5
2,11483	-5
2,11550	-5
2,11617	-5
2,11683	-5
2,11750	-6
2,11817	-6
2,11883	-6
2,11950	-6
2,12017	-7
2,12083	-7
2,12150	-7
2,12217	-7
2,12283	-8
2,12350	-8
2,12417	-9
2,12483	-9
2,12550	-9
2,12617	-10
2,12683	-10
2,12750	-10
2,12817	-10
2,12883	-10
2,12950	-10
2,13017	-10
2,13083	-10
2,13150	-10
2,13217	-10
2,13283	-10
2,13350	-10
2,13417	-10
2,13483	-10
2,13550	-11
2,13617	-11
2,13683	-11
2,13750	-11
2,13817	-11
2,13883	-11
2,13950	-11
2,14017	-11
2,14083	-11
2,14150	-11
2,14217	-11
2,14283	-11
2,14350	-11
2,14417	-10
2,14483	-10
2,14550	-10
2,14617	-10
2,14683	-10
2,14750	-10
2,14817	-9
2,14883	-9
2,14950	-9
2,15017	-9
2,15083	-9
2,15150	-8
2,15217	-8
2,15283	-8
2,15350	-8
2,15417	-8
2,15483	-8
2,15550	-8
2,15617	-8
2,15683	-8
2,15750	-8
2,15817	-7
2,15883	-7
2,15950	-7
2,16017	-7
2,16083	-6
2,16150	-6
2,16217	-6
2,16283	-6
2,16350	-6
2,16417	-6
2,16483	-7
2,16550	-7
2,16617	-8
2,16683	-8
2,16750	-8
2,16817	-9
2,16883	-9
2,16950	-9
2,17017	-9
2,17083	-10
2,17150	-10
2,17217	-10
2,17283	-10
2,17350	-10
2,17417	-10
2,17483	-10
2,17550	-10
2,17617	-10
2,17683	-10
2,17750	-10
2,17817	-10
2,17883	-11
2,17950	-11
2,18017	-11
2,18083	-11
2,18150	-11
2,18217	-11
2,18283	-11
2,18350	-11
2,18417	-11
2,18483	-11
2,18550	-11
2,18617	-11
2,18683	-11
2,18750	-12
2,18817	-12
2,18883	-12
2,18950	-12
2,19017	-12
2,19083	-12
2,19150	-12
2,19217	-12
2,19283	-11
2,19350	-11
2,19417	-11
2,19483	-11
2,19550	-12
2,19617	-12
2,19683	-12
2,19750	-13
2,19817	-13
2,19883	-13
2,19950	-13
2,20017	-14
2,20083	-14
2,20150	-14
2,20217	-14
2,20283	-14
2,20350	-15
2,20417	-15
2,20483	-15
2,20550	-15
2,20617	-15
2,20683	-15
2,20750	-15
2,20817	-15
2,20883	-16
2,20950	-16
2,21017	-16
2,21083	-16
2,21150	-16
2,21217	-16
2,21283	-16
2,21350	-16
2,21417	-16
2,21483	-16
2,21550	-16
2,21617	-15
2,21683	-15
2,21750	-15
2,21817	-15
2,21883	-15
2,21950	-15
2,22017	-15
2,22083	-15
2,22150	-15
2,22217	-15
2,22283	-15
2,22350	-15
2,22417	-15
2,22483	-15
2,22550	-15
2,22617	-15
2,22683	-15
2,22750	-15
2,22817	-15
2,22883	-15
2,22950	-15
2,23017	-15
2,23083	-15
2,23150	-14
2,23217	-14
2,23283	-14
2,23350	-14
2,23417	-14
2,23483	-14
2,23550	-13
2,23617	-13
2,23683	-13
2,23750	-13
2,23817	-13
2,23883	-13
2,23950	-13
2,24017	-13
2,24083	-13
2,24150	-13
2,24217	-12
2,24283	-12
2,24350	-13
2,24417	-13
2,24483	-13
2,24550	-13
2,24617	-13
2,24683	-13
2,24750	-13
2,24817	-13
2,24883	-13
2,24950	-13
2,25017	-13
2,25083	-13
2,25150	-13
2,25217	-13
2,25283	-13
2,25350	-13
2,25417	-13
2,25483	-13
2,25550	-12
2,25617	-12
2,25683	-12
2,25750	-12
2,25817	-12
2,25883	-12
2,25950	-12
2,26017	-12
2,26083	-12
2,26150	-12
2,26217	-12
2,26283	-12
2,26350	-12
2,26417	-12
2,26483	-12
2,26550	-12
2,26617	-12
2,26683	-12
2,26750	-12
2,26817	-12
2,26883	-12
2,26950	-12
2,27017	-11
2,27083	-11
2,27150	-11
2,27217	-11
2,27283	-12
2,27350	-12
2,27417	-12
2,27483	-13
2,27550	-13
2,27617	-13
2,27683	-13
2,27750	-13
2,27817	-13
2,27883	-13
2,27950	-13
2,28017	-13
2,28083	-12
2,28150	-12
2,28217	-12
2,28283	-12
2,28350	-12
2,28417	-11
2,28483	-11
2,28550	-11
2,28617	-12
2,28683	-12
2,28750	-12
2,28817	-12
2,28883	-13
2,28950	-13
2,29017	-13
2,29083	-13
2,29150	-13
2,29217	-14
2,29283	-14
2,29350	-14
2,29417	-14
2,29483	-14
2,29550	-14
2,29617	-14
2,29683	-13
2,29750	-13
2,29817	-13
2,29883	-13
2,29950	-13
2,30017	-13
2,30083	-13
2,30150	-13
2,30217	-13
2,30283	-13
2,30350	-13
2,30417	-13
2,30483	-14
2,30550	-14
2,30617	-15
2,30683	-15
2,30750	-15
2,30817	-15
2,30883	-16
2,30950	-16
2,31017	-16
2,31083	-16
2,31150	-16
2,31217	-16
2,31283	-16
2,31350	-17
2,31417	-17
2,31483	-17
2,31550	-18
2,31617	-18
2,31683	-18
2,31750	-18
2,31817	-18
2,31883	-18
2,31950	-18
2,32017	-18
2,32083	-18
2,32150	-18
2,32217	-18
2,32283	-18
2,32350	-18
2,32417	-18
2,32483	-18
2,32550	-18
2,32617	-18
2,32683	-18
2,32750	-17
2,32817	-17
2,32883	-17
2,32950	-17
2,33017	-17
2,33083	-17
2,33150	-17
2,33217	-17
2,33283	-17
2,33350	-16
2,33417	-16
2,33483	-15
2,33550	-15
2,33617	-15
2,33683	-15
2,33750	-14
2,33817	-14
2,33883	-15
2,33950	-15
2,34017	-15
2,34083	-15
2,34150	-15
2,34217	-15
2,34283	-15
2,34350	-15
2,34417	-15
2,34483	-15
2,34550	-15
2,34617	-15
2,34683	-15
2,34750	-15
2,34817	-15
2,34883	-15
2,34950	-15
2,35017	-15
2,35083	-15
2,35150	-16
2,35217	-16
2,35283	-16
2,35350	-16
2,35417	-16
2,35483	-16
2,35550	-16
2,35617	-16
2,35683	-16
2,35750	-16
2,35817	-16
2,35883	-16
2,35950	-16
2,36017	-16
2,36083	-16
2,36150	-16
2,36217	-16
2,36283	-15
2,36350	-15
2,36417	-15
2,36483	-15
2,36550	-16
2,36617	-16
2,36683	-16
2,36750	-16
2,36817	-16
2,36883	-16
2,36950	-16
2,37017	-16
2,37083	-15
2,37150	-15
2,37217	-15
2,37283	-15
2,37350	-15
2,37417	-15
2,37483	-14
2,37550	-14
2,37617	-14
2,37683	-13
2,37750	-13
2,37817	-13
2,37883	-13
2,37950	-12
2,38017	-12
2,38083	-12
2,38150	-12
2,38217	-11
2,38283	-11
2,38350	-11
2,38417	-11
2,38483	-10
2,38550	-10
2,38617	-9
2,38683	-9
2,38750	-9
2,38817	-8
2,38883	-8
2,38950	-8
2,39017	-8
2,39083	-8
2,39150	-7
2,39217	-7
2,39283	-7
2,39350	-7
2,39417	-7
2,39483	-7
2,39550	-7
2,39617	-7
2,39683	-7
2,39750	-7
2,39817	-8
2,39883	-8
2,39950	-8
2,40017	-8
2,40083	-8
2,40150	-8
2,40217	-9
2,40283	-9
2,40350	-9
2,40417	-9
2,40483	-9
2,40550	-9
2,40617	-9
2,40683	-9
2,40750	-9
2,40817	-10
2,40883	-10
2,40950	-10
2,41017	-10
2,41083	-11
2,41150	-11
2,41217	-11
2,41283	-11
2,41350	-12
2,41417	-12
2,41483	-12
2,41550	-12
2,41617	-11
2,41683	-11
2,41750	-11
2,41817	-11
2,41883	-11
2,41950	-10
2,42017	-10
2,42083	-10
2,42150	-10
2,42217	-10
2,42283	-10
2,42350	-9
2,42417	-9
2,42483	-9
2,42550	-9
2,42617	-9
2,42683	-9
2,42750	-8
2,42817	-8
2,42883	-8
2,42950	-8
2,43017	-8
2,43083	-8
2,43150	-8
2,43217	-8
2,43283	-9
2,43350	-9
2,43417	-9
2,43483	-9
2,43550	-9
2,43617	-9
2,43683	-8
2,43750	-8
2,43817	-8
2,43883	-8
2,43950	-7
2,44017	-7
2,44083	-7
2,44150	-7
2,44217	-7
2,44283	-7
2,44350	-6
2,44417	-6
2,44483	-6
2,44550	-7
2,44617	-7
2,44683	-7
2,44750	-7
2,44817	-7
2,44883	-7
2,44950	-8
2,45017	-8
2,45083	-8
2,45150	-9
2,45217	-9
2,45283	-10
2,45350	-10
2,45417	-11
2,45483	-11
2,45550	-11
2,45617	-11
2,45683	-12
2,45750	-12
2,45817	-12
2,45883	-12
2,45950	-12
2,46017	-13
2,46083	-13
2,46150	-13
2,46217	-13
2,46283	-13
2,46350	-13
2,46417	-13
2,46483	-12
2,46550	-12
2,46617	-12
2,46683	-11
2,46750	-11
2,46817	-10
2,46883	-10
2,46950	-9
2,47017	-9
2,47083	-9
2,47150	-9
2,47217	-9
2,47283	-9
2,47350	-9
2,47417	-9
2,47483	-10
2,47550	-10
2,47617	-10
2,47683	-10
2,47750	-10
2,47817	-10
2,47883	-10
2,47950	-10
2,48017	-10
2,48083	-9
2,48150	-9
2,48217	-9
2,48283	-9
2,48350	-9
2,48417	-8
2,48483	-8
2,48550	-8
2,48617	-7
2,48683	-7
2,48750	-7
2,48817	-7
2,48883	-7
2,48950	-7
2,49017	-7
2,49083	-7
2,49150	-7
2,49217	-6
2,49283	-6
2,49350	-6
2,49417	-6
2,49483	-6
2,49550	-6
2,49617	-6
2,49683	-6
2,49750	-6
2,49817	-6
2,49883	-6
2,49950	-6
2,50017	-6
2,50083	-6
2,50150	-7
2,50217	-7
2,50283	-7
2,50350	-7
2,50417	-7
2,50483	-7
2,50550	-7
2,50617	-7
2,50683	-6
2,50750	-5
2,50817	-3
2,50883	-1
2,50950	3
2,51017	7
2,51083	14
2,51150	22
2,51217	33
2,51283	47
2,51350	65
2,51417	87
2,51483	115
2,51550	150
2,51617	192
2,51683	242
2,51750	302
2,51817	371
2,51883	452
2,51950	543
2,52017	646
2,52083	761
2,52150	887
2,52217	1024
2,52283	1170
2,52350	1324
2,52417	1484
2,52483	1649
2,52550	1815
2,52617	1981
2,52683	2143
2,52750	2299
2,52817	2446
2,52883	2582
2,52950	2705
2,53017	2814
2,53083	2906
2,53150	2982
2,53217	3039
2,53283	3078
2,53350	3099
2,53417	3103
2,53483	3089
2,53550	3060
2,53617	3015
2,53683	2958
2,53750	2889
2,53817	2809
2,53883	2720
2,53950	2625
2,54017	2523
2,54083	2417
2,54150	2308
2,54217	2198
2,54283	2086
2,54350	1976
2,54417	1866
2,54483	1759
2,54550	1654
2,54617	1552
2,54683	1454
2,54750	1359
2,54817	1269
2,54883	1182
2,54950	1100
2,55017	1023
2,55083	949
2,55150	880
2,55217	815
2,55283	754
2,55350	697
2,55417	643
2,55483	594
2,55550	547
2,55617	504
2,55683	464
2,55750	427
2,55817	392
2,55883	360
2,55950	331
2,56017	303
2,56083	278
2,56150	255
2,56217	234
2,56283	214
2,56350	196
2,56417	179
2,56483	163
2,56550	149
2,56617	136
2,56683	124
2,56750	112
2,56817	102
2,56883	93
2,56950	84
2,57017	76
2,57083	69
2,57150	63
2,57217	57
2,57283	51
2,57350	46
2,57417	41
2,57483	37
2,57550	33
2,57617	30
2,57683	26
2,57750	24
2,57817	21
2,57883	19
2,57950	16
2,58017	14
2,58083	13
2,58150	11
2,58217	10
2,58283	8
2,58350	7
2,58417	6
2,58483	6
2,58550	5
2,58617	4
2,58683	4
2,58750	3
2,58817	3
2,58883	3
2,58950	3
2,59017	3
2,59083	3
2,59150	3
2,59217	3
2,59283	4
2,59350	4
2,59417	4
2,59483	4
2,59550	5
2,59617	5
2,59683	5
2,59750	6
2,59817	6
2,59883	6
2,59950	7
2,60017	7
2,60083	8
2,60150	8
2,60217	9
2,60283	10
2,60350	11
2,60417	12
2,60483	13
2,60550	14
2,60617	15
2,60683	16
2,60750	17
2,60817	18
2,60883	20
2,60950	21
2,61017	22
2,61083	24
2,61150	25
2,61217	26
2,61283	28
2,61350	29
2,61417	30
2,61483	31
2,61550	32
2,61617	33
2,61683	34
2,61750	35
2,61817	36
2,61883	37
2,61950	38
2,62017	38
2,62083	39
2,62150	40
2,62217	41
2,62283	42
2,62350	42
2,62417	42
2,62483	43
2,62550	43
2,62617	44
2,62683	44
2,62750	45
2,62817	45
2,62883	46
2,62950	46
2,63017	47
2,63083	47
2,63150	48
2,63217	48
2,63283	48
2,63350	48
2,63417	47
2,63483	47
2,63550	47
2,63617	46
2,63683	46
2,63750	46
2,63817	45
2,63883	45
2,63950	45
2,64017	45
2,64083	44
2,64150	44
2,64217	44
2,64283	43
2,64350	42
2,64417	42
2,64483	41
2,64550	40
2,64617	40
2,64683	39
2,64750	39
2,64817	38
2,64883	37
2,64950	37
2,65017	36
2,65083	36
2,65150	36
2,65217	35
2,65283	35
2,65350	34
2,65417	34
2,65483	34
2,65550	33
2,65617	33
2,65683	32
2,65750	32
2,65817	31
2,65883	31
2,65950	30
2,66017	30
2,66083	29
2,66150	29
2,66217	29
2,66283	28
2,66350	27
2,66417	27
2,66483	26
2,66550	26
2,66617	25
2,66683	25
2,66750	24
2,66817	24
2,66883	24
2,66950	24
2,67017	24
2,67083	23
2,67150	23
2,67217	23
2,67283	23
2,67350	23
2,67417	22
2,67483	22
2,67550	22
2,67617	22
2,67683	22
2,67750	21
2,67817	21
2,67883	21
2,67950	21
2,68017	21
2,68083	21
2,68150	22
2,68217	22
2,68283	22
2,68350	22
2,68417	22
2,68483	22
2,68550	22
2,68617	22
2,68683	22
2,68750	21
2,68817	21
2,68883	21
2,68950	21
2,69017	21
2,69083	21
2,69150	20
2,69217	20
2,69283	20
2,69350	20
2,69417	20
2,69483	20
2,69550	20
2,69617	20
2,69683	20
2,69750	20
2,69817	20
2,69883	20
2,69950	20
2,70017	20
2,70083	20
2,70150	20
2,70217	19
2,70283	19
2,70350	19
2,70417	19
2,70483	19
2,70550	19
2,70617	19
2,70683	19
2,70750	19
2,70817	18
2,70883	18
2,70950	17
2,71017	17
2,71083	16
2,71150	15
2,71217	15
2,71283	14
2,71350	14
2,71417	13
2,71483	12
2,71550	12
2,71617	11
2,71683	10
2,71750	10
2,71817	10
2,71883	9
2,71950	9
2,72017	8
2,72083	8
2,72150	7
2,72217	7
2,72283	7
2,72350	6
2,72417	6
2,72483	6
2,72550	6
2,72617	6
2,72683	6
2,72750	5
2,72817	5
2,72883	5
2,72950	4
2,73017	4
2,73083	3
2,73150	3
2,73217	3
2,73283	2
2,73350	2
2,73417	2
2,73483	2
2,73550	1
2,73617	1
2,73683	1
2,73750	1
2,73817	1
2,73883	1
2,73950	1
2,74017	1
2,74083	0
2,74150	0
2,74217	-1
2,74283	-1
2,74350	-1
2,74417	-2
2,74483	-2
2,74550	-2
2,74617	-2
2,74683	-2
2,74750	-1
2,74817	-1
2,74883	-1
2,74950	-1
2,75017	-1
2,75083	-1
2,75150	-1
2,75217	-1
2,75283	-1
2,75350	-0
2,75417	-0
2,75483	-0
2,75550	-0
2,75617	-1
2,75683	-1
2,75750	-1
2,75817	-1
2,75883	-1
2,75950	-1
2,76017	-1
2,76083	-2
2,76150	-2
2,76217	-2
2,76283	-2
2,76350	-3
2,76417	-3
2,76483	-3
2,76550	-3
2,76617	-3
2,76683	-4
2,76750	-3
2,76817	-3
2,76883	-4
2,76950	-4
2,77017	-4
2,77083	-4
2,77150	-4
2,77217	-4
2,77283	-4
2,77350	-5
2,77417	-5
2,77483	-5
2,77550	-6
2,77617	-6
2,77683	-6
2,77750	-7
2,77817	-7
2,77883	-7
2,77950	-8
2,78017	-8
2,78083	-8
2,78150	-8
2,78217	-8
2,78283	-9
2,78350	-9
2,78417	-9
2,78483	-10
2,78550	-10
2,78617	-10
2,78683	-11
2,78750	-11
2,78817	-11
2,78883	-11
2,78950	-11
2,79017	-11
2,79083	-11
2,79150	-11
2,79217	-11
2,79283	-11
2,79350	-11
2,79417	-11
2,79483	-11
2,79550	-12
2,79617	-12
2,79683	-13
2,79750	-13
2,79817	-13
2,79883	-13
2,79950	-13
2,80017	-13
2,80083	-13
2,80150	-13
2,80217	-13
2,80283	-13
2,80350	-13
2,80417	-12
2,80483	-12
2,80550	-12
2,80617	-12
2,80683	-12
2,80750	-12
2,80817	-11
2,80883	-11
2,80950	-10
2,81017	-10
2,81083	-9
2,81150	-9
2,81217	-8
2,81283	-7
2,81350	-7
2,81417	-6
2,81483	-6
2,81550	-5
2,81617	-5
2,81683	-5
2,81750	-5
2,81817	-4
2,81883	-4
2,81950	-4
2,82017	-3
2,82083	-3
2,82150	-3
2,82217	-2
2,82283	-2
2,82350	-2
2,82417	-1
2,82483	-1
2,82550	-0
2,82617	-0
2,82683	0
2,82750	0
2,82817	0
2,82883	0
2,82950	0
2,83017	0
2,83083	1
2,83150	1
2,83217	1
2,83283	0
2,83350	0
2,83417	0
2,83483	-0
2,83550	-1
2,83617	-1
2,83683	-1
2,83750	-2
2,83817	-2
2,83883	-2
2,83950	-3
2,84017	-3
2,84083	-3
2,84150	-4
2,84217	-4
2,84283	-4
2,84350	-4
2,84417	-5
2,84483	-5
2,84550	-5
2,84617	-5
2,84683	-5
2,84750	-5
2,84817	-5
2,84883	-5
2,84950	-5
2,85017	-6
2,85083	-6
2,85150	-6
2,85217	-6
2,85283	-6
2,85350	-6
2,85417	-6
2,85483	-6
2,85550	-6
2,85617	-6
2,85683	-6
2,85750	-6
2,85817	-6
2,85883	-6
2,85950	-6
2,86017	-6
2,86083	-6
2,86150	-6
2,86217	-6
2,86283	-5
2,86350	-5
2,86417	-4
2,86483	-3
2,86550	-3
2,86617	-2
2,86683	-2
2,86750	-1
2,86817	-1
2,86883	-0
2,86950	0
2,87017	1
2,87083	1
2,87150	2
2,87217	2
2,87283	3
2,87350	3
2,87417	3
2,87483	3
2,87550	3
2,87617	3
2,87683	3
2,87750	3
2,87817	3
2,87883	2
2,87950	2
2,88017	2
2,88083	2
2,88150	2
2,88217	2
2,88283	2
2,88350	2
2,88417	2
2,88483	2
2,88550	2
2,88617	2
2,88683	2
2,88750	2
2,88817	2
2,88883	3
2,88950	3
2,89017	3
2,89083	3
2,89150	3
2,89217	3
2,89283	3
2,89350	3
2,89417	3
2,89483	3
2,89550	3
2,89617	3
2,89683	3
2,89750	3
2,89817	2
2,89883	2
2,89950	2
2,90017	2
2,90083	1
2,90150	1
2,90217	1
2,90283	1
2,90350	0
2,90417	0
2,90483	0
2,90550	0
2,90617	0
2,90683	1
2,90750	1
2,90817	1
2,90883	1
2,90950	2
2,91017	2
2,91083	2
2,91150	2
2,91217	2
2,91283	2
2,91350	2
2,91417	2
2,91483	2
2,91550	2
2,91617	3
2,91683	3
2,91750	3
2,91817	3
2,91883	4
2,91950	4
2,92017	4
2,92083	4
2,92150	5
2,92217	5
2,92283	5
2,92350	5
2,92417	4
2,92483	4
2,92550	4
2,92617	3
2,92683	3
2,92750	2
2,92817	2
2,92883	2
2,92950	1
2,93017	1
2,93083	1
2,93150	1
2,93217	0
2,93283	0
2,93350	-0
2,93417	-0
2,93483	-1
2,93550	-1
2,93617	-1
2,93683	-1
2,93750	-1
2,93817	-1
2,93883	-2
2,93950	-2
2,94017	-2
2,94083	-2
2,94150	-2
2,94217	-2
2,94283	-2
2,94350	-2
2,94417	-2
2,94483	-2
2,94550	-2
2,94617	-2
2,94683	-3
2,94750	-3
2,94817	-3
2,94883	-3
2,94950	-3
2,95017	-3
2,95083	-3
2,95150	-3
2,95217	-3
2,95283	-3
2,95350	-4
2,95417	-5
2,95483	-5
2,95550	-5
2,95617	-6
2,95683	-6
2,95750	-6
2,95817	-6
2,95883	-7
2,95950	-7
2,96017	-7
2,96083	-8
2,96150	-8
2,96217	-8
2,96283	-8
2,96350	-9
2,96417	-9
2,96483	-9
2,96550	-9
2,96617	-9
2,96683	-9
2,96750	-9
2,96817	-9
2,96883	-9
2,96950	-9
2,97017	-9
2,97083	-9
2,97150	-9
2,97217	-9
2,97283	-9
2,97350	-9
2,97417	-9
2,97483	-9
2,97550	-9
2,97617	-9
2,97683	-9
2,97750	-9
2,97817	-9
2,97883	-9
2,97950	-9
2,98017	-9
2,98083	-9
2,98150	-9
2,98217	-9
2,98283	-8
2,98350	-8
2,98417	-8
2,98483	-8
2,98550	-8
2,98617	-8
2,98683	-8
2,98750	-8
2,98817	-8
2,98883	-8
2,98950	-9
2,99017	-9
2,99083	-9
2,99150	-9
2,99217	-9
2,99283	-9
2,99350	-9
2,99417	-9
2,99483	-8
2,99550	-8
2,99617	-8
2,99683	-8
2,99750	-8
2,99817	-8
2,99883	-8
2,99950	-9
3,00017	-9
3,00083	-9
3,00150	-9
3,00217	-8
3,00283	-8
3,00350	-8
3,00417	-8
3,00483	-8
3,00550	-8
3,00617	-8
3,00683	-8
3,00750	-8
3,00817	-8
3,00883	-8
3,00950	-8
3,01017	-8
3,01083	-8
3,01150	-7
3,01217	-7
3,01283	-7
3,01350	-7
3,01417	-7
3,01483	-6
3,01550	-6
3,01617	-6
3,01683	-6
3,01750	-6
3,01817	-6
3,01883	-6
3,01950	-6
3,02017	-5
3,02083	-5
3,02150	-5
3,02217	-5
3,02283	-5
3,02350	-5
3,02417	-4
3,02483	-4
3,02550	-4
3,02617	-4
3,02683	-4
3,02750	-4
3,02817	-4
3,02883	-4
3,02950	-4
3,03017	-4
3,03083	-4
3,03150	-4
3,03217	-4
3,03283	-4
3,03350	-4
3,03417	-4
3,03483	-4
3,03550	-4
3,03617	-4
3,03683	-3
3,03750	-3
3,03817	-3
3,03883	-3
3,03950	-3
3,04017	-3
3,04083	-3
3,04150	-3
3,04217	-3
3,04283	-3
3,04350	-3
3,04417	-3
3,04483	-3
3,04550	-3
3,04617	-3
3,04683	-3
3,04750	-3
3,04817	-3
3,04883	-3
3,04950	-4
3,05017	-4
3,05083	-4
3,05150	-4
3,05217	-4
3,05283	-4
3,05350	-4
3,05417	-4
3,05483	-4
3,05550	-4
3,05617	-4
3,05683	-4
3,05750	-4
3,05817	-3
3,05883	-3
3,05950	-3
3,06017	-3
3,06083	-3
3,06150	-3
3,06217	-3
3,06283	-3
3,06350	-3
3,06417	-3
3,06483	-3
3,06550	-3
3,06617	-3
3,06683	-3
3,06750	-3
3,06817	-3
3,06883	-3
3,06950	-4
3,07017	-4
3,07083	-4
3,07150	-4
3,07217	-4
3,07283	-4
3,07350	-4
3,07417	-4
3,07483	-4
3,07550	-4
3,07617	-4
3,07683	-4
3,07750	-4
3,07817	-4
3,07883	-4
3,07950	-4
3,08017	-4
3,08083	-4
3,08150	-4
3,08217	-5
3,08283	-5
3,08350	-5
3,08417	-5
3,08483	-5
3,08550	-6
3,08617	-6
3,08683	-6
3,08750	-6
3,08817	-5
3,08883	-5
3,08950	-5
3,09017	-5
3,09083	-5
3,09150	-5
3,09217	-5
3,09283	-5
3,09350	-5
3,09417	-5
3,09483	-5
3,09550	-5
3,09617	-5
3,09683	-5
3,09750	-5
3,09817	-5
3,09883	-5
3,09950	-5
3,10017	-5
3,10083	-5
3,10150	-5
3,10217	-5
3,10283	-5
3,10350	-5
3,10417	-5
3,10483	-5
3,10550	-5
3,10617	-5
3,10683	-5
3,10750	-5
3,10817	-5
3,10883	-5
3,10950	-5
3,11017	-5
3,11083	-5
3,11150	-5
3,11217	-5
3,11283	-5
3,11350	-5
3,11417	-5
3,11483	-5
3,11550	-5
3,11617	-6
3,11683	-6
3,11750	-6
3,11817	-6
3,11883	-7
3,11950	-7
3,12017	-7
3,12083	-8
3,12150	-8
3,12217	-8
3,12283	-8
3,12350	-9
3,12417	-9
3,12483	-9
3,12550	-9
3,12617	-9
3,12683	-9
3,12750	-9
3,12817	-9
3,12883	-9
3,12950	-9
3,13017	-9
3,13083	-9
3,13150	-9
3,13217	-9
3,13283	-9
3,13350	-9
3,13417	-9
3,13483	-9
3,13550	-9
3,13617	-9
3,13683	-9
3,13750	-9
3,13817	-9
3,13883	-10
3,13950	-10
3,14017	-10
3,14083	-10
3,14150	-10
3,14217	-10
3,14283	-10
3,14350	-10
3,14417	-10
3,14483	-10
3,14550	-11
3,14617	-11
3,14683	-11
3,14750	-11
3,14817	-11
3,14883	-11
3,14950	-11
3,15017	-10
3,15083	-10
3,15150	-10
3,15217	-10
3,15283	-10
3,15350	-10
3,15417	-10
3,15483	-10
3,15550	-10
3,15617	-10
3,15683	-11
3,15750	-11
3,15817	-11
3,15883	-11
3,15950	-11
3,16017	-12
3,16083	-12
3,16150	-12
3,16217	-12
3,16283	-12
3,16350	-12
3,16417	-12
3,16483	-11
3,16550	-11
3,16617	-11
3,16683	-11
3,16750	-11
3,16817	-12
3,16883	-12
3,16950	-12
3,17017	-12
3,17083	-12
3,17150	-12
3,17217	-12
3,17283	-12
3,17350	-12
3,17417	-12
3,17483	-12
3,17550	-12
3,17617	-12
3,17683	-12
3,17750	-12
3,17817	-12
3,17883	-12
3,17950	-12
3,18017	-12
3,18083	-12
3,18150	-12
3,18217	-12
3,18283	-12
3,18350	-12
3,18417	-12
3,18483	-12
3,18550	-12
3,18617	-12
3,18683	-12
3,18750	-12
3,18817	-12
3,18883	-12
3,18950	-12
3,19017	-13
3,19083	-13
3,19150	-13
3,19217	-13
3,19283	-13
3,19350	-13
3,19417	-13
3,19483	-13
3,19550	-14
3,19617	-14
3,19683	-14
3,19750	-14
3,19817	-14
3,19883	-14
3,19950	-14
3,20017	-14
3,20083	-14
3,20150	-14
3,20217	-14
3,20283	-14
3,20350	-14
3,20417	-14
3,20483	-14
3,20550	-14
3,20617	-14
3,20683	-13
3,20750	-13
3,20817	-13
3,20883	-14
3,20950	-14
3,21017	-14
3,21083	-14
3,21150	-14
3,21217	-13
3,21283	-13
3,21350	-13
3,21417	-13
3,21483	-13
3,21550	-13
3,21617	-13
3,21683	-12
3,21750	-12
3,21817	-12
3,21883	-12
3,21950	-11
3,22017	-11
3,22083	-11
3,22150	-10
3,22217	-10
3,22283	-10
3,22350	-10
3,22417	-9
3,22483	-9
3,22550	-9
3,22617	-9
3,22683	-9
3,22750	-8
3,22817	-8
3,22883	-8
3,22950	-8
3,23017	-8
3,23083	-8
3,23150	-8
3,23217	-8
3,23283	-8
3,23350	-8
3,23417	-7
3,23483	-7
3,23550	-8
3,23617	-8
3,23683	-8
3,23750	-8
3,23817	-8
3,23883	-7
3,23950	-7
3,24017	-7
3,24083	-6
3,24150	-6
3,24217	-6
3,24283	-6
3,24350	-6
3,24417	-6
3,24483	-6
3,24550	-6
3,24617	-6
3,24683	-6
3,24750	-6
3,24817	-6
3,24883	-5
3,24950	-5
3,25017	-6
3,25083	-6
3,25150	-6
3,25217	-6
3,25283	-6
3,25350	-6
3,25417	-6
3,25483	-6
3,25550	-6
3,25617	-7
3,25683	-7
3,25750	-7
3,25817	-7
3,25883	-7
3,25950	-7
3,26017	-7
3,26083	-7
3,26150	-7
3,26217	-7
3,26283	-7
3,26350	-7
3,26417	-8
3,26483	-8
3,26550	-8
3,26617	-8
3,26683	-8
3,26750	-8
3,26817	-9
3,26883	-9
3,26950	-9
3,27017	-9
3,27083	-9
3,27150	-10
3,27217	-10
3,27283	-10
3,27350	-10
3,27417	-10
3,27483	-11
3,27550	-11
3,27617	-11
3,27683	-11
3,27750	-11
3,27817	-11
3,27883	-11
3,27950	-11
3,28017	-11
3,28083	-11
3,28150	-10
3,28217	-10
3,28283	-10
3,28350	-10
3,28417	-9
3,28483	-9
3,28550	-9
3,28617	-9
3,28683	-9
3,28750	-9
3,28817	-9
3,28883	-9
3,28950	-9
3,29017	-9
3,29083	-9
3,29150	-9
3,29217	-9
3,29283	-9
3,29350	-9
3,29417	-8
3,29483	-8
3,29550	-8
3,29617	-8
3,29683	-8
3,29750	-8
3,29817	-8
3,29883	-8
3,29950	-7
3,30017	-7
3,30083	-7
3,30150	-6
3,30217	-6
3,30283	-5
3,30350	-5
3,30417	-4
3,30483	-4
3,30550	-3
3,30617	-2
3,30683	-2
3,30750	-1
3,30817	-1
3,30883	-1
3,30950	-1
3,31017	-1
3,31083	-1
3,31150	-1
3,31217	-1
3,31283	-1
3,31350	-1
3,31417	-2
3,31483	-2
3,31550	-2
3,31617	-2
3,31683	-3
3,31750	-3
3,31817	-3
3,31883	-3
3,31950	-4
3,32017	-5
3,32083	-5
3,32150	-6
3,32217	-7
3,32283	-7
3,32350	-7
3,32417	-7
3,32483	-8
3,32550	-8
3,32617	-8
3,32683	-8
3,32750	-8
3,32817	-9
3,32883	-9
3,32950	-10
3,33017	-10
3,33083	-10
3,33150	-10
3,33217	-10
3,33283	-10
3,33350	-10
3,33417	-10
3,33483	-10
3,33550	-9
3,33617	-9
3,33683	-9
3,33750	-9
3,33817	-9
3,33883	-9
3,33950	-9
3,34017	-9
3,34083	-9
3,34150	-9
3,34217	-9
3,34283	-9
3,34350	-8
3,34417	-8
3,34483	-8
3,34550	-8
3,34617	-9
3,34683	-9
3,34750	-9
3,34817	-9
3,34883	-9
3,34950	-9
3,35017	-9
3,35083	-9
3,35150	-9
3,35217	-9
3,35283	-9
3,35350	-9
3,35417	-9
3,35483	-9
3,35550	-8
3,35617	-8
3,35683	-8
3,35750	-8
3,35817	-8
3,35883	-8
3,35950	-8
3,36017	-8
3,36083	-9
3,36150	-9
3,36217	-9
3,36283	-9
3,36350	-9
3,36417	-9
3,36483	-9
3,36550	-9
3,36617	-9
3,36683	-9
3,36750	-9
3,36817	-9
3,36883	-9
3,36950	-9
3,37017	-9
3,37083	-9
3,37150	-9
3,37217	-9
3,37283	-9
3,37350	-9
3,37417	-9
3,37483	-9
3,37550	-9
3,37617	-9
3,37683	-9
3,37750	-9
3,37817	-9
3,37883	-9
3,37950	-8
3,38017	-8
3,38083	-8
3,38150	-8
3,38217	-8
3,38283	-7
3,38350	-7
3,38417	-7
3,38483	-7
3,38550	-7
3,38617	-7
3,38683	-7
3,38750	-7
3,38817	-7
3,38883	-7
3,38950	-7
3,39017	-7
3,39083	-7
3,39150	-7
3,39217	-8
3,39283	-8
3,39350	-8
3,39417	-9
3,39483	-9
3,39550	-10
3,39617	-10
3,39683	-10
3,39750	-10
3,39817	-10
3,39883	-10
3,39950	-10
3,40017	-10
3,40083	-10
3,40150	-10
3,40217	-10
3,40283	-10
3,40350	-10
3,40417	-10
3,40483	-10
3,40550	-11
3,40617	-11
3,40683	-11
3,40750	-11
3,40817	-10
3,40883	-10
3,40950	-10
3,41017	-10
3,41083	-10
3,41150	-10
3,41217	-10
3,41283	-10
3,41350	-10
3,41417	-10
3,41483	-11
3,41550	-11
3,41617	-11
3,41683	-11
3,41750	-12
3,41817	-12
3,41883	-12
3,41950	-12
3,42017	-13
3,42083	-13
3,42150	-13
3,42217	-13
3,42283	-13
3,42350	-13
3,42417	-14
3,42483	-14
3,42550	-13
3,42617	-13
3,42683	-13
3,42750	-13
3,42817	-13
3,42883	-13
3,42950	-12
3,43017	-12
3,43083	-12
3,43150	-12
3,43217	-12
3,43283	-12
3,43350	-12
3,43417	-12
3,43483	-12
3,43550	-12
3,43617	-11
3,43683	-11
3,43750	-11
3,43817	-10
3,43883	-10
3,43950	-10
3,44017	-9
3,44083	-9
3,44150	-9
3,44217	-9
3,44283	-9
3,44350	-9
3,44417	-9
3,44483	-9
3,44550	-9
3,44617	-9
3,44683	-9
3,44750	-9
3,44817	-9
3,44883	-9
3,44950	-9
3,45017	-9
3,45083	-9
3,45150	-9
3,45217	-9
3,45283	-8
3,45350	-9
3,45417	-9
3,45483	-9
3,45550	-9
3,45617	-9
3,45683	-9
3,45750	-9
3,45817	-9
3,45883	-9
3,45950	-9
3,46017	-9
3,46083	-10
3,46150	-10
3,46217	-10
3,46283	-10
3,46350	-10
3,46417	-10
3,46483	-11
3,46550	-11
3,46617	-11
3,46683	-11
3,46750	-12
3,46817	-12
3,46883	-12
3,46950	-12
3,47017	-12
3,47083	-12
3,47150	-12
3,47217	-12
3,47283	-13
3,47350	-13
3,47417	-13
3,47483	-13
3,47550	-13
3,47617	-13
3,47683	-13
3,47750	-13
3,47817	-13
3,47883	-13
3,47950	-13
3,48017	-14
3,48083	-14
3,48150	-14
3,48217	-14
3,48283	-14
3,48350	-13
3,48417	-13
3,48483	-13
3,48550	-13
3,48617	-12
3,48683	-12
3,48750	-12
3,48817	-12
3,48883	-12
3,48950	-12
3,49017	-11
3,49083	-11
3,49150	-12
3,49217	-12
3,49283	-11
3,49350	-12
3,49417	-12
3,49483	-12
3,49550	-12
3,49617	-12
3,49683	-12
3,49750	-12
3,49817	-12
3,49883	-12
3,49950	-12
3,50017	-12
3,50083	-12
3,50150	-12
3,50217	-12
3,50283	-12
3,50350	-12
3,50417	-12
3,50483	-12
3,50550	-12
3,50617	-12
3,50683	-12
3,50750	-12
3,50817	-12
3,50883	-12
3,50950	-12
3,51017	-12
3,51083	-12
3,51150	-13
3,51217	-13
3,51283	-13
3,51350	-12
3,51417	-12
3,51483	-12
3,51550	-12
3,51617	-12
3,51683	-11
3,51750	-11
3,51817	-11
3,51883	-11
3,51950	-11
3,52017	-11
3,52083	-11
3,52150	-11
3,52217	-11
3,52283	-11
3,52350	-11
3,52417	-11
3,52483	-11
3,52550	-11
3,52617	-11
3,52683	-11
3,52750	-11
3,52817	-11
3,52883	-11
3,52950	-11
3,53017	-11
3,53083	-11
3,53150	-11
3,53217	-11
3,53283	-11
3,53350	-11
3,53417	-11
3,53483	-11
3,53550	-11
3,53617	-11
3,53683	-11
3,53750	-11
3,53817	-10
3,53883	-10
3,53950	-10
3,54017	-10
3,54083	-10
3,54150	-9
3,54217	-9
3,54283	-9
3,54350	-8
3,54417	-8
3,54483	-8
3,54550	-8
3,54617	-8
3,54683	-7
3,54750	-7
3,54817	-7
3,54883	-7
3,54950	-7
3,55017	-7
3,55083	-7
3,55150	-6
3,55217	-6
3,55283	-6
3,55350	-6
3,55417	-6
3,55483	-6
3,55550	-6
3,55617	-5
3,55683	-5
3,55750	-5
3,55817	-4
3,55883	-4
3,55950	-4
3,56017	-4
3,56083	-4
3,56150	-4
3,56217	-3
3,56283	-3
3,56350	-3
3,56417	-3
3,56483	-3
3,56550	-3
3,56617	-3
3,56683	-3
3,56750	-3
3,56817	-3
3,56883	-3
3,56950	-4
3,57017	-4
3,57083	-4
3,57150	-4
3,57217	-4
3,57283	-4
3,57350	-5
3,57417	-5
3,57483	-6
3,57550	-6
3,57617	-7
3,57683	-7
3,57750	-8
3,57817	-8
3,57883	-8
3,57950	-8
3,58017	-9
3,58083	-9
3,58150	-10
3,58217	-10
3,58283	-11
3,58350	-11
3,58417	-11
3,58483	-12
3,58550	-12
3,58617	-13
3,58683	-13
3,58750	-13
3,58817	-13
3,58883	-13
3,58950	-13
3,59017	-13
3,59083	-14
3,59150	-14
3,59217	-14
3,59283	-14
3,59350	-14
3,59417	-14
3,59483	-14
3,59550	-14
3,59617	-15
3,59683	-15
3,59750	-15
3,59817	-15
3,59883	-15
3,59950	-15
3,60017	-15
3,60083	-15
3,60150	-15
3,60217	-15
3,60283	-15
3,60350	-15
3,60417	-15
3,60483	-15
3,60550	-15
3,60617	-15
3,60683	-15
3,60750	-15
3,60817	-14
3,60883	-14
3,60950	-14
3,61017	-14
3,61083	-14
3,61150	-14
3,61217	-14
3,61283	-14
3,61350	-14
3,61417	-13
3,61483	-13
3,61550	-13
3,61617	-13
3,61683	-12
3,61750	-12
3,61817	-12
3,61883	-12
3,61950	-12
3,62017	-12
3,62083	-12
3,62150	-12
3,62217	-12
3,62283	-12
3,62350	-12
3,62417	-12
3,62483	-12
3,62550	-12
3,62617	-12
3,62683	-13
3,62750	-13
3,62817	-13
3,62883	-13
3,62950	-13
3,63017	-13
3,63083	-13
3,63150	-13
3,63217	-13
3,63283	-13
3,63350	-12
3,63417	-12
3,63483	-12
3,63550	-12
3,63617	-12
3,63683	-11
3,63750	-11
3,63817	-11
3,63883	-11
3,63950	-11
3,64017	-11
3,64083	-11
3,64150	-10
3,64217	-10
3,64283	-9
3,64350	-9
3,64417	-8
3,64483	-7
3,64550	-7
3,64617	-6
3,64683	-5
3,64750	-4
3,64817	-3
3,64883	-2
3,64950	-1
3,65017	-1
3,65083	0
3,65150	1
3,65217	2
3,65283	3
3,65350	4
3,65417	5
3,65483	6
3,65550	6
3,65617	7
3,65683	8
3,65750	9
3,65817	9
3,65883	10
3,65950	10
3,66017	10
3,66083	10
3,66150	10
3,66217	10
3,66283	10
3,66350	9
3,66417	9
3,66483	9
3,66550	8
3,66617	8
3,66683	7
3,66750	6
3,66817	6
3,66883	5
3,66950	4
3,67017	4
3,67083	3
3,67150	2
3,67217	2
3,67283	1
3,67350	1
3,67417	1
3,67483	0
3,67550	-0
3,67617	-1
3,67683	-1
3,67750	-2
3,67817	-2
3,67883	-3
3,67950	-3
3,68017	-4
3,68083	-4
3,68150	-5
3,68217	-5
3,68283	-5
3,68350	-6
3,68417	-6
3,68483	-6
3,68550	-7
3,68617	-7
3,68683	-7
3,68750	-7
3,68817	-7
3,68883	-7
3,68950	-8
3,69017	-8
3,69083	-8
3,69150	-8
3,69217	-8
3,69283	-8
3,69350	-8
3,69417	-8
3,69483	-7
3,69550	-7
3,69617	-7
3,69683	-7
3,69750	-7
3,69817	-7
3,69883	-7
3,69950	-7
3,70017	-7
3,70083	-7
3,70150	-7
3,70217	-7
3,70283	-8
3,70350	-8
3,70417	-8
3,70483	-9
3,70550	-9
3,70617	-9
3,70683	-10
3,70750	-10
3,70817	-10
3,70883	-10
3,70950	-11
3,71017	-11
3,71083	-11
3,71150	-11
3,71217	-11
3,71283	-11
3,71350	-12
3,71417	-12
3,71483	-12
3,71550	-12
3,71617	-12
3,71683	-12
3,71750	-12
3,71817	-12
3,71883	-13
3,71950	-13
3,72017	-13
3,72083	-13
3,72150	-13
3,72217	-13
3,72283	-13
3,72350	-14
3,72417	-14
3,72483	-14
3,72550	-14
3,72617	-14
3,72683	-14
3,72750	-13
3,72817	-13
3,72883	-13
3,72950	-13
3,73017	-13
3,73083	-13
3,73150	-13
3,73217	-13
3,73283	-13
3,73350	-13
3,73417	-13
3,73483	-13
3,73550	-13
3,73617	-13
3,73683	-12
3,73750	-12
3,73817	-12
3,73883	-12
3,73950	-11
3,74017	-11
3,74083	-11
3,74150	-10
3,74217	-10
3,74283	-10
3,74350	-10
3,74417	-10
3,74483	-10
3,74550	-10
3,74617	-9
3,74683	-9
3,74750	-9
3,74817	-9
3,74883	-9
3,74950	-9
3,75017	-9
3,75083	-9
3,75150	-9
3,75217	-9
3,75283	-9
3,75350	-9
3,75417	-9
3,75483	-9
3,75550	-9
3,75617	-9
3,75683	-10
3,75750	-10
3,75817	-10
3,75883	-9
3,75950	-9
3,76017	-9
3,76083	-9
3,76150	-9
3,76217	-9
3,76283	-9
3,76350	-9
3,76417	-9
3,76483	-9
3,76550	-9
3,76617	-9
3,76683	-9
3,76750	-9
3,76817	-9
3,76883	-9
3,76950	-9
3,77017	-9
3,77083	-9
3,77150	-9
3,77217	-9
3,77283	-9
3,77350	-9
3,77417	-9
3,77483	-9
3,77550	-9
3,77617	-9
3,77683	-9
3,77750	-10
3,77817	-10
3,77883	-10
3,77950	-10
3,78017	-11
3,78083	-11
3,78150	-11
3,78217	-11
3,78283	-11
3,78350	-11
3,78417	-11
3,78483	-11
3,78550	-11
3,78617	-12
3,78683	-12
3,78750	-12
3,78817	-12
3,78883	-12
3,78950	-12
3,79017	-12
3,79083	-11
3,79150	-11
3,79217	-11
3,79283	-11
3,79350	-11
3,79417	-11
3,79483	-11
3,79550	-11
3,79617	-11
3,79683	-11
3,79750	-11
3,79817	-11
3,79883	-11
3,79950	-11
3,80017	-11
3,80083	-11
3,80150	-11
3,80217	-11
3,80283	-11
3,80350	-11
3,80417	-10
3,80483	-10
3,80550	-10
3,80617	-10
3,80683	-10
3,80750	-10
3,80817	-10
3,80883	-10
3,80950	-9
3,81017	-9
3,81083	-9
3,81150	-9
3,81217	-9
3,81283	-9
3,81350	-9
3,81417	-9
3,81483	-9
3,81550	-9
3,81617	-9
3,81683	-9
3,81750	-9
3,81817	-9
3,81883	-10
3,81950	-10
3,82017	-10
3,82083	-10
3,82150	-10
3,82217	-10
3,82283	-10
3,82350	-10
3,82417	-10
3,82483	-10
3,82550	-10
3,82617	-10
3,82683	-10
3,82750	-10
3,82817	-9
3,82883	-9
3,82950	-9
3,83017	-9
3,83083	-9
3,83150	-9
3,83217	-9
3,83283	-9
3,83350	-9
3,83417	-9
3,83483	-9
3,83550	-9
3,83617	-9
3,83683	-9
3,83750	-8
3,83817	-8
3,83883	-8
3,83950	-8
3,84017	-8
3,84083	-8
3,84150	-8
3,84217	-8
3,84283	-8
3,84350	-8
3,84417	-9
3,84483	-9
3,84550	-9
3,84617	-9
3,84683	-9
3,84750	-9
3,84817	-9
3,84883	-9
3,84950	-9
3,85017	-9
3,85083	-9
3,85150	-9
3,85217	-9
3,85283	-9
3,85350	-10
3,85417	-10
3,85483	-10
3,85550	-10
3,85617	-10
3,85683	-10
3,85750	-9
3,85817	-9
3,85883	-9
3,85950	-9
3,86017	-10
3,86083	-10
3,86150	-10
3,86217	-11
3,86283	-11
3,86350	-11
3,86417	-11
3,86483	-11
3,86550	-11
3,86617	-11
3,86683	-11
3,86750	-11
3,86817	-11
3,86883	-11
3,86950	-11
3,87017	-11
3,87083	-11
3,87150	-11
3,87217	-11
3,87283	-11
3,87350	-11
3,87417	-11
3,87483	-11
3,87550	-11
3,87617	-11
3,87683	-11
3,87750	-11
3,87817	-10
3,87883	-10
3,87950	-10
3,88017	-10
3,88083	-10
3,88150	-10
3,88217	-10
3,88283	-10
3,88350	-10
3,88417	-10
3,88483	-10
3,88550	-10
3,88617	-10
3,88683	-10
3,88750	-10
3,88817	-10
3,88883	-10
3,88950	-10
3,89017	-10
3,89083	-10
3,89150	-10
3,89217	-11
3,89283	-11
3,89350	-11
3,89417	-11
3,89483	-12
3,89550	-12
3,89617	-12
3,89683	-13
3,89750	-13
3,89817	-13
3,89883	-13
3,89950	-13
3,90017	-13
3,90083	-13
3,90150	-13
3,90217	-13
3,90283	-13
3,90350	-12
3,90417	-12
3,90483	-11
3,90550	-10
3,90617	-9
3,90683	-8
3,90750	-7
3,90817	-6
3,90883	-5
3,90950	-4
3,91017	-2
3,91083	-1
3,91150	1
3,91217	2
3,91283	4
3,91350	5
3,91417	7
3,91483	9
3,91550	11
3,91617	14
3,91683	16
3,91750	19
3,91817	22
3,91883	25
3,91950	28
3,92017	31
3,92083	34
3,92150	38
3,92217	41
3,92283	44
3,92350	47
3,92417	50
3,92483	53
3,92550	56
3,92617	59
3,92683	61
3,92750	63
3,92817	65
3,92883	66
3,92950	68
3,93017	69
3,93083	70
3,93150	70
3,93217	70
3,93283	70
3,93350	69
3,93417	69
3,93483	67
3,93550	66
3,93617	65
3,93683	63
3,93750	61
3,93817	60
3,93883	58
3,93950	56
3,94017	54
3,94083	51
3,94150	49
3,94217	47
3,94283	45
3,94350	43
3,94417	41
3,94483	39
3,94550	37
3,94617	35
3,94683	33
3,94750	31
3,94817	29
3,94883	28
3,94950	26
3,95017	24
3,95083	23
3,95150	21
3,95217	20
3,95283	18
3,95350	17
3,95417	16
3,95483	14
3,95550	13
3,95617	12
3,95683	10
3,95750	9
3,95817	8
3,95883	7
3,95950	6
3,96017	6
3,96083	5
3,96150	4
3,96217	4
3,96283	3
3,96350	2
3,96417	2
3,96483	1
3,96550	1
3,96617	0
3,96683	-0
3,96750	-1
3,96817	-1
3,96883	-2
3,96950	-2
3,97017	-2
3,97083	-2
3,97150	-2
3,97217	-2
3,97283	-2
3,97350	-2
3,97417	-2
3,97483	-2
3,97550	-2
3,97617	-2
3,97683	-3
3,97750	-3
3,97817	-3
3,97883	-3
3,97950	-4
3,98017	-4
3,98083	-4
3,98150	-5
3,98217	-5
3,98283	-5
3,98350	-5
3,98417	-6
3,98483	-6
3,98550	-6
3,98617	-6
3,98683	-6
3,98750	-7
3,98817	-7
3,98883	-7
3,98950	-7
3,99017	-7
3,99083	-7
3,99150	-7
3,99217	-7
3,99283	-8
3,99350	-8
3,99417	-8
3,99483	-8
3,99550	-8
3,99617	-8
3,99683	-8
3,99750	-8
3,99817	-8
3,99883	-8
3,99950	-8
4,00017	-8
4,00083	-8
4,00150	-7
4,00217	-7
4,00283	-7
4,00350	-7
4,00417	-7
4,00483	-6
4,00550	-6
4,00617	-6
4,00683	-6
4,00750	-6
4,00817	-6
4,00883	-6
4,00950	-6
4,01017	-6
4,01083	-6
4,01150	-7
4,01217	-7
4,01283	-7
4,01350	-7
4,01417	-8
4,01483	-8
4,01550	-8
4,01617	-8
4,01683	-8
4,01750	-9
4,01817	-9
4,01883	-9
4,01950	-9
4,02017	-9
4,02083	-10
4,02150	-10
4,02217	-10
4,02283	-10
4,02350	-10
4,02417	-10
4,02483	-10
4,02550	-10
4,02617	-10
4,02683	-10
4,02750	-10
4,02817	-10
4,02883	-10
4,02950	-10
4,03017	-10
4,03083	-10
4,03150	-10
4,03217	-10
4,03283	-10
4,03350	-10
4,03417	-10
4,03483	-10
4,03550	-10
4,03617	-10
4,03683	-10
4,03750	-10
4,03817	-10
4,03883	-10
4,03950	-10
4,04017	-10
4,04083	-10
4,04150	-10
4,04217	-10
4,04283	-10
4,04350	-11
4,04417	-10
4,04483	-10
4,04550	-10
4,04617	-10
4,04683	-10
4,04750	-10
4,04817	-10
4,04883	-10
4,04950	-10
4,05017	-10
4,05083	-10
4,05150	-10
4,05217	-10
4,05283	-10
4,05350	-10
4,05417	-9
4,05483	-9
4,05550	-9
4,05617	-9
4,05683	-9
4,05750	-9
4,05817	-9
4,05883	-9
4,05950	-9
4,06017	-9
4,06083	-8
4,06150	-8
4,06217	-8
4,06283	-8
4,06350	-8
4,06417	-7
4,06483	-7
4,06550	-7
4,06617	-7
4,06683	-7
4,06750	-7
4,06817	-7
4,06883	-6
4,06950	-6
4,07017	-6
4,07083	-6
4,07150	-5
4,07217	-5
4,07283	-5
4,07350	-5
4,07417	-5
4,07483	-5
4,07550	-5
4,07617	-5
4,07683	-4
4,07750	-4
4,07817	-4
4,07883	-4
4,07950	-3
4,08017	-3
4,08083	-3
4,08150	-3
4,08217	-3
4,08283	-3
4,08350	-3
4,08417	-3
4,08483	-3
4,08550	-3
4,08617	-3
4,08683	-3
4,08750	-3
4,08817	-3
4,08883	-3
4,08950	-3
4,09017	-2
4,09083	-2
4,09150	-2
4,09217	-2
4,09283	-2
4,09350	-3
4,09417	-3
4,09483	-3
4,09550	-3
4,09617	-3
4,09683	-3
4,09750	-4
4,09817	-4
4,09883	-4
4,09950	-4
4,10017	-5
4,10083	-5
4,10150	-5
4,10217	-6
4,10283	-6
4,10350	-6
4,10417	-6
4,10483	-6
4,10550	-7
4,10617	-7
4,10683	-7
4,10750	-6
4,10817	-6
4,10883	-6
4,10950	-6
4,11017	-6
4,11083	-6
4,11150	-5
4,11217	-5
4,11283	-5
4,11350	-5
4,11417	-5
4,11483	-4
4,11550	-4
4,11617	-4
4,11683	-4
4,11750	-4
4,11817	-4
4,11883	-4
4,11950	-4
4,12017	-4
4,12083	-3
4,12150	-3
4,12217	-3
4,12283	-3
4,12350	-3
4,12417	-3
4,12483	-4
4,12550	-4
4,12617	-4
4,12683	-4
4,12750	-4
4,12817	-4
4,12883	-4
4,12950	-4
4,13017	-4
4,13083	-4
4,13150	-4
4,13217	-4
4,13283	-4
4,13350	-4
4,13417	-4
4,13483	-4
4,13550	-4
4,13617	-4
4,13683	-4
4,13750	-4
4,13817	-4
4,13883	-3
4,13950	-3
4,14017	-3
4,14083	-3
4,14150	-3
4,14217	-3
4,14283	-4
4,14350	-4
4,14417	-4
4,14483	-4
4,14550	-4
4,14617	-5
4,14683	-5
4,14750	-5
4,14817	-5
4,14883	-5
4,14950	-6
4,15017	-6
4,15083	-6
4,15150	-6
4,15217	-7
4,15283	-7
4,15350	-7
4,15417	-7
4,15483	-7
4,15550	-7
4,15617	-7
4,15683	-7
4,15750	-7
4,15817	-7
4,15883	-7
4,15950	-7
4,16017	-8
4,16083	-8
4,16150	-8
4,16217	-8
4,16283	-8
4,16350	-8
4,16417	-8
4,16483	-8
4,16550	-8
4,16617	-8
4,16683	-8
4,16750	-8
4,16817	-8
4,16883	-8
4,16950	-8
4,17017	-8
4,17083	-8
4,17150	-8
4,17217	-8
4,17283	-8
4,17350	-8
4,17417	-8
4,17483	-8
4,17550	-8
4,17617	-8
4,17683	-8
4,17750	-8
4,17817	-9
4,17883	-9
4,17950	-9
4,18017	-9
4,18083	-9
4,18150	-9
4,18217	-9
4,18283	-9
4,18350	-9
4,18417	-8
4,18483	-8
4,18550	-8
4,18617	-8
4,18683	-8
4,18750	-9
4,18817	-9
4,18883	-9
4,18950	-9
4,19017	-9
4,19083	-9
4,19150	-8
4,19217	-8
4,19283	-8
4,19350	-8
4,19417	-8
4,19483	-8
4,19550	-8
4,19617	-8
4,19683	-8
4,19750	-8
4,19817	-8
4,19883	-8
4,19950	-8
4,20017	-8
4,20083	-8
4,20150	-8
4,20217	-8
4,20283	-8
4,20350	-8
4,20417	-8
4,20483	-9
4,20550	-9
4,20617	-9
4,20683	-10
4,20750	-10
4,20817	-10
4,20883	-10
4,20950	-11
4,21017	-11
4,21083	-11
4,21150	-11
4,21217	-12
4,21283	-12
4,21350	-12
4,21417	-12
4,21483	-12
4,21550	-13
4,21617	-13
4,21683	-13
4,21750	-13
4,21817	-13
4,21883	-13
4,21950	-13
4,22017	-12
4,22083	-12
4,22150	-12
4,22217	-12
4,22283	-12
4,22350	-12
4,22417	-12
4,22483	-11
4,22550	-11
4,22617	-11
4,22683	-11
4,22750	-11
4,22817	-11
4,22883	-11
4,22950	-10
4,23017	-10
4,23083	-10
4,23150	-10
4,23217	-10
4,23283	-10
4,23350	-10
4,23417	-10
4,23483	-10
4,23550	-10
4,23617	-10
4,23683	-10
4,23750	-10
4,23817	-11
4,23883	-11
4,23950	-11
4,24017	-11
4,24083	-11
4,24150	-12
4,24217	-12
4,24283	-12
4,24350	-12
4,24417	-12
4,24483	-13
4,24550	-13
4,24617	-13
4,24683	-13
4,24750	-12
4,24817	-12
4,24883	-12
4,24950	-12
4,25017	-12
4,25083	-12
4,25150	-12
4,25217	-11
4,25283	-11
4,25350	-11
4,25417	-11
4,25483	-11
4,25550	-11
4,25617	-12
4,25683	-12
4,25750	-12
4,25817	-12
4,25883	-12
4,25950	-13
4,26017	-13
4,26083	-13
4,26150	-13
4,26217	-12
4,26283	-12
4,26350	-12
4,26417	-12
4,26483	-12
4,26550	-12
4,26617	-12
4,26683	-12
4,26750	-12
4,26817	-12
4,26883	-13
4,26950	-13
4,27017	-13
4,27083	-12
4,27150	-12
4,27217	-12
4,27283	-12
4,27350	-12
4,27417	-11
4,27483	-11
4,27550	-10
4,27617	-10
4,27683	-10
4,27750	-10
4,27817	-10
4,27883	-10
4,27950	-10
4,28017	-9
4,28083	-9
4,28150	-9
4,28217	-8
4,28283	-8
4,28350	-8
4,28417	-8
4,28483	-7
4,28550	-7
4,28617	-7
4,28683	-7
4,28750	-6
4,28817	-6
4,28883	-6
4,28950	-6
4,29017	-6
4,29083	-6
4,29150	-6
4,29217	-6
4,29283	-6
4,29350	-6
4,29417	-6
4,29483	-6
4,29550	-6
4,29617	-6
4,29683	-6
4,29750	-7
4,29817	-7
4,29883	-7
4,29950	-8
4,30017	-8
4,30083	-8
4,30150	-8
4,30217	-8
4,30283	-8
4,30350	-8
4,30417	-8
4,30483	-8
4,30550	-8
4,30617	-9
4,30683	-9
4,30750	-9
4,30817	-9
4,30883	-9
4,30950	-9
4,31017	-10
4,31083	-10
4,31150	-10
4,31217	-11
4,31283	-11
4,31350	-11
4,31417	-11
4,31483	-11
4,31550	-11
4,31617	-12
4,31683	-12
4,31750	-12
4,31817	-12
4,31883	-12
4,31950	-13
4,32017	-13
4,32083	-13
4,32150	-13
4,32217	-14
4,32283	-14
4,32350	-14
4,32417	-14
4,32483	-14
4,32550	-13
4,32617	-13
4,32683	-13
4,32750	-12
4,32817	-12
4,32883	-12
4,32950	-11
4,33017	-11
4,33083	-11
4,33150	-11
4,33217	-10
4,33283	-10
4,33350	-10
4,33417	-10
4,33483	-10
4,33550	-10
4,33617	-10
4,33683	-9
4,33750	-9
4,33817	-9
4,33883	-9
4,33950	-9
4,34017	-9
4,34083	-9
4,34150	-9
4,34217	-9
4,34283	-9
4,34350	-9
4,34417	-10
4,34483	-10
4,34550	-10
4,34617	-10
4,34683	-10
4,34750	-9
4,34817	-9
4,34883	-10
4,34950	-10
4,35017	-10
4,35083	-10
4,35150	-10
4,35217	-10
4,35283	-10
4,35350	-10
4,35417	-11
4,35483	-11
4,35550	-11
4,35617	-11
4,35683	-12
4,35750	-12
4,35817	-12
4,35883	-12
4,35950	-12
4,36017	-12
4,36083	-12
4,36150	-12
4,36217	-12
4,36283	-13
4,36350	-13
4,36417	-13
4,36483	-13
4,36550	-13
4,36617	-13
4,36683	-12
4,36750	-12
4,36817	-12
4,36883	-12
4,36950	-12
4,37017	-11
4,37083	-11
4,37150	-11
4,37217	-11
4,37283	-11
4,37350	-11
4,37417	-11
4,37483	-11
4,37550	-11
4,37617	-11
4,37683	-11
4,37750	-11
4,37817	-11
4,37883	-10
4,37950	-10
4,38017	-10
4,38083	-9
4,38150	-9
4,38217	-8
4,38283	-8
4,38350	-8
4,38417	-8
4,38483	-8
4,38550	-8
4,38617	-8
4,38683	-8
4,38750	-8
4,38817	-8
4,38883	-8
4,38950	-8
4,39017	-8
4,39083	-8
4,39150	-8
4,39217	-8
4,39283	-8
4,39350	-8
4,39417	-8
4,39483	-8
4,39550	-8
4,39617	-8
4,39683	-9
4,39750	-9
4,39817	-9
4,39883	-10
4,39950	-10
4,40017	-10
4,40083	-10
4,40150	-11
4,40217	-11
4,40283	-11
4,40350	-11
4,40417	-10
4,40483	-10
4,40550	-10
4,40617	-10
4,40683	-10
4,40750	-9
4,40817	-9
4,40883	-9
4,40950	-8
4,41017	-8
4,41083	-8
4,41150	-8
4,41217	-8
4,41283	-8
4,41350	-7
4,41417	-7
4,41483	-7
4,41550	-8
4,41617	-8
4,41683	-8
4,41750	-8
4,41817	-8
4,41883	-8
4,41950	-8
4,42017	-8
4,42083	-8
4,42150	-8
4,42217	-8
4,42283	-8
4,42350	-8
4,42417	-8
4,42483	-7
4,42550	-7
4,42617	-7
4,42683	-8
4,42750	-8
4,42817	-8
4,42883	-8
4,42950	-9
4,43017	-9
4,43083	-9
4,43150	-9
4,43217	-9
4,43283	-9
4,43350	-9
4,43417	-9
4,43483	-9
4,43550	-9
4,43617	-9
4,43683	-9
4,43750	-9
4,43817	-10
4,43883	-10
4,43950	-10
4,44017	-10
4,44083	-10
4,44150	-10
4,44217	-9
4,44283	-9
4,44350	-9
4,44417	-9
4,44483	-9
4,44550	-9
4,44617	-9
4,44683	-9
4,44750	-9
4,44817	-9
4,44883	-9
4,44950	-9
4,45017	-9
4,45083	-9
4,45150	-9
4,45217	-9
4,45283	-10
4,45350	-10
4,45417	-10
4,45483	-10
4,45550	-10
4,45617	-10
4,45683	-10
4,45750	-10
4,45817	-10
4,45883	-10
4,45950	-10
4,46017	-10
4,46083	-10
4,46150	-10
4,46217	-11
4,46283	-11
4,46350	-11
4,46417	-11
4,46483	-11
4,46550	-11
4,46617	-11
4,46683	-11
4,46750	-11
4,46817	-11
4,46883	-11
4,46950	-11
4,47017	-10
4,47083	-10
4,47150	-9
4,47217	-9
4,47283	-9
4,47350	-9
4,47417	-9
4,47483	-9
4,47550	-9
4,47617	-9
4,47683	-8
4,47750	-8
4,47817	-8
4,47883	-8
4,47950	-8
4,48017	-8
4,48083	-8
4,48150	-8
4,48217	-8
4,48283	-8
4,48350	-7
4,48417	-7
4,48483	-7
4,48550	-6
4,48617	-6
4,48683	-6
4,48750	-5
4,48817	-5
4,48883	-5
4,48950	-4
4,49017	-4
4,49083	-4
4,49150	-4
4,49217	-5
4,49283	-5
4,49350	-5
4,49417	-5
4,49483	-6
4,49550	-6
4,49617	-6
4,49683	-6
4,49750	-6
4,49817	-6
4,49883	-6
4,49950	-7
4,50017	-7
4,50083	-7
4,50150	-7
4,50217	-7
4,50283	-8
4,50350	-8
4,50417	-8
4,50483	-8
4,50550	-8
4,50617	-8
4,50683	-8
4,50750	-8
4,50817	-8
4,50883	-8
4,50950	-8
4,51017	-8
4,51083	-7
4,51150	-7
4,51217	-7
4,51283	-7
4,51350	-7
4,51417	-7
4,51483	-7
4,51550	-7
4,51617	-7
4,51683	-7
4,51750	-7
4,51817	-6
4,51883	-6
4,51950	-6
4,52017	-6
4,52083	-5
4,52150	-5
4,52217	-5
4,52283	-5
4,52350	-5
4,52417	-5
4,52483	-5
4,52550	-5
4,52617	-5
4,52683	-5
4,52750	-5
4,52817	-5
4,52883	-4
4,52950	-4
4,53017	-4
4,53083	-4
4,53150	-4
4,53217	-4
4,53283	-5
4,53350	-5
4,53417	-5
4,53483	-5
4,53550	-5
4,53617	-5
4,53683	-5
4,53750	-5
4,53817	-5
4,53883	-5
4,53950	-5
4,54017	-5
4,54083	-5
4,54150	-5
4,54217	-5
4,54283	-5
4,54350	-5
4,54417	-6
4,54483	-6
4,54550	-6
4,54617	-6
4,54683	-6
4,54750	-6
4,54817	-6
4,54883	-5
4,54950	-5
4,55017	-5
4,55083	-5
4,55150	-5
4,55217	-5
4,55283	-5
4,55350	-5
4,55417	-4
4,55483	-4
4,55550	-4
4,55617	-4
4,55683	-4
4,55750	-4
4,55817	-4
4,55883	-4
4,55950	-4
4,56017	-4
4,56083	-4
4,56150	-4
4,56217	-4
4,56283	-4
4,56350	-4
4,56417	-4
4,56483	-4
4,56550	-4
4,56617	-4
4,56683	-4
4,56750	-4
4,56817	-4
4,56883	-4
4,56950	-4
4,57017	-5
4,57083	-5
4,57150	-5
4,57217	-5
4,57283	-5
4,57350	-5
4,57417	-5
4,57483	-4
4,57550	-4
4,57617	-4
4,57683	-4
4,57750	-4
4,57817	-4
4,57883	-4
4,57950	-4
4,58017	-4
4,58083	-3
4,58150	-3
4,58217	-3
4,58283	-2
4,58350	-2
4,58417	-2
4,58483	-2
4,58550	-1
4,58617	-2
4,58683	-2
4,58750	-2
4,58817	-2
4,58883	-2
4,58950	-2
4,59017	-2
4,59083	-2
4,59150	-2
4,59217	-2
4,59283	-2
4,59350	-1
4,59417	-1
4,59483	-1
4,59550	-1
4,59617	-1
4,59683	-2
4,59750	-2
4,59817	-2
4,59883	-2
4,59950	-3
4,60017	-3
4,60083	-3
4,60150	-3
4,60217	-3
4,60283	-2
4,60350	-2
4,60417	-2
4,60483	-2
4,60550	-2
4,60617	-2
4,60683	-2
4,60750	-3
4,60817	-3
4,60883	-3
4,60950	-4
4,61017	-4
4,61083	-4
4,61150	-4
4,61217	-4
4,61283	-4
4,61350	-4
4,61417	-4
4,61483	-4
4,61550	-4
4,61617	-4
4,61683	-5
4,61750	-5
4,61817	-5
4,61883	-5
4,61950	-5
4,62017	-5
4,62083	-5
4,62150	-5
4,62217	-5
4,62283	-5
4,62350	-5
4,62417	-5
4,62483	-5
4,62550	-5
4,62617	-5
4,62683	-4
4,62750	-4
4,62817	-4
4,62883	-3
4,62950	-3
4,63017	-3
4,63083	-3
4,63150	-3
4,63217	-3
4,63283	-3
4,63350	-3
4,63417	-3
4,63483	-3
4,63550	-3
4,63617	-3
4,63683	-2
4,63750	-2
4,63817	-2
4,63883	-2
4,63950	-1
4,64017	-1
4,64083	-1
4,64150	-1
4,64217	-1
4,64283	-1
4,64350	-1
4,64417	-1
4,64483	-1
4,64550	-0
4,64617	-0
4,64683	-0
4,64750	-0
4,64817	-0
4,64883	0
4,64950	0
4,65017	0
4,65083	0
4,65150	0
4,65217	0
4,65283	0
4,65350	0
4,65417	0
4,65483	0
4,65550	0
4,65617	0
4,65683	0
4,65750	0
4,65817	0
4,65883	1
4,65950	1
4,66017	1
4,66083	1
4,66150	0
4,66217	0
4,66283	0
4,66350	-0
4,66417	-0
4,66483	-1
4,66550	-1
4,66617	-1
4,66683	-1
4,66750	-1
4,66817	-1
4,66883	-1
4,66950	-2
4,67017	-2
4,67083	-2
4,67150	-3
4,67217	-3
4,67283	-3
4,67350	-4
4,67417	-4
4,67483	-4
4,67550	-4
4,67617	-4
4,67683	-4
4,67750	-3
4,67817	-3
4,67883	-3
4,67950	-3
4,68017	-3
4,68083	-3
4,68150	-3
4,68217	-3
4,68283	-3
4,68350	-3
4,68417	-4
4,68483	-4
4,68550	-4
4,68617	-5
4,68683	-5
4,68750	-5
4,68817	-5
4,68883	-5
4,68950	-6
4,69017	-6
4,69083	-6
4,69150	-6
4,69217	-6
4,69283	-6
4,69350	-6
4,69417	-5
4,69483	-5
4,69550	-5
4,69617	-5
4,69683	-5
4,69750	-5
4,69817	-5
4,69883	-5
4,69950	-5
4,70017	-5
4,70083	-5
4,70150	-5
4,70217	-5
4,70283	-5
4,70350	-6
4,70417	-6
4,70483	-6
4,70550	-6
4,70617	-6
4,70683	-6
4,70750	-6
4,70817	-6
4,70883	-6
4,70950	-6
4,71017	-5
4,71083	-5
4,71150	-5
4,71217	-5
4,71283	-5
4,71350	-5
4,71417	-5
4,71483	-5
4,71550	-5
4,71617	-5
4,71683	-5
4,71750	-5
4,71817	-5
4,71883	-5
4,71950	-5
4,72017	-5
4,72083	-5
4,72150	-5
4,72217	-5
4,72283	-5
4,72350	-5
4,72417	-5
4,72483	-6
4,72550	-6
4,72617	-6
4,72683	-7
4,72750	-7
4,72817	-8
4,72883	-8
4,72950	-9
4,73017	-9
4,73083	-9
4,73150	-10
4,73217	-10
4,73283	-10
4,73350	-10
4,73417	-10
4,73483	-10
4,73550	-11
4,73617	-11
4,73683	-11
4,73750	-11
4,73817	-11
4,73883	-11
4,73950	-11
4,74017	-11
4,74083	-11
4,74150	-10
4,74217	-10
4,74283	-11
4,74350	-11
4,74417	-11
4,74483	-11
4,74550	-11
4,74617	-11
4,74683	-11
4,74750	-11
4,74817	-11
4,74883	-11
4,74950	-11
4,75017	-11
4,75083	-11
4,75150	-11
4,75217	-11
4,75283	-11
4,75350	-11
4,75417	-10
4,75483	-10
4,75550	-10
4,75617	-10
4,75683	-10
4,75750	-10
4,75817	-10
4,75883	-10
4,75950	-10
4,76017	-10
4,76083	-10
4,76150	-10
4,76217	-10
4,76283	-9
4,76350	-9
4,76417	-9
4,76483	-9
4,76550	-8
4,76617	-8
4,76683	-8
4,76750	-8
4,76817	-8
4,76883	-8
4,76950	-8
4,77017	-8
4,77083	-8
4,77150	-9
4,77217	-9
4,77283	-9
4,77350	-9
4,77417	-9
4,77483	-9
4,77550	-9
4,77617	-9
4,77683	-9
4,77750	-9
4,77817	-9
4,77883	-9
4,77950	-9
4,78017	-9
4,78083	-10
4,78150	-10
4,78217	-10
4,78283	-10
4,78350	-10
4,78417	-10
4,78483	-11
4,78550	-11
4,78617	-11
4,78683	-11
4,78750	-11
4,78817	-11
4,78883	-11
4,78950	-12
4,79017	-12
4,79083	-12
4,79150	-12
4,79217	-12
4,79283	-12
4,79350	-12
4,79417	-12
4,79483	-12
4,79550	-12
4,79617	-12
4,79683	-12
4,79750	-12
4,79817	-12
4,79883	-12
4,79950	-12
4,80017	-12
4,80083	-12
4,80150	-12
4,80217	-12
4,80283	-12
4,80350	-11
4,80417	-11
4,80483	-11
4,80550	-11
4,80617	-11
4,80683	-11
4,80750	-11
4,80817	-11
4,80883	-11
4,80950	-11
4,81017	-11
4,81083	-12
4,81150	-12
4,81217	-12
4,81283	-12
4,81350	-12
4,81417	-11
4,81483	-11
4,81550	-11
4,81617	-11
4,81683	-11
4,81750	-11
4,81817	-10
4,81883	-10
4,81950	-10
4,82017	-10
4,82083	-10
4,82150	-10
4,82217	-10
4,82283	-10
4,82350	-11
4,82417	-11
4,82483	-11
4,82550	-11
4,82617	-11
4,82683	-11
4,82750	-11
4,82817	-11
4,82883	-11
4,82950	-10
4,83017	-10
4,83083	-10
4,83150	-10
4,83217	-10
4,83283	-10
4,83350	-10
4,83417	-11
4,83483	-11
4,83550	-10
4,83617	-10
4,83683	-10
4,83750	-10
4,83817	-10
4,83883	-10
4,83950	-10
4,84017	-10
4,84083	-10
4,84150	-10
4,84217	-10
4,84283	-10
4,84350	-10
4,84417	-10
4,84483	-10
4,84550	-10
4,84617	-10
4,84683	-10
4,84750	-10
4,84817	-10
4,84883	-9
4,84950	-9
4,85017	-9
4,85083	-9
4,85150	-9
4,85217	-9
4,85283	-9
4,85350	-9
4,85417	-9
4,85483	-10
4,85550	-10
4,85617	-10
4,85683	-10
4,85750	-10
4,85817	-10
4,85883	-11
4,85950	-11
4,86017	-11
4,86083	-11
4,86150	-11
4,86217	-11
4,86283	-12
4,86350	-12
4,86417	-12
4,86483	-12
4,86550	-13
4,86617	-13
4,86683	-13
4,86750	-13
4,86817	-13
4,86883	-13
4,86950	-13
4,87017	-13
4,87083	-13
4,87150	-13
4,87217	-13
4,87283	-14
4,87350	-14
4,87417	-14
4,87483	-14
4,87550	-14
4,87617	-14
4,87683	-14
4,87750	-14
4,87817	-14
4,87883	-14
4,87950	-14
4,88017	-14
4,88083	-14
4,88150	-14
4,88217	-15
4,88283	-15
4,88350	-15
4,88417	-15
4,88483	-15
4,88550	-14
4,88617	-14
4,88683	-14
4,88750	-14
4,88817	-14
4,88883	-13
4,88950	-13
4,89017	-13
4,89083	-13
4,89150	-13
4,89217	-12
4,89283	-12
4,89350	-12
4,89417	-13
4,89483	-13
4,89550	-13
4,89617	-14
4,89683	-14
4,89750	-14
4,89817	-14
4,89883	-14
4,89950	-14
4,90017	-13
4,90083	-13
4,90150	-13
4,90217	-13
4,90283	-13
4,90350	-13
4,90417	-12
4,90483	-12
4,90550	-12
4,90617	-12
4,90683	-12
4,90750	-12
4,90817	-12
4,90883	-12
4,90950	-12
4,91017	-13
4,91083	-13
4,91150	-12
4,91217	-12
4,91283	-12
4,91350	-12
4,91417	-12
4,91483	-12
4,91550	-12
4,91617	-12
4,91683	-13
4,91750	-13
4,91817	-13
4,91883	-13
4,91950	-13
4,92017	-13
4,92083	-13
4,92150	-13
4,92217	-13
4,92283	-13
4,92350	-13
4,92417	-12
4,92483	-12
4,92550	-12
4,92617	-12
4,92683	-12
4,92750	-12
4,92817	-12
4,92883	-12
4,92950	-12
4,93017	-12
4,93083	-12
4,93150	-12
4,93217	-12
4,93283	-12
4,93350	-12
4,93417	-12
4,93483	-12
4,93550	-12
4,93617	-12
4,93683	-12
4,93750	-12
4,93817	-12
4,93883	-12
4,93950	-13
4,94017	-13
4,94083	-13
4,94150	-14
4,94217	-14
4,94283	-14
4,94350	-14
4,94417	-14
4,94483	-15
4,94550	-15
4,94617	-15
4,94683	-14
4,94750	-14
4,94817	-14
4,94883	-14
4,94950	-13
4,95017	-13
4,95083	-13
4,95150	-12
4,95217	-12
4,95283	-11
4,95350	-11
4,95417	-11
4,95483	-11
4,95550	-11
4,95617	-11
4,95683	-11
4,95750	-11
4,95817	-11
4,95883	-11
4,95950	-11
4,96017	-11
4,96083	-11
4,96150	-11
4,96217	-11
4,96283	-10
4,96350	-10
4,96417	-10
4,96483	-10
4,96550	-10
4,96617	-9
4,96683	-9
4,96750	-9
4,96817	-9
4,96883	-9
4,96950	-9
4,97017	-9
4,97083	-9
4,97150	-9
4,97217	-9
4,97283	-10
4,97350	-10
4,97417	-10
4,97483	-10
4,97550	-10
4,97617	-10
4,97683	-10
4,97750	-10
4,97817	-10
4,97883	-10
4,97950	-10
4,98017	-10
4,98083	-10
4,98150	-10
4,98217	-11
4,98283	-11
4,98350	-11
4,98417	-11
4,98483	-11
4,98550	-11
4,98617	-11
4,98683	-11
4,98750	-11
4,98817	-11
4,98883	-12
4,98950	-12
4,99017	-12
4,99083	-12
4,99150	-13
4,99217	-13
4,99283	-13
4,99350	-14
4,99417	-14
4,99483	-14
4,99550	-14
4,99617	-14
4,99683	-14
4,99750	-14
4,99817	-14
4,99883	-14
4,99950	-14
5,00017	-14
5,00083	-14
5,00150	-14
5,00217	-14
5,00283	-14
5,00350	-14
5,00417	-14
5,00483	-14
5,00550	-14
5,00617	-15
5,00683	-15
5,00750	-15
5,00817	-15
5,00883	-14
5,00950	-14
5,01017	-14
5,01083	-14
5,01150	-13
5,01217	-13
5,01283	-13
5,01350	-13
5,01417	-13
5,01483	-13
5,01550	-13
5,01617	-13
5,01683	-13
5,01750	-13
5,01817	-13
5,01883	-13
5,01950	-13
5,02017	-13
5,02083	-13
5,02150	-13
5,02217	-13
5,02283	-13
5,02350	-12
5,02417	-12
5,02483	-12
5,02550	-12
5,02617	-12
5,02683	-12
5,02750	-12
5,02817	-12
5,02883	-12
5,02950	-12
5,03017	-12
5,03083	-12
5,03150	-12
5,03217	-13
5,03283	-13
5,03350	-13
5,03417	-14
5,03483	-14
5,03550	-14
5,03617	-15
5,03683	-15
5,03750	-15
5,03817	-16
5,03883	-16
5,03950	-16
5,04017	-16
5,04083	-16
5,04150	-15
5,04217	-15
5,04283	-15
5,04350	-15
5,04417	-15
5,04483	-15
5,04550	-15
5,04617	-15
5,04683	-15
5,04750	-15
5,04817	-15
5,04883	-15
5,04950	-15
5,05017	-15
5,05083	-15
5,05150	-14
5,05217	-14
5,05283	-14
5,05350	-13
5,05417	-13
5,05483	-13
5,05550	-13
5,05617	-13
5,05683	-13
5,05750	-13
5,05817	-13
5,05883	-13
5,05950	-13
5,06017	-13
5,06083	-13
5,06150	-13
5,06217	-13
5,06283	-13
5,06350	-13
5,06417	-13
5,06483	-13
5,06550	-13
5,06617	-13
5,06683	-13
5,06750	-13
5,06817	-13
5,06883	-13
5,06950	-13
5,07017	-13
5,07083	-13
5,07150	-13
5,07217	-13
5,07283	-13
5,07350	-12
5,07417	-12
5,07483	-12
5,07550	-12
5,07617	-12
5,07683	-12
5,07750	-12
5,07817	-12
5,07883	-12
5,07950	-12
5,08017	-12
5,08083	-12
5,08150	-11
5,08217	-11
5,08283	-11
5,08350	-11
5,08417	-10
5,08483	-10
5,08550	-9
5,08617	-9
5,08683	-9
5,08750	-9
5,08817	-8
5,08883	-8
5,08950	-8
5,09017	-7
5,09083	-7
5,09150	-7
5,09217	-7
5,09283	-6
5,09350	-6
5,09417	-6
5,09483	-5
5,09550	-5
5,09617	-5
5,09683	-5
5,09750	-4
5,09817	-4
5,09883	-4
5,09950	-4
5,10017	-4
5,10083	-4
5,10150	-4
5,10217	-4
5,10283	-4
5,10350	-4
5,10417	-4
5,10483	-3
5,10550	-3
5,10617	-3
5,10683	-2
5,10750	-2
5,10817	-2
5,10883	-1
5,10950	-1
5,11017	-1
5,11083	-1
5,11150	-1
5,11217	-1
5,11283	-1
5,11350	-1
5,11417	-1
5,11483	-0
5,11550	0
5,11617	0
5,11683	0
5,11750	0
5,11817	0
5,11883	1
5,11950	1
5,12017	1
5,12083	1
5,12150	1
5,12217	1
5,12283	1
5,12350	1
5,12417	2
5,12483	2
5,12550	2
5,12617	2
5,12683	2
5,12750	2
5,12817	2
5,12883	2
5,12950	2
5,13017	2
5,13083	2
5,13150	2
5,13217	2
5,13283	1
5,13350	1
5,13417	1
5,13483	1
5,13550	1
5,13617	1
5,13683	1
5,13750	1
5,13817	0
5,13883	0
5,13950	0
5,14017	0
5,14083	-0
5,14150	-0
5,14217	-1
5,14283	-1
5,14350	-1
5,14417	-1
5,14483	-1
5,14550	-0
5,14617	-0
5,14683	-0
5,14750	-0
5,14817	-0
5,14883	0
5,14950	0
5,15017	0
5,15083	0
5,15150	0
5,15217	0
5,15283	0
5,15350	0
5,15417	0
5,15483	0
5,15550	0
5,15617	0
5,15683	0
5,15750	0
5,15817	-0
5,15883	-1
5,15950	-1
5,16017	-1
5,16083	-2
5,16150	-2
5,16217	-3
5,16283	-4
5,16350	-4
5,16417	-4
5,16483	-5
5,16550	-5
5,16617	-5
5,16683	-5
5,16750	-5
5,16817	-5
5,16883	-5
5,16950	-4
5,17017	-4
5,17083	-4
5,17150	-4
5,17217	-4
5,17283	-4
5,17350	-4
5,17417	-4
5,17483	-4
5,17550	-4
5,17617	-4
5,17683	-4
5,17750	-4
5,17817	-4
5,17883	-4
5,17950	-4
5,18017	-4
5,18083	-4
5,18150	-4
5,18217	-4
5,18283	-4
5,18350	-4
5,18417	-4
5,18483	-4
5,18550	-4
5,18617	-3
5,18683	-3
5,18750	-3
5,18817	-2
5,18883	-2
5,18950	-2
5,19017	-2
5,19083	-2
5,19150	-2
5,19217	-2
5,19283	-2
5,19350	-2
5,19417	-3
5,19483	-3
5,19550	-3
5,19617	-3
5,19683	-3
5,19750	-3
5,19817	-3
5,19883	-3
5,19950	-3
5,20017	-3
5,20083	-3
5,20150	-3
5,20217	-3
5,20283	-3
5,20350	-3
5,20417	-3
5,20483	-4
5,20550	-4
5,20617	-5
5,20683	-5
5,20750	-5
5,20817	-5
5,20883	-5
5,20950	-6
5,21017	-6
5,21083	-6
5,21150	-6
5,21217	-6
5,21283	-6
5,21350	-6
5,21417	-6
5,21483	-6
5,21550	-5
5,21617	-5
5,21683	-5
5,21750	-5
5,21817	-5
5,21883	-5
5,21950	-5
5,22017	-4
5,22083	-4
5,22150	-4
5,22217	-3
5,22283	-3
5,22350	-3
5,22417	-3
5,22483	-3
5,22550	-3
5,22617	-2
5,22683	-2
5,22750	-2
5,22817	-2
5,22883	-3
5,22950	-3
5,23017	-3
5,23083	-4
5,23150	-4
5,23217	-4
5,23283	-4
5,23350	-5
5,23417	-5
5,23483	-5
5,23550	-5
5,23617	-5
5,23683	-6
5,23750	-6
5,23817	-6
5,23883	-6
5,23950	-7
5,24017	-7
5,24083	-7
5,24150	-8
5,24217	-8
5,24283	-8
5,24350	-9
5,24417	-9
5,24483	-9
5,24550	-9
5,24617	-10
5,24683	-10
5,24750	-10
5,24817	-10
5,24883	-10
5,24950	-10
5,25017	-10
5,25083	-10
5,25150	-9
5,25217	-9
5,25283	-9
5,25350	-8
5,25417	-8
5,25483	-8
5,25550	-8
5,25617	-7
5,25683	-7
5,25750	-7
5,25817	-7
5,25883	-7
5,25950	-7
5,26017	-7
5,26083	-7
5,26150	-7
5,26217	-7
5,26283	-7
5,26350	-7
5,26417	-6
5,26483	-6
5,26550	-6
5,26617	-5
5,26683	-5
5,26750	-5
5,26817	-5
5,26883	-5
5,26950	-5
5,27017	-4
5,27083	-4
5,27150	-4
5,27217	-4
5,27283	-4
5,27350	-3
5,27417	-3
5,27483	-2
5,27550	-2
5,27617	-2
5,27683	-1
5,27750	-1
5,27817	-1
5,27883	-1
5,27950	-1
5,28017	-1
5,28083	-1
5,28150	-1
5,28217	-0
5,28283	-0
5,28350	-0
5,28417	0
5,28483	1
5,28550	1
5,28617	1
5,28683	1
5,28750	2
5,28817	2
5,28883	2
5,28950	2
5,29017	2
5,29083	2
5,29150	1
5,29217	1
5,29283	1
5,29350	1
5,29417	1
5,29483	1
5,29550	1
5,29617	1
5,29683	1
5,29750	1
5,29817	0
5,29883	0
5,29950	0
5,30017	0
5,30083	0
5,30150	0
5,30217	0
5,30283	0
5,30350	-0
5,30417	-0
5,30483	-0
5,30550	-1
5,30617	-1
5,30683	-1
5,30750	-1
5,30817	-1
5,30883	-1
5,30950	-0
5,31017	0
5,31083	0
5,31150	0
5,31217	0
5,31283	0
5,31350	0
5,31417	0
5,31483	1
5,31550	1
5,31617	1
5,31683	1
5,31750	0
5,31817	0
5,31883	0
5,31950	0
5,32017	0
5,32083	-0
5,32150	-0
5,32217	-0
5,32283	-1
5,32350	-1
5,32417	-1
5,32483	-1
5,32550	-1
5,32617	-0
5,32683	-0
5,32750	0
5,32817	1
5,32883	1
5,32950	1
5,33017	1
5,33083	2
5,33150	2
5,33217	2
5,33283	2
5,33350	2
5,33417	2
5,33483	3
5,33550	3
5,33617	3
5,33683	3
5,33750	3
5,33817	4
5,33883	4
5,33950	4
5,34017	4
5,34083	5
5,34150	5
5,34217	5
5,34283	6
5,34350	6
5,34417	6
5,34483	6
5,34550	7
5,34617	7
5,34683	7
5,34750	7
5,34817	7
5,34883	7
5,34950	7
5,35017	7
5,35083	6
5,35150	6
5,35217	6
5,35283	6
5,35350	5
5,35417	5
5,35483	5
5,35550	5
5,35617	5
5,35683	5
5,35750	5
5,35817	5
5,35883	5
5,35950	5
5,36017	4
5,36083	4
5,36150	4
5,36217	4
5,36283	4
5,36350	4
5,36417	4
5,36483	3
5,36550	3
5,36617	3
5,36683	2
5,36750	2
5,36817	2
5,36883	2
5,36950	2
5,37017	1
5,37083	1
5,37150	1
5,37217	2
5,37283	2
5,37350	2
5,37417	2
5,37483	2
5,37550	2
5,37617	1
5,37683	1
5,37750	1
5,37817	1
5,37883	1
5,37950	1
5,38017	1
5,38083	1
5,38150	1
5,38217	1
5,38283	1
5,38350	1
5,38417	0
5,38483	0
5,38550	0
5,38617	0
5,38683	-0
5,38750	-0
5,38817	-1
5,38883	-1
5,38950	-1
5,39017	-2
5,39083	-2
5,39150	-2
5,39217	-2
5,39283	-3
5,39350	-3
5,39417	-3
5,39483	-3
5,39550	-4
5,39617	-4
5,39683	-4
5,39750	-5
5,39817	-5
5,39883	-5
5,39950	-5
5,40017	-5
5,40083	-5
5,40150	-5
5,40217	-5
5,40283	-5
5,40350	-4
5,40417	-4
5,40483	-4
5,40550	-4
5,40617	-3
5,40683	-3
5,40750	-3
5,40817	-3
5,40883	-2
5,40950	-2
5,41017	-2
5,41083	-2
5,41150	-2
5,41217	-2
5,41283	-2
5,41350	-3
5,41417	-3
5,41483	-3
5,41550	-4
5,41617	-4
5,41683	-4
5,41750	-4
5,41817	-5
5,41883	-5
5,41950	-5
5,42017	-5
5,42083	-6
5,42150	-6
5,42217	-6
5,42283	-6
5,42350	-6
5,42417	-6
5,42483	-6
5,42550	-6
5,42617	-6
5,42683	-5
5,42750	-5
5,42817	-5
5,42883	-6
5,42950	-6
5,43017	-6
5,43083	-6
5,43150	-6
5,43217	-6
5,43283	-7
5,43350	-7
5,43417	-7
5,43483	-7
5,43550	-7
5,43617	-7
5,43683	-7
5,43750	-7
5,43817	-7
5,43883	-7
5,43950	-7
5,44017	-7
5,44083	-8
5,44150	-8
5,44217	-8
5,44283	-9
5,44350	-9
5,44417	-9
5,44483	-9
5,44550	-9
5,44617	-9
5,44683	-9
5,44750	-9
5,44817	-9
5,44883	-9
5,44950	-9
5,45017	-9
5,45083	-9
5,45150	-9
5,45217	-9
5,45283	-9
5,45350	-9
5,45417	-9
5,45483	-9
5,45550	-9
5,45617	-9
5,45683	-9
5,45750	-9
5,45817	-9
5,45883	-9
5,45950	-9
5,46017	-9
5,46083	-9
5,46150	-9
5,46217	-9
5,46283	-10
5,46350	-10
5,46417	-10
5,46483	-10
5,46550	-10
5,46617	-10
5,46683	-10
5,46750	-11
5,46817	-11
5,46883	-11
5,46950	-11
5,47017	-12
5,47083	-12
5,47150	-12
5,47217	-13
5,47283	-13
5,47350	-13
5,47417	-13
5,47483	-13
5,47550	-13
5,47617	-13
5,47683	-13
5,47750	-13
5,47817	-13
5,47883	-13
5,47950	-13
5,48017	-13
5,48083	-13
5,48150	-13
5,48217	-13
5,48283	-13
5,48350	-13
5,48417	-12
5,48483	-12
5,48550	-12
5,48617	-12
5,48683	-11
5,48750	-11
5,48817	-11
5,48883	-11
5,48950	-11
5,49017	-10
5,49083	-10
5,49150	-10
5,49217	-10
5,49283	-10
5,49350	-10
5,49417	-10
5,49483	-10
5,49550	-10
5,49617	-10
5,49683	-10
5,49750	-10
5,49817	-10
5,49883	-10
5,49950	-10
5,50017	-10
5,50083	-9
5,50150	-9
5,50217	-9
5,50283	-8
5,50350	-6
5,50417	-5
5,50483	-3
5,50550	0
5,50617	4
5,50683	8
5,50750	13
5,50817	20
5,50883	28
5,50950	37
5,51017	47
5,51083	60
5,51150	74
5,51217	90
5,51283	108
5,51350	129
5,51417	151
5,51483	176
5,51550	202
5,51617	231
5,51683	261
5,51750	292
5,51817	324
5,51883	357
5,51950	390
5,52017	423
5,52083	456
5,52150	488
5,52217	518
5,52283	546
5,52350	573
5,52417	596
5,52483	617
5,52550	635
5,52617	649
5,52683	660
5,52750	669
5,52817	674
5,52883	675
5,52950	674
5,53017	670
5,53083	663
5,53150	653
5,53217	641
5,53283	627
5,53350	611
5,53417	593
5,53483	574
5,53550	553
5,53617	531
5,53683	509
5,53750	486
5,53817	464
5,53883	441
5,53950	418
5,54017	396
5,54083	374
5,54150	353
5,54217	332
5,54283	312
5,54350	292
5,54417	273
5,54483	255
5,54550	238
5,54617	222
5,54683	206
5,54750	192
5,54817	178
5,54883	165
5,54950	152
5,55017	140
5,55083	129
5,55150	119
5,55217	109
5,55283	100
5,55350	92
5,55417	84
5,55483	77
5,55550	70
5,55617	64
5,55683	58
5,55750	53
5,55817	48
5,55883	43
5,55950	39
5,56017	35
5,56083	32
5,56150	28
5,56217	26
5,56283	23
5,56350	21
5,56417	19
5,56483	17
5,56550	15
5,56617	14
5,56683	12
5,56750	11
5,56817	9
5,56883	8
5,56950	6
5,57017	5
5,57083	5
5,57150	4
5,57217	3
5,57283	3
5,57350	2
5,57417	2
5,57483	1
5,57550	1
5,57617	1
5,57683	1
5,57750	0
5,57817	0
5,57883	0
5,57950	-0
5,58017	-1
5,58083	-1
5,58150	-1
5,58217	-1
5,58283	-2
5,58350	-2
5,58417	-3
5,58483	-3
5,58550	-3
5,58617	-4
5,58683	-4
5,58750	-4
5,58817	-5
5,58883	-5
5,58950	-6
5,59017	-6
5,59083	-6
5,59150	-6
5,59217	-6
5,59283	-7
5,59350	-7
5,59417	-6
5,59483	-6
5,59550	-6
5,59617	-6
5,59683	-6
5,59750	-6
5,59817	-7
5,59883	-7
5,59950	-7
5,60017	-7
5,60083	-7
5,60150	-7
5,60217	-8
5,60283	-8
5,60350	-8
5,60417	-8
5,60483	-8
5,60550	-9
5,60617	-9
5,60683	-9
5,60750	-9
5,60817	-9
5,60883	-9
5,60950	-9
5,61017	-9
5,61083	-9
5,61150	-9
5,61217	-10
5,61283	-10
5,61350	-10
5,61417	-10
5,61483	-10
5,61550	-11
5,61617	-11
5,61683	-11
5,61750	-11
5,61817	-11
5,61883	-11
5,61950	-12
5,62017	-12
5,62083	-12
5,62150	-12
5,62217	-12
5,62283	-12
5,62350	-12
5,62417	-12
5,62483	-13
5,62550	-13
5,62617	-13
5,62683	-13
5,62750	-13
5,62817	-13
5,62883	-13
5,62950	-13
5,63017	-14
5,63083	-14
5,63150	-14
5,63217	-15
5,63283	-15
5,63350	-15
5,63417	-15
5,63483	-16
5,63550	-16
5,63617	-16
5,63683	-17
5,63750	-17
5,63817	-17
5,63883	-16
5,63950	-16
5,64017	-16
5,64083	-15
5,64150	-15
5,64217	-15
5,64283	-15
5,64350	-14
5,64417	-14
5,64483	-14
5,64550	-14
5,64617	-14
5,64683	-14
5,64750	-14
5,64817	-14
5,64883	-14
5,64950	-14
5,65017	-14
5,65083	-13
5,65150	-13
5,65217	-14
5,65283	-14
5,65350	-13
5,65417	-13
5,65483	-13
5,65550	-13
5,65617	-14
5,65683	-14
5,65750	-14
5,65817	-14
5,65883	-14
5,65950	-14
5,66017	-14
5,66083	-14
5,66150	-14
5,66217	-14
5,66283	-14
5,66350	-14
5,66417	-14
5,66483	-14
5,66550	-14
5,66617	-13
5,66683	-13
5,66750	-13
5,66817	-13
5,66883	-13
5,66950	-12
5,67017	-12
5,67083	-12
5,67150	-12
5,67217	-12
5,67283	-12
5,67350	-12
5,67417	-13
5,67483	-13
5,67550	-13
5,67617	-13
5,67683	-13
5,67750	-13
5,67817	-13
5,67883	-14
5,67950	-13
5,68017	-13
5,68083	-13
5,68150	-13
5,68217	-13
5,68283	-13
5,68350	-13
5,68417	-13
5,68483	-14
5,68550	-14
5,68617	-14
5,68683	-14
5,68750	-14
5,68817	-14
5,68883	-14
5,68950	-14
5,69017	-14
5,69083	-14
5,69150	-15
5,69217	-15
5,69283	-15
5,69350	-15
5,69417	-15
5,69483	-15
5,69550	-15
5,69617	-15
5,69683	-15
5,69750	-15
5,69817	-15
5,69883	-15
5,69950	-15
5,70017	-15
5,70083	-14
5,70150	-14
5,70217	-14
5,70283	-14
5,70350	-14
5,70417	-13
5,70483	-13
5,70550	-13
5,70617	-12
5,70683	-12
5,70750	-12
5,70817	-11
5,70883	-11
5,70950	-10
5,71017	-10
5,71083	-10
5,71150	-10
5,71217	-9
5,71283	-9
5,71350	-9
5,71417	-8
5,71483	-8
5,71550	-7
5,71617	-7
5,71683	-6
5,71750	-6
5,71817	-6
5,71883	-5
5,71950	-5
5,72017	-5
5,72083	-5
5,72150	-4
5,72217	-4
5,72283	-4
5,72350	-3
5,72417	-3
5,72483	-3
5,72550	-2
5,72617	-2
5,72683	-2
5,72750	-2
5,72817	-3
5,72883	-3
5,72950	-3
5,73017	-4
5,73083	-4
5,73150	-4
5,73217	-4
5,73283	-4
5,73350	-5
5,73417	-5
5,73483	-6
5,73550	-6
5,73617	-6
5,73683	-7
5,73750	-7
5,73817	-8
5,73883	-8
5,73950	-9
5,74017	-9
5,74083	-9
5,74150	-10
5,74217	-10
5,74283	-10
5,74350	-11
5,74417	-11
5,74483	-11
5,74550	-11
5,74617	-11
5,74683	-11
5,74750	-11
5,74817	-11
5,74883	-11
5,74950	-11
5,75017	-11
5,75083	-11
5,75150	-11
5,75217	-11
5,75283	-11
5,75350	-10
5,75417	-10
5,75483	-10
5,75550	-10
5,75617	-10
5,75683	-10
5,75750	-10
5,75817	-11
5,75883	-11
5,75950	-11
5,76017	-11
5,76083	-11
5,76150	-11
5,76217	-11
5,76283	-11
5,76350	-11
5,76417	-11
5,76483	-10
5,76550	-10
5,76617	-10
5,76683	-9
5,76750	-9
5,76817	-9
5,76883	-9
5,76950	-9
5,77017	-9
5,77083	-9
5,77150	-9
5,77217	-9
5,77283	-9
5,77350	-9
5,77417	-9
5,77483	-9
5,77550	-9
5,77617	-8
5,77683	-9
5,77750	-9
5,77817	-9
5,77883	-9
5,77950	-9
5,78017	-9
5,78083	-9
5,78150	-9
5,78217	-9
5,78283	-8
5,78350	-8
5,78417	-8
5,78483	-8
5,78550	-8
5,78617	-8
5,78683	-8
5,78750	-8
5,78817	-8
5,78883	-7
5,78950	-7
5,79017	-7
5,79083	-7
5,79150	-7
5,79217	-7
5,79283	-7
5,79350	-7
5,79417	-7
5,79483	-7
5,79550	-8
5,79617	-8
5,79683	-8
5,79750	-8
5,79817	-8
5,79883	-8
5,79950	-8
5,80017	-8
5,80083	-8
5,80150	-8
5,80217	-8
5,80283	-8
5,80350	-8
5,80417	-8
5,80483	-8
5,80550	-8
5,80617	-8
5,80683	-8
5,80750	-8
5,80817	-8
5,80883	-8
5,80950	-9
5,81017	-9
5,81083	-9
5,81150	-9
5,81217	-9
5,81283	-9
5,81350	-9
5,81417	-9
5,81483	-8
5,81550	-8
5,81617	-8
5,81683	-8
5,81750	-7
5,81817	-7
5,81883	-7
5,81950	-6
5,82017	-6
5,82083	-6
5,82150	-6
5,82217	-5
5,82283	-5
5,82350	-5
5,82417	-5
5,82483	-5
5,82550	-5
5,82617	-5
5,82683	-5
5,82750	-5
5,82817	-5
5,82883	-5
5,82950	-5
5,83017	-5
5,83083	-5
5,83150	-5
5,83217	-5
5,83283	-6
5,83350	-6
5,83417	-6
5,83483	-7
5,83550	-7
5,83617	-7
5,83683	-7
5,83750	-7
5,83817	-7
5,83883	-7
5,83950	-7
5,84017	-7
5,84083	-7
5,84150	-7
5,84217	-7
5,84283	-7
5,84350	-7
5,84417	-7
5,84483	-7
5,84550	-7
5,84617	-7
5,84683	-7
5,84750	-7
5,84817	-7
5,84883	-7
5,84950	-7
5,85017	-7
5,85083	-6
5,85150	-6
5,85217	-6
5,85283	-5
5,85350	-5
5,85417	-4
5,85483	-4
5,85550	-4
5,85617	-4
5,85683	-4
5,85750	-4
5,85817	-4
5,85883	-4
5,85950	-4
5,86017	-4
5,86083	-4
5,86150	-3
5,86217	-3
5,86283	-3
5,86350	-3
5,86417	-2
5,86483	-2
5,86550	-2
5,86617	-2
5,86683	-2
5,86750	-2
5,86817	-2
5,86883	-2
5,86950	-2
5,87017	-3
5,87083	-3
5,87150	-2
5,87217	-2
5,87283	-2
5,87350	-1
5,87417	-1
5,87483	-1
5,87550	-0
5,87617	0
5,87683	0
5,87750	0
5,87817	0
5,87883	0
5,87950	0
5,88017	0
5,88083	0
5,88150	0
5,88217	0
5,88283	0
5,88350	0
5,88417	0
5,88483	0
5,88550	0
5,88617	-0
5,88683	-0
5,88750	-1
5,88817	-1
5,88883	-2
5,88950	-2
5,89017	-2
5,89083	-3
5,89150	-3
5,89217	-3
5,89283	-3
5,89350	-3
5,89417	-3
5,89483	-3
5,89550	-3
5,89617	-3
5,89683	-3
5,89750	-3
5,89817	-3
5,89883	-3
5,89950	-3
5,90017	-4
5,90083	-4
5,90150	-4
5,90217	-4
5,90283	-4
5,90350	-4
5,90417	-4
5,90483	-5
5,90550	-5
5,90617	-5
5,90683	-5
5,90750	-5
5,90817	-5
5,90883	-5
5,90950	-5
5,91017	-5
5,91083	-6
5,91150	-6
5,91217	-6
5,91283	-6
5,91350	-6
5,91417	-7
5,91483	-7
5,91550	-7
5,91617	-7
5,91683	-7
5,91750	-7
5,91817	-7
5,91883	-7
5,91950	-7
5,92017	-7
5,92083	-8
5,92150	-8
5,92217	-8
5,92283	-8
5,92350	-7
5,92417	-5
5,92483	0
5,92550	12
5,92617	36
5,92683	75
5,92750	136
5,92817	222
5,92883	338
5,92950	486
5,93017	666
5,93083	878
5,93150	1120
5,93217	1392
5,93283	1688
5,93350	2007
5,93417	2344
5,93483	2698
5,93550	3065
5,93617	3441
5,93683	3826
5,93750	4217
5,93817	4610
5,93883	5005
5,93950	5399
5,94017	5788
5,94083	6171
5,94150	6545
5,94217	6911
5,94283	7264
5,94350	7603
5,94417	7924
5,94483	8225
5,94550	8506
5,94617	8765
5,94683	9000
5,94750	9209
5,94817	9389
5,94883	9540
5,94950	9663
5,95017	9756
5,95083	9818
5,95150	9849
5,95217	9848
5,95283	9815
5,95350	9751
5,95417	9656
5,95483	9532
5,95550	9383
5,95617	9210
5,95683	9015
5,95750	8803
5,95817	8575
5,95883	8336
5,95950	8086
5,96017	7829
5,96083	7568
5,96150	7303
5,96217	7038
5,96283	6774
5,96350	6512
5,96417	6254
5,96483	6001
5,96550	5754
5,96617	5514
5,96683	5282
5,96750	5058
5,96817	4842
5,96883	4634
5,96950	4435
5,97017	4244
5,97083	4062
5,97150	3888
5,97217	3722
5,97283	3564
5,97350	3414
5,97417	3272
5,97483	3137
5,97550	3009
5,97617	2889
5,97683	2775
5,97750	2668
5,97817	2566
5,97883	2471
5,97950	2380
5,98017	2295
5,98083	2215
5,98150	2140
5,98217	2068
5,98283	2001
5,98350	1938
5,98417	1878
5,98483	1821
5,98550	1768
5,98617	1718
5,98683	1670
5,98750	1625
5,98817	1582
5,98883	1541
5,98950	1502
5,99017	1465
5,99083	1430
5,99150	1396
5,99217	1363
5,99283	1332
5,99350	1302
5,99417	1273
5,99483	1245
5,99550	1219
5,99617	1193
5,99683	1169
5,99750	1146
5,99817	1123
5,99883	1101
5,99950	1080
6,00017	1060
6,00083	1041
6,00150	1022
6,00217	1004
6,00283	986
6,00350	969
6,00417	953
6,00483	937
6,00550	921
6,00617	906
6,00683	891
6,00750	877
6,00817	863
6,00883	850
6,00950	836
6,01017	823
6,01083	811
6,01150	799
6,01217	787
6,01283	775
6,01350	763
6,01417	752
6,01483	742
6,01550	731
6,01617	721
6,01683	710
6,01750	700
6,01817	691
6,01883	681
6,01950	672
6,02017	663
6,02083	654
6,02150	645
6,02217	636
6,02283	628
6,02350	619
6,02417	611
6,02483	603
6,02550	594
6,02617	586
6,02683	578
6,02750	570
6,02817	563
6,02883	555
6,02950	548
6,03017	541
6,03083	535
6,03150	528
6,03217	522
6,03283	516
6,03350	510
6,03417	504
6,03483	498
6,03550	492
6,03617	487
6,03683	481
6,03750	476
6,03817	471
6,03883	466
6,03950	461
6,04017	457
6,04083	452
6,04150	448
6,04217	443
6,04283	439
6,04350	434
6,04417	430
6,04483	426
6,04550	422
6,04617	418
6,04683	414
6,04750	410
6,04817	406
6,04883	402
6,04950	398
6,05017	395
6,05083	391
6,05150	387
6,05217	384
6,05283	381
6,05350	378
6,05417	374
6,05483	371
6,05550	368
6,05617	365
6,05683	361
6,05750	358
6,05817	354
6,05883	351
6,05950	348
6,06017	344
6,06083	341
6,06150	338
6,06217	335
6,06283	332
6,06350	328
6,06417	325
6,06483	322
6,06550	319
6,06617	317
6,06683	314
6,06750	311
6,06817	308
6,06883	305
6,06950	303
6,07017	300
6,07083	298
6,07150	295
6,07217	293
6,07283	291
6,07350	288
6,07417	286
6,07483	284
6,07550	281
6,07617	279
6,07683	277
6,07750	274
6,07817	272
6,07883	270
6,07950	268
6,08017	266
6,08083	264
6,08150	262
6,08217	260
6,08283	259
6,08350	257
6,08417	255
6,08483	254
6,08550	252
6,08617	251
6,08683	249
6,08750	248
6,08817	246
6,08883	245
6,08950	243
6,09017	241
6,09083	239
6,09150	237
6,09217	236
6,09283	234
6,09350	232
6,09417	230
6,09483	229
6,09550	227
6,09617	225
6,09683	223
6,09750	221
6,09817	220
6,09883	218
6,09950	216
6,10017	215
6,10083	213
6,10150	211
6,10217	210
6,10283	208
6,10350	207
6,10417	206
6,10483	204
6,10550	203
6,10617	202
6,10683	200
6,10750	199
6,10817	197
6,10883	196
6,10950	195
6,11017	193
6,11083	192
6,11150	191
6,11217	190
6,11283	189
6,11350	188
6,11417	187
6,11483	186
6,11550	185
6,11617	184
6,11683	183
6,11750	182
6,11817	182
6,11883	181
6,11950	180
6,12017	179
6,12083	179
6,12150	178
6,12217	177
6,12283	176
6,12350	175
6,12417	174
6,12483	173
6,12550	172
6,12617	171
6,12683	170
6,12750	169
6,12817	168
6,12883	167
6,12950	166
6,13017	165
6,13083	164
6,13150	163
6,13217	162
6,13283	161
6,13350	160
6,13417	158
6,13483	157
6,13550	156
6,13617	155
6,13683	154
6,13750	153
6,13817	152
6,13883	152
6,13950	151
6,14017	151
6,14083	150
6,14150	149
6,14217	149
6,14283	148
6,14350	147
6,14417	146
6,14483	145
6,14550	145
6,14617	144
6,14683	144
6,14750	143
6,14817	142
6,14883	142
6,14950	141
6,15017	141
6,15083	140
6,15150	139
6,15217	139
6,15283	138
6,15350	137
6,15417	136
6,15483	136
6,15550	135
6,15617	135
6,15683	134
6,15750	134
6,15817	133
6,15883	133
6,15950	133
6,16017	133
6,16083	133
6,16150	133
6,16217	133
6,16283	133
6,16350	133
6,16417	133
6,16483	133
6,16550	134
6,16617	134
6,16683	134
6,16750	134
6,16817	134
6,16883	134
6,16950	134
6,17017	135
6,17083	135
6,17150	135
6,17217	136
6,17283	136
6,17350	137
6,17417	137
6,17483	138
6,17550	138
6,17617	138
6,17683	139
6,17750	139
6,17817	139
6,17883	140
6,17950	140
6,18017	140
6,18083	141
6,18150	141
6,18217	142
6,18283	142
6,18350	142
6,18417	143
6,18483	143
6,18550	143
6,18617	143
6,18683	143
6,18750	144
6,18817	144
6,18883	145
6,18950	146
6,19017	147
6,19083	148
6,19150	149
6,19217	150
6,19283	151
6,19350	151
6,19417	152
6,19483	153
6,19550	153
6,19617	153
6,19683	154
6,19750	154
6,19817	154
6,19883	154
6,19950	154
6,20017	154
6,20083	154
6,20150	154
6,20217	154
6,20283	154
6,20350	154
6,20417	153
6,20483	153
6,20550	152
6,20617	152
6,20683	151
6,20750	151
6,20817	150
6,20883	150
6,20950	149
6,21017	149
6,21083	148
6,21150	148
6,21217	148
6,21283	147
6,21350	147
6,21417	147
6,21483	146
6,21550	146
6,21617	146
6,21683	146
6,21750	146
6,21817	146
6,21883	145
6,21950	145
6,22017	145
6,22083	145
6,22150	145
6,22217	145
6,22283	145
6,22350	144
6,22417	144
6,22483	144
6,22550	144
6,22617	144
6,22683	143
6,22750	143
6,22817	143
6,22883	142
6,22950	142
6,23017	141
6,23083	141
6,23150	140
6,23217	140
6,23283	140
6,23350	139
6,23417	139
6,23483	139
6,23550	139
6,23617	138
6,23683	138
6,23750	138
6,23817	138
6,23883	138
6,23950	137
6,24017	137
6,24083	137
6,24150	137
6,24217	137
6,24283	136
6,24350	136
6,24417	136
6,24483	136
6,24550	135
6,24617	135
6,24683	135
6,24750	134
6,24817	134
6,24883	133
6,24950	133
6,25017	132
6,25083	131
6,25150	131
6,25217	130
6,25283	129
6,25350	128
6,25417	127
6,25483	127
6,25550	127
6,25617	126
6,25683	126
6,25750	125
6,25817	125
6,25883	124
6,25950	124
6,26017	123
6,26083	123
6,26150	122
6,26217	122
6,26283	122
6,26350	122
6,26417	122
6,26483	122
6,26550	122
6,26617	122
6,26683	122
6,26750	122
6,26817	122
6,26883	122
6,26950	122
6,27017	122
6,27083	122
6,27150	122
6,27217	122
6,27283	121
6,27350	121
6,27417	121
6,27483	121
6,27550	121
6,27617	121
6,27683	121
6,27750	121
6,27817	121
6,27883	120
6,27950	120
6,28017	120
6,28083	119
6,28150	119
6,28217	118
6,28283	118
6,28350	117
6,28417	117
6,28483	117
6,28550	117
6,28617	117
6,28683	117
6,28750	117
6,28817	118
6,28883	118
6,28950	118
6,29017	118
6,29083	118
6,29150	117
6,29217	117
6,29283	117
6,29350	117
6,29417	117
6,29483	116
6,29550	116
6,29617	116
6,29683	116
6,29750	115
6,29817	115
6,29883	115
6,29950	115
6,30017	114
6,30083	114
6,30150	114
6,30217	114
6,30283	114
6,30350	114
6,30417	114
6,30483	114
6,30550	113
6,30617	113
6,30683	113
6,30750	113
6,30817	113
6,30883	113
6,30950	113
6,31017	113
6,31083	113
6,31150	113
6,31217	113
6,31283	113
6,31350	112
6,31417	112
6,31483	112
6,31550	111
6,31617	111
6,31683	111
6,31750	111
6,31817	110
6,31883	110
6,31950	110
6,32017	110
6,32083	109
6,32150	109
6,32217	109
6,32283	109
6,32350	108
6,32417	108
6,32483	107
6,32550	107
6,32617	106
6,32683	106
6,32750	105
6,32817	105
6,32883	104
6,32950	104
6,33017	103
6,33083	103
6,33150	103
6,33217	103
6,33283	102
6,33350	102
6,33417	101
6,33483	101
6,33550	100
6,33617	100
6,33683	99
6,33750	99
6,33817	98
6,33883	98
6,33950	98
6,34017	97
6,34083	97
6,34150	97
6,34217	97
6,34283	96
6,34350	96
6,34417	96
6,34483	96
6,34550	96
6,34617	96
6,34683	96
6,34750	96
6,34817	96
6,34883	96
6,34950	97
6,35017	97
6,35083	97
6,35150	98
6,35217	98
6,35283	98
6,35350	98
6,35417	98
6,35483	98
6,35550	98
6,35617	99
6,35683	99
6,35750	99
6,35817	99
6,35883	99
6,35950	99
6,36017	99
6,36083	99
6,36150	98
6,36217	98
6,36283	98
6,36350	97
6,36417	97
6,36483	97
6,36550	96
6,36617	96
6,36683	96
6,36750	96
6,36817	97
6,36883	99
6,36950	102
6,37017	107
6,37083	114
6,37150	125
6,37217	142
6,37283	167
6,37350	201
6,37417	250
6,37483	318
6,37550	411
6,37617	537
6,37683	706
6,37750	927
6,37817	1212
6,37883	1573
6,37950	2023
6,38017	2572
6,38083	3229
6,38150	3999
6,38217	4886
6,38283	5890
6,38350	7016
6,38417	8265
6,38483	9633
6,38550	11106
6,38617	12671
6,38683	14315
6,38750	16025
6,38817	17780
6,38883	19559
6,38950	21342
6,39017	23113
6,39083	24851
6,39150	26541
6,39217	28164
6,39283	29702
6,39350	31131
6,39417	32429
6,39483	33574
6,39550	34552
6,39617	35355
6,39683	35971
6,39750	36397
6,39817	36634
6,39883	36683
6,39950	36550
6,40017	36243
6,40083	35777
6,40150	35166
6,40217	34426
6,40283	33574
6,40350	32628
6,40417	31602
6,40483	30513
6,40550	29374
6,40617	28199
6,40683	27001
6,40750	25790
6,40817	24578
6,40883	23372
6,40950	22182
6,41017	21013
6,41083	19870
6,41150	18759
6,41217	17684
6,41283	16646
6,41350	15649
6,41417	14694
6,41483	13782
6,41550	12913
6,41617	12087
6,41683	11304
6,41750	10563
6,41817	9864
6,41883	9205
6,41950	8586
6,42017	8004
6,42083	7459
6,42150	6948
6,42217	6471
6,42283	6025
6,42350	5609
6,42417	5222
6,42483	4861
6,42550	4525
6,42617	4214
6,42683	3924
6,42750	3656
6,42817	3407
6,42883	3176
6,42950	2963
6,43017	2765
6,43083	2583
6,43150	2413
6,43217	2257
6,43283	2112
6,43350	1979
6,43417	1855
6,43483	1741
6,43550	1636
6,43617	1539
6,43683	1450
6,43750	1367
6,43817	1291
6,43883	1221
6,43950	1156
6,44017	1096
6,44083	1040
6,44150	989
6,44217	942
6,44283	898
6,44350	857
6,44417	819
6,44483	784
6,44550	752
6,44617	721
6,44683	693
6,44750	666
6,44817	641
6,44883	618
6,44950	596
6,45017	576
6,45083	556
6,45150	538
6,45217	521
6,45283	505
6,45350	490
6,45417	476
6,45483	462
6,45550	450
6,45617	438
6,45683	428
6,45750	417
6,45817	408
6,45883	399
6,45950	391
6,46017	384
6,46083	377
6,46150	370
6,46217	364
6,46283	358
6,46350	353
6,46417	348
6,46483	343
6,46550	339
6,46617	334
6,46683	330
6,46750	327
6,46817	323
6,46883	320
6,46950	317
6,47017	314
6,47083	311
6,47150	308
6,47217	306
6,47283	303
6,47350	300
6,47417	298
6,47483	295
6,47550	293
6,47617	291
6,47683	288
6,47750	286
6,47817	284
6,47883	281
6,47950	279
6,48017	277
6,48083	275
6,48150	273
6,48217	271
6,48283	268
6,48350	266
6,48417	264
6,48483	262
6,48550	260
6,48617	257
6,48683	255
6,48750	253
6,48817	251
6,48883	249
6,48950	247
6,49017	245
6,49083	243
6,49150	241
6,49217	239
6,49283	236
6,49350	235
6,49417	233
6,49483	231
6,49550	229
6,49617	228
6,49683	226
6,49750	224
6,49817	223
6,49883	221
6,49950	220
6,50017	219
6,50083	218
6,50150	216
6,50217	215
6,50283	214
6,50350	213
6,50417	212
6,50483	212
6,50550	211
6,50617	210
6,50683	209
6,50750	208
6,50817	207
6,50883	207
6,50950	206
6,51017	205
6,51083	205
6,51150	204
6,51217	204
6,51283	203
6,51350	203
6,51417	203
6,51483	203
6,51550	203
6,51617	203
6,51683	203
6,51750	203
6,51817	203
6,51883	202
6,51950	202
6,52017	202
6,52083	201
6,52150	201
6,52217	201
6,52283	201
6,52350	201
6,52417	202
6,52483	202
6,52550	202
6,52617	203
6,52683	203
6,52750	204
6,52817	205
6,52883	206
6,52950	207
6,53017	208
6,53083	209
6,53150	210
6,53217	211
6,53283	212
6,53350	213
6,53417	214
6,53483	215
6,53550	216
6,53617	217
6,53683	217
6,53750	218
6,53817	219
6,53883	220
6,53950	220
6,54017	221
6,54083	222
6,54150	222
6,54217	223
6,54283	224
6,54350	225
6,54417	225
6,54483	226
6,54550	226
6,54617	227
6,54683	227
6,54750	227
6,54817	227
6,54883	227
6,54950	227
6,55017	227
6,55083	227
6,55150	226
6,55217	226
6,55283	226
6,55350	225
6,55417	225
6,55483	225
6,55550	224
6,55617	224
6,55683	223
6,55750	222
6,55817	221
6,55883	221
6,55950	220
6,56017	219
6,56083	218
6,56150	217
6,56217	217
6,56283	216
6,56350	216
6,56417	216
6,56483	216
6,56550	216
6,56617	215
6,56683	215
6,56750	215
6,56817	214
6,56883	214
6,56950	214
6,57017	213
6,57083	213
6,57150	212
6,57217	211
6,57283	211
6,57350	210
6,57417	210
6,57483	209
6,57550	209
6,57617	209
6,57683	209
6,57750	208
6,57817	208
6,57883	207
6,57950	207
6,58017	206
6,58083	206
6,58150	205
6,58217	205
6,58283	204
6,58350	204
6,58417	204
6,58483	203
6,58550	203
6,58617	203
6,58683	202
6,58750	202
6,58817	202
6,58883	202
6,58950	201
6,59017	201
6,59083	201
6,59150	201
6,59217	200
6,59283	200
6,59350	200
6,59417	200
6,59483	200
6,59550	200
6,59617	200
6,59683	200
6,59750	200
6,59817	200
6,59883	201
6,59950	201
6,60017	201
6,60083	201
6,60150	201
6,60217	201
6,60283	201
6,60350	201
6,60417	201
6,60483	200
6,60550	200
6,60617	200
6,60683	200
6,60750	200
6,60817	200
6,60883	200
6,60950	200
6,61017	201
6,61083	201
6,61150	201
6,61217	201
6,61283	201
6,61350	202
6,61417	202
6,61483	202
6,61550	203
6,61617	203
6,61683	203
6,61750	203
6,61817	203
6,61883	204
6,61950	204
6,62017	204
6,62083	204
6,62150	205
6,62217	205
6,62283	205
6,62350	206
6,62417	206
6,62483	206
6,62550	206
6,62617	206
6,62683	206
6,62750	206
6,62817	206
6,62883	206
6,62950	207
6,63017	207
6,63083	207
6,63150	207
6,63217	207
6,63283	207
6,63350	208
6,63417	208
6,63483	209
6,63550	209
6,63617	209
6,63683	210
6,63750	210
6,63817	211
6,63883	212
6,63950	212
6,64017	213
6,64083	214
6,64150	215
6,64217	215
6,64283	216
6,64350	217
6,64417	217
6,64483	218
6,64550	218
6,64617	219
6,64683	219
6,64750	219
6,64817	220
6,64883	220
6,64950	220
6,65017	221
6,65083	221
6,65150	222
6,65217	222
6,65283	223
6,65350	224
6,65417	225
6,65483	226
6,65550	226
6,65617	227
6,65683	228
6,65750	229
6,65817	230
6,65883	231
6,65950	232
6,66017	233
6,66083	233
6,66150	234
6,66217	236
6,66283	237
6,66350	238
6,66417	239
6,66483	240
6,66550	241
6,66617	242
6,66683	243
6,66750	244
6,66817	245
6,66883	246
6,66950	247
6,67017	248
6,67083	249
6,67150	250
6,67217	251
6,67283	252
6,67350	252
6,67417	253
6,67483	254
6,67550	255
6,67617	256
6,67683	256
6,67750	257
6,67817	257
6,67883	258
6,67950	258
6,68017	258
6,68083	258
6,68150	259
6,68217	259
6,68283	259
6,68350	260
6,68417	260
6,68483	261
6,68550	261
6,68617	262
6,68683	263
6,68750	263
6,68817	264
6,68883	264
6,68950	265
6,69017	266
6,69083	266
6,69150	267
6,69217	268
6,69283	269
6,69350	270
6,69417	271
6,69483	273
6,69550	274
6,69617	275
6,69683	276
6,69750	278
6,69817	279
6,69883	280
6,69950	281
6,70017	283
6,70083	284
6,70150	285
6,70217	286
6,70283	287
6,70350	288
6,70417	289
6,70483	290
6,70550	291
6,70617	292
6,70683	293
6,70750	294
6,70817	295
6,70883	297
6,70950	298
6,71017	299
6,71083	300
6,71150	302
6,71217	303
6,71283	305
6,71350	307
6,71417	309
6,71483	311
6,71550	314
6,71617	316
6,71683	319
6,71750	322
6,71817	325
6,71883	329
6,71950	333
6,72017	338
6,72083	343
6,72150	348
6,72217	354
6,72283	361
6,72350	368
6,72417	375
6,72483	383
6,72550	392
6,72617	400
6,72683	410
6,72750	419
6,72817	428
6,72883	437
6,72950	446
6,73017	455
6,73083	463
6,73150	471
6,73217	478
6,73283	485
6,73350	491
6,73417	496
6,73483	501
6,73550	505
6,73617	508
6,73683	510
6,73750	511
6,73817	512
6,73883	512
6,73950	511
6,74017	509
6,74083	507
6,74150	505
6,74217	502
6,74283	498
6,74350	494
6,74417	490
6,74483	486
6,74550	482
6,74617	478
6,74683	473
6,74750	469
6,74817	465
6,74883	461
6,74950	457
6,75017	452
6,75083	448
6,75150	444
6,75217	440
6,75283	436
6,75350	432
6,75417	428
6,75483	424
6,75550	421
6,75617	417
6,75683	414
6,75750	411
6,75817	408
6,75883	406
6,75950	403
6,76017	401
6,76083	399
6,76150	397
6,76217	395
6,76283	393
6,76350	392
6,76417	391
6,76483	390
6,76550	389
6,76617	388
6,76683	387
6,76750	387
6,76817	387
6,76883	386
6,76950	386
6,77017	386
6,77083	386
6,77150	386
6,77217	386
6,77283	386
6,77350	386
6,77417	385
6,77483	385
6,77550	385
6,77617	384
6,77683	384
6,77750	383
6,77817	383
6,77883	383
6,77950	382
6,78017	382
6,78083	381
6,78150	381
6,78217	380
6,78283	379
6,78350	379
6,78417	378
6,78483	378
6,78550	378
6,78617	377
6,78683	377
6,78750	377
6,78817	377
6,78883	377
6,78950	377
6,79017	377
6,79083	377
6,79150	377
6,79217	377
6,79283	378
6,79350	378
6,79417	378
6,79483	379
6,79550	379
6,79617	380
6,79683	380
6,79750	381
6,79817	381
6,79883	382
6,79950	383
6,80017	383
6,80083	384
6,80150	385
6,80217	386
6,80283	387
6,80350	388
6,80417	389
6,80483	390
6,80550	391
6,80617	392
6,80683	392
6,80750	392
6,80817	393
6,80883	393
6,80950	393
6,81017	393
6,81083	393
6,81150	393
6,81217	394
6,81283	394
6,81350	394
6,81417	394
6,81483	394
6,81550	394
6,81617	395
6,81683	395
6,81750	395
6,81817	395
6,81883	395
6,81950	396
6,82017	396
6,82083	397
6,82150	398
6,82217	399
6,82283	400
6,82350	401
6,82417	402
6,82483	403
6,82550	405
6,82617	406
6,82683	408
6,82750	410
6,82817	413
6,82883	416
6,82950	419
6,83017	422
6,83083	425
6,83150	429
6,83217	432
6,83283	436
6,83350	440
6,83417	445
6,83483	449
6,83550	453
6,83617	458
6,83683	462
6,83750	466
6,83817	470
6,83883	474
6,83950	478
6,84017	482
6,84083	485
6,84150	489
6,84217	493
6,84283	497
6,84350	500
6,84417	504
6,84483	507
6,84550	510
6,84617	513
6,84683	516
6,84750	519
6,84817	521
6,84883	523
6,84950	526
6,85017	528
6,85083	530
6,85150	532
6,85217	535
6,85283	537
6,85350	539
6,85417	541
6,85483	543
6,85550	544
6,85617	546
6,85683	547
6,85750	548
6,85817	549
6,85883	551
6,85950	552
6,86017	552
6,86083	553
6,86150	554
6,86217	555
6,86283	555
6,86350	556
6,86417	556
6,86483	557
6,86550	557
6,86617	557
6,86683	558
6,86750	558
6,86817	558
6,86883	558
6,86950	557
6,87017	557
6,87083	556
6,87150	556
6,87217	555
6,87283	554
6,87350	554
6,87417	553
6,87483	552
6,87550	551
6,87617	551
6,87683	550
6,87750	550
6,87817	550
6,87883	550
6,87950	551
6,88017	551
6,88083	552
6,88150	553
6,88217	555
6,88283	556
6,88350	558
6,88417	561
6,88483	563
6,88550	566
6,88617	569
6,88683	572
6,88750	575
6,88817	578
6,88883	581
6,88950	584
6,89017	587
6,89083	590
6,89150	593
6,89217	595
6,89283	598
6,89350	600
6,89417	602
6,89483	603
6,89550	604
6,89617	605
6,89683	605
6,89750	605
6,89817	604
6,89883	604
6,89950	603
6,90017	601
6,90083	600
6,90150	598
6,90217	596
6,90283	594
6,90350	591
6,90417	589
6,90483	586
6,90550	583
6,90617	581
6,90683	578
6,90750	575
6,90817	572
6,90883	570
6,90950	566
6,91017	563
6,91083	560
6,91150	557
6,91217	554
6,91283	551
6,91350	549
6,91417	546
6,91483	544
6,91550	541
6,91617	539
6,91683	537
6,91750	536
6,91817	534
6,91883	533
6,91950	531
6,92017	530
6,92083	528
6,92150	527
6,92217	526
6,92283	524
6,92350	523
6,92417	522
6,92483	520
6,92550	519
6,92617	518
6,92683	517
6,92750	516
6,92817	515
6,92883	514
6,92950	513
6,93017	511
6,93083	510
6,93150	509
6,93217	507
6,93283	506
6,93350	505
6,93417	503
6,93483	502
6,93550	500
6,93617	499
6,93683	497
6,93750	496
6,93817	494
6,93883	493
6,93950	491
6,94017	490
6,94083	488
6,94150	487
6,94217	486
6,94283	485
6,94350	484
6,94417	482
6,94483	481
6,94550	480
6,94617	479
6,94683	479
6,94750	478
6,94817	477
6,94883	477
6,94950	477
6,95017	476
6,95083	476
6,95150	476
6,95217	476
6,95283	476
6,95350	475
6,95417	475
6,95483	475
6,95550	475
6,95617	474
6,95683	474
6,95750	473
6,95817	472
6,95883	471
6,95950	471
6,96017	470
6,96083	469
6,96150	468
6,96217	468
6,96283	467
6,96350	466
6,96417	465
6,96483	464
6,96550	463
6,96617	462
6,96683	460
6,96750	459
6,96817	458
6,96883	457
6,96950	455
6,97017	454
6,97083	453
6,97150	452
6,97217	451
6,97283	450
6,97350	448
6,97417	447
6,97483	446
6,97550	445
6,97617	443
6,97683	442
6,97750	440
6,97817	439
6,97883	437
6,97950	436
6,98017	435
6,98083	433
6,98150	432
6,98217	431
6,98283	430
6,98350	429
6,98417	428
6,98483	427
6,98550	426
6,98617	425
6,98683	424
6,98750	423
6,98817	422
6,98883	421
6,98950	421
6,99017	420
6,99083	420
6,99150	420
6,99217	419
6,99283	419
6,99350	420
6,99417	420
6,99483	420
6,99550	421
6,99617	421
6,99683	421
6,99750	422
6,99817	422
6,99883	423
6,99950	423
7,00017	424
7,00083	424
7,00150	425
7,00217	425
7,00283	426
7,00350	426
7,00417	426
7,00483	426
7,00550	426
7,00617	426
7,00683	426
7,00750	426
7,00817	426
7,00883	426
7,00950	426
7,01017	425
7,01083	425
7,01150	425
7,01217	424
7,01283	424
7,01350	423
7,01417	422
7,01483	421
7,01550	420
7,01617	419
7,01683	418
7,01750	417
7,01817	415
7,01883	414
7,01950	412
7,02017	411
7,02083	410
7,02150	409
7,02217	407
7,02283	406
7,02350	405
7,02417	403
7,02483	402
7,02550	400
7,02617	398
7,02683	397
7,02750	395
7,02817	394
7,02883	392
7,02950	391
7,03017	389
7,03083	388
7,03150	386
7,03217	385
7,03283	383
7,03350	381
7,03417	380
7,03483	378
7,03550	377
7,03617	376
7,03683	375
7,03750	373
7,03817	372
7,03883	371
7,03950	370
7,04017	368
7,04083	367
7,04150	366
7,04217	365
7,04283	363
7,04350	362
7,04417	361
7,04483	361
7,04550	360
7,04617	359
7,04683	359
7,04750	358
7,04817	357
7,04883	357
7,04950	356
7,05017	356
7,05083	355
7,05150	355
7,05217	354
7,05283	354
7,05350	354
7,05417	353
7,05483	353
7,05550	353
7,05617	352
7,05683	352
7,05750	352
7,05817	351
7,05883	351
7,05950	350
7,06017	350
7,06083	350
7,06150	349
7,06217	349
7,06283	348
7,06350	348
7,06417	347
7,06483	347
7,06550	347
7,06617	346
7,06683	345
7,06750	345
7,06817	344
7,06883	343
7,06950	342
7,07017	341
7,07083	341
7,07150	340
7,07217	339
7,07283	338
7,07350	337
7,07417	336
7,07483	335
7,07550	334
7,07617	333
7,07683	332
7,07750	331
7,07817	330
7,07883	329
7,07950	328
7,08017	327
7,08083	327
7,08150	327
7,08217	326
7,08283	326
7,08350	325
7,08417	325
7,08483	324
7,08550	323
7,08617	323
7,08683	322
7,08750	321
7,08817	321
7,08883	320
7,08950	319
7,09017	318
7,09083	317
7,09150	316
7,09217	315
7,09283	315
7,09350	314
7,09417	313
7,09483	312
7,09550	311
7,09617	310
7,09683	309
7,09750	308
7,09817	308
7,09883	307
7,09950	306
7,10017	305
7,10083	305
7,10150	304
7,10217	303
7,10283	303
7,10350	302
7,10417	301
7,10483	301
7,10550	300
7,10617	300
7,10683	299
7,10750	299
7,10817	298
7,10883	297
7,10950	296
7,11017	296
7,11083	295
7,11150	294
7,11217	294
7,11283	293
7,11350	292
7,11417	292
7,11483	291
7,11550	291
7,11617	290
7,11683	290
7,11750	289
7,11817	289
7,11883	288
7,11950	288
7,12017	287
7,12083	287
7,12150	286
7,12217	286
7,12283	286
7,12350	286
7,12417	286
7,12483	286
7,12550	287
7,12617	287
7,12683	287
7,12750	288
7,12817	288
7,12883	289
7,12950	290
7,13017	291
7,13083	293
7,13150	295
7,13217	297
7,13283	298
7,13350	300
7,13417	302
7,13483	304
7,13550	307
7,13617	309
7,13683	311
7,13750	312
7,13817	314
7,13883	316
7,13950	317
7,14017	318
7,14083	319
7,14150	320
7,14217	321
7,14283	321
7,14350	321
7,14417	321
7,14483	321
7,14550	320
7,14617	319
7,14683	318
7,14750	317
7,14817	315
7,14883	314
7,14950	312
7,15017	310
7,15083	308
7,15150	306
7,15217	304
7,15283	302
7,15350	300
7,15417	297
7,15483	295
7,15550	292
7,15617	290
7,15683	288
7,15750	285
7,15817	283
7,15883	281
7,15950	279
7,16017	277
7,16083	275
7,16150	273
7,16217	271
7,16283	270
7,16350	269
7,16417	267
7,16483	266
7,16550	264
7,16617	263
7,16683	261
7,16750	260
7,16817	259
7,16883	257
7,16950	256
7,17017	255
7,17083	254
7,17150	252
7,17217	251
7,17283	250
7,17350	249
7,17417	248
7,17483	246
7,17550	245
7,17617	244
7,17683	243
7,17750	242
7,17817	241
7,17883	240
7,17950	239
7,18017	238
7,18083	237
7,18150	236
7,18217	235
7,18283	234
7,18350	233
7,18417	233
7,18483	232
7,18550	231
7,18617	230
7,18683	229
7,18750	229
7,18817	228
7,18883	227
7,18950	226
7,19017	225
7,19083	224
7,19150	223
7,19217	222
7,19283	221
7,19350	220
7,19417	219
7,19483	219
7,19550	218
7,19617	217
7,19683	216
7,19750	215
7,19817	215
7,19883	214
7,19950	213
7,20017	213
7,20083	212
7,20150	212
7,20217	212
7,20283	212
7,20350	212
7,20417	212
7,20483	211
7,20550	211
7,20617	211
7,20683	211
7,20750	211
7,20817	210
7,20883	210
7,20950	210
7,21017	209
7,21083	209
7,21150	208
7,21217	208
7,21283	207
7,21350	206
7,21417	206
7,21483	205
7,21550	205
7,21617	204
7,21683	204
7,21750	203
7,21817	203
7,21883	202
7,21950	202
7,22017	201
7,22083	201
7,22150	201
7,22217	200
7,22283	200
7,22350	200
7,22417	199
7,22483	199
7,22550	199
7,22617	199
7,22683	198
7,22750	198
7,22817	198
7,22883	197
7,22950	197
7,23017	196
7,23083	195
7,23150	194
7,23217	194
7,23283	193
7,23350	193
7,23417	192
7,23483	192
7,23550	192
7,23617	192
7,23683	191
7,23750	191
7,23817	191
7,23883	191
7,23950	191
7,24017	190
7,24083	190
7,24150	190
7,24217	189
7,24283	189
7,24350	188
7,24417	187
7,24483	186
7,24550	186
7,24617	185
7,24683	185
7,24750	184
7,24817	184
7,24883	183
7,24950	183
7,25017	182
7,25083	182
7,25150	181
7,25217	181
7,25283	180
7,25350	180
7,25417	179
7,25483	179
7,25550	178
7,25617	177
7,25683	177
7,25750	176
7,25817	176
7,25883	175
7,25950	175
7,26017	175
7,26083	174
7,26150	174
7,26217	174
7,26283	173
7,26350	173
7,26417	173
7,26483	172
7,26550	172
7,26617	172
7,26683	172
7,26750	171
7,26817	171
7,26883	171
7,26950	170
7,27017	170
7,27083	170
7,27150	170
7,27217	169
7,27283	169
7,27350	169
7,27417	168
7,27483	167
7,27550	167
7,27617	166
7,27683	165
7,27750	165
7,27817	164
7,27883	163
7,27950	163
7,28017	163
7,28083	162
7,28150	162
7,28217	162
7,28283	161
7,28350	161
7,28417	161
7,28483	161
7,28550	161
7,28617	161
7,28683	161
7,28750	160
7,28817	160
7,28883	160
7,28950	160
7,29017	160
7,29083	159
7,29150	159
7,29217	159
7,29283	159
7,29350	159
7,29417	159
7,29483	158
7,29550	158
7,29617	158
7,29683	157
7,29750	157
7,29817	157
7,29883	156
7,29950	156
7,30017	156
7,30083	156
7,30150	155
7,30217	155
7,30283	155
7,30350	155
7,30417	155
7,30483	155
7,30550	155
7,30617	155
7,30683	155
7,30750	155
7,30817	155
7,30883	155
7,30950	154
7,31017	154
7,31083	154
7,31150	154
7,31217	154
7,31283	154
7,31350	155
7,31417	155
7,31483	155
7,31550	155
7,31617	154
7,31683	154
7,31750	154
7,31817	154
7,31883	154
7,31950	154
7,32017	154
7,32083	154
7,32150	154
7,32217	154
7,32283	154
7,32350	154
7,32417	154
7,32483	155
7,32550	155
7,32617	155
7,32683	155
7,32750	155
7,32817	155
7,32883	156
7,32950	156
7,33017	156
7,33083	156
7,33150	156
7,33217	156
7,33283	156
7,33350	155
7,33417	155
7,33483	155
7,33550	155
7,33617	155
7,33683	154
7,33750	154
7,33817	154
7,33883	154
7,33950	154
7,34017	154
7,34083	154
7,34150	154
7,34217	154
7,34283	154
7,34350	154
7,34417	154
7,34483	154
7,34550	153
7,34617	153
7,34683	153
7,34750	152
7,34817	152
7,34883	151
7,34950	151
7,35017	150
7,35083	150
7,35150	150
7,35217	149
7,35283	149
7,35350	149
7,35417	149
7,35483	148
7,35550	148
7,35617	148
7,35683	148
7,35750	148
7,35817	148
7,35883	147
7,35950	147
7,36017	147
7,36083	147
7,36150	146
7,36217	146
7,36283	145
7,36350	145
7,36417	144
7,36483	144
7,36550	143
7,36617	143
7,36683	142
7,36750	142
7,36817	141
7,36883	141
7,36950	140
7,37017	139
7,37083	139
7,37150	138
7,37217	138
7,37283	137
7,37350	137
7,37417	137
7,37483	136
7,37550	136
7,37617	136
7,37683	135
7,37750	135
7,37817	135
7,37883	135
7,37950	135
7,38017	134
7,38083	134
7,38150	134
7,38217	134
7,38283	133
7,38350	133
7,38417	133
7,38483	132
7,38550	132
7,38617	132
7,38683	132
7,38750	132
7,38817	132
7,38883	132
7,38950	133
7,39017	133
7,39083	133
7,39150	133
7,39217	133
7,39283	133
7,39350	133
7,39417	133
7,39483	133
7,39550	133
7,39617	133
7,39683	133
7,39750	133
7,39817	133
7,39883	133
7,39950	133
7,40017	133
7,40083	134
7,40150	134
7,40217	134
7,40283	134
7,40350	133
7,40417	133
7,40483	133
7,40550	133
7,40617	133
7,40683	133
7,40750	133
7,40817	133
7,40883	133
7,40950	133
7,41017	132
7,41083	132
7,41150	132
7,41217	131
7,41283	131
7,41350	130
7,41417	130
7,41483	130
7,41550	129
7,41617	129
7,41683	129
7,41750	129
7,41817	128
7,41883	128
7,41950	128
7,42017	128
7,42083	128
7,42150	128
7,42217	128
7,42283	128
7,42350	128
7,42417	128
7,42483	129
7,42550	129
7,42617	129
7,42683	128
7,42750	129
7,42817	129
7,42883	129
7,42950	129
7,43017	129
7,43083	129
7,43150	129
7,43217	128
7,43283	128
7,43350	128
7,43417	128
7,43483	127
7,43550	127
7,43617	127
7,43683	126
7,43750	126
7,43817	126
7,43883	126
7,43950	126
7,44017	126
7,44083	126
7,44150	126
7,44217	126
7,44283	126
7,44350	127
7,44417	127
7,44483	127
7,44550	127
7,44617	127
7,44683	127
7,44750	127
7,44817	127
7,44883	127
7,44950	127
7,45017	127
7,45083	127
7,45150	127
7,45217	127
7,45283	127
7,45350	128
7,45417	128
7,45483	128
7,45550	128
7,45617	128
7,45683	128
7,45750	128
7,45817	128
7,45883	129
7,45950	129
7,46017	129
7,46083	129
7,46150	129
7,46217	129
7,46283	129
7,46350	129
7,46417	129
7,46483	129
7,46550	129
7,46617	129
7,46683	129
7,46750	129
7,46817	129
7,46883	128
7,46950	128
7,47017	128
7,47083	128
7,47150	128
7,47217	128
7,47283	127
7,47350	127
7,47417	127
7,47483	127
7,47550	127
7,47617	126
7,47683	126
7,47750	126
7,47817	126
7,47883	125
7,47950	125
7,48017	126
7,48083	126
7,48150	126
7,48217	127
7,48283	128
7,48350	129
7,48417	131
7,48483	134
7,48550	138
7,48617	145
7,48683	154
7,48750	168
7,48817	187
7,48883	214
7,48950	251
7,49017	302
7,49083	372
7,49150	465
7,49217	588
7,49283	749
7,49350	957
7,49417	1221
7,49483	1553
7,49550	1965
7,49617	2469
7,49683	3078
7,49750	3806
7,49817	4663
7,49883	5660
7,49950	6807
7,50017	8115
7,50083	9600
7,50150	11272
7,50217	13142
7,50283	15213
7,50350	17489
7,50417	19972
7,50483	22666
7,50550	25578
7,50617	28710
7,50683	32051
7,50750	35580
7,50817	39285
7,50883	43174
7,50950	47248
7,51017	51506
7,51083	55920
7,51150	60451
7,51217	65068
7,51283	69756
7,51350	74498
7,51417	79266
7,51483	84019
7,51550	88705
7,51617	93259
7,51683	97603
7,51750	101662
7,51817	105365
7,51883	108639
7,51950	111432
7,52017	113695
7,52083	115387
7,52150	116477
7,52217	116950
7,52283	116800
7,52350	116040
7,52417	114695
7,52483	112806
7,52550	110419
7,52617	107592
7,52683	104390
7,52750	100877
7,52817	97117
7,52883	93170
7,52950	89094
7,53017	84941
7,53083	80760
7,53150	76591
7,53217	72470
7,53283	68428
7,53350	64489
7,53417	60673
7,53483	56995
7,53550	53465
7,53617	50091
7,53683	46878
7,53750	43828
7,53817	40941
7,53883	38218
7,53950	35654
7,54017	33245
7,54083	30987
7,54150	28873
7,54217	26897
7,54283	25054
7,54350	23335
7,54417	21735
7,54483	20247
7,54550	18865
7,54617	17582
7,54683	16391
7,54750	15288
7,54817	14266
7,54883	13320
7,54950	12445
7,55017	11636
7,55083	10889
7,55150	10200
7,55217	9563
7,55283	8976
7,55350	8435
7,55417	7936
7,55483	7477
7,55550	7055
7,55617	6666
7,55683	6309
7,55750	5980
7,55817	5677
7,55883	5398
7,55950	5141
7,56017	4904
7,56083	4685
7,56150	4483
7,56217	4297
7,56283	4124
7,56350	3965
7,56417	3819
7,56483	3683
7,56550	3557
7,56617	3440
7,56683	3332
7,56750	3231
7,56817	3138
7,56883	3051
7,56950	2970
7,57017	2895
7,57083	2826
7,57150	2761
7,57217	2700
7,57283	2643
7,57350	2589
7,57417	2539
7,57483	2491
7,57550	2446
7,57617	2404
7,57683	2364
7,57750	2326
7,57817	2289
7,57883	2254
7,57950	2221
7,58017	2189
7,58083	2158
7,58150	2128
7,58217	2099
7,58283	2071
7,58350	2044
7,58417	2018
7,58483	1992
7,58550	1968
7,58617	1944
7,58683	1921
7,58750	1899
7,58817	1878
7,58883	1858
7,58950	1839
7,59017	1821
7,59083	1804
7,59150	1788
7,59217	1773
7,59283	1758
7,59350	1745
7,59417	1732
7,59483	1720
7,59550	1710
7,59617	1700
7,59683	1692
7,59750	1684
7,59817	1676
7,59883	1670
7,59950	1663
7,60017	1657
7,60083	1651
7,60150	1645
7,60217	1639
7,60283	1633
7,60350	1627
7,60417	1621
7,60483	1614
7,60550	1608
7,60617	1602
7,60683	1596
7,60750	1590
7,60817	1584
7,60883	1578
7,60950	1573
7,61017	1568
7,61083	1563
7,61150	1559
7,61217	1555
7,61283	1551
7,61350	1548
7,61417	1544
7,61483	1541
7,61550	1538
7,61617	1535
7,61683	1532
7,61750	1530
7,61817	1527
7,61883	1524
7,61950	1521
7,62017	1519
7,62083	1517
7,62150	1515
7,62217	1513
7,62283	1512
7,62350	1510
7,62417	1509
7,62483	1508
7,62550	1507
7,62617	1506
7,62683	1506
7,62750	1505
7,62817	1505
7,62883	1504
7,62950	1503
7,63017	1503
7,63083	1502
7,63150	1501
7,63217	1501
7,63283	1500
7,63350	1498
7,63417	1497
7,63483	1495
7,63550	1493
7,63617	1491
7,63683	1488
7,63750	1486
7,63817	1483
7,63883	1480
7,63950	1477
7,64017	1474
7,64083	1470
7,64150	1467
7,64217	1464
7,64283	1462
7,64350	1459
7,64417	1457
7,64483	1455
7,64550	1453
7,64617	1451
7,64683	1448
7,64750	1446
7,64817	1443
7,64883	1441
7,64950	1437
7,65017	1434
7,65083	1430
7,65150	1427
7,65217	1423
7,65283	1419
7,65350	1415
7,65417	1410
7,65483	1406
7,65550	1402
7,65617	1397
7,65683	1392
7,65750	1387
7,65817	1383
7,65883	1378
7,65950	1373
7,66017	1368
7,66083	1363
7,66150	1358
7,66217	1353
7,66283	1348
7,66350	1344
7,66417	1339
7,66483	1334
7,66550	1330
7,66617	1325
7,66683	1321
7,66750	1317
7,66817	1312
7,66883	1308
7,66950	1303
7,67017	1299
7,67083	1295
7,67150	1291
7,67217	1287
7,67283	1283
7,67350	1279
7,67417	1275
7,67483	1272
7,67550	1268
7,67617	1265
7,67683	1262
7,67750	1259
7,67817	1256
7,67883	1254
7,67950	1252
7,68017	1250
7,68083	1249
7,68150	1248
7,68217	1248
7,68283	1248
7,68350	1249
7,68417	1251
7,68483	1254
7,68550	1257
7,68617	1261
7,68683	1267
7,68750	1274
7,68817	1283
7,68883	1293
7,68950	1306
7,69017	1320
7,69083	1336
7,69150	1353
7,69217	1373
7,69283	1394
7,69350	1416
7,69417	1440
7,69483	1465
7,69550	1490
7,69617	1516
7,69683	1541
7,69750	1566
7,69817	1590
7,69883	1613
7,69950	1635
7,70017	1655
7,70083	1673
7,70150	1689
7,70217	1703
7,70283	1714
7,70350	1722
7,70417	1727
7,70483	1729
7,70550	1728
7,70617	1724
7,70683	1717
7,70750	1708
7,70817	1697
7,70883	1683
7,70950	1667
7,71017	1650
7,71083	1631
7,71150	1610
7,71217	1589
7,71283	1566
7,71350	1543
7,71417	1520
7,71483	1495
7,71550	1471
7,71617	1447
7,71683	1423
7,71750	1400
7,71817	1376
7,71883	1354
7,71950	1332
7,72017	1311
7,72083	1291
7,72150	1271
7,72217	1252
7,72283	1234
7,72350	1217
7,72417	1200
7,72483	1185
7,72550	1171
7,72617	1157
7,72683	1144
7,72750	1131
7,72817	1119
7,72883	1108
7,72950	1098
7,73017	1088
7,73083	1078
7,73150	1069
7,73217	1060
7,73283	1052
7,73350	1045
7,73417	1037
7,73483	1030
7,73550	1024
7,73617	1018
7,73683	1011
7,73750	1006
7,73817	1000
7,73883	994
7,73950	989
7,74017	984
7,74083	979
7,74150	974
7,74217	970
7,74283	965
7,74350	960
7,74417	956
7,74483	951
7,74550	947
7,74617	942
7,74683	937
7,74750	932
7,74817	928
7,74883	923
7,74950	918
7,75017	914
7,75083	909
7,75150	904
7,75217	900
7,75283	896
7,75350	891
7,75417	887
7,75483	883
7,75550	879
7,75617	874
7,75683	870
7,75750	866
7,75817	862
7,75883	857
7,75950	853
7,76017	848
7,76083	844
7,76150	840
7,76217	835
7,76283	831
7,76350	827
7,76417	823
7,76483	819
7,76550	816
7,76617	812
7,76683	809
7,76750	806
7,76817	803
7,76883	801
7,76950	798
7,77017	797
7,77083	795
7,77150	793
7,77217	792
7,77283	790
7,77350	789
7,77417	788
7,77483	786
7,77550	785
7,77617	784
7,77683	783
7,77750	781
7,77817	780
7,77883	779
7,77950	778
7,78017	776
7,78083	775
7,78150	774
7,78217	773
7,78283	771
7,78350	770
7,78417	769
7,78483	767
7,78550	766
7,78617	764
7,78683	762
7,78750	760
7,78817	759
7,78883	757
7,78950	755
7,79017	752
7,79083	750
7,79150	748
7,79217	745
7,79283	743
7,79350	740
7,79417	737
7,79483	735
7,79550	732
7,79617	729
7,79683	726
7,79750	723
7,79817	720
7,79883	717
7,79950	714
7,80017	711
7,80083	708
7,80150	705
7,80217	702
7,80283	700
7,80350	697
7,80417	695
7,80483	693
7,80550	691
7,80617	689
7,80683	688
7,80750	686
7,80817	685
7,80883	683
7,80950	682
7,81017	680
7,81083	679
7,81150	677
7,81217	676
7,81283	674
7,81350	672
7,81417	671
7,81483	669
7,81550	667
7,81617	666
7,81683	664
7,81750	662
7,81817	659
7,81883	657
7,81950	655
7,82017	652
7,82083	650
7,82150	647
7,82217	644
7,82283	641
7,82350	638
7,82417	635
7,82483	633
7,82550	630
7,82617	627
7,82683	624
7,82750	621
7,82817	618
7,82883	616
7,82950	613
7,83017	611
7,83083	609
7,83150	607
7,83217	605
7,83283	604
7,83350	602
7,83417	600
7,83483	599
7,83550	598
7,83617	596
7,83683	595
7,83750	594
7,83817	592
7,83883	591
7,83950	590
7,84017	588
7,84083	587
7,84150	586
7,84217	585
7,84283	583
7,84350	581
7,84417	580
7,84483	578
7,84550	577
7,84617	575
7,84683	573
7,84750	572
7,84817	570
7,84883	568
7,84950	566
7,85017	565
7,85083	563
7,85150	561
7,85217	559
7,85283	558
7,85350	556
7,85417	554
7,85483	553
7,85550	551
7,85617	549
7,85683	548
7,85750	546
7,85817	544
7,85883	542
7,85950	540
7,86017	538
7,86083	536
7,86150	534
7,86217	532
7,86283	529
7,86350	527
7,86417	525
7,86483	523
7,86550	520
7,86617	518
7,86683	516
7,86750	514
7,86817	512
7,86883	510
7,86950	508
7,87017	506
7,87083	504
7,87150	502
7,87217	500
7,87283	498
7,87350	495
7,87417	493
7,87483	491
7,87550	489
7,87617	486
7,87683	484
7,87750	482
7,87817	480
7,87883	478
7,87950	476
7,88017	474
7,88083	472
7,88150	470
7,88217	468
7,88283	466
7,88350	464
7,88417	462
7,88483	461
7,88550	459
7,88617	458
7,88683	457
7,88750	456
7,88817	455
7,88883	454
7,88950	453
7,89017	452
7,89083	451
7,89150	450
7,89217	449
7,89283	448
7,89350	447
7,89417	447
7,89483	446
7,89550	446
7,89617	445
7,89683	444
7,89750	444
7,89817	443
7,89883	442
7,89950	441
7,90017	440
7,90083	438
7,90150	437
7,90217	435
7,90283	434
7,90350	432
7,90417	430
7,90483	428
7,90550	426
7,90617	424
7,90683	422
7,90750	420
7,90817	418
7,90883	416
7,90950	414
7,91017	412
7,91083	410
7,91150	408
7,91217	406
7,91283	404
7,91350	402
7,91417	401
7,91483	399
7,91550	397
7,91617	396
7,91683	394
7,91750	393
7,91817	391
7,91883	390
7,91950	389
7,92017	389
7,92083	388
7,92150	388
7,92217	389
7,92283	389
7,92350	391
7,92417	392
7,92483	394
7,92550	397
7,92617	400
7,92683	404
7,92750	409
7,92817	414
7,92883	420
7,92950	428
7,93017	436
7,93083	445
7,93150	455
7,93217	465
7,93283	476
7,93350	488
7,93417	501
7,93483	514
7,93550	527
7,93617	541
7,93683	554
7,93750	567
7,93817	580
7,93883	593
7,93950	606
7,94017	618
7,94083	629
7,94150	639
7,94217	648
7,94283	656
7,94350	662
7,94417	668
7,94483	671
7,94550	674
7,94617	674
7,94683	673
7,94750	671
7,94817	668
7,94883	664
7,94950	658
7,95017	652
7,95083	644
7,95150	636
7,95217	627
7,95283	618
7,95350	608
7,95417	598
7,95483	587
7,95550	577
7,95617	566
7,95683	554
7,95750	543
7,95817	532
7,95883	521
7,95950	510
7,96017	500
7,96083	489
7,96150	479
7,96217	469
7,96283	460
7,96350	451
7,96417	442
7,96483	433
7,96550	425
7,96617	417
7,96683	410
7,96750	403
7,96817	396
7,96883	389
7,96950	383
7,97017	377
7,97083	372
7,97150	366
7,97217	362
7,97283	357
7,97350	353
7,97417	348
7,97483	345
7,97550	341
7,97617	338
7,97683	335
7,97750	332
7,97817	329
7,97883	327
7,97950	325
7,98017	323
7,98083	321
7,98150	320
7,98217	318
7,98283	317
7,98350	316
7,98417	315
7,98483	314
7,98550	313
7,98617	313
7,98683	312
7,98750	311
7,98817	310
7,98883	309
7,98950	308
7,99017	307
7,99083	306
7,99150	305
7,99217	304
7,99283	303
7,99350	302
7,99417	301
7,99483	301
7,99550	300
7,99617	300
7,99683	299
7,99750	298
7,99817	298
7,99883	297
7,99950	297
8,00017	296
8,00083	296
8,00150	295
8,00217	295
8,00283	295
8,00350	294
8,00417	294
8,00483	294
8,00550	294
8,00617	294
8,00683	294
8,00750	294
8,00817	294
8,00883	293
8,00950	292
8,01017	292
8,01083	291
8,01150	290
8,01217	289
8,01283	289
8,01350	288
8,01417	287
8,01483	286
8,01550	285
8,01617	284
8,01683	283
8,01750	282
8,01817	281
8,01883	281
8,01950	280
8,02017	279
8,02083	278
8,02150	278
8,02217	277
8,02283	277
8,02350	276
8,02417	276
8,02483	275
8,02550	275
8,02617	274
8,02683	274
8,02750	273
8,02817	273
8,02883	272
8,02950	272
8,03017	271
8,03083	271
8,03150	270
8,03217	270
8,03283	269
8,03350	269
8,03417	268
8,03483	268
8,03550	267
8,03617	267
8,03683	266
8,03750	266
8,03817	266
8,03883	265
8,03950	265
8,04017	265
8,04083	265
8,04150	264
8,04217	264
8,04283	264
8,04350	264
8,04417	264
8,04483	264
8,04550	264
8,04617	264
8,04683	264
8,04750	264
8,04817	264
8,04883	264
8,04950	264
8,05017	264
8,05083	264
8,05150	264
8,05217	263
8,05283	263
8,05350	262
8,05417	261
8,05483	261
8,05550	260
8,05617	259
8,05683	259
8,05750	258
8,05817	257
8,05883	256
8,05950	256
8,06017	255
8,06083	254
8,06150	254
8,06217	253
8,06283	253
8,06350	252
8,06417	252
8,06483	252
8,06550	251
8,06617	251
8,06683	251
8,06750	251
8,06817	251
8,06883	251
8,06950	251
8,07017	251
8,07083	251
8,07150	251
8,07217	252
8,07283	252
8,07350	252
8,07417	251
8,07483	251
8,07550	251
8,07617	251
8,07683	250
8,07750	250
8,07817	249
8,07883	249
8,07950	249
8,08017	248
8,08083	248
8,08150	247
8,08217	247
8,08283	246
8,08350	245
8,08417	245
8,08483	245
8,08550	244
8,08617	244
8,08683	243
8,08750	243
8,08817	242
8,08883	242
8,08950	242
8,09017	241
8,09083	241
8,09150	241
8,09217	241
8,09283	240
8,09350	240
8,09417	240
8,09483	240
8,09550	240
8,09617	240
8,09683	239
8,09750	239
8,09817	239
8,09883	238
8,09950	238
8,10017	238
8,10083	238
8,10150	238
8,10217	238
8,10283	238
8,10350	238
8,10417	239
8,10483	239
8,10550	239
8,10617	239
8,10683	238
8,10750	238
8,10817	238
8,10883	238
8,10950	238
8,11017	238
8,11083	238
8,11150	238
8,11217	238
8,11283	238
8,11350	238
8,11417	238
8,11483	237
8,11550	237
8,11617	237
8,11683	237
8,11750	236
8,11817	236
8,11883	236
8,11950	236
8,12017	236
8,12083	236
8,12150	236
8,12217	236
8,12283	235
8,12350	235
8,12417	235
8,12483	235
8,12550	235
8,12617	234
8,12683	234
8,12750	234
8,12817	234
8,12883	233
8,12950	233
8,13017	232
8,13083	232
8,13150	232
8,13217	232
8,13283	231
8,13350	231
8,13417	231
8,13483	231
8,13550	231
8,13617	230
8,13683	230
8,13750	230
8,13817	230
8,13883	230
8,13950	230
8,14017	230
8,14083	230
8,14150	230
8,14217	229
8,14283	229
8,14350	230
8,14417	230
8,14483	230
8,14550	230
8,14617	230
8,14683	230
8,14750	230
8,14817	230
8,14883	230
8,14950	230
8,15017	229
8,15083	229
8,15150	229
8,15217	229
8,15283	229
8,15350	229
8,15417	229
8,15483	229
8,15550	228
8,15617	228
8,15683	228
8,15750	228
8,15817	228
8,15883	228
8,15950	228
8,16017	228
8,16083	229
8,16150	229
8,16217	229
8,16283	229
8,16350	229
8,16417	228
8,16483	228
8,16550	228
8,16617	228
8,16683	228
8,16750	228
8,16817	228
8,16883	227
8,16950	227
8,17017	227
8,17083	227
8,17150	226
8,17217	226
8,17283	226
8,17350	225
8,17417	225
8,17483	225
8,17550	225
8,17617	224
8,17683	224
8,17750	224
8,17817	224
8,17883	223
8,17950	223
8,18017	223
8,18083	222
8,18150	222
8,18217	221
8,18283	221
8,18350	221
8,18417	220
8,18483	220
8,18550	220
8,18617	220
8,18683	219
8,18750	219
8,18817	218
8,18883	218
8,18950	217
8,19017	217
8,19083	216
8,19150	216
8,19217	215
8,19283	215
8,19350	215
8,19417	215
8,19483	214
8,19550	214
8,19617	214
8,19683	214
8,19750	214
8,19817	213
8,19883	213
8,19950	213
8,20017	213
8,20083	213
8,20150	212
8,20217	212
8,20283	212
8,20350	211
8,20417	211
8,20483	211
8,20550	211
8,20617	211
8,20683	211
8,20750	211
8,20817	211
8,20883	212
8,20950	212
8,21017	213
8,21083	213
8,21150	214
8,21217	214
8,21283	214
8,21350	214
8,21417	214
8,21483	214
8,21550	214
8,21617	214
8,21683	214
8,21750	214
8,21817	214
8,21883	214
8,21950	214
8,22017	214
8,22083	214
8,22150	214
8,22217	214
8,22283	214
8,22350	214
8,22417	214
8,22483	214
8,22550	213
8,22617	213
8,22683	214
8,22750	214
8,22817	214
8,22883	214
8,22950	214
8,23017	214
8,23083	214
8,23150	214
8,23217	214
8,23283	214
8,23350	214
8,23417	214
8,23483	214
8,23550	214
8,23617	214
8,23683	213
8,23750	213
8,23817	213
8,23883	213
8,23950	213
8,24017	213
8,24083	213
8,24150	213
8,24217	212
8,24283	212
8,24350	212
8,24417	212
8,24483	211
8,24550	211
8,24617	210
8,24683	210
8,24750	209
8,24817	209
8,24883	208
8,24950	208
8,25017	208
8,25083	207
8,25150	207
8,25217	207
8,25283	206
8,25350	206
8,25417	205
8,25483	205
8,25550	205
8,25617	204
8,25683	204
8,25750	204
8,25817	204
8,25883	204
8,25950	204
8,26017	204
8,26083	204
8,26150	205
8,26217	205
8,26283	205
8,26350	205
8,26417	206
8,26483	206
8,26550	206
8,26617	206
8,26683	207
8,26750	207
8,26817	207
8,26883	207
8,26950	207
8,27017	207
8,27083	207
8,27150	207
8,27217	208
8,27283	208
8,27350	208
8,27417	207
8,27483	207
8,27550	207
8,27617	207
8,27683	207
8,27750	206
8,27817	206
8,27883	206
8,27950	206
8,28017	206
8,28083	206
8,28150	205
8,28217	205
8,28283	205
8,28350	205
8,28417	205
8,28483	205
8,28550	205
8,28617	206
8,28683	206
8,28750	206
8,28817	206
8,28883	206
8,28950	206
8,29017	206
8,29083	206
8,29150	206
8,29217	206
8,29283	206
8,29350	206
8,29417	207
8,29483	207
8,29550	207
8,29617	207
8,29683	207
8,29750	207
8,29817	207
8,29883	207
8,29950	207
8,30017	206
8,30083	206
8,30150	206
8,30217	206
8,30283	206
8,30350	206
8,30417	206
8,30483	206
8,30550	206
8,30617	206
8,30683	206
8,30750	206
8,30817	206
8,30883	206
8,30950	206
8,31017	207
8,31083	207
8,31150	207
8,31217	207
8,31283	208
8,31350	208
8,31417	209
8,31483	209
8,31550	210
8,31617	210
8,31683	211
8,31750	211
8,31817	212
8,31883	212
8,31950	212
8,32017	213
8,32083	213
8,32150	214
8,32217	214
8,32283	215
8,32350	215
8,32417	216
8,32483	216
8,32550	217
8,32617	217
8,32683	217
8,32750	217
8,32817	217
8,32883	217
8,32950	217
8,33017	216
8,33083	216
8,33150	216
8,33217	215
8,33283	215
8,33350	215
8,33417	214
8,33483	214
8,33550	213
8,33617	213
8,33683	212
8,33750	212
8,33817	212
8,33883	212
8,33950	212
8,34017	211
8,34083	211
8,34150	211
8,34217	210
8,34283	210
8,34350	210
8,34417	209
8,34483	209
8,34550	209
8,34617	208
8,34683	208
8,34750	208
8,34817	208
8,34883	208
8,34950	208
8,35017	208
8,35083	208
8,35150	208
8,35217	208
8,35283	208
8,35350	207
8,35417	207
8,35483	207
8,35550	207
8,35617	207
8,35683	207
8,35750	206
8,35817	206
8,35883	206
8,35950	205
8,36017	205
8,36083	204
8,36150	204
8,36217	203
8,36283	202
8,36350	202
8,36417	202
8,36483	201
8,36550	201
8,36617	201
8,36683	200
8,36750	200
8,36817	200
8,36883	200
8,36950	200
8,37017	200
8,37083	200
8,37150	200
8,37217	200
8,37283	200
8,37350	201
8,37417	201
8,37483	201
8,37550	201
8,37617	201
8,37683	201
8,37750	201
8,37817	201
8,37883	202
8,37950	202
8,38017	202
8,38083	202
8,38150	202
8,38217	202
8,38283	201
8,38350	201
8,38417	201
8,38483	200
8,38550	200
8,38617	199
8,38683	199
8,38750	198
8,38817	198
8,38883	197
8,38950	197
8,39017	197
8,39083	196
8,39150	196
8,39217	196
8,39283	195
8,39350	195
8,39417	195
8,39483	194
8,39550	194
8,39617	194
8,39683	194
8,39750	193
8,39817	193
8,39883	193
8,39950	193
8,40017	193
8,40083	193
8,40150	192
8,40217	192
8,40283	192
8,40350	191
8,40417	191
8,40483	191
8,40550	191
8,40617	190
8,40683	190
8,40750	190
8,40817	189
8,40883	189
8,40950	189
8,41017	189
8,41083	188
8,41150	188
8,41217	188
8,41283	188
8,41350	187
8,41417	187
8,41483	187
8,41550	187
8,41617	187
8,41683	187
8,41750	187
8,41817	187
8,41883	187
8,41950	187
8,42017	187
8,42083	187
8,42150	187
8,42217	187
8,42283	186
8,42350	186
8,42417	186
8,42483	186
8,42550	186
8,42617	185
8,42683	185
8,42750	185
8,42817	184
8,42883	184
8,42950	183
8,43017	183
8,43083	182
8,43150	182
8,43217	182
8,43283	182
8,43350	182
8,43417	182
8,43483	182
8,43550	182
8,43617	182
8,43683	182
8,43750	181
8,43817	181
8,43883	181
8,43950	181
8,44017	181
8,44083	181
8,44150	181
8,44217	181
8,44283	181
8,44350	181
8,44417	181
8,44483	180
8,44550	180
8,44617	180
8,44683	180
8,44750	180
8,44817	179
8,44883	179
8,44950	179
8,45017	179
8,45083	178
8,45150	178
8,45217	177
8,45283	177
8,45350	177
8,45417	177
8,45483	177
8,45550	177
8,45617	177
8,45683	177
8,45750	177
8,45817	177
8,45883	177
8,45950	177
8,46017	177
8,46083	177
8,46150	177
8,46217	177
8,46283	177
8,46350	177
8,46417	177
8,46483	176
8,46550	176
8,46617	176
8,46683	176
8,46750	176
8,46817	176
8,46883	175
8,46950	175
8,47017	175
8,47083	175
8,47150	175
8,47217	175
8,47283	175
8,47350	175
8,47417	175
8,47483	175
8,47550	175
8,47617	175
8,47683	174
8,47750	174
8,47817	174
8,47883	173
8,47950	173
8,48017	173
8,48083	173
8,48150	172
8,48217	172
8,48283	172
8,48350	172
8,48417	171
8,48483	171
8,48550	171
8,48617	171
8,48683	171
8,48750	170
8,48817	170
8,48883	170
8,48950	170
8,49017	170
8,49083	170
8,49150	170
8,49217	170
8,49283	170
8,49350	170
8,49417	170
8,49483	170
8,49550	170
8,49617	170
8,49683	169
8,49750	169
8,49817	170
8,49883	170
8,49950	170
8,50017	170
8,50083	169
8,50150	169
8,50217	169
8,50283	169
8,50350	169
8,50417	169
8,50483	169
8,50550	169
8,50617	169
8,50683	169
8,50750	169
8,50817	169
8,50883	169
8,50950	169
8,51017	169
8,51083	169
8,51150	169
8,51217	169
8,51283	169
8,51350	169
8,51417	169
8,51483	169
8,51550	169
8,51617	169
8,51683	169
8,51750	169
8,51817	169
8,51883	169
8,51950	169
8,52017	169
8,52083	169
8,52150	169
8,52217	169
8,52283	169
8,52350	169
8,52417	169
8,52483	169
8,52550	169
8,52617	169
8,52683	169
8,52750	169
8,52817	169
8,52883	169
8,52950	169
8,53017	170
8,53083	170
8,53150	170
8,53217	170
8,53283	171
8,53350	171
8,53417	171
8,53483	171
8,53550	171
8,53617	171
8,53683	171
8,53750	171
8,53817	172
8,53883	172
8,53950	172
8,54017	172
8,54083	171
8,54150	171
8,54217	171
8,54283	171
8,54350	171
8,54417	171
8,54483	170
8,54550	170
8,54617	170
8,54683	170
8,54750	170
8,54817	170
8,54883	170
8,54950	170
8,55017	170
8,55083	169
8,55150	169
8,55217	169
8,55283	168
8,55350	168
8,55417	167
8,55483	167
8,55550	166
8,55617	166
8,55683	165
8,55750	165
8,55817	165
8,55883	165
8,55950	165
8,56017	165
8,56083	165
8,56150	165
8,56217	165
8,56283	165
8,56350	165
8,56417	165
8,56483	165
8,56550	165
8,56617	165
8,56683	165
8,56750	165
8,56817	166
8,56883	166
8,56950	166
8,57017	167
8,57083	167
8,57150	168
8,57217	168
8,57283	168
8,57350	169
8,57417	169
8,57483	169
8,57550	169
8,57617	169
8,57683	169
8,57750	169
8,57817	169
8,57883	168
8,57950	168
8,58017	168
8,58083	168
8,58150	167
8,58217	167
8,58283	167
8,58350	167
8,58417	167
8,58483	167
8,58550	167
8,58617	167
8,58683	167
8,58750	167
8,58817	167
8,58883	167
8,58950	167
8,59017	167
8,59083	167
8,59150	167
8,59217	167
8,59283	167
8,59350	167
8,59417	167
8,59483	167
8,59550	167
8,59617	167
8,59683	167
8,59750	167
8,59817	166
8,59883	166
8,59950	166
8,60017	166
8,60083	166
8,60150	166
8,60217	166
8,60283	167
8,60350	167
8,60417	167
8,60483	167
8,60550	168
8,60617	168
8,60683	169
8,60750	169
8,60817	169
8,60883	169
8,60950	170
8,61017	170
8,61083	170
8,61150	171
8,61217	171
8,61283	171
8,61350	171
8,61417	171
8,61483	171
8,61550	172
8,61617	172
8,61683	172
8,61750	172
8,61817	171
8,61883	171
8,61950	171
8,62017	171
8,62083	171
8,62150	171
8,62217	171
8,62283	171
8,62350	171
8,62417	171
8,62483	171
8,62550	171
8,62617	171
8,62683	172
8,62750	172
8,62817	172
8,62883	173
8,62950	173
8,63017	173
8,63083	173
8,63150	173
8,63217	173
8,63283	173
8,63350	173
8,63417	173
8,63483	174
8,63550	174
8,63617	174
8,63683	175
8,63750	175
8,63817	175
8,63883	175
8,63950	175
8,64017	175
8,64083	175
8,64150	175
8,64217	175
8,64283	175
8,64350	174
8,64417	174
8,64483	174
8,64550	174
8,64617	174
8,64683	174
8,64750	174
8,64817	174
8,64883	173
8,64950	173
8,65017	173
8,65083	173
8,65150	173
8,65217	173
8,65283	173
8,65350	173
8,65417	173
8,65483	173
8,65550	173
8,65617	173
8,65683	173
8,65750	173
8,65817	173
8,65883	174
8,65950	174
8,66017	174
8,66083	174
8,66150	175
8,66217	175
8,66283	175
8,66350	176
8,66417	176
8,66483	176
8,66550	177
8,66617	177
8,66683	177
8,66750	177
8,66817	177
8,66883	177
8,66950	178
8,67017	178
8,67083	178
8,67150	178
8,67217	178
8,67283	178
8,67350	178
8,67417	178
8,67483	179
8,67550	179
8,67617	179
8,67683	179
8,67750	179
8,67817	179
8,67883	179
8,67950	180
8,68017	180
8,68083	180
8,68150	179
8,68217	179
8,68283	179
8,68350	179
8,68417	179
8,68483	179
8,68550	179
8,68617	179
8,68683	179
8,68750	179
8,68817	179
8,68883	179
8,68950	179
8,69017	179
8,69083	179
8,69150	179
8,69217	179
8,69283	179
8,69350	179
8,69417	179
8,69483	179
8,69550	179
8,69617	178
8,69683	178
8,69750	178
8,69817	178
8,69883	178
8,69950	178
8,70017	178
8,70083	178
8,70150	178
8,70217	178
8,70283	179
8,70350	179
8,70417	179
8,70483	179
8,70550	178
8,70617	178
8,70683	178
8,70750	178
8,70817	179
8,70883	179
8,70950	179
8,71017	179
8,71083	179
8,71150	179
8,71217	179
8,71283	179
8,71350	180
8,71417	180
8,71483	180
8,71550	180
8,71617	180
8,71683	180
8,71750	180
8,71817	180
8,71883	180
8,71950	180
8,72017	180
8,72083	180
8,72150	180
8,72217	180
8,72283	180
8,72350	180
8,72417	179
8,72483	179
8,72550	179
8,72617	178
8,72683	178
8,72750	178
8,72817	178
8,72883	178
8,72950	178
8,73017	179
8,73083	179
8,73150	179
8,73217	179
8,73283	180
8,73350	180
8,73417	181
8,73483	181
8,73550	181
8,73617	181
8,73683	181
8,73750	181
8,73817	181
8,73883	182
8,73950	182
8,74017	182
8,74083	182
8,74150	182
8,74217	183
8,74283	183
8,74350	183
8,74417	183
8,74483	182
8,74550	182
8,74617	182
8,74683	182
8,74750	182
8,74817	182
8,74883	182
8,74950	182
8,75017	182
8,75083	182
8,75150	182
8,75217	182
8,75283	183
8,75350	183
8,75417	183
8,75483	183
8,75550	183
8,75617	184
8,75683	184
8,75750	184
8,75817	184
8,75883	184
8,75950	184
8,76017	185
8,76083	185
8,76150	185
8,76217	185
8,76283	186
8,76350	186
8,76417	186
8,76483	186
8,76550	187
8,76617	187
8,76683	187
8,76750	187
8,76817	187
8,76883	187
8,76950	187
8,77017	187
8,77083	187
8,77150	188
8,77217	188
8,77283	188
8,77350	188
8,77417	188
8,77483	189
8,77550	189
8,77617	189
8,77683	189
8,77750	189
8,77817	189
8,77883	189
8,77950	189
8,78017	189
8,78083	189
8,78150	189
8,78217	189
8,78283	189
8,78350	189
8,78417	190
8,78483	190
8,78550	190
8,78617	190
8,78683	190
8,78750	190
8,78817	190
8,78883	190
8,78950	191
8,79017	191
8,79083	192
8,79150	192
8,79217	193
8,79283	194
8,79350	195
8,79417	196
8,79483	197
8,79550	198
8,79617	199
8,79683	200
8,79750	202
8,79817	203
8,79883	204
8,79950	205
8,80017	206
8,80083	206
8,80150	207
8,80217	208
8,80283	209
8,80350	210
8,80417	211
8,80483	212
8,80550	213
8,80617	213
8,80683	214
8,80750	214
8,80817	214
8,80883	215
8,80950	215
8,81017	215
8,81083	215
8,81150	215
8,81217	215
8,81283	215
8,81350	215
8,81417	215
8,81483	215
8,81550	215
8,81617	215
8,81683	214
8,81750	214
8,81817	213
8,81883	213
8,81950	212
8,82017	212
8,82083	211
8,82150	210
8,82217	210
8,82283	209
8,82350	208
8,82417	207
8,82483	207
8,82550	206
8,82617	205
8,82683	205
8,82750	204
8,82817	203
8,82883	202
8,82950	201
8,83017	200
8,83083	200
8,83150	199
8,83217	198
8,83283	198
8,83350	197
8,83417	197
8,83483	197
8,83550	196
8,83617	196
8,83683	196
8,83750	195
8,83817	195
8,83883	195
8,83950	195
8,84017	194
8,84083	194
8,84150	194
8,84217	193
8,84283	193
8,84350	192
8,84417	192
8,84483	191
8,84550	191
8,84617	191
8,84683	191
8,84750	191
8,84817	192
8,84883	192
8,84950	192
8,85017	192
8,85083	192
8,85150	193
8,85217	193
8,85283	193
8,85350	193
8,85417	194
8,85483	194
8,85550	194
8,85617	194
8,85683	194
8,85750	194
8,85817	194
8,85883	194
8,85950	194
8,86017	193
8,86083	193
8,86150	193
8,86217	193
8,86283	193
8,86350	192
8,86417	192
8,86483	192
8,86550	191
8,86617	191
8,86683	191
8,86750	191
8,86817	191
8,86883	191
8,86950	190
8,87017	190
8,87083	189
8,87150	189
8,87217	189
8,87283	188
8,87350	188
8,87417	187
8,87483	187
8,87550	186
8,87617	186
8,87683	186
8,87750	185
8,87817	185
8,87883	185
8,87950	184
8,88017	184
8,88083	184
8,88150	184
8,88217	184
8,88283	184
8,88350	184
8,88417	184
8,88483	184
8,88550	184
8,88617	184
8,88683	184
8,88750	184
8,88817	184
8,88883	185
8,88950	185
8,89017	185
8,89083	185
8,89150	185
8,89217	186
8,89283	186
8,89350	186
8,89417	187
8,89483	187
8,89550	188
8,89617	188
8,89683	188
8,89750	189
8,89817	189
8,89883	189
8,89950	190
8,90017	190
8,90083	190
8,90150	191
8,90217	191
8,90283	191
8,90350	191
8,90417	191
8,90483	191
8,90550	191
8,90617	191
8,90683	191
8,90750	190
8,90817	190
8,90883	190
8,90950	190
8,91017	190
8,91083	190
8,91150	190
8,91217	190
8,91283	191
8,91350	191
8,91417	191
8,91483	191
8,91550	192
8,91617	192
8,91683	192
8,91750	192
8,91817	192
8,91883	192
8,91950	192
8,92017	192
8,92083	192
8,92150	192
8,92217	191
8,92283	191
8,92350	191
8,92417	190
8,92483	190
8,92550	190
8,92617	189
8,92683	189
8,92750	188
8,92817	188
8,92883	188
8,92950	188
8,93017	188
8,93083	188
8,93150	188
8,93217	189
8,93283	189
8,93350	189
8,93417	189
8,93483	190
8,93550	190
8,93617	190
8,93683	191
8,93750	191
8,93817	191
8,93883	192
8,93950	192
8,94017	192
8,94083	192
8,94150	192
8,94217	192
8,94283	192
8,94350	192
8,94417	192
8,94483	193
8,94550	193
8,94617	193
8,94683	193
8,94750	193
8,94817	194
8,94883	194
8,94950	194
8,95017	194
8,95083	194
8,95150	194
8,95217	194
8,95283	194
8,95350	194
8,95417	194
8,95483	194
8,95550	194
8,95617	194
8,95683	194
8,95750	194
8,95817	193
8,95883	193
8,95950	193
8,96017	193
8,96083	193
8,96150	192
8,96217	192
8,96283	192
8,96350	192
8,96417	192
8,96483	192
8,96550	192
8,96617	192
8,96683	192
8,96750	192
8,96817	192
8,96883	192
8,96950	192
8,97017	192
8,97083	192
8,97150	192
8,97217	192
8,97283	192
8,97350	192
8,97417	192
8,97483	192
8,97550	193
8,97617	193
8,97683	193
8,97750	194
8,97817	194
8,97883	195
8,97950	195
8,98017	196
8,98083	196
8,98150	196
8,98217	196
8,98283	196
8,98350	196
8,98417	195
8,98483	195
8,98550	195
8,98617	195
8,98683	195
8,98750	196
8,98817	196
8,98883	196
8,98950	196
8,99017	196
8,99083	196
8,99150	195
8,99217	195
8,99283	195
8,99350	195
8,99417	195
8,99483	195
8,99550	195
8,99617	195
8,99683	195
8,99750	195
8,99817	195
8,99883	195
8,99950	195
9,00017	195
9,00083	195
9,00150	195
9,00217	195
9,00283	195
9,00350	195
9,00417	195
9,00483	195
9,00550	195
9,00617	195
9,00683	195
9,00750	194
9,00817	194
9,00883	194
9,00950	194
9,01017	193
9,01083	193
9,01150	192
9,01217	192
9,01283	191
9,01350	191
9,01417	191
9,01483	190
9,01550	190
9,01617	190
9,01683	190
9,01750	190
9,01817	190
9,01883	190
9,01950	190
9,02017	190
9,02083	190
9,02150	190
9,02217	191
9,02283	191
9,02350	191
9,02417	191
9,02483	191
9,02550	191
9,02617	191
9,02683	191
9,02750	190
9,02817	190
9,02883	190
9,02950	190
9,03017	190
9,03083	190
9,03150	190
9,03217	190
9,03283	190
9,03350	190
9,03417	190
9,03483	190
9,03550	190
9,03617	190
9,03683	190
9,03750	190
9,03817	190
9,03883	190
9,03950	190
9,04017	190
9,04083	190
9,04150	190
9,04217	190
9,04283	189
9,04350	189
9,04417	189
9,04483	189
9,04550	188
9,04617	188
9,04683	188
9,04750	187
9,04817	187
9,04883	187
9,04950	187
9,05017	187
9,05083	187
9,05150	187
9,05217	187
9,05283	187
9,05350	187
9,05417	187
9,05483	187
9,05550	187
9,05617	187
9,05683	186
9,05750	186
9,05817	186
9,05883	186
9,05950	186
9,06017	186
9,06083	187
9,06150	187
9,06217	187
9,06283	187
9,06350	187
9,06417	187
9,06483	187
9,06550	187
9,06617	187
9,06683	187
9,06750	187
9,06817	187
9,06883	187
9,06950	187
9,07017	187
9,07083	187
9,07150	187
9,07217	187
9,07283	187
9,07350	187
9,07417	187
9,07483	187
9,07550	187
9,07617	187
9,07683	188
9,07750	188
9,07817	188
9,07883	188
9,07950	188
9,08017	188
9,08083	189
9,08150	189
9,08217	189
9,08283	190
9,08350	190
9,08417	190
9,08483	190
9,08550	191
9,08617	191
9,08683	191
9,08750	192
9,08817	192
9,08883	192
9,08950	192
9,09017	192
9,09083	192
9,09150	192
9,09217	191
9,09283	191
9,09350	191
9,09417	191
9,09483	191
9,09550	191
9,09617	191
9,09683	190
9,09750	190
9,09817	190
9,09883	190
9,09950	190
9,10017	190
9,10083	190
9,10150	189
9,10217	189
9,10283	189
9,10350	189
9,10417	189
9,10483	189
9,10550	189
9,10617	188
9,10683	188
9,10750	188
9,10817	188
9,10883	189
9,10950	189
9,11017	189
9,11083	189
9,11150	189
9,11217	188
9,11283	188
9,11350	188
9,11417	188
9,11483	188
9,11550	188
9,11617	187
9,11683	187
9,11750	187
9,11817	186
9,11883	186
9,11950	186
9,12017	186
9,12083	185
9,12150	185
9,12217	185
9,12283	185
9,12350	185
9,12417	184
9,12483	184
9,12550	184
9,12617	184
9,12683	184
9,12750	184
9,12817	184
9,12883	184
9,12950	184
9,13017	184
9,13083	184
9,13150	184
9,13217	184
9,13283	184
9,13350	184
9,13417	184
9,13483	185
9,13550	185
9,13617	185
9,13683	185
9,13750	185
9,13817	186
9,13883	186
9,13950	186
9,14017	187
9,14083	187
9,14150	187
9,14217	188
9,14283	188
9,14350	188
9,14417	188
9,14483	189
9,14550	189
9,14617	189
9,14683	189
9,14750	189
9,14817	189
9,14883	189
9,14950	189
9,15017	189
9,15083	189
9,15150	189
9,15217	189
9,15283	189
9,15350	189
9,15417	189
9,15483	189
9,15550	189
9,15617	189
9,15683	189
9,15750	189
9,15817	189
9,15883	189
9,15950	189
9,16017	189
9,16083	190
9,16150	190
9,16217	190
9,16283	190
9,16350	190
9,16417	190
9,16483	190
9,16550	190
9,16617	190
9,16683	191
9,16750	191
9,16817	191
9,16883	192
9,16950	192
9,17017	192
9,17083	192
9,17150	192
9,17217	192
9,17283	192
9,17350	192
9,17417	192
9,17483	192
9,17550	193
9,17617	193
9,17683	193
9,17750	194
9,17817	194
9,17883	195
9,17950	195
9,18017	196
9,18083	196
9,18150	197
9,18217	197
9,18283	198
9,18350	198
9,18417	198
9,18483	199
9,18550	199
9,18617	199
9,18683	200
9,18750	201
9,18817	201
9,18883	202
9,18950	203
9,19017	203
9,19083	204
9,19150	205
9,19217	206
9,19283	207
9,19350	207
9,19417	208
9,19483	209
9,19550	209
9,19617	210
9,19683	210
9,19750	211
9,19817	211
9,19883	212
9,19950	213
9,20017	214
9,20083	214
9,20150	215
9,20217	215
9,20283	216
9,20350	217
9,20417	217
9,20483	218
9,20550	218
9,20617	219
9,20683	219
9,20750	220
9,20817	220
9,20883	221
9,20950	221
9,21017	222
9,21083	222
9,21150	222
9,21217	223
9,21283	223
9,21350	223
9,21417	223
9,21483	223
9,21550	223
9,21617	224
9,21683	224
9,21750	224
9,21817	225
9,21883	225
9,21950	226
9,22017	226
9,22083	227
9,22150	227
9,22217	228
9,22283	228
9,22350	229
9,22417	229
9,22483	229
9,22550	230
9,22617	230
9,22683	230
9,22750	230
9,22817	231
9,22883	231
9,22950	231
9,23017	232
9,23083	232
9,23150	232
9,23217	233
9,23283	233
9,23350	233
9,23417	233
9,23483	233
9,23550	233
9,23617	233
9,23683	233
9,23750	233
9,23817	233
9,23883	232
9,23950	232
9,24017	232
9,24083	232
9,24150	231
9,24217	231
9,24283	231
9,24350	231
9,24417	231
9,24483	231
9,24550	231
9,24617	231
9,24683	231
9,24750	231
9,24817	231
9,24883	231
9,24950	231
9,25017	231
9,25083	231
9,25150	231
9,25217	231
9,25283	231
9,25350	231
9,25417	231
9,25483	231
9,25550	231
9,25617	231
9,25683	231
9,25750	231
9,25817	231
9,25883	231
9,25950	231
9,26017	231
9,26083	231
9,26150	231
9,26217	230
9,26283	230
9,26350	230
9,26417	230
9,26483	230
9,26550	230
9,26617	230
9,26683	230
9,26750	230
9,26817	230
9,26883	230
9,26950	229
9,27017	229
9,27083	229
9,27150	229
9,27217	228
9,27283	228
9,27350	228
9,27417	227
9,27483	227
9,27550	226
9,27617	225
9,27683	225
9,27750	224
9,27817	223
9,27883	222
9,27950	221
9,28017	220
9,28083	219
9,28150	218
9,28217	217
9,28283	216
9,28350	215
9,28417	215
9,28483	214
9,28550	213
9,28617	212
9,28683	212
9,28750	212
9,28817	211
9,28883	211
9,28950	211
9,29017	211
9,29083	211
9,29150	210
9,29217	210
9,29283	210
9,29350	210
9,29417	210
9,29483	210
9,29550	210
9,29617	210
9,29683	211
9,29750	211
9,29817	211
9,29883	211
9,29950	211
9,30017	211
9,30083	211
9,30150	211
9,30217	211
9,30283	211
9,30350	211
9,30417	211
9,30483	211
9,30550	211
9,30617	211
9,30683	211
9,30750	212
9,30817	212
9,30883	212
9,30950	212
9,31017	212
9,31083	212
9,31150	212
9,31217	212
9,31283	212
9,31350	212
9,31417	212
9,31483	212
9,31550	212
9,31617	212
9,31683	212
9,31750	212
9,31817	212
9,31883	212
9,31950	212
9,32017	212
9,32083	212
9,32150	212
9,32217	212
9,32283	212
9,32350	211
9,32417	211
9,32483	211
9,32550	210
9,32617	210
9,32683	210
9,32750	210
9,32817	210
9,32883	210
9,32950	210
9,33017	210
9,33083	210
9,33150	210
9,33217	210
9,33283	210
9,33350	211
9,33417	211
9,33483	211
9,33550	211
9,33617	211
9,33683	212
9,33750	212
9,33817	212
9,33883	212
9,33950	213
9,34017	213
9,34083	213
9,34150	213
9,34217	213
9,34283	213
9,34350	213
9,34417	213
9,34483	213
9,34550	214
9,34617	214
9,34683	214
9,34750	214
9,34817	215
9,34883	215
9,34950	215
9,35017	215
9,35083	216
9,35150	216
9,35217	216
9,35283	216
9,35350	217
9,35417	217
9,35483	217
9,35550	217
9,35617	217
9,35683	217
9,35750	218
9,35817	218
9,35883	218
9,35950	219
9,36017	219
9,36083	219
9,36150	220
9,36217	220
9,36283	220
9,36350	221
9,36417	221
9,36483	222
9,36550	223
9,36617	223
9,36683	224
9,36750	225
9,36817	226
9,36883	227
9,36950	228
9,37017	229
9,37083	231
9,37150	233
9,37217	235
9,37283	237
9,37350	240
9,37417	243
9,37483	246
9,37550	250
9,37617	254
9,37683	258
9,37750	263
9,37817	268
9,37883	274
9,37950	280
9,38017	286
9,38083	292
9,38150	299
9,38217	307
9,38283	315
9,38350	323
9,38417	332
9,38483	341
9,38550	351
9,38617	360
9,38683	370
9,38750	380
9,38817	390
9,38883	400
9,38950	409
9,39017	419
9,39083	429
9,39150	438
9,39217	447
9,39283	455
9,39350	463
9,39417	471
9,39483	478
9,39550	485
9,39617	491
9,39683	496
9,39750	502
9,39817	506
9,39883	510
9,39950	513
9,40017	516
9,40083	519
9,40150	521
9,40217	522
9,40283	524
9,40350	525
9,40417	525
9,40483	525
9,40550	525
9,40617	525
9,40683	523
9,40750	522
9,40817	520
9,40883	518
9,40950	515
9,41017	513
9,41083	510
9,41150	507
9,41217	504
9,41283	501
9,41350	498
9,41417	495
9,41483	492
9,41550	489
9,41617	485
9,41683	482
9,41750	478
9,41817	475
9,41883	472
9,41950	468
9,42017	464
9,42083	461
9,42150	457
9,42217	454
9,42283	451
9,42350	448
9,42417	444
9,42483	441
9,42550	438
9,42617	435
9,42683	432
9,42750	429
9,42817	427
9,42883	424
9,42950	421
9,43017	418
9,43083	416
9,43150	413
9,43217	411
9,43283	409
9,43350	406
9,43417	404
9,43483	402
9,43550	400
9,43617	398
9,43683	395
9,43750	393
9,43817	391
9,43883	388
9,43950	386
9,44017	383
9,44083	381
9,44150	378
9,44217	376
9,44283	373
9,44350	371
9,44417	369
9,44483	367
9,44550	365
9,44617	363
9,44683	361
9,44750	360
9,44817	358
9,44883	356
9,44950	355
9,45017	353
9,45083	351
9,45150	350
9,45217	348
9,45283	346
9,45350	345
9,45417	343
9,45483	342
9,45550	341
9,45617	339
9,45683	338
9,45750	337
9,45817	336
9,45883	335
9,45950	334
9,46017	333
9,46083	332
9,46150	330
9,46217	329
9,46283	328
9,46350	327
9,46417	326
9,46483	324
9,46550	323
9,46617	322
9,46683	321
9,46750	321
9,46817	320
9,46883	320
9,46950	319
9,47017	319
9,47083	319
9,47150	319
9,47217	318
9,47283	318
9,47350	318
9,47417	318
9,47483	318
9,47550	318
9,47617	318
9,47683	318
9,47750	318
9,47817	318
9,47883	317
9,47950	317
9,48017	317
9,48083	317
9,48150	317
9,48217	317
9,48283	317
9,48350	317
9,48417	317
9,48483	317
9,48550	317
9,48617	317
9,48683	317
9,48750	317
9,48817	317
9,48883	318
9,48950	318
9,49017	318
9,49083	318
9,49150	318
9,49217	318
9,49283	319
9,49350	319
9,49417	319
9,49483	319
9,49550	320
9,49617	320
9,49683	320
9,49750	321
9,49817	321
9,49883	322
9,49950	322
9,50017	323
9,50083	323
9,50150	324
9,50217	324
9,50283	325
9,50350	325
9,50417	326
9,50483	326
9,50550	326
9,50617	326
9,50683	326
9,50750	326
9,50817	326
9,50883	327
9,50950	326
9,51017	326
9,51083	326
9,51150	326
9,51217	326
9,51283	326
9,51350	326
9,51417	326
9,51483	326
9,51550	326
9,51617	326
9,51683	326
9,51750	326
9,51817	326
9,51883	326
9,51950	325
9,52017	325
9,52083	325
9,52150	325
9,52217	325
9,52283	324
9,52350	324
9,52417	323
9,52483	323
9,52550	322
9,52617	322
9,52683	321
9,52750	320
9,52817	320
9,52883	319
9,52950	319
9,53017	318
9,53083	318
9,53150	317
9,53217	317
9,53283	316
9,53350	316
9,53417	315
9,53483	315
9,53550	315
9,53617	314
9,53683	314
9,53750	313
9,53817	313
9,53883	312
9,53950	312
9,54017	311
9,54083	311
9,54150	310
9,54217	310
9,54283	309
9,54350	308
9,54417	307
9,54483	306
9,54550	304
9,54617	303
9,54683	301
9,54750	300
9,54817	299
9,54883	298
9,54950	296
9,55017	295
9,55083	294
9,55150	293
9,55217	292
9,55283	291
9,55350	290
9,55417	290
9,55483	289
9,55550	289
9,55617	289
9,55683	289
9,55750	288
9,55817	288
9,55883	288
9,55950	288
9,56017	289
9,56083	289
9,56150	290
9,56217	291
9,56283	292
9,56350	293
9,56417	294
9,56483	294
9,56550	295
9,56617	296
9,56683	297
9,56750	297
9,56817	297
9,56883	297
9,56950	297
9,57017	297
9,57083	297
9,57150	296
9,57217	296
9,57283	295
9,57350	294
9,57417	293
9,57483	292
9,57550	291
9,57617	289
9,57683	288
9,57750	287
9,57817	285
9,57883	283
9,57950	281
9,58017	280
9,58083	278
9,58150	276
9,58217	274
9,58283	272
9,58350	270
9,58417	268
9,58483	266
9,58550	264
9,58617	263
9,58683	261
9,58750	259
9,58817	258
9,58883	256
9,58950	255
9,59017	253
9,59083	252
9,59150	251
9,59217	250
9,59283	248
9,59350	247
9,59417	246
9,59483	245
9,59550	244
9,59617	244
9,59683	243
9,59750	242
9,59817	241
9,59883	241
9,59950	240
9,60017	240
9,60083	239
9,60150	239
9,60217	238
9,60283	238
9,60350	237
9,60417	237
9,60483	236
9,60550	236
9,60617	235
9,60683	235
9,60750	235
9,60817	235
9,60883	234
9,60950	234
9,61017	234
9,61083	234
9,61150	234
9,61217	234
9,61283	234
9,61350	234
9,61417	234
9,61483	234
9,61550	234
9,61617	234
9,61683	234
9,61750	234
9,61817	234
9,61883	234
9,61950	234
9,62017	234
9,62083	234
9,62150	234
9,62217	234
9,62283	234
9,62350	234
9,62417	234
9,62483	234
9,62550	234
9,62617	234
9,62683	234
9,62750	234
9,62817	234
9,62883	234
9,62950	234
9,63017	234
9,63083	234
9,63150	234
9,63217	234
9,63283	234
9,63350	234
9,63417	234
9,63483	234
9,63550	234
9,63617	234
9,63683	234
9,63750	235
9,63817	235
9,63883	235
9,63950	235
9,64017	235
9,64083	235
9,64150	236
9,64217	236
9,64283	236
9,64350	236
9,64417	236
9,64483	236
9,64550	237
9,64617	237
9,64683	237
9,64750	237
9,64817	237
9,64883	237
9,64950	237
9,65017	237
9,65083	237
9,65150	237
9,65217	237
9,65283	237
9,65350	237
9,65417	237
9,65483	237
9,65550	237
9,65617	237
9,65683	237
9,65750	237
9,65817	238
9,65883	238
9,65950	238
9,66017	238
9,66083	238
9,66150	238
9,66217	238
9,66283	239
9,66350	239
9,66417	239
9,66483	239
9,66550	239
9,66617	239
9,66683	239
9,66750	239
9,66817	239
9,66883	239
9,66950	239
9,67017	239
9,67083	239
9,67150	239
9,67217	239
9,67283	239
9,67350	239
9,67417	239
9,67483	239
9,67550	239
9,67617	239
9,67683	239
9,67750	239
9,67817	239
9,67883	240
9,67950	240
9,68017	240
9,68083	240
9,68150	240
9,68217	240
9,68283	240
9,68350	240
9,68417	240
9,68483	241
9,68550	241
9,68617	241
9,68683	241
9,68750	240
9,68817	240
9,68883	240
9,68950	240
9,69017	240
9,69083	240
9,69150	239
9,69217	239
9,69283	239
9,69350	239
9,69417	239
9,69483	238
9,69550	238
9,69617	238
9,69683	237
9,69750	237
9,69817	236
9,69883	236
9,69950	236
9,70017	236
9,70083	235
9,70150	235
9,70217	235
9,70283	235
9,70350	235
9,70417	235
9,70483	235
9,70550	235
9,70617	235
9,70683	235
9,70750	235
9,70817	235
9,70883	235
9,70950	235
9,71017	235
9,71083	235
9,71150	234
9,71217	234
9,71283	234
9,71350	234
9,71417	234
9,71483	234
9,71550	234
9,71617	234
9,71683	234
9,71750	234
9,71817	234
9,71883	234
9,71950	233
9,72017	233
9,72083	233
9,72150	233
9,72217	233
9,72283	233
9,72350	233
9,72417	233
9,72483	232
9,72550	232
9,72617	232
9,72683	232
9,72750	231
9,72817	231
9,72883	230
9,72950	230
9,73017	229
9,73083	229
9,73150	229
9,73217	229
9,73283	228
9,73350	228
9,73417	228
9,73483	228
9,73550	228
9,73617	228
9,73683	228
9,73750	228
9,73817	227
9,73883	227
9,73950	227
9,74017	227
9,74083	227
9,74150	227
9,74217	227
9,74283	227
9,74350	226
9,74417	226
9,74483	225
9,74550	225
9,74617	225
9,74683	224
9,74750	224
9,74817	224
9,74883	223
9,74950	223
9,75017	223
9,75083	222
9,75150	222
9,75217	222
9,75283	222
9,75350	222
9,75417	222
9,75483	222
9,75550	222
9,75617	223
9,75683	223
9,75750	223
9,75817	224
9,75883	224
9,75950	224
9,76017	224
9,76083	225
9,76150	225
9,76217	225
9,76283	226
9,76350	226
9,76417	227
9,76483	227
9,76550	227
9,76617	227
9,76683	227
9,76750	228
9,76817	228
9,76883	228
9,76950	228
9,77017	228
9,77083	227
9,77150	227
9,77217	227
9,77283	227
9,77350	226
9,77417	226
9,77483	225
9,77550	225
9,77617	225
9,77683	224
9,77750	224
9,77817	223
9,77883	223
9,77950	223
9,78017	222
9,78083	222
9,78150	221
9,78217	221
9,78283	221
9,78350	220
9,78417	220
9,78483	220
9,78550	220
9,78617	219
9,78683	219
9,78750	219
9,78817	219
9,78883	218
9,78950	218
9,79017	218
9,79083	218
9,79150	217
9,79217	217
9,79283	217
9,79350	216
9,79417	215
9,79483	215
9,79550	214
9,79617	213
9,79683	212
9,79750	211
9,79817	210
9,79883	210
9,79950	209
9,80017	208
9,80083	207
9,80150	207
9,80217	206
9,80283	205
9,80350	205
9,80417	204
9,80483	204
9,80550	204
9,80617	204
9,80683	204
9,80750	204
9,80817	204
9,80883	204
9,80950	204
9,81017	204
9,81083	204
9,81150	204
9,81217	204
9,81283	204
9,81350	204
9,81417	204
9,81483	203
9,81550	203
9,81617	203
9,81683	203
9,81750	203
9,81817	203
9,81883	203
9,81950	203
9,82017	203
9,82083	203
9,82150	203
9,82217	203
9,82283	203
9,82350	203
9,82417	203
9,82483	203
9,82550	202
9,82617	202
9,82683	202
9,82750	202
9,82817	201
9,82883	201
9,82950	201
9,83017	200
9,83083	200
9,83150	200
9,83217	200
9,83283	199
9,83350	199
9,83417	199
9,83483	198
9,83550	198
9,83617	197
9,83683	197
9,83750	197
9,83817	197
9,83883	197
9,83950	197
9,84017	197
9,84083	197
9,84150	197
9,84217	197
9,84283	197
9,84350	198
9,84417	198
9,84483	198
9,84550	198
9,84617	198
9,84683	198
9,84750	198
9,84817	198
9,84883	197
9,84950	197
9,85017	197
9,85083	197
9,85150	197
9,85217	197
9,85283	197
9,85350	197
9,85417	197
9,85483	197
9,85550	197
9,85617	197
9,85683	196
9,85750	196
9,85817	196
9,85883	196
9,85950	196
9,86017	196
9,86083	197
9,86150	197
9,86217	197
9,86283	197
9,86350	198
9,86417	198
9,86483	198
9,86550	198
9,86617	198
9,86683	198
9,86750	199
9,86817	199
9,86883	199
9,86950	199
9,87017	199
9,87083	199
9,87150	199
9,87217	199
9,87283	200
9,87350	200
9,87417	200
9,87483	200
9,87550	200
9,87617	200
9,87683	200
9,87750	200
9,87817	200
9,87883	200
9,87950	200
9,88017	200
9,88083	200
9,88150	200
9,88217	201
9,88283	201
9,88350	201
9,88417	202
9,88483	202
9,88550	202
9,88617	202
9,88683	203
9,88750	203
9,88817	203
9,88883	204
9,88950	204
9,89017	205
9,89083	205
9,89150	205
9,89217	206
9,89283	206
9,89350	207
9,89417	207
9,89483	208
9,89550	209
9,89617	209
9,89683	210
9,89750	211
9,89817	212
9,89883	212
9,89950	213
9,90017	213
9,90083	213
9,90150	214
9,90217	214
9,90283	214
9,90350	214
9,90417	214
9,90483	214
9,90550	215
9,90617	215
9,90683	215
9,90750	215
9,90817	215
9,90883	214
9,90950	214
9,91017	214
9,91083	214
9,91150	214
9,91217	214
9,91283	214
9,91350	214
9,91417	215
9,91483	215
9,91550	215
9,91617	215
9,91683	215
9,91750	215
9,91817	215
9,91883	215
9,91950	215
9,92017	215
9,92083	215
9,92150	215
9,92217	215
9,92283	215
9,92350	215
9,92417	215
9,92483	215
9,92550	215
9,92617	215
9,92683	215
9,92750	214
9,92817	214
9,92883	214
9,92950	213
9,93017	213
9,93083	213
9,93150	213
9,93217	212
9,93283	212
9,93350	212
9,93417	212
9,93483	212
9,93550	212
9,93617	212
9,93683	212
9,93750	212
9,93817	212
9,93883	212
9,93950	213
9,94017	213
9,94083	213
9,94150	213
9,94217	213
9,94283	213
9,94350	213
9,94417	213
9,94483	212
9,94550	212
9,94617	212
9,94683	212
9,94750	212
9,94817	212
9,94883	211
9,94950	211
9,95017	211
9,95083	211
9,95150	211
9,95217	211
9,95283	211
9,95350	211
9,95417	211
9,95483	211
9,95550	210
9,95617	210
9,95683	210
9,95750	210
9,95817	209
9,95883	209
9,95950	209
9,96017	209
9,96083	209
9,96150	209
9,96217	209
9,96283	210
9,96350	210
9,96417	210
9,96483	210
9,96550	210
9,96617	211
9,96683	211
9,96750	211
9,96817	210
9,96883	210
9,96950	210
9,97017	210
9,97083	210
9,97150	210
9,97217	210
9,97283	210
9,97350	211
9,97417	211
9,97483	211
9,97550	211
9,97617	211
9,97683	211
9,97750	211
9,97817	211
9,97883	211
9,97950	211
9,98017	211
9,98083	212
9,98150	212
9,98217	212
9,98283	212
9,98350	213
9,98417	213
9,98483	213
9,98550	214
9,98617	214
9,98683	215
9,98750	215
9,98817	215
9,98883	215
9,98950	216
9,99017	216
9,99083	216
9,99150	216
9,99217	216
9,99283	216
9,99350	216
9,99417	216
9,99483	215
9,99550	215
9,99617	215
9,99683	215
9,99750	215
9,99817	214
9,99883	214
9,99950	214
10,00017	213
10,00083	213
10,00150	213
10,00217	213
10,00283	212
10,00350	212
10,00417	212
10,00483	212
10,00550	212
10,00617	211
10,00683	211
10,00750	211
10,00817	210
10,00883	210
10,00950	210
10,01017	209
10,01083	209
10,01150	209
10,01217	209
10,01283	209
10,01350	209
10,01417	208
10,01483	208
10,01550	208
10,01617	208
10,01683	207
10,01750	207
10,01817	207
10,01883	207
10,01950	207
10,02017	207
10,02083	207
10,02150	207
10,02217	207
10,02283	207
10,02350	207
10,02417	208
10,02483	208
10,02550	208
10,02617	208
10,02683	208
10,02750	208
10,02817	208
10,02883	208
10,02950	208
10,03017	208
10,03083	208
10,03150	209
10,03217	209
10,03283	209
10,03350	209
10,03417	210
10,03483	210
10,03550	210
10,03617	210
10,03683	210
10,03750	210
10,03817	210
10,03883	210
10,03950	210
10,04017	210
10,04083	210
10,04150	210
10,04217	210
10,04283	210
10,04350	210
10,04417	210
10,04483	209
10,04550	209
10,04617	209
10,04683	209
10,04750	209
10,04817	209
10,04883	208
10,04950	208
10,05017	208
10,05083	208
10,05150	207
10,05217	207
10,05283	207
10,05350	207
10,05417	207
10,05483	208
10,05550	208
10,05617	208
10,05683	208
10,05750	208
10,05817	208
10,05883	208
10,05950	208
10,06017	208
10,06083	208
10,06150	208
10,06217	208
10,06283	208
10,06350	209
10,06417	209
10,06483	209
10,06550	209
10,06617	210
10,06683	210
10,06750	210
10,06817	210
10,06883	210
10,06950	211
10,07017	211
10,07083	211
10,07150	212
10,07217	212
10,07283	212
10,07350	213
10,07417	213
10,07483	213
10,07550	213
10,07617	214
10,07683	214
10,07750	214
10,07817	214
10,07883	214
10,07950	214
10,08017	214
10,08083	214
10,08150	213
10,08217	213
10,08283	213
10,08350	213
10,08417	213
10,08483	213
10,08550	213
10,08617	212
10,08683	212
10,08750	212
10,08817	212
10,08883	212
10,08950	212
10,09017	211
10,09083	211
10,09150	211
10,09217	211
10,09283	211
10,09350	211
10,09417	211
10,09483	212
10,09550	212
10,09617	212
10,09683	212
10,09750	213
10,09817	213
10,09883	213
10,09950	213
10,10017	213
10,10083	213
10,10150	213
10,10217	213
10,10283	214
10,10350	214
10,10417	214
10,10483	214
10,10550	214
10,10617	215
10,10683	215
10,10750	215
10,10817	216
10,10883	216
10,10950	217
10,11017	217
10,11083	217
10,11150	217
10,11217	217
10,11283	217
10,11350	217
10,11417	217
10,11483	217
10,11550	217
10,11617	217
10,11683	217
10,11750	216
10,11817	216
10,11883	216
10,11950	216
10,12017	215
10,12083	215
10,12150	215
10,12217	215
10,12283	215
10,12350	215
10,12417	215
10,12483	214
10,12550	214
10,12617	214
10,12683	214
10,12750	214
10,12817	213
10,12883	213
10,12950	213
10,13017	212
10,13083	212
10,13150	212
10,13217	212
10,13283	211
10,13350	211
10,13417	211
10,13483	211
10,13550	211
10,13617	210
10,13683	210
10,13750	210
10,13817	210
10,13883	210
10,13950	210
10,14017	210
10,14083	209
10,14150	209
10,14217	209
10,14283	209
10,14350	208
10,14417	208
10,14483	207
10,14550	207
10,14617	206
10,14683	206
10,14750	205
10,14817	205
10,14883	204
10,14950	204
10,15017	204
10,15083	204
10,15150	204
10,15217	203
10,15283	203
10,15350	203
10,15417	203
10,15483	203
10,15550	203
10,15617	203
10,15683	203
10,15750	203
10,15817	203
10,15883	203
10,15950	203
10,16017	203
10,16083	203
10,16150	202
10,16217	202
10,16283	202
10,16350	201
10,16417	201
10,16483	200
10,16550	200
10,16617	200
10,16683	199
10,16750	199
10,16817	199
10,16883	199
10,16950	198
10,17017	198
10,17083	198
10,17150	198
10,17217	198
10,17283	198
10,17350	198
10,17417	198
10,17483	198
10,17550	198
10,17617	198
10,17683	198
10,17750	198
10,17817	198
10,17883	198
10,17950	198
10,18017	198
10,18083	199
10,18150	199
10,18217	199
10,18283	199
10,18350	199
10,18417	199
10,18483	199
10,18550	199
10,18617	199
10,18683	199
10,18750	199
10,18817	199
10,18883	199
10,18950	200
10,19017	200
10,19083	200
10,19150	200
10,19217	201
10,19283	201
10,19350	201
10,19417	201
10,19483	201
10,19550	201
10,19617	202
10,19683	202
10,19750	202
10,19817	202
10,19883	202
10,19950	202
10,20017	203
10,20083	203
10,20150	203
10,20217	204
10,20283	204
10,20350	204
10,20417	205
10,20483	205
10,20550	205
10,20617	205
10,20683	205
10,20750	205
10,20817	205
10,20883	205
10,20950	205
10,21017	205
10,21083	206
10,21150	206
10,21217	205
10,21283	205
10,21350	205
10,21417	205
10,21483	205
10,21550	205
10,21617	205
10,21683	205
10,21750	205
10,21817	205
10,21883	206
10,21950	206
10,22017	206
10,22083	206
10,22150	207
10,22217	207
10,22283	207
10,22350	208
10,22417	208
10,22483	208
10,22550	209
10,22617	209
10,22683	209
10,22750	209
10,22817	209
10,22883	209
10,22950	209
10,23017	209
10,23083	210
10,23150	210
10,23217	210
10,23283	210
10,23350	211
10,23417	211
10,23483	211
10,23550	212
10,23617	212
10,23683	212
10,23750	212
10,23817	212
10,23883	212
10,23950	212
10,24017	212
10,24083	212
10,24150	212
10,24217	212
10,24283	212
10,24350	212
10,24417	213
10,24483	214
10,24550	214
10,24617	215
10,24683	215
10,24750	216
10,24817	216
10,24883	217
10,24950	217
10,25017	218
10,25083	218
10,25150	219
10,25217	219
10,25283	219
10,25350	220
10,25417	220
10,25483	220
10,25550	221
10,25617	221
10,25683	221
10,25750	222
10,25817	222
10,25883	222
10,25950	223
10,26017	223
10,26083	223
10,26150	224
10,26217	224
10,26283	225
10,26350	225
10,26417	226
10,26483	227
10,26550	227
10,26617	228
10,26683	228
10,26750	229
10,26817	230
10,26883	230
10,26950	231
10,27017	231
10,27083	232
10,27150	233
10,27217	233
10,27283	234
10,27350	234
10,27417	235
10,27483	235
10,27550	235
10,27617	236
10,27683	236
10,27750	237
10,27817	237
10,27883	237
10,27950	237
10,28017	237
10,28083	237
10,28150	237
10,28217	237
10,28283	237
10,28350	237
10,28417	237
10,28483	237
10,28550	237
10,28617	237
10,28683	237
10,28750	237
10,28817	237
10,28883	238
10,28950	238
10,29017	238
10,29083	238
10,29150	239
10,29217	239
10,29283	240
10,29350	240
10,29417	241
10,29483	242
10,29550	243
10,29617	244
10,29683	245
10,29750	247
10,29817	249
10,29883	251
10,29950	253
10,30017	256
10,30083	259
10,30150	263
10,30217	267
10,30283	271
10,30350	276
10,30417	281
10,30483	287
10,30550	293
10,30617	300
10,30683	308
10,30750	317
10,30817	327
10,30883	337
10,30950	349
10,31017	363
10,31083	377
10,31150	393
10,31217	411
10,31283	430
10,31350	451
10,31417	474
10,31483	498
10,31550	525
10,31617	553
10,31683	584
10,31750	618
10,31817	654
10,31883	694
10,31950	737
10,32017	784
10,32083	832
10,32150	884
10,32217	938
10,32283	993
10,32350	1050
10,32417	1109
10,32483	1168
10,32550	1228
10,32617	1288
10,32683	1349
10,32750	1410
10,32817	1471
10,32883	1532
10,32950	1592
10,33017	1651
10,33083	1708
10,33150	1765
10,33217	1820
10,33283	1873
10,33350	1925
10,33417	1974
10,33483	2021
10,33550	2065
10,33617	2106
10,33683	2144
10,33750	2179
10,33817	2210
10,33883	2238
10,33950	2262
10,34017	2283
10,34083	2301
10,34150	2315
10,34217	2325
10,34283	2332
10,34350	2335
10,34417	2335
10,34483	2332
10,34550	2325
10,34617	2315
10,34683	2302
10,34750	2287
10,34817	2268
10,34883	2247
10,34950	2223
10,35017	2197
10,35083	2169
10,35150	2138
10,35217	2105
10,35283	2070
10,35350	2033
10,35417	1994
10,35483	1954
10,35550	1913
10,35617	1872
10,35683	1831
10,35750	1790
10,35817	1749
10,35883	1708
10,35950	1667
10,36017	1626
10,36083	1586
10,36150	1545
10,36217	1506
10,36283	1467
10,36350	1428
10,36417	1390
10,36483	1353
10,36550	1317
10,36617	1281
10,36683	1247
10,36750	1213
10,36817	1181
10,36883	1150
10,36950	1119
10,37017	1090
10,37083	1062
10,37150	1035
10,37217	1008
10,37283	983
10,37350	958
10,37417	934
10,37483	911
10,37550	889
10,37617	868
10,37683	848
10,37750	828
10,37817	809
10,37883	791
10,37950	773
10,38017	756
10,38083	739
10,38150	723
10,38217	707
10,38283	692
10,38350	677
10,38417	663
10,38483	649
10,38550	635
10,38617	621
10,38683	608
10,38750	596
10,38817	583
10,38883	571
10,38950	559
10,39017	547
10,39083	536
10,39150	525
10,39217	515
10,39283	504
10,39350	495
10,39417	485
10,39483	476
10,39550	467
10,39617	458
10,39683	450
10,39750	441
10,39817	433
10,39883	425
10,39950	418
10,40017	411
10,40083	403
10,40150	396
10,40217	390
10,40283	383
10,40350	377
10,40417	371
10,40483	366
10,40550	361
10,40617	356
10,40683	351
10,40750	346
10,40817	342
10,40883	338
10,40950	334
10,41017	330
10,41083	326
10,41150	322
10,41217	319
10,41283	316
10,41350	313
10,41417	310
10,41483	307
10,41550	305
10,41617	302
10,41683	300
10,41750	298
10,41817	296
10,41883	294
10,41950	293
10,42017	291
10,42083	289
10,42150	288
10,42217	286
10,42283	285
10,42350	284
10,42417	282
10,42483	281
10,42550	280
10,42617	279
10,42683	278
10,42750	277
10,42817	277
10,42883	276
10,42950	275
10,43017	274
10,43083	274
10,43150	273
10,43217	273
10,43283	272
10,43350	272
10,43417	271
10,43483	271
10,43550	270
10,43617	270
10,43683	270
10,43750	270
10,43817	270
10,43883	269
10,43950	269
10,44017	269
10,44083	269
10,44150	269
10,44217	269
10,44283	269
10,44350	269
10,44417	269
10,44483	268
10,44550	268
10,44617	268
10,44683	267
10,44750	267
10,44817	267
10,44883	267
10,44950	267
10,45017	267
10,45083	266
10,45150	266
10,45217	266
10,45283	266
10,45350	266
10,45417	266
10,45483	266
10,45550	266
10,45617	266
10,45683	265
10,45750	265
10,45817	265
10,45883	265
10,45950	265
10,46017	265
10,46083	265
10,46150	264
10,46217	264
10,46283	264
10,46350	263
10,46417	263
10,46483	262
10,46550	261
10,46617	261
10,46683	260
10,46750	260
10,46817	260
10,46883	260
10,46950	260
10,47017	259
10,47083	259
10,47150	259
10,47217	259
10,47283	259
10,47350	258
10,47417	258
10,47483	258
10,47550	258
10,47617	258
10,47683	258
10,47750	259
10,47817	258
10,47883	259
10,47950	259
10,48017	259
10,48083	259
10,48150	259
10,48217	259
10,48283	259
10,48350	259
10,48417	259
10,48483	259
10,48550	259
10,48617	258
10,48683	258
10,48750	258
10,48817	257
10,48883	257
10,48950	257
10,49017	257
10,49083	257
10,49150	257
10,49217	257
10,49283	257
10,49350	257
10,49417	257
10,49483	257
10,49550	257
10,49617	257
10,49683	257
10,49750	257
10,49817	257
10,49883	256
10,49950	256
10,50017	256
10,50083	256
10,50150	256
10,50217	256
10,50283	255
10,50350	255
10,50417	255
10,50483	254
10,50550	254
10,50617	254
10,50683	253
10,50750	253
10,50817	253
10,50883	252
10,50950	252
10,51017	252
10,51083	252
10,51150	251
10,51217	251
10,51283	251
10,51350	251
10,51417	251
10,51483	251
10,51550	251
10,51617	251
10,51683	251
10,51750	251
10,51817	252
10,51883	252
10,51950	252
10,52017	252
10,52083	253
10,52150	253
10,52217	254
10,52283	254
10,52350	255
10,52417	256
10,52483	257
10,52550	258
10,52617	259
10,52683	260
10,52750	261
10,52817	261
10,52883	262
10,52950	263
10,53017	264
10,53083	264
10,53150	265
10,53217	266
10,53283	267
10,53350	268
10,53417	268
10,53483	268
10,53550	269
10,53617	269
10,53683	269
10,53750	269
10,53817	269
10,53883	269
10,53950	269
10,54017	269
10,54083	270
10,54150	270
10,54217	270
10,54283	270
10,54350	271
10,54417	271
10,54483	271
10,54550	272
10,54617	272
10,54683	273
10,54750	273
10,54817	274
10,54883	274
10,54950	275
10,55017	275
10,55083	275
10,55150	276
10,55217	276
10,55283	277
10,55350	277
10,55417	277
10,55483	278
10,55550	278
10,55617	279
10,55683	279
10,55750	279
10,55817	279
10,55883	279
10,55950	280
10,56017	280
10,56083	280
10,56150	280
10,56217	281
10,56283	281
10,56350	282
10,56417	282
10,56483	283
10,56550	284
10,56617	285
10,56683	285
10,56750	286
10,56817	287
10,56883	287
10,56950	288
10,57017	288
10,57083	289
10,57150	289
10,57217	290
10,57283	290
10,57350	291
10,57417	291
10,57483	292
10,57550	292
10,57617	293
10,57683	293
10,57750	294
10,57817	295
10,57883	296
10,57950	296
10,58017	297
10,58083	298
10,58150	298
10,58217	299
10,58283	299
10,58350	300
10,58417	301
10,58483	301
10,58550	302
10,58617	303
10,58683	303
10,58750	304
10,58817	305
10,58883	306
10,58950	306
10,59017	307
10,59083	308
10,59150	308
10,59217	309
10,59283	309
10,59350	310
10,59417	311
10,59483	311
10,59550	312
10,59617	313
10,59683	314
10,59750	315
10,59817	315
10,59883	316
10,59950	317
10,60017	317
10,60083	318
10,60150	318
10,60217	319
10,60283	319
10,60350	319
10,60417	319
10,60483	319
10,60550	319
10,60617	319
10,60683	319
10,60750	319
10,60817	319
10,60883	319
10,60950	319
10,61017	319
10,61083	318
10,61150	318
10,61217	318
10,61283	318
10,61350	318
10,61417	318
10,61483	318
10,61550	318
10,61617	318
10,61683	318
10,61750	318
10,61817	318
10,61883	318
10,61950	319
10,62017	319
10,62083	319
10,62150	319
10,62217	320
10,62283	320
10,62350	320
10,62417	320
10,62483	320
10,62550	320
10,62617	321
10,62683	321
10,62750	321
10,62817	322
10,62883	322
10,62950	322
10,63017	322
10,63083	323
10,63150	323
10,63217	322
10,63283	322
10,63350	322
10,63417	322
10,63483	321
10,63550	321
10,63617	321
10,63683	320
10,63750	320
10,63817	320
10,63883	319
10,63950	319
10,64017	319
10,64083	319
10,64150	318
10,64217	318
10,64283	318
10,64350	317
10,64417	317
10,64483	316
10,64550	316
10,64617	315
10,64683	315
10,64750	314
10,64817	314
10,64883	314
10,64950	314
10,65017	314
10,65083	315
10,65150	315
10,65217	315
10,65283	316
10,65350	316
10,65417	316
10,65483	316
10,65550	317
10,65617	317
10,65683	317
10,65750	317
10,65817	316
10,65883	316
10,65950	316
10,66017	316
10,66083	316
10,66150	316
10,66217	316
10,66283	316
10,66350	316
10,66417	317
10,66483	317
10,66550	317
10,66617	317
10,66683	317
10,66750	317
10,66817	317
10,66883	316
10,66950	316
10,67017	316
10,67083	316
10,67150	316
10,67217	317
10,67283	317
10,67350	317
10,67417	317
10,67483	317
10,67550	317
10,67617	317
10,67683	317
10,67750	317
10,67817	317
10,67883	317
10,67950	317
10,68017	317
10,68083	318
10,68150	318
10,68217	317
10,68283	317
10,68350	317
10,68417	317
10,68483	317
10,68550	317
10,68617	318
10,68683	318
10,68750	318
10,68817	318
10,68883	318
10,68950	318
10,69017	318
10,69083	319
10,69150	319
10,69217	319
10,69283	319
10,69350	320
10,69417	320
10,69483	321
10,69550	321
10,69617	322
10,69683	322
10,69750	322
10,69817	323
10,69883	323
10,69950	323
10,70017	323
10,70083	323
10,70150	324
10,70217	324
10,70283	324
10,70350	325
10,70417	325
10,70483	325
10,70550	325
10,70617	326
10,70683	326
10,70750	326
10,70817	327
10,70883	327
10,70950	328
10,71017	328
10,71083	328
10,71150	329
10,71217	329
10,71283	329
10,71350	330
10,71417	331
10,71483	331
10,71550	332
10,71617	332
10,71683	333
10,71750	333
10,71817	334
10,71883	334
10,71950	335
10,72017	335
10,72083	336
10,72150	336
10,72217	336
10,72283	337
10,72350	337
10,72417	338
10,72483	338
10,72550	338
10,72617	339
10,72683	339
10,72750	339
10,72817	339
10,72883	339
10,72950	339
10,73017	339
10,73083	339
10,73150	339
10,73217	339
10,73283	339
10,73350	339
10,73417	339
10,73483	339
10,73550	339
10,73617	339
10,73683	339
10,73750	339
10,73817	339
10,73883	339
10,73950	339
10,74017	339
10,74083	338
10,74150	338
10,74217	337
10,74283	337
10,74350	336
10,74417	336
10,74483	335
10,74550	335
10,74617	334
10,74683	334
10,74750	334
10,74817	333
10,74883	333
10,74950	333
10,75017	333
10,75083	332
10,75150	332
10,75217	332
10,75283	332
10,75350	332
10,75417	331
10,75483	331
10,75550	331
10,75617	331
10,75683	331
10,75750	331
10,75817	331
10,75883	331
10,75950	331
10,76017	331
10,76083	331
10,76150	331
10,76217	331
10,76283	331
10,76350	330
10,76417	330
10,76483	330
10,76550	329
10,76617	329
10,76683	329
10,76750	329
10,76817	328
10,76883	328
10,76950	328
10,77017	328
10,77083	328
10,77150	328
10,77217	327
10,77283	327
10,77350	327
10,77417	327
10,77483	327
10,77550	327
10,77617	327
10,77683	327
10,77750	327
10,77817	327
10,77883	327
10,77950	327
10,78017	327
10,78083	327
10,78150	327
10,78217	327
10,78283	327
10,78350	327
10,78417	328
10,78483	328
10,78550	328
10,78617	328
10,78683	328
10,78750	328
10,78817	328
10,78883	328
10,78950	328
10,79017	328
10,79083	328
10,79150	328
10,79217	328
10,79283	328
10,79350	328
10,79417	328
10,79483	328
10,79550	328
10,79617	329
10,79683	328
10,79750	328
10,79817	328
10,79883	328
10,79950	328
10,80017	328
10,80083	329
10,80150	329
10,80217	329
10,80283	329
10,80350	329
10,80417	329
10,80483	329
10,80550	329
10,80617	329
10,80683	329
10,80750	328
10,80817	328
10,80883	328
10,80950	328
10,81017	328
10,81083	328
10,81150	328
10,81217	328
10,81283	328
10,81350	328
10,81417	328
10,81483	327
10,81550	327
10,81617	327
10,81683	326
10,81750	326
10,81817	326
10,81883	326
10,81950	325
10,82017	325
10,82083	326
10,82150	326
10,82217	326
10,82283	327
10,82350	327
10,82417	328
10,82483	329
10,82550	330
10,82617	331
10,82683	332
10,82750	333
10,82817	335
10,82883	337
10,82950	338
10,83017	341
10,83083	343
10,83150	346
10,83217	349
10,83283	352
10,83350	355
10,83417	359
10,83483	363
10,83550	368
10,83617	373
10,83683	379
10,83750	385
10,83817	392
10,83883	399
10,83950	407
10,84017	416
10,84083	425
10,84150	434
10,84217	445
10,84283	456
10,84350	467
10,84417	479
10,84483	492
10,84550	505
10,84617	518
10,84683	532
10,84750	547
10,84817	562
10,84883	578
10,84950	595
10,85017	613
10,85083	631
10,85150	650
10,85217	670
10,85283	690
10,85350	710
10,85417	731
10,85483	752
10,85550	773
10,85617	794
10,85683	816
10,85750	837
10,85817	859
10,85883	881
10,85950	904
10,86017	926
10,86083	949
10,86150	973
10,86217	997
10,86283	1022
10,86350	1046
10,86417	1072
10,86483	1097
10,86550	1123
10,86617	1149
10,86683	1174
10,86750	1200
10,86817	1225
10,86883	1250
10,86950	1276
10,87017	1302
10,87083	1328
10,87150	1354
10,87217	1380
10,87283	1405
10,87350	1430
10,87417	1455
10,87483	1479
10,87550	1502
10,87617	1524
10,87683	1545
10,87750	1565
10,87817	1584
10,87883	1601
10,87950	1617
10,88017	1631
10,88083	1644
10,88150	1655
10,88217	1665
10,88283	1674
10,88350	1681
10,88417	1688
10,88483	1693
10,88550	1697
10,88617	1699
10,88683	1700
10,88750	1699
10,88817	1697
10,88883	1693
10,88950	1687
10,89017	1680
10,89083	1672
10,89150	1662
10,89217	1651
10,89283	1638
10,89350	1623
10,89417	1607
10,89483	1589
10,89550	1570
10,89617	1550
10,89683	1529
10,89750	1507
10,89817	1485
10,89883	1461
10,89950	1437
10,90017	1412
10,90083	1386
10,90150	1360
10,90217	1334
10,90283	1307
10,90350	1280
10,90417	1253
10,90483	1226
10,90550	1198
10,90617	1170
10,90683	1142
10,90750	1115
10,90817	1087
10,90883	1059
10,90950	1032
10,91017	1005
10,91083	978
10,91150	951
10,91217	926
10,91283	900
10,91350	875
10,91417	850
10,91483	826
10,91550	803
10,91617	780
10,91683	758
10,91750	737
10,91817	716
10,91883	696
10,91950	677
10,92017	658
10,92083	640
10,92150	623
10,92217	606
10,92283	590
10,92350	575
10,92417	560
10,92483	546
10,92550	533
10,92617	520
10,92683	508
10,92750	497
10,92817	486
10,92883	476
10,92950	467
10,93017	458
10,93083	449
10,93150	441
10,93217	433
10,93283	426
10,93350	420
10,93417	413
10,93483	407
10,93550	401
10,93617	396
10,93683	391
10,93750	386
10,93817	382
10,93883	378
10,93950	374
10,94017	371
10,94083	368
10,94150	365
10,94217	362
10,94283	359
10,94350	357
10,94417	354
10,94483	352
10,94550	350
10,94617	349
10,94683	347
10,94750	346
10,94817	345
10,94883	344
10,94950	343
10,95017	342
10,95083	341
10,95150	340
10,95217	339
10,95283	338
10,95350	337
10,95417	336
10,95483	335
10,95550	335
10,95617	334
10,95683	333
10,95750	332
10,95817	331
10,95883	331
10,95950	330
10,96017	330
10,96083	329
10,96150	329
10,96217	328
10,96283	327
10,96350	327
10,96417	326
10,96483	326
10,96550	325
10,96617	325
10,96683	325
10,96750	324
10,96817	324
10,96883	323
10,96950	323
10,97017	323
10,97083	323
10,97150	323
10,97217	323
10,97283	323
10,97350	323
10,97417	323
10,97483	323
10,97550	323
10,97617	323
10,97683	323
10,97750	324
10,97817	324
10,97883	324
10,97950	324
10,98017	325
10,98083	325
10,98150	325
10,98217	325
10,98283	326
10,98350	326
10,98417	326
10,98483	327
10,98550	327
10,98617	328
10,98683	328
10,98750	329
10,98817	329
10,98883	330
10,98950	330
10,99017	331
10,99083	331
10,99150	332
10,99217	332
10,99283	333
10,99350	333
10,99417	334
10,99483	334
10,99550	335
10,99617	335
10,99683	335
10,99750	335
10,99817	336
10,99883	336
10,99950	336
11,00017	337
11,00083	337
11,00150	338
11,00217	338
11,00283	338
11,00350	338
11,00417	339
11,00483	339
11,00550	339
11,00617	339
11,00683	339
11,00750	339
11,00817	339
11,00883	339
11,00950	339
11,01017	340
11,01083	340
11,01150	340
11,01217	340
11,01283	341
11,01350	341
11,01417	342
11,01483	343
11,01550	343
11,01617	344
11,01683	345
11,01750	345
11,01817	346
11,01883	346
11,01950	347
11,02017	348
11,02083	348
11,02150	349
11,02217	349
11,02283	350
11,02350	351
11,02417	352
11,02483	352
11,02550	353
11,02617	353
11,02683	354
11,02750	354
11,02817	354
11,02883	354
11,02950	354
11,03017	354
11,03083	354
11,03150	354
11,03217	354
11,03283	354
11,03350	354
11,03417	354
11,03483	354
11,03550	354
11,03617	354
11,03683	354
11,03750	354
11,03817	354
11,03883	354
11,03950	354
11,04017	354
11,04083	353
11,04150	353
11,04217	352
11,04283	352
11,04350	352
11,04417	351
11,04483	351
11,04550	351
11,04617	351
11,04683	351
11,04750	350
11,04817	350
11,04883	350
11,04950	350
11,05017	349
11,05083	349
11,05150	348
11,05217	348
11,05283	348
11,05350	347
11,05417	346
11,05483	346
11,05550	345
11,05617	345
11,05683	344
11,05750	344
11,05817	343
11,05883	343
11,05950	343
11,06017	342
11,06083	342
11,06150	341
11,06217	341
11,06283	340
11,06350	340
11,06417	339
11,06483	339
11,06550	338
11,06617	338
11,06683	337
11,06750	337
11,06817	336
11,06883	336
11,06950	336
11,07017	335
11,07083	335
11,07150	334
11,07217	334
11,07283	334
11,07350	334
11,07417	334
11,07483	334
11,07550	335
11,07617	335
11,07683	335
11,07750	336
11,07817	336
11,07883	336
11,07950	337
11,08017	337
11,08083	338
11,08150	338
11,08217	338
11,08283	339
11,08350	340
11,08417	340
11,08483	341
11,08550	341
11,08617	342
11,08683	343
11,08750	343
11,08817	344
11,08883	345
11,08950	346
11,09017	347
11,09083	347
11,09150	348
11,09217	349
11,09283	350
11,09350	350
11,09417	351
11,09483	352
11,09550	353
11,09617	353
11,09683	354
11,09750	355
11,09817	356
11,09883	356
11,09950	357
11,10017	358
11,10083	359
11,10150	360
11,10217	361
11,10283	362
11,10350	362
11,10417	363
11,10483	363
11,10550	364
11,10617	364
11,10683	365
11,10750	365
11,10817	366
11,10883	366
11,10950	366
11,11017	367
11,11083	367
11,11150	367
11,11217	368
11,11283	368
11,11350	368
11,11417	368
11,11483	368
11,11550	369
11,11617	369
11,11683	369
11,11750	369
11,11817	370
11,11883	370
11,11950	371
11,12017	371
11,12083	372
11,12150	372
11,12217	373
11,12283	374
11,12350	374
11,12417	375
11,12483	376
11,12550	376
11,12617	377
11,12683	378
11,12750	378
11,12817	379
11,12883	379
11,12950	380
11,13017	380
11,13083	380
11,13150	380
11,13217	380
11,13283	380
11,13350	380
11,13417	380
11,13483	380
11,13550	380
11,13617	380
11,13683	380
11,13750	380
11,13817	380
11,13883	380
11,13950	381
11,14017	381
11,14083	381
11,14150	381
11,14217	382
11,14283	382
11,14350	383
11,14417	383
11,14483	383
11,14550	383
11,14617	383
11,14683	384
11,14750	384
11,14817	384
11,14883	384
11,14950	385
11,15017	385
11,15083	385
11,15150	385
11,15217	386
11,15283	386
11,15350	387
11,15417	387
11,15483	388
11,15550	388
11,15617	389
11,15683	389
11,15750	389
11,15817	390
11,15883	390
11,15950	391
11,16017	391
11,16083	392
11,16150	392
11,16217	392
11,16283	393
11,16350	393
11,16417	394
11,16483	394
11,16550	394
11,16617	395
11,16683	395
11,16750	395
11,16817	395
11,16883	395
11,16950	396
11,17017	396
11,17083	396
11,17150	396
11,17217	396
11,17283	396
11,17350	397
11,17417	397
11,17483	397
11,17550	397
11,17617	398
11,17683	398
11,17750	398
11,17817	398
11,17883	398
11,17950	398
11,18017	398
11,18083	398
11,18150	398
11,18217	398
11,18283	398
11,18350	397
11,18417	397
11,18483	397
11,18550	397
11,18617	397
11,18683	397
11,18750	397
11,18817	397
11,18883	397
11,18950	397
11,19017	397
11,19083	397
11,19150	397
11,19217	398
11,19283	398
11,19350	398
11,19417	399
11,19483	399
11,19550	399
11,19617	399
11,19683	399
11,19750	399
11,19817	399
11,19883	399
11,19950	399
11,20017	399
11,20083	399
11,20150	399
11,20217	398
11,20283	398
11,20350	398
11,20417	398
11,20483	397
11,20550	397
11,20617	397
11,20683	397
11,20750	398
11,20817	398
11,20883	398
11,20950	398
11,21017	398
11,21083	398
11,21150	398
11,21217	398
11,21283	398
11,21350	399
11,21417	399
11,21483	399
11,21550	399
11,21617	400
11,21683	400
11,21750	400
11,21817	401
11,21883	401
11,21950	401
11,22017	401
11,22083	401
11,22150	401
11,22217	401
11,22283	401
11,22350	401
11,22417	401
11,22483	400
11,22550	400
11,22617	400
11,22683	400
11,22750	399
11,22817	399
11,22883	399
11,22950	399
11,23017	399
11,23083	398
11,23150	398
11,23217	398
11,23283	399
11,23350	399
11,23417	399
11,23483	400
11,23550	400
11,23617	400
11,23683	400
11,23750	400
11,23817	401
11,23883	401
11,23950	401
11,24017	401
11,24083	402
11,24150	402
11,24217	402
11,24283	402
11,24350	402
11,24417	402
11,24483	402
11,24550	402
11,24617	402
11,24683	402
11,24750	403
11,24817	403
11,24883	403
11,24950	403
11,25017	404
11,25083	404
11,25150	404
11,25217	405
11,25283	405
11,25350	406
11,25417	406
11,25483	407
11,25550	407
11,25617	407
11,25683	407
11,25750	407
11,25817	408
11,25883	408
11,25950	408
11,26017	408
11,26083	408
11,26150	408
11,26217	408
11,26283	409
11,26350	409
11,26417	409
11,26483	410
11,26550	410
11,26617	411
11,26683	412
11,26750	412
11,26817	413
11,26883	414
11,26950	416
11,27017	417
11,27083	419
11,27150	422
11,27217	424
11,27283	427
11,27350	430
11,27417	433
11,27483	437
11,27550	441
11,27617	446
11,27683	451
11,27750	456
11,27817	463
11,27883	470
11,27950	478
11,28017	486
11,28083	496
11,28150	507
11,28217	518
11,28283	531
11,28350	545
11,28417	560
11,28483	577
11,28550	595
11,28617	615
11,28683	637
11,28750	661
11,28817	687
11,28883	715
11,28950	745
11,29017	778
11,29083	814
11,29150	852
11,29217	894
11,29283	939
11,29350	987
11,29417	1040
11,29483	1097
11,29550	1158
11,29617	1224
11,29683	1295
11,29750	1372
11,29817	1454
11,29883	1542
11,29950	1636
11,30017	1737
11,30083	1844
11,30150	1958
11,30217	2080
11,30283	2210
11,30350	2350
11,30417	2499
11,30483	2660
11,30550	2832
11,30617	3017
11,30683	3215
11,30750	3426
11,30817	3652
11,30883	3892
11,30950	4149
11,31017	4421
11,31083	4710
11,31150	5014
11,31217	5335
11,31283	5674
11,31350	6032
11,31417	6412
11,31483	6814
11,31550	7240
11,31617	7690
11,31683	8166
11,31750	8668
11,31817	9196
11,31883	9747
11,31950	10319
11,32017	10913
11,32083	11528
11,32150	12164
11,32217	12822
11,32283	13501
11,32350	14200
11,32417	14916
11,32483	15647
11,32550	16396
11,32617	17159
11,32683	17936
11,32750	18723
11,32817	19520
11,32883	20327
11,32950	21148
11,33017	21982
11,33083	22827
11,33150	23683
11,33217	24547
11,33283	25416
11,33350	26288
11,33417	27158
11,33483	28021
11,33550	28876
11,33617	29717
11,33683	30533
11,33750	31316
11,33817	32056
11,33883	32747
11,33950	33385
11,34017	33966
11,34083	34491
11,34150	34960
11,34217	35377
11,34283	35744
11,34350	36061
11,34417	36330
11,34483	36547
11,34550	36711
11,34617	36821
11,34683	36879
11,34750	36888
11,34817	36852
11,34883	36766
11,34950	36626
11,35017	36434
11,35083	36187
11,35150	35885
11,35217	35527
11,35283	35113
11,35350	34646
11,35417	34132
11,35483	33572
11,35550	32969
11,35617	32322
11,35683	31637
11,35750	30918
11,35817	30169
11,35883	29396
11,35950	28603
11,36017	27793
11,36083	26970
11,36150	26139
11,36217	25304
11,36283	24470
11,36350	23640
11,36417	22818
11,36483	22006
11,36550	21206
11,36617	20418
11,36683	19644
11,36750	18884
11,36817	18138
11,36883	17408
11,36950	16694
11,37017	15999
11,37083	15321
11,37150	14662
11,37217	14023
11,37283	13402
11,37350	12801
11,37417	12220
11,37483	11658
11,37550	11117
11,37617	10595
11,37683	10092
11,37750	9609
11,37817	9144
11,37883	8696
11,37950	8267
11,38017	7854
11,38083	7459
11,38150	7081
11,38217	6719
11,38283	6373
11,38350	6042
11,38417	5727
11,38483	5426
11,38550	5139
11,38617	4866
11,38683	4606
11,38750	4359
11,38817	4125
11,38883	3902
11,38950	3691
11,39017	3491
11,39083	3302
11,39150	3123
11,39217	2954
11,39283	2794
11,39350	2643
11,39417	2500
11,39483	2366
11,39550	2239
11,39617	2120
11,39683	2007
11,39750	1902
11,39817	1803
11,39883	1710
11,39950	1623
11,40017	1541
11,40083	1465
11,40150	1393
11,40217	1326
11,40283	1264
11,40350	1205
11,40417	1151
11,40483	1100
11,40550	1053
11,40617	1009
11,40683	968
11,40750	930
11,40817	895
11,40883	863
11,40950	833
11,41017	805
11,41083	779
11,41150	755
11,41217	733
11,41283	713
11,41350	694
11,41417	676
11,41483	660
11,41550	644
11,41617	630
11,41683	617
11,41750	605
11,41817	594
11,41883	583
11,41950	574
11,42017	565
11,42083	557
11,42150	550
11,42217	543
11,42283	537
11,42350	531
11,42417	526
11,42483	521
11,42550	516
11,42617	511
11,42683	507
11,42750	503
11,42817	499
11,42883	495
11,42950	492
11,43017	489
11,43083	486
11,43150	483
11,43217	480
11,43283	477
11,43350	475
11,43417	472
11,43483	470
11,43550	467
11,43617	465
11,43683	462
11,43750	460
11,43817	458
11,43883	456
11,43950	455
11,44017	453
11,44083	451
11,44150	450
11,44217	449
11,44283	447
11,44350	446
11,44417	444
11,44483	443
11,44550	442
11,44617	441
11,44683	440
11,44750	439
11,44817	438
11,44883	437
11,44950	437
11,45017	436
11,45083	435
11,45150	434
11,45217	434
11,45283	433
11,45350	432
11,45417	432
11,45483	431
11,45550	431
11,45617	430
11,45683	430
11,45750	429
11,45817	429
11,45883	429
11,45950	428
11,46017	428
11,46083	427
11,46150	426
11,46217	426
11,46283	425
11,46350	425
11,46417	424
11,46483	424
11,46550	424
11,46617	423
11,46683	423
11,46750	422
11,46817	422
11,46883	421
11,46950	421
11,47017	421
11,47083	420
11,47150	420
11,47217	420
11,47283	420
11,47350	420
11,47417	419
11,47483	419
11,47550	419
11,47617	419
11,47683	419
11,47750	419
11,47817	418
11,47883	418
11,47950	418
11,48017	419
11,48083	419
11,48150	419
11,48217	419
11,48283	419
11,48350	420
11,48417	420
11,48483	420
11,48550	421
11,48617	421
11,48683	421
11,48750	421
11,48817	421
11,48883	422
11,48950	422
11,49017	422
11,49083	422
11,49150	423
11,49217	423
11,49283	424
11,49350	424
11,49417	425
11,49483	426
11,49550	427
11,49617	427
11,49683	428
11,49750	429
11,49817	429
11,49883	429
11,49950	430
11,50017	430
11,50083	430
11,50150	431
11,50217	431
11,50283	431
11,50350	432
11,50417	432
11,50483	433
11,50550	433
11,50617	433
11,50683	433
11,50750	433
11,50817	433
11,50883	433
11,50950	432
11,51017	432
11,51083	431
11,51150	431
11,51217	430
11,51283	429
11,51350	429
11,51417	428
11,51483	427
11,51550	426
11,51617	425
11,51683	425
11,51750	424
11,51817	424
11,51883	423
11,51950	422
11,52017	421
11,52083	420
11,52150	420
11,52217	419
11,52283	418
11,52350	417
11,52417	416
11,52483	415
11,52550	415
11,52617	414
11,52683	413
11,52750	412
11,52817	411
11,52883	410
11,52950	409
11,53017	408
11,53083	407
11,53150	406
11,53217	405
11,53283	405
11,53350	404
11,53417	403
11,53483	402
11,53550	402
11,53617	402
11,53683	401
11,53750	401
11,53817	401
11,53883	401
11,53950	401
11,54017	400
11,54083	400
11,54150	400
11,54217	400
11,54283	400
11,54350	401
11,54417	401
11,54483	401
11,54550	402
11,54617	402
11,54683	403
11,54750	403
11,54817	404
11,54883	405
11,54950	405
11,55017	406
11,55083	406
11,55150	407
11,55217	408
11,55283	408
11,55350	409
11,55417	410
11,55483	411
11,55550	412
11,55617	413
11,55683	414
11,55750	415
11,55817	415
11,55883	416
11,55950	417
11,56017	417
11,56083	418
11,56150	418
11,56217	418
11,56283	419
11,56350	419
11,56417	419
11,56483	420
11,56550	420
11,56617	420
11,56683	420
11,56750	421
11,56817	421
11,56883	421
11,56950	421
11,57017	422
11,57083	422
11,57150	422
11,57217	422
11,57283	422
11,57350	423
11,57417	423
11,57483	423
11,57550	423
11,57617	424
11,57683	424
11,57750	424
11,57817	424
11,57883	424
11,57950	424
11,58017	424
11,58083	424
11,58150	424
11,58217	424
11,58283	424
11,58350	424
11,58417	424
11,58483	423
11,58550	423
11,58617	423
11,58683	422
11,58750	422
11,58817	421
11,58883	421
11,58950	420
11,59017	420
11,59083	420
11,59150	420
11,59217	420
11,59283	420
11,59350	420
11,59417	420
11,59483	420
11,59550	420
11,59617	420
11,59683	419
11,59750	419
11,59817	419
11,59883	418
11,59950	418
11,60017	418
11,60083	418
11,60150	418
11,60217	418
11,60283	418
11,60350	417
11,60417	417
11,60483	417
11,60550	417
11,60617	416
11,60683	416
11,60750	416
11,60817	416
11,60883	415
11,60950	415
11,61017	415
11,61083	415
11,61150	415
11,61217	415
11,61283	415
11,61350	415
11,61417	414
11,61483	414
11,61550	413
11,61617	413
11,61683	412
11,61750	412
11,61817	411
11,61883	411
11,61950	411
11,62017	411
11,62083	411
11,62150	411
11,62217	411
11,62283	410
11,62350	410
11,62417	410
11,62483	409
11,62550	409
11,62617	408
11,62683	407
11,62750	407
11,62817	406
11,62883	406
11,62950	405
11,63017	405
11,63083	404
11,63150	404
11,63217	404
11,63283	403
11,63350	403
11,63417	403
11,63483	403
11,63550	403
11,63617	403
11,63683	402
11,63750	402
11,63817	402
11,63883	402
11,63950	402
11,64017	402
11,64083	402
11,64150	402
11,64217	402
11,64283	402
11,64350	402
11,64417	403
11,64483	403
11,64550	404
11,64617	404
11,64683	404
11,64750	405
11,64817	405
11,64883	406
11,64950	406
11,65017	406
11,65083	407
11,65150	407
11,65217	408
11,65283	408
11,65350	409
11,65417	409
11,65483	409
11,65550	410
11,65617	410
11,65683	410
11,65750	410
11,65817	410
11,65883	410
11,65950	410
11,66017	410
11,66083	410
11,66150	410
11,66217	410
11,66283	410
11,66350	410
11,66417	410
11,66483	410
11,66550	410
11,66617	410
11,66683	410
11,66750	410
11,66817	410
11,66883	410
11,66950	409
11,67017	409
11,67083	409
11,67150	409
11,67217	408
11,67283	408
11,67350	408
11,67417	407
11,67483	407
11,67550	407
11,67617	406
11,67683	406
11,67750	405
11,67817	404
11,67883	404
11,67950	403
11,68017	402
11,68083	402
11,68150	401
11,68217	400
11,68283	400
11,68350	399
11,68417	398
11,68483	398
11,68550	397
11,68617	396
11,68683	396
11,68750	395
11,68817	394
11,68883	394
11,68950	393
11,69017	393
11,69083	392
11,69150	392
11,69217	392
11,69283	392
11,69350	392
11,69417	392
11,69483	392
11,69550	392
11,69617	392
11,69683	392
11,69750	392
11,69817	393
11,69883	393
11,69950	393
11,70017	393
11,70083	393
11,70150	393
11,70217	394
11,70283	394
11,70350	394
11,70417	394
11,70483	394
11,70550	394
11,70617	394
11,70683	395
11,70750	395
11,70817	396
11,70883	396
11,70950	397
11,71017	397
11,71083	398
11,71150	398
11,71217	398
11,71283	399
11,71350	399
11,71417	399
11,71483	400
11,71550	400
11,71617	400
11,71683	401
11,71750	401
11,71817	401
11,71883	402
11,71950	402
11,72017	402
11,72083	402
11,72150	402
11,72217	402
11,72283	401
11,72350	401
11,72417	401
11,72483	401
11,72550	400
11,72617	400
11,72683	400
11,72750	399
11,72817	399
11,72883	398
11,72950	398
11,73017	398
11,73083	397
11,73150	397
11,73217	396
11,73283	396
11,73350	395
11,73417	394
11,73483	393
11,73550	392
11,73617	391
11,73683	390
11,73750	389
11,73817	388
11,73883	387
11,73950	387
11,74017	386
11,74083	386
11,74150	385
11,74217	384
11,74283	383
11,74350	383
11,74417	382
11,74483	381
11,74550	380
11,74617	379
11,74683	379
11,74750	378
11,74817	377
11,74883	377
11,74950	376
11,75017	376
11,75083	376
11,75150	376
11,75217	375
11,75283	375
11,75350	375
11,75417	375
11,75483	375
11,75550	376
11,75617	376
11,75683	376
11,75750	376
11,75817	376
11,75883	377
11,75950	377
11,76017	378
11,76083	378
11,76150	379
11,76217	380
11,76283	381
11,76350	381
11,76417	382
11,76483	383
11,76550	383
11,76617	384
11,76683	385
11,76750	385
11,76817	386
11,76883	387
11,76950	387
11,77017	388
11,77083	388
11,77150	389
11,77217	389
11,77283	389
11,77350	390
11,77417	390
11,77483	391
11,77550	391
11,77617	391
11,77683	391
11,77750	391
11,77817	391
11,77883	391
11,77950	392
11,78017	392
11,78083	392
11,78150	392
11,78217	392
11,78283	393
11,78350	393
11,78417	393
11,78483	393
11,78550	393
11,78617	393
11,78683	393
11,78750	392
11,78817	392
11,78883	391
11,78950	391
11,79017	391
11,79083	391
11,79150	391
11,79217	390
11,79283	390
11,79350	390
11,79417	390
11,79483	390
11,79550	390
11,79617	390
11,79683	390
11,79750	390
11,79817	390
11,79883	390
11,79950	390
11,80017	390
11,80083	390
11,80150	390
11,80217	390
11,80283	391
11,80350	391
11,80417	391
11,80483	392
11,80550	392
11,80617	393
11,80683	393
11,80750	394
11,80817	394
11,80883	394
11,80950	395
11,81017	395
11,81083	396
11,81150	397
11,81217	397
11,81283	398
11,81350	399
11,81417	399
11,81483	400
11,81550	400
11,81617	401
11,81683	401
11,81750	402
11,81817	402
11,81883	402
11,81950	402
11,82017	402
11,82083	403
11,82150	403
11,82217	403
11,82283	404
11,82350	404
11,82417	404
11,82483	405
11,82550	405
11,82617	405
11,82683	405
11,82750	406
11,82817	406
11,82883	406
11,82950	406
11,83017	406
11,83083	406
11,83150	406
11,83217	406
11,83283	405
11,83350	405
11,83417	405
11,83483	405
11,83550	405
11,83617	405
11,83683	405
11,83750	405
11,83817	405
11,83883	405
11,83950	405
11,84017	405
11,84083	405
11,84150	405
11,84217	406
11,84283	406
11,84350	407
11,84417	407
11,84483	408
11,84550	409
11,84617	409
11,84683	410
11,84750	410
11,84817	411
11,84883	412
11,84950	412
11,85017	413
11,85083	414
11,85150	414
11,85217	415
11,85283	416
11,85350	417
11,85417	418
11,85483	419
11,85550	420
11,85617	421
11,85683	422
11,85750	423
11,85817	424
11,85883	425
11,85950	426
11,86017	427
11,86083	428
11,86150	429
11,86217	430
11,86283	431
11,86350	433
11,86417	434
11,86483	435
11,86550	435
11,86617	436
11,86683	437
11,86750	438
11,86817	439
11,86883	439
11,86950	440
11,87017	441
11,87083	441
11,87150	442
11,87217	442
11,87283	442
11,87350	443
11,87417	443
11,87483	443
11,87550	443
11,87617	443
11,87683	443
11,87750	443
11,87817	442
11,87883	442
11,87950	442
11,88017	442
11,88083	441
11,88150	440
11,88217	439
11,88283	438
11,88350	437
11,88417	436
11,88483	435
11,88550	435
11,88617	434
11,88683	433
11,88750	432
11,88817	432
11,88883	431
11,88950	431
11,89017	430
11,89083	430
11,89150	429
11,89217	429
11,89283	428
11,89350	427
11,89417	427
11,89483	426
11,89550	426
11,89617	426
11,89683	425
11,89750	425
11,89817	426
11,89883	426
11,89950	426
11,90017	426
11,90083	427
11,90150	427
11,90217	427
11,90283	428
11,90350	428
11,90417	429
11,90483	430
11,90550	430
11,90617	431
11,90683	432
11,90750	434
11,90817	435
11,90883	436
11,90950	437
11,91017	439
11,91083	440
11,91150	441
11,91217	443
11,91283	444
11,91350	446
11,91417	447
11,91483	449
11,91550	451
11,91617	452
11,91683	454
11,91750	455
11,91817	457
11,91883	459
11,91950	460
11,92017	462
11,92083	463
11,92150	465
11,92217	466
11,92283	468
11,92350	469
11,92417	470
11,92483	471
11,92550	472
11,92617	473
11,92683	473
11,92750	474
11,92817	475
11,92883	476
11,92950	476
11,93017	477
11,93083	477
11,93150	477
11,93217	477
11,93283	477
11,93350	477
11,93417	477
11,93483	476
11,93550	476
11,93617	475
11,93683	474
11,93750	473
11,93817	473
11,93883	472
11,93950	471
11,94017	470
11,94083	469
11,94150	469
11,94217	468
11,94283	467
11,94350	467
11,94417	466
11,94483	466
11,94550	465
11,94617	465
11,94683	465
11,94750	465
11,94817	464
11,94883	464
11,94950	464
11,95017	464
11,95083	465
11,95150	465
11,95217	466
11,95283	467
11,95350	468
11,95417	469
11,95483	471
11,95550	473
11,95617	474
11,95683	476
11,95750	478
11,95817	481
11,95883	483
11,95950	486
11,96017	489
11,96083	492
11,96150	495
11,96217	498
11,96283	502
11,96350	506
11,96417	510
11,96483	514
11,96550	519
11,96617	524
11,96683	530
11,96750	535
11,96817	541
11,96883	547
11,96950	554
11,97017	561
11,97083	568
11,97150	575
11,97217	583
11,97283	591
11,97350	599
11,97417	607
11,97483	616
11,97550	625
11,97617	633
11,97683	642
11,97750	652
11,97817	661
11,97883	670
11,97950	680
11,98017	690
11,98083	700
11,98150	711
11,98217	722
11,98283	733
11,98350	744
11,98417	756
11,98483	768
11,98550	780
11,98617	793
11,98683	806
11,98750	819
11,98817	833
11,98883	848
11,98950	863
11,99017	879
11,99083	895
11,99150	912
11,99217	931
11,99283	950
11,99350	969
11,99417	990
11,99483	1011
11,99550	1033
11,99617	1056
11,99683	1079
11,99750	1103
11,99817	1127
11,99883	1152
11,99950	1178
12,00017	1204
12,00083	1232
12,00150	1260
12,00217	1290
12,00283	1320
12,00350	1352
12,00417	1384
12,00483	1418
12,00550	1452
12,00617	1487
12,00683	1522
12,00750	1559
12,00817	1596
12,00883	1633
12,00950	1671
12,01017	1710
12,01083	1749
12,01150	1788
12,01217	1828
12,01283	1869
12,01350	1909
12,01417	1950
12,01483	1991
12,01550	2031
12,01617	2072
12,01683	2112
12,01750	2151
12,01817	2189
12,01883	2226
12,01950	2263
12,02017	2299
12,02083	2333
12,02150	2367
12,02217	2399
12,02283	2430
12,02350	2459
12,02417	2486
12,02483	2511
12,02550	2535
12,02617	2558
12,02683	2578
12,02750	2597
12,02817	2615
12,02883	2631
12,02950	2645
12,03017	2657
12,03083	2668
12,03150	2678
12,03217	2685
12,03283	2691
12,03350	2694
12,03417	2695
12,03483	2693
12,03550	2689
12,03617	2683
12,03683	2675
12,03750	2664
12,03817	2652
12,03883	2638
12,03950	2622
12,04017	2604
12,04083	2585
12,04150	2563
12,04217	2540
12,04283	2515
12,04350	2488
12,04417	2459
12,04483	2429
12,04550	2397
12,04617	2364
12,04683	2329
12,04750	2293
12,04817	2257
12,04883	2220
12,04950	2182
12,05017	2145
12,05083	2107
12,05150	2069
12,05217	2032
12,05283	1995
12,05350	1960
12,05417	1925
12,05483	1891
12,05550	1858
12,05617	1826
12,05683	1795
12,05750	1765
12,05817	1735
12,05883	1706
12,05950	1679
12,06017	1652
12,06083	1625
12,06150	1600
12,06217	1575
12,06283	1550
12,06350	1527
12,06417	1504
12,06483	1482
12,06550	1460
12,06617	1440
12,06683	1420
12,06750	1401
12,06817	1383
12,06883	1366
12,06950	1349
12,07017	1333
12,07083	1318
12,07150	1303
12,07217	1289
12,07283	1275
12,07350	1262
12,07417	1249
12,07483	1237
12,07550	1225
12,07617	1213
12,07683	1203
12,07750	1192
12,07817	1182
12,07883	1173
12,07950	1164
12,08017	1156
12,08083	1147
12,08150	1140
12,08217	1132
12,08283	1125
12,08350	1118
12,08417	1111
12,08483	1105
12,08550	1098
12,08617	1092
12,08683	1086
12,08750	1079
12,08817	1073
12,08883	1068
12,08950	1062
12,09017	1056
12,09083	1050
12,09150	1045
12,09217	1039
12,09283	1033
12,09350	1027
12,09417	1021
12,09483	1015
12,09550	1009
12,09617	1003
12,09683	996
12,09750	990
12,09817	983
12,09883	977
12,09950	971
12,10017	966
12,10083	960
12,10150	955
12,10217	950
12,10283	945
12,10350	940
12,10417	936
12,10483	931
12,10550	927
12,10617	922
12,10683	918
12,10750	914
12,10817	909
12,10883	905
12,10950	901
12,11017	896
12,11083	892
12,11150	887
12,11217	883
12,11283	878
12,11350	874
12,11417	869
12,11483	864
12,11550	860
12,11617	855
12,11683	850
12,11750	845
12,11817	840
12,11883	835
12,11950	830
12,12017	825
12,12083	819
12,12150	814
12,12217	808
12,12283	803
12,12350	797
12,12417	791
12,12483	785
12,12550	779
12,12617	774
12,12683	768
12,12750	762
12,12817	757
12,12883	751
12,12950	746
12,13017	741
12,13083	735
12,13150	730
12,13217	725
12,13283	721
12,13350	716
12,13417	712
12,13483	708
12,13550	703
12,13617	699
12,13683	695
12,13750	691
12,13817	687
12,13883	682
12,13950	678
12,14017	674
12,14083	670
12,14150	666
12,14217	662
12,14283	659
12,14350	655
12,14417	652
12,14483	648
12,14550	644
12,14617	641
12,14683	637
12,14750	634
12,14817	630
12,14883	627
12,14950	624
12,15017	621
12,15083	618
12,15150	615
12,15217	612
12,15283	609
12,15350	607
12,15417	604
12,15483	602
12,15550	600
12,15617	598
12,15683	596
12,15750	594
12,15817	592
12,15883	590
12,15950	589
12,16017	587
12,16083	586
12,16150	585
12,16217	584
12,16283	583
12,16350	582
12,16417	581
12,16483	580
12,16550	580
12,16617	579
12,16683	579
12,16750	578
12,16817	578
12,16883	577
12,16950	576
12,17017	575
12,17083	574
12,17150	573
12,17217	572
12,17283	571
12,17350	570
12,17417	569
12,17483	568
12,17550	566
12,17617	565
12,17683	564
12,17750	563
12,17817	561
12,17883	560
12,17950	558
12,18017	557
12,18083	555
12,18150	553
12,18217	552
12,18283	550
12,18350	548
12,18417	546
12,18483	544
12,18550	542
12,18617	540
12,18683	538
12,18750	536
12,18817	534
12,18883	532
12,18950	529
12,19017	527
12,19083	524
12,19150	522
12,19217	519
12,19283	517
12,19350	514
12,19417	512
12,19483	509
12,19550	506
12,19617	503
12,19683	501
12,19750	498
12,19817	495
12,19883	492
12,19950	489
12,20017	486
12,20083	483
12,20150	480
12,20217	477
12,20283	474
12,20350	471
12,20417	468
12,20483	465
12,20550	462
12,20617	459
12,20683	457
12,20750	454
12,20817	452
12,20883	450
12,20950	447
12,21017	445
12,21083	443
12,21150	442
12,21217	440
12,21283	438
12,21350	436
12,21417	434
12,21483	433
12,21550	431
12,21617	429
12,21683	428
12,21750	426
12,21817	425
12,21883	424
12,21950	423
12,22017	422
12,22083	421
12,22150	420
12,22217	420
12,22283	419
12,22350	418
12,22417	418
12,22483	417
12,22550	417
12,22617	416
12,22683	415
12,22750	415
12,22817	414
12,22883	414
12,22950	413
12,23017	413
12,23083	413
12,23150	412
12,23217	412
12,23283	412
12,23350	411
12,23417	411
12,23483	411
12,23550	412
12,23617	412
12,23683	412
12,23750	412
12,23817	412
12,23883	413
12,23950	413
12,24017	413
12,24083	414
12,24150	414
12,24217	414
12,24283	415
12,24350	415
12,24417	415
12,24483	416
12,24550	416
12,24617	417
12,24683	418
12,24750	418
12,24817	419
12,24883	419
12,24950	420
12,25017	421
12,25083	421
12,25150	422
12,25217	423
12,25283	424
12,25350	424
12,25417	425
12,25483	426
12,25550	427
12,25617	427
12,25683	428
12,25750	428
12,25817	428
12,25883	428
12,25950	429
12,26017	429
12,26083	429
12,26150	429
12,26217	430
12,26283	430
12,26350	430
12,26417	431
12,26483	431
12,26550	431
12,26617	431
12,26683	431
12,26750	430
12,26817	430
12,26883	430
12,26950	430
12,27017	429
12,27083	429
12,27150	428
12,27217	428
12,27283	427
12,27350	427
12,27417	426
12,27483	425
12,27550	425
12,27617	424
12,27683	423
12,27750	422
12,27817	421
12,27883	420
12,27950	419
12,28017	419
12,28083	418
12,28150	417
12,28217	416
12,28283	415
12,28350	414
12,28417	413
12,28483	413
12,28550	412
12,28617	411
12,28683	410
12,28750	409
12,28817	408
12,28883	407
12,28950	406
12,29017	405
12,29083	404
12,29150	403
12,29217	403
12,29283	402
12,29350	401
12,29417	400
12,29483	398
12,29550	397
12,29617	396
12,29683	396
12,29750	395
12,29817	394
12,29883	393
12,29950	392
12,30017	391
12,30083	390
12,30150	389
12,30217	389
12,30283	388
12,30350	387
12,30417	386
12,30483	386
12,30550	385
12,30617	384
12,30683	383
12,30750	382
12,30817	382
12,30883	381
12,30950	380
12,31017	380
12,31083	380
12,31150	380
12,31217	380
12,31283	379
12,31350	379
12,31417	379
12,31483	379
12,31550	379
12,31617	379
12,31683	379
12,31750	379
12,31817	378
12,31883	378
12,31950	378
12,32017	378
12,32083	378
12,32150	378
12,32217	378
12,32283	378
12,32350	378
12,32417	378
12,32483	378
12,32550	378
12,32617	378
12,32683	378
12,32750	378
12,32817	378
12,32883	378
12,32950	378
12,33017	377
12,33083	377
12,33150	377
12,33217	376
12,33283	376
12,33350	376
12,33417	376
12,33483	376
12,33550	376
12,33617	375
12,33683	375
12,33750	375
12,33817	375
12,33883	375
12,33950	375
12,34017	375
12,34083	374
12,34150	374
12,34217	374
12,34283	374
12,34350	374
12,34417	374
12,34483	374
12,34550	374
12,34617	374
12,34683	374
12,34750	374
12,34817	374
12,34883	374
12,34950	374
12,35017	373
12,35083	373
12,35150	373
12,35217	372
12,35283	372
12,35350	372
12,35417	372
12,35483	372
12,35550	372
12,35617	372
12,35683	372
12,35750	372
12,35817	371
12,35883	371
12,35950	371
12,36017	370
12,36083	370
12,36150	370
12,36217	370
12,36283	369
12,36350	369
12,36417	369
12,36483	368
12,36550	368
12,36617	368
12,36683	368
12,36750	368
12,36817	368
12,36883	368
12,36950	368
12,37017	368
12,37083	368
12,37150	368
12,37217	368
12,37283	367
12,37350	367
12,37417	367
12,37483	367
12,37550	367
12,37617	367
12,37683	367
12,37750	367
12,37817	367
12,37883	367
12,37950	367
12,38017	367
12,38083	367
12,38150	367
12,38217	367
12,38283	366
12,38350	366
12,38417	366
12,38483	366
12,38550	365
12,38617	365
12,38683	364
12,38750	364
12,38817	364
12,38883	363
12,38950	363
12,39017	363
12,39083	362
12,39150	362
12,39217	362
12,39283	361
12,39350	361
12,39417	360
12,39483	359
12,39550	359
12,39617	358
12,39683	357
12,39750	357
12,39817	356
12,39883	355
12,39950	355
12,40017	354
12,40083	354
12,40150	353
12,40217	353
12,40283	352
12,40350	352
12,40417	352
12,40483	351
12,40550	351
12,40617	350
12,40683	350
12,40750	350
12,40817	349
12,40883	349
12,40950	349
12,41017	348
12,41083	348
12,41150	348
12,41217	348
12,41283	347
12,41350	347
12,41417	346
12,41483	346
12,41550	345
12,41617	345
12,41683	344
12,41750	343
12,41817	343
12,41883	342
12,41950	342
12,42017	342
12,42083	342
12,42150	341
12,42217	341
12,42283	341
12,42350	341
12,42417	341
12,42483	340
12,42550	340
12,42617	340
12,42683	340
12,42750	339
12,42817	339
12,42883	339
12,42950	338
12,43017	338
12,43083	337
12,43150	337
12,43217	337
12,43283	337
12,43350	336
12,43417	336
12,43483	336
12,43550	336
12,43617	336
12,43683	335
12,43750	335
12,43817	335
12,43883	335
12,43950	335
12,44017	336
12,44083	336
12,44150	336
12,44217	336
12,44283	336
12,44350	337
12,44417	337
12,44483	337
12,44550	337
12,44617	338
12,44683	338
12,44750	338
12,44817	338
12,44883	338
12,44950	338
12,45017	338
12,45083	338
12,45150	338
12,45217	339
12,45283	339
12,45350	339
12,45417	339
12,45483	340
12,45550	340
12,45617	340
12,45683	340
12,45750	341
12,45817	341
12,45883	342
12,45950	342
12,46017	343
12,46083	343
12,46150	344
12,46217	344
12,46283	345
12,46350	346
12,46417	346
12,46483	347
12,46550	347
12,46617	348
12,46683	348
12,46750	349
12,46817	349
12,46883	350
12,46950	350
12,47017	351
12,47083	351
12,47150	352
12,47217	353
12,47283	353
12,47350	354
12,47417	355
12,47483	355
12,47550	356
12,47617	356
12,47683	357
12,47750	358
12,47817	358
12,47883	359
12,47950	360
12,48017	360
12,48083	360
12,48150	361
12,48217	361
12,48283	361
12,48350	361
12,48417	361
12,48483	361
12,48550	362
12,48617	362
12,48683	362
12,48750	362
12,48817	362
12,48883	362
12,48950	362
12,49017	362
12,49083	362
12,49150	362
12,49217	362
12,49283	362
12,49350	362
12,49417	362
12,49483	362
12,49550	362
12,49617	362
12,49683	362
12,49750	362
12,49817	362
12,49883	362
12,49950	362
12,50017	361
12,50083	361
12,50150	361
12,50217	361
12,50283	361
12,50350	361
12,50417	361
12,50483	361
12,50550	361
12,50617	360
12,50683	360
12,50750	360
12,50817	360
12,50883	360
12,50950	360
12,51017	360
12,51083	360
12,51150	360
12,51217	360
12,51283	360
12,51350	360
12,51417	361
12,51483	361
12,51550	361
12,51617	362
12,51683	362
12,51750	363
12,51817	363
12,51883	364
12,51950	364
12,52017	365
12,52083	365
12,52150	366
12,52217	366
12,52283	367
12,52350	367
12,52417	368
12,52483	368
12,52550	369
12,52617	369
12,52683	369
12,52750	369
12,52817	370
12,52883	370
12,52950	370
12,53017	371
12,53083	371
12,53150	371
12,53217	372
12,53283	372
12,53350	372
12,53417	372
12,53483	372
12,53550	373
12,53617	373
12,53683	373
12,53750	373
12,53817	373
12,53883	373
12,53950	372
12,54017	372
12,54083	372
12,54150	372
12,54217	372
12,54283	371
12,54350	371
12,54417	371
12,54483	371
12,54550	370
12,54617	370
12,54683	370
12,54750	369
12,54817	369
12,54883	368
12,54950	368
12,55017	367
12,55083	367
12,55150	367
12,55217	366
12,55283	366
12,55350	365
12,55417	365
12,55483	364
12,55550	364
12,55617	363
12,55683	363
12,55750	363
12,55817	363
12,55883	362
12,55950	362
12,56017	362
12,56083	362
12,56150	361
12,56217	360
12,56283	360
12,56350	359
12,56417	359
12,56483	358
12,56550	357
12,56617	357
12,56683	356
12,56750	355
12,56817	354
12,56883	353
12,56950	353
12,57017	352
12,57083	351
12,57150	350
12,57217	349
12,57283	348
12,57350	347
12,57417	346
12,57483	345
12,57550	344
12,57617	343
12,57683	342
12,57750	340
12,57817	339
12,57883	339
12,57950	338
12,58017	337
12,58083	336
12,58150	335
12,58217	334
12,58283	333
12,58350	332
12,58417	331
12,58483	330
12,58550	329
12,58617	328
12,58683	327
12,58750	326
12,58817	325
12,58883	325
12,58950	324
12,59017	323
12,59083	322
12,59150	322
12,59217	321
12,59283	321
12,59350	320
12,59417	319
12,59483	319
12,59550	318
12,59617	318
12,59683	317
12,59750	316
12,59817	316
12,59883	315
12,59950	315
12,60017	315
12,60083	314
12,60150	314
12,60217	313
12,60283	313
12,60350	313
12,60417	313
12,60483	312
12,60550	312
12,60617	312
12,60683	312
12,60750	311
12,60817	311
12,60883	311
12,60950	310
12,61017	310
12,61083	310
12,61150	309
12,61217	309
12,61283	309
12,61350	309
12,61417	309
12,61483	309
12,61550	309
12,61617	309
12,61683	308
12,61750	308
12,61817	308
12,61883	308
12,61950	308
12,62017	308
12,62083	308
12,62150	308
12,62217	307
12,62283	307
12,62350	308
12,62417	308
12,62483	308
12,62550	308
12,62617	308
12,62683	308
12,62750	309
12,62817	309
12,62883	309
12,62950	309

