[Header]
Application Name	LabSolutions
Version	5.97
Data File Name	G:\GC data\Mara\MWH_017\MWH_017_t5m_23.02.2026_6.gcd
Output Date	09.04.2026
Output Time	10:45:14

[File Information]
Type	Data File
Generated	23.02.2026 09:21:02
Generated by	System Administrator
Modified	09.04.2026 10:45:13
Modified by	System Administrator

[Sample Information]
Operator Name	System Administrator
Acquired	23.02.2026 09:24:17
Sample Type	0:Unknown
Level	1
Sample Name	MWH_017_t5m
Sample ID	
ISTD Amount1	1
ISTD Amount2	1
ISTD Amount3	1
ISTD Amount4	1
ISTD Amount5	1
ISTD Amount6	1
ISTD Amount7	1
ISTD Amount8	1
ISTD Amount9	1
ISTD Amount10	1
ISTD Amount11	1
ISTD Amount12	1
ISTD Amount13	1
ISTD Amount14	1
ISTD Amount15	1
ISTD Amount16	1
ISTD Amount17	1
ISTD Amount18	1
ISTD Amount19	1
ISTD Amount20	1
ISTD Amount21	1
ISTD Amount22	1
ISTD Amount23	1
ISTD Amount24	1
ISTD Amount25	1
ISTD Amount26	1
ISTD Amount27	1
ISTD Amount28	1
ISTD Amount29	1
ISTD Amount30	1
ISTD Amount31	1
ISTD Amount32	1
Sample Amount	1
Dilution Factor	1
Vial#	3
Injection Volume	0,2
Injection Count	1
Bar Code	

[Original Files]
Data File	G:\GC data\Mara\MWH_017_t5m_23.02.2026_6.gcd
Method File	G:\GC data\MWH3_60-150-200_0-2uL_split50.gcm
Batch File	G:\GC data\Mara\wash_2026-02-23.gcb
Report Format File	c:\LabSolutions\System\DEFAULT.lsr

[File Description]


[Configuration]
Instrument Name	GC-3
Instrument #	1
Line #	1
# of Detectors	1
Detector ID	DET#4
Detector Name	FID1
# of Channels	1

[Peak Table(Ch1)]
# of Peaks	8
Peak#	R.Time	I.Time	F.Time	Area	Height	A/H	Conc.	Mark	ID#	Name	k'	Plate #	Plate Ht.	Tailing	Resolution	Sep.Factor	Area Ratio	Height Ratio	Conc. %	Norm Conc.
1	1,335	1,312	1,429	111579	90417	1,234	0,000	 V M			0,000	29529	0,000	1,645	0,000	0,000	0	0	0,000	0,000
2	1,567	1,513	1,858	5809696	4684877	1,240	0,000	   			0,174	39911	0,000	1,460	7,468	0,000	0	0	0,000	0,000
3	1,891	1,858	2,054	230514	165838	1,390	0,000	 V 			0,417	48545	0,000	1,267	9,872	2,391	0	0	0,000	0,000
4	6,401	6,347	6,506	177798	113095	1,572	0,000	   M			3,795	418723	0,000	1,227	122,392	9,111	0	0	0,000	0,000
5	6,530	6,511	6,534	10	18	0,577	0,000	   M			3,892	0	0,000	0,000	0,000	1,025	0	0	0,000	0,000
6	6,556	6,534	6,557	182	163	1,112	0,000	 V M			3,912	0	0,000	0,000	0,000	1,005	0	0	0,000	0,000
7	6,627	6,557	6,749	673	108	6,250	0,000	 V M			3,965	0	0,000	0,000	0,000	1,014	0	0	0,000	0,000
8	7,529	7,463	8,018	386137	210815	1,832	0,000	   			4,640	496448	0,000	1,072	0,000	1,170	0	0	0,000	0,000

[Chromatogram (Ch1)]
Interval(msec)	40
# of Points	18944
Start Time(min)	0,001
End Time(min)	12,629
R.Time (min)	Intensity
0,00067	-34
0,00133	-34
0,00200	-34
0,00267	-34
0,00333	-33
0,00400	-33
0,00467	-33
0,00533	-32
0,00600	-32
0,00667	-32
0,00733	-32
0,00800	-31
0,00867	-31
0,00933	-31
0,01000	-31
0,01067	-31
0,01133	-31
0,01200	-31
0,01267	-31
0,01333	-31
0,01400	-31
0,01467	-31
0,01533	-32
0,01600	-32
0,01667	-32
0,01733	-32
0,01800	-33
0,01867	-33
0,01933	-33
0,02000	-33
0,02067	-34
0,02133	-34
0,02200	-34
0,02267	-34
0,02333	-35
0,02400	-35
0,02467	-35
0,02533	-35
0,02600	-35
0,02667	-35
0,02733	-35
0,02800	-35
0,02867	-35
0,02933	-35
0,03000	-35
0,03067	-35
0,03133	-35
0,03200	-35
0,03267	-35
0,03333	-35
0,03400	-35
0,03467	-35
0,03533	-35
0,03600	-35
0,03667	-35
0,03733	-35
0,03800	-35
0,03867	-35
0,03933	-35
0,04000	-35
0,04067	-35
0,04133	-35
0,04200	-35
0,04267	-35
0,04333	-35
0,04400	-36
0,04467	-36
0,04533	-36
0,04600	-37
0,04667	-37
0,04733	-37
0,04800	-37
0,04867	-37
0,04933	-37
0,05000	-36
0,05067	-36
0,05133	-36
0,05200	-35
0,05267	-35
0,05333	-36
0,05400	-36
0,05467	-36
0,05533	-36
0,05600	-36
0,05667	-36
0,05733	-36
0,05800	-36
0,05867	-36
0,05933	-36
0,06000	-36
0,06067	-36
0,06133	-36
0,06200	-36
0,06267	-36
0,06333	-36
0,06400	-36
0,06467	-37
0,06533	-37
0,06600	-38
0,06667	-38
0,06733	-38
0,06800	-38
0,06867	-38
0,06933	-38
0,07000	-38
0,07067	-38
0,07133	-38
0,07200	-38
0,07267	-38
0,07333	-37
0,07400	-37
0,07467	-37
0,07533	-37
0,07600	-37
0,07667	-37
0,07733	-37
0,07800	-37
0,07867	-36
0,07933	-36
0,08000	-36
0,08067	-36
0,08133	-36
0,08200	-36
0,08267	-35
0,08333	-35
0,08400	-35
0,08467	-35
0,08533	-35
0,08600	-35
0,08667	-35
0,08733	-36
0,08800	-36
0,08867	-36
0,08933	-36
0,09000	-36
0,09067	-36
0,09133	-36
0,09200	-36
0,09267	-36
0,09333	-36
0,09400	-36
0,09467	-36
0,09533	-36
0,09600	-36
0,09667	-36
0,09733	-37
0,09800	-37
0,09867	-37
0,09933	-37
0,10000	-38
0,10067	-38
0,10133	-38
0,10200	-38
0,10267	-38
0,10333	-38
0,10400	-38
0,10467	-38
0,10533	-38
0,10600	-38
0,10667	-38
0,10733	-37
0,10800	-37
0,10867	-37
0,10933	-37
0,11000	-36
0,11067	-36
0,11133	-36
0,11200	-36
0,11267	-36
0,11333	-35
0,11400	-35
0,11467	-35
0,11533	-35
0,11600	-35
0,11667	-35
0,11733	-35
0,11800	-35
0,11867	-35
0,11933	-35
0,12000	-35
0,12067	-35
0,12133	-35
0,12200	-35
0,12267	-35
0,12333	-35
0,12400	-35
0,12467	-35
0,12533	-36
0,12600	-36
0,12667	-36
0,12733	-36
0,12800	-37
0,12867	-37
0,12933	-37
0,13000	-38
0,13067	-38
0,13133	-38
0,13200	-39
0,13267	-39
0,13333	-39
0,13400	-39
0,13467	-39
0,13533	-39
0,13600	-39
0,13667	-39
0,13733	-39
0,13800	-39
0,13867	-39
0,13933	-39
0,14000	-39
0,14067	-39
0,14133	-39
0,14200	-39
0,14267	-39
0,14333	-39
0,14400	-39
0,14467	-38
0,14533	-38
0,14600	-38
0,14667	-38
0,14733	-38
0,14800	-37
0,14867	-37
0,14933	-37
0,15000	-37
0,15067	-38
0,15133	-38
0,15200	-38
0,15267	-38
0,15333	-38
0,15400	-38
0,15467	-38
0,15533	-38
0,15600	-38
0,15667	-38
0,15733	-38
0,15800	-38
0,15867	-38
0,15933	-37
0,16000	-37
0,16067	-37
0,16133	-37
0,16200	-37
0,16267	-37
0,16333	-37
0,16400	-37
0,16467	-37
0,16533	-37
0,16600	-37
0,16667	-36
0,16733	-36
0,16800	-36
0,16867	-35
0,16933	-35
0,17000	-35
0,17067	-34
0,17133	-34
0,17200	-34
0,17267	-34
0,17333	-34
0,17400	-34
0,17467	-34
0,17533	-34
0,17600	-34
0,17667	-35
0,17733	-35
0,17800	-35
0,17867	-35
0,17933	-35
0,18000	-36
0,18067	-36
0,18133	-36
0,18200	-36
0,18267	-36
0,18333	-37
0,18400	-37
0,18467	-37
0,18533	-37
0,18600	-38
0,18667	-38
0,18733	-38
0,18800	-38
0,18867	-38
0,18933	-38
0,19000	-38
0,19067	-38
0,19133	-38
0,19200	-38
0,19267	-38
0,19333	-38
0,19400	-38
0,19467	-38
0,19533	-38
0,19600	-38
0,19667	-38
0,19733	-38
0,19800	-38
0,19867	-38
0,19933	-37
0,20000	-37
0,20067	-37
0,20133	-37
0,20200	-37
0,20267	-37
0,20333	-36
0,20400	-36
0,20467	-36
0,20533	-36
0,20600	-35
0,20667	-35
0,20733	-35
0,20800	-35
0,20867	-34
0,20933	-34
0,21000	-34
0,21067	-34
0,21133	-34
0,21200	-34
0,21267	-34
0,21333	-34
0,21400	-34
0,21467	-35
0,21533	-35
0,21600	-35
0,21667	-35
0,21733	-35
0,21800	-35
0,21867	-35
0,21933	-35
0,22000	-35
0,22067	-35
0,22133	-34
0,22200	-34
0,22267	-34
0,22333	-34
0,22400	-35
0,22467	-35
0,22533	-35
0,22600	-35
0,22667	-35
0,22733	-35
0,22800	-35
0,22867	-36
0,22933	-36
0,23000	-36
0,23067	-36
0,23133	-36
0,23200	-36
0,23267	-36
0,23333	-36
0,23400	-36
0,23467	-36
0,23533	-37
0,23600	-37
0,23667	-37
0,23733	-37
0,23800	-37
0,23867	-38
0,23933	-38
0,24000	-38
0,24067	-38
0,24133	-39
0,24200	-39
0,24267	-39
0,24333	-39
0,24400	-39
0,24467	-39
0,24533	-40
0,24600	-40
0,24667	-40
0,24733	-40
0,24800	-40
0,24867	-40
0,24933	-40
0,25000	-40
0,25067	-40
0,25133	-41
0,25200	-41
0,25267	-41
0,25333	-41
0,25400	-41
0,25467	-41
0,25533	-41
0,25600	-41
0,25667	-41
0,25733	-41
0,25800	-41
0,25867	-41
0,25933	-41
0,26000	-41
0,26067	-42
0,26133	-42
0,26200	-42
0,26267	-42
0,26333	-42
0,26400	-42
0,26467	-42
0,26533	-42
0,26600	-42
0,26667	-42
0,26733	-42
0,26800	-42
0,26867	-42
0,26933	-42
0,27000	-42
0,27067	-42
0,27133	-42
0,27200	-42
0,27267	-42
0,27333	-42
0,27400	-42
0,27467	-42
0,27533	-42
0,27600	-41
0,27667	-42
0,27733	-42
0,27800	-42
0,27867	-42
0,27933	-42
0,28000	-42
0,28067	-42
0,28133	-41
0,28200	-41
0,28267	-41
0,28333	-41
0,28400	-40
0,28467	-40
0,28533	-40
0,28600	-40
0,28667	-40
0,28733	-40
0,28800	-40
0,28867	-41
0,28933	-41
0,29000	-41
0,29067	-41
0,29133	-41
0,29200	-40
0,29267	-40
0,29333	-40
0,29400	-40
0,29467	-40
0,29533	-40
0,29600	-40
0,29667	-40
0,29733	-40
0,29800	-40
0,29867	-40
0,29933	-40
0,30000	-41
0,30067	-41
0,30133	-41
0,30200	-41
0,30267	-41
0,30333	-41
0,30400	-41
0,30467	-41
0,30533	-41
0,30600	-41
0,30667	-41
0,30733	-41
0,30800	-41
0,30867	-41
0,30933	-41
0,31000	-41
0,31067	-41
0,31133	-41
0,31200	-41
0,31267	-42
0,31333	-42
0,31400	-42
0,31467	-42
0,31533	-42
0,31600	-42
0,31667	-42
0,31733	-42
0,31800	-42
0,31867	-41
0,31933	-41
0,32000	-41
0,32067	-41
0,32133	-41
0,32200	-41
0,32267	-42
0,32333	-42
0,32400	-42
0,32467	-41
0,32533	-41
0,32600	-41
0,32667	-41
0,32733	-40
0,32800	-40
0,32867	-40
0,32933	-39
0,33000	-39
0,33067	-39
0,33133	-39
0,33200	-38
0,33267	-38
0,33333	-38
0,33400	-38
0,33467	-38
0,33533	-38
0,33600	-38
0,33667	-38
0,33733	-38
0,33800	-38
0,33867	-38
0,33933	-38
0,34000	-38
0,34067	-38
0,34133	-38
0,34200	-38
0,34267	-38
0,34333	-38
0,34400	-38
0,34467	-38
0,34533	-38
0,34600	-38
0,34667	-38
0,34733	-38
0,34800	-38
0,34867	-39
0,34933	-39
0,35000	-39
0,35067	-39
0,35133	-39
0,35200	-40
0,35267	-40
0,35333	-40
0,35400	-40
0,35467	-40
0,35533	-40
0,35600	-39
0,35667	-39
0,35733	-39
0,35800	-38
0,35867	-38
0,35933	-38
0,36000	-38
0,36067	-38
0,36133	-39
0,36200	-39
0,36267	-39
0,36333	-40
0,36400	-40
0,36467	-40
0,36533	-41
0,36600	-41
0,36667	-41
0,36733	-41
0,36800	-41
0,36867	-41
0,36933	-41
0,37000	-41
0,37067	-41
0,37133	-41
0,37200	-41
0,37267	-41
0,37333	-41
0,37400	-41
0,37467	-41
0,37533	-42
0,37600	-42
0,37667	-42
0,37733	-42
0,37800	-42
0,37867	-42
0,37933	-42
0,38000	-42
0,38067	-41
0,38133	-41
0,38200	-41
0,38267	-41
0,38333	-41
0,38400	-41
0,38467	-41
0,38533	-42
0,38600	-42
0,38667	-42
0,38733	-42
0,38800	-41
0,38867	-41
0,38933	-41
0,39000	-41
0,39067	-41
0,39133	-41
0,39200	-41
0,39267	-41
0,39333	-41
0,39400	-41
0,39467	-41
0,39533	-41
0,39600	-41
0,39667	-41
0,39733	-41
0,39800	-41
0,39867	-41
0,39933	-41
0,40000	-41
0,40067	-41
0,40133	-42
0,40200	-42
0,40267	-42
0,40333	-42
0,40400	-42
0,40467	-43
0,40533	-43
0,40600	-43
0,40667	-43
0,40733	-44
0,40800	-44
0,40867	-44
0,40933	-44
0,41000	-44
0,41067	-44
0,41133	-44
0,41200	-44
0,41267	-44
0,41333	-43
0,41400	-43
0,41467	-43
0,41533	-43
0,41600	-43
0,41667	-43
0,41733	-44
0,41800	-44
0,41867	-44
0,41933	-44
0,42000	-44
0,42067	-44
0,42133	-44
0,42200	-43
0,42267	-43
0,42333	-43
0,42400	-42
0,42467	-42
0,42533	-42
0,42600	-42
0,42667	-42
0,42733	-42
0,42800	-42
0,42867	-42
0,42933	-42
0,43000	-41
0,43067	-41
0,43133	-41
0,43200	-41
0,43267	-41
0,43333	-41
0,43400	-41
0,43467	-41
0,43533	-40
0,43600	-40
0,43667	-40
0,43733	-40
0,43800	-40
0,43867	-40
0,43933	-40
0,44000	-39
0,44067	-39
0,44133	-39
0,44200	-38
0,44267	-38
0,44333	-38
0,44400	-38
0,44467	-38
0,44533	-38
0,44600	-37
0,44667	-37
0,44733	-37
0,44800	-37
0,44867	-37
0,44933	-37
0,45000	-37
0,45067	-37
0,45133	-37
0,45200	-37
0,45267	-37
0,45333	-37
0,45400	-37
0,45467	-37
0,45533	-37
0,45600	-37
0,45667	-37
0,45733	-37
0,45800	-37
0,45867	-37
0,45933	-37
0,46000	-37
0,46067	-37
0,46133	-37
0,46200	-37
0,46267	-37
0,46333	-38
0,46400	-38
0,46467	-38
0,46533	-38
0,46600	-38
0,46667	-38
0,46733	-38
0,46800	-38
0,46867	-38
0,46933	-38
0,47000	-38
0,47067	-38
0,47133	-38
0,47200	-38
0,47267	-38
0,47333	-39
0,47400	-39
0,47467	-39
0,47533	-39
0,47600	-39
0,47667	-39
0,47733	-39
0,47800	-38
0,47867	-38
0,47933	-38
0,48000	-38
0,48067	-38
0,48133	-38
0,48200	-38
0,48267	-38
0,48333	-38
0,48400	-38
0,48467	-38
0,48533	-38
0,48600	-38
0,48667	-38
0,48733	-38
0,48800	-38
0,48867	-38
0,48933	-38
0,49000	-38
0,49067	-38
0,49133	-38
0,49200	-39
0,49267	-39
0,49333	-39
0,49400	-40
0,49467	-40
0,49533	-40
0,49600	-41
0,49667	-41
0,49733	-41
0,49800	-41
0,49867	-41
0,49933	-40
0,50000	-40
0,50067	-41
0,50133	-41
0,50200	-41
0,50267	-41
0,50333	-41
0,50400	-41
0,50467	-41
0,50533	-41
0,50600	-41
0,50667	-41
0,50733	-41
0,50800	-40
0,50867	-40
0,50933	-40
0,51000	-40
0,51067	-40
0,51133	-40
0,51200	-39
0,51267	-39
0,51333	-39
0,51400	-40
0,51467	-40
0,51533	-39
0,51600	-39
0,51667	-39
0,51733	-39
0,51800	-39
0,51867	-38
0,51933	-38
0,52000	-37
0,52067	-37
0,52133	-37
0,52200	-37
0,52267	-37
0,52333	-37
0,52400	-38
0,52467	-38
0,52533	-39
0,52600	-39
0,52667	-40
0,52733	-40
0,52800	-41
0,52867	-41
0,52933	-41
0,53000	-41
0,53067	-41
0,53133	-40
0,53200	-40
0,53267	-40
0,53333	-40
0,53400	-40
0,53467	-40
0,53533	-40
0,53600	-40
0,53667	-40
0,53733	-40
0,53800	-39
0,53867	-39
0,53933	-39
0,54000	-39
0,54067	-39
0,54133	-39
0,54200	-39
0,54267	-40
0,54333	-40
0,54400	-40
0,54467	-40
0,54533	-41
0,54600	-41
0,54667	-41
0,54733	-41
0,54800	-41
0,54867	-41
0,54933	-41
0,55000	-41
0,55067	-41
0,55133	-41
0,55200	-41
0,55267	-41
0,55333	-41
0,55400	-41
0,55467	-41
0,55533	-42
0,55600	-42
0,55667	-42
0,55733	-41
0,55800	-41
0,55867	-41
0,55933	-41
0,56000	-40
0,56067	-40
0,56133	-39
0,56200	-39
0,56267	-39
0,56333	-39
0,56400	-39
0,56467	-39
0,56533	-39
0,56600	-39
0,56667	-40
0,56733	-40
0,56800	-41
0,56867	-41
0,56933	-41
0,57000	-42
0,57067	-42
0,57133	-42
0,57200	-42
0,57267	-42
0,57333	-42
0,57400	-42
0,57467	-42
0,57533	-42
0,57600	-42
0,57667	-42
0,57733	-41
0,57800	-42
0,57867	-42
0,57933	-42
0,58000	-42
0,58067	-42
0,58133	-42
0,58200	-42
0,58267	-41
0,58333	-41
0,58400	-41
0,58467	-41
0,58533	-41
0,58600	-41
0,58667	-41
0,58733	-41
0,58800	-41
0,58867	-41
0,58933	-41
0,59000	-41
0,59067	-41
0,59133	-41
0,59200	-41
0,59267	-41
0,59333	-41
0,59400	-41
0,59467	-41
0,59533	-41
0,59600	-41
0,59667	-41
0,59733	-41
0,59800	-42
0,59867	-42
0,59933	-42
0,60000	-43
0,60067	-43
0,60133	-43
0,60200	-43
0,60267	-44
0,60333	-44
0,60400	-44
0,60467	-44
0,60533	-44
0,60600	-44
0,60667	-44
0,60733	-44
0,60800	-44
0,60867	-44
0,60933	-44
0,61000	-44
0,61067	-44
0,61133	-44
0,61200	-44
0,61267	-44
0,61333	-44
0,61400	-44
0,61467	-44
0,61533	-43
0,61600	-43
0,61667	-43
0,61733	-43
0,61800	-43
0,61867	-43
0,61933	-43
0,62000	-43
0,62067	-43
0,62133	-43
0,62200	-42
0,62267	-42
0,62333	-42
0,62400	-42
0,62467	-42
0,62533	-42
0,62600	-42
0,62667	-42
0,62733	-42
0,62800	-42
0,62867	-42
0,62933	-43
0,63000	-43
0,63067	-43
0,63133	-43
0,63200	-44
0,63267	-44
0,63333	-45
0,63400	-45
0,63467	-45
0,63533	-45
0,63600	-45
0,63667	-45
0,63733	-45
0,63800	-45
0,63867	-45
0,63933	-45
0,64000	-45
0,64067	-45
0,64133	-45
0,64200	-45
0,64267	-45
0,64333	-45
0,64400	-45
0,64467	-44
0,64533	-44
0,64600	-44
0,64667	-43
0,64733	-43
0,64800	-42
0,64867	-42
0,64933	-42
0,65000	-42
0,65067	-42
0,65133	-42
0,65200	-42
0,65267	-42
0,65333	-42
0,65400	-42
0,65467	-42
0,65533	-42
0,65600	-42
0,65667	-42
0,65733	-42
0,65800	-42
0,65867	-42
0,65933	-42
0,66000	-42
0,66067	-42
0,66133	-42
0,66200	-42
0,66267	-42
0,66333	-42
0,66400	-42
0,66467	-42
0,66533	-42
0,66600	-41
0,66667	-41
0,66733	-41
0,66800	-42
0,66867	-42
0,66933	-42
0,67000	-42
0,67067	-42
0,67133	-42
0,67200	-43
0,67267	-43
0,67333	-43
0,67400	-43
0,67467	-43
0,67533	-43
0,67600	-43
0,67667	-43
0,67733	-43
0,67800	-43
0,67867	-44
0,67933	-44
0,68000	-44
0,68067	-45
0,68133	-45
0,68200	-45
0,68267	-46
0,68333	-46
0,68400	-46
0,68467	-46
0,68533	-46
0,68600	-47
0,68667	-47
0,68733	-47
0,68800	-47
0,68867	-46
0,68933	-46
0,69000	-46
0,69067	-46
0,69133	-45
0,69200	-45
0,69267	-45
0,69333	-44
0,69400	-44
0,69467	-44
0,69533	-43
0,69600	-43
0,69667	-43
0,69733	-43
0,69800	-43
0,69867	-42
0,69933	-42
0,70000	-42
0,70067	-42
0,70133	-42
0,70200	-41
0,70267	-41
0,70333	-41
0,70400	-40
0,70467	-40
0,70533	-40
0,70600	-40
0,70667	-40
0,70733	-40
0,70800	-40
0,70867	-40
0,70933	-40
0,71000	-40
0,71067	-40
0,71133	-40
0,71200	-40
0,71267	-41
0,71333	-41
0,71400	-41
0,71467	-42
0,71533	-42
0,71600	-42
0,71667	-43
0,71733	-43
0,71800	-43
0,71867	-43
0,71933	-43
0,72000	-43
0,72067	-44
0,72133	-44
0,72200	-44
0,72267	-44
0,72333	-44
0,72400	-44
0,72467	-44
0,72533	-44
0,72600	-44
0,72667	-44
0,72733	-44
0,72800	-44
0,72867	-44
0,72933	-44
0,73000	-44
0,73067	-44
0,73133	-44
0,73200	-44
0,73267	-44
0,73333	-44
0,73400	-44
0,73467	-44
0,73533	-44
0,73600	-44
0,73667	-44
0,73733	-44
0,73800	-44
0,73867	-44
0,73933	-44
0,74000	-44
0,74067	-44
0,74133	-44
0,74200	-43
0,74267	-43
0,74333	-43
0,74400	-43
0,74467	-42
0,74533	-42
0,74600	-42
0,74667	-41
0,74733	-41
0,74800	-41
0,74867	-41
0,74933	-40
0,75000	-40
0,75067	-40
0,75133	-40
0,75200	-39
0,75267	-39
0,75333	-39
0,75400	-39
0,75467	-39
0,75533	-39
0,75600	-39
0,75667	-39
0,75733	-39
0,75800	-40
0,75867	-40
0,75933	-40
0,76000	-40
0,76067	-41
0,76133	-41
0,76200	-41
0,76267	-41
0,76333	-41
0,76400	-41
0,76467	-41
0,76533	-41
0,76600	-41
0,76667	-41
0,76733	-41
0,76800	-41
0,76867	-40
0,76933	-40
0,77000	-40
0,77067	-40
0,77133	-39
0,77200	-39
0,77267	-39
0,77333	-38
0,77400	-38
0,77467	-38
0,77533	-38
0,77600	-38
0,77667	-38
0,77733	-39
0,77800	-39
0,77867	-39
0,77933	-39
0,78000	-39
0,78067	-40
0,78133	-40
0,78200	-40
0,78267	-40
0,78333	-40
0,78400	-40
0,78467	-40
0,78533	-40
0,78600	-40
0,78667	-40
0,78733	-40
0,78800	-40
0,78867	-40
0,78933	-40
0,79000	-40
0,79067	-40
0,79133	-40
0,79200	-40
0,79267	-40
0,79333	-40
0,79400	-41
0,79467	-41
0,79533	-40
0,79600	-40
0,79667	-40
0,79733	-40
0,79800	-40
0,79867	-40
0,79933	-40
0,80000	-40
0,80067	-40
0,80133	-40
0,80200	-40
0,80267	-40
0,80333	-40
0,80400	-40
0,80467	-40
0,80533	-40
0,80600	-40
0,80667	-40
0,80733	-40
0,80800	-40
0,80867	-40
0,80933	-40
0,81000	-40
0,81067	-40
0,81133	-41
0,81200	-41
0,81267	-41
0,81333	-41
0,81400	-41
0,81467	-41
0,81533	-41
0,81600	-41
0,81667	-41
0,81733	-42
0,81800	-42
0,81867	-42
0,81933	-42
0,82000	-42
0,82067	-42
0,82133	-42
0,82200	-42
0,82267	-42
0,82333	-42
0,82400	-42
0,82467	-42
0,82533	-42
0,82600	-42
0,82667	-42
0,82733	-42
0,82800	-42
0,82867	-42
0,82933	-43
0,83000	-43
0,83067	-43
0,83133	-42
0,83200	-43
0,83267	-43
0,83333	-43
0,83400	-43
0,83467	-43
0,83533	-43
0,83600	-43
0,83667	-43
0,83733	-43
0,83800	-43
0,83867	-43
0,83933	-43
0,84000	-43
0,84067	-43
0,84133	-43
0,84200	-44
0,84267	-44
0,84333	-44
0,84400	-44
0,84467	-45
0,84533	-45
0,84600	-45
0,84667	-45
0,84733	-44
0,84800	-44
0,84867	-44
0,84933	-44
0,85000	-43
0,85067	-43
0,85133	-43
0,85200	-42
0,85267	-42
0,85333	-42
0,85400	-42
0,85467	-42
0,85533	-42
0,85600	-42
0,85667	-42
0,85733	-42
0,85800	-42
0,85867	-42
0,85933	-42
0,86000	-42
0,86067	-42
0,86133	-42
0,86200	-41
0,86267	-41
0,86333	-41
0,86400	-40
0,86467	-40
0,86533	-40
0,86600	-40
0,86667	-40
0,86733	-39
0,86800	-39
0,86867	-39
0,86933	-39
0,87000	-39
0,87067	-38
0,87133	-38
0,87200	-38
0,87267	-38
0,87333	-38
0,87400	-38
0,87467	-38
0,87533	-38
0,87600	-39
0,87667	-39
0,87733	-39
0,87800	-39
0,87867	-39
0,87933	-39
0,88000	-39
0,88067	-39
0,88133	-39
0,88200	-40
0,88267	-40
0,88333	-40
0,88400	-40
0,88467	-40
0,88533	-40
0,88600	-41
0,88667	-41
0,88733	-41
0,88800	-41
0,88867	-42
0,88933	-42
0,89000	-42
0,89067	-42
0,89133	-42
0,89200	-42
0,89267	-43
0,89333	-43
0,89400	-42
0,89467	-42
0,89533	-42
0,89600	-42
0,89667	-42
0,89733	-42
0,89800	-43
0,89867	-43
0,89933	-43
0,90000	-43
0,90067	-43
0,90133	-43
0,90200	-43
0,90267	-43
0,90333	-43
0,90400	-43
0,90467	-42
0,90533	-42
0,90600	-42
0,90667	-42
0,90733	-42
0,90800	-42
0,90867	-42
0,90933	-42
0,91000	-42
0,91067	-42
0,91133	-42
0,91200	-42
0,91267	-42
0,91333	-42
0,91400	-42
0,91467	-42
0,91533	-42
0,91600	-42
0,91667	-42
0,91733	-42
0,91800	-42
0,91867	-41
0,91933	-41
0,92000	-41
0,92067	-42
0,92133	-42
0,92200	-42
0,92267	-42
0,92333	-42
0,92400	-42
0,92467	-42
0,92533	-42
0,92600	-42
0,92667	-42
0,92733	-42
0,92800	-42
0,92867	-42
0,92933	-42
0,93000	-42
0,93067	-42
0,93133	-41
0,93200	-41
0,93267	-41
0,93333	-41
0,93400	-41
0,93467	-41
0,93533	-41
0,93600	-41
0,93667	-41
0,93733	-41
0,93800	-41
0,93867	-41
0,93933	-41
0,94000	-42
0,94067	-42
0,94133	-42
0,94200	-42
0,94267	-42
0,94333	-43
0,94400	-43
0,94467	-43
0,94533	-43
0,94600	-43
0,94667	-43
0,94733	-43
0,94800	-43
0,94867	-43
0,94933	-43
0,95000	-43
0,95067	-43
0,95133	-44
0,95200	-44
0,95267	-44
0,95333	-44
0,95400	-45
0,95467	-45
0,95533	-45
0,95600	-45
0,95667	-45
0,95733	-44
0,95800	-44
0,95867	-44
0,95933	-44
0,96000	-44
0,96067	-44
0,96133	-44
0,96200	-44
0,96267	-44
0,96333	-44
0,96400	-44
0,96467	-44
0,96533	-44
0,96600	-44
0,96667	-44
0,96733	-44
0,96800	-43
0,96867	-43
0,96933	-43
0,97000	-42
0,97067	-42
0,97133	-42
0,97200	-42
0,97267	-42
0,97333	-42
0,97400	-41
0,97467	-41
0,97533	-41
0,97600	-41
0,97667	-41
0,97733	-41
0,97800	-42
0,97867	-42
0,97933	-42
0,98000	-42
0,98067	-42
0,98133	-43
0,98200	-43
0,98267	-43
0,98333	-43
0,98400	-43
0,98467	-43
0,98533	-43
0,98600	-42
0,98667	-42
0,98733	-42
0,98800	-42
0,98867	-42
0,98933	-42
0,99000	-41
0,99067	-41
0,99133	-41
0,99200	-41
0,99267	-41
0,99333	-41
0,99400	-42
0,99467	-42
0,99533	-42
0,99600	-42
0,99667	-42
0,99733	-42
0,99800	-41
0,99867	-41
0,99933	-41
1,00000	-41
1,00067	-40
1,00133	-40
1,00200	-40
1,00267	-40
1,00333	-40
1,00400	-40
1,00467	-40
1,00533	-40
1,00600	-40
1,00667	-40
1,00733	-40
1,00800	-40
1,00867	-40
1,00933	-40
1,01000	-40
1,01067	-40
1,01133	-40
1,01200	-40
1,01267	-40
1,01333	-40
1,01400	-40
1,01467	-40
1,01533	-40
1,01600	-40
1,01667	-40
1,01733	-40
1,01800	-40
1,01867	-40
1,01933	-40
1,02000	-40
1,02067	-40
1,02133	-40
1,02200	-41
1,02267	-41
1,02333	-42
1,02400	-42
1,02467	-42
1,02533	-43
1,02600	-43
1,02667	-43
1,02733	-44
1,02800	-44
1,02867	-44
1,02933	-44
1,03000	-44
1,03067	-44
1,03133	-44
1,03200	-44
1,03267	-44
1,03333	-44
1,03400	-44
1,03467	-44
1,03533	-44
1,03600	-44
1,03667	-44
1,03733	-44
1,03800	-44
1,03867	-44
1,03933	-45
1,04000	-45
1,04067	-44
1,04133	-44
1,04200	-44
1,04267	-44
1,04333	-44
1,04400	-43
1,04467	-43
1,04533	-43
1,04600	-43
1,04667	-43
1,04733	-43
1,04800	-43
1,04867	-43
1,04933	-42
1,05000	-42
1,05067	-42
1,05133	-42
1,05200	-42
1,05267	-42
1,05333	-42
1,05400	-42
1,05467	-42
1,05533	-42
1,05600	-42
1,05667	-42
1,05733	-42
1,05800	-42
1,05867	-42
1,05933	-42
1,06000	-42
1,06067	-42
1,06133	-42
1,06200	-42
1,06267	-42
1,06333	-41
1,06400	-41
1,06467	-41
1,06533	-40
1,06600	-40
1,06667	-40
1,06733	-40
1,06800	-40
1,06867	-40
1,06933	-40
1,07000	-40
1,07067	-40
1,07133	-40
1,07200	-41
1,07267	-41
1,07333	-41
1,07400	-41
1,07467	-41
1,07533	-42
1,07600	-42
1,07667	-42
1,07733	-42
1,07800	-42
1,07867	-42
1,07933	-42
1,08000	-42
1,08067	-42
1,08133	-42
1,08200	-42
1,08267	-42
1,08333	-41
1,08400	-41
1,08467	-41
1,08533	-40
1,08600	-40
1,08667	-40
1,08733	-40
1,08800	-40
1,08867	-39
1,08933	-39
1,09000	-39
1,09067	-39
1,09133	-39
1,09200	-39
1,09267	-39
1,09333	-40
1,09400	-40
1,09467	-40
1,09533	-40
1,09600	-40
1,09667	-39
1,09733	-39
1,09800	-39
1,09867	-39
1,09933	-39
1,10000	-39
1,10067	-39
1,10133	-39
1,10200	-39
1,10267	-39
1,10333	-39
1,10400	-39
1,10467	-39
1,10533	-39
1,10600	-39
1,10667	-39
1,10733	-38
1,10800	-39
1,10867	-39
1,10933	-39
1,11000	-39
1,11067	-39
1,11133	-39
1,11200	-39
1,11267	-40
1,11333	-40
1,11400	-41
1,11467	-41
1,11533	-41
1,11600	-41
1,11667	-42
1,11733	-42
1,11800	-42
1,11867	-42
1,11933	-42
1,12000	-42
1,12067	-42
1,12133	-43
1,12200	-43
1,12267	-43
1,12333	-43
1,12400	-43
1,12467	-43
1,12533	-43
1,12600	-43
1,12667	-43
1,12733	-43
1,12800	-43
1,12867	-43
1,12933	-43
1,13000	-43
1,13067	-43
1,13133	-44
1,13200	-44
1,13267	-44
1,13333	-44
1,13400	-44
1,13467	-45
1,13533	-45
1,13600	-45
1,13667	-45
1,13733	-45
1,13800	-44
1,13867	-44
1,13933	-44
1,14000	-44
1,14067	-43
1,14133	-43
1,14200	-42
1,14267	-40
1,14333	-38
1,14400	-36
1,14467	-33
1,14533	-30
1,14600	-26
1,14667	-21
1,14733	-16
1,14800	-11
1,14867	-5
1,14933	0
1,15000	6
1,15067	11
1,15133	16
1,15200	21
1,15267	26
1,15333	30
1,15400	33
1,15467	36
1,15533	39
1,15600	41
1,15667	42
1,15733	43
1,15800	43
1,15867	43
1,15933	42
1,16000	41
1,16067	39
1,16133	37
1,16200	35
1,16267	32
1,16333	29
1,16400	26
1,16467	23
1,16533	20
1,16600	16
1,16667	13
1,16733	10
1,16800	7
1,16867	4
1,16933	2
1,17000	-1
1,17067	-3
1,17133	-5
1,17200	-7
1,17267	-9
1,17333	-11
1,17400	-13
1,17467	-14
1,17533	-16
1,17600	-18
1,17667	-19
1,17733	-21
1,17800	-22
1,17867	-23
1,17933	-23
1,18000	-24
1,18067	-24
1,18133	-24
1,18200	-24
1,18267	-24
1,18333	-23
1,18400	-23
1,18467	-22
1,18533	-22
1,18600	-21
1,18667	-20
1,18733	-20
1,18800	-20
1,18867	-19
1,18933	-19
1,19000	-19
1,19067	-19
1,19133	-19
1,19200	-19
1,19267	-19
1,19333	-19
1,19400	-19
1,19467	-19
1,19533	-18
1,19600	-18
1,19667	-18
1,19733	-17
1,19800	-16
1,19867	-16
1,19933	-14
1,20000	-13
1,20067	-11
1,20133	-9
1,20200	-7
1,20267	-5
1,20333	-3
1,20400	-2
1,20467	0
1,20533	1
1,20600	3
1,20667	3
1,20733	4
1,20800	4
1,20867	5
1,20933	5
1,21000	4
1,21067	4
1,21133	4
1,21200	3
1,21267	3
1,21333	3
1,21400	2
1,21467	2
1,21533	2
1,21600	1
1,21667	1
1,21733	1
1,21800	1
1,21867	0
1,21933	0
1,22000	0
1,22067	0
1,22133	1
1,22200	1
1,22267	1
1,22333	1
1,22400	2
1,22467	2
1,22533	2
1,22600	2
1,22667	3
1,22733	3
1,22800	2
1,22867	2
1,22933	2
1,23000	1
1,23067	1
1,23133	1
1,23200	0
1,23267	0
1,23333	0
1,23400	1
1,23467	2
1,23533	4
1,23600	7
1,23667	11
1,23733	17
1,23800	24
1,23867	33
1,23933	44
1,24000	57
1,24067	71
1,24133	85
1,24200	100
1,24267	114
1,24333	128
1,24400	141
1,24467	152
1,24533	162
1,24600	170
1,24667	176
1,24733	180
1,24800	182
1,24867	182
1,24933	180
1,25000	177
1,25067	173
1,25133	168
1,25200	162
1,25267	156
1,25333	149
1,25400	141
1,25467	134
1,25533	126
1,25600	118
1,25667	111
1,25733	103
1,25800	95
1,25867	88
1,25933	80
1,26000	73
1,26067	66
1,26133	60
1,26200	54
1,26267	48
1,26333	42
1,26400	37
1,26467	32
1,26533	27
1,26600	23
1,26667	19
1,26733	15
1,26800	11
1,26867	8
1,26933	4
1,27000	1
1,27067	-1
1,27133	-4
1,27200	-7
1,27267	-9
1,27333	-11
1,27400	-12
1,27467	-14
1,27533	-14
1,27600	-15
1,27667	-15
1,27733	-14
1,27800	-12
1,27867	-9
1,27933	-4
1,28000	4
1,28067	14
1,28133	27
1,28200	44
1,28267	65
1,28333	89
1,28400	117
1,28467	147
1,28533	180
1,28600	215
1,28667	252
1,28733	289
1,28800	328
1,28867	366
1,28933	404
1,29000	440
1,29067	475
1,29133	506
1,29200	533
1,29267	556
1,29333	574
1,29400	586
1,29467	593
1,29533	595
1,29600	592
1,29667	584
1,29733	572
1,29800	557
1,29867	539
1,29933	518
1,30000	496
1,30067	473
1,30133	449
1,30200	424
1,30267	400
1,30333	375
1,30400	351
1,30467	327
1,30533	304
1,30600	282
1,30667	261
1,30733	241
1,30800	222
1,30867	204
1,30933	186
1,31000	170
1,31067	155
1,31133	141
1,31200	127
1,31267	115
1,31333	104
1,31400	94
1,31467	87
1,31533	83
1,31600	85
1,31667	99
1,31733	133
1,31800	206
1,31867	352
1,31933	623
1,32000	1099
1,32067	1874
1,32133	3067
1,32200	4790
1,32267	7170
1,32333	10310
1,32400	14284
1,32467	19114
1,32533	24769
1,32600	31148
1,32667	38096
1,32733	45405
1,32800	52840
1,32867	60151
1,32933	67096
1,33000	73462
1,33067	79077
1,33133	83812
1,33200	87594
1,33267	90396
1,33333	92232
1,33400	93149
1,33467	93217
1,33533	92523
1,33600	91162
1,33667	89232
1,33733	86829
1,33800	84043
1,33867	80960
1,33933	77654
1,34000	74194
1,34067	70638
1,34133	67036
1,34200	63432
1,34267	59861
1,34333	56354
1,34400	52932
1,34467	49615
1,34533	46418
1,34600	43350
1,34667	40420
1,34733	37631
1,34800	34985
1,34867	32484
1,34933	30125
1,35000	27906
1,35067	25823
1,35133	23872
1,35200	22049
1,35267	20347
1,35333	18762
1,35400	17287
1,35467	15917
1,35533	14646
1,35600	13469
1,35667	12379
1,35733	11371
1,35800	10440
1,35867	9582
1,35933	8790
1,36000	8061
1,36067	7389
1,36133	6772
1,36200	6205
1,36267	5685
1,36333	5207
1,36400	4769
1,36467	4367
1,36533	3999
1,36600	3662
1,36667	3354
1,36733	3072
1,36800	2814
1,36867	2579
1,36933	2363
1,37000	2167
1,37067	1987
1,37133	1824
1,37200	1674
1,37267	1538
1,37333	1413
1,37400	1300
1,37467	1196
1,37533	1101
1,37600	1014
1,37667	935
1,37733	863
1,37800	797
1,37867	737
1,37933	682
1,38000	631
1,38067	585
1,38133	543
1,38200	504
1,38267	469
1,38333	437
1,38400	407
1,38467	380
1,38533	355
1,38600	332
1,38667	311
1,38733	292
1,38800	274
1,38867	257
1,38933	242
1,39000	228
1,39067	216
1,39133	204
1,39200	193
1,39267	183
1,39333	174
1,39400	165
1,39467	157
1,39533	149
1,39600	143
1,39667	136
1,39733	130
1,39800	124
1,39867	119
1,39933	114
1,40000	109
1,40067	105
1,40133	101
1,40200	97
1,40267	93
1,40333	89
1,40400	86
1,40467	82
1,40533	79
1,40600	76
1,40667	74
1,40733	71
1,40800	69
1,40867	66
1,40933	64
1,41000	62
1,41067	60
1,41133	58
1,41200	56
1,41267	54
1,41333	53
1,41400	51
1,41467	49
1,41533	47
1,41600	46
1,41667	44
1,41733	42
1,41800	40
1,41867	38
1,41933	36
1,42000	35
1,42067	33
1,42133	32
1,42200	30
1,42267	29
1,42333	28
1,42400	26
1,42467	25
1,42533	24
1,42600	23
1,42667	22
1,42733	21
1,42800	20
1,42867	19
1,42933	18
1,43000	16
1,43067	15
1,43133	15
1,43200	14
1,43267	14
1,43333	15
1,43400	17
1,43467	20
1,43533	25
1,43600	33
1,43667	44
1,43733	59
1,43800	78
1,43867	103
1,43933	133
1,44000	169
1,44067	210
1,44133	256
1,44200	305
1,44267	356
1,44333	407
1,44400	458
1,44467	506
1,44533	550
1,44600	588
1,44667	621
1,44733	647
1,44800	666
1,44867	678
1,44933	683
1,45000	683
1,45067	677
1,45133	666
1,45200	650
1,45267	631
1,45333	609
1,45400	586
1,45467	560
1,45533	533
1,45600	506
1,45667	479
1,45733	451
1,45800	424
1,45867	398
1,45933	372
1,46000	347
1,46067	323
1,46133	300
1,46200	278
1,46267	258
1,46333	238
1,46400	220
1,46467	202
1,46533	186
1,46600	171
1,46667	156
1,46733	143
1,46800	131
1,46867	119
1,46933	108
1,47000	98
1,47067	89
1,47133	80
1,47200	72
1,47267	65
1,47333	58
1,47400	51
1,47467	46
1,47533	40
1,47600	35
1,47667	30
1,47733	26
1,47800	22
1,47867	19
1,47933	16
1,48000	13
1,48067	10
1,48133	7
1,48200	5
1,48267	3
1,48333	1
1,48400	-1
1,48467	-3
1,48533	-4
1,48600	-5
1,48667	-7
1,48733	-8
1,48800	-9
1,48867	-9
1,48933	-10
1,49000	-10
1,49067	-11
1,49133	-11
1,49200	-12
1,49267	-12
1,49333	-13
1,49400	-13
1,49467	-13
1,49533	-13
1,49600	-13
1,49667	-14
1,49733	-14
1,49800	-14
1,49867	-14
1,49933	-14
1,50000	-15
1,50067	-15
1,50133	-15
1,50200	-16
1,50267	-16
1,50333	-17
1,50400	-17
1,50467	-18
1,50533	-18
1,50600	-19
1,50667	-19
1,50733	-20
1,50800	-20
1,50867	-20
1,50933	-20
1,51000	-20
1,51067	-19
1,51133	-19
1,51200	-19
1,51267	-18
1,51333	-17
1,51400	-16
1,51467	-15
1,51533	-14
1,51600	-12
1,51667	-10
1,51733	-7
1,51800	-2
1,51867	4
1,51933	12
1,52000	22
1,52067	37
1,52133	56
1,52200	81
1,52267	112
1,52333	152
1,52400	199
1,52467	255
1,52533	319
1,52600	390
1,52667	467
1,52733	549
1,52800	634
1,52867	719
1,52933	802
1,53000	881
1,53067	954
1,53133	1019
1,53200	1075
1,53267	1121
1,53333	1155
1,53400	1180
1,53467	1193
1,53533	1197
1,53600	1191
1,53667	1176
1,53733	1154
1,53800	1126
1,53867	1092
1,53933	1054
1,54000	1014
1,54067	973
1,54133	934
1,54200	901
1,54267	883
1,54333	899
1,54400	983
1,54467	1214
1,54533	1725
1,54600	2737
1,54667	4574
1,54733	7738
1,54800	12926
1,54867	21167
1,54933	33790
1,55000	52557
1,55067	79552
1,55133	117455
1,55200	169180
1,55267	238011
1,55333	327203
1,55400	440172
1,55467	579771
1,55533	748272
1,55600	947009
1,55667	1176041
1,55733	1433989
1,55800	1717799
1,55867	2022512
1,55933	2341879
1,56000	2668428
1,56067	2994229
1,56133	3311035
1,56200	3610945
1,56267	3886497
1,56333	4131480
1,56400	4340625
1,56467	4510282
1,56533	4637968
1,56600	4722844
1,56667	4765252
1,56733	4766980
1,56800	4730677
1,56867	4659972
1,56933	4559009
1,57000	4432377
1,57067	4284696
1,57133	4120514
1,57200	3944086
1,57267	3759279
1,57333	3569494
1,57400	3377651
1,57467	3186188
1,57533	2997108
1,57600	2812018
1,57667	2632182
1,57733	2458560
1,57800	2291859
1,57867	2132572
1,57933	1981013
1,58000	1837349
1,58067	1701623
1,58133	1573784
1,58200	1453701
1,58267	1341182
1,58333	1235989
1,58400	1137848
1,58467	1046461
1,58533	961511
1,58600	882675
1,58667	809622
1,58733	742025
1,58800	679558
1,58867	621903
1,58933	568751
1,59000	519805
1,59067	474778
1,59133	433397
1,59200	395402
1,59267	360546
1,59333	328598
1,59400	299337
1,59467	272560
1,59533	248072
1,59600	225693
1,59667	205255
1,59733	186602
1,59800	169588
1,59867	154078
1,59933	139946
1,60000	127078
1,60067	115365
1,60133	104710
1,60200	95021
1,60267	86215
1,60333	78213
1,60400	70946
1,60467	64349
1,60533	58361
1,60600	52928
1,60667	48001
1,60733	43534
1,60800	39484
1,60867	35814
1,60933	32489
1,61000	29477
1,61067	26750
1,61133	24280
1,61200	22044
1,61267	20021
1,61333	18189
1,61400	16532
1,61467	15032
1,61533	13676
1,61600	12448
1,61667	11338
1,61733	10334
1,61800	9426
1,61867	8604
1,61933	7861
1,62000	7189
1,62067	6582
1,62133	6032
1,62200	5535
1,62267	5085
1,62333	4679
1,62400	4311
1,62467	3978
1,62533	3676
1,62600	3403
1,62667	3156
1,62733	2932
1,62800	2729
1,62867	2544
1,62933	2377
1,63000	2225
1,63067	2087
1,63133	1962
1,63200	1847
1,63267	1743
1,63333	1648
1,63400	1561
1,63467	1482
1,63533	1409
1,63600	1342
1,63667	1281
1,63733	1225
1,63800	1173
1,63867	1125
1,63933	1081
1,64000	1040
1,64067	1001
1,64133	966
1,64200	932
1,64267	901
1,64333	872
1,64400	845
1,64467	820
1,64533	796
1,64600	773
1,64667	752
1,64733	732
1,64800	714
1,64867	696
1,64933	679
1,65000	663
1,65067	648
1,65133	634
1,65200	620
1,65267	607
1,65333	595
1,65400	582
1,65467	571
1,65533	559
1,65600	549
1,65667	538
1,65733	528
1,65800	519
1,65867	509
1,65933	500
1,66000	492
1,66067	483
1,66133	475
1,66200	467
1,66267	460
1,66333	452
1,66400	445
1,66467	438
1,66533	431
1,66600	424
1,66667	418
1,66733	411
1,66800	405
1,66867	399
1,66933	392
1,67000	386
1,67067	380
1,67133	375
1,67200	369
1,67267	363
1,67333	358
1,67400	352
1,67467	347
1,67533	342
1,67600	337
1,67667	332
1,67733	328
1,67800	323
1,67867	319
1,67933	315
1,68000	310
1,68067	306
1,68133	302
1,68200	298
1,68267	294
1,68333	289
1,68400	285
1,68467	282
1,68533	278
1,68600	274
1,68667	270
1,68733	267
1,68800	263
1,68867	259
1,68933	256
1,69000	252
1,69067	249
1,69133	246
1,69200	242
1,69267	239
1,69333	236
1,69400	233
1,69467	230
1,69533	227
1,69600	224
1,69667	221
1,69733	218
1,69800	215
1,69867	212
1,69933	210
1,70000	207
1,70067	204
1,70133	202
1,70200	200
1,70267	197
1,70333	195
1,70400	192
1,70467	190
1,70533	188
1,70600	185
1,70667	183
1,70733	180
1,70800	178
1,70867	175
1,70933	173
1,71000	170
1,71067	168
1,71133	166
1,71200	163
1,71267	161
1,71333	159
1,71400	157
1,71467	155
1,71533	153
1,71600	151
1,71667	150
1,71733	148
1,71800	146
1,71867	145
1,71933	143
1,72000	142
1,72067	140
1,72133	139
1,72200	138
1,72267	137
1,72333	135
1,72400	134
1,72467	133
1,72533	132
1,72600	131
1,72667	129
1,72733	128
1,72800	127
1,72867	125
1,72933	124
1,73000	123
1,73067	122
1,73133	121
1,73200	119
1,73267	118
1,73333	117
1,73400	116
1,73467	115
1,73533	113
1,73600	112
1,73667	111
1,73733	109
1,73800	108
1,73867	107
1,73933	106
1,74000	105
1,74067	104
1,74133	104
1,74200	103
1,74267	102
1,74333	101
1,74400	101
1,74467	100
1,74533	100
1,74600	99
1,74667	98
1,74733	97
1,74800	97
1,74867	96
1,74933	95
1,75000	95
1,75067	94
1,75133	94
1,75200	93
1,75267	92
1,75333	92
1,75400	91
1,75467	91
1,75533	90
1,75600	89
1,75667	89
1,75733	88
1,75800	88
1,75867	88
1,75933	88
1,76000	88
1,76067	87
1,76133	87
1,76200	87
1,76267	87
1,76333	87
1,76400	87
1,76467	87
1,76533	87
1,76600	87
1,76667	87
1,76733	86
1,76800	86
1,76867	86
1,76933	85
1,77000	84
1,77067	84
1,77133	83
1,77200	82
1,77267	81
1,77333	79
1,77400	78
1,77467	77
1,77533	76
1,77600	74
1,77667	73
1,77733	72
1,77800	71
1,77867	70
1,77933	69
1,78000	68
1,78067	67
1,78133	66
1,78200	65
1,78267	63
1,78333	62
1,78400	61
1,78467	61
1,78533	60
1,78600	59
1,78667	58
1,78733	58
1,78800	57
1,78867	56
1,78933	55
1,79000	54
1,79067	54
1,79133	53
1,79200	52
1,79267	51
1,79333	50
1,79400	50
1,79467	49
1,79533	49
1,79600	48
1,79667	48
1,79733	47
1,79800	47
1,79867	46
1,79933	45
1,80000	45
1,80067	44
1,80133	43
1,80200	43
1,80267	42
1,80333	41
1,80400	41
1,80467	40
1,80533	40
1,80600	39
1,80667	39
1,80733	38
1,80800	38
1,80867	37
1,80933	37
1,81000	36
1,81067	36
1,81133	35
1,81200	35
1,81267	35
1,81333	34
1,81400	34
1,81467	34
1,81533	34
1,81600	33
1,81667	33
1,81733	33
1,81800	34
1,81867	34
1,81933	34
1,82000	34
1,82067	34
1,82133	34
1,82200	34
1,82267	34
1,82333	34
1,82400	34
1,82467	33
1,82533	33
1,82600	32
1,82667	31
1,82733	31
1,82800	30
1,82867	29
1,82933	28
1,83000	28
1,83067	27
1,83133	27
1,83200	26
1,83267	26
1,83333	26
1,83400	25
1,83467	25
1,83533	24
1,83600	24
1,83667	23
1,83733	23
1,83800	22
1,83867	21
1,83933	21
1,84000	20
1,84067	20
1,84133	20
1,84200	19
1,84267	19
1,84333	19
1,84400	18
1,84467	18
1,84533	17
1,84600	17
1,84667	16
1,84733	16
1,84800	16
1,84867	15
1,84933	15
1,85000	15
1,85067	15
1,85133	15
1,85200	15
1,85267	15
1,85333	15
1,85400	15
1,85467	14
1,85533	14
1,85600	14
1,85667	14
1,85733	13
1,85800	13
1,85867	13
1,85933	13
1,86000	14
1,86067	15
1,86133	17
1,86200	21
1,86267	29
1,86333	43
1,86400	68
1,86467	111
1,86533	185
1,86600	304
1,86667	493
1,86733	779
1,86800	1196
1,86867	1780
1,86933	2568
1,87000	3596
1,87067	4900
1,87133	6516
1,87200	8475
1,87267	10801
1,87333	13517
1,87400	16638
1,87467	20178
1,87533	24146
1,87600	28547
1,87667	33387
1,87733	38666
1,87800	44378
1,87867	50516
1,87933	57073
1,88000	64034
1,88067	71384
1,88133	79103
1,88200	87162
1,88267	95520
1,88333	104128
1,88400	112936
1,88467	121875
1,88533	130835
1,88600	139656
1,88667	148132
1,88733	155992
1,88800	162936
1,88867	168663
1,88933	172928
1,89000	175580
1,89067	176587
1,89133	176012
1,89200	173991
1,89267	170705
1,89333	166353
1,89400	161135
1,89467	155241
1,89533	148843
1,89600	142094
1,89667	135127
1,89733	128054
1,89800	120970
1,89867	113953
1,89933	107065
1,90000	100356
1,90067	93864
1,90133	87618
1,90200	81638
1,90267	75938
1,90333	70526
1,90400	65405
1,90467	60575
1,90533	56031
1,90600	51767
1,90667	47776
1,90733	44048
1,90800	40572
1,90867	37336
1,90933	34330
1,91000	31541
1,91067	28958
1,91133	26567
1,91200	24359
1,91267	22320
1,91333	20441
1,91400	18710
1,91467	17118
1,91533	15654
1,91600	14309
1,91667	13075
1,91733	11943
1,91800	10906
1,91867	9956
1,91933	9087
1,92000	8293
1,92067	7566
1,92133	6902
1,92200	6296
1,92267	5743
1,92333	5238
1,92400	4778
1,92467	4359
1,92533	3977
1,92600	3629
1,92667	3312
1,92733	3024
1,92800	2762
1,92867	2523
1,92933	2305
1,93000	2108
1,93067	1928
1,93133	1764
1,93200	1616
1,93267	1480
1,93333	1358
1,93400	1246
1,93467	1145
1,93533	1053
1,93600	970
1,93667	894
1,93733	825
1,93800	762
1,93867	705
1,93933	653
1,94000	606
1,94067	563
1,94133	524
1,94200	489
1,94267	457
1,94333	427
1,94400	400
1,94467	376
1,94533	354
1,94600	333
1,94667	314
1,94733	297
1,94800	281
1,94867	267
1,94933	253
1,95000	241
1,95067	230
1,95133	220
1,95200	210
1,95267	201
1,95333	192
1,95400	184
1,95467	177
1,95533	170
1,95600	163
1,95667	157
1,95733	151
1,95800	146
1,95867	141
1,95933	136
1,96000	131
1,96067	127
1,96133	123
1,96200	119
1,96267	115
1,96333	111
1,96400	108
1,96467	104
1,96533	101
1,96600	98
1,96667	96
1,96733	93
1,96800	90
1,96867	88
1,96933	86
1,97000	84
1,97067	82
1,97133	80
1,97200	78
1,97267	76
1,97333	74
1,97400	72
1,97467	71
1,97533	69
1,97600	68
1,97667	66
1,97733	65
1,97800	63
1,97867	62
1,97933	61
1,98000	60
1,98067	59
1,98133	57
1,98200	56
1,98267	55
1,98333	55
1,98400	53
1,98467	52
1,98533	51
1,98600	50
1,98667	49
1,98733	48
1,98800	47
1,98867	46
1,98933	45
1,99000	44
1,99067	44
1,99133	43
1,99200	42
1,99267	41
1,99333	41
1,99400	40
1,99467	39
1,99533	38
1,99600	37
1,99667	37
1,99733	36
1,99800	36
1,99867	35
1,99933	34
2,00000	34
2,00067	33
2,00133	33
2,00200	32
2,00267	32
2,00333	31
2,00400	31
2,00467	30
2,00533	29
2,00600	29
2,00667	28
2,00733	28
2,00800	27
2,00867	27
2,00933	26
2,01000	26
2,01067	25
2,01133	25
2,01200	25
2,01267	24
2,01333	24
2,01400	24
2,01467	23
2,01533	23
2,01600	22
2,01667	21
2,01733	20
2,01800	20
2,01867	19
2,01933	18
2,02000	18
2,02067	17
2,02133	17
2,02200	16
2,02267	16
2,02333	15
2,02400	15
2,02467	14
2,02533	14
2,02600	13
2,02667	12
2,02733	12
2,02800	11
2,02867	10
2,02933	10
2,03000	9
2,03067	9
2,03133	9
2,03200	8
2,03267	8
2,03333	7
2,03400	7
2,03467	6
2,03533	6
2,03600	6
2,03667	6
2,03733	6
2,03800	5
2,03867	5
2,03933	5
2,04000	5
2,04067	4
2,04133	4
2,04200	4
2,04267	3
2,04333	3
2,04400	3
2,04467	2
2,04533	2
2,04600	2
2,04667	2
2,04733	2
2,04800	1
2,04867	1
2,04933	1
2,05000	1
2,05067	1
2,05133	1
2,05200	1
2,05267	1
2,05333	1
2,05400	2
2,05467	2
2,05533	2
2,05600	2
2,05667	3
2,05733	3
2,05800	2
2,05867	2
2,05933	2
2,06000	2
2,06067	1
2,06133	1
2,06200	1
2,06267	0
2,06333	-0
2,06400	-0
2,06467	-1
2,06533	-1
2,06600	-1
2,06667	-1
2,06733	-1
2,06800	-1
2,06867	-2
2,06933	-2
2,07000	-2
2,07067	-2
2,07133	-2
2,07200	-2
2,07267	-2
2,07333	-3
2,07400	-3
2,07467	-3
2,07533	-3
2,07600	-3
2,07667	-3
2,07733	-3
2,07800	-3
2,07867	-3
2,07933	-4
2,08000	-4
2,08067	-4
2,08133	-5
2,08200	-5
2,08267	-6
2,08333	-6
2,08400	-7
2,08467	-7
2,08533	-8
2,08600	-8
2,08667	-9
2,08733	-9
2,08800	-10
2,08867	-10
2,08933	-11
2,09000	-11
2,09067	-11
2,09133	-11
2,09200	-12
2,09267	-12
2,09333	-12
2,09400	-12
2,09467	-13
2,09533	-13
2,09600	-13
2,09667	-13
2,09733	-13
2,09800	-13
2,09867	-13
2,09933	-13
2,10000	-13
2,10067	-13
2,10133	-13
2,10200	-13
2,10267	-13
2,10333	-13
2,10400	-13
2,10467	-13
2,10533	-13
2,10600	-13
2,10667	-13
2,10733	-14
2,10800	-14
2,10867	-14
2,10933	-14
2,11000	-14
2,11067	-14
2,11133	-14
2,11200	-15
2,11267	-15
2,11333	-15
2,11400	-15
2,11467	-15
2,11533	-15
2,11600	-15
2,11667	-14
2,11733	-14
2,11800	-14
2,11867	-14
2,11933	-14
2,12000	-14
2,12067	-13
2,12133	-14
2,12200	-14
2,12267	-14
2,12333	-14
2,12400	-14
2,12467	-15
2,12533	-15
2,12600	-15
2,12667	-15
2,12733	-16
2,12800	-16
2,12867	-16
2,12933	-16
2,13000	-16
2,13067	-17
2,13133	-17
2,13200	-17
2,13267	-17
2,13333	-18
2,13400	-18
2,13467	-18
2,13533	-18
2,13600	-19
2,13667	-19
2,13733	-19
2,13800	-20
2,13867	-20
2,13933	-20
2,14000	-20
2,14067	-20
2,14133	-20
2,14200	-20
2,14267	-20
2,14333	-20
2,14400	-20
2,14467	-20
2,14533	-20
2,14600	-20
2,14667	-20
2,14733	-20
2,14800	-19
2,14867	-19
2,14933	-19
2,15000	-18
2,15067	-18
2,15133	-17
2,15200	-17
2,15267	-16
2,15333	-16
2,15400	-16
2,15467	-16
2,15533	-16
2,15600	-16
2,15667	-15
2,15733	-15
2,15800	-15
2,15867	-16
2,15933	-16
2,16000	-16
2,16067	-16
2,16133	-17
2,16200	-17
2,16267	-17
2,16333	-17
2,16400	-18
2,16467	-18
2,16533	-18
2,16600	-18
2,16667	-19
2,16733	-19
2,16800	-20
2,16867	-20
2,16933	-20
2,17000	-21
2,17067	-21
2,17133	-21
2,17200	-22
2,17267	-22
2,17333	-23
2,17400	-23
2,17467	-23
2,17533	-23
2,17600	-23
2,17667	-24
2,17733	-24
2,17800	-24
2,17867	-24
2,17933	-24
2,18000	-24
2,18067	-24
2,18133	-24
2,18200	-24
2,18267	-24
2,18333	-25
2,18400	-25
2,18467	-25
2,18533	-25
2,18600	-26
2,18667	-26
2,18733	-26
2,18800	-27
2,18867	-27
2,18933	-27
2,19000	-27
2,19067	-28
2,19133	-28
2,19200	-28
2,19267	-27
2,19333	-27
2,19400	-27
2,19467	-27
2,19533	-27
2,19600	-27
2,19667	-27
2,19733	-26
2,19800	-26
2,19867	-26
2,19933	-26
2,20000	-26
2,20067	-26
2,20133	-26
2,20200	-26
2,20267	-26
2,20333	-26
2,20400	-26
2,20467	-25
2,20533	-25
2,20600	-25
2,20667	-25
2,20733	-26
2,20800	-26
2,20867	-26
2,20933	-27
2,21000	-27
2,21067	-27
2,21133	-27
2,21200	-28
2,21267	-28
2,21333	-28
2,21400	-28
2,21467	-28
2,21533	-28
2,21600	-28
2,21667	-28
2,21733	-28
2,21800	-28
2,21867	-28
2,21933	-28
2,22000	-28
2,22067	-28
2,22133	-28
2,22200	-28
2,22267	-28
2,22333	-28
2,22400	-28
2,22467	-27
2,22533	-27
2,22600	-27
2,22667	-27
2,22733	-27
2,22800	-27
2,22867	-27
2,22933	-27
2,23000	-27
2,23067	-27
2,23133	-27
2,23200	-27
2,23267	-28
2,23333	-28
2,23400	-28
2,23467	-28
2,23533	-28
2,23600	-28
2,23667	-28
2,23733	-29
2,23800	-29
2,23867	-29
2,23933	-29
2,24000	-29
2,24067	-30
2,24133	-30
2,24200	-30
2,24267	-30
2,24333	-30
2,24400	-30
2,24467	-30
2,24533	-30
2,24600	-30
2,24667	-29
2,24733	-29
2,24800	-29
2,24867	-29
2,24933	-28
2,25000	-28
2,25067	-28
2,25133	-28
2,25200	-27
2,25267	-27
2,25333	-27
2,25400	-27
2,25467	-26
2,25533	-26
2,25600	-26
2,25667	-25
2,25733	-25
2,25800	-25
2,25867	-24
2,25933	-24
2,26000	-23
2,26067	-23
2,26133	-23
2,26200	-23
2,26267	-22
2,26333	-22
2,26400	-21
2,26467	-21
2,26533	-20
2,26600	-19
2,26667	-19
2,26733	-18
2,26800	-18
2,26867	-17
2,26933	-16
2,27000	-16
2,27067	-15
2,27133	-15
2,27200	-14
2,27267	-14
2,27333	-14
2,27400	-13
2,27467	-13
2,27533	-13
2,27600	-12
2,27667	-12
2,27733	-11
2,27800	-11
2,27867	-10
2,27933	-10
2,28000	-9
2,28067	-8
2,28133	-8
2,28200	-7
2,28267	-6
2,28333	-6
2,28400	-6
2,28467	-5
2,28533	-5
2,28600	-5
2,28667	-5
2,28733	-5
2,28800	-5
2,28867	-5
2,28933	-5
2,29000	-4
2,29067	-4
2,29133	-4
2,29200	-4
2,29267	-4
2,29333	-4
2,29400	-4
2,29467	-4
2,29533	-4
2,29600	-4
2,29667	-4
2,29733	-4
2,29800	-4
2,29867	-4
2,29933	-4
2,30000	-4
2,30067	-4
2,30133	-4
2,30200	-4
2,30267	-4
2,30333	-4
2,30400	-4
2,30467	-4
2,30533	-5
2,30600	-5
2,30667	-5
2,30733	-6
2,30800	-6
2,30867	-7
2,30933	-7
2,31000	-7
2,31067	-7
2,31133	-7
2,31200	-7
2,31267	-7
2,31333	-7
2,31400	-8
2,31467	-8
2,31533	-8
2,31600	-8
2,31667	-8
2,31733	-8
2,31800	-8
2,31867	-8
2,31933	-8
2,32000	-8
2,32067	-8
2,32133	-9
2,32200	-9
2,32267	-9
2,32333	-9
2,32400	-9
2,32467	-9
2,32533	-10
2,32600	-10
2,32667	-10
2,32733	-11
2,32800	-11
2,32867	-11
2,32933	-11
2,33000	-11
2,33067	-11
2,33133	-11
2,33200	-11
2,33267	-10
2,33333	-10
2,33400	-10
2,33467	-10
2,33533	-10
2,33600	-10
2,33667	-10
2,33733	-10
2,33800	-10
2,33867	-10
2,33933	-10
2,34000	-10
2,34067	-10
2,34133	-10
2,34200	-10
2,34267	-10
2,34333	-10
2,34400	-9
2,34467	-9
2,34533	-9
2,34600	-9
2,34667	-9
2,34733	-9
2,34800	-10
2,34867	-10
2,34933	-10
2,35000	-10
2,35067	-11
2,35133	-11
2,35200	-11
2,35267	-11
2,35333	-11
2,35400	-11
2,35467	-11
2,35533	-11
2,35600	-10
2,35667	-10
2,35733	-10
2,35800	-10
2,35867	-10
2,35933	-10
2,36000	-10
2,36067	-10
2,36133	-10
2,36200	-10
2,36267	-10
2,36333	-9
2,36400	-9
2,36467	-9
2,36533	-8
2,36600	-8
2,36667	-7
2,36733	-7
2,36800	-6
2,36867	-6
2,36933	-6
2,37000	-5
2,37067	-5
2,37133	-5
2,37200	-4
2,37267	-4
2,37333	-4
2,37400	-4
2,37467	-3
2,37533	-3
2,37600	-3
2,37667	-3
2,37733	-3
2,37800	-3
2,37867	-3
2,37933	-3
2,38000	-3
2,38067	-3
2,38133	-3
2,38200	-3
2,38267	-3
2,38333	-4
2,38400	-4
2,38467	-4
2,38533	-5
2,38600	-5
2,38667	-5
2,38733	-5
2,38800	-6
2,38867	-6
2,38933	-6
2,39000	-6
2,39067	-7
2,39133	-7
2,39200	-7
2,39267	-7
2,39333	-7
2,39400	-7
2,39467	-7
2,39533	-7
2,39600	-7
2,39667	-8
2,39733	-8
2,39800	-8
2,39867	-8
2,39933	-8
2,40000	-8
2,40067	-8
2,40133	-7
2,40200	-7
2,40267	-7
2,40333	-7
2,40400	-7
2,40467	-8
2,40533	-8
2,40600	-8
2,40667	-8
2,40733	-9
2,40800	-9
2,40867	-9
2,40933	-9
2,41000	-10
2,41067	-10
2,41133	-10
2,41200	-10
2,41267	-10
2,41333	-10
2,41400	-10
2,41467	-10
2,41533	-10
2,41600	-10
2,41667	-10
2,41733	-10
2,41800	-10
2,41867	-10
2,41933	-10
2,42000	-10
2,42067	-10
2,42133	-10
2,42200	-10
2,42267	-10
2,42333	-9
2,42400	-9
2,42467	-9
2,42533	-9
2,42600	-9
2,42667	-9
2,42733	-9
2,42800	-8
2,42867	-8
2,42933	-8
2,43000	-8
2,43067	-8
2,43133	-7
2,43200	-7
2,43267	-8
2,43333	-8
2,43400	-8
2,43467	-8
2,43533	-8
2,43600	-9
2,43667	-9
2,43733	-9
2,43800	-9
2,43867	-9
2,43933	-9
2,44000	-9
2,44067	-9
2,44133	-9
2,44200	-9
2,44267	-9
2,44333	-9
2,44400	-9
2,44467	-9
2,44533	-9
2,44600	-9
2,44667	-9
2,44733	-9
2,44800	-9
2,44867	-9
2,44933	-9
2,45000	-9
2,45067	-9
2,45133	-8
2,45200	-8
2,45267	-8
2,45333	-8
2,45400	-8
2,45467	-8
2,45533	-8
2,45600	-8
2,45667	-8
2,45733	-8
2,45800	-8
2,45867	-9
2,45933	-9
2,46000	-9
2,46067	-9
2,46133	-9
2,46200	-9
2,46267	-9
2,46333	-9
2,46400	-9
2,46467	-9
2,46533	-9
2,46600	-9
2,46667	-9
2,46733	-9
2,46800	-8
2,46867	-8
2,46933	-8
2,47000	-8
2,47067	-8
2,47133	-8
2,47200	-8
2,47267	-8
2,47333	-8
2,47400	-8
2,47467	-8
2,47533	-8
2,47600	-7
2,47667	-7
2,47733	-7
2,47800	-7
2,47867	-7
2,47933	-7
2,48000	-7
2,48067	-7
2,48133	-7
2,48200	-7
2,48267	-7
2,48333	-7
2,48400	-7
2,48467	-6
2,48533	-6
2,48600	-6
2,48667	-6
2,48733	-6
2,48800	-6
2,48867	-6
2,48933	-5
2,49000	-5
2,49067	-5
2,49133	-5
2,49200	-5
2,49267	-5
2,49333	-5
2,49400	-6
2,49467	-6
2,49533	-6
2,49600	-6
2,49667	-7
2,49733	-7
2,49800	-8
2,49867	-8
2,49933	-9
2,50000	-9
2,50067	-9
2,50133	-9
2,50200	-9
2,50267	-9
2,50333	-9
2,50400	-9
2,50467	-9
2,50533	-8
2,50600	-8
2,50667	-8
2,50733	-7
2,50800	-7
2,50867	-6
2,50933	-6
2,51000	-5
2,51067	-4
2,51133	-2
2,51200	-0
2,51267	2
2,51333	5
2,51400	8
2,51467	12
2,51533	16
2,51600	22
2,51667	29
2,51733	36
2,51800	45
2,51867	55
2,51933	66
2,52000	78
2,52067	91
2,52133	104
2,52200	119
2,52267	133
2,52333	149
2,52400	164
2,52467	179
2,52533	194
2,52600	208
2,52667	221
2,52733	233
2,52800	244
2,52867	253
2,52933	261
2,53000	267
2,53067	271
2,53133	274
2,53200	275
2,53267	274
2,53333	272
2,53400	268
2,53467	263
2,53533	257
2,53600	250
2,53667	242
2,53733	234
2,53800	224
2,53867	214
2,53933	204
2,54000	194
2,54067	184
2,54133	174
2,54200	165
2,54267	155
2,54333	146
2,54400	137
2,54467	128
2,54533	120
2,54600	112
2,54667	104
2,54733	97
2,54800	90
2,54867	84
2,54933	78
2,55000	72
2,55067	66
2,55133	61
2,55200	56
2,55267	52
2,55333	48
2,55400	44
2,55467	41
2,55533	38
2,55600	35
2,55667	32
2,55733	29
2,55800	26
2,55867	24
2,55933	22
2,56000	19
2,56067	17
2,56133	15
2,56200	14
2,56267	12
2,56333	11
2,56400	10
2,56467	9
2,56533	7
2,56600	6
2,56667	6
2,56733	5
2,56800	4
2,56867	3
2,56933	3
2,57000	2
2,57067	2
2,57133	1
2,57200	0
2,57267	-0
2,57333	-1
2,57400	-1
2,57467	-2
2,57533	-2
2,57600	-2
2,57667	-2
2,57733	-2
2,57800	-2
2,57867	-2
2,57933	-2
2,58000	-2
2,58067	-2
2,58133	-2
2,58200	-2
2,58267	-2
2,58333	-2
2,58400	-2
2,58467	-2
2,58533	-2
2,58600	-1
2,58667	-1
2,58733	-1
2,58800	-0
2,58867	0
2,58933	0
2,59000	1
2,59067	1
2,59133	1
2,59200	2
2,59267	2
2,59333	3
2,59400	3
2,59467	4
2,59533	5
2,59600	6
2,59667	7
2,59733	8
2,59800	9
2,59867	10
2,59933	11
2,60000	12
2,60067	13
2,60133	14
2,60200	15
2,60267	17
2,60333	18
2,60400	20
2,60467	22
2,60533	24
2,60600	25
2,60667	27
2,60733	29
2,60800	32
2,60867	34
2,60933	36
2,61000	39
2,61067	41
2,61133	43
2,61200	45
2,61267	47
2,61333	49
2,61400	51
2,61467	53
2,61533	55
2,61600	57
2,61667	59
2,61733	60
2,61800	62
2,61867	64
2,61933	65
2,62000	66
2,62067	68
2,62133	69
2,62200	70
2,62267	71
2,62333	71
2,62400	72
2,62467	73
2,62533	73
2,62600	74
2,62667	75
2,62733	75
2,62800	75
2,62867	76
2,62933	76
2,63000	77
2,63067	77
2,63133	78
2,63200	78
2,63267	78
2,63333	78
2,63400	78
2,63467	78
2,63533	78
2,63600	77
2,63667	77
2,63733	77
2,63800	76
2,63867	76
2,63933	76
2,64000	75
2,64067	75
2,64133	75
2,64200	74
2,64267	74
2,64333	74
2,64400	73
2,64467	73
2,64533	72
2,64600	71
2,64667	71
2,64733	70
2,64800	70
2,64867	69
2,64933	68
2,65000	68
2,65067	67
2,65133	67
2,65200	67
2,65267	66
2,65333	66
2,65400	65
2,65467	64
2,65533	64
2,65600	63
2,65667	62
2,65733	61
2,65800	61
2,65867	60
2,65933	59
2,66000	58
2,66067	57
2,66133	57
2,66200	56
2,66267	55
2,66333	55
2,66400	54
2,66467	54
2,66533	54
2,66600	53
2,66667	53
2,66733	53
2,66800	52
2,66867	52
2,66933	52
2,67000	51
2,67067	51
2,67133	51
2,67200	51
2,67267	50
2,67333	50
2,67400	50
2,67467	50
2,67533	50
2,67600	50
2,67667	50
2,67733	51
2,67800	51
2,67867	51
2,67933	51
2,68000	51
2,68067	51
2,68133	51
2,68200	51
2,68267	51
2,68333	51
2,68400	51
2,68467	51
2,68533	51
2,68600	52
2,68667	52
2,68733	52
2,68800	52
2,68867	52
2,68933	52
2,69000	52
2,69067	52
2,69133	52
2,69200	52
2,69267	52
2,69333	52
2,69400	52
2,69467	52
2,69533	52
2,69600	51
2,69667	51
2,69733	51
2,69800	50
2,69867	50
2,69933	50
2,70000	49
2,70067	49
2,70133	48
2,70200	48
2,70267	47
2,70333	47
2,70400	47
2,70467	46
2,70533	46
2,70600	45
2,70667	44
2,70733	44
2,70800	43
2,70867	43
2,70933	42
2,71000	42
2,71067	41
2,71133	41
2,71200	40
2,71267	40
2,71333	39
2,71400	38
2,71467	38
2,71533	37
2,71600	37
2,71667	37
2,71733	36
2,71800	36
2,71867	35
2,71933	35
2,72000	34
2,72067	34
2,72133	33
2,72200	32
2,72267	31
2,72333	31
2,72400	30
2,72467	29
2,72533	29
2,72600	28
2,72667	28
2,72733	28
2,72800	27
2,72867	27
2,72933	26
2,73000	26
2,73067	25
2,73133	25
2,73200	25
2,73267	25
2,73333	24
2,73400	24
2,73467	24
2,73533	24
2,73600	23
2,73667	23
2,73733	23
2,73800	23
2,73867	23
2,73933	23
2,74000	23
2,74067	23
2,74133	23
2,74200	23
2,74267	22
2,74333	22
2,74400	22
2,74467	22
2,74533	22
2,74600	22
2,74667	21
2,74733	21
2,74800	21
2,74867	21
2,74933	21
2,75000	20
2,75067	20
2,75133	20
2,75200	20
2,75267	20
2,75333	19
2,75400	19
2,75467	19
2,75533	18
2,75600	18
2,75667	18
2,75733	17
2,75800	17
2,75867	17
2,75933	16
2,76000	16
2,76067	16
2,76133	15
2,76200	15
2,76267	15
2,76333	14
2,76400	14
2,76467	14
2,76533	14
2,76600	13
2,76667	13
2,76733	13
2,76800	13
2,76867	13
2,76933	12
2,77000	12
2,77067	12
2,77133	12
2,77200	11
2,77267	11
2,77333	11
2,77400	11
2,77467	11
2,77533	11
2,77600	11
2,77667	10
2,77733	10
2,77800	10
2,77867	10
2,77933	10
2,78000	10
2,78067	10
2,78133	10
2,78200	10
2,78267	10
2,78333	10
2,78400	10
2,78467	9
2,78533	9
2,78600	9
2,78667	9
2,78733	8
2,78800	8
2,78867	8
2,78933	8
2,79000	8
2,79067	7
2,79133	7
2,79200	7
2,79267	7
2,79333	7
2,79400	8
2,79467	8
2,79533	8
2,79600	8
2,79667	8
2,79733	8
2,79800	9
2,79867	9
2,79933	9
2,80000	9
2,80067	9
2,80133	8
2,80200	8
2,80267	8
2,80333	8
2,80400	8
2,80467	8
2,80533	8
2,80600	8
2,80667	8
2,80733	8
2,80800	8
2,80867	8
2,80933	8
2,81000	8
2,81067	8
2,81133	9
2,81200	9
2,81267	9
2,81333	10
2,81400	10
2,81467	11
2,81533	11
2,81600	11
2,81667	11
2,81733	12
2,81800	12
2,81867	12
2,81933	12
2,82000	13
2,82067	13
2,82133	13
2,82200	14
2,82267	14
2,82333	14
2,82400	14
2,82467	14
2,82533	14
2,82600	15
2,82667	15
2,82733	15
2,82800	14
2,82867	14
2,82933	14
2,83000	14
2,83067	14
2,83133	14
2,83200	14
2,83267	13
2,83333	13
2,83400	13
2,83467	12
2,83533	12
2,83600	11
2,83667	11
2,83733	10
2,83800	10
2,83867	9
2,83933	9
2,84000	8
2,84067	8
2,84133	7
2,84200	7
2,84267	7
2,84333	6
2,84400	6
2,84467	6
2,84533	6
2,84600	6
2,84667	6
2,84733	6
2,84800	6
2,84867	7
2,84933	7
2,85000	7
2,85067	7
2,85133	6
2,85200	6
2,85267	6
2,85333	6
2,85400	6
2,85467	6
2,85533	6
2,85600	6
2,85667	6
2,85733	6
2,85800	6
2,85867	6
2,85933	6
2,86000	6
2,86067	5
2,86133	5
2,86200	5
2,86267	5
2,86333	5
2,86400	5
2,86467	5
2,86533	5
2,86600	6
2,86667	6
2,86733	6
2,86800	7
2,86867	7
2,86933	7
2,87000	7
2,87067	7
2,87133	8
2,87200	8
2,87267	9
2,87333	9
2,87400	10
2,87467	10
2,87533	10
2,87600	11
2,87667	11
2,87733	12
2,87800	12
2,87867	13
2,87933	13
2,88000	13
2,88067	14
2,88133	14
2,88200	14
2,88267	15
2,88333	15
2,88400	15
2,88467	15
2,88533	16
2,88600	16
2,88667	16
2,88733	16
2,88800	16
2,88867	17
2,88933	17
2,89000	17
2,89067	17
2,89133	18
2,89200	18
2,89267	18
2,89333	18
2,89400	18
2,89467	18
2,89533	18
2,89600	18
2,89667	18
2,89733	18
2,89800	18
2,89867	18
2,89933	19
2,90000	19
2,90067	19
2,90133	19
2,90200	19
2,90267	19
2,90333	19
2,90400	19
2,90467	19
2,90533	19
2,90600	19
2,90667	19
2,90733	20
2,90800	20
2,90867	20
2,90933	20
2,91000	19
2,91067	19
2,91133	19
2,91200	19
2,91267	19
2,91333	19
2,91400	18
2,91467	18
2,91533	18
2,91600	18
2,91667	18
2,91733	18
2,91800	18
2,91867	18
2,91933	18
2,92000	19
2,92067	19
2,92133	18
2,92200	18
2,92267	18
2,92333	18
2,92400	18
2,92467	18
2,92533	18
2,92600	18
2,92667	18
2,92733	18
2,92800	18
2,92867	18
2,92933	19
2,93000	19
2,93067	19
2,93133	19
2,93200	19
2,93267	19
2,93333	19
2,93400	19
2,93467	19
2,93533	19
2,93600	19
2,93667	19
2,93733	19
2,93800	18
2,93867	18
2,93933	18
2,94000	18
2,94067	18
2,94133	17
2,94200	17
2,94267	17
2,94333	17
2,94400	17
2,94467	17
2,94533	17
2,94600	17
2,94667	17
2,94733	17
2,94800	16
2,94867	16
2,94933	16
2,95000	16
2,95067	16
2,95133	15
2,95200	15
2,95267	15
2,95333	15
2,95400	15
2,95467	15
2,95533	15
2,95600	15
2,95667	15
2,95733	15
2,95800	15
2,95867	15
2,95933	15
2,96000	15
2,96067	15
2,96133	15
2,96200	15
2,96267	15
2,96333	15
2,96400	15
2,96467	15
2,96533	15
2,96600	15
2,96667	15
2,96733	15
2,96800	14
2,96867	14
2,96933	14
2,97000	14
2,97067	13
2,97133	13
2,97200	13
2,97267	12
2,97333	12
2,97400	12
2,97467	12
2,97533	12
2,97600	11
2,97667	11
2,97733	11
2,97800	11
2,97867	11
2,97933	10
2,98000	10
2,98067	10
2,98133	10
2,98200	10
2,98267	9
2,98333	9
2,98400	9
2,98467	9
2,98533	9
2,98600	9
2,98667	9
2,98733	9
2,98800	9
2,98867	8
2,98933	8
2,99000	8
2,99067	8
2,99133	7
2,99200	7
2,99267	7
2,99333	7
2,99400	7
2,99467	6
2,99533	6
2,99600	6
2,99667	6
2,99733	6
2,99800	5
2,99867	5
2,99933	5
3,00000	5
3,00067	4
3,00133	4
3,00200	4
3,00267	3
3,00333	3
3,00400	3
3,00467	3
3,00533	3
3,00600	3
3,00667	2
3,00733	2
3,00800	2
3,00867	2
3,00933	1
3,01000	1
3,01067	1
3,01133	1
3,01200	2
3,01267	2
3,01333	2
3,01400	2
3,01467	3
3,01533	3
3,01600	3
3,01667	3
3,01733	3
3,01800	3
3,01867	3
3,01933	3
3,02000	3
3,02067	4
3,02133	4
3,02200	4
3,02267	4
3,02333	4
3,02400	4
3,02467	4
3,02533	4
3,02600	4
3,02667	4
3,02733	4
3,02800	4
3,02867	4
3,02933	4
3,03000	4
3,03067	3
3,03133	3
3,03200	3
3,03267	3
3,03333	3
3,03400	2
3,03467	2
3,03533	2
3,03600	2
3,03667	2
3,03733	2
3,03800	2
3,03867	2
3,03933	2
3,04000	2
3,04067	2
3,04133	1
3,04200	1
3,04267	1
3,04333	1
3,04400	1
3,04467	2
3,04533	2
3,04600	2
3,04667	2
3,04733	2
3,04800	2
3,04867	2
3,04933	2
3,05000	2
3,05067	2
3,05133	2
3,05200	2
3,05267	2
3,05333	2
3,05400	2
3,05467	2
3,05533	2
3,05600	2
3,05667	2
3,05733	2
3,05800	3
3,05867	3
3,05933	3
3,06000	4
3,06067	4
3,06133	4
3,06200	4
3,06267	4
3,06333	4
3,06400	5
3,06467	5
3,06533	5
3,06600	5
3,06667	5
3,06733	6
3,06800	6
3,06867	6
3,06933	6
3,07000	6
3,07067	7
3,07133	7
3,07200	7
3,07267	7
3,07333	7
3,07400	7
3,07467	7
3,07533	7
3,07600	7
3,07667	6
3,07733	6
3,07800	7
3,07867	7
3,07933	7
3,08000	7
3,08067	7
3,08133	7
3,08200	7
3,08267	7
3,08333	7
3,08400	7
3,08467	6
3,08533	6
3,08600	6
3,08667	6
3,08733	5
3,08800	5
3,08867	5
3,08933	5
3,09000	5
3,09067	5
3,09133	4
3,09200	4
3,09267	4
3,09333	3
3,09400	3
3,09467	3
3,09533	2
3,09600	2
3,09667	2
3,09733	2
3,09800	2
3,09867	2
3,09933	2
3,10000	2
3,10067	2
3,10133	2
3,10200	2
3,10267	2
3,10333	3
3,10400	3
3,10467	3
3,10533	3
3,10600	3
3,10667	3
3,10733	4
3,10800	4
3,10867	4
3,10933	4
3,11000	4
3,11067	4
3,11133	4
3,11200	4
3,11267	4
3,11333	4
3,11400	5
3,11467	5
3,11533	5
3,11600	5
3,11667	5
3,11733	5
3,11800	5
3,11867	5
3,11933	5
3,12000	5
3,12067	5
3,12133	4
3,12200	4
3,12267	4
3,12333	4
3,12400	4
3,12467	4
3,12533	4
3,12600	4
3,12667	3
3,12733	3
3,12800	3
3,12867	3
3,12933	3
3,13000	2
3,13067	2
3,13133	2
3,13200	2
3,13267	2
3,13333	2
3,13400	2
3,13467	2
3,13533	2
3,13600	2
3,13667	2
3,13733	2
3,13800	2
3,13867	2
3,13933	3
3,14000	3
3,14067	3
3,14133	3
3,14200	4
3,14267	4
3,14333	4
3,14400	5
3,14467	5
3,14533	5
3,14600	5
3,14667	5
3,14733	5
3,14800	5
3,14867	5
3,14933	5
3,15000	5
3,15067	5
3,15133	4
3,15200	4
3,15267	4
3,15333	4
3,15400	4
3,15467	4
3,15533	4
3,15600	4
3,15667	4
3,15733	3
3,15800	3
3,15867	3
3,15933	3
3,16000	2
3,16067	2
3,16133	2
3,16200	2
3,16267	2
3,16333	2
3,16400	2
3,16467	3
3,16533	3
3,16600	4
3,16667	4
3,16733	4
3,16800	4
3,16867	4
3,16933	4
3,17000	4
3,17067	4
3,17133	4
3,17200	4
3,17267	4
3,17333	4
3,17400	4
3,17467	4
3,17533	4
3,17600	4
3,17667	4
3,17733	4
3,17800	4
3,17867	4
3,17933	4
3,18000	4
3,18067	3
3,18133	3
3,18200	3
3,18267	3
3,18333	3
3,18400	2
3,18467	2
3,18533	2
3,18600	2
3,18667	1
3,18733	1
3,18800	1
3,18867	1
3,18933	1
3,19000	1
3,19067	1
3,19133	1
3,19200	2
3,19267	2
3,19333	2
3,19400	2
3,19467	2
3,19533	2
3,19600	2
3,19667	2
3,19733	2
3,19800	2
3,19867	2
3,19933	1
3,20000	1
3,20067	1
3,20133	1
3,20200	1
3,20267	0
3,20333	0
3,20400	0
3,20467	0
3,20533	0
3,20600	0
3,20667	0
3,20733	0
3,20800	0
3,20867	1
3,20933	1
3,21000	1
3,21067	1
3,21133	1
3,21200	1
3,21267	1
3,21333	1
3,21400	1
3,21467	1
3,21533	2
3,21600	2
3,21667	2
3,21733	2
3,21800	2
3,21867	2
3,21933	1
3,22000	1
3,22067	1
3,22133	1
3,22200	1
3,22267	1
3,22333	1
3,22400	1
3,22467	2
3,22533	2
3,22600	2
3,22667	2
3,22733	2
3,22800	2
3,22867	2
3,22933	2
3,23000	2
3,23067	2
3,23133	2
3,23200	2
3,23267	2
3,23333	2
3,23400	2
3,23467	1
3,23533	1
3,23600	1
3,23667	1
3,23733	1
3,23800	1
3,23867	1
3,23933	1
3,24000	1
3,24067	1
3,24133	1
3,24200	1
3,24267	1
3,24333	1
3,24400	1
3,24467	1
3,24533	1
3,24600	1
3,24667	1
3,24733	1
3,24800	1
3,24867	2
3,24933	2
3,25000	2
3,25067	2
3,25133	2
3,25200	2
3,25267	2
3,25333	2
3,25400	2
3,25467	2
3,25533	2
3,25600	2
3,25667	2
3,25733	2
3,25800	2
3,25867	2
3,25933	2
3,26000	2
3,26067	2
3,26133	2
3,26200	2
3,26267	2
3,26333	2
3,26400	2
3,26467	2
3,26533	2
3,26600	2
3,26667	2
3,26733	2
3,26800	1
3,26867	1
3,26933	1
3,27000	1
3,27067	2
3,27133	2
3,27200	2
3,27267	2
3,27333	2
3,27400	2
3,27467	2
3,27533	2
3,27600	2
3,27667	2
3,27733	2
3,27800	2
3,27867	1
3,27933	1
3,28000	1
3,28067	0
3,28133	0
3,28200	0
3,28267	0
3,28333	0
3,28400	-0
3,28467	-0
3,28533	-0
3,28600	-0
3,28667	-0
3,28733	-0
3,28800	0
3,28867	0
3,28933	0
3,29000	1
3,29067	1
3,29133	1
3,29200	2
3,29267	2
3,29333	2
3,29400	2
3,29467	2
3,29533	2
3,29600	2
3,29667	2
3,29733	2
3,29800	3
3,29867	3
3,29933	3
3,30000	3
3,30067	2
3,30133	2
3,30200	2
3,30267	2
3,30333	2
3,30400	2
3,30467	2
3,30533	2
3,30600	2
3,30667	2
3,30733	2
3,30800	2
3,30867	2
3,30933	2
3,31000	2
3,31067	2
3,31133	2
3,31200	2
3,31267	2
3,31333	2
3,31400	2
3,31467	1
3,31533	1
3,31600	1
3,31667	1
3,31733	0
3,31800	0
3,31867	-0
3,31933	-0
3,32000	-1
3,32067	-1
3,32133	-1
3,32200	-0
3,32267	-0
3,32333	0
3,32400	0
3,32467	0
3,32533	1
3,32600	1
3,32667	1
3,32733	1
3,32800	1
3,32867	1
3,32933	1
3,33000	2
3,33067	2
3,33133	2
3,33200	2
3,33267	2
3,33333	2
3,33400	3
3,33467	3
3,33533	3
3,33600	3
3,33667	3
3,33733	3
3,33800	3
3,33867	3
3,33933	3
3,34000	3
3,34067	3
3,34133	3
3,34200	3
3,34267	3
3,34333	3
3,34400	4
3,34467	4
3,34533	4
3,34600	4
3,34667	5
3,34733	5
3,34800	5
3,34867	6
3,34933	6
3,35000	6
3,35067	6
3,35133	6
3,35200	6
3,35267	6
3,35333	6
3,35400	6
3,35467	6
3,35533	6
3,35600	6
3,35667	6
3,35733	6
3,35800	5
3,35867	5
3,35933	5
3,36000	4
3,36067	4
3,36133	4
3,36200	4
3,36267	4
3,36333	4
3,36400	4
3,36467	4
3,36533	4
3,36600	4
3,36667	5
3,36733	5
3,36800	5
3,36867	6
3,36933	6
3,37000	6
3,37067	7
3,37133	7
3,37200	7
3,37267	7
3,37333	8
3,37400	8
3,37467	8
3,37533	8
3,37600	8
3,37667	8
3,37733	8
3,37800	8
3,37867	8
3,37933	8
3,38000	8
3,38067	8
3,38133	8
3,38200	8
3,38267	8
3,38333	8
3,38400	8
3,38467	8
3,38533	8
3,38600	8
3,38667	8
3,38733	8
3,38800	8
3,38867	8
3,38933	9
3,39000	9
3,39067	9
3,39133	9
3,39200	9
3,39267	10
3,39333	10
3,39400	10
3,39467	10
3,39533	10
3,39600	10
3,39667	10
3,39733	10
3,39800	9
3,39867	9
3,39933	9
3,40000	9
3,40067	9
3,40133	8
3,40200	8
3,40267	7
3,40333	7
3,40400	7
3,40467	6
3,40533	6
3,40600	5
3,40667	4
3,40733	4
3,40800	3
3,40867	3
3,40933	2
3,41000	2
3,41067	2
3,41133	2
3,41200	1
3,41267	1
3,41333	1
3,41400	1
3,41467	1
3,41533	1
3,41600	0
3,41667	0
3,41733	0
3,41800	0
3,41867	0
3,41933	0
3,42000	0
3,42067	0
3,42133	1
3,42200	1
3,42267	1
3,42333	0
3,42400	0
3,42467	0
3,42533	-0
3,42600	-0
3,42667	-0
3,42733	-0
3,42800	-0
3,42867	-0
3,42933	-0
3,43000	-0
3,43067	-0
3,43133	-0
3,43200	0
3,43267	0
3,43333	0
3,43400	0
3,43467	0
3,43533	0
3,43600	0
3,43667	0
3,43733	0
3,43800	0
3,43867	-0
3,43933	0
3,44000	0
3,44067	0
3,44133	0
3,44200	1
3,44267	1
3,44333	1
3,44400	2
3,44467	2
3,44533	2
3,44600	2
3,44667	2
3,44733	2
3,44800	2
3,44867	2
3,44933	2
3,45000	2
3,45067	2
3,45133	2
3,45200	3
3,45267	3
3,45333	3
3,45400	3
3,45467	3
3,45533	3
3,45600	3
3,45667	3
3,45733	3
3,45800	2
3,45867	2
3,45933	2
3,46000	2
3,46067	2
3,46133	2
3,46200	2
3,46267	2
3,46333	2
3,46400	2
3,46467	3
3,46533	3
3,46600	3
3,46667	3
3,46733	3
3,46800	3
3,46867	3
3,46933	3
3,47000	3
3,47067	3
3,47133	3
3,47200	3
3,47267	3
3,47333	3
3,47400	4
3,47467	4
3,47533	4
3,47600	4
3,47667	4
3,47733	4
3,47800	4
3,47867	4
3,47933	4
3,48000	4
3,48067	4
3,48133	4
3,48200	4
3,48267	4
3,48333	4
3,48400	5
3,48467	5
3,48533	4
3,48600	4
3,48667	4
3,48733	4
3,48800	4
3,48867	4
3,48933	4
3,49000	4
3,49067	4
3,49133	4
3,49200	4
3,49267	4
3,49333	4
3,49400	4
3,49467	5
3,49533	5
3,49600	5
3,49667	5
3,49733	5
3,49800	5
3,49867	5
3,49933	5
3,50000	5
3,50067	5
3,50133	5
3,50200	5
3,50267	5
3,50333	5
3,50400	5
3,50467	5
3,50533	5
3,50600	5
3,50667	5
3,50733	5
3,50800	5
3,50867	5
3,50933	5
3,51000	5
3,51067	5
3,51133	5
3,51200	5
3,51267	5
3,51333	5
3,51400	6
3,51467	6
3,51533	6
3,51600	6
3,51667	6
3,51733	5
3,51800	5
3,51867	5
3,51933	4
3,52000	4
3,52067	4
3,52133	3
3,52200	3
3,52267	3
3,52333	2
3,52400	2
3,52467	2
3,52533	1
3,52600	1
3,52667	1
3,52733	1
3,52800	1
3,52867	1
3,52933	1
3,53000	1
3,53067	1
3,53133	1
3,53200	1
3,53267	0
3,53333	0
3,53400	0
3,53467	0
3,53533	0
3,53600	1
3,53667	1
3,53733	1
3,53800	1
3,53867	2
3,53933	2
3,54000	2
3,54067	2
3,54133	2
3,54200	2
3,54267	2
3,54333	2
3,54400	2
3,54467	2
3,54533	2
3,54600	2
3,54667	2
3,54733	2
3,54800	3
3,54867	3
3,54933	3
3,55000	4
3,55067	4
3,55133	4
3,55200	4
3,55267	5
3,55333	5
3,55400	5
3,55467	5
3,55533	5
3,55600	6
3,55667	6
3,55733	6
3,55800	7
3,55867	7
3,55933	7
3,56000	7
3,56067	8
3,56133	8
3,56200	8
3,56267	8
3,56333	7
3,56400	7
3,56467	7
3,56533	7
3,56600	6
3,56667	6
3,56733	6
3,56800	6
3,56867	6
3,56933	6
3,57000	5
3,57067	5
3,57133	5
3,57200	5
3,57267	4
3,57333	4
3,57400	4
3,57467	3
3,57533	3
3,57600	3
3,57667	3
3,57733	3
3,57800	3
3,57867	3
3,57933	3
3,58000	3
3,58067	3
3,58133	4
3,58200	4
3,58267	4
3,58333	4
3,58400	4
3,58467	5
3,58533	5
3,58600	5
3,58667	5
3,58733	5
3,58800	5
3,58867	6
3,58933	6
3,59000	7
3,59067	7
3,59133	7
3,59200	7
3,59267	7
3,59333	7
3,59400	7
3,59467	7
3,59533	7
3,59600	7
3,59667	7
3,59733	8
3,59800	8
3,59867	8
3,59933	8
3,60000	8
3,60067	8
3,60133	8
3,60200	8
3,60267	8
3,60333	8
3,60400	8
3,60467	8
3,60533	8
3,60600	7
3,60667	7
3,60733	7
3,60800	7
3,60867	7
3,60933	7
3,61000	7
3,61067	7
3,61133	7
3,61200	7
3,61267	7
3,61333	7
3,61400	7
3,61467	7
3,61533	7
3,61600	7
3,61667	6
3,61733	6
3,61800	6
3,61867	5
3,61933	5
3,62000	5
3,62067	5
3,62133	4
3,62200	4
3,62267	4
3,62333	4
3,62400	4
3,62467	4
3,62533	4
3,62600	4
3,62667	3
3,62733	3
3,62800	3
3,62867	3
3,62933	3
3,63000	3
3,63067	4
3,63133	4
3,63200	4
3,63267	4
3,63333	4
3,63400	4
3,63467	4
3,63533	4
3,63600	4
3,63667	4
3,63733	4
3,63800	4
3,63867	4
3,63933	4
3,64000	5
3,64067	5
3,64133	5
3,64200	6
3,64267	7
3,64333	7
3,64400	8
3,64467	9
3,64533	10
3,64600	10
3,64667	11
3,64733	12
3,64800	13
3,64867	14
3,64933	15
3,65000	15
3,65067	16
3,65133	16
3,65200	17
3,65267	17
3,65333	17
3,65400	18
3,65467	18
3,65533	19
3,65600	19
3,65667	19
3,65733	19
3,65800	19
3,65867	18
3,65933	18
3,66000	18
3,66067	17
3,66133	17
3,66200	16
3,66267	16
3,66333	15
3,66400	15
3,66467	14
3,66533	14
3,66600	13
3,66667	13
3,66733	12
3,66800	12
3,66867	12
3,66933	11
3,67000	11
3,67067	10
3,67133	10
3,67200	10
3,67267	9
3,67333	9
3,67400	8
3,67467	8
3,67533	7
3,67600	7
3,67667	6
3,67733	6
3,67800	5
3,67867	5
3,67933	5
3,68000	4
3,68067	4
3,68133	4
3,68200	4
3,68267	4
3,68333	4
3,68400	4
3,68467	4
3,68533	4
3,68600	4
3,68667	5
3,68733	5
3,68800	5
3,68867	5
3,68933	5
3,69000	5
3,69067	5
3,69133	5
3,69200	5
3,69267	5
3,69333	5
3,69400	5
3,69467	4
3,69533	4
3,69600	4
3,69667	4
3,69733	4
3,69800	4
3,69867	4
3,69933	4
3,70000	4
3,70067	4
3,70133	4
3,70200	4
3,70267	3
3,70333	3
3,70400	3
3,70467	3
3,70533	3
3,70600	2
3,70667	2
3,70733	2
3,70800	2
3,70867	2
3,70933	2
3,71000	2
3,71067	2
3,71133	2
3,71200	2
3,71267	2
3,71333	2
3,71400	2
3,71467	2
3,71533	2
3,71600	2
3,71667	2
3,71733	3
3,71800	3
3,71867	3
3,71933	3
3,72000	3
3,72067	3
3,72133	3
3,72200	3
3,72267	3
3,72333	3
3,72400	3
3,72467	3
3,72533	3
3,72600	4
3,72667	4
3,72733	4
3,72800	4
3,72867	4
3,72933	4
3,73000	4
3,73067	5
3,73133	5
3,73200	5
3,73267	5
3,73333	5
3,73400	5
3,73467	5
3,73533	5
3,73600	5
3,73667	5
3,73733	6
3,73800	6
3,73867	6
3,73933	6
3,74000	6
3,74067	6
3,74133	5
3,74200	5
3,74267	5
3,74333	5
3,74400	5
3,74467	5
3,74533	5
3,74600	5
3,74667	5
3,74733	5
3,74800	6
3,74867	6
3,74933	6
3,75000	7
3,75067	7
3,75133	7
3,75200	8
3,75267	8
3,75333	8
3,75400	8
3,75467	9
3,75533	9
3,75600	9
3,75667	9
3,75733	9
3,75800	9
3,75867	9
3,75933	9
3,76000	9
3,76067	9
3,76133	9
3,76200	9
3,76267	9
3,76333	9
3,76400	9
3,76467	9
3,76533	9
3,76600	8
3,76667	8
3,76733	8
3,76800	7
3,76867	7
3,76933	7
3,77000	7
3,77067	6
3,77133	6
3,77200	6
3,77267	6
3,77333	6
3,77400	6
3,77467	6
3,77533	6
3,77600	5
3,77667	5
3,77733	5
3,77800	5
3,77867	5
3,77933	5
3,78000	5
3,78067	5
3,78133	5
3,78200	5
3,78267	5
3,78333	5
3,78400	5
3,78467	5
3,78533	6
3,78600	6
3,78667	6
3,78733	6
3,78800	6
3,78867	6
3,78933	6
3,79000	6
3,79067	6
3,79133	6
3,79200	6
3,79267	6
3,79333	6
3,79400	6
3,79467	6
3,79533	6
3,79600	6
3,79667	6
3,79733	5
3,79800	5
3,79867	5
3,79933	5
3,80000	5
3,80067	5
3,80133	5
3,80200	5
3,80267	5
3,80333	6
3,80400	6
3,80467	6
3,80533	6
3,80600	6
3,80667	6
3,80733	7
3,80800	7
3,80867	7
3,80933	7
3,81000	7
3,81067	7
3,81133	7
3,81200	8
3,81267	8
3,81333	8
3,81400	8
3,81467	8
3,81533	9
3,81600	9
3,81667	9
3,81733	9
3,81800	9
3,81867	9
3,81933	9
3,82000	9
3,82067	9
3,82133	9
3,82200	9
3,82267	9
3,82333	9
3,82400	9
3,82467	9
3,82533	9
3,82600	9
3,82667	9
3,82733	9
3,82800	9
3,82867	9
3,82933	9
3,83000	9
3,83067	9
3,83133	8
3,83200	8
3,83267	8
3,83333	8
3,83400	8
3,83467	8
3,83533	8
3,83600	8
3,83667	8
3,83733	7
3,83800	7
3,83867	7
3,83933	7
3,84000	7
3,84067	7
3,84133	7
3,84200	7
3,84267	6
3,84333	6
3,84400	6
3,84467	5
3,84533	5
3,84600	5
3,84667	5
3,84733	4
3,84800	4
3,84867	4
3,84933	4
3,85000	4
3,85067	4
3,85133	4
3,85200	4
3,85267	4
3,85333	4
3,85400	4
3,85467	5
3,85533	5
3,85600	5
3,85667	5
3,85733	5
3,85800	6
3,85867	6
3,85933	6
3,86000	6
3,86067	6
3,86133	6
3,86200	6
3,86267	6
3,86333	5
3,86400	5
3,86467	5
3,86533	5
3,86600	4
3,86667	4
3,86733	4
3,86800	4
3,86867	4
3,86933	4
3,87000	4
3,87067	5
3,87133	5
3,87200	5
3,87267	5
3,87333	5
3,87400	5
3,87467	5
3,87533	5
3,87600	5
3,87667	6
3,87733	6
3,87800	6
3,87867	6
3,87933	6
3,88000	7
3,88067	7
3,88133	7
3,88200	7
3,88267	7
3,88333	7
3,88400	7
3,88467	8
3,88533	8
3,88600	7
3,88667	7
3,88733	7
3,88800	7
3,88867	7
3,88933	7
3,89000	7
3,89067	7
3,89133	6
3,89200	6
3,89267	6
3,89333	5
3,89400	5
3,89467	5
3,89533	4
3,89600	4
3,89667	4
3,89733	3
3,89800	3
3,89867	3
3,89933	3
3,90000	3
3,90067	3
3,90133	3
3,90200	3
3,90267	3
3,90333	3
3,90400	3
3,90467	3
3,90533	3
3,90600	3
3,90667	4
3,90733	4
3,90800	4
3,90867	5
3,90933	5
3,91000	6
3,91067	6
3,91133	6
3,91200	6
3,91267	7
3,91333	7
3,91400	7
3,91467	8
3,91533	8
3,91600	8
3,91667	8
3,91733	8
3,91800	8
3,91867	8
3,91933	8
3,92000	8
3,92067	8
3,92133	8
3,92200	8
3,92267	8
3,92333	8
3,92400	8
3,92467	8
3,92533	8
3,92600	7
3,92667	7
3,92733	7
3,92800	7
3,92867	7
3,92933	7
3,93000	7
3,93067	7
3,93133	7
3,93200	7
3,93267	7
3,93333	7
3,93400	7
3,93467	7
3,93533	7
3,93600	7
3,93667	7
3,93733	7
3,93800	7
3,93867	7
3,93933	7
3,94000	7
3,94067	7
3,94133	7
3,94200	8
3,94267	8
3,94333	8
3,94400	8
3,94467	8
3,94533	8
3,94600	8
3,94667	8
3,94733	8
3,94800	7
3,94867	7
3,94933	7
3,95000	7
3,95067	6
3,95133	6
3,95200	6
3,95267	6
3,95333	6
3,95400	6
3,95467	6
3,95533	6
3,95600	6
3,95667	6
3,95733	6
3,95800	5
3,95867	5
3,95933	5
3,96000	5
3,96067	5
3,96133	5
3,96200	5
3,96267	5
3,96333	5
3,96400	5
3,96467	5
3,96533	5
3,96600	5
3,96667	5
3,96733	5
3,96800	5
3,96867	5
3,96933	5
3,97000	5
3,97067	5
3,97133	5
3,97200	5
3,97267	5
3,97333	5
3,97400	5
3,97467	5
3,97533	5
3,97600	5
3,97667	5
3,97733	4
3,97800	4
3,97867	4
3,97933	4
3,98000	4
3,98067	4
3,98133	4
3,98200	4
3,98267	4
3,98333	4
3,98400	4
3,98467	4
3,98533	4
3,98600	4
3,98667	4
3,98733	4
3,98800	4
3,98867	4
3,98933	4
3,99000	4
3,99067	4
3,99133	4
3,99200	4
3,99267	4
3,99333	4
3,99400	3
3,99467	3
3,99533	3
3,99600	3
3,99667	3
3,99733	3
3,99800	2
3,99867	2
3,99933	2
4,00000	2
4,00067	1
4,00133	1
4,00200	1
4,00267	1
4,00333	1
4,00400	1
4,00467	0
4,00533	0
4,00600	0
4,00667	0
4,00733	0
4,00800	-0
4,00867	-0
4,00933	-0
4,01000	-0
4,01067	-1
4,01133	-1
4,01200	-1
4,01267	-1
4,01333	-1
4,01400	-1
4,01467	-1
4,01533	-0
4,01600	-0
4,01667	-0
4,01733	-0
4,01800	0
4,01867	0
4,01933	0
4,02000	0
4,02067	0
4,02133	1
4,02200	1
4,02267	1
4,02333	1
4,02400	1
4,02467	1
4,02533	1
4,02600	1
4,02667	1
4,02733	1
4,02800	1
4,02867	1
4,02933	1
4,03000	1
4,03067	1
4,03133	1
4,03200	1
4,03267	0
4,03333	0
4,03400	-0
4,03467	-0
4,03533	-1
4,03600	-1
4,03667	-1
4,03733	-1
4,03800	-1
4,03867	-0
4,03933	-0
4,04000	0
4,04067	0
4,04133	0
4,04200	0
4,04267	1
4,04333	1
4,04400	1
4,04467	1
4,04533	1
4,04600	1
4,04667	1
4,04733	1
4,04800	1
4,04867	1
4,04933	1
4,05000	1
4,05067	1
4,05133	1
4,05200	1
4,05267	2
4,05333	2
4,05400	2
4,05467	3
4,05533	3
4,05600	3
4,05667	3
4,05733	3
4,05800	3
4,05867	3
4,05933	3
4,06000	3
4,06067	3
4,06133	3
4,06200	3
4,06267	3
4,06333	3
4,06400	3
4,06467	2
4,06533	2
4,06600	2
4,06667	2
4,06733	2
4,06800	2
4,06867	2
4,06933	2
4,07000	3
4,07067	3
4,07133	3
4,07200	3
4,07267	3
4,07333	3
4,07400	3
4,07467	3
4,07533	2
4,07600	2
4,07667	2
4,07733	1
4,07800	1
4,07867	1
4,07933	1
4,08000	0
4,08067	0
4,08133	0
4,08200	-0
4,08267	-0
4,08333	-0
4,08400	-0
4,08467	-0
4,08533	-0
4,08600	-0
4,08667	-0
4,08733	-0
4,08800	0
4,08867	0
4,08933	0
4,09000	1
4,09067	1
4,09133	1
4,09200	2
4,09267	2
4,09333	2
4,09400	3
4,09467	3
4,09533	3
4,09600	3
4,09667	2
4,09733	2
4,09800	2
4,09867	2
4,09933	2
4,10000	2
4,10067	2
4,10133	2
4,10200	2
4,10267	2
4,10333	2
4,10400	2
4,10467	2
4,10533	2
4,10600	2
4,10667	2
4,10733	2
4,10800	2
4,10867	2
4,10933	2
4,11000	2
4,11067	2
4,11133	2
4,11200	2
4,11267	2
4,11333	1
4,11400	1
4,11467	1
4,11533	1
4,11600	1
4,11667	0
4,11733	0
4,11800	-0
4,11867	-1
4,11933	-1
4,12000	-1
4,12067	-1
4,12133	-1
4,12200	-0
4,12267	-0
4,12333	-0
4,12400	-0
4,12467	-0
4,12533	-0
4,12600	-0
4,12667	-0
4,12733	-0
4,12800	-0
4,12867	-0
4,12933	-0
4,13000	-1
4,13067	-1
4,13133	-1
4,13200	-1
4,13267	-1
4,13333	-1
4,13400	-0
4,13467	-0
4,13533	0
4,13600	0
4,13667	0
4,13733	0
4,13800	1
4,13867	1
4,13933	1
4,14000	1
4,14067	1
4,14133	1
4,14200	1
4,14267	1
4,14333	1
4,14400	1
4,14467	1
4,14533	1
4,14600	1
4,14667	1
4,14733	1
4,14800	1
4,14867	1
4,14933	1
4,15000	1
4,15067	1
4,15133	1
4,15200	1
4,15267	1
4,15333	1
4,15400	1
4,15467	1
4,15533	1
4,15600	1
4,15667	1
4,15733	1
4,15800	1
4,15867	1
4,15933	1
4,16000	1
4,16067	0
4,16133	0
4,16200	0
4,16267	0
4,16333	-0
4,16400	-0
4,16467	-0
4,16533	-0
4,16600	-0
4,16667	-0
4,16733	-0
4,16800	0
4,16867	0
4,16933	0
4,17000	0
4,17067	1
4,17133	1
4,17200	1
4,17267	1
4,17333	2
4,17400	2
4,17467	2
4,17533	2
4,17600	2
4,17667	3
4,17733	3
4,17800	3
4,17867	4
4,17933	4
4,18000	4
4,18067	4
4,18133	5
4,18200	5
4,18267	4
4,18333	4
4,18400	4
4,18467	4
4,18533	4
4,18600	4
4,18667	4
4,18733	5
4,18800	5
4,18867	5
4,18933	5
4,19000	6
4,19067	6
4,19133	6
4,19200	6
4,19267	6
4,19333	6
4,19400	5
4,19467	5
4,19533	5
4,19600	4
4,19667	4
4,19733	4
4,19800	4
4,19867	4
4,19933	4
4,20000	4
4,20067	5
4,20133	5
4,20200	5
4,20267	5
4,20333	5
4,20400	5
4,20467	5
4,20533	5
4,20600	5
4,20667	5
4,20733	5
4,20800	5
4,20867	5
4,20933	5
4,21000	5
4,21067	5
4,21133	5
4,21200	5
4,21267	5
4,21333	5
4,21400	5
4,21467	5
4,21533	4
4,21600	4
4,21667	4
4,21733	4
4,21800	4
4,21867	4
4,21933	4
4,22000	4
4,22067	4
4,22133	5
4,22200	5
4,22267	5
4,22333	5
4,22400	6
4,22467	6
4,22533	6
4,22600	6
4,22667	6
4,22733	6
4,22800	6
4,22867	6
4,22933	6
4,23000	6
4,23067	6
4,23133	7
4,23200	7
4,23267	7
4,23333	7
4,23400	7
4,23467	7
4,23533	6
4,23600	6
4,23667	6
4,23733	6
4,23800	6
4,23867	5
4,23933	5
4,24000	5
4,24067	5
4,24133	5
4,24200	5
4,24267	5
4,24333	5
4,24400	5
4,24467	5
4,24533	5
4,24600	5
4,24667	5
4,24733	5
4,24800	5
4,24867	4
4,24933	4
4,25000	4
4,25067	4
4,25133	4
4,25200	4
4,25267	4
4,25333	4
4,25400	3
4,25467	3
4,25533	3
4,25600	3
4,25667	3
4,25733	3
4,25800	3
4,25867	3
4,25933	2
4,26000	2
4,26067	2
4,26133	2
4,26200	2
4,26267	2
4,26333	2
4,26400	2
4,26467	2
4,26533	2
4,26600	2
4,26667	2
4,26733	2
4,26800	2
4,26867	2
4,26933	2
4,27000	2
4,27067	2
4,27133	2
4,27200	2
4,27267	2
4,27333	2
4,27400	2
4,27467	3
4,27533	3
4,27600	3
4,27667	3
4,27733	3
4,27800	3
4,27867	3
4,27933	3
4,28000	3
4,28067	3
4,28133	3
4,28200	3
4,28267	3
4,28333	3
4,28400	3
4,28467	3
4,28533	3
4,28600	3
4,28667	3
4,28733	3
4,28800	4
4,28867	4
4,28933	4
4,29000	3
4,29067	3
4,29133	3
4,29200	3
4,29267	3
4,29333	3
4,29400	3
4,29467	3
4,29533	2
4,29600	2
4,29667	2
4,29733	2
4,29800	2
4,29867	2
4,29933	2
4,30000	2
4,30067	2
4,30133	2
4,30200	2
4,30267	2
4,30333	1
4,30400	1
4,30467	1
4,30533	1
4,30600	1
4,30667	1
4,30733	1
4,30800	1
4,30867	1
4,30933	1
4,31000	1
4,31067	1
4,31133	1
4,31200	1
4,31267	1
4,31333	1
4,31400	1
4,31467	2
4,31533	2
4,31600	2
4,31667	2
4,31733	3
4,31800	3
4,31867	3
4,31933	3
4,32000	3
4,32067	4
4,32133	4
4,32200	4
4,32267	3
4,32333	3
4,32400	4
4,32467	4
4,32533	4
4,32600	4
4,32667	3
4,32733	3
4,32800	3
4,32867	3
4,32933	3
4,33000	2
4,33067	2
4,33133	2
4,33200	2
4,33267	2
4,33333	2
4,33400	2
4,33467	2
4,33533	2
4,33600	2
4,33667	2
4,33733	2
4,33800	2
4,33867	2
4,33933	2
4,34000	2
4,34067	2
4,34133	2
4,34200	2
4,34267	3
4,34333	3
4,34400	3
4,34467	3
4,34533	4
4,34600	4
4,34667	4
4,34733	5
4,34800	5
4,34867	5
4,34933	5
4,35000	5
4,35067	5
4,35133	5
4,35200	5
4,35267	5
4,35333	5
4,35400	5
4,35467	5
4,35533	5
4,35600	5
4,35667	5
4,35733	5
4,35800	5
4,35867	4
4,35933	4
4,36000	4
4,36067	4
4,36133	4
4,36200	4
4,36267	4
4,36333	4
4,36400	3
4,36467	3
4,36533	3
4,36600	3
4,36667	3
4,36733	3
4,36800	3
4,36867	3
4,36933	3
4,37000	3
4,37067	3
4,37133	3
4,37200	3
4,37267	3
4,37333	3
4,37400	3
4,37467	3
4,37533	4
4,37600	4
4,37667	4
4,37733	4
4,37800	4
4,37867	4
4,37933	4
4,38000	4
4,38067	4
4,38133	4
4,38200	4
4,38267	4
4,38333	4
4,38400	4
4,38467	4
4,38533	4
4,38600	4
4,38667	4
4,38733	4
4,38800	4
4,38867	4
4,38933	4
4,39000	4
4,39067	5
4,39133	5
4,39200	5
4,39267	5
4,39333	5
4,39400	6
4,39467	6
4,39533	5
4,39600	5
4,39667	5
4,39733	5
4,39800	5
4,39867	5
4,39933	5
4,40000	5
4,40067	5
4,40133	5
4,40200	5
4,40267	5
4,40333	5
4,40400	5
4,40467	5
4,40533	5
4,40600	5
4,40667	4
4,40733	4
4,40800	4
4,40867	4
4,40933	4
4,41000	4
4,41067	4
4,41133	4
4,41200	4
4,41267	4
4,41333	4
4,41400	4
4,41467	4
4,41533	4
4,41600	4
4,41667	4
4,41733	4
4,41800	4
4,41867	4
4,41933	5
4,42000	5
4,42067	5
4,42133	5
4,42200	5
4,42267	5
4,42333	6
4,42400	6
4,42467	6
4,42533	6
4,42600	6
4,42667	6
4,42733	6
4,42800	6
4,42867	6
4,42933	6
4,43000	6
4,43067	6
4,43133	6
4,43200	6
4,43267	6
4,43333	6
4,43400	6
4,43467	6
4,43533	6
4,43600	6
4,43667	6
4,43733	6
4,43800	6
4,43867	6
4,43933	6
4,44000	6
4,44067	6
4,44133	6
4,44200	6
4,44267	6
4,44333	6
4,44400	6
4,44467	6
4,44533	6
4,44600	6
4,44667	6
4,44733	5
4,44800	5
4,44867	5
4,44933	5
4,45000	5
4,45067	5
4,45133	5
4,45200	5
4,45267	5
4,45333	4
4,45400	4
4,45467	4
4,45533	4
4,45600	4
4,45667	4
4,45733	4
4,45800	4
4,45867	4
4,45933	4
4,46000	3
4,46067	3
4,46133	3
4,46200	4
4,46267	4
4,46333	4
4,46400	4
4,46467	4
4,46533	4
4,46600	4
4,46667	4
4,46733	4
4,46800	4
4,46867	4
4,46933	4
4,47000	4
4,47067	4
4,47133	4
4,47200	4
4,47267	4
4,47333	4
4,47400	4
4,47467	4
4,47533	4
4,47600	5
4,47667	5
4,47733	5
4,47800	5
4,47867	5
4,47933	5
4,48000	5
4,48067	5
4,48133	5
4,48200	5
4,48267	5
4,48333	5
4,48400	5
4,48467	5
4,48533	5
4,48600	5
4,48667	5
4,48733	5
4,48800	5
4,48867	5
4,48933	5
4,49000	4
4,49067	4
4,49133	4
4,49200	4
4,49267	3
4,49333	3
4,49400	3
4,49467	2
4,49533	2
4,49600	2
4,49667	3
4,49733	3
4,49800	3
4,49867	4
4,49933	4
4,50000	4
4,50067	4
4,50133	4
4,50200	4
4,50267	4
4,50333	4
4,50400	4
4,50467	4
4,50533	4
4,50600	4
4,50667	3
4,50733	3
4,50800	3
4,50867	3
4,50933	3
4,51000	3
4,51067	3
4,51133	3
4,51200	2
4,51267	2
4,51333	2
4,51400	1
4,51467	1
4,51533	0
4,51600	0
4,51667	-0
4,51733	-0
4,51800	-1
4,51867	-1
4,51933	-0
4,52000	-0
4,52067	-0
4,52133	-1
4,52200	-1
4,52267	-1
4,52333	-1
4,52400	-1
4,52467	-2
4,52533	-2
4,52600	-2
4,52667	-2
4,52733	-2
4,52800	-2
4,52867	-2
4,52933	-2
4,53000	-2
4,53067	-2
4,53133	-2
4,53200	-2
4,53267	-2
4,53333	-2
4,53400	-2
4,53467	-2
4,53533	-2
4,53600	-2
4,53667	-1
4,53733	-1
4,53800	-1
4,53867	-1
4,53933	-1
4,54000	-1
4,54067	-1
4,54133	-1
4,54200	-1
4,54267	-1
4,54333	-1
4,54400	-1
4,54467	-1
4,54533	-1
4,54600	-1
4,54667	-1
4,54733	-1
4,54800	-2
4,54867	-1
4,54933	-2
4,55000	-2
4,55067	-2
4,55133	-2
4,55200	-2
4,55267	-2
4,55333	-2
4,55400	-2
4,55467	-2
4,55533	-1
4,55600	-1
4,55667	-1
4,55733	-1
4,55800	-0
4,55867	-0
4,55933	0
4,56000	0
4,56067	0
4,56133	0
4,56200	0
4,56267	0
4,56333	0
4,56400	0
4,56467	0
4,56533	0
4,56600	0
4,56667	0
4,56733	0
4,56800	0
4,56867	0
4,56933	0
4,57000	0
4,57067	0
4,57133	0
4,57200	1
4,57267	1
4,57333	1
4,57400	1
4,57467	1
4,57533	2
4,57600	2
4,57667	2
4,57733	2
4,57800	2
4,57867	2
4,57933	2
4,58000	1
4,58067	1
4,58133	1
4,58200	1
4,58267	1
4,58333	1
4,58400	1
4,58467	1
4,58533	1
4,58600	1
4,58667	1
4,58733	1
4,58800	1
4,58867	1
4,58933	1
4,59000	1
4,59067	1
4,59133	1
4,59200	1
4,59267	1
4,59333	1
4,59400	1
4,59467	1
4,59533	1
4,59600	1
4,59667	1
4,59733	1
4,59800	1
4,59867	1
4,59933	1
4,60000	1
4,60067	1
4,60133	1
4,60200	1
4,60267	2
4,60333	2
4,60400	2
4,60467	2
4,60533	2
4,60600	2
4,60667	2
4,60733	3
4,60800	3
4,60867	3
4,60933	3
4,61000	4
4,61067	4
4,61133	4
4,61200	4
4,61267	5
4,61333	5
4,61400	5
4,61467	5
4,61533	5
4,61600	5
4,61667	5
4,61733	5
4,61800	5
4,61867	5
4,61933	5
4,62000	5
4,62067	4
4,62133	4
4,62200	4
4,62267	4
4,62333	4
4,62400	4
4,62467	4
4,62533	4
4,62600	4
4,62667	4
4,62733	4
4,62800	4
4,62867	4
4,62933	4
4,63000	4
4,63067	3
4,63133	3
4,63200	3
4,63267	3
4,63333	3
4,63400	3
4,63467	3
4,63533	4
4,63600	4
4,63667	4
4,63733	4
4,63800	4
4,63867	4
4,63933	4
4,64000	4
4,64067	4
4,64133	4
4,64200	4
4,64267	4
4,64333	4
4,64400	4
4,64467	4
4,64533	4
4,64600	4
4,64667	4
4,64733	4
4,64800	4
4,64867	4
4,64933	4
4,65000	4
4,65067	4
4,65133	4
4,65200	5
4,65267	5
4,65333	6
4,65400	6
4,65467	6
4,65533	6
4,65600	6
4,65667	7
4,65733	7
4,65800	7
4,65867	7
4,65933	7
4,66000	7
4,66067	7
4,66133	7
4,66200	6
4,66267	6
4,66333	6
4,66400	6
4,66467	6
4,66533	6
4,66600	6
4,66667	6
4,66733	6
4,66800	6
4,66867	6
4,66933	6
4,67000	6
4,67067	6
4,67133	6
4,67200	6
4,67267	6
4,67333	6
4,67400	6
4,67467	6
4,67533	6
4,67600	6
4,67667	6
4,67733	6
4,67800	6
4,67867	6
4,67933	6
4,68000	6
4,68067	6
4,68133	7
4,68200	7
4,68267	6
4,68333	6
4,68400	6
4,68467	6
4,68533	6
4,68600	6
4,68667	6
4,68733	5
4,68800	5
4,68867	5
4,68933	5
4,69000	5
4,69067	5
4,69133	5
4,69200	6
4,69267	6
4,69333	6
4,69400	6
4,69467	5
4,69533	5
4,69600	5
4,69667	5
4,69733	5
4,69800	4
4,69867	4
4,69933	4
4,70000	4
4,70067	3
4,70133	3
4,70200	3
4,70267	3
4,70333	3
4,70400	3
4,70467	3
4,70533	3
4,70600	3
4,70667	3
4,70733	3
4,70800	3
4,70867	3
4,70933	3
4,71000	4
4,71067	4
4,71133	4
4,71200	4
4,71267	4
4,71333	5
4,71400	5
4,71467	5
4,71533	5
4,71600	5
4,71667	5
4,71733	5
4,71800	5
4,71867	5
4,71933	5
4,72000	5
4,72067	5
4,72133	5
4,72200	6
4,72267	6
4,72333	7
4,72400	7
4,72467	7
4,72533	7
4,72600	7
4,72667	7
4,72733	7
4,72800	7
4,72867	6
4,72933	6
4,73000	6
4,73067	6
4,73133	6
4,73200	6
4,73267	6
4,73333	6
4,73400	5
4,73467	5
4,73533	5
4,73600	5
4,73667	5
4,73733	5
4,73800	5
4,73867	5
4,73933	5
4,74000	4
4,74067	4
4,74133	4
4,74200	4
4,74267	4
4,74333	4
4,74400	4
4,74467	4
4,74533	4
4,74600	4
4,74667	4
4,74733	4
4,74800	4
4,74867	3
4,74933	3
4,75000	3
4,75067	3
4,75133	3
4,75200	3
4,75267	3
4,75333	3
4,75400	3
4,75467	3
4,75533	3
4,75600	3
4,75667	4
4,75733	4
4,75800	4
4,75867	4
4,75933	4
4,76000	4
4,76067	4
4,76133	4
4,76200	4
4,76267	4
4,76333	5
4,76400	5
4,76467	5
4,76533	5
4,76600	6
4,76667	6
4,76733	6
4,76800	5
4,76867	5
4,76933	5
4,77000	5
4,77067	5
4,77133	4
4,77200	4
4,77267	4
4,77333	4
4,77400	4
4,77467	4
4,77533	5
4,77600	5
4,77667	5
4,77733	5
4,77800	6
4,77867	6
4,77933	6
4,78000	6
4,78067	6
4,78133	6
4,78200	6
4,78267	6
4,78333	6
4,78400	6
4,78467	6
4,78533	7
4,78600	7
4,78667	7
4,78733	7
4,78800	7
4,78867	8
4,78933	8
4,79000	8
4,79067	8
4,79133	8
4,79200	8
4,79267	7
4,79333	7
4,79400	7
4,79467	7
4,79533	7
4,79600	7
4,79667	7
4,79733	7
4,79800	7
4,79867	7
4,79933	7
4,80000	7
4,80067	7
4,80133	7
4,80200	7
4,80267	7
4,80333	7
4,80400	7
4,80467	6
4,80533	6
4,80600	6
4,80667	6
4,80733	6
4,80800	6
4,80867	5
4,80933	5
4,81000	5
4,81067	5
4,81133	5
4,81200	5
4,81267	5
4,81333	5
4,81400	5
4,81467	5
4,81533	5
4,81600	5
4,81667	5
4,81733	5
4,81800	5
4,81867	6
4,81933	6
4,82000	6
4,82067	6
4,82133	6
4,82200	6
4,82267	6
4,82333	6
4,82400	6
4,82467	6
4,82533	6
4,82600	6
4,82667	6
4,82733	6
4,82800	6
4,82867	6
4,82933	6
4,83000	6
4,83067	6
4,83133	6
4,83200	6
4,83267	5
4,83333	5
4,83400	5
4,83467	5
4,83533	5
4,83600	5
4,83667	6
4,83733	6
4,83800	6
4,83867	7
4,83933	7
4,84000	7
4,84067	7
4,84133	8
4,84200	8
4,84267	8
4,84333	8
4,84400	8
4,84467	8
4,84533	8
4,84600	8
4,84667	8
4,84733	7
4,84800	7
4,84867	7
4,84933	7
4,85000	7
4,85067	6
4,85133	6
4,85200	6
4,85267	6
4,85333	6
4,85400	6
4,85467	6
4,85533	6
4,85600	6
4,85667	6
4,85733	6
4,85800	6
4,85867	6
4,85933	6
4,86000	6
4,86067	6
4,86133	6
4,86200	7
4,86267	7
4,86333	7
4,86400	7
4,86467	7
4,86533	7
4,86600	7
4,86667	7
4,86733	7
4,86800	7
4,86867	7
4,86933	7
4,87000	7
4,87067	7
4,87133	7
4,87200	7
4,87267	7
4,87333	7
4,87400	8
4,87467	8
4,87533	8
4,87600	8
4,87667	8
4,87733	9
4,87800	9
4,87867	9
4,87933	9
4,88000	9
4,88067	9
4,88133	9
4,88200	9
4,88267	9
4,88333	9
4,88400	9
4,88467	9
4,88533	9
4,88600	8
4,88667	8
4,88733	8
4,88800	8
4,88867	8
4,88933	7
4,89000	7
4,89067	7
4,89133	7
4,89200	8
4,89267	8
4,89333	8
4,89400	8
4,89467	8
4,89533	8
4,89600	8
4,89667	8
4,89733	8
4,89800	8
4,89867	8
4,89933	8
4,90000	8
4,90067	8
4,90133	8
4,90200	8
4,90267	8
4,90333	8
4,90400	8
4,90467	8
4,90533	8
4,90600	8
4,90667	8
4,90733	8
4,90800	8
4,90867	8
4,90933	8
4,91000	7
4,91067	7
4,91133	7
4,91200	7
4,91267	7
4,91333	6
4,91400	6
4,91467	6
4,91533	6
4,91600	6
4,91667	6
4,91733	6
4,91800	6
4,91867	6
4,91933	6
4,92000	6
4,92067	6
4,92133	6
4,92200	7
4,92267	7
4,92333	7
4,92400	7
4,92467	7
4,92533	8
4,92600	8
4,92667	8
4,92733	8
4,92800	9
4,92867	9
4,92933	9
4,93000	10
4,93067	10
4,93133	10
4,93200	11
4,93267	11
4,93333	10
4,93400	10
4,93467	10
4,93533	10
4,93600	9
4,93667	9
4,93733	9
4,93800	9
4,93867	8
4,93933	8
4,94000	8
4,94067	8
4,94133	8
4,94200	7
4,94267	7
4,94333	7
4,94400	7
4,94467	7
4,94533	7
4,94600	7
4,94667	7
4,94733	6
4,94800	6
4,94867	6
4,94933	6
4,95000	6
4,95067	6
4,95133	6
4,95200	6
4,95267	6
4,95333	6
4,95400	6
4,95467	5
4,95533	5
4,95600	5
4,95667	5
4,95733	5
4,95800	5
4,95867	5
4,95933	5
4,96000	5
4,96067	5
4,96133	5
4,96200	6
4,96267	6
4,96333	6
4,96400	7
4,96467	7
4,96533	7
4,96600	8
4,96667	8
4,96733	8
4,96800	8
4,96867	9
4,96933	9
4,97000	9
4,97067	9
4,97133	9
4,97200	9
4,97267	9
4,97333	9
4,97400	9
4,97467	9
4,97533	9
4,97600	9
4,97667	10
4,97733	10
4,97800	10
4,97867	10
4,97933	10
4,98000	11
4,98067	11
4,98133	11
4,98200	11
4,98267	11
4,98333	11
4,98400	11
4,98467	11
4,98533	11
4,98600	11
4,98667	11
4,98733	11
4,98800	11
4,98867	12
4,98933	12
4,99000	12
4,99067	12
4,99133	12
4,99200	12
4,99267	12
4,99333	12
4,99400	12
4,99467	11
4,99533	11
4,99600	11
4,99667	11
4,99733	11
4,99800	10
4,99867	10
4,99933	10
5,00000	9
5,00067	9
5,00133	9
5,00200	9
5,00267	9
5,00333	9
5,00400	9
5,00467	9
5,00533	8
5,00600	8
5,00667	8
5,00733	8
5,00800	8
5,00867	8
5,00933	9
5,01000	9
5,01067	9
5,01133	9
5,01200	10
5,01267	10
5,01333	10
5,01400	10
5,01467	10
5,01533	10
5,01600	10
5,01667	10
5,01733	11
5,01800	11
5,01867	11
5,01933	11
5,02000	11
5,02067	11
5,02133	11
5,02200	11
5,02267	11
5,02333	12
5,02400	12
5,02467	12
5,02533	12
5,02600	12
5,02667	12
5,02733	12
5,02800	13
5,02867	13
5,02933	14
5,03000	14
5,03067	15
5,03133	15
5,03200	15
5,03267	16
5,03333	16
5,03400	16
5,03467	16
5,03533	16
5,03600	16
5,03667	16
5,03733	16
5,03800	16
5,03867	16
5,03933	16
5,04000	16
5,04067	16
5,04133	16
5,04200	16
5,04267	16
5,04333	16
5,04400	16
5,04467	16
5,04533	16
5,04600	16
5,04667	16
5,04733	16
5,04800	15
5,04867	15
5,04933	15
5,05000	15
5,05067	15
5,05133	15
5,05200	15
5,05267	16
5,05333	16
5,05400	16
5,05467	16
5,05533	16
5,05600	16
5,05667	16
5,05733	16
5,05800	16
5,05867	16
5,05933	16
5,06000	16
5,06067	16
5,06133	16
5,06200	15
5,06267	15
5,06333	15
5,06400	15
5,06467	15
5,06533	15
5,06600	15
5,06667	15
5,06733	15
5,06800	15
5,06867	15
5,06933	15
5,07000	15
5,07067	15
5,07133	15
5,07200	15
5,07267	15
5,07333	15
5,07400	15
5,07467	15
5,07533	15
5,07600	15
5,07667	15
5,07733	16
5,07800	16
5,07867	16
5,07933	16
5,08000	16
5,08067	17
5,08133	17
5,08200	17
5,08267	17
5,08333	17
5,08400	18
5,08467	18
5,08533	18
5,08600	18
5,08667	18
5,08733	18
5,08800	18
5,08867	18
5,08933	18
5,09000	18
5,09067	18
5,09133	18
5,09200	18
5,09267	18
5,09333	18
5,09400	18
5,09467	19
5,09533	19
5,09600	19
5,09667	19
5,09733	19
5,09800	19
5,09867	19
5,09933	19
5,10000	19
5,10067	19
5,10133	19
5,10200	19
5,10267	19
5,10333	19
5,10400	19
5,10467	19
5,10533	19
5,10600	19
5,10667	20
5,10733	20
5,10800	20
5,10867	21
5,10933	21
5,11000	21
5,11067	21
5,11133	22
5,11200	22
5,11267	22
5,11333	22
5,11400	22
5,11467	22
5,11533	23
5,11600	23
5,11667	23
5,11733	23
5,11800	24
5,11867	24
5,11933	24
5,12000	24
5,12067	24
5,12133	23
5,12200	23
5,12267	23
5,12333	23
5,12400	23
5,12467	24
5,12533	24
5,12600	24
5,12667	24
5,12733	24
5,12800	24
5,12867	25
5,12933	24
5,13000	24
5,13067	24
5,13133	24
5,13200	24
5,13267	24
5,13333	24
5,13400	24
5,13467	24
5,13533	24
5,13600	25
5,13667	25
5,13733	25
5,13800	25
5,13867	25
5,13933	25
5,14000	24
5,14067	24
5,14133	24
5,14200	23
5,14267	23
5,14333	22
5,14400	22
5,14467	22
5,14533	22
5,14600	22
5,14667	22
5,14733	22
5,14800	22
5,14867	23
5,14933	23
5,15000	23
5,15067	23
5,15133	23
5,15200	23
5,15267	23
5,15333	23
5,15400	23
5,15467	23
5,15533	24
5,15600	24
5,15667	24
5,15733	24
5,15800	24
5,15867	24
5,15933	24
5,16000	24
5,16067	23
5,16133	23
5,16200	23
5,16267	23
5,16333	22
5,16400	22
5,16467	21
5,16533	21
5,16600	21
5,16667	20
5,16733	20
5,16800	20
5,16867	20
5,16933	20
5,17000	20
5,17067	20
5,17133	20
5,17200	19
5,17267	19
5,17333	19
5,17400	19
5,17467	18
5,17533	18
5,17600	18
5,17667	17
5,17733	17
5,17800	17
5,17867	16
5,17933	16
5,18000	16
5,18067	16
5,18133	16
5,18200	16
5,18267	16
5,18333	16
5,18400	16
5,18467	16
5,18533	16
5,18600	16
5,18667	16
5,18733	16
5,18800	16
5,18867	16
5,18933	16
5,19000	16
5,19067	16
5,19133	16
5,19200	16
5,19267	16
5,19333	16
5,19400	16
5,19467	16
5,19533	17
5,19600	17
5,19667	17
5,19733	17
5,19800	17
5,19867	17
5,19933	17
5,20000	17
5,20067	17
5,20133	17
5,20200	17
5,20267	18
5,20333	18
5,20400	18
5,20467	18
5,20533	18
5,20600	18
5,20667	18
5,20733	18
5,20800	19
5,20867	19
5,20933	19
5,21000	19
5,21067	20
5,21133	20
5,21200	20
5,21267	21
5,21333	21
5,21400	21
5,21467	22
5,21533	22
5,21600	22
5,21667	23
5,21733	23
5,21800	23
5,21867	23
5,21933	23
5,22000	23
5,22067	23
5,22133	23
5,22200	23
5,22267	23
5,22333	22
5,22400	22
5,22467	22
5,22533	22
5,22600	21
5,22667	21
5,22733	21
5,22800	20
5,22867	20
5,22933	20
5,23000	20
5,23067	19
5,23133	19
5,23200	19
5,23267	19
5,23333	19
5,23400	19
5,23467	19
5,23533	19
5,23600	19
5,23667	19
5,23733	19
5,23800	19
5,23867	19
5,23933	19
5,24000	19
5,24067	19
5,24133	19
5,24200	19
5,24267	19
5,24333	19
5,24400	20
5,24467	20
5,24533	20
5,24600	20
5,24667	19
5,24733	19
5,24800	19
5,24867	19
5,24933	19
5,25000	18
5,25067	18
5,25133	18
5,25200	18
5,25267	18
5,25333	19
5,25400	19
5,25467	19
5,25533	19
5,25600	19
5,25667	19
5,25733	19
5,25800	19
5,25867	20
5,25933	20
5,26000	20
5,26067	20
5,26133	20
5,26200	20
5,26267	20
5,26333	20
5,26400	20
5,26467	20
5,26533	20
5,26600	20
5,26667	20
5,26733	21
5,26800	21
5,26867	21
5,26933	21
5,27000	21
5,27067	21
5,27133	21
5,27200	21
5,27267	21
5,27333	21
5,27400	21
5,27467	21
5,27533	21
5,27600	21
5,27667	21
5,27733	21
5,27800	21
5,27867	22
5,27933	22
5,28000	21
5,28067	21
5,28133	21
5,28200	21
5,28267	21
5,28333	20
5,28400	20
5,28467	20
5,28533	20
5,28600	20
5,28667	21
5,28733	21
5,28800	21
5,28867	21
5,28933	21
5,29000	22
5,29067	22
5,29133	22
5,29200	22
5,29267	22
5,29333	22
5,29400	22
5,29467	22
5,29533	22
5,29600	22
5,29667	22
5,29733	22
5,29800	22
5,29867	22
5,29933	22
5,30000	22
5,30067	21
5,30133	21
5,30200	20
5,30267	20
5,30333	20
5,30400	19
5,30467	19
5,30533	19
5,30600	19
5,30667	19
5,30733	19
5,30800	19
5,30867	19
5,30933	19
5,31000	18
5,31067	18
5,31133	18
5,31200	18
5,31267	18
5,31333	18
5,31400	18
5,31467	18
5,31533	18
5,31600	17
5,31667	17
5,31733	17
5,31800	17
5,31867	17
5,31933	17
5,32000	17
5,32067	17
5,32133	17
5,32200	17
5,32267	17
5,32333	17
5,32400	17
5,32467	17
5,32533	16
5,32600	16
5,32667	16
5,32733	16
5,32800	16
5,32867	16
5,32933	16
5,33000	16
5,33067	16
5,33133	16
5,33200	16
5,33267	16
5,33333	16
5,33400	17
5,33467	17
5,33533	17
5,33600	17
5,33667	18
5,33733	18
5,33800	19
5,33867	19
5,33933	20
5,34000	20
5,34067	21
5,34133	22
5,34200	22
5,34267	23
5,34333	23
5,34400	24
5,34467	24
5,34533	25
5,34600	26
5,34667	27
5,34733	27
5,34800	28
5,34867	29
5,34933	30
5,35000	31
5,35067	32
5,35133	33
5,35200	35
5,35267	35
5,35333	36
5,35400	37
5,35467	38
5,35533	39
5,35600	39
5,35667	40
5,35733	40
5,35800	41
5,35867	41
5,35933	42
5,36000	43
5,36067	43
5,36133	44
5,36200	45
5,36267	45
5,36333	46
5,36400	46
5,36467	47
5,36533	47
5,36600	48
5,36667	48
5,36733	48
5,36800	49
5,36867	49
5,36933	49
5,37000	50
5,37067	50
5,37133	50
5,37200	51
5,37267	51
5,37333	51
5,37400	51
5,37467	51
5,37533	51
5,37600	51
5,37667	51
5,37733	51
5,37800	52
5,37867	52
5,37933	52
5,38000	52
5,38067	52
5,38133	52
5,38200	52
5,38267	52
5,38333	52
5,38400	52
5,38467	52
5,38533	52
5,38600	52
5,38667	52
5,38733	52
5,38800	52
5,38867	52
5,38933	52
5,39000	52
5,39067	52
5,39133	52
5,39200	53
5,39267	53
5,39333	53
5,39400	54
5,39467	54
5,39533	55
5,39600	55
5,39667	55
5,39733	55
5,39800	56
5,39867	56
5,39933	56
5,40000	56
5,40067	56
5,40133	56
5,40200	56
5,40267	56
5,40333	56
5,40400	56
5,40467	56
5,40533	56
5,40600	56
5,40667	56
5,40733	56
5,40800	56
5,40867	55
5,40933	55
5,41000	55
5,41067	54
5,41133	54
5,41200	54
5,41267	54
5,41333	54
5,41400	54
5,41467	55
5,41533	55
5,41600	54
5,41667	54
5,41733	54
5,41800	54
5,41867	53
5,41933	53
5,42000	53
5,42067	52
5,42133	52
5,42200	52
5,42267	52
5,42333	51
5,42400	51
5,42467	51
5,42533	51
5,42600	51
5,42667	50
5,42733	50
5,42800	50
5,42867	49
5,42933	49
5,43000	48
5,43067	48
5,43133	47
5,43200	47
5,43267	47
5,43333	47
5,43400	47
5,43467	47
5,43533	47
5,43600	47
5,43667	47
5,43733	47
5,43800	47
5,43867	48
5,43933	48
5,44000	48
5,44067	48
5,44133	49
5,44200	49
5,44267	49
5,44333	49
5,44400	49
5,44467	50
5,44533	50
5,44600	50
5,44667	50
5,44733	50
5,44800	50
5,44867	51
5,44933	51
5,45000	51
5,45067	51
5,45133	51
5,45200	51
5,45267	51
5,45333	51
5,45400	51
5,45467	51
5,45533	51
5,45600	51
5,45667	51
5,45733	51
5,45800	51
5,45867	51
5,45933	51
5,46000	51
5,46067	50
5,46133	50
5,46200	50
5,46267	50
5,46333	49
5,46400	49
5,46467	49
5,46533	48
5,46600	48
5,46667	48
5,46733	48
5,46800	48
5,46867	47
5,46933	47
5,47000	47
5,47067	47
5,47133	47
5,47200	47
5,47267	47
5,47333	47
5,47400	46
5,47467	46
5,47533	46
5,47600	46
5,47667	46
5,47733	46
5,47800	45
5,47867	45
5,47933	45
5,48000	45
5,48067	45
5,48133	45
5,48200	45
5,48267	45
5,48333	45
5,48400	45
5,48467	45
5,48533	45
5,48600	45
5,48667	44
5,48733	44
5,48800	44
5,48867	44
5,48933	43
5,49000	43
5,49067	43
5,49133	42
5,49200	42
5,49267	42
5,49333	42
5,49400	42
5,49467	42
5,49533	42
5,49600	42
5,49667	42
5,49733	42
5,49800	42
5,49867	43
5,49933	43
5,50000	44
5,50067	45
5,50133	46
5,50200	47
5,50267	49
5,50333	51
5,50400	54
5,50467	57
5,50533	61
5,50600	66
5,50667	71
5,50733	78
5,50800	85
5,50867	93
5,50933	103
5,51000	114
5,51067	126
5,51133	140
5,51200	154
5,51267	170
5,51333	187
5,51400	205
5,51467	224
5,51533	244
5,51600	264
5,51667	285
5,51733	305
5,51800	326
5,51867	346
5,51933	366
5,52000	385
5,52067	403
5,52133	419
5,52200	434
5,52267	447
5,52333	458
5,52400	468
5,52467	474
5,52533	479
5,52600	482
5,52667	482
5,52733	481
5,52800	478
5,52867	472
5,52933	465
5,53000	457
5,53067	447
5,53133	436
5,53200	424
5,53267	411
5,53333	397
5,53400	383
5,53467	368
5,53533	353
5,53600	338
5,53667	323
5,53733	308
5,53800	293
5,53867	279
5,53933	264
5,54000	251
5,54067	237
5,54133	225
5,54200	212
5,54267	201
5,54333	190
5,54400	180
5,54467	170
5,54533	161
5,54600	152
5,54667	144
5,54733	136
5,54800	129
5,54867	122
5,54933	116
5,55000	110
5,55067	104
5,55133	99
5,55200	94
5,55267	90
5,55333	86
5,55400	82
5,55467	78
5,55533	75
5,55600	72
5,55667	70
5,55733	67
5,55800	65
5,55867	63
5,55933	61
5,56000	60
5,56067	59
5,56133	57
5,56200	56
5,56267	56
5,56333	55
5,56400	54
5,56467	53
5,56533	53
5,56600	52
5,56667	52
5,56733	52
5,56800	51
5,56867	51
5,56933	51
5,57000	50
5,57067	50
5,57133	50
5,57200	50
5,57267	50
5,57333	50
5,57400	50
5,57467	50
5,57533	50
5,57600	50
5,57667	50
5,57733	50
5,57800	50
5,57867	50
5,57933	50
5,58000	50
5,58067	50
5,58133	50
5,58200	49
5,58267	49
5,58333	49
5,58400	48
5,58467	48
5,58533	48
5,58600	47
5,58667	47
5,58733	46
5,58800	46
5,58867	46
5,58933	45
5,59000	45
5,59067	44
5,59133	44
5,59200	44
5,59267	43
5,59333	43
5,59400	42
5,59467	42
5,59533	42
5,59600	41
5,59667	41
5,59733	41
5,59800	40
5,59867	40
5,59933	40
5,60000	40
5,60067	39
5,60133	39
5,60200	39
5,60267	39
5,60333	39
5,60400	39
5,60467	39
5,60533	39
5,60600	39
5,60667	39
5,60733	39
5,60800	39
5,60867	39
5,60933	39
5,61000	38
5,61067	38
5,61133	37
5,61200	37
5,61267	37
5,61333	36
5,61400	36
5,61467	35
5,61533	35
5,61600	35
5,61667	34
5,61733	34
5,61800	34
5,61867	34
5,61933	34
5,62000	34
5,62067	34
5,62133	34
5,62200	34
5,62267	34
5,62333	34
5,62400	34
5,62467	34
5,62533	34
5,62600	34
5,62667	34
5,62733	34
5,62800	34
5,62867	34
5,62933	34
5,63000	34
5,63067	34
5,63133	34
5,63200	34
5,63267	34
5,63333	34
5,63400	34
5,63467	33
5,63533	33
5,63600	33
5,63667	33
5,63733	33
5,63800	32
5,63867	32
5,63933	31
5,64000	31
5,64067	31
5,64133	31
5,64200	31
5,64267	30
5,64333	30
5,64400	30
5,64467	30
5,64533	30
5,64600	30
5,64667	29
5,64733	29
5,64800	29
5,64867	29
5,64933	29
5,65000	28
5,65067	28
5,65133	28
5,65200	28
5,65267	28
5,65333	27
5,65400	27
5,65467	27
5,65533	27
5,65600	27
5,65667	27
5,65733	27
5,65800	27
5,65867	27
5,65933	27
5,66000	27
5,66067	27
5,66133	27
5,66200	27
5,66267	27
5,66333	27
5,66400	28
5,66467	28
5,66533	28
5,66600	28
5,66667	28
5,66733	28
5,66800	28
5,66867	29
5,66933	29
5,67000	29
5,67067	30
5,67133	30
5,67200	30
5,67267	30
5,67333	30
5,67400	31
5,67467	31
5,67533	31
5,67600	31
5,67667	31
5,67733	31
5,67800	31
5,67867	31
5,67933	32
5,68000	32
5,68067	32
5,68133	32
5,68200	32
5,68267	32
5,68333	31
5,68400	31
5,68467	31
5,68533	31
5,68600	31
5,68667	30
5,68733	30
5,68800	30
5,68867	30
5,68933	29
5,69000	29
5,69067	28
5,69133	28
5,69200	27
5,69267	27
5,69333	27
5,69400	26
5,69467	26
5,69533	26
5,69600	26
5,69667	25
5,69733	25
5,69800	25
5,69867	25
5,69933	25
5,70000	25
5,70067	25
5,70133	25
5,70200	25
5,70267	25
5,70333	25
5,70400	24
5,70467	24
5,70533	24
5,70600	24
5,70667	24
5,70733	24
5,70800	24
5,70867	23
5,70933	23
5,71000	23
5,71067	23
5,71133	23
5,71200	23
5,71267	24
5,71333	24
5,71400	23
5,71467	23
5,71533	23
5,71600	23
5,71667	23
5,71733	22
5,71800	22
5,71867	22
5,71933	21
5,72000	21
5,72067	21
5,72133	21
5,72200	21
5,72267	21
5,72333	21
5,72400	21
5,72467	21
5,72533	22
5,72600	22
5,72667	22
5,72733	22
5,72800	22
5,72867	22
5,72933	22
5,73000	22
5,73067	22
5,73133	22
5,73200	22
5,73267	22
5,73333	22
5,73400	22
5,73467	23
5,73533	23
5,73600	23
5,73667	23
5,73733	23
5,73800	23
5,73867	24
5,73933	24
5,74000	24
5,74067	24
5,74133	24
5,74200	24
5,74267	24
5,74333	24
5,74400	24
5,74467	24
5,74533	24
5,74600	24
5,74667	24
5,74733	24
5,74800	24
5,74867	24
5,74933	23
5,75000	23
5,75067	23
5,75133	23
5,75200	23
5,75267	23
5,75333	23
5,75400	23
5,75467	23
5,75533	23
5,75600	23
5,75667	23
5,75733	23
5,75800	24
5,75867	24
5,75933	24
5,76000	24
5,76067	24
5,76133	24
5,76200	25
5,76267	25
5,76333	25
5,76400	26
5,76467	27
5,76533	27
5,76600	28
5,76667	28
5,76733	29
5,76800	29
5,76867	30
5,76933	30
5,77000	31
5,77067	31
5,77133	31
5,77200	32
5,77267	32
5,77333	32
5,77400	33
5,77467	33
5,77533	34
5,77600	34
5,77667	35
5,77733	35
5,77800	36
5,77867	36
5,77933	37
5,78000	37
5,78067	37
5,78133	38
5,78200	38
5,78267	38
5,78333	39
5,78400	39
5,78467	39
5,78533	40
5,78600	40
5,78667	40
5,78733	40
5,78800	40
5,78867	40
5,78933	41
5,79000	41
5,79067	41
5,79133	41
5,79200	40
5,79267	40
5,79333	40
5,79400	40
5,79467	40
5,79533	40
5,79600	40
5,79667	40
5,79733	40
5,79800	40
5,79867	40
5,79933	40
5,80000	40
5,80067	40
5,80133	41
5,80200	41
5,80267	42
5,80333	42
5,80400	43
5,80467	43
5,80533	43
5,80600	44
5,80667	44
5,80733	44
5,80800	44
5,80867	44
5,80933	45
5,81000	45
5,81067	45
5,81133	45
5,81200	45
5,81267	45
5,81333	45
5,81400	45
5,81467	46
5,81533	46
5,81600	46
5,81667	46
5,81733	46
5,81800	46
5,81867	46
5,81933	46
5,82000	46
5,82067	46
5,82133	45
5,82200	45
5,82267	45
5,82333	45
5,82400	45
5,82467	45
5,82533	45
5,82600	45
5,82667	45
5,82733	45
5,82800	45
5,82867	45
5,82933	45
5,83000	45
5,83067	44
5,83133	44
5,83200	44
5,83267	44
5,83333	44
5,83400	44
5,83467	44
5,83533	44
5,83600	44
5,83667	44
5,83733	44
5,83800	44
5,83867	44
5,83933	44
5,84000	44
5,84067	44
5,84133	44
5,84200	44
5,84267	44
5,84333	44
5,84400	44
5,84467	44
5,84533	43
5,84600	43
5,84667	43
5,84733	43
5,84800	43
5,84867	43
5,84933	43
5,85000	44
5,85067	44
5,85133	44
5,85200	44
5,85267	44
5,85333	44
5,85400	44
5,85467	44
5,85533	44
5,85600	44
5,85667	44
5,85733	44
5,85800	44
5,85867	44
5,85933	44
5,86000	43
5,86067	43
5,86133	43
5,86200	43
5,86267	43
5,86333	43
5,86400	43
5,86467	43
5,86533	43
5,86600	43
5,86667	43
5,86733	43
5,86800	43
5,86867	43
5,86933	44
5,87000	44
5,87067	44
5,87133	44
5,87200	44
5,87267	44
5,87333	44
5,87400	44
5,87467	44
5,87533	45
5,87600	45
5,87667	45
5,87733	45
5,87800	45
5,87867	45
5,87933	46
5,88000	46
5,88067	46
5,88133	46
5,88200	46
5,88267	46
5,88333	46
5,88400	46
5,88467	47
5,88533	47
5,88600	47
5,88667	47
5,88733	47
5,88800	47
5,88867	47
5,88933	47
5,89000	47
5,89067	47
5,89133	48
5,89200	48
5,89267	49
5,89333	49
5,89400	49
5,89467	49
5,89533	49
5,89600	49
5,89667	50
5,89733	50
5,89800	49
5,89867	49
5,89933	49
5,90000	49
5,90067	48
5,90133	48
5,90200	48
5,90267	47
5,90333	47
5,90400	47
5,90467	47
5,90533	47
5,90600	47
5,90667	47
5,90733	47
5,90800	47
5,90867	47
5,90933	47
5,91000	47
5,91067	47
5,91133	47
5,91200	47
5,91267	47
5,91333	46
5,91400	46
5,91467	46
5,91533	45
5,91600	45
5,91667	45
5,91733	45
5,91800	45
5,91867	45
5,91933	45
5,92000	45
5,92067	45
5,92133	45
5,92200	45
5,92267	46
5,92333	46
5,92400	46
5,92467	46
5,92533	47
5,92600	47
5,92667	47
5,92733	47
5,92800	47
5,92867	47
5,92933	47
5,93000	47
5,93067	47
5,93133	47
5,93200	47
5,93267	47
5,93333	47
5,93400	47
5,93467	47
5,93533	47
5,93600	47
5,93667	47
5,93733	48
5,93800	48
5,93867	48
5,93933	48
5,94000	48
5,94067	48
5,94133	48
5,94200	48
5,94267	48
5,94333	48
5,94400	48
5,94467	48
5,94533	48
5,94600	49
5,94667	49
5,94733	49
5,94800	49
5,94867	49
5,94933	50
5,95000	50
5,95067	50
5,95133	50
5,95200	50
5,95267	50
5,95333	50
5,95400	50
5,95467	50
5,95533	50
5,95600	50
5,95667	50
5,95733	49
5,95800	49
5,95867	49
5,95933	48
5,96000	48
5,96067	48
5,96133	47
5,96200	47
5,96267	47
5,96333	46
5,96400	46
5,96467	46
5,96533	45
5,96600	45
5,96667	45
5,96733	45
5,96800	45
5,96867	45
5,96933	46
5,97000	46
5,97067	46
5,97133	46
5,97200	46
5,97267	45
5,97333	45
5,97400	45
5,97467	45
5,97533	45
5,97600	45
5,97667	45
5,97733	45
5,97800	45
5,97867	45
5,97933	45
5,98000	45
5,98067	46
5,98133	46
5,98200	46
5,98267	47
5,98333	47
5,98400	47
5,98467	48
5,98533	48
5,98600	48
5,98667	49
5,98733	49
5,98800	49
5,98867	50
5,98933	50
5,99000	50
5,99067	51
5,99133	51
5,99200	51
5,99267	52
5,99333	52
5,99400	52
5,99467	51
5,99533	51
5,99600	51
5,99667	51
5,99733	51
5,99800	51
5,99867	51
5,99933	50
6,00000	50
6,00067	50
6,00133	50
6,00200	50
6,00267	49
6,00333	49
6,00400	49
6,00467	49
6,00533	48
6,00600	48
6,00667	48
6,00733	47
6,00800	47
6,00867	47
6,00933	47
6,01000	47
6,01067	47
6,01133	47
6,01200	46
6,01267	46
6,01333	46
6,01400	46
6,01467	46
6,01533	47
6,01600	47
6,01667	47
6,01733	47
6,01800	47
6,01867	47
6,01933	47
6,02000	47
6,02067	47
6,02133	47
6,02200	47
6,02267	47
6,02333	47
6,02400	46
6,02467	46
6,02533	46
6,02600	46
6,02667	46
6,02733	46
6,02800	46
6,02867	45
6,02933	45
6,03000	45
6,03067	45
6,03133	45
6,03200	45
6,03267	45
6,03333	45
6,03400	45
6,03467	45
6,03533	45
6,03600	45
6,03667	45
6,03733	45
6,03800	45
6,03867	45
6,03933	45
6,04000	45
6,04067	45
6,04133	45
6,04200	45
6,04267	45
6,04333	45
6,04400	45
6,04467	45
6,04533	45
6,04600	45
6,04667	45
6,04733	45
6,04800	46
6,04867	46
6,04933	46
6,05000	45
6,05067	45
6,05133	45
6,05200	45
6,05267	45
6,05333	45
6,05400	45
6,05467	45
6,05533	45
6,05600	45
6,05667	45
6,05733	45
6,05800	45
6,05867	45
6,05933	45
6,06000	45
6,06067	45
6,06133	45
6,06200	45
6,06267	45
6,06333	45
6,06400	45
6,06467	46
6,06533	46
6,06600	46
6,06667	47
6,06733	47
6,06800	48
6,06867	48
6,06933	48
6,07000	49
6,07067	49
6,07133	49
6,07200	49
6,07267	50
6,07333	50
6,07400	50
6,07467	51
6,07533	51
6,07600	51
6,07667	52
6,07733	52
6,07800	53
6,07867	53
6,07933	54
6,08000	54
6,08067	55
6,08133	55
6,08200	56
6,08267	56
6,08333	57
6,08400	58
6,08467	59
6,08533	60
6,08600	61
6,08667	61
6,08733	62
6,08800	63
6,08867	64
6,08933	65
6,09000	66
6,09067	67
6,09133	68
6,09200	69
6,09267	69
6,09333	70
6,09400	71
6,09467	71
6,09533	72
6,09600	73
6,09667	74
6,09733	74
6,09800	75
6,09867	75
6,09933	76
6,10000	76
6,10067	77
6,10133	77
6,10200	78
6,10267	78
6,10333	79
6,10400	80
6,10467	80
6,10533	81
6,10600	81
6,10667	82
6,10733	82
6,10800	83
6,10867	83
6,10933	83
6,11000	84
6,11067	84
6,11133	84
6,11200	84
6,11267	84
6,11333	84
6,11400	84
6,11467	84
6,11533	84
6,11600	84
6,11667	84
6,11733	84
6,11800	84
6,11867	84
6,11933	84
6,12000	84
6,12067	84
6,12133	84
6,12200	84
6,12267	84
6,12333	84
6,12400	84
6,12467	84
6,12533	84
6,12600	84
6,12667	84
6,12733	84
6,12800	84
6,12867	84
6,12933	84
6,13000	84
6,13067	85
6,13133	85
6,13200	85
6,13267	85
6,13333	85
6,13400	85
6,13467	85
6,13533	85
6,13600	85
6,13667	85
6,13733	85
6,13800	85
6,13867	84
6,13933	84
6,14000	84
6,14067	83
6,14133	83
6,14200	83
6,14267	82
6,14333	81
6,14400	81
6,14467	80
6,14533	80
6,14600	79
6,14667	79
6,14733	79
6,14800	78
6,14867	78
6,14933	78
6,15000	78
6,15067	78
6,15133	78
6,15200	78
6,15267	78
6,15333	78
6,15400	78
6,15467	78
6,15533	77
6,15600	77
6,15667	77
6,15733	77
6,15800	77
6,15867	77
6,15933	77
6,16000	77
6,16067	77
6,16133	77
6,16200	77
6,16267	77
6,16333	77
6,16400	77
6,16467	76
6,16533	76
6,16600	76
6,16667	75
6,16733	75
6,16800	74
6,16867	73
6,16933	73
6,17000	73
6,17067	73
6,17133	72
6,17200	72
6,17267	72
6,17333	72
6,17400	72
6,17467	71
6,17533	71
6,17600	71
6,17667	70
6,17733	70
6,17800	70
6,17867	70
6,17933	70
6,18000	69
6,18067	69
6,18133	69
6,18200	69
6,18267	69
6,18333	69
6,18400	69
6,18467	69
6,18533	70
6,18600	70
6,18667	70
6,18733	70
6,18800	70
6,18867	71
6,18933	71
6,19000	71
6,19067	71
6,19133	71
6,19200	71
6,19267	71
6,19333	70
6,19400	70
6,19467	70
6,19533	70
6,19600	70
6,19667	70
6,19733	70
6,19800	70
6,19867	70
6,19933	70
6,20000	69
6,20067	69
6,20133	69
6,20200	69
6,20267	69
6,20333	69
6,20400	69
6,20467	69
6,20533	69
6,20600	70
6,20667	70
6,20733	70
6,20800	70
6,20867	70
6,20933	70
6,21000	70
6,21067	70
6,21133	70
6,21200	70
6,21267	71
6,21333	71
6,21400	71
6,21467	71
6,21533	71
6,21600	71
6,21667	72
6,21733	72
6,21800	72
6,21867	72
6,21933	73
6,22000	73
6,22067	73
6,22133	74
6,22200	75
6,22267	75
6,22333	76
6,22400	77
6,22467	78
6,22533	79
6,22600	80
6,22667	81
6,22733	82
6,22800	83
6,22867	84
6,22933	85
6,23000	86
6,23067	86
6,23133	87
6,23200	88
6,23267	88
6,23333	89
6,23400	89
6,23467	90
6,23533	91
6,23600	91
6,23667	92
6,23733	93
6,23800	93
6,23867	94
6,23933	94
6,24000	95
6,24067	95
6,24133	95
6,24200	96
6,24267	96
6,24333	96
6,24400	96
6,24467	96
6,24533	97
6,24600	97
6,24667	97
6,24733	98
6,24800	98
6,24867	99
6,24933	99
6,25000	99
6,25067	100
6,25133	100
6,25200	101
6,25267	101
6,25333	101
6,25400	102
6,25467	102
6,25533	102
6,25600	103
6,25667	103
6,25733	104
6,25800	104
6,25867	104
6,25933	104
6,26000	104
6,26067	104
6,26133	104
6,26200	104
6,26267	104
6,26333	104
6,26400	104
6,26467	104
6,26533	104
6,26600	104
6,26667	104
6,26733	104
6,26800	104
6,26867	104
6,26933	104
6,27000	104
6,27067	104
6,27133	104
6,27200	105
6,27267	105
6,27333	105
6,27400	105
6,27467	105
6,27533	105
6,27600	106
6,27667	106
6,27733	106
6,27800	107
6,27867	107
6,27933	108
6,28000	108
6,28067	109
6,28133	109
6,28200	110
6,28267	110
6,28333	111
6,28400	111
6,28467	111
6,28533	112
6,28600	112
6,28667	112
6,28733	113
6,28800	114
6,28867	114
6,28933	115
6,29000	115
6,29067	116
6,29133	116
6,29200	117
6,29267	117
6,29333	117
6,29400	117
6,29467	117
6,29533	117
6,29600	117
6,29667	117
6,29733	117
6,29800	118
6,29867	118
6,29933	118
6,30000	118
6,30067	118
6,30133	119
6,30200	119
6,30267	120
6,30333	120
6,30400	120
6,30467	120
6,30533	120
6,30600	120
6,30667	120
6,30733	120
6,30800	120
6,30867	120
6,30933	120
6,31000	120
6,31067	120
6,31133	121
6,31200	121
6,31267	121
6,31333	121
6,31400	122
6,31467	122
6,31533	122
6,31600	122
6,31667	122
6,31733	122
6,31800	122
6,31867	122
6,31933	123
6,32000	123
6,32067	123
6,32133	123
6,32200	124
6,32267	124
6,32333	124
6,32400	124
6,32467	124
6,32533	124
6,32600	124
6,32667	124
6,32733	124
6,32800	124
6,32867	123
6,32933	123
6,33000	123
6,33067	123
6,33133	122
6,33200	122
6,33267	122
6,33333	121
6,33400	121
6,33467	121
6,33533	120
6,33600	120
6,33667	119
6,33733	119
6,33800	119
6,33867	118
6,33933	118
6,34000	118
6,34067	118
6,34133	119
6,34200	119
6,34267	119
6,34333	119
6,34400	120
6,34467	120
6,34533	120
6,34600	121
6,34667	121
6,34733	121
6,34800	122
6,34867	122
6,34933	122
6,35000	122
6,35067	122
6,35133	122
6,35200	122
6,35267	122
6,35333	121
6,35400	121
6,35467	121
6,35533	121
6,35600	121
6,35667	120
6,35733	120
6,35800	120
6,35867	119
6,35933	119
6,36000	119
6,36067	118
6,36133	118
6,36200	118
6,36267	118
6,36333	119
6,36400	120
6,36467	121
6,36533	124
6,36600	128
6,36667	135
6,36733	145
6,36800	160
6,36867	182
6,36933	214
6,37000	258
6,37067	320
6,37133	405
6,37200	522
6,37267	678
6,37333	885
6,37400	1154
6,37467	1499
6,37533	1934
6,37600	2477
6,37667	3142
6,37733	3943
6,37800	4898
6,37867	6023
6,37933	7327
6,38000	8821
6,38067	10518
6,38133	12430
6,38200	14567
6,38267	16933
6,38333	19525
6,38400	22341
6,38467	25378
6,38533	28629
6,38600	32088
6,38667	35752
6,38733	39618
6,38800	43680
6,38867	47930
6,38933	52351
6,39000	56922
6,39067	61613
6,39133	66395
6,39200	71228
6,39267	76067
6,39333	80866
6,39400	85584
6,39467	90178
6,39533	94582
6,39600	98719
6,39667	102507
6,39733	105872
6,39800	108750
6,39867	111088
6,39933	112852
6,40000	114016
6,40067	114562
6,40133	114488
6,40200	113809
6,40267	112552
6,40333	110762
6,40400	108487
6,40467	105781
6,40533	102703
6,40600	99316
6,40667	95679
6,40733	91850
6,40800	87884
6,40867	83833
6,40933	79742
6,41000	75652
6,41067	71599
6,41133	67612
6,41200	63714
6,41267	59927
6,41333	56267
6,41400	52745
6,41467	49371
6,41533	46151
6,41600	43087
6,41667	40181
6,41733	37432
6,41800	34840
6,41867	32400
6,41933	30109
6,42000	27962
6,42067	25953
6,42133	24076
6,42200	22326
6,42267	20697
6,42333	19181
6,42400	17773
6,42467	16467
6,42533	15256
6,42600	14134
6,42667	13096
6,42733	12135
6,42800	11248
6,42867	10428
6,42933	9671
6,43000	8972
6,43067	8328
6,43133	7733
6,43200	7186
6,43267	6681
6,43333	6216
6,43400	5787
6,43467	5392
6,43533	5028
6,43600	4692
6,43667	4383
6,43733	4098
6,43800	3835
6,43867	3593
6,43933	3370
6,44000	3164
6,44067	2974
6,44133	2799
6,44200	2637
6,44267	2488
6,44333	2350
6,44400	2223
6,44467	2105
6,44533	1996
6,44600	1895
6,44667	1802
6,44733	1716
6,44800	1636
6,44867	1561
6,44933	1492
6,45000	1429
6,45067	1369
6,45133	1314
6,45200	1262
6,45267	1214
6,45333	1170
6,45400	1128
6,45467	1089
6,45533	1053
6,45600	1019
6,45667	987
6,45733	958
6,45800	930
6,45867	904
6,45933	879
6,46000	856
6,46067	835
6,46133	814
6,46200	795
6,46267	776
6,46333	758
6,46400	741
6,46467	725
6,46533	710
6,46600	695
6,46667	681
6,46733	668
6,46800	655
6,46867	642
6,46933	631
6,47000	619
6,47067	608
6,47133	597
6,47200	587
6,47267	577
6,47333	567
6,47400	558
6,47467	548
6,47533	540
6,47600	531
6,47667	523
6,47733	515
6,47800	508
6,47867	501
6,47933	494
6,48000	487
6,48067	481
6,48133	475
6,48200	470
6,48267	464
6,48333	459
6,48400	454
6,48467	449
6,48533	444
6,48600	440
6,48667	435
6,48733	430
6,48800	425
6,48867	421
6,48933	416
6,49000	412
6,49067	408
6,49133	404
6,49200	400
6,49267	396
6,49333	392
6,49400	388
6,49467	385
6,49533	381
6,49600	378
6,49667	375
6,49733	372
6,49800	369
6,49867	366
6,49933	363
6,50000	361
6,50067	359
6,50133	356
6,50200	354
6,50267	351
6,50333	349
6,50400	347
6,50467	344
6,50533	342
6,50600	340
6,50667	338
6,50733	336
6,50800	333
6,50867	332
6,50933	330
6,51000	328
6,51067	326
6,51133	325
6,51200	323
6,51267	322
6,51333	321
6,51400	320
6,51467	318
6,51533	317
6,51600	316
6,51667	315
6,51733	315
6,51800	314
6,51867	314
6,51933	313
6,52000	314
6,52067	314
6,52133	315
6,52200	316
6,52267	318
6,52333	319
6,52400	321
6,52467	324
6,52533	326
6,52600	329
6,52667	332
6,52733	335
6,52800	338
6,52867	342
6,52933	346
6,53000	350
6,53067	354
6,53133	359
6,53200	363
6,53267	368
6,53333	373
6,53400	377
6,53467	382
6,53533	386
6,53600	391
6,53667	396
6,53733	400
6,53800	405
6,53867	409
6,53933	413
6,54000	417
6,54067	420
6,54133	423
6,54200	427
6,54267	430
6,54333	432
6,54400	435
6,54467	438
6,54533	441
6,54600	443
6,54667	445
6,54733	448
6,54800	450
6,54867	452
6,54933	453
6,55000	455
6,55067	456
6,55133	458
6,55200	459
6,55267	460
6,55333	461
6,55400	461
6,55467	462
6,55533	462
6,55600	462
6,55667	462
6,55733	462
6,55800	462
6,55867	461
6,55933	461
6,56000	460
6,56067	459
6,56133	458
6,56200	456
6,56267	454
6,56333	452
6,56400	450
6,56467	448
6,56533	446
6,56600	444
6,56667	442
6,56733	440
6,56800	438
6,56867	436
6,56933	433
6,57000	431
6,57067	429
6,57133	427
6,57200	425
6,57267	423
6,57333	421
6,57400	419
6,57467	417
6,57533	415
6,57600	413
6,57667	411
6,57733	409
6,57800	407
6,57867	405
6,57933	403
6,58000	401
6,58067	400
6,58133	398
6,58200	396
6,58267	395
6,58333	394
6,58400	392
6,58467	391
6,58533	390
6,58600	389
6,58667	388
6,58733	387
6,58800	386
6,58867	384
6,58933	383
6,59000	382
6,59067	380
6,59133	379
6,59200	377
6,59267	376
6,59333	374
6,59400	373
6,59467	372
6,59533	370
6,59600	369
6,59667	367
6,59733	365
6,59800	364
6,59867	362
6,59933	361
6,60000	359
6,60067	358
6,60133	357
6,60200	355
6,60267	354
6,60333	353
6,60400	352
6,60467	350
6,60533	349
6,60600	349
6,60667	348
6,60733	347
6,60800	346
6,60867	346
6,60933	345
6,61000	345
6,61067	345
6,61133	345
6,61200	345
6,61267	345
6,61333	345
6,61400	345
6,61467	345
6,61533	345
6,61600	346
6,61667	346
6,61733	347
6,61800	347
6,61867	348
6,61933	348
6,62000	349
6,62067	350
6,62133	351
6,62200	352
6,62267	353
6,62333	354
6,62400	354
6,62467	354
6,62533	354
6,62600	354
6,62667	354
6,62733	353
6,62800	352
6,62867	351
6,62933	349
6,63000	348
6,63067	346
6,63133	344
6,63200	342
6,63267	340
6,63333	337
6,63400	335
6,63467	333
6,63533	330
6,63600	327
6,63667	325
6,63733	322
6,63800	319
6,63867	317
6,63933	314
6,64000	312
6,64067	310
6,64133	308
6,64200	306
6,64267	304
6,64333	302
6,64400	301
6,64467	299
6,64533	297
6,64600	296
6,64667	294
6,64733	292
6,64800	291
6,64867	289
6,64933	287
6,65000	286
6,65067	284
6,65133	283
6,65200	282
6,65267	280
6,65333	279
6,65400	277
6,65467	276
6,65533	275
6,65600	273
6,65667	271
6,65733	270
6,65800	269
6,65867	267
6,65933	266
6,66000	265
6,66067	264
6,66133	263
6,66200	262
6,66267	260
6,66333	259
6,66400	258
6,66467	257
6,66533	255
6,66600	254
6,66667	253
6,66733	251
6,66800	250
6,66867	248
6,66933	246
6,67000	245
6,67067	243
6,67133	242
6,67200	241
6,67267	239
6,67333	238
6,67400	237
6,67467	236
6,67533	235
6,67600	233
6,67667	232
6,67733	231
6,67800	230
6,67867	229
6,67933	227
6,68000	226
6,68067	225
6,68133	224
6,68200	223
6,68267	222
6,68333	220
6,68400	219
6,68467	218
6,68533	217
6,68600	216
6,68667	215
6,68733	214
6,68800	213
6,68867	212
6,68933	211
6,69000	210
6,69067	210
6,69133	209
6,69200	209
6,69267	209
6,69333	208
6,69400	208
6,69467	207
6,69533	207
6,69600	206
6,69667	205
6,69733	205
6,69800	204
6,69867	204
6,69933	203
6,70000	203
6,70067	202
6,70133	202
6,70200	201
6,70267	200
6,70333	200
6,70400	199
6,70467	199
6,70533	199
6,70600	198
6,70667	198
6,70733	197
6,70800	197
6,70867	196
6,70933	195
6,71000	194
6,71067	194
6,71133	193
6,71200	192
6,71267	191
6,71333	191
6,71400	190
6,71467	189
6,71533	189
6,71600	188
6,71667	187
6,71733	187
6,71800	186
6,71867	185
6,71933	184
6,72000	183
6,72067	183
6,72133	182
6,72200	181
6,72267	180
6,72333	180
6,72400	179
6,72467	178
6,72533	177
6,72600	176
6,72667	176
6,72733	175
6,72800	174
6,72867	173
6,72933	172
6,73000	171
6,73067	171
6,73133	170
6,73200	169
6,73267	168
6,73333	168
6,73400	167
6,73467	167
6,73533	166
6,73600	166
6,73667	165
6,73733	165
6,73800	165
6,73867	164
6,73933	164
6,74000	163
6,74067	162
6,74133	162
6,74200	161
6,74267	160
6,74333	160
6,74400	159
6,74467	159
6,74533	158
6,74600	158
6,74667	157
6,74733	157
6,74800	157
6,74867	157
6,74933	157
6,75000	158
6,75067	158
6,75133	159
6,75200	160
6,75267	161
6,75333	162
6,75400	163
6,75467	164
6,75533	165
6,75600	166
6,75667	167
6,75733	168
6,75800	170
6,75867	171
6,75933	173
6,76000	175
6,76067	176
6,76133	178
6,76200	180
6,76267	181
6,76333	183
6,76400	184
6,76467	185
6,76533	187
6,76600	188
6,76667	188
6,76733	189
6,76800	190
6,76867	190
6,76933	190
6,77000	190
6,77067	190
6,77133	190
6,77200	190
6,77267	189
6,77333	188
6,77400	187
6,77467	185
6,77533	184
6,77600	183
6,77667	181
6,77733	180
6,77800	178
6,77867	176
6,77933	175
6,78000	173
6,78067	172
6,78133	170
6,78200	169
6,78267	167
6,78333	166
6,78400	164
6,78467	163
6,78533	162
6,78600	160
6,78667	159
6,78733	158
6,78800	157
6,78867	156
6,78933	155
6,79000	155
6,79067	154
6,79133	153
6,79200	152
6,79267	150
6,79333	149
6,79400	148
6,79467	148
6,79533	147
6,79600	146
6,79667	145
6,79733	144
6,79800	143
6,79867	143
6,79933	142
6,80000	141
6,80067	141
6,80133	140
6,80200	139
6,80267	139
6,80333	139
6,80400	138
6,80467	138
6,80533	138
6,80600	138
6,80667	137
6,80733	137
6,80800	137
6,80867	136
6,80933	136
6,81000	136
6,81067	135
6,81133	135
6,81200	135
6,81267	134
6,81333	134
6,81400	133
6,81467	133
6,81533	132
6,81600	132
6,81667	131
6,81733	131
6,81800	130
6,81867	130
6,81933	129
6,82000	129
6,82067	128
6,82133	128
6,82200	128
6,82267	127
6,82333	127
6,82400	126
6,82467	126
6,82533	125
6,82600	125
6,82667	124
6,82733	124
6,82800	124
6,82867	123
6,82933	123
6,83000	123
6,83067	123
6,83133	122
6,83200	122
6,83267	122
6,83333	122
6,83400	122
6,83467	122
6,83533	122
6,83600	121
6,83667	121
6,83733	121
6,83800	121
6,83867	121
6,83933	120
6,84000	120
6,84067	120
6,84133	119
6,84200	119
6,84267	119
6,84333	118
6,84400	118
6,84467	117
6,84533	117
6,84600	116
6,84667	116
6,84733	115
6,84800	115
6,84867	115
6,84933	114
6,85000	114
6,85067	114
6,85133	113
6,85200	113
6,85267	112
6,85333	112
6,85400	112
6,85467	112
6,85533	112
6,85600	112
6,85667	112
6,85733	112
6,85800	112
6,85867	112
6,85933	112
6,86000	112
6,86067	112
6,86133	112
6,86200	112
6,86267	112
6,86333	112
6,86400	112
6,86467	112
6,86533	112
6,86600	112
6,86667	112
6,86733	113
6,86800	113
6,86867	113
6,86933	114
6,87000	114
6,87067	114
6,87133	115
6,87200	115
6,87267	115
6,87333	116
6,87400	116
6,87467	117
6,87533	118
6,87600	118
6,87667	119
6,87733	120
6,87800	121
6,87867	122
6,87933	123
6,88000	124
6,88067	126
6,88133	127
6,88200	128
6,88267	130
6,88333	131
6,88400	132
6,88467	134
6,88533	135
6,88600	136
6,88667	138
6,88733	139
6,88800	141
6,88867	142
6,88933	144
6,89000	145
6,89067	147
6,89133	148
6,89200	149
6,89267	151
6,89333	152
6,89400	153
6,89467	154
6,89533	156
6,89600	157
6,89667	158
6,89733	160
6,89800	161
6,89867	162
6,89933	164
6,90000	165
6,90067	166
6,90133	168
6,90200	169
6,90267	170
6,90333	172
6,90400	173
6,90467	174
6,90533	175
6,90600	177
6,90667	178
6,90733	179
6,90800	180
6,90867	181
6,90933	182
6,91000	183
6,91067	184
6,91133	184
6,91200	185
6,91267	185
6,91333	186
6,91400	186
6,91467	186
6,91533	186
6,91600	187
6,91667	187
6,91733	187
6,91800	187
6,91867	187
6,91933	187
6,92000	187
6,92067	187
6,92133	187
6,92200	187
6,92267	187
6,92333	187
6,92400	187
6,92467	187
6,92533	187
6,92600	187
6,92667	186
6,92733	186
6,92800	186
6,92867	186
6,92933	185
6,93000	185
6,93067	185
6,93133	185
6,93200	185
6,93267	184
6,93333	184
6,93400	184
6,93467	183
6,93533	183
6,93600	182
6,93667	182
6,93733	181
6,93800	181
6,93867	180
6,93933	180
6,94000	180
6,94067	180
6,94133	179
6,94200	179
6,94267	179
6,94333	179
6,94400	178
6,94467	178
6,94533	177
6,94600	177
6,94667	177
6,94733	176
6,94800	176
6,94867	176
6,94933	175
6,95000	175
6,95067	175
6,95133	175
6,95200	174
6,95267	174
6,95333	174
6,95400	174
6,95467	173
6,95533	173
6,95600	173
6,95667	172
6,95733	172
6,95800	171
6,95867	171
6,95933	171
6,96000	171
6,96067	171
6,96133	171
6,96200	171
6,96267	171
6,96333	171
6,96400	171
6,96467	171
6,96533	171
6,96600	171
6,96667	170
6,96733	170
6,96800	170
6,96867	170
6,96933	170
6,97000	170
6,97067	170
6,97133	170
6,97200	169
6,97267	169
6,97333	169
6,97400	169
6,97467	168
6,97533	168
6,97600	168
6,97667	168
6,97733	168
6,97800	168
6,97867	167
6,97933	167
6,98000	167
6,98067	166
6,98133	166
6,98200	166
6,98267	165
6,98333	165
6,98400	164
6,98467	164
6,98533	163
6,98600	163
6,98667	162
6,98733	162
6,98800	162
6,98867	161
6,98933	161
6,99000	161
6,99067	161
6,99133	161
6,99200	161
6,99267	162
6,99333	162
6,99400	162
6,99467	162
6,99533	162
6,99600	163
6,99667	163
6,99733	163
6,99800	164
6,99867	165
6,99933	165
7,00000	166
7,00067	167
7,00133	168
7,00200	168
7,00267	169
7,00333	170
7,00400	170
7,00467	171
7,00533	172
7,00600	173
7,00667	173
7,00733	174
7,00800	174
7,00867	174
7,00933	174
7,01000	174
7,01067	174
7,01133	174
7,01200	173
7,01267	173
7,01333	172
7,01400	172
7,01467	171
7,01533	171
7,01600	170
7,01667	169
7,01733	168
7,01800	167
7,01867	166
7,01933	165
7,02000	164
7,02067	163
7,02133	162
7,02200	161
7,02267	161
7,02333	160
7,02400	159
7,02467	158
7,02533	158
7,02600	157
7,02667	156
7,02733	155
7,02800	155
7,02867	154
7,02933	153
7,03000	152
7,03067	152
7,03133	151
7,03200	150
7,03267	149
7,03333	148
7,03400	147
7,03467	147
7,03533	146
7,03600	146
7,03667	145
7,03733	145
7,03800	144
7,03867	144
7,03933	143
7,04000	143
7,04067	142
7,04133	141
7,04200	141
7,04267	140
7,04333	140
7,04400	139
7,04467	138
7,04533	138
7,04600	137
7,04667	137
7,04733	136
7,04800	136
7,04867	135
7,04933	135
7,05000	134
7,05067	133
7,05133	133
7,05200	133
7,05267	132
7,05333	132
7,05400	132
7,05467	131
7,05533	131
7,05600	131
7,05667	131
7,05733	130
7,05800	130
7,05867	130
7,05933	129
7,06000	129
7,06067	128
7,06133	128
7,06200	127
7,06267	126
7,06333	126
7,06400	125
7,06467	125
7,06533	125
7,06600	124
7,06667	124
7,06733	123
7,06800	123
7,06867	123
7,06933	122
7,07000	122
7,07067	121
7,07133	121
7,07200	121
7,07267	120
7,07333	120
7,07400	120
7,07467	120
7,07533	120
7,07600	120
7,07667	120
7,07733	120
7,07800	120
7,07867	120
7,07933	120
7,08000	120
7,08067	120
7,08133	120
7,08200	119
7,08267	119
7,08333	119
7,08400	119
7,08467	119
7,08533	119
7,08600	119
7,08667	119
7,08733	119
7,08800	119
7,08867	119
7,08933	118
7,09000	118
7,09067	118
7,09133	118
7,09200	118
7,09267	118
7,09333	118
7,09400	118
7,09467	118
7,09533	118
7,09600	117
7,09667	117
7,09733	117
7,09800	117
7,09867	116
7,09933	116
7,10000	115
7,10067	115
7,10133	115
7,10200	114
7,10267	114
7,10333	114
7,10400	114
7,10467	114
7,10533	114
7,10600	114
7,10667	114
7,10733	114
7,10800	114
7,10867	114
7,10933	115
7,11000	115
7,11067	114
7,11133	114
7,11200	114
7,11267	114
7,11333	114
7,11400	114
7,11467	113
7,11533	113
7,11600	113
7,11667	113
7,11733	113
7,11800	113
7,11867	113
7,11933	113
7,12000	113
7,12067	113
7,12133	113
7,12200	113
7,12267	113
7,12333	113
7,12400	113
7,12467	113
7,12533	113
7,12600	112
7,12667	112
7,12733	112
7,12800	112
7,12867	112
7,12933	112
7,13000	112
7,13067	112
7,13133	112
7,13200	112
7,13267	112
7,13333	113
7,13400	113
7,13467	113
7,13533	113
7,13600	113
7,13667	113
7,13733	113
7,13800	112
7,13867	112
7,13933	112
7,14000	111
7,14067	111
7,14133	111
7,14200	111
7,14267	111
7,14333	110
7,14400	110
7,14467	110
7,14533	110
7,14600	109
7,14667	109
7,14733	109
7,14800	109
7,14867	109
7,14933	109
7,15000	109
7,15067	108
7,15133	108
7,15200	108
7,15267	107
7,15333	107
7,15400	107
7,15467	107
7,15533	106
7,15600	106
7,15667	106
7,15733	106
7,15800	106
7,15867	106
7,15933	105
7,16000	105
7,16067	105
7,16133	105
7,16200	104
7,16267	104
7,16333	104
7,16400	103
7,16467	103
7,16533	102
7,16600	102
7,16667	101
7,16733	101
7,16800	101
7,16867	102
7,16933	102
7,17000	102
7,17067	102
7,17133	102
7,17200	102
7,17267	102
7,17333	103
7,17400	103
7,17467	103
7,17533	103
7,17600	103
7,17667	103
7,17733	102
7,17800	102
7,17867	102
7,17933	102
7,18000	102
7,18067	102
7,18133	102
7,18200	102
7,18267	102
7,18333	101
7,18400	101
7,18467	101
7,18533	101
7,18600	101
7,18667	101
7,18733	101
7,18800	101
7,18867	101
7,18933	100
7,19000	100
7,19067	100
7,19133	100
7,19200	99
7,19267	99
7,19333	99
7,19400	99
7,19467	99
7,19533	98
7,19600	98
7,19667	98
7,19733	98
7,19800	98
7,19867	98
7,19933	98
7,20000	98
7,20067	98
7,20133	98
7,20200	98
7,20267	98
7,20333	98
7,20400	98
7,20467	98
7,20533	98
7,20600	98
7,20667	98
7,20733	98
7,20800	98
7,20867	98
7,20933	98
7,21000	98
7,21067	98
7,21133	98
7,21200	97
7,21267	97
7,21333	97
7,21400	97
7,21467	96
7,21533	96
7,21600	96
7,21667	96
7,21733	96
7,21800	95
7,21867	95
7,21933	96
7,22000	96
7,22067	96
7,22133	96
7,22200	96
7,22267	96
7,22333	96
7,22400	96
7,22467	96
7,22533	96
7,22600	96
7,22667	96
7,22733	96
7,22800	96
7,22867	96
7,22933	95
7,23000	95
7,23067	95
7,23133	95
7,23200	95
7,23267	95
7,23333	95
7,23400	94
7,23467	94
7,23533	94
7,23600	94
7,23667	94
7,23733	94
7,23800	93
7,23867	93
7,23933	93
7,24000	93
7,24067	93
7,24133	93
7,24200	93
7,24267	94
7,24333	94
7,24400	94
7,24467	94
7,24533	95
7,24600	95
7,24667	95
7,24733	95
7,24800	95
7,24867	95
7,24933	96
7,25000	96
7,25067	96
7,25133	96
7,25200	96
7,25267	96
7,25333	96
7,25400	96
7,25467	96
7,25533	95
7,25600	95
7,25667	95
7,25733	95
7,25800	95
7,25867	95
7,25933	95
7,26000	95
7,26067	95
7,26133	95
7,26200	95
7,26267	95
7,26333	95
7,26400	95
7,26467	95
7,26533	95
7,26600	96
7,26667	96
7,26733	96
7,26800	96
7,26867	96
7,26933	96
7,27000	96
7,27067	96
7,27133	96
7,27200	95
7,27267	95
7,27333	95
7,27400	95
7,27467	95
7,27533	95
7,27600	95
7,27667	94
7,27733	94
7,27800	94
7,27867	94
7,27933	94
7,28000	94
7,28067	94
7,28133	93
7,28200	93
7,28267	93
7,28333	93
7,28400	92
7,28467	92
7,28533	91
7,28600	91
7,28667	91
7,28733	90
7,28800	90
7,28867	90
7,28933	90
7,29000	89
7,29067	89
7,29133	89
7,29200	89
7,29267	89
7,29333	89
7,29400	89
7,29467	89
7,29533	89
7,29600	89
7,29667	89
7,29733	89
7,29800	89
7,29867	89
7,29933	89
7,30000	89
7,30067	89
7,30133	89
7,30200	89
7,30267	89
7,30333	88
7,30400	88
7,30467	88
7,30533	88
7,30600	88
7,30667	88
7,30733	88
7,30800	88
7,30867	88
7,30933	88
7,31000	88
7,31067	88
7,31133	88
7,31200	89
7,31267	89
7,31333	89
7,31400	89
7,31467	89
7,31533	89
7,31600	89
7,31667	89
7,31733	89
7,31800	89
7,31867	89
7,31933	89
7,32000	89
7,32067	89
7,32133	89
7,32200	89
7,32267	89
7,32333	89
7,32400	89
7,32467	90
7,32533	90
7,32600	90
7,32667	90
7,32733	91
7,32800	91
7,32867	91
7,32933	92
7,33000	92
7,33067	92
7,33133	92
7,33200	92
7,33267	93
7,33333	93
7,33400	93
7,33467	93
7,33533	94
7,33600	94
7,33667	94
7,33733	95
7,33800	95
7,33867	95
7,33933	95
7,34000	95
7,34067	95
7,34133	94
7,34200	94
7,34267	94
7,34333	94
7,34400	93
7,34467	93
7,34533	93
7,34600	92
7,34667	92
7,34733	92
7,34800	91
7,34867	91
7,34933	90
7,35000	90
7,35067	90
7,35133	89
7,35200	89
7,35267	88
7,35333	88
7,35400	88
7,35467	88
7,35533	88
7,35600	87
7,35667	87
7,35733	87
7,35800	87
7,35867	87
7,35933	87
7,36000	87
7,36067	87
7,36133	87
7,36200	87
7,36267	86
7,36333	86
7,36400	86
7,36467	86
7,36533	86
7,36600	85
7,36667	85
7,36733	85
7,36800	85
7,36867	85
7,36933	84
7,37000	84
7,37067	84
7,37133	84
7,37200	84
7,37267	84
7,37333	84
7,37400	84
7,37467	84
7,37533	84
7,37600	84
7,37667	84
7,37733	84
7,37800	84
7,37867	85
7,37933	85
7,38000	85
7,38067	85
7,38133	85
7,38200	85
7,38267	85
7,38333	85
7,38400	85
7,38467	85
7,38533	85
7,38600	85
7,38667	85
7,38733	85
7,38800	86
7,38867	86
7,38933	86
7,39000	86
7,39067	86
7,39133	86
7,39200	86
7,39267	86
7,39333	85
7,39400	85
7,39467	85
7,39533	84
7,39600	84
7,39667	84
7,39733	83
7,39800	83
7,39867	83
7,39933	82
7,40000	82
7,40067	82
7,40133	82
7,40200	82
7,40267	81
7,40333	81
7,40400	81
7,40467	81
7,40533	80
7,40600	80
7,40667	80
7,40733	80
7,40800	80
7,40867	80
7,40933	80
7,41000	80
7,41067	80
7,41133	81
7,41200	81
7,41267	81
7,41333	81
7,41400	81
7,41467	81
7,41533	81
7,41600	81
7,41667	81
7,41733	81
7,41800	81
7,41867	81
7,41933	81
7,42000	80
7,42067	80
7,42133	80
7,42200	80
7,42267	80
7,42333	80
7,42400	80
7,42467	80
7,42533	79
7,42600	79
7,42667	79
7,42733	78
7,42800	78
7,42867	78
7,42933	78
7,43000	77
7,43067	77
7,43133	77
7,43200	77
7,43267	77
7,43333	77
7,43400	77
7,43467	77
7,43533	77
7,43600	77
7,43667	77
7,43733	77
7,43800	77
7,43867	77
7,43933	77
7,44000	77
7,44067	77
7,44133	77
7,44200	77
7,44267	77
7,44333	77
7,44400	77
7,44467	77
7,44533	77
7,44600	77
7,44667	77
7,44733	78
7,44800	78
7,44867	78
7,44933	78
7,45000	78
7,45067	78
7,45133	78
7,45200	79
7,45267	79
7,45333	79
7,45400	79
7,45467	80
7,45533	80
7,45600	80
7,45667	80
7,45733	80
7,45800	80
7,45867	80
7,45933	80
7,46000	80
7,46067	81
7,46133	81
7,46200	81
7,46267	81
7,46333	82
7,46400	82
7,46467	83
7,46533	83
7,46600	83
7,46667	83
7,46733	83
7,46800	84
7,46867	84
7,46933	84
7,47000	84
7,47067	84
7,47133	84
7,47200	85
7,47267	85
7,47333	85
7,47400	85
7,47467	86
7,47533	86
7,47600	86
7,47667	87
7,47733	87
7,47800	87
7,47867	87
7,47933	88
7,48000	89
7,48067	90
7,48133	91
7,48200	93
7,48267	97
7,48333	101
7,48400	107
7,48467	116
7,48533	129
7,48600	147
7,48667	173
7,48733	209
7,48800	258
7,48867	326
7,48933	416
7,49000	534
7,49067	687
7,49133	882
7,49200	1128
7,49267	1437
7,49333	1819
7,49400	2284
7,49467	2844
7,49533	3510
7,49600	4296
7,49667	5214
7,49733	6274
7,49800	7485
7,49867	8857
7,49933	10402
7,50000	12135
7,50067	14059
7,50133	16178
7,50200	18491
7,50267	21001
7,50333	23712
7,50400	26625
7,50467	29730
7,50533	33020
7,50600	36492
7,50667	40152
7,50733	43995
7,50800	48011
7,50867	52189
7,50933	56525
7,51000	61029
7,51067	65710
7,51133	70578
7,51200	75625
7,51267	80848
7,51333	86265
7,51400	91892
7,51467	97731
7,51533	103786
7,51600	110050
7,51667	116498
7,51733	123097
7,51800	129832
7,51867	136684
7,51933	143622
7,52000	150617
7,52067	157655
7,52133	164735
7,52200	171836
7,52267	178866
7,52333	185719
7,52400	192292
7,52467	198464
7,52533	204090
7,52600	209014
7,52667	213064
7,52733	216088
7,52800	217969
7,52867	218635
7,52933	218037
7,53000	216176
7,53067	213102
7,53133	208916
7,53200	203741
7,53267	197720
7,53333	191000
7,53400	183726
7,53467	176041
7,53533	168075
7,53600	159946
7,53667	151756
7,53733	143595
7,53800	135537
7,53867	127645
7,53933	119970
7,54000	112551
7,54067	105418
7,54133	98592
7,54200	92087
7,54267	85908
7,54333	80060
7,54400	74540
7,54467	69343
7,54533	64463
7,54600	59889
7,54667	55611
7,54733	51617
7,54800	47894
7,54867	44429
7,54933	41209
7,55000	38220
7,55067	35450
7,55133	32884
7,55200	30510
7,55267	28316
7,55333	26290
7,55400	24420
7,55467	22695
7,55533	21106
7,55600	19642
7,55667	18296
7,55733	17059
7,55800	15922
7,55867	14879
7,55933	13922
7,56000	13046
7,56067	12243
7,56133	11509
7,56200	10838
7,56267	10224
7,56333	9664
7,56400	9152
7,56467	8684
7,56533	8257
7,56600	7867
7,56667	7512
7,56733	7187
7,56800	6891
7,56867	6621
7,56933	6374
7,57000	6148
7,57067	5942
7,57133	5752
7,57200	5579
7,57267	5421
7,57333	5276
7,57400	5143
7,57467	5021
7,57533	4910
7,57600	4808
7,57667	4714
7,57733	4627
7,57800	4548
7,57867	4476
7,57933	4409
7,58000	4347
7,58067	4290
7,58133	4237
7,58200	4189
7,58267	4144
7,58333	4102
7,58400	4063
7,58467	4026
7,58533	3993
7,58600	3961
7,58667	3932
7,58733	3905
7,58800	3879
7,58867	3854
7,58933	3830
7,59000	3807
7,59067	3783
7,59133	3760
7,59200	3737
7,59267	3713
7,59333	3688
7,59400	3663
7,59467	3637
7,59533	3611
7,59600	3584
7,59667	3558
7,59733	3532
7,59800	3506
7,59867	3480
7,59933	3454
7,60000	3429
7,60067	3403
7,60133	3376
7,60200	3350
7,60267	3322
7,60333	3295
7,60400	3267
7,60467	3238
7,60533	3210
7,60600	3181
7,60667	3152
7,60733	3124
7,60800	3095
7,60867	3067
7,60933	3038
7,61000	3009
7,61067	2980
7,61133	2951
7,61200	2922
7,61267	2895
7,61333	2868
7,61400	2842
7,61467	2817
7,61533	2794
7,61600	2771
7,61667	2748
7,61733	2726
7,61800	2703
7,61867	2679
7,61933	2656
7,62000	2631
7,62067	2607
7,62133	2583
7,62200	2559
7,62267	2535
7,62333	2512
7,62400	2490
7,62467	2467
7,62533	2446
7,62600	2424
7,62667	2403
7,62733	2383
7,62800	2363
7,62867	2343
7,62933	2324
7,63000	2305
7,63067	2287
7,63133	2270
7,63200	2253
7,63267	2236
7,63333	2220
7,63400	2205
7,63467	2189
7,63533	2173
7,63600	2157
7,63667	2142
7,63733	2126
7,63800	2110
7,63867	2095
7,63933	2080
7,64000	2064
7,64067	2048
7,64133	2032
7,64200	2016
7,64267	2001
7,64333	1985
7,64400	1969
7,64467	1953
7,64533	1937
7,64600	1921
7,64667	1905
7,64733	1890
7,64800	1874
7,64867	1859
7,64933	1845
7,65000	1830
7,65067	1817
7,65133	1803
7,65200	1790
7,65267	1776
7,65333	1763
7,65400	1749
7,65467	1736
7,65533	1722
7,65600	1708
7,65667	1694
7,65733	1679
7,65800	1665
7,65867	1649
7,65933	1634
7,66000	1618
7,66067	1601
7,66133	1585
7,66200	1568
7,66267	1551
7,66333	1534
7,66400	1516
7,66467	1499
7,66533	1481
7,66600	1463
7,66667	1446
7,66733	1428
7,66800	1411
7,66867	1395
7,66933	1378
7,67000	1362
7,67067	1347
7,67133	1332
7,67200	1317
7,67267	1302
7,67333	1289
7,67400	1275
7,67467	1262
7,67533	1250
7,67600	1238
7,67667	1226
7,67733	1215
7,67800	1204
7,67867	1193
7,67933	1183
7,68000	1172
7,68067	1162
7,68133	1152
7,68200	1143
7,68267	1134
7,68333	1125
7,68400	1116
7,68467	1108
7,68533	1101
7,68600	1093
7,68667	1086
7,68733	1079
7,68800	1072
7,68867	1065
7,68933	1058
7,69000	1051
7,69067	1045
7,69133	1038
7,69200	1032
7,69267	1026
7,69333	1020
7,69400	1013
7,69467	1007
7,69533	1001
7,69600	994
7,69667	988
7,69733	981
7,69800	974
7,69867	968
7,69933	961
7,70000	955
7,70067	948
7,70133	942
7,70200	935
7,70267	929
7,70333	923
7,70400	916
7,70467	910
7,70533	903
7,70600	896
7,70667	890
7,70733	883
7,70800	876
7,70867	869
7,70933	861
7,71000	854
7,71067	847
7,71133	839
7,71200	832
7,71267	825
7,71333	819
7,71400	812
7,71467	805
7,71533	799
7,71600	792
7,71667	786
7,71733	780
7,71800	773
7,71867	767
7,71933	760
7,72000	754
7,72067	747
7,72133	741
7,72200	735
7,72267	729
7,72333	723
7,72400	717
7,72467	711
7,72533	706
7,72600	701
7,72667	696
7,72733	691
7,72800	686
7,72867	682
7,72933	677
7,73000	673
7,73067	670
7,73133	666
7,73200	663
7,73267	659
7,73333	656
7,73400	653
7,73467	649
7,73533	646
7,73600	642
7,73667	638
7,73733	635
7,73800	631
7,73867	626
7,73933	622
7,74000	618
7,74067	614
7,74133	610
7,74200	606
7,74267	602
7,74333	597
7,74400	593
7,74467	589
7,74533	584
7,74600	580
7,74667	577
7,74733	573
7,74800	569
7,74867	565
7,74933	562
7,75000	558
7,75067	555
7,75133	551
7,75200	548
7,75267	544
7,75333	541
7,75400	538
7,75467	534
7,75533	532
7,75600	529
7,75667	526
7,75733	523
7,75800	521
7,75867	518
7,75933	515
7,76000	513
7,76067	511
7,76133	508
7,76200	506
7,76267	504
7,76333	501
7,76400	499
7,76467	497
7,76533	494
7,76600	492
7,76667	489
7,76733	487
7,76800	484
7,76867	482
7,76933	479
7,77000	477
7,77067	475
7,77133	472
7,77200	470
7,77267	468
7,77333	466
7,77400	464
7,77467	462
7,77533	460
7,77600	457
7,77667	455
7,77733	453
7,77800	451
7,77867	449
7,77933	447
7,78000	445
7,78067	443
7,78133	441
7,78200	439
7,78267	437
7,78333	435
7,78400	433
7,78467	431
7,78533	428
7,78600	426
7,78667	424
7,78733	421
7,78800	419
7,78867	417
7,78933	414
7,79000	412
7,79067	410
7,79133	408
7,79200	406
7,79267	404
7,79333	402
7,79400	400
7,79467	398
7,79533	396
7,79600	394
7,79667	392
7,79733	390
7,79800	388
7,79867	386
7,79933	384
7,80000	382
7,80067	380
7,80133	379
7,80200	377
7,80267	376
7,80333	374
7,80400	373
7,80467	372
7,80533	370
7,80600	369
7,80667	367
7,80733	365
7,80800	364
7,80867	362
7,80933	360
7,81000	359
7,81067	357
7,81133	355
7,81200	354
7,81267	352
7,81333	351
7,81400	349
7,81467	348
7,81533	347
7,81600	345
7,81667	344
7,81733	343
7,81800	341
7,81867	340
7,81933	339
7,82000	338
7,82067	337
7,82133	336
7,82200	336
7,82267	335
7,82333	334
7,82400	334
7,82467	333
7,82533	332
7,82600	331
7,82667	329
7,82733	328
7,82800	327
7,82867	325
7,82933	324
7,83000	323
7,83067	321
7,83133	320
7,83200	318
7,83267	316
7,83333	315
7,83400	313
7,83467	311
7,83533	310
7,83600	308
7,83667	307
7,83733	305
7,83800	304
7,83867	303
7,83933	301
7,84000	300
7,84067	298
7,84133	297
7,84200	296
7,84267	295
7,84333	293
7,84400	292
7,84467	291
7,84533	290
7,84600	289
7,84667	288
7,84733	287
7,84800	286
7,84867	285
7,84933	284
7,85000	283
7,85067	282
7,85133	282
7,85200	281
7,85267	280
7,85333	279
7,85400	278
7,85467	277
7,85533	277
7,85600	276
7,85667	276
7,85733	275
7,85800	275
7,85867	274
7,85933	274
7,86000	273
7,86067	273
7,86133	273
7,86200	272
7,86267	272
7,86333	271
7,86400	270
7,86467	269
7,86533	268
7,86600	267
7,86667	266
7,86733	266
7,86800	265
7,86867	264
7,86933	263
7,87000	262
7,87067	261
7,87133	259
7,87200	258
7,87267	257
7,87333	256
7,87400	255
7,87467	254
7,87533	253
7,87600	252
7,87667	251
7,87733	250
7,87800	249
7,87867	248
7,87933	247
7,88000	246
7,88067	245
7,88133	244
7,88200	243
7,88267	242
7,88333	241
7,88400	240
7,88467	238
7,88533	237
7,88600	235
7,88667	234
7,88733	233
7,88800	232
7,88867	231
7,88933	230
7,89000	229
7,89067	228
7,89133	227
7,89200	226
7,89267	226
7,89333	225
7,89400	224
7,89467	224
7,89533	223
7,89600	223
7,89667	222
7,89733	222
7,89800	221
7,89867	221
7,89933	220
7,90000	220
7,90067	220
7,90133	219
7,90200	219
7,90267	219
7,90333	219
7,90400	218
7,90467	218
7,90533	218
7,90600	217
7,90667	217
7,90733	217
7,90800	216
7,90867	216
7,90933	215
7,91000	215
7,91067	214
7,91133	214
7,91200	213
7,91267	213
7,91333	212
7,91400	212
7,91467	211
7,91533	211
7,91600	211
7,91667	210
7,91733	210
7,91800	210
7,91867	209
7,91933	209
7,92000	208
7,92067	208
7,92133	207
7,92200	207
7,92267	206
7,92333	206
7,92400	206
7,92467	205
7,92533	204
7,92600	204
7,92667	203
7,92733	202
7,92800	201
7,92867	200
7,92933	200
7,93000	199
7,93067	198
7,93133	198
7,93200	197
7,93267	197
7,93333	197
7,93400	197
7,93467	197
7,93533	196
7,93600	196
7,93667	196
7,93733	196
7,93800	196
7,93867	196
7,93933	195
7,94000	195
7,94067	195
7,94133	194
7,94200	194
7,94267	193
7,94333	193
7,94400	192
7,94467	192
7,94533	191
7,94600	191
7,94667	190
7,94733	190
7,94800	189
7,94867	189
7,94933	188
7,95000	188
7,95067	188
7,95133	187
7,95200	187
7,95267	187
7,95333	187
7,95400	187
7,95467	186
7,95533	186
7,95600	186
7,95667	186
7,95733	185
7,95800	185
7,95867	185
7,95933	185
7,96000	184
7,96067	184
7,96133	184
7,96200	184
7,96267	184
7,96333	184
7,96400	184
7,96467	184
7,96533	185
7,96600	185
7,96667	185
7,96733	185
7,96800	184
7,96867	184
7,96933	184
7,97000	184
7,97067	183
7,97133	183
7,97200	182
7,97267	182
7,97333	181
7,97400	181
7,97467	180
7,97533	179
7,97600	179
7,97667	178
7,97733	177
7,97800	176
7,97867	175
7,97933	174
7,98000	173
7,98067	172
7,98133	171
7,98200	171
7,98267	170
7,98333	169
7,98400	169
7,98467	168
7,98533	167
7,98600	167
7,98667	166
7,98733	166
7,98800	165
7,98867	165
7,98933	164
7,99000	163
7,99067	163
7,99133	163
7,99200	162
7,99267	162
7,99333	161
7,99400	161
7,99467	160
7,99533	160
7,99600	159
7,99667	159
7,99733	159
7,99800	158
7,99867	158
7,99933	158
8,00000	157
8,00067	157
8,00133	156
8,00200	156
8,00267	155
8,00333	155
8,00400	154
8,00467	154
8,00533	153
8,00600	153
8,00667	152
8,00733	152
8,00800	151
8,00867	151
8,00933	150
8,01000	150
8,01067	150
8,01133	150
8,01200	149
8,01267	149
8,01333	149
8,01400	149
8,01467	148
8,01533	148
8,01600	148
8,01667	148
8,01733	148
8,01800	149
8,01867	149
8,01933	149
8,02000	149
8,02067	149
8,02133	149
8,02200	149
8,02267	149
8,02333	149
8,02400	149
8,02467	149
8,02533	149
8,02600	149
8,02667	149
8,02733	148
8,02800	148
8,02867	148
8,02933	148
8,03000	148
8,03067	148
8,03133	148
8,03200	148
8,03267	148
8,03333	148
8,03400	147
8,03467	147
8,03533	147
8,03600	146
8,03667	146
8,03733	146
8,03800	145
8,03867	145
8,03933	144
8,04000	144
8,04067	143
8,04133	143
8,04200	142
8,04267	142
8,04333	141
8,04400	141
8,04467	140
8,04533	140
8,04600	139
8,04667	138
8,04733	138
8,04800	138
8,04867	137
8,04933	137
8,05000	137
8,05067	136
8,05133	136
8,05200	136
8,05267	136
8,05333	136
8,05400	135
8,05467	135
8,05533	135
8,05600	135
8,05667	135
8,05733	135
8,05800	134
8,05867	135
8,05933	135
8,06000	135
8,06067	135
8,06133	135
8,06200	135
8,06267	135
8,06333	136
8,06400	136
8,06467	136
8,06533	137
8,06600	137
8,06667	138
8,06733	138
8,06800	138
8,06867	138
8,06933	139
8,07000	139
8,07067	139
8,07133	139
8,07200	139
8,07267	139
8,07333	139
8,07400	139
8,07467	139
8,07533	139
8,07600	139
8,07667	139
8,07733	139
8,07800	139
8,07867	139
8,07933	139
8,08000	138
8,08067	138
8,08133	138
8,08200	138
8,08267	139
8,08333	139
8,08400	139
8,08467	139
8,08533	139
8,08600	138
8,08667	138
8,08733	138
8,08800	138
8,08867	138
8,08933	137
8,09000	137
8,09067	137
8,09133	137
8,09200	137
8,09267	137
8,09333	137
8,09400	137
8,09467	136
8,09533	136
8,09600	136
8,09667	136
8,09733	136
8,09800	136
8,09867	135
8,09933	135
8,10000	135
8,10067	135
8,10133	135
8,10200	135
8,10267	135
8,10333	135
8,10400	135
8,10467	135
8,10533	135
8,10600	135
8,10667	135
8,10733	135
8,10800	135
8,10867	135
8,10933	134
8,11000	134
8,11067	134
8,11133	134
8,11200	134
8,11267	134
8,11333	133
8,11400	133
8,11467	133
8,11533	132
8,11600	132
8,11667	132
8,11733	131
8,11800	131
8,11867	131
8,11933	131
8,12000	131
8,12067	131
8,12133	131
8,12200	131
8,12267	131
8,12333	131
8,12400	131
8,12467	131
8,12533	131
8,12600	130
8,12667	130
8,12733	130
8,12800	130
8,12867	130
8,12933	130
8,13000	130
8,13067	130
8,13133	130
8,13200	130
8,13267	130
8,13333	130
8,13400	130
8,13467	130
8,13533	130
8,13600	129
8,13667	129
8,13733	129
8,13800	129
8,13867	128
8,13933	128
8,14000	127
8,14067	127
8,14133	126
8,14200	126
8,14267	125
8,14333	125
8,14400	125
8,14467	124
8,14533	124
8,14600	124
8,14667	123
8,14733	123
8,14800	123
8,14867	123
8,14933	123
8,15000	122
8,15067	122
8,15133	122
8,15200	122
8,15267	121
8,15333	121
8,15400	121
8,15467	120
8,15533	120
8,15600	120
8,15667	119
8,15733	119
8,15800	119
8,15867	119
8,15933	119
8,16000	118
8,16067	118
8,16133	118
8,16200	118
8,16267	118
8,16333	118
8,16400	119
8,16467	119
8,16533	119
8,16600	119
8,16667	119
8,16733	120
8,16800	120
8,16867	119
8,16933	119
8,17000	119
8,17067	119
8,17133	119
8,17200	119
8,17267	119
8,17333	118
8,17400	118
8,17467	118
8,17533	118
8,17600	118
8,17667	117
8,17733	117
8,17800	117
8,17867	117
8,17933	117
8,18000	117
8,18067	117
8,18133	116
8,18200	116
8,18267	116
8,18333	116
8,18400	116
8,18467	116
8,18533	115
8,18600	115
8,18667	115
8,18733	115
8,18800	115
8,18867	115
8,18933	114
8,19000	114
8,19067	114
8,19133	114
8,19200	114
8,19267	113
8,19333	113
8,19400	113
8,19467	113
8,19533	112
8,19600	112
8,19667	112
8,19733	112
8,19800	112
8,19867	111
8,19933	111
8,20000	111
8,20067	111
8,20133	111
8,20200	111
8,20267	111
8,20333	111
8,20400	111
8,20467	111
8,20533	110
8,20600	110
8,20667	110
8,20733	110
8,20800	110
8,20867	110
8,20933	110
8,21000	109
8,21067	109
8,21133	109
8,21200	109
8,21267	109
8,21333	109
8,21400	109
8,21467	108
8,21533	108
8,21600	108
8,21667	108
8,21733	108
8,21800	108
8,21867	108
8,21933	108
8,22000	108
8,22067	108
8,22133	108
8,22200	108
8,22267	108
8,22333	108
8,22400	108
8,22467	108
8,22533	108
8,22600	108
8,22667	108
8,22733	108
8,22800	108
8,22867	108
8,22933	108
8,23000	108
8,23067	108
8,23133	108
8,23200	108
8,23267	108
8,23333	108
8,23400	107
8,23467	107
8,23533	107
8,23600	107
8,23667	107
8,23733	107
8,23800	107
8,23867	107
8,23933	107
8,24000	107
8,24067	107
8,24133	107
8,24200	107
8,24267	107
8,24333	108
8,24400	108
8,24467	108
8,24533	108
8,24600	109
8,24667	109
8,24733	109
8,24800	109
8,24867	109
8,24933	109
8,25000	109
8,25067	109
8,25133	109
8,25200	109
8,25267	109
8,25333	109
8,25400	109
8,25467	108
8,25533	108
8,25600	108
8,25667	108
8,25733	107
8,25800	107
8,25867	107
8,25933	106
8,26000	106
8,26067	106
8,26133	106
8,26200	106
8,26267	106
8,26333	106
8,26400	106
8,26467	105
8,26533	105
8,26600	105
8,26667	105
8,26733	105
8,26800	105
8,26867	105
8,26933	105
8,27000	105
8,27067	105
8,27133	105
8,27200	105
8,27267	105
8,27333	105
8,27400	105
8,27467	105
8,27533	105
8,27600	105
8,27667	105
8,27733	105
8,27800	105
8,27867	105
8,27933	105
8,28000	105
8,28067	105
8,28133	105
8,28200	105
8,28267	105
8,28333	105
8,28400	105
8,28467	105
8,28533	106
8,28600	106
8,28667	106
8,28733	106
8,28800	106
8,28867	106
8,28933	106
8,29000	106
8,29067	106
8,29133	107
8,29200	107
8,29267	107
8,29333	107
8,29400	107
8,29467	108
8,29533	108
8,29600	108
8,29667	108
8,29733	109
8,29800	109
8,29867	109
8,29933	110
8,30000	110
8,30067	110
8,30133	111
8,30200	111
8,30267	112
8,30333	112
8,30400	113
8,30467	114
8,30533	114
8,30600	115
8,30667	116
8,30733	117
8,30800	118
8,30867	119
8,30933	120
8,31000	121
8,31067	122
8,31133	123
8,31200	124
8,31267	125
8,31333	126
8,31400	127
8,31467	128
8,31533	129
8,31600	130
8,31667	130
8,31733	131
8,31800	132
8,31867	132
8,31933	133
8,32000	133
8,32067	133
8,32133	133
8,32200	133
8,32267	133
8,32333	133
8,32400	132
8,32467	132
8,32533	132
8,32600	132
8,32667	132
8,32733	131
8,32800	131
8,32867	131
8,32933	130
8,33000	130
8,33067	129
8,33133	129
8,33200	128
8,33267	128
8,33333	127
8,33400	127
8,33467	127
8,33533	126
8,33600	126
8,33667	126
8,33733	126
8,33800	126
8,33867	126
8,33933	126
8,34000	126
8,34067	126
8,34133	126
8,34200	126
8,34267	126
8,34333	126
8,34400	127
8,34467	127
8,34533	127
8,34600	127
8,34667	128
8,34733	128
8,34800	128
8,34867	128
8,34933	128
8,35000	129
8,35067	129
8,35133	129
8,35200	128
8,35267	128
8,35333	128
8,35400	128
8,35467	127
8,35533	127
8,35600	126
8,35667	126
8,35733	125
8,35800	125
8,35867	124
8,35933	124
8,36000	123
8,36067	122
8,36133	122
8,36200	121
8,36267	120
8,36333	120
8,36400	119
8,36467	118
8,36533	117
8,36600	117
8,36667	116
8,36733	115
8,36800	115
8,36867	114
8,36933	114
8,37000	113
8,37067	113
8,37133	112
8,37200	112
8,37267	111
8,37333	110
8,37400	110
8,37467	109
8,37533	109
8,37600	109
8,37667	109
8,37733	108
8,37800	108
8,37867	107
8,37933	107
8,38000	107
8,38067	106
8,38133	106
8,38200	105
8,38267	105
8,38333	105
8,38400	104
8,38467	104
8,38533	103
8,38600	103
8,38667	103
8,38733	102
8,38800	102
8,38867	102
8,38933	102
8,39000	101
8,39067	101
8,39133	101
8,39200	101
8,39267	101
8,39333	101
8,39400	100
8,39467	100
8,39533	100
8,39600	99
8,39667	99
8,39733	99
8,39800	99
8,39867	98
8,39933	98
8,40000	98
8,40067	98
8,40133	97
8,40200	97
8,40267	97
8,40333	97
8,40400	96
8,40467	96
8,40533	96
8,40600	96
8,40667	95
8,40733	95
8,40800	95
8,40867	94
8,40933	94
8,41000	94
8,41067	93
8,41133	93
8,41200	93
8,41267	93
8,41333	93
8,41400	93
8,41467	93
8,41533	92
8,41600	92
8,41667	92
8,41733	92
8,41800	91
8,41867	91
8,41933	91
8,42000	91
8,42067	90
8,42133	90
8,42200	90
8,42267	90
8,42333	90
8,42400	90
8,42467	90
8,42533	91
8,42600	91
8,42667	91
8,42733	91
8,42800	91
8,42867	91
8,42933	91
8,43000	90
8,43067	90
8,43133	90
8,43200	90
8,43267	90
8,43333	90
8,43400	90
8,43467	90
8,43533	90
8,43600	90
8,43667	90
8,43733	91
8,43800	91
8,43867	91
8,43933	91
8,44000	91
8,44067	91
8,44133	91
8,44200	91
8,44267	91
8,44333	91
8,44400	91
8,44467	91
8,44533	91
8,44600	91
8,44667	91
8,44733	91
8,44800	90
8,44867	90
8,44933	90
8,45000	90
8,45067	90
8,45133	90
8,45200	90
8,45267	90
8,45333	90
8,45400	90
8,45467	90
8,45533	90
8,45600	90
8,45667	90
8,45733	90
8,45800	91
8,45867	91
8,45933	91
8,46000	91
8,46067	91
8,46133	91
8,46200	91
8,46267	91
8,46333	91
8,46400	91
8,46467	91
8,46533	91
8,46600	91
8,46667	91
8,46733	91
8,46800	91
8,46867	91
8,46933	91
8,47000	91
8,47067	90
8,47133	90
8,47200	90
8,47267	89
8,47333	89
8,47400	89
8,47467	88
8,47533	88
8,47600	87
8,47667	87
8,47733	87
8,47800	87
8,47867	86
8,47933	86
8,48000	86
8,48067	86
8,48133	86
8,48200	86
8,48267	86
8,48333	86
8,48400	86
8,48467	86
8,48533	86
8,48600	86
8,48667	86
8,48733	86
8,48800	86
8,48867	86
8,48933	87
8,49000	87
8,49067	87
8,49133	87
8,49200	86
8,49267	86
8,49333	86
8,49400	86
8,49467	85
8,49533	85
8,49600	85
8,49667	85
8,49733	85
8,49800	85
8,49867	85
8,49933	85
8,50000	85
8,50067	85
8,50133	85
8,50200	84
8,50267	84
8,50333	84
8,50400	84
8,50467	84
8,50533	84
8,50600	83
8,50667	83
8,50733	83
8,50800	83
8,50867	83
8,50933	83
8,51000	83
8,51067	83
8,51133	83
8,51200	83
8,51267	83
8,51333	83
8,51400	83
8,51467	83
8,51533	83
8,51600	83
8,51667	83
8,51733	83
8,51800	83
8,51867	83
8,51933	84
8,52000	84
8,52067	84
8,52133	84
8,52200	84
8,52267	84
8,52333	84
8,52400	84
8,52467	84
8,52533	84
8,52600	83
8,52667	83
8,52733	83
8,52800	83
8,52867	83
8,52933	83
8,53000	83
8,53067	83
8,53133	84
8,53200	84
8,53267	84
8,53333	84
8,53400	84
8,53467	84
8,53533	84
8,53600	84
8,53667	84
8,53733	84
8,53800	84
8,53867	84
8,53933	84
8,54000	84
8,54067	84
8,54133	84
8,54200	84
8,54267	84
8,54333	84
8,54400	83
8,54467	83
8,54533	83
8,54600	83
8,54667	83
8,54733	83
8,54800	83
8,54867	83
8,54933	82
8,55000	82
8,55067	82
8,55133	82
8,55200	82
8,55267	82
8,55333	82
8,55400	82
8,55467	83
8,55533	83
8,55600	83
8,55667	83
8,55733	83
8,55800	83
8,55867	83
8,55933	83
8,56000	83
8,56067	84
8,56133	84
8,56200	84
8,56267	85
8,56333	85
8,56400	85
8,56467	85
8,56533	85
8,56600	85
8,56667	85
8,56733	86
8,56800	86
8,56867	86
8,56933	86
8,57000	87
8,57067	87
8,57133	87
8,57200	88
8,57267	88
8,57333	88
8,57400	89
8,57467	89
8,57533	89
8,57600	89
8,57667	90
8,57733	90
8,57800	90
8,57867	90
8,57933	90
8,58000	90
8,58067	90
8,58133	90
8,58200	91
8,58267	91
8,58333	91
8,58400	91
8,58467	92
8,58533	92
8,58600	92
8,58667	92
8,58733	93
8,58800	93
8,58867	93
8,58933	93
8,59000	93
8,59067	94
8,59133	94
8,59200	94
8,59267	94
8,59333	94
8,59400	94
8,59467	94
8,59533	94
8,59600	94
8,59667	94
8,59733	94
8,59800	94
8,59867	94
8,59933	94
8,60000	94
8,60067	94
8,60133	93
8,60200	93
8,60267	93
8,60333	93
8,60400	93
8,60467	93
8,60533	93
8,60600	93
8,60667	92
8,60733	92
8,60800	92
8,60867	92
8,60933	92
8,61000	91
8,61067	91
8,61133	91
8,61200	91
8,61267	91
8,61333	91
8,61400	92
8,61467	92
8,61533	92
8,61600	92
8,61667	92
8,61733	92
8,61800	92
8,61867	92
8,61933	92
8,62000	92
8,62067	91
8,62133	91
8,62200	91
8,62267	91
8,62333	90
8,62400	90
8,62467	90
8,62533	90
8,62600	91
8,62667	91
8,62733	91
8,62800	91
8,62867	91
8,62933	91
8,63000	91
8,63067	91
8,63133	91
8,63200	91
8,63267	91
8,63333	91
8,63400	91
8,63467	91
8,63533	91
8,63600	91
8,63667	91
8,63733	91
8,63800	91
8,63867	91
8,63933	91
8,64000	91
8,64067	91
8,64133	91
8,64200	91
8,64267	91
8,64333	91
8,64400	91
8,64467	91
8,64533	91
8,64600	91
8,64667	91
8,64733	91
8,64800	91
8,64867	90
8,64933	90
8,65000	90
8,65067	90
8,65133	90
8,65200	89
8,65267	89
8,65333	89
8,65400	89
8,65467	88
8,65533	88
8,65600	88
8,65667	88
8,65733	88
8,65800	87
8,65867	87
8,65933	87
8,66000	87
8,66067	87
8,66133	87
8,66200	87
8,66267	87
8,66333	87
8,66400	86
8,66467	86
8,66533	86
8,66600	86
8,66667	86
8,66733	86
8,66800	86
8,66867	87
8,66933	87
8,67000	87
8,67067	87
8,67133	87
8,67200	86
8,67267	86
8,67333	86
8,67400	86
8,67467	86
8,67533	85
8,67600	85
8,67667	85
8,67733	85
8,67800	85
8,67867	85
8,67933	85
8,68000	85
8,68067	85
8,68133	85
8,68200	84
8,68267	84
8,68333	84
8,68400	84
8,68467	84
8,68533	84
8,68600	84
8,68667	84
8,68733	84
8,68800	84
8,68867	84
8,68933	84
8,69000	84
8,69067	85
8,69133	85
8,69200	85
8,69267	85
8,69333	85
8,69400	85
8,69467	85
8,69533	85
8,69600	85
8,69667	85
8,69733	85
8,69800	85
8,69867	85
8,69933	85
8,70000	86
8,70067	86
8,70133	86
8,70200	86
8,70267	86
8,70333	86
8,70400	86
8,70467	86
8,70533	86
8,70600	86
8,70667	86
8,70733	86
8,70800	86
8,70867	86
8,70933	86
8,71000	86
8,71067	86
8,71133	86
8,71200	85
8,71267	85
8,71333	85
8,71400	84
8,71467	84
8,71533	84
8,71600	84
8,71667	84
8,71733	84
8,71800	83
8,71867	83
8,71933	83
8,72000	83
8,72067	83
8,72133	83
8,72200	83
8,72267	83
8,72333	83
8,72400	83
8,72467	83
8,72533	83
8,72600	83
8,72667	83
8,72733	83
8,72800	84
8,72867	84
8,72933	84
8,73000	84
8,73067	84
8,73133	85
8,73200	85
8,73267	85
8,73333	85
8,73400	85
8,73467	85
8,73533	85
8,73600	85
8,73667	85
8,73733	85
8,73800	85
8,73867	85
8,73933	85
8,74000	85
8,74067	85
8,74133	85
8,74200	85
8,74267	85
8,74333	85
8,74400	86
8,74467	86
8,74533	86
8,74600	86
8,74667	86
8,74733	87
8,74800	87
8,74867	87
8,74933	86
8,75000	86
8,75067	86
8,75133	86
8,75200	86
8,75267	86
8,75333	86
8,75400	86
8,75467	86
8,75533	86
8,75600	86
8,75667	86
8,75733	86
8,75800	86
8,75867	86
8,75933	86
8,76000	85
8,76067	85
8,76133	85
8,76200	84
8,76267	84
8,76333	84
8,76400	84
8,76467	83
8,76533	83
8,76600	83
8,76667	83
8,76733	83
8,76800	83
8,76867	84
8,76933	84
8,77000	84
8,77067	84
8,77133	85
8,77200	85
8,77267	85
8,77333	85
8,77400	84
8,77467	84
8,77533	84
8,77600	84
8,77667	84
8,77733	84
8,77800	84
8,77867	84
8,77933	84
8,78000	83
8,78067	83
8,78133	83
8,78200	83
8,78267	83
8,78333	83
8,78400	83
8,78467	83
8,78533	83
8,78600	83
8,78667	83
8,78733	83
8,78800	84
8,78867	84
8,78933	84
8,79000	84
8,79067	84
8,79133	85
8,79200	85
8,79267	85
8,79333	85
8,79400	85
8,79467	86
8,79533	86
8,79600	86
8,79667	86
8,79733	86
8,79800	86
8,79867	86
8,79933	86
8,80000	85
8,80067	85
8,80133	85
8,80200	85
8,80267	85
8,80333	85
8,80400	85
8,80467	85
8,80533	85
8,80600	85
8,80667	85
8,80733	85
8,80800	86
8,80867	86
8,80933	86
8,81000	86
8,81067	86
8,81133	86
8,81200	86
8,81267	86
8,81333	85
8,81400	85
8,81467	85
8,81533	85
8,81600	85
8,81667	85
8,81733	85
8,81800	85
8,81867	85
8,81933	85
8,82000	85
8,82067	86
8,82133	86
8,82200	86
8,82267	86
8,82333	86
8,82400	86
8,82467	86
8,82533	86
8,82600	86
8,82667	86
8,82733	86
8,82800	86
8,82867	86
8,82933	86
8,83000	86
8,83067	86
8,83133	85
8,83200	85
8,83267	85
8,83333	85
8,83400	85
8,83467	85
8,83533	85
8,83600	85
8,83667	85
8,83733	85
8,83800	85
8,83867	86
8,83933	86
8,84000	86
8,84067	86
8,84133	86
8,84200	86
8,84267	86
8,84333	86
8,84400	86
8,84467	86
8,84533	86
8,84600	87
8,84667	87
8,84733	87
8,84800	87
8,84867	87
8,84933	87
8,85000	87
8,85067	87
8,85133	87
8,85200	87
8,85267	87
8,85333	87
8,85400	87
8,85467	87
8,85533	87
8,85600	87
8,85667	87
8,85733	87
8,85800	87
8,85867	87
8,85933	87
8,86000	87
8,86067	87
8,86133	87
8,86200	87
8,86267	87
8,86333	87
8,86400	87
8,86467	87
8,86533	87
8,86600	87
8,86667	87
8,86733	87
8,86800	87
8,86867	88
8,86933	88
8,87000	88
8,87067	88
8,87133	88
8,87200	88
8,87267	89
8,87333	89
8,87400	89
8,87467	89
8,87533	89
8,87600	89
8,87667	89
8,87733	89
8,87800	90
8,87867	90
8,87933	90
8,88000	90
8,88067	91
8,88133	91
8,88200	91
8,88267	91
8,88333	92
8,88400	92
8,88467	92
8,88533	92
8,88600	92
8,88667	93
8,88733	93
8,88800	93
8,88867	93
8,88933	93
8,89000	92
8,89067	92
8,89133	92
8,89200	92
8,89267	92
8,89333	92
8,89400	92
8,89467	93
8,89533	93
8,89600	93
8,89667	93
8,89733	93
8,89800	93
8,89867	93
8,89933	93
8,90000	94
8,90067	94
8,90133	94
8,90200	94
8,90267	94
8,90333	94
8,90400	94
8,90467	94
8,90533	94
8,90600	94
8,90667	94
8,90733	94
8,90800	94
8,90867	94
8,90933	94
8,91000	94
8,91067	94
8,91133	94
8,91200	94
8,91267	94
8,91333	94
8,91400	94
8,91467	94
8,91533	94
8,91600	94
8,91667	93
8,91733	93
8,91800	93
8,91867	93
8,91933	93
8,92000	93
8,92067	93
8,92133	93
8,92200	93
8,92267	92
8,92333	92
8,92400	93
8,92467	93
8,92533	93
8,92600	93
8,92667	93
8,92733	93
8,92800	94
8,92867	94
8,92933	94
8,93000	94
8,93067	94
8,93133	94
8,93200	94
8,93267	94
8,93333	94
8,93400	94
8,93467	94
8,93533	94
8,93600	94
8,93667	94
8,93733	94
8,93800	95
8,93867	95
8,93933	95
8,94000	95
8,94067	95
8,94133	94
8,94200	94
8,94267	94
8,94333	94
8,94400	94
8,94467	94
8,94533	94
8,94600	94
8,94667	94
8,94733	94
8,94800	94
8,94867	94
8,94933	94
8,95000	94
8,95067	94
8,95133	94
8,95200	94
8,95267	94
8,95333	94
8,95400	94
8,95467	94
8,95533	95
8,95600	95
8,95667	95
8,95733	95
8,95800	95
8,95867	95
8,95933	95
8,96000	95
8,96067	95
8,96133	95
8,96200	95
8,96267	95
8,96333	95
8,96400	95
8,96467	94
8,96533	94
8,96600	94
8,96667	94
8,96733	95
8,96800	95
8,96867	95
8,96933	95
8,97000	95
8,97067	95
8,97133	95
8,97200	95
8,97267	95
8,97333	95
8,97400	95
8,97467	95
8,97533	95
8,97600	95
8,97667	95
8,97733	95
8,97800	95
8,97867	95
8,97933	95
8,98000	95
8,98067	95
8,98133	95
8,98200	95
8,98267	95
8,98333	95
8,98400	95
8,98467	95
8,98533	95
8,98600	95
8,98667	95
8,98733	95
8,98800	95
8,98867	95
8,98933	95
8,99000	96
8,99067	96
8,99133	96
8,99200	96
8,99267	97
8,99333	97
8,99400	97
8,99467	97
8,99533	98
8,99600	98
8,99667	98
8,99733	98
8,99800	98
8,99867	99
8,99933	99
9,00000	99
9,00067	99
9,00133	99
9,00200	99
9,00267	99
9,00333	100
9,00400	100
9,00467	100
9,00533	101
9,00600	101
9,00667	102
9,00733	102
9,00800	103
9,00867	103
9,00933	104
9,01000	104
9,01067	104
9,01133	105
9,01200	105
9,01267	105
9,01333	105
9,01400	105
9,01467	105
9,01533	105
9,01600	105
9,01667	106
9,01733	106
9,01800	106
9,01867	106
9,01933	106
9,02000	106
9,02067	106
9,02133	106
9,02200	106
9,02267	106
9,02333	106
9,02400	106
9,02467	105
9,02533	105
9,02600	105
9,02667	105
9,02733	104
9,02800	104
9,02867	104
9,02933	104
9,03000	104
9,03067	104
9,03133	104
9,03200	104
9,03267	104
9,03333	104
9,03400	104
9,03467	105
9,03533	105
9,03600	105
9,03667	105
9,03733	105
9,03800	105
9,03867	105
9,03933	105
9,04000	105
9,04067	105
9,04133	105
9,04200	105
9,04267	105
9,04333	105
9,04400	105
9,04467	105
9,04533	106
9,04600	106
9,04667	106
9,04733	106
9,04800	106
9,04867	106
9,04933	106
9,05000	106
9,05067	106
9,05133	106
9,05200	106
9,05267	106
9,05333	106
9,05400	106
9,05467	107
9,05533	107
9,05600	107
9,05667	107
9,05733	108
9,05800	108
9,05867	108
9,05933	108
9,06000	109
9,06067	109
9,06133	109
9,06200	109
9,06267	109
9,06333	109
9,06400	108
9,06467	108
9,06533	108
9,06600	107
9,06667	107
9,06733	107
9,06800	107
9,06867	107
9,06933	107
9,07000	107
9,07067	107
9,07133	107
9,07200	107
9,07267	107
9,07333	107
9,07400	107
9,07467	107
9,07533	108
9,07600	108
9,07667	108
9,07733	109
9,07800	109
9,07867	110
9,07933	111
9,08000	111
9,08067	112
9,08133	112
9,08200	113
9,08267	114
9,08333	114
9,08400	115
9,08467	115
9,08533	115
9,08600	116
9,08667	116
9,08733	116
9,08800	117
9,08867	117
9,08933	117
9,09000	118
9,09067	118
9,09133	119
9,09200	119
9,09267	119
9,09333	120
9,09400	120
9,09467	121
9,09533	121
9,09600	122
9,09667	123
9,09733	123
9,09800	123
9,09867	124
9,09933	124
9,10000	124
9,10067	124
9,10133	125
9,10200	125
9,10267	125
9,10333	125
9,10400	125
9,10467	125
9,10533	125
9,10600	125
9,10667	125
9,10733	124
9,10800	124
9,10867	124
9,10933	124
9,11000	123
9,11067	123
9,11133	123
9,11200	123
9,11267	122
9,11333	122
9,11400	122
9,11467	122
9,11533	121
9,11600	121
9,11667	121
9,11733	121
9,11800	120
9,11867	120
9,11933	120
9,12000	120
9,12067	120
9,12133	120
9,12200	120
9,12267	120
9,12333	120
9,12400	120
9,12467	120
9,12533	119
9,12600	119
9,12667	119
9,12733	119
9,12800	118
9,12867	118
9,12933	117
9,13000	117
9,13067	116
9,13133	116
9,13200	115
9,13267	115
9,13333	114
9,13400	114
9,13467	114
9,13533	114
9,13600	113
9,13667	113
9,13733	113
9,13800	112
9,13867	112
9,13933	112
9,14000	112
9,14067	112
9,14133	112
9,14200	112
9,14267	112
9,14333	112
9,14400	112
9,14467	112
9,14533	112
9,14600	112
9,14667	112
9,14733	112
9,14800	112
9,14867	112
9,14933	112
9,15000	111
9,15067	111
9,15133	111
9,15200	111
9,15267	110
9,15333	110
9,15400	110
9,15467	109
9,15533	109
9,15600	108
9,15667	108
9,15733	108
9,15800	107
9,15867	107
9,15933	107
9,16000	107
9,16067	107
9,16133	107
9,16200	107
9,16267	106
9,16333	106
9,16400	106
9,16467	106
9,16533	106
9,16600	106
9,16667	105
9,16733	105
9,16800	105
9,16867	105
9,16933	105
9,17000	105
9,17067	105
9,17133	105
9,17200	105
9,17267	105
9,17333	105
9,17400	105
9,17467	105
9,17533	105
9,17600	105
9,17667	105
9,17733	105
9,17800	105
9,17867	105
9,17933	105
9,18000	105
9,18067	105
9,18133	105
9,18200	105
9,18267	105
9,18333	105
9,18400	105
9,18467	105
9,18533	104
9,18600	104
9,18667	104
9,18733	104
9,18800	104
9,18867	103
9,18933	103
9,19000	103
9,19067	103
9,19133	103
9,19200	103
9,19267	103
9,19333	103
9,19400	103
9,19467	103
9,19533	103
9,19600	103
9,19667	102
9,19733	102
9,19800	102
9,19867	102
9,19933	103
9,20000	103
9,20067	103
9,20133	103
9,20200	104
9,20267	104
9,20333	104
9,20400	105
9,20467	105
9,20533	105
9,20600	106
9,20667	106
9,20733	106
9,20800	106
9,20867	106
9,20933	106
9,21000	106
9,21067	106
9,21133	106
9,21200	106
9,21267	106
9,21333	107
9,21400	107
9,21467	107
9,21533	107
9,21600	107
9,21667	107
9,21733	107
9,21800	108
9,21867	108
9,21933	108
9,22000	108
9,22067	108
9,22133	108
9,22200	108
9,22267	109
9,22333	109
9,22400	109
9,22467	109
9,22533	109
9,22600	108
9,22667	108
9,22733	108
9,22800	108
9,22867	108
9,22933	108
9,23000	108
9,23067	107
9,23133	107
9,23200	107
9,23267	107
9,23333	107
9,23400	106
9,23467	106
9,23533	106
9,23600	106
9,23667	106
9,23733	106
9,23800	105
9,23867	105
9,23933	105
9,24000	105
9,24067	105
9,24133	105
9,24200	106
9,24267	106
9,24333	106
9,24400	106
9,24467	106
9,24533	106
9,24600	106
9,24667	106
9,24733	106
9,24800	106
9,24867	106
9,24933	106
9,25000	106
9,25067	106
9,25133	106
9,25200	106
9,25267	106
9,25333	106
9,25400	106
9,25467	106
9,25533	107
9,25600	107
9,25667	107
9,25733	107
9,25800	107
9,25867	107
9,25933	107
9,26000	107
9,26067	107
9,26133	107
9,26200	107
9,26267	107
9,26333	107
9,26400	108
9,26467	108
9,26533	108
9,26600	108
9,26667	108
9,26733	108
9,26800	108
9,26867	108
9,26933	108
9,27000	108
9,27067	108
9,27133	108
9,27200	108
9,27267	108
9,27333	107
9,27400	107
9,27467	107
9,27533	107
9,27600	106
9,27667	106
9,27733	106
9,27800	106
9,27867	105
9,27933	105
9,28000	105
9,28067	104
9,28133	104
9,28200	104
9,28267	104
9,28333	104
9,28400	104
9,28467	104
9,28533	104
9,28600	104
9,28667	104
9,28733	104
9,28800	104
9,28867	104
9,28933	104
9,29000	103
9,29067	103
9,29133	103
9,29200	103
9,29267	103
9,29333	102
9,29400	102
9,29467	102
9,29533	102
9,29600	102
9,29667	102
9,29733	102
9,29800	102
9,29867	102
9,29933	102
9,30000	102
9,30067	102
9,30133	101
9,30200	101
9,30267	101
9,30333	101
9,30400	101
9,30467	101
9,30533	101
9,30600	101
9,30667	101
9,30733	101
9,30800	101
9,30867	101
9,30933	101
9,31000	101
9,31067	102
9,31133	102
9,31200	102
9,31267	101
9,31333	101
9,31400	101
9,31467	101
9,31533	101
9,31600	101
9,31667	101
9,31733	101
9,31800	102
9,31867	102
9,31933	102
9,32000	103
9,32067	103
9,32133	104
9,32200	104
9,32267	104
9,32333	105
9,32400	105
9,32467	105
9,32533	105
9,32600	105
9,32667	106
9,32733	106
9,32800	106
9,32867	106
9,32933	106
9,33000	106
9,33067	107
9,33133	107
9,33200	107
9,33267	107
9,33333	107
9,33400	107
9,33467	107
9,33533	107
9,33600	108
9,33667	108
9,33733	108
9,33800	108
9,33867	108
9,33933	108
9,34000	108
9,34067	108
9,34133	108
9,34200	108
9,34267	109
9,34333	109
9,34400	109
9,34467	109
9,34533	109
9,34600	109
9,34667	110
9,34733	110
9,34800	110
9,34867	110
9,34933	110
9,35000	110
9,35067	110
9,35133	111
9,35200	111
9,35267	111
9,35333	111
9,35400	111
9,35467	112
9,35533	112
9,35600	112
9,35667	113
9,35733	113
9,35800	114
9,35867	114
9,35933	115
9,36000	115
9,36067	116
9,36133	116
9,36200	116
9,36267	117
9,36333	117
9,36400	118
9,36467	118
9,36533	118
9,36600	119
9,36667	119
9,36733	119
9,36800	119
9,36867	119
9,36933	119
9,37000	120
9,37067	120
9,37133	120
9,37200	120
9,37267	121
9,37333	121
9,37400	121
9,37467	122
9,37533	122
9,37600	123
9,37667	123
9,37733	123
9,37800	124
9,37867	124
9,37933	125
9,38000	125
9,38067	126
9,38133	127
9,38200	128
9,38267	128
9,38333	129
9,38400	131
9,38467	132
9,38533	133
9,38600	134
9,38667	135
9,38733	136
9,38800	137
9,38867	139
9,38933	140
9,39000	142
9,39067	143
9,39133	145
9,39200	147
9,39267	149
9,39333	151
9,39400	152
9,39467	155
9,39533	157
9,39600	159
9,39667	161
9,39733	164
9,39800	166
9,39867	169
9,39933	172
9,40000	175
9,40067	177
9,40133	180
9,40200	183
9,40267	186
9,40333	189
9,40400	192
9,40467	195
9,40533	197
9,40600	200
9,40667	203
9,40733	205
9,40800	208
9,40867	211
9,40933	213
9,41000	215
9,41067	218
9,41133	220
9,41200	222
9,41267	224
9,41333	226
9,41400	229
9,41467	231
9,41533	233
9,41600	235
9,41667	237
9,41733	240
9,41800	241
9,41867	243
9,41933	245
9,42000	246
9,42067	248
9,42133	249
9,42200	250
9,42267	251
9,42333	252
9,42400	254
9,42467	255
9,42533	256
9,42600	257
9,42667	258
9,42733	259
9,42800	260
9,42867	261
9,42933	261
9,43000	262
9,43067	262
9,43133	263
9,43200	263
9,43267	263
9,43333	263
9,43400	263
9,43467	263
9,43533	263
9,43600	262
9,43667	262
9,43733	262
9,43800	262
9,43867	261
9,43933	261
9,44000	260
9,44067	260
9,44133	259
9,44200	258
9,44267	257
9,44333	256
9,44400	255
9,44467	254
9,44533	253
9,44600	252
9,44667	251
9,44733	250
9,44800	249
9,44867	248
9,44933	247
9,45000	246
9,45067	244
9,45133	243
9,45200	242
9,45267	241
9,45333	240
9,45400	239
9,45467	238
9,45533	237
9,45600	236
9,45667	235
9,45733	234
9,45800	233
9,45867	232
9,45933	231
9,46000	230
9,46067	229
9,46133	228
9,46200	227
9,46267	226
9,46333	225
9,46400	224
9,46467	222
9,46533	221
9,46600	220
9,46667	220
9,46733	219
9,46800	218
9,46867	217
9,46933	217
9,47000	216
9,47067	215
9,47133	215
9,47200	214
9,47267	213
9,47333	212
9,47400	212
9,47467	211
9,47533	211
9,47600	210
9,47667	210
9,47733	209
9,47800	209
9,47867	208
9,47933	208
9,48000	208
9,48067	208
9,48133	208
9,48200	207
9,48267	207
9,48333	207
9,48400	206
9,48467	206
9,48533	206
9,48600	206
9,48667	206
9,48733	206
9,48800	205
9,48867	205
9,48933	205
9,49000	205
9,49067	205
9,49133	204
9,49200	204
9,49267	204
9,49333	203
9,49400	203
9,49467	203
9,49533	203
9,49600	203
9,49667	203
9,49733	203
9,49800	203
9,49867	203
9,49933	203
9,50000	203
9,50067	203
9,50133	203
9,50200	202
9,50267	202
9,50333	202
9,50400	202
9,50467	201
9,50533	201
9,50600	201
9,50667	200
9,50733	200
9,50800	200
9,50867	200
9,50933	200
9,51000	200
9,51067	199
9,51133	199
9,51200	198
9,51267	198
9,51333	198
9,51400	198
9,51467	197
9,51533	197
9,51600	196
9,51667	196
9,51733	195
9,51800	195
9,51867	194
9,51933	194
9,52000	193
9,52067	193
9,52133	192
9,52200	192
9,52267	191
9,52333	191
9,52400	190
9,52467	189
9,52533	189
9,52600	188
9,52667	188
9,52733	188
9,52800	187
9,52867	187
9,52933	187
9,53000	186
9,53067	186
9,53133	186
9,53200	185
9,53267	185
9,53333	185
9,53400	184
9,53467	184
9,53533	183
9,53600	183
9,53667	183
9,53733	182
9,53800	182
9,53867	182
9,53933	182
9,54000	181
9,54067	181
9,54133	181
9,54200	181
9,54267	180
9,54333	180
9,54400	180
9,54467	179
9,54533	179
9,54600	179
9,54667	179
9,54733	179
9,54800	178
9,54867	178
9,54933	178
9,55000	177
9,55067	177
9,55133	177
9,55200	177
9,55267	177
9,55333	177
9,55400	177
9,55467	177
9,55533	177
9,55600	177
9,55667	176
9,55733	176
9,55800	176
9,55867	175
9,55933	175
9,56000	175
9,56067	174
9,56133	174
9,56200	174
9,56267	173
9,56333	173
9,56400	173
9,56467	173
9,56533	173
9,56600	173
9,56667	173
9,56733	173
9,56800	172
9,56867	172
9,56933	172
9,57000	171
9,57067	170
9,57133	170
9,57200	169
9,57267	169
9,57333	168
9,57400	167
9,57467	167
9,57533	166
9,57600	165
9,57667	165
9,57733	164
9,57800	164
9,57867	164
9,57933	164
9,58000	164
9,58067	163
9,58133	163
9,58200	163
9,58267	163
9,58333	164
9,58400	164
9,58467	164
9,58533	164
9,58600	164
9,58667	164
9,58733	164
9,58800	163
9,58867	163
9,58933	163
9,59000	163
9,59067	162
9,59133	162
9,59200	162
9,59267	162
9,59333	162
9,59400	162
9,59467	162
9,59533	162
9,59600	162
9,59667	162
9,59733	162
9,59800	162
9,59867	162
9,59933	161
9,60000	161
9,60067	161
9,60133	161
9,60200	160
9,60267	160
9,60333	160
9,60400	160
9,60467	160
9,60533	160
9,60600	160
9,60667	160
9,60733	160
9,60800	160
9,60867	160
9,60933	160
9,61000	160
9,61067	159
9,61133	159
9,61200	159
9,61267	159
9,61333	159
9,61400	158
9,61467	158
9,61533	158
9,61600	158
9,61667	157
9,61733	157
9,61800	157
9,61867	157
9,61933	156
9,62000	156
9,62067	156
9,62133	156
9,62200	155
9,62267	155
9,62333	155
9,62400	155
9,62467	156
9,62533	156
9,62600	156
9,62667	155
9,62733	155
9,62800	155
9,62867	155
9,62933	155
9,63000	155
9,63067	155
9,63133	155
9,63200	155
9,63267	155
9,63333	155
9,63400	155
9,63467	155
9,63533	155
9,63600	155
9,63667	155
9,63733	155
9,63800	155
9,63867	155
9,63933	155
9,64000	155
9,64067	155
9,64133	155
9,64200	155
9,64267	154
9,64333	154
9,64400	154
9,64467	154
9,64533	153
9,64600	153
9,64667	153
9,64733	153
9,64800	153
9,64867	153
9,64933	153
9,65000	153
9,65067	153
9,65133	153
9,65200	153
9,65267	152
9,65333	152
9,65400	152
9,65467	152
9,65533	151
9,65600	151
9,65667	151
9,65733	151
9,65800	151
9,65867	151
9,65933	151
9,66000	151
9,66067	151
9,66133	151
9,66200	151
9,66267	151
9,66333	151
9,66400	150
9,66467	150
9,66533	150
9,66600	150
9,66667	150
9,66733	150
9,66800	150
9,66867	150
9,66933	150
9,67000	150
9,67067	150
9,67133	150
9,67200	150
9,67267	150
9,67333	150
9,67400	150
9,67467	150
9,67533	150
9,67600	150
9,67667	150
9,67733	150
9,67800	150
9,67867	150
9,67933	150
9,68000	150
9,68067	150
9,68133	150
9,68200	150
9,68267	150
9,68333	150
9,68400	150
9,68467	150
9,68533	150
9,68600	150
9,68667	150
9,68733	150
9,68800	150
9,68867	150
9,68933	150
9,69000	150
9,69067	151
9,69133	151
9,69200	151
9,69267	151
9,69333	151
9,69400	152
9,69467	152
9,69533	152
9,69600	152
9,69667	152
9,69733	152
9,69800	152
9,69867	151
9,69933	151
9,70000	151
9,70067	151
9,70133	151
9,70200	150
9,70267	150
9,70333	150
9,70400	150
9,70467	150
9,70533	149
9,70600	149
9,70667	149
9,70733	149
9,70800	149
9,70867	149
9,70933	149
9,71000	149
9,71067	149
9,71133	149
9,71200	149
9,71267	149
9,71333	149
9,71400	150
9,71467	150
9,71533	150
9,71600	151
9,71667	151
9,71733	151
9,71800	151
9,71867	151
9,71933	151
9,72000	151
9,72067	151
9,72133	151
9,72200	151
9,72267	151
9,72333	151
9,72400	151
9,72467	151
9,72533	151
9,72600	151
9,72667	151
9,72733	151
9,72800	150
9,72867	150
9,72933	150
9,73000	150
9,73067	150
9,73133	150
9,73200	149
9,73267	149
9,73333	149
9,73400	149
9,73467	149
9,73533	150
9,73600	150
9,73667	150
9,73733	150
9,73800	150
9,73867	151
9,73933	151
9,74000	151
9,74067	152
9,74133	153
9,74200	153
9,74267	154
9,74333	154
9,74400	155
9,74467	155
9,74533	155
9,74600	155
9,74667	156
9,74733	156
9,74800	156
9,74867	156
9,74933	156
9,75000	156
9,75067	156
9,75133	156
9,75200	156
9,75267	156
9,75333	155
9,75400	155
9,75467	155
9,75533	155
9,75600	155
9,75667	155
9,75733	155
9,75800	155
9,75867	155
9,75933	155
9,76000	155
9,76067	155
9,76133	154
9,76200	154
9,76267	154
9,76333	154
9,76400	154
9,76467	155
9,76533	155
9,76600	155
9,76667	155
9,76733	155
9,76800	155
9,76867	155
9,76933	155
9,77000	155
9,77067	155
9,77133	155
9,77200	155
9,77267	155
9,77333	155
9,77400	155
9,77467	155
9,77533	155
9,77600	155
9,77667	155
9,77733	155
9,77800	156
9,77867	156
9,77933	156
9,78000	156
9,78067	156
9,78133	156
9,78200	156
9,78267	155
9,78333	155
9,78400	155
9,78467	154
9,78533	154
9,78600	154
9,78667	154
9,78733	154
9,78800	153
9,78867	154
9,78933	154
9,79000	154
9,79067	154
9,79133	154
9,79200	154
9,79267	154
9,79333	155
9,79400	155
9,79467	155
9,79533	155
9,79600	155
9,79667	155
9,79733	155
9,79800	156
9,79867	156
9,79933	156
9,80000	157
9,80067	157
9,80133	157
9,80200	158
9,80267	158
9,80333	158
9,80400	158
9,80467	158
9,80533	158
9,80600	158
9,80667	158
9,80733	159
9,80800	159
9,80867	159
9,80933	159
9,81000	159
9,81067	159
9,81133	158
9,81200	158
9,81267	158
9,81333	158
9,81400	158
9,81467	158
9,81533	158
9,81600	157
9,81667	157
9,81733	157
9,81800	157
9,81867	156
9,81933	156
9,82000	156
9,82067	156
9,82133	156
9,82200	156
9,82267	156
9,82333	156
9,82400	156
9,82467	156
9,82533	156
9,82600	156
9,82667	156
9,82733	156
9,82800	156
9,82867	156
9,82933	156
9,83000	156
9,83067	156
9,83133	156
9,83200	156
9,83267	156
9,83333	156
9,83400	157
9,83467	157
9,83533	157
9,83600	157
9,83667	157
9,83733	157
9,83800	157
9,83867	158
9,83933	158
9,84000	158
9,84067	158
9,84133	159
9,84200	159
9,84267	159
9,84333	160
9,84400	160
9,84467	161
9,84533	161
9,84600	162
9,84667	162
9,84733	162
9,84800	162
9,84867	163
9,84933	163
9,85000	163
9,85067	163
9,85133	164
9,85200	164
9,85267	164
9,85333	165
9,85400	165
9,85467	165
9,85533	165
9,85600	165
9,85667	166
9,85733	166
9,85800	166
9,85867	166
9,85933	166
9,86000	166
9,86067	166
9,86133	166
9,86200	166
9,86267	166
9,86333	166
9,86400	166
9,86467	166
9,86533	166
9,86600	165
9,86667	165
9,86733	165
9,86800	165
9,86867	165
9,86933	165
9,87000	165
9,87067	165
9,87133	165
9,87200	164
9,87267	164
9,87333	164
9,87400	164
9,87467	164
9,87533	164
9,87600	164
9,87667	164
9,87733	164
9,87800	164
9,87867	164
9,87933	164
9,88000	164
9,88067	164
9,88133	164
9,88200	164
9,88267	164
9,88333	164
9,88400	164
9,88467	164
9,88533	164
9,88600	164
9,88667	164
9,88733	163
9,88800	163
9,88867	163
9,88933	163
9,89000	162
9,89067	162
9,89133	161
9,89200	161
9,89267	161
9,89333	161
9,89400	160
9,89467	160
9,89533	160
9,89600	159
9,89667	159
9,89733	159
9,89800	159
9,89867	159
9,89933	159
9,90000	159
9,90067	159
9,90133	159
9,90200	159
9,90267	159
9,90333	159
9,90400	159
9,90467	160
9,90533	160
9,90600	160
9,90667	160
9,90733	160
9,90800	160
9,90867	160
9,90933	160
9,91000	160
9,91067	160
9,91133	160
9,91200	161
9,91267	161
9,91333	161
9,91400	161
9,91467	162
9,91533	162
9,91600	162
9,91667	162
9,91733	162
9,91800	162
9,91867	162
9,91933	162
9,92000	162
9,92067	162
9,92133	162
9,92200	162
9,92267	162
9,92333	161
9,92400	161
9,92467	161
9,92533	161
9,92600	160
9,92667	160
9,92733	160
9,92800	159
9,92867	159
9,92933	159
9,93000	158
9,93067	158
9,93133	158
9,93200	157
9,93267	157
9,93333	157
9,93400	157
9,93467	157
9,93533	157
9,93600	157
9,93667	157
9,93733	157
9,93800	157
9,93867	158
9,93933	158
9,94000	158
9,94067	158
9,94133	158
9,94200	159
9,94267	159
9,94333	159
9,94400	159
9,94467	160
9,94533	160
9,94600	161
9,94667	161
9,94733	161
9,94800	162
9,94867	162
9,94933	163
9,95000	163
9,95067	163
9,95133	163
9,95200	164
9,95267	164
9,95333	164
9,95400	164
9,95467	164
9,95533	164
9,95600	164
9,95667	164
9,95733	165
9,95800	165
9,95867	165
9,95933	165
9,96000	165
9,96067	166
9,96133	166
9,96200	166
9,96267	166
9,96333	166
9,96400	165
9,96467	165
9,96533	165
9,96600	165
9,96667	165
9,96733	165
9,96800	166
9,96867	166
9,96933	166
9,97000	166
9,97067	166
9,97133	166
9,97200	166
9,97267	166
9,97333	165
9,97400	165
9,97467	165
9,97533	165
9,97600	165
9,97667	165
9,97733	165
9,97800	165
9,97867	165
9,97933	165
9,98000	165
9,98067	165
9,98133	165
9,98200	166
9,98267	166
9,98333	166
9,98400	166
9,98467	166
9,98533	166
9,98600	166
9,98667	166
9,98733	166
9,98800	166
9,98867	166
9,98933	167
9,99000	167
9,99067	167
9,99133	168
9,99200	168
9,99267	168
9,99333	168
9,99400	169
9,99467	169
9,99533	169
9,99600	169
9,99667	169
9,99733	169
9,99800	169
9,99867	169
9,99933	169
10,00000	169
10,00067	169
10,00133	169
10,00200	169
10,00267	168
10,00333	168
10,00400	168
10,00467	168
10,00533	167
10,00600	167
10,00667	167
10,00733	166
10,00800	166
10,00867	166
10,00933	166
10,01000	166
10,01067	166
10,01133	166
10,01200	166
10,01267	166
10,01333	166
10,01400	166
10,01467	166
10,01533	166
10,01600	166
10,01667	166
10,01733	166
10,01800	166
10,01867	166
10,01933	166
10,02000	166
10,02067	166
10,02133	167
10,02200	167
10,02267	168
10,02333	168
10,02400	169
10,02467	169
10,02533	170
10,02600	170
10,02667	171
10,02733	171
10,02800	172
10,02867	172
10,02933	173
10,03000	173
10,03067	173
10,03133	174
10,03200	174
10,03267	175
10,03333	175
10,03400	176
10,03467	176
10,03533	176
10,03600	177
10,03667	177
10,03733	177
10,03800	177
10,03867	178
10,03933	178
10,04000	178
10,04067	178
10,04133	178
10,04200	178
10,04267	178
10,04333	178
10,04400	178
10,04467	179
10,04533	179
10,04600	179
10,04667	179
10,04733	179
10,04800	180
10,04867	180
10,04933	180
10,05000	180
10,05067	180
10,05133	180
10,05200	180
10,05267	180
10,05333	180
10,05400	180
10,05467	180
10,05533	180
10,05600	180
10,05667	180
10,05733	180
10,05800	180
10,05867	180
10,05933	180
10,06000	180
10,06067	180
10,06133	181
10,06200	181
10,06267	181
10,06333	182
10,06400	182
10,06467	183
10,06533	183
10,06600	184
10,06667	185
10,06733	185
10,06800	185
10,06867	186
10,06933	186
10,07000	187
10,07067	187
10,07133	188
10,07200	188
10,07267	189
10,07333	189
10,07400	190
10,07467	190
10,07533	191
10,07600	191
10,07667	192
10,07733	192
10,07800	192
10,07867	193
10,07933	193
10,08000	193
10,08067	193
10,08133	193
10,08200	194
10,08267	194
10,08333	194
10,08400	194
10,08467	194
10,08533	194
10,08600	194
10,08667	194
10,08733	194
10,08800	193
10,08867	193
10,08933	193
10,09000	193
10,09067	193
10,09133	193
10,09200	193
10,09267	193
10,09333	194
10,09400	194
10,09467	194
10,09533	195
10,09600	196
10,09667	196
10,09733	197
10,09800	198
10,09867	199
10,09933	200
10,10000	201
10,10067	202
10,10133	204
10,10200	205
10,10267	206
10,10333	208
10,10400	209
10,10467	211
10,10533	212
10,10600	214
10,10667	215
10,10733	216
10,10800	218
10,10867	219
10,10933	220
10,11000	221
10,11067	223
10,11133	224
10,11200	224
10,11267	225
10,11333	226
10,11400	226
10,11467	226
10,11533	226
10,11600	226
10,11667	226
10,11733	226
10,11800	225
10,11867	225
10,11933	224
10,12000	224
10,12067	223
10,12133	223
10,12200	222
10,12267	221
10,12333	220
10,12400	219
10,12467	218
10,12533	217
10,12600	216
10,12667	215
10,12733	214
10,12800	213
10,12867	212
10,12933	211
10,13000	211
10,13067	210
10,13133	209
10,13200	208
10,13267	208
10,13333	207
10,13400	206
10,13467	205
10,13533	204
10,13600	204
10,13667	203
10,13733	202
10,13800	202
10,13867	201
10,13933	201
10,14000	200
10,14067	200
10,14133	200
10,14200	199
10,14267	199
10,14333	199
10,14400	199
10,14467	199
10,14533	199
10,14600	199
10,14667	198
10,14733	198
10,14800	197
10,14867	197
10,14933	197
10,15000	196
10,15067	196
10,15133	195
10,15200	195
10,15267	195
10,15333	194
10,15400	194
10,15467	194
10,15533	194
10,15600	194
10,15667	194
10,15733	194
10,15800	193
10,15867	193
10,15933	193
10,16000	193
10,16067	192
10,16133	192
10,16200	192
10,16267	191
10,16333	190
10,16400	190
10,16467	189
10,16533	189
10,16600	189
10,16667	188
10,16733	188
10,16800	188
10,16867	187
10,16933	187
10,17000	187
10,17067	187
10,17133	187
10,17200	187
10,17267	187
10,17333	187
10,17400	188
10,17467	188
10,17533	188
10,17600	188
10,17667	188
10,17733	188
10,17800	188
10,17867	188
10,17933	188
10,18000	188
10,18067	189
10,18133	189
10,18200	190
10,18267	190
10,18333	190
10,18400	191
10,18467	191
10,18533	191
10,18600	191
10,18667	191
10,18733	192
10,18800	192
10,18867	192
10,18933	192
10,19000	193
10,19067	193
10,19133	193
10,19200	193
10,19267	193
10,19333	193
10,19400	193
10,19467	193
10,19533	193
10,19600	194
10,19667	194
10,19733	194
10,19800	194
10,19867	194
10,19933	194
10,20000	194
10,20067	194
10,20133	194
10,20200	195
10,20267	195
10,20333	195
10,20400	195
10,20467	195
10,20533	196
10,20600	196
10,20667	196
10,20733	196
10,20800	197
10,20867	197
10,20933	197
10,21000	197
10,21067	198
10,21133	198
10,21200	199
10,21267	199
10,21333	200
10,21400	200
10,21467	200
10,21533	200
10,21600	201
10,21667	201
10,21733	201
10,21800	201
10,21867	202
10,21933	202
10,22000	202
10,22067	201
10,22133	201
10,22200	201
10,22267	201
10,22333	201
10,22400	201
10,22467	201
10,22533	201
10,22600	201
10,22667	201
10,22733	201
10,22800	201
10,22867	201
10,22933	201
10,23000	201
10,23067	201
10,23133	201
10,23200	200
10,23267	200
10,23333	200
10,23400	200
10,23467	200
10,23533	200
10,23600	200
10,23667	200
10,23733	199
10,23800	199
10,23867	199
10,23933	198
10,24000	198
10,24067	198
10,24133	197
10,24200	197
10,24267	197
10,24333	197
10,24400	197
10,24467	197
10,24533	197
10,24600	197
10,24667	197
10,24733	197
10,24800	197
10,24867	197
10,24933	197
10,25000	197
10,25067	197
10,25133	197
10,25200	197
10,25267	197
10,25333	196
10,25400	196
10,25467	196
10,25533	195
10,25600	195
10,25667	195
10,25733	195
10,25800	196
10,25867	196
10,25933	196
10,26000	197
10,26067	197
10,26133	197
10,26200	197
10,26267	197
10,26333	197
10,26400	197
10,26467	197
10,26533	197
10,26600	198
10,26667	198
10,26733	198
10,26800	198
10,26867	198
10,26933	198
10,27000	198
10,27067	198
10,27133	197
10,27200	197
10,27267	197
10,27333	197
10,27400	196
10,27467	196
10,27533	196
10,27600	196
10,27667	197
10,27733	197
10,27800	197
10,27867	197
10,27933	197
10,28000	197
10,28067	197
10,28133	197
10,28200	197
10,28267	197
10,28333	197
10,28400	197
10,28467	197
10,28533	197
10,28600	197
10,28667	197
10,28733	197
10,28800	197
10,28867	197
10,28933	197
10,29000	198
10,29067	198
10,29133	198
10,29200	198
10,29267	198
10,29333	198
10,29400	198
10,29467	197
10,29533	197
10,29600	197
10,29667	197
10,29733	196
10,29800	196
10,29867	196
10,29933	196
10,30000	196
10,30067	196
10,30133	195
10,30200	195
10,30267	195
10,30333	195
10,30400	195
10,30467	194
10,30533	194
10,30600	194
10,30667	194
10,30733	194
10,30800	194
10,30867	194
10,30933	194
10,31000	194
10,31067	194
10,31133	194
10,31200	194
10,31267	194
10,31333	194
10,31400	195
10,31467	195
10,31533	195
10,31600	195
10,31667	195
10,31733	195
10,31800	195
10,31867	195
10,31933	195
10,32000	195
10,32067	196
10,32133	196
10,32200	196
10,32267	196
10,32333	197
10,32400	197
10,32467	197
10,32533	198
10,32600	198
10,32667	198
10,32733	198
10,32800	198
10,32867	199
10,32933	199
10,33000	199
10,33067	199
10,33133	198
10,33200	198
10,33267	198
10,33333	198
10,33400	198
10,33467	197
10,33533	197
10,33600	197
10,33667	197
10,33733	197
10,33800	196
10,33867	196
10,33933	196
10,34000	196
10,34067	196
10,34133	197
10,34200	197
10,34267	197
10,34333	198
10,34400	198
10,34467	199
10,34533	199
10,34600	199
10,34667	199
10,34733	200
10,34800	200
10,34867	200
10,34933	201
10,35000	201
10,35067	201
10,35133	201
10,35200	202
10,35267	202
10,35333	202
10,35400	202
10,35467	202
10,35533	202
10,35600	202
10,35667	202
10,35733	202
10,35800	202
10,35867	202
10,35933	201
10,36000	201
10,36067	201
10,36133	201
10,36200	201
10,36267	201
10,36333	201
10,36400	201
10,36467	201
10,36533	201
10,36600	201
10,36667	201
10,36733	202
10,36800	202
10,36867	202
10,36933	202
10,37000	203
10,37067	203
10,37133	204
10,37200	204
10,37267	204
10,37333	204
10,37400	205
10,37467	205
10,37533	206
10,37600	206
10,37667	206
10,37733	207
10,37800	207
10,37867	206
10,37933	206
10,38000	206
10,38067	206
10,38133	206
10,38200	206
10,38267	206
10,38333	206
10,38400	207
10,38467	207
10,38533	207
10,38600	207
10,38667	207
10,38733	207
10,38800	208
10,38867	208
10,38933	208
10,39000	209
10,39067	209
10,39133	210
10,39200	211
10,39267	212
10,39333	212
10,39400	213
10,39467	213
10,39533	214
10,39600	214
10,39667	215
10,39733	215
10,39800	216
10,39867	216
10,39933	217
10,40000	217
10,40067	218
10,40133	218
10,40200	218
10,40267	219
10,40333	219
10,40400	219
10,40467	220
10,40533	220
10,40600	220
10,40667	221
10,40733	221
10,40800	222
10,40867	222
10,40933	222
10,41000	222
10,41067	222
10,41133	223
10,41200	223
10,41267	223
10,41333	223
10,41400	223
10,41467	224
10,41533	224
10,41600	224
10,41667	225
10,41733	225
10,41800	225
10,41867	226
10,41933	226
10,42000	227
10,42067	227
10,42133	227
10,42200	228
10,42267	228
10,42333	228
10,42400	228
10,42467	228
10,42533	229
10,42600	229
10,42667	229
10,42733	229
10,42800	230
10,42867	230
10,42933	230
10,43000	231
10,43067	231
10,43133	232
10,43200	232
10,43267	233
10,43333	233
10,43400	233
10,43467	234
10,43533	234
10,43600	235
10,43667	235
10,43733	236
10,43800	237
10,43867	237
10,43933	238
10,44000	238
10,44067	239
10,44133	239
10,44200	239
10,44267	240
10,44333	240
10,44400	241
10,44467	241
10,44533	242
10,44600	242
10,44667	243
10,44733	243
10,44800	243
10,44867	244
10,44933	244
10,45000	244
10,45067	245
10,45133	245
10,45200	245
10,45267	245
10,45333	245
10,45400	245
10,45467	245
10,45533	245
10,45600	245
10,45667	245
10,45733	245
10,45800	245
10,45867	245
10,45933	245
10,46000	245
10,46067	245
10,46133	245
10,46200	245
10,46267	245
10,46333	245
10,46400	245
10,46467	245
10,46533	245
10,46600	245
10,46667	245
10,46733	245
10,46800	245
10,46867	245
10,46933	245
10,47000	245
10,47067	246
10,47133	246
10,47200	246
10,47267	247
10,47333	247
10,47400	247
10,47467	247
10,47533	247
10,47600	247
10,47667	247
10,47733	246
10,47800	246
10,47867	246
10,47933	246
10,48000	246
10,48067	246
10,48133	246
10,48200	246
10,48267	247
10,48333	247
10,48400	247
10,48467	247
10,48533	247
10,48600	246
10,48667	246
10,48733	245
10,48800	245
10,48867	244
10,48933	244
10,49000	243
10,49067	242
10,49133	242
10,49200	241
10,49267	240
10,49333	240
10,49400	239
10,49467	239
10,49533	238
10,49600	238
10,49667	237
10,49733	237
10,49800	236
10,49867	236
10,49933	236
10,50000	235
10,50067	235
10,50133	235
10,50200	235
10,50267	234
10,50333	234
10,50400	234
10,50467	234
10,50533	233
10,50600	233
10,50667	233
10,50733	233
10,50800	232
10,50867	232
10,50933	232
10,51000	232
10,51067	232
10,51133	232
10,51200	232
10,51267	232
10,51333	232
10,51400	232
10,51467	232
10,51533	232
10,51600	232
10,51667	232
10,51733	232
10,51800	232
10,51867	232
10,51933	233
10,52000	233
10,52067	233
10,52133	233
10,52200	233
10,52267	234
10,52333	234
10,52400	234
10,52467	234
10,52533	234
10,52600	234
10,52667	234
10,52733	234
10,52800	234
10,52867	234
10,52933	234
10,53000	234
10,53067	234
10,53133	234
10,53200	234
10,53267	234
10,53333	234
10,53400	234
10,53467	234
10,53533	234
10,53600	234
10,53667	234
10,53733	234
10,53800	234
10,53867	234
10,53933	234
10,54000	234
10,54067	233
10,54133	233
10,54200	233
10,54267	233
10,54333	233
10,54400	233
10,54467	233
10,54533	233
10,54600	233
10,54667	233
10,54733	233
10,54800	233
10,54867	234
10,54933	234
10,55000	234
10,55067	234
10,55133	234
10,55200	234
10,55267	234
10,55333	234
10,55400	234
10,55467	234
10,55533	234
10,55600	234
10,55667	234
10,55733	234
10,55800	234
10,55867	234
10,55933	234
10,56000	234
10,56067	234
10,56133	234
10,56200	234
10,56267	234
10,56333	234
10,56400	234
10,56467	234
10,56533	233
10,56600	233
10,56667	233
10,56733	233
10,56800	233
10,56867	233
10,56933	233
10,57000	233
10,57067	233
10,57133	233
10,57200	233
10,57267	233
10,57333	233
10,57400	233
10,57467	233
10,57533	233
10,57600	234
10,57667	234
10,57733	234
10,57800	235
10,57867	235
10,57933	235
10,58000	236
10,58067	236
10,58133	236
10,58200	237
10,58267	237
10,58333	238
10,58400	238
10,58467	238
10,58533	238
10,58600	239
10,58667	239
10,58733	239
10,58800	239
10,58867	240
10,58933	240
10,59000	240
10,59067	240
10,59133	240
10,59200	240
10,59267	240
10,59333	240
10,59400	240
10,59467	240
10,59533	240
10,59600	240
10,59667	241
10,59733	241
10,59800	241
10,59867	241
10,59933	241
10,60000	241
10,60067	241
10,60133	242
10,60200	242
10,60267	242
10,60333	242
10,60400	242
10,60467	242
10,60533	242
10,60600	242
10,60667	243
10,60733	243
10,60800	243
10,60867	243
10,60933	243
10,61000	243
10,61067	244
10,61133	244
10,61200	244
10,61267	244
10,61333	245
10,61400	245
10,61467	245
10,61533	245
10,61600	245
10,61667	245
10,61733	246
10,61800	246
10,61867	246
10,61933	246
10,62000	247
10,62067	247
10,62133	248
10,62200	248
10,62267	248
10,62333	249
10,62400	249
10,62467	249
10,62533	249
10,62600	250
10,62667	250
10,62733	250
10,62800	250
10,62867	251
10,62933	251
10,63000	251
10,63067	251
10,63133	251
10,63200	251
10,63267	251
10,63333	251
10,63400	251
10,63467	250
10,63533	250
10,63600	250
10,63667	250
10,63733	249
10,63800	249
10,63867	249
10,63933	249
10,64000	249
10,64067	249
10,64133	249
10,64200	249
10,64267	249
10,64333	250
10,64400	251
10,64467	251
10,64533	252
10,64600	253
10,64667	253
10,64733	254
10,64800	254
10,64867	255
10,64933	255
10,65000	256
10,65067	256
10,65133	257
10,65200	257
10,65267	258
10,65333	258
10,65400	258
10,65467	259
10,65533	259
10,65600	259
10,65667	259
10,65733	259
10,65800	259
10,65867	259
10,65933	259
10,66000	259
10,66067	259
10,66133	259
10,66200	259
10,66267	259
10,66333	259
10,66400	258
10,66467	258
10,66533	258
10,66600	258
10,66667	258
10,66733	258
10,66800	258
10,66867	258
10,66933	257
10,67000	257
10,67067	257
10,67133	256
10,67200	256
10,67267	256
10,67333	256
10,67400	256
10,67467	256
10,67533	256
10,67600	255
10,67667	255
10,67733	255
10,67800	255
10,67867	255
10,67933	255
10,68000	254
10,68067	254
10,68133	254
10,68200	254
10,68267	253
10,68333	253
10,68400	253
10,68467	252
10,68533	252
10,68600	251
10,68667	251
10,68733	251
10,68800	250
10,68867	250
10,68933	249
10,69000	248
10,69067	248
10,69133	247
10,69200	247
10,69267	247
10,69333	247
10,69400	246
10,69467	246
10,69533	246
10,69600	246
10,69667	245
10,69733	245
10,69800	245
10,69867	245
10,69933	245
10,70000	244
10,70067	244
10,70133	244
10,70200	243
10,70267	243
10,70333	242
10,70400	242
10,70467	242
10,70533	241
10,70600	241
10,70667	241
10,70733	241
10,70800	241
10,70867	241
10,70933	241
10,71000	241
10,71067	241
10,71133	241
10,71200	240
10,71267	240
10,71333	240
10,71400	241
10,71467	241
10,71533	241
10,71600	242
10,71667	242
10,71733	242
10,71800	242
10,71867	242
10,71933	243
10,72000	243
10,72067	243
10,72133	244
10,72200	244
10,72267	244
10,72333	245
10,72400	245
10,72467	246
10,72533	246
10,72600	246
10,72667	247
10,72733	247
10,72800	247
10,72867	247
10,72933	247
10,73000	247
10,73067	247
10,73133	247
10,73200	247
10,73267	247
10,73333	247
10,73400	247
10,73467	247
10,73533	247
10,73600	247
10,73667	247
10,73733	247
10,73800	247
10,73867	247
10,73933	247
10,74000	247
10,74067	247
10,74133	247
10,74200	247
10,74267	247
10,74333	247
10,74400	247
10,74467	247
10,74533	247
10,74600	247
10,74667	247
10,74733	247
10,74800	247
10,74867	247
10,74933	247
10,75000	247
10,75067	247
10,75133	247
10,75200	247
10,75267	247
10,75333	247
10,75400	248
10,75467	248
10,75533	248
10,75600	248
10,75667	248
10,75733	248
10,75800	248
10,75867	248
10,75933	248
10,76000	248
10,76067	248
10,76133	248
10,76200	248
10,76267	247
10,76333	247
10,76400	247
10,76467	247
10,76533	247
10,76600	247
10,76667	247
10,76733	247
10,76800	248
10,76867	248
10,76933	248
10,77000	248
10,77067	248
10,77133	248
10,77200	248
10,77267	248
10,77333	248
10,77400	249
10,77467	249
10,77533	249
10,77600	250
10,77667	250
10,77733	250
10,77800	251
10,77867	251
10,77933	252
10,78000	252
10,78067	253
10,78133	253
10,78200	254
10,78267	254
10,78333	254
10,78400	254
10,78467	255
10,78533	255
10,78600	255
10,78667	255
10,78733	255
10,78800	255
10,78867	255
10,78933	255
10,79000	256
10,79067	256
10,79133	255
10,79200	255
10,79267	255
10,79333	255
10,79400	255
10,79467	254
10,79533	254
10,79600	253
10,79667	253
10,79733	253
10,79800	252
10,79867	252
10,79933	252
10,80000	252
10,80067	252
10,80133	252
10,80200	252
10,80267	252
10,80333	252
10,80400	252
10,80467	252
10,80533	252
10,80600	252
10,80667	252
10,80733	252
10,80800	252
10,80867	252
10,80933	252
10,81000	252
10,81067	252
10,81133	252
10,81200	251
10,81267	251
10,81333	251
10,81400	251
10,81467	251
10,81533	251
10,81600	251
10,81667	251
10,81733	251
10,81800	252
10,81867	252
10,81933	252
10,82000	253
10,82067	253
10,82133	253
10,82200	254
10,82267	254
10,82333	254
10,82400	254
10,82467	254
10,82533	254
10,82600	254
10,82667	254
10,82733	254
10,82800	254
10,82867	254
10,82933	254
10,83000	254
10,83067	254
10,83133	253
10,83200	253
10,83267	253
10,83333	253
10,83400	253
10,83467	253
10,83533	253
10,83600	253
10,83667	253
10,83733	253
10,83800	253
10,83867	253
10,83933	253
10,84000	253
10,84067	253
10,84133	253
10,84200	253
10,84267	253
10,84333	253
10,84400	253
10,84467	254
10,84533	254
10,84600	254
10,84667	254
10,84733	254
10,84800	254
10,84867	254
10,84933	254
10,85000	254
10,85067	254
10,85133	254
10,85200	254
10,85267	254
10,85333	254
10,85400	255
10,85467	255
10,85533	255
10,85600	255
10,85667	255
10,85733	255
10,85800	255
10,85867	256
10,85933	256
10,86000	256
10,86067	255
10,86133	255
10,86200	255
10,86267	255
10,86333	255
10,86400	255
10,86467	255
10,86533	255
10,86600	255
10,86667	254
10,86733	254
10,86800	254
10,86867	254
10,86933	253
10,87000	253
10,87067	253
10,87133	252
10,87200	252
10,87267	252
10,87333	252
10,87400	252
10,87467	252
10,87533	252
10,87600	252
10,87667	252
10,87733	252
10,87800	252
10,87867	252
10,87933	252
10,88000	252
10,88067	253
10,88133	253
10,88200	253
10,88267	253
10,88333	253
10,88400	254
10,88467	254
10,88533	254
10,88600	255
10,88667	255
10,88733	256
10,88800	256
10,88867	256
10,88933	256
10,89000	257
10,89067	257
10,89133	257
10,89200	257
10,89267	257
10,89333	257
10,89400	258
10,89467	258
10,89533	258
10,89600	258
10,89667	258
10,89733	257
10,89800	257
10,89867	257
10,89933	257
10,90000	257
10,90067	256
10,90133	256
10,90200	256
10,90267	256
10,90333	256
10,90400	256
10,90467	256
10,90533	256
10,90600	256
10,90667	257
10,90733	257
10,90800	257
10,90867	257
10,90933	257
10,91000	257
10,91067	257
10,91133	257
10,91200	257
10,91267	257
10,91333	257
10,91400	257
10,91467	257
10,91533	257
10,91600	257
10,91667	257
10,91733	257
10,91800	257
10,91867	257
10,91933	256
10,92000	256
10,92067	256
10,92133	256
10,92200	256
10,92267	255
10,92333	255
10,92400	255
10,92467	255
10,92533	255
10,92600	255
10,92667	255
10,92733	255
10,92800	255
10,92867	255
10,92933	256
10,93000	256
10,93067	256
10,93133	256
10,93200	257
10,93267	257
10,93333	257
10,93400	257
10,93467	257
10,93533	258
10,93600	258
10,93667	258
10,93733	258
10,93800	259
10,93867	259
10,93933	259
10,94000	260
10,94067	260
10,94133	260
10,94200	260
10,94267	261
10,94333	261
10,94400	261
10,94467	261
10,94533	261
10,94600	261
10,94667	261
10,94733	261
10,94800	262
10,94867	262
10,94933	262
10,95000	262
10,95067	262
10,95133	261
10,95200	261
10,95267	261
10,95333	261
10,95400	261
10,95467	261
10,95533	261
10,95600	261
10,95667	261
10,95733	261
10,95800	261
10,95867	260
10,95933	260
10,96000	260
10,96067	260
10,96133	260
10,96200	261
10,96267	261
10,96333	261
10,96400	261
10,96467	261
10,96533	261
10,96600	261
10,96667	261
10,96733	261
10,96800	261
10,96867	260
10,96933	260
10,97000	260
10,97067	260
10,97133	259
10,97200	259
10,97267	259
10,97333	259
10,97400	259
10,97467	259
10,97533	259
10,97600	259
10,97667	259
10,97733	259
10,97800	259
10,97867	260
10,97933	260
10,98000	260
10,98067	260
10,98133	260
10,98200	260
10,98267	260
10,98333	260
10,98400	260
10,98467	261
10,98533	261
10,98600	261
10,98667	261
10,98733	261
10,98800	260
10,98867	260
10,98933	260
10,99000	260
10,99067	260
10,99133	259
10,99200	259
10,99267	259
10,99333	259
10,99400	259
10,99467	259
10,99533	259
10,99600	259
10,99667	259
10,99733	259
10,99800	259
10,99867	259
10,99933	259
11,00000	259
11,00067	259
11,00133	259
11,00200	259
11,00267	259
11,00333	260
11,00400	260
11,00467	260
11,00533	261
11,00600	261
11,00667	261
11,00733	261
11,00800	262
11,00867	262
11,00933	263
11,01000	263
11,01067	264
11,01133	264
11,01200	265
11,01267	265
11,01333	266
11,01400	266
11,01467	267
11,01533	267
11,01600	268
11,01667	268
11,01733	269
11,01800	269
11,01867	269
11,01933	269
11,02000	269
11,02067	270
11,02133	270
11,02200	270
11,02267	271
11,02333	271
11,02400	272
11,02467	272
11,02533	272
11,02600	273
11,02667	273
11,02733	273
11,02800	274
11,02867	274
11,02933	274
11,03000	274
11,03067	274
11,03133	274
11,03200	274
11,03267	274
11,03333	274
11,03400	274
11,03467	274
11,03533	275
11,03600	275
11,03667	275
11,03733	275
11,03800	275
11,03867	276
11,03933	276
11,04000	276
11,04067	276
11,04133	276
11,04200	276
11,04267	276
11,04333	276
11,04400	276
11,04467	276
11,04533	276
11,04600	276
11,04667	276
11,04733	276
11,04800	276
11,04867	276
11,04933	276
11,05000	276
11,05067	276
11,05133	275
11,05200	275
11,05267	275
11,05333	275
11,05400	274
11,05467	274
11,05533	274
11,05600	274
11,05667	274
11,05733	274
11,05800	274
11,05867	273
11,05933	273
11,06000	273
11,06067	273
11,06133	273
11,06200	273
11,06267	273
11,06333	273
11,06400	273
11,06467	273
11,06533	273
11,06600	273
11,06667	273
11,06733	273
11,06800	273
11,06867	273
11,06933	273
11,07000	273
11,07067	272
11,07133	272
11,07200	272
11,07267	271
11,07333	271
11,07400	271
11,07467	270
11,07533	270
11,07600	270
11,07667	269
11,07733	269
11,07800	269
11,07867	269
11,07933	269
11,08000	269
11,08067	269
11,08133	269
11,08200	269
11,08267	268
11,08333	268
11,08400	268
11,08467	268
11,08533	268
11,08600	268
11,08667	269
11,08733	269
11,08800	269
11,08867	269
11,08933	269
11,09000	270
11,09067	270
11,09133	270
11,09200	270
11,09267	271
11,09333	271
11,09400	271
11,09467	272
11,09533	272
11,09600	272
11,09667	273
11,09733	273
11,09800	273
11,09867	274
11,09933	274
11,10000	275
11,10067	275
11,10133	276
11,10200	276
11,10267	276
11,10333	277
11,10400	278
11,10467	278
11,10533	279
11,10600	280
11,10667	281
11,10733	282
11,10800	282
11,10867	283
11,10933	284
11,11000	285
11,11067	286
11,11133	287
11,11200	288
11,11267	289
11,11333	290
11,11400	291
11,11467	292
11,11533	292
11,11600	293
11,11667	294
11,11733	294
11,11800	295
11,11867	296
11,11933	296
11,12000	297
11,12067	297
11,12133	298
11,12200	298
11,12267	299
11,12333	299
11,12400	299
11,12467	299
11,12533	299
11,12600	298
11,12667	298
11,12733	298
11,12800	298
11,12867	297
11,12933	297
11,13000	297
11,13067	297
11,13133	296
11,13200	296
11,13267	295
11,13333	295
11,13400	294
11,13467	294
11,13533	293
11,13600	292
11,13667	292
11,13733	291
11,13800	290
11,13867	289
11,13933	289
11,14000	288
11,14067	287
11,14133	286
11,14200	285
11,14267	284
11,14333	284
11,14400	283
11,14467	283
11,14533	282
11,14600	282
11,14667	282
11,14733	281
11,14800	281
11,14867	281
11,14933	280
11,15000	280
11,15067	280
11,15133	280
11,15200	280
11,15267	280
11,15333	279
11,15400	279
11,15467	279
11,15533	279
11,15600	279
11,15667	279
11,15733	279
11,15800	278
11,15867	278
11,15933	278
11,16000	278
11,16067	278
11,16133	278
11,16200	278
11,16267	278
11,16333	278
11,16400	278
11,16467	278
11,16533	278
11,16600	278
11,16667	277
11,16733	277
11,16800	277
11,16867	277
11,16933	277
11,17000	277
11,17067	277
11,17133	277
11,17200	277
11,17267	277
11,17333	277
11,17400	277
11,17467	277
11,17533	277
11,17600	277
11,17667	277
11,17733	278
11,17800	278
11,17867	277
11,17933	277
11,18000	277
11,18067	277
11,18133	277
11,18200	277
11,18267	277
11,18333	277
11,18400	277
11,18467	277
11,18533	277
11,18600	277
11,18667	277
11,18733	278
11,18800	278
11,18867	278
11,18933	278
11,19000	278
11,19067	278
11,19133	278
11,19200	278
11,19267	278
11,19333	279
11,19400	279
11,19467	280
11,19533	280
11,19600	281
11,19667	281
11,19733	281
11,19800	282
11,19867	282
11,19933	283
11,20000	283
11,20067	283
11,20133	283
11,20200	284
11,20267	284
11,20333	284
11,20400	284
11,20467	285
11,20533	285
11,20600	285
11,20667	285
11,20733	286
11,20800	286
11,20867	286
11,20933	286
11,21000	286
11,21067	287
11,21133	287
11,21200	287
11,21267	287
11,21333	288
11,21400	288
11,21467	288
11,21533	289
11,21600	289
11,21667	290
11,21733	290
11,21800	291
11,21867	292
11,21933	292
11,22000	293
11,22067	294
11,22133	295
11,22200	295
11,22267	296
11,22333	296
11,22400	297
11,22467	297
11,22533	298
11,22600	298
11,22667	299
11,22733	299
11,22800	299
11,22867	300
11,22933	300
11,23000	300
11,23067	301
11,23133	301
11,23200	301
11,23267	301
11,23333	301
11,23400	301
11,23467	301
11,23533	301
11,23600	300
11,23667	300
11,23733	300
11,23800	300
11,23867	300
11,23933	299
11,24000	299
11,24067	299
11,24133	299
11,24200	298
11,24267	298
11,24333	297
11,24400	297
11,24467	296
11,24533	296
11,24600	296
11,24667	295
11,24733	295
11,24800	294
11,24867	294
11,24933	293
11,25000	293
11,25067	292
11,25133	291
11,25200	291
11,25267	290
11,25333	289
11,25400	289
11,25467	288
11,25533	288
11,25600	287
11,25667	286
11,25733	286
11,25800	285
11,25867	285
11,25933	284
11,26000	283
11,26067	283
11,26133	282
11,26200	282
11,26267	281
11,26333	280
11,26400	280
11,26467	279
11,26533	279
11,26600	278
11,26667	278
11,26733	278
11,26800	277
11,26867	277
11,26933	276
11,27000	276
11,27067	276
11,27133	275
11,27200	275
11,27267	274
11,27333	274
11,27400	273
11,27467	273
11,27533	273
11,27600	272
11,27667	272
11,27733	271
11,27800	271
11,27867	271
11,27933	271
11,28000	270
11,28067	270
11,28133	270
11,28200	270
11,28267	270
11,28333	269
11,28400	269
11,28467	269
11,28533	269
11,28600	269
11,28667	269
11,28733	269
11,28800	269
11,28867	269
11,28933	269
11,29000	269
11,29067	269
11,29133	269
11,29200	269
11,29267	269
11,29333	269
11,29400	269
11,29467	269
11,29533	269
11,29600	269
11,29667	269
11,29733	269
11,29800	269
11,29867	269
11,29933	270
11,30000	269
11,30067	269
11,30133	269
11,30200	269
11,30267	269
11,30333	269
11,30400	269
11,30467	269
11,30533	269
11,30600	269
11,30667	269
11,30733	269
11,30800	268
11,30867	268
11,30933	268
11,31000	268
11,31067	268
11,31133	268
11,31200	268
11,31267	269
11,31333	269
11,31400	269
11,31467	269
11,31533	269
11,31600	269
11,31667	269
11,31733	269
11,31800	269
11,31867	269
11,31933	269
11,32000	269
11,32067	269
11,32133	269
11,32200	269
11,32267	269
11,32333	269
11,32400	269
11,32467	269
11,32533	270
11,32600	270
11,32667	270
11,32733	270
11,32800	270
11,32867	270
11,32933	271
11,33000	271
11,33067	271
11,33133	271
11,33200	271
11,33267	271
11,33333	272
11,33400	272
11,33467	273
11,33533	273
11,33600	273
11,33667	274
11,33733	274
11,33800	275
11,33867	275
11,33933	275
11,34000	275
11,34067	275
11,34133	275
11,34200	275
11,34267	276
11,34333	276
11,34400	276
11,34467	276
11,34533	276
11,34600	277
11,34667	277
11,34733	277
11,34800	277
11,34867	277
11,34933	277
11,35000	277
11,35067	277
11,35133	277
11,35200	277
11,35267	277
11,35333	277
11,35400	277
11,35467	277
11,35533	277
11,35600	277
11,35667	277
11,35733	276
11,35800	276
11,35867	276
11,35933	276
11,36000	275
11,36067	275
11,36133	275
11,36200	275
11,36267	275
11,36333	274
11,36400	274
11,36467	274
11,36533	274
11,36600	274
11,36667	274
11,36733	274
11,36800	274
11,36867	274
11,36933	274
11,37000	274
11,37067	274
11,37133	274
11,37200	274
11,37267	274
11,37333	274
11,37400	274
11,37467	275
11,37533	275
11,37600	275
11,37667	275
11,37733	275
11,37800	276
11,37867	276
11,37933	277
11,38000	277
11,38067	277
11,38133	277
11,38200	278
11,38267	278
11,38333	278
11,38400	278
11,38467	278
11,38533	278
11,38600	278
11,38667	278
11,38733	278
11,38800	278
11,38867	278
11,38933	278
11,39000	279
11,39067	279
11,39133	279
11,39200	279
11,39267	279
11,39333	279
11,39400	279
11,39467	279
11,39533	280
11,39600	280
11,39667	281
11,39733	281
11,39800	282
11,39867	283
11,39933	283
11,40000	284
11,40067	285
11,40133	286
11,40200	286
11,40267	287
11,40333	287
11,40400	288
11,40467	288
11,40533	288
11,40600	289
11,40667	290
11,40733	290
11,40800	291
11,40867	292
11,40933	293
11,41000	293
11,41067	294
11,41133	295
11,41200	295
11,41267	295
11,41333	296
11,41400	296
11,41467	296
11,41533	296
11,41600	296
11,41667	296
11,41733	296
11,41800	296
11,41867	296
11,41933	296
11,42000	296
11,42067	296
11,42133	296
11,42200	296
11,42267	296
11,42333	296
11,42400	296
11,42467	296
11,42533	296
11,42600	295
11,42667	295
11,42733	296
11,42800	296
11,42867	296
11,42933	296
11,43000	296
11,43067	296
11,43133	296
11,43200	296
11,43267	296
11,43333	296
11,43400	296
11,43467	296
11,43533	295
11,43600	295
11,43667	295
11,43733	294
11,43800	294
11,43867	294
11,43933	294
11,44000	294
11,44067	294
11,44133	294
11,44200	294
11,44267	294
11,44333	293
11,44400	293
11,44467	293
11,44533	292
11,44600	292
11,44667	292
11,44733	292
11,44800	291
11,44867	291
11,44933	290
11,45000	290
11,45067	289
11,45133	289
11,45200	288
11,45267	288
11,45333	287
11,45400	287
11,45467	286
11,45533	286
11,45600	285
11,45667	285
11,45733	284
11,45800	284
11,45867	284
11,45933	283
11,46000	283
11,46067	283
11,46133	283
11,46200	283
11,46267	282
11,46333	282
11,46400	281
11,46467	280
11,46533	280
11,46600	279
11,46667	278
11,46733	278
11,46800	277
11,46867	276
11,46933	276
11,47000	275
11,47067	275
11,47133	275
11,47200	274
11,47267	274
11,47333	274
11,47400	274
11,47467	274
11,47533	274
11,47600	275
11,47667	275
11,47733	275
11,47800	275
11,47867	275
11,47933	276
11,48000	276
11,48067	276
11,48133	276
11,48200	276
11,48267	276
11,48333	276
11,48400	276
11,48467	276
11,48533	276
11,48600	275
11,48667	275
11,48733	275
11,48800	274
11,48867	274
11,48933	274
11,49000	273
11,49067	273
11,49133	272
11,49200	272
11,49267	272
11,49333	271
11,49400	271
11,49467	271
11,49533	271
11,49600	271
11,49667	271
11,49733	271
11,49800	271
11,49867	271
11,49933	271
11,50000	271
11,50067	272
11,50133	272
11,50200	272
11,50267	272
11,50333	272
11,50400	272
11,50467	272
11,50533	273
11,50600	273
11,50667	273
11,50733	273
11,50800	273
11,50867	273
11,50933	272
11,51000	272
11,51067	272
11,51133	272
11,51200	272
11,51267	272
11,51333	272
11,51400	272
11,51467	272
11,51533	272
11,51600	272
11,51667	272
11,51733	272
11,51800	272
11,51867	272
11,51933	272
11,52000	271
11,52067	271
11,52133	271
11,52200	270
11,52267	270
11,52333	270
11,52400	269
11,52467	269
11,52533	269
11,52600	269
11,52667	269
11,52733	269
11,52800	269
11,52867	269
11,52933	269
11,53000	269
11,53067	269
11,53133	269
11,53200	269
11,53267	269
11,53333	269
11,53400	269
11,53467	269
11,53533	269
11,53600	269
11,53667	269
11,53733	269
11,53800	269
11,53867	269
11,53933	269
11,54000	269
11,54067	269
11,54133	269
11,54200	269
11,54267	269
11,54333	269
11,54400	268
11,54467	268
11,54533	268
11,54600	268
11,54667	268
11,54733	268
11,54800	267
11,54867	267
11,54933	267
11,55000	266
11,55067	266
11,55133	266
11,55200	266
11,55267	266
11,55333	265
11,55400	265
11,55467	265
11,55533	264
11,55600	264
11,55667	264
11,55733	263
11,55800	263
11,55867	263
11,55933	263
11,56000	262
11,56067	262
11,56133	262
11,56200	262
11,56267	261
11,56333	261
11,56400	261
11,56467	260
11,56533	260
11,56600	260
11,56667	260
11,56733	259
11,56800	259
11,56867	259
11,56933	259
11,57000	259
11,57067	259
11,57133	259
11,57200	259
11,57267	258
11,57333	258
11,57400	258
11,57467	258
11,57533	257
11,57600	257
11,57667	257
11,57733	257
11,57800	257
11,57867	257
11,57933	257
11,58000	257
11,58067	257
11,58133	258
11,58200	258
11,58267	258
11,58333	258
11,58400	259
11,58467	259
11,58533	259
11,58600	259
11,58667	259
11,58733	259
11,58800	259
11,58867	259
11,58933	259
11,59000	259
11,59067	259
11,59133	260
11,59200	260
11,59267	260
11,59333	260
11,59400	260
11,59467	259
11,59533	259
11,59600	259
11,59667	259
11,59733	259
11,59800	259
11,59867	259
11,59933	258
11,60000	258
11,60067	258
11,60133	258
11,60200	257
11,60267	257
11,60333	257
11,60400	257
11,60467	257
11,60533	257
11,60600	257
11,60667	256
11,60733	256
11,60800	256
11,60867	256
11,60933	256
11,61000	256
11,61067	256
11,61133	256
11,61200	257
11,61267	257
11,61333	257
11,61400	258
11,61467	258
11,61533	258
11,61600	259
11,61667	259
11,61733	259
11,61800	259
11,61867	259
11,61933	259
11,62000	259
11,62067	259
11,62133	259
11,62200	259
11,62267	260
11,62333	260
11,62400	260
11,62467	260
11,62533	260
11,62600	260
11,62667	260
11,62733	259
11,62800	259
11,62867	259
11,62933	259
11,63000	259
11,63067	259
11,63133	260
11,63200	260
11,63267	261
11,63333	261
11,63400	261
11,63467	262
11,63533	262
11,63600	262
11,63667	263
11,63733	263
11,63800	264
11,63867	264
11,63933	264
11,64000	265
11,64067	265
11,64133	266
11,64200	266
11,64267	266
11,64333	267
11,64400	267
11,64467	268
11,64533	268
11,64600	269
11,64667	270
11,64733	270
11,64800	271
11,64867	271
11,64933	272
11,65000	272
11,65067	273
11,65133	273
11,65200	273
11,65267	274
11,65333	274
11,65400	274
11,65467	275
11,65533	275
11,65600	275
11,65667	276
11,65733	276
11,65800	277
11,65867	277
11,65933	278
11,66000	279
11,66067	279
11,66133	280
11,66200	280
11,66267	281
11,66333	281
11,66400	282
11,66467	282
11,66533	283
11,66600	283
11,66667	284
11,66733	285
11,66800	285
11,66867	286
11,66933	286
11,67000	287
11,67067	287
11,67133	288
11,67200	288
11,67267	288
11,67333	288
11,67400	289
11,67467	289
11,67533	289
11,67600	290
11,67667	290
11,67733	290
11,67800	291
11,67867	291
11,67933	291
11,68000	291
11,68067	292
11,68133	292
11,68200	292
11,68267	293
11,68333	293
11,68400	294
11,68467	294
11,68533	295
11,68600	295
11,68667	296
11,68733	296
11,68800	296
11,68867	297
11,68933	297
11,69000	298
11,69067	298
11,69133	298
11,69200	298
11,69267	299
11,69333	299
11,69400	299
11,69467	299
11,69533	299
11,69600	299
11,69667	300
11,69733	300
11,69800	300
11,69867	300
11,69933	300
11,70000	300
11,70067	300
11,70133	300
11,70200	300
11,70267	299
11,70333	299
11,70400	299
11,70467	299
11,70533	299
11,70600	298
11,70667	298
11,70733	298
11,70800	298
11,70867	298
11,70933	298
11,71000	298
11,71067	298
11,71133	298
11,71200	298
11,71267	298
11,71333	297
11,71400	297
11,71467	297
11,71533	296
11,71600	296
11,71667	296
11,71733	295
11,71800	295
11,71867	295
11,71933	295
11,72000	294
11,72067	294
11,72133	294
11,72200	294
11,72267	293
11,72333	293
11,72400	292
11,72467	292
11,72533	291
11,72600	291
11,72667	290
11,72733	289
11,72800	289
11,72867	288
11,72933	288
11,73000	287
11,73067	287
11,73133	286
11,73200	286
11,73267	286
11,73333	285
11,73400	284
11,73467	284
11,73533	283
11,73600	283
11,73667	282
11,73733	282
11,73800	281
11,73867	281
11,73933	281
11,74000	280
11,74067	280
11,74133	280
11,74200	280
11,74267	279
11,74333	279
11,74400	279
11,74467	279
11,74533	279
11,74600	279
11,74667	278
11,74733	278
11,74800	278
11,74867	277
11,74933	277
11,75000	277
11,75067	277
11,75133	277
11,75200	277
11,75267	277
11,75333	277
11,75400	277
11,75467	278
11,75533	278
11,75600	278
11,75667	278
11,75733	278
11,75800	279
11,75867	279
11,75933	279
11,76000	280
11,76067	280
11,76133	280
11,76200	281
11,76267	281
11,76333	281
11,76400	281
11,76467	281
11,76533	282
11,76600	282
11,76667	282
11,76733	282
11,76800	282
11,76867	282
11,76933	282
11,77000	282
11,77067	282
11,77133	283
11,77200	283
11,77267	283
11,77333	282
11,77400	282
11,77467	282
11,77533	282
11,77600	282
11,77667	281
11,77733	281
11,77800	281
11,77867	280
11,77933	280
11,78000	280
11,78067	280
11,78133	280
11,78200	280
11,78267	280
11,78333	280
11,78400	280
11,78467	280
11,78533	279
11,78600	279
11,78667	279
11,78733	279
11,78800	279
11,78867	279
11,78933	279
11,79000	279
11,79067	279
11,79133	279
11,79200	280
11,79267	280
11,79333	281
11,79400	281
11,79467	281
11,79533	282
11,79600	282
11,79667	283
11,79733	284
11,79800	284
11,79867	285
11,79933	286
11,80000	286
11,80067	287
11,80133	288
11,80200	289
11,80267	289
11,80333	290
11,80400	291
11,80467	292
11,80533	293
11,80600	294
11,80667	296
11,80733	297
11,80800	298
11,80867	299
11,80933	300
11,81000	302
11,81067	303
11,81133	305
11,81200	306
11,81267	308
11,81333	310
11,81400	312
11,81467	313
11,81533	316
11,81600	317
11,81667	319
11,81733	321
11,81800	323
11,81867	325
11,81933	326
11,82000	327
11,82067	328
11,82133	329
11,82200	330
11,82267	330
11,82333	331
11,82400	331
11,82467	332
11,82533	332
11,82600	332
11,82667	332
11,82733	332
11,82800	332
11,82867	332
11,82933	332
11,83000	331
11,83067	331
11,83133	330
11,83200	329
11,83267	328
11,83333	327
11,83400	326
11,83467	325
11,83533	324
11,83600	324
11,83667	323
11,83733	322
11,83800	320
11,83867	319
11,83933	318
11,84000	317
11,84067	315
11,84133	314
11,84200	313
11,84267	312
11,84333	311
11,84400	309
11,84467	308
11,84533	307
11,84600	306
11,84667	305
11,84733	304
11,84800	303
11,84867	303
11,84933	302
11,85000	301
11,85067	300
11,85133	299
11,85200	297
11,85267	296
11,85333	295
11,85400	294
11,85467	293
11,85533	292
11,85600	291
11,85667	290
11,85733	289
11,85800	288
11,85867	288
11,85933	287
11,86000	286
11,86067	286
11,86133	285
11,86200	284
11,86267	284
11,86333	283
11,86400	282
11,86467	282
11,86533	281
11,86600	280
11,86667	279
11,86733	279
11,86800	278
11,86867	278
11,86933	277
11,87000	277
11,87067	277
11,87133	277
11,87200	276
11,87267	276
11,87333	276
11,87400	276
11,87467	275
11,87533	275
11,87600	275
11,87667	275
11,87733	275
11,87800	275
11,87867	275
11,87933	274
11,88000	274
11,88067	274
11,88133	273
11,88200	273
11,88267	272
11,88333	272
11,88400	271
11,88467	271
11,88533	270
11,88600	270
11,88667	270
11,88733	269
11,88800	269
11,88867	269
11,88933	268
11,89000	268
11,89067	267
11,89133	267
11,89200	267
11,89267	266
11,89333	266
11,89400	265
11,89467	265
11,89533	265
11,89600	264
11,89667	264
11,89733	264
11,89800	264
11,89867	264
11,89933	264
11,90000	264
11,90067	264
11,90133	264
11,90200	265
11,90267	265
11,90333	265
11,90400	265
11,90467	265
11,90533	265
11,90600	265
11,90667	266
11,90733	266
11,90800	266
11,90867	267
11,90933	267
11,91000	267
11,91067	268
11,91133	268
11,91200	268
11,91267	269
11,91333	269
11,91400	269
11,91467	269
11,91533	269
11,91600	270
11,91667	270
11,91733	270
11,91800	270
11,91867	270
11,91933	270
11,92000	270
11,92067	271
11,92133	271
11,92200	271
11,92267	271
11,92333	272
11,92400	272
11,92467	272
11,92533	272
11,92600	273
11,92667	273
11,92733	273
11,92800	273
11,92867	273
11,92933	274
11,93000	274
11,93067	274
11,93133	274
11,93200	275
11,93267	275
11,93333	275
11,93400	275
11,93467	276
11,93533	276
11,93600	276
11,93667	276
11,93733	276
11,93800	276
11,93867	276
11,93933	277
11,94000	277
11,94067	277
11,94133	277
11,94200	277
11,94267	278
11,94333	278
11,94400	278
11,94467	279
11,94533	279
11,94600	279
11,94667	279
11,94733	279
11,94800	279
11,94867	278
11,94933	278
11,95000	278
11,95067	278
11,95133	278
11,95200	278
11,95267	278
11,95333	278
11,95400	278
11,95467	277
11,95533	277
11,95600	277
11,95667	276
11,95733	276
11,95800	275
11,95867	274
11,95933	273
11,96000	273
11,96067	272
11,96133	271
11,96200	270
11,96267	270
11,96333	269
11,96400	269
11,96467	269
11,96533	268
11,96600	268
11,96667	268
11,96733	267
11,96800	267
11,96867	267
11,96933	266
11,97000	266
11,97067	266
11,97133	265
11,97200	265
11,97267	265
11,97333	265
11,97400	265
11,97467	264
11,97533	264
11,97600	264
11,97667	264
11,97733	263
11,97800	263
11,97867	263
11,97933	262
11,98000	262
11,98067	262
11,98133	261
11,98200	261
11,98267	260
11,98333	260
11,98400	260
11,98467	259
11,98533	259
11,98600	258
11,98667	258
11,98733	258
11,98800	257
11,98867	257
11,98933	257
11,99000	257
11,99067	257
11,99133	256
11,99200	256
11,99267	257
11,99333	257
11,99400	257
11,99467	257
11,99533	257
11,99600	257
11,99667	257
11,99733	257
11,99800	257
11,99867	257
11,99933	257
12,00000	256
12,00067	256
12,00133	256
12,00200	256
12,00267	255
12,00333	255
12,00400	255
12,00467	255
12,00533	255
12,00600	255
12,00667	254
12,00733	254
12,00800	254
12,00867	254
12,00933	254
12,01000	254
12,01067	253
12,01133	253
12,01200	253
12,01267	252
12,01333	252
12,01400	252
12,01467	252
12,01533	252
12,01600	252
12,01667	252
12,01733	252
12,01800	252
12,01867	253
12,01933	253
12,02000	254
12,02067	254
12,02133	255
12,02200	255
12,02267	255
12,02333	255
12,02400	255
12,02467	255
12,02533	255
12,02600	255
12,02667	255
12,02733	255
12,02800	255
12,02867	255
12,02933	255
12,03000	255
12,03067	255
12,03133	254
12,03200	254
12,03267	253
12,03333	253
12,03400	253
12,03467	252
12,03533	252
12,03600	252
12,03667	252
12,03733	251
12,03800	251
12,03867	251
12,03933	251
12,04000	250
12,04067	250
12,04133	250
12,04200	249
12,04267	249
12,04333	249
12,04400	249
12,04467	249
12,04533	248
12,04600	248
12,04667	248
12,04733	248
12,04800	248
12,04867	248
12,04933	247
12,05000	247
12,05067	247
12,05133	247
12,05200	247
12,05267	247
12,05333	246
12,05400	246
12,05467	246
12,05533	245
12,05600	245
12,05667	245
12,05733	244
12,05800	244
12,05867	244
12,05933	244
12,06000	243
12,06067	243
12,06133	243
12,06200	242
12,06267	242
12,06333	242
12,06400	241
12,06467	241
12,06533	240
12,06600	240
12,06667	239
12,06733	239
12,06800	239
12,06867	239
12,06933	239
12,07000	239
12,07067	239
12,07133	239
12,07200	239
12,07267	239
12,07333	238
12,07400	238
12,07467	238
12,07533	238
12,07600	238
12,07667	238
12,07733	237
12,07800	237
12,07867	237
12,07933	237
12,08000	237
12,08067	237
12,08133	237
12,08200	237
12,08267	237
12,08333	237
12,08400	237
12,08467	237
12,08533	237
12,08600	237
12,08667	237
12,08733	237
12,08800	237
12,08867	237
12,08933	236
12,09000	236
12,09067	236
12,09133	236
12,09200	236
12,09267	236
12,09333	236
12,09400	236
12,09467	236
12,09533	236
12,09600	236
12,09667	236
12,09733	236
12,09800	235
12,09867	235
12,09933	235
12,10000	235
12,10067	235
12,10133	235
12,10200	236
12,10267	236
12,10333	236
12,10400	236
12,10467	236
12,10533	236
12,10600	236
12,10667	236
12,10733	236
12,10800	236
12,10867	235
12,10933	235
12,11000	235
12,11067	235
12,11133	235
12,11200	234
12,11267	234
12,11333	234
12,11400	234
12,11467	234
12,11533	234
12,11600	234
12,11667	234
12,11733	234
12,11800	233
12,11867	233
12,11933	233
12,12000	233
12,12067	233
12,12133	233
12,12200	233
12,12267	233
12,12333	234
12,12400	234
12,12467	235
12,12533	235
12,12600	236
12,12667	237
12,12733	237
12,12800	238
12,12867	238
12,12933	239
12,13000	240
12,13067	240
12,13133	241
12,13200	241
12,13267	242
12,13333	243
12,13400	243
12,13467	244
12,13533	245
12,13600	246
12,13667	246
12,13733	247
12,13800	248
12,13867	248
12,13933	249
12,14000	250
12,14067	250
12,14133	251
12,14200	252
12,14267	253
12,14333	253
12,14400	254
12,14467	255
12,14533	256
12,14600	257
12,14667	258
12,14733	259
12,14800	261
12,14867	262
12,14933	263
12,15000	264
12,15067	265
12,15133	265
12,15200	266
12,15267	267
12,15333	267
12,15400	268
12,15467	268
12,15533	268
12,15600	269
12,15667	269
12,15733	269
12,15800	269
12,15867	269
12,15933	269
12,16000	269
12,16067	269
12,16133	269
12,16200	269
12,16267	269
12,16333	268
12,16400	268
12,16467	267
12,16533	266
12,16600	266
12,16667	265
12,16733	265
12,16800	264
12,16867	263
12,16933	263
12,17000	262
12,17067	262
12,17133	261
12,17200	260
12,17267	260
12,17333	259
12,17400	258
12,17467	257
12,17533	257
12,17600	256
12,17667	255
12,17733	255
12,17800	254
12,17867	254
12,17933	253
12,18000	252
12,18067	252
12,18133	251
12,18200	250
12,18267	250
12,18333	249
12,18400	249
12,18467	248
12,18533	248
12,18600	247
12,18667	247
12,18733	247
12,18800	246
12,18867	246
12,18933	245
12,19000	245
12,19067	244
12,19133	243
12,19200	243
12,19267	242
12,19333	241
12,19400	241
12,19467	241
12,19533	240
12,19600	240
12,19667	240
12,19733	240
12,19800	240
12,19867	240
12,19933	240
12,20000	240
12,20067	240
12,20133	240
12,20200	239
12,20267	239
12,20333	239
12,20400	239
12,20467	238
12,20533	238
12,20600	238
12,20667	237
12,20733	237
12,20800	237
12,20867	237
12,20933	237
12,21000	236
12,21067	236
12,21133	236
12,21200	236
12,21267	236
12,21333	236
12,21400	236
12,21467	236
12,21533	235
12,21600	235
12,21667	235
12,21733	235
12,21800	235
12,21867	235
12,21933	235
12,22000	235
12,22067	235
12,22133	235
12,22200	235
12,22267	235
12,22333	236
12,22400	236
12,22467	235
12,22533	235
12,22600	235
12,22667	236
12,22733	236
12,22800	236
12,22867	236
12,22933	236
12,23000	237
12,23067	237
12,23133	238
12,23200	238
12,23267	238
12,23333	239
12,23400	239
12,23467	239
12,23533	239
12,23600	240
12,23667	240
12,23733	240
12,23800	240
12,23867	241
12,23933	241
12,24000	241
12,24067	242
12,24133	243
12,24200	243
12,24267	243
12,24333	244
12,24400	244
12,24467	244
12,24533	244
12,24600	244
12,24667	244
12,24733	244
12,24800	243
12,24867	243
12,24933	243
12,25000	244
12,25067	244
12,25133	244
12,25200	244
12,25267	244
12,25333	244
12,25400	244
12,25467	244
12,25533	244
12,25600	244
12,25667	244
12,25733	244
12,25800	244
12,25867	244
12,25933	244
12,26000	244
12,26067	244
12,26133	244
12,26200	244
12,26267	244
12,26333	244
12,26400	244
12,26467	244
12,26533	244
12,26600	244
12,26667	244
12,26733	243
12,26800	243
12,26867	243
12,26933	242
12,27000	242
12,27067	241
12,27133	241
12,27200	241
12,27267	241
12,27333	241
12,27400	241
12,27467	241
12,27533	241
12,27600	241
12,27667	241
12,27733	241
12,27800	241
12,27867	242
12,27933	242
12,28000	242
12,28067	242
12,28133	242
12,28200	242
12,28267	242
12,28333	243
12,28400	243
12,28467	242
12,28533	242
12,28600	242
12,28667	242
12,28733	242
12,28800	242
12,28867	242
12,28933	241
12,29000	241
12,29067	241
12,29133	241
12,29200	241
12,29267	240
12,29333	240
12,29400	240
12,29467	240
12,29533	239
12,29600	239
12,29667	239
12,29733	239
12,29800	238
12,29867	238
12,29933	238
12,30000	237
12,30067	237
12,30133	237
12,30200	236
12,30267	236
12,30333	236
12,30400	236
12,30467	236
12,30533	236
12,30600	236
12,30667	237
12,30733	237
12,30800	237
12,30867	237
12,30933	237
12,31000	236
12,31067	236
12,31133	236
12,31200	236
12,31267	235
12,31333	235
12,31400	235
12,31467	235
12,31533	235
12,31600	235
12,31667	235
12,31733	235
12,31800	234
12,31867	234
12,31933	234
12,32000	234
12,32067	233
12,32133	233
12,32200	232
12,32267	232
12,32333	232
12,32400	232
12,32467	232
12,32533	232
12,32600	231
12,32667	231
12,32733	231
12,32800	231
12,32867	231
12,32933	231
12,33000	231
12,33067	231
12,33133	231
12,33200	231
12,33267	231
12,33333	231
12,33400	231
12,33467	231
12,33533	231
12,33600	231
12,33667	231
12,33733	230
12,33800	230
12,33867	230
12,33933	230
12,34000	230
12,34067	230
12,34133	230
12,34200	230
12,34267	230
12,34333	230
12,34400	230
12,34467	231
12,34533	231
12,34600	231
12,34667	231
12,34733	231
12,34800	232
12,34867	232
12,34933	232
12,35000	232
12,35067	232
12,35133	232
12,35200	231
12,35267	231
12,35333	231
12,35400	231
12,35467	231
12,35533	230
12,35600	230
12,35667	230
12,35733	230
12,35800	230
12,35867	230
12,35933	230
12,36000	229
12,36067	229
12,36133	229
12,36200	229
12,36267	229
12,36333	229
12,36400	229
12,36467	229
12,36533	229
12,36600	229
12,36667	229
12,36733	229
12,36800	229
12,36867	229
12,36933	229
12,37000	229
12,37067	229
12,37133	229
12,37200	229
12,37267	229
12,37333	229
12,37400	229
12,37467	229
12,37533	229
12,37600	228
12,37667	228
12,37733	228
12,37800	228
12,37867	228
12,37933	228
12,38000	228
12,38067	228
12,38133	228
12,38200	228
12,38267	227
12,38333	227
12,38400	227
12,38467	227
12,38533	227
12,38600	227
12,38667	227
12,38733	227
12,38800	227
12,38867	227
12,38933	227
12,39000	227
12,39067	227
12,39133	227
12,39200	227
12,39267	227
12,39333	227
12,39400	227
12,39467	227
12,39533	227
12,39600	227
12,39667	227
12,39733	227
12,39800	227
12,39867	227
12,39933	227
12,40000	227
12,40067	226
12,40133	226
12,40200	226
12,40267	226
12,40333	226
12,40400	225
12,40467	225
12,40533	225
12,40600	225
12,40667	225
12,40733	225
12,40800	225
12,40867	225
12,40933	225
12,41000	225
12,41067	225
12,41133	225
12,41200	225
12,41267	225
12,41333	225
12,41400	225
12,41467	225
12,41533	226
12,41600	226
12,41667	226
12,41733	226
12,41800	226
12,41867	226
12,41933	226
12,42000	226
12,42067	225
12,42133	225
12,42200	225
12,42267	225
12,42333	225
12,42400	225
12,42467	225
12,42533	226
12,42600	226
12,42667	226
12,42733	226
12,42800	226
12,42867	226
12,42933	226
12,43000	226
12,43067	227
12,43133	227
12,43200	227
12,43267	227
12,43333	227
12,43400	228
12,43467	228
12,43533	228
12,43600	228
12,43667	229
12,43733	229
12,43800	229
12,43867	229
12,43933	229
12,44000	229
12,44067	229
12,44133	229
12,44200	229
12,44267	229
12,44333	229
12,44400	229
12,44467	229
12,44533	229
12,44600	230
12,44667	230
12,44733	229
12,44800	229
12,44867	229
12,44933	229
12,45000	229
12,45067	229
12,45133	229
12,45200	229
12,45267	229
12,45333	229
12,45400	229
12,45467	229
12,45533	229
12,45600	229
12,45667	229
12,45733	229
12,45800	229
12,45867	229
12,45933	229
12,46000	229
12,46067	229
12,46133	229
12,46200	229
12,46267	229
12,46333	229
12,46400	229
12,46467	229
12,46533	228
12,46600	228
12,46667	228
12,46733	228
12,46800	228
12,46867	227
12,46933	227
12,47000	227
12,47067	227
12,47133	227
12,47200	227
12,47267	227
12,47333	227
12,47400	227
12,47467	228
12,47533	228
12,47600	228
12,47667	228
12,47733	228
12,47800	228
12,47867	228
12,47933	228
12,48000	228
12,48067	227
12,48133	227
12,48200	227
12,48267	227
12,48333	227
12,48400	227
12,48467	227
12,48533	227
12,48600	227
12,48667	228
12,48733	228
12,48800	228
12,48867	228
12,48933	228
12,49000	228
12,49067	228
12,49133	228
12,49200	228
12,49267	228
12,49333	228
12,49400	228
12,49467	228
12,49533	228
12,49600	228
12,49667	228
12,49733	228
12,49800	228
12,49867	228
12,49933	227
12,50000	227
12,50067	227
12,50133	227
12,50200	227
12,50267	227
12,50333	227
12,50400	227
12,50467	227
12,50533	227
12,50600	226
12,50667	226
12,50733	226
12,50800	227
12,50867	227
12,50933	226
12,51000	226
12,51067	226
12,51133	226
12,51200	226
12,51267	226
12,51333	225
12,51400	225
12,51467	224
12,51533	224
12,51600	224
12,51667	224
12,51733	224
12,51800	223
12,51867	223
12,51933	223
12,52000	223
12,52067	223
12,52133	223
12,52200	222
12,52267	222
12,52333	222
12,52400	221
12,52467	221
12,52533	221
12,52600	220
12,52667	220
12,52733	220
12,52800	220
12,52867	220
12,52933	219
12,53000	219
12,53067	219
12,53133	219
12,53200	219
12,53267	219
12,53333	219
12,53400	219
12,53467	219
12,53533	219
12,53600	219
12,53667	219
12,53733	219
12,53800	219
12,53867	219
12,53933	219
12,54000	220
12,54067	220
12,54133	220
12,54200	220
12,54267	220
12,54333	221
12,54400	221
12,54467	221
12,54533	220
12,54600	220
12,54667	220
12,54733	220
12,54800	220
12,54867	220
12,54933	220
12,55000	220
12,55067	220
12,55133	219
12,55200	219
12,55267	219
12,55333	219
12,55400	219
12,55467	219
12,55533	219
12,55600	219
12,55667	219
12,55733	218
12,55800	218
12,55867	218
12,55933	218
12,56000	218
12,56067	218
12,56133	218
12,56200	218
12,56267	218
12,56333	218
12,56400	218
12,56467	217
12,56533	217
12,56600	217
12,56667	217
12,56733	217
12,56800	216
12,56867	216
12,56933	216
12,57000	216
12,57067	216
12,57133	216
12,57200	216
12,57267	216
12,57333	216
12,57400	216
12,57467	216
12,57533	216
12,57600	216
12,57667	216
12,57733	216
12,57800	217
12,57867	217
12,57933	217
12,58000	218
12,58067	218
12,58133	218
12,58200	218
12,58267	218
12,58333	218
12,58400	218
12,58467	217
12,58533	217
12,58600	216
12,58667	216
12,58733	215
12,58800	215
12,58867	215
12,58933	215
12,59000	215
12,59067	215
12,59133	215
12,59200	215
12,59267	215
12,59333	215
12,59400	215
12,59467	215
12,59533	215
12,59600	215
12,59667	215
12,59733	215
12,59800	215
12,59867	215
12,59933	215
12,60000	215
12,60067	215
12,60133	216
12,60200	216
12,60267	216
12,60333	217
12,60400	217
12,60467	217
12,60533	217
12,60600	217
12,60667	218
12,60733	218
12,60800	218
12,60867	218
12,60933	218
12,61000	218
12,61067	218
12,61133	218
12,61200	218
12,61267	219
12,61333	219
12,61400	219
12,61467	219
12,61533	219
12,61600	219
12,61667	219
12,61733	219
12,61800	219
12,61867	219
12,61933	219
12,62000	219
12,62067	219
12,62133	219
12,62200	219
12,62267	219
12,62333	219
12,62400	220
12,62467	220
12,62533	220
12,62600	221
12,62667	221
12,62733	222
12,62800	223
12,62867	223
12,62933	223

