[Header]
Application Name	LabSolutions
Version	5.97
Data File Name	G:\GC data\Mara\MWH_017\MWH_017_t10m_04.03.2026_30.gcd
Output Date	09.04.2026
Output Time	10:45:15

[File Information]
Type	Data File
Generated	04.03.2026 22:44:04
Generated by	System Administrator
Modified	09.04.2026 10:45:15
Modified by	System Administrator

[Sample Information]
Operator Name	System Administrator
Acquired	04.03.2026 22:47:15
Sample Type	0:Unknown
Level	1
Sample Name	MWH_017_t10m
Sample ID	
ISTD Amount1	1
ISTD Amount2	1
ISTD Amount3	1
ISTD Amount4	1
ISTD Amount5	1
ISTD Amount6	1
ISTD Amount7	1
ISTD Amount8	1
ISTD Amount9	1
ISTD Amount10	1
ISTD Amount11	1
ISTD Amount12	1
ISTD Amount13	1
ISTD Amount14	1
ISTD Amount15	1
ISTD Amount16	1
ISTD Amount17	1
ISTD Amount18	1
ISTD Amount19	1
ISTD Amount20	1
ISTD Amount21	1
ISTD Amount22	1
ISTD Amount23	1
ISTD Amount24	1
ISTD Amount25	1
ISTD Amount26	1
ISTD Amount27	1
ISTD Amount28	1
ISTD Amount29	1
ISTD Amount30	1
ISTD Amount31	1
ISTD Amount32	1
Sample Amount	1
Dilution Factor	1
Vial#	4
Injection Volume	0,2
Injection Count	1
Bar Code	

[Original Files]
Data File	G:\GC data\Mara\MWH_017_t10m_04.03.2026_30.gcd
Method File	G:\GC data\MWH3_60-150-200_0-2uL_split50.gcm
Batch File	G:\GC data\Mara\wash_2026-03-04.gcb
Report Format File	c:\LabSolutions\System\DEFAULT.lsr

[File Description]


[Configuration]
Instrument Name	GC-3
Instrument #	1
Line #	1
# of Detectors	1
Detector ID	DET#4
Detector Name	FID1
# of Channels	1

[Peak Table(Ch1)]
# of Peaks	15
Peak#	R.Time	I.Time	F.Time	Area	Height	A/H	Conc.	Mark	ID#	Name	k'	Plate #	Plate Ht.	Tailing	Resolution	Sep.Factor	Area Ratio	Height Ratio	Conc. %	Norm Conc.
1	1,214	1,186	1,279	8831	6690	1,320	0,000	 V 			0,000	23364	0,000	1,650	0,000	0,000	0	0	0,000	0,000
2	1,337	1,279	1,429	100774	76631	1,315	0,000	 V 			0,101	26081	0,000	1,501	3,783	0,000	0	0	0,000	0,000
3	1,451	1,429	1,503	1027	772	1,331	0,000	 V 			0,195	30016	0,000	1,268	3,446	1,935	0	0	0,000	0,000
4	1,568	1,503	1,760	6040735	4653535	1,298	0,000	   			0,291	36181	0,000	1,417	3,514	1,492	0	0	0,000	0,000
5	1,894	1,858	2,021	327850	233429	1,404	0,000	   			0,560	46678	0,000	1,160	9,614	1,923	0	0	0,000	0,000
6	2,533	2,507	2,591	3536	2439	1,450	0,000	   			1,086	73647	0,000	1,323	17,694	1,940	0	0	0,000	0,000
7	5,952	5,923	6,161	20290	8847	2,294	0,000	   			3,901	231470	0,000	2,477	78,975	3,593	0	0	0,000	0,000
8	6,395	6,366	6,520	31312	18714	1,673	0,000	   			4,266	367360	0,000	1,467	9,693	1,094	0	0	0,000	0,000
9	6,897	6,842	7,066	1224	172	7,104	0,000	 V 			4,679	14561	0,000	0,000	3,720	1,097	0	0	0,000	0,000
10	7,522	7,477	8,214	279488	160037	1,746	0,000	S  			5,194	561994	0,000	1,159	4,662	1,110	0	0	0,000	0,000
11	9,401	9,348	9,619	2212	438	5,050	0,000	   			6,742	133924	0,000	2,970	26,375	1,298	0	0	0,000	0,000
12	10,347	10,277	10,515	10433	3651	2,858	0,000	   			7,520	333842	0,000	1,471	10,874	1,116	0	0	0,000	0,000
13	10,893	10,813	10,981	6777	2266	2,991	0,000	   			7,970	308208	0,000	0,982	7,296	1,060	0	0	0,000	0,000
14	11,359	11,261	11,541	176365	56636	3,114	0,000	S  			8,354	299335	0,000	0,989	5,783	1,048	0	0	0,000	0,000
15	12,037	11,947	12,433	16135	2951	5,468	0,000	S  			8,912	173091	0,000	1,970	6,844	1,067	0	0	0,000	0,000

[Chromatogram (Ch1)]
Interval(msec)	40
# of Points	18945
Start Time(min)	0,001
End Time(min)	12,630
R.Time (min)	Intensity
0,00050	-43
0,00117	-43
0,00183	-43
0,00250	-43
0,00317	-43
0,00383	-42
0,00450	-42
0,00517	-42
0,00583	-42
0,00650	-42
0,00717	-42
0,00783	-42
0,00850	-42
0,00917	-42
0,00983	-42
0,01050	-42
0,01117	-42
0,01183	-42
0,01250	-42
0,01317	-42
0,01383	-41
0,01450	-41
0,01517	-41
0,01583	-41
0,01650	-40
0,01717	-40
0,01783	-40
0,01850	-40
0,01917	-40
0,01983	-40
0,02050	-40
0,02117	-40
0,02183	-40
0,02250	-40
0,02317	-40
0,02383	-39
0,02450	-39
0,02517	-39
0,02583	-39
0,02650	-38
0,02717	-38
0,02783	-38
0,02850	-37
0,02917	-37
0,02983	-37
0,03050	-37
0,03117	-37
0,03183	-37
0,03250	-37
0,03317	-37
0,03383	-37
0,03450	-37
0,03517	-37
0,03583	-37
0,03650	-37
0,03717	-37
0,03783	-37
0,03850	-37
0,03917	-37
0,03983	-37
0,04050	-37
0,04117	-36
0,04183	-36
0,04250	-36
0,04317	-36
0,04383	-36
0,04450	-36
0,04517	-36
0,04583	-36
0,04650	-36
0,04717	-36
0,04783	-36
0,04850	-36
0,04917	-36
0,04983	-36
0,05050	-36
0,05117	-36
0,05183	-36
0,05250	-36
0,05317	-36
0,05383	-36
0,05450	-36
0,05517	-36
0,05583	-36
0,05650	-36
0,05717	-36
0,05783	-36
0,05850	-36
0,05917	-36
0,05983	-36
0,06050	-36
0,06117	-36
0,06183	-35
0,06250	-35
0,06317	-35
0,06383	-35
0,06450	-35
0,06517	-34
0,06583	-34
0,06650	-34
0,06717	-33
0,06783	-33
0,06850	-33
0,06917	-33
0,06983	-33
0,07050	-33
0,07117	-33
0,07183	-33
0,07250	-33
0,07317	-34
0,07383	-34
0,07450	-34
0,07517	-34
0,07583	-34
0,07650	-34
0,07717	-34
0,07783	-34
0,07850	-34
0,07917	-34
0,07983	-34
0,08050	-34
0,08117	-35
0,08183	-35
0,08250	-35
0,08317	-35
0,08383	-35
0,08450	-35
0,08517	-35
0,08583	-35
0,08650	-35
0,08717	-35
0,08783	-35
0,08850	-35
0,08917	-35
0,08983	-35
0,09050	-35
0,09117	-35
0,09183	-35
0,09250	-35
0,09317	-35
0,09383	-35
0,09450	-35
0,09517	-35
0,09583	-35
0,09650	-35
0,09717	-35
0,09783	-35
0,09850	-35
0,09917	-35
0,09983	-35
0,10050	-34
0,10117	-34
0,10183	-34
0,10250	-34
0,10317	-35
0,10383	-35
0,10450	-35
0,10517	-36
0,10583	-36
0,10650	-36
0,10717	-36
0,10783	-36
0,10850	-36
0,10917	-36
0,10983	-36
0,11050	-36
0,11117	-36
0,11183	-36
0,11250	-36
0,11317	-36
0,11383	-36
0,11450	-36
0,11517	-36
0,11583	-36
0,11650	-36
0,11717	-36
0,11783	-36
0,11850	-36
0,11917	-36
0,11983	-36
0,12050	-36
0,12117	-36
0,12183	-36
0,12250	-36
0,12317	-35
0,12383	-35
0,12450	-35
0,12517	-35
0,12583	-36
0,12650	-36
0,12717	-36
0,12783	-36
0,12850	-37
0,12917	-37
0,12983	-37
0,13050	-38
0,13117	-38
0,13183	-38
0,13250	-38
0,13317	-38
0,13383	-38
0,13450	-38
0,13517	-38
0,13583	-38
0,13650	-39
0,13717	-39
0,13783	-39
0,13850	-38
0,13917	-38
0,13983	-38
0,14050	-38
0,14117	-38
0,14183	-38
0,14250	-38
0,14317	-38
0,14383	-38
0,14450	-38
0,14517	-38
0,14583	-38
0,14650	-38
0,14717	-38
0,14783	-38
0,14850	-37
0,14917	-37
0,14983	-37
0,15050	-37
0,15117	-37
0,15183	-37
0,15250	-37
0,15317	-37
0,15383	-37
0,15450	-37
0,15517	-37
0,15583	-37
0,15650	-37
0,15717	-37
0,15783	-37
0,15850	-37
0,15917	-37
0,15983	-37
0,16050	-37
0,16117	-37
0,16183	-37
0,16250	-37
0,16317	-38
0,16383	-38
0,16450	-38
0,16517	-37
0,16583	-37
0,16650	-37
0,16717	-37
0,16783	-37
0,16850	-37
0,16917	-37
0,16983	-37
0,17050	-37
0,17117	-37
0,17183	-37
0,17250	-36
0,17317	-36
0,17383	-36
0,17450	-36
0,17517	-36
0,17583	-36
0,17650	-36
0,17717	-36
0,17783	-37
0,17850	-37
0,17917	-37
0,17983	-38
0,18050	-38
0,18117	-38
0,18183	-38
0,18250	-39
0,18317	-39
0,18383	-39
0,18450	-39
0,18517	-39
0,18583	-39
0,18650	-39
0,18717	-39
0,18783	-39
0,18850	-39
0,18917	-39
0,18983	-39
0,19050	-40
0,19117	-40
0,19183	-40
0,19250	-41
0,19317	-41
0,19383	-41
0,19450	-42
0,19517	-42
0,19583	-42
0,19650	-42
0,19717	-42
0,19783	-42
0,19850	-42
0,19917	-42
0,19983	-42
0,20050	-42
0,20117	-42
0,20183	-42
0,20250	-42
0,20317	-42
0,20383	-42
0,20450	-41
0,20517	-41
0,20583	-41
0,20650	-41
0,20717	-40
0,20783	-40
0,20850	-40
0,20917	-40
0,20983	-41
0,21050	-41
0,21117	-41
0,21183	-41
0,21250	-41
0,21317	-41
0,21383	-42
0,21450	-42
0,21517	-42
0,21583	-42
0,21650	-42
0,21717	-42
0,21783	-42
0,21850	-42
0,21917	-42
0,21983	-42
0,22050	-43
0,22117	-43
0,22183	-43
0,22250	-44
0,22317	-44
0,22383	-44
0,22450	-44
0,22517	-44
0,22583	-44
0,22650	-44
0,22717	-44
0,22783	-44
0,22850	-44
0,22917	-43
0,22983	-43
0,23050	-43
0,23117	-43
0,23183	-43
0,23250	-42
0,23317	-42
0,23383	-42
0,23450	-42
0,23517	-42
0,23583	-42
0,23650	-42
0,23717	-42
0,23783	-42
0,23850	-42
0,23917	-42
0,23983	-43
0,24050	-43
0,24117	-43
0,24183	-43
0,24250	-44
0,24317	-44
0,24383	-44
0,24450	-45
0,24517	-45
0,24583	-46
0,24650	-46
0,24717	-46
0,24783	-46
0,24850	-45
0,24917	-45
0,24983	-45
0,25050	-45
0,25117	-45
0,25183	-45
0,25250	-44
0,25317	-44
0,25383	-44
0,25450	-43
0,25517	-43
0,25583	-43
0,25650	-42
0,25717	-42
0,25783	-41
0,25850	-41
0,25917	-41
0,25983	-41
0,26050	-41
0,26117	-41
0,26183	-41
0,26250	-41
0,26317	-41
0,26383	-40
0,26450	-40
0,26517	-40
0,26583	-40
0,26650	-39
0,26717	-39
0,26783	-39
0,26850	-39
0,26917	-38
0,26983	-38
0,27050	-38
0,27117	-38
0,27183	-38
0,27250	-38
0,27317	-38
0,27383	-38
0,27450	-38
0,27517	-38
0,27583	-38
0,27650	-39
0,27717	-39
0,27783	-39
0,27850	-39
0,27917	-40
0,27983	-40
0,28050	-40
0,28117	-40
0,28183	-41
0,28250	-41
0,28317	-41
0,28383	-41
0,28450	-41
0,28517	-41
0,28583	-41
0,28650	-41
0,28717	-41
0,28783	-41
0,28850	-41
0,28917	-42
0,28983	-42
0,29050	-42
0,29117	-42
0,29183	-42
0,29250	-42
0,29317	-42
0,29383	-41
0,29450	-41
0,29517	-41
0,29583	-41
0,29650	-41
0,29717	-41
0,29783	-41
0,29850	-41
0,29917	-41
0,29983	-41
0,30050	-41
0,30117	-41
0,30183	-41
0,30250	-41
0,30317	-41
0,30383	-41
0,30450	-41
0,30517	-41
0,30583	-41
0,30650	-41
0,30717	-42
0,30783	-42
0,30850	-42
0,30917	-42
0,30983	-42
0,31050	-42
0,31117	-42
0,31183	-42
0,31250	-42
0,31317	-42
0,31383	-43
0,31450	-43
0,31517	-43
0,31583	-43
0,31650	-43
0,31717	-43
0,31783	-42
0,31850	-42
0,31917	-42
0,31983	-42
0,32050	-41
0,32117	-41
0,32183	-41
0,32250	-40
0,32317	-40
0,32383	-40
0,32450	-39
0,32517	-39
0,32583	-39
0,32650	-39
0,32717	-39
0,32783	-40
0,32850	-40
0,32917	-40
0,32983	-40
0,33050	-40
0,33117	-40
0,33183	-40
0,33250	-40
0,33317	-40
0,33383	-40
0,33450	-40
0,33517	-40
0,33583	-40
0,33650	-40
0,33717	-41
0,33783	-41
0,33850	-41
0,33917	-41
0,33983	-41
0,34050	-42
0,34117	-42
0,34183	-42
0,34250	-42
0,34317	-42
0,34383	-42
0,34450	-42
0,34517	-42
0,34583	-42
0,34650	-42
0,34717	-42
0,34783	-42
0,34850	-42
0,34917	-42
0,34983	-43
0,35050	-43
0,35117	-43
0,35183	-43
0,35250	-43
0,35317	-44
0,35383	-44
0,35450	-44
0,35517	-43
0,35583	-43
0,35650	-43
0,35717	-43
0,35783	-43
0,35850	-44
0,35917	-44
0,35983	-44
0,36050	-44
0,36117	-44
0,36183	-44
0,36250	-44
0,36317	-44
0,36383	-44
0,36450	-44
0,36517	-44
0,36583	-43
0,36650	-43
0,36717	-43
0,36783	-43
0,36850	-43
0,36917	-43
0,36983	-43
0,37050	-43
0,37117	-43
0,37183	-43
0,37250	-43
0,37317	-43
0,37383	-43
0,37450	-43
0,37517	-43
0,37583	-43
0,37650	-43
0,37717	-43
0,37783	-43
0,37850	-43
0,37917	-43
0,37983	-43
0,38050	-43
0,38117	-42
0,38183	-42
0,38250	-42
0,38317	-42
0,38383	-42
0,38450	-42
0,38517	-42
0,38583	-42
0,38650	-42
0,38717	-42
0,38783	-42
0,38850	-42
0,38917	-42
0,38983	-42
0,39050	-42
0,39117	-42
0,39183	-42
0,39250	-42
0,39317	-42
0,39383	-42
0,39450	-42
0,39517	-42
0,39583	-42
0,39650	-42
0,39717	-42
0,39783	-42
0,39850	-43
0,39917	-43
0,39983	-43
0,40050	-43
0,40117	-43
0,40183	-43
0,40250	-43
0,40317	-43
0,40383	-43
0,40450	-43
0,40517	-43
0,40583	-43
0,40650	-43
0,40717	-43
0,40783	-43
0,40850	-43
0,40917	-43
0,40983	-43
0,41050	-43
0,41117	-43
0,41183	-43
0,41250	-43
0,41317	-44
0,41383	-44
0,41450	-44
0,41517	-44
0,41583	-44
0,41650	-44
0,41717	-44
0,41783	-44
0,41850	-44
0,41917	-44
0,41983	-44
0,42050	-44
0,42117	-44
0,42183	-45
0,42250	-45
0,42317	-45
0,42383	-45
0,42450	-45
0,42517	-45
0,42583	-45
0,42650	-45
0,42717	-45
0,42783	-45
0,42850	-45
0,42917	-45
0,42983	-44
0,43050	-44
0,43117	-44
0,43183	-44
0,43250	-43
0,43317	-43
0,43383	-43
0,43450	-43
0,43517	-43
0,43583	-43
0,43650	-43
0,43717	-43
0,43783	-43
0,43850	-43
0,43917	-44
0,43983	-44
0,44050	-44
0,44117	-44
0,44183	-44
0,44250	-44
0,44317	-44
0,44383	-44
0,44450	-43
0,44517	-43
0,44583	-44
0,44650	-44
0,44717	-44
0,44783	-44
0,44850	-44
0,44917	-44
0,44983	-44
0,45050	-44
0,45117	-43
0,45183	-43
0,45250	-43
0,45317	-43
0,45383	-42
0,45450	-42
0,45517	-42
0,45583	-41
0,45650	-41
0,45717	-40
0,45783	-40
0,45850	-40
0,45917	-39
0,45983	-39
0,46050	-39
0,46117	-39
0,46183	-39
0,46250	-39
0,46317	-39
0,46383	-39
0,46450	-38
0,46517	-38
0,46583	-38
0,46650	-38
0,46717	-38
0,46783	-38
0,46850	-38
0,46917	-38
0,46983	-38
0,47050	-38
0,47117	-38
0,47183	-38
0,47250	-38
0,47317	-38
0,47383	-38
0,47450	-38
0,47517	-38
0,47583	-39
0,47650	-39
0,47717	-39
0,47783	-39
0,47850	-39
0,47917	-38
0,47983	-38
0,48050	-38
0,48117	-38
0,48183	-38
0,48250	-38
0,48317	-38
0,48383	-37
0,48450	-37
0,48517	-38
0,48583	-38
0,48650	-38
0,48717	-38
0,48783	-38
0,48850	-39
0,48917	-39
0,48983	-39
0,49050	-39
0,49117	-40
0,49183	-40
0,49250	-40
0,49317	-40
0,49383	-40
0,49450	-39
0,49517	-39
0,49583	-39
0,49650	-39
0,49717	-38
0,49783	-38
0,49850	-38
0,49917	-38
0,49983	-38
0,50050	-38
0,50117	-38
0,50183	-37
0,50250	-37
0,50317	-37
0,50383	-37
0,50450	-37
0,50517	-38
0,50583	-38
0,50650	-38
0,50717	-38
0,50783	-39
0,50850	-39
0,50917	-40
0,50983	-40
0,51050	-40
0,51117	-41
0,51183	-41
0,51250	-41
0,51317	-41
0,51383	-41
0,51450	-42
0,51517	-42
0,51583	-42
0,51650	-43
0,51717	-43
0,51783	-43
0,51850	-44
0,51917	-44
0,51983	-45
0,52050	-45
0,52117	-46
0,52183	-46
0,52250	-47
0,52317	-47
0,52383	-47
0,52450	-47
0,52517	-47
0,52583	-47
0,52650	-47
0,52717	-46
0,52783	-46
0,52850	-46
0,52917	-46
0,52983	-45
0,53050	-45
0,53117	-45
0,53183	-44
0,53250	-44
0,53317	-43
0,53383	-43
0,53450	-43
0,53517	-43
0,53583	-43
0,53650	-43
0,53717	-43
0,53783	-43
0,53850	-43
0,53917	-42
0,53983	-42
0,54050	-42
0,54117	-42
0,54183	-41
0,54250	-41
0,54317	-41
0,54383	-41
0,54450	-41
0,54517	-41
0,54583	-41
0,54650	-41
0,54717	-41
0,54783	-41
0,54850	-41
0,54917	-41
0,54983	-42
0,55050	-42
0,55117	-42
0,55183	-43
0,55250	-43
0,55317	-43
0,55383	-43
0,55450	-43
0,55517	-43
0,55583	-43
0,55650	-43
0,55717	-43
0,55783	-43
0,55850	-44
0,55917	-44
0,55983	-44
0,56050	-44
0,56117	-44
0,56183	-44
0,56250	-44
0,56317	-44
0,56383	-45
0,56450	-45
0,56517	-45
0,56583	-45
0,56650	-45
0,56717	-45
0,56783	-45
0,56850	-45
0,56917	-45
0,56983	-45
0,57050	-45
0,57117	-44
0,57183	-44
0,57250	-44
0,57317	-44
0,57383	-43
0,57450	-43
0,57517	-43
0,57583	-43
0,57650	-43
0,57717	-43
0,57783	-43
0,57850	-43
0,57917	-43
0,57983	-43
0,58050	-42
0,58117	-42
0,58183	-42
0,58250	-41
0,58317	-41
0,58383	-41
0,58450	-41
0,58517	-41
0,58583	-41
0,58650	-41
0,58717	-41
0,58783	-41
0,58850	-41
0,58917	-41
0,58983	-41
0,59050	-40
0,59117	-40
0,59183	-40
0,59250	-40
0,59317	-40
0,59383	-40
0,59450	-40
0,59517	-40
0,59583	-40
0,59650	-40
0,59717	-40
0,59783	-41
0,59850	-41
0,59917	-41
0,59983	-41
0,60050	-41
0,60117	-41
0,60183	-41
0,60250	-41
0,60317	-41
0,60383	-41
0,60450	-42
0,60517	-42
0,60583	-42
0,60650	-42
0,60717	-42
0,60783	-42
0,60850	-43
0,60917	-43
0,60983	-43
0,61050	-43
0,61117	-43
0,61183	-43
0,61250	-44
0,61317	-44
0,61383	-44
0,61450	-44
0,61517	-44
0,61583	-44
0,61650	-44
0,61717	-44
0,61783	-44
0,61850	-45
0,61917	-45
0,61983	-44
0,62050	-44
0,62117	-44
0,62183	-44
0,62250	-43
0,62317	-43
0,62383	-43
0,62450	-43
0,62517	-43
0,62583	-43
0,62650	-42
0,62717	-42
0,62783	-43
0,62850	-43
0,62917	-43
0,62983	-43
0,63050	-43
0,63117	-43
0,63183	-43
0,63250	-43
0,63317	-43
0,63383	-43
0,63450	-43
0,63517	-42
0,63583	-42
0,63650	-42
0,63717	-42
0,63783	-41
0,63850	-41
0,63917	-41
0,63983	-41
0,64050	-41
0,64117	-40
0,64183	-40
0,64250	-40
0,64317	-40
0,64383	-40
0,64450	-39
0,64517	-39
0,64583	-39
0,64650	-39
0,64717	-39
0,64783	-40
0,64850	-40
0,64917	-40
0,64983	-40
0,65050	-40
0,65117	-41
0,65183	-41
0,65250	-42
0,65317	-42
0,65383	-42
0,65450	-43
0,65517	-43
0,65583	-43
0,65650	-43
0,65717	-43
0,65783	-44
0,65850	-44
0,65917	-44
0,65983	-44
0,66050	-45
0,66117	-45
0,66183	-45
0,66250	-45
0,66317	-45
0,66383	-44
0,66450	-44
0,66517	-44
0,66583	-44
0,66650	-44
0,66717	-44
0,66783	-43
0,66850	-43
0,66917	-43
0,66983	-43
0,67050	-43
0,67117	-44
0,67183	-44
0,67250	-44
0,67317	-44
0,67383	-43
0,67450	-43
0,67517	-43
0,67583	-43
0,67650	-44
0,67717	-44
0,67783	-44
0,67850	-45
0,67917	-45
0,67983	-46
0,68050	-46
0,68117	-46
0,68183	-46
0,68250	-46
0,68317	-46
0,68383	-46
0,68450	-46
0,68517	-47
0,68583	-47
0,68650	-47
0,68717	-46
0,68783	-46
0,68850	-46
0,68917	-45
0,68983	-45
0,69050	-45
0,69117	-45
0,69183	-44
0,69250	-44
0,69317	-44
0,69383	-44
0,69450	-44
0,69517	-44
0,69583	-44
0,69650	-44
0,69717	-44
0,69783	-44
0,69850	-44
0,69917	-45
0,69983	-45
0,70050	-45
0,70117	-45
0,70183	-45
0,70250	-45
0,70317	-45
0,70383	-45
0,70450	-46
0,70517	-46
0,70583	-46
0,70650	-46
0,70717	-46
0,70783	-46
0,70850	-46
0,70917	-45
0,70983	-45
0,71050	-45
0,71117	-45
0,71183	-45
0,71250	-45
0,71317	-45
0,71383	-45
0,71450	-45
0,71517	-44
0,71583	-44
0,71650	-44
0,71717	-44
0,71783	-44
0,71850	-44
0,71917	-44
0,71983	-44
0,72050	-44
0,72117	-43
0,72183	-44
0,72250	-44
0,72317	-44
0,72383	-44
0,72450	-44
0,72517	-45
0,72583	-45
0,72650	-45
0,72717	-45
0,72783	-45
0,72850	-45
0,72917	-45
0,72983	-45
0,73050	-45
0,73117	-45
0,73183	-45
0,73250	-45
0,73317	-45
0,73383	-45
0,73450	-45
0,73517	-46
0,73583	-46
0,73650	-46
0,73717	-46
0,73783	-46
0,73850	-46
0,73917	-47
0,73983	-47
0,74050	-47
0,74117	-47
0,74183	-47
0,74250	-47
0,74317	-47
0,74383	-47
0,74450	-47
0,74517	-47
0,74583	-47
0,74650	-47
0,74717	-47
0,74783	-47
0,74850	-47
0,74917	-47
0,74983	-47
0,75050	-47
0,75117	-47
0,75183	-46
0,75250	-46
0,75317	-46
0,75383	-46
0,75450	-46
0,75517	-46
0,75583	-46
0,75650	-46
0,75717	-46
0,75783	-46
0,75850	-46
0,75917	-46
0,75983	-46
0,76050	-46
0,76117	-46
0,76183	-46
0,76250	-46
0,76317	-46
0,76383	-46
0,76450	-46
0,76517	-46
0,76583	-46
0,76650	-46
0,76717	-46
0,76783	-46
0,76850	-46
0,76917	-46
0,76983	-46
0,77050	-45
0,77117	-45
0,77183	-45
0,77250	-45
0,77317	-45
0,77383	-45
0,77450	-45
0,77517	-45
0,77583	-45
0,77650	-46
0,77717	-46
0,77783	-46
0,77850	-46
0,77917	-46
0,77983	-46
0,78050	-46
0,78117	-46
0,78183	-46
0,78250	-46
0,78317	-46
0,78383	-46
0,78450	-46
0,78517	-46
0,78583	-47
0,78650	-47
0,78717	-47
0,78783	-47
0,78850	-47
0,78917	-47
0,78983	-47
0,79050	-47
0,79117	-46
0,79183	-46
0,79250	-46
0,79317	-45
0,79383	-45
0,79450	-45
0,79517	-45
0,79583	-44
0,79650	-44
0,79717	-44
0,79783	-44
0,79850	-44
0,79917	-44
0,79983	-44
0,80050	-44
0,80117	-44
0,80183	-44
0,80250	-45
0,80317	-45
0,80383	-45
0,80450	-45
0,80517	-44
0,80583	-44
0,80650	-44
0,80717	-45
0,80783	-45
0,80850	-45
0,80917	-45
0,80983	-45
0,81050	-46
0,81117	-46
0,81183	-45
0,81250	-45
0,81317	-45
0,81383	-45
0,81450	-45
0,81517	-45
0,81583	-45
0,81650	-45
0,81717	-45
0,81783	-45
0,81850	-45
0,81917	-45
0,81983	-45
0,82050	-44
0,82117	-44
0,82183	-44
0,82250	-44
0,82317	-43
0,82383	-43
0,82450	-43
0,82517	-43
0,82583	-43
0,82650	-43
0,82717	-43
0,82783	-43
0,82850	-44
0,82917	-44
0,82983	-44
0,83050	-44
0,83117	-44
0,83183	-44
0,83250	-44
0,83317	-44
0,83383	-44
0,83450	-44
0,83517	-44
0,83583	-44
0,83650	-44
0,83717	-44
0,83783	-44
0,83850	-44
0,83917	-45
0,83983	-45
0,84050	-45
0,84117	-45
0,84183	-45
0,84250	-44
0,84317	-44
0,84383	-44
0,84450	-44
0,84517	-44
0,84583	-43
0,84650	-43
0,84717	-43
0,84783	-43
0,84850	-42
0,84917	-42
0,84983	-42
0,85050	-42
0,85117	-42
0,85183	-42
0,85250	-42
0,85317	-42
0,85383	-42
0,85450	-42
0,85517	-42
0,85583	-41
0,85650	-41
0,85717	-41
0,85783	-41
0,85850	-40
0,85917	-40
0,85983	-40
0,86050	-40
0,86117	-40
0,86183	-40
0,86250	-40
0,86317	-40
0,86383	-40
0,86450	-40
0,86517	-41
0,86583	-41
0,86650	-41
0,86717	-41
0,86783	-41
0,86850	-41
0,86917	-41
0,86983	-41
0,87050	-41
0,87117	-41
0,87183	-41
0,87250	-41
0,87317	-41
0,87383	-41
0,87450	-41
0,87517	-41
0,87583	-41
0,87650	-41
0,87717	-41
0,87783	-41
0,87850	-41
0,87917	-41
0,87983	-41
0,88050	-41
0,88117	-41
0,88183	-41
0,88250	-41
0,88317	-41
0,88383	-41
0,88450	-41
0,88517	-41
0,88583	-42
0,88650	-42
0,88717	-42
0,88783	-42
0,88850	-42
0,88917	-42
0,88983	-42
0,89050	-42
0,89117	-42
0,89183	-42
0,89250	-42
0,89317	-43
0,89383	-42
0,89450	-42
0,89517	-43
0,89583	-43
0,89650	-43
0,89717	-43
0,89783	-43
0,89850	-43
0,89917	-43
0,89983	-43
0,90050	-43
0,90117	-43
0,90183	-43
0,90250	-43
0,90317	-44
0,90383	-44
0,90450	-44
0,90517	-44
0,90583	-44
0,90650	-45
0,90717	-45
0,90783	-45
0,90850	-45
0,90917	-45
0,90983	-44
0,91050	-44
0,91117	-44
0,91183	-44
0,91250	-44
0,91317	-45
0,91383	-45
0,91450	-45
0,91517	-45
0,91583	-45
0,91650	-45
0,91717	-46
0,91783	-46
0,91850	-46
0,91917	-47
0,91983	-47
0,92050	-47
0,92117	-47
0,92183	-47
0,92250	-48
0,92317	-48
0,92383	-48
0,92450	-48
0,92517	-48
0,92583	-48
0,92650	-49
0,92717	-49
0,92783	-49
0,92850	-49
0,92917	-49
0,92983	-49
0,93050	-49
0,93117	-49
0,93183	-49
0,93250	-49
0,93317	-49
0,93383	-49
0,93450	-48
0,93517	-48
0,93583	-48
0,93650	-49
0,93717	-49
0,93783	-49
0,93850	-49
0,93917	-49
0,93983	-49
0,94050	-50
0,94117	-50
0,94183	-50
0,94250	-50
0,94317	-50
0,94383	-50
0,94450	-50
0,94517	-50
0,94583	-50
0,94650	-50
0,94717	-50
0,94783	-50
0,94850	-50
0,94917	-50
0,94983	-50
0,95050	-50
0,95117	-49
0,95183	-49
0,95250	-49
0,95317	-49
0,95383	-48
0,95450	-48
0,95517	-48
0,95583	-48
0,95650	-48
0,95717	-48
0,95783	-48
0,95850	-48
0,95917	-48
0,95983	-48
0,96050	-48
0,96117	-48
0,96183	-48
0,96250	-48
0,96317	-48
0,96383	-48
0,96450	-48
0,96517	-47
0,96583	-47
0,96650	-47
0,96717	-47
0,96783	-47
0,96850	-47
0,96917	-47
0,96983	-47
0,97050	-47
0,97117	-47
0,97183	-47
0,97250	-47
0,97317	-47
0,97383	-47
0,97450	-47
0,97517	-47
0,97583	-47
0,97650	-47
0,97717	-47
0,97783	-47
0,97850	-47
0,97917	-47
0,97983	-47
0,98050	-47
0,98117	-47
0,98183	-47
0,98250	-47
0,98317	-47
0,98383	-47
0,98450	-47
0,98517	-47
0,98583	-46
0,98650	-46
0,98717	-46
0,98783	-46
0,98850	-46
0,98917	-46
0,98983	-47
0,99050	-47
0,99117	-48
0,99183	-48
0,99250	-48
0,99317	-48
0,99383	-48
0,99450	-48
0,99517	-48
0,99583	-48
0,99650	-48
0,99717	-48
0,99783	-48
0,99850	-48
0,99917	-48
0,99983	-48
1,00050	-47
1,00117	-47
1,00183	-47
1,00250	-47
1,00317	-47
1,00383	-47
1,00450	-47
1,00517	-46
1,00583	-46
1,00650	-46
1,00717	-46
1,00783	-46
1,00850	-45
1,00917	-45
1,00983	-45
1,01050	-45
1,01117	-45
1,01183	-46
1,01250	-46
1,01317	-45
1,01383	-46
1,01450	-46
1,01517	-46
1,01583	-45
1,01650	-45
1,01717	-45
1,01783	-45
1,01850	-45
1,01917	-45
1,01983	-45
1,02050	-45
1,02117	-45
1,02183	-45
1,02250	-45
1,02317	-45
1,02383	-45
1,02450	-45
1,02517	-45
1,02583	-45
1,02650	-45
1,02717	-45
1,02783	-45
1,02850	-44
1,02917	-44
1,02983	-44
1,03050	-44
1,03117	-44
1,03183	-44
1,03250	-44
1,03317	-44
1,03383	-44
1,03450	-44
1,03517	-44
1,03583	-44
1,03650	-45
1,03717	-45
1,03783	-45
1,03850	-45
1,03917	-45
1,03983	-45
1,04050	-45
1,04117	-45
1,04183	-46
1,04250	-46
1,04317	-46
1,04383	-46
1,04450	-47
1,04517	-47
1,04583	-47
1,04650	-47
1,04717	-47
1,04783	-47
1,04850	-47
1,04917	-47
1,04983	-47
1,05050	-47
1,05117	-47
1,05183	-46
1,05250	-46
1,05317	-46
1,05383	-46
1,05450	-47
1,05517	-47
1,05583	-47
1,05650	-47
1,05717	-48
1,05783	-48
1,05850	-48
1,05917	-48
1,05983	-48
1,06050	-49
1,06117	-49
1,06183	-49
1,06250	-49
1,06317	-49
1,06383	-49
1,06450	-49
1,06517	-48
1,06583	-48
1,06650	-48
1,06717	-48
1,06783	-47
1,06850	-47
1,06917	-47
1,06983	-47
1,07050	-47
1,07117	-47
1,07183	-47
1,07250	-47
1,07317	-47
1,07383	-47
1,07450	-47
1,07517	-47
1,07583	-47
1,07650	-47
1,07717	-47
1,07783	-47
1,07850	-47
1,07917	-47
1,07983	-47
1,08050	-47
1,08117	-47
1,08183	-47
1,08250	-47
1,08317	-47
1,08383	-47
1,08450	-47
1,08517	-47
1,08583	-47
1,08650	-47
1,08717	-47
1,08783	-47
1,08850	-46
1,08917	-46
1,08983	-46
1,09050	-46
1,09117	-46
1,09183	-46
1,09250	-46
1,09317	-46
1,09383	-46
1,09450	-46
1,09517	-46
1,09583	-46
1,09650	-46
1,09717	-46
1,09783	-46
1,09850	-46
1,09917	-47
1,09983	-47
1,10050	-47
1,10117	-47
1,10183	-46
1,10250	-46
1,10317	-46
1,10383	-46
1,10450	-46
1,10517	-46
1,10583	-46
1,10650	-46
1,10717	-46
1,10783	-46
1,10850	-46
1,10917	-46
1,10983	-46
1,11050	-46
1,11117	-46
1,11183	-46
1,11250	-46
1,11317	-46
1,11383	-47
1,11450	-46
1,11517	-46
1,11583	-46
1,11650	-46
1,11717	-46
1,11783	-46
1,11850	-47
1,11917	-47
1,11983	-46
1,12050	-46
1,12117	-46
1,12183	-46
1,12250	-46
1,12317	-46
1,12383	-46
1,12450	-46
1,12517	-46
1,12583	-46
1,12650	-46
1,12717	-46
1,12783	-46
1,12850	-46
1,12917	-46
1,12983	-46
1,13050	-45
1,13117	-45
1,13183	-44
1,13250	-44
1,13317	-44
1,13383	-43
1,13450	-43
1,13517	-43
1,13583	-43
1,13650	-43
1,13717	-43
1,13783	-42
1,13850	-42
1,13917	-42
1,13983	-42
1,14050	-42
1,14117	-41
1,14183	-40
1,14250	-39
1,14317	-37
1,14383	-35
1,14450	-32
1,14517	-28
1,14583	-25
1,14650	-20
1,14717	-15
1,14783	-10
1,14850	-5
1,14917	-0
1,14983	5
1,15050	10
1,15117	15
1,15183	20
1,15250	24
1,15317	28
1,15383	31
1,15450	34
1,15517	37
1,15583	39
1,15650	40
1,15717	41
1,15783	41
1,15850	41
1,15917	40
1,15983	39
1,16050	38
1,16117	36
1,16183	34
1,16250	32
1,16317	29
1,16383	27
1,16450	24
1,16517	21
1,16583	19
1,16650	16
1,16717	13
1,16783	10
1,16850	8
1,16917	5
1,16983	3
1,17050	0
1,17117	-2
1,17183	-5
1,17250	-7
1,17317	-10
1,17383	-12
1,17450	-14
1,17517	-16
1,17583	-18
1,17650	-20
1,17717	-21
1,17783	-23
1,17850	-24
1,17917	-25
1,17983	-26
1,18050	-26
1,18117	-27
1,18183	-28
1,18250	-28
1,18317	-28
1,18383	-28
1,18450	-28
1,18517	-27
1,18583	-26
1,18650	-26
1,18717	-25
1,18783	-24
1,18850	-24
1,18917	-23
1,18983	-22
1,19050	-21
1,19117	-19
1,19183	-16
1,19250	-13
1,19317	-7
1,19383	0
1,19450	10
1,19517	23
1,19583	39
1,19650	60
1,19717	85
1,19783	117
1,19850	156
1,19917	204
1,19983	265
1,20050	341
1,20117	440
1,20183	570
1,20250	738
1,20317	956
1,20383	1231
1,20450	1569
1,20517	1973
1,20583	2437
1,20650	2951
1,20717	3500
1,20783	4065
1,20850	4625
1,20917	5159
1,20983	5648
1,21050	6077
1,21117	6434
1,21183	6715
1,21250	6917
1,21317	7042
1,21383	7094
1,21450	7079
1,21517	7007
1,21583	6884
1,21650	6719
1,21717	6521
1,21783	6296
1,21850	6051
1,21917	5793
1,21983	5526
1,22050	5255
1,22117	4983
1,22183	4713
1,22250	4447
1,22317	4188
1,22383	3937
1,22450	3695
1,22517	3462
1,22583	3240
1,22650	3028
1,22717	2827
1,22783	2637
1,22850	2457
1,22917	2288
1,22983	2128
1,23050	1978
1,23117	1838
1,23183	1706
1,23250	1583
1,23317	1469
1,23383	1362
1,23450	1262
1,23517	1170
1,23583	1083
1,23650	1003
1,23717	929
1,23783	861
1,23850	797
1,23917	739
1,23983	684
1,24050	635
1,24117	588
1,24183	546
1,24250	506
1,24317	470
1,24383	437
1,24450	406
1,24517	377
1,24583	350
1,24650	326
1,24717	303
1,24783	281
1,24850	262
1,24917	244
1,24983	227
1,25050	211
1,25117	196
1,25183	183
1,25250	170
1,25317	158
1,25383	147
1,25450	137
1,25517	127
1,25583	118
1,25650	109
1,25717	101
1,25783	93
1,25850	86
1,25917	79
1,25983	73
1,26050	68
1,26117	62
1,26183	57
1,26250	53
1,26317	48
1,26383	45
1,26450	41
1,26517	37
1,26583	34
1,26650	31
1,26717	28
1,26783	25
1,26850	22
1,26917	19
1,26983	17
1,27050	14
1,27117	12
1,27183	10
1,27250	8
1,27317	6
1,27383	5
1,27450	3
1,27517	2
1,27583	1
1,27650	0
1,27717	1
1,27783	2
1,27850	3
1,27917	6
1,27983	11
1,28050	17
1,28117	24
1,28183	33
1,28250	44
1,28317	57
1,28383	72
1,28450	89
1,28517	109
1,28583	130
1,28650	154
1,28717	179
1,28783	206
1,28850	235
1,28917	265
1,28983	295
1,29050	327
1,29117	358
1,29183	388
1,29250	418
1,29317	446
1,29383	473
1,29450	498
1,29517	520
1,29583	540
1,29650	558
1,29717	572
1,29783	584
1,29850	593
1,29917	600
1,29983	603
1,30050	603
1,30117	600
1,30183	595
1,30250	586
1,30317	576
1,30383	563
1,30450	548
1,30517	531
1,30583	512
1,30650	493
1,30717	472
1,30783	450
1,30850	428
1,30917	406
1,30983	383
1,31050	361
1,31117	339
1,31183	318
1,31250	297
1,31317	277
1,31383	259
1,31450	244
1,31517	232
1,31583	227
1,31650	232
1,31717	255
1,31783	309
1,31850	416
1,31917	608
1,31983	933
1,32050	1447
1,32117	2220
1,32183	3323
1,32250	4827
1,32317	6796
1,32383	9280
1,32450	12305
1,32517	15874
1,32583	19961
1,32650	24506
1,32717	29426
1,32783	34617
1,32850	39959
1,32917	45328
1,32983	50600
1,33050	55659
1,33117	60394
1,33183	64713
1,33250	68535
1,33317	71802
1,33383	74467
1,33450	76504
1,33517	77906
1,33583	78680
1,33650	78849
1,33717	78450
1,33783	77530
1,33850	76142
1,33917	74347
1,33983	72206
1,34050	69781
1,34117	67132
1,34183	64314
1,34250	61379
1,34317	58372
1,34383	55335
1,34450	52301
1,34517	49299
1,34583	46355
1,34650	43486
1,34717	40709
1,34783	38036
1,34850	35475
1,34917	33031
1,34983	30709
1,35050	28509
1,35117	26432
1,35183	24476
1,35250	22638
1,35317	20916
1,35383	19306
1,35450	17803
1,35517	16402
1,35583	15099
1,35650	13889
1,35717	12767
1,35783	11727
1,35850	10765
1,35917	9876
1,35983	9055
1,36050	8299
1,36117	7601
1,36183	6960
1,36250	6370
1,36317	5827
1,36383	5329
1,36450	4872
1,36517	4453
1,36583	4070
1,36650	3718
1,36717	3396
1,36783	3102
1,36850	2833
1,36917	2587
1,36983	2362
1,37050	2157
1,37117	1970
1,37183	1800
1,37250	1644
1,37317	1502
1,37383	1372
1,37450	1254
1,37517	1147
1,37583	1049
1,37650	960
1,37717	879
1,37783	805
1,37850	737
1,37917	676
1,37983	620
1,38050	568
1,38117	522
1,38183	479
1,38250	440
1,38317	405
1,38383	372
1,38450	343
1,38517	316
1,38583	292
1,38650	270
1,38717	249
1,38783	231
1,38850	214
1,38917	198
1,38983	184
1,39050	172
1,39117	160
1,39183	150
1,39250	140
1,39317	132
1,39383	123
1,39450	116
1,39517	109
1,39583	102
1,39650	96
1,39717	91
1,39783	86
1,39850	81
1,39917	77
1,39983	73
1,40050	69
1,40117	65
1,40183	62
1,40250	59
1,40317	56
1,40383	53
1,40450	50
1,40517	48
1,40583	46
1,40650	43
1,40717	41
1,40783	40
1,40850	38
1,40917	37
1,40983	35
1,41050	34
1,41117	33
1,41183	31
1,41250	30
1,41317	29
1,41383	27
1,41450	26
1,41517	25
1,41583	23
1,41650	22
1,41717	21
1,41783	20
1,41850	19
1,41917	18
1,41983	17
1,42050	16
1,42117	15
1,42183	15
1,42250	15
1,42317	14
1,42383	14
1,42450	14
1,42517	14
1,42583	13
1,42650	13
1,42717	13
1,42783	13
1,42850	13
1,42917	13
1,42983	13
1,43050	13
1,43117	13
1,43183	14
1,43250	16
1,43317	18
1,43383	21
1,43450	25
1,43517	31
1,43583	40
1,43650	51
1,43717	66
1,43783	85
1,43850	108
1,43917	136
1,43983	169
1,44050	207
1,44117	250
1,44183	296
1,44250	345
1,44317	395
1,44383	446
1,44450	497
1,44517	546
1,44583	592
1,44650	634
1,44717	671
1,44783	703
1,44850	729
1,44917	749
1,44983	763
1,45050	770
1,45117	772
1,45183	768
1,45250	759
1,45317	746
1,45383	728
1,45450	707
1,45517	683
1,45583	656
1,45650	628
1,45717	598
1,45783	568
1,45850	537
1,45917	507
1,45983	477
1,46050	447
1,46117	418
1,46183	391
1,46250	364
1,46317	338
1,46383	314
1,46450	291
1,46517	269
1,46583	248
1,46650	228
1,46717	210
1,46783	192
1,46850	176
1,46917	161
1,46983	147
1,47050	133
1,47117	121
1,47183	109
1,47250	98
1,47317	88
1,47383	79
1,47450	70
1,47517	62
1,47583	55
1,47650	48
1,47717	41
1,47783	36
1,47850	30
1,47917	25
1,47983	21
1,48050	17
1,48117	13
1,48183	10
1,48250	6
1,48317	3
1,48383	1
1,48450	-2
1,48517	-4
1,48583	-5
1,48650	-7
1,48717	-9
1,48783	-10
1,48850	-11
1,48917	-12
1,48983	-13
1,49050	-14
1,49117	-15
1,49183	-15
1,49250	-15
1,49317	-16
1,49383	-16
1,49450	-16
1,49517	-16
1,49583	-16
1,49650	-17
1,49717	-17
1,49783	-17
1,49850	-17
1,49917	-17
1,49983	-17
1,50050	-17
1,50117	-17
1,50183	-18
1,50250	-18
1,50317	-18
1,50383	-18
1,50450	-18
1,50517	-17
1,50583	-17
1,50650	-16
1,50717	-16
1,50783	-15
1,50850	-15
1,50917	-14
1,50983	-13
1,51050	-13
1,51117	-12
1,51183	-11
1,51250	-10
1,51317	-9
1,51383	-8
1,51450	-7
1,51517	-6
1,51583	-4
1,51650	-2
1,51717	1
1,51783	5
1,51850	11
1,51917	18
1,51983	27
1,52050	39
1,52117	55
1,52183	76
1,52250	101
1,52317	133
1,52383	170
1,52450	214
1,52517	264
1,52583	320
1,52650	382
1,52717	448
1,52783	517
1,52850	588
1,52917	659
1,52983	729
1,53050	796
1,53117	860
1,53183	918
1,53250	971
1,53317	1016
1,53383	1053
1,53450	1083
1,53517	1104
1,53583	1116
1,53650	1121
1,53717	1118
1,53783	1107
1,53850	1091
1,53917	1069
1,53983	1045
1,54050	1020
1,54117	1000
1,54183	994
1,54250	1020
1,54317	1117
1,54383	1356
1,54450	1863
1,54517	2829
1,54583	4551
1,54650	7455
1,54717	12162
1,54783	19494
1,54850	30602
1,54917	46931
1,54983	70255
1,55050	102673
1,55117	146559
1,55183	204522
1,55250	279240
1,55317	373469
1,55383	489598
1,55450	629702
1,55517	795068
1,55583	986289
1,55650	1202751
1,55717	1443012
1,55783	1704607
1,55850	1984084
1,55917	2276817
1,55983	2577268
1,56050	2879329
1,56117	3176737
1,56183	3463271
1,56250	3732625
1,56317	3979036
1,56383	4197550
1,56450	4384278
1,56517	4536040
1,56583	4650872
1,56650	4727855
1,56717	4767161
1,56783	4770012
1,56850	4738455
1,56917	4675173
1,56983	4583423
1,57050	4466893
1,57117	4329422
1,57183	4174890
1,57250	4007056
1,57317	3829479
1,57383	3645394
1,57450	3457707
1,57517	3268931
1,57583	3081209
1,57650	2896313
1,57717	2715684
1,57783	2540456
1,57850	2371499
1,57917	2209452
1,57983	2054757
1,58050	1907688
1,58117	1768384
1,58183	1636869
1,58250	1513076
1,58317	1396865
1,58383	1288038
1,58450	1186354
1,58517	1091538
1,58583	1003294
1,58650	921310
1,58717	845264
1,58783	774833
1,58850	709694
1,58917	649529
1,58983	594025
1,59050	542883
1,59117	495809
1,59183	452527
1,59250	412768
1,59317	376280
1,59383	342825
1,59450	312174
1,59517	284116
1,59583	258451
1,59650	234991
1,59717	213563
1,59783	194003
1,59850	176160
1,59917	159893
1,59983	145071
1,60050	131574
1,60117	119290
1,60183	108116
1,60250	97956
1,60317	88723
1,60383	80336
1,60450	72722
1,60517	65811
1,60583	59542
1,60650	53857
1,60717	48704
1,60783	44035
1,60850	39806
1,60917	35976
1,60983	32510
1,61050	29374
1,61117	26536
1,61183	23971
1,61250	21651
1,61317	19555
1,61383	17661
1,61450	15950
1,61517	14405
1,61583	13010
1,61650	11751
1,61717	10615
1,61783	9590
1,61850	8666
1,61917	7832
1,61983	7080
1,62050	6402
1,62117	5791
1,62183	5240
1,62250	4744
1,62317	4297
1,62383	3894
1,62450	3531
1,62517	3204
1,62583	2910
1,62650	2644
1,62717	2405
1,62783	2190
1,62850	1996
1,62917	1821
1,62983	1664
1,63050	1522
1,63117	1394
1,63183	1279
1,63250	1175
1,63317	1081
1,63383	996
1,63450	920
1,63517	851
1,63583	789
1,63650	733
1,63717	682
1,63783	636
1,63850	595
1,63917	557
1,63983	522
1,64050	491
1,64117	462
1,64183	436
1,64250	412
1,64317	390
1,64383	369
1,64450	351
1,64517	334
1,64583	319
1,64650	305
1,64717	292
1,64783	279
1,64850	268
1,64917	258
1,64983	248
1,65050	239
1,65117	230
1,65183	222
1,65250	215
1,65317	208
1,65383	202
1,65450	196
1,65517	190
1,65583	185
1,65650	180
1,65717	175
1,65783	171
1,65850	166
1,65917	162
1,65983	158
1,66050	155
1,66117	151
1,66183	148
1,66250	145
1,66317	142
1,66383	139
1,66450	136
1,66517	133
1,66583	130
1,66650	128
1,66717	125
1,66783	123
1,66850	120
1,66917	118
1,66983	116
1,67050	114
1,67117	112
1,67183	110
1,67250	108
1,67317	106
1,67383	105
1,67450	103
1,67517	101
1,67583	100
1,67650	99
1,67717	97
1,67783	96
1,67850	95
1,67917	93
1,67983	92
1,68050	90
1,68117	89
1,68183	87
1,68250	86
1,68317	85
1,68383	83
1,68450	82
1,68517	80
1,68583	79
1,68650	78
1,68717	77
1,68783	75
1,68850	74
1,68917	72
1,68983	71
1,69050	70
1,69117	68
1,69183	67
1,69250	66
1,69317	65
1,69383	63
1,69450	62
1,69517	61
1,69583	59
1,69650	58
1,69717	57
1,69783	56
1,69850	55
1,69917	54
1,69983	53
1,70050	52
1,70117	52
1,70183	51
1,70250	50
1,70317	50
1,70383	49
1,70450	48
1,70517	48
1,70583	47
1,70650	46
1,70717	45
1,70783	44
1,70850	43
1,70917	42
1,70983	42
1,71050	41
1,71117	40
1,71183	40
1,71250	39
1,71317	38
1,71383	38
1,71450	37
1,71517	37
1,71583	36
1,71650	36
1,71717	35
1,71783	35
1,71850	34
1,71917	34
1,71983	33
1,72050	33
1,72117	32
1,72183	32
1,72250	31
1,72317	31
1,72383	30
1,72450	30
1,72517	29
1,72583	29
1,72650	28
1,72717	27
1,72783	27
1,72850	26
1,72917	26
1,72983	25
1,73050	25
1,73117	24
1,73183	23
1,73250	23
1,73317	22
1,73383	22
1,73450	21
1,73517	21
1,73583	20
1,73650	19
1,73717	19
1,73783	18
1,73850	18
1,73917	17
1,73983	17
1,74050	16
1,74117	16
1,74183	15
1,74250	15
1,74317	15
1,74383	14
1,74450	14
1,74517	13
1,74583	13
1,74650	12
1,74717	12
1,74783	11
1,74850	11
1,74917	10
1,74983	10
1,75050	10
1,75117	9
1,75183	9
1,75250	9
1,75317	9
1,75383	9
1,75450	9
1,75517	9
1,75583	9
1,75650	9
1,75717	9
1,75783	8
1,75850	8
1,75917	8
1,75983	9
1,76050	9
1,76117	9
1,76183	9
1,76250	10
1,76317	10
1,76383	11
1,76450	11
1,76517	12
1,76583	13
1,76650	13
1,76717	14
1,76783	14
1,76850	15
1,76917	15
1,76983	16
1,77050	16
1,77117	16
1,77183	16
1,77250	16
1,77317	16
1,77383	15
1,77450	15
1,77517	15
1,77583	15
1,77650	14
1,77717	14
1,77783	13
1,77850	13
1,77917	12
1,77983	11
1,78050	11
1,78117	10
1,78183	10
1,78250	9
1,78317	9
1,78383	8
1,78450	8
1,78517	7
1,78583	6
1,78650	6
1,78717	5
1,78783	4
1,78850	4
1,78917	3
1,78983	2
1,79050	2
1,79117	1
1,79183	0
1,79250	0
1,79317	-0
1,79383	-1
1,79450	-1
1,79517	-2
1,79583	-2
1,79650	-2
1,79717	-2
1,79783	-3
1,79850	-3
1,79917	-3
1,79983	-4
1,80050	-4
1,80117	-5
1,80183	-5
1,80250	-6
1,80317	-7
1,80383	-7
1,80450	-7
1,80517	-8
1,80583	-8
1,80650	-8
1,80717	-8
1,80783	-8
1,80850	-8
1,80917	-8
1,80983	-8
1,81050	-8
1,81117	-8
1,81183	-7
1,81250	-7
1,81317	-6
1,81383	-6
1,81450	-5
1,81517	-5
1,81583	-4
1,81650	-4
1,81717	-3
1,81783	-3
1,81850	-3
1,81917	-3
1,81983	-3
1,82050	-3
1,82117	-3
1,82183	-3
1,82250	-3
1,82317	-3
1,82383	-3
1,82450	-3
1,82517	-4
1,82583	-4
1,82650	-4
1,82717	-5
1,82783	-5
1,82850	-5
1,82917	-5
1,82983	-5
1,83050	-6
1,83117	-6
1,83183	-7
1,83250	-7
1,83317	-8
1,83383	-8
1,83450	-9
1,83517	-9
1,83583	-9
1,83650	-10
1,83717	-10
1,83783	-10
1,83850	-10
1,83917	-11
1,83983	-11
1,84050	-11
1,84117	-12
1,84183	-12
1,84250	-12
1,84317	-13
1,84383	-13
1,84450	-13
1,84517	-14
1,84583	-14
1,84650	-14
1,84717	-14
1,84783	-15
1,84850	-15
1,84917	-15
1,84983	-15
1,85050	-15
1,85117	-15
1,85183	-15
1,85250	-16
1,85317	-16
1,85383	-16
1,85450	-16
1,85517	-16
1,85583	-16
1,85650	-16
1,85717	-16
1,85783	-16
1,85850	-16
1,85917	-15
1,85983	-14
1,86050	-12
1,86117	-7
1,86183	1
1,86250	15
1,86317	40
1,86383	83
1,86450	153
1,86517	267
1,86583	444
1,86650	712
1,86717	1099
1,86783	1639
1,86850	2362
1,86917	3305
1,86983	4499
1,87050	5977
1,87117	7767
1,87183	9894
1,87250	12380
1,87317	15243
1,87383	18500
1,87450	22158
1,87517	26227
1,87583	30712
1,87650	35617
1,87717	40939
1,87783	46673
1,87850	52811
1,87917	59350
1,87983	66278
1,88050	73582
1,88117	81244
1,88183	89251
1,88250	97586
1,88317	106232
1,88383	115173
1,88450	124389
1,88517	133855
1,88583	143542
1,88650	153415
1,88717	163442
1,88783	173570
1,88850	183710
1,88917	193739
1,88983	203497
1,89050	212750
1,89117	221176
1,89183	228365
1,89250	233921
1,89317	237508
1,89383	238968
1,89450	238299
1,89517	235646
1,89583	231231
1,89650	225326
1,89717	218209
1,89783	210151
1,89850	201394
1,89917	192154
1,89983	182617
1,90050	172940
1,90117	163254
1,90183	153665
1,90250	144260
1,90317	135106
1,90383	126256
1,90450	117748
1,90517	109609
1,90583	101858
1,90650	94505
1,90717	87553
1,90783	81001
1,90850	74842
1,90917	69069
1,90983	63669
1,91050	58629
1,91117	53935
1,91183	49569
1,91250	45517
1,91317	41761
1,91383	38285
1,91450	35072
1,91517	32105
1,91583	29370
1,91650	26851
1,91717	24533
1,91783	22402
1,91850	20446
1,91917	18650
1,91983	17004
1,92050	15497
1,92117	14116
1,92183	12854
1,92250	11700
1,92317	10646
1,92383	9684
1,92450	8806
1,92517	8005
1,92583	7275
1,92650	6611
1,92717	6005
1,92783	5454
1,92850	4953
1,92917	4498
1,92983	4084
1,93050	3707
1,93117	3366
1,93183	3056
1,93250	2774
1,93317	2519
1,93383	2287
1,93450	2077
1,93517	1887
1,93583	1714
1,93650	1558
1,93717	1416
1,93783	1288
1,93850	1172
1,93917	1066
1,93983	971
1,94050	885
1,94117	806
1,94183	736
1,94250	671
1,94317	613
1,94383	560
1,94450	513
1,94517	470
1,94583	431
1,94650	396
1,94717	364
1,94783	335
1,94850	309
1,94917	285
1,94983	264
1,95050	244
1,95117	226
1,95183	210
1,95250	195
1,95317	182
1,95383	170
1,95450	159
1,95517	149
1,95583	140
1,95650	131
1,95717	124
1,95783	117
1,95850	111
1,95917	105
1,95983	99
1,96050	94
1,96117	89
1,96183	85
1,96250	80
1,96317	76
1,96383	73
1,96450	69
1,96517	66
1,96583	63
1,96650	61
1,96717	58
1,96783	55
1,96850	53
1,96917	51
1,96983	49
1,97050	47
1,97117	45
1,97183	44
1,97250	42
1,97317	41
1,97383	39
1,97450	38
1,97517	37
1,97583	35
1,97650	34
1,97717	33
1,97783	31
1,97850	30
1,97917	29
1,97983	28
1,98050	26
1,98117	25
1,98183	23
1,98250	22
1,98317	21
1,98383	20
1,98450	19
1,98517	18
1,98583	18
1,98650	18
1,98717	17
1,98783	17
1,98850	16
1,98917	16
1,98983	15
1,99050	15
1,99117	14
1,99183	13
1,99250	12
1,99317	11
1,99383	10
1,99450	9
1,99517	8
1,99583	7
1,99650	7
1,99717	6
1,99783	6
1,99850	6
1,99917	5
1,99983	5
2,00050	5
2,00117	4
2,00183	4
2,00250	4
2,00317	4
2,00383	4
2,00450	3
2,00517	3
2,00583	3
2,00650	3
2,00717	3
2,00783	3
2,00850	3
2,00917	2
2,00983	2
2,01050	2
2,01117	1
2,01183	1
2,01250	0
2,01317	0
2,01383	-1
2,01450	-1
2,01517	-1
2,01583	-2
2,01650	-2
2,01717	-2
2,01783	-2
2,01850	-2
2,01917	-2
2,01983	-2
2,02050	-2
2,02117	-1
2,02183	-1
2,02250	-0
2,02317	0
2,02383	0
2,02450	1
2,02517	2
2,02583	2
2,02650	3
2,02717	4
2,02783	5
2,02850	7
2,02917	8
2,02983	9
2,03050	11
2,03117	12
2,03183	13
2,03250	14
2,03317	15
2,03383	16
2,03450	17
2,03517	18
2,03583	18
2,03650	19
2,03717	19
2,03783	19
2,03850	19
2,03917	19
2,03983	19
2,04050	18
2,04117	18
2,04183	18
2,04250	17
2,04317	16
2,04383	15
2,04450	14
2,04517	13
2,04583	12
2,04650	11
2,04717	9
2,04783	8
2,04850	7
2,04917	5
2,04983	4
2,05050	3
2,05117	1
2,05183	0
2,05250	-1
2,05317	-2
2,05383	-3
2,05450	-4
2,05517	-5
2,05583	-6
2,05650	-7
2,05717	-8
2,05783	-8
2,05850	-9
2,05917	-10
2,05983	-11
2,06050	-11
2,06117	-12
2,06183	-12
2,06250	-12
2,06317	-12
2,06383	-13
2,06450	-13
2,06517	-13
2,06583	-14
2,06650	-14
2,06717	-15
2,06783	-15
2,06850	-16
2,06917	-16
2,06983	-16
2,07050	-17
2,07117	-17
2,07183	-18
2,07250	-18
2,07317	-18
2,07383	-19
2,07450	-19
2,07517	-19
2,07583	-19
2,07650	-19
2,07717	-20
2,07783	-20
2,07850	-20
2,07917	-20
2,07983	-21
2,08050	-21
2,08117	-21
2,08183	-21
2,08250	-21
2,08317	-21
2,08383	-21
2,08450	-21
2,08517	-21
2,08583	-21
2,08650	-22
2,08717	-22
2,08783	-22
2,08850	-22
2,08917	-22
2,08983	-22
2,09050	-22
2,09117	-22
2,09183	-23
2,09250	-23
2,09317	-23
2,09383	-23
2,09450	-24
2,09517	-24
2,09583	-24
2,09650	-25
2,09717	-25
2,09783	-25
2,09850	-26
2,09917	-26
2,09983	-26
2,10050	-27
2,10117	-27
2,10183	-27
2,10250	-27
2,10317	-26
2,10383	-26
2,10450	-26
2,10517	-26
2,10583	-26
2,10650	-26
2,10717	-26
2,10783	-26
2,10850	-26
2,10917	-26
2,10983	-26
2,11050	-26
2,11117	-26
2,11183	-26
2,11250	-26
2,11317	-26
2,11383	-26
2,11450	-26
2,11517	-26
2,11583	-26
2,11650	-25
2,11717	-25
2,11783	-25
2,11850	-25
2,11917	-25
2,11983	-25
2,12050	-25
2,12117	-25
2,12183	-25
2,12250	-25
2,12317	-25
2,12383	-25
2,12450	-26
2,12517	-26
2,12583	-26
2,12650	-26
2,12717	-26
2,12783	-25
2,12850	-25
2,12917	-25
2,12983	-25
2,13050	-26
2,13117	-26
2,13183	-26
2,13250	-26
2,13317	-27
2,13383	-27
2,13450	-27
2,13517	-27
2,13583	-27
2,13650	-27
2,13717	-27
2,13783	-27
2,13850	-28
2,13917	-28
2,13983	-28
2,14050	-28
2,14117	-28
2,14183	-28
2,14250	-28
2,14317	-28
2,14383	-28
2,14450	-29
2,14517	-29
2,14583	-29
2,14650	-29
2,14717	-29
2,14783	-29
2,14850	-29
2,14917	-29
2,14983	-29
2,15050	-29
2,15117	-29
2,15183	-29
2,15250	-29
2,15317	-29
2,15383	-29
2,15450	-29
2,15517	-29
2,15583	-29
2,15650	-28
2,15717	-28
2,15783	-28
2,15850	-27
2,15917	-27
2,15983	-27
2,16050	-26
2,16117	-26
2,16183	-26
2,16250	-26
2,16317	-26
2,16383	-26
2,16450	-26
2,16517	-26
2,16583	-26
2,16650	-27
2,16717	-27
2,16783	-27
2,16850	-27
2,16917	-27
2,16983	-27
2,17050	-27
2,17117	-27
2,17183	-27
2,17250	-27
2,17317	-27
2,17383	-27
2,17450	-27
2,17517	-28
2,17583	-28
2,17650	-28
2,17717	-28
2,17783	-27
2,17850	-27
2,17917	-27
2,17983	-26
2,18050	-26
2,18117	-26
2,18183	-26
2,18250	-26
2,18317	-26
2,18383	-26
2,18450	-26
2,18517	-26
2,18583	-26
2,18650	-27
2,18717	-27
2,18783	-28
2,18850	-29
2,18917	-29
2,18983	-30
2,19050	-30
2,19117	-31
2,19183	-31
2,19250	-31
2,19317	-31
2,19383	-32
2,19450	-32
2,19517	-32
2,19583	-32
2,19650	-32
2,19717	-32
2,19783	-32
2,19850	-32
2,19917	-32
2,19983	-32
2,20050	-32
2,20117	-32
2,20183	-32
2,20250	-32
2,20317	-32
2,20383	-32
2,20450	-32
2,20517	-32
2,20583	-32
2,20650	-32
2,20717	-32
2,20783	-32
2,20850	-33
2,20917	-33
2,20983	-33
2,21050	-33
2,21117	-33
2,21183	-33
2,21250	-33
2,21317	-33
2,21383	-33
2,21450	-32
2,21517	-32
2,21583	-32
2,21650	-32
2,21717	-32
2,21783	-31
2,21850	-31
2,21917	-31
2,21983	-31
2,22050	-30
2,22117	-30
2,22183	-30
2,22250	-30
2,22317	-30
2,22383	-30
2,22450	-30
2,22517	-30
2,22583	-30
2,22650	-31
2,22717	-31
2,22783	-32
2,22850	-32
2,22917	-32
2,22983	-33
2,23050	-33
2,23117	-33
2,23183	-33
2,23250	-33
2,23317	-33
2,23383	-33
2,23450	-33
2,23517	-33
2,23583	-33
2,23650	-33
2,23717	-33
2,23783	-33
2,23850	-33
2,23917	-33
2,23983	-33
2,24050	-33
2,24117	-33
2,24183	-33
2,24250	-32
2,24317	-32
2,24383	-32
2,24450	-32
2,24517	-31
2,24583	-31
2,24650	-31
2,24717	-31
2,24783	-30
2,24850	-30
2,24917	-30
2,24983	-30
2,25050	-30
2,25117	-30
2,25183	-30
2,25250	-30
2,25317	-29
2,25383	-29
2,25450	-29
2,25517	-29
2,25583	-29
2,25650	-29
2,25717	-29
2,25783	-29
2,25850	-29
2,25917	-29
2,25983	-28
2,26050	-28
2,26117	-28
2,26183	-27
2,26250	-27
2,26317	-26
2,26383	-26
2,26450	-26
2,26517	-26
2,26583	-26
2,26650	-25
2,26717	-25
2,26783	-25
2,26850	-25
2,26917	-25
2,26983	-24
2,27050	-24
2,27117	-24
2,27183	-24
2,27250	-24
2,27317	-24
2,27383	-24
2,27450	-24
2,27517	-23
2,27583	-23
2,27650	-23
2,27717	-23
2,27783	-23
2,27850	-23
2,27917	-23
2,27983	-23
2,28050	-23
2,28117	-24
2,28183	-24
2,28250	-24
2,28317	-25
2,28383	-25
2,28450	-25
2,28517	-25
2,28583	-25
2,28650	-25
2,28717	-25
2,28783	-25
2,28850	-25
2,28917	-25
2,28983	-25
2,29050	-26
2,29117	-26
2,29183	-26
2,29250	-26
2,29317	-26
2,29383	-26
2,29450	-26
2,29517	-26
2,29583	-26
2,29650	-26
2,29717	-26
2,29783	-26
2,29850	-26
2,29917	-26
2,29983	-26
2,30050	-26
2,30117	-26
2,30183	-26
2,30250	-26
2,30317	-26
2,30383	-27
2,30450	-27
2,30517	-27
2,30583	-27
2,30650	-27
2,30717	-27
2,30783	-27
2,30850	-27
2,30917	-27
2,30983	-27
2,31050	-26
2,31117	-26
2,31183	-26
2,31250	-26
2,31317	-26
2,31383	-25
2,31450	-25
2,31517	-25
2,31583	-25
2,31650	-25
2,31717	-26
2,31783	-26
2,31850	-26
2,31917	-26
2,31983	-27
2,32050	-27
2,32117	-27
2,32183	-28
2,32250	-28
2,32317	-28
2,32383	-29
2,32450	-29
2,32517	-29
2,32583	-29
2,32650	-29
2,32717	-30
2,32783	-30
2,32850	-30
2,32917	-29
2,32983	-30
2,33050	-30
2,33117	-30
2,33183	-30
2,33250	-30
2,33317	-30
2,33383	-30
2,33450	-30
2,33517	-30
2,33583	-30
2,33650	-30
2,33717	-30
2,33783	-30
2,33850	-30
2,33917	-29
2,33983	-29
2,34050	-29
2,34117	-29
2,34183	-29
2,34250	-29
2,34317	-28
2,34383	-28
2,34450	-28
2,34517	-28
2,34583	-28
2,34650	-28
2,34717	-28
2,34783	-28
2,34850	-27
2,34917	-27
2,34983	-27
2,35050	-27
2,35117	-27
2,35183	-27
2,35250	-27
2,35317	-27
2,35383	-27
2,35450	-27
2,35517	-27
2,35583	-27
2,35650	-27
2,35717	-27
2,35783	-27
2,35850	-27
2,35917	-27
2,35983	-27
2,36050	-26
2,36117	-26
2,36183	-26
2,36250	-26
2,36317	-25
2,36383	-25
2,36450	-25
2,36517	-25
2,36583	-25
2,36650	-25
2,36717	-24
2,36783	-24
2,36850	-24
2,36917	-24
2,36983	-24
2,37050	-24
2,37117	-24
2,37183	-23
2,37250	-23
2,37317	-23
2,37383	-23
2,37450	-24
2,37517	-24
2,37583	-24
2,37650	-24
2,37717	-24
2,37783	-24
2,37850	-24
2,37917	-24
2,37983	-24
2,38050	-24
2,38117	-24
2,38183	-24
2,38250	-24
2,38317	-24
2,38383	-24
2,38450	-24
2,38517	-24
2,38583	-24
2,38650	-24
2,38717	-24
2,38783	-25
2,38850	-25
2,38917	-25
2,38983	-25
2,39050	-24
2,39117	-24
2,39183	-24
2,39250	-24
2,39317	-24
2,39383	-24
2,39450	-24
2,39517	-24
2,39583	-24
2,39650	-24
2,39717	-24
2,39783	-25
2,39850	-25
2,39917	-26
2,39983	-26
2,40050	-26
2,40117	-27
2,40183	-27
2,40250	-28
2,40317	-28
2,40383	-28
2,40450	-28
2,40517	-28
2,40583	-28
2,40650	-28
2,40717	-28
2,40783	-28
2,40850	-28
2,40917	-29
2,40983	-29
2,41050	-29
2,41117	-29
2,41183	-29
2,41250	-29
2,41317	-29
2,41383	-29
2,41450	-29
2,41517	-29
2,41583	-29
2,41650	-29
2,41717	-29
2,41783	-29
2,41850	-29
2,41917	-30
2,41983	-30
2,42050	-30
2,42117	-30
2,42183	-30
2,42250	-30
2,42317	-30
2,42383	-30
2,42450	-30
2,42517	-30
2,42583	-30
2,42650	-30
2,42717	-30
2,42783	-29
2,42850	-29
2,42917	-29
2,42983	-29
2,43050	-29
2,43117	-29
2,43183	-29
2,43250	-29
2,43317	-29
2,43383	-29
2,43450	-29
2,43517	-29
2,43583	-29
2,43650	-28
2,43717	-28
2,43783	-28
2,43850	-28
2,43917	-28
2,43983	-28
2,44050	-28
2,44117	-28
2,44183	-28
2,44250	-28
2,44317	-28
2,44383	-28
2,44450	-28
2,44517	-28
2,44583	-28
2,44650	-28
2,44717	-28
2,44783	-28
2,44850	-28
2,44917	-28
2,44983	-28
2,45050	-28
2,45117	-28
2,45183	-28
2,45250	-28
2,45317	-28
2,45383	-29
2,45450	-29
2,45517	-29
2,45583	-29
2,45650	-29
2,45717	-29
2,45783	-30
2,45850	-30
2,45917	-30
2,45983	-30
2,46050	-30
2,46117	-31
2,46183	-31
2,46250	-31
2,46317	-31
2,46383	-31
2,46450	-30
2,46517	-30
2,46583	-29
2,46650	-29
2,46717	-28
2,46783	-27
2,46850	-27
2,46917	-26
2,46983	-25
2,47050	-25
2,47117	-24
2,47183	-24
2,47250	-23
2,47317	-23
2,47383	-23
2,47450	-22
2,47517	-22
2,47583	-21
2,47650	-21
2,47717	-21
2,47783	-20
2,47850	-20
2,47917	-20
2,47983	-20
2,48050	-20
2,48117	-19
2,48183	-19
2,48250	-19
2,48317	-20
2,48383	-20
2,48450	-20
2,48517	-20
2,48583	-20
2,48650	-20
2,48717	-20
2,48783	-20
2,48850	-20
2,48917	-20
2,48983	-19
2,49050	-19
2,49117	-19
2,49183	-19
2,49250	-18
2,49317	-18
2,49383	-18
2,49450	-18
2,49517	-18
2,49583	-18
2,49650	-19
2,49717	-19
2,49783	-19
2,49850	-19
2,49917	-20
2,49983	-20
2,50050	-20
2,50117	-20
2,50183	-20
2,50250	-20
2,50317	-21
2,50383	-20
2,50450	-20
2,50517	-20
2,50583	-19
2,50650	-18
2,50717	-17
2,50783	-15
2,50850	-11
2,50917	-7
2,50983	-1
2,51050	7
2,51117	18
2,51183	31
2,51250	48
2,51317	69
2,51383	95
2,51450	127
2,51517	165
2,51583	211
2,51650	265
2,51717	327
2,51783	399
2,51850	480
2,51917	571
2,51983	671
2,52050	779
2,52117	894
2,52183	1016
2,52250	1142
2,52317	1272
2,52383	1404
2,52450	1535
2,52517	1664
2,52583	1789
2,52650	1907
2,52717	2017
2,52783	2116
2,52850	2204
2,52917	2280
2,52983	2342
2,53050	2390
2,53117	2424
2,53183	2444
2,53250	2449
2,53317	2441
2,53383	2420
2,53450	2387
2,53517	2344
2,53583	2290
2,53650	2229
2,53717	2160
2,53783	2085
2,53850	2005
2,53917	1922
2,53983	1836
2,54050	1749
2,54117	1661
2,54183	1573
2,54250	1486
2,54317	1400
2,54383	1316
2,54450	1235
2,54517	1156
2,54583	1080
2,54650	1008
2,54717	938
2,54783	872
2,54850	810
2,54917	751
2,54983	695
2,55050	642
2,55117	593
2,55183	547
2,55250	503
2,55317	463
2,55383	425
2,55450	390
2,55517	358
2,55583	328
2,55650	300
2,55717	274
2,55783	250
2,55850	228
2,55917	207
2,55983	188
2,56050	170
2,56117	154
2,56183	140
2,56250	126
2,56317	114
2,56383	103
2,56450	92
2,56517	83
2,56583	74
2,56650	66
2,56717	59
2,56783	53
2,56850	47
2,56917	41
2,56983	37
2,57050	32
2,57117	28
2,57183	24
2,57250	21
2,57317	18
2,57383	15
2,57450	12
2,57517	10
2,57583	8
2,57650	6
2,57717	4
2,57783	2
2,57850	1
2,57917	-1
2,57983	-2
2,58050	-3
2,58117	-4
2,58183	-5
2,58250	-6
2,58317	-7
2,58383	-8
2,58450	-9
2,58517	-10
2,58583	-10
2,58650	-11
2,58717	-11
2,58783	-11
2,58850	-12
2,58917	-12
2,58983	-12
2,59050	-12
2,59117	-12
2,59183	-12
2,59250	-12
2,59317	-12
2,59383	-11
2,59450	-11
2,59517	-10
2,59583	-10
2,59650	-9
2,59717	-9
2,59783	-8
2,59850	-8
2,59917	-7
2,59983	-7
2,60050	-6
2,60117	-5
2,60183	-4
2,60250	-3
2,60317	-2
2,60383	-1
2,60450	0
2,60517	1
2,60583	3
2,60650	4
2,60717	5
2,60783	6
2,60850	8
2,60917	9
2,60983	11
2,61050	12
2,61117	14
2,61183	15
2,61250	16
2,61317	17
2,61383	19
2,61450	20
2,61517	22
2,61583	23
2,61650	25
2,61717	26
2,61783	28
2,61850	29
2,61917	31
2,61983	32
2,62050	33
2,62117	34
2,62183	35
2,62250	36
2,62317	37
2,62383	37
2,62450	38
2,62517	39
2,62583	39
2,62650	40
2,62717	40
2,62783	41
2,62850	41
2,62917	42
2,62983	42
2,63050	42
2,63117	43
2,63183	43
2,63250	43
2,63317	43
2,63383	43
2,63450	43
2,63517	42
2,63583	42
2,63650	42
2,63717	42
2,63783	42
2,63850	42
2,63917	42
2,63983	42
2,64050	42
2,64117	41
2,64183	40
2,64250	40
2,64317	39
2,64383	39
2,64450	38
2,64517	38
2,64583	38
2,64650	37
2,64717	36
2,64783	36
2,64850	35
2,64917	35
2,64983	34
2,65050	33
2,65117	32
2,65183	32
2,65250	31
2,65317	30
2,65383	29
2,65450	28
2,65517	28
2,65583	27
2,65650	26
2,65717	26
2,65783	25
2,65850	25
2,65917	24
2,65983	23
2,66050	23
2,66117	22
2,66183	22
2,66250	22
2,66317	21
2,66383	21
2,66450	20
2,66517	20
2,66583	20
2,66650	20
2,66717	20
2,66783	20
2,66850	20
2,66917	21
2,66983	21
2,67050	20
2,67117	20
2,67183	21
2,67250	21
2,67317	21
2,67383	22
2,67450	22
2,67517	22
2,67583	22
2,67650	23
2,67717	23
2,67783	23
2,67850	23
2,67917	23
2,67983	23
2,68050	23
2,68117	24
2,68183	24
2,68250	24
2,68317	24
2,68383	24
2,68450	23
2,68517	23
2,68583	23
2,68650	23
2,68717	23
2,68783	23
2,68850	23
2,68917	23
2,68983	23
2,69050	23
2,69117	23
2,69183	22
2,69250	22
2,69317	22
2,69383	22
2,69450	22
2,69517	21
2,69583	21
2,69650	20
2,69717	20
2,69783	19
2,69850	19
2,69917	18
2,69983	18
2,70050	18
2,70117	17
2,70183	17
2,70250	17
2,70317	16
2,70383	16
2,70450	16
2,70517	16
2,70583	16
2,70650	15
2,70717	15
2,70783	14
2,70850	14
2,70917	13
2,70983	13
2,71050	12
2,71117	12
2,71183	11
2,71250	11
2,71317	10
2,71383	10
2,71450	10
2,71517	9
2,71583	9
2,71650	8
2,71717	8
2,71783	8
2,71850	8
2,71917	7
2,71983	7
2,72050	6
2,72117	6
2,72183	6
2,72250	6
2,72317	5
2,72383	5
2,72450	5
2,72517	5
2,72583	4
2,72650	4
2,72717	4
2,72783	3
2,72850	3
2,72917	3
2,72983	2
2,73050	2
2,73117	1
2,73183	1
2,73250	1
2,73317	1
2,73383	0
2,73450	0
2,73517	-0
2,73583	-1
2,73650	-1
2,73717	-1
2,73783	-2
2,73850	-2
2,73917	-2
2,73983	-3
2,74050	-3
2,74117	-3
2,74183	-3
2,74250	-4
2,74317	-4
2,74383	-4
2,74450	-4
2,74517	-4
2,74583	-3
2,74650	-3
2,74717	-3
2,74783	-3
2,74850	-3
2,74917	-3
2,74983	-3
2,75050	-3
2,75117	-3
2,75183	-3
2,75250	-3
2,75317	-3
2,75383	-3
2,75450	-3
2,75517	-3
2,75583	-3
2,75650	-4
2,75717	-4
2,75783	-4
2,75850	-5
2,75917	-5
2,75983	-5
2,76050	-6
2,76117	-6
2,76183	-7
2,76250	-7
2,76317	-7
2,76383	-8
2,76450	-8
2,76517	-8
2,76583	-9
2,76650	-9
2,76717	-9
2,76783	-9
2,76850	-9
2,76917	-9
2,76983	-9
2,77050	-9
2,77117	-9
2,77183	-9
2,77250	-8
2,77317	-8
2,77383	-8
2,77450	-7
2,77517	-7
2,77583	-7
2,77650	-7
2,77717	-7
2,77783	-7
2,77850	-7
2,77917	-7
2,77983	-7
2,78050	-7
2,78117	-7
2,78183	-8
2,78250	-8
2,78317	-8
2,78383	-9
2,78450	-9
2,78517	-9
2,78583	-10
2,78650	-10
2,78717	-10
2,78783	-10
2,78850	-10
2,78917	-10
2,78983	-10
2,79050	-10
2,79117	-10
2,79183	-10
2,79250	-10
2,79317	-10
2,79383	-10
2,79450	-10
2,79517	-10
2,79583	-10
2,79650	-10
2,79717	-10
2,79783	-10
2,79850	-10
2,79917	-11
2,79983	-11
2,80050	-11
2,80117	-11
2,80183	-11
2,80250	-11
2,80317	-11
2,80383	-12
2,80450	-12
2,80517	-12
2,80583	-12
2,80650	-12
2,80717	-12
2,80783	-12
2,80850	-12
2,80917	-12
2,80983	-11
2,81050	-11
2,81117	-11
2,81183	-11
2,81250	-11
2,81317	-10
2,81383	-10
2,81450	-10
2,81517	-9
2,81583	-9
2,81650	-9
2,81717	-9
2,81783	-8
2,81850	-8
2,81917	-8
2,81983	-7
2,82050	-7
2,82117	-6
2,82183	-5
2,82250	-5
2,82317	-4
2,82383	-4
2,82450	-3
2,82517	-3
2,82583	-3
2,82650	-3
2,82717	-3
2,82783	-2
2,82850	-2
2,82917	-2
2,82983	-2
2,83050	-2
2,83117	-2
2,83183	-2
2,83250	-2
2,83317	-2
2,83383	-2
2,83450	-2
2,83517	-3
2,83583	-3
2,83650	-3
2,83717	-3
2,83783	-4
2,83850	-4
2,83917	-5
2,83983	-5
2,84050	-6
2,84117	-6
2,84183	-7
2,84250	-7
2,84317	-8
2,84383	-8
2,84450	-9
2,84517	-9
2,84583	-9
2,84650	-9
2,84717	-10
2,84783	-10
2,84850	-10
2,84917	-10
2,84983	-10
2,85050	-10
2,85117	-11
2,85183	-11
2,85250	-11
2,85317	-11
2,85383	-11
2,85450	-12
2,85517	-12
2,85583	-12
2,85650	-12
2,85717	-13
2,85783	-13
2,85850	-13
2,85917	-14
2,85983	-14
2,86050	-14
2,86117	-13
2,86183	-13
2,86250	-13
2,86317	-13
2,86383	-13
2,86450	-13
2,86517	-13
2,86583	-13
2,86650	-13
2,86717	-13
2,86783	-12
2,86850	-13
2,86917	-13
2,86983	-13
2,87050	-13
2,87117	-12
2,87183	-12
2,87250	-12
2,87317	-12
2,87383	-11
2,87450	-11
2,87517	-10
2,87583	-9
2,87650	-9
2,87717	-8
2,87783	-8
2,87850	-7
2,87917	-7
2,87983	-6
2,88050	-6
2,88117	-6
2,88183	-5
2,88250	-5
2,88317	-4
2,88383	-4
2,88450	-4
2,88517	-3
2,88583	-3
2,88650	-3
2,88717	-2
2,88783	-2
2,88850	-2
2,88917	-2
2,88983	-2
2,89050	-2
2,89117	-2
2,89183	-1
2,89250	-1
2,89317	-1
2,89383	-1
2,89450	-1
2,89517	-1
2,89583	-1
2,89650	-2
2,89717	-2
2,89783	-2
2,89850	-3
2,89917	-3
2,89983	-3
2,90050	-3
2,90117	-4
2,90183	-4
2,90250	-4
2,90317	-4
2,90383	-4
2,90450	-4
2,90517	-4
2,90583	-4
2,90650	-5
2,90717	-5
2,90783	-5
2,90850	-5
2,90917	-6
2,90983	-6
2,91050	-6
2,91117	-7
2,91183	-7
2,91250	-7
2,91317	-7
2,91383	-7
2,91450	-8
2,91517	-8
2,91583	-8
2,91650	-8
2,91717	-8
2,91783	-8
2,91850	-7
2,91917	-7
2,91983	-7
2,92050	-7
2,92117	-7
2,92183	-7
2,92250	-7
2,92317	-6
2,92383	-6
2,92450	-6
2,92517	-6
2,92583	-5
2,92650	-5
2,92717	-5
2,92783	-4
2,92850	-4
2,92917	-4
2,92983	-4
2,93050	-4
2,93117	-4
2,93183	-4
2,93250	-4
2,93317	-4
2,93383	-5
2,93450	-5
2,93517	-5
2,93583	-5
2,93650	-5
2,93717	-5
2,93783	-5
2,93850	-5
2,93917	-5
2,93983	-5
2,94050	-5
2,94117	-5
2,94183	-6
2,94250	-6
2,94317	-6
2,94383	-6
2,94450	-6
2,94517	-7
2,94583	-7
2,94650	-7
2,94717	-7
2,94783	-7
2,94850	-7
2,94917	-7
2,94983	-7
2,95050	-7
2,95117	-7
2,95183	-7
2,95250	-8
2,95317	-8
2,95383	-8
2,95450	-8
2,95517	-8
2,95583	-9
2,95650	-9
2,95717	-9
2,95783	-9
2,95850	-10
2,95917	-10
2,95983	-10
2,96050	-10
2,96117	-10
2,96183	-10
2,96250	-10
2,96317	-10
2,96383	-10
2,96450	-11
2,96517	-11
2,96583	-11
2,96650	-11
2,96717	-11
2,96783	-11
2,96850	-11
2,96917	-11
2,96983	-11
2,97050	-11
2,97117	-11
2,97183	-11
2,97250	-11
2,97317	-11
2,97383	-11
2,97450	-11
2,97517	-12
2,97583	-12
2,97650	-12
2,97717	-12
2,97783	-12
2,97850	-12
2,97917	-12
2,97983	-12
2,98050	-11
2,98117	-11
2,98183	-11
2,98250	-11
2,98317	-10
2,98383	-10
2,98450	-10
2,98517	-10
2,98583	-10
2,98650	-10
2,98717	-10
2,98783	-9
2,98850	-9
2,98917	-9
2,98983	-9
2,99050	-9
2,99117	-9
2,99183	-9
2,99250	-9
2,99317	-9
2,99383	-9
2,99450	-9
2,99517	-9
2,99583	-9
2,99650	-9
2,99717	-10
2,99783	-10
2,99850	-10
2,99917	-11
2,99983	-11
3,00050	-11
3,00117	-11
3,00183	-11
3,00250	-11
3,00317	-11
3,00383	-11
3,00450	-11
3,00517	-11
3,00583	-11
3,00650	-11
3,00717	-11
3,00783	-11
3,00850	-11
3,00917	-11
3,00983	-11
3,01050	-11
3,01117	-11
3,01183	-11
3,01250	-11
3,01317	-11
3,01383	-11
3,01450	-11
3,01517	-11
3,01583	-11
3,01650	-12
3,01717	-12
3,01783	-12
3,01850	-11
3,01917	-11
3,01983	-11
3,02050	-11
3,02117	-11
3,02183	-11
3,02250	-11
3,02317	-11
3,02383	-11
3,02450	-11
3,02517	-11
3,02583	-11
3,02650	-11
3,02717	-11
3,02783	-11
3,02850	-11
3,02917	-11
3,02983	-11
3,03050	-11
3,03117	-11
3,03183	-12
3,03250	-12
3,03317	-12
3,03383	-12
3,03450	-12
3,03517	-12
3,03583	-12
3,03650	-12
3,03717	-11
3,03783	-11
3,03850	-11
3,03917	-11
3,03983	-11
3,04050	-11
3,04117	-11
3,04183	-10
3,04250	-10
3,04317	-10
3,04383	-10
3,04450	-10
3,04517	-10
3,04583	-10
3,04650	-10
3,04717	-10
3,04783	-10
3,04850	-11
3,04917	-11
3,04983	-11
3,05050	-11
3,05117	-11
3,05183	-11
3,05250	-11
3,05317	-11
3,05383	-11
3,05450	-11
3,05517	-11
3,05583	-10
3,05650	-10
3,05717	-10
3,05783	-9
3,05850	-9
3,05917	-9
3,05983	-9
3,06050	-9
3,06117	-9
3,06183	-9
3,06250	-9
3,06317	-9
3,06383	-9
3,06450	-10
3,06517	-9
3,06583	-9
3,06650	-9
3,06717	-9
3,06783	-9
3,06850	-10
3,06917	-10
3,06983	-10
3,07050	-10
3,07117	-10
3,07183	-10
3,07250	-10
3,07317	-10
3,07383	-9
3,07450	-9
3,07517	-9
3,07583	-8
3,07650	-8
3,07717	-8
3,07783	-8
3,07850	-8
3,07917	-8
3,07983	-8
3,08050	-8
3,08117	-8
3,08183	-8
3,08250	-8
3,08317	-8
3,08383	-8
3,08450	-8
3,08517	-8
3,08583	-8
3,08650	-8
3,08717	-8
3,08783	-8
3,08850	-8
3,08917	-8
3,08983	-8
3,09050	-8
3,09117	-8
3,09183	-8
3,09250	-8
3,09317	-8
3,09383	-9
3,09450	-9
3,09517	-9
3,09583	-10
3,09650	-10
3,09717	-10
3,09783	-10
3,09850	-10
3,09917	-11
3,09983	-11
3,10050	-11
3,10117	-11
3,10183	-10
3,10250	-10
3,10317	-11
3,10383	-11
3,10450	-11
3,10517	-11
3,10583	-11
3,10650	-11
3,10717	-11
3,10783	-11
3,10850	-11
3,10917	-11
3,10983	-11
3,11050	-11
3,11117	-11
3,11183	-11
3,11250	-11
3,11317	-11
3,11383	-11
3,11450	-12
3,11517	-11
3,11583	-11
3,11650	-11
3,11717	-11
3,11783	-11
3,11850	-11
3,11917	-10
3,11983	-10
3,12050	-10
3,12117	-10
3,12183	-10
3,12250	-11
3,12317	-11
3,12383	-11
3,12450	-11
3,12517	-11
3,12583	-12
3,12650	-12
3,12717	-12
3,12783	-12
3,12850	-12
3,12917	-12
3,12983	-12
3,13050	-11
3,13117	-11
3,13183	-11
3,13250	-12
3,13317	-12
3,13383	-12
3,13450	-12
3,13517	-12
3,13583	-12
3,13650	-12
3,13717	-12
3,13783	-12
3,13850	-12
3,13917	-12
3,13983	-12
3,14050	-12
3,14117	-12
3,14183	-12
3,14250	-12
3,14317	-12
3,14383	-12
3,14450	-12
3,14517	-12
3,14583	-13
3,14650	-13
3,14717	-13
3,14783	-13
3,14850	-14
3,14917	-14
3,14983	-14
3,15050	-13
3,15117	-13
3,15183	-13
3,15250	-14
3,15317	-14
3,15383	-14
3,15450	-14
3,15517	-15
3,15583	-15
3,15650	-15
3,15717	-15
3,15783	-15
3,15850	-15
3,15917	-15
3,15983	-15
3,16050	-15
3,16117	-15
3,16183	-16
3,16250	-16
3,16317	-16
3,16383	-16
3,16450	-16
3,16517	-16
3,16583	-16
3,16650	-16
3,16717	-16
3,16783	-17
3,16850	-17
3,16917	-17
3,16983	-17
3,17050	-17
3,17117	-17
3,17183	-17
3,17250	-17
3,17317	-17
3,17383	-17
3,17450	-17
3,17517	-18
3,17583	-18
3,17650	-18
3,17717	-18
3,17783	-18
3,17850	-17
3,17917	-17
3,17983	-18
3,18050	-18
3,18117	-18
3,18183	-18
3,18250	-18
3,18317	-18
3,18383	-18
3,18450	-18
3,18517	-18
3,18583	-18
3,18650	-17
3,18717	-17
3,18783	-17
3,18850	-17
3,18917	-17
3,18983	-17
3,19050	-17
3,19117	-16
3,19183	-16
3,19250	-16
3,19317	-16
3,19383	-16
3,19450	-16
3,19517	-15
3,19583	-15
3,19650	-15
3,19717	-15
3,19783	-15
3,19850	-15
3,19917	-15
3,19983	-15
3,20050	-16
3,20117	-16
3,20183	-16
3,20250	-17
3,20317	-17
3,20383	-17
3,20450	-18
3,20517	-18
3,20583	-18
3,20650	-19
3,20717	-19
3,20783	-19
3,20850	-20
3,20917	-20
3,20983	-20
3,21050	-21
3,21117	-21
3,21183	-21
3,21250	-21
3,21317	-21
3,21383	-21
3,21450	-22
3,21517	-22
3,21583	-22
3,21650	-21
3,21717	-21
3,21783	-21
3,21850	-21
3,21917	-21
3,21983	-21
3,22050	-21
3,22117	-21
3,22183	-21
3,22250	-21
3,22317	-21
3,22383	-20
3,22450	-20
3,22517	-20
3,22583	-20
3,22650	-20
3,22717	-19
3,22783	-19
3,22850	-19
3,22917	-19
3,22983	-19
3,23050	-19
3,23117	-19
3,23183	-19
3,23250	-19
3,23317	-19
3,23383	-19
3,23450	-18
3,23517	-18
3,23583	-18
3,23650	-18
3,23717	-17
3,23783	-17
3,23850	-17
3,23917	-17
3,23983	-17
3,24050	-17
3,24117	-17
3,24183	-17
3,24250	-17
3,24317	-17
3,24383	-17
3,24450	-17
3,24517	-17
3,24583	-17
3,24650	-17
3,24717	-17
3,24783	-17
3,24850	-17
3,24917	-17
3,24983	-17
3,25050	-17
3,25117	-17
3,25183	-17
3,25250	-17
3,25317	-17
3,25383	-17
3,25450	-17
3,25517	-17
3,25583	-17
3,25650	-17
3,25717	-17
3,25783	-18
3,25850	-18
3,25917	-18
3,25983	-18
3,26050	-18
3,26117	-18
3,26183	-18
3,26250	-18
3,26317	-19
3,26383	-19
3,26450	-19
3,26517	-20
3,26583	-20
3,26650	-21
3,26717	-21
3,26783	-21
3,26850	-22
3,26917	-22
3,26983	-22
3,27050	-23
3,27117	-23
3,27183	-23
3,27250	-23
3,27317	-23
3,27383	-23
3,27450	-23
3,27517	-23
3,27583	-23
3,27650	-23
3,27717	-23
3,27783	-23
3,27850	-23
3,27917	-22
3,27983	-22
3,28050	-22
3,28117	-22
3,28183	-22
3,28250	-21
3,28317	-21
3,28383	-20
3,28450	-20
3,28517	-20
3,28583	-19
3,28650	-19
3,28717	-18
3,28783	-18
3,28850	-17
3,28917	-17
3,28983	-16
3,29050	-15
3,29117	-15
3,29183	-14
3,29250	-14
3,29317	-13
3,29383	-13
3,29450	-12
3,29517	-12
3,29583	-12
3,29650	-11
3,29717	-11
3,29783	-10
3,29850	-10
3,29917	-10
3,29983	-9
3,30050	-9
3,30117	-9
3,30183	-8
3,30250	-8
3,30317	-8
3,30383	-7
3,30450	-7
3,30517	-7
3,30583	-7
3,30650	-7
3,30717	-7
3,30783	-6
3,30850	-6
3,30917	-6
3,30983	-6
3,31050	-6
3,31117	-6
3,31183	-5
3,31250	-5
3,31317	-5
3,31383	-5
3,31450	-5
3,31517	-5
3,31583	-6
3,31650	-6
3,31717	-6
3,31783	-6
3,31850	-6
3,31917	-5
3,31983	-5
3,32050	-5
3,32117	-5
3,32183	-5
3,32250	-6
3,32317	-6
3,32383	-6
3,32450	-7
3,32517	-7
3,32583	-8
3,32650	-8
3,32717	-8
3,32783	-9
3,32850	-9
3,32917	-9
3,32983	-10
3,33050	-10
3,33117	-10
3,33183	-10
3,33250	-10
3,33317	-11
3,33383	-11
3,33450	-11
3,33517	-11
3,33583	-11
3,33650	-11
3,33717	-11
3,33783	-11
3,33850	-12
3,33917	-12
3,33983	-12
3,34050	-12
3,34117	-12
3,34183	-12
3,34250	-12
3,34317	-12
3,34383	-12
3,34450	-12
3,34517	-12
3,34583	-12
3,34650	-12
3,34717	-12
3,34783	-12
3,34850	-12
3,34917	-11
3,34983	-11
3,35050	-11
3,35117	-10
3,35183	-9
3,35250	-9
3,35317	-8
3,35383	-8
3,35450	-7
3,35517	-7
3,35583	-6
3,35650	-6
3,35717	-6
3,35783	-6
3,35850	-6
3,35917	-6
3,35983	-6
3,36050	-6
3,36117	-6
3,36183	-6
3,36250	-6
3,36317	-5
3,36383	-5
3,36450	-5
3,36517	-5
3,36583	-4
3,36650	-4
3,36717	-4
3,36783	-4
3,36850	-4
3,36917	-3
3,36983	-3
3,37050	-3
3,37117	-3
3,37183	-2
3,37250	-2
3,37317	-2
3,37383	-2
3,37450	-2
3,37517	-2
3,37583	-2
3,37650	-3
3,37717	-3
3,37783	-3
3,37850	-3
3,37917	-4
3,37983	-4
3,38050	-4
3,38117	-4
3,38183	-5
3,38250	-5
3,38317	-5
3,38383	-5
3,38450	-6
3,38517	-6
3,38583	-6
3,38650	-6
3,38717	-6
3,38783	-6
3,38850	-6
3,38917	-6
3,38983	-6
3,39050	-6
3,39117	-6
3,39183	-6
3,39250	-7
3,39317	-7
3,39383	-7
3,39450	-8
3,39517	-8
3,39583	-8
3,39650	-8
3,39717	-8
3,39783	-8
3,39850	-8
3,39917	-8
3,39983	-8
3,40050	-8
3,40117	-8
3,40183	-9
3,40250	-9
3,40317	-9
3,40383	-9
3,40450	-9
3,40517	-8
3,40583	-8
3,40650	-8
3,40717	-8
3,40783	-8
3,40850	-8
3,40917	-8
3,40983	-9
3,41050	-9
3,41117	-9
3,41183	-9
3,41250	-9
3,41317	-9
3,41383	-9
3,41450	-9
3,41517	-9
3,41583	-9
3,41650	-9
3,41717	-9
3,41783	-9
3,41850	-8
3,41917	-8
3,41983	-8
3,42050	-8
3,42117	-8
3,42183	-8
3,42250	-8
3,42317	-9
3,42383	-9
3,42450	-9
3,42517	-9
3,42583	-9
3,42650	-9
3,42717	-10
3,42783	-10
3,42850	-10
3,42917	-10
3,42983	-10
3,43050	-10
3,43117	-10
3,43183	-10
3,43250	-9
3,43317	-10
3,43383	-10
3,43450	-10
3,43517	-10
3,43583	-10
3,43650	-10
3,43717	-10
3,43783	-10
3,43850	-10
3,43917	-10
3,43983	-10
3,44050	-10
3,44117	-10
3,44183	-11
3,44250	-11
3,44317	-11
3,44383	-11
3,44450	-11
3,44517	-11
3,44583	-11
3,44650	-11
3,44717	-11
3,44783	-11
3,44850	-11
3,44917	-11
3,44983	-11
3,45050	-11
3,45117	-11
3,45183	-11
3,45250	-11
3,45317	-11
3,45383	-10
3,45450	-10
3,45517	-10
3,45583	-10
3,45650	-10
3,45717	-10
3,45783	-10
3,45850	-10
3,45917	-10
3,45983	-10
3,46050	-10
3,46117	-10
3,46183	-10
3,46250	-10
3,46317	-10
3,46383	-10
3,46450	-11
3,46517	-11
3,46583	-12
3,46650	-12
3,46717	-13
3,46783	-13
3,46850	-13
3,46917	-14
3,46983	-14
3,47050	-14
3,47117	-14
3,47183	-14
3,47250	-14
3,47317	-14
3,47383	-14
3,47450	-14
3,47517	-14
3,47583	-13
3,47650	-13
3,47717	-13
3,47783	-13
3,47850	-13
3,47917	-13
3,47983	-12
3,48050	-12
3,48117	-12
3,48183	-12
3,48250	-12
3,48317	-12
3,48383	-12
3,48450	-12
3,48517	-12
3,48583	-13
3,48650	-13
3,48717	-13
3,48783	-13
3,48850	-13
3,48917	-14
3,48983	-14
3,49050	-14
3,49117	-14
3,49183	-14
3,49250	-14
3,49317	-14
3,49383	-14
3,49450	-14
3,49517	-14
3,49583	-14
3,49650	-13
3,49717	-13
3,49783	-13
3,49850	-13
3,49917	-13
3,49983	-12
3,50050	-12
3,50117	-12
3,50183	-12
3,50250	-12
3,50317	-12
3,50383	-12
3,50450	-12
3,50517	-12
3,50583	-13
3,50650	-13
3,50717	-13
3,50783	-13
3,50850	-13
3,50917	-13
3,50983	-13
3,51050	-13
3,51117	-13
3,51183	-14
3,51250	-14
3,51317	-14
3,51383	-14
3,51450	-14
3,51517	-14
3,51583	-15
3,51650	-15
3,51717	-15
3,51783	-15
3,51850	-16
3,51917	-16
3,51983	-16
3,52050	-16
3,52117	-16
3,52183	-16
3,52250	-16
3,52317	-16
3,52383	-16
3,52450	-16
3,52517	-16
3,52583	-16
3,52650	-16
3,52717	-16
3,52783	-16
3,52850	-17
3,52917	-17
3,52983	-17
3,53050	-17
3,53117	-17
3,53183	-17
3,53250	-17
3,53317	-17
3,53383	-17
3,53450	-17
3,53517	-17
3,53583	-17
3,53650	-18
3,53717	-18
3,53783	-18
3,53850	-18
3,53917	-18
3,53983	-18
3,54050	-18
3,54117	-17
3,54183	-17
3,54250	-17
3,54317	-17
3,54383	-17
3,54450	-17
3,54517	-17
3,54583	-17
3,54650	-17
3,54717	-16
3,54783	-16
3,54850	-15
3,54917	-15
3,54983	-14
3,55050	-14
3,55117	-13
3,55183	-13
3,55250	-12
3,55317	-12
3,55383	-11
3,55450	-11
3,55517	-10
3,55583	-10
3,55650	-10
3,55717	-9
3,55783	-9
3,55850	-9
3,55917	-9
3,55983	-9
3,56050	-9
3,56117	-9
3,56183	-9
3,56250	-8
3,56317	-8
3,56383	-8
3,56450	-8
3,56517	-8
3,56583	-8
3,56650	-8
3,56717	-8
3,56783	-8
3,56850	-8
3,56917	-8
3,56983	-8
3,57050	-8
3,57117	-9
3,57183	-9
3,57250	-9
3,57317	-9
3,57383	-9
3,57450	-9
3,57517	-9
3,57583	-9
3,57650	-10
3,57717	-10
3,57783	-10
3,57850	-10
3,57917	-10
3,57983	-11
3,58050	-11
3,58117	-11
3,58183	-11
3,58250	-11
3,58317	-12
3,58383	-12
3,58450	-12
3,58517	-12
3,58583	-12
3,58650	-13
3,58717	-13
3,58783	-13
3,58850	-13
3,58917	-13
3,58983	-13
3,59050	-13
3,59117	-13
3,59183	-13
3,59250	-13
3,59317	-14
3,59383	-14
3,59450	-15
3,59517	-15
3,59583	-15
3,59650	-16
3,59717	-16
3,59783	-16
3,59850	-16
3,59917	-16
3,59983	-16
3,60050	-16
3,60117	-15
3,60183	-15
3,60250	-15
3,60317	-15
3,60383	-15
3,60450	-15
3,60517	-15
3,60583	-16
3,60650	-16
3,60717	-16
3,60783	-16
3,60850	-16
3,60917	-16
3,60983	-16
3,61050	-16
3,61117	-16
3,61183	-16
3,61250	-16
3,61317	-16
3,61383	-15
3,61450	-15
3,61517	-15
3,61583	-15
3,61650	-15
3,61717	-14
3,61783	-14
3,61850	-14
3,61917	-13
3,61983	-13
3,62050	-13
3,62117	-13
3,62183	-13
3,62250	-13
3,62317	-14
3,62383	-14
3,62450	-14
3,62517	-14
3,62583	-13
3,62650	-13
3,62717	-13
3,62783	-13
3,62850	-13
3,62917	-13
3,62983	-12
3,63050	-12
3,63117	-12
3,63183	-12
3,63250	-12
3,63317	-12
3,63383	-12
3,63450	-12
3,63517	-12
3,63583	-12
3,63650	-12
3,63717	-12
3,63783	-12
3,63850	-12
3,63917	-12
3,63983	-11
3,64050	-10
3,64117	-10
3,64183	-9
3,64250	-8
3,64317	-7
3,64383	-7
3,64450	-6
3,64517	-5
3,64583	-4
3,64650	-3
3,64717	-2
3,64783	-1
3,64850	1
3,64917	2
3,64983	3
3,65050	4
3,65117	5
3,65183	6
3,65250	7
3,65317	7
3,65383	8
3,65450	8
3,65517	8
3,65583	8
3,65650	9
3,65717	8
3,65783	8
3,65850	8
3,65917	8
3,65983	8
3,66050	7
3,66117	7
3,66183	6
3,66250	6
3,66317	5
3,66383	4
3,66450	4
3,66517	3
3,66583	2
3,66650	1
3,66717	0
3,66783	-1
3,66850	-2
3,66917	-2
3,66983	-3
3,67050	-4
3,67117	-4
3,67183	-5
3,67250	-6
3,67317	-6
3,67383	-7
3,67450	-7
3,67517	-8
3,67583	-8
3,67650	-9
3,67717	-9
3,67783	-10
3,67850	-10
3,67917	-11
3,67983	-11
3,68050	-11
3,68117	-12
3,68183	-12
3,68250	-12
3,68317	-12
3,68383	-13
3,68450	-13
3,68517	-13
3,68583	-13
3,68650	-14
3,68717	-14
3,68783	-14
3,68850	-14
3,68917	-14
3,68983	-14
3,69050	-14
3,69117	-14
3,69183	-13
3,69250	-13
3,69317	-13
3,69383	-13
3,69450	-13
3,69517	-13
3,69583	-13
3,69650	-13
3,69717	-13
3,69783	-13
3,69850	-13
3,69917	-13
3,69983	-13
3,70050	-13
3,70117	-13
3,70183	-13
3,70250	-13
3,70317	-13
3,70383	-13
3,70450	-13
3,70517	-12
3,70583	-12
3,70650	-12
3,70717	-11
3,70783	-11
3,70850	-11
3,70917	-11
3,70983	-11
3,71050	-11
3,71117	-11
3,71183	-11
3,71250	-11
3,71317	-11
3,71383	-11
3,71450	-11
3,71517	-11
3,71583	-11
3,71650	-11
3,71717	-11
3,71783	-11
3,71850	-11
3,71917	-11
3,71983	-11
3,72050	-12
3,72117	-12
3,72183	-12
3,72250	-12
3,72317	-13
3,72383	-13
3,72450	-13
3,72517	-13
3,72583	-14
3,72650	-14
3,72717	-13
3,72783	-13
3,72850	-13
3,72917	-13
3,72983	-13
3,73050	-13
3,73117	-14
3,73183	-14
3,73250	-14
3,73317	-14
3,73383	-14
3,73450	-14
3,73517	-14
3,73583	-13
3,73650	-13
3,73717	-13
3,73783	-12
3,73850	-12
3,73917	-12
3,73983	-12
3,74050	-12
3,74117	-12
3,74183	-11
3,74250	-11
3,74317	-11
3,74383	-11
3,74450	-11
3,74517	-11
3,74583	-10
3,74650	-10
3,74717	-10
3,74783	-10
3,74850	-10
3,74917	-10
3,74983	-10
3,75050	-10
3,75117	-10
3,75183	-10
3,75250	-10
3,75317	-10
3,75383	-10
3,75450	-10
3,75517	-10
3,75583	-10
3,75650	-10
3,75717	-10
3,75783	-10
3,75850	-10
3,75917	-9
3,75983	-9
3,76050	-9
3,76117	-9
3,76183	-9
3,76250	-9
3,76317	-9
3,76383	-9
3,76450	-9
3,76517	-9
3,76583	-9
3,76650	-9
3,76717	-10
3,76783	-10
3,76850	-10
3,76917	-10
3,76983	-10
3,77050	-11
3,77117	-11
3,77183	-11
3,77250	-11
3,77317	-11
3,77383	-11
3,77450	-11
3,77517	-12
3,77583	-12
3,77650	-12
3,77717	-12
3,77783	-12
3,77850	-12
3,77917	-12
3,77983	-12
3,78050	-12
3,78117	-12
3,78183	-12
3,78250	-12
3,78317	-12
3,78383	-12
3,78450	-12
3,78517	-12
3,78583	-12
3,78650	-12
3,78717	-12
3,78783	-11
3,78850	-11
3,78917	-11
3,78983	-11
3,79050	-10
3,79117	-10
3,79183	-11
3,79250	-11
3,79317	-11
3,79383	-11
3,79450	-11
3,79517	-11
3,79583	-11
3,79650	-12
3,79717	-12
3,79783	-12
3,79850	-12
3,79917	-12
3,79983	-12
3,80050	-13
3,80117	-13
3,80183	-13
3,80250	-13
3,80317	-14
3,80383	-14
3,80450	-14
3,80517	-14
3,80583	-14
3,80650	-14
3,80717	-14
3,80783	-14
3,80850	-14
3,80917	-14
3,80983	-13
3,81050	-13
3,81117	-13
3,81183	-13
3,81250	-13
3,81317	-13
3,81383	-13
3,81450	-13
3,81517	-12
3,81583	-12
3,81650	-12
3,81717	-12
3,81783	-12
3,81850	-12
3,81917	-12
3,81983	-12
3,82050	-11
3,82117	-11
3,82183	-11
3,82250	-11
3,82317	-11
3,82383	-11
3,82450	-11
3,82517	-11
3,82583	-11
3,82650	-11
3,82717	-11
3,82783	-12
3,82850	-12
3,82917	-12
3,82983	-12
3,83050	-13
3,83117	-13
3,83183	-13
3,83250	-13
3,83317	-13
3,83383	-13
3,83450	-13
3,83517	-13
3,83583	-13
3,83650	-13
3,83717	-13
3,83783	-13
3,83850	-13
3,83917	-13
3,83983	-13
3,84050	-13
3,84117	-13
3,84183	-13
3,84250	-13
3,84317	-13
3,84383	-13
3,84450	-13
3,84517	-13
3,84583	-13
3,84650	-13
3,84717	-14
3,84783	-14
3,84850	-14
3,84917	-14
3,84983	-14
3,85050	-14
3,85117	-14
3,85183	-14
3,85250	-14
3,85317	-14
3,85383	-14
3,85450	-14
3,85517	-14
3,85583	-14
3,85650	-14
3,85717	-14
3,85783	-14
3,85850	-14
3,85917	-14
3,85983	-14
3,86050	-14
3,86117	-14
3,86183	-14
3,86250	-14
3,86317	-14
3,86383	-14
3,86450	-14
3,86517	-14
3,86583	-14
3,86650	-14
3,86717	-14
3,86783	-14
3,86850	-14
3,86917	-14
3,86983	-14
3,87050	-14
3,87117	-14
3,87183	-14
3,87250	-14
3,87317	-14
3,87383	-13
3,87450	-13
3,87517	-13
3,87583	-13
3,87650	-13
3,87717	-13
3,87783	-13
3,87850	-13
3,87917	-13
3,87983	-13
3,88050	-13
3,88117	-13
3,88183	-13
3,88250	-13
3,88317	-13
3,88383	-13
3,88450	-13
3,88517	-14
3,88583	-14
3,88650	-14
3,88717	-14
3,88783	-14
3,88850	-15
3,88917	-15
3,88983	-15
3,89050	-15
3,89117	-15
3,89183	-15
3,89250	-15
3,89317	-15
3,89383	-14
3,89450	-14
3,89517	-14
3,89583	-14
3,89650	-13
3,89717	-13
3,89783	-13
3,89850	-12
3,89917	-12
3,89983	-11
3,90050	-10
3,90117	-10
3,90183	-9
3,90250	-9
3,90317	-8
3,90383	-8
3,90450	-7
3,90517	-6
3,90583	-6
3,90650	-5
3,90717	-4
3,90783	-4
3,90850	-3
3,90917	-2
3,90983	-1
3,91050	1
3,91117	2
3,91183	4
3,91250	5
3,91317	7
3,91383	8
3,91450	10
3,91517	11
3,91583	13
3,91650	14
3,91717	16
3,91783	17
3,91850	19
3,91917	20
3,91983	22
3,92050	23
3,92117	24
3,92183	25
3,92250	26
3,92317	26
3,92383	27
3,92450	27
3,92517	27
3,92583	27
3,92650	27
3,92717	27
3,92783	27
3,92850	26
3,92917	26
3,92983	26
3,93050	25
3,93117	24
3,93183	23
3,93250	23
3,93317	22
3,93383	21
3,93450	20
3,93517	19
3,93583	18
3,93650	17
3,93717	16
3,93783	15
3,93850	15
3,93917	14
3,93983	14
3,94050	13
3,94117	12
3,94183	12
3,94250	11
3,94317	10
3,94383	9
3,94450	8
3,94517	8
3,94583	7
3,94650	6
3,94717	5
3,94783	5
3,94850	4
3,94917	4
3,94983	3
3,95050	3
3,95117	2
3,95183	2
3,95250	1
3,95317	0
3,95383	-0
3,95450	-1
3,95517	-2
3,95583	-2
3,95650	-3
3,95717	-3
3,95783	-4
3,95850	-4
3,95917	-4
3,95983	-5
3,96050	-5
3,96117	-5
3,96183	-5
3,96250	-5
3,96317	-6
3,96383	-6
3,96450	-6
3,96517	-6
3,96583	-7
3,96650	-7
3,96717	-7
3,96783	-7
3,96850	-7
3,96917	-7
3,96983	-7
3,97050	-7
3,97117	-7
3,97183	-8
3,97250	-8
3,97317	-8
3,97383	-8
3,97450	-9
3,97517	-9
3,97583	-9
3,97650	-9
3,97717	-9
3,97783	-9
3,97850	-9
3,97917	-10
3,97983	-10
3,98050	-10
3,98117	-10
3,98183	-10
3,98250	-10
3,98317	-10
3,98383	-10
3,98450	-11
3,98517	-11
3,98583	-11
3,98650	-10
3,98717	-10
3,98783	-10
3,98850	-10
3,98917	-10
3,98983	-10
3,99050	-10
3,99117	-10
3,99183	-9
3,99250	-9
3,99317	-9
3,99383	-9
3,99450	-10
3,99517	-10
3,99583	-10
3,99650	-11
3,99717	-11
3,99783	-11
3,99850	-11
3,99917	-11
3,99983	-11
4,00050	-12
4,00117	-12
4,00183	-12
4,00250	-12
4,00317	-12
4,00383	-12
4,00450	-12
4,00517	-12
4,00583	-12
4,00650	-12
4,00717	-11
4,00783	-11
4,00850	-12
4,00917	-12
4,00983	-12
4,01050	-12
4,01117	-12
4,01183	-13
4,01250	-13
4,01317	-13
4,01383	-13
4,01450	-13
4,01517	-13
4,01583	-13
4,01650	-13
4,01717	-13
4,01783	-13
4,01850	-13
4,01917	-13
4,01983	-12
4,02050	-12
4,02117	-12
4,02183	-12
4,02250	-11
4,02317	-11
4,02383	-10
4,02450	-10
4,02517	-10
4,02583	-10
4,02650	-10
4,02717	-10
4,02783	-10
4,02850	-10
4,02917	-10
4,02983	-11
4,03050	-11
4,03117	-11
4,03183	-11
4,03250	-11
4,03317	-11
4,03383	-11
4,03450	-11
4,03517	-11
4,03583	-11
4,03650	-11
4,03717	-11
4,03783	-11
4,03850	-12
4,03917	-12
4,03983	-12
4,04050	-12
4,04117	-12
4,04183	-12
4,04250	-13
4,04317	-13
4,04383	-13
4,04450	-13
4,04517	-13
4,04583	-13
4,04650	-13
4,04717	-14
4,04783	-14
4,04850	-14
4,04917	-14
4,04983	-14
4,05050	-14
4,05117	-14
4,05183	-14
4,05250	-14
4,05317	-14
4,05383	-13
4,05450	-13
4,05517	-13
4,05583	-13
4,05650	-13
4,05717	-12
4,05783	-12
4,05850	-12
4,05917	-12
4,05983	-12
4,06050	-12
4,06117	-12
4,06183	-13
4,06250	-13
4,06317	-13
4,06383	-13
4,06450	-13
4,06517	-13
4,06583	-12
4,06650	-12
4,06717	-12
4,06783	-11
4,06850	-11
4,06917	-11
4,06983	-11
4,07050	-11
4,07117	-11
4,07183	-11
4,07250	-10
4,07317	-10
4,07383	-10
4,07450	-10
4,07517	-10
4,07583	-10
4,07650	-10
4,07717	-9
4,07783	-9
4,07850	-9
4,07917	-9
4,07983	-9
4,08050	-9
4,08117	-9
4,08183	-9
4,08250	-9
4,08317	-9
4,08383	-9
4,08450	-9
4,08517	-9
4,08583	-9
4,08650	-9
4,08717	-9
4,08783	-9
4,08850	-9
4,08917	-9
4,08983	-9
4,09050	-9
4,09117	-8
4,09183	-9
4,09250	-9
4,09317	-9
4,09383	-9
4,09450	-10
4,09517	-10
4,09583	-10
4,09650	-10
4,09717	-10
4,09783	-10
4,09850	-10
4,09917	-10
4,09983	-10
4,10050	-10
4,10117	-9
4,10183	-9
4,10250	-9
4,10317	-9
4,10383	-9
4,10450	-9
4,10517	-9
4,10583	-9
4,10650	-9
4,10717	-8
4,10783	-8
4,10850	-8
4,10917	-8
4,10983	-8
4,11050	-8
4,11117	-8
4,11183	-8
4,11250	-8
4,11317	-8
4,11383	-8
4,11450	-8
4,11517	-8
4,11583	-8
4,11650	-8
4,11717	-7
4,11783	-7
4,11850	-7
4,11917	-7
4,11983	-7
4,12050	-7
4,12117	-6
4,12183	-6
4,12250	-6
4,12317	-6
4,12383	-6
4,12450	-6
4,12517	-6
4,12583	-6
4,12650	-6
4,12717	-6
4,12783	-6
4,12850	-6
4,12917	-6
4,12983	-6
4,13050	-6
4,13117	-6
4,13183	-6
4,13250	-6
4,13317	-6
4,13383	-6
4,13450	-6
4,13517	-6
4,13583	-6
4,13650	-6
4,13717	-6
4,13783	-6
4,13850	-6
4,13917	-6
4,13983	-7
4,14050	-7
4,14117	-7
4,14183	-7
4,14250	-7
4,14317	-7
4,14383	-7
4,14450	-7
4,14517	-7
4,14583	-7
4,14650	-7
4,14717	-8
4,14783	-8
4,14850	-8
4,14917	-8
4,14983	-8
4,15050	-9
4,15117	-9
4,15183	-9
4,15250	-9
4,15317	-9
4,15383	-9
4,15450	-9
4,15517	-9
4,15583	-9
4,15650	-9
4,15717	-10
4,15783	-10
4,15850	-10
4,15917	-10
4,15983	-10
4,16050	-10
4,16117	-10
4,16183	-10
4,16250	-10
4,16317	-10
4,16383	-9
4,16450	-9
4,16517	-9
4,16583	-9
4,16650	-9
4,16717	-9
4,16783	-9
4,16850	-9
4,16917	-10
4,16983	-10
4,17050	-10
4,17117	-10
4,17183	-10
4,17250	-10
4,17317	-9
4,17383	-9
4,17450	-9
4,17517	-9
4,17583	-9
4,17650	-9
4,17717	-9
4,17783	-9
4,17850	-9
4,17917	-9
4,17983	-9
4,18050	-8
4,18117	-8
4,18183	-8
4,18250	-8
4,18317	-7
4,18383	-7
4,18450	-7
4,18517	-6
4,18583	-6
4,18650	-6
4,18717	-6
4,18783	-5
4,18850	-5
4,18917	-5
4,18983	-5
4,19050	-5
4,19117	-5
4,19183	-5
4,19250	-6
4,19317	-6
4,19383	-6
4,19450	-6
4,19517	-6
4,19583	-6
4,19650	-6
4,19717	-6
4,19783	-6
4,19850	-6
4,19917	-6
4,19983	-6
4,20050	-6
4,20117	-7
4,20183	-7
4,20250	-7
4,20317	-7
4,20383	-7
4,20450	-7
4,20517	-8
4,20583	-8
4,20650	-8
4,20717	-8
4,20783	-8
4,20850	-8
4,20917	-8
4,20983	-8
4,21050	-8
4,21117	-8
4,21183	-8
4,21250	-8
4,21317	-8
4,21383	-8
4,21450	-8
4,21517	-8
4,21583	-8
4,21650	-8
4,21717	-8
4,21783	-8
4,21850	-7
4,21917	-7
4,21983	-7
4,22050	-7
4,22117	-7
4,22183	-7
4,22250	-7
4,22317	-7
4,22383	-7
4,22450	-7
4,22517	-7
4,22583	-7
4,22650	-7
4,22717	-7
4,22783	-6
4,22850	-6
4,22917	-6
4,22983	-6
4,23050	-6
4,23117	-6
4,23183	-6
4,23250	-6
4,23317	-6
4,23383	-6
4,23450	-7
4,23517	-7
4,23583	-7
4,23650	-7
4,23717	-7
4,23783	-7
4,23850	-7
4,23917	-7
4,23983	-7
4,24050	-7
4,24117	-7
4,24183	-7
4,24250	-7
4,24317	-7
4,24383	-8
4,24450	-8
4,24517	-8
4,24583	-8
4,24650	-8
4,24717	-8
4,24783	-8
4,24850	-7
4,24917	-7
4,24983	-7
4,25050	-7
4,25117	-7
4,25183	-7
4,25250	-7
4,25317	-8
4,25383	-8
4,25450	-8
4,25517	-8
4,25583	-8
4,25650	-8
4,25717	-8
4,25783	-8
4,25850	-8
4,25917	-8
4,25983	-7
4,26050	-7
4,26117	-7
4,26183	-7
4,26250	-7
4,26317	-7
4,26383	-7
4,26450	-7
4,26517	-7
4,26583	-7
4,26650	-7
4,26717	-7
4,26783	-7
4,26850	-7
4,26917	-7
4,26983	-7
4,27050	-7
4,27117	-8
4,27183	-8
4,27250	-8
4,27317	-8
4,27383	-8
4,27450	-8
4,27517	-8
4,27583	-8
4,27650	-8
4,27717	-8
4,27783	-8
4,27850	-8
4,27917	-8
4,27983	-7
4,28050	-7
4,28117	-7
4,28183	-7
4,28250	-7
4,28317	-7
4,28383	-7
4,28450	-7
4,28517	-7
4,28583	-7
4,28650	-7
4,28717	-6
4,28783	-6
4,28850	-6
4,28917	-6
4,28983	-6
4,29050	-6
4,29117	-6
4,29183	-6
4,29250	-6
4,29317	-5
4,29383	-5
4,29450	-5
4,29517	-5
4,29583	-5
4,29650	-6
4,29717	-6
4,29783	-6
4,29850	-6
4,29917	-6
4,29983	-6
4,30050	-6
4,30117	-6
4,30183	-6
4,30250	-6
4,30317	-6
4,30383	-6
4,30450	-6
4,30517	-6
4,30583	-6
4,30650	-6
4,30717	-6
4,30783	-7
4,30850	-7
4,30917	-7
4,30983	-7
4,31050	-7
4,31117	-8
4,31183	-8
4,31250	-8
4,31317	-8
4,31383	-8
4,31450	-8
4,31517	-8
4,31583	-8
4,31650	-8
4,31717	-8
4,31783	-8
4,31850	-8
4,31917	-8
4,31983	-9
4,32050	-9
4,32117	-9
4,32183	-9
4,32250	-9
4,32317	-9
4,32383	-9
4,32450	-9
4,32517	-9
4,32583	-9
4,32650	-9
4,32717	-9
4,32783	-9
4,32850	-9
4,32917	-9
4,32983	-9
4,33050	-9
4,33117	-9
4,33183	-9
4,33250	-9
4,33317	-9
4,33383	-8
4,33450	-8
4,33517	-8
4,33583	-7
4,33650	-7
4,33717	-7
4,33783	-7
4,33850	-7
4,33917	-6
4,33983	-6
4,34050	-6
4,34117	-6
4,34183	-6
4,34250	-6
4,34317	-6
4,34383	-5
4,34450	-5
4,34517	-5
4,34583	-5
4,34650	-5
4,34717	-5
4,34783	-5
4,34850	-5
4,34917	-5
4,34983	-5
4,35050	-5
4,35117	-5
4,35183	-5
4,35250	-4
4,35317	-4
4,35383	-4
4,35450	-4
4,35517	-3
4,35583	-3
4,35650	-3
4,35717	-3
4,35783	-2
4,35850	-2
4,35917	-2
4,35983	-3
4,36050	-3
4,36117	-3
4,36183	-3
4,36250	-4
4,36317	-4
4,36383	-4
4,36450	-4
4,36517	-4
4,36583	-4
4,36650	-4
4,36717	-4
4,36783	-4
4,36850	-4
4,36917	-4
4,36983	-5
4,37050	-5
4,37117	-5
4,37183	-5
4,37250	-6
4,37317	-6
4,37383	-6
4,37450	-6
4,37517	-6
4,37583	-6
4,37650	-6
4,37717	-6
4,37783	-6
4,37850	-7
4,37917	-7
4,37983	-7
4,38050	-7
4,38117	-8
4,38183	-8
4,38250	-8
4,38317	-9
4,38383	-9
4,38450	-10
4,38517	-10
4,38583	-10
4,38650	-10
4,38717	-10
4,38783	-10
4,38850	-10
4,38917	-10
4,38983	-10
4,39050	-10
4,39117	-10
4,39183	-10
4,39250	-10
4,39317	-10
4,39383	-10
4,39450	-10
4,39517	-10
4,39583	-10
4,39650	-10
4,39717	-10
4,39783	-10
4,39850	-10
4,39917	-10
4,39983	-10
4,40050	-10
4,40117	-10
4,40183	-10
4,40250	-10
4,40317	-11
4,40383	-11
4,40450	-11
4,40517	-11
4,40583	-11
4,40650	-11
4,40717	-11
4,40783	-11
4,40850	-11
4,40917	-11
4,40983	-11
4,41050	-11
4,41117	-11
4,41183	-11
4,41250	-11
4,41317	-11
4,41383	-12
4,41450	-12
4,41517	-12
4,41583	-12
4,41650	-12
4,41717	-12
4,41783	-12
4,41850	-12
4,41917	-11
4,41983	-11
4,42050	-11
4,42117	-11
4,42183	-11
4,42250	-11
4,42317	-10
4,42383	-10
4,42450	-10
4,42517	-10
4,42583	-10
4,42650	-9
4,42717	-9
4,42783	-9
4,42850	-9
4,42917	-9
4,42983	-9
4,43050	-8
4,43117	-8
4,43183	-8
4,43250	-7
4,43317	-7
4,43383	-7
4,43450	-7
4,43517	-6
4,43583	-6
4,43650	-6
4,43717	-5
4,43783	-5
4,43850	-5
4,43917	-5
4,43983	-5
4,44050	-5
4,44117	-4
4,44183	-4
4,44250	-4
4,44317	-4
4,44383	-4
4,44450	-4
4,44517	-4
4,44583	-4
4,44650	-5
4,44717	-5
4,44783	-6
4,44850	-6
4,44917	-6
4,44983	-7
4,45050	-7
4,45117	-7
4,45183	-8
4,45250	-8
4,45317	-8
4,45383	-8
4,45450	-8
4,45517	-9
4,45583	-9
4,45650	-9
4,45717	-9
4,45783	-9
4,45850	-9
4,45917	-9
4,45983	-9
4,46050	-8
4,46117	-8
4,46183	-8
4,46250	-8
4,46317	-8
4,46383	-8
4,46450	-8
4,46517	-8
4,46583	-8
4,46650	-8
4,46717	-8
4,46783	-8
4,46850	-9
4,46917	-9
4,46983	-9
4,47050	-9
4,47117	-9
4,47183	-9
4,47250	-9
4,47317	-10
4,47383	-10
4,47450	-10
4,47517	-10
4,47583	-10
4,47650	-10
4,47717	-10
4,47783	-10
4,47850	-10
4,47917	-10
4,47983	-10
4,48050	-10
4,48117	-9
4,48183	-9
4,48250	-9
4,48317	-9
4,48383	-9
4,48450	-9
4,48517	-9
4,48583	-9
4,48650	-9
4,48717	-8
4,48783	-8
4,48850	-8
4,48917	-9
4,48983	-9
4,49050	-9
4,49117	-9
4,49183	-9
4,49250	-8
4,49317	-8
4,49383	-8
4,49450	-7
4,49517	-7
4,49583	-7
4,49650	-7
4,49717	-7
4,49783	-7
4,49850	-7
4,49917	-7
4,49983	-7
4,50050	-8
4,50117	-8
4,50183	-8
4,50250	-8
4,50317	-8
4,50383	-8
4,50450	-8
4,50517	-8
4,50583	-9
4,50650	-9
4,50717	-9
4,50783	-9
4,50850	-9
4,50917	-9
4,50983	-9
4,51050	-10
4,51117	-10
4,51183	-10
4,51250	-10
4,51317	-10
4,51383	-10
4,51450	-10
4,51517	-10
4,51583	-10
4,51650	-10
4,51717	-10
4,51783	-10
4,51850	-10
4,51917	-11
4,51983	-11
4,52050	-11
4,52117	-11
4,52183	-11
4,52250	-11
4,52317	-12
4,52383	-12
4,52450	-12
4,52517	-12
4,52583	-12
4,52650	-12
4,52717	-12
4,52783	-12
4,52850	-12
4,52917	-12
4,52983	-12
4,53050	-12
4,53117	-12
4,53183	-11
4,53250	-11
4,53317	-11
4,53383	-11
4,53450	-10
4,53517	-10
4,53583	-10
4,53650	-9
4,53717	-9
4,53783	-8
4,53850	-8
4,53917	-7
4,53983	-7
4,54050	-7
4,54117	-6
4,54183	-6
4,54250	-6
4,54317	-6
4,54383	-5
4,54450	-5
4,54517	-5
4,54583	-5
4,54650	-4
4,54717	-4
4,54783	-4
4,54850	-4
4,54917	-4
4,54983	-4
4,55050	-4
4,55117	-4
4,55183	-4
4,55250	-5
4,55317	-5
4,55383	-5
4,55450	-5
4,55517	-6
4,55583	-6
4,55650	-6
4,55717	-6
4,55783	-7
4,55850	-7
4,55917	-7
4,55983	-7
4,56050	-7
4,56117	-8
4,56183	-8
4,56250	-8
4,56317	-9
4,56383	-9
4,56450	-9
4,56517	-10
4,56583	-10
4,56650	-10
4,56717	-10
4,56783	-10
4,56850	-10
4,56917	-9
4,56983	-9
4,57050	-9
4,57117	-9
4,57183	-9
4,57250	-9
4,57317	-9
4,57383	-9
4,57450	-9
4,57517	-9
4,57583	-9
4,57650	-9
4,57717	-9
4,57783	-9
4,57850	-9
4,57917	-9
4,57983	-9
4,58050	-9
4,58117	-9
4,58183	-9
4,58250	-9
4,58317	-9
4,58383	-8
4,58450	-8
4,58517	-8
4,58583	-8
4,58650	-8
4,58717	-8
4,58783	-8
4,58850	-8
4,58917	-8
4,58983	-8
4,59050	-8
4,59117	-8
4,59183	-8
4,59250	-8
4,59317	-8
4,59383	-8
4,59450	-8
4,59517	-8
4,59583	-8
4,59650	-8
4,59717	-8
4,59783	-8
4,59850	-8
4,59917	-8
4,59983	-8
4,60050	-8
4,60117	-8
4,60183	-8
4,60250	-8
4,60317	-8
4,60383	-8
4,60450	-8
4,60517	-8
4,60583	-9
4,60650	-9
4,60717	-9
4,60783	-9
4,60850	-9
4,60917	-10
4,60983	-10
4,61050	-10
4,61117	-10
4,61183	-10
4,61250	-9
4,61317	-10
4,61383	-10
4,61450	-10
4,61517	-10
4,61583	-10
4,61650	-10
4,61717	-10
4,61783	-11
4,61850	-11
4,61917	-11
4,61983	-11
4,62050	-12
4,62117	-12
4,62183	-12
4,62250	-12
4,62317	-12
4,62383	-12
4,62450	-12
4,62517	-12
4,62583	-12
4,62650	-12
4,62717	-12
4,62783	-12
4,62850	-12
4,62917	-12
4,62983	-13
4,63050	-13
4,63117	-13
4,63183	-12
4,63250	-12
4,63317	-12
4,63383	-12
4,63450	-12
4,63517	-12
4,63583	-11
4,63650	-11
4,63717	-11
4,63783	-11
4,63850	-11
4,63917	-11
4,63983	-12
4,64050	-12
4,64117	-12
4,64183	-11
4,64250	-11
4,64317	-11
4,64383	-11
4,64450	-11
4,64517	-11
4,64583	-11
4,64650	-11
4,64717	-11
4,64783	-11
4,64850	-11
4,64917	-11
4,64983	-11
4,65050	-10
4,65117	-10
4,65183	-10
4,65250	-10
4,65317	-10
4,65383	-10
4,65450	-10
4,65517	-10
4,65583	-10
4,65650	-10
4,65717	-10
4,65783	-10
4,65850	-10
4,65917	-10
4,65983	-10
4,66050	-9
4,66117	-9
4,66183	-9
4,66250	-8
4,66317	-7
4,66383	-7
4,66450	-6
4,66517	-6
4,66583	-6
4,66650	-5
4,66717	-5
4,66783	-5
4,66850	-5
4,66917	-5
4,66983	-5
4,67050	-5
4,67117	-5
4,67183	-6
4,67250	-6
4,67317	-6
4,67383	-6
4,67450	-7
4,67517	-7
4,67583	-7
4,67650	-8
4,67717	-8
4,67783	-8
4,67850	-8
4,67917	-9
4,67983	-9
4,68050	-9
4,68117	-9
4,68183	-10
4,68250	-10
4,68317	-10
4,68383	-10
4,68450	-10
4,68517	-10
4,68583	-10
4,68650	-10
4,68717	-10
4,68783	-10
4,68850	-10
4,68917	-10
4,68983	-10
4,69050	-10
4,69117	-10
4,69183	-10
4,69250	-11
4,69317	-11
4,69383	-11
4,69450	-11
4,69517	-11
4,69583	-11
4,69650	-11
4,69717	-11
4,69783	-11
4,69850	-11
4,69917	-11
4,69983	-11
4,70050	-11
4,70117	-11
4,70183	-11
4,70250	-10
4,70317	-10
4,70383	-10
4,70450	-11
4,70517	-11
4,70583	-11
4,70650	-11
4,70717	-11
4,70783	-11
4,70850	-11
4,70917	-10
4,70983	-10
4,71050	-10
4,71117	-10
4,71183	-10
4,71250	-10
4,71317	-9
4,71383	-9
4,71450	-9
4,71517	-9
4,71583	-8
4,71650	-8
4,71717	-8
4,71783	-8
4,71850	-7
4,71917	-7
4,71983	-7
4,72050	-7
4,72117	-8
4,72183	-8
4,72250	-8
4,72317	-8
4,72383	-8
4,72450	-8
4,72517	-9
4,72583	-9
4,72650	-9
4,72717	-9
4,72783	-9
4,72850	-9
4,72917	-9
4,72983	-10
4,73050	-10
4,73117	-10
4,73183	-10
4,73250	-11
4,73317	-11
4,73383	-11
4,73450	-11
4,73517	-12
4,73583	-12
4,73650	-12
4,73717	-12
4,73783	-12
4,73850	-11
4,73917	-11
4,73983	-11
4,74050	-10
4,74117	-10
4,74183	-10
4,74250	-10
4,74317	-9
4,74383	-9
4,74450	-9
4,74517	-9
4,74583	-8
4,74650	-8
4,74717	-8
4,74783	-8
4,74850	-8
4,74917	-8
4,74983	-8
4,75050	-8
4,75117	-8
4,75183	-8
4,75250	-8
4,75317	-8
4,75383	-8
4,75450	-9
4,75517	-9
4,75583	-9
4,75650	-9
4,75717	-9
4,75783	-9
4,75850	-9
4,75917	-9
4,75983	-9
4,76050	-8
4,76117	-8
4,76183	-8
4,76250	-8
4,76317	-8
4,76383	-8
4,76450	-7
4,76517	-7
4,76583	-7
4,76650	-7
4,76717	-7
4,76783	-7
4,76850	-7
4,76917	-7
4,76983	-6
4,77050	-6
4,77117	-6
4,77183	-6
4,77250	-6
4,77317	-6
4,77383	-6
4,77450	-6
4,77517	-6
4,77583	-6
4,77650	-6
4,77717	-6
4,77783	-6
4,77850	-6
4,77917	-6
4,77983	-6
4,78050	-6
4,78117	-6
4,78183	-6
4,78250	-6
4,78317	-7
4,78383	-7
4,78450	-6
4,78517	-6
4,78583	-6
4,78650	-6
4,78717	-6
4,78783	-6
4,78850	-6
4,78917	-6
4,78983	-6
4,79050	-6
4,79117	-6
4,79183	-6
4,79250	-6
4,79317	-6
4,79383	-7
4,79450	-7
4,79517	-7
4,79583	-7
4,79650	-8
4,79717	-8
4,79783	-8
4,79850	-8
4,79917	-9
4,79983	-9
4,80050	-9
4,80117	-9
4,80183	-10
4,80250	-10
4,80317	-10
4,80383	-10
4,80450	-10
4,80517	-10
4,80583	-10
4,80650	-10
4,80717	-10
4,80783	-10
4,80850	-10
4,80917	-10
4,80983	-10
4,81050	-10
4,81117	-10
4,81183	-10
4,81250	-10
4,81317	-9
4,81383	-9
4,81450	-9
4,81517	-9
4,81583	-9
4,81650	-9
4,81717	-9
4,81783	-9
4,81850	-9
4,81917	-10
4,81983	-10
4,82050	-10
4,82117	-10
4,82183	-10
4,82250	-9
4,82317	-9
4,82383	-9
4,82450	-9
4,82517	-9
4,82583	-8
4,82650	-8
4,82717	-8
4,82783	-8
4,82850	-8
4,82917	-8
4,82983	-8
4,83050	-8
4,83117	-8
4,83183	-8
4,83250	-9
4,83317	-9
4,83383	-9
4,83450	-9
4,83517	-9
4,83583	-9
4,83650	-9
4,83717	-9
4,83783	-9
4,83850	-9
4,83917	-9
4,83983	-9
4,84050	-9
4,84117	-9
4,84183	-9
4,84250	-9
4,84317	-9
4,84383	-9
4,84450	-9
4,84517	-9
4,84583	-9
4,84650	-10
4,84717	-10
4,84783	-10
4,84850	-10
4,84917	-10
4,84983	-10
4,85050	-10
4,85117	-10
4,85183	-10
4,85250	-10
4,85317	-11
4,85383	-11
4,85450	-11
4,85517	-11
4,85583	-11
4,85650	-11
4,85717	-11
4,85783	-11
4,85850	-11
4,85917	-11
4,85983	-11
4,86050	-11
4,86117	-11
4,86183	-11
4,86250	-10
4,86317	-10
4,86383	-10
4,86450	-10
4,86517	-10
4,86583	-10
4,86650	-10
4,86717	-10
4,86783	-10
4,86850	-9
4,86917	-9
4,86983	-9
4,87050	-9
4,87117	-10
4,87183	-10
4,87250	-10
4,87317	-10
4,87383	-10
4,87450	-10
4,87517	-10
4,87583	-10
4,87650	-10
4,87717	-10
4,87783	-10
4,87850	-10
4,87917	-10
4,87983	-10
4,88050	-10
4,88117	-10
4,88183	-10
4,88250	-10
4,88317	-10
4,88383	-10
4,88450	-10
4,88517	-10
4,88583	-10
4,88650	-10
4,88717	-10
4,88783	-10
4,88850	-10
4,88917	-10
4,88983	-9
4,89050	-9
4,89117	-9
4,89183	-8
4,89250	-8
4,89317	-8
4,89383	-8
4,89450	-8
4,89517	-8
4,89583	-8
4,89650	-7
4,89717	-7
4,89783	-7
4,89850	-7
4,89917	-7
4,89983	-7
4,90050	-7
4,90117	-7
4,90183	-7
4,90250	-7
4,90317	-8
4,90383	-8
4,90450	-8
4,90517	-9
4,90583	-9
4,90650	-9
4,90717	-10
4,90783	-10
4,90850	-10
4,90917	-10
4,90983	-10
4,91050	-10
4,91117	-10
4,91183	-10
4,91250	-11
4,91317	-11
4,91383	-11
4,91450	-11
4,91517	-11
4,91583	-11
4,91650	-11
4,91717	-11
4,91783	-11
4,91850	-11
4,91917	-11
4,91983	-12
4,92050	-12
4,92117	-12
4,92183	-12
4,92250	-12
4,92317	-12
4,92383	-12
4,92450	-12
4,92517	-12
4,92583	-12
4,92650	-12
4,92717	-13
4,92783	-13
4,92850	-13
4,92917	-13
4,92983	-13
4,93050	-13
4,93117	-13
4,93183	-13
4,93250	-13
4,93317	-13
4,93383	-13
4,93450	-13
4,93517	-14
4,93583	-14
4,93650	-14
4,93717	-14
4,93783	-14
4,93850	-14
4,93917	-15
4,93983	-14
4,94050	-14
4,94117	-14
4,94183	-15
4,94250	-15
4,94317	-15
4,94383	-15
4,94450	-15
4,94517	-15
4,94583	-15
4,94650	-15
4,94717	-15
4,94783	-15
4,94850	-15
4,94917	-15
4,94983	-15
4,95050	-14
4,95117	-14
4,95183	-14
4,95250	-14
4,95317	-14
4,95383	-14
4,95450	-14
4,95517	-13
4,95583	-13
4,95650	-13
4,95717	-13
4,95783	-13
4,95850	-13
4,95917	-13
4,95983	-13
4,96050	-13
4,96117	-12
4,96183	-12
4,96250	-11
4,96317	-11
4,96383	-11
4,96450	-10
4,96517	-10
4,96583	-10
4,96650	-10
4,96717	-10
4,96783	-10
4,96850	-10
4,96917	-11
4,96983	-11
4,97050	-11
4,97117	-11
4,97183	-11
4,97250	-11
4,97317	-11
4,97383	-11
4,97450	-11
4,97517	-11
4,97583	-10
4,97650	-10
4,97717	-10
4,97783	-10
4,97850	-10
4,97917	-10
4,97983	-11
4,98050	-11
4,98117	-11
4,98183	-11
4,98250	-11
4,98317	-11
4,98383	-11
4,98450	-11
4,98517	-11
4,98583	-11
4,98650	-11
4,98717	-11
4,98783	-11
4,98850	-12
4,98917	-12
4,98983	-12
4,99050	-12
4,99117	-12
4,99183	-13
4,99250	-13
4,99317	-13
4,99383	-13
4,99450	-14
4,99517	-14
4,99583	-14
4,99650	-14
4,99717	-14
4,99783	-14
4,99850	-14
4,99917	-14
4,99983	-14
5,00050	-14
5,00117	-14
5,00183	-14
5,00250	-14
5,00317	-14
5,00383	-15
5,00450	-15
5,00517	-15
5,00583	-15
5,00650	-15
5,00717	-15
5,00783	-15
5,00850	-14
5,00917	-14
5,00983	-14
5,01050	-14
5,01117	-14
5,01183	-13
5,01250	-13
5,01317	-13
5,01383	-12
5,01450	-12
5,01517	-12
5,01583	-11
5,01650	-11
5,01717	-11
5,01783	-11
5,01850	-10
5,01917	-10
5,01983	-10
5,02050	-10
5,02117	-11
5,02183	-11
5,02250	-11
5,02317	-11
5,02383	-11
5,02450	-12
5,02517	-12
5,02583	-12
5,02650	-12
5,02717	-12
5,02783	-12
5,02850	-11
5,02917	-11
5,02983	-11
5,03050	-11
5,03117	-11
5,03183	-11
5,03250	-11
5,03317	-11
5,03383	-11
5,03450	-11
5,03517	-11
5,03583	-11
5,03650	-11
5,03717	-11
5,03783	-11
5,03850	-10
5,03917	-10
5,03983	-10
5,04050	-11
5,04117	-11
5,04183	-11
5,04250	-11
5,04317	-11
5,04383	-11
5,04450	-12
5,04517	-12
5,04583	-12
5,04650	-12
5,04717	-13
5,04783	-13
5,04850	-13
5,04917	-13
5,04983	-13
5,05050	-14
5,05117	-14
5,05183	-14
5,05250	-14
5,05317	-14
5,05383	-14
5,05450	-15
5,05517	-15
5,05583	-15
5,05650	-15
5,05717	-14
5,05783	-14
5,05850	-14
5,05917	-14
5,05983	-14
5,06050	-14
5,06117	-14
5,06183	-13
5,06250	-13
5,06317	-13
5,06383	-13
5,06450	-13
5,06517	-13
5,06583	-13
5,06650	-13
5,06717	-13
5,06783	-13
5,06850	-13
5,06917	-13
5,06983	-13
5,07050	-13
5,07117	-13
5,07183	-14
5,07250	-14
5,07317	-14
5,07383	-14
5,07450	-14
5,07517	-15
5,07583	-15
5,07650	-15
5,07717	-15
5,07783	-16
5,07850	-16
5,07917	-16
5,07983	-16
5,08050	-16
5,08117	-15
5,08183	-15
5,08250	-15
5,08317	-15
5,08383	-15
5,08450	-14
5,08517	-14
5,08583	-14
5,08650	-14
5,08717	-14
5,08783	-14
5,08850	-14
5,08917	-14
5,08983	-13
5,09050	-13
5,09117	-13
5,09183	-13
5,09250	-12
5,09317	-12
5,09383	-12
5,09450	-12
5,09517	-12
5,09583	-12
5,09650	-12
5,09717	-11
5,09783	-11
5,09850	-11
5,09917	-11
5,09983	-11
5,10050	-11
5,10117	-11
5,10183	-11
5,10250	-11
5,10317	-10
5,10383	-10
5,10450	-10
5,10517	-10
5,10583	-10
5,10650	-10
5,10717	-10
5,10783	-11
5,10850	-11
5,10917	-11
5,10983	-11
5,11050	-12
5,11117	-12
5,11183	-12
5,11250	-12
5,11317	-12
5,11383	-12
5,11450	-12
5,11517	-12
5,11583	-12
5,11650	-12
5,11717	-12
5,11783	-12
5,11850	-13
5,11917	-13
5,11983	-13
5,12050	-13
5,12117	-14
5,12183	-14
5,12250	-14
5,12317	-14
5,12383	-14
5,12450	-14
5,12517	-14
5,12583	-14
5,12650	-14
5,12717	-14
5,12783	-14
5,12850	-14
5,12917	-14
5,12983	-14
5,13050	-14
5,13117	-14
5,13183	-13
5,13250	-13
5,13317	-13
5,13383	-13
5,13450	-13
5,13517	-13
5,13583	-13
5,13650	-13
5,13717	-13
5,13783	-13
5,13850	-13
5,13917	-13
5,13983	-13
5,14050	-14
5,14117	-14
5,14183	-14
5,14250	-14
5,14317	-14
5,14383	-14
5,14450	-14
5,14517	-14
5,14583	-14
5,14650	-14
5,14717	-15
5,14783	-15
5,14850	-15
5,14917	-15
5,14983	-15
5,15050	-15
5,15117	-15
5,15183	-15
5,15250	-15
5,15317	-15
5,15383	-15
5,15450	-15
5,15517	-15
5,15583	-15
5,15650	-15
5,15717	-15
5,15783	-15
5,15850	-15
5,15917	-15
5,15983	-15
5,16050	-15
5,16117	-15
5,16183	-15
5,16250	-15
5,16317	-15
5,16383	-15
5,16450	-15
5,16517	-15
5,16583	-15
5,16650	-15
5,16717	-15
5,16783	-15
5,16850	-15
5,16917	-15
5,16983	-15
5,17050	-15
5,17117	-15
5,17183	-15
5,17250	-15
5,17317	-14
5,17383	-14
5,17450	-14
5,17517	-14
5,17583	-14
5,17650	-14
5,17717	-14
5,17783	-13
5,17850	-13
5,17917	-13
5,17983	-12
5,18050	-12
5,18117	-12
5,18183	-12
5,18250	-12
5,18317	-12
5,18383	-11
5,18450	-11
5,18517	-11
5,18583	-11
5,18650	-10
5,18717	-10
5,18783	-10
5,18850	-10
5,18917	-10
5,18983	-9
5,19050	-9
5,19117	-9
5,19183	-9
5,19250	-8
5,19317	-8
5,19383	-8
5,19450	-8
5,19517	-8
5,19583	-8
5,19650	-7
5,19717	-7
5,19783	-7
5,19850	-7
5,19917	-6
5,19983	-6
5,20050	-6
5,20117	-6
5,20183	-6
5,20250	-6
5,20317	-5
5,20383	-5
5,20450	-5
5,20517	-5
5,20583	-4
5,20650	-4
5,20717	-4
5,20783	-4
5,20850	-4
5,20917	-4
5,20983	-4
5,21050	-4
5,21117	-3
5,21183	-3
5,21250	-3
5,21317	-3
5,21383	-3
5,21450	-3
5,21517	-3
5,21583	-2
5,21650	-2
5,21717	-2
5,21783	-2
5,21850	-2
5,21917	-2
5,21983	-2
5,22050	-2
5,22117	-2
5,22183	-2
5,22250	-2
5,22317	-2
5,22383	-3
5,22450	-3
5,22517	-3
5,22583	-3
5,22650	-3
5,22717	-3
5,22783	-3
5,22850	-3
5,22917	-4
5,22983	-4
5,23050	-4
5,23117	-4
5,23183	-4
5,23250	-4
5,23317	-5
5,23383	-5
5,23450	-5
5,23517	-5
5,23583	-6
5,23650	-6
5,23717	-6
5,23783	-6
5,23850	-6
5,23917	-6
5,23983	-6
5,24050	-6
5,24117	-6
5,24183	-6
5,24250	-6
5,24317	-6
5,24383	-6
5,24450	-6
5,24517	-6
5,24583	-7
5,24650	-7
5,24717	-7
5,24783	-7
5,24850	-7
5,24917	-7
5,24983	-7
5,25050	-7
5,25117	-7
5,25183	-7
5,25250	-6
5,25317	-6
5,25383	-6
5,25450	-6
5,25517	-6
5,25583	-7
5,25650	-7
5,25717	-7
5,25783	-7
5,25850	-7
5,25917	-7
5,25983	-7
5,26050	-6
5,26117	-6
5,26183	-6
5,26250	-6
5,26317	-6
5,26383	-6
5,26450	-6
5,26517	-6
5,26583	-6
5,26650	-6
5,26717	-6
5,26783	-6
5,26850	-6
5,26917	-6
5,26983	-6
5,27050	-6
5,27117	-7
5,27183	-7
5,27250	-7
5,27317	-7
5,27383	-7
5,27450	-6
5,27517	-6
5,27583	-6
5,27650	-6
5,27717	-6
5,27783	-5
5,27850	-5
5,27917	-6
5,27983	-6
5,28050	-6
5,28117	-6
5,28183	-7
5,28250	-7
5,28317	-8
5,28383	-8
5,28450	-8
5,28517	-9
5,28583	-9
5,28650	-9
5,28717	-9
5,28783	-9
5,28850	-9
5,28917	-9
5,28983	-9
5,29050	-9
5,29117	-9
5,29183	-9
5,29250	-9
5,29317	-9
5,29383	-9
5,29450	-9
5,29517	-10
5,29583	-10
5,29650	-10
5,29717	-10
5,29783	-11
5,29850	-11
5,29917	-11
5,29983	-11
5,30050	-12
5,30117	-12
5,30183	-12
5,30250	-12
5,30317	-12
5,30383	-13
5,30450	-13
5,30517	-13
5,30583	-13
5,30650	-13
5,30717	-13
5,30783	-13
5,30850	-13
5,30917	-13
5,30983	-13
5,31050	-13
5,31117	-13
5,31183	-13
5,31250	-13
5,31317	-13
5,31383	-13
5,31450	-13
5,31517	-13
5,31583	-13
5,31650	-13
5,31717	-13
5,31783	-13
5,31850	-13
5,31917	-13
5,31983	-13
5,32050	-13
5,32117	-13
5,32183	-13
5,32250	-13
5,32317	-13
5,32383	-13
5,32450	-13
5,32517	-13
5,32583	-13
5,32650	-13
5,32717	-13
5,32783	-13
5,32850	-13
5,32917	-14
5,32983	-14
5,33050	-14
5,33117	-15
5,33183	-15
5,33250	-15
5,33317	-15
5,33383	-16
5,33450	-16
5,33517	-15
5,33583	-15
5,33650	-15
5,33717	-15
5,33783	-14
5,33850	-14
5,33917	-14
5,33983	-13
5,34050	-13
5,34117	-13
5,34183	-13
5,34250	-12
5,34317	-12
5,34383	-12
5,34450	-12
5,34517	-12
5,34583	-11
5,34650	-11
5,34717	-11
5,34783	-11
5,34850	-11
5,34917	-11
5,34983	-10
5,35050	-10
5,35117	-11
5,35183	-11
5,35250	-11
5,35317	-11
5,35383	-11
5,35450	-11
5,35517	-10
5,35583	-10
5,35650	-10
5,35717	-10
5,35783	-10
5,35850	-10
5,35917	-9
5,35983	-9
5,36050	-8
5,36117	-8
5,36183	-8
5,36250	-8
5,36317	-7
5,36383	-7
5,36450	-7
5,36517	-7
5,36583	-6
5,36650	-6
5,36717	-6
5,36783	-6
5,36850	-5
5,36917	-5
5,36983	-5
5,37050	-5
5,37117	-5
5,37183	-5
5,37250	-5
5,37317	-5
5,37383	-5
5,37450	-5
5,37517	-5
5,37583	-5
5,37650	-5
5,37717	-5
5,37783	-5
5,37850	-4
5,37917	-4
5,37983	-4
5,38050	-3
5,38117	-3
5,38183	-3
5,38250	-2
5,38317	-2
5,38383	-2
5,38450	-2
5,38517	-2
5,38583	-2
5,38650	-2
5,38717	-2
5,38783	-2
5,38850	-1
5,38917	-1
5,38983	-0
5,39050	0
5,39117	1
5,39183	1
5,39250	1
5,39317	1
5,39383	1
5,39450	1
5,39517	1
5,39583	1
5,39650	2
5,39717	2
5,39783	2
5,39850	2
5,39917	2
5,39983	2
5,40050	2
5,40117	2
5,40183	3
5,40250	3
5,40317	3
5,40383	3
5,40450	3
5,40517	4
5,40583	4
5,40650	4
5,40717	4
5,40783	3
5,40850	3
5,40917	3
5,40983	3
5,41050	3
5,41117	3
5,41183	3
5,41250	3
5,41317	3
5,41383	3
5,41450	3
5,41517	3
5,41583	3
5,41650	3
5,41717	3
5,41783	3
5,41850	3
5,41917	3
5,41983	4
5,42050	4
5,42117	4
5,42183	4
5,42250	4
5,42317	4
5,42383	4
5,42450	4
5,42517	4
5,42583	4
5,42650	3
5,42717	3
5,42783	3
5,42850	3
5,42917	3
5,42983	3
5,43050	3
5,43117	3
5,43183	2
5,43250	2
5,43317	2
5,43383	2
5,43450	1
5,43517	1
5,43583	1
5,43650	0
5,43717	0
5,43783	-0
5,43850	-1
5,43917	-1
5,43983	-1
5,44050	-1
5,44117	-2
5,44183	-1
5,44250	-1
5,44317	-1
5,44383	-1
5,44450	-1
5,44517	-0
5,44583	-0
5,44650	-0
5,44717	-0
5,44783	-0
5,44850	-0
5,44917	-0
5,44983	-0
5,45050	-0
5,45117	-0
5,45183	-0
5,45250	-0
5,45317	-0
5,45383	-0
5,45450	-0
5,45517	-0
5,45583	-0
5,45650	0
5,45717	0
5,45783	0
5,45850	0
5,45917	0
5,45983	0
5,46050	0
5,46117	0
5,46183	0
5,46250	1
5,46317	1
5,46383	1
5,46450	1
5,46517	1
5,46583	1
5,46650	1
5,46717	1
5,46783	1
5,46850	1
5,46917	1
5,46983	1
5,47050	1
5,47117	1
5,47183	1
5,47250	1
5,47317	1
5,47383	1
5,47450	1
5,47517	1
5,47583	1
5,47650	1
5,47717	1
5,47783	1
5,47850	2
5,47917	2
5,47983	2
5,48050	1
5,48117	1
5,48183	1
5,48250	1
5,48317	1
5,48383	1
5,48450	1
5,48517	1
5,48583	1
5,48650	1
5,48717	0
5,48783	0
5,48850	0
5,48917	0
5,48983	0
5,49050	-0
5,49117	-0
5,49183	-0
5,49250	-0
5,49317	-0
5,49383	-0
5,49450	-0
5,49517	0
5,49583	0
5,49650	1
5,49717	1
5,49783	2
5,49850	2
5,49917	3
5,49983	5
5,50050	6
5,50117	9
5,50183	11
5,50250	15
5,50317	19
5,50383	24
5,50450	30
5,50517	37
5,50583	46
5,50650	56
5,50717	67
5,50783	80
5,50850	95
5,50917	111
5,50983	128
5,51050	147
5,51117	167
5,51183	189
5,51250	211
5,51317	234
5,51383	258
5,51450	282
5,51517	306
5,51583	330
5,51650	353
5,51717	375
5,51783	396
5,51850	416
5,51917	433
5,51983	449
5,52050	462
5,52117	473
5,52183	481
5,52250	486
5,52317	489
5,52383	489
5,52450	487
5,52517	482
5,52583	476
5,52650	468
5,52717	458
5,52783	446
5,52850	434
5,52917	420
5,52983	406
5,53050	390
5,53117	375
5,53183	358
5,53250	342
5,53317	325
5,53383	309
5,53450	292
5,53517	276
5,53583	260
5,53650	245
5,53717	230
5,53783	215
5,53850	201
5,53917	187
5,53983	174
5,54050	162
5,54117	150
5,54183	139
5,54250	128
5,54317	118
5,54383	109
5,54450	100
5,54517	91
5,54583	84
5,54650	76
5,54717	70
5,54783	63
5,54850	57
5,54917	52
5,54983	47
5,55050	42
5,55117	38
5,55183	34
5,55250	31
5,55317	28
5,55383	25
5,55450	22
5,55517	20
5,55583	17
5,55650	15
5,55717	13
5,55783	12
5,55850	10
5,55917	8
5,55983	7
5,56050	6
5,56117	5
5,56183	4
5,56250	3
5,56317	2
5,56383	1
5,56450	0
5,56517	-0
5,56583	-1
5,56650	-1
5,56717	-1
5,56783	-2
5,56850	-2
5,56917	-2
5,56983	-2
5,57050	-2
5,57117	-2
5,57183	-2
5,57250	-2
5,57317	-2
5,57383	-2
5,57450	-2
5,57517	-2
5,57583	-3
5,57650	-3
5,57717	-3
5,57783	-4
5,57850	-4
5,57917	-4
5,57983	-4
5,58050	-4
5,58117	-4
5,58183	-4
5,58250	-3
5,58317	-4
5,58383	-4
5,58450	-4
5,58517	-4
5,58583	-4
5,58650	-4
5,58717	-4
5,58783	-5
5,58850	-5
5,58917	-5
5,58983	-6
5,59050	-6
5,59117	-6
5,59183	-6
5,59250	-6
5,59317	-6
5,59383	-7
5,59450	-7
5,59517	-7
5,59583	-7
5,59650	-8
5,59717	-8
5,59783	-8
5,59850	-9
5,59917	-9
5,59983	-9
5,60050	-10
5,60117	-10
5,60183	-10
5,60250	-10
5,60317	-10
5,60383	-10
5,60450	-10
5,60517	-10
5,60583	-10
5,60650	-10
5,60717	-10
5,60783	-10
5,60850	-10
5,60917	-10
5,60983	-10
5,61050	-10
5,61117	-10
5,61183	-10
5,61250	-10
5,61317	-10
5,61383	-10
5,61450	-10
5,61517	-9
5,61583	-9
5,61650	-9
5,61717	-9
5,61783	-9
5,61850	-9
5,61917	-9
5,61983	-9
5,62050	-9
5,62117	-9
5,62183	-9
5,62250	-9
5,62317	-9
5,62383	-9
5,62450	-9
5,62517	-9
5,62583	-9
5,62650	-9
5,62717	-9
5,62783	-9
5,62850	-8
5,62917	-8
5,62983	-8
5,63050	-8
5,63117	-8
5,63183	-8
5,63250	-8
5,63317	-8
5,63383	-8
5,63450	-8
5,63517	-9
5,63583	-9
5,63650	-9
5,63717	-9
5,63783	-10
5,63850	-10
5,63917	-10
5,63983	-10
5,64050	-10
5,64117	-11
5,64183	-11
5,64250	-11
5,64317	-11
5,64383	-11
5,64450	-11
5,64517	-11
5,64583	-11
5,64650	-10
5,64717	-10
5,64783	-10
5,64850	-10
5,64917	-10
5,64983	-10
5,65050	-9
5,65117	-9
5,65183	-9
5,65250	-9
5,65317	-9
5,65383	-9
5,65450	-9
5,65517	-9
5,65583	-9
5,65650	-9
5,65717	-9
5,65783	-9
5,65850	-9
5,65917	-9
5,65983	-9
5,66050	-9
5,66117	-9
5,66183	-10
5,66250	-10
5,66317	-11
5,66383	-11
5,66450	-12
5,66517	-12
5,66583	-12
5,66650	-12
5,66717	-12
5,66783	-12
5,66850	-12
5,66917	-11
5,66983	-11
5,67050	-11
5,67117	-11
5,67183	-11
5,67250	-11
5,67317	-11
5,67383	-10
5,67450	-10
5,67517	-10
5,67583	-10
5,67650	-10
5,67717	-10
5,67783	-11
5,67850	-11
5,67917	-11
5,67983	-11
5,68050	-12
5,68117	-12
5,68183	-12
5,68250	-11
5,68317	-11
5,68383	-11
5,68450	-11
5,68517	-11
5,68583	-11
5,68650	-11
5,68717	-11
5,68783	-11
5,68850	-11
5,68917	-11
5,68983	-11
5,69050	-11
5,69117	-11
5,69183	-11
5,69250	-11
5,69317	-11
5,69383	-11
5,69450	-11
5,69517	-11
5,69583	-12
5,69650	-12
5,69717	-12
5,69783	-12
5,69850	-12
5,69917	-12
5,69983	-13
5,70050	-13
5,70117	-13
5,70183	-13
5,70250	-13
5,70317	-13
5,70383	-13
5,70450	-13
5,70517	-13
5,70583	-13
5,70650	-14
5,70717	-14
5,70783	-14
5,70850	-13
5,70917	-13
5,70983	-13
5,71050	-13
5,71117	-13
5,71183	-12
5,71250	-12
5,71317	-12
5,71383	-11
5,71450	-11
5,71517	-11
5,71583	-11
5,71650	-11
5,71717	-11
5,71783	-11
5,71850	-11
5,71917	-11
5,71983	-11
5,72050	-11
5,72117	-11
5,72183	-11
5,72250	-11
5,72317	-11
5,72383	-11
5,72450	-11
5,72517	-11
5,72583	-11
5,72650	-12
5,72717	-12
5,72783	-12
5,72850	-12
5,72917	-12
5,72983	-12
5,73050	-12
5,73117	-13
5,73183	-13
5,73250	-13
5,73317	-13
5,73383	-13
5,73450	-13
5,73517	-13
5,73583	-13
5,73650	-13
5,73717	-13
5,73783	-13
5,73850	-13
5,73917	-13
5,73983	-13
5,74050	-13
5,74117	-13
5,74183	-13
5,74250	-13
5,74317	-13
5,74383	-12
5,74450	-12
5,74517	-12
5,74583	-12
5,74650	-12
5,74717	-12
5,74783	-13
5,74850	-13
5,74917	-13
5,74983	-13
5,75050	-13
5,75117	-13
5,75183	-13
5,75250	-14
5,75317	-14
5,75383	-14
5,75450	-14
5,75517	-14
5,75583	-14
5,75650	-14
5,75717	-14
5,75783	-13
5,75850	-13
5,75917	-13
5,75983	-13
5,76050	-13
5,76117	-13
5,76183	-13
5,76250	-13
5,76317	-13
5,76383	-12
5,76450	-12
5,76517	-13
5,76583	-13
5,76650	-13
5,76717	-13
5,76783	-13
5,76850	-13
5,76917	-13
5,76983	-13
5,77050	-13
5,77117	-13
5,77183	-12
5,77250	-12
5,77317	-12
5,77383	-11
5,77450	-11
5,77517	-10
5,77583	-10
5,77650	-9
5,77717	-9
5,77783	-9
5,77850	-8
5,77917	-8
5,77983	-8
5,78050	-8
5,78117	-8
5,78183	-7
5,78250	-7
5,78317	-7
5,78383	-6
5,78450	-6
5,78517	-6
5,78583	-5
5,78650	-5
5,78717	-5
5,78783	-5
5,78850	-5
5,78917	-5
5,78983	-5
5,79050	-5
5,79117	-5
5,79183	-4
5,79250	-4
5,79317	-4
5,79383	-4
5,79450	-4
5,79517	-4
5,79583	-4
5,79650	-4
5,79717	-4
5,79783	-4
5,79850	-3
5,79917	-3
5,79983	-3
5,80050	-3
5,80117	-3
5,80183	-3
5,80250	-3
5,80317	-3
5,80383	-3
5,80450	-3
5,80517	-3
5,80583	-3
5,80650	-3
5,80717	-3
5,80783	-3
5,80850	-2
5,80917	-2
5,80983	-2
5,81050	-2
5,81117	-2
5,81183	-2
5,81250	-2
5,81317	-2
5,81383	-2
5,81450	-2
5,81517	-2
5,81583	-2
5,81650	-2
5,81717	-2
5,81783	-2
5,81850	-2
5,81917	-2
5,81983	-2
5,82050	-2
5,82117	-2
5,82183	-2
5,82250	-2
5,82317	-2
5,82383	-2
5,82450	-2
5,82517	-1
5,82583	-1
5,82650	-1
5,82717	-1
5,82783	-1
5,82850	-1
5,82917	-1
5,82983	-1
5,83050	-1
5,83117	-1
5,83183	-1
5,83250	-1
5,83317	-0
5,83383	-0
5,83450	-0
5,83517	0
5,83583	0
5,83650	0
5,83717	0
5,83783	0
5,83850	0
5,83917	0
5,83983	1
5,84050	1
5,84117	1
5,84183	1
5,84250	1
5,84317	1
5,84383	1
5,84450	1
5,84517	1
5,84583	1
5,84650	1
5,84717	1
5,84783	2
5,84850	2
5,84917	2
5,84983	2
5,85050	2
5,85117	2
5,85183	2
5,85250	1
5,85317	1
5,85383	1
5,85450	0
5,85517	0
5,85583	0
5,85650	-0
5,85717	-0
5,85783	-0
5,85850	-1
5,85917	-1
5,85983	-0
5,86050	-1
5,86117	-1
5,86183	-1
5,86250	-1
5,86317	-1
5,86383	-1
5,86450	-1
5,86517	-1
5,86583	-1
5,86650	-1
5,86717	-1
5,86783	-1
5,86850	-1
5,86917	-1
5,86983	-1
5,87050	-1
5,87117	-1
5,87183	-1
5,87250	-1
5,87317	-1
5,87383	-1
5,87450	-1
5,87517	-1
5,87583	-1
5,87650	-1
5,87717	-1
5,87783	-1
5,87850	-1
5,87917	-1
5,87983	-0
5,88050	-0
5,88117	-0
5,88183	-0
5,88250	-0
5,88317	-0
5,88383	-1
5,88450	-1
5,88517	-1
5,88583	-1
5,88650	-1
5,88717	-1
5,88783	-1
5,88850	-1
5,88917	-1
5,88983	-1
5,89050	-1
5,89117	-1
5,89183	-1
5,89250	-1
5,89317	-1
5,89383	-1
5,89450	-1
5,89517	-2
5,89583	-2
5,89650	-2
5,89717	-2
5,89783	-2
5,89850	-2
5,89917	-2
5,89983	-3
5,90050	-3
5,90117	-3
5,90183	-3
5,90250	-3
5,90317	-2
5,90383	-2
5,90450	-2
5,90517	-1
5,90583	-1
5,90650	-1
5,90717	-1
5,90783	-1
5,90850	-1
5,90917	-1
5,90983	-0
5,91050	-1
5,91117	-1
5,91183	-1
5,91250	-1
5,91317	-1
5,91383	-1
5,91450	-1
5,91517	-1
5,91583	-1
5,91650	-1
5,91717	-1
5,91783	-2
5,91850	-2
5,91917	-2
5,91983	-3
5,92050	-3
5,92117	-3
5,92183	-3
5,92250	-4
5,92317	-4
5,92383	-4
5,92450	-4
5,92517	-2
5,92583	1
5,92650	9
5,92717	26
5,92783	56
5,92850	105
5,92917	179
5,92983	282
5,93050	417
5,93117	586
5,93183	789
5,93250	1025
5,93317	1291
5,93383	1585
5,93450	1905
5,93517	2244
5,93583	2599
5,93650	2967
5,93717	3343
5,93783	3725
5,93850	4110
5,93917	4494
5,93983	4876
5,94050	5252
5,94117	5621
5,94183	5983
5,94250	6336
5,94317	6679
5,94383	7008
5,94450	7322
5,94517	7616
5,94583	7889
5,94650	8137
5,94717	8358
5,94783	8551
5,94850	8711
5,94917	8840
5,94983	8935
5,95050	8996
5,95117	9025
5,95183	9021
5,95250	8984
5,95317	8917
5,95383	8822
5,95450	8701
5,95517	8556
5,95583	8391
5,95650	8208
5,95717	8010
5,95783	7801
5,95850	7582
5,95917	7356
5,95983	7126
5,96050	6893
5,96117	6660
5,96183	6427
5,96250	6196
5,96317	5969
5,96383	5746
5,96450	5529
5,96517	5317
5,96583	5111
5,96650	4912
5,96717	4720
5,96783	4535
5,96850	4357
5,96917	4186
5,96983	4022
5,97050	3866
5,97117	3717
5,97183	3575
5,97250	3440
5,97317	3311
5,97383	3189
5,97450	3073
5,97517	2962
5,97583	2858
5,97650	2759
5,97717	2664
5,97783	2574
5,97850	2489
5,97917	2409
5,97983	2332
5,98050	2259
5,98117	2189
5,98183	2122
5,98250	2059
5,98317	1998
5,98383	1940
5,98450	1885
5,98517	1832
5,98583	1781
5,98650	1733
5,98717	1687
5,98783	1642
5,98850	1600
5,98917	1560
5,98983	1522
5,99050	1486
5,99117	1451
5,99183	1417
5,99250	1385
5,99317	1354
5,99383	1323
5,99450	1294
5,99517	1266
5,99583	1239
5,99650	1213
5,99717	1188
5,99783	1163
5,99850	1139
5,99917	1116
5,99983	1093
6,00050	1071
6,00117	1050
6,00183	1030
6,00250	1010
6,00317	991
6,00383	973
6,00450	955
6,00517	938
6,00583	921
6,00650	905
6,00717	889
6,00783	874
6,00850	860
6,00917	846
6,00983	833
6,01050	820
6,01117	807
6,01183	794
6,01250	782
6,01317	771
6,01383	759
6,01450	748
6,01517	738
6,01583	727
6,01650	717
6,01717	707
6,01783	697
6,01850	688
6,01917	679
6,01983	670
6,02050	662
6,02117	654
6,02183	646
6,02250	638
6,02317	630
6,02383	622
6,02450	614
6,02517	606
6,02583	598
6,02650	590
6,02717	582
6,02783	575
6,02850	567
6,02917	559
6,02983	552
6,03050	545
6,03117	538
6,03183	531
6,03250	524
6,03317	518
6,03383	512
6,03450	506
6,03517	500
6,03583	494
6,03650	488
6,03717	482
6,03783	476
6,03850	471
6,03917	466
6,03983	461
6,04050	456
6,04117	452
6,04183	447
6,04250	442
6,04317	438
6,04383	433
6,04450	428
6,04517	424
6,04583	419
6,04650	415
6,04717	411
6,04783	406
6,04850	402
6,04917	398
6,04983	394
6,05050	390
6,05117	386
6,05183	382
6,05250	378
6,05317	374
6,05383	370
6,05450	366
6,05517	363
6,05583	359
6,05650	355
6,05717	352
6,05783	349
6,05850	345
6,05917	342
6,05983	339
6,06050	336
6,06117	333
6,06183	330
6,06250	327
6,06317	324
6,06383	321
6,06450	318
6,06517	315
6,06583	312
6,06650	309
6,06717	307
6,06783	304
6,06850	301
6,06917	299
6,06983	297
6,07050	294
6,07117	292
6,07183	290
6,07250	288
6,07317	286
6,07383	284
6,07450	282
6,07517	280
6,07583	278
6,07650	276
6,07717	274
6,07783	271
6,07850	269
6,07917	267
6,07983	264
6,08050	262
6,08117	260
6,08183	258
6,08250	256
6,08317	254
6,08383	252
6,08450	250
6,08517	248
6,08583	247
6,08650	245
6,08717	243
6,08783	241
6,08850	239
6,08917	238
6,08983	236
6,09050	234
6,09117	232
6,09183	231
6,09250	229
6,09317	227
6,09383	226
6,09450	224
6,09517	223
6,09583	221
6,09650	220
6,09717	218
6,09783	217
6,09850	216
6,09917	214
6,09983	213
6,10050	212
6,10117	210
6,10183	209
6,10250	207
6,10317	206
6,10383	205
6,10450	203
6,10517	202
6,10583	200
6,10650	199
6,10717	197
6,10783	196
6,10850	195
6,10917	193
6,10983	192
6,11050	191
6,11117	190
6,11183	189
6,11250	189
6,11317	188
6,11383	188
6,11450	187
6,11517	186
6,11583	185
6,11650	184
6,11717	183
6,11783	182
6,11850	181
6,11917	180
6,11983	179
6,12050	178
6,12117	177
6,12183	177
6,12250	176
6,12317	175
6,12383	174
6,12450	173
6,12517	172
6,12583	171
6,12650	170
6,12717	169
6,12783	168
6,12850	167
6,12917	166
6,12983	165
6,13050	164
6,13117	163
6,13183	162
6,13250	160
6,13317	159
6,13383	159
6,13450	158
6,13517	157
6,13583	156
6,13650	156
6,13717	155
6,13783	154
6,13850	153
6,13917	153
6,13983	152
6,14050	151
6,14117	150
6,14183	149
6,14250	148
6,14317	148
6,14383	147
6,14450	146
6,14517	145
6,14583	144
6,14650	143
6,14717	143
6,14783	142
6,14850	141
6,14917	140
6,14983	139
6,15050	139
6,15117	138
6,15183	137
6,15250	136
6,15317	136
6,15383	135
6,15450	135
6,15517	135
6,15583	134
6,15650	134
6,15717	134
6,15783	134
6,15850	135
6,15917	135
6,15983	136
6,16050	136
6,16117	137
6,16183	137
6,16250	138
6,16317	138
6,16383	139
6,16450	140
6,16517	140
6,16583	141
6,16650	142
6,16717	142
6,16783	143
6,16850	144
6,16917	145
6,16983	146
6,17050	147
6,17117	148
6,17183	149
6,17250	150
6,17317	152
6,17383	153
6,17450	153
6,17517	154
6,17583	155
6,17650	156
6,17717	157
6,17783	158
6,17850	159
6,17917	160
6,17983	161
6,18050	162
6,18117	163
6,18183	163
6,18250	164
6,18317	164
6,18383	165
6,18450	165
6,18517	166
6,18583	166
6,18650	167
6,18717	167
6,18783	167
6,18850	167
6,18917	168
6,18983	168
6,19050	168
6,19117	168
6,19183	168
6,19250	168
6,19317	168
6,19383	168
6,19450	168
6,19517	167
6,19583	167
6,19650	167
6,19717	167
6,19783	167
6,19850	167
6,19917	167
6,19983	167
6,20050	167
6,20117	167
6,20183	167
6,20250	166
6,20317	166
6,20383	166
6,20450	166
6,20517	165
6,20583	165
6,20650	165
6,20717	165
6,20783	164
6,20850	164
6,20917	164
6,20983	164
6,21050	164
6,21117	164
6,21183	164
6,21250	164
6,21317	164
6,21383	164
6,21450	164
6,21517	164
6,21583	163
6,21650	163
6,21717	163
6,21783	163
6,21850	163
6,21917	163
6,21983	163
6,22050	162
6,22117	162
6,22183	162
6,22250	162
6,22317	161
6,22383	161
6,22450	160
6,22517	160
6,22583	159
6,22650	159
6,22717	159
6,22783	158
6,22850	158
6,22917	158
6,22983	157
6,23050	157
6,23117	157
6,23183	156
6,23250	156
6,23317	155
6,23383	155
6,23450	154
6,23517	154
6,23583	154
6,23650	153
6,23717	153
6,23783	152
6,23850	151
6,23917	151
6,23983	150
6,24050	150
6,24117	150
6,24183	149
6,24250	149
6,24317	148
6,24383	148
6,24450	148
6,24517	147
6,24583	147
6,24650	146
6,24717	146
6,24783	146
6,24850	145
6,24917	145
6,24983	144
6,25050	144
6,25117	143
6,25183	143
6,25250	142
6,25317	142
6,25383	142
6,25450	141
6,25517	141
6,25583	141
6,25650	140
6,25717	140
6,25783	140
6,25850	139
6,25917	139
6,25983	139
6,26050	138
6,26117	138
6,26183	138
6,26250	138
6,26317	139
6,26383	139
6,26450	139
6,26517	139
6,26583	140
6,26650	140
6,26717	140
6,26783	140
6,26850	140
6,26917	139
6,26983	139
6,27050	139
6,27117	139
6,27183	138
6,27250	138
6,27317	138
6,27383	138
6,27450	138
6,27517	138
6,27583	137
6,27650	137
6,27717	137
6,27783	137
6,27850	137
6,27917	137
6,27983	137
6,28050	137
6,28117	137
6,28183	137
6,28250	137
6,28317	137
6,28383	137
6,28450	137
6,28517	137
6,28583	138
6,28650	138
6,28717	137
6,28783	137
6,28850	137
6,28917	138
6,28983	138
6,29050	138
6,29117	138
6,29183	138
6,29250	138
6,29317	138
6,29383	138
6,29450	137
6,29517	137
6,29583	137
6,29650	137
6,29717	137
6,29783	137
6,29850	137
6,29917	137
6,29983	137
6,30050	136
6,30117	136
6,30183	135
6,30250	135
6,30317	135
6,30383	134
6,30450	134
6,30517	134
6,30583	133
6,30650	133
6,30717	133
6,30783	132
6,30850	132
6,30917	132
6,30983	131
6,31050	131
6,31117	130
6,31183	130
6,31250	129
6,31317	129
6,31383	128
6,31450	128
6,31517	127
6,31583	126
6,31650	126
6,31717	126
6,31783	125
6,31850	125
6,31917	124
6,31983	124
6,32050	123
6,32117	123
6,32183	122
6,32250	122
6,32317	121
6,32383	121
6,32450	120
6,32517	120
6,32583	119
6,32650	119
6,32717	118
6,32783	118
6,32850	117
6,32917	117
6,32983	116
6,33050	115
6,33117	115
6,33183	114
6,33250	113
6,33317	112
6,33383	112
6,33450	111
6,33517	111
6,33583	110
6,33650	110
6,33717	110
6,33783	110
6,33850	109
6,33917	109
6,33983	109
6,34050	108
6,34117	108
6,34183	107
6,34250	107
6,34317	107
6,34383	107
6,34450	106
6,34517	106
6,34583	106
6,34650	105
6,34717	105
6,34783	105
6,34850	105
6,34917	104
6,34983	104
6,35050	104
6,35117	104
6,35183	104
6,35250	104
6,35317	104
6,35383	103
6,35450	103
6,35517	102
6,35583	102
6,35650	102
6,35717	101
6,35783	101
6,35850	100
6,35917	100
6,35983	100
6,36050	100
6,36117	100
6,36183	100
6,36250	100
6,36317	100
6,36383	100
6,36450	101
6,36517	103
6,36583	105
6,36650	108
6,36717	114
6,36783	122
6,36850	133
6,36917	149
6,36983	173
6,37050	205
6,37117	248
6,37183	307
6,37250	383
6,37317	483
6,37383	611
6,37450	774
6,37517	979
6,37583	1233
6,37650	1545
6,37717	1919
6,37783	2363
6,37850	2878
6,37917	3466
6,37983	4126
6,38050	4858
6,38117	5654
6,38183	6505
6,38250	7400
6,38317	8327
6,38383	9278
6,38450	10243
6,38517	11213
6,38583	12175
6,38650	13115
6,38717	14019
6,38783	14876
6,38850	15675
6,38917	16411
6,38983	17076
6,39050	17662
6,39117	18163
6,39183	18575
6,39250	18896
6,39317	19125
6,39383	19263
6,39450	19311
6,39517	19274
6,39583	19156
6,39650	18963
6,39717	18702
6,39783	18378
6,39850	18000
6,39917	17572
6,39983	17102
6,40050	16596
6,40117	16062
6,40183	15505
6,40250	14930
6,40317	14343
6,40383	13748
6,40450	13151
6,40517	12556
6,40583	11965
6,40650	11382
6,40717	10811
6,40783	10252
6,40850	9709
6,40917	9182
6,40983	8673
6,41050	8184
6,41117	7713
6,41183	7263
6,41250	6833
6,41317	6423
6,41383	6032
6,41450	5662
6,41517	5311
6,41583	4980
6,41650	4667
6,41717	4373
6,41783	4096
6,41850	3835
6,41917	3592
6,41983	3363
6,42050	3150
6,42117	2950
6,42183	2763
6,42250	2590
6,42317	2428
6,42383	2277
6,42450	2137
6,42517	2006
6,42583	1884
6,42650	1771
6,42717	1666
6,42783	1568
6,42850	1477
6,42917	1393
6,42983	1315
6,43050	1242
6,43117	1174
6,43183	1111
6,43250	1053
6,43317	999
6,43383	949
6,43450	902
6,43517	858
6,43583	818
6,43650	781
6,43717	747
6,43783	714
6,43850	685
6,43917	657
6,43983	631
6,44050	607
6,44117	584
6,44183	562
6,44250	542
6,44317	523
6,44383	506
6,44450	489
6,44517	473
6,44583	459
6,44650	445
6,44717	432
6,44783	420
6,44850	408
6,44917	397
6,44983	387
6,45050	378
6,45117	369
6,45183	360
6,45250	352
6,45317	344
6,45383	337
6,45450	330
6,45517	323
6,45583	317
6,45650	311
6,45717	306
6,45783	301
6,45850	296
6,45917	291
6,45983	287
6,46050	283
6,46117	279
6,46183	275
6,46250	271
6,46317	268
6,46383	265
6,46450	262
6,46517	259
6,46583	256
6,46650	254
6,46717	251
6,46783	248
6,46850	246
6,46917	243
6,46983	241
6,47050	238
6,47117	236
6,47183	233
6,47250	231
6,47317	229
6,47383	226
6,47450	224
6,47517	222
6,47583	219
6,47650	217
6,47717	215
6,47783	213
6,47850	211
6,47917	209
6,47983	207
6,48050	205
6,48117	203
6,48183	201
6,48250	199
6,48317	198
6,48383	196
6,48450	194
6,48517	193
6,48583	192
6,48650	190
6,48717	189
6,48783	188
6,48850	187
6,48917	186
6,48983	185
6,49050	184
6,49117	183
6,49183	182
6,49250	181
6,49317	180
6,49383	179
6,49450	178
6,49517	176
6,49583	175
6,49650	174
6,49717	173
6,49783	172
6,49850	171
6,49917	170
6,49983	169
6,50050	168
6,50117	168
6,50183	167
6,50250	166
6,50317	166
6,50383	165
6,50450	165
6,50517	164
6,50583	164
6,50650	164
6,50717	163
6,50783	163
6,50850	163
6,50917	162
6,50983	162
6,51050	162
6,51117	161
6,51183	161
6,51250	161
6,51317	161
6,51383	160
6,51450	160
6,51517	160
6,51583	160
6,51650	160
6,51717	160
6,51783	160
6,51850	160
6,51917	161
6,51983	161
6,52050	162
6,52117	163
6,52183	163
6,52250	164
6,52317	164
6,52383	165
6,52450	166
6,52517	167
6,52583	167
6,52650	168
6,52717	169
6,52783	170
6,52850	171
6,52917	172
6,52983	173
6,53050	174
6,53117	175
6,53183	176
6,53250	177
6,53317	178
6,53383	179
6,53450	180
6,53517	180
6,53583	181
6,53650	181
6,53717	182
6,53783	182
6,53850	183
6,53917	184
6,53983	184
6,54050	185
6,54117	185
6,54183	186
6,54250	186
6,54317	186
6,54383	186
6,54450	186
6,54517	186
6,54583	186
6,54650	186
6,54717	186
6,54783	186
6,54850	185
6,54917	185
6,54983	185
6,55050	184
6,55117	184
6,55183	183
6,55250	183
6,55317	183
6,55383	183
6,55450	182
6,55517	182
6,55583	182
6,55650	182
6,55717	182
6,55783	181
6,55850	181
6,55917	181
6,55983	181
6,56050	181
6,56117	181
6,56183	181
6,56250	180
6,56317	180
6,56383	180
6,56450	180
6,56517	180
6,56583	179
6,56650	179
6,56717	179
6,56783	179
6,56850	179
6,56917	179
6,56983	178
6,57050	178
6,57117	178
6,57183	178
6,57250	177
6,57317	177
6,57383	177
6,57450	177
6,57517	177
6,57583	176
6,57650	176
6,57717	175
6,57783	175
6,57850	175
6,57917	174
6,57983	173
6,58050	173
6,58117	172
6,58183	172
6,58250	171
6,58317	171
6,58383	171
6,58450	170
6,58517	170
6,58583	170
6,58650	169
6,58717	169
6,58783	169
6,58850	169
6,58917	168
6,58983	168
6,59050	167
6,59117	167
6,59183	167
6,59250	166
6,59317	166
6,59383	166
6,59450	165
6,59517	165
6,59583	164
6,59650	164
6,59717	163
6,59783	163
6,59850	162
6,59917	161
6,59983	160
6,60050	159
6,60117	158
6,60183	157
6,60250	157
6,60317	156
6,60383	156
6,60450	156
6,60517	156
6,60583	156
6,60650	156
6,60717	156
6,60783	156
6,60850	156
6,60917	156
6,60983	156
6,61050	156
6,61117	157
6,61183	157
6,61250	157
6,61317	157
6,61383	157
6,61450	158
6,61517	158
6,61583	159
6,61650	159
6,61717	160
6,61783	160
6,61850	161
6,61917	161
6,61983	162
6,62050	162
6,62117	162
6,62183	162
6,62250	162
6,62317	163
6,62383	163
6,62450	163
6,62517	163
6,62583	163
6,62650	164
6,62717	164
6,62783	164
6,62850	165
6,62917	165
6,62983	165
6,63050	166
6,63117	166
6,63183	167
6,63250	167
6,63317	167
6,63383	168
6,63450	168
6,63517	168
6,63583	168
6,63650	169
6,63717	169
6,63783	170
6,63850	170
6,63917	170
6,63983	171
6,64050	171
6,64117	171
6,64183	171
6,64250	171
6,64317	171
6,64383	171
6,64450	171
6,64517	171
6,64583	171
6,64650	171
6,64717	171
6,64783	171
6,64850	171
6,64917	171
6,64983	171
6,65050	170
6,65117	170
6,65183	170
6,65250	170
6,65317	170
6,65383	170
6,65450	169
6,65517	169
6,65583	169
6,65650	169
6,65717	169
6,65783	169
6,65850	169
6,65917	169
6,65983	169
6,66050	169
6,66117	169
6,66183	169
6,66250	169
6,66317	170
6,66383	170
6,66450	170
6,66517	171
6,66583	171
6,66650	172
6,66717	172
6,66783	173
6,66850	174
6,66917	175
6,66983	176
6,67050	177
6,67117	178
6,67183	179
6,67250	181
6,67317	182
6,67383	183
6,67450	184
6,67517	185
6,67583	186
6,67650	187
6,67717	188
6,67783	189
6,67850	190
6,67917	190
6,67983	191
6,68050	192
6,68117	193
6,68183	194
6,68250	195
6,68317	196
6,68383	197
6,68450	198
6,68517	199
6,68583	200
6,68650	200
6,68717	201
6,68783	201
6,68850	202
6,68917	203
6,68983	203
6,69050	204
6,69117	204
6,69183	205
6,69250	205
6,69317	206
6,69383	206
6,69450	206
6,69517	207
6,69583	207
6,69650	207
6,69717	208
6,69783	208
6,69850	208
6,69917	209
6,69983	209
6,70050	210
6,70117	210
6,70183	211
6,70250	211
6,70317	211
6,70383	211
6,70450	211
6,70517	211
6,70583	211
6,70650	211
6,70717	211
6,70783	211
6,70850	211
6,70917	211
6,70983	211
6,71050	211
6,71117	211
6,71183	212
6,71250	212
6,71317	213
6,71383	214
6,71450	215
6,71517	216
6,71583	217
6,71650	218
6,71717	220
6,71783	221
6,71850	222
6,71917	224
6,71983	225
6,72050	227
6,72117	229
6,72183	230
6,72250	232
6,72317	234
6,72383	236
6,72450	237
6,72517	239
6,72583	241
6,72650	242
6,72717	244
6,72783	245
6,72850	246
6,72917	247
6,72983	248
6,73050	249
6,73117	250
6,73183	250
6,73250	251
6,73317	251
6,73383	251
6,73450	252
6,73517	252
6,73583	252
6,73650	252
6,73717	252
6,73783	252
6,73850	252
6,73917	252
6,73983	252
6,74050	251
6,74117	251
6,74183	251
6,74250	251
6,74317	250
6,74383	250
6,74450	250
6,74517	250
6,74583	250
6,74650	250
6,74717	250
6,74783	250
6,74850	250
6,74917	250
6,74983	251
6,75050	251
6,75117	251
6,75183	251
6,75250	251
6,75317	251
6,75383	252
6,75450	252
6,75517	253
6,75583	253
6,75650	254
6,75717	254
6,75783	255
6,75850	256
6,75917	256
6,75983	257
6,76050	257
6,76117	257
6,76183	258
6,76250	258
6,76317	258
6,76383	258
6,76450	259
6,76517	259
6,76583	259
6,76650	260
6,76717	260
6,76783	261
6,76850	261
6,76917	262
6,76983	262
6,77050	262
6,77117	262
6,77183	262
6,77250	262
6,77317	262
6,77383	262
6,77450	262
6,77517	262
6,77583	263
6,77650	263
6,77717	263
6,77783	264
6,77850	264
6,77917	265
6,77983	265
6,78050	265
6,78117	266
6,78183	266
6,78250	267
6,78317	267
6,78383	268
6,78450	269
6,78517	269
6,78583	270
6,78650	270
6,78717	271
6,78783	272
6,78850	273
6,78917	273
6,78983	274
6,79050	275
6,79117	276
6,79183	276
6,79250	277
6,79317	277
6,79383	278
6,79450	278
6,79517	278
6,79583	278
6,79650	279
6,79717	279
6,79783	279
6,79850	279
6,79917	280
6,79983	280
6,80050	280
6,80117	280
6,80183	280
6,80250	280
6,80317	280
6,80383	280
6,80450	280
6,80517	280
6,80583	280
6,80650	280
6,80717	280
6,80783	280
6,80850	281
6,80917	281
6,80983	282
6,81050	283
6,81117	283
6,81183	284
6,81250	285
6,81317	286
6,81383	287
6,81450	288
6,81517	289
6,81583	290
6,81650	291
6,81717	292
6,81783	293
6,81850	294
6,81917	295
6,81983	295
6,82050	296
6,82117	297
6,82183	298
6,82250	298
6,82317	299
6,82383	300
6,82450	300
6,82517	300
6,82583	300
6,82650	301
6,82717	301
6,82783	301
6,82850	302
6,82917	303
6,82983	303
6,83050	304
6,83117	304
6,83183	304
6,83250	305
6,83317	305
6,83383	306
6,83450	306
6,83517	306
6,83583	307
6,83650	307
6,83717	308
6,83783	308
6,83850	308
6,83917	309
6,83983	310
6,84050	311
6,84117	312
6,84183	313
6,84250	314
6,84317	315
6,84383	316
6,84450	317
6,84517	318
6,84583	319
6,84650	320
6,84717	321
6,84783	322
6,84850	323
6,84917	324
6,84983	324
6,85050	325
6,85117	326
6,85183	327
6,85250	328
6,85317	329
6,85383	330
6,85450	331
6,85517	332
6,85583	332
6,85650	333
6,85717	334
6,85783	335
6,85850	336
6,85917	337
6,85983	338
6,86050	339
6,86117	340
6,86183	341
6,86250	341
6,86317	342
6,86383	343
6,86450	344
6,86517	344
6,86583	345
6,86650	345
6,86717	346
6,86783	346
6,86850	346
6,86917	347
6,86983	347
6,87050	348
6,87117	349
6,87183	350
6,87250	352
6,87317	354
6,87383	356
6,87450	358
6,87517	361
6,87583	364
6,87650	368
6,87717	372
6,87783	376
6,87850	380
6,87917	385
6,87983	390
6,88050	395
6,88117	401
6,88183	406
6,88250	412
6,88317	418
6,88383	424
6,88450	430
6,88517	435
6,88583	441
6,88650	446
6,88717	452
6,88783	456
6,88850	461
6,88917	465
6,88983	468
6,89050	471
6,89117	474
6,89183	477
6,89250	479
6,89317	481
6,89383	482
6,89450	483
6,89517	484
6,89583	484
6,89650	485
6,89717	484
6,89783	484
6,89850	483
6,89917	483
6,89983	482
6,90050	481
6,90117	480
6,90183	479
6,90250	478
6,90317	477
6,90383	476
6,90450	476
6,90517	475
6,90583	474
6,90650	473
6,90717	473
6,90783	472
6,90850	471
6,90917	471
6,90983	470
6,91050	469
6,91117	468
6,91183	468
6,91250	467
6,91317	467
6,91383	466
6,91450	466
6,91517	466
6,91583	466
6,91650	466
6,91717	466
6,91783	466
6,91850	465
6,91917	465
6,91983	465
6,92050	465
6,92117	464
6,92183	464
6,92250	464
6,92317	463
6,92383	463
6,92450	462
6,92517	462
6,92583	462
6,92650	462
6,92717	462
6,92783	463
6,92850	463
6,92917	464
6,92983	465
6,93050	465
6,93117	466
6,93183	466
6,93250	467
6,93317	467
6,93383	468
6,93450	468
6,93517	468
6,93583	469
6,93650	469
6,93717	469
6,93783	469
6,93850	470
6,93917	470
6,93983	470
6,94050	470
6,94117	470
6,94183	470
6,94250	471
6,94317	471
6,94383	471
6,94450	472
6,94517	472
6,94583	472
6,94650	472
6,94717	472
6,94783	472
6,94850	472
6,94917	472
6,94983	472
6,95050	472
6,95117	472
6,95183	471
6,95250	471
6,95317	471
6,95383	471
6,95450	470
6,95517	470
6,95583	470
6,95650	469
6,95717	469
6,95783	469
6,95850	469
6,95917	469
6,95983	468
6,96050	468
6,96117	468
6,96183	468
6,96250	468
6,96317	468
6,96383	467
6,96450	467
6,96517	467
6,96583	466
6,96650	466
6,96717	465
6,96783	465
6,96850	464
6,96917	464
6,96983	463
6,97050	463
6,97117	462
6,97183	461
6,97250	460
6,97317	459
6,97383	459
6,97450	458
6,97517	457
6,97583	457
6,97650	456
6,97717	456
6,97783	456
6,97850	456
6,97917	456
6,97983	456
6,98050	456
6,98117	456
6,98183	456
6,98250	456
6,98317	457
6,98383	457
6,98450	457
6,98517	458
6,98583	459
6,98650	459
6,98717	460
6,98783	460
6,98850	461
6,98917	462
6,98983	463
6,99050	463
6,99117	464
6,99183	464
6,99250	465
6,99317	466
6,99383	466
6,99450	467
6,99517	468
6,99583	469
6,99650	469
6,99717	470
6,99783	471
6,99850	471
6,99917	472
6,99983	473
7,00050	474
7,00117	475
7,00183	476
7,00250	477
7,00317	478
7,00383	479
7,00450	479
7,00517	479
7,00583	479
7,00650	479
7,00717	479
7,00783	479
7,00850	478
7,00917	477
7,00983	476
7,01050	475
7,01117	474
7,01183	473
7,01250	471
7,01317	470
7,01383	469
7,01450	468
7,01517	466
7,01583	465
7,01650	464
7,01717	462
7,01783	461
7,01850	459
7,01917	458
7,01983	456
7,02050	455
7,02117	453
7,02183	452
7,02250	450
7,02317	449
7,02383	447
7,02450	446
7,02517	445
7,02583	443
7,02650	442
7,02717	440
7,02783	439
7,02850	438
7,02917	437
7,02983	436
7,03050	435
7,03117	434
7,03183	433
7,03250	433
7,03317	432
7,03383	431
7,03450	431
7,03517	430
7,03583	430
7,03650	429
7,03717	429
7,03783	429
7,03850	429
7,03917	429
7,03983	429
7,04050	429
7,04117	429
7,04183	429
7,04250	429
7,04317	429
7,04383	429
7,04450	428
7,04517	428
7,04583	428
7,04650	427
7,04717	427
7,04783	426
7,04850	426
7,04917	425
7,04983	425
7,05050	424
7,05117	424
7,05183	423
7,05250	422
7,05317	422
7,05383	421
7,05450	420
7,05517	420
7,05583	420
7,05650	419
7,05717	419
7,05783	418
7,05850	418
7,05917	417
7,05983	416
7,06050	416
7,06117	415
7,06183	415
7,06250	414
7,06317	414
7,06383	414
7,06450	414
7,06517	414
7,06583	415
7,06650	415
7,06717	415
7,06783	416
7,06850	416
7,06917	416
7,06983	417
7,07050	417
7,07117	417
7,07183	418
7,07250	418
7,07317	418
7,07383	418
7,07450	418
7,07517	418
7,07583	418
7,07650	418
7,07717	418
7,07783	417
7,07850	416
7,07917	416
7,07983	415
7,08050	414
7,08117	413
7,08183	412
7,08250	411
7,08317	410
7,08383	409
7,08450	409
7,08517	408
7,08583	407
7,08650	407
7,08717	406
7,08783	406
7,08850	405
7,08917	405
7,08983	405
7,09050	405
7,09117	404
7,09183	404
7,09250	404
7,09317	404
7,09383	403
7,09450	403
7,09517	403
7,09583	403
7,09650	403
7,09717	403
7,09783	403
7,09850	402
7,09917	402
7,09983	402
7,10050	401
7,10117	400
7,10183	400
7,10250	399
7,10317	398
7,10383	397
7,10450	396
7,10517	396
7,10583	395
7,10650	394
7,10717	394
7,10783	393
7,10850	392
7,10917	391
7,10983	391
7,11050	390
7,11117	389
7,11183	389
7,11250	388
7,11317	388
7,11383	388
7,11450	388
7,11517	388
7,11583	388
7,11650	389
7,11717	389
7,11783	390
7,11850	391
7,11917	391
7,11983	392
7,12050	393
7,12117	394
7,12183	394
7,12250	395
7,12317	395
7,12383	396
7,12450	397
7,12517	398
7,12583	398
7,12650	399
7,12717	400
7,12783	401
7,12850	401
7,12917	402
7,12983	403
7,13050	404
7,13117	405
7,13183	406
7,13250	407
7,13317	408
7,13383	409
7,13450	409
7,13517	410
7,13583	411
7,13650	411
7,13717	412
7,13783	412
7,13850	412
7,13917	413
7,13983	413
7,14050	413
7,14117	413
7,14183	413
7,14250	412
7,14317	412
7,14383	411
7,14450	411
7,14517	410
7,14583	410
7,14650	409
7,14717	408
7,14783	408
7,14850	407
7,14917	406
7,14983	405
7,15050	404
7,15117	403
7,15183	402
7,15250	401
7,15317	400
7,15383	399
7,15450	397
7,15517	396
7,15583	395
7,15650	394
7,15717	393
7,15783	391
7,15850	390
7,15917	389
7,15983	388
7,16050	387
7,16117	386
7,16183	385
7,16250	384
7,16317	383
7,16383	382
7,16450	381
7,16517	380
7,16583	379
7,16650	378
7,16717	376
7,16783	375
7,16850	374
7,16917	373
7,16983	372
7,17050	371
7,17117	370
7,17183	369
7,17250	368
7,17317	368
7,17383	367
7,17450	366
7,17517	365
7,17583	364
7,17650	364
7,17717	363
7,17783	362
7,17850	361
7,17917	360
7,17983	359
7,18050	358
7,18117	357
7,18183	356
7,18250	355
7,18317	354
7,18383	353
7,18450	352
7,18517	351
7,18583	350
7,18650	348
7,18717	347
7,18783	346
7,18850	344
7,18917	343
7,18983	342
7,19050	340
7,19117	339
7,19183	338
7,19250	336
7,19317	335
7,19383	334
7,19450	332
7,19517	331
7,19583	330
7,19650	329
7,19717	329
7,19783	328
7,19850	327
7,19917	327
7,19983	326
7,20050	326
7,20117	326
7,20183	326
7,20250	326
7,20317	326
7,20383	325
7,20450	325
7,20517	325
7,20583	325
7,20650	324
7,20717	324
7,20783	324
7,20850	323
7,20917	322
7,20983	321
7,21050	321
7,21117	320
7,21183	319
7,21250	318
7,21317	318
7,21383	317
7,21450	317
7,21517	316
7,21583	316
7,21650	315
7,21717	314
7,21783	314
7,21850	313
7,21917	313
7,21983	312
7,22050	311
7,22117	311
7,22183	310
7,22250	309
7,22317	308
7,22383	307
7,22450	306
7,22517	305
7,22583	304
7,22650	304
7,22717	303
7,22783	301
7,22850	300
7,22917	299
7,22983	298
7,23050	297
7,23117	296
7,23183	294
7,23250	293
7,23317	292
7,23383	291
7,23450	290
7,23517	289
7,23583	288
7,23650	287
7,23717	286
7,23783	285
7,23850	285
7,23917	284
7,23983	284
7,24050	283
7,24117	282
7,24183	282
7,24250	281
7,24317	281
7,24383	281
7,24450	280
7,24517	280
7,24583	280
7,24650	280
7,24717	280
7,24783	280
7,24850	280
7,24917	280
7,24983	279
7,25050	279
7,25117	279
7,25183	279
7,25250	279
7,25317	279
7,25383	279
7,25450	279
7,25517	279
7,25583	279
7,25650	279
7,25717	279
7,25783	278
7,25850	278
7,25917	277
7,25983	277
7,26050	276
7,26117	276
7,26183	275
7,26250	275
7,26317	274
7,26383	274
7,26450	273
7,26517	272
7,26583	271
7,26650	270
7,26717	270
7,26783	269
7,26850	268
7,26917	268
7,26983	267
7,27050	267
7,27117	267
7,27183	266
7,27250	266
7,27317	265
7,27383	265
7,27450	264
7,27517	264
7,27583	264
7,27650	263
7,27717	263
7,27783	263
7,27850	262
7,27917	262
7,27983	261
7,28050	261
7,28117	260
7,28183	259
7,28250	259
7,28317	258
7,28383	257
7,28450	257
7,28517	256
7,28583	255
7,28650	254
7,28717	254
7,28783	253
7,28850	253
7,28917	252
7,28983	252
7,29050	251
7,29117	251
7,29183	250
7,29250	250
7,29317	249
7,29383	249
7,29450	248
7,29517	248
7,29583	248
7,29650	248
7,29717	247
7,29783	247
7,29850	247
7,29917	246
7,29983	246
7,30050	245
7,30117	245
7,30183	245
7,30250	244
7,30317	244
7,30383	244
7,30450	244
7,30517	244
7,30583	244
7,30650	243
7,30717	243
7,30783	243
7,30850	242
7,30917	242
7,30983	242
7,31050	242
7,31117	242
7,31183	241
7,31250	241
7,31317	241
7,31383	240
7,31450	240
7,31517	239
7,31583	239
7,31650	238
7,31717	238
7,31783	237
7,31850	237
7,31917	237
7,31983	236
7,32050	236
7,32117	236
7,32183	236
7,32250	236
7,32317	236
7,32383	236
7,32450	235
7,32517	235
7,32583	235
7,32650	234
7,32717	234
7,32783	234
7,32850	234
7,32917	233
7,32983	233
7,33050	233
7,33117	233
7,33183	233
7,33250	233
7,33317	232
7,33383	232
7,33450	232
7,33517	231
7,33583	231
7,33650	230
7,33717	230
7,33783	230
7,33850	229
7,33917	229
7,33983	229
7,34050	229
7,34117	230
7,34183	230
7,34250	230
7,34317	230
7,34383	229
7,34450	229
7,34517	229
7,34583	228
7,34650	227
7,34717	227
7,34783	226
7,34850	226
7,34917	226
7,34983	225
7,35050	225
7,35117	225
7,35183	224
7,35250	224
7,35317	223
7,35383	223
7,35450	222
7,35517	222
7,35583	222
7,35650	221
7,35717	221
7,35783	220
7,35850	219
7,35917	219
7,35983	218
7,36050	218
7,36117	217
7,36183	216
7,36250	216
7,36317	215
7,36383	215
7,36450	215
7,36517	214
7,36583	214
7,36650	214
7,36717	213
7,36783	213
7,36850	212
7,36917	211
7,36983	211
7,37050	210
7,37117	210
7,37183	210
7,37250	209
7,37317	209
7,37383	209
7,37450	209
7,37517	208
7,37583	208
7,37650	208
7,37717	208
7,37783	207
7,37850	207
7,37917	207
7,37983	207
7,38050	207
7,38117	206
7,38183	206
7,38250	205
7,38317	205
7,38383	205
7,38450	204
7,38517	204
7,38583	203
7,38650	203
7,38717	202
7,38783	201
7,38850	201
7,38917	200
7,38983	200
7,39050	199
7,39117	199
7,39183	199
7,39250	198
7,39317	198
7,39383	198
7,39450	197
7,39517	197
7,39583	197
7,39650	197
7,39717	198
7,39783	198
7,39850	197
7,39917	197
7,39983	197
7,40050	197
7,40117	197
7,40183	197
7,40250	196
7,40317	196
7,40383	196
7,40450	195
7,40517	195
7,40583	195
7,40650	194
7,40717	194
7,40783	193
7,40850	193
7,40917	192
7,40983	192
7,41050	191
7,41117	191
7,41183	190
7,41250	190
7,41317	190
7,41383	189
7,41450	189
7,41517	188
7,41583	187
7,41650	187
7,41717	186
7,41783	186
7,41850	186
7,41917	186
7,41983	186
7,42050	185
7,42117	185
7,42183	185
7,42250	185
7,42317	184
7,42383	184
7,42450	184
7,42517	183
7,42583	183
7,42650	183
7,42717	183
7,42783	183
7,42850	183
7,42917	183
7,42983	183
7,43050	183
7,43117	183
7,43183	183
7,43250	183
7,43317	183
7,43383	182
7,43450	182
7,43517	182
7,43583	182
7,43650	182
7,43717	182
7,43783	182
7,43850	182
7,43917	182
7,43983	182
7,44050	181
7,44117	181
7,44183	181
7,44250	181
7,44317	180
7,44383	180
7,44450	180
7,44517	180
7,44583	180
7,44650	180
7,44717	180
7,44783	180
7,44850	179
7,44917	179
7,44983	179
7,45050	179
7,45117	178
7,45183	178
7,45250	177
7,45317	177
7,45383	177
7,45450	176
7,45517	176
7,45583	176
7,45650	175
7,45717	175
7,45783	175
7,45850	175
7,45917	175
7,45983	175
7,46050	175
7,46117	175
7,46183	174
7,46250	174
7,46317	173
7,46383	173
7,46450	172
7,46517	172
7,46583	171
7,46650	171
7,46717	171
7,46783	171
7,46850	171
7,46917	171
7,46983	171
7,47050	171
7,47117	171
7,47183	171
7,47250	171
7,47317	171
7,47383	171
7,47450	171
7,47517	171
7,47583	171
7,47650	171
7,47717	171
7,47783	172
7,47850	172
7,47917	173
7,47983	174
7,48050	176
7,48117	179
7,48183	184
7,48250	191
7,48317	201
7,48383	216
7,48450	237
7,48517	267
7,48583	308
7,48650	365
7,48717	441
7,48783	542
7,48850	675
7,48917	848
7,48983	1070
7,49050	1348
7,49117	1692
7,49183	2115
7,49250	2624
7,49317	3231
7,49383	3945
7,49450	4775
7,49517	5733
7,49583	6832
7,49650	8081
7,49717	9487
7,49783	11059
7,49850	12809
7,49917	14749
7,49983	16885
7,50050	19223
7,50117	21767
7,50183	24527
7,50250	27515
7,50317	30742
7,50383	34212
7,50450	37925
7,50517	41880
7,50583	46076
7,50650	50509
7,50717	55174
7,50783	60069
7,50850	65187
7,50917	70503
7,50983	75997
7,51050	81669
7,51117	87510
7,51183	93493
7,51250	99582
7,51317	105741
7,51383	111923
7,51450	118087
7,51517	124194
7,51583	130180
7,51650	135954
7,51717	141395
7,51783	146400
7,51850	150889
7,51917	154783
7,51983	157984
7,52050	160403
7,52117	161972
7,52183	162648
7,52250	162410
7,52317	161274
7,52383	159271
7,52450	156459
7,52517	152911
7,52583	148723
7,52650	143993
7,52717	138823
7,52783	133312
7,52850	127556
7,52917	121639
7,52983	115641
7,53050	109629
7,53117	103662
7,53183	97790
7,53250	92054
7,53317	86487
7,53383	81115
7,53450	75956
7,53517	71023
7,53583	66325
7,53650	61865
7,53717	57646
7,53783	53666
7,53850	49922
7,53917	46407
7,53983	43115
7,54050	40037
7,54117	37165
7,54183	34489
7,54250	32001
7,54317	29689
7,54383	27543
7,54450	25555
7,54517	23715
7,54583	22012
7,54650	20438
7,54717	18985
7,54783	17643
7,54850	16406
7,54917	15265
7,54983	14213
7,55050	13244
7,55117	12352
7,55183	11532
7,55250	10777
7,55317	10084
7,55383	9447
7,55450	8862
7,55517	8325
7,55583	7832
7,55650	7380
7,55717	6966
7,55783	6585
7,55850	6237
7,55917	5917
7,55983	5623
7,56050	5354
7,56117	5106
7,56183	4878
7,56250	4668
7,56317	4475
7,56383	4297
7,56450	4132
7,56517	3980
7,56583	3838
7,56650	3706
7,56717	3584
7,56783	3469
7,56850	3363
7,56917	3263
7,56983	3170
7,57050	3082
7,57117	3000
7,57183	2923
7,57250	2851
7,57317	2784
7,57383	2720
7,57450	2661
7,57517	2604
7,57583	2551
7,57650	2502
7,57717	2455
7,57783	2411
7,57850	2369
7,57917	2330
7,57983	2294
7,58050	2259
7,58117	2227
7,58183	2197
7,58250	2168
7,58317	2142
7,58383	2118
7,58450	2095
7,58517	2074
7,58583	2055
7,58650	2036
7,58717	2019
7,58783	2003
7,58850	1988
7,58917	1973
7,58983	1959
7,59050	1945
7,59117	1932
7,59183	1918
7,59250	1906
7,59317	1893
7,59383	1880
7,59450	1868
7,59517	1856
7,59583	1845
7,59650	1834
7,59717	1823
7,59783	1813
7,59850	1803
7,59917	1793
7,59983	1783
7,60050	1774
7,60117	1765
7,60183	1756
7,60250	1748
7,60317	1739
7,60383	1731
7,60450	1724
7,60517	1717
7,60583	1710
7,60650	1703
7,60717	1696
7,60783	1689
7,60850	1682
7,60917	1676
7,60983	1670
7,61050	1664
7,61117	1659
7,61183	1654
7,61250	1649
7,61317	1644
7,61383	1640
7,61450	1637
7,61517	1633
7,61583	1629
7,61650	1624
7,61717	1619
7,61783	1614
7,61850	1608
7,61917	1603
7,61983	1597
7,62050	1592
7,62117	1587
7,62183	1582
7,62250	1577
7,62317	1573
7,62383	1568
7,62450	1564
7,62517	1559
7,62583	1555
7,62650	1551
7,62717	1547
7,62783	1544
7,62850	1540
7,62917	1537
7,62983	1534
7,63050	1531
7,63117	1529
7,63183	1526
7,63250	1523
7,63317	1520
7,63383	1516
7,63450	1513
7,63517	1510
7,63583	1506
7,63650	1503
7,63717	1499
7,63783	1495
7,63850	1491
7,63917	1487
7,63983	1483
7,64050	1478
7,64117	1474
7,64183	1469
7,64250	1463
7,64317	1458
7,64383	1452
7,64450	1447
7,64517	1441
7,64583	1435
7,64650	1429
7,64717	1423
7,64783	1417
7,64850	1412
7,64917	1407
7,64983	1402
7,65050	1397
7,65117	1392
7,65183	1387
7,65250	1383
7,65317	1378
7,65383	1374
7,65450	1369
7,65517	1365
7,65583	1361
7,65650	1356
7,65717	1352
7,65783	1348
7,65850	1343
7,65917	1339
7,65983	1334
7,66050	1329
7,66117	1324
7,66183	1318
7,66250	1313
7,66317	1307
7,66383	1301
7,66450	1295
7,66517	1290
7,66583	1284
7,66650	1279
7,66717	1275
7,66783	1270
7,66850	1266
7,66917	1262
7,66983	1258
7,67050	1254
7,67117	1250
7,67183	1247
7,67250	1243
7,67317	1240
7,67383	1236
7,67450	1233
7,67517	1230
7,67583	1227
7,67650	1224
7,67717	1221
7,67783	1219
7,67850	1217
7,67917	1215
7,67983	1213
7,68050	1212
7,68117	1211
7,68183	1212
7,68250	1213
7,68317	1216
7,68383	1220
7,68450	1226
7,68517	1233
7,68583	1242
7,68650	1253
7,68717	1265
7,68783	1280
7,68850	1297
7,68917	1317
7,68983	1338
7,69050	1362
7,69117	1388
7,69183	1416
7,69250	1446
7,69317	1477
7,69383	1509
7,69450	1541
7,69517	1573
7,69583	1605
7,69650	1635
7,69717	1664
7,69783	1691
7,69850	1715
7,69917	1737
7,69983	1755
7,70050	1770
7,70117	1781
7,70183	1788
7,70250	1791
7,70317	1791
7,70383	1787
7,70450	1779
7,70517	1769
7,70583	1755
7,70650	1739
7,70717	1720
7,70783	1699
7,70850	1676
7,70917	1652
7,70983	1626
7,71050	1599
7,71117	1572
7,71183	1544
7,71250	1516
7,71317	1488
7,71383	1460
7,71450	1433
7,71517	1407
7,71583	1381
7,71650	1356
7,71717	1331
7,71783	1307
7,71850	1285
7,71917	1263
7,71983	1242
7,72050	1222
7,72117	1203
7,72183	1185
7,72250	1168
7,72317	1152
7,72383	1136
7,72450	1122
7,72517	1109
7,72583	1097
7,72650	1085
7,72717	1075
7,72783	1065
7,72850	1056
7,72917	1048
7,72983	1040
7,73050	1032
7,73117	1025
7,73183	1019
7,73250	1013
7,73317	1007
7,73383	1002
7,73450	997
7,73517	993
7,73583	989
7,73650	985
7,73717	981
7,73783	977
7,73850	974
7,73917	970
7,73983	967
7,74050	963
7,74117	960
7,74183	956
7,74250	952
7,74317	949
7,74383	945
7,74450	942
7,74517	939
7,74583	936
7,74650	933
7,74717	929
7,74783	926
7,74850	922
7,74917	918
7,74983	914
7,75050	910
7,75117	906
7,75183	902
7,75250	898
7,75317	894
7,75383	890
7,75450	885
7,75517	881
7,75583	877
7,75650	873
7,75717	869
7,75783	866
7,75850	862
7,75917	859
7,75983	856
7,76050	852
7,76117	849
7,76183	846
7,76250	843
7,76317	841
7,76383	839
7,76450	837
7,76517	835
7,76583	833
7,76650	832
7,76717	831
7,76783	829
7,76850	828
7,76917	828
7,76983	827
7,77050	827
7,77117	826
7,77183	826
7,77250	826
7,77317	826
7,77383	826
7,77450	827
7,77517	827
7,77583	828
7,77650	829
7,77717	830
7,77783	831
7,77850	832
7,77917	833
7,77983	835
7,78050	836
7,78117	837
7,78183	838
7,78250	838
7,78317	839
7,78383	839
7,78450	839
7,78517	838
7,78583	838
7,78650	838
7,78717	837
7,78783	837
7,78850	836
7,78917	835
7,78983	834
7,79050	833
7,79117	832
7,79183	831
7,79250	830
7,79317	829
7,79383	827
7,79450	826
7,79517	824
7,79583	823
7,79650	821
7,79717	820
7,79783	818
7,79850	817
7,79917	815
7,79983	813
7,80050	812
7,80117	810
7,80183	808
7,80250	806
7,80317	804
7,80383	801
7,80450	798
7,80517	796
7,80583	793
7,80650	790
7,80717	787
7,80783	785
7,80850	782
7,80917	779
7,80983	777
7,81050	774
7,81117	772
7,81183	769
7,81250	767
7,81317	764
7,81383	762
7,81450	760
7,81517	757
7,81583	755
7,81650	753
7,81717	751
7,81783	750
7,81850	749
7,81917	748
7,81983	747
7,82050	747
7,82117	746
7,82183	746
7,82250	746
7,82317	746
7,82383	746
7,82450	746
7,82517	746
7,82583	745
7,82650	745
7,82717	744
7,82783	744
7,82850	743
7,82917	743
7,82983	742
7,83050	742
7,83117	742
7,83183	742
7,83250	741
7,83317	741
7,83383	741
7,83450	741
7,83517	742
7,83583	742
7,83650	743
7,83717	743
7,83783	744
7,83850	745
7,83917	745
7,83983	745
7,84050	745
7,84117	745
7,84183	745
7,84250	745
7,84317	745
7,84383	744
7,84450	743
7,84517	743
7,84583	742
7,84650	740
7,84717	739
7,84783	738
7,84850	736
7,84917	734
7,84983	732
7,85050	731
7,85117	729
7,85183	727
7,85250	725
7,85317	723
7,85383	721
7,85450	719
7,85517	717
7,85583	714
7,85650	712
7,85717	710
7,85783	707
7,85850	705
7,85917	702
7,85983	700
7,86050	698
7,86117	695
7,86183	693
7,86250	691
7,86317	689
7,86383	687
7,86450	685
7,86517	683
7,86583	681
7,86650	679
7,86717	677
7,86783	674
7,86850	672
7,86917	669
7,86983	666
7,87050	664
7,87117	661
7,87183	658
7,87250	655
7,87317	652
7,87383	649
7,87450	647
7,87517	644
7,87583	642
7,87650	639
7,87717	637
7,87783	634
7,87850	632
7,87917	629
7,87983	627
7,88050	625
7,88117	624
7,88183	622
7,88250	621
7,88317	620
7,88383	619
7,88450	618
7,88517	618
7,88583	617
7,88650	617
7,88717	616
7,88783	616
7,88850	615
7,88917	615
7,88983	614
7,89050	613
7,89117	612
7,89183	611
7,89250	610
7,89317	609
7,89383	609
7,89450	608
7,89517	607
7,89583	606
7,89650	605
7,89717	605
7,89783	604
7,89850	603
7,89917	603
7,89983	602
7,90050	601
7,90117	599
7,90183	598
7,90250	597
7,90317	595
7,90383	594
7,90450	592
7,90517	591
7,90583	589
7,90650	587
7,90717	585
7,90783	583
7,90850	581
7,90917	580
7,90983	578
7,91050	575
7,91117	573
7,91183	571
7,91250	569
7,91317	566
7,91383	564
7,91450	562
7,91517	560
7,91583	558
7,91650	556
7,91717	554
7,91783	553
7,91850	552
7,91917	551
7,91983	550
7,92050	550
7,92117	550
7,92183	552
7,92250	553
7,92317	556
7,92383	559
7,92450	564
7,92517	569
7,92583	575
7,92650	583
7,92717	591
7,92783	600
7,92850	610
7,92917	621
7,92983	633
7,93050	646
7,93117	659
7,93183	672
7,93250	686
7,93317	700
7,93383	714
7,93450	727
7,93517	741
7,93583	754
7,93650	766
7,93717	778
7,93783	788
7,93850	798
7,93917	806
7,93983	813
7,94050	818
7,94117	822
7,94183	825
7,94250	826
7,94317	826
7,94383	824
7,94450	821
7,94517	817
7,94583	811
7,94650	804
7,94717	797
7,94783	788
7,94850	779
7,94917	769
7,94983	759
7,95050	748
7,95117	737
7,95183	725
7,95250	713
7,95317	701
7,95383	689
7,95450	677
7,95517	665
7,95583	653
7,95650	641
7,95717	630
7,95783	618
7,95850	607
7,95917	597
7,95983	587
7,96050	577
7,96117	568
7,96183	559
7,96250	550
7,96317	542
7,96383	534
7,96450	526
7,96517	519
7,96583	512
7,96650	506
7,96717	500
7,96783	494
7,96850	489
7,96917	483
7,96983	479
7,97050	474
7,97117	470
7,97183	466
7,97250	462
7,97317	459
7,97383	455
7,97450	452
7,97517	449
7,97583	446
7,97650	443
7,97717	440
7,97783	437
7,97850	435
7,97917	432
7,97983	430
7,98050	427
7,98117	425
7,98183	423
7,98250	422
7,98317	420
7,98383	418
7,98450	417
7,98517	416
7,98583	415
7,98650	414
7,98717	413
7,98783	413
7,98850	412
7,98917	411
7,98983	410
7,99050	410
7,99117	409
7,99183	408
7,99250	407
7,99317	407
7,99383	406
7,99450	405
7,99517	404
7,99583	404
7,99650	403
7,99717	402
7,99783	401
7,99850	401
7,99917	400
7,99983	400
8,00050	400
8,00117	399
8,00183	399
8,00250	398
8,00317	397
8,00383	397
8,00450	396
8,00517	395
8,00583	393
8,00650	392
8,00717	391
8,00783	389
8,00850	388
8,00917	387
8,00983	386
8,01050	384
8,01117	383
8,01183	382
8,01250	381
8,01317	379
8,01383	378
8,01450	377
8,01517	376
8,01583	375
8,01650	374
8,01717	373
8,01783	372
8,01850	371
8,01917	369
8,01983	368
8,02050	367
8,02117	367
8,02183	366
8,02250	365
8,02317	364
8,02383	363
8,02450	362
8,02517	362
8,02583	361
8,02650	360
8,02717	359
8,02783	358
8,02850	357
8,02917	356
8,02983	355
8,03050	355
8,03117	354
8,03183	353
8,03250	353
8,03317	352
8,03383	351
8,03450	351
8,03517	350
8,03583	349
8,03650	349
8,03717	348
8,03783	348
8,03850	347
8,03917	346
8,03983	346
8,04050	345
8,04117	344
8,04183	344
8,04250	343
8,04317	342
8,04383	341
8,04450	340
8,04517	339
8,04583	338
8,04650	338
8,04717	337
8,04783	336
8,04850	336
8,04917	335
8,04983	335
8,05050	334
8,05117	333
8,05183	333
8,05250	332
8,05317	332
8,05383	331
8,05450	331
8,05517	330
8,05583	330
8,05650	329
8,05717	329
8,05783	329
8,05850	328
8,05917	328
8,05983	327
8,06050	327
8,06117	326
8,06183	325
8,06250	324
8,06317	324
8,06383	323
8,06450	322
8,06517	321
8,06583	320
8,06650	320
8,06717	319
8,06783	318
8,06850	318
8,06917	317
8,06983	316
8,07050	315
8,07117	315
8,07183	314
8,07250	313
8,07317	313
8,07383	312
8,07450	311
8,07517	310
8,07583	309
8,07650	309
8,07717	308
8,07783	308
8,07850	307
8,07917	306
8,07983	306
8,08050	305
8,08117	304
8,08183	304
8,08250	303
8,08317	303
8,08383	302
8,08450	302
8,08517	301
8,08583	301
8,08650	300
8,08717	300
8,08783	300
8,08850	299
8,08917	299
8,08983	298
8,09050	298
8,09117	297
8,09183	296
8,09250	296
8,09317	295
8,09383	295
8,09450	294
8,09517	294
8,09583	294
8,09650	293
8,09717	293
8,09783	293
8,09850	293
8,09917	293
8,09983	292
8,10050	292
8,10117	292
8,10183	292
8,10250	292
8,10317	291
8,10383	291
8,10450	290
8,10517	290
8,10583	289
8,10650	288
8,10717	288
8,10783	287
8,10850	286
8,10917	285
8,10983	285
8,11050	284
8,11117	283
8,11183	282
8,11250	282
8,11317	281
8,11383	280
8,11450	279
8,11517	279
8,11583	278
8,11650	278
8,11717	277
8,11783	277
8,11850	277
8,11917	276
8,11983	276
8,12050	275
8,12117	275
8,12183	274
8,12250	274
8,12317	274
8,12383	274
8,12450	273
8,12517	273
8,12583	273
8,12650	272
8,12717	272
8,12783	272
8,12850	271
8,12917	271
8,12983	271
8,13050	270
8,13117	270
8,13183	270
8,13250	270
8,13317	269
8,13383	269
8,13450	269
8,13517	268
8,13583	267
8,13650	267
8,13717	267
8,13783	266
8,13850	266
8,13917	266
8,13983	266
8,14050	266
8,14117	265
8,14183	265
8,14250	265
8,14317	264
8,14383	264
8,14450	264
8,14517	264
8,14583	263
8,14650	263
8,14717	262
8,14783	262
8,14850	261
8,14917	261
8,14983	261
8,15050	260
8,15117	260
8,15183	259
8,15250	259
8,15317	258
8,15383	257
8,15450	257
8,15517	256
8,15583	256
8,15650	255
8,15717	255
8,15783	255
8,15850	254
8,15917	253
8,15983	253
8,16050	252
8,16117	252
8,16183	251
8,16250	251
8,16317	251
8,16383	250
8,16450	250
8,16517	249
8,16583	249
8,16650	249
8,16717	248
8,16783	248
8,16850	248
8,16917	247
8,16983	247
8,17050	247
8,17117	246
8,17183	246
8,17250	246
8,17317	245
8,17383	245
8,17450	245
8,17517	244
8,17583	244
8,17650	244
8,17717	243
8,17783	243
8,17850	242
8,17917	242
8,17983	241
8,18050	241
8,18117	240
8,18183	240
8,18250	239
8,18317	239
8,18383	238
8,18450	238
8,18517	238
8,18583	238
8,18650	237
8,18717	237
8,18783	236
8,18850	235
8,18917	235
8,18983	234
8,19050	234
8,19117	233
8,19183	232
8,19250	232
8,19317	231
8,19383	230
8,19450	230
8,19517	229
8,19583	229
8,19650	229
8,19717	228
8,19783	228
8,19850	228
8,19917	227
8,19983	227
8,20050	227
8,20117	226
8,20183	226
8,20250	225
8,20317	225
8,20383	224
8,20450	223
8,20517	223
8,20583	222
8,20650	222
8,20717	222
8,20783	222
8,20850	221
8,20917	221
8,20983	221
8,21050	221
8,21117	220
8,21183	220
8,21250	220
8,21317	220
8,21383	220
8,21450	220
8,21517	220
8,21583	220
8,21650	221
8,21717	221
8,21783	221
8,21850	221
8,21917	221
8,21983	221
8,22050	221
8,22117	221
8,22183	220
8,22250	220
8,22317	220
8,22383	220
8,22450	220
8,22517	219
8,22583	219
8,22650	219
8,22717	218
8,22783	218
8,22850	218
8,22917	217
8,22983	216
8,23050	216
8,23117	215
8,23183	214
8,23250	214
8,23317	213
8,23383	213
8,23450	212
8,23517	212
8,23583	211
8,23650	211
8,23717	211
8,23783	210
8,23850	210
8,23917	210
8,23983	209
8,24050	209
8,24117	209
8,24183	208
8,24250	208
8,24317	208
8,24383	207
8,24450	207
8,24517	206
8,24583	205
8,24650	205
8,24717	204
8,24783	204
8,24850	204
8,24917	203
8,24983	203
8,25050	202
8,25117	202
8,25183	202
8,25250	201
8,25317	201
8,25383	201
8,25450	200
8,25517	200
8,25583	199
8,25650	199
8,25717	198
8,25783	198
8,25850	198
8,25917	198
8,25983	197
8,26050	197
8,26117	197
8,26183	197
8,26250	197
8,26317	197
8,26383	197
8,26450	197
8,26517	197
8,26583	197
8,26650	197
8,26717	197
8,26783	197
8,26850	197
8,26917	197
8,26983	198
8,27050	198
8,27117	198
8,27183	198
8,27250	198
8,27317	198
8,27383	198
8,27450	198
8,27517	198
8,27583	198
8,27650	198
8,27717	198
8,27783	197
8,27850	197
8,27917	197
8,27983	196
8,28050	196
8,28117	196
8,28183	196
8,28250	196
8,28317	196
8,28383	196
8,28450	195
8,28517	195
8,28583	195
8,28650	195
8,28717	195
8,28783	195
8,28850	195
8,28917	195
8,28983	195
8,29050	195
8,29117	195
8,29183	195
8,29250	195
8,29317	195
8,29383	195
8,29450	196
8,29517	196
8,29583	196
8,29650	197
8,29717	197
8,29783	197
8,29850	198
8,29917	198
8,29983	199
8,30050	199
8,30117	200
8,30183	200
8,30250	200
8,30317	201
8,30383	201
8,30450	201
8,30517	202
8,30583	202
8,30650	202
8,30717	203
8,30783	203
8,30850	203
8,30917	204
8,30983	204
8,31050	205
8,31117	205
8,31183	206
8,31250	206
8,31317	207
8,31383	207
8,31450	208
8,31517	208
8,31583	209
8,31650	209
8,31717	209
8,31783	209
8,31850	209
8,31917	209
8,31983	209
8,32050	209
8,32117	208
8,32183	208
8,32250	208
8,32317	207
8,32383	207
8,32450	207
8,32517	206
8,32583	206
8,32650	205
8,32717	205
8,32783	204
8,32850	204
8,32917	203
8,32983	202
8,33050	201
8,33117	201
8,33183	200
8,33250	199
8,33317	199
8,33383	198
8,33450	198
8,33517	197
8,33583	197
8,33650	196
8,33717	196
8,33783	195
8,33850	194
8,33917	193
8,33983	193
8,34050	192
8,34117	191
8,34183	191
8,34250	190
8,34317	190
8,34383	190
8,34450	190
8,34517	189
8,34583	189
8,34650	189
8,34717	189
8,34783	189
8,34850	189
8,34917	189
8,34983	189
8,35050	189
8,35117	189
8,35183	189
8,35250	189
8,35317	189
8,35383	189
8,35450	189
8,35517	189
8,35583	188
8,35650	188
8,35717	188
8,35783	188
8,35850	188
8,35917	187
8,35983	187
8,36050	187
8,36117	186
8,36183	186
8,36250	186
8,36317	185
8,36383	185
8,36450	185
8,36517	184
8,36583	184
8,36650	184
8,36717	183
8,36783	183
8,36850	183
8,36917	183
8,36983	182
8,37050	182
8,37117	181
8,37183	181
8,37250	180
8,37317	180
8,37383	179
8,37450	179
8,37517	178
8,37583	178
8,37650	178
8,37717	177
8,37783	177
8,37850	177
8,37917	176
8,37983	176
8,38050	176
8,38117	175
8,38183	175
8,38250	175
8,38317	175
8,38383	174
8,38450	174
8,38517	174
8,38583	173
8,38650	173
8,38717	172
8,38783	172
8,38850	172
8,38917	171
8,38983	171
8,39050	171
8,39117	170
8,39183	170
8,39250	169
8,39317	169
8,39383	168
8,39450	168
8,39517	167
8,39583	167
8,39650	167
8,39717	167
8,39783	166
8,39850	166
8,39917	166
8,39983	166
8,40050	165
8,40117	165
8,40183	165
8,40250	165
8,40317	164
8,40383	164
8,40450	164
8,40517	164
8,40583	163
8,40650	163
8,40717	163
8,40783	163
8,40850	162
8,40917	162
8,40983	162
8,41050	162
8,41117	161
8,41183	161
8,41250	161
8,41317	160
8,41383	160
8,41450	159
8,41517	159
8,41583	158
8,41650	158
8,41717	157
8,41783	157
8,41850	156
8,41917	156
8,41983	156
8,42050	156
8,42117	156
8,42183	156
8,42250	156
8,42317	156
8,42383	155
8,42450	155
8,42517	155
8,42583	155
8,42650	154
8,42717	154
8,42783	153
8,42850	153
8,42917	153
8,42983	152
8,43050	152
8,43117	152
8,43183	152
8,43250	151
8,43317	151
8,43383	151
8,43450	151
8,43517	151
8,43583	151
8,43650	151
8,43717	151
8,43783	152
8,43850	152
8,43917	152
8,43983	152
8,44050	153
8,44117	153
8,44183	153
8,44250	153
8,44317	153
8,44383	153
8,44450	153
8,44517	153
8,44583	152
8,44650	152
8,44717	152
8,44783	151
8,44850	151
8,44917	151
8,44983	150
8,45050	150
8,45117	150
8,45183	150
8,45250	150
8,45317	149
8,45383	149
8,45450	149
8,45517	149
8,45583	148
8,45650	148
8,45717	148
8,45783	148
8,45850	147
8,45917	147
8,45983	147
8,46050	147
8,46117	147
8,46183	147
8,46250	147
8,46317	147
8,46383	148
8,46450	148
8,46517	147
8,46583	147
8,46650	147
8,46717	147
8,46783	146
8,46850	146
8,46917	146
8,46983	146
8,47050	145
8,47117	145
8,47183	145
8,47250	145
8,47317	144
8,47383	144
8,47450	144
8,47517	143
8,47583	143
8,47650	143
8,47717	142
8,47783	142
8,47850	141
8,47917	141
8,47983	141
8,48050	140
8,48117	140
8,48183	140
8,48250	139
8,48317	139
8,48383	139
8,48450	138
8,48517	138
8,48583	138
8,48650	137
8,48717	137
8,48783	137
8,48850	137
8,48917	137
8,48983	137
8,49050	137
8,49117	136
8,49183	136
8,49250	137
8,49317	137
8,49383	137
8,49450	137
8,49517	137
8,49583	137
8,49650	137
8,49717	137
8,49783	137
8,49850	137
8,49917	137
8,49983	137
8,50050	137
8,50117	137
8,50183	137
8,50250	137
8,50317	137
8,50383	137
8,50450	137
8,50517	137
8,50583	137
8,50650	138
8,50717	138
8,50783	138
8,50850	138
8,50917	138
8,50983	138
8,51050	139
8,51117	139
8,51183	139
8,51250	139
8,51317	139
8,51383	139
8,51450	139
8,51517	139
8,51583	139
8,51650	139
8,51717	139
8,51783	139
8,51850	139
8,51917	139
8,51983	139
8,52050	139
8,52117	139
8,52183	139
8,52250	139
8,52317	139
8,52383	139
8,52450	139
8,52517	138
8,52583	138
8,52650	138
8,52717	138
8,52783	137
8,52850	137
8,52917	137
8,52983	137
8,53050	136
8,53117	136
8,53183	136
8,53250	136
8,53317	135
8,53383	135
8,53450	135
8,53517	135
8,53583	135
8,53650	135
8,53717	135
8,53783	135
8,53850	135
8,53917	135
8,53983	136
8,54050	136
8,54117	136
8,54183	136
8,54250	137
8,54317	137
8,54383	137
8,54450	138
8,54517	138
8,54583	138
8,54650	138
8,54717	138
8,54783	138
8,54850	138
8,54917	138
8,54983	138
8,55050	138
8,55117	138
8,55183	137
8,55250	137
8,55317	137
8,55383	137
8,55450	137
8,55517	137
8,55583	137
8,55650	137
8,55717	137
8,55783	137
8,55850	137
8,55917	138
8,55983	138
8,56050	138
8,56117	137
8,56183	137
8,56250	137
8,56317	136
8,56383	136
8,56450	135
8,56517	135
8,56583	135
8,56650	134
8,56717	134
8,56783	134
8,56850	134
8,56917	133
8,56983	133
8,57050	134
8,57117	134
8,57183	134
8,57250	134
8,57317	133
8,57383	133
8,57450	133
8,57517	132
8,57583	132
8,57650	132
8,57717	131
8,57783	131
8,57850	131
8,57917	130
8,57983	130
8,58050	130
8,58117	130
8,58183	130
8,58250	129
8,58317	129
8,58383	129
8,58450	129
8,58517	129
8,58583	129
8,58650	129
8,58717	129
8,58783	129
8,58850	129
8,58917	129
8,58983	129
8,59050	129
8,59117	129
8,59183	129
8,59250	129
8,59317	130
8,59383	130
8,59450	130
8,59517	130
8,59583	131
8,59650	131
8,59717	131
8,59783	132
8,59850	132
8,59917	132
8,59983	132
8,60050	132
8,60117	132
8,60183	132
8,60250	132
8,60317	132
8,60383	132
8,60450	132
8,60517	132
8,60583	131
8,60650	131
8,60717	131
8,60783	131
8,60850	131
8,60917	131
8,60983	131
8,61050	131
8,61117	131
8,61183	131
8,61250	131
8,61317	131
8,61383	130
8,61450	130
8,61517	130
8,61583	130
8,61650	130
8,61717	130
8,61783	130
8,61850	130
8,61917	130
8,61983	130
8,62050	130
8,62117	130
8,62183	130
8,62250	130
8,62317	130
8,62383	130
8,62450	130
8,62517	130
8,62583	130
8,62650	130
8,62717	130
8,62783	130
8,62850	130
8,62917	130
8,62983	130
8,63050	131
8,63117	131
8,63183	131
8,63250	131
8,63317	132
8,63383	132
8,63450	132
8,63517	133
8,63583	133
8,63650	134
8,63717	134
8,63783	134
8,63850	134
8,63917	134
8,63983	134
8,64050	134
8,64117	134
8,64183	134
8,64250	134
8,64317	134
8,64383	134
8,64450	134
8,64517	134
8,64583	134
8,64650	133
8,64717	133
8,64783	133
8,64850	132
8,64917	132
8,64983	131
8,65050	131
8,65117	131
8,65183	131
8,65250	131
8,65317	131
8,65383	131
8,65450	131
8,65517	131
8,65583	131
8,65650	131
8,65717	131
8,65783	131
8,65850	131
8,65917	131
8,65983	131
8,66050	131
8,66117	131
8,66183	131
8,66250	131
8,66317	131
8,66383	130
8,66450	130
8,66517	130
8,66583	130
8,66650	130
8,66717	129
8,66783	129
8,66850	129
8,66917	129
8,66983	129
8,67050	129
8,67117	129
8,67183	129
8,67250	129
8,67317	130
8,67383	130
8,67450	131
8,67517	131
8,67583	131
8,67650	132
8,67717	132
8,67783	132
8,67850	132
8,67917	132
8,67983	132
8,68050	132
8,68117	133
8,68183	133
8,68250	133
8,68317	133
8,68383	133
8,68450	133
8,68517	133
8,68583	132
8,68650	132
8,68717	132
8,68783	132
8,68850	131
8,68917	131
8,68983	131
8,69050	130
8,69117	130
8,69183	130
8,69250	130
8,69317	130
8,69383	130
8,69450	130
8,69517	130
8,69583	130
8,69650	130
8,69717	131
8,69783	131
8,69850	131
8,69917	131
8,69983	131
8,70050	131
8,70117	131
8,70183	131
8,70250	131
8,70317	131
8,70383	131
8,70450	131
8,70517	131
8,70583	131
8,70650	130
8,70717	130
8,70783	130
8,70850	130
8,70917	130
8,70983	130
8,71050	130
8,71117	130
8,71183	130
8,71250	130
8,71317	130
8,71383	129
8,71450	129
8,71517	129
8,71583	129
8,71650	129
8,71717	129
8,71783	129
8,71850	129
8,71917	129
8,71983	129
8,72050	129
8,72117	129
8,72183	129
8,72250	129
8,72317	129
8,72383	129
8,72450	129
8,72517	129
8,72583	129
8,72650	129
8,72717	129
8,72783	129
8,72850	129
8,72917	130
8,72983	130
8,73050	130
8,73117	130
8,73183	131
8,73250	131
8,73317	131
8,73383	131
8,73450	131
8,73517	132
8,73583	132
8,73650	132
8,73717	132
8,73783	132
8,73850	133
8,73917	133
8,73983	133
8,74050	133
8,74117	133
8,74183	133
8,74250	133
8,74317	133
8,74383	133
8,74450	133
8,74517	132
8,74583	132
8,74650	132
8,74717	132
8,74783	131
8,74850	131
8,74917	131
8,74983	131
8,75050	131
8,75117	131
8,75183	131
8,75250	132
8,75317	132
8,75383	132
8,75450	132
8,75517	132
8,75583	132
8,75650	132
8,75717	132
8,75783	132
8,75850	132
8,75917	132
8,75983	132
8,76050	132
8,76117	132
8,76183	132
8,76250	132
8,76317	132
8,76383	132
8,76450	132
8,76517	132
8,76583	132
8,76650	132
8,76717	132
8,76783	132
8,76850	131
8,76917	131
8,76983	131
8,77050	131
8,77117	131
8,77183	131
8,77250	132
8,77317	132
8,77383	132
8,77450	132
8,77517	132
8,77583	132
8,77650	132
8,77717	132
8,77783	132
8,77850	132
8,77917	132
8,77983	132
8,78050	132
8,78117	132
8,78183	132
8,78250	132
8,78317	132
8,78383	133
8,78450	133
8,78517	133
8,78583	133
8,78650	133
8,78717	133
8,78783	133
8,78850	133
8,78917	133
8,78983	133
8,79050	133
8,79117	133
8,79183	133
8,79250	133
8,79317	134
8,79383	134
8,79450	134
8,79517	134
8,79583	135
8,79650	135
8,79717	135
8,79783	135
8,79850	135
8,79917	136
8,79983	136
8,80050	136
8,80117	136
8,80183	137
8,80250	137
8,80317	137
8,80383	137
8,80450	137
8,80517	137
8,80583	137
8,80650	137
8,80717	137
8,80783	137
8,80850	136
8,80917	136
8,80983	135
8,81050	135
8,81117	135
8,81183	134
8,81250	134
8,81317	134
8,81383	134
8,81450	134
8,81517	134
8,81583	133
8,81650	134
8,81717	134
8,81783	134
8,81850	134
8,81917	134
8,81983	134
8,82050	134
8,82117	134
8,82183	134
8,82250	134
8,82317	134
8,82383	134
8,82450	134
8,82517	134
8,82583	134
8,82650	134
8,82717	134
8,82783	134
8,82850	134
8,82917	134
8,82983	133
8,83050	133
8,83117	133
8,83183	133
8,83250	132
8,83317	132
8,83383	132
8,83450	132
8,83517	132
8,83583	132
8,83650	132
8,83717	132
8,83783	132
8,83850	132
8,83917	132
8,83983	132
8,84050	132
8,84117	133
8,84183	133
8,84250	134
8,84317	134
8,84383	134
8,84450	134
8,84517	135
8,84583	135
8,84650	135
8,84717	135
8,84783	135
8,84850	134
8,84917	134
8,84983	134
8,85050	134
8,85117	134
8,85183	134
8,85250	134
8,85317	134
8,85383	134
8,85450	134
8,85517	135
8,85583	135
8,85650	135
8,85717	136
8,85783	136
8,85850	135
8,85917	135
8,85983	135
8,86050	135
8,86117	135
8,86183	134
8,86250	134
8,86317	133
8,86383	133
8,86450	133
8,86517	132
8,86583	132
8,86650	132
8,86717	132
8,86783	132
8,86850	132
8,86917	132
8,86983	132
8,87050	132
8,87117	131
8,87183	131
8,87250	131
8,87317	131
8,87383	130
8,87450	130
8,87517	130
8,87583	130
8,87650	129
8,87717	129
8,87783	129
8,87850	129
8,87917	129
8,87983	129
8,88050	129
8,88117	129
8,88183	129
8,88250	129
8,88317	129
8,88383	128
8,88450	128
8,88517	128
8,88583	128
8,88650	128
8,88717	128
8,88783	128
8,88850	128
8,88917	128
8,88983	128
8,89050	128
8,89117	128
8,89183	128
8,89250	128
8,89317	128
8,89383	127
8,89450	127
8,89517	127
8,89583	127
8,89650	126
8,89717	126
8,89783	126
8,89850	126
8,89917	126
8,89983	126
8,90050	126
8,90117	126
8,90183	126
8,90250	126
8,90317	126
8,90383	126
8,90450	126
8,90517	126
8,90583	126
8,90650	126
8,90717	127
8,90783	127
8,90850	127
8,90917	128
8,90983	128
8,91050	128
8,91117	128
8,91183	128
8,91250	129
8,91317	129
8,91383	128
8,91450	128
8,91517	128
8,91583	128
8,91650	128
8,91717	128
8,91783	129
8,91850	129
8,91917	129
8,91983	129
8,92050	129
8,92117	129
8,92183	129
8,92250	130
8,92317	130
8,92383	130
8,92450	130
8,92517	130
8,92583	130
8,92650	130
8,92717	130
8,92783	130
8,92850	130
8,92917	129
8,92983	129
8,93050	129
8,93117	129
8,93183	129
8,93250	129
8,93317	128
8,93383	128
8,93450	128
8,93517	128
8,93583	128
8,93650	128
8,93717	128
8,93783	128
8,93850	128
8,93917	128
8,93983	128
8,94050	128
8,94117	129
8,94183	129
8,94250	129
8,94317	129
8,94383	129
8,94450	129
8,94517	129
8,94583	129
8,94650	129
8,94717	129
8,94783	129
8,94850	128
8,94917	128
8,94983	128
8,95050	128
8,95117	128
8,95183	128
8,95250	128
8,95317	128
8,95383	128
8,95450	128
8,95517	128
8,95583	128
8,95650	128
8,95717	128
8,95783	128
8,95850	128
8,95917	128
8,95983	128
8,96050	128
8,96117	129
8,96183	129
8,96250	129
8,96317	130
8,96383	130
8,96450	131
8,96517	131
8,96583	131
8,96650	132
8,96717	132
8,96783	132
8,96850	133
8,96917	133
8,96983	133
8,97050	133
8,97117	133
8,97183	133
8,97250	134
8,97317	134
8,97383	134
8,97450	134
8,97517	135
8,97583	135
8,97650	135
8,97717	135
8,97783	135
8,97850	135
8,97917	135
8,97983	134
8,98050	134
8,98117	134
8,98183	133
8,98250	133
8,98317	133
8,98383	133
8,98450	132
8,98517	132
8,98583	132
8,98650	132
8,98717	132
8,98783	132
8,98850	132
8,98917	132
8,98983	132
8,99050	132
8,99117	131
8,99183	131
8,99250	131
8,99317	131
8,99383	131
8,99450	131
8,99517	131
8,99583	131
8,99650	131
8,99717	131
8,99783	130
8,99850	130
8,99917	130
8,99983	130
9,00050	130
9,00117	129
9,00183	129
9,00250	129
9,00317	129
9,00383	129
9,00450	129
9,00517	129
9,00583	129
9,00650	129
9,00717	130
9,00783	130
9,00850	130
9,00917	130
9,00983	130
9,01050	130
9,01117	130
9,01183	130
9,01250	130
9,01317	130
9,01383	130
9,01450	130
9,01517	130
9,01583	130
9,01650	130
9,01717	130
9,01783	130
9,01850	130
9,01917	130
9,01983	129
9,02050	129
9,02117	129
9,02183	129
9,02250	129
9,02317	128
9,02383	128
9,02450	128
9,02517	128
9,02583	128
9,02650	128
9,02717	128
9,02783	128
9,02850	128
9,02917	128
9,02983	128
9,03050	128
9,03117	128
9,03183	128
9,03250	128
9,03317	128
9,03383	128
9,03450	128
9,03517	128
9,03583	128
9,03650	128
9,03717	128
9,03783	128
9,03850	128
9,03917	128
9,03983	128
9,04050	129
9,04117	129
9,04183	129
9,04250	129
9,04317	129
9,04383	129
9,04450	129
9,04517	129
9,04583	129
9,04650	129
9,04717	129
9,04783	129
9,04850	129
9,04917	130
9,04983	130
9,05050	130
9,05117	131
9,05183	131
9,05250	131
9,05317	131
9,05383	131
9,05450	132
9,05517	132
9,05583	132
9,05650	132
9,05717	133
9,05783	133
9,05850	133
9,05917	133
9,05983	134
9,06050	134
9,06117	134
9,06183	134
9,06250	134
9,06317	133
9,06383	133
9,06450	133
9,06517	132
9,06583	132
9,06650	132
9,06717	132
9,06783	132
9,06850	132
9,06917	133
9,06983	133
9,07050	133
9,07117	133
9,07183	133
9,07250	133
9,07317	133
9,07383	133
9,07450	133
9,07517	133
9,07583	133
9,07650	132
9,07717	132
9,07783	132
9,07850	132
9,07917	132
9,07983	132
9,08050	133
9,08117	133
9,08183	133
9,08250	133
9,08317	133
9,08383	133
9,08450	133
9,08517	133
9,08583	133
9,08650	134
9,08717	134
9,08783	134
9,08850	134
9,08917	134
9,08983	134
9,09050	134
9,09117	134
9,09183	134
9,09250	134
9,09317	134
9,09383	134
9,09450	134
9,09517	133
9,09583	133
9,09650	133
9,09717	132
9,09783	132
9,09850	132
9,09917	131
9,09983	131
9,10050	131
9,10117	131
9,10183	131
9,10250	131
9,10317	131
9,10383	131
9,10450	131
9,10517	131
9,10583	131
9,10650	131
9,10717	131
9,10783	131
9,10850	131
9,10917	131
9,10983	131
9,11050	131
9,11117	132
9,11183	132
9,11250	132
9,11317	132
9,11383	132
9,11450	133
9,11517	133
9,11583	133
9,11650	133
9,11717	133
9,11783	133
9,11850	132
9,11917	132
9,11983	132
9,12050	132
9,12117	132
9,12183	132
9,12250	132
9,12317	132
9,12383	132
9,12450	132
9,12517	132
9,12583	131
9,12650	131
9,12717	131
9,12783	131
9,12850	130
9,12917	130
9,12983	130
9,13050	130
9,13117	130
9,13183	129
9,13250	129
9,13317	129
9,13383	129
9,13450	130
9,13517	130
9,13583	130
9,13650	130
9,13717	130
9,13783	131
9,13850	131
9,13917	131
9,13983	130
9,14050	130
9,14117	130
9,14183	130
9,14250	131
9,14317	131
9,14383	131
9,14450	131
9,14517	132
9,14583	132
9,14650	132
9,14717	132
9,14783	133
9,14850	133
9,14917	132
9,14983	132
9,15050	132
9,15117	132
9,15183	131
9,15250	131
9,15317	131
9,15383	131
9,15450	131
9,15517	131
9,15583	131
9,15650	131
9,15717	131
9,15783	131
9,15850	131
9,15917	132
9,15983	132
9,16050	132
9,16117	132
9,16183	132
9,16250	133
9,16317	133
9,16383	133
9,16450	133
9,16517	133
9,16583	134
9,16650	134
9,16717	134
9,16783	135
9,16850	135
9,16917	135
9,16983	136
9,17050	136
9,17117	136
9,17183	136
9,17250	136
9,17317	136
9,17383	136
9,17450	136
9,17517	136
9,17583	136
9,17650	136
9,17717	136
9,17783	136
9,17850	137
9,17917	137
9,17983	137
9,18050	137
9,18117	137
9,18183	137
9,18250	137
9,18317	137
9,18383	138
9,18450	138
9,18517	138
9,18583	138
9,18650	139
9,18717	139
9,18783	139
9,18850	140
9,18917	140
9,18983	140
9,19050	141
9,19117	141
9,19183	142
9,19250	142
9,19317	142
9,19383	143
9,19450	143
9,19517	144
9,19583	144
9,19650	145
9,19717	145
9,19783	146
9,19850	146
9,19917	147
9,19983	147
9,20050	148
9,20117	149
9,20183	149
9,20250	150
9,20317	150
9,20383	151
9,20450	152
9,20517	152
9,20583	153
9,20650	154
9,20717	155
9,20783	156
9,20850	157
9,20917	157
9,20983	158
9,21050	158
9,21117	159
9,21183	159
9,21250	159
9,21317	159
9,21383	159
9,21450	159
9,21517	159
9,21583	159
9,21650	160
9,21717	160
9,21783	160
9,21850	160
9,21917	160
9,21983	160
9,22050	160
9,22117	160
9,22183	160
9,22250	160
9,22317	160
9,22383	160
9,22450	160
9,22517	160
9,22583	160
9,22650	160
9,22717	160
9,22783	160
9,22850	160
9,22917	160
9,22983	160
9,23050	160
9,23117	160
9,23183	160
9,23250	160
9,23317	160
9,23383	160
9,23450	160
9,23517	159
9,23583	159
9,23650	159
9,23717	159
9,23783	159
9,23850	159
9,23917	159
9,23983	159
9,24050	159
9,24117	159
9,24183	159
9,24250	159
9,24317	159
9,24383	159
9,24450	159
9,24517	159
9,24583	159
9,24650	159
9,24717	159
9,24783	159
9,24850	159
9,24917	158
9,24983	158
9,25050	157
9,25117	157
9,25183	156
9,25250	156
9,25317	155
9,25383	154
9,25450	154
9,25517	153
9,25583	152
9,25650	152
9,25717	151
9,25783	150
9,25850	150
9,25917	150
9,25983	150
9,26050	149
9,26117	149
9,26183	149
9,26250	149
9,26317	149
9,26383	149
9,26450	149
9,26517	148
9,26583	148
9,26650	148
9,26717	148
9,26783	148
9,26850	147
9,26917	147
9,26983	147
9,27050	146
9,27117	146
9,27183	146
9,27250	145
9,27317	145
9,27383	145
9,27450	145
9,27517	145
9,27583	145
9,27650	144
9,27717	144
9,27783	144
9,27850	144
9,27917	144
9,27983	144
9,28050	144
9,28117	144
9,28183	144
9,28250	144
9,28317	144
9,28383	144
9,28450	144
9,28517	145
9,28583	145
9,28650	145
9,28717	145
9,28783	145
9,28850	145
9,28917	145
9,28983	145
9,29050	145
9,29117	145
9,29183	145
9,29250	145
9,29317	145
9,29383	145
9,29450	145
9,29517	145
9,29583	145
9,29650	145
9,29717	145
9,29783	145
9,29850	145
9,29917	145
9,29983	145
9,30050	145
9,30117	145
9,30183	145
9,30250	144
9,30317	144
9,30383	144
9,30450	144
9,30517	144
9,30583	144
9,30650	144
9,30717	144
9,30783	144
9,30850	144
9,30917	144
9,30983	144
9,31050	144
9,31117	144
9,31183	144
9,31250	144
9,31317	144
9,31383	144
9,31450	144
9,31517	144
9,31583	144
9,31650	144
9,31717	144
9,31783	144
9,31850	144
9,31917	144
9,31983	144
9,32050	145
9,32117	145
9,32183	145
9,32250	145
9,32317	145
9,32383	146
9,32450	146
9,32517	146
9,32583	146
9,32650	146
9,32717	146
9,32783	146
9,32850	147
9,32917	147
9,32983	146
9,33050	146
9,33117	146
9,33183	146
9,33250	146
9,33317	146
9,33383	146
9,33450	146
9,33517	145
9,33583	145
9,33650	145
9,33717	145
9,33783	145
9,33850	145
9,33917	145
9,33983	145
9,34050	145
9,34117	145
9,34183	145
9,34250	145
9,34317	145
9,34383	145
9,34450	145
9,34517	145
9,34583	145
9,34650	145
9,34717	145
9,34783	145
9,34850	145
9,34917	146
9,34983	146
9,35050	147
9,35117	147
9,35183	148
9,35250	148
9,35317	149
9,35383	150
9,35450	150
9,35517	151
9,35583	152
9,35650	152
9,35717	153
9,35783	154
9,35850	156
9,35917	157
9,35983	158
9,36050	159
9,36117	161
9,36183	162
9,36250	163
9,36317	165
9,36383	167
9,36450	169
9,36517	171
9,36583	173
9,36650	175
9,36717	178
9,36783	182
9,36850	185
9,36917	189
9,36983	194
9,37050	199
9,37117	205
9,37183	211
9,37250	218
9,37317	225
9,37383	233
9,37450	241
9,37517	250
9,37583	259
9,37650	269
9,37717	280
9,37783	291
9,37850	302
9,37917	314
9,37983	326
9,38050	339
9,38117	352
9,38183	365
9,38250	379
9,38317	392
9,38383	405
9,38450	418
9,38517	431
9,38583	444
9,38650	457
9,38717	469
9,38783	480
9,38850	491
9,38917	502
9,38983	512
9,39050	522
9,39117	531
9,39183	539
9,39250	547
9,39317	554
9,39383	560
9,39450	566
9,39517	572
9,39583	577
9,39650	581
9,39717	584
9,39783	587
9,39850	589
9,39917	590
9,39983	591
9,40050	592
9,40117	592
9,40183	591
9,40250	590
9,40317	589
9,40383	588
9,40450	586
9,40517	584
9,40583	582
9,40650	579
9,40717	577
9,40783	574
9,40850	571
9,40917	568
9,40983	564
9,41050	561
9,41117	557
9,41183	553
9,41250	550
9,41317	546
9,41383	541
9,41450	537
9,41517	533
9,41583	529
9,41650	524
9,41717	520
9,41783	516
9,41850	512
9,41917	508
9,41983	504
9,42050	500
9,42117	496
9,42183	493
9,42250	489
9,42317	486
9,42383	482
9,42450	479
9,42517	475
9,42583	472
9,42650	469
9,42717	465
9,42783	461
9,42850	458
9,42917	454
9,42983	450
9,43050	446
9,43117	442
9,43183	438
9,43250	434
9,43317	430
9,43383	426
9,43450	422
9,43517	418
9,43583	414
9,43650	410
9,43717	406
9,43783	402
9,43850	399
9,43917	395
9,43983	391
9,44050	387
9,44117	384
9,44183	380
9,44250	377
9,44317	374
9,44383	371
9,44450	367
9,44517	364
9,44583	361
9,44650	358
9,44717	356
9,44783	353
9,44850	350
9,44917	348
9,44983	345
9,45050	343
9,45117	340
9,45183	338
9,45250	336
9,45317	334
9,45383	332
9,45450	330
9,45517	328
9,45583	326
9,45650	324
9,45717	322
9,45783	320
9,45850	318
9,45917	316
9,45983	314
9,46050	313
9,46117	311
9,46183	309
9,46250	308
9,46317	306
9,46383	305
9,46450	304
9,46517	303
9,46583	302
9,46650	300
9,46717	299
9,46783	298
9,46850	296
9,46917	295
9,46983	294
9,47050	293
9,47117	292
9,47183	291
9,47250	291
9,47317	290
9,47383	289
9,47450	289
9,47517	288
9,47583	287
9,47650	287
9,47717	287
9,47783	286
9,47850	286
9,47917	285
9,47983	285
9,48050	284
9,48117	284
9,48183	284
9,48250	283
9,48317	283
9,48383	283
9,48450	282
9,48517	282
9,48583	282
9,48650	281
9,48717	281
9,48783	281
9,48850	280
9,48917	280
9,48983	280
9,49050	279
9,49117	278
9,49183	278
9,49250	278
9,49317	277
9,49383	277
9,49450	276
9,49517	276
9,49583	276
9,49650	275
9,49717	275
9,49783	275
9,49850	275
9,49917	275
9,49983	275
9,50050	275
9,50117	275
9,50183	275
9,50250	275
9,50317	274
9,50383	274
9,50450	274
9,50517	273
9,50583	272
9,50650	272
9,50717	271
9,50783	271
9,50850	270
9,50917	270
9,50983	269
9,51050	269
9,51117	268
9,51183	268
9,51250	267
9,51317	266
9,51383	266
9,51450	265
9,51517	264
9,51583	264
9,51650	264
9,51717	263
9,51783	263
9,51850	263
9,51917	263
9,51983	262
9,52050	262
9,52117	262
9,52183	261
9,52250	261
9,52317	261
9,52383	260
9,52450	260
9,52517	259
9,52583	259
9,52650	259
9,52717	258
9,52783	257
9,52850	257
9,52917	256
9,52983	255
9,53050	255
9,53117	254
9,53183	253
9,53250	252
9,53317	252
9,53383	251
9,53450	250
9,53517	249
9,53583	248
9,53650	247
9,53717	246
9,53783	245
9,53850	244
9,53917	243
9,53983	243
9,54050	242
9,54117	241
9,54183	241
9,54250	240
9,54317	240
9,54383	239
9,54450	238
9,54517	237
9,54583	237
9,54650	236
9,54717	235
9,54783	235
9,54850	234
9,54917	234
9,54983	233
9,55050	233
9,55117	232
9,55183	232
9,55250	231
9,55317	230
9,55383	230
9,55450	229
9,55517	228
9,55583	228
9,55650	227
9,55717	226
9,55783	225
9,55850	225
9,55917	224
9,55983	223
9,56050	222
9,56117	222
9,56183	221
9,56250	220
9,56317	220
9,56383	219
9,56450	218
9,56517	218
9,56583	217
9,56650	216
9,56717	216
9,56783	215
9,56850	214
9,56917	214
9,56983	213
9,57050	213
9,57117	212
9,57183	212
9,57250	211
9,57317	211
9,57383	210
9,57450	209
9,57517	209
9,57583	208
9,57650	207
9,57717	207
9,57783	206
9,57850	205
9,57917	204
9,57983	203
9,58050	203
9,58117	202
9,58183	201
9,58250	200
9,58317	199
9,58383	199
9,58450	199
9,58517	198
9,58583	198
9,58650	198
9,58717	198
9,58783	198
9,58850	197
9,58917	197
9,58983	197
9,59050	197
9,59117	196
9,59183	196
9,59250	195
9,59317	194
9,59383	193
9,59450	192
9,59517	191
9,59583	191
9,59650	190
9,59717	189
9,59783	188
9,59850	188
9,59917	187
9,59983	187
9,60050	186
9,60117	186
9,60183	186
9,60250	186
9,60317	186
9,60383	186
9,60450	186
9,60517	186
9,60583	186
9,60650	186
9,60717	186
9,60783	185
9,60850	185
9,60917	185
9,60983	185
9,61050	184
9,61117	184
9,61183	184
9,61250	183
9,61317	183
9,61383	183
9,61450	183
9,61517	183
9,61583	183
9,61650	183
9,61717	183
9,61783	183
9,61850	183
9,61917	183
9,61983	183
9,62050	183
9,62117	183
9,62183	183
9,62250	183
9,62317	183
9,62383	183
9,62450	183
9,62517	183
9,62583	183
9,62650	184
9,62717	184
9,62783	184
9,62850	184
9,62917	184
9,62983	183
9,63050	183
9,63117	183
9,63183	183
9,63250	183
9,63317	183
9,63383	183
9,63450	183
9,63517	183
9,63583	183
9,63650	183
9,63717	183
9,63783	183
9,63850	183
9,63917	183
9,63983	183
9,64050	183
9,64117	183
9,64183	183
9,64250	184
9,64317	184
9,64383	184
9,64450	184
9,64517	184
9,64583	184
9,64650	184
9,64717	184
9,64783	184
9,64850	185
9,64917	185
9,64983	185
9,65050	185
9,65117	185
9,65183	185
9,65250	185
9,65317	185
9,65383	185
9,65450	184
9,65517	184
9,65583	184
9,65650	184
9,65717	184
9,65783	184
9,65850	184
9,65917	183
9,65983	183
9,66050	183
9,66117	183
9,66183	182
9,66250	182
9,66317	182
9,66383	182
9,66450	182
9,66517	182
9,66583	182
9,66650	182
9,66717	182
9,66783	182
9,66850	183
9,66917	183
9,66983	183
9,67050	183
9,67117	183
9,67183	183
9,67250	183
9,67317	183
9,67383	183
9,67450	183
9,67517	183
9,67583	183
9,67650	183
9,67717	183
9,67783	183
9,67850	183
9,67917	183
9,67983	183
9,68050	183
9,68117	183
9,68183	183
9,68250	183
9,68317	182
9,68383	182
9,68450	181
9,68517	181
9,68583	181
9,68650	181
9,68717	181
9,68783	181
9,68850	181
9,68917	181
9,68983	181
9,69050	181
9,69117	182
9,69183	182
9,69250	182
9,69317	182
9,69383	182
9,69450	182
9,69517	182
9,69583	182
9,69650	182
9,69717	182
9,69783	182
9,69850	182
9,69917	183
9,69983	183
9,70050	183
9,70117	183
9,70183	183
9,70250	182
9,70317	182
9,70383	182
9,70450	182
9,70517	181
9,70583	181
9,70650	180
9,70717	180
9,70783	180
9,70850	179
9,70917	179
9,70983	179
9,71050	179
9,71117	179
9,71183	179
9,71250	179
9,71317	180
9,71383	180
9,71450	180
9,71517	181
9,71583	181
9,71650	181
9,71717	181
9,71783	181
9,71850	181
9,71917	182
9,71983	182
9,72050	182
9,72117	181
9,72183	181
9,72250	181
9,72317	181
9,72383	181
9,72450	181
9,72517	181
9,72583	181
9,72650	181
9,72717	181
9,72783	181
9,72850	181
9,72917	181
9,72983	181
9,73050	181
9,73117	181
9,73183	180
9,73250	180
9,73317	180
9,73383	180
9,73450	180
9,73517	180
9,73583	180
9,73650	180
9,73717	180
9,73783	180
9,73850	180
9,73917	180
9,73983	180
9,74050	180
9,74117	180
9,74183	180
9,74250	180
9,74317	180
9,74383	179
9,74450	179
9,74517	179
9,74583	179
9,74650	179
9,74717	179
9,74783	179
9,74850	178
9,74917	178
9,74983	178
9,75050	178
9,75117	178
9,75183	178
9,75250	178
9,75317	178
9,75383	178
9,75450	178
9,75517	178
9,75583	179
9,75650	179
9,75717	179
9,75783	179
9,75850	179
9,75917	179
9,75983	179
9,76050	179
9,76117	179
9,76183	179
9,76250	179
9,76317	179
9,76383	179
9,76450	179
9,76517	179
9,76583	180
9,76650	180
9,76717	180
9,76783	180
9,76850	180
9,76917	180
9,76983	180
9,77050	179
9,77117	179
9,77183	179
9,77250	178
9,77317	178
9,77383	178
9,77450	177
9,77517	177
9,77583	177
9,77650	176
9,77717	176
9,77783	176
9,77850	175
9,77917	175
9,77983	174
9,78050	174
9,78117	173
9,78183	173
9,78250	172
9,78317	171
9,78383	170
9,78450	170
9,78517	169
9,78583	168
9,78650	168
9,78717	167
9,78783	166
9,78850	166
9,78917	165
9,78983	165
9,79050	164
9,79117	164
9,79183	163
9,79250	163
9,79317	163
9,79383	163
9,79450	162
9,79517	162
9,79583	162
9,79650	162
9,79717	162
9,79783	162
9,79850	162
9,79917	162
9,79983	162
9,80050	162
9,80117	162
9,80183	162
9,80250	162
9,80317	162
9,80383	162
9,80450	162
9,80517	162
9,80583	162
9,80650	162
9,80717	162
9,80783	161
9,80850	161
9,80917	161
9,80983	161
9,81050	160
9,81117	160
9,81183	159
9,81250	159
9,81317	159
9,81383	158
9,81450	158
9,81517	158
9,81583	158
9,81650	158
9,81717	158
9,81783	158
9,81850	158
9,81917	157
9,81983	157
9,82050	157
9,82117	157
9,82183	157
9,82250	156
9,82317	156
9,82383	156
9,82450	156
9,82517	155
9,82583	155
9,82650	155
9,82717	155
9,82783	155
9,82850	155
9,82917	155
9,82983	155
9,83050	155
9,83117	155
9,83183	155
9,83250	155
9,83317	155
9,83383	155
9,83450	155
9,83517	155
9,83583	156
9,83650	156
9,83717	156
9,83783	156
9,83850	156
9,83917	156
9,83983	156
9,84050	156
9,84117	156
9,84183	156
9,84250	156
9,84317	156
9,84383	156
9,84450	156
9,84517	156
9,84583	156
9,84650	156
9,84717	157
9,84783	157
9,84850	157
9,84917	156
9,84983	156
9,85050	156
9,85117	156
9,85183	156
9,85250	156
9,85317	155
9,85383	155
9,85450	155
9,85517	155
9,85583	154
9,85650	154
9,85717	154
9,85783	154
9,85850	154
9,85917	154
9,85983	153
9,86050	153
9,86117	153
9,86183	153
9,86250	153
9,86317	153
9,86383	152
9,86450	152
9,86517	152
9,86583	152
9,86650	152
9,86717	152
9,86783	152
9,86850	152
9,86917	152
9,86983	152
9,87050	151
9,87117	151
9,87183	151
9,87250	151
9,87317	151
9,87383	151
9,87450	151
9,87517	150
9,87583	150
9,87650	150
9,87717	150
9,87783	150
9,87850	149
9,87917	149
9,87983	149
9,88050	149
9,88117	149
9,88183	149
9,88250	149
9,88317	149
9,88383	149
9,88450	149
9,88517	149
9,88583	149
9,88650	149
9,88717	149
9,88783	149
9,88850	150
9,88917	150
9,88983	150
9,89050	151
9,89117	151
9,89183	151
9,89250	152
9,89317	152
9,89383	152
9,89450	153
9,89517	153
9,89583	153
9,89650	153
9,89717	153
9,89783	153
9,89850	154
9,89917	154
9,89983	154
9,90050	155
9,90117	155
9,90183	156
9,90250	156
9,90317	157
9,90383	157
9,90450	158
9,90517	158
9,90583	158
9,90650	159
9,90717	159
9,90783	159
9,90850	159
9,90917	159
9,90983	159
9,91050	159
9,91117	159
9,91183	159
9,91250	160
9,91317	160
9,91383	160
9,91450	160
9,91517	161
9,91583	161
9,91650	162
9,91717	162
9,91783	163
9,91850	163
9,91917	163
9,91983	164
9,92050	164
9,92117	164
9,92183	164
9,92250	165
9,92317	165
9,92383	165
9,92450	165
9,92517	165
9,92583	165
9,92650	165
9,92717	164
9,92783	164
9,92850	164
9,92917	163
9,92983	163
9,93050	163
9,93117	163
9,93183	163
9,93250	163
9,93317	163
9,93383	163
9,93450	163
9,93517	163
9,93583	163
9,93650	163
9,93717	163
9,93783	163
9,93850	163
9,93917	162
9,93983	162
9,94050	162
9,94117	162
9,94183	162
9,94250	161
9,94317	161
9,94383	161
9,94450	161
9,94517	160
9,94583	160
9,94650	160
9,94717	160
9,94783	160
9,94850	160
9,94917	160
9,94983	160
9,95050	160
9,95117	160
9,95183	160
9,95250	160
9,95317	160
9,95383	161
9,95450	161
9,95517	161
9,95583	162
9,95650	162
9,95717	162
9,95783	162
9,95850	161
9,95917	161
9,95983	160
9,96050	160
9,96117	159
9,96183	159
9,96250	158
9,96317	158
9,96383	157
9,96450	156
9,96517	156
9,96583	155
9,96650	155
9,96717	154
9,96783	154
9,96850	154
9,96917	153
9,96983	153
9,97050	153
9,97117	153
9,97183	153
9,97250	154
9,97317	154
9,97383	154
9,97450	155
9,97517	155
9,97583	156
9,97650	156
9,97717	157
9,97783	158
9,97850	158
9,97917	159
9,97983	159
9,98050	160
9,98117	160
9,98183	161
9,98250	161
9,98317	161
9,98383	162
9,98450	162
9,98517	162
9,98583	163
9,98650	163
9,98717	164
9,98783	164
9,98850	164
9,98917	164
9,98983	164
9,99050	164
9,99117	164
9,99183	164
9,99250	163
9,99317	163
9,99383	162
9,99450	162
9,99517	162
9,99583	161
9,99650	161
9,99717	161
9,99783	160
9,99850	160
9,99917	159
9,99983	159
10,00050	159
10,00117	158
10,00183	158
10,00250	158
10,00317	157
10,00383	157
10,00450	156
10,00517	156
10,00583	156
10,00650	155
10,00717	155
10,00783	155
10,00850	155
10,00917	155
10,00983	155
10,01050	155
10,01117	155
10,01183	155
10,01250	154
10,01317	154
10,01383	154
10,01450	154
10,01517	154
10,01583	154
10,01650	154
10,01717	154
10,01783	154
10,01850	154
10,01917	154
10,01983	155
10,02050	155
10,02117	155
10,02183	156
10,02250	156
10,02317	157
10,02383	157
10,02450	157
10,02517	158
10,02583	158
10,02650	158
10,02717	158
10,02783	158
10,02850	158
10,02917	159
10,02983	159
10,03050	159
10,03117	159
10,03183	159
10,03250	159
10,03317	159
10,03383	159
10,03450	159
10,03517	159
10,03583	158
10,03650	158
10,03717	158
10,03783	158
10,03850	157
10,03917	157
10,03983	156
10,04050	156
10,04117	156
10,04183	156
10,04250	155
10,04317	155
10,04383	155
10,04450	155
10,04517	154
10,04583	154
10,04650	154
10,04717	154
10,04783	154
10,04850	153
10,04917	153
10,04983	153
10,05050	153
10,05117	153
10,05183	154
10,05250	154
10,05317	154
10,05383	154
10,05450	154
10,05517	154
10,05583	154
10,05650	154
10,05717	154
10,05783	154
10,05850	154
10,05917	154
10,05983	154
10,06050	154
10,06117	154
10,06183	154
10,06250	154
10,06317	155
10,06383	155
10,06450	155
10,06517	155
10,06583	155
10,06650	155
10,06717	156
10,06783	156
10,06850	156
10,06917	156
10,06983	156
10,07050	157
10,07117	157
10,07183	157
10,07250	157
10,07317	158
10,07383	158
10,07450	158
10,07517	158
10,07583	158
10,07650	158
10,07717	158
10,07783	158
10,07850	158
10,07917	158
10,07983	158
10,08050	158
10,08117	158
10,08183	158
10,08250	158
10,08317	158
10,08383	158
10,08450	157
10,08517	157
10,08583	157
10,08650	157
10,08717	157
10,08783	156
10,08850	156
10,08917	156
10,08983	156
10,09050	156
10,09117	156
10,09183	156
10,09250	156
10,09317	156
10,09383	157
10,09450	157
10,09517	157
10,09583	158
10,09650	158
10,09717	158
10,09783	159
10,09850	159
10,09917	160
10,09983	160
10,10050	161
10,10117	161
10,10183	162
10,10250	163
10,10317	163
10,10383	164
10,10450	164
10,10517	165
10,10583	165
10,10650	165
10,10717	165
10,10783	166
10,10850	165
10,10917	165
10,10983	165
10,11050	165
10,11117	165
10,11183	165
10,11250	165
10,11317	165
10,11383	165
10,11450	165
10,11517	165
10,11583	165
10,11650	165
10,11717	165
10,11783	164
10,11850	164
10,11917	164
10,11983	164
10,12050	163
10,12117	163
10,12183	162
10,12250	162
10,12317	162
10,12383	161
10,12450	161
10,12517	161
10,12583	160
10,12650	160
10,12717	160
10,12783	160
10,12850	161
10,12917	161
10,12983	160
10,13050	160
10,13117	160
10,13183	160
10,13250	160
10,13317	160
10,13383	160
10,13450	160
10,13517	160
10,13583	159
10,13650	160
10,13717	160
10,13783	160
10,13850	160
10,13917	160
10,13983	160
10,14050	160
10,14117	160
10,14183	160
10,14250	160
10,14317	160
10,14383	160
10,14450	160
10,14517	160
10,14583	161
10,14650	161
10,14717	161
10,14783	161
10,14850	161
10,14917	161
10,14983	160
10,15050	160
10,15117	160
10,15183	160
10,15250	159
10,15317	159
10,15383	159
10,15450	159
10,15517	158
10,15583	158
10,15650	157
10,15717	157
10,15783	157
10,15850	157
10,15917	156
10,15983	156
10,16050	156
10,16117	156
10,16183	155
10,16250	155
10,16317	155
10,16383	155
10,16450	154
10,16517	154
10,16583	154
10,16650	153
10,16717	153
10,16783	153
10,16850	152
10,16917	152
10,16983	152
10,17050	151
10,17117	151
10,17183	151
10,17250	151
10,17317	151
10,17383	151
10,17450	151
10,17517	151
10,17583	151
10,17650	151
10,17717	151
10,17783	151
10,17850	151
10,17917	151
10,17983	152
10,18050	152
10,18117	152
10,18183	152
10,18250	152
10,18317	152
10,18383	152
10,18450	152
10,18517	151
10,18583	151
10,18650	151
10,18717	151
10,18783	152
10,18850	152
10,18917	152
10,18983	152
10,19050	151
10,19117	151
10,19183	151
10,19250	151
10,19317	151
10,19383	151
10,19450	150
10,19517	150
10,19583	150
10,19650	150
10,19717	150
10,19783	149
10,19850	149
10,19917	149
10,19983	149
10,20050	149
10,20117	149
10,20183	150
10,20250	150
10,20317	150
10,20383	150
10,20450	150
10,20517	151
10,20583	151
10,20650	151
10,20717	151
10,20783	151
10,20850	151
10,20917	151
10,20983	151
10,21050	151
10,21117	151
10,21183	151
10,21250	151
10,21317	151
10,21383	151
10,21450	151
10,21517	151
10,21583	151
10,21650	151
10,21717	152
10,21783	152
10,21850	152
10,21917	152
10,21983	152
10,22050	153
10,22117	153
10,22183	153
10,22250	154
10,22317	154
10,22383	155
10,22450	155
10,22517	156
10,22583	156
10,22650	156
10,22717	156
10,22783	157
10,22850	157
10,22917	157
10,22983	157
10,23050	158
10,23117	158
10,23183	158
10,23250	158
10,23317	158
10,23383	159
10,23450	159
10,23517	159
10,23583	159
10,23650	159
10,23717	159
10,23783	159
10,23850	159
10,23917	159
10,23983	158
10,24050	158
10,24117	158
10,24183	158
10,24250	158
10,24317	159
10,24383	159
10,24450	159
10,24517	159
10,24583	160
10,24650	160
10,24717	160
10,24783	160
10,24850	160
10,24917	160
10,24983	160
10,25050	160
10,25117	160
10,25183	160
10,25250	160
10,25317	160
10,25383	161
10,25450	161
10,25517	161
10,25583	162
10,25650	162
10,25717	162
10,25783	162
10,25850	162
10,25917	162
10,25983	162
10,26050	162
10,26117	162
10,26183	162
10,26250	162
10,26317	162
10,26383	162
10,26450	163
10,26517	163
10,26583	163
10,26650	163
10,26717	163
10,26783	163
10,26850	164
10,26917	164
10,26983	164
10,27050	164
10,27117	165
10,27183	165
10,27250	165
10,27317	166
10,27383	166
10,27450	167
10,27517	167
10,27583	168
10,27650	168
10,27717	169
10,27783	169
10,27850	169
10,27917	169
10,27983	169
10,28050	169
10,28117	169
10,28183	169
10,28250	169
10,28317	169
10,28383	169
10,28450	169
10,28517	169
10,28583	170
10,28650	170
10,28717	170
10,28783	171
10,28850	171
10,28917	171
10,28983	172
10,29050	172
10,29117	173
10,29183	173
10,29250	174
10,29317	174
10,29383	175
10,29450	175
10,29517	176
10,29583	176
10,29650	177
10,29717	178
10,29783	180
10,29850	182
10,29917	184
10,29983	186
10,30050	189
10,30117	192
10,30183	195
10,30250	198
10,30317	202
10,30383	207
10,30450	211
10,30517	217
10,30583	223
10,30650	229
10,30717	236
10,30783	244
10,30850	253
10,30917	263
10,30983	274
10,31050	286
10,31117	299
10,31183	314
10,31250	331
10,31317	349
10,31383	369
10,31450	392
10,31517	417
10,31583	444
10,31650	474
10,31717	507
10,31783	543
10,31850	582
10,31917	624
10,31983	670
10,32050	718
10,32117	771
10,32183	827
10,32250	886
10,32317	949
10,32383	1015
10,32450	1085
10,32517	1159
10,32583	1237
10,32650	1320
10,32717	1406
10,32783	1497
10,32850	1591
10,32917	1690
10,32983	1792
10,33050	1897
10,33117	2007
10,33183	2119
10,33250	2235
10,33317	2354
10,33383	2475
10,33450	2597
10,33517	2718
10,33583	2838
10,33650	2954
10,33717	3066
10,33783	3172
10,33850	3272
10,33917	3365
10,33983	3451
10,34050	3531
10,34117	3603
10,34183	3666
10,34250	3721
10,34317	3767
10,34383	3804
10,34450	3833
10,34517	3854
10,34583	3867
10,34650	3872
10,34717	3872
10,34783	3865
10,34850	3853
10,34917	3835
10,34983	3812
10,35050	3784
10,35117	3752
10,35183	3714
10,35250	3672
10,35317	3627
10,35383	3578
10,35450	3526
10,35517	3471
10,35583	3414
10,35650	3355
10,35717	3295
10,35783	3234
10,35850	3172
10,35917	3110
10,35983	3049
10,36050	2987
10,36117	2927
10,36183	2868
10,36250	2809
10,36317	2752
10,36383	2697
10,36450	2642
10,36517	2589
10,36583	2537
10,36650	2486
10,36717	2436
10,36783	2387
10,36850	2338
10,36917	2289
10,36983	2241
10,37050	2193
10,37117	2146
10,37183	2099
10,37250	2053
10,37317	2008
10,37383	1964
10,37450	1921
10,37517	1878
10,37583	1837
10,37650	1796
10,37717	1755
10,37783	1716
10,37850	1676
10,37917	1637
10,37983	1598
10,38050	1560
10,38117	1522
10,38183	1484
10,38250	1447
10,38317	1409
10,38383	1372
10,38450	1336
10,38517	1299
10,38583	1262
10,38650	1226
10,38717	1190
10,38783	1155
10,38850	1120
10,38917	1085
10,38983	1051
10,39050	1018
10,39117	986
10,39183	954
10,39250	924
10,39317	894
10,39383	865
10,39450	836
10,39517	809
10,39583	782
10,39650	757
10,39717	732
10,39783	708
10,39850	685
10,39917	662
10,39983	641
10,40050	620
10,40117	600
10,40183	580
10,40250	562
10,40317	544
10,40383	526
10,40450	509
10,40517	494
10,40583	478
10,40650	464
10,40717	450
10,40783	437
10,40850	424
10,40917	412
10,40983	401
10,41050	390
10,41117	379
10,41183	369
10,41250	360
10,41317	352
10,41383	344
10,41450	336
10,41517	329
10,41583	322
10,41650	315
10,41717	309
10,41783	303
10,41850	298
10,41917	293
10,41983	288
10,42050	284
10,42117	279
10,42183	275
10,42250	272
10,42317	268
10,42383	265
10,42450	262
10,42517	259
10,42583	256
10,42650	254
10,42717	251
10,42783	249
10,42850	247
10,42917	244
10,42983	242
10,43050	240
10,43117	239
10,43183	237
10,43250	236
10,43317	234
10,43383	233
10,43450	232
10,43517	230
10,43583	229
10,43650	228
10,43717	227
10,43783	226
10,43850	225
10,43917	224
10,43983	223
10,44050	222
10,44117	221
10,44183	220
10,44250	219
10,44317	218
10,44383	218
10,44450	217
10,44517	217
10,44583	217
10,44650	216
10,44717	216
10,44783	216
10,44850	215
10,44917	215
10,44983	215
10,45050	215
10,45117	214
10,45183	214
10,45250	213
10,45317	213
10,45383	212
10,45450	212
10,45517	212
10,45583	211
10,45650	211
10,45717	211
10,45783	211
10,45850	211
10,45917	211
10,45983	210
10,46050	210
10,46117	210
10,46183	210
10,46250	210
10,46317	210
10,46383	210
10,46450	209
10,46517	209
10,46583	209
10,46650	208
10,46717	208
10,46783	208
10,46850	207
10,46917	207
10,46983	207
10,47050	206
10,47117	206
10,47183	205
10,47250	204
10,47317	204
10,47383	203
10,47450	203
10,47517	203
10,47583	202
10,47650	202
10,47717	202
10,47783	202
10,47850	202
10,47917	201
10,47983	201
10,48050	201
10,48117	201
10,48183	200
10,48250	200
10,48317	200
10,48383	199
10,48450	199
10,48517	199
10,48583	198
10,48650	198
10,48717	198
10,48783	197
10,48850	197
10,48917	197
10,48983	197
10,49050	196
10,49117	196
10,49183	196
10,49250	196
10,49317	195
10,49383	195
10,49450	194
10,49517	194
10,49583	194
10,49650	193
10,49717	193
10,49783	193
10,49850	193
10,49917	193
10,49983	193
10,50050	193
10,50117	193
10,50183	193
10,50250	193
10,50317	193
10,50383	192
10,50450	192
10,50517	192
10,50583	192
10,50650	192
10,50717	191
10,50783	191
10,50850	191
10,50917	191
10,50983	191
10,51050	191
10,51117	190
10,51183	190
10,51250	190
10,51317	190
10,51383	190
10,51450	190
10,51517	190
10,51583	190
10,51650	190
10,51717	190
10,51783	190
10,51850	190
10,51917	190
10,51983	191
10,52050	191
10,52117	192
10,52183	193
10,52250	193
10,52317	193
10,52383	194
10,52450	195
10,52517	195
10,52583	195
10,52650	196
10,52717	196
10,52783	196
10,52850	197
10,52917	197
10,52983	198
10,53050	198
10,53117	199
10,53183	199
10,53250	200
10,53317	200
10,53383	200
10,53450	201
10,53517	201
10,53583	201
10,53650	201
10,53717	201
10,53783	202
10,53850	202
10,53917	202
10,53983	203
10,54050	203
10,54117	203
10,54183	204
10,54250	204
10,54317	204
10,54383	204
10,54450	204
10,54517	205
10,54583	205
10,54650	205
10,54717	205
10,54783	205
10,54850	205
10,54917	205
10,54983	205
10,55050	205
10,55117	205
10,55183	205
10,55250	205
10,55317	205
10,55383	205
10,55450	205
10,55517	206
10,55583	206
10,55650	206
10,55717	206
10,55783	206
10,55850	206
10,55917	206
10,55983	206
10,56050	206
10,56117	206
10,56183	207
10,56250	207
10,56317	207
10,56383	207
10,56450	207
10,56517	208
10,56583	208
10,56650	208
10,56717	208
10,56783	209
10,56850	209
10,56917	209
10,56983	210
10,57050	210
10,57117	210
10,57183	210
10,57250	211
10,57317	211
10,57383	211
10,57450	211
10,57517	211
10,57583	211
10,57650	211
10,57717	211
10,57783	211
10,57850	211
10,57917	212
10,57983	212
10,58050	212
10,58117	212
10,58183	213
10,58250	213
10,58317	213
10,58383	214
10,58450	214
10,58517	215
10,58583	215
10,58650	216
10,58717	216
10,58783	217
10,58850	217
10,58917	218
10,58983	218
10,59050	219
10,59117	220
10,59183	220
10,59250	221
10,59317	222
10,59383	223
10,59450	224
10,59517	224
10,59583	225
10,59650	225
10,59717	226
10,59783	226
10,59850	227
10,59917	227
10,59983	228
10,60050	228
10,60117	228
10,60183	229
10,60250	229
10,60317	230
10,60383	230
10,60450	231
10,60517	231
10,60583	232
10,60650	233
10,60717	233
10,60783	233
10,60850	234
10,60917	235
10,60983	235
10,61050	236
10,61117	236
10,61183	237
10,61250	238
10,61317	238
10,61383	239
10,61450	240
10,61517	241
10,61583	242
10,61650	243
10,61717	244
10,61783	245
10,61850	246
10,61917	247
10,61983	248
10,62050	248
10,62117	249
10,62183	249
10,62250	250
10,62317	251
10,62383	251
10,62450	252
10,62517	252
10,62583	253
10,62650	253
10,62717	254
10,62783	254
10,62850	254
10,62917	254
10,62983	254
10,63050	254
10,63117	254
10,63183	254
10,63250	254
10,63317	254
10,63383	253
10,63450	253
10,63517	253
10,63583	252
10,63650	252
10,63717	251
10,63783	251
10,63850	251
10,63917	250
10,63983	250
10,64050	249
10,64117	248
10,64183	248
10,64250	247
10,64317	246
10,64383	245
10,64450	245
10,64517	244
10,64583	243
10,64650	243
10,64717	242
10,64783	242
10,64850	242
10,64917	242
10,64983	242
10,65050	241
10,65117	241
10,65183	241
10,65250	241
10,65317	241
10,65383	240
10,65450	240
10,65517	240
10,65583	240
10,65650	239
10,65717	239
10,65783	239
10,65850	239
10,65917	239
10,65983	239
10,66050	238
10,66117	238
10,66183	238
10,66250	238
10,66317	238
10,66383	237
10,66450	237
10,66517	237
10,66583	236
10,66650	236
10,66717	236
10,66783	236
10,66850	236
10,66917	236
10,66983	236
10,67050	236
10,67117	236
10,67183	237
10,67250	237
10,67317	237
10,67383	237
10,67450	237
10,67517	237
10,67583	237
10,67650	237
10,67717	237
10,67783	237
10,67850	238
10,67917	238
10,67983	238
10,68050	238
10,68117	238
10,68183	238
10,68250	238
10,68317	238
10,68383	238
10,68450	237
10,68517	237
10,68583	237
10,68650	237
10,68717	236
10,68783	236
10,68850	236
10,68917	236
10,68983	236
10,69050	236
10,69117	236
10,69183	236
10,69250	236
10,69317	236
10,69383	236
10,69450	236
10,69517	236
10,69583	236
10,69650	236
10,69717	236
10,69783	236
10,69850	236
10,69917	236
10,69983	236
10,70050	236
10,70117	236
10,70183	236
10,70250	236
10,70317	236
10,70383	236
10,70450	236
10,70517	237
10,70583	237
10,70650	237
10,70717	237
10,70783	237
10,70850	237
10,70917	237
10,70983	237
10,71050	237
10,71117	237
10,71183	237
10,71250	237
10,71317	238
10,71383	238
10,71450	238
10,71517	238
10,71583	239
10,71650	239
10,71717	239
10,71783	239
10,71850	239
10,71917	239
10,71983	239
10,72050	240
10,72117	240
10,72183	240
10,72250	240
10,72317	241
10,72383	241
10,72450	241
10,72517	242
10,72583	242
10,72650	242
10,72717	243
10,72783	243
10,72850	243
10,72917	243
10,72983	243
10,73050	243
10,73117	243
10,73183	243
10,73250	243
10,73317	243
10,73383	243
10,73450	242
10,73517	242
10,73583	242
10,73650	242
10,73717	242
10,73783	242
10,73850	242
10,73917	242
10,73983	242
10,74050	242
10,74117	242
10,74183	242
10,74250	242
10,74317	242
10,74383	242
10,74450	241
10,74517	241
10,74583	241
10,74650	241
10,74717	241
10,74783	241
10,74850	240
10,74917	240
10,74983	240
10,75050	240
10,75117	239
10,75183	239
10,75250	239
10,75317	239
10,75383	239
10,75450	239
10,75517	239
10,75583	239
10,75650	238
10,75717	238
10,75783	238
10,75850	238
10,75917	238
10,75983	237
10,76050	237
10,76117	237
10,76183	236
10,76250	236
10,76317	236
10,76383	236
10,76450	236
10,76517	236
10,76583	236
10,76650	236
10,76717	236
10,76783	237
10,76850	237
10,76917	237
10,76983	237
10,77050	237
10,77117	237
10,77183	237
10,77250	237
10,77317	237
10,77383	236
10,77450	236
10,77517	236
10,77583	236
10,77650	236
10,77717	236
10,77783	236
10,77850	236
10,77917	236
10,77983	236
10,78050	236
10,78117	235
10,78183	235
10,78250	235
10,78317	235
10,78383	235
10,78450	235
10,78517	234
10,78583	234
10,78650	234
10,78717	234
10,78783	233
10,78850	233
10,78917	233
10,78983	233
10,79050	233
10,79117	233
10,79183	232
10,79250	232
10,79317	232
10,79383	232
10,79450	231
10,79517	231
10,79583	231
10,79650	231
10,79717	231
10,79783	232
10,79850	232
10,79917	232
10,79983	232
10,80050	232
10,80117	232
10,80183	232
10,80250	232
10,80317	232
10,80383	233
10,80450	233
10,80517	233
10,80583	233
10,80650	234
10,80717	234
10,80783	234
10,80850	234
10,80917	234
10,80983	235
10,81050	235
10,81117	235
10,81183	235
10,81250	235
10,81317	235
10,81383	235
10,81450	235
10,81517	235
10,81583	235
10,81650	235
10,81717	235
10,81783	235
10,81850	235
10,81917	236
10,81983	236
10,82050	236
10,82117	236
10,82183	236
10,82250	236
10,82317	236
10,82383	237
10,82450	237
10,82517	237
10,82583	237
10,82650	238
10,82717	238
10,82783	239
10,82850	240
10,82917	241
10,82983	242
10,83050	243
10,83117	244
10,83183	245
10,83250	247
10,83317	249
10,83383	251
10,83450	254
10,83517	257
10,83583	260
10,83650	264
10,83717	269
10,83783	274
10,83850	280
10,83917	287
10,83983	294
10,84050	303
10,84117	312
10,84183	322
10,84250	333
10,84317	345
10,84383	358
10,84450	372
10,84517	387
10,84583	402
10,84650	419
10,84717	436
10,84783	455
10,84850	474
10,84917	495
10,84983	516
10,85050	539
10,85117	563
10,85183	588
10,85250	614
10,85317	641
10,85383	668
10,85450	696
10,85517	725
10,85583	754
10,85650	782
10,85717	812
10,85783	841
10,85850	870
10,85917	899
10,85983	928
10,86050	957
10,86117	987
10,86183	1016
10,86250	1046
10,86317	1076
10,86383	1107
10,86450	1138
10,86517	1170
10,86583	1203
10,86650	1237
10,86717	1272
10,86783	1309
10,86850	1346
10,86917	1384
10,86983	1422
10,87050	1461
10,87117	1501
10,87183	1541
10,87250	1581
10,87317	1622
10,87383	1664
10,87450	1706
10,87517	1748
10,87583	1791
10,87650	1834
10,87717	1877
10,87783	1920
10,87850	1962
10,87917	2004
10,87983	2046
10,88050	2086
10,88117	2126
10,88183	2163
10,88250	2200
10,88317	2235
10,88383	2268
10,88450	2299
10,88517	2328
10,88583	2355
10,88650	2381
10,88717	2405
10,88783	2427
10,88850	2447
10,88917	2465
10,88983	2480
10,89050	2493
10,89117	2503
10,89183	2511
10,89250	2516
10,89317	2517
10,89383	2516
10,89450	2511
10,89517	2503
10,89583	2492
10,89650	2477
10,89717	2460
10,89783	2440
10,89850	2417
10,89917	2392
10,89983	2365
10,90050	2335
10,90117	2303
10,90183	2269
10,90250	2233
10,90317	2195
10,90383	2155
10,90450	2115
10,90517	2072
10,90583	2029
10,90650	1985
10,90717	1940
10,90783	1894
10,90850	1847
10,90917	1800
10,90983	1751
10,91050	1702
10,91117	1652
10,91183	1601
10,91250	1551
10,91317	1501
10,91383	1451
10,91450	1401
10,91517	1352
10,91583	1304
10,91650	1256
10,91717	1210
10,91783	1165
10,91850	1120
10,91917	1077
10,91983	1035
10,92050	994
10,92117	955
10,92183	917
10,92250	880
10,92317	845
10,92383	811
10,92450	778
10,92517	747
10,92583	717
10,92650	689
10,92717	662
10,92783	636
10,92850	612
10,92917	589
10,92983	567
10,93050	547
10,93117	527
10,93183	509
10,93250	491
10,93317	475
10,93383	460
10,93450	445
10,93517	432
10,93583	419
10,93650	407
10,93717	396
10,93783	386
10,93850	376
10,93917	367
10,93983	358
10,94050	350
10,94117	343
10,94183	336
10,94250	329
10,94317	323
10,94383	317
10,94450	311
10,94517	306
10,94583	301
10,94650	297
10,94717	293
10,94783	289
10,94850	285
10,94917	281
10,94983	278
10,95050	275
10,95117	272
10,95183	269
10,95250	266
10,95317	264
10,95383	261
10,95450	259
10,95517	257
10,95583	254
10,95650	253
10,95717	251
10,95783	249
10,95850	247
10,95917	246
10,95983	245
10,96050	244
10,96117	243
10,96183	242
10,96250	241
10,96317	240
10,96383	238
10,96450	237
10,96517	236
10,96583	235
10,96650	234
10,96717	233
10,96783	232
10,96850	232
10,96917	231
10,96983	231
10,97050	230
10,97117	230
10,97183	230
10,97250	229
10,97317	229
10,97383	229
10,97450	228
10,97517	228
10,97583	227
10,97650	227
10,97717	227
10,97783	227
10,97850	227
10,97917	227
10,97983	227
10,98050	227
10,98117	227
10,98183	227
10,98250	227
10,98317	228
10,98383	228
10,98450	228
10,98517	228
10,98583	228
10,98650	228
10,98717	228
10,98783	228
10,98850	228
10,98917	228
10,98983	228
10,99050	228
10,99117	228
10,99183	228
10,99250	228
10,99317	228
10,99383	228
10,99450	228
10,99517	228
10,99583	227
10,99650	227
10,99717	227
10,99783	227
10,99850	227
10,99917	227
10,99983	228
11,00050	228
11,00117	228
11,00183	228
11,00250	228
11,00317	228
11,00383	229
11,00450	229
11,00517	229
11,00583	230
11,00650	230
11,00717	230
11,00783	231
11,00850	231
11,00917	232
11,00983	233
11,01050	233
11,01117	234
11,01183	235
11,01250	235
11,01317	236
11,01383	236
11,01450	237
11,01517	238
11,01583	238
11,01650	239
11,01717	240
11,01783	240
11,01850	241
11,01917	241
11,01983	242
11,02050	242
11,02117	243
11,02183	243
11,02250	244
11,02317	244
11,02383	244
11,02450	244
11,02517	244
11,02583	244
11,02650	244
11,02717	243
11,02783	243
11,02850	242
11,02917	242
11,02983	242
11,03050	241
11,03117	241
11,03183	240
11,03250	240
11,03317	239
11,03383	239
11,03450	239
11,03517	239
11,03583	239
11,03650	238
11,03717	238
11,03783	238
11,03850	238
11,03917	237
11,03983	237
11,04050	237
11,04117	236
11,04183	236
11,04250	236
11,04317	236
11,04383	235
11,04450	235
11,04517	235
11,04583	235
11,04650	234
11,04717	234
11,04783	233
11,04850	233
11,04917	233
11,04983	233
11,05050	233
11,05117	233
11,05183	233
11,05250	232
11,05317	232
11,05383	231
11,05450	231
11,05517	230
11,05583	230
11,05650	229
11,05717	229
11,05783	228
11,05850	227
11,05917	227
11,05983	226
11,06050	226
11,06117	225
11,06183	225
11,06250	224
11,06317	224
11,06383	223
11,06450	223
11,06517	223
11,06583	222
11,06650	222
11,06717	222
11,06783	222
11,06850	222
11,06917	222
11,06983	222
11,07050	222
11,07117	222
11,07183	222
11,07250	222
11,07317	222
11,07383	222
11,07450	222
11,07517	222
11,07583	222
11,07650	222
11,07717	222
11,07783	222
11,07850	222
11,07917	222
11,07983	222
11,08050	223
11,08117	223
11,08183	224
11,08250	224
11,08317	224
11,08383	224
11,08450	225
11,08517	225
11,08583	225
11,08650	226
11,08717	226
11,08783	226
11,08850	227
11,08917	227
11,08983	227
11,09050	228
11,09117	228
11,09183	229
11,09250	229
11,09317	230
11,09383	230
11,09450	231
11,09517	231
11,09583	232
11,09650	232
11,09717	232
11,09783	233
11,09850	233
11,09917	234
11,09983	234
11,10050	235
11,10117	235
11,10183	236
11,10250	236
11,10317	237
11,10383	237
11,10450	237
11,10517	237
11,10583	238
11,10650	238
11,10717	239
11,10783	239
11,10850	239
11,10917	240
11,10983	240
11,11050	240
11,11117	241
11,11183	241
11,11250	241
11,11317	242
11,11383	242
11,11450	242
11,11517	243
11,11583	243
11,11650	243
11,11717	244
11,11783	244
11,11850	245
11,11917	245
11,11983	245
11,12050	245
11,12117	245
11,12183	246
11,12250	246
11,12317	246
11,12383	246
11,12450	246
11,12517	246
11,12583	246
11,12650	246
11,12717	246
11,12783	246
11,12850	246
11,12917	247
11,12983	247
11,13050	247
11,13117	248
11,13183	248
11,13250	248
11,13317	248
11,13383	248
11,13450	249
11,13517	249
11,13583	249
11,13650	250
11,13717	250
11,13783	251
11,13850	251
11,13917	251
11,13983	251
11,14050	252
11,14117	252
11,14183	252
11,14250	252
11,14317	252
11,14383	253
11,14450	253
11,14517	253
11,14583	253
11,14650	253
11,14717	253
11,14783	254
11,14850	254
11,14917	255
11,14983	255
11,15050	255
11,15117	256
11,15183	256
11,15250	257
11,15317	258
11,15383	258
11,15450	259
11,15517	259
11,15583	260
11,15650	260
11,15717	260
11,15783	261
11,15850	261
11,15917	261
11,15983	262
11,16050	263
11,16117	263
11,16183	264
11,16250	265
11,16317	265
11,16383	266
11,16450	267
11,16517	268
11,16583	268
11,16650	269
11,16717	269
11,16783	270
11,16850	270
11,16917	270
11,16983	271
11,17050	271
11,17117	271
11,17183	271
11,17250	271
11,17317	271
11,17383	272
11,17450	272
11,17517	272
11,17583	272
11,17650	272
11,17717	273
11,17783	273
11,17850	273
11,17917	273
11,17983	273
11,18050	273
11,18117	273
11,18183	274
11,18250	274
11,18317	274
11,18383	274
11,18450	274
11,18517	274
11,18583	275
11,18650	275
11,18717	275
11,18783	275
11,18850	275
11,18917	275
11,18983	275
11,19050	274
11,19117	274
11,19183	274
11,19250	274
11,19317	274
11,19383	273
11,19450	273
11,19517	273
11,19583	273
11,19650	272
11,19717	271
11,19783	271
11,19850	270
11,19917	270
11,19983	269
11,20050	269
11,20117	268
11,20183	268
11,20250	268
11,20317	267
11,20383	267
11,20450	267
11,20517	266
11,20583	266
11,20650	266
11,20717	266
11,20783	266
11,20850	266
11,20917	266
11,20983	266
11,21050	266
11,21117	266
11,21183	266
11,21250	266
11,21317	266
11,21383	266
11,21450	266
11,21517	266
11,21583	266
11,21650	265
11,21717	265
11,21783	265
11,21850	264
11,21917	264
11,21983	263
11,22050	263
11,22117	262
11,22183	262
11,22250	262
11,22317	261
11,22383	261
11,22450	261
11,22517	261
11,22583	261
11,22650	261
11,22717	261
11,22783	261
11,22850	261
11,22917	260
11,22983	260
11,23050	260
11,23117	260
11,23183	260
11,23250	259
11,23317	259
11,23383	259
11,23450	259
11,23517	259
11,23583	259
11,23650	259
11,23717	259
11,23783	259
11,23850	259
11,23917	259
11,23983	259
11,24050	259
11,24117	259
11,24183	259
11,24250	259
11,24317	259
11,24383	259
11,24450	258
11,24517	258
11,24583	258
11,24650	258
11,24717	258
11,24783	258
11,24850	258
11,24917	258
11,24983	258
11,25050	258
11,25117	258
11,25183	258
11,25250	258
11,25317	258
11,25383	258
11,25450	258
11,25517	258
11,25583	258
11,25650	258
11,25717	258
11,25783	258
11,25850	258
11,25917	258
11,25983	258
11,26050	258
11,26117	258
11,26183	258
11,26250	258
11,26317	258
11,26383	258
11,26450	259
11,26517	259
11,26583	260
11,26650	260
11,26717	261
11,26783	262
11,26850	263
11,26917	264
11,26983	265
11,27050	266
11,27117	267
11,27183	269
11,27250	270
11,27317	272
11,27383	274
11,27450	277
11,27517	280
11,27583	283
11,27650	286
11,27717	290
11,27783	294
11,27850	299
11,27917	305
11,27983	311
11,28050	318
11,28117	326
11,28183	334
11,28250	343
11,28317	353
11,28383	364
11,28450	376
11,28517	388
11,28583	402
11,28650	417
11,28717	434
11,28783	452
11,28850	472
11,28917	493
11,28983	517
11,29050	543
11,29117	571
11,29183	602
11,29250	635
11,29317	671
11,29383	709
11,29450	751
11,29517	796
11,29583	845
11,29650	898
11,29717	954
11,29783	1015
11,29850	1081
11,29917	1152
11,29983	1229
11,30050	1311
11,30117	1401
11,30183	1498
11,30250	1602
11,30317	1716
11,30383	1837
11,30450	1968
11,30517	2108
11,30583	2258
11,30650	2421
11,30717	2598
11,30783	2789
11,30850	2997
11,30917	3222
11,30983	3465
11,31050	3725
11,31117	4001
11,31183	4294
11,31250	4603
11,31317	4930
11,31383	5277
11,31450	5645
11,31517	6034
11,31583	6445
11,31650	6879
11,31717	7338
11,31783	7821
11,31850	8330
11,31917	8865
11,31983	9427
11,32050	10015
11,32117	10629
11,32183	11272
11,32250	11942
11,32317	12640
11,32383	13366
11,32450	14123
11,32517	14911
11,32583	15732
11,32650	16588
11,32717	17474
11,32783	18385
11,32850	19319
11,32917	20273
11,32983	21245
11,33050	22237
11,33117	23249
11,33183	24285
11,33250	25345
11,33317	26430
11,33383	27539
11,33450	28671
11,33517	29820
11,33583	30983
11,33650	32157
11,33717	33341
11,33783	34526
11,33850	35710
11,33917	36890
11,33983	38066
11,34050	39230
11,34117	40381
11,34183	41519
11,34250	42640
11,34317	43736
11,34383	44798
11,34450	45819
11,34517	46793
11,34583	47714
11,34650	48581
11,34717	49399
11,34783	50170
11,34850	50899
11,34917	51589
11,34983	52242
11,35050	52859
11,35117	53443
11,35183	53992
11,35250	54506
11,35317	54983
11,35383	55423
11,35450	55826
11,35517	56191
11,35583	56514
11,35650	56791
11,35717	57013
11,35783	57177
11,35850	57274
11,35917	57301
11,35983	57253
11,36050	57128
11,36117	56929
11,36183	56663
11,36250	56334
11,36317	55948
11,36383	55513
11,36450	55035
11,36517	54520
11,36583	53972
11,36650	53387
11,36717	52763
11,36783	52099
11,36850	51393
11,36917	50647
11,36983	49862
11,37050	49042
11,37117	48189
11,37183	47305
11,37250	46390
11,37317	45446
11,37383	44474
11,37450	43474
11,37517	42448
11,37583	41395
11,37650	40317
11,37717	39218
11,37783	38101
11,37850	36969
11,37917	35825
11,37983	34670
11,38050	33506
11,38117	32337
11,38183	31166
11,38250	29995
11,38317	28828
11,38383	27668
11,38450	26518
11,38517	25382
11,38583	24262
11,38650	23161
11,38717	22080
11,38783	21023
11,38850	19990
11,38917	18983
11,38983	18003
11,39050	17053
11,39117	16134
11,39183	15247
11,39250	14392
11,39317	13570
11,39383	12782
11,39450	12027
11,39517	11305
11,39583	10618
11,39650	9964
11,39717	9343
11,39783	8754
11,39850	8197
11,39917	7671
11,39983	7174
11,40050	6706
11,40117	6266
11,40183	5852
11,40250	5463
11,40317	5099
11,40383	4758
11,40450	4439
11,40517	4140
11,40583	3862
11,40650	3602
11,40717	3359
11,40783	3134
11,40850	2924
11,40917	2729
11,40983	2547
11,41050	2379
11,41117	2223
11,41183	2079
11,41250	1945
11,41317	1822
11,41383	1707
11,41450	1602
11,41517	1504
11,41583	1415
11,41650	1332
11,41717	1256
11,41783	1186
11,41850	1122
11,41917	1062
11,41983	1008
11,42050	958
11,42117	912
11,42183	870
11,42250	831
11,42317	796
11,42383	763
11,42450	733
11,42517	706
11,42583	681
11,42650	658
11,42717	637
11,42783	618
11,42850	600
11,42917	583
11,42983	568
11,43050	554
11,43117	541
11,43183	529
11,43250	518
11,43317	508
11,43383	499
11,43450	490
11,43517	482
11,43583	474
11,43650	467
11,43717	461
11,43783	454
11,43850	448
11,43917	442
11,43983	437
11,44050	431
11,44117	426
11,44183	422
11,44250	417
11,44317	413
11,44383	409
11,44450	405
11,44517	401
11,44583	398
11,44650	394
11,44717	391
11,44783	388
11,44850	384
11,44917	381
11,44983	378
11,45050	376
11,45117	373
11,45183	370
11,45250	368
11,45317	365
11,45383	362
11,45450	359
11,45517	357
11,45583	354
11,45650	351
11,45717	348
11,45783	346
11,45850	343
11,45917	340
11,45983	338
11,46050	335
11,46117	333
11,46183	331
11,46250	328
11,46317	326
11,46383	324
11,46450	322
11,46517	320
11,46583	318
11,46650	316
11,46717	315
11,46783	313
11,46850	312
11,46917	311
11,46983	309
11,47050	308
11,47117	307
11,47183	306
11,47250	305
11,47317	304
11,47383	304
11,47450	303
11,47517	302
11,47583	302
11,47650	301
11,47717	301
11,47783	301
11,47850	301
11,47917	301
11,47983	301
11,48050	301
11,48117	302
11,48183	302
11,48250	302
11,48317	302
11,48383	303
11,48450	303
11,48517	303
11,48583	303
11,48650	303
11,48717	303
11,48783	303
11,48850	303
11,48917	303
11,48983	303
11,49050	302
11,49117	302
11,49183	302
11,49250	302
11,49317	302
11,49383	302
11,49450	302
11,49517	302
11,49583	302
11,49650	301
11,49717	301
11,49783	301
11,49850	301
11,49917	301
11,49983	301
11,50050	301
11,50117	301
11,50183	301
11,50250	301
11,50317	301
11,50383	301
11,50450	300
11,50517	300
11,50583	299
11,50650	299
11,50717	298
11,50783	297
11,50850	296
11,50917	295
11,50983	294
11,51050	293
11,51117	292
11,51183	291
11,51250	290
11,51317	289
11,51383	288
11,51450	287
11,51517	286
11,51583	285
11,51650	284
11,51717	283
11,51783	282
11,51850	281
11,51917	280
11,51983	279
11,52050	278
11,52117	277
11,52183	276
11,52250	275
11,52317	274
11,52383	273
11,52450	273
11,52517	272
11,52583	271
11,52650	270
11,52717	269
11,52783	268
11,52850	268
11,52917	267
11,52983	266
11,53050	266
11,53117	265
11,53183	264
11,53250	264
11,53317	263
11,53383	263
11,53450	262
11,53517	262
11,53583	261
11,53650	261
11,53717	261
11,53783	261
11,53850	260
11,53917	260
11,53983	260
11,54050	261
11,54117	261
11,54183	261
11,54250	262
11,54317	262
11,54383	263
11,54450	263
11,54517	263
11,54583	264
11,54650	264
11,54717	265
11,54783	265
11,54850	266
11,54917	266
11,54983	266
11,55050	266
11,55117	267
11,55183	267
11,55250	268
11,55317	268
11,55383	269
11,55450	269
11,55517	269
11,55583	269
11,55650	269
11,55717	269
11,55783	269
11,55850	269
11,55917	269
11,55983	269
11,56050	269
11,56117	268
11,56183	268
11,56250	268
11,56317	268
11,56383	267
11,56450	267
11,56517	267
11,56583	267
11,56650	266
11,56717	266
11,56783	266
11,56850	265
11,56917	265
11,56983	265
11,57050	264
11,57117	264
11,57183	264
11,57250	263
11,57317	262
11,57383	262
11,57450	262
11,57517	262
11,57583	262
11,57650	262
11,57717	261
11,57783	261
11,57850	261
11,57917	261
11,57983	261
11,58050	261
11,58117	261
11,58183	261
11,58250	261
11,58317	261
11,58383	261
11,58450	261
11,58517	260
11,58583	260
11,58650	260
11,58717	260
11,58783	260
11,58850	260
11,58917	260
11,58983	260
11,59050	259
11,59117	259
11,59183	259
11,59250	259
11,59317	259
11,59383	258
11,59450	258
11,59517	258
11,59583	258
11,59650	258
11,59717	258
11,59783	258
11,59850	257
11,59917	257
11,59983	256
11,60050	256
11,60117	256
11,60183	255
11,60250	255
11,60317	254
11,60383	254
11,60450	254
11,60517	253
11,60583	253
11,60650	253
11,60717	253
11,60783	253
11,60850	252
11,60917	252
11,60983	252
11,61050	252
11,61117	252
11,61183	251
11,61250	251
11,61317	250
11,61383	249
11,61450	249
11,61517	248
11,61583	247
11,61650	247
11,61717	246
11,61783	246
11,61850	245
11,61917	245
11,61983	245
11,62050	244
11,62117	244
11,62183	243
11,62250	243
11,62317	243
11,62383	242
11,62450	242
11,62517	242
11,62583	241
11,62650	241
11,62717	241
11,62783	241
11,62850	240
11,62917	240
11,62983	240
11,63050	240
11,63117	240
11,63183	239
11,63250	239
11,63317	239
11,63383	239
11,63450	239
11,63517	239
11,63583	239
11,63650	239
11,63717	239
11,63783	239
11,63850	239
11,63917	239
11,63983	239
11,64050	239
11,64117	240
11,64183	240
11,64250	240
11,64317	240
11,64383	241
11,64450	241
11,64517	241
11,64583	241
11,64650	242
11,64717	242
11,64783	242
11,64850	243
11,64917	243
11,64983	243
11,65050	243
11,65117	244
11,65183	244
11,65250	244
11,65317	245
11,65383	245
11,65450	245
11,65517	246
11,65583	246
11,65650	246
11,65717	246
11,65783	246
11,65850	246
11,65917	247
11,65983	247
11,66050	247
11,66117	247
11,66183	247
11,66250	248
11,66317	248
11,66383	248
11,66450	248
11,66517	249
11,66583	249
11,66650	249
11,66717	249
11,66783	249
11,66850	249
11,66917	249
11,66983	250
11,67050	250
11,67117	250
11,67183	250
11,67250	250
11,67317	250
11,67383	250
11,67450	250
11,67517	251
11,67583	251
11,67650	250
11,67717	250
11,67783	250
11,67850	250
11,67917	250
11,67983	250
11,68050	250
11,68117	250
11,68183	250
11,68250	250
11,68317	250
11,68383	249
11,68450	249
11,68517	249
11,68583	249
11,68650	248
11,68717	248
11,68783	247
11,68850	247
11,68917	247
11,68983	247
11,69050	247
11,69117	247
11,69183	247
11,69250	247
11,69317	247
11,69383	247
11,69450	247
11,69517	247
11,69583	247
11,69650	247
11,69717	247
11,69783	247
11,69850	247
11,69917	247
11,69983	247
11,70050	247
11,70117	247
11,70183	247
11,70250	247
11,70317	247
11,70383	247
11,70450	247
11,70517	247
11,70583	247
11,70650	248
11,70717	248
11,70783	248
11,70850	248
11,70917	248
11,70983	249
11,71050	249
11,71117	249
11,71183	249
11,71250	249
11,71317	249
11,71383	249
11,71450	249
11,71517	249
11,71583	249
11,71650	249
11,71717	249
11,71783	249
11,71850	249
11,71917	248
11,71983	248
11,72050	247
11,72117	246
11,72183	246
11,72250	245
11,72317	244
11,72383	244
11,72450	243
11,72517	243
11,72583	243
11,72650	242
11,72717	242
11,72783	241
11,72850	241
11,72917	240
11,72983	240
11,73050	239
11,73117	238
11,73183	238
11,73250	237
11,73317	236
11,73383	236
11,73450	235
11,73517	235
11,73583	234
11,73650	234
11,73717	233
11,73783	233
11,73850	232
11,73917	232
11,73983	231
11,74050	231
11,74117	230
11,74183	230
11,74250	229
11,74317	229
11,74383	228
11,74450	228
11,74517	228
11,74583	227
11,74650	227
11,74717	227
11,74783	227
11,74850	227
11,74917	228
11,74983	228
11,75050	228
11,75117	228
11,75183	227
11,75250	227
11,75317	227
11,75383	227
11,75450	226
11,75517	226
11,75583	226
11,75650	226
11,75717	227
11,75783	227
11,75850	227
11,75917	227
11,75983	227
11,76050	228
11,76117	228
11,76183	228
11,76250	229
11,76317	229
11,76383	229
11,76450	229
11,76517	230
11,76583	230
11,76650	230
11,76717	230
11,76783	231
11,76850	231
11,76917	231
11,76983	231
11,77050	231
11,77117	231
11,77183	231
11,77250	231
11,77317	231
11,77383	231
11,77450	231
11,77517	232
11,77583	231
11,77650	231
11,77717	231
11,77783	231
11,77850	231
11,77917	231
11,77983	231
11,78050	231
11,78117	231
11,78183	230
11,78250	231
11,78317	231
11,78383	231
11,78450	231
11,78517	231
11,78583	231
11,78650	230
11,78717	230
11,78783	230
11,78850	230
11,78917	230
11,78983	230
11,79050	229
11,79117	229
11,79183	229
11,79250	229
11,79317	229
11,79383	229
11,79450	228
11,79517	228
11,79583	228
11,79650	228
11,79717	227
11,79783	227
11,79850	227
11,79917	227
11,79983	227
11,80050	227
11,80117	227
11,80183	228
11,80250	228
11,80317	228
11,80383	229
11,80450	229
11,80517	229
11,80583	229
11,80650	230
11,80717	230
11,80783	230
11,80850	230
11,80917	230
11,80983	231
11,81050	231
11,81117	231
11,81183	231
11,81250	232
11,81317	232
11,81383	232
11,81450	232
11,81517	232
11,81583	231
11,81650	232
11,81717	232
11,81783	232
11,81850	232
11,81917	233
11,81983	233
11,82050	234
11,82117	234
11,82183	235
11,82250	235
11,82317	235
11,82383	236
11,82450	236
11,82517	236
11,82583	237
11,82650	237
11,82717	237
11,82783	237
11,82850	237
11,82917	238
11,82983	238
11,83050	238
11,83117	239
11,83183	239
11,83250	240
11,83317	240
11,83383	240
11,83450	240
11,83517	240
11,83583	241
11,83650	241
11,83717	241
11,83783	241
11,83850	242
11,83917	242
11,83983	242
11,84050	242
11,84117	242
11,84183	243
11,84250	243
11,84317	243
11,84383	244
11,84450	244
11,84517	244
11,84583	245
11,84650	245
11,84717	245
11,84783	246
11,84850	246
11,84917	247
11,84983	247
11,85050	248
11,85117	249
11,85183	250
11,85250	250
11,85317	251
11,85383	252
11,85450	253
11,85517	254
11,85583	255
11,85650	255
11,85717	256
11,85783	257
11,85850	257
11,85917	258
11,85983	258
11,86050	259
11,86117	259
11,86183	260
11,86250	260
11,86317	261
11,86383	262
11,86450	262
11,86517	263
11,86583	264
11,86650	264
11,86717	265
11,86783	265
11,86850	266
11,86917	266
11,86983	267
11,87050	267
11,87117	268
11,87183	268
11,87250	268
11,87317	269
11,87383	269
11,87450	269
11,87517	269
11,87583	269
11,87650	269
11,87717	269
11,87783	268
11,87850	268
11,87917	267
11,87983	267
11,88050	266
11,88117	266
11,88183	266
11,88250	265
11,88317	265
11,88383	265
11,88450	266
11,88517	266
11,88583	266
11,88650	266
11,88717	267
11,88783	267
11,88850	268
11,88917	268
11,88983	269
11,89050	269
11,89117	270
11,89183	270
11,89250	271
11,89317	272
11,89383	272
11,89450	273
11,89517	274
11,89583	275
11,89650	275
11,89717	276
11,89783	277
11,89850	278
11,89917	279
11,89983	280
11,90050	281
11,90117	281
11,90183	282
11,90250	283
11,90317	284
11,90383	285
11,90450	285
11,90517	286
11,90583	287
11,90650	287
11,90717	288
11,90783	288
11,90850	289
11,90917	289
11,90983	290
11,91050	290
11,91117	291
11,91183	291
11,91250	292
11,91317	292
11,91383	293
11,91450	293
11,91517	294
11,91583	295
11,91650	295
11,91717	296
11,91783	296
11,91850	297
11,91917	297
11,91983	298
11,92050	298
11,92117	299
11,92183	299
11,92250	299
11,92317	300
11,92383	300
11,92450	300
11,92517	300
11,92583	300
11,92650	300
11,92717	300
11,92783	299
11,92850	299
11,92917	298
11,92983	298
11,93050	297
11,93117	297
11,93183	296
11,93250	296
11,93317	295
11,93383	295
11,93450	294
11,93517	293
11,93583	292
11,93650	291
11,93717	290
11,93783	289
11,93850	288
11,93917	287
11,93983	286
11,94050	286
11,94117	285
11,94183	284
11,94250	284
11,94317	283
11,94383	282
11,94450	281
11,94517	281
11,94583	281
11,94650	280
11,94717	280
11,94783	280
11,94850	281
11,94917	281
11,94983	282
11,95050	283
11,95117	284
11,95183	285
11,95250	286
11,95317	287
11,95383	288
11,95450	289
11,95517	291
11,95583	292
11,95650	294
11,95717	296
11,95783	298
11,95850	300
11,95917	302
11,95983	305
11,96050	308
11,96117	311
11,96183	314
11,96250	317
11,96317	320
11,96383	324
11,96450	327
11,96517	331
11,96583	335
11,96650	339
11,96717	343
11,96783	347
11,96850	352
11,96917	357
11,96983	362
11,97050	367
11,97117	372
11,97183	377
11,97250	383
11,97317	389
11,97383	395
11,97450	401
11,97517	407
11,97583	414
11,97650	420
11,97717	427
11,97783	434
11,97850	441
11,97917	449
11,97983	457
11,98050	465
11,98117	474
11,98183	483
11,98250	492
11,98317	502
11,98383	512
11,98450	522
11,98517	533
11,98583	544
11,98650	555
11,98717	567
11,98783	580
11,98850	593
11,98917	607
11,98983	622
11,99050	637
11,99117	654
11,99183	671
11,99250	689
11,99317	708
11,99383	728
11,99450	749
11,99517	770
11,99583	792
11,99650	816
11,99717	840
11,99783	866
11,99850	892
11,99917	920
11,99983	949
12,00050	979
12,00117	1011
12,00183	1044
12,00250	1079
12,00317	1115
12,00383	1153
12,00450	1192
12,00517	1234
12,00583	1278
12,00650	1324
12,00717	1372
12,00783	1422
12,00850	1473
12,00917	1526
12,00983	1580
12,01050	1634
12,01117	1690
12,01183	1745
12,01250	1801
12,01317	1857
12,01383	1912
12,01450	1968
12,01517	2023
12,01583	2078
12,01650	2133
12,01717	2188
12,01783	2243
12,01850	2297
12,01917	2351
12,01983	2404
12,02050	2457
12,02117	2510
12,02183	2561
12,02250	2611
12,02317	2661
12,02383	2709
12,02450	2757
12,02517	2803
12,02583	2848
12,02650	2890
12,02717	2931
12,02783	2970
12,02850	3006
12,02917	3040
12,02983	3072
12,03050	3101
12,03117	3128
12,03183	3152
12,03250	3173
12,03317	3191
12,03383	3207
12,03450	3219
12,03517	3229
12,03583	3236
12,03650	3239
12,03717	3240
12,03783	3239
12,03850	3234
12,03917	3227
12,03983	3218
12,04050	3207
12,04117	3194
12,04183	3179
12,04250	3163
12,04317	3145
12,04383	3126
12,04450	3106
12,04517	3084
12,04583	3061
12,04650	3036
12,04717	3010
12,04783	2982
12,04850	2953
12,04917	2923
12,04983	2893
12,05050	2861
12,05117	2828
12,05183	2796
12,05250	2762
12,05317	2729
12,05383	2695
12,05450	2661
12,05517	2627
12,05583	2593
12,05650	2560
12,05717	2527
12,05783	2494
12,05850	2462
12,05917	2430
12,05983	2399
12,06050	2369
12,06117	2340
12,06183	2312
12,06250	2284
12,06317	2257
12,06383	2230
12,06450	2204
12,06517	2178
12,06583	2153
12,06650	2128
12,06717	2104
12,06783	2080
12,06850	2057
12,06917	2035
12,06983	2014
12,07050	1993
12,07117	1973
12,07183	1954
12,07250	1935
12,07317	1917
12,07383	1900
12,07450	1883
12,07517	1866
12,07583	1849
12,07650	1833
12,07717	1817
12,07783	1802
12,07850	1787
12,07917	1772
12,07983	1757
12,08050	1743
12,08117	1729
12,08183	1714
12,08250	1700
12,08317	1686
12,08383	1672
12,08450	1657
12,08517	1643
12,08583	1629
12,08650	1615
12,08717	1602
12,08783	1588
12,08850	1574
12,08917	1561
12,08983	1548
12,09050	1536
12,09117	1523
12,09183	1511
12,09250	1499
12,09317	1488
12,09383	1476
12,09450	1465
12,09517	1454
12,09583	1443
12,09650	1432
12,09717	1421
12,09783	1410
12,09850	1399
12,09917	1388
12,09983	1377
12,10050	1366
12,10117	1355
12,10183	1345
12,10250	1334
12,10317	1324
12,10383	1314
12,10450	1303
12,10517	1294
12,10583	1284
12,10650	1274
12,10717	1265
12,10783	1256
12,10850	1247
12,10917	1239
12,10983	1230
12,11050	1222
12,11117	1214
12,11183	1205
12,11250	1197
12,11317	1188
12,11383	1180
12,11450	1171
12,11517	1162
12,11583	1153
12,11650	1145
12,11717	1136
12,11783	1126
12,11850	1117
12,11917	1108
12,11983	1098
12,12050	1089
12,12117	1079
12,12183	1069
12,12250	1059
12,12317	1048
12,12383	1038
12,12450	1027
12,12517	1016
12,12583	1005
12,12650	995
12,12717	984
12,12783	973
12,12850	962
12,12917	951
12,12983	941
12,13050	930
12,13117	920
12,13183	910
12,13250	900
12,13317	890
12,13383	881
12,13450	872
12,13517	862
12,13583	853
12,13650	844
12,13717	835
12,13783	827
12,13850	818
12,13917	810
12,13983	801
12,14050	793
12,14117	785
12,14183	777
12,14250	769
12,14317	761
12,14383	754
12,14450	747
12,14517	740
12,14583	733
12,14650	727
12,14717	721
12,14783	715
12,14850	710
12,14917	705
12,14983	701
12,15050	696
12,15117	692
12,15183	688
12,15250	685
12,15317	681
12,15383	678
12,15450	674
12,15517	671
12,15583	668
12,15650	666
12,15717	663
12,15783	660
12,15850	658
12,15917	655
12,15983	653
12,16050	651
12,16117	649
12,16183	647
12,16250	645
12,16317	644
12,16383	642
12,16450	641
12,16517	640
12,16583	639
12,16650	638
12,16717	637
12,16783	636
12,16850	636
12,16917	635
12,16983	635
12,17050	635
12,17117	634
12,17183	634
12,17250	634
12,17317	633
12,17383	633
12,17450	632
12,17517	631
12,17583	630
12,17650	629
12,17717	628
12,17783	627
12,17850	625
12,17917	624
12,17983	622
12,18050	621
12,18117	619
12,18183	617
12,18250	615
12,18317	613
12,18383	611
12,18450	608
12,18517	605
12,18583	603
12,18650	600
12,18717	597
12,18783	593
12,18850	590
12,18917	586
12,18983	583
12,19050	579
12,19117	575
12,19183	571
12,19250	567
12,19317	562
12,19383	558
12,19450	554
12,19517	549
12,19583	544
12,19650	539
12,19717	534
12,19783	529
12,19850	524
12,19917	519
12,19983	513
12,20050	508
12,20117	503
12,20183	498
12,20250	493
12,20317	488
12,20383	484
12,20450	479
12,20517	475
12,20583	470
12,20650	466
12,20717	462
12,20783	457
12,20850	453
12,20917	449
12,20983	445
12,21050	441
12,21117	437
12,21183	433
12,21250	429
12,21317	425
12,21383	421
12,21450	418
12,21517	414
12,21583	411
12,21650	407
12,21717	404
12,21783	400
12,21850	397
12,21917	394
12,21983	392
12,22050	389
12,22117	387
12,22183	384
12,22250	382
12,22317	380
12,22383	378
12,22450	377
12,22517	375
12,22583	374
12,22650	372
12,22717	371
12,22783	370
12,22850	369
12,22917	368
12,22983	368
12,23050	367
12,23117	367
12,23183	366
12,23250	366
12,23317	366
12,23383	366
12,23450	366
12,23517	366
12,23583	366
12,23650	366
12,23717	366
12,23783	366
12,23850	367
12,23917	367
12,23983	368
12,24050	368
12,24117	369
12,24183	370
12,24250	371
12,24317	371
12,24383	372
12,24450	373
12,24517	374
12,24583	376
12,24650	377
12,24717	378
12,24783	379
12,24850	381
12,24917	382
12,24983	384
12,25050	385
12,25117	387
12,25183	389
12,25250	391
12,25317	392
12,25383	394
12,25450	396
12,25517	398
12,25583	400
12,25650	401
12,25717	403
12,25783	404
12,25850	406
12,25917	407
12,25983	408
12,26050	409
12,26117	410
12,26183	410
12,26250	411
12,26317	411
12,26383	411
12,26450	412
12,26517	411
12,26583	411
12,26650	411
12,26717	411
12,26783	411
12,26850	411
12,26917	410
12,26983	410
12,27050	409
12,27117	408
12,27183	407
12,27250	406
12,27317	405
12,27383	403
12,27450	401
12,27517	399
12,27583	397
12,27650	395
12,27717	393
12,27783	391
12,27850	388
12,27917	386
12,27983	384
12,28050	381
12,28117	379
12,28183	377
12,28250	374
12,28317	372
12,28383	369
12,28450	367
12,28517	364
12,28583	362
12,28650	360
12,28717	357
12,28783	355
12,28850	352
12,28917	350
12,28983	347
12,29050	345
12,29117	343
12,29183	341
12,29250	339
12,29317	338
12,29383	336
12,29450	335
12,29517	333
12,29583	331
12,29650	330
12,29717	328
12,29783	326
12,29850	325
12,29917	323
12,29983	322
12,30050	321
12,30117	319
12,30183	318
12,30250	317
12,30317	316
12,30383	315
12,30450	314
12,30517	313
12,30583	312
12,30650	311
12,30717	310
12,30783	309
12,30850	307
12,30917	306
12,30983	305
12,31050	304
12,31117	304
12,31183	303
12,31250	303
12,31317	302
12,31383	302
12,31450	301
12,31517	301
12,31583	301
12,31650	301
12,31717	300
12,31783	300
12,31850	300
12,31917	299
12,31983	299
12,32050	298
12,32117	297
12,32183	297
12,32250	297
12,32317	296
12,32383	296
12,32450	296
12,32517	296
12,32583	295
12,32650	295
12,32717	294
12,32783	294
12,32850	294
12,32917	294
12,32983	294
12,33050	294
12,33117	294
12,33183	294
12,33250	294
12,33317	294
12,33383	294
12,33450	294
12,33517	294
12,33583	294
12,33650	293
12,33717	293
12,33783	293
12,33850	293
12,33917	293
12,33983	293
12,34050	292
12,34117	292
12,34183	292
12,34250	292
12,34317	292
12,34383	292
12,34450	292
12,34517	291
12,34583	291
12,34650	291
12,34717	291
12,34783	290
12,34850	290
12,34917	290
12,34983	289
12,35050	289
12,35117	289
12,35183	289
12,35250	289
12,35317	288
12,35383	288
12,35450	288
12,35517	289
12,35583	289
12,35650	289
12,35717	289
12,35783	289
12,35850	290
12,35917	290
12,35983	291
12,36050	291
12,36117	292
12,36183	293
12,36250	295
12,36317	296
12,36383	297
12,36450	298
12,36517	299
12,36583	300
12,36650	301
12,36717	302
12,36783	303
12,36850	304
12,36917	305
12,36983	306
12,37050	306
12,37117	307
12,37183	308
12,37250	308
12,37317	309
12,37383	309
12,37450	310
12,37517	310
12,37583	311
12,37650	311
12,37717	312
12,37783	312
12,37850	312
12,37917	312
12,37983	312
12,38050	312
12,38117	311
12,38183	311
12,38250	311
12,38317	310
12,38383	310
12,38450	310
12,38517	310
12,38583	310
12,38650	310
12,38717	309
12,38783	309
12,38850	309
12,38917	308
12,38983	308
12,39050	307
12,39117	306
12,39183	305
12,39250	304
12,39317	304
12,39383	303
12,39450	302
12,39517	301
12,39583	300
12,39650	300
12,39717	299
12,39783	298
12,39850	297
12,39917	297
12,39983	296
12,40050	295
12,40117	294
12,40183	293
12,40250	292
12,40317	291
12,40383	290
12,40450	289
12,40517	288
12,40583	287
12,40650	286
12,40717	285
12,40783	284
12,40850	283
12,40917	282
12,40983	280
12,41050	279
12,41117	278
12,41183	278
12,41250	277
12,41317	276
12,41383	275
12,41450	274
12,41517	274
12,41583	273
12,41650	272
12,41717	272
12,41783	271
12,41850	270
12,41917	270
12,41983	270
12,42050	269
12,42117	269
12,42183	269
12,42250	268
12,42317	268
12,42383	267
12,42450	267
12,42517	267
12,42583	267
12,42650	266
12,42717	266
12,42783	266
12,42850	266
12,42917	266
12,42983	266
12,43050	266
12,43117	266
12,43183	266
12,43250	266
12,43317	266
12,43383	266
12,43450	266
12,43517	266
12,43583	266
12,43650	266
12,43717	266
12,43783	266
12,43850	266
12,43917	266
12,43983	266
12,44050	266
12,44117	266
12,44183	266
12,44250	266
12,44317	266
12,44383	266
12,44450	266
12,44517	266
12,44583	265
12,44650	265
12,44717	265
12,44783	265
12,44850	265
12,44917	265
12,44983	265
12,45050	265
12,45117	266
12,45183	266
12,45250	266
12,45317	267
12,45383	267
12,45450	267
12,45517	268
12,45583	268
12,45650	269
12,45717	269
12,45783	270
12,45850	270
12,45917	271
12,45983	271
12,46050	272
12,46117	273
12,46183	274
12,46250	275
12,46317	276
12,46383	277
12,46450	278
12,46517	279
12,46583	279
12,46650	280
12,46717	280
12,46783	281
12,46850	281
12,46917	281
12,46983	282
12,47050	282
12,47117	283
12,47183	283
12,47250	284
12,47317	284
12,47383	285
12,47450	286
12,47517	286
12,47583	287
12,47650	287
12,47717	288
12,47783	288
12,47850	288
12,47917	289
12,47983	289
12,48050	288
12,48117	288
12,48183	288
12,48250	287
12,48317	287
12,48383	287
12,48450	286
12,48517	286
12,48583	286
12,48650	286
12,48717	285
12,48783	285
12,48850	285
12,48917	284
12,48983	283
12,49050	282
12,49117	281
12,49183	280
12,49250	279
12,49317	278
12,49383	277
12,49450	275
12,49517	274
12,49583	273
12,49650	271
12,49717	270
12,49783	269
12,49850	268
12,49917	267
12,49983	266
12,50050	265
12,50117	264
12,50183	263
12,50250	263
12,50317	262
12,50383	262
12,50450	262
12,50517	261
12,50583	261
12,50650	261
12,50717	261
12,50783	261
12,50850	260
12,50917	260
12,50983	260
12,51050	260
12,51117	260
12,51183	260
12,51250	260
12,51317	260
12,51383	260
12,51450	260
12,51517	261
12,51583	261
12,51650	261
12,51717	262
12,51783	262
12,51850	263
12,51917	263
12,51983	263
12,52050	264
12,52117	264
12,52183	264
12,52250	265
12,52317	265
12,52383	266
12,52450	266
12,52517	267
12,52583	267
12,52650	268
12,52717	269
12,52783	269
12,52850	270
12,52917	270
12,52983	271
12,53050	272
12,53117	273
12,53183	274
12,53250	275
12,53317	276
12,53383	277
12,53450	279
12,53517	280
12,53583	281
12,53650	283
12,53717	284
12,53783	285
12,53850	287
12,53917	288
12,53983	290
12,54050	291
12,54117	293
12,54183	294
12,54250	296
12,54317	297
12,54383	299
12,54450	301
12,54517	303
12,54583	305
12,54650	307
12,54717	309
12,54783	311
12,54850	313
12,54917	315
12,54983	317
12,55050	319
12,55117	321
12,55183	322
12,55250	324
12,55317	325
12,55383	326
12,55450	327
12,55517	328
12,55583	329
12,55650	329
12,55717	330
12,55783	330
12,55850	330
12,55917	330
12,55983	329
12,56050	329
12,56117	328
12,56183	327
12,56250	326
12,56317	324
12,56383	323
12,56450	321
12,56517	319
12,56583	317
12,56650	315
12,56717	313
12,56783	311
12,56850	309
12,56917	306
12,56983	304
12,57050	301
12,57117	299
12,57183	296
12,57250	294
12,57317	291
12,57383	289
12,57450	286
12,57517	284
12,57583	281
12,57650	279
12,57717	276
12,57783	274
12,57850	272
12,57917	269
12,57983	268
12,58050	266
12,58117	264
12,58183	263
12,58250	261
12,58317	260
12,58383	258
12,58450	257
12,58517	256
12,58583	254
12,58650	253
12,58717	252
12,58783	251
12,58850	250
12,58917	249
12,58983	248
12,59050	247
12,59117	246
12,59183	245
12,59250	244
12,59317	244
12,59383	243
12,59450	242
12,59517	241
12,59583	240
12,59650	239
12,59717	238
12,59783	237
12,59850	236
12,59917	235
12,59983	235
12,60050	234
12,60117	233
12,60183	233
12,60250	233
12,60317	232
12,60383	231
12,60450	231
12,60517	230
12,60583	230
12,60650	229
12,60717	229
12,60783	229
12,60850	229
12,60917	229
12,60983	228
12,61050	228
12,61117	228
12,61183	228
12,61250	228
12,61317	228
12,61383	228
12,61450	228
12,61517	228
12,61583	228
12,61650	227
12,61717	227
12,61783	227
12,61850	227
12,61917	227
12,61983	227
12,62050	226
12,62117	226
12,62183	227
12,62250	227
12,62317	227
12,62383	227
12,62450	227
12,62517	227
12,62583	227
12,62650	226
12,62717	226
12,62783	226
12,62850	225
12,62917	225
12,62983	226

