{
    "smiles": "[C-]#[N+]c1ccccc1C",
    "best_conformer_coordinates": [
        [
            2.595315676604095,
            1.804171318905585,
            1.1580280763992141
        ],
        [
            1.5941432259334158,
            1.3334022109245773,
            0.7848121540474113
        ],
        [
            0.42496477065003413,
            0.7881726284707358,
            0.3503968850286787
        ],
        [
            -0.7279236818446151,
            1.5674245888818192,
            0.35168108042427204
        ],
        [
            -1.9190112212604975,
            1.0225512605949507,
            -0.08743080937200054
        ],
        [
            -1.9575892151037697,
            -0.29115953737011974,
            -0.5245106998352117
        ],
        [
            -0.8054261001632705,
            -1.0597074738224361,
            -0.5224594545851423
        ],
        [
            0.4048520372806644,
            -0.5420010509490334,
            -0.08799973722428553
        ],
        [
            1.6591018199862488,
            -1.3574718029346309,
            -0.07886046515161742
        ],
        [
            -0.6746501618275619,
            2.5894727679336733,
            0.6968264025303997
        ],
        [
            -2.8156765130744135,
            1.6232743026174967,
            -0.08817644396427284
        ],
        [
            -2.887292189506414,
            -0.7192327649456741,
            -0.8681640230681655
        ],
        [
            -0.8443148395944859,
            -2.083613468758531,
            -0.8650539657803255
        ],
        [
            2.4212607874949734,
            -0.890194319919631,
            -0.702730654845953
        ],
        [
            1.4695560541460937,
            -2.36170069894698,
            -0.44805213070768185
        ],
        [
            2.0626895555712474,
            -1.4233879606817612,
            0.9316937755211365
        ]
    ],
    "best_conformer_elements": [
        6,
        7,
        6,
        6,
        6,
        6,
        6,
        6,
        6,
        1,
        1,
        1,
        1,
        1,
        1,
        1
    ],
    "best_conformer_energy": -23.540149986321136,
    "ip": 13.857459727669687,
    "ip_corrected": 9.011459727669687,
    "ea": 4.107520078269179,
    "homo": -0.40488757161696765,
    "lumo": -0.2615756078541851,
    "charges": {
        "1": -0.15148198241215938,
        "2": 0.005867277047631014,
        "3": 0.06519902217594545,
        "4": -0.03585379724555254,
        "5": -0.03188596689440141,
        "6": -0.029470216143013782,
        "7": -0.03785890959560979,
        "8": 0.014570243871037197,
        "9": -0.10643171099027363,
        "10": 0.04270719130524201,
        "11": 0.03747481912977783,
        "12": 0.03727192136141699,
        "13": 0.03745518630807321,
        "14": 0.05390358466580577,
        "15": 0.04462997221199159,
        "16": 0.05390336520409511
    },
    "dipole": [
        -0.9483921486833882,
        -0.6794399286044924,
        -0.42974637129632703
    ],
    "global_electrophilicity": 0.877469468153074,
    "global_nucleophilicity": -9.011459727669687,
    "fukui_electrophilicity": {
        "1": 0.15958638228848104,
        "2": 0.10481063530740878,
        "3": 0.06813676696959146,
        "4": 0.037945352924815656,
        "5": 0.030633850511388748,
        "6": 0.07563200925272445,
        "7": 0.02660578593336637,
        "8": 0.05523599603630273,
        "9": -0.029770939779664857,
        "10": 0.07673580375169017,
        "11": 0.08297156069517744,
        "12": 0.09221566875514377,
        "13": 0.08066704833784027,
        "14": 0.04403947125326629,
        "15": 0.05051633315014727,
        "16": 0.04403827461233663
    },
    "fukui_nucleophilicity": {
        "1": 0.1358186791274193,
        "2": 0.07386638153017139,
        "3": 0.046970913442422865,
        "4": 0.024231634529460783,
        "5": 0.06086048815172596,
        "6": 0.04359132132143503,
        "7": 0.024517298041173842,
        "8": 0.06311677622761007,
        "9": -0.02458437617599102,
        "10": 0.06920459134956342,
        "11": 0.08189335007019152,
        "12": 0.08009253557177878,
        "13": 0.07115506567796608,
        "14": 0.09205270120005934,
        "15": 0.06516192109541197,
        "16": 0.0920507188878682
    },
    "fukui_radical": {
        "1": 0.14770253070795017,
        "2": 0.08933850841879008,
        "3": 0.057553840206007165,
        "4": 0.03108849372713822,
        "5": 0.045747169331557355,
        "6": 0.059611665287079736,
        "7": 0.025561541987270106,
        "8": 0.0591763861319564,
        "9": -0.027177657977827938,
        "10": 0.0729701975506268,
        "11": 0.08243245538268448,
        "12": 0.08615410216346128,
        "13": 0.07591105700790318,
        "14": 0.06804608622666282,
        "15": 0.057839127122779624,
        "16": 0.06804449675010242
    }
}