{
    "smiles": "[CH2]C=C",
    "best_conformer_coordinates": [
        [
            1.1649052334476133,
            -0.3755194351368286,
            0.0031935608488230034
        ],
        [
            0.08333331700917365,
            0.4669663845862453,
            0.06109707026361502
        ],
        [
            -1.2217733552308572,
            0.05669320511685156,
            -0.04490701982084181
        ],
        [
            1.0330082357845962,
            -1.4346637621961467,
            -0.1329571000491952
        ],
        [
            2.1709588175957455,
            -0.008874103830819881,
            0.09111784768325808
        ],
        [
            0.27211536341197085,
            1.524822716604196,
            0.19950517210424923
        ],
        [
            -1.4641987924732476,
            -0.9824706763889051,
            -0.1832896297680472
        ],
        [
            -2.038348819544999,
            0.7530456765372079,
            0.006240093446372876
        ]
    ],
    "best_conformer_elements": [
        6,
        6,
        6,
        1,
        1,
        1,
        1,
        1
    ],
    "best_conformer_energy": -8.869663397942753,
    "ip": 12.902987370001988,
    "ip_corrected": 8.056987370001988,
    "ea": 4.871534062808213,
    "homo": -0.4342921364537543,
    "lumo": -0.3252503349766192,
    "charges": {
        "1": -0.08941331614405211,
        "2": -0.01539366789485417,
        "3": -0.08940582663754919,
        "4": 0.04156312893813512,
        "5": 0.03833128031841856,
        "6": 0.034449102479769476,
        "7": 0.04154432571614006,
        "8": 0.0383249732240015
    },
    "dipole": [
        0.0010557326313903965,
        0.005479764807612753,
        0.000720269641096726
    ],
    "global_electrophilicity": 1.0167392844910568,
    "global_nucleophilicity": -8.056987370001988,
    "fukui_electrophilicity": {
        "1": 0.13846361016590902,
        "2": 0.030577924200849912,
        "3": 0.13845206385172343,
        "4": 0.13548354605532276,
        "5": 0.1487218447040911,
        "6": 0.12409193580673886,
        "7": 0.13548328663682802,
        "8": 0.1487257885785443
    },
    "fukui_nucleophilicity": {
        "1": 0.1349501803920672,
        "2": 0.04605479765248869,
        "3": 0.1349435263511335,
        "4": 0.13455890213331723,
        "5": 0.1476152965935665,
        "6": 0.1196985017585096,
        "7": 0.1345599417354787,
        "8": 0.14761885338343592
    },
    "fukui_radical": {
        "1": 0.1367068952789881,
        "2": 0.038316360926669304,
        "3": 0.13669779510142846,
        "4": 0.13502122409432,
        "5": 0.14816857064882882,
        "6": 0.12189521878262424,
        "7": 0.13502161418615335,
        "8": 0.1481723209809901
    }
}