{
    "smiles": "[CH2]c1ccccc1",
    "best_conformer_coordinates": [
        [
            2.285655823259203,
            -0.029153626578982888,
            0.25160563386107215
        ],
        [
            0.9153367739231143,
            -0.011736521614078137,
            0.10078810750525963
        ],
        [
            0.24492726713848748,
            1.106075337785115,
            -0.4717680699746348
        ],
        [
            -1.1185039983562475,
            1.1146725861704871,
            -0.617901182606903
        ],
        [
            -1.8813517174708123,
            0.024052881002337698,
            -0.20712495879206547
        ],
        [
            -1.2535552793841098,
            -1.0842000856822054,
            0.35668676731693344
        ],
        [
            0.10872766127305625,
            -1.110850510863231,
            0.5108173119154825
        ],
        [
            2.7882239562964504,
            -0.875172607935048,
            0.6844420321324027
        ],
        [
            2.891347348440029,
            0.8028309690912072,
            -0.059278868213662975
        ],
        [
            0.8358927672821928,
            1.9523068050380306,
            -0.790595012787237
        ],
        [
            -1.6086365529462272,
            1.9731152754994081,
            -1.0550260695505957
        ],
        [
            -2.9541852308812175,
            0.03762607715686723,
            -0.3251729143633989
        ],
        [
            -1.8485739647703687,
            -1.9287409881424151,
            0.6743306368507612
        ],
        [
            0.5946951461963549,
            -1.9708255909275498,
            0.948196586706613
        ]
    ],
    "best_conformer_elements": [
        6,
        6,
        6,
        6,
        6,
        6,
        6,
        1,
        1,
        1,
        1,
        1,
        1,
        1
    ],
    "best_conformer_energy": -18.477022759809813,
    "ip": 11.957253710393955,
    "ip_corrected": 7.111253710393955,
    "ea": 5.63615035136796,
    "homo": -0.40507127291006545,
    "lumo": -0.32307325288105343,
    "charges": {
        "1": -0.0968574174630472,
        "2": 0.025460406077946543,
        "3": -0.03498945243394409,
        "4": -0.027870762474696893,
        "5": -0.030342460503366753,
        "6": -0.027866961088875354,
        "7": -0.034997752059922886,
        "8": 0.0380516877626096,
        "9": 0.038038767291635314,
        "10": 0.032127624704575634,
        "11": 0.028916060069581907,
        "12": 0.029288063211362188,
        "13": 0.028894062582493076,
        "14": 0.03214813432364983
    },
    "dipole": [
        -0.02670671974950549,
        0.0003535375866695399,
        -0.0029456813422310117
    ],
    "global_electrophilicity": 1.2345982695030582,
    "global_nucleophilicity": -7.111253710393955,
    "fukui_electrophilicity": {
        "1": 0.11059713090491026,
        "2": 0.03295465790264994,
        "3": 0.0508102229172908,
        "4": 0.02466755994541498,
        "5": 0.07311277539153449,
        "6": 0.024656549197097,
        "7": 0.05080714116572411,
        "8": 0.11103120526250378,
        "9": 0.11103203344331498,
        "10": 0.07786916780525592,
        "11": 0.08171838543478936,
        "12": 0.09116185578924943,
        "13": 0.0817090630563738,
        "14": 0.07787225178389343
    },
    "fukui_nucleophilicity": {
        "1": 0.10106625804218249,
        "2": 0.03810696128437209,
        "3": 0.05354018538928357,
        "4": 0.028177610820665618,
        "5": 0.07520333463604469,
        "6": 0.028169609336878974,
        "7": 0.05352481267591682,
        "8": 0.10730028215944652,
        "9": 0.10730094119639043,
        "10": 0.07802185216363475,
        "11": 0.08054578587194428,
        "12": 0.09048212606172618,
        "13": 0.08053702203945953,
        "14": 0.07802321832206771
    },
    "fukui_radical": {
        "1": 0.10583169447354637,
        "2": 0.035530809593511015,
        "3": 0.052175204153287184,
        "4": 0.0264225853830403,
        "5": 0.07415805501378958,
        "6": 0.026413079266987986,
        "7": 0.052165976920820464,
        "8": 0.10916574371097515,
        "9": 0.1091664873198527,
        "10": 0.07794550998444533,
        "11": 0.08113208565336681,
        "12": 0.0908219909254878,
        "13": 0.08112304254791668,
        "14": 0.07794773505298057
    }
}