{
    "smiles": "[NH2]",
    "best_conformer_coordinates": [
        [
            2.743024462793205e-05,
            0.3885786968966816,
            1.2654091819578462e-06
        ],
        [
            0.8298849895896857,
            -0.19434792881009583,
            -6.327045920044509e-07
        ],
        [
            -0.829912419834314,
            -0.1942307627948131,
            -6.327045897829601e-07
        ]
    ],
    "best_conformer_elements": [
        7,
        1,
        1
    ],
    "best_conformer_energy": -3.8089254946609903,
    "ip": 17.380416380028244,
    "ip_corrected": 12.534416380028244,
    "ea": 5.18449950902598,
    "homo": -0.4262339582168267,
    "lumo": -0.4221269788145953,
    "charges": {
        "1": -0.33192387760258185,
        "2": 0.16596193884860633,
        "3": 0.1659619387539717
    },
    "dipole": [
        -5.178061134324003e-05,
        -0.7335333059406624,
        -2.388563396193582e-06
    ],
    "global_electrophilicity": 1.6984369158077741,
    "global_nucleophilicity": -12.534416380028244,
    "fukui_electrophilicity": {
        "1": 0.5081044639850594,
        "2": 0.24594776785104186,
        "3": 0.24594776816389585
    },
    "fukui_nucleophilicity": {
        "1": 0.5726155611639973,
        "2": 0.21369221929569376,
        "3": 0.21369221954036866
    },
    "fukui_radical": {
        "1": 0.5403600125745284,
        "2": 0.2298199935733678,
        "3": 0.22981999385213225
    }
}