{
    "smiles": "BrC=Cc1ccccc1",
    "best_conformer_coordinates": [
        [
            4.577054100972623,
            -0.14959675053786653,
            0.24444406213772896
        ],
        [
            2.746317430725659,
            -0.4733169925413632,
            -0.10044664814318535
        ],
        [
            1.7898484195361288,
            0.33303752166860545,
            0.347848328083618
        ],
        [
            0.36068774035052986,
            0.16699774336543943,
            0.1344543820967238
        ],
        [
            -0.5066202917725483,
            1.1157353060622937,
            0.6810334217686518
        ],
        [
            -1.8732682648142112,
            1.0094581940640477,
            0.510791455627706
        ],
        [
            -2.403174926617591,
            -0.04789055006277724,
            -0.20980645211940888
        ],
        [
            -1.5549702320534862,
            -0.9968766615031697,
            -0.7579675531754047
        ],
        [
            -0.18808479741619694,
            -0.8935556808348737,
            -0.5896141530626668
        ],
        [
            2.587252099072286,
            -1.3632156280436392,
            -0.6856364801478183
        ],
        [
            2.0710590208852144,
            1.202241717246696,
            0.9287944187711549
        ],
        [
            -0.0991668584128223,
            1.9431223277798582,
            1.2443737934027048
        ],
        [
            -2.527642001694223,
            1.7531455628461627,
            0.9411342608132092
        ],
        [
            -3.4710594189536037,
            -0.13299940683609185,
            -0.3441603930578789
        ],
        [
            -1.9633272124740326,
            -1.82339342259834,
            -1.32081186493698
        ],
        [
            0.455095203249701,
            -1.6428932959503848,
            -1.0244305780582441
        ]
    ],
    "best_conformer_elements": [
        35,
        6,
        6,
        6,
        6,
        6,
        6,
        6,
        6,
        1,
        1,
        1,
        1,
        1,
        1,
        1
    ],
    "best_conformer_energy": -24.740746258910605,
    "ip": 13.225305256726294,
    "ip_corrected": 8.379305256726294,
    "ea": 4.767228482851537,
    "homo": -0.3912881892932879,
    "lumo": -0.27350802015836234,
    "charges": {
        "1": -0.15878727446109803,
        "2": 0.0328151534715323,
        "3": -0.03655197472398495,
        "4": 0.014005553482307975,
        "5": -0.03096354711792062,
        "6": -0.02729695297999042,
        "7": -0.026982052632758234,
        "8": -0.02694644982864223,
        "9": -0.03262184434019372,
        "10": 0.058125034694521314,
        "11": 0.05837688158094823,
        "12": 0.03684078396585548,
        "13": 0.036107328469978765,
        "14": 0.03604626514923064,
        "15": 0.035711749982218335,
        "16": 0.03212134528799889
    },
    "dipole": [
        -1.4215259188006621,
        -0.08756989287000914,
        -0.1622755804127712
    ],
    "global_electrophilicity": 1.0182406444731646,
    "global_nucleophilicity": -8.379305256726294,
    "fukui_electrophilicity": {
        "1": 0.1656034272122407,
        "2": 0.06294318102732838,
        "3": 0.04707347420205903,
        "4": 0.052310606422012254,
        "5": 0.03086901394207501,
        "6": 0.025702008651959707,
        "7": 0.060448309263852175,
        "8": 0.023334159515003734,
        "9": 0.031192509528407533,
        "10": 0.08288361068666632,
        "11": 0.0769890536860251,
        "12": 0.0638046966952418,
        "13": 0.07063024550530672,
        "14": 0.0787056915667782,
        "15": 0.069256300909295,
        "16": 0.0582537111857669
    },
    "fukui_nucleophilicity": {
        "1": 0.2707139941313936,
        "2": 0.033848557925043904,
        "3": 0.038704220538554164,
        "4": 0.04857504484264476,
        "5": 0.02868023692536869,
        "6": 0.02582391896325889,
        "7": 0.05710769302119691,
        "8": 0.025380672034697717,
        "9": 0.02669188908655072,
        "10": 0.07553329888686938,
        "11": 0.06402550009971755,
        "12": 0.056671801538000596,
        "13": 0.06375930345643224,
        "14": 0.07084535242530252,
        "15": 0.06251470231505703,
        "16": 0.0511238144543573
    },
    "fukui_radical": {
        "1": 0.21815871067181714,
        "2": 0.04839586947618614,
        "3": 0.0428888473703066,
        "4": 0.050442825632328506,
        "5": 0.02977462543372185,
        "6": 0.0257629638076093,
        "7": 0.058778001142524544,
        "8": 0.024357415774850726,
        "9": 0.028942199307479127,
        "10": 0.07920845478676786,
        "11": 0.07050727689287133,
        "12": 0.060238249116621206,
        "13": 0.06719477448086948,
        "14": 0.07477552199604036,
        "15": 0.065885501612176,
        "16": 0.0546887628200621
    }
}