{
    "smiles": "C#C",
    "best_conformer_coordinates": [
        [
            0.5487758942954476,
            0.08293098168778743,
            -0.024576559742936408
        ],
        [
            -0.5487759062482953,
            -0.3840086570772097,
            0.02457655938974814
        ],
        [
            1.5138922641203882,
            0.4935275017595767,
            -0.06779876758314328
        ],
        [
            -1.5138922574593094,
            -0.7946052208325892,
            0.06779876793633154
        ]
    ],
    "best_conformer_elements": [
        6,
        6,
        1,
        1
    ],
    "best_conformer_energy": -5.206771987449915,
    "ip": 16.96430885345239,
    "ip_corrected": 12.11830885345239,
    "ea": -0.8460506181183061,
    "homo": -0.423046362830492,
    "lumo": -0.15522427613918713,
    "charges": {
        "1": -0.07950693638820193,
        "2": -0.07950693604995931,
        "3": 0.07950693622842153,
        "4": 0.07950693620973606
    },
    "dipole": [
        4.309018645101577e-09,
        -1.122234960506138e-08,
        1.9303874866435976e-10
    ],
    "global_electrophilicity": 0.2898368992293364,
    "global_nucleophilicity": -12.11830885345239,
    "fukui_electrophilicity": {
        "1": 0.2606028974242028,
        "2": 0.26060289771457246,
        "3": 0.23939710243425347,
        "4": 0.2393971024269623
    },
    "fukui_nucleophilicity": {
        "1": 0.26965297889342144,
        "2": 0.26965297967005375,
        "3": 0.2303470207250351,
        "4": 0.23034702071009241
    },
    "fukui_radical": {
        "1": 0.26512793815881214,
        "2": 0.2651279386923131,
        "3": 0.2348720615796443,
        "4": 0.23487206156852736
    }
}