{
    "smiles": "C#Cc1ccc(OC)cc1",
    "best_conformer_coordinates": [
        [
            4.313706611434275,
            0.37714956360262614,
            0.03940042862025175
        ],
        [
            3.1274171558990003,
            0.19572458119995986,
            0.07573408367581944
        ],
        [
            1.7292003324946523,
            -0.017224677341386697,
            0.11873821813444886
        ],
        [
            0.8621365167319361,
            1.0384957811235078,
            0.38533070187695334
        ],
        [
            -0.5052927237465525,
            0.838326953607903,
            0.42902172334382244
        ],
        [
            -1.0301291211457342,
            -0.43064611627771726,
            0.20498319895682313
        ],
        [
            -2.3557989164478808,
            -0.7428594168920059,
            0.22347258699253256
        ],
        [
            -3.28535083479462,
            0.2787263108387538,
            0.4870162267755951
        ],
        [
            -0.16125378843467578,
            -1.4917288542332021,
            -0.06280379827805854
        ],
        [
            1.198867568357281,
            -1.2899133554463826,
            -0.10571281141535026
        ],
        [
            5.35023208044024,
            0.5350119547860692,
            0.007520765433270089
        ],
        [
            1.2649489204065718,
            2.025608027431991,
            0.5599416955736277
        ],
        [
            -1.149756414362983,
            1.6779205943007813,
            0.638263019959797
        ],
        [
            -4.264213789536781,
            -0.19697433284559282,
            0.4511474868058538
        ],
        [
            -3.1330643917447367,
            0.7159705311887533,
            1.4793365983247015
        ],
        [
            -3.2406506395405335,
            1.069213823297667,
            -0.2694259520766511
        ],
        [
            -0.5858621959161652,
            -2.4684597620066713,
            -0.2339769686399168
        ],
        [
            1.8648636351985666,
            -2.114341606335105,
            -0.31321583657773033
        ]
    ],
    "best_conformer_elements": [
        6,
        6,
        6,
        6,
        6,
        6,
        8,
        6,
        6,
        6,
        1,
        1,
        1,
        1,
        1,
        1,
        1,
        1
    ],
    "best_conformer_energy": -27.331684471160813,
    "ip": 12.779152409523586,
    "ip_corrected": 7.933152409523586,
    "ea": 3.529493111090446,
    "homo": -0.37155607248780725,
    "lumo": -0.23334997391940587,
    "charges": {
        "1": -0.10409022893865336,
        "2": -0.022575475722589597,
        "3": 0.026719581697974622,
        "4": -0.030671608850428855,
        "5": -0.06604324164727221,
        "6": 0.14354628676301773,
        "7": -0.27027153087661937,
        "8": 0.03928508267368365,
        "9": -0.053721544621082494,
        "10": -0.028893843201295642,
        "11": 0.07340450214675052,
        "12": 0.03554495580849333,
        "13": 0.03248391222472849,
        "14": 0.060956562405118875,
        "15": 0.03953381698412642,
        "16": 0.03953381704199651,
        "17": 0.046253506809646766,
        "18": 0.03900544930239924
    },
    "dipole": [
        -0.4280352739299453,
        0.46246309584466344,
        0.11974890935292433
    ],
    "global_electrophilicity": 0.5916433856228347,
    "global_nucleophilicity": -7.933152409523586,
    "fukui_electrophilicity": {
        "1": 0.10222369427823644,
        "2": 0.05580002171901122,
        "3": 0.07574908049688328,
        "4": 0.04445694988181778,
        "5": 0.02731842277670697,
        "6": 0.07968505630982242,
        "7": 0.06143314816994361,
        "8": -0.026988437635098908,
        "9": 0.031583519952161916,
        "10": 0.03756610349804749,
        "11": 0.09936575005501723,
        "12": 0.07790744078352214,
        "13": 0.07718646361526806,
        "14": 0.04576574525749348,
        "15": 0.02804431914955588,
        "16": 0.028044361756977707,
        "17": 0.07878458920569781,
        "18": 0.07607377072893749
    },
    "fukui_nucleophilicity": {
        "1": 0.09573218193471966,
        "2": 0.056479233229994305,
        "3": 0.06432052910248584,
        "4": 0.030678961307953237,
        "5": 0.03090939329171538,
        "6": 0.04317983007179885,
        "7": 0.12672695848160487,
        "8": -0.03504161832355411,
        "9": 0.03570139895504775,
        "10": 0.02538563103084874,
        "11": 0.0880279416452323,
        "12": 0.06477294569603227,
        "13": 0.06188939758416033,
        "14": 0.056799193582455956,
        "15": 0.062166337383808806,
        "16": 0.06216641392018706,
        "17": 0.06614957929920195,
        "18": 0.06395569180629379
    },
    "fukui_radical": {
        "1": 0.09897793810647805,
        "2": 0.05613962747450276,
        "3": 0.07003480479968457,
        "4": 0.03756795559488551,
        "5": 0.029113908034211176,
        "6": 0.061432443190810634,
        "7": 0.09408005332577424,
        "8": -0.03101502797932651,
        "9": 0.033642459453604834,
        "10": 0.031475867264448114,
        "11": 0.09369684585012476,
        "12": 0.07134019323977721,
        "13": 0.06953793059971419,
        "14": 0.05128246941997472,
        "15": 0.04510532826668234,
        "16": 0.04510538783858239,
        "17": 0.07246708425244988,
        "18": 0.07001473126761565
    }
}