{
    "smiles": "C#CC",
    "best_conformer_coordinates": [
        [
            1.687309148251411,
            0.09714492030150101,
            -0.004714603260334451
        ],
        [
            0.49314289845798326,
            0.028392153137014993,
            -0.0013779243432113604
        ],
        [
            -0.9499863478845606,
            -0.05469439469422206,
            0.0026544108775517867
        ],
        [
            2.73411612660475,
            0.15741366154139141,
            -0.0076395512626590166
        ],
        [
            -1.2925615421297247,
            -0.5347663244787784,
            0.9190642697321718
        ],
        [
            -1.2915530212218223,
            -0.6382364594411596,
            -0.8520061751063883
        ],
        [
            -1.3804672620780334,
            0.9447464436342481,
            -0.05598042663712333
        ]
    ],
    "best_conformer_elements": [
        6,
        6,
        6,
        1,
        1,
        1,
        1
    ],
    "best_conformer_energy": -8.382910331224437,
    "ip": 14.884485184773824,
    "ip_corrected": 10.038485184773824,
    "ea": -0.6468241979193484,
    "homo": -0.3998435024347136,
    "lumo": -0.13968931081575856,
    "charges": {
        "1": -0.11865218055144465,
        "2": -0.023742717696704538,
        "3": -0.08708738460889148,
        "4": 0.06879248142854291,
        "5": 0.05356326709496779,
        "6": 0.053563267144472015,
        "7": 0.0535632671890572
    },
    "dipole": [
        -0.3038735333655504,
        -0.017495174621587336,
        0.0008490692242063251
    ],
    "global_electrophilicity": 0.1663014471145943,
    "global_nucleophilicity": -10.038485184773824,
    "fukui_electrophilicity": {
        "1": 0.21684747602669685,
        "2": 0.26404746564204556,
        "3": -0.06169852063070315,
        "4": 0.20224503146266737,
        "5": 0.1261861825761872,
        "6": 0.12618618250407826,
        "7": 0.1261861824190237
    },
    "fukui_nucleophilicity": {
        "1": 0.18301318766233388,
        "2": 0.15274451396600253,
        "3": -0.014293586268454145,
        "4": 0.1557059888560308,
        "5": 0.17427663189530135,
        "6": 0.17427663194466844,
        "7": 0.174276631944088
    },
    "fukui_radical": {
        "1": 0.19993033184451536,
        "2": 0.20839598980402407,
        "3": -0.03799605344957865,
        "4": 0.1789755101593491,
        "5": 0.15023140723574427,
        "6": 0.15023140722437336,
        "7": 0.15023140718155584
    }
}