{
    "smiles": "C(=C)N1C=NC=C1",
    "best_conformer_coordinates": [
        [
            -1.33671801399842,
            0.1938575860255537,
            -0.26588359892980107
        ],
        [
            -2.1178262876001464,
            -0.7383583236881399,
            0.25881605604717195
        ],
        [
            0.044039374273577875,
            0.24804133879905313,
            -0.15673900636310403
        ],
        [
            0.8416801121117203,
            1.2123956921862293,
            -0.7006155752472235
        ],
        [
            2.09950040908794,
            1.0190813561769583,
            -0.44333587433098604
        ],
        [
            2.1494582788390524,
            -0.1199723638695667,
            0.3028138224259615
        ],
        [
            0.8943753141107474,
            -0.6131952342524171,
            0.49239525914756305
        ],
        [
            -1.745256560072245,
            1.0139327208376978,
            -0.8420433653905525
        ],
        [
            -3.1824381427243,
            -0.6992990294849342,
            0.12207938149688906
        ],
        [
            -1.7353618944889897,
            -1.5620174782772018,
            0.8345807013398473
        ],
        [
            0.4520501405364133,
            2.0306538401164804,
            -1.2736162999111433
        ],
        [
            3.085219256652002,
            -0.5070651474636557,
            0.6524628206550261
        ],
        [
            0.5512780079809425,
            -1.4780549571059876,
            1.0190856790603338
        ]
    ],
    "best_conformer_elements": [
        6,
        6,
        7,
        6,
        7,
        6,
        6,
        1,
        1,
        1,
        1,
        1,
        1
    ],
    "best_conformer_energy": -19.584111453012827,
    "ip": 13.689810804420288,
    "ip_corrected": 8.843810804420288,
    "ea": 3.6729114639298235,
    "homo": -0.3790027138764181,
    "lumo": -0.24995186684939938,
    "charges": {
        "1": 0.01892366022280699,
        "2": -0.10345548805154205,
        "3": 0.005194292483059693,
        "4": 0.08144916200804285,
        "5": -0.25834562866646843,
        "6": 0.019119779429504477,
        "7": -0.024393448560320663,
        "8": 0.04830361555527977,
        "9": 0.0517209125313968,
        "10": 0.05287961264307009,
        "11": 0.03603618878996123,
        "12": 0.03625127564416383,
        "13": 0.036316065971047584
    },
    "dipole": [
        -1.2697722791486448,
        -0.4435560076973465,
        0.1557383619791283
    ],
    "global_electrophilicity": 0.7342589023571198,
    "global_nucleophilicity": -8.843810804420288,
    "fukui_electrophilicity": {
        "1": 0.06200134428776897,
        "2": 0.08542564972821802,
        "3": 0.05567040626801106,
        "4": 0.04735623071916409,
        "5": 0.11500945689678016,
        "6": 0.031363338751053335,
        "7": 0.04143406694335269,
        "8": 0.09567620343137438,
        "9": 0.11221889162566473,
        "10": 0.09801621483016926,
        "11": 0.09035593894840738,
        "12": 0.09020816471159923,
        "13": 0.0752640928584436
    },
    "fukui_nucleophilicity": {
        "1": 0.022122511781955623,
        "2": 0.06021466023189949,
        "3": 0.08256617572220692,
        "4": 0.027791913093636655,
        "5": 0.19348651812731643,
        "6": 0.052858807273852046,
        "7": 0.03538293648854417,
        "8": 0.072288124682472,
        "9": 0.08996504316844331,
        "10": 0.06826149191768521,
        "11": 0.09801792614383797,
        "12": 0.10636118002034087,
        "13": 0.0906827113478327
    },
    "fukui_radical": {
        "1": 0.04206192803486229,
        "2": 0.07282015498005875,
        "3": 0.069118290995109,
        "4": 0.03757407190640037,
        "5": 0.1542479875120483,
        "6": 0.04211107301245269,
        "7": 0.03840850171594843,
        "8": 0.0839821640569232,
        "9": 0.101091967397054,
        "10": 0.08313885337392724,
        "11": 0.09418693254612268,
        "12": 0.09828467236597005,
        "13": 0.08297340210313815
    }
}