{
    "smiles": "C(=C)C1=CC=NC=C1",
    "best_conformer_coordinates": [
        [
            -1.6379937895530707,
            0.469597840234253,
            0.05841341725107329
        ],
        [
            -2.5951681932610438,
            -0.4392176094399992,
            0.19840789362368322
        ],
        [
            -0.20434447000956896,
            0.2113128022126381,
            -0.006378296829603798
        ],
        [
            0.6809531288057344,
            1.2816102491359416,
            -0.15636603753924572
        ],
        [
            2.040520068819361,
            1.0324383194950242,
            -0.21742981009242804
        ],
        [
            2.5643639025983407,
            -0.17943522870090176,
            -0.14116836992538961
        ],
        [
            1.732604104863574,
            -1.1983626534806577,
            0.0009417514124455867
        ],
        [
            0.35752156129967994,
            -1.0647118904004704,
            0.07328805900932776
        ],
        [
            -1.9090494735123948,
            1.5156434797567397,
            -0.018549645919132503
        ],
        [
            -2.391356587574394,
            -1.493165210025243,
            0.2802050819582232
        ],
        [
            -3.6331910424398863,
            -0.1566689709477472,
            0.23677372631473023
        ],
        [
            0.30759573280552127,
            2.2928932542068496,
            -0.22391457250476937
        ],
        [
            2.7506872468937913,
            1.8412160632822352,
            -0.3332933921630498
        ],
        [
            2.1987787733094306,
            -2.173696977873288,
            0.05958435389881671
        ],
        [
            -0.2619209683367996,
            -1.9394534568717763,
            0.1894858362135476
        ]
    ],
    "best_conformer_elements": [
        6,
        6,
        6,
        6,
        6,
        7,
        6,
        6,
        1,
        1,
        1,
        1,
        1,
        1,
        1
    ],
    "best_conformer_energy": -21.42975756716457,
    "ip": 13.310343507956551,
    "ip_corrected": 8.464343507956551,
    "ea": 4.489250153113567,
    "homo": -0.36672724422713804,
    "lumo": -0.27169934480162405,
    "charges": {
        "1": -0.030686851914844215,
        "2": -0.07904126296630472,
        "3": 0.031196186778124274,
        "4": -0.044576024438355566,
        "5": 0.05910204026865279,
        "6": -0.22370345107181466,
        "7": 0.0587198404777792,
        "8": -0.0431227753481515,
        "9": 0.03855235170964272,
        "10": 0.04515518727173462,
        "11": 0.04320907302319463,
        "12": 0.03367692873974504,
        "13": 0.037057586027413145,
        "14": 0.0372476491860588,
        "15": 0.03721352225712829
    },
    "dipole": [
        -0.9702850848593416,
        0.10538636825072029,
        0.05006012048909719
    ],
    "global_electrophilicity": 0.9314757299464386,
    "global_nucleophilicity": -8.464343507956551,
    "fukui_electrophilicity": {
        "1": 0.03963845932598396,
        "2": 0.07191424374342222,
        "3": 0.06875640159126548,
        "4": 0.032771844853501264,
        "5": 0.023920920081141328,
        "6": 0.13644361518481574,
        "7": 0.02162157428848084,
        "8": 0.031793161788601344,
        "9": 0.08104919185455747,
        "10": 0.08286999908675238,
        "11": 0.09903143802015939,
        "12": 0.07472486800656511,
        "13": 0.0848074958405029,
        "14": 0.08326267578880986,
        "15": 0.06739411054544006
    },
    "fukui_nucleophilicity": {
        "1": 0.02901651988007395,
        "2": 0.03964827947837728,
        "3": 0.03729823712891074,
        "4": 0.03494023531117568,
        "5": 0.008987143263305353,
        "6": 0.2243296111672817,
        "7": 0.008109488701759648,
        "8": 0.03450896484878937,
        "9": 0.06638373406634025,
        "10": 0.058762465329478125,
        "11": 0.08442564222262991,
        "12": 0.08769017527709322,
        "13": 0.10236509889639529,
        "14": 0.10237933370357408,
        "15": 0.08115507072478298
    },
    "fukui_radical": {
        "1": 0.034327489603028956,
        "2": 0.055781261610899746,
        "3": 0.05302731936008811,
        "4": 0.03385604008233847,
        "5": 0.01645403167222334,
        "6": 0.1803866131760487,
        "7": 0.014865531495120245,
        "8": 0.033151063318695356,
        "9": 0.07371646296044887,
        "10": 0.07081623220811525,
        "11": 0.09172854012139464,
        "12": 0.08120752164182916,
        "13": 0.0935862973684491,
        "14": 0.09282100474619197,
        "15": 0.07427459063511152
    }
}