{
    "smiles": "C(=C)C=1OC(=CC1)C",
    "best_conformer_coordinates": [
        [
            -2.181144538410657,
            0.18072407811722965,
            -0.5007157337251436
        ],
        [
            -2.5653798050370735,
            1.443193235207125,
            -0.33504026411028437
        ],
        [
            -0.8448688423751763,
            -0.3019595187179621,
            -0.27068963739418894
        ],
        [
            0.13047283135431667,
            0.5450472192111163,
            0.14462658606826856
        ],
        [
            1.2655307554344015,
            -0.16906148855259734,
            0.27727704850222135
        ],
        [
            1.0384243052642887,
            -1.475999659328343,
            -0.048364807121604805
        ],
        [
            -0.3249863111242167,
            -1.5657420064737269,
            -0.4031766610091936
        ],
        [
            2.4956287656094465,
            0.5345187208524675,
            0.7258418090808039
        ],
        [
            -2.8788775482337314,
            -0.5772590664062636,
            -0.829191987629818
        ],
        [
            -1.8716249242157648,
            2.198660162012255,
            -0.008064247068049356
        ],
        [
            -3.577746635743022,
            1.7557049763714516,
            -0.5202780248860958
        ],
        [
            1.7553096536369799,
            -2.2716807592182358,
            -0.035688977932199904
        ],
        [
            -0.8541350281498249,
            -2.4433783128340485,
            -0.7147541679178431
        ],
        [
            2.7533230131707827,
            1.331176487458464,
            0.028671758047206463
        ],
        [
            2.3397255646388477,
            0.9852585749642246,
            1.7054558631248697
        ],
        [
            3.320348733596916,
            -0.16920263207958983,
            0.7840914386792834
        ]
    ],
    "best_conformer_elements": [
        6,
        6,
        6,
        8,
        6,
        6,
        6,
        6,
        1,
        1,
        1,
        1,
        1,
        1,
        1,
        1
    ],
    "best_conformer_energy": -23.099219428966528,
    "ip": 12.824997396540658,
    "ip_corrected": 7.978997396540658,
    "ea": 3.6015464837874474,
    "homo": -0.36465894240495705,
    "lumo": -0.24205572472745895,
    "charges": {
        "1": -0.038618442113607265,
        "2": -0.08656020185518747,
        "3": 0.10617421641713262,
        "4": -0.1989554797071913,
        "5": 0.11559638155036897,
        "6": -0.07724865121145369,
        "7": -0.0702448735293889,
        "8": -0.11549488637006208,
        "9": 0.04045452660091473,
        "10": 0.04944187798217316,
        "11": 0.038265928093149285,
        "12": 0.031338474925179445,
        "13": 0.03257872488908202,
        "14": 0.06003630817575704,
        "15": 0.0600363378658992,
        "16": 0.05319975828722933
    },
    "dipole": [
        0.3165966464786574,
        -0.03579286543001592,
        0.07070722784245043
    ],
    "global_electrophilicity": 0.6146571617429263,
    "global_nucleophilicity": -7.978997396540658,
    "fukui_electrophilicity": {
        "1": 0.05592950137521613,
        "2": 0.08123079266911785,
        "3": 0.045907708844167124,
        "4": 0.0864031943620246,
        "5": 0.07153173793310869,
        "6": 0.022576638005890826,
        "7": 0.05655074469738795,
        "8": -0.027388371714551094,
        "9": 0.09045299664448245,
        "10": 0.09132412381440655,
        "11": 0.10611474944366227,
        "12": 0.0825184806594026,
        "13": 0.0840718540915577,
        "14": 0.05189064403188478,
        "15": 0.05189054771579285,
        "16": 0.048994657426436126
    },
    "fukui_nucleophilicity": {
        "1": 0.03321895023741983,
        "2": 0.06831781108989658,
        "3": 0.0668307492287182,
        "4": 0.05579605524800374,
        "5": 0.07450347606489746,
        "6": 0.045340713849429164,
        "7": 0.0478321232501617,
        "8": -0.02374709684742818,
        "9": 0.07447549683655999,
        "10": 0.07220167565626383,
        "11": 0.09090522863971927,
        "12": 0.08327960925780731,
        "13": 0.08203687262588881,
        "14": 0.0848214998683236,
        "15": 0.084821241457398,
        "16": 0.05936559354653483
    },
    "fukui_radical": {
        "1": 0.04457422580631798,
        "2": 0.07477430187950722,
        "3": 0.05636922903644266,
        "4": 0.07109962480501417,
        "5": 0.07301760699900307,
        "6": 0.03395867592766,
        "7": 0.05219143397377483,
        "8": -0.025567734280989636,
        "9": 0.08246424674052122,
        "10": 0.08176289973533518,
        "11": 0.09850998904169077,
        "12": 0.08289904495860495,
        "13": 0.08305436335872325,
        "14": 0.06835607195010418,
        "15": 0.06835589458659543,
        "16": 0.05418012548648548
    }
}