{
    "smiles": "C(=C)N1C(C=2C(C1=O)=CC=CC2)=O",
    "best_conformer_coordinates": [
        [
            2.7770679413710893,
            -0.675637579958847,
            0.3947608761840113
        ],
        [
            3.806318878737091,
            0.01882516798997533,
            -0.05820995930727995
        ],
        [
            1.4261377104683577,
            -0.3598337326423197,
            0.20773865391709806
        ],
        [
            0.9004484650511454,
            0.7348352704795996,
            -0.4838755532151709
        ],
        [
            -0.5728324425763834,
            0.5955987636466845,
            -0.37984833591795103
        ],
        [
            -0.8578965084532447,
            -0.5560364557195898,
            0.35649568948159693
        ],
        [
            0.4250614411273429,
            -1.1825780665400911,
            0.7421070987871164
        ],
        [
            0.627045786506227,
            -2.1842321475602224,
            1.377863771965064
        ],
        [
            -2.158436810683726,
            -0.9382284373245342,
            0.613438263102102
        ],
        [
            -3.176966400678883,
            -0.13391856957713116,
            0.11186554000537022
        ],
        [
            -2.89449509944977,
            1.00989100090407,
            -0.6194679210030771
        ],
        [
            -1.5820399439792014,
            1.3935075408947648,
            -0.87744216733186
        ],
        [
            1.5310305986003307,
            1.5963921998179191,
            -1.0390968136311542
        ],
        [
            2.8890434142006836,
            -1.5844102033169638,
            0.9723079996820586
        ],
        [
            4.808109383830416,
            -0.3144653027689941,
            0.14358792541501794
        ],
        [
            3.6883779486340464,
            0.9201011962419879,
            -0.630920940020098
        ],
        [
            -2.369713122007165,
            -1.829497356339119,
            1.183209132245927
        ],
        [
            -4.205747025467357,
            -0.4052856323291622,
            0.295400606396401
        ],
        [
            -3.7071498380395003,
            1.6133452457041844,
            -0.9952806201825213
        ],
        [
            -1.3533643824833896,
            2.2816271089813505,
            -1.4453891676450423
        ]
    ],
    "best_conformer_elements": [
        6,
        6,
        7,
        6,
        6,
        6,
        6,
        8,
        6,
        6,
        6,
        6,
        8,
        1,
        1,
        1,
        1,
        1,
        1,
        1
    ],
    "best_conformer_energy": -36.0318811488951,
    "ip": 13.686747629952109,
    "ip_corrected": 8.840747629952109,
    "ea": 5.973759908169627,
    "homo": -0.4024866335473834,
    "lumo": -0.3178006326475564,
    "charges": {
        "1": 0.028293405214670775,
        "2": -0.10259054943521305,
        "3": -0.08928512604421596,
        "4": 0.27809325593003503,
        "5": -0.0221821571092662,
        "6": -0.022187229190975058,
        "7": 0.27665783320993226,
        "8": -0.36287730456027323,
        "9": -0.01208691013486654,
        "10": -0.019590907551611927,
        "11": -0.019306559970948836,
        "12": -0.012142310062689676,
        "13": -0.36023877721104086,
        "14": 0.06829517637523837,
        "15": 0.05451569244207296,
        "16": 0.07917778526327751,
        "17": 0.06438325841598024,
        "18": 0.05414023100753946,
        "19": 0.05424653961153438,
        "20": 0.06468465380081535
    },
    "dipole": [
        -1.1953038108512521,
        0.2257653982145076,
        -0.13130777115537834
    ],
    "global_electrophilicity": 1.6104515221927684,
    "global_nucleophilicity": -8.840747629952109,
    "fukui_electrophilicity": {
        "1": -0.010822358244640687,
        "2": 0.02211300250937663,
        "3": 0.03791537042420309,
        "4": 0.04446520022442288,
        "5": 0.045181402376807886,
        "6": 0.045683542260762336,
        "7": 0.045811466536445467,
        "8": 0.14340998587539822,
        "9": 0.020272087977732008,
        "10": 0.03788738361088659,
        "11": 0.03875923722743122,
        "12": 0.01962418740728026,
        "13": 0.13885590347470533,
        "14": 0.03122895361199647,
        "15": 0.05235370208565359,
        "16": 0.024366317140014568,
        "17": 0.06038043618049921,
        "18": 0.0712783070214805,
        "19": 0.07138721099619327,
        "20": 0.05984866130335358
    },
    "fukui_nucleophilicity": {
        "1": 0.032547733290687844,
        "2": 0.060317091171106826,
        "3": 0.07199055850322686,
        "4": 0.012267179687393603,
        "5": 0.028809655308966675,
        "6": 0.02750497059304019,
        "7": 0.007699281500965716,
        "8": 0.09727792303214633,
        "9": 0.019750767065427055,
        "10": 0.030357093167131338,
        "11": 0.0297962751252364,
        "12": 0.019356778730394,
        "13": 0.1089506179860884,
        "14": 0.07242283809403095,
        "15": 0.08508820660086203,
        "16": 0.06688507811925429,
        "17": 0.052228985238038914,
        "18": 0.06490520917415743,
        "19": 0.06235785515723503,
        "20": 0.04948590245462614
    },
    "fukui_radical": {
        "1": 0.010862687523023579,
        "2": 0.04121504684024173,
        "3": 0.054952964463714976,
        "4": 0.02836618995590824,
        "5": 0.03699552884288728,
        "6": 0.03659425642690126,
        "7": 0.02675537401870559,
        "8": 0.12034395445377227,
        "9": 0.02001142752157953,
        "10": 0.03412223838900896,
        "11": 0.034277756176333815,
        "12": 0.01949048306883713,
        "13": 0.12390326073039687,
        "14": 0.05182589585301371,
        "15": 0.06872095434325781,
        "16": 0.04562569762963443,
        "17": 0.05630471070926906,
        "18": 0.06809175809781896,
        "19": 0.06687253307671415,
        "20": 0.054667281878989865
    }
}