{
    "smiles": "C(=C)C1=CSC=C1",
    "best_conformer_coordinates": [
        [
            -1.3664100395593939,
            0.443593385302704,
            -0.1375763078285919
        ],
        [
            -2.212551203506806,
            -0.5780516880696699,
            -0.07961889554384591
        ],
        [
            0.0764400258049816,
            0.35185688734758497,
            -0.03389801605296338
        ],
        [
            0.8932652134745411,
            1.4474226674110164,
            -0.1019132727324634
        ],
        [
            2.5540822656447912,
            1.0519132543187413,
            0.04944065744354302
        ],
        [
            2.165885710024229,
            -0.6186925761857364,
            0.20874346248201028
        ],
        [
            0.8337307236641923,
            -0.8427030368385201,
            0.14710763351531825
        ],
        [
            -1.7465236765474967,
            1.4484882417162641,
            -0.27318861910510817
        ],
        [
            -3.2752662857029344,
            -0.43072807965918153,
            -0.16478912101196933
        ],
        [
            -1.883193557856531,
            -1.5940801405238938,
            0.05393242556518351
        ],
        [
            0.606492154533985,
            2.4722585926168574,
            -0.23367111767319398
        ],
        [
            2.957034090235737,
            -1.3302139914133588,
            0.33860602482828067
        ],
        [
            0.3970145797907104,
            -1.8210635160228095,
            0.2268251461137893
        ]
    ],
    "best_conformer_elements": [
        6,
        6,
        6,
        6,
        16,
        6,
        6,
        1,
        1,
        1,
        1,
        1,
        1
    ],
    "best_conformer_energy": -19.098400079097882,
    "ip": 13.12543751401149,
    "ip_corrected": 8.279437514011489,
    "ea": 4.105225415314052,
    "homo": -0.3792176250972351,
    "lumo": -0.253875897369747,
    "charges": {
        "1": -0.027609270161599933,
        "2": -0.08667203703138088,
        "3": 0.0012115473300850221,
        "4": -0.026216203230987375,
        "5": -0.026331007157953133,
        "6": -0.02109134317884913,
        "7": -0.04649690388460938,
        "8": 0.03161567751254538,
        "9": 0.03632963440424774,
        "10": 0.040659364692666344,
        "11": 0.04184932896995224,
        "12": 0.042555260391918724,
        "13": 0.04019595134395934
    },
    "dipole": [
        -0.2541231549357866,
        -0.19365544564334508,
        0.004907517445519332
    ],
    "global_electrophilicity": 0.7875568520472193,
    "global_nucleophilicity": -8.279437514011489,
    "fukui_electrophilicity": {
        "1": 0.034856106609699754,
        "2": 0.05966585306751637,
        "3": 0.04644369309945876,
        "4": 0.040447253588875784,
        "5": 0.3115589259294955,
        "6": 0.010232538321759035,
        "7": 0.014192496161304247,
        "8": 0.071386694073531,
        "9": 0.0881691134719271,
        "10": 0.07311018263312871,
        "11": 0.0939403610553643,
        "12": 0.08403012150161765,
        "13": 0.07196666049281153
    },
    "fukui_nucleophilicity": {
        "1": 0.036536227797159385,
        "2": 0.06782806814001859,
        "3": 0.06444353754088591,
        "4": -0.007303533331945486,
        "5": 0.3696408743695699,
        "6": -0.004928832246899745,
        "7": 0.01673200072344489,
        "8": 0.07367182471146969,
        "9": 0.09094948351715215,
        "10": 0.07553308104466996,
        "11": 0.07618014700581138,
        "12": 0.07522880890231762,
        "13": 0.06548831182634805
    },
    "fukui_radical": {
        "1": 0.035696167203429566,
        "2": 0.06374696060376747,
        "3": 0.055443615320172335,
        "4": 0.01657186012846515,
        "5": 0.3405999001495327,
        "6": 0.0026518530374296453,
        "7": 0.015462248442374569,
        "8": 0.07252925939250035,
        "9": 0.08955929849453964,
        "10": 0.07432163183889934,
        "11": 0.08506025403058784,
        "12": 0.07962946520196763,
        "13": 0.06872748615957978
    }
}