{
    "smiles": "C(=C)(C)C=1OCCN1",
    "best_conformer_coordinates": [
        [
            1.354208766788742,
            -0.2503533327304762,
            0.0397396753603985
        ],
        [
            1.9971601669562675,
            -1.1602510544998266,
            0.7659429526518665
        ],
        [
            2.026928098726825,
            0.6991304690303441,
            -0.9005349195704143
        ],
        [
            -0.09839048422166984,
            -0.13640339739155702,
            0.1353646653767369
        ],
        [
            -0.7070459353072779,
            0.8111285116480105,
            -0.6306960062369659
        ],
        [
            -2.0998860748187473,
            0.7235711808933596,
            -0.36268660011011183
        ],
        [
            -2.2092340823158496,
            -0.4213109111952619,
            0.6779110082239055
        ],
        [
            -0.8459867158471867,
            -0.8473286472809659,
            0.8740553232261112
        ],
        [
            3.0671618626053516,
            -1.2669504316550557,
            0.7158310762125046
        ],
        [
            1.457009078756579,
            -1.8153621538668203,
            1.4252168996289263
        ],
        [
            3.1012229004774965,
            0.5373305272056401,
            -0.9057584907233235
        ],
        [
            1.8190378232069075,
            1.7265597657937328,
            -0.6059150099329221
        ],
        [
            1.6376138982023967,
            0.5652846489023764,
            -1.9085459658684483
        ],
        [
            -2.6243361630931274,
            0.5016218884546269,
            -1.296156963346056
        ],
        [
            -2.444428007852182,
            1.6859149502643023,
            0.025720874396437984
        ],
        [
            -2.626209348376221,
            -0.08838602470266606,
            1.6314612475110486
        ],
        [
            -2.8048257838883104,
            -1.2641959782864027,
            0.31905023320028864
        ]
    ],
    "best_conformer_elements": [
        6,
        6,
        6,
        6,
        8,
        6,
        6,
        7,
        1,
        1,
        1,
        1,
        1,
        1,
        1,
        1,
        1
    ],
    "best_conformer_energy": -24.402885649323565,
    "ip": 13.304042687887254,
    "ip_corrected": 8.458042687887254,
    "ea": 3.752400162982299,
    "homo": -0.38634738550822784,
    "lumo": -0.25613624793135503,
    "charges": {
        "1": 0.008470115615707013,
        "2": -0.08984057035292985,
        "3": -0.10807844136161623,
        "4": 0.23640574421046956,
        "5": -0.2851597557348374,
        "6": 0.07385974488140243,
        "7": 0.01872420790461697,
        "8": -0.30192943609095385,
        "9": 0.054678485060455605,
        "10": 0.06689541541372386,
        "11": 0.04794199019568448,
        "12": 0.058411063358920205,
        "13": 0.058465320943749746,
        "14": 0.03696160592374558,
        "15": 0.03696538181188771,
        "16": 0.043614655315928286,
        "17": 0.043614472904030116
    },
    "dipole": [
        -0.13503002810099207,
        0.38655522156591815,
        -0.3276119170683004
    ],
    "global_electrophilicity": 0.7097603679460269,
    "global_nucleophilicity": -8.458042687887254,
    "fukui_electrophilicity": {
        "1": 0.08005968291383582,
        "2": 0.08908832452323089,
        "3": -0.03422646162998766,
        "4": 0.06609578187053611,
        "5": 0.07657591384369306,
        "6": -0.024419554857701864,
        "7": -0.03062053824625991,
        "8": 0.14549808458701696,
        "9": 0.11248701844940362,
        "10": 0.09482590838986239,
        "11": 0.05373179339005585,
        "12": 0.06010943081653101,
        "13": 0.0600328361110178,
        "14": 0.05663227188193369,
        "15": 0.056634670088428665,
        "16": 0.06874730754384994,
        "17": 0.0687475303245411
    },
    "fukui_nucleophilicity": {
        "1": 0.04139546373728005,
        "2": 0.05445259185372989,
        "3": -0.023263662388220252,
        "4": 0.016850282579573217,
        "5": 0.09875718709020986,
        "6": -0.021496562375609568,
        "7": -0.025128016633302754,
        "8": 0.13176476318631447,
        "9": 0.07744033396129013,
        "10": 0.061299590146399005,
        "11": 0.053984938763653616,
        "12": 0.06623912292145634,
        "13": 0.06603158967035617,
        "14": 0.08982402139475507,
        "15": 0.0898194150984433,
        "16": 0.11101440400834806,
        "17": 0.1110145372781137
    },
    "fukui_radical": {
        "1": 0.060727573325557935,
        "2": 0.07177045818848038,
        "3": -0.028745062009103955,
        "4": 0.04147303222505466,
        "5": 0.08766655046695146,
        "6": -0.022958058616655716,
        "7": -0.027874277439781332,
        "8": 0.13863142388666572,
        "9": 0.09496367620534688,
        "10": 0.0780627492681307,
        "11": 0.053858366076854736,
        "12": 0.06317427686899367,
        "13": 0.06303221289068699,
        "14": 0.07322814663834439,
        "15": 0.07322704259343599,
        "16": 0.089880855776099,
        "17": 0.08988103380132739
    }
}