{
    "smiles": "C(=C)OC=C",
    "best_conformer_coordinates": [
        [
            -1.1487281508339644,
            -0.3343443220140815,
            0.10886467733514275
        ],
        [
            -2.3542960127577226,
            0.1924232853671928,
            -0.03335020734680443
        ],
        [
            -0.020525394105520744,
            0.38971414489926304,
            -0.09084160167882671
        ],
        [
            1.1779886714644152,
            -0.2212229963179514,
            0.07439935012093814
        ],
        [
            2.322052589126918,
            0.41978032186726333,
            -0.1026191613632142
        ],
        [
            -1.0006236386753264,
            -1.373182583048765,
            0.39271040911534333
        ],
        [
            -3.23437335555627,
            -0.39872845553409775,
            0.12963620148951768
        ],
        [
            -2.482129775162466,
            1.2215879196025214,
            -0.3145814448105103
        ],
        [
            1.1397879152655226,
            -1.2691194055456525,
            0.36100377260365235
        ],
        [
            3.259744647939579,
            -0.08299437323669037,
            0.033440713069433345
        ],
        [
            2.3411025138783814,
            1.4560864798363153,
            -0.38602517881612075
        ]
    ],
    "best_conformer_elements": [
        6,
        6,
        8,
        6,
        6,
        1,
        1,
        1,
        1,
        1,
        1
    ],
    "best_conformer_energy": -15.620936162229269,
    "ip": 13.500870164387887,
    "ip_corrected": 8.654870164387887,
    "ea": 2.740078248473671,
    "homo": -0.3756841426351511,
    "lumo": -0.21934425004749086,
    "charges": {
        "1": 0.10204074222519646,
        "2": -0.12589096803975908,
        "3": -0.21627073807973418,
        "4": 0.10204073981421903,
        "5": -0.12589096542636694,
        "6": 0.025145850346354845,
        "7": 0.04852786070986333,
        "8": 0.058311883563369374,
        "9": 0.025145850474465863,
        "10": 0.048527861184379954,
        "11": 0.058311883228004714
    },
    "dipole": [
        0.02434765460268121,
        -0.46228680650496734,
        0.12637518788287078
    ],
    "global_electrophilicity": 0.49820595976413984,
    "global_nucleophilicity": -8.654870164387887,
    "fukui_electrophilicity": {
        "1": 0.06530720553934148,
        "2": 0.08731641469216139,
        "3": 0.07465460068029972,
        "4": 0.0653181587542949,
        "5": 0.0873262851372654,
        "6": 0.09499969411929199,
        "7": 0.11135084776503301,
        "8": 0.10368942767465375,
        "9": 0.09499875556058839,
        "10": 0.11135004470514298,
        "11": 0.10368856537191382
    },
    "fukui_nucleophilicity": {
        "1": 0.03171707487862188,
        "2": 0.09338106955705507,
        "3": 0.161173207862486,
        "4": 0.031718076807196335,
        "5": 0.09338367076344632,
        "6": 0.08801725943333409,
        "7": 0.1089486572284915,
        "8": 0.09734785454730756,
        "9": 0.08801709232981844,
        "10": 0.10894842549389755,
        "11": 0.09734761109975959
    },
    "fukui_radical": {
        "1": 0.04851214020898168,
        "2": 0.09034874212460822,
        "3": 0.11791390427139287,
        "4": 0.04851811778074562,
        "5": 0.09035497795035585,
        "6": 0.09150847677631305,
        "7": 0.11014975249676226,
        "8": 0.10051864111098066,
        "9": 0.0915079239452034,
        "10": 0.11014923509952027,
        "11": 0.1005180882358367
    }
}