{
    "smiles": "C(=C)C=1OC2=C(C1)C=CC=C2",
    "best_conformer_coordinates": [
        [
            2.943658722089352,
            -0.05340915736217153,
            -0.1992790404477125
        ],
        [
            3.656054538855939,
            0.3131289109046669,
            0.8621239059271835
        ],
        [
            1.5036541690667826,
            -0.07410940184664006,
            -0.23872489108240194
        ],
        [
            0.7951247873903784,
            0.30041497117888566,
            0.8668417015681817
        ],
        [
            -0.5125232958979241,
            0.18535053718470224,
            0.5495129948166463
        ],
        [
            -0.6578224027435939,
            -0.26969799271285094,
            -0.7790224671924117
        ],
        [
            0.6703736920717411,
            -0.42880678021031826,
            -1.263738233853305
        ],
        [
            -1.934543468106819,
            -0.45679705625254435,
            -1.307449961498135
        ],
        [
            -3.0179363491476834,
            -0.18658521333675462,
            -0.501430243783999
        ],
        [
            -2.8562767475419015,
            0.263045956322677,
            0.8110238013217203
        ],
        [
            -1.6037967676080405,
            0.45672235602849454,
            1.3590405088482256
        ],
        [
            3.4228792577995475,
            -0.3648385103515233,
            -1.116982996293243
        ],
        [
            4.731636907121936,
            0.3140334404635532,
            0.8490183214655589
        ],
        [
            3.17591002616037,
            0.6227613158165191,
            1.774586326799036
        ],
        [
            0.9668636858086026,
            -0.7605444619754473,
            -2.2381546093467923
        ],
        [
            -2.062124290076092,
            -0.8041801179865843,
            -2.3214073836405884
        ],
        [
            -4.017491734707036,
            -0.323414963947853,
            -0.8869176823552012
        ],
        [
            -3.732153362260088,
            0.4633357999408453,
            1.4095380177667334
        ],
        [
            -1.471487352400164,
            0.8035903787258757,
            2.371421930980619
        ]
    ],
    "best_conformer_elements": [
        6,
        6,
        6,
        8,
        6,
        6,
        6,
        6,
        6,
        6,
        6,
        1,
        1,
        1,
        1,
        1,
        1,
        1,
        1
    ],
    "best_conformer_energy": -29.52779982542129,
    "ip": 12.807932243627896,
    "ip_corrected": 7.961932243627896,
    "ea": 4.604125473474202,
    "homo": -0.3749179183329941,
    "lumo": -0.263247610373142,
    "charges": {
        "1": -0.03778091024739481,
        "2": -0.07960516307188946,
        "3": 0.12220568539736254,
        "4": -0.2107540367753606,
        "5": 0.12469339132868985,
        "6": -0.012973278630986282,
        "7": -0.0766924390800798,
        "8": -0.03731000912665118,
        "9": -0.038049327078326686,
        "10": -0.03474280371203884,
        "11": -0.052351703216376604,
        "12": 0.04478558175410485,
        "13": 0.04409707923941404,
        "14": 0.056493591503009116,
        "15": 0.0376091800143398,
        "16": 0.03535748254123731,
        "17": 0.03434047411040606,
        "18": 0.03696631590739316,
        "19": 0.043710889143155185
    },
    "dipole": [
        0.08824946361063173,
        -0.059357162160152376,
        -0.17486699819695353
    ],
    "global_electrophilicity": 0.9081042012748292,
    "global_nucleophilicity": -7.961932243627896,
    "fukui_electrophilicity": {
        "1": 0.03657600689265884,
        "2": 0.06476364613622577,
        "3": 0.04912414011568947,
        "4": 0.05605248638666227,
        "5": 0.01419858627022201,
        "6": 0.026553999014068096,
        "7": 0.04556355676375151,
        "8": 0.046875807203841255,
        "9": 0.020459174546132712,
        "10": 0.04262965846136118,
        "11": 0.04005658289409448,
        "12": 0.07010214520466007,
        "13": 0.08548140442420413,
        "14": 0.07101413140056667,
        "15": 0.06906077859790975,
        "16": 0.06533373720737178,
        "17": 0.06462446506856503,
        "18": 0.06899843563858887,
        "19": 0.06253125777344315
    },
    "fukui_nucleophilicity": {
        "1": 0.027068948542196956,
        "2": 0.0566624169336752,
        "3": 0.053309638052304376,
        "4": 0.056546739964774384,
        "5": 0.024668489956837056,
        "6": 0.03480523624739934,
        "7": 0.05434486157077141,
        "8": 0.04312512635193584,
        "9": 0.022035191934860615,
        "10": 0.053462578233499154,
        "11": 0.033816107548934965,
        "12": 0.06308897236991459,
        "13": 0.07873604815524568,
        "14": 0.06141885265434781,
        "15": 0.07300143994584984,
        "16": 0.06493936060480579,
        "17": 0.06528131237441381,
        "18": 0.07135479140678945,
        "19": 0.06233388715302021
    },
    "fukui_radical": {
        "1": 0.0318224777174279,
        "2": 0.06071303153495049,
        "3": 0.05121688908399692,
        "4": 0.05629961317571833,
        "5": 0.019433538113529533,
        "6": 0.030679617630733718,
        "7": 0.04995420916726146,
        "8": 0.04500046677788855,
        "9": 0.021247183240496664,
        "10": 0.04804611834743017,
        "11": 0.03693634522151472,
        "12": 0.06659555878728733,
        "13": 0.0821087262897249,
        "14": 0.06621649202745723,
        "15": 0.0710311092718798,
        "16": 0.06513654890608879,
        "17": 0.06495288872148942,
        "18": 0.07017661352268917,
        "19": 0.06243257246323168
    }
}