{
    "smiles": "C(=C)C1=CC=C(C(=O)O)C=C1",
    "best_conformer_coordinates": [
        [
            -2.6725809260339752,
            -0.17368730268069066,
            0.10208930660357864
        ],
        [
            -3.484681203400323,
            0.6675149318540261,
            -0.5280688697238041
        ],
        [
            -1.2156762415442663,
            -0.14807975555046987,
            0.09747606829033839
        ],
        [
            -0.5241414221237444,
            -1.1204449305273096,
            0.8270885348299013
        ],
        [
            0.852867625829733,
            -1.1411955002811285,
            0.856272538661818
        ],
        [
            1.5820044620322933,
            -0.18398701481421964,
            0.1520009813369652
        ],
        [
            3.0556032241186646,
            -0.2362490713065708,
            0.2055393587379078
        ],
        [
            3.6936946863479645,
            -1.055416031158932,
            0.820867302668608
        ],
        [
            3.6537507300959495,
            0.7332720347246795,
            -0.5092437421363356
        ],
        [
            0.9050982104445099,
            0.7907850126572681,
            -0.5794094505569011
        ],
        [
            -0.47282349660661077,
            0.8056258347468961,
            -0.6041518202909261
        ],
        [
            -3.1042193866987065,
            -0.9744180911011467,
            0.6903943856425443
        ],
        [
            -3.128249812811974,
            1.485780782362968,
            -1.1297292666822862
        ],
        [
            -4.554180093281235,
            0.5645959458911386,
            -0.462352859067288
        ],
        [
            -1.0824535083959061,
            -1.8657319380966009,
            1.3755262766733096
        ],
        [
            1.3898529828752562,
            -1.8902100206793417,
            1.4183941966903115
        ],
        [
            4.616167097530411,
            0.6434105639362664,
            -0.4328462878509477
        ],
        [
            1.4697878070859083,
            1.5312052589142289,
            -1.124274761530693
        ],
        [
            -0.9798207407563034,
            1.5672292911087173,
            -1.175571892296036
        ]
    ],
    "best_conformer_elements": [
        6,
        6,
        6,
        6,
        6,
        6,
        6,
        8,
        8,
        6,
        6,
        1,
        1,
        1,
        1,
        1,
        1,
        1,
        1
    ],
    "best_conformer_energy": -31.452683758555203,
    "ip": 13.515433220792039,
    "ip_corrected": 8.669433220792039,
    "ea": 5.195857906465859,
    "homo": -0.3991545493064374,
    "lumo": -0.28469235417034977,
    "charges": {
        "1": -0.0293471485379157,
        "2": -0.08112472018812245,
        "3": 0.02427404768965842,
        "4": -0.031648992006498615,
        "5": -0.020397676539121626,
        "6": -0.019361729217832406,
        "7": 0.3537648614499205,
        "8": -0.4203233121088191,
        "9": -0.38332214810827975,
        "10": -0.022194661076316242,
        "11": -0.03122575977092617,
        "12": 0.04029862434930212,
        "13": 0.044916779496087814,
        "14": 0.04400820383130093,
        "15": 0.042167730285276775,
        "16": 0.061068062774661376,
        "17": 0.32686121829244436,
        "18": 0.05692550078165611,
        "19": 0.04466111860351537
    },
    "dipole": [
        -0.7289433340203824,
        0.5666256722624515,
        -0.42835791434718395
    ],
    "global_electrophilicity": 1.222232045579203,
    "global_nucleophilicity": -8.669433220792039,
    "fukui_electrophilicity": {
        "1": 0.023876033136081526,
        "2": 0.053589041448748403,
        "3": 0.057353584782129555,
        "4": 0.02367084215672454,
        "5": 0.02764955965689652,
        "6": 0.05163665708595957,
        "7": 0.044922944113638896,
        "8": 0.1255933069032502,
        "9": 0.056280443167263106,
        "10": 0.027783640645202355,
        "11": 0.021703217790763445,
        "12": 0.06138610633985741,
        "13": 0.06174276694856112,
        "14": 0.07753486593862002,
        "15": 0.06266174741787822,
        "16": 0.059081746977728035,
        "17": 0.04547128232225478,
        "18": 0.061108115737689414,
        "19": 0.05695409743074785
    },
    "fukui_nucleophilicity": {
        "1": 0.03954503235879499,
        "2": 0.061527716039058,
        "3": 0.04541620155138898,
        "4": 0.030395929671831794,
        "5": 0.020279547467101616,
        "6": 0.06385820059860056,
        "7": 0.012159139208674452,
        "8": 0.13067429024852634,
        "9": 0.053093984720958665,
        "10": 0.020858888743144698,
        "11": 0.030530493779058386,
        "12": 0.06766270603631228,
        "13": 0.0686541417664545,
        "14": 0.08322246304508173,
        "15": 0.062455117926849046,
        "16": 0.05442060798408339,
        "17": 0.03964971273918172,
        "18": 0.0608631191529597,
        "19": 0.05473270696195235
    },
    "fukui_radical": {
        "1": 0.03171053274743826,
        "2": 0.0575583787439032,
        "3": 0.05138489316675927,
        "4": 0.027033385914278167,
        "5": 0.02396455356199907,
        "6": 0.05774742884228007,
        "7": 0.028541041661156674,
        "8": 0.12813379857588827,
        "9": 0.054687213944110885,
        "10": 0.024321264694173526,
        "11": 0.026116855784910915,
        "12": 0.06452440618808485,
        "13": 0.06519845435750782,
        "14": 0.08037866449185087,
        "15": 0.06255843267236363,
        "16": 0.05675117748090571,
        "17": 0.04256049753071825,
        "18": 0.060985617445324554,
        "19": 0.0558434021963501
    }
}