{
    "smiles": "C(=C)N1C(CCC1=O)=O",
    "best_conformer_coordinates": [
        [
            1.803141012625788,
            -0.18171687750293397,
            -0.35024404346519317
        ],
        [
            2.7153957296225566,
            0.5517502939485404,
            0.2616728360103843
        ],
        [
            0.41507899745054466,
            -0.11127877044253408,
            -0.14705480338661905
        ],
        [
            -0.4329501952102151,
            -0.9483419577852535,
            -0.8652207145064401
        ],
        [
            -1.8545637073947832,
            -0.6532723299704196,
            -0.4443114808759878
        ],
        [
            -1.7392940456569774,
            0.44733853982708455,
            0.5991770205103464
        ],
        [
            -0.2551423951909488,
            0.732403171531474,
            0.7262083640388953
        ],
        [
            0.25356449368356165,
            1.5428109016589195,
            1.4518627832763464
        ],
        [
            -0.0641427547101667,
            -1.7559876179871245,
            -1.6738924456126196
        ],
        [
            2.048797508393407,
            -0.9315190889492323,
            -1.0911580633051217
        ],
        [
            3.7557480859691976,
            0.4142936488191092,
            0.028449131642111374
        ],
        [
            2.464037212221677,
            1.2943400566230885,
            0.9962520905723229
        ],
        [
            -2.4287644269356288,
            -0.3548244095383893,
            -1.3220422808183023
        ],
        [
            -2.305943275893014,
            -1.5673048287859779,
            -0.057032538310879476
        ],
        [
            -2.1251748608534293,
            0.15446528470619245,
            1.5760581282780577
        ],
        [
            -2.249787362246589,
            1.3668439838469777,
            0.31127602124454423
        ]
    ],
    "best_conformer_elements": [
        6,
        6,
        7,
        6,
        6,
        6,
        6,
        8,
        8,
        1,
        1,
        1,
        1,
        1,
        1,
        1
    ],
    "best_conformer_energy": -27.48219088969974,
    "ip": 14.085080064442188,
    "ip_corrected": 9.239080064442188,
    "ea": 4.241604324683658,
    "homo": -0.40915649467296455,
    "lumo": -0.2706264400668538,
    "charges": {
        "1": 0.02621148576811748,
        "2": -0.10040365305573996,
        "3": -0.07838192796420007,
        "4": 0.2795428019795978,
        "5": -0.09662914135596704,
        "6": -0.0975067951136735,
        "7": 0.2807714142068906,
        "8": -0.37252510244590636,
        "9": -0.3747583134754135,
        "10": 0.0713413682075498,
        "11": 0.05714137111037611,
        "12": 0.0829498181246058,
        "13": 0.08085552495578499,
        "14": 0.08084781134554819,
        "15": 0.08027577260862473,
        "16": 0.08026756510381368
    },
    "dipole": [
        -0.8345515266173738,
        0.018746431172161414,
        0.09939617142401819
    ],
    "global_electrophilicity": 0.9467917693781324,
    "global_nucleophilicity": -9.239080064442188,
    "fukui_electrophilicity": {
        "1": 0.009494599633190756,
        "2": 0.04161805345124377,
        "3": 0.04912683894105596,
        "4": 0.07764754725341574,
        "5": -0.019227416994571145,
        "6": -0.0189905353461797,
        "7": 0.0762264773218411,
        "8": 0.15958540757705858,
        "9": 0.16425359573771686,
        "10": 0.05166411600310328,
        "11": 0.07540526459436674,
        "12": 0.046063480139133625,
        "13": 0.07222416633238277,
        "14": 0.07221036363576594,
        "15": 0.07135513929973683,
        "16": 0.07134290242071517
    },
    "fukui_nucleophilicity": {
        "1": 0.03023842452245107,
        "2": 0.059009112987015847,
        "3": 0.0755016801548879,
        "4": 0.014241446454287154,
        "5": -0.0035985932263445236,
        "6": 0.0030384186165251376,
        "7": 0.018377376828337344,
        "8": 0.15510064287958358,
        "9": 0.1377310533983413,
        "10": 0.08157935080251974,
        "11": 0.09114956178703008,
        "12": 0.07152162097433915,
        "13": 0.0655358893820624,
        "14": 0.06556085557099556,
        "15": 0.06749644947607167,
        "16": 0.06751671006307104
    },
    "fukui_radical": {
        "1": 0.019866512077820912,
        "2": 0.05031358321912981,
        "3": 0.06231425954797193,
        "4": 0.04594449685385145,
        "5": -0.011413005110457834,
        "6": -0.00797605836482728,
        "7": 0.04730192707508922,
        "8": 0.15734302522832108,
        "9": 0.15099232456802908,
        "10": 0.06662173340281151,
        "11": 0.08327741319069841,
        "12": 0.058792550556736385,
        "13": 0.06888002785722258,
        "14": 0.06888560960338075,
        "15": 0.06942579438790425,
        "16": 0.06942980624189311
    }
}