{
    "smiles": "C(=C)N(C(C)=O)C",
    "best_conformer_coordinates": [
        [
            0.9482171483494498,
            -0.2758993142622717,
            -0.5361579034869429
        ],
        [
            2.2219403055375837,
            0.09988135457139087,
            -0.5419423647018032
        ],
        [
            -0.04729238496314723,
            0.26115588591714567,
            0.26354015084040244
        ],
        [
            -1.3576638177893834,
            -0.14623923088292692,
            0.24958175425982845
        ],
        [
            -1.7336449988340454,
            -1.2567636340382125,
            -0.7054978756353499
        ],
        [
            -2.1812200497319125,
            0.3685524411479071,
            0.9786301768253672
        ],
        [
            0.31631452674631294,
            1.3251867978523393,
            1.177668696539158
        ],
        [
            0.625932631512613,
            -1.063427774029141,
            -1.1974855022203068
        ],
        [
            2.918658487104029,
            -0.3818817726004088,
            -1.2029838950078673
        ],
        [
            2.6200901480017396,
            0.8749366391209583,
            0.08567823384236409
        ],
        [
            -1.1841653443247242,
            -2.1680645939034053,
            -0.4798981909954589
        ],
        [
            -2.7966536975340754,
            -1.4482210535400823,
            -0.5837419117979138
        ],
        [
            -1.5446902627160273,
            -0.965405587404275,
            -1.7363708887190987
        ],
        [
            0.7069236418568126,
            2.181083964085301,
            0.6255171892102929
        ],
        [
            -0.5812757445224358,
            1.6203009725900193,
            1.7176890881504254
        ],
        [
            1.0685294113071722,
            0.9748049159592048,
            1.8857732481886884
        ]
    ],
    "best_conformer_elements": [
        6,
        6,
        7,
        6,
        6,
        8,
        6,
        1,
        1,
        1,
        1,
        1,
        1,
        1,
        1,
        1
    ],
    "best_conformer_energy": -22.271279477664635,
    "ip": 13.523440260640259,
    "ip_corrected": 8.677440260640259,
    "ea": 3.2255231795630346,
    "homo": -0.38150485956860664,
    "lumo": -0.2356827686942366,
    "charges": {
        "1": 0.013372495840301118,
        "2": -0.12038685270450776,
        "3": -0.06414911319092126,
        "4": 0.2693762305155703,
        "5": -0.13757020452968205,
        "6": -0.42655990042778824,
        "7": -0.052182387022963295,
        "8": 0.047759282768610745,
        "9": 0.0407995408358522,
        "10": 0.04426734318999265,
        "11": 0.05845473241134644,
        "12": 0.07226065086168382,
        "13": 0.058454749472581585,
        "14": 0.0537464869468563,
        "15": 0.08861046831929101,
        "16": 0.05374647671378114
    },
    "dipole": [
        1.039756973605881,
        -0.36386735922716384,
        -0.6466235777733337
    ],
    "global_electrophilicity": 0.6045000727365106,
    "global_nucleophilicity": -8.677440260640259,
    "fukui_electrophilicity": {
        "1": 0.05827465803483829,
        "2": 0.07991378723448274,
        "3": 0.057017358824013764,
        "4": 0.09904440125372452,
        "5": -0.037097693541136095,
        "6": 0.18844727719320375,
        "7": -0.040603494028600084,
        "8": 0.07995777694213296,
        "9": 0.10437854661721649,
        "10": 0.09679524490502292,
        "11": 0.06413345080549553,
        "12": 0.061922321573695496,
        "13": 0.06413350114296698,
        "14": 0.04417940116478193,
        "15": 0.0353240311206473,
        "16": 0.04417943075752599
    },
    "fukui_nucleophilicity": {
        "1": 0.025726353993466358,
        "2": 0.07899783478566523,
        "3": 0.12394203011432237,
        "4": 0.014746006363465292,
        "5": -0.02095924804992011,
        "6": 0.17523368518184473,
        "7": -0.04109878699986713,
        "8": 0.07544851635954163,
        "9": 0.09934576800390114,
        "10": 0.08263797455989305,
        "11": 0.055269902781379346,
        "12": 0.05630097834710027,
        "13": 0.05527012311440245,
        "14": 0.08348519687215292,
        "15": 0.05216840320909108,
        "16": 0.08348526136354284
    },
    "fukui_radical": {
        "1": 0.042000506014152325,
        "2": 0.07945581101007398,
        "3": 0.09047969446916806,
        "4": 0.056895203808594905,
        "5": -0.029028470795528102,
        "6": 0.18184048118752424,
        "7": -0.04085114051423361,
        "8": 0.0777031466508373,
        "9": 0.10186215731055881,
        "10": 0.08971660973245799,
        "11": 0.059701676793437436,
        "12": 0.05911164996039788,
        "13": 0.059701812128684716,
        "14": 0.06383229901846743,
        "15": 0.04374621716486919,
        "16": 0.06383234606053441
    }
}