{
    "smiles": "C(=C)OCC",
    "best_conformer_coordinates": [
        [
            1.4332776679355645,
            -0.6347902338159338,
            0.02507907643810064
        ],
        [
            1.7526910879399635,
            0.6386895014498447,
            0.19497063911659732
        ],
        [
            0.2294012351036154,
            -1.2442088292211966,
            0.11676102247812059
        ],
        [
            -0.9118005920192536,
            -0.45904269470025055,
            0.40427328064158463
        ],
        [
            -1.4404877313540387,
            0.27883117338963065,
            -0.822307956836822
        ],
        [
            2.1852573849499386,
            -1.376582327678474,
            -0.21259314852049477
        ],
        [
            2.7765688167888447,
            0.9476307784879477,
            0.10232916150030073
        ],
        [
            1.0410277619875674,
            1.4087007247518442,
            0.43205240745756557
        ],
        [
            -1.6594692731230771,
            -1.1745894762219333,
            0.7584238726458814
        ],
        [
            -0.6913716893526316,
            0.2457094148104405,
            1.2152934063071332
        ],
        [
            -1.68125855990054,
            -0.43442789357082323,
            -1.6065231195625858
        ],
        [
            -0.6959136668591872,
            0.972044701594193,
            -1.2048103711022997
        ],
        [
            -2.337922436805008,
            0.8320351554329165,
            -0.559160671676315
        ]
    ],
    "best_conformer_elements": [
        6,
        6,
        8,
        6,
        6,
        1,
        1,
        1,
        1,
        1,
        1,
        1,
        1
    ],
    "best_conformer_energy": -16.67337827123583,
    "ip": 13.822291138608527,
    "ip_corrected": 8.976291138608527,
    "ea": 0.9419834984671842,
    "homo": -0.37760975298075566,
    "lumo": -0.18630568389043456,
    "charges": {
        "1": 0.10349156097037704,
        "2": -0.1419493742544568,
        "3": -0.2676097571616082,
        "4": 0.07913330314282951,
        "5": -0.1147646284218132,
        "6": 0.044652013134922064,
        "7": 0.03525220409084395,
        "8": 0.03825001273367651,
        "9": 0.04781691382596641,
        "10": 0.03321182763373187,
        "11": 0.05018623647437564,
        "12": 0.05023616881696215,
        "13": 0.04209351901419991
    },
    "dipole": [
        -0.2989043721664527,
        0.37431949544197174,
        0.028578496567079663
    ],
    "global_electrophilicity": 0.2496831860768274,
    "global_nucleophilicity": -8.976291138608527,
    "fukui_electrophilicity": {
        "1": 0.16079375775960902,
        "2": 0.12351332511954843,
        "3": 0.10779061275834345,
        "4": -0.0314584479586089,
        "5": -0.019652595981034304,
        "6": 0.15843943924933582,
        "7": 0.15914661548529513,
        "8": 0.15735623704090257,
        "9": 0.06825635798654658,
        "10": 0.030214748200945288,
        "11": 0.034627575251232855,
        "12": 0.0007822702612462554,
        "13": 0.05019010482665961
    },
    "fukui_nucleophilicity": {
        "1": 0.041939949985920766,
        "2": 0.10262422931106754,
        "3": 0.18986521949515445,
        "4": -0.019495707784467277,
        "5": -0.003260139615426816,
        "6": 0.10603483003075287,
        "7": 0.12292935062221408,
        "8": 0.10228705539820904,
        "9": 0.10053735504908144,
        "10": 0.0699418221629531,
        "11": 0.05891313484503611,
        "12": 0.05404690293809647,
        "13": 0.07363599756134612
    },
    "fukui_radical": {
        "1": 0.1013668538727649,
        "2": 0.11306877721530799,
        "3": 0.14882791612674895,
        "4": -0.02547707787153809,
        "5": -0.01145636779823056,
        "6": 0.13223713464004433,
        "7": 0.14103798305375462,
        "8": 0.1298216462195558,
        "9": 0.084396856517814,
        "10": 0.05007828518194919,
        "11": 0.04677035504813448,
        "12": 0.027414586599671362,
        "13": 0.061913051194002866
    }
}