{
    "smiles": "C(\\C=C/C1=CC=CC=C1)(=O)O",
    "best_conformer_coordinates": [
        [
            2.436898768889544,
            0.8829536137339271,
            0.35950670211484803
        ],
        [
            1.7539727706667152,
            0.2331419076057289,
            1.484916584260669
        ],
        [
            0.5446945812628171,
            -0.33961140548457464,
            1.4672247078416367
        ],
        [
            -0.4319319787625663,
            -0.3447610551967093,
            0.3844715870091231
        ],
        [
            -0.7319188819034023,
            0.800525462248032,
            -0.350011648969492
        ],
        [
            -1.6819748677339312,
            0.7576231012310395,
            -1.352209805896583
        ],
        [
            -2.3418486903470925,
            -0.42570908414306036,
            -1.6410171576635302
        ],
        [
            -2.0622680302418193,
            -1.5665246467150746,
            -0.9066442675452482
        ],
        [
            -1.1267759050824508,
            -1.523191472851399,
            0.10889211174165109
        ],
        [
            2.104315803957654,
            0.9128638567117457,
            -0.7989199186042929
        ],
        [
            3.5909914476805107,
            1.4459659921872703,
            0.7751128687341305
        ],
        [
            2.360445879457959,
            0.1867011806647164,
            2.3783723038930504
        ],
        [
            0.2373420336825747,
            -0.8843275677875747,
            2.3539370188266022
        ],
        [
            -0.22969424622472523,
            1.7268091019201965,
            -0.12070995899042006
        ],
        [
            -1.9079713419074533,
            1.6520495675067972,
            -1.9135459151028824
        ],
        [
            -3.077181507626233,
            -0.4576573444219497,
            -2.431420896968482
        ],
        [
            -2.5798602814058915,
            -2.489948242092256,
            -1.122038142028375
        ],
        [
            -0.9087984739911826,
            -2.4137049834912268,
            0.6815758891444481
        ],
        [
            4.051562909045086,
            1.846802013082315,
            0.022032412823883147
        ]
    ],
    "best_conformer_elements": [
        6,
        6,
        6,
        6,
        6,
        6,
        6,
        6,
        6,
        8,
        8,
        1,
        1,
        1,
        1,
        1,
        1,
        1,
        1
    ],
    "best_conformer_energy": -31.448600323746298,
    "ip": 13.396352540561244,
    "ip_corrected": 8.550352540561244,
    "ea": 4.990887175745554,
    "homo": -0.39544194420338463,
    "lumo": -0.28509867929180505,
    "charges": {
        "1": 0.35965905512700375,
        "2": -0.07241004703919722,
        "3": -0.005629290866141737,
        "4": 0.02217592041317412,
        "5": -0.016658535505795574,
        "6": -0.024556177527028725,
        "7": -0.025771963632861702,
        "8": -0.0278085061478728,
        "9": -0.030423079065401565,
        "10": -0.4180102897878235,
        "11": -0.38777372139892863,
        "12": 0.06384958391166454,
        "13": 0.05492125735798284,
        "14": 0.04346755431456015,
        "15": 0.03823828112220771,
        "16": 0.035306536797228415,
        "17": 0.034541010735414386,
        "18": 0.033187714227234474,
        "19": 0.3236946969645973
    },
    "dipole": [
        -0.1493257003559354,
        -0.07521882568998799,
        0.5109857935218146
    ],
    "global_electrophilicity": 1.1243754872948815,
    "global_nucleophilicity": -8.550352540561244,
    "fukui_electrophilicity": {
        "1": 0.04971784044714628,
        "2": 0.05077610351893887,
        "3": 0.06884507209344805,
        "4": 0.024739478926503966,
        "5": 0.019468867956535157,
        "6": 0.01955526551192554,
        "7": 0.04479331406196749,
        "8": 0.021032111329415258,
        "9": 0.02532800732045834,
        "10": 0.1208258381412044,
        "11": 0.06815754621970282,
        "12": 0.08467834380607464,
        "13": 0.08587682753830657,
        "14": 0.03451583015382387,
        "15": 0.0572268487078714,
        "16": 0.06573828661875473,
        "17": 0.06058069195739971,
        "18": 0.050059327229172945,
        "19": 0.048084398461369304
    },
    "fukui_nucleophilicity": {
        "1": 0.013496182640123588,
        "2": 0.04999816300374667,
        "3": 0.014761069213925795,
        "4": 0.05455338086807528,
        "5": 0.02890065568190879,
        "6": 0.024768385175880786,
        "7": 0.05698284179106283,
        "8": 0.034205136086056416,
        "9": 0.024490697134523662,
        "10": 0.10703713183651348,
        "11": 0.0638508099426024,
        "12": 0.07531454122587045,
        "13": 0.08818087407336545,
        "14": 0.05313873400034842,
        "15": 0.0645375917706385,
        "16": 0.07526183926163998,
        "17": 0.07022262675385094,
        "18": 0.06029370541529509,
        "19": 0.04000563419845787
    },
    "fukui_radical": {
        "1": 0.03160701154363493,
        "2": 0.05038713326134277,
        "3": 0.04180307065368692,
        "4": 0.03964642989728962,
        "5": 0.024184761819221974,
        "6": 0.022161825343903162,
        "7": 0.05088807792651516,
        "8": 0.027618623707735837,
        "9": 0.024909352227491,
        "10": 0.11393148498885894,
        "11": 0.06600417808115261,
        "12": 0.07999644251597254,
        "13": 0.087028850805836,
        "14": 0.043827282077086145,
        "15": 0.06088222023925494,
        "16": 0.07050006294019735,
        "17": 0.06540165935562532,
        "18": 0.05517651632223402,
        "19": 0.04404501632991359
    }
}