{
    "smiles": "C(\\C=C/C)(=O)O",
    "best_conformer_coordinates": [
        [
            1.4008408772707452,
            -0.17326715520793795,
            0.017128398017250024
        ],
        [
            0.34732380895814285,
            0.7205739773180351,
            0.5108706549357015
        ],
        [
            -0.9622066143908791,
            0.5832590804002553,
            0.2962735892466356
        ],
        [
            -1.6300207332788863,
            -0.49045247153686633,
            -0.4791356748642915
        ],
        [
            1.2788114377483542,
            -1.1690165223074105,
            -0.6550878217458737
        ],
        [
            2.613288243650887,
            0.2571048950530317,
            0.4170275685589976
        ],
        [
            0.7258869511327498,
            1.5468009249992873,
            1.0947916086213796
        ],
        [
            -1.6269835728471416,
            1.3247332620275514,
            0.7255745342515165
        ],
        [
            -2.3379668097477158,
            -1.0156387394763842,
            0.16198343629138862
        ],
        [
            -0.9097430363247652,
            -1.1954883842221569,
            -0.8790155259710504
        ],
        [
            -2.2004770911523575,
            -0.04829595643431275,
            -1.2959093948971048
        ],
        [
            3.301246544272636,
            -0.34031290532130193,
            0.08549862226366378
        ]
    ],
    "best_conformer_elements": [
        6,
        6,
        6,
        6,
        8,
        8,
        1,
        1,
        1,
        1,
        1,
        1
    ],
    "best_conformer_energy": -19.736273519120115,
    "ip": 14.318616808839069,
    "ip_corrected": 9.472616808839069,
    "ea": 4.035690254579853,
    "homo": -0.4093857611978843,
    "lumo": -0.2736834455669134,
    "charges": {
        "1": 0.3601364706058724,
        "2": -0.07931901810315391,
        "3": 0.0044687795763579535,
        "4": -0.11874178388485751,
        "5": -0.4244563138345505,
        "6": -0.3855628945554875,
        "7": 0.0620761639728559,
        "8": 0.04892811110106631,
        "9": 0.06187975213388534,
        "10": 0.08472942006667807,
        "11": 0.061880181913085495,
        "12": 0.3239811310082221
    },
    "dipole": [
        -0.283704194281679,
        0.45247227306069304,
        0.27347632756326523
    ],
    "global_electrophilicity": 0.9121377467910317,
    "global_nucleophilicity": -9.472616808839069,
    "fukui_electrophilicity": {
        "1": 0.08379537995779562,
        "2": 0.055552332703896576,
        "3": 0.12032051087925938,
        "4": -0.04026305030680044,
        "5": 0.1865112044107825,
        "6": 0.09304039510677148,
        "7": 0.10555191812203298,
        "8": 0.11653203735257159,
        "9": 0.08672878626921861,
        "10": 0.04084990892271627,
        "11": 0.08672899611994937,
        "12": 0.06465158046178654
    },
    "fukui_nucleophilicity": {
        "1": 0.026586300260028173,
        "2": 0.04588091710955912,
        "3": 0.027958949673764832,
        "4": -0.0035330604874052457,
        "5": 0.20112109715714815,
        "6": 0.09946051557980129,
        "7": 0.10213538451484924,
        "8": 0.1434105382164238,
        "9": 0.09857709835904428,
        "10": 0.1044194741127031,
        "11": 0.0985770317784195,
        "12": 0.05540575372567946
    },
    "fukui_radical": {
        "1": 0.0551908401089119,
        "2": 0.05071662490672785,
        "3": 0.0741397302765121,
        "4": -0.021898055397102843,
        "5": 0.19381615078396533,
        "6": 0.09625045534328638,
        "7": 0.10384365131844112,
        "8": 0.1299712877844977,
        "9": 0.09265294231413145,
        "10": 0.07263469151770968,
        "11": 0.09265301394918445,
        "12": 0.060028667093733
    }
}