{
    "smiles": "C(\\C=C\\C)(=O)O",
    "best_conformer_coordinates": [
        [
            1.74469162634319,
            0.08423850882051058,
            -0.014701921051555168
        ],
        [
            0.36046640638982796,
            -0.3882585995040166,
            -0.1283331030735569
        ],
        [
            -0.6637633611672754,
            0.4615557866739305,
            -0.10779100910198128
        ],
        [
            -2.092282382593652,
            0.07860074696593067,
            -0.21592903061805369
        ],
        [
            2.0957422791010796,
            1.2326155400691774,
            0.10383237930046826
        ],
        [
            2.6259726453538996,
            -0.931550666480294,
            -0.05720045321451684
        ],
        [
            0.23374759354831887,
            -1.455487165302405,
            -0.2280524121397789
        ],
        [
            -0.44967808500745865,
            1.5181150919475628,
            -0.004431648929879106
        ],
        [
            -2.542397961120927,
            0.5693951149487994,
            -1.0783948579680367
        ],
        [
            -2.208468972210247,
            -0.9974021501835173,
            -0.3158623322142566
        ],
        [
            -2.6337104093815165,
            0.4171519777882646,
            0.6670031245025373
        ],
        [
            3.5296806207447524,
            -0.5889741910356979,
            0.01995960653216598
        ]
    ],
    "best_conformer_elements": [
        6,
        6,
        6,
        6,
        8,
        8,
        1,
        1,
        1,
        1,
        1,
        1
    ],
    "best_conformer_energy": -19.737958728566817,
    "ip": 14.595100049853002,
    "ip_corrected": 9.749100049853002,
    "ea": 3.978110924089152,
    "homo": -0.4161455092070512,
    "lumo": -0.271834945238404,
    "charges": {
        "1": 0.3565070037988362,
        "2": -0.07836183145430377,
        "3": 3.569027569853833e-05,
        "4": -0.1111955163462051,
        "5": -0.42425196340956245,
        "6": -0.3834040416009895,
        "7": 0.0637738983296243,
        "8": 0.06888831411228458,
        "9": 0.0647290956326943,
        "10": 0.0538424792734508,
        "11": 0.06472909890679059,
        "12": 0.3247077724816781
    },
    "dipole": [
        -0.6275704864371351,
        -0.5723498170827167,
        -0.08275607638956177
    ],
    "global_electrophilicity": 0.9286520338928447,
    "global_nucleophilicity": -9.749100049853002,
    "fukui_electrophilicity": {
        "1": 0.08203138078103517,
        "2": 0.055440694949297806,
        "3": 0.12569317795454188,
        "4": -0.04213089587083631,
        "5": 0.18623698266102223,
        "6": 0.09358945698601556,
        "7": 0.10844988712295843,
        "8": 0.09725596612207893,
        "9": 0.08432868855454224,
        "10": 0.06005212254986476,
        "11": 0.08432868590274772,
        "12": 0.06472385228672606
    },
    "fukui_nucleophilicity": {
        "1": 0.022753869504383573,
        "2": 0.08085173851653461,
        "3": 0.048536455265422496,
        "4": -0.013628439208858686,
        "5": 0.21034346835009976,
        "6": 0.09651345876934969,
        "7": 0.10144652198541174,
        "8": 0.07369514329636315,
        "9": 0.12603122897881744,
        "10": 0.07067053293396997,
        "11": 0.12603109599714052,
        "12": 0.05675492561237777
    },
    "fukui_radical": {
        "1": 0.05239262514270937,
        "2": 0.06814621673291621,
        "3": 0.08711481660998219,
        "4": -0.027879667539847497,
        "5": 0.198290225505561,
        "6": 0.09505145787768263,
        "7": 0.10494820455418508,
        "8": 0.08547555470922104,
        "9": 0.10517995876667985,
        "10": 0.06536132774191736,
        "11": 0.10517989094994411,
        "12": 0.060739388949551915
    }
}