{
    "smiles": "C(C(=C)C)#N",
    "best_conformer_coordinates": [
        [
            -0.8521480382967059,
            1.3201173667014312,
            -0.24946613777783092
        ],
        [
            -0.2262128261986809,
            0.055188265070837475,
            -0.11146908507159152
        ],
        [
            -0.8199920321982125,
            -1.0339957522851855,
            -0.5931691537022297
        ],
        [
            1.0966736988572847,
            0.06713051673574322,
            0.591686314778112
        ],
        [
            -1.3470880183380225,
            2.3486385499991225,
            -0.3542441679082879
        ],
        [
            -0.36459251650035396,
            -2.0057143219321167,
            -0.5006488863822813
        ],
        [
            -1.773453587439636,
            -0.9869394389798012,
            -1.091433536203003
        ],
        [
            1.8002272561298172,
            0.7054493942924411,
            0.05757500719973824
        ],
        [
            0.983457120590469,
            0.46935355045491545,
            1.5982210400270627
        ],
        [
            1.5031289328104795,
            -0.9392281300573829,
            0.6529485997485482
        ]
    ],
    "best_conformer_elements": [
        6,
        6,
        6,
        6,
        7,
        1,
        1,
        1,
        1,
        1
    ],
    "best_conformer_energy": -13.962509577303736,
    "ip": 14.814412685270295,
    "ip_corrected": 9.968412685270295,
    "ea": 3.7113708357795536,
    "homo": -0.4232126361787596,
    "lumo": -0.2708020190185277,
    "charges": {
        "1": 0.11293450157896262,
        "2": 0.03076509083804209,
        "3": -0.07812266375418489,
        "4": -0.10234112597023207,
        "5": -0.22954154917041014,
        "6": 0.05080267042634289,
        "7": 0.051628128435609925,
        "8": 0.056351552041106465,
        "9": 0.056351569858576984,
        "10": 0.05117182571616994
    },
    "dipole": [
        0.7303278412623537,
        -1.2605060072890621,
        0.1940185467251782
    ],
    "global_electrophilicity": 0.8785400023097174,
    "global_nucleophilicity": -9.968412685270295,
    "fukui_electrophilicity": {
        "1": 0.07898078832377131,
        "2": 0.1142305289125234,
        "3": 0.10671339667975904,
        "4": -0.04092568943229867,
        "5": 0.2639781330510557,
        "6": 0.1360619375144561,
        "7": 0.12390696074961019,
        "8": 0.0757054102768078,
        "9": 0.0757054577677669,
        "10": 0.06564307615654795
    },
    "fukui_nucleophilicity": {
        "1": 0.037734247008646415,
        "2": 0.08196890059207189,
        "3": 0.07225180871863188,
        "4": -0.022244172427655695,
        "5": 0.2673684835807226,
        "6": 0.11534091730097737,
        "7": 0.10575359392930683,
        "8": 0.12449948285407554,
        "9": 0.12449966198733955,
        "10": 0.09282707645743499
    },
    "fukui_radical": {
        "1": 0.058357517666208863,
        "2": 0.09809971475229765,
        "3": 0.08948260269919546,
        "4": -0.03158493092997718,
        "5": 0.2656733083158892,
        "6": 0.12570142740771675,
        "7": 0.11483027733945851,
        "8": 0.10010244656544166,
        "9": 0.10010255987755322,
        "10": 0.07923507630699146
    }
}