{
    "smiles": "C(C(=C)C)(=O)OCC1CO1",
    "best_conformer_coordinates": [
        [
            -0.6991332191310654,
            -0.5129192426944281,
            0.0030648211380654225
        ],
        [
            -1.9360835297969505,
            0.31166864378821885,
            0.005680383347401941
        ],
        [
            -1.9761979731933688,
            1.5058835261617092,
            -0.5759818258657324
        ],
        [
            -3.092600650502204,
            -0.3148063808480187,
            0.7167961629704787
        ],
        [
            -0.5915255731551626,
            -1.573499743389649,
            0.568010322100924
        ],
        [
            0.29975706009456726,
            0.04297630475082601,
            -0.7062991701899851
        ],
        [
            1.5163281754110418,
            -0.6937419292127264,
            -0.7692013604419152
        ],
        [
            2.297086011409935,
            -0.5886611816285859,
            0.5254885436486197
        ],
        [
            3.052830403544492,
            0.6288621283732425,
            0.8312623172852941
        ],
        [
            3.6868006867301255,
            -0.5490263800157354,
            0.4254137632002746
        ],
        [
            -2.8733300546471874,
            2.102102509155912,
            -0.567943891869794
        ],
        [
            -1.1180655635770174,
            1.919383605711064,
            -1.075114151763275
        ],
        [
            -3.9576184344590577,
            0.34142196231050687,
            0.7053839490885592
        ],
        [
            -3.3488111993889644,
            -1.2611387437575847,
            0.24344069370014698
        ],
        [
            -2.8161169274794724,
            -0.5361907564619389,
            1.746082600656131
        ],
        [
            1.2963195580207674,
            -1.7457801294959832,
            -0.9815461224668091
        ],
        [
            2.0881995039986654,
            -0.2558668619550132,
            -1.5895502041168352
        ],
        [
            1.9017406420068277,
            -1.1783511724178917,
            1.3479815977931158
        ],
        [
            3.2080915690094303,
            0.9173849281916994,
            1.864302227181558
        ],
        [
            3.062329520395502,
            1.4402989081431687,
            0.11258189324203244
        ]
    ],
    "best_conformer_elements": [
        6,
        6,
        6,
        6,
        8,
        8,
        6,
        6,
        6,
        8,
        1,
        1,
        1,
        1,
        1,
        1,
        1,
        1,
        1,
        1
    ],
    "best_conformer_energy": -32.2405386549112,
    "ip": 13.933082447920821,
    "ip_corrected": 9.087082447920821,
    "ea": 4.237022587052521,
    "homo": -0.4193351211512727,
    "lumo": -0.27805723987119074,
    "charges": {
        "1": 0.34903514232564453,
        "2": -0.006189970878174814,
        "3": -0.08115974607866239,
        "4": -0.11189956623068226,
        "5": -0.4106112331758733,
        "6": -0.2702996359114226,
        "7": 0.0689937980767997,
        "8": 0.10103183180434568,
        "9": 0.06295744567321393,
        "10": -0.3145257211280389,
        "11": 0.05968496125177994,
        "12": 0.06421750267120906,
        "13": 0.053202533948531465,
        "14": 0.06670311547584004,
        "15": 0.0678014708298836,
        "16": 0.06861607910303764,
        "17": 0.07530254986319634,
        "18": 0.057809549078056466,
        "19": 0.04880617016018865,
        "20": 0.05052372314111037
    },
    "dipole": [
        -0.7331315761385535,
        1.069680335438238,
        -0.2264999383078763
    ],
    "global_electrophilicity": 0.9266427035239487,
    "global_nucleophilicity": -9.087082447920821,
    "fukui_electrophilicity": {
        "1": 0.08519440505335235,
        "2": 0.07905110274883852,
        "3": 0.09093457061913904,
        "4": -0.03787771147396847,
        "5": 0.1948847618708392,
        "6": 0.07235929649433476,
        "7": -0.022288702101484315,
        "8": -0.010129558674013786,
        "9": -0.006771333498325913,
        "10": 0.03456185421421015,
        "11": 0.11738458932334306,
        "12": 0.10273432616716144,
        "13": 0.05912496667850591,
        "14": 0.06131362373923626,
        "15": 0.06028239567921702,
        "16": 0.027758241222096317,
        "17": 0.04831357501701914,
        "18": 0.005398809421872833,
        "19": 0.02390874427050295,
        "20": 0.013862043228099565
    },
    "fukui_nucleophilicity": {
        "1": 0.008363603026741051,
        "2": 0.045871936571501876,
        "3": 0.040362426760668674,
        "4": -0.01699350754815948,
        "5": 0.1046605569604544,
        "6": 0.05842158761538918,
        "7": -0.009973760371493029,
        "8": -0.001253909163020095,
        "9": -0.0104603081423148,
        "10": 0.14475750385659208,
        "11": 0.07761017666817918,
        "12": 0.06106650500841422,
        "13": 0.057100278626427366,
        "14": 0.07861911226537699,
        "15": 0.07344199464784644,
        "16": 0.04207963981790043,
        "17": 0.05333779750750989,
        "18": 0.06184826565607153,
        "19": 0.06810011589143453,
        "20": 0.06303998460878812
    },
    "fukui_radical": {
        "1": 0.0467790040400467,
        "2": 0.062461519660170196,
        "3": 0.06564849868990386,
        "4": -0.027435609511063976,
        "5": 0.1497726594156468,
        "6": 0.06539044205486197,
        "7": -0.016131231236488672,
        "8": -0.0056917339185169405,
        "9": -0.008615820820320357,
        "10": 0.08965967903540112,
        "11": 0.09749738299576112,
        "12": 0.08190041558778782,
        "13": 0.05811262265246664,
        "14": 0.06996636800230663,
        "15": 0.06686219516353173,
        "16": 0.03491894051999837,
        "17": 0.05082568626226451,
        "18": 0.03362353753897218,
        "19": 0.04600443008096874,
        "20": 0.03845101391844384
    }
}