{
    "smiles": "C(C(=C)CC(=O)[O-])(=O)OC",
    "best_conformer_coordinates": [
        [
            0.7657037984680072,
            -0.5869313336508785,
            0.4424544306607855
        ],
        [
            -0.6866888367420034,
            -0.6915094278888404,
            0.23875144844414775
        ],
        [
            -1.4053261751289763,
            -1.28392572397678,
            1.2102019575861325
        ],
        [
            -1.3022209777731446,
            -0.027841910796938055,
            -0.9124250154699768
        ],
        [
            -1.889233140623042,
            1.444821968108913,
            -0.4472190790636682
        ],
        [
            -1.6111072129854795,
            2.348268250185745,
            -1.2272801620662463
        ],
        [
            -2.548470035638437,
            1.4227153547859854,
            0.5841626194001317
        ],
        [
            1.4066394712016461,
            -1.1681880791362187,
            1.2967436502942258
        ],
        [
            1.374678670171301,
            0.22352043100901192,
            -0.4516584722445597
        ],
        [
            2.7614971062403115,
            0.3995659341816118,
            -0.2766267228597047
        ],
        [
            -2.4747795607763057,
            -1.3611708917286054,
            1.1415193430190973
        ],
        [
            -0.9287940887460554,
            -1.651091751669742,
            2.103646146789195
        ],
        [
            -2.1918130745385644,
            -0.5579577566927844,
            -1.2541388437610663
        ],
        [
            -0.6147803911785193,
            0.14219659900823484,
            -1.7365557434570031
        ],
        [
            3.0793229540138056,
            1.10777291581195,
            -1.0391156778546746
        ],
        [
            3.289166246477624,
            -0.5526536081690142,
            -0.3935621412332957
        ],
        [
            2.9762052422664333,
            0.792409041202283,
            0.721102267108496
        ]
    ],
    "best_conformer_elements": [
        6,
        6,
        6,
        6,
        6,
        8,
        8,
        8,
        8,
        6,
        1,
        1,
        1,
        1,
        1,
        1,
        1
    ],
    "best_conformer_energy": -32.90599322934237,
    "ip": 14.364475528146404,
    "ip_corrected": 9.518475528146404,
    "ea": 8.30820943640805,
    "homo": -0.44661436274569816,
    "lumo": -0.42216147529006137,
    "charges": {
        "1": 0.3484045599828673,
        "2": 0.009324545595548642,
        "3": -0.04465487608248915,
        "4": -0.048825154172403816,
        "5": 0.4106354194477843,
        "6": -0.3360902317558361,
        "7": -0.36039700915307804,
        "8": -0.3903854093163305,
        "9": -0.25111788320104234,
        "10": 0.03253142843081866,
        "11": 0.0987289154666245,
        "12": 0.10791805411540409,
        "13": 0.10215193732383877,
        "14": 0.1100460748325508,
        "15": 0.07593140623284969,
        "16": 0.06692423583448784,
        "17": 0.06887398646879431
    },
    "dipole": [
        0.5324614577917113,
        -1.3677626455696983,
        -0.6255037847055963
    ],
    "global_electrophilicity": 3.4777654167736007,
    "global_nucleophilicity": -9.518475528146404,
    "fukui_electrophilicity": {
        "1": -0.0004243244673942659,
        "2": 0.024321001817048826,
        "3": 0.045082881548178314,
        "4": 0.05323690754232802,
        "5": 0.025682789100044345,
        "6": 0.21340158010556776,
        "7": 0.18572682544190833,
        "8": 0.07125748340849081,
        "9": 0.013158572030850746,
        "10": -0.01723010168575334,
        "11": 0.05949385644067052,
        "12": 0.0812999595396009,
        "13": 0.08537345238459722,
        "14": 0.08626523020053053,
        "15": 0.02535930320480602,
        "16": 0.02643725142890018,
        "17": 0.021557332010031474
    },
    "fukui_nucleophilicity": {
        "1": 0.002885965918418665,
        "2": 0.029676039630166642,
        "3": 0.03978450769151616,
        "4": 0.029892220178572175,
        "5": 0.015554333526845543,
        "6": 0.15743749087338937,
        "7": 0.13613104875616266,
        "8": 0.11461730718669416,
        "9": 0.05552361738936479,
        "10": -0.020658363310586667,
        "11": 0.06414294988516327,
        "12": 0.06740454530971454,
        "13": 0.06740718584219248,
        "14": 0.06543650688681438,
        "15": 0.050836028926544485,
        "16": 0.06494332555538293,
        "17": 0.058985289703216426
    },
    "fukui_radical": {
        "1": 0.0012308207255121995,
        "2": 0.026998520723607734,
        "3": 0.04243369461984724,
        "4": 0.0415645638604501,
        "5": 0.020618561313444944,
        "6": 0.18541953548947857,
        "7": 0.1609289370990355,
        "8": 0.09293739529759248,
        "9": 0.03434109471010777,
        "10": -0.018944232498170004,
        "11": 0.061818403162916896,
        "12": 0.07435225242465772,
        "13": 0.07639031911339485,
        "14": 0.07585086854367246,
        "15": 0.03809766606567525,
        "16": 0.04569028849214156,
        "17": 0.04027131085662395
    }
}