{
    "smiles": "C(C(=C)C)(=O)[O-].[K+]",
    "best_conformer_coordinates": [
        [
            -2.7959976002490023,
            -1.521361054024501,
            -1.2254623858267806
        ],
        [
            -2.115350144005495,
            1.2605086973020443,
            0.14129340460638318
        ],
        [
            -0.9535692331842389,
            1.0117979886807884,
            0.26621795245358043
        ],
        [
            2.7268929013320546,
            0.08028228667520172,
            0.6160262056671185
        ],
        [
            -3.825963998896311,
            -1.0321740891321347,
            -1.2881097860267519
        ],
        [
            -1.7722487791820236,
            -2.0311178561982426,
            -1.1719192961830875
        ],
        [
            1.8308298335319302,
            -2.341481050972227,
            -0.3863113558750598
        ],
        [
            0.07447865106873897,
            0.8206184945918169,
            0.38737370235928636
        ],
        [
            -3.136914529192522,
            1.4813683287250985,
            0.031613454289279606
        ],
        [
            2.5233052801388483,
            0.8887024013538551,
            -0.0881719305271094
        ],
        [
            3.79669849142123,
            0.10132355530290191,
            0.8176801447509733
        ],
        [
            2.225189608843135,
            0.32666298059334586,
            1.5531644544223118
        ]
    ],
    "best_conformer_elements": [
        6,
        6,
        6,
        6,
        8,
        8,
        19,
        1,
        1,
        1,
        1,
        1
    ],
    "best_conformer_energy": -19.33377472581574,
    "ip": 11.108471075134899,
    "ip_corrected": 6.262471075134899,
    "ea": 3.4061755220877856,
    "homo": -0.2660055637557068,
    "lumo": -0.23370034302102446,
    "charges": {
        "1": 0.4680584339386932,
        "2": -0.09062886050129479,
        "3": -0.08615844012938934,
        "4": -0.2844044057473453,
        "5": -0.21922109147577196,
        "6": -0.23560776660663157,
        "7": 0.42086011585106936,
        "8": 0.10925295430427441,
        "9": 0.07813571659569366,
        "10": -0.05395966851661363,
        "11": -0.05270133934718264,
        "12": -0.0536256498596334
    },
    "dipole": [
        -0.9718585148872997,
        -1.8631373335463022,
        -0.8416576878628453
    ],
    "global_electrophilicity": 0.37745111248851076,
    "global_nucleophilicity": -6.262471075134899,
    "fukui_electrophilicity": {
        "1": 0.0827743705156096,
        "2": 0.018193965713190097,
        "3": 0.010929239366804011,
        "4": 0.01233556587910739,
        "5": 0.16279387207797896,
        "6": 0.12945579668814888,
        "7": 0.27070605973083983,
        "8": 0.01633900885080812,
        "9": 0.03231694183865369,
        "10": 0.0860206423012051,
        "11": 0.09166741401370448,
        "12": 0.08646712153115549
    },
    "fukui_nucleophilicity": {
        "1": 0.0018013936348545978,
        "2": 0.03637863759365867,
        "3": 0.01226794511427047,
        "4": 0.11635586111149784,
        "5": 0.028678696313817753,
        "6": -0.012253152873097528,
        "7": 0.31521017064320683,
        "8": -0.010717395757139522,
        "9": 0.04561645137260642,
        "10": 0.1560416496049369,
        "11": 0.15465325935670063,
        "12": 0.15596648537940186
    },
    "fukui_radical": {
        "1": 0.0422878820752321,
        "2": 0.027286301653424383,
        "3": 0.01159859224053724,
        "4": 0.06434571349530262,
        "5": 0.09573628419589836,
        "6": 0.05860132190752568,
        "7": 0.2929581151870233,
        "8": 0.002810806546834299,
        "9": 0.038966696605630055,
        "10": 0.121031145953071,
        "11": 0.12316033668520254,
        "12": 0.12121680345527866
    }
}