{
    "smiles": "C(C(=C)C)(=O)CC(C)=O",
    "best_conformer_coordinates": [
        [
            -0.27415182637502605,
            -0.07348016248203856,
            0.7768721661318702
        ],
        [
            -1.468146822412012,
            0.2967101042365157,
            -0.01965051251450281
        ],
        [
            -1.5026835819319653,
            0.1568930731477391,
            -1.3423742874290825
        ],
        [
            -2.578378556324577,
            0.9165529176538414,
            0.7721792083556939
        ],
        [
            0.011698760981039096,
            0.4850451448960146,
            1.8117538510980546
        ],
        [
            0.6185664967653413,
            -1.1785599812922778,
            0.2237420486234563
        ],
        [
            1.7644459014047764,
            -0.49631987103592756,
            -0.5115778652809808
        ],
        [
            2.84486337913898,
            0.008959597554629732,
            0.39486304532694116
        ],
        [
            1.760680595652042,
            -0.36206337688709894,
            -1.707855254026307
        ],
        [
            -0.6827752841276548,
            -0.24488400096566962,
            -1.9115326508858668
        ],
        [
            -2.3547788313415072,
            0.49280172872014727,
            -1.910125831324302
        ],
        [
            -3.3482689636040517,
            1.3186190191564107,
            0.12033354489264446
        ],
        [
            -2.176303017162154,
            1.7112335456047159,
            1.3980106502382115
        ],
        [
            -3.0236495946802715,
            0.17395753090151006,
            1.4338091323715512
        ],
        [
            0.06716972345641355,
            -1.8285670428651029,
            -0.4514311535811747
        ],
        [
            1.0166515582299251,
            -1.7401066013281485,
            1.0681457170984023
        ],
        [
            3.5086065158617146,
            0.682710049013926,
            -0.14028130756785556
        ],
        [
            2.3945196163662144,
            0.5147919683865926,
            1.2475173665302481
        ],
        [
            3.4219339248111074,
            -0.8342936371241026,
            0.7712115376482871
        ]
    ],
    "best_conformer_elements": [
        6,
        6,
        6,
        6,
        8,
        6,
        6,
        6,
        8,
        1,
        1,
        1,
        1,
        1,
        1,
        1,
        1,
        1,
        1
    ],
    "best_conformer_energy": -28.173751277519212,
    "ip": 13.69732416509309,
    "ip_corrected": 8.85132416509309,
    "ea": 4.934400404817766,
    "homo": -0.40244328174912497,
    "lumo": -0.29060887970906724,
    "charges": {
        "1": 0.23804800336323323,
        "2": -0.001394068400682874,
        "3": -0.08558698188935346,
        "4": -0.10860367730687051,
        "5": -0.361935144049284,
        "6": -0.11567486964401183,
        "7": 0.25122734268085783,
        "8": -0.14324115346944066,
        "9": -0.3559409642196149,
        "10": 0.07188646910304823,
        "11": 0.0559648172728739,
        "12": 0.0491972598483828,
        "13": 0.07018017635442417,
        "14": 0.054794291641368446,
        "15": 0.07098837537317619,
        "16": 0.07862294534346743,
        "17": 0.06984640547926693,
        "18": 0.08681262988506411,
        "19": 0.07480814263408965
    },
    "dipole": [
        -0.3765563166218893,
        -0.4897470667507302,
        0.24580416772841546
    ],
    "global_electrophilicity": 1.1400115642361361,
    "global_nucleophilicity": -8.85132416509309,
    "fukui_electrophilicity": {
        "1": 0.0693169095912892,
        "2": 0.04550829166789141,
        "3": 0.05650843360420196,
        "4": -0.028977700849627086,
        "5": 0.16796189179585513,
        "6": -0.018548004421137437,
        "7": 0.053798084197265644,
        "8": -0.026526349233811003,
        "9": 0.12347528136205321,
        "10": 0.0577866123401287,
        "11": 0.08911716816719358,
        "12": 0.04873084593365943,
        "13": 0.04064734345452308,
        "14": 0.048291346138127154,
        "15": 0.056357813465676886,
        "16": 0.07222991676614013,
        "17": 0.05113027025513027,
        "18": 0.03224226985913732,
        "19": 0.060949575906294795
    },
    "fukui_nucleophilicity": {
        "1": 0.017172541318908496,
        "2": 0.04316854882809476,
        "3": 0.032298684010978324,
        "4": -0.017399814994503326,
        "5": 0.1353621038709169,
        "6": 0.024290318628983343,
        "7": 0.020936291988505162,
        "8": -0.00590984148388779,
        "9": 0.14362353414366452,
        "10": 0.0462205918806938,
        "11": 0.07855657151024092,
        "12": 0.0689131138212674,
        "13": 0.05640014263246659,
        "14": 0.07468642850382581,
        "15": 0.05455716899494255,
        "16": 0.0628386909573085,
        "17": 0.06116452431651223,
        "18": 0.04076505705320277,
        "19": 0.06235534406816136
    },
    "fukui_radical": {
        "1": 0.043244725455098845,
        "2": 0.04433842024799309,
        "3": 0.04440355880759014,
        "4": -0.023188757922065206,
        "5": 0.15166199783338602,
        "6": 0.0028711571039229528,
        "7": 0.0373671880928854,
        "8": -0.016218095358849396,
        "9": 0.13354940775285887,
        "10": 0.052003602110411246,
        "11": 0.08383686983871724,
        "12": 0.05882197987746342,
        "13": 0.04852374304349484,
        "14": 0.06148888732097649,
        "15": 0.05545749123030971,
        "16": 0.0675343038617243,
        "17": 0.05614739728582125,
        "18": 0.036503663456170045,
        "19": 0.06165245998722808
    }
}