{
    "smiles": "C(C)OC(/C=C/C#N)=C",
    "best_conformer_coordinates": [
        [
            -1.7513941639482695,
            0.06732406426419912,
            -0.6965640344110374
        ],
        [
            -2.470631282081716,
            1.3742995292402558,
            -0.404043333963772
        ],
        [
            -0.4033749673527339,
            0.21786126413533383,
            -0.2992358275587128
        ],
        [
            0.44159598988165244,
            -0.8324685292065396,
            -0.4664659567847052
        ],
        [
            1.797155195574845,
            -0.5513993850096742,
            -0.019748697924669288
        ],
        [
            2.1742233649120957,
            0.6238601706144674,
            0.5034842103798036
        ],
        [
            3.487512373153676,
            0.8746935137150529,
            0.9284623015880542
        ],
        [
            4.559277784815245,
            1.0900360669234723,
            1.27915139421069
        ],
        [
            0.12416043585455344,
            -2.027334611375652,
            -0.9816729520455484
        ],
        [
            -1.8002974487152117,
            -0.16486926886356662,
            -1.769435228383678
        ],
        [
            -2.214786637850653,
            -0.7579993956812108,
            -0.13847222972786058
        ],
        [
            -2.005399990134068,
            2.1865011634079417,
            -0.9560720072718774
        ],
        [
            -3.513252432356942,
            1.2954770550834391,
            -0.6976786133630235
        ],
        [
            -2.4154872178900155,
            1.5996712300058313,
            0.6575658397457486
        ],
        [
            2.5090817239271024,
            -1.3565405408877176,
            -0.1316248307955032
        ],
        [
            1.4674539207648531,
            1.4342461011049088,
            0.6185784414446694
        ],
        [
            0.874699722130365,
            -2.7900810696278273,
            -1.0683168824417548
        ],
        [
            -0.8605363653929906,
            -2.2832773631345633,
            -1.32500202325269
        ]
    ],
    "best_conformer_elements": [
        6,
        6,
        8,
        6,
        6,
        6,
        6,
        7,
        6,
        1,
        1,
        1,
        1,
        1,
        1,
        1,
        1,
        1
    ],
    "best_conformer_energy": -26.475380937570183,
    "ip": 13.557068823389915,
    "ip_corrected": 8.711068823389915,
    "ea": 4.801829848846132,
    "homo": -0.3929235023354734,
    "lumo": -0.28895088841484545,
    "charges": {
        "1": 0.08627251743161196,
        "2": -0.1132087816640843,
        "3": -0.2706570190308733,
        "4": 0.1447620183600288,
        "5": -0.02248221548131224,
        "6": -0.02417772999801321,
        "7": 0.11535675434296375,
        "8": -0.2354608707832382,
        "9": -0.13472746069147332,
        "10": 0.03123878386176243,
        "11": 0.031238787491522948,
        "12": 0.05684295844742041,
        "13": 0.048358573824540854,
        "14": 0.05684292247422881,
        "15": 0.05839590674461821,
        "16": 0.08069636305246379,
        "17": 0.047162600991775626,
        "18": 0.043545890626059375
    },
    "dipole": [
        -1.9628635452459582,
        -0.5407545187809315,
        -0.6954933386611334
    ],
    "global_electrophilicity": 1.0724312153729798,
    "global_nucleophilicity": -8.711068823389915,
    "fukui_electrophilicity": {
        "1": -0.015073924840204575,
        "2": -0.0109414428917331,
        "3": 0.03964955959367811,
        "4": 0.04117142175136168,
        "5": 0.07601120811594125,
        "6": 0.08094294763937623,
        "7": 0.050895662425992,
        "8": 0.20739940649824581,
        "9": 0.06816383962066899,
        "10": 0.023301097153649898,
        "11": 0.023301024579996523,
        "12": 0.01451799211254693,
        "13": 0.03017342296788512,
        "14": 0.014517970229525327,
        "15": 0.08684687766384439,
        "16": 0.09660879038791063,
        "17": 0.07972835331062361,
        "18": 0.09278579368070684
    },
    "fukui_nucleophilicity": {
        "1": -0.022574658685441368,
        "2": -0.017250891932803714,
        "3": 0.10361581727976177,
        "4": 0.03488223939707352,
        "5": 0.015832521465449473,
        "6": 0.051379641829581754,
        "7": 0.02669720019755617,
        "8": 0.1777778751419551,
        "9": 0.07118519506987354,
        "10": 0.0741704925907807,
        "11": 0.07417036199758528,
        "12": 0.04568098733060764,
        "13": 0.044762728952058864,
        "14": 0.045680975390883394,
        "15": 0.05539511503801495,
        "16": 0.05465368461469071,
        "17": 0.08574501626069495,
        "18": 0.07819569806181881
    },
    "fukui_radical": {
        "1": -0.01882429176282297,
        "2": -0.014096167412268407,
        "3": 0.07163268843671994,
        "4": 0.0380268305742176,
        "5": 0.04592186479069536,
        "6": 0.06616129473447899,
        "7": 0.038796431311774085,
        "8": 0.19258864082010047,
        "9": 0.06967451734527128,
        "10": 0.0487357948722153,
        "11": 0.048735693288790904,
        "12": 0.030099489721577284,
        "13": 0.037468075959971994,
        "14": 0.03009947281020436,
        "15": 0.07112099635092967,
        "16": 0.07563123750130067,
        "17": 0.08273668478565928,
        "18": 0.08549074587126282
    }
}