{
    "smiles": "C(C)(=O)OC(=C)C",
    "best_conformer_coordinates": [
        [
            1.2757033165267078,
            0.11302001064573569,
            -0.04573037109086055
        ],
        [
            2.3979886186341384,
            -0.3171268354412324,
            -0.9543910008534126
        ],
        [
            1.3886644577449583,
            0.8644045050119773,
            0.8838452479451342
        ],
        [
            0.1328256102096368,
            -0.48247292958142224,
            -0.4189875902851096
        ],
        [
            -1.071138250443001,
            -0.21922509885597938,
            0.24218781698999808
        ],
        [
            -1.790566285092044,
            -1.2515211556202603,
            0.6501733926874267
        ],
        [
            -1.464748294134601,
            1.2159857076528582,
            0.36280881212751687
        ],
        [
            2.517122847457025,
            -1.3961682716231594,
            -0.8949583006526296
        ],
        [
            2.152702138198499,
            -0.05955311067316068,
            -1.9817703829530184
        ],
        [
            3.3176291794710115,
            0.17513319567431834,
            -0.6544637665651036
        ],
        [
            -1.4405971161090978,
            -2.260813784203272,
            0.5288644830558824
        ],
        [
            -2.7492935059195163,
            -1.110069733006393,
            1.1118417647775067
        ],
        [
            -2.4783553079470755,
            1.2939474702253757,
            0.7424178756268418
        ],
        [
            -1.4031964804741333,
            1.7017346903938515,
            -0.610744714931928
        ],
        [
            -0.784740928122482,
            1.7327253499842628,
            1.0389067341217944
        ]
    ],
    "best_conformer_elements": [
        6,
        6,
        8,
        8,
        6,
        6,
        6,
        1,
        1,
        1,
        1,
        1,
        1,
        1,
        1
    ],
    "best_conformer_energy": -22.902212502040307,
    "ip": 13.969317220561539,
    "ip_corrected": 9.123317220561539,
    "ea": 3.2330754595223437,
    "homo": -0.4020493243235177,
    "lumo": -0.2388009582960486,
    "charges": {
        "1": 0.36649573652256223,
        "2": -0.1471543960818677,
        "3": -0.40400053432164396,
        "4": -0.26007714908981633,
        "5": 0.14846387007160805,
        "6": -0.12053219995893344,
        "7": -0.12246948550009046,
        "8": 0.07751504798459775,
        "9": 0.07603748352582268,
        "10": 0.07475584242003774,
        "11": 0.05845532970660657,
        "12": 0.05660692911923276,
        "13": 0.05427918920734614,
        "14": 0.057109895217305744,
        "15": 0.08451444117725024
    },
    "dipole": [
        -0.27535830214634216,
        -0.33874073714525677,
        -0.6737395914655944
    ],
    "global_electrophilicity": 0.6567241994976956,
    "global_nucleophilicity": -9.123317220561539,
    "fukui_electrophilicity": {
        "1": 0.1022898953489137,
        "2": -0.03395252218295733,
        "3": 0.17857659270009285,
        "4": 0.08363749363894019,
        "5": 0.06639859314773805,
        "6": 0.07358737997543885,
        "7": -0.03335533907950672,
        "8": 0.07271586525245395,
        "9": 0.074376303238859,
        "10": 0.0636443045776677,
        "11": 0.08908730833834336,
        "12": 0.10112976236301187,
        "13": 0.058664078261678534,
        "14": 0.057613083254028835,
        "15": 0.04558720116531925
    },
    "fukui_nucleophilicity": {
        "1": 0.017723542782165203,
        "2": -0.002448949505316489,
        "3": 0.1623040728185124,
        "4": 0.08072501249684161,
        "5": 0.04718477429041487,
        "6": 0.07890534288451058,
        "7": -0.019836906176327274,
        "8": 0.06334834870654603,
        "9": 0.06978577157918309,
        "10": 0.05645812565189712,
        "11": 0.09098592323375326,
        "12": 0.0943164272982421,
        "13": 0.0751766768894511,
        "14": 0.08816208820650265,
        "15": 0.09720974884927153
    },
    "fukui_radical": {
        "1": 0.06000671906553945,
        "2": -0.01820073584413691,
        "3": 0.17044033275930262,
        "4": 0.0821812530678909,
        "5": 0.05679168371907646,
        "6": 0.07624636142997471,
        "7": -0.026596122627916996,
        "8": 0.06803210697949999,
        "9": 0.07208103740902104,
        "10": 0.06005121511478241,
        "11": 0.09003661578604831,
        "12": 0.097723094830627,
        "13": 0.06692037757556482,
        "14": 0.07288758573026574,
        "15": 0.07139847500729539
    }
}