{
    "smiles": "C(C=C)(=O)OCCC#N",
    "best_conformer_coordinates": [
        [
            0.8932703107643228,
            -0.30359526410055576,
            -0.08347371848762684
        ],
        [
            1.9126912068535378,
            0.05685949717654622,
            -1.0873403843123635
        ],
        [
            3.1377408871502332,
            0.4077724199045823,
            -0.7234047923092075
        ],
        [
            1.0494983437822116,
            -0.3107843155341392,
            1.112720659024783
        ],
        [
            -0.26532255355842027,
            -0.638160681386224,
            -0.6796291431508832
        ],
        [
            -1.3403711188512286,
            -1.005522406470037,
            0.17195878254621313
        ],
        [
            -1.9564365926830674,
            0.20828907806001387,
            0.8829346629392506
        ],
        [
            -2.4538329260814473,
            1.1717064070518748,
            -0.06659640062848286
        ],
        [
            -2.841531698733105,
            1.9296845039986408,
            -0.8283824153817729
        ],
        [
            1.5864497387839522,
            0.01625683152771941,
            -2.115070794784555
        ],
        [
            3.8957464405959903,
            0.6762591040783169,
            -1.438619876302873
        ],
        [
            3.407484446492197,
            0.4320407405991371,
            0.3202507928667493
        ],
        [
            -2.0706078751147445,
            -1.4895914326971096,
            -0.4798602986040934
        ],
        [
            -0.9787152213774877,
            -1.712316894824649,
            0.9277895729592945
        ],
        [
            -1.1963967093529537,
            0.6861010242451819,
            1.5081676349430038
        ],
        [
            -2.7796666786699924,
            -0.12499861162920528,
            1.519341098153251
        ]
    ],
    "best_conformer_elements": [
        6,
        6,
        6,
        8,
        8,
        6,
        6,
        6,
        7,
        1,
        1,
        1,
        1,
        1,
        1,
        1
    ],
    "best_conformer_energy": -27.405013993685532,
    "ip": 14.34092794673338,
    "ip_corrected": 9.49492794673338,
    "ea": 4.540787158505008,
    "homo": -0.42745046582732765,
    "lumo": -0.2877220274843734,
    "charges": {
        "1": 0.3583994442690715,
        "2": -0.05804348369363288,
        "3": -0.05639796353949162,
        "4": -0.41253433975509984,
        "5": -0.2656977622164092,
        "6": 0.08956852699326928,
        "7": -0.061891979145159245,
        "8": 0.11898281464792368,
        "9": -0.22659273185216366,
        "10": 0.06955362366062579,
        "11": 0.06800509388520683,
        "12": 0.08090253250823327,
        "13": 0.06380306971469453,
        "14": 0.060135979473660194,
        "15": 0.09477633387798104,
        "16": 0.07703084117130034
    },
    "dipole": [
        0.41640681988875045,
        -0.9254151650044259,
        0.24027674749253475
    ],
    "global_electrophilicity": 1.0771639094318723,
    "global_nucleophilicity": -9.49492794673338,
    "fukui_electrophilicity": {
        "1": 0.06772685619670776,
        "2": 0.05294314747563372,
        "3": 0.08310432459661207,
        "4": 0.15714189301469966,
        "5": 0.07407435699815901,
        "6": -0.021258949009797273,
        "7": -0.007444791436964443,
        "8": 0.030720725475285954,
        "9": 0.1079612542124122,
        "10": 0.09442899657282056,
        "11": 0.11059112114195589,
        "12": 0.09432129159328165,
        "13": 0.05086708418687318,
        "14": 0.03570634288007618,
        "15": 0.016898561748518365,
        "16": 0.05221778435377912
    },
    "fukui_nucleophilicity": {
        "1": 0.020862812180605372,
        "2": 0.027900634999153656,
        "3": 0.022607166224662294,
        "4": 0.14483453976226335,
        "5": 0.06617108904811031,
        "6": -0.020362484775972245,
        "7": 0.0014472561958438629,
        "8": 0.02909443222134661,
        "9": 0.19183700709006424,
        "10": 0.08521452781067923,
        "11": 0.10094155587889662,
        "12": 0.07506193992605269,
        "13": 0.07248021820077759,
        "14": 0.05843147826344248,
        "15": 0.05524793300660577,
        "16": 0.06822989396746691
    },
    "fukui_radical": {
        "1": 0.04429483418865657,
        "2": 0.04042189123739369,
        "3": 0.05285574541063718,
        "4": 0.1509882163884815,
        "5": 0.07012272302313466,
        "6": -0.02081071689288476,
        "7": -0.00299876762056029,
        "8": 0.029907578848316282,
        "9": 0.14989913065123822,
        "10": 0.0898217621917499,
        "11": 0.10576633851042626,
        "12": 0.08469161575966717,
        "13": 0.06167365119382538,
        "14": 0.04706891057175933,
        "15": 0.03607324737756207,
        "16": 0.060223839160623016
    }
}