{
    "smiles": "C(C=C)(=O)OCCCl",
    "best_conformer_coordinates": [
        [
            -0.656913763455153,
            -0.1912426989177948,
            -0.31654267783445467
        ],
        [
            -1.7568221966382553,
            0.6787205128369644,
            -0.7785829689603997
        ],
        [
            -3.0216730195858674,
            0.3793696375774168,
            -0.520557837535635
        ],
        [
            -0.7816972575477024,
            -1.2154600954200232,
            0.3081052253063228
        ],
        [
            0.533493679734644,
            0.3067791069538109,
            -0.6954477734799661
        ],
        [
            1.6846994914307958,
            -0.42344046127818263,
            -0.305721443406141
        ],
        [
            2.029642139786703,
            -0.21636255194497445,
            1.1624491533120564
        ],
        [
            2.4677286703048407,
            1.4832894781384942,
            1.4742774214388734
        ],
        [
            -1.4542337189288965,
            1.5582485628281757,
            -1.3256204798206384
        ],
        [
            -3.838431566459773,
            1.0003452399730453,
            -0.8456080240911437
        ],
        [
            -3.26473810930349,
            -0.5134437698997637,
            0.032866052533391886
        ],
        [
            1.5090206273406805,
            -1.493915044131588,
            -0.4705201294395477
        ],
        [
            2.489481228874635,
            -0.06680914247704138,
            -0.9510425189414904
        ],
        [
            2.88580901231471,
            -0.8303860894583813,
            1.4377306613899616
        ],
        [
            1.1746347821321834,
            -0.45569267948832265,
            1.7942153395286813
        ]
    ],
    "best_conformer_elements": [
        6,
        6,
        6,
        8,
        8,
        6,
        6,
        17,
        1,
        1,
        1,
        1,
        1,
        1,
        1
    ],
    "best_conformer_energy": -26.930036405931638,
    "ip": 14.010686657525131,
    "ip_corrected": 9.164686657525131,
    "ea": 4.357199005909025,
    "homo": -0.4174471672069449,
    "lumo": -0.2848748580444074,
    "charges": {
        "1": 0.3568626788971739,
        "2": -0.057169352342081474,
        "3": -0.05715222733294844,
        "4": -0.4121620848008879,
        "5": -0.25504596319703554,
        "6": 0.07688822681689642,
        "7": 0.01893910083404514,
        "8": -0.1913646663882641,
        "9": 0.06961881518969909,
        "10": 0.06714177331187197,
        "11": 0.08068273854092566,
        "12": 0.06623879371568699,
        "13": 0.07584883644041554,
        "14": 0.07361163663670765,
        "15": 0.08706169367776072
    },
    "dipole": [
        -0.1604037965257141,
        -0.12463327968864857,
        -0.5349727497604868
    ],
    "global_electrophilicity": 0.9746605936816662,
    "global_nucleophilicity": -9.164686657525131,
    "fukui_electrophilicity": {
        "1": 0.07632269278540899,
        "2": 0.05841742903128367,
        "3": 0.09033695872267167,
        "4": 0.17281872426842126,
        "5": 0.0876453283217617,
        "6": -0.031709148666221765,
        "7": -0.010805081954749773,
        "8": 0.07350718130761935,
        "9": 0.10383489188755715,
        "10": 0.11877765835868517,
        "11": 0.10214003413558205,
        "12": 0.03519349109419631,
        "13": 0.05588259670704211,
        "14": 0.05015748712988578,
        "15": 0.017479756870830948
    },
    "fukui_nucleophilicity": {
        "1": 0.017023684169967856,
        "2": 0.023255477127993633,
        "3": 0.020966306644552686,
        "4": 0.1344680532739746,
        "5": 0.05866754317423517,
        "6": -0.02560375719854162,
        "7": -0.031104036199993454,
        "8": 0.3096742855257248,
        "9": 0.07382380381938386,
        "10": 0.08966814959666959,
        "11": 0.06511889844303408,
        "12": 0.050469459976611245,
        "13": 0.061479451948193375,
        "14": 0.08100041444318899,
        "15": 0.07109226525519423
    },
    "fukui_radical": {
        "1": 0.04667318847768842,
        "2": 0.04083645307963865,
        "3": 0.05565163268361218,
        "4": 0.15364338877119793,
        "5": 0.07315643574799843,
        "6": -0.02865645293238169,
        "7": -0.020954559077371614,
        "8": 0.19159073341667207,
        "9": 0.0888293478534705,
        "10": 0.10422290397767739,
        "11": 0.08362946628930806,
        "12": 0.04283147553540378,
        "13": 0.058681024327617744,
        "14": 0.06557895078653739,
        "15": 0.04428601106301259
    }
}