{
    "smiles": "C(C=C)Cl",
    "best_conformer_coordinates": [
        [
            -1.0071616190508332,
            -0.37576016788520367,
            -0.16702901179624793
        ],
        [
            0.13584771569896498,
            0.4295388808483356,
            0.3386841154393043
        ],
        [
            1.3438712878947399,
            0.40311479653106363,
            -0.1940924132258853
        ],
        [
            -1.4788893991905718,
            -1.5924357189185716,
            1.07246628345079
        ],
        [
            -1.8924199862075388,
            0.23784110463442779,
            -0.3360549901715537
        ],
        [
            -0.7491156796463638,
            -0.9292584957848634,
            -1.069001703113235
        ],
        [
            -0.07482249907625493,
            1.038476397242274,
            1.2069410382849775
        ],
        [
            1.5720338788210035,
            -0.2072191180112844,
            -1.0524406304325753
        ],
        [
            2.1506563007568302,
            0.9957023213438108,
            0.20052730627263407
        ]
    ],
    "best_conformer_elements": [
        6,
        6,
        6,
        17,
        1,
        1,
        1,
        1,
        1
    ],
    "best_conformer_energy": -13.482854088096605,
    "ip": 14.379511887394678,
    "ip_corrected": 9.533511887394678,
    "ea": 3.0733176616790985,
    "homo": -0.4116893491015313,
    "lumo": -0.23333778563985266,
    "charges": {
        "1": 0.028442464462915387,
        "2": -0.02834871224397855,
        "3": -0.08509698101599517,
        "4": -0.20753614346678123,
        "5": 0.06886745979267388,
        "6": 0.06751840156209105,
        "7": 0.05420193394584369,
        "8": 0.04932651274623123,
        "9": 0.052625064216992486
    },
    "dipole": [
        0.27189947908246415,
        0.553222252174353,
        -0.536004208666097
    ],
    "global_electrophilicity": 0.6659012980776543,
    "global_nucleophilicity": -9.533511887394678,
    "fukui_electrophilicity": {
        "1": -0.01360537802773068,
        "2": 0.08384833533177863,
        "3": 0.0903063429750714,
        "4": 0.2679207928065397,
        "5": 0.11211756522901942,
        "6": 0.10037795698662395,
        "7": 0.11362335174924612,
        "8": 0.11903129487223142,
        "9": 0.12637973807721312
    },
    "fukui_nucleophilicity": {
        "1": -0.038005202607716684,
        "2": 0.042797017678472916,
        "3": 0.054478435737000716,
        "4": 0.404541717895141,
        "5": 0.12890321577665176,
        "6": 0.11502361813984058,
        "7": 0.09360706952158832,
        "8": 0.09304822576296093,
        "9": 0.1056059020984011
    },
    "fukui_radical": {
        "1": -0.025805290317723682,
        "2": 0.06332267650512577,
        "3": 0.07239238935603606,
        "4": 0.3362312553508403,
        "5": 0.12051039050283557,
        "6": 0.10770078756323226,
        "7": 0.10361521063541722,
        "8": 0.10603976031759618,
        "9": 0.11599282008780709
    }
}