{
    "smiles": "C(C=C)(=O)OCC1=CC=CO1",
    "best_conformer_coordinates": [
        [
            1.5259442202016873,
            -0.13765889883856838,
            -0.6792785760420045
        ],
        [
            2.8294989823698997,
            -0.4452893106503294,
            -0.05264665243961951
        ],
        [
            3.826006628412576,
            0.4272495511973003,
            -0.08073324517375155
        ],
        [
            1.2497211207280883,
            0.8849001501671303,
            -1.2545033699983255
        ],
        [
            0.6801421428520273,
            -1.169518103784205,
            -0.5348329370863876
        ],
        [
            -0.6336717151823011,
            -1.0118501885994355,
            -1.0800993478626626
        ],
        [
            -1.541701619742636,
            -0.30722950252264564,
            -0.1287640730576787
        ],
        [
            -1.6331181181222172,
            1.0081825418583246,
            0.22260062341051046
        ],
        [
            -2.6576248295940426,
            1.0837976027522653,
            1.196655266806136
        ],
        [
            -3.1090287432887447,
            -0.18832921388490687,
            1.3626261360140624
        ],
        [
            -2.4388084943362207,
            -1.0384180391014426,
            0.5690188894137033
        ],
        [
            2.9019457200337118,
            -1.4131809988645099,
            0.41910560502617705
        ],
        [
            3.6961898987912103,
            1.3806005174794127,
            -0.567089213996894
        ],
        [
            4.782628121894129,
            0.22503199268423235,
            0.3693063489488254
        ],
        [
            -0.9990202594514299,
            -2.023375574956367,
            -1.2641176732274333
        ],
        [
            -0.5574874810938008,
            -0.4459111858278472,
            -2.015330066050415
        ],
        [
            -1.0411897274264035,
            1.810264426540079,
            -0.1678012623959712
        ],
        [
            -3.0061198622922913,
            1.9633961429032254,
            1.6973650153953508
        ],
        [
            -3.8743059900450025,
            -0.6026619191348197,
            1.988518532316587
        ]
    ],
    "best_conformer_elements": [
        6,
        6,
        6,
        8,
        8,
        6,
        6,
        6,
        6,
        6,
        8,
        1,
        1,
        1,
        1,
        1,
        1,
        1,
        1
    ],
    "best_conformer_energy": -33.369091898010815,
    "ip": 13.52593416945572,
    "ip_corrected": 8.67993416945572,
    "ea": 4.497386969995121,
    "homo": -0.3936838572926999,
    "lumo": -0.2793502840566892,
    "charges": {
        "1": 0.3566262245606942,
        "2": -0.057676094373138906,
        "3": -0.05864531732603731,
        "4": -0.40886195881564713,
        "5": -0.26570283681469076,
        "6": 0.06948036291495252,
        "7": 0.09782127831355693,
        "8": -0.06350168602120622,
        "9": -0.06259878169367113,
        "10": 0.06794615338978993,
        "11": -0.18289539702049373,
        "12": 0.06664024987672057,
        "13": 0.08000626352456888,
        "14": 0.06515824931523333,
        "15": 0.07489172021981921,
        "16": 0.07009053910593292,
        "17": 0.05742618008386642,
        "18": 0.04322725666452699,
        "19": 0.05056759409522794
    },
    "dipole": [
        0.13388358473682138,
        -0.4207097688065309,
        0.3546412300331684
    ],
    "global_electrophilicity": 0.9609922614793349,
    "global_nucleophilicity": -8.67993416945572,
    "fukui_electrophilicity": {
        "1": 0.05516535929302313,
        "2": 0.048846563536942875,
        "3": 0.07398393929268868,
        "4": 0.1336520614493929,
        "5": 0.06941962309259159,
        "6": -0.01881622586779469,
        "7": 0.021250342001389783,
        "8": 0.014555347310699643,
        "9": 0.020838970519661493,
        "10": 0.0326552756420477,
        "11": 0.057644082955406295,
        "12": 0.08514160902325937,
        "13": 0.08423373996532109,
        "14": 0.09989351241105318,
        "15": 0.05078809211109782,
        "16": 0.034664679552837425,
        "17": 0.027749312432343104,
        "18": 0.05086889581123147,
        "19": 0.05746481946681038
    },
    "fukui_nucleophilicity": {
        "1": 0.01739959683677572,
        "2": 0.020848810445584127,
        "3": 0.019320378880933547,
        "4": 0.10977945978174969,
        "5": 0.053923104347416706,
        "6": -0.01403267920126814,
        "7": 0.06256485427976836,
        "8": 0.0339554290220189,
        "9": 0.040794724633435656,
        "10": 0.06558162379223603,
        "11": 0.06499294864440569,
        "12": 0.06363739236042029,
        "13": 0.05404440990317769,
        "14": 0.07991116589764209,
        "15": 0.056910234506895,
        "16": 0.05001908143268405,
        "17": 0.060578314589001966,
        "18": 0.07602427584740828,
        "19": 0.08374687399983216
    },
    "fukui_radical": {
        "1": 0.036282478064899426,
        "2": 0.034847686991263505,
        "3": 0.04665215908681111,
        "4": 0.1217157606155713,
        "5": 0.061671363720004146,
        "6": -0.016424452534531415,
        "7": 0.04190759814057907,
        "8": 0.024255388166359273,
        "9": 0.030816847576548574,
        "10": 0.04911844971714187,
        "11": 0.06131851579990599,
        "12": 0.07438950069183983,
        "13": 0.06913907493424938,
        "14": 0.08990233915434764,
        "15": 0.05384916330899641,
        "16": 0.04234188049276073,
        "17": 0.044163813510672535,
        "18": 0.06344658582931988,
        "19": 0.07060584673332126
    }
}