{
    "smiles": "C1(=CC(=CC=C1)N)N",
    "best_conformer_coordinates": [
        [
            -1.2113442613026915,
            -0.2362498007161927,
            0.12178097671941653
        ],
        [
            -0.05489105482718158,
            -0.9329155304322565,
            -0.21141621592274448
        ],
        [
            1.1801155382514996,
            -0.29450561128289726,
            -0.2420601147492782
        ],
        [
            1.2522049380292364,
            1.0640176471779899,
            0.06626909110522153
        ],
        [
            0.10328363765956872,
            1.755383706444702,
            0.39780306630931744
        ],
        [
            -1.1236072076088077,
            1.1215970215142945,
            0.42903238714405856
        ],
        [
            2.333018740322127,
            -1.017659503027745,
            -0.5003346014984911
        ],
        [
            -2.443885083778969,
            -0.8665976208487622,
            0.07332631221422312
        ],
        [
            -0.11687046974865996,
            -1.9863033844839117,
            -0.4501338058741037
        ],
        [
            2.2088029619942944,
            1.565327918654629,
            0.04626608156957802
        ],
        [
            0.1651859376886454,
            2.8074611885778675,
            0.636223679152566
        ],
        [
            -2.018505184383342,
            1.668925813469078,
            0.6866768653918657
        ],
        [
            2.2052518647201587,
            -1.8777912231606932,
            -1.00962911979881
        ],
        [
            3.1259874151189107,
            -0.47612767475192125,
            -0.8058103007283636
        ],
        [
            -2.42578979986225,
            -1.8704177617544722,
            0.16021448579293868
        ],
        [
            -3.1789579722724706,
            -0.42414518008791185,
            0.6017912078808332
        ]
    ],
    "best_conformer_elements": [
        6,
        6,
        6,
        6,
        6,
        6,
        7,
        7,
        1,
        1,
        1,
        1,
        1,
        1,
        1,
        1
    ],
    "best_conformer_energy": -22.753037041382655,
    "ip": 12.224789151152128,
    "ip_corrected": 7.378789151152128,
    "ea": 2.233005945408173,
    "homo": -0.34194354639326924,
    "lumo": -0.1951608655292356,
    "charges": {
        "1": 0.07840665026390185,
        "2": -0.09226173775599762,
        "3": 0.07840665431694688,
        "4": -0.07569548742749613,
        "5": -0.03198914684371982,
        "6": -0.07569548851423327,
        "7": -0.2848807274433834,
        "8": -0.28488072873563175,
        "9": 0.015439303197122028,
        "10": 0.017248475337265104,
        "11": 0.02270407540122288,
        "12": 0.017248465694624335,
        "13": 0.15337740505433556,
        "14": 0.15459744728964456,
        "15": 0.1533774023015611,
        "16": 0.1545974378638437
    },
    "dipole": [
        -0.034403823833476566,
        -0.5847201700376218,
        -0.13250850878331463
    ],
    "global_electrophilicity": 0.2841435111570145,
    "global_nucleophilicity": -7.378789151152128,
    "fukui_electrophilicity": {
        "1": 0.059015799021664796,
        "2": 0.063739728429155,
        "3": 0.05901582408728776,
        "4": 0.04173095360121476,
        "5": 0.08150503816718255,
        "6": 0.04173090204138204,
        "7": 0.03546754956843429,
        "8": 0.03546755373313337,
        "9": 0.09172240324531056,
        "10": 0.09068798227466235,
        "11": 0.1016966537564602,
        "12": 0.09068798215825978,
        "13": 0.05113122596371518,
        "14": 0.05263458425883323,
        "15": 0.05113123327902061,
        "16": 0.05263458641428907
    },
    "fukui_nucleophilicity": {
        "1": 0.032561046320872575,
        "2": 0.020982721233391788,
        "3": 0.03256118885445153,
        "4": 0.0722483189805145,
        "5": 0.023813084185367643,
        "6": 0.0722507897291295,
        "7": 0.08990077104595245,
        "8": 0.08990092672916117,
        "9": 0.06445709946076401,
        "10": 0.08251958515830678,
        "11": 0.07822862762485436,
        "12": 0.08251934216801045,
        "13": 0.06506243892005514,
        "14": 0.06396580114104589,
        "15": 0.06506242970872941,
        "16": 0.06396582873938692
    },
    "fukui_radical": {
        "1": 0.04578842267126869,
        "2": 0.04236122483127339,
        "3": 0.04578850647086964,
        "4": 0.05698963629086463,
        "5": 0.05265906117627509,
        "6": 0.05699084588525577,
        "7": 0.06268416030719337,
        "8": 0.06268424023114727,
        "9": 0.07808975135303728,
        "10": 0.08660378371648456,
        "11": 0.08996264069065728,
        "12": 0.08660366216313511,
        "13": 0.05809683244188516,
        "14": 0.05830019269993956,
        "15": 0.05809683149387501,
        "16": 0.058300207576837994
    }
}