{
    "smiles": "C1(=CC=CC=C1)C#C",
    "best_conformer_coordinates": [
        [
            0.6951139795690018,
            -0.1813746782209939,
            0.006215706923502637
        ],
        [
            0.30253397950158134,
            1.0757799450576981,
            -0.4527011905376608
        ],
        [
            -1.0357266267776948,
            1.4196158188949,
            -0.4625565984184478
        ],
        [
            -1.9910485325543845,
            0.5195202404531722,
            -0.017804245879900777
        ],
        [
            -1.604843834430403,
            -0.7306171077608634,
            0.4389442917656172
        ],
        [
            -0.26923420189739744,
            -1.0844687776729858,
            0.45299890611782057
        ],
        [
            2.0653933510166693,
            -0.5389188952455919,
            0.018468784213799494
        ],
        [
            3.226929428611604,
            -0.8419961923325093,
            0.028855891142760697
        ],
        [
            1.0524135152955034,
            1.7727409922756987,
            -0.7980358100597302
        ],
        [
            -1.3365849127942162,
            2.3942908765964366,
            -0.818685822820665
        ],
        [
            -3.036124465169024,
            0.7922097322582274,
            -0.02714955422306229
        ],
        [
            -2.34944889841326,
            -1.432501526569996,
            0.7857248815585235
        ],
        [
            0.03865496358148371,
            -2.05743128470215,
            0.8077921239996166
        ],
        [
            4.2419722544605865,
            -1.106849153614631,
            0.03793263092608527
        ]
    ],
    "best_conformer_elements": [
        6,
        6,
        6,
        6,
        6,
        6,
        6,
        6,
        1,
        1,
        1,
        1,
        1,
        1
    ],
    "best_conformer_energy": -20.097846348909794,
    "ip": 13.564158721261387,
    "ip_corrected": 8.718158721261387,
    "ea": 3.6474988339251806,
    "homo": -0.3882723776833165,
    "lumo": -0.24208905462872446,
    "charges": {
        "1": 0.038594182828576296,
        "2": -0.02847265103156202,
        "3": -0.028312788942286317,
        "4": -0.029173644538026275,
        "5": -0.028312784676446143,
        "6": -0.02847266234351823,
        "7": -0.02262790881702599,
        "8": -0.10039716573434798,
        "9": 0.032342328160072896,
        "10": 0.0291603218554643,
        "11": 0.02904637596733361,
        "12": 0.029160325820446094,
        "13": 0.03234232670736809,
        "14": 0.0751237447439254
    },
    "dipole": [
        -0.09478965045669752,
        0.02473331805254394,
        -0.0008476633364698586
    ],
    "global_electrophilicity": 0.7127557361764009,
    "global_nucleophilicity": -8.718158721261387,
    "fukui_electrophilicity": {
        "1": 0.08622947695367057,
        "2": 0.03765211428071856,
        "3": 0.03151022910745942,
        "4": 0.07855520801538866,
        "5": 0.03151503584614459,
        "6": 0.037644846133050476,
        "7": 0.05899467662371721,
        "8": 0.10838334764063101,
        "9": 0.07982744291372729,
        "10": 0.08481755671020136,
        "11": 0.09528984111715363,
        "12": 0.08481739431631341,
        "13": 0.0798277737461324,
        "14": 0.10493505659567044
    },
    "fukui_nucleophilicity": {
        "1": 0.07049650716372255,
        "2": 0.03947483511383462,
        "3": 0.03474267429766661,
        "4": 0.07353583180315341,
        "5": 0.03473969561677284,
        "6": 0.03947935972875099,
        "7": 0.07983918967131644,
        "8": 0.11857030540517244,
        "9": 0.0750670208520281,
        "10": 0.08129147636478885,
        "11": 0.0893222034262284,
        "12": 0.08129155421685344,
        "13": 0.0750668377243777,
        "14": 0.10708250864366635
    },
    "fukui_radical": {
        "1": 0.07836299205869657,
        "2": 0.03856347469727659,
        "3": 0.03312645170256301,
        "4": 0.07604551990927104,
        "5": 0.03312736573145872,
        "6": 0.03856210293090073,
        "7": 0.06941693314751682,
        "8": 0.11347682652290172,
        "9": 0.07744723188287769,
        "10": 0.0830545165374951,
        "11": 0.09230602227169102,
        "12": 0.08305447426658341,
        "13": 0.07744730573525505,
        "14": 0.1060087826196684
    }
}