{
    "smiles": "C1(\\C=C/C(=O)O1)=O",
    "best_conformer_coordinates": [
        [
            1.1377763581438005,
            -0.6014204070441168,
            0.03408133023105156
        ],
        [
            0.6453566796479693,
            0.806646926371985,
            0.016714281938018462
        ],
        [
            -0.6830308261760814,
            0.7749896513378439,
            -0.02140340911363915
        ],
        [
            -1.1080736442353694,
            -0.6546979177550357,
            -0.030363541686224755
        ],
        [
            -2.2021296793969003,
            -1.1185349982954271,
            -0.060759470298370755
        ],
        [
            0.033801155899680094,
            -1.4152084937425151,
            0.004198328853294705
        ],
        [
            2.252895010154286,
            -1.0120680657969308,
            0.06707657250953815
        ],
        [
            1.318095506265075,
            1.6424696402523287,
            0.034149241798738926
        ],
        [
            -1.3946905550107143,
            1.577823664671829,
            -0.04369333423243108
        ]
    ],
    "best_conformer_elements": [
        6,
        6,
        6,
        6,
        8,
        8,
        8,
        1,
        1
    ],
    "best_conformer_energy": -21.75657545380571,
    "ip": 15.900855244674883,
    "ip_corrected": 11.054855244674883,
    "ea": 6.4600484955810265,
    "homo": -0.4623846187390643,
    "lumo": -0.36195671027018583,
    "charges": {
        "1": 0.3618983767386159,
        "2": -0.04883199016883041,
        "3": -0.04884626191408869,
        "4": 0.36184644171482416,
        "5": -0.29409161386203325,
        "6": -0.2360449865140959,
        "7": -0.2943149237895323,
        "8": 0.09919244953987831,
        "9": 0.0991925082552814
    },
    "dipole": [
        -0.0393786112362689,
        1.6093963003394822,
        -0.004801424176943119
    ],
    "global_electrophilicity": 2.125098074845078,
    "global_nucleophilicity": -11.054855244674883,
    "fukui_electrophilicity": {
        "1": 0.0555194489910289,
        "2": 0.07775218586027596,
        "3": 0.07769247809885255,
        "4": 0.05558086859615191,
        "5": 0.20688211178795884,
        "6": 0.09351437065519602,
        "7": 0.2068088594775357,
        "8": 0.11312923804449809,
        "9": 0.11312043848853554
    },
    "fukui_nucleophilicity": {
        "1": 0.0320549468426114,
        "2": 0.048209934130482475,
        "3": 0.04819893567516028,
        "4": 0.03201400566173318,
        "5": 0.24394138306993712,
        "6": 0.11631975709613895,
        "7": 0.24418904191762475,
        "8": 0.11751537867669974,
        "9": 0.11755661713724756
    },
    "fukui_radical": {
        "1": 0.04378719791682015,
        "2": 0.06298105999537923,
        "3": 0.06294570688700642,
        "4": 0.043797437128942546,
        "5": 0.22541174742894798,
        "6": 0.10491706387566749,
        "7": 0.22549895069758022,
        "8": 0.11532230836059891,
        "9": 0.11533852781289156
    }
}