{
    "smiles": "C1(C(=C)CC(=O)O1)=O",
    "best_conformer_coordinates": [
        [
            -0.16400017526902363,
            1.1969720901303675,
            0.7058130201217576
        ],
        [
            0.5652958072878054,
            0.10113945324994275,
            0.016830188344224315
        ],
        [
            1.8862902543254318,
            0.0733489944734371,
            -0.09691881904454452
        ],
        [
            -0.46264626216987736,
            -0.8657701957620206,
            -0.46754876076274127
        ],
        [
            -1.7704122703305785,
            -0.24353675496295996,
            -0.01027826520030633
        ],
        [
            -2.8735703083506907,
            -0.6558698453113114,
            -0.1677016365741787
        ],
        [
            -1.5097115025826653,
            0.9243286441828992,
            0.6472743936317469
        ],
        [
            0.2720206645041163,
            2.1695062820806874,
            1.237205214683708
        ],
        [
            2.4026977436392984,
            -0.7268475026300906,
            -0.5988335875890751
        ],
        [
            2.479438570575324,
            0.8692247043343507,
            0.3204776184827873
        ],
        [
            -0.35651204824431204,
            -1.861804215402001,
            -0.03297157030481637
        ],
        [
            -0.468890473384797,
            -0.9806916490915116,
            -1.5533478063721324
        ]
    ],
    "best_conformer_elements": [
        6,
        6,
        6,
        6,
        6,
        8,
        8,
        8,
        1,
        1,
        1,
        1
    ],
    "best_conformer_energy": -24.930818334095402,
    "ip": 15.251175084186231,
    "ip_corrected": 10.405175084186231,
    "ea": 5.431962362418074,
    "homo": -0.44789837726587506,
    "lumo": -0.3172423209341109,
    "charges": {
        "1": 0.3523835408283412,
        "2": -0.018465375188801342,
        "3": -0.06718315826346791,
        "4": -0.10434651747913012,
        "5": 0.36102017715922946,
        "6": -0.32604813913381137,
        "7": -0.23521524308125585,
        "8": -0.3235694811959378,
        "9": 0.07599646098375559,
        "10": 0.08779407715412935,
        "11": 0.0988168500190903,
        "12": 0.09881680819785305
    },
    "dipole": [
        1.490017667438629,
        -1.1589770683172094,
        -0.781805416652306
    ],
    "global_electrophilicity": 1.5378664485791116,
    "global_nucleophilicity": -10.405175084186231,
    "fukui_electrophilicity": {
        "1": 0.07045201087711223,
        "2": 0.059894051133990475,
        "3": 0.0741656663016966,
        "4": -0.019415295754537723,
        "5": 0.047314052605867074,
        "6": 0.15460672184726115,
        "7": 0.08039303199893588,
        "8": 0.1911105619573698,
        "9": 0.10539020684129044,
        "10": 0.09106678775970069,
        "11": 0.0725111109436574,
        "12": 0.07251109348765009
    },
    "fukui_nucleophilicity": {
        "1": 0.025127182712570084,
        "2": 0.048123624857150035,
        "3": 0.0314549480544172,
        "4": 0.011574775345806337,
        "5": 0.018337398979262287,
        "6": 0.19836112080133678,
        "7": 0.10422471410307926,
        "8": 0.1993923707885979,
        "9": 0.11047211797986145,
        "10": 0.09181495040454421,
        "11": 0.0805582176219167,
        "12": 0.08055857835145658
    },
    "fukui_radical": {
        "1": 0.047789596794841155,
        "2": 0.054008837995570255,
        "3": 0.0528103071780569,
        "4": -0.003920260204365693,
        "5": 0.03282572579256468,
        "6": 0.17648392132429896,
        "7": 0.09230887305100757,
        "8": 0.19525146637298385,
        "9": 0.10793116241057595,
        "10": 0.09144086908212244,
        "11": 0.07653466428278705,
        "12": 0.07653483591955333
    }
}