{
    "smiles": "C1(OC=CO1)=O",
    "best_conformer_coordinates": [
        [
            1.2845118260976205,
            -0.08378570194653899,
            -0.0027544804768615174
        ],
        [
            0.5653315054234156,
            1.0662017686111231,
            0.010794085872507896
        ],
        [
            -0.7542732287720576,
            0.7178833868236829,
            0.008894165894246417
        ],
        [
            -0.841166701923747,
            -0.6138166969805173,
            -0.005475253038197109
        ],
        [
            0.4219876598083599,
            -1.1306018239176776,
            -0.012909608258187594
        ],
        [
            2.467627665630693,
            -0.16095777360997016,
            -0.0052876613293010525
        ],
        [
            -1.4806898364334988,
            1.5020621124128954,
            0.018470791822169902
        ],
        [
            -1.6633288951225649,
            -1.296985276684774,
            -0.0117320404863806
        ]
    ],
    "best_conformer_elements": [
        6,
        8,
        6,
        6,
        8,
        8,
        1,
        1
    ],
    "best_conformer_energy": -19.64628567745688,
    "ip": 15.522350626840447,
    "ip_corrected": 10.676350626840447,
    "ea": 3.0134683000704503,
    "homo": -0.43667300217633004,
    "lumo": -0.2527557129693276,
    "charges": {
        "1": 0.473327524335617,
        "2": -0.21601077801768132,
        "3": 0.06955078722856389,
        "4": 0.06955099942440868,
        "5": -0.21601015238802546,
        "6": -0.37228069911721207,
        "7": 0.09593619336432851,
        "8": 0.09593612517000222
    },
    "dipole": [
        -2.007382661626527,
        0.13096781520636444,
        0.004299117467198683
    ],
    "global_electrophilicity": 0.7815759550775884,
    "global_nucleophilicity": -10.676350626840447,
    "fukui_electrophilicity": {
        "1": 0.05844291407604563,
        "2": 0.13024495894042842,
        "3": 0.10011460173934397,
        "4": 0.10011354275494481,
        "5": 0.1302437026854648,
        "6": 0.1949099675317688,
        "7": 0.14296521582061475,
        "8": 0.14296509645137934
    },
    "fukui_nucleophilicity": {
        "1": 0.005315175437830666,
        "2": 0.1607799310781149,
        "3": 0.08382334907358949,
        "4": 0.08382366350333403,
        "5": 0.16077986434467062,
        "6": 0.2537575651617039,
        "7": 0.1258602564455924,
        "8": 0.12586019495516382
    },
    "fukui_radical": {
        "1": 0.031879044756938146,
        "2": 0.14551244500927166,
        "3": 0.09196897540646673,
        "4": 0.09196860312913942,
        "5": 0.14551178351506772,
        "6": 0.22433376634673635,
        "7": 0.13441273613310356,
        "8": 0.13441264570327158
    }
}