{
    "smiles": "C1=CC2CCC1C2",
    "best_conformer_coordinates": [
        [
            1.0445881336471707,
            -0.4140218036692462,
            1.1462630406865637
        ],
        [
            1.5408742429068696,
            0.39310161091371476,
            0.2183385908191738
        ],
        [
            0.5810732479393387,
            0.3901059917219481,
            -0.9435005696577466
        ],
        [
            -0.6676900770425456,
            1.1588249684854366,
            -0.44967263003599656
        ],
        [
            -1.2440099706227323,
            0.221541096971703,
            0.6278924815299229
        ],
        [
            -0.2534523299084519,
            -0.9671044799820889,
            0.6168407493233962
        ],
        [
            0.07051060861035482,
            -1.05280289358556,
            -0.8780340277117781
        ],
        [
            1.4238280982662423,
            -0.6086669123074351,
            2.132994229461212
        ],
        [
            2.4192826473942604,
            1.0102669189569629,
            0.27175730958986466
        ],
        [
            0.9761900517311719,
            0.7406005678848343,
            -1.8940969040903133
        ],
        [
            -0.40078426323886107,
            2.1368122263452727,
            -0.051145503991551
        ],
        [
            -1.3714561869610038,
            1.3035880351260203,
            -1.2690470782147056
        ],
        [
            -2.245690043983813,
            -0.11820092913138226,
            0.36553784918090265
        ],
        [
            -1.288633891071066,
            0.6928796773979982,
            1.6088972296399937
        ],
        [
            -0.6264518714294016,
            -1.865816830481079,
            1.1024172162271018
        ],
        [
            -0.8022049018566152,
            -1.2349843936946892,
            -1.5032578457784276
        ],
        [
            0.8440265056190469,
            -1.7861228456606635,
            -1.102184142269353
        ]
    ],
    "best_conformer_elements": [
        6,
        6,
        6,
        6,
        6,
        6,
        6,
        1,
        1,
        1,
        1,
        1,
        1,
        1,
        1,
        1,
        1
    ],
    "best_conformer_energy": -20.067731505952445,
    "ip": 13.63362819887834,
    "ip_corrected": 8.78762819887834,
    "ea": 1.6254427836580516,
    "homo": -0.38272200990471866,
    "lumo": -0.19731058637396026,
    "charges": {
        "1": -0.041365821179667916,
        "2": -0.04136515497891484,
        "3": -0.016016261908726744,
        "4": -0.05695502831652175,
        "5": -0.05695506376501423,
        "6": -0.016016256765857315,
        "7": -0.05788197090495342,
        "8": 0.025204833412282412,
        "9": 0.025204672106378796,
        "10": 0.024543115266091316,
        "11": 0.029793921255352955,
        "12": 0.03244096732957396,
        "13": 0.03244097557312072,
        "14": 0.029793917813020543,
        "15": 0.024543087556169293,
        "16": 0.03247080680679173,
        "17": 0.030119260700865107
    },
    "dipole": [
        -0.15994836326327785,
        0.04024742994132247,
        -0.05054007536450279
    ],
    "global_electrophilicity": 0.3226161806815979,
    "global_nucleophilicity": -8.78762819887834,
    "fukui_electrophilicity": {
        "1": 0.1492265687737823,
        "2": 0.14922713503501983,
        "3": -0.007942793147082614,
        "4": -0.014626689257501498,
        "5": -0.01462671423535987,
        "6": -0.007942813929897756,
        "7": -0.011895046485307703,
        "8": 0.13083476553929335,
        "9": 0.13083468375048543,
        "10": 0.07911826314910703,
        "11": 0.03995731183719198,
        "12": 0.0695658230916035,
        "13": 0.06956580826188614,
        "14": 0.03995730324486181,
        "15": 0.07911825937273372,
        "16": 0.0745891130417422,
        "17": 0.04503902195742317
    },
    "fukui_nucleophilicity": {
        "1": 0.07313455463945484,
        "2": 0.07313430401329543,
        "3": 0.010236002619913302,
        "4": -0.0028840718699926146,
        "5": -0.0028839510072150715,
        "6": 0.010235951613675937,
        "7": 0.00017056385259989204,
        "8": 0.09770533848577218,
        "9": 0.09770537087373105,
        "10": 0.08210735380156162,
        "11": 0.0760471786101782,
        "12": 0.0934515554048801,
        "13": 0.09345161613242342,
        "14": 0.07604713050615941,
        "15": 0.08210734280150148,
        "16": 0.07408218078399395,
        "17": 0.06615157874245381
    },
    "fukui_radical": {
        "1": 0.11118056170661857,
        "2": 0.11118071952415762,
        "3": 0.0011466047364153444,
        "4": -0.008755380563747056,
        "5": -0.00875533262128747,
        "6": 0.0011465688418890903,
        "7": -0.0058622413163539056,
        "8": 0.11427005201253276,
        "9": 0.11427002731210822,
        "10": 0.08061280847533432,
        "11": 0.05800224522368509,
        "12": 0.0815086892482418,
        "13": 0.08150871219715479,
        "14": 0.05800221687551061,
        "15": 0.0806128010871176,
        "16": 0.07433564691286808,
        "17": 0.055595300349938495
    }
}