{
    "smiles": "C1=CCOC1",
    "best_conformer_coordinates": [
        [
            -0.5450152832794476,
            0.9739995328766825,
            -0.009459568679736937
        ],
        [
            0.7651054721093086,
            0.8121978096631853,
            0.027461311178515916
        ],
        [
            1.0900780645980788,
            -0.6493202105807909,
            0.027370865001529746
        ],
        [
            -0.16229239184527183,
            -1.3171240185948154,
            -0.013273282940151957
        ],
        [
            -1.215015167238308,
            -0.36463822446011396,
            -0.03758961730058904
        ],
        [
            -1.1041752625883507,
            1.8902884437896332,
            -0.019704725739999235
        ],
        [
            1.5299230587178996,
            1.5649737838339721,
            0.054527527366384825
        ],
        [
            1.6385534474915138,
            -0.9500019524387039,
            0.9316265092430004
        ],
        [
            1.6901182408501787,
            -0.9384261019497948,
            -0.8474334941749818
        ],
        [
            -1.8694235051466774,
            -0.5167623350829739,
            0.8327672084671459
        ],
        [
            -1.8178566736689254,
            -0.5051867270562603,
            -0.9462927218376042
        ]
    ],
    "best_conformer_elements": [
        6,
        6,
        6,
        8,
        6,
        1,
        1,
        1,
        1,
        1,
        1
    ],
    "best_conformer_energy": -15.652000404964317,
    "ip": 13.437900796071977,
    "ip_corrected": 8.591900796071977,
    "ea": 1.8967062491780375,
    "homo": -0.3790249862002765,
    "lumo": -0.2147168306846885,
    "charges": {
        "1": -0.04511974626610154,
        "2": -0.045120580568665185,
        "3": 0.08228486573420302,
        "4": -0.3203090357997627,
        "5": 0.08228485301791408,
        "6": 0.04189843905082685,
        "7": 0.04189846856123043,
        "8": 0.04054570957875561,
        "9": 0.040545661841460155,
        "10": 0.04054570648868134,
        "11": 0.04054565836144692
    },
    "dipole": [
        0.08143695259307358,
        0.6609325291400331,
        0.006660193779070179
    ],
    "global_electrophilicity": 0.344840975274889,
    "global_nucleophilicity": -8.591900796071977,
    "fukui_electrophilicity": {
        "1": 0.158249482451982,
        "2": 0.15824862917063892,
        "3": -0.036573980035126644,
        "4": 0.06300761061462146,
        "5": -0.03657399273095911,
        "6": 0.14198011986076825,
        "7": 0.14198017348807468,
        "8": 0.10242048788217181,
        "9": 0.10242049798284564,
        "10": 0.10242048055312188,
        "11": 0.10242049076185089
    },
    "fukui_nucleophilicity": {
        "1": 0.048681653511994445,
        "2": 0.04868248791216822,
        "3": -0.029999109199880775,
        "4": 0.17816036631508125,
        "5": -0.02999910190874927,
        "6": 0.09240955647871829,
        "7": 0.09240949184591006,
        "8": 0.14991362383857168,
        "9": 0.1499137034559678,
        "10": 0.14991362349862464,
        "11": 0.14991370425160666
    },
    "fukui_radical": {
        "1": 0.10346556798198822,
        "2": 0.10346555854140357,
        "3": -0.03328654461750371,
        "4": 0.12058398846485135,
        "5": -0.03328654731985419,
        "6": 0.11719483816974327,
        "7": 0.11719483266699238,
        "8": 0.12616705586037175,
        "9": 0.12616710071940673,
        "10": 0.12616705202587325,
        "11": 0.12616709750672878
    }
}