{
    "smiles": "c1ccc(P2OCCO2)cc1",
    "best_conformer_coordinates": [
        [
            2.7460516102479287,
            -0.7340674000678779,
            0.6428660991543718
        ],
        [
            1.9854074647321793,
            -0.04329015900449855,
            1.5721732508444768
        ],
        [
            0.8451114427906532,
            0.629413199673266,
            1.170331810392871
        ],
        [
            0.45205792712379317,
            0.6020267342920871,
            -0.16165248511456087
        ],
        [
            -1.0534106600418176,
            1.5477934769270905,
            -0.7111747655294244
        ],
        [
            -2.0793727483815374,
            1.1293472435247487,
            0.5130130240184617
        ],
        [
            -2.4811921620618027,
            -0.21910424582485333,
            0.41959708960058834
        ],
        [
            -2.234557804996587,
            -0.6740960980522555,
            -1.0382673357110825
        ],
        [
            -1.6990037677424747,
            0.4270909553451641,
            -1.7376015400884774
        ],
        [
            1.2278024063824273,
            -0.07638002548849199,
            -1.0930027554260395
        ],
        [
            2.3678754651517124,
            -0.7486760167784224,
            -0.6898512143960512
        ],
        [
            3.636348008904021,
            -1.2590204109586045,
            0.9571002962485474
        ],
        [
            2.2833294803777306,
            -0.027568060447307693,
            2.6106974984355347
        ],
        [
            0.2459358112492722,
            1.172772462486634,
            1.88812010574207
        ],
        [
            -1.901004155438294,
            -0.8365882408060142,
            1.11368136294684
        ],
        [
            -3.5381151237991366,
            -0.2661111575365404,
            0.6931117530329992
        ],
        [
            -1.5329635791634502,
            -1.5148945036861412,
            -1.0603707169894818
        ],
        [
            -3.159924851157224,
            -0.9639950282230786,
            -1.5420051878125887
        ],
        [
            0.9255454234705465,
            -0.08064793214294963,
            -2.1313154422685088
        ],
        [
            2.964079817644053,
            -1.283075218690954,
            -1.415450852373021
        ]
    ],
    "best_conformer_elements": [
        6,
        6,
        6,
        6,
        15,
        8,
        6,
        6,
        8,
        6,
        6,
        1,
        1,
        1,
        1,
        1,
        1,
        1,
        1,
        1
    ],
    "best_conformer_energy": -32.41300320830937,
    "ip": 12.939535675723894,
    "ip_corrected": 8.093535675723894,
    "ea": 3.6662138035987573,
    "homo": -0.3805558961306799,
    "lumo": -0.23750146366034358,
    "charges": {
        "1": -0.02840746409224354,
        "2": -0.029406901861102376,
        "3": -0.02833676374841957,
        "4": -0.02076687633393512,
        "5": 0.2188398510619971,
        "6": -0.280022845794512,
        "7": 0.07815241778915749,
        "8": 0.07815437409060724,
        "9": -0.28001772861888663,
        "10": -0.028337831214458688,
        "11": -0.029406302818461252,
        "12": 0.03181144383034871,
        "13": 0.031845200851572254,
        "14": 0.04024824219344467,
        "15": 0.03640817705096764,
        "16": 0.05037218451699991,
        "17": 0.03640277631252344,
        "18": 0.0503766222612769,
        "19": 0.04024573919388004,
        "20": 0.031845685329257016
    },
    "dipole": [
        0.20559104953931875,
        -1.072507417284119,
        0.3693675728514952
    ],
    "global_electrophilicity": 0.644320510518957,
    "global_nucleophilicity": -8.093535675723894,
    "fukui_electrophilicity": {
        "1": 0.06601609273554992,
        "2": 0.03544093506862362,
        "3": 0.03289566362411061,
        "4": 0.02992528937190901,
        "5": 0.29625910552703905,
        "6": 0.0008534590671011588,
        "7": -0.020005806838115425,
        "8": -0.02000236067574923,
        "9": 0.0008636328975057395,
        "10": 0.03290978065154858,
        "11": 0.035429770720183704,
        "12": 0.08758954916276604,
        "13": 0.07951184895243052,
        "14": 0.07103466065354178,
        "15": 0.015677435956805572,
        "16": 0.04469231037841683,
        "17": 0.01566256244174603,
        "18": 0.04469498513185671,
        "19": 0.07104075775734982,
        "20": 0.07951032741538938
    },
    "fukui_nucleophilicity": {
        "1": 0.02294477208621047,
        "2": 0.02466878628919012,
        "3": 0.013600712533342156,
        "4": 0.015029142459386191,
        "5": 0.3680889095593124,
        "6": 0.023782905868121096,
        "7": -0.025210356803106473,
        "8": -0.02520968191521756,
        "9": 0.023769669571622798,
        "10": 0.013600978282160288,
        "11": 0.024669272880101054,
        "12": 0.0783455566825832,
        "13": 0.07033388740560903,
        "14": 0.0532020362050966,
        "15": 0.04241992532102915,
        "16": 0.05501356540346996,
        "17": 0.042397819813431985,
        "18": 0.05501319096944653,
        "19": 0.053206481680742504,
        "20": 0.0703324257073911
    },
    "fukui_radical": {
        "1": 0.0444804324108802,
        "2": 0.03005486067890687,
        "3": 0.023248188078726383,
        "4": 0.0224772159156476,
        "5": 0.3321740075431757,
        "6": 0.012318182467611127,
        "7": -0.02260808182061095,
        "8": -0.022606021295483395,
        "9": 0.012316651234564269,
        "10": 0.023255379466854433,
        "11": 0.03004952180014238,
        "12": 0.08296755292267462,
        "13": 0.07492286817901977,
        "14": 0.06211834842931919,
        "15": 0.029048680638917364,
        "16": 0.049852937890943395,
        "17": 0.029030191127589006,
        "18": 0.04985408805065162,
        "19": 0.06212361971904616,
        "20": 0.07492137656139024
    }
}