{
    "smiles": "c1cc[nH]c1",
    "best_conformer_coordinates": [
        [
            0.2680384559830571,
            1.1549369862522356,
            -0.13900451666136637
        ],
        [
            1.1793102277093102,
            0.0849554441524,
            -0.034869016121895254
        ],
        [
            0.44906147866709284,
            -1.070768106489206,
            -0.05590347438472761
        ],
        [
            -0.8637221147409986,
            -0.7399201644617797,
            -0.16838977453523987
        ],
        [
            -0.9843081004332598,
            0.6122412251587019,
            -0.2197015938250297
        ],
        [
            0.5109830099133638,
            2.1989371261742146,
            -0.15245353437134893
        ],
        [
            2.2454445209163314,
            0.16239678224700224,
            0.04575186662785681
        ],
        [
            0.764911829403216,
            -2.093917647091594,
            0.00041348112914056493
        ],
        [
            -1.6271726279718155,
            -1.3939411555456895,
            -0.2075641034885018
        ],
        [
            -1.9425466741544954,
            1.085079509603718,
            -0.3089810103666819
        ]
    ],
    "best_conformer_elements": [
        6,
        6,
        6,
        7,
        6,
        1,
        1,
        1,
        1,
        1
    ],
    "best_conformer_energy": -14.017147843631307,
    "ip": 13.649681298263506,
    "ip_corrected": 8.803681298263506,
    "ea": 1.2274599097200003,
    "homo": -0.3640236138053227,
    "lumo": -0.17793906471774065,
    "charges": {
        "1": -0.06523881162020918,
        "2": -0.06523879043264832,
        "3": -0.01615331385019079,
        "4": -0.07684859122666732,
        "5": -0.016153279035445084,
        "6": 0.022076402740263557,
        "7": 0.022076389163429692,
        "8": 0.022437454392298252,
        "9": 0.15060509620887494,
        "10": 0.02243744366029422
    },
    "dipole": [
        -0.626665011614196,
        -0.5368416563773535,
        -0.03215559522825909
    ],
    "global_electrophilicity": 0.27054027321075796,
    "global_nucleophilicity": -8.803681298263506,
    "fukui_electrophilicity": {
        "1": 0.05110904910885701,
        "2": 0.051099804587504405,
        "3": 0.09133274239672623,
        "4": 0.11960970581811681,
        "5": 0.09134436411939775,
        "6": 0.1160987105605648,
        "7": 0.1160993042365075,
        "8": 0.1290115016497471,
        "9": 0.10528413184845256,
        "10": 0.1290106856741253
    },
    "fukui_nucleophilicity": {
        "1": 0.06649542142443116,
        "2": 0.06649525253015814,
        "3": 0.10990736410028798,
        "4": 0.06787903072804374,
        "5": 0.10990639964359467,
        "6": 0.11766356757381145,
        "7": 0.11766359017185718,
        "8": 0.12757928516071604,
        "9": 0.08883070818646147,
        "10": 0.12757938048063766
    },
    "fukui_radical": {
        "1": 0.05880223526664408,
        "2": 0.058797528558831275,
        "3": 0.1006200532485071,
        "4": 0.09374436827308028,
        "5": 0.10062538188149621,
        "6": 0.11688113906718813,
        "7": 0.11688144720418234,
        "8": 0.12829539340523155,
        "9": 0.09705742001745701,
        "10": 0.1282950330773815
    }
}