{
    "smiles": "C1CCOC1",
    "best_conformer_coordinates": [
        [
            -1.0053229017326204,
            0.16461965074267174,
            -0.349223375096225
        ],
        [
            -0.22760779566481523,
            -1.0364498400703943,
            0.1835648747052463
        ],
        [
            1.214991429026675,
            -0.5605290608044885,
            0.011822356326797309
        ],
        [
            1.20251203754059,
            0.8503215161223556,
            0.16156706448985547
        ],
        [
            -0.13438677796988335,
            1.3246468575950792,
            0.13336889497313917
        ],
        [
            -1.0345264154529652,
            0.14125851554624116,
            -1.4392714017035402
        ],
        [
            -2.0216715719503795,
            0.22451316162040458,
            0.032705488980969616
        ],
        [
            -0.42685347335173013,
            -1.9559153313380866,
            -0.361692760104045
        ],
        [
            -0.45159787135579926,
            -1.1921269897278823,
            1.2395934585956534
        ],
        [
            1.5903058735209439,
            -0.8092646324614209,
            -0.9910044941975019
        ],
        [
            1.8981525456708097,
            -0.9827632968487627,
            0.7538371835334046
        ],
        [
            -0.42447495433234933,
            1.6336412989120437,
            1.147648681714432
        ],
        [
            -0.17952013982372214,
            2.1980481560039675,
            -0.5229159775099
        ]
    ],
    "best_conformer_elements": [
        6,
        6,
        6,
        8,
        6,
        1,
        1,
        1,
        1,
        1,
        1,
        1,
        1
    ],
    "best_conformer_energy": -16.706905990989085,
    "ip": 13.846197482712656,
    "ip_corrected": 9.000197482712656,
    "ea": -3.785403686613411,
    "homo": -0.3864051318386286,
    "lumo": 0.018908655751182994,
    "charges": {
        "1": -0.061831232761746166,
        "2": -0.061831246762687,
        "3": 0.08087316689540168,
        "4": -0.3261045040873941,
        "5": 0.08087323632575366,
        "6": 0.04114341896659281,
        "7": 0.037587219998757776,
        "8": 0.03758724926757407,
        "9": 0.04114333445607854,
        "10": 0.02789740171245894,
        "11": 0.03738229204410669,
        "12": 0.02789718041169258,
        "13": 0.037382483533401005
    },
    "dipole": [
        -0.64596983476348,
        -0.45677872946631753,
        -0.08679039856569654
    ],
    "global_electrophilicity": 0.0009642407312807486,
    "global_nucleophilicity": -9.000197482712656,
    "fukui_electrophilicity": {
        "1": -0.00992050695924393,
        "2": -0.009920555020458882,
        "3": 0.026845792192191173,
        "4": 0.18517614181122422,
        "5": 0.026845487944516036,
        "6": 0.07326304843619445,
        "7": 0.11348553431667856,
        "8": 0.11348533144731382,
        "9": 0.07326302954675187,
        "10": 0.09940976208400987,
        "11": 0.10432861625186217,
        "12": 0.09940963979159906,
        "13": 0.10432867815736022
    },
    "fukui_nucleophilicity": {
        "1": -0.0190814386832769,
        "2": -0.019081162483895006,
        "3": -0.028395431437453926,
        "4": 0.22531845285478447,
        "5": -0.028395785491959882,
        "6": 0.0680964950508277,
        "7": 0.07292210034793684,
        "8": 0.07292225876609912,
        "9": 0.06809691367926425,
        "10": 0.16128142745452692,
        "11": 0.13251776842101592,
        "12": 0.16128133601715594,
        "13": 0.13251706550497835
    },
    "fukui_radical": {
        "1": -0.014500972821260415,
        "2": -0.014500858752176944,
        "3": -0.0007748196226313765,
        "4": 0.20524729733300434,
        "5": -0.0007751487737219231,
        "6": 0.07067977174351107,
        "7": 0.0932038173323077,
        "8": 0.09320379510670646,
        "9": 0.07067997161300807,
        "10": 0.13034559476926838,
        "11": 0.11842319233643904,
        "12": 0.1303454879043775,
        "13": 0.11842287183116929
    }
}