{
    "smiles": "C1CCOCOC1",
    "best_conformer_coordinates": [
        [
            -1.401899937465123,
            -0.10548146263058876,
            0.06578950238309178
        ],
        [
            -0.7668194117968582,
            1.1809668309579056,
            -0.46685261631604885
        ],
        [
            0.7402540474841703,
            1.291226564888441,
            -0.16123488634836275
        ],
        [
            1.1659445321590476,
            0.584967508041456,
            0.9860663161209189
        ],
        [
            1.4654346415991097,
            -0.7591075612622823,
            0.7795658596748551
        ],
        [
            0.37665890613817643,
            -1.627437360134924,
            0.7768583477793335
        ],
        [
            -0.5869381648308647,
            -1.3688056759557898,
            -0.22696789708709683
        ],
        [
            -1.5084398294239694,
            -0.03675995854301914,
            1.1499279602893289
        ],
        [
            -2.3981172183803974,
            -0.208034189134366,
            -0.3674940229983123
        ],
        [
            -0.8999954051729194,
            1.2373098299353023,
            -1.5491946065114217
        ],
        [
            -1.293101859041018,
            2.026519520427384,
            -0.02185787202850771
        ],
        [
            1.0043479870288847,
            2.335186329097964,
            0.028026778004207286
        ],
        [
            1.3226715616327736,
            0.9443371204980525,
            -1.0280813071053485
        ],
        [
            2.0828766341424743,
            -1.0730514704790461,
            1.6264071962634936
        ],
        [
            2.03759706219852,
            -0.870565390722579,
            -0.1668013383429386
        ],
        [
            -0.10389269245852369,
            -1.304317055260855,
            -1.2136325213862202
        ],
        [
            -1.2365808326462662,
            -2.2469535903066684,
            -0.21052488709906741
        ]
    ],
    "best_conformer_elements": [
        6,
        6,
        6,
        8,
        6,
        8,
        6,
        1,
        1,
        1,
        1,
        1,
        1,
        1,
        1,
        1,
        1
    ],
    "best_conformer_energy": -23.935159043772252,
    "ip": 14.026952631102322,
    "ip_corrected": 9.180952631102322,
    "ea": -3.5351823464091923,
    "homo": -0.4083741201360295,
    "lumo": 0.01942561757271853,
    "charges": {
        "1": -0.06297196833267397,
        "2": -0.0672060238115493,
        "3": 0.08264057261487012,
        "4": -0.3178823730976439,
        "5": 0.22590760145679345,
        "6": -0.3235191374718301,
        "7": 0.0838205913054316,
        "8": 0.06115536290786606,
        "9": 0.03623147066299105,
        "10": 0.03510124665836957,
        "11": 0.04407144592166141,
        "12": 0.04961254583926791,
        "13": 0.0197837915852683,
        "14": 0.05964629098235357,
        "15": 0.0006068422421137693,
        "16": 0.02243521852592021,
        "17": 0.050566522010791044
    },
    "dipole": [
        -0.19143516814913283,
        0.2805080634969363,
        -0.9180616963027598
    ],
    "global_electrophilicity": 0.004552639165861569,
    "global_nucleophilicity": -9.180952631102322,
    "fukui_electrophilicity": {
        "1": -0.0063458587100791025,
        "2": -0.009542564676609966,
        "3": 0.02167227833211484,
        "4": 0.12647488470982332,
        "5": -0.013860996068063292,
        "6": 0.08729995590712603,
        "7": -0.005228421990762816,
        "8": 0.05495091365563422,
        "9": 0.08881749170727843,
        "10": 0.09099215391950272,
        "11": 0.066787628932651,
        "12": 0.09533977073305744,
        "13": 0.09001832099316753,
        "14": 0.10056546068033086,
        "15": 0.07932225487679202,
        "16": 0.05794022854295902,
        "17": 0.07479649845510424
    },
    "fukui_nucleophilicity": {
        "1": 0.00244247516666022,
        "2": 0.0007649483615859154,
        "3": -0.012857860939366389,
        "4": 0.12063264790777972,
        "5": -0.03507570099237711,
        "6": 0.15106661437415048,
        "7": -0.01236609783802034,
        "8": 0.05908098830999655,
        "9": 0.08430073509230734,
        "10": 0.06713559825021422,
        "11": 0.10015285417136036,
        "12": 0.0780054164199078,
        "13": 0.07305390629020485,
        "14": 0.0844479338976985,
        "15": 0.07263784282540484,
        "16": 0.08296846491494084,
        "17": 0.0836092337874722
    },
    "fukui_radical": {
        "1": -0.0019516917717094413,
        "2": -0.004388808157512025,
        "3": 0.004407208696374225,
        "4": 0.12355376630880152,
        "5": -0.024468348530220202,
        "6": 0.11918328514063825,
        "7": -0.008797259914391578,
        "8": 0.05701595098281538,
        "9": 0.08655911339979289,
        "10": 0.07906387608485846,
        "11": 0.08347024155200566,
        "12": 0.08667259357648262,
        "13": 0.0815361136416862,
        "14": 0.09250669728901469,
        "15": 0.07598004885109844,
        "16": 0.07045434672894993,
        "17": 0.07920286612128821
    }
}