{
    "smiles": "C1CO1",
    "best_conformer_coordinates": [
        [
            0.7278427116975661,
            0.07219001261366659,
            -0.02801394923540175
        ],
        [
            -0.7278439542293293,
            -0.05781850817325362,
            -0.05149167037450955
        ],
        [
            1.7635184823658378e-05,
            -0.2041337442604001,
            1.129302701030026
        ],
        [
            1.1758440499193363,
            1.0580690827448729,
            -0.07990361621868425
        ],
        [
            1.3416831903818809,
            -0.7383566838284901,
            -0.40439353854037263
        ],
        [
            -1.1758522462329448,
            -0.9631466274901731,
            -0.44522361491268325
        ],
        [
            -1.341691386721329,
            0.8331964631020368,
            -0.1202763117483733
        ]
    ],
    "best_conformer_elements": [
        6,
        6,
        8,
        1,
        1,
        1,
        1
    ],
    "best_conformer_energy": -10.346581357231791,
    "ip": 15.542459983549943,
    "ip_corrected": 10.696459983549943,
    "ea": -1.7862095924964998,
    "homo": -0.42261928680722743,
    "lumo": -0.08749958921309807,
    "charges": {
        "1": 0.0670977341784917,
        "2": 0.06709773440065124,
        "3": -0.3145650442962014,
        "4": 0.045090693863737014,
        "5": 0.04509409394146151,
        "6": 0.04509069385078095,
        "7": 0.04509409406107243
    },
    "dipole": [
        -1.2897553198853302e-05,
        0.14929169386684354,
        -0.8259071246259
    ],
    "global_electrophilicity": 0.11915319846604966,
    "global_nucleophilicity": -10.696459983549943,
    "fukui_electrophilicity": {
        "1": 0.07245770775256752,
        "2": 0.07245770792994391,
        "3": 0.2265345702047517,
        "4": 0.15712654706109283,
        "5": 0.15714846007513977,
        "6": 0.15712654684277758,
        "7": 0.1571484601337259
    },
    "fukui_nucleophilicity": {
        "1": -0.00933443400685146,
        "2": -0.009334513763080435,
        "3": 0.3407788936773729,
        "4": 0.16946767944766367,
        "5": 0.16947736476550268,
        "6": 0.1694676625599168,
        "7": 0.16947734733005854
    },
    "fukui_radical": {
        "1": 0.031561636872858026,
        "2": 0.03156159708343173,
        "3": 0.28365673194106233,
        "4": 0.16329711325437823,
        "5": 0.16331291242032123,
        "6": 0.16329710470134717,
        "7": 0.16331290373189222
    }
}