{
    "smiles": "C1COCOCCO1",
    "best_conformer_coordinates": [
        [
            1.7032389965858314,
            0.2406138112721105,
            -0.1426441577487541
        ],
        [
            1.1682397797228858,
            -1.1937384923237608,
            -0.2913992579198448
        ],
        [
            0.2990041796530731,
            -1.6038116998076146,
            0.7452973067346398
        ],
        [
            -1.066411787952762,
            -1.4074450798941889,
            0.5575052659801705
        ],
        [
            -1.5587986271976368,
            -0.14489354613598568,
            0.8758644586137256
        ],
        [
            -1.4539080740537351,
            0.8659040158373544,
            -0.10694015191833597
        ],
        [
            -0.17630415800043342,
            1.7168768786229651,
            -0.010072657306797345
        ],
        [
            0.917036163307731,
            1.2351688166521648,
            -0.7539403628995828
        ],
        [
            2.6709946443333132,
            0.3008628993368771,
            -0.6482783926921748
        ],
        [
            1.8410082436687871,
            0.4540832780986743,
            0.9256738290680773
        ],
        [
            0.6834705219720013,
            -1.30326286081985,
            -1.2708983641972325
        ],
        [
            2.0155337562952607,
            -1.8832422543597334,
            -0.23588813888495014
        ],
        [
            -1.349559723783401,
            -1.675184990528811,
            -0.48074323200200314
        ],
        [
            -1.5511124177105267,
            -2.088132510643672,
            1.2659122520740438
        ],
        [
            -2.3144174070196537,
            1.517838799021907,
            0.06867766107191205
        ],
        [
            -1.5316757784137174,
            0.43699100624616194,
            -1.1151040047034604
        ],
        [
            0.0910236161038148,
            1.8280235805082297,
            1.0491914422940911
        ],
        [
            -0.38736193280302056,
            2.70334834891741,
            -0.4322134955634548
        ]
    ],
    "best_conformer_elements": [
        6,
        6,
        8,
        6,
        8,
        6,
        6,
        8,
        1,
        1,
        1,
        1,
        1,
        1,
        1,
        1,
        1,
        1
    ],
    "best_conformer_energy": -27.991368595793354,
    "ip": 13.682315265269407,
    "ip_corrected": 8.836315265269407,
    "ea": -2.8757898518456475,
    "homo": -0.39905843360026905,
    "lumo": 0.007056357626683234,
    "charges": {
        "1": 0.07058416123788326,
        "2": 0.07056290730659838,
        "3": -0.32050311603436843,
        "4": 0.22628496976483362,
        "5": -0.32045756495401695,
        "6": 0.07053574679951953,
        "7": 0.07060033616970812,
        "8": -0.3144076960577025,
        "9": 0.052915382109063804,
        "10": 0.044456830181479466,
        "11": 0.038052400935456865,
        "12": 0.05325524770303675,
        "13": 0.006276167688801566,
        "14": 0.06314009841826744,
        "15": 0.05327599272066658,
        "16": 0.038072752200951944,
        "17": 0.04445421189231188,
        "18": 0.05290117191750936
    },
    "dipole": [
        -0.02645299464861423,
        0.009034305295453859,
        -0.4786504760979869
    ],
    "global_electrophilicity": 0.009377332795491904,
    "global_nucleophilicity": -8.836315265269407,
    "fukui_electrophilicity": {
        "1": -0.005305092680620488,
        "2": -0.0010052861402223001,
        "3": 0.08565009362578813,
        "4": -0.006955374991138991,
        "5": 0.08570561550248423,
        "6": -0.0009513489512338602,
        "7": -0.005359064539492309,
        "8": 0.09186714271001112,
        "9": 0.0836992850361231,
        "10": 0.06770537448732297,
        "11": 0.06437750128328729,
        "12": 0.08043964620795101,
        "13": 0.07133878236874738,
        "14": 0.09257331654512904,
        "15": 0.08040783826668088,
        "16": 0.06436819720277334,
        "17": 0.06770796721486891,
        "18": 0.0837354068515324
    },
    "fukui_nucleophilicity": {
        "1": -0.01176966436703112,
        "2": -0.006169180497156326,
        "3": 0.10357812292261753,
        "4": -0.03285297470024939,
        "5": 0.10356131770101107,
        "6": -0.006159800134175622,
        "7": -0.011773063569934836,
        "8": 0.15115265023275282,
        "9": 0.08653827110282472,
        "10": 0.06456663795788847,
        "11": 0.058745909310555164,
        "12": 0.07519919567876673,
        "13": 0.06074666149355217,
        "14": 0.07960174827831705,
        "15": 0.07518679546624277,
        "16": 0.05873474287712153,
        "17": 0.06454957326983557,
        "18": 0.08656305700374321
    },
    "fukui_radical": {
        "1": -0.008537378523825804,
        "2": -0.0035872333186893132,
        "3": 0.09461410827420283,
        "4": -0.019904174845694192,
        "5": 0.09463346660174765,
        "6": -0.003555574542704741,
        "7": -0.008566064054713572,
        "8": 0.12150989647138197,
        "9": 0.0851187780694739,
        "10": 0.06613600622260572,
        "11": 0.061561705296921225,
        "12": 0.07781942094335886,
        "13": 0.06604272193114977,
        "14": 0.08608753241172305,
        "15": 0.07779731686646182,
        "16": 0.06155147003994744,
        "17": 0.06612877024235225,
        "18": 0.0851492319276378
    }
}