{
    "smiles": "C1COOOC1",
    "best_conformer_coordinates": [
        [
            -0.07984785922415173,
            -0.8063858468733721,
            0.3426722298211555
        ],
        [
            -1.2234667193421316,
            0.045229373269113596,
            -0.22112737875638344
        ],
        [
            -1.0721290126127674,
            1.3916586955645323,
            0.200201492704129
        ],
        [
            0.14646984692094087,
            1.8854114236078876,
            -0.2802713832735691
        ],
        [
            1.2019644934431832,
            1.2410955060599242,
            0.3757904817830893
        ],
        [
            1.2381374648221986,
            -0.11774852610917656,
            -0.031060168665973324
        ],
        [
            -0.1666093870487597,
            -0.8494080192995938,
            1.429450308369886
        ],
        [
            -0.11500807800055228,
            -1.8140957029882878,
            -0.06604579948494181
        ],
        [
            -2.1942264045294677,
            -0.2533867252478342,
            0.17559626093193698
        ],
        [
            -1.2378426605723118,
            -0.0049278091805380776,
            -1.3181219621289149
        ],
        [
            2.0892435937502154,
            -0.5369867177227609,
            0.5063347358211986
        ],
        [
            1.4133147329771445,
            -0.18045565637167849,
            -1.1134188277051689
        ]
    ],
    "best_conformer_elements": [
        6,
        6,
        8,
        8,
        8,
        6,
        1,
        1,
        1,
        1,
        1,
        1
    ],
    "best_conformer_energy": -21.530392610691234,
    "ip": 14.924288424290491,
    "ip_corrected": 10.078288424290491,
    "ea": 0.48514144952588717,
    "homo": -0.4346158318954737,
    "lumo": -0.1622490985804632,
    "charges": {
        "1": -0.07316643521898938,
        "2": 0.08017570037309321,
        "3": -0.17660021424062577,
        "4": -0.07795891163206295,
        "5": -0.17660021421788907,
        "6": 0.08017570024099813,
        "7": 0.06449533221516379,
        "8": 0.04766909943829311,
        "9": 0.06803540571578663,
        "10": 0.04786956574338237,
        "11": 0.0680354060127931,
        "12": 0.04786956557006431
    },
    "dipole": [
        -0.08355892594293983,
        -1.606511580636926,
        -0.29535277910462465
    ],
    "global_electrophilicity": 0.28298940043981446,
    "global_nucleophilicity": -10.078288424290491,
    "fukui_electrophilicity": {
        "1": -0.022176009555466752,
        "2": -0.04184590218973955,
        "3": 0.17841077670750238,
        "4": 0.32051467613512474,
        "5": 0.1784107767493217,
        "6": -0.04184590216691189,
        "7": 0.04665121621106327,
        "8": 0.07522198776242955,
        "9": 0.09039925219970062,
        "10": 0.06292993786466508,
        "11": 0.09039925204845833,
        "12": 0.06292993823386457
    },
    "fukui_nucleophilicity": {
        "1": -0.008225047251185114,
        "2": -0.026157796957335666,
        "3": 0.14025193812387238,
        "4": 0.11148609103265786,
        "5": 0.14025379947563216,
        "6": -0.026156805515418935,
        "7": 0.1190767565803432,
        "8": 0.08211500985009598,
        "9": 0.09827150063584526,
        "10": 0.13540639198470672,
        "11": 0.09827129380550538,
        "12": 0.1354068682352806
    },
    "fukui_radical": {
        "1": -0.015200528403325933,
        "2": -0.03400184957353761,
        "3": 0.15933135741568738,
        "4": 0.21600038358389131,
        "5": 0.15933228811247693,
        "6": -0.03400135384116541,
        "7": 0.08286398639570323,
        "8": 0.07866849880626277,
        "9": 0.09433537641777294,
        "10": 0.0991681649246859,
        "11": 0.09433527292698185,
        "12": 0.09916840323457257
    }
}