{
    "smiles": "C1CS1",
    "best_conformer_coordinates": [
        [
            -0.7398577304890421,
            -0.07190078349611971,
            0.041450377964674205
        ],
        [
            0.7379520778397425,
            -0.09079150527520519,
            -0.03822236396596198
        ],
        [
            0.01825460919563823,
            1.5584616851033701,
            -0.03092180124561652
        ],
        [
            -1.3114239587611283,
            -0.35030419196956336,
            -0.8334965730450545
        ],
        [
            -1.213045503756567,
            -0.3154149158983853,
            0.9830037629288758
        ],
        [
            1.2048710227894983,
            -0.38246978528736186,
            -0.96915687189506
        ],
        [
            1.3032494778900865,
            -0.34758050846851185,
            0.8473434639663635
        ]
    ],
    "best_conformer_elements": [
        6,
        6,
        16,
        1,
        1,
        1,
        1
    ],
    "best_conformer_energy": -9.53496569821958,
    "ip": 13.623358128223586,
    "ip_corrected": 8.777358128223586,
    "ea": 2.9333519331476308,
    "homo": -0.36390675875809664,
    "lumo": -0.22848915091966876,
    "charges": {
        "1": -0.004510809973687364,
        "2": -0.004510809876931199,
        "3": -0.20605357363685878,
        "4": 0.053768798382774444,
        "5": 0.05376879838633117,
        "6": 0.05376879836029682,
        "7": 0.05376879835806873
    },
    "dipole": [
        -0.012560698636976177,
        -1.0723520122713994,
        0.021276785486044177
    ],
    "global_electrophilicity": 0.5510315355148909,
    "global_nucleophilicity": -8.777358128223586,
    "fukui_electrophilicity": {
        "1": -0.008947378623001335,
        "2": -0.008947378602069858,
        "3": 0.5193736858545719,
        "4": 0.12463026783414485,
        "5": 0.12463026785689818,
        "6": 0.12463026784850176,
        "7": 0.12463026783094563
    },
    "fukui_nucleophilicity": {
        "1": -0.06724266027042022,
        "2": -0.06724266027772641,
        "3": 0.7330678675543563,
        "4": 0.10035436322723389,
        "5": 0.10035436324061475,
        "6": 0.10035436326781488,
        "7": 0.10035436325815059
    },
    "fukui_radical": {
        "1": -0.03809501944671078,
        "2": -0.03809501943989813,
        "3": 0.6262207767044641,
        "4": 0.11249231553068936,
        "5": 0.11249231554875647,
        "6": 0.11249231555815833,
        "7": 0.11249231554454811
    }
}