{
    "smiles": "C=C(c1ccccc1)C(F)(F)F",
    "best_conformer_coordinates": [
        [
            -1.8610603944336286,
            -1.7111256519517684,
            0.01665392516941602
        ],
        [
            -1.3837206984923165,
            -0.4743294997133105,
            -0.0802529384964185
        ],
        [
            0.03869964307946976,
            -0.11683462954252362,
            0.020401950736244914
        ],
        [
            0.582495484331184,
            0.9072616735755171,
            -0.7527209554878083
        ],
        [
            1.9260333589549217,
            1.218707530321446,
            -0.6509228263510206
        ],
        [
            2.7413718701234195,
            0.5226043396057671,
            0.22484366225015895
        ],
        [
            2.2068828160488403,
            -0.4921513398362327,
            1.0020176141646244
        ],
        [
            0.8666289565171025,
            -0.8112770383011262,
            0.901637684634724
        ],
        [
            -2.3450537229392685,
            0.6621689303525826,
            -0.33155366920313206
        ],
        [
            -2.017411269470057,
            1.7811152185202044,
            0.33297230672935507
        ],
        [
            -3.6025195338807743,
            0.3667908003826378,
            0.03130926874132493
        ],
        [
            -2.410271500984382,
            1.0038204701213902,
            -1.6348908970110314
        ],
        [
            -2.913887989699131,
            -1.922562431095883,
            -0.05428570364245523
        ],
        [
            -1.2028066447741015,
            -2.549032044066346,
            0.16080582988657732
        ],
        [
            -0.03489233247973425,
            1.4524879341943144,
            -1.449759576804567
        ],
        [
            2.3362085260217285,
            2.0109557806480423,
            -1.2588640215346998
        ],
        [
            3.7887354559017346,
            0.7720245525322522,
            0.30511989953969293
        ],
        [
            2.8361506962932483,
            -1.0335569832120826,
            1.692667759644094
        ],
        [
            0.4484172745901951,
            -1.5870675966597139,
            1.5248206870349645
        ]
    ],
    "best_conformer_elements": [
        6,
        6,
        6,
        6,
        6,
        6,
        6,
        6,
        6,
        9,
        9,
        9,
        1,
        1,
        1,
        1,
        1,
        1,
        1
    ],
    "best_conformer_energy": -37.00925134728708,
    "ip": 14.114206050361267,
    "ip_corrected": 9.268206050361266,
    "ea": 4.709047310767062,
    "homo": -0.41379482817681607,
    "lumo": -0.2781943697985019,
    "charges": {
        "1": -0.07823912702180799,
        "2": -0.019704003320810203,
        "3": 0.013701291363808502,
        "4": -0.028109700425315708,
        "5": -0.024708777593130768,
        "6": -0.02465907117421036,
        "7": -0.025749212961946308,
        "8": -0.03011300638910152,
        "9": 0.4866471051689892,
        "10": -0.20634754765022037,
        "11": -0.20681644461536636,
        "12": -0.21127286740572487,
        "13": 0.07215192353508318,
        "14": 0.07151992227842885,
        "15": 0.04718444065918488,
        "16": 0.04250718573066503,
        "17": 0.040648006697606244,
        "18": 0.040489222333022025,
        "19": 0.04087066079085696
    },
    "dipole": [
        1.0565825571681065,
        -0.9104212255651729,
        0.2210583976373904
    ],
    "global_electrophilicity": 1.10816561226795,
    "global_nucleophilicity": -9.268206050361266,
    "fukui_electrophilicity": {
        "1": 0.07734585221496296,
        "2": 0.07109718856553165,
        "3": 0.047349180068013974,
        "4": 0.03244836369204291,
        "5": 0.025765399916948366,
        "6": 0.06035920634877273,
        "7": 0.02548221563076026,
        "8": 0.02814873830429751,
        "9": 0.004765052200326192,
        "10": 0.032716281985645024,
        "11": 0.03493782375941232,
        "12": 0.03783842863726902,
        "13": 0.098587263935089,
        "14": 0.08598248383939476,
        "15": 0.06121906658009937,
        "16": 0.0713483134712222,
        "17": 0.07957968755872047,
        "18": 0.07044381406805729,
        "19": 0.05458563922344219
    },
    "fukui_nucleophilicity": {
        "1": 0.0549856790156322,
        "2": 0.040541011967631276,
        "3": 0.06633027192967188,
        "4": 0.03702576602150618,
        "5": 0.036555212149821326,
        "6": 0.06856175278484287,
        "7": 0.036306598469279805,
        "8": 0.034576408555272935,
        "9": 0.0016605340985872963,
        "10": 0.02749307606008461,
        "11": 0.04058861635522898,
        "12": 0.030196872822051912,
        "13": 0.0795894863091044,
        "14": 0.06278122505754083,
        "15": 0.07191567026176805,
        "16": 0.07958551210802335,
        "17": 0.08509776729312118,
        "18": 0.07933109978225905,
        "19": 0.06687743953337211
    },
    "fukui_radical": {
        "1": 0.06616576561529758,
        "2": 0.05581910026658147,
        "3": 0.056839725998842926,
        "4": 0.034737064856774545,
        "5": 0.031160306033384846,
        "6": 0.06446047956680781,
        "7": 0.030894407050020032,
        "8": 0.031362573429785226,
        "9": 0.003212793149456744,
        "10": 0.030104679022864816,
        "11": 0.03776322005732065,
        "12": 0.03401765072966047,
        "13": 0.0890883751220967,
        "14": 0.07438185444846779,
        "15": 0.0665673684209337,
        "16": 0.07546691278962277,
        "17": 0.08233872742592083,
        "18": 0.07488745692515816,
        "19": 0.060731539378407154
    }
}