{
    "smiles": "C=C(C)C(=O)OCCCCCCCCCCCCCCCCCC",
    "ip": 12.464734036305734,
    "ip_corrected": 7.618734036305733,
    "ea": 3.9451044367402597,
    "homo": -0.40754017554835875,
    "lumo": -0.26645328804354607,
    "charges": {
        "1": -0.08239649245019294,
        "2": -0.008267734309816185,
        "3": -0.1099189792215082,
        "4": 0.35124920110083,
        "5": -0.4150720519988004,
        "6": -0.2700884796107659,
        "7": 0.07738138820181267,
        "8": -0.06513852058400198,
        "9": -0.06118200570294427,
        "10": -0.05918740647411648,
        "11": -0.06004885153664973,
        "12": -0.05951456996732318,
        "13": -0.05822640614715569,
        "14": -0.058300438422296604,
        "15": -0.05890471718860474,
        "16": -0.05820337462197447,
        "17": -0.05810089582225993,
        "18": -0.058086706233707125,
        "19": -0.05795610766048389,
        "20": -0.057426572520644696,
        "21": -0.0580948303152004,
        "22": -0.058849856880001654,
        "23": -0.05273041221522266,
        "24": -0.1016744214503364,
        "25": 0.05463862754166071,
        "26": 0.061990379589619914,
        "27": 0.06334909462625517,
        "28": 0.04968700511113433,
        "29": 0.06638642384682876,
        "30": 0.05453952599137544,
        "31": 0.050968746393968804,
        "32": 0.053284452451386584,
        "33": 0.04490468158862234,
        "34": 0.03535563354966162,
        "35": 0.032663670861424715,
        "36": 0.035513498843855684,
        "37": 0.03385767690948607,
        "38": 0.031375906915080756,
        "39": 0.029787610322348626,
        "40": 0.03246768699920273,
        "41": 0.029947053274989067,
        "42": 0.029740491517500682,
        "43": 0.028643601683589683,
        "44": 0.029686001405840767,
        "45": 0.028865715426002938,
        "46": 0.03132093008593372,
        "47": 0.029532516377968866,
        "48": 0.02837848490151495,
        "49": 0.02788092206720217,
        "50": 0.02801319837784676,
        "51": 0.027813250573232702,
        "52": 0.028517348131166468,
        "53": 0.03236119525380004,
        "54": 0.03139678021273829,
        "55": 0.02729416100716608,
        "56": 0.02830394375295154,
        "57": 0.0284849713852591,
        "58": 0.02666253468782568,
        "59": 0.03073337188981809,
        "60": 0.033221263398720925,
        "61": 0.029249135415336528,
        "62": 0.027131842728761936,
        "63": 0.0273110832149233,
        "64": 0.031873065661042574,
        "65": 0.0328753228176315,
        "66": 0.03273043524067683
    },
    "dipole": [
        -0.05722447146313208,
        0.3111869308992988,
        0.6666755799180221
    ],
    "global_electrophilicity": 0.6621378491653946,
    "global_nucleophilicity": -7.618734036305733,
    "fukui_electrophilicity": {
        "1": 0.09088079834700945,
        "2": 0.08097437221258172,
        "3": -0.03788775552189516,
        "4": 0.08333476587276867,
        "5": 0.1916537146493732,
        "6": 0.07347960198503606,
        "7": -0.02199609502428876,
        "8": -0.003158581201299339,
        "9": -0.0035137594882383993,
        "10": -0.004397266712906925,
        "11": -0.0014922728291026366,
        "12": -0.0019631791497275036,
        "13": -0.0001197160983972892,
        "14": -0.002007678499357249,
        "15": 0.0002791647346511092,
        "16": -0.0011794040597573052,
        "17": 0.0003329158327403728,
        "18": -0.000674971597228631,
        "19": 0.00028665978418459387,
        "20": -0.0005677925779547024,
        "21": -0.0006472500076781726,
        "22": 0.00017278574303044442,
        "23": -0.0004513387639962646,
        "24": -0.00022339773599086565,
        "25": 0.11756176762948968,
        "26": 0.10312244016807422,
        "27": 0.06186626906278715,
        "28": 0.05904132922971829,
        "29": 0.060201713170982364,
        "30": 0.025189140616252485,
        "31": 0.04770025875693784,
        "32": -0.0012209084681514756,
        "33": 0.01528555453041925,
        "34": 0.009026876786878604,
        "35": 0.014879866544170041,
        "36": 0.0037805039179885994,
        "37": 0.017249188329290212,
        "38": -0.0069721256403499285,
        "39": 0.004854377374070917,
        "40": 0.0024485340316638717,
        "41": 0.007307352812283369,
        "42": -0.0020380003167925,
        "43": 0.001727203518753672,
        "44": 0.004077256781282682,
        "45": 0.0054708677612280016,
        "46": -0.002261402402114261,
        "47": -0.001876630207962797,
        "48": 0.0026751699886507566,
        "49": 0.002756821498839008,
        "50": -0.001069056364990377,
        "51": -0.001110531767641726,
        "52": 0.0017440744414443758,
        "53": 0.0018199528905262566,
        "54": -0.0003103454884827647,
        "55": -0.0009339320636388808,
        "56": 0.001132355084075505,
        "57": 0.0018175787004656233,
        "58": 0.002729507573547632,
        "59": -0.00026280507880734744,
        "60": -0.00235039372079264,
        "61": 0.0006555769972423839,
        "62": 0.002110233437646429,
        "63": 2.7640298863259444e-05,
        "64": 0.001835695813443096,
        "65": 0.0008049432223730738,
        "66": -0.001608239343219478
    },
    "fukui_nucleophilicity": {
        "1": 0.014421043104428752,
        "2": 0.02033460434174386,
        "3": -0.008829815380888867,
        "4": 0.007013185070454397,
        "5": 0.060232909997011086,
        "6": 0.025597714841215646,
        "7": -0.006938871209011682,
        "8": -0.0020121957092147646,
        "9": -0.0033994928830768933,
        "10": -0.002315676035644504,
        "11": -0.001766685411854249,
        "12": -0.0022923346530747193,
        "13": -0.002204329728518105,
        "14": -0.0016558197886662393,
        "15": 0.00018258703918104524,
        "16": -0.0009844686936706232,
        "17": -0.0011557583316169698,
        "18": -0.0017645089173154369,
        "19": -0.0015789862374709918,
        "20": -0.004190479169587924,
        "21": -0.006296694633194953,
        "22": -0.005429144891600783,
        "23": -0.004939790800511747,
        "24": -0.009085030791586707,
        "25": 0.03614719959556156,
        "26": 0.0253130969916111,
        "27": 0.026068519175463836,
        "28": 0.02381674047295186,
        "29": 0.021582662624113416,
        "30": 0.013100165495472167,
        "31": 0.021150998633157385,
        "32": 0.008139049842419581,
        "33": 0.011204006484646707,
        "34": 0.021699812119429458,
        "35": 0.01628886629010675,
        "36": 0.013353991540559197,
        "37": 0.01788485576358776,
        "38": 0.01621037112281879,
        "39": 0.021442333332772033,
        "40": 0.022673197088164967,
        "41": 0.021472072754177375,
        "42": 0.018004297382780587,
        "43": 0.030752214575744702,
        "44": 0.01847530590539668,
        "45": 0.02444873823003133,
        "46": 0.01962040385650462,
        "47": 0.015474658829391932,
        "48": 0.01728610928777817,
        "49": 0.018185236576949877,
        "50": 0.015257220983838544,
        "51": 0.01880781258203744,
        "52": 0.02241697540505021,
        "53": 0.018568012854349225,
        "54": 0.022674296321644784,
        "55": 0.02616733776021066,
        "56": 0.026010695398712487,
        "57": 0.031183549776617234,
        "58": 0.03528147851887098,
        "59": 0.030576986375869912,
        "60": 0.03176731283930325,
        "61": 0.0361362383886349,
        "62": 0.03475988871318517,
        "63": 0.030273395693386634,
        "64": 0.02138561160298863,
        "65": 0.021589606043388263,
        "66": 0.016406715642999233
    },
    "fukui_radical": {
        "1": 0.0526509207257191,
        "2": 0.05065448827716279,
        "3": -0.023358785451392014,
        "4": 0.04517397547161153,
        "5": 0.12594331232319214,
        "6": 0.04953865841312585,
        "7": -0.01446748311665022,
        "8": -0.0025853884552570518,
        "9": -0.0034566261856576463,