{
    "smiles": "C=C(C)C(N)=O",
    "ip": 13.986976950671428,
    "ip_corrected": 9.140976950671428,
    "ea": 3.3156444481398726,
    "homo": -0.3910809164510231,
    "lumo": -0.24609707079699694,
    "charges": {
        "1": -0.0970410049733872,
        "2": -0.0063440374181637504,
        "3": -0.10820795722195538,
        "4": 0.2825807204784714,
        "5": -0.27106691015227585,
        "6": -0.42809261023518946,
        "7": 0.03687774947910567,
        "8": 0.046422413399476684,
        "9": 0.0528698184218041,
        "10": 0.04670834901155859,
        "11": 0.07431374757980867,
        "12": 0.1795682613356036,
        "13": 0.19141146029512762
    },
    "dipole": [
        0.42403745458477593,
        0.30592808138939775,
        -1.4379154231582125
    ],
    "global_electrophilicity": 0.6784714802755861,
    "global_nucleophilicity": -9.140976950671428,
    "fukui_electrophilicity": {
        "1": 0.08617691874624621,
        "2": 0.09326677699012703,
        "3": -0.0382113478428954,
        "4": 0.07280685571303519,
        "5": 0.054916875458209446,
        "6": 0.17882621083315037,
        "7": 0.10555842179506604,
        "8": 0.12074302098186179,
        "9": 0.070175144195223,
        "10": 0.0633541920995126,
        "11": 0.061689532444453195,
        "12": 0.05770742918852245,
        "13": 0.07298996939747728
    },
    "fukui_nucleophilicity": {
        "1": 0.04024163180670846,
        "2": 0.06176204440852574,
        "3": -0.01906026263494985,
        "4": 0.024608924671033983,
        "5": 0.07049565197838009,
        "6": 0.22189040980134528,
        "7": 0.09124204163036524,
        "8": 0.11566424302005053,
        "9": 0.09834450432880115,
        "10": 0.09252536075498408,
        "11": 0.07382694970359961,
        "12": 0.058513449388093525,
        "13": 0.06994505114299687
    },
    "boltzmann_weights": [
        0.33636763368464445,
        0.3363723600412703,
        0.32726000627408525
    ],
    "best_conformer_elements": [
        6,
        6,
        6,
        6,
        7,
        8,
        1,
        1,
        1,
        1,
        1,
        1,
        1
    ],
    "best_conformer_coordinates": [
        [
            -1.2919900607559334,
            0.8059186402335103,
            0.06172725549270643
        ],
        [
            -0.3681982097608232,
            -0.14432610499546808,
            0.0064846184145396744
        ],
        [
            -0.6405001469785017,
            -1.5436025254767196,
            -0.44315351852977297
        ],
        [
            1.0360266800339173,
            0.0884411462289653,
            0.4742474291133775
        ],
        [
            1.5455440424339038,
            1.3084377009622288,
            0.17552192358031277
        ],
        [
            1.676634675873817,
            -0.7480795955271813,
            1.0743909951434996
        ],
        [
            -1.0872537332811119,
            1.7964163875023973,
            0.43268348134474405
        ],
        [
            -2.310056444253552,
            0.6149398543275696,
            -0.235655758507394
        ],
        [
            -1.7049783865088952,
            -1.7183424922714392,
            -0.572171352566298
        ],
        [
            -0.13008855921568632,
            -1.738052058009895,
            -1.3864426702371329
        ],
        [
            -0.2377548760331464,
            -2.235509703280746,
            0.2942949728325781
        ],
        [
            1.0305059386687492,
            1.987101886833488,
            -0.3542700646694761
        ],
        [
            2.4821090850688945,
            1.5266568634733695,
            0.47234269388006495
        ]
    ],
    "best_conformer_energy": -19.093692992595503,
    "fukui_radical": {
        "1": 0.06320982435065524,
        "2": 0.07751457131901687,
        "3": -0.028635959654657393,
        "4": 0.0487078361698962,
        "5": 0.06270612107569223,
        "6": 0.200357918810318,
        "7": 0.09839999982219097,
        "8": 0.11820331480689976,
        "9": 0.07793980770222898,
        "10": 0.08426007258921052,
        "11": 0.06775851329648877,
        "12": 0.058110389294265506,
        "13": 0.0714675904178394
    }
}