{
    "smiles": "C=C(C)C(=O)OCC#N",
    "best_conformer_coordinates": [
        [
            -1.4393267619637053,
            1.0247488112623753,
            -1.0623288094534602
        ],
        [
            -1.284864430195886,
            0.02815497217176667,
            -0.19604130094970487
        ],
        [
            -2.413173078047338,
            -0.7434998894792323,
            0.4101062079185265
        ],
        [
            0.06107919109824995,
            -0.4091139649070764,
            0.2502335821611247
        ],
        [
            0.27178786745005357,
            -1.3032188332126833,
            1.0311691332641784
        ],
        [
            1.0568130570768826,
            0.3038777790913366,
            -0.31225797131119926
        ],
        [
            2.371869248296563,
            -0.07409548565780931,
            0.081351345677411
        ],
        [
            3.3268531954363,
            0.7720669687315144,
            -0.5979342704874417
        ],
        [
            4.084334103218885,
            1.4381068917729114,
            -1.1322930983819046
        ],
        [
            -0.5989171133531852,
            1.5545000351936338,
            -1.4750492101410535
        ],
        [
            -2.4190007660642525,
            1.337545896979047,
            -1.3824412485324227
        ],
        [
            -2.37973155414038,
            -0.6577376517204488,
            1.4949419459468223
        ],
        [
            -3.3696957489945367,
            -0.3797808768858659,
            0.04733788846313908
        ],
        [
            -2.3110504759138397,
            -1.8001507935634447,
            0.16844131247519903
        ],
        [
            2.486606209466127,
            0.03490816676565718,
            1.1694257848622338
        ],
        [
            2.5564170460465436,
            -1.126312031833505,
            -0.17890699173433822
        ]
    ],
    "best_conformer_elements": [
        6,
        6,
        6,
        6,
        8,
        8,
        6,
        6,
        7,
        1,
        1,
        1,
        1,
        1,
        1,
        1
    ],
    "best_conformer_energy": -27.402889157026408,
    "ip": 14.368701817085139,
    "ip_corrected": 9.522701817085139,
    "ea": 4.640231842693434,
    "homo": -0.429045145667224,
    "lumo": -0.28572865485926857,
    "charges": {
        "1": -0.07786918965873496,
        "2": -0.006013266750360402,
        "3": -0.11147697326029767,
        "4": 0.3510920257358954,
        "5": -0.4066075673114878,
        "6": -0.2623206591939114,
        "7": 0.09202090307023082,
        "8": 0.11842447297902964,
        "9": -0.18910017013709124,
        "10": 0.06713695581882287,
        "11": 0.0620691860493291,
        "12": 0.06742732295821097,
        "13": 0.054453852478316564,
        "14": 0.06742727196393462,
        "15": 0.08666806922609395,
        "16": 0.08666776603201855
    },
    "dipole": [
        -1.0282004220138565,
        -0.19448027776241722,
        0.11423290223939371
    ],
    "global_electrophilicity": 1.115350782923893,
    "global_nucleophilicity": -9.522701817085139,
    "fukui_electrophilicity": {
        "1": 0.07288267054289416,
        "2": 0.06544117964639777,
        "3": -0.03262917924063259,
        "4": 0.0636700081557181,
        "5": 0.1604012621282393,
        "6": 0.06819186109494302,
        "7": -0.016321023406632718,
        "8": 0.04334084681843692,
        "9": 0.1398195271646412,
        "10": 0.08008551156899146,
        "11": 0.09980154075890299,
        "12": 0.05226848482725504,
        "13": 0.0519751529992724,
        "14": 0.052268515878022545,
        "15": 0.04940167546937265,
        "16": 0.04940196559453781
    },
    "fukui_nucleophilicity": {
        "1": 0.0445532234821667,
        "2": 0.05557898319208095,
        "3": -0.01694755411045855,
        "4": 0.012394895890061486,
        "5": 0.12795922502509788,
        "6": 0.06361024987549763,
        "7": -0.00697531688347082,
        "8": 0.02698492656321591,
        "9": 0.17275160885272836,
        "10": 0.0731192187667156,
        "11": 0.09040515448383898,
        "12": 0.09017035284609495,
        "13": 0.06849999914458745,
        "14": 0.0901704215420721,
        "15": 0.05386215868158807,
        "16": 0.053862452648182416
    },
    "fukui_radical": {
        "1": 0.05871794701253043,
        "2": 0.06051008141923936,
        "3": -0.02478836667554557,
        "4": 0.038032452022889796,
        "5": 0.1441802435766686,
        "6": 0.06590105548522032,
        "7": -0.011648170145051769,
        "8": 0.035162886690826414,
        "9": 0.15628556800868476,
        "10": 0.07660236516785353,
        "11": 0.09510334762137099,
        "12": 0.071219418836675,
        "13": 0.06023757607192992,
        "14": 0.07121946871004732,
        "15": 0.05163191707548036,
        "16": 0.051632209121360115
    }
}