{
    "smiles": "C=C(C#N)OC(C)=O",
    "best_conformer_coordinates": [
        [
            -2.1949261805487765,
            -0.6738418665637721,
            -0.7504917525098073
        ],
        [
            -1.26267936576257,
            -0.09017659021483154,
            0.003688746128568553
        ],
        [
            -1.6585424260646415,
            0.7113274939518733,
            1.1140567218550692
        ],
        [
            -2.1379574114544178,
            1.317002516250422,
            1.9604882751677046
        ],
        [
            0.06714158519693758,
            -0.27450275152794607,
            -0.30751875731402634
        ],
        [
            1.0309441481183994,
            0.3054231080273611,
            0.44389852094853144
        ],
        [
            2.3846027545806634,
            -0.04756327265816906,
            -0.10055569476891293
        ],
        [
            0.8036570835251473,
            0.9933264136351958,
            1.3966082754491698
        ],
        [
            -3.2379463571009657,
            -0.5459260536352727,
            -0.5294938419415313
        ],
        [
            -1.918273552283306,
            -1.2823855872076169,
            -1.5926834214437489
        ],
        [
            2.463594407241987,
            0.2977013257305629,
            -1.1289487346260403
        ],
        [
            3.152749625090657,
            0.41783908181677076,
            0.5087519452588208
        ],
        [
            2.507635694751655,
            -1.128223822885032,
            -0.09591078334739969
        ]
    ],
    "best_conformer_elements": [
        6,
        6,
        6,
        7,
        8,
        6,
        6,
        8,
        1,
        1,
        1,
        1,
        1
    ],
    "best_conformer_energy": -24.243249247972898,
    "ip": 14.759909156846051,
    "ip_corrected": 9.913909156846051,
    "ea": 4.763118976395454,
    "homo": -0.4338673046707457,
    "lumo": -0.2909658934362433,
    "charges": {
        "1": -0.09713396871218852,
        "2": 0.15982404141281614,
        "3": 0.11594978403026279,
        "4": -0.18932414771847858,
        "5": -0.24143894155100032,
        "6": 0.3651295240726394,
        "7": -0.1478681943160668,
        "8": -0.37126455132551284,
        "9": 0.07629388938875045,
        "10": 0.07913376103067236,
        "11": 0.08431086680555197,
        "12": 0.08214956808742815,
        "13": 0.08423836879511555
    },
    "dipole": [
        0.6401023377799689,
        -1.2080872400720735,
        -1.6795988608217538
    ],
    "global_electrophilicity": 1.2085018342386271,
    "global_nucleophilicity": -9.913909156846051,
    "fukui_electrophilicity": {
        "1": 0.09072056229729011,
        "2": 0.06718274768471902,
        "3": 0.0362963882170568,
        "4": 0.1923108463783362,
        "5": 0.06620205875781271,
        "6": 0.06581183852747297,
        "7": -0.02637232898869077,
        "8": 0.12583337428334318,
        "9": 0.10506554874502831,
        "10": 0.10793383126354585,
        "11": 0.058160434445152114,
        "12": 0.05280241006061587,
        "13": 0.058052288328318304
    },
    "fukui_nucleophilicity": {
        "1": 0.061789953370018455,
        "2": 0.04693239687388881,
        "3": 0.022523699973700545,
        "4": 0.2140207295576475,
        "5": 0.09636507323440624,
        "6": 0.01928065752483621,
        "7": -0.000188482613470764,
        "8": 0.15839092774912794,
        "9": 0.08610843523215178,
        "10": 0.08920415780716308,
        "11": 0.07331556388139537,
        "12": 0.05908662625692657,
        "13": 0.07317026117058793
    },
    "fukui_radical": {
        "1": 0.07625525783365428,
        "2": 0.057057572279303914,
        "3": 0.029410044095378673,
        "4": 0.20316578796799184,
        "5": 0.08128356599610947,
        "6": 0.04254624802615459,
        "7": -0.013280405801080766,
        "8": 0.14211215101623556,
        "9": 0.09558699198859005,
        "10": 0.09856899453535446,
        "11": 0.06573799916327375,
        "12": 0.05594451815877122,
        "13": 0.06561127474945312
    }
}