{
    "smiles": "C=C(C)C(=O)OCOC",
    "best_conformer_coordinates": [
        [
            -1.69478648817053,
            1.5264191594962855,
            -0.1040130736314668
        ],
        [
            -1.798250656158683,
            0.23525352553446816,
            0.19275329807628647
        ],
        [
            -3.0417622319789936,
            -0.410791941868604,
            0.7142068680149789
        ],
        [
            -0.6560100974698129,
            -0.6975290343976156,
            0.002267827166073564
        ],
        [
            -0.7289341113281825,
            -1.8957174245935347,
            0.12757369107048244
        ],
        [
            0.4851451643416756,
            -0.07085226710778411,
            -0.32239044902947717
        ],
        [
            1.6199413803015175,
            -0.911894920125117,
            -0.5378282815163798
        ],
        [
            2.7182588008565065,
            -0.1515462827187902,
            -0.8461442411139277
        ],
        [
            3.2084634784658745,
            0.6218435757463465,
            0.2344779368420773
        ],
        [
            -2.526273699567114,
            2.1991521429122343,
            0.024499721238783956
        ],
        [
            -0.7811286289376284,
            1.9449554219214396,
            -0.4872846440742506
        ],
        [
            -3.8588805459397726,
            0.30264708015024816,
            0.7638600899180716
        ],
        [
            -2.858850276666844,
            -0.8205225975697359,
            1.7063674388872503
        ],
        [
            -3.3199947371630882,
            -1.2428034419646583,
            0.07017591194399182
        ],
        [
            1.7690398009406172,
            -1.5262987637879377,
            0.36833010427984497
        ],
        [
            1.424432065793783,
            -1.5698446721583208,
            -1.392730422917551
        ],
        [
            2.4664837156029598,
            1.3534343667940045,
            0.5647363949739677
        ],
        [
            4.09108212712347,
            1.1355544421192014,
            -0.1385863227592437
        ],
        [
            3.482024945246309,
            -0.021458368382717214,
            1.0783102795802784
        ]
    ],
    "best_conformer_elements": [
        6,
        6,
        6,
        6,
        8,
        8,
        6,
        8,
        6,
        1,
        1,
        1,
        1,
        1,
        1,
        1,
        1,
        1,
        1
    ],
    "best_conformer_energy": -30.11987488489096,
    "ip": 13.894072424152922,
    "ip_corrected": 9.048072424152922,
    "ea": 4.1382819939426705,
    "homo": -0.414942555235761,
    "lumo": -0.27520468216607114,
    "charges": {
        "1": -0.08036816320499085,
        "2": -0.005240184916878263,
        "3": -0.11195518282006997,
        "4": 0.35072017952716855,
        "5": -0.4123809907154309,
        "6": -0.28255728118270906,
        "7": 0.22555250621748768,
        "8": -0.28895007771755854,
        "9": 0.031659008109840014,
        "10": 0.059039465950024676,
        "11": 0.06486218002097148,
        "12": 0.05335813120184132,
        "13": 0.0643258413841093,
        "14": 0.07002147390451244,
        "15": 0.03649587011281118,
        "16": 0.06486924164987233,
        "17": 0.05028183425496477,
        "18": 0.07074669307187417,
        "19": 0.03951945515217077
    },
    "dipole": [
        -0.0450477270948353,
        0.8788294712113164,
        0.49377640525940986
    ],
    "global_electrophilicity": 0.8912849286414449,
    "global_nucleophilicity": -9.048072424152922,
    "fukui_electrophilicity": {
        "1": 0.0911259986942228,
        "2": 0.0800780722891003,
        "3": -0.03804646498618969,
        "4": 0.08390521366751519,
        "5": 0.19555061253289818,
        "6": 0.0746644912260811,
        "7": -0.02003122965081211,
        "8": 0.02896351459089863,
        "9": -0.014643738922998417,
        "10": 0.11833524709081716,
        "11": 0.10344788036003193,
        "12": 0.059746108794314155,
        "13": 0.06268809940011211,
        "14": 0.05981037894318853,
        "15": 0.033243773173310634,
        "16": 0.03566059736827003,
        "17": -0.002393100073996235,
        "18": 0.030576661516627003,
        "19": 0.01731788398661728
    },
    "fukui_nucleophilicity": {
        "1": 0.035411236760117704,
        "2": 0.04767285729763682,
        "3": -0.016925422023315095,
        "4": 0.013685860902200586,
        "5": 0.12277583751487975,
        "6": 0.04929738356982344,
        "7": -0.026646904802318905,
        "8": 0.12973010144824831,
        "9": -0.028865685280251463,
        "10": 0.08001864917946938,
        "11": 0.05679632738769198,
        "12": 0.06317966274258313,
        "13": 0.07460010648037596,
        "14": 0.07143603627727885,
        "15": 0.060725985404377056,
        "16": 0.05131081032416504,
        "17": 0.07555742240003116,
        "18": 0.05934989909439248,
        "19": 0.08088983532265363
    },
    "fukui_radical": {
        "1": 0.06326861772717025,
        "2": 0.06387546479336856,
        "3": -0.02748594350475239,
        "4": 0.04879553728485789,
        "5": 0.15916322502388897,
        "6": 0.06198093739795227,
        "7": -0.023339067226565507,
        "8": 0.07934680801957347,
        "9": -0.02175471210162494,
        "10": 0.09917694813514327,
        "11": 0.08012210387386196,
        "12": 0.06146288576844865,
        "13": 0.06864410294024403,
        "14": 0.06562320761023369,
        "15": 0.046984879288843845,
        "16": 0.043485703846217534,
        "17": 0.03658216116301746,
        "18": 0.04496328030550974,
        "19": 0.04910385965463546
    }
}