{"smiles": "C=C(C(=O)OC)c1ccccc1", "ip": 13.422693376156754, "ip_corrected": 8.576693376156754, "ea": 4.660538747157048, "homo": -0.3980593579641988, "lumo": -0.27386113650920707, "charges": {"1": -0.07183055853757478, "2": -0.01568511044667087, "3": 0.3541250740074245, "4": -0.41177561885027647, "5": -0.2583750730009242, "6": 0.0350794420920042, "7": 0.017762107567676502, "8": -0.02645766253791003, "9": -0.027585573054445443, "10": -0.028973009177828107, "11": -0.02812686940871325, "12": -0.03149566352187326, "13": 0.07147803470343338, "14": 0.059397404852406445, "15": 0.062323252221096165, "16": 0.06209854037259955, "17": 0.06713487349089561, "18": 0.034050444503347925, "19": 0.034280539949514834, "20": 0.03366006851020628, "21": 0.034142850479621956, "22": 0.03477250578598149}, "dipole": [0.5727905897053991, 0.39352585811226715, 0.5153970624767727], "global_electrophilicity": 1.00450145438959, "global_nucleophilicity": -8.576693376156754, "fukui_electrophilicity": {"1": 0.07279784881867377, "2": 0.054290412835309346, "3": 0.04265222266605301, "4": 0.11911518566161095, "5": 0.054680148856720456, "6": -0.024924511180017053, "7": 0.025658032897570987, "8": 0.01843147578489522, "9": 0.0211087901935507, "10": 0.04411804663092814, "11": 0.02134423009801764, "12": 0.018346390813332267, "13": 0.08577391290202702, "14": 0.0892229137154286, "15": 0.030803800188797505, "16": 0.03018525795288573, "17": 0.039015583679364516, "18": 0.038663300809009316, "19": 0.057047201543465056, "20": 0.06410886100128226, "21": 0.057765433502971836, "22": 0.03979546062810501}, "fukui_nucleophilicity": {"1": 0.0354001118331255, "2": 0.03329879104595666, "3": 0.010948601202092123, "4": 0.12379987407669979, "5": 0.04700864698437657, "6": -0.020639197899400094, "7": 0.05168523509367727, "8": 0.028223340977468925, "9": 0.025417279802291005, "10": 0.058835015029444535, "11": 0.030039484606494672, "12": 0.024965375865141123, "13": 0.060580110920503985, "14": 0.06186996510553373, "15": 0.03975141212448796, "16": 0.031786737001801575, "17": 0.04235499995502455, "18": 0.05459323325821001, "19": 0.06468753225388779, "20": 0.07330870312164396, "21": 0.06695834768753002, "22": 0.05512639995410417}, "boltzmann_weights": [0.1712498281346317, 0.1712500451550103, 0.17124916058714576, 0.17125119760950808, 0.0787472284998642, 0.07875265541089851, 0.0787472290296569, 0.07875265557328466], "best_conformer_elements": [6, 6, 6, 8, 8, 6, 6, 6, 6, 6, 6, 6, 1, 1, 1, 1, 1, 1, 1, 1, 1, 1], "best_conformer_coordinates": [[0.9439533622281061, -2.11312807169738, 1.370124920877042], [0.7465123010752432, -1.0546215483521049, 0.5845691106628962], [1.923025802771411, -0.4869339837951612, -0.1331645477171821], [2.9707543388962474, -1.0622553124090228, -0.29246820915074223], [1.6982435270414764, 0.7637399595423459, -0.5585853018006309], [2.7771042385426186, 1.3951402098292185, -1.2287381822131234], [-0.5657913741609331, -0.41195036400864504, 0.41044760914872175], [-1.039959222958016, -0.09171104877216997, -0.858709795260585], [-2.284035408085148, 0.49061339088685024, -1.0140793349572623], [-3.0683311032651037, 0.766613816932676, 0.09354366038712658], [-2.604694688884923, 0.4511559560192232, 1.3595891247769891], [-1.3638604503001046, -0.13800399681883618, 1.5177588078639277], [0.13960226822261354, -2.574498023867733, 1.9167366606541751], [1.9260455250231518, -2.544793790670224, 1.4650684497846531], [3.6459169269662195, 1.4629735957298726, -0.5704426555431972], [3.0576462797355672, 0.8266072449579597, -2.1182130647299218], [2.4260317419830355, 2.3866827416448277, -1.5025277532828396], [-0.4369556886742339, -0.31452469000167793, -1.7263359273998946], [-2.643998326810584, 0.7306176921633032, -2.0038902506432796], [-4.037787888163014, 1.2263478364799976, -0.029765128453318038], [-3.21178619174635, 0.6658624501163455, 2.2269725607663164], [-0.9976359694375858, -0.3739340692014739, 2.506276439653394]], "best_conformer_energy": -34.60938956880859, "fukui_radical": {"1": 0.05409999382380703, "2": 0.043794289300350064, "3": 0.026801369166025046, "4": 0.12145582613127792, "5": 0.05084818720058526, "6": -0.02278439290957218, "7": 0.03867103993498355, "8": 0.023326026276664465, "9": 0.023262298804763448, "10": 0.05147740572086851, "11": 0.025691403151324656, "12": 0.02165597065084395, "13": 0.07554504592497302, "14": 0.07317666943091954, "15": 0.035279874685819876, "16": 0.03098837584038729, "17": 0.04068823551443615, "18": 0.04662654820344631, "19": 0.060866888074827874, "20": 0.06870731819889166, "21": 0.06236016085785375, "22": 0.04746146601646342}}