{
    "smiles": "C=C(C)C(=O)Nc1ccc(OC(=O)Cc2ccc(OC)cc2)cc1",
    "ip": 12.11825269934371,
    "ip_corrected": 7.27225269934371,
    "ea": 5.149186377164413,
    "homo": -0.3772569435204055,
    "lumo": -0.2631019418233428,
    "charges": {
        "1": -0.09823302647976165,
        "2": -0.00899749651919382,
        "3": -0.10838873194262286,
        "4": 0.27319642749507345,
        "5": -0.41259850046122687,
        "6": -0.15625904993689982,
        "7": 0.07461343782116732,
        "8": -0.053624174558279704,
        "9": -0.04072876366627579,
        "10": 0.13697969135031104,
        "11": -0.2527897486897193,
        "12": 0.36460219256226795,
        "13": -0.4022078039350084,
        "14": -0.09356494008771893,
        "15": 0.0072020696319729655,
        "16": -0.03742037922612383,
        "17": -0.06654073533791428,
        "18": 0.14181185325717577,
        "19": -0.26923400012237003,
        "20": 0.037724367955357656,
        "21": -0.05477996616561954,
        "22": -0.037416732279131316,
        "23": -0.04438923917068185,
        "24": -0.04607442536203051,
        "25": 0.050174662799414425,
        "26": 0.03804456772836999,
        "27": 0.07553893503777451,
        "28": 0.048932535027605785,
        "29": 0.05401730214755599,
        "30": 0.17943357209251573,
        "31": 0.038724596178223374,
        "32": 0.06047449730668446,
        "33": 0.06735113628086742,
        "34": 0.0690501464705878,
        "35": 0.04270335416828561,
        "36": 0.03794622810407043,
        "37": 0.061854672645713336,
        "38": 0.040312637310046875,
        "39": 0.040304657497832616,
        "40": 0.050215488520523516,
        "41": 0.04433748988900121,
        "42": 0.05925649338373102,
        "43": 0.08844470127846492
    },
    "dipole": [
        -0.39022884636996685,
        1.218480664110741,
        0.7429213687844668
    ],
    "global_electrophilicity": 1.0293214784606302,
    "global_nucleophilicity": -7.27225269934371,
    "fukui_electrophilicity": {
        "1": 0.03305544367213864,
        "2": 0.0324035679279443,
        "3": -0.016865996004829076,
        "4": 0.034675977374060224,
        "5": 0.08565288647963482,
        "6": 0.017736681126834464,
        "7": 0.020795521756141154,
        "8": 0.014342634064237268,
        "9": 0.010477707346426147,
        "10": 0.02339642803499789,
        "11": 0.029418690631110855,
        "12": 0.028506754866025552,
        "13": 0.06240839671083859,
        "14": -0.00719479105975071,
        "15": 0.011752048551344055,
        "16": 0.013918825709437532,
        "17": 0.010858346074740996,
        "18": 0.02103304776826559,
        "19": 0.022383995652328514,
        "20": -0.010255608639481932,
        "21": 0.01268017112320153,
        "22": 0.007521212363233221,
        "23": 0.01493528914480697,
        "24": 0.012057979738734709,
        "25": 0.053934108897441484,
        "26": 0.03924563946144511,
        "27": 0.026346656256631837,
        "28": 0.03148627478944093,
        "29": 0.029735266261329916,
        "30": 0.024537024345416436,
        "31": 0.03175239626712573,
        "32": 0.025882916559030376,
        "33": 0.02759643429306899,
        "34": 0.028337508872362353,
        "35": 0.024779449218503252,
        "36": 0.029038054832387278,
        "37": 0.01826383673609038,
        "38": 0.008789537789877053,
        "39": 0.012123043361193582,
        "40": 0.026903590499701403,
        "41": 0.01689027136574583,
        "42": 0.03476982196586276,
        "43": 0.02389295781484599
    },
    "fukui_nucleophilicity": {
        "1": 0.010938394938987253,
        "2": 0.012820099006564181,
        "3": -0.009562269380158583,
        "4": 0.008268627225075986,
        "5": 0.06664836584680917,
        "6": 0.03237110905090207,
        "7": 0.01767648027213027,
        "8": 0.014677687173497878,
        "9": 0.008070235300002636,
        "10": 0.01791579065553267,
        "11": 0.024663052522088225,
        "12": 0.006131970878570148,
        "13": 0.04781050551231464,
        "14": -0.003472336798794523,
        "15": 0.03287800525550476,
        "16": 0.014272107606897635,
        "17": 0.01861926942178968,
        "18": 0.02483338812112526,
        "19": 0.07239529446379278,
        "20": -0.020704609899688937,
        "21": 0.019926686661230146,
        "22": 0.010038181399020518,
        "23": 0.012257335615479842,
        "24": 0.014571232808116556,
        "25": 0.034980766765023034,
        "26": 0.018274889413401177,
        "27": 0.016340826715556422,
        "28": 0.024702205842632143,
        "29": 0.01992416443225415,
        "30": 0.025156603438126535,
        "31": 0.02899619203999803,
        "32": 0.019555822124109737,
        "33": 0.032090965029309956,
        "34": 0.030858936902845913,
        "35": 0.03558344006749928,
        "36": 0.03673475217760577,
        "37": 0.03328257568413628,
        "38": 0.03241122796015786,
        "39": 0.03469155320194714,
        "40": 0.036481364751813586,
        "41": 0.03013451398032655,
        "42": 0.02950799745895997,
        "43": 0.0262465983575335
    },
    "fukui_radical": {
        "1": 0.021996919305562947,
        "2": 0.02261183346725424,
        "3": -0.01321413269249383,
        "4": 0.021472302299568105,
        "5": 0.07615062616322199,
        "6": 0.025053895088868267,
        "7": 0.019236001014135713,
        "8": 0.014510160618867573,
        "9": 0.009273971323214392,
        "10": 0.02065610934526528,
        "11": 0.02704087157659954,
        "12": 0.01731936287229785,
        "13": 0.05510945111157661,
        "14": -0.005333563929272617,
        "15": 0.022315026903424406,
        "16": 0.014095466658167584,
        "17": 0.014738807748265338,
        "18": 0.022933217944695425,
        "19": 0.04738964505806065,
        "20": -0.015480109269585434,
        "21": 0.016303428892215838,
        "22": 0.00877969688112687,
        "23": 0.013596312380143406,
        "24": 0.013314606273425632,
        "25": 0.04445743783123226,
        "26": 0.028760264437423144,
        "27": 0.02134374148609413,
        "28": 0.028094240316036537,
        "29": 0.024829715346792035,
        "30": 0.024846813891771485,
        "31": 0.03037429415356188,
        "32": 0.022719369341570057,
        "33": 0.029843699661189473,
        "34": 0.029598222887604133,
        "35": 0.030181444643001265,
        "36": 0.032886403504996525,
        "37": 0.02577320621011333,
        "38": 0.020600382875017455,
        "39": 0.02340729828157036,
        "40": 0.0316924776257575,
        "41": 0.02351239267303619,
        "42": 0.03213890971241136,
        "43": 0.025069778086189744
    },