{
    "smiles": "C=C(C)C(=O)OC(C)C",
    "ip": 13.835076625851743,
    "ip_corrected": 8.989076625851743,
    "ea": 3.892699018333244,
    "homo": -0.40566747888057336,
    "lumo": -0.2649295567466246,
    "charges": {
        "1": -0.0825222476509116,
        "2": -0.00826531319215354,
        "3": -0.10943092357532767,
        "4": 0.3517519059267135,
        "5": -0.42096698930638565,
        "6": -0.2729810933320387,
        "7": 0.12110688725485669,
        "8": -0.11698061320880415,
        "9": -0.11464614593373162,
        "10": 0.05344271305161239,
        "11": 0.06186756015339328,
        "12": 0.06424977614026654,
        "13": 0.048965964958339464,
        "14": 0.06445711776968814,
        "15": 0.04907450293086713,
        "16": 0.050082378651420824,
        "17": 0.05577175920002366,
        "18": 0.052140311939585196,
        "19": 0.04762839381956521,
        "20": 0.0560034028171266,
        "21": 0.04925065158589183
    },
    "dipole": [
        0.06907976795449468,
        -0.6004943018696018,
        0.6097118186557376
    ],
    "global_electrophilicity": 0.8118491968516358,
    "global_nucleophilicity": -8.989076625851743,
    "fukui_electrophilicity": {
        "1": 0.09096020951351352,
        "2": 0.0813852662337011,
        "3": -0.03806016397936733,
        "4": 0.08252728658556502,
        "5": 0.19004014257289004,
        "6": 0.07283830113707729,
        "7": -0.009684620670210697,
        "8": -0.013881860469339508,
        "9": -0.015017761624432802,
        "10": 0.11784767140479385,
        "11": 0.10326944484278316,
        "12": 0.06125292113116363,
        "13": 0.05909662957913554,
        "14": 0.061194903899472436,
        "15": 0.020548725951206347,
        "16": 0.03611388875646532,
        "17": 0.019978327005473556,
        "18": 0.015049692555890802,
        "19": 0.04012486713211882,
        "20": 0.00303809956765852,
        "21": 0.021378028874449943
    },
    "fukui_nucleophilicity": {
        "1": 0.041016743321034596,
        "2": 0.049981266196607185,
        "3": -0.018848562148537543,
        "4": 0.01214993320900326,
        "5": 0.13139198313218747,
        "6": 0.06522894165635529,
        "7": 0.003929633511089908,
        "8": -0.013494356296342602,
        "9": -0.008437599808007262,
        "10": 0.08545153412665871,
        "11": 0.0642232521107503,
        "12": 0.07591358947684294,
        "13": 0.06259976781700372,
        "14": 0.07493827937424911,
        "15": 0.06353252800855999,
        "16": 0.057907368058962135,
        "17": 0.06487070132616682,
        "18": 0.05380319339347188,
        "19": 0.051112608919937214,
        "20": 0.036137332144913194,
        "21": 0.046591862469122086
    },
    "fukui_radical": {
        "1": 0.06598847641727407,
        "2": 0.06568326621515413,
        "3": -0.028454363063952437,
        "4": 0.04733860989728414,
        "5": 0.16071606285253875,
        "6": 0.06903362139671629,
        "7": -0.0028774935795603945,
        "8": -0.013688108382841055,
        "9": -0.011727680716220032,
        "10": 0.10164960276572627,
        "11": 0.08374634847676674,
        "12": 0.06858325530400329,
        "13": 0.06084819869806963,
        "14": 0.06806659163686077,
        "15": 0.042040626979883165,
        "16": 0.04701062840771373,
        "17": 0.04242451416582019,
        "18": 0.03442644297468134,
        "19": 0.04561873802602801,
        "20": 0.019587715856285857,
        "21": 0.03398494567178602
    },
    "best_conformer_coordinates": [
        [
            -2.29018616166134,
            -1.0052117961897367,
            0.626612169604221
        ],
        [
            -2.006347513290901,
            -0.043737621990878335,
            -0.24487046816316602
        ],
        [
            -3.03628824625564,
            0.7300547989704235,
            -1.0038822227935063
        ],
        [
            -0.5998057982159599,
            0.3507356411703943,
            -0.540965372719672
        ],
        [
            -0.3016043492479775,
            1.2207978852811394,
            -1.324602424665442
        ],
        [
            0.29350200699900486,
            -0.3664465008297452,
            0.14646701415339256
        ],
        [
            1.6823172426981794,
            -0.06971615764983903,
            -0.06696346470567356
        ],
        [
            2.4624187872890118,
            -1.3361619093552783,
            0.25488748541986833
        ],
        [
            2.099902204936043,
            1.104346958404161,
            0.8125921541008944
        ],
        [
            -3.308162046112805,
            -1.2872089903517487,
            0.8388298313785406
        ],
        [
            -1.5159849873114695,
            -1.536675374906919,
            1.1509878581058706
        ],
        [
            -2.936845986157764,
            1.7915167735377804,
            -0.7831451623947481
        ],
        [
            -4.038583144836886,
            0.39849833144375246,
            -0.7488559305343031
        ],
        [
            -2.8739149663581665,
            0.609167325210863,
            -2.0735948008366902
        ],
        [
            1.8091549499632555,
            0.20415249966392907,
            -1.1228513966099218
        ],
        [
            3.5205659622538183,
            -1.1731216498984205,
            0.07247441248905685
        ],
        [
            2.3179699459538248,
            -1.6045362337259232,
            1.2982981772289177
        ],
        [
            2.1183963830302,
            -2.158732514155226,
            -0.366691551382734
        ],
        [
            3.1549251953003954,
            1.317634976447589,
            0.6665768169688332
        ],
        [
            1.5238876379236088,
            1.988093183864729,
            0.5492086204511393
        ],
        [
            1.9246828778098237,
            0.8665503750589286,
            1.8594882601969327
        ]
    ],
    "best_conformer_elements": [
        6,
        6,
        6,
        6,
        8,
        8,
        6,
        6,
        6,
        1,
        1,
        1,
        1,
        1,
        1,
        1,
        1,
        1,
        1,
        1,
        1
    ],
    "best_conformer_energy": -29.231646471921763
}