{
    "smiles": "C=C(C)C(=O)OCCCCCC",
    "ip": 13.283292105341589,
    "ip_corrected": 8.437292105341589,
    "ea": 3.931047008214545,
    "homo": -0.4071926073582667,
    "lumo": -0.26644365360372313,
    "charges": {
        "1": -0.08247074461720551,
        "2": -0.007623494344336179,
        "3": -0.11004996938540164,
        "4": 0.34974513552710573,
        "5": -0.41668735276909036,
        "6": -0.2689926289245347,
        "7": 0.08324856744418722,
        "8": -0.06644549752777959,
        "9": -0.06202564221414821,
        "10": -0.06023285552382339,
        "11": -0.05404362501144259,
        "12": -0.1034521498396043,
        "13": 0.06207311919506616,
        "14": 0.054835476256462456,
        "15": 0.06512906820539063,
        "16": 0.06513294568983571,
        "17": 0.04994808099169974,
        "18": 0.04879670181455584,
        "19": 0.04879473502820161,
        "20": 0.049617799473925354,
        "21": 0.049618385615750465,
        "22": 0.03514986845205831,
        "23": 0.03514998894831674,
        "24": 0.034178330392490214,
        "25": 0.0341784447945878,
        "26": 0.030961558692795692,
        "27": 0.030961458393927204,
        "28": 0.03470389572623054,
        "29": 0.03509647848201845,
        "30": 0.034703921032751
    },
    "dipole": [
        0.20680996172983157,
        0.4559348139955195,
        -0.7460606627893838
    ],
    "global_electrophilicity": 0.7563101847694204,
    "global_nucleophilicity": -8.437292105341589,
    "fukui_electrophilicity": {
        "1": 0.09121726428191694,
        "2": 0.08144274012821989,
        "3": -0.03804182334503013,
        "4": 0.08168493186585912,
        "5": 0.1918004766668236,
        "6": 0.07458849783735544,
        "7": -0.019964209419190887,
        "8": -0.0034997828929123898,
        "9": -0.003629683157604792,
        "10": -0.002423869881369778,
        "11": -0.0017664688678047172,
        "12": -0.00401648256942988,
        "13": 0.10366422805097178,
        "14": 0.11797489010571376,
        "15": 0.06125826925318144,
        "16": 0.061257500162163574,
        "17": 0.05920748889291022,
        "18": 0.03129982645128687,
        "19": 0.03130314739779558,
        "20": 0.01332631211023199,
        "21": 0.013327318976606842,
        "22": 0.009600467693873113,
        "23": 0.009600052732023641,
        "24": 0.00586475781365077,
        "25": 0.005864608764851911,
        "26": 0.0048192189200748185,
        "27": 0.0048194725884720055,
        "28": 0.004503046867029389,
        "29": 0.010414948661824276,
        "30": 0.004502853910512233
    },
    "fukui_nucleophilicity": {
        "1": 0.02848829862400909,
        "2": 0.03787644962270596,
        "3": -0.014676139794677759,
        "4": 0.010654030985513041,
        "5": 0.09927304416506638,
        "6": 0.042148817190271914,
        "7": -0.011020632917572187,
        "8": -0.005600581288693951,
        "9": -0.008934399931968769,
        "10": -0.00888731121960605,
        "11": -0.006068887785504254,
        "12": -0.01638900790635922,
        "13": 0.04544523337828988,
        "14": 0.06318327419778798,
        "15": 0.0522884435747379,
        "16": 0.0522875052549589,
        "17": 0.04500886010584146,
        "18": 0.029282944183118984,
        "19": 0.02928544885456147,
        "20": 0.027061132606926698,
        "21": 0.027062366284473324,
        "22": 0.03662371674231259,
        "23": 0.03662409946692091,
        "24": 0.057874517635153236,
        "25": 0.05787359317590625,
        "26": 0.07129606885485211,
        "27": 0.07129650841930849,
        "28": 0.05324539199122557,
        "29": 0.04415202952871505,
        "30": 0.05324518695489076
    },
    "boltzmann_weights": [
        0.006825110409999094,
        0.014356257207113783,
        0.01774143754170445,
        0.01732034403934729,
        0.038663513175719755,
        0.038645349793802304,
        0.04457876585533774,
        0.0028728939945379104,
        0.04089111868796215,
        0.008320238888969359,
        0.008320240450804183,
        0.007412363779244286,
        0.006040405635094139,
        0.01711051118162725,
        0.006368426217226759,
        0.010894298536050685,
        0.010894299266369792,
        0.009795678178772211,
        0.007490928879473514,
        0.0072330796342458285,
        0.007200876502494415,
        0.007200876903228903,
        0.00907950660920962,
        0.00907950938569728,
        0.007370241531153181,
        0.007370242126675249,
        0.009103980471155978,
        0.004737108263233825,
        0.0018562293461405848,
        0.015874915441277667,
        0.015874576742326073,
        0.01972743878729552,
        0.03619567284786229,
        0.0012884810035397095,
        0.02401803966782441,
        0.02401803834060036,
        0.010556167447564357,
        0.016114883275191564,
        0.016114882318719787,
        0.016025156333679305,
        0.016025145396044254,
        0.020163555831980425,
        0.02015905689086983,
        0.01695490366543879,
        0.016954904250582516,
        0.016322182579091724,
        0.016322180501143507,
        0.0018439958556474563,
        0.017151552269170218,
        0.003935044836227755,
        0.003152498179141605,
        0.00315252626616405,
        0.0026913379413398444,
        0.021858210985036642,
        0.02185814936763949,
        0.0043994542467886205,
        0.004427868285454979,
        0.004427870256403881,
        0.0013722603130782902,
        0.0013722604974649743,
        0.004307331319399261,
        0.0030676677401191943,
        0.003067668531794362,
        0.021347330332024794,
        0.005276469691454271,
        0.005276454750117844,
        0.0035859718244553645,
        0.0042860170414449825,
        0.004286016590949778,
        0.004470742174028413,
        0.01256476110550846,
        0.009512177387417836,
        0.0029125178543314154,
        0.0029125192776456063,
        0.008276713582172995,
        0.006732782252053982,
        0.00375765737268059,
        0.003471767021520312,
        0.004430645342400179,
        0.007733522944779703,
        0.007733188607995335,
        0.0031484968855648586,
        0.00314851364183631,
        0.009227443312671318,
        0.009532313098599655,
        0.0019695884762061557,
        0.0069752007386231305,
        0.00997764862181419,
        0.006995746671238187,
        0.006995722614481356,
        0.003984863355141212,
        0.004080929862770304,
        0.00016093016229944344,
        0.0005416955603910362,
        0.0005765245971167074,
        0.00039312540278252004,
        0.0003931242214100097,
        0.0003779657463452426,
        0.0002955813326688025,
        0.0022717794360732806,
        0.0007981772445403284,
        0.0004961522655863209,
        0.0014279597896279252,
        0.00027221056428007866,
        0.0018213405406553767
    ],
    "best_conformer_elements": [
        6,
        6,
        6,
        6,
        8,
        8,
        6,
        6,
        6,
        6,
        6,
        6,
        1,
        1,
        1,
        1,
        1,
        1,
        1,
        1,
        1,
        1,
        1,
        1,
        1,
        1,
        1,
        1,
        1,
        1
    ],