{
    "smiles": "C=C(C)c1ccccc1",
    "ip": 13.107442353195923,
    "ip_corrected": 8.261442353195923,
    "ea": 3.698993022999845,
    "homo": -0.37963687489699954,
    "lumo": -0.23777627874026566,
    "charges": {
        "1": -0.10175723919921995,
        "2": 0.01560050216829588,
        "3": -0.10620814436844309,
        "4": 0.010454204600487335,
        "5": -0.03437096175291846,
        "6": -0.03001599896417298,
        "7": -0.03171347690893683,
        "8": -0.030890467822952836,
        "9": -0.03434540852638561,
        "10": 0.033619893948254785,
        "11": 0.03250831047162301,
        "12": 0.042418241467867546,
        "13": 0.04574364215937066,
        "14": 0.042770557663421464,
        "15": 0.03196174711426856,
        "16": 0.02807694312026287,
        "17": 0.02755370828658627,
        "18": 0.027320585959745895,
        "19": 0.03127336058283864
    },
    "dipole": [
        -0.0375494963842548,
        -0.11055679619814296,
        0.14146430731914364
    ],
    "global_electrophilicity": 0.6724698851225435,
    "global_nucleophilicity": -8.261442353195923,
    "fukui_electrophilicity": {
        "1": 0.06010719729659608,
        "2": 0.055504580165297066,
        "3": -0.028633845644842545,
        "4": 0.06454248032732719,
        "5": 0.027660414789160342,
        "6": 0.028727275365911645,
        "7": 0.06810559792149659,
        "8": 0.027355792449049503,
        "9": 0.03195010266842434,
        "10": 0.07147068913321622,
        "11": 0.08959542965869441,
        "12": 0.04789485649456332,
        "13": 0.0485674000205728,
        "14": 0.04168002480745926,
        "15": 0.06153410043248281,
        "16": 0.07507195047542009,
        "17": 0.0850532315393204,
        "18": 0.07558287067487982,
        "19": 0.06822985142495455
    },
    "fukui_nucleophilicity": {
        "1": 0.06989214291798117,
        "2": 0.05284474474169337,
        "3": -0.026419547238906854,
        "4": 0.04651517860682486,
        "5": 0.0287707319738535,
        "6": 0.027397137611996122,
        "7": 0.05967827631654535,
        "8": 0.029219283880697083,
        "9": 0.027778110251081248,
        "10": 0.07641028212351789,
        "11": 0.08910934316435606,
        "12": 0.05902930044011365,
        "13": 0.07355654519884937,
        "14": 0.05835121402551056,
        "15": 0.054030464191456594,
        "16": 0.06937492976780271,
        "17": 0.07599855887359364,
        "18": 0.06974756747775043,
        "19": 0.05871573573166726
    },
    "boltzmann_weights": [
        0.24999962542717946,
        0.2500003803824784,
        0.25000037381368084,
        0.2499996203766614
    ],
    "best_conformer_elements": [
        6,
        6,
        6,
        6,
        6,
        6,
        6,
        6,
        6,
        1,
        1,
        1,
        1,
        1,
        1,
        1,
        1,
        1,
        1
    ],
    "best_conformer_coordinates": [
        [
            2.299801404337901,
            -0.7576732967464186,
            -0.6465751680796793
        ],
        [
            1.482009809160599,
            0.1162830120903705,
            -0.0694040530143027
        ],
        [
            2.0024922469962942,
            1.36458260034742,
            0.5828817086643862
        ],
        [
            0.023201819468321262,
            -0.087160622080311,
            -0.052051895876846194
        ],
        [
            -0.5122942644362443,
            -1.3654077297673886,
            0.09976409459439256
        ],
        [
            -1.879722723555235,
            -1.5644487840187102,
            0.11807089371897429
        ],
        [
            -2.7422848615939883,
            -0.4894725504384515,
            -0.016231306356501583
        ],
        [
            -2.224424210849074,
            0.785870080764543,
            -0.1634247244217226
        ],
        [
            -0.8565299547477129,
            0.9866430839844774,
            -0.1752808085244645
        ],
        [
            1.9367798116382675,
            -1.6365256527605996,
            -1.150842335101944
        ],
        [
            3.3669151765800076,
            -0.6115547925943036,
            -0.6550058996203975
        ],
        [
            1.8234228301842967,
            2.2303534891652186,
            -0.05441643073982004
        ],
        [
            1.5018732140001432,
            1.536758462473281,
            1.5340939975124117
        ],
        [
            3.0733724814721426,
            1.2875072087944517,
            0.752991473918194
        ],
        [
            0.15325472291674058,
            -2.2067615624014962,
            0.2244199501754277
        ],
        [
            -2.275308596962904,
            -2.562372586829552,
            0.24179980072520407
        ],
        [
            -3.811141153529498,
            -0.6443416432832451,
            -0.002514047237372369
        ],
        [
            -2.890478137201579,
            1.630379819359113,
            -0.26824654919869584
        ],
        [
            -0.4709396138783975,
            1.9873414692335238,
            -0.3000286905537096
        ]
    ],
    "best_conformer_energy": -24.327863847923172,
    "fukui_radical": {
        "1": 0.06499906881921155,
        "2": 0.054175914466040365,
        "3": -0.02752574458621318,
        "4": 0.05552848740511885,
        "5": 0.028215320631314007,
        "6": 0.02806238886258225,
        "7": 0.06389282985948257,
        "8": 0.02828621177541743,
        "9": 0.02986286116618718,
        "10": 0.0739407336356833,
        "11": 0.08935181739426153,
        "12": 0.061061626660235555,
        "13": 0.050015662838558614,
        "14": 0.05346141501606144,
        "15": 0.05778206360466133,
        "16": 0.07222380827364448,
        "17": 0.08052666249814745,
        "18": 0.07266577642944246,
        "19": 0.06347309527809902
    }
}