{
    "smiles": "C=C(C)C(=O)OCC(O)CO",
    "ip": 13.655481966246665,
    "ip_corrected": 8.809481966246665,
    "ea": 4.423368329292981,
    "homo": -0.4114038884424821,
    "lumo": -0.28406437694617065,
    "charges": {
        "1": -0.0796581345380969,
        "2": -0.007077891961216665,
        "3": -0.11127005404808463,
        "4": 0.3542525137875782,
        "5": -0.4283602008279894,
        "6": -0.265080480247304,
        "7": 0.061804249673627285,
        "8": 0.10412469036257821,
        "9": -0.4606589735644252,
        "10": 0.07026398495644316,
        "11": -0.4373471952547619,
        "12": 0.06635469956786745,
        "13": 0.06099231877608114,
        "14": 0.053422817414051645,
        "15": 0.06760746803508665,
        "16": 0.06628160605009466,
        "17": 0.0723230066161686,
        "18": 0.06669888816597194,
        "19": 0.021500287447782453,
        "20": 0.32559721376018336,
        "21": 0.04657928367517093,
        "22": 0.04180884552679191,
        "23": 0.3098410566264059
    },
    "dipole": [
        -1.3605804129905275,
        -0.09973817358267714,
        -0.3292380119111719
    ],
    "global_electrophilicity": 0.9523720765070007,
    "global_nucleophilicity": -8.809481966246665,
    "fukui_electrophilicity": {
        "1": 0.08997185332337392,
        "2": 0.07637991956199287,
        "3": -0.03734388860381435,
        "4": 0.08680321503558219,
        "5": 0.1865249222784484,
        "6": 0.07639075737548473,
        "7": -0.024154021514431953,
        "8": -0.003874283261395245,
        "9": 0.022231838004492244,
        "10": -0.006402440945886309,
        "11": 0.010769737871943963,
        "12": 0.10103446270669239,
        "13": 0.1161407587780443,
        "14": 0.05847732330177249,
        "15": 0.05974566070272135,
        "16": 0.06008295368844095,
        "17": 0.048635445405050284,
        "18": 0.032372615202669104,
        "19": 0.005400120664582151,
        "20": -0.0075096504749149195,
        "21": 0.016202601936397384,
        "22": 0.02548154314630179,
        "23": 0.00663855581643924
    },
    "fukui_nucleophilicity": {
        "1": 0.036530258448180836,
        "2": 0.03819823920786808,
        "3": -0.015374929477138866,
        "4": 0.004185970151732443,
        "5": 0.06108728565333971,
        "6": 0.04733541208720499,
        "7": -0.00799598664836143,
        "8": 0.001727665982928922,
        "9": 0.06979463179515555,
        "10": -0.015281591454804039,
        "11": 0.11879189233811877,
        "12": 0.0500808814464464,
        "13": 0.06401437083891048,
        "14": 0.047551729787631634,
        "15": 0.06566809082332971,
        "16": 0.062049381722066824,
        "17": 0.04575533850575318,
        "18": 0.03895646039899012,
        "19": 0.05834998986278958,
        "20": 0.03036126140679396,
        "21": 0.05849644104023645,
        "22": 0.09682298747373978,
        "23": 0.042894218609126955
    },
    "fukui_radical": {
        "1": 0.06325105588577737,
        "2": 0.057289079384930476,
        "3": -0.02635940904047661,
        "4": 0.04549459259365732,
        "5": 0.12380610396589406,
        "6": 0.06186308473134486,
        "7": -0.016075004081396692,
        "8": -0.0010733086392331614,
        "9": 0.046013234899823896,
        "10": -0.010842016200345174,
        "11": 0.06478081510503136,
        "12": 0.0755576720765694,
        "13": 0.0900775648084774,
        "14": 0.05301452654470206,
        "15": 0.06270687576302553,
        "16": 0.06106616770525389,
        "17": 0.04719539195540173,
        "18": 0.03566453780082961,
        "19": 0.031875055263685864,
        "20": 0.01142580546593952,
        "21": 0.03734952148831692,
        "22": 0.061152265310020784,
        "23": 0.024766387212783098
    },
    "best_conformer_coordinates": [
        [
            -3.024629744351622,
            0.1017683057136748,
            -1.2717417008339367
        ],
        [
            -2.4498433606824754,
            0.6040660782588595,
            -0.1834591643815555
        ],
        [
            -3.200535984050453,
            1.1958582399188205,
            0.966325596892144
        ],
        [
            -0.9729055016534504,
            0.6160423576884564,
            -0.025089895827544142
        ],
        [
            -0.4100647798733824,
            1.0808699004137805,
            0.9431932131148892
        ],
        [
            -0.32624342624485175,
            0.06437879542556534,
            -1.055057480642036
        ],
        [
            1.1000595738342804,
            0.07727233746164752,
            -1.0265919638746823
        ],
        [
            1.6960764570020905,
            -0.8214514068740539,
            0.07567872862144416
        ],
        [
            2.070351261472989,
            -0.07810945970202172,
            1.2085772911893524
        ],
        [
            2.9711486810346996,
            -1.5188973977723943,
            -0.42050055263515057
        ],
        [
            3.939748410211265,
            -0.5866271833822063,
            -0.814977754614715
        ],
        [
            -2.444234496152592,
            -0.3133950403542138,
            -2.0764881315119066
        ],
        [
            -4.095746979648257,
            0.09367986010496264,
            -1.384464408953517
        ],
        [
            -4.270905819024697,
            1.1655891835350138,
            0.7869220213686646
        ],
        [
            -2.8869870155137902,
            2.226879915814719,
            1.1210347570151689
        ],
        [
            -2.9702494338195833,
            0.6499045810623592,
            1.8797630753013763
        ],
        [
            1.399819158594274,
            -0.2745609854381236,
            -2.0138605607021005
        ],
        [
            1.4552949539913917,
            1.1035208194502686,
            -0.8816486653054668
        ],
        [
            0.949158793395374,
            -1.5891490558049732,
            0.3393946080450133
        ],
        [
            1.3115141891295397,
            0.4763798646380315,
            1.4636416856108916
        ],
        [
            2.7548032817830848,
            -2.1423059379096734,
            -1.2897956479783579
        ],
        [
            3.350355442864062,
            -2.153767477326759,
            0.3919576015028118
        ],
        [
            4.054016332410694,
            0.02205372095352669,
            -0.07312755615981752
        ]
    ],
    "best_conformer_elements": [
        6,
        6,
        6,
        6,
        8,
        8,
        6,
        6,
        8,
        6,
        8,
        1,
        1,
        1,
        1,
        1,
        1,
        1,
        1,
        1,
        1,
        1,
        1
    ],
    "best_conformer_energy": -37.35051782924009
}