{
    "smiles": "C=C(C)C(=C)C",
    "best_conformer_coordinates": [
        [
            1.7989260043822781,
            -0.805294960441898,
            -0.25913930571393623
        ],
        [
            0.7498068427940254,
            -0.06907126540515615,
            0.08998672060735856
        ],
        [
            0.8960833326759317,
            1.1316570646564443,
            0.9789382780920642
        ],
        [
            -0.6089443538701897,
            -0.3822770198483112,
            -0.39145958291087135
        ],
        [
            -1.0371644673104645,
            -1.6350608941567486,
            -0.4997685269977263
        ],
        [
            -1.4929930289594782,
            0.7807905522846537,
            -0.7366511929352151
        ],
        [
            1.7076314274703333,
            -1.647598884869878,
            -0.9225838414436061
        ],
        [
            2.7910998030982475,
            -0.5819954150534415,
            0.09606672946798056
        ],
        [
            0.693411045795452,
            2.046894107200517,
            0.42422569109477787
        ],
        [
            0.19316182379559763,
            1.0778559500101703,
            1.8092967529208217
        ],
        [
            1.905534012317048,
            1.189008389312721,
            1.3781561251456658
        ],
        [
            -0.42159066516569854,
            -2.4731617185833894,
            -0.22291069276641154
        ],
        [
            -2.026805154454644,
            -1.8664115619779353,
            -0.8568296463447368
        ],
        [
            -0.9836726679381818,
            1.4545112386191927,
            -1.424543137892684
        ],
        [
            -1.7519500537765735,
            1.345102036068337,
            0.15830807462930496
        ],
        [
            -2.4125339114373516,
            0.4350523927681838,
            -1.2020290108749647
        ]
    ],
    "best_conformer_elements": [
        6,
        6,
        6,
        6,
        6,
        6,
        1,
        1,
        1,
        1,
        1,
        1,
        1,
        1,
        1,
        1
    ],
    "best_conformer_energy": -17.88973078540263,
    "ip": 13.31731933147457,
    "ip_corrected": 8.47131933147457,
    "ea": 2.899559235259145,
    "homo": -0.37500374663266917,
    "lumo": -0.2256143446464498,
    "charges": {
        "1": -0.10295570671409425,
        "2": 0.015852574162690564,
        "3": -0.10624438395559199,
        "4": 0.015865218962541172,
        "5": -0.10295460316649709,
        "6": -0.10623406791411615,
        "7": 0.0336153120934475,
        "8": 0.03157776870609629,
        "9": 0.04697892071567579,
        "10": 0.041131299661269626,
        "11": 0.04003465497945659,
        "12": 0.033619776142477485,
        "13": 0.031563619317009274,
        "14": 0.04113534530119966,
        "15": 0.04697864125052855,
        "16": 0.040035630457905425
    },
    "dipole": [
        -0.10218448761122037,
        0.32730966050263394,
        0.07524627666449815
    ],
    "global_electrophilicity": 0.5108348617819412,
    "global_nucleophilicity": -8.47131933147457,
    "fukui_electrophilicity": {
        "1": 0.07684720097152196,
        "2": 0.08064568313806496,
        "3": -0.034818658529390326,
        "4": 0.0806615063875807,
        "5": 0.07683891871516853,
        "6": -0.03482041498085679,
        "7": 0.08999160148913701,
        "8": 0.11057634416074627,
        "9": 0.06433101496405912,
        "10": 0.05761901022458645,
        "11": 0.054793415670086484,
        "12": 0.09000467671742853,
        "13": 0.11057456653367978,
        "14": 0.05762509659099161,
        "15": 0.06433525234913727,
        "16": 0.054794785598060294
    },
    "fukui_nucleophilicity": {
        "1": 0.07294258488497261,
        "2": 0.05499710698262611,
        "3": -0.02937030332214355,
        "4": 0.05498959853936716,
        "5": 0.07293815629184468,
        "6": -0.029371825299856505,
        "7": 0.0817869411779962,
        "8": 0.09645243792152097,
        "9": 0.08163376449067188,
        "10": 0.07944314246251055,
        "11": 0.06212387015137702,
        "12": 0.0817880593733036,
        "13": 0.09644562175823601,
        "14": 0.0794477019781703,
        "15": 0.08162959716078785,
        "16": 0.06212354545244751
    },
    "fukui_radical": {
        "1": 0.07489489292824729,
        "2": 0.06782139506034554,
        "3": -0.03209448092576694,
        "4": 0.06782555246347394,
        "5": 0.0748885375035066,
        "6": -0.03209612014035665,
        "7": 0.08588927133356661,
        "8": 0.10351439104113364,
        "9": 0.0729823897273655,
        "10": 0.06853107634354849,
        "11": 0.05845864291073175,
        "12": 0.08589636804536606,
        "13": 0.10351009414595788,
        "14": 0.06853639928458095,
        "15": 0.07298242475496257,
        "16": 0.0584591655252539
    }
}