{
    "smiles": "C=C(/C=C/C#N)OCC",
    "ip": 13.556930766629872,
    "ip_corrected": 8.710930766629872,
    "ea": 4.8018877521257535,
    "homo": -0.3929228251193838,
    "lumo": -0.2889509168412258,
    "charges": {
        "1": -0.134718381805729,
        "2": 0.14475711786849563,
        "3": -0.02248135352538204,
        "4": -0.024176184677714117,
        "5": 0.11535300335063522,
        "6": -0.23545810638742476,
        "7": -0.27066619047619916,
        "8": 0.08628300226130492,
        "9": -0.11320888054531474,
        "10": 0.047164584726203336,
        "11": 0.04354243297260885,
        "12": 0.05840239827900607,
        "13": 0.08070230310372828,
        "14": 0.031231541421422017,
        "15": 0.031231545446878693,
        "16": 0.0568407781780311,
        "17": 0.05684076985462353,
        "18": 0.04835961995482334
    },
    "dipole": [
        -1.9908765285554697,
        -0.5696720146057175,
        -0.583823700557388
    ],
    "global_electrophilicity": 1.0724353825647635,
    "global_nucleophilicity": -8.710930766629872,
    "fukui_electrophilicity": {
        "1": 0.06816258553962606,
        "2": 0.041174397670140084,
        "3": 0.07601180180012251,
        "4": 0.08094084107350544,
        "5": 0.050887616788559575,
        "6": 0.20740398779715458,
        "7": 0.03965649767622004,
        "8": -0.015075130724819058,
        "9": -0.01094049308281081,
        "10": 0.07973007307830324,
        "11": 0.09278154904551023,
        "12": 0.08684733654269225,
        "13": 0.09660398151483011,
        "14": 0.02330433688213087,
        "15": 0.023304307657087964,
        "16": 0.014517096324726107,
        "17": 0.0145170884252118,
        "18": 0.03017212599179677
    },
    "fukui_nucleophilicity": {
        "1": 0.07118054607506985,
        "2": 0.03488089122817217,
        "3": 0.015833916933302328,
        "4": 0.05137761309756964,
        "5": 0.026689043904050774,
        "6": 0.1777678881151531,
        "7": 0.10362313935406148,
        "8": -0.022574307586337716,
        "9": -0.017252089557945424,
        "10": 0.08574303060338412,
        "11": 0.07818758082556103,
        "12": 0.05539166494768535,
        "13": 0.05464266691641764,
        "14": 0.07418494130151745,
        "15": 0.07418485546695089,
        "16": 0.0456868815617079,
        "17": 0.04568691351276324,
        "18": 0.0447648233010753
    },
    "boltzmann_weights": [
        0.34489559577163886,
        0.28902169367540453,
        0.2890124578148502,
        0.042133577793614756,
        0.034577254419298036,
        0.00017971016180461037,
        0.0001797103633890316
    ],
    "best_conformer_elements": [
        6,
        6,
        6,
        6,
        6,
        7,
        8,
        6,
        6,
        1,
        1,
        1,
        1,
        1,
        1,
        1,
        1,
        1
    ],
    "best_conformer_coordinates": [
        [
            0.28020527714939236,
            0.2045955160424993,
            -2.1101532531196017
        ],
        [
            0.5130231011011995,
            0.06662554232871794,
            -0.7983963365382583
        ],
        [
            1.8729943940322142,
            -0.02285075562969578,
            -0.2898177074839415
        ],
        [
            2.1683720556732697,
            -0.16144483483041644,
            1.0104533044113844
        ],
        [
            3.487535509611912,
            -0.2459071691398805,
            1.4804887386482761
        ],
        [
            4.562840950067533,
            -0.3160454766451629,
            1.8765056832778362
        ],
        [
            -0.4276314440768911,
            -0.00460507409413073,
            0.17903411964491744
        ],
        [
            -1.7897833018102398,
            0.07099805749629347,
            -0.19041499580733504
        ],
        [
            -2.6216207132928178,
            -0.0324412844061837,
            1.077820837874992
        ],
        [
            1.1026927618374334,
            0.2502382661323727,
            -2.7986495506051954
        ],
        [
            -0.7037173662748026,
            0.27495917239158973,
            -2.5343119332235333
        ],
        [
            2.6593008016744606,
            0.02891261695000655,
            -1.029181877298637
        ],
        [
            1.387029120208567,
            -0.21399505204769095,
            1.7562744042317773
        ],
        [
            -2.0359746127833236,
            -0.7501397240225103,
            -0.8778026368720542
        ],
        [
            -1.985680576511693,
            1.024547640346783,
            -0.7000684354721887
        ],
        [
            -2.3709060333453693,
            0.7801141719144801,
            1.7543857055796652
        ],
        [
            -3.678014740467987,
            0.02213995771404339,
            0.8317545322985633
        ],
        [
            -2.420665188084675,
            -0.9757015810846666,
            1.5785414552821004
        ]
    ],
    "best_conformer_energy": -26.475381003805275,
    "fukui_radical": {
        "1": 0.06967194042470491,
        "2": 0.03802769330661886,
        "3": 0.04592299395660902,
        "4": 0.06615948919659079,
        "5": 0.03878844591764839,
        "6": 0.19258573604880044,
        "7": 0.07163989094452775,
        "8": -0.018824604639477466,
        "9": -0.014096447511852114,
        "10": 0.0827366860086547,
        "11": 0.08548453269625472,
        "12": 0.0711194030833348,
        "13": 0.07562330275138351,
        "14": 0.04874437856240079,
        "15": 0.04874440023837423,
        "16": 0.030101884371781726,
        "17": 0.03746838206818196,
        "18": 0.030101892575538
    }
}