{
    "smiles": "C=C(C)C(=O)OCSC",
    "best_conformer_coordinates": [
        [
            -2.298004463934021,
            -0.7248952307726144,
            -0.21269421539621994
        ],
        [
            -1.614771424312238,
            0.34502308439563983,
            0.18121325529038912
        ],
        [
            -2.1925638024299663,
            1.7200425720956665,
            0.28911298178447076
        ],
        [
            -0.17170958463402586,
            0.257605473783071,
            0.5226679050361578
        ],
        [
            0.5479944316733116,
            1.211990025970095,
            0.6853061231404616
        ],
        [
            0.25120934669374423,
            -1.0179224940195144,
            0.6417425845587142
        ],
        [
            1.6206635746704863,
            -1.2334443050161399,
            0.8775031491322647
        ],
        [
            2.4748568194483824,
            -1.8097142976179503,
            -0.6220288665495322
        ],
        [
            2.431581371356699,
            -0.27965399993401097,
            -1.59812833854907
        ],
        [
            -1.8388394345886936,
            -1.6950583372394767,
            -0.28451148653851077
        ],
        [
            -3.340173302564935,
            -0.656185339082744,
            -0.4761582901110429
        ],
        [
            -3.2153892564266573,
            1.7408778504965075,
            -0.07480848820580355
        ],
        [
            -2.1737111260750916,
            2.0491272621690815,
            1.3271739350368221
        ],
        [
            -1.5856235383462076,
            2.4206226408095146,
            -0.28145761240279604
        ],
        [
            1.7156312808123722,
            -2.034244850454875,
            1.610707218314556
        ],
        [
            2.098159565992576,
            -0.3126342188017267,
            1.2262932187960738
        ],
        [
            2.8532441624949794,
            0.5334241597288718,
            -1.0145167928361547
        ],
        [
            1.4066755004894498,
            -0.05571171301043821,
            -1.8821794399352076
        ],
        [
            3.030769879679897,
            -0.45924827291810055,
            -2.4843174344999035
        ]
    ],
    "best_conformer_elements": [
        6,
        6,
        6,
        6,
        8,
        8,
        6,
        16,
        6,
        1,
        1,
        1,
        1,
        1,
        1,
        1,
        1,
        1,
        1
    ],
    "best_conformer_energy": -29.29890768293923,
    "ip": 13.100744970518079,
    "ip_corrected": 8.254744970518079,
    "ea": 4.634647052309891,
    "homo": -0.3706687608745347,
    "lumo": -0.28114370704020014,
    "charges": {
        "1": -0.07867354452949801,
        "2": -0.007202216549955107,
        "3": -0.11086233645822066,
        "4": 0.3534061942295638,
        "5": -0.41044278055942474,
        "6": -0.26322510279986755,
        "7": 0.12336597233126437,
        "8": -0.1858595050863165,
        "9": -0.047983165884660485,
        "10": 0.06719191046092704,
        "11": 0.05936332692715391,
        "12": 0.053105457635726626,
        "13": 0.0631088299015694,
        "14": 0.06895764019999662,
        "15": 0.0685129216175383,
        "16": 0.0690654012768326,
        "17": 0.06266761108993202,
        "18": 0.0505551295328401,
        "19": 0.06494825666459707
    },
    "dipole": [
        -0.813709789525814,
        0.2557409288955068,
        -0.04541570231168309
    ],
    "global_electrophilicity": 0.9552239393214057,
    "global_nucleophilicity": -8.254744970518079,
    "fukui_electrophilicity": {
        "1": 0.06724880848071321,
        "2": 0.05942777502237308,
        "3": -0.03149933972020284,
        "4": 0.06253251571693436,
        "5": 0.15441915297795916,
        "6": 0.05944021524084708,
        "7": -0.0335829906599347,
        "8": 0.19278871937686815,
        "9": -0.031171790884574193,
        "10": 0.07651387723905383,
        "11": 0.09507878374968969,
        "12": 0.04970297990645847,
        "13": 0.051527360723122306,
        "14": 0.04635362341489917,
        "15": 0.05578620638065554,
        "16": 0.03890795708154355,
        "17": 0.029658657383114767,
        "18": 0.014611898986509456,
        "19": 0.04225558958398029
    },
    "fukui_nucleophilicity": {
        "1": 0.02442444085482153,
        "2": 0.03012636772683218,
        "3": -0.015358785682671322,
        "4": 0.0017249867319380496,
        "5": 0.06712242985873779,
        "6": 0.031154597068904055,
        "7": -0.05757083743464275,
        "8": 0.4578323054012635,
        "9": -0.07020349639624901,
        "10": 0.03398409594130619,
        "11": 0.05683823679493721,
        "12": 0.04518766713607917,
        "13": 0.057379630118305144,
        "14": 0.04573871792489083,
        "15": 0.05331553963614341,
        "16": 0.0514917343459141,
        "17": 0.06505154412477046,
        "18": 0.06427342744934139,
        "19": 0.057487398399380274
    },
    "fukui_radical": {
        "1": 0.045836624667767376,
        "2": 0.04477707137460263,
        "3": -0.023429062701437083,
        "4": 0.0321287512244362,
        "5": 0.11077079141834847,
        "6": 0.04529740615487557,
        "7": -0.045576914047288725,
        "8": 0.32531051238906583,
        "9": -0.050687643640411596,
        "10": 0.05524898659018001,
        "11": 0.07595851027231344,
        "12": 0.047445323521268824,
        "13": 0.054453495420713725,
        "14": 0.046046170669895,
        "15": 0.054550873008399475,
        "16": 0.04519984571372883,
        "17": 0.047355100753942614,
        "18": 0.03944266321792543,
        "19": 0.04987149399168028
    }
}