{
    "smiles": "C=C(C)C(=O)Nc1nccs1",
    "best_conformer_coordinates": [
        [
            -2.2327761087719145,
            -0.4063336718644084,
            -1.6820393281166994
        ],
        [
            -2.0316005264186936,
            0.10913781519172841,
            -0.47462603262330383
        ],
        [
            -3.1344416939603996,
            0.5065906935632097,
            0.45326298871773774
        ],
        [
            -0.6677984476998204,
            0.4109052509135753,
            0.040556143282258775
        ],
        [
            -0.42139760677537685,
            1.3409111280220665,
            0.7838189169113234
        ],
        [
            0.32157146965837047,
            -0.43924816193491956,
            -0.3732342040867236
        ],
        [
            1.6256708980090984,
            -0.2786215575060559,
            0.017197613820426717
        ],
        [
            2.57619717564614,
            -1.0709624301813148,
            -0.34913019443236143
        ],
        [
            3.7595598439574043,
            -0.675818171295896,
            0.18304835233706904
        ],
        [
            3.706079996326574,
            0.43070897226189636,
            0.9641486075218181
        ],
        [
            2.090803011676527,
            1.0380282084428623,
            1.0599249612381312
        ],
        [
            -3.2293915540484854,
            -0.5807712244469356,
            -2.0513191282228895
        ],
        [
            -1.4315955236743956,
            -0.6424224149870214,
            -2.362243283099137
        ],
        [
            -3.130485413233187,
            -0.13623864945863895,
            1.3331678139891467
        ],
        [
            -2.963472938541257,
            1.5257957724898223,
            0.7948692041876576
        ],
        [
            -4.102764547410072,
            0.4381559075128057,
            -0.033503600006683926
        ],
        [
            0.12152224344385716,
            -1.2356816402270463,
            -0.9605858362215163
        ],
        [
            4.63785215502101,
            -1.2515569545730527,
            -0.044673728292563754
        ],
        [
            4.5064675826701786,
            0.9174211545362867,
            1.4817383709111829
        ]
    ],
    "best_conformer_elements": [
        6,
        6,
        6,
        6,
        8,
        7,
        6,
        7,
        6,
        6,
        16,
        1,
        1,
        1,
        1,
        1,
        1,
        1,
        1
    ],
    "best_conformer_energy": -32.21037324315093,
    "ip": 13.13130569110748,
    "ip_corrected": 8.28530569110748,
    "ea": 4.971001349348044,
    "homo": -0.38439820274569286,
    "lumo": -0.2783244477716298,
    "charges": {
        "1": -0.09445775846482843,
        "2": -0.005076092315576611,
        "3": -0.1103162616781555,
        "4": 0.27362303414038297,
        "5": -0.38138901421438715,
        "6": -0.15406389240281126,
        "7": 0.17197775600156587,
        "8": -0.27209580269111,
        "9": 0.03211193332908528,
        "10": -0.04755328778194291,
        "11": 0.0017184745429546927,
        "12": 0.05769101858935196,
        "13": 0.04359966731031849,
        "14": 0.05917310219289214,
        "15": 0.07756173241453933,
        "16": 0.0527305611138519,
        "17": 0.20102989968028856,
        "18": 0.045674573061066835,
        "19": 0.048060357172510025
    },
    "dipole": [
        -0.7446120295809008,
        -0.7296859933677902,
        -0.5877520651357534
    ],
    "global_electrophilicity": 1.083496116571999,
    "global_nucleophilicity": -8.28530569110748,
    "fukui_electrophilicity": {
        "1": 0.052160977158233646,
        "2": 0.048688081373855586,
        "3": -0.025387747228035065,
        "4": 0.05120772975758758,
        "5": 0.11601420110663269,
        "6": 0.028697777828973203,
        "7": 0.0013002274818902093,
        "8": 0.08053848870363522,
        "9": 0.01063011209910724,
        "10": 0.0184301273403647,
        "11": 0.1798835434495749,
        "12": 0.08020760473339478,
        "13": 0.06291369500918245,
        "14": 0.04376798402531041,
        "15": 0.03814323665899598,
        "16": 0.04495803442270873,
        "17": 0.04112801350588807,
        "18": 0.06444357271911905,
        "19": 0.06227433985358391
    },
    "fukui_nucleophilicity": {
        "1": 0.03116648444175682,
        "2": 0.02745547777641552,
        "3": -0.01634159422704176,
        "4": 0.005551602406301037,
        "5": 0.054918618637377514,
        "6": 0.05634109980232099,
        "7": 0.00047430297848014,
        "8": 0.080954931064945,
        "9": 0.04456104708386503,
        "10": 0.01662045946942066,
        "11": 0.26332931064868303,
        "12": 0.05698644899444987,
        "13": 0.03957760473324104,
        "14": 0.05220050953838319,
        "15": 0.043727684498128916,
        "16": 0.042534731000372895,
        "17": 0.04422339495939187,
        "18": 0.08003350987695998,
        "19": 0.07568437631661357
    },
    "fukui_radical": {
        "1": 0.04166373079999523,
        "2": 0.03807177957513555,
        "3": -0.020864670727538413,
        "4": 0.02837966608194431,
        "5": 0.0854664098720051,
        "6": 0.0425194388156471,
        "7": 0.0008872652301851747,
        "8": 0.08074670988429011,
        "9": 0.027595579591486136,
        "10": 0.01752529340489268,
        "11": 0.22160642704912897,
        "12": 0.06859702686392233,
        "13": 0.051245649871211746,
        "14": 0.047984246781846804,
        "15": 0.04093546057856245,
        "16": 0.04374638271154081,
        "17": 0.04267570423263997,
        "18": 0.07223854129803951,
        "19": 0.06897935808509874
    }
}