{
    "smiles": "C=C(C)C(=O)OCC(Cl)(Cl)Cl",
    "best_conformer_coordinates": [
        [
            -1.658013869382271,
            -1.4716993610465035,
            -0.02244954678270171
        ],
        [
            -1.6771917760019006,
            -0.14277972822140428,
            0.017377188646382345
        ],
        [
            -2.924702932200963,
            0.681037910967006,
            0.05244696715790157
        ],
        [
            -0.4231555968818812,
            0.6480901189103098,
            0.030446341636525133
        ],
        [
            -0.3631811935926785,
            1.8502818807150752,
            0.0658191821454418
        ],
        [
            0.6862072361902436,
            -0.12652901021272886,
            -0.001987453630016007
        ],
        [
            1.9148517559574154,
            0.5690966128420153,
            0.00845266106023871
        ],
        [
            3.030359738863201,
            -0.4611153073490263,
            -0.031645476785979156
        ],
        [
            2.9289325244902327,
            -1.5277434431002137,
            1.3799811510389093
        ],
        [
            2.904743402432229,
            -1.4417450604452409,
            -1.5024473581609268
        ],
        [
            4.595300568921449,
            0.37377722142255043,
            -0.019869040082348376
        ],
        [
            -2.570976300840256,
            -2.043113727127136,
            -0.03183462178292001
        ],
        [
            -0.7353124615472889,
            -2.0235485367587476,
            -0.046673467379491164
        ],
        [
            -3.807126421801445,
            0.04872933254431049,
            0.04099133085104181
        ],
        [
            -2.9479490577277283,
            1.353216165724809,
            -0.80349996589326
        ],
        [
            -2.93323712296096,
            1.3009669603182852,
            0.9472230299345967
        ],
        [
            1.9976928268203809,
            1.1799987721785272,
            0.916451451877895
        ],
        [
            1.9827586792622423,
            1.2330791986380756,
            -0.8627773058941877
        ]
    ],
    "best_conformer_elements": [
        6,
        6,
        6,
        6,
        8,
        8,
        6,
        6,
        17,
        17,
        17,
        1,
        1,
        1,
        1,
        1,
        1,
        1
    ],
    "best_conformer_energy": -38.17763834735656,
    "ip": 14.05897045604421,
    "ip_corrected": 9.21297045604421,
    "ea": 5.0868565068786245,
    "homo": -0.43009257083529134,
    "lumo": -0.2868661526175458,
    "charges": {
        "1": -0.07742477839600428,
        "2": -0.0037773645721673327,
        "3": -0.11341545070744169,
        "4": 0.35162986369949156,
        "5": -0.3970906770448035,
        "6": -0.25696232494990634,
        "7": 0.08501122296170409,
        "8": 0.22081779512509214,
        "9": -0.09942553828986002,
        "10": -0.09942556167898411,
        "11": -0.10914304215721361,
        "12": 0.06430937753006147,
        "13": 0.06927947088446818,
        "14": 0.056400558935396757,
        "15": 0.06894379332518526,
        "16": 0.06894367454486292,
        "17": 0.08566465941144139,
        "18": 0.0856643213786891
    },
    "dipole": [
        -0.7611529553567701,
        -0.37094625711538726,
        -0.004683259365489363
    ],
    "global_electrophilicity": 1.2451753949970559,
    "global_nucleophilicity": -9.21297045604421,
    "fukui_electrophilicity": {
        "1": 0.05123417266697586,
        "2": 0.04868276546981008,
        "3": -0.02632738129682345,
        "4": 0.045849380271848095,
        "5": 0.12559267460561885,
        "6": 0.057619566888994445,
        "7": -0.0455179906357953,
        "8": 0.02629166296557872,
        "9": 0.11332305948118264,
        "10": 0.11332318801148264,
        "11": 0.13520568720506387,
        "12": 0.0770089594796319,
        "13": 0.05721387379160581,
        "14": 0.04140824353954516,
        "15": 0.0411267900243797,
        "16": 0.04112666049905653,
        "17": 0.048419244869283534,
        "18": 0.04841944216256515
    },
    "fukui_nucleophilicity": {
        "1": 0.03463076561665074,
        "2": 0.04502586344081075,
        "3": -0.01582488132148621,
        "4": 0.008242368400566746,
        "5": 0.10009625547588474,
        "6": 0.042558838736082405,
        "7": -0.02877896213847446,
        "8": -0.024400289114604734,
        "9": 0.14197099166036053,
        "10": 0.1419710923049174,
        "11": 0.15352394900676192,
        "12": 0.07125983717575582,
        "13": 0.053185986403292404,
        "14": 0.05457100236879605,
        "15": 0.07371002585029689,
        "16": 0.07370972080543328,
        "17": 0.03727359550763919,
        "18": 0.037273839821255955
    },
    "fukui_radical": {
        "1": 0.0429324691418133,
        "2": 0.046854314455310415,
        "3": -0.02107613130915483,
        "4": 0.02704587433620742,
        "5": 0.1128444650407518,
        "6": 0.050089202812538425,
        "7": -0.03714847638713488,
        "8": 0.0009456869254869937,
        "9": 0.1276470255707716,
        "10": 0.1276471401582,
        "11": 0.1443648181059129,
        "12": 0.07413439832769386,
        "13": 0.055199930097449106,
        "14": 0.047989622954170606,
        "15": 0.057418407937338295,
        "16": 0.057418190652244905,
        "17": 0.04284642018846136,
        "18": 0.04284664099191055
    }
}