{
    "smiles": "C=C(C)C(=O)OCCCCC",
    "ip": 13.464280630643945,
    "ip_corrected": 8.618280630643945,
    "ea": 3.9365835607925437,
    "homo": -0.4086713015943338,
    "lumo": -0.2660368731008908,
    "charges": {
        "1": -0.08254338103911431,
        "2": -0.00805759599942829,
        "3": -0.11005881238275697,
        "4": 0.352342716212827,
        "5": -0.4168406253283748,
        "6": -0.26716907186023364,
        "7": 0.07371411005671735,
        "8": -0.06459644022215998,
        "9": -0.05556611895158131,
        "10": -0.054023368394874295,
        "11": -0.10291703043317596,
        "12": 0.06170564967789639,
        "13": 0.05416909886192053,
        "14": 0.061872500630322666,
        "15": 0.06804320778640381,
        "16": 0.049660998565943866,
        "17": 0.06305158036879113,
        "18": 0.04838367235260598,
        "19": 0.04597906879456407,
        "20": 0.04150655223058604,
        "21": 0.03389195033476603,
        "22": 0.04232974719269746,
        "23": 0.02991250320653092,
        "24": 0.029420459783704903,
        "25": 0.03469526563595091,
        "26": 0.034366197455753006,
        "27": 0.03672716546373006
    },
    "dipole": [
        0.10180105225477278,
        -0.20681680819915724,
        -0.7431788115524912
    ],
    "global_electrophilicity": 0.7796557064935444,
    "global_nucleophilicity": -8.618280630643945,
    "fukui_electrophilicity": {
        "1": 0.09055211477009308,
        "2": 0.08127291751401816,
        "3": -0.03773753124742377,
        "4": 0.083572134183521,
        "5": 0.1896204955768523,
        "6": 0.07590874320712448,
        "7": -0.019415805979198147,
        "8": -0.010482565533655272,
        "9": -0.0019954485949564144,
        "10": -0.003807954459346813,
        "11": -0.0055094926644273234,
        "12": 0.10284120332984731,
        "13": 0.11741429672605563,
        "14": 0.0628516000008154,
        "15": 0.059292320298607266,
        "16": 0.05909327997036383,
        "17": 0.021290789727736348,
        "18": 0.047148276423427685,
        "19": 0.01929123252372061,
        "20": 0.037018721596294886,
        "21": -0.021105188598051737,
        "22": 0.0028021926543439074,
        "23": 0.016045497042068202,
        "24": 0.009837743514680804,
        "25": -0.00045873641284176897,
        "26": 0.01832250220452294,
        "27": 0.0063366622258153316
    },
    "fukui_nucleophilicity": {
        "1": 0.030381270086323686,
        "2": 0.037870475409129994,
        "3": -0.015544100029898977,
        "4": 0.007146588277119392,
        "5": 0.0913844663805724,
        "6": 0.04330094933861467,
        "7": -0.011436403875626139,
        "8": -0.01064664770996289,
        "9": -0.008194923852053712,
        "10": -0.006645227218676303,
        "11": -0.017094079995017566,
        "12": 0.0482578187036725,
        "13": 0.06603273931230996,
        "14": 0.06277071563674202,
        "15": 0.05113896520789081,
        "16": 0.048136551921091765,
        "17": 0.02207283729790939,
        "18": 0.04972932428978006,
        "19": 0.04138600009194363,
        "20": 0.04710614034637392,
        "21": 0.04614583500088893,
        "22": 0.05919708062312105,
        "23": 0.0768851888282732,
        "24": 0.07887737191750126,
        "25": 0.05116033095571731,
        "26": 0.05095437590352077,
        "27": 0.059626357152763404
    },
    "fukui_radical": {
        "1": 0.06046669242820838,
        "2": 0.05957169646157408,
        "3": -0.026640815638661372,
        "4": 0.045359361230320194,
        "5": 0.14050248097871235,
        "6": 0.05960484627286958,
        "7": -0.015426104927412143,
        "8": -0.01056460662180908,
        "9": -0.005095186223505063,
        "10": -0.005226590839011558,
        "11": -0.011301786329722445,
        "12": 0.07554951101675991,
        "13": 0.0917235180191828,
        "14": 0.06281115781877872,
        "15": 0.05521564275324904,
        "16": 0.0536149159457278,
        "17": 0.02168181351282287,
        "18": 0.048438800356603876,
        "19": 0.03033861630783212,
        "20": 0.0420624309713344,
        "21": 0.012520323201418597,
        "22": 0.030999636638732477,
        "23": 0.0464653429351707,
        "24": 0.04435755771609103,
        "25": 0.02535079727143777,
        "26": 0.034638439054021856,
        "27": 0.03298150968928937
    },
    "best_conformer_coordinates": [
        [
            -2.890386382641649,
            -0.3159425811459793,
            -1.6595133477781492
        ],
        [
            -2.8083857525642935,
            -0.06985867249994113,
            -0.35675259482107274
        ],
        [
            -3.788178675458623,
            0.7671926733112465,
            0.4016285641982656
        ],
        [
            -1.6864407594386281,
            -0.6019329736883967,
            0.46730344391427614
        ],
        [
            -1.4825230046177635,
            -0.2716040511293459,
            1.6105271409245487
        ],
        [
            -0.9400700013819148,
            -1.4921240058043779,
            -0.19908352826913855
        ],
        [
            0.2035887445004075,
            -2.027441591722702,
            0.46238690218578016
        ],
        [
            1.4903824248416722,
            -1.4292941178865102,
            -0.10231983350038319
        ],
        [
            1.5979263443004583,
            0.06996553744716745,
            0.16763591889910887
        ],
        [
            2.919533539643696,
            0.646041120569248,
            -0.3336406549760563
        ],
        [
            3.0155469933907653,
            2.1439272774832405,
            -0.07213853514717397
        ],
        [
            -2.158646468173015,
            -0.9195807719977803,
            -2.1664858557524918
        ],
        [
            -3.6954923030763664,
            0.0808975360624611,
            -2.2554244393919642
        ],
        [
            -4.292761435761498,
            0.15817491019174162,
            1.1503298391882417
        ],
        [
            -3.261496425522274,
            1.5576515813245748,
            0.9330201148801229
        ],
        [
            -4.5268902862669,
            1.2025681669091663,
            -0.26490006259662485
        ],
        [
            0.12140702845331791,
            -1.8189504154238088,
            1.5342935275467955
        ],
        [
            0.1754760714075593,
            -3.1074766584738196,
            0.29239096912348095
        ],
        [
            1.5236675193625642,
            -1.6121183439497835,
            -1.1784866050147043
        ],
        [
            2.3326110903146535,
            -1.949493421185728,
            0.3579525856159245
        ],
        [
            0.7714311588379359,
            0.5869156472432765,
            -0.3260079534313831
        ],
        [
            1.5051561311421247,
            0.2511318122182627,
            1.240756887679967
        ],
        [
            3.747171048748706,
            0.13641446607016913,
            0.16523625101977277
        ],
        [
            3.012937606592704,
            0.4573076390760101,
            -1.4057558512982924
        ],
        [
            2.210499927487196,
            2.6716713852790197,
            -0.5788608936464906
        ],
        [
            3.963841790901361,
            2.536338704656017,
            -0.4320672087761447
        ],
        [
            2.9400940802703177,
            2.3496191576509173,
            0.9932341952618866
        ]
    ],
    "best_conformer_elements": [
        6,
        6,
        6,
        6,
        8,
        8,
        6,
        6,
        6,
        6,
        6,
        1,
        1,
        1,
        1,
        1,
        1,
        1,
        1,
        1,
        1,
        1,
        1,
        1,
        1,
        1,
        1
    ],
    "best_conformer_energy": -35.55609081663327
}