{
    "smiles": "C=C(C)C(N)=O",
    "best_conformer_coordinates": [
        [
            0.24031956880281033,
            1.2475813417011004,
            -0.8413597650288785
        ],
        [
            -0.27592454403889166,
            0.22798391170272167,
            -0.16804160734105839
        ],
        [
            -1.6924216431720436,
            0.17708068206497943,
            0.30652659440974267
        ],
        [
            0.51044897983123,
            -1.0165836757222164,
            0.11029663854917443
        ],
        [
            1.8149757922883045,
            -0.8143401544046732,
            0.4177969489185833
        ],
        [
            0.022939445300434277,
            -2.126035906878919,
            0.06798132342659834
        ],
        [
            -0.348147131680165,
            2.1197539090375934,
            -1.0745950567588165
        ],
        [
            1.2504079456420307,
            1.2466462083140033,
            -1.215952783909257
        ],
        [
            -2.274730486023029,
            1.0017647085769286,
            -0.09484939451476275
        ],
        [
            -1.722382186394629,
            0.21578054402240265,
            1.39543283507715
        ],
        [
            -2.13248668968228,
            -0.7706409308869905,
            0.0016663546638138128
        ],
        [
            2.3967265285110395,
            -1.613917646290594,
            0.6051904785074422
        ],
        [
            2.2102744259070186,
            0.10492700876382159,
            0.4899074287084832
        ]
    ],
    "best_conformer_elements": [
        6,
        6,
        6,
        6,
        7,
        8,
        1,
        1,
        1,
        1,
        1,
        1,
        1
    ],
    "best_conformer_energy": -19.09369291014858,
    "ip": 13.98716273626896,
    "ip_corrected": 9.14116273626896,
    "ea": 3.3165269283329004,
    "homo": -0.39108218096958464,
    "lumo": -0.24612915842828959,
    "charges": {
        "1": -0.09703667194853494,
        "2": -0.006334663493356887,
        "3": -0.10820624045679714,
        "4": 0.2825728986191237,
        "5": -0.2710729206525923,
        "6": -0.4281002090893033,
        "7": 0.04642582304334379,
        "8": 0.036859137360708234,
        "9": 0.04670110702238216,
        "10": 0.05289147966116597,
        "11": 0.0743159711665523,
        "12": 0.19141156454248623,
        "13": 0.1795727242248358
    },
    "dipole": [
        0.8466571273112269,
        1.249671907184756,
        0.2488837411799055
    ],
    "global_electrophilicity": 0.6787062715034837,
    "global_nucleophilicity": -9.14116273626896,
    "fukui_electrophilicity": {
        "1": 0.08618762104590308,
        "2": 0.0932649977428485,
        "3": -0.03821607353956333,
        "4": 0.07279739316769729,
        "5": 0.05492114489709371,
        "6": 0.17882987538843592,
        "7": 0.12074550347749562,
        "8": 0.10556742831665178,
        "9": 0.06334455716843554,
        "10": 0.0701622227884828,
        "11": 0.06170907812107288,
        "12": 0.07299239006094979,
        "13": 0.05769386136451643
    },
    "fukui_nucleophilicity": {
        "1": 0.04025488855774686,
        "2": 0.061761289025785884,
        "3": -0.019060513042375826,
        "4": 0.024603165311405994,
        "5": 0.07049449664733132,
        "6": 0.2218989763771244,
        "7": 0.11565034998660802,
        "8": 0.09123526440113278,
        "9": 0.09248543815633568,
        "10": 0.09834924444203916,
        "11": 0.0738837700778575,
        "12": 0.06993945373705732,
        "13": 0.05850417632193211
    },
    "fukui_radical": {
        "1": 0.06322125480182497,
        "2": 0.0775131433843172,
        "3": -0.028638293290969577,
        "4": 0.04870027923955164,
        "5": 0.06270782077221251,
        "6": 0.20036442588278017,
        "7": 0.11819792673205182,
        "8": 0.09840134635889228,
        "9": 0.0779149976623856,
        "10": 0.08425573361526098,
        "11": 0.0677964240994652,
        "12": 0.07146592189900355,
        "13": 0.05809901884322427
    }
}