{
    "smiles": "C=C(C)C1=NCCO1",
    "ip": 13.303851938757285,
    "ip_corrected": 8.457851938757285,
    "ea": 3.75258645292473,
    "homo": -0.38634381230630344,
    "lumo": -0.2561413241921044,
    "charges": {
        "1": -0.08984463443160068,
        "2": 0.008484482633803359,
        "3": -0.10806058209695715,
        "4": 0.23640165549482045,
        "5": -0.30191295445853966,
        "6": 0.018744764551370606,
        "7": 0.07387875468060241,
        "8": -0.285192643787903,
        "9": 0.054673497115851934,
        "10": 0.06689723041206394,
        "11": 0.0479326427171299,
        "12": 0.058399624195038885,
        "13": 0.05847356262616872,
        "14": 0.04361092923383268,
        "15": 0.04360592828236363,
        "16": 0.03695709845447121,
        "17": 0.036950644377490294
    },
    "dipole": [
        0.16014518692843194,
        0.4459932603393036,
        -0.2242623960467412
    ],
    "global_electrophilicity": 0.7097875263927982,
    "global_nucleophilicity": -8.457851938757285,
    "fukui_electrophilicity": {
        "1": 0.08908857343420346,
        "2": 0.08006828123296753,
        "3": -0.034242336794703454,
        "4": 0.06608650365151011,
        "5": 0.1454956294433623,
        "6": -0.030626693365935195,
        "7": -0.024425892789927628,
        "8": 0.07657050413958738,
        "9": 0.11248465618748729,
        "10": 0.09482798703736968,
        "11": 0.053732813546554084,
        "12": 0.06011978113317709,
        "13": 0.060042203933560905,
        "14": 0.06875539907063553,
        "15": 0.06875446164013783,
        "16": 0.05663589426612635,
        "17": 0.05663223423389539
    },
    "fukui_nucleophilicity": {
        "1": 0.05444652273580837,
        "2": 0.04139399061375078,
        "3": -0.023275002030713254,
        "4": 0.016850350042756312,
        "5": 0.1317540937906816,
        "6": -0.02513083527034446,
        "7": -0.02150209945054174,
        "8": 0.09875618457926894,
        "9": 0.07743391803699323,
        "10": 0.06129543218619571,
        "11": 0.05398383239954408,
        "12": 0.06624794184034805,
        "13": 0.06602453077301573,
        "14": 0.11101474571140203,
        "15": 0.11104425162206188,
        "16": 0.08982661893606603,
        "17": 0.0898355237764657
    },
    "boltzmann_weights": [
        0.26001212011795066,
        0.7399878798820494
    ],
    "best_conformer_elements": [
        6,
        6,
        6,
        6,
        7,
        6,
        6,
        8,
        1,
        1,
        1,
        1,
        1,
        1,
        1,
        1,
        1
    ],
    "best_conformer_coordinates": [
        [
            1.806141717768089,
            0.11845648514924077,
            1.6263266991580725
        ],
        [
            1.3131126551720023,
            -0.08518321708118909,
            0.4080575903556526
        ],
        [
            2.1424718388661335,
            -0.45869386731855055,
            -0.779623888050722
        ],
        [
            -0.1208831298348684,
            0.05397686052919732,
            0.17059250937977138
        ],
        [
            -0.9857833168119042,
            0.3650274006449613,
            1.0453177062303767
        ],
        [
            -2.2789903941477605,
            0.39615119230322254,
            0.4089580867005887
        ],
        [
            -1.9809387191028869,
            0.027174033906022105,
            -1.067569776791457
        ],
        [
            -0.5735035733392754,
            -0.1676831821490302,
            -1.0948035651080816
        ],
        [
            2.8587217053281737,
            0.02297916275506868,
            1.8306941940315442
        ],
        [
            1.1580074767656698,
            0.38543585714847056,
            2.441317701083095
        ],
        [
            1.8018300209370794,
            -1.4081709298363263,
            -1.189549960086763
        ],
        [
            3.1904700906356527,
            -0.54115939944039,
            -0.505211894289945
        ],
        [
            2.0332593736731797,
            0.29065587400907167,
            -1.5620526840101294
        ],
        [
            -2.712929206454096,
            1.3931551207241173,
            0.5170777870881502
        ],
        [
            -2.9420510927945136,
            -0.3208907009470575,
            0.8991134051793389
        ],
        [
            -2.2386533369833717,
            0.8275541694628838,
            -1.7666564548130883
        ],
        [
            -2.4702821043855416,
            -0.898784849276288,
            -1.381987450764714
        ]
    ],
    "best_conformer_energy": -24.40288566051702,
    "fukui_radical": {
        "1": 0.07176779737108979,
        "2": 0.06073113656658786,
        "3": -0.02875869275381883,
        "4": 0.04146837363514337,
        "5": 0.13862490401612473,
        "6": -0.02787878345669277,
        "7": -0.022964034111327025,
        "8": 0.08766337380988265,
        "9": 0.09495903992740769,
        "10": 0.0780615086597272,
        "11": 0.06303328749378512,
        "12": 0.0538582910596316,
        "13": 0.06318379183351415,
        "14": 0.08988516433223279,
        "15": 0.08989945423752602,
        "16": 0.07323400369792936,
        "17": 0.07323138382764416
    }
}