{"smiles": "C=C(C)C(=O)OCCN(C)C", "ip": 12.694146465090139, "ip_corrected": 7.848146465090139, "ea": 3.995633035957037, "homo": -0.35457690467290315, "lumo": -0.26854278828089123, "charges": {"1": -0.08220041174321704, "2": -0.007950858071204395, "3": -0.11011809166775746, "4": 0.35060521721125637, "5": -0.4149831725763836, "6": -0.26849103320027146, "7": 0.07292496281484234, "8": 0.006283611093932981, "9": -0.17689211189927495, "10": -0.03342731166098094, "11": -0.03639754492722236, "12": 0.06301712531385084, "13": 0.05586628380740418, "14": 0.06566057055481356, "15": 0.050388438788350115, "16": 0.06472742918261461, "17": 0.06555525311934217, "18": 0.05792518386048842, "19": 0.028629222342456375, "20": 0.04590169525780353, "21": 0.04400613221920541, "22": 0.03993372573848075, "23": 0.016414501906019025, "24": 0.043563235338843896, "25": 0.03898133295644587, "26": 0.020076614240167066}, "dipole": [0.11524186598966168, -0.5001846697303989, 0.08012256341209663], "global_electrophilicity": 0.7036966480569705, "global_nucleophilicity": -7.848146465090139, "fukui_electrophilicity": {"1": 0.09096480663300224, "2": 0.08052455133181556, "3": -0.0379112706926792, "4": 0.08354713022881638, "5": 0.19192092839621855, "6": 0.07356375901239848, "7": -0.02224893515818943, "8": -0.003313403170412635, "9": 0.010936312102612838, "10": -0.010565030724771322, "11": -0.011265205038417339, "12": 0.1030148706118342, "13": 0.11752531931700529, "14": 0.06067553995615299, "15": 0.059007605085265445, "16": 0.06122577084440713, "17": 0.0485176207940448, "18": 0.025587313587160147, "19": 0.0016380602627695945, "20": 0.010600468078984258, "21": 0.020360300363603718, "22": 0.006925439779115437, "23": 0.009812040409709035, "24": 0.021969848726470655, "25": -0.0005520679180459204, "26": 0.007538227181143119}, "fukui_nucleophilicity": {"1": 0.027716748307618083, "2": 0.030001759484481486, "3": -0.01394453548305949, "4": 0.004519354701057299, "5": 0.05839854355365609, "6": 0.03142806321791264, "7": -0.009825342903194506, "8": -0.03261059324431669, "9": 0.17995177441870974, "10": -0.04682146359502408, "11": -0.04673071844332416, "12": 0.03794335197282632, "13": 0.05341573210379189, "14": 0.04540246735865411, "15": 0.03857752706396976, "16": 0.04956878514847296, "17": 0.03478899308032446, "18": 0.026215694600780423, "19": 0.07808096191075219, "20": 0.046921144375495, "21": 0.05936021983170689, "22": 0.05596831116181657, "23": 0.09037773178007172, "24": 0.057884481919503995, "25": 0.05539021659079021, "26": 0.08802079113673125}, "fukui_radical": {"1": 0.05934077747031016, "2": 0.05526315540814852, "3": -0.025927903087869346, "4": 0.04403324246493684, "5": 0.12515973597493732, "6": 0.05249591111515556, "7": -0.01603713903069197, "8": -0.017961998207364663, "9": 0.09544404326066129, "10": -0.0286932471598977, "11": -0.02899796174087075, "12": 0.07047911129233025, "13": 0.08547052571039859, "14": 0.05303900365740355, "15": 0.0487925660746176, "16": 0.05539727799644004, "17": 0.04165330693718463, "18": 0.025901504093970285, "19": 0.03985951108676089, "20": 0.02876080622723963, "21": 0.0398602600976553, "22": 0.031446875470466, "23": 0.05009488609489038, "24": 0.039927165322987325, "25": 0.027419074336372144, "26": 0.04777950915893718}, "best_conformer_coordinates": [[3.622424126697128, -0.9625036244782507, -0.14983376099400525], [3.1142418433336485, 0.21400021223764593, 0.20038124691481762], [3.8745130751646384, 1.269203279378302, 0.9384427626018811], [1.7063122336973178, 0.5798720602913702, -0.11674496512251724], [1.1911193155215798, 1.6188504234996068, 0.21973589661046752], [1.0709484562065492, -0.36332586122629745, -0.8276915402880183], [-0.28680565674007347, -0.10039026847875217, -1.1658700547708967], [-1.2165254843470197, -0.44969494334641413, 0.00018066468369947958], [-2.5898133298978503, -0.6120312147116591, -0.441333153487638], [-3.3886362585420757, -1.2645962595178142, 0.5769479316903382], [-3.188073709031567, 0.6480483827477992, -0.8364252776740946], [3.0377631406754726, -1.6935864942433214, -0.6793164704011562], [4.640738860280939, -1.2249796400389912, 0.08446888789741429], [3.3639844016066878, 1.5078007308324988, 1.8698680675887462], [4.887312631229185, 0.9410690087561533, 1.1527220059322534], [3.9060583812351433, 2.1829621073479357, 0.3473736982375634], [-0.5108781939586886, -0.7400974215647721, -2.0210894196097744], [-0.38237285420399475, 0.9536383786505369, -1.4426574023106347], [-1.1173679535087038, 0.31920277998366875, 0.7859644741903177], [-0.8794174402410994, -1.4053074337468956, 0.4121742379981899], [-4.396221120741643, -1.414405528594828, 0.19250939747068715], [-2.956955364103949, -2.238346696232946, 0.8032125483323903], [-3.451807540848881, -0.6820504127171004, 1.5090536404909987], [-4.217119720158923, 0.4678531155905102, -1.1428769247754504], [-2.645908476324338, 1.0598232492063435, -1.6843154127079958], [-3.1875133577070405, 1.3889920650848506, -0.02231938482261355]], "best_conformer_elements": [6, 6, 6, 6, 8, 8, 6, 6, 7, 6, 6, 1, 1, 1, 1, 1, 1, 1, 1, 1, 1, 1, 1, 1, 1, 1], "best_conformer_energy": -35.81476125417378}