{"smiles": "C=C(C)C(C)=O", "ip": 13.971471234955274, "ip_corrected": 9.125471234955274, "ea": 4.2096181387233, "homo": -0.39274459020773017, "lumo": -0.28026333086496935, "charges": {"1": -0.08701521632386373, "2": -0.002210661554610832, "3": -0.10735794507450874, "4": 0.23337493340577475, "5": -0.13817642777992983, "6": -0.35940508823816336, "7": 0.04912207426943793, "8": 0.05021872769557183, "9": 0.04351998730585069, "10": 0.06261103817727526, "11": 0.06261177497027594, "12": 0.06298025136670654, "13": 0.06674662779852386, "14": 0.0629799239816639}, "dipole": [0.1357405916278712, 1.0002712719437, -0.6826485073166461], "global_electrophilicity": 0.9227837901765685, "global_nucleophilicity": -9.125471234955274, "fukui_electrophilicity": {"1": 0.08606951476652928, "2": 0.07317206268748819, "3": -0.03885092207766855, "4": 0.09658123556691883, "5": -0.039511561855999536, "6": 0.21913634640781893, "7": 0.10146307760259823, "8": 0.11617097932616911, "9": 0.06000320012488815, "10": 0.0582302967173316, "11": 0.0582296468230329, "12": 0.07087738340751092, "13": 0.06755170447267755, "14": 0.07087703603070983}, "fukui_nucleophilicity": {"1": 0.03357757659952028, "2": 0.05595630323817387, "3": -0.01805171297499969, "4": 0.04214649992963809, "5": 0.004649961057977103, "6": 0.221689252825744, "7": 0.08461747373146725, "8": 0.1117162991860622, "9": 0.08253238937201085, "10": 0.07289800526056456, "11": 0.0728970087551432, "12": 0.08052608090975966, "13": 0.07431935656034314, "14": 0.080525505571669}, "boltzmann_weights": [0.2554905025095428, 0.37225474871791503, 0.3722547487725421], "best_conformer_elements": [6, 6, 6, 6, 6, 8, 1, 1, 1, 1, 1, 1, 1, 1], "best_conformer_coordinates": [[-0.20952722720915276, 1.4798325236843908, 0.32168189586634294], [-0.5026353952955037, 0.1951853248558848, 0.13911968485983933], [-1.8866212629609427, -0.34709009759603676, 0.3185910422342113], [0.5096988956545303, -0.8240081585653195, -0.2591193037720447], [1.931145403180795, -0.3562979951206443, -0.46028670881051487], [0.1983399146661888, -1.9834815122859681, -0.4143534888836842], [-0.9709258725378402, 2.186206975822759, 0.6098594498236232], [0.7797264428707072, 1.882656910287507, 0.19626828617650033], [-1.87967148439006, -1.1264961160352458, 1.0788852981800294], [-2.5829988309744216, 0.4347062932642699, 0.6077468131896868], [-2.2231530702553424, -0.808338468716798, -0.6085365467780871], [2.5474350722256767, -1.2050246867719068, -0.7457746209228167], [1.9712177212928608, 0.3966688920293309, -1.2437408378904973], [2.3179697043160643, 0.0754801151477816, 0.45965903672739716]], "best_conformer_energy": -18.80869794627949, "fukui_radical": {"1": 0.05982310006827708, "2": 0.06456306026668862, "3": -0.0284523573433755, "4": 0.06936630446358352, "5": -0.01743382451596749, "6": 0.2204176557497062, "7": 0.11394239974542762, "8": 0.09304007440713527, "9": 0.0655591399911457, "10": 0.07127002942407548, "11": 0.06555881522724215, "12": 0.07093758720503553, "13": 0.0757038182490497, "14": 0.07570419707351206}}