{"smiles": "C=C(C)C(=O)OCCOCC[N+](CC)(CC)CCCS(=O)(=O)[O-]", "ip": 12.294430307965705, "ip_corrected": 7.448430307965705, "ea": 3.949248682270365, "homo": -0.3570800560176651, "lumo": -0.26348067628308686, "charges": {"1": -0.08658788809138428, "2": -0.015970290673173265, "3": -0.11173768509297449, "4": 0.35204787764614315, "5": -0.4388248550717564, "6": -0.2515088536082019, "7": 0.06435681164210595, "8": 0.06798452685152606, "9": -0.32671157191228517, "10": 0.05698309384831531, "11": -0.043089783458328215, "12": 0.10712213883813221, "13": -0.02906305957991895, "14": -0.1205654601821747, "15": -0.025756023249077546, "16": -0.12421421048649539, "17": -0.06052055360449815, "18": -0.06737217326207667, "19": -0.1659252774203135, "20": 1.1994785840385767, "21": -0.7019772849113222, "22": -0.6256354565386697, "23": -0.6948386710028134, "24": 0.05904219065008469, "25": 0.09529555059594438, "26": 0.057431213023180896, "27": 0.06359195832744151, "28": 0.05120804871548498, "29": 0.07930051744268835, "30": 0.05909296817817942, "31": 0.044425348815767374, "32": 0.06263771637909421, "33": 0.06054198620124823, "34": 0.09822960445903717, "35": 0.11994276526763956, "36": 0.07705991798228423, "37": 0.07597742519395259, "38": 0.07927909497909492, "39": 0.06098591710770684, "40": 0.06577383147096755, "41": 0.06047113030358109, "42": 0.10018400848263168, "43": 0.06734227147196939, "44": 0.08491581806586923, "45": 0.044906664911424116, "46": 0.07455927444061843, "47": 0.1309748337286566, "48": 0.061970062897422074, "49": 0.06888758041891764, "50": 0.036965482584290985, "51": 0.05561084021688941, "52": 0.04572204296858189}, "dipole": [-0.5739631878822401, -2.4312868035358877, -4.392868810539877], "global_electrophilicity": 0.6429533160029361, "global_nucleophilicity": -7.448430307965705, "fukui_electrophilicity": {"1": 0.08594460840794908, "2": 0.07462341744075099, "3": -0.034432956342561744, "4": 0.09216186549813343, "5": 0.18811559330463845, "6": 0.0817377079633484, "7": -0.01855126519446479, "8": -0.007635613222402887, "9": 0.00039680770683686584, "10": -0.0060295013259438965, "11": -0.006576727110651381, "12": 0.0008837513217860582, "13": -0.005296887057660793, "14": -0.004614973840858794, "15": 0.005772930249733195, "16": -0.006362527121412401, "17": 0.0018301734412418183, "18": -0.004639769366748425, "19": -0.004176051317742041, "20": 0.019994306428594788, "21": -0.032135044419326686, "22": 0.008612652779314778, "23": 0.0035731268070090527, "24": 0.11311664251316589, "25": 0.09975026590760071, "26": 0.06142039821542332, "27": 0.05272251421024225, "28": 0.058187343746576914, "29": 0.02135808917563397, "30": 0.047065127850928055, "31": 0.03730691382267036, "32": 0.016687752757375808, "33": 0.01858942705817951, "34": -0.007591292763228397, "35": 0.014121760359719931, "36": 0.012474880833445001, "37": 0.007958649016943445, "38": 0.012196982190616074, "39": 0.0023140955150572143, "40": 0.01530325138231376, "41": -0.0019057412301562299, "42": -0.040518756743089746, "43": -0.0037682262182137383, "44": -0.01226852379974526, "45": 0.02218671282131425, "46": 0.010140851542064441, "47": -0.01832726378169633, "48": -0.007068375566718674, "49": 0.010034956687654487, "50": 0.013315844509042944, "51": 0.015616685907209646, "52": -0.0036165909498949364}, "fukui_nucleophilicity": {"1": 0.005458979415893683, "2": 0.020971773888686013, "3": -0.010225334384600174, "4": 0.0018502775101046365, "5": 0.0447119746648037, "6": 0.014846753495534493, "7": -0.005175516705514353, "8": -0.009290311668230349, "9": 0.06018669523580694, "10": -0.006637809278971188, "11": -0.01027494785930435, "12": 0.0037906708295073477, "13": -0.008540748023004877, "14": -0.00863755287452972, "15": -0.004887037815944781, "16": -0.008363048552898877, "17": -0.007606935111403937, "18": -0.014621337731386352, "19": 0.016140069829037568, "20": 0.1597777613275566, "21": 0.061957608259119334, "22": 0.08138310921077196, "23": 0.055276630130024484, "24": 0.026100697081970686, "25": 0.00011008092787405388, "26": 0.03405409870431854, "27": 0.02327880209259625, "28": 0.023792363318149268, "29": 0.017191085243085533, "30": 0.029444607214345768, "31": 0.04551865248673212, "32": 0.014806680082501841, "33": 0.033194786693995615, "34": 0.009019909244720264, "35": 0.0017170468339815087, "36": 0.027238055717761944, "37": 0.01594270557376906, "38": 0.00400600711277678, "39": 1.3423434857794125e-05, "40": 0.018562692142552545, "41": 0.010221680724084109, "42": -0.011024629584473894, "43": 0.011667562757561548, "44": 0.010433150355806387, "45": 0.017452715000217327, "46": 0.002915028312077947, "47": -0.008870814997359103, "48": 0.02473985844630182, "49": 0.024640291825640995, "50": 0.057093115655100876, "51": 0.05353816423155892, "52": 0.05111045958158377}, "fukui_radical": {"1": 0.04570179391192138, "2": 0.0477975956647185, "3": -0.02232914536358096, "4": 0.047006071504119035, "5": 0.11641378398472108, "6": 0.04829223072944144, "7": -0.011863390949989571, "8": -0.008462962445316618, "9": 0.030291751471321904, "10": -0.006333655302457542, "11": -0.008425837484977865, "12": 0.002337211075646703, "13": -0.006918817540332835, "14": -0.0066262633576942565, "15": 0.0004429462168942071, "16": -0.007362787837155639, "17": -0.0028883808350810593, "18": -0.009630553549067389, "19": 0.005982009255647763, "20": 0.0898860338780757, "21": 0.014911281919896324, "22": 0.04499788099504337, "23": 0.02942487846851677, "24": 0.06960866979756829, "25": 0.04993017341773738, "26": 0.04773724845987093, "27": 0.03800065815141925, "28": 0.04098985353236309, "29": 0.01927458720935975, "30": 0.03825486753263691, "31": 0.04141278315470124, "32": 0.015747216419938825, "33": 0.02589210687608756, "34": 0.0007143082407459339, "35": 0.00791940359685072, "36": 0.019856468275603473, "37": 0.011950677295356253, "38": 0.008101494651696427, "39": 0.0011637594749575042, "40": 0.016932971762433153, "41": 0.0041579697469639396, "42": -0.02577169316378182, "43": 0.003949668269673905, "44": -0.0009176867219694365, "45": 0.01981971391076579, "46": 0.006527939927071194, "47": -0.013599039389527716, "48": 0.008835741439791572, "49": 0.01733762425664774, "50": 0.03520448008207191, "51": 0.034577425069384285, "52": 0.023746934315844417},