{
    "smiles": "C=C(C)C(=O)OCCN(CC)CC",
    "ip": 12.44829225144804,
    "ip_corrected": 7.6022922514480396,
    "ea": 3.9840211822861162,
    "homo": -0.3445303758856657,
    "lumo": -0.2675106349703888,
    "charges": {
        "1": -0.08239208102621531,
        "2": -0.00809162281223591,
        "3": -0.10988073773896934,
        "4": 0.3507100438044752,
        "5": -0.4173108859125221,
        "6": -0.26861260293128214,
        "7": 0.07114586110988083,
        "8": 0.0072247013915107475,
        "9": -0.18465217470963605,
        "10": 0.013152281106183647,
        "11": -0.11101168282127641,
        "12": 0.008946986502639802,
        "13": -0.11045695365643207,
        "14": 0.055326966372555554,
        "15": 0.062298714047621606,
        "16": 0.0657352519746592,
        "17": 0.050045157571558516,
        "18": 0.06426243444522303,
        "19": 0.061485202616673035,
        "20": 0.0617517893752882,
        "21": 0.02634556734859244,
        "22": 0.04360696791327342,
        "23": 0.03961840954923014,
        "24": 0.0073458975516580306,
        "25": 0.04793789269448102,
        "26": 0.03834719217905455,
        "27": 0.037882791707824076,
        "28": 0.0430740140121916,
        "29": 0.011545553426432343,
        "30": 0.03922722864914965,
        "31": 0.045782425801082445,
        "32": 0.03960941045733409
    },
    "dipole": [
        0.06731696956225698,
        -0.5931106333959952,
        -0.32608728839695156
    ],
    "global_electrophilicity": 0.6709352880737118,
    "global_nucleophilicity": -7.6022922514480396,
    "fukui_electrophilicity": {
        "1": 0.09067554884897405,
        "2": 0.08047988109233495,
        "3": -0.03775121882358459,
        "4": 0.0833856452521598,
        "5": 0.19131603749698523,
        "6": 0.07371575760361088,
        "7": -0.02230874770952733,
        "8": -0.0020899024876857714,
        "9": 0.008547595862249263,
        "10": -0.0076963894312994455,
        "11": -0.005696058243135502,
        "12": -0.003722951512957838,
        "13": -0.00622545068071359,
        "14": 0.11712858962711298,
        "15": 0.10272850201196754,
        "16": 0.06039021104300328,
        "17": 0.05878957655255166,
        "18": 0.061231986880286776,
        "19": 0.025500141390898692,
        "20": 0.04803333956984791,
        "21": -0.0037006272317931174,
        "22": 0.01699326111782272,
        "23": 0.01737087836982004,
        "24": 0.0073149674695536125,
        "25": 0.006958446712261375,
        "26": 0.015802604591800523,
        "27": -0.004230693008803854,
        "28": -0.013951946989334635,
        "29": 0.012969990199734398,
        "30": 0.01330613487618339,
        "31": 0.00251655168027614,
        "32": 0.012218337869408524
    },
    "fukui_nucleophilicity": {
        "1": 0.02564308664622454,
        "2": 0.0263640729421257,
        "3": -0.012987053876277646,
        "4": 0.0031405789450296706,
        "5": 0.04411762267498054,
        "6": 0.028171806541972932,
        "7": -0.003728088074721081,
        "8": -0.029266223789219434,
        "9": 0.17345305028610153,
        "10": -0.02919272572281012,
        "11": -0.011823077360771789,
        "12": -0.027833466961413054,
        "13": -0.01150833773826225,
        "14": 0.04778198507099617,
        "15": 0.03301201672009954,
        "16": 0.03983401580088462,
        "17": 0.034576275460443534,
        "18": 0.04450110799860103,
        "19": 0.023035775521221824,
        "20": 0.033852613176036224,
        "21": 0.07144446882306973,
        "22": 0.0455872187070944,
        "23": 0.047554994405229506,
        "24": 0.08579274894923965,
        "25": 0.02816075643331776,
        "26": 0.041881852703612624,
        "27": 0.023682334250239613,
        "28": 0.04097252739287999,
        "29": 0.08655363375717623,
        "30": 0.027997842001618083,
        "31": 0.027766199745919547,
        "32": 0.041460388569302835
    },
    "fukui_radical": {
        "1": 0.0581593177475993,
        "2": 0.053421977017230324,
        "3": -0.02536913634993112,
        "4": 0.043263112098594736,
        "5": 0.11771683008598288,
        "6": 0.050943782072791904,
        "7": -0.013018417892124205,
        "8": -0.015678063138452603,
        "9": 0.0910003230741754,
        "10": -0.018444557577054783,
        "11": -0.008759567801953645,
        "12": -0.015778209237185446,
        "13": -0.00886689420948792,
        "14": 0.08245528734905458,
        "15": 0.06787025936603354,
        "16": 0.05011211342194395,
        "17": 0.0466829260064976,
        "18": 0.052866547439443905,
        "19": 0.024267958456060258,
        "20": 0.04094297637294207,
        "21": 0.03387192079563831,
        "22": 0.031290239912458565,
        "23": 0.032462936387524774,
        "24": 0.04655385820939663,
        "25": 0.017559601572789567,
        "26": 0.028842228647706573,
        "27": 0.00972582062071788,
        "28": 0.013510290201772676,
        "29": 0.04976181197845532,
        "30": 0.020651988438900738,
        "31": 0.015141375713097843,
        "32": 0.026839363219355677
    },