{
    "smiles": "C=C(OC(C)=O)C(=O)OCC",
    "ip": 14.11961984576841,
    "ip_corrected": 9.27361984576841,
    "ea": 4.59586656289872,
    "homo": -0.4224023468282618,
    "lumo": -0.28250532213304796,
    "charges": {
        "1": -0.08970558832276171,
        "2": 0.12039922030155882,
        "3": -0.24419516920333068,
        "4": 0.369443154120196,
        "5": -0.14833877533614911,
        "6": -0.39215281801431057,
        "7": 0.35759063928644697,
        "8": -0.3989607526849279,
        "9": -0.2554762388200066,
        "10": 0.08121502803199289,
        "11": -0.11491704876070219,
        "12": 0.08418852199781968,
        "13": 0.09424721756466281,
        "14": 0.07979880007193774,
        "15": 0.086037202734921,
        "16": 0.07943160949424367,
        "17": 0.05831249606737996,
        "18": 0.05588218034419515,
        "19": 0.05030328452776189,
        "20": 0.06572087614186803,
        "21": 0.0611761604572038
    },
    "dipole": [
        0.1704371966138652,
        -1.1243251271209538,
        -0.683578376291773
    ],
    "global_electrophilicity": 1.068687214864332,
    "global_nucleophilicity": -9.27361984576841,
    "fukui_electrophilicity": {
        "1": 0.08264522368402738,
        "2": 0.057871787589074145,
        "3": 0.056457954663069965,
        "4": 0.04361116164732054,
        "5": -0.021770857496793,
        "6": 0.09047563145752724,
        "7": 0.05465175250344351,
        "8": 0.1425328392550751,
        "9": 0.06335406488197265,
        "10": -0.01864526516653127,
        "11": -0.013082091843234278,
        "12": 0.10283229672964131,
        "13": 0.09350402269936235,
        "14": 0.04630539312497304,
        "15": 0.048873025480498974,
        "16": 0.04418827168154021,
        "17": 0.02696664896384488,
        "18": 0.04241346206153024,
        "19": 0.038960075609301315,
        "20": 0.00513399679083322,
        "21": 0.012720605683516753
    },
    "fukui_nucleophilicity": {
        "1": 0.034063961776625296,
        "2": 0.02428687360659719,
        "3": 0.06792060583865928,
        "4": 0.012466393249558949,
        "5": -0.003138712840700275,
        "6": 0.11210794600044771,
        "7": 0.007720880270069619,
        "8": 0.12089700640248108,
        "9": 0.04745954158529142,
        "10": -0.014852069325564585,
        "11": -0.011345460419367098,
        "12": 0.06958046405061938,
        "13": 0.05446021136390525,
        "14": 0.04496499050951827,
        "15": 0.05042988709819503,
        "16": 0.05196809333254339,
        "17": 0.05745158530872783,
        "18": 0.08629965094836742,
        "19": 0.061779419106520336,
        "20": 0.07473893502694284,
        "21": 0.05073979711039114
    },
    "boltzmann_weights": [
        0.14067804291079017,
        0.14060277408278546,
        0.14067802761728362,
        0.14067714491820182,
        0.07476791443900255,
        0.07476791234477052,
        0.022520344736469314,
        0.022520326430526736,
        0.07375375448777549,
        0.07375374519267063,
        0.04763805238960882,
        0.04764196045011485
    ],
    "best_conformer_elements": [
        6,
        6,
        8,
        6,
        6,
        8,
        6,
        8,
        8,
        6,
        6,
        1,
        1,
        1,
        1,
        1,
        1,
        1,
        1,
        1,
        1
    ],
    "best_conformer_coordinates": [
        [
            1.3953257653704096,
            -2.5819516012894557,
            -0.9630412763505554
        ],
        [
            0.8849791418032027,
            -1.5052251013838431,
            -0.3801445310286063
        ],
        [
            1.6338144989162882,
            -0.7296219014618529,
            0.4865695657893745
        ],
        [
            1.6878339900216806,
            0.6050772619408838,
            0.27291413580006696
        ],
        [
            2.38484501152962,
            1.2837611554391297,
            1.4168595162183202
        ],
        [
            1.249322401134948,
            1.1415334321264443,
            -0.7045402272157375
        ],
        [
            -0.5497146746957623,
            -1.1213727693621065,
            -0.5764999944714705
        ],
        [
            -1.2446501300027593,
            -1.5879678484654076,
            -1.4416869091646303
        ],
        [
            -0.9540170165831549,
            -0.2572054654899547,
            0.35143913524715614
        ],
        [
            -2.287647128416986,
            0.24206275234811445,
            0.2347416735536042
        ],
        [
            -2.366630462161119,
            1.351661056309512,
            -0.8028646497551835
        ],
        [
            2.421826213732252,
            -2.8695995944923536,
            -0.8225739415058994
        ],
        [
            0.767519666100963,
            -3.1901797631897257,
            -1.5880836302984986
        ],
        [
            1.6753798965383258,
            1.3915583065774353,
            2.2353499632005196
        ],
        [
            3.216542410550469,
            0.6764932776628302,
            1.761597428373639
        ],
        [
            2.726015674442298,
            2.2668782189446035,
            1.1077683551216093
        ],
        [
            -2.5357343429842336,
            0.6101564985633019,
            1.2324250869990776
        ],
        [
            -2.9517812307774967,
            -0.5853402215142091,
            -0.036249183174259465
        ],
        [
            -3.3613089541901817,
            1.7880088542910544,
            -0.7966932624564707
        ],
        [
            -2.1602474000731586,
            0.9494806431515017,
            -1.7913336244983495
        ],
        [
            -1.6316733355453543,
            2.1217928145844773,
            -0.5820293245643969
        ]
    ],
    "best_conformer_energy": -36.34791588251776,
    "fukui_radical": {
        "1": 0.05835430232229371,
        "2": 0.04107895202307537,
        "3": 0.06218946193928129,
        "4": 0.028038955975208307,
        "5": -0.012454856456121294,
        "6": 0.10129026549485046,
        "7": 0.03118633620054162,
        "8": 0.1317159769268297,
        "9": 0.05540758544946936,
        "10": -0.016748619826752548,
        "11": -0.01221402024774973,
        "12": 0.08620686063614867,
        "13": 0.07398207489282468,
        "14": 0.049651141552617004,
        "15": 0.04807805347571949,
        "16": 0.04563495062672982,
        "17": 0.06435671462608403,
        "18": 0.04220887706355826,
        "19": 0.05037015275167016,
        "20": 0.03993647443351048,
        "21": 0.0317303601401802
    }
}