{
    "smiles": "C=C(C#N)CC",
    "best_conformer_coordinates": [
        [
            1.8933922700539894,
            -0.3744072090527036,
            0.30330576264542636
        ],
        [
            0.783024606542305,
            0.11370633634356618,
            -0.24417395800206473
        ],
        [
            0.7627926320255258,
            1.441430358700205,
            -0.7393649453683627
        ],
        [
            0.7313943433747477,
            2.511521139583019,
            -1.1493886498013868
        ],
        [
            -0.5101512230363094,
            -0.6426009402601234,
            -0.37229684727870743
        ],
        [
            -1.5988438215414547,
            -0.01007388174643115,
            0.49496764792662235
        ],
        [
            2.7931993259661465,
            0.21217875056559923,
            0.38321096422730544
        ],
        [
            1.931874855275171,
            -1.3810932162011627,
            0.6848269758953217
        ],
        [
            -0.8310798629080236,
            -0.6293074346350878,
            -1.4176744860295034
        ],
        [
            -0.34916800663095016,
            -1.6801003656431872,
            -0.07342836421841281
        ],
        [
            -1.3068415137389386,
            -0.02583144463540704,
            1.543140217174463
        ],
        [
            -1.768399529727127,
            1.02343868843055,
            0.2000541515242069
        ],
        [
            -2.5311940809468974,
            -0.5588607761571253,
            0.38682153130503794
        ]
    ],
    "best_conformer_elements": [
        6,
        6,
        6,
        7,
        6,
        6,
        1,
        1,
        1,
        1,
        1,
        1,
        1
    ],
    "best_conformer_energy": -17.12692824833995,
    "ip": 14.519245533981609,
    "ip_corrected": 9.673245533981609,
    "ea": 3.7569534607663093,
    "homo": -0.4215156175936642,
    "lumo": -0.27087701031509587,
    "charges": {
        "1": -0.07679468915338507,
        "2": 0.0264879756704154,
        "3": 0.11544593546095394,
        "4": -0.2325040418264613,
        "5": -0.04966593486532907,
        "6": -0.09850660121569157,
        "7": 0.0513941481605466,
        "8": 0.050181502564145546,
        "9": 0.04685590046056094,
        "10": 0.042903619127873806,
        "11": 0.038396554094739396,
        "12": 0.043925807574864764,
        "13": 0.041879823946780866
    },
    "dipole": [
        -0.10006389530374951,
        -1.361732582423542,
        0.5200687401805952
    ],
    "global_electrophilicity": 0.8558640654812704,
    "global_nucleophilicity": -9.673245533981609,
    "fukui_electrophilicity": {
        "1": 0.10696149709160531,
        "2": 0.11216643229501014,
        "3": 0.0778423302238253,
        "4": 0.2585940182679328,
        "5": -0.0203844159494627,
        "6": -0.018201390584674612,
        "7": 0.12211080152912557,
        "8": 0.13436320730009108,
        "9": 0.06524608766463147,
        "10": 0.05656924766009597,
        "11": 0.02746119198213636,
        "12": 0.02135295298378832,
        "13": 0.055918039535906953
    },
    "fukui_nucleophilicity": {
        "1": 0.04758263712689062,
        "2": 0.055462982565214744,
        "3": 0.029504758675250653,
        "4": 0.2258647101831217,
        "5": -0.00709932419633677,
        "6": -0.01772902083741515,
        "7": 0.09033473952586563,
        "8": 0.09407783317053944,
        "9": 0.11383600551693616,
        "10": 0.1059612374886589,
        "11": 0.0873742351391691,
        "12": 0.0880460980865123,
        "13": 0.08678310755596141
    },
    "fukui_radical": {
        "1": 0.07727206710924797,
        "2": 0.08381470743011243,
        "3": 0.05367354444953798,
        "4": 0.24222936422552727,
        "5": -0.013741870072899735,
        "6": -0.01796520571104488,
        "7": 0.1062227705274956,
        "8": 0.11422052023531526,
        "9": 0.08954104659078382,
        "10": 0.08126524257437744,
        "11": 0.057417713560652735,
        "12": 0.05469952553515031,
        "13": 0.07135057354593419
    }
}