{
    "smiles": "C=C(C)C(=O)O",
    "best_conformer_coordinates": [
        [
            -0.9601352108760467,
            -0.8936666980543012,
            0.7819018315507404
        ],
        [
            -0.25530194822479874,
            -0.0159925610603158,
            0.07509330572041868
        ],
        [
            -0.821815373306245,
            1.2299595429311012,
            -0.5261850258293612
        ],
        [
            1.1938440425578463,
            -0.2186304256750227,
            -0.17532033070347303
        ],
        [
            1.8888618880742203,
            0.537943935738054,
            -0.8070397229843264
        ],
        [
            1.688271707208761,
            -1.341973852355653,
            0.3709799626847421
        ],
        [
            -2.0116966599689565,
            -0.7498413566479392,
            0.9655405411873124
        ],
        [
            -0.5073187926876486,
            -1.777475565623457,
            1.1953379826884043
        ],
        [
            -0.6719831640391822,
            1.2204360622768535,
            -1.6044528980156987
        ],
        [
            -1.88170686126751,
            1.3192126550858005,
            -0.30770263355173666
        ],
        [
            -0.29543392482955616,
            2.099819768182069,
            -0.13699651562671325
        ],
        [
            2.6344142867755913,
            -1.4097915047971887,
            0.16884351346325213
        ]
    ],
    "best_conformer_elements": [
        6,
        6,
        6,
        6,
        8,
        8,
        1,
        1,
        1,
        1,
        1,
        1
    ],
    "best_conformer_energy": -19.73470760599771,
    "ip": 14.557681888544325,
    "ip_corrected": 9.711681888544325,
    "ea": 4.004062003285572,
    "homo": -0.41778277586060614,
    "lumo": -0.27492663183190513,
    "charges": {
        "1": -0.0787137159156887,
        "2": -0.004761914306144199,
        "3": -0.11191544664791696,
        "4": 0.3534994568424106,
        "5": -0.41270524148922927,
        "6": -0.38156601231749526,
        "7": 0.05657701838512367,
        "8": 0.06791494922962765,
        "9": 0.06583720559769757,
        "10": 0.05133490064259312,
        "11": 0.06583727565400109,
        "12": 0.3286615243250201
    },
    "dipole": [
        -0.4123339263426003,
        -0.45157140315977634,
        0.3764092051477182
    ],
    "global_electrophilicity": 0.9318172053996248,
    "global_nucleophilicity": -9.711681888544325,
    "fukui_electrophilicity": {
        "1": 0.09351549427239207,
        "2": 0.0844079255879552,
        "3": -0.04034133279778078,
        "4": 0.08390406836330189,
        "5": 0.20509369173881276,
        "6": 0.08443264229965758,
        "7": 0.12400868601201645,
        "8": 0.1076736794172645,
        "9": 0.06409208880918148,
        "10": 0.06276268706125375,
        "11": 0.06409196814138499,
        "12": 0.06635840109457303
    },
    "fukui_nucleophilicity": {
        "1": 0.0560999685697738,
        "2": 0.07022657361642738,
        "3": -0.01896085316266767,
        "4": 0.02162533054114213,
        "5": 0.19382882035210147,
        "6": 0.08668197764694613,
        "7": 0.11918138902531128,
        "8": 0.10282187920948324,
        "9": 0.11339053499607796,
        "10": 0.08623974102895364,
        "11": 0.11339020850836558,
        "12": 0.055474429706426076
    },
    "fukui_radical": {
        "1": 0.07480773142108293,
        "2": 0.07731724960219129,
        "3": -0.029651092980224225,
        "4": 0.05276469945222201,
        "5": 0.1994612560454571,
        "6": 0.08555730997330185,
        "7": 0.12159503751866385,
        "8": 0.10524777931337387,
        "9": 0.08874131190262972,
        "10": 0.0745012140451037,
        "11": 0.08874108832487528,
        "12": 0.06091641540049955
    }
}