{
    "smiles": "C=C",
    "best_conformer_coordinates": [
        [
            -0.6539492675425246,
            -0.0029682513215781125,
            -0.07455630480355346
        ],
        [
            0.6539491179132373,
            0.002900687945735275,
            0.07456015333645603
        ],
        [
            -1.2232756600978312,
            -0.9180222507488994,
            -0.08725945739979024
        ],
        [
            -1.2194665708570758,
            0.9070946626766511,
            -0.19124504912242832
        ],
        [
            1.2196081891672679,
            -0.90706022891952,
            0.19125926208278488
        ],
        [
            1.2231341914169263,
            0.9180553856593825,
            0.08724139590653028
        ]
    ],
    "best_conformer_elements": [
        6,
        6,
        1,
        1,
        1,
        1
    ],
    "best_conformer_energy": -6.271260603880792,
    "ip": 15.368959520121562,
    "ip_corrected": 10.522959520121562,
    "ea": 1.1471926781708666,
    "homo": -0.41594760900506644,
    "lumo": -0.2073163359688935,
    "charges": {
        "1": -0.07695604783012618,
        "2": -0.07695600463853629,
        "3": 0.03847888066535911,
        "4": 0.03847715112777384,
        "5": 0.038478878366875705,
        "6": 0.038477142308655767
    },
    "dipole": [
        1.0875672487290417e-07,
        1.5895726613913182e-05,
        -8.970240476608989e-07
    ],
    "global_electrophilicity": 0.40931142507635015,
    "global_nucleophilicity": -10.522959520121562,
    "fukui_electrophilicity": {
        "1": 0.14066137718640964,
        "2": 0.1406614195117853,
        "3": 0.17967033807340554,
        "4": 0.17966826656286086,
        "5": 0.17967033730993476,
        "6": 0.17966826135560066
    },
    "fukui_nucleophilicity": {
        "1": 0.04420846292036741,
        "2": 0.04420857107387109,
        "3": 0.22789141738036905,
        "4": 0.22790005237319383,
        "5": 0.22789142023145365,
        "6": 0.22790007602074244
    },
    "fukui_radical": {
        "1": 0.09243492005338852,
        "2": 0.09243499529282818,
        "3": 0.2037808777268873,
        "4": 0.20378415946802736,
        "5": 0.2037808787706942,
        "6": 0.20378416868817156
    }
}