{"smiles": "C=C[n+]1ccn(Cc2ccccc2)c1.[Br-]", "ip": 11.975158484405961, "ip_corrected": 7.129158484405961, "ea": 4.704875202002125, "homo": -0.3340473646106439, "lumo": -0.25469149532775603, "charges": {"1": -0.09976973176833855, "2": 0.01607813771849055, "3": 0.021814533676548342, "4": -0.0185400243568156, "5": -0.00680302761751022, "6": -0.001833125971549221, "7": -0.01282334722435402, "8": 0.008140488917664002, "9": -0.038479539806459656, "10": -0.02986973651934878, "11": -0.029451850199706836, "12": -0.026959000844081885, "13": -0.03370362822353673, "14": 0.09451734964235758, "15": -0.5684199599417774, "16": 0.06837320269651495, "17": 0.05567987359606544, "18": 0.05188102188284983, "19": 0.06225701466163355, "20": 0.06378166936187937, "21": 0.08832661871433187, "22": 0.05084500243907667, "23": 0.028718238886260593, "24": 0.03300266547430264, "25": 0.03427354688061572, "26": 0.03996704414040052, "27": 0.06644914020837557, "28": 0.08254742357611028}, "dipole": [-0.10227145238869126, -2.689278631811249, 0.1963360145720609], "global_electrophilicity": 0.8395927109292128, "global_nucleophilicity": -7.129158484405961, "fukui_electrophilicity": {"1": 0.04095247087322766, "2": 0.023511881997503523, "3": 0.0322678726767755, "4": 0.016134805485603247, "5": 0.007699320754360431, "6": 0.030275244405253587, "7": -0.018112557333797977, "8": 0.027857403677156105, "9": 0.019380714072019932, "10": 0.019233823635967658, "11": 0.03203143211174826, "12": 0.020986555091076123, "13": 0.01147351219575702, "14": 0.0197706079303136, "15": 0.157757988015219, "16": 0.044302448852596474, "17": 0.06552716081799677, "18": 0.057096873827265915, "19": 0.04724163518755873, "20": 0.03632861501334404, "21": 0.022817358551908182, "22": 0.03846353836713887, "23": 0.0407217794041419, "24": 0.04644298874483291, "25": 0.04952951844351919, "26": 0.04164493540404854, "27": 0.019407200893639467, "28": 0.049254870904628455}, "fukui_nucleophilicity": {"1": 0.0250122626698963, "2": -0.0024632154403559925, "3": 0.04770009131488612, "4": 0.021122117793260738, "5": 0.018909404298557676, "6": 0.050664603037927664, "7": -0.019786130398238802, "8": 0.002790370842647577, "9": 0.00830685174399242, "10": 0.015397544687900763, "11": 0.01783421472935015, "12": 0.01080391913517069, "13": 0.003218263503076635, "14": -0.018841012816392083, "15": 0.3659129733551318, "16": 0.023520680044599132, "17": 0.05364781465882536, "18": 0.044658532004919115, "19": 0.05388189299293017, "20": 0.05006142492557979, "21": 0.017186827927614362, "22": 0.04536801788782977, "23": 0.02584003201619583, "24": 0.03525084599738122, "25": 0.035741213614320935, "26": 0.026839725224950206, "27": -0.006840111980551469, "28": 0.04826084627214128}, "boltzmann_weights": [0.12600182661623666, 0.30637384467802453, 0.018523796177118676, 0.30637540379416195, 1.9416608308155257e-31, 1.9416361889756453e-31, 0.14065772121546058, 0.009301751267490168, 0.01851864273203111, 0.018520697774196047, 0.01852072196458995, 0.009301470748356949, 0.009301202276820998, 0.009301335596271512, 0.00930158515924066], "best_conformer_elements": [6, 6, 7, 6, 6, 7, 6, 6, 6, 6, 6, 6, 6, 6, 35, 1, 1, 1, 1, 1, 1, 1, 1, 1, 1, 1, 1, 1], "best_conformer_coordinates": [[-4.080656665225852, 1.093528170790548, 0.47116751388801037], [-3.6848806284636186, -0.1576660538257768, 0.6619490663781227], [-2.5040927628624194, -0.701121976137387, 0.18757979885093887], [-2.0094287978806893, -1.9460608510750124, 0.5283359404720628], [-0.8249208291099891, -2.104623828555723, -0.0928139658302477], [-0.5778286052610112, -0.9702856249729882, -0.8336940934418784], [0.6057391685930225, -0.7122941684743179, -1.6156731978165535], [1.6926142010886271, -0.013088111579861393, -0.8294993300189476], [2.225285626418748, -0.6057213954354513, 0.3073427147387416], [3.2022534707957755, 0.04211276351858946, 1.040126192077286], [3.661713522690934, 1.2844461467769972, 0.6383688313217901], [3.1412680694873014, 1.875762389351945, -0.4989972615186396], [2.159030532221892, 1.2303903313234936, -1.2285453863748426], [-1.5399794465267471, -0.055279176115448504, -0.5369591504654582], [-0.6046804255628239, 1.5854951383648974, 1.0345815432467882], [-3.4890084762371245, 1.8167349300459898, -0.0575004136736151], [-5.011601595051404, 1.4355244744492963, 0.8827468864259795], [-4.276640272568618, -0.8647052970285605, 1.2261668277903424], [-2.546133793933889, -2.6050087110158566, 1.1782967012933263], [-0.1531575692167467, -2.93752388232602, -0.09439036758625567], [0.3199206033886099, -0.0969000927696488, -2.4736790542408236], [0.9719214852468374, -1.676922118677946, -1.98189758303236], [1.8614540068239427, -1.5692230026469678, 0.6341570994109338], [3.599070604529661, -0.4203958837996302, 1.9317389574967465], [4.417685801916254, 1.7945504059966573, 1.2165507971173035], [3.488985290061591, 2.8489764422659545, -0.8118107684479987], [1.7420139306955742, 1.703814540524587, -2.105896086843199], [-1.7859464460627803, 0.7254844410327397, -1.2332397019842445]], "best_conformer_energy": -42.2412923474077, "fukui_radical": {"1": 0.03414489308388732, "2": 0.01112538846931635, "3": 0.04077494710974834, "4": 0.018635250974496517, "5": 0.014809251153180904, "6": 0.04220354875074918, "7": -0.02145538150055811, "8": 0.01323851572867809, "9": 0.0037679889766394255, "10": 0.011899770761291138, "11": 0.022184084444245376, "12": 0.012190370002775286, "13": 0.005948731883293389, "14": 0.0013204952562150402, "15": 0.2493843944562666, "16": 0.03473674943825224, "17": 0.06089038403005771, "18": 0.05258763935494874, "19": 0.05206809644770154, "20": 0.0511128744568754, "21": 0.03151466920823236, "22": 0.04203083534714074, "23": 0.022453586936829893, "24": 0.035783113608128324, "25": 0.041015804155553365, "26": 0.037274130619102834, "27": 0.028845357951616874, "28": 0.04951450889523204}}