{
    "smiles": "C=CBr",
    "best_conformer_coordinates": [
        [
            -0.7512326189583258,
            -0.04576458640363149,
            0.018903390867187345
        ],
        [
            0.5394308116311708,
            0.20276295242785078,
            0.09206062475428663
        ],
        [
            1.8488629213004,
            -0.9218877633129215,
            -0.6897255292534777
        ],
        [
            -1.143438032374617,
            -0.9080554865187179,
            -0.4924933042685
        ],
        [
            -1.463688981187206,
            0.6187970028804995,
            0.47700077089118037
        ],
        [
            0.9700658995885793,
            1.0541478756351481,
            0.594254052301094
        ]
    ],
    "best_conformer_elements": [
        6,
        6,
        35,
        1,
        1,
        1
    ],
    "best_conformer_energy": -9.851863667915692,
    "ip": 14.930524586514297,
    "ip_corrected": 10.084524586514297,
    "ea": 2.728591031057668,
    "homo": -0.40830703795543977,
    "lumo": -0.24646408125892907,
    "charges": {
        "1": -0.0852514281116096,
        "2": 0.046279524017555404,
        "3": -0.15501087623716808,
        "4": 0.07048499502148474,
        "5": 0.06060562337223205,
        "6": 0.06289216193750286
    },
    "dipole": [
        -0.9182780080739554,
        0.6607899094976536,
        0.46872718230152915
    ],
    "global_electrophilicity": 0.6502548446038448,
    "global_nucleophilicity": -10.084524586514297,
    "fukui_electrophilicity": {
        "1": 0.10605212105266931,
        "2": 0.10831996601030369,
        "3": 0.3113697774501421,
        "4": 0.14884564457238048,
        "5": 0.16512419911689585,
        "6": 0.16028829179760803
    },
    "fukui_nucleophilicity": {
        "1": 0.08451301421060034,
        "2": 0.044107242256469004,
        "3": 0.4846972129955768,
        "4": 0.11501604510717466,
        "5": 0.1387423608957466,
        "6": 0.1329241245335327
    },
    "fukui_radical": {
        "1": 0.09528256763163483,
        "2": 0.07621360413338635,
        "3": 0.39803349522285947,
        "4": 0.13193084483977757,
        "5": 0.15193328000632123,
        "6": 0.14660620816557035
    }
}