{
    "smiles": "C=Cc1ccc(N)cc1",
    "best_conformer_coordinates": [
        [
            -3.2337404756139616,
            0.02354169800086011,
            -0.7826417034200135
        ],
        [
            -2.3706365891556485,
            -0.24877659205500227,
            0.19010677705805532
        ],
        [
            -0.9236961420761701,
            -0.107599499295338,
            0.14412748229999758
        ],
        [
            -0.17185428541429554,
            -0.4383206724516731,
            1.2742294902832942
        ],
        [
            1.2008664445279695,
            -0.32694248825055333,
            1.284974482519007
        ],
        [
            1.883052009238571,
            0.12586388770458407,
            0.15487071370704236
        ],
        [
            3.2495404112471826,
            0.30750700917677876,
            0.18068859832996936
        ],
        [
            1.139965950881609,
            0.45806799112041596,
            -0.9797974128909914
        ],
        [
            -0.23214583983629364,
            0.34394456585655314,
            -0.9821833537636632
        ],
        [
            -2.9294639792741335,
            0.39350898204267415,
            -1.7466111389872383
        ],
        [
            -4.292589617009551,
            -0.11575267104438514,
            -0.6463674534377414
        ],
        [
            -2.753143452374125,
            -0.6174326307397706,
            1.1350911543424247
        ],
        [
            -0.6793521974378749,
            -0.7930509789175795,
            2.1607058643758017
        ],
        [
            1.7616367493774459,
            -0.5893056174419282,
            2.171390618775906
        ],
        [
            3.7570580381287546,
            -0.19319436197310774,
            0.8916806340236767
        ],
        [
            3.7136384140100764,
            0.3617831372183903,
            -0.7111820189869922
        ],
        [
            1.6564054739770688,
            0.8091309607854956,
            -1.8625842221105533
        ],
        [
            -0.7755409131965093,
            0.6070272696800464,
            -1.876498512117932
        ]
    ],
    "best_conformer_elements": [
        6,
        6,
        6,
        6,
        6,
        6,
        7,
        6,
        6,
        1,
        1,
        1,
        1,
        1,
        1,
        1,
        1,
        1
    ],
    "best_conformer_energy": -24.596391358068995,
    "ip": 12.255976979327666,
    "ip_corrected": 7.409976979327666,
    "ea": 3.581581298991051,
    "homo": -0.35076055427539904,
    "lumo": -0.23282196287125123,
    "charges": {
        "1": -0.09229834275019888,
        "2": -0.030513813692006585,
        "3": -0.001371228125268048,
        "4": -0.03485528503626578,
        "5": -0.06148300740325448,
        "6": 0.07920804336229591,
        "7": -0.2757288602472031,
        "8": -0.06113708538549352,
        "9": -0.03300468065676412,
        "10": 0.03252836887904348,
        "11": 0.02950689623020081,
        "12": 0.02773365005981466,
        "13": 0.027308725915840316,
        "14": 0.021973181721471398,
        "15": 0.15859756208140136,
        "16": 0.15861221820541155,
        "17": 0.02237582375048022,
        "18": 0.03254783309049772
    },
    "dipole": [
        0.907633069471088,
        -0.27614259431096666,
        -0.08388349020553851
    ],
    "global_electrophilicity": 0.5442437713243977,
    "global_nucleophilicity": -7.409976979327666,
    "fukui_electrophilicity": {
        "1": 0.07076018687615784,
        "2": 0.04579978779123912,
        "3": 0.05403211865978106,
        "4": 0.03202491456271185,
        "5": 0.021296625517286658,
        "6": 0.06927695653737544,
        "7": 0.03936415289944861,
        "8": 0.019052709498244294,
        "9": 0.03314300718359781,
        "10": 0.08223618660803253,
        "11": 0.09613433736193176,
        "12": 0.07984209976851264,
        "13": 0.06533615749831698,
        "14": 0.06816801930057284,
        "15": 0.049224171821309434,
        "16": 0.048865948570719686,
        "17": 0.06681943778847858,
        "18": 0.05862318175629319
    },
    "fukui_nucleophilicity": {
        "1": 0.058831781859480944,
        "2": 0.02559728453835792,
        "3": 0.06267473125223823,
        "4": 0.025624457007903792,
        "5": 0.03563881942665326,
        "6": 0.0412508703510531,
        "7": 0.09762799615056159,
        "8": 0.03438520078279283,
        "9": 0.02463305686809477,
        "10": 0.0641313958583971,
        "11": 0.08047476696054315,
        "12": 0.06337480529882808,
        "13": 0.064134586280142,
        "14": 0.0663513660737435,
        "15": 0.0662219503354039,
        "16": 0.0659753167984416,
        "17": 0.0650163651074978,
        "18": 0.058055249452994825
    },
    "fukui_radical": {
        "1": 0.06479598436781939,
        "2": 0.03569853616479852,
        "3": 0.05835342495600965,
        "4": 0.02882468578530782,
        "5": 0.02846772247196996,
        "6": 0.05526391344421427,
        "7": 0.0684960745250051,
        "8": 0.02671895514051856,
        "9": 0.02888803202584629,
        "10": 0.0731837912332148,
        "11": 0.08830455216123745,
        "12": 0.07160845253367036,
        "13": 0.06473537188922948,
        "14": 0.06725969268715817,
        "15": 0.05772306107835667,
        "16": 0.05742063268458064,
        "17": 0.06591790144798819,
        "18": 0.05833921560464401
    }
}