{
    "smiles": "C=Cc1c2ccccc2cc2ccccc12",
    "ip": 12.020703128806932,
    "ip_corrected": 7.174703128806932,
    "ea": 5.268721060133311,
    "homo": -0.35852864453761973,
    "lumo": -0.2766998656602658,
    "charges": {
        "1": -0.08632292441912942,
        "2": -0.02238393975076671,
        "3": 0.0029288222805573944,
        "4": 0.0061593436730421475,
        "5": -0.0341194199928,
        "6": -0.030625535845498507,
        "7": -0.029701433703661052,
        "8": -0.03520188428355144,
        "9": 0.011242396515375952,
        "10": -0.04700068358844337,
        "11": 0.01123804412752924,
        "12": -0.03520285956375403,
        "13": -0.02970350605052542,
        "14": -0.030627084385563108,
        "15": -0.034126168657886445,
        "16": 0.006150658684803689,
        "17": 0.03566093149453191,
        "18": 0.03847676064560379,
        "19": 0.03908911051871351,
        "20": 0.030063072983812122,
        "21": 0.028147207907066853,
        "22": 0.028595671914349745,
        "23": 0.02992656837132811,
        "24": 0.030610092448237286,
        "25": 0.02991719860485082,
        "26": 0.028599701192910627,
        "27": 0.02815032950742436,
        "28": 0.03005952937143859
    },
    "dipole": [
        -0.04495329523442461,
        -0.03454166934508972,
        0.06458731834056439
    ],
    "global_electrophilicity": 1.0685909285529465,
    "global_nucleophilicity": -7.174703128806932,
    "fukui_electrophilicity": {
        "1": 0.009441715505178722,
        "2": -0.014325173326808875,
        "3": 0.05773608220663003,
        "4": 0.013680425577236976,
        "5": 0.033606694633471525,
        "6": 0.02874081137456589,
        "7": 0.02930645127076805,
        "8": 0.03341043937863391,
        "9": 0.016037773257652294,
        "10": 0.04506407477888765,
        "11": 0.016036528358202545,
        "12": 0.033414041016134155,
        "13": 0.029306031034583943,
        "14": 0.028744738159495666,
        "15": 0.03360764332351477,
        "16": 0.0136755960731208,
        "17": 0.04083476744124858,
        "18": 0.021941174120296884,
        "19": 0.036255932841469815,
        "20": 0.05075495814359474,
        "21": 0.057837331672153894,
        "22": 0.05841434085305919,
        "23": 0.05224846810125493,
        "24": 0.054967636962787655,
        "25": 0.05224889530643849,
        "26": 0.05841665765941255,
        "27": 0.05784155771665271,
        "28": 0.0507544065629412
    },
    "fukui_nucleophilicity": {
        "1": 0.011188310355561115,
        "2": -0.012732883822305446,
        "3": 0.052541884868427216,
        "4": 0.015672973912157273,
        "5": 0.03104690990515089,
        "6": 0.029638374990832127,
        "7": 0.028169444211748253,
        "8": 0.03220231254526195,
        "9": 0.016782438526796326,
        "10": 0.046544286352375654,
        "11": 0.016782854931022495,
        "12": 0.03220155959097079,
        "13": 0.02817118189376988,
        "14": 0.02963718920251336,
        "15": 0.031044093378509587,
        "16": 0.015669179568797223,
        "17": 0.04260402680222579,
        "18": 0.02608449153592428,
        "19": 0.04769790156894202,
        "20": 0.04801537207206366,
        "21": 0.05680323777119398,
        "22": 0.0570368506156386,
        "23": 0.050759481282166966,
        "24": 0.0538290794854101,
        "25": 0.0507573270548537,
        "26": 0.057037513913846774,
        "27": 0.056803676258913895,
        "28": 0.04801093137325384
    },
    "boltzmann_weights": [
        0.5000011319498946,
        0.4999988680501054
    ],
    "best_conformer_elements": [
        6,
        6,
        6,
        6,
        6,
        6,
        6,
        6,
        6,
        6,
        6,
        6,
        6,
        6,
        6,
        6,
        1,
        1,
        1,
        1,
        1,
        1,
        1,
        1,
        1,
        1,
        1,
        1
    ],
    "best_conformer_coordinates": [
        [
            -0.5817756566012455,
            3.19115199768954,
            -0.003374852510059298
        ],
        [
            -0.39197805561913046,
            2.1706786489357417,
            -0.8200342963238563
        ],
        [
            -0.14180167408457287,
            0.7857887665126922,
            -0.36616548494297957
        ],
        [
            -1.2200391392389474,
            -0.08633444475479175,
            -0.1629753349663476
        ],
        [
            -2.5646303761319746,
            0.3177329067421997,
            -0.37175676604631136
        ],
        [
            -3.5974668404204686,
            -0.5449141993344693,
            -0.16793741957951258
        ],
        [
            -3.353034373917261,
            -1.8671916871843706,
            0.25840785724089993
        ],
        [
            -2.078718070617889,
            -2.2943063333817113,
            0.4689410337702681
        ],
        [
            -0.9738393515258762,
            -1.4277466095962443,
            0.2667678390109335
        ],
        [
            0.3352044955508548,
            -1.8497088411658251,
            0.47579243615269073
        ],
        [
            1.4129090864816216,
            -0.993590084870698,
            0.2734170098891016
        ],
        [
            2.751157874685461,
            -1.415452209234379,
            0.48234450784190525
        ],
        [
            3.79457827356094,
            -0.5667154860486716,
            0.27836225996320146
        ],
        [
            3.559957111796736,
            0.7573822837390413,
            -0.14784384373003057
        ],
        [
            2.290496940902676,
            1.2009878283355948,
            -0.35803725049330504
        ],
        [
            1.1732980511751,
            0.34897047881746773,
            -0.1562815410931568
        ],
        [
            -0.5638530513608211,
            3.0650987625044244,
            1.0668859710277965
        ],
        [
            -0.7619683900619951,
            4.189368970956863,
            -0.3664742579045911
        ],
        [
            -0.41269932787893737,
            2.3127064857165918,
            -1.8955081704598566
        ],
        [
            -2.7514968317394892,
            1.3312155896896356,
            -0.6957097002240663
        ],
        [
            -4.616244453273012,
            -0.22454858126438682,
            -0.330959490780421
        ],
        [
            -4.188605719835924,
            -2.533920636286653,
            0.4145381535529762
        ],
        [
            -1.88114381679423,
            -3.3057486271651944,
            0.7951204083753506
        ],
        [
            0.5188483960669473,
            -2.8642985206096245,
            0.8017919450370504
        ],
        [
            2.9207602287073184,
            -2.4319812026977816,
            0.8084123465478399
        ],
        [
            4.81057190650165,
            -0.8966094583548931,
            0.43967273558201214
        ],
        [
            4.401440927891046,
            1.416288442978094,
            -0.30558113031095163
        ],
        [
            2.11007183578115,
            2.2156957593315894,
            -0.6818149699181882
        ]
    ],
    "best_conformer_energy": -40.3381848930652,
    "fukui_radical": {
        "1": 0.010315619759703909,
        "2": -0.013529041949089726,
        "3": 0.05513879444054062,
        "4": 0.014676749568708493,
        "5": 0.03232663532152884,
        "6": 0.029189580538659173,
        "7": 0.02873772634592886,
        "8": 0.03280639633157318,
        "9": 0.016410045212264072,
        "10": 0.04580421108078307,
        "11": 0.016409768052207147,
        "12": 0.03280785633299625,
        "13": 0.02873862201320384,
        "14": 0.029190979175347156,
        "15": 0.03232579509548048,
        "16": 0.014672317329442255,
        "17": 0.024012829048407798,
        "18": 0.04171934688024982,
        "19": 0.0419775252409931,