{"smiles": "C=CC(=O)OC[c-]1cccc1.[Fe+2].c1cc[cH-]c1", "ip": 11.490366383756648, "ip_corrected": 6.644366383756648, "ea": 6.047699585967778, "homo": -0.33409034939756793, "lumo": -0.3097713697721087, "charges": {"1": -0.09395964732819928, "2": -0.0472461038537024, "3": 0.10412603495665626, "4": -0.44337169740019416, "5": -0.4694441802379235, "6": -0.06331661007075745, "7": 0.023452647131148426, "8": -0.0471419516086792, "9": -0.04162183591204229, "10": -0.04546998803641601, "11": -0.008880062376457457, "12": 0.6119376923075254, "13": -0.1600356759403599, "14": -0.04687142501543162, "15": 0.11937352507264555, "16": -0.1629156395289343, "17": -0.09841872844242919, "18": 0.0424786798958335, "19": 0.03941739598509381, "20": 0.05908959215690478, "21": 0.06321277762361376, "22": 0.28979527593767124, "23": 0.029567405302414397, "24": 0.03075527820632856, "25": 0.03349176902980513, "26": 0.052576911614903334, "27": 0.04527506177734637, "28": 0.0523612167017568, "29": 0.01134685015665316, "30": 0.05678472014574498, "31": 0.06365071175159287}, "dipole": [-1.259418133627829, -0.695909443027548, -0.022072121864184613], "global_electrophilicity": 1.41384622392917, "global_nucleophilicity": -6.644366383756648, "fukui_electrophilicity": {"1": 0.009300751184676562, "2": -0.0052215512329853025, "3": 0.0010272590964268968, "4": 0.008583731136141637, "5": 0.04280867255665938, "6": 0.01384712658620657, "7": 0.012378614848608936, "8": 0.055697330742500946, "9": 0.01732702235056125, "10": 0.053122123498779455, "11": 0.00037643246539623837, "12": 0.19316787290874593, "13": 0.012551568601895907, "14": -0.005254524255469281, "15": -0.010605352922806052, "16": 0.023036030272477165, "17": 0.049300906844629594, "18": 0.01828243335472663, "19": 0.02351843266064233, "20": 0.0013873260684528488, "21": 0.030085070585581554, "22": 0.011838439891496522, "23": 0.06434571160492794, "24": 0.06291825393732485, "25": 0.06588559581767375, "26": 0.05650200865623337, "27": 0.04347567715639625, "28": 0.03627587990896562, "29": 0.03692917038661863, "30": 0.006752282676090453, "31": 0.07035970261362397}, "fukui_nucleophilicity": {"1": 0.016793394010496482, "2": 0.0016243101941239152, "3": 0.0033235164802747075, "4": 0.027347015848004586, "5": 0.04461551202894182, "6": 0.002825969745624643, "7": 0.006225730847268095, "8": 0.04356359718272327, "9": 0.016089291144636364, "10": 0.0416739727723012, "11": 0.002462208461639262, "12": 0.18712684070223606, "13": 0.005078936934223566, "14": -0.001920333116340614, "15": -0.005293144044005091, "16": 0.023141192887794954, "17": 0.052158287839585246, "18": 0.027205927415260074, "19": 0.03492163102671305, "20": 0.012766479076957035, "21": 0.02813061696059671, "22": 0.018652900489258717, "23": 0.05261358472934661, "24": 0.053358780764659344, "25": 0.055063533536677804, "26": 0.04222132658929476, "27": 0.038734363779534264, "28": 0.031007997660952004, "29": 0.04629619105704939, "30": 0.022033349828972038, "31": 0.07015701731214513}, "fukui_radical": {"1": 0.013047072597586522, "2": -0.0017986205194306937, "3": 0.002175387788350802, "4": 0.01796537349207311, "5": 0.0437120922928006, "6": 0.008336548165915607, "7": 0.009302172847938515, "8": 0.04963046396261211, "9": 0.016708156747598808, "10": 0.04739804813554033, "11": 0.0014193204635177502, "12": 0.190147356805491, "13": 0.008815252768059736, "14": -0.0035874286859049476, "15": -0.007949248483405572, "16": 0.02308861158013606, "17": 0.05072959734210742, "18": 0.022744180384993352, "19": 0.02922003184367769, "20": 0.007076902572704942, "21": 0.029107843773089132, "22": 0.01524567019037762, "23": 0.05847964816713727, "24": 0.0581385173509921, "25": 0.060474564677175775, "26": 0.04936166762276407, "27": 0.041105020467965256, "28": 0.033641938784958816, "29": 0.041612680721834015, "30": 0.014392816252531245, "31": 0.07025835996288454}, "best_conformer_coordinates": [[4.830324796912843, -1.6499631983780378, -0.08927255129710732], [3.8522969749271834, -0.7653798301434243, -0.13753134743510223], [2.579526105456069, -0.8397020187554753, 0.6545804206320615], [2.4320582886399587, -2.0064420171472803, 1.4268584333312793], [1.3931457710551585, 0.6054802231807387, -0.8874345950238094], [0.05436456855643948, -0.7013079323858392, 0.4250002161234308], [-2.3725935696483713, -0.2944245290195242, 0.20723992390722024], [-3.6947880672346507, -0.601456309414534, -0.19510841346060703], [-4.5974862966334795, 0.06747116902507319, 0.6449744949816072], [-3.9197167231689294, 0.7834601508631384, 1.5956935682146796], [-2.4835185106402555, 0.652441538776493, 1.3606305493735098], [-0.31780701064914657, 1.365661692755663, -0.6933018845245453], [-2.001615068746365, 1.3210022166815079, 0.06946582177537587], [-1.0984427621981974, -0.8615366884343776, -0.2576143985766402], [1.3772774554378213, -0.6627660364387757, -0.3115035282439402], [0.5486062216561571, 2.653607708189906, -1.7239047774435965], [0.8738524581645689, 3.587009016083779, -2.414285470962196], [4.804870848342344, -2.4978384706362564, 0.5770903364547191], [5.714039762719186, -1.5494496363093768, -0.6949499268723504], [3.8857833328583338, 0.09230775621198258, -0.7936075299256504], [0.07368104926908621, -0.37776527571106316, 1.4595526848503113], [2.5757707758579436, -2.7665932958045873, 0.8515578613321695], [-3.9564324266649007, -1.2312402672734581, -1.0256062698370032], [-5.667046186513864, 0.019416651081465064, 0.5449001759140651], [-4.346453667688583, 1.3959200506779652, 2.367272150812586], [-1.7999395963719391, 0.6731063506912569, 2.195458459434543], [-2.7660195418566937, 1.949328379111609, -0.40203951165597057], [-1.099385943025368, -1.3303863860422742, -1.2399134280822943], [1.4294967941953862, -1.4415548923717159, -1.0936591365017811], [2.554668519842939, -0.003579214495482174, 1.365922173915565], [1.141481652313014, 4.415173084887164, -3.010006124093185]], "best_conformer_elements": [6, 6, 6, 8, 8, 6, 6, 6, 6, 6, 6, 26, 6, 6, 6, 6, 6, 1, 1, 1, 1, 1, 1, 1, 1, 1, 1, 1, 1, 1, 1], "best_conformer_energy": -48.095649217361185}