{
    "smiles": "C=CC(=O)OCC(F)(F)F",
    "best_conformer_coordinates": [
        [
            3.1249857798870697,
            0.193180090557306,
            0.6927015054257869
        ],
        [
            2.008825989078502,
            0.35742690392525756,
            -0.0042609628825274965
        ],
        [
            0.7811344260525374,
            -0.3710170569935564,
            0.3512756070639163
        ],
        [
            0.6465008858851004,
            -1.1663337133624845,
            1.240548190170212
        ],
        [
            -0.22819557576173666,
            -0.03301106535805804,
            -0.4994316572144034
        ],
        [
            -1.4891299507901998,
            -0.607598439323819,
            -0.25278662905476723
        ],
        [
            -2.4268881743759003,
            0.43862695877973856,
            0.3506655014166582
        ],
        [
            -3.605066145729343,
            -0.11029636427130135,
            0.6785726580571467
        ],
        [
            -1.9256063175698925,
            0.9916867138807639,
            1.457195899301772
        ],
        [
            -2.68916973047714,
            1.4367074226823622,
            -0.500237212799214
        ],
        [
            3.1466937193963935,
            -0.4832858458399483,
            1.5318727162253487
        ],
        [
            4.032988736188396,
            0.7189843505414347,
            0.45363476438383993
        ],
        [
            1.9280498575784188,
            1.0226450238870883,
            -0.8497794480613561
        ],
        [
            -1.3928804185350319,
            -1.4382619739105018,
            0.4594733503325605
        ],
        [
            -1.912243086118852,
            -0.9494530051944,
            -1.2009123402230522
        ]
    ],
    "best_conformer_elements": [
        6,
        6,
        6,
        8,
        8,
        6,
        6,
        9,
        9,
        9,
        1,
        1,
        1,
        1,
        1
    ],
    "best_conformer_energy": -35.56533538592037,
    "ip": 15.256321915851846,
    "ip_corrected": 10.410321915851846,
    "ea": 4.661885319558952,
    "homo": -0.4442138760309897,
    "lumo": -0.3001513687536185,
    "charges": {
        "1": -0.05355420667845593,
        "2": -0.05534294003532281,
        "3": 0.3589067583884919,
        "4": -0.38532758648200677,
        "5": -0.25928722341822813,
        "6": 0.05693012758070365,
        "7": 0.4823998644823477,
        "8": -0.1996063533237706,
        "9": -0.18813340246932062,
        "10": -0.19124210405677716,
        "11": 0.0870107393107758,
        "12": 0.07523256854846476,
        "13": 0.07628574709773372,
        "14": 0.10335445876767002,
        "15": 0.09237355228766926
    },
    "dipole": [
        1.0139552581056106,
        -0.22981847083092438,
        -0.8389168780683012
    ],
    "global_electrophilicity": 1.2338470464083025,
    "global_nucleophilicity": -10.410321915851846,
    "fukui_electrophilicity": {
        "1": 0.10020422366177706,
        "2": 0.06169551385890645,
        "3": 0.09028413762304549,
        "4": 0.19330069284061263,
        "5": 0.08637692508067757,
        "6": -0.022147171675827595,
        "7": 0.004537221255482504,
        "8": 0.028927655287630832,
        "9": 0.005460129062946878,
        "10": 0.020435575053084437,
        "11": 0.11086293510616446,
        "12": 0.1291978027765869,
        "13": 0.11349145942753337,
        "14": 0.02247407662047278,
        "15": 0.05489882402087452
    },
    "fukui_nucleophilicity": {
        "1": 0.030437844935017923,
        "2": 0.04055240172946012,
        "3": 0.026727245935737998,
        "4": 0.1734183204501729,
        "5": 0.09502716673018546,
        "6": -0.006354715951592357,
        "7": 0.006263687732129597,
        "8": 0.06520882188933885,
        "9": 0.04701473597894765,
        "10": 0.05977155883939583,
        "11": 0.10573467362298908,
        "12": 0.12837388072148337,
        "13": 0.11603331035383752,
        "14": 0.03680371310844624,
        "15": 0.07498735392446006
    },
    "fukui_radical": {
        "1": 0.06532103429839749,
        "2": 0.051123957794183286,
        "3": 0.058505691779391744,
        "4": 0.18335950664539277,
        "5": 0.09070204590543152,
        "6": -0.014250943813709976,
        "7": 0.005400454493806051,
        "8": 0.04706823858848484,
        "9": 0.026237432520947263,
        "10": 0.040103566946240135,
        "11": 0.10829880436457677,
        "12": 0.12878584174903512,
        "13": 0.11476238489068544,
        "14": 0.02963889486445951,
        "15": 0.06494308897266729
    }
}