{
    "smiles": "C=CC(=O)OCCC#N",
    "ip": 14.340976928730836,
    "ip_corrected": 9.494976928730836,
    "ea": 4.540851877715456,
    "homo": -0.42745537905865383,
    "lumo": -0.28772381362358274,
    "charges": {
        "1": -0.056397015061190464,
        "2": -0.05804506604808365,
        "3": 0.35839725072749073,
        "4": -0.41251788425070135,
        "5": -0.2656917506377891,
        "6": 0.08957385139628193,
        "7": -0.06189216857727374,
        "8": 0.1189818853504197,
        "9": -0.22658942547570343,
        "10": 0.06800558681229896,
        "11": 0.08090151501799195,
        "12": 0.06955393014967101,
        "13": 0.06013154191832886,
        "14": 0.06379481752208244,
        "15": 0.07703023023996902,
        "16": 0.09476270091620337
    },
    "dipole": [
        0.19298989195891478,
        -0.8623371741871438,
        0.5535947332350353
    ],
    "global_electrophilicity": 1.0771922941309815,
    "global_nucleophilicity": -9.494976928730836,
    "fukui_electrophilicity": {
        "1": 0.08310425627984538,
        "2": 0.052943586663727234,
        "3": 0.06772843870013379,
        "4": 0.15714547416749292,
        "5": 0.07407412685643139,
        "6": -0.021261357011609444,
        "7": -0.007441340623423581,
        "8": 0.03072322812385736,
        "9": 0.10796343561277572,
        "10": 0.11059146948577098,
        "11": 0.09432193830410085,
        "12": 0.09442748876075126,
        "13": 0.03569943700581284,
        "14": 0.05086770662581777,
        "15": 0.052212424705305266,
        "16": 0.01689968634323806
    },
    "fukui_nucleophilicity": {
        "1": 0.022606130273064975,
        "2": 0.027902645745454,
        "3": 0.020864061164993453,
        "4": 0.14482893202097136,
        "5": 0.06616679470322906,
        "6": -0.02036191271608627,
        "7": 0.001447360243259907,
        "8": 0.029101375413443653,
        "9": 0.1918512400783177,
        "10": 0.10094467651296352,
        "11": 0.07506916291497959,
        "12": 0.08521838672285359,
        "13": 0.058427376521298445,
        "14": 0.07246977184439812,
        "15": 0.06822629926281923,
        "16": 0.05523769929403741
    },
    "boltzmann_weights": [
        0.2246964281443314,
        0.22818039600403195,
        0.2283029385188171,
        0.062361956707750014,
        0.06236204340629157,
        0.056264685076378614,
        0.05626467598517683,
        0.04323992716485791,
        0.013796957420950912,
        0.013796954439049228,
        0.010733037132364622
    ],
    "best_conformer_energy": -27.405013995948078,
    "best_conformer_coordinates": [
        [
            3.1959946601688376,
            0.11774284870773065,
            0.3812804490674115
        ],
        [
            2.1400269613232163,
            -0.2560261100202288,
            -0.32693030900068115
        ],
        [
            0.8005029263393371,
            -0.3360310273767153,
            0.2863999569618988
        ],
        [
            0.5307072844803132,
            -0.07697846229473461,
            1.4333125855121993
        ],
        [
            -0.11124084495218388,
            -0.7494807940604613,
            -0.6122098634435356
        ],
        [
            -1.4505374699416782,
            -0.8686603046529535,
            -0.15631676253589039
        ],
        [
            -2.1238288132158405,
            0.4994987562316954,
            0.025971494487500565
        ],
        [
            -2.141932586380731,
            1.2404892184595875,
            -1.2100727155494382
        ],
        [
            -2.1476329701036794,
            1.8199845304320161,
            -2.1946039338251953
        ],
        [
            4.181261278285954,
            0.18475832325990688,
            -0.04645005717615804
        ],
        [
            3.088437956343765,
            0.3679600566923338,
            1.4245398198776495
        ],
        [
            2.187514952372889,
            -0.5161773348894887,
            -1.3730523216862418
        ],
        [
            -1.460968256128976,
            -1.3987102729945573,
            0.8031558758407884
        ],
        [
            -1.9624780050957547,
            -1.4582430133204578,
            -0.9196966173333724
        ],
        [
            -3.1501972919522423,
            0.35410242313244894,
            0.37124844143246005
        ],
        [
            -1.5756297762514477,
            1.0757711838610147,
            0.7771440080738485
        ]
    ],
    "best_conformer_elements": [
        6,
        6,
        6,
        8,
        8,
        6,
        6,
        6,
        7,
        1,
        1,
        1,
        1,
        1,
        1,
        1
    ],
    "fukui_radical": {
        "1": 0.05285519327645518,
        "2": 0.04042311620459062,
        "3": 0.04429624993256362,
        "4": 0.15098720309423214,
        "5": 0.07012046077983022,
        "6": -0.020811634863847857,
        "7": -0.002996990190081837,
        "8": 0.029912301768650507,
        "9": 0.14990733784554672,
        "10": 0.10576807299936725,
        "11": 0.08469555060954022,
        "12": 0.08982293774180243,
        "13": 0.04706340676355564,
        "14": 0.06166873923510795,
        "15": 0.06021936198406225,
        "16": 0.03606869281863773
    }
}