{
    "smiles": "C=CC=CC",
    "best_conformer_coordinates": [
        [
            -2.640637130188544,
            0.16040633983950203,
            -0.19516404495387152
        ],
        [
            -1.4696676476344852,
            -0.46264000464468785,
            -0.27810153424266365
        ],
        [
            -0.19434892463658507,
            0.19846558163957223,
            -0.12327763547953209
        ],
        [
            0.9796797646881183,
            -0.42504264086940136,
            -0.2062187982131289
        ],
        [
            2.3049997051770537,
            0.2361051195306094,
            -0.050060490622387405
        ],
        [
            -3.5752565696088796,
            -0.35980485845793686,
            -0.3151634672524747
        ],
        [
            -2.7031511731436195,
            1.2191740703972902,
            -0.0030749036232415503
        ],
        [
            -1.433620545492516,
            -1.5273461325268385,
            -0.4719798000696085
        ],
        [
            -0.2272668520656456,
            1.2632626754430496,
            0.07070045234135788
        ],
        [
            1.0083519852291436,
            -1.4902285804676125,
            -0.40038072646784356
        ],
        [
            2.1922410457647117,
            1.300394167601313,
            0.14170743061285776
        ],
        [
            2.8564095747225524,
            -0.21448097605463515,
            0.7756578371662787
        ],
        [
            2.90226676189693,
            0.10173524386157537,
            -0.9523399797250328
        ]
    ],
    "best_conformer_elements": [
        6,
        6,
        6,
        6,
        6,
        1,
        1,
        1,
        1,
        1,
        1,
        1,
        1
    ],
    "best_conformer_energy": -14.723957501264223,
    "ip": 13.339289798839925,
    "ip_corrected": 8.493289798839925,
    "ea": 3.2278044594856246,
    "homo": -0.37446946764576333,
    "lumo": -0.23939742859213503,
    "charges": {
        "1": -0.08987031866918635,
        "2": -0.026323043467227733,
        "3": -0.04359230972810451,
        "4": -0.03217755375752926,
        "5": -0.10320659653979991,
        "6": 0.03228563262552846,
        "7": 0.03603875662591634,
        "8": 0.03007701023672566,
        "9": 0.033774782147252026,
        "10": 0.031189532747246604,
        "11": 0.04039049164286718,
        "12": 0.04570679489139324,
        "13": 0.04570682124492632
    },
    "dipole": [
        0.27814862832825726,
        0.0007774323139828525,
        0.0075237848650621855
    ],
    "global_electrophilicity": 0.5843221776341826,
    "global_nucleophilicity": -8.493289798839925,
    "fukui_electrophilicity": {
        "1": 0.09125686853279752,
        "2": 0.05941840496616778,
        "3": 0.05197580906105811,
        "4": 0.11818433018333041,
        "5": -0.03993409323445844,
        "6": 0.1175901811163002,
        "7": 0.10848425583188041,
        "8": 0.09597318436456459,
        "9": 0.09314696116866028,
        "10": 0.09740065242077808,
        "11": 0.05323234771570314,
        "12": 0.07663553152318414,
        "13": 0.07663556635004518
    },
    "fukui_nucleophilicity": {
        "1": 0.08247353459743037,
        "2": 0.04583578238461479,
        "3": 0.06311196381836626,
        "4": 0.07941923538458333,
        "5": -0.02610789527659929,
        "6": 0.1056200924243141,
        "7": 0.09309466970667417,
        "8": 0.08334825034147444,
        "9": 0.08318585539953513,
        "10": 0.08580552123597496,
        "11": 0.06699810060155494,
        "12": 0.11860737191204646,
        "13": 0.11860751757543592
    },
    "fukui_radical": {
        "1": 0.08686520156511394,
        "2": 0.052627093675391284,
        "3": 0.05754388643971218,
        "4": 0.09880178278395688,
        "5": -0.03302099425552887,
        "6": 0.11160513677030715,
        "7": 0.10078946276927729,
        "8": 0.08966071735301952,
        "9": 0.08816640828409772,
        "10": 0.09160308682837652,
        "11": 0.060115224158629035,
        "12": 0.0976214517176153,
        "13": 0.09762154196274055
    }
}