{"smiles": "C=CC(=O)NC(C)(C)CC(=O)[O-].[Na+]", "ip": 12.82498304165441, "ip_corrected": 7.978983041654409, "ea": 4.322644698593063, "homo": -0.36650501695422516, "lumo": -0.2693621113378234, "charges": {"1": -0.06640796094614097, "2": -0.05620701430135649, "3": 0.28481014722708753, "4": -0.4808321024157378, "5": -0.18200174504159483, "6": 0.0925366442084229, "7": -0.12063249631305108, "8": -0.11818358411255299, "9": -0.09904668538549874, "10": 0.359278829862298, "11": -0.5513249059632885, "12": -0.5764007898251178, "13": 0.7375479846184919, "14": 0.06330048646750357, "15": 0.06633132305734027, "16": 0.051431658044247666, "17": 0.1823495285685818, "18": 0.0549924715461816, "19": 0.050523574953927466, "20": 0.03979931279642812, "21": 0.07483149425430377, "22": 0.05015668268161187, "23": 0.04939330951549775, "24": 0.05391203595740855, "25": 0.039841800545003914}, "dipole": [1.4025701569567732, -0.6030551109854764, -0.5494830322949457], "global_electrophilicity": 0.8172220211412633, "global_nucleophilicity": -7.978983041654409, "fukui_electrophilicity": {"1": 0.07124070587285698, "2": 0.05282292327845634, "3": 0.048444801390699344, "4": 0.09528650464814503, "5": 0.06092447248411598, "6": -0.006205361544397506, "7": -0.018575401750818274, "8": -0.022204269562740034, "9": -0.013784388227330288, "10": -0.010588868799737416, "11": 0.03950280143312579, "12": 0.0030223641282887126, "13": 0.148634328597267, "14": 0.10254256898136893, "15": 0.08086181346532631, "16": 0.09360934250733188, "17": 0.04890335785730704, "18": 0.03343735203212237, "19": 0.021983471093266076, "20": 0.019956171969888595, "21": 0.00733247847840679, "22": 0.04041753831460698, "23": 0.018626551708297127, "24": 0.04836332104388063, "25": 0.035445420600265516}, "fukui_nucleophilicity": {"1": 0.01729721364433541, "2": 0.0053418166743900986, "3": 0.002298646358616707, "4": 0.07293559042901426, "5": 0.03132179851316086, "6": 0.006702723913698916, "7": -0.007228451962984231, "8": -0.02052118161426318, "9": 0.02171566746228701, "10": 0.016298549266532958, "11": 0.14358522639005195, "12": 0.12306973418566808, "13": 0.05087947295384909, "14": 0.055824535754163726, "15": 0.03254577918649783, "16": 0.04128829250670853, "17": 0.03530745375234273, "18": 0.03997343975464422, "19": 0.050763718023642865, "20": 0.036090739070859246, "21": 0.02924960971485599, "22": 0.04665369970830459, "23": 0.04227877128855621, "24": 0.06256840871974145, "25": 0.06375874630530615}, "fukui_radical": {"1": 0.044268959758596196, "2": 0.02908236997642322, "3": 0.025371723874658025, "4": 0.08411104753857965, "5": 0.04612313549863842, "6": 0.00024868118465070504, "7": -0.012901926856901252, "8": -0.021362725588501608, "9": 0.00396563961747836, "10": 0.0028548402333977707, "11": 0.09154401391158887, "12": 0.0630460491569784, "13": 0.09975690077555804, "14": 0.07918355236776634, "15": 0.05670379632591207, "16": 0.06744881750702021, "17": 0.042105405804824886, "18": 0.0367053958933833, "19": 0.03637359455845447, "20": 0.02802345552037392, "21": 0.01829104409663139, "22": 0.043535619011455785, "23": 0.03045266149842667, "24": 0.05546586488181104, "25": 0.049602083452785835}, "best_conformer_coordinates": [[3.5640883374748467, 0.6457952575710005, 1.3814321637513312], [2.7480139101695142, 0.45487652721043514, 0.3574931418563993], [1.3921683494136592, -0.12427536448998333, 0.5409033437278796], [0.9966889051842107, -0.4722944417234002, 1.6494809363648846], [0.7221717009279996, -0.30328575577707423, -0.6125779645123884], [-0.7184736332094998, -0.5030038234821103, -0.7823060731558527], [-0.9221177658007802, -0.9650058611138436, -2.22893113325331], [-1.2427142545546686, -1.569986763794731, 0.17384577162075585], [-1.437920413709564, 0.8415433785090968, -0.5578102344465823], [-0.986728418528424, 1.4277246537011485, 0.7846079560737109], [-1.6483271035362927, 1.1544196131682838, 1.800093926444534], [0.08282916641690276, 2.072367237888716, 0.8042947218447245], [0.18735904578312754, 1.093373846112347, 2.640882609443943], [4.545254689613264, 1.0722447847189418, 1.2649296736549611], [3.2615555991565492, 0.3575310598061876, 2.3758538924552344], [3.0375477215765274, 0.7259466673547108, -0.648221006658403], [1.1430388407204504, 0.14333962363359226, -1.415428797674142], [-1.9817894416548771, -1.0904367397216794, -2.4326157739842755], [-0.4207200725383252, -1.9164995392798143, -2.3930614407757345], [-0.52533022397683, -0.2342522012806095, -2.9315307784582236], [-1.3154250377048298, -1.1726363183377995, 1.1822375651740105], [-2.2312982863620956, -1.8893986353525796, -0.14660971759251631], [-0.5763902049415921, -2.4292452822506285, 0.17901798009736847], [-2.513940736659954, 0.6839345085713914, -0.5363079078319123], [-1.173954928464423, 1.5437221860999468, -1.34900951614927]], "best_conformer_elements": [6, 6, 6, 8, 7, 6, 6, 6, 6, 6, 8, 8, 11, 1, 1, 1, 1, 1, 1, 1, 1, 1, 1, 1, 1], "best_conformer_energy": -38.68503284497098}