{
    "smiles": "C=CC=CC(=O)O",
    "best_conformer_coordinates": [
        [
            2.774856951451554,
            0.04262211394527958,
            0.4566600268274583
        ],
        [
            1.5819399142477673,
            -0.546175989604184,
            0.40485779186478243
        ],
        [
            0.3533222004046379,
            0.18339680974648404,
            0.23398274791939752
        ],
        [
            -0.8591449881144156,
            -0.38522446053804166,
            0.17870775012919915
        ],
        [
            -2.0692093209383327,
            0.4211493667156135,
            0.0026880185095960823
        ],
        [
            -2.1118862564168333,
            1.6226346247570431,
            -0.10670799504739653
        ],
        [
            -3.179045939192651,
            -0.33980825966902106,
            -0.02675575507443268
        ],
        [
            3.684161943673134,
            -0.5188355009174228,
            0.585016404939488
        ],
        [
            2.8768082412078053,
            1.1120413649197627,
            0.37144068766120153
        ],
        [
            1.4967156962864532,
            -1.6214789823860385,
            0.49204726874554716
        ],
        [
            0.4203715294537449,
            1.2604495276488252,
            0.14506105513908632
        ],
        [
            -1.0074796033967903,
            -1.4513691741595884,
            0.2596107908484057
        ],
        [
            -3.9614103686660807,
            0.2205985595412861,
            -0.14399566522013096
        ]
    ],
    "best_conformer_elements": [
        6,
        6,
        6,
        6,
        6,
        8,
        8,
        1,
        1,
        1,
        1,
        1,
        1
    ],
    "best_conformer_energy": -21.84841642341784,
    "ip": 14.235959265400119,
    "ip_corrected": 9.389959265400119,
    "ea": 5.008509445435592,
    "homo": -0.41041172240344775,
    "lumo": -0.29520146865499103,
    "charges": {
        "1": -0.07445362035822083,
        "2": -0.022119384376146377,
        "3": -0.005162030097766335,
        "4": -0.06960177364484049,
        "5": 0.3561799546322123,
        "6": -0.4219979891504786,
        "7": -0.3840102088559512,
        "8": 0.05182904643230387,
        "9": 0.05605793131452822,
        "10": 0.04898444234472511,
        "11": 0.07316020797831484,
        "12": 0.0658464903609372,
        "13": 0.32528693342038245
    },
    "dipole": [
        0.4156617188400919,
        -0.6767484698052573,
        0.095628223886126
    ],
    "global_electrophilicity": 1.2361169696375287,
    "global_nucleophilicity": -9.389959265400119,
    "fukui_electrophilicity": {
        "1": 0.07616236384437682,
        "2": 0.033519621593214095,
        "3": 0.0688264589971845,
        "4": 0.06151891430203496,
        "5": 0.05281223868978063,
        "6": 0.14406985676236195,
        "7": 0.07368914212129468,
        "8": 0.1003977780035602,
        "9": 0.08731660881450568,
        "10": 0.0789267136172051,
        "11": 0.0786610439211377,
        "12": 0.09049364584358649,
        "13": 0.05360561348976506
    },
    "fukui_nucleophilicity": {
        "1": 0.07185567657608767,
        "2": 0.052474163546075266,
        "3": 0.036839158463348884,
        "4": 0.07810896198059979,
        "5": 0.0191367527622594,
        "6": 0.17902052123132545,
        "7": 0.08420033575454977,
        "8": 0.10068948454154869,
        "9": 0.08672416767161778,
        "10": 0.07950054360573265,
        "11": 0.06849275658389169,
        "12": 0.09140357379263092,
        "13": 0.051553903490313746
    },
    "fukui_radical": {
        "1": 0.07400902021023224,
        "2": 0.04299689256964468,
        "3": 0.05283280873026669,
        "4": 0.06981393814131737,
        "5": 0.03597449572602002,
        "6": 0.1615451889968437,
        "7": 0.07894473893792223,
        "8": 0.10054363127255445,
        "9": 0.08702038824306173,
        "10": 0.07921362861146887,
        "11": 0.07357690025251469,
        "12": 0.0909486098181087,
        "13": 0.0525797584900394
    }
}