{
    "smiles": "C=CC=C",
    "best_conformer_coordinates": [
        [
            -1.796323090010914,
            0.15265141384346895,
            -0.3218928102870557
        ],
        [
            -0.5679106792354968,
            0.43810694753702784,
            0.09592332767222474
        ],
        [
            0.5677951929037681,
            -0.4376309756428512,
            -0.09570775730478993
        ],
        [
            1.7964504598220763,
            -0.15283557615435311,
            0.32182781223337226
        ],
        [
            -2.624123713146662,
            0.8229487911258,
            -0.16599655417168652
        ],
        [
            -2.016498560430841,
            -0.7680393100662228,
            -0.8377163037114116
        ],
        [
            -0.3694393416888526,
            1.3688494418637978,
            0.6120194922671407
        ],
        [
            0.369047131004035,
            -1.368288933348825,
            -0.6118227155762266
        ],
        [
            2.017074034691236,
            0.7677238586596401,
            0.8376844973180201
        ],
        [
            2.6239285555081153,
            -0.8234856472339481,
            0.16568101685218212
        ]
    ],
    "best_conformer_elements": [
        6,
        6,
        6,
        6,
        1,
        1,
        1,
        1,
        1,
        1
    ],
    "best_conformer_energy": -11.552702154525715,
    "ip": 14.079031387324246,
    "ip_corrected": 9.233031387324246,
    "ea": 3.279985975216719,
    "homo": -0.386867151609812,
    "lumo": -0.24784635108671726,
    "charges": {
        "1": -0.08597197466019905,
        "2": -0.025421355835769044,
        "3": -0.0254317914772137,
        "4": -0.08598468472764138,
        "5": 0.03601557907297259,
        "6": 0.039179660659300036,
        "7": 0.03621728674711895,
        "8": 0.036208104383821924,
        "9": 0.03916441550585237,
        "10": 0.03602476033176891
    },
    "dipole": [
        -0.00010044371054154783,
        -6.133505209097726e-06,
        -2.5434564772532714e-05
    ],
    "global_electrophilicity": 0.6804207338965222,
    "global_nucleophilicity": -9.233031387324246,
    "fukui_electrophilicity": {
        "1": 0.09574755450565879,
        "2": 0.06203617919850157,
        "3": 0.06202027209838982,
        "4": 0.09574657091932705,
        "5": 0.12458293171315071,
        "6": 0.11472038303784263,
        "7": 0.10293731507941366,
        "8": 0.1029124943183961,
        "9": 0.11471949626506271,
        "10": 0.12457680286427213
    },
    "fukui_nucleophilicity": {
        "1": 0.09730644804139181,
        "2": 0.06537754058818268,
        "3": 0.06537795150598114,
        "4": 0.09732203486177017,
        "5": 0.12397729882729222,
        "6": 0.11202174236052037,
        "7": 0.10130997247160724,
        "8": 0.10129387090177701,
        "9": 0.11203369907362781,
        "10": 0.12397944136784944
    },
    "fukui_radical": {
        "1": 0.0965270012735253,
        "2": 0.06370685989334213,
        "3": 0.06369911180218547,
        "4": 0.09653430289054861,
        "5": 0.12428011527022147,
        "6": 0.1133710626991815,
        "7": 0.10212364377551045,
        "8": 0.10210318261008655,
        "9": 0.11337659766934527,
        "10": 0.12427812211606079
    }
}