{
    "smiles": "C=CC(=O)NC(C)C",
    "best_conformer_coordinates": [
        [
            3.6349711152682636,
            0.0006660590526048704,
            0.4462956011736887
        ],
        [
            2.477598440818422,
            -0.2132779411272764,
            -0.15965822651746486
        ],
        [
            1.1942957199590527,
            0.1595307118625368,
            0.4920508211454756
        ],
        [
            1.1280894484801618,
            0.6713804126569942,
            1.5930899419370341
        ],
        [
            0.09859901412034892,
            -0.12330105469771348,
            -0.25379446472634876
        ],
        [
            -1.2545537555444342,
            0.1543606170822162,
            0.1817112922396789
        ],
        [
            -1.9215895383652315,
            1.1422517288432361,
            -0.7734247518349141
        ],
        [
            -2.0512192765153157,
            -1.1450203074205445,
            0.28215737076363123
        ],
        [
            3.647854843741444,
            0.4512473134419943,
            1.4254013539122006
        ],
        [
            4.582036238237596,
            -0.2568882084657615,
            0.0035817465530025064
        ],
        [
            2.421443217481151,
            -0.6628464952504952,
            -1.1419521974419502
        ],
        [
            0.2069283696092023,
            -0.5473949475536675,
            -1.1616047996250185
        ],
        [
            -1.1556736208637626,
            0.606650106724041,
            1.1738949046301923
        ],
        [
            -2.006466241077698,
            0.7106272280563429,
            -1.7694848581233453
        ],
        [
            -1.3376807352962397,
            2.0570629053658775,
            -0.837732668886643
        ],
        [
            -2.9178786265737466,
            1.390753966800374,
            -0.4186620245297201
        ],
        [
            -3.048703538394979,
            -0.9436855549127162,
            0.6625307594247121
        ],
        [
            -1.5561100389641478,
            -1.8393824478891856,
            0.9564731224445189
        ],
        [
            -2.1419410467038014,
            -1.6127340978610585,
            -0.6969460677931785
        ]
    ],
    "best_conformer_elements": [
        6,
        6,
        6,
        8,
        7,
        6,
        6,
        6,
        1,
        1,
        1,
        1,
        1,
        1,
        1,
        1,
        1,
        1,
        1
    ],
    "best_conformer_energy": -25.42737893742459,
    "ip": 13.64202977416695,
    "ip_corrected": 8.79602977416695,
    "ea": 3.52824747880261,
    "homo": -0.38612005438316416,
    "lumo": -0.2546046217306291,
    "charges": {
        "1": -0.06248486316228018,
        "2": -0.061669762886744535,
        "3": 0.2725727251076786,
        "4": -0.4396588589406465,
        "5": -0.18450967382689637,
        "6": 0.04846875767141063,
        "7": -0.11601953005744042,
        "8": -0.11603163136238864,
        "9": 0.0755651150221433,
        "10": 0.049477315488890644,
        "11": 0.03334008241319783,
        "12": 0.1619193676306928,
        "13": 0.07398417987853095,
        "14": 0.03852333155306018,
        "15": 0.04630460568401584,
        "16": 0.04768097203906534,
        "17": 0.047663067127386,
        "18": 0.04631950934608212,
        "19": 0.03855529127424094
    },
    "dipole": [
        -0.35475261081656934,
        -0.6372469867144386,
        -1.4255309015401927
    ],
    "global_electrophilicity": 0.6911933270740246,
    "global_nucleophilicity": -8.79602977416695,
    "fukui_electrophilicity": {
        "1": 0.09950229767332842,
        "2": 0.06860594358711919,
        "3": 0.07171119350674554,
        "4": 0.16292299313924596,
        "5": 0.06718088370899689,
        "6": -0.00868493754286525,
        "7": -0.014230442732834109,
        "8": -0.014219961110362611,
        "9": 0.11191728487377803,
        "10": 0.12800771499861457,
        "11": 0.11199583352766179,
        "12": 0.05557519101157181,
        "13": 0.01589494895333156,
        "14": 0.023204581033689286,
        "15": 0.011477921691070654,
        "16": 0.03723304692529998,
        "17": 0.03720632379134383,
        "18": 0.011438882672900927,
        "19": 0.023260300291382527
    },
    "fukui_nucleophilicity": {
        "1": 0.028721718462203158,
        "2": 0.0252639793934024,
        "3": 0.023792206904301283,
        "4": 0.18875893485394246,
        "5": 0.08223548434293085,
        "6": 0.006887797248636564,
        "7": -0.009653921416671929,
        "8": -0.00962380126069673,
        "9": 0.06275670585192844,
        "10": 0.09569319847393959,
        "11": 0.07735706563438376,
        "12": 0.05909118063838492,
        "13": 0.0395753157624506,
        "14": 0.05201912975607959,
        "15": 0.048677893212436804,
        "16": 0.06383710535567141,
        "17": 0.06395384291538073,
        "18": 0.04860265088867711,
        "19": 0.052053512982864175
    },
    "fukui_radical": {
        "1": 0.06411200806776579,
        "2": 0.04693496149026079,
        "3": 0.04775170020552341,
        "4": 0.1758409639965942,
        "5": 0.07470818402596387,
        "6": -0.0008985701471143429,
        "7": -0.011942182074753019,
        "8": -0.01192188118552967,
        "9": 0.08733699536285323,
        "10": 0.11185045673627708,
        "11": 0.09467644958102278,
        "12": 0.057333185824978365,
        "13": 0.02773513235789108,
        "14": 0.03761185539488444,
        "15": 0.03007790745175373,
        "16": 0.0505350761404857,
        "17": 0.050580083353362275,
        "18": 0.030020766780789018,
        "19": 0.03765690663712335
    }
}