{"smiles": "C=CC(C)=O", "ip": 14.258642424984073, "ip_corrected": 9.412642424984073, "ea": 4.316899483038287, "homo": -0.39718657094898, "lumo": -0.2884375539709896, "charges": {"1": -0.06846833490588065, "2": -0.05113165245492924, "3": 0.23956749490163382, "4": -0.13840057100975453, "5": -0.3571370215289167, "6": 0.057797950466668045, "7": 0.05643596919150723, "8": 0.06430906118189897, "9": 0.06769826750541845, "10": 0.06466449875211693, "11": 0.06466433790024705}, "dipole": [0.4690827099448904, 0.9775328311625529, 0.9328185157105614], "global_electrophilicity": 0.9922469995002697, "global_nucleophilicity": -9.412642424984073, "fukui_electrophilicity": {"1": 0.09567650561270193, "2": 0.05973395738435241, "3": 0.0975841161311467, "4": -0.04118225374005194, "5": 0.2270833789444452, "6": 0.11394280857216087, "7": 0.1266888808652443, "8": 0.1034243727340335, "9": 0.07119184442675536, "10": 0.07292827770381637, "11": 0.07292811136540972}, "fukui_nucleophilicity": {"1": 0.032789110601388755, "2": 0.04245387632548409, "3": 0.05090118302855384, "4": 0.0087476496718977, "5": 0.2564558084996744, "6": 0.09903581009125029, "7": 0.13354740002566054, "8": 0.113051811043302, "9": 0.08387524287776645, "10": 0.0895711152993753, "11": 0.0895709925363758}, "boltzmann_weights": [0.2447829404160091, 0.7552170595839909], "best_conformer_elements": [6, 6, 6, 6, 8, 1, 1, 1, 1, 1, 1], "best_conformer_coordinates": [[-1.412418432696741, -0.5375601765510666, 0.6722276631637732], [-0.8676373079409337, 0.6373699717238362, 0.38686792627647976], [0.45794450760266775, 0.8512518089529838, -0.2361966715027193], [1.267263741439288, -0.3745236283422553, -0.5800515466177074], [0.8625071709633304, 1.9708902857585464, -0.45476664490954816], [-2.3864305656942206, -0.6083435482817184, 1.1277159220878903], [-0.919397746156896, -1.4730800747614432, 0.46784869743892565], [-1.3948671864476692, 1.556639272788045, 0.6076154225366275], [1.4643835074617497, -0.9543202338457284, 0.3187195423349442], [2.210026232471839, -0.07085481120041363, -1.0272581954840319], [0.7186260789975725, -0.9974688609490144, -1.2827221100328512]], "best_conformer_energy": -15.637810920861758, "fukui_radical": {"1": 0.0642295055195212, "2": 0.0510952921891351, "3": 0.07423165260993159, "4": -0.016218078052820495, "5": 0.24177251000006156, "6": 0.1301348091826021, "7": 0.10648361175265453, "8": 0.1082462514149172, "9": 0.08124822916214176, "10": 0.0775277739176578, "11": 0.08124844230456302}}