{
    "smiles": "C=CC(N)=O",
    "best_conformer_coordinates": [
        [
            -1.7761353251633982,
            0.22328195494187594,
            0.2830714399589734
        ],
        [
            -0.5804008618022948,
            0.310905763942105,
            -0.27873634681436893
        ],
        [
            0.6005770769089525,
            -0.350440878507629,
            0.33324378356222334
        ],
        [
            1.7571324253066278,
            -0.17188851676279412,
            -0.35649879946098606
        ],
        [
            0.5583073729735887,
            -0.9975396643477447,
            1.357870343670874
        ],
        [
            -1.8957289927808654,
            -0.3353638444479564,
            1.1971861083315363
        ],
        [
            -2.651914355810319,
            0.6902881917572028,
            -0.13420102322678273
        ],
        [
            -0.4163044311289395,
            0.8608697502877718,
            -1.1951269439773324
        ],
        [
            1.8046298066262132,
            0.3613675558013423,
            -1.2053656561776669
        ],
        [
            2.5998372901621956,
            -0.5914803126641826,
            -0.00144290586645716
        ]
    ],
    "best_conformer_elements": [
        6,
        6,
        6,
        7,
        8,
        1,
        1,
        1,
        1,
        1
    ],
    "best_conformer_energy": -15.92342315537316,
    "ip": 14.396786587987629,
    "ip_corrected": 9.550786587987629,
    "ea": 3.5428947653768064,
    "homo": -0.3940262410152107,
    "lumo": -0.2606372208444553,
    "charges": {
        "1": -0.06128456663232655,
        "2": -0.060417902980530486,
        "3": 0.285041473623861,
        "4": -0.27133131447002795,
        "5": -0.4275566658808334,
        "6": 0.07727340393942184,
        "7": 0.05277262491750216,
        "8": 0.03916591737549465,
        "9": 0.17667555096170742,
        "10": 0.1896614791457401
    },
    "dipole": [
        0.3205210271643715,
        0.7805067634546469,
        -1.3316876327155147
    ],
    "global_electrophilicity": 0.7834084863104968,
    "global_nucleophilicity": -9.550786587987629,
    "fukui_electrophilicity": {
        "1": 0.10253226926754112,
        "2": 0.07132792645943695,
        "3": 0.07423585078708195,
        "4": 0.06321680899655108,
        "5": 0.17643934144227458,
        "6": 0.1166533454385296,
        "7": 0.13402143030861752,
        "8": 0.11754186958483973,
        "9": 0.06918265353390239,
        "10": 0.07484850418124026
    },
    "fukui_nucleophilicity": {
        "1": 0.02950969429353971,
        "2": 0.04719610296266788,
        "3": 0.03840361559527883,
        "4": 0.0852341562710135,
        "5": 0.266365920410154,
        "6": 0.10409364420976358,
        "7": 0.1475928636729822,
        "8": 0.1297107042306767,
        "9": 0.07482022966489185,
        "10": 0.07707306868901026
    },
    "fukui_radical": {
        "1": 0.06602098178054042,
        "2": 0.05926201471105241,
        "3": 0.05631973319118039,
        "4": 0.07422548263378229,
        "5": 0.2214026309262143,
        "6": 0.11037349482414659,
        "7": 0.14080714699079985,
        "8": 0.12362628690775822,
        "9": 0.07200144159939711,
        "10": 0.07596078643512526
    }
}