{
    "smiles": "C=CC(=O)OCCO",
    "best_conformer_coordinates": [
        [
            3.07146845406448,
            0.7410670456309851,
            0.003402611196676112
        ],
        [
            2.1606033388606365,
            -0.20451357131401657,
            -0.17659672576572968
        ],
        [
            0.750722543272506,
            0.011095994377043545,
            0.2068296103616895
        ],
        [
            0.31403010738431136,
            1.0257147711094392,
            0.7007117787984476
        ],
        [
            0.01307098036678478,
            -1.069626724206515,
            -0.06388121220450574
        ],
        [
            -1.370945820166014,
            -1.055256454309232,
            0.29302979985065897
        ],
        [
            -2.19820523881078,
            -0.029033829591314904,
            -0.5007983121089796
        ],
        [
            -2.410753273013932,
            1.162643723198286,
            0.19555737921072255
        ],
        [
            4.103791703674153,
            0.6049130461786235,
            -0.2685698065894736
        ],
        [
            2.791857627424944,
            1.6878730086327909,
            0.43685382932932976
        ],
        [
            2.3833723205351744,
            -1.1696216898045908,
            -0.6049254057882885
        ],
        [
            -1.7068912978491142,
            -2.072154984653672,
            0.08837436824800782
        ],
        [
            -1.469474389826401,
            -0.8389146363865312,
            1.36266597856805
        ],
        [
            -1.6975411174630628,
            0.15256213349872544,
            -1.465033003644804
        ],
        [
            -3.19046439163052,
            -0.44103092198110666,
            -0.69919321399304
        ],
        [
            -1.5446415415313184,
            1.4942830896210946,
            0.49157231394762835
        ]
    ],
    "best_conformer_elements": [
        6,
        6,
        6,
        8,
        8,
        6,
        6,
        8,
        1,
        1,
        1,
        1,
        1,
        1,
        1,
        1
    ],
    "best_conformer_energy": -26.951706162857633,
    "ip": 14.170567923885143,
    "ip_corrected": 9.324567923885143,
    "ea": 4.403380052603722,
    "homo": -0.4105626695751422,
    "lumo": -0.28914052849382094,
    "charges": {
        "1": -0.056675505591451125,
        "2": -0.05879766275182017,
        "3": 0.3606924542839022,
        "4": -0.4219011526934542,
        "5": -0.26505183898225076,
        "6": 0.059973184745204806,
        "7": 0.07871226364073355,
        "8": -0.44835041927906066,
        "9": 0.06755641205211159,
        "10": 0.08183616147522527,
        "11": 0.06773417432577655,
        "12": 0.06256554276014495,
        "13": 0.06657260538769624,
        "14": 0.030136227565409398,
        "15": 0.053001800309225175,
        "16": 0.32199575275260917
    },
    "dipole": [
        0.9993472497601051,
        -0.9365767810842458,
        -0.3370551811595398
    ],
    "global_electrophilicity": 1.0096176209660725,
    "global_nucleophilicity": -9.324567923885143,
    "fukui_electrophilicity": {
        "1": 0.09889892667654865,
        "2": 0.06258709267853205,
        "3": 0.08707339630428551,
        "4": 0.18137149894170745,
        "5": 0.09208250334327339,
        "6": -0.02510705987777525,
        "7": -0.013638138613759038,
        "8": 0.02534673190221287,
        "9": 0.12850685193338543,
        "10": 0.11047865213919142,
        "11": 0.11293039328594516,
        "12": 0.053701077391034704,
        "13": 0.0356677623067201,
        "14": 0.012269400309977873,
        "15": 0.04551720476246333,
        "16": -0.007686293483735673
    },
    "fukui_nucleophilicity": {
        "1": 0.02436662655684499,
        "2": 0.024033167325482593,
        "3": 0.016998633091522775,
        "4": 0.10411790580777697,
        "5": 0.06585214620515734,
        "6": -0.007037982974881674,
        "7": -0.019533811222376095,
        "8": 0.17186925054965613,
        "9": 0.09295042117972117,
        "10": 0.06765261432172787,
        "11": 0.07891181953410958,
        "12": 0.08623352546752372,
        "13": 0.05187409239619309,
        "14": 0.11405376686035396,
        "15": 0.08111177909202318,
        "16": 0.046546045809890024
    },
    "fukui_radical": {
        "1": 0.06163277661669682,
        "2": 0.04331013000200731,
        "3": 0.05203601469790414,
        "4": 0.1427447023747422,
        "5": 0.07896732477421536,
        "6": -0.01607252142632846,
        "7": -0.016585974918067566,
        "8": 0.0986079912259345,
        "9": 0.11072863655655331,
        "10": 0.08906563323045964,
        "11": 0.09592110641002738,
        "12": 0.0699673014292792,
        "13": 0.043770927351456594,
        "14": 0.06316158358516591,
        "15": 0.06331449192724325,
        "16": 0.019429876163077175
    }
}