{
    "smiles": "C=CC(=O)O",
    "best_conformer_coordinates": [
        [
            -1.4207714944222094,
            0.498863176769605,
            0.594027480089343
        ],
        [
            -0.5488492881021724,
            0.1401560668727444,
            -0.3372056490978256
        ],
        [
            0.8738739301396838,
            -0.07577454269632208,
            -0.008961420861843518
        ],
        [
            1.3737088524063745,
            0.04309917561522415,
            1.0804953190655766
        ],
        [
            1.583057902828409,
            -0.4325912579514339,
            -1.091842333871344
        ],
        [
            -2.462146671837005,
            0.6613618435385451,
            0.3760079717444841
        ],
        [
            -1.0972420861406378,
            0.63852453155757,
            1.6129373911626146
        ],
        [
            -0.8148452187706194,
            -0.014013221952127517,
            -1.3717349859406522
        ],
        [
            2.5132140738981827,
            -0.569062404888525,
            -0.8537237775821419
        ]
    ],
    "best_conformer_elements": [
        6,
        6,
        6,
        8,
        8,
        1,
        1,
        1,
        1
    ],
    "best_conformer_energy": -16.563933457602765,
    "ip": 15.113020727306841,
    "ip_corrected": 10.267020727306841,
    "ea": 4.0674485559618,
    "homo": -0.4236763627166268,
    "lumo": -0.28303027396492547,
    "charges": {
        "1": -0.05775983166337657,
        "2": -0.056707126434128396,
        "3": 0.35956725811404855,
        "4": -0.40991071008169894,
        "5": -0.37834762581440395,
        "6": 0.06567147054913697,
        "7": 0.08050231201813775,
        "8": 0.06965649151356537,
        "9": 0.32732776179872236
    },
    "dipole": [
        -0.3129843444193848,
        -0.053898680759424555,
        -0.5794573938750727
    ],
    "global_electrophilicity": 1.018859049840526,
    "global_nucleophilicity": -10.267020727306841,
    "fukui_electrophilicity": {
        "1": 0.10295079160100379,
        "2": 0.06870441541443809,
        "3": 0.08572257556453966,
        "4": 0.19959014430519478,
        "5": 0.09976488619735385,
        "6": 0.13612749979086242,
        "7": 0.11688132935078971,
        "8": 0.12088753934929708,
        "9": 0.06937081842652532
    },
    "fukui_nucleophilicity": {
        "1": 0.032023570426307525,
        "2": 0.054111917270995846,
        "3": 0.04023441489985097,
        "4": 0.24914239006287897,
        "5": 0.1159933643505805,
        "6": 0.16121894656562855,
        "7": 0.12998967890728308,
        "8": 0.15282133714374513,
        "9": 0.06446438037272978
    },
    "fukui_radical": {
        "1": 0.06748718101365565,
        "2": 0.061408166342716966,
        "3": 0.06297849523219531,
        "4": 0.22436626718403688,
        "5": 0.10787912527396717,
        "6": 0.1486732231782455,
        "7": 0.1234355041290364,
        "8": 0.1368544382465211,
        "9": 0.06691759939962755
    }
}