{"smiles": "C=CCN(CC=C)c1nc(N)nc(N)n1", "ip": 12.185225930245755, "ip_corrected": 7.339225930245755, "ea": 3.5103466002266166, "homo": -0.3525018832768909, "lumo": -0.20909058852910214, "charges": {"1": -0.09295097299109625, "2": -0.029958132761618704, "3": -0.009873919647039611, "4": -0.08390705583969671, "5": -0.009584621772394546, "6": -0.030000313340485252, "7": -0.09285636226529193, "8": 0.24899905425254015, "9": -0.38344200709444504, "10": 0.2660013377945852, "11": -0.26933335250134105, "12": -0.3813141655278753, "13": 0.26601522681416817, "14": -0.27000281822553984, "15": -0.38355345643406685, "16": 0.039908054884441206, "17": 0.0400967570038135, "18": 0.04134055711649926, "19": 0.04815478871747295, "20": 0.08542679132253365, "21": 0.08454231235027926, "22": 0.047751911727416996, "23": 0.04283584148564985, "24": 0.040305460216013035, "25": 0.03949922237254101, "26": 0.18747155708257907, "27": 0.185594302784774, "28": 0.18554097904181693, "29": 0.1872930234337519}, "dipole": [-0.04560062702016523, -0.39410278218486006, -0.14103953732621652], "global_electrophilicity": 0.5193571252904523, "global_nucleophilicity": -7.339225930245755, "fukui_electrophilicity": {"1": 0.039242398587092026, "2": 0.03946712375613589, "3": -0.014183689341241791, "4": 0.025769341418799774, "5": -0.014146385737059966, "6": 0.03904860371957476, "7": 0.03897983941680275, "8": 0.015247227556751702, "9": 0.04425370619538899, "10": 0.028560320487359042, "11": 0.029744029413382167, "12": 0.05536466434556592, "13": 0.02883872945718685, "14": 0.029957589821677233, "15": 0.044070823075524235, "16": 0.05149893133819008, "17": 0.06093763088099554, "18": 0.04706205220791377, "19": 0.025407295219274994, "20": 0.034077205413313806, "21": 0.03400267117172028, "22": 0.025353156624047597, "23": 0.04657172341992001, "24": 0.060649999123757764, "25": 0.051159124997364684, "26": 0.03584110733654569, "27": 0.03069486140078287, "28": 0.030638696261523213, "29": 0.035891222626519836}, "fukui_nucleophilicity": {"1": 0.017925119705061596, "2": 0.005460594643209998, "3": -0.011062386331835226, "4": 0.07626924603740759, "5": -0.01087697870143746, "6": 0.005369250764796059, "7": 0.017495137790205242, "8": -0.0029844467446055734, "9": 0.10122389274454813, "10": 0.0017666605505394228, "11": 0.03690110123837009, "12": 0.11358530760761276, "13": 0.0017511854696228846, "14": 0.03715659701742219, "15": 0.10080823276685846, "16": 0.03449113297515167, "17": 0.04764206552116708, "18": 0.026628712273197637, "19": 0.04739338346977331, "20": 0.02522959991597022, "21": 0.025529356303480494, "22": 0.04671465448109399, "23": 0.026089144700341932, "24": 0.047929770415393334, "25": 0.03443619643419206, "26": 0.038427019484437774, "27": 0.03513844111841638, "28": 0.035132450029675744, "29": 0.038429558532578956}, "boltzmann_weights": [0.0837450707346388, 0.07898466285616663, 0.07347116611207, 0.07347123459042632, 0.07898370882649991, 0.016019185189028857, 0.08377260478478829, 0.016019897358169555, 0.05939459346881799, 0.025600257365500846, 0.025600457509655363, 0.070337743372943, 0.012361227107307452, 0.012361202300822957, 0.024328673446875303, 0.026070766139872702, 0.053276644246521274, 0.02559889035381381, 0.01195646143399956, 0.021993811543547792, 0.02475976101831437, 0.0256007381582913, 0.025600708049042627, 0.0019983138703980876, 0.0033965972198649374, 0.0033968260422103246, 0.011230043032113349, 0.00303290926364077, 0.0019982838030867473, 0.021994174840775517, 0.0029901119776519127, 0.0006532739831435237], "best_conformer_elements": [6, 6, 6, 7, 6, 6, 6, 6, 7, 6, 7, 7, 6, 7, 7, 1, 1, 1, 1, 1, 1, 1, 1, 1, 1, 1, 1, 1, 1], "best_conformer_coordinates": [[-2.856387501356253, 1.9589670523696934, -1.741754556926411], [-1.6076639938451918, 1.6703542945170893, -1.4278644181548117], [-1.062158260800935, 0.27762173519349825, -1.3256962576658458], [-0.445094645789055, 0.04962204348221756, -0.03783749404635036], [-1.3247655977693593, -0.04569209695896948, 1.1060762170880807], [-2.1310280078358854, -1.3093323490016837, 1.0697066171626541], [-3.4487275707842415, -1.3522666633334868, 1.12337109353386], [0.884738210950976, -0.09887004919788961, 0.08591039071750196], [1.6278258854480554, -0.010034106173314409, -1.023662592077269], [2.9346007620848846, -0.16245947791228493, -0.8370139450550556], [3.723227944588044, -0.13389712465491574, -1.9353046280309154], [3.5332962073201206, -0.370148979656088, 0.3349121344132639], [2.697905049331868, -0.4457165045081414, 1.3702445056403092], [3.239975934867342, -0.7087558023650845, 2.580234199785727], [1.3767632063356605, -0.3149049604899232, 1.3115531971632766], [-3.210541742953853, 2.9734154905314316, -1.8128121722609272], [-3.57703888181918, 1.185814913514274, -1.9546921198434604], [-0.8933700532452535, 2.4533443708239204, -1.2105558223328212], [-0.2803375351727651, 0.1301979029568689, -2.0758385825063126], [-1.8624480874275866, -0.4552391370188914, -1.476903516041057], [-1.9868973542004442, 0.8270522705011174, 1.1231923983821013], [-0.6846345924495714, -0.04237438359821528, 1.99240489455876], [-1.5469809448935645, -2.215712738656517, 0.9823275893640983], [-4.039515732502517, -0.453968818006446, 1.2051411911634704], [-3.993676936927292, -2.280749585807265, 1.1014693390116554], [3.3216369549028895, 0.20036510383519537, -2.7923495096610775], [4.714931311340358, -0.0732104946653928, -1.7925293884366715], [4.238011750795644, -0.6501480210194391, 2.667116481015756], [2.6583542270990748, -0.6032738899930014, 3.3911547593300133]], "best_conformer_energy": -43.950143373833995, "fukui_radical": {"1": 0.028562863653672686, "2": 0.022457608225644445, "3": -0.012615347059316571, "4": 0.05103507548897715, "5": -0.012513644507998783, "6": 0.022212214440557508, "7": 0.02823116929718074, "8": 0.0061365156655433795, "9": 0.07241705732296466, "10": 0.015328345634351231, "11": 0.033570269145407006, "12": 0.08447459345075928, "13": 0.015121608130803613, "14": 0.03330632851946294, "15": 0.07276989589029656, "16": 0.05428351759231743, "17": 0.042951937494893164, "18": 0.036845349780668384, "19": 0.029647726761914617, "20": 0.03636090078358192, "21": 0.0361028738298914, "22": 0.02974435764423906, "23": 0.03637411576824806, "24": 0.04279885125785733, "25": 0.054297298295803126, "26": 0.032891962692950596, "27": 0.03717122987620447, "28": 0.03712425886133823, "29": 0.032911066264908626}}