{
    "smiles": "C=CCC(C)C",
    "best_conformer_coordinates": [
        [
            2.5948272725785206,
            0.561551283080777,
            -0.7134157778883421
        ],
        [
            1.77570955842877,
            0.08655826693794658,
            0.2056954558942463
        ],
        [
            0.5681658599436091,
            -0.7470252927502998,
            -0.07767298977121315
        ],
        [
            -0.7169611291719359,
            -0.10650026959837257,
            0.4679585955770871
        ],
        [
            -0.99301361513666,
            1.2192065248072386,
            -0.23588226951799351
        ],
        [
            -1.8981487000294988,
            -1.057888764126485,
            0.2954264992561531
        ],
        [
            2.439817815202837,
            0.3699429789558157,
            -1.7628498708395746
        ],
        [
            3.456297985468243,
            1.1568359342629775,
            -0.4614974900119836
        ],
        [
            1.9541856920880196,
            0.2959361334552835,
            1.253359698513804
        ],
        [
            0.6986950311248531,
            -1.72474913527742,
            0.3966471788425227
        ],
        [
            0.46816542689935875,
            -0.9031428909037607,
            -1.1536856575641679
        ],
        [
            -0.5784973237879074,
            0.08793790944631731,
            1.537863293052303
        ],
        [
            -1.8811274396989521,
            1.6935469201195221,
            0.17599680707021215
        ],
        [
            -0.15096682095318803,
            1.8971707679405594,
            -0.11702570942335372
        ],
        [
            -1.1531267734687582,
            1.0555356355807486,
            -1.299667592579655
        ],
        [
            -2.8076400437081617,
            -0.6117754619247187,
            0.6917810543127468
        ],
        [
            -1.720158491355132,
            -1.9949167560601058,
            0.8188795234305625
        ],
        [
            -2.056224309715758,
            -1.2782237839460227,
            -0.758424644130471
        ]
    ],
    "best_conformer_elements": [
        6,
        6,
        6,
        6,
        6,
        6,
        1,
        1,
        1,
        1,
        1,
        1,
        1,
        1,
        1,
        1,
        1,
        1
    ],
    "best_conformer_energy": -18.93768101490263,
    "ip": 13.731925988593321,
    "ip_corrected": 8.885925988593321,
    "ea": 1.3631641223646402,
    "homo": -0.394549434798893,
    "lumo": -0.19705882004745204,
    "charges": {
        "1": -0.09540807509646163,
        "2": -0.02499762174877969,
        "3": -0.06380536660445457,
        "4": -0.0064562452124319394,
        "5": -0.10545095481774286,
        "6": -0.10599964023299682,
        "7": 0.03408143151866533,
        "8": 0.030741175920157748,
        "9": 0.028062808726982563,
        "10": 0.038483364617554576,
        "11": 0.038998360451583836,
        "12": 0.027189200661498936,
        "13": 0.03267513385536867,
        "14": 0.03494557096553968,
        "15": 0.035360098465111206,
        "16": 0.03473506464491944,
        "17": 0.0317060004862875,
        "18": 0.03513969339920827
    },
    "dipole": [
        -0.14392525337600826,
        -0.07764192766695852,
        0.03493296074904607
    ],
    "global_electrophilicity": 0.2950313768555172,
    "global_nucleophilicity": -8.885925988593321,
    "fukui_electrophilicity": {
        "1": 0.12633718015529916,
        "2": 0.16034688372427935,
        "3": -0.027826235496957646,
        "4": 0.004844442941708112,
        "5": -0.018643775025185813,
        "6": -0.018964015432003795,
        "7": 0.1555941402092868,
        "8": 0.15286296927074117,
        "9": 0.14461715095049293,
        "10": 0.08933127522346748,
        "11": 0.06034103023740022,
        "12": 0.027669623250900187,
        "13": 0.0437614574149781,
        "14": -0.01080695571839637,
        "15": 0.022141006221110364,
        "16": 0.039838877313316735,
        "17": 0.0246191662728524,
        "18": 0.023935778486720467
    },
    "fukui_nucleophilicity": {
        "1": 0.06737216465635296,
        "2": 0.04667659812111119,
        "3": 0.0014907385641830875,
        "4": 0.01659129406927356,
        "5": -0.016845402198057413,
        "6": -0.025177407206568775,
        "7": 0.08128504755472189,
        "8": 0.09230530378011935,
        "9": 0.0744621825507942,
        "10": 0.10252567722240419,
        "11": 0.06207371653732244,
        "12": 0.08516036643157435,
        "13": 0.08169253176062796,
        "14": 0.041832393209903514,
        "15": 0.06946937260861138,
        "16": 0.08896374435333648,
        "17": 0.06140331868434596,
        "18": 0.06871835954168928
    },
    "fukui_radical": {
        "1": 0.09685467240582606,
        "2": 0.10351174092269527,
        "3": -0.01316774846638728,
        "4": 0.010717868505490835,
        "5": -0.017744588611621613,
        "6": -0.022070711319286285,
        "7": 0.11843959388200434,
        "8": 0.12258413652543027,
        "9": 0.10953966675064358,
        "10": 0.09592847622293584,
        "11": 0.06120737338736133,
        "12": 0.05641499484123726,
        "13": 0.06272699458780302,
        "14": 0.015512718745753572,
        "15": 0.04580518941486088,
        "16": 0.0644013108333266,
        "17": 0.04301124247859918,
        "18": 0.04632706901420488
    }
}