{
    "smiles": "C=CC(=O)[O-].[NH4+]",
    "best_conformer_coordinates": [
        [
            -1.2135173276874527,
            0.6129114114468032,
            -0.10645096610273604
        ],
        [
            0.29759130993261884,
            -0.7085158174863799,
            1.223919237324674
        ],
        [
            1.9581341206016791,
            0.24379692418307175,
            -1.885124874135213
        ],
        [
            2.1376213558604675,
            1.1436014396410983,
            -1.2016434585455238
        ],
        [
            1.779830901555676,
            -0.6551350877928899,
            -2.569153764177971
        ],
        [
            -0.21285446879782166,
            0.614639734568665,
            0.9383111426999676
        ],
        [
            -2.072704658185358,
            0.035307649281450366,
            0.2363976306811972
        ],
        [
            -0.8630699093467885,
            0.1720198382099519,
            -1.0549109611854297
        ],
        [
            1.0645947459839635,
            -0.6365653760821236,
            1.992596375763132
        ],
        [
            -1.5342956127677454,
            1.6356675672439727,
            -0.29461921605820013
        ],
        [
            0.7254441568743142,
            -1.217863741646839,
            0.34398715378530925
        ],
        [
            -0.5203275685654092,
            -1.3219083505026676,
            1.6035691173077413
        ],
        [
            0.5534773757094023,
            1.2291051212584212,
            0.6781538650881799
        ]
    ],
    "best_conformer_elements": [
        6,
        6,
        6,
        8,
        8,
        7,
        1,
        1,
        1,
        1,
        1,
        1,
        1
    ],
    "best_conformer_energy": -21.065511476003252,
    "ip": 13.66319334195942,
    "ip_corrected": 8.81719334195942,
    "ea": 1.1628023860407422,
    "homo": -0.3575950062663252,
    "lumo": -0.22869061384789605,
    "charges": {
        "1": -0.023591241295031033,
        "2": -0.023590863339052387,
        "3": 0.46814134163232696,
        "4": -0.23511440852826482,
        "5": -0.23401595983887274,
        "6": -0.2526742331987962,
        "7": 0.04215175093336469,
        "8": -0.00010259963444624265,
        "9": 0.03891999409938704,
        "10": 0.038949430981765974,
        "11": -0.0001220451841126616,
        "12": 0.04216972411291408,
        "13": 0.13887910925880953
    },
    "dipole": [
        0.22732849598618204,
        -0.09353741814636736,
        -0.35115951923348204
    ],
    "global_electrophilicity": 0.2635708777836663,
    "global_nucleophilicity": -8.81719334195942,
    "fukui_electrophilicity": {
        "1": -0.011006426477534439,
        "2": -0.0109848375241502,
        "3": 0.2405327771628384,
        "4": 0.373247412513956,
        "5": 0.37407052607599983,
        "6": 0.012235352110444464,
        "7": 0.033750234974823864,
        "8": -0.03060804863331344,
        "9": 0.019481560531936483,
        "10": 0.019547899361847566,
        "11": -0.03076825566264999,
        "12": 0.03382260138891357,
        "13": -0.023320795823105506
    },
    "fukui_nucleophilicity": {
        "1": -0.07061102041408943,
        "2": -0.07061510531376393,
        "3": -0.010838970845345186,
        "4": -0.00801538830206261,
        "5": 0.027231602635067576,
        "6": 0.26012340109000487,
        "7": 0.11255955912990422,
        "8": 0.16924019289949235,
        "9": 0.09867689226025403,
        "10": 0.09870310544632682,
        "11": 0.1691969421402461,
        "12": 0.11259226033966069,
        "13": 0.1117565292442545
    },
    "fukui_radical": {
        "1": -0.04080872344581193,
        "2": -0.04079997141895707,
        "3": 0.11484690315874661,
        "4": 0.1826160121059467,
        "5": 0.2006510643555337,
        "6": 0.13617937660022467,
        "7": 0.07315489705236404,
        "8": 0.06931607213308945,
        "9": 0.05907922639609525,
        "10": 0.0591255024040872,
        "11": 0.06921434323879806,
        "12": 0.07320743086428713,
        "13": 0.0442178667105745
    }
}