{
    "smiles": "C=CC(=O)NC",
    "ip": 13.95141878447301,
    "ip_corrected": 9.10541878447301,
    "ea": 3.547294318795746,
    "homo": -0.38997742207424296,
    "lumo": -0.2569421095602249,
    "charges": {
        "1": -0.06191981194514917,
        "2": -0.061832374006364106,
        "3": 0.27220480389200186,
        "4": -0.43573311578732316,
        "5": -0.17459548996632956,
        "6": -0.04213818945935953,
        "7": 0.05087993659934496,
        "8": 0.07657930723772512,
        "9": 0.03390772939042568,
        "10": 0.16138133741249103,
        "11": 0.08810952594577481,
        "12": 0.04643905289569117,
        "13": 0.04671728779106729
    },
    "dipole": [
        0.06314406353073401,
        -1.4995914108833845,
        -0.44362548204204433
    ],
    "global_electrophilicity": 0.7322188627909312,
    "global_nucleophilicity": -9.10541878447301,
    "fukui_electrophilicity": {
        "1": 0.10037766001184814,
        "2": 0.06914225107572916,
        "3": 0.0705959151649051,
        "4": 0.16517138983084328,
        "5": 0.07469779927505099,
        "6": -0.036078217263164625,
        "7": 0.1296911569840683,
        "8": 0.11326188253795634,
        "9": 0.11319880186523582,
        "10": 0.05807583038904354,
        "11": 0.02719750219197862,
        "12": 0.0573468249881448,
        "13": 0.057321202948364555
    },
    "fukui_nucleophilicity": {
        "1": 0.03389007324914117,
        "2": 0.02942455934979705,
        "3": 0.02509539864806093,
        "4": 0.2044332899385095,
        "5": 0.11686202176507643,
        "6": -0.03394827999543959,
        "7": 0.10973648343559252,
        "8": 0.07721931258097121,
        "9": 0.0919213486534361,
        "10": 0.07152108987907208,
        "11": 0.04902503922797749,
        "12": 0.1119819141449454,
        "13": 0.11283774912288094
    },
    "boltzmann_weights": [
        0.8317205127991169,
        0.16827948720088304
    ],
    "best_conformer_elements": [
        6,
        6,
        6,
        8,
        7,
        6,
        1,
        1,
        1,
        1,
        1,
        1,
        1
    ],
    "best_conformer_coordinates": [
        [
            -2.5544176026909846,
            0.05378501087459476,
            0.5617980663959435
        ],
        [
            -1.4359370149444475,
            -0.44690623588494294,
            0.060648247068951146
        ],
        [
            -0.15057158761900874,
            0.2888786622333288,
            0.1794927691143098
        ],
        [
            -0.04418086048844971,
            1.371079770887714,
            0.7225946482583165
        ],
        [
            0.9050102266406509,
            -0.357937265960077,
            -0.3769767739762782
        ],
        [
            2.239156580163652,
            0.18575788921452505,
            -0.36566345013481294
        ],
        [
            -2.5332368343632514,
            1.007956349590492,
            1.062708629493289
        ],
        [
            -3.5021008025585303,
            -0.4525010268040212,
            0.4934458999805928
        ],
        [
            -1.4150700478918001,
            -1.4007068493182562,
            -0.44916625222809026
        ],
        [
            0.7692552866040263,
            -1.2550308230889482,
            -0.8139872806300971
        ],
        [
            2.9243338393945226,
            -0.47546335560383857,
            0.1691191647353611
        ],
        [
            2.6068242490347,
            0.3350515518602292,
            -1.383090496830301
        ],
        [
            2.1909345687188813,
            1.1460363219988676,
            0.14564563776603154
        ]
    ],
    "best_conformer_energy": -19.090784261467252,
    "fukui_radical": {
        "1": 0.0671309984623095,
        "2": 0.04928696817749312,
        "3": 0.04784841591185135,
        "4": 0.18480940177523306,
        "5": 0.09577467662860917,
        "6": -0.03501038127186576,
        "7": 0.09525687144931075,
        "8": 0.11971655088309253,
        "9": 0.10255866410196726,
        "10": 0.06479336953397258,
        "11": 0.08474865107117545,
        "12": 0.08498531648175332,
        "13": 0.038100496795092614
    }
}