{
    "smiles": "C=CC(=O)OCCO",
    "best_conformer_coordinates": [
        [
            3.0301937398656547,
            -0.6573576158780491,
            -0.6342390675092533
        ],
        [
            2.072980553071593,
            -0.591513607208486,
            0.2798753504418883
        ],
        [
            0.6597748453054241,
            -0.40590704658742466,
            -0.1069929518260101
        ],
        [
            0.2602812917003244,
            -0.3024221426334124,
            -1.2444317105048246
        ],
        [
            -0.128035388331105,
            -0.36761593796590264,
            0.9715544604120142
        ],
        [
            -1.5391397591939562,
            -0.2458005668607712,
            0.7790965895049996
        ],
        [
            -1.9597734604846782,
            1.0990012327129648,
            0.16084946412237466
        ],
        [
            -2.1747542670009787,
            1.0273264846522876,
            -1.217130683062494
        ],
        [
            4.06577865442868,
            -0.7923622691628439,
            -0.3743624943725702
        ],
        [
            2.78648874658101,
            -0.5763473504471198,
            -1.6814013904105378
        ],
        [
            2.258526694153688,
            -0.666652276207765,
            1.3402771436419496
        ],
        [
            -1.9532897962040625,
            -0.36334172785457475,
            1.780839881210957
        ],
        [
            -1.8905923986270212,
            -1.058291780827206,
            0.13336270463583857
        ],
        [
            -1.1956249655120836,
            1.852286612152882,
            0.4099045055462666
        ],
        [
            -2.910731622802865,
            1.4148445301060262,
            0.5962825312930196
        ],
        [
            -1.3820828616578476,
            0.6341534673012598,
            -1.623143091299917
        ]
    ],
    "best_conformer_elements": [
        6,
        6,
        6,
        8,
        8,
        6,
        6,
        8,
        1,
        1,
        1,
        1,
        1,
        1,
        1,
        1
    ],
    "best_conformer_energy": -26.951706162694304,
    "ip": 14.170567957223165,
    "ip_corrected": 9.324567957223165,
    "ea": 4.403379685645616,
    "homo": -0.4105627057352124,
    "lumo": -0.28914047327084585,
    "charges": {
        "1": -0.056675514004331046,
        "2": -0.05879757168349801,
        "3": 0.3606924176607557,
        "4": -0.4219011716917271,
        "5": -0.26505173220832406,
        "6": 0.059973151339987534,
        "7": 0.0787121922073405,
        "8": -0.44835056296651615,
        "9": 0.06755638600447951,
        "10": 0.08183610960126227,
        "11": 0.06773414046993566,
        "12": 0.06256560562340563,
        "13": 0.06657265895894256,
        "14": 0.03013628581249661,
        "15": 0.05300184098710787,
        "16": 0.3219957638886877
    },
    "dipole": [
        0.9037815946304403,
        -0.38196460770607965,
        1.0132917697452049
    ],
    "global_electrophilicity": 1.009617503742463,
    "global_nucleophilicity": -9.324567957223165,
    "fukui_electrophilicity": {
        "1": 0.09889890478666194,
        "2": 0.06258720359833017,
        "3": 0.0870732142423486,
        "4": 0.1813716698755466,
        "5": 0.09208263319631588,
        "6": -0.025107126609037557,
        "7": -0.013638323150506684,
        "8": 0.025346813155592396,
        "9": 0.12850677724226253,
        "10": 0.11047856766214711,
        "11": 0.11293033385777682,
        "12": 0.053701121755105205,
        "13": 0.035667835985883356,
        "14": 0.012269415480914557,
        "15": 0.0455172591712044,
        "16": -0.007686300250552003
    },
    "fukui_nucleophilicity": {
        "1": 0.024366481042242136,
        "2": 0.024032965036934292,
        "3": 0.01699869229301776,
        "4": 0.10411798080765222,
        "5": 0.06585208600594328,
        "6": -0.007037985335254036,
        "7": -0.019533711687147015,
        "8": 0.1718695388400644,
        "9": 0.09295042260009247,
        "10": 0.06765266226867474,
        "11": 0.07891190090569851,
        "12": 0.08623354208894102,
        "13": 0.05187402860583938,
        "14": 0.11405365150261348,
        "15": 0.081111731441104,
        "16": 0.0465460135843081
    },
    "fukui_radical": {
        "1": 0.06163269291445204,
        "2": 0.043310084317632225,
        "3": 0.05203595326768318,
        "4": 0.1427448253415994,
        "5": 0.07896735960112958,
        "6": -0.016072555972145797,
        "7": -0.01658601741882685,
        "8": 0.0986081759978284,
        "9": 0.1107285999211775,
        "10": 0.08906561496541092,
        "11": 0.09592111738173766,
        "12": 0.06996733192202312,
        "13": 0.04377093229586137,
        "14": 0.06316153349176402,
        "15": 0.0633144953061542,
        "16": 0.019429856666878048
    }
}