{
    "smiles": "C=CC(=O)Oc1c(Cl)c(Cl)c(Cl)c(Cl)c1Cl",
    "best_conformer_coordinates": [
        [
            4.133705946723441,
            0.3825345946226158,
            -0.4663612547904758
        ],
        [
            3.0376577754298233,
            0.5915987724381461,
            0.2499394876398225
        ],
        [
            1.7205558289365723,
            0.15763559809943073,
            -0.2426834968767748
        ],
        [
            1.4816113071892065,
            -0.39932651968396027,
            -1.2766958310752752
        ],
        [
            0.7523267351612624,
            0.48323678168240103,
            0.66859185495538
        ],
        [
            -0.5409182023105317,
            0.14500735384276134,
            0.35810355112681297
        ],
        [
            -1.347496855510817,
            1.0400269241459685,
            -0.343458959062447
        ],
        [
            -0.694968227899528,
            2.542662758366908,
            -0.8361264619016184
        ],
        [
            -2.669400525988448,
            0.7090297774158684,
            -0.6367473725500534
        ],
        [
            -3.6590896076742774,
            1.8116808336962267,
            -1.48857559358617
        ],
        [
            -3.1801236873423835,
            -0.5258389909062432,
            -0.237320611413268
        ],
        [
            -4.800782290551833,
            -0.9344243297919144,
            -0.5965137851914605
        ],
        [
            -2.371344820416,
            -1.429557885428824,
            0.4515274039156757
        ],
        [
            -2.996065628054098,
            -2.945912026746963,
            0.9324195938767862
        ],
        [
            -1.0499768219069605,
            -1.094628681378727,
            0.7427610362957476
        ],
        [
            -0.03479025421847749,
            -2.1926996907609366,
            1.5734899680699865
        ],
        [
            4.071141429522089,
            -0.11059177110963572,
            -1.423071127970163
        ],
        [
            5.1078759625621695,
            0.6903543561263301,
            -0.12798824504676345
        ],
        [
            3.040081941640421,
            1.079212140078765,
            1.212405509110207
        ]
    ],
    "best_conformer_elements": [
        6,
        6,
        6,
        8,
        8,
        6,
        6,
        17,
        6,
        17,
        6,
        17,
        6,
        17,
        6,
        17,
        1,
        1,
        1
    ],
    "best_conformer_energy": -51.667761642012145,
    "ip": 13.419124375257683,
    "ip_corrected": 8.573124375257683,
    "ea": 5.946978601963079,
    "homo": -0.41898091700502016,
    "lumo": -0.29928283588971677,
    "charges": {
        "1": -0.05348191098741695,
        "2": -0.05481515109674394,
        "3": 0.3633203276985912,
        "4": -0.37978525359845994,
        "5": -0.23031070106081553,
        "6": 0.13188929010899247,
        "7": 0.06634838608212396,
        "8": -0.07464480006983683,
        "9": 0.06982467809632335,
        "10": -0.06959537035977738,
        "11": 0.07083639330982643,
        "12": -0.06870340964297543,
        "13": 0.0698242454434742,
        "14": -0.06958973759053322,
        "15": 0.0663232657660479,
        "16": -0.07465469725667401,
        "17": 0.08591080191912513,
        "18": 0.0747119336474284,
        "19": 0.07659170959127128
    },
    "dipole": [
        0.8630433441261054,
        0.3989230341529644,
        0.5486264093450264
    ],
    "global_electrophilicity": 1.5656190211845744,
    "global_nucleophilicity": -8.573124375257683,
    "fukui_electrophilicity": {
        "1": 0.04396670501375226,
        "2": 0.026256515569456643,
        "3": 0.026282567993980266,
        "4": 0.08032369414805002,
        "5": 0.05047610844739425,
        "6": 0.014691276995980523,
        "7": 0.02987905954856604,
        "8": 0.08449290218099968,
        "9": 0.029886364880948965,
        "10": 0.09380309500196339,
        "11": 0.023634416496516056,
        "12": 0.0904062726546148,
        "13": 0.02988801015522497,
        "14": 0.09381103308614405,
        "15": 0.029896515688943665,
        "16": 0.08453413685194677,
        "17": 0.05203418212612095,
        "18": 0.06455661941159108,
        "19": 0.05118052391329456
    },
    "fukui_nucleophilicity": {
        "1": 0.013089493061992155,
        "2": 0.005805625624337306,
        "3": 0.002950973576002436,
        "4": 0.054330973248266023,
        "5": 0.032159933716716105,
        "6": 0.015002094300368196,
        "7": 0.015784492984407816,
        "8": 0.1392355699522676,
        "9": 0.01475903976353983,
        "10": 0.1463808075081094,
        "11": 0.011865150103555225,
        "12": 0.1249122384573089,
        "13": 0.01475870707306641,
        "14": 0.14637063297388692,
        "15": 0.01580090261344838,
        "16": 0.13928641109320994,
        "17": 0.030071247177868146,
        "18": 0.04550529822275651,
        "19": 0.0319304085937418
    },
    "fukui_radical": {
        "1": 0.028528099037872207,
        "2": 0.016031070596896974,
        "3": 0.01461677078499135,
        "4": 0.06732733369815802,
        "5": 0.04131802108205518,
        "6": 0.01484668564817436,
        "7": 0.022831776266486928,
        "8": 0.11186423606663365,
        "9": 0.022322702322244398,
        "10": 0.12009195125503638,
        "11": 0.01774978330003564,
        "12": 0.10765925555596184,
        "13": 0.02232335861414569,
        "14": 0.1200908330300155,
        "15": 0.022848709151196023,
        "16": 0.11191027397257836,
        "17": 0.041052714651994546,
        "18": 0.05503095881717379,
        "19": 0.04155546625351818
    }
}