{
    "smiles": "C=CC(=O)CC(=O)OCC",
    "best_conformer_coordinates": [
        [
            3.774491719014655,
            -0.2642493903106332,
            0.7670421114943209
        ],
        [
            2.716055971336489,
            -0.16959148559398893,
            -0.02927757441822031
        ],
        [
            1.7832132744707325,
            0.9678824700791624,
            0.07334903469735239
        ],
        [
            1.8235628759172202,
            1.800517387355898,
            0.9455170279187816
        ],
        [
            0.7232611652709215,
            1.008788495806959,
            -1.0261369412555967
        ],
        [
            -0.22329314894199662,
            -0.15694226093426414,
            -0.8170815553781172
        ],
        [
            0.023003469703248604,
            -1.2996819916399323,
            -1.1035471953499212
        ],
        [
            -1.3526195601202904,
            0.2476101786019465,
            -0.24959694270481705
        ],
        [
            -2.319801618624555,
            -0.762403795015339,
            0.055108784565752966
        ],
        [
            -3.4792191689839504,
            -0.10762063607471382,
            0.7805554562720622
        ],
        [
            4.466777092903074,
            -1.086877915492928,
            0.7127883831089672
        ],
        [
            3.972702791748376,
            0.5026080423813063,
            1.499296124972326
        ],
        [
            2.4852419014636933,
            -0.9185073058042896,
            -0.7722138970697175
        ],
        [
            0.17048874808955103,
            1.9448803730456568,
            -0.9634699380126112
        ],
        [
            1.210149441539462,
            0.8976254995183466,
            -1.9949326547435091
        ],
        [
            -1.8422050298627823,
            -1.531348460546811,
            0.6722898148086702
        ],
        [
            -2.6446254901542856,
            -1.2305185782681236,
            -0.8808846036696631
        ],
        [
            -3.9330737488835585,
            0.653175922520867,
            0.1514987238954124
        ],
        [
            -3.129023559054402,
            0.3620703068239973,
            1.695544692350371
        ],
        [
            -4.225087126831747,
            -0.8574168617450957,
            1.0272938699025587
        ]
    ],
    "best_conformer_elements": [
        6,
        6,
        6,
        8,
        6,
        6,
        8,
        8,
        6,
        6,
        1,
        1,
        1,
        1,
        1,
        1,
        1,
        1,
        1,
        1
    ],
    "best_conformer_energy": -32.253512528344004,
    "ip": 13.873845311808678,
    "ip_corrected": 9.027845311808678,
    "ea": 4.83960915248776,
    "homo": -0.4064983796412339,
    "lumo": -0.29380281708138584,
    "charges": {
        "1": -0.05380456531753605,
        "2": -0.055576209391000456,
        "3": 0.24307565106922263,
        "4": -0.3436429957579079,
        "5": -0.1189757988313692,
        "6": 0.3637431128844685,
        "7": -0.41388167294934236,
        "8": -0.2541187872575958,
        "9": 0.08327542844226984,
        "10": -0.11697180307088045,
        "11": 0.0626545132806634,
        "12": 0.07741455010742003,
        "13": 0.0710802195675065,
        "14": 0.08571470149771622,
        "15": 0.08477404935015706,
        "16": 0.053480458401929394,
        "17": 0.05283927107736623,
        "18": 0.06104861267104335,
        "19": 0.06265446345498668,
        "20": 0.05521680077088351
    },
    "dipole": [
        -0.38066846855607256,
        -0.25619620216324246,
        -0.2960178571707192
    ],
    "global_electrophilicity": 1.1260863566119645,
    "global_nucleophilicity": -9.027845311808678,
    "fukui_electrophilicity": {
        "1": 0.07346360990557929,
        "2": 0.03629312691640639,
        "3": 0.07434561288426442,
        "4": 0.1778318582172389,
        "5": -0.018094231219323645,
        "6": 0.039248213549358146,
        "7": 0.09361646229661874,
        "8": 0.05037761332818724,
        "9": -0.011950411879264503,
        "10": -0.009833996112860538,
        "11": 0.10269382941763996,
        "12": 0.08524325676822331,
        "13": 0.07971292486636512,
        "14": 0.06141447475640418,
        "15": 0.06972469250913206,
        "16": 0.016045547830635186,
        "17": 0.026254341096344575,
        "18": 0.01660674670525447,
        "19": 0.010353533642103473,
        "20": 0.026652794521691416
    },
    "fukui_nucleophilicity": {
        "1": 0.02483138850872625,
        "2": 0.022138590539802362,
        "3": 0.028044824744883512,
        "4": 0.1651069790029855,
        "5": 0.02025730763798543,
        "6": 0.0033112994254558825,
        "7": 0.08038625946291506,
        "8": 0.04977253992807279,
        "9": -0.011036250718827356,
        "10": -0.012101856938906447,
        "11": 0.08653132788376522,
        "12": 0.053949735981178956,
        "13": 0.0572840974098142,
        "14": 0.050230574539862835,
        "15": 0.05997846864231335,
        "16": 0.06811311453013122,
        "17": 0.07288741239594286,
        "18": 0.06997031266094016,
        "19": 0.05828103165158144,
        "20": 0.05206284271684964
    },
    "fukui_radical": {
        "1": 0.04914749920715277,
        "2": 0.029215858728104376,
        "3": 0.051195218814573965,
        "4": 0.1714694186101122,
        "5": 0.0010815382093308928,
        "6": 0.021279756487407014,
        "7": 0.0870013608797669,
        "8": 0.050075076628130016,
        "9": -0.01149333129904593,
        "10": -0.010967926525883492,
        "11": 0.09461257865070259,
        "12": 0.06959649637470114,
        "13": 0.06849851113808966,
        "14": 0.055822524648133504,
        "15": 0.06485158057572271,
        "16": 0.042079331180383206,
        "17": 0.049570876746143716,
        "18": 0.043288529683097314,
        "19": 0.03431728264684246,
        "20": 0.039357818619270526
    }
}