{"smiles": "C=Cc1cn(-c2ccc(Br)cc2)nn1", "ip": 12.968897734485441, "ip_corrected": 8.122897734485441, "ea": 5.424443689449892, "homo": -0.38902719364609806, "lumo": -0.2853555933830634, "charges": {"1": -0.086327846429872, "2": -0.03358137222678388, "3": 0.0605885118531648, "4": -0.020939154141706134, "5": 0.08340183225564624, "6": 0.05445169122399116, "7": -0.03628648587599733, "8": -0.030275899632849462, "9": 0.08306548659202033, "10": -0.15421825569909206, "11": -0.032819497394408766, "12": -0.04153659564154643, "13": -0.12202478981516848, "14": -0.16451081427443406, "15": 0.038158644806398564, "16": 0.04465138459394258, "17": 0.05768590863984996, "18": 0.03842943858305829, "19": 0.08193663970258803, "20": 0.06579794348417166, "21": 0.06250049752034273, "22": 0.05185273187667151}, "dipole": [0.5398890769000756, 0.932716316589945, -0.7384953395542528], "global_electrophilicity": 1.2544536377969313, "global_nucleophilicity": -8.122897734485441, "fukui_electrophilicity": {"1": 0.03127389126177953, "2": 0.013417782857439851, "3": 0.02721063124890158, "4": 0.03844208601932636, "5": 0.0288535219241004, "6": 0.04932693022166394, "7": 0.025031038684536634, "8": 0.02316212727659167, "9": 0.05152044126639091, "10": 0.12222229592143788, "11": 0.020377191335599447, "12": 0.025956349673567185, "13": 0.06659377338713748, "14": 0.06623662202781702, "15": 0.03574689412040397, "16": 0.05444417968782825, "17": 0.04516784203733426, "18": 0.055230532677522884, "19": 0.05122185419356508, "20": 0.05971640673928253, "21": 0.05855380148904727, "22": 0.05029380594895565}, "fukui_nucleophilicity": {"1": 0.04370314611517656, "2": 0.02699966551494025, "3": 0.028566974095099312, "4": 0.011436201164842355, "5": 0.0402205178329921, "6": 0.018174351057944037, "7": 0.01668342511040282, "8": 0.016104736615832324, "9": 0.022897883032760524, "10": 0.19719127819285126, "11": 0.017650173195228568, "12": 0.01608855932775486, "13": 0.07349787757822032, "14": 0.10067766009152879, "15": 0.0499392779206381, "16": 0.06387089026629475, "17": 0.05160139259608072, "18": 0.05032552445551558, "19": 0.03359442787079815, "20": 0.04252775943690218, "21": 0.04302314012582324, "22": 0.03522513842146374}, "boltzmann_weights": [0.24590644692933747, 0.24583932148131146, 0.2541492600317896, 0.25410497155756145], "best_conformer_elements": [6, 6, 6, 6, 7, 6, 6, 6, 6, 35, 6, 6, 7, 7, 1, 1, 1, 1, 1, 1, 1, 1], "best_conformer_coordinates": [[-4.395388872344233, 0.9556954281869092, 0.22489963659538448], [-3.8729140353788454, -0.22129267625846538, -0.09451480971376568], [-2.458157976099222, -0.5040734158187975, -0.15297222062783253], [-1.3527073426866938, 0.29323949076635847, 0.08410129534263468], [-0.2871670415594144, -0.5210413481693107, -0.12689447278053018], [1.0791241164961847, -0.2513029576251343, -0.03261790347824025], [1.5520959944586348, 1.0081411544376981, 0.3238131505305451], [2.912915538192668, 1.235347502527622, 0.4062017207891043], [3.79501025328795, 0.20362034616188782, 0.13221947593230413], [5.66683757415258, 0.5220957621000684, 0.24719831740857304], [3.33586638116782, -1.055146837795774, -0.2238274464340305], [1.9775038186347742, -1.2815072647410581, -0.30594624452175606], [-0.727571311947482, -1.7416797910230646, -0.4720843185434283], [-1.9940573524282956, -1.7381272329992017, -0.4890589813381844], [-5.460059819712919, 1.1075256871962695, 0.2519600084383425], [-3.7843545470953805, 1.8083471254390806, 0.4703286459234562], [-4.5001633954673865, -1.0667435022010052, -0.3381741828985935], [-1.2680700975107957, 1.318338907559241, 0.36994835940533605], [0.8725406338316343, 1.817039736161122, 0.5387925236456204], [3.2850814761208906, 2.2097020140864227, 0.6820392869672864], [4.0348647133862245, -1.8492455880951741, -0.4344212138931716], [1.5887712872097481, -2.248932555770882, -0.5800943856707679]], "best_conformer_energy": -38.2908263385094, "fukui_radical": {"1": 0.037480149057035346, "2": 0.020206987183725076, "3": 0.027891741555285357, "4": 0.024932395876033, "5": 0.03453380929791322, "6": 0.03375261303760854, "7": 0.021013865864758556, "8": 0.01901786318539879, "9": 0.03721049185960533, "10": 0.15970915734473842, "11": 0.019626271783163788, "12": 0.02086804335988864, "13": 0.07005775455232491, "14": 0.08345410796795698, "15": 0.059149280664652214, "16": 0.0428426143511778, "17": 0.04838506410319961, "18": 0.052782315829348427, "19": 0.04275015602967036, "20": 0.05079326358600694, "21": 0.05112006227823102, "22": 0.042421991241425885}}