{
    "smiles": "C=CC(=C)Cl",
    "ip": 13.912408282160012,
    "ip_corrected": 9.066408282160012,
    "ea": 3.9710429315707456,
    "homo": -0.39626514958538434,
    "lumo": -0.26557902717082016,
    "charges": {
        "1": -0.07438776013220635,
        "2": -0.03212034905069766,
        "3": 0.10215844001805363,
        "4": -0.1034291539258672,
        "5": -0.17969910731492378,
        "6": 0.06273731596767398,
        "7": 0.048729911182136924,
        "8": 0.052113097042218434,
        "9": 0.0600067769109944,
        "10": 0.06389082930263892
    },
    "dipole": [
        -0.10050235814984622,
        -0.5712409778217898,
        -0.259726663472682
    ],
    "global_electrophilicity": 0.8436953906808413,
    "global_nucleophilicity": -9.066408282160012,
    "fukui_electrophilicity": {
        "1": 0.0897861744249222,
        "2": 0.05514529126184635,
        "3": 0.059553495320784175,
        "4": 0.0902560487555004,
        "5": 0.15358040278833457,
        "6": 0.10452630693115612,
        "7": 0.12091090257398726,
        "8": 0.10018011524489501,
        "9": 0.11178259625539205,
        "10": 0.11427866644321953
    },
    "fukui_nucleophilicity": {
        "1": 0.059894137755342164,
        "2": 0.035220632675045715,
        "3": 0.035326875366149146,
        "4": 0.08569968055558638,
        "5": 0.3184666762327075,
        "6": 0.06985035434772,
        "7": 0.09860263805843308,
        "8": 0.08454360962064277,
        "9": 0.10945932212424184,
        "10": 0.10293607326412366
    },
    "boltzmann_weights": [
        0.9060648005971693,
        0.09393519940283064
    ],
    "best_conformer_elements": [
        6,
        6,
        6,
        6,
        17,
        1,
        1,
        1,
        1,
        1
    ],
    "best_conformer_coordinates": [
        [
            -1.7950171374422064,
            0.03683563335171463,
            -0.3888264041885469
        ],
        [
            -0.6619958722833904,
            -0.25540904940864295,
            0.23717868268904016
        ],
        [
            0.6607871683895635,
            0.1960224775239215,
            -0.15338124585847102
        ],
        [
            1.776992596996664,
            -0.11679492595903206,
            0.4985693807752488
        ],
        [
            0.7580314015600091,
            1.2047126618524624,
            -1.5622363973363924
        ],
        [
            -2.742001825408183,
            -0.33557857957372383,
            -0.03956844738970062
        ],
        [
            -1.8139868474225032,
            0.6565633715987995,
            -1.2691816032119692
        ],
        [
            -0.667817786070335,
            -0.8803655603205459,
            1.1202810408057353
        ],
        [
            2.742555364778964,
            0.2344394249573855,
            0.1827612653067527
        ],
        [
            1.742452936901428,
            -0.7404254593141183,
            1.3744037284082895
        ]
    ],
    "best_conformer_energy": -15.604281365773947,
    "fukui_radical": {
        "1": 0.07484770408679513,
        "2": 0.04517888798117411,
        "3": 0.047438591587378995,
        "4": 0.08798085915659493,
        "5": 0.23603759131172933,
        "6": 0.10975557250551754,
        "7": 0.0871861204162702,
        "8": 0.09235106151221593,
        "9": 0.10860359610306261,
        "10": 0.11062001533927619
    }
}