{
    "smiles": "C=CC=CC(=O)OC",
    "best_conformer_coordinates": [
        [
            -3.664042031561545,
            -0.5152592491671605,
            0.11870970955802222
        ],
        [
            -2.5756713559743236,
            0.2510619126562999,
            0.12084356941946396
        ],
        [
            -1.2397776136047844,
            -0.2809236732152812,
            0.19071765290671208
        ],
        [
            -0.12926770170767563,
            0.4684720306058577,
            0.19438090511018535
        ],
        [
            1.2024371428713225,
            -0.14404971043690215,
            0.2677903167452201
        ],
        [
            1.4330374586769745,
            -1.327962302698234,
            0.3297289622753017
        ],
        [
            2.166781455228632,
            0.7956144984045349,
            0.25777554206503234
        ],
        [
            3.4998072948956933,
            0.316592387050573,
            0.3251328888965756
        ],
        [
            -4.655854166139886,
            -0.10038938996309132,
            0.06592394902630283
        ],
        [
            -3.593512850583761,
            -1.5892964182944567,
            0.17016855390137334
        ],
        [
            -2.6635327582616477,
            1.3284657252542538,
            0.06863964844758363
        ],
        [
            -1.1335928834619693,
            -1.3571993764630894,
            0.24349455556973176
        ],
        [
            -0.15400798350853975,
            1.5465383357537907,
            0.14430095503008894
        ],
        [
            3.6527597981211577,
            -0.25234562368812324,
            1.244870332127764
        ],
        [
            3.713191036981518,
            -0.33324876672097387,
            -0.526439620107429
        ],
        [
            4.141245158028834,
            1.1939296315055645,
            0.3069450199123714
        ]
    ],
    "best_conformer_elements": [
        6,
        6,
        6,
        6,
        6,
        8,
        8,
        6,
        1,
        1,
        1,
        1,
        1,
        1,
        1,
        1
    ],
    "best_conformer_energy": -25.00852172651084,
    "ip": 13.928746981658067,
    "ip_corrected": 9.082746981658067,
    "ea": 4.964194467539408,
    "homo": -0.4073850579046869,
    "lumo": -0.2910132312186364,
    "charges": {
        "1": -0.07556326763895191,
        "2": -0.02222133247520372,
        "3": -0.0064048028182594335,
        "4": -0.07142876165943163,
        "5": 0.35190188864108946,
        "6": -0.41889567350719553,
        "7": -0.2673745268300606,
        "8": 0.03573562903492238,
        "9": 0.050584502321768615,
        "10": 0.0549964245800602,
        "11": 0.047573297970898244,
        "12": 0.07237490130378889,
        "13": 0.06170980086520941,
        "14": 0.060837449497270726,
        "15": 0.06083750521270717,
        "16": 0.0653369655013802
    },
    "dipole": [
        -0.36396302796895375,
        0.6951386156620917,
        -0.0441658890537616
    ],
    "global_electrophilicity": 1.1804454742474555,
    "global_nucleophilicity": -9.082746981658067,
    "fukui_electrophilicity": {
        "1": 0.07483482773884961,
        "2": 0.033215272514274426,
        "3": 0.06671865588000774,
        "4": 0.06072259140442188,
        "5": 0.05053494820058202,
        "6": 0.1357210286048049,
        "7": 0.07030757556277795,
        "8": -0.02792893063835499,
        "9": 0.09833711073603854,
        "10": 0.08564452250962223,
        "11": 0.07715725485004539,
        "12": 0.07664189887859113,
        "13": 0.08734024077120635,
        "14": 0.03209664238254929,
        "15": 0.032096516534216746,
        "16": 0.046559844070369706
    },
    "fukui_nucleophilicity": {
        "1": 0.06487605833890239,
        "2": 0.044189060497736035,
        "3": 0.03531821747961089,
        "4": 0.06481930351203827,
        "5": 0.01025616610781771,
        "6": 0.13116323695423676,
        "7": 0.09417714630795948,
        "8": -0.024490473044679842,
        "9": 0.08909469136955664,
        "10": 0.07650251276560988,
        "11": 0.06917082581555162,
        "12": 0.05999584937616144,
        "13": 0.0756155781506413,
        "14": 0.07210830021342178,
        "15": 0.07210808179999056,
        "16": 0.06509544435618579
    },
    "fukui_radical": {
        "1": 0.069855443038876,
        "2": 0.038702166506005234,
        "3": 0.05101843667980931,
        "4": 0.06277094745823007,
        "5": 0.030395557154199865,
        "6": 0.13344213277952083,
        "7": 0.08224236093536871,
        "8": -0.026209701841517417,
        "9": 0.09371590105279759,
        "10": 0.08107351763761605,
        "11": 0.07316404033279851,
        "12": 0.06831887412737628,
        "13": 0.08147790946092381,
        "14": 0.052102471297985536,
        "15": 0.052102299167103655,
        "16": 0.05582764421327775
    }
}