{
    "smiles": "C=CCCCCO",
    "best_conformer_coordinates": [
        [
            -3.3721359972492464,
            -0.5713114921536661,
            -0.5397805169541227
        ],
        [
            -2.4288371339765673,
            0.32773065531522094,
            -0.3337302296853669
        ],
        [
            -1.0202962177875694,
            0.2089407731411308,
            -0.8210731468783593
        ],
        [
            -0.026960544607122664,
            0.2254515902067392,
            0.34483882208757555
        ],
        [
            1.4164134951842748,
            0.12599623641962177,
            -0.13864326507295066
        ],
        [
            2.4071983447791863,
            0.13399896439129205,
            1.026275128052948
        ],
        [
            3.749199721679915,
            0.10311841760298565,
            0.6014998419575055
        ],
        [
            -3.1826476247329234,
            -1.4729088341871646,
            -1.099568279801796
        ],
        [
            -4.374130542164287,
            -0.44620446252196955,
            -0.16601999298766512
        ],
        [
            -2.645050825091806,
            1.2242258140959554,
            0.23342668948465292
        ],
        [
            -0.90241645231023,
            -0.7139155630189721,
            -1.3923680662128888
        ],
        [
            -0.798339628604365,
            1.050086258850927,
            -1.4845570216673707
        ],
        [
            -0.24596122512439744,
            -0.610792238022652,
            1.0131436352670036
        ],
        [
            -0.1541446506145777,
            1.1476536824929569,
            0.9159085591478564
        ],
        [
            1.645401499767563,
            0.9650178871981511,
            -0.7994588451570965
        ],
        [
            1.5460838593620474,
            -0.7966040133401042,
            -0.7129942978302048
        ],
        [
            2.197014266348361,
            -0.7127455970499723,
            1.6972474599910399
        ],
        [
            2.3069827648443715,
            1.0581543747349684,
            1.6002722846646908
        ],
        [
            3.8826269008808607,
            -0.6798602889327482,
            0.05558124688628252
        ]
    ],
    "best_conformer_elements": [
        6,
        6,
        6,
        6,
        6,
        6,
        8,
        1,
        1,
        1,
        1,
        1,
        1,
        1,
        1,
        1,
        1,
        1,
        1
    ],
    "best_conformer_energy": -22.992645903726544,
    "ip": 13.532012380596546,
    "ip_corrected": 8.686012380596546,
    "ea": 1.5104597230763601,
    "homo": -0.4008108746159199,
    "lumo": -0.20258111253021996,
    "charges": {
        "1": -0.09494417341334394,
        "2": -0.028026313340493596,
        "3": -0.05895411581362987,
        "4": -0.05716015424527102,
        "5": -0.07132306719594181,
        "6": 0.07998571863813225,
        "7": -0.44116906696308034,
        "8": 0.03573374156412199,
        "9": 0.03476843968804566,
        "10": 0.03153899669322944,
        "11": 0.038152023259134846,
        "12": 0.04123712626095148,
        "13": 0.03196185767486346,
        "14": 0.03489635252272571,
        "15": 0.0443162190682218,
        "16": 0.03041991934270043,
        "17": 0.015624696552522604,
        "18": 0.04742316422378668,
        "19": 0.2855186354833139
    },
    "dipole": [
        -0.4047667135747736,
        -0.46408881406597363,
        -0.26928899499261477
    ],
    "global_electrophilicity": 0.29766903398158145,
    "global_nucleophilicity": -8.686012380596546,
    "fukui_electrophilicity": {
        "1": 0.12586903785849957,
        "2": 0.15704574124561432,
        "3": -0.026624399790824184,
        "4": -0.0016757272947172872,
        "5": -0.006240013713379053,
        "6": -0.004401440565024131,
        "7": 0.018612220396633905,
        "8": 0.15424448953348077,
        "9": 0.15189082349273608,
        "10": 0.14285203261172788,
        "11": 0.06011449751490246,
        "12": 0.08894838885064398,
        "13": 0.02449904615265033,
        "14": 0.03140751921481837,
        "15": 0.022222968151596058,
        "16": 0.019922260943326588,
        "17": 0.014409024299152874,
        "18": 0.016166667331257316,
        "19": 0.010736863766902416
    },
    "fukui_nucleophilicity": {
        "1": 0.05991138415201938,
        "2": 0.04684286779223747,
        "3": -0.004932449272634129,
        "4": -0.004354015475472532,
        "5": -0.001616010967055298,
        "6": -0.012646079334562008,
        "7": 0.13289985998065673,
        "8": 0.0732916858700969,
        "9": 0.08230515415828014,
        "10": 0.06751532288827722,
        "11": 0.05091195028341276,
        "12": 0.08210925868598153,
        "13": 0.05508777890591273,
        "14": 0.04551887145444059,
        "15": 0.06364047367477979,
        "16": 0.046104793399154506,
        "17": 0.10221930634518343,
        "18": 0.06230814435636208,
        "19": 0.052881703109210976
    },
    "fukui_radical": {
        "1": 0.09289021100525947,
        "2": 0.1019443045189259,
        "3": -0.015778424531729156,
        "4": -0.0030148713850949097,
        "5": -0.0039280123402171754,
        "6": -0.00852375994979307,
        "7": 0.07575604018864532,
        "8": 0.11376808770178884,
        "9": 0.1170979888255081,
        "10": 0.10518367775000256,
        "11": 0.05551322389915761,
        "12": 0.08552882376831275,
        "13": 0.03979341252928153,
        "14": 0.03846319533462948,
        "15": 0.04293172091318793,
        "16": 0.03301352717124054,
        "17": 0.058314165322168154,
        "18": 0.0392374058438097,
        "19": 0.031809283438056696
    }
}