{
    "smiles": "C=CCOC(=O)CCC",
    "ip": 13.6791757699839,
    "ip_corrected": 8.8331757699839,
    "ea": 3.0657274728511803,
    "homo": -0.41309885533829094,
    "lumo": -0.22637317529083045,
    "charges": {
        "1": -0.08549409356133085,
        "2": -0.03596919016104686,
        "3": 0.08297120118326926,
        "4": -0.2656478570926795,
        "5": 0.355232303073794,
        "6": -0.41084369804445653,
        "7": -0.09071850510659468,
        "8": -0.05241242086220735,
        "9": -0.1059684281779564,
        "10": 0.058295668115004924,
        "11": 0.047159966219162255,
        "12": 0.044827230404075796,
        "13": 0.058568930225922175,
        "14": 0.058568918323410886,
        "15": 0.06617700240364566,
        "16": 0.06617703984481085,
        "17": 0.04745305197493391,
        "18": 0.04745297838670646,
        "19": 0.04068056844627226,
        "20": 0.036744666193025244,
        "21": 0.036744668212228715
    },
    "dipole": [
        0.3132538574197685,
        0.6437341291784876,
        0.4233471251674883
    ],
    "global_electrophilicity": 0.5858539416241378,
    "global_nucleophilicity": -8.8331757699839,
    "fukui_electrophilicity": {
        "1": 0.0636369224694802,
        "2": 0.07383630597515015,
        "3": -0.029685305488056937,
        "4": 0.07345643913189165,
        "5": 0.09359135425278964,
        "6": 0.16508246805525673,
        "7": -0.016278295034234336,
        "8": -0.008566050598712911,
        "9": -0.012288197680371482,
        "10": 0.07571889444092691,
        "11": 0.0941959001476311,
        "12": 0.08892388213977713,
        "13": 0.06460143549455735,
        "14": 0.06460140607158267,
        "15": 0.057211080015342586,
        "16": 0.05721113562056958,
        "17": 0.017190713609330194,
        "18": 0.017190733627971074,
        "19": 0.02865591020263132,
        "20": 0.01585664058322558,
        "21": 0.015856626963234668
    },
    "fukui_nucleophilicity": {
        "1": 0.04957570829263544,
        "2": 0.04233158454754075,
        "3": -0.01447492511035911,
        "4": 0.048311587015564816,
        "5": 0.005565049889716234,
        "6": 0.08930366319594846,
        "7": -0.0037789165732145247,
        "8": -0.00476182117761325,
        "9": -0.01593931648257288,
        "10": 0.053175784316109274,
        "11": 0.07131474482167147,
        "12": 0.06555514895210876,
        "13": 0.07562938076363486,
        "14": 0.07562934016303965,
        "15": 0.053284648896824174,
        "16": 0.05328466651597773,
        "17": 0.07826560215887438,
        "18": 0.0782656549249397,
        "19": 0.05784285033356567,
        "20": 0.07080982585130477,
        "21": 0.07080973870448488
    },
    "boltzmann_weights": [
        0.014695828096702557,
        0.03821958497045692,
        0.03821958080313046,
        0.0768390652429104,
        0.04545636895117712,
        0.045405431934454114,
        0.045456395114160816,
        0.03141289389523627,
        0.030323464836025237,
        0.04149066042644785,
        0.0382194109301005,
        0.03821958583835038,
        0.038219572038630904,
        0.057228455985791384,
        0.03352235495806703,
        0.04198870252852266,
        0.0399091168067729,
        0.03990911153334918,
        0.07666753313597413,
        0.044363972548011756,
        0.03141277035547487,
        0.031412793889848654,
        0.041490553753364426,
        0.03991679142703944
    ],
    "best_conformer_elements": [
        6,
        6,
        6,
        8,
        6,
        8,
        6,
        6,
        6,
        1,
        1,
        1,
        1,
        1,
        1,
        1,
        1,
        1,
        1,
        1,
        1
    ],
    "best_conformer_coordinates": [
        [
            3.605569918047548,
            0.0022825630575002533,
            1.1746304953847837
        ],
        [
            3.472272889506771,
            0.8493716408721551,
            0.17281802190752393
        ],
        [
            2.1908730794327504,
            1.1498301884793227,
            -0.5356780996355858
        ],
        [
            1.1134105535400203,
            0.3963069897246163,
            0.013218792876344072
        ],
        [
            -0.08744186228266068,
            0.5863342025855032,
            -0.5465949016307011
        ],
        [
            -0.28179164806842977,
            1.3417733270185723,
            -1.461612267073118
        ],
        [
            -1.1322283030081997,
            -0.2704243812448357,
            0.12909530067624927
        ],
        [
            -2.5149782310078086,
            -0.07779605554325189,
            -0.48573249365137866
        ],
        [
            -3.55869297935297,
            -0.9462080890059098,
            0.2035182531596934
        ],
        [
            4.557839858065106,
            -0.1712721433792593,
            1.6445735130143755
        ],
        [
            2.7636390752204107,
            -0.5468669633520119,
            1.5584272076970032
        ],
        [
            4.316552135976899,
            1.4029016501261917,
            -0.21529003101669442
        ],
        [
            1.9553481403510073,
            2.220520594860938,
            -0.4598274423144328
        ],
        [
            2.283241346732995,
            0.9169958191306649,
            -1.6056591917482887
        ],
        [
            -0.8148378041515965,
            -1.3127685234185442,
            0.04990640046734747
        ],
        [
            -1.1414100667440206,
            -0.014494085448709842,
            1.1911236968351333
        ],
        [
            -2.7952216531920375,
            0.9737478024929065,
            -0.4075067745793131
        ],
        [
            -2.468920238655038,
            -0.32344381252413884,
            -1.5477757929038107
        ],
        [
            -3.299946074782291,
            -1.9993055804798427,
            0.11592630200579626
        ],
        [
            -3.6274485194212414,
            -0.6973422062930749,
            1.260388673210724
        ],
        [
            -4.535829616207228,
            -0.7951490044745471,
            -0.24794965738990143
        ]
    ],
    "best_conformer_energy": -29.218907161987204,
    "fukui_radical": {
        "1": 0.05660232013975659,
        "2": 0.058083764715705595,
        "3": -0.022084923507319894,
        "4": 0.060882761689532744,
        "5": 0.04958363137091909,
        "6": 0.12719288428067219,
        "7": -0.010030581200917661,
        "8": -0.0066639894682161555,
        "9": -0.014113065762765706,
        "10": 0.08275634424962351,
        "11": 0.06443333820024189,
        "12": 0.07724335357159745,
        "13": 0.07012688660871191,
        "14": 0.07012696659708503,
        "15": 0.055243790145733586,
        "16": 0.0552438901975526,
        "17": 0.04772733082961911,
        "18": 0.04772729719307133,
        "19": 0.04333258740016658,
        "20": 0.043332558345620296,
        "21": 0.043252854403697874
    }
}