{
    "smiles": "C=Cc1cc(O)ccc1O",
    "ip": 12.764888579696942,
    "ip_corrected": 7.918888579696942,
    "ea": 3.975011843625453,
    "homo": -0.36736084160872995,
    "lumo": -0.24916487159828413,
    "charges": {
        "1": -0.09946724551183452,
        "2": -0.02746222642802685,
        "3": -0.025268055366013432,
        "4": -0.07750868249235872,
        "5": 0.1350324078049018,
        "6": -0.39510733569189105,
        "7": -0.05405091642765404,
        "8": -0.05503127567031307,
        "9": 0.1335632551208099,
        "10": -0.3967934041279624,
        "11": 0.03624442267486091,
        "12": 0.04345823936818852,
        "13": 0.037121301138564516,
        "14": 0.029061878612895695,
        "15": 0.29738836666491747,
        "16": 0.05660611850563091,
        "17": 0.05741395100603688,
        "18": 0.30479920081925493
    },
    "dipole": [
        0.7008643992130459,
        -0.628525196852507,
        -0.7190493710151821
    ],
    "global_electrophilicity": 0.706393585891009,
    "global_nucleophilicity": -7.918888579696942,
    "fukui_electrophilicity": {
        "1": 0.0665926515796026,
        "2": 0.0459526142007308,
        "3": 0.054282990532600016,
        "4": 0.04084106897555974,
        "5": 0.030185536167622262,
        "6": 0.04703398620311777,
        "7": 0.06301156415018054,
        "8": 0.036712175527937554,
        "9": 0.028555846229411458,
        "10": 0.04853987008868338,
        "11": 0.09556472710054875,
        "12": 0.08080217078026208,
        "13": 0.08378500790341545,
        "14": 0.06739831299332709,
        "15": 0.034681453064671186,
        "16": 0.081636948075248,
        "17": 0.07501404787929673,
        "18": 0.01940902854779325
    },
    "fukui_nucleophilicity": {
        "1": 0.033799104927386206,
        "2": 0.007025536951686839,
        "3": 0.047784638017859725,
        "4": 0.020351614432775986,
        "5": 0.05408561105869211,
        "6": 0.11124163274317317,
        "7": 0.042786689474301934,
        "8": 0.029064604693835504,
        "9": 0.05629686488639063,
        "10": 0.11750901099329591,
        "11": 0.06788649489342918,
        "12": 0.04397526376654251,
        "13": 0.061825437137108835,
        "14": 0.06340477670026037,
        "15": 0.05293699646279049,
        "16": 0.07310100086590635,
        "17": 0.06950257795424172,
        "18": 0.047422144046406434
    },
    "boltzmann_weights": [
        0.6147240319127811,
        0.3852759680872189
    ],
    "best_conformer_elements": [
        6,
        6,
        6,
        6,
        6,
        8,
        6,
        6,
        6,
        8,
        1,
        1,
        1,
        1,
        1,
        1,
        1,
        1
    ],
    "best_conformer_coordinates": [
        [
            -2.613952574154766,
            1.0211411155413204,
            0.684577130765142
        ],
        [
            -1.5823136407448357,
            1.1158658894019244,
            -0.14663645295940142
        ],
        [
            -0.3779356099277726,
            0.2822450360831489,
            -0.12203150033180503
        ],
        [
            0.8556020374205552,
            0.8879559230759614,
            -0.3623450656803495
        ],
        [
            2.0347635619414355,
            0.16447060964026158,
            -0.3283437000249491
        ],
        [
            3.25087952337191,
            0.7443503276345577,
            -0.5418686647858882
        ],
        [
            1.9893548630022486,
            -1.2037231692247743,
            -0.0732117278115903
        ],
        [
            0.7761215049560799,
            -1.822874717927142,
            0.13112229399736866
        ],
        [
            -0.41226186309271323,
            -1.0981546514652665,
            0.11147586191293145
        ],
        [
            -1.570536349067228,
            -1.7910162746497744,
            0.2853099398820637
        ],
        [
            -2.6388918723838852,
            0.32374616937977985,
            1.5068118421630194
        ],
        [
            -3.458877827760268,
            1.6844842264764097,
            0.6061146915306299
        ],
        [
            -1.5823424919733688,
            1.8923325665384858,
            -0.9027902625656617
        ],
        [
            0.8829147777732845,
            1.9530579967595638,
            -0.5561466173075761
        ],
        [
            3.1367523070467596,
            1.6878933106895606,
            -0.7051723111578567
        ],
        [
            2.9110521833897303,
            -1.7615336380955744,
            -0.04978038030966982
        ],
        [
            0.7204105371877593,
            -2.8842547542668315,
            0.3122750700555386
        ],
        [
            -2.320739072276699,
            -1.1959859708832354,
            0.15063985791979473
        ]
    ],
    "best_conformer_energy": -29.303813418777814,
    "fukui_radical": {
        "1": 0.050209351749005635,
        "2": 0.026486052470820986,
        "3": 0.05103618628056006,
        "4": 0.030588364414771863,
        "5": 0.042134404170558984,
        "6": 0.07913179238197074,
        "7": 0.05290037977354385,
        "8": 0.032885083324007296,
        "9": 0.04242745606585727,
        "10": 0.08302172734162591,
        "11": 0.06239077772663412,
        "12": 0.08173018966921491,
        "13": 0.07281187399970013,
        "14": 0.06539337229990977,
        "15": 0.04380916301088053,
        "16": 0.0773655841109151,
        "17": 0.07226068000545935,
        "18": 0.03341756120754394
    }
}