{
    "smiles": "C=CC(=O)C(C)C",
    "ip": 13.655059775936385,
    "ip_corrected": 8.809059775936385,
    "ea": 4.290950788816361,
    "homo": -0.3883794588186375,
    "lumo": -0.28509331444416197,
    "charges": {
        "1": -0.055674199574957194,
        "2": -0.054371531478802235,
        "3": 0.2323057237911146,
        "4": -0.3578388771762753,
        "5": -0.032032720363853774,
        "6": -0.10038155841195309,
        "7": -0.10035761896672016,
        "8": 0.07692231421475039,
        "9": 0.055072791174945804,
        "10": 0.044465935741738925,
        "11": 0.031233951253602073,
        "12": 0.0418904482108546,
        "13": 0.05511659882615389,
        "14": 0.03332489616927234,
        "15": 0.055070492752000565,
        "16": 0.041932500318371445,
        "17": 0.03332085351977611
    },
    "dipole": [
        -0.06492861201255362,
        0.23606035599430442,
        1.0216376719333105
    ],
    "global_electrophilicity": 0.9094390413540465,
    "global_nucleophilicity": -8.809059775936385,
    "fukui_electrophilicity": {
        "1": 0.09328014488551312,
        "2": 0.054518267971515336,
        "3": 0.09738909304287657,
        "4": 0.20820056858152652,
        "5": -0.0019860409761243147,
        "6": -0.01956679225683336,
        "7": -0.019534830138172962,
        "8": 0.10332491996118956,
        "9": 0.12450592286821308,
        "10": 0.11059522567313712,
        "11": 0.047456494471856174,
        "12": 0.053141335692894524,
        "13": 0.023571300099610247,
        "14": 0.024174196011715818,
        "15": 0.023597446059118045,
        "16": 0.05317540843384688,
        "17": 0.024157339618144053
    },
    "fukui_nucleophilicity": {
        "1": 0.030846776871744773,
        "2": 0.031771198582112886,
        "3": 0.046326856558981694,
        "4": 0.19524116810206532,
        "5": 0.03318979319112405,
        "6": -0.020700002620222063,
        "7": -0.020692875733000216,
        "8": 0.060047996463700556,
        "9": 0.10411332629486227,
        "10": 0.07483067204147076,
        "11": 0.0685278110833542,
        "12": 0.09745900905099014,
        "13": 0.04409622459235726,
        "14": 0.05668650148882186,
        "15": 0.04415163625382273,
        "16": 0.09745252571888169,
        "17": 0.05665138205972871
    },
    "boltzmann_weights": [
        0.1293418027606378,
        0.1293417781488262,
        0.1293417897225238,
        0.12934115703197935,
        0.07875571007709002,
        0.07875336714121407,
        0.07875569771096667,
        0.24636869740676207
    ],
    "best_conformer_elements": [
        6,
        6,
        6,
        8,
        6,
        6,
        6,
        1,
        1,
        1,
        1,
        1,
        1,
        1,
        1,
        1,
        1
    ],
    "best_conformer_coordinates": [
        [
            2.9572704909800476,
            0.1768045587842052,
            -0.14882381887493087
        ],
        [
            1.7248012751616495,
            0.34627481861740045,
            0.3123379351450149
        ],
        [
            0.5961975802800179,
            -0.4748046198405456,
            -0.18679934934194256
        ],
        [
            0.7443042887235415,
            -1.3541702449765058,
            -1.0034996504143088
        ],
        [
            -0.761961795428406,
            -0.10102955394700874,
            0.3883564285395181
        ],
        [
            -1.2147613911839645,
            1.1984925898421603,
            -0.28772824975292316
        ],
        [
            -1.7776607415840564,
            -1.2148917709809195,
            0.16156693620470616
        ],
        [
            3.1501485565249343,
            -0.5673216957596698,
            -0.9051220645065279
        ],
        [
            3.7953749075723278,
            0.7559380994537587,
            0.2001577766293201
        ],
        [
            1.4999106284615398,
            1.081086775664341,
            1.0722827685814136
        ],
        [
            -0.6446117424645316,
            0.08057508204352301,
            1.4625209595888584
        ],
        [
            -1.328845781888417,
            1.039360868313034,
            -1.3577803633844527
        ],
        [
            -2.172618890881059,
            1.5150874351795787,
            0.1188353845883469
        ],
        [
            -0.49172312133641893,
            1.9964399385670284,
            -0.1333305192626712
        ],
        [
            -1.4659726470026602,
            -2.1216795909277724,
            0.6745209486039205
        ],
        [
            -2.756320883199967,
            -0.9200057482554941,
            0.5325478054677433
        ],
        [
            -1.8535307380263357,
            -1.4361569364852815,
            -0.9000429278113059
        ]
    ],
    "best_conformer_energy": -21.967813878061353,
    "fukui_radical": {
        "1": 0.06113070518912693,
        "2": 0.04222758082397589,
        "3": 0.07176570965316667,
        "4": 0.2036982674109109,
        "5": 0.014449064214845746,
        "6": -0.01980406493868872,
        "7": -0.023841010181718122,
        "8": 0.08230915023724907,
        "9": 0.11444337584503939,
        "10": 0.09286708444753244,
        "11": 0.06640517157741647,
        "12": 0.04069021914310468,
        "13": 0.075132620437942,
        "14": 0.03444694865287741,
        "15": 0.038135126005554375,
        "16": 0.0727663664282848,
        "17": 0.03317768505467267
    }
}