{
    "smiles": "C=CC(=O)Oc1cc(Cl)c(Cl)cc1Cl",
    "best_conformer_coordinates": [
        [
            -4.1360102510729035,
            0.13313336473531717,
            0.9689179200101199
        ],
        [
            -3.093520660574872,
            -0.3871390028580131,
            0.33661919029732545
        ],
        [
            -1.7193740817222367,
            0.01394876203545889,
            0.6873521587868434
        ],
        [
            -1.3969204484357305,
            0.7914163463933523,
            1.542693840103651
        ],
        [
            -0.8258199823800466,
            -0.6545483238970189,
            -0.0959074294526246
        ],
        [
            0.5059242646671777,
            -0.3195707287535848,
            0.007647197304346143
        ],
        [
            1.40507445198025,
            -1.271357678173612,
            0.4633716476317528
        ],
        [
            2.7567274302659786,
            -0.9773732218828044,
            0.5440450224814841
        ],
        [
            3.855243320901373,
            -2.172139197128757,
            1.1027972250503606
        ],
        [
            3.213560640229976,
            0.28777844364608995,
            0.17695249717741318
        ],
        [
            4.88314557790768,
            0.6726789239743155,
            0.28088397358923056
        ],
        [
            2.3179338980056814,
            1.2415769441964852,
            -0.28036769575918163
        ],
        [
            0.9678473889383844,
            0.9428947669307256,
            -0.37091557952564824
        ],
        [
            -0.12910448697619614,
            2.1191607521563482,
            -0.975351157584981
        ],
        [
            -3.9874800331475626,
            0.8565498894884996,
            1.754386968624192
        ],
        [
            -5.149088460180904,
            -0.13870675351833597,
            0.7279249042103716
        ],
        [
            -3.1819386497566784,
            -1.111750715208748,
            -0.4581283667259906
        ],
        [
            1.0408811721769808,
            -2.2441370669075216,
            0.7528811446346747
        ],
        [
            2.6729189038817003,
            2.2175845053554175,
            -0.5693124045270822
        ]
    ],
    "best_conformer_elements": [
        6,
        6,
        6,
        8,
        8,
        6,
        6,
        6,
        17,
        6,
        17,
        6,
        6,
        17,
        1,
        1,
        1,
        1,
        1
    ],
    "best_conformer_energy": -43.585395541473744,
    "ip": 13.312677249307107,
    "ip_corrected": 8.466677249307107,
    "ea": 5.586253332159178,
    "homo": -0.40914925995777746,
    "lumo": -0.29489129526457514,
    "charges": {
        "1": -0.05495839488409741,
        "2": -0.056613514416647644,
        "3": 0.3623838228554008,
        "4": -0.3854711289724457,
        "5": -0.2420983933469561,
        "6": 0.14207129545045027,
        "7": -0.055378088191898274,
        "8": 0.08563898992867996,
        "9": -0.11321778269886972,
        "10": 0.08710575248976593,
        "11": -0.11187641806635121,
        "12": -0.05092026440571945,
        "13": 0.08452289145494277,
        "14": -0.11586471836852227,
        "15": 0.08382198386577502,
        "16": 0.07113660808241007,
        "17": 0.07213611629188786,
        "18": 0.09759597057432352,
        "19": 0.09998527235785998
    },
    "dipole": [
        -0.9081093966362674,
        -0.45503123379053,
        -0.449748695471641
    ],
    "global_electrophilicity": 1.371390756592565,
    "global_nucleophilicity": -8.466677249307107,
    "fukui_electrophilicity": {
        "1": 0.05207423502734298,
        "2": 0.03130332737609367,
        "3": 0.03697821405518781,
        "4": 0.10107677932069431,
        "5": 0.05393201758332489,
        "6": 0.02206303730933798,
        "7": 0.027043556647235643,
        "8": 0.027941488544943396,
        "9": 0.0943411482592341,
        "10": 0.03395830592427995,
        "11": 0.09895592556164265,
        "12": 0.025840663361291788,
        "13": 0.02441863366356095,
        "14": 0.07400851079818468,
        "15": 0.06049387548872941,
        "16": 0.07478134541522732,
        "17": 0.061155013495484564,
        "18": 0.04826677074974106,
        "19": 0.05136715141849972
    },
    "fukui_nucleophilicity": {
        "1": 0.01540574413223015,
        "2": 0.00807470169903611,
        "3": 0.0047518561826275785,
        "4": 0.06076945343789775,
        "5": 0.04517375539138385,
        "6": 0.029159932493396157,
        "7": 0.013363693469250426,
        "8": 0.02285094948588111,
        "9": 0.18922258083411192,
        "10": 0.020351880599602634,
        "11": 0.1768338644264952,
        "12": 0.010855180721715388,
        "13": 0.020010816102233875,
        "14": 0.17651135407293878,
        "15": 0.032425574140149294,
        "16": 0.0496783930901995,
        "17": 0.03644872583700634,
        "18": 0.04506945275596684,
        "19": 0.043042091128138976
    },
    "fukui_radical": {
        "1": 0.033739989579786564,
        "2": 0.01968901453756489,
        "3": 0.020865035118907693,
        "4": 0.08092311637929603,
        "5": 0.04955288648735437,
        "6": 0.025611484901367068,
        "7": 0.020203625058243035,
        "8": 0.025396219015412252,
        "9": 0.14178186454667302,
        "10": 0.027155093261941293,
        "11": 0.13789489499406893,
        "12": 0.018347922041503588,
        "13": 0.022214724882897413,
        "14": 0.12525993243556174,
        "15": 0.04645972481443935,
        "16": 0.06222986925271341,
        "17": 0.04880186966624545,
        "18": 0.04666811175285395,
        "19": 0.04720462127331935
    }
}