{
    "smiles": "C=CC=C(C)C",
    "best_conformer_coordinates": [
        [
            2.816725623052999,
            -0.03784296166265795,
            0.7721052270476019
        ],
        [
            1.621016264308607,
            -0.44762655489457387,
            0.3582398450502838
        ],
        [
            0.5159519166274682,
            0.45319156032984365,
            0.1298009028436831
        ],
        [
            -0.7177273116976838,
            0.14221891730591762,
            -0.2837417000155298
        ],
        [
            -1.2030913859395298,
            -1.239234770233641,
            -0.5980315905520432
        ],
        [
            -1.7569819777138618,
            1.2063668379873798,
            -0.47245249055841076
        ],
        [
            3.022652250047198,
            1.0033441435265475,
            0.9602402106026274
        ],
        [
            3.6300767817127277,
            -0.7232910033838643,
            0.9375413238889014
        ],
        [
            1.4579450602680153,
            -1.5016224742590474,
            0.18162807469717726
        ],
        [
            0.7408616237873938,
            1.4954311389124082,
            0.3238485832553211
        ],
        [
            -1.5441861985033316,
            -1.284950109836557,
            -1.6326245912657793
        ],
        [
            -2.0535060976806823,
            -1.4861057069660075,
            0.03810361547045349
        ],
        [
            -0.4366065458540303,
            -1.9930736154951834,
            -0.4551314410781491
        ],
        [
            -2.6185495130975744,
            1.0101756843396177,
            0.16612940668278403
        ],
        [
            -1.3652406056539168,
            2.191744201799609,
            -0.23438627194327696
        ],
        [
            -2.109339873080215,
            1.2112747125302212,
            -1.5041483344380886
        ]
    ],
    "best_conformer_elements": [
        6,
        6,
        6,
        6,
        6,
        6,
        1,
        1,
        1,
        1,
        1,
        1,
        1,
        1,
        1,
        1
    ],
    "best_conformer_energy": -17.89275221163708,
    "ip": 12.952963050425074,
    "ip_corrected": 8.106963050425074,
    "ea": 3.225963308723472,
    "homo": -0.3658781459959254,
    "lumo": -0.2342471999916709,
    "charges": {
        "1": -0.09265962151665134,
        "2": -0.02505535012743034,
        "3": -0.05597425583222291,
        "4": 0.01453712637453046,
        "5": -0.1071214392619142,
        "6": -0.10974398800788865,
        "7": 0.032612526777567,
        "8": 0.028758366820158525,
        "9": 0.0281682306107716,
        "10": 0.02988637139090562,
        "11": 0.043835046159430804,
        "12": 0.0438351576857459,
        "13": 0.042465550772703954,
        "14": 0.04408194639291415,
        "15": 0.03829242640359303,
        "16": 0.04408190535779406
    },
    "dipole": [
        -0.3979118644627984,
        -0.04600004610919107,
        -0.12684586064755607
    ],
    "global_electrophilicity": 0.5407655842814753,
    "global_nucleophilicity": -8.106963050425074,
    "fukui_electrophilicity": {
        "1": 0.08719413166387356,
        "2": 0.058229503008165324,
        "3": 0.046086603205745015,
        "4": 0.13023905475641456,
        "5": -0.03683515627897821,
        "6": -0.038452512946474005,
        "7": 0.10324598592504539,
        "8": 0.11198921723886873,
        "9": 0.09030143499309612,
        "10": 0.08261824377775502,
        "11": 0.06974740819338848,
        "12": 0.0697475457155006,
        "13": 0.03885443180458813,
        "14": 0.06982662820389399,
        "15": 0.04738080756747775,
        "16": 0.06982667317163617
    },
    "fukui_nucleophilicity": {
        "1": 0.07649355754385248,
        "2": 0.03778296210572064,
        "3": 0.06472154632520793,
        "4": 0.08277308752721962,
        "5": -0.03187414832193211,
        "6": -0.030794099736230207,
        "7": 0.08682081963363301,
        "8": 0.09901581301580498,
        "9": 0.0748355665713438,
        "10": 0.07811553619674771,
        "11": 0.08860626510405452,
        "12": 0.08860699045470494,
        "13": 0.04812478188150011,
        "14": 0.09084276280471815,
        "15": 0.055085586796274046,
        "16": 0.09084297209738333
    },
    "fukui_radical": {
        "1": 0.08184384460386301,
        "2": 0.04800623255694298,
        "3": 0.05540407476547647,
        "4": 0.1065060711418171,
        "5": -0.03435465230045516,
        "6": -0.034623306341352106,
        "7": 0.0950334027793392,
        "8": 0.10550251512733685,
        "9": 0.08256850078221996,
        "10": 0.08036688998725137,
        "11": 0.07917683664872151,
        "12": 0.07917726808510277,
        "13": 0.043489606843044114,
        "14": 0.08033469550430608,
        "15": 0.0512331971818759,
        "16": 0.08033482263450975
    }
}