{
    "smiles": "C=CCOCC=C",
    "best_conformer_coordinates": [
        [
            -3.361730088053877,
            1.0045436938515873,
            -0.13020477790697021
        ],
        [
            -2.351268105482595,
            0.3451185951447614,
            0.40199530909848247
        ],
        [
            -1.2114356112574807,
            -0.2309932052537152,
            -0.37786490318288374
        ],
        [
            -0.01711450131073617,
            -0.028936219011025752,
            0.3411320576309943
        ],
        [
            1.1166377244697996,
            -0.5639379406637333,
            -0.3011800630828419
        ],
        [
            2.319419500530173,
            -0.3228515425726123,
            0.5558462651301621
        ],
        [
            3.50620825690757,
            0.02233453008210683,
            0.0959671907473212
        ],
        [
            -4.169841062110048,
            1.3849386340065188,
            0.4701452112087677
        ],
        [
            -3.4285751530950277,
            1.1836398316858214,
            -1.1910176355152808
        ],
        [
            -2.2860642750342888,
            0.17693053752236612,
            1.4671680613875209
        ],
        [
            -1.3778699047565208,
            -1.315495397683121,
            -0.5225852490560783
        ],
        [
            -1.1460601124424812,
            0.23186304417200135,
            -1.375433710189603
        ],
        [
            0.9817323804840679,
            -1.6529490203693884,
            -0.4448618772450515
        ],
        [
            1.2479500545008742,
            -0.11051109951267468,
            -1.2965771064943634
        ],
        [
            2.141202535082575,
            -0.4562187704461341,
            1.6130056807141746
        ],
        [
            4.348055448837086,
            0.1667761609467107,
            0.7506369850222308
        ],
        [
            3.6887529180224723,
            0.16574817868395372,
            -0.9566384730528261
        ]
    ],
    "best_conformer_elements": [
        6,
        6,
        6,
        8,
        6,
        6,
        6,
        1,
        1,
        1,
        1,
        1,
        1,
        1,
        1,
        1,
        1
    ],
    "best_conformer_energy": -21.927598568412186,
    "ip": 13.39394142361662,
    "ip_corrected": 8.54794142361662,
    "ea": 3.0804795219193437,
    "homo": -0.3933632753576089,
    "lumo": -0.21384693465682902,
    "charges": {
        "1": -0.09183962526467082,
        "2": -0.030224275991028088,
        "3": 0.08939231766771988,
        "4": -0.31532357265994804,
        "5": 0.08939199182261671,
        "6": -0.030222958767752037,
        "7": -0.09184082195512148,
        "8": 0.04674373943858473,
        "9": 0.04162060432808619,
        "10": 0.05633473861719817,
        "11": 0.02301889826619394,
        "12": 0.022614906003127513,
        "13": 0.023018193202348297,
        "14": 0.0226153196676607,
        "15": 0.05633593995443167,
        "16": 0.046742868794862606,
        "17": 0.04162173687568588
    },
    "dipole": [
        -0.03430406853357319,
        -0.3456429286156195,
        -0.45919484692676227
    ],
    "global_electrophilicity": 0.557538709127274,
    "global_nucleophilicity": -8.54794142361662,
    "fukui_electrophilicity": {
        "1": 0.0685125301442315,
        "2": 0.07709627189555424,
        "3": -0.01876170863401458,
        "4": 0.03164463564041481,
        "5": -0.018760929868649676,
        "6": 0.07709651884011358,
        "7": 0.0685108169355129,
        "8": 0.0905559188337065,
        "9": 0.0868146109754532,
        "10": 0.07758529549122492,
        "11": 0.058519317212922306,
        "12": 0.0438573226797312,
        "13": 0.05851864194661537,
        "14": 0.04385651169960528,
        "15": 0.0775851272164293,
        "16": 0.09055517929708146,
        "17": 0.08681393969405912
    },
    "fukui_nucleophilicity": {
        "1": 0.045779751555160356,
        "2": 0.029519059488305313,
        "3": -0.02795871921019924,
        "4": 0.12873912852241925,
        "5": -0.027958660706286914,
        "6": 0.02951714416472398,
        "7": 0.04577888521569988,
        "8": 0.0734530691979918,
        "9": 0.060123788998106,
        "10": 0.05593224609347414,
        "11": 0.10945419017651095,
        "12": 0.08932855974865103,
        "13": 0.10945565611053018,
        "14": 0.0893278387749604,
        "15": 0.05593206270103137,
        "16": 0.07345322316797731,
        "17": 0.060122776000941666
    },
    "fukui_radical": {
        "1": 0.05714614084969593,
        "2": 0.053307665691929774,
        "3": -0.02336021392210691,
        "4": 0.08019188208141703,
        "5": -0.023359795287468295,
        "6": 0.05330683150241878,
        "7": 0.05714485107560639,
        "8": 0.08200449401584915,
        "9": 0.0734691999867796,
        "10": 0.06675877079234953,
        "11": 0.08398675369471663,
        "12": 0.06659294121419111,
        "13": 0.08398714902857278,
        "14": 0.06659217523728284,
        "15": 0.06675859495873034,
        "16": 0.08200420123252938,
        "17": 0.07346835784750039
    }
}