{
    "smiles": "C=Cc1cccc(S(=O)(=O)F)c1",
    "best_conformer_coordinates": [
        [
            -2.7957450734332254,
            -1.4581086731519697,
            0.5056501961420721
        ],
        [
            -2.436684107137532,
            -0.20825933196875293,
            0.23787229393240686
        ],
        [
            -1.078993374688686,
            0.26387931845457846,
            -0.0069026208683706505
        ],
        [
            -0.8728982859691565,
            1.6002963619427082,
            -0.36616724960594244
        ],
        [
            0.39233400467872587,
            2.103796436476115,
            -0.6146066431411844
        ],
        [
            1.4996975971959827,
            1.2763771517667137,
            -0.5052962527556423
        ],
        [
            1.2892987725958065,
            -0.037990684696471086,
            -0.14760121165605772
        ],
        [
            2.685010460558471,
            -1.0999986334528937,
            0.04468173222044253
        ],
        [
            2.323331087131494,
            -2.472455924767301,
            0.002602779980282457
        ],
        [
            3.8257574084852046,
            -0.6268499501610016,
            -0.6548800916163404
        ],
        [
            2.975123698483821,
            -0.7696263436534012,
            1.6382786174229214
        ],
        [
            0.04410837596854119,
            -0.560521506097742,
            0.10319596916451228
        ],
        [
            -2.0896647401733235,
            -2.2678273199337085,
            0.5671948504751778
        ],
        [
            -3.8270896049519,
            -1.7171250627534893,
            0.6714098118134678
        ],
        [
            -3.1974622014136846,
            0.560019745796321,
            0.1813170953871597
        ],
        [
            -1.7283052916566564,
            2.2546883591298372,
            -0.4534692393330935
        ],
        [
            0.5154040734208719,
            3.1396191127415536,
            -0.8909867494124976
        ],
        [
            2.5039586947960295,
            1.619448071532047,
            -0.6906783344339169
        ],
        [
            -0.02718149918289744,
            -1.5993611219112391,
            0.378385030409339
        ]
    ],
    "best_conformer_elements": [
        6,
        6,
        6,
        6,
        6,
        6,
        6,
        16,
        8,
        8,
        9,
        6,
        1,
        1,
        1,
        1,
        1,
        1,
        1
    ],
    "best_conformer_energy": -36.78567833093161,
    "ip": 14.0948362735609,
    "ip_corrected": 9.248836273560899,
    "ea": 5.160189121944879,
    "homo": -0.41930285767035935,
    "lumo": -0.28883363541730683,
    "charges": {
        "1": -0.07926599140216693,
        "2": -0.031471734513277755,
        "3": 0.030333497548057614,
        "4": -0.027626998427741307,
        "5": -0.020204536569389392,
        "6": -0.027731017880766436,
        "7": -0.10209300975852353,
        "8": 1.3863142466532299,
        "9": -0.5706776196843484,
        "10": -0.5690934820238582,
        "11": -0.3804566927392514,
        "12": -0.03107181993357718,
        "13": 0.055342756926905386,
        "14": 0.05536118794241389,
        "15": 0.04934906744111086,
        "16": 0.05844303591591182,
        "17": 0.060725188221852244,
        "18": 0.07028879338641976,
        "19": 0.07353512889698971
    },
    "dipole": [
        -2.1270317651126893,
        1.3110236022951447,
        -0.287581070577371
    ],
    "global_electrophilicity": 1.2794497248073688,
    "global_nucleophilicity": -9.248836273560899,
    "fukui_electrophilicity": {
        "1": 0.06019032867555947,
        "2": 0.029752155284415008,
        "3": 0.056183793436891005,
        "4": 0.050173553484069176,
        "5": 0.022937452831202215,
        "6": 0.0678919909815067,
        "7": 0.025990175945939165,
        "8": 0.08865283849814931,
        "9": 0.03251452512208308,
        "10": 0.034147213633666906,
        "11": 0.023855908770969103,
        "12": 0.01597045767089675,
        "13": 0.0678389768877188,
        "14": 0.08400810534263732,
        "15": 0.06625460815172592,
        "16": 0.07291232155592031,
        "17": 0.07206328408918801,
        "18": 0.07658461830532187,
        "19": 0.05207769133213518
    },
    "fukui_nucleophilicity": {
        "1": 0.05730144079525201,
        "2": 0.04197089364792657,
        "3": 0.03985334285956775,
        "4": 0.027023842233627755,
        "5": 0.025656033945927345,
        "6": 0.04214660760847038,
        "7": 0.02037634416655454,
        "8": 0.1104985254714479,
        "9": 0.05483926117550775,
        "10": 0.06357307442037019,
        "11": 0.032544908967422015,
        "12": 0.02501369240650384,
        "13": 0.06634468358425619,
        "14": 0.08204760810370636,
        "15": 0.0721884871463212,
        "16": 0.06327298765003658,
        "17": 0.06818373795402102,
        "18": 0.0596458659724063,
        "19": 0.04751866189068288
    },
    "fukui_radical": {
        "1": 0.05874588473540574,
        "2": 0.03586152446617079,
        "3": 0.04801856814822938,
        "4": 0.038598697858848466,
        "5": 0.02429674338856478,
        "6": 0.055019299294988534,
        "7": 0.02318326005624685,
        "8": 0.0995756819847986,
        "9": 0.043676893148795415,
        "10": 0.04886014402701855,
        "11": 0.02820040886919556,
        "12": 0.020492075038700295,
        "13": 0.06709183023598748,
        "14": 0.08302785672317184,
        "15": 0.06922154764902355,
        "16": 0.06809265460297845,
        "17": 0.07012351102160451,
        "18": 0.06811524213886408,
        "19": 0.049798176611409034
    }
}