{
    "smiles": "C=Cc1ccc2ccccc2n1",
    "ip": 12.742334955483718,
    "ip_corrected": 7.896334955483718,
    "ea": 5.068016886067321,
    "homo": -0.36015939071408415,
    "lumo": -0.2777031323084061,
    "charges": {
        "1": -0.07447506606485396,
        "2": -0.03507764331303846,
        "3": 0.10132283529089822,
        "4": -0.04696576549720587,
        "5": -0.019822042449625335,
        "6": -0.0004769379537842844,
        "7": -0.03509537083012586,
        "8": -0.029885283336710998,
        "9": -0.027717899410251157,
        "10": -0.03878934171553383,
        "11": 0.09089910906448731,
        "12": -0.2415130842573164,
        "13": 0.044565352696847714,
        "14": 0.06740889324565934,
        "15": 0.034427684865171115,
        "16": 0.030779593614994716,
        "17": 0.03050396592274677,
        "18": 0.03150502036546315,
        "19": 0.03310661970890217,
        "20": 0.0349928974684477,
        "21": 0.050306462584828945
    },
    "dipole": [
        0.2231342362617571,
        -0.219377740534226,
        0.45755396546459254
    ],
    "global_electrophilicity": 1.0735096595401339,
    "global_nucleophilicity": -7.896334955483718,
    "fukui_electrophilicity": {
        "1": 0.04623764585276266,
        "2": 0.019800235457244193,
        "3": 0.043086825704392595,
        "4": 0.017851674818195183,
        "5": 0.0472314677813029,
        "6": 0.020213537712373816,
        "7": 0.03807719532439392,
        "8": 0.03697786225854877,
        "9": 0.026662249703524425,
        "10": 0.04243325860206407,
        "11": 0.010962811952058477,
        "12": 0.09217468811224208,
        "13": 0.07107796478586276,
        "14": 0.049512063602957276,
        "15": 0.05792913427058366,
        "16": 0.062176381467297884,
        "17": 0.06738425439313919,
        "18": 0.06159026917737828,
        "19": 0.06675039648980564,
        "20": 0.06392945305969405,
        "21": 0.05794062947419478
    },
    "fukui_nucleophilicity": {
        "1": 0.036703617987295684,
        "2": 0.019805582078207165,
        "3": 0.023399976150455706,
        "4": 0.02253492048176286,
        "5": 0.01862282033488212,
        "6": 0.034697540097471904,
        "7": 0.025039571593583387,
        "8": 0.03408983050046944,
        "9": 0.023355696227970138,
        "10": 0.02497283513296618,
        "11": 0.01913912684936732,
        "12": 0.15211185576079378,
        "13": 0.06492142020497776,
        "14": 0.03437217600271107,
        "15": 0.054964086431543865,
        "16": 0.07363674483370662,
        "17": 0.08138363731809417,
        "18": 0.07075863008394867,
        "19": 0.06322851466367074,
        "20": 0.06456896477044297,
        "21": 0.057692452695466814
    },
    "boltzmann_weights": [
        0.6307083402416687,
        0.3692916597583312
    ],
    "best_conformer_elements": [
        6,
        6,
        6,
        6,
        6,
        6,
        6,
        6,
        6,
        6,
        6,
        7,
        1,
        1,
        1,
        1,
        1,
        1,
        1,
        1,
        1
    ],
    "best_conformer_coordinates": [
        [
            3.4661460059984686,
            -1.5098284911698054,
            -0.25810857520526953
        ],
        [
            2.9096661950195943,
            -0.48936336349964155,
            -0.8989416820458856
        ],
        [
            1.5400005490256827,
            -0.04402793389223547,
            -0.6642938432456276
        ],
        [
            1.0279780996386199,
            1.0577135676070393,
            -1.3966935891875227
        ],
        [
            -0.2533760574154109,
            1.471604242478883,
            -1.174780305149422
        ],
        [
            -1.0435869659050823,
            0.7952251706961126,
            -0.2209971447769333
        ],
        [
            -2.3733455285043674,
            1.146574678263904,
            0.07785083580820043
        ],
        [
            -3.079845420825012,
            0.44520897558717476,
            1.0153362030034205
        ],
        [
            -2.4876856752138075,
            -0.6342102892857436,
            1.69158458535433
        ],
        [
            -1.1988088474923533,
            -1.0016944231736875,
            1.425544673258658
        ],
        [
            -0.44195133744562354,
            -0.29824366512712214,
            0.46324624440474155
        ],
        [
            0.8211377913687601,
            -0.6871461914580465,
            0.227758108503761
        ],
        [
            4.479106827748699,
            -1.8212148109560053,
            -0.44740376523471215
        ],
        [
            2.904215585408185,
            -2.05743059371997,
            0.47855409199175014
        ],
        [
            3.462812307230086,
            0.07034976258524227,
            -1.642214807438833
        ],
        [
            1.6583774813324934,
            1.5541866977534846,
            -2.1197771760204365
        ],
        [
            -0.6754445505363017,
            2.3082359919518654,
            -1.7157664899557723
        ],
        [
            -2.822510186092359,
            1.9786408642624222,
            -0.44676431200863814
        ],
        [
            -4.100335899112766,
            0.7166393247702648,
            1.2431050397800096
        ],
        [
            -3.065365840474239,
            -1.173558537844401,
            2.4282019606665735
        ],
        [
            -0.7271845390452221,
            -1.8276609758297166,
            1.9345599422058866
        ]
    ],
    "best_conformer_energy": -31.02655425130139,
    "fukui_radical": {
        "1": 0.04147061340090671,
        "2": 0.019802339096147578,
        "3": 0.03324373754950224,
        "4": 0.020193356768257197,
        "5": 0.03292597312399704,
        "6": 0.02745551629815829,
        "7": 0.03155864472327494,
        "8": 0.035534360350704265,
        "9": 0.02500968852522842,
        "10": 0.033703360750646484,
        "11": 0.015050888572561101,
        "12": 0.12214337850831691,
        "13": 0.06799951463580113,
        "14": 0.04194183999841287,
        "15": 0.05644638453729971,
        "16": 0.06790672272918374,
        "17": 0.07438421035038253,
        "18": 0.06617460191979767,
        "19": 0.06498922815771595,
        "20": 0.06424912230966365,
        "21": 0.057816517793973246
    }
}