{
    "smiles": "C=CC1=NC(C)(C)C(=O)O1",
    "ip": 13.969396227661909,
    "ip_corrected": 9.123396227661908,
    "ea": 4.9941202524855655,
    "homo": -0.4042156549389948,
    "lumo": -0.29283213478501435,
    "charges": {
        "1": -0.0628649545827705,
        "2": -0.03933369789201263,
        "3": 0.23480923109419535,
        "4": -0.2812334045575318,
        "5": 0.07137092820367487,
        "6": -0.10569696110974769,
        "7": -0.10569695537124084,
        "8": 0.3448577405133994,
        "9": -0.36137668440472603,
        "10": -0.2568014735262844,
        "11": 0.064835840670996,
        "12": 0.07626309488539569,
        "13": 0.0749492662007793,
        "14": 0.06583411703023768,
        "15": 0.06077704077170768,
        "16": 0.04634785664614354,
        "17": 0.060777043069565356,
        "18": 0.046347853627736975,
        "19": 0.06583411873049323
    },
    "dipole": [
        0.4784406438763573,
        -0.9423368393351881,
        0.004759745048503862
    ],
    "global_electrophilicity": 1.1971918479080146,
    "global_nucleophilicity": -9.123396227661908,
    "fukui_electrophilicity": {
        "1": 0.07620821952949597,
        "2": 0.04321526154548387,
        "3": 0.053993420247205104,
        "4": 0.14548780212391793,
        "5": -0.0004873043586307718,
        "6": -0.013192356197733263,
        "7": -0.013192352383532946,
        "8": 0.03700743259527928,
        "9": 0.13094205551856708,
        "10": 0.05449506522466885,
        "11": 0.0989903049935612,
        "12": 0.08327999709766398,
        "13": 0.0810702796670715,
        "14": 0.043057112727883914,
        "15": 0.042554756775121536,
        "16": 0.02547921475142019,
        "17": 0.04255475996900927,
        "18": 0.025479212053791687,
        "19": 0.04305711811976132
    },
    "fukui_nucleophilicity": {
        "1": 0.04038663063440147,
        "2": 0.02322726994959825,
        "3": 0.015347546003397189,
        "4": 0.13669285392015337,
        "5": 0.02175898929852607,
        "6": -0.018815888904356162,
        "7": -0.018815903958168026,
        "8": 0.030906015840132417,
        "9": 0.1794801986325386,
        "10": 0.08016162679720235,
        "11": 0.06878341539946577,
        "12": 0.04845700829604717,
        "13": 0.05305750490443628,
        "14": 0.07322037569113164,
        "15": 0.05068581249753281,
        "16": 0.04578016737510316,
        "17": 0.05068582273706922,
        "18": 0.04578017131262956,
        "19": 0.07322038357316475
    },
    "boltzmann_weights": [
        0.3290458186705154,
        0.3290292600966805,
        0.1709650933926414,
        0.1709598278401627
    ],
    "best_conformer_elements": [
        6,
        6,
        6,
        7,
        6,
        6,
        6,
        6,
        8,
        8,
        1,
        1,
        1,
        1,
        1,
        1,
        1,
        1,
        1
    ],
    "best_conformer_coordinates": [
        [
            3.420201002213907,
            -0.6770619254470419,
            0.6985273886129366
        ],
        [
            2.383189318135813,
            0.09040983876676228,
            1.0116718834287826
        ],
        [
            1.0885595987616907,
            -0.04316037264129024,
            0.38323612993809275
        ],
        [
            0.06967296800285684,
            0.6609828738076315,
            0.6442992817622818
        ],
        [
            -1.0127823232411932,
            0.21115104791540384,
            -0.1968918300849445
        ],
        [
            -1.482423122390752,
            1.3311780449014001,
            -1.1276891424255069
        ],
        [
            -2.1723642078888394,
            -0.32460043410630407,
            0.6455729167110223
        ],
        [
            -0.37152057713042763,
            -0.9214632256040108,
            -1.0049650035224211
        ],
        [
            -0.8528431861819759,
            -1.6193149626603067,
            -1.8438552173104827
        ],
        [
            0.9197199999706943,
            -1.0139961554658574,
            -0.5889712123901126
        ],
        [
            4.375212377170133,
            -0.5592746343087275,
            1.1800872917640004
        ],
        [
            3.33872373689835,
            -1.446197795519162,
            -0.051353004617115894
        ],
        [
            2.4325880454465065,
            0.8687428943627981,
            1.75765901496844
        ],
        [
            -0.6448651647962595,
            1.7271519424838493,
            -1.6982805715308147
        ],
        [
            -2.2264440724501044,
            0.9383793479915133,
            -1.815384221113301
        ],
        [
            -1.9138955269544249,
            2.1342510928610787,
            -0.5369089022022927
        ],
        [
            -1.8217971721893065,
            -1.0973480312150574,
            1.3266288208526817
        ],
        [
            -2.928475583788404,
            -0.7464158724162132,
            -0.011047089903040437
        ],
        [
            -2.600456120171997,
            0.4865863262935203,
            1.227663456478491
        ]
    ],
    "best_conformer_energy": -30.624958080395068,
    "fukui_radical": {
        "1": 0.05830629147656488,
        "2": 0.033222288749965995,
        "3": 0.034675426550227914,
        "4": 0.1411858788303918,
        "5": 0.010637556701674003,
        "6": -0.016008793618716717,
        "7": -0.016008789802129622,
        "8": 0.033949223772391596,
        "9": 0.15518186313632623,
        "10": 0.06732420087915034,
        "11": 0.08389945549218622,
        "12": 0.0658814915440941,
        "13": 0.0670691324041465,
        "14": 0.0355562550372097,
        "15": 0.046619750797356384,
        "16": 0.058166387797779065,
        "17": 0.035556253313660365,
        "18": 0.04661974226831622,
        "19": 0.05816638466941729
    }
}