{
    "smiles": "C=Cc1cccnc1",
    "ip": 13.238220076347535,
    "ip_corrected": 8.392220076347535,
    "ea": 4.327974960958529,
    "homo": -0.366671735649593,
    "lumo": -0.2655506855095888,
    "charges": {
        "1": -0.08210019890274128,
        "2": -0.030650794482778555,
        "3": 0.005092668107416196,
        "4": -0.015446996635869625,
        "5": -0.03942958427410468,
        "6": 0.058129760940983835,
        "7": -0.2199612615250766,
        "8": 0.05540078035906097,
        "9": 0.0421909660619525,
        "10": 0.041566009197516816,
        "11": 0.03728023852979891,
        "12": 0.037379771789354865,
        "13": 0.03463069465293119,
        "14": 0.03805868617576095,
        "15": 0.037859260005804585
    },
    "dipole": [
        0.5141599376662668,
        0.6156995255608818,
        -0.3305269464860907
    ],
    "global_electrophilicity": 0.8698266248934232,
    "global_nucleophilicity": -8.392220076347535,
    "fukui_electrophilicity": {
        "1": 0.06977235676294166,
        "2": 0.040833497190013564,
        "3": 0.06356884502227289,
        "4": 0.04359921690732917,
        "5": 0.024917902674761357,
        "6": 0.061818088481235094,
        "7": 0.09892002172938785,
        "8": 0.015993754279987768,
        "9": 0.08113812442171092,
        "10": 0.09817901923965203,
        "11": 0.08177128152977367,
        "12": 0.07062439486196632,
        "13": 0.0799316069955904,
        "14": 0.09401564203848839,
        "15": 0.07491624786489091
    },
    "fukui_nucleophilicity": {
        "1": 0.046643533593072495,
        "2": 0.027741172920457684,
        "3": 0.04949462297030048,
        "4": 0.02199599310769826,
        "5": 0.03643469080835202,
        "6": 0.01562254535999369,
        "7": 0.20941521553733766,
        "8": 0.009777623589676987,
        "9": 0.058655247671204745,
        "10": 0.07896750596200819,
        "11": 0.06327956161098075,
        "12": 0.09275894606001112,
        "13": 0.09300862065050935,
        "14": 0.09978422022788988,
        "15": 0.0964205003281306
    },
    "boltzmann_weights": [
        0.5260461592805903,
        0.4739538407194097
    ],
    "best_conformer_elements": [
        6,
        6,
        6,
        6,
        6,
        6,
        7,
        6,
        1,
        1,
        1,
        1,
        1,
        1,
        1
    ],
    "best_conformer_coordinates": [
        [
            2.5133982239670183,
            -0.6991131899813208,
            -0.7113406347691363
        ],
        [
            1.7007420026135813,
            0.3382459081543637,
            -0.5513701178272999
        ],
        [
            0.2865988358944599,
            0.28361158292575384,
            -0.20716528979920995
        ],
        [
            -0.42191161513765735,
            -0.9007726716413,
            0.006431184775754722
        ],
        [
            -1.7647928580502683,
            -0.839362888573234,
            0.32920516901236985
        ],
        [
            -2.3673565961302905,
            0.4064944359667729,
            0.4306740062089446
        ],
        [
            -1.714868022628614,
            1.5394589704492982,
            0.23249053581235288
        ],
        [
            -0.43476949839383844,
            1.4748561327009766,
            -0.07496507351010058
        ],
        [
            2.188080378832784,
            -1.7190412760639164,
            -0.5964897388142978
        ],
        [
            3.550029785509996,
            -0.5629686733089695,
            -0.967074298039702
        ],
        [
            2.0903888803552104,
            1.340628578560416,
            -0.681187106210593
        ],
        [
            0.07034350761309253,
            -1.8580498118860629,
            -0.07860827588318514
        ],
        [
            -2.334938904629638,
            -1.7400237543532837,
            0.4992375835963426
        ],
        [
            -3.4153527318328014,
            0.5064108043514759,
            0.6806931283774426
        ],
        [
            0.05440860672515877,
            2.4296258632823884,
            -0.22727816807690374
        ]
    ],
    "best_conformer_energy": -21.429703225033368,
    "fukui_radical": {
        "1": 0.058208365216002415,
        "2": 0.0342873705385804,
        "3": 0.05653169826907209,
        "4": 0.03279756409644426,
        "5": 0.030676084911140322,
        "6": 0.03871999591215029,
        "7": 0.15416815660900934,
        "8": 0.012885596464682278,
        "9": 0.06989654040455565,
        "10": 0.0885730049573454,
        "11": 0.0725254357174975,
        "12": 0.08169151370892817,
        "13": 0.08647026742798056,
        "14": 0.09690008818665252,
        "15": 0.08566831777877004
    }
}