{
    "smiles": "C=CC(=C)C",
    "best_conformer_coordinates": [
        [
            2.0881363681894003,
            0.23449045618154263,
            -0.194170719158409
        ],
        [
            0.9275441120183325,
            -0.36525950016408054,
            -0.42513613881121504
        ],
        [
            -0.38338884798276857,
            0.08505938199567467,
            0.041077871131579284
        ],
        [
            -0.6393182772191978,
            1.3381906655187557,
            0.40645651860410265
        ],
        [
            -1.4465383065256363,
            -0.9747368614111729,
            0.05747731647396675
        ],
        [
            2.161920690247445,
            1.138811859383897,
            0.385407914234987
        ],
        [
            3.014239720429921,
            -0.1644697578520372,
            -0.5716318904303627
        ],
        [
            0.9162216920153381,
            -1.291216618248948,
            -0.9876656975845295
        ],
        [
            -1.6165433751012306,
            1.6391038437157286,
            0.7439682280332506
        ],
        [
            0.10931271876190937,
            2.1098390190089678,
            0.3710529208202896
        ],
        [
            -1.1387127423151664,
            -1.8068188172727684,
            0.6902582871130291
        ],
        [
            -2.3875682238636764,
            -0.5801525843934474,
            0.4313770287797707
        ],
        [
            -1.6053055286546267,
            -1.3628410864620888,
            -0.948471633914673
        ]
    ],
    "best_conformer_elements": [
        6,
        6,
        6,
        6,
        6,
        1,
        1,
        1,
        1,
        1,
        1,
        1,
        1
    ],
    "best_conformer_energy": -14.720250694822738,
    "ip": 13.623120824131307,
    "ip_corrected": 8.777120824131307,
    "ea": 3.1372119235164497,
    "homo": -0.3790684720651029,
    "lumo": -0.23914338081756983,
    "charges": {
        "1": -0.08725484822243029,
        "2": -0.030910517897786635,
        "3": 0.020151101578130617,
        "4": -0.09996037299541258,
        "5": -0.10794064376045899,
        "6": 0.03953498930641676,
        "7": 0.03550232025517284,
        "8": 0.03412172180099113,
        "9": 0.03303357820081368,
        "10": 0.03618394086172499,
        "11": 0.04322250316602465,
        "12": 0.040225406483970966,
        "13": 0.04409082122283413
    },
    "dipole": [
        -0.07635986825023777,
        -0.1641320958207573,
        -0.027568091707757487
    ],
    "global_electrophilicity": 0.5955769822268355,
    "global_nucleophilicity": -8.777120824131307,
    "fukui_electrophilicity": {
        "1": 0.08770097243778979,
        "2": 0.06142046377557718,
        "3": 0.08189123906169912,
        "4": 0.08247424514019064,
        "5": -0.03791715073994907,
        "6": 0.10185913697059942,
        "7": 0.12021901225180276,
        "8": 0.10938723326347839,
        "9": 0.1160196332225312,
        "10": 0.09398432855256492,
        "11": 0.06157828994099655,
        "12": 0.057117998439850964,
        "13": 0.06426459768285671
    },
    "fukui_nucleophilicity": {
        "1": 0.07283079711639141,
        "2": 0.04193018024256641,
        "3": 0.07084459096149985,
        "4": 0.0910302449489939,
        "5": -0.03186432866715429,
        "6": 0.08242298611809738,
        "7": 0.10213208032919976,
        "8": 0.08758273765795137,
        "9": 0.10943927333348116,
        "10": 0.09768103855034704,
        "11": 0.10294540085617589,
        "12": 0.06919963006458177,
        "13": 0.10382536895268028
    },
    "fukui_radical": {
        "1": 0.0802658847770906,
        "2": 0.051675322009071795,
        "3": 0.07636791501159948,
        "4": 0.08675224504459227,
        "5": -0.03489073970355168,
        "6": 0.0921410615443484,
        "7": 0.11117554629050126,
        "8": 0.09848498546071488,
        "9": 0.11272945327800618,
        "10": 0.09583268355145598,
        "11": 0.08226184539858622,
        "12": 0.06315881425221637,
        "13": 0.0840449833177685
    }
}