{
    "smiles": "C=CC(=O)OCCOC",
    "best_conformer_coordinates": [
        [
            -3.73094871574773,
            -0.2601601784966222,
            0.7447219019909753
        ],
        [
            -2.670403839580028,
            0.48571263791895525,
            0.47260181623241543
        ],
        [
            -1.5900764364641646,
            -0.010263106551818295,
            -0.407149309770803
        ],
        [
            -1.5628948692454538,
            -1.0935209540335313,
            -0.9390734411494406
        ],
        [
            -0.6339121029924392,
            0.9185025580260168,
            -0.5507294565191599
        ],
        [
            0.4809475975499489,
            0.5736652257377823,
            -1.3592736876682032
        ],
        [
            1.4658497345870272,
            -0.33454705925174966,
            -0.6277452592243622
        ],
        [
            2.126198483036438,
            0.4105691577478316,
            0.3665191051864224
        ],
        [
            3.0162297911462517,
            -0.3621210742850813,
            1.1283482950791965
        ],
        [
            -4.527758517281885,
            0.08067186644865545,
            1.3831312198974812
        ],
        [
            -3.820587185880185,
            -1.2476916494825594,
            0.32137807161331866
        ],
        [
            -2.526293293095892,
            1.4796569132407966,
            0.8672698683878215
        ],
        [
            0.9646246143647617,
            1.5194693970777344,
            -1.6054338583887826
        ],
        [
            0.12933190587953766,
            0.06568824637876988,
            -2.263641415672444
        ],
        [
            2.192071224907842,
            -0.7315022874344727,
            -1.3548806883989784
        ],
        [
            0.9258216201537598,
            -1.1832466758752236,
            -0.1828218856536997
        ],
        [
            3.465070727079023,
            0.3095944573165791,
            1.8568044036960907
        ],
        [
            2.494528881850109,
            -1.173702142678607,
            1.6509300285273107
        ],
        [
            3.802200379733102,
            -0.7988756635412333,
            0.4990442971266631
        ]
    ],
    "best_conformer_elements": [
        6,
        6,
        6,
        8,
        8,
        6,
        6,
        8,
        6,
        1,
        1,
        1,
        1,
        1,
        1,
        1,
        1,
        1,
        1
    ],
    "best_conformer_energy": -30.10780110176527,
    "ip": 13.681564860668436,
    "ip_corrected": 8.835564860668436,
    "ea": 4.068496931413562,
    "homo": -0.4059793660225793,
    "lumo": -0.2770300363145445,
    "charges": {
        "1": -0.059108015107111896,
        "2": -0.05761292921938343,
        "3": 0.35645697507418617,
        "4": -0.41596880461424857,
        "5": -0.25304637248294093,
        "6": 0.07237617996457402,
        "7": 0.08144651087554272,
        "8": -0.30725997535543675,
        "9": 0.04008396478274282,
        "10": 0.06420137801634647,
        "11": 0.07883390017793994,
        "12": 0.06771786230451317,
        "13": 0.07693007112276952,
        "14": 0.060675205004738685,
        "15": 0.028700477530792422,
        "16": 0.04299201686497219,
        "17": 0.06249088943190103,
        "18": 0.030615249162988564,
        "19": 0.02947541646512205
    },
    "dipole": [
        0.18761454642051156,
        0.09656733030718664,
        0.2516750340844259
    ],
    "global_electrophilicity": 0.8443241055153546,
    "global_nucleophilicity": -8.835564860668436,
    "fukui_electrophilicity": {
        "1": 0.09939439524716048,
        "2": 0.0652994445325788,
        "3": 0.08563023060929642,
        "4": 0.1868982337481654,
        "5": 0.0907645397011898,
        "6": -0.02411764660589083,
        "7": -0.007576895782254955,
        "8": 0.00450282207806596,
        "9": -0.010158381536455784,
        "10": 0.12930558346494636,
        "11": 0.11148300744822982,
        "12": 0.11427966036344778,
        "13": 0.052720753206479766,
        "14": 0.02761548041677179,
        "15": 0.03763638693902804,
        "16": -0.003927534520922427,
        "17": 0.018736445445587627,
        "18": 0.004186595017180474,
        "19": 0.017326880227382664
    },
    "fukui_nucleophilicity": {
        "1": 0.019357316991194425,
        "2": 0.0208789513647082,
        "3": 0.017089564092231058,
        "4": 0.12207661718326113,
        "5": 0.049545530408200256,
        "6": -0.018985837099082532,
        "7": -0.026633577904423625,
        "8": 0.14695175281529416,
        "9": -0.036998794952032114,
        "10": 0.08247656073361438,
        "11": 0.05773309160384578,
        "12": 0.06787324244940256,
        "13": 0.05381030214409095,
        "14": 0.0383436663043324,
        "15": 0.09280114782947224,
        "16": 0.07560167694789113,
        "17": 0.06149375270189409,
        "18": 0.08522866823630233,
        "19": 0.0913563681498174
    },
    "fukui_radical": {
        "1": 0.05937585611917745,
        "2": 0.04308919794864351,
        "3": 0.05135989735076374,
        "4": 0.15448742546571326,
        "5": 0.07015503505469503,
        "6": -0.02155174185248668,
        "7": -0.01710523684333929,
        "8": 0.07572728744668006,
        "9": -0.02357858824424395,
        "10": 0.10589107209928038,
        "11": 0.0846080495260378,
        "12": 0.09107645140642517,
        "13": 0.05326552767528536,
        "14": 0.03297957336055209,
        "15": 0.06521876738425014,
        "16": 0.03583707121348435,
        "17": 0.04011509907374086,
        "18": 0.044707631626741406,
        "19": 0.05434162418860003
    }
}