{"smiles": "C=Cc1ccc(C(O)(CC)CC)cc1", "ip": 12.69250564169337, "ip_corrected": 7.846505641693369, "ea": 4.0996455577678015, "homo": -0.37921865598131976, "lumo": -0.24961881523160803, "charges": {"1": -0.08669111597211654, "2": -0.030406560382718884, "3": 0.010744961559219154, "4": -0.03671013722085198, "5": -0.03645015064122503, "6": -0.007418237710433581, "7": 0.1359350884597948, "8": -0.4543892642428379, "9": -0.06847290812422249, "10": -0.10069890476666384, "11": -0.06005075040733367, "12": -0.10559843952530991, "13": -0.03920878837170257, "14": -0.03605022909965249, "15": 0.03520348630441261, "16": 0.03767303179961404, "17": 0.03250182709272765, "18": 0.02903383555091029, "19": 0.043700212266011, "20": 0.2875267993454099, "21": 0.03580263071582236, "22": 0.04166731476753656, "23": 0.03462084488158396, "24": 0.03631562172731916, "25": 0.030681874146863283, "26": 0.048106798064702146, "27": 0.045919819215395556, "28": 0.039393930012742974, "29": 0.03786866394934356, "30": 0.03438044311463345, "31": 0.03261392802322882, "32": 0.0324543754678036}, "dipole": [0.27501810997898657, 0.4021142579866184, -0.3479501608195039], "global_electrophilicity": 0.733343534091672, "global_nucleophilicity": -7.846505641693369, "fukui_electrophilicity": {"1": 0.0683867680801725, "2": 0.04071764410375833, "3": 0.05917773738803443, "4": 0.02992756685852435, "5": 0.024421273377173175, "6": 0.0811953074026936, "7": 0.00022435196973033533, "8": 0.017746543816952343, "9": -0.010092914193565387, "10": -0.009508380515769521, "11": -0.006563073526399565, "12": -0.009803472689466283, "13": 0.02358591788140129, "14": 0.02832452585201454, "15": 0.09288672377358559, "16": 0.0787547474990114, "17": 0.0761996024512539, "18": 0.0640357214361342, "19": 0.06778815330896529, "20": 0.011465198434701784, "21": 0.012058505261180533, "22": 0.03132332152345771, "23": -0.011599192022374957, "24": 0.0244361039175472, "25": 0.01538541680836423, "26": 0.011157193705542995, "27": 0.033828171958939855, "28": 0.02581485714095576, "29": -0.011237613252808677, "30": 0.015304973329683242, "31": 0.06785879682744253, "32": 0.05679952209318312}, "fukui_nucleophilicity": {"1": 0.04935000973058881, "2": 0.025780849860997462, "3": 0.043085064119445377, "4": 0.022403773197001445, "5": 0.017780435446287796, "6": 0.04018201851129263, "7": 0.013438089110087814, "8": 0.05901009321844303, "9": 0.004575714062354713, "10": -0.013155266618710929, "11": -0.001861476414432163, "12": -0.013007247038264419, "13": 0.016504083679067146, "14": 0.021534564349902953, "15": 0.06830483131222687, "16": 0.05424146330285971, "17": 0.05410914883489653, "18": 0.05204279190402985, "19": 0.04350157862594601, "20": 0.03007791592169151, "21": 0.035303205690744494, "22": 0.039098999986321104, "23": 0.009509573295100424, "24": 0.046514993433576325, "25": 0.027030111218667566, "26": 0.04059488346749034, "27": 0.03971986624287006, "28": 0.042777591200819275, "29": 0.009408873897553294, "30": 0.03177063182129257, "31": 0.044971772405333205, "32": 0.04540106222448504}, "boltzmann_weights": [0.05691571677092828, 0.05756797315862994, 0.1867924220051112, 0.024112524152758472, 0.024112619965070862, 0.024112619067758075, 0.024707499001783328, 0.024707502174584266, 0.1867769202256601, 0.024712165214286853, 0.024712189164876178, 0.048617041070612314, 0.04861636863204105, 0.05285393724221508, 0.05285196947925517, 0.052854608381291676, 0.052677527364575295, 0.0041815171601867025, 0.004181504338599995, 0.004181497156406431, 0.004235362185179639, 0.0003669289997806006, 0.00035674026201022745, 0.006109759021117404, 0.006169926166155816, 0.0007141496754520326, 0.0001945819152553902, 0.0007156617136272332, 0.00020165015722580716, 0.0006460012204336811, 4.311695713086077e-05], "best_conformer_elements": [6, 6, 6, 6, 6, 6, 6, 8, 6, 6, 6, 6, 6, 6, 1, 1, 1, 1, 1, 1, 1, 1, 1, 1, 1, 1, 1, 1, 1, 1, 1, 1], "best_conformer_coordinates": [[4.857560721685993, 0.6521260227140206, -0.4449930679987084], [4.022379634948019, -0.3740353597470795, -0.5554367335752312], [2.578423024241723, -0.3506977351476838, -0.36055517694735045], [1.8625049328619228, 0.8121626674354402, -0.07585847611330288], [0.49402352855480264, 0.7836768709366126, 0.10388458043891512], [-0.2155110076631887, -0.4097108091548024, 0.011210987702445083], [-1.725638070671899, -0.48870731647911786, 0.16905769718031793], [-2.114677740386362, -1.8002630994261384, 0.5596513707410535], [-2.391198555824096, -0.3024861055339775, -1.2126356640772966], [-2.0716771262057994, 1.0015027570220238, -1.927753849392422], [-2.2754170092612562, 0.5252089721297561, 1.1913573334151315], [-1.6715117774395871, 0.3680645178265235, 2.5847542532502126], [0.49279919175465653, -1.5694484776593276, -0.28429200405622207], [1.860209557300018, -1.542227989102933, -0.46543780276223257], [5.9149753823660305, 0.5327917926141411, -0.6082932454902816], [4.5317388631047315, 1.6456069738703056, -0.1886340254799209], [4.422623819214958, -1.3478698868359493, -0.8122791052308479], [2.3791956221150463, 1.7563391702935998, 0.0034373043452987128], [-0.018490986651854533, 1.7087645157654805, 0.3177401125737833], [-1.7141214868220334, -1.9903419850986313, 1.415074107665658], [-3.4691918307117864, -0.396153353649354, -1.0694534838538212], [-2.0684825815729777, -1.143436798605603, -1.8293877401192498], [-2.437648462352532, 1.8603217003464956, -1.3707321280815459], [-2.5520642855815505, 1.005110895997536, -2.9034136614194037], [-0.9997601613556495, 1.1109406413831395, -2.074517885500236], [-2.1007363533761825, 1.5383548724749816, 0.8329729161303177], [-3.355822524764497, 0.37521206555173225, 1.2497165148569789], [-1.9513237254404636, -0.5851185477421491, 3.030376364336906], [-2.037757160526804, 1.1572445010965609, 3.237499411318251], [-0.5855212235112586, 0.4289640724157824, 2.547460911903835], [-0.044575812607150614, -2.502152444771681, -0.3767726201902705], [2.3846935992860923, -2.459743100920893, -0.693747200862947]], "best_conformer_energy": -41.04954614564611, "fukui_radical": {"1": 0.05886699711180375, "2": 0.03324869772115151, "3": 0.05113101877898961, "4": 0.024927674195225347, "5": 0.020045691768197663, "6": 0.060687753463649796, "7": 0.006831543662963999, "8": 0.0383822793917602, "9": -0.004214479138781764, "10": -0.011404628885254925, "11": -0.002757761609765985, "12": -0.011332124602933674, "13": 0.021099580048113138, "14": 0.02616559265890605, "15": 0.08059487485540504, "16": 0.06649620053871137, "17": 0.06515467021490573, "18": 0.05109982836130145, "19": 0.05641469170864266, "20": 0.020769705756193774, "21": 0.036773821560457276, "22": 0.02588159233768425, "23": 0.02353992871547348, "24": 0.034295276523643205, "25": -0.0009185023246234721, "26": 0.023685177353787716, "27": 0.035212048629960836, "28": 0.021197111379468628, "29": 0.0354816267492158, "30": -0.0010378268534050293, "31": 0.055643448236003694, "32": 0.058038491693141625}}