{
    "smiles": "C=CC#N",
    "best_conformer_coordinates": [
        [
            -0.9747510431073718,
            -0.37749321328347885,
            -0.02029484450141929
        ],
        [
            0.035213097783012605,
            0.4845547462628717,
            -0.030355501651957568
        ],
        [
            1.382523324838101,
            0.0748429981633802,
            0.059190525872207286
        ],
        [
            2.4798377638408056,
            -0.24877936696745792,
            0.13145624591986824
        ],
        [
            -0.8094114542368578,
            -1.4396139959373195,
            0.05749320867451263
        ],
        [
            -1.9972690964885467,
            -0.04724223046077531,
            -0.08952897452222229
        ],
        [
            -0.11614259262913419,
            1.553731067514546,
            -0.10796065449922142
        ]
    ],
    "best_conformer_elements": [
        6,
        6,
        6,
        7,
        1,
        1,
        1
    ],
    "best_conformer_energy": -10.791133672438184,
    "ip": 15.437237932870836,
    "ip_corrected": 10.591237932870836,
    "ea": 3.8293481163376883,
    "homo": -0.427771071358159,
    "lumo": -0.28212469633367426,
    "charges": {
        "1": -0.05961508054218782,
        "2": -0.01732714251556402,
        "3": 0.11824329979699344,
        "4": -0.2250152583851966,
        "5": 0.060859178772158,
        "6": 0.05690606179718033,
        "7": 0.0659489410766124
    },
    "dipole": [
        -1.4264486380465318,
        0.31679088641627373,
        -0.08708243336194406
    ],
    "global_electrophilicity": 0.987180911675359,
    "global_nucleophilicity": -10.591237932870836,
    "fukui_electrophilicity": {
        "1": 0.11688728331658733,
        "2": 0.09589500919385793,
        "3": 0.08330099740865538,
        "4": 0.27941670117958356,
        "5": 0.13826358994162757,
        "6": 0.14838905750996162,
        "7": 0.13784736144971665
    },
    "fukui_nucleophilicity": {
        "1": 0.04638512521868898,
        "2": 0.06111400319840244,
        "3": 0.06381655635697062,
        "4": 0.33486738675963695,
        "5": 0.15602051956780918,
        "6": 0.171413797561477,
        "7": 0.16638261138730032
    },
    "fukui_radical": {
        "1": 0.08163620426763815,
        "2": 0.07850450619613018,
        "3": 0.073558776882813,
        "4": 0.30714204396961026,
        "5": 0.14714205475471837,
        "6": 0.15990142753571931,
        "7": 0.15211498641850849
    }
}