{
    "smiles": "C=CC(=O)OCCC(=O)O",
    "best_conformer_coordinates": [
        [
            -3.780735620594775,
            -0.2062323076890713,
            0.77072984173507
        ],
        [
            -2.716766688011091,
            -0.8194750434584305,
            0.2733389896701655
        ],
        [
            -1.350716370788597,
            -0.33199282643766725,
            0.5579488489339547
        ],
        [
            -1.0753689925262344,
            0.6282411516425114,
            1.233293341980537
        ],
        [
            -0.4344980876242212,
            -1.111402669255875,
            -0.04018960280590377
        ],
        [
            0.9304416222240974,
            -0.7734330546254589,
            0.17000464992860856
        ],
        [
            1.3463370856850065,
            0.43991944899242197,
            -0.6589262119083544
        ],
        [
            2.832297807041782,
            0.6751325438632152,
            -0.5771920837344743
        ],
        [
            3.6213446017410633,
            -0.012809920081196443,
            0.009917382916178472
        ],
        [
            3.191533553839463,
            1.7680616349405731,
            -1.2595350138849626
        ],
        [
            -4.784155390149946,
            -0.5447917467540945,
            0.5783954533832362
        ],
        [
            -3.6603350025841435,
            0.6648442327237564,
            1.3944833868002997
        ],
        [
            -2.776554501941441,
            -1.6949816769864958,
            -0.35479887226475065
        ],
        [
            1.5025103470882586,
            -1.6546548453632246,
            -0.12447889879452248
        ],
        [
            1.0969601526729635,
            -0.566812301663376,
            1.2321115052506082
        ],
        [
            0.832104101442346,
            1.335197118589772,
            -0.3024772646012536
        ],
        [
            1.076094525633352,
            0.2950602901906928,
            -1.7076713499131744
        ],
        [
            4.149506856851928,
            1.9101299713719144,
            -1.194954107983031
        ]
    ],
    "best_conformer_elements": [
        6,
        6,
        6,
        8,
        8,
        6,
        6,
        6,
        8,
        8,
        1,
        1,
        1,
        1,
        1,
        1,
        1,
        1
    ],
    "best_conformer_energy": -33.17806959362777,
    "ip": 14.172429919898414,
    "ip_corrected": 9.326429919898414,
    "ea": 4.695048981755746,
    "homo": -0.42036117400649875,
    "lumo": -0.2818252187931242,
    "charges": {
        "1": -0.05836529686551569,
        "2": -0.058857667629181355,
        "3": 0.3556184324675111,
        "4": -0.4101634801521699,
        "5": -0.26444433855730726,
        "6": 0.07876212119410278,
        "7": -0.09839820602373188,
        "8": 0.36083263725068276,
        "9": -0.40403144564906346,
        "10": -0.37266679121481955,
        "11": 0.06546210126995515,
        "12": 0.08035005940369505,
        "13": 0.06648822427582754,
        "14": 0.07402884299383106,
        "15": 0.06872041266687952,
        "16": 0.09795419003232372,
        "17": 0.08403280896193653,
        "18": 0.33467739557503157
    },
    "dipole": [
        -0.4545238913916341,
        -0.005042016837647303,
        -0.8431008231159676
    ],
    "global_electrophilicity": 1.1103992445828559,
    "global_nucleophilicity": -9.326429919898414,
    "fukui_electrophilicity": {
        "1": 0.0717487530481401,
        "2": 0.0478480825208484,
        "3": 0.05243193067871721,
        "4": 0.126021970385161,
        "5": 0.06988553264090197,
        "6": -0.021754094669971746,
        "7": -0.01189346785310079,
        "8": 0.055879272515253486,
        "9": 0.107699218295781,
        "10": 0.05556563406353032,
        "11": 0.09688866506349357,
        "12": 0.08153750909312892,
        "13": 0.08258346665288245,
        "14": 0.04337463248117544,
        "15": 0.028836915232848766,
        "16": 0.03038911499209203,
        "17": 0.04428340112064829,
        "18": 0.038673463738465086
    },
    "fukui_nucleophilicity": {
        "1": 0.022447224274734674,
        "2": 0.02940503835297751,
        "3": 0.023233782341585962,
        "4": 0.14697344282603114,
        "5": 0.07101000395050638,
        "6": -0.019486364487105348,
        "7": 0.007769685821980857,
        "8": 0.01643073361444214,
        "9": 0.14575559195716142,
        "10": 0.06321973649742446,
        "11": 0.10017441001887957,
        "12": 0.0718091326503511,
        "13": 0.08566902484639272,
        "14": 0.06284390716571087,
        "15": 0.03619202043371543,
        "16": 0.0476092991348285,
        "17": 0.050013089130158686,
        "18": 0.03893024147024793
    },
    "fukui_radical": {
        "1": 0.04709798866143739,
        "2": 0.038626560436912954,
        "3": 0.037832856510151586,
        "4": 0.13649770660559607,
        "5": 0.07044776829570418,
        "6": -0.020620229578538547,
        "7": -0.0020618910155599662,
        "8": 0.03615500306484781,
        "9": 0.1267274051264712,
        "10": 0.05939268528047739,
        "11": 0.09853153754118657,
        "12": 0.07667332087174002,
        "13": 0.08412624574963759,
        "14": 0.053109269823443155,
        "15": 0.0325144678332821,
        "16": 0.038999207063460266,
        "17": 0.047148245125403485,
        "18": 0.03880185260435651
    }
}