{
    "smiles": "C=CCCCCCC",
    "ip": 13.30303331697478,
    "ip_corrected": 8.45703331697478,
    "ea": 1.3881911041374408,
    "homo": -0.39592532839611544,
    "lumo": -0.1978123768816821,
    "charges": {
        "1": -0.0954662472580737,
        "2": -0.02747594623320345,
        "3": -0.05875382437115014,
        "4": -0.054296065552803474,
        "5": -0.058122378577577065,
        "6": -0.058913216915346726,
        "7": -0.052797901982912974,
        "8": -0.10220637859545148,
        "9": 0.03255560433120284,
        "10": 0.034593652231745466,
        "11": 0.029625067029696497,
        "12": 0.03785513674529611,
        "13": 0.03647147436973094,
        "14": 0.030942101823050443,
        "15": 0.030493751497138195,
        "16": 0.0289505232465841,
        "17": 0.029368598769624797,
        "18": 0.03013149496201732,
        "19": 0.029890194854800278,
        "20": 0.02872279996328092,
        "21": 0.028641363259735722,
        "22": 0.033457420972765266,
        "23": 0.03294591850196253,
        "24": 0.03338685692789927
    },
    "dipole": [
        0.1700328674626588,
        -0.008664757134707421,
        -0.04522555413183531
    ],
    "global_electrophilicity": 0.26219655667908853,
    "global_nucleophilicity": -8.45703331697478,
    "fukui_electrophilicity": {
        "1": 0.12572283367511103,
        "2": 0.15786431780231008,
        "3": -0.02686612231389008,
        "4": -0.0015369588725632072,
        "5": -0.005698257976183903,
        "6": -0.0036279587011032247,
        "7": -0.002480981578614601,
        "8": -0.006086662380678051,
        "9": 0.1519025365962704,
        "10": 0.1543740964333374,
        "11": 0.14315692382936357,
        "12": 0.08892568594117284,
        "13": 0.060051939260077354,
        "14": 0.030610791647743822,
        "15": 0.023747929474693185,
        "16": 0.02080485443190338,
        "17": 0.01905003254732795,
        "18": 0.010727095758589607,
        "19": 0.011900942228266535,
        "20": 0.00833187292815896,
        "21": 0.008969179395613949,
        "22": 0.007141358808178497,
        "23": 0.015421670695350168,
        "24": 0.007592880369577521
    },
    "fukui_nucleophilicity": {
        "1": 0.05542215933504041,
        "2": 0.04278723036181655,
        "3": -0.005150573122277673,
        "4": -0.002015336448397423,
        "5": -0.00979276175774247,
        "6": -0.006434996982414849,
        "7": -0.005166704029134009,
        "8": -0.017130601098313103,
        "9": 0.07445678963501229,
        "10": 0.06658793680112016,
        "11": 0.060911910607597625,
        "12": 0.0757634625136066,
        "13": 0.04601932066405901,
        "14": 0.040074757390702,
        "15": 0.04520841604037436,
        "16": 0.04512274500483766,
        "17": 0.04322960969048232,
        "18": 0.060902928120851935,
        "19": 0.062482355355110125,
        "20": 0.0748601747298215,
        "21": 0.07637303536226228,
        "22": 0.06001985000653754,
        "23": 0.0573612802464807,
        "24": 0.05810701157274171
    },
    "boltzmann_weights": [
        0.14615869377462815,
        0.19102905701376233,
        0.05644705904973318,
        0.056631369506637455,
        0.056631361417368214,
        0.06157490328043418,
        0.06157531887471659,
        0.05915493375982077,
        0.07698551485549544,
        0.07698518903031157,
        0.024006511818493614,
        0.03430654525296295,
        0.01874587652296124,
        0.010347860710576313,
        0.010849602278862924,
        0.00550161918703124,
        0.007161375249173081,
        0.04264855096080682,
        0.0010540656473055818,
        0.002204591808918084
    ],
    "best_conformer_elements": [
        6,
        6,
        6,
        6,
        6,
        6,
        6,
        6,
        1,
        1,
        1,
        1,
        1,
        1,
        1,
        1,
        1,
        1,
        1,
        1,
        1,
        1,
        1,
        1
    ],
    "best_conformer_coordinates": [
        [
            3.2091896948244916,
            1.5714796664285964,
            0.9220769194883401
        ],
        [
            2.8003225090867834,
            1.0864832961470836,
            -0.23487322640824013
        ],
        [
            2.539783551092334,
            -0.3597971258134846,
            -0.5092122283961874
        ],
        [
            1.10163244131052,
            -0.5977747421781645,
            -0.9809529328442013
        ],
        [
            0.08198734648465406,
            -0.2560022627433367,
            0.10231320553057126
        ],
        [
            -1.3526641833482433,
            -0.4734015218374585,
            -0.371436138374382
        ],
        [
            -2.3736707883642576,
            -0.1322557940629636,
            0.711163035206866
        ],
        [
            -3.8037362276208015,
            -0.349281394018811,
            0.23194873723106055
        ],
        [
            3.3894824680346667,
            0.932526582383626,
            1.7713740164089073
        ],
        [
            3.3862819933109956,
            2.623042828879913,
            1.07282125162812
        ],
        [
            2.6244593763327857,
            1.7509334093380795,
            -1.071875110447753
        ],
        [
            3.2253423466587843,
            -0.6978532355644276,
            -1.2925364075840717
        ],
        [
            2.7341712345760993,
            -0.9489780633480318,
            0.38910127543408307
        ],
        [
            0.9070935650049378,
            0.011731009144481554,
            -1.8667472778368224
        ],
        [
            0.9873831470862446,
            -1.645890542376,
            -1.2676122162872079
        ],
        [
            0.21282184832916706,
            0.7863917607541737,
            0.4018762191978571
        ],
        [
            0.2700868169872235,
            -0.8766206447884156,
            0.9818110482928857
        ],
        [
            -1.540570503811016,
            0.14718809239679848,
            -1.251094665610716
        ],
        [
            -1.4807001418975232,
            -1.5166655929428667,
            -0.6710779261992994
        ],
        [
            -2.1874366018966946,
            -0.7534084980435819,
            1.590367443540902
        ],
        [
            -2.2451726852917653,
            0.9104096241435078,
            1.0107934788329536
        ],
        [
            -4.015349414638913,
            0.2764972240640491,
            -0.6324945920749017
        ],
        [
            -4.513754040777039,
            -0.10075688617702278,
            1.017422576894289
        ],
        [
            -3.9569837620569,
            -1.3879972003691496,
            -0.05315647503966824
        ]
    ],
    "best_conformer_energy": -25.264084864377537,
    "fukui_radical": {
        "1": 0.08977568162550505,
        "2": 0.10042378949328007,
        "3": -0.016247121402951262,
        "4": -0.006858900533857945,
        "5": -0.004202380381169893,
        "6": -0.0052031915405668545,
        "7": -0.002267713538037352,
        "8": -0.01181602028803029,
        "9": 0.11029642664896798,
        "10": 0.11286037412100673,
        "11": 0.10178930915215871,
        "12": 0.09295908458951113,
        "13": 0.05338649404836005,
        "14": 0.03501353770971328,
        "15": 0.05075065789115939,
        "16": 0.010889972751550684,
        "17": 0.029140680664445483,
        "18": 0.03594036501349431,
        "19": 0.04312347839886096,
        "20": 0.038054382109658565,
        "21": 0.03617338626989047,
        "22": 0.03163130845447215,
        "23": 0.039012107547059055,
        "24": 0.03537429119543767
    }
}