{
    "smiles": "C=Cc1ccccc1C=C",
    "best_conformer_coordinates": [
        [
            2.8728543934396886,
            1.0499989720317253,
            0.214703498593695
        ],
        [
            1.5808242033039492,
            1.0078210235321607,
            0.5098830339063392
        ],
        [
            0.6810774530512755,
            -0.0901175750030674,
            0.15253407254904552
        ],
        [
            1.146185243190111,
            -1.4028323828163203,
            0.1498048247903457
        ],
        [
            0.30465556845123115,
            -2.4597549872341644,
            -0.13949539501057048
        ],
        [
            -1.0278714959761672,
            -2.2182630293539494,
            -0.43098875453436886
        ],
        [
            -1.5056242061676577,
            -0.9218438040928306,
            -0.43336366457161823
        ],
        [
            -0.6710908254087801,
            0.1551024888396926,
            -0.14475038102790774
        ],
        [
            -1.1896483956783623,
            1.5228206581538883,
            -0.20145962515506363
        ],
        [
            -2.420224608537267,
            1.877268688284552,
            0.1424688773490408
        ],
        [
            3.4943696838187583,
            1.8778178567194892,
            0.5112075172408767
        ],
        [
            3.356940412183746,
            0.2697236146756127,
            -0.34891768499692855
        ],
        [
            1.1297184695610991,
            1.8278763388644477,
            1.0538371012799186
        ],
        [
            2.178793605715885,
            -1.5938426617044872,
            0.4022365866275176
        ],
        [
            0.6853924460758387,
            -3.470604834400073,
            -0.1339761037605318
        ],
        [
            -1.6917287263031977,
            -3.0390784137324287,
            -0.6598196236758902
        ],
        [
            -2.538418269746765,
            -0.7319987348867597,
            -0.6859178174454963
        ],
        [
            -0.49554888480617976,
            2.2749896333684236,
            -0.5540728682598487
        ],
        [
            -3.134569132887016,
            1.1670475757301346,
            0.5247264959120058
        ],
        [
            -2.756086933280132,
            2.8978695730239776,
            0.07135991018939963
        ]
    ],
    "best_conformer_elements": [
        6,
        6,
        6,
        6,
        6,
        6,
        6,
        6,
        6,
        6,
        1,
        1,
        1,
        1,
        1,
        1,
        1,
        1,
        1,
        1
    ],
    "best_conformer_energy": -26.435157546355075,
    "ip": 12.90949941487135,
    "ip_corrected": 8.06349941487135,
    "ea": 4.311694697041402,
    "homo": -0.37933700248530344,
    "lumo": -0.2523654704154926,
    "charges": {
        "1": -0.08706777758194587,
        "2": -0.028834300749826715,
        "3": 0.009397743427990365,
        "4": -0.034568982227247254,
        "5": -0.03218860746176712,
        "6": -0.03218713080701749,
        "7": -0.03456736222708783,
        "8": 0.009399004581023357,
        "9": -0.028834364817852058,
        "10": -0.08706878499527985,
        "11": 0.03522306485007989,
        "12": 0.0390309652509371,
        "13": 0.03678270907812431,
        "14": 0.033364061846857036,
        "15": 0.028862603435185857,
        "16": 0.028864452714438122,
        "17": 0.03336235312840156,
        "18": 0.03678241739646424,
        "19": 0.03902491821467477,
        "20": 0.03522301694385218
    },
    "dipole": [
        0.005416601513125778,
        0.03485386823945747,
        0.004247080307639332
    ],
    "global_electrophilicity": 0.8241749759869177,
    "global_nucleophilicity": -8.06349941487135,
    "fukui_electrophilicity": {
        "1": 0.050680272297998014,
        "2": 0.025611030037439995,
        "3": 0.04790021850878489,
        "4": 0.014256229062400212,
        "5": 0.04069252549001014,
        "6": 0.040702588990075714,
        "7": 0.014255615456981188,
        "8": 0.047898091130588044,
        "9": 0.02560115532727273,
        "10": 0.05066752000260065,
        "11": 0.0767706446955653,
        "12": 0.06410338306698608,
        "13": 0.055815349835659195,
        "14": 0.05404814748659237,
        "15": 0.07013983047760941,
        "16": 0.07014265259512514,
        "17": 0.05405303010922838,
        "18": 0.055808547272769536,
        "19": 0.06409072252418657,
        "20": 0.0767624456321302
    },
    "fukui_nucleophilicity": {
        "1": 0.05008211655289656,
        "2": 0.02341743937489308,
        "3": 0.048172482028643285,
        "4": 0.016986195518523796,
        "5": 0.04402368765127837,
        "6": 0.044024666031106344,
        "7": 0.01698355208454879,
        "8": 0.0481711118978336,
        "9": 0.023410922919802714,
        "10": 0.05007609873686002,
        "11": 0.07522847987303438,
        "12": 0.06188499859101821,
        "13": 0.056928438242036986,
        "14": 0.054068674223210815,
        "15": 0.06921270420670486,
        "16": 0.06921527020500795,
        "17": 0.054072037473253086,
        "18": 0.056934092109644945,
        "19": 0.06188094711396008,
        "20": 0.07522608516552573
    },
    "fukui_radical": {
        "1": 0.050381194425447286,
        "2": 0.024514234706166538,
        "3": 0.048036350268714084,
        "4": 0.015621212290462004,
        "5": 0.042358106570644254,
        "6": 0.04236362751059103,
        "7": 0.01561958377076499,
        "8": 0.04803460151421082,
        "9": 0.024506039123537722,
        "10": 0.05037180936973033,
        "11": 0.07599956228429984,
        "12": 0.06299419082900215,
        "13": 0.05637189403884809,
        "14": 0.054058410854901595,
        "15": 0.06967626734215714,
        "16": 0.06967896140006655,
        "17": 0.05406253379124073,
        "18": 0.05637131969120724,
        "19": 0.06298583481907333,
        "20": 0.07599426539882795
    }
}