{
    "smiles": "C=Cc1ccc(N(C)C)cc1",
    "ip": 11.695352642764485,
    "ip_corrected": 6.849352642764485,
    "ea": 3.5163136824371315,
    "homo": -0.337155079020035,
    "lumo": -0.22722111109148735,
    "charges": {
        "1": -0.09394379020442321,
        "2": -0.03084239026474459,
        "3": -0.004580380246176102,
        "4": -0.03439004169900128,
        "5": -0.06412668113477012,
        "6": 0.06019057164471349,
        "7": -0.09385395783056627,
        "8": -0.041110242729881626,
        "9": -0.04119614289958574,
        "10": -0.06453176043734689,
        "11": -0.036260531032389784,
        "12": 0.030337303624915515,
        "13": 0.026722457117680083,
        "14": 0.025264319592135175,
        "15": 0.02816308967336442,
        "16": 0.023490496540820336,
        "17": 0.048485446809865905,
        "18": 0.04655305610042922,
        "19": 0.03735242310939795,
        "20": 0.046636963565786914,
        "21": 0.04826510102724955,
        "22": 0.03764109318528097,
        "23": 0.02295371898802193,
        "24": 0.022779877499219257
    },
    "dipole": [
        -1.2056140311368393,
        0.0818904797189145,
        0.0558988911418748
    ],
    "global_electrophilicity": 0.4656218855501289,
    "global_nucleophilicity": -6.849352642764485,
    "fukui_electrophilicity": {
        "1": 0.069148049391639,
        "2": 0.04530568082207457,
        "3": 0.05124555289131761,
        "4": 0.03130599328564395,
        "5": 0.016712245775679133,
        "6": 0.06684538539957918,
        "7": 0.053508486758107654,
        "8": -0.026294483791330456,
        "9": -0.02606486056879354,
        "10": 0.018745786672776002,
        "11": 0.0303627920043036,
        "12": 0.08002533760537407,
        "13": 0.09328690135798556,
        "14": 0.07747566763654254,
        "15": 0.05499329596257695,
        "16": 0.06146943599537352,
        "17": 0.022977580527480716,
        "18": 0.038707280495161936,
        "19": 0.02744381591571815,
        "20": 0.03872203610649179,
        "21": 0.022842184359258205,
        "22": 0.02687395737288535,
        "23": 0.06280992563129491,
        "24": 0.06155195239285052
    },
    "fukui_nucleophilicity": {
        "1": 0.0490431453651288,
        "2": 0.01757695007764811,
        "3": 0.05612800422232768,
        "4": 0.019077235454283185,
        "5": 0.030064823059639117,
        "6": 0.020676045103384805,
        "7": 0.12481303656705312,
        "8": -0.037595779481651846,
        "9": -0.03744827225766905,
        "10": 0.03122946379684944,
        "11": 0.019894803126082813,
        "12": 0.053262984236957245,
        "13": 0.06893872229350956,
        "14": 0.053241047226530745,
        "15": 0.05090467119490756,
        "16": 0.05174329696248316,
        "17": 0.0503553399366807,
        "18": 0.049034057647982666,
        "19": 0.0606537071722932,
        "20": 0.048945484433763654,
        "21": 0.050514951298720114,
        "22": 0.05996343048813768,
        "23": 0.052934140552427164,
        "24": 0.056048711523382436
    },
    "boltzmann_weights": [
        0.20000510971394628,
        0.2000083350961532,
        0.2000050640844044,
        0.1999959305341214,
        0.1999855605713748
    ],
    "best_conformer_elements": [
        6,
        6,
        6,
        6,
        6,
        6,
        7,
        6,
        6,
        6,
        6,
        1,
        1,
        1,
        1,
        1,
        1,
        1,
        1,
        1,
        1,
        1,
        1,
        1
    ],
    "best_conformer_coordinates": [
        [
            4.331930471106681,
            -0.5404664398186219,
            -0.6607081368358467
        ],
        [
            3.437049034726528,
            0.4005525503795554,
            -0.3776188480777393
        ],
        [
            1.9952441069110274,
            0.2417245206195232,
            -0.2946076478369344
        ],
        [
            1.199829674172129,
            1.3429036569180628,
            0.02669064188084507
        ],
        [
            -0.17100241440920497,
            1.2516586079945247,
            0.1177769371729316
        ],
        [
            -0.8327940185698599,
            0.03577899523555171,
            -0.10630406194844176
        ],
        [
            -2.197888383983254,
            -0.07504059309255903,
            0.02077298749622026
        ],
        [
            -3.0002299615264607,
            1.1135819807891505,
            0.17588687273046946
        ],
        [
            -2.860329994495204,
            -1.2834512381760634,
            -0.4056279124327235
        ],
        [
            -0.03458564998437556,
            -1.0702747761104416,
            -0.4357327712823865
        ],
        [
            1.33516858394143,
            -0.9663902369144133,
            -0.5236436382280525
        ],
        [
            5.385015864152844,
            -0.31928518447333126,
            -0.697276240053205
        ],
        [
            4.059146800803731,
            -1.561388977759787,
            -0.8658745688858427
        ],
        [
            3.787317953358418,
            1.4075815278005337,
            -0.1804788943364631
        ],
        [
            1.6718760526318575,
            2.2993883626947356,
            0.20692341422040186
        ],
        [
            -0.7271835832831388,
            2.141012438371776,
            0.365409482132784
        ],
        [
            -2.7233398744002515,
            1.6421177931018933,
            1.0908063791806328
        ],
        [
            -2.8917017956835824,
            1.8008606502166182,
            -0.6721170801744106
        ],
        [
            -4.048235367146789,
            0.8341891227106873,
            0.2579725057896845
        ],
        [
            -3.931282121933775,
            -1.185405312857163,
            -0.2427723114327568
        ],
        [
            -2.5104512780567085,
            -2.136234705671106,
            0.18055074047426947
        ],
        [
            -2.691107719507555,
            -1.4958597686948327,
            -1.4683106151918046
        ],
        [
            -0.4856279880943249,
            -2.030097465335586,
            -0.6282437330096331
        ],
        [
            1.9031816039781468,
            -1.8474555026368351,
            -0.7810540421336399
        ]
    ],
    "best_conformer_energy": -30.92631940071313,
    "fukui_radical": {
        "1": 0.05909608311564461,
        "2": 0.0314411309950004,
        "3": 0.053686998012193135,
        "4": 0.025126272527410003,
        "5": 0.024985893218703384,
        "6": 0.043762309070100036,
        "7": 0.0891619212047864,
        "8": -0.03194381370778073,
        "9": -0.03175783569098999,
        "10": 0.023389637189579333,
        "11": 0.0251941548300336,
        "12": 0.0811128360955373,
        "13": 0.06664463948391272,
        "14": 0.0653584891295938,
        "15": 0.05879874393683809,
        "16": 0.05787042075495409,
        "17": 0.0367182785520246,
        "18": 0.04399649877783107,
        "19": 0.04386589868270585,
        "20": 0.04383842827005389,
        "21": 0.03661442957909914,
        "22": 0.04347960756482008,
        "23": 0.05660803285911816,
        "24": 0.052950945549247425
    }
}