{
    "smiles": "C=CC#CCC",
    "best_conformer_coordinates": [
        [
            3.0306499071653614,
            -0.5610357578157402,
            -0.15701017691838198
        ],
        [
            2.3169743531552256,
            0.5569254502643086,
            -0.2275148165090265
        ],
        [
            0.9145869210794779,
            0.59684409785154,
            -0.081334793230217
        ],
        [
            -0.28130009505750425,
            0.6588096661444173,
            0.039630279547584656
        ],
        [
            -1.721350099857169,
            0.6929089128213006,
            0.1906541535734301
        ],
        [
            -2.2908165486348313,
            -0.7047985096629164,
            0.43713430973296985
        ],
        [
            2.5652104470323787,
            -1.5165876371697018,
            0.019391962107470555
        ],
        [
            4.100932128893183,
            -0.55591988900107,
            -0.27326799393625417
        ],
        [
            2.792535122282211,
            1.514569696339338,
            -0.40528530429307574
        ],
        [
            -2.161649855394342,
            1.1196390030633594,
            -0.7162566726468538
        ],
        [
            -1.9731729748876299,
            1.3505849810957453,
            1.0288049616332957
        ],
        [
            -3.3720287370700803,
            -0.6565292039562998,
            0.547521972618364
        ],
        [
            -1.8663819490678333,
            -1.1326421097273314,
            1.342724269126758
        ],
        [
            -2.054188619638538,
            -1.3627686949551618,
            -0.396154643847327
        ]
    ],
    "best_conformer_elements": [
        6,
        6,
        6,
        6,
        6,
        6,
        1,
        1,
        1,
        1,
        1,
        1,
        1,
        1
    ],
    "best_conformer_energy": -16.829151039723047,
    "ip": 13.33954052277361,
    "ip_corrected": 8.49354052277361,
    "ea": 2.7207997274853555,
    "homo": -0.3771964147741089,
    "lumo": -0.2271311631852186,
    "charges": {
        "1": -0.08439491371992369,
        "2": -0.0037174408134941633,
        "3": -0.050231091279124264,
        "4": -0.04552515303610975,
        "5": -0.03201634145462511,
        "6": -0.09616415879788714,
        "7": 0.03705684018479208,
        "8": 0.031773497958201814,
        "9": 0.039191620685705565,
        "10": 0.04777539309938033,
        "11": 0.04777395630467717,
        "12": 0.0331873602322667,
        "13": 0.03764513440515581,
        "14": 0.03764529623098226
    },
    "dipole": [
        -0.2821898149039745,
        0.03970069402588501,
        0.025236441785122417
    ],
    "global_electrophilicity": 0.4774078010391756,
    "global_nucleophilicity": -8.49354052277361,
    "fukui_electrophilicity": {
        "1": 0.10607810314214389,
        "2": 0.09320303014287917,
        "3": 0.06573625008137404,
        "4": 0.159993797564489,
        "5": -0.02240349611529326,
        "6": -0.01880301621947228,
        "7": 0.12457159357524708,
        "8": 0.13247585236817297,
        "9": 0.12088171755299681,
        "10": 0.071771192390642,
        "11": 0.07176588117387331,
        "12": 0.04751966107779272,
        "13": 0.023604710905298386,
        "14": 0.023604722359869476
    },
    "fukui_nucleophilicity": {
        "1": 0.07583341552603447,
        "2": 0.04489275421703495,
        "3": 0.09399437659791221,
        "4": 0.09780394439211675,
        "5": -0.008813858696313896,
        "6": -0.024096326659349104,
        "7": 0.08447145390108966,
        "8": 0.09986391773877112,
        "9": 0.08961328994141735,
        "10": 0.1233692606197708,
        "11": 0.12335802272880625,
        "12": 0.061270109206800226,
        "13": 0.06922104261605322,
        "14": 0.06921859786986478
    },
    "fukui_radical": {
        "1": 0.09095575933408917,
        "2": 0.06904789217995706,
        "3": 0.07986531333964311,
        "4": 0.12889887097830288,
        "5": -0.015608677405803578,
        "6": -0.021449671439410692,
        "7": 0.10452152373816836,
        "8": 0.11616988505347205,
        "9": 0.10524750374720708,
        "10": 0.09757022650520641,
        "11": 0.09756195195133978,
        "12": 0.05439488514229648,
        "13": 0.0464128767606758,
        "14": 0.04641166011486714
    }
}