{
    "smiles": "C=CCOC(=O)CCl",
    "ip": 13.923671853201839,
    "ip_corrected": 9.077671853201839,
    "ea": 3.5707148611674135,
    "homo": -0.4185537758595656,
    "lumo": -0.24844314317686203,
    "charges": {
        "1": -0.08478315417886761,
        "2": -0.03589869042475019,
        "3": 0.08014515426626004,
        "4": -0.2605361102653394,
        "5": 0.3588809096028733,
        "6": -0.37517441107041466,
        "7": -0.008133554295096178,
        "8": -0.15711754983836437,
        "9": 0.05220841181963122,
        "10": 0.05828479991652634,
        "11": 0.05041308416749108,
        "12": 0.06522240614182863,
        "13": 0.06522253633461003,
        "14": 0.09563310244979786,
        "15": 0.09563306537381738
    },
    "dipole": [
        -1.196194289364831,
        0.5571031607092302,
        -0.8106759775600301
    ],
    "global_electrophilicity": 0.735022352640468,
    "global_nucleophilicity": -9.077671853201839,
    "fukui_electrophilicity": {
        "1": 0.0556800878651508,
        "2": 0.06440093483144646,
        "3": -0.030814232907311834,
        "4": 0.0824164847051248,
        "5": 0.09286357840317916,
        "6": 0.17143719387343476,
        "7": -0.02985656336985628,
        "8": 0.09631011807275833,
        "9": 0.08632483547901128,
        "10": 0.067301175961746,
        "11": 0.0815721625736484,
        "12": 0.06083650632368563,
        "13": 0.06083641018500292,
        "14": 0.07034535616725908,
        "15": 0.0703459518357194
    },
    "fukui_nucleophilicity": {
        "1": 0.05298457346834634,
        "2": 0.047494212233115646,
        "3": -0.016335768906580492,
        "4": 0.05096571978165748,
        "5": 0.007717738463820567,
        "6": 0.08004477501880641,
        "7": -0.02516863072452511,
        "8": 0.30108696364262577,
        "9": 0.07595758114547409,
        "10": 0.05906695232730105,
        "11": 0.07016818069894515,
        "12": 0.07922812685627097,
        "13": 0.07922805271658312,
        "14": 0.06878069035931864,
        "15": 0.06878083294640727
    },
    "boltzmann_weights": [
        0.010287780604040482,
        0.029515461545370447,
        0.029510819052593163,
        0.10033895646687849,
        0.10033928490818508,
        0.17918851596168558,
        0.08269552505708147,
        0.031547689651473636,
        0.029521784138089185,
        0.029521771595763094,
        0.08179354114833538,
        0.11271414857122905,
        0.08269580696975398,
        0.10032891432952082
    ],
    "best_conformer_elements": [
        6,
        6,
        6,
        8,
        6,
        8,
        6,
        17,
        1,
        1,
        1,
        1,
        1,
        1,
        1
    ],
    "best_conformer_coordinates": [
        [
            -2.329228433784465,
            1.0786796080335816,
            -0.14293916469220136
        ],
        [
            -2.1312315675533293,
            -0.19764186042088447,
            -0.40826550704325326
        ],
        [
            -0.8116929853100252,
            -0.8976893440327592,
            -0.3481221106817147
        ],
        [
            0.22760418786780653,
            0.004029529867373966,
            0.03960036303198363
        ],
        [
            1.4516575239747314,
            -0.5162176206017426,
            0.12563819702212392
        ],
        [
            1.724354003621944,
            -1.660007144831352,
            -0.09595343533332396
        ],
        [
            2.4263840365196057,
            0.5729036098548103,
            0.5462871649353348
        ],
        [
            4.070264165666935,
            -0.07282069225092228,
            0.6742529426443306
        ],
        [
            -3.3075976800402467,
            1.5215994437219635,
            -0.2053640251388814
        ],
        [
            -1.51841463960696,
            1.724311275674036,
            0.14600035506323236
        ],
        [
            -2.9453126788654167,
            -0.8473557164383198,
            -0.6987162664420853
        ],
        [
            -0.8510769098713455,
            -1.7270902639588686,
            0.3707638111847483
        ],
        [
            -0.5627561493974889,
            -1.3294719564152457,
            -1.3268192393739753
        ],
        [
            2.4238437777400503,
            1.3737832342090275,
            -0.1937768497200499
        ],
        [
            2.133203343746439,
            0.9729878922975046,
            1.5174137698355206
        ]
    ],
    "best_conformer_energy": -26.922652893101926,
    "fukui_radical": {
        "1": 0.05433224098486698,
        "2": 0.055947419481044015,
        "3": -0.023574995612932872,
        "4": 0.06669120372496937,
        "5": 0.05029053208867035,
        "6": 0.12574096101839446,
        "7": -0.027512579843640163,
        "8": 0.19869867445273695,
        "9": 0.08114116188397057,
        "10": 0.06318398266434844,
        "11": 0.07587017538160072,
        "12": 0.07003242853490356,
        "13": 0.07003226806174927,
        "14": 0.06956307412954249,
        "15": 0.06956345306357609
    }
}