{
    "smiles": "C=CCN",
    "best_conformer_coordinates": [
        [
            1.6890295389889898,
            -0.48121964473191287,
            -0.10333426187341731
        ],
        [
            0.4563645181770189,
            -0.30229496789735927,
            -0.5390729648712086
        ],
        [
            -0.49187977062336125,
            0.7372340440806566,
            -0.011222461116387588
        ],
        [
            -1.696000534128197,
            0.17806724793289,
            0.592749992276879
        ],
        [
            2.3285038945885095,
            -1.2562544901995334,
            -0.491640206453534
        ],
        [
            2.115624123128798,
            0.15250452101455242,
            0.6572835849809392
        ],
        [
            0.04447574499240966,
            -0.953783591543971,
            -1.3012394230724025
        ],
        [
            0.004846325273567921,
            1.351002705888417,
            0.744309515926694
        ],
        [
            -0.8135363978165797,
            1.3907658592647412,
            -0.8294867406022502
        ],
        [
            -1.442644925496345,
            -0.4269684852669424,
            1.3676677725393593
        ],
        [
            -2.1947825170848096,
            -0.3890531932497475,
            -0.08601480244289446
        ]
    ],
    "best_conformer_elements": [
        6,
        6,
        6,
        7,
        1,
        1,
        1,
        1,
        1,
        1,
        1
    ],
    "best_conformer_energy": -12.859194727524955,
    "ip": 13.775544744195644,
    "ip_corrected": 8.929544744195644,
    "ea": 1.5701221660117364,
    "homo": -0.368262197491912,
    "lumo": -0.20798257823045407,
    "charges": {
        "1": -0.09222914811876491,
        "2": -0.04178996887518647,
        "3": 0.014966574737834401,
        "4": -0.3379393524667481,
        "5": 0.03513269836660559,
        "6": 0.03684849136455885,
        "7": 0.02884217334661449,
        "8": 0.040817389442414594,
        "9": 0.04106113385771969,
        "10": 0.1366510158654705,
        "11": 0.13763899247947348
    },
    "dipole": [
        0.20471985643291585,
        -0.4278586611863983,
        -0.1582902656322999
    ],
    "global_electrophilicity": 0.3273539826952258,
    "global_nucleophilicity": -8.929544744195644,
    "fukui_electrophilicity": {
        "1": 0.12758261580418717,
        "2": 0.15508086369043914,
        "3": -0.02692830637684889,
        "4": 0.042987386986973686,
        "5": 0.15700090564512018,
        "6": 0.15848514200480224,
        "7": 0.14624479686618658,
        "8": 0.07018458346328126,
        "9": 0.09667747133862514,
        "10": 0.03239662941010546,
        "11": 0.04028791116711693
    },
    "fukui_nucleophilicity": {
        "1": 0.034752825706041414,
        "2": 0.041523934020251986,
        "3": -0.020105238181648562,
        "4": 0.19976154892083764,
        "5": 0.13720391842753707,
        "6": 0.10857270357959976,
        "7": 0.10622954212951136,
        "8": 0.09978505299326154,
        "9": 0.09679735825323403,
        "10": 0.09588947957571617,
        "11": 0.09958887458546539
    },
    "fukui_radical": {
        "1": 0.0811677207551143,
        "2": 0.09830239885534556,
        "3": -0.023516772279248727,
        "4": 0.12137446795390566,
        "5": 0.14710241203632862,
        "6": 0.133528922792201,
        "7": 0.12623716949784897,
        "8": 0.08498481822827139,
        "9": 0.09673741479592958,
        "10": 0.06414305449291081,
        "11": 0.06993839287629117
    }
}