{
    "smiles": "C=CCOC(=O)/C=C\\C(=O)[O-]",
    "best_conformer_coordinates": [
        [
            2.8884180089205405,
            1.272493706547812,
            0.8209137594670989
        ],
        [
            1.7003358375843645,
            0.8172702213266134,
            0.47042976362553734
        ],
        [
            1.3921009934863904,
            -0.6310613579062987,
            0.235758624329163
        ],
        [
            -0.011359021407830011,
            -0.8077113736063289,
            0.19857243352528783
        ],
        [
            -0.5596493174467826,
            -1.3214173257137576,
            -0.9073382346826899
        ],
        [
            0.08909866387752013,
            -1.887246155746343,
            -1.7709992562559187
        ],
        [
            -2.0104809345826715,
            -1.1492687182686625,
            -0.9481654629837064
        ],
        [
            -2.6497202263321484,
            -0.11256096732849605,
            -0.3999912305162493
        ],
        [
            -2.054520886805583,
            0.9614782420541297,
            0.5534036478689874
        ],
        [
            -1.3089521186589843,
            1.8218874327252608,
            0.0821920447458915
        ],
        [
            -2.4830632947822435,
            0.7957031473425964,
            1.702917674268347
        ],
        [
            3.0685876599946478,
            2.3228442221527286,
            0.9731396307084841
        ],
        [
            3.7351400977055462,
            0.6170538558049347,
            0.968033233364682
        ],
        [
            0.8439160456563269,
            1.467823568721146,
            0.33429833281485866
        ],
        [
            1.7984706281330356,
            -1.2612801135413705,
            1.0379052173796124
        ],
        [
            1.813241469069046,
            -0.973240173596595,
            -0.7224101415093283
        ],
        [
            -2.5244544494706154,
            -1.8893451528602805,
            -1.556296172592905
        ],
        [
            -3.7271091549398734,
            -0.04342305281495293,
            -0.5142551322149647
        ]
    ],
    "best_conformer_elements": [
        6,
        6,
        6,
        8,
        6,
        8,
        6,
        6,
        6,
        8,
        8,
        1,
        1,
        1,
        1,
        1,
        1,
        1
    ],
    "best_conformer_energy": -35.00803015792943,
    "ip": 14.145273205825111,
    "ip_corrected": 9.299273205825111,
    "ea": 8.616474628924639,
    "homo": -0.431878692877017,
    "lumo": -0.4277556172616106,
    "charges": {
        "1": -0.08030784618146128,
        "2": -0.02566559833899512,
        "3": 0.07527209196206168,
        "4": -0.24182471677791872,
        "5": 0.36579101670991887,
        "6": -0.3909369202467579,
        "7": -0.04255140477155997,
        "8": 0.0032128144556357735,
        "9": 0.4144832134233332,
        "10": -0.3575619711015543,
        "11": -0.3426282474305169,
        "12": 0.06906390055232212,
        "13": 0.0554249887316854,
        "14": 0.09576698829004411,
        "15": 0.07577360191007582,
        "16": 0.08693986329914696,
        "17": 0.12350424923755361,
        "18": 0.1162439762769473
    },
    "dipole": [
        0.18586864189494348,
        -0.6587599303358049,
        -0.353540443932927
    ],
    "global_electrophilicity": 3.8620123813524128,
    "global_nucleophilicity": -9.299273205825111,
    "fukui_electrophilicity": {
        "1": 0.022023579022675474,
        "2": 0.008879867578586706,
        "3": -0.013640114071229684,
        "4": 0.01291380490790811,
        "5": 0.006576645382504409,
        "6": 0.08767258247677817,
        "7": 0.03682957839851596,
        "8": 0.04798137875044951,
        "9": 0.028401347554809053,
        "10": 0.21295211447042228,
        "11": 0.21854802105606275,
        "12": 0.03770897525834683,
        "13": 0.04056275330272116,
        "14": -0.010679281202979604,
        "15": 0.039097220617606836,
        "16": 0.029539030956843515,
        "17": 0.10265943924002807,
        "18": 0.09197305629990091
    },
    "fukui_nucleophilicity": {
        "1": 0.05052153721864851,
        "2": 0.04004688346207508,
        "3": -0.011732547284983075,
        "4": 0.031307513735009285,
        "5": 0.0086024744192707,
        "6": 0.09649215247012755,
        "7": 0.024532270939760917,
        "8": 0.032970554556932444,
        "9": 0.01353329023515526,
        "10": 0.10446210722225002,
        "11": 0.13103583735002836,
        "12": 0.07079643772228852,
        "13": 0.06847114945347914,
        "14": 0.037530956510926236,
        "15": 0.07556275526282114,
        "16": 0.06494206649486581,
        "17": 0.0851998730173804,
        "18": 0.0757246872140738
    },
    "fukui_radical": {
        "1": 0.03627255812066199,
        "2": 0.024463375520330892,
        "3": -0.01268633067810638,
        "4": 0.022110659321458698,
        "5": 0.007589559900887555,
        "6": 0.09208236747345286,
        "7": 0.030680924669138437,
        "8": 0.04047596665369098,
        "9": 0.020967318894982157,
        "10": 0.15870711084633615,
        "11": 0.17479192920304554,
        "12": 0.05425270649031767,
        "13": 0.05451695137810015,
        "14": 0.013425837653973316,
        "15": 0.05732998794021399,
        "16": 0.04724054872585466,
        "17": 0.09392965612870423,
        "18": 0.08384887175698735
    }
}