{
    "smiles": "C=Cc1ccc(CCl)cc1",
    "best_conformer_coordinates": [
        [
            -3.535591301881944,
            -0.08520244454779394,
            -0.1730633898130108
        ],
        [
            -2.503145855622254,
            -0.2802124940595755,
            0.6386620668394783
        ],
        [
            -1.0923744735314032,
            -0.11518473675801466,
            0.3114744661432322
        ],
        [
            -0.6381957922367417,
            0.20609144041187422,
            -0.9686881816587408
        ],
        [
            0.7092216906276828,
            0.3528397576937292,
            -1.2259142205027191
        ],
        [
            1.649841146025107,
            0.18836397755654757,
            -0.214268151507461
        ],
        [
            3.107318504973724,
            0.3175557221204888,
            -0.5034829261669711
        ],
        [
            3.767311238723838,
            -1.2882823722773329,
            -0.9918860808961825
        ],
        [
            1.2067489452595346,
            -0.1398375060970853,
            1.062039513463858
        ],
        [
            -0.14095675586843434,
            -0.2877870937381199,
            1.3188546093889562
        ],
        [
            -3.423537067730338,
            0.2284960870361488,
            -1.1966295376741087
        ],
        [
            -4.547071588494022,
            -0.23291487165385544,
            0.1644424791615394
        ],
        [
            -2.692322400793483,
            -0.5893948039994643,
            1.6597080533241957
        ],
        [
            -1.344136252036431,
            0.3377126835033961,
            -1.7736141537658556
        ],
        [
            1.0415061326504853,
            0.5965043299083036,
            -2.224817658432239
        ],
        [
            3.3026984835503623,
            0.9907879588705568,
            -1.3370549006951433
        ],
        [
            3.6748116327415685,
            0.6231980956115827,
            0.3744727673061368
        ],
        [
            1.9256662502274613,
            -0.28141138386770603,
            1.8560743406042737
        ],
        [
            -0.4677925365847703,
            -0.5413223457135481,
            2.317432020229521
        ]
    ],
    "best_conformer_elements": [
        6,
        6,
        6,
        6,
        6,
        6,
        6,
        17,
        6,
        6,
        1,
        1,
        1,
        1,
        1,
        1,
        1,
        1,
        1
    ],
    "best_conformer_energy": -28.37088926920421,
    "ip": 13.078829736569382,
    "ip_corrected": 8.232829736569382,
    "ea": 4.59177198461549,
    "homo": -0.38952728721967034,
    "lumo": -0.26184908984439637,
    "charges": {
        "1": -0.08412748495344105,
        "2": -0.02972651611923572,
        "3": 0.0165961123438923,
        "4": -0.03128600395889082,
        "5": -0.03247286988956577,
        "6": 0.008558460344283148,
        "7": 0.025864615254290763,
        "8": -0.20937966903468697,
        "9": -0.03236406056243193,
        "10": -0.03288168315540881,
        "11": 0.041441726681360376,
        "12": 0.03995540095014989,
        "13": 0.03649668318875186,
        "14": 0.041411646513890836,
        "15": 0.038067974427208225,
        "16": 0.06445067783728702,
        "17": 0.06447991960689467,
        "18": 0.03788094072369662,
        "19": 0.037034129801940784
    },
    "dipole": [
        -0.5109891237674995,
        0.6674884662614743,
        0.244098635744894
    ],
    "global_electrophilicity": 0.9375758844494553,
    "global_nucleophilicity": -8.232829736569382,
    "fukui_electrophilicity": {
        "1": 0.059146629721865324,
        "2": 0.031591182566223064,
        "3": 0.056540637252415656,
        "4": 0.02491878573081499,
        "5": 0.021956871675171442,
        "6": 0.07059305161935364,
        "7": -0.020416527115441854,
        "8": 0.12578665756781138,
        "9": 0.02399704428826726,
        "10": 0.025596014360657983,
        "11": 0.0685639976985538,
        "12": 0.08314696766071986,
        "13": 0.06731551352596349,
        "14": 0.056052726504109696,
        "15": 0.06474449279421185,
        "16": 0.05600271224982639,
        "17": 0.05616466563599489,
        "18": 0.06605846303214194,
        "19": 0.06224011323132819
    },
    "fukui_nucleophilicity": {
        "1": 0.05643707614037248,
        "2": 0.0329220713078286,
        "3": 0.04589378610051305,
        "4": 0.025474650240821115,
        "5": 0.017913961418153004,
        "6": 0.053548674346945144,
        "7": -0.03197726201699386,
        "8": 0.22805713095281988,
        "9": 0.01875825200393063,
        "10": 0.026432120005362124,
        "11": 0.062282065076697986,
        "12": 0.07619050532446524,
        "13": 0.06111190585910259,
        "14": 0.04983262421223406,
        "15": 0.053234366034688695,
        "16": 0.05686347095688227,
        "17": 0.057045267005515585,
        "18": 0.054322542221814415,
        "19": 0.05565679280889648
    },
    "fukui_radical": {
        "1": 0.0577918529311189,
        "2": 0.03225662693702583,
        "3": 0.051217211676464355,
        "4": 0.025196717985818053,
        "5": 0.019935416546662223,
        "6": 0.06207086298314939,
        "7": -0.026196894566217856,
        "8": 0.17692189426031563,
        "9": 0.021377648146098945,
        "10": 0.026014067183010053,
        "11": 0.0654230313876259,
        "12": 0.07966873649259254,
        "13": 0.06421370969253304,
        "14": 0.05294267535817188,
        "15": 0.05898942941445027,
        "16": 0.05643309160335433,
        "17": 0.056604966320755234,
        "18": 0.06019050262697818,
        "19": 0.05894845302011233
    }
}