{"smiles": "C=Cc1ccc(CN(C)C)cc1", "ip": 12.210578340946784, "ip_corrected": 7.3645783409467835, "ea": 3.9979461900463447, "homo": -0.34912987979151544, "lumo": -0.24684124811816988, "charges": {"1": -0.08717867523010851, "2": -0.030061577882066634, "3": 0.010441188501389198, "4": -0.03459609780958378, "5": -0.039370598181054935, "6": 0.008475528130693383, "7": 0.008405480488918184, "8": -0.17160848272803325, "9": -0.02838264535031964, "10": -0.029336541853262073, "11": -0.036251367955657546, "12": -0.03541117137159983, "13": 0.03496614463455781, "14": 0.03746586965903294, "15": 0.03255951868058665, "16": 0.03426064762674342, "17": 0.02658961618081192, "18": 0.04063456152983238, "19": 0.009874789727951805, "20": 0.039415757345738864, "21": 0.03709623128564969, "22": 0.010152048914901573, "23": 0.010452081035249923, "24": 0.03944040461184295, "25": 0.036399503151635634, "26": 0.044758245826062776, "27": 0.030809541030090228}, "dipole": [-0.30417753963259486, 0.0863933946372739, 0.24128873809255502], "global_electrophilicity": 0.6463380311995847, "global_nucleophilicity": -7.3645783409467835, "fukui_electrophilicity": {"1": 0.06902612985044652, "2": 0.041494063316895854, "3": 0.05895885811843722, "4": 0.0306922050702184, "5": 0.021847468992630896, "6": 0.08174501630953208, "7": -0.0151393912484655, "8": 0.008098181479560318, "9": -0.011985992146272051, "10": -0.01484364826210428, "11": 0.025652206934905934, "12": 0.029457461860988084, "13": 0.09394571549205216, "14": 0.07964682552824234, "15": 0.0772222564498848, "16": 0.05800128473895737, "17": 0.06859547877145589, "18": 0.04521894710533565, "19": 0.03650787041113744, "20": -0.013421558046853722, "21": 0.024467289297921316, "22": 0.017275061235972528, "23": 0.017564849663991793, "24": 0.022571639499312585, "25": 0.012631346032656771, "26": 0.070173130616537, "27": 0.0645973029266303}, "fukui_nucleophilicity": {"1": 0.043149006681436355, "2": 0.023029029234015355, "3": 0.03443322724997938, "4": 0.020458989047271045, "5": 0.010876518176809548, "6": 0.02657502239826559, "7": -0.031104836740502517, "8": 0.14823224237263133, "9": -0.04016338534865243, "10": -0.0425612911308512, "11": 0.010780612056374386, "12": 0.018394856670535094, "13": 0.06056478319754322, "14": 0.04798847962762126, "15": 0.047116224339808305, "16": 0.04094349588445668, "17": 0.038341034417163675, "18": 0.05810233327967231, "19": 0.07802061679694261, "20": 0.03535865041337925, "21": 0.0513418402963907, "22": 0.0729062683424043, "23": 0.07689066101653014, "24": 0.051365424352375844, "25": 0.047626058779019514, "26": 0.027435128034776726, "27": 0.043899010773242736}, "boltzmann_weights": [0.057032522916759094, 0.05703250597510454, 0.057032515300675074, 0.05703194699646251, 0.05703081330501698, 0.05703064148477825, 0.05768737046575714, 0.0576873619729877, 0.057680728210911476, 0.057687371145161384, 0.057687356207386464, 0.057669328956037345, 0.057669356240891013, 0.08468002358715528, 0.08468013200300191, 0.0846800252319138], "best_conformer_elements": [6, 6, 6, 6, 6, 6, 6, 7, 6, 6, 6, 6, 1, 1, 1, 1, 1, 1, 1, 1, 1, 1, 1, 1, 1, 1, 1], "best_conformer_coordinates": [[-4.8468513483556945, -0.1706624025913786, 0.8097652865913093], [-3.8452923836094772, -0.7869151603618078, 0.19327605628475586], [-2.4692513048421247, -0.3208536973620512, 0.0770359302950141], [-2.0137454390930225, 0.865447449162613, 0.6518211586070135], [-0.6973517140207177, 1.2600330201447345, 0.5136522306973091], [0.2060556318773179, 0.48990895523068567, -0.20650418017903774], [1.6378837596146445, 0.915158333759266, -0.37932649697758974], [2.5515432944810996, -0.1928178676993709, -0.1473510555151074], [2.5219698510836133, -0.6162613582325129, 1.2367381355719185], [3.897582745792831, 0.1292770509252729, -0.5671312551766043], [-0.23976225769257348, -0.6936149783410039, -0.7839306030279919], [-1.5521513828298386, -1.09261163169446, -0.6408692179138575], [-5.833995402471433, -0.5993758782153839, 0.8393551161084173], [-4.732363639918706, 0.7775623014826633, 1.3063087532799973], [-4.036364984324786, -1.7389314467749315, -0.2880992742676677], [-2.6915203419214735, 1.4856071815459326, 1.2178927677490614], [-0.3663317364731875, 2.1817872069384707, 0.9723864107707421], [1.8575052341456975, 1.773172938563427, 0.2831112899592063], [1.7803182179108739, 1.248847051120654, -1.4134828694932833], [2.8814984994016264, 0.16572127527453434, 1.925596845199677], [3.1508603952632424, -1.497783177870762, 1.353227700693823], [1.5006593405865285, -0.8766721460017238, 1.5094805442485313], [4.329124728030859, 0.9766746277478616, -0.009561464156980828], [3.895313041240641, 0.37697325460572356, -1.6280283901181982], [4.533287674842664, -0.742216458278863, -0.4161761616448866], [0.4627615582897154, -1.299784770121388, -1.335275516937535], [-1.881382042300419, -2.01766965708134, -1.09374398406924]], "best_conformer_energy": -34.08347118668565, "fukui_radical": {"1": 0.05608741463729437, "2": 0.032261415060493716, "3": 0.046695941366231244, "4": 0.025575457705116773, "5": 0.016362054375580925, "6": 0.0541600650130344, "7": -0.023122139850191945, "8": 0.07816540707890175, "9": -0.026074641537269773, "10": -0.02870242912636655, "11": 0.01821645792015932, "12": 0.023926051080169743, "13": 0.07725528101456951, "14": 0.06381783584603515, "15": 0.06216944527117898, "16": 0.04947229495903749, "17": 0.05346817680190376, "18": 0.05726424467963549, "19": 0.05166062264926891, "20": 0.045090703447844147, "21": 0.03790455787000752, "22": 0.010968585260161028, "23": 0.04722777472338269, "24": 0.030128690881688003, "25": 0.03696854349254555, "26": 0.048804126224942825, "27": 0.05424806326393264}}