{
    "smiles": "C=CCOS(=O)(=O)C=C",
    "best_conformer_coordinates": [
        [
            -2.7130202310917366,
            -0.49966503813169316,
            0.9230542746682291
        ],
        [
            -2.550819958871581,
            -0.14592139920041097,
            -0.33681784808273324
        ],
        [
            -1.2472498133868362,
            0.24142913706512767,
            -0.9596462596147725
        ],
        [
            -0.18347423698690735,
            0.19580971371992462,
            -0.02171228104369048
        ],
        [
            1.2403300635779686,
            0.5834809550796354,
            -0.6791435730202872
        ],
        [
            1.5854693745030342,
            -0.40036797635208615,
            -1.6586451922756666
        ],
        [
            1.2012930043006744,
            1.9512888989229313,
            -1.0952643925726635
        ],
        [
            2.224186824400237,
            0.39307501995074207,
            0.7914466415472585
        ],
        [
            2.9836207940669492,
            -0.6702532488101575,
            0.9134275908509194
        ],
        [
            -3.677581307691351,
            -0.7688824920258613,
            1.3167087947457026
        ],
        [
            -1.8772789520887627,
            -0.5296663351576463,
            1.6001696902286777
        ],
        [
            -3.381893490433441,
            -0.11191125512355969,
            -1.0281235510040747
        ],
        [
            -1.0065737275261613,
            -0.4363732139170644,
            -1.7906965495663885
        ],
        [
            -1.3082302565856478,
            1.260010546852114,
            -1.3679358638662242
        ],
        [
            2.107863025121361,
            1.189800542114571,
            1.5017777626999087
        ],
        [
            3.008112388027959,
            -1.3891933835306176,
            0.11099555184640747
        ],
        [
            3.5952465165395657,
            -0.8626604661638595,
            1.7804052097515102
        ]
    ],
    "best_conformer_elements": [
        6,
        6,
        6,
        8,
        16,
        8,
        8,
        6,
        6,
        1,
        1,
        1,
        1,
        1,
        1,
        1,
        1
    ],
    "best_conformer_energy": -30.15468913796377,
    "ip": 14.042576712751426,
    "ip_corrected": 9.196576712751426,
    "ea": 4.135464783967632,
    "homo": -0.4148072239308523,
    "lumo": -0.2713935406972545,
    "charges": {
        "1": -0.08550173056184178,
        "2": -0.03402732973697641,
        "3": 0.0850983761058367,
        "4": -0.42498559959939997,
        "5": 1.2809786947501998,
        "6": -0.5884681430091141,
        "7": -0.5862960571971667,
        "8": -0.13604284844872888,
        "9": -0.06755461341864773,
        "10": 0.0535996104108314,
        "11": 0.057724435092852334,
        "12": 0.05218035796309568,
        "13": 0.05510542880387663,
        "14": 0.05537501308964272,
        "15": 0.09456290330529968,
        "16": 0.0953725265177809,
        "17": 0.09287897593243961
    },
    "dipole": [
        -0.144249748273801,
        -0.5633687602255448,
        1.348389377970002
    ],
    "global_electrophilicity": 0.9086010736743307,
    "global_nucleophilicity": -9.196576712751426,
    "fukui_electrophilicity": {
        "1": 0.04238590072643818,
        "2": 0.049228874803816804,
        "3": -0.018158635548989166,
        "4": 0.004683273840213387,
        "5": 0.14533333949669713,
        "6": 0.02872641220489136,
        "7": 0.04238882820759682,
        "8": 0.056951764067350974,
        "9": 0.09213490627757658,
        "10": 0.06766175560048018,
        "11": 0.044285013876038684,
        "12": 0.06651130231789595,
        "13": 0.04371005480187848,
        "14": 0.046110146529587885,
        "15": 0.08884272141036088,
        "16": 0.0951246369324106,
        "17": 0.10407970445574095
    },
    "fukui_nucleophilicity": {
        "1": 0.057951530419362046,
        "2": 0.04861839044231831,
        "3": -0.017784375584492695,
        "4": 0.030113955192058395,
        "5": 0.14114081936440703,
        "6": 0.046428111044281906,
        "7": 0.06490937064062208,
        "8": 0.006973079298687401,
        "9": 0.015443235758847956,
        "10": 0.08307786796936438,
        "11": 0.0643475464643131,
        "12": 0.07556576384349321,
        "13": 0.09245782281438257,
        "14": 0.09199944201576807,
        "15": 0.059565634293384045,
        "16": 0.055513934558322334,
        "17": 0.08367787146492582
    },
    "fukui_radical": {
        "1": 0.05016871557290011,
        "2": 0.04892363262306756,
        "3": -0.01797150556674093,
        "4": 0.01739861451613589,
        "5": 0.14323707943055208,
        "6": 0.03757726162458663,
        "7": 0.05364909942410945,
        "8": 0.03196242168301919,
        "9": 0.053789071018212266,
        "10": 0.07536981178492229,
        "11": 0.054316280170175896,
        "12": 0.07103853308069458,
        "13": 0.06808393880813052,
        "14": 0.06905479427267797,
        "15": 0.07420417785187247,
        "16": 0.07531928574536646,
        "17": 0.09387878796033339
    }
}