{"smiles": "C=CN(C(=O)[O-])C(C)(C)C", "ip": 13.790910006121496, "ip_corrected": 8.944910006121496, "ea": 8.094360136121466, "homo": -0.4128065381031562, "lumo": -0.4069703061895975, "charges": {"1": -0.07719707268299182, "2": 0.054757059665107036, "3": -0.06854729395769571, "4": 0.43113599520602264, "5": -0.41299253998160446, "6": -0.4380247605868593, "7": 0.0940043671647316, "8": -0.1128024254903286, "9": -0.11473739008480519, "10": -0.12504931732330515, "11": 0.06805273208505386, "12": 0.07416337984697993, "13": 0.09401584146881939, "14": 0.0574217795073393, "15": 0.0735436325982689, "16": 0.04535797325297772, "17": 0.05925114806506914, "18": 0.05126305089708598, "19": 0.05355537695387119, "20": 0.05286534323041234, "21": 0.08873183896909831, "22": 0.051231281197133695}, "dipole": [-0.5128158373209568, 2.468159668612133, 1.6638360605138571], "global_electrophilicity": 3.262409707511982, "global_nucleophilicity": -8.944910006121496, "fukui_electrophilicity": {"1": 0.08726365450891353, "2": 0.015272145706674775, "3": 0.1323840163752192, "4": 0.0031715711215817843, "5": 0.15855382196934298, "6": 0.12177534620380986, "7": -0.007231712660721229, "8": -0.009514089178665766, "9": -0.012013277648517229, "10": -0.020444551160489793, "11": 0.08898419807388351, "12": 0.09995427153650206, "13": 0.06718284441432684, "14": 0.05037042155675304, "15": 0.020949507354297417, "16": 0.018772956424965733, "17": 0.04754064815851564, "18": 0.017091465763800377, "19": 0.025845767991016774, "20": 0.028095878733794637, "21": 0.02024285967242445, "22": 0.045752255082944275}, "fukui_nucleophilicity": {"1": 0.05464646072650946, "2": 0.009914337376632484, "3": 0.07207457094471534, "4": -2.5411391441410025e-05, "5": 0.12836680726549932, "6": 0.13097405344826785, "7": 0.008086754354955372, "8": -0.005456039565135712, "9": -0.003357736589572363, "10": -0.01619819319146637, "11": 0.06025875359243971, "12": 0.0765161439364839, "13": 0.05077714365499031, "14": 0.05155959074613958, "15": 0.03696035475767233, "16": 0.0352312390115586, "17": 0.049134221199549306, "18": 0.038279618580159894, "19": 0.04049565621370685, "20": 0.0548963662548753, "21": 0.06799808575337424, "22": 0.058867222925963476}, "boltzmann_weights": [0.10315786028467273, 0.1031574772599644, 0.1031575928219662, 0.10316575432362128, 0.10315784851502902, 0.10316413008348611, 0.10316413751245362, 0.10315785774846617, 0.010417597582392555, 0.010417591927993521, 0.010417318675262643, 0.010417592257888913, 0.010417322063892946, 0.010417582646162068, 0.01041759108099029, 0.010417598277070476, 0.013053809434268331, 0.013053861443625865, 0.013054082753503955, 0.013053934979430026, 0.01305380130259387, 0.013053794164776356, 0.013053862860488652], "best_conformer_elements": [6, 6, 7, 6, 8, 8, 6, 6, 6, 6, 1, 1, 1, 1, 1, 1, 1, 1, 1, 1, 1, 1], "best_conformer_coordinates": [[2.073919154531057, -1.5291432567020276, -0.15300050593043504], [1.7149076575276347, -0.35414629043725154, -0.6847345775645358], [0.610339485547176, 0.42655648684270414, -0.5614753142397079], [0.916567800692765, 1.9105472832473565, -0.8129021012915955], [0.5548208091735432, 2.6632058530698597, 0.08228756979240298], [1.5013164277203495, 2.1157537805081588, -1.8640986621978044], [-0.5959530130850605, 0.038042135347190066, 0.15084869817427393], [-0.3808036002906577, 0.05840405958588628, 1.6723330753681378], [-1.722688412640149, 1.0214601924116664, -0.2049984130568777], [-1.074111811980414, -1.3489089419372922, -0.31660548752106077], [3.0260432700679263, -1.958863759548163, -0.4210766823509627], [1.4919028593876258, -2.1055212548956073, 0.5450578706169169], [2.431172587460522, 0.12510278674956146, -1.3464809024157451], [-1.2970227697046384, -0.21052397682992433, 2.198231544182064], [-0.0795191869462791, 1.0627379375900727, 1.958836329459653], [0.40824892248163475, -0.634096496303312, 1.9541125142870144], [-1.86061780310188, 1.0488655846936996, -1.284174187086199], [-2.6543609715246417, 0.7091804744940107, 0.2668116264972454], [-1.4631513422431819, 2.0189209815954023, 0.13348732227275456], [-2.072759051936665, -1.5427350500984862, 0.07436622407430271], [-1.1115067479653484, -1.3721278708052764, -1.4035548803444189], [-0.416744279045498, -2.1427106638703597, 0.0167289392739231]], "best_conformer_energy": -32.40194934082602, "fukui_radical": {"1": 0.0709254762441599, "2": 0.01258217763781961, "3": 0.10223558994726537, "4": 0.0015733389388172536, "5": 0.14347890243597236, "6": 0.1263990626220022, "7": 0.00042336234681004947, "8": -0.007497726185624207, "9": -0.018330739160530934, "10": -0.00765779931009529, "11": 0.0882302202614931, "12": 0.07461171245573642, "13": 0.05898147757166506, "14": 0.050955231649368646, "15": 0.02895539579460558, "16": 0.027015162963219624, "17": 0.0414702355166505, "18": 0.05229794566111452, "19": 0.04411112405401238, "20": 0.04834963249689918, "21": 0.033200111748152475, "22": 0.02769010431385532}}