{
    "smiles": "C=Cn1ccnc1-c1ccccc1",
    "ip": 12.737612063489507,
    "ip_corrected": 7.891612063489507,
    "ea": 4.578871266890911,
    "homo": -0.37435918070469515,
    "lumo": -0.2562840747949054,
    "charges": {
        "1": -0.10394550768624497,
        "2": 0.02101498077428149,
        "3": -0.009193617647458074,
        "4": -0.023822164691361128,
        "5": 0.020792535590583028,
        "6": -0.2763054065475008,
        "7": 0.11557670044872917,
        "8": 0.004034420249459117,
        "9": -0.03553426759206078,
        "10": -0.029520103468050757,
        "11": -0.029060257154716163,
        "12": -0.02683504248974615,
        "13": -0.027509297813599072,
        "14": 0.05144816387133951,
        "15": 0.04932809402946845,
        "16": 0.05060708595123373,
        "17": 0.03369405642730035,
        "18": 0.03305211974406038,
        "19": 0.029969638104254168,
        "20": 0.03182438443094639,
        "21": 0.033082940667721765,
        "22": 0.03585300535498154,
        "23": 0.05144753944637443
    },
    "dipole": [
        0.21354458438441248,
        -1.041669368463156,
        0.6389260579154773
    ],
    "global_electrophilicity": 0.8906513196173081,
    "global_nucleophilicity": -7.891612063489507,
    "fukui_electrophilicity": {
        "1": 0.04817548916617351,
        "2": 0.026115399153540733,
        "3": 0.03699069096083424,
        "4": 0.02962494643557325,
        "5": 0.015648691755684847,
        "6": 0.07832284660709038,
        "7": 0.029404769163529798,
        "8": 0.038209223794252414,
        "9": 0.019142368748044224,
        "10": 0.020782145700477622,
        "11": 0.04861323950412942,
        "12": 0.020908789827884147,
        "13": 0.02498144620358648,
        "14": 0.061093067357193435,
        "15": 0.06978497422453744,
        "16": 0.04514227134403425,
        "17": 0.05696189382500447,
        "18": 0.06429769008438452,
        "19": 0.038039625855208224,
        "20": 0.05613434500331012,
        "21": 0.06526610792326738,
        "22": 0.058513283861167116,
        "23": 0.047846693760715896
    },
    "fukui_nucleophilicity": {
        "1": 0.033737553828391526,
        "2": 0.00016568194759884747,
        "3": 0.04862992600986987,
        "4": 0.04256106535977562,
        "5": 0.042184691223371026,
        "6": 0.09580895367335324,
        "7": 0.03262027790313529,
        "8": 0.031999120327504224,
        "9": 0.018881455286741407,
        "10": 0.02221931775633823,
        "11": 0.04510502992805096,
        "12": 0.02098325437407042,
        "13": 0.02360823012672942,
        "14": 0.043294188442827335,
        "15": 0.05831018706065528,
        "16": 0.0354335653881291,
        "17": 0.07090570881060677,
        "18": 0.07749177779480426,
        "19": 0.03991988425354824,
        "20": 0.055674652026003274,
        "21": 0.06100306652343714,
        "22": 0.05725941712790954,
        "23": 0.042202994827169445
    },
    "boltzmann_weights": [
        0.23735105657014938,
        0.2373984991150749,
        0.23739846843493903,
        0.23740484480390267,
        0.025223591539276558,
        0.025223539536657416
    ],
    "best_conformer_elements": [
        6,
        6,
        7,
        6,
        6,
        7,
        6,
        6,
        6,
        6,
        6,
        6,
        6,
        1,
        1,
        1,
        1,
        1,
        1,
        1,
        1,
        1,
        1
    ],
    "best_conformer_coordinates": [
        [
            -2.9657309932409057,
            0.7769184125810572,
            1.4938862946952631
        ],
        [
            -1.8838503598595608,
            0.6753965016120281,
            0.7364180645527333
        ],
        [
            -1.621114735761552,
            -0.3765662476223977,
            -0.1319431357022991
        ],
        [
            -2.544591996530313,
            -1.2014722437462722,
            -0.7245804615582061
        ],
        [
            -1.8521818672540427,
            -1.989297879736264,
            -1.594269212084158
        ],
        [
            -0.531765184094365,
            -1.6813119303443071,
            -1.554369693833228
        ],
        [
            -0.4026740758010507,
            -0.7188164698624226,
            -0.6741555777625033
        ],
        [
            0.8742805363488115,
            -0.13171668795122435,
            -0.3005053743086138
        ],
        [
            1.1701030214553552,
            0.2293255783753438,
            1.0132148503521272
        ],
        [
            2.403599172402056,
            0.7722968980223107,
            1.324257000985508
        ],
        [
            3.3569273879962562,
            0.9519097752215796,
            0.3364604966817823
        ],
        [
            3.0795110256351252,
            0.5691314393167215,
            -0.9665919393218478
        ],
        [
            1.849449152330826,
            0.02861360303541844,
            -1.2849025274231396
        ],
        [
            -3.7300715504756696,
            0.02009033281295029,
            1.517048339668837
        ],
        [
            -3.113715091263999,
            1.6332929064386037,
            2.1253391494077265
        ],
        [
            -1.1168074779594337,
            1.4387332058865385,
            0.7383116914968867
        ],
        [
            -3.5903123550389258,
            -1.1370516811383187,
            -0.5091135679055159
        ],
        [
            -2.2174850100726395,
            -2.759010723400283,
            -2.2441034278608116
        ],
        [
            0.44873063271023406,
            0.05705211399340751,
            1.799431909586502
        ],
        [
            2.623447525940806,
            1.0491469995901836,
            2.3451899895349295
        ],
        [
            4.317865036855635,
            1.3782195929747674,
            0.5839364678524848
        ],
        [
            3.8269133755735685,
            0.6943032160693479,
            -1.7361454062957133
        ],
        [
            1.6194738248118061,
            -0.2791867174206504,
            -2.2928139413419872
        ]
    ],
    "best_conformer_energy": -34.47211450187271,
    "fukui_radical": {
        "1": 0.04095498774588822,
        "2": 0.013140938802152866,
        "3": 0.042809816126591446,
        "4": 0.03609309502311806,
        "5": 0.028913279865871312,
        "6": 0.0870683512023325,
        "7": 0.031012928662166053,
        "8": 0.03510353048045936,
        "9": 0.0190172421094253,
        "10": 0.021498569188484792,
        "11": 0.04685897993971223,
        "12": 0.020945864481126578,
        "13": 0.024295486946734765,
        "14": 0.05219226481483867,
        "15": 0.06404812793281332,
        "16": 0.040286904625585054,
        "17": 0.0639352562611881,
        "18": 0.07089734970825255,
        "19": 0.03897963955185074,
        "20": 0.05590384993150648,
        "21": 0.06313364887014977,
        "22": 0.057885672617775,
        "23": 0.04502421524177172
    }
}