{
    "smiles": "C=CN1CCCC1=O",
    "best_conformer_coordinates": [
        [
            2.678839118969125,
            0.5080059683235233,
            -0.3096668767032946
        ],
        [
            1.8029201603528349,
            -0.1721100791303527,
            0.41586229042438233
        ],
        [
            0.4300864164596555,
            -0.14757203923999448,
            0.2568709393410962
        ],
        [
            -0.24868785477476674,
            0.6104122483637221,
            -0.7723028296433396
        ],
        [
            -1.6760302722540001,
            0.05331943392462757,
            -0.7556043622510218
        ],
        [
            -1.8387851167098868,
            -0.4752598672744575,
            0.6669183735887474
        ],
        [
            -0.42062626431892797,
            -0.7919639633738711,
            1.109592854948517
        ],
        [
            -0.08436975789014745,
            -1.4703986261189976,
            2.0505724697894294
        ],
        [
            2.393058021850953,
            1.167330588325767,
            -1.1100087682318498
        ],
        [
            3.730663897243787,
            0.41882019411541327,
            -0.1128286563341092
        ],
        [
            2.104822183199656,
            -0.8228104039635948,
            1.2251364290183753
        ],
        [
            0.24293069220497165,
            0.46606597273098227,
            -1.7369685322854433
        ],
        [
            -0.22836463387306746,
            1.6793039316742375,
            -0.5260937046089341
        ],
        [
            -2.412414388262731,
            0.8118965535586857,
            -1.0125806801587183
        ],
        [
            -1.7627100570062137,
            -0.7665745202998776,
            -1.469423702779765
        ],
        [
            -2.4744588456725127,
            -1.3551950842034022,
            0.739898150629425
        ],
        [
            -2.236873299518678,
            0.286729697879369,
            1.3406265946729163
        ]
    ],
    "best_conformer_elements": [
        6,
        6,
        7,
        6,
        6,
        6,
        6,
        8,
        1,
        1,
        1,
        1,
        1,
        1,
        1,
        1,
        1
    ],
    "best_conformer_energy": -24.43062636016574,
    "ip": 13.378306541473096,
    "ip_corrected": 8.532306541473096,
    "ea": 3.110532944693135,
    "homo": -0.37892099801510065,
    "lumo": -0.23113156763203038,
    "charges": {
        "1": -0.12110310536585386,
        "2": 0.022136518289991497,
        "3": -0.06909549333660159,
        "4": -0.002770520002204263,
        "5": -0.06510069910438894,
        "6": -0.09101117092612374,
        "7": 0.27161744162873874,
        "8": -0.4175994809451542,
        "9": 0.03613111070756688,
        "10": 0.0439339596688895,
        "11": 0.06722059321052841,
        "12": 0.05415888736623259,
        "13": 0.04719910522417056,
        "14": 0.04857501720736236,
        "15": 0.048331540760703194,
        "16": 0.06457318192460483,
        "17": 0.06280311369153455
    },
    "dipole": [
        -0.49212498382530134,
        0.9393145370503412,
        -1.285405258199702
    ],
    "global_electrophilicity": 0.562403165657988,
    "global_nucleophilicity": -8.532306541473096,
    "fukui_electrophilicity": {
        "1": 0.07967491289369646,
        "2": 0.055686167971474486,
        "3": 0.05741336518469753,
        "4": -0.026977010241231926,
        "5": -0.013365230723631404,
        "6": -0.017134860276868003,
        "7": 0.10331517941373872,
        "8": 0.17546709092405233,
        "9": 0.09599325171979503,
        "10": 0.10271415773724663,
        "11": 0.07315378182942239,
        "12": 0.042027815644286905,
        "13": 0.044634007294535524,
        "14": 0.05281608171908717,
        "15": 0.038928530928147104,
        "16": 0.06567301741218651,
        "17": 0.06997974056934989
    },
    "fukui_nucleophilicity": {
        "1": 0.07799600108323486,
        "2": 0.02563850648496463,
        "3": 0.11463341953423181,
        "4": -0.027512182774527792,
        "5": -0.010642169253007816,
        "6": -0.006036692039845637,
        "7": 0.012915379567110252,
        "8": 0.1488918357692684,
        "9": 0.08084812431050264,
        "10": 0.09658363815772916,
        "11": 0.06895470053738591,
        "12": 0.07228463887661749,
        "13": 0.09030403445119717,
        "14": 0.05926323774363762,
        "15": 0.06181993304247046,
        "16": 0.06668880875428569,
        "17": 0.06736878575960753
    },
    "fukui_radical": {
        "1": 0.07883545698846567,
        "2": 0.04066233722821956,
        "3": 0.08602339235946467,
        "4": -0.02724459650787986,
        "5": -0.01200369998831961,
        "6": -0.01158577615835682,
        "7": 0.058115279490424485,
        "8": 0.16217946334666036,
        "9": 0.08842068801514885,
        "10": 0.09964889794748788,
        "11": 0.07105424118340414,
        "12": 0.0571562272604522,
        "13": 0.06746902087286634,
        "14": 0.0560396597313624,
        "15": 0.050374231985308784,
        "16": 0.0661809130832361,
        "17": 0.06867426316447871
    }
}