{
    "smiles": "C=COC(=O)CCl",
    "ip": 14.233371244236762,
    "ip_corrected": 9.387371244236762,
    "ea": 4.035636807392355,
    "homo": -0.42212312019910275,
    "lumo": -0.2683503609891246,
    "charges": {
        "1": -0.10726365848857461,
        "2": 0.10291678012437545,
        "3": -0.24005189171429087,
        "4": 0.35856293944717843,
        "5": -0.3598081998215814,
        "6": -0.009286054992567246,
        "7": -0.1550462357742654,
        "8": 0.07322895323121452,
        "9": 0.07025771643605674,
        "10": 0.06921590335572413,
        "11": 0.0986368134389206,
        "12": 0.09863693475781264
    },
    "dipole": [
        -0.5824393800516687,
        -0.6073031421306418,
        1.1916221365612545
    ],
    "global_electrophilicity": 0.901732972815023,
    "global_nucleophilicity": -9.387371244236762,
    "fukui_electrophilicity": {
        "1": 0.0819366362397208,
        "2": 0.04379129821006022,
        "3": 0.08967653329970882,
        "4": 0.10796358026094671,
        "5": 0.20049567458311857,
        "6": -0.03634093825977359,
        "7": 0.08534295912720438,
        "8": 0.09655885004619799,
        "9": 0.10389078950461365,
        "10": 0.07538466889089773,
        "11": 0.07565019664538114,
        "12": 0.07564975145192898
    },
    "fukui_nucleophilicity": {
        "1": 0.06550805371179039,
        "2": 0.03997347344511405,
        "3": 0.08806876475258285,
        "4": 0.007688381180479598,
        "5": 0.09538119509550835,
        "6": -0.027900418749915668,
        "7": 0.3390513319153471,
        "8": 0.07704310973742827,
        "9": 0.08641165226378567,
        "10": 0.06372201418557764,
        "11": 0.08252610422775715,
        "12": 0.08252633823450238
    },
    "boltzmann_weights": [
        0.1273096289383126,
        0.3432495365389708,
        0.34324955887901,
        0.06206389999149901,
        0.06206368783451084,
        0.06206368781769676
    ],
    "best_conformer_elements": [
        6,
        6,
        8,
        6,
        8,
        6,
        17,
        1,
        1,
        1,
        1,
        1
    ],
    "best_conformer_coordinates": [
        [
            -2.5797183157911334,
            0.17657289123080724,
            -0.0388269882532311
        ],
        [
            -1.4115775068029668,
            -0.4010404658713263,
            -0.24004215017066718
        ],
        [
            -0.23601604106948426,
            0.24295893124895537,
            0.09333726674330207
        ],
        [
            0.9269030717733234,
            -0.3925904592026956,
            -0.13344097993940512
        ],
        [
            1.0323643192695902,
            -1.4845703991918158,
            -0.6063698343659253
        ],
        [
            2.062815702616462,
            0.5110356477306933,
            0.31173995255517395
        ],
        [
            3.6291775844774836,
            -0.27054264781182746,
            0.038846957786393445
        ],
        [
            -2.6525186804558047,
            1.1607317696237185,
            0.38838809373979655
        ],
        [
            -3.4901325450836,
            -0.3280925108403257,
            -0.29960216185757443
        ],
        [
            -1.2790474477420137,
            -1.387194884578625,
            -0.6655016043108793
        ],
        [
            2.0347438443409196,
            1.4428583502360959,
            -0.25458418545278577
        ],
        [
            1.9630060144672392,
            0.7298737668427764,
            1.3756725376624754
        ]
    ],
    "best_conformer_energy": -23.76458283516022,
    "fukui_radical": {
        "1": 0.07372463326761229,
        "2": 0.04187839145294339,
        "3": 0.08888235119930449,
        "4": 0.05780934517207978,
        "5": 0.1478881127899115,
        "6": -0.03211811843168984,
        "7": 0.21226926872636026,
        "8": 0.08680158171847704,
        "9": 0.0951407909292383,
        "10": 0.06954325889478838,
        "11": 0.07909025064460183,
        "12": 0.07909013363635045
    }
}