{
    "smiles": "C=COCC(C)C",
    "ip": 13.46614100224178,
    "ip_corrected": 8.62014100224178,
    "ea": 0.9170756923661368,
    "homo": -0.37632864553685424,
    "lumo": -0.18458528562403884,
    "charges": {
        "1": -0.14297724271831996,
        "2": 0.10104961466782268,
        "3": -0.2644815586187704,
        "4": 0.07822289863853202,
        "5": -0.0145326010739718,
        "6": -0.11163900710811664,
        "7": -0.10864834845742638,
        "8": 0.036221868566408716,
        "9": 0.03587854454899193,
        "10": 0.044474857939395894,
        "11": 0.030429381064846245,
        "12": 0.02775385556860853,
        "13": 0.04456137749299799,
        "14": 0.03816322709943993,
        "15": 0.0447644156266856,
        "16": 0.035575469261041215,
        "17": 0.03805148991970482,
        "18": 0.05003755813053828,
        "19": 0.037094199451597525
    },
    "dipole": [
        -0.21413868574217132,
        -0.32420771630802847,
        -0.21917755616798662
    ],
    "global_electrophilicity": 0.21921467388540225,
    "global_nucleophilicity": -8.62014100224178,
    "fukui_electrophilicity": {
        "1": 0.1235149360017968,
        "2": 0.1601674530903814,
        "3": 0.10843013256092376,
        "4": -0.028948993971651543,
        "5": 0.0025986700566025464,
        "6": -0.013418267312056698,
        "7": -0.013750923966039219,
        "8": 0.1569764029421014,
        "9": 0.15888753022434515,
        "10": 0.15775435516278563,
        "11": 0.034035524190252735,
        "12": 0.03395905331387693,
        "13": 0.01941198747763703,
        "14": 0.014201097336079271,
        "15": 0.029715753988009068,
        "16": 0.013033336909333313,
        "17": 0.03149998393665172,
        "18": -0.002079630405709826,
        "19": 0.014011598464692774
    },
    "fukui_nucleophilicity": {
        "1": 0.078294915593412,
        "2": 0.03077869186655459,
        "3": 0.13559566139292806,
        "4": -0.030302274884609418,
        "5": 0.005498937271174335,
        "6": -0.020261385992165842,
        "7": -0.01444216229671176,
        "8": 0.07828191040503728,
        "9": 0.09897735476095743,
        "10": 0.08498496757228827,
        "11": 0.08124276265142279,
        "12": 0.08208470829294748,
        "13": 0.07845163951331259,
        "14": 0.057270134881156474,
        "15": 0.05160439585613353,
        "16": 0.045845334990730235,
        "17": 0.05583527799363584,
        "18": 0.042234675147250704,
        "19": 0.058024455549093794
    },
    "boltzmann_weights": [
        0.35649651179636044,
        0.3564965082792084,
        0.1777547101594761,
        0.010041289041546629,
        0.010041271589255517,
        0.01004127112528515,
        0.00533538556308689,
        0.005335385744530354,
        0.06845766670125059
    ],
    "best_conformer_elements": [
        6,
        6,
        8,
        6,
        6,
        6,
        6,
        1,
        1,
        1,
        1,
        1,
        1,
        1,
        1,
        1,
        1,
        1,
        1
    ],
    "best_conformer_coordinates": [
        [
            3.149491338686269,
            0.21442693936686505,
            0.39731385833415445
        ],
        [
            2.350082586039075,
            -0.5965025185273366,
            1.0730147159102514
        ],
        [
            1.0003130359894545,
            -0.6356700159846773,
            1.0903783778922072
        ],
        [
            0.30758196687970585,
            0.30044943370863203,
            0.28844712176114345
        ],
        [
            -1.1952602015728506,
            0.06510635593129803,
            0.4511597341153592
        ],
        [
            -1.5807523431815824,
            -1.2999910474648915,
            -0.11173817950967956
        ],
        [
            -1.9783852210091246,
            1.1801130716863544,
            -0.23539208025870648
        ],
        [
            2.7931799017287355,
            0.9872943553799697,
            -0.259018482085311
        ],
        [
            4.2143618555295,
            0.11733349151215844,
            0.49164459695788026
        ],
        [
            2.7405763438976525,
            -1.3651848346755593,
            1.727472766484203
        ],
        [
            0.5973503031311416,
            0.17800895196109484,
            -0.764564114498086
        ],
        [
            0.5680338175789642,
            1.3207933333657575,
            0.6032364238995396
        ],
        [
            -1.4152355393685925,
            0.07705020026049153,
            1.523472611490645
        ],
        [
            -1.4027851845235222,
            -1.331399055694956,
            -1.1849016350174173
        ],
        [
            -0.9882089967755171,
            -2.077943652675228,
            0.3617983951256221
        ],
        [
            -2.6332430975849705,
            -1.503068412460992,
            0.07027050351425428
        ],
        [
            -1.7575333854224202,
            1.1980129098205448,
            -1.300701639258546
        ],
        [
            -3.046239990376934,
            1.0210212527942748,
            -0.10929537685536711
        ],
        [
            -1.723327189645028,
            2.1501492416962007,
            0.18526306241944573
        ]
    ],
    "best_conformer_energy": -23.00464946481241,
    "fukui_radical": {
        "1": 0.10090497003049982,
        "2": 0.09547313871053541,
        "3": 0.12201298623214149,
        "4": -0.029625615524937168,
        "5": 0.004048784635617413,
        "6": -0.014096603961782334,
        "7": -0.01683979169155924,
        "8": 0.11762918060360003,
        "9": 0.12893246188168814,
        "10": 0.12136970212282716,
        "11": 0.0576391173132386,
        "12": 0.05802181386922125,
        "13": 0.0489317334039024,
        "14": 0.036018005666773385,
        "15": 0.020077510460077785,
        "16": 0.04366763130573292,
        "17": 0.03573560346069911,
        "18": 0.04066007763593832,
        "19": 0.02943929412805524
    }
}