{
    "smiles": "C=COCCCC",
    "best_conformer_coordinates": [
        [
            2.804120301081633,
            0.5634404657254848,
            0.19688558394753958
        ],
        [
            2.6584375794312267,
            -0.7373174655706405,
            0.3956655981207745
        ],
        [
            1.6361057457812223,
            -1.5550024413106591,
            0.05602310110878478
        ],
        [
            0.5054809035017257,
            -1.0000952302661452,
            -0.5867069820527345
        ],
        [
            -0.4502116935554665,
            -0.31315752957907506,
            0.39044095373787496
        ],
        [
            -1.6794955125158197,
            0.24298915759973272,
            -0.3222846502090539
        ],
        [
            -2.6344007357799093,
            0.9207512248055681,
            0.6526840549270293
        ],
        [
            3.703128585389049,
            1.0539979264548984,
            0.5185554210685172
        ],
        [
            2.0674965773334995,
            1.1819442786890155,
            -0.2829316808852787
        ],
        [
            3.4281265196608475,
            -1.321505988079218,
            0.8840844041715502
        ],
        [
            0.004270011622766947,
            -1.8506759017647272,
            -1.058365525041364
        ],
        [
            0.8190028271065851,
            -0.3027809112369561,
            -1.3735484671994793
        ],
        [
            0.07537568974935138,
            0.4942913680625288,
            0.9037559183230055
        ],
        [
            -0.7565196016887182,
            -1.0403073353243413,
            1.1452738773443762
        ],
        [
            -2.1984833676341378,
            -0.5699806363473938,
            -0.8349780352970797
        ],
        [
            -1.3632524037584444,
            0.9628911913664808,
            -1.0809581591648938
        ],
        [
            -3.5032708475112186,
            1.310765900910579,
            0.12800640254989168
        ],
        [
            -2.1399102615925942,
            1.7463508921100743,
            1.159657524459799
        ],
        [
            -2.9760003113298676,
            0.21340103375477631,
            1.4048739322384398
        ]
    ],
    "best_conformer_elements": [
        6,
        6,
        8,
        6,
        6,
        6,
        6,
        1,
        1,
        1,
        1,
        1,
        1,
        1,
        1,
        1,
        1,
        1,
        1
    ],
    "best_conformer_energy": -23.002306973049475,
    "ip": 13.374208369127754,
    "ip_corrected": 8.528208369127753,
    "ea": 0.9694814734677293,
    "homo": -0.37647960875736386,
    "lumo": -0.18595113682855519,
    "charges": {
        "1": -0.1420822325678278,
        "2": 0.10287658245105288,
        "3": -0.2670870988598387,
        "4": 0.07530939876646542,
        "5": -0.06869639626027411,
        "6": -0.05502797901023325,
        "7": -0.10378099266211946,
        "8": 0.035496514133834395,
        "9": 0.038829027151006903,
        "10": 0.04490065672507003,
        "11": 0.046014811932275995,
        "12": 0.03153521828682216,
        "13": 0.04412962457210972,
        "14": 0.04390680231872989,
        "15": 0.03145034029356699,
        "16": 0.03034014410146067,
        "17": 0.03716077175529401,
        "18": 0.037161564289183026,
        "19": 0.037563242583444775
    },
    "dipole": [
        -0.36822749750610684,
        0.33052852343483397,
        -0.1262070085058328
    ],
    "global_electrophilicity": 0.21804408284954294,
    "global_nucleophilicity": -8.528208369127753,
    "fukui_electrophilicity": {
        "1": 0.12314429066675228,
        "2": 0.16053872203177624,
        "3": 0.10511225016446696,
        "4": -0.03196628182037592,
        "5": -0.005274794573406197,
        "6": -0.005029427804593936,
        "7": -0.009804408445087218,
        "8": 0.1574753259859803,
        "9": 0.15656246576171726,
        "10": 0.1565336262910219,
        "11": 0.06607903595320175,
        "12": 0.02818804570606912,
        "13": -0.007201470058055992,
        "14": 0.027597785474569803,
        "15": 0.021437819690811346,
        "16": 0.010379068651466778,
        "17": 0.024763790464522418,
        "18": 0.007090878747177003,
        "19": 0.014373277112019162
    },
    "fukui_nucleophilicity": {
        "1": 0.07719802326668962,
        "2": 0.0325751240299324,
        "3": 0.14059530952161203,
        "4": -0.02103920763847327,
        "5": 0.001082312581955222,
        "6": -0.006650656056113785,
        "7": -0.014341363545089303,
        "8": 0.09633130334552059,
        "9": 0.07448955991564779,
        "10": 0.08460494712077336,
        "11": 0.06883191937367067,
        "12": 0.049949418878432676,
        "13": 0.04540944189724882,
        "14": 0.04993164987481239,
        "15": 0.07387304010508094,
        "16": 0.06420372876605789,
        "17": 0.06187514330481062,
        "18": 0.054782566293615824,
        "19": 0.06629773896379255
    },
    "fukui_radical": {
        "1": 0.10017115696672095,
        "2": 0.09655692303085432,
        "3": 0.1228537798430395,
        "4": -0.026502744729424595,
        "5": -0.0020962409957254874,
        "6": -0.005840041930353861,
        "7": -0.01207288599508826,
        "8": 0.12690331466575044,
        "9": 0.11552601283868252,
        "10": 0.12056928670589763,
        "11": 0.06745547766343621,
        "12": 0.0390687322922509,
        "13": 0.019103985919596413,
        "14": 0.0387647176746911,
        "15": 0.04765542989794615,
        "16": 0.03729139870876233,
        "17": 0.04331946688466652,
        "18": 0.030936722520396413,
        "19": 0.04033550803790586
    }
}