{
    "smiles": "C=COC(C)=S",
    "ip": 13.189559191774201,
    "ip_corrected": 8.343559191774201,
    "ea": 4.948419359250563,
    "homo": -0.3586479001568748,
    "lumo": -0.291034356478865,
    "charges": {
        "1": -0.10777829835274366,
        "2": 0.09643606249383019,
        "3": -0.18453886967495775,
        "4": 0.21402817091669976,
        "5": -0.1250666160154445,
        "6": -0.28951975631797167,
        "7": 0.06392194110868715,
        "8": 0.0761701654161769,
        "9": 0.04324184404910147,
        "10": 0.06663274595333525,
        "11": 0.06663295763483218,
        "12": 0.07983965278845187
    },
    "dipole": [
        0.30818274421277375,
        1.964505424542159,
        0.34905975924966837
    ],
    "global_electrophilicity": 1.0819885831030425,
    "global_nucleophilicity": -8.343559191774201,
    "fukui_electrophilicity": {
        "1": 0.0645180088187868,
        "2": 0.02478425783878216,
        "3": 0.06837314907017955,
        "4": 0.06341291457541762,
        "5": -0.04493301712055943,
        "6": 0.39605686374785254,
        "7": 0.08620855447477804,
        "8": 0.07447541707577986,
        "9": 0.06533872320073908,
        "10": 0.07276331959236855,
        "11": 0.07275624516095404,
        "12": 0.05624556356493299
    },
    "fukui_nucleophilicity": {
        "1": 0.04736851790590589,
        "2": 0.011295755890854728,
        "3": 0.0694462746355829,
        "4": -0.03337365877425241,
        "5": -0.024785883089683824,
        "6": 0.5813864044267669,
        "7": 0.0700340249876858,
        "8": 0.054916529668971106,
        "9": 0.04982956294710022,
        "10": 0.06739759562827273,
        "11": 0.06739474758678901,
        "12": 0.03909012818600259
    },
    "boltzmann_weights": [
        0.00047559039718791886,
        0.00047559037412281223,
        0.9990488192286894
    ],
    "best_conformer_elements": [
        6,
        6,
        8,
        6,
        6,
        16,
        1,
        1,
        1,
        1,
        1,
        1
    ],
    "best_conformer_coordinates": [
        [
            2.4103776052022523,
            0.09153737193024972,
            -0.020293173261165053
        ],
        [
            1.1001135459606644,
            0.20697514237470327,
            -0.17178470420826722
        ],
        [
            0.31676633743147375,
            -0.9087641039565115,
            -0.21227452438052297
        ],
        [
            -1.0062361553612447,
            -0.8869853974061708,
            -0.36173614624487993
        ],
        [
            -1.7485032883508245,
            0.403091377877676,
            -0.5005392907781643
        ],
        [
            -1.7700626436414453,
            -2.3266852240567655,
            -0.38578844174596727
        ],
        [
            2.8748144737268624,
            -0.8734904335317746,
            0.07238264611675452
        ],
        [
            3.038753844157038,
            0.9607143719085393,
            0.013328438726128239
        ],
        [
            0.6083664841210921,
            1.165218969119988,
            -0.2672245741211173
        ],
        [
            -1.608130120562404,
            1.0303307251188736,
            0.381288315970676
        ],
        [
            -2.8061610387533045,
            0.18334201120395469,
            -0.6100280242224208
        ],
        [
            -1.4100990333466343,
            0.9547152000007968,
            -1.3791480769151536
        ]
    ],
    "best_conformer_energy": -18.887763922829116,
    "fukui_radical": {
        "1": 0.05594356650295268,
        "2": 0.0180396330322833,
        "3": 0.06890968240828932,
        "4": 0.01501969374672052,
        "5": -0.0348592566929298,
        "6": 0.4887213526669017,
        "7": 0.06469587066278652,
        "8": 0.07812148917201389,
        "9": 0.05758464235832362,
        "10": 0.07008023366900328,
        "11": 0.04766781342178241,
        "12": 0.07007527905186647
    }
}