{
    "smiles": "C=COC(C)C",
    "best_conformer_coordinates": [
        [
            2.2912538459765694,
            0.003858405647525648,
            -0.7014365005107138
        ],
        [
            1.7437441146871866,
            -0.6680643079434218,
            0.2999212659783549
        ],
        [
            0.44771047984754603,
            -0.7955712296514545,
            0.653625115193801
        ],
        [
            -0.5521565065821654,
            -0.1313113069725735,
            -0.11082628287157396
        ],
        [
            -0.6449744714176503,
            1.3441833815834152,
            0.27814031786234356
        ],
        [
            -1.8646945459883644,
            -0.8577222550289271,
            0.16569602514917933
        ],
        [
            3.355183305107414,
            -0.024660186927650526,
            -0.841813745955081
        ],
        [
            1.731778142629675,
            0.5886253947102318,
            -1.4089830689813099
        ],
        [
            2.3529707602089474,
            -1.2419035060158146,
            0.9874703373360768
        ],
        [
            -0.30690852515628764,
            -0.22025842859455103,
            -1.179090222159616
        ],
        [
            -0.9185221339542462,
            1.4294322721745818,
            1.3270874918655455
        ],
        [
            -1.398408059505877,
            1.841770314373227,
            -0.3264087965819191
        ],
        [
            0.31080703569068047,
            1.840417130570958,
            0.13041359939951452
        ],
        [
            -2.1005520300603426,
            -0.7989471410863115,
            1.224912922348463
        ],
        [
            -2.6699873548114876,
            -0.4048140660502797,
            -0.4055481203300967
        ],
        [
            -1.777244056671954,
            -1.9050344813725697,
            -0.11102708550075602
        ]
    ],
    "best_conformer_elements": [
        6,
        6,
        8,
        6,
        6,
        6,
        1,
        1,
        1,
        1,
        1,
        1,
        1,
        1,
        1,
        1
    ],
    "best_conformer_energy": -19.841307337222585,
    "ip": 13.573013956879652,
    "ip_corrected": 8.727013956879652,
    "ea": 0.9096640203576813,
    "homo": -0.37458110104620107,
    "lumo": -0.18381264325283617,
    "charges": {
        "1": -0.14399484934893875,
        "2": 0.10345331317466891,
        "3": -0.2707034618930176,
        "4": 0.1186551851557192,
        "5": -0.11612797864439724,
        "6": -0.11538393443817305,
        "7": 0.03432757450003274,
        "8": 0.035383929201840705,
        "9": 0.04375612744465527,
        "10": 0.025431121385135907,
        "11": 0.048844860427586456,
        "12": 0.04044886458355356,
        "13": 0.04687301319871412,
        "14": 0.054569835147388855,
        "15": 0.04402755855760324,
        "16": 0.0504388415476401
    },
    "dipole": [
        -0.309684108091094,
        0.25860335530340633,
        -0.24471290628967948
    ],
    "global_electrophilicity": 0.22654545989639455,
    "global_nucleophilicity": -8.727013956879652,
    "fukui_electrophilicity": {
        "1": 0.1229329027666799,
        "2": 0.1609158935724638,
        "3": 0.10475403459953841,
        "4": -0.014984423141244776,
        "5": -0.018978478356019277,
        "6": -0.016462639989596572,
        "7": 0.15750841835595059,
        "8": 0.15622947365642725,
        "9": 0.1564573305325726,
        "10": 0.021141634927676442,
        "11": 0.03348115391408245,
        "12": 0.04737691830624236,
        "13": -0.0032940112278515843,
        "14": 0.02908628461907612,
        "15": 0.04067894189277274,
        "16": 0.02315656557122589
    },
    "fukui_nucleophilicity": {
        "1": 0.09131797145969593,
        "2": 0.03469266987055658,
        "3": 0.16300882066820171,
        "4": -0.002603810232685924,
        "5": -0.001707137160079794,
        "6": -0.018441784789267418,
        "7": 0.11204668320260608,
        "8": 0.09089100787061273,
        "9": 0.09604487158213684,
        "10": 0.07805550891703746,
        "11": 0.05318103832661043,
        "12": 0.06618928106122957,
        "13": 0.04362792639264283,
        "14": 0.06505467270948911,
        "15": 0.0605601923666798,
        "16": 0.06808208775453581
    },
    "fukui_radical": {
        "1": 0.10712543711318792,
        "2": 0.09780428172151019,
        "3": 0.13388142763387006,
        "4": -0.00879411668696535,
        "5": -0.010342807758049535,
        "6": -0.017452212389431995,
        "7": 0.13477755077927833,
        "8": 0.12356024076351999,
        "9": 0.1262511010573547,
        "10": 0.04959857192235695,
        "11": 0.04333109612034644,
        "12": 0.05678309968373597,
        "13": 0.020166957582395624,
        "14": 0.047070478664282614,
        "15": 0.05061956712972627,
        "16": 0.04561932666288085
    }
}