{
    "smiles": "C=COCCO",
    "best_conformer_coordinates": [
        [
            1.7951036573516768,
            0.6493992191953452,
            1.4655055172662834
        ],
        [
            1.6911487567003878,
            0.442253532061262,
            0.16317203089689775
        ],
        [
            0.6184721832281158,
            0.007824888031672531,
            -0.5403399780699775
        ],
        [
            -0.5688727012543581,
            -0.27291632817047407,
            0.17818294968054327
        ],
        [
            -1.6097960456774658,
            -0.742875268901022,
            -0.8386505182227693
        ],
        [
            -1.9605744736760782,
            0.2743006520183644,
            -1.7372920894341293
        ],
        [
            0.9895806674973502,
            0.48703257048172544,
            2.158218528466841
        ],
        [
            2.7222518277361822,
            0.9982222566406073,
            1.8786570749314013
        ],
        [
            2.5175174828618836,
            0.6134693131902974,
            -0.5138533970045424
        ],
        [
            -0.3887670687651535,
            -1.0568572293100817,
            0.9244693040866162
        ],
        [
            -0.9237358163729662,
            0.6335892807496754,
            0.6854589141143461
        ],
        [
            -1.2105322484567833,
            -1.6151752412275928,
            -1.3757012398266903
        ],
        [
            -2.527238438907397,
            -1.0311325354038925,
            -0.3218669266418811
        ],
        [
            -1.1445577822654376,
            0.612864890644137,
            -2.125960164951245
        ]
    ],
    "best_conformer_elements": [
        6,
        6,
        8,
        6,
        6,
        8,
        1,
        1,
        1,
        1,
        1,
        1,
        1,
        1
    ],
    "best_conformer_energy": -20.731380553186447,
    "ip": 13.810451175919933,
    "ip_corrected": 8.964451175919933,
    "ea": 1.1761190413446763,
    "homo": -0.38879832432012906,
    "lumo": -0.19558550664718305,
    "charges": {
        "1": -0.13988716169855503,
        "2": 0.09962465539100399,
        "3": -0.27196534965015107,
        "4": 0.06695555738724156,
        "5": 0.07486582326214056,
        "6": -0.4331713820218459,
        "7": 0.04039446931593098,
        "8": 0.041328440432125996,
        "9": 0.04793479640730845,
        "10": 0.03472863965681507,
        "11": 0.0456417716882668,
        "12": 0.036605117283251214,
        "13": 0.05422160398869996,
        "14": 0.3027230185577669
    },
    "dipole": [
        0.45679763107958643,
        -0.20571612304889592,
        0.4330296186022067
    ],
    "global_electrophilicity": 0.2773442383712494,
    "global_nucleophilicity": -8.964451175919933,
    "fukui_electrophilicity": {
        "1": 0.12538356843058507,
        "2": 0.15993460614820973,
        "3": 0.10638872189505633,
        "4": -0.029132580272347483,
        "5": -0.007953472233532127,
        "6": 0.022670420897887622,
        "7": 0.15803921801719406,
        "8": 0.16057360719534075,
        "9": 0.1587994896119771,
        "10": 0.037021935794206894,
        "11": 0.03649506739314231,
        "12": 0.028154284060894673,
        "13": 0.04173416097934706,
        "14": 0.0018909720820406428
    },
    "fukui_nucleophilicity": {
        "1": 0.08060971597505276,
        "2": 0.03610231002388051,
        "3": 0.13023035170655478,
        "4": -0.025278311295103238,
        "5": -0.019033631416742525,
        "6": 0.13255190897854374,
        "7": 0.08284212523093828,
        "8": 0.10319465241349435,
        "9": 0.08903748292904638,
        "10": 0.08010092467534549,
        "11": 0.08285887783238349,
        "12": 0.10632978706348833,
        "13": 0.0756029485032452,
        "14": 0.04485085737987765
    },
    "fukui_radical": {
        "1": 0.10299664220281891,
        "2": 0.09801845808604512,
        "3": 0.11830953680080555,
        "4": -0.02720544578372536,
        "5": -0.013493551825137326,
        "6": 0.07761116493821568,
        "7": 0.12044067162406616,
        "8": 0.13188412980441755,
        "9": 0.12391848627051173,
        "10": 0.058561430234776196,
        "11": 0.0596769726127629,
        "12": 0.06724203556219151,
        "13": 0.058668554741296126,
        "14": 0.023370914730959147
    }
}