{
    "smiles": "C=COC(=O)Cc1ccccc1",
    "ip": 13.307826574425528,
    "ip_corrected": 8.461826574425528,
    "ea": 4.173923945834673,
    "homo": -0.39826577293962195,
    "lumo": -0.25121747389022203,
    "charges": {
        "1": -0.11129323555295285,
        "2": 0.10342886084760651,
        "3": -0.2426528796397841,
        "4": 0.3604255881156511,
        "5": -0.3893008256344158,
        "6": -0.09392613842293296,
        "7": 0.020040361527582984,
        "8": -0.03246018852167112,
        "9": -0.02724332302632622,
        "10": -0.02988595969722921,
        "11": -0.027242213260486196,
        "12": -0.032458669286294164,
        "13": 0.06724678264502258,
        "14": 0.06201969654914905,
        "15": 0.0625489553385592,
        "16": 0.07304554950049577,
        "17": 0.07304495799126334,
        "18": 0.0316965443950683,
        "19": 0.034006972463028626,
        "20": 0.03325229448982156,
        "21": 0.03399762762283799,
        "22": 0.03170924155599896
    },
    "dipole": [
        0.3640853839302161,
        0.7174323062358126,
        -0.2401791325199403
    ],
    "global_electrophilicity": 0.8304256082437512,
    "global_nucleophilicity": -8.461826574425528,
    "fukui_electrophilicity": {
        "1": 0.05574674463694222,
        "2": 0.030641465197657272,
        "3": 0.053796086676712984,
        "4": 0.056547966848631004,
        "5": 0.11096266870837967,
        "6": -0.01567320954220852,
        "7": 0.020946970030814555,
        "8": 0.02294347176193045,
        "9": 0.030003036152822737,
        "10": 0.02958513952554849,
        "11": 0.029985478586116478,
        "12": 0.022959846496679502,
        "13": 0.06650581656181273,
        "14": 0.07321849811206796,
        "15": 0.05056664087187025,
        "16": 0.053437200731744836,
        "17": 0.053438519205389626,
        "18": 0.043109316004701956,
        "19": 0.05548224595619762,
        "20": 0.05720139018558485,
        "21": 0.05547703186797788,
        "22": 0.043117675427548026
    },
    "fukui_nucleophilicity": {
        "1": 0.0476539166613868,
        "2": 0.026352126885319058,
        "3": 0.06143451890116891,
        "4": 0.011254880470549622,
        "5": 0.07370892024074932,
        "6": -0.003869988430349275,
        "7": 0.0479488883210864,
        "8": 0.026190591875973827,
        "9": 0.02955959596173538,
        "10": 0.053419840066101856,
        "11": 0.029582431893101106,
        "12": 0.026163495017635652,
        "13": 0.05761293453740424,
        "14": 0.06586886605415287,
        "15": 0.043956752292901274,
        "16": 0.051340860684168224,
        "17": 0.05134440987865732,
        "18": 0.053835294316426384,
        "19": 0.062164155593769616,
        "20": 0.06847742762946604,
        "21": 0.06216688171284937,
        "22": 0.053833199435624625
    },
    "boltzmann_weights": [
        0.03424817083532758,
        0.03424887223123505,
        0.20724271385009274,
        0.2072426896654208,
        0.20724271482016218,
        0.20724268171615512,
        0.02563374947680942,
        0.025633752484211146,
        0.02563091351225349,
        0.025633741408332366
    ],
    "best_conformer_elements": [
        6,
        6,
        8,
        6,
        8,
        6,
        6,
        6,
        6,
        6,
        6,
        6,
        1,
        1,
        1,
        1,
        1,
        1,
        1,
        1,
        1,
        1
    ],
    "best_conformer_coordinates": [
        [
            4.7488439872765715,
            -0.24175632679627496,
            1.0923519916031137
        ],
        [
            3.470448073555248,
            0.059702610730968976,
            1.2155193030217952
        ],
        [
            2.5515990641184674,
            -0.34113651392203354,
            0.2730032744722981
        ],
        [
            1.2559467440457788,
            -0.0040640037011927845,
            0.45049287500512547
        ],
        [
            0.8479564977362762,
            0.6275740089968332,
            1.3837859565182655
        ],
        [
            0.42897321401339,
            -0.5450938005024105,
            -0.6987741319052758
        ],
        [
            -1.0221223230316243,
            -0.1913473967520271,
            -0.5396303174273067
        ],
        [
            -1.8781895754566904,
            -1.0307747131427563,
            0.16003048198881242
        ],
        [
            -3.2075847318504533,
            -0.6901722192731758,
            0.33510701638171025
        ],
        [
            -3.6947542496654164,
            0.4960682147668295,
            -0.18587121680750385
        ],
        [
            -2.846101723133356,
            1.340264539394099,
            -0.8809007738973992
        ],
        [
            -1.5168771927191724,
            0.9986929109422561,
            -1.0553983961853792
        ],
        [
            5.113379179112935,
            -0.8086166762846628,
            0.25428755083241716
        ],
        [
            5.458716883260201,
            0.07493360555193877,
            1.8322229851563885
        ],
        [
            3.052764596595712,
            0.6266996568190152,
            2.0380065734721744
        ],
        [
            0.5721830247974046,
            -1.6277208803205878,
            -0.7262839520382253
        ],
        [
            0.8387723205148193,
            -0.13083352974368054,
            -1.622787384336802
        ],
        [
            -1.5009565174232964,
            -1.9558656859652617,
            0.5722018664657084
        ],
        [
            -3.8641754747759838,
            -1.3513290516903294,
            0.8814357258591792
        ],
        [
            -4.732200460234293,
            0.7629499582361627,
            -0.048620589772275735
        ],
        [
            -3.219789042873058,
            2.2689284357292774,
            -1.2866626499429916
        ],
        [
            -0.8568322832797629,
            1.66289686221872,
            -1.595002668711443
        ]
    ],
    "best_conformer_energy": -34.610228173959186,
    "fukui_radical": {
        "1": 0.051700460852070806,
        "2": 0.028496896622795434,
        "3": 0.05761547103396836,
        "4": 0.033901450021384866,
        "5": 0.09233553734884511,
        "6": -0.009771317307542264,
        "7": 0.0344475649150867,
        "8": 0.024567059891895837,
        "9": 0.029781337759211875,
        "10": 0.04150215014991719,
        "11": 0.029783957216773484,
        "12": 0.024561827799508523,
        "13": 0.06205957563905822,
        "14": 0.06954418048156713,
        "15": 0.047261992976445365,
        "16": 0.052388718722081104,
        "17": 0.05239101362503694,
        "18": 0.048472238450010065,
        "19": 0.058823208883271465,
        "20": 0.06283933502316716,
        "21": 0.058821974672801675,
        "22": 0.048475365225076394
    }
}