{
    "smiles": "C=COCCCl",
    "best_conformer_coordinates": [
        [
            -2.23953940319206,
            0.36250451759269714,
            -0.16438497703852473
        ],
        [
            -1.5407495416856614,
            -0.7529613939828264,
            -0.2943427888433729
        ],
        [
            -0.1935530825138656,
            -0.9139458697653697,
            -0.3003224074097907
        ],
        [
            0.598435091870231,
            0.24459040543664842,
            -0.14978891586770224
        ],
        [
            2.051626115855876,
            -0.20367332048945655,
            -0.18999714065719184
        ],
        [
            3.120102707342948,
            1.2024205842267086,
            -0.006198546630152689
        ],
        [
            -3.3120511213449912,
            0.32560362954912353,
            -0.1799151051510531
        ],
        [
            -1.7936802248001797,
            1.332517378689079,
            -0.04057380085344691
        ],
        [
            -2.0137056064088803,
            -1.717680939169758,
            -0.41778100673670665
        ],
        [
            0.379509216558795,
            0.7368689180617689,
            0.8074128972387784
        ],
        [
            0.39766149330871353,
            0.9545624573368893,
            -0.9635036243359214
        ],
        [
            2.282042456994863,
            -0.6766257817357995,
            -1.144134473632019
        ],
        [
            2.263901903305926,
            -0.8941805910414609,
            0.6256574847796377
        ]
    ],
    "best_conformer_elements": [
        6,
        6,
        8,
        6,
        6,
        17,
        1,
        1,
        1,
        1,
        1,
        1,
        1
    ],
    "best_conformer_energy": -20.712327330099473,
    "ip": 13.685864552297627,
    "ip_corrected": 8.839864552297627,
    "ea": 2.4727049640778773,
    "homo": -0.39232500667882675,
    "lumo": -0.19869271395788163,
    "charges": {
        "1": -0.13946363450284335,
        "2": 0.10027374086593098,
        "3": -0.26798152614046394,
        "4": 0.07980792736970424,
        "5": 0.023038788798561347,
        "6": -0.19349937966323183,
        "7": 0.04521901787874592,
        "8": 0.042682454220397126,
        "9": 0.05398764843631163,
        "10": 0.04916348147091744,
        "11": 0.04916349137838457,
        "12": 0.0788039973976044,
        "13": 0.07880399248997687
    },
    "dipole": [
        -0.46797428286495046,
        -0.24483692574360907,
        -0.03489388045274823
    ],
    "global_electrophilicity": 0.4661545323278937,
    "global_nucleophilicity": -8.839864552297627,
    "fukui_electrophilicity": {
        "1": 0.05942552028487183,
        "2": 0.06579527467536778,
        "3": 0.07905485209578644,
        "4": -0.03903812786799772,
        "5": 0.01479906267408447,
        "6": 0.26769851601383254,
        "7": 0.09319720172982784,
        "8": 0.07635177865845286,
        "9": 0.0932738768823978,
        "10": 0.051902646905706014,
        "11": 0.05190263585911981,
        "12": 0.09281837675522776,
        "13": 0.0928183853333342
    },
    "fukui_nucleophilicity": {
        "1": 0.07420985365864269,
        "2": 0.03271141096654291,
        "3": 0.13480977969389946,
        "4": -0.03650475747621477,
        "5": -0.03438234846707218,
        "6": 0.2692238581892673,
        "7": 0.09518096329123002,
        "8": 0.07475889253931252,
        "9": 0.08382321825451014,
        "10": 0.07604773301176253,
        "11": 0.07604770475848571,
        "12": 0.07703683712795882,
        "13": 0.07703685445169688
    },
    "fukui_radical": {
        "1": 0.06681768697175726,
        "2": 0.049253342820955344,
        "3": 0.10693231589484295,
        "4": -0.03777144267210625,
        "5": -0.009791642896493855,
        "6": 0.2684611871015499,
        "7": 0.09418908251052893,
        "8": 0.0755553355988827,
        "9": 0.08854854756845396,
        "10": 0.06397518995873427,
        "11": 0.06397517030880276,
        "12": 0.08492760694159329,
        "13": 0.08492761989251554
    }
}