{
    "smiles": "C=CP(=O)(Cl)Cl",
    "best_conformer_coordinates": [
        [
            -1.5198087656944663,
            -0.12929808416479918,
            0.3162563311786778
        ],
        [
            -0.5108285949745324,
            -0.0805390841442916,
            -0.5320781179294871
        ],
        [
            1.1486723783475428,
            0.12088300792353826,
            0.15971653794269702
        ],
        [
            1.2470475182554592,
            0.21471022327834544,
            1.6106647805018872
        ],
        [
            1.9044267088938898,
            1.7304453561791486,
            -0.7535727281145438
        ],
        [
            2.209340864247192,
            -1.4076869942046688,
            -0.5713157881838473
        ],
        [
            -1.3342597532794684,
            -0.04971920995631117,
            1.3759424171991743
        ],
        [
            -2.542921776427919,
            -0.24722209660062058,
            -0.002539363143257071
        ],
        [
            -0.601668579367689,
            -0.15157311831034662,
            -1.6030740694512862
        ]
    ],
    "best_conformer_elements": [
        6,
        6,
        15,
        8,
        17,
        17,
        1,
        1,
        1
    ],
    "best_conformer_energy": -21.575427217723057,
    "ip": 14.851291717911066,
    "ip_corrected": 10.005291717911065,
    "ea": 4.509138582003053,
    "homo": -0.45046450224945156,
    "lumo": -0.28290127743773646,
    "charges": {
        "1": -0.055532712649320734,
        "2": -0.03497834780102543,
        "3": 0.2921400125193192,
        "4": -0.34858235682764593,
        "5": -0.055156489265320595,
        "6": -0.055156366638085964,
        "7": 0.09405341859828785,
        "8": 0.07866012188314861,
        "9": 0.08455272018064997
    },
    "dipole": [
        -1.1071614969571137,
        -0.15612372307996852,
        -0.83591891955893
    ],
    "global_electrophilicity": 1.129824506027417,
    "global_nucleophilicity": -10.005291717911065,
    "fukui_electrophilicity": {
        "1": 0.10251422906991643,
        "2": 0.035942224246238094,
        "3": 0.28462977120148625,
        "4": 0.02285284169268198,
        "5": 0.10540444035345467,
        "6": 0.10540313135100979,
        "7": 0.1143140274084182,
        "8": 0.12332861702863424,
        "9": 0.1056107176481782
    },
    "fukui_nucleophilicity": {
        "1": 0.015956478882467123,
        "2": 0.01434396796391628,
        "3": 0.1978230882008034,
        "4": 0.08334112084525469,
        "5": 0.1891855742688381,
        "6": 0.18918556219193977,
        "7": 0.09040205515067713,
        "8": 0.12366081926973185,
        "9": 0.09610133322638151
    },
    "fukui_radical": {
        "1": 0.05923535397619178,
        "2": 0.025143096105077187,
        "3": 0.24122642970114483,
        "4": 0.053096981268968335,
        "5": 0.1472950073111464,
        "6": 0.1472943467714748,
        "7": 0.10235804127954767,
        "8": 0.12349471814918304,
        "9": 0.10085602543727985
    }
}