{
    "smiles": "C=CSCc1ccccc1",
    "ip": 12.56862024305266,
    "ip_corrected": 7.72262024305266,
    "ea": 3.9203700445048875,
    "homo": -0.3570920593922515,
    "lumo": -0.2350116208946339,
    "charges": {
        "1": -0.10237796957454315,
        "2": 0.010167884893900567,
        "3": -0.1568143552960713,
        "4": -0.008036237368814363,
        "5": 0.01206652783183132,
        "6": -0.033039005041738935,
        "7": -0.027941971041683618,
        "8": -0.029592008142629404,
        "9": -0.027944016785681404,
        "10": -0.03304354204202105,
        "11": 0.04340110250829212,
        "12": 0.04903376386351824,
        "13": 0.03828684062570309,
        "14": 0.04737208836962381,
        "15": 0.04736794258640621,
        "16": 0.03475476512601958,
        "17": 0.034091730311127375,
        "18": 0.0334037759399389,
        "19": 0.034093118676416304,
        "20": 0.03474956456040282
    },
    "dipole": [
        -0.11456275510705785,
        -0.17865667248195874,
        0.7693490594491754
    ],
    "global_electrophilicity": 0.667751798174581,
    "global_nucleophilicity": -7.72262024305266,
    "fukui_electrophilicity": {
        "1": 0.03628136395985376,
        "2": 0.002867245465220658,
        "3": 0.19326399840519226,
        "4": -0.023097218794886153,
        "5": 0.056766720918276815,
        "6": 0.023289007607044686,
        "7": 0.02606032243856555,
        "8": 0.05657797494918993,
        "9": 0.026073746334683415,
        "10": 0.023271575029205058,
        "11": 0.06086468387599358,
        "12": 0.046500429799037325,
        "13": 0.05132428553183518,
        "14": 0.05161786206416385,
        "15": 0.05161974605516185,
        "16": 0.05681413772596376,
        "17": 0.06498154490629732,
        "18": 0.07313173275609157,
        "19": 0.0649846617393286,
        "20": 0.0568061792338368
    },
    "fukui_nucleophilicity": {
        "1": 0.05312671570220378,
        "2": -0.023040753501068226,
        "3": 0.3854614252873225,
        "4": -0.04882498692551631,
        "5": 0.010661902274039431,
        "6": 0.01258943269616273,
        "7": 0.022222112584015206,
        "8": 0.02883047999297115,
        "9": 0.022216539562388928,
        "10": 0.012592101444322004,
        "11": 0.07806847801261027,
        "12": 0.060680926167972146,
        "13": 0.06232761354019373,
        "14": 0.05868434434258185,
        "15": 0.05868750284370515,
        "16": 0.030949629435244652,
        "17": 0.046991958652844,
        "18": 0.04983945334308869,
        "19": 0.04699093843265005,
        "20": 0.03094418611223193
    },
    "boltzmann_weights": [
        0.008792046405424796,
        0.008792045618335378,
        0.24560014847745532,
        0.245607806556951,
        0.24560030917215483,
        0.2456076437696787
    ],
    "best_conformer_elements": [
        6,
        6,
        16,
        6,
        6,
        6,
        6,
        6,
        6,
        6,
        1,
        1,
        1,
        1,
        1,
        1,
        1,
        1,
        1,
        1
    ],
    "best_conformer_coordinates": [
        [
            4.340429862533607,
            0.913821590617988,
            -0.9714157956584666
        ],
        [
            3.289645116238147,
            0.4819732401999761,
            -0.2937352073283437
        ],
        [
            1.6418201487069168,
            0.5543968108705799,
            -0.898331190488391
        ],
        [
            0.7630823204049294,
            -0.1994574100357123,
            0.5418507719316473
        ],
        [
            -0.7020995302148315,
            -0.2499644105624658,
            0.2598575197238914
        ],
        [
            -1.5220743621063857,
            0.8188076660133883,
            0.6006928686563038
        ],
        [
            -2.876131449337585,
            0.7798378344311616,
            0.32198760089378103
        ],
        [
            -3.42480026894236,
            -0.32604611546079126,
            -0.3047885674985154
        ],
        [
            -2.6130787880817796,
            -1.3918487817353509,
            -0.6541163889153878
        ],
        [
            -1.2589964651169585,
            -1.3531143416725888,
            -0.3755196191801624
        ],
        [
            4.242133308257156,
            1.3431231209943237,
            -1.9527107940274047
        ],
        [
            5.332269275191997,
            0.8487493589943217,
            -0.5597263445942442
        ],
        [
            3.3733536036544676,
            0.04910120092778399,
            0.6915741692770069
        ],
        [
            1.1771767597833143,
            -1.1987612857514862,
            0.6785695114696922
        ],
        [
            0.9806689292906213,
            0.42509001178884936,
            1.4086631882537088
        ],
        [
            -1.0950074346293635,
            1.6848473520499694,
            1.0857395830747003
        ],
        [
            -3.504412611964858,
            1.6153115478203826,
            0.5936495093608295
        ],
        [
            -4.48214287566536,
            -0.356324249901825,
            -0.5223824229841589
        ],
        [
            -3.035492821761585,
            -2.2555635894252157,
            -1.1461750669498063
        ],
        [
            -0.6263427215318371,
            -2.1839795501632646,
            -0.653166521056147
        ]
    ],
    "best_conformer_energy": -27.55941685044775,
    "fukui_radical": {
        "1": 0.04470292524791251,
        "2": -0.010084148570602997,
        "3": 0.28936036250647207,
        "4": -0.03596083525499011,
        "5": 0.03371435710960552,
        "6": 0.01793815750373206,
        "7": 0.02414085857462174,
        "8": 0.042704282809659634,
        "9": 0.024144605865755626,
        "10": 0.017931863348414068,
        "11": 0.05359440828914702,
        "12": 0.06946864741484157,
        "13": 0.056827102112020626,
        "14": 0.05515022622201103,
        "15": 0.055152907514996505,
        "16": 0.04388060238133554,
        "17": 0.055986049300560475,
        "18": 0.06148510927754108,
        "19": 0.05598720401731387,
        "20": 0.04387531432966595
    }
}