{
    "smiles": "C=CSCC(C)C",
    "ip": 12.703825472620919,
    "ip_corrected": 7.8578254726209185,
    "ea": 2.618246682603389,
    "homo": -0.3530447451934043,
    "lumo": -0.2107997705384196,
    "charges": {
        "1": -0.10338966325946619,
        "2": 0.009992489028623763,
        "3": -0.1622413964858115,
        "4": -0.005823165310112927,
        "5": -0.0064105627910979734,
        "6": -0.10865221216457557,
        "7": -0.108652211241487,
        "8": 0.04725760124873339,
        "9": 0.04047528064416211,
        "10": 0.03425050977302577,
        "11": 0.039793542297858385,
        "12": 0.03979354978618092,
        "13": 0.031105525177110144,
        "14": 0.05153319850530945,
        "15": 0.035847776551552454,
        "16": 0.03886938408296592,
        "17": 0.03584777432268096,
        "18": 0.038869380902260414,
        "19": 0.05153319893209787
    },
    "dipole": [
        -0.19881950685220962,
        -0.31846650212591415,
        -0.738956018694523
    ],
    "global_electrophilicity": 0.3928593630194746,
    "global_nucleophilicity": -7.8578254726209185,
    "fukui_electrophilicity": {
        "1": 0.05638074993784664,
        "2": 0.010978283366142344,
        "3": 0.4134714892774547,
        "4": -0.02364063123060152,
        "5": -0.010992567054389356,
        "6": -0.01943883571383409,
        "7": -0.019438863484040364,
        "8": 0.08056629345626054,
        "9": 0.10189482130105564,
        "10": 0.10714599510254681,
        "11": 0.06962816066983547,
        "12": 0.0696281927730314,
        "13": 0.0501958268382968,
        "14": -0.002613909195322138,
        "15": 0.020268026283020345,
        "16": 0.03915640886578131,
        "17": 0.020268032984796194,
        "18": 0.039156401924821956,
        "19": -0.0026138761027066915
    },
    "fukui_nucleophilicity": {
        "1": 0.06322861639902654,
        "2": -0.032526877204953106,
        "3": 0.48989158466466887,
        "4": -0.06157755554351772,
        "5": -0.007616382768454853,
        "6": -0.018454098235882815,
        "7": -0.018454110385960343,
        "8": 0.07089313109288438,
        "9": 0.09071085158952255,
        "10": 0.07376346019707368,
        "11": 0.07229106337998806,
        "12": 0.07229105915381494,
        "13": 0.05453228180115985,
        "14": 0.00963277207889613,
        "15": 0.023664742195782705,
        "16": 0.042216007147297105,
        "17": 0.02366473205715225,
        "18": 0.04221599573732625,
        "19": 0.009632726870064313
    },
    "boltzmann_weights": [
        0.016748893656080052,
        0.023220529253471404,
        0.02322052850599878,
        0.023220562643897682,
        0.023220528138859105,
        0.23771238090011654,
        0.23771240555556994,
        0.058976156124287776,
        0.05897590426003381,
        0.05897590201208086,
        0.07933869080549373,
        0.07933876511117603,
        0.07933875303293421
    ],
    "best_conformer_elements": [
        6,
        6,
        16,
        6,
        6,
        6,
        6,
        1,
        1,
        1,
        1,
        1,
        1,
        1,
        1,
        1,
        1,
        1,
        1
    ],
    "best_conformer_coordinates": [
        [
            3.6626219727942333,
            1.024833611192448,
            -0.47662068118698603
        ],
        [
            2.606008634500489,
            0.23148807714661043,
            -0.4064013885089525
        ],
        [
            0.9642692424571829,
            0.8118560714397539,
            -0.20401352457027183
        ],
        [
            0.08625344556445225,
            -0.8014830833717254,
            -0.1947558133664962
        ],
        [
            -1.4210862142771434,
            -0.6357049230043508,
            -0.027823756588690466
        ],
        [
            -1.753511777148944,
            0.026506902877051944,
            1.3061769556496723
        ],
        [
            -2.0157905811159456,
            0.15492512941150405,
            -1.1896412943658512
        ],
        [
            4.6526006810681695,
            0.6225774797861722,
            -0.6013519641173002
        ],
        [
            3.5704833449321973,
            2.0945440530027657,
            -0.4119005918232206
        ],
        [
            2.683604280491324,
            -0.8434446095944895,
            -0.4698618598719403
        ],
        [
            0.4998447183071376,
            -1.3844148973861226,
            0.6298010218972173
        ],
        [
            0.31365415015234394,
            -1.293252555087984,
            -1.141969050219395
        ],
        [
            -1.8507420399543715,
            -1.6461139205786988,
            -0.03466132787549326
        ],
        [
            -1.331984497160646,
            1.0283657900059855,
            1.34053692996365
        ],
        [
            -1.3456804271426583,
            -0.5488472459586028,
            2.1345108655503
        ],
        [
            -2.8306483968058562,
            0.09901899107827655,
            1.4344787665648993
        ],
        [
            -1.7947257509278143,
            -0.3289825427583528,
            -2.1385667805477446
        ],
        [
            -1.5998845226780503,
            1.1595362595591592,
            -1.2087647733722628
        ],
        [
            -3.0952862630560336,
            0.22859141224056737,
            -1.0837875811964954
        ]
    ],
    "best_conformer_energy": -22.176639454086953,
    "fukui_radical": {
        "1": 0.059795893205576676,
        "2": -0.010805138157633752,
        "3": 0.45167699686866075,
        "4": -0.04252294127149516,
        "5": -0.009326595110429735,
        "6": -0.018965093468874428,
        "7": -0.018965118942977865,
        "8": 0.09628798731506076,
        "9": 0.07573021299079669,
        "10": 0.09044940763666728,
        "11": 0.07093486587135808,
        "12": 0.07093489502506928,
        "13": 0.05241240409585165,
        "14": 0.003558501795769744,
        "15": 0.021920928883072087,
        "16": 0.0407016868731521,
        "17": 0.02192089877282926,
        "18": 0.0035585127880738768,
        "19": 0.0407016949386339
    }
}