{
    "smiles": "C=CSc1ccccc1",
    "ip": 12.776623253761462,
    "ip_corrected": 7.930623253761462,
    "ea": 3.989481035707413,
    "homo": -0.359476540266666,
    "lumo": -0.2467765447105593,
    "charges": {
        "1": -0.10157390952278089,
        "2": 0.014601061782957503,
        "3": -0.16205751937204976,
        "4": 0.05238265976715918,
        "5": -0.030859130413588953,
        "6": -0.027571293736828276,
        "7": -0.02776643415413306,
        "8": -0.027571681124537777,
        "9": -0.03086114985701926,
        "10": 0.04319847147412032,
        "11": 0.04979956931694242,
        "12": 0.03625778123500508,
        "13": 0.04726667929324631,
        "14": 0.039514633318284996,
        "15": 0.03846638090568133,
        "16": 0.03952368463116884,
        "17": 0.047250196456356565
    },
    "dipole": [
        -0.7259267742485495,
        -0.045048330723213785,
        -0.5924450810880845
    ],
    "global_electrophilicity": 0.7118775117162633,
    "global_nucleophilicity": -7.930623253761462,
    "fukui_electrophilicity": {
        "1": 0.03021963389059487,
        "2": 0.006389882065021946,
        "3": 0.20400236464220917,
        "4": 0.040921576787523034,
        "5": 0.03080077008821689,
        "6": 0.03136391505880488,
        "7": 0.06543932499490389,
        "8": 0.031374293510160835,
        "9": 0.030786261061603648,
        "10": 0.06652071298981739,
        "11": 0.05288834279856894,
        "12": 0.04207502166286638,
        "13": 0.06687598044524862,
        "14": 0.07488386260334823,
        "15": 0.08370010271816389,
        "16": 0.0748885483599262,
        "17": 0.06686940632300567
    },
    "fukui_nucleophilicity": {
        "1": 0.060876673957792365,
        "2": -0.026656354776192562,
        "3": 0.45645541525175065,
        "4": -0.03576193211599492,
        "5": 0.011859544136164843,
        "6": 0.02004333452762154,
        "7": 0.02148660705121007,
        "8": 0.020030431829475732,
        "9": 0.011862807364307115,
        "10": 0.08698177397253276,
        "11": 0.06946504655088569,
        "12": 0.0699657146736763,
        "13": 0.03119413104340392,
        "14": 0.060430608978133786,
        "15": 0.05016038607759818,
        "16": 0.06041240345819171,
        "17": 0.031193408369973606
    },
    "boltzmann_weights": [
        0.4999998978437345,
        0.5000001021562654
    ],
    "best_conformer_elements": [
        6,
        6,
        16,
        6,
        6,
        6,
        6,
        6,
        6,
        1,
        1,
        1,
        1,
        1,
        1,
        1,
        1
    ],
    "best_conformer_coordinates": [
        [
            -3.6684233535478166,
            0.6317141153077644,
            -0.050523026565762214
        ],
        [
            -2.3679630816991386,
            0.3976265610215167,
            -0.010455725216166027
        ],
        [
            -1.2848411811541367,
            1.1412082110411919,
            1.1630295370611443
        ],
        [
            0.2460833951659195,
            0.3803549833254241,
            0.6198573204612893
        ],
        [
            1.017062944536386,
            1.00734684817063,
            -0.3450232462116022
        ],
        [
            2.1883454965376217,
            0.40800600509613666,
            -0.7747730258411358
        ],
        [
            2.5852254106932686,
            -0.8058721079972447,
            -0.23858368880336883
        ],
        [
            1.8123034918569236,
            -1.4235024473178668,
            0.7307443204748066
        ],
        [
            0.6397527715094063,
            -0.8303309229127952,
            1.1655821701714408
        ],
        [
            -4.2951336720498325,
            0.15620343436184855,
            -0.7844630531730259
        ],
        [
            -4.144320070208052,
            1.3013085612125113,
            0.6441279941152985
        ],
        [
            -1.8673524050622872,
            -0.2692264353130145,
            -0.6956007695232855
        ],
        [
            0.6970855051806353,
            1.953930499989309,
            -0.7538279784114561
        ],
        [
            2.791551395292104,
            0.8912432838741229,
            -1.5289355029267462
        ],
        [
            3.499767251265355,
            -1.2707731845096208,
            -0.5757071360812971
        ],
        [
            2.122064679947264,
            -2.368812018882908,
            1.1509694528812822
        ],
        [
            0.028791421736427514,
            -1.3004253811751818,
            1.9213932549813841
        ]
    ],
    "best_conformer_energy": -24.39516979575971,
    "fukui_radical": {
        "1": 0.04554775784470258,
        "2": -0.01013345157250297,
        "3": 0.3302270743657334,
        "4": 0.002580246004421499,
        "5": 0.02133051678811081,
        "6": 0.025704236855680625,
        "7": 0.04346349454845727,
        "8": 0.025702971089146393,
        "9": 0.021325159721972985,
        "10": 0.0767508577241466,
        "11": 0.061176516976906875,
        "12": 0.05601987985672992,
        "13": 0.04903532512799577,
        "14": 0.06765736817748734,
        "15": 0.06693037812464961,
        "16": 0.0676503039147628,
        "17": 0.04903136462682896
    }
}