{
    "smiles": "C=CS(=O)(=O)OCC1CO1",
    "best_conformer_coordinates": [
        [
            -2.751016734510066,
            0.14149475114828983,
            -0.9409452713559715
        ],
        [
            -1.4882256572318868,
            0.4661187265499756,
            -0.7927221975804345
        ],
        [
            -0.9367253855814281,
            1.0803798111548428,
            0.7921141401656199
        ],
        [
            -2.0643060136651927,
            1.4982519663117713,
            1.5538417417678339
        ],
        [
            0.16313907285487284,
            1.9770053638693605,
            0.6055575792431703
        ],
        [
            -0.38361888998411353,
            -0.28193369453096573,
            1.4768364025517287
        ],
        [
            1.0061608683179066,
            -0.5264627334869172,
            1.4220815221955532
        ],
        [
            1.4237756902741883,
            -1.081542122284519,
            0.07520043150419897
        ],
        [
            1.965944715137961,
            -0.20025860316210753,
            -0.9642495273989109
        ],
        [
            2.7846272427506253,
            -1.05845904967789,
            -0.22144659104417797
        ],
        [
            -3.425002125944451,
            0.2730051535703516,
            -0.11081244626924389
        ],
        [
            -3.1564457875773644,
            -0.24638372355736055,
            -1.8618870319408125
        ],
        [
            -0.7153466691867345,
            0.4007982609642953,
            -1.535541941983132
        ],
        [
            1.2191678053676842,
            -1.2509579745737376,
            2.2134384874214916
        ],
        [
            1.5494188197337264,
            0.40387628312734936,
            1.6168107050586955
        ],
        [
            0.8954859841052994,
            -1.9845028416206216,
            -0.22693206387521572
        ],
        [
            2.067675204612763,
            0.8577275963472072,
            -0.7526926920067825
        ],
        [
            1.8452918552333122,
            -0.4681571648570106,
            -2.0090349699819567
        ]
    ],
    "best_conformer_elements": [
        6,
        6,
        16,
        8,
        8,
        8,
        6,
        6,
        6,
        8,
        1,
        1,
        1,
        1,
        1,
        1,
        1,
        1
    ],
    "best_conformer_energy": -34.23065130123458,
    "ip": 14.374899076792907,
    "ip_corrected": 9.528899076792907,
    "ea": 3.8241158882819533,
    "homo": -0.4344058959974036,
    "lumo": -0.2763997609939751,
    "charges": {
        "1": -0.0674036954289444,
        "2": -0.14468689288517955,
        "3": 1.2678325247876407,
        "4": -0.5530946930439915,
        "5": -0.5871991525371044,
        "6": -0.4210858367089395,
        "7": 0.0665800764191149,
        "8": 0.08932409319987655,
        "9": 0.05261147072055974,
        "10": -0.30419569815758085,
        "11": 0.09728099671932093,
        "12": 0.09340061426852472,
        "13": 0.08475197996537326,
        "14": 0.08369700891971957,
        "15": 0.07682836348877432,
        "16": 0.046876787050792915,
        "17": 0.06818488122981875,
        "18": 0.050297171992229946
    },
    "dipole": [
        -0.5522207173696237,
        -1.1065074591733415,
        -1.3580271399733541
    ],
    "global_electrophilicity": 0.857392554692203,
    "global_nucleophilicity": -9.528899076792907,
    "fukui_electrophilicity": {
        "1": 0.12782403226596525,
        "2": 0.0687891296495664,
        "3": 0.22137271768513478,
        "4": 0.0333803720306356,
        "5": 0.04874140144183514,
        "6": 0.021291099629220822,
        "7": -0.020999875264673257,
        "8": -0.013257589883653137,
        "9": -0.014182303815738269,
        "10": 0.03975864729686063,
        "11": 0.1262974206414066,
        "12": 0.13418358578635842,
        "13": 0.11673740014417935,
        "14": 0.04884855716686834,
        "15": 0.02721100443693042,
        "16": 0.010895018976600411,
        "17": 0.006862869081128958,
        "18": 0.016246512731368117
    },
    "fukui_nucleophilicity": {
        "1": 0.018160910495411645,
        "2": 0.010135193488478966,
        "3": 0.15417776682579065,
        "4": 0.0659389178062309,
        "5": 0.05845319795887216,
        "6": 0.04844703240622883,
        "7": -0.01042199130034814,
        "8": -0.0028312299163898713,
        "9": -0.015648924772604267,
        "10": 0.15311526844593915,
        "11": 0.06485934040363021,
        "12": 0.09168330301444766,
        "13": 0.05539272000007364,
        "14": 0.06685870035144151,
        "15": 0.043393338364103626,
        "16": 0.07090097010667787,
        "17": 0.05920824319674037,
        "18": 0.06817724312526885
    },
    "fukui_radical": {
        "1": 0.07299247138068846,
        "2": 0.039462161569022686,
        "3": 0.18777524225546272,
        "4": 0.04965964491843325,
        "5": 0.05359729970035365,
        "6": 0.034869066017724826,
        "7": -0.0157109332825107,
        "8": -0.008044409900021504,
        "9": -0.014915614294171268,
        "10": 0.09643695787139989,
        "11": 0.09557838052251841,
        "12": 0.11293344440040304,
        "13": 0.0860650600721265,
        "14": 0.057853628759154924,
        "15": 0.03530217140051702,
        "16": 0.04089799454163914,
        "17": 0.03303555613893466,
        "18": 0.042211877928318486
    }
}