{
    "smiles": "C[CH]C",
    "best_conformer_coordinates": [
        [
            -1.2844036052276435,
            0.1436306656352845,
            -0.12959083558911913
        ],
        [
            0.009980841830872748,
            -0.569475325900126,
            -0.1279192725946126
        ],
        [
            1.2705108847696152,
            0.10325222960791275,
            0.24951378567501772
        ],
        [
            -1.4854563396699147,
            0.6160878746195754,
            -1.1012763493453703
        ],
        [
            -1.2961526926914153,
            0.9329193259766952,
            0.6212262334434369
        ],
        [
            -2.1099631915843005,
            -0.5424854085035037,
            0.0616543854484637
        ],
        [
            0.06442720093650851,
            -1.5367922405445433,
            -0.5978802942295913
        ],
        [
            1.9833710972104182,
            -0.6071768640713909,
            0.6690367587207073
        ],
        [
            1.759496118949281,
            0.5648010107287255,
            -0.6197829944915071
        ],
        [
            1.088189674893068,
            0.8952387324512521,
            0.9750185776708614
        ]
    ],
    "best_conformer_elements": [
        6,
        6,
        6,
        1,
        1,
        1,
        1,
        1,
        1,
        1
    ],
    "best_conformer_energy": -9.907945990760403,
    "ip": 11.689466970880693,
    "ip_corrected": 6.843466970880693,
    "ea": 3.5424509390122405,
    "homo": -0.43051578048406314,
    "lumo": -0.28538127643967875,
    "charges": {
        "1": -0.09571558975411482,
        "2": -0.07222599450403154,
        "3": -0.09571559733259213,
        "4": 0.04404475823704279,
        "5": 0.039289028367016775,
        "6": 0.03908985117314689,
        "7": 0.018809911194054372,
        "8": 0.03908988355902429,
        "9": 0.04404474084955221,
        "10": 0.03928900821090624
    },
    "dipole": [
        0.009641383355173455,
        0.16637929990892497,
        -0.04725492973188801
    ],
    "global_electrophilicity": 0.4708885180828874,
    "global_nucleophilicity": -6.843466970880693,
    "fukui_electrophilicity": {
        "1": -0.07422184307255705,
        "2": 0.29679479699624056,
        "3": -0.07422184362803405,
        "4": 0.13881881884968122,
        "5": 0.10126516837533847,
        "6": 0.10817278948593498,
        "7": 0.15513535782400392,
        "8": 0.10817290491785005,
        "9": 0.13881877482332158,
        "10": 0.10126507542822882
    },
    "fukui_nucleophilicity": {
        "1": -0.0440648645904273,
        "2": 0.177981005561187,
        "3": -0.04406486258938999,
        "4": 0.16752815397920037,
        "5": 0.10129327825075851,
        "6": 0.11977693891446262,
        "7": 0.13295201024149933,
        "8": 0.11977715704799335,
        "9": 0.16752809612889213,
        "10": 0.10129308705583313
    },
    "fukui_radical": {
        "1": -0.059143353831492176,
        "2": 0.2373879012787138,
        "3": -0.05914335310871202,
        "4": 0.1531734864144408,
        "5": 0.10127922331304849,
        "6": 0.1139748642001988,
        "7": 0.14404368403275164,
        "8": 0.1139750309829217,
        "9": 0.15317343547610685,
        "10": 0.10127908124203097
    }
}