{
    "smiles": "C[Si](C)(Cl)Cl",
    "best_conformer_coordinates": [
        [
            1.6104869581751624,
            -0.0800681446223302,
            0.20774030009480168
        ],
        [
            -0.07335774431872037,
            0.4223104152261486,
            -0.5187917069691285
        ],
        [
            -1.5263433594672744,
            -0.4043349437847797,
            0.38732981338394074
        ],
        [
            -0.13147115966974432,
            -0.10289358912371734,
            -2.4821475917273523
        ],
        [
            -0.2747534568573875,
            2.44147267186293,
            -0.3907046821888085
        ],
        [
            2.4284861663015,
            0.4013695294878007,
            -0.3219191270406276
        ],
        [
            1.687864420942782,
            0.20079437926514665,
            1.253814711319625
        ],
        [
            1.7640982639486988,
            -1.1529604538408638,
            0.14104425863546702
        ],
        [
            -1.5407271250339922,
            -0.13295905255496235,
            1.4386579901972458
        ],
        [
            -1.4644924454537407,
            -1.4867128172017297,
            0.3258862944637087
        ],
        [
            -2.4797905185672904,
            -0.1060179947136417,
            -0.04091026016886058
        ]
    ],
    "best_conformer_elements": [
        6,
        14,
        6,
        17,
        17,
        1,
        1,
        1,
        1,
        1,
        1
    ],
    "best_conformer_energy": -18.24932852891617,
    "ip": 13.93853611238063,
    "ip_corrected": 9.09253611238063,
    "ea": 1.8891098272895066,
    "homo": -0.41590734798552775,
    "lumo": -0.17299594968773951,
    "charges": {
        "1": -0.20160636804965906,
        "2": 0.5536972195944242,
        "3": -0.2016063680325198,
        "4": -0.23306817856072667,
        "5": -0.2330681776154903,
        "6": 0.05569891971522689,
        "7": 0.05106351169451788,
        "8": 0.05106350488930925,
        "9": 0.051063509598428085,
        "10": 0.05106350710981294,
        "11": 0.05569891965667188
    },
    "dipole": [
        0.10704471416061828,
        -0.616241658616554,
        0.7570285935894936
    ],
    "global_electrophilicity": 0.39053883361619673,
    "global_nucleophilicity": -9.09253611238063,
    "fukui_electrophilicity": {
        "1": -0.03724360033362428,
        "2": 0.22231171935076005,
        "3": -0.03724360031857982,
        "4": 0.19065012332590967,
        "5": 0.19065012429822847,
        "6": 0.08532439904995637,
        "7": 0.07505660884012981,
        "8": 0.07505660895300362,
        "9": 0.07505659983078045,
        "10": 0.0750566179430112,
        "11": 0.08532439906042409
    },
    "fukui_nucleophilicity": {
        "1": 0.018598390187270886,
        "2": 0.021936311092175642,
        "3": 0.01859839676847122,
        "4": 0.24168636774827493,
        "5": 0.24168636933742113,
        "6": 0.07464664542999744,
        "7": 0.0770502166679957,
        "8": 0.07705022096366534,
        "9": 0.07705021848385385,
        "10": 0.07705021835977782,
        "11": 0.07464664496109615
    },
    "fukui_radical": {
        "1": -0.009322605073176699,
        "2": 0.12212401522146785,
        "3": -0.009322601775054298,
        "4": 0.2161682455370923,
        "5": 0.21616824681782482,
        "6": 0.0799855222399769,
        "7": 0.07605341275406276,
        "8": 0.07605341495833448,
        "9": 0.07605340915731715,
        "10": 0.07605341815139452,
        "11": 0.07998552201076012
    }
}