{
    "smiles": "C/C=C\\C",
    "best_conformer_coordinates": [
        [
            1.5386267550424877,
            -0.12332583148803375,
            0.5179290015220958
        ],
        [
            0.5777783877019282,
            0.8324066992312398,
            -0.1107812085305696
        ],
        [
            -0.6896850056304685,
            0.6170344722568399,
            -0.4273168215806474
        ],
        [
            -1.4799815200920934,
            -0.6362559708416988,
            -0.2359377518056441
        ],
        [
            2.3986819589625044,
            -0.26617897251585315,
            -0.1364798969322666
        ],
        [
            1.9062858708761212,
            0.28782690224960417,
            1.4582125660398606
        ],
        [
            1.0897651088590863,
            -1.091561861367627,
            0.7157042550617281
        ],
        [
            1.0019956533229089,
            1.8074089366690151,
            -0.3185163623142915
        ],
        [
            -1.2515217169863255,
            1.424483512878063,
            -0.8813088923093105
        ],
        [
            -1.8521881153546589,
            -0.9884979811579356,
            -1.1980920214385056
        ],
        [
            -2.3445857285044824,
            -0.43449172312378814,
            0.3965998038138992
        ],
        [
            -0.8951716534887878,
            -1.4288481880815898,
            0.21998733905718407
        ]
    ],
    "best_conformer_elements": [
        6,
        6,
        6,
        6,
        1,
        1,
        1,
        1,
        1,
        1,
        1,
        1
    ],
    "best_conformer_energy": -12.609958000138104,
    "ip": 13.709892752232525,
    "ip_corrected": 8.863892752232525,
    "ea": 1.2384752847154756,
    "homo": -0.3819703235964537,
    "lumo": -0.18784222442101056,
    "charges": {
        "1": -0.10018300600691409,
        "2": -0.041948764015707275,
        "3": -0.04194313603786043,
        "4": -0.10018293100109335,
        "5": 0.04016085325265156,
        "6": 0.04016084737074044,
        "7": 0.038591677993834575,
        "8": 0.023215960501398486,
        "9": 0.02321535567676873,
        "10": 0.04016087912390762,
        "11": 0.04016086707153023,
        "12": 0.038591396070747214
    },
    "dipole": [
        0.009761539689464653,
        -0.1265119376805979,
        0.04696500651764731
    ],
    "global_electrophilicity": 0.276927272018316,
    "global_nucleophilicity": -8.863892752232525,
    "fukui_electrophilicity": {
        "1": -0.04922890974114281,
        "2": 0.15387360010011683,
        "3": 0.1538792329651529,
        "4": -0.0492288475393325,
        "5": 0.0958327720121416,
        "6": 0.09583276373477859,
        "7": 0.06838542111698236,
        "8": 0.13530186930165902,
        "9": 0.13530136074916432,
        "10": 0.09583275138624617,
        "11": 0.09583272607252682,
        "12": 0.06838525984171237
    },
    "fukui_nucleophilicity": {
        "1": -0.028036968192121328,
        "2": 0.08601647901585327,
        "3": 0.0860108438541172,
        "4": -0.028036996725000096,
        "5": 0.13476427150653794,
        "6": 0.13476426742599018,
        "7": 0.07092624231497122,
        "8": 0.10156826902665872,
        "9": 0.1015686722524537,
        "10": 0.1347642691154202,
        "11": 0.13476419392674166,
        "12": 0.0709264564787749
    },
    "fukui_radical": {
        "1": -0.03863293896663207,
        "2": 0.11994503955798505,
        "3": 0.11994503840963505,
        "4": -0.0386329221321663,
        "5": 0.11529852175933977,
        "6": 0.11529851558038438,
        "7": 0.0696558317159768,
        "8": 0.11843506916415887,
        "9": 0.11843501650080901,
        "10": 0.11529851025083318,
        "11": 0.11529845999963424,
        "12": 0.06965585816024364
    }
}