{
    "smiles": "C/C=C(\\Cl)C(=O)OCC",
    "best_conformer_coordinates": [
        [
            -3.7420212769090173,
            0.11273119157247775,
            -0.4691598416688258
        ],
        [
            -2.344996456530665,
            -0.16231848526997578,
            -0.8783622459542447
        ],
        [
            -1.2452723435229955,
            0.09070258783709279,
            -0.1673578454680233
        ],
        [
            -1.284120431201175,
            0.8065025052575578,
            1.4021687329564263
        ],
        [
            0.10019586013542212,
            -0.23695891036475963,
            -0.699558396958614
        ],
        [
            0.27533197502818724,
            -0.7406916535671881,
            -1.783318331934743
        ],
        [
            1.0769075605747362,
            0.08343695487320449,
            0.1423869152353437
        ],
        [
            2.4073599167639497,
            -0.19886122553577046,
            -0.29211020257789594
        ],
        [
            3.3666068669998284,
            0.23595953076992868,
            0.7991699467740357
        ],
        [
            -4.3131079942765975,
            -0.8150771110167554,
            -0.46561967173713764
        ],
        [
            -4.211367680386502,
            0.7805310539275784,
            -1.1907818255874842
        ],
        [
            -3.7812464713992324,
            0.563879346351475,
            0.5180182714405556
        ],
        [
            -2.189762021596779,
            -0.6136949585643812,
            -1.8497489662628643
        ],
        [
            2.592919621209476,
            0.33888488642583936,
            -1.2288193681919881
        ],
        [
            2.490195411560672,
            -1.2723506061288097,
            -0.4965268116877634
        ],
        [
            4.387381393207437,
            0.030646693753060502,
            0.49062932729801784
        ],
        [
            3.15636733295983,
            -0.30360608512912524,
            1.7186291095901116
        ],
        [
            3.2586287426751652,
            1.3002842848085086,
            0.9896703063145439
        ]
    ],
    "best_conformer_elements": [
        6,
        6,
        6,
        17,
        6,
        8,
        8,
        6,
        6,
        1,
        1,
        1,
        1,
        1,
        1,
        1,
        1,
        1
    ],
    "best_conformer_energy": -30.11271002421139,
    "ip": 13.704343436258005,
    "ip_corrected": 8.858343436258005,
    "ea": 4.500959941849241,
    "homo": -0.40463960522277576,
    "lumo": -0.27847482009657454,
    "charges": {
        "1": -0.11188731858688544,
        "2": -0.01699219485919029,
        "3": 0.044515912558679066,
        "4": -0.148481387556883,
        "5": 0.3515643551176862,
        "6": -0.4197731922393566,
        "7": -0.24525853362611272,
        "8": 0.08452623875404633,
        "9": -0.11551209997729033,
        "10": 0.07038776874173051,
        "11": 0.07038789720823238,
        "12": 0.0697671196960341,
        "13": 0.08489938759068018,
        "14": 0.05329302227309422,
        "15": 0.0532932438952923,
        "16": 0.05368401726950652,
        "17": 0.06079293289042845,
        "18": 0.060792830850300586
    },
    "dipole": [
        -0.04934001448199597,
        0.0957905978794388,
        0.20380704234659117
    ],
    "global_electrophilicity": 0.984370781296398,
    "global_nucleophilicity": -8.858343436258005,
    "fukui_electrophilicity": {
        "1": -0.03994753400724331,
        "2": 0.11233539132285189,
        "3": 0.04929592253918284,
        "4": 0.15410508061166878,
        "5": 0.07251189458921214,
        "6": 0.16830836618291523,
        "7": 0.08352521258547074,
        "8": -0.019728398026249608,
        "9": -0.0126106286383635,
        "10": 0.07927677443207096,
        "11": 0.07927690778987889,
        "12": 0.04929561143081791,
        "13": 0.08959600222859351,
        "14": 0.03173061016924687,
        "15": 0.03173037869785425,
        "16": 0.03432004857516453,
        "17": 0.018489102922269934,
        "18": 0.018489256594652136
    },
    "fukui_nucleophilicity": {
        "1": -0.021930449764769516,
        "2": 0.046559625891907805,
        "3": 0.030663944922912786,
        "4": 0.26146567152780453,
        "5": 0.0022472936770358554,
        "6": 0.0901191681248163,
        "7": 0.041993323426311235,
        "8": -0.012190480479020008,
        "9": -0.013231030245689043,
        "10": 0.08680950279313894,
        "11": 0.08680963550707374,
        "12": 0.038142374868870135,
        "13": 0.06503601359846468,
        "14": 0.06884296158611138,
        "15": 0.06884263093799733,
        "16": 0.04789749138236233,
        "17": 0.05596093488491988,
        "18": 0.05596138735980219
    },
    "fukui_radical": {
        "1": -0.030938991886006413,
        "2": 0.07944750860737984,
        "3": 0.039979933731047815,
        "4": 0.20778537606973668,
        "5": 0.037379594133124,
        "6": 0.12921376715386576,
        "7": 0.06275926800589099,
        "8": -0.015959439252634808,
        "9": -0.012920829442026271,
        "10": 0.08304313861260496,
        "11": 0.08304327164847632,
        "12": 0.043718993149844024,
        "13": 0.0773160079135291,
        "14": 0.050286785877679124,
        "15": 0.05028650481792579,
        "16": 0.04110876997876343,
        "17": 0.037225018903594906,
        "18": 0.037225321977227166
    }
}