{
    "smiles": "C/C=C(\\OC)C(=O)OC",
    "best_conformer_coordinates": [
        [
            -1.6226244588021081,
            -2.5156215943143017,
            -0.825015750127753
        ],
        [
            -0.5195478245395074,
            -1.53689540778609,
            -1.0042743433877188
        ],
        [
            -0.28348732138474897,
            -0.4956399865378931,
            -0.19229856978686846
        ],
        [
            -1.060007424370404,
            -0.29847820428131094,
            0.916653026708321
        ],
        [
            -1.3250395827171153,
            1.027707824370702,
            1.3270733413804081
        ],
        [
            0.8986438303729652,
            0.3528897706172896,
            -0.4960752359054384
        ],
        [
            1.4325831700177103,
            0.38629239369791624,
            -1.5794157494644476
        ],
        [
            1.349242565937593,
            1.0512872950356957,
            0.5578171876072686
        ],
        [
            2.509428783452958,
            1.8356737067363962,
            0.3260998043749329
        ],
        [
            -2.191431982576577,
            -2.608173983408693,
            -1.749333102235108
        ],
        [
            -2.2792628264456813,
            -2.2033419508705037,
            -0.018442512931323873
        ],
        [
            -1.2160916659447372,
            -3.4989486957244327,
            -0.5896121154230053
        ],
        [
            0.15573991701288686,
            -1.6839531435694028,
            -1.833312770717745
        ],
        [
            -1.5125269771243082,
            1.6832553274548778,
            0.47223422549041455
        ],
        [
            -0.5062203327169995,
            1.4358513520890857,
            1.9241697574945904
        ],
        [
            -2.2247356755748284,
            0.9697137033739136,
            1.9396972169464801
        ],
        [
            3.3327956832039423,
            1.2023995744203024,
            -0.009757010897746445
        ],
        [
            2.3115412292693427,
            2.587477392726258,
            -0.44075254481339377
        ],
        [
            2.7510008823459287,
            2.308504625969949,
            1.274545161563652
        ]
    ],
    "best_conformer_elements": [
        6,
        6,
        6,
        8,
        6,
        6,
        8,
        8,
        6,
        1,
        1,
        1,
        1,
        1,
        1,
        1,
        1,
        1,
        1
    ],
    "best_conformer_energy": -30.120788484666093,
    "ip": 13.42150069610265,
    "ip_corrected": 8.57550069610265,
    "ea": 3.9420934882009577,
    "homo": -0.38603833317897274,
    "lumo": -0.2634942515513888,
    "charges": {
        "1": -0.10645624472751743,
        "2": -0.039776280740183245,
        "3": 0.09279665027160146,
        "4": -0.26916896551087316,
        "5": 0.03483096697803157,
        "6": 0.3372247419094461,
        "7": -0.419677807893256,
        "8": -0.25795082017084336,
        "9": 0.03444138395816852,
        "10": 0.059271199875713006,
        "11": 0.0639233695955237,
        "12": 0.06034716642778386,
        "13": 0.06787370439487728,
        "14": 0.035829714647543545,
        "15": 0.05299787369295885,
        "16": 0.06031969361352597,
        "17": 0.06424972339362352,
        "18": 0.06230364703094805,
        "19": 0.06662028325293293
    },
    "dipole": [
        -0.22810420130273681,
        0.3778110479619406,
        0.6120222375964277
    ],
    "global_electrophilicity": 0.7760685351661929,
    "global_nucleophilicity": -8.57550069610265,
    "fukui_electrophilicity": {
        "1": -0.035497673456487855,
        "2": 0.107393111265731,
        "3": 0.06099171374177426,
        "4": 0.058128485992319234,
        "5": -0.025726700699927947,
        "6": 0.08486995652651019,
        "7": 0.17760893934665584,
        "8": 0.08837096055582189,
        "9": -0.03434606930227367,
        "10": 0.07424221420543456,
        "11": 0.05132093361726158,
        "12": 0.0750570601361375,
        "13": 0.08017066762636114,
        "14": 0.02311272002872833,
        "15": 0.02988783099752033,
        "16": 0.05125343104394844,
        "17": 0.037131276736920016,
        "18": 0.039488560880938856,
        "19": 0.056542580756630774
    },
    "fukui_nucleophilicity": {
        "1": -0.022091592799415513,
        "2": 0.06301969595831537,
        "3": 0.04868120298187599,
        "4": 0.14955648404350852,
        "5": -0.036798781618316415,
        "6": 0.005349139717481188,
        "7": 0.09599586467515803,
        "8": 0.03898403567981101,
        "9": -0.02003772623960886,
        "10": 0.09221404473306799,
        "11": 0.04832202362997193,
        "12": 0.10973417584865154,
        "13": 0.07429759253258472,
        "14": 0.07054748848434159,
        "15": 0.0931109402761208,
        "16": 0.07314719375262022,
        "17": 0.0382647552758382,
        "18": 0.03693327408326877,
        "19": 0.04077018898474247
    },
    "fukui_radical": {
        "1": -0.028794633127951684,
        "2": 0.0852064036120232,
        "3": 0.05483645836182513,
        "4": 0.10384248501791388,
        "5": -0.031262741159122184,
        "6": 0.04510954812199569,
        "7": 0.13680240201090693,
        "8": 0.06367749811781645,
        "9": -0.027191897770941265,
        "10": 0.08322812946925127,
        "11": 0.04982147862361676,
        "12": 0.09239561799239453,
        "13": 0.07723413007947293,
        "14": 0.04683010425653496,
        "15": 0.061499385636820565,
        "16": 0.06220031239828432,
        "17": 0.037698016006379106,
        "18": 0.03821091748210381,
        "19": 0.04865638487068662
    }
}