{
    "smiles": "C/C=C(\\Cl)C(=O)OCC",
    "best_conformer_coordinates": [
        [
            3.7385038540993865,
            0.33536211749567657,
            -0.30743247688443387
        ],
        [
            2.416152959275415,
            -0.3008050241401389,
            -0.5110419404981623
        ],
        [
            1.227349679993846,
            0.22827842543858742,
            -0.21819811786735338
        ],
        [
            1.041117785274848,
            1.7992047811879348,
            0.4708594633558377
        ],
        [
            -0.026435445641394804,
            -0.5220748330738257,
            -0.47486324372508876
        ],
        [
            -0.04444320664568062,
            -1.631040351413275,
            -0.9532209809483003
        ],
        [
            -1.1123853408025683,
            0.1576446626255122,
            -0.12246373306885724
        ],
        [
            -2.3653111402440263,
            -0.49285919832465075,
            -0.33601730022629533
        ],
        [
            -3.4696828254374568,
            0.4382600135766958,
            0.1260394041262655
        ],
        [
            4.260676599090902,
            0.41030174511042755,
            -1.2606903567681353
        ],
        [
            3.635990945530932,
            1.3258336519295935,
            0.1262161388483932
        ],
        [
            4.347539900652507,
            -0.28539919691448773,
            0.34885356777265175
        ],
        [
            2.4017342674129667,
            -1.294492957054851,
            -0.9397691263203157
        ],
        [
            -2.3724462463428315,
            -1.434808782670476,
            0.22407860114818876
        ],
        [
            -2.4601572316705616,
            -0.7322945236519425,
            -1.4012413611894299
        ],
        [
            -3.3481832072371533,
            0.6678319968310789,
            1.1811561882672397
        ],
        [
            -4.4345286312058665,
            -0.036088634181852264,
            -0.026922228015716577
        ],
        [
            -3.4354927266868387,
            1.3671460966463982,
            -0.4367559133702237
        ]
    ],
    "best_conformer_elements": [
        6,
        6,
        6,
        17,
        6,
        8,
        8,
        6,
        6,
        1,
        1,
        1,
        1,
        1,
        1,
        1,
        1,
        1
    ],
    "best_conformer_energy": -30.112710024179194,
    "ip": 13.704343568876052,
    "ip_corrected": 8.858343568876052,
    "ea": 4.500959976872201,
    "homo": -0.4046396093498253,
    "lumo": -0.27847482872567547,
    "charges": {
        "1": -0.11188735597659254,
        "2": -0.016992219714166687,
        "3": 0.04451592246711675,
        "4": -0.1484813715721655,
        "5": 0.3515643713413555,
        "6": -0.4197732429523256,
        "7": -0.24525858366321762,
        "8": 0.08452623782542182,
        "9": -0.11551210829077993,
        "10": 0.07038786655228732,
        "11": 0.06976713528147999,
        "12": 0.07038784927793953,
        "13": 0.08489941631823242,
        "14": 0.053293154341192944,
        "15": 0.053293137411389656,
        "16": 0.06079286804070103,
        "17": 0.05368402417483881,
        "18": 0.06079289913727948
    },
    "dipole": [
        0.019600567378975715,
        0.21123438058775873,
        0.09024157474625374
    ],
    "global_electrophilicity": 0.9843708096256465,
    "global_nucleophilicity": -8.858343568876052,
    "fukui_electrophilicity": {
        "1": -0.039947580658456744,
        "2": 0.11233537512213028,
        "3": 0.04929588618325245,
        "4": 0.15410515394206936,
        "5": 0.07251192399665857,
        "6": 0.16830829225476757,
        "7": 0.08352512121503591,
        "8": -0.019728360475404272,
        "9": -0.012610648995141444,
        "10": 0.07927687517460648,
        "11": 0.04929564910913831,
        "12": 0.07927685941970507,
        "13": 0.0895960674190834,
        "14": 0.031730478035014116,
        "15": 0.03173047700256107,
        "16": 0.018489206157761236,
        "17": 0.03432004397148108,
        "18": 0.018489181125747246
    },
    "fukui_nucleophilicity": {
        "1": -0.02193032862721815,
        "2": 0.04655952272109801,
        "3": 0.030663815233873917,
        "4": 0.26146535987325836,
        "5": 0.0022473376859750704,
        "6": 0.09011930669928608,
        "7": 0.04199332584961335,
        "8": -0.012190454702196873,
        "9": -0.013231159666525771,
        "10": 0.08680936480959689,
        "11": 0.03814225532921764,
        "12": 0.08680937790323118,
        "13": 0.0650359550884447,
        "14": 0.06884288256904904,
        "15": 0.0688429520411252,
        "16": 0.05596156489001384,
        "17": 0.04789749538025216,
        "18": 0.05596142692119249
    },
    "fukui_radical": {
        "1": -0.030938954642837448,
        "2": 0.07944744892161415,
        "3": 0.039979850708563185,
        "4": 0.20778525690766386,
        "5": 0.03737963084131682,
        "6": 0.12921379947702683,
        "7": 0.06275922353232463,
        "8": -0.015959407588800573,
        "9": -0.012920904330833607,
        "10": 0.08304311999210169,
        "11": 0.04371895221917797,
        "12": 0.08304311866146813,
        "13": 0.07731601125376406,
        "14": 0.05028668030203158,
        "15": 0.050286714521843134,
        "16": 0.03722538552388754,
        "17": 0.041108769675866616,
        "18": 0.037225304023469866
    }
}