{
    "smiles": "CC(=O)OC(=O)/C=C\\C(=O)[O-]",
    "best_conformer_coordinates": [
        [
            2.054590467284587,
            -1.0486506215637472,
            0.7566604652658494
        ],
        [
            1.3923049420132425,
            -0.8397837466494448,
            -0.5755320713480706
        ],
        [
            1.49644645244016,
            -1.5606473402331724,
            -1.5314552686188672
        ],
        [
            0.6114799262975867,
            0.2475643500505296,
            -0.5038644982129642
        ],
        [
            -0.23065614256701172,
            0.6677640714839784,
            -1.53630356810976
        ],
        [
            0.18120056340602814,
            0.8238971958167545,
            -2.6611351271065717
        ],
        [
            -1.5678162003214118,
            0.935522073086103,
            -1.0712790860615267
        ],
        [
            -2.037661191624325,
            0.6331310466676429,
            0.15601523179602392
        ],
        [
            -1.2181034037452838,
            0.36886657008483725,
            1.4299905864504707
        ],
        [
            -1.1164698427575437,
            1.4993848407932189,
            1.93926033850317
        ],
        [
            -0.8465123510212996,
            -0.7363130363398883,
            1.7986213363506611
        ],
        [
            2.688986970905214,
            -1.929352900232663,
            0.7332279072952452
        ],
        [
            2.6237227921745436,
            -0.1652580924442731,
            1.0327049477047485
        ],
        [
            1.2448807490936429,
            -1.1656925032155498,
            1.4809944881570003
        ],
        [
            -2.2050048703588625,
            1.3899358752526412,
            -1.8240317528216594
        ],
        [
            -3.071388861219435,
            0.8796322015677646,
            0.3761260601728188
        ]
    ],
    "best_conformer_elements": [
        6,
        6,
        8,
        8,
        6,
        8,
        6,
        6,
        6,
        8,
        8,
        1,
        1,
        1,
        1,
        1
    ],
    "best_conformer_energy": -35.962730744076794,
    "ip": 14.778382807934177,
    "ip_corrected": 9.932382807934177,
    "ea": 9.180419932569915,
    "homo": -0.4536171849214479,
    "lumo": -0.4462335882290838,
    "charges": {
        "1": -0.15226145752693532,
        "2": 0.3830356187125111,
        "3": -0.3328500023323109,
        "4": -0.2521882780353805,
        "5": 0.37122175137643737,
        "6": -0.29703867400828304,
        "7": -0.04602356812174232,
        "8": 0.011430922156664386,
        "9": 0.4174462753871432,
        "10": -0.3356533045241909,
        "11": -0.3465663771966956,
        "12": 0.0948796885201279,
        "13": 0.09849229514149115,
        "14": 0.12565353370533072,
        "15": 0.13388240051917008,
        "16": 0.1265391762272376
    },
    "dipole": [
        -0.8789908171721025,
        0.3755625881183376,
        0.21025237587584758
    ],
    "global_electrophilicity": 4.544993977456722,
    "global_nucleophilicity": -9.932382807934177,
    "fukui_electrophilicity": {
        "1": -0.0027757221763204665,
        "2": 0.002704712538296905,
        "3": 0.0788609003396154,
        "4": 0.015100301531677796,
        "5": 0.013704305502528491,
        "6": 0.11249324822803997,
        "7": 0.03851209165361579,
        "8": 0.048488075737503564,
        "9": 0.024170672793192405,
        "10": 0.1938389140620505,
        "11": 0.1977979710252351,
        "12": 0.0414500859176462,
        "13": 0.03349194512176179,
        "14": 0.004247144866464367,
        "15": 0.10571572046688782,
        "16": 0.0921996323923775
    },
    "fukui_nucleophilicity": {
        "1": 0.01001545765061665,
        "2": 0.01568997546505474,
        "3": 0.14255272221384035,
        "4": 0.04527758995973191,
        "5": 0.010044990174158996,
        "6": 0.11889001622857209,
        "7": 0.028041410121499015,
        "8": 0.03455205899030239,
        "9": 0.011667186805764507,
        "10": 0.1337785070573662,
        "11": 0.11691671542323512,
        "12": 0.05741265452633362,
        "13": 0.056893586107948216,
        "14": 0.04384696069534175,
        "15": 0.09469267313157764,
        "16": 0.07972749559167519
    },
    "fukui_radical": {
        "1": 0.0036198677371480914,
        "2": 0.009197344001675822,
        "3": 0.11070681127672788,
        "4": 0.030188945745704854,
        "5": 0.011874647838343744,
        "6": 0.11569163222830603,
        "7": 0.0332767508875574,
        "8": 0.04152006736390298,
        "9": 0.017918929799478456,
        "10": 0.16380871055970836,
        "11": 0.1573573432242351,
        "12": 0.049431370221989915,
        "13": 0.045192765614855,
        "14": 0.024047052780903057,
        "15": 0.10020419679923273,
        "16": 0.08596356399202634
    }
}