{
    "smiles": "CC(=O)c1ccc(N)cc1",
    "best_conformer_coordinates": [
        [
            -2.9944243626895726,
            -0.5978263984355258,
            -0.8002930191814585
        ],
        [
            -2.233069712524287,
            0.029429774998124353,
            0.34693116456212475
        ],
        [
            -2.816058948227649,
            0.4846462312680804,
            1.3102908225045
        ],
        [
            -0.7627841403155643,
            0.061697819328922335,
            0.24323118352902515
        ],
        [
            -0.04994774340663077,
            -0.4279505327932464,
            -0.8537134760687963
        ],
        [
            1.3243064158129114,
            -0.36192359846109445,
            -0.8863087202923229
        ],
        [
            2.04162264289559,
            0.19402032312451728,
            0.17839999146005225
        ],
        [
            3.410381867621324,
            0.20214340939850725,
            0.16969864796722145
        ],
        [
            1.3310930692145428,
            0.6847363496038854,
            1.2791906155036954
        ],
        [
            -0.04044378422296918,
            0.617271721377651,
            1.305150007253721
        ],
        [
            -2.6890395584623104,
            -1.6333684109790227,
            -0.9323519140452697
        ],
        [
            -4.05876619764427,
            -0.5621266425307245,
            -0.5820747555126199
        ],
        [
            -2.79935593250788,
            -0.0537287265238304,
            -1.7218141286413222
        ],
        [
            -0.5672934811726497,
            -0.8619072550338357,
            -1.695100369748639
        ],
        [
            1.8655097880379794,
            -0.7427719704816148,
            -1.7411314235425588
        ],
        [
            3.877765416111734,
            0.05752419632284369,
            -0.7088868077691458
        ],
        [
            3.880893104220315,
            0.7968436174528153,
            0.8302039469739668
        ],
        [
            1.8740047354965808,
            1.1166159172148644,
            2.1077730683383344
        ],
        [
            -0.5943931835287842,
            0.9966741857322919,
            2.150805166709444
        ]
    ],
    "best_conformer_elements": [
        6,
        6,
        8,
        6,
        6,
        6,
        6,
        7,
        6,
        6,
        1,
        1,
        1,
        1,
        1,
        1,
        1,
        1,
        1
    ],
    "best_conformer_energy": -28.687559044984482,
    "ip": 12.824191710149597,
    "ip_corrected": 7.978191710149597,
    "ea": 4.311532195541218,
    "homo": -0.37241728995111784,
    "lumo": -0.26178236953857326,
    "charges": {
        "1": -0.13403868927063428,
        "2": 0.2301716950752914,
        "3": -0.38440290052654036,
        "4": -0.03289605897957629,
        "5": -0.02942651645054,
        "6": -0.060882750738359415,
        "7": 0.08815308096697183,
        "8": -0.26185065905557486,
        "9": -0.05960725470786394,
        "10": -0.018360362456026708,
        "11": 0.05625001926154756,
        "12": 0.06157502108590198,
        "13": 0.0561490317744758,
        "14": 0.037963365215416676,
        "15": 0.027903351404003046,
        "16": 0.16570948740026265,
        "17": 0.16676877636368695,
        "18": 0.03108239877240951,
        "19": 0.05973896486515819
    },
    "dipole": [
        1.9271459071758894,
        -0.12726421163990084,
        -1.118166168853945
    ],
    "global_electrophilicity": 0.8136268326171561,
    "global_nucleophilicity": -7.978191710149597,
    "fukui_electrophilicity": {
        "1": -0.030462335771128654,
        "2": 0.0777833592477177,
        "3": 0.17016452337553,
        "4": 0.044062252505790156,
        "5": 0.03848786614263134,
        "6": 0.01786138388187357,
        "7": 0.06469569755857732,
        "8": 0.04247939974883935,
        "9": 0.020542251086913023,
        "10": 0.03064770935260311,
        "11": 0.05776422144600591,
        "12": 0.05471804133689784,
        "13": 0.05815686398943523,
        "14": 0.06460780554286194,
        "15": 0.06673938270425811,
        "16": 0.04983501127528067,
        "17": 0.04957215751130585,
        "18": 0.06632950469143363,
        "19": 0.05601490437318732
    },
    "fukui_nucleophilicity": {
        "1": -0.00592832659236725,
        "2": 0.02433044740428275,
        "3": 0.15807212365140008,
        "4": 0.06220252145265698,
        "5": 0.018126928944812083,
        "6": 0.03659229043558259,
        "7": 0.031509951667592656,
        "8": 0.09331331365123541,
        "9": 0.0363063398807913,
        "10": 0.018024652425299173,
        "11": 0.054706317983596806,
        "12": 0.052541490367017364,
        "13": 0.05451439433523262,
        "14": 0.058651744628329845,
        "15": 0.06434176488726072,
        "16": 0.06308127913538727,
        "17": 0.06298162661343049,
        "18": 0.06599140179423169,
        "19": 0.05063973733448421
    },
    "fukui_radical": {
        "1": -0.018195331181747952,
        "2": 0.05105690332600023,
        "3": 0.16411832351346506,
        "4": 0.05313238697922357,
        "5": 0.02830739754372171,
        "6": 0.02722683715872808,
        "7": 0.04810282461308499,
        "8": 0.06789635670003738,
        "9": 0.028424295483852162,
        "10": 0.02433618088895114,
        "11": 0.05623526971480136,
        "12": 0.0536297658519576,
        "13": 0.05633562916233393,
        "14": 0.06162977508559589,
        "15": 0.06554057379575942,
        "16": 0.05645814520533397,
        "17": 0.05627689206236817,
        "18": 0.06616045324283265,
        "19": 0.053327320853835763
    }
}