{
    "smiles": "CC(C)[C@H](N)C(=O)O",
    "best_conformer_coordinates": [
        [
            -1.9520675534841507,
            0.6610342225305936,
            -0.47538992249389567
        ],
        [
            -0.6136723625722019,
            0.6120728339098249,
            0.25298369144517335
        ],
        [
            -0.6958350470738927,
            -0.3093898360166414,
            1.4682851506603851
        ],
        [
            0.49814582917834993,
            0.16725496707487042,
            -0.7267748307568546
        ],
        [
            0.2553568341964889,
            -1.1645203986406543,
            -1.24003622422009
        ],
        [
            1.8497174760747064,
            0.36115444903504984,
            -0.048802634179481365
        ],
        [
            2.2569698521015686,
            1.4022308572282882,
            0.39366895142663605
        ],
        [
            2.568908417164089,
            -0.7709437357146929,
            0.010246971553181529
        ],
        [
            -2.1667161424111994,
            -0.31101553871207077,
            -0.9105431505887384
        ],
        [
            -1.9291251977523962,
            1.3993183214445142,
            -1.2727508396126783
        ],
        [
            -2.747650136353522,
            0.9240791879416337,
            0.21706045396615858
        ],
        [
            -0.34504951240566006,
            1.616944937615465,
            0.5945236338596357
        ],
        [
            0.2719159996572516,
            -0.39532613075305856,
            1.9586633557534519
        ],
        [
            -1.0357877742338095,
            -1.3003196274104576,
            1.177403167032586
        ],
        [
            -1.404629857731924,
            0.0932202108222047,
            2.1879583193553236
        ],
        [
            0.479985884080851,
            0.8622938708964143,
            -1.576782100949897
        ],
        [
            0.3583158987851625,
            -1.8486897001198137,
            -0.49879349760997455
        ],
        [
            0.9325875717079899,
            -1.3947194884457692,
            -1.9581423622134904
        ],
        [
            3.4186298263642416,
            -0.6046793973937961,
            0.44722186228075345
        ]
    ],
    "best_conformer_elements": [
        6,
        6,
        6,
        6,
        7,
        6,
        8,
        8,
        1,
        1,
        1,
        1,
        1,
        1,
        1,
        1,
        1,
        1,
        1
    ],
    "best_conformer_energy": -27.373817264751167,
    "ip": 13.506974265136158,
    "ip_corrected": 8.660974265136158,
    "ea": 2.3136315111669266,
    "homo": -0.3723883390708628,
    "lumo": -0.23840127182703938,
    "charges": {
        "1": -0.11497055569203266,
        "2": -0.012785204636822062,
        "3": -0.10645680629728471,
        "4": 0.026366686587875943,
        "5": -0.3312495868569741,
        "6": 0.34397769787256816,
        "7": -0.41541724677001907,
        "8": -0.37859580856233704,
        "9": 0.05791730170675096,
        "10": 0.039275408307059084,
        "11": 0.04321263864718103,
        "12": 0.04643547535634977,
        "13": 0.03020058382640916,
        "14": 0.04613664945110311,
        "15": 0.04218401223179462,
        "16": 0.06133668421177695,
        "17": 0.1529159776585219,
        "18": 0.14289728835375287,
        "19": 0.326618804604331
    },
    "dipole": [
        0.2607043386426043,
        -0.7737424153234564,
        0.01598162749482301
    ],
    "global_electrophilicity": 0.41944361022109083,
    "global_nucleophilicity": -8.660974265136158,
    "fukui_electrophilicity": {
        "1": -0.018989682072376945,
        "2": 0.006019853080729311,
        "3": -0.020086320938229763,
        "4": -0.005656852302256904,
        "5": 0.023369490881720467,
        "6": 0.18348471834803656,
        "7": 0.2836410094261596,
        "8": 0.135999123725628,
        "9": 0.027653662455914677,
        "10": 0.026318890542933453,
        "11": 0.04321379474026052,
        "12": 0.018320341988437266,
        "13": -0.008479741532100425,
        "14": 0.03195401913555126,
        "15": 0.045221450787945455,
        "16": 0.08971782839011477,
        "17": 0.03007871287838769,
        "18": 0.030245689038760834,
        "19": 0.07797401142439295
    },
    "fukui_nucleophilicity": {
        "1": -0.011665975820398217,
        "2": 0.007286923309165277,
        "3": -0.024346543651830477,
        "4": 0.0018730644421355858,
        "5": 0.14656623533771612,
        "6": 0.026116545474396402,
        "7": 0.15522128391257117,
        "8": 0.051104280147276915,
        "9": 0.03990722808328712,
        "10": 0.047023926489087,
        "11": 0.07255763428316193,
        "12": 0.060911752434091734,
        "13": 0.03875341233162675,
        "14": 0.04003915835464695,
        "15": 0.06653198215935507,
        "16": 0.07230571526165355,
        "17": 0.0758030186404767,
        "18": 0.08339524314526695,
        "19": 0.05061511567562654
    },
    "fukui_radical": {
        "1": -0.015327828946387581,
        "2": 0.006653388194947294,
        "3": -0.02221643229503012,
        "4": -0.001891893930060659,
        "5": 0.0849678631097183,
        "6": 0.10480063191121648,
        "7": 0.2194311466693654,
        "8": 0.09355170193645246,
        "9": 0.0337804452696009,
        "10": 0.03667140851601023,
        "11": 0.05788571451171123,
        "12": 0.0396160472112645,
        "13": 0.015136835399763161,
        "14": 0.0359965887450991,
        "15": 0.055876716473650265,
        "16": 0.08101177182588416,
        "17": 0.052940865759432194,
        "18": 0.05682046609201389,
        "19": 0.06429456355000975
    }
}