{
    "smiles": "CC(C)=C(C)[SnH3]",
    "best_conformer_coordinates": [
        [
            -1.2109075671057066,
            -1.012117694154851,
            1.15312537535429
        ],
        [
            -0.746181813155389,
            0.04109529032229502,
            0.20177469521444927
        ],
        [
            -1.806323902973283,
            1.0220530863983175,
            -0.21725252819509247
        ],
        [
            0.49536833809891145,
            0.14535141478374203,
            -0.266013724372256
        ],
        [
            0.8731710819181555,
            1.2383823722303564,
            -1.2200648761918838
        ],
        [
            2.0666178007572213,
            -1.210682391216345,
            0.27958190426485185
        ],
        [
            -2.019051493250887,
            -1.5890754013135067,
            0.7046422966928679
        ],
        [
            -1.595405737617815,
            -0.5499461422345551,
            2.0617793961614312
        ],
        [
            -0.4114501532705187,
            -1.696735070684509,
            1.4278085630852262
        ],
        [
            -1.943698162118525,
            1.0010060551292164,
            -1.298139030850698
        ],
        [
            -2.755542191434695,
            0.7901245962638959,
            0.2580801434586171
        ],
        [
            -1.5193549463190335,
            2.0375415790809934,
            0.05487400869655281
        ],
        [
            0.6957565514902567,
            2.2143696531026973,
            -0.7690471415457522
        ],
        [
            0.2717766250311532,
            1.1759430711643284,
            -2.12664939512242
        ],
        [
            1.9203565189117404,
            1.184343086248811,
            -1.5057845544158053
        ],
        [
            2.434378668044996,
            -1.232313642154063,
            1.9081682094530914
        ],
        [
            3.4621751476478186,
            -0.7555462516864108,
            -0.5110429822343041
        ],
        [
            1.7883152300540406,
            -2.8037936059893456,
            -0.13584035945310802
        ]
    ],
    "best_conformer_elements": [
        6,
        6,
        6,
        6,
        6,
        50,
        1,
        1,
        1,
        1,
        1,
        1,
        1,
        1,
        1,
        1,
        1,
        1
    ],
    "best_conformer_energy": -18.867719428001074,
    "ip": 13.149700400251177,
    "ip_corrected": 8.303700400251177,
    "ea": 2.7760901470765176,
    "homo": -0.3829985908293008,
    "lumo": -0.21094526755859985,
    "charges": {
        "1": -0.1029850786323303,
        "2": 0.0019063659854605813,
        "3": -0.10329662457944945,
        "4": -0.051412251176980964,
        "5": -0.094487844065007,
        "6": 0.025184426962122225,
        "7": 0.042659040537640386,
        "8": 0.04265646759825719,
        "9": 0.04345997791987765,
        "10": 0.04113263641691396,
        "11": 0.040032596583020066,
        "12": 0.04113326419510264,
        "13": 0.03214976981905746,
        "14": 0.032156417330403246,
        "15": 0.03488488648015157,
        "16": -0.006922568919642494,
        "17": -0.011321020773630501,
        "18": -0.006930461680983682
    },
    "dipole": [
        -0.8566626232161516,
        0.5003263057612849,
        -0.11475726524517156
    ],
    "global_electrophilicity": 0.46825723686770077,
    "global_nucleophilicity": -8.303700400251177,
    "fukui_electrophilicity": {
        "1": -0.04026475613114583,
        "2": 0.13828774247252817,
        "3": -0.03877279299526466,
        "4": 0.08062679961904982,
        "5": -0.029908361702911293,
        "6": 0.022875745850139934,
        "7": 0.07347423945075482,
        "8": 0.07349218930176421,
        "9": 0.057579237972533386,
        "10": 0.06213119053878307,
        "11": 0.058880088904079336,
        "12": 0.062109280059407135,
        "13": 0.056153009187013325,
        "14": 0.056155666299441936,
        "15": 0.050436214835654955,
        "16": 0.09780945758079496,
        "17": 0.12102711832017762,
        "18": 0.09790793043717647
    },
    "fukui_nucleophilicity": {
        "1": -0.027414834522804743,
        "2": 0.07420850529569813,
        "3": -0.031242757676493663,
        "4": 0.06355484806020324,
        "5": -0.028825890065596618,
        "6": 0.01644310575784025,
        "7": 0.08611000744827876,
        "8": 0.08605550156313246,
        "9": 0.04953825453328232,
        "10": 0.07239989933857664,
        "11": 0.053233353593375526,
        "12": 0.07235067587325641,
        "13": 0.08523371643476851,
        "14": 0.0853238933801665,
        "15": 0.05844945078441852,
        "16": 0.10282645557038445,
        "17": 0.07922460953409027,
        "18": 0.10253120509727962
    },
    "fukui_radical": {
        "1": -0.033839795326975286,
        "2": 0.10624812388411316,
        "3": -0.03500777533587916,
        "4": 0.07209082383962653,
        "5": -0.029367125884253956,
        "6": 0.01965942580399009,
        "7": 0.07979212344951679,
        "8": 0.07977384543244834,
        "9": 0.05355874625290785,
        "10": 0.06726554493867985,
        "11": 0.05605672124872743,
        "12": 0.06722997796633177,
        "13": 0.07069336281089092,
        "14": 0.07073977983980421,
        "15": 0.05444283281003674,
        "16": 0.1003179565755897,
        "17": 0.10012586392713396,
        "18": 0.10021956776722804
    }
}