{
    "smiles": "CC(C)=C(C)[GeH3]",
    "best_conformer_coordinates": [
        [
            -1.6560087918534558,
            -1.1431629596534787,
            -0.37577023675331506
        ],
        [
            -0.7369351493299523,
            8.079505238235938e-05,
            -0.044142554467888374
        ],
        [
            -1.4187524271750809,
            1.303097665239468,
            0.23034616242877248
        ],
        [
            0.5881452695749945,
            -0.15661951560363274,
            -0.0027155439485905923
        ],
        [
            1.2081674264005904,
            -1.4967235712580627,
            -0.28983548533334846
        ],
        [
            1.8171983724994345,
            1.3081927088946637,
            0.4253439673682486
        ],
        [
            -1.430460648078649,
            -1.5439947670105367,
            -1.3640123690658785
        ],
        [
            -2.694663914730208,
            -0.8235114353145233,
            -0.36077776227391734
        ],
        [
            -1.532675173082653,
            -1.9560561924700037,
            0.33988034099873615
        ],
        [
            -0.698066204674093,
            2.0855743932961954,
            0.4630156789865307
        ],
        [
            -2.00231347042994,
            1.6118464217687618,
            -0.6373736694607637
        ],
        [
            -2.1048557102350296,
            1.1982542793975461,
            1.0712255420574077
        ],
        [
            0.9511278235828705,
            -1.836666568909404,
            -1.2937125564141432
        ],
        [
            2.2926924209603863,
            -1.4473867966438518,
            -0.2130399324016168
        ],
        [
            0.8490635130306107,
            -2.2495094392749384,
            0.412841411998841
        ],
        [
            3.2240173325224846,
            0.7954846961025054,
            0.3853863286932905
        ],
        [
            1.602638154191635,
            1.894043221540173,
            1.7894015716876819
        ],
        [
            1.7416811715332086,
            2.457057075430741,
            -0.5360608940997167
        ]
    ],
    "best_conformer_elements": [
        6,
        6,
        6,
        6,
        6,
        32,
        1,
        1,
        1,
        1,
        1,
        1,
        1,
        1,
        1,
        1,
        1,
        1
    ],
    "best_conformer_energy": -18.715279914368157,
    "ip": 13.007256480899507,
    "ip_corrected": 8.161256480899507,
    "ea": 2.5510664310176847,
    "homo": -0.3751316499691143,
    "lumo": -0.20686800624596627,
    "charges": {
        "1": -0.10667975556205686,
        "2": 0.004696600884563459,
        "3": -0.10855066451103548,
        "4": -0.059669598055036875,
        "5": -0.0987792814686069,
        "6": 0.09483031517929147,
        "7": 0.04230282917390958,
        "8": 0.039387234323768124,
        "9": 0.042304745096911726,
        "10": 0.052911339955279295,
        "11": 0.04601384663021215,
        "12": 0.046013016899906056,
        "13": 0.035858166468711816,
        "14": 0.03891355441508698,
        "15": 0.03586035020377562,
        "16": -0.034220877321950664,
        "17": -0.035602015389423376,
        "18": -0.035589806923305586
    },
    "dipole": [
        -0.5552046334220753,
        -0.3670084134644943,
        -0.12209255174740706
    ],
    "global_electrophilicity": 0.4114039667258336,
    "global_nucleophilicity": -8.161256480899507,
    "fukui_electrophilicity": {
        "1": -0.03889384564570071,
        "2": 0.13957332778656073,
        "3": -0.039102318568165984,
        "4": 0.09189740126189194,
        "5": -0.03111630220857957,
        "6": 0.02417637290691932,
        "7": 0.06404390746828725,
        "8": 0.0616909622160067,
        "9": 0.0640524897704679,
        "10": 0.0521825627758125,
        "11": 0.07418377078660487,
        "12": 0.07418216358448816,
        "13": 0.05825994788129177,
        "14": 0.054134693459559596,
        "15": 0.05826245130529106,
        "16": 0.1034918693338375,
        "17": 0.09448866731225306,
        "18": 0.09449187857316833
    },
    "fukui_nucleophilicity": {
        "1": -0.03086297990572648,
        "2": 0.07484032691662955,
        "3": -0.027254680831538508,
        "4": 0.07291507176165976,
        "5": -0.028947431096350118,
        "6": -0.005785568973713157,
        "7": 0.07424384973703914,
        "8": 0.05533950348462465,
        "9": 0.07425786624717462,
        "10": 0.04708173408638094,
        "11": 0.08511129652330432,
        "12": 0.08510127146338614,
        "13": 0.08434851632139916,
        "14": 0.058935604015095025,
        "15": 0.0843551320908051,
        "16": 0.07440169565278223,
        "17": 0.11096704136105198,
        "18": 0.11095175132803176
    },
    "fukui_radical": {
        "1": -0.034878412775713595,
        "2": 0.10720682735159513,
        "3": -0.033178499699852246,
        "4": 0.08240623651177585,
        "5": -0.030031866652464843,
        "6": 0.009195401966603081,
        "7": 0.0691438786026632,
        "8": 0.05851523285031568,
        "9": 0.06915517800882126,
        "10": 0.049632148431096715,
        "11": 0.0796475336549546,
        "12": 0.07964171752393714,
        "13": 0.07130423210134547,
        "14": 0.05653514873732731,
        "15": 0.07130879169804807,
        "16": 0.08894678249330987,
        "17": 0.10272785433665252,
        "18": 0.10272181495060004
    }
}