{
    "smiles": "CC1(C)COC(=O)OC1",
    "best_conformer_coordinates": [
        [
            -0.7772422916451768,
            -0.9059958459519791,
            -1.0501297765324176
        ],
        [
            -0.4011468717349337,
            0.11300911261419311,
            0.027042821970479993
        ],
        [
            -1.6398797323474885,
            0.8655151145217569,
            0.5060133347087976
        ],
        [
            0.6428701673550503,
            1.0962717061763168,
            -0.5070930564339126
        ],
        [
            1.8822625440949914,
            0.4610443228418329,
            -0.7942682331384799
        ],
        [
            2.3021862162146856,
            -0.6152736949232147,
            -0.1225719410481156
        ],
        [
            3.3491130722444744,
            -1.1182993365443619,
            -0.39702468849043715
        ],
        [
            1.5408214674526293,
            -1.142096621703686,
            0.8412736891868433
        ],
        [
            0.2855644034986304,
            -0.5817746065416031,
            1.2050860583121885
        ],
        [
            -1.22946314574861,
            -0.4027403811189374,
            -1.901500194074609
        ],
        [
            0.09869318470799164,
            -1.4488093714675305,
            -1.399446073078919
        ],
        [
            -1.4896924534320017,
            -1.6256514068977261,
            -0.6537534892430792
        ],
        [
            -1.3844803850166871,
            1.5932947846013081,
            1.2726282134334626
        ],
        [
            -2.1034017766110926,
            1.3899151450261775,
            -0.32556589084818194
        ],
        [
            -2.363529821304293,
            0.16852353312962745,
            0.9206300266831503
        ],
        [
            0.8212802685108328,
            1.8964069751319195,
            0.22281935394466504
        ],
        [
            0.32679459856622356,
            1.5488983929585283,
            -1.4505278215385515
        ],
        [
            -0.3057506701391226,
            -1.4211498344835498,
            1.5801248396048926
        ],
        [
            0.44500122533384057,
            0.1289120126310295,
            2.026262821290478
        ]
    ],
    "best_conformer_elements": [
        6,
        6,
        6,
        6,
        8,
        6,
        8,
        8,
        6,
        1,
        1,
        1,
        1,
        1,
        1,
        1,
        1,
        1,
        1
    ],
    "best_conformer_energy": -30.18476057945945,
    "ip": 14.62352859147337,
    "ip_corrected": 9.77752859147337,
    "ea": 1.5718457311142473,
    "homo": -0.43020839153961443,
    "lumo": -0.20937266071020708,
    "charges": {
        "1": -0.11144884456933352,
        "2": 0.008312063279533988,
        "3": -0.12399142128788232,
        "4": 0.07303240516294912,
        "5": -0.27544687940433726,
        "6": 0.48773161281149424,
        "7": -0.39801760852007617,
        "8": -0.2754903072375192,
        "9": 0.07304384949161111,
        "10": 0.04987081336755448,
        "11": 0.051635867848142704,
        "12": 0.04987363352571857,
        "13": 0.044412132207616105,
        "14": 0.05567391606202446,
        "15": 0.0556761742617983,
        "16": 0.04862283771618484,
        "17": 0.0689581606097774,
        "18": 0.06894799194771105,
        "19": 0.048603602727033325
    },
    "dipole": [
        -2.425267852156639,
        1.0254060771823925,
        0.49847164050927173
    ],
    "global_electrophilicity": 0.40506153528434924,
    "global_nucleophilicity": -9.77752859147337,
    "fukui_electrophilicity": {
        "1": -0.020067830810694465,
        "2": 0.00236907200558574,
        "3": -0.01963801076457239,
        "4": -0.032956573292020314,
        "5": 0.11611627071401687,
        "6": 0.19105939521323995,
        "7": 0.2701948493652061,
        "8": 0.11610737526424703,
        "9": -0.03296096883540024,
        "10": 0.035286968709197564,
        "11": -0.013638877081396501,
        "12": 0.03528393221712525,
        "13": 0.02354573102813504,
        "14": 0.0328850643835082,
        "15": 0.032886291262511844,
        "16": 0.061970139550811265,
        "17": 0.06979502696161151,
        "18": 0.06979652224296723,
        "19": 0.06196562186592392
    },
    "fukui_nucleophilicity": {
        "1": -0.025340483254337853,
        "2": 0.027891617864627086,
        "3": -0.024722952367733447,
        "4": -0.006202269015062489,
        "5": 0.08932304838074717,
        "6": 0.005201317301884445,
        "7": 0.19461723799360936,
        "8": 0.08933648411754752,
        "9": -0.006201563025894863,
        "10": 0.06718645350508626,
        "11": 0.03092552997775714,
        "12": 0.06718799287802724,
        "13": 0.04524409635700035,
        "14": 0.06822751212908038,
        "15": 0.06822177045339056,
        "16": 0.0618596602039962,
        "17": 0.09268342978100792,
        "18": 0.0926953769194745,
        "19": 0.06186573979978879
    },
    "fukui_radical": {
        "1": -0.02270415703251616,
        "2": 0.015130344935106413,
        "3": -0.022180481566152918,
        "4": -0.0195794211535414,
        "5": 0.10271965954738202,
        "6": 0.0981303562575622,
        "7": 0.23240604367940773,
        "8": 0.10272192969089727,
        "9": -0.019581265930647553,
        "10": 0.051236711107141904,
        "11": 0.008643326448180319,
        "12": 0.051235962547576244,
        "13": 0.0343949136925677,
        "14": 0.05055628825629429,
        "15": 0.0505540308579512,
        "16": 0.06191489987740373,
        "17": 0.08123922837130972,
        "18": 0.08124594958122087,
        "19": 0.061915680832856354
    }
}