{
    "smiles": "CC1=CC(=O)OC1=O",
    "best_conformer_coordinates": [
        [
            -1.7293168244989934,
            -0.31437115609494476,
            -0.09493478313709741
        ],
        [
            -0.2757083652655886,
            -0.0740281120958635,
            -0.015986039768140923
        ],
        [
            0.7694724239126999,
            -0.9065191604215611,
            0.00502587064868623
        ],
        [
            2.0087351590518763,
            -0.10663667311337234,
            0.09349423014334211
        ],
        [
            3.14528082160778,
            -0.4559063475762146,
            0.13611799213065948
        ],
        [
            1.6358557944968533,
            1.224638090648631,
            0.12278222148254603
        ],
        [
            0.2751368420997899,
            1.3207446210352096,
            0.06029828941210001
        ],
        [
            -0.31508542236301507,
            2.354859867199137,
            0.06849161021855034
        ],
        [
            -1.9501966831222544,
            -1.3765672381720293,
            -0.1434111391132706
        ],
        [
            -2.2191669072081126,
            0.1251055689000805,
            0.7735077810368292
        ],
        [
            -2.134568417087444,
            0.18723234570614797,
            -0.9732573052325193
        ],
        [
            0.7895615836681945,
            -1.9785518113069496,
            -0.032128727821678464
        ]
    ],
    "best_conformer_elements": [
        6,
        6,
        6,
        6,
        8,
        8,
        6,
        8,
        1,
        1,
        1,
        1
    ],
    "best_conformer_energy": -24.933453853788524,
    "ip": 15.367016886050536,
    "ip_corrected": 10.521016886050536,
    "ea": 6.259677704138822,
    "homo": -0.45257537614647947,
    "lumo": -0.3483370545568285,
    "charges": {
        "1": -0.11506493096380609,
        "2": 0.004796423248107168,
        "3": -0.07632340451443974,
        "4": 0.357153934724163,
        "5": -0.3051129852992528,
        "6": -0.24684222389195615,
        "7": 0.3548882967724011,
        "8": -0.3082648265295934,
        "9": 0.07038432779582926,
        "10": 0.08790565124924052,
        "11": 0.08790563751742116,
        "12": 0.0885740998918885
    },
    "dipole": [
        -1.506851857662907,
        -1.2386157274954905,
        -0.11703197924197375
    ],
    "global_electrophilicity": 1.9549746105315842,
    "global_nucleophilicity": -10.521016886050536,
    "fukui_electrophilicity": {
        "1": -0.03591806506235393,
        "2": 0.09150168852230987,
        "3": 0.061052047909033416,
        "4": 0.0544017931280662,
        "5": 0.19606930825878977,
        "6": 0.08657588730178056,
        "7": 0.05329852995723877,
        "8": 0.1932194104445525,
        "9": 0.061320407449036926,
        "10": 0.06877778574156052,
        "11": 0.0687777355831789,
        "12": 0.1009234707668174
    },
    "fukui_nucleophilicity": {
        "1": -0.012201847809653596,
        "2": 0.050915996534831476,
        "3": 0.04736601972268571,
        "4": 0.020808031240403146,
        "5": 0.1973517374524188,
        "6": 0.10198870075516625,
        "7": 0.02456971766861693,
        "8": 0.1937699330580438,
        "9": 0.09903008227341425,
        "10": 0.09113486694555695,
        "11": 0.09113501158586963,
        "12": 0.09413175064375984
    },
    "fukui_radical": {
        "1": -0.02405995643600376,
        "2": 0.07120884252857068,
        "3": 0.054209033815859564,
        "4": 0.03760491218423467,
        "5": 0.19671052285560428,
        "6": 0.0942822940284734,
        "7": 0.03893412381292785,
        "8": 0.19349467175129814,
        "9": 0.08017524486122558,
        "10": 0.07995632634355873,
        "11": 0.07995637358452426,
        "12": 0.09752761070528862
    }
}