{
    "smiles": "Cc1ccc2[nH]ccc2c1",
    "best_conformer_coordinates": [
        [
            2.9268463660421054,
            -0.7219552038832578,
            -0.25611787273949516
        ],
        [
            1.5178956876761671,
            -0.2455622140322033,
            -0.05344971156759507
        ],
        [
            1.2996154367953057,
            0.9415636426663789,
            0.6638281066504316
        ],
        [
            0.03580999236260177,
            1.4386932526091676,
            0.8885952602851689
        ],
        [
            -1.038147489456174,
            0.7212736176732654,
            0.377438785076746
        ],
        [
            -2.3817647919726084,
            0.9585699926601248,
            0.43697765602814187
        ],
        [
            -3.0387296087048696,
            -0.04357726620642112,
            -0.22270453148380043
        ],
        [
            -2.1417132292686696,
            -0.9392838976231601,
            -0.7166956293380911
        ],
        [
            -0.8465241030641784,
            -0.4775961120634671,
            -0.34884239467717076
        ],
        [
            0.4480416429777832,
            -0.9537619165001592,
            -0.5587068129516379
        ],
        [
            2.945880883741597,
            -1.6479107486762137,
            -0.8252807380793143
        ],
        [
            3.508769970166284,
            0.026984946683466307,
            -0.7926566055155816
        ],
        [
            3.4123815144139757,
            -0.8948945958564116,
            0.7039617935260498
        ],
        [
            2.1563961629902453,
            1.476308662903782,
            1.0484534054878374
        ],
        [
            -0.11580126169964015,
            2.3539236841874724,
            1.4426983652406709
        ],
        [
            -2.817501420122339,
            1.7421323951601755,
            0.8919756483310531
        ],
        [
            -4.110213069519014,
            -0.04128638448766673,
            -0.2903922711147532
        ],
        [
            -2.3658826461850833,
            -1.825123047682185,
            -1.2768851771599448
        ],
        [
            0.6046399628241016,
            -1.8684988075350208,
            -1.1121972759979997
        ]
    ],
    "best_conformer_elements": [
        6,
        6,
        6,
        6,
        6,
        7,
        6,
        6,
        6,
        6,
        1,
        1,
        1,
        1,
        1,
        1,
        1,
        1,
        1
    ],
    "best_conformer_energy": -26.787249115512754,
    "ip": 12.509930434619179,
    "ip_corrected": 7.6639304346191786,
    "ea": 3.262971500461673,
    "homo": -0.3586467138288061,
    "lumo": -0.22260091333813523,
    "charges": {
        "1": -0.10657044082368783,
        "2": 0.005377370106533691,
        "3": -0.04653911258144493,
        "4": -0.05504195287614968,
        "5": 0.03986133196571567,
        "6": -0.10217820906519032,
        "7": 0.0012424339717036492,
        "8": -0.07359965510612554,
        "9": -0.011962599290593588,
        "10": -0.047537226533410804,
        "11": 0.037228518923714544,
        "12": 0.04033469656903648,
        "13": 0.040335902136284386,
        "14": 0.02611663673296478,
        "15": 0.01961485718907976,
        "16": 0.15279135061115157,
        "17": 0.02690094004774115,
        "18": 0.027255586305808766,
        "19": 0.026369571716861356
    },
    "dipole": [
        -0.4554053475338027,
        0.48749389601879506,
        0.2711572576732132
    ],
    "global_electrophilicity": 0.49985850222983413,
    "global_nucleophilicity": -7.6639304346191786,
    "fukui_electrophilicity": {
        "1": -0.02630911532121237,
        "2": 0.040321383284986224,
        "3": 0.04787960182589336,
        "4": 0.06720509197941571,
        "5": 0.016863053596127227,
        "6": 0.046977705683998894,
        "7": 0.06769848254876258,
        "8": 0.0380178917761714,
        "9": 0.03670254124019221,
        "10": 0.06598678306111164,
        "11": 0.038393698697555274,
        "12": 0.04474757951659029,
        "13": 0.04474720696265843,
        "14": 0.08321312563936033,
        "15": 0.08399103738814549,
        "16": 0.057439779977044136,
        "17": 0.08812183531039058,
        "18": 0.07617680946334746,
        "19": 0.08182550736943975
    },
    "fukui_nucleophilicity": {
        "1": -0.02530504330357561,
        "2": 0.05338267651978092,
        "3": 0.027299056472369992,
        "4": 0.0485728699200435,
        "5": 0.022818778469815844,
        "6": 0.07684867113385602,
        "7": 0.03333039588245203,
        "8": 0.06456084230240884,
        "9": 0.026136750830900515,
        "10": 0.05486307252732106,
        "11": 0.0467003725577173,
        "12": 0.07015926605340508,
        "13": 0.07015543104853683,
        "14": 0.06841950716849007,
        "15": 0.07107130985288598,
        "16": 0.062455928393869625,
        "17": 0.07880641188759477,
        "18": 0.0779218308588459,
        "19": 0.07180187142328057
    },
    "fukui_radical": {
        "1": -0.02580707931239399,
        "2": 0.046852029902383574,
        "3": 0.03758932914913168,
        "4": 0.05788898094972961,
        "5": 0.019840916032971535,
        "6": 0.061913188408927455,
        "7": 0.050514439215607304,
        "8": 0.05128936703929012,
        "9": 0.03141964603554637,
        "10": 0.06042492779421635,
        "11": 0.04254703562763629,
        "12": 0.05745342278499769,
        "13": 0.05745131900559763,
        "14": 0.07581631640392521,
        "15": 0.07753117362051573,
        "16": 0.05994785418545688,
        "17": 0.08346412359899269,
        "18": 0.07704932016109668,
        "19": 0.07681368939636016
    }
}