{
    "smiles": "Cc1ccccc1N",
    "best_conformer_coordinates": [
        [
            -1.271751226318813,
            -1.5201812847423941,
            -0.7930252073671508
        ],
        [
            -0.19781297063734296,
            -0.6180588570969822,
            -0.25729003329851957
        ],
        [
            1.1206615361516343,
            -1.0374158536638076,
            -0.20627504949323247
        ],
        [
            2.1220368768846964,
            -0.22170734184458618,
            0.2935346212633155
        ],
        [
            1.8019835260296082,
            1.042500909117617,
            0.7547637859075749
        ],
        [
            0.4941120701053071,
            1.483467029891938,
            0.7069486667267261
        ],
        [
            -0.5176326046426502,
            0.668079343466512,
            0.20362544992186304
        ],
        [
            -1.832725071371267,
            1.1032964657201187,
            0.23089000608817192
        ],
        [
            -1.7272354448655838,
            -1.0964469726451262,
            -1.6904105216601746
        ],
        [
            -2.0557543007491357,
            -1.665570840862981,
            -0.05011923332875021
        ],
        [
            -0.856979191421844,
            -2.490812968303413,
            -1.052154591180699
        ],
        [
            1.368974005431609,
            -2.0267848493306095,
            -0.5647387208017668
        ],
        [
            3.142545398980206,
            -0.5724912966233061,
            0.32298259831149495
        ],
        [
            2.5715679526747053,
            1.6902576538131742,
            1.1485128696850302
        ],
        [
            0.2402886304848006,
            2.4722653518483835,
            1.064060526545233
        ],
        [
            -1.9517334629527692,
            2.098505378794906,
            0.33773163614250234
        ],
        [
            -2.450545723783153,
            0.6910981218770375,
            -0.44903679287802123
        ]
    ],
    "best_conformer_elements": [
        6,
        6,
        6,
        6,
        6,
        6,
        6,
        7,
        1,
        1,
        1,
        1,
        1,
        1,
        1,
        1,
        1
    ],
    "best_conformer_energy": -22.485934783998022,
    "ip": 12.580336604374278,
    "ip_corrected": 7.734336604374278,
    "ea": 2.5200041088565666,
    "homo": -0.351613382465331,
    "lumo": -0.20557670689290528,
    "charges": {
        "1": -0.10447838047018049,
        "2": -0.01316388358759981,
        "3": -0.04100515166144823,
        "4": -0.04742843037368171,
        "5": -0.03523036296626251,
        "6": -0.06290363769071358,
        "7": 0.07033428874603856,
        "8": -0.2841287704485019,
        "9": 0.032199852691215745,
        "10": 0.04288609604694185,
        "11": 0.03975763055432252,
        "12": 0.024510443973716083,
        "13": 0.022364250528905828,
        "14": 0.023635582288038956,
        "15": 0.019884972892756373,
        "16": 0.1530456896516341,
        "17": 0.15971980982482006
    },
    "dipole": [
        -0.6607374270360317,
        0.2692963579757215,
        -0.4278945934628952
    ],
    "global_electrophilicity": 0.36343417679562845,
    "global_nucleophilicity": -7.734336604374278,
    "fukui_electrophilicity": {
        "1": -0.03482200808300691,
        "2": 0.08473287553169101,
        "3": 0.06091680717905422,
        "4": 0.03760811651571997,
        "5": 0.06964810588669967,
        "6": 0.058027795857311326,
        "7": 0.047319476373869726,
        "8": 0.0336737954675031,
        "9": 0.05912345151464175,
        "10": 0.057424003019288426,
        "11": 0.05026318711904157,
        "12": 0.09515366750699117,
        "13": 0.09120007664946624,
        "14": 0.09867505209400292,
        "15": 0.09323150428945993,
        "16": 0.049085044704921005,
        "17": 0.048739048373345306
    },
    "fukui_nucleophilicity": {
        "1": -0.03158850087394055,
        "2": 0.06267680571408615,
        "3": 0.02043274874591617,
        "4": 0.06973952405885384,
        "5": 0.03739215705438843,
        "6": 0.03393370156373272,
        "7": 0.04596884723882795,
        "8": 0.11582747260046389,
        "9": 0.06812172790425489,
        "10": 0.06455485428901818,
        "11": 0.05649161048400678,
        "12": 0.07227867646663079,
        "13": 0.08447207406498519,
        "14": 0.0781984057612691,
        "15": 0.0712478270842519,
        "16": 0.07698684527880481,
        "17": 0.07326522256564674
    },
    "fukui_radical": {
        "1": -0.03320525447847373,
        "2": 0.07370484062288858,
        "3": 0.0406747779624852,
        "4": 0.05367382028728691,
        "5": 0.05352013147054405,
        "6": 0.04598074871052202,
        "7": 0.04664416180634884,
        "8": 0.07475063403398349,
        "9": 0.06362258970944833,
        "10": 0.0609894286541533,
        "11": 0.05337739880152417,
        "12": 0.08371617198681097,
        "13": 0.0878360753572257,
        "14": 0.08843672892763602,
        "15": 0.08223966568685592,
        "16": 0.06303594499186291,
        "17": 0.061002135469496024
    }
}