{
    "smiles": "CC1CN1",
    "best_conformer_coordinates": [
        [
            -1.316674099837645,
            -0.06421885197890745,
            -0.06978569839966631
        ],
        [
            0.04143581623476177,
            0.052275552707342916,
            0.5760576802060372
        ],
        [
            1.250583416891175,
            -0.4356460069378097,
            -0.1221436873078644
        ],
        [
            1.0278429741690496,
            0.981651611269409,
            0.07528016961293206
        ],
        [
            -1.9756988959207942,
            0.7243610539504811,
            0.29028074478057925
        ],
        [
            -1.2373848804149774,
            0.017545863762740414,
            -1.1529751875538135
        ],
        [
            -1.7662688949401342,
            -1.025604445099119,
            0.17192792260889767
        ],
        [
            0.02921662462453541,
            -0.012630197095028401,
            1.659492320478909
        ],
        [
            2.06901607638101,
            -0.8480875988436559,
            0.4519040939033663
        ],
        [
            1.142531682824344,
            -0.8601348327182748,
            -1.1140172547635037
        ],
        [
            0.7354001746969129,
            1.470487850982833,
            -0.7660211035658737
        ]
    ],
    "best_conformer_elements": [
        6,
        6,
        6,
        7,
        1,
        1,
        1,
        1,
        1,
        1,
        1
    ],
    "best_conformer_energy": -12.876938586208434,
    "ip": 13.977372063691556,
    "ip_corrected": 9.131372063691556,
    "ea": -1.9954673709120383,
    "homo": -0.37174415299384833,
    "lumo": -0.06491753031736072,
    "charges": {
        "1": -0.10929209215608243,
        "2": 0.04699831301360377,
        "3": 0.0007196385033603168,
        "4": -0.2830942293471591,
        "5": 0.041895621547016496,
        "6": 0.03841785583553288,
        "7": 0.04011329783438089,
        "8": 0.03510349274324877,
        "9": 0.037456960614720654,
        "10": 0.01825340128125854,
        "11": 0.13342774013012879
    },
    "dipole": [
        -0.48479093046354793,
        -0.3510278788158972,
        -0.41384691742195623
    ],
    "global_electrophilicity": 0.041035780797478084,
    "global_nucleophilicity": -9.131372063691556,
    "fukui_electrophilicity": {
        "1": -0.04675085970615023,
        "2": 0.08471104350917368,
        "3": 0.06080312109316116,
        "4": 0.1634468782919063,
        "5": 0.09264320577359494,
        "6": 0.06054789939127356,
        "7": 0.09339590493221653,
        "8": 0.12187053147223365,
        "9": 0.13140816708518302,
        "10": 0.13031907038385976,
        "11": 0.10760503777357006
    },
    "fukui_nucleophilicity": {
        "1": -0.0279678534830749,
        "2": 0.014500716597707818,
        "3": 0.0034841005714290572,
        "4": 0.23631115267656821,
        "5": 0.12052526674818469,
        "6": 0.07311533139649569,
        "7": 0.11507950074994924,
        "8": 0.11788287642491528,
        "9": 0.12999277278474164,
        "10": 0.11319855946461621,
        "11": 0.10387757634386732
    },
    "fukui_radical": {
        "1": -0.037359356594612564,
        "2": 0.04960588005344074,
        "3": 0.03214361083229511,
        "4": 0.19987901548423725,
        "5": 0.10658423626088982,
        "6": 0.06683161539388462,
        "7": 0.10423770284108289,
        "8": 0.11987670394857447,
        "9": 0.13070046993496232,
        "10": 0.12175881492423798,
        "11": 0.10574130705871869
    }
}