{
    "smiles": "CC1COCC1C",
    "best_conformer_coordinates": [
        [
            -1.0609522972579486,
            1.403984965525025,
            0.1171189622285588
        ],
        [
            -0.5441435175190152,
            0.25288042431328245,
            -0.7386413598298346
        ],
        [
            -1.4333611743515073,
            -0.9847613283920171,
            -0.5860536922581888
        ],
        [
            -1.0055995322319533,
            -1.629458829646284,
            0.5967920601609356
        ],
        [
            0.3661745497398938,
            -1.3376470178469981,
            0.8108235612881972
        ],
        [
            0.8024611193836435,
            -0.3269698590092737,
            -0.263977156719201
        ],
        [
            1.8279107549287346,
            0.6785235446190598,
            0.23654785639274123
        ],
        [
            -1.146813106298954,
            1.095610411260855,
            1.1558830246493128
        ],
        [
            -0.39936819892507996,
            2.263901303690819,
            0.054007962657240685
        ],
        [
            -2.0458580019398225,
            1.706689957502786,
            -0.23249980260245856
        ],
        [
            -0.4897013114225345,
            0.5721733270764028,
            -1.7820036691540846
        ],
        [
            -1.3100314902357872,
            -1.6577411904047448,
            -1.448889576080591
        ],
        [
            -2.4927646258353304,
            -0.7494407704491228,
            -0.4711391490890905
        ],
        [
            0.4723843215084405,
            -0.9201439814155764,
            1.8191242496313458
        ],
        [
            0.9503170598762885,
            -2.264113065152672,
            0.7601998193851734
        ],
        [
            1.2394020307907498,
            -0.8774156538074888,
            -1.1044677611866827
        ],
        [
            1.4701099117559173,
            1.2001153715880355,
            1.119881042554869
        ],
        [
            2.7510595277026346,
            0.16434603660675748,
            0.4954357244768407
        ],
        [
            2.0487739856230363,
            1.4094663433574408,
            -0.5381421017970642
        ]
    ],
    "best_conformer_elements": [
        6,
        6,
        6,
        8,
        6,
        6,
        6,
        1,
        1,
        1,
        1,
        1,
        1,
        1,
        1,
        1,
        1,
        1,
        1
    ],
    "best_conformer_energy": -23.03965466131018,
    "ip": 13.54742096180743,
    "ip_corrected": 8.70142096180743,
    "ea": -3.610836932986277,
    "homo": -0.3846768668184174,
    "lumo": 0.020753756757012163,
    "charges": {
        "1": -0.1064977500284615,
        "2": -0.02144356801436513,
        "3": 0.07899270781903668,
        "4": -0.323889759293707,
        "5": 0.07671111164980746,
        "6": -0.022713760347625157,
        "7": -0.10841489700508497,
        "8": 0.04860117886308696,
        "9": 0.04088208248203289,
        "10": 0.03583537749154406,
        "11": 0.026416892050568207,
        "12": 0.01711866374658209,
        "13": 0.04333251143542921,
        "14": 0.034784120866602014,
        "15": 0.026301238171667806,
        "16": 0.029506031027539494,
        "17": 0.045372899811695226,
        "18": 0.037663944872857465,
        "19": 0.04144097440076661
    },
    "dipole": [
        0.4434058375013622,
        0.556019697967091,
        -0.378224259369763
    ],
    "global_electrophilicity": 0.00043580580500350607,
    "global_nucleophilicity": -8.70142096180743,
    "fukui_electrophilicity": {
        "1": -0.032130444812129885,
        "2": 0.01657227872979577,
        "3": 0.022367109722887857,
        "4": 0.1549874088800539,
        "5": 0.023247982070717876,
        "6": 0.017698065543456425,
        "7": -0.012146110041766314,
        "8": 0.03014620824717308,
        "9": 0.05975181743101145,
        "10": 0.0513411296424488,
        "11": 0.09065798652628829,
        "12": 0.08530827286086919,
        "13": 0.09352652624301594,
        "14": 0.08970032832924327,
        "15": 0.09071706483271681,
        "16": 0.05945223257467493,
        "17": 0.04690757016225442,
        "18": 0.055697995916421134,
        "19": 0.056196577140792625
    },
    "fukui_nucleophilicity": {
        "1": -0.021877580035143188,
        "2": 0.003356659419880996,
        "3": -0.02323095782433516,
        "4": 0.18777640959996655,
        "5": -0.029617066704583833,
        "6": -0.0016659545086112199,
        "7": -0.023997819090026407,
        "8": 0.026598664473203304,
        "9": 0.07496321249787022,
        "10": 0.06882397756514515,
        "11": 0.06086983498613508,
        "12": 0.13014632028781847,
        "13": 0.08375704539268847,
        "14": 0.12263950546243127,
        "15": 0.13428734871347722,
        "16": 0.06980210012419669,
        "17": 0.03266063989191407,
        "18": 0.053580474500613866,
        "19": 0.051127185247414005
    },
    "fukui_radical": {
        "1": -0.027004012423636536,
        "2": 0.009964469074838382,
        "3": -0.00043192405072365117,
        "4": 0.17138190924001023,
        "5": -0.0031845423169329784,
        "6": 0.008016055517422602,
        "7": -0.01807196456589636,
        "8": 0.028372436360188193,
        "9": 0.06735751496444084,
        "10": 0.060082553603796975,
        "11": 0.07576391075621168,
        "12": 0.10772729657434382,
        "13": 0.0886417858178522,
        "14": 0.10616991689583727,
        "15": 0.11250220677309701,
        "16": 0.06462716634943581,
        "17": 0.039784105027084245,
        "18": 0.0546392352085175,
        "19": 0.05366188119410332
    }
}