{
    "smiles": "CC1CS1",
    "best_conformer_coordinates": [
        [
            1.2409668723126785,
            0.1356955780007886,
            -0.16276275440305488
        ],
        [
            -0.08695770551534042,
            -0.5372458892443417,
            0.042960900998985405
        ],
        [
            -1.303360147263066,
            0.26912373102867737,
            0.29761028983217197
        ],
        [
            -1.268164935658617,
            -0.5050332675328237,
            -1.3291415665579163
        ],
        [
            1.111956458683807,
            1.0813414955058365,
            -0.6843747448266642
        ],
        [
            1.9024309118307532,
            -0.49736396758567997,
            -0.7504539077284318
        ],
        [
            1.7103855651485484,
            0.3256011883924196,
            0.8021551234057458
        ],
        [
            -0.03204207450138565,
            -1.507191939979342,
            0.5274531237038016
        ],
        [
            -1.2148404256715302,
            1.347502594371553,
            0.28698891481902705
        ],
        [
            -2.0603745246575924,
            -0.1124295176652462,
            0.9695646207563042
        ]
    ],
    "best_conformer_elements": [
        6,
        6,
        6,
        16,
        1,
        1,
        1,
        1,
        1,
        1
    ],
    "best_conformer_energy": -12.705014627540795,
    "ip": 13.431564504190181,
    "ip_corrected": 8.585564504190181,
    "ea": 2.9124257887647005,
    "homo": -0.3596915794075694,
    "lumo": -0.2234826029438613,
    "charges": {
        "1": -0.10743209285698843,
        "2": 0.04260660938556486,
        "3": -0.00898890215941027,
        "4": -0.22749903968762336,
        "5": 0.05724726969139212,
        "6": 0.05398438865614277,
        "7": 0.04817082031411096,
        "8": 0.04246046436953784,
        "9": 0.05153537458008875,
        "10": 0.04791510770719003
    },
    "dipole": [
        0.5378957455321683,
        0.2919993354068768,
        0.9920686645981682
    ],
    "global_electrophilicity": 0.525815088747218,
    "global_nucleophilicity": -8.585564504190181,
    "fukui_electrophilicity": {
        "1": -0.04649622268869537,
        "2": 0.025649842369513103,
        "3": -0.011064911421876537,
        "4": 0.4943125993589342,
        "5": 0.04991356307091588,
        "6": 0.06041944855792743,
        "7": 0.08280757589058094,
        "8": 0.11011875775999086,
        "9": 0.11750193263132794,
        "10": 0.11683741447139055
    },
    "fukui_nucleophilicity": {
        "1": -0.029461666952574683,
        "2": -0.041770519497939126,
        "3": -0.06512347377817691,
        "4": 0.6896805006377702,
        "5": 0.034169904713498976,
        "6": 0.053183780468528286,
        "7": 0.07853460789004865,
        "8": 0.08857012806574871,
        "9": 0.09455227567269067,
        "10": 0.09766446278040074
    },
    "fukui_radical": {
        "1": -0.037978944820635026,
        "2": -0.008060338564213012,
        "3": -0.03809419260002672,
        "4": 0.5919965499983522,
        "5": 0.042041733892207424,
        "6": 0.056801614513227856,
        "7": 0.0806710918903148,
        "8": 0.09934444291286978,
        "9": 0.1060271041520093,
        "10": 0.10725093862589564
    }
}