{
    "smiles": "CC1CS1",
    "best_conformer_coordinates": [
        [
            1.1908291783161538,
            -0.06971103933433696,
            0.40245487336294844
        ],
        [
            -0.10575964671922657,
            -0.480338297432819,
            -0.23691892165964856
        ],
        [
            -1.2037760957937262,
            0.5007346643980771,
            -0.3999183762743393
        ],
        [
            -1.5285109033853073,
            -0.7574881017527519,
            0.8484013770171621
        ],
        [
            1.8490585425990154,
            0.3667704968929604,
            -0.34834637512550704
        ],
        [
            1.0137259807127323,
            0.6639990620309673,
            1.1855722966580278
        ],
        [
            1.6897644230302589,
            -0.9314887259900879,
            0.840727351659937
        ],
        [
            -0.00977163454790027,
            -1.2402793887229557,
            -1.0062170513424111
        ],
        [
            -1.060980752208133,
            1.4994026168635142,
            -0.00861117157975703
        ],
        [
            -1.8345790867120884,
            0.4483987130474287,
            -1.2771440080081966
        ]
    ],
    "best_conformer_elements": [
        6,
        6,
        6,
        16,
        1,
        1,
        1,
        1,
        1,
        1
    ],
    "best_conformer_energy": -12.705014628830494,
    "ip": 13.431564649301393,
    "ip_corrected": 8.585564649301393,
    "ea": 2.912426023817298,
    "homo": -0.3596915137882212,
    "lumo": -0.22348253686230352,
    "charges": {
        "1": -0.10743201728869647,
        "2": 0.0426067347465252,
        "3": -0.00898919710442566,
        "4": -0.22749848435014475,
        "5": 0.04817069980988594,
        "6": 0.05724732898462428,
        "7": 0.05398429740413882,
        "8": 0.042460342712250375,
        "9": 0.051535322476860386,
        "10": 0.04791497260897832
    },
    "dipole": [
        0.736097204583819,
        0.5331608619376099,
        -0.7298592811545012
    ],
    "global_electrophilicity": 0.5258151533441467,
    "global_nucleophilicity": -8.585564649301393,
    "fukui_electrophilicity": {
        "1": -0.04649607371876299,
        "2": 0.025650031627595927,
        "3": -0.011065164862442467,
        "4": 0.49431294337292087,
        "5": 0.08280744539401254,
        "6": 0.04991352541644695,
        "7": 0.060419431160520926,
        "8": 0.11011866632467959,
        "9": 0.11750189120026935,
        "10": 0.11683730408474927
    },
    "fukui_nucleophilicity": {
        "1": -0.02946159522010125,
        "2": -0.0417698379556606,
        "3": -0.06512393342518183,
        "4": 0.6896794710654464,
        "5": 0.07853468041612438,
        "6": 0.03416925555486692,
        "7": 0.053183207142803016,
        "8": 0.08857027909294016,
        "9": 0.09455293972171547,
        "10": 0.097665533607045
    },
    "fukui_radical": {
        "1": -0.03797883446943212,
        "2": -0.008059903164032338,
        "3": -0.03809454914381215,
        "4": 0.5919962072191837,
        "5": 0.08067106290506847,
        "6": 0.04204139048565693,
        "7": 0.05680131915166197,
        "8": 0.09934447270880989,
        "9": 0.10602741546099241,
        "10": 0.10725141884589712
    }
}