{
    "smiles": "CC=1N(C=CN1)C=C",
    "best_conformer_coordinates": [
        [
            -0.9744930492899334,
            1.9416569413150282,
            0.44809333411807195
        ],
        [
            -1.0166776440753267,
            0.5239514722295614,
            0.011118105687781193
        ],
        [
            0.09009398136389864,
            -0.28768832462411104,
            -0.07430185835564902
        ],
        [
            -0.3703132339119537,
            -1.50923477436306,
            -0.512591228248044
        ],
        [
            -1.713621660413225,
            -1.3753574360954475,
            -0.6675961317058173
        ],
        [
            -2.09936666077063,
            -0.10942562439848777,
            -0.3390832105595479
        ],
        [
            1.3939567916897813,
            0.07296012282518996,
            0.22523914319554747
        ],
        [
            2.4540929853100044,
            -0.7175226233030277,
            0.13945617607496558
        ],
        [
            -0.5913842015610045,
            2.027428066641338,
            1.4650187934770473
        ],
        [
            -0.3467385852320125,
            2.5377758710675096,
            -0.2143513993525541
        ],
        [
            -1.986843708324914,
            2.3327204759027453,
            0.41945834006440114
        ],
        [
            0.2761788581958766,
            -2.345387734693258,
            -0.6725127391057154
        ],
        [
            -2.432126529974687,
            -2.1004146073775702,
            -0.9926050311814437
        ],
        [
            1.4912493556970199,
            1.0990450548179103,
            0.5512305968316225
        ],
        [
            2.3957541896681707,
            -1.742262131827497,
            -0.18045147645343745
        ],
        [
            3.4302391116289637,
            -0.3482447534085894,
            0.39387860138805986
        ]
    ],
    "best_conformer_elements": [
        6,
        6,
        7,
        6,
        6,
        7,
        6,
        6,
        1,
        1,
        1,
        1,
        1,
        1,
        1,
        1
    ],
    "best_conformer_energy": -22.756461365593893,
    "ip": 13.261486807171753,
    "ip_corrected": 8.415486807171753,
    "ea": 3.58452443428628,
    "homo": -0.37317995564214657,
    "lumo": -0.24331769215796153,
    "charges": {
        "1": -0.11582376424757988,
        "2": 0.12404911598759917,
        "3": -0.012683693321126843,
        "4": -0.027609725111840774,
        "5": 0.017436138803619453,
        "6": -0.28082597206600074,
        "7": 0.018799618117459255,
        "8": -0.10619855160098216,
        "9": 0.05038703994258302,
        "10": 0.05038703636363456,
        "11": 0.07143616633520199,
        "12": 0.03279563363563068,
        "13": 0.032423783504864995,
        "14": 0.04902987228151821,
        "15": 0.04933729383557904,
        "16": 0.04706000753984704
    },
    "dipole": [
        1.2456395584160345,
        0.22094130311276808,
        0.24860340585785162
    ],
    "global_electrophilicity": 0.6611046275522396,
    "global_nucleophilicity": -8.415486807171753,
    "fukui_electrophilicity": {
        "1": -0.030294878186698238,
        "2": 0.06503708006620884,
        "3": 0.0472915384007791,
        "4": 0.03956675818860324,
        "5": 0.03134951892121967,
        "6": 0.10151938719827325,
        "7": 0.06123419443100327,
        "8": 0.08219284911791272,
        "9": 0.04987588215703773,
        "10": 0.04987588639554064,
        "11": 0.05336744434156527,
        "12": 0.07037013738689578,
        "13": 0.08547477261670136,
        "14": 0.09021115883506203,
        "15": 0.09475745500910607,
        "16": 0.10817081512081128
    },
    "fukui_nucleophilicity": {
        "1": -0.025809901250283665,
        "2": 0.04659659302030621,
        "3": 0.06876130217609167,
        "4": 0.04386508179653527,
        "5": 0.056064449106654465,
        "6": 0.1457837643841123,
        "7": 0.011801091293504637,
        "8": 0.05088847635356528,
        "9": 0.08139043556818192,
        "10": 0.08139041350006612,
        "11": 0.05769478774145893,
        "12": 0.0856377857269729,
        "13": 0.09837488012351561,
        "14": 0.05826679714471492,
        "15": 0.05921974870094743,
        "16": 0.08007429461364116
    },
    "fukui_radical": {
        "1": -0.02805238971849095,
        "2": 0.055816836543257524,
        "3": 0.05802642028843538,
        "4": 0.04171591999256925,
        "5": 0.043706984013937064,
        "6": 0.12365157579119278,
        "7": 0.03651764286225395,
        "8": 0.066540662735739,
        "9": 0.06563315886260983,
        "10": 0.06563314994780338,
        "11": 0.055531116041512105,
        "12": 0.07800396155693434,
        "13": 0.09192482637010849,
        "14": 0.07423897798988847,
        "15": 0.07698860185502675,
        "16": 0.09412255486722622
    }
}