{
    "smiles": "CC=COCC",
    "best_conformer_coordinates": [
        [
            3.1180825431146246,
            0.24988034523122538,
            0.07231081063989901
        ],
        [
            1.7220536340229589,
            0.6092976201214626,
            -0.31331246081456077
        ],
        [
            0.6528107916731576,
            -0.06424116292291389,
            0.08403507272277531
        ],
        [
            -0.6102773244553843,
            0.2909229465790918,
            -0.28669265736061567
        ],
        [
            -1.6498138337897885,
            -0.5232304087743739,
            0.2157956388871284
        ],
        [
            -2.973101872297439,
            0.020398267165123888,
            -0.2976888269469167
        ],
        [
            3.129972795693928,
            -0.6279796709813035,
            0.7137515983894076
        ],
        [
            3.5908017429466788,
            1.0768062901256539,
            0.6021353758786343
        ],
        [
            3.716114866852564,
            0.042960806638763054,
            -0.815110507746177
        ],
        [
            1.595320312080955,
            1.4698299774070342,
            -0.9527019414646015
        ],
        [
            0.7339156528082874,
            -0.9354607982967406,
            0.7271939555334677
        ],
        [
            -1.5095152007560544,
            -1.5617001423613768,
            -0.12003202588052761
        ],
        [
            -1.6361981425301995,
            -0.5136002115458063,
            1.3160704128758784
        ],
        [
            -2.980770410198288,
            0.008250255210093179,
            -1.384057113078909
        ],
        [
            -3.793267928403764,
            -0.5875484258679652,
            0.07366050730591946
        ],
        [
            -3.1061276214704345,
            1.0454143122720574,
            0.037048235181395404
        ]
    ],
    "best_conformer_elements": [
        6,
        6,
        6,
        8,
        6,
        6,
        1,
        1,
        1,
        1,
        1,
        1,
        1,
        1,
        1,
        1
    ],
    "best_conformer_energy": -19.839015318430327,
    "ip": 13.004647950994318,
    "ip_corrected": 8.158647950994318,
    "ea": 1.0415907711129417,
    "homo": -0.3620795796392095,
    "lumo": -0.18055841328462147,
    "charges": {
        "1": -0.10187852478071835,
        "2": -0.07329512317056008,
        "3": 0.08744432575295799,
        "4": -0.27928045408239777,
        "5": 0.09030864632161689,
        "6": -0.11284236338771375,
        "7": 0.03541933841834597,
        "8": 0.04460294006280202,
        "9": 0.044602876035948286,
        "10": 0.044663672315403996,
        "11": 0.01445470748435925,
        "12": 0.024356246603713883,
        "13": 0.02435614472891291,
        "14": 0.05618598411949881,
        "15": 0.04471584316526143,
        "16": 0.056185740412562114
    },
    "dipole": [
        -0.18004253011245996,
        -0.4416211070239877,
        0.3064862017454177
    ],
    "global_electrophilicity": 0.19810357172937818,
    "global_nucleophilicity": -8.158647950994318,
    "fukui_electrophilicity": {
        "1": -0.050088653089722365,
        "2": 0.15333848871775008,
        "3": 0.14402676521264884,
        "4": 0.08570412220331569,
        "5": -0.022178535725609183,
        "6": -0.01472176249702889,
        "7": 0.06693327882679587,
        "8": 0.09506627890511082,
        "9": 0.09505586270556649,
        "10": 0.13452391804384853,
        "11": 0.145970140319748,
        "12": 0.039866935728712916,
        "13": 0.039864805570886314,
        "14": 0.02360314564307247,
        "15": 0.039432826786024264,
        "16": 0.0236023826488706
    },
    "fukui_nucleophilicity": {
        "1": -0.028163678112496177,
        "2": 0.08999053392968921,
        "3": 0.03898393861361468,
        "4": 0.15904091057072783,
        "5": -0.02930442747495221,
        "6": -0.02103061255665356,
        "7": 0.06310257534378408,
        "8": 0.10884802317155248,
        "9": 0.10881745025570203,
        "10": 0.08482510050037101,
        "11": 0.08349721512855392,
        "12": 0.09643299548563036,
        "13": 0.09642566118988574,
        "14": 0.049060359108717866,
        "15": 0.05041320278692995,
        "16": 0.04906075206849562
    },
    "fukui_radical": {
        "1": -0.03912616560110927,
        "2": 0.12166451132371964,
        "3": 0.09150535191313176,
        "4": 0.12237251638702176,
        "5": -0.025741481600280697,
        "6": -0.017876187526841225,
        "7": 0.06501792708528997,
        "8": 0.10195715103833165,
        "9": 0.10193665648063426,
        "10": 0.10967450927210977,
        "11": 0.11473367772415095,
        "12": 0.06814996560717164,
        "13": 0.06814523338038603,
        "14": 0.03633175237589517,
        "15": 0.0449230147864771,
        "16": 0.036331567358683106
    }
}