{
    "smiles": "CCC1(CO)COC1",
    "best_conformer_coordinates": [
        [
            1.8290632515522611,
            0.29775511198950333,
            1.3305999242852393
        ],
        [
            1.0326813247619364,
            -0.6844735589951613,
            0.47777713872124533
        ],
        [
            -0.35894134319328513,
            -0.17924503666777275,
            0.1070197867982246
        ],
        [
            -0.3107363138388286,
            1.073908063137744,
            -0.7653156867828236
        ],
        [
            0.4507570563019905,
            0.7989670464250198,
            -1.9203471404956212
        ],
        [
            -1.3161736901793193,
            -1.2546616968517035,
            -0.438783530444913
        ],
        [
            -2.2355238374315425,
            -1.0318127619561397,
            0.6330526067944636
        ],
        [
            -1.373521636103574,
            -0.08219219628620049,
            1.259020011734995
        ],
        [
            2.749033800598929,
            -0.17138900726397063,
            1.6707418772386642
        ],
        [
            1.2564733713475582,
            0.604858388781283,
            2.203366528376224
        ],
        [
            2.0950380336946766,
            1.183357505576645,
            0.7605283369600245
        ],
        [
            0.9219174819487679,
            -1.6239634957403897,
            1.0237151025503164
        ],
        [
            1.572324762843519,
            -0.8892131066994987,
            -0.44812605341140715
        ],
        [
            0.13084606846209207,
            1.9025834009160667,
            -0.192936366189328
        ],
        [
            -1.3374523708141186,
            1.3581943014221285,
            -1.0378029210763016
        ],
        [
            0.44660807269330866,
            1.5752132792305327,
            -2.48898991196777
        ],
        [
            -1.7611689798476948,
            -1.0467329904374325,
            -1.4141305298911073
        ],
        [
            -0.9205189255736491,
            -2.273796533538663,
            -0.4283365134024876
        ],
        [
            -1.010443207231791,
            -0.4456395091026759,
            2.2247825635724006
        ],
        [
            -1.8602628935324979,
            0.8882827960607322,
            1.3927024312478
        ]
    ],
    "best_conformer_elements": [
        6,
        6,
        6,
        6,
        8,
        6,
        8,
        6,
        1,
        1,
        1,
        1,
        1,
        1,
        1,
        1,
        1,
        1,
        1,
        1
    ],
    "best_conformer_energy": -27.068271862598092,
    "ip": 13.581299886257284,
    "ip_corrected": 8.735299886257284,
    "ea": -2.4665993084703843,
    "homo": -0.3936951590951859,
    "lumo": -0.019740012013801725,
    "charges": {
        "1": -0.10491142054466873,
        "2": -0.06326507413809304,
        "3": 0.0037723180003646217,
        "4": 0.0834126707873866,
        "5": -0.43821952370271494,
        "6": 0.07663793194345707,
        "7": -0.32675494369655533,
        "8": 0.07436531081812342,
        "9": 0.0419521809988122,
        "10": 0.03341526592555912,
        "11": 0.040370297836768265,
        "12": 0.03898438504823544,
        "13": 0.05885098290226908,
        "14": 0.022176043832091038,
        "15": 0.022130357858338934,
        "16": 0.29056088997680846,
        "17": 0.04198880415844155,
        "18": 0.03710691762418848,
        "19": 0.03850305619451144,
        "20": 0.02892354817666963
    },
    "dipole": [
        0.5544409834825049,
        0.9210257440145748,
        -0.13268217752597702
    ],
    "global_electrophilicity": 0.015765902669523275,
    "global_nucleophilicity": -8.735299886257284,
    "fukui_electrophilicity": {
        "1": -0.0162253439864279,
        "2": -0.013991544090768117,
        "3": 0.05654598908789118,
        "4": -0.001206116021741338,
        "5": 0.08234039639266727,
        "6": 0.011769902162174495,
        "7": 0.11317971844637864,
        "8": 0.03793770651878944,
        "9": 0.04799733701253252,
        "10": 0.01883544827912889,
        "11": 0.022942693262470885,
        "12": 0.03909799454061166,
        "13": 0.04683044245083941,
        "14": 0.07029154237130697,
        "15": 0.05908536613713633,
        "16": 0.09229640136085931,
        "17": 0.07739375569367715,
        "18": 0.0823968860203284,
        "19": 0.09006559357038832,
        "20": 0.08241583079174761
    },
    "fukui_nucleophilicity": {
        "1": -0.018272263758707163,
        "2": -0.010529157644727213,
        "3": 0.009493147530151999,
        "4": -0.01627607436947917,
        "5": 0.07834161456880973,
        "6": -0.022637645553583524,
        "7": 0.15811092858377135,
        "8": -0.02498551491808334,
        "9": 0.058285034473094736,
        "10": 0.04583715231263626,
        "11": 0.052815338598458356,
        "12": 0.050368794086550484,
        "13": 0.059086206100298876,
        "14": 0.08006349175587407,
        "15": 0.060262312770602955,
        "16": 0.04982084332614223,
        "17": 0.09507951865703856,
        "18": 0.10479435584837667,
        "19": 0.09698443858121372,
        "20": 0.09335747907571604
    },
    "fukui_radical": {
        "1": -0.017248803872567532,
        "2": -0.012260350867747665,
        "3": 0.033019568309021585,
        "4": -0.008741095195610254,
        "5": 0.0803410054807385,
        "6": -0.005433871695704515,
        "7": 0.135645323515075,
        "8": 0.006476095800353049,
        "9": 0.05314118574281363,
        "10": 0.032336300295882574,
        "11": 0.037879015930464624,
        "12": 0.044733394313581074,
        "13": 0.05295832427556914,
        "14": 0.07517751706359052,
        "15": 0.05967383945386964,
        "16": 0.07105862234350077,
        "17": 0.08623663717535786,
        "18": 0.09359562093435253,
        "19": 0.09352501607580102,
        "20": 0.08788665493373182
    }
}