{
    "smiles": "CCCCOC(=O)/C=C/C(=O)OCCCC",
    "ip": 13.268258482186512,
    "ip_corrected": 8.422258482186512,
    "ea": 5.478752196615821,
    "homo": -0.4183614743286445,
    "lumo": -0.30878987013655146,
    "charges": {
        "1": -0.10506507706759936,
        "2": -0.056350858227425984,
        "3": -0.06606432565018164,
        "4": 0.07389513988219572,
        "5": -0.2570770540081794,
        "6": 0.358905816339156,
        "7": -0.4029764736871987,
        "8": -0.04243760939343546,
        "9": -0.04196042984425167,
        "10": 0.3573329399216864,
        "11": -0.4043968163920422,
        "12": -0.256255170862816,
        "13": 0.07976405868937611,
        "14": -0.06812908730460687,
        "15": -0.05668836284352051,
        "16": -0.10583427546131083,
        "17": 0.04038138729497558,
        "18": 0.0381300530066187,
        "19": 0.03959512003542983,
        "20": 0.03718552100292555,
        "21": 0.03311163415057409,
        "22": 0.05370994123241002,
        "23": 0.04647190513303435,
        "24": 0.05741936324683489,
        "25": 0.057056254235292855,
        "26": 0.09442399405153026,
        "27": 0.09454407315997233,
        "28": 0.052023757546859575,
        "29": 0.05186094967531915,
        "30": 0.0532115749589494,
        "31": 0.05319876632295421,
        "32": 0.03582719978030232,
        "33": 0.035864835529311884,
        "34": 0.04045183353360984,
        "35": 0.03944717732893967,
        "36": 0.03942224468431283
    },
    "dipole": [
        0.036277249847446034,
        -0.20947623432895887,
        0.03015625215329398
    ],
    "global_electrophilicity": 1.3157640450382073,
    "global_nucleophilicity": -8.422258482186512,
    "fukui_electrophilicity": {
        "1": -0.00627189352372147,
        "2": -0.0030533104363184987,
        "3": -0.0027825117992679033,
        "4": -0.017636332223639292,
        "5": 0.06841061796988523,
        "6": 0.04870138458634299,
        "7": 0.13476114261732342,
        "8": 0.06818831387642482,
        "9": 0.06842207378184004,
        "10": 0.04730588228369792,
        "11": 0.1345356858580698,
        "12": 0.06897259064232797,
        "13": -0.016003893092356725,
        "14": -0.0030501758587382632,
        "15": -0.0026972879722674467,
        "16": -0.006084950847749543,
        "17": 0.004880214246797958,
        "18": 0.008155544254382748,
        "19": 0.016994841374782195,
        "20": 0.008744358900456089,
        "21": 0.01323527431902826,
        "22": -0.001249742043186619,
        "23": 0.013661483100112094,
        "24": 0.0210471936123105,
        "25": 0.03992814121520033,
        "26": 0.08523674801075837,
        "27": 0.08530499108817434,
        "28": 0.026145998616895396,
        "29": 0.026348401220741773,
        "30": 0.011824678548279774,
        "31": 0.011878659602293735,
        "32": 0.008223485040418997,
        "33": 0.008204906585604674,
        "34": 0.015137657660727156,
        "35": 0.007286260189922275,
        "36": 0.0072935685944359105
    },
    "fukui_nucleophilicity": {
        "1": -0.01352573953407836,
        "2": -0.005406015914422045,
        "3": -0.007421310322871327,
        "4": -0.01240074745235268,
        "5": 0.03312589473607508,
        "6": 0.00887873918333365,
        "7": 0.06516633710696335,
        "8": 0.01354840563123904,
        "9": 0.013899372041661771,
        "10": 0.009456729311739076,
        "11": 0.0735390920640675,
        "12": 0.03108324190526518,
        "13": -0.010889373827620924,
        "14": -0.005507675511574078,
        "15": -0.0042052068533511636,
        "16": -0.012903291288637653,
        "17": 0.04588534635480918,
        "18": 0.04636806346780062,
        "19": 0.03390694834089037,
        "20": 0.0579748526382413,
        "21": 0.0642135839882701,
        "22": 0.03949820713813601,
        "23": 0.04024272029197106,
        "24": 0.02135374782193218,
        "25": 0.036124380538687564,
        "26": 0.03158237247929738,
        "27": 0.029840653722970498,
        "28": 0.025131116233313516,
        "29": 0.02479578760368889,
        "30": 0.04133874485556518,
        "31": 0.040985091633358124,
        "32": 0.05761662932799171,
        "33": 0.05790204786468768,
        "34": 0.037280280699237764,
        "35": 0.045844587364932465,
        "36": 0.04567638638236856
    },