{
    "smiles": "CCCOC(=O)/C=C\\C(=O)OCCC",
    "ip": 13.446351222285724,
    "ip_corrected": 8.600351222285724,
    "ea": 4.575862672400199,
    "homo": -0.4117120098261802,
    "lumo": -0.2873260910844026,
    "charges": {
        "1": -0.11030946109634485,
        "2": -0.06201540889744054,
        "3": 0.08046686772106089,
        "4": -0.2603233942639807,
        "5": 0.36087422477197717,
        "6": -0.41033071509821406,
        "7": -0.05398767204219788,
        "8": -0.03325349845956299,
        "9": 0.3770880900306957,
        "10": -0.3940185831674414,
        "11": -0.2550461594714662,
        "12": 0.07337784494293606,
        "13": -0.06377795175078742,
        "14": -0.1087739445092905,
        "15": 0.048150883080489135,
        "16": 0.04290629189335566,
        "17": 0.042038437377095485,
        "18": 0.05187285397040506,
        "19": 0.051621079090935766,
        "20": 0.05449868613452286,
        "21": 0.050687507161233096,
        "22": 0.07691754051507402,
        "23": 0.08720955403908862,
        "24": 0.06182511859806042,
        "25": 0.05243280714060997,
        "26": 0.045177842628380864,
        "27": 0.07036266087362568,
        "28": 0.04251236353543954,
        "29": 0.04586457156096749,
        "30": 0.03595156369077915
    },
    "dipole": [
        -0.7634028144902213,
        0.3941071681663244,
        -0.9430117997343804
    ],
    "global_electrophilicity": 0.9778557170353643,
    "global_nucleophilicity": -8.600351222285724,
    "fukui_electrophilicity": {
        "1": -0.009764320359567591,
        "2": -0.0031086503151842096,
        "3": -0.01858870513894989,
        "4": 0.08326182727400216,
        "5": 0.07210815810226567,
        "6": 0.15978203480044795,
        "7": 0.06282552819695325,
        "8": 0.11145012989448441,
        "9": 0.007120870389063061,
        "10": 0.07893127589100024,
        "11": 0.031169208693649586,
        "12": -0.011598678037787843,
        "13": -0.0009769533058585078,
        "14": -0.008627727376400163,
        "15": 0.023805797784469524,
        "16": 0.01185404243154873,
        "17": 0.012339269484718016,
        "18": 0.014911378472864993,
        "19": 0.01601720598530556,
        "20": 0.027389765582444128,
        "21": 0.0315344562093202,
        "22": 0.10139945490655436,
        "23": 0.1055136830229625,
        "24": 0.021088066343311382,
        "25": 0.03596294141813467,
        "26": 0.008255037796349146,
        "27": -0.011668444873170064,
        "28": 0.01225322456665956,
        "29": 0.017922771766486326,
        "30": 0.017437350393904073
    },
    "fukui_nucleophilicity": {
        "1": -0.012459039843590702,
        "2": -0.00310322210022055,
        "3": -0.011656281328494875,
        "4": 0.0385089119758375,
        "5": 0.009898659666599863,
        "6": 0.048644124014479206,
        "7": 0.014676220400010029,
        "8": 0.016697278744469746,
        "9": 0.006544415001498494,
        "10": 0.09330347530728395,
        "11": 0.041439859582132976,
        "12": -0.013311437068889743,
        "13": -0.000770662782868553,
        "14": -0.014873474181157226,
        "15": 0.03736250038508622,
        "16": 0.04653164313233039,
        "17": 0.047250228701477666,
        "18": 0.057448594923438276,
        "19": 0.05736455565884065,
        "20": 0.03425178434373501,
        "21": 0.035263111159133075,
        "22": 0.05534294562031872,
        "23": 0.05608671318420172,
        "24": 0.032975969189702345,
        "25": 0.06098355321687748,
        "26": 0.0543360364752716,
        "27": 0.05863194863927702,
        "28": 0.049066081231564945,
        "29": 0.03991577419797193,
        "30": 0.0636497325547134
    },
    "fukui_radical": {
        "1": -0.011111680101579147,
        "2": -0.0031059362077023797,
        "3": -0.015122493233722382,
        "4": 0.06088536962491983,
        "5": 0.04100340888443277,
        "6": 0.10421307940746358,
        "7": 0.03875087429848163,
        "8": 0.06407370431947708,
        "9": 0.006832642695280777,
        "10": 0.08611737559914209,
        "11": 0.03630453413789128,
        "12": -0.012455057553338793,
        "13": -0.0008738080443635304,
        "14": -0.011750600778778694,
        "15": 0.03058414908477787,
        "16": 0.02919284278193956,
        "17": 0.02979474909309784,
        "18": 0.03617998669815163,
        "19": 0.036690880822073106,
        "20": 0.03082077496308957,
        "21": 0.033398783684226635,
        "22": 0.07837120026343654,
        "23": 0.0808001981035821,
        "24": 0.027032017766506863,
        "25": 0.048473247317506074,
        "26": 0.031295537135810375,
        "27": 0.02348175188305348,
        "28": 0.030659652899112252,
        "29": 0.028919272982229127,
        "30": 0.040543541474308734
    },