{
    "smiles": "CCOC(=O)/C=C\\C(=O)[O-]",
    "best_conformer_coordinates": [
        [
            -2.0089842714919133,
            0.7707048187273325,
            0.7968905166155041
        ],
        [
            -1.7348143967072238,
            -0.10459449006528015,
            -0.4167640835925808
        ],
        [
            -0.42037046585453364,
            -0.6207743716231563,
            -0.2922078477673817
        ],
        [
            0.37774767233492124,
            -0.5957241527625322,
            -1.361457096677643
        ],
        [
            -0.03178320463064861,
            -0.43253523316385706,
            -2.4974344715651533
        ],
        [
            1.785283783667035,
            -0.8043640187892832,
            -1.0130229628549667
        ],
        [
            2.3334551594602395,
            -0.34371174315883724,
            0.11229526726929052
        ],
        [
            1.5940095251990218,
            0.3365715635033215,
            1.3025426584541395
        ],
        [
            1.6148618201569296,
            -0.36716070019561714,
            2.3194118251225775
        ],
        [
            1.1354658961457484,
            1.4665670931532095,
            1.111747149561759
        ],
        [
            -2.135028427410224,
            0.15414257098536888,
            1.6826922187294728
        ],
        [
            -1.1412051432276813,
            1.4091425360323842,
            0.9586054557570782
        ],
        [
            -2.9000867365840124,
            1.3751459826426569,
            0.641016034312041
        ],
        [
            -2.439238771451707,
            -0.9464111496148362,
            -0.47916900652244404
        ],
        [
            -1.7985970245681613,
            0.4711653656757385,
            -1.3485844780614593
        ],
        [
            2.374206568965688,
            -1.2718844124151456,
            -1.7982763556662626
        ],
        [
            3.3950780107046947,
            -0.4962796695151328,
            0.2817151663022768
        ]
    ],
    "best_conformer_elements": [
        6,
        6,
        8,
        6,
        8,
        6,
        6,
        6,
        8,
        8,
        1,
        1,
        1,
        1,
        1,
        1,
        1
    ],
    "best_conformer_energy": -32.902301573341816,
    "ip": 14.49470551610591,
    "ip_corrected": 9.64870551610591,
    "ea": 8.58449474040077,
    "homo": -0.4509486277290237,
    "lumo": -0.43627962343997473,
    "charges": {
        "1": -0.12168318675391503,
        "2": 0.08139966663247458,
        "3": -0.24020679712844228,
        "4": 0.3677068122317351,
        "5": -0.376465680721948,
        "6": -0.03806128517044517,
        "7": 0.006227479889835061,
        "8": 0.41636935748170995,
        "9": -0.3288428213279331,
        "10": -0.3420570198244903,
        "11": 0.061300858176840084,
        "12": 0.08075519490596417,
        "13": 0.05877209043299674,
        "14": 0.05658563022281834,
        "15": 0.06371281075662719,
        "16": 0.1311666434250979,
        "17": 0.12332024677319167
    },
    "dipole": [
        0.3939990084378913,
        -0.6280999723755026,
        -0.5850671232000114
    ],
    "global_electrophilicity": 3.7904132675883777,
    "global_nucleophilicity": -9.64870551610591,
    "fukui_electrophilicity": {
        "1": -0.006664201363490163,
        "2": -0.01368898015741675,
        "3": 0.016239726625414008,
        "4": 0.0066032767038369244,
        "5": 0.0997941190678503,
        "6": 0.03987888321789823,
        "7": 0.05166560069307374,
        "8": 0.03154770487330216,
        "9": 0.23779227033039563,
        "10": 0.23400711312955869,
        "11": 0.014755352080355798,
        "12": -0.017218353664804134,
        "13": 0.03559757285226166,
        "14": 0.03682872764400091,
        "15": 0.02040475273684854,
        "16": 0.11139740500586333,
        "17": 0.10105903022719478
    },
    "fukui_nucleophilicity": {
        "1": -0.008269204547581552,
        "2": -0.011634212446242909,
        "3": 0.03903131071904076,
        "4": 0.008986400995378618,
        "5": 0.11035941429216106,
        "6": 0.02461136824768037,
        "7": 0.03376584143790326,
        "8": 0.011850809445652699,
        "9": 0.12998723764431752,
        "10": 0.10367299094603716,
        "11": 0.09180232815653416,
        "12": 0.06184655811038545,
        "13": 0.07014849489208771,
        "14": 0.09616981829541713,
        "15": 0.07162295906801269,
        "16": 0.08656903326982243,
        "17": 0.0794788514712432
    },
    "fukui_radical": {
        "1": -0.0074667029555358574,
        "2": -0.01266159630182983,
        "3": 0.027635518672227383,
        "4": 0.007794838849607771,
        "5": 0.10507676668000568,
        "6": 0.0322451257327893,
        "7": 0.0427157210654885,
        "8": 0.02169925715947743,
        "9": 0.18388975398735657,
        "10": 0.16884005203779792,
        "11": 0.053278840118444984,
        "12": 0.022314102222790656,
        "13": 0.05287303387217469,
        "14": 0.06649927296970902,
        "15": 0.046013855902430616,
        "16": 0.09898321913784289,
        "17": 0.09026894084921899
    }
}