{
    "smiles": "CCOC(=O)C=C(CC(=O)OCC)C(=O)OCC",
    "ip": 13.358067031731235,
    "ip_corrected": 8.512067031731235,
    "ea": 5.524334171424259,
    "homo": -0.40907493588842303,
    "lumo": -0.30397227944792443,
    "charges": {
        "1": -0.11658234370634588,
        "2": 0.08498322145301926,
        "3": -0.2563961506998315,
        "4": 0.363183939590911,
        "5": -0.41949428606950095,
        "6": -0.05622768374275853,
        "7": 0.01562690440368078,
        "8": -0.09503675846867256,
        "9": 0.376348357201091,
        "10": -0.41780089584514696,
        "11": -0.2495470590462474,
        "12": 0.0831105236412208,
        "13": -0.11679788268447469,
        "14": 0.35358266605144656,
        "15": -0.4046180305341961,
        "16": -0.25586194992473676,
        "17": 0.08296730152355847,
        "18": -0.11747413429643093,
        "19": 0.05897641445638857,
        "20": 0.06109415530627292,
        "21": 0.05357560176786553,
        "22": 0.051424520004969734,
        "23": 0.05408053521172879,
        "24": 0.08975304358496765,
        "25": 0.104110777053684,
        "26": 0.10159406855794674,
        "27": 0.05083636033528055,
        "28": 0.05593942317241218,
        "29": 0.05295759052416451,
        "30": 0.059024829853532794,
        "31": 0.06257318823638003,
        "32": 0.05553477649587294,
        "33": 0.05719193388262992,
        "34": 0.05989847882034402,
        "35": 0.055998923153274496,
        "36": 0.06146964073571023
    },
    "dipole": [
        -1.0498091061287762,
        -0.15713554516342368,
        -0.0844905094605022
    ],
    "global_electrophilicity": 1.3477526579782448,
    "global_nucleophilicity": -8.512067031731235,
    "fukui_electrophilicity": {
        "1": -0.01024794010968591,
        "2": -0.01400109025857485,
        "3": 0.06327555591522105,
        "4": 0.04357194789357299,
        "5": 0.11655793440736334,
        "6": 0.060039591819210626,
        "7": 0.0748743920900107,
        "8": -0.016609615905119626,
        "9": 0.003295616979284155,
        "10": 0.02241652163306662,
        "11": 0.026020363665685053,
        "12": -0.006037381506836567,
        "13": -0.007472714316234946,
        "14": 0.04369757494916332,
        "15": 0.13448176619279384,
        "16": 0.05284158389271565,
        "17": -0.013970011157234272,
        "18": -0.0105382457914113,
        "19": 0.016048855649902237,
        "20": 0.014667270255435107,
        "21": 0.027873960049020097,
        "22": 0.026152774753601043,
        "23": 0.02301255714180927,
        "24": 0.07502864124875705,
        "25": 0.045637065621777974,
        "26": 0.037642210653068206,
        "27": 0.016665129499584957,
        "28": 0.006459703474402986,
        "29": 0.019461182322333695,
        "30": 0.012125306288471971,
        "31": 0.007556000664661569,
        "32": 0.026299700575369685,
        "33": 0.025825518047763125,
        "34": 0.014189010453403789,
        "35": 0.02959583183937477,
        "36": 0.01356343106828626
    },
    "fukui_nucleophilicity": {
        "1": -0.00914879681934369,
        "2": -0.008503272325910194,
        "3": 0.04561528580946839,
        "4": 0.007965891888704335,
        "5": 0.06558473494245054,
        "6": 0.015779146679717068,
        "7": 0.01796709818167816,
        "8": 0.002767788683248576,
        "9": 0.004085506284834672,
        "10": 0.0729465026528372,
        "11": 0.04249523683578582,
        "12": -0.008337385723481139,
        "13": -0.00932934523222187,
        "14": 0.008503465864010351,
        "15": 0.07860809983337946,
        "16": 0.03714032851418653,
        "17": -0.008628150805259194,
        "18": -0.008488102515499127,
        "19": 0.03528069401557561,
        "20": 0.03160046054071655,
        "21": 0.034887968637765686,
        "22": 0.038678630535223704,
        "23": 0.03266222497534498,
        "24": 0.04071599351321124,
        "25": 0.03386191556640154,
        "26": 0.03638133133061962,
        "27": 0.0444798721354145,
        "28": 0.03675894643148082,
        "29": 0.03917497595220607,
        "30": 0.0415165147907283,
        "31": 0.038684820757292945,
        "32": 0.03751785750250055,
        "33": 0.03621012210940546,
        "34": 0.031027713728403572,
        "35": 0.034500951525427315,
        "36": 0.029034973651429576
    },