{
    "smiles": "CCOC(=O)/C=C/C=C/C(=O)[O-]",
    "ip": 14.04986478055687,
    "ip_corrected": 9.20386478055687,
    "ea": 8.578966035923255,
    "homo": -0.4473088326756135,
    "lumo": -0.4306621918428119,
    "charges": {
        "1": -0.11722055966305871,
        "2": 0.08568256355010115,
        "3": -0.26144229102318417,
        "4": 0.3535275256146724,
        "5": -0.3918142860998987,
        "6": -0.04819299506371456,
        "7": 0.0017602733860517805,
        "8": -0.00013606934474139076,
        "9": -0.015202480025157436,
        "10": 0.4027350786997546,
        "11": -0.34530941727806264,
        "12": -0.3309813123291081,
        "13": 0.0607010845648733,
        "14": 0.06070108243866439,
        "15": 0.05662616272427681,
        "16": 0.05370038773399471,
        "17": 0.0537003894132519,
        "18": 0.08825584162944387,
        "19": 0.08789507419383195,
        "20": 0.10056580821450518,
        "21": 0.10444813866348725
    },
    "dipole": [
        -2.380712378509625,
        -0.5595818910641114,
        -0.35671954846718146
    ],
    "global_electrophilicity": 3.823905344126369,
    "global_nucleophilicity": -9.20386478055687,
    "fukui_electrophilicity": {
        "1": -0.006555903928729526,
        "2": -0.008932459039459786,
        "3": 0.0372002195766864,
        "4": 0.010058331147368982,
        "5": 0.06697871121039711,
        "6": 0.04533254472540809,
        "7": 0.0020841707501631918,
        "8": 0.03707341761470261,
        "9": 0.03595701571972136,
        "10": 0.03410152852988679,
        "11": 0.22886415635211343,
        "12": 0.24302690448793407,
        "13": 0.009444203669861803,
        "14": 0.00944420546993293,
        "15": 0.01904789850283211,
        "16": 0.01653688490185818,
        "17": 0.01653687329022019,
        "18": 0.04379096629156148,
        "19": 0.03724130140121045,
        "20": 0.04508859668184952,
        "21": 0.07768043212272531
    },
    "fukui_nucleophilicity": {
        "1": -0.011743513126069874,
        "2": -0.010768978221086287,
        "3": 0.05727971615540933,
        "4": 0.008251960392664126,
        "5": 0.08498609528551843,
        "6": 0.021987492841978325,
        "7": 0.01805441765969834,
        "8": 0.020347815243245512,
        "9": 0.03599585619182931,
        "10": 0.01771726868196466,
        "11": 0.12045500993053715,
        "12": 0.13660338491882523,
        "13": 0.06661121413362184,
        "14": 0.06661121148890559,
        "15": 0.051388033948333814,
        "16": 0.07523052190250956,
        "17": 0.07523050420595956,
        "18": 0.03886941144440943,
        "19": 0.03258397116243478,
        "20": 0.03934244892043369,
        "21": 0.054966156840813254
    },
    "boltzmann_weights": [
        0.01591695400108144,
        0.012044610828539389,
        0.041775992242720265,
        0.041778911870323746,
        0.041776051941701614,
        0.3108188070524565,
        0.026513014785213784,
        0.31081858387860894,
        0.006921166197106998,
        0.00692115475993341,
        0.0069211490776828815,
        0.006921168117688569,
        0.01818658763389444,
        0.018179706078120007,
        0.01817790000353929,
        0.0181806970901987,
        0.01860590422017377,
        0.018607740219683682,
        0.01860774583566156,
        0.002417761075579334,
        0.0024177611586384587,
        0.0024177417859623284,
        0.005906826920768371,
        0.005906466707263307,
        0.005906738930678516,
        0.005784360050103406,
        0.005784134526142844,
        0.005784363010534698
    ],
    "best_conformer_elements": [
        6,
        6,
        8,
        6,
        8,
        6,
        6,
        6,
        6,
        6,
        8,
        8,
        1,
        1,
        1,
        1,
        1,
        1,
        1,
        1,
        1
    ],
    "best_conformer_coordinates": [
        [
            4.418174895416076,
            -0.26999861659042174,
            -0.4520351363942109
        ],
        [
            3.257095950997107,
            -0.9112841131708922,
            0.28732863549652343
        ],
        [
            2.0759138875569283,
            -0.18712316213585944,
            -0.012534703054576055
        ],
        [
            0.9340573124855521,
            -0.6425393898290652,
            0.5806560714413788
        ],
        [
            0.9455501349808387,
            -1.6086668837315399,
            1.3165556308220652
        ],
        [
            -0.20394587604992975,
            0.16575331492025316,
            0.20722502521911038
        ],
        [
            -1.450279302911508,
            -0.08464557179177681,
            0.6661602342625835
        ],
        [
            -2.606965483514024,
            0.6775463099351005,
            0.3319707207036719
        ],
        [
            -3.8426939734674312,
            0.4251310621734609,
            0.7901672723528795
        ],
        [
            -5.075082145574524,
            1.2902352232644392,
            0.3935755804531514
        ],
        [
            -4.843511825212052,
            2.231853170859324,
            -0.375775452710442
        ],
        [
            -6.143296239838055,
            0.9233561203177273,
            0.9032900396032052
        ],
        [
            5.3367893464698115,
            -0.809753350295227,
            -0.23673622703094752
        ],
        [
            4.5296980785152146,
            0.7654317549431112,
            -0.14107905331500048
        ],
        [
            4.2330670831708614,
            -0.290556679225875,
            -1.522810378615267
        ],
        [
            3.4226587274652633,
            -0.8974226391772012,
            1.3723781826081354
        ],
        [
            3.1247213278926993,
            -1.958062246261535,
            -0.015438955719574805
        ],
        [
            -0.0041943639464191535,
            0.987645478330257,
            -0.46379331349374114
        ],
        [
            -1.5805301178887539,
            -0.9263504018596513,
            1.3373998141220143
        ],
        [
            -2.487319782519624,
            1.5207653593883428,
            -0.3381498298608344
        ],
        [
            -4.039907639319833,
            -0.4013147347711804,
            1.464121630986412
        ]
    ],
    "best_conformer_energy": -38.19080330786312,
    "fukui_radical": {
        "1": -0.00914915247827261,
        "2": -0.009850431052918121,
        "3": 0.047239400723791375,
        "4": 0.009154956818037074,
        "5": 0.07598634018256048,
        "6": 0.03366030125249273,
        "7": 0.010069365125593505,
        "8": 0.02871084761847448,
        "9": 0.035976365592986934,
        "10": 0.025909018317723242,
        "11": 0.17465952386215614,
        "12": 0.18981424733782115,
        "13": 0.035217692284239,
        "14": 0.038029600594192,
        "15": 0.03802964661144442,
        "16": 0.04588000731366983,
        "17": 0.04588007247219798,
        "18": 0.041330374115278457,
        "19": 0.034913277798651665,
        "20": 0.042215673516366445,
        "21": 0.06632287173334885
    }
}