{
    "smiles": "CCOC(=O)C=[N+]=[N-]",
    "best_conformer_coordinates": [
        [
            -2.437518025994868,
            0.42887940248072304,
            0.012631621612832695
        ],
        [
            -1.2446043672746228,
            -0.4360379472089729,
            0.3720320556118128
        ],
        [
            -0.055803473587648686,
            0.26233278929586884,
            -0.0018007565476655235
        ],
        [
            1.0993536031823832,
            -0.37355002245851937,
            0.2554881112877812
        ],
        [
            1.1791062515589963,
            -1.4633479907874265,
            0.7671275041090175
        ],
        [
            2.218728404540615,
            0.45517767761201394,
            -0.1771686867210906
        ],
        [
            3.4209821175860826,
            0.08790469721492156,
            -0.04840184412862667
        ],
        [
            4.483414713080811,
            -0.25493495357871415,
            0.07408935736360313
        ],
        [
            -2.4485870571663026,
            0.6268312083913611,
            -1.0557601060418556
        ],
        [
            -3.354128355101702,
            -0.0834851322958444,
            0.2892706565067956
        ],
        [
            -2.3858689778380078,
            1.3768762274448256,
            0.5412194201203856
        ],
        [
            -1.2724121630125538,
            -1.3955168212784415,
            -0.15677358685337275
        ],
        [
            -1.2100481580374765,
            -0.6429335348093933,
            1.447670325255568
        ],
        [
            2.0073854827725226,
            1.411804399977662,
            -0.6212681256121251
        ]
    ],
    "best_conformer_elements": [
        6,
        6,
        8,
        6,
        8,
        6,
        7,
        7,
        1,
        1,
        1,
        1,
        1,
        1
    ],
    "best_conformer_energy": -25.54351736546878,
    "ip": 14.075419426660513,
    "ip_corrected": 9.229419426660513,
    "ea": 4.319488148938746,
    "homo": -0.4033517977022577,
    "lumo": -0.3059112373278501,
    "charges": {
        "1": -0.11605813095317326,
        "2": 0.08654003868243643,
        "3": -0.2777753519047605,
        "4": 0.36136170015255487,
        "5": -0.42785157532251344,
        "6": -0.10765409807652007,
        "7": 0.24039208251762897,
        "8": -0.13489808266364314,
        "9": 0.05877517231966451,
        "10": 0.054183108969389084,
        "11": 0.058780405782752745,
        "12": 0.051307761463298886,
        "13": 0.05140372129900516,
        "14": 0.10149324773387729
    },
    "dipole": [
        -0.8891185323445486,
        1.0883327373167335,
        -0.48060876714725675
    ],
    "global_electrophilicity": 0.9704429812146818,
    "global_nucleophilicity": -9.229419426660513,
    "fukui_electrophilicity": {
        "1": -0.012271821945729289,
        "2": -0.015730111325142834,
        "3": 0.06988877275199057,
        "4": 0.061480573272190864,
        "5": 0.13499830999110246,
        "6": 0.024437176372125474,
        "7": 0.18751125284049902,
        "8": 0.2821941069217556,
        "9": 0.018638111804752243,
        "10": 0.03300929635581318,
        "11": 0.01859907723027602,
        "12": 0.028528967664737576,
        "13": 0.02842150093719084,
        "14": 0.14029478712844784
    },
    "fukui_nucleophilicity": {
        "1": -0.016704923102929772,
        "2": -0.013454322930097268,
        "3": 0.07600348823466957,
        "4": 0.00441359959866966,
        "5": 0.0916817062954316,
        "6": 0.09068660760803975,
        "7": 0.05481829926267143,
        "8": 0.20409428377405353,
        "9": 0.08229195772903353,
        "10": 0.058899308436543514,
        "11": 0.0821547985661429,
        "12": 0.10133226362485256,
        "13": 0.10120531239869662,
        "14": 0.08257762145891386
    },
    "fukui_radical": {
        "1": -0.01448837252432953,
        "2": -0.014592217127620051,
        "3": 0.07294613049333007,
        "4": 0.03294708643543026,
        "5": 0.11334000814326703,
        "6": 0.05756189199008261,
        "7": 0.12116477605158522,
        "8": 0.24314419534790455,
        "9": 0.05046503476689288,
        "10": 0.04595430239617834,
        "11": 0.05037693789820946,
        "12": 0.06493061564479506,
        "13": 0.06481340666794373,
        "14": 0.11143620429368084
    }
}