{
    "smiles": "CCOC(=O)C=CC(=O)O",
    "best_conformer_coordinates": [
        [
            3.157162901727899,
            -1.6375749365789782,
            0.5986050709081658
        ],
        [
            2.426901511973595,
            -0.6321822625933619,
            -0.27083431797616986
        ],
        [
            1.0713105381324113,
            -0.5498199224452972,
            0.1743508729614561
        ],
        [
            0.27837585640404416,
            0.2950422874459002,
            -0.48482905599460363
        ],
        [
            0.6377766693272905,
            0.9752921180410642,
            -1.413250798152172
        ],
        [
            -1.0921557923909935,
            0.27948392151819357,
            0.07933637480895131
        ],
        [
            -2.060234756919877,
            1.0462950852982946,
            -0.41994745654986415
        ],
        [
            -3.4273782261067782,
            1.031862182893945,
            0.14156839885957168
        ],
        [
            -3.7958712001274884,
            0.35675163809576727,
            1.0676819016282753
        ],
        [
            -4.23617776584821,
            1.875520381793644,
            -0.5098999861074491
        ],
        [
            3.131095602529864,
            -1.3223720605249647,
            1.6380718683946884
        ],
        [
            2.6854169305719866,
            -2.6131598906119997,
            0.5197804365565756
        ],
        [
            4.19121488527072,
            -1.7151671428548745,
            0.27605958366589106
        ],
        [
            2.4331545597435604,
            -0.933338755129494,
            -1.3245711509179403
        ],
        [
            2.880738823913994,
            0.3629660387332089,
            -0.20150023858865035
        ],
        [
            -1.2703404209163403,
            -0.3823727165572638,
            0.9143040404864831
        ],
        [
            -1.8821931787339947,
            1.708158345982544,
            -1.2548658654142661
        ],
        [
            -5.128796943843487,
            1.8546156874936486,
            -0.13002890438705567
        ]
    ],
    "best_conformer_elements": [
        6,
        6,
        8,
        6,
        8,
        6,
        6,
        6,
        8,
        8,
        1,
        1,
        1,
        1,
        1,
        1,
        1,
        1
    ],
    "best_conformer_energy": -33.18146487836946,
    "ip": 14.221462584314528,
    "ip_corrected": 9.375462584314528,
    "ea": 5.561256110078702,
    "homo": -0.42597537456552803,
    "lumo": -0.31625367208478355,
    "charges": {
        "1": -0.1172716028173196,
        "2": 0.08255916379957977,
        "3": -0.2541802580836783,
        "4": 0.3571753579710826,
        "5": -0.4022774273573661,
        "6": -0.03972502740480294,
        "7": -0.04047914728671281,
        "8": 0.36222843758645445,
        "9": -0.3984184350661958,
        "10": -0.36657058618248456,
        "11": 0.061069551885441616,
        "12": 0.06106950854403961,
        "13": 0.055499709972463035,
        "14": 0.054947152067129586,
        "15": 0.05494701239671062,
        "16": 0.09637630534051415,
        "17": 0.09997930881463542,
        "18": 0.33307097582049766
    },
    "dipole": [
        0.25842449751817936,
        -0.21396189932148363,
        0.14397536990293566
    ],
    "global_electrophilicity": 1.4696907641910726,
    "global_nucleophilicity": -9.375462584314528,
    "fukui_electrophilicity": {
        "1": -0.011426149422797988,
        "2": -0.015786656072327085,
        "3": 0.07133105584714161,
        "4": 0.04744042774211288,
        "5": 0.13793421155453628,
        "6": 0.07176589779010903,
        "7": 0.06900832147856403,
        "8": 0.051021548356901814,
        "9": 0.1477830813794383,
        "10": 0.07566203863540355,
        "11": 0.017042885048150956,
        "12": 0.01704284394871599,
        "13": 0.03090700312206086,
        "14": 0.028310481201625267,
        "15": 0.02831067416666394,
        "16": 0.0885745991668467,
        "17": 0.08974318890685219,
        "18": 0.05533454714996894
    },
    "fukui_nucleophilicity": {
        "1": -0.011804513311276521,
        "2": -0.012953338663351258,
        "3": 0.06694235169171675,
        "4": 0.01569320906108751,
        "5": 0.12441007176363528,
        "6": 0.021758246499622158,
        "7": 0.031744382892702344,
        "8": 0.020297213987899798,
        "9": 0.14305795848683717,
        "10": 0.06811298793673054,
        "11": 0.07650313436317976,
        "12": 0.0765029416040772,
        "13": 0.06319906999616187,
        "14": 0.07802834726706523,
        "15": 0.07802852133048802,
        "16": 0.056273577904278047,
        "17": 0.06303351057694674,
        "18": 0.04117232661223491
    },
    "fukui_radical": {
        "1": -0.011615331367037254,
        "2": -0.014369997367839171,
        "3": 0.06913670376942918,
        "4": 0.031566818401600194,
        "5": 0.13117214165908578,
        "6": 0.046762072144865593,
        "7": 0.05037635218563319,
        "8": 0.035659381172400806,
        "9": 0.14542051993313773,
        "10": 0.07188751328606705,
        "11": 0.04677300970566536,
        "12": 0.046772892776396596,
        "13": 0.04705303655911137,
        "14": 0.05316941423434524,
        "15": 0.05316959774857598,
        "16": 0.07242408853556237,
        "17": 0.07638834974189947,
        "18": 0.048253436881101924
    }
}