{
    "smiles": "Cl/C=C\\Cl",
    "best_conformer_coordinates": [
        [
            -1.503189597627712,
            1.2689797072367022,
            0.4421667065128106
        ],
        [
            -0.6228976502527872,
            -0.1638881675305566,
            0.117986983034581
        ],
        [
            0.6203255699136968,
            -0.17460963912308106,
            -0.33982411405385754
        ],
        [
            1.52227551459349,
            1.242887115142885,
            -0.6719465810137898
        ],
        [
            -1.1614293999095846,
            -1.0767394039899134,
            0.3162881941007409
        ],
        [
            1.1449155632829047,
            -1.0966296117360372,
            -0.5330124807611801
        ]
    ],
    "best_conformer_elements": [
        17,
        6,
        6,
        17,
        1,
        1
    ],
    "best_conformer_energy": -14.36686510956624,
    "ip": 14.13457128880604,
    "ip_corrected": 9.28857128880604,
    "ea": 3.18406909904338,
    "homo": -0.40459120200457716,
    "lumo": -0.2501304679428192,
    "charges": {
        "1": -0.12178257037020282,
        "2": 0.03595663038605271,
        "3": 0.03595669565086741,
        "4": -0.1217824290930195,
        "5": 0.08582587092838302,
        "6": 0.08582580249791963
    },
    "dipole": [
        -0.00562956294943124,
        -0.7403669872458603,
        0.00206453950825506
    ],
    "global_electrophilicity": 0.6639609147326767,
    "global_nucleophilicity": -9.28857128880604,
    "fukui_electrophilicity": {
        "1": 0.23688979930308887,
        "2": 0.10694363915888228,
        "3": 0.10694120179397545,
        "4": 0.23689015695374482,
        "5": 0.1561674744757639,
        "6": 0.15616772831453574
    },
    "fukui_nucleophilicity": {
        "1": 0.3514200228209776,
        "2": 0.03624260924644128,
        "3": 0.03624276343581323,
        "4": 0.35141995087798034,
        "5": 0.11233733573081602,
        "6": 0.11233731872046512
    },
    "fukui_radical": {
        "1": 0.2941549110620333,
        "2": 0.07159312420266178,
        "3": 0.07159198261489434,
        "4": 0.2941550539158626,
        "5": 0.13425240510328995,
        "6": 0.13425252351750044
    }
}