{
    "smiles": "ClC(Cl)=C(Cl)c1cccc(Cl)c1Cl",
    "best_conformer_coordinates": [
        [
            -4.383629317145962,
            0.4453911156042156,
            0.4797849166612086
        ],
        [
            -2.6752729895080676,
            0.5073010396654903,
            0.5812806789400373
        ],
        [
            -2.0550000974652254,
            1.544483428008165,
            1.8002008247821288
        ],
        [
            -1.865464415664327,
            -0.21839022959235851,
            -0.19544639138000336
        ],
        [
            -2.536722742022078,
            -1.321169729190193,
            -1.340519153885736
        ],
        [
            -0.3945592353699883,
            -0.18661308686572317,
            -0.14029981953715207
        ],
        [
            0.30424127607570506,
            -1.348215111726459,
            0.17605262023673524
        ],
        [
            1.6849547101953108,
            -1.34470703479783,
            0.23276154484432993
        ],
        [
            2.39032444619896,
            -0.1844069006724346,
            -0.03431513008781719
        ],
        [
            1.70807677457047,
            0.9740388194140954,
            -0.3721264822489673
        ],
        [
            2.586542711993866,
            2.4098936734577454,
            -0.7255173309008238
        ],
        [
            0.315770586298586,
            0.9795309163525602,
            -0.43317546140357954
        ],
        [
            -0.5118560190326372,
            2.408707086962504,
            -0.9068137187150387
        ],
        [
            -0.25156731061425913,
            -2.2490222022601687,
            0.38346262221010763
        ],
        [
            2.216608609943981,
            -2.2481286306027997,
            0.48617066785085566
        ],
        [
            3.4675530115456246,
            -0.1686931484650668,
            0.008499617925424762
        ]
    ],
    "best_conformer_elements": [
        17,
        6,
        17,
        6,
        17,
        6,
        6,
        6,
        6,
        6,
        17,
        6,
        17,
        1,
        1,
        1
    ],
    "best_conformer_energy": -41.398942273490675,
    "ip": 13.20468473945611,
    "ip_corrected": 8.35868473945611,
    "ea": 5.468336917043488,
    "homo": -0.4085539600257436,
    "lumo": -0.2859661253508787,
    "charges": {
        "1": -0.08339500913362911,
        "2": 0.14470665863970458,
        "3": -0.08985804676654054,
        "4": 0.07041076358968086,
        "5": -0.10684669707293067,
        "6": 0.00740852229833909,
        "7": -0.02802044024990777,
        "8": -0.02693786015103322,
        "9": -0.03631096217480118,
        "10": 0.09257354862173318,
        "11": -0.12762445082672355,
        "12": 0.08768854007995167,
        "13": -0.12234305958651014,
        "14": 0.07134283219793516,
        "15": 0.06870125463401276,
        "16": 0.07850440590068591
    },
    "dipole": [
        0.6176274440682867,
        -0.8242336598486886,
        0.2558245502748089
    ],
    "global_electrophilicity": 1.3032433366174736,
    "global_nucleophilicity": -8.35868473945611,
    "fukui_electrophilicity": {
        "1": 0.1260945160793786,
        "2": 0.039578864107134515,
        "3": 0.11191767375840868,
        "4": 0.03182494180974137,
        "5": 0.12472472399622815,
        "6": 0.05171208097530589,
        "7": 0.024224464018902547,
        "8": 0.0239289543921965,
        "9": 0.05456229913196927,
        "10": 0.019218346500645758,
        "11": 0.0950349861893465,
        "12": 0.023089257922837003,
        "13": 0.08730248585996413,
        "14": 0.05531005015704892,
        "15": 0.063257551211095,
        "16": 0.06821880388978542
    },
    "fukui_nucleophilicity": {
        "1": 0.15236452747463947,
        "2": 0.008616676354759184,
        "3": 0.13660983110471953,
        "4": 0.0186660996697513,
        "5": 0.1670344115266325,
        "6": 0.009087674806611504,
        "7": 0.022241700221423882,
        "8": 0.021884654980064963,
        "9": 0.019590485130804934,
        "10": 0.0133362551093502,
        "11": 0.16772405581160155,
        "12": 0.009262541697071497,
        "13": 0.12153294539722219,
        "14": 0.038417532128443094,
        "15": 0.04903385852806745,
        "16": 0.044596750059134466
    },
    "fukui_radical": {
        "1": 0.13922952177700904,
        "2": 0.02409777023094685,
        "3": 0.1242637524315641,
        "4": 0.025245520739746334,
        "5": 0.14587956776143032,
        "6": 0.030399877890958698,
        "7": 0.023233082120163215,
        "8": 0.02290680468613073,
        "9": 0.0370763921313871,
        "10": 0.01627730080499798,
        "11": 0.131379521000474,
        "12": 0.01617589980995425,
        "13": 0.10441771562859316,
        "14": 0.04686379114274601,
        "15": 0.05614570486958123,
        "16": 0.05640777697445994
    }
}