{
    "smiles": "ClC1=CC=C(C=C)C=C1",
    "best_conformer_coordinates": [
        [
            -4.011028512883538,
            0.28536194818223326,
            0.3840254972029276
        ],
        [
            -2.301902680565791,
            0.09017736680317089,
            0.21000697921130465
        ],
        [
            -1.471970537442128,
            1.1976143179220782,
            0.29530702369746753
        ],
        [
            -0.10783387203023745,
            1.0392909152600651,
            0.1560535158950002
        ],
        [
            0.45370847871008346,
            -0.21878952146438713,
            -0.06975413458372572
        ],
        [
            1.886915156271385,
            -0.43561629507317623,
            -0.22320297761300686
        ],
        [
            2.841246679252308,
            0.4863760263068032,
            -0.17486481292598327
        ],
        [
            -0.4069729324139084,
            -1.3156208244632281,
            -0.15091816676263364
        ],
        [
            -1.7732748313020956,
            -1.1710364249585123,
            -0.013421749746492864
        ],
        [
            -1.8953064872194967,
            2.1746296470539344,
            0.46957798537475215
        ],
        [
            0.5264852800724005,
            1.9087447611467692,
            0.22451076844315895
        ],
        [
            2.166739455852162,
            -1.468282613923569,
            -0.3929503465407871
        ],
        [
            3.8774262933186656,
            0.22359605603878716,
            -0.30077528104587026
        ],
        [
            2.6385986776439263,
            1.5305158983898834,
            -0.010121053520413939
        ],
        [
            0.003712400908225165,
            -2.2998032030909403,
            -0.3251097944931553
        ],
        [
            -2.4265425734637587,
            -2.027158048838323,
            -0.07836345259249873
        ]
    ],
    "best_conformer_elements": [
        17,
        6,
        6,
        6,
        6,
        6,
        6,
        6,
        6,
        1,
        1,
        1,
        1,
        1,
        1,
        1
    ],
    "best_conformer_energy": -25.211623661847497,
    "ip": 13.089531734624495,
    "ip_corrected": 8.243531734624495,
    "ea": 4.467519619276889,
    "homo": -0.38767705022389587,
    "lumo": -0.26290492215366545,
    "charges": {
        "1": -0.18188767660225855,
        "2": 0.09811001859530089,
        "3": -0.039757378926475066,
        "4": -0.030775691464993926,
        "5": 0.014277548481518257,
        "6": -0.029512829509860776,
        "7": -0.08437828424823196,
        "8": -0.032512050873266404,
        "9": -0.0397041201525855,
        "10": 0.05442875045270565,
        "11": 0.04937143636698482,
        "12": 0.0384569888314577,
        "13": 0.04208983390019646,
        "14": 0.04252671980979937,
        "15": 0.045043985416113416,
        "16": 0.05422274992361977
    },
    "dipole": [
        0.741885400598945,
        -0.07227398258439206,
        -0.07378102051556205
    ],
    "global_electrophilicity": 0.896818398825285,
    "global_nucleophilicity": -8.243531734624495,
    "fukui_electrophilicity": {
        "1": 0.13766005127635553,
        "2": 0.06403236260624821,
        "3": 0.024505649116605,
        "4": 0.030831989398056002,
        "5": 0.062354239320696,
        "6": 0.0384451340723365,
        "7": 0.06720411425300116,
        "8": 0.030597605617423335,
        "9": 0.02720940636721713,
        "10": 0.07063914042686897,
        "11": 0.060639519647139664,
        "12": 0.07600001102124188,
        "13": 0.09255116656853876,
        "14": 0.07791263981826815,
        "15": 0.06734692278484858,
        "16": 0.07207004770521097
    },
    "fukui_nucleophilicity": {
        "1": 0.26868775756646174,
        "2": 0.03528032476505147,
        "3": 0.02548539755791652,
        "4": 0.027091708159548117,
        "5": 0.05302868380368096,
        "6": 0.032150582790778544,
        "7": 0.05864414920346846,
        "8": 0.028134788507462385,
        "9": 0.026502910524296312,
        "10": 0.05976001500079364,
        "11": 0.0550749317574607,
        "12": 0.06385979570699699,
        "13": 0.07953189927314236,
        "14": 0.06473301574957552,
        "15": 0.06109383488555335,
        "16": 0.0609402047477746
    },
    "fukui_radical": {
        "1": 0.20317390442140865,
        "2": 0.04965634368564984,
        "3": 0.02499552333726076,
        "4": 0.02896184877880206,
        "5": 0.05769146156218848,
        "6": 0.03529785843155752,
        "7": 0.0629241317282348,
        "8": 0.02936619706244286,
        "9": 0.02685615844575672,
        "10": 0.06519957771383131,
        "11": 0.05785722570230018,
        "12": 0.06992990336411944,
        "13": 0.08604153292084056,
        "14": 0.07132282778392184,
        "15": 0.06422037883520097,
        "16": 0.06650512622649278
    }
}