{
    "smiles": "ClC1=C(C=C)C=C(C=C1)Cl",
    "best_conformer_coordinates": [
        [
            0.5399789762551818,
            -2.385907870864917,
            -1.6435262162271673
        ],
        [
            -0.26742940205970284,
            -1.1757614006301496,
            -0.7089508669077924
        ],
        [
            0.4269620460725232,
            -0.05082168823268944,
            -0.24907008000446199
        ],
        [
            1.8373840701147615,
            0.1482559047267344,
            -0.5670611623217994
        ],
        [
            2.685742233236619,
            0.88656947128817,
            0.13655366555173515
        ],
        [
            -0.28558048696783356,
            0.8799806725301462,
            0.5074057089133943
        ],
        [
            -1.6232422024207724,
            0.6859032874528204,
            0.7952887783615719
        ],
        [
            -2.296610368713749,
            -0.4367534531567411,
            0.3377398806422839
        ],
        [
            -1.608157301631843,
            -1.3675354716768782,
            -0.41760549337057007
        ],
        [
            -2.4697556712480186,
            1.8646867127621545,
            1.7330509963504999
        ],
        [
            2.1898358318920965,
            -0.38162830750235494,
            -1.4414184076762802
        ],
        [
            3.715571984157603,
            0.9871523032180404,
            -0.15900738402306658
        ],
        [
            2.398304664552985,
            1.4015880124183986,
            1.037494578939856
        ],
        [
            0.2106051160234937,
            1.7705548307724313,
            0.8575843754820874
        ],
        [
            -3.340649611071529,
            -0.5786127170490719,
            0.5654932787596548
        ],
        [
            -2.11295986760817,
            -2.247670280764207,
            -0.7839716577617111
        ]
    ],
    "best_conformer_elements": [
        17,
        6,
        6,
        6,
        6,
        6,
        6,
        6,
        6,
        17,
        1,
        1,
        1,
        1,
        1,
        1
    ],
    "best_conformer_energy": -29.2614686407672,
    "ip": 13.155596159817316,
    "ip_corrected": 8.309596159817316,
    "ea": 4.814867521960886,
    "homo": -0.3966353634203974,
    "lumo": -0.2729528210917313,
    "charges": {
        "1": -0.1646294252088491,
        "2": 0.08824341905425707,
        "3": 0.014079123961852139,
        "4": -0.02523017394617108,
        "5": -0.08115556715246963,
        "6": -0.0443241955358193,
        "7": 0.09591007103153022,
        "8": -0.03993379248234084,
        "9": -0.038236877093231064,
        "10": -0.16808417876955412,
        "11": 0.05811919559632096,
        "12": 0.04991866528927657,
        "13": 0.04846694567402101,
        "14": 0.07155539051867703,
        "15": 0.067715337465176,
        "16": 0.06758606159731907
    },
    "dipole": [
        0.17748129578060107,
        0.013608543804393488,
        -0.014493430705836337
    ],
    "global_electrophilicity": 1.0270829430217157,
    "global_nucleophilicity": -8.309596159817316,
    "fukui_electrophilicity": {
        "1": 0.10979690153440858,
        "2": 0.03171185898618499,
        "3": 0.06727230112631472,
        "4": 0.03352166101387065,
        "5": 0.06241611690778953,
        "6": 0.024119752645666015,
        "7": 0.027630429258009598,
        "8": 0.06721382820622654,
        "9": 0.023864150438717723,
        "10": 0.11133062136051813,
        "11": 0.07211487586847973,
        "12": 0.088385552050037,
        "13": 0.07398714525587022,
        "14": 0.05847567348450286,
        "15": 0.07943296511188941,
        "16": 0.06872616675152826
    },
    "fukui_nucleophilicity": {
        "1": 0.23292590153306564,
        "2": 0.032573817871049,
        "3": 0.034782420515489784,
        "4": 0.017511485488570636,
        "5": 0.0400007467004827,
        "6": 0.011992995623125502,
        "7": 0.026000413044712012,
        "8": 0.036781680887057126,
        "9": 0.019036255871123654,
        "10": 0.227749013290501,
        "11": 0.04390358845111418,
        "12": 0.06426220651658446,
        "13": 0.05042506682211947,
        "14": 0.046205859966692825,
        "15": 0.060036088548457045,
        "16": 0.05581245886986856
    },
    "fukui_radical": {
        "1": 0.1713614015337371,
        "2": 0.032142838428616996,
        "3": 0.05102736082090225,
        "4": 0.025516573251220642,
        "5": 0.05120843180413612,
        "6": 0.01805637413439576,
        "7": 0.026815421151360805,
        "8": 0.05199775454664183,
        "9": 0.02145020315492069,
        "10": 0.16953981732550957,
        "11": 0.058009232159796954,
        "12": 0.07632387928331072,
        "13": 0.06220610603899484,
        "14": 0.05234076672559784,
        "15": 0.06973452683017323,
        "16": 0.06226931281069841
    }
}