{
    "smiles": "ClC=CC=C",
    "best_conformer_coordinates": [
        [
            3.186765811852844,
            0.8105400098150648,
            0.17418970320020852
        ],
        [
            1.7137577312643464,
            0.10627877868680784,
            0.7018138233281349
        ],
        [
            0.5596498701406295,
            0.2752258003992802,
            0.06080234535177951
        ],
        [
            -0.6762696052351067,
            -0.32073864983569195,
            0.5109017824403594
        ],
        [
            -1.8361320497252052,
            -0.1608366163898564,
            -0.11884129258778105
        ],
        [
            1.8123647966672423,
            -0.48453741387744703,
            1.5998011834833026
        ],
        [
            0.5171730243386167,
            0.8778968162120596,
            -0.8353730763282183
        ],
        [
            -0.6188409590775653,
            -0.9211622743701093,
            1.4088918025323158
        ],
        [
            -1.9145115542788715,
            0.4330134495105951,
            -1.014364014551261
        ],
        [
            -2.7439570765304673,
            -0.6156798948589335,
            0.23676954662313154
        ]
    ],
    "best_conformer_elements": [
        17,
        6,
        6,
        6,
        6,
        1,
        1,
        1,
        1,
        1
    ],
    "best_conformer_energy": -15.604212590476171,
    "ip": 13.600377479187475,
    "ip_corrected": 8.754377479187475,
    "ea": 4.011553956394821,
    "homo": -0.38992880005121433,
    "lumo": -0.2641210432372891,
    "charges": {
        "1": -0.1603793610975299,
        "2": 0.044785074804383304,
        "3": -0.03945220079899844,
        "4": -0.024387220977820444,
        "5": -0.08370465414181984,
        "6": 0.0645542760006745,
        "7": 0.06375101887155685,
        "8": 0.04044133715653561,
        "9": 0.04842961823128105,
        "10": 0.04596211195174068
    },
    "dipole": [
        -0.5688835964870285,
        -0.20909213947881847,
        0.11175578672810538
    ],
    "global_electrophilicity": 0.8176878242052641,
    "global_nucleophilicity": -8.754377479187475,
    "fukui_electrophilicity": {
        "1": 0.1929238706688627,
        "2": 0.08307178668816473,
        "3": 0.0605990939340686,
        "4": 0.05371124046664157,
        "5": 0.08773925694325098,
        "6": 0.11294563368700804,
        "7": 0.09471735528869699,
        "8": 0.0955198812278851,
        "9": 0.10432353250895796,
        "10": 0.11444834858645864
    },
    "fukui_nucleophilicity": {
        "1": 0.3417330640114905,
        "2": 0.03685805554787386,
        "3": 0.059406009390616736,
        "4": 0.044249010014097805,
        "5": 0.07600474896473346,
        "6": 0.09530747969166904,
        "7": 0.07860614109950417,
        "8": 0.08075412635081719,
        "9": 0.087177871564148,
        "10": 0.09990349405368876
    },
    "fukui_radical": {
        "1": 0.2673284673401766,
        "2": 0.05996492111801929,
        "3": 0.06000255166234267,
        "4": 0.04898012524036969,
        "5": 0.08187200295399222,
        "6": 0.10412655668933854,
        "7": 0.08666174819410058,
        "8": 0.08813700378935115,
        "9": 0.09575070203655298,
        "10": 0.1071759213200737
    }
}