{
    "smiles": "ClC=CCl",
    "best_conformer_coordinates": [
        [
            -2.0418771995187397,
            -0.6148470723106747,
            0.08495378040365373
        ],
        [
            -0.5879307463955762,
            0.29015596558336226,
            0.09069977763098402
        ],
        [
            0.5879311298924126,
            -0.29015777994064257,
            -0.09070010256503447
        ],
        [
            2.0418741718735305,
            0.6148503185103181,
            -0.08495301532797006
        ],
        [
            -0.7154494737558766,
            1.3489729988314045,
            0.2515682816213729
        ],
        [
            0.7154521179042473,
            -1.3489744306737688,
            -0.25156871647123513
        ]
    ],
    "best_conformer_elements": [
        17,
        6,
        6,
        17,
        1,
        1
    ],
    "best_conformer_energy": -14.36818593356693,
    "ip": 14.191368668432156,
    "ip_corrected": 9.345368668432156,
    "ea": 3.291004679761873,
    "homo": -0.40962022794618896,
    "lumo": -0.2542169568505959,
    "charges": {
        "1": -0.12851733046683517,
        "2": 0.03741263739102797,
        "3": 0.03741261210409452,
        "4": -0.12851725562276298,
        "5": 0.09110466828558175,
        "6": 0.09110466830888801
    },
    "dipole": [
        -3.710326513075676e-07,
        -1.5675847919345014e-06,
        -1.945563073162987e-07
    ],
    "global_electrophilicity": 0.6959620450212978,
    "global_nucleophilicity": -9.345368668432156,
    "fukui_electrophilicity": {
        "1": 0.2416394791746459,
        "2": 0.10835028647774318,
        "3": 0.10835029066800382,
        "4": 0.2416393056666802,
        "5": 0.15001028559238574,
        "6": 0.15001035242053895
    },
    "fukui_nucleophilicity": {
        "1": 0.3660351063272771,
        "2": 0.03550568859331904,
        "3": 0.03550573230562919,
        "4": 0.36603506098254446,
        "5": 0.09845915044338838,
        "6": 0.09845926134784432
    },
    "fukui_radical": {
        "1": 0.3038372927509615,
        "2": 0.07192798753553112,
        "3": 0.0719280114868165,
        "4": 0.30383718332461235,
        "5": 0.12423471801788706,
        "6": 0.12423480688419164
    }
}