{
    "smiles": "ClCC=Cc1ccccc1",
    "best_conformer_coordinates": [
        [
            4.309813892950305,
            0.9723395088101863,
            0.95529230151734
        ],
        [
            3.4752142438433378,
            -0.33328319177171684,
            0.028367682265235353
        ],
        [
            2.03312774909005,
            -0.3400837933374682,
            0.3729041726396049
        ],
        [
            1.0773998557335802,
            0.0303763977299039,
            -0.478941534975147
        ],
        [
            -0.3553324155286043,
            0.06481051281685893,
            -0.2266838392258665
        ],
        [
            -0.9183545081900728,
            -0.20810032344522247,
            1.021507114586911
        ],
        [
            -2.2864484368552467,
            -0.1588586100882111,
            1.2042711842316423
        ],
        [
            -3.1243055198334093,
            0.16279930724867886,
            0.1484584153624037
        ],
        [
            -2.581598009592245,
            0.43842646708706695,
            -1.0954336985331365
        ],
        [
            -1.2133559419750335,
            0.39095157851181533,
            -1.2795081619768711
        ],
        [
            3.647158384362799,
            -0.12119177601557077,
            -1.0261063300071978
        ],
        [
            3.9705316427699757,
            -1.2603854797411362,
            0.31725070289007457
        ],
        [
            1.8038645892659264,
            -0.6392863207522327,
            1.3848183919832624
        ],
        [
            1.367043081033171,
            0.327529207587832,
            -1.4803977101764465
        ],
        [
            -0.28270826799732174,
            -0.45485321028095715,
            1.8574737289324712
        ],
        [
            -2.70454028583521,
            -0.37145589299096327,
            2.177498871762658
        ],
        [
            -4.193451773854065,
            0.2001846277011335,
            0.29565833958033527
        ],
        [
            -3.227517547622669,
            0.6920910399466991,
            -1.9233721181247714
        ],
        [
            -0.7965407423488596,
            0.6079899615671134,
            -2.253057502148418
        ]
    ],
    "best_conformer_elements": [
        17,
        6,
        6,
        6,
        6,
        6,
        6,
        6,
        6,
        6,
        1,
        1,
        1,
        1,
        1,
        1,
        1,
        1,
        1
    ],
    "best_conformer_energy": -28.37103477755514,
    "ip": 13.057491580290215,
    "ip_corrected": 8.211491580290215,
    "ea": 4.655682050532037,
    "homo": -0.38971321738720893,
    "lumo": -0.26390486437842026,
    "charges": {
        "1": -0.21073064377022027,
        "2": 0.0293082916135744,
        "3": -0.04069094164017074,
        "4": -0.0348208140445723,
        "5": 0.015655663749087945,
        "6": -0.032085917998189654,
        "7": -0.028254458328419427,
        "8": -0.028544238219845877,
        "9": -0.028702513653677417,
        "10": -0.032408365106334554,
        "11": 0.06388099668852638,
        "12": 0.06774835660607352,
        "13": 0.05231542163291218,
        "14": 0.040940891877972174,
        "15": 0.035563102135931814,
        "16": 0.03298223977945322,
        "17": 0.032737952159006434,
        "18": 0.03241118583836285,
        "19": 0.032693790680514624
    },
    "dipole": [
        -0.5820585348109536,
        -0.5445770632164022,
        -0.4168766807372737
    ],
    "global_electrophilicity": 0.9572227593936247,
    "global_nucleophilicity": -8.211491580290215,
    "fukui_electrophilicity": {
        "1": 0.13473422239964034,
        "2": -0.021869593648515498,
        "3": 0.07317057536772786,
        "4": 0.043777752166726754,
        "5": 0.04394488059522635,
        "6": 0.027377854781552538,
        "7": 0.02155442743622621,
        "8": 0.05468782218997863,
        "9": 0.023173294427247082,
        "10": 0.028549076155297913,
        "11": 0.054842731933632385,
        "12": 0.0663337066507257,
        "13": 0.07032534932913438,
        "14": 0.07190725911427202,
        "15": 0.050024229114894896,
        "16": 0.06305831371352977,
        "17": 0.07211716021740125,
        "18": 0.06470176178327251,
        "19": 0.057589176272009365
    },
    "fukui_nucleophilicity": {
        "1": 0.22092539146509693,
        "2": -0.03185103162904675,
        "3": 0.052588832377489854,
        "4": 0.030112514314846676,
        "5": 0.045205695259655246,
        "6": 0.024805471470731415,
        "7": 0.023508706589623563,
        "8": 0.0544041507494801,
        "9": 0.024553872539965257,
        "10": 0.02658319807558516,
        "11": 0.05932252269960936,
        "12": 0.07509233023975397,
        "13": 0.054498554031988514,
        "14": 0.05675563529566856,
        "15": 0.045264638767035036,
        "16": 0.058187063593581334,
        "17": 0.06686671962963583,
        "18": 0.060110868312749775,
        "19": 0.05306486621658069
    },
    "fukui_radical": {
        "1": 0.17782980693236863,
        "2": -0.026860312638781123,
        "3": 0.06287970387260886,
        "4": 0.036945133240786715,
        "5": 0.044575287927440796,
        "6": 0.026091663126141976,
        "7": 0.022531567012924886,
        "8": 0.054545986469729364,
        "9": 0.02386358348360617,
        "10": 0.027566137115441536,
        "11": 0.05708262731662087,
        "12": 0.07071301844523983,
        "13": 0.06241195168056145,
        "14": 0.06433144720497029,
        "15": 0.047644433940964966,
        "16": 0.06062268865355555,
        "17": 0.06949193992351854,
        "18": 0.06240631504801114,
        "19": 0.05532702124429503
    }
}