{
    "smiles": "ClCC1(CCl)COC1",
    "best_conformer_coordinates": [
        [
            -2.0666720145214788,
            1.7674071039725239,
            0.237756565816249
        ],
        [
            -1.2471257701400176,
            0.5122323964511319,
            -0.7307753353189033
        ],
        [
            -0.0027746047034730016,
            0.023199679853029953,
            -0.00956781862297581
        ],
        [
            1.056640324943503,
            1.1078514612044446,
            0.0855900177860504
        ],
        [
            1.6794993235553286,
            1.5047849069030546,
            -1.539069365672086
        ],
        [
            -0.2764178046855552,
            -0.7218707294202686,
            1.3114325735776977
        ],
        [
            0.22880796958269375,
            -1.9428340794777494,
            0.7736748970941837
        ],
        [
            0.519659265929503,
            -1.3452215188369987,
            -0.4886189288769434
        ],
        [
            -1.9635288152433445,
            -0.2967813948153183,
            -0.8704931873071745
        ],
        [
            -0.9915357749349789,
            0.9577299070734182,
            -1.6925903473925719
        ],
        [
            1.9084173780235818,
            0.7738325716257877,
            0.6773368201454455
        ],
        [
            0.6415152293152927,
            2.023180324649285,
            0.5083719985767039
        ],
        [
            0.3030023882199469,
            -0.3812560786323786,
            2.1734782068389054
        ],
        [
            -1.3306626672494706,
            -0.7992611080797272,
            1.5879720001870186
        ],
        [
            -0.04546331171260235,
            -1.8071654946959042,
            -1.3023105464863303
        ],
        [
            1.5866388836210916,
            -1.37582794248279,
            -0.7221875503453753
        ]
    ],
    "best_conformer_elements": [
        17,
        6,
        6,
        6,
        17,
        6,
        8,
        6,
        1,
        1,
        1,
        1,
        1,
        1,
        1,
        1
    ],
    "best_conformer_energy": -27.93052736496917,
    "ip": 13.772900017513347,
    "ip_corrected": 8.926900017513347,
    "ea": 2.598874153739913,
    "homo": -0.416830242462691,
    "lumo": -0.17996861725245714,
    "charges": {
        "1": -0.1956652851938184,
        "2": 0.019390135508520034,
        "3": 0.005513961856224561,
        "4": 0.019395637183520165,
        "5": -0.19565899851017776,
        "6": 0.07420284155714942,
        "7": -0.3121374523319648,
        "8": 0.07420216168454183,
        "9": 0.07303196045815635,
        "10": 0.08120637004730866,
        "11": 0.07304007201675886,
        "12": 0.0811557324007948,
        "13": 0.04552196410776401,
        "14": 0.055661073511205236,
        "15": 0.04553754793492084,
        "16": 0.05560227776908661
    },
    "dipole": [
        0.008071063974260996,
        -0.06027433805094539,
        0.023290209204190924
    ],
    "global_electrophilicity": 0.4991417543116635,
    "global_nucleophilicity": -8.926900017513347,
    "fukui_electrophilicity": {
        "1": 0.24229527852004842,
        "2": -0.0007908747422201573,
        "3": -0.006487979996440185,
        "4": -0.0008122812749479236,
        "5": 0.24224738714598154,
        "6": -0.017729774860609462,
        "7": 0.049973948015281766,
        "8": -0.017740932603205473,
        "9": 0.09474447146013038,
        "10": 0.07468657585720478,
        "11": 0.09473008062329909,
        "12": 0.07470904522131619,
        "13": 0.04439147060025681,
        "14": 0.04067839609350606,
        "15": 0.0443994426151755,
        "16": 0.04070574732521198
    },
    "fukui_nucleophilicity": {
        "1": 0.21775446599906215,
        "2": -0.035470395392567786,
        "3": 0.0016315100704007018,
        "4": -0.03546021599876992,
        "5": 0.2177994635545596,
        "6": -0.027659817721218984,
        "7": 0.13927684777097865,
        "8": -0.027641908378968676,
        "9": 0.05542578486419536,
        "10": 0.054945275640089886,
        "11": 0.05539142881806752,
        "12": 0.05497850194811546,
        "13": 0.08416037938439042,
        "14": 0.08034107087027546,
        "15": 0.08417019723541214,
        "16": 0.08035741166023339
    },
    "fukui_radical": {
        "1": 0.23002487225955529,
        "2": -0.01813063506739397,
        "3": -0.0024282349630197417,
        "4": -0.01813624863685892,
        "5": 0.23002342535027057,
        "6": -0.022694796290914223,
        "7": 0.09462539789313021,
        "8": -0.022691420491087074,
        "9": 0.07508512816216287,
        "10": 0.06481592574864734,
        "11": 0.0750607547206833,
        "12": 0.06484377358471582,
        "13": 0.06427592499232362,
        "14": 0.06050973348189076,
        "15": 0.06428481992529382,
        "16": 0.06053157949272268
    }
}