{
    "smiles": "ClCC1CO1",
    "best_conformer_coordinates": [
        [
            -1.8464977545077348,
            0.37667477129911725,
            1.5017422098912683
        ],
        [
            -1.219956562146581,
            -0.01457077134244268,
            -0.12163721651092917
        ],
        [
            0.1869245990785078,
            -0.5405844382753836,
            -0.004349445453416645
        ],
        [
            1.3282633315500416,
            0.3776027688515568,
            0.019741593303855137
        ],
        [
            1.0144894955777453,
            -0.3777917017969392,
            -1.1147262648469882
        ],
        [
            -1.8858258862521187,
            -0.7606347226968228,
            -0.5553882154128105
        ],
        [
            -1.2430687451736953,
            0.8977195178278812,
            -0.7178242420565335
        ],
        [
            0.2799045233691634,
            -1.4936609573195343,
            0.5109707444594563
        ],
        [
            1.152643675849969,
            1.4439386488892652,
            -0.06095168670548192
        ],
        [
            2.2331233279464975,
            0.09130688456333515,
            0.5424225286233851
        ]
    ],
    "best_conformer_elements": [
        17,
        6,
        6,
        6,
        8,
        1,
        1,
        1,
        1,
        1
    ],
    "best_conformer_energy": -17.555625646506968,
    "ip": 14.598548818800683,
    "ip_corrected": 9.752548818800683,
    "ea": 1.971107715528563,
    "homo": -0.42519440083360366,
    "lumo": -0.17941777922285387,
    "charges": {
        "1": -0.19309781082888816,
        "2": 0.015984800661138623,
        "3": 0.10677122121081745,
        "4": 0.06319768380516645,
        "5": -0.31174891336844895,
        "6": 0.07846461555468115,
        "7": 0.08306135667500886,
        "8": 0.050495815611212386,
        "9": 0.053967480961515074,
        "10": 0.05290374971779444
    },
    "dipole": [
        0.12231687887010706,
        0.04691991544463149,
        0.04015552711666949
    ],
    "global_electrophilicity": 0.4682476740274052,
    "global_nucleophilicity": -9.752548818800683,
    "fukui_electrophilicity": {
        "1": 0.4091438998750651,
        "2": 0.02753555824354903,
        "3": -0.00820748006853371,
        "4": -0.007077435198177856,
        "5": 0.1040571052020679,
        "6": 0.1339609100650175,
        "7": 0.1334691140883597,
        "8": 0.0786921028714088,
        "9": 0.05550679782488666,
        "10": 0.0729194270963597
    },
    "fukui_nucleophilicity": {
        "1": 0.3758198717808553,
        "2": -0.0340878794049949,
        "3": -0.007875724065845455,
        "4": -0.013310680180897538,
        "5": 0.18953592889936854,
        "6": 0.09845603419831059,
        "7": 0.10113890533910164,
        "8": 0.09814552478016073,
        "9": 0.08793233491354968,
        "10": 0.10424568374038176
    },
    "fukui_radical": {
        "1": 0.3924818858279602,
        "2": -0.003276160580722935,
        "3": -0.008041602067189582,
        "4": -0.010194057689537697,
        "5": 0.14679651705071822,
        "6": 0.11620847213166405,
        "7": 0.11730400971373067,
        "8": 0.08841881382578476,
        "9": 0.07171956636921817,
        "10": 0.08858255541837073
    }
}