{
    "smiles": "ClP1OCCO1",
    "best_conformer_coordinates": [
        [
            2.688164719587511,
            0.53283569679716,
            0.3900607177402675
        ],
        [
            1.034089843881616,
            0.1332419907851214,
            1.534865838169571
        ],
        [
            -0.03179346675675413,
            1.1763942944046577,
            0.8450226081674562
        ],
        [
            -0.8092734503712068,
            0.6051271330111593,
            -0.18892850186267302
        ],
        [
            -0.22284576574921688,
            -0.7877744243558109,
            -0.4558959804724586
        ],
        [
            0.43258539729314055,
            -1.1646402455096374,
            0.7383092300246037
        ],
        [
            -1.8464301333170898,
            0.5462086748710109,
            0.155769974627401
        ],
        [
            -0.7535918745886804,
            1.245095111921365,
            -1.071515359168714
        ],
        [
            -0.9886407427651741,
            -1.5345026090585074,
            -0.6678337087343474
        ],
        [
            0.49773547807766305,
            -0.7519856228665116,
            -1.2798548237828815
        ]
    ],
    "best_conformer_elements": [
        17,
        15,
        8,
        6,
        6,
        8,
        1,
        1,
        1,
        1
    ],
    "best_conformer_energy": -21.62465767259097,
    "ip": 14.24870265845199,
    "ip_corrected": 9.40270265845199,
    "ea": 3.0489559861075435,
    "homo": -0.41891354033576567,
    "lumo": -0.21021969330494927,
    "charges": {
        "1": -0.13509186295963294,
        "2": 0.3181317071653743,
        "3": -0.2827160203949151,
        "4": 0.07701713201569027,
        "5": 0.07805221842570038,
        "6": -0.27879815504750843,
        "7": 0.052050409483703305,
        "8": 0.05786982198279571,
        "9": 0.05988669466610233,
        "10": 0.05359805466268261
    },
    "dipole": [
        -0.8248383500663989,
        -0.14343408898658241,
        -0.7224303553659897
    ],
    "global_electrophilicity": 0.645617766074148,
    "global_nucleophilicity": -9.40270265845199,
    "fukui_electrophilicity": {
        "1": 0.1213727069582125,
        "2": 0.7273107582364664,
        "3": 0.0010586376683115462,
        "4": -0.04280196231502216,
        "5": -0.04078123690184331,
        "6": -0.02157034209053399,
        "7": 0.0682037243742946,
        "8": 0.06358501705541632,
        "9": 0.07689961257152322,
        "10": 0.04672308444316913
    },
    "fukui_nucleophilicity": {
        "1": 0.228911295892844,
        "2": 0.41386120304189344,
        "3": 0.06061247341375331,
        "4": -0.03620890144208712,
        "5": -0.03944682857436693,
        "6": 0.0377585664622932,
        "7": 0.09441132337880322,
        "8": 0.09502530299660251,
        "9": 0.08330422743048155,
        "10": 0.06177133739977514
    },
    "fukui_radical": {
        "1": 0.17514200142552827,
        "2": 0.57058598063918,
        "3": 0.030835555541032428,
        "4": -0.03950543187855464,
        "5": -0.04011403273810512,
        "6": 0.008094112185879604,
        "7": 0.08130752387654891,
        "8": 0.07930516002600942,
        "9": 0.08010192000100239,
        "10": 0.05424721092147214
    }
}