{
    "smiles": "CN(C(C=C)=O)C",
    "best_conformer_coordinates": [
        [
            -1.7041314696333782,
            0.7928183345602631,
            -1.178575861874789
        ],
        [
            -0.7266885304973556,
            0.15829135408202197,
            -0.32596384707554077
        ],
        [
            0.5850531212220388,
            0.4813567463371037,
            -0.4655487100211498
        ],
        [
            1.5201688939723796,
            -0.10874264226599271,
            0.5305479479604912
        ],
        [
            2.784243825925723,
            -0.3420377027379758,
            0.21578106641189504
        ],
        [
            0.9753364269749032,
            1.226605746465241,
            -1.3484724719736212
        ],
        [
            -1.23528860292789,
            -0.7908745616491365,
            0.6344277823361438
        ],
        [
            -2.2136300794644117,
            0.0526922798154176,
            -1.8004493502890415
        ],
        [
            -2.44429131650945,
            1.3248220298890372,
            -0.5763143973205447
        ],
        [
            -1.179995731521205,
            1.499476695312551,
            -1.81917538244885
        ],
        [
            1.146118736445348,
            -0.2840837017543319,
            1.5285642658363183
        ],
        [
            3.494466631943887,
            -0.7334440666149682,
            0.9246080324363284
        ],
        [
            3.140981059134607,
            -0.14285217215690932,
            -0.7812839756805068
        ],
        [
            -2.1747397069999597,
            -1.1970601872311097,
            0.2600600591310784
        ],
        [
            -0.5392188739542669,
            -1.6172994076741796,
            0.7711363638281354
        ],
        [
            -1.4283843841108959,
            -0.3196687549606218,
            1.6044575255850966
        ]
    ],
    "best_conformer_elements": [
        6,
        7,
        6,
        6,
        6,
        8,
        6,
        1,
        1,
        1,
        1,
        1,
        1,
        1,
        1,
        1
    ],
    "best_conformer_energy": -22.257029520694402,
    "ip": 13.516699026922817,
    "ip_corrected": 8.670699026922817,
    "ea": 3.4232514515849086,
    "homo": -0.3840824246054141,
    "lumo": -0.24931505561414263,
    "charges": {
        "1": -0.047995205567671076,
        "2": -0.09386122959229104,
        "3": 0.2632958872397012,
        "4": -0.058919642631447694,
        "5": -0.06473339721520091,
        "6": -0.4462012819784522,
        "7": -0.047656976101131635,
        "8": 0.04423513531017774,
        "9": 0.04534385487091201,
        "10": 0.08789744129031316,
        "11": 0.042748449214864745,
        "12": 0.04728192452639563,
        "13": 0.06843887357129046,
        "14": 0.058567666401311114,
        "15": 0.055141682084080997,
        "16": 0.04641681857713939
    },
    "dipole": [
        -0.9351325271723048,
        -0.9877587589437613,
        0.9850618384048997
    ],
    "global_electrophilicity": 0.6505803114693157,
    "global_nucleophilicity": -8.670699026922817,
    "fukui_electrophilicity": {
        "1": -0.035936445190244304,
        "2": 0.08007703400944288,
        "3": 0.07069006216935628,
        "4": 0.06885123983937427,
        "5": 0.09506858329109871,
        "6": 0.15730793057227177,
        "7": -0.03610377612508203,
        "8": 0.05220281463294697,
        "9": 0.05502445285320047,
        "10": 0.023101102150719907,
        "11": 0.11081807723170219,
        "12": 0.12505364531490057,
        "13": 0.10976648645137464,
        "14": 0.055743367546604985,
        "15": 0.02214420859674402,
        "16": 0.046191216655584434
    },
    "fukui_nucleophilicity": {
        "1": -0.03910451041522556,
        "2": 0.13632318575756225,
        "3": 0.01801822562568889,
        "4": 0.016813162481747232,
        "5": 0.029891655457024296,
        "6": 0.18591893544906268,
        "7": -0.044666388846078486,
        "8": 0.0967547819603662,
        "9": 0.09705661264204583,
        "10": 0.04576329392260653,
        "11": 0.07298697241692528,
        "12": 0.09082918909522936,
        "13": 0.06590097487754255,
        "14": 0.07141396989098223,
        "15": 0.06391484156532634,
        "16": 0.09218509811920922
    },
    "fukui_radical": {
        "1": -0.03752047780273493,
        "2": 0.10820010988350257,
        "3": 0.04435414389752258,
        "4": 0.04283220116056075,
        "5": 0.062480119374061505,
        "6": 0.17161343301066723,
        "7": -0.04038508248558026,
        "8": 0.07447879829665659,
        "9": 0.07604053274762315,
        "10": 0.03443219803666322,
        "11": 0.09190252482431374,
        "12": 0.10794141720506495,
        "13": 0.0878337306644586,
        "14": 0.06357866871879361,
        "15": 0.04302952508103518,
        "16": 0.06918815738739682
    }
}