{
    "smiles": "Cn1cccc1",
    "best_conformer_coordinates": [
        [
            1.8619811609239245,
            0.03373476568763893,
            -0.031123378670339437
        ],
        [
            0.4278137656736657,
            0.012252654495676767,
            -0.030476786751861835
        ],
        [
            -0.37945179969196513,
            1.0780407237063492,
            0.20851682258267842
        ],
        [
            -1.6815000630300114,
            0.6586741083425992,
            0.17166512891186134
        ],
        [
            -1.660945144755762,
            -0.7229751613522727,
            -0.09628362659617895
        ],
        [
            -0.3472429082358392,
            -1.0882842026153356,
            -0.21159892932615992
        ],
        [
            2.244008228076643,
            -0.7333611996018717,
            -0.7049729195959372
        ],
        [
            2.260186205791107,
            -0.15493962975571812,
            0.9712804323740396
        ],
        [
            2.218079913926244,
            1.0078258071898736,
            -0.36696215949751315
        ],
        [
            0.02935405411578984,
            2.054561007107047,
            0.3820474082879736
        ],
        [
            -2.5509102356515814,
            1.2692633607928587,
            0.31634694771115957
        ],
        [
            -2.5116862095379497,
            -1.3680287269948224,
            -0.19511904288785845
        ],
        [
            0.09031302710399151,
            -2.0467635122938694,
            -0.4133199018336668
        ]
    ],
    "best_conformer_elements": [
        6,
        7,
        6,
        6,
        6,
        6,
        1,
        1,
        1,
        1,
        1,
        1,
        1
    ],
    "best_conformer_energy": -17.188311504297864,
    "ip": 13.31528832067139,
    "ip_corrected": 8.46928832067139,
    "ea": 1.310027807446668,
    "homo": -0.359277396336537,
    "lumo": -0.1744613813971732,
    "charges": {
        "1": -0.04903914258508401,
        "2": 0.0007892191384419323,
        "3": -0.027905022590892288,
        "4": -0.06923723111595502,
        "5": -0.06923388106232753,
        "6": -0.027910472300128233,
        "7": 0.05643882291327142,
        "8": 0.05054443182438067,
        "9": 0.056443087382376016,
        "10": 0.02027194888662792,
        "11": 0.01928331858947727,
        "12": 0.019279578100507913,
        "13": 0.020275342819304227
    },
    "dipole": [
        0.9577659748923631,
        0.018069706862273004,
        -0.0196750347468137
    ],
    "global_electrophilicity": 0.2534056632209271,
    "global_nucleophilicity": -8.46928832067139,
    "fukui_electrophilicity": {
        "1": -0.0491821754686325,
        "2": 0.12802426911836579,
        "3": 0.08493904417964496,
        "4": 0.047504914058707534,
        "5": 0.04750551365083554,
        "6": 0.08493667750808172,
        "7": 0.0631293976802727,
        "8": 0.07592216747191019,
        "9": 0.06312321959450377,
        "10": 0.11894671113090902,
        "11": 0.10810161331162255,
        "12": 0.10810086882828891,
        "13": 0.11894777893548623
    },
    "fukui_nucleophilicity": {
        "1": -0.04394851214756478,
        "2": 0.0964169699531689,
        "3": 0.07529657474647691,
        "4": 0.07059074687235634,
        "5": 0.07059194632551526,
        "6": 0.07530018917733268,
        "7": 0.06625838150642285,
        "8": 0.08796554201620607,
        "9": 0.06624741718359964,
        "10": 0.10869610901824653,
        "11": 0.10894400043461289,
        "12": 0.1089440470136001,
        "13": 0.10869658790001945
    },
    "fukui_radical": {
        "1": -0.04656534380809864,
        "2": 0.11222061953576734,
        "3": 0.08011780946306093,
        "4": 0.059047830465531935,
        "5": 0.0590487299881754,
        "6": 0.0801184333427072,
        "7": 0.06469388959334778,
        "8": 0.08194385474405813,
        "9": 0.06468531838905171,
        "10": 0.11382141007457777,
        "11": 0.10852280687311772,
        "12": 0.1085224579209445,
        "13": 0.11382218341775284
    }
}