{
    "smiles": "CN1N=C(N=N1)C=C",
    "best_conformer_coordinates": [
        [
            2.5852092687693182,
            -0.5847309603806506,
            0.29703425357076346
        ],
        [
            1.3053793143954664,
            -0.2498523741615949,
            -0.2412442960407596
        ],
        [
            0.22616307632213695,
            -0.09161292513386389,
            0.49033331092068316
        ],
        [
            -0.7014765496028247,
            0.20506367409693088,
            -0.4199920093137321
        ],
        [
            -0.15964738348180893,
            0.2162884459939913,
            -1.6576265614856105
        ],
        [
            1.0841923657285142,
            -0.06836588013854118,
            -1.5217578978136896
        ],
        [
            -2.092748812317526,
            0.4804857786724354,
            -0.15940366595104877
        ],
        [
            -2.6184266886306466,
            0.47051883263198624,
            1.058278778216493
        ],
        [
            3.286154776322306,
            -0.6504254126077162,
            -0.5319967353558918
        ],
        [
            2.9046690595457325,
            0.18477290618722553,
            1.0006817555647725
        ],
        [
            2.5292893894834036,
            -1.540030207341057,
            0.8200628919348859
        ],
        [
            -2.675325708771944,
            0.6971530506554152,
            -1.0428490416867042
        ],
        [
            -3.6606303064078616,
            0.6797163764855141,
            1.2258249748574102
        ],
        [
            -2.0128018013544375,
            0.25101869504011526,
            1.9212101526167233
        ]
    ],
    "best_conformer_elements": [
        6,
        7,
        7,
        6,
        7,
        7,
        6,
        6,
        1,
        1,
        1,
        1,
        1,
        1
    ],
    "best_conformer_energy": -23.257213328876873,
    "ip": 13.956371722020638,
    "ip_corrected": 9.110371722020638,
    "ea": 4.038631239896196,
    "homo": -0.392925489457556,
    "lumo": -0.26434606143216727,
    "charges": {
        "1": -0.0758453660507768,
        "2": 0.1967011774277399,
        "3": -0.2555314346030176,
        "4": 0.15291822842741667,
        "5": -0.19754058427664528,
        "6": -0.12598103502951916,
        "7": -0.037759579678195966,
        "8": -0.07580932238198863,
        "9": 0.08906643999717544,
        "10": 0.08187074679972295,
        "11": 0.08187617497154162,
        "12": 0.0558850543672184,
        "13": 0.04943604240272166,
        "14": 0.06071345762658732
    },
    "dipole": [
        0.618824195788204,
        -0.23811409109129633,
        0.9939106248991308
    ],
    "global_electrophilicity": 0.8688957216345758,
    "global_nucleophilicity": -9.110371722020638,
    "fukui_electrophilicity": {
        "1": -0.03842748854412034,
        "2": 0.08990802441099993,
        "3": 0.14824460091452896,
        "4": 0.030346464505149634,
        "5": 0.0869316022743421,
        "6": 0.11696113724776352,
        "7": 0.051756779843209776,
        "8": 0.07005698832025241,
        "9": 0.053716546197517645,
        "10": 0.058364654580611894,
        "11": 0.058372865313777375,
        "12": 0.08974883343584093,
        "13": 0.10204012126701895,
        "14": 0.0819788702330669
    },
    "fukui_nucleophilicity": {
        "1": -0.03132113995678151,
        "2": 0.06616243192943799,
        "3": 0.10014972029646782,
        "4": 0.02025533730464199,
        "5": 0.170095729152819,
        "6": 0.11045819669683529,
        "7": 0.051473770593723205,
        "8": 0.06553770178189357,
        "9": 0.05337414590615043,
        "10": 0.06974994617997321,
        "11": 0.06977210949590076,
        "12": 0.08107566801747985,
        "13": 0.09513535766327925,
        "14": 0.07808102493818724
    },
    "fukui_radical": {
        "1": -0.03487431425045093,
        "2": 0.07803522817021896,
        "3": 0.12419716060549839,
        "4": 0.025300900904895812,
        "5": 0.12851366571358055,
        "6": 0.11370966697229941,
        "7": 0.05161527521846649,
        "8": 0.06779734505107299,
        "9": 0.05354534605183404,
        "10": 0.06405730038029256,
        "11": 0.06407248740483906,
        "12": 0.0854122507266604,
        "13": 0.09858773946514911,
        "14": 0.08002994758562706
    }
}