{
    "smiles": "COC(=O)C(F)=C(F)F",
    "best_conformer_coordinates": [
        [
            2.303164395701584,
            0.11597100067887747,
            0.6175920998218156
        ],
        [
            0.9841359530025683,
            0.6424301824044202,
            0.542879612916267
        ],
        [
            0.014347509175311645,
            -0.2422883381425971,
            0.3570632650211002
        ],
        [
            0.16120533818246457,
            -1.4294312857047533,
            0.2492396208338277
        ],
        [
            -1.3126514937701759,
            0.4398935393603493,
            0.2975979352334976
        ],
        [
            -1.31478576688332,
            1.7741810724704268,
            0.4347068980975203
        ],
        [
            -2.4763058906871063,
            -0.19276080754405514,
            0.11877860281176054
        ],
        [
            -3.650662090987813,
            0.40301957629879187,
            0.06533710337940392
        ],
        [
            -2.604768235605232,
            -1.4888214239301374,
            -0.027157651583396294
        ],
        [
            2.383082582174119,
            -0.5861269584013471,
            1.449571317676895
        ],
        [
            2.5548195418333983,
            -0.40525467236222,
            -0.307886893799687
        ],
        [
            2.9584181578642426,
            0.9691881148721849,
            0.7694332648993543
        ]
    ],
    "best_conformer_elements": [
        6,
        8,
        6,
        8,
        6,
        9,
        6,
        9,
        9,
        1,
        1,
        1
    ],
    "best_conformer_energy": -32.385390228789,
    "ip": 15.485017870419995,
    "ip_corrected": 10.639017870419995,
    "ea": 5.1285170919674306,
    "homo": -0.4584219133958048,
    "lumo": -0.3158023246736676,
    "charges": {
        "1": 0.02292234229645893,
        "2": -0.2204535002837657,
        "3": 0.35735637675100734,
        "4": -0.3802178330760181,
        "5": 0.0973865661449443,
        "6": -0.16740627512286751,
        "7": 0.32728576575378693,
        "8": -0.13895771897558995,
        "9": -0.13330400943018483,
        "10": 0.07500556941637165,
        "11": 0.07500551058694487,
        "12": 0.08537720593890556
    },
    "dipole": [
        1.0066563058951485,
        0.3389750196136741,
        0.1332539157981369
    ],
    "global_electrophilicity": 1.4396745639079815,
    "global_nucleophilicity": -10.639017870419995,
    "fukui_electrophilicity": {
        "1": -0.035646706222000196,
        "2": 0.09706032733108177,
        "3": 0.07839702296059997,
        "4": 0.18397117433766252,
        "5": 0.07962261335417059,
        "6": 0.0998450621083096,
        "7": 0.1163696362149918,
        "8": 0.12222220962215224,
        "9": 0.11304695244069835,
        "10": 0.042631978399153204,
        "11": 0.04263206814200907,
        "12": 0.05984766131118083
    },
    "fukui_nucleophilicity": {
        "1": -0.020570779749938154,
        "2": 0.10840545649693073,
        "3": 0.0070788620121532975,
        "4": 0.13553619596030714,
        "5": 0.06051833623248247,
        "6": 0.12772612493719057,
        "7": 0.04993259285419205,
        "8": 0.119963908116649,
        "9": 0.10925730400474434,
        "10": 0.10883567549888665,
        "11": 0.10883604464307749,
        "12": 0.08448027899331582
    },
    "fukui_radical": {
        "1": -0.028108742985969173,
        "2": 0.10273289191400625,
        "3": 0.042737942486376634,
        "4": 0.15975368514898483,
        "5": 0.07007047479332654,
        "6": 0.11378559352275008,
        "7": 0.08315111453459192,
        "8": 0.12109305886940062,
        "9": 0.11115212822272134,
        "10": 0.07573382694901992,
        "11": 0.07573405639254328,
        "12": 0.07216397015224832
    }
}