{"smiles": "COC(=O)/C=C/C(=O)OC", "ip": 14.299591127272945, "ip_corrected": 9.453591127272945, "ea": 5.545676799672558, "homo": -0.4242340171157174, "lumo": -0.3135369965343886, "charges": {"1": 0.029868464804972465, "2": -0.25018073087559006, "3": 0.3570388186064783, "4": -0.3977277547751055, "5": -0.04181520550877062, "6": -0.04181695291295135, "7": 0.35703996911089336, "8": -0.39775876629134826, "9": -0.25016150669327825, "10": 0.0298592603290137, "11": 0.06672143745796184, "12": 0.07340994898426499, "13": 0.06672160000333059, "14": 0.09596556796131159, "15": 0.09595203907416149, "16": 0.06673300497043697, "17": 0.06673308337944897, "18": 0.07341772237477173}, "dipole": [-0.0002825804334263223, 1.919164344993521e-05, -3.410618285088749e-05], "global_electrophilicity": 1.4720393320407161, "global_nucleophilicity": -9.453591127272945, "fukui_electrophilicity": {"1": -0.028284241022871536, "2": 0.07245984078921663, "3": 0.04769924042619755, "4": 0.13784654971921345, "5": 0.06900013142577424, "6": 0.06899555836014337, "7": 0.0476951915004164, "8": 0.13783723969633083, "9": 0.07245807826065659, "10": -0.028280058927967405, "11": 0.033694918254218796, "12": 0.047104271050569746, "13": 0.03369467622933675, "14": 0.08679242902490499, "15": 0.08679799780019815, "16": 0.03369269233654523, "17": 0.03369258075803745, "18": 0.04710290431908816}, "fukui_nucleophilicity": {"1": -0.022750097131114737, "2": 0.08532751514970704, "3": 0.018136177224503502, "4": 0.14532528392250266, "5": 0.029791462138079983, "6": 0.029796816436898944, "7": 0.018138181330273673, "8": 0.1453339442566075, "9": 0.08531772345458954, "10": -0.022747261684037703, "11": 0.05647135679645872, "12": 0.06683254746791405, "13": 0.05647067318376496, "14": 0.06441199036976963, "15": 0.06442222780368252, "16": 0.056451108863020696, "17": 0.056450746509584246, "18": 0.06681960390868127}, "boltzmann_weights": [0.6413491861889731, 0.14949889663325677, 0.1494827873961952, 0.0596691297815749], "best_conformer_elements": [6, 8, 6, 8, 6, 6, 6, 8, 8, 6, 1, 1, 1, 1, 1, 1, 1, 1], "best_conformer_coordinates": [[-4.141433087675572, 0.4159552107628484, 0.693489490119799], [-2.7569443023104063, 0.5856377540645815, 0.9601894704911094], [-1.9150065188915733, -0.006647436027715983, 0.1057738459898837], [-2.269647010874339, -0.6546614658096264, -0.8462375448163649], [-0.5087034447502373, 0.24580459133380908, 0.4937558566397524], [0.5086889540231455, -0.2459915295164122, -0.21140124726794302], [1.9149674111108501, 0.006530562334546441, 0.1766826906661032], [2.2693986924036946, 0.6545888913841835, 1.1287607078556263], [2.7570412717141823, -0.5856507445748527, -0.6775851210711068], [4.141501146977036, -0.4158321251097927, -0.4106873297808584], [-4.403475772645653, -0.6439662551377562, 0.7118894596143366], [-4.389965636694539, 0.8204017461169972, -0.2899193764227566], [-4.670713003036428, 0.9551762332415301, 1.4745443050659284], [-0.3446843235157681, 0.8476186799365873, 1.3756616963887236], [0.3447460056546922, -0.8478141618167536, -1.0933186222847706], [4.403413914877498, 0.6441172630938774, -0.429057218248875], [4.389903886194954, -0.8202572928597844, 0.5727580390672925], [4.670911817438416, -0.9550099161244643, -1.191675919068847]], "best_conformer_energy": -33.17472854299176, "fukui_radical": {"1": -0.02551717325981832, "2": 0.07889370715643038, "3": 0.03291771887127784, "4": 0.14158574597181958, "5": 0.04939573735753543, "6": 0.049396153364866684, "7": 0.03291666027957249, "8": 0.14158533023743086, "9": 0.078887870576105, "10": -0.025513744245225206, "11": 0.045083234868127015, "12": 0.04508286736694323, "13": 0.056968433980654154, "14": 0.07560218588102378, "15": 0.0756100941288356, "16": 0.04507226101151001, "17": 0.04507165474406957, "18": 0.05696126170926966}}