{
    "smiles": "COC(C(=C)C)=O",
    "best_conformer_coordinates": [
        [
            2.6203966268915626,
            -0.47672800682546135,
            0.11004421267101852
        ],
        [
            1.2674289630965325,
            -0.41862032302968344,
            -0.3137798159976689
        ],
        [
            0.39763853581257225,
            0.07605025885599595,
            0.5819464631184
        ],
        [
            -1.001943562705746,
            0.11051002801830447,
            0.07799905910306854
        ],
        [
            -1.3127159585758061,
            -0.31546706649764833,
            -1.1415833392264771
        ],
        [
            -1.9947075636737057,
            0.6568601843148123,
            1.0537197742902584
        ],
        [
            0.7311891465471416,
            0.45058519060896063,
            1.67976146340595
        ],
        [
            2.7147314502367097,
            -1.1098500285102144,
            0.9949835578445188
        ],
        [
            3.1822008946081857,
            -0.8951301485416321,
            -0.7211257891490863
        ],
        [
            2.9850981215250294,
            0.5230089640996582,
            0.3557657386530537
        ],
        [
            -0.5653071067643145,
            -0.7015548015571871,
            -1.811698111942564
        ],
        [
            -2.327476689328635,
            -0.2887311993377835,
            -1.5024947695110953
        ],
        [
            -1.9840655836529097,
            0.059950020769551624,
            1.964123244930359
        ],
        [
            -1.7171746154958227,
            1.6718307356087352,
            1.3331114351638527
        ],
        [
            -2.9952926638125463,
            0.6572861867318049,
            0.6316032368621498
        ]
    ],
    "best_conformer_elements": [
        6,
        8,
        6,
        6,
        6,
        6,
        8,
        1,
        1,
        1,
        1,
        1,
        1,
        1,
        1
    ],
    "best_conformer_energy": -22.894683433275468,
    "ip": 14.236461669091451,
    "ip_corrected": 9.39046166909145,
    "ea": 3.965627277624075,
    "homo": -0.41126622487906006,
    "lumo": -0.2695047071344606,
    "charges": {
        "1": 0.03515291950802839,
        "2": -0.26411552525528686,
        "3": 0.349205706592635,
        "4": -0.007764470780977084,
        "5": -0.08193169054854561,
        "6": -0.11040325039898219,
        "7": -0.4110176729570273,
        "8": 0.062195851349672975,
        "9": 0.06629966466999519,
        "10": 0.062195857775296945,
        "11": 0.06272835551101826,
        "12": 0.055965362945022266,
        "13": 0.06546811235929009,
        "14": 0.06546802994083772,
        "15": 0.05055274928901651
    },
    "dipole": [
        -0.08742392252145746,
        -0.2645638281202277,
        -0.7127953989558504
    ],
    "global_electrophilicity": 0.8813988610941741,
    "global_nucleophilicity": -9.39046166909145,
    "fukui_electrophilicity": {
        "1": -0.03497675966145804,
        "2": 0.07837045325875008,
        "3": 0.08164328249183217,
        "4": 0.08194106220314726,
        "5": 0.09161092162626037,
        "6": -0.03870543293668752,
        "7": 0.19459498357122895,
        "8": 0.04047945641918791,
        "9": 0.05664866994186858,
        "10": 0.04047944552728853,
        "11": 0.10428286670704871,
        "12": 0.11948288644582902,
        "13": 0.061987895274844045,
        "14": 0.061987991512556226,
        "15": 0.06017227761828915
    },
    "fukui_nucleophilicity": {
        "1": -0.02661434221995991,
        "2": 0.09387371201768585,
        "3": 0.013322946021835202,
        "4": 0.06180737644151413,
        "5": 0.05121274114118024,
        "6": -0.01940733120704427,
        "7": 0.15571076334874073,
        "8": 0.07057321526540622,
        "9": 0.07162037600246914,
        "10": 0.07057326019296802,
        "11": 0.08566474652552138,
        "12": 0.10336245799987617,
        "13": 0.09646716378419165,
        "14": 0.09646735534111778,
        "15": 0.07536555934451672
    },
    "fukui_radical": {
        "1": -0.030795550940708974,
        "2": 0.08612208263821797,
        "3": 0.047483114256833686,
        "4": 0.07187421932233069,
        "5": 0.07141183138372031,
        "6": -0.029056382071865894,
        "7": 0.17515287345998484,
        "8": 0.05552633584229707,
        "9": 0.06413452297216886,
        "10": 0.055526352860128275,
        "11": 0.09497380661628504,
        "12": 0.1114226722228526,
        "13": 0.07922752952951785,
        "14": 0.079227673426837,
        "15": 0.06776891848140293
    }
}