{
    "smiles": "COC1=CC=C(C=C)C=C1",
    "best_conformer_coordinates": [
        [
            -3.474387036842613,
            -0.9652764196008304,
            0.14762329398850366
        ],
        [
            -2.4748769724165656,
            -0.6592714677046756,
            1.088222177654657
        ],
        [
            -1.2343751851192903,
            -0.3248781450351055,
            0.6361351047780969
        ],
        [
            -0.28516669309675413,
            -0.032443199065319006,
            1.6172900147715672
        ],
        [
            0.9974691779286109,
            0.31649861101725857,
            1.263515623236549
        ],
        [
            1.389000863632339,
            0.38909138210706296,
            -0.07702590334866245
        ],
        [
            2.7597748205733907,
            0.7637012187031839,
            -0.3950093896597768
        ],
        [
            3.296664937701509,
            0.8808264242848381,
            -1.6041198086281656
        ],
        [
            0.4313100054847526,
            0.09464140994731426,
            -1.0448885734101916
        ],
        [
            -0.860549708558219,
            -0.25717894088307586,
            -0.702146081453831
        ],
        [
            -3.684608875022915,
            -0.11392510300724061,
            -0.5081358465544182
        ],
        [
            -4.365032866927218,
            -1.1988085387416223,
            0.7290448205372948
        ],
        [
            -3.202569728984437,
            -1.83421018051714,
            -0.4607115418829667
        ],
        [
            -0.5848497319389339,
            -0.0877629562982429,
            2.652086075754587
        ],
        [
            1.7177785604768039,
            0.5392238671092839,
            2.0379284791931895
        ],
        [
            3.380197974115643,
            0.9608607000024812,
            0.4713410447349264
        ],
        [
            4.326844578922316,
            1.1653772304131444,
            -1.7331546550785315
        ],
        [
            2.7427284402031282,
            0.7012225658339544,
            -2.509428029371428
        ],
        [
            0.6923308958309526,
            0.13881600556736812,
            -2.0909104234244897
        ],
        [
            -1.5676834612541053,
            -0.4765044694244781,
            -1.487163101091314
        ]
    ],
    "best_conformer_elements": [
        6,
        8,
        6,
        6,
        6,
        6,
        6,
        6,
        6,
        6,
        1,
        1,
        1,
        1,
        1,
        1,
        1,
        1,
        1,
        1
    ],
    "best_conformer_energy": -28.392518439022112,
    "ip": 12.610174300792053,
    "ip_corrected": 7.764174300792053,
    "ea": 3.849834047050053,
    "homo": -0.3676088826221324,
    "lumo": -0.24288681852962665,
    "charges": {
        "1": 0.03893330343813165,
        "2": -0.26954501730272823,
        "3": 0.14245531220779925,
        "4": -0.05538189352308448,
        "5": -0.03446578518409123,
        "6": 0.003405811576304804,
        "7": -0.029766489528554353,
        "8": -0.08942727481374442,
        "9": -0.03425781707929753,
        "10": -0.0673253975853955,
        "11": 0.03964046374622758,
        "12": 0.06083316238069233,
        "13": 0.039643184524309864,
        "14": 0.04593294604141379,
        "15": 0.03628876911078493,
        "16": 0.03240278382049713,
        "17": 0.03438707647454433,
        "18": 0.035942948864002906,
        "19": 0.0377141467975442,
        "20": 0.032589766034609856
    },
    "dipole": [
        -0.38335487362978327,
        -0.11926224486673692,
        -0.4264839710600876
    ],
    "global_electrophilicity": 0.653598143304056,
    "global_nucleophilicity": -7.764174300792053,
    "fukui_electrophilicity": {
        "1": -0.024659285107295946,
        "2": 0.057533481615305915,
        "3": 0.07297807601535372,
        "4": 0.025087998392123403,
        "5": 0.02905911251722404,
        "6": 0.05676770810173664,
        "7": 0.04447182103443884,
        "8": 0.07059997665531541,
        "9": 0.03553595928083623,
        "10": 0.019781342225491952,
        "11": 0.025634820066117253,
        "12": 0.042110294113862114,
        "13": 0.025617831341114384,
        "14": 0.07000980458673899,
        "15": 0.06500994807693425,
        "16": 0.07974328346325715,
        "17": 0.0960445613404449,
        "18": 0.08161493116896762,
        "19": 0.05975129736398603,
        "20": 0.06730703774801004
    },
    "fukui_nucleophilicity": {
        "1": -0.03327258546058524,
        "2": 0.11949535698400787,
        "3": 0.04250466449168139,
        "4": 0.034232639035678664,
        "5": 0.023307530917509478,
        "6": 0.05845488226849807,
        "7": 0.02756951992293625,
        "8": 0.05816327301869492,
        "9": 0.027500351415731684,
        "10": 0.02894744416615167,
        "11": 0.05729389081665283,
        "12": 0.05399338260304442,
        "13": 0.057257972491439206,
        "14": 0.06365924266264256,
        "15": 0.06110243964768299,
        "16": 0.06295165455748691,
        "17": 0.07915739659914595,
        "18": 0.06312211272261578,
        "19": 0.05598274319563913,
        "20": 0.058576088014390716
    },
    "fukui_radical": {
        "1": -0.02896593528394059,
        "2": 0.0885144192996569,
        "3": 0.057741370253517554,
        "4": 0.029660318713901034,
        "5": 0.02618332171736676,
        "6": 0.05761129518511736,
        "7": 0.036020670478687546,
        "8": 0.06438162483700516,
        "9": 0.031518155348283956,
        "10": 0.02436439319582181,
        "11": 0.04146435544138504,
        "12": 0.04805183835845327,
        "13": 0.0414379019162768,
        "14": 0.06683452362469078,
        "15": 0.06305619386230862,
        "16": 0.07134746901037203,
        "17": 0.08760097896979542,
        "18": 0.0723685219457917,
        "19": 0.05786702027981258,
        "20": 0.06294156288120038
    }
}