{
    "smiles": "COC1(C=C1)OC",
    "best_conformer_coordinates": [
        [
            1.88956119058644,
            0.8920917175136736,
            -0.08392483037559686
        ],
        [
            0.8575436620902708,
            0.16537791235005897,
            -0.72667470064759
        ],
        [
            -0.001307396237335421,
            -0.48273667711506923,
            0.160131435763485
        ],
        [
            0.40838253530038865,
            -1.7391069674293238,
            0.8453863231901688
        ],
        [
            -0.4172661085859702,
            -1.8756182366579541,
            -0.16041178851285276
        ],
        [
            -0.8566466146313755,
            0.3846844070130969,
            0.8385061598458223
        ],
        [
            -1.8851363015194316,
            0.9163836838925519,
            0.022523575452498962
        ],
        [
            2.4314969253812615,
            1.4123603697589326,
            -0.8707306836620494
        ],
        [
            1.4737153477963092,
            1.6147573823559476,
            0.6238504065570368
        ],
        [
            2.566934856822435,
            0.21550114847761437,
            0.4478393261555395
        ],
        [
            0.9817182187629268,
            -2.1757982104595985,
            1.626012812062168
        ],
        [
            -0.992847358142454,
            -2.5042262939790167,
            -0.7947239040118855
        ],
        [
            -2.4267396340987677,
            1.6290548607544932,
            0.6407321439307988
        ],
        [
            -2.5637301489473336,
            0.12428670467285537,
            -0.3113044617981672
        ],
        [
            -1.4656791798689097,
            1.4229882041428406,
            -0.8512835869022386
        ]
    ],
    "best_conformer_elements": [
        6,
        8,
        6,
        6,
        6,
        8,
        6,
        1,
        1,
        1,
        1,
        1,
        1,
        1,
        1
    ],
    "best_conformer_energy": -22.81000038555576,
    "ip": 13.926021839802566,
    "ip_corrected": 9.080021839802566,
    "ea": 2.025420349384528,
    "homo": -0.4011657952281044,
    "lumo": -0.23080157276195312,
    "charges": {
        "1": 0.042124557690609306,
        "2": -0.3375208707536211,
        "3": 0.27669735627287245,
        "4": -0.04938605599636209,
        "5": -0.0493893012871771,
        "6": -0.33754230992642786,
        "7": 0.042131249098593906,
        "8": 0.058533525458828804,
        "9": 0.044440555099381746,
        "10": 0.031218360495880157,
        "11": 0.07225522893557738,
        "12": 0.07224938750806525,
        "13": 0.05853605601650721,
        "14": 0.031232204724797815,
        "15": 0.044420056662462536
    },
    "dipole": [
        -0.00024776777683805545,
        -0.2224876204960557,
        0.030558949048786782
    ],
    "global_electrophilicity": 0.4115402964224353,
    "global_nucleophilicity": -9.080021839802566,
    "fukui_electrophilicity": {
        "1": -0.026193947801544624,
        "2": 0.04516988341202077,
        "3": 0.04302134523208895,
        "4": 0.1795227139509635,
        "5": 0.1795225489036984,
        "6": 0.0451560320860091,
        "7": -0.02617922285651135,
        "8": 0.056306873321838466,
        "9": 0.03706621390707384,
        "10": 0.021773042804417872,
        "11": 0.16484576984672294,
        "12": 0.16484865722338637,
        "13": 0.05627636082447895,
        "14": 0.02171434637588769,
        "15": 0.03714938276945531
    },
    "fukui_nucleophilicity": {
        "1": -0.031019744678391845,
        "2": 0.12655428830795618,
        "3": 0.02907694625046514,
        "4": 0.047248575530077025,
        "5": 0.047247629065573865,
        "6": 0.1266225639513328,
        "7": -0.031030905644202307,
        "8": 0.07356006153513209,
        "9": 0.07479013421480735,
        "10": 0.09783328595088787,
        "11": 0.09643250649463005,
        "12": 0.0964359419227532,
        "13": 0.07359375144631525,
        "14": 0.09764755734889963,
        "15": 0.07500740830377786
    },
    "fukui_radical": {
        "1": -0.028606846239968235,
        "2": 0.08586208585998847,
        "3": 0.036049145741277044,
        "4": 0.11338564474052026,
        "5": 0.11338508898463612,
        "6": 0.08588929801867096,
        "7": -0.02860506425035683,
        "8": 0.06493346742848528,
        "9": 0.0559281740609406,
        "10": 0.05980316437765287,
        "11": 0.13063913817067652,
        "12": 0.13064229957306978,
        "13": 0.0649350561353971,
        "14": 0.05968095186239366,
        "15": 0.05607839553661658
    }
}