{
    "smiles": "COC=Cc1ccccc1",
    "best_conformer_coordinates": [
        [
            3.7203025458705716,
            0.4072622169679658,
            -0.42996949377183996
        ],
        [
            3.073680911202903,
            -0.833146678644119,
            -0.5908347754437303
        ],
        [
            1.730578442016631,
            -0.8750395286582414,
            -0.4412905716924956
        ],
        [
            0.9008938190443901,
            0.1302762464037314,
            -0.15237315302964966
        ],
        [
            -0.5412644710714435,
            0.02403555385161712,
            -0.003390026014506285
        ],
        [
            -1.24861067533301,
            -1.17105641701113,
            -0.1516012820291978
        ],
        [
            -2.6205813927549877,
            -1.2052621545713476,
            0.0030667375696356376
        ],
        [
            -3.323995275258279,
            -0.0514906390005448,
            0.30907097712884
        ],
        [
            -2.6385774769582784,
            1.141999036785647,
            0.45944401313123184
        ],
        [
            -1.2665803063785768,
            1.1777780147582388,
            0.30505695673776473
        ],
        [
            4.779993259540487,
            0.2162667077276891,
            -0.5899891725497338
        ],
        [
            3.569405276669103,
            0.8059583119981495,
            0.5781940890360165
        ],
        [
            3.3661254490395187,
            1.1378680854202539,
            -1.164075330322822
        ],
        [
            1.389912794048588,
            -1.8889565471330994,
            -0.5944226705704196
        ],
        [
            1.2948200591471457,
            1.126771854281622,
            -0.008435162413496329
        ],
        [
            -0.7236840171009111,
            -2.0830393708805652,
            -0.39001824923005923
        ],
        [
            -3.148066433175714,
            -2.1409123804414527,
            -0.11610404394274094
        ],
        [
            -4.396776131047319,
            -0.08334130819676039,
            0.42900065050910985
        ],
        [
            -3.1761853028956675,
            2.0485347433251584,
            0.6980640608645435
        ],
        [
            -0.741391079896858,
            2.115494247725261,
            0.42476927053609415
        ]
    ],
    "best_conformer_elements": [
        6,
        8,
        6,
        6,
        6,
        6,
        6,
        6,
        6,
        6,
        1,
        1,
        1,
        1,
        1,
        1,
        1,
        1,
        1,
        1
    ],
    "best_conformer_energy": -28.394707541180924,
    "ip": 12.587868264812716,
    "ip_corrected": 7.741868264812716,
    "ea": 3.7827597645162125,
    "homo": -0.3648196228683508,
    "lumo": -0.23923174872064057,
    "charges": {
        "1": 0.03415560248427548,
        "2": -0.254392311211624,
        "3": 0.09419386991078493,
        "4": -0.08666975503633557,
        "5": 0.014313480184278735,
        "6": -0.03998673297048828,
        "7": -0.029378566105487794,
        "8": -0.03412266100742408,
        "9": -0.030603941075797572,
        "10": -0.037522882812398406,
        "11": 0.062302184422125303,
        "12": 0.04334378847989772,
        "13": 0.043342733733298874,
        "14": 0.05195234872733858,
        "15": 0.03624607591687407,
        "16": 0.025878785580112414,
        "17": 0.027349926653603415,
        "18": 0.02678108158193271,
        "19": 0.02680294774510103,
        "20": 0.026014024799923163
    },
    "dipole": [
        0.3281612930778892,
        0.4284953675805534,
        0.04339899501086881
    ],
    "global_electrophilicity": 0.6332129858569603,
    "global_nucleophilicity": -7.741868264812716,
    "fukui_electrophilicity": {
        "1": -0.02832065927335823,
        "2": 0.07310393850488106,
        "3": 0.07903552935734703,
        "4": 0.030133521651782222,
        "5": 0.06444770343124104,
        "6": 0.03059156143737874,
        "7": 0.02518633765732039,
        "8": 0.066707242245824,
        "9": 0.028783505911179827,
        "10": 0.02903558369381848,
        "11": 0.046977048014233594,
        "12": 0.027215899729359908,
        "13": 0.027245280993849246,
        "14": 0.07262997054251791,
        "15": 0.06991619718066722,
        "16": 0.06033357158608568,
        "17": 0.07260444646207768,
        "18": 0.08313784724775553,
        "19": 0.07437142838141403,
        "20": 0.06686404524462057
    },
    "fukui_nucleophilicity": {
        "1": -0.03417769960065922,
        "2": 0.1271013674889963,
        "3": 0.04073637387525214,
        "4": 0.05551309122912376,
        "5": 0.04102417393239134,
        "6": 0.03008617585332119,
        "7": 0.02472403853455006,
        "8": 0.05775447960965221,
        "9": 0.025285664877455122,
        "10": 0.030941918928077114,
        "11": 0.055468810056357676,
        "12": 0.05322317111340077,
        "13": 0.05325634020038397,
        "14": 0.06703246407386887,
        "15": 0.06459947852784517,
        "16": 0.051030549079796775,
        "17": 0.06347877419984263,
        "18": 0.07196978584357336,
        "19": 0.06457394945358658,
        "20": 0.05637709272318375
    },
    "fukui_radical": {
        "1": -0.031249179437008726,
        "2": 0.10010265299693868,
        "3": 0.05988595161629959,
        "4": 0.04282330644045299,
        "5": 0.05273593868181618,
        "6": 0.030338868645349966,
        "7": 0.024955188095935225,
        "8": 0.06223086092773811,
        "9": 0.027034585394317474,
        "10": 0.029988751310947796,
        "11": 0.051222929035295635,
        "12": 0.040219535421380334,
        "13": 0.04025081059711661,
        "14": 0.06983121730819339,
        "15": 0.0672578378542562,
        "16": 0.05568206033294123,
        "17": 0.06804161033096015,
        "18": 0.07755381654566444,
        "19": 0.0694726889175003,
        "20": 0.06162056898390216
    }
}