{
    "smiles": "COCC1CO1",
    "best_conformer_coordinates": [
        [
            2.0977405942701135,
            0.855335006002849,
            0.5785970274342318
        ],
        [
            0.6978351123863985,
            0.8244395320384583,
            0.4599180697835939
        ],
        [
            0.19598179008437133,
            -0.4723191776898586,
            0.23587273464846684
        ],
        [
            -1.3118163830455527,
            -0.38895601051654094,
            0.1698680417913642
        ],
        [
            -2.003552477220022,
            -0.1849702303491227,
            -1.1043217674715162
        ],
        [
            -1.989162688529922,
            -1.4290533019739466,
            -0.4640250629521337
        ],
        [
            2.5835692934660557,
            0.4963386117940708,
            -0.33708429912649124
        ],
        [
            2.370119814630277,
            1.8941704909214274,
            0.7510874095085972
        ],
        [
            2.43933402321308,
            0.24161307294836015,
            1.4212859898608226
        ],
        [
            0.49336493446107893,
            -1.1458675791689374,
            1.055947959359641
        ],
        [
            0.5882167081777786,
            -0.8873358504804505,
            -0.7056154796685592
        ],
        [
            -1.7781730273547927,
            -0.009469303352364261,
            1.0753887970778413
        ],
        [
            -2.9588403489765795,
            0.3261489811284539,
            -1.1190681470719854
        ],
        [
            -1.4246173455620996,
            -0.12007424130250309,
            -2.0178512731740614
        ]
    ],
    "best_conformer_elements": [
        6,
        8,
        6,
        6,
        6,
        8,
        1,
        1,
        1,
        1,
        1,
        1,
        1,
        1
    ],
    "best_conformer_energy": -20.733009665026096,
    "ip": 14.141010528270598,
    "ip_corrected": 9.295010528270598,
    "ea": -0.9764548779017698,
    "homo": -0.41056100349589036,
    "lumo": -0.09463662913665942,
    "charges": {
        "1": 0.039712263266655196,
        "2": -0.31466240024565406,
        "3": 0.07709832336714523,
        "4": 0.10552967509525807,
        "5": 0.06353777473726471,
        "6": -0.31837973440507333,
        "7": 0.032398751791697634,
        "8": 0.06381778711919914,
        "9": 0.03239796215442199,
        "10": 0.03440789163310829,
        "11": 0.03729466602604218,
        "12": 0.048773573015494384,
        "13": 0.04829914258938054,
        "14": 0.04977432385506352
    },
    "dipole": [
        0.6630531444871773,
        0.31854566800933154,
        -0.03515345036126873
    ],
    "global_electrophilicity": 0.09970787447597707,
    "global_nucleophilicity": -9.295010528270598,
    "fukui_electrophilicity": {
        "1": -0.01849589908169426,
        "2": 0.0689673382546595,
        "3": -0.007767783513603327,
        "4": 0.07337494506130422,
        "5": 0.05215751361258599,
        "6": 0.18135571775893516,
        "7": 0.04010697949211125,
        "8": 0.05509573431572167,
        "9": 0.04225001398317364,
        "10": 0.09151824265282868,
        "11": 0.06390869484945812,
        "12": 0.11446304696152443,
        "13": 0.12319350440128982,
        "14": 0.11987195125171737
    },
    "fukui_nucleophilicity": {
        "1": -0.042710068299720925,
        "2": 0.1695076091737216,
        "3": -0.028358009931844147,
        "4": -0.005445342122017138,
        "5": -0.006039528558761158,
        "6": 0.1482386327356971,
        "7": 0.10445740066430881,
        "8": 0.07556296565633244,
        "9": 0.10938753711016615,
        "10": 0.10940305341423678,
        "11": 0.10807055990398359,
        "12": 0.08450470863058022,
        "13": 0.09814622005566967,
        "14": 0.07527426156764214
    },
    "fukui_radical": {
        "1": -0.030602983690707592,
        "2": 0.11923747371419055,
        "3": -0.018062896722723737,
        "4": 0.03396480146964354,
        "5": 0.023058992526912417,
        "6": 0.16479717524731613,
        "7": 0.07228219007821002,
        "8": 0.06532934998602706,
        "9": 0.0758187755466699,
        "10": 0.10046064803353272,
        "11": 0.08598962737672085,
        "12": 0.09948387779605233,
        "13": 0.11066986222847974,
        "14": 0.09757310640967976
    }
}