{
    "smiles": "COP1(=O)OCCO1",
    "best_conformer_coordinates": [
        [
            2.5445416037489945,
            0.6937791132145297,
            0.02559087932314052
        ],
        [
            1.1632141334014852,
            0.5454382326053472,
            0.3063652964289165
        ],
        [
            0.34442575194246455,
            -0.6845933750341331,
            -0.32980158892728445
        ],
        [
            1.1472721975507627,
            -1.6249093417899467,
            -1.0861788342860053
        ],
        [
            -0.897680625828146,
            0.018139219030482334,
            -1.0808689083600524
        ],
        [
            -1.8651799756845646,
            0.39910808392588626,
            -0.13037559382135155
        ],
        [
            -1.7590482988830831,
            -0.6107512774763637,
            1.0357212975381715
        ],
        [
            -0.5015982598778528,
            -1.2389781101376118,
            0.9239630829233855
        ],
        [
            2.694166372015321,
            1.62430698163395,
            -0.5239978443273672
        ],
        [
            2.900878074583955,
            -0.14751703133807095,
            -0.5696758540499284
        ],
        [
            3.083818353298774,
            0.7327090186614527,
            0.9727325435596589
        ],
        [
            -2.8427755658532927,
            0.37328121761261673,
            -0.6150531877671269
        ],
        [
            -1.6521146688273478,
            1.4122100882456043,
            0.22431390447180966
        ],
        [
            -1.8294558033219412,
            -0.1081123296361849,
            2.0034522565540813
        ],
        [
            -2.530463288265506,
            -1.3841104895179541,
            0.9681780276660582
        ]
    ],
    "best_conformer_elements": [
        6,
        8,
        15,
        8,
        8,
        6,
        6,
        8,
        1,
        1,
        1,
        1,
        1,
        1,
        1
    ],
    "best_conformer_energy": -28.91618466911018,
    "ip": 14.572528243478672,
    "ip_corrected": 9.726528243478672,
    "ea": -0.4379518855776051,
    "homo": -0.43999477758506805,
    "lumo": -0.09056194136278739,
    "charges": {
        "1": 0.027604651088737935,
        "2": -0.300465159303542,
        "3": 0.7089186871838902,
        "4": -0.4450897501816601,
        "5": -0.2931913819298808,
        "6": 0.06519360704812595,
        "7": 0.06571085740610097,
        "8": -0.29308419943851116,
        "9": 0.06373516565542156,
        "10": 0.07275750852445419,
        "11": 0.06669509420919537,
        "12": 0.07053079294513474,
        "13": 0.06072999361851051,
        "14": 0.06547070336085468,
        "15": 0.06448342981317068
    },
    "dipole": [
        -0.8545229707803718,
        1.2953486145347068,
        0.916684565255998
    ],
    "global_electrophilicity": 0.16435587441317875,
    "global_nucleophilicity": -9.726528243478672,
    "fukui_electrophilicity": {
        "1": -0.027732377394860362,
        "2": 0.01360346616770175,
        "3": 0.5528537930988675,
        "4": 0.03814053962231995,
        "5": -0.014250068745530198,
        "6": -0.02165480053200107,
        "7": -0.008908006603593463,
        "8": 0.025022543306661815,
        "9": 0.059052936616302926,
        "10": 0.03020511073841435,
        "11": 0.055785953431757324,
        "12": 0.08271908785043572,
        "13": 0.058782454918605134,
        "14": 0.07620879593502666,
        "15": 0.08017057158989785
    },
    "fukui_nucleophilicity": {
        "1": -0.025178048433178495,
        "2": 0.07419710263904056,
        "3": 0.14857383119488154,
        "4": 0.05790743435221207,
        "5": 0.05982502892823738,
        "6": -0.021934906034108553,
        "7": -0.020686203447773617,
        "8": 0.06779228104219831,
        "9": 0.10645655231862894,
        "10": 0.05318554704176341,
        "11": 0.1029292092307249,
        "12": 0.09324930022730689,
        "13": 0.09712110859316272,
        "14": 0.09414515581738235,
        "15": 0.11241660652951072
    },
    "fukui_radical": {
        "1": -0.02645521291401943,
        "2": 0.043900284403371154,
        "3": 0.3507138121468745,
        "4": 0.04802398698726601,
        "5": 0.02278748009135359,
        "6": -0.02179485328305481,
        "7": -0.01479710502568354,
        "8": 0.04640741217443006,
        "9": 0.08275474446746593,
        "10": 0.04169532889008888,
        "11": 0.07935758133124111,
        "12": 0.08798419403887131,
        "13": 0.07795178175588392,
        "14": 0.08517697587620451,
        "15": 0.09629358905970428
    }
}