{
    "smiles": "FC(F)=C(Cl)Cl",
    "best_conformer_coordinates": [
        [
            -1.179028160951438,
            -1.2805056923849298,
            0.5448646558504874
        ],
        [
            -0.6943008296648528,
            -0.1511670315406392,
            0.056204609370382595
        ],
        [
            -1.6712574421469482,
            0.659764447865025,
            -0.314059189195184
        ],
        [
            0.6030449370856688,
            0.13144032478912296,
            -0.04887970163092555
        ],
        [
            1.8014944151340408,
            -0.9850501819720725,
            0.4587553219743178
        ],
        [
            1.1400470805435303,
            1.625518138535267,
            -0.6968856963690762
        ]
    ],
    "best_conformer_elements": [
        9,
        6,
        9,
        6,
        17,
        17
    ],
    "best_conformer_energy": -22.806179463870535,
    "ip": 14.922178270817916,
    "ip_corrected": 10.076178270817916,
    "ea": 3.8827010554822676,
    "homo": -0.4339094545293944,
    "lumo": -0.2785449795754815,
    "charges": {
        "1": -0.1530621763264014,
        "2": 0.30491723141050375,
        "3": -0.1530760183080452,
        "4": 0.11214676323433384,
        "5": -0.055479074828621286,
        "6": -0.055446725181762566
    },
    "dipole": [
        0.42992060980666624,
        0.09395433699043608,
        -0.03495635407521675
    ],
    "global_electrophilicity": 0.9403136579278721,
    "global_nucleophilicity": -10.076178270817916,
    "fukui_electrophilicity": {
        "1": 0.13250340833010277,
        "2": 0.1472107738943375,
        "3": 0.13250941873835662,
        "4": 0.09780449285132511,
        "5": 0.244973818087506,
        "6": 0.2449980880983747
    },
    "fukui_nucleophilicity": {
        "1": 0.13905683319915121,
        "2": 0.0731441577072876,
        "3": 0.13907467273769172,
        "4": 0.025537871953418584,
        "5": 0.31160256619131627,
        "6": 0.31158389840226525
    },
    "fukui_radical": {
        "1": 0.13578012076462698,
        "2": 0.11017746580081256,
        "3": 0.13579204573802417,
        "4": 0.06167118240237185,
        "5": 0.27828819213941114,
        "6": 0.27829099325032
    }
}