{
    "smiles": "FC(F)=C(F)F",
    "best_conformer_coordinates": [
        [
            -1.449543462505256,
            1.0305004271732918,
            -0.017710671831136084
        ],
        [
            -0.6634505637490375,
            -0.03018723177023163,
            -0.018825326504241378
        ],
        [
            -1.347595803673984,
            -1.1587525754639485,
            -0.0616787970246131
        ],
        [
            0.6633732702670567,
            0.030449255834492303,
            0.018828815506825965
        ],
        [
            1.3480305952940013,
            1.158616604932502,
            0.06168780175217364
        ],
        [
            1.4491859590754346,
            -1.0306264754143302,
            0.017698178100985357
        ]
    ],
    "best_conformer_elements": [
        9,
        6,
        9,
        6,
        9,
        9
    ],
    "best_conformer_energy": -23.15725477201293,
    "ip": 16.642693069679897,
    "ip_corrected": 11.796693069679897,
    "ea": 3.1872489629849676,
    "homo": -0.46597852618336616,
    "lumo": -0.2828735130917414,
    "charges": {
        "1": -0.14624312835538578,
        "2": 0.2926458696795517,
        "3": -0.14638000128352516,
        "4": 0.2926262545930211,
        "5": -0.14633053215200004,
        "6": -0.14631846248165506
    },
    "dipole": [
        -0.00023736082945607462,
        0.0006175676540949326,
        6.700541213085513e-06
    ],
    "global_electrophilicity": 0.9547981828274859,
    "global_nucleophilicity": -11.796693069679897,
    "fukui_electrophilicity": {
        "1": 0.15989152715368032,
        "2": 0.1802299181682956,
        "3": 0.1598789846996211,
        "4": 0.18022507502308638,
        "5": 0.15988897575415156,
        "6": 0.1598855192011692
    },
    "fukui_nucleophilicity": {
        "1": 0.2030742728592965,
        "2": 0.09383665824418175,
        "3": 0.2030830266551743,
        "4": 0.09383519742534852,
        "5": 0.20309026619717624,
        "6": 0.2030805786188179
    },
    "fukui_radical": {
        "1": 0.18148290000648842,
        "2": 0.13703328820623867,
        "3": 0.18148100567739772,
        "4": 0.13703013622421745,
        "5": 0.1814896209756639,
        "6": 0.18148304890999356
    }
}