{
    "smiles": "N#C/C=C/C#N",
    "best_conformer_coordinates": [
        [
            -2.9553631601860215,
            0.2226804517061968,
            -0.07760842717650673
        ],
        [
            -1.850156945590721,
            -0.0784567719581423,
            -0.03586077591818643
        ],
        [
            -0.49422770844303426,
            -0.45237812411839345,
            0.015618872640652754
        ],
        [
            0.49422776549391645,
            0.45237825888909045,
            -0.015618877224123471
        ],
        [
            1.8501568823047487,
            0.0784567082882738,
            0.03586077801189123
        ],
        [
            2.955363060139063,
            -0.22268067293106367,
            0.077608436271068
        ],
        [
            -0.294142444346876,
            -1.5145298583412619,
            0.08203064619733214
        ],
        [
            0.2941425453371608,
            1.5145300084652948,
            -0.08203065280213664
        ]
    ],
    "best_conformer_elements": [
        7,
        6,
        6,
        6,
        6,
        7,
        1,
        1
    ],
    "best_conformer_energy": -15.307759915124997,
    "ip": 15.425339061161003,
    "ip_corrected": 10.579339061161003,
    "ea": 5.625408374528896,
    "homo": -0.44592195002997753,
    "lumo": -0.33220055849629626,
    "charges": {
        "1": -0.200020567188172,
        "2": 0.11988429988580587,
        "3": -0.0017261509283398035,
        "4": -0.0017270227416579659,
        "5": 0.11988419939231362,
        "6": -0.2000205247461372,
        "7": 0.08186284965008432,
        "8": 0.08186291667610125
    },
    "dipole": [
        -1.1383296628508831e-06,
        -5.559286506436053e-07,
        8.532186087507726e-09
    ],
    "global_electrophilicity": 1.6456894879341737,
    "global_nucleophilicity": -10.579339061161003,
    "fukui_electrophilicity": {
        "1": 0.23484734106718538,
        "2": 0.055629191223910135,
        "3": 0.09596010036213273,
        "4": 0.09595921314270393,
        "5": 0.055629071508661865,
        "6": 0.23484741036776716,
        "7": 0.11356379972495265,
        "8": 0.11356387260269207
    },
    "fukui_nucleophilicity": {
        "1": 0.2840031670512391,
        "2": 0.05252255115550114,
        "3": 0.05124248868103941,
        "4": 0.051243358641466744,
        "5": 0.05252265701313294,
        "6": 0.2840031142038103,
        "7": 0.11223136202392921,
        "8": 0.11223130122982762
    },
    "fukui_radical": {
        "1": 0.25942525405921224,
        "2": 0.05407587118970564,
        "3": 0.07360129452158606,
        "4": 0.07360128589208534,
        "5": 0.0540758642608974,
        "6": 0.25942526228578877,
        "7": 0.11289758087444093,
        "8": 0.11289758691625984
    }
}