{
    "smiles": "Nc1ccccc1",
    "best_conformer_coordinates": [
        [
            2.261272654221138,
            -0.1230690242862254,
            -0.3756923985421338
        ],
        [
            0.9025164513306168,
            -0.0491182535418927,
            -0.13650628334274031
        ],
        [
            0.25933079295322914,
            1.1872447577634795,
            -0.07298168923208538
        ],
        [
            -1.109793865407728,
            1.2565228996037645,
            0.09199208867900639
        ],
        [
            -1.8634250914920434,
            0.09946148613539156,
            0.19948532944284486
        ],
        [
            -1.231567425600029,
            -1.1315728557785656,
            0.1386751635348411
        ],
        [
            0.1370755206886803,
            -1.2101821897374634,
            -0.026115607223634662
        ],
        [
            2.796933773822168,
            0.7019468776280188,
            -0.15919623655822476
        ],
        [
            2.7107710438704173,
            -0.9891669505301721,
            -0.12612315074117836
        ],
        [
            0.8452570815103553,
            2.09208578043114,
            -0.15612199060629758
        ],
        [
            -1.592145695151564,
            2.2222233362886312,
            0.14061635910250928
        ],
        [
            -2.9333522611564664,
            0.15662826133302984,
            0.3306402434349384
        ],
        [
            -1.8100595217799471,
            -2.040199776106441,
            0.22400558406384993
        ],
        [
            0.6271865474829627,
            -2.172804349202706,
            -0.07267740671988829
        ]
    ],
    "best_conformer_elements": [
        7,
        6,
        6,
        6,
        6,
        6,
        6,
        1,
        1,
        1,
        1,
        1,
        1,
        1
    ],
    "best_conformer_energy": -19.31669161161109,
    "ip": 12.831178124342436,
    "ip_corrected": 7.985178124342436,
    "ea": 2.51895733557298,
    "homo": -0.35570452215473775,
    "lumo": -0.21000248346083886,
    "charges": {
        "1": -0.28063083020717805,
        "2": 0.07983547601751254,
        "3": -0.06063906975033523,
        "4": -0.030329703846196585,
        "5": -0.04605400461354496,
        "6": -0.030331706055353874,
        "7": -0.06064360743205351,
        "8": 0.1565271262193121,
        "9": 0.15653691191570615,
        "10": 0.021192629772045293,
        "11": 0.02514593451453906,
        "12": 0.02304357186468063,
        "13": 0.0251055950742248,
        "14": 0.02124167652663164
    },
    "dipole": [
        0.7088534175607213,
        -0.03048591416619418,
        0.2925831898775183
    ],
    "global_electrophilicity": 0.3880650145410201,
    "global_nucleophilicity": -7.985178124342436,
    "fukui_electrophilicity": {
        "1": 0.035923016775596395,
        "2": 0.051787973030738566,
        "3": 0.06429380086398856,
        "4": 0.07038253693516686,
        "5": 0.038277246741043935,
        "6": 0.07028248467481565,
        "7": 0.0643803231186422,
        "8": 0.05240486357413564,
        "9": 0.05240798623243065,
        "10": 0.09906943751554503,
        "11": 0.10292083130514566,
        "12": 0.09588316729552436,
        "13": 0.10288485168285579,
        "14": 0.09910148025436244
    },
    "fukui_nucleophilicity": {
        "1": 0.13000207215023454,
        "2": 0.048915782495179444,
        "3": 0.04686116362181393,
        "4": 0.03245756193788936,
        "5": 0.07956834471054974,
        "6": 0.03247021780558784,
        "7": 0.04680906018310813,
        "8": 0.08288624399967373,
        "9": 0.08289514943555709,
        "10": 0.07930411318341675,
        "11": 0.08286186628220983,
        "12": 0.09281272233133307,
        "13": 0.08284875589797633,
        "14": 0.07930694596547318
    },
    "fukui_radical": {
        "1": 0.08296254446291547,
        "2": 0.050351877762959005,
        "3": 0.055577482242901245,
        "4": 0.05142004943652811,
        "5": 0.05892279572579684,
        "6": 0.05137635124020175,
        "7": 0.05559469165087517,
        "8": 0.06764555378690468,
        "9": 0.06765156783399387,
        "10": 0.08918677534948088,
        "11": 0.09289134879367775,
        "12": 0.09434794481342872,
        "13": 0.09286680379041606,
        "14": 0.0892042131099178
    }
}