{
    "smiles": "Nc1ccc(S(=O)(=O)O)cc1",
    "best_conformer_coordinates": [
        [
            -3.1282836904073443,
            0.8105249784554852,
            -0.10742434624523485
        ],
        [
            -1.8309287246970976,
            0.3804180350309578,
            -0.06645251425813818
        ],
        [
            -1.0317323021665983,
            0.42610886060525177,
            -1.216360409135305
        ],
        [
            0.2938736223469344,
            0.04979400816853949,
            -1.1576393327350603
        ],
        [
            0.8250657921347253,
            -0.37757399359661925,
            0.043007710883166336
        ],
        [
            2.529492962828444,
            -0.8266806481687162,
            0.12747336132982676
        ],
        [
            2.743674007815423,
            -1.7628542681457562,
            1.1820090657667548
        ],
        [
            3.050492686894293,
            -1.111746807049291,
            -1.1782801753125614
        ],
        [
            3.1905079476326126,
            0.5914181572713455,
            0.5727374738294755
        ],
        [
            0.059106652182764174,
            -0.43443765303967513,
            1.1905018304593524
        ],
        [
            -1.2661998474357365,
            -0.057555031331826434,
            1.1389887205209428
        ],
        [
            -3.566902731887657,
            0.9058724711118641,
            -1.0070228877424976
        ],
        [
            -3.731537746222756,
            0.5657883765455604,
            0.658698877968645
        ],
        [
            -1.46517364916353,
            0.7589104681623473,
            -2.147720849894495
        ],
        [
            0.9259215597783464,
            0.06400849722252316,
            -2.0309310134415925
        ],
        [
            3.76641473109035,
            0.8991808450867769,
            -0.12833970669436542
        ],
        [
            0.5170860152708967,
            -0.784570438400411,
            2.100872527180601
        ],
        [
            -1.8808772912853686,
            -0.09660585792845915,
            2.025881672812507
        ]
    ],
    "best_conformer_elements": [
        7,
        6,
        6,
        6,
        6,
        16,
        8,
        8,
        8,
        6,
        6,
        1,
        1,
        1,
        1,
        1,
        1,
        1
    ],
    "best_conformer_energy": -34.7765387874392,
    "ip": 13.430686653902498,
    "ip_corrected": 8.584686653902498,
    "ea": 3.8290028881257827,
    "homo": -0.3879833260032496,
    "lumo": -0.2438027194150005,
    "charges": {
        "1": -0.25809502262588263,
        "2": 0.0902873261664352,
        "3": -0.05641390001816208,
        "4": -0.02820673347958385,
        "5": -0.11425218382612988,
        "6": 1.2655197931697317,
        "7": -0.5744645721801582,
        "8": -0.6061727320839196,
        "9": -0.5469049060492082,
        "10": -0.024780383723523605,
        "11": -0.055339113846459786,
        "12": 0.17219486539436796,
        "13": 0.17252107769719432,
        "14": 0.04665165210698983,
        "15": 0.06038657140847871,
        "16": 0.3442907110989304,
        "17": 0.06499487522309198,
        "18": 0.04778267556780666
    },
    "dipole": [
        -2.4790584172487753,
        1.4104096771204546,
        -0.4404886187943932
    ],
    "global_electrophilicity": 0.7455713810406281,
    "global_nucleophilicity": -8.584686653902498,
    "fukui_electrophilicity": {
        "1": 0.04352166180408207,
        "2": 0.07401154515024762,
        "3": 0.03320856840517374,
        "4": 0.04955116010697679,
        "5": 0.04511010235118053,
        "6": 0.132597919012158,
        "7": 0.03589352887017405,
        "8": 0.033742984207125404,
        "9": 0.01512917744816622,
        "10": 0.047863843958544774,
        "11": 0.03424861683295645,
        "12": 0.05484598589214541,
        "13": 0.05479959576347576,
        "14": 0.07781650486406667,
        "15": 0.07765767245111117,
        "16": 0.03457598990332095,
        "17": 0.0774286509524726,
        "18": 0.07799649202662377
    },
    "fukui_nucleophilicity": {
        "1": 0.10750793322549698,
        "2": 0.03315250059265343,
        "3": 0.04237379875208815,
        "4": 0.020386490049744903,
        "5": 0.05293844965439684,
        "6": 0.10192051458379336,
        "7": 0.07064987356008057,
        "8": 0.061333305292265994,
        "9": 0.022237241229817517,
        "10": 0.020459476816365785,
        "11": 0.04171417894382763,
        "12": 0.06927942972324258,
        "13": 0.06930536631037751,
        "14": 0.0677315210038762,
        "15": 0.06028112122857056,
        "16": 0.03123402810139314,
        "17": 0.059977159914499215,
        "18": 0.06751761101753498
    },
    "fukui_radical": {
        "1": 0.07551479751478953,
        "2": 0.05358202287145052,
        "3": 0.03779118357863095,
        "4": 0.03496882507836085,
        "5": 0.049024276002788685,
        "6": 0.11725921679797568,
        "7": 0.05327170121512731,
        "8": 0.0475381447496957,
        "9": 0.01868320933899187,
        "10": 0.03416166038745528,
        "11": 0.03798139788839204,
        "12": 0.062062707807694,
        "13": 0.062052481036926635,
        "14": 0.07277401293397143,
        "15": 0.06896939683984087,
        "16": 0.032905009002357044,
        "17": 0.06870290543348591,
        "18": 0.07275705152207937
    }
}