{
    "smiles": "Nc1cccc(S(=O)(=O)O)c1",
    "best_conformer_coordinates": [
        [
            -2.2119959761383146,
            1.9269957982258505,
            0.08966375284314418
        ],
        [
            -1.4388199251790368,
            0.7974760644576273,
            0.04204340058695577
        ],
        [
            -1.9754412080814339,
            -0.4568582381751224,
            0.3578172058993268
        ],
        [
            -1.1846808628063303,
            -1.589184580638779,
            0.3708460033814657
        ],
        [
            0.16790159046565054,
            -1.5054015670234806,
            0.07115850108443567
        ],
        [
            0.686171664779588,
            -0.2664119167315133,
            -0.23899435924273535
        ],
        [
            2.415742499823461,
            -0.10764780645443603,
            -0.5913884435859039
        ],
        [
            2.6453259257044968,
            1.0268917405579037,
            -1.424432268929709
        ],
        [
            2.9871475714751843,
            -1.3710295475919525,
            -0.9544304445917189
        ],
        [
            2.9838111190683425,
            0.2375510507889569,
            0.8904935792945163
        ],
        [
            -0.07563212273956345,
            0.8765822190023713,
            -0.26050577453986323
        ],
        [
            -1.8492707869656932,
            2.752453188837594,
            -0.3560875215357724
        ],
        [
            -3.210722603634264,
            1.8123730387853632,
            0.058614385627289975
        ],
        [
            -3.0275302967738287,
            -0.5310818504261233,
            0.5918910703324766
        ],
        [
            -1.6252670437188257,
            -2.544228714392264,
            0.6130762615874351
        ],
        [
            0.8114650194918346,
            -2.3685985966201364,
            0.05628038998005775
        ],
        [
            3.5074735380136377,
            -0.5011112403860997,
            1.203984933466759
        ],
        [
            0.39432188663175066,
            1.8112309736598073,
            -0.5200306716582044
        ]
    ],
    "best_conformer_elements": [
        7,
        6,
        6,
        6,
        6,
        6,
        16,
        8,
        8,
        8,
        6,
        1,
        1,
        1,
        1,
        1,
        1,
        1
    ],
    "best_conformer_energy": -34.77599573921918,
    "ip": 13.416194572273676,
    "ip_corrected": 8.570194572273676,
    "ea": 3.998670440163842,
    "homo": -0.3850563580352914,
    "lumo": -0.2533300815423054,
    "charges": {
        "1": -0.2629624674538015,
        "2": 0.09210183263143634,
        "3": -0.05709202915549537,
        "4": -0.02321317691666179,
        "5": -0.04682146959673983,
        "6": -0.09647240054679371,
        "7": 1.270473246027916,
        "8": -0.5737130103808388,
        "9": -0.6031205566819834,
        "10": -0.5448175875539086,
        "11": -0.059842330675142726,
        "12": 0.17412539091724094,
        "13": 0.17202636647010675,
        "14": 0.045350235386834595,
        "15": 0.05165238625224171,
        "16": 0.056654199862380544,
        "17": 0.34547277451793756,
        "18": 0.06019859689527524
    },
    "dipole": [
        -2.1363869310832473,
        0.1374435556882616,
        1.0262405208567709
    ],
    "global_electrophilicity": 0.7916444275010533,
    "global_nucleophilicity": -8.570194572273676,
    "fukui_electrophilicity": {
        "1": 0.03261990296033912,
        "2": 0.033987254699704816,
        "3": 0.07646189483534417,
        "4": 0.037912444384241045,
        "5": 0.027915024614906858,
        "6": 0.06112404709850325,
        "7": 0.1459210239742912,
        "8": 0.03637908192557493,
        "9": 0.03688937036982243,
        "10": 0.016503308531473304,
        "11": 0.04815915634362803,
        "12": 0.04511147479273264,
        "13": 0.04550525289332602,
        "14": 0.08919899740268575,
        "15": 0.08169340624920461,
        "16": 0.07265581080414384,
        "17": 0.03629893624889757,
        "18": 0.07566361187117836
    },
    "fukui_nucleophilicity": {
        "1": 0.10911207949485369,
        "2": 0.03449780026480728,
        "3": 0.03920731009924798,
        "4": 0.026569236783836034,
        "5": 0.05571580505347311,
        "6": 0.02355299315044597,
        "7": 0.09424433068147198,
        "8": 0.05943010221976086,
        "9": 0.05743757716879716,
        "10": 0.02098014494111744,
        "11": 0.0374117141833204,
        "12": 0.06867861415117799,
        "13": 0.07119260024494373,
        "14": 0.06960678083209854,
        "15": 0.0726820579651263,
        "16": 0.06882483152868193,
        "17": 0.029901788104796267,
        "18": 0.06095423313117226
    },
    "fukui_radical": {
        "1": 0.0708659912275964,
        "2": 0.03424252748225605,
        "3": 0.057834602467296076,
        "4": 0.03224084058403854,
        "5": 0.04181541483418998,
        "6": 0.04233852012447461,
        "7": 0.12008267732788158,
        "8": 0.047904592072667895,
        "9": 0.047163473769309794,
        "10": 0.018741726736295372,
        "11": 0.04278543526347421,
        "12": 0.056895044471955314,
        "13": 0.058348926569134874,
        "14": 0.07940288911739214,
        "15": 0.07718773210716547,
        "16": 0.07074032116641289,
        "17": 0.03310036217684692,
        "18": 0.0683089225011753
    }
}