{
    "smiles": "Nc1cccc(C(=O)O)c1",
    "best_conformer_coordinates": [
        [
            -2.492837225950467,
            1.292379884851072,
            -0.4261225323277249
        ],
        [
            -1.431184146666689,
            0.5029459105904119,
            -0.050558613967333084
        ],
        [
            -1.630178200669658,
            -0.6372610054325004,
            0.73361377650398
        ],
        [
            -0.5727665623207058,
            -1.468613013939617,
            1.050047621868191
        ],
        [
            0.7054229226036176,
            -1.1900756428498453,
            0.6008596401741937
        ],
        [
            0.9167272513574147,
            -0.05517216866183393,
            -0.17920507837524577
        ],
        [
            2.2578619333222765,
            0.3023261815701789,
            -0.6830089965197096
        ],
        [
            2.5102480292277165,
            1.2864406202451528,
            -1.3356034472397809
        ],
        [
            3.213266627378961,
            -0.5818309079970078,
            -0.34705541155979847
        ],
        [
            -0.14331047841294037,
            0.7837932321468268,
            -0.5008339387659723
        ],
        [
            -3.3316119615619293,
            1.2267010326135148,
            0.12594758105501414
        ],
        [
            -2.2737928028758474,
            2.2130297071202545,
            -0.7684562715406916
        ],
        [
            -2.624949834021641,
            -0.8638953429447295,
            1.0903257041311185
        ],
        [
            -0.749305612174664,
            -2.3436849188752453,
            1.6579101634260047
        ],
        [
            1.5331340067482677,
            -1.834223171461914,
            0.8475214948012515
        ],
        [
            4.064294929719846,
            -0.2892008998019645,
            -0.7081288908607152
        ],
        [
            0.0489811295880622,
            1.6563405028272704,
            -1.1072527902192797
        ]
    ],
    "best_conformer_elements": [
        7,
        6,
        6,
        6,
        6,
        6,
        6,
        8,
        8,
        6,
        1,
        1,
        1,
        1,
        1,
        1,
        1
    ],
    "best_conformer_energy": -29.6114014022602,
    "ip": 13.05316703116934,
    "ip_corrected": 8.20716703116934,
    "ea": 4.360158923827796,
    "homo": -0.369558144932739,
    "lumo": -0.2659355321149613,
    "charges": {
        "1": -0.27170470093500876,
        "2": 0.0851747429169862,
        "3": -0.05368971018864955,
        "4": -0.028187426888297812,
        "5": -0.03804165861979255,
        "6": -0.01867455314366482,
        "7": 0.3541446840715641,
        "8": -0.42446271792400103,
        "9": -0.3823380094909977,
        "10": -0.052504342328573,
        "11": 0.16302187170072965,
        "12": 0.1659532334765421,
        "13": 0.033007220650598953,
        "14": 0.037260064780211974,
        "15": 0.05150443956262998,
        "16": 0.3254785599489948,
        "17": 0.054058302410727475
    },
    "dipole": [
        -0.8551665558601786,
        -0.04862227105786289,
        0.5977272553143874
    ],
    "global_electrophilicity": 0.8572819927109326,
    "global_nucleophilicity": -8.20716703116934,
    "fukui_electrophilicity": {
        "1": 0.03028328565243238,
        "2": 0.03290163842197821,
        "3": 0.05988743048730367,
        "4": 0.02788608416757287,
        "5": 0.03119036925167982,
        "6": 0.05703774924917369,
        "7": 0.06585929186177092,
        "8": 0.15935594998631697,
        "9": 0.07415586242982714,
        "10": 0.037002082041946535,
        "11": 0.043451293561902415,
        "12": 0.04005399690923553,
        "13": 0.08085971503215256,
        "14": 0.07553374214913945,
        "15": 0.06695242472031224,
        "16": 0.05484997020955101,
        "17": 0.06273911386770037
    },
    "fukui_nucleophilicity": {
        "1": 0.11788057748585484,
        "2": 0.039557578596521134,
        "3": 0.039677148114430676,
        "4": 0.028708225117620043,
        "5": 0.06255050160480607,
        "6": 0.04081370589902183,
        "7": 0.007962130491176056,
        "8": 0.10546446643169127,
        "9": 0.044527395651825896,
        "10": 0.03831869528551919,
        "11": 0.07559767107784726,
        "12": 0.0734734968230479,
        "13": 0.07150957279444373,
        "14": 0.0748144595033099,
        "15": 0.07708048646245999,
        "16": 0.039363304894230955,
        "17": 0.06270058377030754
    },
    "fukui_radical": {
        "1": 0.07408193156914361,
        "2": 0.036229608509249674,
        "3": 0.04978228930086717,
        "4": 0.028297154642596457,
        "5": 0.04687043542824294,
        "6": 0.04892572757409776,
        "7": 0.03691071117647349,
        "8": 0.13241020820900412,
        "9": 0.059341629040826516,
        "10": 0.03766038866373286,
        "11": 0.05952448231987484,
        "12": 0.05676374686614172,
        "13": 0.07618464391329814,
        "14": 0.07517410082622467,
        "15": 0.07201645559138611,
        "16": 0.047106637551890984,
        "17": 0.06271984881900396
    }
}