{
    "smiles": "Nc1ccccc1S(=O)(=O)O",
    "best_conformer_coordinates": [
        [
            -0.8488812566844939,
            1.8896831473801357,
            0.06240101135356892
        ],
        [
            0.11132172661623925,
            0.9197638300728669,
            0.10003703120477384
        ],
        [
            1.4768773028062945,
            1.2352646328986645,
            0.029253910324538016
        ],
        [
            2.431414297050742,
            0.24177716990402082,
            -0.004050356460721201
        ],
        [
            2.0693773160509576,
            -1.0997679978335657,
            0.03818793969881503
        ],
        [
            0.7295641920561723,
            -1.430330424696011,
            0.11121703709602133
        ],
        [
            -0.22505684635118134,
            -0.43423578463735096,
            0.1400561848595063
        ],
        [
            -1.9202683344381895,
            -0.9366890197038943,
            0.19204327580638014
        ],
        [
            -2.7428171036846933,
            0.06661041293701635,
            0.8234765095860189
        ],
        [
            -2.026051559968307,
            -2.2828190690812926,
            0.6417322442678794
        ],
        [
            -2.311971139527393,
            -0.9038552876133984,
            -1.3791305839935135
        ],
        [
            -0.5544476060931128,
            2.8238280686966855,
            0.29677622658248054
        ],
        [
            -1.7593057915324697,
            1.6058194089432576,
            0.4056366384119059
        ],
        [
            1.7692590345520542,
            2.2746556579894834,
            -0.0002936105290690509
        ],
        [
            3.4752223419918544,
            0.5129953156894757,
            -0.05899658902893466
        ],
        [
            2.823130166427483,
            -1.8699617922887852,
            0.015401602726801916
        ],
        [
            0.3893788872460669,
            -2.4520226664090483,
            0.15463875529110546
        ],
        [
            -2.886745626518119,
            -0.16071560224801787,
            -1.568387237781028
        ]
    ],
    "best_conformer_elements": [
        7,
        6,
        6,
        6,
        6,
        6,
        6,
        16,
        8,
        8,
        8,
        1,
        1,
        1,
        1,
        1,
        1,
        1
    ],
    "best_conformer_energy": -34.782931064035644,
    "ip": 13.4925404271899,
    "ip_corrected": 8.6465404271899,
    "ea": 4.008563866149448,
    "homo": -0.3864062929566437,
    "lumo": -0.25372701340454334,
    "charges": {
        "1": -0.28895021652294434,
        "2": 0.08804739314087448,
        "3": -0.057731010411382434,
        "4": -0.023622405199878363,
        "5": -0.0394567157660872,
        "6": -0.02721666874831933,
        "7": -0.13913113035277183,
        "8": 1.2949285039559302,
        "9": -0.6271388613498023,
        "10": -0.5707544329680954,
        "11": -0.5459400628480424,
        "12": 0.1776165422922548,
        "13": 0.20156498845405169,
        "14": 0.04565230541843333,
        "15": 0.050189830388165504,
        "16": 0.05062045092121052,
        "17": 0.0649472986884475,
        "18": 0.3463741909079639
    },
    "dipole": [
        1.0671035652101901,
        1.6418634662347737,
        -0.593154632010831
    ],
    "global_electrophilicity": 0.8037518528193318,
    "global_nucleophilicity": -8.6465404271899,
    "fukui_electrophilicity": {
        "1": 0.032582007525696344,
        "2": 0.036368598110280856,
        "3": 0.03909602239882861,
        "4": 0.08313691441730366,
        "5": 0.02229425944852892,
        "6": 0.053116737583135475,
        "7": 0.05038856789572524,
        "8": 0.1450407497423971,
        "9": 0.033531589608653656,
        "10": 0.03583751113097233,
        "11": 0.0169111190154545,
        "12": 0.049239102785936795,
        "13": 0.03536483424003997,
        "14": 0.08084293972942491,
        "15": 0.0939960836016738,
        "16": 0.07942905529643815,
        "17": 0.07784477580314385,
        "18": 0.03497913166637279
    },
    "fukui_nucleophilicity": {
        "1": 0.11260747299075541,
        "2": 0.032398698244949065,
        "3": 0.045152709797611525,
        "4": 0.02533612852637121,
        "5": 0.06834439369765428,
        "6": 0.028938587390041605,
        "7": 0.03340305361358219,
        "8": 0.07412244222437114,
        "9": 0.04625303284298943,
        "10": 0.058116117059716865,
        "11": 0.022337622814226687,
        "12": 0.07315958705862854,
        "13": 0.06017563670335363,
        "14": 0.07121346125038572,
        "15": 0.07478998884464648,
        "16": 0.08128829608576436,
        "17": 0.06664874419859416,
        "18": 0.025714026662437273
    },
    "fukui_radical": {
        "1": 0.07259474025822588,
        "2": 0.03438364817761496,
        "3": 0.04212436609822007,
        "4": 0.05423652147183743,
        "5": 0.0453193265730916,
        "6": 0.04102766248658854,
        "7": 0.04189581075465371,
        "8": 0.10958159598338413,
        "9": 0.03989231122582154,
        "10": 0.0469768140953446,
        "11": 0.019624370914840594,
        "12": 0.06119934492228267,
        "13": 0.0477702354716968,
        "14": 0.07602820048990531,
        "15": 0.08439303622316015,
        "16": 0.08035867569110125,
        "17": 0.072246760000869,
        "18": 0.03034657916440503
    }
}