{
    "smiles": "Nc1ccc(C(=O)O)cc1",
    "best_conformer_coordinates": [
        [
            -3.012180978322883,
            0.4909790454221213,
            -0.2273299647145797
        ],
        [
            -1.67321214236053,
            0.23968275954923374,
            -0.10289793771455558
        ],
        [
            -1.1360387088402217,
            -0.16076204808966266,
            1.1264729905539725
        ],
        [
            0.21719768736964165,
            -0.35506242160938084,
            1.2640210082492118
        ],
        [
            1.0776930190789613,
            -0.1579781832002236,
            0.18146296866917683
        ],
        [
            2.5148039433815432,
            -0.38073282775997347,
            0.3720394022649951
        ],
        [
            3.0332924015242497,
            -0.7308234762690384,
            1.4068626632572567
        ],
        [
            3.2502945668055783,
            -0.15822025477747276,
            -0.7374712299174345
        ],
        [
            0.5461003081026279,
            0.24206482716343625,
            -1.0455407460107509
        ],
        [
            -0.8080575284474748,
            0.43682173646045436,
            -1.185614402169266
        ],
        [
            -3.6272087285262926,
            0.13786956203581693,
            0.4854744623874009
        ],
        [
            -3.396564613005412,
            0.5596567508121447,
            -1.1538940498931636
        ],
        [
            -1.798910686627684,
            -0.3144327482723809,
            1.9658089921753508
        ],
        [
            0.6400622707412793,
            -0.6657207548925207,
            2.2072142372100827
        ],
        [
            4.183879668568891,
            -0.3231926776006506,
            -0.5359283402503512
        ],
        [
            1.20713180764932,
            0.3939533043992531,
            -1.8842213146961901
        ],
        [
            -1.2182822870915555,
            0.7458974119206389,
            -2.1364587394010695
        ]
    ],
    "best_conformer_elements": [
        7,
        6,
        6,
        6,
        6,
        6,
        8,
        8,
        6,
        6,
        1,
        1,
        1,
        1,
        1,
        1,
        1
    ],
    "best_conformer_energy": -29.613805134404426,
    "ip": 13.087142083242181,
    "ip_corrected": 8.241142083242181,
    "ea": 4.177665964185827,
    "homo": -0.3741888494987193,
    "lumo": -0.2572828710206773,
    "charges": {
        "1": -0.26010289425292643,
        "2": 0.08977802217936844,
        "3": -0.05870680293826417,
        "4": -0.01985328622056727,
        "5": -0.03482742733946581,
        "6": 0.351048343552779,
        "7": -0.4333512799225642,
        "8": -0.3915410645106719,
        "9": -0.021279784231588578,
        "10": -0.05976833401900053,
        "11": 0.16770338641236285,
        "12": 0.1672976665045801,
        "13": 0.03406312372961953,
        "14": 0.059220548468662,
        "15": 0.3229574979859456,
        "16": 0.054910614674356116,
        "17": 0.03245166992736844
    },
    "dipole": [
        -1.5854224292480856,
        0.13094771381172723,
        -0.8784304371579356
    ],
    "global_electrophilicity": 0.8045846489297335,
    "global_nucleophilicity": -8.241142083242181,
    "fukui_electrophilicity": {
        "1": 0.04419594307149677,
        "2": 0.06921011132201427,
        "3": 0.020734328247410665,
        "4": 0.03493521453931146,
        "5": 0.05144610761062279,
        "6": 0.06582057490237236,
        "7": 0.15727035651077897,
        "8": 0.07084248597452536,
        "9": 0.0395266567993819,
        "10": 0.019596630088624944,
        "11": 0.05178110438476584,
        "12": 0.05197326827859003,
        "13": 0.06942449658501443,
        "14": 0.06252282436104203,
        "15": 0.05339574589976209,
        "16": 0.06748841719850447,
        "17": 0.06983573422577312
    },
    "fukui_nucleophilicity": {
        "1": 0.11016371778626938,
        "2": 0.037820000418702746,
        "3": 0.04244515444454738,
        "4": 0.021152535133608236,
        "5": 0.07910140882194201,
        "6": 0.010778428151338282,
        "7": 0.12464800333760456,
        "8": 0.05057852978213423,
        "9": 0.022783298760191598,
        "10": 0.04310831843331192,
        "11": 0.07194211756186694,
        "12": 0.07203250120584356,
        "13": 0.07059874499954953,
        "14": 0.06281176658800483,
        "15": 0.04148170119043598,
        "16": 0.0676477780144796,
        "17": 0.0709059953829182
    },
    "fukui_radical": {
        "1": 0.07717983042888307,
        "2": 0.053515055870358506,
        "3": 0.03158974134597902,
        "4": 0.02804387483645985,
        "5": 0.0652737582162824,
        "6": 0.03829950152685532,
        "7": 0.14095917992419177,
        "8": 0.060710507878329795,
        "9": 0.03115497777978675,
        "10": 0.03135247426096843,
        "11": 0.06186161097331639,
        "12": 0.062002884742216796,
        "13": 0.07001162079228199,
        "14": 0.06266729547452343,
        "15": 0.04743872354509904,
        "16": 0.06756809760649204,
        "17": 0.07037086480434565
    }
}