{
    "smiles": "Nc1cccc2ccccc12",
    "best_conformer_coordinates": [
        [
            -1.6668173834774178,
            2.0243387897255496,
            -0.7050610719503393
        ],
        [
            -1.319065141951339,
            0.7526061843087712,
            -0.29428615214831105
        ],
        [
            -2.30021817119064,
            -0.20111936233608477,
            -0.11517070931852787
        ],
        [
            -1.9815984425012236,
            -1.5125489857914194,
            0.24253815919532695
        ],
        [
            -0.6798882058916356,
            -1.8832429441917857,
            0.43475850314962666
        ],
        [
            0.3577522120924283,
            -0.9460563067980257,
            0.2582209949550909
        ],
        [
            1.7084813842884807,
            -1.3089251718220645,
            0.4447765967792878
        ],
        [
            2.7157786408543205,
            -0.40501228472921963,
            0.2621502123569496
        ],
        [
            2.4147962392018893,
            0.9086022030508348,
            -0.1221891867277244
        ],
        [
            1.115402068024259,
            1.2933214742646317,
            -0.30824749375219457
        ],
        [
            0.04995681452407255,
            0.38903126175189173,
            -0.12004935075876842
        ],
        [
            -2.6407046341779052,
            2.2593065996851904,
            -0.597679286687395
        ],
        [
            -1.0359343418631437,
            2.7719435130112124,
            -0.4701026182585669
        ],
        [
            -3.335988444555323,
            0.07674365422155899,
            -0.2542046653922693
        ],
        [
            -2.7798247657380863,
            -2.2286024874260266,
            0.37446146012026643
        ],
        [
            -0.42783811242443764,
            -2.893817265353505,
            0.7201867719864654
        ],
        [
            1.9304328875791732,
            -2.3263099175245454,
            0.735021934350692
        ],
        [
            3.7463665418603154,
            -0.69476863984404,
            0.407580356692138
        ],
        [
            3.2169091411218997,
            1.616502925619569,
            -0.27334061348199795
        ],
        [
            0.9120017195162434,
            2.308006754885693,
            -0.6193638358179087
        ]
    ],
    "best_conformer_elements": [
        7,
        6,
        6,
        6,
        6,
        6,
        6,
        6,
        6,
        6,
        6,
        1,
        1,
        1,
        1,
        1,
        1,
        1,
        1,
        1
    ],
    "best_conformer_energy": -28.90974316269736,
    "ip": 12.136707804781395,
    "ip_corrected": 7.290707804781395,
    "ea": 4.030910965736994,
    "homo": -0.34861863518520736,
    "lumo": -0.24424634262136907,
    "charges": {
        "1": -0.27636351177245105,
        "2": 0.0743763762534893,
        "3": -0.0678299423584624,
        "4": -0.03084120971215238,
        "5": -0.05339446685745346,
        "6": 0.011893521681783162,
        "7": -0.03631592552991778,
        "8": -0.03194290881117981,
        "9": -0.035367737046416575,
        "10": -0.0353526747111755,
        "11": -0.00922483588683616,
        "12": 0.15828924676082695,
        "13": 0.16165548419806744,
        "14": 0.019491807839576988,
        "15": 0.025180342805442967,
        "16": 0.024538472257882315,
        "17": 0.02847296630649413,
        "18": 0.025932237266474863,
        "19": 0.02420502150608177,
        "20": 0.02259773580992094
    },
    "dipole": [
        -0.30311847686108423,
        0.7245997139535438,
        0.17986274216495698
    ],
    "global_electrophilicity": 0.6466612612825131,
    "global_nucleophilicity": -7.290707804781395,
    "fukui_electrophilicity": {
        "1": 0.03302219470704887,
        "2": 0.05617414720138646,
        "3": 0.02543460473527398,
        "4": 0.035834196541658835,
        "5": 0.04629872736944611,
        "6": 0.018356196026189944,
        "7": 0.05817814324892382,
        "8": 0.034794515339377954,
        "9": 0.03406660513152018,
        "10": 0.05726746184247598,
        "11": 0.017086771756063254,
        "12": 0.04740013662485085,
        "13": 0.0385545323385791,
        "14": 0.06652695169151651,
        "15": 0.07120123927750456,
        "16": 0.06676700900779912,
        "17": 0.0736788932583837,
        "18": 0.07511441972321875,
        "19": 0.07449238351635348,
        "20": 0.06975087066242887
    },
    "fukui_nucleophilicity": {
        "1": 0.08470354645045558,
        "2": 0.03861124226430289,
        "3": 0.045404171824838,
        "4": 0.028869817351031064,
        "5": 0.06121349676142206,
        "6": 0.01931948684356162,
        "7": 0.03775292698815957,
        "8": 0.02825471141333291,
        "9": 0.03623844946489563,
        "10": 0.03001075754726639,
        "11": 0.019664358725285686,
        "12": 0.06203945811291253,
        "13": 0.05696304254718729,
        "14": 0.06911024101229118,
        "15": 0.0705739862662995,
        "16": 0.07166325831636301,
        "17": 0.05953089434505241,
        "18": 0.06449162372045503,
        "19": 0.06513094003545816,
        "20": 0.050453590014994054
    },
    "fukui_radical": {
        "1": 0.058862870578752224,
        "2": 0.04739269473284467,
        "3": 0.03541938828005599,
        "4": 0.03235200694634495,
        "5": 0.053756112065434083,
        "6": 0.018837841434875782,
        "7": 0.047965535118541694,
        "8": 0.03152461337635543,
        "9": 0.035152527298207906,
        "10": 0.043639109694871184,
        "11": 0.01837556524067447,
        "12": 0.05471979736888169,
        "13": 0.04775878744288319,
        "14": 0.06781859635190385,
        "15": 0.07088761277190203,
        "16": 0.06921513366208107,
        "17": 0.06660489380171805,
        "18": 0.06980302172183689,
        "19": 0.06981166177590582,
        "20": 0.06010223033871146
    }
}