{
    "smiles": "O",
    "best_conformer_coordinates": [
        [
            0.0029862232184590526,
            0.3793523830482942,
            -6.244245675577952e-16
        ],
        [
            0.7706724173460693,
            -0.1957545995516014,
            -5.589509843163916e-15
        ],
        [
            -0.7736586405645278,
            -0.183597783496692,
            6.1986590282133805e-15
        ]
    ],
    "best_conformer_elements": [
        8,
        1,
        1
    ],
    "best_conformer_energy": -5.070544447812153,
    "ip": 18.29348033186983,
    "ip_corrected": 13.44748033186983,
    "ea": -6.671895119866801,
    "homo": -0.4463856243113112,
    "lumo": 0.08242727941930393,
    "charges": {
        "1": -0.5647120039007607,
        "2": 0.2823560019549841,
        "3": 0.282356001945775
    },
    "dipole": [
        -0.006866122373288583,
        -0.8722321568700828,
        8.828647557191744e-16
    ],
    "global_electrophilicity": 0.018642314720935724,
    "global_nucleophilicity": -13.44748033186983,
    "fukui_electrophilicity": {
        "1": 0.22778779275766925,
        "2": 0.38610610317020877,
        "3": 0.3861061040721223
    },
    "fukui_nucleophilicity": {
        "1": 0.597370359719097,
        "2": 0.20131482011170299,
        "3": 0.20131482016920277
    },
    "fukui_radical": {
        "1": 0.41257907623838314,
        "2": 0.2937104616409559,
        "3": 0.29371046212066254
    }
}