{"smiles": "O=C(O)/C=C/c1ccccc1", "ip": 13.58030778717445, "ip_corrected": 8.73430778717445, "ea": 5.31027132756048, "homo": -0.4018211798771825, "lumo": -0.2916817074441645, "charges": {"1": -0.42458241406029007, "2": 0.35555977341464046, "3": -0.38542813906413415, "4": -0.07120893103794608, "5": -0.010436874609433405, "6": 0.01730294809578206, "7": -0.027992884665279057, "8": -0.027152567642687912, "9": -0.02441429496109631, "10": -0.027000905751649915, "11": -0.028384734292144692, "12": 0.324613900241933, "13": 0.06359276226298348, "14": 0.06996670240966425, "15": 0.041541515943109626, "16": 0.037229667070937465, "17": 0.03753593007030343, "18": 0.03758489535823177, "19": 0.041673651217072706}, "dipole": [-0.67522192507697, -0.5549687399391003, 0.4031013258733582], "global_electrophilicity": 1.2789220782647441, "global_nucleophilicity": -8.73430778717445, "fukui_electrophilicity": {"1": 0.1226484684521808, "2": 0.043195583050748, "3": 0.0626073470983885, "4": 0.05124648223707494, "5": 0.05809634489487238, "6": 0.03269980458466436, "7": 0.028024799687605913, "8": 0.02071171362663496, "9": 0.05102697497784305, "10": 0.02176552936030688, "11": 0.029390339160243945, "12": 0.04626009944932469, "13": 0.07224725807863447, "14": 0.06722437276624965, "15": 0.04672269241384539, "16": 0.06120191554258826, "17": 0.06945982015366609, "18": 0.06232430416390755, "19": 0.053146150301210414}, "fukui_nucleophilicity": {"1": 0.12872261724274592, "2": 0.012751448509442376, "3": 0.05873510446012814, "4": 0.06738160795585825, "5": 0.02377074893284052, "6": 0.05556829006070575, "7": 0.027007581657004683, "8": 0.028013285348065194, "9": 0.06066657497018469, "10": 0.028903989081477455, "11": 0.029023302845726434, "12": 0.04085596638421296, "13": 0.06625999021631, "14": 0.055150599232519845, "15": 0.051741994694008094, "16": 0.06555370823957771, "17": 0.07438238307039877, "18": 0.06679762409461734, "19": 0.05871318300770296}, "boltzmann_weights": [0.19696479573892728, 0.19694223782213816, 0.19696477425073444, 0.1969421661457339, 0.05304857905764183, 0.05304808158350846, 0.053040790989539316, 0.05304857441177669], "best_conformer_elements": [8, 6, 8, 6, 6, 6, 6, 6, 6, 6, 6, 1, 1, 1, 1, 1, 1, 1, 1], "best_conformer_coordinates": [[-3.7214081638686243, -1.3176397315033688, -0.10929850778597588], [-3.3668092603241933, -0.1723858497250044, -0.25273975490097805], [-4.245863361519169, 0.8281203355173024, -0.45176764119046303], [-1.9849369750702466, 0.3116376263883483, -0.236976880583726], [-0.9691670976708594, -0.5420302250817373, -0.05072526603335431], [0.4449076978865282, -0.23233371642299702, -0.007861419840681822], [0.9436530901961347, 1.0644217120110016, -0.1624229541445884], [2.3021841730755552, 1.30583014224715, -0.11325933898944668], [3.19227650207074, 0.2626159306325942, 0.09057681848781299], [2.713823278274888, -1.0284733768000869, 0.24561524968190646], [1.3555605896297038, -1.273518861700287, 0.19704365832228068], [-5.149550748069294, 0.4772620653079743, -0.4571231501589595], [-1.8642326199196935, 1.3728648535018175, -0.38282549256746756], [-1.2289212699879, -1.5859917813238666, 0.08384503911785005], [0.2632967218732432, 1.8862020923230636, -0.3216205935418799], [2.67284462994999, 2.3131725072226947, -0.2343288757928243], [4.253986991965318, 0.4560392875810831, 0.12830721735966563], [3.4032082015860223, -1.844537317516427, 0.40467437433646813], [0.9851476146301059, -2.2812556979509733, 0.3182482750688657]], "best_conformer_energy": -31.455137340278775, "fukui_radical": {"1": 0.1256720403795184, "2": 0.027974537904162267, "3": 0.06067318761000326, "4": 0.05931493526475123, "5": 0.040933941093243054, "6": 0.04413368902849256, "7": 0.027525642756209556, "8": 0.02436270949101857, "9": 0.055848136417551306, "10": 0.025338259302648276, "11": 0.029203602525437897, "12": 0.04355947038025529, "13": 0.06925853535115978, "14": 0.061175899445307234, "15": 0.049238960510556665, "16": 0.06337790010141808, "17": 0.07192322747599277, "18": 0.06456089206270245, "19": 0.05592443290135462}}