{
    "smiles": "O=C(O)C=CC(=O)O",
    "best_conformer_coordinates": [
        [
            -1.8378882128897114,
            -0.2251713265950838,
            1.850471666685945
        ],
        [
            -1.8138349075884328,
            -0.23648661355636535,
            0.6473763285768457
        ],
        [
            -2.910033091639461,
            -0.39258632101342616,
            -0.10240819770205478
        ],
        [
            -0.602230131788338,
            -0.08406197176032906,
            -0.1876235783617775
        ],
        [
            0.6024214450079529,
            0.08409358278270543,
            0.3559119947478144
        ],
        [
            1.8137502126651046,
            0.23647687450817442,
            -0.4794365649981658
        ],
        [
            1.8373075060151982,
            0.2250959847819001,
            -1.6825644682857903
        ],
        [
            2.9102426545970848,
            0.3926086870021212,
            0.26988906213268304
        ],
        [
            -3.6966592792043964,
            -0.49133642414430406,
            0.4571264467795262
        ],
        [
            -0.7404614277654682,
            -0.11554859418027492,
            -1.2585505358489748
        ],
        [
            0.7407721291875143,
            0.11559614323597098,
            1.4268351726143238
        ],
        [
            3.6966131086947445,
            0.49131997364713087,
            -0.29001102635832904
        ]
    ],
    "best_conformer_elements": [
        8,
        6,
        8,
        6,
        6,
        6,
        8,
        8,
        1,
        1,
        1,
        1
    ],
    "best_conformer_energy": -26.853197725156264,
    "ip": 14.871869768309164,
    "ip_corrected": 10.025869768309164,
    "ea": 5.651747365302281,
    "homo": -0.43452232440343064,
    "lumo": -0.32297939750690885,
    "charges": {
        "1": -0.3950529442575222,
        "2": 0.36265643293024585,
        "3": -0.3650571394788001,
        "4": -0.03823359096982226,
        "5": -0.03823112842562361,
        "6": 0.36265308225899595,
        "7": -0.395081648282712,
        "8": -0.3650476228307795,
        "9": 0.3341550988566657,
        "10": 0.1015483327277187,
        "11": 0.1015297329230721,
        "12": 0.33416139454857025
    },
    "dipole": [
        0.00022335105047297863,
        2.7523359279282087e-05,
        -0.00011324041087497298
    ],
    "global_electrophilicity": 1.590596152103186,
    "global_nucleophilicity": -10.025869768309164,
    "fukui_electrophilicity": {
        "1": 0.15051920431085625,
        "2": 0.05114426316651788,
        "3": 0.07691296180894003,
        "4": 0.07219028887227778,
        "5": 0.07218749416771027,
        "6": 0.05114280617869427,
        "7": 0.15051074007197274,
        "8": 0.0769199569407924,
        "9": 0.0567600152524706,
        "10": 0.0924701411261972,
        "11": 0.09248397655018306,
        "12": 0.056758151553391756
    },
    "fukui_nucleophilicity": {
        "1": 0.19478653867427487,
        "2": 0.02868052358080181,
        "3": 0.09307345541200551,
        "4": 0.03932942341665857,
        "5": 0.03933412365080011,
        "6": 0.028685510143337534,
        "7": 0.19476235038519868,
        "8": 0.09307408215909974,
        "9": 0.054010116191719415,
        "10": 0.09011969037317567,
        "11": 0.09013557776889272,
        "12": 0.054008608305387396
    },
    "fukui_radical": {
        "1": 0.17265287149256556,
        "2": 0.039912393373659844,
        "3": 0.08499320861047277,
        "4": 0.05575985614446818,
        "5": 0.05576080890925519,
        "6": 0.0399141581610159,
        "7": 0.1726365452285857,
        "8": 0.08499701954994607,
        "9": 0.055385065722095006,
        "10": 0.09129491574968644,
        "11": 0.09130977715953789,
        "12": 0.055383379929389576
    }
}