{
    "smiles": "O=C(O)/C=C\\Br",
    "ip": 14.572199041084968,
    "ip_corrected": 9.726199041084968,
    "ea": 4.980164355822214,
    "homo": -0.4147914364938123,
    "lumo": -0.30426756559553064,
    "charges": {
        "1": -0.39012775738811506,
        "2": 0.36613977577830703,
        "3": -0.3795164124270602,
        "4": -0.06939436973364545,
        "5": 0.05800384571914724,
        "6": -0.0809694303404806,
        "7": 0.3314802796542581,
        "8": 0.08212590578227018,
        "9": 0.08225816295531663
    },
    "dipole": [
        0.018357377874787986,
        -1.428626222718567,
        0.7035683951241093
    ],
    "global_electrophilicity": 1.2670247959544834,
    "global_nucleophilicity": -9.726199041084968,
    "fukui_electrophilicity": {
        "1": 0.17238175750195678,
        "2": 0.06800750690780782,
        "3": 0.09257055502344796,
        "4": 0.06504590267602074,
        "5": 0.08461466203585963,
        "6": 0.21315568031913096,
        "7": 0.06300986618599891,
        "8": 0.11723441986608442,
        "9": 0.12397964948367343
    },
    "fukui_nucleophilicity": {
        "1": 0.18244751253830543,
        "2": 0.01980045321902213,
        "3": 0.10374134295796972,
        "4": 0.04908933270462568,
        "5": 0.011955560652848266,
        "6": 0.3493939929576179,
        "7": 0.05504983044373152,
        "8": 0.10386132965495444,
        "9": 0.12466064487232648
    },
    "boltzmann_weights": [
        0.8060819026927798,
        0.19391809730722007
    ],
    "best_conformer_elements": [
        8,
        6,
        8,
        6,
        6,
        35,
        1,
        1,
        1
    ],
    "best_conformer_coordinates": [
        [
            1.356357242047597,
            0.8133311465353317,
            0.696453530104695
        ],
        [
            0.911247872228563,
            -0.08342548820475497,
            0.029493107488318078
        ],
        [
            1.6863380340913956,
            -1.0161119776774055,
            -0.5452279212796857
        ],
        [
            -0.5104224821306961,
            -0.3209829798138503,
            -0.27246717353445193
        ],
        [
            -1.5079102422065722,
            0.44350937933474577,
            0.16381118996591676
        ],
        [
            -1.302391907508273,
            1.9581848291206492,
            1.2378526868944697
        ],
        [
            2.619522972930359,
            -0.8499868610850064,
            -0.33992671044450834
        ],
        [
            -0.7133500000709518,
            -1.1817767408723723,
            -0.8911239097948945
        ],
        [
            -2.5393914946731937,
            0.23725869266268929,
            -0.07886479410810836
        ]
    ],
    "best_conformer_energy": -20.140588100878173,
    "fukui_radical": {
        "1": 0.177415222059125,
        "2": 0.04390404057093858,
        "3": 0.09815587138004345,
        "4": 0.057067527558244034,
        "5": 0.048285221940191594,
        "6": 0.2812741395768492,
        "7": 0.0590300568792545,
        "8": 0.11054794044247071,
        "9": 0.12431997959359167
    }
}