{
    "smiles": "O=C(O)c1ccccc1Cl",
    "best_conformer_coordinates": [
        [
            2.7318796467078115,
            0.9671814313091099,
            0.6567840108235549
        ],
        [
            2.0699773173624845,
            0.09596980760248666,
            0.15627994712539858
        ],
        [
            2.636604680359521,
            -1.0178522821179263,
            -0.3419254143755631
        ],
        [
            0.5935438289662024,
            0.08602619554519352,
            0.018062988118630444
        ],
        [
            -0.0592002940215188,
            -1.1147878725871343,
            -0.26735646689499387
        ],
        [
            -1.4328826514290516,
            -1.1673343184568352,
            -0.3841075316550943
        ],
        [
            -2.182822654319984,
            -0.01219161380187069,
            -0.22046536616144846
        ],
        [
            -1.5570539835583979,
            1.1882709023446538,
            0.05696316272024862
        ],
        [
            -0.17477450723502486,
            1.2438735154060467,
            0.1799971301622627
        ],
        [
            0.550971401609143,
            2.765151523110792,
            0.5090149363656267
        ],
        [
            3.5979625559239294,
            -0.9697271964190199,
            -0.22281929766026767
        ],
        [
            0.5343127724630351,
            -2.0066936300346607,
            -0.3909249628012174
        ],
        [
            -1.9199834506102904,
            -2.1052598514855685,
            -0.6017448664306567
        ],
        [
            -3.2580686635563514,
            -0.0455899363675644,
            -0.31012373153926226
        ],
        [
            -2.1304659933695427,
            2.0929633206605347,
            0.1817625452764898
        ]
    ],
    "best_conformer_elements": [
        8,
        6,
        8,
        6,
        6,
        6,
        6,
        6,
        6,
        17,
        1,
        1,
        1,
        1,
        1
    ],
    "best_conformer_energy": -30.220073248291232,
    "ip": 13.756912194411315,
    "ip_corrected": 8.910912194411315,
    "ea": 4.99215909645867,
    "homo": -0.40612850111643983,
    "lumo": -0.285440850910488,
    "charges": {
        "1": -0.40211513291795076,
        "2": 0.36090216820279203,
        "3": -0.382751819679648,
        "4": -0.02577995353424921,
        "5": -0.020509722156042673,
        "6": -0.030966032329232437,
        "7": -0.018871105056966347,
        "8": -0.03806628441020906,
        "9": 0.10767266420817663,
        "10": -0.12842457488123998,
        "11": 0.33056665378453515,
        "12": 0.0713973171521399,
        "13": 0.052710572217957816,
        "14": 0.05587203983906908,
        "15": 0.06836320956087244
    },
    "dipole": [
        -0.6218114227071768,
        -1.0809370847169721,
        -0.40281695221696584
    ],
    "global_electrophilicity": 1.1698923439592208,
    "global_nucleophilicity": -8.910912194411315,
    "fukui_electrophilicity": {
        "1": 0.1496603852032462,
        "2": 0.05624366865512076,
        "3": 0.07020627940708363,
        "4": 0.06091186677300027,
        "5": 0.035944024890510046,
        "6": 0.026322998642463846,
        "7": 0.06806197687028254,
        "8": 0.023396703199195366,
        "9": 0.03573250156261995,
        "10": 0.11986173872698988,
        "11": 0.05258366563955369,
        "12": 0.0685871177766877,
        "13": 0.07644813968062367,
        "14": 0.085133405771753,
        "15": 0.07090552720088157
    },
    "fukui_nucleophilicity": {
        "1": 0.12085015588328502,
        "2": 0.010383021485011856,
        "3": 0.06208124120973829,
        "4": 0.03623867420801029,
        "5": 0.028541321225823993,
        "6": 0.0477519868066414,
        "7": 0.025404427207937105,
        "8": 0.031132868766454123,
        "9": 0.01785113196700415,
        "10": 0.2955809041080796,
        "11": 0.0423312149416723,
        "12": 0.06865412080944905,
        "13": 0.073592757790534,
        "14": 0.07825110060770385,
        "15": 0.06135507298266801
    },
    "fukui_radical": {
        "1": 0.1352552705432656,
        "2": 0.03331334507006631,
        "3": 0.06614376030841096,
        "4": 0.04857527049050528,
        "5": 0.03224267305816702,
        "6": 0.037037492724552624,
        "7": 0.04673320203910982,
        "8": 0.027264785982824745,
        "9": 0.02679181676481205,
        "10": 0.20772132141753474,
        "11": 0.047457440290612996,
        "12": 0.06862061929306837,
        "13": 0.07502044873557882,
        "14": 0.08169225318972842,
        "15": 0.0661303000917748
    }
}