{
    "smiles": "O=C(O)/C=C\\c1ccccc1",
    "best_conformer_coordinates": [
        [
            1.8500829567327064,
            1.4121043828697133,
            -0.5218490054237351
        ],
        [
            2.5488328817117494,
            0.6051003542850408,
            0.03846403284041108
        ],
        [
            3.865577631841179,
            0.8288583643322198,
            0.23288200010109136
        ],
        [
            2.1781765944727796,
            -0.7216504001620532,
            0.5459157809557192
        ],
        [
            0.9466017770480831,
            -1.2411432578678108,
            0.6097751823293962
        ],
        [
            -0.3225631143845013,
            -0.5837682982840255,
            0.3212188165910242
        ],
        [
            -0.6133222967335047,
            0.7007980595485772,
            0.7756275783695784
        ],
        [
            -1.8381674721805719,
            1.2776424529444381,
            0.5002131168134681
        ],
        [
            -2.7875287769508725,
            0.5871880350576066,
            -0.23539309414141427
        ],
        [
            -2.514553702975708,
            -0.6964477883882464,
            -0.678883826809394
        ],
        [
            -1.2983239675773923,
            -1.2840748613778232,
            -0.3893413767753181
        ],
        [
            4.10982602856577,
            1.6934425863378124,
            -0.13147405183139063
        ],
        [
            3.0324432058885087,
            -1.3214532398712753,
            0.8264416492786237
        ],
        [
            0.8589089740771847,
            -2.283685464110081,
            0.8976124608568353
        ],
        [
            0.1178348141130461,
            1.2373945109345104,
            1.358962829438078
        ],
        [
            -2.0534077978427905,
            2.273049092750866,
            0.8593886747212836
        ],
        [
            -3.740374209488633,
            1.0449890199272287,
            -0.45670038434740307
        ],
        [
            -3.254362537945019,
            -1.2426494118686384,
            -1.2457645953639587
        ],
        [
            -1.0856810042474603,
            -2.285694121182429,
            -0.7358007747012757
        ]
    ],
    "best_conformer_elements": [
        8,
        6,
        8,
        6,
        6,
        6,
        6,
        6,
        6,
        6,
        6,
        1,
        1,
        1,
        1,
        1,
        1,
        1,
        1
    ],
    "best_conformer_energy": -31.44860032551,
    "ip": 13.396363571225873,
    "ip_corrected": 8.550363571225873,
    "ea": 4.990991751720305,
    "homo": -0.39544296008843355,
    "lumo": -0.28510268738001204,
    "charges": {
        "1": -0.4180073930553832,
        "2": 0.3596571306362062,
        "3": -0.3877815554692956,
        "4": -0.07241007122078781,
        "5": -0.005628687585199105,
        "6": 0.02217499384269106,
        "7": -0.016658158370137024,
        "8": -0.02455740341778844,
        "9": -0.025771562812201547,
        "10": -0.027809652083797175,
        "11": -0.03042443867564775,
        "12": 0.32369226504110926,
        "13": 0.06384977992122011,
        "14": 0.05492245614530833,
        "15": 0.04347869492057258,
        "16": 0.038239725313878516,
        "17": 0.03530645939068807,
        "18": 0.03454066442243206,
        "19": 0.03318675305613123
    },
    "dipole": [
        0.024400743184831628,
        -0.4319086019332112,
        0.31920581071857607
    ],
    "global_electrophilicity": 1.1244178992895522,
    "global_nucleophilicity": -8.550363571225873,
    "fukui_electrophilicity": {
        "1": 0.12082861867217082,
        "2": 0.049718341477097916,
        "3": 0.06815924720069783,
        "4": 0.05077602711865346,
        "5": 0.06884781009779252,
        "6": 0.024738083444338754,
        "7": 0.019468633135111824,
        "8": 0.01955624499136939,
        "9": 0.044793075618810636,
        "10": 0.021031729740818725,
        "11": 0.025329572189463863,
        "12": 0.0480844211882967,
        "13": 0.08467628107407772,
        "14": 0.0858755203935731,
        "15": 0.034513093426875356,
        "16": 0.05722616862795318,
        "17": 0.06573774784492335,
        "18": 0.06058010868781268,
        "19": 0.05005927507016919
    },
    "fukui_nucleophilicity": {
        "1": 0.1070430682927705,
        "2": 0.013497068687986391,
        "3": 0.06385349264213824,
        "4": 0.04999673524806522,
        "5": 0.014761462932308178,
        "6": 0.05454995132946004,
        "7": 0.028902719671611718,
        "8": 0.024768293825532646,
        "9": 0.056980137389876485,
        "10": 0.03420761992062089,
        "11": 0.024490335151392227,
        "12": 0.040005601453147355,
        "13": 0.07531421787347402,
        "14": 0.0881759338876355,
        "15": 0.05313820364231978,
        "16": 0.06453657273533839,
        "17": 0.07526125821634727,
        "18": 0.07022382487052846,
        "19": 0.060293502302943704
    },
    "fukui_radical": {
        "1": 0.11393584348247066,
        "2": 0.031607705082542153,
        "3": 0.06600636992141803,
        "4": 0.05038638118335934,
        "5": 0.04180463651505035,
        "6": 0.0396440173868994,
        "7": 0.02418567640336177,
        "8": 0.022162269408451018,
        "9": 0.05088660650434356,
        "10": 0.027619674830719806,
        "11": 0.024909953670428045,
        "12": 0.04404501132072203,
        "13": 0.07999524947377587,
        "14": 0.0870257271406043,
        "15": 0.04382564853459757,
        "16": 0.060881370681645786,
        "17": 0.07049950303063532,
        "18": 0.06540196677917057,
        "19": 0.05517638868655644
    }
}