{
    "smiles": "O=C(O)/C=C\\C(=O)O",
    "best_conformer_coordinates": [
        [
            -1.7900369030581171,
            -0.16885373415469282,
            -1.6165884585402224
        ],
        [
            -1.509416231681988,
            -0.06005875096445003,
            -0.4563139492544898
        ],
        [
            -1.9773476824265641,
            0.897969625435421,
            0.3419222088835717
        ],
        [
            -0.6619162505516396,
            -1.0426614745755227,
            0.2923086140087185
        ],
        [
            0.6391708665325528,
            -0.8560661437209448,
            0.4799772861326102
        ],
        [
            1.2990486979409024,
            0.36897547185162294,
            -0.01799168667938036
        ],
        [
            0.739847226175535,
            1.2747629748651779,
            -0.5813780474500955
        ],
        [
            2.6130680534476607,
            0.3653718121226172,
            0.2292678978694813
        ],
        [
            -2.4793356639768724,
            1.5495299943333272,
            -0.17369079814631477
        ],
        [
            -1.1696315586541846,
            -1.9345781702957054,
            0.6293231753456138
        ],
        [
            1.2717232532454585,
            -1.5694075359503608,
            0.9849094381115371
        ],
        [
            3.024826187715419,
            1.1750159310532227,
            -0.11174568028104492
        ]
    ],
    "best_conformer_elements": [
        8,
        6,
        8,
        6,
        6,
        6,
        8,
        8,
        1,
        1,
        1,
        1
    ],
    "best_conformer_energy": -26.849154441030148,
    "ip": 14.729389030811289,
    "ip_corrected": 9.883389030811289,
    "ea": 4.718422931019469,
    "homo": -0.426328857330241,
    "lumo": -0.2994598491302189,
    "charges": {
        "1": -0.38720534745557733,
        "2": 0.379500579438952,
        "3": -0.360700278064129,
        "4": -0.028999102611930824,
        "5": -0.05040180809230835,
        "6": 0.36522779770387886,
        "7": -0.4023410271715705,
        "8": -0.3673315421428074,
        "9": 0.3401235822488905,
        "10": 0.09353593510482608,
        "11": 0.08467591817438178,
        "12": 0.3339152928674068
    },
    "dipole": [
        0.4602747873144559,
        -0.09945597467721522,
        0.9353235094505108
    ],
    "global_electrophilicity": 1.1883951319715702,
    "global_nucleophilicity": -9.883389030811289,
    "fukui_electrophilicity": {
        "1": 0.09926428041308283,
        "2": 0.012714950906940636,
        "3": 0.03928196275479662,
        "4": 0.11157881554612649,
        "5": 0.06534532858349848,
        "6": 0.07331613797837111,
        "7": 0.16831695179488104,
        "8": 0.09181847849256897,
        "9": 0.05174585135622872,
        "10": 0.11446410261926035,
        "11": 0.10920872243342586,
        "12": 0.06294441712082882
    },
    "fukui_nucleophilicity": {
        "1": 0.20511544873412557,
        "2": 0.018236827195638683,
        "3": 0.08509072639417453,
        "4": 0.037212144113399584,
        "5": 0.04055969678901278,
        "6": 0.025620162121237855,
        "7": 0.15929880666223828,
        "8": 0.08782138963139058,
        "9": 0.053702176220540465,
        "10": 0.11052263028226311,
        "11": 0.12625523928641677,
        "12": 0.050564752574315364
    },
    "fukui_radical": {
        "1": 0.1521898645736042,
        "2": 0.01547588905128966,
        "3": 0.062186344574485575,
        "4": 0.07439547982976304,
        "5": 0.05295251268625563,
        "6": 0.04946815004980448,
        "7": 0.16380787922855966,
        "8": 0.08981993406197977,
        "9": 0.052724013788384594,
        "10": 0.11249336645076173,
        "11": 0.11773198085992131,
        "12": 0.05675458484757209
    }
}