{
    "smiles": "O=C([O-])C=CC(=O)[O-]",
    "best_conformer_coordinates": [
        [
            -2.0231059256049226,
            0.7733882611970968,
            -1.3993885233678183
        ],
        [
            -1.955637697978463,
            0.30072694399780486,
            -0.24345606015188997
        ],
        [
            -2.9288524510183844,
            0.09255991919697618,
            0.5236063591413043
        ],
        [
            -0.5816924143868115,
            -0.06671854027341147,
            0.31524789098968187
        ],
        [
            0.5814894413214954,
            0.06658009378974475,
            -0.31484891525130665
        ],
        [
            1.9557432700844373,
            -0.3006822537484435,
            0.2433177788908296
        ],
        [
            2.0237613927528626,
            -0.7733643185943467,
            1.3991876206644598
        ],
        [
            2.9286564425278434,
            -0.09236110904876073,
            -0.5240812737609717
        ],
        [
            -0.5953587421690392,
            -0.4718388460956049,
            1.3244060464412557
        ],
        [
            0.594996684470965,
            0.4717098548707203,
            -1.323990928887306
        ]
    ],
    "best_conformer_elements": [
        8,
        6,
        8,
        6,
        6,
        6,
        8,
        8,
        1,
        1
    ],
    "best_conformer_energy": -26.175002436952155,
    "ip": 16.543659766153148,
    "ip_corrected": 11.697659766153148,
    "ea": 9.874126386608735,
    "homo": -0.49588209534790495,
    "lumo": -0.47249558868011243,
    "charges": {
        "1": -0.3064089409293981,
        "2": 0.40920177084932546,
        "3": -0.27758566741987345,
        "4": 0.014991530803310171,
        "5": 0.014983096917314448,
        "6": 0.40920377361171395,
        "7": -0.30636007311170027,
        "8": -0.2776077302408601,
        "9": 0.15978114255392928,
        "10": 0.15980109698704778
    },
    "dipole": [
        -0.0002467281068236407,
        -0.00020060065368338498,
        0.0005628886042197082
    ],
    "global_electrophilicity": 5.243093978769297,
    "global_nucleophilicity": -11.697659766153148,
    "fukui_electrophilicity": {
        "1": 0.16311429153362672,
        "2": 0.025076981943967958,
        "3": 0.18351411732613843,
        "4": 0.047181043488809485,
        "5": 0.04718004946354043,
        "6": 0.025077063834569535,
        "7": 0.16313757315832395,
        "8": 0.18349977600811274,
        "9": 0.08111640181204069,
        "10": 0.08110270144874739
    },
    "fukui_nucleophilicity": {
        "1": 0.2013506973752119,
        "2": 0.017702999120187746,
        "3": 0.1896857432534682,
        "4": 0.028862194000064886,
        "5": 0.028845538597794387,
        "6": 0.017703560211971447,
        "7": 0.2013589245297707,
        "8": 0.1897091816848487,
        "9": 0.0623984398868718,
        "10": 0.062382721597173285
    },
    "fukui_radical": {
        "1": 0.1822324944544193,
        "2": 0.02138999053207785,
        "3": 0.18659993028980332,
        "4": 0.038021618744437186,
        "5": 0.03801279403066741,
        "6": 0.02139031202327049,
        "7": 0.18224824884404733,
        "8": 0.18660447884648074,
        "9": 0.07175742084945624,
        "10": 0.07174271152296033
    }
}