{
    "smiles": "O=C1C=CC(=O)N1c1ccc(Br)cc1",
    "best_conformer_coordinates": [
        [
            1.5590606659486328,
            1.993507902475938,
            -1.0772488512944576
        ],
        [
            1.8890676813272076,
            1.02982128937713,
            -0.43981114897083845
        ],
        [
            3.2831785423431468,
            0.6660294275631119,
            -0.062484592773245376
        ],
        [
            3.2571794453229064,
            -0.4596778468989914,
            0.6378165343177568
        ],
        [
            1.843944058711925,
            -0.9115970242591002,
            0.7679124369839325
        ],
        [
            1.4681882844976795,
            -1.897386137554873,
            1.3431645334825717
        ],
        [
            1.0603298409304065,
            0.03371888046918885,
            0.09310761401926522
        ],
        [
            -0.35485769228527925,
            -0.011133394006692311,
            -0.03125477716830952
        ],
        [
            -1.0386726434567375,
            0.9855371520999404,
            -0.7273819395288245
        ],
        [
            -2.414647450157298,
            0.9416193691639375,
            -0.8481059227495169
        ],
        [
            -3.1224535740724497,
            -0.09873676845633982,
            -0.2745324391058755
        ],
        [
            -5.0173760032084695,
            -0.1587983069411243,
            -0.44104955923907585
        ],
        [
            -2.461982097870468,
            -1.0959281105068839,
            0.4194064849550855
        ],
        [
            -1.0859817272930965,
            -1.052375669144249,
            0.5403613590504702
        ],
        [
            4.117854650740546,
            1.2757574643102334,
            -0.35344037579521503
        ],
        [
            4.064735602548158,
            -1.0176900338024648,
            1.0732943728264808
        ],
        [
            -0.5092244013642685,
            1.804163418865316,
            -1.1816718188055646
        ],
        [
            -2.9304593313026692,
            1.7193579871378883,
            -1.3894035680490078
        ],
        [
            -3.0143597372676147,
            -1.9075116953470124,
            0.8668287044042278
        ],
        [
            -0.5935241140922537,
            -1.838677909836768,
            1.0844929428566044
        ]
    ],
    "best_conformer_elements": [
        8,
        6,
        6,
        6,
        6,
        8,
        7,
        6,
        6,
        6,
        6,
        35,
        6,
        6,
        1,
        1,
        1,
        1,
        1,
        1
    ],
    "best_conformer_energy": -39.602635343515594,
    "ip": 13.415171449223715,
    "ip_corrected": 8.569171449223715,
    "ea": 6.521107701175127,
    "homo": -0.40088081150595195,
    "lumo": -0.3498496359847454,
    "charges": {
        "1": -0.34157283582982634,
        "2": 0.2858123331288338,
        "3": -0.048344744088162556,
        "4": -0.048351288402344775,
        "5": 0.2858065687015109,
        "6": -0.341586383139589,
        "7": -0.097541678582786,
        "8": 0.07284520918577506,
        "9": -0.04736884522831504,
        "10": -0.033425092838405515,
        "11": 0.08136527773962034,
        "12": -0.1617341432321021,
        "13": -0.03341371533657552,
        "14": -0.047387955527154794,
        "15": 0.09053505592109112,
        "16": 0.09056284088383802,
        "17": 0.08513888181850614,
        "18": 0.061734757103678935,
        "19": 0.0617640032381322,
        "20": 0.08516175448427504
    },
    "dipole": [
        1.944919575935147,
        0.061074983937779305,
        0.17126707138576588
    ],
    "global_electrophilicity": 1.9028192069771965,
    "global_nucleophilicity": -8.569171449223715,
    "fukui_electrophilicity": {
        "1": 0.16868492645705058,
        "2": 0.052552075882172145,
        "3": 0.06762181178303436,
        "4": 0.0676350479980583,
        "5": 0.05254441261008261,
        "6": 0.16866133006831763,
        "7": 0.03948002297356076,
        "8": -0.01461816750839122,
        "9": 0.006977769913876199,
        "10": 0.01113141729952178,
        "11": 0.019963221402475695,
        "12": 0.06907306776497568,
        "13": 0.011138002696849322,
        "14": 0.0069833415371423,
        "15": 0.09438666370289361,
        "16": 0.09439914859582829,
        "17": 0.006599321478765796,
        "18": 0.035094109595572825,
        "19": 0.035098553494321866,
        "20": 0.006593922253905898
    },
    "fukui_nucleophilicity": {
        "1": 0.07475154379508481,
        "2": 0.008662579716274155,
        "3": 0.02024708914955889,
        "4": 0.02025488537207179,
        "5": 0.008667299684000207,
        "6": 0.07475584324216727,
        "7": 0.0493622898930734,
        "8": 0.03903260723116736,
        "9": 0.02514832481521906,
        "10": 0.022453466895889174,
        "11": 0.032148920388702706,
        "12": 0.2585135848876776,
        "13": 0.022446161454504808,
        "14": 0.025157851884667036,
        "15": 0.04898243744077155,
        "16": 0.048981669101373596,
        "17": 0.05328562597780924,
        "18": 0.05692730092659453,
        "19": 0.05692601012618847,
        "20": 0.05329450801717414
    },
    "fukui_radical": {
        "1": 0.12171823512606769,
        "2": 0.03060732779922315,
        "3": 0.043934450466296626,
        "4": 0.04394496668506505,
        "5": 0.030605856147041408,
        "6": 0.12170858665524245,
        "7": 0.04442115643331708,
        "8": 0.01220721986138807,
        "9": 0.01606304736454763,
        "10": 0.016792442097705477,
        "11": 0.0260560708955892,
        "12": 0.16379332632632665,
        "13": 0.016792082075677065,
        "14": 0.016070596710904668,
        "15": 0.07168455057183258,
        "16": 0.07169040884860095,
        "17": 0.029942473728287518,
        "18": 0.046010705261083674,
        "19": 0.04601228181025517,
        "20": 0.02994421513554002
    }
}