{
    "smiles": "O=C1OC(=O)c2ccccc21",
    "best_conformer_coordinates": [
        [
            -2.6972347503236898,
            1.8042668966062088,
            -0.2082920191519026
        ],
        [
            -2.0592098948448543,
            0.807492819416028,
            -0.0754471385288541
        ],
        [
            -2.6380914570202965,
            -0.42901039461414314,
            0.1179306821454312
        ],
        [
            -1.683434310212796,
            -1.416121128840575,
            0.2427554028494455
        ],
        [
            -1.9590314324678384,
            -2.561625787576883,
            0.41646580749892015
        ],
        [
            -0.36322544666798817,
            -0.7588594457199793,
            0.11884585642120281
        ],
        [
            0.917859028110545,
            -1.2729428650550734,
            0.16750203963754864
        ],
        [
            1.9691574075661928,
            -0.37654598278058543,
            0.014137246366560694
        ],
        [
            1.7403027809194513,
            0.9798336576193648,
            -0.17997045045946797
        ],
        [
            0.45031745670260726,
            1.4954203017532877,
            -0.2286611268040705
        ],
        [
            -0.5933838082076465,
            0.6035882417366633,
            -0.07612423155044207
        ],
        [
            1.0864454863117257,
            -2.3272939416680836,
            0.3185812788678974
        ],
        [
            2.9846799978610616,
            -0.7412917436210579,
            0.04643564545369964
        ],
        [
            2.581667076003791,
            1.6463373315051357,
            -0.29524802181230103
        ],
        [
            0.2631818715615273,
            2.546752041239732,
            -0.3789109762254453
        ]
    ],
    "best_conformer_elements": [
        8,
        6,
        8,
        6,
        8,
        6,
        6,
        6,
        6,
        6,
        6,
        1,
        1,
        1,
        1
    ],
    "best_conformer_energy": -31.368657586141143,
    "ip": 14.846627235933772,
    "ip_corrected": 10.000627235933772,
    "ea": 6.302729214656532,
    "homo": -0.44641483495649686,
    "lumo": -0.33539117409855307,
    "charges": {
        "1": -0.31667313628263755,
        "2": 0.3559652627190169,
        "3": -0.24979446125459182,
        "4": 0.35595720764606525,
        "5": -0.31668703266629333,
        "6": -0.02334130944868614,
        "7": -0.009111907512877104,
        "8": -0.014994795364715832,
        "9": -0.015003935879473823,
        "10": -0.009090736628312113,
        "11": -0.02333931027042875,
        "12": 0.070927705642816,
        "13": 0.06212645194834213,
        "14": 0.06216525807408922,
        "15": 0.07089473927769623
    },
    "dipole": [
        2.3762354540442483,
        0.3865251980632475,
        -0.10624045492767545
    ],
    "global_electrophilicity": 1.9205375653620476,
    "global_nucleophilicity": -10.000627235933772,
    "fukui_electrophilicity": {
        "1": 0.16354161116705512,
        "2": 0.0471341750281159,
        "3": 0.07438971369542796,
        "4": 0.04713680510576107,
        "5": 0.16353362759833057,
        "6": 0.04847905496956629,
        "7": 0.02233741837115702,
        "8": 0.04036853129951456,
        "9": 0.0403657073941919,
        "10": 0.022342343055250916,
        "11": 0.0484887368744131,
        "12": 0.06500007806053812,
        "13": 0.07593577679221912,
        "14": 0.0759399567104469,
        "15": 0.06500646387801545
    },
    "fukui_nucleophilicity": {
        "1": 0.16572161729424567,
        "2": 0.019475956415515416,
        "3": 0.08873116059744968,
        "4": 0.01947645066378867,
        "5": 0.16572251730473847,
        "6": 0.04110192576039507,
        "7": 0.025100596167116476,
        "8": 0.030283466664788053,
        "9": 0.030291206027339534,
        "10": 0.0250938821510079,
        "11": 0.04109564087805524,
        "12": 0.08807148927346625,
        "13": 0.08589043996769374,
        "14": 0.0858442317291871,
        "15": 0.08809941918967572
    },
    "fukui_radical": {
        "1": 0.1646316142306504,
        "2": 0.03330506572181566,
        "3": 0.08156043714643882,
        "4": 0.03330662788477487,
        "5": 0.16462807245153452,
        "6": 0.04479049036498068,
        "7": 0.023719007269136748,
        "8": 0.0353259989821513,
        "9": 0.03532845671076572,
        "10": 0.023718112603129407,
        "11": 0.04479218887623417,
        "12": 0.07653578366700219,
        "13": 0.08091310837995642,
        "14": 0.080892094219817,
        "15": 0.07655294153384558
    }
}