{
    "smiles": "O=C1C=CC(=O)N1c1ccc(O)cc1",
    "ip": 13.117504695266044,
    "ip_corrected": 8.271504695266044,
    "ea": 6.1312602641840925,
    "homo": -0.3847386682068102,
    "lumo": -0.3372269510540394,
    "charges": {
        "1": -0.3471141542475621,
        "2": 0.2840442344497946,
        "3": -0.05033218012013871,
        "4": -0.05046215170809068,
        "5": 0.2839536371923768,
        "6": -0.3497912366131462,
        "7": -0.09622198628730083,
        "8": 0.060311312513123015,
        "9": -0.049050987159251984,
        "10": -0.06916356370488848,
        "11": 0.14532122520874088,
        "12": -0.3862988714807324,
        "13": -0.05224239436645902,
        "14": -0.048639006177368785,
        "15": 0.08610724876609906,
        "16": 0.08582113078646111,
        "17": 0.07693449943725779,
        "18": 0.035527748740820014,
        "19": 0.3018772053124933,
        "20": 0.05946619729491733,
        "21": 0.07995209216284282
    },
    "dipole": [
        -0.4026525039618667,
        -0.3793167276033074,
        -0.39780297496237066
    ],
    "global_electrophilicity": 1.634135431975387,
    "global_nucleophilicity": -8.271504695266044,
    "fukui_electrophilicity": {
        "1": 0.17192594625144986,
        "2": 0.05295855555350154,
        "3": 0.06927733735465756,
        "4": 0.0691488106740599,
        "5": 0.05312794893123124,
        "6": 0.17160122295265917,
        "7": 0.0429065608009194,
        "8": -0.01662875859966175,
        "9": 0.006706205847148157,
        "10": 0.01099920996394406,
        "11": 0.023054701132587757,
        "12": 0.03115333680962895,
        "13": 0.01220570059583622,
        "14": 0.006194087697627776,
        "15": 0.09666984284044618,
        "16": 0.09663301403499718,
        "17": 0.005475366621531932,
        "18": 0.03447581421926857,
        "19": 0.021447622929573806,
        "20": 0.03526488487046214,
        "21": 0.005402588518099299
    },
    "fukui_nucleophilicity": {
        "1": 0.07315314433753733,
        "2": 0.00857411701695876,
        "3": 0.021522738967971203,
        "4": 0.021353541620832583,
        "5": 0.008656720204953894,
        "6": 0.07237899422167832,
        "7": 0.05446981855413027,
        "8": 0.05443202372170778,
        "9": 0.029178598226760936,
        "10": 0.03206163889944813,
        "11": 0.050909837399433416,
        "12": 0.11215292423077566,
        "13": 0.03531899124739659,
        "14": 0.02623969142608225,
        "15": 0.050627607006185,
        "16": 0.050618445714228716,
        "17": 0.05687967909045087,
        "18": 0.06556223794836942,
        "19": 0.05264904255319591,
        "20": 0.06690274340605465,
        "21": 0.056357465098117815
    },
    "boltzmann_weights": [
        0.49994439521929523,
        0.5000556047807049
    ],
    "best_conformer_elements": [
        8,
        6,
        6,
        6,
        6,
        8,
        7,
        6,
        6,
        6,
        6,
        8,
        6,
        6,
        1,
        1,
        1,
        1,
        1,
        1,
        1
    ],
    "best_conformer_coordinates": [
        [
            2.1788413061523677,
            -0.47709517050072053,
            1.7620799847500166
        ],
        [
            2.2683930562104253,
            -0.058750241089275755,
            0.6374255770199161
        ],
        [
            3.5387299605121467,
            0.2938968193163823,
            -0.05944069957171319
        ],
        [
            3.2495007704975984,
            0.7185762009811133,
            -1.2810340683429362
        ],
        [
            1.7702698415909752,
            0.672406108455809,
            -1.4657855691816057
        ],
        [
            1.177756051282697,
            0.9915559106068438,
            -2.4626832964691916
        ],
        [
            1.234306796260304,
            0.19279539362540327,
            -0.2675106807882371
        ],
        [
            -0.15400710184457603,
            -0.008610154351670979,
            -0.008839352137352926
        ],
        [
            -0.5841392988919952,
            -0.4925936713509688,
            1.223640817616457
        ],
        [
            -1.929586358003972,
            -0.6869142111548778,
            1.4719570601355236
        ],
        [
            -2.8798959292424957,
            -0.4044304495437094,
            0.5000604356965447
        ],
        [
            -4.2105752711904705,
            -0.5817328069880683,
            0.7049642012328531
        ],
        [
            -2.452105875804608,
            0.0790418334866549,
            -0.7315143510843574
        ],
        [
            -1.1102206296362316,
            0.27448013290128576,
            -0.9836348935310901
        ],
        [
            4.490557250260408,
            0.1892951995665463,
            0.4265558146163713
        ],
        [
            3.9005076101126033,
            1.0557001125250425,
            -2.0656603433391125
        ],
        [
            0.12064418753639103,
            -0.7232687668402863,
            2.002313214559682
        ],
        [
            -2.2398777935750074,
            -1.063968861119701,
            2.4373544028854646
        ],
        [
            -4.363933961518097,
            -0.9194350791244916,
            1.5957866351758083
        ],
        [
            -3.18754569242523,
            0.29929245671975957,
            -1.4881370702254186
        ],
        [
            -0.8176189288669813,
            0.6497592280035182,
            -1.9478978296011848
        ]
    ],
    "best_conformer_energy": -40.09613605785328,
    "fukui_radical": {
        "1": 0.12200041205987636,
        "2": 0.030890492506212897,
        "3": 0.04525502227479689,
        "4": 0.04540003861910701,
        "5": 0.030771251357115184,
        "6": 0.12255377341078966,
        "7": 0.048687179305909684,
        "8": 0.018893428544945613,
        "9": 0.01794061843128858,
        "10": 0.021528446663292507,
        "11": 0.036984411246856294,
        "12": 0.07164149170873058,
        "13": 0.023757913274180927,
        "14": 0.016209118549630107,
        "15": 0.0736327807557788,
        "16": 0.07365417864289081,
        "17": 0.031168518193372727,
        "18": 0.05001759094998129,
        "19": 0.037051581778566545,
        "20": 0.051075745116590326,
        "21": 0.030886007058773063
    }
}