{
    "smiles": "O=C1C=CC(=O)N1Cc1ccccc1",
    "ip": 13.616168983179971,
    "ip_corrected": 8.770168983179971,
    "ea": 5.93945542623424,
    "homo": -0.40741895261977046,
    "lumo": -0.33328848651243487,
    "charges": {
        "1": -0.35477673096098705,
        "2": 0.2823422114381538,
        "3": -0.0524156653122224,
        "4": -0.05240083276198508,
        "5": 0.2823427357384914,
        "6": -0.35478029000455413,
        "7": -0.10468759820167345,
        "8": 0.0018427330983970258,
        "9": 0.004837920331271867,
        "10": -0.03512917001650813,
        "11": -0.02856889545693999,
        "12": -0.029502957103838295,
        "13": -0.02856617751917792,
        "14": -0.035124857447890144,
        "15": 0.08302096942695145,
        "16": 0.08300765910591688,
        "17": 0.06968217132316677,
        "18": 0.06966795599691966,
        "19": 0.04658029519370288,
        "20": 0.035899134734358976,
        "21": 0.034248464388638586,
        "22": 0.035930559896533126,
        "23": 0.04655036411326363
    },
    "dipole": [
        0.22249090938953683,
        0.30429584771612433,
        -0.13248656799104894
    ],
    "global_electrophilicity": 1.5841916884140623,
    "global_nucleophilicity": -8.770168983179971,
    "fukui_electrophilicity": {
        "1": 0.1696832615014523,
        "2": 0.04956047197838445,
        "3": 0.06777643733683959,
        "4": 0.06778984665768152,
        "5": 0.04956442898362168,
        "6": 0.16968587465362883,
        "7": 0.04982898879774056,
        "8": -0.022251450942172415,
        "9": -0.0049774023055818295,
        "10": 0.0015751570226243822,
        "11": 0.010847952672368377,
        "12": 0.01548656352763196,
        "13": 0.010870442710355574,
        "14": 0.001561687565153673,
        "15": 0.09546813673058241,
        "16": 0.09546560571719798,
        "17": 0.03276350925494777,
        "18": 0.032767398579546476,
        "19": 0.006699992127613234,
        "20": 0.029568885261331498,
        "21": 0.033987150018310694,
        "22": 0.029577946142942728,
        "23": 0.006699116007785048
    },
    "fukui_nucleophilicity": {
        "1": 0.09747178168212939,
        "2": 0.011764166560107814,
        "3": 0.021961726384159636,
        "4": 0.02194585046948018,
        "5": 0.011763605165454105,
        "6": 0.09747181631859353,
        "7": 0.03801948804352612,
        "8": -0.01589645294373839,
        "9": 0.04139185776185543,
        "10": 0.028231998162935104,
        "11": 0.034048565393006484,
        "12": 0.04399648546650445,
        "13": 0.03399127795782016,
        "14": 0.028295311642218983,
        "15": 0.057788421272138374,
        "16": 0.05779512185701814,
        "17": 0.04420490237704622,
        "18": 0.044195681317748675,
        "19": 0.05161699044557595,
        "20": 0.06425490415686787,
        "21": 0.06981786959164672,
        "22": 0.06421183518002142,
        "23": 0.05165679573781333
    },
    "boltzmann_weights": [
        0.25000001200828087,
        0.250000009528641,
        0.24999991953541628,
        0.2500000589276618
    ],
    "best_conformer_elements": [
        8,
        6,
        6,
        6,
        6,
        8,
        7,
        6,
        6,
        6,
        6,
        6,
        6,
        6,
        1,
        1,
        1,
        1,
        1,
        1,
        1,
        1,
        1
    ],
    "best_conformer_coordinates": [
        [
            -2.1497086361714275,
            1.6908535962169646,
            -1.0865835098629337
        ],
        [
            -2.273464965087076,
            0.6772214688315966,
            -0.4504009043695263
        ],
        [
            -3.285871905725522,
            0.34503063125928746,
            0.5973122644519542
        ],
        [
            -3.057378363583404,
            -0.8893405478138261,
            1.033845972124789
        ],
        [
            -1.8804180887518103,
            -1.4461523020131546,
            0.30053378272635384
        ],
        [
            -1.3684242672198856,
            -2.5297681046140066,
            0.4060571421462306
        ],
        [
            -1.4834394256762558,
            -0.4499887549024084,
            -0.5708502856047181
        ],
        [
            -0.3272165414175673,
            -0.5453509736751413,
            -1.445697436496594
        ],
        [
            0.9100997470322372,
            -0.06361833894056339,
            -0.7317340929149307
        ],
        [
            1.6733731242393923,
            -0.9494971762753809,
            0.01724926653371636
        ],
        [
            2.784599586495127,
            -0.4987334280102176,
            0.7078377424006649
        ],
        [
            3.137136757264014,
            0.8394547237193567,
            0.6582975476887494
        ],
        [
            2.373425445665899,
            1.7277481206244323,
            -0.08006330028287728
        ],
        [
            1.2617889244614704,
            1.2791844562753816,
            -0.7714318750527817
        ],
        [
            -4.047184490059694,
            1.0416614509613957,
            0.8948946790721356
        ],
        [
            -3.5848408117093586,
            -1.4560409675501174,
            1.7782113891326288
        ],
        [
            -0.5326272453848382,
            0.07099179491315682,
            -2.3241860966169066
        ],
        [
            -0.2243203394518457,
            -1.5938915954400832,
            -1.7351893756806913
        ],
        [
            1.390941516203905,
            -1.991146073515645,
            0.06143600365548237
        ],
        [
            3.3757212582661573,
            -1.1932594956186537,
            1.2862538528245806
        ],
        [
            4.005285220267937,
            1.1902721157397491,
            1.196625636131196
        ],
        [
            2.64334994611274,
            2.7727899518337478,
            -0.11719259700949027
        ],
        [
            0.6591735701051143,
            1.9715794321188964,
            -1.3408147349230772
        ]
    ],
    "best_conformer_energy": -39.18880999230372,
    "fukui_radical": {
        "1": 0.13356825572830858,
        "2": 0.030657212927751115,
        "3": 0.04487000420122244,
        "4": 0.044867585260622116,
        "5": 0.030656759705327608,
        "6": 0.133560452666114,
        "7": 0.04393527546044586,
        "8": -0.019077104011510266,
        "9": 0.018212821392185094,
        "10": 0.014913647405357448,
        "11": 0.022434846301124047,
        "12": 0.029745656792154115,
        "13": 0.022439015583559156,
        "14": 0.014916584909010957,
        "15": 0.07662636438351489,
        "16": 0.07662559802375664,
        "17": 0.03849678027267961,
        "18": 0.03849242083438161,
        "19": 0.02915482341412827,
        "20": 0.04690232152825326,
        "21": 0.0519113692273689,
        "22": 0.04690902383920587,
        "23": 0.029180284155023578
    }
}