{"smiles": "O=c1occo1", "ip": 15.522629261448525, "ip_corrected": 10.676629261448525, "ea": 3.0138083784164147, "homo": -0.4366848772398952, "lumo": -0.25275321919937377, "charges": {"1": -0.3722304258821402, "2": 0.4733074280529709, "3": -0.2160351270085218, "4": 0.06954212929163822, "5": 0.0695878987537432, "6": -0.21609014133910953, "7": 0.09595976974372772, "8": 0.09595846838768654}, "dipole": [-2.0113477614306423, -0.0143002022896269, -0.019957866722723212], "global_electrophilicity": 0.7816891565651943, "global_nucleophilicity": -10.676629261448525, "fukui_electrophilicity": {"1": 0.19494410772264553, "2": 0.05848191969689387, "3": 0.13023184128266296, "4": 0.10007378940143641, "5": 0.10009525744017647, "6": 0.13026628312958832, "7": 0.1429486155451649, "8": 0.142958185781425}, "fukui_nucleophilicity": {"1": 0.2537474389736227, "2": 0.005316942085452081, "3": 0.1607772792670324, "4": 0.08383299937157523, "5": 0.08381091328953731, "6": 0.16079811722128984, "7": 0.12585821088821247, "8": 0.12585809890328997}, "boltzmann_weights": [1.0], "best_conformer_elements": [8, 6, 8, 6, 6, 8, 1, 1], "best_conformer_coordinates": [[2.397396620003462, -0.029060887030462335, 0.7222491809677507], [1.2479369043104744, -0.015066313381042286, 0.43188427715073363], [0.4267199434616305, 1.0624691677027267, 0.49817383014800015], [-0.8071680480989277, 0.6569256871073429, 0.07864030504670118], [-0.7431073599086154, -0.6381747058554429, -0.23706600984012063], [0.5323329900284913, -1.074127103794292, -0.022681955129478376], [-1.5943631505812852, 1.3799591216634044, 0.06272918600647404], [-1.4597478886316797, -1.3429249558286878, -0.6010452991003811]], "best_conformer_energy": -19.646285717423396, "fukui_radical": {"1": 0.224345754358831, "2": 0.03189947489895212, "3": 0.14550457416645465, "4": 0.09195341229356561, "5": 0.09195305501538657, "6": 0.1455321851946288, "7": 0.13440340829164407, "8": 0.1344081357805419}}