{
    "smiles": "O=C1C(Cl)=C(Cl)C(=O)C(Cl)=C1Cl",
    "best_conformer_coordinates": [
        [
            0.3164446858097609,
            2.662518619676905,
            0.05376126514704062
        ],
        [
            0.17427048478531246,
            1.466256860856341,
            0.029605380019841886
        ],
        [
            1.3201991595840188,
            0.523015084913747,
            0.02429912482026325
        ],
        [
            2.8601194880243606,
            1.2517302932544754,
            0.05488225514898818
        ],
        [
            1.1606824783202792,
            -0.8182514111912869,
            -0.0027822673891475524
        ],
        [
            2.48671844171655,
            -1.8884695289074502,
            -0.008520581919764219
        ],
        [
            -0.1742171216576516,
            -1.4661911627951651,
            -0.02959866812545041
        ],
        [
            -0.31658469431683606,
            -2.6624331837355975,
            -0.053745745219066346
        ],
        [
            -1.3202263080853363,
            -0.5229321793534983,
            -0.02430013877417526
        ],
        [
            -2.8599269995256424,
            -1.2519583521946627,
            -0.054892767150790625
        ],
        [
            -1.1606806010120883,
            0.8182892874341465,
            0.00278097414332614
        ],
        [
            -2.486799008350994,
            1.888425672042023,
            0.008511158715379883
        ]
    ],
    "best_conformer_elements": [
        8,
        6,
        6,
        17,
        6,
        17,
        6,
        8,
        6,
        17,
        6,
        17
    ],
    "best_conformer_energy": -39.12255202737501,
    "ip": 14.045095310873872,
    "ip_corrected": 9.199095310873872,
    "ea": 8.030403885345239,
    "homo": -0.43370828377261356,
    "lumo": -0.38511429625574806,
    "charges": {
        "1": -0.2722826943553746,
        "2": 0.22785280790076543,
        "3": 0.05188419785062211,
        "4": -0.02959422856636444,
        "5": 0.05185404216491957,
        "6": -0.029687141888716143,
        "7": 0.22784035983059187,
        "8": -0.27229051716437813,
        "9": 0.05188052342519596,
        "10": -0.029577051980107367,
        "11": 0.05184077567065956,
        "12": -0.029721072887808987
    },
    "dipole": [
        0.0003974148273216276,
        1.7156150626476478e-05,
        -1.2231573746308311e-06
    ],
    "global_electrophilicity": 3.187009970533968,
    "global_nucleophilicity": -9.199095310873872,
    "fukui_electrophilicity": {
        "1": 0.14908794465594805,
        "2": 0.03936808419882268,
        "3": 0.02829795467519404,
        "4": 0.1275087290010083,
        "5": 0.02828362419055655,
        "6": 0.12748935564180153,
        "7": 0.03936616903311432,
        "8": 0.149085446757388,
        "9": 0.02828473288651734,
        "10": 0.1274887057464279,
        "11": 0.028272844640410272,
        "12": 0.12746640857280309
    },
    "fukui_nucleophilicity": {
        "1": 0.06433114198933709,
        "2": 0.006979615258559363,
        "3": 0.023421824229537647,
        "4": 0.19088867295387024,
        "5": 0.023425070241419085,
        "6": 0.19092370771992234,
        "7": 0.006978098393766896,
        "8": 0.06432860430120807,
        "9": 0.02342430139490362,
        "10": 0.1909058467837149,
        "11": 0.023429379383529528,
        "12": 0.19096373796686097
    },
    "fukui_radical": {
        "1": 0.10670954332264257,
        "2": 0.02317384972869102,
        "3": 0.025859889452365843,
        "4": 0.15919870097743927,
        "5": 0.025854347215987818,
        "6": 0.15920653168086193,
        "7": 0.02317213371344061,
        "8": 0.10670702552929803,
        "9": 0.02585451714071048,
        "10": 0.1591972762650714,
        "11": 0.0258511120119699,
        "12": 0.15921507326983203
    }
}