{"smiles": "O=C1C=CC(=O)N1CO", "ip": 14.668502382589681, "ip_corrected": 9.822502382589681, "ea": 6.121304949842511, "homo": -0.4349393325488767, "lumo": -0.34452591115788594, "charges": {"1": -0.36352928798653916, "2": 0.2885149430254203, "3": -0.050081650336098814, "4": -0.04844247943693019, "5": 0.28593275789920486, "6": -0.33952693258385, "7": -0.1333806355216767, "8": 0.15088141465198465, "9": -0.41861164824543456, "10": 0.08877796122347563, "11": 0.08966166693934344, "12": 0.08715443324328769, "13": 0.04105425933671209, "14": 0.32159519779110285}, "dipole": [0.9704804614433125, -0.422462279266668, -0.21252941407139225], "global_electrophilicity": 1.8011946102343663, "global_nucleophilicity": -9.822502382589681, "fukui_electrophilicity": {"1": 0.1854675755445353, "2": 0.055701745918215806, "3": 0.07346460479251385, "4": 0.07427362431606041, "5": 0.05429541312720948, "6": 0.1887169827983104, "7": 0.05636085465505439, "8": -0.02648068506837853, "9": 0.03134951931548191, "10": 0.1046434331520438, "11": 0.10470878056184932, "12": 0.04003280294460198, "13": 0.04738958157600607, "14": 0.010075766366497096}, "fukui_nucleophilicity": {"1": 0.14419973532083935, "2": 0.017660266455832463, "3": 0.0333627138152194, "4": 0.0368142958369932, "5": 0.021908559234026626, "6": 0.16126982965508435, "7": 0.06687291144793864, "8": -0.028034503612606093, "9": 0.11360045144432873, "10": 0.08627869864843728, "11": 0.08906542184807292, "12": 0.08752081898965257, "13": 0.12528600517707866, "14": 0.044194795739162074}, "boltzmann_weights": [0.4998391975570773, 0.4998391608596808, 0.0003216415832418913], "best_conformer_elements": [8, 6, 6, 6, 6, 8, 7, 6, 8, 1, 1, 1, 1, 1], "best_conformer_coordinates": [[0.044308263222841676, -2.117818612219681, -0.2455636415337544], [0.4837833015280694, -1.000912505897648, -0.13577763846778593], [1.8973598808797165, -0.551973138324496, 0.020298497669230482], [1.9114233090573722, 0.772622284239199, 0.1371009647767075], [0.5082109612059628, 1.28017287306593, 0.059335897673833245], [0.1051946595560813, 2.4088401639597556, 0.11967606983831945], [-0.2792349017360339, 0.1518317712666311, -0.1202924459127524], [-1.7330305319615573, 0.14140518372699912, -0.20878396939516553], [-2.3020543276970113, -0.6818421887379464, 0.743111932534678], [2.7173987918459273, -1.2452652374685516, 0.03327783684266754], [2.7476295152107397, 1.4339330715978695, 0.2666326545967685], [-2.073913367239473, 1.1628747343453838, -0.016511149141147635], [-2.011022186723743, -0.1611689406300764, -1.2316197876920378], [-2.016053372440555, -1.5926994536314367, 0.5791147887939723]], "best_conformer_energy": -28.369736951136485, "fukui_radical": {"1": 0.16485000116331558, "2": 0.03668121265181644, "3": 0.053416128386803215, "4": 0.05554485439777035, "5": 0.038103711277641256, "6": 0.1750083065457762, "7": 0.06162431577955932, "8": -0.0272536759291111, "9": 0.07245407925457972, "10": 0.09546315387035628, "11": 0.0968903692730571, "12": 0.0637563977580835, "13": 0.0863205839703826, "14": 0.0271405615999942}}