{
    "smiles": "O=C1OC(=O)C2C3C=CC(C3)C12",
    "best_conformer_coordinates": [
        [
            2.398858713868744,
            -2.1153697310227146,
            0.2486802184289469
        ],
        [
            1.9318708904477988,
            -1.0329240508349242,
            0.09673166393305581
        ],
        [
            2.4455880672971633,
            -0.13572528499282457,
            -0.8025695906323405
        ],
        [
            1.7463780944536909,
            1.0425923520053044,
            -0.8194992689812935
        ],
        [
            2.036347124214109,
            1.9408517448665503,
            -1.5419276000227502
        ],
        [
            0.6061482576610292,
            0.9672905832306509,
            0.1730202960351805
        ],
        [
            -0.7717662667898291,
            0.9149534202388423,
            -0.5509937214758205
        ],
        [
            -1.7889121697335015,
            0.8152091069861507,
            0.5605868599657595
        ],
        [
            -1.680789655951009,
            -0.39460126679854063,
            1.0946548033446832
        ],
        [
            -0.5894116327964596,
            -1.1254487908290876,
            0.3497363273617357
        ],
        [
            -0.7768710867356634,
            -0.5342984042256317,
            -1.053054651588596
        ],
        [
            0.7304865164242376,
            -0.4239543466250937,
            0.7871815735205687
        ],
        [
            0.6619807011159651,
            1.8058886818136484,
            0.8671046123560529
        ],
        [
            -0.9118376350904137,
            1.7082043717396929,
            -1.2791923021629943
        ],
        [
            -2.4256143228493388,
            1.624530988872492,
            0.8636563139331859
        ],
        [
            -2.208652561951319,
            -0.8031006616543761,
            1.9353280982746888
        ],
        [
            -0.5619783384388504,
            -2.206443894505092,
            0.4489187201170806
        ],
        [
            -1.7311145936253023,
            -0.8146191085041743,
            -1.4948695926560316
        ],
        [
            0.024628902432844466,
            -0.7710930499323896,
            -1.7517252727679342
        ],
        [
            0.8646610013378875,
            -0.46194265453670463,
            1.8682325236003658
        ]
    ],
    "best_conformer_elements": [
        8,
        6,
        8,
        6,
        8,
        6,
        6,
        6,
        6,
        6,
        6,
        6,
        1,
        1,
        1,
        1,
        1,
        1,
        1,
        1
    ],
    "best_conformer_energy": -35.55809097772506,
    "ip": 14.337118584293329,
    "ip_corrected": 9.491118584293329,
    "ea": 4.9708198924769995,
    "homo": -0.4226200486741298,
    "lumo": -0.29220974372900943,
    "charges": {
        "1": -0.32551345616655386,
        "2": 0.35740974002638115,
        "3": -0.2387808461962635,
        "4": 0.35740973959261685,
        "5": -0.3255134950709158,
        "6": -0.05235217940699409,
        "7": -0.011101945465599034,
        "8": -0.038662382723333055,
        "9": -0.03866097867523675,
        "10": -0.0111019902679457,
        "11": -0.05809126718972056,
        "12": -0.05235213878132182,
        "13": 0.0715044786948199,
        "14": 0.054510511759136675,
        "15": 0.04790333311652227,
        "16": 0.047903333244034806,
        "17": 0.05451045872711409,
        "18": 0.05257474606408944,
        "19": 0.03689984989196713,
        "20": 0.07150448882719984
    },
    "dipole": [
        -1.6432649636369343,
        0.28652165228560067,
        0.981740978691604
    ],
    "global_electrophilicity": 1.2340289882841229,
    "global_nucleophilicity": -9.491118584293329,
    "fukui_electrophilicity": {
        "1": 0.16800779058081766,
        "2": 0.06717400466530699,
        "3": 0.07574768033784696,
        "4": 0.06717770371740095,
        "5": 0.16800865647601065,
        "6": -0.004426157555608878,
        "7": -0.0001396755183300999,
        "8": 0.04026117134713715,
        "9": 0.04026274452331453,
        "10": -0.00013995632195299562,
        "11": -0.01136864198555066,
        "12": -0.004426141500777324,
        "13": 0.05955271781117185,
        "14": 0.042827414380894574,
        "15": 0.06349363077463048,
        "16": 0.06349354164668737,
        "17": 0.0428273871983849,
        "18": 0.04549301818042323,
        "19": 0.016620382018110124,
        "20": 0.05955272922407972
    },
    "fukui_nucleophilicity": {
        "1": 0.13299087684109717,
        "2": 0.011549399726635823,
        "3": 0.0704395498092586,
        "4": 0.011549176082758239,
        "5": 0.1329903012640527,
        "6": 0.011702464832878706,
        "7": 0.003589516240157173,
        "8": 0.062103076334703966,
        "9": 0.06210258310887277,
        "10": 0.003589498912264358,
        "11": -0.0034862719255444666,
        "12": 0.011702402761894729,
        "13": 0.053827124459509074,
        "14": 0.05811701892214085,
        "15": 0.08142996956235186,
        "16": 0.08142992764594667,
        "17": 0.05811703848822093,
        "18": 0.05048495267844761,
        "19": 0.05194418111973854,
        "20": 0.05382721313462416
    },
    "fukui_radical": {
        "1": 0.15049933371095742,
        "2": 0.039361702195971404,
        "3": 0.07309361507355278,
        "4": 0.039363439900079594,
        "5": 0.15049947887003168,
        "6": 0.003638153638634914,
        "7": 0.0017249203609135365,
        "8": 0.05118212384092056,
        "9": 0.05118266381609365,
        "10": 0.001724771295155681,
        "11": -0.007427456955547564,
        "12": 0.0036381306305587023,
        "13": 0.056689921135340465,
        "14": 0.05047221665151771,
        "15": 0.07246180016849117,
        "16": 0.07246173464631703,
        "17": 0.050472212843302916,
        "18": 0.047988985429435416,
        "19": 0.03428228156892433,
        "20": 0.056689971179351935
    }
}