{
    "smiles": "O=C1C=CC(=O)N1c1cccc(Cl)c1",
    "best_conformer_coordinates": [
        [
            -1.5270835335648765,
            -1.4087810377333305,
            1.7464852525353878
        ],
        [
            -1.8583286460298756,
            -0.5941337875514698,
            0.9280739998822097
        ],
        [
            -3.252264167599101,
            -0.13995188480595203,
            0.6625147441325422
        ],
        [
            -3.229942541932788,
            0.7639821746664305,
            -0.3070847127569496
        ],
        [
            -1.8200080231824047,
            0.9649645489421602,
            -0.7442549235818423
        ],
        [
            -1.4503878153301528,
            1.7167008279139344,
            -1.6059675548972387
        ],
        [
            -1.0344243667534603,
            0.11302141586123572,
            0.04235796015329814
        ],
        [
            0.3793133950034011,
            -0.01342321766185912,
            -0.045477048472958206
        ],
        [
            1.1073798946914113,
            0.7396664292585541,
            -0.9651745352744718
        ],
        [
            2.482118537811526,
            0.6074295551156962,
            -1.0406686874784032
        ],
        [
            3.165614124708306,
            -0.2658971010871872,
            -0.21509946880132397
        ],
        [
            2.4356075935181876,
            -1.010034333566771,
            0.6953350093301787
        ],
        [
            3.251379981334816,
            -2.112863279372835,
            1.745319377182179
        ],
        [
            1.059115814268015,
            -0.8963783563277302,
            0.7909658204860176
        ],
        [
            -4.083242544610416,
            -0.5352609946077383,
            1.2160605737293555
        ],
        [
            -4.037830815806575,
            1.3072499529782409,
            -0.7602840777333205
        ],
        [
            0.6126545049787007,
            1.429784805191595,
            -1.6247130277892237
        ],
        [
            3.0273600818719344,
            1.1994724091028806,
            -1.7594111626612245
        ],
        [
            4.237010902512146,
            -0.36941095822394,
            -0.2734493329767621
        ],
        [
            0.5359576188193295,
            -1.4961371839673867,
            1.514471805576078
        ]
    ],
    "best_conformer_elements": [
        8,
        6,
        6,
        6,
        6,
        8,
        7,
        6,
        6,
        6,
        6,
        6,
        17,
        6,
        1,
        1,
        1,
        1,
        1,
        1
    ],
    "best_conformer_energy": -40.07329436908504,
    "ip": 13.434930177180687,
    "ip_corrected": 8.588930177180687,
    "ea": 6.384655647389836,
    "homo": -0.4020464063250122,
    "lumo": -0.345451756518718,
    "charges": {
        "1": -0.3390906322437938,
        "2": 0.2854102135846278,
        "3": -0.04855088889983773,
        "4": -0.048784447291614484,
        "5": 0.28541876016779355,
        "6": -0.34212005581373633,
        "7": -0.09516807707175434,
        "8": 0.07646505244962767,
        "9": -0.05322396965801991,
        "10": -0.025724889863866424,
        "11": -0.04256145480647081,
        "12": 0.10160516020310849,
        "13": -0.16905842003251859,
        "14": -0.06019834289589164,
        "15": 0.0900830614780841,
        "16": 0.08970687518971988,
        "17": 0.08400172811249008,
        "18": 0.0551265931402231,
        "19": 0.0614704475430629,
        "20": 0.09519328670875694
    },
    "dipole": [
        -0.8815784600634908,
        0.4724150796726821,
        -0.36585491609132575
    ],
    "global_electrophilicity": 1.818510651617926,
    "global_nucleophilicity": -8.588930177180687,
    "fukui_electrophilicity": {
        "1": 0.1703050897396306,
        "2": 0.05267669365641919,
        "3": 0.06844017597302936,
        "4": 0.06820787190346225,
        "5": 0.0530908544609166,
        "6": 0.17047754926314668,
        "7": 0.04001452250857937,
        "8": -0.013800076785056778,
        "9": 0.005342664605815603,
        "10": 0.013317607051482584,
        "11": 0.01871570512221605,
        "12": 0.013398665458728531,
        "13": 0.058105775781032654,
        "14": 0.004347583141277894,
        "15": 0.09516860994136751,
        "16": 0.09523298740095673,
        "17": 0.005819771320702535,
        "18": 0.03577928437934769,
        "19": 0.038709434904161906,
        "20": 0.006649230172666429
    },
    "fukui_nucleophilicity": {
        "1": 0.07514650475499618,
        "2": 0.009837088309660236,
        "3": 0.01976909638843173,
        "4": 0.019966116681687164,
        "5": 0.009851776121556632,
        "6": 0.07701013283055269,
        "7": 0.0391981447851244,
        "8": 0.02846332013422173,
        "9": 0.04752496868062829,
        "10": 0.020082857793053258,
        "11": 0.03980302055791569,
        "12": 0.02162175192518824,
        "13": 0.25401447318100473,
        "14": 0.01326471219689647,
        "15": 0.049943109776098574,
        "16": 0.05051574638610877,
        "17": 0.05657358950152473,
        "18": 0.06314485531374661,
        "19": 0.05997366194291344,
        "20": 0.04429507318041072
    },
    "fukui_radical": {
        "1": 0.12272579724731339,
        "2": 0.031256890983039715,
        "3": 0.044104636180730544,
        "4": 0.04408699429257471,
        "5": 0.03147131529123662,
        "6": 0.12374384104684968,
        "7": 0.039606333646851885,
        "8": 0.007331621674582477,
        "9": 0.026433816643221947,
        "10": 0.01670023242226792,
        "11": 0.029259362840065868,
        "12": 0.017510208691958386,
        "13": 0.1560601244810187,
        "14": 0.008806147669087182,
        "15": 0.07255585985873304,
        "16": 0.07287436689353276,
        "17": 0.031196680411113634,
        "18": 0.04946206984654715,
        "19": 0.049341548423537676,
        "20": 0.025472151676538574
    }
}