{
    "smiles": "O=C1C=CC(=O)N1c1cccc(Cl)c1",
    "best_conformer_coordinates": [
        [
            -1.8155378816880103,
            1.8946679380011977,
            -0.8624820806276184
        ],
        [
            -1.9971104289455277,
            0.784007034610838,
            -0.44089125449833627
        ],
        [
            -3.3200352398091315,
            0.1203876078927479,
            -0.2708723348946977
        ],
        [
            -3.1280635053568204,
            -1.0970835797373664,
            0.21762422095344652
        ],
        [
            -1.6658246051281445,
            -1.3158272451782125,
            0.4016561585935322
        ],
        [
            -1.1512972662300962,
            -2.3147774244414885,
            0.8265449001289938
        ],
        [
            -1.0321580816050606,
            -0.13785338332958672,
            -0.01574529027989578
        ],
        [
            0.3718590749744037,
            0.08809464147369342,
            -0.009338390256808918
        ],
        [
            0.9015150313482793,
            1.3008200072404903,
            -0.44732244197202753
        ],
        [
            2.2689948768603156,
            1.50809992386139,
            -0.4360871629054525
        ],
        [
            3.1397739937597646,
            0.5290332159337664,
            0.0050504742277851485
        ],
        [
            2.6061161092603977,
            -0.6722381645531147,
            0.43829075010734786
        ],
        [
            3.6597138930289286,
            -1.9218325021511427,
            0.997423607703279
        ],
        [
            1.2413244045398697,
            -0.9049071425400507,
            0.4371537705763783
        ],
        [
            -4.233704045612617,
            0.6224004237879217,
            -0.5285648106212993
        ],
        [
            -3.842318692018616,
            -1.8591765634399329,
            0.46714601192904526
        ],
        [
            0.2575232539861946,
            2.0871893877250742,
            -0.7979010903629815
        ],
        [
            2.659015727901092,
            2.453898632717859,
            -0.7792232904697434
        ],
        [
            4.2056213232165245,
            0.6899660422968946,
            0.014052116644868403
        ],
        [
            0.8745920469346703,
            -1.8548688554627928,
            0.7834861307324055
        ]
    ],
    "best_conformer_elements": [
        8,
        6,
        6,
        6,
        6,
        8,
        7,
        6,
        6,
        6,
        6,
        6,
        17,
        6,
        1,
        1,
        1,
        1,
        1,
        1
    ],
    "best_conformer_energy": -40.073294369081275,
    "ip": 13.434930098250792,
    "ip_corrected": 8.588930098250792,
    "ea": 6.384655240975871,
    "homo": -0.4020463688233991,
    "lumo": -0.3454519047133355,
    "charges": {
        "1": -0.3421199307864029,
        "2": 0.2854188285049919,
        "3": -0.04878435288863825,
        "4": -0.04855085181612747,
        "5": 0.28541027440823263,
        "6": -0.3390906295516945,
        "7": -0.0951680950490229,
        "8": 0.07646506870758524,
        "9": -0.05322359169482839,
        "10": -0.02572486665208612,
        "11": -0.0425613885872032,
        "12": 0.10160471653397495,
        "13": -0.1690581925581722,
        "14": -0.060198334050366085,
        "15": 0.0897067798154273,
        "16": 0.09008298430400519,
        "17": 0.08400160275443495,
        "18": 0.055126457013520654,
        "19": 0.06147028067585215,
        "20": 0.09519324091651149
    },
    "dipole": [
        -0.9685449213478201,
        0.3864635481705009,
        -0.21625549512343015
    ],
    "global_electrophilicity": 1.8185103928516113,
    "global_nucleophilicity": -8.588930098250792,
    "fukui_electrophilicity": {
        "1": 0.17047617290488948,
        "2": 0.05309281055231191,
        "3": 0.0682073705962668,
        "4": 0.06843967211955493,
        "5": 0.05267767079602004,
        "6": 0.17030333484523513,
        "7": 0.040013419963883246,
        "8": -0.01379963951762074,
        "9": 0.005343066943362715,
        "10": 0.01331604376024987,
        "11": 0.01871488776349843,
        "12": 0.01339781820056482,
        "13": 0.05810615086832907,
        "14": 0.004347274650610501,
        "15": 0.09523389932832055,
        "16": 0.09516958334888018,
        "17": 0.00581997570339704,
        "18": 0.03577990933488379,
        "19": 0.03871092293800005,
        "20": 0.006649654899252899
    },
    "fukui_nucleophilicity": {
        "1": 0.07701007718608543,
        "2": 0.00985136677112114,
        "3": 0.01996645418297828,
        "4": 0.019769548814328207,
        "5": 0.009837645542967455,
        "6": 0.07514721623783027,
        "7": 0.039198583257282205,
        "8": 0.028463693414514685,
        "9": 0.04752415228534124,
        "10": 0.02008199935124179,
        "11": 0.039803063217306735,
        "12": 0.021621611395981497,
        "13": 0.25401361922194865,
        "14": 0.013265658454274736,
        "15": 0.05051447934102196,
        "16": 0.04994196773358103,
        "17": 0.05657375871300273,
        "18": 0.0631455455742149,
        "19": 0.05997427443855039,
        "20": 0.044295285309522675
    },
    "fukui_radical": {
        "1": 0.12374312504548746,
        "2": 0.031472088661716524,
        "3": 0.04408691238962254,
        "4": 0.04410461046694157,
        "5": 0.031257658169493746,
        "6": 0.1227252755415327,
        "7": 0.039606001610582725,
        "8": 0.007332026948446972,
        "9": 0.026433609614351976,
        "10": 0.01669902155574583,
        "11": 0.029258975490402583,
        "12": 0.01750971479827316,
        "13": 0.15605988504513885,
        "14": 0.008806466552442618,
        "15": 0.07287418933467125,
        "16": 0.0725557755412306,
        "17": 0.031196867208199884,
        "18": 0.04946272745454935,
        "19": 0.049342598688275216,
        "20": 0.025472470104387787
    }
}