{
    "smiles": "O=C1C=CC(=O)N1c1ccccc1Br",
    "ip": 13.623431713401216,
    "ip_corrected": 8.777431713401215,
    "ea": 6.270005044859184,
    "homo": -0.40821385735004484,
    "lumo": -0.3404057960685286,
    "charges": {
        "1": -0.34631054269104977,
        "2": 0.28748818615600885,
        "3": -0.04863254113648839,
        "4": -0.04788386121837926,
        "5": 0.2912505373554138,
        "6": -0.3394952365573541,
        "7": -0.10197167217755598,
        "8": 0.0756826678536206,
        "9": -0.03046198337692857,
        "10": -0.02530874078110682,
        "11": -0.025765871503561077,
        "12": -0.030629917368620717,
        "13": 0.07796666727232392,
        "14": -0.14572729787702282,
        "15": 0.08690836711872689,
        "16": 0.08802491568567257,
        "17": 0.05802788699355598,
        "18": 0.05541348269418416,
        "19": 0.05567977260498122,
        "20": 0.06574518095356512
    },
    "dipole": [
        -0.14146308384978365,
        0.9700985498621804,
        0.4723213664010661
    ],
    "global_electrophilicity": 1.7690614971723846,
    "global_nucleophilicity": -8.777431713401215,
    "fukui_electrophilicity": {
        "1": 0.1622485860325119,
        "2": 0.04674519330137597,
        "3": 0.06434814781584543,
        "4": 0.06530725330193324,
        "5": 0.04447782499813829,
        "6": 0.16218311319511242,
        "7": 0.04334309851120799,
        "8": -0.017298139936061024,
        "9": 0.009292512969469965,
        "10": 0.018274380809942023,
        "11": 0.01769246205154229,
        "12": 0.015399246303122636,
        "13": 0.011120353708560418,
        "14": 0.035001897530950565,
        "15": 0.09132597106791551,
        "16": 0.0914491951472404,
        "17": 0.01951719228255129,
        "18": 0.04139186313209972,
        "19": 0.04262382840661787,
        "20": 0.03555601936990857
    },
    "fukui_nucleophilicity": {
        "1": 0.10058548475011148,
        "2": 0.011985288305119635,
        "3": 0.021755926603807083,
        "4": 0.019915820700098036,
        "5": 0.008584896799764541,
        "6": 0.08806788580132374,
        "7": 0.03429783398969144,
        "8": 0.022769721918511565,
        "9": 0.013734488533322528,
        "10": 0.03817651652008879,
        "11": 0.03532091316705102,
        "12": 0.016033237560232373,
        "13": 0.023851201814777123,
        "14": 0.22515260857109223,
        "15": 0.06004707559881049,
        "16": 0.05858577488855614,
        "17": 0.048062596360133804,
        "18": 0.0616103798824228,
        "19": 0.061800857759127206,
        "20": 0.04966149050378299
    },
    "boltzmann_weights": [
        0.2500000231309178,
        0.24999996087089113,
        0.24999998087921094,
        0.25000003511898017
    ],
    "best_conformer_elements": [
        8,
        6,
        6,
        6,
        6,
        8,
        7,
        6,
        6,
        6,
        6,
        6,
        6,
        35,
        1,
        1,
        1,
        1,
        1,
        1
    ],
    "best_conformer_coordinates": [
        [
            -1.4568919749903773,
            -2.1627086461726086,
            0.6181004465134787
        ],
        [
            -1.8305029271691,
            -1.0700885806096174,
            0.2901221192605982
        ],
        [
            -3.222833232561436,
            -0.5543143639796493,
            0.14372817095369855
        ],
        [
            -3.1766564252514438,
            0.7077828678520934,
            -0.2711575831276689
        ],
        [
            -1.7509572648160558,
            1.1134741355175701,
            -0.4346166460051911
        ],
        [
            -1.2972870063687012,
            2.145062360059395,
            -0.8451911301310105
        ],
        [
            -1.0081894521450308,
            0.000305737748747631,
            -0.044319791001098494
        ],
        [
            0.40489765520199955,
            -0.03813199890360688,
            -0.017379806160023437
        ],
        [
            1.0958108848434347,
            -0.8814127296850223,
            -0.8764041975724992
        ],
        [
            2.478529427277784,
            -0.9136502781772834,
            -0.8556670225350981
        ],
        [
            3.179214738662517,
            -0.09623014896995741,
            0.015601314526884083
        ],
        [
            2.5007986668233633,
            0.7411222019169922,
            0.8834231218589624
        ],
        [
            1.116798223631042,
            0.7610741522027791,
            0.8722037834398375
        ],
        [
            0.18768234348373072,
            1.8570904592688076,
            2.1153865321887144
        ],
        [
            -4.077595184006024,
            -1.1672489705319888,
            0.3606770011138458
        ],
        [
            -3.9833000336883,
            1.3845695737092167,
            -0.48191139650932596
        ],
        [
            0.537075448858132,
            -1.5105731353558536,
            -1.551982408644824
        ],
        [
            3.00776866144022,
            -1.5743314728683948,
            -1.5243727729339556
        ],
        [
            4.257995527340366,
            -0.11291566507872162,
            0.028209608633908062
        ],
        [
            3.0376419287256247,
            1.3711245020571432,
            1.57555064554717
        ]
    ],
    "best_conformer_energy": -39.6023435893362,
    "fukui_radical": {
        "1": 0.13141399329471956,
        "2": 0.029368948932078226,
        "3": 0.04305313314349661,
        "4": 0.04261855587962749,
        "5": 0.0265325102368002,
        "6": 0.12512877790086704,
        "7": 0.03881000086955583,
        "8": 0.0027312341880584845,
        "9": 0.011504849259654781,
        "10": 0.028225170586139124,
        "11": 0.026506530767352127,
        "12": 0.015716856251800276,
        "13": 0.017489733076891195,
        "14": 0.13009903266015235,
        "15": 0.07568743445568712,
        "16": 0.07502253213732622,
        "17": 0.033775134818011525,
        "18": 0.051496834454139245,
        "19": 0.05221108469129727,
        "20": 0.04260765241046202
    }
}