{
    "smiles": "O=C1COCCO1",
    "best_conformer_coordinates": [
        [
            2.355607222927514,
            -1.2376678004608865,
            -0.30364422335084285
        ],
        [
            1.305251895412418,
            -0.7003581878226246,
            -0.08308442082981697
        ],
        [
            1.1448752860418707,
            0.8082791701869679,
            -0.23566338286272354
        ],
        [
            -0.09023207213466436,
            1.3539814525584695,
            0.16639714551988574
        ],
        [
            -1.1575815300515404,
            0.5062212595883218,
            -0.18577551819998273
        ],
        [
            -1.000921830056546,
            -0.8108098481155226,
            0.5619246979989885
        ],
        [
            0.23980822366810256,
            -1.4348384537667505,
            0.24925254573923453
        ],
        [
            1.9207956640234012,
            1.3012021288044662,
            0.3545231861183829
        ],
        [
            1.335834945810681,
            1.0298986203735983,
            -1.2993156028299782
        ],
        [
            -1.1709968113480491,
            0.32876435330017323,
            -1.2714105041055188
        ],
        [
            -2.0735560606636185,
            1.0154430363550098,
            0.11430779851833645
        ],
        [
            -1.7744187641456088,
            -1.53248624603307,
            0.29035255136596166
        ],
        [
            -1.034466169483894,
            -0.6276294796763945,
            1.642135721626278
        ]
    ],
    "best_conformer_elements": [
        8,
        6,
        6,
        8,
        6,
        6,
        8,
        1,
        1,
        1,
        1,
        1,
        1
    ],
    "best_conformer_energy": -23.818398734015013,
    "ip": 14.355267631832186,
    "ip_corrected": 9.509267631832186,
    "ea": 2.514718077460075,
    "homo": -0.41204051616542675,
    "lumo": -0.24391414337885528,
    "charges": {
        "1": -0.37787955852227995,
        "2": 0.3469752728219922,
        "3": 0.0443040627378373,
        "4": -0.3015973476695428,
        "5": 0.06887090436718887,
        "6": 0.06012414525217194,
        "7": -0.2410108188058842,
        "8": 0.0883485769322614,
        "9": 0.06323751792463138,
        "10": 0.040712956884099386,
        "11": 0.06861295519026903,
        "12": 0.07129250609780967,
        "13": 0.06800882678944757
    },
    "dipole": [
        -1.4716566236300586,
        0.6294140874531036,
        -0.007162889430820279
    ],
    "global_electrophilicity": 0.5439304000017775,
    "global_nucleophilicity": -9.509267631832186,
    "fukui_electrophilicity": {
        "1": 0.27855716153272925,
        "2": 0.18762500996583253,
        "3": -0.026104397457115923,
        "4": 0.05421494901183582,
        "5": -0.0270800833946669,
        "6": -0.028622469534909017,
        "7": 0.12522492862581164,
        "8": 0.09739806495416363,
        "9": 0.10452156561824769,
        "10": 0.03347028465257936,
        "11": 0.06648228551892625,
        "12": 0.07058397789427111,
        "13": 0.06372872261229728
    },
    "fukui_nucleophilicity": {
        "1": 0.20727136136968977,
        "2": 0.023970951860623313,
        "3": -0.00012500860992234464,
        "4": 0.17337745224257267,
        "5": -0.020027344875696004,
        "6": -0.00798083346237561,
        "7": 0.10456488547025128,
        "8": 0.08399192030521442,
        "9": 0.11424658161059496,
        "10": 0.07789694973342282,
        "11": 0.08067516955402815,
        "12": 0.09630650143704662,
        "13": 0.06583141336455038
    },
    "fukui_radical": {
        "1": 0.2429142614512095,
        "2": 0.10579798091322792,
        "3": -0.013114703033519134,
        "4": 0.11379620062720425,
        "5": -0.023553714135181453,
        "6": -0.018301651498642314,
        "7": 0.11489490704803146,
        "8": 0.09069499262968903,
        "9": 0.10938407361442132,
        "10": 0.055683617193001085,
        "11": 0.07357872753647719,
        "12": 0.08344523966565887,
        "13": 0.06478006798842383
    }
}