{
    "smiles": "O=C1COC(=O)CO1",
    "best_conformer_coordinates": [
        [
            2.2513968340509534,
            1.3495607482342602,
            0.20320019165244146
        ],
        [
            1.2136464228870523,
            0.7774844222926717,
            0.05722947601592185
        ],
        [
            1.0947028418100841,
            -0.730243138886275,
            -0.16508562847913028
        ],
        [
            0.024545408830686,
            -1.3000157557502823,
            0.5717381263163216
        ],
        [
            -1.1496825977530947,
            -0.664068820503143,
            0.5637229271074864
        ],
        [
            -2.1172282574514867,
            -1.1108663636817089,
            1.1019645888156984
        ],
        [
            -1.1313281501906214,
            0.6651078845275286,
            -0.1910772201981366
        ],
        [
            0.04188934077339416,
            1.4178181451159717,
            0.07314197566952509
        ],
        [
            0.9580688331905428,
            -0.917662918755931,
            -1.2397900256672982
        ],
        [
            2.004679793261704,
            -1.229615593738046,
            0.17122590024301854
        ],
        [
            -1.2161666015833588,
            0.45945050462322434,
            -1.2677905816085702
        ],
        [
            -1.9745238625341524,
            1.283050891813595,
            0.12152027013274426
        ]
    ],
    "best_conformer_elements": [
        8,
        6,
        6,
        8,
        6,
        8,
        6,
        8,
        1,
        1,
        1,
        1
    ],
    "best_conformer_energy": -26.868580962139525,
    "ip": 15.077380091252694,
    "ip_corrected": 10.231380091252694,
    "ea": 4.214543785825214,
    "homo": -0.44202859779170384,
    "lumo": -0.27309244698952967,
    "charges": {
        "1": -0.3436072104208942,
        "2": 0.34988914214828176,
        "3": 0.032853805994586434,
        "4": -0.22622921722732575,
        "5": 0.34989922904340404,
        "6": -0.34361618021877094,
        "7": 0.03284345377974505,
        "8": -0.22624138390535115,
        "9": 0.0784680314567193,
        "10": 0.1086294824414803,
        "11": 0.07847191689561679,
        "12": 0.10863893001251289
    },
    "dipole": [
        -0.1320023816880323,
        -0.23491341190322032,
        -1.2840629803949706
    ],
    "global_electrophilicity": 1.0604796925785933,
    "global_nucleophilicity": -10.231380091252694,
    "fukui_electrophilicity": {
        "1": 0.1849522602805253,
        "2": 0.0836331807149277,
        "3": -0.027527774198541168,
        "4": 0.09564441493533421,
        "5": 0.08363133829552699,
        "6": 0.18494927805103567,
        "7": -0.027532740902838637,
        "8": 0.09564258305626666,
        "9": 0.08498721556646449,
        "10": 0.07830991199151839,
        "11": 0.08499708326157346,
        "12": 0.07831324894819076
    },
    "fukui_nucleophilicity": {
        "1": 0.20315259688122972,
        "2": 0.020063235337571872,
        "3": 0.004052215380792666,
        "4": 0.10858017342023157,
        "5": 0.020064571104436102,
        "6": 0.20315823863019994,
        "7": 0.004056377800620868,
        "8": 0.10857763880344035,
        "9": 0.0797183409377536,
        "10": 0.08442551119726899,
        "11": 0.07973175603658851,
        "12": 0.08441934446985629
    },
    "fukui_radical": {
        "1": 0.1940524285808775,
        "2": 0.05184820802624979,
        "3": -0.01173777940887425,
        "4": 0.10211229417778289,
        "5": 0.05184795469998155,
        "6": 0.1940537583406178,
        "7": -0.011738181551108885,
        "8": 0.1021101109298535,
        "9": 0.08235277825210904,
        "10": 0.08136771159439368,
        "11": 0.08236441964908098,
        "12": 0.08136629670902353
    }
}