{
    "smiles": "O=S1(=O)C=CCC1",
    "best_conformer_coordinates": [
        [
            1.9241592558137368,
            0.8983254325976375,
            1.4745361991597088
        ],
        [
            1.3144305304472905,
            0.5282383994558459,
            0.22800604795806548
        ],
        [
            2.145281831833959,
            0.5391941437981865,
            -0.9440359567851098
        ],
        [
            -0.18214701498759045,
            1.4653784954115192,
            -0.08818887335450565
        ],
        [
            -1.176259534144955,
            0.6412683016985002,
            -0.33548507713336
        ],
        [
            -0.8972582225612621,
            -0.8361229027149507,
            -0.29740601813003636
        ],
        [
            0.4374865830177001,
            -1.0722129113730463,
            0.3850652244833946
        ],
        [
            -0.17790428065589442,
            2.535726200543507,
            -0.09269024792072592
        ],
        [
            -2.1783174526157003,
            0.9542740838905062,
            -0.5890818059878062
        ],
        [
            -1.710119346952311,
            -1.3561975019488293,
            0.2135941762586583
        ],
        [
            -0.8742683779570364,
            -1.2001725872823312,
            -1.3286263959732805
        ],
        [
            0.33654913567183736,
            -1.2507600894124018,
            1.4508297545474558
        ],
        [
            1.0383668930902323,
            -1.8469390699559531,
            -0.07651702712248197
        ]
    ],
    "best_conformer_elements": [
        8,
        16,
        8,
        6,
        6,
        6,
        6,
        1,
        1,
        1,
        1,
        1,
        1
    ],
    "best_conformer_energy": -22.952879066806545,
    "ip": 14.302788222697167,
    "ip_corrected": 9.456788222697167,
    "ea": 3.311670410696133,
    "homo": -0.41649305425383687,
    "lumo": -0.25553611595488157,
    "charges": {
        "1": -0.53190054773752,
        "2": 0.9744484522662592,
        "3": -0.5356615981965708,
        "4": -0.12763312092139845,
        "5": -0.02700812246072716,
        "6": -0.07188415096578143,
        "7": -0.14195171270386903,
        "8": 0.08618800115562718,
        "9": 0.07160146089685465,
        "10": 0.07239043878606474,
        "11": 0.07653263388648804,
        "12": 0.07543510772282219,
        "13": 0.07944315827173867
    },
    "dipole": [
        -2.2062320372257953,
        -0.7753107380132442,
        -0.2157471301400458
    ],
    "global_electrophilicity": 0.7138190113076521,
    "global_nucleophilicity": -9.456788222697167,
    "fukui_electrophilicity": {
        "1": 0.05534633055657623,
        "2": 0.17463617271454135,
        "3": 0.057313400909086654,
        "4": 0.08918346125986293,
        "5": 0.1520072236283012,
        "6": -0.03139532006285905,
        "7": -0.03756600118985477,
        "8": 0.11648152828505856,
        "9": 0.12430074164385899,
        "10": 0.08661920894517004,
        "11": 0.08969333665378142,
        "12": 0.055379732932778175,
        "13": 0.06800018372368336
    },
    "fukui_nucleophilicity": {
        "1": 0.09562171358308647,
        "2": 0.2578452160073105,
        "3": 0.09532333018127936,
        "4": 0.02525031578995883,
        "5": 0.025130384842761533,
        "6": -0.017195274442739605,
        "7": 0.0059954930667782125,
        "8": 0.08701652149633336,
        "9": 0.10711218280100418,
        "10": 0.09609228188072683,
        "11": 0.0706799919259593,
        "12": 0.07714127243447799,
        "13": 0.07398657043307486
    },
    "fukui_radical": {
        "1": 0.07548402206983135,
        "2": 0.2162406943609259,
        "3": 0.07631836554518301,
        "4": 0.05721688852491088,
        "5": 0.08856880423553137,
        "6": -0.024295297252799327,
        "7": -0.01578525406153828,
        "8": 0.10174902489069597,
        "9": 0.11570646222243158,
        "10": 0.09135574541294844,
        "11": 0.08018666428987037,
        "12": 0.06626050268362808,
        "13": 0.0709933770783791
    }
}