{
    "smiles": "OCC1(CO)COC1",
    "best_conformer_coordinates": [
        [
            0.14688933773217233,
            1.0806068700768303,
            -1.8627399743688777
        ],
        [
            -0.8015975550582087,
            0.684069566518129,
            -0.8916334143012655
        ],
        [
            -0.10571258424268239,
            -0.10430191044221052,
            0.21729754215145183
        ],
        [
            1.0266509040300298,
            0.7050457084332417,
            0.858210955103563
        ],
        [
            2.160739935343958,
            0.7839398899063094,
            0.040875535053774406
        ],
        [
            0.2801610419112513,
            -1.5449732617862812,
            -0.15715334916617013
        ],
        [
            -0.6927250388066853,
            -2.0775318139176018,
            0.7468075977621845
        ],
        [
            -1.0842252616652936,
            -0.7809554720171561,
            1.1904440235075804
        ],
        [
            -0.30592744003694605,
            1.5366392462920735,
            -2.5790063195395727
        ],
        [
            -1.2869367533438874,
            1.5670460853535255,
            -0.44770749380659536
        ],
        [
            -1.5779015196166932,
            0.055681860774989995,
            -1.3490267887304166
        ],
        [
            1.3538358454661361,
            0.219540188452995,
            1.7818397811949314
        ],
        [
            0.6511512641258173,
            1.710718351578493,
            1.109619164034693
        ],
        [
            1.8636557795655813,
            1.043599610757758,
            -0.842687921224017
        ],
        [
            0.08400291621721472,
            -1.8371911878861302,
            -1.1912650379253562
        ],
        [
            1.2987920387444025,
            -1.82640647992705,
            0.11923514877441123
        ],
        [
            -0.8653732372257875,
            -0.6274634790991928,
            2.251042794139453
        ],
        [
            -2.145479673140354,
            -0.5880637624851656,
            1.0058477626319402
        ]
    ],
    "best_conformer_elements": [
        8,
        6,
        6,
        6,
        8,
        6,
        8,
        6,
        1,
        1,
        1,
        1,
        1,
        1,
        1,
        1,
        1,
        1
    ],
    "best_conformer_energy": -27.96421512212924,
    "ip": 13.682744577702946,
    "ip_corrected": 8.836744577702946,
    "ea": -1.762473402648089,
    "homo": -0.39971162423975354,
    "lumo": -0.04056291774729464,
    "charges": {
        "1": -0.4429016908104274,
        "2": 0.08155502619500116,
        "3": -0.011336212615605884,
        "4": 0.07850182289074886,
        "5": -0.4413956393669471,
        "6": 0.0779326030932149,
        "7": -0.3204673592430218,
        "8": 0.07176370042074504,
        "9": 0.2961049122391916,
        "10": 0.02250577641008049,
        "11": 0.029337905428815123,
        "12": 0.05049149991511579,
        "13": 0.020272498262338026,
        "14": 0.31489980897393766,
        "15": 0.04381685122935153,
        "16": 0.05518029664662742,
        "17": 0.03948249190908186,
        "18": 0.034255708421761205
    },
    "dipole": [
        -1.1210978295416894,
        1.0292784409022828,
        -0.679800066335052
    ],
    "global_electrophilicity": 0.04018389733878254,
    "global_nucleophilicity": -8.836744577702946,
    "fukui_electrophilicity": {
        "1": 0.07714561410728149,
        "2": -0.002237420858429956,
        "3": 0.048188753033191194,
        "4": -0.012719423887883802,
        "5": 0.06533617909274098,
        "6": 0.00763048296035411,
        "7": 0.0888250795522545,
        "8": 0.03779252846295847,
        "9": 0.10194886891992413,
        "10": 0.07063055167378195,
        "11": 0.06337104862704879,
        "12": 0.05605367467180511,
        "13": 0.05505344170912952,
        "14": 0.04142039050676721,
        "15": 0.06899038996622704,
        "16": 0.0713748430061974,
        "17": 0.08327538561237438,
        "18": 0.07791961284429078
    },
    "fukui_nucleophilicity": {
        "1": 0.04092297003219636,
        "2": -0.021498742194370937,
        "3": 0.013166787478057301,
        "4": -0.01759733509769732,
        "5": 0.12231096295245752,
        "6": -0.022773060837574126,
        "7": 0.15658713975669414,
        "8": -0.0249280290628802,
        "9": 0.04239443471439691,
        "10": 0.05918051186350044,
        "11": 0.051801459193690905,
        "12": 0.05654211529764298,
        "13": 0.10164304723654234,
        "14": 0.045035961022869275,
        "15": 0.10373498380309731,
        "16": 0.09460369753863569,
        "17": 0.09812211068541711,
        "18": 0.1007509857245091
    },
    "fukui_radical": {
        "1": 0.059034292069738925,
        "2": -0.011868081526400447,
        "3": 0.030677770255624248,
        "4": -0.015158379492790561,
        "5": 0.09382357102259925,
        "6": -0.007571288938610008,
        "7": 0.12270610965447432,
        "8": 0.006432249700039135,
        "9": 0.07217165181716052,
        "10": 0.0649055317686412,
        "11": 0.057586253910369846,
        "12": 0.056297894984724046,
        "13": 0.07834824447283593,
        "14": 0.043228175764818244,
        "15": 0.08636268688466217,
        "16": 0.08298927027241654,
        "17": 0.09069874814889574,
        "18": 0.08933529928439994
    }
}